0.0063884,0.48915,1.054,1.3991,1.4521,1.2725,0.94418,0.5135,0.00016755,-0.57345,-1.1604,-1.6784,-2.0173,-2.0878,-1.8936,-1.5411,-1.1724,-0.88394,-0.68996,-0.54518,-0.40423,-0.25414,-0.10049,0.057484,0.23165,0.438,0.67838,0.93931,1.183,1.3566,1.4124,1.3297,1.1408,0.9137,0.73227,0.65756,0.71659,0.88446,1.1013,1.2908,1.3853,1.3427,1.1574,0.86458,0.53092,0.23621,0.045109,-0.016768,0.025453,0.10493,0.16188,0.17297,0.16634,0.2067,0.3608,0.63658,0.97589,1.2835,1.4786,1.5295,1.464,1.3484,1.2484,1.2003,1.2043,1.238,1.2741,1.2804,1.2371,1.1314,0.96421,0.75372,0.53403,0.34522,0.21656,0.15642,0.14367,0.1568,0.1779,0.20025
0.0085365,0.47797,1.0259,1.3626,1.4238,1.2701,0.98201,0.60168,0.1404,-0.39224,-0.96278,-1.4926,-1.863,-1.9755,-1.8254,-1.5115,-1.1672,-0.88507,-0.68253,-0.52325,-0.36978,-0.212,-0.055475,0.10004,0.2663,0.45861,0.68202,0.9256,1.1553,1.32,1.3727,1.2946,1.1203,0.91598,0.76055,0.70779,0.77793,0.94438,1.1513,1.3303,1.4187,1.3799,1.2035,0.91788,0.58463,0.2727,0.055295,-0.031285,-0.0066207,0.072881,0.13918,0.16433,0.1726,0.22533,0.38021,0.64766,0.97143,1.2594,1.4335,1.4671,1.3909,1.2749,1.1881,1.1653,1.2014,1.2676,1.3286,1.358,1.3336,1.2447,1.0942,0.89931,0.68861,0.49436,0.3415,0.23656,0.1767,0.14446,0.12598,0.11558
0.017835,0.46195,0.97731,1.2971,1.3681,1.2511,1.0197,0.70976,0.32306,-0.14504,-0.67634,-1.198,-1.5893,-1.7499,-1.6693,-1.4259,-1.1324,-0.87076,-0.66263,-0.48597,-0.3169,-0.15132,0.0049524,0.15231,0.30212,0.46949,0.66548,0.88195,1.089,1.2384,1.2807,1.2076,1.0523,0.88324,0.7649,0.74558,0.83014,0.99242,1.1802,1.3369,1.4126,1.3711,1.2051,0.93404,0.60219,0.27831,0.02835,-0.097921,-0.096862,-0.022007,0.062848,0.12041,0.1629,0.24036,0.40118,0.65192,0.94231,1.191,1.3303,1.3398,1.2562,1.1518,1.0941,1.1119,1.1912,1.2954,1.3882,1.4395,1.4367,1.3761,1.2617,1.1034,0.91757,0.72523,0.54659,0.39526,0.2723,0.17582,0.1014,0.048402
0.030151,0.44952,0.9329,1.2352,1.3118,1.2229,1.0347,0.77691,0.44676,0.030581,-0.46136,-0.95994,-1.3503,-1.5392,-1.5115,-1.3305,-1.0861,-0.84717,-0.6379,-0.44883,-0.26859,-0.098551,0.055778,0.19547,0.3298,0.47374,0.64006,0.82721,1.0106,1.1453,1.1859,1.1219,0.98526,0.83991,0.7466,0.74471,0.83565,0.9926,1.1679,1.3118,1.3776,1.3347,1.1715,0.90343,0.57209,0.2374,-0.03073,-0.17673,-0.1896,-0.11448,-0.015642,0.066205,0.1363,0.2336,0.39908,0.63419,0.89392,1.1078,1.2183,1.2127,1.1289,1.039,1.0073,1.0574,1.1699,1.3032,1.4166,1.486,1.4974,1.4521,1.3588,1.2274,1.0673,0.88892,0.7049,0.52766,0.36793,0.22945,0.11514,0.028532
0.054456,0.43283,0.86406,1.1353,1.216,1.1631,1.0313,0.83945,0.58033,0.23309,-0.19698,-0.64783,-1.018,-1.2284,-1.2655,-1.1699,-0.99807,-0.79505,-0.58557,-0.38065,-0.18805,-0.015403,0.13273,0.25747,0.36764,0.47659,0.59744,0.73695,0.88023,0.98934,1.0277,0.97829,0.86999,0.75619,0.69344,0.71133,0.80993,0.95962,1.1188,1.242,1.291,1.2388,1.076,0.81469,0.48975,0.15344,-0.12507,-0.28564,-0.31077,-0.23393,-0.12091,-0.01456,0.083745,0.20172,0.36478,0.57211,0.78537,0.94864,1.0201,0.99786,0.92565,0.87099,0.8862,0.98119,1.1279,1.2839,1.4135,1.4936,1.5212,1.5017,1.4427,1.3483,1.22,1.0612,0.87951,0.6851,0.49311,0.31414,0.15644,0.02749
0.087308,0.41721,0.78528,1.0163,1.0955,1.0751,0.9949,0.8619,0.66449,0.38165,0.01726,-0.37252,-0.70275,-0.91583,-1.0043,-0.98829,-0.88951,-0.72469,-0.51644,-0.29676,-0.094094,0.077339,0.21522,0.32231,0.4063,0.47871,0.5556,0.6461,0.74325,0.81819,0.84066,0.80006,0.7197,0.6436,0.6148,0.65355,0.75615,0.89528,1.0344,1.1349,1.1651,1.1035,0.94394,0.69818,0.39357,0.077319,-0.19414,-0.3631,-0.39943,-0.32945,-0.20612,-0.076215,0.045775,0.17231,0.31822,0.48012,0.63214,0.73783,0.77275,0.7451,0.69829,0.68876,0.75446,0.89371,1.0725,1.2471,1.382,1.4642,1.4924,1.4792,1.4384,1.375,1.2837,1.1569,0.99268,0.79863,0.59082,0.38441,0.19385,0.030796
0.11659,0.40675,0.72062,0.9154,0.9888,0.98939,0.94336,0.84878,0.69013,0.4504,0.13572,-0.20231,-0.49348,-0.69707,-0.81223,-0.84872,-0.80189,-0.66496,-0.4585,-0.2298,-0.021321,0.14842,0.2782,0.37185,0.43546,0.48019,0.52484,0.5785,0.63794,0.68296,0.68656,0.64889,0.5887,0.54396,0.54231,0.59863,0.70286,0.83198,0.95387,1.0383,1.0568,0.99396,0.84145,0.61027,0.32957,0.035062,-0.21768,-0.3772,-0.41661,-0.34949,-0.2255,-0.089835,0.037007,0.15779,0.27913,0.39843,0.49902,0.55879,0.56737,0.54027,0.52221,0.55695,0.66579,0.83457,1.026,1.2,1.3293,1.4002,1.4216,1.4108,1.3823,1.3387,1.2706,1.1659,1.0192,0.83718,0.63002,0.41648,0.21259,0.031007
0.16036,0.39445,0.63012,0.76814,0.82639,0.84872,0.84114,0.78846,0.6719,0.48177,0.23165,-0.033905,-0.26481,-0.44231,-0.57676,-0.66795,-0.68089,-0.57883,-0.37723,-0.14096,0.072171,0.23923,0.35871,0.43411,0.4699,0.47672,0.47272,0.47276,0.4806,0.48553,0.47141,0.4394,0.40544,0.39593,0.42673,0.50513,0.61547,0.73601,0.83731,0.89727,0.89967,0.83399,0.70263,0.51408,0.28458,0.042073,-0.17567,-0.32028,-0.35952,-0.29883,-0.18006,-0.04855,0.069747,0.16654,0.24296,0.2972,0.32233,0.31515,0.28652,0.26788,0.2914,0.38531,0.54786,0.75088,0.95485,1.124,1.2351,1.2855,1.2852,1.258,1.2255,1.1943,1.1534,1.0846,0.97449,0.81843,0.63263,0.42807,0.21943,0.01976
0.19527,0.38594,0.56,0.6508,0.69194,0.72438,0.73983,0.71049,0.61811,0.45954,0.25435,0.043994,-0.13682,-0.28736,-0.42507,-0.54368,-0.59043,-0.51077,-0.31526,-0.076859,0.13698,0.29922,0.40881,0.4694,0.4841,0.46227,0.4194,0.37833,0.34762,0.32349,0.30026,0.27461,0.26088,0.27359,0.32598,0.41537,0.52973,0.64564,0.74003,0.79125,0.78896,0.72615,0.61161,0.45744,0.27347,0.08102,-0.097255,-0.22346,-0.26134,-0.2092,-0.09616,0.031988,0.13944,0.21,0.23984,0.23203,0.19326,0.13692,0.08771,0.078966,0.14151,0.27947,0.47324,0.68789,0.88675,1.0404,1.1308,1.1575,1.1365,1.0958,1.0601,1.037,1.014,0.96881,0.88359,0.75753,0.58855,0.39454,0.19214,-0.0046163
0.24193,0.37521,0.46553,0.48844,0.50012,0.53814,0.57513,0.567,0.49677,0.3724,0.22222,0.084092,-0.027344,-0.13447,-0.26385,-0.40063,-0.47578,-0.41755,-0.23048,0.0049313,0.21177,0.36,0.44971,0.48487,0.46819,0.40811,0.32166,0.23239,0.15437,0.089804,0.044398,0.022758,0.035887,0.086153,0.17293,0.28145,0.39956,0.50802,0.59163,0.63778,0.63694,0.59755,0.52134,0.41733,0.29825,0.1633,0.036098,-0.053821,-0.079667,-0.027735,0.075176,0.18671,0.26826,0.29754,0.26671,0.18151,0.060566,-0.062792,-0.14361,-0.14123,-0.039018,0.14466,0.36934,0.5923,0.77968,0.90869,0.96824,0.96145,0.90697,0.83679,0.78153,0.75429,0.74547,0.73182,0.69079,0.60561,0.48522,0.33273,0.15732,-0.031421
0.28519,0.36306,0.37145,0.32517,0.30107,0.33562,0.38378,0.38658,0.32771,0.22928,0.13048,0.062837,0.021209,-0.036676,-0.14448,-0.28155,-0.36912,-0.3238,-0.14615,0.078135,0.26799,0.39361,0.45601,0.45955,0.40809,0.30908,0.18234,0.048048,-0.077277,-0.18282,-0.25642,-0.27513,-0.23257,-0.13479,-0.0073275,0.13368,0.26434,0.37081,0.44035,0.47049,0.47081,0.4484,0.42019,0.38761,0.3393,0.2753,0.19998,0.14141,0.13214,0.18191,0.27132,0.36059,0.41145,0.39942,0.31384,0.16525,-0.019484,-0.19369,-0.29916,-0.2912,-0.16586,0.037405,0.26535,0.47367,0.63419,0.73143,0.75885,0.72146,0.63987,0.54682,0.47551,0.44323,0.44346,0.45277,0.44573,0.40834,0.32943,0.2177,0.081206,-0.073363
0.31318,0.35135,0.30205,0.20565,0.15294,0.17943,0.22919,0.23394,0.17805,0.094761,0.032622,0.016657,0.026127,0.0076779,-0.076929,-0.20527,-0.29336,-0.25428,-0.087586,0.1221,0.2942,0.39857,0.43693,0.41518,0.33667,0.2071,0.045333,-0.12817,-0.29283,-0.42764,-0.51107,-0.51629,-0.44189,-0.30896,-0.15204,0.0042703,0.13936,0.24295,0.30918,0.34073,0.34919,0.34794,0.35116,0.35942,0.35883,0.3412,0.30604,0.2744,0.27812,0.32564,0.40684,0.48557,0.52121,0.48439,0.36921,0.18213,-0.043572,-0.25085,-0.37265,-0.36741,-0.23827,-0.034319,0.184,0.37272,0.50877,0.58236,0.59127,0.53866,0.44228,0.33181,0.24186,0.19635,0.19652,0.22244,0.24584,0.2417,0.20474,0.13078,0.024318,-0.10794
0.34168,0.33063,0.21106,0.054057,-0.036103,-0.02532,0.019943,0.021345,-0.035053,-0.10026,-0.1159,-0.065896,0.008254,0.041147,-0.0076119,-0.11503,-0.19676,-0.16584,-0.019147,0.16379,0.3063,0.37966,0.38542,0.32975,0.21195,0.037182,-0.17966,-0.41273,-0.6325,-0.80261,-0.88245,-0.8532,-0.72568,-0.54515,-0.35058,-0.17818,-0.039255,0.058917,0.12075,0.15518,0.17417,0.20347,0.24794,0.30414,0.36124,0.39476,0.41026,0.42188,0.44606,0.5003,0.56773,0.61931,0.62344,0.55909,0.41359,0.2041,-0.03447,-0.2477,-0.37591,-0.37957,-0.27491,-0.10849,0.067464,0.21551,0.31625,0.3625,0.35273,0.29141,0.19103,0.074792,-0.027433,-0.089726,-0.10179,-0.073435,-0.028159,0.0088814,0.018495,-0.0043566,-0.059998,-0.14588
0.35746,0.30192,0.12137,-0.086094,-0.20915,-0.2162,-0.17945,-0.18311,-0.2384,-0.28477,-0.25682,-0.1488,-0.018918,0.059232,0.046674,-0.034097,-0.10393,-0.080915,0.041797,0.1933,0.30241,0.3419,0.31281,0.21937,0.059562,-0.16236,-0.43362,-0.72355,-0.99365,-1.1932,-1.2672,-1.1961,-1.0116,-0.77512,-0.54154,-0.34427,-0.1975,-0.10422,-0.05707,-0.040718,-0.024114,0.014992,0.098849,0.21666,0.33377,0.43121,0.49179,0.52699,0.56194,0.60297,0.65164,0.68617,0.67728,0.6007,0.45262,0.24126,0.0018606,-0.20963,-0.33604,-0.35414,-0.27648,-0.15368,-0.032386,0.061539,0.12018,0.14274,0.12819,0.074336,-0.017638,-0.13419,-0.24813,-0.32806,-0.35381,-0.32686,-0.26776,-0.20063,-0.15148,-0.13266,-0.1463,-0.18923
0.35965,0.27373,0.054824,-0.18213,-0.32458,-0.34415,-0.31462,-0.31993,-0.36917,-0.39739,-0.3387,-0.19516,-0.032681,0.073171,0.085632,0.025704,-0.033123,-0.015732,0.086601,0.2118,0.29391,0.3056,0.24744,0.12371,-0.06537,-0.31786,-0.62128,-0.94762,-1.2509,-1.4678,-1.5338,-1.4259,-1.1931,-0.9137,-0.65569,-0.44953,-0.3082,-0.22695,-0.19219,-0.18156,-0.16335,-0.1119,-0.010428,0.13068,0.28197,0.4139,0.51005,0.57251,0.61424,0.65007,0.68058,0.69259,0.66597,0.58396,0.44073,0.24849,0.037427,-0.14836,-0.26632,-0.29428,-0.25443,-0.18152,-0.10873,-0.054245,-0.023099,-0.014777,-0.030412,-0.072201,-0.14673,-0.24927,-0.3611,-0.45342,-0.4996,-0.48889,-0.4316,-0.35253,-0.27807,-0.22371,-0.19797,-0.2034
0.34848,0.22572,-0.033811,-0.29708,-0.45561,-0.48837,-0.46724,-0.46848,-0.49793,-0.49306,-0.39518,-0.2158,-0.024451,0.10771,0.14812,0.11534,0.070193,0.077432,0.1486,0.23385,0.27612,0.2499,0.15503,-0.0038892,-0.22366,-0.505,-0.83847,-1.2,-1.5346,-1.7589,-1.7944,-1.6289,-1.3384,-1.0226,-0.75057,-0.55202,-0.42996,-0.37086,-0.35526,-0.35347,-0.33773,-0.27559,-0.15784,0.0075231,0.19574,0.36902,0.5053,0.59358,0.63657,0.65258,0.6507,0.63227,0.5887,0.51034,0.38745,0.22996,0.060291,-0.088868,-0.1874,-0.22702,-0.21954,-0.19646,-0.18254,-0.18622,-0.2015,-0.21818,-0.23089,-0.25357,-0.29971,-0.37871,-0.48166,-0.58083,-0.64253,-0.64563,-0.5927,-0.50304,-0.40615,-0.32373,-0.26591,-0.23485
0.329,0.18122,-0.10077,-0.37368,-0.53664,-0.57548,-0.55717,-0.54911,-0.5542,-0.51703,-0.3905,-0.19271,0.0093367,0.15259,0.20925,0.19359,0.15636,0.15299,0.19648,0.24774,0.25836,0.205,0.086898,-0.090745,-0.32362,-0.61357,-0.9554,-1.3267,-1.666,-1.879,-1.8807,-1.6766,-1.3624,-1.0418,-0.7767,-0.59172,-0.4843,-0.44265,-0.4431,-0.45864,-0.45371,-0.39761,-0.27098,-0.083279,0.12982,0.33222,0.4878,0.58071,0.61622,0.6047,0.57201,0.53211,0.48355,0.41296,0.31764,0.19342,0.057046,-0.063506,-0.14479,-0.18533,-0.19966,-0.21467,-0.24617,-0.29202,-0.33786,-0.36883,-0.38382,-0.3878,-0.40776,-0.46293,-0.5525,-0.65217,-0.72514,-0.74179,-0.69535,-0.60504,-0.49382,-0.38662,-0.29884,-0.23762
0.28808,0.11062,-0.19171,-0.46586,-0.62316,-0.66311,-0.64273,-0.61287,-0.57491,-0.48676,-0.32335,-0.11095,0.094062,0.24242,0.31222,0.31361,0.28276,0.26109,0.26306,0.2659,0.23461,0.14844,0.0056666,-0.18543,-0.41946,-0.69793,-1.0224,-1.3748,-1.693,-1.8721,-1.8318,-1.5969,-1.2752,-0.96936,-0.73236,-0.58052,-0.50808,-0.50026,-0.52945,-0.56533,-0.57103,-0.5167,-0.38702,-0.19213,0.035668,0.25406,0.42599,0.52614,0.54603,0.50536,0.42972,0.34702,0.27368,0.21201,0.14802,0.079827,0.0072417,-0.063022,-0.12169,-0.16336,-0.20478,-0.25933,-0.33584,-0.429,-0.51986,-0.58532,-0.61021,-0.60781,-0.60211,-0.62058,-0.6734,-0.74577,-0.80553,-0.82144,-0.78017,-0.68658,-0.57103,-0.45248,-0.34467,-0.25433
0.2302,0.027018,-0.28579,-0.54819,-0.68804,-0.72142,-0.69159,-0.6314,-0.54054,-0.39723,-0.19955,0.020117,0.21873,0.36252,0.43641,0.44703,0.41541,0.36996,0.32826,0.28377,0.21452,0.1029,-0.0541,-0.24687,-0.46607,-0.71091,-0.98736,-1.2833,-1.5442,-1.6713,-1.6001,-1.364,-1.0656,-0.79823,-0.60816,-0.50483,-0.48179,-0.51626,-0.58231,-0.64018,-0.65581,-0.5994,-0.46594,-0.27068,-0.043333,0.17517,0.34436,0.43085,0.42344,0.33607,0.21209,0.098434,0.02178,-0.02199,-0.044697,-0.07102,-0.10699,-0.14494,-0.17644,-0.20911,-0.25365,-0.3319,-0.45089,-0.59677,-0.73965,-0.84586,-0.89629,-0.88825,-0.85151,-0.8237,-0.82838,-0.86149,-0.89517,-0.89564,-0.84381,-0.74829,-0.61998,-0.48384,-0.35635,-0.2458
0.17615,-0.043862,-0.35883,-0.60511,-0.7264,-0.74907,-0.70752,-0.62074,-0.48703,-0.30261,-0.082297,0.14013,0.32964,0.46497,0.53764,0.55026,0.51395,0.44905,0.37542,0.2976,0.20321,0.077441,-0.083307,-0.2694,-0.4686,-0.67814,-0.905,-1.1413,-1.3398,-1.42,-1.3327,-1.1121,-0.85238,-0.6309,-0.48725,-0.42646,-0.44053,-0.50626,-0.59544,-0.66951,-0.69327,-0.64178,-0.51125,-0.31997,-0.10009,0.10859,0.26496,0.33477,0.30288,0.18795,0.033465,-0.10716,-0.19768,-0.2333,-0.23566,-0.22674,-0.22267,-0.22839,-0.24323,-0.26826,-0.32193,-0.41741,-0.55999,-0.73803,-0.92202,-1.072,-1.1505,-1.1544,-1.103,-1.0364,-0.98788,-0.9657,-0.95346,-0.92484,-0.86131,-0.75766,-0.6321,-0.49804,-0.36703,-0.24574
0.090955,-0.14778,-0.46027,-0.6783,-0.7682,-0.77103,-0.71014,-0.58374,-0.3938,-0.15858,0.087611,0.3097,0.48417,0.60419,0.6701,0.68128,0.63771,0.54957,0.43777,0.31921,0.19382,0.051705,-0.10956,-0.27854,-0.43923,-0.58874,-0.73786,-0.88681,-1.0004,-1.0231,-0.92169,-0.73276,-0.53355,-0.3834,-0.30846,-0.31063,-0.37574,-0.48355,-0.59944,-0.69127,-0.72443,-0.68084,-0.55948,-0.37952,-0.17565,0.013059,0.14349,0.18024,0.11189,-0.043902,-0.23268,-0.39248,-0.48341,-0.50458,-0.4797,-0.44374,-0.41574,-0.3983,-0.38915,-0.39728,-0.44098,-0.54471,-0.71842,-0.94846,-1.1979,-1.4142,-1.5477,-1.5656,-1.4846,-1.354,-1.2244,-1.1216,-1.0422,-0.96634,-0.8749,-0.76253,-0.63046,-0.48903,-0.34828,-0.21562
0.018496,-0.23212,-0.53864,-0.73274,-0.79684,-0.78182,-0.70361,-0.54763,-0.31924,-0.051956,0.20999,0.42978,0.59224,0.69926,0.75746,0.76548,0.71736,0.61604,0.48132,0.33656,0.18998,0.03716,-0.12146,-0.27215,-0.39758,-0.49625,-0.5832,-0.66713,-0.72532,-0.7161,-0.61498,-0.45614,-0.30164,-0.20146,-0.17398,-0.22076,-0.32577,-0.4668,-0.60991,-0.71873,-0.75993,-0.71561,-0.59375,-0.42136,-0.23322,-0.067268,0.039457,0.054255,-0.036921,-0.21302,-0.42014,-0.59165,-0.68358,-0.69558,-0.65802,-0.60894,-0.5686,-0.53837,-0.51481,-0.50946,-0.54372,-0.64731,-0.83507,-1.0967,-1.3952,-1.6708,-1.8529,-1.8978,-1.8031,-1.6202,-1.4157,-1.2351,-1.0903,-0.97002,-0.85631,-0.73456,-0.60456,-0.46846,-0.33117,-0.19731
-0.087151,-0.35145,-0.64583,-0.80672,-0.83527,-0.79501,-0.69276,-0.50033,-0.22831,0.073123,0.34947,0.56498,0.71148,0.80159,0.8486,0.85119,0.79757,0.68293,0.52399,0.34935,0.1784,0.016599,-0.13121,-0.25013,-0.32511,-0.35671,-0.36507,-0.36953,-0.36699,-0.32981,-0.24604,-0.13547,-0.040287,0.0029586,-0.024528,-0.11978,-0.27319,-0.4565,-0.63883,-0.77359,-0.82589,-0.78198,-0.65907,-0.49371,-0.32276,-0.18056,-0.099898,-0.10931,-0.22116,-0.41223,-0.62897,-0.80529,-0.89729,-0.90454,-0.86358,-0.80756,-0.75628,-0.71143,-0.67079,-0.64371,-0.66412,-0.76619,-0.96835,-1.2636,-1.616,-1.9603,-2.2121,-2.2885,-2.1731,-1.9231,-1.6283,-1.3569,-1.1361,-0.96153,-0.81555,-0.68318,-0.55091,-0.41588,-0.28025,-0.148
-0.20031,-0.47443,-0.75456,-0.8834,-0.87794,-0.81248,-0.68654,-0.46397,-0.1591,0.16601,0.45032,0.65971,0.79204,0.86659,0.90305,0.90059,0.84289,0.71753,0.5374,0.33714,0.14817,-0.014638,-0.14332,-0.22486,-0.24939,-0.22115,-0.16462,-0.10524,-0.053284,0.00043314,0.06257,0.12356,0.1576,0.142,0.063691,-0.076067,-0.26611,-0.48373,-0.69069,-0.84592,-0.91077,-0.87618,-0.75922,-0.59731,-0.43268,-0.29774,-0.22661,-0.24682,-0.36355,-0.55547,-0.76333,-0.92323,-1.0004,-1.006,-0.97083,-0.93176,-0.89925,-0.86286,-0.81296,-0.76513,-0.75942,-0.83936,-1.0317,-1.3342,-1.7138,-2.104,-2.4044,-2.5194,-2.407,-2.1186,-1.7573,-1.4116,-1.1252,-0.90434,-0.73457,-0.5952,-0.46918,-0.34494,-0.21723,-0.086724
-0.28813,-0.56746,-0.83518,-0.94279,-0.91418,-0.83069,-0.68855,-0.44767,-0.12567,0.20987,0.49568,0.69883,0.81991,0.88273,0.91148,0.90636,0.84797,0.71743,0.5242,0.3073,0.10771,-0.052118,-0.16249,-0.21383,-0.20137,-0.13261,-0.034841,0.062379,0.14079,0.19766,0.24,0.2638,0.25616,0.20092,0.090401,-0.078587,-0.29277,-0.53261,-0.75834,-0.92929,-1.0053,-0.97256,-0.85151,-0.68586,-0.51893,-0.38697,-0.31569,-0.32681,-0.4299,-0.5963,-0.78025,-0.92688,-1.0048,-1.0174,-1.0038,-0.98288,-0.95955,-0.92321,-0.86717,-0.80596,-0.78541,-0.85163,-1.0312,-1.3232,-1.6966,-2.0874,-2.4019,-2.5292,-2.4237,-2.1308,-1.7536,-1.3849,-1.0752,-0.83608,-0.65601,-0.51406,-0.39074,-0.2724,-0.15297,-0.032269
-0.4066,-0.68989,-0.94019,-1.0225,-0.9678,-0.86262,-0.70212,-0.4448,-0.10995,0.23169,0.51503,0.70687,0.81016,0.85516,0.87306,0.86762,0.81378,0.68212,0.47511,0.23655,0.022068,-0.13287,-0.21607,-0.22635,-0.16365,-0.043498,0.10513,0.24325,0.34269,0.39112,0.39514,0.36595,0.30798,0.21357,0.072398,-0.1223,-0.36394,-0.6298,-0.8837,-1.0758,-1.1647,-1.1328,-1.0038,-0.82396,-0.641,-0.49029,-0.39959,-0.38832,-0.45655,-0.58648,-0.73009,-0.84039,-0.89734,-0.91836,-0.92373,-0.93851,-0.95667,-0.95169,-0.90457,-0.83422,-0.7873,-0.81687,-0.95462,-1.2014,-1.5292,-1.8814,-2.169,-2.304,-2.2276,-1.9667,-1.611,-1.252,-0.945,-0.70657,-0.52812,-0.39044,-0.27364,-0.16181,-0.04822,0.066402
-0.5235,-0.80722,-1.0402,-1.101,-1.0253,-0.90166,-0.72776,-0.46274,-0.12495,0.21566,0.49213,0.66885,0.74994,0.77275,0.77799,0.77543,0.73163,0.60195,0.37986,0.11541,-0.11771,-0.26751,-0.31812,-0.27672,-0.15897,0.010448,0.19825,0.36211,0.46722,0.50036,0.46483,0.38586,0.28085,0.1523,-0.013207,-0.2232,-0.47949,-0.76157,-1.033,-1.2412,-1.3395,-1.309,-1.1709,-0.97369,-0.76853,-0.59244,-0.46963,-0.41318,-0.42574,-0.48709,-0.56879,-0.64269,-0.69587,-0.73091,-0.77289,-0.82228,-0.86665,-0.8815,-0.85055,-0.7863,-0.73268,-0.73917,-0.83382,-1.0172,-1.2648,-1.5301,-1.7498,-1.8539,-1.8001,-1.6021,-1.32,-1.022,-0.75515,-0.53917,-0.37304,-0.24403,-0.13391,-0.032731,0.066372,0.16604
-0.60825,-0.89041,-1.11,-1.1567,-1.069,-0.93376,-0.75361,-0.4889,-0.15446,0.1819,0.45118,0.61448,0.67543,0.6776,0.67183,0.67214,0.63772,0.51051,0.27565,-0.011852,-0.26219,-0.40783,-0.42942,-0.3435,-0.18272,0.01971,0.22634,0.39986,0.50583,0.5278,0.47126,0.36189,0.22551,0.070192,-0.11219,-0.33283,-0.59364,-0.88009,-1.1548,-1.3679,-1.4702,-1.438,-1.2927,-1.0851,-0.86395,-0.66672,-0.5119,-0.41236,-0.37334,-0.38534,-0.42496,-0.46801,-0.5044,-0.54398,-0.59591,-0.66692,-0.74179,-0.78949,-0.78532,-0.73483,-0.68248,-0.67166,-0.72912,-0.85488,-1.0279,-1.2129,-1.3643,-1.4372,-1.4011,-1.2574,-1.041,-0.80076,-0.57806,-0.39456,-0.25141,-0.13617,-0.035416,0.064619,0.16751,0.2687
-0.7155,-0.99303,-1.1938,-1.2239,-1.1233,-0.9767,-0.79361,-0.53603,-0.21213,0.11508,0.37271,0.51424,0.54253,0.51229,0.48904,0.49258,0.4719,0.34968,0.097599,-0.22438,-0.50262,-0.6444,-0.62496,-0.47811,-0.2594,-0.016633,0.21029,0.39058,0.49454,0.50177,0.42133,0.28051,0.1118,-0.06937,-0.26729,-0.49601,-0.75869,-1.044,-1.3168,-1.5292,-1.629,-1.5963,-1.4473,-1.2302,-0.99404,-0.76574,-0.56402,-0.4029,-0.29239,-0.23045,-0.20736,-0.20938,-0.22994,-0.27049,-0.34115,-0.43742,-0.5414,-0.62266,-0.65515,-0.63983,-0.60073,-0.57776,-0.5932,-0.64686,-0.72287,-0.79961,-0.85711,-0.87526,-0.84161,-0.7549,-0.62687,-0.47809,-0.32976,-0.19618,-0.081653,0.016982,0.11105,0.20418,0.29717,0.38717
-0.78988,-1.0629,-1.2494,-1.2677,-1.1585,-1.0058,-0.8236,-0.57625,-0.26384,0.054682,0.30225,0.42448,0.42425,0.36569,0.32704,0.33308,0.32392,0.20603,-0.059863,-0.41047,-0.71392,-0.85651,-0.80762,-0.61482,-0.3512,-0.077694,0.16485,0.34693,0.44348,0.43813,0.34262,0.18706,0.0081042,-0.18065,-0.38429,-0.61787,-0.88375,-1.1655,-1.4321,-1.6326,-1.7235,-1.6821,-1.5307,-1.3154,-1.0767,-0.83788,-0.6118,-0.41014,-0.24643,-0.12936,-0.057985,-0.026711,-0.030639,-0.069298,-0.14361,-0.24836,-0.36819,-0.47673,-0.54678,-0.56518,-0.55217,-0.5297,-0.51583,-0.51462,-0.5196,-0.52147,-0.51067,-0.49081,-0.45595,-0.40184,-0.32676,-0.23543,-0.1383,-0.045527,0.039659,0.12355,0.20774,0.29949,0.3964,0.4892
-0.87947,-1.1459,-1.3125,-1.3148,-1.1941,-1.0354,-0.85854,-0.62862,-0.3354,-0.029873,0.20162,0.2935,0.24867,0.14613,0.085084,0.097098,0.10773,-0.001727,-0.2872,-0.681,-1.0246,-1.1724,-1.0851,-0.8294,-0.50637,-0.19404,0.065844,0.24544,0.32801,0.31066,0.20434,0.044892,-0.1353,-0.32622,-0.53553,-0.7715,-1.0321,-1.2992,-1.5397,-1.7131,-1.7845,-1.7408,-1.6035,-1.4086,-1.1842,-0.94372,-0.6907,-0.4381,-0.20892,-0.022624,0.10844,0.18244,0.20276,0.17421,0.099659,-0.014424,-0.1539,-0.29431,-0.40705,-0.47508,-0.49539,-0.4835,-0.45058,-0.39795,-0.3236,-0.23232,-0.14066,-0.061882,-0.010826,0.014632,0.028808,0.047561,0.079511,0.12555,0.18385,0.25228,0.33501,0.42628,0.51938,0.60507
-0.95701,-1.2169,-1.363,-1.3472,-1.2137,-1.0495,-0.88024,-0.67076,-0.39934,-0.1097,0.10234,0.15713,0.059481,-0.092695,-0.17655,-0.15203,-0.11232,-0.2064,-0.50925,-0.94887,-1.3373,-1.493,-1.3669,-1.0505,-0.67571,-0.33684,-0.07594,0.093832,0.17042,0.15829,0.067798,-0.074801,-0.24848,-0.44275,-0.65802,-0.893,-1.1396,-1.3828,-1.5927,-1.7398,-1.792,-1.7475,-1.6244,-1.4562,-1.2625,-1.0383,-0.77667,-0.48767,-0.2044,0.040761,0.22171,0.33031,0.37124,0.35588,0.28797,0.17723,0.032634,-0.13005,-0.28608,-0.40674,-0.4748,-0.48427,-0.43771,-0.34158,-0.20614,-0.048619,0.10695,0.22789,0.29859,0.31824,0.30285,0.27627,0.25923,0.26383,0.29447,0.35364,0.43183,0.52488,0.62258,0.71191
-1.0065,-1.2619,-1.3925,-1.362,-1.2168,-1.0476,-0.88461,-0.69078,-0.43678,-0.1611,0.03241,0.054291,-0.087596,-0.27993,-0.37907,-0.33897,-0.26939,-0.34421,-0.65331,-1.1226,-1.5443,-1.7097,-1.5606,-1.2055,-0.8003,-0.44987,-0.1951,-0.034735,0.042876,0.045816,-0.017121,-0.13503,-0.29683,-0.49191,-0.71165,-0.94863,-1.1891,-1.4167,-1.6061,-1.7293,-1.7647,-1.7125,-1.5997,-1.4579,-1.2956,-1.0931,-0.83496,-0.53207,-0.2195,0.052213,0.25743,0.38834,0.44962,0.44618,0.39264,0.28883,0.13963,-0.040781,-0.22568,-0.38026,-0.48054,-0.50959,-0.46482,-0.35068,-0.18021,0.020894,0.21444,0.36871,0.45463,0.47035,0.43676,0.38546,0.34477,0.33224,0.35451,0.40717,0.4924,0.59341,0.69464,0.78044
-1.0602,-1.3102,-1.4215,-1.369,-1.2054,-1.0271,-0.86947,-0.69547,-0.46532,-0.21315,-0.052488,-0.081158,-0.28696,-0.53313,-0.64617,-0.57328,-0.45041,-0.484,-0.78245,-1.2734,-1.7319,-1.9192,-1.7608,-1.3794,-0.94996,-0.59079,-0.34108,-0.18836,-0.10388,-0.071673,-0.088922,-0.16493,-0.30384,-0.4965,-0.72695,-0.97151,-1.2104,-1.4199,-1.582,-1.6732,-1.6849,-1.6273,-1.533,-1.428,-1.308,-1.1454,-0.90824,-0.60071,-0.26948,0.035425,0.26988,0.41947,0.49049,0.49901,0.45148,0.35573,0.21297,0.028797,-0.1772,-0.37044,-0.50995,-0.56756,-0.53259,-0.41046,-0.21882,0.01256,0.24353,0.4276,0.53693,0.56511,0.53099,0.46852,0.41177,0.38442,0.39711,0.45223,0.53839,0.64311,0.75062,0.84432
-1.0986,-1.3445,-1.4389,-1.3634,-1.1771,-0.98448,-0.82649,-0.66778,-0.46188,-0.24088,-0.12335,-0.21146,-0.48425,-0.77983,-0.8954,-0.77424,-0.58175,-0.55528,-0.8183,-1.3025,-1.7794,-1.9953,-1.857,-1.48,-1.0481,-0.68812,-0.4417,-0.2895,-0.1905,-0.11856,-0.081682,-0.11207,-0.23213,-0.4353,-0.6904,-0.95602,-1.1969,-1.3901,-1.5234,-1.5882,-1.5845,-1.5253,-1.4413,-1.3566,-1.2658,-1.1349,-0.92893,-0.64585,-0.32418,-0.025366,0.21036,0.36694,0.44876,0.46633,0.43433,0.35285,0.21958,0.03676,-0.17903,-0.39351,-0.56454,-0.65469,-0.64399,-0.53077,-0.3317,-0.081607,0.17181,0.38122,0.51148,0.55523,0.53094,0.47177,0.41248,0.38066,0.39294,0.45306,0.54975,0.67048,0.79437,0.89867
-1.117,-1.3605,-1.4436,-1.3504,-1.1448,-0.9376,-0.7753,-0.62327,-0.43505,-0.24258,-0.16531,-0.30376,-0.62765,-0.95502,-1.0626,-0.89516,-0.64067,-0.55725,-0.77723,-1.2362,-1.7105,-1.9474,-1.8411,-1.4891,-1.0718,-0.71847,-0.47385,-0.31569,-0.19773,-0.090836,-0.014716,-0.018318,-0.13364,-0.35373,-0.63433,-0.9218,-1.1685,-1.3536,-1.4684,-1.5173,-1.5026,-1.4428,-1.3636,-1.2875,-1.2106,-1.098,-0.9138,-0.65518,-0.35956,-0.080522,0.14027,0.2873,0.36477,0.38578,0.35973,0.28951,0.171,0.001403,-0.20871,-0.43027,-0.6151,-0.72296,-0.73053,-0.63483,-0.44964,-0.20469,0.056142,0.27876,0.42848,0.49132,0.48105,0.43099,0.37953,0.35722,0.37996,0.44995,0.55667,0.68039,0.80172,0.90308
-1.1275,-1.3676,-1.437,-1.3205,-1.0874,-0.85578,-0.68054,-0.53092,-0.36422,-0.21586,-0.2025,-0.41444,-0.80438,-1.1649,-1.2482,-1.0067,-0.6612,-0.49188,-0.63699,-1.0384,-1.4876,-1.7445,-1.6925,-1.3985,-1.0231,-0.69076,-0.4458,-0.26936,-0.11535,0.037456,0.14969,0.16136,0.034338,-0.2142,-0.5308,-0.84707,-1.1112,-1.2965,-1.4025,-1.4349,-1.4038,-1.3284,-1.2372,-1.1546,-1.081,-0.98781,-0.84335,-0.63842,-0.40053,-0.1731,0.0065903,0.12416,0.18541,0.20444,0.18972,0.14155,0.050702,-0.091425,-0.28046,-0.49079,-0.68392,-0.81681,-0.85775,-0.79263,-0.6283,-0.39353,-0.1337,0.10102,0.26901,0.35553,0.37196,0.34666,0.31322,0.30126,0.33066,0.4095,0.52352,0.66086,0.80088,0.92114
-1.1245,-1.3612,-1.4213,-1.2887,-1.0339,-0.78077,-0.58993,-0.43625,-0.28378,-0.17128,-0.2112,-0.48098,-0.9173,-1.2937,-1.3488,-1.0461,-0.63153,-0.39647,-0.4792,-0.82541,-1.2413,-1.5035,-1.4926,-1.2537,-0.92134,-0.61197,-0.36986,-0.17765,0.0053151,0.1863,0.31648,0.32705,0.1815,-0.096207,-0.44459,-0.78657,-1.0659,-1.2538,-1.3527,-1.3707,-1.3229,-1.2292,-1.122,-1.0282,-0.95004,-0.86711,-0.75286,-0.59784,-0.41897,-0.25269,-0.12262,-0.038617,0.0048321,0.019157,0.0135,-0.016195,-0.081889,-0.19558,-0.35695,-0.54802,-0.7301,-0.8653,-0.92419,-0.88975,-0.75926,-0.54929,-0.29901,-0.058985,0.12817,0.23899,0.27774,0.27044,0.2522,0.2546,0.29704,0.38358,0.50814,0.64982,0.78828,0.90564
-1.106,-1.3364,-1.3845,-1.2314,-0.94818,-0.66319,-0.44552,-0.27915,-0.14204,-0.07876,-0.19123,-0.53699,-1.0281,-1.4108,-1.4176,-1.0355,-0.53839,-0.22214,-0.22189,-0.48921,-0.85087,-1.1085,-1.1454,-0.97798,-0.70498,-0.42619,-0.18755,0.023105,0.23349,0.43417,0.56953,0.56331,0.38579,0.063093,-0.33109,-0.71308,-1.0115,-1.1977,-1.2741,-1.2634,-1.186,-1.0686,-0.94101,-0.8292,-0.74259,-0.67001,-0.59354,-0.50805,-0.4237,-0.35458,-0.31218,-0.29373,-0.28852,-0.28544,-0.28102,-0.28139,-0.30261,-0.36257,-0.47026,-0.61628,-0.77581,-0.91338,-0.99406,-0.99193,-0.89661,-0.71838,-0.48816,-0.25171,-0.052591,0.083862,0.15556,0.17937,0.18243,0.19392,0.23763,0.3269,0.45278,0.60494,0.76296,0.90439
-1.0716,-1.2918,-1.3267,-1.1551,-0.84413,-0.52644,-0.27609,-0.090576,0.036581,0.054148,-0.12637,-0.53919,-1.0703,-1.4449,-1.4015,-0.95692,-0.39888,-0.017138,0.058447,-0.13133,-0.43531,-0.67975,-0.75215,-0.64305,-0.42015,-0.16468,0.077548,0.30362,0.52436,0.72005,0.82895,0.78507,0.56443,0.20148,-0.22896,-0.63692,-0.94863,-1.1293,-1.1839,-1.1382,-1.0205,-0.86308,-0.69939,-0.56096,-0.46708,-0.41543,-0.39844,-0.40565,-0.43037,-0.47269,-0.52558,-0.57889,-0.6185,-0.63282,-0.61814,-0.58548,-0.55652,-0.55519,-0.59709,-0.6829,-0.79768,-0.9159,-1.0064,-1.0372,-0.98447,-0.84337,-0.63883,-0.40635,-0.19515,-0.03863,0.054358,0.097206,0.11595,0.13917,0.18998,0.27878,0.41119,0.56878,0.73193,0.88099
-1.0364,-1.2452,-1.2686,-1.0841,-0.75364,-0.41121,-0.13399,0.069559,0.19279,0.18143,-0.043858,-0.49715,-1.0454,-1.4066,-1.3318,-0.85821,-0.27303,0.14404,0.26711,0.13032,-0.13098,-0.36016,-0.44895,-0.37234,-0.17777,0.065586,0.31076,0.54215,0.75844,0.93634,1.0131,0.93328,0.67781,0.28783,-0.1629,-0.58097,-0.89533,-1.0662,-1.1002,-1.0197,-0.86165,-0.66312,-0.46992,-0.32008,-0.23198,-0.20954,-0.24225,-0.31865,-0.42825,-0.55628,-0.68643,-0.79894,-0.87541,-0.90389,-0.88412,-0.82856,-0.76083,-0.7086,-0.6945,-0.72993,-0.80652,-0.90344,-0.98994,-1.0322,-1.0026,-0.89049,-0.70651,-0.49159,-0.28412,-0.11642,-0.0032454,0.058401,0.085455,0.10438,0.14447,0.22993,0.3578,0.52291,0.70402,0.87588
-0.97847,-1.1658,-1.1714,-0.96899,-0.61608,-0.24111,0.072422,0.30206,0.42543,0.38325,0.1112,-0.37955,-0.93407,-1.2716,-1.1695,-0.68385,-0.089506,0.35366,0.52456,0.44694,0.2377,0.035246,-0.058829,-0.0080616,0.16127,0.39218,0.63378,0.86174,1.0617,1.2047,1.2359,1.1057,0.80731,0.38261,-0.089068,-0.51606,-0.81981,-0.96157,-0.94565,-0.80627,-0.58836,-0.34229,-0.11866,0.040103,0.11041,0.086655,-0.021524,-0.19748,-0.41969,-0.66015,-0.88921,-1.0781,-1.2048,-1.2578,-1.2354,-1.151,-1.0297,-0.90559,-0.81327,-0.77581,-0.80046,-0.87094,-0.95409,-1.0094,-1.0015,-0.91297,-0.75468,-0.55098,-0.34679,-0.17891,-0.06588,-0.005385,0.02115,0.041338,0.083481,0.16612,0.30172,0.47454,0.66471,0.85122
-0.92801,-1.0948,-1.0845,-0.8686,-0.50063,-0.10225,0.23709,0.48678,0.61341,0.55426,0.25702,-0.24898,-0.79824,-1.1181,-1.0083,-0.53277,0.050652,0.49806,0.69206,0.64922,0.47345,0.29213,0.2037,0.24828,0.40837,0.63262,0.8701,1.0921,1.2774,1.3896,1.3815,1.2109,0.88058,0.4356,-0.041457,-0.46429,-0.75019,-0.86224,-0.80145,-0.61204,-0.34682,-0.067566,0.17303,0.3322,0.38136,0.3181,0.14911,-0.10361,-0.40632,-0.72376,-1.0173,-1.2571,-1.4213,-1.4956,-1.478,-1.3778,-1.2215,-1.0485,-0.90138,-0.81425,-0.79893,-0.84369,-0.91636,-0.97425,-0.97823,-0.90682,-0.76292,-0.57753,-0.387,-0.22471,-0.11033,-0.047537,-0.024166,-0.013759,0.017816,0.10038,0.23715,0.42313,0.63511,0.8462
-0.85345,-0.98693,-0.95194,-0.71884,-0.33297,0.093706,0.46693,0.74168,0.87389,0.79964,0.48103,-0.032049,-0.56577,-0.86753,-0.76669,-0.3266,0.22321,0.66015,0.87011,0.86036,0.72057,0.56635,0.49201,0.54126,0.70093,0.92475,1.1618,1.3759,1.5367,1.6039,1.5362,1.31,0.94105,0.48617,0.021442,-0.36969,-0.61944,-0.68883,-0.57938,-0.32967,-0.0033498,0.32632,0.59055,0.73952,0.75086,0.62049,0.3686,0.02581,-0.37038,-0.77041,-1.1368,-1.4374,-1.6491,-1.7557,-1.7518,-1.6395,-1.4429,-1.2085,-0.99483,-0.84854,-0.7942,-0.81982,-0.88666,-0.9455,-0.95395,-0.89007,-0.76161,-0.58879,-0.414,-0.27145,-0.17911,-0.13578,-0.12411,-0.11584,-0.079598,0.0092399,0.16059,0.36084,0.58921,0.82351
-0.77222,-0.8671,-0.80347,-0.5541,-0.1526,0.29803,0.70145,0.99849,1.1356,1.0516,0.72155,0.21098,-0.305,-0.59763,-0.52248,-0.13638,0.36275,0.77436,0.98646,0.99723,0.88519,0.75641,0.69957,0.75956,0.92796,1.1603,1.4027,1.6094,1.7435,1.7672,1.6469,1.3763,0.985,0.53483,0.096633,-0.25482,-0.46132,-0.48315,-0.32452,-0.022788,0.35168,0.71542,0.99496,1.136,1.1115,0.92547,0.59769,0.16897,-0.30504,-0.77446,-1.1932,-1.5351,-1.7848,-1.9275,-1.9452,-1.8332,-1.6126,-1.3365,-1.0747,-0.88822,-0.8026,-0.80742,-0.86361,-0.92038,-0.93308,-0.87785,-0.75666,-0.60368,-0.45181,-0.33195,-0.26049,-0.23635,-0.24144,-0.24374,-0.20671,-0.10643,0.066541,0.29691,0.55744,0.82173
-0.70866,-0.77174,-0.68465,-0.42311,-0.012527,0.45327,0.87555,1.1868,1.3259,1.2353,0.90001,0.39327,-0.1125,-0.4052,-0.35763,-0.019006,0.43528,0.81968,1.0252,1.0454,0.95049,0.83933,0.79694,0.86829,1.0467,1.288,1.5352,1.7387,1.8563,1.8537,1.7049,1.4126,1.0166,0.57697,0.16351,-0.15914,-0.33191,-0.31891,-0.11946,0.22079,0.62378,1.0027,1.2808,1.4066,1.3563,1.1325,0.76025,0.2853,-0.23264,-0.73361,-1.1767,-1.5429,-1.8214,-1.9921,-2.0341,-1.9303,-1.6986,-1.398,-1.1092,-0.90109,-0.80409,-0.80758,-0.86727,-0.92603,-0.93593,-0.87533,-0.75495,-0.60696,-0.47212,-0.3785,-0.33413,-0.32915,-0.34149,-0.34148,-0.2974,-0.18095,0.0065801,0.2519,0.53138,0.82014
-0.62251,-0.63995,-0.52049,-0.24434,0.17483,0.6555,1.098,1.4237,1.5637,1.464,1.1218,0.6177,0.11655,-0.18857,-0.18705,0.084845,0.47563,0.81841,1.0087,1.0348,0.95781,0.86772,0.84431,0.9312,1.1234,1.378,1.6365,1.844,1.9543,1.9314,1.7576,1.4482,1.0531,0.63759,0.26687,-0.0050903,-0.12962,-0.076262,0.15692,0.52538,0.95026,1.3404,1.6165,1.7262,1.6481,1.3863,0.97104,0.4527,-0.10343,-0.6342,-1.1007,-1.489,-1.7934,-1.998,-2.0684,-1.9809,-1.7484,-1.4341,-1.1285,-0.90877,-0.80838,-0.81409,-0.87718,-0.9368,-0.9438,-0.87852,-0.75523,-0.61425,-0.49672,-0.42967,-0.41793,-0.44562,-0.48172,-0.48742,-0.42737,-0.28479,-0.059453,0.22332,0.53327,0.84503
-0.53709,-0.50702,-0.3552,-0.066854,0.35557,0.84444,1.3001,1.6347,1.7727,1.6637,1.3131,0.80536,0.29607,-0.03761,-0.092141,0.10899,0.43624,0.73708,0.90957,0.93732,0.87421,0.80267,0.79658,0.89717,1.1025,1.3725,1.6481,1.8711,1.9904,1.9658,1.7844,1.4726,1.0913,0.71155,0.39008,0.17015,0.086246,0.1673,0.41415,0.79032,1.2195,1.6102,1.8825,1.9827,1.889,1.6081,1.1702,0.62945,0.05486,-0.4875,-0.96107,-1.3603,-1.6857,-1.9186,-2.0178,-1.9498,-1.7257,-1.414,-1.1108,-0.89412,-0.80141,-0.81556,-0.88582,-0.94888,-0.95383,-0.88232,-0.75434,-0.61693,-0.51466,-0.47327,-0.4912,-0.54424,-0.59445,-0.59926,-0.5229,-0.34849,-0.092934,0.22123,0.56003,0.89493
-0.47479,-0.4094,-0.23355,0.062079,0.48294,0.97285,1.4337,1.7716,1.9061,1.7894,1.4312,0.9149,0.38986,0.024096,-0.079973,0.06556,0.34701,0.61882,0.77875,0.80709,0.75284,0.69302,0.69761,0.80752,1.0226,1.3068,1.6013,1.8446,1.9802,1.9657,1.7909,1.4889,1.1266,0.77555,0.48783,0.29837,0.23736,0.33059,0.58354,0.95988,1.3849,1.7682,2.0309,2.123,2.0251,1.7433,1.3073,0.76818,0.19302,-0.35101,-0.8279,-1.233,-1.5686,-1.815,-1.9331,-1.8817,-1.6696,-1.3667,-1.072,-0.86493,-0.78186,-0.80581,-0.88398,-0.95077,-0.95413,-0.87717,-0.74335,-0.6046,-0.51214,-0.49231,-0.53796,-0.61404,-0.67139,-0.66311,-0.55975,-0.35849,-0.075506,0.25401,0.59935,0.93877
-0.39454,-0.28387,-0.078176,0.22378,0.63736,1.122,1.5838,1.9207,2.0477,1.9193,1.5471,1.012,0.45471,0.032272,-0.146,-0.075206,0.14888,0.38668,0.53318,0.56284,0.51882,0.47206,0.48709,0.60435,0.83142,1.1393,1.471,1.7554,1.9263,1.9394,1.7867,1.5089,1.179,0.86553,0.61495,0.45532,0.41245,0.51043,0.75679,1.1198,1.5297,1.9004,2.1555,2.2471,2.1569,1.8901,1.473,0.95109,0.38861,-0.15329,-0.63223,-1.0378,-1.3722,-1.6247,-1.7514,-1.7217,-1.5402,-1.267,-0.99515,-0.8063,-0.73598,-0.77139,-0.86158,-0.93953,-0.94979,-0.8734,-0.73736,-0.59899,-0.51302,-0.50772,-0.57291,-0.66593,-0.72846,-0.70799,-0.57697,-0.33901,-0.0291,0.32112,0.68005,1.0263
-0.33696,-0.19426,0.031112,0.33494,0.73882,1.2147,1.6732,2.0062,2.1255,1.986,1.5999,1.0459,0.4568,-0.016068,-0.25567,-0.24163,-0.058226,0.15653,0.29476,0.32719,0.29265,0.25662,0.27868,0.39935,0.63356,0.96078,1.3264,1.652,1.8626,1.9086,1.781,1.5254,1.217,0.92617,0.69558,0.55028,0.51179,0.60496,0.83683,1.1827,1.5772,1.9395,2.1944,2.2934,2.2184,1.9725,1.5805,1.085,0.54145,0.014589,-0.45986,-0.8702,-1.2121,-1.4649,-1.5986,-1.5769,-1.4093,-1.1577,-0.91047,-0.74198,-0.68909,-0.73776,-0.8377,-0.92253,-0.9369,-0.86236,-0.72654,-0.58961,-0.51158,-0.52109,-0.60325,-0.70621,-0.7627,-0.71864,-0.55512,-0.29056,0.04152,0.39995,0.75667,1.0959
-0.26381,-0.082092,0.1656,0.46746,0.85237,1.3111,1.7601,2.0847,2.1916,2.0341,1.6264,1.0427,0.40532,-0.14079,-0.4673,-0.53164,-0.40351,-0.21969,-0.0914,-0.051136,-0.066949,-0.084319,-0.052012,0.07196,0.31377,0.66831,1.084,1.4759,1.7553,1.8587,1.775,1.549,1.261,0.98504,0.76545,0.62402,0.58124,0.66012,0.87161,1.1939,1.5683,1.9184,2.1747,2.292,2.2508,2.0523,1.7106,1.2567,0.74268,0.22392,-0.24824,-0.64973,-0.97465,-1.2146,-1.3406,-1.3328,-1.1985,-0.98848,-0.7806,-0.64454,-0.61348,-0.6777,-0.79215,-0.8934,-0.9247,-0.86345,-0.73643,-0.60578,-0.53255,-0.54752,-0.63448,-0.73657,-0.78069,-0.71125,-0.5146,-0.21397,0.13669,0.50455,0.86354,1.1994
-0.19482,0.020592,0.28561,0.58019,0.94092,1.3764,1.8108,2.124,2.2159,2.0388,1.6075,0.99216,0.30477,-0.31542,-0.73243,-0.88045,-0.81214,-0.65964,-0.53653,-0.48064,-0.47021,-0.46495,-0.42393,-0.30207,-0.054872,0.33206,0.81049,1.2821,1.6399,1.8067,1.7665,1.5646,1.2855,1.0087,0.782,0.62822,0.56848,0.62603,0.81451,1.1149,1.4736,1.8188,2.0855,2.2306,2.2341,2.0905,1.8078,1.408,0.93079,0.43524,-0.027148,-0.42252,-0.73549,-0.95495,-1.0686,-1.0649,-0.95706,-0.79071,-0.63085,-0.535,-0.53499,-0.62204,-0.75507,-0.87375,-0.92192,-0.87572,-0.75949,-0.63592,-0.57132,-0.59691,-0.69198,-0.79075,-0.81216,-0.7016,-0.45767,-0.12334,0.25429,0.62899,0.97787,1.2936
-0.14578,0.091382,0.36596,0.65151,0.99122,1.4055,1.826,2.1294,2.2092,2.0175,1.5692,0.93127,0.20851,-0.46445,-0.94906,-1.1639,-1.1447,-1.016,-0.89302,-0.81988,-0.78499,-0.76106,-0.71573,-0.59957,-0.34924,0.066392,0.60046,1.1378,1.5547,1.7675,1.7551,1.5656,1.286,0.99925,0.75522,0.58245,0.50227,0.54114,0.71231,0.99966,1.3509,1.6981,1.9786,2.1509,2.1942,2.0976,1.863,1.505,1.0563,0.57796,0.12422,-0.26264,-0.56078,-0.75877,-0.85882,-0.85564,-0.76673,-0.63322,-0.51032,-0.44933,-0.47349,-0.58002,-0.73292,-0.87439,-0.94552,-0.91661,-0.81055,-0.6906,-0.62324,-0.64319,-0.73146,-0.82138,-0.82935,-0.69923,-0.43142,-0.071283,0.31944,0.70246,1.055,1.3687
-0.084055,0.177,0.46026,0.72985,1.038,1.4203,1.8184,2.1066,2.171,1.9619,1.4951,0.83254,0.0701,-0.66601,-1.2367,-1.5415,-1.5907,-1.4948,-1.37,-1.2697,-1.1984,-1.148,-1.098,-0.99113,-0.73855,-0.28387,0.32673,0.95148,1.4454,1.7165,1.7377,1.5584,1.2656,0.94806,0.66375,0.45068,0.33717,0.35273,0.50911,0.7877,1.1355,1.4889,1.7919,2.0066,2.1083,2.0799,1.9086,1.5988,1.1848,0.72106,0.28162,-0.078131,-0.33546,-0.49522,-0.56262,-0.55765,-0.49984,-0.41896,-0.35469,-0.34569,-0.41621,-0.56117,-0.74573,-0.91177,-1.0001,-0.9824,-0.88304,-0.76464,-0.7014,-0.72671,-0.81559,-0.89316,-0.87132,-0.69909,-0.38946,0.0015729,0.41314,0.80081,1.1458,1.4446
-0.040816,0.2347,0.52129,0.77699,1.0595,1.4157,1.795,2.0707,2.1249,1.9058,1.429,0.75422,-0.030224,-0.80556,-1.4336,-1.8008,-1.8993,-1.8285,-1.7035,-1.5838,-1.4864,-1.4169,-1.3625,-1.2623,-1.0092,-0.52878,0.13092,0.81522,1.3642,1.6759,1.7223,1.5465,1.2364,0.88346,0.5573,0.30448,0.16389,0.16594,0.31985,0.59923,0.94968,1.3093,1.628,1.8716,2.0139,2.0312,1.906,1.6372,1.2519,0.81185,0.38912,0.045078,-0.19088,-0.32069,-0.3678,-0.35417,-0.30693,-0.25653,-0.2352,-0.27115,-0.38167,-0.55996,-0.77232,-0.96259,-1.0711,-1.0664,-0.9683,-0.84844,-0.776,-0.78705,-0.86088,-0.9261,-0.89393,-0.70865,-0.37999,0.032199,0.45907,0.8587,1.2091,1.5049
0.011621,0.30235,0.58975,0.82604,1.0734,1.3934,1.7453,2.0035,2.0466,1.8196,1.3367,0.65531,-0.1448,-0.95656,-1.643,-2.0793,-2.2366,-2.1994,-2.0792,-1.942,-1.8189,-1.7311,-1.6738,-1.5811,-1.3254,-0.81311,-0.096951,0.65516,1.2655,1.621,1.6923,1.5137,1.1733,0.76622,0.37638,0.065259,-0.11213,-0.12156,0.038086,0.32708,0.68432,1.0527,1.3906,1.669,1.8599,1.9322,1.8601,1.6363,1.2865,0.87239,0.47625,0.16869,-0.019963,-0.10248,-0.11303,-0.089734,-0.062168,-0.05423,-0.088603,-0.18561,-0.35667,-0.59249,-0.85442,-1.0794,-1.2029,-1.1948,-1.0851,-0.94335,-0.85339,-0.85447,-0.92251,-0.97798,-0.92524,-0.70997,-0.35098,0.083817,0.52669,0.93048,1.2762,1.5614
0.057072,0.35855,0.64379,0.86032,1.0741,1.3576,1.681,1.9224,1.9575,1.7283,1.2474,0.56988,-0.22909,-1.0517,-1.7678,-2.2504,-2.4566,-2.4555,-2.3502,-2.2102,-2.0776,-1.9853,-1.9334,-1.8479,-1.5848,-1.0374,-0.26526,0.53927,1.1894,1.5707,1.6482,1.4576,1.0814,0.62066,0.16658,-0.19798,-0.40546,-0.41656,-0.2418,0.062402,0.42637,0.79605,1.1413,1.441,1.6681,1.7859,1.7603,1.5786,1.2647,0.88257,0.51969,0.25121,0.10792,0.072502,0.097551,0.13823,0.15893,0.1346,0.047444,-0.11446,-0.35229,-0.64893,-0.96013,-1.219,-1.3584,-1.3475,-1.2156,-1.0492,-0.92855,-0.89729,-0.93745,-0.97422,-0.91099,-0.68713,-0.31654,0.13189,0.58429,0.99238,1.3351,1.6098
0.08534,0.39172,0.67441,0.87705,1.0676,1.3254,1.6284,1.8581,1.8896,1.6621,1.1866,0.51828,-0.26788,-1.0795,-1.7945,-2.2934,-2.5308,-2.5618,-2.4778,-2.3474,-2.2199,-2.1337,-2.0889,-2.0057,-1.7298,-1.1556,-0.35197,0.47615,1.1401,1.5295,1.6062,1.4056,1.0057,0.50808,0.0087284,-0.3936,-0.61916,-0.6241,-0.43099,-0.11208,0.25453,0.61681,0.95473,1.2569,1.4996,1.6442,1.651,1.5018,1.2176,0.86236,0.52652,0.28899,0.18046,0.17807,0.22984,0.28406,0.30234,0.25954,0.13958,-0.06583,-0.35346,-0.70057,-1.0551,-1.3412,-1.4855,-1.4589,-1.304,-1.1056,-0.95634,-0.90202,-0.92369,-0.94528,-0.8706,-0.64027,-0.26787,0.17982,0.6306,1.0361,1.375,1.6429
0.11341,0.42277,0.70092,0.88735,1.0521,1.2796,1.5581,1.7744,1.804,1.5821,1.1176,0.46845,-0.28747,-1.0601,-1.7433,-2.241,-2.5134,-2.5961,-2.5581,-2.4607,-2.356,-2.2851,-2.2445,-2.1468,-1.8408,-1.2351,-0.41513,0.41717,1.0809,1.4692,1.5452,1.3335,0.90813,0.36502,-0.18617,-0.63435,-0.87395,-0.86024,-0.63395,-0.29439,0.067096,0.40629,0.71736,1.0051,1.2545,1.4239,1.4677,1.3607,1.1197,0.80696,0.51255,0.31594,0.24766,0.28161,0.36374,0.43738,0.45886,0.39944,0.24308,-0.014248,-0.36326,-0.76863,-1.1679,-1.4781,-1.6245,-1.5825,-1.3948,-1.1638,-0.97686,-0.88015,-0.85968,-0.84827,-0.75723,-0.52719,-0.16464,0.26984,0.70813,1.1011,1.4249,1.6736
0.1279,0.43647,0.70934,0.88318,1.0293,1.2332,1.4919,1.6981,1.7285,1.5151,1.0653,0.44077,-0.27307,-0.98636,-1.6139,-2.0891,-2.3882,-2.5309,-2.5577,-2.5133,-2.4454,-2.3917,-2.3428,-2.2106,-1.8607,-1.2286,-0.41311,0.3986,1.0402,1.411,1.4745,1.2488,0.80195,0.22957,-0.35355,-0.82009,-1.0544,-1.015,-0.76212,-0.415,-0.070344,0.23053,0.49859,0.75479,0.9946,1.1785,1.2544,1.1911,0.99799,0.73418,0.48537,0.32736,0.28953,0.34952,0.45075,0.53792,0.56559,0.50135,0.32568,0.033598,-0.35708,-0.80693,-1.2446,-1.5776,-1.7254,-1.665,-1.4538,-1.1845,-0.95472,-0.81309,-0.74782,-0.69727,-0.58226,-0.35094,-0.008157,0.3974,0.80319,1.1663,1.4653,1.6935
0.12805,0.43326,0.70213,0.86976,1.0065,1.1982,1.4448,1.6464,1.6793,1.4742,1.0374,0.43367,-0.24403,-0.90701,-1.4853,-1.9362,-2.25,-2.4376,-2.5185,-2.5216,-2.4867,-2.4449,-2.3816,-2.213,-1.824,-1.1749,-0.36984,0.41319,1.0237,1.3694,1.4139,1.1768,0.72003,0.13988,-0.44999,-0.91462,-1.1379,-1.0807,-0.81508,-0.46779,-0.14088,0.127,0.35289,0.57221,0.79392,0.9841,1.0868,1.0605,0.90811,0.67907,0.45703,0.32023,0.3012,0.37375,0.49045,0.58862,0.61926,0.54896,0.36,0.051819,-0.35885,-0.82159,-1.2618,-1.5897,-1.7321,-1.6703,-1.4517,-1.1754,-0.92525,-0.74806,-0.63924,-0.55041,-0.41516,-0.18662,0.1355,0.50915,0.88516,1.2226,1.4988,1.7051
0.11222,0.40888,0.67217,0.83538,0.96617,1.1482,1.384,1.582,1.6212,1.4297,1.0127,0.43953,-0.19016,-0.78614,-1.2974,-1.7131,-2.039,-2.2778,-2.4285,-2.4991,-2.5114,-2.4815,-2.3877,-2.1593,-1.7121,-1.0459,-0.2724,0.45352,1.0049,1.3051,1.3232,1.0746,0.61836,0.043251,-0.53684,-0.98517,-1.186,-1.1066,-0.83407,-0.49836,-0.20334,0.017028,0.18597,0.35108,0.53969,0.72469,0.85097,0.87063,0.77212,0.60034,0.42668,0.31954,0.31058,0.389,0.5021,0.60057,0.63672,0.57289,0.38643,0.076035,-0.33344,-0.79296,-1.2261,-1.5452,-1.6816,-1.6202,-1.4113,-1.1302,-0.85854,-0.64004,-0.47444,-0.32832,-0.15689,0.071346,0.35874,0.68256,1.0031,1.2921,1.5299,1.7066
0.087033,0.37401,0.63282,0.79482,0.9262,1.1053,1.3366,1.5338,1.5798,1.4011,1.0007,0.45094,-0.14325,-0.69163,-1.1554,-1.5435,-1.8726,-2.1435,-2.3427,-2.4634,-2.5111,-2.487,-2.3632,-2.0808,-1.5892,-0.91765,-0.17761,0.49443,0.99454,1.255,1.2506,0.99502,0.54199,-0.021806,-0.58152,-1.0059,-1.1819,-1.0894,-0.81556,-0.49475,-0.22633,-0.04606,0.075808,0.19658,0.35463,0.5357,0.68156,0.73541,0.67772,0.53961,0.39019,0.29903,0.30025,0.3808,0.49726,0.59512,0.62744,0.55945,0.37235,0.066902,-0.32695,-0.7575,-1.1543,-1.4439,-1.5726,-1.5273,-1.3392,-1.0749,-0.7964,-0.54707,-0.33875,-0.15436,0.037667,0.26327,0.52744,0.81187,1.0935,1.3457,1.5511,1.7005
0.034169,0.30411,0.55566,0.71886,0.85534,1.0357,1.2646,1.4624,1.5195,1.3616,0.98693,0.46924,-0.078152,-0.56643,-0.97233,-1.3237,-1.6512,-1.9565,-2.2137,-2.3952,-2.4839,-2.4601,-2.2879,-1.9293,-1.3853,-0.71862,-0.037266,0.55348,0.97433,1.1743,1.1331,0.86752,0.4295,-0.097826,-0.60911,-0.98685,-1.1337,-1.0364,-0.77474,-0.47544,-0.23857,-0.10213,-0.04061,0.015809,0.12537,0.29236,0.45904,0.55491,0.54807,0.45583,0.33878,0.26367,0.26786,0.34418,0.455,0.55067,0.58332,0.51731,0.33656,0.050311,-0.30875,-0.6885,-1.0291,-1.2751,-1.3883,-1.3585,-1.2081,-0.97185,-0.69891,-0.42629,-0.17208,0.063,0.28814,0.51375,0.74465,0.97882,1.2013,1.3998,1.5625,1.6802
-0.041129,0.20678,0.44842,0.61426,0.75962,0.94629,1.1749,1.3756,1.4458,1.3117,0.96669,0.48428,-0.017215,-0.44883,-0.80094,-1.1172,-1.4389,-1.7679,-2.0695,-2.2981,-2.4145,-2.3809,-2.161,-1.7418,-1.1657,-0.51849,0.098256,0.60368,0.94018,1.0729,0.99076,0.71558,0.30239,-0.17143,-0.61577,-0.932,-1.0476,-0.95375,-0.72185,-0.45788,-0.25167,-0.14514,-0.12045,-0.11441,-0.055283,0.075133,0.23628,0.35833,0.39219,0.34804,0.27176,0.22124,0.23223,0.30486,0.40451,0.48758,0.51078,0.44162,0.26791,0.0061479,-0.30807,-0.62051,-0.88414,-1.0692,-1.1619,-1.1567,-1.0497,-0.85962,-0.60471,-0.31627,-0.025788,0.24593,0.49208,0.71534,0.9207,1.1108,1.2846,1.435,1.5553,1.64
-0.11234,0.11566,0.34782,0.51571,0.66903,0.86249,1.0925,1.2956,1.377,1.262,0.9423,0.48998,0.024322,-0.36697,-0.681,-0.97115,-1.2851,-1.6249,-1.9492,-2.2011,-2.3283,-2.2841,-2.0355,-1.5882,-1.0045,-0.38134,0.18613,0.62846,0.90151,0.98203,0.86764,0.5866,0.19663,-0.23121,-0.61949,-0.8882,-0.98129,-0.89273,-0.68325,-0.44337,-0.2551,-0.16425,-0.15966,-0.18316,-0.16271,-0.057427,0.096846,0.22897,0.28815,0.26577,0.20689,0.16869,0.18718,0.25902,0.35783,0.43543,0.45029,0.37623,0.20963,-0.031243,-0.30106,-0.55901,-0.77457,-0.92972,-1.0137,-1.0186,-0.94176,-0.77733,-0.53887,-0.2513,0.053679,0.34638,0.6068,0.82808,1.0146,1.1754,1.3163,1.4396,1.5404,1.6097
-0.22566,-0.02857,0.18817,0.35743,0.52224,0.72572,0.95765,1.1636,1.2603,1.174,0.89267,0.48649,0.071001,-0.26885,-0.53567,-0.79011,-1.0857,-1.4265,-1.766,-2.035,-2.1679,-2.1108,-1.837,-1.3733,-0.80034,-0.22168,0.27728,0.63735,0.82972,0.84191,0.6838,0.39555,0.03552,-0.33023,-0.64122,-0.84636,-0.90879,-0.82669,-0.63948,-0.41784,-0.2393,-0.15061,-0.16179,-0.22426,-0.25466,-0.20175,-0.071361,0.069722,0.15353,0.16799,0.13655,0.10901,0.12458,0.19151,0.28074,0.35488,0.37126,0.30108,0.14253,-0.071623,-0.30296,-0.50582,-0.65938,-0.76448,-0.82781,-0.84731,-0.80492,-0.68815,-0.48532,-0.20882,0.10615,0.41697,0.69087,0.91312,1.0856,1.2207,1.3283,1.4157,1.4837,1.5286
-0.35738,-0.19506,0.0023136,0.16986,0.34614,0.55887,0.79243,0.99975,1.111,1.0569,0.82131,0.46734,0.10614,-0.18391,-0.40719,-0.62419,-0.8904,-1.2137,-1.5495,-1.8235,-1.9593,-1.8971,-1.6166,-1.1589,-0.61498,-0.089428,0.33633,0.61579,0.72885,0.67346,0.47241,0.17565,-0.15434,-0.45781,-0.69306,-0.83131,-0.85622,-0.77057,-0.59894,-0.39468,-0.21728,-0.12296,-0.12533,-0.19244,-0.25469,-0.24496,-0.15467,-0.033078,0.056184,0.083519,0.068177,0.053513,0.075152,0.13867,0.22371,0.28802,0.2944,0.22293,0.079538,-0.10835,-0.29291,-0.44613,-0.56165,-0.64658,-0.70646,-0.7365,-0.72501,-0.64007,-0.46726,-0.21264,0.093056,0.40619,0.68723,0.91303,1.0802,1.1984,1.2868,1.3557,1.409,1.4429
-0.46547,-0.33107,-0.15098,0.012957,0.1962,0.41491,0.64877,0.85603,0.97778,0.95003,0.75286,0.44284,0.12448,-0.12771,-0.31821,-0.50601,-0.74462,-1.0452,-1.3685,-1.6406,-1.7799,-1.7229,-1.4515,-1.011,-0.49708,-0.012797,0.36144,0.58489,0.63982,0.53312,0.29827,-0.0072176,-0.31458,-0.57263,-0.7539,-0.84711,-0.84726,-0.75453,-0.58552,-0.37845,-0.18878,-0.074201,-0.058292,-0.11914,-0.19602,-0.21067,-0.14753,-0.045336,0.03924,0.065277,0.048281,0.026805,0.037108,0.091675,0.16859,0.23372,0.24898,0.19016,0.059608,-0.1113,-0.28051,-0.41685,-0.51364,-0.58287,-0.63766,-0.67863,-0.6863,-0.63825,-0.50204,-0.27028,0.030194,0.34951,0.63897,0.86937,1.0354,1.1497,1.2291,1.2873,1.3293,1.3527
-0.61709,-0.52091,-0.36724,-0.2122,-0.02329,0.20284,0.43528,0.64093,0.77511,0.78377,0.64188,0.39533,0.138,-0.062293,-0.20845,-0.35479,-0.55281,-0.81723,-1.1159,-1.3795,-1.525,-1.486,-1.2442,-0.8439,-0.37894,0.051684,0.36897,0.53013,0.51834,0.34636,0.061868,-0.26341,-0.5516,-0.76077,-0.87968,-0.9184,-0.88031,-0.76495,-0.57693,-0.34251,-0.11805,0.040899,0.090283,0.040576,-0.042941,-0.092366,-0.062082,0.019726,0.087076,0.10291,0.067679,0.022325,0.010412,0.046352,0.11796,0.18364,0.20412,0.1572,0.04624,-0.10148,-0.25253,-0.37808,-0.47171,-0.54157,-0.59901,-0.6487,-0.68299,-0.66958,-0.57678,-0.38412,-0.1064,0.20889,0.50629,0.74712,0.91948,1.0341,1.1088,1.1619,1.2022,1.2282
-0.73249,-0.66434,-0.53316,-0.38821,-0.19745,0.033252,0.26501,0.46876,0.61123,0.64596,0.54639,0.34909,0.13903,-0.021788,-0.13568,-0.25061,-0.41685,-0.65186,-0.92881,-1.183,-1.3338,-1.3149,-1.1054,-0.74531,-0.31984,0.074162,0.35873,0.48445,0.43302,0.2175,-0.10857,-0.45679,-0.74461,-0.9278,-1.0087,-1.0039,-0.92695,-0.77963,-0.56563,-0.30813,-0.054378,0.1356,0.22149,0.20537,0.13568,0.082537,0.089148,0.14059,0.18295,0.17559,0.11645,0.042553,-0.0001091,0.013782,0.070909,0.13733,0.17242,0.14831,0.060696,-0.072583,-0.21472,-0.3411,-0.44182,-0.52197,-0.59207,-0.65797,-0.71127,-0.72999,-0.66997,-0.50277,-0.23853,0.074215,0.37595,0.62421,0.8045,0.92425,1.0039,1.0592,1.0975,1.1182
-0.88165,-0.84807,-0.74889,-0.62311,-0.43444,-0.19789,0.035408,0.23613,0.38868,0.45541,0.40999,0.27898,0.13059,0.020301,-0.05306,-0.12905,-0.2537,-0.44869,-0.69606,-0.93884,-1.1006,-1.1147,-0.95401,-0.64787,-0.27124,0.081609,0.33134,0.42098,0.32807,0.066541,-0.30662,-0.6889,-0.98757,-1.1552,-1.2017,-1.1491,-1.0193,-0.81646,-0.55021,-0.24219,0.06119,0.30271,0.44157,0.47279,0.43214,0.38303,0.36566,0.37598,0.37456,0.31847,0.20859,0.08315,-0.0056178,-0.025875,0.019186,0.093169,0.15007,0.15421,0.092262,-0.021725,-0.16586,-0.30866,-0.43002,-0.52528,-0.60319,-0.67704,-0.75322,-0.80256,-0.78867,-0.66906,-0.43698,-0.13434,0.17388,0.43539,0.6282,0.7558,0.8412,0.89981,0.94143,0.96656
-1.017,-1.0128,-0.94625,-0.84577,-0.66463,-0.42264,-0.18474,0.017027,0.17694,0.27222,0.27591,0.20505,0.11371,0.046448,0.0066166,-0.035524,-0.12129,-0.27728,-0.49683,-0.73214,-0.909,-0.95772,-0.84375,-0.58572,-0.25106,0.069158,0.29214,0.35931,0.24413,-0.042511,-0.44098,-0.85181,-1.1731,-1.3542,-1.3897,-1.3056,-1.1189,-0.84767,-0.50906,-0.13605,0.22272,0.51578,0.7013,0.77231,0.76205,0.71803,0.68401,0.65918,0.60503,0.49386,0.32311,0.13592,-0.0063854,-0.060532,-0.028723,0.051829,0.12912,0.16043,0.12476,0.022463,-0.11823,-0.26923,-0.40673,-0.52127,-0.6185,-0.71154,-0.80488,-0.88766,-0.90988,-0.82186,-0.61112,-0.31899,-0.013802,0.24836,0.44344,0.57768,0.66441,0.72553,0.77169,0.80349
-1.1034,-1.1164,-1.0742,-0.99623,-0.82418,-0.57744,-0.33307,-0.12789,0.037136,0.14942,0.18446,0.15165,0.095382,0.054181,0.034189,0.013351,-0.044869,-0.17226,-0.37212,-0.60353,-0.79304,-0.86736,-0.78586,-0.56043,-0.25222,0.050678,0.26281,0.3262,0.20954,-0.080913,-0.48822,-0.9171,-1.2603,-1.4584,-1.4967,-1.3909,-1.1625,-0.83706,-0.44678,-0.030995,0.36342,0.68687,0.90562,1.0115,1.0264,0.99409,0.9447,0.8817,0.78185,0.61874,0.39991,0.16809,-0.01322,-0.093098,-0.06962,0.021527,0.12161,0.17717,0.15751,0.062622,-0.087654,-0.25773,-0.41341,-0.53645,-0.63102,-0.71725,-0.81476,-0.90508,-0.95161,-0.89792,-0.71809,-0.44428,-0.14496,0.11853,0.31685,0.45053,0.54106,0.60316,0.64756,0.67639
-1.1916,-1.219,-1.2071,-1.1631,-1.0072,-0.75376,-0.49541,-0.28129,-0.10979,0.017477,0.082106,0.085847,0.063131,0.047039,0.047975,0.052011,0.027377,-0.064283,-0.23882,-0.46507,-0.67169,-0.78014,-0.73995,-0.55189,-0.26892,0.023704,0.23926,0.3148,0.21532,-0.058383,-0.46073,-0.89956,-1.2718,-1.5,-1.5541,-1.4333,-1.1603,-0.77278,-0.31609,0.15662,0.59329,0.95,1.1955,1.3253,1.361,1.333,1.2681,1.1658,1.0058,0.77385,0.48453,0.19201,-0.031246,-0.13414,-0.10936,-0.0049666,0.11299,0.18623,0.1797,0.08579,-0.069681,-0.24705,-0.40759,-0.53199,-0.62654,-0.71335,-0.80705,-0.90977,-0.97219,-0.93803,-0.78269,-0.53713,-0.26573,-0.025717,0.15584,0.28257,0.36483,0.42515,0.4742,0.51213
-1.234,-1.265,-1.2728,-1.2554,-1.1143,-0.85597,-0.5843,-0.36058,-0.18516,-0.053115,0.02241,0.042258,0.034935,0.031424,0.045255,0.065965,0.063433,-0.0045196,-0.16149,-0.38298,-0.59987,-0.73074,-0.71756,-0.55167,-0.2799,0.012558,0.23806,0.33011,0.25348,0.0068518,-0.3724,-0.80195,-1.1837,-1.4344,-1.508,-1.389,-1.0963,-0.67422,-0.18195,0.31968,0.77721,1.1495,1.4095,1.5529,1.5981,1.568,1.4857,1.3511,1.1458,0.86905,0.53566,0.20247,-0.052966,-0.16988,-0.14682,-0.029536,0.1074,0.19651,0.19703,0.10152,-0.062195,-0.25013,-0.41679,-0.53692,-0.61563,-0.68055,-0.76151,-0.8516,-0.92034,-0.91284,-0.79485,-0.58393,-0.33696,-0.11155,0.060777,0.1766,0.25545,0.3088,0.34748,0.37511
-1.255,-1.2816,-1.3106,-1.3279,-1.2084,-0.94458,-0.65409,-0.41581,-0.23735,-0.10943,-0.034627,-0.009067,-0.0070903,0.0012629,0.030052,0.070587,0.092836,0.051382,-0.084718,-0.29793,-0.52137,-0.67067,-0.68074,-0.53406,-0.27082,0.024614,0.26398,0.38189,0.34513,0.14888,-0.17725,-0.57303,-0.95056,-1.2278,-1.3338,-1.2346,-0.93579,-0.4882,0.030761,0.55263,1.0233,1.4049,1.6777,1.8354,1.8851,1.8489,1.735,1.5469,1.2847,0.9445,0.56025,0.19176,-0.084287,-0.2116,-0.18054,-0.046431,0.10852,0.20861,0.20885,0.10849,-0.066692,-0.25727,-0.41265,-0.51216,-0.56911,-0.61498,-0.67382,-0.75482,-0.82173,-0.82562,-0.73813,-0.57469,-0.38189,-0.20564,-0.069913,0.024574,0.08683,0.13544,0.17824,0.21389
-1.2345,-1.248,-1.2916,-1.3398,-1.2432,-0.97631,-0.66726,-0.41536,-0.24029,-0.1279,-0.069865,-0.05376,-0.050816,-0.033047,0.010343,0.069342,0.11228,0.091808,-0.026453,-0.22865,-0.4494,-0.60252,-0.61926,-0.47895,-0.2192,0.078387,0.32971,0.47367,0.4793,0.33926,0.069606,-0.28274,-0.64691,-0.93822,-1.0753,-1.005,-0.7205,-0.27491,0.25663,0.79278,1.2714,1.6546,1.9176,2.0587,2.094,2.0332,1.8936,1.6754,1.3695,0.99354,0.57538,0.1802,-0.11096,-0.23615,-0.20126,-0.060796,0.10019,0.20574,0.21144,0.11011,-0.057526,-0.23891,-0.38317,-0.46622,-0.49838,-0.51308,-0.54534,-0.60293,-0.66831,-0.70007,-0.66348,-0.55763,-0.41504,-0.27718,-0.17114,-0.10082,-0.055604,-0.025933,-0.0019316,0.020746
-1.1929,-1.1927,-1.2435,-1.3113,-1.2311,-0.96393,-0.64332,-0.3853,-0.21697,-0.12294,-0.085388,-0.082627,-0.082551,-0.05762,-0.0026068,0.070301,0.12795,0.12167,0.015802,-0.17658,-0.39057,-0.53936,-0.55267,-0.40934,-0.14922,0.14763,0.40238,0.55918,0.59095,0.49049,0.26255,-0.056379,-0.40425,-0.69727,-0.85291,-0.80436,-0.54208,-0.11029,0.4101,0.93935,1.4148,1.7926,2.0512,2.1874,2.2108,2.1374,1.9761,1.7282,1.3959,0.992,0.55615,0.15562,-0.13144,-0.25307,-0.20846,-0.058262,0.11056,0.21992,0.2248,0.12787,-0.040118,-0.21451,-0.34188,-0.40302,-0.41584,-0.41693,-0.43512,-0.4879,-0.55457,-0.59764,-0.5873,-0.52235,-0.42802,-0.33572,-0.26461,-0.21687,-0.18694,-0.15943,-0.1289,-0.098551
-1.1069,-1.0857,-1.1424,-1.2312,-1.1703,-0.90601,-0.57623,-0.31617,-0.16414,-0.10196,-0.098669,-0.11802,-0.12132,-0.086488,-0.013812,0.079537,0.15754,0.17058,0.08222,-0.095222,-0.29602,-0.4318,-0.43286,-0.28134,-0.021764,0.26713,0.51269,0.67251,0.72989,0.67586,0.50537,0.23235,-0.094898,-0.39664,-0.57981,-0.56992,-0.34409,0.059117,0.56073,1.0793,1.548,1.9201,2.1708,2.2935,2.2974,2.1979,2.0052,1.7266,1.3699,0.95382,0.52076,0.1333,-0.13847,-0.24634,-0.19741,-0.048195,0.11924,0.23157,0.24747,0.16447,0.023376,-0.12353,-0.23169,-0.28275,-0.28705,-0.27406,-0.27934,-0.31785,-0.38681,-0.45977,-0.50338,-0.5009,-0.46245,-0.41367,-0.37611,-0.35416,-0.3436,-0.33532,-0.32145,-0.29981
-0.99281,-0.95181,-1.0122,-1.1158,-1.0718,-0.81234,-0.48131,-0.22765,-0.09879,-0.074285,-0.10866,-0.14995,-0.15557,-0.10776,-0.013945,0.10241,0.2025,0.2355,0.16509,0.0040286,-0.18104,-0.30071,-0.28694,-0.12795,0.12592,0.39768,0.62204,0.77329,0.84331,0.82217,0.69656,0.45957,0.14724,-0.166,-0.37876,-0.41074,-0.22477,0.14576,0.62931,1.1396,1.6031,1.9683,2.2043,2.3064,2.2887,2.1657,1.9538,1.6609,1.2947,0.88317,0.46678,0.10621,-0.1364,-0.22414,-0.16672,-0.01689,0.15157,0.27177,0.3038,0.24598,0.12966,0.0045582,-0.085929,-0.12424,-0.12172,-0.10749,-0.1116,-0.15638,-0.24084,-0.34242,-0.43004,-0.48321,-0.50255,-0.5041,-0.50453,-0.51137,-0.51863,-0.51901,-0.50714,-0.48399
-0.89472,-0.84134,-0.90385,-1.0162,-0.98135,-0.72777,-0.40028,-0.15585,-0.047917,-0.053683,-0.11625,-0.17293,-0.178,-0.11761,-0.0053202,0.13035,0.24763,0.29495,0.23703,0.087767,-0.086167,-0.19571,-0.17422,-0.014115,0.23157,0.48651,0.69409,0.83462,0.90671,0.89991,0.79214,0.57001,0.26045,-0.060748,-0.29324,-0.34813,-0.18855,0.15746,0.61957,1.1147,1.5712,1.9311,2.1645,2.2637,2.2367,2.1054,1.881,1.5749,1.2074,0.8027,0.40913,0.081781,-0.12863,-0.19644,-0.12926,0.023915,0.19497,0.32095,0.36504,0.32804,0.23471,0.13068,0.051269,0.011618,0.0063061,0.014359,0.0042443,-0.042985,-0.13658,-0.26135,-0.38562,-0.48099,-0.53955,-0.57359,-0.60039,-0.62698,-0.65048,-0.66358,-0.65941,-0.63704
-0.75477,-0.69061,-0.75679,-0.8776,-0.85149,-0.60632,-0.28857,-0.061451,0.016564,-0.027865,-0.1259,-0.20077,-0.20264,-0.12383,0.014285,0.17644,0.31604,0.38068,0.33703,0.2011,0.040465,-0.057425,-0.03059,0.12461,0.35282,0.58125,0.76184,0.88061,0.94337,0.9434,0.84795,0.63674,0.32858,-0.0044293,-0.26389,-0.35381,-0.23308,0.079376,0.5161,0.99816,1.451,1.8139,2.0489,2.143,2.1073,1.9601,1.7236,1.4164,1.0577,0.6845,0.3372,0.062905,-0.099307,-0.13102,-0.052053,0.098426,0.26637,0.40099,0.4686,0.46099,0.3998,0.31576,0.24139,0.19571,0.17852,0.17235,0.15076,0.088195,-0.026506,-0.18008,-0.34179,-0.48173,-0.58746,-0.66533,-0.72817,-0.78285,-0.82547,-0.84914,-0.84839,-0.82423
-0.64844,-0.5809,-0.65156,-0.7768,-0.75461,-0.51582,-0.20728,0.0055035,0.061863,-0.0085632,-0.12911,-0.21521,-0.21533,-0.12409,0.031359,0.21201,0.36801,0.44519,0.41061,0.28262,0.1304,0.039423,0.066945,0.21256,0.42201,0.62574,0.7806,0.87847,0.93098,0.93078,0.84264,0.637,0.3266,-0.020893,-0.30291,-0.42432,-0.33266,-0.043544,0.38143,0.86003,1.3129,1.6796,1.9173,2.0131,1.9785,1.8299,1.5923,1.287,0.93885,0.58871,0.27752,0.04739,-0.072149,-0.076151,0.020637,0.17789,0.34648,0.48252,0.55859,0.5687,0.52501,0.45335,0.37871,0.31986,0.28386,0.2618,0.22735,0.15766,0.035944,-0.13092,-0.31501,-0.48413,-0.62041,-0.72557,-0.81092,-0.8843,-0.94171,-0.97861,-0.98906,-0.97157
-0.51135,-0.44586,-0.52528,-0.65505,-0.63538,-0.40382,-0.10879,0.085798,0.11798,0.020969,-0.12112,-0.21976,-0.22099,-0.12143,0.050414,0.25206,0.42974,0.52411,0.5006,0.38036,0.23498,0.148,0.17157,0.29974,0.48041,0.64778,0.76415,0.83214,0.86746,0.86182,0.77685,0.57246,0.25472,-0.11023,-0.41862,-0.56962,-0.50829,-0.24634,0.15719,0.62273,1.0744,1.4478,1.7012,1.8171,1.7972,1.6608,1.4259,1.1207,0.78706,0.46768,0.21211,0.049195,-0.012788,0.021559,0.13014,0.28553,0.4531,0.59631,0.68637,0.71151,0.67891,0.6069,0.52111,0.44394,0.38645,0.34314,0.29375,0.21079,0.076936,-0.102,-0.30012,-0.48782,-0.64873,-0.78364,-0.90068,-1.0024,-1.0864,-1.1419,-1.1602,-1.14
-0.38637,-0.33019,-0.42095,-0.55443,-0.53406,-0.30772,-0.025274,0.15385,0.17045,0.060025,-0.093135,-0.20093,-0.21096,-0.11659,0.060122,0.27775,0.47648,0.58841,0.57492,0.4585,0.31367,0.22405,0.2379,0.34695,0.49792,0.63086,0.71378,0.75297,0.76655,0.74939,0.6592,0.45226,0.13061,-0.24329,-0.56753,-0.73895,-0.7027,-0.46491,-0.083,0.37175,0.82602,1.2136,1.4872,1.6236,1.6225,1.4985,1.276,0.98708,0.67489,0.39243,0.18192,0.068395,0.053985,0.12104,0.24947,0.40896,0.56961,0.70435,0.79214,0.8216,0.79021,0.71201,0.60835,0.50347,0.41522,0.34598,0.28106,0.19207,0.061542,-0.10958,-0.30188,-0.49112,-0.66272,-0.81545,-0.95401,-1.0812,-1.1861,-1.2598,-1.2936,-1.285
-0.30429,-0.2589,-0.35955,-0.49538,-0.47267,-0.24884,0.026438,0.19783,0.20985,0.097623,-0.056365,-0.16981,-0.19248,-0.11117,0.061109,0.2863,0.4993,0.62419,0.61779,0.50312,0.35708,0.26346,0.26783,0.36024,0.48832,0.5969,0.65762,0.67759,0.67548,0.64847,0.55303,0.34473,0.023363,-0.35229,-0.68083,-0.86158,-0.83625,-0.61181,-0.23967,0.20944,0.66352,1.0604,1.3491,1.5036,1.5204,1.4098,1.1965,0.91572,0.61793,0.35916,0.18232,0.10366,0.11531,0.19878,0.3297,0.48559,0.64128,0.77159,0.8555,0.87953,0.84247,0.75246,0.62954,0.50012,0.38694,0.29781,0.22089,0.13161,0.010633,-0.14473,-0.31995,-0.4958,-0.66155,-0.81786,-0.96893,-1.1127,-1.2398,-1.3337,-1.3807,-1.3754
-0.21424,-0.1865,-0.30151,-0.4399,-0.41238,-0.18791,0.081742,0.24948,0.26475,0.16128,0.013399,-0.10674,-0.15237,-0.099469,0.056187,0.28398,0.51162,0.65184,0.65482,0.54354,0.3971,0.29845,0.28955,0.35849,0.45666,0.53429,0.56808,0.567,0.55082,0.51195,0.40927,0.19826,-0.12093,-0.48848,-0.80485,-0.97418,-0.94402,-0.72565,-0.36977,0.059689,0.50338,0.90311,1.211,1.3918,1.4322,1.3387,1.1363,0.86765,0.58705,0.35476,0.20893,0.16042,0.19625,0.29303,0.42597,0.57356,0.71526,0.83073,0.90089,0.91239,0.85846,0.74676,0.59699,0.43662,0.29116,0.17359,0.07946,-0.0090469,-0.11113,-0.23281,-0.36744,-0.50597,-0.64671,-0.79481,-0.95345,-1.1163,-1.2661,-1.3816,-1.4453,-1.4509
-0.14892,-0.1413,-0.27056,-0.41018,-0.37527,-0.1464,0.12434,0.29654,0.32476,0.23913,0.10264,-0.025064,-0.09913,-0.082826,0.046943,0.2685,0.50512,0.65796,0.66991,0.56327,0.41802,0.31566,0.29544,0.34475,0.41804,0.47126,0.48513,0.47011,0.44124,0.38823,0.2718,0.055649,-0.25314,-0.5927,-0.87221,-1.0056,-0.95363,-0.73036,-0.38513,0.025773,0.45065,0.83806,1.1443,1.3345,1.3888,1.3114,1.1213,0.86084,0.59248,0.37366,0.24529,0.21308,0.25896,0.35704,0.48586,0.62446,0.75303,0.85263,0.90675,0.90245,0.83377,0.70424,0.52866,0.33239,0.14511,-0.0096312,-0.12357,-0.2078,-0.27728,-0.34765,-0.42718,-0.519,-0.62675,-0.7561,-0.9098,-1.081,-1.2467,-1.3848,-1.4719,-1.494
-0.11763,-0.12541,-0.26385,-0.40264,-0.36135,-0.12652,0.14922,0.32944,0.37187,0.30285,0.17602,0.041379,-0.056338,-0.069526,0.0381,0.25166,0.49195,0.65245,0.67064,0.56757,0.42369,0.31993,0.29328,0.33086,0.3892,0.42986,0.43684,0.41684,0.37945,0.31376,0.18358,-0.037446,-0.33487,-0.64565,-0.88377,-0.97664,-0.89508,-0.65937,-0.3171,0.080443,0.48407,0.85396,1.1456,1.3263,1.3801,1.3025,1.1156,0.86153,0.59913,0.39012,0.27074,0.24337,0.28836,0.38358,0.50437,0.63383,0.75431,0.84729,0.89482,0.88207,0.80313,0.65766,0.46022,0.23788,0.023577,-0.15456,-0.28509,-0.36488,-0.41327,-0.44859,-0.4847,-0.53317,-0.60694,-0.71753,-0.86713,-1.0425,-1.2194,-1.3656,-1.4548,-1.4765
-0.10073,-0.12764,-0.27482,-0.40991,-0.35781,-0.11208,0.17379,0.37022,0.43514,0.38933,0.27343,0.12767,-0.0014322,-0.053164,0.026035,0.22861,0.47029,0.63666,0.66033,0.56153,0.42154,0.31952,0.28813,0.3126,0.35563,0.38523,0.38892,0.36898,0.32548,0.24405,0.094043,-0.13729,-0.42055,-0.68744,-0.85743,-0.8736,-0.73035,-0.46348,-0.12574,0.23969,0.60032,0.92524,1.1829,1.3419,1.3821,1.2992,1.1119,0.86047,0.60129,0.39372,0.27068,0.2373,0.27782,0.36874,0.48893,0.61804,0.73601,0.82372,0.86438,0.84528,0.75744,0.60215,0.39001,0.14264,-0.10901,-0.33,-0.48922,-0.57721,-0.6006,-0.58495,-0.56148,-0.55708,-0.5909,-0.67367,-0.80534,-0.97498,-1.1483,-1.298,-1.3971,-1.4308
-0.10706,-0.1463,-0.29619,-0.42584,-0.3643,-0.10875,0.18775,0.39811,0.4813,0.45139,0.34138,0.18607,0.03385,-0.042974,0.018542,0.21405,0.45512,0.6217,0.64485,0.54712,0.41072,0.31219,0.28077,0.29957,0.33511,0.35961,0.3642,0.34852,0.3072,0.21695,0.051605,-0.19074,-0.46752,-0.7009,-0.81342,-0.76539,-0.56948,-0.27605,0.063026,0.40624,0.73051,1.0124,1.2317,1.3635,1.3855,1.2933,1.0978,0.83748,0.57279,0.35939,0.23422,0.19976,0.2382,0.32797,0.44867,0.581,0.70489,0.80006,0.84812,0.83397,0.74999,0.59129,0.36588,0.095742,-0.18476,-0.43488,-0.62046,-0.71497,-0.72671,-0.68438,-0.62517,-0.58325,-0.58484,-0.64507,-0.76391,-0.92104,-1.0937,-1.2421,-1.3356,-1.3611
-0.14071,-0.19292,-0.33997,-0.4576,-0.38085,-0.11133,0.20018,0.43054,0.53669,0.52488,0.41878,0.24852,0.068682,-0.035437,0.0083913,0.19796,0.43614,0.59753,0.61456,0.51404,0.38039,0.28783,0.26056,0.27823,0.31047,0.33533,0.3459,0.34049,0.30397,0.20331,0.016575,-0.24252,-0.50987,-0.69522,-0.72821,-0.59777,-0.33871,-0.012728,0.32832,0.64839,0.92676,1.1539,1.3151,1.3944,1.3777,1.2562,1.0418,0.76966,0.49407,0.27211,0.13811,0.097368,0.13599,0.23317,0.36829,0.51881,0.66126,0.77336,0.83658,0.8374,0.76291,0.61045,0.38364,0.097902,-0.21629,-0.51374,-0.74176,-0.86583,-0.87963,-0.8155,-0.72314,-0.64633,-0.61348,-0.63832,-0.72103,-0.85037,-0.99292,-1.1216,-1.2094,-1.2407
-0.20281,-0.26292,-0.39903,-0.49791,-0.40306,-0.11941,0.20581,0.45464,0.58101,0.58312,0.47661,0.29085,0.087457,-0.036675,-0.0023473,0.18332,0.4151,0.56503,0.56939,0.46078,0.32657,0.23882,0.21704,0.24019,0.27763,0.31238,0.33901,0.3492,0.31602,0.20442,-0.0054844,-0.28173,-0.5364,-0.67287,-0.63401,-0.42798,-0.11302,0.24241,0.58236,0.87636,1.1119,1.2838,1.3883,1.416,1.3547,1.198,0.9563,0.66279,0.36893,0.13313,-0.010121,-0.052692,-0.0068335,0.1075,0.26511,0.44267,0.6156,0.76029,0.85563,0.88266,0.82995,0.68685,0.45373,0.14568,-0.20471,-0.54788,-0.82708,-0.98942,-1.0225,-0.95595,-0.84333,-0.73573,-0.66806,-0.6571,-0.70312,-0.79214,-0.90108,-0.99906,-1.062,-1.0774
-0.26785,-0.32984,-0.45174,-0.53209,-0.42153,-0.12813,0.20645,0.46747,0.60632,0.61637,0.50774,0.30979,0.091065,-0.042832,-0.011652,0.17138,0.3952,0.53133,0.52097,0.40295,0.26716,0.18356,0.16806,0.19799,0.24262,0.2869,0.32825,0.35276,0.32729,0.21287,-0.01019,-0.29638,-0.54549,-0.65374,-0.57238,-0.32184,0.026454,0.39801,0.73808,1.0172,1.2272,1.3658,1.4352,1.4295,1.3361,1.151,0.8814,0.5622,0.25141,0.0021453,-0.14506,-0.18348,-0.12683,0.0035469,0.18428,0.38961,0.59221,0.76505,0.88463,0.9336,0.89437,0.75898,0.52605,0.20689,-0.1689,-0.55057,-0.87159,-1.0748,-1.1357,-1.0803,-0.96296,-0.83641,-0.73748,-0.68709,-0.69132,-0.74151,-0.81408,-0.88426,-0.92873,-0.93519
-0.37789,-0.43782,-0.53258,-0.58115,-0.44741,-0.1415,0.2032,0.47689,0.6299,0.64842,0.53512,0.31981,0.083937,-0.058222,-0.027244,0.15146,0.35823,0.4667,0.42829,0.29232,0.15394,0.080633,0.080913,0.12508,0.18186,0.23803,0.29338,0.33517,0.32732,0.21981,-0.0051736,-0.29583,-0.54084,-0.62662,-0.50708,-0.22096,0.15241,0.5345,0.87357,1.1433,1.335,1.4497,1.4854,1.4375,1.3006,1.0726,0.7698,0.42727,0.096867,-0.16308,-0.31719,-0.35379,-0.2828,-0.12631,0.087498,0.32916,0.56895,0.77935,0.93544,1.0135,0.99671,0.86982,0.6293,0.28756,-0.1239,-0.55313,-0.93351,-1.1944,-1.3002,-1.2657,-1.1426,-0.98833,-0.84674,-0.7435,-0.6881,-0.67683,-0.69401,-0.71786,-0.72989,-0.71939
-0.47707,-0.5321,-0.60075,-0.62072,-0.46824,-0.15385,0.19659,0.47831,0.6413,0.66542,0.54693,0.31864,0.070355,-0.075612,-0.042619,0.13149,0.32106,0.40232,0.33582,0.18158,0.040528,-0.022326,-0.0056601,0.053988,0.1235,0.19031,0.25406,0.3068,0.31053,0.21159,-0.0068608,-0.29447,-0.53417,-0.61023,-0.47736,-0.17923,0.20101,0.58435,0.92015,1.1849,1.3713,1.4797,1.5055,1.4414,1.2817,1.0267,0.69751,0.33371,-0.010491,-0.27715,-0.43212,-0.4639,-0.38159,-0.20774,0.028763,0.29697,0.56435,0.80015,0.97705,1.0725,1.0637,0.93885,0.69451,0.34103,-0.093241,-0.55779,-0.97934,-1.2872,-1.4311,-1.416,-1.2903,-1.1125,-0.9305,-0.77684,-0.66891,-0.60724,-0.58142,-0.57346,-0.56472,-0.54358
-0.62969,-0.67455,-0.70219,-0.68013,-0.5009,-0.17599,0.18015,0.47158,0.64872,0.68121,0.55633,0.30985,0.044868,-0.1053,-0.069712,0.096999,0.25882,0.29639,0.18402,-0.0019896,-0.1505,-0.19903,-0.1578,-0.072939,0.018545,0.10507,0.18798,0.25719,0.27296,0.18557,-0.02261,-0.29957,-0.52966,-0.60138,-0.47189,-0.17996,0.19272,0.57067,0.90331,1.1689,1.361,1.4765,1.5083,1.4427,1.2683,0.98821,0.62586,0.23163,-0.12958,-0.40161,-0.54882,-0.56651,-0.4683,-0.27588,-0.019085,0.27043,0.56128,0.82286,1.0252,1.1386,1.1407,1.0139,0.75552,0.37943,-0.082597,-0.57965,-1.0438,-1.3947,-1.5782,-1.5858,-1.4556,-1.2464,-1.0132,-0.79668,-0.62073,-0.49509,-0.41106,-0.3558,-0.31648,-0.28452
-0.80264,-0.83468,-0.81676,-0.75046,-0.54214,-0.20689,0.1536,0.45553,0.64905,0.6928,0.56347,0.29918,0.016864,-0.13928,-0.10474,0.051338,0.18142,0.16954,0.0044076,-0.21988,-0.37995,-0.41435,-0.34541,-0.23133,-0.11357,-0.0043376,0.10085,0.18746,0.21785,0.14638,-0.046311,-0.30747,-0.53221,-0.61468,-0.51101,-0.24952,0.099327,0.46471,0.80004,1.0803,1.2948,1.4351,1.4847,1.4257,1.2467,0.95243,0.57631,0.17246,-0.19404,-0.46478,-0.61154,-0.62767,-0.52364,-0.32174,-0.050451,0.25751,0.56763,0.84595,1.0598,1.1795,1.1791,1.045,0.77698,0.3901,-0.084239,-0.59632,-1.0774,-1.4518,-1.6575,-1.6777,-1.5424,-1.3065,-1.0268,-0.75149,-0.51445,-0.33225,-0.2029,-0.11662,-0.059189,-0.019341
-0.94355,-0.96529,-0.91187,-0.81094,-0.58044,-0.23651,0.12768,0.43818,0.64563,0.69967,0.56881,0.29223,-0.003821,-0.16773,-0.13824,0.0057409,0.11013,0.060248,-0.14624,-0.40148,-0.57162,-0.59508,-0.50242,-0.36124,-0.2202,-0.093839,0.022822,0.11892,0.1621,0.10776,-0.065226,-0.31224,-0.53897,-0.64097,-0.568,-0.33805,-0.013076,0.34012,0.67567,0.96789,1.2039,1.3707,1.4466,1.4066,1.2348,0.93724,0.54998,0.13569,-0.23309,-0.49962,-0.63819,-0.64812,-0.54129,-0.33699,-0.062111,0.25147,0.56838,0.85264,1.0692,1.1883,1.1822,1.04,0.76553,0.37745,-0.091259,-0.59285,-1.064,-1.4329,-1.641,-1.6649,-1.5256,-1.2742,-0.97009,-0.66532,-0.39677,-0.1831,-0.027877,0.077997,0.14542,0.18382
-1.1429,-1.1513,-1.0505,-0.90387,-0.64235,-0.28308,0.088584,0.41226,0.63898,0.70725,0.57623,0.28532,-0.029725,-0.20835,-0.19183,-0.069915,-0.0018973,-0.10015,-0.3586,-0.65468,-0.83944,-0.8483,-0.7224,-0.54164,-0.36665,-0.21557,-0.0876,0.018112,0.076638,0.046756,-0.09318,-0.31979,-0.55044,-0.68782,-0.66889,-0.49335,-0.20809,0.1281,0.46691,0.78062,1.051,1.2565,1.3689,1.3563,1.1982,0.90264,0.50842,0.086923,-0.28009,-0.53826,-0.66475,-0.66573,-0.55576,-0.35185,-0.07777,0.23504,0.55202,0.837,1.0534,1.1654,1.1531,1.0047,0.72757,0.3465,-0.099978,-0.56262,-0.98658,-1.314,-1.4979,-1.5181,-1.3847,-1.1336,-0.81565,-0.48525,-0.18699,0.050982,0.22726,0.34498,0.41536,0.4493
-1.351,-1.3474,-1.2019,-1.0107,-0.7156,-0.33512,0.049718,0.38749,0.63103,0.71099,0.58003,0.2771,-0.056066,-0.25445,-0.25812,-0.1635,-0.1319,-0.27286,-0.57333,-0.90118,-1.098,-1.0964,-0.94364,-0.72939,-0.52018,-0.33986,-0.19035,-0.068029,0.006465,-0.0023623,-0.11848,-0.32974,-0.56828,-0.74585,-0.78924,-0.6774,-0.43486,-0.11417,0.23672,0.57962,0.88542,1.1258,1.2636,1.2661,1.1167,0.82243,0.43149,0.017462,-0.34076,-0.58362,-0.69883,-0.69495,-0.58497,-0.38282,-0.11028,0.2038,0.52146,0.80187,1.0063,1.1061,1.0767,0.91885,0.64982,0.30051,-0.090257,-0.48065,-0.82874,-1.0936,-1.2445,-1.2595,-1.1351,-0.89265,-0.5767,-0.2427,0.060985,0.30775,0.48515,0.60023,0.66536,0.69207
-1.5095,-1.4987,-1.3222,-1.0993,-0.77706,-0.37597,0.023401,0.37155,0.6243,0.70971,0.57766,0.26754,-0.078332,-0.29289,-0.31617,-0.24413,-0.23767,-0.40444,-0.72795,-1.0722,-1.2763,-1.2717,-1.1054,-0.87041,-0.63558,-0.43028,-0.25551,-0.11521,-0.02638,-0.021644,-0.12823,-0.33467,-0.5847,-0.79272,-0.88092,-0.81142,-0.5971,-0.2855,0.069495,0.42505,0.74825,1.0066,1.162,1.1782,1.0346,0.74217,0.34814,-0.067751,-0.41884,-0.65045,-0.74967,-0.7309,-0.61185,-0.4078,-0.1374,0.16856,0.47484,0.74408,0.93977,1.0273,0.99595,0.84373,0.58949,0.2675,-0.07998,-0.41158,-0.69443,-0.90455,-1.0184,-1.0202,-0.9025,-0.67629,-0.37599,-0.051568,0.24898,0.49319,0.67194,0.78667,0.84708,0.86375
-1.7198,-1.7011,-1.488,-1.2274,-0.86708,-0.43116,-0.0060994,0.3568,0.61556,0.702,0.56746,0.24953,-0.1107,-0.34792,-0.40227,-0.36382,-0.38811,-0.57953,-0.92152,-1.2792,-1.4905,-1.483,-1.3016,-1.0401,-0.77216,-0.5328,-0.32773,-0.16385,-0.05672,-0.034135,-0.12706,-0.33013,-0.59776,-0.8459,-0.98869,-0.96843,-0.78592,-0.48515,-0.12683,0.23915,0.5735,0.8409,1.0019,1.0193,0.87473,0.57944,0.1848,-0.22389,-0.5581,-0.76453,-0.83845,-0.80219,-0.67502,-0.46899,-0.20072,0.1032,0.4049,0.66224,0.8371,0.90629,0.85584,0.7002,0.47001,0.20425,-0.060697,-0.29878,-0.49388,-0.63702,-0.71587,-0.70957,-0.6003,-0.38968,-0.10663,0.20141,0.48739,0.72222,0.89064,0.99575,1.0476,1.0571
-1.8728,-1.8504,-1.6143,-1.3293,-0.9397,-0.47214,-0.022838,0.35154,0.61056,0.69336,0.55568,0.23422,-0.135,-0.3912,-0.4735,-0.46352,-0.50885,-0.71143,-1.0576,-1.4172,-1.6298,-1.6201,-1.4292,-1.1498,-0.85973,-0.5972,-0.37378,-0.19387,-0.071742,-0.03593,-0.11568,-0.31601,-0.59472,-0.87059,-1.0486,-1.0624,-0.90047,-0.60621,-0.24473,0.12465,0.45687,0.71421,0.85984,0.8632,0.70979,0.41439,0.029266,-0.36432,-0.68127,-0.86696,-0.9218,-0.86875,-0.72861,-0.516,-0.24655,0.052608,0.34278,0.58311,0.73966,0.79243,0.73594,0.58863,0.38188,0.15387,-0.060699,-0.23995,-0.37657,-0.47419,-0.52389,-0.50683,-0.40141,-0.20263,0.06612,0.36102,0.63728,0.86335,1.0284,1.1325,1.1819,1.1833
-2.0652,-2.0417,-1.7814,-1.4705,-1.0415,-0.5257,-0.037786,0.35273,0.60869,0.68193,0.53841,0.21497,-0.16385,-0.44838,-0.57378,-0.60601,-0.67762,-0.88645,-1.225,-1.5748,-1.7833,-1.7728,-1.5757,-1.2806,-0.96567,-0.67403,-0.42453,-0.22049,-0.078378,-0.028629,-0.098352,-0.29826,-0.5869,-0.88672,-1.0979,-1.1441,-1.0031,-0.71757,-0.36132,-0.0039996,0.30538,0.53147,0.64623,0.6267,0.46102,0.16566,-0.21102,-0.58783,-0.87676,-1.0279,-1.0423,-0.95275,-0.78929,-0.56523,-0.29956,-0.014115,0.25816,0.47915,0.6153,0.64634,0.57957,0.43311,0.24526,0.058997,-0.093348,-0.2007,-0.27329,-0.31843,-0.33772,-0.31086,-0.20955,-0.021113,0.23662,0.52186,0.7894,1.0077,1.1651,1.2616,1.3049,1.3035
-2.2392,-2.2183,-1.942,-1.6153,-1.1482,-0.57828,-0.044951,0.36544,0.61594,0.67599,0.52604,0.20252,-0.18402,-0.4976,-0.67058,-0.75012,-0.84909,-1.0587,-1.3798,-1.7101,-1.9104,-1.9026,-1.7088,-1.4063,-1.071,-0.74924,-0.46533,-0.23408,-0.074983,-0.016017,-0.086893,-0.289,-0.58543,-0.89521,-1.1216,-1.1808,-1.0517,-0.77795,-0.44031,-0.1114,0.15787,0.34014,0.41319,0.36043,0.17975,-0.11555,-0.47269,-0.81178,-1.0549,-1.1589,-1.1369,-1.0229,-0.84128,-0.60691,-0.33189,-0.044808,0.21432,0.40656,0.50604,0.50757,0.41795,0.26951,0.10023,-0.052512,-0.16323,-0.22663,-0.25444,-0.26701,-0.26332,-0.22179,-0.11212,0.079297,0.33467,0.61354,0.87392,1.088,1.2427,1.3394,1.3836,1.381
-2.3546,-2.3372,-2.0547,-1.723,-1.2305,-0.61751,-0.045705,0.38254,0.62945,0.67843,0.52412,0.20179,-0.18892,-0.52306,-0.73302,-0.85086,-0.9723,-1.1829,-1.4888,-1.8008,-1.9929,-1.9897,-1.8031,-1.4995,-1.1506,-0.80834,-0.50226,-0.25491,-0.085101,-0.019299,-0.086281,-0.28647,-0.58495,-0.89925,-1.1296,-1.1919,-1.0655,-0.79994,-0.47823,-0.17766,0.05358,0.18941,0.21871,0.13709,-0.052601,-0.33143,-0.65329,-0.94976,-1.1529,-1.2228,-1.1737,-1.0391,-0.84543,-0.60363,-0.33255,-0.054998,0.19213,0.37047,0.45295,0.43125,0.32474,0.16202,-0.014643,-0.16353,-0.2581,-0.29692,-0.30033,-0.2884,-0.26642,-0.21356,-0.098104,0.095774,0.35247,0.63274,0.89452,1.1085,1.2645,1.3622,1.4078,1.4081
-2.4838,-2.4733,-2.1899,-1.8611,-1.3409,-0.66953,-0.042825,0.41251,0.65723,0.69357,0.53409,0.21584,-0.17636,-0.53588,-0.79463,-0.96568,-1.1228,-1.3397,-1.6274,-1.9154,-2.0965,-2.0988,-1.9213,-1.6171,-1.2546,-0.8929,-0.57083,-0.30974,-0.12865,-0.052382,-0.10757,-0.30307,-0.59806,-0.91245,-1.1387,-1.1977,-1.0706,-0.81493,-0.5196,-0.26247,-0.088713,-0.015732,-0.041151,-0.1554,-0.34614,-0.59021,-0.85227,-1.079,-1.2155,-1.2415,-1.1657,-1.0164,-0.81471,-0.57256,-0.29871,-0.023334,0.21213,0.36629,0.41356,0.35409,0.20716,0.015219,-0.17706,-0.33045,-0.42094,-0.44714,-0.42681,-0.39026,-0.34297,-0.26833,-0.13741,0.065281,0.32548,0.60612,0.86768,1.085,1.2437,1.3459,1.3977,1.4053
-2.5593,-2.5551,-2.2771,-1.9574,-1.4232,-0.7092,-0.039433,0.43852,0.685,0.7142,0.55227,0.24033,-0.14961,-0.52422,-0.81762,-1.0302,-1.2191,-1.4471,-1.7271,-2.0013,-2.175,-2.179,-2.0064,-1.7035,-1.3373,-0.96851,-0.6383,-0.367,-0.17522,-0.090865,-0.14327,-0.34024,-0.63678,-0.94655,-1.1621,-1.2073,-1.0732,-0.82238,-0.54623,-0.3205,-0.18919,-0.1612,-0.22693,-0.36563,-0.55098,-0.76192,-0.96424,-1.119,-1.1964,-1.1821,-1.0939,-0.95121,-0.76226,-0.52885,-0.26202,0.010213,0.2415,0.38552,0.41343,0.32501,0.14419,-0.084649,-0.30981,-0.48402,-0.57841,-0.59343,-0.55534,-0.49445,-0.4267,-0.33738,-0.19693,0.011138,0.27384,0.55595,0.81954,1.0372,1.202,1.3108,1.3679,1.3789
-2.6286,-2.633,-2.369,-2.072,-1.5299,-0.76353,-0.035129,0.47652,0.73016,0.75416,0.59373,0.29389,-0.086707,-0.4742,-0.80968,-1.0785,-1.3155,-1.5682,-1.8487,-2.1108,-2.2754,-2.28,-2.1139,-1.8174,-1.4558,-1.0874,-0.74909,-0.46568,-0.25879,-0.16568,-0.22052,-0.4234,-0.72626,-1.0294,-1.226,-1.2445,-1.0892,-0.83374,-0.57098,-0.38033,-0.30086,-0.33777,-0.46109,-0.62559,-0.79202,-0.93122,-1.0332,-1.0888,-1.0892,-1.0388,-0.94424,-0.8147,-0.64901,-0.43765,-0.18804,0.071318,0.29142,0.41942,0.4199,0.28873,0.057162,-0.22329,-0.49267,-0.69833,-0.80775,-0.8178,-0.75398,-0.65654,-0.54704,-0.42308,-0.26439,-0.055596,0.19658,0.46543,0.71963,0.93469,1.1012,1.22,1.293,1.322
-2.6589,-2.6722,-2.4285,-2.1646,-1.6276,-0.81622,-0.03096,0.51729,0.7828,0.80725,0.65173,0.36734,0.0017926,-0.39078,-0.75928,-1.0813,-1.3706,-1.6559,-1.945,-2.2013,-2.358,-2.3603,-2.1992,-1.9144,-1.5678,-1.2127,-0.88309,-0.59709,-0.38234,-0.28303,-0.33621,-0.54496,-0.84984,-1.1469,-1.3227,-1.3116,-1.1283,-0.85508,-0.59428,-0.42348,-0.38127,-0.46585,-0.63587,-0.82624,-0.97419,-1.0455,-1.0414,-0.98531,-0.90561,-0.82233,-0.74287,-0.65538,-0.53408,-0.35697,-0.12398,0.1291,0.34209,0.45371,0.42443,0.25,-0.035975,-0.37456,-0.69545,-0.93329,-1.0463,-1.0325,-0.92915,-0.78264,-0.63321,-0.48477,-0.31634,-0.10898,0.13382,0.38806,0.62555,0.8321,0.99277,1.108,1.1816,1.2173
-2.6541,-2.6738,-2.449,-2.2166,-1.6916,-0.85297,-0.026436,0.55033,0.82666,0.85285,0.70229,0.43031,0.07716,-0.31395,-0.70012,-1.0562,-1.3824,-1.6938,-1.9931,-2.2476,-2.3986,-2.3981,-2.2418,-1.9705,-1.6435,-1.3076,-0.9907,-0.70637,-0.48734,-0.38423,-0.43912,-0.65652,-0.96947,-1.2658,-1.4243,-1.3839,-1.1693,-0.87388,-0.60329,-0.43489,-0.40951,-0.51844,-0.71742,-0.92719,-1.0638,-1.0902,-1.0144,-0.88389,-0.75269,-0.65058,-0.58487,-0.53187,-0.45026,-0.30427,-0.09118,0.15296,0.36126,0.46414,0.41537,0.20879,-0.11939,-0.49978,-0.85089,-1.1017,-1.2107,-1.1774,-1.039,-0.85354,-0.66228,-0.48094,-0.30119,-0.10813,0.10335,0.32448,0.53933,0.7288,0.88881,1.0151,1.1038,1.151
-2.6098,-2.6369,-2.4418,-2.2581,-1.7604,-0.89525,-0.017441,0.59775,0.88969,0.91933,0.77494,0.51662,0.17922,-0.20563,-0.60538,-0.99353,-1.3593,-1.703,-2.0167,-2.2679,-2.4077,-2.4023,-2.2575,-2.0147,-1.7266,-1.4264,-1.1279,-0.84745,-0.62383,-0.51727,-0.58289,-0.81874,-1.1518,-1.4494,-1.583,-1.4923,-1.2229,-0.88502,-0.58855,-0.41415,-0.39733,-0.53489,-0.76736,-0.99627,-1.1241,-1.0956,-0.94323,-0.74194,-0.56198,-0.45102,-0.40699,-0.39517,-0.36102,-0.25659,-0.07056,0.15792,0.35616,0.44683,0.37648,0.13388,-0.24027,-0.66929,-1.0572,-1.3185,-1.4053,-1.3236,-1.1262,-0.87997,-0.64188,-0.43515,-0.25273,-0.076172,0.10548,0.28959,0.46592,0.6301,0.76799,0.87817,0.96004,1.0127
-2.5211,-2.5527,-2.3929,-2.2646,-1.8042,-0.92357,-0.0023883,0.64783,0.95488,0.98743,0.84512,0.59567,0.27055,-0.10648,-0.50932,-0.91296,-1.3017,-1.6646,-1.9837,-2.2247,-2.3476,-2.3344,-2.2046,-2.0006,-1.7646,-1.5134,-1.2469,-0.97755,-0.75015,-0.63783,-0.70764,-0.96001,-1.3107,-1.612,-1.7233,-1.5907,-1.2735,-0.89092,-0.55945,-0.35851,-0.33023,-0.46902,-0.72029,-0.97622,-1.1142,-1.0715,-0.87618,-0.62362,-0.41275,-0.29536,-0.27631,-0.3106,-0.3264,-0.2601,-0.096211,0.12438,0.31923,0.40173,0.31277,0.04073,-0.37214,-0.83617,-1.2405,-1.4905,-1.5411,-1.4084,-1.1517,-0.85226,-0.56887,-0.33267,-0.14606,0.0052129,0.13846,0.26595,0.39305,0.5164,0.63709,0.74702,0.83704,0.89818
-2.4251,-2.4586,-2.3279,-2.2442,-1.817,-0.93174,0.015517,0.68783,1.0044,1.0373,0.89307,0.64514,0.32519,-0.04637,-0.4471,-0.85207,-1.2434,-1.6058,-1.9166,-2.1419,-2.2492,-2.2314,-2.1153,-1.9439,-1.752,-1.5447,-1.3107,-1.053,-0.82032,-0.69883,-0.7649,-1.0256,-1.391,-1.7003,-1.8011,-1.6414,-1.2907,-0.8774,-0.51999,-0.29821,-0.25459,-0.3857,-0.63901,-0.90561,-1.0569,-1.0181,-0.81592,-0.5534,-0.3362,-0.22812,-0.23125,-0.29438,-0.33774,-0.29489,-0.14095,0.077543,0.27276,0.35335,0.25689,-0.028346,-0.46068,-0.94232,-1.3532,-1.5915,-1.6121,-1.438,-1.1411,-0.80189,-0.48945,-0.23931,-0.055352,0.078006,0.18142,0.27179,0.36002,0.45528,0.5517,0.64529,0.72917,0.7952
-2.2604,-2.2928,-2.2035,-2.1808,-1.8023,-0.91992,0.051607,0.7455,1.0706,1.0994,0.94655,0.69295,0.37421,0.007775,-0.38451,-0.77794,-1.152,-1.49,-1.7704,-1.964,-2.0493,-2.0297,-1.9367,-1.8129,-1.6811,-1.5327,-1.3392,-1.0933,-0.84952,-0.7124,-0.76964,-1.0349,-1.4134,-1.7332,-1.8303,-1.6512,-1.273,-0.83336,-0.45038,-0.20505,-0.13528,-0.24546,-0.48441,-0.75068,-0.92115,-0.91113,-0.73873,-0.49915,-0.29921,-0.20715,-0.22731,-0.31252,-0.38344,-0.36247,-0.22602,-0.01384,0.18552,0.27414,0.18178,-0.11056,-0.55227,-1.0423,-1.4495,-1.6655,-1.6489,-1.4325,-1.0922,-0.71853,-0.37854,-0.11181,0.071083,0.1807,0.2393,0.27349,0.30806,0.35943,0.43129,0.5189,0.60918,0.68693
-2.1111,-2.14,-2.0822,-2.1044,-1.7639,-0.88943,0.090561,0.79311,1.1194,1.1407,0.9754,0.7117,0.38912,0.02537,-0.35632,-0.73068,-1.0764,-1.3797,-1.6251,-1.7904,-1.8598,-1.8412,-1.7673,-1.6772,-1.5879,-1.4787,-1.3078,-1.0643,-0.81097,-0.661,-0.71066,-0.97385,-1.3507,-1.6716,-1.7736,-1.603,-1.2324,-0.79319,-0.40283,-0.13951,-0.04518,-0.12483,-0.33891,-0.59821,-0.78377,-0.8111,-0.67839,-0.4694,-0.29341,-0.21837,-0.25707,-0.36185,-0.44861,-0.43797,-0.301,-0.081225,0.1268,0.22155,0.13217,-0.15713,-0.60054,-1.0892,-1.4881,-1.6871,-1.6467,-1.4043,-1.0434,-0.64908,-0.29502,-0.023823,0.15207,0.24331,0.27425,0.27511,0.27525,0.29933,0.35193,0.42811,0.51571,0.60015
-1.881,-1.901,-1.884,-1.9624,-1.6704,-0.81478,0.16323,0.86552,1.1847,1.1884,0.99932,0.7147,0.38204,0.022108,-0.33978,-0.67571,-0.96691,-1.2086,-1.3971,-1.5206,-1.5695,-1.5539,-1.5054,-1.458,-1.4188,-1.3521,-1.2004,-0.95128,-0.67678,-0.50315,-0.53805,-0.78965,-1.1637,-1.4886,-1.6116,-1.4753,-1.1436,-0.73129,-0.34793,-0.068189,0.060138,0.027933,-0.14041,-0.37267,-0.56569,-0.63753,-0.5706,-0.4267,-0.29999,-0.2598,-0.32092,-0.43948,-0.53433,-0.52705,-0.39048,-0.16582,0.052814,0.16198,0.087476,-0.18975,-0.62143,-1.0984,-1.4817,-1.6611,-1.6023,-1.3462,-0.97007,-0.56867,-0.20822,0.066312,0.23601,0.30523,0.2974,0.24989,0.20483,0.1961,0.23285,0.31237,0.41573,0.52052
-1.6224,-1.6268,-1.6472,-1.7752,-1.5284,-0.69765,0.26236,0.94969,1.2507,1.2291,1.0097,0.69954,0.35522,0.0021331,-0.33215,-0.61986,-0.84751,-1.0209,-1.1491,-1.2309,-1.262,-1.2523,-1.2289,-1.2183,-1.2165,-1.177,-1.0373,-0.78125,-0.48442,-0.28286,-0.28383,-0.50955,-0.87077,-1.2099,-1.3755,-1.3034,-1.0358,-0.6715,-0.31027,-0.026184,0.13413,0.14942,0.036218,-0.15118,-0.33366,-0.43616,-0.43461,-0.3659,-0.30004,-0.2966,-0.37057,-0.48642,-0.57357,-0.56275,-0.42485,-0.20245,0.014849,0.12815,0.065783,-0.19244,-0.60237,-1.0587,-1.4284,-1.602,-1.5401,-1.2795,-0.90533,-0.49867,-0.13767,0.12728,0.27551,0.31409,0.27216,0.19307,0.12292,0.094496,0.12781,0.2101,0.32115,0.44048
-1.4145,-1.4027,-1.4464,-1.6048,-1.3892,-0.58527,0.35223,1.0186,1.3003,1.2562,1.0127,0.68306,0.3317,-0.011823,-0.32099,-0.56985,-0.74966,-0.87366,-0.96004,-1.0147,-1.0366,-1.0344,-1.0301,-1.0415,-1.0584,-1.0285,-0.88868,-0.62406,-0.31344,-0.092734,-0.069682,-0.27367,-0.62283,-0.97442,-1.178,-1.1683,-0.9625,-0.64706,-0.30818,-0.02246,0.16043,0.21617,0.15059,0.0041929,-0.15823,-0.27546,-0.31538,-0.29617,-0.27153,-0.28887,-0.36672,-0.47754,-0.5593,-0.54551,-0.41506,-0.1996,0.016224,0.1341,0.080598,-0.1642,-0.55976,-1.0027,-1.3613,-1.5293,-1.4708,-1.2221,-0.8564,-0.46738,-0.12222,0.13108,0.26981,0.2961,0.23535,0.1325,0.041093,0.0043766,0.036268,0.13054,0.26245,0.40521
-1.1257,-1.0871,-1.1522,-1.3395,-1.1598,-0.40109,0.49094,1.1155,1.3646,1.2919,1.0189,0.66733,0.31171,-0.013914,-0.28737,-0.48729,-0.61023,-0.67782,-0.71883,-0.74666,-0.76241,-0.77212,-0.79094,-0.82716,-0.86256,-0.83858,-0.68845,-0.40566,-0.076475,0.16502,0.20491,0.019928,-0.31713,-0.67592,-0.92641,-0.99351,-0.87916,-0.63874,-0.3462,-0.069004,0.14107,0.25153,0.25667,0.17783,0.056834,-0.055026,-0.12738,-0.16048,-0.18075,-0.2261,-0.30653,-0.39963,-0.45809,-0.43656,-0.3125,-0.12019,0.069785,0.17397,0.12565,-0.10178,-0.46984,-0.88997,-1.2418,-1.4202,-1.3812,-1.1536,-0.81346,-0.44476,-0.12175,0.10637,0.21809,0.21838,0.13622,0.019735,-0.076169,-0.11105,-0.06575,0.043752,0.19087,0.35103
-0.83214,-0.7594,-0.83485,-1.0356,-0.88443,-0.18071,0.65193,1.2241,1.4333,1.3339,1.0395,0.67356,0.32138,0.017166,-0.22173,-0.38099,-0.46164,-0.49038,-0.50239,-0.51598,-0.53251,-0.55438,-0.5916,-0.64798,-0.69847,-0.68047,-0.52608,-0.22913,0.12113,0.38378,0.44283,0.2735,-0.060944,-0.4372,-0.73575,-0.87632,-0.84588,-0.6781,-0.43089,-0.16411,0.070815,0.23461,0.30907,0.29912,0.23043,0.13975,0.0593,0.0013555,-0.044715,-0.095602,-0.1634,-0.23632,-0.28119,-0.25864,-0.15464,0.012238,0.18117,0.27281,0.22145,0.004997,-0.34875,-0.75476,-1.101,-1.2905,-1.2803,-1.0915,-0.7909,-0.45819,-0.16586,0.035305,0.12234,0.10099,0.0033205,-0.1191,-0.21013,-0.22928,-0.16651,-0.038225,0.129,0.31213
-0.61401,-0.51077,-0.58552,-0.78736,-0.65331,0.0046967,0.78313,1.3108,1.4887,1.3707,1.0676,0.69888,0.35365,0.068466,-0.14682,-0.28287,-0.34275,-0.35547,-0.35864,-0.37153,-0.39474,-0.4285,-0.47956,-0.54871,-0.60751,-0.59285,-0.43953,-0.13841,0.22235,0.49865,0.57615,0.41843,0.085144,-0.31047,-0.64667,-0.84218,-0.8684,-0.74697,-0.52747,-0.2653,-0.013819,0.18849,0.3142,0.35713,0.33306,0.26671,0.19076,0.1259,0.072333,0.022859,-0.033163,-0.089013,-0.11995,-0.095336,-0.0020208,0.14311,0.28804,0.36323,0.30847,0.099038,-0.24026,-0.63443,-0.98055,-1.1851,-1.2023,-1.0479,-0.784,-0.48529,-0.2248,-0.050678,0.016898,-0.014727,-0.11334,-0.2282,-0.30488,-0.30799,-0.22628,-0.081574,0.097535,0.28803
-0.33233,-0.1831,-0.24383,-0.43583,-0.31974,0.27209,0.96891,1.4291,1.564,1.4269,1.1214,0.76082,0.43347,0.17523,-0.013777,-0.13221,-0.18338,-0.19304,-0.19837,-0.21998,-0.25861,-0.31245,-0.38449,-0.47092,-0.53991,-0.52852,-0.37316,-0.067819,0.3007,0.58907,0.67936,0.52851,0.18723,-0.23622,-0.61857,-0.87066,-0.95156,-0.87528,-0.68205,-0.42637,-0.15626,0.084301,0.26664,0.37591,0.41184,0.39258,0.34146,0.28175,0.22845,0.18081,0.13668,0.099451,0.084084,0.11065,0.19245,0.31641,0.43975,0.50133,0.44568,0.24777,-0.073176,-0.45206,-0.79916,-1.031,-1.1004,-1.0108,-0.80743,-0.56363,-0.34271,-0.19419,-0.14118,-0.17738,-0.26958,-0.36692,-0.4189,-0.39437,-0.29271,-0.13588,0.050675,0.24885
-0.13175,0.055398,0.014318,-0.16047,-0.05522,0.4849,1.1144,1.5193,1.6221,1.4754,1.1749,0.82694,0.51707,0.27691,0.10106,-0.015037,-0.074222,-0.094403,-0.1075,-0.13686,-0.18758,-0.25791,-0.34752,-0.44885,-0.52734,-0.5202,-0.36288,-0.054754,0.31752,0.6111,0.7018,0.54802,0.19465,-0.24833,-0.66009,-0.94182,-1.0516,-0.99656,-0.81775,-0.56434,-0.28249,-0.015658,0.20394,0.3545,0.43067,0.44334,0.41452,0.36768,0.3194,0.27796,0.24193,0.21421,0.20634,0.23525,0.3114,0.42529,0.53996,0.59988,0.55173,0.36985,0.064493,-0.30786,-0.66418,-0.92229,-1.0314,-0.98892,-0.83606,-0.63127,-0.44238,-0.31613,-0.27293,-0.30573,-0.38369,-0.46077,-0.49163,-0.44985,-0.33604,-0.16979,0.024724,0.2287
0.11597,0.35778,0.35331,0.21226,0.3096,0.78038,1.3164,1.6422,1.7001,1.5441,1.2581,0.93402,0.64809,0.42796,0.26084,0.13699,0.055184,0.01034,-0.018065,-0.055604,-0.11823,-0.21007,-0.32657,-0.45277,-0.54753,-0.55005,-0.39769,-0.090744,0.28559,0.58525,0.67825,0.51729,0.14348,-0.33293,-0.78399,-1.1019,-1.2347,-1.1881,-1.0079,-0.74772,-0.45545,-0.16701,0.086854,0.28232,0.40735,0.46185,0.46081,0.42749,0.3838,0.34396,0.31269,0.29299,0.29364,0.32874,0.40659,0.51948,0.63548,0.7051,0.67864,0.52452,0.25091,-0.10104,-0.46386,-0.76418,-0.94544,-0.9862,-0.90536,-0.75752,-0.60042,-0.48611,-0.44182,-0.46336,-0.51911,-0.56379,-0.55898,-0.49316,-0.36168,-0.19254,-0.0075555,0.1805
0.33679,0.63681,0.67853,0.58069,0.67696,1.0808,1.5243,1.7666,1.775,1.6091,1.3425,1.0465,0.78299,0.5748,0.40725,0.26479,0.1509,0.076639,0.034801,-0.0035759,-0.069215,-0.17687,-0.32043,-0.47399,-0.59023,-0.60443,-0.46087,-0.15747,0.21883,0.52222,0.61593,0.44595,0.047919,-0.46501,-0.95528,-1.2992,-1.4365,-1.3774,-1.1829,-0.91553,-0.6232,-0.33331,-0.06687,0.15737,0.32175,0.41713,0.44572,0.42392,0.37755,0.32734,0.28911,0.27033,0.27832,0.3234,0.41355,0.54133,0.67856,0.77822,0.78879,0.67751,0.43565,0.095258,-0.28258,-0.62526,-0.87105,-0.98774,-0.98135,-0.88514,-0.75948,-0.65454,-0.59825,-0.5912,-0.61128,-0.62494,-0.60158,-0.52106,-0.39785,-0.23874,-0.0579,0.13178
0.48259,0.82767,0.90898,0.84835,0.94757,1.304,1.6788,1.8582,1.824,1.6478,1.3958,1.1222,0.87396,0.67024,0.49586,0.33446,0.19595,0.10522,0.06439,0.037781,-0.020883,-0.13643,-0.30224,-0.4827,-0.62047,-0.64485,-0.50489,-0.2019,0.17501,0.47695,0.5709,0.39239,-0.021512,-0.56202,-1.0811,-1.4423,-1.5753,-1.4992,-1.2892,-1.0195,-0.7389,-0.46086,-0.19919,0.033889,0.22271,0.34359,0.3943,0.38329,0.3294,0.26714,0.21484,0.1874,0.19685,0.25522,0.36276,0.51121,0.67077,0.79638,0.83993,0.76282,0.55742,0.24308,-0.13395,-0.51001,-0.81792,-1.0056,-1.0541,-0.99448,-0.87686,-0.76142,-0.68745,-0.66158,-0.66245,-0.65642,-0.61591,-0.53301,-0.40573,-0.25226,-0.087294,0.079672
0.64798,1.054,1.1928,1.1865,1.2958,1.5949,1.8793,1.9726,1.8745,1.6755,1.4403,1.1955,0.96698,0.7667,0.57766,0.38781,0.22049,0.12129,0.10208,0.11234,0.079125,-0.040173,-0.2382,-0.46234,-0.63146,-0.66432,-0.51389,-0.20237,0.1717,0.4661,0.5478,0.35895,-0.074526,-0.6441,-1.195,-1.5739,-1.6983,-1.6006,-1.3809,-1.1297,-0.88863,-0.65291,-0.40885,-0.15907,0.066774,0.23195,0.30783,0.29323,0.21717,0.11579,0.032421,-0.0057663,0.013354,0.091503,0.23026,0.41423,0.61676,0.79516,0.89693,0.87605,0.71251,0.41329,0.021183,-0.39644,-0.76342,-1.0156,-1.127,-1.0999,-0.99456,-0.87348,-0.77823,-0.7203,-0.68807,-0.65992,-0.61567,-0.54548,-0.43953,-0.30712,-0.157,0.0011728
0.74899,1.2007,1.3852,1.422,1.5427,1.8054,2.0269,2.0536,1.9008,1.6748,1.4447,1.2211,1.0096,0.81209,0.61115,0.39966,0.21364,0.11856,0.13356,0.19031,0.19053,0.078218,-0.13799,-0.39279,-0.58632,-0.62436,-0.46478,-0.14746,0.21986,0.50311,0.578,0.38569,-0.047984,-0.62615,-1.1942,-1.5872,-1.7137,-1.614,-1.4027,-1.1832,-0.9898,-0.8015,-0.5818,-0.32366,-0.065348,0.13304,0.2279,0.2103,0.10821,-0.023646,-0.13303,-0.18442,-0.16279,-0.065835,0.097951,0.31362,0.55213,0.76873,0.90932,0.92518,0.79035,0.51103,0.12457,-0.3079,-0.71211,-1.0155,-1.1676,-1.1704,-1.0666,-0.92208,-0.79263,-0.70596,-0.66164,-0.64068,-0.61743,-0.56395,-0.48534,-0.37163,-0.22893,-0.069294
0.85211,1.3637,1.6103,1.7064,1.8479,2.0726,2.2197,2.1567,1.9186,1.6384,1.4018,1.2062,1.0247,0.8377,0.62388,0.38417,0.17898,0.10628,0.19304,0.33764,0.40255,0.3158,0.089736,-0.19546,-0.41631,-0.46134,-0.29474,0.024677,0.38088,0.64782,0.71466,0.52678,0.10178,-0.47125,-1.0455,-1.4534,-1.6019,-1.5316,-1.3715,-1.2272,-1.1223,-1.0127,-0.82744,-0.54874,-0.23756,0.015985,0.13831,0.11,-0.032845,-0.22126,-0.37778,-0.45163,-0.42604,-0.3044,-0.10291,0.15953,0.45054,0.72056,0.91013,0.97025,0.86721,0.60614,0.22317,-0.2216,-0.65312,-0.99295,-1.1785,-1.1921,-1.0767,-0.90582,-0.74918,-0.64789,-0.60885,-0.61157,-0.62143,-0.606,-0.55139,-0.45089,-0.31664,-0.16779
0.91882,1.4875,1.7959,1.9523,2.1198,2.3209,2.4066,2.2568,1.9185,1.5577,1.2961,1.127,0.98889,0.82836,0.61093,0.34837,0.13454,0.10665,0.29297,0.54823,0.69542,0.65028,0.43153,0.13444,-0.098463,-0.14704,0.014962,0.31961,0.65161,0.89477,0.95665,0.78341,0.38466,-0.16288,-0.72341,-1.1456,-1.3366,-1.3334,-1.2602,-1.2195,-1.2292,-1.2106,-1.0627,-0.7572,-0.38043,-0.070067,0.078622,0.03982,-0.14822,-0.39501,-0.60562,-0.7104,-0.68387,-0.53505,-0.29233,0.014115,0.3455,0.65264,0.87917,0.97114,0.90152,0.66814,0.30008,-0.14593,-0.59047,-0.94323,-1.13,-1.132,-0.99429,-0.804,-0.63899,-0.54143,-0.5181,-0.5506,-0.60595,-0.64195,-0.6361,-0.57622,-0.46428,-0.31509
0.94522,1.5543,1.9075,2.1079,2.2987,2.4925,2.5432,2.3334,1.9121,1.4721,1.176,1.0269,0.93231,0.80474,0.59475,0.32229,0.10984,0.12864,0.40379,0.75081,0.96572,0.96094,0.76122,0.4699,0.23893,0.18961,0.34185,0.62034,0.91734,1.1302,1.1829,1.0243,0.65807,0.14734,-0.38884,-0.81293,-1.0382,-1.0975,-1.1049,-1.1607,-1.2709,-1.3374,-1.2226,-0.88938,-0.45652,-0.095628,0.074896,0.02442,-0.19911,-0.49718,-0.7518,-0.87769,-0.8473,-0.68056,-0.40994,-0.07549,0.28098,0.60956,0.85401,0.96369,0.90681,0.68473,0.32869,-0.10275,-0.53,-0.86468,-1.0347,-1.0204,-0.8696,-0.66961,-0.50254,-0.41789,-0.42723,-0.50934,-0.62024,-0.70986,-0.73847,-0.68947,-0.57314,-0.41617
0.95038,1.6082,2.017,2.2737,2.5012,2.6993,2.722,2.4443,1.9092,1.3386,0.97111,0.84594,0.82487,0.76039,0.57766,0.3069,0.11252,0.21009,0.61353,1.0848,1.3917,1.4493,1.2918,1.0303,0.81515,0.76248,0.88722,1.1063,1.3289,1.4789,1.5034,1.3645,1.0546,0.61444,0.13301,-0.2797,-0.54692,-0.69041,-0.80705,-0.9894,-1.2371,-1.4194,-1.3541,-0.99141,-0.49206,-0.077149,0.11507,0.05181,-0.21285,-0.56447,-0.86616,-1.0161,-0.9853,-0.80302,-0.5135,-0.1601,0.21529,0.5618,0.82148,0.94437,0.90197,0.69785,0.36669,-0.031618,-0.41903,-0.71119,-0.84288,-0.80009,-0.63328,-0.43256,-0.28299,-0.23634,-0.30453,-0.46276,-0.65732,-0.81999,-0.90195,-0.87746,-0.75889,-0.58186
0.92294,1.6224,2.0809,2.3901,2.6598,2.8793,2.8973,2.5745,1.9321,1.2106,0.73923,0.62776,0.69508,0.71617,0.58377,0.34148,0.19414,0.38934,0.91855,1.5006,1.8913,2.0144,1.9136,1.698,1.5079,1.4415,1.5063,1.6341,1.751,1.8148,1.7969,1.6734,1.4267,1.0736,0.66962,0.30338,0.028716,-0.17206,-0.38141,-0.67766,-1.0477,-1.3401,-1.3327,-0.96315,-0.42713,0.016183,0.21437,0.13758,-0.15303,-0.53219,-0.85685,-1.0232,-1.0019,-0.82057,-0.53121,-0.17678,0.19773,0.54169,0.80078,0.92632,0.89721,0.71807,0.42391,0.074361,-0.25516,-0.48858,-0.57181,-0.5052,-0.34116,-0.16518,-0.057173,-0.067226,-0.20752,-0.4512,-0.73619,-0.97795,-1.1092,-1.1006,-0.96846,-0.75943
0.88216,1.6081,2.0989,2.4445,2.7486,2.9956,3.0271,2.6894,1.9816,1.1441,0.57534,0.46237,0.59952,0.69694,0.61929,0.42002,0.33049,0.60873,1.2218,1.8682,2.3083,2.4771,2.4228,2.2487,2.0764,1.9886,1.992,2.0304,2.0535,2.0366,1.9783,1.8616,1.6602,1.3738,1.0433,0.73134,0.48097,0.26967,0.019167,-0.33712,-0.777,-1.1371,-1.1789,-0.8333,-0.30457,0.13668,0.33196,0.24946,-0.04705,-0.43282,-0.76119,-0.92981,-0.91447,-0.74795,-0.47434,-0.13369,0.23101,0.56687,0.81727,0.94102,0.91333,0.7459,0.4789,0.17233,-0.10466,-0.28775,-0.3405,-0.26099,-0.106,0.04303,0.10892,0.042147,-0.16798,-0.48843,-0.8448,-1.1433,-1.2987,-1.2816,-1.1238,-0.88819
0.80337,1.5576,2.0838,2.4729,2.8267,3.1239,3.1965,2.8693,2.1085,1.1371,0.42633,0.28816,0.51008,0.71572,0.73117,0.6221,0.64213,1.0382,1.7404,2.4413,2.9237,3.1407,3.1433,3.0228,2.8709,2.7467,2.6505,2.5459,2.4087,2.2519,2.1104,1.9904,1.8564,1.6815,1.4751,1.2738,1.0997,0.91789,0.66499,0.27852,-0.20617,-0.63233,-0.75301,-0.48441,-0.017006,0.38235,0.55681,0.47408,0.19308,-0.16543,-0.46985,-0.63015,-0.62809,-0.49489,-0.26711,0.019862,0.33168,0.62488,0.84989,0.96222,0.94826,0.8168,0.60263,0.35875,0.14557,0.015688,-0.0023464,0.071996,0.18924,0.27803,0.27222,0.1279,-0.1658,-0.577,-1.0255,-1.3908,-1.582,-1.558,-1.3568,-1.0593
0.72807,1.4978,2.0447,2.4615,2.8536,3.198,3.3186,3.0241,2.258,1.2209,0.41293,0.23793,0.50538,0.78716,0.88429,0.86711,0.99074,1.473,2.2177,2.9325,3.4262,3.6652,3.7002,3.6109,3.4683,3.3124,3.1357,2.9121,2.6323,2.3414,2.1121,1.9772,1.9037,1.8354,1.7503,1.659,1.563,1.4302,1.1985,0.82599,0.34696,-0.090151,-0.26127,-0.075658,0.3085,0.65233,0.80058,0.71965,0.46342,0.14524,-0.12264,-0.27195,-0.29256,-0.20502,-0.035825,0.19475,0.45847,0.71305,0.90976,1.011,0.99917,0.88597,0.70587,0.50696,0.33999,0.24553,0.24084,0.3064,0.39423,0.43874,0.37715,0.1663,-0.20334,-0.69365,-1.2103,-1.6201,-1.8092,-1.7474,-1.4981,-1.1621
0.60988,1.3922,1.9571,2.4037,2.8463,3.2642,3.4695,3.2533,2.5335,1.4797,0.58948,0.35266,0.6424,1.0038,1.2151,1.3429,1.6178,2.1964,2.9588,3.654,4.1338,4.3811,4.4426,4.3796,4.2387,4.0369,3.7593,3.3774,2.8945,2.3887,1.9955,1.8167,1.8259,1.9235,2.0341,2.1262,2.1739,2.1399,1.9762,1.6619,1.2334,0.82313,0.60594,0.66818,0.91389,1.1559,1.2598,1.1858,0.9768,0.71596,0.49069,0.34833,0.29237,0.30765,0.38414,0.51447,0.68322,0.85962,1.0035,1.0794,1.0723,0.9884,0.85442,0.70996,0.59629,0.54236,0.55138,0.60223,0.64496,0.62067,0.47486,0.17101,-0.29457,-0.87509,-1.4619,-1.9053,-2.079,-1.9708,-1.6663,-1.2784
0.47554,1.2611,1.8324,2.2978,2.7884,3.2886,3.5996,3.4975,2.886,1.9073,1.0217,0.73543,1.0033,1.4068,1.721,1.9978,2.414,3.0532,3.789,4.4256,4.8604,5.0916,5.1607,5.11,4.9644,4.7205,4.3521,3.8259,3.142,2.3925,1.7845,1.5262,1.6274,1.9245,2.2652,2.5656,2.7807,2.8715,2.8058,2.5764,2.2269,1.863,1.6248,1.5887,1.7022,1.8367,1.8878,1.818,1.6501,1.4443,1.2535,1.1042,0.99764,0.92825,0.89536,0.90581,0.95872,1.0372,1.1116,1.1522,1.1427,1.0834,0.99214,0.8968,0.82657,0.80067,0.81767,0.84989,0.85354,0.77399,0.56069,0.18064,-0.36579,-1.0241,-1.6697,-2.1304,-2.2795,-2.111,-1.7377,-1.2956
0.36738,1.1487,1.717,2.1883,2.7108,3.2763,3.6783,3.6824,3.1878,2.3216,1.5027,1.2069,1.4411,1.8504,2.2245,2.5976,3.0961,3.753,4.4447,5.0168,5.3993,5.6019,5.6631,5.6145,5.4654,5.1996,4.7801,4.1686,3.3552,2.4277,1.6363,1.2902,1.4565,1.9183,2.4437,2.9041,3.2427,3.4256,3.4362,3.2783,2.9958,2.681,2.4469,2.3614,2.3961,2.4619,2.4748,2.3997,2.2518,2.0665,1.8822,1.7157,1.5665,1.4292,1.3135,1.2291,1.1842,1.175,1.1855,1.195,1.18,1.1378,1.0761,1.0137,0.97292,0.96742,0.99301,1.0198,1.0022,0.88918,0.63527,0.21185,-0.37661,-1.0696,-1.7339,-2.19,-2.3104,-2.1112,-1.7195,-1.2708
0.21681,0.984,1.5374,2.0041,2.5608,3.2153,3.7501,3.9191,3.6164,2.9564,2.2965,2.037,2.2286,2.6218,3.0457,3.5076,4.0697,4.7125,5.3219,5.7901,6.0841,6.2286,6.2618,6.2055,6.0553,5.7804,5.3321,4.66,3.7377,2.6313,1.6169,1.1311,1.3583,2.0196,2.7645,3.4093,3.8855,4.1721,4.2699,4.1981,4.0032,3.7591,3.5499,3.4292,3.3911,3.3832,3.3516,3.2667,3.1267,2.9526,2.7602,2.5552,2.3355,2.1044,1.8682,1.6502,1.4737,1.3528,1.2849,1.25,1.2303,1.2036,1.1662,1.1302,1.1141,1.1299,1.1691,1.2043,1.1868,1.0627,0.78687,0.3359,-0.27709,-0.98256,-1.6419,-2.0792,-2.1788,-1.9684,-1.5758,-1.1328
0.063841,0.8077,1.3329,1.779,2.357,3.099,3.7765,4.1285,4.0463,3.6308,3.1773,3.0026,3.1749,3.5429,3.9851,4.4871,5.0596,5.6495,6.1558,6.5065,6.6972,6.7668,6.757,6.6863,6.5426,6.2853,5.8584,5.2008,4.273,3.1198,2.0015,1.4119,1.6372,2.392,3.255,4.0013,4.5565,4.9095,5.0696,5.0662,4.9438,4.7634,4.5885,4.4612,4.3853,4.3352,4.2733,4.1731,4.026,3.836,3.61,3.3515,3.0603,2.7379,2.3982,2.0637,1.7633,1.5253,1.3667,1.2851,1.2491,1.2324,1.2171,1.2044,1.2082,1.2409,1.3006,1.3547,1.3563,1.2527,0.99977,0.57455,-0.009456,-0.68264,-1.3094,-1.7223,-1.8257,-1.6438,-1.2955,-0.90226
-0.049558,0.67094,1.1673,1.586,2.1693,2.9729,3.7616,4.2594,4.3533,4.1315,3.8449,3.7531,3.9293,4.2807,4.7208,5.2266,5.779,6.3104,6.7293,6.9849,7.0908,7.0961,7.0477,6.9655,6.8334,6.6065,6.2253,5.6256,4.7647,3.6801,2.6034,1.9995,2.1718,2.8913,3.7481,4.5037,5.0755,5.4484,5.6367,5.6687,5.586,5.442,5.2892,5.1644,5.0766,5.0077,4.9297,4.8184,4.6611,4.4549,4.2032,3.907,3.5653,3.1802,2.7652,2.3441,1.9542,1.6379,1.4244,1.3113,1.2679,1.2504,1.2338,1.2195,1.2263,1.2717,1.3509,1.4388,1.4803,1.4165,1.2016,0.81595,0.27836,-0.34152,-0.92004,-1.314,-1.4331,-1.3016,-1.0168,-0.68267
-0.19555,0.48733,0.93588,1.3014,1.8738,2.7523,3.6914,4.3904,4.7244,4.7608,4.6955,4.7258,4.9262,5.2626,5.6878,6.1727,6.6728,7.1096,7.4035,7.5259,7.5097,7.4191,7.3114,7.2118,7.1042,6.9396,6.6531,6.1821,5.4859,4.5963,3.701,3.1615,3.2404,3.8112,4.5523,5.2392,5.7749,6.134,6.3267,6.3775,6.3235,6.2078,6.0739,5.954,5.8599,5.7818,5.6982,5.5836,5.4182,5.1945,4.9094,4.5638,4.1588,3.7002,3.1976,2.6783,2.1853,1.7728,1.4844,1.3252,1.2588,1.2318,1.2101,1.1917,1.198,1.2538,1.3667,1.5048,1.613,1.6276,1.4983,1.2031,0.75722,0.22236,-0.29454,-0.66705,-0.82762,-0.77652,-0.58369,-0.33477
-0.29885,0.3516,0.75823,1.0712,1.6208,2.5477,3.6001,4.4528,4.9659,5.1887,5.2811,5.4042,5.6325,5.9631,6.3714,6.8271,7.2754,7.6334,7.8294,7.8478,7.734,7.5635,7.4044,7.2901,7.2077,7.1053,6.9139,6.5691,6.0321,5.328,4.6099,4.1541,4.1751,4.6081,5.2181,5.8094,6.2825,6.6044,6.7769,6.8213,6.7702,6.6607,6.5319,6.414,6.3187,6.2423,6.1627,6.0523,5.8886,5.6564,5.3519,4.9772,4.536,4.0316,3.4787,2.9016,2.3438,1.8654,1.5207,1.3244,1.232,1.1852,1.1447,1.11,1.1098,1.1775,1.3211,1.5158,1.6944,1.7829,1.726,1.5023,1.1294,0.66578,0.20512,-0.15335,-0.33574,-0.34476,-0.23116,-0.061168
-0.42626,0.17701,0.52132,0.75021,1.2481,2.2263,3.4284,4.4864,5.2316,5.6869,5.9723,6.2128,6.4844,6.8126,7.1944,7.6011,7.9706,8.2182,8.28,8.1542,7.9011,7.6124,7.3743,7.2379,7.1983,7.1989,7.1598,7.0081,6.7012,6.253,5.7669,5.4317,5.4013,5.6695,6.097,6.5389,6.9022,7.1475,7.2691,7.2815,7.2106,7.0886,6.9498,6.8234,6.7261,6.6542,6.5874,6.4953,6.3475,6.1248,5.8186,5.4281,4.9562,4.4102,3.8001,3.1523,2.5144,1.955,1.5374,1.2777,1.1391,1.0541,0.98102,0.92199,0.91292,0.99716,1.1943,1.4673,1.745,1.9438,2.0011,1.8899,1.6218,1.246,0.84241,0.5029,0.28114,0.19694,0.22211,0.30749
-0.54089,0.013673,0.29207,0.42407,0.84635,1.8591,3.2069,4.4662,5.4306,6.0958,6.5499,6.8955,7.2103,7.5384,7.8916,8.244,8.53,8.665,8.5908,8.315,7.9105,7.4864,7.155,6.9928,7.0065,7.1293,7.2614,7.3155,7.2395,7.0313,6.7543,6.5328,6.4808,6.6226,6.8878,7.1788,7.4195,7.5698,7.619,7.5747,7.457,7.2941,7.1211,6.9717,6.8672,6.8085,6.7715,6.7177,6.6089,6.4161,6.1267,5.7397,5.2595,4.6921,4.0521,3.3619,2.6655,2.0304,1.5273,1.1872,0.9753,0.82985,0.70866,0.61768,0.60316,0.71947,0.98489,1.3586,1.7494,2.0603,2.2232,2.2117,2.0378,1.746,1.4038,1.0835,0.84283,0.70112,0.64563,0.64543
-0.61796,-0.099519,0.12969,0.18497,0.53704,1.5633,3.0152,4.42,5.5376,6.3434,6.9072,7.321,7.6647,7.9921,8.3228,8.6331,8.8563,8.9074,8.7311,8.3393,7.8122,7.2733,6.8591,6.6736,6.7343,6.9616,7.233,7.4448,7.5351,7.4898,7.35,7.2056,7.1512,7.2227,7.386,7.5719,7.7199,7.7925,7.7767,7.676,7.5068,7.2967,7.0823,6.9036,6.7891,6.7416,6.7351,6.7239,6.66,6.5092,6.2527,5.8867,5.4154,4.8479,4.196,3.4846,2.7556,2.0731,1.5071,1.0947,0.81405,0.6105,0.44679,0.33277,0.32038,0.46876,0.79554,1.2459,1.7169,2.1049,2.3412,2.4004,2.2932,2.0582,1.7548,1.4499,1.1961,1.0199,0.91996,0.87487
-0.70898,-0.23623,-0.068267,-0.11385,0.13268,1.1599,2.7389,4.3244,5.6269,6.5952,7.2823,7.7714,8.1456,8.469,8.7687,9.0231,9.1646,9.1074,8.7966,8.247,7.5454,6.8337,6.2869,6.06,6.1931,6.5795,7.0515,7.4752,7.7747,7.9227,7.9386,7.8838,7.8354,7.8399,7.8936,7.9575,7.9876,7.9525,7.8376,7.6443,7.3857,7.0911,6.802,6.5687,6.4333,6.4039,6.4508,6.5155,6.535,6.4622,6.2724,5.9586,5.5241,4.9786,4.3352,3.6155,2.8586,2.1246,1.4818,0.97139,0.59064,0.29637,0.064476,-0.082701,-0.084707,0.11658,0.52511,1.0713,1.6381,2.1175,2.4403,2.5806,2.5469,2.3741,2.1156,1.8332,1.5732,1.368,1.2242,1.1295
-0.76898,-0.32752,-0.19977,-0.31434,-0.14921,0.86627,2.5276,4.2342,5.657,6.7274,7.4889,8.0216,8.4116,8.7284,9.0037,9.2175,9.3008,9.1662,8.758,8.0904,7.2514,6.394,5.7284,5.4615,5.6581,6.1799,6.8121,7.3932,7.8384,8.1141,8.2285,8.2313,8.1906,8.1594,8.1473,8.1328,8.0807,7.9644,7.7692,7.4956,7.1571,6.7821,6.42,6.1325,5.9731,5.9619,6.0625,6.2024,6.3051,6.3084,6.1825,5.9198,5.5254,5.0086,4.3888,3.6848,2.9293,2.174,1.4829,0.90548,0.44887,0.092431,-0.1808,-0.3473,-0.344,-0.11101,0.34941,0.95161,1.5714,2.0977,2.4644,2.6492,2.6618,2.5332,2.3102,2.0454,1.7895,1.5722,1.4048,1.2814
-0.83889,-0.43413,-0.34851,-0.53831,-0.47222,0.51457,2.2612,4.101,5.6543,6.8322,7.6682,8.2412,8.6411,8.9437,9.1856,9.3475,9.3585,9.1287,8.5991,7.7788,6.7525,5.684,4.8344,4.5031,4.7998,5.5229,6.3742,7.155,7.7744,8.1969,8.424,8.4937,8.4668,8.3992,8.3147,8.2058,8.0505,7.8262,7.5233,7.1386,6.6844,6.1876,5.7054,5.3203,5.115,5.1254,5.313,5.5805,5.8192,5.9533,5.9387,5.7636,5.4353,4.9723,4.3916,3.7201,2.9908,2.2482,1.5438,0.91985,0.39326,-0.041711,-0.37659,-0.56951,-0.55645,-0.29329,0.19931,0.83155,1.4785,2.0364,2.4426,2.6732,2.7333,2.6493,2.4627,2.2243,1.9754,1.7513,1.5685,1.4275
-0.89934,-0.52469,-0.46544,-0.70195,-0.70967,0.23857,2.034,3.9653,5.6098,6.8599,7.7421,8.3338,8.7293,9.0108,9.2176,9.3306,9.2775,8.9648,8.3282,7.3695,6.1655,4.883,3.833,3.4303,3.8435,4.7803,5.8404,6.7973,7.56,8.0991,8.4155,8.5386,8.5274,8.4353,8.2935,8.1022,7.8489,7.5185,7.1025,6.6015,6.0248,5.4035,4.7962,4.3022,4.0387,4.0706,4.3584,4.7727,5.1707,5.4485,5.5561,5.4818,5.2359,4.839,4.3186,3.7027,3.0247,2.325,1.6485,1.0313,0.48924,0.03004,-0.32906,-0.54314,-0.54921,-0.30571,0.16525,0.77057,1.3968,1.9453,2.3565,2.6075,2.701,2.6575,2.5103,2.2998,2.0698,1.8513,1.6633,1.5115
-0.94021,-0.5838,-0.53278,-0.78266,-0.82224,0.09531,1.9001,3.8676,5.5518,6.8323,7.7299,8.3213,8.7043,8.9645,9.1442,9.2237,9.1288,8.7636,8.0599,7.0141,5.6954,4.2696,3.0799,2.6295,3.1319,4.2167,5.412,6.4753,7.3216,7.9265,8.2898,8.441,8.436,8.3295,8.1527,7.9108,7.5925,7.1866,6.6866,6.0971,5.4316,4.721,4.0274,3.4576,3.1481,3.1935,3.5584,4.0895,4.612,5.0037,5.2057,5.2065,5.0209,4.6761,4.203,3.6361,3.012,2.3705,1.749,1.173,0.65272,0.19415,-0.17572,-0.40238,-0.42397,-0.20971,0.21142,0.76264,1.3383,1.8529,2.2517,2.5094,2.6222,2.6034,2.4804,2.2915,2.0759,1.8668,1.6858,1.5408
-0.99033,-0.65317,-0.59841,-0.83685,-0.88388,-0.0037265,1.7753,3.7459,5.444,6.7333,7.6256,8.1973,8.5501,8.7754,8.9184,8.9589,8.8195,8.4002,7.6289,6.4978,5.0715,3.5158,2.2048,1.7262,2.3234,3.5405,4.8486,5.9984,6.9145,7.575,7.9786,8.1538,8.1521,8.0278,7.8114,7.509,7.1114,6.6107,6.0076,5.3143,4.553,3.76,2.9959,2.3643,2.0126,2.0635,2.5025,3.1606,3.8289,4.357,4.6751,4.77,4.6605,4.3802,3.9709,3.4746,2.9332,2.3847,1.8567,1.3613,0.89695,0.47212,0.11613,-0.11913,-0.17837,-0.033032,0.29847,0.74769,1.2362,1.6905,2.0594,2.3146,2.4461,2.4588,2.3715,2.2152,2.0254,1.8336,1.6636,1.529
-1.0371,-0.71527,-0.64223,-0.83941,-0.85638,-0.0082516,1.7071,3.6316,5.3012,6.5641,7.4231,7.9525,8.2592,8.4412,8.5469,8.5565,8.3878,7.9361,7.1279,5.9579,4.4975,2.924,1.6268,1.1877,1.8136,3.0353,4.3405,5.4933,6.4193,7.0941,7.5133,7.6991,7.6989,7.5607,7.3122,6.9573,6.4882,5.9014,5.207,4.4324,3.6204,2.8192,2.0852,1.4935,1.1565,1.1977,1.6416,2.3471,3.0941,3.7135,4.1157,4.2808,4.2291,4.0026,3.6476,3.2177,2.761,2.3132,1.8893,1.4842,1.0868,0.70039,0.35923,0.11954,0.033084,0.12008,0.35761,0.70225,1.0918,1.4731,1.8039,2.0534,2.2021,2.2445,2.1919,2.0687,1.9078,1.7434,1.5997,1.4896
-1.0706,-0.75966,-0.66527,-0.81639,-0.79282,0.035559,1.6833,3.5459,5.169,6.3914,7.2079,7.6916,7.9526,8.0956,8.1734,8.1654,7.9854,7.5255,6.7127,5.5482,4.1174,2.6152,1.4258,1.0583,1.6521,2.7862,4.0112,5.1085,6.0012,6.6596,7.0724,7.2576,7.2556,7.1099,6.8429,6.4561,5.941,5.2966,4.5441,3.7287,2.9178,2.1782,1.5558,1.081,0.81079,0.84009,1.2272,1.8878,2.627,3.2632,3.6941,3.8905,3.8698,3.6731,3.3554,2.9713,2.5706,2.1867,1.8289,1.4834,1.1332,0.78313,0.46532,0.23038,0.12399,0.16483,0.3405,0.60751,0.926,1.2563,1.5633,1.8155,1.9864,2.0607,2.0397,1.945,1.805,1.6524,1.5168,1.4189
-1.1145,-0.81885,-0.69026,-0.76583,-0.67417,0.13035,1.6683,3.4198,4.9542,6.0989,6.8381,7.2424,7.4284,7.5115,7.5525,7.5298,7.3503,6.9006,6.1112,4.9986,3.6754,2.3607,1.4013,1.1526,1.6529,2.5867,3.6222,4.5799,5.3819,5.9866,6.3739,6.5492,6.5446,6.3934,6.112,5.693,5.1274,4.418,3.6037,2.7646,2.0136,1.445,1.0697,0.83215,0.69985,0.72554,0.99603,1.5151,2.1557,2.7462,3.1662,3.3689,3.3627,3.1884,2.9016,2.5643,2.2279,1.9202,1.6381,1.3577,1.0571,0.73985,0.44215,0.21513,0.09834,0.10179,0.20615,0.39248,0.6352,0.9142,1.2033,1.467,1.6683,1.7817,1.8018,1.741,1.6322,1.5097,1.4024,1.3303
-1.1473,-0.86527,-0.7086,-0.72239,-0.57569,0.2091,1.6555,3.3073,4.7594,5.8316,6.4994,6.8314,6.9506,6.9829,6.9978,6.9723,6.8057,6.3794,5.6276,4.5827,3.3794,2.2466,1.4805,1.3153,1.7305,2.4894,3.3497,4.1693,4.8741,5.417,5.7708,5.9331,5.9285,5.7819,5.5002,5.0704,4.4785,3.7319,2.8839,2.0499,1.3867,0.99446,0.83746,0.78912,0.76777,0.80316,0.99108,1.3827,1.9073,2.4223,2.803,2.9902,2.9817,2.8136,2.5414,2.2255,1.9172,1.6424,1.3947,1.1448,0.87292,0.5848,0.3137,0.10343,-0.015224,-0.036791,0.028546,0.15834,0.35088,0.6022,0.89348,1.185,1.428,1.5839,1.6381,1.6055,1.5118,1.3951,1.2913,1.2281
-1.1899,-0.93218,-0.73824,-0.66938,-0.45194,0.30158,1.6172,3.1217,4.4485,5.4093,5.9666,6.1865,6.202,6.1591,6.1428,6.1274,5.9976,5.6239,4.9458,4.0182,3.0039,2.1276,1.6004,1.5212,1.8265,2.3613,2.9821,3.5963,4.1447,4.5822,4.8755,5.0172,5.0198,4.8934,4.6273,4.1998,3.5906,2.8147,1.9501,1.1621,0.65596,0.51811,0.63226,0.80113,0.9111,0.9745,1.0852,1.3261,1.6897,2.0764,2.3737,2.513,2.481,2.3063,2.0398,1.7414,1.4585,1.21,0.98306,0.75111,0.49781,0.23331,-0.0071707,-0.18641,-0.28705,-0.31637,-0.29097,-0.21192,-0.064813,0.16827,0.47725,0.814,1.1134,1.3235,1.4228,1.4214,1.3506,1.2499,1.1577,1.1039
-1.23,-1.005,-0.77935,-0.63186,-0.35327,0.36035,1.5387,2.8863,4.0748,4.9119,5.3454,5.4366,5.3321,5.2054,5.1642,5.1794,5.1111,4.8122,4.2263,3.4322,2.6143,1.9777,1.6501,1.6351,1.8492,2.1899,2.5851,2.9877,3.3653,3.6837,3.9096,4.0331,4.0512,3.9578,3.7269,3.3231,2.725,1.9536,1.1119,0.40552,0.067127,0.15267,0.47677,0.80314,1.0094,1.1043,1.1732,1.3088,1.5388,1.8023,2.0067,2.0855,2.0203,1.8305,1.5656,1.2735,0.99019,0.72921,0.48334,0.24058,-0.0059031,-0.237,-0.42602,-0.55461,-0.62475,-0.65372,-0.65469,-0.61472,-0.49273,-0.25219,0.097156,0.49166,0.84881,1.1066,1.2406,1.2639,1.2039,1.1074,1.0164,0.96408
-1.2565,-1.0631,-0.8188,-0.61861,-0.30314,0.37369,1.4462,2.6724,3.7526,4.4921,4.8269,4.8132,4.6084,4.4138,4.3609,4.4151,4.4096,4.1784,3.6678,2.9741,2.2952,1.8178,1.6158,1.6431,1.8059,2.0263,2.2665,2.5139,2.7606,2.9857,3.1633,3.2756,3.313,3.2548,3.064,2.6979,2.1324,1.3924,0.59602,-0.032158,-0.25387,-0.044844,0.37841,0.77363,1.0256,1.1401,1.1967,1.284,1.4378,1.6257,1.7689,1.8055,1.7149,1.5168,1.2448,0.94545,0.64889,0.36514,0.090712,-0.17712,-0.42292,-0.62537,-0.76538,-0.8423,-0.87534,-0.89035,-0.89782,-0.87465,-0.76484,-0.51888,-0.1436,0.28946,0.68684,0.97876,1.1373,1.171,1.1182,1.0209,0.92221,0.8579
-1.2847,-1.1424,-0.8826,-0.62321,-0.27255,0.34514,1.2725,2.3338,3.2677,3.8756,4.0766,3.9166,3.568,3.2789,3.2235,3.3541,3.4537,3.3233,2.9121,2.3417,1.8274,1.5322,1.4716,1.5528,1.6718,1.7698,1.8378,1.901,1.9826,2.0852,2.1944,2.2925,2.3583,2.3582,2.2402,1.9477,1.4552,0.79231,0.093216,-0.41238,-0.50983,-0.20715,0.27077,0.7017,0.983,1.1176,1.1695,1.2139,1.2939,1.3967,1.4707,1.4658,1.359,1.1576,0.89023,0.58466,0.26032,-0.0742,-0.41042,-0.72571,-0.9803,-1.139,-1.1959,-1.1809,-1.1428,-1.1215,-1.1227,-1.1105,-1.0079,-0.75056,-0.3464,0.12109,0.54796,0.86044,1.0308,1.0715,1.0156,0.90947,0.79821,0.71921
-1.2984,-1.2007,-0.93818,-0.6432,-0.27663,0.28844,1.1035,2.0395,2.8639,3.3758,3.4791,3.2102,2.7516,2.3924,2.3483,2.5553,2.7464,2.6944,2.3522,1.8613,1.4505,1.2687,1.2975,1.4188,1.5241,1.5606,1.5345,1.4862,1.4607,1.4755,1.5304,1.6135,1.7037,1.7551,1.7016,1.4781,1.0565,0.47525,-0.13609,-0.5529,-0.58749,-0.26115,0.21634,0.64247,0.9227,1.0596,1.1063,1.1297,1.1724,1.2309,1.2671,1.2386,1.1238,0.92577,0.66479,0.35939,0.019078,-0.35168,-0.73606,-1.0903,-1.3494,-1.467,-1.4524,-1.3629,-1.2664,-1.2082,-1.1913,-1.1706,-1.0624,-0.80122,-0.39639,0.068776,0.49263,0.80343,0.97359,1.0108,0.9532,0.84183,0.72021,0.62585
-1.3037,-1.2736,-1.0179,-0.68853,-0.31565,0.16967,0.82967,1.5963,2.2773,2.6698,2.6566,2.2556,1.6598,1.2181,1.2079,1.5364,1.8574,1.9059,1.6424,1.2344,0.9309,0.87177,1.006,1.1882,1.3022,1.2974,1.1902,1.0362,0.89828,0.81601,0.80264,0.85908,0.96707,1.0735,1.0995,0.97575,0.66921,0.21668,-0.26181,-0.57047,-0.55736,-0.24521,0.18832,0.57046,0.82295,0.94231,0.97574,0.97844,0.98505,1.0044,1.0084,0.96313,0.84797,0.66377,0.4157,0.11524,-0.23691,-0.64131,-1.0754,-1.4691,-1.7274,-1.7879,-1.6758,-1.4827,-1.3022,-1.1866,-1.1335,-1.0912,-0.97582,-0.7221,-0.33714,0.10132,0.49714,0.78165,0.92854,0.95121,0.87635,0.75059,0.61778,0.51339
-1.2912,-1.3343,-1.0978,-0.74896,-0.38523,0.010938,0.51089,1.1065,1.6491,1.9389,1.8359,1.3365,0.63629,0.13772,0.1787,0.63305,1.0754,1.2085,1.0008,0.64513,0.41527,0.45253,0.68225,0.93632,1.085,1.0785,0.93779,0.73072,0.53074,0.38823,0.32365,0.34399,0.44094,0.56819,0.65034,0.6123,0.4201,0.096368,-0.24849,-0.4648,-0.43116,-0.16923,0.18959,0.5088,0.71699,0.81243,0.82708,0.80452,0.78153,0.76556,0.74495,0.69462,0.59365,0.43034,0.20997,-0.073153,-0.42759,-0.85395,-1.3166,-1.7236,-1.9525,-1.9377,-1.7324,-1.4563,-1.211,-1.0436,-0.94849,-0.87043,-0.73757,-0.49901,-0.16185,0.21287,0.54824,0.78644,0.90283,0.90238,0.81816,0.68604,0.54448,0.42647
-1.2687,-1.367,-1.1524,-0.79902,-0.45056,-0.12558,0.25291,0.7195,1.1642,1.3916,1.2478,0.71065,-0.02947,-0.54326,-0.45727,0.076764,0.58896,0.76681,0.58465,0.25125,0.058758,0.15309,0.44578,0.7538,0.93821,0.94957,0.81161,0.59859,0.38681,0.22516,0.12944,0.11443,0.18652,0.3136,0.42398,0.43443,0.30777,0.063615,-0.20537,-0.36804,-0.32757,-0.097868,0.20891,0.47777,0.64651,0.71377,0.70691,0.66471,0.62096,0.58915,0.55994,0.50967,0.41619,0.26936,0.06126,-0.21025,-0.55389,-0.97084,-1.4249,-1.8163,-2.0138,-1.9532,-1.6942,-1.3671,-1.0798,-0.8793,-0.75329,-0.65531,-0.5174,-0.29441,0.0068457,0.33332,0.61866,0.81303,0.89584,0.87525,0.77759,0.64011,0.49979,0.38616
-1.2195,-1.3894,-1.2118,-0.86477,-0.54664,-0.31798,-0.098675,0.1999,0.52461,0.69573,0.54182,0.013627,-0.71378,-1.2025,-1.0661,-0.47181,0.088604,0.2974,0.13365,-0.18228,-0.34125,-0.19067,0.16829,0.53672,0.77051,0.81989,0.71386,0.52521,0.33215,0.17003,0.045633,-0.020493,0.001885,0.1092,0.23262,0.29239,0.23391,0.071357,-0.12614,-0.24411,-0.20159,-0.0084219,0.24349,0.45472,0.57382,0.59844,0.55587,0.48313,0.41207,0.35976,0.32105,0.27457,0.19661,0.070207,-0.11359,-0.36514,-0.69458,-1.0971,-1.524,-1.8682,-1.9987,-1.8676,-1.5547,-1.1917,-0.8757,-0.64402,-0.48658,-0.35708,-0.20628,-0.00305,0.24629,0.50321,0.71893,0.85541,0.89642,0.85287,0.74178,0.59869,0.45832,0.34932
-1.1489,-1.3831,-1.2505,-0.92359,-0.64365,-0.50716,-0.43405,-0.29303,-0.072853,0.074875,-0.039475,-0.49028,-1.1287,-1.5504,-1.3935,-0.80748,-0.25321,-0.039194,-0.19041,-0.49,-0.62584,-0.44077,-0.039096,0.37162,0.64747,0.73845,0.67465,0.52852,0.36957,0.2242,0.092871,-0.0079213,-0.034931,0.026031,0.12979,0.19984,0.1835,0.078943,-0.056001,-0.13542,-0.092653,0.068276,0.27436,0.4419,0.52529,0.51733,0.44505,0.3435,0.24246,0.16789,0.11779,0.071574,0.0016367,-0.11054,-0.28187,-0.5183,-0.82245,-1.1838,-1.5535,-1.8269,-1.8887,-1.7072,-1.3649,-0.98743,-0.66307,-0.42111,-0.24573,-0.099695,0.057811,0.24596,0.45482,0.65367,0.80746,0.89066,0.89478,0.82972,0.71529,0.58278,0.46129,0.37323
-1.0829,-1.3584,-1.2634,-0.9602,-0.71196,-0.63763,-0.66073,-0.62453,-0.46857,-0.31906,-0.37378,-0.73071,-1.268,-1.6276,-1.482,-0.94273,-0.42162,-0.21437,-0.35375,-0.63572,-0.7576,-0.56174,-0.14667,0.28282,0.58071,0.69833,0.66669,0.55598,0.42776,0.30086,0.16958,0.049826,-0.0095616,0.015113,0.093971,0.15685,0.15403,0.079543,-0.023465,-0.08182,-0.037091,0.10823,0.29536,0.44789,0.51689,0.49857,0.41065,0.28758,0.16891,0.069492,-0.000493,-0.056212,-0.12418,-0.23175,-0.39,-0.61276,-0.9009,-1.2352,-1.5584,-1.7732,-1.7788,-1.5634,-1.2127,-0.84029,-0.52195,-0.2809,-0.10492,0.047189,0.20674,0.38581,0.57208,0.73875,0.85858,0.91356,0.89953,0.82324,0.71341,0.59452,0.49149,0.42328
-0.98033,-1.3005,-1.2576,-0.99608,-0.79311,-0.78763,-0.91183,-0.98429,-0.89221,-0.72065,-0.67368,-0.88308,-1.2731,-1.5564,-1.4521,-1.0099,-0.55662,-0.3642,-0.4793,-0.72532,-0.82707,-0.63352,-0.22729,0.20229,0.51143,0.65278,0.65726,0.59148,0.5077,0.4105,0.28284,0.14232,0.04069,0.019812,0.061484,0.11029,0.11496,0.063621,-0.0077684,-0.039562,0.017213,0.15986,0.33495,0.47529,0.53648,0.51134,0.41825,0.28688,0.15081,0.030244,-0.06666,-0.1496,-0.2391,-0.35812,-0.5172,-0.72491,-0.97908,-1.2589,-1.5105,-1.6463,-1.5955,-1.3586,-1.0139,-0.65944,-0.36024,-0.13566,0.032142,0.17296,0.31725,0.47811,0.64574,0.79484,0.89815,0.93813,0.91326,0.84024,0.73999,0.64147,0.56931,0.5394
-0.89452,-1.239,-1.2366,-1.0133,-0.84518,-0.87858,-1.0517,-1.1779,-1.1156,-0.91976,-0.7948,-0.89531,-1.1834,-1.4231,-1.3616,-1.0039,-0.61005,-0.42847,-0.51665,-0.72513,-0.80974,-0.62938,-0.24856,0.16104,0.46473,0.61471,0.63889,0.60329,0.55107,0.47609,0.35747,0.20734,0.081301,0.028364,0.040454,0.073244,0.075447,0.036319,-0.018943,-0.033561,0.037246,0.19104,0.3765,0.52529,0.59347,0.57039,0.47683,0.34311,0.19717,0.06388,-0.053324,-0.16144,-0.2753,-0.40985,-0.57715,-0.7791,-1.0112,-1.2514,-1.4481,-1.528,-1.4364,-1.1887,-0.86241,-0.54166,-0.27652,-0.077272,0.070667,0.20185,0.34238,0.49932,0.65901,0.7971,0.89126,0.9295,0.91321,0.85395,0.77946,0.71245,0.67382,0.67797
-0.77196,-1.1366,-1.1882,-1.0249,-0.90321,-0.96962,-1.1712,-1.3281,-1.2817,-1.0539,-0.83969,-0.81925,-0.99943,-1.2024,-1.2059,-0.96107,-0.64525,-0.47135,-0.51127,-0.65993,-0.72353,-0.57598,-0.25203,0.11182,0.39402,0.54866,0.60159,0.60379,0.58598,0.53431,0.42539,0.26918,0.11703,0.020171,-0.010875,-0.0095262,-0.012467,-0.037292,-0.060507,-0.042507,0.055405,0.23147,0.44184,0.62023,0.71539,0.7141,0.62878,0.49096,0.33383,0.17626,0.02897,-0.11291,-0.26045,-0.42364,-0.60508,-0.80273,-1.0054,-1.1892,-1.3132,-1.326,-1.2035,-0.96664,-0.67779,-0.40288,-0.18294,-0.027232,0.08373,0.1785,0.28672,0.42393,0.58217,0.73505,0.8525,0.91543,0.92359,0.89824,0.85887,0.83611,0.85198,0.91743
-0.64404,-1.0152,-1.1199,-1.0245,-0.95122,-1.0318,-1.2214,-1.3643,-1.3111,-1.0595,-0.78694,-0.68407,-0.79301,-0.98079,-1.0471,-0.90802,-0.664,-0.49048,-0.47747,-0.56756,-0.613,-0.50199,-0.24525,0.056356,0.30355,0.45593,0.53363,0.57234,0.58591,0.55343,0.44856,0.28224,0.1064,-0.027458,-0.097282,-0.12479,-0.13677,-0.14874,-0.14218,-0.082775,0.057781,0.27614,0.52216,0.73229,0.86147,0.88953,0.83102,0.70943,0.54711,0.36881,0.183,-0.0059471,-0.198,-0.39165,-0.58837,-0.77758,-0.94575,-1.0722,-1.1284,-1.0879,-0.94261,-0.72528,-0.4892,-0.28322,-0.1336,-0.040617,0.016055,0.069562,0.1543,0.28473,0.44905,0.61784,0.7609,0.86057,0.91678,0.94211,0.96644,1.0109,1.0921,1.2187
-0.54707,-0.91601,-1.0585,-1.0193,-0.98352,-1.0642,-1.2234,-1.3334,-1.2651,-1.0047,-0.7099,-0.57124,-0.64695,-0.83085,-0.93931,-0.8662,-0.66633,-0.49193,-0.44498,-0.49851,-0.53464,-0.45219,-0.24677,0.0052287,0.22113,0.36675,0.45741,0.52245,0.56195,0.54578,0.44169,0.26049,0.056885,-0.107,-0.20285,-0.24133,-0.25297,-0.25175,-0.22584,-0.13931,0.036061,0.29108,0.5766,0.82599,0.98852,1.0469,1.0079,0.8925,0.72684,0.52781,0.31207,0.090823,-0.12883,-0.34535,-0.54383,-0.72063,-0.86396,-0.95514,-0.97172,-0.89965,-0.75011,-0.55539,-0.36183,-0.20678,-0.10814,-0.06332,-0.05141,-0.036516,0.016766,0.13043,0.29859,0.49071,0.6695,0.80976,0.90768,0.98051,1.0501,1.1426,1.2762,1.4605
-0.41992,-0.77703,-0.96813,-1.009,-1.0259,-1.0963,-1.1974,-1.2447,-1.1484,-0.88796,-0.58969,-0.43148,-0.48482,-0.67249,-0.83157,-0.82802,-0.67188,-0.49332,-0.4078,-0.42186,-0.45248,-0.41234,-0.27896,-0.096683,0.076237,0.21343,0.32296,0.42389,0.50083,0.50683,0.40339,0.19631,-0.053425,-0.26855,-0.40442,-0.46142,-0.46809,-0.44199,-0.37602,-0.23991,-0.010608,0.30087,0.64291,0.94578,1.1558,1.2498,1.2333,1.1289,0.95916,0.74574,0.50153,0.239,-0.02568,-0.27057,-0.48499,-0.64884,-0.7502,-0.78195,-0.74255,-0.63886,-0.49278,-0.33781,-0.20669,-0.12375,-0.099055,-0.12574,-0.17901,-0.22143,-0.20664,-0.10708,0.070848,0.29219,0.51521,0.71159,0.87512,1.0185,1.1639,1.3333,1.5406,1.7928
-0.29907,-0.63645,-0.87306,-0.99664,-1.0694,-1.1254,-1.156,-1.1299,-1.0022,-0.75255,-0.47056,-0.31271,-0.36075,-0.56001,-0.75819,-0.8084,-0.68645,-0.50428,-0.38965,-0.3779,-0.41407,-0.42221,-0.36437,-0.25151,-0.11663,0.021295,0.16213,0.30433,0.41733,0.44083,0.32982,0.088469,-0.21691,-0.49538,-0.6802,-0.75927,-0.75441,-0.6921,-0.57205,-0.37498,-0.082525,0.28946,0.6871,1.0413,1.2972,1.4296,1.4407,1.3469,1.1701,0.93223,0.65336,0.35566,0.063072,-0.20213,-0.41542,-0.56231,-0.63278,-0.62378,-0.54381,-0.41556,-0.27568,-0.15724,-0.08451,-0.068893,-0.11069,-0.19989,-0.31109,-0.40609,-0.43737,-0.36689,-0.19115,0.056185,0.32709,0.58559,0.8198,1.0369,1.2597,1.5035,1.7806,2.0981
-0.21426,-0.53334,-0.80087,-0.98726,-1.1044,-1.1482,-1.1247,-1.0429,-0.89215,-0.65397,-0.39182,-0.24441,-0.29574,-0.50272,-0.72237,-0.80245,-0.7014,-0.51996,-0.39254,-0.37243,-0.42175,-0.46943,-0.46573,-0.39954,-0.28769,-0.14385,0.026868,0.20455,0.34389,0.37731,0.25236,-0.02302,-0.37946,-0.71133,-0.93546,-1.0259,-1.0051,-0.90989,-0.74751,-0.50426,-0.16261,0.25925,0.7047,1.1012,1.3908,1.5501,1.5764,1.4846,1.2995,1.0427,0.74147,0.42149,0.10944,-0.16746,-0.38316,-0.51979,-0.56729,-0.52807,-0.42049,-0.27858,-0.14142,-0.045561,-0.011988,-0.045779,-0.13969,-0.2768,-0.43149,-0.56008,-0.61263,-0.55245,-0.37722,-0.11906,0.17663,0.47406,0.7579,1.0335,1.3105,1.6059,1.9313,2.2941
-0.11072,-0.40197,-0.70666,-0.97443,-1.1519,-1.1842,-1.0912,-0.94061,-0.76313,-0.5417,-0.31205,-0.1865,-0.24626,-0.46058,-0.69728,-0.8045,-0.72712,-0.55356,-0.42365,-0.40873,-0.48539,-0.58428,-0.64337,-0.62987,-0.54127,-0.38418,-0.17384,0.052332,0.2261,0.27068,0.12555,-0.20186,-0.62962,-1.036,-1.3148,-1.42,-1.3771,-1.2303,-1.0065,-0.6947,-0.28292,0.20841,0.71551,1.1614,1.4904,1.6744,1.7145,1.6254,1.4285,1.153,0.82592,0.47781,0.14135,-0.15125,-0.37136,-0.49683,-0.51902,-0.44659,-0.30847,-0.14901,-0.016931,0.052806,0.044847,-0.038549,-0.1838,-0.37013,-0.56714,-0.73525,-0.82639,-0.79831,-0.63823,-0.37099,-0.042019,0.30833,0.65905,1.0055,1.3579,1.7224,2.1046,2.5103
-0.040893,-0.3098,-0.63893,-0.96457,-1.1866,-1.2133,-1.0747,-0.87883,-0.68311,-0.47365,-0.26961,-0.16287,-0.22968,-0.44606,-0.68805,-0.80842,-0.74693,-0.5868,-0.46917,-0.47076,-0.57315,-0.70805,-0.80732,-0.82717,-0.74931,-0.57716,-0.33711,-0.074678,0.12886,0.18306,0.026272,-0.34046,-0.82807,-1.2998,-1.6229,-1.7386,-1.6685,-1.4741,-1.193,-0.82734,-0.36682,0.16729,0.71322,1.1935,1.5486,1.751,1.7985,1.706,1.4975,1.2051,0.86163,0.49944,0.15039,-0.15219,-0.3796,-0.50482,-0.51539,-0.42185,-0.26095,-0.086704,0.047089,0.10282,0.067592,-0.051169,-0.23355,-0.45296,-0.67863,-0.86753,-0.97347,-0.95734,-0.80618,-0.53945,-0.19628,0.18454,0.57776,0.97609,1.3736,1.7777,2.1939,2.6282
0.040679,-0.19726,-0.55312,-0.94921,-1.2273,-1.2507,-1.0594,-0.81166,-0.59517,-0.40215,-0.2314,-0.15017,-0.22487,-0.43744,-0.67615,-0.80405,-0.76326,-0.63355,-0.55165,-0.59338,-0.74261,-0.93037,-1.079,-1.1283,-1.0474,-0.8396,-0.5451,-0.23181,0.006357,0.068267,-0.11164,-0.53055,-1.0961,-1.6474,-2.0213,-2.1354,-2.0175,-1.7519,-1.3962,-0.96325,-0.44527,0.13659,0.72194,1.2338,1.6129,1.8307,1.8841,1.7868,1.5651,1.2535,0.89,0.5111,0.14983,-0.16402,-0.39924,-0.52841,-0.53481,-0.42601,-0.24219,-0.047264,0.094756,0.14237,0.083334,-0.070727,-0.29387,-0.55298,-0.80827,-1.0206,-1.1458,-1.1473,-1.0096,-0.74446,-0.38326,0.036897,0.48524,0.94053,1.3965,1.8468,2.2927,2.7402
0.10828,-0.098221,-0.47446,-0.92835,-1.2557,-1.2771,-1.0442,-0.75511,-0.52372,-0.34651,-0.2067,-0.14855,-0.2275,-0.42918,-0.65388,-0.78033,-0.7613,-0.67379,-0.64653,-0.75025,-0.96459,-1.2132,-1.4059,-1.4666,-1.3562,-1.09,-0.7268,-0.36594,-0.10698,-0.047361,-0.25379,-0.71499,-1.3346,-1.9362,-2.3362,-2.433,-2.2614,-1.9239,-1.4978,-1.0057,-0.44656,0.16213,0.76308,1.2852,1.6739,1.8966,1.9502,1.8474,1.6143,1.2921,0.92022,0.53504,0.16683,-0.1558,-0.40445,-0.54549,-0.55526,-0.43717,-0.23405,-0.018592,0.13473,0.17761,0.096212,-0.094253,-0.3602,-0.65872,-0.94467,-1.1691,-1.2903,-1.2815,-1.1365,-0.86752,-0.49729,-0.054263,0.43087,0.92877,1.4226,1.9008,2.3614,2.8108
0.14952,-0.034247,-0.42093,-0.90857,-1.2656,-1.2834,-1.0258,-0.71298,-0.47457,-0.30907,-0.19048,-0.14784,-0.2279,-0.41794,-0.63025,-0.75502,-0.75377,-0.70382,-0.72829,-0.89009,-1.1608,-1.4546,-1.6702,-1.7208,-1.5706,-1.2509,-0.84424,-0.457,-0.19146,-0.1361,-0.3534,-0.83159,-1.4687,-2.0843,-2.4818,-2.554,-2.3381,-1.9491,-1.4777,-0.95583,-0.38314,0.22391,0.81984,1.3401,1.7263,1.9507,2.0016,1.8908,1.6511,1.3213,0.94835,0.56802,0.20501,-0.11871,-0.37418,-0.52621,-0.54387,-0.42484,-0.21271,0.013465,0.17154,0.20907,0.11154,-0.10395,-0.39998,-0.72786,-1.0323,-1.2624,-1.377,-1.3538,-1.1916,-0.90459,-0.51657,-0.056623,0.44416,0.95835,1.4627,1.9463,2.4066,2.848
0.19198,0.036154,-0.35805,-0.8764,-1.258,-1.2672,-0.98129,-0.64664,-0.40496,-0.25636,-0.16363,-0.13788,-0.21483,-0.38669,-0.57907,-0.7023,-0.73127,-0.74325,-0.8504,-1.1025,-1.457,-1.8102,-2.0412,-2.0547,-1.831,-1.4324,-0.97231,-0.55754,-0.28628,-0.23682,-0.45883,-0.94113,-1.575,-2.1753,-2.5343,-2.5494,-2.2698,-1.8258,-1.3162,-0.77471,-0.20352,0.38783,0.95766,1.4487,1.8119,2.0165,2.0553,1.94,1.6993,1.3773,1.0164,0.65017,0.30023,-0.016366,-0.27434,-0.43626,-0.46423,-0.34815,-0.13094,0.099313,0.25471,0.27626,0.14782,-0.11122,-0.45695,-0.82919,-1.1608,-1.3846,-1.458,-1.3764,-1.1617,-0.8412,-0.43571,0.034499,0.54307,1.0573,1.5615,2.0358,2.4753,2.8849
0.21442,0.077142,-0.31777,-0.84752,-1.2341,-1.2322,-0.92838,-0.58381,-0.34445,-0.20909,-0.13418,-0.11858,-0.1918,-0.34866,-0.52581,-0.64863,-0.70444,-0.76961,-0.94637,-1.2733,-1.6955,-2.093,-2.3279,-2.3016,-2.0096,-1.5447,-1.0393,-0.60557,-0.33142,-0.28743,-0.51284,-0.98695,-1.6,-2.1593,-2.4643,-2.421,-2.0957,-1.6239,-1.1018,-0.5627,-0.0064992,0.55796,1.0951,1.5526,1.887,2.069,2.0932,1.9724,1.7349,1.4242,1.0813,0.73505,0.40211,0.097391,-0.15615,-0.31726,-0.34428,-0.22716,-0.0126,0.20972,0.34662,0.34195,0.18177,-0.11291,-0.49577,-0.9008,-1.247,-1.4586,-1.4926,-1.3534,-1.079,-0.71158,-0.28169,0.18902,0.6812,1.1789,1.6564,2.1072,2.5275,2.9179
0.23157,0.11514,-0.27464,-0.80419,-1.1795,-1.1538,-0.82872,-0.47779,-0.24693,-0.13173,-0.080039,-0.07761,-0.14607,-0.2842,-0.44428,-0.5701,-0.66271,-0.79999,-1.0732,-1.5041,-2.0192,-2.475,-2.7071,-2.6107,-2.2109,-1.6487,-1.0824,-0.62979,-0.3609,-0.32735,-0.54995,-0.99327,-1.5419,-2.012,-2.2251,-2.1153,-1.7529,-1.2648,-0.73871,-0.21028,0.31635,0.83092,1.3065,1.704,1.986,2.1319,2.1357,2.0086,1.7794,1.4872,1.1704,0.85497,0.55305,0.27576,0.045109,-0.097638,-0.11106,0.011824,0.21904,0.41545,0.51406,0.45881,0.23903,-0.1201,-0.56527,-1.0171,-1.3784,-1.5504,-1.492,-1.239,-0.86842,-0.44403,0.0038831,0.46571,0.93414,1.3933,1.8367,2.2504,2.6275,2.9672
0.23387,0.1337,-0.24626,-0.75992,-1.104,-1.0441,-0.70038,-0.3484,-0.13104,-0.038095,-0.0094802,-0.020589,-0.086575,-0.21126,-0.36106,-0.4947,-0.62393,-0.82762,-1.1906,-1.723,-2.3316,-2.8419,-3.0586,-2.873,-2.3553,-1.6956,-1.0777,-0.61296,-0.35575,-0.33042,-0.5375,-0.92992,-1.3914,-1.7564,-1.8764,-1.7089,-1.3276,-0.84441,-0.33678,0.16599,0.65605,1.1221,1.5363,1.8651,2.0824,2.1746,2.1446,2.0074,1.7886,1.5228,1.2397,0.95928,0.69255,0.45148,0.26139,0.16135,0.18378,0.32222,0.51578,0.6743,0.71135,0.58518,0.29321,-0.1345,-0.63925,-1.1306,-1.4885,-1.6039,-1.4461,-1.0801,-0.61013,-0.11572,0.36474,0.82028,1.2509,1.6613,2.0453,2.4016,2.7279,3.0217
0.22576,0.13391,-0.23666,-0.72916,-1.0384,-0.94718,-0.59005,-0.23986,-0.034727,0.040081,0.051298,0.029886,-0.036439,-0.15524,-0.30205,-0.4446,-0.60059,-0.84846,-1.2697,-1.8696,-2.5421,-3.0876,-3.2853,-3.0283,-2.4262,-1.7023,-1.0508,-0.57736,-0.325,-0.29988,-0.48835,-0.83472,-1.2272,-1.5156,-1.5757,-1.3759,-0.99117,-0.52049,-0.035488,0.44052,0.89962,1.3279,1.697,1.9741,2.1385,2.1852,2.1237,1.9745,1.763,1.5178,1.262,1.0099,0.77194,0.5643,0.41186,0.35215,0.4093,0.5661,0.75475,0.88268,0.87457,0.69261,0.33998,-0.14745,-0.70334,-1.2245,-1.5756,-1.6359,-1.384,-0.91786,-0.37186,0.16203,0.64864,1.0875,1.4891,1.8608,2.2076,2.5274,2.8157,3.069
0.20162,0.11489,-0.24087,-0.69552,-0.9471,-0.80748,-0.43206,-0.086222,0.10107,0.14969,0.13565,0.099048,0.028334,-0.088584,-0.23577,-0.39316,-0.58179,-0.87803,-1.3596,-2.0279,-2.7653,-3.3435,-3.509,-3.1666,-2.4711,-1.6821,-0.99684,-0.5112,-0.25416,-0.21617,-0.36722,-0.6455,-0.94829,-1.1505,-1.1528,-0.93794,-0.56591,-0.12174,0.33676,0.78202,1.201,1.5749,1.8754,2.0764,2.1653,2.1497,2.0484,1.8856,1.6842,1.463,1.2374,1.0194,0.82179,0.6631,0.57209,0.57898,0.69386,0.8828,1.068,1.1599,1.0896,0.8314,0.39916,-0.1614,-0.77267,-1.3163,-1.6401,-1.6187,-1.2588,-0.69148,-0.069432,0.51075,1.0134,1.4398,1.8058,2.1278,2.4209,2.6869,2.9246,3.1303
0.16134,0.073999,-0.26636,-0.67633,-0.86093,-0.66931,-0.27431,0.067319,0.2357,0.25724,0.21624,0.15971,0.079239,-0.040915,-0.19244,-0.36368,-0.57661,-0.90429,-1.423,-2.1327,-2.9061,-3.4929,-3.6216,-3.2128,-2.4562,-1.6303,-0.92651,-0.42979,-0.15598,-0.089721,-0.19301,-0.4034,-0.62915,-0.76507,-0.73287,-0.52107,-0.17619,0.23242,0.65595,1.0653,1.4434,1.7656,2.002,2.1282,2.14,2.0562,1.9103,1.7338,1.545,1.3515,1.1573,0.97133,0.81085,0.7014,0.67333,0.74948,0.92475,1.1495,1.3382,1.401,1.2807,0.96052,0.46414,-0.15295,-0.80198,-1.3508,-1.6366,-1.5385,-1.0858,-0.43801,0.23761,0.84235,1.3437,1.7478,2.0768,2.3574,2.6,2.8182,3.0133,3.1812
0.12039,0.029281,-0.30079,-0.67501,-0.80714,-0.57541,-0.16437,0.17449,0.32849,0.32963,0.26747,0.19366,0.10375,-0.020677,-0.17639,-0.35415,-0.57669,-0.9162,-1.4476,-2.1692,-2.9488,-3.526,-3.6256,-3.1833,-2.4059,-1.5723,-0.86633,-0.36264,-0.071542,0.023273,-0.039907,-0.20229,-0.37913,-0.47811,-0.43359,-0.23423,0.082321,0.45984,0.85283,1.2333,1.581,1.8668,2.0588,2.1322,2.0863,1.952,1.7728,1.5875,1.4118,1.2417,1.071,0.9058,0.76835,0.69129,0.70693,0.8341,1.0553,1.3082,1.5018,1.5499,1.3996,1.0435,0.51367,-0.12605,-0.77898,-1.3079,-1.5501,-1.4018,-0.91046,-0.24084,0.44417,1.0503,1.5469,1.9403,2.2524,2.5034,2.7219,2.9119,3.0744,3.2068
0.050929,-0.049753,-0.36832,-0.69417,-0.75651,-0.47172,-0.039122,0.29743,0.43371,0.40835,0.31709,0.22005,0.11552,-0.015246,-0.1733,-0.35199,-0.57579,-0.91553,-1.4435,-2.1548,-2.9137,-3.4571,-3.52,-3.0597,-2.2904,-1.4743,-0.7779,-0.26693,0.049881,0.1877,0.17944,0.075594,-0.04959,-0.11827,-0.074322,0.096459,0.36946,0.70319,1.0583,1.4065,1.7188,1.9611,2.0937,2.0935,1.9713,1.7711,1.5558,1.3703,1.2198,1.0836,0.9423,0.80119,0.68938,0.64771,0.71246,0.89475,1.1647,1.4487,1.6508,1.6862,1.5122,1.1303,0.58277,-0.056391,-0.68243,-1.1571,-1.3336,-1.1344,-0.62003,0.04921,0.72159,1.3095,1.7833,2.1481,2.4258,2.6441,2.8211,2.9738,3.1071,3.2182
-0.012586,-0.12387,-0.43508,-0.72497,-0.73748,-0.41448,0.035018,0.37118,0.4957,0.45091,0.33919,0.22547,0.1104,-0.024356,-0.18037,-0.35354,-0.57011,-0.89884,-1.4093,-2.0941,-2.815,-3.3158,-3.355,-2.904,-2.1679,-1.3849,-0.70621,-0.1928,0.14343,0.31596,0.34595,0.28002,0.18151,0.12295,0.15606,0.30241,0.54418,0.84746,1.1767,1.5019,1.7904,2.0013,2.0926,2.0419,1.8664,1.6229,1.3874,1.2089,1.0838,0.97559,0.85401,0.72401,0.62192,0.59654,0.68782,0.90415,1.2054,1.5085,1.7145,1.7447,1.559,1.1691,0.62668,0.014973,-0.55743,-0.96184,-1.0768,-0.85101,-0.35203,0.2798,0.91311,1.4689,1.9177,2.2616,2.5194,2.7141,2.8719,3.0038,3.1147,3.2029
-0.11297,-0.24137,-0.54268,-0.78843,-0.74016,-0.369,0.10436,0.44273,0.5542,0.4867,0.34959,0.21522,0.088764,-0.046458,-0.19377,-0.35031,-0.54418,-0.84369,-1.3133,-1.9388,-2.5831,-3.013,-3.0272,-2.6163,-1.9581,-1.25,-0.61558,-0.10681,0.2598,0.48135,0.56562,0.54225,0.46749,0.40584,0.41397,0.51846,0.71788,0.98632,1.2913,1.5962,1.8599,2.0339,2.0738,1.9607,1.7213,1.4292,1.1763,1.0159,0.92937,0.85964,0.7629,0.64349,0.54621,0.53064,0.64164,0.8831,1.2065,1.5227,1.7322,1.7585,1.5721,1.1932,0.68387,0.13608,-0.34088,-0.6362,-0.66714,-0.41884,0.043834,0.60759,1.1681,1.6603,2.0571,2.3587,2.5808,2.7456,2.8752,2.9846,3.0793,3.1567
-0.23151,-0.37725,-0.66979,-0.87576,-0.77377,-0.35928,0.13899,0.48437,0.58687,0.50132,0.3423,0.19062,0.05826,-0.070094,-0.19917,-0.32838,-0.4868,-0.74094,-1.1498,-1.6942,-2.2437,-2.5956,-2.5933,-2.2464,-1.6951,-1.0895,-0.51946,-0.023875,0.37196,0.6406,0.77071,0.77625,0.70932,0.63498,0.6129,0.67735,0.83793,1.079,1.369,1.6653,1.9151,2.0621,2.0586,1.8908,1.597,1.2674,1.0069,0.8681,0.81894,0.78018,0.70019,0.58307,0.48013,0.4617,0.57799,0.83274,1.1707,1.4953,1.7049,1.7288,1.5459,1.1865,0.72623,0.26591,-0.091277,-0.26378,-0.21227,0.048706,0.45641,0.92973,1.3967,1.8092,2.1436,2.3965,2.5798,2.7171,2.8221,2.9122,2.9937,3.0637
-0.33243,-0.49003,-0.7743,-0.95378,-0.81727,-0.37314,0.14475,0.49852,0.59931,0.50357,0.33201,0.17103,0.038208,-0.079804,-0.18926,-0.29141,-0.41622,-0.62769,-0.98072,-1.4549,-1.9275,-2.2216,-2.2158,-1.927,-1.4659,-0.94485,-0.42869,0.050378,0.46016,0.75707,0.91173,0.9311,0.86149,0.77249,0.72542,0.76336,0.90107,1.1284,1.4142,1.7103,1.9564,2.09,2.0619,1.861,1.5335,1.1795,0.9135,0.7885,0.76027,0.73779,0.66161,0.53832,0.42782,0.40621,0.53019,0.79617,1.1399,1.4619,1.6648,1.6851,1.5074,1.1726,0.76081,0.3723,0.10129,0.010375,0.11472,0.38122,0.75129,1.1585,1.549,1.8892,2.1646,2.3754,2.532,2.6477,2.745,2.8309,2.9076,2.9713
-0.4825,-0.65313,-0.92122,-1.0677,-0.89358,-0.41405,0.13024,0.50016,0.60518,0.50421,0.32216,0.1545,0.026146,-0.072593,-0.14931,-0.2088,-0.28132,-0.42795,-0.69847,-1.071,-1.4381,-1.662,-1.6612,-1.4536,-1.1151,-0.71223,-0.27675,0.16894,0.58336,0.90654,1.0873,1.1184,1.0421,0.9267,0.84213,0.84075,0.95096,1.1695,1.4631,1.7726,2.0257,2.1506,2.0979,1.8624,1.4994,1.1194,0.84249,0.71949,0.69651,0.67643,0.59673,0.46524,0.34715,0.32886,0.46404,0.74645,1.1042,1.4323,1.634,1.6506,1.4803,1.1714,0.81367,0.51004,0.34295,0.34739,0.50789,0.77336,1.0878,1.4058,1.6986,1.9496,2.1509,2.3022,2.4126,2.5018,2.578,2.6543,2.733,2.8076
-0.65035,-0.82689,-1.0701,-1.1854,-0.98152,-0.47298,0.097959,0.48873,0.60672,0.5096,0.32699,0.15935,0.040689,-0.034355,-0.074384,-0.088424,-0.10669,-0.18541,-0.3683,-0.63533,-0.8991,-1.0586,-1.0638,-0.93294,-0.71407,-0.43395,-0.088625,0.31265,0.72339,1.0625,1.2574,1.2892,1.196,1.0496,0.92709,0.89022,0.97876,1.1971,1.5081,1.8425,2.1131,2.2424,2.1792,1.9234,1.5381,1.1374,0.84126,0.69584,0.64566,0.59612,0.49036,0.34389,0.22954,0.23525,0.41118,0.73522,1.1214,1.4604,1.6606,1.6736,1.5059,1.2165,0.89997,0.6575,0.56056,0.62618,0.81936,1.0788,1.3487,1.5918,1.792,1.9475,2.0639,2.1509,2.2209,2.2844,2.357,2.4394,2.5262,2.6072
