-0.021931,-0.08022,-0.38754,-0.68812,-0.70293,-0.41012,-0.026612,0.17929,0.073412,-0.31485,-0.89217,-1.5325,-2.0245,-2.1379,-1.89,-1.5409,-1.2893,-1.1961,-1.2582,-1.44,-1.6542,-1.7671,-1.6932,-1.4838,-1.2701,-1.1662,-1.2303,-1.4708,-1.8257,-2.1536,-2.298,-2.2225,-2.0318,-1.8477,-1.7407,-1.7214,-1.775,-1.8735,-1.9925,-2.1081,-2.1866,-2.1881,-2.0725,-1.8257,-1.4641,-1.0311,-0.59281,-0.22792,-0.0097562,0.022853,-0.12197,-0.38691,-0.6825,-0.9132,-1.0179,-0.98469,-0.85458,-0.68224,-0.49666,-0.29305,-0.059336,0.20233,0.46677,0.69699,0.86345,0.96041,1.011,1.0504,1.104,1.1634,1.1888,1.1309,0.95451,0.65313,0.25418,-0.18485,-0.59405,-0.91842,-1.1353,-1.2549
-0.014324,-0.070381,-0.36047,-0.63351,-0.63716,-0.36858,-0.032258,0.13297,0.010156,-0.37607,-0.94561,-1.5791,-2.0625,-2.1581,-1.8863,-1.5179,-1.2577,-1.164,-1.2249,-1.3942,-1.5793,-1.6584,-1.5692,-1.3731,-1.1938,-1.1339,-1.2481,-1.5439,-1.9522,-2.3064,-2.423,-2.2772,-2.0094,-1.7685,-1.6267,-1.5942,-1.6486,-1.7587,-1.8989,-2.0423,-2.1557,-2.1882,-2.0997,-1.8744,-1.5295,-1.1105,-0.68514,-0.33229,-0.12109,-0.092183,-0.23212,-0.47952,-0.74279,-0.92925,-0.97901,-0.89353,-0.72154,-0.51955,-0.31539,-0.10498,0.1309,0.38991,0.6489,0.87324,1.0343,1.1247,1.1627,1.1865,1.2196,1.2576,1.2656,1.197,1.0168,0.71777,0.3269,-0.099502,-0.4937,-0.80329,-1.0095,-1.1257
0.0035283,-0.044234,-0.3049,-0.53875,-0.53299,-0.30676,-0.043075,0.064535,-0.074678,-0.44169,-0.97506,-1.5706,-2.0235,-2.0999,-1.8187,-1.4467,-1.1893,-1.1015,-1.1625,-1.3145,-1.4613,-1.4982,-1.3922,-1.2141,-1.0774,-1.069,-1.2404,-1.5973,-2.066,-2.4519,-2.5421,-2.3248,-1.9798,-1.6798,-1.4967,-1.4367,-1.4714,-1.5711,-1.7105,-1.8671,-2.0065,-2.0775,-2.0335,-1.8538,-1.5519,-1.1737,-0.78268,-0.45504,-0.26053,-0.23462,-0.36634,-0.59337,-0.82168,-0.95839,-0.94969,-0.80514,-0.5846,-0.35092,-0.13113,0.085566,0.31981,0.57591,0.83144,1.0497,1.2004,1.2765,1.2994,1.3034,1.3193,1.3433,1.3399,1.2629,1.0802,0.78761,0.41333,0.012834,-0.3553,-0.64437,-0.83977,-0.95447
0.021592,-0.016238,-0.25056,-0.45558,-0.44783,-0.25931,-0.054919,0.0083636,-0.13709,-0.47784,-0.96642,-1.514,-1.9305,-1.994,-1.7205,-1.3614,-1.1153,-1.0356,-1.0977,-1.2368,-1.356,-1.3651,-1.2513,-1.0892,-0.9815,-1.004,-1.2054,-1.5915,-2.0878,-2.49,-2.5739,-2.3284,-1.9485,-1.6156,-1.4064,-1.3234,-1.3388,-1.4219,-1.5482,-1.7001,-1.8466,-1.942,-1.9316,-1.788,-1.5235,-1.1806,-0.8237,-0.52421,-0.34768,-0.3281,-0.45459,-0.66635,-0.87108,-0.97809,-0.94031,-0.76971,-0.52756,-0.27614,-0.042398,0.18504,0.4219,0.67438,0.92369,1.1368,1.2842,1.3565,1.3719,1.3667,1.3679,1.3769,1.3641,1.286,1.1097,0.82974,0.47385,0.094796,-0.24881,-0.51708,-0.70064,-0.81473
0.050232,0.02943,-0.16616,-0.33628,-0.33372,-0.20097,-0.077203,-0.071529,-0.21829,-0.5101,-0.92259,-1.3867,-1.7398,-1.7869,-1.5347,-1.2061,-0.98276,-0.91558,-0.97789,-1.1004,-1.1889,-1.1718,-1.0555,-0.91626,-0.84098,-0.89376,-1.1153,-1.5145,-2.0184,-2.4269,-2.5144,-2.2622,-1.866,-1.5111,-1.2806,-1.1759,-1.1713,-1.2323,-1.3375,-1.4712,-1.6141,-1.725,-1.7511,-1.6548,-1.4382,-1.1421,-0.83112,-0.57529,-0.43061,-0.43122,-0.55682,-0.74792,-0.92201,-1.0028,-0.94472,-0.76497,-0.51512,-0.24813,0.01038,0.26038,0.51859,0.78013,1.0238,1.2201,1.3466,1.4011,1.4036,1.39,1.3885,1.3961,1.3814,1.3043,1.1373,0.87865,0.5544,0.2117,-0.099249,-0.34574,-0.51978,-0.63366
0.080464,0.079625,-0.076066,-0.21662,-0.22797,-0.15517,-0.10961,-0.15498,-0.2955,-0.52874,-0.85369,-1.2244,-1.5065,-1.5351,-1.3084,-1.0143,-0.81375,-0.75509,-0.81225,-0.91798,-0.98637,-0.9589,-0.84998,-0.7331,-0.68253,-0.75314,-0.98007,-1.3687,-1.8515,-2.2431,-2.3282,-2.0924,-1.716,-1.3763,-1.1478,-1.0369,-1.0162,-1.0574,-1.143,-1.263,-1.399,-1.5148,-1.5572,-1.4888,-1.3097,-1.0577,-0.79096,-0.57367,-0.46264,-0.47908,-0.61135,-0.80363,-0.97552,-1.0514,-0.99489,-0.81285,-0.55378,-0.26894,0.01472,0.29652,0.57289,0.84043,1.0798,1.2652,1.3776,1.4165,1.4074,1.3834,1.3737,1.3788,1.3695,1.305,1.1571,0.92412,0.63304,0.32759,0.051421,-0.16751,-0.32656,-0.4397
0.10244,0.11717,-0.0092704,-0.13301,-0.1599,-0.132,-0.14071,-0.21823,-0.34934,-0.5367,-0.79459,-1.0949,-1.3236,-1.3357,-1.1255,-0.85379,-0.66583,-0.60818,-0.6575,-0.75148,-0.81215,-0.7885,-0.69532,-0.59771,-0.56192,-0.63695,-0.85533,-1.222,-1.6732,-2.0389,-2.1242,-1.9134,-1.569,-1.2534,-1.0365,-0.92898,-0.90496,-0.94135,-1.0179,-1.1277,-1.2553,-1.3642,-1.4053,-1.3433,-1.1799,-0.9523,-0.71864,-0.53853,-0.45925,-0.50102,-0.64483,-0.83617,-1.0028,-1.0805,-1.0335,-0.86745,-0.61692,-0.32137,-0.0085929,0.30249,0.60611,0.88343,1.1137,1.2781,1.3676,1.3904,1.3721,1.3478,1.3426,1.3528,1.3489,1.2946,1.1658,0.96117,0.70295,0.43042,0.17868,-0.028894,-0.18735,-0.30547
0.12752,0.16258,0.072025,-0.035666,-0.089138,-0.12016,-0.19076,-0.3002,-0.413,-0.53988,-0.7144,-0.9262,-1.0866,-1.075,-0.88024,-0.63126,-0.4531,-0.389,-0.42076,-0.49635,-0.55203,-0.54625,-0.4876,-0.42349,-0.40842,-0.4846,-0.68122,-1.004,-1.3981,-1.7164,-1.8012,-1.6312,-1.3364,-1.0554,-0.86048,-0.76401,-0.7505,-0.79463,-0.87376,-0.97453,-1.0827,-1.1701,-1.197,-1.1326,-0.98013,-0.77966,-0.58647,-0.45532,-0.42383,-0.50156,-0.66349,-0.85899,-1.0279,-1.1168,-1.0926,-0.94846,-0.7027,-0.38947,-0.0451,0.3039,0.62534,0.90265,1.1199,1.2649,1.3337,1.3381,1.3086,1.2813,1.2778,1.2943,1.3026,1.2673,1.1658,0.99814,0.78518,0.55509,0.34095,0.15852,0.0097031,-0.11288
0.14179,0.19084,0.12335,0.023606,-0.052872,-0.1258,-0.23423,-0.35783,-0.45266,-0.53661,-0.6554,-0.80824,-0.92139,-0.89076,-0.70274,-0.46619,-0.29097,-0.21729,-0.23095,-0.2895,-0.34234,-0.3551,-0.32966,-0.29876,-0.30441,-0.3833,-0.56145,-0.84506,-1.1854,-1.4568,-1.5294,-1.3853,-1.1301,-0.88284,-0.71188,-0.63115,-0.63157,-0.68711,-0.77517,-0.87447,-0.96711,-1.0301,-1.033,-0.95613,-0.80857,-0.62864,-0.46637,-0.37032,-0.37411,-0.47718,-0.65608,-0.86089,-1.0349,-1.1313,-1.1215,-0.99494,-0.76085,-0.44298,-0.076694,0.29402,0.63465,0.91536,1.118,1.2361,1.276,1.26,1.2227,1.1971,1.2033,1.232,1.2534,1.2356,1.1601,1.0268,0.85097,0.65817,0.46774,0.29403,0.14283,0.01334
0.1532,0.21681,0.17583,0.080885,-0.027445,-0.15052,-0.29566,-0.42376,-0.49025,-0.52326,-0.57893,-0.66603,-0.72477,-0.66857,-0.48421,-0.25851,-0.082241,0.009509,0.024555,-0.0091988,-0.058111,-0.097105,-0.12096,-0.14291,-0.18479,-0.27244,-0.42729,-0.65383,-0.91024,-1.1039,-1.1421,-1.0209,-0.82038,-0.62928,-0.50006,-0.44973,-0.47216,-0.54513,-0.64385,-0.73901,-0.8079,-0.83008,-0.7911,-0.6909,-0.54866,-0.39837,-0.28594,-0.2482,-0.30118,-0.44343,-0.63661,-0.8361,-1.0022,-1.1039,-1.1149,-1.0159,-0.79714,-0.4747,-0.093458,0.29135,0.62998,0.89244,1.0667,1.1542,1.1687,1.1365,1.0925,1.0715,1.0849,1.1228,1.1587,1.165,1.1248,1.0364,0.91075,0.7628,0.60955,0.46233,0.32512,0.1966
0.15394,0.22635,0.20655,0.11339,-0.025932,-0.19002,-0.35505,-0.47044,-0.50309,-0.49364,-0.50113,-0.53736,-0.55341,-0.47579,-0.29228,-0.07283,0.10831,0.22128,0.26758,0.26047,0.21628,0.15099,0.076369,-0.0027003,-0.087437,-0.18871,-0.32042,-0.48372,-0.649,-0.75545,-0.75017,-0.64227,-0.49045,-0.35561,-0.27281,-0.25883,-0.30521,-0.39428,-0.49127,-0.56841,-0.60406,-0.58864,-0.52414,-0.42042,-0.29718,-0.18602,-0.11868,-0.12342,-0.21416,-0.37439,-0.57226,-0.76671,-0.92428,-1.0222,-1.0434,-0.96477,-0.76975,-0.46607,-0.096009,0.27735,0.60089,0.8409,0.98486,1.0378,1.0207,0.96779,0.91901,0.90156,0.92542,0.97563,1.0268,1.0573,1.0555,1.0187,0.94935,0.85352,0.7377,0.60985,0.47768,0.34626
0.14743,0.22242,0.21536,0.12259,-0.037335,-0.22471,-0.39281,-0.48764,-0.49203,-0.45618,-0.43698,-0.44506,-0.4376,-0.35001,-0.17026,0.044406,0.23018,0.36002,0.43109,0.44624,0.40885,0.32649,0.21458,0.092302,-0.026414,-0.13956,-0.25238,-0.36434,-0.45636,-0.4947,-0.45675,-0.35813,-0.23928,-0.14176,-0.091403,-0.10116,-0.16492,-0.26291,-0.35861,-0.42054,-0.43048,-0.39004,-0.31295,-0.21457,-0.11304,-0.033135,-4.891e-05,-0.036093,-0.14823,-0.31761,-0.50997,-0.68834,-0.82835,-0.91811,-0.94336,-0.88077,-0.70798,-0.42752,-0.080551,0.26968,0.56631,0.77689,0.8918,0.91989,0.88552,0.8247,0.77524,0.76257,0.78986,0.84228,0.89932,0.94501,0.97046,0.97109,0.94387,0.88724,0.80301,0.69764,0.57857,0.45171
0.12977,0.20304,0.2095,0.11766,-0.063298,-0.26947,-0.4264,-0.48142,-0.44609,-0.38205,-0.33792,-0.32002,-0.29246,-0.20236,-0.035094,0.16863,0.35838,0.51004,0.6151,0.66324,0.64056,0.54283,0.38837,0.21354,0.051741,-0.076438,-0.16205,-0.20325,-0.19712,-0.14586,-0.067313,0.019578,0.094035,0.14275,0.15194,0.11642,0.037273,-0.063435,-0.15257,-0.19368,-0.17484,-0.10992,-0.026207,0.054424,0.11784,0.15076,0.13661,0.062275,-0.069345,-0.23789,-0.40637,-0.54721,-0.65216,-0.72237,-0.75013,-0.71245,-0.57957,-0.34629,-0.049319,0.25032,0.49772,0.66186,0.73595,0.73211,0.67744,0.60847,0.55974,0.55084,0.57879,0.62899,0.68773,0.74849,0.80849,0.86127,0.89427,0.89494,0.85673,0.78153,0.6791,0.56038
0.10384,0.16973,0.18706,0.099556,-0.092574,-0.304,-0.43399,-0.43954,-0.36462,-0.27879,-0.21873,-0.18471,-0.14848,-0.067628,0.076247,0.25922,0.44551,0.61472,0.75206,0.83448,0.83334,0.7337,0.55292,0.33822,0.1413,0.00171,-0.059224,-0.034336,0.061971,0.19333,0.31225,0.38976,0.42361,0.42099,0.38652,0.32356,0.23731,0.1475,0.083546,0.070807,0.11222,0.18191,0.25069,0.29788,0.314,0.29591,0.23745,0.13568,-0.0015078,-0.15036,-0.28306,-0.38306,-0.45158,-0.49759,-0.51964,-0.49851,-0.40726,-0.23604,-0.0099751,0.22016,0.4071,0.52144,0.55558,0.52127,0.44659,0.36866,0.32057,0.31074,0.33414,0.37652,0.4306,0.49913,0.5861,0.68532,0.77746,0.83834,0.85259,0.81868,0.74507,0.64376
0.080857,0.13762,0.16257,0.081294,-0.11158,-0.31776,-0.41943,-0.38578,-0.28312,-0.18439,-0.11585,-0.073921,-0.036647,0.030807,0.14875,0.30757,0.4843,0.66143,0.81969,0.92784,0.94762,0.8561,0.66815,0.43547,0.22071,0.076649,0.03552,0.10597,0.26142,0.44092,0.58167,0.65042,0.65362,0.61258,0.54721,0.46512,0.37804,0.3022,0.26332,0.27543,0.32986,0.39673,0.44498,0.45988,0.4377,0.38269,0.29376,0.1729,0.036122,-0.095871,-0.19646,-0.25813,-0.29268,-0.31801,-0.33278,-0.32316,-0.26351,-0.14132,0.025652,0.19868,0.33116,0.39997,0.40007,0.34467,0.26122,0.18303,0.13399,0.12398,0.13749,0.16247,0.20095,0.26761,0.374,0.51197,0.65247,0.76022,0.81577,0.81288,0.76189,0.67813
0.047924,0.089583,0.12296,0.055828,-0.12717,-0.31477,-0.37406,-0.28984,-0.15577,-0.042819,0.034933,0.084335,0.11905,0.16091,0.23449,0.34986,0.50353,0.68324,0.86439,1.0051,1.0562,0.98624,0.80562,0.56659,0.34326,0.20249,0.18938,0.31073,0.52402,0.74435,0.89421,0.94322,0.90744,0.82504,0.72707,0.63352,0.55492,0.5037,0.49217,0.52604,0.58894,0.64897,0.67322,0.64661,0.57485,0.46573,0.33406,0.19395,0.061538,-0.034747,-0.0853,-0.097151,-0.091528,-0.086185,-0.09362,-0.098557,-0.077633,-0.016009,0.077098,0.16912,0.2332,0.24496,0.1997,0.11028,0.0040719,-0.086879,-0.1416,-0.1647,-0.16857,-0.1633,-0.13986,-0.074162,0.052129,0.23104,0.42709,0.59756,0.70811,0.75491,0.74693,0.69884
0.023184,0.051853,0.091462,0.038833,-0.1289,-0.29561,-0.32303,-0.20618,-0.053401,0.068366,0.15283,0.20735,0.23824,0.25744,0.29194,0.3675,0.49728,0.67315,0.86605,1.0278,1.1031,1.0552,0.89055,0.66138,0.44469,0.3143,0.32035,0.46771,0.70419,0.93643,1.081,1.1114,1.051,0.94467,0.82918,0.73104,0.66188,0.63197,0.64283,0.69072,0.7544,0.80127,0.80515,0.75425,0.65275,0.5154,0.35664,0.19775,0.066942,-0.012929,-0.031913,-0.005923,0.035193,0.063683,0.071923,0.066669,0.066597,0.086212,0.12245,0.15764,0.16231,0.12261,0.03832,-0.075431,-0.19281,-0.28809,-0.35043,-0.38324,-0.40812,-0.43083,-0.43156,-0.37326,-0.22979,-0.012304,0.23223,0.44842,0.60368,0.68656,0.7077,0.68471
-0.0071507,0.00308,0.051272,0.023407,-0.11539,-0.2497,-0.23911,-0.090095,0.080621,0.21203,0.30613,0.36863,0.39423,0.38231,0.36081,0.37838,0.46873,0.62979,0.82879,1.0115,1.117,1.1026,0.97003,0.76936,0.577,0.46858,0.49455,0.65818,0.90232,1.1294,1.2556,1.2583,1.1682,1.0359,0.90586,0.80767,0.7565,0.75568,0.79909,0.86684,0.93035,0.95858,0.93265,0.84963,0.71586,0.54745,0.36118,0.18405,0.053554,-0.0031283,0.01909,0.092311,0.17556,0.23679,0.26127,0.25296,0.22776,0.20121,0.17667,0.14103,0.080667,-0.017407,-0.15281,-0.31014,-0.46212,-0.58189,-0.65921,-0.71335,-0.7614,-0.80841,-0.82889,-0.7766,-0.61798,-0.3637,-0.067159,0.2092,0.41926,0.55351,0.62149,0.64109
-0.032435,-0.03985,0.017095,0.018465,-0.083311,-0.18234,-0.14535,0.01976,0.19941,0.33894,0.44419,0.51781,0.54099,0.50016,0.42491,0.38178,0.42357,0.55755,0.7502,0.94305,1.072,1.0924,1.0017,0.84372,0.68853,0.60726,0.64607,0.80827,1.0371,1.2377,1.3337,1.3049,1.1883,1.0393,0.90822,0.82462,0.80039,0.82893,0.89359,0.96858,1.026,1.0417,0.99984,0.89783,0.74436,0.55058,0.34161,0.1519,0.021836,-0.011452,0.046181,0.15759,0.2754,0.36371,0.40449,0.39897,0.35954,0.3007,0.22805,0.136,0.010323,-0.15533,-0.35284,-0.55793,-0.73859,-0.87238,-0.96427,-1.0308,-1.1044,-1.185,-1.2331,-1.188,-1.0102,-0.71643,-0.37089,-0.045337,0.21526,0.39687,0.50949,0.57122
-0.04693,-0.066302,-0.0028224,0.022842,-0.048146,-0.12094,-0.071913,0.093551,0.27315,0.4171,0.53212,0.61631,0.64093,0.58325,0.47147,0.38296,0.38442,0.49034,0.66823,0.85908,0.99895,1.0431,0.9864,0.86642,0.74593,0.6889,0.7364,0.88956,1.0938,1.262,1.3253,1.2703,1.1376,0.98517,0.86358,0.80039,0.80049,0.85116,0.92475,0.99685,1.0434,1.0495,1.0045,0.90334,0.7478,0.54952,0.32855,0.12533,-0.0050503,-0.029861,0.049712,0.18808,0.32963,0.43359,0.48386,0.47944,0.43139,0.35302,0.25076,0.12038,-0.047114,-0.25442,-0.49145,-0.73291,-0.9448,-1.1016,-1.2028,-1.2826,-1.3636,-1.4462,-1.4933,-1.4455,-1.2618,-0.95533,-0.5888,-0.23447,0.054625,0.2662,0.40819,0.49875
-0.060108,-0.093144,-0.020213,0.039388,0.012133,-0.029285,0.023169,0.17402,0.34335,0.49122,0.62143,0.72354,0.75745,0.68613,0.53432,0.38978,0.33443,0.39222,0.53479,0.70685,0.84894,0.91859,0.9076,0.84405,0.77741,0.75745,0.81677,0.95094,1.1116,1.225,1.2354,1.1434,0.99422,0.84722,0.74872,0.72078,0.75936,0.83918,0.9282,0.99687,1.0278,1.0165,0.9605,0.85816,0.70791,0.51134,0.29062,0.089395,-0.034966,-0.038155,0.068374,0.2319,0.39258,0.50905,0.56192,0.55125,0.48802,0.38585,0.25094,0.079657,-0.13926,-0.40563,-0.70126,-0.98842,-1.2231,-1.3813,-1.4781,-1.5481,-1.6321,-1.7265,-1.7821,-1.7303,-1.5314,-1.2064,-0.82329,-0.45323,-0.14152,0.095518,0.26696,0.39107
-0.065712,-0.10663,-0.025878,0.058825,0.064884,0.044011,0.090093,0.21899,0.37347,0.52215,0.66467,0.78373,0.82995,0.75723,0.58473,0.40373,0.30422,0.31745,0.42059,0.56481,0.69804,0.78239,0.80711,0.79035,0.76786,0.77733,0.84385,0.9608,1.0848,1.153,1.1226,1.004,0.84834,0.71295,0.63934,0.64219,0.70974,0.80971,0.90454,0.96529,0.98118,0.95701,0.8974,0.801,0.66153,0.47435,0.26054,0.066286,-0.046997,-0.033291,0.092442,0.27186,0.44132,0.55912,0.60657,0.58392,0.50382,0.38126,0.22258,0.020089,-0.23145,-0.53264,-0.86224,-1.1776,-1.4289,-1.5881,-1.6691,-1.7248,-1.7877,-1.8573,-1.892,-1.8324,-1.6416,-1.3334,-0.96381,-0.59862,-0.2827,-0.030991,0.16016,0.30535
-0.069029,-0.11678,-0.024458,0.091848,0.14151,0.14355,0.17243,0.26046,0.38623,0.53271,0.69371,0.83989,0.90997,0.84633,0.65902,0.43754,0.27761,0.22013,0.25384,0.34394,0.45314,0.55205,0.62505,0.67364,0.71249,0.76302,0.83974,0.93486,1.0123,1.0235,0.94296,0.79441,0.63422,0.52004,0.48468,0.53281,0.63792,0.75881,0.85195,0.8938,0.88658,0.84633,0.78884,0.70852,0.58778,0.42255,0.22715,0.052661,-0.031769,0.0078307,0.15446,0.34448,0.51421,0.6222,0.65542,0.61376,0.50842,0.35271,0.15282,-0.09376,-0.39729,-0.74982,-1.1202,-1.4523,-1.6867,-1.8009,-1.8313,-1.8367,-1.8678,-1.9199,-1.9429,-1.876,-1.6898,-1.4033,-1.067,-0.73378,-0.43407,-0.1844,0.017587,0.183
-0.07019,-0.12013,-0.015624,0.131,0.22179,0.24317,0.24724,0.28526,0.37419,0.51499,0.69477,0.8715,0.97189,0.92679,0.73723,0.48503,0.26731,0.13333,0.085755,0.10787,0.18096,0.28603,0.40248,0.51318,0.61313,0.70667,0.79753,0.87758,0.91894,0.88602,0.77075,0.60541,0.44948,0.35742,0.35636,0.43671,0.56538,0.6948,0.78602,0.81829,0.79775,0.74708,0.68245,0.60262,0.49521,0.35097,0.19107,0.06241,0.020404,0.097926,0.26418,0.45692,0.61707,0.70822,0.71554,0.64107,0.49681,0.29683,0.048095,-0.25328,-0.60596,-0.99673,-1.3855,-1.7083,-1.9044,-1.9596,-1.9213,-1.872,-1.8525,-1.8596,-1.8518,-1.7815,-1.6251,-1.3925,-1.1153,-0.82953,-0.56154,-0.32413,-0.12035,0.055741
-0.072271,-0.12066,-0.0064266,0.16259,0.28191,0.31646,0.30027,0.29709,0.35512,0.48935,0.68196,0.88191,1.007,0.9805,0.79525,0.52689,0.27132,0.081935,-0.028879,-0.063332,-0.024911,0.076646,0.2186,0.37105,0.5143,0.64048,0.74704,0.825,0.85081,0.79806,0.66884,0.50034,0.35471,0.27987,0.29677,0.38925,0.52214,0.64938,0.73389,0.75856,0.73112,0.67708,0.61383,0.54076,0.44487,0.31944,0.18423,0.086227,0.080053,0.18364,0.36451,0.55904,0.7106,0.78487,0.77235,0.6736,0.49907,0.26116,-0.032678,-0.37982,-0.77686,-1.1997,-1.5962,-1.8925,-2.0297,-2.0125,-1.9123,-1.8147,-1.769,-1.7646,-1.7535,-1.6876,-1.5488,-1.35,-1.1174,-0.87464,-0.63762,-0.41837,-0.22035,-0.040827
-0.080165,-0.12338,0.0057552,0.2037,0.3588,0.40999,0.36837,0.31063,0.32572,0.4484,0.65556,0.88401,1.0419,1.0422,0.8669,0.58491,0.28732,0.031442,-0.15801,-0.26566,-0.27693,-0.18995,-0.028267,0.16695,0.3582,0.52525,0.65959,0.75091,0.77899,0.72637,0.59807,0.43804,0.30524,0.2442,0.2674,0.35897,0.4821,0.59538,0.66683,0.6836,0.65748,0.60817,0.55321,0.48975,0.40476,0.30087,0.19974,0.14874,0.19128,0.3317,0.52752,0.71632,0.84973,0.90413,0.86612,0.73774,0.52485,0.2352,-0.1233,-0.5408,-0.99464,-1.4446,-1.8258,-2.0649,-2.121,-2.0229,-1.857,-1.7152,-1.6342,-1.604,-1.5851,-1.5372,-1.4412,-1.2995,-1.125,-0.933,-0.7321,-0.53313,-0.34392,-0.16612
-0.097736,-0.13311,0.012716,0.23957,0.42884,0.49793,0.43579,0.32887,0.30191,0.4108,0.6281,0.88023,1.0653,1.0894,0.92523,0.63378,0.30307,-0.0052526,-0.25618,-0.42118,-0.47471,-0.40934,-0.24841,-0.036965,0.18156,0.37991,0.54586,0.66763,0.72797,0.70892,0.61199,0.47596,0.35277,0.28689,0.29124,0.3543,0.44479,0.5306,0.58966,0.61481,0.61158,0.5883,0.54705,0.4857,0.40541,0.31704,0.2524,0.24918,0.33314,0.49508,0.6902,0.86718,0.98772,1.0286,0.98221,0.83991,0.59845,0.26078,-0.16143,-0.64468,-1.1511,-1.6209,-1.9757,-2.1432,-2.1056,-1.9271,-1.7186,-1.5588,-1.4853,-1.4751,-1.4775,-1.4497,-1.3774,-1.2691,-1.1364,-0.98281,-0.81455,-0.63673,-0.45773,-0.28417
-0.11973,-0.14823,0.011195,0.26008,0.47572,0.56006,0.48744,0.3496,0.29337,0.39043,0.6116,0.87501,1.0742,1.1106,0.95246,0.65532,0.30662,-0.028733,-0.30969,-0.50175,-0.57693,-0.52913,-0.382,-0.17826,0.043008,0.25464,0.44395,0.59794,0.6993,0.72336,0.66678,0.55519,0.43639,0.35368,0.32811,0.35372,0.40927,0.47096,0.5228,0.56048,0.58391,0.5898,0.57115,0.52254,0.44845,0.37022,0.32108,0.33876,0.44226,0.61336,0.8067,0.97402,1.0835,1.12,1.0705,0.92589,0.67633,0.31783,-0.13942,-0.66476,-1.2011,-1.672,-1.9914,-2.1011,-2.0126,-1.8094,-1.5969,-1.4546,-1.3999,-1.4062,-1.4261,-1.42,-1.3719,-1.2849,-1.1675,-1.0275,-0.86907,-0.70015,-0.53048,-0.36626
-0.16296,-0.18257,-0.0029321,0.27598,0.5287,0.63703,0.55987,0.38979,0.29876,0.37703,0.59465,0.86264,1.0692,1.112,0.95551,0.65225,0.28912,-0.064465,-0.3608,-0.56277,-0.64787,-0.61986,-0.5055,-0.33646,-0.13792,0.075476,0.29243,0.49986,0.66979,0.7653,0.7666,0.6853,0.5635,0.44724,0.36867,0.3349,0.3395,0.36921,0.41958,0.48592,0.55824,0.61415,0.63067,0.59949,0.53453,0.46709,0.43691,0.47573,0.5905,0.75652,0.93214,1.0809,1.1808,1.2184,1.1825,1.0535,0.81017,0.44042,-0.045257,-0.60401,-1.1598,-1.616,-1.8845,-1.9292,-1.7941,-1.5814,-1.3973,-1.2996,-1.301,-1.3652,-1.434,-1.4585,-1.421,-1.332,-1.2106,-1.0687,-0.91691,-0.76131,-0.60791,-0.46135
-0.20717,-0.22103,-0.02482,0.27812,0.56032,0.6909,0.61688,0.43012,0.31608,0.37674,0.58373,0.84646,1.0494,1.089,0.92881,0.62069,0.25276,-0.10171,-0.3908,-0.57864,-0.65426,-0.63684,-0.55736,-0.43436,-0.27214,-0.069115,0.16855,0.42188,0.64976,0.80058,0.8392,0.77337,0.64314,0.49897,0.37735,0.29718,0.26172,0.27051,0.32418,0.41918,0.53447,0.63315,0.68021,0.66557,0.6094,0.55027,0.53029,0.57687,0.68951,0.84378,1.0015,1.1334,1.2244,1.2668,1.2449,1.1372,0.91342,0.55194,0.061366,-0.50388,-1.0574,-1.4865,-1.7086,-1.7128,-1.5665,-1.3758,-1.2343,-1.1921,-1.2464,-1.356,-1.4605,-1.5088,-1.4799,-1.384,-1.2461,-1.0933,-0.93503,-0.78268,-0.64199,-0.51443
-0.28213,-0.29042,-0.071935,0.26615,0.59125,0.75812,0.69809,0.49812,0.35469,0.3847,0.56644,0.80869,0.99547,1.0211,0.84858,0.53224,0.16371,-0.17714,-0.4331,-0.57467,-0.61565,-0.60437,-0.57876,-0.5348,-0.44015,-0.26528,-0.0063238,0.30648,0.60925,0.82723,0.90762,0.85209,0.70298,0.51555,0.33526,0.19542,0.11362,0.10461,0.17296,0.3117,0.4848,0.6371,0.72493,0.73776,0.69879,0.6546,0.64464,0.6913,0.79079,0.91548,1.0407,1.1503,1.2367,1.2916,1.2963,1.2176,1.0197,0.68091,0.21225,-0.33196,-0.84647,-1.2246,-1.3945,-1.364,-1.2162,-1.0606,-0.98526,-1.0225,-1.1626,-1.3517,-1.5141,-1.5849,-1.5426,-1.4128,-1.242,-1.0676,-0.91079,-0.77619,-0.66103,-0.56184
-0.3744,-0.38107,-0.14014,0.23611,0.60926,0.82033,0.78467,0.57937,0.40532,0.39455,0.5368,0.74514,0.90368,0.90646,0.71543,0.38732,0.020814,-0.29414,-0.49601,-0.56826,-0.55533,-0.53617,-0.55808,-0.59749,-0.58257,-0.4493,-0.18183,0.17949,0.54642,0.81642,0.92544,0.8668,0.6865,0.44836,0.21242,0.024533,-0.084797,-0.097899,-0.0049544,0.17765,0.40304,0.60178,0.7229,0.75719,0.73521,0.70497,0.70792,0.75867,0.84478,0.94046,1.0281,1.1054,1.1771,1.2384,1.2701,1.2311,1.0748,0.77179,0.33499,-0.16754,-0.6318,-0.94267,-1.0459,-0.97711,-0.8349,-0.7243,-0.71132,-0.82985,-1.0489,-1.3021,-1.5039,-1.5843,-1.5248,-1.3631,-1.1622,-0.97286,-0.82386,-0.7153,-0.63834,-0.58278
-0.45347,-0.46181,-0.20477,0.20235,0.61469,0.86361,0.85175,0.64608,0.44645,0.39758,0.5016,0.67672,0.80877,0.79075,0.5831,0.24357,-0.12155,-0.41328,-0.56746,-0.57941,-0.5176,-0.48298,-0.53025,-0.62431,-0.66756,-0.56771,-0.29792,0.090789,0.48994,0.78083,0.89337,0.82201,0.61583,0.34425,0.076155,-0.138,-0.2594,-0.26921,-0.15884,0.050199,0.30428,0.52983,0.67219,0.7223,0.71351,0.69519,0.70861,0.76403,0.84176,0.919,0.9806,1.0328,1.0887,1.1503,1.1932,1.1759,1.0491,0.78224,0.38775,-0.068193,-0.47581,-0.73438,-0.80056,-0.71526,-0.57532,-0.48136,-0.50494,-0.65615,-0.90949,-1.1955,-1.4205,-1.5053,-1.4305,-1.2454,-1.0287,-0.84322,-0.71239,-0.63578,-0.59733,-0.58048
-0.56879,-0.58384,-0.30688,0.1428,0.61267,0.91724,0.94274,0.7381,0.49911,0.38884,0.4303,0.55269,0.64498,0.5966,0.36484,0.0089852,-0.35423,-0.61317,-0.70025,-0.62759,-0.49556,-0.43139,-0.49723,-0.64532,-0.7507,-0.68896,-0.41834,-0.0075919,0.40783,0.69776,0.78822,0.68467,0.44469,0.14378,-0.1472,-0.37269,-0.4963,-0.49724,-0.37513,-0.14921,0.12214,0.36714,0.52804,0.59588,0.60588,0.60818,0.63871,0.7012,0.7729,0.82448,0.85205,0.87208,0.90619,0.95968,1.0135,1.0194,0.92543,0.70111,0.36201,-0.023503,-0.34957,-0.52302,-0.51889,-0.39318,-0.24581,-0.16999,-0.21666,-0.40289,-0.68405,-0.97945,-1.1917,-1.2503,-1.1523,-0.95983,-0.75599,-0.59935,-0.51729,-0.49801,-0.51916,-0.55938
-0.68995,-0.71736,-0.42506,0.069028,0.60062,0.96674,1.0347,0.8307,0.54535,0.36089,0.32696,0.38924,0.43863,0.3604,0.10675,-0.26394,-0.62539,-0.85279,-0.87583,-0.72351,-0.52276,-0.42,-0.4828,-0.65712,-0.79782,-0.76034,-0.49416,-0.080657,0.3267,0.58855,0.6373,0.48947,0.2151,-0.10325,-0.39425,-0.60449,-0.70826,-0.69576,-0.57164,-0.35536,-0.095311,0.13863,0.29486,0.36614,0.38883,0.41302,0.47129,0.55658,0.63335,0.6713,0.66627,0.64543,0.64324,0.67442,0.72242,0.74283,0.68288,0.5108,0.24067,-0.060186,-0.29557,-0.38797,-0.32456,-0.1636,0.0018407,0.087948,0.043003,-0.12678,-0.38212,-0.64555,-0.82582,-0.85997,-0.75244,-0.57065,-0.39912,-0.29842,-0.27833,-0.32737,-0.41742,-0.52247
-0.78057,-0.82104,-0.52111,0.0059641,0.58609,1.0014,1.1029,0.89923,0.57422,0.32655,0.22899,0.24176,0.25961,0.16284,-0.10278,-0.48167,-0.84218,-1.0512,-1.0357,-0.83333,-0.58542,-0.44852,-0.49346,-0.66441,-0.80909,-0.7752,-0.51114,-0.10643,0.27962,0.50515,0.51101,0.3261,0.029349,-0.29091,-0.56441,-0.75026,-0.83164,-0.81159,-0.69488,-0.50129,-0.27114,-0.063709,0.075433,0.14212,0.17136,0.21181,0.28939,0.39024,0.47372,0.50502,0.48255,0.43711,0.40775,0.41504,0.4486,0.46726,0.42269,0.28617,0.071526,-0.16144,-0.32332,-0.34849,-0.23274,-0.036415,0.15047,0.24986,0.22482,0.07404,-0.15113,-0.37009,-0.5,-0.49722,-0.38276,-0.22581,-0.10097,-0.051697,-0.094844,-0.20478,-0.34891,-0.49884
-0.89457,-0.9574,-0.65406,-0.08521,0.56033,1.0433,1.1909,0.98621,0.60398,0.26429,0.074266,0.017415,-0.003174,-0.11526,-0.38733,-0.77027,-1.1302,-1.3249,-1.275,-1.0229,-0.7217,-0.53673,-0.54113,-0.67745,-0.79396,-0.74027,-0.47434,-0.091591,0.2468,0.40797,0.34627,0.11066,-0.20461,-0.50511,-0.73122,-0.86154,-0.90526,-0.88025,-0.79672,-0.66106,-0.49552,-0.3432,-0.24202,-0.19501,-0.16819,-0.11501,-0.016612,0.10492,0.20138,0.2304,0.18929,0.10988,0.037089,0.0017295,0.0041921,0.01651,-0.0036758,-0.085808,-0.22152,-0.35696,-0.42199,-0.3652,-0.19038,0.045278,0.26286,0.39641,0.41102,0.32288,0.17559,0.036322,-0.031464,0.0004167,0.10763,0.22776,0.29524,0.26696,0.14939,-0.036208,-0.25367,-0.47032
-0.97076,-1.0532,-0.75292,-0.15702,0.53662,1.0706,1.2528,1.0465,0.61981,0.20827,-0.054957,-0.16398,-0.20923,-0.32411,-0.59145,-0.97172,-1.3319,-1.5232,-1.4603,-1.1854,-0.85495,-0.63649,-0.60258,-0.69487,-0.76725,-0.68105,-0.40856,-0.045723,0.25007,0.3582,0.24761,-0.021689,-0.34098,-0.61603,-0.79581,-0.87747,-0.88995,-0.86307,-0.8104,-0.72846,-0.62308,-0.52574,-0.46737,-0.44996,-0.43829,-0.38781,-0.28002,-0.14399,-0.038292,-0.0077059,-0.060183,-0.16189,-0.26411,-0.33266,-0.35709,-0.35873,-0.3713,-0.41848,-0.49369,-0.5562,-0.54766,-0.42872,-0.20818,0.059915,0.30375,0.465,0.5207,0.47928,0.38962,0.31344,0.30069,0.36332,0.46793,0.55495,0.5694,0.48589,0.30391,0.058951,-0.20838,-0.46429
-1.0534,-1.1641,-0.8774,-0.2536,0.50032,1.1,1.3275,1.1198,0.63498,0.12767,-0.2325,-0.4092,-0.47974,-0.58685,-0.83569,-1.2038,-1.5618,-1.7549,-1.691,-1.4072,-1.0567,-0.80245,-0.71264,-0.73042,-0.72273,-0.57578,-0.28214,0.059996,0.30459,0.34716,0.17665,-0.13005,-0.44896,-0.68494,-0.79993,-0.82023,-0.79447,-0.76716,-0.74867,-0.73035,-0.70505,-0.68681,-0.69703,-0.73254,-0.75763,-0.72861,-0.63179,-0.49963,-0.3925,-0.36256,-0.41931,-0.53693,-0.67263,-0.78471,-0.85692,-0.88718,-0.89047,-0.88604,-0.87862,-0.84756,-0.75104,-0.56626,-0.30081,0.002237,0.28342,0.49274,0.6071,0.64389,0.64007,0.64353,0.68813,0.77481,0.86926,0.91866,0.87674,0.72343,0.47205,0.15857,-0.17136,-0.47919
-1.1084,-1.2481,-0.98626,-0.34728,0.45916,1.1205,1.3915,1.1853,0.64843,0.052147,-0.39945,-0.63819,-0.7263,-0.81562,-1.0342,-1.3783,-1.7253,-1.9222,-1.8743,-1.6096,-1.2647,-0.98754,-0.84047,-0.77342,-0.67258,-0.45397,-0.12553,0.20738,0.41406,0.40427,0.18009,-0.15722,-0.47176,-0.6654,-0.72271,-0.69117,-0.63799,-0.60895,-0.61458,-0.64008,-0.67366,-0.72291,-0.8027,-0.90486,-0.98936,-1.0097,-0.9479,-0.83663,-0.74002,-0.71536,-0.78058,-0.91355,-1.0724,-1.22,-1.3237,-1.3741,-1.3761,-1.3418,-1.2773,-1.1711,-1.0056,-0.76256,-0.45264,-0.11451,0.2012,0.45364,0.62801,0.73543,0.80949,0.88525,0.98138,1.0888,1.1726,1.187,1.095,0.88418,0.57455,0.20502,-0.17574,-0.52616
-1.1285,-1.2885,-1.0523,-0.41201,0.42574,1.1286,1.431,1.2285,0.65979,0.0054084,-0.50778,-0.78741,-0.88412,-0.95588,-1.1456,-1.4636,-1.7952,-1.9936,-1.9672,-1.7342,-1.41,-1.1242,-0.93384,-0.79834,-0.62482,-0.35273,-0.0015785,0.3274,0.51437,0.47819,0.2286,-0.1229,-0.43433,-0.60685,-0.63667,-0.58022,-0.51251,-0.47831,-0.48817,-0.52721,-0.58418,-0.66913,-0.79261,-0.9436,-1.0795,-1.1517,-1.1356,-1.0572,-0.98213,-0.96243,-1.0265,-1.1606,-1.3293,-1.4922,-1.6238,-1.7008,-1.7132,-1.6635,-1.5616,-1.4148,-1.207,-0.93445,-0.6049,-0.2478,0.093912,0.38206,0.59882,0.75641,0.88113,1.0011,1.128,1.2475,1.3243,1.3164,1.1928,0.94575,0.59991,0.19858,-0.20784,-0.57761
-1.1251,-1.3082,-1.1144,-0.48695,0.37885,1.1286,1.4697,1.2773,0.6789,-0.036836,-0.61802,-0.94263,-1.0451,-1.0897,-1.237,-1.5124,-1.8154,-2.0135,-2.0226,-1.8469,-1.5686,-1.2856,-1.0438,-0.81833,-0.55202,-0.21416,0.16048,0.48611,0.65583,0.59962,0.33798,-0.020487,-0.33022,-0.4978,-0.51787,-0.4546,-0.37761,-0.33198,-0.32584,-0.35246,-0.41158,-0.51749,-0.68013,-0.88331,-1.0838,-1.2254,-1.2832,-1.2729,-1.2405,-1.2481,-1.3186,-1.4483,-1.6144,-1.7901,-1.9379,-2.0334,-2.0588,-2.0126,-1.9035,-1.7334,-1.5057,-1.2094,-0.85279,-0.46586,-0.090396,0.2377,0.50347,0.71357,0.89101,1.0571,1.2165,1.3508,1.4241,1.3969,1.2422,0.95939,0.57664,0.14183,-0.29131,-0.67944
-1.1002,-1.2957,-1.1384,-0.53223,0.34268,1.1204,1.4885,1.3073,0.69764,-0.04979,-0.6689,-1.0188,-1.1225,-1.1474,-1.2633,-1.505,-1.783,-1.978,-2.0125,-1.8831,-1.6485,-1.38,-1.1121,-0.83051,-0.50255,-0.1194,0.27662,0.60513,0.76796,0.70387,0.43602,0.072467,-0.24208,-0.41657,-0.44496,-0.38727,-0.30954,-0.25316,-0.22723,-0.22973,-0.27102,-0.37255,-0.55014,-0.78667,-1.0316,-1.2285,-1.3396,-1.3729,-1.3753,-1.3979,-1.474,-1.6043,-1.7693,-1.944,-2.1012,-2.2136,-2.2595,-2.2303,-2.13,-1.9642,-1.7311,-1.4276,-1.0613,-0.65947,-0.26258,0.09217,0.38683,0.62784,0.83521,1.0278,1.207,1.3513,1.4237,1.3862,1.2158,0.91477,0.51453,0.066724,-0.37423,-0.76591
-1.0398,-1.2441,-1.138,-0.57517,0.29515,1.098,1.4987,1.3386,0.72862,-0.040068,-0.68966,-1.0609,-1.1658,-1.1707,-1.2509,-1.4505,-1.6944,-1.8794,-1.9404,-1.8692,-1.6972,-1.4608,-1.1762,-0.83889,-0.44383,-0.0096436,0.41626,0.75235,0.91419,0.84795,0.57309,0.20018,-0.13525,-0.3358,-0.39288,-0.35203,-0.27642,-0.2033,-0.14465,-0.10771,-0.11261,-0.19722,-0.37754,-0.63508,-0.91905,-1.165,-1.334,-1.4267,-1.478,-1.5323,-1.6192,-1.7442,-1.8979,-2.0637,-2.2224,-2.3511,-2.4287,-2.4417,-2.3846,-2.2536,-2.0381,-1.735,-1.3576,-0.93915,-0.52264,-0.14462,0.17627,0.44601,0.68216,0.89926,1.0961,1.2515,1.3297,1.2933,1.1189,0.80789,0.3983,-0.060199,-0.51001,-0.90477
-0.95392,-1.1571,-1.101,-0.59626,0.24955,1.0626,1.4909,1.3582,0.76396,-0.0029742,-0.66016,-1.0412,-1.1502,-1.1472,-1.2047,-1.3702,-1.5798,-1.7487,-1.8265,-1.8034,-1.6896,-1.49,-1.1997,-0.82151,-0.37733,0.091075,0.52935,0.86635,1.028,0.96496,0.69558,0.31605,-0.043531,-0.28784,-0.39135,-0.38859,-0.32651,-0.23851,-0.14037,-0.052354,-0.014564,-0.069625,-0.2398,-0.50274,-0.80308,-1.0771,-1.2844,-1.4212,-1.5121,-1.5962,-1.6956,-1.8183,-1.9609,-2.1133,-2.262,-2.3938,-2.4955,-2.5559,-2.561,-2.4885,-2.3171,-2.037,-1.6633,-1.2355,-0.80507,-0.41528,-0.085192,0.19078,0.43553,0.66904,0.88987,1.0701,1.1661,1.1372,0.96256,0.65291,0.23886,-0.21701,-0.65523,-1.0326
-0.87687,-1.0732,-1.052,-0.59757,0.21738,1.0283,1.4735,1.3649,0.79214,0.039603,-0.61095,-0.99399,-1.1101,-1.1117,-1.1633,-1.3085,-1.4927,-1.6456,-1.7282,-1.7323,-1.6563,-1.4835,-1.193,-0.79177,-0.32303,0.15964,0.59897,0.93332,1.0934,1.0328,0.76605,0.37894,-0.0031349,-0.28438,-0.42754,-0.45456,-0.40322,-0.30438,-0.1806,-0.060583,0.0057163,-0.026745,-0.18231,-0.43964,-0.73981,-1.0251,-1.2473,-1.3979,-1.5072,-1.6018,-1.7117,-1.8418,-1.9826,-2.1214,-2.2543,-2.3769,-2.4897,-2.5856,-2.6415,-2.6234,-2.4914,-2.2329,-1.8688,-1.4469,-1.0227,-0.63929,-0.31434,-0.039835,0.20984,0.45339,0.68756,0.88377,0.99823,0.98885,0.83164,0.52995,0.12855,-0.31944,-0.75391,-1.1282
-0.76344,-0.94389,-0.96303,-0.58103,0.17793,0.97332,1.4362,1.363,0.82941,0.10987,-0.52038,-0.90083,-1.0344,-1.0581,-1.1152,-1.2432,-1.3968,-1.5233,-1.5994,-1.6225,-1.5809,-1.4363,-1.1519,-0.73905,-0.25567,0.23309,0.66988,0.99896,1.1566,1.0954,0.82428,0.42114,0.0022717,-0.32933,-0.52483,-0.58588,-0.54348,-0.43083,-0.27831,-0.12939,-0.035046,-0.049933,-0.18623,-0.41982,-0.70227,-0.96896,-1.1889,-1.3565,-1.4856,-1.6094,-1.7354,-1.8631,-1.9863,-2.1003,-2.2018,-2.3009,-2.4096,-2.531,-2.6439,-2.6963,-2.6371,-2.4368,-2.1115,-1.7144,-1.3098,-0.94749,-0.64558,-0.38824,-0.14311,0.11631,0.38516,0.62339,0.7744,0.79026,0.64958,0.36561,-0.024112,-0.45405,-0.86523,-1.2171
-0.64518,-0.80283,-0.85425,-0.54672,0.14302,0.90848,1.3827,1.3474,0.86064,0.18424,-0.41648,-0.79363,-0.95139,-1.0097,-1.0863,-1.2094,-1.3385,-1.4355,-1.4917,-1.5118,-1.4814,-1.3529,-1.0805,-0.67355,-0.19281,0.2909,0.71936,1.0361,1.1813,1.1093,0.82591,0.40489,-0.042465,-0.4141,-0.65275,-0.74982,-0.72454,-0.60752,-0.43368,-0.25559,-0.13752,-0.12848,-0.2463,-0.46367,-0.72339,-0.9758,-1.1825,-1.3406,-1.4765,-1.6053,-1.7402,-1.8724,-1.9849,-2.0653,-2.1245,-2.1826,-2.2691,-2.3987,-2.5499,-2.6658,-2.6725,-2.5322,-2.2612,-1.9172,-1.5664,-1.2544,-0.99098,-0.7566,-0.51081,-0.22929,0.075962,0.35729,0.5524,0.60903,0.50217,0.24103,-0.12693,-0.54271,-0.94412,-1.2857
-0.55755,-0.69521,-0.7654,-0.51256,0.1188,0.85361,1.3312,1.3235,0.87389,0.23316,-0.34342,-0.71837,-0.89691,-0.98541,-1.0838,-1.2091,-1.3228,-1.3956,-1.4283,-1.4323,-1.3966,-1.2726,-1.0102,-0.61407,-0.14466,0.32606,0.73949,1.0397,1.169,1.0833,0.78716,0.35109,-0.11444,-0.50838,-0.7692,-0.88256,-0.86493,-0.74484,-0.56622,-0.38112,-0.25568,-0.23462,-0.33505,-0.53064,-0.76728,-0.99708,-1.188,-1.3403,-1.4771,-1.6161,-1.7603,-1.8921,-1.9889,-2.039,-2.0568,-2.0734,-2.129,-2.2464,-2.4084,-2.5546,-2.611,-2.5319,-2.3235,-2.037,-1.7372,-1.4697,-1.2439,-1.0274,-0.7775,-0.46997,-0.1258,0.1948,0.4212,0.50007,0.41025,0.16608,-0.18858,-0.5883,-0.9732,-1.3018
-0.44671,-0.55641,-0.64447,-0.46089,0.086747,0.77104,1.2477,1.2746,0.87402,0.28068,-0.2656,-0.63883,-0.84658,-0.97921,-1.1123,-1.246,-1.3419,-1.3786,-1.3679,-1.3328,-1.2728,-1.1449,-0.89606,-0.52258,-0.081057,0.35886,0.73836,1.0066,1.108,0.99844,0.68146,0.22332,-0.26782,-0.68555,-0.96206,-1.0764,-1.0492,-0.91888,-0.7375,-0.5592,-0.43781,-0.41513,-0.49725,-0.66037,-0.86211,-1.0551,-1.2203,-1.3619,-1.497,-1.6466,-1.7978,-1.9216,-1.9892,-1.9938,-1.9507,-1.9103,-1.9244,-2.0214,-2.1848,-2.3573,-2.4594,-2.4421,-2.3098,-2.109,-1.8956,-1.7045,-1.5296,-1.3383,-1.0809,-0.74012,-0.35,0.017241,0.28471,0.39744,0.33449,0.11148,-0.22381,-0.60938,-0.98421,-1.3046
-0.3712,-0.45966,-0.55694,-0.421,0.061331,0.70286,1.1741,1.2237,0.85838,0.29833,-0.22661,-0.599,-0.82819,-0.99432,-1.1561,-1.2994,-1.3827,-1.3892,-1.3377,-1.2611,-1.1709,-1.0345,-0.79921,-0.45217,-0.040755,0.36885,0.71727,0.95547,1.0286,0.89337,0.55525,0.079512,-0.42503,-0.85102,-1.1265,-1.233,-1.192,-1.0517,-0.86452,-0.68799,-0.57221,-0.5502,-0.62677,-0.77658,-0.95658,-1.13,-1.2745,-1.3966,-1.5233,-1.6627,-1.8102,-1.9312,-1.9875,-1.9628,-1.885,-1.8042,-1.7797,-1.8467,-1.9951,-2.1707,-2.2969,-2.325,-2.2527,-2.1183,-1.9691,-1.8309,-1.6941,-1.5127,-1.2428,-0.87691,-0.46018,-0.070875,0.21333,0.33946,0.28921,0.079721,-0.24242,-0.61269,-0.97156,-1.2785
-0.28397,-0.34549,-0.45032,-0.37142,0.024186,0.60261,1.0594,1.1342,0.81142,0.29211,-0.20719,-0.57851,-0.83327,-1.0415,-1.2405,-1.398,-1.4639,-1.4249,-1.3102,-1.1675,-1.0279,-0.87655,-0.66518,-0.36665,-0.0067942,0.35573,0.66154,0.85518,0.88139,0.69977,0.32086,-0.18375,-0.69897,-1.1175,-1.3688,-1.443,-1.3702,-1.2094,-1.0186,-0.85282,-0.7522,-0.73852,-0.80871,-0.93703,-1.088,-1.2293,-1.3483,-1.4536,-1.5635,-1.6958,-1.8335,-1.9387,-1.9718,-1.9199,-1.8021,-1.6777,-1.6111,-1.6424,-1.7657,-1.9306,-2.0717,-2.1381,-2.1238,-2.0581,-1.978,-1.8986,-1.7976,-1.6335,-1.3633,-0.98667,-0.55643,-0.15497,0.13984,0.27692,0.23986,0.049239,-0.25314,-0.60461,-0.94776,-1.2432
-0.21459,-0.25232,-0.36073,-0.33324,-0.021891,0.48873,0.92491,1.0182,0.73181,0.24791,-0.22925,-0.59877,-0.87358,-1.116,-1.3459,-1.5129,-1.5576,-1.4691,-1.2879,-1.0782,-0.88974,-0.72451,-0.53961,-0.29487,0.0052468,0.31364,0.57185,0.7158,0.68784,0.451,0.019001,-0.52099,-1.047,-1.4412,-1.6436,-1.6543,-1.5293,-1.3385,-1.1453,-0.99518,-0.91342,-0.91333,-0.98384,-1.1009,-1.2338,-1.3505,-1.4402,-1.5127,-1.5916,-1.6948,-1.8123,-1.9066,-1.9344,-1.8743,-1.7469,-1.6044,-1.5088,-1.5028,-1.5884,-1.7262,-1.8582,-1.9401,-1.9609,-1.9399,-1.9032,-1.8574,-1.7807,-1.6241,-1.3598,-0.99939,-0.59702,-0.22545,0.049437,0.18332,0.15964,-0.011496,-0.28127,-0.60029,-0.91752,-1.1965
-0.17526,-0.19787,-0.30829,-0.31566,-0.064075,0.39426,0.81147,0.91486,0.65092,0.18934,-0.27316,-0.64032,-0.92554,-1.1856,-1.4299,-1.5986,-1.6253,-1.5006,-1.2729,-1.0181,-0.79793,-0.62455,-0.45863,-0.25316,0.00013739,0.26333,0.47816,0.57988,0.50851,0.22729,-0.2422,-0.80769,-1.3355,-1.7054,-1.8605,-1.8182,-1.6478,-1.4277,-1.2236,-1.0753,-1.0062,-1.0168,-1.0967,-1.2181,-1.3438,-1.4485,-1.5159,-1.5573,-1.6043,-1.6762,-1.7731,-1.8612,-1.8947,-1.8449,-1.7253,-1.5814,-1.4741,-1.4466,-1.5043,-1.6151,-1.7271,-1.8009,-1.826,-1.8174,-1.7952,-1.7621,-1.6915,-1.5527,-1.3151,-0.98865,-0.62201,-0.28212,-0.030478,0.091531,0.069137,-0.081579,-0.33059,-0.62388,-0.9138,-1.1683
-0.14032,-0.1476,-0.26066,-0.30871,-0.13136,0.25841,0.64558,0.75663,0.51638,0.079794,-0.36532,-0.72745,-1.0178,-1.2871,-1.5366,-1.6983,-1.7004,-1.5344,-1.2565,-0.95366,-0.7003,-0.52069,-0.38056,-0.22605,-0.034896,0.16704,0.32292,0.36879,0.2397,-0.10045,-0.62134,-1.2206,-1.7483,-2.0796,-2.1609,-2.0338,-1.7861,-1.5144,-1.2865,-1.1424,-1.0945,-1.1332,-1.2338,-1.3618,-1.4822,-1.5651,-1.6006,-1.6017,-1.5999,-1.6317,-1.7019,-1.7839,-1.8334,-1.8161,-1.7268,-1.5996,-1.4865,-1.4307,-1.4456,-1.51,-1.5862,-1.6411,-1.6608,-1.6505,-1.6216,-1.5774,-1.5064,-1.3812,-1.1908,-0.94267,-0.66661,-0.40565,-0.20397,-0.097086,-0.10392,-0.22236,-0.4222,-0.6678,-0.91957,-1.1476
-0.12697,-0.12692,-0.2417,-0.31637,-0.19005,0.14969,0.51239,0.62468,0.39846,-0.022631,-0.45604,-0.81146,-1.0983,-1.3629,-1.6055,-1.7548,-1.7393,-1.5511,-1.2481,-0.92097,-0.65172,-0.47308,-0.35499,-0.23884,-0.092126,0.067499,0.18684,0.196,0.028521,-0.35255,-0.91478,-1.5401,-2.068,-2.3611,-2.3782,-2.1757,-1.8652,-1.5518,-1.3061,-1.1642,-1.1311,-1.192,-1.3144,-1.458,-1.5819,-1.6544,-1.6623,-1.6235,-1.5812,-1.5771,-1.6293,-1.7154,-1.7889,-1.8067,-1.7521,-1.6458,-1.533,-1.4576,-1.4387,-1.466,-1.5085,-1.539,-1.5432,-1.5217,-1.4825,-1.4293,-1.3539,-1.2481,-1.1008,-0.9155,-0.71099,-0.51611,-0.3624,-0.27748,-0.27868,-0.36557,-0.5268,-0.72903,-0.94023,-1.1363
-0.12535,-0.12069,-0.23843,-0.34397,-0.27815,-0.0008297,0.32726,0.43592,0.22377,-0.17998,-0.59829,-0.93949,-1.2105,-1.4564,-1.6769,-1.8031,-1.7679,-1.5636,-1.2446,-0.90214,-0.62497,-0.45487,-0.36664,-0.29731,-0.20412,-0.095374,-0.021072,-0.055164,-0.26695,-0.69226,-1.2936,-1.939,-2.4532,-2.6909,-2.6231,-2.3288,-1.9408,-1.5734,-1.3016,-1.1584,-1.1447,-1.2359,-1.3896,-1.5561,-1.6866,-1.7459,-1.7236,-1.6428,-1.5539,-1.5125,-1.5437,-1.6342,-1.7407,-1.812,-1.8108,-1.7364,-1.6221,-1.5151,-1.4484,-1.4258,-1.4284,-1.4309,-1.4154,-1.376,-1.3152,-1.2385,-1.1528,-1.0609,-0.9689,-0.87994,-0.79306,-0.70651,-0.62499,-0.56415,-0.54582,-0.5868,-0.68355,-0.82348,-0.98334,-1.1413
-0.14056,-0.13727,-0.25796,-0.38786,-0.37279,-0.15124,0.14091,0.24155,0.038128,-0.3509,-0.75264,-1.074,-1.3197,-1.5351,-1.7232,-1.8235,-1.7755,-1.5694,-1.2536,-0.91623,-0.64724,-0.49286,-0.43281,-0.404,-0.35744,-0.29272,-0.2574,-0.32395,-0.56555,-1.0164,-1.6296,-2.27,-2.7496,-2.9319,-2.7928,-2.43,-1.98,-1.5644,-1.2627,-1.1128,-1.1155,-1.2397,-1.4307,-1.6245,-1.7648,-1.8132,-1.7643,-1.6487,-1.5261,-1.459,-1.4812,-1.5842,-1.7244,-1.842,-1.8853,-1.834,-1.7113,-1.5683,-1.4525,-1.3843,-1.3561,-1.3436,-1.321,-1.271,-1.1905,-1.0902,-0.99018,-0.90831,-0.86067,-0.85025,-0.86522,-0.8826,-0.88112,-0.85686,-0.82782,-0.82268,-0.85648,-0.93079,-1.0332,-1.1474
-0.16109,-0.16284,-0.28505,-0.42824,-0.44348,-0.25882,0.0064265,0.09863,-0.10101,-0.47981,-0.86785,-1.1724,-1.3966,-1.5841,-1.7432,-1.8244,-1.7709,-1.5708,-1.2684,-0.94688,-0.69326,-0.55553,-0.51748,-0.51725,-0.50162,-0.46401,-0.44837,-0.52689,-0.77459,-1.2264,-1.8349,-2.4594,-2.912,-3.0551,-2.8721,-2.4659,-1.9788,-1.5364,-1.2179,-1.0639,-1.0759,-1.2206,-1.4377,-1.654,-1.8034,-1.8485,-1.7856,-1.6535,-1.5189,-1.4449,-1.4672,-1.5786,-1.7359,-1.8772,-1.9407,-1.8946,-1.757,-1.5848,-1.4368,-1.3451,-1.3039,-1.2873,-1.2651,-1.2143,-1.1263,-1.011,-0.89403,-0.80934,-0.78142,-0.81705,-0.89808,-0.98614,-1.041,-1.0448,-1.0123,-0.97834,-0.97169,-1.0043,-1.0703,-1.1567
-0.19812,-0.21152,-0.33417,-0.48776,-0.53209,-0.38829,-0.15582,-0.078151,-0.2752,-0.64099,-1.0105,-1.2939,-1.4902,-1.6401,-1.76,-1.8156,-1.7578,-1.574,-1.3006,-1.0112,-0.78796,-0.67964,-0.67337,-0.70919,-0.72822,-0.71731,-0.71436,-0.79143,-1.025,-1.454,-2.0346,-2.6235,-3.0357,-3.1327,-2.9081,-2.4633,-1.9478,-1.4839,-1.1552,-1.0008,-1.0229,-1.1893,-1.4311,-1.666,-1.8248,-1.867,-1.8018,-1.6731,-1.5436,-1.4775,-1.5048,-1.62,-1.7837,-1.9334,-1.9998,-1.9415,-1.7706,-1.5524,-1.3642,-1.2524,-1.215,-1.2215,-1.2258,-1.1881,-1.0916,-0.95027,-0.80515,-0.69931,-0.67131,-0.73484,-0.87214,-1.035,-1.1618,-1.2111,-1.1867,-1.1312,-1.0853,-1.0767,-1.1078,-1.1674
-0.24289,-0.27238,-0.39446,-0.54797,-0.60741,-0.49367,-0.29036,-0.22891,-0.42493,-0.77716,-1.1306,-1.3982,-1.5735,-1.692,-1.7762,-1.8049,-1.7422,-1.5773,-1.3394,-1.0928,-0.91218,-0.84311,-0.87256,-0.94005,-0.98361,-0.9847,-0.9775,-1.0355,-1.2362,-1.6214,-2.1496,-2.6855,-3.0532,-3.1247,-2.8888,-2.4424,-1.9222,-1.4496,-1.1091,-0.94691,-0.97202,-1.15,-1.4105,-1.6639,-1.8335,-1.8865,-1.8339,-1.7227,-1.617,-1.5684,-1.6062,-1.7224,-1.8758,-2.002,-2.034,-1.9297,-1.7111,-1.4566,-1.2518,-1.1448,-1.1321,-1.1724,-1.2081,-1.1876,-1.0867,-0.92122,-0.73716,-0.60053,-0.55485,-0.61759,-0.77187,-0.96844,-1.1411,-1.2371,-1.2458,-1.1965,-1.144,-1.1164,-1.1239,-1.1623
-0.28,-0.32402,-0.44459,-0.59069,-0.65244,-0.55253,-0.36858,-0.32014,-0.5155,-0.85779,-1.2012,-1.462,-1.629,-1.7324,-1.7956,-1.8049,-1.7353,-1.5808,-1.369,-1.1582,-1.0157,-0.98188,-1.041,-1.1296,-1.1834,-1.1817,-1.1604,-1.1941,-1.3615,-1.7056,-2.187,-2.6821,-3.0233,-3.0898,-2.8618,-2.4284,-1.9154,-1.4429,-1.0971,-0.92918,-0.95259,-1.1337,-1.4013,-1.6622,-1.839,-1.9028,-1.8693,-1.7873,-1.7132,-1.6907,-1.7376,-1.8414,-1.9637,-2.0465,-2.0294,-1.8794,-1.6242,-1.3478,-1.1403,-1.0492,-1.0677,-1.1483,-1.2205,-1.219,-1.1131,-0.92195,-0.7069,-0.53222,-0.45362,-0.49496,-0.64438,-0.85443,-1.0547,-1.1823,-1.2165,-1.1878,-1.1387,-1.1096,-1.116,-1.1551
-0.33166,-0.39815,-0.51431,-0.6434,-0.69549,-0.60309,-0.43958,-0.4072,-0.60164,-0.9317,-1.2654,-1.5248,-1.6933,-1.7907,-1.8362,-1.8237,-1.7409,-1.5925,-1.4097,-1.2455,-1.157,-1.1744,-1.274,-1.3861,-1.442,-1.4212,-1.3654,-1.3531,-1.4691,-1.7587,-2.1894,-2.6458,-2.971,-3.0443,-2.8398,-2.4296,-1.9338,-1.4703,-1.1257,-0.95463,-0.97135,-1.1472,-1.4105,-1.6706,-1.8561,-1.942,-1.9488,-1.9202,-1.9005,-1.9155,-1.97,-2.0453,-2.1037,-2.0976,-1.9857,-1.7588,-1.463,-1.1834,-0.99953,-0.94881,-1.018,-1.1469,-1.2562,-1.2723,-1.1594,-0.93936,-0.67605,-0.45568,-0.33359,-0.33612,-0.45522,-0.65038,-0.85863,-1.0182,-1.0983,-1.1086,-1.0937,-1.0851,-1.0992,-1.1377
-0.37066,-0.45615,-0.56827,-0.6803,-0.71567,-0.62027,-0.46838,-0.44746,-0.64131,-0.9639,-1.2929,-1.5566,-1.7352,-1.8385,-1.8779,-1.8519,-1.7571,-1.6079,-1.4416,-1.3098,-1.2623,-1.3192,-1.4473,-1.5706,-1.6177,-1.5709,-1.4768,-1.4234,-1.5016,-1.7587,-2.1674,-2.6096,-2.9332,-3.0181,-2.8391,-2.4557,-1.9832,-1.5331,-1.1936,-1.0189,-1.0243,-1.1863,-1.4368,-1.6915,-1.885,-1.9927,-2.0366,-2.0563,-2.0838,-2.1316,-2.187,-2.2248,-2.2152,-2.1238,-1.9356,-1.6543,-1.3308,-1.0491,-0.8858,-0.87327,-0.98685,-1.1646,-1.3144,-1.3489,-1.2267,-0.97565,-0.67795,-0.41408,-0.25128,-0.21967,-0.31403,-0.4964,-0.7054,-0.87852,-0.98128,-1.0229,-1.0301,-1.0405,-1.0716,-1.1245
-0.42123,-0.5353,-0.64286,-0.72773,-0.73061,-0.62059,-0.47815,-0.47013,-0.665,-0.98024,-1.3067,-1.5827,-1.7845,-1.9061,-1.9467,-1.905,-1.7921,-1.638,-1.4889,-1.3961,-1.3997,-1.5044,-1.6614,-1.7848,-1.8029,-1.709,-1.5619,-1.4596,-1.4976,-1.7264,-2.1166,-2.5538,-2.8862,-3.0015,-2.8676,-2.5393,-2.1117,-1.687,-1.3512,-1.1618,-1.1441,-1.2773,-1.5051,-1.7514,-1.9544,-2.0968,-2.1961,-2.2837,-2.3771,-2.466,-2.5161,-2.4908,-2.3673,-2.145,-1.8314,-1.4706,-1.1284,-0.87822,-0.77411,-0.82969,-1.0138,-1.2455,-1.4249,-1.4621,-1.3207,-1.0382,-0.69716,-0.39713,-0.19581,-0.12115,-0.17112,-0.31702,-0.50952,-0.69321,-0.8288,-0.90642,-0.95402,-0.99253,-1.0384,-1.0974
-0.46828,-0.61391,-0.72007,-0.77686,-0.73927,-0.60389,-0.46291,-0.46583,-0.66319,-0.97299,-1.3002,-1.5928,-1.8249,-1.9745,-2.0236,-1.9713,-1.8439,-1.686,-1.5514,-1.4911,-1.5357,-1.6741,-1.841,-1.9418,-1.9123,-1.7627,-1.569,-1.4335,-1.4503,-1.6698,-2.0597,-2.5097,-2.8691,-3.0244,-2.9408,-2.6649,-2.2835,-1.8914,-1.5668,-1.3689,-1.3249,-1.4257,-1.6238,-1.8537,-2.0647,-2.2398,-2.3955,-2.553,-2.7097,-2.8288,-2.8533,-2.7449,-2.5013,-2.1452,-1.729,-1.3065,-0.9465,-0.71768,-0.6659,-0.7941,-1.0527,-1.3551,-1.5828,-1.6313,-1.4656,-1.1406,-0.76366,-0.42253,-0.18361,-0.074423,-0.093274,-0.21318,-0.38753,-0.56403,-0.70556,-0.80668,-0.87576,-0.93786,-1.0065,-1.0842
-0.50085,-0.67109,-0.78033,-0.8178,-0.74699,-0.58689,-0.44195,-0.45113,-0.65036,-0.95717,-1.2849,-1.5897,-1.846,-2.0194,-2.0801,-2.0263,-1.8939,-1.737,-1.6127,-1.5711,-1.6363,-1.7856,-1.9436,-2.0139,-1.9416,-1.7514,-1.528,-1.3781,-1.3928,-1.6203,-2.0259,-2.4942,-2.8761,-3.0571,-3.0079,-2.7704,-2.4296,-2.069,-1.763,-1.563,-1.4984,-1.5686,-1.7382,-1.9544,-2.172,-2.3736,-2.5689,-2.772,-2.9683,-3.1049,-3.1077,-2.9312,-2.587,-2.1333,-1.6336,-1.1672,-0.80693,-0.61199,-0.61314,-0.80117,-1.1187,-1.4635,-1.7108,-1.7567,-1.575,-1.2314,-0.83169,-0.47805,-0.22464,-0.094763,-0.086743,-0.17831,-0.33049,-0.49762,-0.64358,-0.75186,-0.83909,-0.91628,-0.99384,-1.0754
-0.54,-0.74404,-0.86517,-0.88242,-0.76823,-0.56909,-0.4109,-0.42438,-0.62561,-0.92851,-1.2555,-1.573,-1.8565,-2.0617,-2.1437,-2.0996,-1.9727,-1.8242,-1.7148,-1.6907,-1.7665,-1.9074,-2.0294,-2.0419,-1.9105,-1.6773,-1.4329,-1.2826,-1.3143,-1.5679,-2.0033,-2.494,-2.8949,-3.1015,-3.0934,-2.9147,-2.635,-2.3248,-2.0438,-1.8419,-1.7531,-1.7857,-1.9195,-2.1157,-2.3389,-2.5732,-2.8208,-3.0786,-3.3134,-3.4463,-3.3954,-3.1269,-2.6743,-2.1098,-1.5315,-1.0181,-0.6468,-0.47655,-0.53268,-0.79397,-1.1893,-1.6029,-1.8922,-1.9444,-1.7427,-1.3714,-0.95318,-0.57991,-0.30786,-0.15815,-0.12837,-0.19658,-0.32518,-0.47142,-0.60329,-0.71208,-0.80233,-0.88847,-0.97824,-1.072
-0.57329,-0.81162,-0.95545,-0.9653,-0.81081,-0.56744,-0.387,-0.39754,-0.59898,-0.89792,-1.2226,-1.5456,-1.8449,-2.0737,-2.1807,-2.1602,-2.0551,-1.9271,-1.8348,-1.8193,-1.8871,-1.9943,-2.0571,-2.0029,-1.8198,-1.564,-1.3259,-1.1982,-1.2617,-1.5489,-2.0092,-2.5142,-2.9165,-3.1289,-3.146,-3.0175,-2.8018,-2.5515,-2.3081,-2.115,-2.0097,-2.0123,-2.1178,-2.3,-2.5308,-2.7917,-3.0766,-3.3705,-3.6211,-3.7451,-3.6456,-3.2898,-2.731,-2.075,-1.4213,-0.87069,-0.50055,-0.36205,-0.46972,-0.79289,-1.2525,-1.717,-2.0345,-2.0926,-1.8857,-1.5092,-1.0855,-0.71087,-0.43164,-0.26638,-0.21372,-0.25475,-0.35566,-0.47763,-0.59226,-0.69284,-0.78337,-0.87521,-0.97311,-1.0749
-0.59433,-0.8585,-1.0275,-1.0417,-0.86177,-0.5825,-0.37819,-0.38121,-0.58055,-0.87711,-1.1984,-1.5201,-1.8217,-2.0589,-2.1848,-2.1904,-2.1127,-2.0082,-1.9307,-1.9163,-1.9661,-2.0345,-2.0449,-1.9423,-1.7311,-1.4727,-1.2507,-1.1501,-1.2419,-1.5542,-2.0295,-2.5362,-2.9292,-3.1307,-3.1517,-3.047,-2.8752,-2.6734,-2.4694,-2.2937,-2.1829,-2.1708,-2.2635,-2.4435,-2.6848,-2.9658,-3.2692,-3.5703,-3.8155,-3.9096,-3.7679,-3.3644,-2.7571,-2.0514,-1.3628,-0.79014,-0.41304,-0.28339,-0.41427,-0.77078,-1.2659,-1.7641,-2.1061,-2.1768,-1.9744,-1.6008,-1.1819,-0.8089,-0.52862,-0.35728,-0.29164,-0.31284,-0.39014,-0.49023,-0.58991,-0.68157,-0.77304,-0.87037,-0.97411,-1.0797
-0.61799,-0.91537,-1.1288,-1.1647,-0.95858,-0.62816,-0.38257,-0.36591,-0.56002,-0.85345,-1.1691,-1.4804,-1.7708,-2.0069,-2.1529,-2.2006,-2.1728,-2.1099,-2.0548,-2.0357,-2.0484,-2.0512,-1.9878,-1.8307,-1.602,-1.3592,-1.1721,-1.1157,-1.2504,-1.5933,-2.0772,-2.5643,-2.9202,-3.0886,-3.0993,-3.0187,-2.8978,-2.7578,-2.6083,-2.4633,-2.3619,-2.3416,-2.4268,-2.6106,-2.8681,-3.172,-3.4944,-3.7974,-4.0151,-4.0676,-3.8777,-3.4276,-2.7752,-2.0289,-1.3023,-0.70399,-0.31787,-0.19494,-0.34376,-0.72516,-1.2455,-1.7663,-2.1301,-2.2252,-2.0503,-1.703,-1.3041,-0.93998,-0.65696,-0.47314,-0.38778,-0.38405,-0.43311,-0.50506,-0.58197,-0.66398,-0.75219,-0.85465,-0.96808,-1.0833
-0.63228,-0.95289,-1.2079,-1.2723,-1.0533,-0.68189,-0.39793,-0.3603,-0.54799,-0.8398,-1.1499,-1.4478,-1.7199,-1.945,-2.1015,-2.1819,-2.1972,-2.1709,-2.1336,-2.1064,-2.0839,-2.0327,-1.9181,-1.733,-1.5073,-1.2896,-1.1389,-1.1203,-1.2877,-1.6483,-2.1273,-2.5837,-2.8933,-3.0216,-3.0132,-2.9397,-2.8448,-2.7423,-2.6295,-2.5142,-2.4322,-2.4232,-2.5181,-2.717,-2.9924,-3.3151,-3.6442,-3.9326,-4.1184,-4.1318,-3.9089,-3.4376,-2.7718,-2.0141,-1.2728,-0.66176,-0.26734,-0.14152,-0.29176,-0.67622,-1.2003,-1.7249,-2.0985,-2.2166,-2.0761,-1.7635,-1.3885,-1.0367,-0.75161,-0.55427,-0.44768,-0.41919,-0.44475,-0.4989,-0.56596,-0.64262,-0.73611,-0.84461,-0.96229,-1.0801
-0.64784,-0.99579,-1.3151,-1.4332,-1.206,-0.77741,-0.43303,-0.36052,-0.53761,-0.82817,-1.1293,-1.4027,-1.6391,-1.8382,-2.001,-2.1226,-2.195,-2.2174,-2.2006,-2.1557,-2.0813,-1.9643,-1.7992,-1.6006,-1.3997,-1.2309,-1.1379,-1.17,-1.3738,-1.7444,-2.2,-2.598,-2.8291,-2.8871,-2.8395,-2.7576,-2.6807,-2.6129,-2.5397,-2.4678,-2.4257,-2.4616,-2.5991,-2.8343,-3.1419,-3.4777,-3.7937,-4.0379,-4.1626,-4.1157,-3.8678,-3.4081,-2.7659,-2.0156,-1.2737,-0.6472,-0.23121,-0.085176,-0.21975,-0.58993,-1.1018,-1.6227,-2.0099,-2.1647,-2.0777,-1.8187,-1.4836,-1.1462,-0.85897,-0.64792,-0.51878,-0.46041,-0.45184,-0.47434,-0.52057,-0.59366,-0.69191,-0.81471,-0.94904,-1.079
-0.65908,-1.0284,-1.4192,-1.6061,-1.3821,-0.89338,-0.48051,-0.36699,-0.53276,-0.82306,-1.1152,-1.3588,-1.5505,-1.7128,-1.8715,-2.0255,-2.147,-2.2092,-2.2035,-2.1356,-2.015,-1.8525,-1.6668,-1.4851,-1.3302,-1.2226,-1.1885,-1.2657,-1.4885,-1.848,-2.2557,-2.5762,-2.7216,-2.7068,-2.6117,-2.51,-2.438,-2.3904,-2.3518,-2.3196,-2.3261,-2.414,-2.6085,-2.8986,-3.2462,-3.594,-3.8887,-4.084,-4.1423,-4.0573,-3.8007,-3.3557,-2.7372,-2.0125,-1.2748,-0.6454,-0.22158,-0.061718,-0.17361,-0.51389,-0.9903,-1.4823,-1.8696,-2.0679,-2.0558,-1.872,-1.5847,-1.2675,-0.97193,-0.73355,-0.56794,-0.47271,-0.43437,-0.43872,-0.47851,-0.55138,-0.66158,-0.79285,-0.92985,-1.0593
-0.66438,-1.0455,-1.4912,-1.7376,-1.5216,-0.98758,-0.52043,-0.37438,-0.53213,-0.82399,-1.1094,-1.3292,-1.4838,-1.6142,-1.7629,-1.9323,-2.0809,-2.1638,-2.1598,-2.0748,-1.9289,-1.7496,-1.5689,-1.4157,-1.3044,-1.2452,-1.2538,-1.3601,-1.5882,-1.9255,-2.2819,-2.5354,-2.617,-2.5543,-2.4263,-2.306,-2.2249,-2.1794,-2.1546,-2.1497,-2.1963,-2.3322,-2.5803,-2.9246,-3.3103,-3.6757,-3.949,-4.0872,-4.0905,-3.9586,-3.6958,-3.2823,-2.7102,-2.0163,-1.3016,-0.67443,-0.23676,-0.053678,-0.13812,-0.44759,-0.89468,-1.371,-1.7659,-1.9978,-2.0357,-1.9004,-1.6489,-1.3416,-1.0434,-0.7959,-0.61652,-0.50168,-0.43842,-0.41766,-0.44016,-0.51159,-0.62307,-0.7658,-0.91859,-1.0606
-0.66674,-1.0579,-1.5737,-1.9046,-1.7056,-1.113,-0.57373,-0.38537,-0.53433,-0.83011,-1.1074,-1.2951,-1.4005,-1.4853,-1.6126,-1.7881,-1.9563,-2.0538,-2.0472,-1.9434,-1.7783,-1.5993,-1.4482,-1.3478,-1.3028,-1.308,-1.368,-1.5013,-1.725,-2.0184,-2.2982,-2.4617,-2.4636,-2.3427,-2.175,-2.0259,-1.9227,-1.8669,-1.8471,-1.8735,-1.9768,-2.1928,-2.5276,-2.9462,-3.3809,-3.7451,-3.9738,-4.0447,-3.9796,-3.8206,-3.5709,-3.1971,-2.6707,-2.02,-1.3236,-0.70199,-0.26096,-0.064169,-0.12081,-0.38976,-0.79218,-1.2316,-1.6201,-1.8901,-2.0008,-1.943,-1.7419,-1.4585,-1.1552,-0.88503,-0.67662,-0.5344,-0.44988,-0.41536,-0.43036,-0.49753,-0.61351,-0.75821,-0.90895,-1.0463
-0.66465,-1.0581,-1.6218,-2.0156,-1.8335,-1.2007,-0.61139,-0.39413,-0.53847,-0.83804,-1.1098,-1.2743,-1.3452,-1.3972,-1.5051,-1.6742,-1.8432,-1.94,-1.9261,-1.8113,-1.6426,-1.4787,-1.3647,-1.317,-1.3282,-1.3814,-1.4724,-1.613,-1.8189,-2.0694,-2.2897,-2.3918,-2.3433,-2.1864,-1.9929,-1.821,-1.6984,-1.6291,-1.6102,-1.6563,-1.7998,-2.0717,-2.4714,-2.9503,-3.4232,-3.7916,-3.988,-4.0078,-3.8972,-3.7157,-3.4689,-3.1198,-2.6313,-2.0148,-1.3466,-0.73729,-0.29121,-0.075889,-0.10605,-0.3439,-0.71646,-1.1397,-1.5328,-1.8289,-1.9792,-1.961,-1.7931,-1.5226,-1.225,-0.95726,-0.74603,-0.59297,-0.49037,-0.43607,-0.4367,-0.49842,-0.61177,-0.76023,-0.91637,-1.0555
-0.65567,-1.0452,-1.6619,-2.1338,-1.9778,-1.3025,-0.6566,-0.40767,-0.54852,-0.8524,-1.115,-1.2511,-1.2826,-1.2983,-1.3802,-1.5304,-1.6828,-1.7612,-1.7288,-1.6032,-1.4437,-1.3185,-1.2711,-1.3059,-1.3952,-1.5069,-1.6245,-1.7561,-1.9187,-2.1014,-2.2462,-2.2815,-2.1844,-1.9945,-1.7752,-1.5762,-1.4258,-1.3331,-1.3097,-1.3766,-1.5675,-1.907,-2.3825,-2.9332,-3.4547,-3.8343,-3.9975,-3.9545,-3.7905,-3.5751,-3.3321,-3.0161,-2.5709,-1.9935,-1.3521,-0.75876,-0.32032,-0.10185,-0.11363,-0.31983,-0.65513,-1.0451,-1.4261,-1.7422,-1.9404,-1.9793,-1.852,-1.6111,-1.3242,-1.0546,-0.83666,-0.67685,-0.56908,-0.51019,-0.50467,-0.55741,-0.66256,-0.79795,-0.93723,-1.0581
-0.63792,-1.0158,-1.6712,-2.2067,-2.0805,-1.3786,-0.69253,-0.42304,-0.56326,-0.86958,-1.1217,-1.2321,-1.2333,-1.2226,-1.2816,-1.4057,-1.5253,-1.5694,-1.5105,-1.3776,-1.2408,-1.1708,-1.2021,-1.3212,-1.4836,-1.6428,-1.7711,-1.8768,-1.9811,-2.089,-2.1672,-2.1574,-2.0389,-1.837,-1.6028,-1.3809,-1.2009,-1.0815,-1.0419,-1.1142,-1.3364,-1.7296,-2.2719,-2.8843,-3.445,-3.8229,-3.956,-3.8782,-3.682,-3.46,-3.2191,-2.9133,-2.49,-1.9427,-1.3353,-0.76843,-0.34098,-0.11741,-0.11252,-0.29456,-0.60475,-0.9806,-1.3618,-1.691,-1.9104,-1.9735,-1.873,-1.6522,-1.3874,-1.1412,-0.94321,-0.79521,-0.6894,-0.62499,-0.61061,-0.65029,-0.74331,-0.86629,-0.9896,-1.0883
-0.61794,-0.98296,-1.6571,-2.2276,-2.1242,-1.415,-0.71213,-0.43537,-0.57767,-0.88491,-1.1286,-1.2221,-1.2058,-1.1819,-1.2269,-1.3295,-1.4198,-1.4329,-1.351,-1.2134,-1.0961,-1.0689,-1.1582,-1.3372,-1.5495,-1.7375,-1.8688,-1.9476,-2.0029,-2.0553,-2.0887,-2.06,-1.9416,-1.7446,-1.5064,-1.2685,-1.0645,-0.92201,-0.86751,-0.93764,-1.1702,-1.5861,-2.1609,-2.8107,-3.398,-3.7874,-3.9068,-3.8029,-3.593,-3.3608,-3.1213,-2.8225,-2.4084,-1.8754,-1.2855,-0.74062,-0.33515,-0.12642,-0.12408,-0.29936,-0.59565,-0.9558,-1.3268,-1.6554,-1.8832,-1.9595,-1.8716,-1.6674,-1.4185,-1.1887,-1.0094,-0.88168,-0.79394,-0.74005,-0.72478,-0.75771,-0.83207,-0.93012,-1.0282,-1.1056
-0.58158,-0.9257,-1.609,-2.2089,-2.1354,-1.4348,-0.72815,-0.45302,-0.60172,-0.90999,-1.1428,-1.2174,-1.1843,-1.1499,-1.181,-1.2564,-1.3066,-1.2768,-1.1633,-1.0174,-0.92088,-0.943,-1.1017,-1.3554,-1.6265,-1.8412,-1.9621,-1.9934,-1.9807,-1.9722,-1.9674,-1.9369,-1.8374,-1.66,-1.4222,-1.1665,-0.93087,-0.75466,-0.67405,-0.73056,-0.96322,-1.3879,-1.9764,-2.6392,-3.2369,-3.6285,-3.7499,-3.6504,-3.4428,-3.2141,-2.9755,-2.6796,-2.275,-1.7592,-1.1952,-0.67677,-0.29478,-0.10486,-0.11572,-0.29341,-0.59016,-0.94889,-1.3165,-1.6388,-1.8577,-1.9264,-1.8409,-1.6467,-1.4221,-1.2276,-1.0878,-0.99651,-0.93657,-0.89934,-0.88948,-0.91203,-0.96919,-1.0434,-1.1107,-1.1504
-0.53393,-0.85389,-1.5309,-2.1392,-2.0938,-1.4226,-0.73333,-0.47164,-0.63095,-0.94123,-1.1646,-1.225,-1.183,-1.1458,-1.1697,-1.2216,-1.2326,-1.16,-1.0146,-0.85774,-0.77527,-0.83554,-1.0498,-1.3622,-1.6759,-1.8991,-1.9852,-1.9582,-1.8887,-1.8447,-1.8464,-1.8451,-1.7822,-1.6245,-1.3886,-1.1107,-0.84327,-0.63041,-0.51967,-0.55224,-0.76645,-1.1756,-1.7486,-2.3957,-2.9803,-3.3675,-3.4984,-3.4209,-3.2384,-3.0296,-2.799,-2.5004,-2.0922,-1.5851,-1.0428,-0.56109,-0.22143,-0.068406,-0.10348,-0.29743,-0.5975,-0.95334,-1.3155,-1.6299,-1.8377,-1.8939,-1.7988,-1.6091,-1.3992,-1.2306,-1.1288,-1.0849,-1.0726,-1.0703,-1.073,-1.0891,-1.1183,-1.1553,-1.1848,-1.1898
-0.49099,-0.79216,-1.4554,-2.0576,-2.0316,-1.3936,-0.7304,-0.48571,-0.65611,-0.96954,-1.1873,-1.241,-1.1984,-1.1656,-1.189,-1.2266,-1.209,-1.103,-0.9318,-0.76418,-0.68767,-0.76768,-1.0098,-1.3499,-1.6806,-1.9011,-1.9624,-1.8982,-1.7961,-1.7375,-1.7522,-1.7826,-1.7565,-1.6244,-1.3956,-1.1057,-0.81273,-0.56976,-0.42801,-0.43418,-0.62468,-1.0116,-1.5605,-2.1815,-2.7424,-3.1201,-3.2568,-3.198,-3.0433,-2.8524,-2.6327,-2.3392,-1.9353,-1.4368,-0.91303,-0.45493,-0.14024,-0.011052,-0.068229,-0.27973,-0.59661,-0.96594,-1.3335,-1.641,-1.8301,-1.8641,-1.7548,-1.561,-1.3622,-1.2168,-1.1467,-1.1393,-1.1636,-1.1911,-1.21,-1.2221,-1.2357,-1.2464,-1.2427,-1.2114
-0.42538,-0.70118,-1.3362,-1.9157,-1.9132,-1.3324,-0.71937,-0.50524,-0.69395,-1.0136,-1.2279,-1.2784,-1.2429,-1.2248,-1.2544,-1.2766,-1.2218,-1.0703,-0.86177,-0.67531,-0.59933,-0.69293,-0.95251,-1.3055,-1.6379,-1.8457,-1.8845,-1.7891,-1.6586,-1.5944,-1.6245,-1.7021,-1.7327,-1.6496,-1.437,-1.1384,-0.81334,-0.52955,-0.34543,-0.31231,-0.46555,-0.81007,-1.307,-1.8687,-2.378,-2.7247,-2.8711,-2.8541,-2.742,-2.5931,-2.3947,-2.1074,-1.708,-1.222,-0.71958,-0.28993,-0.0072731,0.088601,-0.0012573,-0.24305,-0.58494,-0.97051,-1.3429,-1.6431,-1.8149,-1.8274,-1.6986,-1.5005,-1.3105,-1.1882,-1.1562,-1.1992,-1.2778,-1.3491,-1.3881,-1.393,-1.3762,-1.3454,-1.2997,-1.2298
-0.37096,-0.62865,-1.2364,-1.7901,-1.8026,-1.2723,-0.70543,-0.52026,-0.72478,-1.0514,-1.2677,-1.322,-1.2978,-1.296,-1.334,-1.3462,-1.2639,-1.079,-0.84236,-0.63915,-0.55736,-0.65153,-0.91164,-1.2598,-1.5794,-1.7684,-1.7876,-1.6755,-1.5373,-1.4832,-1.5414,-1.6635,-1.7404,-1.6903,-1.4879,-1.1793,-0.83192,-0.5209,-0.30851,-0.24593,-0.36748,-0.67544,-1.1325,-1.6538,-2.1233,-2.4482,-2.5898,-2.5838,-2.4988,-2.373,-2.1944,-1.9208,-1.5301,-1.0536,-0.56431,-0.15484,0.10309,0.17425,0.062585,-0.19978,-0.55895,-0.9594,-1.3412,-1.6401,-1.7987,-1.7928,-1.6521,-1.4508,-1.2702,-1.1689,-1.1679,-1.2495,-1.3671,-1.4678,-1.5173,-1.5134,-1.4696,-1.4052,-1.3264,-1.2271
-0.29405,-0.52945,-1.0949,-1.6053,-1.6327,-1.1747,-0.67777,-0.53715,-0.76598,-1.1072,-1.3356,-1.406,-1.4061,-1.4304,-1.4809,-1.4792,-1.3602,-1.1316,-0.85895,-0.63199,-0.536,-0.61938,-0.8654,-1.1905,-1.4789,-1.633,-1.618,-1.4881,-1.358,-1.3355,-1.4564,-1.6455,-1.7813,-1.7618,-1.5695,-1.2466,-0.87656,-0.53585,-0.2928,-0.19725,-0.28129,-0.54836,-0.95586,-1.4183,-1.8304,-2.1062,-2.2239,-2.224,-2.165,-2.0723,-1.9249,-1.6778,-1.3103,-0.85295,-0.38486,0.0085367,0.25315,0.30829,0.17413,-0.11263,-0.49877,-0.9202,-1.3112,-1.607,-1.7541,-1.7348,-1.5881,-1.3913,-1.2287,-1.1593,-1.202,-1.3341,-1.5003,-1.6345,-1.6909,-1.6639,-1.5794,-1.4677,-1.3443,-1.2066
-0.21626,-0.43156,-0.9489,-1.4078,-1.4432,-1.0569,-0.63509,-0.54301,-0.80128,-1.1664,-1.4213,-1.5229,-1.5564,-1.6096,-1.6705,-1.652,-1.4949,-1.2233,-0.91554,-0.66545,-0.55267,-0.61617,-0.83308,-1.12,-1.3662,-1.4833,-1.4452,-1.3129,-1.2012,-1.2142,-1.3824,-1.6235,-1.8071,-1.8237,-1.6498,-1.3311,-0.95099,-0.59051,-0.31958,-0.19309,-0.24554,-0.47687,-0.84095,-1.2501,-1.6038,-1.8294,-1.9188,-1.9153,-1.8697,-1.8029,-1.6808,-1.4533,-1.1017,-0.66376,-0.21226,0.16116,0.38603,0.42555,0.28026,-0.018433,-0.41562,-0.8472,-1.2434,-1.5351,-1.6716,-1.6464,-1.5065,-1.3329,-1.2078,-1.1848,-1.2783,-1.4603,-1.6669,-1.82,-1.8653,-1.8012,-1.6659,-1.5022,-1.3343,-1.1625
-0.16012,-0.3618,-0.8396,-1.2552,-1.2909,-0.95469,-0.58956,-0.53592,-0.82035,-1.2115,-1.4973,-1.6322,-1.6961,-1.7703,-1.8362,-1.8014,-1.6129,-1.3076,-0.97478,-0.70991,-0.58647,-0.63421,-0.82444,-1.0753,-1.2853,-1.3756,-1.3298,-1.2042,-1.1079,-1.1436,-1.3318,-1.5993,-1.8097,-1.8547,-1.6982,-1.3921,-1.0133,-0.64684,-0.36246,-0.21799,-0.25134,-0.45907,-0.79715,-1.1763,-1.4922,-1.6842,-1.7448,-1.7225,-1.6745,-1.6106,-1.5006,-1.2933,-0.96601,-0.5487,-0.11758,0.2436,0.46413,0.50377,0.35906,0.058231,-0.34044,-0.77205,-1.1652,-1.4522,-1.5865,-1.5658,-1.4407,-1.2931,-1.2027,-1.2214,-1.3599,-1.5832,-1.8164,-1.9718,-1.9939,-1.8903,-1.7111,-1.5123,-1.3197,-1.1292
-0.091463,-0.27743,-0.69933,-1.051,-1.0781,-0.79997,-0.50738,-0.50733,-0.83267,-1.2698,-1.6109,-1.8006,-1.9086,-2.0069,-2.0719,-2.0084,-1.7749,-1.4257,-1.0631,-0.78429,-0.65358,-0.68677,-0.84506,-1.0487,-1.2088,-1.2616,-1.2001,-1.0775,-0.99867,-1.0608,-1.2786,-1.5747,-1.8087,-1.872,-1.7352,-1.4446,-1.0794,-0.71851,-0.43365,-0.28236,-0.30104,-0.49087,-0.80024,-1.1372,-1.4051,-1.5422,-1.56,-1.513,-1.4505,-1.3897,-1.2923,-1.1075,-0.81178,-0.43073,-0.027343,0.31847,0.53613,0.5812,0.44497,0.15586,-0.23593,-0.66032,-1.0428,-1.3171,-1.4449,-1.4343,-1.3393,-1.2394,-1.2077,-1.2892,-1.4889,-1.7646,-2.0292,-2.1821,-2.1652,-1.9981,-1.7591,-1.5097,-1.2792,-1.0632
-0.03445,-0.20648,-0.56854,-0.85051,-0.85973,-0.62691,-0.40046,-0.45431,-0.82649,-1.3189,-1.7256,-1.9776,-2.1286,-2.2425,-2.2961,-2.199,-1.9215,-1.5335,-1.1485,-0.86505,-0.73827,-0.76948,-0.90837,-1.0746,-1.1891,-1.2013,-1.1105,-0.97822,-0.90712,-0.98576,-1.2266,-1.5344,-1.7747,-1.8437,-1.7272,-1.4668,-1.1328,-0.79335,-0.51483,-0.35861,-0.36714,-0.54217,-0.83273,-1.1438,-1.3746,-1.4729,-1.4497,-1.3635,-1.2738,-1.1939,-1.0979,-0.93676,-0.68091,-0.34401,0.020178,0.34043,0.54956,0.60272,0.48739,0.22223,-0.14071,-0.53618,-0.89359,-1.1518,-1.2776,-1.2821,-1.22,-1.1702,-1.1998,-1.3508,-1.6216,-1.9558,-2.2464,-2.3783,-2.3016,-2.0677,-1.7659,-1.4733,-1.2188,-0.99238
-0.0018288,-0.16428,-0.47937,-0.70587,-0.69475,-0.48748,-0.30526,-0.39848,-0.80741,-1.3439,-1.8023,-2.1013,-2.2798,-2.3965,-2.4332,-2.3092,-2.0031,-1.5935,-1.2004,-0.92251,-0.80874,-0.84928,-0.98434,-1.1315,-1.2152,-1.1957,-1.081,-0.93678,-0.86285,-0.94162,-1.178,-1.4771,-1.7097,-1.7842,-1.6871,-1.459,-1.1561,-0.8397,-0.5712,-0.41588,-0.42064,-0.5882,-0.86766,-1.1616,-1.3689,-1.4402,-1.3899,-1.278,-1.1651,-1.069,-0.96938,-0.82465,-0.60448,-0.31022,0.015517,0.31494,0.52377,0.5921,0.49959,0.26202,-0.07676,-0.45114,-0.78891,-1.0293,-1.1444,-1.1531,-1.1134,-1.1016,-1.1808,-1.3845,-1.7019,-2.0668,-2.3636,-2.4748,-2.3595,-2.0776,-1.7451,-1.4336,-1.1683,-0.93616
0.024515,-0.12546,-0.37537,-0.52451,-0.47916,-0.29406,-0.16074,-0.30323,-0.75881,-1.3514,-1.8748,-2.2289,-2.4307,-2.5355,-2.539,-2.3804,-2.0497,-1.6301,-1.2444,-0.99056,-0.91004,-0.97992,-1.1262,-1.2578,-1.3061,-1.2433,-1.0923,-0.92088,-0.8276,-0.88772,-1.0985,-1.3728,-1.5873,-1.6646,-1.5931,-1.4062,-1.1487,-0.86946,-0.6272,-0.48494,-0.48928,-0.64955,-0.9124,-1.1831,-1.368,-1.4087,-1.3261,-1.1816,-1.0337,-0.92013,-0.82382,-0.70639,-0.53477,-0.30358,-0.030907,0.23347,0.43304,0.51844,0.46276,0.26978,-0.022222,-0.35233,-0.6516,-0.86271,-0.9622,-0.97281,-0.95401,-0.97919,-1.1062,-1.3638,-1.7345,-2.1396,-2.4461,-2.5273,-2.3569,-2.0282,-1.6602,-1.3339,-1.0702,-0.84933
0.030182,-0.11121,-0.31104,-0.40063,-0.32545,-0.14845,-0.043541,-0.21641,-0.70234,-1.3306,-1.8946,-2.2793,-2.4849,-2.5669,-2.5394,-2.36,-2.0252,-1.6166,-1.2529,-1.0295,-0.98524,-1.0903,-1.2593,-1.3919,-1.4206,-1.3247,-1.1358,-0.92892,-0.8045,-0.83827,-1.0246,-1.2771,-1.4783,-1.5568,-1.5038,-1.3485,-1.1269,-0.87822,-0.65512,-0.51895,-0.521,-0.67103,-0.92424,-1.1899,-1.3667,-1.4036,-1.3046,-1.13,-0.9564,-0.81736,-0.71939,-0.63024,-0.51016,-0.33417,-0.11377,0.12176,0.32038,0.42739,0.40597,0.2518,-0.0017042,-0.29698,-0.56493,-0.74925,-0.82989,-0.83326,-0.82036,-0.86219,-1.0129,-1.2965,-1.6899,-2.1071,-2.4085,-2.4692,-2.2748,-1.9292,-1.5586,-1.2394,-0.98755,-0.78011
0.016961,-0.11383,-0.24659,-0.2573,-0.13903,0.037382,0.11761,-0.084928,-0.59995,-1.2615,-1.8603,-2.2629,-2.4513,-2.4877,-2.4176,-2.2248,-1.9103,-1.5426,-1.229,-1.0616,-1.0787,-1.2451,-1.4623,-1.6156,-1.6285,-1.4852,-1.2297,-0.95569,-0.77284,-0.75928,-0.91026,-1.1352,-1.3251,-1.4103,-1.3837,-1.2662,-1.0851,-0.87157,-0.67095,-0.54573,-0.5477,-0.69117,-0.93139,-1.1798,-1.3447,-1.3662,-1.2546,-1.0673,-0.87108,-0.72575,-0.63706,-0.58148,-0.52073,-0.4235,-0.26821,-0.072409,0.12062,0.25264,0.27603,0.17732,-0.022507,-0.26536,-0.48292,-0.62061,-0.66285,-0.64189,-0.62023,-0.66685,-0.83181,-1.1298,-1.5277,-1.9336,-2.2125,-2.2541,-2.0565,-1.7202,-1.3738,-1.0805,-0.85281,-0.66967
-0.021002,-0.14224,-0.20915,-0.1445,0.017593,0.20316,0.27302,0.057595,-0.46829,-1.1404,-1.7455,-2.1357,-2.2832,-2.2638,-2.1573,-1.9752,-1.7106,-1.4103,-1.1674,-1.0705,-1.1592,-1.3981,-1.6801,-1.8714,-1.8772,-1.6827,-1.3506,-0.99642,-0.74487,-0.67662,-0.78886,-0.99297,-1.1806,-1.2824,-1.2838,-1.1988,-1.0484,-0.86095,-0.67995,-0.56401,-0.56392,-0.69373,-0.91706,-1.1546,-1.315,-1.3405,-1.2254,-1.0215,-0.81065,-0.65307,-0.57836,-0.57047,-0.58577,-0.57089,-0.49372,-0.3429,-0.15209,0.013299,0.089741,0.047213,-0.091814,-0.2765,-0.43932,-0.52718,-0.52657,-0.47073,-0.42475,-0.45088,-0.59567,-0.87237,-1.2471,-1.6285,-1.8856,-1.9178,-1.7319,-1.4342,-1.1285,-0.88157,-0.70215,-0.56576
-0.065233,-0.18044,-0.19987,-0.083471,0.11013,0.30747,0.3794,0.1662,-0.35375,-1.0172,-1.607,-1.9692,-2.0736,-2.0111,-1.8862,-1.7259,-1.5145,-1.2794,-1.1001,-1.0619,-1.2077,-1.5051,-1.8424,-2.0695,-2.0745,-1.841,-1.4484,-1.0298,-0.72349,-0.61444,-0.70145,-0.89951,-1.0954,-1.2164,-1.2399,-1.1746,-1.0403,-0.86374,-0.69222,-0.57995,-0.57702,-0.69535,-0.90351,-1.1292,-1.2846,-1.3121,-1.2,-0.99604,-0.78332,-0.6305,-0.57442,-0.60326,-0.67152,-0.71962,-0.69439,-0.57275,-0.38405,-0.19939,-0.091067,-0.092746,-0.19188,-0.33217,-0.44616,-0.48431,-0.4393,-0.34917,-0.27366,-0.27909,-0.40442,-0.6556,-0.99494,-1.3362,-1.5647,-1.598,-1.4454,-1.1905,-0.93889,-0.73851,-0.59491,-0.4869
-0.14378,-0.25261,-0.21379,-0.037202,0.19489,0.41261,0.49999,0.30597,-0.18736,-0.81635,-1.3627,-1.6687,-1.7081,-1.5936,-1.4577,-1.3386,-1.2098,-1.0738,-0.98798,-1.031,-1.2514,-1.6247,-2.0362,-2.3162,-2.3259,-2.0438,-1.5697,-1.0649,-0.68529,-0.52947,-0.59806,-0.80575,-1.0342,-1.1944,-1.2498,-1.2024,-1.0725,-0.89557,-0.72112,-0.60797,-0.5995,-0.70813,-0.8972,-1.0985,-1.2403,-1.2619,-1.1584,-0.9706,-0.76908,-0.63675,-0.60968,-0.68434,-0.81944,-0.94863,-0.99757,-0.92253,-0.74023,-0.52766,-0.37274,-0.32334,-0.36507,-0.44661,-0.50084,-0.47912,-0.3759,-0.23088,-0.10994,-0.067364,-0.14152,-0.33759,-0.62081,-0.91392,-1.1169,-1.1589,-1.0477,-0.8608,-0.67335,-0.53435,-0.44977,-0.39946
-0.21582,-0.32119,-0.24431,-0.029903,0.22704,0.46293,0.57042,0.4027,-0.057627,-0.64622,-1.1461,-1.4011,-1.3922,-1.2472,-1.1121,-1.0297,-0.9657,-0.90582,-0.89157,-0.99425,-1.2658,-1.6893,-2.1506,-2.4668,-2.4812,-2.1667,-1.6374,-1.0767,-0.65334,-0.4744,-0.54335,-0.77107,-1.0348,-1.2298,-1.309,-1.2687,-1.1341,-0.94964,-0.76755,-0.64706,-0.62771,-0.71844,-0.88779,-1.0752,-1.2097,-1.2387,-1.144,-0.96136,-0.77072,-0.6473,-0.64294,-0.75778,-0.94775,-1.1353,-1.2396,-1.1975,-1.0207,-0.79327,-0.61291,-0.53167,-0.53815,-0.57646,-0.57924,-0.50274,-0.34892,-0.16213,-0.0023293,0.072396,0.032051,-0.12336,-0.35873,-0.60507,-0.77931,-0.82654,-0.75475,-0.61974,-0.49448,-0.41068,-0.36959,-0.353
-0.32628,-0.42904,-0.30999,-0.057422,0.22637,0.48979,0.63428,0.51509,0.11407,-0.40655,-0.83161,-1.0135,-0.94813,-0.77573,-0.65161,-0.62027,-0.63944,-0.67584,-0.75134,-0.92655,-1.2542,-1.7268,-2.2368,-2.5898,-2.6096,-2.2629,-1.6834,-1.0744,-0.62082,-0.43309,-0.51577,-0.78176,-1.0935,-1.3357,-1.4432,-1.4094,-1.265,-1.0632,-0.86774,-0.73225,-0.69243,-0.75228,-0.88604,-1.0424,-1.1599,-1.1878,-1.107,-0.9475,-0.77971,-0.6856,-0.71505,-0.87192,-1.1158,-1.3726,-1.5399,-1.5441,-1.386,-1.1516,-0.94734,-0.83093,-0.79405,-0.77955,-0.72128,-0.58006,-0.3641,-0.12153,0.085565,0.21007,0.22459,0.13042,-0.041872,-0.23509,-0.38224,-0.43908,-0.41027,-0.34245,-0.28426,-0.26327,-0.28021,-0.31875
-0.44788,-0.55159,-0.40221,-0.12572,0.17661,0.47004,0.66228,0.60447,0.27466,-0.16679,-0.50978,-0.62004,-0.50891,-0.32288,-0.21825,-0.23662,-0.32989,-0.45168,-0.60638,-0.84025,-1.2029,-1.6955,-2.2241,-2.5978,-2.6282,-2.273,-1.6729,-1.0479,-0.59211,-0.41888,-0.5362,-0.85219,-1.2215,-1.5108,-1.6409,-1.6018,-1.4351,-1.2097,-0.99363,-0.83968,-0.77595,-0.80257,-0.89555,-1.0134,-1.1076,-1.131,-1.0646,-0.92934,-0.78614,-0.71494,-0.7685,-0.95733,-1.246,-1.557,-1.7864,-1.8429,-1.7153,-1.4889,-1.2767,-1.1405,-1.0696,-1.006,-0.88717,-0.68364,-0.41323,-0.12637,0.12194,0.28706,0.3499,0.31241,0.19949,0.057022,-0.061841,-0.12275,-0.12995,-0.1204,-0.12566,-0.1666,-0.23925,-0.32597
-0.54304,-0.64954,-0.48639,-0.20211,0.10868,0.42623,0.6598,0.65441,0.38284,0.0050861,-0.27505,-0.33517,-0.19653,-0.0077203,0.078468,0.024754,-0.11741,-0.29407,-0.4978,-0.76377,-1.137,-1.6234,-2.1412,-2.5139,-2.5557,-2.2172,-1.6307,-1.0184,-0.57853,-0.42847,-0.58066,-0.93703,-1.3473,-1.6639,-1.8034,-1.7546,-1.5704,-1.3285,-1.0976,-0.92898,-0.84423,-0.84441,-0.90843,-1.0009,-1.0765,-1.097,-1.0362,-0.91138,-0.78462,-0.72473,-0.79161,-0.99714,-1.3069,-1.6463,-1.9087,-1.9995,-1.9029,-1.6989,-1.4962,-1.3548,-1.2649,-1.1704,-1.0149,-0.77564,-0.47444,-0.16172,0.11002,0.30162,0.39672,0.3983,0.32812,0.22347,0.12562,0.060706,0.026394,-0.0007482,-0.050392,-0.13108,-0.23625,-0.35001
-0.6695,-0.78265,-0.6137,-0.33326,-0.018066,0.33213,0.62672,0.69604,0.50577,0.21424,0.015821,0.016557,0.18375,0.36878,0.42779,0.32955,0.13147,-0.10345,-0.35457,-0.64459,-1.0122,-1.4672,-1.9433,-2.2908,-2.3469,-2.0579,-1.5341,-0.97685,-0.58241,-0.47481,-0.66874,-1.0686,-1.5136,-1.8498,-1.9886,-1.929,-1.7325,-1.4805,-1.2435,-1.063,-0.95744,-0.92212,-0.94222,-0.99098,-1.0344,-1.0388,-0.98483,-0.88253,-0.77657,-0.73364,-0.80506,-1.0092,-1.3223,-1.6768,-1.972,-2.1095,-2.0618,-1.8985,-1.7221,-1.5881,-1.4854,-1.3621,-1.1705,-0.89795,-0.57144,-0.23921,0.052099,0.27097,0.40323,0.45013,0.42738,0.36296,0.28829,0.22343,0.16682,0.097905,0.0055922,-0.11731,-0.2616,-0.41056
-0.7887,-0.91188,-0.75117,-0.49049,-0.17868,0.20421,0.56289,0.7085,0.60038,0.39281,0.27084,0.32581,0.51427,0.69056,0.72129,0.58341,0.34137,0.065925,-0.21163,-0.50365,-0.84439,-1.2484,-1.6663,-1.9768,-2.0458,-1.8225,-1.3923,-0.92301,-0.59755,-0.54084,-0.76823,-1.192,-1.6476,-1.9803,-2.1032,-2.0282,-1.8283,-1.5857,-1.3652,-1.1935,-1.0799,-1.0188,-1.0016,-1.0118,-1.0227,-1.0078,-0.9492,-0.85429,-0.76184,-0.72612,-0.79428,-0.98409,-1.2766,-1.6159,-1.9141,-2.0845,-2.0938,-1.99,-1.8564,-1.7428,-1.6378,-1.4991,-1.2898,-1.0057,-0.67495,-0.34141,-0.045512,0.189,0.34957,0.43515,0.45512,0.4281,0.37559,0.3113,0.23454,0.13581,0.0043691,-0.15492,-0.32792,-0.49722
-0.8694,-1.0017,-0.85647,-0.61949,-0.31517,0.092035,0.49825,0.70015,0.65118,0.50355,0.43448,0.52535,0.72663,0.89489,0.90542,0.74257,0.47503,0.17853,-0.10833,-0.39083,-0.70055,-1.0569,-1.4251,-1.7062,-1.7851,-1.6138,-1.2568,-0.86305,-0.59936,-0.58448,-0.8355,-1.2625,-1.7064,-2.0165,-2.1179,-2.034,-1.8415,-1.6226,-1.4265,-1.2749,-1.1684,-1.102,-1.0686,-1.0544,-1.0398,-1.0039,-0.93435,-0.84001,-0.75308,-0.72068,-0.78294,-0.95486,-1.2205,-1.5338,-1.8181,-1.9968,-2.0373,-1.9758,-1.8804,-1.7902,-1.694,-1.5548,-1.3439,-1.0636,-0.74337,-0.42229,-0.13073,0.10714,0.28213,0.39081,0.43707,0.43284,0.39397,0.33152,0.24564,0.12937,-0.020359,-0.19831,-0.38891,-0.5738
-0.96094,-1.1066,-0.99288,-0.79826,-0.50906,-0.070906,0.39545,0.66719,0.6913,0.61714,0.61271,0.74588,0.96081,1.1188,1.1063,0.9168,0.62444,0.30972,0.018712,-0.24411,-0.50468,-0.78895,-1.0834,-1.3193,-1.4083,-1.3058,-1.0488,-0.75973,-0.5819,-0.61972,-0.89286,-1.3031,-1.7006,-1.9524,-2.015,-1.9253,-1.7639,-1.5987,-1.464,-1.3649,-1.2913,-1.2331,-1.1841,-1.1385,-1.0875,-1.0224,-0.93952,-0.84685,-0.76811,-0.7359,-0.78011,-0.91392,-1.1267,-1.3823,-1.6257,-1.7992,-1.8745,-1.8699,-1.8275,-1.7718,-1.6925,-1.5625,-1.3659,-1.1099,-0.81994,-0.52529,-0.25166,-0.011629,0.18086,0.31554,0.38836,0.40461,0.37594,0.31224,0.21553,0.082231,-0.086159,-0.28058,-0.48391,-0.67793
-1.0146,-1.1713,-1.0878,-0.93136,-0.65652,-0.19749,0.30929,0.62715,0.70004,0.67559,0.71489,0.87639,1.0995,1.2507,1.2237,1.0192,0.71478,0.39301,0.10398,-0.14156,-0.36489,-0.59458,-0.8304,-1.0265,-1.1173,-1.0625,-0.88386,-0.67292,-0.55318,-0.61974,-0.88855,-1.268,-1.6165,-1.8214,-1.8572,-1.7711,-1.6419,-1.5262,-1.451,-1.4064,-1.3734,-1.3341,-1.2826,-1.2187,-1.1422,-1.0543,-0.95881,-0.86656,-0.79461,-0.76724,-0.80171,-0.90477,-1.0685,-1.27,-1.4672,-1.6202,-1.7047,-1.7283,-1.7174,-1.6875,-1.6263,-1.5142,-1.3394,-1.1104,-0.84997,-0.58324,-0.32627,-0.094622,0.10044,0.24704,0.33649,0.3678,0.34736,0.28305,0.17874,0.035767,-0.14349,-0.34736,-0.55808,-0.75765
-1.0647,-1.2358,-1.1989,-1.0991,-0.84625,-0.36429,0.1876,0.55538,0.68318,0.71707,0.8086,1.0044,1.2384,1.3814,1.339,1.1207,0.80761,0.48481,0.20527,-0.016133,-0.19606,-0.36276,-0.52779,-0.67202,-0.75479,-0.74541,-0.65414,-0.53262,-0.47451,-0.56255,-0.80446,-1.1287,-1.4114,-1.5655,-1.5778,-1.5048,-1.4177,-1.3667,-1.3667,-1.3997,-1.4346,-1.442,-1.4072,-1.3312,-1.2265,-1.1105,-1.002,-0.91504,-0.85981,-0.84049,-0.86094,-0.92184,-1.0182,-1.1365,-1.2586,-1.3608,-1.432,-1.4766,-1.5023,-1.5046,-1.4735,-1.3908,-1.253,-1.0711,-0.8616,-0.63787,-0.41015,-0.18563,0.018662,0.18118,0.28453,0.32341,0.30407,0.23606,0.12467,-0.028324,-0.21779,-0.43183,-0.65143,-0.85683
-1.0903,-1.2738,-1.2878,-1.2483,-1.0195,-0.5215,0.062212,0.46519,0.63444,0.71628,0.85323,1.0805,1.3262,1.4647,1.4117,1.1849,0.87016,0.55298,0.28568,0.084358,-0.063626,-0.18433,-0.29545,-0.39273,-0.45351,-0.45799,-0.40903,-0.3426,-0.32539,-0.42309,-0.64049,-0.91296,-1.1404,-1.2546,-1.256,-1.1995,-1.1493,-1.1498,-1.2084,-1.3073,-1.4095,-1.4767,-1.4795,-1.4119,-1.2947,-1.1629,-1.0516,-0.98164,-0.95387,-0.95754,-0.97182,-0.98656,-1.0031,-1.0258,-1.0581,-1.0998,-1.1449,-1.1887,-1.227,-1.256,-1.2517,-1.2076,-1.12,-0.99344,-0.83605,-0.65429,-0.45262,-0.23952,-0.033782,0.13877,0.2553,0.30444,0.28749,0.21286,0.08924,-0.076137,-0.27756,-0.4974,-0.71753,-0.92144
-1.0946,-1.2857,-1.3379,-1.3443,-1.1354,-0.6308,-0.033054,0.38558,0.57677,0.68718,0.85372,1.1029,1.3588,1.4979,1.441,1.212,0.89929,0.58734,0.32684,0.1346,0.0013792,-0.095253,-0.17368,-0.23621,-0.2718,-0.26829,-0.22555,-0.1768,-0.17652,-0.27465,-0.47679,-0.71759,-0.91298,-1.0072,-1.0085,-0.96607,-0.9386,-0.96428,-1.0511,-1.1821,-1.3232,-1.4312,-1.4701,-1.4265,-1.3196,-1.1919,-1.0866,-1.0316,-1.0282,-1.0521,-1.0719,-1.0648,-1.0287,-0.9794,-0.93387,-0.90756,-0.90979,-0.94103,-0.99141,-1.0408,-1.0705,-1.0629,-1.0125,-0.92363,-0.80232,-0.64971,-0.46562,-0.25619,-0.043892,0.13853,0.26212,0.31356,0.29582,0.21931,0.092486,-0.080501,-0.28784,-0.51706,-0.7482,-0.96041
-1.083,-1.2811,-1.3839,-1.4489,-1.269,-0.76443,-0.16239,0.2637,0.4723,0.61198,0.81168,1.0885,1.3606,1.5057,1.4504,1.2242,0.91651,0.60962,0.35136,0.15981,0.033646,-0.040033,-0.078353,-0.093435,-0.088319,-0.059635,-0.0082318,0.039946,0.04098,-0.043177,-0.21652,-0.42439,-0.59544,-0.68543,-0.7003,-0.67847,-0.66936,-0.70517,-0.79934,-0.94238,-1.1101,-1.262,-1.3524,-1.3552,-1.2847,-1.1878,-1.1183,-1.1076,-1.1503,-1.2082,-1.2283,-1.18,-1.0675,-0.91988,-0.77398,-0.66336,-0.60841,-0.61355,-0.66673,-0.74519,-0.81843,-0.86478,-0.87244,-0.83784,-0.75979,-0.63542,-0.46337,-0.25357,-0.032679,0.16318,0.30212,0.36668,0.35496,0.2746,0.13582,-0.050282,-0.27379,-0.51315,-0.7467,-0.95523
-1.064,-1.2645,-1.4032,-1.5105,-1.354,-0.85663,-0.26111,0.161,0.37511,0.53074,0.7512,1.0471,1.333,1.4868,1.4369,1.2164,0.91389,0.60874,0.3465,0.14737,0.018184,-0.04463,-0.056157,-0.035874,0.0029114,0.057965,0.12488,0.18673,0.20583,0.14377,-0.002713,-0.19348,-0.36261,-0.46675,-0.50098,-0.49616,-0.49156,-0.51891,-0.59409,-0.71981,-0.88474,-1.0561,-1.1859,-1.2367,-1.2122,-1.1564,-1.1255,-1.154,-1.2344,-1.3198,-1.3441,-1.2693,-1.1031,-0.88371,-0.66507,-0.48981,-0.38693,-0.36743,-0.42226,-0.52592,-0.63996,-0.73485,-0.78927,-0.79321,-0.74225,-0.63203,-0.46231,-0.24331,-0.0063087,0.2062,0.3575,0.42917,0.42116,0.34247,0.20218,0.0070627,-0.2243,-0.47453,-0.71838,-0.93072
-1.0291,-1.2291,-1.4106,-1.571,-1.4493,-0.97168,-0.39597,0.010038,0.22324,0.39261,0.63532,0.95469,1.2609,1.4304,1.3929,1.1827,0.88817,0.58482,0.31472,0.10026,-0.04177,-0.1022,-0.089993,-0.029586,0.055278,0.1549,0.26064,0.36027,0.41793,0.39308,0.27553,0.096463,-0.083506,-0.21555,-0.28305,-0.30089,-0.29652,-0.29834,-0.3287,-0.40783,-0.54269,-0.71745,-0.88687,-1.0048,-1.0591,-1.0778,-1.1106,-1.1932,-1.3192,-1.4361,-1.4688,-1.366,-1.1338,-0.82772,-0.51319,-0.25458,-0.09618,-0.056021,-0.12417,-0.26736,-0.44312,-0.6057,-0.7221,-0.77296,-0.74879,-0.64552,-0.46488,-0.22799,0.030096,0.26556,0.44106,0.53518,0.54239,0.46706,0.31852,0.11308,-0.13556,-0.39679,-0.64103,-0.84326
-0.98731,-1.1822,-1.3999,-1.6092,-1.5261,-1.08,-0.5351,-0.15482,0.048838,0.22443,0.48289,0.82317,1.1508,1.3396,1.3197,1.1237,0.83945,0.54079,0.26618,0.036561,-0.12555,-0.19897,-0.18212,-0.098025,0.0282,0.17781,0.3401,0.49347,0.60107,0.61715,0.5248,0.35175,0.15483,-0.01231,-0.12035,-0.16729,-0.16486,-0.13419,-0.10752,-0.12122,-0.20561,-0.35868,-0.54593,-0.71979,-0.85287,-0.95715,-1.0675,-1.2095,-1.3731,-1.5034,-1.5222,-1.3827,-1.0978,-0.7261,-0.34871,-0.035185,0.16257,0.21834,0.13627,-0.051548,-0.29075,-0.52596,-0.7085,-0.80564,-0.8012,-0.69265,-0.4907,-0.22409,0.065238,0.32922,0.52839,0.64072,0.66085,0.59305,0.4459,0.23365,-0.021524,-0.28858,-0.53299,-0.7239
-0.95448,-1.1415,-1.3822,-1.6257,-1.574,-1.1579,-0.64185,-0.28476,-0.093247,0.081826,0.3484,0.70227,1.0468,1.253,1.2493,1.0672,0.7939,0.50115,0.22518,-0.01479,-0.19444,-0.28476,-0.2741,-0.17999,-0.028982,0.15545,0.35927,0.55509,0.70215,0.75216,0.6814,0.51385,0.30265,0.10547,-0.038582,-0.11068,-0.11046,-0.055378,0.018264,0.058536,0.020695,-0.10929,-0.3031,-0.51116,-0.69664,-0.85689,-1.0133,-1.1848,-1.3611,-1.4892,-1.4973,-1.3395,-1.0278,-0.62458,-0.21278,0.12965,0.34353,0.39811,0.29612,0.072052,-0.21718,-0.50614,-0.7348,-0.86003,-0.8613,-0.74034,-0.51798,-0.22911,0.079581,0.361,0.57739,0.70623,0.73942,0.67876,0.53302,0.31846,0.061237,-0.20386,-0.4414,-0.62029
-0.91076,-1.0824,-1.3473,-1.6335,-1.6278,-1.2585,-0.78719,-0.46419,-0.29401,-0.12589,0.14641,0.5163,0.8848,1.1181,1.1405,0.98106,0.72601,0.44506,0.17111,-0.079328,-0.28088,-0.39661,-0.4021,-0.30599,-0.13697,0.079752,0.32554,0.57391,0.77614,0.87729,0.84239,0.68555,0.45834,0.22132,0.026344,-0.087669,-0.10162,-0.022782,0.10667,0.21798,0.2453,0.15824,-0.026341,-0.25956,-0.49513,-0.71162,-0.91175,-1.1041,-1.2756,-1.3829,-1.3663,-1.1878,-0.86032,-0.44435,-0.019955,0.3319,0.54706,0.58924,0.45729,0.18448,-0.16523,-0.51636,-0.79575,-0.94949,-0.95405,-0.81713,-0.56801,-0.25506,0.075107,0.37656,0.61268,0.76041,0.80987,0.76091,0.62139,0.41095,0.15447,-0.10769,-0.33472,-0.49062
-0.86889,-1.0201,-1.3014,-1.627,-1.6708,-1.3563,-0.93528,-0.64961,-0.50317,-0.34793,-0.075511,0.30894,0.70362,0.96879,1.0214,0.88768,0.65337,0.38827,0.12364,-0.12743,-0.34213,-0.48172,-0.51439,-0.43836,-0.276,-0.04837,0.22628,0.52187,0.78329,0.94041,0.94676,0.80514,0.56434,0.28813,0.040629,-0.12324,-0.16292,-0.073184,0.099443,0.27248,0.36231,0.32717,0.17344,-0.057305,-0.31462,-0.56483,-0.79199,-0.98561,-1.1293,-1.1926,-1.1368,-0.94246,-0.62372,-0.22716,0.17484,0.50752,0.70493,0.72507,0.56122,0.24584,-0.15507,-0.55806,-0.87762,-1.0496,-1.0491,-0.89289,-0.62611,-0.29628,0.044964,0.35458,0.5996,0.75882,0.82179,0.78659,0.65957,0.45729,0.21208,-0.037093,-0.24829,-0.38282
-0.83978,-0.97168,-1.2611,-1.6133,-1.6967,-1.4274,-1.0469,-0.79023,-0.66296,-0.5198,-0.25037,0.14442,0.56077,0.85238,0.92951,0.81559,0.59715,0.34608,0.094258,-0.14771,-0.36329,-0.51919,-0.58072,-0.53596,-0.39443,-0.17177,0.11748,0.44318,0.74651,0.94439,0.98154,0.8541,0.60591,0.30358,0.017927,-0.18465,-0.24849,-0.15928,0.039169,0.25354,0.38974,0.39224,0.26126,0.037881,-0.22372,-0.4775,-0.6958,-0.86488,-0.97281,-1.0014,-0.92698,-0.73332,-0.43043,-0.060805,0.31472,0.62069,0.79137,0.7846,0.59352,0.24971,-0.1794,-0.60381,-0.93426,-1.1066,-1.1009,-0.94018,-0.66831,-0.34336,-0.0082112,0.2996,0.54954,0.71905,0.7943,0.7704,0.65294,0.46152,0.22573,-0.0118,-0.20858,-0.32647
-0.80432,-0.9053,-1.1991,-1.5838,-1.7226,-1.5179,-1.1946,-0.97665,-0.87506,-0.74954,-0.48641,-0.079755,0.36629,0.69468,0.80449,0.71613,0.51864,0.28925,0.062031,-0.15752,-0.36505,-0.53912,-0.64451,-0.65316,-0.55477,-0.35345,-0.05966,0.29251,0.63583,0.88041,0.95671,0.85335,0.60811,0.28479,-0.043696,-0.29705,-0.40213,-0.3257,-0.10645,0.15434,0.34595,0.40045,0.30732,0.10544,-0.14452,-0.38747,-0.58222,-0.70932,-0.76369,-0.74241,-0.64086,-0.45313,-0.18481,0.13693,0.46005,0.72104,0.85559,0.81838,0.59901,0.22907,-0.22262,-0.66501,-1.0061,-1.181,-1.1727,-1.01,-0.74707,-0.43175,-0.10853,0.18882,0.43392,0.60688,0.69399,0.68809,0.59125,0.41885,0.20278,-0.017219,-0.19708,-0.29514
-0.77956,-0.85388,-1.1462,-1.5526,-1.7341,-1.5818,-1.3027,-1.1144,-1.0309,-0.91874,-0.66115,-0.24629,0.22104,0.57616,0.70915,0.63827,0.45628,0.24484,0.039295,-0.15934,-0.35652,-0.54021,-0.6766,-0.72739,-0.67007,-0.4972,-0.21517,0.14424,0.50845,0.78327,0.88922,0.8069,0.57049,0.23932,-0.11286,-0.39894,-0.53381,-0.46973,-0.24325,0.041667,0.26576,0.35441,0.29211,0.1138,-0.11908,-0.34579,-0.51902,-0.61505,-0.63265,-0.58027,-0.46221,-0.27769,-0.030978,0.25648,0.5417,0.76535,0.86712,0.80335,0.56377,0.18007,-0.28002,-0.72302,-1.0578,-1.2249,-1.2154,-1.0633,-0.81661,-0.52593,-0.2244,0.060632,0.30424,0.48396,0.58233,0.5899,0.50842,0.35386,0.15571,-0.045654,-0.20907,-0.29583
-0.74769,-0.78277,-1.0665,-1.498,-1.7368,-1.6583,-1.442,-1.2931,-1.2318,-1.1356,-0.88515,-0.45986,0.033818,0.42023,0.57961,0.52843,0.36498,0.17756,0.002349,-0.16646,-0.3464,-0.53709,-0.70829,-0.81451,-0.81793,-0.69695,-0.44721,-0.093492,0.29126,0.5996,0.74196,0.68805,0.46471,0.13055,-0.23894,-0.55134,-0.70999,-0.65678,-0.42164,-0.11441,0.14061,0.25865,0.2234,0.069051,-0.14337,-0.34432,-0.48497,-0.54214,-0.51913,-0.43631,-0.30558,-0.12864,0.093211,0.34374,0.58712,0.76904,0.83326,0.73989,0.48143,0.08909,-0.36776,-0.80282,-1.1323,-1.3023,-1.3055,-1.1743,-0.9597,-0.69723,-0.42044,-0.154,0.080355,0.26269,0.37587,0.40792,0.35613,0.23017,0.061838,-0.11553,-0.26175,-0.33706
-0.71457,-0.70697,-0.97662,-1.4277,-1.7233,-1.7213,-1.5712,-1.4612,-1.4208,-1.338,-1.0924,-0.65714,-0.1402,0.27067,0.44825,0.4098,0.26012,0.093107,-0.054644,-0.19571,-0.35869,-0.55266,-0.75025,-0.90116,-0.9579,-0.88918,-0.68145,-0.35255,0.030098,0.35498,0.52481,0.49951,0.29821,-0.022875,-0.38771,-0.70188,-0.86304,-0.80917,-0.56396,-0.24032,0.030646,0.16297,0.13493,-0.016553,-0.22211,-0.41342,-0.53504,-0.56648,-0.51919,-0.41543,-0.27456,-0.10024,0.10772,0.33616,0.55408,0.71052,0.7509,0.63695,0.3638,-0.033178,-0.48913,-0.91618,-1.237,-1.4074,-1.4276,-1.3303,-1.1523,-0.93281,-0.68865,-0.43721,-0.20062,-0.0043819,0.12866,0.18392,0.15885,0.066429,-0.073326,-0.22304,-0.34563,-0.40532
-0.68765,-0.64656,-0.90218,-1.3647,-1.7005,-1.7569,-1.6582,-1.5782,-1.5525,-1.4784,-1.2347,-0.79153,-0.2602,0.16392,0.34905,0.31421,0.17003,0.014054,-0.11778,-0.24256,-0.39516,-0.58958,-0.79946,-0.97175,-1.0559,-1.0185,-0.8445,-0.546,-0.18293,0.13929,0.32203,0.31721,0.13957,-0.16006,-0.50489,-0.80087,-0.94536,-0.8763,-0.62448,-0.29953,-0.031968,0.095426,0.061875,-0.095669,-0.3075,-0.50124,-0.62348,-0.65349,-0.60241,-0.49429,-0.34784,-0.16907,0.039798,0.26632,0.47644,0.62345,0.65612,0.53814,0.26437,-0.13119,-0.58406,-1.0137,-1.3446,-1.5312,-1.5709,-1.4944,-1.343,-1.1413,-0.91166,-0.67151,-0.44095,-0.24201,-0.094993,-0.015103,-0.0090452,-0.073611,-0.18223,-0.30887,-0.41947,-0.47854
-0.64682,-0.56091,-0.79378,-1.2645,-1.6508,-1.7848,-1.7577,-1.7193,-1.7114,-1.6469,-1.4045,-0.95107,-0.40459,0.029988,0.21757,0.17989,0.034436,-0.11658,-0.23772,-0.35042,-0.49443,-0.68673,-0.90081,-1.081,-1.1789,-1.1652,-1.0293,-0.77955,-0.46189,-0.16397,0.019013,0.035612,-0.10962,-0.36954,-0.67014,-0.91384,-1.005,-0.89432,-0.62292,-0.30331,-0.056283,0.039025,-0.029117,-0.2191,-0.46002,-0.67509,-0.81388,-0.85906,-0.82033,-0.72179,-0.57541,-0.38499,-0.15668,0.087591,0.3143,0.46959,0.50333,0.38364,0.10989,-0.28494,-0.73841,-1.1725,-1.5173,-1.7291,-1.802,-1.7603,-1.6367,-1.4622,-1.252,-1.0204,-0.78662,-0.57404,-0.40596,-0.3,-0.26352,-0.28825,-0.36366,-0.45879,-0.54283,-0.58599
-0.59863,-0.46929,-0.67515,-1.1466,-1.5769,-1.7866,-1.8323,-1.8369,-1.8461,-1.788,-1.5462,-1.0861,-0.53046,-0.093256,0.087839,0.03866,-0.11888,-0.27909,-0.40522,-0.51955,-0.66257,-0.84999,-1.0534,-1.2171,-1.2987,-1.2808,-1.1665,-0.96578,-0.70938,-0.45752,-0.28994,-0.25932,-0.37043,-0.58322,-0.82527,-1.0003,-1.0209,-0.85519,-0.55704,-0.24219,-0.024943,0.026125,-0.095308,-0.34175,-0.63539,-0.90004,-1.0806,-1.1601,-1.1517,-1.0674,-0.92095,-0.71644,-0.46311,-0.18411,0.07268,0.25833,0.32109,0.22592,-0.031947,-0.42127,-0.88231,-1.3414,-1.723,-1.9733,-2.0776,-2.0583,-1.9532,-1.7906,-1.5903,-1.3668,-1.1375,-0.92275,-0.74193,-0.61024,-0.53687,-0.52034,-0.55408,-0.61732,-0.68366,-0.72378
-0.55632,-0.39614,-0.58035,-1.0479,-1.5055,-1.7687,-1.8684,-1.9064,-1.9278,-1.873,-1.6317,-1.1694,-0.61193,-0.17746,-0.005757,-0.069157,-0.243,-0.41976,-0.56143,-0.68813,-0.83726,-1.0208,-1.2073,-1.3428,-1.3915,-1.3505,-1.2358,-1.0643,-0.85569,-0.64833,-0.50243,-0.46806,-0.55519,-0.73105,-0.92433,-1.0442,-1.01,-0.80278,-0.48688,-0.17725,0.014435,0.030219,-0.13402,-0.42722,-0.76659,-1.0777,-1.3051,-1.4302,-1.4599,-1.4013,-1.2567,-1.0305,-0.74039,-0.42228,-0.1256,0.090923,0.17559,0.096452,-0.14862,-0.53258,-0.99646,-1.467,-1.87,-2.1477,-2.2774,-2.2752,-2.1771,-2.0209,-1.8275,-1.612,-1.3897,-1.1776,-0.99196,-0.84626,-0.74963,-0.70681,-0.70929,-0.74442,-0.79234,-0.82905
-0.4901,-0.29297,-0.44733,-0.90383,-1.3885,-1.7167,-1.8868,-1.9694,-2.0076,-1.9564,-1.7159,-1.2552,-0.70216,-0.27743,-0.12269,-0.21048,-0.41469,-0.62644,-0.80582,-0.9673,-1.1382,-1.3194,-1.4723,-1.5476,-1.5243,-1.425,-1.286,-1.1355,-0.98207,-0.83742,-0.73205,-0.70404,-0.76859,-0.89944,-1.0316,-1.0795,-0.97743,-0.72098,-0.38798,-0.090626,0.068075,0.033854,-0.18798,-0.54202,-0.94642,-1.3182,-1.6086,-1.8,-1.8897,-1.8766,-1.7468,-1.5011,-1.1664,-0.79039,-0.43643,-0.16439,-0.027255,-0.060559,-0.27286,-0.63933,-1.1075,-1.6051,-2.0473,-2.3616,-2.5147,-2.5228,-2.4317,-2.28,-2.0961,-1.8944,-1.6865,-1.4846,-1.3004,-1.1448,-1.028,-0.95397,-0.9287,-0.93976,-0.96857,-0.99263
-0.43249,-0.21206,-0.34364,-0.78671,-1.2851,-1.655,-1.8745,-1.9914,-2.0433,-1.995,-1.7559,-1.2997,-0.75495,-0.34186,-0.20268,-0.31112,-0.54314,-0.79004,-1.01,-1.212,-1.4119,-1.5953,-1.7155,-1.729,-1.6334,-1.472,-1.2998,-1.1495,-1.026,-0.92343,-0.84966,-0.83187,-0.88745,-0.99411,-1.0913,-1.0987,-0.95733,-0.67538,-0.32947,-0.037126,0.10258,0.03599,-0.22769,-0.62803,-1.0782,-1.4975,-1.8334,-2.0693,-2.2067,-2.2268,-2.1142,-1.8627,-1.4981,-1.0763,-0.67192,-0.35268,-0.17743,-0.18183,-0.37125,-0.72135,-1.1808,-1.6777,-2.1299,-2.4622,-2.634,-2.6553,-2.5714,-2.4279,-2.2552,-2.0683,-1.8767,-1.6888,-1.5123,-1.3549,-1.2255,-1.1375,-1.0879,-1.0756,-1.0897,-1.113
-0.34542,-0.099551,-0.20063,-0.62127,-1.1277,-1.542,-1.8201,-1.982,-2.0558,-2.0147,-1.7808,-1.3349,-0.80658,-0.41302,-0.29593,-0.43309,-0.70517,-1.0071,-1.2955,-1.5697,-1.8259,-2.0236,-2.0983,-2.0157,-1.8053,-1.5425,-1.3034,-1.1297,-1.025,-0.96443,-0.92824,-0.92785,-0.97578,-1.0605,-1.1278,-1.1069,-0.94314,-0.64862,-0.30216,-0.019411,0.10079,0.0073952,-0.29016,-0.72972,-1.2239,-1.6886,-2.0769,-2.3765,-2.5775,-2.6621,-2.5826,-2.3208,-1.9131,-1.4367,-0.97281,-0.60089,-0.37761,-0.33647,-0.48447,-0.80139,-1.2383,-1.726,-2.1808,-2.5246,-2.7133,-2.7548,-2.6922,-2.5731,-2.4245,-2.2588,-2.0835,-1.9068,-1.7374,-1.5839,-1.455,-1.3554,-1.2975,-1.2739,-1.274,-1.284
-0.24744,0.017943,-0.054439,-0.44765,-0.95153,-1.396,-1.721,-1.9261,-2.0274,-2.0003,-1.7763,-1.3462,-0.83896,-0.46746,-0.3723,-0.53566,-0.84606,-1.2056,-1.5722,-1.9349,-2.2658,-2.4917,-2.5255,-2.3419,-2.009,-1.6353,-1.3108,-1.0886,-0.9723,-0.92794,-0.92146,-0.94097,-0.99348,-1.07,-1.1277,-1.1014,-0.94354,-0.6619,-0.33391,-0.066618,0.042217,-0.058593,-0.36503,-0.82114,-1.3385,-1.8363,-2.2599,-2.594,-2.8408,-2.9678,-2.9287,-2.6901,-2.2759,-1.7641,-1.2565,-0.83561,-0.56486,-0.47997,-0.58686,-0.86314,-1.2645,-1.7246,-2.1641,-2.5073,-2.7104,-2.7797,-2.7559,-2.6742,-2.557,-2.4126,-2.2495,-2.0797,-1.9151,-1.7646,-1.6363,-1.5393,-1.4737,-1.4426,-1.4384,-1.4483
-0.16758,0.10801,0.056055,-0.31437,-0.81006,-1.2674,-1.6186,-1.8539,-1.9797,-1.9683,-1.7576,-1.3429,-0.85436,-0.50019,-0.41976,-0.59849,-0.9329,-1.3328,-1.7582,-2.1915,-2.5848,-2.8361,-2.8416,-2.5883,-2.1723,-1.7219,-1.3347,-1.0661,-0.92168,-0.86905,-0.87035,-0.90101,-0.96353,-1.045,-1.1111,-1.0974,-0.96037,-0.70121,-0.39194,-0.13532,-0.028975,-0.12839,-0.43138,-0.88436,-1.4023,-1.9011,-2.3303,-2.6792,-2.9498,-3.1154,-3.1133,-2.894,-2.4774,-1.9527,-1.4226,-0.98246,-0.69381,-0.58705,-0.66516,-0.90934,-1.2756,-1.7025,-2.1172,-2.4521,-2.6695,-2.774,-2.7911,-2.7536,-2.6645,-2.5262,-2.3529,-2.1696,-1.9996,-1.8551,-1.7391,-1.651,-1.593,-1.5613,-1.5515,-1.5565
-0.05431,0.22973,0.20243,-0.13635,-0.61527,-1.0772,-1.4519,-1.7228,-1.8854,-1.9034,-1.7173,-1.3289,-0.86745,-0.53636,-0.47224,-0.66417,-1.0207,-1.4633,-1.9566,-2.4742,-2.9441,-3.2305,-3.2095,-2.8854,-2.3847,-1.8532,-1.3941,-1.0592,-0.85969,-0.77283,-0.75773,-0.79123,-0.86658,-0.97262,-1.0712,-1.1035,-1.0129,-0.79402,-0.50584,-0.25515,-0.14345,-0.23013,-0.51743,-0.95247,-1.4506,-1.9308,-2.3447,-2.6886,-2.9705,-3.1682,-3.2113,-3.0365,-2.6512,-2.1377,-1.6073,-1.1544,-0.84368,-0.7085,-0.75326,-0.95756,-1.2794,-1.6639,-2.0477,-2.3746,-2.6137,-2.7655,-2.8479,-2.8616,-2.8009,-2.6654,-2.4765,-2.2712,-2.0838,-1.9334,-1.8247,-1.7534,-1.7114,-1.6919,-1.6862,-1.6868
0.033949,0.32091,0.30978,-0.0059243,-0.46813,-0.92594,-1.3106,-1.6042,-1.7977,-1.8439,-1.6816,-1.3164,-0.87642,-0.56161,-0.50676,-0.70381,-1.069,-1.5307,-2.0562,-2.615,-3.1245,-3.4346,-3.4121,-3.0655,-2.5302,-1.9566,-1.4501,-1.0631,-0.81412,-0.6898,-0.65454,-0.68692,-0.77324,-0.90229,-1.0338,-1.1076,-1.0602,-0.87654,-0.61029,-0.36479,-0.2441,-0.31086,-0.57242,-0.98077,-1.4527,-1.9084,-2.2982,-2.621,-2.8971,-3.1045,-3.1803,-3.0496,-2.702,-2.2125,-1.694,-1.2455,-0.93467,-0.79368,-0.8242,-1.0043,-1.2969,-1.6477,-2.0021,-2.3165,-2.5711,-2.7665,-2.8999,-2.9644,-2.9297,-2.7863,-2.5646,-2.3221,-2.1104,-1.9551,-1.8559,-1.8009,-1.7733,-1.7612,-1.7585,-1.7617
0.15386,0.44034,0.44737,0.16107,-0.27613,-0.72028,-1.1072,-1.4285,-1.6664,-1.7587,-1.6358,-1.3042,-0.89281,-0.59696,-0.54922,-0.74781,-1.1141,-1.5803,-2.1136,-2.6827,-3.2073,-3.5402,-3.5454,-3.2189,-2.6838,-2.0843,-1.5243,-1.068,-0.74658,-0.56339,-0.50027,-0.53211,-0.6415,-0.80663,-0.98696,-1.1168,-1.1277,-0.99123,-0.75166,-0.50899,-0.36967,-0.40514,-0.6252,-0.98557,-1.4087,-1.8128,-2.1585,-2.451,-2.7108,-2.9324,-3.0432,-2.962,-2.6698,-2.2316,-1.7536,-1.3345,-1.0379,-0.89481,-0.90938,-1.0649,-1.3225,-1.6397,-1.9711,-2.2833,-2.5628,-2.8081,-3.01,-3.1223,-3.1014,-2.935,-2.667,-2.374,-2.1232,-1.9492,-1.8541,-1.8186,-1.8172,-1.8286,-1.838,-1.839
0.27245,0.55503,0.57592,0.31665,-0.09393,-0.51729,-0.89797,-1.2422,-1.5295,-1.677,-1.602,-1.3088,-0.92475,-0.64382,-0.5983,-0.79117,-1.1451,-1.5896,-2.0894,-2.6171,-3.1087,-3.4431,-3.496,-3.2368,-2.7547,-2.1705,-1.5846,-1.0709,-0.67923,-0.4332,-0.33564,-0.36631,-0.50008,-0.70697,-0.94178,-1.1335,-1.2038,-1.108,-0.88062,-0.6243,-0.45707,-0.45612,-0.63658,-0.95367,-1.3276,-1.6809,-1.9736,-2.2173,-2.4458,-2.66,-2.8026,-2.7876,-2.5737,-2.2051,-1.7777,-1.3899,-1.1129,-0.98192,-0.99982,-1.1437,-1.3819,-1.6703,-1.9751,-2.28,-2.5841,-2.8846,-3.1474,-3.3099,-3.2945,-3.0841,-2.7464,-2.3888,-2.0972,-1.9091,-1.8205,-1.8001,-1.8203,-1.8485,-1.8682,-1.8747
0.35782,0.63617,0.66477,0.42339,0.032938,-0.37221,-0.74464,-1.1039,-1.4303,-1.6239,-1.5896,-1.3269,-0.96229,-0.68986,-0.64359,-0.82753,-1.1637,-1.5776,-2.0307,-2.5003,-2.94,-3.2572,-3.3458,-3.16,-2.7464,-2.1998,-1.6138,-1.0662,-0.62291,-0.32997,-0.20479,-0.23518,-0.39104,-0.63485,-0.91316,-1.15,-1.2574,-1.1831,-0.95664,-0.6863,-0.4971,-0.47024,-0.62288,-0.90916,-1.2474,-1.5629,-1.8164,-2.0244,-2.2287,-2.4356,-2.5949,-2.6219,-2.4669,-2.1566,-1.7803,-1.4296,-1.1741,-1.0507,-1.0663,-1.2025,-1.4259,-1.7016,-2.0008,-2.3107,-2.6329,-2.963,-3.2646,-3.4435,-3.4174,-3.1723,-2.7906,-2.3933,-2.0715,-1.8642,-1.7675,-1.7565,-1.7847,-1.8256,-1.8593,-1.8771
0.46416,0.73546,0.7704,0.54982,0.18435,-0.1955,-0.55343,-0.93132,-1.3095,-1.5683,-1.5917,-1.3702,-1.0292,-0.76474,-0.71417,-0.88136,-1.1853,-1.5461,-1.9215,-2.2956,-2.6486,-2.9286,-3.0552,-2.9683,-2.6608,-2.1835,-1.6115,-1.0302,-0.52859,-0.18298,-0.029773,-0.063445,-0.24966,-0.54079,-0.87504,-1.1657,-1.3147,-1.2589,-1.0305,-0.74303,-0.52774,-0.4706,-0.58681,-0.8318,-1.1274,-1.3938,-1.5991,-1.7648,-1.9359,-2.1357,-2.3182,-2.3999,-2.3211,-2.0934,-1.7837,-1.4822,-1.2589,-1.1526,-1.171,-1.2991,-1.5035,-1.754,-2.034,-2.3446,-2.6932,-3.0684,-3.4085,-3.6113,-3.5688,-3.2708,-2.8212,-2.3616,-1.9954,-1.766,-1.6677,-1.6615,-1.7109,-1.7712,-1.8169,-1.8393
0.55873,0.82182,0.85925,0.65477,0.31208,-0.042835,-0.38728,-0.78066,-1.2093,-1.5323,-1.6133,-1.4318,-1.1112,-0.8513,-0.79399,-0.94082,-1.2069,-1.5066,-1.7964,-2.0711,-2.3368,-2.5757,-2.7295,-2.7239,-2.5131,-2.104,-1.5532,-0.95366,-0.41391,-0.031909,0.13942,0.10046,-0.11177,-0.44456,-0.82882,-1.1714,-1.3597,-1.3193,-1.0796,-0.76653,-0.52568,-0.4445,-0.53939,-0.7609,-1.0237,-1.2542,-1.4183,-1.541,-1.6785,-1.8581,-2.0526,-2.1878,-2.195,-2.0589,-1.8258,-1.57,-1.3641,-1.2566,-1.2641,-1.3727,-1.5573,-1.7911,-2.0616,-2.3734,-2.7353,-3.1324,-3.4982,-3.6994,-3.6293,-3.2865,-2.7908,-2.2932,-1.8977,-1.6455,-1.5316,-1.5264,-1.579,-1.6515,-1.7161,-1.7596
0.61983,0.87608,0.91338,0.71857,0.39065,0.052558,-0.2819,-0.68627,-1.1489,-1.5171,-1.6387,-1.4849,-1.1775,-0.91863,-0.85452,-0.98606,-1.2236,-1.4771,-1.7037,-1.908,-2.1134,-2.3226,-2.4897,-2.5325,-2.381,-2.0156,-1.4822,-0.8771,-0.3205,0.078908,0.25824,0.21508,-0.013713,-0.372,-0.78775,-1.1626,-1.3762,-1.3481,-1.1039,-0.77953,-0.52555,-0.43508,-0.5203,-0.72681,-0.96875,-1.1713,-1.3049,-1.4001,-1.5149,-1.6837,-1.8854,-2.0526,-2.1161,-2.0473,-1.871,-1.6522,-1.4612,-1.3507,-1.3414,-1.429,-1.5848,-1.7882,-2.0367,-2.3423,-2.7134,-3.1256,-3.4942,-3.6933,-3.6058,-3.2385,-2.7178,-2.1966,-1.7808,-1.5154,-1.3982,-1.3909,-1.4585,-1.5485,-1.6263,-1.6762
0.68564,0.93315,0.9681,0.7823,0.47137,0.15244,-0.17099,-0.58824,-1.0891,-1.5083,-1.6772,-1.5548,-1.2603,-0.99904,-0.92281,-1.0344,-1.2381,-1.4368,-1.5885,-1.7109,-1.8484,-2.0233,-2.1995,-2.2889,-2.1977,-1.8804,-1.3692,-0.76421,-0.19681,0.21392,0.39853,0.35152,0.11043,-0.26874,-0.71501,-1.1259,-1.377,-1.375,-1.1457,-0.82322,-0.5622,-0.45961,-0.52556,-0.70778,-0.92423,-1.0958,-1.1976,-1.2601,-1.3432,-1.4939,-1.7032,-1.9139,-2.0536,-2.0759,-1.9768,-1.7976,-1.6037,-1.459,-1.4034,-1.4401,-1.5593,-1.7392,-1.9689,-2.2532,-2.5983,-2.9835,-3.3306,-3.5067,-3.4076,-3.038,-2.5197,-2.0004,-1.5824,-1.3096,-1.1829,-1.1778,-1.2475,-1.3497,-1.4508,-1.5317
0.72216,0.96308,0.99488,0.81392,0.51358,0.20666,-0.11059,-0.53523,-1.0586,-1.5072,-1.7039,-1.5998,-1.3098,-1.0436,-0.95579,-1.0525,-1.235,-1.4007,-1.5071,-1.5803,-1.6772,-1.8308,-2.0104,-2.1245,-2.0657,-1.776,-1.2804,-0.68065,-0.11222,0.30117,0.48767,0.44111,0.19747,-0.18932,-0.65081,-1.0877,-1.3722,-1.4036,-1.1943,-0.87704,-0.61249,-0.49955,-0.55451,-0.7246,-0.92333,-1.0773,-1.157,-1.1945,-1.2571,-1.3906,-1.5989,-1.8331,-2.0211,-2.1029,-2.0576,-1.9089,-1.7159,-1.5458,-1.4468,-1.4398,-1.5108,-1.6473,-1.8442,-2.1052,-2.429,-2.7849,-3.0946,-3.2422,-3.1335,-2.7783,-2.2846,-1.785,-1.3771,-1.1091,-0.98807,-0.98729,-1.0742,-1.1983,-1.3191,-1.4132
0.75209,0.98469,1.0114,0.8353,0.54569,0.25199,-0.058118,-0.48987,-1.0326,-1.5079,-1.7292,-1.6402,-1.3511,-1.0726,-0.96707,-1.044,-1.2016,-1.3332,-1.3959,-1.4211,-1.4772,-1.6094,-1.7929,-1.931,-1.9035,-1.6424,-1.169,-0.58422,-0.022992,0.38936,0.57932,0.53831,0.29952,-0.086309,-0.55618,-1.02,-1.3533,-1.4457,-1.2867,-0.99486,-0.73266,-0.60705,-0.64087,-0.78396,-0.95292,-1.0768,-1.1306,-1.1466,-1.1875,-1.3068,-1.5112,-1.7633,-1.9989,-2.1503,-2.1691,-2.0511,-1.841,-1.6164,-1.449,-1.3736,-1.391,-1.485,-1.6389,-1.8456,-2.0995,-2.3758,-2.6112,-2.7098,-2.6008,-2.2876,-1.8539,-1.4101,-1.044,-0.80314,-0.69954,-0.71528,-0.81984,-0.96661,-1.1157,-1.2411
0.76002,0.98473,1.0058,0.83309,0.55266,0.26858,-0.037099,-0.47158,-1.0225,-1.508,-1.7388,-1.6531,-1.3567,-1.0619,-0.93554,-0.99116,-1.1263,-1.2318,-1.2646,-1.2593,-1.2909,-1.4118,-1.6007,-1.7584,-1.757,-1.5229,-1.0762,-0.51369,0.031913,0.43852,0.63332,0.60346,0.37906,0.0058033,-0.46135,-0.94158,-1.3228,-1.4888,-1.4062,-1.1633,-0.91221,-0.77017,-0.76988,-0.87327,-1.0064,-1.1007,-1.132,-1.1279,-1.1508,-1.2532,-1.4527,-1.7209,-1.9944,-2.1947,-2.2551,-2.1479,-1.9144,-1.6429,-1.4171,-1.2828,-1.2448,-1.2825,-1.377,-1.5161,-1.6884,-1.8688,-2.0098,-2.0469,-1.9332,-1.6738,-1.3252,-0.9651,-0.66247,-0.46345,-0.38839,-0.43342,-0.56259,-0.73872,-0.92028,-1.0764
0.75145,0.97055,0.98779,0.81675,0.54203,0.26308,-0.039608,-0.4734,-1.0225,-1.5048,-1.7317,-1.64,-1.3335,-1.0243,-0.88185,-0.9213,-1.0404,-1.1292,-1.1455,-1.1259,-1.1482,-1.2678,-1.4645,-1.6372,-1.6555,-1.4428,-1.0185,-0.47741,0.051825,0.45094,0.64861,0.63006,0.42084,0.061916,-0.39704,-0.88592,-1.3005,-1.5255,-1.5056,-1.3043,-1.0644,-0.90622,-0.87726,-0.94851,-1.0509,-1.122,-1.1364,-1.1218,-1.137,-1.2341,-1.4305,-1.6995,-1.9818,-2.1997,-2.2778,-2.1784,-1.9317,-1.6278,-1.3629,-1.1921,-1.1212,-1.1286,-1.1842,-1.2663,-1.3626,-1.4588,-1.526,-1.5201,-1.4065,-1.1839,-0.89199,-0.59349,-0.34879,-0.20032,-0.16681,-0.2397,-0.39822,-0.59621,-0.79262,-0.95888
0.72119,0.93273,0.94602,0.77698,0.50883,0.23502,-0.064808,-0.49329,-1.0294,-1.4926,-1.6998,-1.59,-1.2659,-0.93763,-0.77534,-0.7938,-0.89191,-0.96064,-0.9579,-0.92309,-0.93852,-1.063,-1.2768,-1.4748,-1.5236,-1.3438,-0.95279,-0.4465,0.053094,0.43501,0.63065,0.62669,0.44235,0.11221,-0.32479,-0.81112,-1.2578,-1.554,-1.6223,-1.4892,-1.2713,-1.0936,-1.0168,-1.0319,-1.0876,-1.1286,-1.1319,-1.116,-1.1289,-1.22,-1.4067,-1.6672,-1.945,-2.1642,-2.2427,-2.14,-1.8864,-1.5711,-1.2884,-1.0926,-0.9903,-0.95298,-0.94678,-0.94684,-0.94178,-0.92729,-0.89521,-0.82807,-0.70993,-0.53812,-0.33134,-0.12579,0.036266,0.11863,0.10095,-0.016982,-0.20396,-0.42589,-0.64439,-0.83124
0.67052,0.87511,0.88515,0.71886,0.45656,0.18692,-0.11134,-0.52909,-1.0407,-1.4694,-1.6427,-1.5069,-1.1635,-0.81972,-0.64045,-0.63932,-0.7167,-0.76557,-0.74482,-0.69516,-0.70266,-0.83086,-1.0621,-1.2896,-1.3768,-1.2405,-0.89513,-0.43388,0.025811,0.38109,0.56922,0.57746,0.42168,0.12848,-0.27309,-0.7398,-1.1986,-1.5473,-1.6926,-1.625,-1.4324,-1.2387,-1.1196,-1.0839,-1.0956,-1.111,-1.107,-1.0963,-1.1184,-1.2075,-1.3789,-1.6126,-1.8604,-2.0532,-2.1247,-2.0311,-1.7922,-1.4887,-1.2129,-1.0171,-0.90263,-0.83648,-0.77624,-0.69444,-0.58764,-0.46826,-0.34723,-0.22691,-0.09998,0.038219,0.17953,0.30202,0.37692,0.37843,0.29333,0.13041,-0.09175,-0.33235,-0.55527,-0.73721
0.62013,0.81958,0.82794,0.66407,0.40635,0.13929,-0.1567,-0.56288,-1.0482,-1.4424,-1.5833,-1.4247,-1.0694,-0.71705,-0.52684,-0.51167,-0.57283,-0.60612,-0.57218,-0.51183,-0.51245,-0.64109,-0.88315,-1.1326,-1.2515,-1.1536,-0.85318,-0.43458,-0.011797,0.31764,0.49652,0.51013,0.37508,0.11255,-0.25389,-0.6909,-1.1393,-1.507,-1.6989,-1.6783,-1.5095,-1.3058,-1.1567,-1.0863,-1.0697,-1.0715,-1.0699,-1.0725,-1.1063,-1.2006,-1.36,-1.5643,-1.7727,-1.9322,-1.9842,-1.8969,-1.6868,-1.4212,-1.1779,-1.0014,-0.88706,-0.79998,-0.69839,-0.55774,-0.38055,-0.18899,-0.0070794,0.15303,0.28937,0.40446,0.49616,0.55431,0.5631,0.50702,0.37855,0.18193,-0.052167,-0.2941,-0.51382,-0.69201
0.5381,0.73034,0.73687,0.5776,0.32604,0.06337,-0.22588,-0.6117,-1.0544,-1.3943,-1.4868,-1.2981,-0.92917,-0.57031,-0.36868,-0.33443,-0.37336,-0.38495,-0.3311,-0.25487,-0.24701,-0.37729,-0.63366,-0.91229,-1.073,-1.0272,-0.7864,-0.43082,-0.067278,0.21431,0.36572,0.37664,0.26303,0.043066,-0.26624,-0.6437,-1.047,-1.4038,-1.6261,-1.6581,-1.5276,-1.3307,-1.159,-1.055,-1.013,-1.005,-1.0126,-1.035,-1.087,-1.1816,-1.3183,-1.4782,-1.629,-1.7338,-1.7582,-1.6822,-1.5221,-1.3274,-1.1525,-1.0222,-0.9255,-0.82201,-0.67163,-0.4579,-0.19598,0.078475,0.33003,0.53389,0.68335,0.77809,0.81829,0.80212,0.7266,0.5904,0.39833,0.16535,-0.08279,-0.31581,-0.51134,-0.66022
0.46712,0.65317,0.65819,0.50256,0.25712,0.00036478,-0.28173,-0.64726,-1.0537,-1.3492,-1.4035,-1.1926,-0.81638,-0.45517,-0.24808,-0.20195,-0.22504,-0.21959,-0.14994,-0.061519,-0.047374,-0.17947,-0.44717,-0.74606,-0.93511,-0.92488,-0.72453,-0.41893,-0.10979,0.12243,0.2376,0.23716,0.13673,-0.047291,-0.30581,-0.626,-0.97791,-1.3043,-1.523,-1.5755,-1.4713,-1.2915,-1.1239,-1.0147,-0.9656,-0.95703,-0.97275,-1.0108,-1.0776,-1.1738,-1.2902,-1.4074,-1.5045,-1.5625,-1.5651,-1.5051,-1.394,-1.2639,-1.1495,-1.0642,-0.98701,-0.87833,-0.70045,-0.44164,-0.12467,0.20499,0.50187,0.73593,0.89243,0.96969,0.97118,0.9019,0.76784,0.57762,0.34531,0.093284,-0.15324,-0.36921,-0.53885,-0.65883
0.36276,0.53829,0.54043,0.3909,0.1562,-0.089698,-0.35545,-0.68928,-1.0428,-1.2767,-1.2804,-1.0416,-0.65863,-0.2976,-0.08666,-0.029348,-0.03453,-0.008202,0.080475,0.18297,0.20452,0.071506,-0.20663,-0.52639,-0.74663,-0.78092,-0.63864,-0.40625,-0.17996,-0.027944,0.026069,-0.0012568,-0.088198,-0.22214,-0.40381,-0.63335,-0.89865,-1.1598,-1.3529,-1.4165,-1.346,-1.1943,-1.043,-0.94042,-0.89466,-0.89718,-0.93404,-0.99883,-1.0846,-1.1789,-1.262,-1.3189,-1.3448,-1.342,-1.3152,-1.2689,-1.2137,-1.1665,-1.1389,-1.1221,-1.0831,-0.97779,-0.77441,-0.47272,-0.1063,0.27254,0.61266,0.87714,1.0467,1.1121,1.0727,0.93711,0.72451,0.46327,0.18644,-0.077412,-0.29787,-0.46588,-0.58245,-0.6559
0.25,0.41205,0.4109,0.2672,0.046187,-0.1829,-0.42647,-0.72281,-1.0197,-1.1901,-1.1443,-0.88199,-0.49621,-0.13997,0.06949,0.13418,0.14288,0.18494,0.2872,0.39851,0.4237,0.29068,0.0094159,-0.32005,-0.56412,-0.64052,-0.56235,-0.40844,-0.2715,-0.21117,-0.23019,-0.29911,-0.38307,-0.47118,-0.57071,-0.69656,-0.85396,-1.0249,-1.1673,-1.2293,-1.188,-1.0773,-0.95405,-0.86678,-0.83584,-0.8549,-0.91708,-1.0099,-1.1138,-1.204,-1.2539,-1.253,-1.2109,-1.1487,-1.0877,-1.0444,-1.0303,-1.0503,-1.0966,-1.1423,-1.1447,-1.0572,-0.85172,-0.5345,-0.14565,0.25712,0.6205,0.90085,1.0726,1.1229,1.0502,0.86543,0.59491,0.27991,-0.029359,-0.28375,-0.46715,-0.57542,-0.62394,-0.63419
0.16219,0.31189,0.30702,0.16762,-0.041546,-0.25431,-0.47671,-0.74098,-0.99392,-1.1166,-1.0355,-0.75833,-0.37397,-0.024893,0.18058,0.2482,0.26528,0.31646,0.42463,0.53786,0.56229,0.42759,0.14418,-0.19059,-0.4497,-0.55359,-0.51719,-0.418,-0.34923,-0.3655,-0.45389,-0.5664,-0.65531,-0.70948,-0.74413,-0.78936,-0.8616,-0.95853,-1.0466,-1.0859,-1.054,-0.97034,-0.87896,-0.81734,-0.80297,-0.83885,-0.91837,-1.0298,-1.1494,-1.2386,-1.2666,-1.2256,-1.1357,-1.0297,-0.9403,-0.89036,-0.89216,-0.94442,-1.0285,-1.1105,-1.1369,-1.0654,-0.87465,-0.5743,-0.20113,0.1932,0.55534,0.84146,1.02,1.0688,0.97912,0.76207,0.45309,0.11021,-0.20034,-0.43236,-0.56175,-0.61042,-0.61015,-0.58781
0.043743,0.17367,0.16118,0.026358,-0.16449,-0.35057,-0.53979,-0.75833,-0.94919,-1.0099,-0.88544,-0.59281,-0.21573,0.11801,0.31423,0.38287,0.40867,0.46962,0.58211,0.69224,0.7096,0.56775,0.27686,-0.069483,-0.34749,-0.48086,-0.48571,-0.44905,-0.46854,-0.59367,-0.79384,-0.98211,-1.087,-1.0927,-1.0359,-0.96606,-0.9224,-0.91578,-0.92964,-0.93172,-0.90074,-0.84026,-0.77813,-0.7425,-0.74998,-0.809,-0.91748,-1.0609,-1.2054,-1.3013,-1.309,-1.2246,-1.0796,-0.91987,-0.7861,-0.70772,-0.69977,-0.76002,-0.86567,-0.97304,-1.0328,-1.0008,-0.85548,-0.60436,-0.27913,0.075608,0.41387,0.69064,0.86693,0.9141,0.81884,0.59085,0.26945,-0.077178,-0.36922,-0.54881,-0.61173,-0.58986,-0.52849,-0.46218
-0.04437,0.067644,0.047249,-0.084428,-0.26096,-0.42414,-0.58493,-0.76618,-0.91042,-0.92713,-0.77421,-0.47319,-0.10468,0.21434,0.40087,0.46855,0.49941,0.5654,0.67782,0.78196,0.79031,0.63922,0.33897,-0.018082,-0.30973,-0.46214,-0.49397,-0.49859,-0.57914,-0.7828,-1.0684,-1.3215,-1.4461,-1.4209,-1.2967,-1.1403,-1.008,-0.92075,-0.87495,-0.84285,-0.80255,-0.75071,-0.70295,-0.68195,-0.7041,-0.77716,-0.90405,-1.0702,-1.2362,-1.3462,-1.351,-1.2452,-1.0659,-0.86754,-0.69596,-0.58624,-0.55639,-0.60434,-0.70515,-0.81688,-0.88874,-0.88306,-0.7843,-0.59785,-0.34267,-0.046068,0.2565,0.52251,0.70686,0.76907,0.68673,0.46795,0.15868,-0.16243,-0.41052,-0.53743,-0.54471,-0.48104,-0.3948,-0.31656
-0.15922,-0.074721,-0.1082,-0.23839,-0.39531,-0.52457,-0.64478,-0.77325,-0.8568,-0.82023,-0.63509,-0.32775,0.026677,0.32379,0.49502,0.55949,0.59432,0.66222,0.769,0.86068,0.85345,0.68642,0.37043,-0.0042219,-0.31691,-0.49542,-0.56047,-0.60964,-0.75336,-1.0461,-1.4342,-1.7782,-1.9418,-1.8908,-1.6847,-1.4214,-1.1733,-0.97897,-0.84095,-0.74525,-0.67538,-0.62382,-0.5945,-0.59424,-0.63141,-0.71882,-0.86136,-1.0502,-1.2472,-1.3826,-1.3987,-1.2836,-1.0761,-0.83335,-0.61177,-0.44803,-0.36474,-0.36667,-0.43695,-0.53962,-0.62909,-0.67336,-0.65595,-0.57441,-0.43171,-0.23338,0.0073856,0.25085,0.4469,0.54453,0.51241,0.35389,0.11359,-0.13073,-0.2988,-0.35117,-0.30617,-0.2122,-0.1159,-0.044261
-0.27021,-0.21661,-0.26697,-0.39786,-0.53529,-0.63012,-0.70578,-0.7813,-0.80859,-0.72709,-0.51853,-0.2105,0.12745,0.40234,0.55814,0.61798,0.65334,0.71866,0.81526,0.88989,0.86309,0.67782,0.34423,-0.052343,-0.39219,-0.59824,-0.6871,-0.75923,-0.93889,-1.2946,-1.7733,-2.2092,-2.4236,-2.3556,-2.0781,-1.7148,-1.3599,-1.0642,-0.83931,-0.68044,-0.57496,-0.51073,-0.47991,-0.48115,-0.52208,-0.61474,-0.77039,-0.98205,-1.2085,-1.3805,-1.426,-1.3213,-1.0989,-0.82049,-0.5429,-0.31456,-0.16836,-0.11738,-0.15061,-0.23724,-0.34368,-0.44103,-0.51624,-0.56037,-0.55523,-0.47392,-0.30442,-0.06982,0.16785,0.33776,0.39431,0.33649,0.20846,0.080744,0.014445,0.028833,0.099192,0.18339,0.25052,0.28748
-0.34993,-0.32171,-0.38666,-0.51991,-0.64405,-0.71233,-0.75403,-0.79123,-0.78063,-0.67165,-0.45172,-0.14748,0.17631,0.43477,0.57913,0.63505,0.66983,0.73179,0.81876,0.87875,0.83609,0.63592,0.28676,-0.12866,-0.49145,-0.71733,-0.81543,-0.88948,-1.0749,-1.4542,-1.9831,-2.4787,-2.734,-2.6612,-2.342,-1.9138,-1.4901,-1.1272,-0.84551,-0.64245,-0.50818,-0.42903,-0.392,-0.39077,-0.43006,-0.52146,-0.679,-0.89884,-1.1421,-1.3396,-1.4117,-1.3238,-1.1018,-0.80451,-0.49417,-0.22378,-0.030245,0.066996,0.068959,-0.0066643,-0.12727,-0.2735,-0.42921,-0.57532,-0.67743,-0.68673,-0.56579,-0.33102,-0.049014,0.19736,0.35121,0.40208,0.38355,0.35227,0.35509,0.40352,0.47395,0.53773,0.57391,0.57499
-0.45094,-0.4587,-0.54481,-0.68319,-0.79117,-0.82552,-0.82354,-0.81291,-0.75998,-0.62358,-0.39661,-0.10368,0.1983,0.43428,0.56357,0.61464,0.64903,0.70675,0.78124,0.82242,0.7592,0.53859,0.16669,-0.27675,-0.67037,-0.91891,-1.0215,-1.0812,-1.2467,-1.619,-2.1669,-2.7086,-3.0094,-2.9521,-2.6064,-2.123,-1.629,-1.1921,-0.84311,-0.58625,-0.41785,-0.32139,-0.27948,-0.27685,-0.31022,-0.39348,-0.54009,-0.752,-1.0013,-1.2178,-1.3266,-1.2798,-1.0813,-0.77616,-0.42773,-0.096845,0.16139,0.31102,0.34298,0.2723,0.11906,-0.094275,-0.35315,-0.63478,-0.88631,-1.0203,-0.95802,-0.692,-0.30778,0.078105,0.3845,0.58899,0.71575,0.80653,0.89021,0.96769,1.0239,1.0429,1.0198,0.95984
-0.5456,-0.59034,-0.69868,-0.84323,-0.93713,-0.93992,-0.8986,-0.84807,-0.76264,-0.61041,-0.38572,-0.111,0.16363,0.3748,0.48964,0.53739,0.57377,0.6304,0.69554,0.72024,0.63799,0.39825,0.0048916,-0.46496,-0.88601,-1.1494,-1.2419,-1.2648,-1.3795,-1.7032,-2.2211,-2.7657,-3.0955,-3.072,-2.7361,-2.2356,-1.6989,-1.2091,-0.80735,-0.51404,-0.3267,-0.22799,-0.18583,-0.17721,-0.19982,-0.26405,-0.39143,-0.58752,-0.82674,-1.0537,-1.1887,-1.1753,-1.0036,-0.70519,-0.33893,0.028566,0.33432,0.53023,0.59263,0.5221,0.33678,0.051759,-0.3156,-0.73303,-1.1272,-1.3732,-1.3449,-1.0202,-0.51153,0.028428,0.49587,0.8558,1.1198,1.314,1.4542,1.5409,1.5697,1.5376,1.4541,1.3348
-0.61255,-0.68479,-0.8087,-0.95845,-1.0431,-1.0246,-0.95747,-0.88303,-0.78174,-0.62504,-0.40875,-0.15301,0.097255,0.28733,0.39237,0.44127,0.48323,0.54225,0.60225,0.61519,0.51896,0.26612,-0.14031,-0.62556,-1.0604,-1.3265,-1.3984,-1.3779,-1.4361,-1.7027,-2.1787,-2.7044,-3.0443,-3.0466,-2.7342,-2.2405,-1.6937,-1.1838,-0.75894,-0.44859,-0.25498,-0.15893,-0.12478,-0.12172,-0.14083,-0.19177,-0.2951,-0.46244,-0.67891,-0.89861,-1.0485,-1.0643,-0.91966,-0.63517,-0.26102,0.12843,0.46016,0.67743,0.75088,0.67805,0.46877,0.13929,-0.29508,-0.80102,-1.2933,-1.6153,-1.6008,-1.2162,-0.60058,0.05875,0.63856,1.0957,1.4362,1.6812,1.8449,1.9299,1.9365,1.8732,1.7541,1.5965
-0.69641,-0.80351,-0.9455,-1.1012,-1.1751,-1.1321,-1.0379,-0.94171,-0.83067,-0.67807,-0.4818,-0.25984,-0.048443,0.11085,0.20497,0.26318,0.32133,0.38861,0.44246,0.43781,0.3209,0.05216,-0.36299,-0.85271,-1.2868,-1.5382,-1.5681,-1.4782,-1.4481,-1.6248,-2.0239,-2.5027,-2.843,-2.8813,-2.615,-2.149,-1.6116,-1.0965,-0.66736,-0.35548,-0.16786,-0.081326,-0.060144,-0.068985,-0.087522,-0.12427,-0.19362,-0.31328,-0.48739,-0.67961,-0.83429,-0.88296,-0.77979,-0.52285,-0.15835,0.2424,0.598,0.84107,0.93207,0.85935,0.63104,0.25733,-0.2469,-0.84345,-1.4306,-1.8169,-1.7993,-1.3349,-0.6044,0.17079,0.8563,1.4069,1.8248,2.1235,2.3108,2.3881,2.3674,2.2611,2.0927,1.8874
-0.75535,-0.88641,-1.0389,-1.1974,-1.2636,-1.2061,-1.0974,-0.99366,-0.88349,-0.7421,-0.56763,-0.37721,-0.19995,-0.06478,0.024285,0.096093,0.17313,0.25016,0.29861,0.2775,0.14257,-0.13673,-0.55022,-1.0262,-1.4377,-1.6571,-1.6448,-1.501,-1.4089,-1.52,-1.8554,-2.2904,-2.6196,-2.6847,-2.4609,-2.0318,-1.5142,-1.006,-0.58068,-0.2775,-0.10418,-0.03739,-0.031764,-0.046558,-0.062723,-0.082366,-0.12821,-0.22085,-0.36468,-0.54004,-0.68943,-0.74688,-0.66374,-0.42902,-0.07767,0.31986,0.68169,0.93581,1.0367,0.96834,0.73544,0.34771,-0.17868,-0.80306,-1.4191,-1.8249,-1.8001,-1.3063,-0.53086,0.29642,1.0347,1.6322,2.0843,2.4008,2.5899,2.6598,2.6179,2.4874,2.2946,2.0654
-0.8286,-0.98734,-1.1498,-1.3082,-1.3657,-1.2926,-1.1718,-1.0685,-0.97127,-0.85576,-0.72053,-0.57947,-0.45269,-0.35097,-0.26228,-0.16331,-0.053861,0.04007,0.081129,0.033809,-0.12977,-0.42236,-0.82303,-1.2572,-1.6047,-1.7474,-1.6585,-1.4414,-1.2793,-1.3194,-1.5871,-1.9712,-2.2853,-2.3798,-2.2118,-1.8388,-1.3595,-0.87366,-0.45961,-0.169,-0.015658,0.023635,-0.0010446,-0.037878,-0.058851,-0.063313,-0.074667,-0.12304,-0.22569,-0.37356,-0.51904,-0.59366,-0.53749,-0.32889,0.0064655,0.39907,0.76295,1.023,1.1329,1.0762,0.85582,0.48213,-0.029545,-0.6386,-1.2384,-1.6292,-1.5979,-1.1036,-0.32753,0.5052,1.2556,1.871,2.3429,2.6746,2.8683,2.9278,2.8684,2.7124,2.4906,2.2332
-0.89549,-1.0764,-1.2432,-1.3984,-1.4478,-1.3624,-1.2372,-1.1447,-1.0739,-0.99701,-0.91145,-0.82793,-0.75572,-0.6864,-0.59116,-0.45518,-0.3047,-0.18902,-0.1545,-0.23172,-0.43141,-0.74138,-1.1194,-1.4851,-1.7278,-1.7561,-1.5686,-1.2811,-1.0681,-1.0634,-1.2893,-1.6397,-1.9464,-2.0664,-1.9485,-1.6281,-1.1921,-0.73726,-0.34781,-0.078481,0.053454,0.071107,0.024217,-0.032266,-0.061723,-0.061512,-0.051596,-0.068109,-0.14168,-0.26675,-0.40582,-0.48909,-0.45009,-0.25902,0.058762,0.43899,0.79777,1.061,1.1821,1.1447,0.95256,0.61721,0.15807,-0.38279,-0.9087,-1.2493,-1.2224,-0.78752,-0.080897,0.70394,1.4314,2.0389,2.5078,2.8354,3.0227,3.0741,3.0019,2.8339,2.6013,2.3336
-0.94091,-1.1351,-1.3022,-1.4523,-1.4957,-1.4042,-1.2787,-1.2,-1.1568,-1.1169,-1.0748,-1.039,-1.0092,-0.9615,-0.85518,-0.68495,-0.4984,-0.36336,-0.33393,-0.43753,-0.67083,-0.99827,-1.354,-1.6495,-1.7869,-1.7085,-1.4413,-1.109,-0.8712,-0.84922,-1.0565,-1.3931,-1.6997,-1.8398,-1.7564,-1.4757,-1.0742,-0.64538,-0.27621,-0.024143,0.091614,0.094251,0.036462,-0.025927,-0.057904,-0.054947,-0.042587,-0.05626,-0.12255,-0.24434,-0.37831,-0.45759,-0.41864,-0.23344,0.078133,0.44957,0.79909,1.0564,1.18,1.1576,0.99408,0.70365,0.30467,-0.16472,-0.61943,-0.91414,-0.89655,-0.52044,0.10819,0.82583,1.5087,2.0933,2.5543,2.8814,3.0688,3.117,3.0417,2.8676,2.6272,2.352
-0.99448,-1.2028,-1.3669,-1.5098,-1.5454,-1.4472,-1.3233,-1.2671,-1.2683,-1.2871,-1.3108,-1.3426,-1.3691,-1.3422,-1.2099,-0.98482,-0.74638,-0.58554,-0.56604,-0.71167,-0.99835,-1.3527,-1.6693,-1.845,-1.8141,-1.577,-1.2057,-0.82474,-0.57247,-0.54651,-0.74955,-1.0839,-1.3994,-1.565,-1.5229,-1.2904,-0.93522,-0.5454,-0.20292,0.030759,0.1329,0.12267,0.051066,-0.024467,-0.066376,-0.069718,-0.057736,-0.068979,-0.13556,-0.25816,-0.395,-0.47552,-0.43481,-0.24593,0.06239,0.42418,0.76138,1.0101,1.1353,1.1301,1.006,0.77817,0.46464,0.097195,-0.25913,-0.49654,-0.49685,-0.21291,0.29836,0.91795,1.5369,2.0863,2.5302,2.8497,3.0343,3.0822,3.0065,2.8335,2.5957,2.3242
-1.0293,-1.2461,-1.4072,-1.5453,-1.5763,-1.4734,-1.3507,-1.3126,-1.3512,-1.4187,-1.4954,-1.5784,-1.6425,-1.6226,-1.4624,-1.1917,-0.91542,-0.73885,-0.73005,-0.90924,-1.2375,-1.6113,-1.8907,-1.9626,-1.797,-1.4413,-0.99658,-0.58578,-0.33292,-0.31576,-0.52837,-0.8701,-1.195,-1.3781,-1.3641,-1.1657,-0.84561,-0.48694,-0.16767,0.050931,0.14623,0.13263,0.057694,-0.024018,-0.07533,-0.089736,-0.0855,-0.10224,-0.17649,-0.305,-0.4499,-0.53438,-0.48857,-0.29136,0.023441,0.38494,0.71377,0.9509,1.0694,1.0724,0.97206,0.78769,0.53593,0.24103,-0.047906,-0.24736,-0.26271,-0.040375,0.38739,0.93075,1.496,2.0159,2.4485,2.7668,2.9535,3.0042,2.9312,2.7603,2.5254,2.2589
-1.0678,-1.2944,-1.4537,-1.5886,-1.6156,-1.5067,-1.3845,-1.3686,-1.4577,-1.593,-1.7414,-1.8877,-1.991,-1.9667,-1.7609,-1.4319,-1.1133,-0.92112,-0.92543,-1.143,-1.5182,-1.9087,-2.1291,-2.0624,-1.7291,-1.2343,-0.70568,-0.26328,-0.012482,-0.01369,-0.24584,-0.60518,-0.94653,-1.1541,-1.1748,-1.0223,-0.75147,-0.43546,-0.15193,0.045516,0.13191,0.12269,0.05762,-0.01905,-0.078118,-0.11087,-0.13887,-0.1916,-0.28981,-0.43631,-0.57771,-0.64379,-0.57719,-0.36336,-0.043357,0.30812,0.61671,0.83154,0.93585,0.93968,0.86717,0.73568,0.55672,0.34429,0.12963,-0.029713,-0.061075,0.08818,0.41592,0.86898,1.3733,1.8612,2.2814,2.5976,2.7867,2.8421,2.7748,2.6123,2.3888,2.136
-1.0964,-1.3334,-1.4958,-1.6344,-1.6614,-1.5454,-1.4178,-1.4195,-1.557,-1.7587,-1.9741,-2.173,-2.2973,-2.2522,-1.9985,-1.624,-1.2769,-1.074,-1.0837,-1.3217,-1.7219,-2.1103,-2.2651,-2.0743,-1.6037,-1.0042,-0.4156,0.04636,0.29131,0.27015,0.013478,-0.36965,-0.73644,-0.97237,-1.0271,-0.91414,-0.68506,-0.4094,-0.15444,0.028079,0.11274,0.10707,0.039538,-0.050149,-0.12897,-0.18751,-0.23407,-0.29858,-0.41113,-0.56368,-0.71363,-0.78266,-0.7056,-0.47471,-0.14094,0.21195,0.50476,0.69209,0.76966,0.76285,0.70028,0.6052,0.48444,0.33994,0.18525,0.057709,0.015709,0.10966,0.36161,0.74514,1.2017,1.6653,2.0778,2.3947,2.5874,2.6466,2.5847,2.4304,2.2182,1.9795
-1.1106,-1.3566,-1.5275,-1.6744,-1.7038,-1.5808,-1.4447,-1.4548,-1.6254,-1.8734,-2.1333,-2.362,-2.4883,-2.4187,-2.132,-1.7356,-1.3775,-1.1694,-1.1771,-1.4147,-1.8111,-2.1792,-2.2825,-2.015,-1.4706,-0.81976,-0.20589,0.26064,0.49546,0.45849,0.18239,-0.21979,-0.60554,-0.86096,-0.93972,-0.85298,-0.65259,-0.40411,-0.16929,0.0017969,0.084093,0.078424,0.0095601,-0.086456,-0.17919,-0.25493,-0.32,-0.40048,-0.5215,-0.67757,-0.82392,-0.88353,-0.7948,-0.55391,-0.21792,0.12786,0.40565,0.57352,0.63202,0.61255,0.55089,0.47096,0.37944,0.27446,0.16046,0.060598,0.01856,0.087211,0.29452,0.6337,1.0615,1.5145,1.9275,2.2476,2.4414,2.5007,2.4379,2.2844,2.077,1.8478
-1.119,-1.3806,-1.5717,-1.7385,-1.7748,-1.6385,-1.4828,-1.4965,-1.7059,-2.0103,-2.3207,-2.573,-2.6848,-2.5734,-2.251,-1.8424,-1.4858,-1.2776,-1.2751,-1.4884,-1.8437,-2.1521,-2.1832,-1.8466,-1.2519,-0.57402,0.046245,0.50594,0.72627,0.67066,0.37389,-0.052261,-0.46385,-0.74799,-0.85662,-0.80335,-0.63693,-0.41895,-0.20724,-0.049158,0.029624,0.024248,-0.045053,-0.14951,-0.26326,-0.36725,-0.46405,-0.56761,-0.69209,-0.83906,-0.96253,-0.99677,-0.89058,-0.64417,-0.31049,0.021009,0.27447,0.41186,0.44043,0.39837,0.33105,0.26682,0.20934,0.14821,0.076334,0.0051896,-0.029643,0.019344,0.19522,0.50488,0.91266,1.3548,1.7625,2.079,2.2694,2.3213,2.2552,2.1025,1.8998,1.6785
-1.1139,-1.3963,-1.6184,-1.8152,-1.8622,-1.7065,-1.5209,-1.5304,-1.7724,-2.1267,-2.4755,-2.734,-2.8134,-2.656,-2.311,-1.9114,-1.5751,-1.3747,-1.3528,-1.5143,-1.7891,-2.0061,-1.9657,-1.5995,-1.006,-0.34385,0.25719,0.69928,0.90542,0.83348,0.51722,0.066224,-0.37501,-0.68769,-0.82203,-0.79299,-0.65102,-0.45489,-0.2579,-0.1036,-0.023542,-0.027147,-0.10737,-0.23938,-0.38795,-0.5286,-0.64455,-0.74312,-0.84793,-0.96049,-1.0581,-1.0817,-0.97552,-0.73048,-0.40457,-0.081455,0.15834,0.27382,0.27429,0.20759,0.12505,0.063307,0.028645,0.0062458,-0.020937,-0.054222,-0.070765,-0.022812,0.13492,0.42292,0.81786,1.2582,1.668,1.9819,2.1605,2.197,2.1113,1.9414,1.73,1.5116
-1.1006,-1.4012,-1.6532,-1.8783,-1.9339,-1.7596,-1.5468,-1.5487,-1.8115,-2.1983,-2.568,-2.82,-2.8681,-2.6786,-2.3289,-1.9512,-1.6409,-1.4487,-1.4052,-1.5128,-1.7095,-1.8478,-1.7602,-1.3896,-0.81978,-0.18737,0.38847,0.81072,1.0007,0.91446,0.58204,0.11356,-0.34642,-0.67634,-0.82736,-0.81141,-0.68033,-0.49035,-0.29544,-0.1406,-0.059394,-0.069989,-0.16476,-0.31713,-0.49249,-0.65274,-0.78063,-0.87978,-0.96599,-1.0564,-1.1282,-1.1294,-1.0103,-0.766,-0.44381,-0.132,0.091037,0.18749,0.17008,0.087076,-0.0023968,-0.060784,-0.081109,-0.079791,-0.078995,-0.087637,-0.085731,-0.036714,0.11551,0.40059,0.79814,1.2417,1.649,1.9527,2.1157,2.1336,2.0311,1.8507,1.6346,1.4143
-1.0684,-1.3967,-1.6938,-1.9612,-2.0288,-1.8246,-1.5711,-1.5614,-1.8474,-2.2711,-2.6589,-2.8919,-2.8944,-2.6727,-2.3359,-2.0055,-1.7398,-1.5585,-1.4771,-1.498,-1.5776,-1.6093,-1.4704,-1.1123,-0.59218,-0.01465,0.51481,0.90191,1.0646,0.95806,0.6086,0.12175,-0.35705,-0.70878,-0.87765,-0.87503,-0.74685,-0.55231,-0.34659,-0.1816,-0.096608,-0.11436,-0.23095,-0.41851,-0.63441,-0.83201,-0.97848,-1.0676,-1.1207,-1.1606,-1.1846,-1.1559,-1.0283,-0.78639,-0.47299,-0.16863,0.046995,0.13179,0.096378,-0.0057471,-0.11361,-0.18053,-0.19406,-0.16989,-0.13455,-0.10544,-0.076736,-0.0080612,0.14908,0.42961,0.82157,1.2626,1.6678,1.9638,2.1097,2.1024,1.972,1.7642,1.5268,1.2962
-1.0325,-1.3825,-1.7153,-2.0154,-2.0904,-1.8615,-1.578,-1.5596,-1.8618,-2.3089,-2.7055,-2.9195,-2.8886,-2.653,-2.34,-2.056,-1.8297,-1.6571,-1.5424,-1.4911,-1.4791,-1.4339,-1.264,-0.92466,-0.45154,0.075563,0.56347,0.92142,1.0642,0.94335,0.5815,0.080823,-0.41184,-0.77537,-0.94909,-0.9437,-0.80621,-0.59914,-0.38154,-0.20681,-0.11889,-0.1405,-0.27295,-0.48821,-0.73517,-0.95985,-1.1154,-1.1908,-1.2139,-1.2163,-1.2103,-1.1638,-1.0278,-0.78207,-0.4672,-0.16043,0.055767,0.13666,0.092143,-0.024965,-0.14608,-0.22247,-0.23877,-0.20953,-0.16231,-0.11758,-0.07168,0.0068694,0.17266,0.46255,0.86339,1.3087,1.7103,1.9945,2.1232,2.0969,1.9466,1.7237,1.4767,1.2405
-0.9671,-1.3447,-1.7238,-2.0646,-2.1451,-1.8825,-1.5636,-1.5378,-1.8611,-2.3354,-2.7384,-2.927,-2.86,-2.6207,-2.3542,-2.1441,-1.9786,-1.8197,-1.6568,-1.5055,-1.3734,-1.2329,-1.0303,-0.72512,-0.32291,0.12977,0.55974,0.87833,0.99718,0.85794,0.47687,-0.043288,-0.55465,-0.92385,-1.088,-1.057,-0.88804,-0.65157,-0.41176,-0.226,-0.13807,-0.17388,-0.33021,-0.57473,-0.85326,-1.0992,-1.2619,-1.3262,-1.3177,-1.2828,-1.2353,-1.1496,-0.98309,-0.71997,-0.39374,-0.083859,0.13068,0.20621,0.15044,0.014748,-0.13557,-0.24311,-0.28272,-0.26214,-0.20919,-0.1502,-0.088538,0.0082442,0.18991,0.4936,0.90569,1.3582,1.7611,2.0402,2.1568,2.1121,1.9419,1.6964,1.4281,1.1764
-0.88014,-1.2806,-1.6997,-2.0726,-2.1515,-1.8591,-1.5148,-1.4901,-1.835,-2.3321,-2.7377,-2.9043,-2.816,-2.5913,-2.3858,-2.2589,-2.1603,-2.018,-1.8073,-1.5576,-1.3129,-1.0899,-0.86592,-0.60113,-0.27215,0.10518,0.47473,0.7515,0.84154,0.6804,0.28142,-0.25168,-0.76553,-1.1218,-1.258,-1.1866,-0.97478,-0.69943,-0.43375,-0.2372,-0.15323,-0.2043,-0.38258,-0.65164,-0.95101,-1.2107,-1.3716,-1.4159,-1.377,-1.3031,-1.2185,-1.1002,-0.90482,-0.61562,-0.27195,0.049255,0.26893,0.34294,0.2769,0.11628,-0.070014,-0.2252,-0.31679,-0.34202,-0.31986,-0.2727,-0.20442,-0.087644,0.12634,0.46686,0.90992,1.3803,1.7877,2.0618,2.1692,2.1143,1.9326,1.679,1.4062,1.1518
-0.80029,-1.2125,-1.6549,-2.0431,-2.1166,-1.8068,-1.4536,-1.4364,-1.7987,-2.3099,-2.7151,-2.8691,-2.7761,-2.5746,-2.4232,-2.3623,-2.3153,-2.1865,-1.9416,-1.6223,-1.3019,-1.0288,-0.79803,-0.56618,-0.29118,0.031694,0.35709,0.60085,0.66638,0.48647,0.07577,-0.46024,-0.96373,-1.2977,-1.3994,-1.2914,-1.0428,-0.73659,-0.45141,-0.24805,-0.17166,-0.23518,-0.42812,-0.70942,-1.0143,-1.2717,-1.4224,-1.4503,-1.3901,-1.2949,-1.1873,-1.0426,-0.81902,-0.50696,-0.14462,0.18729,0.40959,0.47826,0.39781,0.21359,-0.01307,-0.22001,-0.36801,-0.4453,-0.4625,-0.43639,-0.36837,-0.23158,0.01418,0.3882,0.8586,1.3482,1.7687,2.0519,2.1645,2.1111,1.9299,1.6724,1.3929,1.1329
-0.67433,-1.0933,-1.5533,-1.9494,-2.0119,-1.6898,-1.3408,-1.3432,-1.7293,-2.2542,-2.6551,-2.7969,-2.711,-2.5561,-2.4849,-2.514,-2.5357,-2.4245,-2.1362,-1.7329,-1.3277,-1.0054,-0.77838,-0.59576,-0.39158,-0.13824,0.1298,0.32931,0.35869,0.15072,-0.27617,-0.8099,-1.284,-1.5652,-1.6003,-1.4255,-1.1201,-0.77551,-0.4729,-0.27389,-0.21524,-0.30454,-0.51855,-0.80812,-1.1068,-1.343,-1.4645,-1.4623,-1.3758,-1.2518,-1.1096,-0.92544,-0.66426,-0.31867,0.058314,0.39288,0.61122,0.67047,0.57074,0.34819,0.063999,-0.22577,-0.4749,-0.65613,-0.76058,-0.78753,-0.72813,-0.55829,-0.24847,0.198,0.72776,1.2547,1.6941,1.9872,2.1087,2.0666,1.8958,1.6504,1.3822,1.13
-0.52572,-0.93953,-1.4015,-1.7917,-1.8432,-1.5248,-1.1994,-1.231,-1.6394,-2.171,-2.5621,-2.6952,-2.6278,-2.5303,-2.545,-2.6639,-2.7516,-2.6585,-2.3337,-1.8615,-1.393,-1.0427,-0.83273,-0.70312,-0.56936,-0.38358,-0.16959,-0.012291,-0.019792,-0.25681,-0.70198,-1.2251,-1.6523,-1.8517,-1.797,-1.5408,-1.1819,-0.81397,-0.51279,-0.33247,-0.30028,-0.41579,-0.6475,-0.93858,-1.218,-1.4174,-1.4926,-1.4482,-1.3275,-1.1789,-1.0107,-0.79148,-0.4885,-0.11306,0.28644,0.62417,0.82735,0.85835,0.7213,0.45426,0.10191,-0.27861,-0.64068,-0.94564,-1.1624,-1.2641,-1.2181,-1.0061,-0.61918,-0.089722,0.50771,1.0815,1.5524,1.869,2.0114,1.9922,1.8436,1.6168,1.3631,1.1213
-0.4,-0.8019,-1.256,-1.6351,-1.6811,-1.3773,-1.081,-1.1394,-1.5624,-2.0933,-2.4732,-2.6001,-2.5492,-2.4971,-2.5752,-2.7591,-2.895,-2.8173,-2.472,-1.9606,-1.4594,-1.1006,-0.9111,-0.82477,-0.74517,-0.61017,-0.43547,-0.30866,-0.33954,-0.59642,-1.0477,-1.5512,-1.9266,-2.0514,-1.9207,-1.6098,-1.2231,-0.85014,-0.56321,-0.40664,-0.40108,-0.53662,-0.77548,-1.0585,-1.3151,-1.4807,-1.5205,-1.4427,-1.2926,-1.1142,-0.91371,-0.66391,-0.33875,0.051826,0.44776,0.77367,0.96159,0.97497,0.81547,0.5145,0.1178,-0.32956,-0.78385,-1.1993,-1.5226,-1.6945,-1.6644,-1.4041,-0.9357,-0.3305,0.31622,0.91541,1.4009,1.7328,1.8964,1.8988,1.7782,1.5794,1.3488,1.1225
-0.215,-0.59114,-1.025,-1.3845,-1.4306,-1.162,-0.91712,-1.0154,-1.4536,-1.975,-2.3342,-2.4504,-2.42,-2.4246,-2.5803,-2.8425,-3.0372,-2.9821,-2.6208,-2.0754,-1.5509,-1.198,-1.048,-1.0276,-1.0194,-0.94644,-0.81885,-0.72794,-0.78872,-1.0705,-1.523,-1.9824,-2.2631,-2.2694,-2.0373,-1.6693,-1.2663,-0.90776,-0.65035,-0.53123,-0.56321,-0.72915,-0.98268,-1.2566,-1.4787,-1.59,-1.5687,-1.4366,-1.2419,-1.0254,-0.78594,-0.49672,-0.14024,0.26215,0.65244,0.9546,1.1078,1.0828,0.88504,0.54303,0.093674,-0.42688,-0.98256,-1.5243,-1.9776,-2.2444,-2.2316,-1.9214,-1.3701,-0.68715,0.015465,0.65123,1.1635,1.5209,1.7135,1.7545,1.6707,1.5064,1.3055,1.1024
-0.065264,-0.41554,-0.8285,-1.1729,-1.2268,-0.99534,-0.79595,-0.92634,-1.3721,-1.8813,-2.2198,-2.3243,-2.3046,-2.3434,-2.5469,-2.8574,-3.0894,-3.0527,-2.6914,-2.1384,-1.6143,-1.2808,-1.1706,-1.2022,-1.243,-1.2063,-1.1024,-1.0322,-1.1162,-1.4165,-1.866,-2.2792,-2.4691,-2.3759,-2.0739,-1.6779,-1.282,-0.95106,-0.72817,-0.64265,-0.70214,-0.88753,-1.1492,-1.4149,-1.6104,-1.6803,-1.61,-1.4318,-1.1985,-0.94986,-0.68466,-0.37614,-0.0094283,0.39117,0.76767,1.0486,1.1766,1.1249,0.90045,0.5341,0.056795,-0.50052,-1.1088,-1.7222,-2.2557,-2.5823,-2.5862,-2.2393,-1.6339,-0.9128,-0.19672,0.43859,0.95184,1.3217,1.5402,1.6128,1.567,1.4385,1.2666,1.0846
0.14597,-0.1633,-0.54445,-0.8721,-0.94774,-0.7775,-0.64634,-0.81883,-1.2702,-1.7555,-2.0603,-2.1425,-2.1267,-2.195,-2.4424,-2.7984,-3.0695,-3.0613,-2.7192,-2.184,-1.6863,-1.3955,-1.3454,-1.4434,-1.5414,-1.5399,-1.4535,-1.3973,-1.5005,-1.813,-2.2424,-2.5777,-2.6425,-2.4297,-2.0541,-1.6417,-1.2733,-0.99617,-0.83537,-0.80486,-0.90105,-1.0995,-1.3511,-1.5906,-1.7487,-1.7743,-1.655,-1.4245,-1.141,-0.8476,-0.54878,-0.22274,0.14301,0.52507,0.86889,1.1083,1.1925,1.1025,0.8512,0.46888,-0.015454,-0.58107,-1.209,-1.8579,-2.4367,-2.8017,-2.8164,-2.4682,-1.8669,-1.1636,-0.47202,0.1443,0.65316,1.0365,1.2849,1.403,1.4036,1.3209,1.1913,1.0453
0.36648,0.10274,-0.24632,-0.56403,-0.67427,-0.57585,-0.51716,-0.7308,-1.1832,-1.6394,-1.9039,-1.9554,-1.9286,-2.0061,-2.2744,-2.6535,-2.9487,-2.9704,-2.6663,-2.176,-1.7291,-1.4964,-1.5108,-1.6722,-1.8196,-1.8407,-1.7555,-1.6902,-1.7856,-2.0864,-2.4764,-2.728,-2.6825,-2.3766,-1.9581,-1.5522,-1.2299,-1.018,-0.92459,-0.94425,-1.0637,-1.2579,-1.4864,-1.6946,-1.8184,-1.807,-1.6479,-1.3757,-1.0524,-0.72905,-0.41381,-0.09064,0.25093,0.59295,0.88652,1.074,1.1126,0.98982,0.72371,0.34754,-0.11074,-0.63768,-1.2226,-1.8319,-2.3808,-2.7311,-2.761,-2.4529,-1.9187,-1.2997,-0.69328,-0.14492,0.32776,0.71208,0.99304,1.1583,1.2182,1.1911,1.1062,0.99267
0.53499,0.30667,-0.019525,-0.33653,-0.47923,-0.44047,-0.43721,-0.68047,-1.1311,-1.5631,-1.7951,-1.8177,-1.7742,-1.8465,-2.1163,-2.4994,-2.802,-2.8425,-2.5735,-2.1292,-1.7331,-1.5539,-1.6229,-1.8333,-2.0114,-2.037,-1.9353,-1.8461,-1.9182,-2.1939,-2.544,-2.7339,-2.6217,-2.2718,-1.8447,-1.4619,-1.1826,-1.0197,-0.96786,-1.0105,-1.1321,-1.3114,-1.5198,-1.7079,-1.8119,-1.7783,-1.5902,-1.2884,-0.94399,-0.6107,-0.3052,-0.0093971,0.29302,0.58916,0.83598,0.98103,0.98461,0.83897,0.56876,0.21312,-0.20235,-0.6671,-1.1786,-1.7132,-2.1986,-2.515,-2.5514,-2.307,-1.8712,-1.3582,-0.84323,-0.35866,0.081862,0.46233,0.76087,0.9631,1.0593,1.0701,1.0229,0.94445
0.75976,0.57935,0.27974,-0.044024,-0.23837,-0.28292,-0.35421,-0.63473,-1.0818,-1.4807,-1.6671,-1.6475,-1.5723,-1.6244,-1.8811,-2.2536,-2.5516,-2.6081,-2.3865,-2.0135,-1.698,-1.6015,-1.7514,-2.029,-2.24,-2.2546,-2.11,-1.9702,-1.992,-2.2137,-2.499,-2.6167,-2.4494,-2.0802,-1.6679,-1.326,-1.1,-0.99218,-0.98096,-1.04,-1.1486,-1.2937,-1.4586,-1.6077,-1.6845,-1.6327,-1.4332,-1.122,-0.77149,-0.44455,-0.16265,0.086201,0.31896,0.53186,0.69389,0.76285,0.71029,0.53922,0.28303,-0.018621,-0.34093,-0.68922,-1.0752,-1.4876,-1.87,-2.1282,-2.1854,-2.0314,-1.736,-1.3807,-1.0114,-0.63742,-0.2579,0.11247,0.44019,0.68982,0.84572,0.91223,0.911,0.8685
0.92573,0.7808,0.49771,0.16476,-0.073026,-0.18153,-0.30849,-0.61501,-1.0589,-1.4337,-1.5865,-1.5345,-1.4328,-1.4635,-1.7017,-2.0559,-2.3406,-2.4021,-2.2129,-1.8946,-1.6439,-1.614,-1.8266,-2.1528,-2.3844,-2.3849,-2.2025,-2.016,-1.9884,-2.1564,-2.386,-2.4614,-2.2787,-1.9195,-1.5304,-1.2193,-1.0258,-0.94854,-0.95536,-1.0137,-1.1,-1.2112,-1.3412,-1.4634,-1.5261,-1.467,-1.2656,-0.95621,-0.61076,-0.30088,-0.051316,0.14639,0.31042,0.44414,0.52848,0.53206,0.4362,0.25163,0.016879,-0.22719,-0.46363,-0.70801,-0.98368,-1.2921,-1.5942,-1.817,-1.8933,-1.8187,-1.6356,-1.3987,-1.1342,-0.83788,-0.50214,-0.14227,0.20116,0.48395,0.67719,0.78365,0.82177,0.81505
1.1403,1.0412,0.77679,0.4268,0.12754,-0.066321,-0.266,-0.60647,-1.0459,-1.3915,-1.5048,-1.4124,-1.2759,-1.2762,-1.4811,-1.7984,-2.053,-2.1097,-1.9535,-1.7012,-1.5348,-1.5945,-1.8926,-2.2869,-2.5475,-2.5281,-2.2918,-2.0359,-1.9318,-2.0193,-2.1777,-2.215,-2.0361,-1.7057,-1.3551,-1.0794,-0.91948,-0.8654,-0.87975,-0.91916,-0.96436,-1.0258,-1.1161,-1.2178,-1.2745,-1.2196,-1.0211,-0.71366,-0.37881,-0.093416,0.10398,0.21909,0.27536,0.2867,0.25088,0.15456,-0.0049042,-0.20196,-0.38959,-0.53229,-0.6328,-0.72981,-0.8642,-1.0497,-1.2608,-1.4438,-1.5517,-1.566,-1.514,-1.423,-1.2918,-1.0937,-0.80839,-0.45425,-0.086261,0.23492,0.47264,0.62291,0.70274,0.73595
1.3436,1.2886,1.0396,0.66871,0.30844,0.030671,-0.23939,-0.61261,-1.0488,-1.3714,-1.4526,-1.3276,-1.1613,-1.1304,-1.2983,-1.5694,-1.7796,-1.8148,-1.6764,-1.4784,-1.3877,-1.5326,-1.9175,-2.3855,-2.6825,-2.649,-2.3594,-2.0319,-1.847,-1.8512,-1.9429,-1.9543,-1.7954,-1.5103,-1.2052,-0.96408,-0.82179,-0.76741,-0.7617,-0.76633,-0.7714,-0.79772,-0.86464,-0.95639,-1.0146,-0.96904,-0.78374,-0.48892,-0.16776,0.093244,0.24719,0.28921,0.23929,0.12179,-0.048975,-0.2608,-0.48946,-0.69019,-0.81256,-0.83776,-0.79519,-0.74744,-0.75045,-0.82924,-0.97144,-1.1369,-1.2806,-1.3837,-1.4469,-1.4726,-1.4396,-1.307,-1.0498,-0.69342,-0.30608,0.039794,0.30762,0.48771,0.5974,0.66224
1.487,1.4637,1.2244,0.83723,0.43338,0.096088,-0.22397,-0.6219,-1.0587,-1.3687,-1.4326,-1.2891,-1.1046,-1.0524,-1.191,-1.4241,-1.5946,-1.6041,-1.4679,-1.3003,-1.2587,-1.462,-1.9079,-2.4304,-2.7612,-2.7282,-2.4076,-2.0287,-1.7822,-1.7237,-1.7685,-1.7663,-1.6278,-1.3813,-1.1109,-0.8924,-0.75432,-0.68765,-0.65559,-0.62927,-0.60851,-0.62047,-0.6847,-0.7815,-0.84958,-0.81216,-0.63184,-0.33975,-0.022824,0.22353,0.34508,0.33329,0.20893,0.00013422,-0.26463,-0.55576,-0.82925,-1.0251,-1.0927,-1.0277,-0.88833,-0.75039,-0.67577,-0.6931,-0.79642,-0.95404,-1.126,-1.2847,-1.417,-1.5071,-1.5203,-1.4112,-1.1608,-0.80401,-0.41461,-0.062261,0.20989,0.40177,0.53129,0.62172
1.6643,1.681,1.4535,1.0465,0.58963,0.18022,-0.20294,-0.63354,-1.0764,-1.3776,-1.4282,-1.2699,-1.0672,-0.99072,-1.0918,-1.2705,-1.3809,-1.3458,-1.1978,-1.0549,-1.0659,-1.3364,-1.8542,-2.4464,-2.8317,-2.8172,-2.4718,-2.0316,-1.7023,-1.5596,-1.5464,-1.5344,-1.4313,-1.2361,-1.0085,-0.80784,-0.66455,-0.57172,-0.50406,-0.4412,-0.39515,-0.39853,-0.47182,-0.58913,-0.67872,-0.65831,-0.48424,-0.19103,0.12482,0.36196,0.45569,0.39207,0.1904,-0.11572,-0.48699,-0.87025,-1.1929,-1.3735,-1.365,-1.1957,-0.94882,-0.71938,-0.57294,-0.53832,-0.61258,-0.76963,-0.97425,-1.1888,-1.3838,-1.526,-1.5689,-1.4655,-1.206,-0.8392,-0.44859,-0.10834,0.15527,0.33961,0.46737,0.56681
1.8228,1.8781,1.6625,1.2395,0.73793,0.2664,-0.17341,-0.6383,-1.0944,-1.3979,-1.4465,-1.2837,-1.071,-0.97442,-1.0391,-1.163,-1.2085,-1.1187,-0.94504,-0.81067,-0.85612,-1.1765,-1.7538,-2.4116,-2.8582,-2.8777,-2.5225,-2.0323,-1.6254,-1.4023,-1.3331,-1.314,-1.2511,-1.1137,-0.93006,-0.74464,-0.58682,-0.46006,-0.35287,-0.26034,-0.20303,-0.21277,-0.30401,-0.44428,-0.5559,-0.55237,-0.38851,-0.098749,0.21833,0.45253,0.53525,0.44635,0.20153,-0.16434,-0.5991,-1.0317,-1.3685,-1.5209,-1.4571,-1.2264,-0.93062,-0.66021,-0.47693,-0.41102,-0.46632,-0.6247,-0.85073,-1.1056,-1.3407,-1.5013,-1.5293,-1.3898,-1.1012,-0.73408,-0.37117,-0.067828,0.15318,0.30905,0.4268,0.53239
1.9281,2.0117,1.8057,1.3735,0.84553,0.33492,-0.14246,-0.6339,-1.1051,-1.4168,-1.4706,-1.3104,-1.0942,-0.98423,-1.0221,-1.1054,-1.1029,-0.97074,-0.7724,-0.63492,-0.6943,-1.0392,-1.6491,-2.348,-2.8401,-2.8926,-2.5399,-2.0201,-1.5643,-1.2873,-1.1811,-1.1578,-1.1225,-1.0277,-0.87855,-0.70693,-0.53862,-0.38743,-0.25071,-0.13973,-0.078424,-0.10011,-0.2099,-0.36799,-0.49481,-0.50068,-0.34085,-0.050997,0.26717,0.50353,0.58431,0.48733,0.22831,-0.15374,-0.60391,-1.0404,-1.363,-1.4876,-1.3974,-1.1547,-0.85658,-0.5888,-0.40635,-0.33702,-0.38698,-0.54312,-0.7766,-1.0403,-1.2792,-1.4294,-1.4319,-1.262,-0.95372,-0.58714,-0.24579,0.017438,0.20033,0.32023,0.40983,0.50002
2.0496,2.1695,1.9773,1.5386,0.98405,0.43264,-0.088288,-0.61572,-1.1126,-1.4424,-1.5097,-1.3574,-1.1402,-1.0139,-1.0165,-1.0487,-0.98727,-0.80244,-0.56961,-0.41944,-0.48376,-0.84449,-1.4793,-2.2181,-2.7662,-2.87,-2.5336,-1.9833,-1.4674,-1.1262,-0.97908,-0.95637,-0.95758,-0.91566,-0.81065,-0.65984,-0.48853,-0.31606,-0.1561,-0.027385,0.037919,0.010733,-0.11132,-0.2835,-0.42178,-0.43668,-0.28389,0.00047975,0.31599,0.55099,0.63253,0.53878,0.28645,-0.083983,-0.50946,-0.90744,-1.1846,-1.2753,-1.1811,-0.96625,-0.70937,-0.47798,-0.31762,-0.25551,-0.3028,-0.45315,-0.6791,-0.9377,-1.1624,-1.2791,-1.2302,-1.0097,-0.67667,-0.32402,-0.030201,0.17047,0.28292,0.34233,0.38976,0.45784
2.1258,2.2718,2.091,1.6515,1.0838,0.51022,-0.038536,-0.5919,-1.1107,-1.4582,-1.5385,-1.3938,-1.1768,-1.0391,-1.0168,-1.013,-0.91204,-0.69247,-0.43548,-0.2728,-0.3338,-0.69704,-1.3393,-2.0966,-2.6787,-2.8214,-2.5015,-1.9339,-1.3764,-0.99412,-0.82399,-0.80656,-0.83921,-0.83812,-0.76837,-0.63575,-0.46768,-0.28634,-0.11671,0.020362,0.088889,0.063207,-0.057942,-0.22935,-0.3651,-0.38146,-0.23411,0.043245,0.35159,0.5836,0.66681,0.57984,0.34164,-0.0028631,-0.38952,-0.73582,-0.96165,-1.0249,-0.94281,-0.77005,-0.57203,-0.39394,-0.26864,-0.22045,-0.26458,-0.4014,-0.61026,-0.84652,-1.0418,-1.1207,-1.0323,-0.78466,-0.4474,-0.11422,0.14225,0.29321,0.35487,0.36872,0.37983,0.42206
2.2065,2.3869,2.2225,1.7857,1.2091,0.61605,0.038873,-0.5479,-1.0969,-1.4696,-1.5689,-1.4338,-1.2138,-1.0596,-1.0072,-0.96196,-0.81757,-0.56134,-0.27833,-0.099787,-0.15191,-0.5096,-1.1493,-1.9142,-2.5257,-2.7117,-2.4151,-1.8349,-1.2384,-0.8149,-0.62404,-0.6159,-0.69028,-0.74679,-0.73088,-0.63342,-0.47623,-0.29162,-0.10823,0.038363,0.1133,0.089518,-0.024388,-0.178,-0.29318,-0.29006,-0.13654,0.13075,0.42212,0.63773,0.71414,0.63612,0.42607,0.13055,-0.18699,-0.45713,-0.62254,-0.66521,-0.6117,-0.50951,-0.39478,-0.29249,-0.22089,-0.19783,-0.23935,-0.35178,-0.5198,-0.7083,-0.8518,-0.87874,-0.74653,-0.47475,-0.1406,0.16276,0.3687,0.45707,0.45169,0.4001,0.35374,0.3512
2.2628,2.4767,2.33,1.9001,1.3225,0.72009,0.12372,-0.49107,-1.0681,-1.4641,-1.5803,-1.45,-1.2207,-1.0464,-0.96822,-0.89505,-0.72469,-0.44732,-0.14881,0.041268,0.00041255,-0.34296,-0.9667,-1.7219,-2.3453,-2.5631,-2.2939,-1.7138,-1.0967,-0.64794,-0.44452,-0.44964,-0.5597,-0.6701,-0.70871,-0.65712,-0.52831,-0.35518,-0.17342,-0.021137,0.06408,0.061729,-0.019726,-0.13394,-0.20859,-0.17895,-0.018642,0.23824,0.50878,0.70421,0.76863,0.69244,0.50432,0.25497,0.0065024,-0.18419,-0.28737,-0.31262,-0.29549,-0.26813,-0.24791,-0.23453,-0.22735,-0.23329,-0.26634,-0.33862,-0.44848,-0.56552,-0.63877,-0.60895,-0.444,-0.16836,0.14341,0.40519,0.55792,0.58879,0.52203,0.41367,0.31875,0.27625
2.289,2.5273,2.3943,1.971,1.3967,0.79373,0.18959,-0.44046,-1.0352,-1.4471,-1.5727,-1.4414,-1.1999,-1.0082,-0.91371,-0.82945,-0.65262,-0.37108,-0.068566,0.12737,0.096009,-0.23332,-0.83982,-1.5819,-2.2063,-2.4423,-2.1934,-1.6173,-0.99114,-0.53188,-0.32861,-0.34912,-0.48966,-0.63833,-0.71676,-0.69672,-0.59162,-0.43385,-0.26121,-0.11022,-0.015872,0.0014415,-0.048974,-0.12382,-0.15835,-0.096372,0.079134,0.33191,0.58499,0.75938,0.80868,0.7299,0.55537,0.33776,0.13407,-0.0089472,-0.077426,-0.096297,-0.10736,-0.13548,-0.18597,-0.23856,-0.27651,-0.29836,-0.31797,-0.35253,-0.40519,-0.45964,-0.47563,-0.40579,-0.22597,0.040581,0.32789,0.55864,0.67796,0.67125,0.56928,0.42334,0.2903,0.21283
2.3024,2.5717,2.4564,2.043,1.4772,0.8814,0.27581,-0.36508,-0.976,-1.4044,-1.5377,-1.3981,-1.1354,-0.91873,-0.80703,-0.72083,-0.55203,-0.27986,0.017689,0.21564,0.19486,-0.11493,-0.69592,-1.4158,-2.0331,-2.2836,-2.0558,-1.4911,-0.86322,-0.40192,-0.20752,-0.25183,-0.43406,-0.63394,-0.76604,-0.7899,-0.71711,-0.58158,-0.42188,-0.27474,-0.1697,-0.12644,-0.13396,-0.15148,-0.12498,-0.010014,0.19703,0.45257,0.68568,0.82951,0.85135,0.76026,0.59522,0.40857,0.2544,0.1626,0.1276,0.1102,0.06435,-0.03402,-0.16986,-0.30779,-0.4113,-0.46106,-0.46148,-0.43262,-0.39334,-0.34583,-0.26991,-0.13827,0.06202,0.31036,0.55422,0.73179,0.79942,0.75033,0.60655,0.42404,0.25793,0.14833
2.291,2.59,2.4916,2.0875,1.5328,0.95027,0.35408,-0.28391,-0.90105,-1.3383,-1.4733,-1.3212,-1.0336,-0.79357,-0.67269,-0.59676,-0.45137,-0.20311,0.079505,0.27449,0.26249,-0.027642,-0.58115,-1.2724,-1.8727,-2.1271,-1.9194,-1.3762,-0.76355,-0.31295,-0.13215,-0.20131,-0.42038,-0.67048,-0.85415,-0.92562,-0.88584,-0.77159,-0.62574,-0.48561,-0.37645,-0.30536,-0.26216,-0.21527,-0.12178,0.044009,0.278,0.5368,0.75294,0.87049,0.86664,0.75818,0.59077,0.4223,0.30099,0.2482,0.24183,0.22568,0.14435,-0.021807,-0.2501,-0.4817,-0.65181,-0.7184,-0.67925,-0.56493,-0.41205,-0.25,-0.080164,0.10801,0.32073,0.54486,0.74517,0.87651,0.90396,0.81973,0.65021,0.44137,0.2462,0.10687
