0.15622,0.061013,-0.057023,-0.19694,-0.35642,-0.53574,-0.69848,-0.7319,-0.49094,-0.012964,0.41311,0.56205,0.4624,0.26345,0.095927,0.040998,0.13808,0.38611,0.73488,1.0825,1.3117,1.3657,1.2843,1.1485,1.0077,0.85831,0.67635,0.45698,0.21903,-0.010506,-0.21518,-0.39012,-0.52802,-0.61286,-0.62446,-0.54345,-0.36423,-0.10464,0.17591,0.40209,0.51619,0.51374,0.44217,0.37716,0.38736,0.50194,0.69635,0.91504,1.1084,1.2554,1.3593,1.432,1.4799,1.4973,1.472,1.3947,1.2639,1.0827,0.85259,0.57009,0.23168,-0.14969,-0.53154,-0.84545,-1.034,-1.0967,-1.0936,-1.0974,-1.1519,-1.2452,-1.3189,-1.304,-1.1663,-0.92503,-0.63414,-0.34945,-0.11084,0.062883,0.16958,0.21722
0.0879,-0.015803,-0.14675,-0.30125,-0.47044,-0.65719,-0.83498,-0.87053,-0.58621,-0.030002,0.4649,0.65394,0.57293,0.38087,0.21281,0.15137,0.23695,0.47057,0.80419,1.1366,1.3486,1.3812,1.2752,1.1169,0.95861,0.79341,0.59242,0.34838,0.084479,-0.16377,-0.37173,-0.53039,-0.63902,-0.69538,-0.69243,-0.61399,-0.45003,-0.21158,0.054134,0.27396,0.39494,0.40898,0.36288,0.32573,0.35531,0.47298,0.65428,0.85233,1.0292,1.1699,1.2795,1.3668,1.4322,1.4646,1.4498,1.3772,1.246,1.0616,0.82827,0.54695,0.21643,-0.14801,-0.5075,-0.80434,-0.993,-1.0744,-1.095,-1.1187,-1.1774,-1.2602,-1.3181,-1.2933,-1.1555,-0.91988,-0.63386,-0.34985,-0.10867,0.070673,0.18405,0.23762
0.00052718,-0.11338,-0.25767,-0.42664,-0.59923,-0.78318,-0.96829,-1.0044,-0.67765,-0.039649,0.5319,0.76956,0.71399,0.53263,0.36446,0.2933,0.36039,0.56896,0.87451,1.1786,1.3631,1.3688,1.2386,1.0623,0.89127,0.71209,0.48821,0.21111,-0.087866,-0.3604,-0.56577,-0.69262,-0.75366,-0.76939,-0.74729,-0.68139,-0.55102,-0.35275,-0.11721,0.092601,0.22232,0.26431,0.25309,0.24508,0.28709,0.39073,0.53869,0.69882,0.84655,0.97842,1.098,1.2079,1.3005,1.3583,1.3611,1.2981,1.1715,0.99141,0.76828,0.50726,0.21308,-0.10224,-0.41106,-0.67376,-0.86004,-0.9712,-1.0406,-1.1029,-1.1783,-1.2538,-1.2906,-1.2457,-1.0994,-0.86738,-0.59107,-0.31771,-0.081456,0.096059,0.20928,0.26316
-0.059996,-0.17959,-0.33188,-0.50751,-0.67685,-0.84823,-1.0272,-1.0607,-0.71325,-0.032659,0.582,0.85017,0.81292,0.63949,0.47123,0.39167,0.44216,0.62677,0.90422,1.1806,1.3407,1.3278,1.1865,1.0071,0.83568,0.65225,0.4152,0.11697,-0.20629,-0.49467,-0.6958,-0.79536,-0.81774,-0.8005,-0.76657,-0.71079,-0.61016,-0.44901,-0.244,-0.048029,0.088843,0.15082,0.16493,0.17633,0.21998,0.30587,0.42039,0.54311,0.66372,0.78485,0.91087,1.0394,1.1557,1.2356,1.256,1.2066,1.0914,0.92392,0.71814,0.48471,0.2294,-0.036506,-0.29404,-0.5204,-0.70158,-0.84158,-0.95573,-1.0635,-1.1632,-1.2357,-1.2514,-1.1854,-1.0308,-0.80424,-0.54043,-0.27995,-0.054296,0.1173,0.22862,0.28326
-0.13103,-0.25636,-0.41551,-0.59634,-0.75377,-0.89847,-1.0537,-1.077,-0.71375,-0.00096854,0.65011,0.94917,0.93224,0.76884,0.59997,0.50817,0.53267,0.67841,0.90877,1.1378,1.2591,1.2228,1.0765,0.90676,0.74928,0.57087,0.32567,0.0077435,-0.33741,-0.63673,-0.82573,-0.88717,-0.86081,-0.80671,-0.76448,-0.73291,-0.68262,-0.57877,-0.41979,-0.24057,-0.090923,0.0043724,0.054482,0.086696,0.12367,0.17264,0.22901,0.29118,0.3685,0.47302,0.61016,0.768,0.92003,1.0343,1.0836,1.0571,0.96316,0.82097,0.65096,0.46631,0.27917,0.091998,-0.09313,-0.27448,-0.45196,-0.62774,-0.80426,-0.97046,-1.1065,-1.1852,-1.183,-1.0913,-0.92014,-0.69451,-0.44668,-0.20566,-0.0013965,0.15244,0.2516,0.29972
-0.18827,-0.31802,-0.48005,-0.66309,-0.80431,-0.91287,-1.0304,-1.0327,-0.66203,0.056502,0.72037,1.0352,1.0319,0.87652,0.70579,0.59955,0.5939,0.69356,0.86634,1.0365,1.1119,1.0548,0.91698,0.77691,0.65201,0.49422,0.25223,-0.073207,-0.42568,-0.71875,-0.88251,-0.90651,-0.84578,-0.77584,-0.74271,-0.74663,-0.75078,-0.70705,-0.59137,-0.42512,-0.25831,-0.12825,-0.04503,0.0013215,0.023587,0.027668,0.020949,0.0201,0.050771,0.13616,0.2785,0.45851,0.64228,0.79217,0.87758,0.88764,0.83018,0.72572,0.59796,0.46769,0.34308,0.22619,0.10901,-0.023183,-0.18551,-0.38477,-0.61039,-0.8341,-1.0129,-1.1052,-1.0918,-0.98148,-0.80066,-0.57977,-0.34752,-0.13118,0.053663,0.19272,0.28112,0.32095
-0.22192,-0.35348,-0.51651,-0.6997,-0.82814,-0.90559,-0.98859,-0.96673,-0.59338,0.11588,0.77421,1.0907,1.0924,0.94016,0.76661,0.64734,0.61637,0.67747,0.80134,0.92137,0.95973,0.89088,0.76889,0.66369,0.574,0.44174,0.21357,-0.10433,-0.44877,-0.72545,-0.86465,-0.86471,-0.7914,-0.72627,-0.71258,-0.75035,-0.79578,-0.79549,-0.70945,-0.55211,-0.37222,-0.2181,-0.11236,-0.05692,-0.04621,-0.074482,-0.12743,-0.17625,-0.18264,-0.11729,0.023339,0.21621,0.42215,0.59911,0.71445,0.75428,0.72682,0.65433,0.56237,0.47109,0.39252,0.32294,0.24686,0.14195,-0.011217,-0.21901,-0.46875,-0.71904,-0.91836,-1.0189,-1.0016,-0.88239,-0.69684,-0.48107,-0.26381,-0.064864,0.098561,0.21848,0.29276,0.32439
-0.25397,-0.38621,-0.54911,-0.73303,-0.8453,-0.88068,-0.912,-0.85041,-0.47417,0.20784,0.84001,1.1458,1.1479,0.99697,0.81817,0.68053,0.61368,0.61944,0.67267,0.72099,0.70942,0.63228,0.54525,0.4965,0.46494,0.37806,0.18592,-0.099178,-0.40665,-0.64676,-0.75516,-0.73836,-0.66624,-0.61988,-0.64306,-0.72948,-0.83374,-0.88906,-0.84519,-0.70115,-0.50569,-0.32263,-0.19023,-0.1243,-0.12751,-0.19174,-0.29619,-0.40017,-0.45286,-0.41803,-0.29156,-0.097246,0.12558,0.33234,0.48873,0.57527,0.59423,0.56503,0.51449,0.46708,0.43301,0.41077,0.3799,0.31025,0.1763,-0.029131,-0.2851,-0.55057,-0.7612,-0.86359,-0.84189,-0.72112,-0.54382,-0.34698,-0.15519,0.014188,0.1519,0.25237,0.31253,0.3332
-0.26892,-0.401,-0.56258,-0.74752,-0.85008,-0.85562,-0.84616,-0.75151,-0.37328,0.27932,0.87986,1.1692,1.167,1.0159,0.83284,0.68191,0.58787,0.55054,0.54787,0.53934,0.49028,0.4132,0.36383,0.37003,0.39173,0.34775,0.19232,-0.054906,-0.32224,-0.52506,-0.61019,-0.5894,-0.5321,-0.51257,-0.57029,-0.69591,-0.84251,-0.93682,-0.92153,-0.78609,-0.58448,-0.38325,-0.23564,-0.16458,-0.17455,-0.25936,-0.39324,-0.52939,-0.6117,-0.60021,-0.48891,-0.30155,-0.076905,0.14393,0.32215,0.43742,0.48954,0.49473,0.47647,0.45579,0.44669,0.44435,0.43,0.37659,0.2612,0.076787,-0.16262,-0.40989,-0.60976,-0.71127,-0.69581,-0.58408,-0.41756,-0.23547,-0.064385,0.081363,0.19551,0.27308,0.31474,0.3243
-0.2787,-0.40964,-0.56904,-0.75571,-0.84897,-0.81923,-0.75443,-0.61219,-0.23227,0.37138,0.91615,1.1734,1.1602,1.007,0.81914,0.65123,0.52153,0.42658,0.34764,0.26115,0.16452,0.09823,0.11427,0.20958,0.31108,0.33293,0.23652,0.050577,-0.15347,-0.29913,-0.34975,-0.33076,-0.30736,-0.33819,-0.44699,-0.61781,-0.80432,-0.939,-0.95991,-0.85101,-0.65651,-0.44935,-0.28961,-0.21053,-0.22317,-0.32013,-0.47302,-0.63155,-0.73878,-0.75672,-0.67817,-0.51972,-0.31022,-0.085858,0.11572,0.26649,0.35689,0.39632,0.40551,0.40661,0.41292,0.4263,0.43161,0.40361,0.31986,0.17329,-0.019884,-0.22549,-0.39102,-0.47255,-0.45616,-0.36211,-0.22715,-0.084085,0.046706,0.15555,0.23605,0.28979,0.31709,0.31871
-0.27977,-0.40772,-0.5651,-0.75497,-0.8427,-0.78261,-0.66263,-0.47128,-0.093317,0.4513,0.92638,1.1403,1.1122,0.9572,0.76656,0.58457,0.42253,0.2727,0.11963,-0.041311,-0.17644,-0.21609,-0.12035,0.067699,0.24799,0.33635,0.30554,0.19044,0.058454,-0.028544,-0.050544,-0.040589,-0.053385,-0.13209,-0.28476,-0.49222,-0.70855,-0.87442,-0.92952,-0.85501,-0.6846,-0.48981,-0.33227,-0.25057,-0.25988,-0.35311,-0.50178,-0.65804,-0.7716,-0.81077,-0.76782,-0.65055,-0.47519,-0.26825,-0.064425,0.10357,0.21923,0.2851,0.31612,0.33032,0.34176,0.35474,0.36266,0.35099,0.3048,0.21741,0.095285,-0.036626,-0.14613,-0.20269,-0.19371,-0.12975,-0.035042,0.066237,0.15737,0.22768,0.27662,0.30374,0.30985,0.29664
-0.27667,-0.40125,-0.55696,-0.74872,-0.83452,-0.75596,-0.59682,-0.36971,0.0037202,0.49731,0.91125,1.0869,1.0467,0.89262,0.70298,0.51387,0.33111,0.14394,-0.060593,-0.272,-0.42761,-0.43731,-0.27686,-0.024331,0.20795,0.34125,0.35913,0.30098,0.22617,0.18102,0.17513,0.17506,0.13596,0.028048,-0.14722,-0.37061,-0.60018,-0.7836,-0.86522,-0.82064,-0.6791,-0.50169,-0.35382,-0.27527,-0.28119,-0.3639,-0.4966,-0.63709,-0.74247,-0.79007,-0.77134,-0.6883,-0.54829,-0.36786,-0.1782,-0.01129,0.11297,0.19175,0.23429,0.25264,0.26352,0.27205,0.27871,0.27802,0.26178,0.22401,0.16438,0.095182,0.033317,-0.0021323,0.0010079,0.041474,0.10563,0.17502,0.23439,0.27714,0.29982,0.30372,0.29281,0.2708
-0.27033,-0.38766,-0.54048,-0.73243,-0.81776,-0.71874,-0.51181,-0.24177,0.1202,0.53501,0.85525,0.97435,0.91869,0.77046,0.58854,0.396,0.19178,-0.037991,-0.30236,-0.57048,-0.74183,-0.7051,-0.46443,-0.13895,0.14956,0.33672,0.42207,0.43951,0.43556,0.43772,0.44466,0.43022,0.36178,0.22865,0.038609,-0.18293,-0.40882,-0.60014,-0.7157,-0.72384,-0.63489,-0.49836,-0.37487,-0.3068,-0.30845,-0.37431,-0.47541,-0.57807,-0.65692,-0.69978,-0.70593,-0.67111,-0.5889,-0.46054,-0.30417,-0.14919,-0.021568,0.066117,0.11457,0.13317,0.13395,0.13033,0.13383,0.15034,0.17777,0.20777,0.23152,0.24229,0.24257,0.24002,0.24271,0.25434,0.273,0.29337,0.30956,0.31544,0.31111,0.29673,0.27304,0.24107
-0.26384,-0.36946,-0.51793,-0.70669,-0.79136,-0.67436,-0.42676,-0.1217,0.21752,0.53938,0.75297,0.80997,0.74287,0.60884,0.444,0.25744,0.041136,-0.22079,-0.53157,-0.84032,-1.0141,-0.93043,-0.62562,-0.24956,0.077628,0.30828,0.45128,0.53564,0.59146,0.63426,0.6536,0.63091,0.54724,0.40308,0.21298,0.0025374,-0.20748,-0.3924,-0.52461,-0.57856,-0.55082,-0.4724,-0.38691,-0.33295,-0.331,-0.37421,-0.44152,-0.50496,-0.54869,-0.57571,-0.59383,-0.59987,-0.57719,-0.50965,-0.40026,-0.27099,-0.15196,-0.064158,-0.014208,0.0031996,-0.0036216,-0.017037,-0.017909,0.01021,0.073722,0.16468,0.26486,0.34909,0.40336,0.42498,0.42295,0.41068,0.39739,0.38439,0.36778,0.34372,0.3128,0.27454,0.23232,0.18976
-0.25908,-0.35436,-0.49668,-0.67885,-0.76064,-0.63337,-0.36154,-0.038292,0.27432,0.51682,0.64242,0.65056,0.57938,0.46396,0.3199,0.14519,-0.072844,-0.35046,-0.68598,-1.0145,-1.1837,-1.0696,-0.73146,-0.3354,0.0055538,0.25718,0.43399,0.56291,0.66245,0.73436,0.76647,0.74116,0.65111,0.50405,0.32282,0.12762,-0.062652,-0.23516,-0.37033,-0.44904,-0.46437,-0.4298,-0.37984,-0.34648,-0.34743,-0.37924,-0.42273,-0.4562,-0.47154,-0.48408,-0.50443,-0.53046,-0.54294,-0.51913,-0.44909,-0.34931,-0.2468,-0.16401,-0.11221,-0.09378,-0.10093,-0.11954,-0.12631,-0.095174,-0.011286,0.11759,0.2629,0.39219,0.48016,0.51922,0.51815,0.49334,0.45873,0.42095,0.38095,0.33824,0.29058,0.24332,0.19899,0.15795
-0.25197,-0.33126,-0.4599,-0.62645,-0.69861,-0.56247,-0.26857,0.06253,0.32432,0.44894,0.44694,0.38866,0.32052,0.24254,0.13829,-0.010067,-0.21955,-0.5051,-0.85784,-1.1974,-1.3558,-1.2161,-0.86214,-0.46664,-0.12757,0.14063,0.35822,0.54301,0.69563,0.80241,0.84761,0.82015,0.72477,0.58407,0.42634,0.27073,0.12252,-0.020696,-0.15538,-0.26514,-0.33261,-0.35648,-0.35672,-0.35882,-0.37505,-0.4016,-0.41683,-0.40665,-0.38241,-0.36695,-0.38382,-0.43177,-0.48672,-0.51601,-0.49863,-0.43849,-0.3579,-0.28232,-0.23006,-0.20955,-0.21836,-0.2425,-0.25411,-0.21973,-0.11862,0.041842,0.22868,0.39753,0.51537,0.56984,0.56987,0.53615,0.48807,0.4357,0.38049,0.3213,0.25997,0.19777,0.13951,0.089623
-0.2454,-0.31016,-0.42411,-0.57334,-0.63292,-0.49252,-0.19255,0.13036,0.34133,0.36819,0.26372,0.1555,0.097748,0.057975,-0.0069645,-0.12697,-0.32131,-0.60225,-0.95471,-1.2902,-1.4382,-1.2938,-0.95304,-0.58038,-0.25645,0.017731,0.26245,0.48519,0.67224,0.80179,0.85652,0.82949,0.73597,0.60558,0.47118,0.35013,0.23994,0.12687,0.0032643,-0.12018,-0.22113,-0.28907,-0.33026,-0.36202,-0.39445,-0.4186,-0.4167,-0.38118,-0.33034,-0.29763,-0.30962,-0.36669,-0.44425,-0.5062,-0.52305,-0.48971,-0.42541,-0.35721,-0.30654,-0.28476,-0.29272,-0.31688,-0.33003,-0.29748,-0.19484,-0.026123,0.1749,0.36076,0.49468,0.561,0.56684,0.53243,0.47792,0.41548,0.34947,0.28137,0.2112,0.14586,0.089793,0.04484
-0.23372,-0.27391,-0.36244,-0.47901,-0.51653,-0.37426,-0.081596,0.21097,0.3361,0.21863,-0.030526,-0.20293,-0.23389,-0.20749,-0.20776,-0.2786,-0.44052,-0.7013,-1.0376,-1.3534,-1.4852,-1.3519,-1.0565,-0.74099,-0.45737,-0.18855,0.086797,0.35646,0.58688,0.74514,0.80957,0.78396,0.69538,0.58463,0.48775,0.41731,0.36172,0.2948,0.19755,0.071813,-0.061575,-0.17971,-0.27529,-0.3519,-0.41064,-0.44001,-0.42513,-0.36631,-0.29032,-0.23821,-0.23783,-0.29368,-0.38555,-0.47673,-0.53024,-0.53048,-0.4882,-0.42967,-0.38067,-0.35672,-0.36358,-0.38912,-0.40611,-0.37844,-0.27986,-0.11311,0.088576,0.27913,0.41758,0.48771,0.49754,0.46809,0.41861,0.3589,0.29141,0.21845,0.14339,0.071834,0.010819,-0.035103
-0.21571,-0.22615,-0.28126,-0.35525,-0.36489,-0.22561,0.040339,0.279,0.30018,0.025273,-0.37658,-0.6072,-0.59543,-0.48621,-0.40876,-0.4192,-0.53702,-0.76356,-1.0678,-1.3513,-1.4655,-1.354,-1.1218,-0.88717,-0.66841,-0.42598,-0.13493,0.17409,0.44644,0.63207,0.70798,0.68513,0.60301,0.51575,0.46171,0.4492,0.45361,0.43738,0.37045,0.2491,0.095369,-0.061705,-0.20246,-0.31928,-0.40491,-0.4443,-0.42423,-0.35207,-0.2621,-0.19778,-0.18888,-0.24109,-0.33686,-0.44074,-0.51601,-0.53954,-0.5148,-0.4649,-0.41709,-0.39186,-0.39389,-0.416,-0.43437,-0.41658,-0.33749,-0.19557,-0.016873,0.15847,0.29506,0.37352,0.39506,0.37473,0.32949,0.27014,0.20117,0.12603,0.049079,-0.021674,-0.078392,-0.1161
-0.19538,-0.1819,-0.20647,-0.24295,-0.22885,-0.095937,0.13877,0.32368,0.25719,-0.14035,-0.65947,-0.92976,-0.87547,-0.69602,-0.55434,-0.51447,-0.59346,-0.78653,-1.0572,-1.3087,-1.408,-1.3167,-1.1381,-0.97162,-0.81235,-0.60146,-0.31184,0.016639,0.312,0.51451,0.5998,0.58243,0.51031,0.44398,0.42387,0.45382,0.50212,0.52354,0.48102,0.36721,0.20448,0.027322,-0.13667,-0.27393,-0.37342,-0.41942,-0.40176,-0.33015,-0.24024,-0.17634,-0.16553,-0.2139,-0.3062,-0.41051,-0.49015,-0.52211,-0.50656,-0.46351,-0.41879,-0.39294,-0.39196,-0.40985,-0.42633,-0.41353,-0.3494,-0.23114,-0.078641,0.075564,0.19933,0.27456,0.30049,0.28783,0.24911,0.19291,0.1244,0.047136,-0.02841,-0.094943,-0.14589,-0.17803
-0.15592,-0.10907,-0.088038,-0.069211,-0.021874,0.097322,0.27792,0.37849,0.18938,-0.37165,-1.0453,-1.3629,-1.2419,-0.96271,-0.73333,-0.62378,-0.64523,-0.78537,-1.0016,-1.2021,-1.2788,-1.2179,-1.1156,-1.0437,-0.97047,-0.81336,-0.5385,-0.20001,0.11238,0.32924,0.42452,0.41878,0.36741,0.33502,0.36133,0.44355,0.54372,0.60912,0.59864,0.50007,0.33525,0.14369,-0.039571,-0.19173,-0.2979,-0.34478,-0.32785,-0.26426,-0.18936,-0.14028,-0.13886,-0.1877,-0.27343,-0.37106,-0.44699,-0.4801,-0.46914,-0.43111,-0.38893,-0.35918,-0.35154,-0.36023,-0.37003,-0.36082,-0.31681,-0.23464,-0.12594,-0.0095421,0.090001,0.15685,0.18594,0.18042,0.14635,0.089662,0.016782,-0.063958,-0.14112,-0.20436,-0.24623,-0.2642
-0.11513,-0.042269,0.014643,0.07691,0.14881,0.25389,0.38669,0.4182,0.13881,-0.53659,-1.3187,-1.6674,-1.4947,-1.1421,-0.84912,-0.68822,-0.66488,-0.76075,-0.93039,-1.0886,-1.1471,-1.107,-1.0576,-1.053,-1.0462,-0.9391,-0.6903,-0.35851,-0.044346,0.177,0.27903,0.28489,0.25427,0.25187,0.31376,0.43206,0.56395,0.65421,0.66065,0.571,0.40915,0.21767,0.03643,-0.10983,-0.20726,-0.24893,-0.23639,-0.18758,-0.13481,-0.10551,-0.11589,-0.16771,-0.25027,-0.34029,-0.41304,-0.44725,-0.43893,-0.40139,-0.35529,-0.3198,-0.29847,-0.2914,-0.28939,-0.27964,-0.2509,-0.19788,-0.12326,-0.039842,0.038687,0.09737,0.1262,0.12156,0.084929,0.021645,-0.059323,-0.14516,-0.22423,-0.28425,-0.31864,-0.32657
-0.044227,0.063301,0.16954,0.28832,0.39012,0.47174,0.53633,0.47421,0.085592,-0.71839,-1.6212,-2.0055,-1.7746,-1.3381,-0.97048,-0.74662,-0.66421,-0.69764,-0.80048,-0.90004,-0.93264,-0.91371,-0.92272,-0.99632,-1.0735,-1.0413,-0.84627,-0.54483,-0.2441,-0.027182,0.079614,0.10398,0.10704,0.15105,0.26083,0.41917,0.57846,0.68668,0.7037,0.62274,0.47029,0.2919,0.12931,0.0082891,-0.062065,-0.081802,-0.064885,-0.036149,-0.020341,-0.034238,-0.080081,-0.15141,-0.23722,-0.32308,-0.3871,-0.41413,-0.40198,-0.36201,-0.31079,-0.26012,-0.21942,-0.18677,-0.15906,-0.13357,-0.10805,-0.079227,-0.043934,0.00029365,0.047037,0.084483,0.099328,0.082508,0.032189,-0.046239,-0.1416,-0.24062,-0.32376,-0.38117,-0.40716,-0.4019
0.04674,0.18638,0.34055,0.51279,0.63899,0.69401,0.68895,0.53967,0.063901,-0.82468,-1.8024,-2.2146,-1.9542,-1.4656,-1.0447,-0.76834,-0.63019,-0.60104,-0.63656,-0.67859,-0.68639,-0.68426,-0.73863,-0.87007,-1.0133,-1.0525,-0.9266,-0.68145,-0.42007,-0.22183,-0.1125,-0.063149,-0.017026,0.075388,0.22512,0.40827,0.57816,0.68726,0.70376,0.62599,0.48581,0.33202,0.20596,0.12832,0.10037,0.10887,0.13006,0.13708,0.11262,0.05306,-0.031094,-0.12812,-0.22863,-0.32159,-0.39202,-0.42451,-0.41326,-0.36585,-0.29713,-0.22087,-0.14395,-0.071527,-0.007508,0.043097,0.076674,0.094997,0.10555,0.11793,0.13479,0.1488,0.14568,0.11195,0.041615,-0.060981,-0.18192,-0.30118,-0.39784,-0.45857,-0.47812,-0.45985
0.12785,0.28824,0.4756,0.68348,0.82428,0.85818,0.8039,0.59788,0.077034,-0.83806,-1.8323,-2.2595,-2.0038,-1.5054,-1.0633,-0.75716,-0.58156,-0.50764,-0.49522,-0.49761,-0.48876,-0.49666,-0.57661,-0.73937,-0.9189,-1.0046,-0.93343,-0.74153,-0.52108,-0.34541,-0.2347,-0.16392,-0.082486,0.042892,0.21462,0.40307,0.56743,0.66696,0.67562,0.59764,0.46795,0.3376,0.24611,0.208,0.21618,0.24813,0.27366,0.2668,0.21537,0.12456,0.011204,-0.11096,-0.23277,-0.34302,-0.42709,-0.46824,-0.45882,-0.40489,-0.32015,-0.2177,-0.10724,0.0028591,0.10236,0.17978,0.22749,0.24682,0.24879,0.24606,0.24725,0.24808,0.23277,0.18349,0.091545,-0.036897,-0.18262,-0.32009,-0.42864,-0.49294,-0.51068,-0.48811
0.25148,0.43312,0.65735,0.90515,1.0591,1.065,0.95217,0.68637,0.138,-0.75925,-1.7206,-2.1595,-1.9496,-1.4794,-1.0363,-0.70553,-0.48749,-0.35899,-0.28892,-0.24623,-0.22058,-0.23963,-0.34317,-0.53106,-0.74097,-0.87283,-0.86498,-0.74522,-0.58825,-0.45171,-0.34983,-0.25477,-0.13345,0.029286,0.21833,0.40283,0.54753,0.62174,0.61296,0.53176,0.41873,0.32094,0.27429,0.28608,0.33844,0.40075,0.43734,0.42109,0.34393,0.21821,0.064497,-0.099049,-0.26043,-0.40755,-0.52286,-0.58499,-0.58184,-0.51646,-0.40241,-0.25555,-0.090098,0.077557,0.22906,0.3462,0.4183,0.44805,0.45065,0.44368,0.43727,0.42607,0.39292,0.32062,0.20267,0.047173,-0.12571,-0.28889,-0.41767,-0.49823,-0.52558,-0.50415
0.38808,0.58333,0.83436,1.111,1.2702,1.2473,1.0851,0.78063,0.2409,-0.58471,-1.461,-1.9019,-1.7701,-1.3675,-0.95128,-0.61288,-0.3635,-0.18931,-0.071299,0.0049563,0.038355,0.0081211,-0.10844,-0.30424,-0.52444,-0.68315,-0.725,-0.66845,-0.57192,-0.47721,-0.38645,-0.27542,-0.12401,0.060731,0.25124,0.41445,0.52308,0.56031,0.52504,0.43993,0.34698,0.28881,0.28841,0.34182,0.42495,0.503,0.5416,0.5161,0.42091,0.27207,0.089876,-0.10816,-0.3102,-0.50331,-0.66133,-0.7552,-0.76515,-0.69015,-0.54388,-0.3456,-0.11972,0.11062,0.3174,0.47582,0.57403,0.61828,0.62954,0.62799,0.62645,0.61836,0.58279,0.49883,0.35936,0.17592,-0.02547,-0.21474,-0.36492,-0.45852,-0.49317,-0.47665
0.49548,0.69508,0.95975,1.2504,1.4079,1.3624,1.168,0.84679,0.33351,-0.41222,-1.2035,-1.6377,-1.5724,-1.2356,-0.8525,-0.51867,-0.25432,-0.054121,0.090813,0.18339,0.21689,0.17782,0.05634,-0.13688,-0.35327,-0.51852,-0.5842,-0.5617,-0.50048,-0.43171,-0.35179,-0.23745,-0.077026,0.11147,0.29203,0.43167,0.50732,0.51248,0.45554,0.36882,0.29349,0.26611,0.29647,0.37125,0.46395,0.5412,0.57106,0.53319,0.42787,0.26778,0.074887,-0.1378,-0.36378,-0.59112,-0.78701,-0.91218,-0.93532,-0.85051,-0.67443,-0.4352,-0.16124,0.11351,0.35521,0.53741,0.65066,0.70572,0.7269,0.73742,0.74761,0.7472,0.71366,0.62744,0.48347,0.29371,0.082841,-0.11881,-0.28363,-0.39573,-0.44881,-0.44581
0.64002,0.83774,1.1116,1.4109,1.5584,1.4808,1.2493,0.91782,0.45856,-0.16333,-0.82915,-1.2435,-1.2598,-1.0138,-0.68515,-0.36786,-0.093908,0.12919,0.29651,0.39819,0.42362,0.36977,0.24211,0.058402,-0.1411,-0.29563,-0.36864,-0.36868,-0.33366,-0.28678,-0.21903,-0.11125,0.04242,0.21517,0.36707,0.46477,0.4929,0.4562,0.37763,0.29656,0.24961,0.25617,0.30972,0.38998,0.47092,0.52499,0.529,0.4703,0.35252,0.19116,-0.0013918,-0.22165,-0.46935,-0.73101,-0.96961,-1.1293,-1.1661,-1.069,-0.85857,-0.56939,-0.24331,0.078414,0.35664,0.56336,0.69152,0.7572,0.79057,0.81937,0.85126,0.87256,0.85728,0.78359,0.6454,0.45475,0.23715,0.024128,-0.15709,-0.2861,-0.35478,-0.36552
0.74703,0.93727,1.2106,1.5089,1.6437,1.5404,1.283,0.94964,0.53788,0.013244,-0.55656,-0.94707,-1.0115,-0.82843,-0.54286,-0.24356,0.030685,0.26266,0.43748,0.53746,0.55051,0.48138,0.34765,0.17266,-0.0068161,-0.14134,-0.20161,-0.19881,-0.16654,-0.12505,-0.065024,0.03213,0.16902,0.3176,0.43791,0.49962,0.4921,0.42667,0.33656,0.26329,0.23949,0.26718,0.32921,0.39988,0.45335,0.47036,0.43662,0.34924,0.21867,0.059532,-0.12253,-0.33268,-0.57755,-0.84696,-1.0996,-1.2736,-1.3173,-1.2148,-0.9862,-0.67141,-0.31632,0.030947,0.32634,0.54052,0.66948,0.73568,0.77652,0.82051,0.87558,0.92237,0.92951,0.87323,0.74807,0.56661,0.35355,0.13913,-0.049096,-0.19023,-0.27328,-0.29696
0.88277,1.0553,1.3194,1.607,1.7181,1.5771,1.2851,0.95117,0.60323,0.20415,-0.24074,-0.58573,-0.69075,-0.57662,-0.34379,-0.072066,0.19376,0.42625,0.59925,0.68532,0.67152,0.57596,0.43418,0.27557,0.12992,0.033267,0.0075157,0.035529,0.084078,0.13385,0.19021,0.27219,0.37857,0.48466,0.55515,0.56284,0.50531,0.40299,0.30193,0.24656,0.25551,0.31124,0.37566,0.41407,0.4066,0.34279,0.22783,0.080456,-0.076553,-0.22706,-0.37729,-0.54936,-0.76199,-1.0082,-1.2495,-1.4185,-1.4588,-1.3512,-1.1138,-0.78611,-0.41728,-0.060796,0.23585,0.44384,0.56437,0.62782,0.67725,0.74776,0.84067,0.92867,0.97415,0.95038,0.85118,0.68909,0.48882,0.28035,0.090071,-0.058234,-0.15181,-0.18829
1.0056,1.1533,1.3989,1.666,1.7464,1.5636,1.2327,0.89384,0.60278,0.31834,-0.005502,-0.2888,-0.40603,-0.33743,-0.14748,0.095922,0.34619,0.56853,0.72657,0.78446,0.73178,0.60372,0.45362,0.31459,0.20803,0.15871,0.1776,0.24642,0.32991,0.40514,0.47195,0.54195,0.61798,0.6799,0.69705,0.64893,0.53818,0.40062,0.29184,0.26007,0.30412,0.37812,0.42602,0.41137,0.32021,0.15544,-0.060874,-0.29109,-0.49275,-0.64204,-0.75197,-0.85758,-0.99307,-1.1679,-1.3483,-1.4783,-1.5034,-1.3991,-1.176,-0.86707,-0.51918,-0.18339,0.092313,0.27929,0.38198,0.43798,0.49941,0.60121,0.7398,0.87711,0.96731,0.9812,0.91357,0.77772,0.59738,0.40124,0.21565,0.062774,-0.042064,-0.091886
1.086,1.2107,1.4372,1.6837,1.7375,1.5206,1.1562,0.80722,0.54987,0.34342,0.1089,-0.11801,-0.22551,-0.17549,-0.010439,0.21254,0.44814,0.65688,0.79594,0.82527,0.73757,0.58076,0.42247,0.29928,0.22541,0.2155,0.27448,0.38187,0.50189,0.60627,0.68817,0.75446,0.80621,0.83177,0.80639,0.7169,0.56949,0.40706,0.29417,0.27772,0.34505,0.42795,0.46154,0.40611,0.24685,-0.0044677,-0.31809,-0.63579,-0.88702,-1.0382,-1.1031,-1.1352,-1.187,-1.2798,-1.3902,-1.4701,-1.4715,-1.3704,-1.1707,-0.89539,-0.58459,-0.28541,-0.043088,0.11619,0.20025,0.25136,0.32626,0.45862,0.63962,0.82131,0.94904,0.9899,0.94027,0.81767,0.64925,0.46266,0.28358,0.13548,0.032687,-0.018744
1.1755,1.2637,1.4587,1.6719,1.6859,1.4201,1.0054,0.63064,0.40433,0.29157,0.17606,0.03928,-0.031717,0.012832,0.15545,0.35348,0.56513,0.74762,0.85251,0.83619,0.69623,0.4976,0.32752,0.22726,0.2015,0.24889,0.36551,0.52723,0.69929,0.84875,0.96175,1.0337,1.0614,1.0386,0.95472,0.80343,0.60294,0.40398,0.28422,0.28864,0.38535,0.48489,0.50302,0.39265,0.1414,-0.23814,-0.6977,-1.1479,-1.4824,-1.6339,-1.6254,-1.5375,-1.449,-1.4006,-1.3904,-1.3865,-1.3524,-1.2623,-1.1073,-0.89642,-0.65483,-0.42277,-0.24136,-0.13125,-0.075874,-0.024005,0.081444,0.27097,0.515,0.74991,0.91655,0.98565,0.95847,0.85476,0.7012,0.52571,0.35378,0.2066,0.10095,0.04621
1.2428,1.2893,1.4468,1.6211,1.592,1.2742,0.8012,0.38415,0.17188,0.14386,0.15125,0.12245,0.11041,0.1696,0.30106,0.47634,0.65934,0.80736,0.86916,0.79991,0.60435,0.36557,0.18827,0.11693,0.14336,0.25082,0.4238,0.63761,0.85815,1.0534,1.1993,1.2819,1.2951,1.2344,1.0961,0.8835,0.6232,0.3811,0.24571,0.26534,0.38998,0.50675,0.51559,0.36262,0.033071,-0.4584,-1.0561,-1.6474,-2.0803,-2.2475,-2.1623,-1.9329,-1.6765,-1.4669,-1.3237,-1.2319,-1.1617,-1.0847,-0.98164,-0.84596,-0.69132,-0.54399,-0.43418,-0.37463,-0.3425,-0.28149,-0.13156,0.11968,0.42896,0.71785,0.91943,1.0045,0.98019,0.87413,0.71964,0.546,0.38055,0.24293,0.14662,0.098274
1.2778,1.2908,1.4166,1.5594,1.4974,1.14,0.61791,0.15986,-0.052484,-0.020963,0.083686,0.1446,0.18815,0.26757,0.39547,0.55479,0.71417,0.83228,0.85802,0.74793,0.5128,0.24825,0.070944,0.026346,0.09305,0.24247,0.45435,0.70378,0.95881,1.1861,1.3546,1.4454,1.4487,1.3623,1.1855,0.92682,0.61953,0.34034,0.19037,0.21971,0.36488,0.49606,0.50285,0.3285,-0.042531,-0.59768,-1.2796,-1.9648,-2.4725,-2.6537,-2.5092,-2.1695,-1.7853,-1.4565,-1.2209,-1.0741,-0.98758,-0.9265,-0.86242,-0.78219,-0.6887,-0.6026,-0.54748,-0.52698,-0.50818,-0.4293,-0.23907,0.066446,0.42173,0.73838,0.95052,1.0349,1.0041,0.88963,0.72703,0.5506,0.38419,0.24824,0.15691,0.11667
1.3035,1.2701,1.3513,1.4501,1.3446,0.93598,0.34695,-0.17508,-0.39856,-0.28989,-0.050031,0.1391,0.26383,0.37596,0.50283,0.64061,0.76584,0.84087,0.81728,0.65608,0.37729,0.090733,-0.075979,-0.081635,0.03774,0.23752,0.49168,0.77885,1.0696,1.3313,1.5267,1.6279,1.6221,1.5041,1.2768,0.95465,0.58069,0.24774,0.073283,0.1125,0.28436,0.43967,0.4561,0.27436,-0.1215,-0.72035,-1.4682,-2.2379,-2.8206,-3.0229,-2.8157,-2.3504,-1.8203,-1.3595,-1.0263,-0.82402,-0.72293,-0.68261,-0.66738,-0.6542,-0.63712,-0.62561,-0.63045,-0.64464,-0.62887,-0.5213,-0.27753,0.084884,0.48573,0.82772,1.043,1.1115,1.0533,0.90941,0.72457,0.53347,0.36874,0.24451,0.16777,0.13886
1.3071,1.2385,1.2851,1.3506,1.2149,0.7713,0.13389,-0.43796,-0.67388,-0.50786,-0.16438,0.12199,0.30784,0.44504,0.57179,0.69247,0.78976,0.83031,0.7697,0.57428,0.2722,-0.017894,-0.1661,-0.13927,0.017346,0.24919,0.52713,0.83312,1.1434,1.4242,1.6344,1.7398,1.7235,1.5803,1.316,0.94859,0.52736,0.15444,-0.040768,0.0011271,0.19145,0.36671,0.39936,0.22914,-0.16074,-0.75795,-1.5128,-2.3012,-2.9086,-3.1189,-2.8828,-2.3552,-1.749,-1.2186,-0.83423,-0.60616,-0.50575,-0.48794,-0.50903,-0.53872,-0.56492,-0.59114,-0.62434,-0.65287,-0.63251,-0.50089,-0.22232,0.17165,0.59124,0.93616,1.1412,1.1906,1.1079,0.9374,0.72764,0.52358,0.34962,0.22464,0.15618,0.1428
1.2919,1.1777,1.1776,1.2002,1.029,0.54701,-0.14385,-0.775,-1.0229,-0.77882,-0.30303,0.10207,0.36117,0.52767,0.65151,0.74758,0.80545,0.79784,0.68809,0.45373,0.13535,-0.14175,-0.25214,-0.17495,0.030492,0.29732,0.59431,0.91088,1.2347,1.5294,1.7501,1.8537,1.8165,1.6371,1.3265,0.90629,0.43058,0.0072807,-0.21837,-0.17845,0.034817,0.24243,0.30947,0.1739,-0.17932,-0.73537,-1.4473,-2.2002,-2.7909,-2.9982,-2.749,-2.184,-1.5259,-0.94492,-0.53062,-0.29603,-0.21016,-0.2229,-0.28517,-0.35974,-0.42882,-0.48878,-0.53794,-0.55976,-0.51306,-0.34643,-0.037227,0.3731,0.7921,1.1222,1.3005,1.3134,1.1885,0.97701,0.7351,0.50768,0.33103,0.21594,0.16173,0.16029
1.2558,1.0987,1.053,1.0363,0.83705,0.33182,-0.3907,-1.0559,-1.2962,-0.97475,-0.38922,0.10675,0.41894,0.60362,0.71878,0.78677,0.80305,0.74591,0.58794,0.32169,0.002741,-0.24222,-0.30189,-0.16885,0.084121,0.38134,0.68807,1.0011,1.3166,1.6065,1.8226,1.917,1.862,1.6541,1.3053,0.84019,0.31529,-0.15453,-0.41131,-0.37507,-0.14028,0.10528,0.21858,0.13629,-0.15328,-0.63567,-1.2641,-1.9354,-2.4685,-2.6606,-2.4253,-1.8694,-1.2033,-0.61235,-0.19288,0.029571,0.085649,0.03237,-0.0714,-0.18096,-0.27103,-0.33461,-0.37062,-0.36545,-0.28399,-0.085955,0.23622,0.63901,1.0322,1.3266,1.4671,1.4437,1.2838,1.0377,0.76366,0.51439,0.32633,0.21408,0.17433,0.19205
1.2159,1.0294,0.95208,0.90926,0.69497,0.18485,-0.54095,-1.2038,-1.4181,-1.0423,-0.39917,0.13795,0.47144,0.65925,0.76292,0.80754,0.79097,0.69562,0.50181,0.21456,-0.097701,-0.30825,-0.32233,-0.14655,0.13844,0.45458,0.76458,1.0687,1.3692,1.6459,1.8503,1.9338,1.8668,1.6431,1.2737,0.78293,0.2286,-0.26927,-0.54776,-0.51654,-0.26939,0.0040015,0.15716,0.12507,-0.10472,-0.51862,-1.0755,-1.679,-2.1619,-2.3334,-2.1028,-1.5641,-0.91648,-0.34005,0.061464,0.26172,0.29086,0.20749,0.074519,-0.056974,-0.15639,-0.21146,-0.22101,-0.17868,-0.062813,0.15343,0.47468,0.85421,1.2169,1.4816,1.595,1.5452,1.3588,1.088,0.79472,0.53398,0.34347,0.2366,0.20537,0.23091
1.1469,0.927,0.81243,0.73932,0.51474,0.017116,-0.67918,-1.2939,-1.4418,-1.0047,-0.32734,0.22293,0.55645,0.73336,0.81428,0.82461,0.76322,0.61633,0.37428,0.060543,-0.23782,-0.39624,-0.34542,-0.11491,0.20826,0.54309,0.85161,1.1394,1.4174,1.6708,1.8551,1.9209,1.8373,1.5975,1.211,0.70377,0.13098,-0.38731,-0.68355,-0.65968,-0.40165,-0.10014,0.098318,0.12933,-0.020072,-0.33911,-0.79171,-1.2966,-1.7086,-1.8541,-1.6419,-1.1413,-0.53172,0.011457,0.37883,0.54244,0.53171,0.40729,0.23695,0.080394,-0.024176,-0.060157,-0.027134,0.071962,0.24156,0.48892,0.8045,1.1518,1.4651,1.6785,1.7488,1.6677,1.4594,1.1722,0.86563,0.59773,0.40346,0.29844,0.27386,0.30747
1.0839,0.84384,0.70648,0.61469,0.38991,-0.083759,-0.73095,-1.2762,-1.3521,-0.88081,-0.20983,0.31969,0.63239,0.78935,0.84759,0.83007,0.7348,0.54964,0.27134,-0.063346,-0.35328,-0.47487,-0.37684,-0.10622,0.24494,0.59213,0.89795,1.1709,1.4297,1.6627,1.8314,1.8862,1.7936,1.5473,1.1575,0.64863,0.077072,-0.44131,-0.73991,-0.7212,-0.46404,-0.14927,0.078609,0.15437,0.06259,-0.19077,-0.57471,-1.0156,-1.3802,-1.5081,-1.3085,-0.8365,-0.25719,0.25618,0.59591,0.72835,0.68188,0.52026,0.31788,0.1417,0.036786,0.024596,0.10077,0.24992,0.46067,0.72756,1.0387,1.3575,1.6331,1.8106,1.8524,1.7518,1.5325,1.2415,0.9365,0.67038,0.48173,0.37993,0.35412,0.3829
0.9868,0.72642,0.56707,0.4572,0.24059,-0.18313,-0.73431,-1.1487,-1.1116,-0.61125,0.015553,0.4842,0.74673,0.86394,0.88659,0.83059,0.69095,0.45592,0.12835,-0.24021,-0.5292,-0.61141,-0.4562,-0.13084,0.25945,0.62522,0.92572,1.1749,1.4001,1.6029,1.7518,1.7985,1.7074,1.4681,1.0898,0.59809,0.048758,-0.44835,-0.7395,-0.7314,-0.48714,-0.16973,0.08607,0.21288,0.18706,0.0089262,-0.30043,-0.67551,-0.99109,-1.0973,-0.90425,-0.46059,0.07847,0.54902,0.84161,0.92476,0.8284,0.61874,0.37489,0.17141,0.066386,0.083397,0.21437,0.43039,0.70055,1.0011,1.3093,1.5983,1.8279,1.9589,1.9665,1.8486,1.6277,1.3451,1.0521,0.79791,0.61612,0.51722,0.49112,0.51604
0.87549,0.60399,0.43353,0.314,0.11343,-0.24502,-0.67468,-0.93255,-0.77906,-0.26769,0.28946,0.67261,0.86804,0.93689,0.92086,0.82811,0.64825,0.36682,-0.010685,-0.42058,-0.72321,-0.78295,-0.58275,-0.20973,0.21727,0.60041,0.89659,1.1223,1.3142,1.4876,1.6203,1.6677,1.5915,1.3769,1.0307,0.57805,0.072723,-0.38433,-0.65744,-0.65976,-0.43877,-0.13156,0.13714,0.29727,0.31876,0.19188,-0.066328,-0.39347,-0.66958,-0.75356,-0.5637,-0.14486,0.3587,0.78679,1.0379,1.0754,0.92656,0.65946,0.3618,0.12307,0.011513,0.060571,0.25374,0.54147,0.87027,1.2011,1.51,1.772,1.9634,2.0601,2.0472,1.9259,1.7162,1.4541,1.1845,0.95168,0.7822,0.68587,0.6539,0.66748
0.78372,0.51017,0.33928,0.21763,0.033538,-0.26997,-0.59962,-0.73667,-0.50119,0.0092201,0.50648,0.81883,0.95847,0.98882,0.94473,0.8277,0.62226,0.31077,-0.10189,-0.54703,-0.87208,-0.92929,-0.70513,-0.30268,0.14677,0.5391,0.83131,1.0411,1.2105,1.3651,1.4891,1.5433,1.4873,1.3029,0.99274,0.58271,0.12245,-0.29554,-0.55057,-0.56261,-0.36374,-0.073892,0.19433,0.36949,0.41378,0.31351,0.080837,-0.22232,-0.47684,-0.54321,-0.34748,0.059953,0.53769,0.93592,1.151,1.1507,0.96237,0.65404,0.3166,0.046879,-0.072179,-0.0040707,0.22939,0.5649,0.93451,1.2897,1.6013,1.8523,2.0249,2.104,2.0814,1.9622,1.7662,1.5263,1.2822,1.0698,0.91575,0.82632,0.79234,0.79641
0.65116,0.38458,0.22406,0.10675,-0.052212,-0.27949,-0.47622,-0.45973,-0.13046,0.36998,0.78683,1.0061,1.0716,1.0522,0.97512,0.83261,0.6027,0.26257,-0.18789,-0.68087,-1.0506,-1.1258,-0.88818,-0.46073,0.0060486,0.40147,0.6831,0.87267,1.0191,1.1563,1.28,1.353,1.3346,1.1999,0.94972,0.6046,0.21125,-0.15079,-0.37895,-0.40001,-0.23157,0.034061,0.29324,0.47335,0.53265,0.45037,0.23867,-0.041342,-0.27311,-0.32194,-0.1217,0.27488,0.72911,1.0936,1.2694,1.2223,0.97859,0.60821,0.20885,-0.109,-0.24626,-0.1562,0.13029,0.5277,0.94737,1.3301,1.6472,1.8845,2.0366,2.0998,2.075,1.9712,1.8067,1.6079,1.4055,1.2286,1.0951,1.0117,0.97254,0.96464
0.50862,0.25933,0.1218,0.018858,-0.1127,-0.26752,-0.34109,-0.19194,0.20933,0.69153,1.0345,1.1695,1.169,1.1069,1.0043,0.84706,0.60718,0.25612,-0.21378,-0.74334,-1.1648,-1.2842,-1.0654,-0.64209,-0.17893,0.20787,0.47665,0.65138,0.78401,0.91259,1.0422,1.1397,1.1642,1.0873,0.905,0.63326,0.31131,0.0051403,-0.19701,-0.22699,-0.087013,0.15174,0.39708,0.57591,0.64127,0.56811,0.3663,0.097743,-0.12054,-0.15661,0.048179,0.43612,0.86993,1.2069,1.3474,1.2586,0.96525,0.53615,0.072873,-0.30007,-0.46607,-0.36626,-0.037314,0.41465,0.88043,1.2894,1.6096,1.8371,1.9727,2.0242,2.0028,1.9222,1.7984,1.6505,1.4991,1.3631,1.2581,1.1879,1.1482,1.1299
0.39589,0.16672,0.054686,-0.030606,-0.14102,-0.24686,-0.23963,-0.0091689,0.42968,0.89496,1.1882,1.2695,1.2281,1.1413,1.0269,0.86667,0.62983,0.28431,-0.18432,-0.72745,-1.1844,-1.3512,-1.1732,-0.7782,-0.33474,0.038567,0.29914,0.46798,0.59455,0.72026,0.85449,0.97053,1.0281,0.99608,0.86629,0.64933,0.37867,0.11165,-0.071997,-0.10692,0.015421,0.23476,0.46926,0.64689,0.71526,0.64863,0.45161,0.18541,-0.029054,-0.063541,0.14155,0.52533,0.94879,1.2684,1.3881,1.2722,0.9433,0.46967,-0.043309,-0.46077,-0.65106,-0.54364,-0.18391,0.30215,0.7909,1.2081,1.5273,1.7431,1.8688,1.919,1.9082,1.8507,1.7602,1.6515,1.5397,1.4398,1.3586,1.3018,1.2667,1.2464
0.23953,0.04634,-0.021853,-0.075452,-0.15711,-0.20731,-0.11238,0.20018,0.66902,1.1072,1.3431,1.3668,1.285,1.1777,1.0591,0.90698,0.68851,0.36842,-0.075855,-0.61224,-1.1007,-1.3402,-1.25,-0.93022,-0.54065,-0.19829,0.051106,0.21896,0.34668,0.4738,0.61216,0.7456,0.83937,0.86231,0.79891,0.65219,0.44467,0.22308,0.059521,0.020929,0.12735,0.3328,0.55975,0.73519,0.80667,0.74343,0.55276,0.29495,0.085506,0.053246,0.25025,0.61731,1.0199,1.3171,1.411,1.2647,0.89796,0.37723,-0.19041,-0.66217,-0.88718,-0.78428,-0.40288,0.11446,0.62851,1.0568,1.3697,1.5722,1.682,1.7234,1.7208,1.6935,1.6532,1.6063,1.5572,1.5091,1.4685,1.4347,1.4062,1.3802
0.11851,-0.040625,-0.06983,-0.093938,-0.15371,-0.17114,-0.026514,0.32662,0.80387,1.2182,1.4181,1.4104,1.3097,1.1972,1.0847,0.94824,0.75366,0.4649,0.055521,-0.45563,-0.9515,-1.2441,-1.2358,-0.99797,-0.67132,-0.36529,-0.12713,0.044184,0.18002,0.31116,0.44963,0.58726,0.69797,0.75354,0.73385,0.63413,0.46819,0.27707,0.12663,0.087627,0.1871,0.38845,0.61675,0.79692,0.87435,0.81745,0.63199,0.37896,0.17197,0.13644,0.3229,0.67265,1.055,1.3339,1.4097,1.2456,0.85867,0.3122,-0.28857,-0.7955,-1.051,-0.95941,-0.56902,-0.035158,0.48927,0.91619,1.2203,1.4062,1.5022,1.5403,1.5492,1.548,1.5455,1.543,1.5389,1.5326,1.5215,1.5071,1.4891,1.4666
-0.044615,-0.15111,-0.12166,-0.099503,-0.12884,-0.11411,0.072221,0.45349,0.92351,1.3033,1.4629,1.4281,1.3179,1.2121,1.1196,1.0152,0.86486,0.63281,0.28781,-0.16826,-0.65092,-1.0001,-1.1068,-1.0008,-0.78186,-0.5409,-0.32679,-0.14933,0.00021868,0.13655,0.26897,0.3986,0.51556,0.59847,0.62419,0.57719,0.46114,0.30772,0.17946,0.14809,0.24719,0.44756,0.67751,0.86467,0.95375,0.91469,0.74968,0.51211,0.31008,0.2576,0.41314,0.72933,1.0823,1.3348,1.3919,1.2096,0.80276,0.23311,-0.39566,-0.93808,-1.2269,-1.1592,-0.77958,-0.24767,0.27668,0.69945,0.98984,1.1595,1.2395,1.2701,1.2889,1.3197,1.3683,1.4274,1.4855,1.5336,1.565,1.5791,1.5767,1.559
-0.20778,-0.25475,-0.15926,-0.084732,-0.082232,-0.047231,0.1554,0.53532,0.97911,1.3205,1.4494,1.4025,1.2999,1.2151,1.154,1.0917,0.99646,0.83251,0.5645,0.17948,-0.26938,-0.65533,-0.86798,-0.89701,-0.79915,-0.63762,-0.45447,-0.27451,-0.11243,0.024722,0.13955,0.2435,0.34507,0.43654,0.49266,0.49099,0.42084,0.30467,0.19944,0.1794,0.28539,0.49151,0.7283,0.92407,1.0268,1.008,0.87042,0.66015,0.46952,0.40438,0.52113,0.78632,1.0923,1.3116,1.3467,1.1545,0.74538,0.17446,-0.46259,-1.0255,-1.3508,-1.3229,-0.97362,-0.46135,0.04788,0.45587,0.73202,0.88805,0.95937,0.9902,1.0227,1.0843,1.18,1.2962,1.4124,1.51,1.5815,1.6226,1.6353,1.624
-0.32868,-0.32649,-0.17937,-0.06254,-0.035232,0.0087206,0.20771,0.56924,0.98167,1.2917,1.4031,1.3572,1.2698,1.2087,1.1777,1.1523,1.1025,0.99343,0.78746,0.46112,0.045791,-0.3547,-0.63207,-0.75357,-0.74585,-0.64876,-0.49529,-0.31987,-0.15296,-0.019005,0.078355,0.15573,0.23463,0.3195,0.38964,0.41274,0.37253,0.28423,0.20151,0.19695,0.31074,0.52124,0.76117,0.96235,1.0767,1.0765,0.96278,0.77502,0.59451,0.5177,0.60277,0.82731,1.0959,1.2872,1.3065,1.1083,0.70167,0.13925,-0.48886,-1.0544,-1.3993,-1.4111,-1.107,-0.62959,-0.14101,0.25561,0.52483,0.67731,0.74879,0.78733,0.83791,0.9268,1.055,1.2048,1.3531,1.4821,1.5775,1.6368,1.6619,1.6573
-0.48446,-0.41283,-0.19595,-0.022124,0.039087,0.087907,0.26475,0.58207,0.93816,1.2022,1.297,1.2645,1.2089,1.1888,1.2046,1.2336,1.2475,1.213,1.0892,0.84017,0.47274,0.065466,-0.27723,-0.4993,-0.59779,-0.58503,-0.48161,-0.32523,-0.16517,-0.041142,0.02965,0.068184,0.11284,0.18361,0.26337,0.31452,0.31056,0.26009,0.21088,0.22969,0.35327,0.56269,0.79908,1.0033,1.1319,1.1585,1.0799,0.92423,0.757,0.66591,0.70792,0.87463,1.0885,1.242,1.2408,1.0414,0.64921,0.10987,-0.49698,-1.0551,-1.4253,-1.4934,-1.2589,-0.84348,-0.39971,-0.028805,0.23325,0.39346,0.48676,0.55584,0.6393,0.75995,0.91918,1.1009,1.2815,1.4393,1.5613,1.6409,1.6787,1.6802
-0.5945,-0.46992,-0.20185,0.014091,0.10041,0.14913,0.30003,0.57083,0.87517,1.1028,1.1902,1.176,1.1515,1.1671,1.221,1.2921,1.3537,1.3731,1.3072,1.1116,0.77845,0.37192,-0.0054891,-0.28541,-0.44967,-0.49666,-0.43678,-0.30357,-0.15369,-0.03761,0.018241,0.032292,0.05134,0.10646,0.18737,0.25587,0.2795,0.25905,0.2359,0.2692,0.39507,0.59799,0.82854,1.0329,1.1698,1.2131,1.1549,1.0173,0.85859,0.75448,0.76568,0.89375,1.0732,1.2007,1.1898,0.99213,0.61122,0.091487,-0.49152,-1.033,-1.4085,-1.5146,-1.3424,-0.9902,-0.59183,-0.24319,0.017107,0.19395,0.31499,0.41656,0.53131,0.6775,0.85481,1.0486,1.2387,1.4069,1.538,1.6271,1.6744,1.6837
-0.73027,-0.53528,-0.20331,0.065452,0.18504,0.23133,0.33848,0.53556,0.76044,0.9371,1.0204,1.0399,1.0644,1.1306,1.2366,1.3624,1.4844,1.57,1.5727,1.4386,1.1449,0.74285,0.33386,-0.0042151,-0.23936,-0.3579,-0.356,-0.25856,-0.12289,-0.014095,0.031841,0.025259,0.017751,0.052999,0.13282,0.2192,0.27529,0.29221,0.30159,0.35225,0.47621,0.66206,0.8713,1.0617,1.1984,1.2561,1.2221,1.1075,0.9563,0.84004,0.81754,0.90014,1.0358,1.134,1.1074,0.91209,0.55129,0.066304,-0.47464,-0.98081,-1.3499,-1.4958,-1.4018,-1.1375,-0.80926,-0.49861,-0.24013,-0.03349,0.13835,0.2954,0.454,0.62437,0.80911,1.0025,1.1921,1.3618,1.5006,1.598,1.6514,1.664
-0.85032,-0.58829,-0.20012,0.11528,0.26546,0.30901,0.36911,0.48377,0.62118,0.74338,0.82698,0.88731,0.96609,1.0854,1.2427,1.4215,1.5997,1.7435,1.8022,1.7151,1.4491,1.0477,0.615,0.23734,-0.046787,-0.22018,-0.26948,-0.20715,-0.085931,0.021404,0.0668,0.054288,0.034294,0.060967,0.14371,0.24708,0.32986,0.37696,0.41002,0.46933,0.58063,0.73933,0.9171,1.0833,1.2103,1.2727,1.251,1.1461,0.99434,0.86079,0.80976,0.86155,0.97164,1.0514,1.0179,0.82592,0.48073,0.02615,-0.47041,-0.92811,-1.2649,-1.4183,-1.3791,-1.1972,-0.94705,-0.68556,-0.43523,-0.20047,0.024801,0.24008,0.44107,0.6268,0.80246,0.97463,1.1441,1.3032,1.4389,1.5406,1.6017,1.6219
-0.9291,-0.62106,-0.19688,0.148,0.31889,0.36083,0.38665,0.43784,0.50728,0.58794,0.67339,0.76689,0.88701,1.0459,1.2406,1.4575,1.6744,1.8561,1.9486,1.886,1.6299,1.2225,0.77282,0.37493,0.067636,-0.13309,-0.21192,-0.17239,-0.060865,0.048829,0.10232,0.09611,0.079236,0.1076,0.19534,0.31048,0.41086,0.47689,0.52229,0.57897,0.67154,0.79961,0.94665,1.0905,1.2058,1.2659,1.2452,1.1386,0.97987,0.83319,0.7667,0.8046,0.90433,0.97702,0.93991,0.74928,0.41343,-0.020344,-0.48322,-0.89779,-1.1962,-1.3339,-1.3126,-1.1757,-0.97775,-0.75421,-0.51627,-0.26431,-0.0068603,0.23808,0.45367,0.63619,0.79599,0.9477,1.099,1.2459,1.3774,1.4798,1.5446,1.5698
-1.0187,-0.65548,-0.19478,0.18212,0.37604,0.41712,0.40078,0.37184,0.35211,0.37966,0.47044,0.60766,0.77934,0.98676,1.2277,1.4906,1.7533,1.9782,2.106,2.0634,1.8073,1.3826,0.90854,0.49001,0.16503,-0.054421,-0.15481,-0.13369,-0.030778,0.086307,0.1575,0.17299,0.17473,0.21516,0.31051,0.43774,0.55578,0.64214,0.69661,0.74177,0.79901,0.87979,0.98007,1.0872,1.1808,1.2276,1.198,1.0819,0.90847,0.74801,0.67037,0.70044,0.79427,0.86331,0.82037,0.62686,0.29687,-0.11501,-0.53389,-0.88507,-1.1123,-1.199,-1.1688,-1.0652,-0.92192,-0.74756,-0.53321,-0.28017,-0.0052319,0.25712,0.47601,0.64188,0.76891,0.88261,1.0027,1.132,1.2592,1.3677,1.4434,1.4794
-1.091,-0.68214,-0.19683,0.20015,0.41213,0.45383,0.40197,0.30246,0.20204,0.18301,0.28192,0.45741,0.67206,0.92016,1.2009,1.5038,1.8058,2.0656,2.2183,2.1843,1.9164,1.4646,0.96287,0.52742,0.19649,-0.026935,-0.1322,-0.11392,-0.0049958,0.1278,0.22512,0.27012,0.29508,0.34772,0.45044,0.58603,0.72038,0.8241,0.88491,0.91168,0.9247,0.94706,0.99219,1.0592,1.1283,1.1639,1.1255,0.99608,0.80642,0.62791,0.53906,0.56758,0.66497,0.73369,0.68639,0.4848,0.15028,-0.251,-0.6327,-0.91597,-1.0596,-1.0722,-1.0009,-0.89613,-0.78088,-0.64452,-0.46347,-0.2277,0.038346,0.28783,0.48041,0.60582,0.68597,0.75769,0.84945,0.96629,1.0958,1.2146,1.3036,1.3535
-1.1343,-0.69839,-0.20378,0.20179,0.42308,0.46482,0.39231,0.24799,0.096949,0.049982,0.15536,0.35402,0.59313,0.8653,1.1716,1.5009,1.8284,2.1093,2.2745,2.2396,1.9561,1.4792,0.95553,0.50991,0.18167,-0.035175,-0.13442,-0.10937,0.010596,0.15899,0.27539,0.34067,0.38222,0.44635,0.55624,0.70019,0.84566,0.95897,1.0216,1.0326,1.0114,0.98736,0.98673,1.0199,1.0708,1.0985,1.0563,0.92107,0.72108,0.53323,0.44006,0.46952,0.56828,0.63491,0.57827,0.36253,0.016006,-0.38485,-0.74312,-0.97652,-1.0504,-0.99425,-0.87437,-0.74956,-0.63969,-0.52483,-0.3704,-0.16188,0.076924,0.29654,0.45424,0.54001,0.57974,0.61729,0.68802,0.80072,0.93709,1.0704,1.1766,1.2422
-1.1795,-0.7178,-0.2223,0.1864,0.41382,0.4562,0.36233,0.17292,-0.028639,-0.10088,0.011455,0.23017,0.48988,0.78516,1.1196,1.4796,1.8362,2.1393,2.3134,2.2691,1.9577,1.4444,0.89257,0.4402,0.1239,-0.072895,-0.15245,-0.111,0.024963,0.19335,0.33271,0.42186,0.48416,0.56297,0.68196,0.83631,0.99349,1.1176,1.1774,1.165,1.0974,1.0144,0.95788,0.9505,0.98105,1.0044,0.96444,0.83018,0.62642,0.43016,0.32733,0.34897,0.44121,0.49687,0.42321,0.1846,-0.18499,-0.59596,-0.9338,-1.1042,-1.0861,-0.93154,-0.73225,-0.56079,-0.43842,-0.3388,-0.21773,-0.055233,0.12934,0.28682,0.3755,0.39059,0.36745,0.36034,0.4107,0.52584,0.6817,0.8414,0.97467,1.065
-1.2064,-0.73296,-0.24383,0.16081,0.3891,0.43122,0.32631,0.11391,-0.11121,-0.19294,-0.075847,0.14835,0.41372,0.71943,1.07,1.4498,1.825,2.141,2.3177,2.2624,1.9278,1.3875,0.81877,0.36795,0.065947,-0.11207,-0.174,-0.1184,0.029836,0.21212,0.36827,0.47352,0.54675,0.62898,0.74947,0.90736,1.074,1.2082,1.2702,1.2428,1.1422,1.0152,0.9182,0.88502,0.90685,0.93465,0.90333,0.77601,0.57443,0.37548,0.26699,0.28068,0.36181,0.40228,0.30687,0.041021,-0.35497,-0.77947,-1.104,-1.2282,-1.1384,-0.9101,-0.6513,-0.44035,-0.29851,-0.19903,-0.098968,0.027103,0.16165,0.26088,0.28783,0.2421,0.16546,0.1209,0.15654,0.27936,0.45624,0.64356,0.80429,0.91819
-1.2373,-0.75693,-0.28386,0.10818,0.33294,0.37229,0.25792,0.028459,-0.20878,-0.28904,-0.16775,0.052494,0.31221,0.62272,0.989,1.3907,1.7872,2.1172,2.2944,2.2229,1.8592,1.2898,0.70874,0.2681,-0.010599,-0.16415,-0.2074,-0.13575,0.027473,0.22709,0.40249,0.52275,0.60175,0.67992,0.79528,0.95448,1.1333,1.2809,1.3494,1.3075,1.1716,0.99376,0.84894,0.78811,0.80608,0.84913,0.84039,0.73166,0.53977,0.34043,0.22159,0.21818,0.27727,0.28835,0.1578,-0.15067,-0.59117,-1.0462,-1.3644,-1.4331,-1.2508,-0.91937,-0.57258,-0.3011,-0.12818,-0.024963,0.054479,0.1333,0.19869,0.21146,0.1425,0.0028521,-0.15131,-0.24344,-0.21943,-0.080796,0.13397,0.36291,0.5607,0.70432
-1.2658,-0.78955,-0.33849,0.034391,0.25053,0.28526,0.16606,-0.065342,-0.29438,-0.35775,-0.23325,-0.029827,0.21132,0.51576,0.89074,1.31,1.7242,2.0649,2.2412,2.1558,1.7696,1.1823,0.60243,0.18249,-0.07015,-0.20315,-0.23142,-0.14849,0.026723,0.23832,0.423,0.54653,0.62138,0.69041,0.79672,0.95305,1.1351,1.2899,1.3584,1.3068,1.1485,0.94584,0.78043,0.70922,0.73169,0.78746,0.79485,0.70293,0.52453,0.33203,0.21038,0.18968,0.21692,0.18914,0.0099925,-0.34848,-0.83195,-1.31,-1.616,-1.6315,-1.3668,-0.9514,-0.5331,-0.20655,0.0035583,0.12222,0.1881,0.22694,0.22648,0.15551,-0.0054682,-0.23571,-0.46771,-0.61184,-0.60534,-0.44928,-0.20249,0.064547,0.29926,0.47581
-1.287,-0.82046,-0.38981,-0.033553,0.17341,0.20363,0.083698,-0.14072,-0.35076,-0.39361,-0.2677,-0.084257,0.13485,0.4285,0.8061,1.2357,1.6613,2.0091,2.1853,2.0927,1.6964,1.1053,0.53665,0.13883,-0.092289,-0.21208,-0.23298,-0.14552,0.03394,0.24896,0.434,0.55416,0.61923,0.67506,0.76793,0.91566,1.0952,1.2522,1.3232,1.2711,1.1083,0.89916,0.72943,0.65921,0.68677,0.75321,0.77334,0.69322,0.52469,0.33456,0.20553,0.16963,0.17657,0.12095,-0.086838,-0.4778,-0.99431,-1.4952,-1.7985,-1.7785,-1.4604,-0.9861,-0.5159,-0.14972,0.08566,0.21399,0.27517,0.28946,0.24777,0.12237,-0.10133,-0.39563,-0.68316,-0.8637,-0.86911,-0.70661,-0.43849,-0.14694,0.11077,0.30724
-1.3182,-0.87151,-0.47061,-0.13809,0.054118,0.077247,-0.040297,-0.24441,-0.41552,-0.4239,-0.30025,-0.15133,0.02986,0.3037,0.68104,1.1212,1.5601,1.9171,2.0947,1.9968,1.5959,1.0137,0.47335,0.11417,-0.084138,-0.1849,-0.20215,-0.11707,0.058161,0.26972,0.45171,0.56298,0.61013,0.63862,0.70053,0.82328,0.98951,1.1442,1.2223,1.1811,1.0313,0.83606,0.6802,0.622,0.65819,0.72453,0.74201,0.66234,0.49742,0.31665,0.19276,0.14865,0.13171,0.043518,-0.20564,-0.63703,-1.1842,-1.6949,-1.9789,-1.9147,-1.5402,-1.0161,-0.50573,-0.10642,0.15569,0.30079,0.36057,0.35612,0.27692,0.09993,-0.1827,-0.53684,-0.87941,-1.1042,-1.1375,-0.98193,-0.70938,-0.40394,-0.1272,0.089946
-1.3552,-0.93446,-0.56387,-0.25475,-0.07934,-0.063918,-0.17401,-0.3477,-0.46914,-0.4402,-0.32406,-0.21725,-0.078458,0.17206,0.54639,0.9954,1.4455,1.8104,1.9907,1.8922,1.4947,0.9307,0.42839,0.11604,-0.042619,-0.11958,-0.12829,-0.047155,0.11866,0.31904,0.48904,0.58347,0.60473,0.59679,0.61683,0.7006,0.83888,0.98173,1.0633,1.0415,0.92507,0.77297,0.66007,0.63129,0.67233,0.72347,0.71451,0.61019,0.43473,0.25625,0.14245,0.10611,0.086231,-0.019596,-0.29235,-0.74836,-1.3119,-1.8211,-2.0819,-1.9826,-1.5762,-1.0271,-0.49654,-0.079109,0.19897,0.35492,0.41883,0.40577,0.309,0.11042,-0.19403,-0.57028,-0.9386,-1.1952,-1.2637,-1.1403,-0.89122,-0.59846,-0.32575,-0.10656
-1.3877,-0.98972,-0.64078,-0.34822,-0.18487,-0.17535,-0.27788,-0.42254,-0.50136,-0.44485,-0.33796,-0.26576,-0.16112,0.070917,0.44174,0.89606,1.3535,1.7238,1.9068,1.8105,1.4194,0.87284,0.40257,0.12995,0.0052061,-0.048812,-0.045244,0.03624,0.19276,0.38083,0.53507,0.61137,0.60844,0.56895,0.55265,0.59984,0.70905,0.83588,0.91908,0.91825,0.84105,0.73973,0.67471,0.67368,0.71404,0.73741,0.68797,0.54768,0.35285,0.17684,0.080342,0.062425,0.051611,-0.055583,-0.33689,-0.7998,-1.3604,-1.8526,-2.0882,-1.9689,-1.5554,-1.0098,-0.48535,-0.071097,0.20851,0.36978,0.43903,0.43223,0.34183,0.15009,-0.14671,-0.51593,-0.88283,-1.1511,-1.2481,-1.1656,-0.95573,-0.69453,-0.44277,-0.23465
-1.437,-1.0737,-0.75169,-0.47714,-0.32912,-0.32746,-0.41474,-0.51414,-0.53269,-0.44169,-0.3514,-0.32747,-0.2688,-0.062113,0.30349,0.76294,1.2282,1.6049,1.7918,1.6995,1.3193,0.79923,0.37202,0.15073,0.07481,0.059659,0.085432,0.17188,0.31949,0.48899,0.62072,0.66851,0.63057,0.54676,0.47931,0.47295,0.5361,0.63433,0.71812,0.75231,0.74273,0.72528,0.73467,0.77299,0.80463,0.77831,0.65695,0.44791,0.21236,0.033932,-0.033105,-0.011312,0.0080732,-0.084679,-0.36073,-0.81561,-1.3543,-1.8091,-2.0067,-1.8707,-1.4704,-0.95576,-0.46289,-0.06969,0.2025,0.36744,0.44857,0.45793,0.39039,0.23251,-0.019187,-0.34115,-0.67683,-0.94894,-1.091,-1.08,-0.9493,-0.7549,-0.55098,-0.37266
-1.4782,-1.1429,-0.83918,-0.57519,-0.43704,-0.43995,-0.51282,-0.57474,-0.54729,-0.43313,-0.35833,-0.37085,-0.34499,-0.15585,0.20573,0.668,1.1375,1.5173,1.7061,1.616,1.2428,0.73975,0.34253,0.15991,0.1246,0.14407,0.19238,0.28671,0.42848,0.58333,0.69536,0.72137,0.65772,0.54361,0.43972,0.395,0.42242,0.49794,0.58073,0.64442,0.69208,0.74494,0.81341,0.87909,0.89876,0.82675,0.64145,0.3706,0.096053,-0.085909,-0.12761,-0.069051,-0.017236,-0.088428,-0.34873,-0.78646,-1.3,-1.7228,-1.8941,-1.7547,-1.3767,-0.89822,-0.44097,-0.073697,0.18583,0.35116,0.44281,0.47415,0.43898,0.32308,0.11982,-0.15472,-0.45654,-0.72272,-0.89427,-0.94312,-0.88088,-0.74963,-0.59462,-0.4494
-1.5375,-1.2411,-0.9585,-0.70382,-0.57521,-0.58255,-0.63359,-0.64271,-0.55575,-0.41619,-0.36428,-0.42322,-0.43665,-0.26739,0.089752,0.55411,1.0264,1.4073,1.5955,1.5049,1.1352,0.64856,0.28791,0.15731,0.17766,0.2462,0.32864,0.43651,0.57201,0.70737,0.79544,0.79572,0.70426,0.55683,0.41334,0.32446,0.31126,0.36208,0.44913,0.55571,0.6793,0.82129,0.96146,1.0575,1.0584,0.92163,0.64319,0.27984,-0.054782,-0.24001,-0.2391,-0.12411,-0.026358,-0.065016,-0.30139,-0.70906,-1.1802,-1.5565,-1.6997,-1.5686,-1.2352,-0.81682,-0.41474,-0.085835,0.1553,0.32054,0.43118,0.49352,0.5068,0.45821,0.33527,0.13892,-0.10791,-0.36159,-0.57083,-0.69577,-0.73169,-0.69381,-0.61355,-0.52094
-1.601,-1.3433,-1.0777,-0.82673,-0.70358,-0.71253,-0.74066,-0.69663,-0.55457,-0.39613,-0.36757,-0.46722,-0.51241,-0.35767,-0.0036493,0.46094,0.93279,1.3112,1.4945,1.3977,1.0258,0.54947,0.21851,0.13369,0.20777,0.32515,0.44143,0.56138,0.69068,0.8074,0.87232,0.85185,0.74157,0.57752,0.41589,0.30575,0.27212,0.31207,0.41292,0.56172,0.74943,0.95653,1.1439,1.2566,1.2376,1.0487,0.69285,0.2453,-0.14699,-0.34437,-0.30979,-0.14257,0.0013608,-0.0053614,-0.2144,-0.59347,-1.0307,-1.3746,-1.5047,-1.3946,-1.1109,-0.7558,-0.41222,-0.12292,0.10409,0.27944,0.41454,0.52041,0.59027,0.609,0.5593,0.43256,0.23786,0.0040626,-0.22716,-0.4174,-0.53829,-0.59043,-0.59029,-0.56005
-1.6503,-1.4219,-1.1661,-0.91426,-0.79204,-0.80096,-0.81162,-0.72986,-0.55132,-0.3821,-0.36936,-0.49329,-0.55554,-0.40702,-0.054414,0.40923,0.87832,1.2514,1.427,1.3216,0.94333,0.46918,0.15609,0.10572,0.21929,0.36921,0.50299,0.62516,0.74437,0.84641,0.89737,0.86695,0.75475,0.59397,0.43727,0.33082,0.29924,0.34456,0.46066,0.63631,0.85827,1.0945,1.2979,1.4111,1.3757,1.156,0.75985,0.27029,-0.15329,-0.35568,-0.30562,-0.11571,0.048065,0.057696,-0.13649,-0.49725,-0.91421,-1.245,-1.3809,-1.2988,-1.059,-0.7481,-0.4375,-0.16515,0.060013,0.24528,0.40373,0.53721,0.64433,0.71064,0.71467,0.63896,0.48179,0.2624,0.017251,-0.21091,-0.3904,-0.50548,-0.56051,-0.57189
-1.716,-1.5266,-1.2807,-1.0242,-0.89971,-0.90643,-0.8969,-0.77101,-0.5513,-0.37068,-0.37414,-0.51963,-0.59308,-0.44676,-0.094759,0.36551,0.82702,1.1891,1.3512,1.231,0.84015,0.36468,0.071912,0.062403,0.21865,0.39893,0.54307,0.65842,0.75942,0.84161,0.87732,0.84197,0.73837,0.60011,0.47568,0.4056,0.40718,0.48174,0.61996,0.81707,1.0577,1.3108,1.5216,1.6276,1.5731,1.3224,0.88936,0.36702,-0.074712,-0.27776,-0.21693,-0.017052,0.15199,0.16577,-0.019713,-0.36633,-0.76969,-1.1001,-1.2605,-1.2286,-1.0508,-0.79762,-0.52634,-0.26738,-0.030382,0.18465,0.38034,0.55748,0.71348,0.83414,0.89505,0.87198,0.75443,0.55324,0.29924,0.033915,-0.20302,-0.38452,-0.50354,-0.56891
-1.7635,-1.6029,-1.3636,-1.1013,-0.97295,-0.97818,-0.95697,-0.80407,-0.55889,-0.371,-0.38126,-0.53327,-0.60628,-0.45677,-0.10475,0.35056,0.80345,1.1551,1.3061,1.1749,0.77549,0.29971,0.019324,0.029806,0.20485,0.3944,0.53657,0.63941,0.72443,0.79074,0.81739,0.78431,0.69574,0.58667,0.50301,0.4803,0.52919,0.64211,0.80577,1.0122,1.2496,1.4913,1.6874,1.7788,1.7116,1.4521,1.0162,0.49683,0.059882,-0.1399,-0.084815,0.10243,0.2585,0.26449,0.076968,-0.26698,-0.67053,-1.0144,-1.2079,-1.2239,-1.0986,-0.88773,-0.63793,-0.37608,-0.11644,0.13124,0.3614,0.57034,0.7554,0.90582,0.99877,1.0075,0.91625,0.72983,0.47472,0.19249,-0.075531,-0.29748,-0.45882,-0.5614
-1.8224,-1.6995,-1.469,-1.1983,-1.0624,-1.0663,-1.0357,-0.85679,-0.58421,-0.38563,-0.39626,-0.54334,-0.60341,-0.4428,-0.090027,0.35505,0.79148,1.1247,1.2584,1.1133,0.70667,0.23481,-0.030193,-0.00277,0.17905,0.36045,0.4814,0.55495,0.60965,0.65334,0.67189,0.65085,0.59583,0.54176,0.53159,0.59216,0.72305,0.90154,1.1047,1.3181,1.5358,1.7409,1.8993,1.9629,1.8826,1.6285,1.2143,0.72612,0.31673,0.12199,0.15872,0.31544,0.44154,0.42542,0.22713,-0.12499,-0.54475,-0.92434,-1.1777,-1.2721,-1.22,-1.0603,-0.82925,-0.55299,-0.25417,0.044704,0.32507,0.57847,0.8015,0.98424,1.1057,1.1403,1.0714,0.90031,0.64911,0.35508,0.0612,-0.196,-0.39498,-0.532
-1.8745,-1.7892,-1.568,-1.2894,-1.1446,-1.1478,-1.1142,-0.92016,-0.62872,-0.41839,-0.41986,-0.54823,-0.58193,-0.40307,-0.048311,0.38394,0.79931,1.1098,1.2241,1.0676,0.66111,0.20127,-0.049171,-0.020487,0.14295,0.2909,0.36997,0.40302,0.42281,0.44449,0.46025,0.45771,0.44831,0.46384,0.54183,0.69947,0.92124,1.1719,1.4148,1.6321,1.8222,1.9823,2.0954,2.1273,2.0377,1.801,1.4297,0.99942,0.63859,0.45729,0.46524,0.57104,0.64936,0.60141,0.3881,0.029863,-0.40435,-0.82416,-1.1498,-1.3343,-1.37,-1.2678,-1.0492,-0.74353,-0.39052,-0.032628,0.30073,0.59102,0.83787,1.0375,1.1742,1.2247,1.171,1.0122,0.76723,0.47222,0.16702,-0.10993,-0.33383,-0.49689
-1.9086,-1.8519,-1.639,-1.3548,-1.2028,-1.2055,-1.1737,-0.97285,-0.67125,-0.45197,-0.44142,-0.54854,-0.55665,-0.36064,-0.0041432,0.4175,0.81558,1.1075,1.2072,1.0445,0.64371,0.19781,-0.044573,-0.027962,0.10492,0.21284,0.25391,0.25409,0.25143,0.26059,0.2754,0.28885,0.3124,0.38082,0.52733,0.75877,1.0498,1.3549,1.6301,1.8531,2.0225,2.1482,2.2255,2.233,2.1404,1.9229,1.5915,1.2119,0.89196,0.72297,0.71218,0.7816,0.82319,0.74989,0.52318,0.15831,-0.28683,-0.73394,-1.109,-1.3587,-1.4585,-1.401,-1.1966,-0.875,-0.48521,-0.082759,0.28689,0.60705,0.8715,1.0777,1.2146,1.2641,1.2119,1.058,0.82034,0.52884,0.22661,-0.052129,-0.28431,-0.46134
-1.9466,-1.9293,-1.7305,-1.4411,-1.279,-1.2806,-1.2524,-1.048,-0.73335,-0.49988,-0.46827,-0.54063,-0.51022,-0.28975,0.06874,0.47453,0.84744,1.1132,1.1932,1.0251,0.6385,0.21813,-0.014791,-0.02587,0.048543,0.087215,0.065215,0.018742,-0.011359,-0.010973,0.011017,0.048525,0.11631,0.25024,0.47969,0.80203,1.18,1.5537,1.8719,2.1027,2.25,2.33,2.3608,2.3402,2.2464,2.0645,1.7968,1.4896,1.2256,1.0706,1.0336,1.058,1.0571,0.95482,0.71473,0.34417,-0.11035,-0.58316,-1.0087,-1.3317,-1.5086,-1.5088,-1.3241,-0.98441,-0.55446,-0.10798,0.3013,0.6443,0.9164,1.1191,1.2486,1.2937,1.2433,1.0966,0.86831,0.58817,0.29099,0.011316,-0.22629,-0.41145
-1.9768,-2.0003,-1.8207,-1.53,-1.3585,-1.3565,-1.3307,-1.1213,-0.79137,-0.54009,-0.48433,-0.51926,-0.44929,-0.20614,0.15221,0.54016,0.88607,1.1242,1.1848,1.0153,0.65053,0.26244,0.037915,-0.0098827,-0.0079171,-0.051491,-0.14373,-0.23422,-0.28027,-0.27621,-0.23824,-0.17837,-0.074641,0.11065,0.40758,0.80206,1.2474,1.6761,2.0282,2.2707,2.4045,2.4585,2.4583,2.4151,2.3235,2.1681,1.9537,1.7136,1.5031,1.3717,1.3217,1.3103,1.2719,1.146,0.89808,0.53159,0.081273,-0.40006,-0.8543,-1.2233,-1.4541,-1.4988,-1.3378,-0.99952,-0.55544,-0.087308,0.34349,0.70106,0.9771,1.1719,1.2855,1.3138,1.2534,1.1072,0.88947,0.62407,0.34313,0.074973,-0.15952,-0.3501
-1.9942,-2.0498,-1.8892,-1.6003,-1.4217,-1.4142,-1.3862,-1.1675,-0.82239,-0.55589,-0.48271,-0.49213,-0.39597,-0.1386,0.21764,0.59141,0.917,1.1348,1.1821,1.0144,0.6705,0.30985,0.091256,0.012316,-0.043764,-0.1513,-0.29431,-0.41065,-0.46025,-0.44544,-0.39563,-0.32416,-0.2063,0.00416,0.33582,0.77407,1.2601,1.7217,2.092,2.3389,2.4655,2.504,2.4884,2.4368,2.3488,2.2148,2.0355,1.8361,1.6608,1.5449,1.4913,1.4645,1.4085,1.2698,1.0194,0.65758,0.21442,-0.26254,-0.71909,-1.0992,-1.347,-1.4115,-1.27,-0.94663,-0.50879,-0.038438,0.39738,0.75953,1.032,1.2147,1.3123,1.3272,1.2597,1.1135,0.90171,0.64756,0.37764,0.11917,-0.10849,-0.2965
-2.0109,-2.112,-1.982,-1.6999,-1.5111,-1.4895,-1.4464,-1.2058,-0.83277,-0.54523,-0.45373,-0.43711,-0.3135,-0.043322,0.30729,0.66099,0.95909,1.1497,1.1803,1.018,0.70646,0.38731,0.18053,0.061352,-0.071012,-0.26047,-0.46244,-0.60267,-0.64572,-0.61036,-0.54271,-0.46049,-0.3373,-0.11761,0.23233,0.69895,1.2178,1.7092,2.1009,2.3563,2.4784,2.5025,2.4698,2.4076,2.3231,2.211,2.0709,1.919,1.785,1.6939,1.6445,1.6072,1.5357,1.3863,1.1324,0.77743,0.35023,-0.10577,-0.5416,-0.90557,-1.1459,-1.2162,-1.094,-0.79896,-0.3899,0.059578,0.48572,0.8435,1.1117,1.2838,1.3632,1.3567,1.2724,1.1205,0.91543,0.67601,0.42584,0.18487,-0.032449,-0.21878
-2.0193,-2.1561,-2.053,-1.7782,-1.5818,-1.5433,-1.4795,-1.212,-0.81153,-0.50798,-0.40871,-0.38037,-0.24387,0.030957,0.37521,0.71337,0.9909,1.1612,1.1796,1.0227,0.73831,0.45386,0.26068,0.11892,-0.062069,-0.30537,-0.54493,-0.69877,-0.73324,-0.68166,-0.60034,-0.51314,-0.39466,-0.18465,0.15881,0.62487,1.1508,1.6515,2.0525,2.312,2.433,2.4507,2.41,2.343,2.2594,2.1576,2.0369,1.9102,1.8017,1.7299,1.6904,1.655,1.5814,1.4292,1.1753,0.825,0.40862,-0.02883,-0.4384,-0.77229,-0.98455,-1.04,-0.92269,-0.64889,-0.26649,0.16057,0.57159,0.92155,1.1813,1.3414,1.4057,1.3849,1.2904,1.1346,0.93244,0.70273,0.46457,0.23552,0.027299,-0.15515
-2.0247,-2.2113,-2.1488,-1.8887,-1.6808,-1.6117,-1.5071,-1.1917,-0.74773,-0.42291,-0.31986,-0.28759,-0.14482,0.13029,0.46387,0.78195,1.034,1.1794,1.1827,1.0338,0.78747,0.55336,0.38752,0.23288,0.0086466,-0.28823,-0.57292,-0.74597,-0.77575,-0.70954,-0.61453,-0.52764,-0.42157,-0.23586,0.08153,0.52394,1.0343,1.5257,1.9219,2.1787,2.2979,2.3147,2.2733,2.2049,2.1212,2.0223,1.9105,1.8009,1.717,1.6703,1.6531,1.6338,1.5696,1.4194,1.1676,0.82079,0.41448,5.8112e-05,-0.36823,-0.64415,-0.79337,-0.79838,-0.66336,-0.40956,-0.069877,0.31459,0.6975,1.0327,1.2859,1.4372,1.4854,1.4427,1.3282,1.1614,0.96068,0.74271,0.5201,0.30584,0.10752,-0.071386
-2.0243,-2.2613,-2.2449,-2.006,-1.7839,-1.6768,-1.5179,-1.143,-0.65139,-0.30515,-0.20322,-0.17878,-0.040657,0.22808,0.54866,0.8479,1.0771,1.2005,1.1912,1.0514,0.84341,0.6639,0.5382,0.39319,0.15137,-0.17464,-0.4892,-0.68264,-0.72224,-0.65992,-0.57157,-0.49566,-0.40887,-0.24896,0.032474,0.43516,0.90521,1.3626,1.7349,1.9792,2.0964,2.1162,2.0788,2.0118,1.9247,1.8197,1.7036,1.5973,1.5274,1.5069,1.5197,1.5256,1.4754,1.3296,1.0714,0.71993,0.32214,-0.061529,-0.37406,-0.5737,-0.63996,-0.57793,-0.40804,-0.15573,0.15572,0.50266,0.85458,1.1705,1.4108,1.5485,1.5781,1.5138,1.3801,1.2022,1.0006,0.79032,0.58058,0.37765,0.18618,0.0089447
-2.0198,-2.2951,-2.3158,-2.0956,-1.8619,-1.7201,-1.5153,-1.0925,-0.56539,-0.2041,-0.10513,-0.09024,0.038768,0.29907,0.60912,0.89484,1.109,1.2186,1.2022,1.0705,0.89256,0.75712,0.66918,0.54313,0.3043,-0.029032,-0.3561,-0.56716,-0.62726,-0.58363,-0.51046,-0.44508,-0.37054,-0.2314,0.017775,0.3783,0.80454,1.2234,1.5682,1.7986,1.9131,1.9399,1.9112,1.8488,1.7598,1.6444,1.515,1.3999,1.3324,1.327,1.3627,1.3913,1.3568,1.2151,0.95331,0.5957,0.19865,-0.16754,-0.4391,-0.57407,-0.56737,-0.43913,-0.22608,0.039036,0.33805,0.66068,0.98882,1.2881,1.5177,1.6456,1.6613,1.5783,1.4251,1.233,1.0265,0.81969,0.61935,0.42766,0.24414,0.068522
-2.0085,-2.3339,-2.4043,-2.2115,-1.9615,-1.7686,-1.4988,-1.0148,-0.44594,-0.068162,0.025966,0.026247,0.14074,0.38742,0.68293,0.95298,1.1514,1.2474,1.2251,1.106,0.9683,0.89312,0.86382,0.77875,0.56408,0.23742,-0.10073,-0.34248,-0.4445,-0.44153,-0.39572,-0.34742,-0.28813,-0.1772,0.026164,0.32504,0.68341,1.0388,1.3322,1.5315,1.6392,1.6784,1.6726,1.6295,1.5438,1.4164,1.2618,1.1215,1.0443,1.048,1.1083,1.165,1.15,1.0136,0.74258,0.36924,-0.034852,-0.38114,-0.59369,-0.63587,-0.51719,-0.28752,-0.0052837,0.28958,0.58539,0.88588,1.1864,1.4617,1.6706,1.7772,1.7686,1.6596,1.483,1.2745,1.0613,0.85799,0.66569,0.48234,0.30506,0.13274
-1.9901,-2.3616,-2.4802,-2.3167,-2.0521,-1.8077,-1.4755,-0.94053,-0.33879,0.050247,0.13888,0.12765,0.23021,0.46419,0.747,1.0054,1.1937,1.2822,1.2593,1.154,1.0528,1.0352,1.0697,1.0424,0.8722,0.56995,0.22717,-0.049662,-0.20476,-0.25285,-0.2457,-0.22156,-0.18072,-0.096139,0.061217,0.29614,0.57925,0.86199,1.0974,1.2643,1.3677,1.4266,1.4499,1.4318,1.3589,1.2245,1.0483,0.87957,0.77871,0.77531,0.84306,0.91363,0.90895,0.7707,0.48652,0.094739,-0.31939,-0.64989,-0.80794,-0.75609,-0.52654,-0.19097,0.17235,0.51311,0.81992,1.1061,1.3819,1.6305,1.8159,1.9002,1.8666,1.7294,1.5255,1.2976,1.0769,0.8762,0.69396,0.52193,0.35266,0.1831
-1.9713,-2.3731,-2.5251,-2.3856,-2.1128,-1.8325,-1.459,-0.89364,-0.27504,0.1187,0.20433,0.18859,0.28575,0.51324,0.78907,1.0415,1.2257,1.3131,1.2932,1.1991,1.1225,1.144,1.2263,1.2482,1.1201,0.84348,0.50155,0.20046,0.0054941,-0.082098,-0.10654,-0.10343,-0.081194,-0.020718,0.099453,0.28534,0.51241,0.74141,0.93396,1.0765,1.1773,1.2524,1.303,1.3133,1.2599,1.1312,0.94374,0.75106,0.62466,0.6025,0.66303,0.73281,0.72591,0.57975,0.28025,-0.13098,-0.55828,-0.88107,-0.9995,-0.88076,-0.56705,-0.15208,0.27128,0.64752,0.96735,1.25,1.5117,1.743,1.9091,1.9722,1.9165,1.7582,1.5375,1.2992,1.0753,0.87722,0.70209,0.53793,0.37522,0.20953
-1.9385,-2.3744,-2.5661,-2.4594,-2.1813,-1.8609,-1.4417,-0.84748,-0.21834,0.17586,0.26034,0.24397,0.34046,0.56494,0.83602,1.0846,1.2681,1.3593,1.3492,1.2723,1.2239,1.2886,1.4294,1.5175,1.4499,1.2141,0.87972,0.55343,0.31319,0.17745,0.11682,0.090087,0.078837,0.094366,0.15854,0.27955,0.43982,0.60471,0.74577,0.85684,0.95419,1.0514,1.1419,1.1966,1.1802,1.0732,0.88736,0.67666,0.51663,0.45687,0.48114,0.51933,0.48577,0.31521,-0.0094226,-0.4426,-0.88223,-1.1957,-1.2715,-1.0737,-0.66569,-0.15912,0.33863,0.76456,1.1077,1.3907,1.6375,1.8458,1.9869,2.0254,1.9453,1.7636,1.5235,1.2736,1.0481,0.85694,0.69257,0.53922,0.38459,0.22351
-1.9077,-2.365,-2.5812,-2.4981,-2.2224,-1.8788,-1.4351,-0.82898,-0.20034,0.19031,0.27466,0.26285,0.36437,0.59129,0.86285,1.112,1.2989,1.3979,1.4001,1.3386,1.3077,1.3964,1.5722,1.7044,1.6819,1.4812,1.1621,0.82652,0.55985,0.39205,0.30333,0.25053,0.21075,0.1895,0.21031,0.2828,0.39551,0.5184,0.62759,0.72148,0.81783,0.93012,1.0459,1.1315,1.1481,1.0683,0.89927,0.68741,0.50449,0.40707,0.3895,0.39086,0.32765,0.13235,-0.21482,-0.66962,-1.1251,-1.4385,-1.4889,-1.2435,-0.7732,-0.20626,0.33976,0.79803,1.1579,1.4441,1.6841,1.8796,2.0054,2.0276,1.9318,1.7365,1.4866,1.2326,1.0092,0.82492,0.66942,0.5256,0.3795,0.22447
-1.8592,-2.3381,-2.5781,-2.5266,-2.2633,-1.9034,-1.4382,-0.82711,-0.20783,0.17268,0.25697,0.25702,0.37325,0.6101,0.8879,1.1429,1.3396,1.455,1.4791,1.4404,1.429,1.538,1.7457,1.9247,1.9566,1.8038,1.5141,1.181,0.89284,0.69094,0.56174,0.46824,0.3838,0.31296,0.27756,0.29348,0.35277,0.4306,0.50505,0.57684,0.66648,0.78878,0.93245,1.0598,1.1243,1.093,0.95963,0.75891,0.55647,0.40808,0.3252,0.26262,0.14521,-0.092465,-0.4739,-0.95619,-1.429,-1.7428,-1.7712,-1.4818,-0.9556,-0.33266,0.26261,0.75958,1.145,1.4426,1.6795,1.8641,1.9733,1.9775,1.8656,1.6592,1.4056,1.1559,0.94251,0.77058,0.62793,0.4936,0.3537,0.20304
-1.8029,-2.2946,-2.5489,-2.5283,-2.2913,-1.9324,-1.4586,-0.84917,-0.24352,0.12338,0.20701,0.22237,0.35945,0.61315,0.90262,1.1692,1.3818,1.5197,1.5714,1.5582,1.5615,1.6771,1.8988,2.108,2.1823,2.0723,1.8139,1.4943,1.2004,0.97621,0.81466,0.67986,0.54717,0.42323,0.33578,0.30368,0.32313,0.3676,0.41487,0.46376,0.538,0.65823,0.81711,0.97644,1.0861,1.1057,1.0193,0.8479,0.6436,0.45646,0.30781,0.17164,-0.0098284,-0.29653,-0.70808,-1.2088,-1.6946,-2.0165,-2.0422,-1.7344,-1.1781,-0.5179,0.11384,0.6409,1.0472,1.3559,1.5962,1.7767,1.8795,1.8781,1.763,1.5565,1.3062,1.0633,0.86032,0.70115,0.57033,0.4476,0.31755,0.17354
-1.7559,-2.2526,-2.5114,-2.5141,-2.3052,-1.9587,-1.4853,-0.87808,-0.28194,0.073397,0.15484,0.18207,0.33701,0.6058,0.90693,1.1851,1.4127,1.5709,1.6471,1.6558,1.6689,1.7815,2.0009,2.2203,2.3163,2.2328,1.9978,1.6924,1.4003,1.165,0.98169,0.81696,0.64909,0.48946,0.37013,0.31186,0.30952,0.33343,0.35924,0.38658,0.44146,0.55132,0.71142,0.88615,1.0269,1.0851,1.039,0.89821,0.69995,0.49577,0.3085,0.12272,-0.10745,-0.4286,-0.86637,-1.3815,-1.8723,-2.1947,-2.2206,-1.9141,-1.3523,-0.68273,-0.037915,0.50455,0.92636,1.2481,1.4966,1.6814,1.7854,1.7845,1.6716,1.4707,1.2294,0.99771,0.80544,0.65445,0.53042,0.4112,0.28228,0.13849
-1.6872,-2.1867,-2.4445,-2.4772,-2.3157,-2.0014,-1.5346,-0.92629,-0.33802,0.002209,0.077817,0.11852,0.29727,0.58736,0.90582,1.2016,1.4518,1.6405,1.7534,1.7956,1.823,1.925,2.1254,2.338,2.4459,2.3872,2.1795,1.895,1.609,1.3621,1.152,0.95113,0.74522,0.55049,0.40151,0.32011,0.29585,0.29519,0.28742,0.27407,0.28801,0.36606,0.51624,0.70905,0.89104,1.0083,1.0223,0.92527,0.74337,0.51919,0.28468,0.042144,-0.23671,-0.59329,-1.0436,-1.559,-2.0499,-2.3811,-2.4251,-2.1375,-1.5913,-0.92376,-0.26898,0.29131,0.73433,1.0766,1.3428,1.5397,1.6527,1.6603,1.558,1.3705,1.1443,0.92676,0.74552,0.60007,0.47921,0.36086,0.23154,0.087121
-1.6328,-2.1319,-2.3845,-2.4376,-2.3186,-2.0379,-1.5793,-0.96432,-0.37625,-0.045276,0.024166,0.071916,0.26631,0.57189,0.9031,1.212,1.4795,1.692,1.8345,1.9043,1.9442,2.0353,2.2113,2.4049,2.5079,2.4577,2.2664,1.9966,1.7158,1.4617,1.233,1.0098,0.7826,0.57178,0.41078,0.31909,0.28145,0.25955,0.22137,0.16854,0.14102,0.18667,0.32453,0.52894,0.74332,0.90367,0.96131,0.8978,0.73045,0.50018,0.24378,-0.026998,-0.33101,-0.70276,-1.1579,-1.6698,-2.153,-2.4799,-2.5314,-2.2653,-1.7423,-1.0926,-0.4436,0.12368,0.58288,0.94509,1.2298,1.4412,1.566,1.585,1.4959,1.3229,1.1094,0.89954,0.7194,0.57302,0.44501,0.32052,0.18846,0.045002
-1.558,-2.0539,-2.2941,-2.3712,-2.3152,-2.0897,-1.6435,-1.0109,-0.41215,-0.088521,-0.028634,0.022336,0.23112,0.55285,0.89802,1.2217,1.5095,1.7521,1.9341,2.0437,2.1046,2.1826,2.3195,2.4722,2.5502,2.4946,2.3124,2.0554,1.7806,1.5201,1.2737,1.0296,0.78826,0.57116,0.40766,0.30744,0.24867,0.18924,0.096126,-0.024642,-0.12154,-0.12723,-0.0065352,0.21847,0.48129,0.70418,0.82157,0.80204,0.65638,0.42311,0.14772,-0.14651,-0.4678,-0.84354,-1.288,-1.7777,-2.2359,-2.5496,-2.6123,-2.3804,-1.9021,-1.2861,-0.64891,-0.071572,0.41309,0.80724,1.123,1.3592,1.5021,1.5359,1.4609,1.3019,1.1001,0.8956,0.71294,0.55459,0.41577,0.28127,0.14112,-0.0086333
-1.484,-1.9749,-2.1966,-2.2922,-2.3019,-2.1403,-1.7055,-1.0435,-0.41977,-0.094619,-0.045216,0.00094486,0.21321,0.54124,0.89365,1.2265,1.5291,1.7963,2.0138,2.1632,2.2506,2.3225,2.4196,2.5186,2.5519,2.4709,2.2806,2.027,1.7569,1.4938,1.2395,0.98759,0.74659,0.5386,0.38516,0.28267,0.19898,0.087601,-0.081868,-0.2928,-0.47463,-0.53614,-0.42691,-0.17062,0.15212,0.44367,0.6242,0.65102,0.52727,0.29575,0.0079916,-0.30017,-0.62462,-0.98479,-1.3983,-1.8459,-2.2621,-2.5485,-2.612,-2.4117,-1.9793,-1.4042,-0.78751,-0.20523,0.30506,0.73467,1.0851,1.3472,1.5078,1.5553,1.4929,1.3443,1.1462,0.93534,0.73659,0.55824,0.39711,0.24458,0.092599,-0.063342
-1.4305,-1.9176,-2.1224,-2.2278,-2.2844,-2.172,-1.7436,-1.0536,-0.4027,-0.069856,-0.027216,0.008951,0.21452,0.53919,0.89041,1.2252,1.5346,1.8155,2.0549,2.2313,2.3395,2.4106,2.4797,2.5348,2.5254,2.4155,2.2132,1.9579,1.6887,1.4247,1.1682,0.91968,0.68972,0.49939,0.35971,0.25712,0.14971,-0.011039,-0.25288,-0.54662,-0.8027,-0.90668,-0.79668,-0.5031,-0.12302,0.22835,0.45825,0.51716,0.40754,0.17348,-0.12336,-0.43663,-0.75396,-1.0927,-1.4705,-1.8745,-2.2479,-2.5039,-2.5601,-2.375,-1.9759,-1.4342,-0.83645,-0.25265,0.27639,0.73316,1.1088,1.3903,1.5627,1.6165,1.5576,1.4097,1.2078,0.98671,0.77148,0.57402,0.39262,0.22217,0.056825,-0.10666
-1.364,-1.8478,-2.0274,-2.1376,-2.2494,-2.2,-1.7778,-1.0426,-0.34727,0.0047465,0.041326,0.055937,0.23842,0.54525,0.88463,1.2138,1.5248,1.8162,2.0768,2.2829,2.4174,2.4915,2.5291,2.5267,2.4555,2.2975,2.0683,1.8036,1.534,1.2741,1.027,0.79717,0.59798,0.44063,0.32275,0.2144,0.067047,-0.17094,-0.51984,-0.93731,-1.3036,-1.4679,-1.3469,-0.9824,-0.50479,-0.059241,0.24327,0.34419,0.24575,0.00169,-0.31244,-0.63282,-0.93491,-1.2349,-1.5537,-1.891,-2.2016,-2.4095,-2.4423,-2.2664,-1.8964,-1.388,-0.81234,-0.23093,0.31467,0.79891,1.2032,1.5055,1.6896,1.7472,1.6859,1.5297,1.3125,1.0688,0.82538,0.59756,0.38846,0.19703,0.018196,-0.15279
-1.3071,-1.7891,-1.9407,-2.0456,-2.2003,-2.2051,-1.7855,-1.0026,-0.25737,0.1217,0.15645,0.14343,0.28777,0.56116,0.87681,1.1901,1.4922,1.7828,2.0523,2.2768,2.4317,2.5118,2.5268,2.4748,2.3422,2.1302,1.8662,1.5885,1.3236,1.0792,0.8563,0.65904,0.498,0.37846,0.28428,0.17253,-0.015706,-0.33617,-0.80472,-1.3628,-1.8507,-2.0694,-1.9088,-1.4394,-0.84411,-0.29685,0.072676,0.20447,0.10859,-0.15472,-0.49215,-0.82518,-1.1188,-1.3835,-1.6458,-1.9091,-2.1387,-2.2765,-2.2674,-2.0826,-1.7322,-1.2543,-0.70172,-0.1266,0.42843,0.93023,1.351,1.6656,1.8537,1.9073,1.8356,1.6641,1.4267,1.1579,0.8856,0.62669,0.39183,0.17896,-0.016177,-0.19825
-1.2722,-1.7547,-1.8833,-1.9776,-2.1532,-2.1899,-1.7701,-0.95325,-0.17163,0.22983,0.26592,0.22978,0.33884,0.57929,0.86963,1.1643,1.4527,1.7339,2,2.2289,2.393,2.4775,2.481,2.3986,2.2243,1.9727,1.6833,1.3982,1.141,0.91551,0.7194,0.55476,0.42848,0.33917,0.26234,0.14695,-0.07144,-0.45049,-1.0054,-1.6644,-2.2383,-2.4837,-2.2783,-1.7243,-1.0406,-0.42781,-0.016226,0.13522,0.036456,-0.24325,-0.60355,-0.95363,-1.2471,-1.4893,-1.7098,-1.9191,-2.0908,-2.1754,-2.1264,-1.9222,-1.5704,-1.1029,-0.5641,0.00068665,0.55129,1.0536,1.4783,1.794,1.9818,2.033,1.9549,1.7707,1.5138,1.2204,0.92207,0.64244,0.38743,0.16118,-0.040918,-0.22551
-1.2383,-1.7234,-1.8197,-1.8901,-2.0778,-2.1418,-1.7177,-0.8627,-0.039542,0.39131,0.43153,0.36481,0.42121,0.60981,0.85743,1.1182,1.3778,1.6341,1.8816,2.1025,2.2698,2.3592,2.354,2.2413,2.0201,1.7217,1.4027,1.1142,0.87769,0.68954,0.53976,0.42541,0.34793,0.29858,0.2436,0.12581,-0.12379,-0.56466,-1.2097,-1.9752,-2.6371,-2.9013,-2.6322,-1.9739,-1.1934,-0.50968,-0.055566,0.11081,0.0020933,-0.30785,-0.70977,-1.0962,-1.4031,-1.6271,-1.799,-1.9383,-2.0309,-2.0396,-1.9293,-1.6855,-1.3183,-0.85565,-0.33356,0.21192,0.74729,1.2404,1.6589,1.9709,2.1523,2.1921,2.0971,1.8914,1.6097,1.2901,0.96606,0.661,0.38786,0.14696,-0.067039,-0.26057
-1.2229,-1.7124,-1.7831,-1.8295,-2.0133,-2.0861,-1.6564,-0.78037,0.067473,0.51792,0.56296,0.47527,0.49063,0.63585,0.8467,1.0757,1.3061,1.535,1.7581,1.962,2.1235,2.2142,2.2059,2.077,1.8294,1.504,1.1691,0.88512,0.67297,0.52259,0.41557,0.34262,0.30186,0.27985,0.23897,0.12179,-0.14143,-0.60711,-1.2908,-2.1003,-2.7941,-3.0531,-2.7398,-2.0277,-1.2056,-0.49625,-0.031174,0.1336,0.011864,-0.32213,-0.75498,-1.1704,-1.4929,-1.7128,-1.8577,-1.9526,-1.9918,-1.946,-1.7874,-1.5048,-1.1174,-0.65043,-0.13651,0.39302,0.90975,1.3856,1.79,2.0919,2.2646,2.295,2.1887,1.969,1.6707,1.3326,0.98991,0.66875,0.3822,0.13275,-0.085019,-0.27918
-1.2168,-1.7145,-1.7502,-1.7571,-1.9223,-1.9919,-1.5546,-0.65914,0.21165,0.6848,0.73825,0.62565,0.58775,0.67314,0.82989,1.0109,1.1953,1.3775,1.555,1.7218,1.8623,1.9469,1.9358,1.7965,1.528,1.18,0.83665,0.57007,0.40224,0.314,0.27401,0.2595,0.26228,0.26496,0.23615,0.12127,-0.14,-0.60247,-1.2757,-2.0687,-2.7407,-2.9748,-2.6421,-1.9204,-1.0983,-0.39636,0.054704,0.20033,0.054806,-0.30826,-0.77174,-1.2155,-1.558,-1.7806,-1.9076,-1.9653,-1.9491,-1.8357,-1.6075,-1.2688,-0.84166,-0.36041,0.14305,0.64425,1.1247,1.5655,1.9429,2.2247,2.384,2.4039,2.2857,2.0499,1.7312,1.371,1.0081,0.67125,0.37372,0.11816,-0.10272,-0.29886
-1.2279,-1.7359,-1.7365,-1.6979,-1.8309,-1.8834,-1.4372,-0.53398,0.34807,0.83876,0.9016,0.76943,0.68361,0.71068,0.81163,0.94115,1.0747,1.2023,1.3222,1.4363,1.5408,1.6098,1.596,1.4553,1.1824,0.82944,0.4929,0.25736,0.14707,0.13104,0.15989,0.1991,0.23376,0.25351,0.23455,0.13447,-0.10103,-0.51996,-1.1269,-1.8328,-2.4167,-2.6094,-2.3036,-1.6471,-0.89087,-0.24087,0.17341,0.29202,0.12359,-0.25836,-0.74213,-1.2076,-1.568,-1.7972,-1.9152,-1.9445,-1.8853,-1.7204,-1.4384,-1.049,-0.58632,-0.088922,0.40776,0.88149,1.322,1.7212,2.0642,2.3217,2.4652,2.4737,2.3447,2.0966,1.7644,1.3904,1.0147,0.66857,0.36412,0.10348,-0.12023,-0.31642
-1.2465,-1.7638,-1.7395,-1.6638,-1.7654,-1.7989,-1.345,-0.44298,0.4408,0.94098,1.0112,0.8684,0.75142,0.738,0.7985,0.8891,0.98282,1.0667,1.1381,1.2043,1.2721,1.3237,1.3082,1.1741,0.90813,0.56338,0.24227,0.035983,-0.02893,0.010425,0.090292,0.16651,0.22136,0.24951,0.23564,0.14908,-0.05743,-0.42252,-0.95064,-1.5569,-2.0507,-2.2084,-1.9403,-1.3629,-0.68841,-0.10191,0.26709,0.35571,0.1715,-0.21896,-0.70377,-1.1657,-1.5229,-1.7522,-1.8699,-1.8955,-1.8224,-1.6315,-1.3162,-0.89594,-0.40934,0.095672,0.58225,1.0316,1.44,1.807,2.1218,2.3618,2.4956,2.4986,2.3646,2.1099,1.7694,1.3875,1.0065,0.65636,0.35313,0.095923,-0.12471,-0.31997
-1.2845,-1.8148,-1.7597,-1.6332,-1.6882,-1.6896,-1.2258,-0.33196,0.54634,1.0544,1.1344,0.9834,0.83337,0.77335,0.78477,0.82646,0.86861,0.89395,0.89827,0.89431,0.90439,0.92621,0.90964,0.79062,0.54597,0.22436,-0.068183,-0.23166,-0.23468,-0.12293,0.024067,0.14561,0.21781,0.24462,0.23041,0.16152,0.0076284,-0.26358,-0.65459,-1.1029,-1.4685,-1.587,-1.3873,-0.93994,-0.39738,0.079556,0.37332,0.41998,0.21946,-0.16321,-0.62675,-1.0649,-1.4047,-1.6262,-1.745,-1.7727,-1.6977,-1.4971,-1.1638,-0.72298,-0.22028,0.28884,0.76165,1.1791,1.544,1.8666,2.1464,2.3634,2.4867,2.4865,2.3511,2.0938,1.7495,1.3645,0.98314,0.63624,0.33751,0.084042,-0.13478,-0.32984
-1.3222,-1.8621,-1.7861,-1.6223,-1.6406,-1.6155,-1.1442,-0.25986,0.61028,1.1213,1.2089,1.0558,0.88767,0.79945,0.7791,0.78834,0.79522,0.77949,0.7348,0.67697,0.64039,0.63699,0.61999,0.51779,0.29762,0.0014851,-0.26586,-0.39755,-0.35904,-0.19897,-0.0082924,0.14031,0.22162,0.24439,0.22614,0.17151,0.061963,-0.12888,-0.40957,-0.73975,-1.0162,-1.1161,-0.97258,-0.6242,-0.18616,0.20621,0.44157,0.45555,0.24656,-0.12419,-0.56024,-0.9641,-1.275,-1.4825,-1.603,-1.6407,-1.5762,-1.383,-1.0545,-0.61523,-0.11852,0.37957,0.8356,1.2307,1.5695,1.8655,2.1224,2.3255,2.4414,2.4391,2.305,2.0509,1.7108,1.3303,0.95385,0.61263,0.31992,0.072257,-0.14126,-0.33202
-1.3827,-1.9339,-1.8334,-1.6245,-1.5944,-1.5336,-1.0517,-0.18148,0.67414,1.1859,1.284,1.1334,0.94992,0.83305,0.77855,0.75137,0.71806,0.65443,0.55097,0.42625,0.32876,0.29075,0.27433,0.20029,0.020822,-0.23351,-0.46081,-0.55181,-0.46461,-0.25235,-0.017918,0.1558,0.23875,0.24862,0.22192,0.18343,0.13348,0.050162,-0.087294,-0.27106,-0.44467,-0.52497,-0.45084,-0.22684,0.075308,0.3537,0.50847,0.47877,0.26411,-0.079129,-0.46003,-0.79694,-1.0513,-1.2297,-1.352,-1.4166,-1.3911,-1.237,-0.94119,-0.52944,-0.055046,0.42101,0.8511,1.2148,1.519,1.7828,2.0163,2.206,2.3201,2.3238,2.1991,1.955,1.6256,1.2578,0.89624,0.57021,0.29181,0.054993,-0.1519,-0.33941
-1.4512,-2.0113,-1.8928,-1.6456,-1.5709,-1.4739,-0.9819,-0.12501,0.7143,1.2244,1.3336,1.1907,1.0006,0.86522,0.78652,0.73195,0.6677,0.56679,0.41672,0.23688,0.086603,0.017695,0.0048569,-0.036552,-0.16912,-0.37684,-0.56477,-0.62169,-0.5004,-0.2543,0.0082007,0.19539,0.27293,0.26544,0.22639,0.20161,0.207,0.22289,0.21116,0.1504,0.059152,-0.0066482,0.0085683,0.12249,0.29981,0.46834,0.5461,0.48037,0.27185,-0.027769,-0.34007,-0.60287,-0.7979,-0.94624,-1.072,-1.1684,-1.1944,-1.1011,-0.86583,-0.50855,-0.081641,0.35313,0.74778,1.0818,1.3616,1.6065,1.8282,2.0127,2.1299,2.1446,2.0369,1.8131,1.5047,1.1577,0.81679,0.51292,0.25115,0.02898,-0.16572,-0.34433
-1.5053,-2.0702,-1.9427,-1.6728,-1.5685,-1.4449,-0.94362,-0.096188,0.73043,1.2377,1.3546,1.2199,1.0306,0.888,0.79809,0.72956,0.64859,0.527,0.35024,0.13721,-0.045953,-0.13345,-0.14142,-0.15726,-0.25247,-0.42219,-0.58085,-0.61802,-0.48298,-0.22439,0.048932,0.24034,0.31113,0.28904,0.23857,0.22131,0.26397,0.34493,0.4139,0.42781,0.38369,0.32296,0.29801,0.33953,0.43519,0.53006,0.55858,0.47419,0.27676,0.016677,-0.23917,-0.44352,-0.5939,-0.72129,-0.85322,-0.98007,-1.0545,-1.0199,-0.84576,-0.54544,-0.16784,0.22707,0.59143,0.90438,1.1721,1.4127,1.6345,1.8251,1.9506,1.9747,1.8787,1.6709,1.3842,1.0634,0.74932,0.46625,0.22395,0.013077,-0.17748,-0.35567
-1.578,-2.1454,-2.0119,-1.7209,-1.5826,-1.4239,-0.9088,-0.0724,0.73703,1.2381,1.3632,1.2417,1.0592,0.91512,0.81819,0.73949,0.64493,0.50417,0.30022,0.051781,-0.16779,-0.27599,-0.27594,-0.25704,-0.30109,-0.41716,-0.53448,-0.55088,-0.4106,-0.15094,0.12551,0.31741,0.38027,0.34127,0.27526,0.26313,0.34392,0.49394,0.64445,0.72965,0.72814,0.66824,0.6025,0.57104,0.57857,0.59268,0.56573,0.46358,0.28962,0.087144,-0.093543,-0.22583,-0.32467,-0.43109,-0.57516,-0.74516,-0.88944,-0.94368,-0.8669,-0.66079,-0.36626,-0.037165,0.28222,0.57144,0.83329,1.0798,1.3137,1.5182,1.6598,1.7043,1.6345,1.4584,1.2072,0.9231,0.64433,0.39378,0.17563,-0.017408,-0.19575,-0.36668
-1.6486,-2.2126,-2.0795,-1.7776,-1.6116,-1.4181,-0.8869,-0.060613,0.73146,1.2238,1.3546,1.247,1.0762,0.93759,0.84174,0.76097,0.66048,0.50784,0.28331,0.0046883,-0.24826,-0.37646,-0.3676,-0.3111,-0.30139,-0.36342,-0.44093,-0.44023,-0.30284,-0.052886,0.21753,0.40626,0.4633,0.41241,0.33472,0.32255,0.42522,0.61808,0.8194,0.94886,0.97245,0.91148,0.81702,0.73411,0.67838,0.63437,0.56866,0.4589,0.31438,0.1678,0.056298,-0.012825,-0.070138,-0.16492,-0.32557,-0.54184,-0.75997,-0.91001,-0.94073,-0.84264,-0.64297,-0.38749,-0.11597,0.15222,0.41678,0.6825,0.94248,1.1734,1.34,1.4095,1.3673,1.2244,1.0126,0.77174,0.53515,0.31919,0.12785,-0.047795,-0.21622,-0.38148
-1.698,-2.2553,-2.127,-1.8235,-1.6393,-1.4195,-0.87466,-0.05587,0.7216,1.2057,1.3391,1.2414,1.0813,0.95081,0.86005,0.78172,0.68032,0.5216,0.28312,-0.01909,-0.29999,-0.44521,-0.42953,-0.34312,-0.29227,-0.3137,-0.36117,-0.34824,-0.21383,0.025814,0.287,0.47204,0.52602,0.4719,0.39041,0.37745,0.48687,0.69307,0.91397,1.061,1.0951,1.0319,0.92138,0.81124,0.72342,0.65029,0.56861,0.4633,0.34383,0.23894,0.17245,0.13874,0.099931,0.0067688,-0.17066,-0.4205,-0.68906,-0.90561,-1.0152,-1.0004,-0.87805,-0.68479,-0.45228,-0.1966,0.078185,0.36728,0.65362,0.90846,1.0955,1.1854,1.1673,1.0533,0.87378,0.66522,0.45751,0.26594,0.091137,-0.072723,-0.23255,-0.39167
-1.7567,-2.2999,-2.1836,-1.8858,-1.6789,-1.4225,-0.85859,-0.049268,0.70501,1.1742,1.3082,1.2218,1.0772,0.96105,0.88126,0.80993,0.71068,0.54621,0.2887,-0.049204,-0.37398,-0.54726,-0.52504,-0.40073,-0.29569,-0.2614,-0.26769,-0.23721,-0.10883,0.1145,0.36356,0.54624,0.60734,0.5613,0.48216,0.46405,0.56418,0.76538,0.98615,1.1386,1.1774,1.1148,0.99573,0.86729,0.75581,0.66186,0.57292,0.48195,0.39823,0.34071,0.31811,0.31352,0.28529,0.18486,-0.014815,-0.30206,-0.62638,-0.91946,-1.1237,-1.2124,-1.1907,-1.0786,-0.89587,-0.6541,-0.36223,-0.037591,0.29072,0.58091,0.797,0.91358,0.92469,0.84546,0.70572,0.53849,0.36865,0.20632,0.053355,-0.097063,-0.24993,-0.40587
-1.7942,-2.3234,-2.2199,-1.9299,-1.7073,-1.4216,-0.84191,-0.041613,0.69292,1.1471,1.2784,1.1993,1.0661,0.96186,0.89206,0.82826,0.7326,0.56477,0.29238,-0.075252,-0.43869,-0.6399,-0.61775,-0.46771,-0.32249,-0.24598,-0.21912,-0.17278,-0.04647,0.16584,0.40741,0.59129,0.66133,0.62546,0.55132,0.52895,0.61617,0.80072,1.0078,1.1523,1.1891,1.1268,1.0078,0.87723,0.76213,0.66601,0.58154,0.50517,0.44456,0.41365,0.41298,0.41951,0.38998,0.27902,0.060609,-0.25148,-0.60709,-0.9401,-1.1949,-1.3431,-1.3835,-1.3283,-1.186,-0.95955,-0.65736,-0.3046,0.055362,0.37665,0.61731,0.75251,0.78036,0.72046,0.60447,0.46331,0.31736,0.17422,0.032163,-0.11332,-0.26366,-0.41636
-1.8349,-2.3422,-2.2593,-1.9827,-1.7376,-1.4093,-0.80926,-0.024466,0.67935,1.1089,1.2321,1.1603,1.0416,0.95317,0.89827,0.84653,0.75747,0.58607,0.29322,-0.11735,-0.53992,-0.78902,-0.77506,-0.594,-0.39584,-0.26326,-0.19046,-0.11822,0.011287,0.21335,0.44637,0.63314,0.71797,0.70017,0.63773,0.60996,0.67347,0.8235,0.99742,1.1202,1.1485,1.0895,0.97951,0.8601,0.75547,0.67299,0.60617,0.55062,0.51327,0.49955,0.50581,0.50845,0.46675,0.33687,0.099476,-0.23212,-0.61074,-0.97409,-1.2689,-1.4657,-1.5622,-1.561,-1.4594,-1.2507,-0.94056,-0.56136,-0.16576,0.18699,0.45217,0.60707,0.65334,0.6127,0.51704,0.39628,0.26956,0.1423,0.011692,-0.12513,-0.26987,-0.42018
-1.8646,-2.3474,-2.2882,-2.025,-1.7544,-1.3807,-0.76237,0.0013205,0.66895,1.0688,1.1784,1.1098,1.004,0.93127,0.89249,0.85488,0.77484,0.60227,0.29077,-0.16311,-0.65006,-0.95703,-0.96121,-0.7544,-0.5076,-0.32072,-0.19938,-0.096744,0.042309,0.23938,0.46345,0.65281,0.75187,0.75611,0.70932,0.68118,0.72104,0.82986,0.95949,1.0485,1.0629,1.0088,0.91849,0.8245,0.74535,0.68232,0.63003,0.58639,0.55695,0.54689,0.54947,0.53879,0.47529,0.3216,0.064081,-0.27912,-0.65913,-1.0173,-1.3075,-1.5097,-1.6199,-1.6413,-1.5665,-1.3801,-1.0789,-0.69186,-0.27647,0.098833,0.38309,0.54993,0.60275,0.56808,0.4813,0.37181,0.25521,0.13475,0.0076475,-0.12938,-0.27497,-0.42384
-1.8807,-2.3453,-2.3037,-2.0499,-1.7574,-1.3488,-0.71879,0.025553,0.66282,1.0372,1.1335,1.0638,0.96585,0.90533,0.87915,0.85373,0.78292,0.61304,0.2922,-0.18949,-0.72247,-1.0745,-1.0973,-0.87924,-0.60309,-0.38086,-0.22723,-0.1018,0.046492,0.24239,0.4641,0.65705,0.76983,0.79094,0.75633,0.72519,0.74593,0.82342,0.92048,0.98396,0.98513,0.93314,0.85764,0.7864,0.7314,0.68719,0.64615,0.60639,0.57332,0.55564,0.54405,0.51247,0.42461,0.25075,-0.019957,-0.36073,-0.72231,-1.0522,-1.3138,-1.4911,-1.5919,-1.6166,-1.5527,-1.3791,-1.0881,-0.70584,-0.28844,0.093475,0.3842,0.5554,0.60967,0.57395,0.48494,0.37355,0.25619,0.13577,0.008824,-0.12735,-0.27166,-0.41914
-1.8958,-2.3375,-2.3193,-2.0753,-1.7504,-1.2959,-0.65428,0.060604,0.65422,0.99259,1.0672,0.99202,0.9016,0.8561,0.84803,0.84038,0.78529,0.62561,0.30237,-0.20343,-0.78442,-1.1901,-1.2426,-1.0229,-0.72335,-0.46702,-0.27899,-0.12539,0.038043,0.23569,0.45562,0.65173,0.77909,0.8217,0.80527,0.77705,0.77854,0.81823,0.86978,0.89439,0.87464,0.82212,0.76569,0.72574,0.70258,0.68461,0.6557,0.61148,0.56156,0.51457,0.46846,0.4022,0.28371,0.085957,-0.19098,-0.5189,-0.84662,-1.1236,-1.3209,-1.4388,-1.4894,-1.4866,-1.4244,-1.276,-1.0174,-0.65814,-0.25098,0.13302,0.42873,0.60078,0.65013,0.60617,0.50904,0.39157,0.27023,0.14638,0.017832,-0.11904,-0.26302,-0.40898
-1.9058,-2.3278,-2.3323,-2.0947,-1.7333,-1.2363,-0.5881,0.094645,0.64333,0.94372,0.99403,0.90893,0.82233,0.79027,0.80068,0.81405,0.78046,0.64025,0.33037,-0.1754,-0.77812,-1.2247,-1.3162,-1.1154,-0.81344,-0.54014,-0.32769,-0.15246,0.02376,0.22369,0.43951,0.63611,0.77348,0.83628,0.84071,0.82243,0.81299,0.82071,0.82981,0.81634,0.77362,0.71851,0.67541,0.65721,0.6576,0.65545,0.63048,0.57514,0.49875,0.41537,0.32802,0.2209,0.06721,-0.1533,-0.43297,-0.7365,-1.0121,-1.217,-1.3351,-1.3777,-1.3698,-1.3292,-1.2535,-1.1167,-0.88853,-0.5651,-0.18418,0.1837,0.47236,0.64165,0.6885,0.64052,0.5379,0.41424,0.28677,0.15986,0.026848,-0.11223,-0.25475,-0.3954
-1.9119,-2.3229,-2.3428,-2.1068,-1.717,-1.1908,-0.54236,0.1152,0.63041,0.90239,0.93356,0.83841,0.75198,0.72899,0.75377,0.78505,0.77188,0.654,0.36679,-0.12053,-0.71828,-1.1818,-1.3053,-1.1331,-0.8461,-0.57479,-0.35648,-0.17345,0.0070752,0.2068,0.42037,0.61738,0.76361,0.8416,0.86287,0.85395,0.84059,0.8307,0.81265,0.77211,0.71023,0.64717,0.60701,0.59867,0.60956,0.61422,0.58696,0.5185,0.41927,0.3067,0.18781,0.049551,-0.13148,-0.36863,-0.65,-0.9324,-1.1633,-1.3072,-1.3597,-1.3429,-1.2869,-1.2154,-1.1292,-1.0029,-0.80052,-0.50723,-0.1525,0.20086,0.48383,0.65139,0.69681,0.64661,0.54191,0.41765,0.29132,0.16415,0.034464,-0.10161,-0.24223,-0.38173
-1.9211,-2.3234,-2.3615,-2.1229,-1.6971,-1.1381,-0.49263,0.13206,0.60479,0.8402,0.84345,0.73217,0.64335,0.63085,0.67604,0.73384,0.75349,0.67566,0.43515,-0.0042725,-0.56814,-1.034,-1.1999,-1.0828,-0.83969,-0.59333,-0.38498,-0.20406,-0.024721,0.17174,0.38076,0.5782,0.73474,0.83324,0.87902,0.88926,0.88079,0.8569,0.81153,0.73843,0.64796,0.56615,0.51746,0.50871,0.52381,0.52933,0.4955,0.4095,0.28109,0.13136,-0.027788,-0.2043,-0.41685,-0.67297,-0.9533,-1.2084,-1.3847,-1.455,-1.4285,-1.3388,-1.2245,-1.1135,-1.0096,-0.88953,-0.71577,-0.46423,-0.15115,0.17328,0.44129,0.60523,0.6543,0.6117,0.51604,0.40027,0.28073,0.1594,0.034669,-0.096027,-0.23001,-0.36179
-1.9311,-2.3306,-2.3814,-2.1395,-1.6882,-1.1088,-0.46749,0.13364,0.5781,0.78724,0.7686,0.64289,0.55096,0.54584,0.60644,0.68656,0.73516,0.69396,0.49885,0.11058,-0.41046,-0.86589,-1.0632,-0.99897,-0.80443,-0.59259,-0.40409,-0.23415,-0.06054,0.13053,0.33473,0.53243,0.69687,0.81265,0.87974,0.90907,0.90968,0.88223,0.82103,0.7255,0.61214,0.51054,0.44798,0.43208,0.4436,0.4474,0.4094,0.31307,0.16697,-0.0045428,-0.18869,-0.38917,-0.62049,-0.88752,-1.1668,-1.4071,-1.5555,-1.5877,-1.5176,-1.3838,-1.2297,-1.0863,-0.96285,-0.84174,-0.6875,-0.47106,-0.19352,0.10033,0.35182,0.51494,0.5755,0.55031,0.47147,0.36816,0.25691,0.14413,0.024732,-0.098728,-0.2231,-0.34432
-1.9518,-2.3527,-2.4199,-2.1706,-1.6892,-1.0888,-0.45407,0.11849,0.52933,0.70462,0.65512,0.50893,0.41198,0.41681,0.49887,0.61082,0.7022,0.717,0.59286,0.28616,-0.1635,-0.59454,-0.83211,-0.8466,-0.73142,-0.58164,-0.43752,-0.29569,-0.1405,0.038145,0.23643,0.43643,0.61544,0.75701,0.85629,0.91531,0.93492,0.91096,0.8362,0.71547,0.57009,0.44057,0.35685,0.32705,0.33119,0.32796,0.28016,0.17107,0.01144,-0.17538,-0.37327,-0.58697,-0.83219,-1.1136,-1.4014,-1.6412,-1.7764,-1.7827,-1.6771,-1.5025,-1.3059,-1.1236,-0.97381,-0.84893,-0.71784,-0.54462,-0.31795,-0.060896,0.17581,0.34367,0.42114,0.41844,0.36419,0.28641,0.20054,0.1058,0.0079128,-0.098085,-0.21077,-0.32514
-1.9846,-2.3938,-2.4746,-2.2161,-1.7103,-1.0953,-0.46826,0.082102,0.46386,0.60734,0.52677,0.35918,0.25675,0.2714,0.37519,0.52006,0.65675,0.73242,0.68644,0.46881,0.095501,-0.30937,-0.58878,-0.6874,-0.66096,-0.58433,-0.49399,-0.39152,-0.26498,-0.10652,0.081842,0.28462,0.48096,0.65208,0.78817,0.88424,0.93303,0.92364,0.84541,0.70443,0.53045,0.36839,0.25779,0.20964,0.20161,0.19386,0.14602,0.040461,-0.11272,-0.29159,-0.48373,-0.6966,-0.94806,-1.2436,-1.5554,-1.8217,-1.9785,-1.9953,-1.8865,-1.6942,-1.4691,-1.2529,-1.072,-0.92952,-0.80456,-0.6636,-0.48227,-0.26806,-0.055428,0.11434,0.21623,0.25033,0.23421,0.18847,0.12678,0.055687,-0.02698,-0.11855,-0.2152,-0.31165
-2.0187,-2.4381,-2.529,-2.263,-1.7428,-1.1204,-0.49773,0.039775,0.40235,0.52278,0.41942,0.23633,0.13045,0.15218,0.27211,0.44127,0.61227,0.73469,0.74868,0.5982,0.28067,-0.10628,-0.41705,-0.57932,-0.62196,-0.6048,-0.56099,-0.49359,-0.39491,-0.2567,-0.080031,0.12363,0.33414,0.53071,0.69801,0.8265,0.90259,0.90963,0.83619,0.68735,0.4968,0.31326,0.18129,0.11628,0.09921,0.088847,0.046762,-0.04558,-0.18234,-0.34062,-0.51393,-0.71369,-0.96145,-1.2653,-1.6017,-1.9072,-2.1099,-2.1668,-2.0813,-1.8925,-1.65,-1.4034,-1.1902,-1.0261,-0.89825,-0.77335,-0.62119,-0.43191,-0.23043,-0.056725,0.060174,0.11529,0.12228,0.099364,0.058992,0.0046343,-0.059381,-0.1339,-0.21595,-0.30071
-2.0791,-2.517,-2.6215,-2.3473,-1.812,-1.1833,-0.56407,-0.038294,0.30204,0.39198,0.25915,0.057763,-0.051119,-0.019217,0.12082,0.32079,0.53651,0.72039,0.81182,0.74522,0.49495,0.12878,-0.22093,-0.46386,-0.59782,-0.66302,-0.6876,-0.67526,-0.62035,-0.51554,-0.35908,-0.1574,0.071366,0.30376,0.51883,0.69569,0.81439,0.85086,0.78985,0.63654,0.42814,0.2231,0.0718,-0.00702,-0.031091,-0.038211,-0.067376,-0.13642,-0.23804,-0.36124,-0.50049,-0.67363,-0.90956,-1.2247,-1.5978,-1.9687,-2.2556,-2.3959,-2.3724,-2.2098,-1.9575,-1.6712,-1.4023,-1.1848,-1.0242,-0.89713,-0.76535,-0.60763,-0.42841,-0.25675,-0.12414,-0.045336,-0.015166,-0.01818,-0.040028,-0.074245,-0.11695,-0.1679,-0.2264,-0.29032
-2.1362,-2.5917,-2.7064,-2.4272,-1.8844,-1.2533,-0.63432,-0.11394,0.21204,0.27904,0.12453,-0.088062,-0.19623,-0.15584,-0.0014897,0.21977,0.46645,0.69286,0.83728,0.82696,0.62098,0.26846,-0.10649,-0.40321,-0.60065,-0.72702,-0.80624,-0.8412,-0.82482,-0.75174,-0.61645,-0.42192,-0.18166,0.080014,0.33628,0.55738,0.7153,0.78002,0.73283,0.58,0.36243,0.14538,-0.017473,-0.10534,-0.13152,-0.13461,-0.14705,-0.18685,-0.25534,-0.34288,-0.4549,-0.61215,-0.84366,-1.1674,-1.5687,-1.9898,-2.3474,-2.5658,-2.6064,-2.4771,-2.2192,-1.8966,-1.5766,-1.3091,-1.1106,-0.96279,-0.82939,-0.67955,-0.51029,-0.34628,-0.21755,-0.1389,-0.10548,-0.10209,-0.11473,-0.13646,-0.16395,-0.19958,-0.24305,-0.29185
-2.2292,-2.7118,-2.8401,-2.5569,-2.0081,-1.3752,-0.75497,-0.23833,0.070065,0.107,-0.074644,-0.29634,-0.39845,-0.34509,-0.1729,0.072857,0.35422,0.62848,0.83332,0.88798,0.73439,0.40142,0.0041532,-0.3472,-0.61622,-0.81867,-0.97151,-1.0752,-1.1217,-1.1056,-1.0154,-0.84318,-0.59274,-0.28777,0.032451,0.32449,0.5449,0.65574,0.63268,0.48365,0.25691,0.023391,-0.15217,-0.24249,-0.26313,-0.24629,-0.22937,-0.23333,-0.26056,-0.31068,-0.39193,-0.52856,-0.75312,-1.0878,-1.5231,-2.0071,-2.4554,-2.7795,-2.9156,-2.8417,-2.5859,-2.2141,-1.8101,-1.4477,-1.1663,-0.96284,-0.80413,-0.65647,-0.50658,-0.36744,-0.26336,-0.20798,-0.1951,-0.20575,-0.22156,-0.23345,-0.2426,-0.25297,-0.26911,-0.29285
-2.3409,-2.8549,-2.9956,-2.7113,-2.1616,-1.5293,-0.90612,-0.38977,-0.098652,-0.092027,-0.29598,-0.51894,-0.60739,-0.53767,-0.34992,-0.086031,0.22056,0.53069,0.78248,0.89,0.78342,0.47709,0.07688,-0.30502,-0.62467,-0.88874,-1.1104,-1.2868,-1.4103,-1.4703,-1.4478,-1.3172,-1.0658,-0.71636,-0.32385,0.048643,0.34016,0.50391,0.51051,0.37172,0.14077,-0.099577,-0.27975,-0.36968,-0.38034,-0.34612,-0.30339,-0.27524,-0.26946,-0.29199,-0.35252,-0.477,-0.69875,-1.0415,-1.4988,-2.0277,-2.5496,-2.97,-3.2003,-3.186,-2.9252,-2.4874,-1.9835,-1.5161,-1.1425,-0.86814,-0.66518,-0.50446,-0.3692,-0.26829,-0.21715,-0.21789,-0.25351,-0.29763,-0.32888,-0.33777,-0.33153,-0.31797,-0.30541,-0.29947
-2.4359,-2.975,-3.1244,-2.8408,-2.295,-1.6639,-1.0386,-0.522,-0.24339,-0.259,-0.47653,-0.69362,-0.76641,-0.6822,-0.48433,-0.21149,0.10728,0.43609,0.71427,0.85427,0.78115,0.50144,0.11357,-0.27326,-0.61296,-0.90932,-1.1731,-1.4024,-1.5891,-1.7178,-1.7626,-1.6773,-1.4341,-1.0544,-0.60704,-0.17232,0.17636,0.38334,0.41797,0.29136,0.061211,-0.18405,-0.36978,-0.46169,-0.46685,-0.41952,-0.35481,-0.30198,-0.27828,-0.28961,-0.34899,-0.4772,-0.70273,-1.0492,-1.5139,-2.0594,-2.6134,-3.0815,-3.3646,-3.3838,-3.1228,-2.6442,-2.0693,-1.5181,-1.0644,-0.72655,-0.4862,-0.31356,-0.19627,-0.1362,-0.13871,-0.1961,-0.28242,-0.36334,-0.41249,-0.42386,-0.40186,-0.36565,-0.33108,-0.30773
-2.575,-3.1477,-3.3082,-3.0293,-2.4906,-1.8644,-1.2372,-0.72146,-0.45894,-0.50183,-0.73105,-0.93093,-0.97551,-0.87085,-0.66213,-0.38324,-0.057215,0.28544,0.58771,0.7628,0.7332,0.49922,0.15021,-0.21477,-0.55306,-0.87055,-1.1766,-1.4673,-1.7348,-1.9623,-2.1085,-2.1017,-1.8861,-1.4788,-0.96559,-0.45293,-0.030955,0.2334,0.30659,0.19823,-0.029363,-0.2824,-0.47587,-0.56812,-0.56503,-0.50129,-0.41839,-0.35107,-0.31913,-0.33207,-0.39868,-0.53589,-0.76861,-1.1182,-1.5839,-2.1322,-2.6978,-3.1903,-3.5047,-3.5448,-3.266,-2.7288,-2.0694,-1.4284,-0.89361,-0.49155,-0.20822,-0.026919,0.067563,0.076032,0.0010168,-0.13801,-0.30168,-0.44317,-0.52761,-0.54267,-0.50798,-0.44477,-0.37594,-0.31798
-2.7241,-3.3285,-3.5001,-3.2274,-2.6998,-2.0827,-1.4555,-0.94175,-0.69488,-0.76059,-0.99393,-1.1675,-1.1776,-1.0512,-0.83504,-0.55632,-0.23118,0.11471,0.42902,0.62999,0.64306,0.46607,0.17899,-0.13218,-0.43662,-0.7448,-1.0653,-1.3953,-1.7257,-2.0424,-2.2932,-2.3839,-2.2248,-1.8154,-1.2565,-0.68004,-0.19774,0.11434,0.21899,0.1264,-0.097798,-0.35723,-0.5588,-0.65567,-0.65182,-0.5825,-0.49473,-0.42691,-0.40163,-0.42808,-0.51075,-0.6624,-0.9035,-1.2511,-1.703,-2.2299,-2.7723,-3.2451,-3.5437,-3.5645,-3.2578,-2.6774,-1.9639,-1.2649,-0.67515,-0.22808,0.081474,0.26679,0.33534,0.28956,0.13957,-0.083396,-0.32563,-0.52607,-0.64099,-0.66025,-0.60612,-0.51476,-0.41741,-0.33381
-2.8392,-3.4652,-3.6444,-3.3767,-2.8597,-2.2525,-1.629,-1.1187,-0.88322,-0.96209,-1.1925,-1.3413,-1.3226,-1.179,-0.95827,-0.68233,-0.3624,-0.020146,0.29675,0.51263,0.55831,0.43139,0.20348,-0.051003,-0.31212,-0.59412,-0.90659,-1.2462,-1.6043,-1.9682,-2.2876,-2.4538,-2.3544,-1.968,-1.3989,-0.79828,-0.28876,0.046273,0.16976,0.089541,-0.1316,-0.39532,-0.60873,-0.71845,-0.72252,-0.65603,-0.5677,-0.50245,-0.48704,-0.52991,-0.63324,-0.80362,-1.0549,-1.3996,-1.8337,-2.3274,-2.8252,-3.2486,-3.4994,-3.4811,-3.1447,-2.5446,-1.8177,-1.1074,-0.50591,-0.047601,0.26677,0.44868,0.5014,0.42481,0.23004,-0.046761,-0.34335,-0.58788,-0.72735,-0.75021,-0.68256,-0.56641,-0.44129,-0.33363
-2.9922,-3.6428,-3.8301,-3.5685,-3.0679,-2.4795,-1.8679,-1.3661,-1.1451,-1.2346,-1.452,-1.5628,-1.5043,-1.3374,-1.1104,-0.83993,-0.53176,-0.20099,0.11328,0.34578,0.43628,0.38264,0.24388,0.076711,-0.11288,-0.34146,-0.62009,-0.94375,-1.3085,-1.7031,-2.0809,-2.3319,-2.3192,-1.9963,-1.4575,-0.86219,-0.34765,-0.0037558,0.12629,0.049874,-0.17262,-0.4451,-0.67406,-0.80282,-0.82542,-0.77244,-0.69639,-0.64635,-0.65064,-0.72,-0.85027,-1.0418,-1.3022,-1.6383,-2.0403,-2.4775,-2.8952,-3.2216,-3.3751,-3.278,-2.9006,-2.2936,-1.5773,-0.88112,-0.29212,0.1551,0.45883,0.62529,0.65374,0.54235,0.30269,-0.025677,-0.37332,-0.65851,-0.8198,-0.8428,-0.75761,-0.61762,-0.46878,-0.34001
-3.1032,-3.7665,-3.9587,-3.7011,-3.2149,-2.6453,-2.0481,-1.5575,-1.3452,-1.4364,-1.6374,-1.7168,-1.6295,-1.4453,-1.2135,-0.94765,-0.64972,-0.33007,-0.020554,0.2231,0.34813,0.3512,0.28003,0.17729,0.043915,-0.13603,-0.3718,-0.66175,-1.0068,-1.3971,-1.7918,-2.0851,-2.1379,-1.8854,-1.4026,-0.8429,-0.3489,-0.016365,0.10666,0.025154,-0.20384,-0.48688,-0.73199,-0.88129,-0.92356,-0.88866,-0.82703,-0.78937,-0.80871,-0.89472,-1.0437,-1.2521,-1.5205,-1.8484,-2.221,-2.605,-2.9483,-3.1871,-3.2524,-3.0876,-2.6744,-2.0681,-1.3787,-0.7196,-0.16579,0.25375,0.53753,0.68879,0.7048,0.5806,0.32519,-0.023428,-0.39497,-0.70281,-0.87778,-0.90027,-0.80465,-0.64642,-0.47769,-0.33207
-3.2406,-3.9119,-4.1092,-3.8582,-3.392,-2.8537,-2.2843,-1.8153,-1.6127,-1.6958,-1.8676,-1.905,-1.7811,-1.5755,-1.3366,-1.0754,-0.79022,-0.48575,-0.18419,0.07273,0.24342,0.32086,0.33414,0.30888,0.24511,0.13216,-0.036478,-0.26291,-0.5515,-0.90159,-1.2813,-1.6024,-1.7348,-1.5933,-1.2178,-0.74016,-0.3025,-0.0069004,0.090557,-0.010395,-0.2591,-0.56674,-0.84326,-1.0272,-1.1001,-1.0885,-1.0424,-1.0178,-1.0544,-1.1619,-1.3375,-1.5708,-1.8517,-2.1675,-2.4951,-2.7947,-3.0205,-3.1257,-3.0665,-2.8104,-2.3626,-1.776,-1.1413,-0.54907,-0.058333,0.30973,0.55476,0.68356,0.68853,0.5605,0.30383,-0.047419,-0.42472,-0.73965,-0.91854,-0.93912,-0.83184,-0.6582,-0.47407,-0.31519
-3.3601,-4.0288,-4.231,-3.988,-3.5445,-3.0432,-2.5128,-2.0716,-1.8761,-1.9417,-2.0769,-2.0738,-1.9174,-1.6911,-1.4431,-1.1824,-0.90608,-0.61489,-0.32179,-0.054234,0.15683,0.29897,0.38263,0.42109,0.4168,0.36804,0.27066,0.12049,-0.094017,-0.3807,-0.71883,-1.0399,-1.2288,-1.1952,-0.94405,-0.57529,-0.21711,0.022679,0.080433,-0.055723,-0.34017,-0.68877,-1.0071,-1.2277,-1.3296,-1.3361,-1.3047,-1.2958,-1.3485,-1.4767,-1.671,-1.918,-2.2029,-2.5024,-2.7813,-2.9958,-3.1045,-3.0783,-2.8997,-2.5631,-2.0894,-1.5287,-0.9553,-0.44069,-0.028353,0.27168,0.4698,0.57216,0.57501,0.46482,0.23659,-0.086119,-0.44229,-0.74558,-0.91919,-0.93632,-0.82352,-0.64247,-0.45099,-0.28614
-3.4349,-4.0967,-4.3011,-4.0674,-3.6431,-3.1721,-2.6773,-2.261,-2.0689,-2.1155,-2.2197,-2.1879,-2.0107,-1.7697,-1.5124,-1.2488,-0.97567,-0.69197,-0.40467,-0.13163,0.10305,0.28266,0.40568,0.47957,0.51103,0.5061,0.46455,0.37581,0.22192,-0.010862,-0.31045,-0.6191,-0.83545,-0.87054,-0.7092,-0.42757,-0.13874,0.049909,0.067904,-0.10292,-0.42284,-0.8076,-1.1623,-1.4154,-1.5398,-1.5601,-1.5346,-1.5281,-1.5872,-1.7243,-1.932,-2.1938,-2.4865,-2.7724,-3.0118,-3.1563,-3.174,-3.0525,-2.7926,-2.4064,-1.9186,-1.3823,-0.86129,-0.41201,-0.064153,0.18213,0.34328,0.43095,0.44076,0.35525,0.16286,-0.12094,-0.44345,-0.72472,-0.88936,-0.90423,-0.79421,-0.6147,-0.42235,-0.25576
-3.5131,-4.1591,-4.3661,-4.1514,-3.7565,-3.329,-2.887,-2.5076,-2.3169,-2.3301,-2.3905,-2.3249,-2.1247,-1.8651,-1.593,-1.3206,-1.0468,-0.76942,-0.48981,-0.21505,0.039651,0.25345,0.41157,0.51599,0.58189,0.62619,0.65168,0.64187,0.5693,0.4124,0.17094,-0.11219,-0.35179,-0.45979,-0.40264,-0.22564,-0.02657,0.088535,0.04615,-0.18121,-0.5571,-1.0024,-1.4158,-1.7151,-1.8678,-1.8926,-1.8586,-1.8459,-1.9084,-2.0646,-2.3014,-2.5884,-2.8858,-3.1483,-3.3186,-3.3613,-3.2651,-3.0383,-2.6969,-2.2605,-1.7667,-1.261,-0.80029,-0.42996,-0.16654,0.0047607,0.11619,0.18854,0.21963,0.18372,0.055047,-0.16438,-0.43153,-0.67253,-0.81502,-0.82711,-0.72192,-0.55191,-0.3695,-0.21069
-3.5656,-4.1899,-4.4017,-4.2162,-3.8559,-3.4736,-3.0868,-2.7464,-2.5518,-2.5249,-2.5405,-2.4472,-2.2285,-1.9506,-1.6606,-1.3748,-1.0954,-0.82204,-0.55301,-0.28672,-0.028902,0.20019,0.37683,0.4975,0.58313,0.66231,0.74356,0.80554,0.81199,0.73085,0.54983,0.29876,0.049959,-0.1094,-0.13277,-0.044888,0.070325,0.11376,0.005961,-0.28253,-0.72151,-1.2283,-1.6976,-2.039,-2.2106,-2.2369,-2.1955,-2.1771,-2.2452,-2.417,-2.6748,-2.9802,-3.2816,-3.5156,-3.6242,-3.5762,-3.3775,-3.0563,-2.6438,-2.1713,-1.6723,-1.1968,-0.79515,-0.50141,-0.31816,-0.21534,-0.14851,-0.080967,-0.015981,0.010246,-0.042704,-0.18636,-0.38893,-0.58545,-0.70759,-0.71792,-0.62673,-0.47393,-0.30584,-0.15718
-3.5888,-4.1941,-4.4133,-4.2563,-3.9271,-3.5784,-3.2311,-2.9178,-2.717,-2.6569,-2.6404,-2.53,-2.2999,-2.0085,-1.7031,-1.4046,-1.1193,-0.84861,-0.59027,-0.33802,-0.08981,0.13852,0.31987,0.445,0.53728,0.63265,0.74569,0.85437,0.91673,0.89007,0.75547,0.53103,0.28086,0.091875,0.021647,0.056336,0.12215,0.1196,-0.031583,-0.3654,-0.85268,-1.4073,-1.9176,-2.2856,-2.4652,-2.4844,-2.4314,-2.4077,-2.4805,-2.6696,-2.9499,-3.2727,-3.5741,-3.7838,-3.8391,-3.7228,-3.4581,-3.0844,-2.6367,-2.1459,-1.6481,-1.189,-0.81713,-0.56434,-0.42867,-0.37122,-0.33119,-0.26774,-0.17742,-0.10276,-0.096756,-0.18293,-0.33789,-0.50165,-0.60797,-0.61884,-0.53722,-0.40004,-0.25002,-0.11885
-3.6019,-4.1809,-4.4137,-4.3045,-4.0236,-3.7176,-3.4157,-3.1304,-2.9161,-2.8111,-2.7553,-2.6283,-2.3873,-2.0778,-1.7507,-1.4335,-1.1386,-0.87156,-0.63171,-0.40815,-0.18737,0.024591,0.20006,0.32378,0.41875,0.52732,0.67098,0.82914,0.95309,0.99076,0.91152,0.72213,0.47864,0.26734,0.15394,0.13898,0.15558,0.10564,-0.095775,-0.48453,-1.03,-1.6401,-2.1942,-2.5857,-2.7662,-2.7716,-2.7024,-2.6723,-2.7557,-2.9677,-3.2767,-3.6212,-3.9222,-4.0972,-4.0895,-3.897,-3.562,-3.1351,-2.6531,-2.1443,-1.6447,-1.1999,-0.8573,-0.64523,-0.55511,-0.53797,-0.52497,-0.45377,-0.32556,-0.1929,-0.12098,-0.143,-0.24338,-0.36953,-0.46042,-0.47656,-0.41567,-0.3053,-0.18035,-0.068616
-3.6011,-4.1608,-4.4075,-4.3394,-4.0989,-3.8237,-3.5477,-3.2745,-3.0459,-2.9069,-2.826,-2.6913,-2.445,-2.1229,-1.7794,-1.4482,-1.1461,-0.88279,-0.65985,-0.46448,-0.27417,-0.08444,0.079414,0.19804,0.29101,0.40364,0.56323,0.74874,0.90808,0.98528,0.94089,0.77701,0.54383,0.32668,0.19402,0.15587,0.14845,0.074284,-0.15485,-0.57607,-1.1546,-1.7957,-2.3683,-2.7624,-2.9342,-2.925,-2.846,-2.8164,-2.9119,-3.144,-3.474,-3.8302,-4.124,-4.2701,-4.2233,-3.9928,-3.6279,-3.1799,-2.6841,-2.1678,-1.6631,-1.2164,-0.8767,-0.67488,-0.60291,-0.60706,-0.6043,-0.53293,-0.38267,-0.21175,-0.096755,-0.080181,-0.15149,-0.26044,-0.34664,-0.37116,-0.32632,-0.23409,-0.12674,-0.031261
-3.5908,-4.1257,-4.3948,-4.3869,-4.2052,-3.9691,-3.7149,-3.4451,-3.1883,-3.0059,-2.8981,-2.7587,-2.5084,-2.1721,-1.8087,-1.46,-1.1496,-0.89255,-0.69466,-0.54217,-0.40057,-0.24771,-0.10331,0.004146,0.086918,0.19275,0.35782,0.56579,0.76005,0.87803,0.87381,0.74184,0.5287,0.31438,0.17196,0.11416,0.086935,-0.0058564,-0.25114,-0.68889,-1.2859,-1.9404,-2.5171,-2.8995,-3.0488,-3.02,-2.9343,-2.9144,-3.0299,-3.2875,-3.6362,-3.9936,-4.2668,-4.3804,-4.2997,-4.0491,-3.6782,-3.2303,-2.7334,-2.2102,-1.6959,-1.2389,-0.89045,-0.6818,-0.60477,-0.60552,-0.60059,-0.5201,-0.35647,-0.16525,-0.022035,0.027625,-0.012864,-0.10218,-0.1866,-0.22494,-0.2078,-0.14867,-0.072134,-0.00080212
-3.5745,-4.0865,-4.3795,-4.4339,-4.3168,-4.1176,-3.8732,-3.5867,-3.2923,-3.0689,-2.9415,-2.8022,-2.5512,-2.2049,-1.8261,-1.4631,-1.1462,-0.89621,-0.72381,-0.6156,-0.52647,-0.41556,-0.2943,-0.20071,-0.13408,-0.047434,0.10496,0.31649,0.53074,0.67723,0.70243,0.59512,0.39892,0.196,0.061067,0.0090805,-0.014513,-0.10576,-0.35122,-0.78776,-1.3767,-2.009,-2.5474,-2.8864,-3.0031,-2.966,-2.8922,-2.8927,-3.0304,-3.2986,-3.6437,-3.9824,-4.2278,-4.3161,-4.2352,-4.0067,-3.6704,-3.2563,-2.7818,-2.2634,-1.7371,-1.2556,-0.87712,-0.64015,-0.54005,-0.52302,-0.50517,-0.4155,-0.24334,-0.043366,0.10913,0.16806,0.13479,0.047008,-0.045069,-0.10251,-0.11207,-0.08121,-0.030437,0.019621
-3.5615,-4.0575,-4.3667,-4.4672,-4.4,-4.2271,-3.9829,-3.6743,-3.3455,-3.094,-2.9557,-2.818,-2.5683,-2.2175,-1.8298,-1.4589,-1.1389,-0.89417,-0.7388,-0.66134,-0.61085,-0.53243,-0.42971,-0.34674,-0.29521,-0.22995,-0.098061,0.10248,0.3195,0.47744,0.51806,0.42485,0.2403,0.048582,-0.071973,-0.10699,-0.1126,-0.18783,-0.4191,-0.84003,-1.4055,-2.0008,-2.4901,-2.7816,-2.8693,-2.8268,-2.7666,-2.7889,-2.943,-3.2207,-3.5583,-3.8707,-4.0829,-4.1563,-4.0861,-3.8989,-3.6173,-3.2526,-2.8101,-2.3049,-1.772,-1.2697,-0.86258,-0.59375,-0.46277,-0.42005,-0.38447,-0.28958,-0.12228,0.069125,0.21554,0.27314,0.2411,0.15245,0.05288,-0.021004,-0.05123,-0.043375,-0.014207,0.018003
-3.5448,-4.0211,-4.3479,-4.5033,-4.5004,-4.3634,-4.1122,-3.7671,-3.3906,-3.1041,-2.9536,-2.8178,-2.5716,-2.2173,-1.8219,-1.4444,-1.1216,-0.88124,-0.74257,-0.69792,-0.69101,-0.65159,-0.57426,-0.51059,-0.48515,-0.45671,-0.36504,-0.19322,0.010192,0.16784,0.21586,0.13308,-0.036315,-0.20641,-0.29679,-0.29476,-0.26131,-0.29835,-0.49174,-0.86988,-1.3807,-1.9051,-2.3151,-2.5381,-2.5867,-2.5437,-2.5076,-2.5588,-2.733,-3.0056,-3.3152,-3.5881,-3.7688,-3.8349,-3.8021,-3.6839,-3.4858,-3.2007,-2.8191,-2.3461,-1.8164,-1.2941,-0.85113,-0.53825,-0.3616,-0.27825,-0.21553,-0.11025,0.052243,0.23067,0.36314,0.40912,0.36684,0.266,0.14909,0.053467,-0.0051079,-0.025081,-0.018745,-0.0022351
-3.5348,-3.9976,-4.3305,-4.5191,-4.5607,-4.4501,-4.1938,-3.8208,-3.4103,-3.099,-2.9376,-2.8015,-2.5571,-2.2027,-1.8053,-1.4247,-1.0999,-0.8608,-0.7294,-0.70087,-0.7183,-0.70489,-0.64891,-0.60421,-0.60182,-0.60503,-0.54781,-0.40553,-0.22184,-0.074015,-0.032132,-0.11541,-0.27941,-0.43185,-0.49257,-0.45061,-0.37491,-0.37216,-0.52578,-0.86132,-1.3201,-1.7841,-2.1306,-2.3005,-2.3212,-2.2751,-2.2551,-2.3295,-2.5175,-2.7899,-3.0818,-3.3248,-3.478,-3.5409,-3.5315,-3.4675,-3.3421,-3.1306,-2.8085,-2.3724,-1.8562,-1.3263,-0.86006,-0.51417,-0.30053,-0.18299,-0.097358,0.016878,0.17309,0.3366,0.45315,0.48625,0.43396,0.32343,0.19459,0.08116,0.0061876,-0.029501,-0.037326,-0.032967
-3.5261,-3.9711,-4.3011,-4.5173,-4.6083,-4.5335,-4.2786,-3.877,-3.4272,-3.0833,-2.9022,-2.7593,-2.5158,-2.1641,-1.7674,-1.3849,-1.0574,-0.81716,-0.68845,-0.66989,-0.70829,-0.72422,-0.6975,-0.67948,-0.71003,-0.75874,-0.75442,-0.66209,-0.51396,-0.3886,-0.36171,-0.45418,-0.61733,-0.74919,-0.76569,-0.66267,-0.52148,-0.45351,-0.54535,-0.8137,-1.1966,-1.5743,-1.8364,-1.9417,-1.9309,-1.8872,-1.8938,-1.9989,-2.2034,-2.4673,-2.7282,-2.934,-3.0629,-3.1257,-3.1501,-3.1492,-3.1092,-2.9934,-2.7611,-2.3935,-1.9125,-1.3846,-0.89568,-0.51297,-0.25799,-0.10261,0.012038,0.13461,0.28349,0.43062,0.52918,0.54681,0.48166,0.35832,0.21385,0.081928,-0.014025,-0.070695,-0.095971,-0.10289
-3.5239,-3.9488,-4.2609,-4.4842,-4.6083,-4.5689,-4.3289,-3.9159,-3.4385,-3.062,-2.8533,-2.6957,-2.4513,-2.1042,-1.7103,-1.3273,-0.99595,-0.74929,-0.61469,-0.59587,-0.64513,-0.68375,-0.68514,-0.69637,-0.75967,-0.8525,-0.90568,-0.86905,-0.76476,-0.6705,-0.66404,-0.77303,-0.94418,-1.0645,-1.0413,-0.87339,-0.65585,-0.51103,-0.52704,-0.71964,-1.0237,-1.3252,-1.5224,-1.5843,-1.5565,-1.5189,-1.5447,-1.6697,-1.883,-2.1386,-2.3773,-2.5561,-2.6652,-2.7257,-2.7702,-2.8142,-2.8424,-2.8127,-2.673,-2.3857,-1.9638,-1.4654,-0.97611,-0.56915,-0.27611,-0.082227,0.05772,0.18977,0.32905,0.45767,0.53885,0.54367,0.46795,0.33256,0.17281,0.026577,-0.087735,-0.1588,-0.19116,-0.19754
-3.5261,-3.9349,-4.2232,-4.4353,-4.5722,-4.558,-4.3389,-3.9312,-3.4428,-3.0426,-2.8084,-2.6364,-2.3903,-2.0474,-1.6574,-1.2735,-0.93698,-0.68236,-0.53913,-0.51558,-0.57019,-0.62571,-0.64866,-0.6797,-0.76376,-0.88462,-0.97396,-0.97723,-0.90785,-0.84226,-0.85835,-0.98589,-1.1681,-1.2849,-1.2354,-1.0231,-0.74899,-0.543,-0.49686,-0.62764,-0.87439,-1.126,-1.2888,-1.335,-1.3055,-1.278,-1.315,-1.4475,-1.663,-1.9104,-2.1362,-2.2999,-2.3954,-2.4505,-2.5006,-2.567,-2.6368,-2.6648,-2.5909,-2.3689,-1.9949,-1.5231,-1.0424,-0.63189,-0.32797,-0.11929,0.03403,0.17198,0.31016,0.43027,0.49851,0.49063,0.40569,0.2649,0.10158,-0.052016,-0.16938,-0.24356,-0.27896,-0.28725
-3.533,-3.9181,-4.1614,-4.3387,-4.4723,-4.4867,-4.308,-3.9277,-3.4377,-3.0088,-2.7373,-2.543,-2.2952,-1.9595,-1.5747,-1.1894,-0.84428,-0.57562,-0.41732,-0.38509,-0.44627,-0.52492,-0.57612,-0.62987,-0.73337,-0.88023,-1.0072,-1.0568,-1.0363,-1.0137,-1.0701,-1.2303,-1.4326,-1.5473,-1.4688,-1.1993,-0.85102,-0.56206,-0.43233,-0.48451,-0.66447,-0.86746,-1.0018,-1.0389,-1.0168,-1.0049,-1.0624,-1.2101,-1.4266,-1.6626,-1.8657,-2.0051,-2.0824,-2.1272,-2.1802,-2.2647,-2.3714,-2.4568,-2.4577,-2.3173,-2.0181,-1.6019,-1.1511,-0.74644,-0.43321,-0.21185,-0.051161,0.083823,0.20882,0.31305,0.36901,0.35359,0.26352,0.11755,-0.051624,-0.20774,-0.32895,-0.40299,-0.43246,-0.42907
-3.5441,-3.9027,-4.0882,-4.2082,-4.3167,-4.3501,-4.2179,-3.8837,-3.4095,-2.9595,-2.6522,-2.4366,-2.1889,-1.862,-1.4823,-1.0948,-0.73975,-0.45539,-0.28067,-0.24044,-0.31098,-0.41475,-0.49256,-0.56259,-0.67574,-0.8367,-0.99098,-1.0804,-1.1043,-1.1246,-1.2193,-1.4108,-1.6361,-1.7565,-1.6578,-1.3401,-0.92221,-0.55276,-0.3394,-0.31486,-0.43594,-0.60863,-0.74384,-0.80323,-0.80975,-0.82224,-0.89401,-1.046,-1.2573,-1.4792,-1.6615,-1.7773,-1.8331,-1.8643,-1.912,-2.0038,-2.1339,-2.2614,-2.3213,-2.2487,-2.0173,-1.6563,-1.2445,-0.86583,-0.56954,-0.35907,-0.20701,-0.082753,0.030713,0.12185,0.16378,0.13571,0.03717,-0.11118,-0.27628,-0.42712,-0.536,-0.59444,-0.60756,-0.58864
-3.5541,-3.8914,-4.0272,-4.0931,-4.1699,-4.2088,-4.1113,-3.818,-3.3667,-2.9088,-2.5804,-2.3528,-2.1073,-1.7871,-1.4112,-1.0212,-0.65806,-0.36213,-0.17636,-0.13227,-0.21295,-0.33837,-0.43532,-0.5122,-0.62429,-0.78804,-0.95771,-1.0737,-1.1276,-1.178,-1.295,-1.5044,-1.7408,-1.8648,-1.7537,-1.4075,-0.94447,-0.51968,-0.24808,-0.17184,-0.25699,-0.41918,-0.56945,-0.66014,-0.70098,-0.73939,-0.82423,-0.97739,-1.1814,-1.3876,-1.5505,-1.6469,-1.6872,-1.7075,-1.754,-1.8519,-1.9943,-2.1398,-2.224,-2.1851,-1.9906,-1.6711,-1.2995,-0.95359,-0.68059,-0.48711,-0.35082,-0.24287,-0.14859,-0.075978,-0.047435,-0.081608,-0.17959,-0.32285,-0.48051,-0.61975,-0.71804,-0.76531,-0.76476,-0.72816
-3.5693,-3.8769,-3.9424,-3.9253,-3.9467,-3.9799,-3.9217,-3.6849,-3.2724,-2.8179,-2.4742,-2.2402,-2.0017,-1.6918,-1.3206,-0.92752,-0.55456,-0.24496,-0.04751,-0.0030948,-0.10191,-0.25779,-0.37803,-0.45733,-0.55846,-0.71341,-0.89187,-1.0351,-1.1285,-1.2161,-1.3599,-1.5832,-1.8194,-1.9328,-1.8008,-1.4215,-0.90968,-0.42567,-0.089336,0.042265,-0.0097267,-0.1714,-0.3542,-0.49898,-0.59798,-0.6826,-0.79466,-0.95469,-1.1468,-1.3301,-1.4632,-1.5301,-1.5474,-1.556,-1.5992,-1.7027,-1.8578,-2.0207,-2.1256,-2.1105,-1.9479,-1.6665,-1.3388,-1.04,-0.81368,-0.66332,-0.56538,-0.49452,-0.43451,-0.39187,-0.38578,-0.43199,-0.53091,-0.66559,-0.8074,-0.92549,-0.99896,-1.0169,-0.98375,-0.9139
-3.5814,-3.8666,-3.8785,-3.794,-3.7666,-3.7871,-3.7502,-3.5534,-3.1745,-2.7327,-2.39,-2.1593,-1.9297,-1.6283,-1.2607,-0.86598,-0.48697,-0.16955,0.033154,0.07444,-0.039742,-0.21784,-0.35322,-0.43223,-0.52081,-0.66248,-0.83641,-0.9914,-1.1078,-1.2192,-1.3786,-1.6016,-1.8224,-1.9116,-1.7565,-1.3553,-0.82018,-0.30668,0.060096,0.2187,0.1806,0.012962,-0.19963,-0.39358,-0.54623,-0.6757,-0.81236,-0.97493,-1.1551,-1.3164,-1.4277,-1.477,-1.483,-1.4871,-1.5339,-1.6439,-1.8041,-1.9686,-2.0725,-2.0569,-1.9028,-1.6425,-1.3461,-1.0839,-0.89583,-0.78399,-0.72421,-0.69092,-0.6675,-0.65666,-0.67378,-0.7325,-0.83262,-0.95757,-1.0805,-1.1738,-1.2191,-1.2106,-1.1544,-1.0638
-3.5969,-3.8541,-3.7947,-3.6188,-3.5201,-3.5142,-3.4944,-3.3447,-3.0157,-2.6062,-2.282,-2.0676,-1.8526,-1.5618,-1.1986,-0.80249,-0.41761,-0.093749,0.11038,0.14222,0.006222,-0.19739,-0.34602,-0.41757,-0.48279,-0.60042,-0.76298,-0.92651,-1.0662,-1.1986,-1.3618,-1.5611,-1.7364,-1.7746,-1.5819,-1.1604,-0.61267,-0.082791,0.30433,0.48186,0.44911,0.26204,0.00014607,-0.26582,-0.49504,-0.68529,-0.85594,-1.0258,-1.1929,-1.3316,-1.4168,-1.4433,-1.4358,-1.44,-1.4969,-1.6216,-1.7923,-1.955,-2.0437,-2.0076,-1.8409,-1.5867,-1.3183,-1.1013,-0.96815,-0.91475,-0.91463,-0.94099,-0.9754,-1.0163,-1.073,-1.1544,-1.2587,-1.3706,-1.4661,-1.5214,-1.5261,-1.4759,-1.3795,-1.252
-3.6094,-3.8423,-3.7156,-3.4496,-3.2761,-3.2359,-3.2213,-3.1121,-2.8399,-2.4803,-2.1939,-2.0053,-1.8065,-1.5241,-1.1634,-0.76594,-0.37833,-0.053265,0.14615,0.16364,0.005312,-0.2178,-0.36859,-0.421,-0.45419,-0.54243,-0.69094,-0.85826,-1.0111,-1.1496,-1.2929,-1.4422,-1.5454,-1.5156,-1.2831,-0.85513,-0.31794,0.20295,0.58981,0.77042,0.73156,0.51684,0.20031,-0.13951,-0.44496,-0.6932,-0.89416,-1.0702,-1.2271,-1.35,-1.4181,-1.4313,-1.4207,-1.4342,-1.5104,-1.6552,-1.8349,-1.9875,-2.0476,-1.9745,-1.7782,-1.515,-1.2607,-1.0766,-0.98838,-0.98784,-1.0482,-1.1375,-1.2376,-1.3416,-1.4501,-1.5634,-1.6752,-1.7714,-1.8344,-1.8491,-1.8093,-1.7188,-1.5881,-1.4308
-3.6157,-3.8324,-3.6597,-3.3297,-3.1006,-3.0312,-3.0163,-2.9343,-2.7086,-2.3973,-2.1481,-1.9831,-1.7964,-1.518,-1.1578,-0.75958,-0.37194,-0.049595,0.14288,0.14859,-0.024044,-0.25552,-0.39861,-0.42779,-0.43188,-0.49594,-0.63144,-0.79754,-0.95305,-1.0873,-1.2066,-1.3073,-1.3481,-1.2625,-1.0016,-0.57478,-0.05538,0.44598,0.82009,0.99203,0.9421,0.70559,0.35274,-0.035563,-0.3917,-0.68078,-0.90422,-1.0842,-1.2347,-1.3484,-1.4104,-1.4237,-1.4202,-1.4466,-1.5391,-1.6983,-1.8837,-2.0277,-2.064,-1.9599,-1.7351,-1.4557,-1.2011,-1.031,-0.96764,-0.99995,-1.0983,-1.2332,-1.3822,-1.5332,-1.6808,-1.8199,-1.9412,-2.0306,-2.0732,-2.0602,-1.991,-1.874,-1.7217,-1.5475
-3.6186,-3.8157,-3.5885,-3.1803,-2.8821,-2.7725,-2.7549,-2.7085,-2.5523,-2.3182,-2.1258,-1.9933,-1.8189,-1.5421,-1.1798,-0.78083,-0.39592,-0.080733,0.099766,0.090302,-0.094021,-0.32184,-0.43848,-0.42408,-0.3845,-0.41526,-0.53291,-0.69481,-0.85171,-0.97494,-1.0558,-1.0846,-1.0378,-0.88051,-0.58819,-0.17149,0.31473,0.78037,1.1262,1.278,1.2091,0.9461,0.55377,0.11403,-0.29593,-0.62564,-0.86906,-1.052,-1.1993,-1.3132,-1.3818,-1.407,-1.4188,-1.4643,-1.577,-1.7523,-1.9423,-2.0733,-2.0793,-1.9359,-1.6769,-1.3759,-1.1146,-0.95105,-0.90522,-0.96431,-1.0979,-1.2769,-1.4757,-1.6776,-1.8704,-2.0423,-2.1801,-2.2697,-2.2999,-2.2648,-2.1742,-2.036,-1.8643,-1.673
-3.6163,-3.7996,-3.537,-3.0764,-2.7304,-2.5921,-2.5734,-2.5575,-2.4606,-2.2921,-2.147,-2.0353,-1.8651,-1.5848,-1.2187,-0.81878,-0.43693,-0.12869,0.042346,0.024742,-0.15909,-0.37005,-0.45371,-0.40034,-0.3271,-0.33487,-0.44057,-0.60089,-0.75917,-0.87312,-0.92393,-0.90018,-0.7935,-0.59018,-0.28081,0.12586,0.58591,1.0213,1.3436,1.4777,1.3947,1.114,0.69759,0.22941,-0.20701,-0.55395,-0.80315,-0.9871,-1.1386,-1.2631,-1.3459,-1.3843,-1.4074,-1.4639,-1.5876,-1.7722,-1.9646,-2.0869,-2.0743,-1.9078,-1.6289,-1.3163,-1.0509,-0.8871,-0.84262,-0.9055,-1.0501,-1.2434,-1.4638,-1.6918,-1.9102,-2.1029,-2.2537,-2.3481,-2.3772,-2.3407,-2.2454,-2.1051,-1.9339,-1.7437
-3.6056,-3.7711,-3.4673,-2.9461,-2.5442,-2.3735,-2.3573,-2.391,-2.3855,-2.3149,-2.233,-2.1408,-1.9639,-1.6712,-1.2964,-0.89425,-0.51727,-0.21943,-0.05979,-0.081006,-0.24797,-0.4134,-0.43302,-0.32031,-0.20465,-0.18983,-0.29055,-0.45726,-0.62114,-0.72452,-0.73631,-0.65229,-0.48013,-0.23039,0.095041,0.48624,0.91132,1.3075,1.5951,1.704,1.6025,1.306,0.87274,0.38701,-0.06403,-0.41805,-0.66975,-0.85908,-1.0247,-1.1725,-1.2803,-1.3388,-1.3739,-1.4353,-1.5612,-1.7477,-1.9408,-2.0594,-2.0369,-1.8598,-1.567,-1.2418,-0.96694,-0.79736,-0.74974,-0.81029,-0.95275,-1.1459,-1.3655,-1.5951,-1.8206,-2.0266,-2.1951,-2.309,-2.3575,-2.3398,-2.2607,-2.1348,-1.9767,-1.7988
-3.5851,-3.7317,-3.3932,-2.8239,-2.3761,-2.1812,-2.1766,-2.2708,-2.3717,-2.41,-2.3874,-2.2993,-2.1004,-1.7847,-1.3966,-0.9913,-0.61909,-0.33045,-0.17803,-0.19217,-0.32182,-0.41594,-0.35313,-0.17641,-0.02587,-0.00099775,-0.10923,-0.29176,-0.46749,-0.56831,-0.55726,-0.43364,-0.22011,0.060332,0.39686,0.77818,1.1777,1.5405,1.7959,1.879,1.7601,1.4547,1.0191,0.53572,0.090321,-0.25736,-0.5066,-0.70319,-0.8886,-1.0662,-1.2058,-1.2874,-1.3299,-1.3847,-1.4948,-1.6628,-1.8419,-1.9573,-1.9434,-1.7778,-1.5013,-1.1861,-0.91033,-0.72908,-0.6633,-0.70454,-0.8278,-1.0032,-1.2051,-1.4149,-1.6215,-1.8172,-1.9915,-2.129,-2.2132,-2.2342,-2.1924,-2.0975,-1.965,-1.8099
-3.5633,-3.6923,-3.3327,-2.7349,-2.2608,-2.0543,-2.0657,-2.2134,-2.4028,-2.5281,-2.5461,-2.4494,-2.2228,-1.8835,-1.4818,-1.0725,-0.70245,-0.41811,-0.26583,-0.26534,-0.35388,-0.38249,-0.25378,-0.033503,0.13567,0.16068,0.041148,-0.1585,-0.34912,-0.45702,-0.44222,-0.30384,-0.071653,0.22537,0.56883,0.94682,1.3322,1.675,1.9082,1.973,1.8426,1.5348,1.1051,0.6334,0.20294,-0.13445,-0.38133,-0.58567,-0.79039,-0.9916,-1.1532,-1.2464,-1.2858,-1.3237,-1.4121,-1.5625,-1.7338,-1.8524,-1.8513,-1.7081,-1.4501,-1.1477,-0.87692,-0.69227,-0.61555,-0.6398,-0.74137,-0.89265,-1.0674,-1.2496,-1.4332,-1.6155,-1.7899,-1.9414,-2.0515,-2.1054,-2.0972,-2.0339,-1.9288,-1.7955
-3.5254,-3.6255,-3.2418,-2.6167,-2.1186,-1.9069,-1.9485,-2.1782,-2.4942,-2.7394,-2.8044,-2.6805,-2.4036,-2.0249,-1.6013,-1.1833,-0.8122,-0.52819,-0.36781,-0.33601,-0.3573,-0.29304,-0.081767,0.18625,0.3699,0.38751,0.24511,0.015983,-0.20414,-0.33285,-0.3249,-0.18226,0.06078,0.36977,0.72144,1.0994,1.4744,1.7972,2.0065,2.049,1.9045,1.595,1.1789,0.73432,0.33548,0.02286,-0.2184,-0.43897,-0.67436,-0.91156,-1.1007,-1.2026,-1.228,-1.2348,-1.284,-1.3984,-1.5485,-1.6703,-1.6986,-1.5979,-1.3868,-1.1184,-0.86094,-0.66998,-0.57301,-0.56937,-0.63829,-0.75364,-0.8899,-1.032,-1.1784,-1.3345,-1.5016,-1.6682,-1.812,-1.9063,-1.9427,-1.9182,-1.8443,-1.7375
-3.4778,-3.5422,-3.137,-2.4955,-1.9863,-1.7812,-1.8636,-2.1829,-2.6303,-2.9952,-3.0957,-2.9287,-2.5903,-2.1667,-1.7176,-1.2869,-0.90966,-0.61911,-0.44109,-0.36692,-0.31576,-0.16746,0.10771,0.40665,0.59431,0.5993,0.43376,0.17342,-0.081832,-0.24158,-0.25522,-0.1239,0.11946,0.43485,0.79464,1.1758,1.5453,1.8549,2.0447,2.0687,1.9125,1.6052,1.2082,0.79729,0.43715,0.15234,-0.083105,-0.32084,-0.58757,-0.85671,-1.0646,-1.1627,-1.1618,-1.1288,-1.1366,-1.2192,-1.355,-1.4855,-1.5458,-1.4941,-1.3324,-1.1015,-0.86281,-0.67152,-0.55902,-0.52885,-0.56457,-0.63993,-0.73219,-0.83194,-0.94486,-1.0822,-1.2466,-1.4244,-1.5884,-1.7117,-1.773,-1.7718,-1.7207,-1.6367
-3.4365,-3.4698,-3.0495,-2.4019,-1.893,-1.6994,-1.8178,-2.2057,-2.7495,-3.1983,-3.3162,-3.1099,-2.7236,-2.2661,-1.7972,-1.3549,-0.9697,-0.66912,-0.47182,-0.3618,-0.259,-0.059981,0.24608,0.55426,0.73773,0.73131,0.5498,0.26896,-0.010412,-0.19558,-0.23192,-0.11668,0.11887,0.43345,0.79793,1.1834,1.5547,1.8598,2.0403,2.0525,1.8874,1.5819,1.2006,0.81757,0.48936,0.22567,-0.0060911,-0.25544,-0.54193,-0.82655,-1.0389,-1.1273,-1.1047,-1.0429,-1.0245,-1.0883,-1.2176,-1.3568,-1.4413,-1.4267,-1.3025,-1.1017,-0.87912,-0.68813,-0.56202,-0.50866,-0.51596,-0.56264,-0.62877,-0.7064,-0.80199,-0.92775,-1.0874,-1.2675,-1.4396,-1.5722,-1.6452,-1.6547,-1.6122,-1.535
-3.3761,-3.362,-2.9224,-2.2746,-1.7757,-1.6065,-1.7759,-2.2501,-2.9089,-3.4511,-3.5808,-3.3213,-2.8772,-2.38,-1.886,-1.4269,-1.0267,-0.70681,-0.47886,-0.32226,-0.16366,0.079271,0.40193,0.70458,0.8741,0.85267,0.6557,0.35614,0.051622,-0.1663,-0.23918,-0.15414,0.061834,0.37217,0.74266,1.14,1.5201,1.8249,1.9956,1.9916,1.815,1.5103,1.1508,0.80834,0.52322,0.29172,0.069122,-0.19066,-0.49171,-0.78575,-0.99222,-1.0592,-1.0068,-0.91739,-0.8755,-0.92497,-1.0533,-1.2093,-1.3293,-1.3622,-1.2888,-1.1262,-0.92035,-0.72417,-0.57537,-0.4878,-0.45594,-0.46474,-0.50021,-0.55821,-0.6446,-0.76755,-0.92648,-1.1056,-1.2761,-1.4062,-1.4769,-1.484,-1.439,-1.3599
-3.3286,-3.2752,-2.8213,-2.1789,-1.6934,-1.5476,-1.7558,-2.2867,-3.0115,-3.602,-3.732,-3.4413,-2.9657,-2.4469,-1.9376,-1.4649,-1.0504,-0.71236,-0.45955,-0.27212,-0.085684,0.1692,0.48487,0.77122,0.92545,0.89441,0.6919,0.38534,0.06766,-0.17197,-0.27193,-0.21251,-0.012671,0.29315,0.66767,1.0731,1.459,1.765,1.9298,1.9174,1.7358,1.4357,1.0947,0.78166,0.52643,0.31614,0.10132,-0.15876,-0.45878,-0.74209,-0.92791,-0.97143,-0.90142,-0.80213,-0.75976,-0.81495,-0.95441,-1.1281,-1.2739,-1.3397,-1.2989,-1.1603,-0.96305,-0.75807,-0.58669,-0.46912,-0.40587,-0.38781,-0.40532,-0.45576,-0.54348,-0.67237,-0.83622,-1.0144,-1.1763,-1.2932,-1.3472,-1.3399,-1.2856,-1.2016
-3.2656,-3.1572,-2.6845,-2.0533,-1.5925,-1.4818,-1.7386,-2.3254,-3.0999,-3.7155,-3.8379,-3.5288,-3.0384,-2.5064,-1.9837,-1.4944,-1.0581,-0.69242,-0.40725,-0.18889,0.013503,0.25729,0.54025,0.79025,0.91937,0.87795,0.67479,0.36948,0.044857,-0.2157,-0.34695,-0.32168,-0.14615,0.14825,0.52513,0.93857,1.3336,1.644,1.8085,1.7933,1.6105,1.3217,1.0051,0.72545,0.50724,0.32123,0.12223,-0.12225,-0.39982,-0.64537,-0.78936,-0.80083,-0.7169,-0.62268,-0.59706,-0.676,-0.84525,-1.0549,-1.2414,-1.3475,-1.3421,-1.2243,-1.0284,-0.8056,-0.60062,-0.43947,-0.33122,-0.27635,-0.27303,-0.32143,-0.42077,-0.56465,-0.73706,-0.91189,-1.058,-1.1489,-1.1744,-1.1395,-1.061,-0.95738
-3.2072,-3.0434,-2.5532,-1.9356,-1.5036,-1.4288,-1.7248,-2.3379,-3.1109,-3.7023,-3.8161,-3.5247,-3.0546,-2.5305,-2.0025,-1.4994,-1.0416,-0.64803,-0.33372,-0.097252,0.096392,0.30057,0.52861,0.72905,0.82682,0.77594,0.5817,0.29131,-0.026692,-0.2984,-0.45982,-0.46896,-0.32109,-0.037989,0.3398,0.76473,1.173,1.4937,1.6628,1.6473,1.4677,1.1879,0.89505,0.65155,0.4689,0.31692,0.14516,-0.070347,-0.30473,-0.4967,-0.5863,-0.56192,-0.47277,-0.40083,-0.41575,-0.54397,-0.76368,-1.0204,-1.2485,-1.3911,-1.4089,-1.3009,-1.0983,-0.85128,-0.60802,-0.40145,-0.24865,-0.16,-0.139,-0.18767,-0.30159,-0.46514,-0.65016,-0.82085,-0.94403,-1.0018,-0.98887,-0.92097,-0.81816,-0.69623
-3.1693,-2.9645,-2.4619,-1.8562,-1.446,-1.3973,-1.7131,-2.3254,-3.0646,-3.6103,-3.7193,-3.4648,-3.0309,-2.5252,-1.9997,-1.4882,-1.0154,-0.60259,-0.2705,-0.028662,0.14612,0.30645,0.48024,0.634,0.70409,0.6465,0.46182,0.18714,-0.11912,-0.39329,-0.57025,-0.60116,-0.47151,-0.19723,0.18194,0.61247,1.029,1.3583,1.5358,1.5293,1.3594,1.0941,0.81918,0.59618,0.43643,0.30751,0.16325,-0.016422,-0.20539,-0.34705,-0.39433,-0.34832,-0.26291,-0.21674,-0.26969,-0.44124,-0.7051,-1.0038,-1.2685,-1.4354,-1.4699,-1.3651,-1.1522,-0.88365,-0.61129,-0.3725,-0.18917,-0.076233,-0.043669,-0.094196,-0.21876,-0.39367,-0.58314,-0.74723,-0.85321,-0.88506,-0.8465,-0.75596,-0.63447,-0.49754
-3.1301,-2.8739,-2.3565,-1.7661,-1.3841,-1.3657,-1.6955,-2.2801,-2.938,-3.399,-3.5064,-3.3222,-2.9575,-2.4893,-1.9756,-1.4586,-0.96872,-0.53424,-0.18564,0.053715,0.19314,0.28373,0.37267,0.4542,0.48157,0.41453,0.24339,-0.008469,-0.29942,-0.57371,-0.76625,-0.8187,-0.70171,-0.42918,-0.04455,0.3944,0.82043,1.1618,1.3541,1.367,1.2194,0.98013,0.73173,0.53438,0.40129,0.30342,0.20185,0.080163,-0.038785,-0.11114,-0.10715,-0.039788,0.035314,0.045089,-0.061339,-0.29642,-0.62641,-0.98551,-1.2967,-1.4941,-1.5385,-1.4303,-1.2058,-0.91904,-0.62155,-0.35194,-0.13627,0.003749,0.054061,0.0093042,-0.11962,-0.30251,-0.49464,-0.64902,-0.73162,-0.73298,-0.66155,-0.54194,-0.3981,-0.24555
-3.1074,-2.805,-2.2756,-1.6987,-1.3418,-1.3468,-1.6754,-2.2083,-2.7592,-3.1238,-3.2333,-3.1279,-2.8426,-2.4226,-1.9288,-1.4132,-0.91398,-0.46573,-0.10818,0.12118,0.21785,0.23223,0.22945,0.22901,0.20477,0.12211,-0.034836,-0.26293,-0.53662,-0.81012,-1.0153,-1.0785,-0.96157,-0.67828,-0.28059,0.16958,0.60568,0.96023,1.1718,1.2105,1.0933,0.88468,0.66409,0.49147,0.38448,0.31939,0.26367,0.2023,0.14977,0.14019,0.18707,0.26909,0.33129,0.30819,0.15208,-0.1407,-0.52966,-0.94214,-1.2951,-1.5175,-1.5741,-1.4699,-1.2443,-0.95156,-0.64225,-0.35531,-0.12101,0.040523,0.10806,0.07311,-0.052808,-0.23457,-0.42039,-0.55843,-0.61537,-0.58713,-0.48935,-0.35072,-0.19525,-0.036024
-3.1028,-2.7712,-2.2341,-1.6658,-1.3249,-1.3411,-1.6601,-2.1441,-2.6085,-2.9034,-3.015,-2.9644,-2.7367,-2.3548,-1.8804,-1.3712,-0.87072,-0.41838,-0.06012,0.15786,0.22183,0.17979,0.10794,0.044111,-0.022282,-0.1212,-0.27365,-0.48851,-0.75322,-1.0264,-1.2358,-1.297,-1.1664,-0.86441,-0.45211,0.0067364,0.44854,0.81238,1.0401,1.1026,1.0131,0.83056,0.6317,0.47774,0.38984,0.35047,0.32748,0.30424,0.29318,0.31741,0.38815,0.48043,0.53816,0.49703,0.31413,-0.012552,-0.43813,-0.88444,-1.263,-1.5015,-1.5657,-1.4665,-1.2477,-0.96379,-0.66252,-0.37914,-0.13943,0.029257,0.107,0.082899,-0.03329,-0.20604,-0.38102,-0.50397,-0.54197,-0.49435,-0.3811,-0.23245,-0.072247,0.087857
-3.1145,-2.7524,-2.2081,-1.6484,-1.3234,-1.347,-1.6453,-2.0581,-2.4119,-2.6232,-2.7325,-2.7386,-2.5769,-2.2443,-1.8001,-1.3071,-0.81387,-0.36517,-0.013855,0.18431,0.20503,0.092902,-0.064346,-0.20736,-0.33,-0.45534,-0.61171,-0.81891,-1.077,-1.3479,-1.5516,-1.595,-1.433,-1.0979,-0.66095,-0.19053,0.25775,0.6307,0.87928,0.97459,0.92625,0.78493,0.62011,0.49084,0.42474,0.41051,0.42315,0.4438,0.47416,0.5326,0.62291,0.72134,0.77551,0.72333,0.52173,0.17022,-0.28428,-0.75929,-1.1612,-1.4155,-1.4928,-1.4114,-1.2199,-0.96928,-0.69755,-0.43134,-0.19761,-0.021099,0.067968,0.053674,-0.053542,-0.21352,-0.36811,-0.464,-0.47391,-0.40276,-0.27391,-0.11912,0.040461,0.19667
-3.1371,-2.7586,-2.2112,-1.6567,-1.3385,-1.3626,-1.64,-2.0008,-2.281,-2.4385,-2.5394,-2.5723,-2.4484,-2.1494,-1.7299,-1.2546,-0.77365,-0.33428,0.0064964,0.1862,0.1744,0.015025,-0.19755,-0.39214,-0.55342,-0.69928,-0.86101,-1.0661,-1.3211,-1.5889,-1.7836,-1.8057,-1.6111,-1.2442,-0.78744,-0.31094,0.13622,0.51117,0.77185,0.89156,0.87651,0.76949,0.6346,0.52795,0.4769,0.47827,0.50675,0.54352,0.59062,0.661,0.76037,0.86551,0.92406,0.87287,0.66959,0.31315,-0.14816,-0.62963,-1.0367,-1.297,-1.3863,-1.3274,-1.1679,-0.95304,-0.71406,-0.47292,-0.25209,-0.082592,0.0064181,-0.0020198,-0.099102,-0.24639,-0.38663,-0.46653,-0.45916,-0.37153,-0.23192,-0.070178,0.091862,0.24537
-3.1863,-2.795,-2.2454,-1.6951,-1.3799,-1.397,-1.6444,-1.9414,-2.1413,-2.2376,-2.3174,-2.3628,-2.2709,-2.0098,-1.6261,-1.1809,-0.72395,-0.30534,0.013059,0.16312,0.1096,-0.10362,-0.37482,-0.62237,-0.823,-0.99011,-1.1558,-1.3548,-1.6016,-1.8597,-2.036,-2.0224,-1.7802,-1.374,-0.89987,-0.42827,0.0059425,0.37502,0.6507,0.80652,0.84065,0.78426,0.69009,0.61062,0.57671,0.58678,0.62114,0.66237,0.71196,0.78667,0.89355,1.0092,1.0796,1.0417,0.85015,0.50465,0.054139,-0.41724,-0.81769,-1.0802,-1.186,-1.1611,-1.0509,-0.89298,-0.70777,-0.50826,-0.31528,-0.1605,-0.079729,-0.094037,-0.19409,-0.33696,-0.46134,-0.51526,-0.47922,-0.36806,-0.21381,-0.049383,0.10656,0.24998
-3.2564,-2.8623,-2.3127,-1.7625,-1.4428,-1.447,-1.6631,-1.9079,-2.048,-2.0931,-2.1386,-2.1713,-2.0911,-1.8608,-1.5146,-1.1051,-0.68042,-0.292,-0.0047333,0.10969,0.014609,-0.24217,-0.55121,-0.82624,-1.0415,-1.2107,-1.3653,-1.545,-1.7687,-2.0031,-2.153,-2.1054,-1.8296,-1.4029,-0.93231,-0.48283,-0.077859,0.27322,0.55469,0.74301,0.82858,0.82642,0.77812,0.72984,0.70948,0.72066,0.74646,0.77265,0.80548,0.86778,0.96978,1.0911,1.1777,1.1632,0.99991,0.68592,0.26784,-0.17358,-0.55207,-0.80793,-0.92705,-0.93739,-0.8797,-0.78152,-0.65217,-0.498,-0.34029,-0.21378,-0.15851,-0.1954,-0.31141,-0.45921,-0.57543,-0.61011,-0.54921,-0.41452,-0.24399,-0.071148,0.085022,0.22089
-3.3205,-2.931,-2.3833,-1.831,-1.5033,-1.4939,-1.6871,-1.9013,-2.0072,-2.0185,-2.0297,-2.0381,-1.9567,-1.7453,-1.4276,-1.0482,-0.65257,-0.29214,-0.033427,0.050226,-0.076823,-0.36087,-0.68448,-0.95817,-1.1601,-1.3102,-1.4426,-1.5964,-1.7905,-1.9933,-2.1141,-2.0464,-1.7645,-1.3479,-0.90087,-0.4844,-0.11309,0.21602,0.49608,0.70743,0.83123,0.8748,0.86619,0.84339,0.83347,0.83765,0.84371,0.84373,0.85088,0.89401,0.98933,1.1164,1.2183,1.2258,1.0897,0.80662,0.42186,0.012255,-0.34236,-0.58798,-0.71519,-0.74826,-0.72245,-0.66023,-0.56728,-0.4476,-0.32017,-0.22388,-0.19833,-0.26345,-0.40293,-0.56428,-0.67991,-0.70056,-0.61888,-0.46618,-0.28273,-0.1053,0.048296,0.17717
-3.4175,-3.0427,-2.5012,-1.9422,-1.599,-1.5667,-1.7325,-1.9138,-1.9853,-1.9541,-1.9101,-1.873,-1.7805,-1.5907,-1.3113,-0.97517,-0.62269,-0.30526,-0.090811,-0.052972,-0.22362,-0.53791,-0.86322,-1.1058,-1.2558,-1.3498,-1.4315,-1.5319,-1.667,-1.8098,-1.8828,-1.8006,-1.5422,-1.1755,-0.79053,-0.43797,-0.12315,0.16939,0.44269,0.67894,0.85064,0.94935,0.99019,1.0015,1.004,0.99973,0.978,0.93631,0.89841,0.90304,0.97628,1.1019,1.2211,1.2595,1.1651,0.93126,0.59993,0.24219,-0.070788,-0.29456,-0.42149,-0.47498,-0.48392,-0.46334,-0.41325,-0.33534,-0.25012,-0.19876,-0.2215,-0.33534,-0.51624,-0.70198,-0.81939,-0.82292,-0.71609,-0.53987,-0.34293,-0.16028,-0.0077607,0.11539
-3.496,-3.1373,-2.6026,-2.0368,-1.6784,-1.6267,-1.7726,-1.9343,-1.9851,-1.9223,-1.8325,-1.7571,-1.6535,-1.4784,-1.2278,-0.92488,-0.60621,-0.32314,-0.14483,-0.14491,-0.35025,-0.68374,-0.99897,-1.198,-1.2866,-1.3175,-1.341,-1.3878,-1.468,-1.5592,-1.5991,-1.5161,-1.2922,-0.98166,-0.66194,-0.37126,-0.10835,0.15131,0.41671,0.66865,0.87207,1.0073,1.081,1.1156,1.1279,1.1166,1.0729,0.9981,0.92142,0.89257,0.94306,1.0606,1.187,1.2458,1.1833,0.99,0.70352,0.38909,0.11127,-0.09031,-0.21141,-0.27254,-0.29862,-0.30066,-0.27603,-0.22585,-0.17287,-0.15607,-0.21768,-0.37153,-0.58681,-0.79303,-0.91201,-0.90118,-0.77378,-0.58074,-0.37401,-0.19071,-0.044036,0.070538
-3.604,-3.272,-2.7462,-2.1715,-1.7879,-1.7084,-1.8276,-1.9655,-1.9907,-1.8855,-1.7362,-1.6124,-1.4961,-1.3413,-1.1285,-0.86866,-0.59396,-0.35624,-0.22674,-0.27871,-0.53052,-0.88409,-1.1702,-1.2902,-1.276,-1.2081,-1.1453,-1.113,-1.1154,-1.1347,-1.1299,-1.0511,-0.88394,-0.6657,-0.44853,-0.25564,-0.071231,0.13998,0.39102,0.65874,0.8954,1.0709,1.1831,1.2473,1.2737,1.258,1.1871,1.0663,0.93593,0.85409,0.86702,0.96756,1.097,1.1777,1.1542,1.0137,0.78874,0.536,0.31016,0.14321,0.038592,-0.0211,-0.057217,-0.07939,-0.0848,-0.073407,-0.06299,-0.096476,-0.20798,-0.40601,-0.65329,-0.87324,-0.98632,-0.95641,-0.80779,-0.59814,-0.38826,-0.21044,-0.074613,0.026992
-3.7084,-3.4079,-2.8934,-2.3074,-1.8971,-1.7873,-1.8768,-1.9885,-1.9854,-1.8391,-1.6374,-1.4766,-1.3563,-1.2244,-1.0482,-0.82868,-0.59509,-0.39991,-0.31665,-0.41856,-0.7139,-1.0787,-1.3179,-1.3405,-1.2142,-1.0488,-0.90683,-0.80191,-0.72968,-0.67896,-0.62961,-0.55565,-0.44907,-0.32889,-0.22032,-0.12724,-0.020101,0.14139,0.37538,0.64968,0.90788,1.109,1.2456,1.3295,1.3673,1.3496,1.2629,1.1111,0.93457,0.80263,0.7685,0.83655,0.95607,1.051,1.0626,0.97366,0.80989,0.61978,0.44938,0.32372,0.24402,0.19306,0.15233,0.11509,0.085863,0.065675,0.036241,-0.037022,-0.18763,-0.41899,-0.68645,-0.90716,-1.0025,-0.94652,-0.7766,-0.56191,-0.35523,-0.18924,-0.070818,0.010311
-3.7797,-3.5046,-3.0008,-2.4078,-1.9775,-1.843,-1.9084,-1.995,-1.9671,-1.7913,-1.5588,-1.3814,-1.2658,-1.1534,-1.0031,-0.81161,-0.60588,-0.439,-0.38677,-0.52253,-0.84554,-1.2104,-1.4046,-1.3491,-1.1427,-0.91395,-0.7242,-0.57459,-0.45421,-0.35638,-0.2756,-0.20347,-0.1371,-0.084493,-0.052763,-0.030236,0.021109,0.14512,0.36004,0.62974,0.89417,1.1069,1.2584,1.356,1.4021,1.3858,1.2901,1.1189,0.91405,0.7468,0.67782,0.71908,0.82612,0.92618,0.95886,0.90494,0.785,0.64091,0.51215,0.41966,0.36207,0.32261,0.28362,0.2385,0.192,0.14692,0.088804,-0.011432,-0.18294,-0.42437,-0.68723,-0.88895,-0.95862,-0.88244,-0.70573,-0.49477,-0.30374,-0.15797,-0.059494,0.0047137
-3.859,-3.6182,-3.1334,-2.5344,-2.0817,-1.9142,-1.941,-1.984,-1.9152,-1.7037,-1.4469,-1.2669,-1.1689,-1.0858,-0.96853,-0.80973,-0.6354,-0.50021,-0.48188,-0.65279,-1.0007,-1.3531,-1.4779,-1.3215,-1.0256,-0.73573,-0.50175,-0.30878,-0.13632,0.0141,0.13116,0.20346,0.2275,0.20577,0.15002,0.088046,0.068201,0.14073,0.32424,0.58111,0.84457,1.0653,1.2277,1.3359,1.3902,1.3758,1.2744,1.0871,0.85448,0.64852,0.53729,0.54324,0.6309,0.73195,0.78647,0.77205,0.70386,0.61631,0.54102,0.49377,0.46887,0.44948,0.4177,0.36556,0.29695,0.21798,0.12453,-0.0051393,-0.18878,-0.41982,-0.65173,-0.81197,-0.84455,-0.74779,-0.57044,-0.37573,-0.21052,-0.094034,-0.025225,0.010026
-3.9154,-3.708,-3.2459,-2.65,-2.1804,-1.982,-1.9617,-1.9482,-1.8283,-1.5873,-1.3292,-1.1697,-1.1024,-1.0521,-0.96474,-0.83235,-0.68177,-0.56921,-0.5736,-0.76502,-1.1188,-1.4399,-1.4903,-1.2493,-0.8918,-0.56975,-0.3179,-0.1042,0.10083,0.29057,0.43788,0.5155,0.51221,0.43605,0.31118,0.17864,0.095976,0.12005,0.27019,0.50732,0.76088,0.9785,1.1425,1.2547,1.3131,1.3002,1.1965,1.0015,0.75243,0.52179,0.37903,0.35421,0.42153,0.51948,0.5886,0.60389,0.57663,0.53691,0.51147,0.50942,0.52179,0.52655,0.50248,0.44101,0.3494,0.24128,0.12026,-0.021215,-0.19529,-0.39513,-0.5806,-0.69182,-0.68804,-0.5777,-0.4098,-0.24132,-0.1088,-0.027109,0.0082459,0.012432
-3.939,-3.7552,-3.3137,-2.7274,-2.2525,-2.0327,-1.9724,-1.9076,-1.7439,-1.4857,-1.241,-1.1109,-1.0745,-1.0499,-0.98251,-0.86582,-0.72786,-0.62603,-0.63978,-0.83591,-1.1796,-1.4645,-1.4601,-1.1697,-0.78698,-0.45971,-0.21111,0.0021769,0.21617,0.42563,0.59242,0.67919,0.667,0.56351,0.39835,0.22151,0.097964,0.089803,0.21676,0.43816,0.68018,0.8907,1.0507,1.1614,1.22,1.2079,1.1044,0.90671,0.65089,0.40631,0.24463,0.20126,0.25616,0.35064,0.42731,0.45998,0.45817,0.4494,0.45696,0.48664,0.52505,0.54717,0.53015,0.46517,0.36111,0.23597,0.10312,-0.040595,-0.20039,-0.36778,-0.50944,-0.58025,-0.55419,-0.44467,-0.29493,-0.15191,-0.048038,0.0083581,0.022662,0.0083794
-3.9424,-3.7878,-3.3806,-2.8189,-2.3501,-2.106,-1.9872,-1.8442,-1.6157,-1.3402,-1.1284,-1.0523,-1.0649,-1.0755,-1.0316,-0.92975,-0.80204,-0.70725,-0.72241,-0.90729,-1.2164,-1.4393,-1.3673,-1.0375,-0.65165,-0.34577,-0.12634,0.067161,0.27939,0.50573,0.698,0.80316,0.79123,0.66617,0.46277,0.24182,0.077407,0.035689,0.13582,0.33401,0.55796,0.75421,0.90517,1.0105,1.0647,1.0492,0.94213,0.74036,0.47781,0.22319,0.047725,-0.0106,0.032813,0.12223,0.20399,0.25156,0.27344,0.29568,0.33953,0.40844,0.48016,0.5264,0.52009,0.45162,0.33453,0.19656,0.060467,-0.064838,-0.18544,-0.30099,-0.39165,-0.42606,-0.3869,-0.28799,-0.16632,-0.060489,0.0078192,0.030889,0.015665,-0.024233
-3.9222,-3.7881,-3.4124,-2.8813,-2.4271,-2.169,-2.003,-1.7958,-1.5159,-1.2299,-1.0505,-1.0228,-1.0762,-1.1133,-1.0842,-0.98978,-0.86548,-0.77045,-0.77885,-0.94415,-1.2141,-1.3838,-1.2698,-0.93067,-0.56413,-0.2933,-0.11087,0.054711,0.25838,0.49262,0.70351,0.82551,0.82076,0.69029,0.47227,0.23081,0.045226,-0.015267,0.067452,0.25086,0.46162,0.64872,0.79236,0.89054,0.93793,0.9152,0.80147,0.59378,0.32613,0.066439,-0.11335,-0.17515,-0.13539,-0.049329,0.028763,0.076832,0.10781,0.14938,0.21988,0.31549,0.41264,0.47584,0.47684,0.4082,0.28798,0.14994,0.024138,-0.078194,-0.16298,-0.23628,-0.29006,-0.30555,-0.27126,-0.19647,-0.10735,-0.031891,0.0098658,0.014314,-0.013063,-0.061993
-3.8653,-3.7575,-3.4319,-2.9579,-2.5391,-2.2675,-2.0359,-1.7385,-1.3892,-1.0918,-0.9602,-1.0028,-1.1131,-1.1839,-1.1701,-1.0812,-0.95577,-0.85313,-0.84321,-0.97035,-1.1763,-1.2741,-1.1211,-0.7943,-0.47766,-0.27345,-0.15736,-0.043651,0.13507,0.37365,0.60641,0.75666,0.77251,0.6523,0.43324,0.18418,-0.012902,-0.087754,-0.01983,0.14697,0.34237,0.51377,0.64394,0.73049,0.76488,0.72952,0.60172,0.38009,0.10242,-0.16265,-0.34197,-0.40151,-0.36284,-0.2824,-0.21287,-0.171,-0.13823,-0.083528,0.011021,0.13659,0.2634,0.35059,0.36668,0.3054,0.19124,0.067821,-0.026422,-0.079994,-0.10615,-0.12615,-0.1476,-0.16079,-0.15245,-0.12112,-0.079774,-0.046983,-0.036213,-0.051484,-0.089629,-0.144
-3.7772,-3.695,-3.4281,-3.0297,-2.6646,-2.3871,-2.0888,-1.6994,-1.2808,-0.97358,-0.8906,-1.004,-1.1702,-1.2706,-1.2673,-1.1774,-1.0446,-0.92713,-0.88873,-0.96548,-1.1014,-1.1378,-0.97094,-0.68566,-0.4428,-0.32461,-0.29396,-0.24812,-0.10698,0.12985,0.39059,0.58011,0.63525,0.5441,0.3439,0.10452,-0.088421,-0.16405,-0.10216,0.054382,0.2368,0.39547,0.51169,0.58162,0.59851,0.54176,0.39427,0.15811,-0.12976,-0.39642,-0.57416,-0.63277,-0.59672,-0.52495,-0.46758,-0.43748,-0.41087,-0.35289,-0.24553,-0.099839,0.047295,0.15274,0.18518,0.1419,0.053132,-0.031909,-0.073084,-0.062305,-0.027825,-0.0052395,-0.012502,-0.042727,-0.076771,-0.10078,-0.11414,-0.12522,-0.14177,-0.17081,-0.21235,-0.26327
-3.6924,-3.6289,-3.4126,-3.0823,-2.77,-2.4929,-2.1444,-1.6864,-1.2171,-0.9019,-0.85345,-1.0165,-1.2217,-1.3412,-1.3417,-1.2475,-1.1057,-0.97319,-0.90856,-0.94387,-1.0288,-1.03,-0.87095,-0.6329,-0.45823,-0.41399,-0.45526,-0.46911,-0.36317,-0.12929,0.15468,0.3805,0.47405,0.41635,0.24382,0.02595,-0.15124,-0.21866,-0.15726,-0.0078188,0.16452,0.3125,0.41811,0.47681,0.47939,0.4091,0.24762,-0.0012749,-0.29561,-0.56579,-0.74255,-0.79909,-0.76499,-0.70189,-0.65877,-0.64468,-0.63088,-0.57906,-0.47046,-0.31967,-0.1617,-0.042512,0.0058932,-0.017952,-0.080204,-0.12744,-0.1185,-0.055764,0.027135,0.082772,0.083569,0.033181,-0.043943,-0.12154,-0.18457,-0.23163,-0.26684,-0.29694,-0.32784,-0.36408
-3.558,-3.52,-3.3782,-3.1539,-2.9255,-2.6562,-2.2423,-1.6941,-1.1594,-0.83288,-0.82298,-1.0442,-1.2946,-1.4344,-1.4358,-1.3325,-1.1756,-1.0195,-0.91678,-0.89528,-0.91734,-0.88725,-0.75885,-0.60353,-0.53603,-0.60438,-0.7527,-0.85482,-0.79958,-0.56837,-0.24879,0.033082,0.18756,0.18897,0.071106,-0.097974,-0.23814,-0.28469,-0.22179,-0.081927,0.075165,0.209,0.29886,0.33938,0.32423,0.23598,0.060645,-0.19635,-0.4932,-0.76089,-0.93379,-0.99003,-0.96348,-0.91855,-0.89998,-0.91274,-0.9236,-0.89154,-0.79725,-0.65235,-0.49736,-0.37405,-0.309,-0.29773,-0.30343,-0.27609,-0.18665,-0.044725,0.09667,0.18159,0.17917,0.094103,-0.042425,-0.1909,-0.31971,-0.41417,-0.47125,-0.5013,-0.5173,-0.53116
-3.4043,-3.3932,-3.3322,-3.2243,-3.0939,-2.8412,-2.3626,-1.7285,-1.1345,-0.79456,-0.81323,-1.0809,-1.3665,-1.5197,-1.5178,-1.4022,-1.2275,-1.0463,-0.90518,-0.83043,-0.80137,-0.75794,-0.67663,-0.61818,-0.66981,-0.86273,-1.1286,-1.3277,-1.3273,-1.0976,-0.7366,-0.38887,-0.16349,-0.090564,-0.13903,-0.24193,-0.32712,-0.342,-0.27206,-0.14694,-0.011853,0.097853,0.16838,0.19555,0.17071,0.078224,-0.096875,-0.34957,-0.63861,-0.89574,-1.0601,-1.1155,-1.1003,-1.0781,-1.093,-1.1455,-1.1984,-1.2072,-1.1491,-1.0347,-0.89585,-0.77175,-0.68629,-0.63308,-0.57528,-0.4676,-0.29081,-0.073252,0.12393,0.23752,0.2328,0.11436,-0.080915,-0.30054,-0.49519,-0.63499,-0.7101,-0.73296,-0.72554,-0.71003
