0.48184,0.37236,0.10927,-0.21299,-0.4272,-0.42805,-0.23179,0.10272,0.51597,0.92503,1.195,1.1666,0.75621,0.089215,-0.49612,-0.71077,-0.57552,-0.30122,-0.061362,0.059354,0.037324,-0.10825,-0.32463,-0.54301,-0.69581,-0.71813,-0.55571,-0.21418,0.20534,0.56405,0.75302,0.73424,0.53515,0.23849,-0.056703,-0.27725,-0.40201,-0.44235,-0.40889,-0.307,-0.13648,0.091112,0.35027,0.60846,0.83545,1.0093,1.1129,1.1362,1.0845,0.98492,0.88466,0.82539,0.82067,0.85436,0.89405,0.91919,0.93284,0.95583,1.0053,1.0758,1.1392,1.1597,1.1165,1.012,0.87134,0.73342,0.63563,0.59795,0.59802,0.57852,0.46747,0.20754,-0.2176,-0.75825,-1.2887,-1.6586,-1.801,-1.7755,-1.6825,-1.6007
0.51854,0.39983,0.13018,-0.19094,-0.38719,-0.36322,-0.15099,0.18308,0.58563,0.97814,1.2275,1.1753,0.74325,0.065199,-0.50333,-0.6721,-0.48346,-0.16434,0.11038,0.25873,0.25646,0.11566,-0.1235,-0.40384,-0.6564,-0.79715,-0.7368,-0.45436,-0.052279,0.31494,0.52583,0.53703,0.37532,0.11782,-0.14689,-0.35875,-0.50313,-0.58516,-0.60114,-0.5337,-0.3665,-0.10324,0.2164,0.53969,0.82185,1.0277,1.1439,1.1664,1.1065,1.0045,0.90424,0.84313,0.83068,0.84698,0.86515,0.87102,0.87044,0.88519,0.9319,1.0046,1.0681,1.0914,1.0557,0.96544,0.84715,0.73951,0.67868,0.6708,0.68846,0.6686,0.53493,0.22476,-0.28472,-0.94289,-1.5973,-2.0449,-2.1831,-2.0828,-1.8885,-1.7098
0.54217,0.41985,0.16053,-0.13031,-0.28246,-0.22369,-0.0038866,0.3139,0.68956,1.0556,1.2858,1.2283,0.81047,0.17005,-0.34771,-0.4738,-0.26123,0.069984,0.35556,0.51961,0.53781,0.4152,0.17827,-0.13148,-0.45851,-0.71626,-0.79212,-0.62621,-0.2921,0.050992,0.27432,0.3192,0.20639,0.0019675,-0.21829,-0.41415,-0.57853,-0.7121,-0.79669,-0.78705,-0.63629,-0.34088,0.05146,0.45885,0.80683,1.0549,1.1825,1.1951,1.1245,1.0174,0.92887,0.88636,0.88072,0.88383,0.86946,0.83412,0.79978,0.79646,0.83686,0.90352,0.96585,0.98874,0.96001,0.89146,0.81239,0.75716,0.74784,0.78278,0.82104,0.79372,0.6226,0.24197,-0.37662,-1.1824,-1.9937,-2.535,-2.6525,-2.4496,-2.127,-1.8214
0.54149,0.42136,0.18448,-0.065554,-0.17343,-0.089854,0.12714,0.42371,0.77088,1.1129,1.3341,1.2904,0.91408,0.33703,-0.12343,-0.22922,-0.030079,0.27898,0.55032,0.71332,0.7432,0.64102,0.42509,0.12559,-0.21615,-0.5248,-0.68683,-0.62158,-0.37,-0.074832,0.1328,0.19158,0.11236,-0.047959,-0.23134,-0.41103,-0.58621,-0.75245,-0.87833,-0.90207,-0.76495,-0.45453,-0.030647,0.41166,0.79021,1.0552,1.1898,1.2039,1.1334,1.0324,0.95425,0.92092,0.91775,0.9131,0.88393,0.82865,0.77158,0.74525,0.7652,0.81754,0.86931,0.89168,0.87479,0.83088,0.78685,0.77132,0.80066,0.86115,0.90746,0.87014,0.67183,0.24535,-0.44292,-1.3456,-2.2631,-2.8656,-2.9581,-2.6641,-2.2328,-1.8264
0.51691,0.40641,0.21532,0.039095,-0.00022925,0.11228,0.31588,0.57398,0.8742,1.1791,1.3919,1.3844,1.0935,0.63238,0.26337,0.17541,0.33188,0.58427,0.81521,0.96413,1.006,0.93663,0.76453,0.50428,0.17925,-0.15729,-0.4058,-0.47221,-0.3549,-0.15661,0.0059477,0.071897,0.03496,-0.066196,-0.1999,-0.3524,-0.52788,-0.71726,-0.87661,-0.93329,-0.81652,-0.50956,-0.077355,0.37659,0.76551,1.0363,1.1758,1.1962,1.1328,1.0448,0.9778,0.9502,0.94604,0.93359,0.88833,0.81393,0.73529,0.68414,0.67598,0.70119,0.73245,0.74706,0.74024,0.72543,0.72599,0.76224,0.83646,0.92961,0.98882,0.94327,0.71727,0.24515,-0.50734,-1.4915,-2.4902,-3.1283,-3.1719,-2.7831,-2.2522,-1.7508
0.4681,0.37423,0.24395,0.15616,0.18944,0.32396,0.50598,0.71761,0.96263,1.2225,1.4258,1.4638,1.2768,0.94885,0.67943,0.60818,0.7141,0.8976,1.075,1.1995,1.2479,1.2107,1.0859,0.87695,0.58957,0.25518,-0.052561,-0.23847,-0.26385,-0.17754,-0.068917,-0.0021728,0.0038725,-0.041961,-0.1276,-0.25067,-0.41198,-0.59547,-0.75654,-0.82295,-0.72448,-0.44721,-0.046148,0.38129,0.74765,1.0052,1.1351,1.1503,1.0905,1.0092,0.95465,0.93845,0.93743,0.91775,0.86044,0.76912,0.67068,0.59651,0.56193,0.55953,0.5689,0.57726,0.58351,0.59876,0.63919,0.71623,0.82857,0.94333,1.0121,0.96751,0.73728,0.2575,-0.505,-1.4986,-2.4967,-3.1098,-3.1113,-2.6716,-2.0899,-1.5362
0.41838,0.34056,0.26351,0.24695,0.33269,0.47906,0.64073,0.8142,1.0126,1.2333,1.4253,1.4968,1.3891,1.1626,0.96742,0.91205,0.98596,1.1209,1.2577,1.3616,1.4114,1.3934,1.2998,1.1249,0.86496,0.53548,0.19573,-0.063585,-0.18246,-0.17653,-0.10973,-0.045352,-0.0119,-0.019951,-0.069956,-0.1665,-0.30672,-0.46901,-0.60954,-0.66112,-0.56851,-0.31904,0.035114,0.41053,0.73506,0.96167,1.0755,1.0876,1.0314,0.95727,0.90582,0.88547,0.87491,0.84545,0.7793,0.68438,0.58527,0.50777,0.46339,0.44583,0.44176,0.44217,0.44934,0.47587,0.53756,0.64244,0.77765,0.91499,0.99922,0.96321,0.7401,0.27521,-0.45429,-1.3892,-2.3091,-2.8597,-2.8408,-2.417,-1.8544,-1.3052
0.33858,0.28728,0.28687,0.36617,0.51545,0.67095,0.80182,0.92062,1.0518,1.2113,1.3779,1.4857,1.4773,1.3768,1.2775,1.2499,1.2935,1.3764,1.468,1.546,1.5925,1.5925,1.531,1.3896,1.1536,0.82516,0.44984,0.11258,-0.10923,-0.19537,-0.17971,-0.11673,-0.050314,-0.010385,-0.012849,-0.066588,-0.16195,-0.27458,-0.36173,-0.37667,-0.28453,-0.084504,0.18633,0.4712,0.71638,0.88849,0.97176,0.9705,0.91198,0.83355,0.77174,0.73652,0.71023,0.66468,0.59234,0.49882,0.40676,0.33646,0.29233,0.26551,0.24553,0.23425,0.24282,0.28599,0.37383,0.5054,0.66621,0.82008,0.919,0.90552,0.72241,0.32427,-0.30157,-1.09,-1.8429,-2.2781,-2.2568,-1.9015,-1.4146,-0.91777
0.27243,0.24419,0.30309,0.45187,0.6416,0.79876,0.90418,0.98015,1.0575,1.1639,1.3006,1.4252,1.4817,1.4681,1.4373,1.4354,1.4695,1.5263,1.5914,1.652,1.6936,1.6999,1.651,1.5233,1.2958,0.96313,0.56299,0.17621,-0.10909,-0.24979,-0.26328,-0.19623,-0.10303,-0.024744,0.0107,-0.0045441,-0.058716,-0.1256,-0.16641,-0.14888,-0.053237,0.11359,0.32207,0.53183,0.70724,0.82332,0.86972,0.84977,0.78184,0.69954,0.62888,0.57537,0.52464,0.46125,0.37803,0.29043,0.21808,0.16974,0.13876,0.11321,0.087154,0.069284,0.075526,0.12181,0.21729,0.35956,0.53181,0.69952,0.81696,0.83109,0.69249,0.36676,-0.14788,-0.78621,-1.383,-1.7225,-1.7112,-1.4339,-1.0337,-0.60226
0.18037,0.18691,0.3258,0.5585,0.78926,0.94143,1.0104,1.0274,1.0291,1.0544,1.134,1.26,1.3884,1.4809,1.5385,1.5798,1.6174,1.6561,1.6972,1.7385,1.7709,1.7769,1.7325,1.609,1.379,1.0314,0.5976,0.15589,-0.1968,-0.39317,-0.42743,-0.34105,-0.20006,-0.066218,0.020851,0.055441,0.054733,0.051697,0.072667,0.13599,0.24024,0.36793,0.49683,0.60735,0.68575,0.72429,0.71767,0.66585,0.57934,0.47664,0.37664,0.28668,0.2008,0.11057,0.022043,-0.048949,-0.087986,-0.097999,-0.098867,-0.10972,-0.13562,-0.16252,-0.16557,-0.12278,-0.02491,0.12192,0.29895,0.47649,0.61466,0.67165,0.61011,0.40717,0.069044,-0.34851,-0.73109,-0.95065,-0.94996,-0.77364,-0.49674,-0.17163
0.09067,0.13573,0.35141,0.65272,0.90867,1.0466,1.0765,1.0347,0.95793,0.89196,0.89193,0.99414,1.1746,1.3631,1.5098,1.6048,1.6615,1.697,1.7255,1.7528,1.7745,1.7732,1.7223,1.5906,1.3457,0.97568,0.50921,0.025125,-0.37316,-0.60123,-0.63626,-0.51758,-0.32494,-0.13754,-0.0012325,0.082523,0.13758,0.19595,0.27507,0.37653,0.4837,0.57521,0.63406,0.65593,0.64565,0.60879,0.54742,0.46044,0.34967,0.22346,0.092989,-0.035422,-0.16078,-0.2774,-0.3711,-0.42179,-0.42259,-0.39177,-0.36164,-0.35685,-0.37685,-0.40219,-0.40699,-0.37148,-0.28768,-0.15887,0.0035671,0.17411,0.32864,0.4361,0.46827,0.40887,0.2627,0.063911,-0.12504,-0.2379,-0.24569,-0.15508,0.0073101,0.22109
0.028933,0.10482,0.37251,0.71245,0.97668,1.0981,1.0976,1.0126,0.87767,0.73684,0.66301,0.72883,0.93339,1.1887,1.4047,1.5468,1.6262,1.6677,1.6933,1.714,1.7272,1.7167,1.6561,1.5122,1.2529,0.86586,0.37928,-0.12494,-0.53972,-0.77497,-0.79708,-0.64985,-0.42201,-0.20134,-0.031833,0.08646,0.18231,0.28162,0.39655,0.51575,0.61803,0.67992,0.69207,0.6588,0.59355,0.50943,0.413,0.3039,0.17871,0.038725,-0.113,-0.27162,-0.4288,-0.56569,-0.66037,-0.68893,-0.65481,-0.59191,-0.54252,-0.5294,-0.55002,-0.58001,-0.58951,-0.55897,-0.48429,-0.37227,-0.23316,-0.07965,0.073983,0.21022,0.3107,0.36217,0.36209,0.32178,0.26547,0.2222,0.21416,0.25296,0.34019,0.47496
-0.041398,0.076698,0.40185,0.77515,1.0349,1.1268,1.0831,0.94403,0.73345,0.48995,0.30339,0.29675,0.51569,0.85505,1.1661,1.3779,1.4954,1.5524,1.5797,1.5937,1.5945,1.5682,1.4901,1.3281,1.0542,0.65799,0.16914,-0.33454,-0.7472,-0.97823,-0.98461,-0.8059,-0.53708,-0.2744,-0.065416,0.090781,0.22559,0.36312,0.50639,0.63517,0.72093,0.74351,0.70054,0.60685,0.48547,0.3558,0.22715,0.099506,-0.034408,-0.18439,-0.35331,-0.53582,-0.7148,-0.86283,-0.94565,-0.95022,-0.89281,-0.81505,-0.75891,-0.74613,-0.76483,-0.78918,-0.79489,-0.77049,-0.71782,-0.64391,-0.55233,-0.44103,-0.30222,-0.13399,0.056482,0.2539,0.43794,0.5863,0.68119,0.71889,0.71729,0.70388,0.70449,0.7376
-0.094476,0.064513,0.43094,0.81593,1.0533,1.1065,1.019,0.83045,0.55119,0.20819,-0.10011,-0.20014,0.016042,0.43392,0.84041,1.124,1.2831,1.3584,1.3885,1.3949,1.3811,1.3367,1.2412,1.0692,0.79897,0.42427,-0.02812,-0.49199,-0.87589,-1.0915,-1.0909,-0.89881,-0.60731,-0.31602,-0.080375,0.1034,0.26196,0.4182,0.56673,0.6843,0.74129,0.71969,0.62487,0.48117,0.31855,0.16436,0.027055,-0.097578,-0.22093,-0.36179,-0.52589,-0.70777,-0.8863,-1.026,-1.0934,-1.0775,-1.0051,-0.92772,-0.88715,-0.8915,-0.92224,-0.9483,-0.94798,-0.92054,-0.88049,-0.84226,-0.80624,-0.75433,-0.65646,-0.48222,-0.22039,0.10973,0.4608,0.7712,0.98737,1.0906,1.0919,1.035,0.96276,0.90608
-0.122,0.065198,0.45083,0.82978,1.0401,1.0594,0.9389,0.71588,0.39232,-0.017483,-0.41529,-0.5911,-0.38567,0.085238,0.56034,0.89473,1.0822,1.169,1.199,1.1967,1.1691,1.1101,1.0054,0.8378,0.58962,0.25747,-0.13779,-0.54505,-0.89003,-1.0875,-1.0852,-0.89659,-0.60811,-0.31619,-0.074937,0.11737,0.28503,0.44318,0.58593,0.68535,0.71367,0.65609,0.52228,0.34349,0.15702,-0.0099165,-0.14301,-0.24982,-0.35094,-0.46661,-0.61238,-0.77826,-0.93467,-1.0497,-1.0875,-1.0575,-0.99641,-0.94841,-0.93867,-0.96468,-1.0009,-1.0172,-1.003,-0.96889,-0.93687,-0.92382,-0.92922,-0.92321,-0.85936,-0.68859,-0.38929,0.014376,0.45809,0.85939,1.1467,1.2831,1.2922,1.2153,1.1,0.9818
-0.14219,0.076621,0.4699,0.82251,0.98431,0.95247,0.78915,0.52646,0.15533,-0.32625,-0.82626,-1.0985,-0.91306,-0.38228,0.16992,0.56027,0.77675,0.87104,0.89306,0.87322,0.82427,0.74773,0.6395,0.49408,0.30381,0.065882,-0.2154,-0.51696,-0.78843,-0.95637,-0.95638,-0.79142,-0.53013,-0.26116,-0.030283,0.1554,0.31747,0.463,0.58055,0.64245,0.62267,0.51697,0.34119,0.12955,-0.078086,-0.25689,-0.39187,-0.48266,-0.54785,-0.61024,-0.69238,-0.7976,-0.90365,-0.97084,-0.98594,-0.95163,-0.90449,-0.88627,-0.91486,-0.97327,-1.0226,-1.0339,-1.0019,-0.95071,-0.91598,-0.92289,-0.96863,-1.0198,-1.0076,-0.85648,-0.52743,-0.050628,0.48411,0.96636,1.3069,1.4726,1.4725,1.3599,1.1891,0.99864
-0.14609,0.089798,0.47496,0.79516,0.91182,0.83935,0.64495,0.35856,-0.037123,-0.55392,-1.108,-1.4375,-1.2665,-0.704,-0.11102,0.30512,0.5304,0.61973,0.62736,0.58868,0.5224,0.43678,0.33528,0.22125,0.095966,-0.045867,-0.21874,-0.42455,-0.63186,-0.77665,-0.78803,-0.65525,-0.42784,-0.18468,0.028567,0.20187,0.3499,0.47735,0.56839,0.59676,0.54006,0.3941,0.18284,-0.054549,-0.28083,-0.46211,-0.58979,-0.66476,-0.69824,-0.72393,-0.75933,-0.80801,-0.85319,-0.87279,-0.85109,-0.80994,-0.78578,-0.80694,-0.87286,-0.95278,-1.0061,-1.0034,-0.95021,-0.88005,-0.83435,-0.84122,-0.9019,-0.97348,-0.98568,-0.85356,-0.5298,-0.043176,0.51154,1.0172,1.3781,1.546,1.5452,1.42,1.221,0.98369
-0.14013,0.1084,0.4644,0.72536,0.7738,0.64568,0.41514,0.10611,-0.30438,-0.8373,-1.4222,-1.7907,-1.6329,-1.0517,-0.43799,-0.01784,0.19445,0.25761,0.23178,0.16001,0.069733,-0.021243,-0.098168,-0.14779,-0.15941,-0.15088,-0.16216,-0.23226,-0.3512,-0.46441,-0.50045,-0.41932,-0.24873,-0.047975,0.13057,0.27749,0.39667,0.49149,0.54704,0.5373,0.44028,0.25137,-0.0060413,-0.28907,-0.55137,-0.76005,-0.89124,-0.94134,-0.93002,-0.8851,-0.84338,-0.81475,-0.78665,-0.74396,-0.68745,-0.64132,-0.63733,-0.69021,-0.78424,-0.87984,-0.92621,-0.90302,-0.82498,-0.73394,-0.67539,-0.67759,-0.73863,-0.82182,-0.8486,-0.73085,-0.41887,0.058888,0.60564,1.1014,1.449,1.6066,1.5841,1.4287,1.1894,0.89849
-0.12759,0.12085,0.42813,0.61449,0.58941,0.40761,0.14696,-0.1716,-0.57281,-1.0838,-1.6446,-1.9999,-1.8439,-1.2764,-0.68769,-0.30348,-0.13712,-0.12543,-0.20249,-0.31698,-0.43087,-0.51553,-0.54617,-0.50202,-0.37602,-0.20709,-0.067519,-0.018011,-0.059636,-0.13876,-0.18156,-0.13919,-0.023735,0.12088,0.25253,0.35804,0.44107,0.50081,0.52281,0.48091,0.35244,0.13595,-0.14879,-0.46354,-0.76524,-1.0143,-1.1786,-1.237,-1.1933,-1.0856,-0.95831,-0.84199,-0.74168,-0.64971,-0.57134,-0.52406,-0.53152,-0.6001,-0.70471,-0.79587,-0.82767,-0.78175,-0.68042,-0.56966,-0.49409,-0.4796,-0.52443,-0.59193,-0.61393,-0.50943,-0.22984,0.20261,0.70056,1.1523,1.4653,1.5964,1.5542,1.3816,1.1205,0.79506
-0.11743,0.1209,0.38088,0.50378,0.42146,0.20244,-0.07379,-0.38856,-0.76688,-1.2362,-1.7445,-2.0565,-1.8966,-1.3618,-0.82306,-0.49239,-0.38128,-0.42343,-0.54798,-0.69731,-0.82542,-0.89516,-0.87617,-0.74546,-0.51084,-0.22774,0.0090103,0.13214,0.13812,0.08478,0.047141,0.070299,0.15186,0.25538,0.34932,0.42203,0.47647,0.51094,0.50936,0.44795,0.3068,0.0793,-0.21791,-0.55326,-0.88771,-1.1737,-1.368,-1.4361,-1.3748,-1.2277,-1.0493,-0.8801,-0.73414,-0.61414,-0.52348,-0.4803,-0.49727,-0.56852,-0.66344,-0.73679,-0.74553,-0.68056,-0.5674,-0.45059,-0.37059,-0.34837,-0.37933,-0.4317,-0.44206,-0.34148,-0.088368,0.30109,0.75324,1.1664,1.4506,1.5603,1.505,1.3202,1.0444,0.699
-0.1078,0.10416,0.28815,0.31794,0.16072,-0.099859,-0.3848,-0.67904,-1.0053,-1.3898,-1.7898,-2.0109,-1.8415,-1.3805,-0.94608,-0.71979,-0.70554,-0.83245,-1.0239,-1.2144,-1.3485,-1.381,-1.2797,-1.0317,-0.66336,-0.25231,0.091793,0.29786,0.36318,0.34475,0.3155,0.31895,0.36155,0.41821,0.4663,0.49728,0.51373,0.51475,0.48895,0.41544,0.27332,0.049139,-0.25282,-0.60955,-0.98102,-1.3158,-1.549,-1.6297,-1.554,-1.3622,-1.1339,-0.92329,-0.75067,-0.61672,-0.52851,-0.48935,-0.50363,-0.56017,-0.62747,-0.66299,-0.63969,-0.55568,-0.43622,-0.31847,-0.23473,-0.20241,-0.2188,-0.25432,-0.26095,-0.17677,0.039901,0.37794,0.77084,1.126,1.3635,1.4474,1.3777,1.1924,0.92281,0.58156
-0.10737,0.076039,0.19332,0.15025,-0.059331,-0.3419,-0.62238,-0.88852,-1.1611,-1.4647,-1.7646,-1.9048,-1.7299,-1.3405,-1.0063,-0.87771,-0.9482,-1.1431,-1.3824,-1.5958,-1.7214,-1.7113,-1.5399,-1.2084,-0.7559,-0.27094,0.13688,0.3935,0.49756,0.50361,0.4786,0.47071,0.48911,0.51737,0.53493,0.53716,0.52653,0.50548,0.46507,0.38786,0.25059,0.038578,-0.25181,-0.60511,-0.98519,-1.3375,-1.5943,-1.6936,-1.6153,-1.4151,-1.1667,-0.93528,-0.75176,-0.62347,-0.54441,-0.51691,-0.5337,-0.57535,-0.61084,-0.6118,-0.55733,-0.45594,-0.33598,-0.23018,-0.16203,-0.13984,-0.15629,-0.18955,-0.19247,-0.11611,0.071911,0.36504,0.71178,1.0323,1.2505,1.3237,1.2592,1.0841,0.82601,0.49638
-0.12086,0.012299,0.031949,-0.10974,-0.37955,-0.67344,-0.92885,-1.1407,-1.3276,-1.5115,-1.6696,-1.7017,-1.5255,-1.244,-1.0611,-1.0785,-1.2698,-1.556,-1.8522,-2.08,-2.1722,-2.0855,-1.8124,-1.379,-0.84222,-0.2924,0.16868,0.47357,0.6197,0.65525,0.64219,0.62408,0.6149,0.60437,0.58315,0.5496,0.51088,0.46928,0.41852,0.34204,0.218,0.025878,-0.24357,-0.58071,-0.95199,-1.2993,-1.5475,-1.6318,-1.5434,-1.3334,-1.0917,-0.88248,-0.73009,-0.63075,-0.57991,-0.56182,-0.56205,-0.56339,-0.54809,-0.50208,-0.42427,-0.32689,-0.22768,-0.14506,-0.093805,-0.08231,-0.10899,-0.15374,-0.18531,-0.15353,-0.015594,0.23154,0.53907,0.82793,1.0264,1.101,1.0498,0.90351,0.68525,0.40088
-0.15476,-0.085254,-0.16984,-0.4063,-0.71851,-0.99846,-1.2045,-1.3448,-1.4376,-1.5015,-1.5283,-1.4673,-1.2999,-1.1303,-1.1006,-1.2663,-1.5789,-1.951,-2.2916,-2.5148,-2.5508,-2.3701,-1.9951,-1.4805,-0.89377,-0.31366,0.17316,0.50913,0.68745,0.74578,0.73831,0.70434,0.66254,0.61518,0.56318,0.50704,0.45177,0.39665,0.3388,0.26499,0.15613,-0.010341,-0.24822,-0.54992,-0.87979,-1.1792,-1.3774,-1.4245,-1.322,-1.1274,-0.91834,-0.74735,-0.63227,-0.56996,-0.54126,-0.52953,-0.518,-0.49102,-0.43758,-0.35895,-0.26507,-0.17172,-0.097295,-0.054589,-0.048327,-0.076793,-0.13299,-0.20973,-0.27453,-0.2872,-0.20813,-0.022358,0.2411,0.51461,0.72349,0.81991,0.80786,0.70718,0.54102,0.31924
-0.19618,-0.18248,-0.34738,-0.64954,-0.977,-1.2269,-1.3786,-1.4558,-1.4777,-1.4598,-1.4029,-1.288,-1.134,-1.0434,-1.1216,-1.3912,-1.7884,-2.2186,-2.584,-2.7932,-2.778,-2.5253,-2.0843,-1.5281,-0.922,-0.3327,0.16522,0.51594,0.70937,0.77572,0.76104,0.70714,0.63776,0.56713,0.49786,0.43396,0.37241,0.31295,0.25037,0.17703,0.077523,-0.070087,-0.27707,-0.53615,-0.81497,-1.0548,-1.1993,-1.2108,-1.0941,-0.91247,-0.72582,-0.58042,-0.49289,-0.45537,-0.44606,-0.44372,-0.42339,-0.37114,-0.2907,-0.1992,-0.11122,-0.046568,-0.011026,-0.0034161,-0.022455,-0.07079,-0.15413,-0.26006,-0.37349,-0.44807,-0.42608,-0.2772,-0.029217,0.24303,0.46116,0.58501,0.60341,0.54426,0.43027,0.27042
-0.27334,-0.34354,-0.61726,-0.99456,-1.3178,-1.4978,-1.5561,-1.5406,-1.4734,-1.3643,-1.2204,-1.0564,-0.92682,-0.9298,-1.1355,-1.5273,-2.0226,-2.517,-2.9035,-3.0843,-3.0003,-2.667,-2.1621,-1.5704,-0.95264,-0.36122,0.1414,0.49991,0.70013,0.7635,0.73016,0.64191,0.53119,0.42398,0.33332,0.26247,0.20401,0.1494,0.091724,0.024126,-0.06365,-0.18624,-0.35256,-0.55273,-0.7527,-0.90251,-0.95308,-0.88744,-0.73674,-0.55496,-0.40351,-0.30889,-0.2654,-0.25233,-0.24599,-0.22535,-0.18298,-0.12043,-0.045113,0.031985,0.089421,0.12129,0.12126,0.08769,0.022014,-0.074352,-0.19925,-0.35786,-0.52703,-0.66594,-0.71843,-0.64071,-0.43624,-0.1651,0.087752,0.25685,0.33669,0.33957,0.29085,0.20976
-0.37411,-0.53783,-0.91934,-1.353,-1.6395,-1.7195,-1.668,-1.5563,-1.4093,-1.231,-1.0296,-0.83853,-0.73689,-0.81953,-1.1306,-1.6225,-2.1945,-2.7293,-3.1169,-3.2668,-3.1354,-2.7555,-2.2167,-1.6063,-0.98454,-0.39637,0.1019,0.45841,0.65187,0.69803,0.63112,0.49373,0.33165,0.18415,0.077588,0.011484,-0.030007,-0.067461,-0.11483,-0.17637,-0.25657,-0.35516,-0.47552,-0.60487,-0.7106,-0.75675,-0.71333,-0.5836,-0.40522,-0.23113,-0.099743,-0.022769,0.010344,0.022295,0.03428,0.061055,0.11009,0.17642,0.24378,0.29066,0.30795,0.28584,0.22916,0.14829,0.050051,-0.06862,-0.22078,-0.41073,-0.63323,-0.84678,-0.97926,-0.96445,-0.79237,-0.52411,-0.25194,-0.044016,0.081245,0.13979,0.15921,0.16236
-0.46363,-0.70238,-1.161,-1.6219,-1.8596,-1.8496,-1.71,-1.5277,-1.3288,-1.1121,-0.88354,-0.68436,-0.60407,-0.73751,-1.1131,-1.6643,-2.2754,-2.8225,-3.2,-3.3314,-3.1858,-2.7986,-2.2561,-1.6443,-1.0225,-0.43667,0.057799,0.41009,0.59504,0.6207,0.5175,0.33093,0.11809,-0.062572,-0.17633,-0.22487,-0.24043,-0.2559,-0.29195,-0.35109,-0.4276,-0.51448,-0.60197,-0.67348,-0.70544,-0.66979,-0.55775,-0.3847,-0.1896,-0.018989,0.099573,0.16411,0.19357,0.2152,0.24501,0.29157,0.34948,0.40529,0.44439,0.45579,0.43192,0.37475,0.291,0.18874,0.072312,-0.061651,-0.22434,-0.42896,-0.66891,-0.90908,-1.0826,-1.1177,-0.98727,-0.73778,-0.46084,-0.23533,-0.084993,0.0057513,0.066706,0.12544
-0.59725,-0.94137,-1.4928,-1.9673,-2.1138,-1.972,-1.7166,-1.4462,-1.1883,-0.93652,-0.68992,-0.49206,-0.44029,-0.62853,-1.0676,-1.6727,-2.3106,-2.855,-3.2152,-3.3369,-3.2024,-2.8407,-2.321,-1.7213,-1.0994,-0.51099,-0.016668,0.3273,0.49262,0.47926,0.31627,0.054493,-0.23273,-0.46129,-0.58146,-0.5996,-0.57006,-0.54605,-0.55856,-0.60829,-0.67826,-0.74556,-0.78835,-0.78844,-0.72843,-0.5991,-0.40794,-0.18503,0.026757,0.18749,0.28492,0.336,0.37177,0.41433,0.47933,0.55403,0.61903,0.65741,0.65951,0.62199,0.54756,0.44448,0.32502,0.20173,0.080068,-0.047214,-0.19846,-0.39306,-0.63582,-0.89677,-1.1069,-1.1855,-1.0946,-0.8744,-0.6164,-0.3968,-0.24465,-0.14183,-0.051723,0.060333
-0.70411,-1.1293,-1.7404,-2.205,-2.2679,-2.0278,-1.6909,-1.3619,-1.0673,-0.79851,-0.54904,-0.35885,-0.32758,-0.5461,-1.0154,-1.6398,-2.2793,-2.8117,-3.1616,-3.2915,-3.1889,-2.8699,-2.3836,-1.7972,-1.1726,-0.57718,-0.080753,0.25421,0.39622,0.3468,0.13332,-0.18785,-0.52984,-0.7949,-0.91792,-0.91343,-0.84588,-0.78599,-0.77229,-0.80838,-0.8726,-0.92652,-0.93932,-0.88933,-0.76525,-0.57611,-0.34042,-0.094136,0.11776,0.27045,0.35758,0.4022,0.43976,0.49995,0.58288,0.67461,0.74756,0.7783,0.7568,0.68559,0.57724,0.44705,0.31169,0.18425,0.068861,-0.04296,-0.17194,-0.34052,-0.55644,-0.79851,-1.0091,-1.1132,-1.0655,-0.89025,-0.66689,-0.47472,-0.33534,-0.23201,-0.12868,0.0099796
-0.84799,-1.3797,-2.051,-2.4751,-2.4173,-2.0565,-1.6263,-1.2312,-0.89663,-0.61359,-0.36937,-0.19779,-0.19169,-0.43734,-0.92767,-1.5541,-2.1739,-2.6793,-3.0209,-3.1807,-3.1447,-2.9049,-2.4785,-1.9143,-1.2862,-0.68034,-0.18351,0.13598,0.24531,0.14721,-0.13315,-0.5354,-0.95395,-1.2651,-1.3868,-1.3377,-1.2099,-1.0964,-1.0478,-1.0701,-1.13,-1.1763,-1.1562,-1.0417,-0.83993,-0.57585,-0.29268,-0.035131,0.16094,0.27749,0.32884,0.35402,0.39631,0.47843,0.59483,0.71534,0.80123,0.8256,0.78145,0.68137,0.53977,0.38274,0.23544,0.11649,0.030041,-0.037973,-0.11641,-0.22989,-0.39849,-0.60745,-0.80456,-0.91895,-0.90535,-0.78234,-0.62094,-0.48662,-0.39938,-0.33646,-0.25268,-0.10472
-0.98283,-1.6111,-2.3147,-2.6683,-2.4927,-2.0372,-1.5397,-1.0942,-0.72864,-0.4351,-0.2003,-0.050092,-0.068037,-0.33282,-0.83042,-1.4425,-2.0272,-2.4964,-2.8282,-3.0231,-3.0636,-2.9147,-2.559,-2.0272,-1.4044,-0.79525,-0.3037,-0.0006118,0.080582,-0.059324,-0.3961,-0.86752,-1.3582,-1.7121,-1.8274,-1.7282,-1.5389,-1.3741,-1.2976,-1.3128,-1.3747,-1.4154,-1.3647,-1.1963,-0.93063,-0.61647,-0.3087,-0.057194,0.10312,0.16808,0.16856,0.1612,0.19759,0.29765,0.44335,0.58906,0.68931,0.71627,0.66591,0.55192,0.40442,0.25319,0.1244,0.033826,-0.016965,-0.04129,-0.062261,-0.11639,-0.21956,-0.36809,-0.5273,-0.64179,-0.66919,-0.61605,-0.53514,-0.47891,-0.45999,-0.44424,-0.38414,-0.23852
-1.0699,-1.759,-2.4633,-2.7486,-2.4974,-1.9966,-1.4681,-0.99611,-0.61065,-0.30969,-0.080526,0.05395,0.017521,-0.26019,-0.7573,-1.3519,-1.9051,-2.3441,-2.6666,-2.8853,-2.9807,-2.9002,-2.6015,-2.102,-1.4892,-0.88444,-0.3995,-0.10938,-0.045062,-0.20988,-0.57714,-1.0843,-1.609,-1.9833,-2.0925,-1.9685,-1.7445,-1.5513,-1.4549,-1.4644,-1.532,-1.5759,-1.5142,-1.3162,-1.0127,-0.66867,-0.35242,-0.11747,0.0054429,0.01818,-0.034094,-0.081965,-0.064008,0.040572,0.20743,0.37971,0.50245,0.54398,0.5017,0.39615,0.2576,0.12023,0.013062,-0.046277,-0.056786,-0.034958,-0.011193,-0.014711,-0.07201,-0.18403,-0.32103,-0.4333,-0.48237,-0.47286,-0.44983,-0.45554,-0.4929,-0.52607,-0.50312,-0.37894
-1.1552,-1.9038,-2.5748,-2.7595,-2.4364,-1.9137,-1.372,-0.87914,-0.47189,-0.15855,0.066123,0.1808,0.11909,-0.17585,-0.66842,-1.2333,-1.7402,-2.1387,-2.4481,-2.6925,-2.8498,-2.849,-2.6189,-2.1628,-1.5714,-0.9821,-0.51579,-0.24674,-0.20497,-0.39248,-0.78318,-1.3105,-1.8421,-2.2081,-2.2981,-2.1567,-1.9191,-1.7133,-1.6101,-1.6192,-1.7,-1.7578,-1.7022,-1.4887,-1.1523,-0.77842,-0.45209,-0.24005,-0.17526,-0.24618,-0.39091,-0.51703,-0.54484,-0.44654,-0.25831,-0.049262,0.11331,0.19097,0.1813,0.10866,0.011087,-0.07512,-0.12467,-0.12708,-0.085454,-0.01431,0.063984,0.11257,0.11033,0.048564,-0.056047,-0.16615,-0.24798,-0.30034,-0.35598,-0.44523,-0.56171,-0.66074,-0.68601,-0.59203
-1.1946,-1.9691,-2.5744,-2.6602,-2.3067,-1.8044,-1.28,-0.78174,-0.35639,-0.027515,0.19681,0.2926,0.20443,-0.1082,-0.59616,-1.1291,-1.5903,-1.9506,-2.2462,-2.5073,-2.7086,-2.7661,-2.5901,-2.1699,-1.6052,-1.0427,-0.6073,-0.36655,-0.34548,-0.53924,-0.92356,-1.4292,-1.9303,-2.2614,-2.3316,-2.1802,-1.9481,-1.7541,-1.6738,-1.715,-1.8312,-1.9234,-1.881,-1.658,-1.3005,-0.91055,-0.58685,-0.40278,-0.39766,-0.55714,-0.81004,-1.0408,-1.1409,-1.0665,-0.85968,-0.60932,-0.39801,-0.26881,-0.22206,-0.23023,-0.25553,-0.26801,-0.24843,-0.18852,-0.090162,0.03389,0.15774,0.25496,0.29422,0.26234,0.17232,0.05749,-0.052752,-0.15832,-0.28589,-0.45521,-0.64863,-0.81171,-0.8859,-0.8298
-1.1883,-1.9583,-2.4984,-2.5197,-2.1714,-1.7101,-1.216,-0.72356,-0.28625,0.056019,0.28299,0.36655,0.25815,-0.067589,-0.55167,-1.0629,-1.4941,-1.8301,-2.1154,-2.3823,-2.6039,-2.6902,-2.5419,-2.1431,-1.5996,-1.0644,-0.65918,-0.44579,-0.43694,-0.62383,-0.97908,-1.4367,-1.8853,-2.1798,-2.2422,-2.1085,-1.8995,-1.7307,-1.6703,-1.739,-1.8901,-2.0226,-2.0076,-1.7885,-1.4211,-1.0179,-0.6941,-0.52944,-0.56471,-0.79038,-1.1294,-1.4533,-1.6291,-1.5891,-1.3742,-1.0867,-0.82873,-0.65284,-0.55649,-0.50378,-0.46009,-0.39791,-0.30999,-0.1978,-0.06409,0.085255,0.23537,0.35506,0.41737,0.40453,0.32286,0.20079,0.067326,-0.074249,-0.24736,-0.46974,-0.715,-0.92906,-1.0474,-1.0239
-1.1279,-1.8626,-2.3051,-2.2644,-1.9539,-1.573,-1.1392,-0.66614,-0.21659,0.1457,0.37995,0.45059,0.31736,-0.027301,-0.50877,-0.99582,-1.3956,-1.7055,-1.9767,-2.2432,-2.4754,-2.5758,-2.4398,-2.0567,-1.5413,-1.0515,-0.69986,-0.53159,-0.54336,-0.7146,-1.0098,-1.3728,-1.7114,-1.9328,-1.9842,-1.9002,-1.7572,-1.6458,-1.6287,-1.734,-1.9304,-2.1128,-2.1479,-1.9586,-1.5904,-1.1751,-0.83901,-0.67942,-0.75124,-1.0509,-1.5042,-1.9615,-2.2509,-2.2752,-2.0626,-1.7408,-1.4274,-1.1778,-0.99073,-0.83918,-0.69011,-0.53529,-0.37258,-0.20048,-0.017511,0.1718,0.34891,0.49365,0.57233,0.56833,0.48932,0.36145,0.20663,0.02179,-0.21423,-0.50359,-0.81851,-1.0882,-1.2459,-1.2537
-1.044,-1.7337,-2.1053,-2.038,-1.774,-1.466,-1.0881,-0.63704,-0.18226,0.19578,0.43876,0.50377,0.35392,-0.0055676,-0.48879,-0.96349,-1.3455,-1.641,-1.904,-2.1669,-2.3958,-2.489,-2.343,-1.9592,-1.4626,-1.0111,-0.70733,-0.57958,-0.60964,-0.76617,-1.0099,-1.2921,-1.5433,-1.7025,-1.7426,-1.6888,-1.5995,-1.5401,-1.5711,-1.7167,-1.951,-2.1723,-2.2398,-2.0674,-1.6988,-1.2734,-0.92906,-0.76933,-0.85747,-1.191,-1.703,-2.2463,-2.632,-2.7205,-2.5326,-2.1927,-1.837,-1.5356,-1.2898,-1.0699,-0.84937,-0.62287,-0.39755,-0.1796,0.031235,0.23581,0.4278,0.58069,0.66968,0.67605,0.60099,0.46449,0.28762,0.072002,-0.1982,-0.52839,-0.87631,-1.1779,-1.3673,-1.407
-0.88443,-1.5007,-1.7904,-1.7141,-1.5258,-1.3238,-1.0301,-0.6176,-0.16115,0.23672,0.49688,0.56108,0.39438,0.016197,-0.47293,-0.93865,-1.3044,-1.5877,-1.8456,-2.1046,-2.3209,-2.3867,-2.2067,-1.8048,-1.3242,-0.92328,-0.68972,-0.62545,-0.6868,-0.82363,-0.99638,-1.1679,-1.3098,-1.3953,-1.4216,-1.4036,-1.3766,-1.3854,-1.4747,-1.6718,-1.9538,-2.2237,-2.3303,-2.175,-1.8039,-1.3586,-0.99543,-0.82789,-0.9182,-1.2855,-1.8622,-2.4975,-2.9831,-3.1594,-3,-2.6501,-2.2631,-1.9146,-1.606,-1.3081,-1.0081,-0.71211,-0.43282,-0.17459,0.067611,0.29773,0.50553,0.67592,0.77705,0.78956,0.71569,0.57523,0.38542,0.14286,-0.16786,-0.53855,-0.92946,-1.265,-1.4803,-1.5482
-0.67987,-1.2165,-1.4474,-1.3899,-1.2845,-1.188,-0.9844,-0.61968,-0.16965,0.24677,0.52811,0.60078,0.42598,0.032866,-0.46379,-0.92633,-1.2848,-1.5644,-1.8236,-2.0816,-2.2821,-2.309,-2.0782,-1.641,-1.1639,-0.80721,-0.64507,-0.6552,-0.76429,-0.89539,-1.0019,-1.0678,-1.0997,-1.1146,-1.1266,-1.1439,-1.1758,-1.2454,-1.3843,-1.619,-1.9298,-2.2254,-2.3554,-2.2184,-1.8506,-1.4014,-1.0239,-0.83413,-0.91047,-1.2653,-1.8505,-2.5293,-3.0917,-3.3352,-3.2381,-2.9189,-2.538,-2.1781,-1.8403,-1.5007,-1.1476,-0.79802,-0.47431,-0.18579,0.073551,0.31347,0.53567,0.71565,0.83115,0.86067,0.7995,0.66037,0.45912,0.19805,-0.13108,-0.52335,-0.92996,-1.282,-1.5191,-1.6161
-0.50441,-0.98366,-1.1884,-1.1591,-1.1162,-1.0947,-0.95775,-0.63405,-0.19394,0.23401,0.534,0.61907,0.44532,0.046248,-0.45618,-0.9198,-1.2791,-1.5628,-1.8272,-2.0856,-2.2721,-2.2652,-1.9906,-1.5221,-1.0405,-0.7098,-0.59709,-0.66544,-0.81821,-0.95728,-1.026,-1.0242,-0.98294,-0.94864,-0.94719,-0.9844,-1.0541,-1.1615,-1.3292,-1.5784,-1.8952,-2.1957,-2.3375,-2.212,-1.8484,-1.39,-0.99527,-0.7891,-0.85235,-1.2021,-1.7916,-2.482,-3.0619,-3.3363,-3.2668,-2.9776,-2.6238,-2.2797,-1.9431,-1.5914,-1.2244,-0.8658,-0.53758,-0.24416,0.024465,0.27797,0.51023,0.70588,0.83397,0.87292,0.82099,0.6935,0.50501,0.25297,-0.074784,-0.46838,-0.88129,-1.2439,-1.4956,-1.6141
-0.25156,-0.66332,-0.85696,-0.8781,-0.91644,-0.9846,-0.93253,-0.66898,-0.24988,0.19058,0.51776,0.62729,0.46559,0.067582,-0.43831,-0.9086,-1.2794,-1.5788,-1.8581,-2.1201,-2.2864,-2.2303,-1.8929,-1.3752,-0.87883,-0.5715,-0.51234,-0.65263,-0.86776,-1.0323,-1.078,-1.0136,-0.90428,-0.81886,-0.79729,-0.84044,-0.93492,-1.0729,-1.2663,-1.5271,-1.8396,-2.1237,-2.25,-2.1216,-1.7649,-1.3102,-0.91416,-0.70195,-0.75127,-1.093,-1.6734,-2.3535,-2.9274,-3.2154,-3.1761,-2.9344,-2.6324,-2.3335,-2.0289,-1.6956,-1.3391,-0.98484,-0.65779,-0.36436,-0.095083,0.16097,0.40317,0.61008,0.75655,0.82146,0.80016,0.70322,0.54176,0.3131,0.0068775,-0.37224,-0.77201,-1.1279,-1.3857,-1.5271
-0.054069,-0.42404,-0.62548,-0.69181,-0.78686,-0.91352,-0.9213,-0.7062,-0.30873,0.1382,0.48696,0.61957,0.47464,0.085371,-0.41855,-0.89534,-1.2811,-1.6,-1.8963,-2.1635,-2.3146,-2.2202,-1.8332,-1.2755,-0.7629,-0.46421,-0.43562,-0.62115,-0.88382,-1.0782,-1.1253,-1.0362,-0.89432,-0.7822,-0.74669,-0.78766,-0.88726,-1.0323,-1.2281,-1.4823,-1.7766,-2.0362,-2.1438,-2.0145,-1.6693,-1.2324,-0.84646,-0.6327,-0.67724,-1.0017,-1.5623,-2.2256,-2.7905,-3.0744,-3.0584,-2.8539,-2.5947,-2.3367,-2.0664,-1.7611,-1.4254,-1.0906,-0.78193,-0.50367,-0.24366,0.01019,0.25567,0.47226,0.63363,0.71964,0.72791,0.66963,0.5519,0.36422,0.08943,-0.26328,-0.65152,-1.0044,-1.2652,-1.4167
0.21099,-0.11632,-0.34432,-0.47757,-0.64203,-0.83435,-0.91527,-0.76815,-0.40695,0.042704,0.42107,0.5901,0.47594,0.10861,-0.38558,-0.86909,-1.2786,-1.6304,-1.9552,-2.2333,-2.3663,-2.2236,-1.776,-1.1698,-0.63056,-0.32769,-0.32112,-0.54664,-0.86324,-1.1068,-1.1769,-1.0875,-0.92922,-0.80151,-0.75427,-0.78921,-0.88216,-1.0166,-1.1901,-1.4103,-1.6614,-1.8832,-1.9721,-1.8465,-1.5226,-1.1049,-0.73339,-0.53068,-0.57749,-0.90339,-1.4561,-2.0958,-2.6254,-2.8928,-2.8804,-2.713,-2.5118,-2.3162,-2.1029,-1.844,-1.554,-1.2624,-0.99209,-0.74427,-0.50578,-0.26535,-0.024526,0.19792,0.37717,0.49712,0.55652,0.56313,0.51749,0.40215,0.19404,-0.10796,-0.45506,-0.78403,-1.0413,-1.2086
0.47036,0.17226,-0.096369,-0.30087,-0.52501,-0.76918,-0.9159,-0.84086,-0.52565,-0.080217,0.32686,0.53754,0.46167,0.12485,-0.35173,-0.8353,-1.2643,-1.6473,-2.0026,-2.2974,-2.4227,-2.2487,-1.7593,-1.1147,-0.5427,-0.21431,-0.19045,-0.41904,-0.7614,-1.0536,-1.1795,-1.1331,-1,-0.88043,-0.83051,-0.85379,-0.92832,-1.035,-1.171,-1.3415,-1.5366,-1.7076,-1.7702,-1.6534,-1.3595,-0.97871,-0.63613,-0.45098,-0.50765,-0.83094,-1.3684,-1.9799,-2.4772,-2.724,-2.724,-2.5965,-2.4483,-2.306,-2.1406,-1.9316,-1.6843,-1.439,-1.2212,-1.0281,-0.83795,-0.63107,-0.40951,-0.18569,0.015167,0.17599,0.29641,0.38378,0.43226,0.41214,0.28813,0.055478,-0.24546,-0.54757,-0.7939,-0.96183
0.65775,0.3733,0.068223,-0.19057,-0.45162,-0.72565,-0.91682,-0.89825,-0.62564,-0.18908,0.23779,0.48146,0.43889,0.12788,-0.33311,-0.81076,-1.2459,-1.6445,-2.0182,-2.3273,-2.4576,-2.2765,-1.7699,-1.1029,-0.50288,-0.14256,-0.085823,-0.29328,-0.63747,-0.95852,-1.1354,-1.142,-1.0492,-0.95339,-0.91344,-0.93388,-0.99335,-1.0709,-1.1671,-1.2897,-1.4384,-1.5728,-1.6204,-1.5125,-1.2428,-0.89057,-0.57203,-0.40274,-0.46815,-0.78915,-1.3147,-1.9075,-2.3859,-2.6218,-2.6299,-2.5217,-2.3987,-2.2862,-2.1568,-1.9834,-1.7826,-1.5848,-1.4101,-1.254,-1.097,-0.92164,-0.7248,-0.51675,-0.3173,-0.1342,0.036489,0.19738,0.3307,0.39381,0.34255,0.16756,-0.088745,-0.36168,-0.59373,-0.75922
0.89457,0.61925,0.26155,-0.066874,-0.36779,-0.6696,-0.91382,-0.97367,-0.76894,-0.35433,0.096411,0.38769,0.39419,0.12019,-0.31577,-0.78034,-1.2135,-1.6194,-2.0077,-2.3361,-2.4857,-2.3157,-1.8053,-1.115,-0.47531,-0.062016,0.051226,-0.10779,-0.42792,-0.76337,-0.99474,-1.0827,-1.0733,-1.0437,-1.0409,-1.0682,-1.1039,-1.1339,-1.166,-1.2209,-1.3092,-1.4045,-1.4408,-1.3467,-1.1083,-0.78479,-0.49081,-0.34148,-0.41541,-0.73934,-1.2516,-1.8139,-2.2593,-2.484,-2.507,-2.4326,-2.3461,-2.2672,-2.1713,-2.0408,-1.8856,-1.7378,-1.6196,-1.5281,-1.4405,-1.3308,-1.1858,-1.0115,-0.81325,-0.59501,-0.35364,-0.093692,0.15301,0.32758,0.37442,0.28057,0.084447,-0.14176,-0.33839,-0.47829
1.1127,0.8409,0.42912,0.037275,-0.29272,-0.61055,-0.90074,-1.0418,-0.91736,-0.53895,-0.067789,0.27506,0.33595,0.107,-0.29732,-0.74311,-1.1648,-1.5658,-1.9576,-2.3003,-2.4766,-2.34,-1.8508,-1.1516,-0.4745,-0.0024763,0.17737,0.083759,-0.18878,-0.51159,-0.77534,-0.94053,-1.032,-1.0962,-1.1549,-1.2005,-1.2142,-1.1972,-1.1683,-1.1624,-1.196,-1.2564,-1.2825,-1.2042,-0.99531,-0.70364,-0.4309,-0.28849,-0.36008,-0.66531,-1.1491,-1.681,-2.106,-2.3305,-2.3759,-2.3308,-2.2701,-2.2127,-2.1417,-2.044,-1.9379,-1.8486,-1.7909,-1.7581,-1.7283,-1.6782,-1.5928,-1.467,-1.2987,-1.0756,-0.78448,-0.43416,-0.073887,0.21684,0.36761,0.35679,0.22942,0.053692,-0.10696,-0.21889
1.2628,0.99256,0.54216,0.10686,-0.23875,-0.56202,-0.88138,-1.0836,-1.0268,-0.68253,-0.20049,0.18097,0.28671,0.094742,-0.28198,-0.70896,-1.1171,-1.5082,-1.8945,-2.2408,-2.4361,-2.3329,-1.8758,-1.1862,-0.49034,0.024308,0.26046,0.22387,-0.0042497,-0.30649,-0.5852,-0.79845,-0.95873,-1.0921,-1.2036,-1.2745,-1.2867,-1.2446,-1.1787,-1.13,-1.1276,-1.1617,-1.1801,-1.1115,-0.92044,-0.64522,-0.38222,-0.24109,-0.3024,-0.58965,-1.0467,-1.5497,-1.9572,-2.1871,-2.253,-2.2325,-2.1913,-2.1486,-2.0933,-2.0189,-1.9425,-1.8858,-1.8635,-1.871,-1.8872,-1.8864,-1.849,-1.7689,-1.6286,-1.4071,-1.0865,-0.67981,-0.24912,0.11277,0.32846,0.37858,0.2983,0.16401,0.039641,-0.040517
1.4436,1.1768,0.67976,0.19373,-0.16587,-0.4908,-0.84121,-1.1228,-1.1604,-0.8701,-0.37934,0.05167,0.21669,0.075681,-0.26069,-0.65494,-1.0362,-1.4043,-1.7724,-2.1129,-2.3271,-2.2726,-1.8746,-1.223,-0.52075,0.037465,0.34126,0.37887,0.21706,-0.0453,-0.32564,-0.58365,-0.8183,-1.0342,-1.2168,-1.3296,-1.3501,-1.2848,-1.179,-1.0855,-1.0461,-1.0571,-1.0704,-1.0124,-0.83828,-0.57851,-0.32035,-0.16962,-0.20674,-0.45355,-0.86038,-1.3169,-1.7013,-1.9408,-2.0444,-2.0667,-2.0553,-2.028,-1.9868,-1.9405,-1.9017,-1.8916,-1.9147,-1.96,-2.0088,-2.0451,-2.0578,-2.0325,-1.9478,-1.764,-1.4459,-1.0018,-0.50318,-0.057869,0.24336,0.36787,0.35786,0.28098,0.20227,0.16103
1.5648,1.3022,0.77523,0.25772,-0.10971,-0.43244,-0.80163,-1.137,-1.2455,-0.99872,-0.50436,-0.038512,0.16673,0.061777,-0.24394,-0.60901,-0.96326,-1.3073,-1.6557,-1.9853,-2.2088,-2.1916,-1.8454,-1.233,-0.53955,0.03662,0.3773,0.46103,0.34718,0.12049,-0.14729,-0.42163,-0.69771,-0.96697,-1.198,-1.3418,-1.3678,-1.2901,-1.1599,-1.0452,-0.98895,-0.99522,-1.0096,-0.95536,-0.78767,-0.53229,-0.27258,-0.10989,-0.12355,-0.33196,-0.69465,-1.1141,-1.4812,-1.7297,-1.857,-1.9044,-1.9156,-1.9118,-1.8977,-1.8773,-1.8699,-1.8826,-1.9199,-1.976,-2.0379,-2.0923,-2.1296,-2.1415,-2.0979,-1.951,-1.6537,-1.2054,-0.6792,-0.19215,0.15648,0.33358,0.36945,0.33371,0.29083,0.2811
1.7074,1.4537,0.89592,0.34316,-0.033814,-0.35078,-0.73882,-1.1368,-1.3313,-1.1407,-0.64067,-0.13196,0.12088,0.055465,-0.21486,-0.54102,-0.85523,-1.1613,-1.4763,-1.7844,-2.0121,-2.037,-1.7604,-1.2114,-0.55132,0.026538,0.3931,0.52053,0.45528,0.27218,0.030567,-0.2459,-0.54917,-0.86383,-1.1404,-1.3184,-1.357,-1.2719,-1.1261,-0.99391,-0.92778,-0.92664,-0.93846,-0.88548,-0.72142,-0.46867,-0.2086,-0.035395,-0.016544,-0.17482,-0.46976,-0.82316,-1.1536,-1.4096,-1.5798,-1.6796,-1.7323,-1.7581,-1.7732,-1.7906,-1.8217,-1.8687,-1.9247,-1.9791,-2.026,-2.0684,-2.1124,-2.1549,-2.1688,-2.0918,-1.8548,-1.4387,-0.90971,-0.38916,0.013493,0.24854,0.34784,0.37051,0.37774,0.41021
1.827,1.588,1.0095,0.42772,0.04044,-0.27165,-0.67263,-1.1186,-1.3817,-1.2362,-0.72792,-0.17868,0.11264,0.07455,-0.17159,-0.46922,-0.7477,-1.0141,-1.29,-1.5671,-1.7852,-1.8366,-1.624,-1.1522,-0.55313,-0.0038761,0.36606,0.5183,0.48842,0.3398,0.1221,-0.14601,-0.45838,-0.79237,-1.0895,-1.2758,-1.3103,-1.2149,-1.0618,-0.92998,-0.86786,-0.87219,-0.88649,-0.83649,-0.67868,-0.43424,-0.17527,0.013831,0.068723,-0.030346,-0.25456,-0.54278,-0.83296,-1.0862,-1.288,-1.4419,-1.5549,-1.6368,-1.7008,-1.7611,-1.8238,-1.8857,-1.9381,-1.9738,-1.9935,-2.0089,-2.0388,-2.0891,-2.139,-2.128,-1.9713,-1.6194,-1.1149,-0.57902,-0.13561,0.15504,0.3067,0.3762,0.42388,0.49118
1.9012,1.677,1.0899,0.48766,0.090504,-0.22002,-0.62556,-1.0961,-1.3956,-1.2716,-0.75349,-0.17762,0.13732,0.11239,-0.12467,-0.41008,-0.66915,-0.90998,-1.1568,-1.4058,-1.6066,-1.6656,-1.4938,-1.085,-0.54647,-0.037564,0.31678,0.47241,0.45888,0.33034,0.12789,-0.13132,-0.44403,-0.77941,-1.0741,-1.2509,-1.2713,-1.166,-1.0066,-0.87655,-0.81958,-0.83396,-0.8589,-0.81786,-0.66933,-0.43139,-0.17221,0.028331,0.10984,0.052868,-0.12229,-0.36561,-0.62596,-0.87362,-1.0939,-1.2844,-1.4447,-1.5753,-1.6822,-1.7768,-1.862,-1.9331,-1.9776,-1.9877,-1.9707,-1.9507,-1.9557,-2.0037,-2.0775,-2.1132,-2.016,-1.7191,-1.2474,-0.71351,-0.24564,0.081663,0.27375,0.37814,0.45164,0.53689
1.9787,1.7785,1.187,0.55854,0.14359,-0.16806,-0.5736,-1.0583,-1.382,-1.2671,-0.73176,-0.12813,0.20921,0.19323,-0.043725,-0.32638,-0.57246,-0.78932,-1.002,-1.2101,-1.3757,-1.43,-1.3014,-0.97327,-0.52422,-0.088555,0.21973,0.35639,0.34517,0.22969,0.042458,-0.2055,-0.50562,-0.82347,-1.0915,-1.2385,-1.2347,-1.1131,-0.95052,-0.82137,-0.77174,-0.79161,-0.82799,-0.8053,-0.67752,-0.46001,-0.21201,-0.0062432,0.10396,0.098846,-0.0061268,-0.17884,-0.39169,-0.62739,-0.87749,-1.1275,-1.3578,-1.5551,-1.7193,-1.8596,-1.9723,-2.0469,-2.0687,-2.0349,-1.9632,-1.888,-1.8494,-1.8719,-1.9495,-2.0278,-2.0075,-1.793,-1.3728,-0.84607,-0.35296,0.014573,0.24643,0.38418,0.48387,0.58845
2.0197,1.8407,1.25,0.60295,0.16983,-0.14554,-0.54725,-1.0288,-1.3506,-1.2276,-0.67682,-0.056821,0.28957,0.27347,0.029283,-0.26172,-0.50981,-0.71765,-0.90764,-1.0827,-1.2171,-1.259,-1.1509,-0.87642,-0.49758,-0.12756,0.1313,0.23997,0.21458,0.097468,-0.087078,-0.32981,-0.61912,-0.91764,-1.1564,-1.2646,-1.2258,-1.0822,-0.91467,-0.79134,-0.75019,-0.77794,-0.82128,-0.81104,-0.70262,-0.50827,-0.27721,-0.072148,0.056251,0.089386,0.032635,-0.094139,-0.27446,-0.50125,-0.76671,-1.0536,-1.3339,-1.5823,-1.7893,-1.9568,-2.0857,-2.1607,-2.1635,-2.0922,-1.9724,-1.8495,-1.7696,-1.7653,-1.8337,-1.9239,-1.9377,-1.7713,-1.3933,-0.88524,-0.38576,0.0030072,0.25716,0.41271,0.52251,0.63019
2.0509,1.903,1.3182,0.64627,0.18188,-0.14213,-0.534,-0.99504,-1.2887,-1.1354,-0.55869,0.077094,0.42777,0.40354,0.14084,-0.17454,-0.44117,-0.64834,-0.81424,-0.9471,-1.0355,-1.0502,-0.9567,-0.74533,-0.45932,-0.18508,-0.0025253,0.055353,0.0034094,-0.12625,-0.31571,-0.5604,-0.84476,-1.1233,-1.3169,-1.3645,-1.2642,-1.0806,-0.89377,-0.7717,-0.73859,-0.78105,-0.83948,-0.84703,-0.76667,-0.60162,-0.39659,-0.20226,-0.057078,0.017423,0.019571,-0.049284,-0.19138,-0.40951,-0.69843,-1.0331,-1.3725,-1.6774,-1.9287,-2.1255,-2.2649,-2.3308,-2.304,-2.1838,-2.0002,-1.8054,-1.6577,-1.5917,-1.6187,-1.6998,-1.742,-1.6293,-1.3037,-0.82541,-0.33204,0.063751,0.32954,0.49268,0.6052,0.71159
2.0542,1.94,1.3646,0.66731,0.1646,-0.1744,-0.55183,-0.97582,-1.2174,-1.0142,-0.40539,0.24254,0.59184,0.55505,0.26455,-0.088126,-0.38829,-0.61111,-0.76584,-0.86161,-0.90071,-0.87789,-0.78357,-0.6195,-0.41572,-0.23413,-0.13195,-0.13301,-0.22154,-0.37668,-0.58753,-0.85089,-1.1429,-1.4015,-1.5423,-1.5211,-1.361,-1.1394,-0.93487,-0.80408,-0.76787,-0.8058,-0.86918,-0.89701,-0.8484,-0.72425,-0.55012,-0.36562,-0.2068,-0.094862,-0.047244,-0.076091,-0.1945,-0.41171,-0.72357,-1.0979,-1.4805,-1.8196,-2.092,-2.3003,-2.4409,-2.4958,-2.439,-2.2687,-2.021,-1.7556,-1.5302,-1.3941,-1.3569,-1.3882,-1.4094,-1.3164,-1.0426,-0.62087,-0.16645,0.21126,0.46657,0.62403,0.72988,0.82631
2.038,1.9498,1.383,0.66677,0.13123,-0.2238,-0.58899,-0.97688,-1.1671,-0.91543,-0.2791,0.37871,0.72632,0.67829,0.36532,-0.021591,-0.35805,-0.60438,-0.76034,-0.83447,-0.83772,-0.78197,-0.6767,-0.53365,-0.37864,-0.25705,-0.21118,-0.25586,-0.3777,-0.56067,-0.80009,-1.0899,-1.3966,-1.6428,-1.7455,-1.6702,-1.4669,-1.2172,-1.0042,-0.86947,-0.82812,-0.85494,-0.90739,-0.93599,-0.90418,-0.80935,-0.6644,-0.49405,-0.32861,-0.19364,-0.1191,-0.12909,-0.24161,-0.46846,-0.79654,-1.1907,-1.5934,-1.9478,-2.2263,-2.4284,-2.5626,-2.6036,-2.5247,-2.3219,-2.0291,-1.7063,-1.4179,-1.2122,-1.1106,-1.0944,-1.0958,-1.0141,-0.77373,-0.39138,0.028656,0.37627,0.61138,0.75063,0.8406,0.92576
1.9908,1.9371,1.3841,0.64388,0.059239,-0.32397,-0.67292,-1.0047,-1.114,-0.78732,-0.10909,0.56212,0.90957,0.84885,0.5031,0.063608,-0.33271,-0.62467,-0.79464,-0.84738,-0.80569,-0.7037,-0.5739,-0.44117,-0.33002,-0.26913,-0.28455,-0.379,-0.54242,-0.76622,-1.0515,-1.3892,-1.7319,-1.9839,-2.0545,-1.923,-1.6635,-1.3763,-1.14,-0.99403,-0.93909,-0.95325,-0.9899,-1.0063,-0.9804,-0.9021,-0.78155,-0.63083,-0.46525,-0.31655,-0.21987,-0.21455,-0.33162,-0.58057,-0.94885,-1.3819,-1.8005,-2.1398,-2.3851,-2.5573,-2.6659,-2.6935,-2.5999,-2.3668,-2.022,-1.6282,-1.255,-0.95958,-0.77132,-0.68124,-0.63516,-0.54631,-0.3424,-0.024596,0.32698,0.62241,0.81351,0.92223,0.99325,1.0688
1.9146,1.8954,1.3584,0.59708,-0.042029,-0.46161,-0.79839,-1.0682,-1.0857,-0.67538,0.049392,0.73699,1.0877,1.0179,0.63909,0.13974,-0.32788,-0.67843,-0.87508,-0.91688,-0.83696,-0.69042,-0.53029,-0.39189,-0.29831,-0.26799,-0.31612,-0.44189,-0.63729,-0.89959,-1.2346,-1.631,-2.0281,-2.3109,-2.3735,-2.212,-1.9172,-1.6043,-1.3477,-1.1819,-1.103,-1.0826,-1.0837,-1.0735,-1.0346,-0.96213,-0.85179,-0.70618,-0.54052,-0.3856,-0.29071,-0.2996,-0.44174,-0.72745,-1.1282,-1.5845,-2.0093,-2.3331,-2.5439,-2.6752,-2.7503,-2.7492,-2.631,-2.3707,-1.9865,-1.5352,-1.0884,-0.70891,-0.43721,-0.27859,-0.1936,-0.10529,0.061195,0.32057,0.61096,0.84734,0.99888,1.0766,1.1244,1.1868
1.839,1.8454,1.3227,0.54791,-0.13413,-0.5872,-0.91711,-1.1388,-1.0828,-0.60647,0.15494,0.85733,1.2135,1.1389,0.73622,0.18965,-0.33804,-0.74156,-0.96737,-1.0091,-0.90634,-0.72806,-0.54151,-0.38849,-0.29168,-0.26451,-0.31712,-0.45212,-0.6614,-0.94677,-1.3172,-1.7615,-2.2132,-2.5365,-2.6106,-2.437,-2.1258,-1.8018,-1.5417,-1.3688,-1.2723,-1.2164,-1.1711,-1.1177,-1.0489,-0.9649,-0.8569,-0.71627,-0.55229,-0.39773,-0.30761,-0.33471,-0.51049,-0.83448,-1.2762,-1.7538,-2.1686,-2.4576,-2.6286,-2.7255,-2.7791,-2.7681,-2.6409,-2.3641,-1.9529,-1.4656,-0.97452,-0.548,-0.2292,-0.027943,0.087146,0.18229,0.32544,0.53693,0.77196,0.96656,1.0815,1.1387,1.1801,1.2463
1.7153,1.7551,1.2552,0.46622,-0.2728,-0.77672,-1.1029,-1.2606,-1.1041,-0.5381,0.27349,0.99818,1.365,1.2875,0.8561,0.24647,-0.36807,-0.85638,-1.1379,-1.1931,-1.0676,-0.84833,-0.61964,-0.43398,-0.31266,-0.26694,-0.30609,-0.4348,-0.65113,-0.95809,-1.367,-1.8705,-2.3944,-2.7884,-2.9093,-2.7469,-2.4305,-2.101,-1.8379,-1.6579,-1.5338,-1.4305,-1.3178,-1.1917,-1.0624,-0.93363,-0.79921,-0.64918,-0.488,-0.34977,-0.28624,-0.34737,-0.56322,-0.93431,-1.4148,-1.9217,-2.3476,-2.6239,-2.7615,-2.8208,-2.8334,-2.7847,-2.6297,-2.3332,-1.9014,-1.3837,-0.8524,-0.37746,-0.011135,0.22667,0.35843,0.44453,0.55323,0.71362,0.89421,1.0391,1.1208,1.155,1.1828,1.2459
1.6071,1.6716,1.1915,0.3965,-0.38381,-0.92948,-1.256,-1.3666,-1.136,-0.50563,0.3433,1.0864,1.4627,1.3858,0.93547,0.27971,-0.40358,-0.96516,-1.302,-1.3799,-1.2452,-0.99677,-0.73186,-0.51115,-0.35859,-0.28546,-0.30108,-0.41174,-0.62065,-0.93263,-1.3629,-1.9033,-2.477,-2.9308,-3.1059,-2.9825,-2.6852,-2.3629,-2.0981,-1.9062,-1.7568,-1.6079,-1.4362,-1.2465,-1.0598,-0.88596,-0.71983,-0.55295,-0.39067,-0.26413,-0.2258,-0.32145,-0.57559,-0.98304,-1.4961,-2.0203,-2.446,-2.7103,-2.8328,-2.8723,-2.8668,-2.8002,-2.6267,-2.3124,-1.8655,-1.3349,-0.78972,-0.29889,0.085185,0.33938,0.4793,0.55738,0.63876,0.759,0.89922,1.0111,1.0719,1.0964,1.1224,1.1895
1.4458,1.5427,1.0936,0.29764,-0.53221,-1.1334,-1.4646,-1.5155,-1.1934,-0.48458,0.41079,1.1786,1.57,1.4955,1.0231,0.30931,-0.46591,-1.1336,-1.5601,-1.6865,-1.5544,-1.2739,-0.95789,-0.68045,-0.47232,-0.3491,-0.31996,-0.39329,-0.57299,-0.874,-1.3132,-1.8863,-2.5245,-3.0663,-3.3316,-3.2772,-3.023,-2.7257,-2.4751,-2.2781,-2.0953,-1.8725,-1.5996,-1.305,-1.0255,-0.78375,-0.5751,-0.38743,-0.22431,-0.11652,-0.10779,-0.2394,-0.53166,-0.97375,-1.5172,-2.0695,-2.521,-2.8059,-2.9373,-2.9697,-2.9353,-2.8259,-2.6107,-2.2696,-1.8131,-1.2833,-0.74034,-0.24889,0.1386,0.39471,0.52942,0.59001,0.63901,0.7149,0.80746,0.88248,0.9145,0.92272,0.94575,1.0223
1.2699,1.4007,0.98807,0.20034,-0.66872,-1.3209,-1.6565,-1.6543,-1.2539,-0.48103,0.45163,1.241,1.6462,1.5742,1.0812,0.31354,-0.54838,-1.3227,-1.8513,-2.0469,-1.9356,-1.6334,-1.2682,-0.92508,-0.64741,-0.45727,-0.37302,-0.40129,-0.54894,-0.82639,-1.2528,-1.8321,-2.5061,-3.1228,-3.4918,-3.5296,-3.3398,-3.0818,-2.8539,-2.6601,-2.4424,-2.1481,-1.7707,-1.3616,-0.97959,-0.65365,-0.38429,-0.16466,-0.0023122,0.081648,0.050284,-0.12238,-0.44489,-0.90459,-1.4584,-2.0259,-2.5094,-2.8385,-3.0057,-3.0481,-2.9902,-2.8383,-2.5815,-2.2156,-1.7568,-1.2417,-0.72151,-0.25068,0.12201,0.36748,0.48996,0.52951,0.54466,0.57764,0.62853,0.66631,0.67972,0.68126,0.70338,0.78067
1.1327,1.2892,0.90819,0.1341,-0.7558,-1.4394,-1.7761,-1.7396,-1.2933,-0.48699,0.46459,1.2661,1.6805,1.6095,1.1018,0.2984,-0.6219,-1.4725,-2.0807,-2.3379,-2.2545,-1.9457,-1.5483,-1.1564,-0.82297,-0.57771,-0.44382,-0.43196,-0.54803,-0.79893,-1.205,-1.7714,-2.4499,-3.1036,-3.5472,-3.674,-3.5573,-3.3442,-3.1348,-2.9354,-2.6868,-2.3326,-1.8738,-1.3752,-0.91199,-0.52022,-0.21011,0.023347,0.18002,0.24005,0.18268,-0.01014,-0.34393,-0.80642,-1.3585,-1.9312,-2.4367,-2.8057,-3.0152,-3.0757,-3.0116,-2.8306,-2.5391,-2.1515,-1.6929,-1.197,-0.70341,-0.26021,0.089019,0.31757,0.42852,0.45757,0.45713,0.46523,0.4837,0.49536,0.48269,0.46595,0.47984,0.55831
0.94897,1.1408,0.80698,0.060661,-0.84325,-1.554,-1.8877,-1.8132,-1.3277,-0.49953,0.46089,1.27,1.6921,1.6213,1.096,0.252,-0.73502,-1.676,-2.3858,-2.7313,-2.6978,-2.392,-1.958,-1.506,-1.1024,-0.78798,-0.58822,-0.51707,-0.57557,-0.77558,-1.134,-1.6601,-2.3223,-3.0049,-3.532,-3.781,-3.7759,-3.6392,-3.4636,-3.2552,-2.9571,-2.5106,-1.9411,-1.3339,-0.77284,-0.30864,0.050217,0.30448,0.45022,0.48122,0.38721,0.16697,-0.17323,-0.62159,-1.1521,-1.7187,-2.2534,-2.6819,-2.9508,-3.043,-2.966,-2.7479,-2.4228,-2.0236,-1.5784,-1.1132,-0.66253,-0.25604,0.066005,0.27621,0.37348,0.38756,0.36517,0.34174,0.32168,0.28843,0.24142,0.19972,0.19688,0.26494
0.77128,0.99953,0.71771,0.0089449,-0.89177,-1.6106,-1.9306,-1.8287,-1.3303,-0.51009,0.43861,1.243,1.6655,1.5924,1.052,0.17468,-0.86526,-1.8772,-2.6708,-3.0973,-3.1191,-2.8274,-2.37,-1.8705,-1.4086,-1.0325,-0.77263,-0.6409,-0.64067,-0.78155,-1.077,-1.541,-2.1535,-2.8263,-3.4066,-3.7594,-3.8659,-3.8129,-3.6802,-3.4719,-3.122,-2.5881,-1.911,-1.202,-0.5597,-0.034715,0.35847,0.61848,0.74429,0.7388,0.60975,0.37174,0.038262,-0.38192,-0.87856,-1.4247,-1.9686,-2.4382,-2.7611,-2.8906,-2.8212,-2.586,-2.2381,-1.8286,-1.395,-0.96251,-0.54942,-0.18777,0.09843,0.29069,0.38868,0.41266,0.39263,0.34944,0.2853,0.19602,0.092834,0.0033503,-0.036818,0.0029846
0.64628,0.90203,0.66192,-0.01383,-0.90025,-1.6133,-1.9165,-1.8007,-1.3088,-0.51223,0.41277,1.204,1.6212,1.5434,0.99286,0.096186,-0.9729,-2.0229,-2.8605,-3.3315,-3.389,-3.1148,-2.6532,-2.1328,-1.6404,-1.228,-0.92606,-0.74948,-0.706,-0.79959,-1.045,-1.4529,-2.0093,-2.6473,-3.2404,-3.6579,-3.851,-3.8641,-3.7571,-3.5318,-3.1356,-2.5393,-1.8001,-1.0356,-0.34998,0.20652,0.61333,0.86702,0.97224,0.9358,0.78215,0.53741,0.21848,-0.17298,-0.63408,-1.1562,-1.6986,-2.1894,-2.5436,-2.6981,-2.6399,-2.4053,-2.0581,-1.6556,-1.2353,-0.81893,-0.42713,-0.079457,0.19931,0.39089,0.49381,0.52449,0.50514,0.4472,0.34826,0.2075,0.049431,-0.087994,-0.16309,-0.14447
0.49609,0.78776,0.60377,-0.022406,-0.87762,-1.5663,-1.8396,-1.713,-1.2496,-0.50644,0.36719,1.1265,1.5284,1.4405,0.87896,-0.034268,-1.1248,-2.199,-3.0633,-3.5647,-3.6521,-3.3989,-2.9469,-2.4269,-1.9242,-1.4893,-1.1495,-0.92263,-0.81755,-0.83947,-1.0052,-1.3285,-1.8028,-2.3815,-2.9641,-3.4293,-3.706,-3.7903,-3.7108,-3.4576,-2.9973,-2.327,-1.5305,-0.72933,-0.018813,0.54816,0.95523,1.1969,1.2742,1.2074,1.0275,0.77246,0.46725,0.11478,-0.30165,-0.78312,-1.303,-1.7961,-2.1742,-2.3632,-2.3349,-2.123,-1.7893,-1.3942,-0.9806,-0.57481,-0.19152,0.14469,0.4187,0.61922,0.74432,0.79949,0.78914,0.70972,0.55611,0.33946,0.097692,-0.11546,-0.25174,-0.27819
0.39868,0.7159,0.57298,-0.013788,-0.83898,-1.4981,-1.7458,-1.6148,-1.1823,-0.49523,0.32653,1.0508,1.4333,1.3349,0.76554,-0.15257,-1.2428,-2.3112,-3.1686,-3.6679,-3.7599,-3.5166,-3.0797,-2.5804,-2.0971,-1.6722,-1.326,-1.0723,-0.91955,-0.88306,-0.98064,-1.2341,-1.6469,-2.1796,-2.7396,-3.2132,-3.5175,-3.6313,-3.5607,-3.291,-2.7913,-2.0849,-1.2635,-0.45207,0.25683,0.81808,1.2128,1.4349,1.4875,1.3939,1.1957,0.93945,0.65206,0.33007,-0.048465,-0.49691,-0.99726,-1.4897,-1.8844,-2.0973,-2.0948,-1.9017,-1.5823,-1.1986,-0.79111,-0.3826,0.0065916,0.35905,0.65369,0.87333,1.0124,1.0746,1.0612,0.96267,0.76864,0.4915,0.18219,-0.094164,-0.27851,-0.3335
0.29084,0.63895,0.54747,0.01331,-0.76526,-1.3756,-1.5868,-1.4545,-1.0714,-0.47077,0.26456,0.92963,1.2763,1.1575,0.57986,-0.33358,-1.4016,-2.4298,-3.2388,-3.6997,-3.7777,-3.5458,-3.1395,-2.6866,-2.2579,-1.8781,-1.5513,-1.2801,-1.0778,-0.97078,-0.98311,-1.1419,-1.4594,-1.9084,-2.4143,-2.8779,-3.2026,-3.3372,-3.2529,-2.9369,-2.389,-1.6558,-0.83998,-0.052183,0.62837,1.1614,1.5268,1.7157,1.7346,1.6081,1.3903,1.1363,0.87351,0.59081,0.2569,-0.15513,-0.63336,-1.1191,-1.5226,-1.7619,-1.7935,-1.6364,-1.3414,-0.96266,-0.54253,-0.11179,0.30756,0.68593,1.0039,1.2474,1.4102,1.4886,1.4719,1.3411,1.0854,0.72775,0.32801,-0.031523,-0.28164,-0.37984
0.20813,0.58127,0.53523,0.050172,-0.67761,-1.2352,-1.4093,-1.2783,-0.94753,-0.44019,0.19707,0.78874,1.0913,0.94873,0.36542,-0.52869,-1.5497,-2.5036,-3.2253,-3.6142,-3.6608,-3.4431,-3.0856,-2.7,-2.3467,-2.0346,-1.7507,-1.4876,-1.262,-1.0992,-1.0336,-1.0962,-1.3029,-1.6461,-2.0758,-2.5004,-2.8208,-2.9515,-2.8479,-2.4923,-1.9128,-1.1778,-0.39446,0.34134,0.96992,1.4533,1.778,1.9342,1.9216,1.7736,1.542,1.2865,1.0391,0.78812,0.49146,0.11792,-0.33177,-0.80849,-1.2244,-1.4869,-1.5518,-1.4235,-1.1472,-0.77287,-0.33836,0.12645,0.58761,1.0141,1.3742,1.6455,1.8197,1.8946,1.8602,1.6949,1.3844,0.95099,0.47058,0.033398,-0.28064,-0.42226
0.16132,0.54785,0.53021,0.078232,-0.61117,-1.1293,-1.2774,-1.1488,-0.85687,-0.41817,0.1431,0.6744,0.93999,0.78034,0.19715,-0.67514,-1.6462,-2.5272,-3.1694,-3.4932,-3.5091,-3.3015,-2.9858,-2.6592,-2.3723,-2.1256,-1.8905,-1.6501,-1.415,-1.2117,-1.0851,-1.0722,-1.2,-1.4682,-1.8363,-2.2165,-2.5093,-2.6209,-2.4984,-2.1279,-1.5435,-0.83037,-0.084299,0.60814,1.1906,1.6376,1.9292,2.0542,2.0162,1.8451,1.6033,1.355,1.1287,0.90332,0.63164,0.27259,-0.1709,-0.64468,-1.0608,-1.3336,-1.4149,-1.3065,-1.0409,-0.65961,-0.20286,0.29095,0.78538,1.24,1.6225,1.9118,2.0981,2.1743,2.1258,1.9297,1.5747,1.0892,0.55036,0.060095,-0.29361,-0.45638
0.11559,0.51135,0.52135,0.10882,-0.53095,-0.99943,-1.1168,-0.99416,-0.75034,-0.39707,0.065697,0.51649,0.73262,0.55187,-0.023471,-0.85333,-1.7449,-2.518,-3.0477,-3.2864,-3.264,-3.0658,-2.7976,-2.5469,-2.3566,-2.2158,-2.0716,-1.8804,-1.6337,-1.3735,-1.1568,-1.0404,-1.0656,-1.2392,-1.5229,-1.8443,-2.0947,-2.1763,-2.0193,-1.6232,-1.0452,-0.37338,0.30104,0.91252,1.4219,1.8064,2.0484,2.1347,2.0679,1.8788,1.6313,1.3897,1.1811,0.98065,0.73584,0.40322,-0.019365,-0.48166,-0.89569,-1.1738,-1.2658,-1.1702,-0.91583,-0.53747,-0.068142,0.45578,0.99025,1.4867,1.9045,2.2157,2.4086,2.478,2.4111,2.1844,1.785,1.2427,0.64037,0.085884,-0.32395,-0.52736
0.090404,0.4862,0.50908,0.12207,-0.48273,-0.91616,-1.0141,-0.89779,-0.68775,-0.39242,0.003118,0.39903,0.58155,0.38863,-0.17427,-0.96275,-1.7852,-2.4737,-2.9235,-3.1066,-3.0617,-2.8717,-2.6358,-2.4373,-2.3167,-2.257,-2.1906,-2.0446,-1.7981,-1.4981,-1.2154,-1.0221,-0.96666,-1.0632,-1.2824,-1.5519,-1.7665,-1.823,-1.6511,-1.2536,-0.6951,-0.066664,0.54675,1.0911,1.5394,1.871,2.0735,2.1334,2.0498,1.8562,1.6118,1.379,1.1839,1.0002,0.77379,0.45938,0.053541,-0.39396,-0.79615,-1.0656,-1.1597,-1.0749,-0.83346,-0.46151,0.012317,0.55052,1.1057,1.6248,2.062,2.3874,2.5869,2.6535,2.5737,2.326,1.8998,1.3252,0.68536,0.09331,-0.34999,-0.579
0.063891,0.44921,0.47897,0.12008,-0.43993,-0.83009,-0.90815,-0.80247,-0.63552,-0.40828,-0.08814,0.24656,0.39451,0.19407,-0.34497,-1.0706,-1.7936,-2.3673,-2.7182,-2.8399,-2.7768,-2.607,-2.4186,-2.2847,-2.2447,-2.2778,-2.304,-2.2197,-1.9814,-1.631,-1.2636,-0.96856,-0.81053,-0.8123,-0.952,-1.155,-1.3211,-1.3455,-1.1681,-0.79222,-0.28006,0.27448,0.80118,1.2567,1.6192,1.8835,2.0349,2.0604,1.9619,1.7668,1.5338,1.3207,1.147,0.98553,0.7788,0.48565,0.10724,-0.30442,-0.66625,-0.90778,-0.98485,-0.9065,-0.69104,-0.35193,0.097261,0.62832,1.1929,1.7316,2.1906,2.5322,2.7392,2.8055,2.7203,2.4627,2.0201,1.4205,0.74625,0.10937,-0.38283,-0.65551
0.038854,0.40121,0.42662,0.088309,-0.4288,-0.77892,-0.84121,-0.74998,-0.62335,-0.45347,-0.19019,0.104,0.23405,0.038635,-0.46907,-1.1294,-1.7525,-2.2141,-2.4736,-2.5464,-2.4806,-2.343,-2.2062,-2.1346,-2.161,-2.268,-2.3665,-2.3286,-2.0865,-1.6829,-1.2309,-0.84694,-0.60406,-0.53409,-0.61076,-0.76334,-0.88982,-0.89206,-0.71683,-0.37079,0.081532,0.5586,0.99288,1.3494,1.6192,1.8041,1.8999,1.8987,1.8004,1.6227,1.4143,1.2243,1.0716,0.9293,0.7505,0.49661,0.16785,-0.1878,-0.49482,-0.68734,-0.74992,-0.68968,-0.51849,-0.23578,0.16084,0.65532,1.2041,1.7445,2.2169,2.5769,2.8007,2.8779,2.797,2.5395,2.0953,1.4904,0.80282,0.14326,-0.3849,-0.70666
0.018221,0.35503,0.36858,0.042047,-0.4443,-0.76528,-0.81783,-0.7384,-0.64023,-0.50574,-0.27377,0.0042108,0.134,-0.049278,-0.52969,-1.1417,-1.6942,-2.0784,-2.2772,-2.3221,-2.2614,-2.1518,-2.0534,-2.0221,-2.0856,-2.2307,-2.3633,-2.3436,-2.0851,-1.6409,-1.14,-0.70861,-0.42704,-0.32076,-0.3617,-0.4796,-0.57664,-0.56509,-0.39549,-0.080123,0.31979,0.72907,1.0869,1.3651,1.5638,1.6896,1.7473,1.7337,1.644,1.4942,1.3172,1.1503,1.0102,0.88185,0.72028,0.49557,0.2098,-0.09243,-0.34425,-0.49536,-0.53913,-0.49099,-0.36133,-0.13907,0.19532,0.64216,1.1681,1.7021,2.1782,2.5457,2.7787,2.8684,2.805,2.5683,2.1426,1.5493,0.86126,0.18123,-0.38222,-0.74411
-0.016179,0.27623,0.26472,-0.051593,-0.49725,-0.77871,-0.82012,-0.75799,-0.69342,-0.59718,-0.3917,-0.11719,0.028779,-0.12712,-0.56909,-1.1194,-1.5866,-1.8813,-2.0134,-2.0306,-1.9816,-1.9098,-1.8563,-1.8608,-1.952,-2.1183,-2.2684,-2.2525,-1.9753,-1.4919,-0.94933,-0.48075,-0.16812,-0.030331,-0.038391,-0.11988,-0.1872,-0.1638,-0.010395,0.25717,0.58485,0.89972,1.1527,1.326,1.4269,1.4794,1.4964,1.4775,1.4161,1.3106,1.1772,1.0437,0.9267,0.81504,0.68213,0.50174,0.27921,0.056723,-0.11246,-0.20217,-0.22328,-0.20326,-0.14672,-0.024026,0.20911,0.57522,1.0492,1.5657,2.0463,2.4302,2.6852,2.8002,2.7655,2.5607,2.1681,1.602,0.92651,0.24298,-0.34631,-0.76147
-0.061166,0.17777,0.13099,-0.17958,-0.58489,-0.82629,-0.85789,-0.81367,-0.77805,-0.70946,-0.51417,-0.22282,-0.044842,-0.16647,-0.57018,-1.0658,-1.4612,-1.6813,-1.7577,-1.7529,-1.7161,-1.6787,-1.6635,-1.6917,-1.7877,-1.9426,-2.0796,-2.0503,-1.7625,-1.2647,-0.70511,-0.22433,0.10004,0.24877,0.25742,0.19491,0.14318,0.16914,0.29936,0.52005,0.779,1.0145,1.1786,1.2547,1.2605,1.231,1.1979,1.1769,1.1586,1.121,1.0549,0.96566,0.86727,0.76625,0.65167,0.51202,0.35466,0.21076,0.11473,0.074993,0.064433,0.054554,0.043197,0.06871,0.19359,0.46463,0.87471,1.362,1.84,2.2374,2.516,2.6635,2.6711,2.5168,2.1755,1.6501,0.99989,0.31293,-0.31239,-0.79234
-0.10249,0.091647,0.01344,-0.29568,-0.67038,-0.88193,-0.90774,-0.87597,-0.85985,-0.80492,-0.60644,-0.29201,-0.082238,-0.17595,-0.55384,-1.0157,-1.3662,-1.5388,-1.5785,-1.5574,-1.5268,-1.5123,-1.5232,-1.5654,-1.6551,-1.7869,-1.8928,-1.8433,-1.5515,-1.0604,-0.51131,-0.039532,0.28042,0.42883,0.44205,0.38752,0.34307,0.36779,0.48391,0.67474,0.88992,1.0706,1.1702,1.176,1.1132,1.0277,0.96884,0.95966,0.98256,1.0005,0.97994,0.91744,0.83072,0.73818,0.63667,0.52349,0.40727,0.31373,0.26498,0.25226,0.24763,0.21437,0.15262,0.10804,0.15516,0.35579,0.71636,1.1766,1.6479,2.0542,2.3541,2.5327,2.5781,2.4642,2.1616,1.6709,1.0401,0.35712,-0.28375,-0.80187
-0.16633,-0.035814,-0.16176,-0.47125,-0.80451,-0.97757,-0.99586,-0.98012,-0.98683,-0.94213,-0.72711,-0.37198,-0.1152,-0.16971,-0.5152,-0.94158,-1.2445,-1.3649,-1.3628,-1.3207,-1.2933,-1.3002,-1.3363,-1.3909,-1.4651,-1.5589,-1.6184,-1.5406,-1.2464,-0.77806,-0.26421,0.17591,0.47199,0.61112,0.62522,0.57908,0.53945,0.5564,0.65044,0.80417,0.97494,1.0999,1.1359,1.0707,0.93074,0.78158,0.69027,0.69367,0.77171,0.85746,0.89287,0.86367,0.7931,0.70848,0.63059,0.55779,0.49036,0.44084,0.42134,0.42356,0.40618,0.34143,0.22901,0.11469,0.079668,0.20085,0.49929,0.92518,1.3854,1.7977,2.1173,2.3297,2.4234,2.3683,2.1268,1.6882,1.0942,0.42369,-0.23422,-0.80056
-0.21927,-0.13749,-0.30136,-0.61183,-0.91404,-1.0607,-1.0739,-1.0692,-1.0889,-1.0465,-0.81323,-0.42438,-0.13203,-0.15727,-0.47852,-0.88112,-1.156,-1.2464,-1.2194,-1.164,-1.1366,-1.1535,-1.2005,-1.2564,-1.3145,-1.3787,-1.4117,-1.3215,-1.0344,-0.58997,-0.10527,0.30642,0.57943,0.70542,0.71671,0.66825,0.62121,0.62377,0.69686,0.83226,0.98407,1.0965,1.1128,1.0135,0.83229,0.63499,0.51218,0.51827,0.62848,0.76345,0.84452,0.84503,0.78684,0.71189,0.63916,0.57868,0.53346,0.50909,0.50561,0.5052,0.47527,0.38532,0.23974,0.087399,0.011394,0.091864,0.35568,0.75633,1.2024,1.6121,1.9414,2.1759,2.3026,2.2883,2.0907,1.6949,1.1326,0.47996,-0.17746,-0.76276
-0.29352,-0.27449,-0.4872,-0.79806,-1.0619,-1.178,-1.187,-1.1943,-1.225,-1.178,-0.91829,-0.48706,-0.15132,-0.13863,-0.42513,-0.7948,-1.0366,-1.0956,-1.043,-0.97295,-0.94542,-0.9745,-1.0353,-1.0918,-1.1283,-1.1527,-1.1513,-1.0514,-0.79042,-0.39127,0.048768,0.42244,0.66712,0.77362,0.77179,0.71224,0.64859,0.62564,0.67166,0.78588,0.93202,1.0454,1.0632,0.95712,0.75059,0.52035,0.36953,0.36918,0.50217,0.67235,0.78566,0.81016,0.77245,0.71479,0.6714,0.6405,0.61213,0.58587,0.56629,0.54326,0.48749,0.37582,0.20993,0.035416,-0.065457,-0.011186,0.22674,0.60088,1.0232,1.4151,1.7383,1.9849,2.1454,2.1832,2.0474,1.7108,1.2031,0.59031,-0.048381,-0.63985
-0.36724,-0.4029,-0.65829,-0.9673,-1.198,-1.2916,-1.3,-1.3145,-1.3471,-1.2888,-1.0045,-0.54216,-0.172,-0.12103,-0.36733,-0.6983,-0.90785,-0.94158,-0.87068,-0.79165,-0.76724,-0.81037,-0.88895,-0.95378,-0.97546,-0.96379,-0.92258,-0.81193,-0.58064,-0.23362,0.15279,0.48645,0.70487,0.79171,0.76778,0.67926,0.57651,0.51052,0.52259,0.62744,0.79624,0.95403,1.0221,0.95462,0.7638,0.52532,0.34808,0.32007,0.4384,0.61255,0.74209,0.7868,0.76913,0.7375,0.71465,0.70206,0.68561,0.65731,0.61653,0.55763,0.46563,0.32496,0.1468,-0.021044,-0.10386,-0.034997,0.20104,0.55455,0.94306,1.3001,1.5991,1.8415,2.0216,2.1006,2.0202,1.7458,1.2977,0.7387,0.14537,-0.41148
-0.41803,-0.48609,-0.76673,-1.0722,-1.2834,-1.3671,-1.3773,-1.3945,-1.4216,-1.3514,-1.0524,-0.57538,-0.18576,-0.10584,-0.31777,-0.61514,-0.80062,-0.82025,-0.74209,-0.66132,-0.64127,-0.69538,-0.78798,-0.8596,-0.87346,-0.84055,-0.77566,-0.65774,-0.4412,-0.12566,0.22398,0.52642,0.72098,0.78636,0.73586,0.60864,0.45668,0.34283,0.32495,0.43588,0.64514,0.86891,1.0046,0.99184,0.83821,0.61057,0.42016,0.36119,0.44527,0.59297,0.71155,0.76206,0.7644,0.75683,0.76354,0.77126,0.75803,0.71465,0.64622,0.55504,0.43669,0.28494,0.11297,-0.033706,-0.087333,0.0071342,0.25238,0.59556,0.95769,1.2808,1.5488,1.7734,1.9554,2.0565,2.0137,1.7861,1.3896,0.88146,0.33542,-0.17839
-0.47516,-0.57194,-0.87177,-1.1684,-1.3635,-1.4459,-1.4647,-1.4803,-1.4919,-1.4008,-1.0888,-0.60296,-0.1939,-0.074826,-0.23417,-0.48382,-0.64022,-0.64967,-0.57125,-0.49382,-0.48101,-0.54718,-0.65388,-0.73201,-0.73854,-0.68274,-0.59269,-0.46258,-0.25519,0.031227,0.34453,0.60662,0.75786,0.77353,0.66483,0.46381,0.22879,0.03572,-0.025055,0.1027,0.39327,0.73242,0.98949,1.0838,1.0087,0.82467,0.63228,0.52717,0.53952,0.62442,0.70483,0.74483,0.76014,0.78549,0.82591,0.86352,0.86615,0.81623,0.71779,0.58661,0.43062,0.26168,0.10429,0.0017226,0.0045276,0.14309,0.40433,0.72978,1.0518,1.3261,1.5486,1.741,1.9124,2.0281,2.0229,1.8518,1.5227,1.09,0.62487,0.19386
-0.51525,-0.62178,-0.92163,-1.2044,-1.3956,-1.4913,-1.5244,-1.5361,-1.5248,-1.4107,-1.0907,-0.60455,-0.17852,-0.016971,-0.11796,-0.31985,-0.45624,-0.46759,-0.3986,-0.33018,-0.32416,-0.39686,-0.51138,-0.59486,-0.5946,-0.51292,-0.38817,-0.22895,-0.017714,0.24947,0.52658,0.74303,0.83961,0.78841,0.59472,0.29378,-0.051871,-0.34324,-0.45377,-0.29149,0.11403,0.60599,1.0139,1.2358,1.2572,1.1337,0.9529,0.80335,0.7325,0.72113,0.73029,0.74198,0.76966,0.82776,0.91116,0.97854,0.99029,0.93104,0.81174,0.65226,0.47905,0.3117,0.17799,0.11689,0.16638,0.33994,0.6122,0.92092,1.2075,1.4371,1.6138,1.7664,1.9115,2.0219,2.037,1.9114,1.6461,1.2925,0.91593,0.57798
-0.53219,-0.63238,-0.91981,-1.1903,-1.385,-1.4999,-1.5468,-1.5538,-1.5227,-1.3909,-1.0677,-0.58411,-0.14602,0.051206,-0.0037222,-0.17186,-0.29864,-0.31964,-0.26561,-0.20802,-0.20745,-0.28311,-0.40008,-0.48542,-0.47489,-0.36649,-0.20224,-0.006182,0.22287,0.48273,0.73207,0.9078,0.95391,0.839,0.56466,0.16809,-0.2787,-0.65276,-0.79194,-0.57959,-0.066998,0.55047,1.0688,1.3796,1.4733,1.3964,1.2327,1.0627,0.93294,0.85205,0.80133,0.77697,0.79608,0.8689,0.97607,1.069,1.0987,1.0439,0.91605,0.74587,0.56197,0.39482,0.27633,0.24201,0.31998,0.51258,0.7854,1.0831,1.3475,1.547,1.6886,1.8061,1.9241,2.0229,2.0456,1.9433,1.7218,1.4244,1.1125,0.84364
-0.5345,-0.61018,-0.86768,-1.1203,-1.328,-1.4756,-1.5433,-1.5426,-1.4833,-1.3266,-0.99879,-0.52,-0.065855,0.17988,0.18348,0.056141,-0.065376,-0.10928,-0.085774,-0.050828,-0.06121,-0.13915,-0.25189,-0.32375,-0.27958,-0.11505,0.12057,0.37812,0.64378,0.90182,1.1158,1.2293,1.1905,0.97019,0.57246,0.038077,-0.5441,-1.0175,-1.1756,-0.88188,-0.22494,0.53824,1.1824,1.5999,1.78,1.7733,1.6466,1.4647,1.2752,1.1038,0.96687,0.88663,0.88585,0.96807,1.0938,1.2048,1.248,1.2007,1.0743,0.90004,0.71676,0.56087,0.46611,0.46111,0.56164,0.76031,1.0257,1.2983,1.5307,1.697,1.8046,1.8854,1.9644,2.0298,2.0368,1.9486,1.7647,1.5305,1.302,1.1294
-0.5211,-0.56767,-0.7951,-1.0352,-1.2581,-1.4343,-1.5169,-1.5073,-1.4256,-1.2481,-0.91447,-0.43813,0.026827,0.30396,0.3461,0.24251,0.11811,0.050399,0.044238,0.056029,0.034527,-0.042079,-0.14152,-0.18337,-0.093072,0.13186,0.42889,0.73473,1.0265,1.2846,1.4728,1.5367,1.4259,1.1176,0.62281,-0.0087302,-0.6761,-1.2011,-1.3532,-0.99313,-0.24547,0.60172,1.3142,1.7876,2.0174,2.0527,1.9535,1.776,1.563,1.3415,1.1469,1.0207,0.99685,1.0734,1.208,1.3284,1.3775,1.3345,1.2132,1.0444,0.86919,0.72078,0.63214,0.63213,0.73593,0.93421,1.1894,1.451,1.6696,1.8177,1.9009,1.9504,1.9941,2.0275,2.0142,1.9213,1.7589,1.5652,1.3915,1.2828
-0.48485,-0.4811,-0.66301,-0.89156,-1.1409,-1.3567,-1.4563,-1.4309,-1.3148,-1.1044,-0.75707,-0.28133,0.19276,0.5005,0.58065,0.49641,0.36006,0.25482,0.20331,0.17932,0.14174,0.073046,0.0078948,0.030705,0.20713,0.52914,0.91198,1.2804,1.5992,1.8516,2.003,2.0013,1.7997,1.3804,0.76637,0.025212,-0.71705,-1.2623,-1.3634,-0.9204,-0.10317,0.78768,1.5298,2.0344,2.3063,2.3866,2.3315,2.1832,1.9667,1.7164,1.4708,1.2877,1.2177,1.2702,1.3939,1.5155,1.5699,1.5303,1.4097,1.246,1.0727,0.93126,0.85431,0.86498,0.9713,1.1604,1.4009,1.641,1.838,1.967,2.0298,2.0484,2.0439,2.0165,1.9482,1.83,1.6724,1.5208,1.4192,1.4008
-0.43061,-0.36844,-0.50431,-0.72988,-1.0127,-1.267,-1.3785,-1.3307,-1.1729,-0.92261,-0.55344,-0.075194,0.39985,0.72125,0.82124,0.74252,0.58619,0.43954,0.33976,0.27672,0.22238,0.16823,0.15309,0.25716,0.53761,0.96486,1.436,1.8623,2.2015,2.4406,2.5499,2.4851,2.2067,1.701,1.0005,0.19354,-0.5717,-1.0805,-1.1192,-0.63803,0.17265,1.0342,1.7553,2.2609,2.5537,2.6773,2.6705,2.5602,2.3645,2.1049,1.8318,1.6153,1.513,1.5347,1.6312,1.7287,1.7669,1.7222,1.6046,1.4412,1.275,1.1368,1.0579,1.0628,1.1617,1.3431,1.5723,1.8056,1.9974,2.117,2.1585,2.1378,2.0758,1.9806,1.8486,1.6861,1.523,1.3996,1.354,1.4119
-0.38048,-0.27207,-0.37818,-0.60774,-0.92075,-1.2024,-1.3188,-1.2492,-1.0545,-0.76815,-0.37666,0.10508,0.57451,0.89379,0.99575,0.91284,0.73777,0.55834,0.42044,0.3261,0.25871,0.21868,0.24948,0.42533,0.79141,1.2964,1.828,2.2896,2.6415,2.8689,2.9474,2.8392,2.5094,1.9521,1.2103,0.38604,-0.3595,-0.81672,-0.81196,-0.33279,0.43294,1.2395,1.9189,2.4042,2.7005,2.8447,2.8697,2.7946,2.6285,2.3858,2.114,1.8823,1.7536,1.7446,1.8174,1.8991,1.9254,1.8675,1.7349,1.565,1.3876,1.244,1.1666,1.1772,1.2814,1.4644,1.6917,1.9198,2.1022,2.2101,2.2365,2.1913,2.0875,1.9331,1.7382,1.5286,1.3499,1.2493,1.2547,1.3759
-0.30452,-0.13522,-0.20895,-0.45568,-0.81596,-1.1333,-1.2493,-1.144,-0.89279,-0.5499,-0.12267,0.36435,0.81863,1.1199,1.2084,1.1106,0.90763,0.68332,0.49183,0.35145,0.26329,0.24415,0.34681,0.63426,1.1206,1.7228,2.3179,2.8116,3.1689,3.3766,3.4171,3.26,2.8774,2.2729,1.5036,0.68886,0.00076271,-0.37586,-0.32497,0.12044,0.79164,1.4932,2.0889,2.526,2.8132,2.9802,3.0536,3.0387,2.9258,2.7231,2.4664,2.2251,2.0684,2.0257,2.0581,2.099,2.0885,2.0028,1.8533,1.6658,1.4865,1.3432,1.2646,1.2731,1.3767,1.5614,1.791,2.019,2.2014,2.3045,2.3139,2.2319,2.0678,1.8337,1.5538,1.2787,1.0707,0.98182,1.0346,1.2285
-0.24349,-0.030899,-0.08644,-0.35514,-0.75624,-1.1006,-1.2118,-1.0744,-0.77607,-0.3848,0.073992,0.56483,1.0005,1.2772,1.3445,1.2293,1.0044,0.74807,0.51676,0.33891,0.23176,0.22834,0.38839,0.76524,1.34,2.0099,2.6427,3.1501,3.5018,3.6915,3.7059,3.5189,3.1074,2.482,1.7097,0.91982,0.28495,-0.036497,0.031607,0.43276,1.0195,1.6308,2.1567,2.5549,2.8331,3.0194,3.1303,3.1602,3.0921,2.9194,2.6764,2.4326,2.2602,2.1891,2.1954,2.2119,2.1782,2.0681,1.8926,1.688,1.4894,1.3369,1.2624,1.2851,1.4054,1.6025,1.8382,2.0673,2.2438,2.3362,2.3292,2.2199,2.0117,1.7162,1.3692,1.0378,0.80758,0.73412,0.82901,1.0768
-0.16042,0.10575,0.065649,-0.24339,-0.70793,-1.0917,-1.1917,-1.0048,-0.63727,-0.17525,0.33135,0.82635,1.2278,1.4578,1.4864,1.3426,1.0887,0.79364,0.51291,0.28604,0.15075,0.1628,0.39251,0.87784,1.5623,2.3124,2.9862,3.5049,3.845,4.0096,3.9916,3.7707,3.3326,2.695,1.9345,1.1891,0.6219,0.35703,0.42427,0.75506,1.2285,1.7226,2.1559,2.4983,2.7609,2.9665,3.125,3.2191,3.2139,3.0941,2.8792,2.6327,2.4314,2.3214,2.2829,2.2593,2.19,2.0472,1.8427,1.6118,1.4006,1.2465,1.1796,1.2175,1.3575,1.5745,1.8239,2.0584,2.2332,2.3157,2.2878,2.1419,1.8765,1.504,1.0708,0.66942,0.40395,0.33922,0.47807,0.79039
-0.077881,0.23559,0.20127,-0.16021,-0.70077,-1.1287,-1.2154,-0.97208,-0.52769,0.010812,0.56832,1.0664,1.4244,1.5939,1.5729,1.397,1.1172,0.79016,0.46708,0.19411,0.026297,0.042363,0.32546,0.89773,1.6731,2.4919,3.2061,3.7371,4.0689,4.2092,4.1599,3.9088,3.4488,2.8072,2.0679,1.3707,0.86133,0.63314,0.68336,0.94235,1.3091,1.6927,2.0348,2.3199,2.5658,2.795,3.0054,3.1636,3.2212,3.1439,2.9487,2.6985,2.4729,2.3212,2.2407,2.1755,2.0671,1.8884,1.6514,1.3953,1.1682,1.0167,0.97314,1.0481,1.2265,1.4718,1.7394,1.9757,2.1415,2.208,2.1577,1.9791,1.6654,1.2269,0.71743,0.2481,-0.049143,-0.10557,0.072203,0.43919
-0.018456,0.32747,0.29229,-0.11494,-0.722,-1.1889,-1.2655,-0.97457,-0.46816,0.12992,0.72536,1.2242,1.546,1.6639,1.6013,1.4005,1.1053,0.76013,0.40949,0.10227,-0.094865,-0.086874,0.22057,0.84267,1.6757,2.5404,3.2845,3.8262,4.1544,4.2788,4.2067,3.9348,3.4593,2.817,2.0952,1.4315,0.95937,0.74829,0.78529,0.99437,1.2889,1.591,1.8623,2.1018,2.333,2.581,2.8347,3.0455,3.1508,3.1065,2.922,2.6597,2.4039,2.2138,2.0955,2.0007,1.8704,1.6726,1.4169,1.144,0.90967,0.76547,0.74353,0.84861,1.058,1.3293,1.6109,1.8539,2.0203,2.0818,2.0198,1.8209,1.4754,0.99174,0.42934,-0.084352,-0.40656,-0.45554,-0.2486,0.15201
0.056237,0.44126,0.40147,-0.073528,-0.77961,-1.3101,-1.3744,-1.0163,-0.42227,0.25511,0.8976,1.3914,1.6615,1.7067,1.5864,1.3558,1.048,0.68727,0.30661,-0.045289,-0.29039,-0.31253,0.0035255,0.67517,1.5732,2.4942,3.2734,3.8292,4.1515,4.2572,4.1599,3.864,3.3777,2.7414,2.0452,1.4175,0.97713,0.7757,0.78808,0.94079,1.1532,1.3661,1.553,1.7285,1.9352,2.1963,2.4984,2.7776,2.9456,2.9491,2.7826,2.5011,2.1938,1.9429,1.7638,1.6256,1.4693,1.2548,0.98357,0.69502,0.45525,0.32412,0.33949,0.4992,0.76426,1.0774,1.3846,1.6343,1.7964,1.8496,1.7783,1.5674,1.2026,0.68863,0.085456,-0.47231,-0.82263,-0.88237,-0.67229,-0.2605
0.12485,0.54597,0.5009,-0.045291,-0.86219,-1.4709,-1.5265,-1.0983,-0.41493,0.33871,1.0189,1.5022,1.7163,1.6888,1.5147,1.2623,0.95177,0.5864,0.18452,-0.20912,-0.51047,-0.58578,-0.29436,0.39524,1.3385,2.3104,3.1275,3.705,4.0289,4.1214,4.0038,3.6877,3.1942,2.5666,1.8952,1.2993,0.88247,0.6862,0.67542,0.7809,0.92616,1.0573,1.1616,1.2725,1.4474,1.7279,2.0854,2.4308,2.6603,2.6936,2.5242,2.2105,1.8498,1.5285,1.2982,1.1276,0.95362,0.72766,0.44589,0.15009,-0.091561,-0.20342,-0.14579,0.070022,0.39163,0.75164,1.0873,1.3573,1.5307,1.5905,1.5255,1.3226,0.96566,0.45424,-0.15704,-0.73767,-1.1189,-1.2084,-1.024,-0.63667
0.1724,0.61941,0.57169,-0.026804,-0.93229,-1.6092,-1.6645,-1.1822,-0.43252,0.37304,1.0761,1.5458,1.7164,1.6364,1.4258,1.1632,0.85713,0.49466,0.082761,-0.33844,-0.68384,-0.8117,-0.56343,0.11257,1.0731,2.0803,2.934,3.5377,3.8724,3.9611,3.8294,3.4993,2.9976,2.3763,1.7221,1.15,0.751,0.55805,0.53884,0.62028,0.7295,0.80745,0.85212,0.91044,1.0538,1.3355,1.724,2.1172,2.3911,2.4588,2.2992,1.9622,1.5464,1.1634,0.87346,0.67455,0.50488,0.29906,0.032957,-0.26311,-0.50666,-0.61566,-0.53701,-0.28291,0.08114,0.47564,0.83719,1.1212,1.3066,1.3832,1.3435,1.1739,0.85369,0.37571,-0.2152,-0.79497,-1.2054,-1.3444,-1.2151,-0.87998
0.23187,0.71264,0.66601,0.0031112,-1.0224,-1.8031,-1.8702,-1.3193,-0.48567,0.38143,1.1073,1.5538,1.666,1.5201,1.2653,0.99502,0.70189,0.35103,-0.064412,-0.51149,-0.91003,-1.1179,-0.9579,-0.34169,0.61697,1.666,2.5782,3.2282,3.5897,3.6803,3.5363,3.1928,2.6868,2.0783,1.4518,0.904,0.51733,0.32242,0.2965,0.36975,0.45669,0.49889,0.4824,0.46536,0.55348,0.81429,1.2286,1.6762,2.0065,2.1123,1.9603,1.5941,1.1161,0.65254,0.30698,0.093305,-0.05766,-0.23563,-0.48488,-0.77793,-1.0355,-1.1468,-1.0479,-0.75588,-0.34811,0.087541,0.48263,0.80118,1.0227,1.1409,1.1526,1.0465,0.80055,0.39862,-0.13233,-0.69385,-1.1417,-1.3681,-1.3493,-1.1242
0.27401,0.78021,0.73941,0.036173,-1.0768,-1.9442,-2.0297,-1.4346,-0.54316,0.36369,1.1003,1.5279,1.5977,1.4048,1.1192,0.84457,0.56282,0.22456,-0.18681,-0.6444,-1.0748,-1.3426,-1.2628,-0.71379,0.22716,1.3037,2.262,2.9503,3.3327,3.4267,3.276,2.9271,2.4275,1.8396,1.2407,0.71443,0.33517,0.13968,0.10942,0.18158,0.26488,0.29171,0.24293,0.18054,0.22203,0.46499,0.89175,1.3696,1.7362,1.8629,1.7124,1.3268,0.81028,0.29694,-0.082788,-0.29858,-0.41962,-0.5541,-0.76993,-1.0581,-1.3267,-1.4604,-1.3762,-1.082,-0.65984,-0.20481,0.21446,0.55923,0.81707,0.98457,1.0572,1.02,0.84631,0.5141,0.038726,-0.5023,-0.97556,-1.2729,-1.3535,-1.2378
0.32686,0.86947,0.8449,0.10187,-1.1163,-2.1046,-2.2324,-1.5935,-0.63722,0.31373,1.0594,1.4619,1.4801,1.2266,0.89958,0.61491,0.34479,0.024627,-0.37391,-0.83289,-1.2882,-1.6181,-1.6414,-1.1953,-0.30035,0.80035,1.8108,2.5477,2.953,3.0516,2.8953,2.5455,2.0665,1.5197,0.96713,0.47978,0.11917,-0.071559,-0.098662,-0.021336,0.071327,0.089331,0.013561,-0.095135,-0.11042,0.087089,0.49996,0.99857,1.398,1.5653,1.4406,1.0513,0.49828,-0.057647,-0.46819,-0.66479,-0.72774,-0.80231,-0.98342,-1.2676,-1.5654,-1.7401,-1.6941,-1.4267,-1.0161,-0.55508,-0.11154,0.27462,0.59079,0.83204,0.99225,1.054,0.985,0.75148,0.34949,-0.1658,-0.68093,-1.0807,-1.2986,-1.3289
0.37685,0.95881,0.9604,0.198,-1.1051,-2.2122,-2.4014,-1.7412,-0.7377,0.24428,0.9945,1.3743,1.3461,1.0354,0.66259,0.35816,0.092161,-0.2134,-0.59479,-1.0384,-1.4903,-1.8489,-1.9509,-1.6121,-0.78939,0.30925,1.3598,2.1396,2.5691,2.6727,2.5134,2.1702,1.7194,1.2231,0.73125,0.28947,-0.04732,-0.23211,-0.25262,-0.15959,-0.051162,-0.016927,-0.094223,-0.22839,-0.28696,-0.13897,0.24047,0.72907,1.1414,1.325,1.2176,0.8431,0.30092,-0.25295,-0.64185,-0.79828,-0.80917,-0.83379,-0.98002,-1.2543,-1.5739,-1.8051,-1.8357,-1.6387,-1.273,-0.82806,-0.37437,0.044873,0.41339,0.72718,0.97846,1.1423,1.1743,1.027,0.68295,0.18752,-0.36565,-0.85427,-1.1965,-1.3699
0.41333,1.0263,1.0531,0.29048,-1.0577,-2.2451,-2.4901,-1.8314,-0.80856,0.18712,0.93803,1.3037,1.2467,0.89534,0.48361,0.15509,-0.1172,-0.41655,-0.78372,-1.2065,-1.6355,-1.985,-2.1153,-1.8472,-1.0909,-0.016092,1.0482,1.8492,2.2946,2.3996,2.2389,1.9023,1.477,1.027,0.59159,0.19828,-0.108,-0.2826,-0.30394,-0.21397,-0.1013,-0.058837,-0.1265,-0.25949,-0.33525,-0.21946,0.12632,0.59473,1.0009,1.1953,1.1049,0.74944,0.228,-0.29634,-0.6554,-0.77622,-0.75146,-0.74612,-0.87092,-1.1386,-1.4656,-1.727,-1.8116,-1.6808,-1.3743,-0.96612,-0.52383,-0.088401,0.31795,0.68252,0.99017,1.2122,1.3024,1.2091,0.90526,0.41877,-0.15262,-0.69698,-1.1239,-1.3955
0.46079,1.1167,1.1836,0.4379,-0.94104,-2.212,-2.5371,-1.9062,-0.88266,0.11653,0.86453,1.2173,1.1318,0.732,0.2619,-0.11599,-0.41433,-0.71627,-1.0664,-1.4533,-1.8303,-2.1284,-2.2444,-2.026,-1.3513,-0.33229,0.71788,1.5211,1.9663,2.0625,1.8921,1.5641,1.1807,0.80861,0.46465,0.15393,-0.1014,-0.2594,-0.2931,-0.22403,-0.12166,-0.074313,-0.12318,-0.23751,-0.31383,-0.22687,0.067358,0.48479,0.86156,1.0495,0.97885,0.66548,0.20263,-0.25742,-0.55282,-0.62398,-0.56312,-0.52937,-0.63015,-0.8775,-1.2032,-1.4934,-1.6435,-1.6047,-1.3931,-1.0598,-0.65599,-0.22568,0.20793,0.62463,0.99869,1.2902,1.4438,1.4012,1.1295,0.65364,0.056329,-0.54474,-1.0537,-1.4258
0.49539,1.1839,1.2848,0.56441,-0.81564,-2.127,-2.5098,-1.9192,-0.91628,0.072526,0.81604,1.1655,1.0684,0.63946,0.12111,-0.30823,-0.64156,-0.956,-1.2968,-1.6524,-1.9769,-2.2123,-2.2814,-2.0596,-1.4292,-0.4645,0.5474,1.3289,1.7556,1.8374,1.6574,1.3368,0.99095,0.68285,0.41147,0.1648,-0.05037,-0.19409,-0.23888,-0.19094,-0.10867,-0.064809,-0.10429,-0.20339,-0.26899,-0.1938,0.068648,0.44568,0.78841,0.96087,0.89668,0.61365,0.2022,-0.19594,-0.436,-0.47168,-0.39077,-0.34014,-0.42066,-0.64644,-0.95806,-1.2562,-1.446,-1.4748,-1.3407,-1.0734,-0.71371,-0.29662,0.14399,0.57916,0.97845,1.3009,1.4893,1.4803,1.2336,0.76515,0.15923,-0.47177,-1.0287,-1.4613
0.53957,1.2716,1.4221,0.74857,-0.60523,-1.9369,-2.3887,-1.8744,-0.9275,0.030165,0.76487,1.1195,1.0255,0.57193,-0.012069,-0.52669,-0.92933,-1.2771,-1.6122,-1.9226,-2.1635,-2.2913,-2.2645,-2.0018,-1.4105,-0.52686,0.41029,1.1424,1.537,1.5972,1.4082,1.098,0.79271,0.55372,0.37101,0.20769,0.057804,-0.05768,-0.11317,-0.1083,-0.075853,-0.060912,-0.09552,-0.16295,-0.19712,-0.11539,0.11366,0.43105,0.7155,0.8516,0.78343,0.53282,0.1879,-0.12329,-0.28379,-0.26547,-0.15553,-0.083301,-0.13491,-0.3257,-0.60652,-0.90265,-1.1371,-1.2542,-1.2289,-1.0633,-0.7767,-0.4029,0.025434,0.47316,0.90061,1.2571,1.4786,1.4981,1.2735,0.82127,0.21288,-0.43856,-1.0345,-1.5222
0.58097,1.3552,1.5571,0.94171,-0.35988,-1.6751,-2.1794,-1.7608,-0.89812,0.0099489,0.73281,1.1059,1.0368,0.58074,-0.060005,-0.67129,-1.1657,-1.566,-1.9032,-2.1655,-2.3147,-2.3256,-2.1911,-1.8735,-1.3039,-0.49631,0.36273,1.0391,1.4009,1.4406,1.24,0.93334,0.65364,0.46909,0.36154,0.279,0.19492,0.11024,0.04021,-0.008666,-0.041488,-0.071545,-0.10939,-0.14237,-0.12826,-0.024072,0.1823,0.43963,0.65187,0.7356,0.65363,0.43406,0.15833,-0.065491,-0.14763,-0.078482,0.061497,0.15955,0.13896,-0.014984,-0.27282,-0.57213,-0.84813,-1.0457,-1.1249,-1.0629,-0.85906,-0.53534,-0.13063,0.31053,0.74257,1.1134,1.3581,1.4063,1.2112,0.78163,0.19131,-0.45516,-1.0643,-1.5863
0.61009,1.4138,1.6539,1.0871,-0.16283,-1.4463,-1.9784,-1.6379,-0.85335,0.0064421,0.71984,1.1147,1.0788,0.63769,-0.032187,-0.71365,-1.2831,-1.7304,-2.0736,-2.3012,-2.3841,-2.3147,-2.1079,-1.7512,-1.1891,-0.42799,0.37759,1.0141,1.3532,1.3809,1.1741,0.86662,0.5974,0.44013,0.37324,0.34036,0.29725,0.23355,0.15097,0.061128,-0.022898,-0.092142,-0.13498,-0.13833,-0.081518,0.05475,0.25742,0.47498,0.63138,0.66541,0.56076,0.35395,0.12239,-0.039486,-0.068006,0.038707,0.20447,0.32664,0.33322,0.20405,-0.037199,-0.3451,-0.66176,-0.92758,-1.0884,-1.1049,-0.96294,-0.68016,-0.29662,0.13867,0.57463,0.95468,1.212,1.277,1.1029,0.69901,0.12996,-0.50191,-1.1065,-1.6341
0.64546,1.4848,1.7742,1.2752,0.10592,-1.1173,-1.6744,-1.4386,-0.77133,0.013347,0.71231,1.1447,1.171,0.77432,0.093044,-0.65925,-1.3208,-1.8324,-2.188,-2.3779,-2.3889,-2.2358,-1.9561,-1.5582,-1.0023,-0.28897,0.45682,1.0506,1.3682,1.3894,1.1828,0.87299,0.60094,0.44834,0.40657,0.41176,0.40908,0.36778,0.27827,0.14849,0.0041527,-0.11377,-0.16784,-0.13484,-0.013467,0.17585,0.39054,0.56961,0.655,0.61523,0.46705,0.26757,0.091853,0.0063957,0.051227,0.20503,0.39629,0.53744,0.56537,0.45743,0.22121,-0.10715,-0.47942,-0.83538,-1.1062,-1.2279,-1.1643,-0.92766,-0.56451,-0.13721,0.29561,0.67822,0.94801,1.0378,0.90042,0.54093,0.019904,-0.56977,-1.147,-1.6688
0.67498,1.5465,1.8818,1.4506,0.3692,-0.7831,-1.3518,-1.2189,-0.67539,0.026096,0.70885,1.1884,1.2939,0.96805,0.31235,-0.47183,-1.1988,-1.7645,-2.1328,-2.2941,-2.2556,-2.0537,-1.7388,-1.3257,-0.78218,-0.10265,0.60481,1.1723,1.4795,1.5018,1.2976,0.97925,0.68438,0.50804,0.45986,0.4815,0.50452,0.47955,0.38227,0.21726,0.023063,-0.13271,-0.18329,-0.10052,0.093603,0.34138,0.57557,0.73111,0.76,0.65866,0.46746,0.26259,0.12191,0.096954,0.19371,0.3798,0.58888,0.74522,0.78891,0.68771,0.44301,0.073824,-0.37439,-0.83199,-1.2113,-1.4269,-1.4287,-1.222,-0.86756,-0.44087,-0.008233,0.37494,0.65268,0.76573,0.67023,0.364,-0.095091,-0.62888,-1.1663,-1.6669
0.6928,1.5851,1.952,1.5703,0.55625,-0.53982,-1.1131,-1.0536,-0.60362,0.031679,0.70294,1.2225,1.3969,1.1384,0.52482,-0.25557,-1.0052,-1.5938,-1.9646,-2.1073,-2.0447,-1.8295,-1.5162,-1.1135,-0.58615,0.074224,0.76491,1.3196,1.6227,1.6487,1.4451,1.1173,0.79553,0.58719,0.5174,0.53684,0.56834,0.54976,0.44773,0.26318,0.043033,-0.13053,-0.16975,-0.043594,0.20698,0.50286,0.75783,0.90363,0.90251,0.76095,0.54048,0.33087,0.21071,0.21686,0.34238,0.54379,0.75527,0.90716,0.9445,0.83555,0.57233,0.17031,-0.33034,-0.85972,-1.3194,-1.6035,-1.6454,-1.4483,-1.0849,-0.64793,-0.21148,0.17211,0.45441,0.58205,0.51326,0.24872,-0.16806,-0.65936,-1.1579,-1.6266
0.71057,1.6261,2.0287,1.7109,0.78404,-0.23725,-0.81435,-0.8478,-0.52064,0.026144,0.68331,1.2624,1.5371,1.3827,0.84827,0.10884,-0.63171,-1.2188,-1.5751,-1.6925,-1.6126,-1.4027,-1.1164,-0.75129,-0.25966,0.36923,1.0339,1.5718,1.87,1.9009,1.6998,1.3591,1.0029,0.74588,0.63216,0.62517,0.6471,0.6272,0.52347,0.33154,0.099479,-0.075977,-0.092931,0.08424,0.39977,0.74961,1.0363,1.1867,1.1659,0.99528,0.74917,0.53328,0.43,0.46197,0.60481,0.80454,0.99969,1.1306,1.1467,1.0145,0.71673,0.26299,-0.30736,-0.91846,-1.4594,-1.8071,-1.878,-1.6776,-1.2951,-0.83849,-0.39141,-0.0069066,0.27493,0.41356,0.37617,0.15843,-0.19681,-0.62933,-1.0834,-1.524
0.71887,1.6481,2.073,1.7998,0.93428,-0.033983,-0.61452,-0.71418,-0.47517,0.008284,0.65804,1.2856,1.6396,1.5699,1.1084,0.42149,-0.28602,-0.84997,-1.1847,-1.2838,-1.1978,-1.0003,-0.74197,-0.41424,0.040434,0.63479,1.2709,1.7918,2.0856,2.1178,1.9189,1.5695,1.189,0.89401,0.74269,0.70674,0.71319,0.68839,0.58415,0.39415,0.16482,0.0025193,0.012782,0.22782,0.58287,0.95987,1.2595,1.4127,1.3874,1.2132,0.96807,0.75736,0.66135,0.70126,0.84018,1.0242,1.1945,1.2975,1.2881,1.13,0.80852,0.32657,-0.2816,-0.94045,-1.5295,-1.9078,-1.981,-1.7574,-1.3433,-0.86537,-0.41198,-0.030275,0.24873,0.3907,0.3648,0.16826,-0.16038,-0.56711,-0.99664,-1.4116
0.72281,1.6655,2.1141,1.8922,1.1032,0.19716,-0.39084,-0.57379,-0.44437,-0.037191,0.60977,1.3058,1.7669,1.813,1.4591,0.86235,0.22423,-0.28898,-0.58768,-0.66489,-0.57596,-0.39764,-0.17675,0.10155,0.50137,1.0397,1.6259,2.1123,2.3894,2.4164,2.217,1.8586,1.4488,1.1074,0.90717,0.83823,0.82829,0.79826,0.69491,0.51058,0.29788,0.15872,0.20199,0.45464,0.83884,1.2427,1.5586,1.7174,1.6954,1.522,1.2837,1.0882,1.009,1.054,1.1819,1.3354,1.4635,1.5218,1.4694,1.2746,0.91557,0.39602,-0.24526,-0.92653,-1.5233,-1.8939,-1.9433,-1.6867,-1.2359,-0.72312,-0.24605,0.14114,0.40865,0.53254,0.49491,0.30205,-0.019989,-0.41244,-0.82561,-1.2245
0.71904,1.6698,2.1335,1.9538,1.2316,0.37807,-0.22206,-0.48217,-0.44985,-0.10621,0.54736,1.3133,1.8775,2.0365,1.7939,1.2994,0.74597,0.29539,0.03852,-0.016881,0.072891,0.23302,0.42105,0.65725,1.0023,1.4789,2.0044,2.4398,2.6814,2.6914,2.487,2.1256,1.7003,1.3276,1.0907,0.99217,0.96486,0.92953,0.83216,0.66909,0.48823,0.38955,0.4614,0.72073,1.1005,1.4905,1.7982,1.9597,1.9494,1.7978,1.5844,1.4111,1.3475,1.3964,1.5128,1.6363,1.7167,1.7185,1.6139,1.3776,0.99544,0.47129,-0.16013,-0.82043,-1.3848,-1.7104,-1.7041,-1.3993,-0.91137,-0.37676,0.10867,0.49479,0.75517,0.86704,0.81177,0.59077,0.24744,-0.16929,-0.60597,-1.0202
0.71175,1.6641,2.1333,1.979,1.2999,0.47877,-0.13348,-0.44678,-0.47879,-0.17323,0.49067,1.3089,1.946,2.1859,2.0262,1.6091,1.1208,0.7193,0.49508,0.45658,0.54867,0.69829,0.86487,1.0705,1.3752,1.8029,2.2763,2.6645,2.8722,2.865,2.6541,2.2911,1.8622,1.4808,1.2293,1.1172,1.0812,1.0465,0.96046,0.81903,0.66723,0.5921,0.67335,0.92376,1.2808,1.647,1.935,2.0865,2.0798,1.9438,1.7572,1.6128,1.568,1.6231,1.7265,1.8251,1.875,1.8441,1.7069,1.445,1.0473,0.52187,-0.090387,-0.70856,-1.2136,-1.477,-1.4234,-1.0822,-0.56955,-0.015919,0.48303,0.87354,1.1254,1.215,1.1269,0.87459,0.48751,0.033735,-0.42837,-0.85625
0.6971,1.6465,2.1151,1.985,1.3529,0.56538,-0.066074,-0.44534,-0.5499,-0.28164,0.40349,1.2892,2.0168,2.3576,2.3013,1.9807,1.5729,1.2316,1.0472,1.0304,1.1288,1.2701,1.4155,1.5865,1.8399,2.1967,2.5912,2.9105,3.07,3.0357,2.8169,2.4561,2.032,1.6495,1.3912,1.2714,1.2363,1.2133,1.1557,1.0533,0.94492,0.89469,0.96845,1.1793,1.4779,1.7888,2.0367,2.1679,2.1622,2.0468,1.893,1.7858,1.7744,1.8476,1.9536,2.0313,2.038,1.9526,1.7668,1.4734,1.0747,0.58217,0.03197,-0.50349,-0.91678,-1.0944,-0.97277,-0.59141,-0.054628,0.51522,1.0265,1.4245,1.6753,1.7503,1.6309,1.3245,0.88218,0.36621,-0.16038,-0.64807
0.67814,1.6187,2.0773,1.9598,1.3631,0.59913,-0.052251,-0.48844,-0.65032,-0.40352,0.30845,1.256,2.0634,2.4935,2.5276,2.2905,1.9514,1.6607,1.5096,1.5113,1.6156,1.7536,1.8869,2.032,2.2379,2.5242,2.837,3.0829,3.1876,3.1218,2.8935,2.5389,2.1295,1.7608,1.5121,1.3991,1.375,1.3736,1.3495,1.2923,1.2281,1.2047,1.2656,1.42,1.6364,1.8631,2.0442,2.1365,2.123,2.0275,1.9122,1.8487,1.8737,1.969,2.0776,2.1412,2.1203,1.9997,1.7799,1.4672,1.0726,0.6135,0.12971,-0.31037,-0.6153,-0.69698,-0.5176,-0.10072,0.45524,1.0412,1.5698,1.9823,2.2369,2.2982,2.1447,1.7864,1.2779,0.69252,0.10041,-0.44513
0.66225,1.5922,2.0371,1.9215,1.3441,0.5933,-0.071933,-0.54384,-0.73794,-0.49715,0.2369,1.2243,2.0819,2.5681,2.659,2.4738,2.1772,1.9181,1.7877,1.8008,1.9095,2.0468,2.1734,2.3007,2.4734,2.7101,2.9649,3.1557,3.2187,3.1273,2.8909,2.5422,2.1472,1.795,1.5628,1.4641,1.4571,1.4788,1.4851,1.4637,1.4317,1.4245,1.4714,1.5783,1.7259,1.8785,1.9966,2.0481,2.0214,1.9377,1.8532,1.8267,1.8826,1.9959,2.1099,2.1663,2.128,1.9838,1.7418,1.4188,1.0324,0.60854,0.18653,-0.17507,-0.40195,-0.42334,-0.20278,0.22824,0.78957,1.3836,1.9263,2.3555,2.6223,2.6839,2.5143,2.127,1.5756,0.93895,0.29236,-0.30755
0.64077,1.5502,1.9704,1.8474,1.287,0.54927,-0.13042,-0.6363,-0.85642,-0.61411,0.14714,1.1754,2.0835,2.6271,2.7765,2.6438,2.3908,2.1648,2.0565,2.0821,2.1961,2.3325,2.4509,2.5591,2.6944,2.8735,3.0572,3.1769,3.18,3.0512,2.7995,2.4587,2.0891,1.7714,1.5715,1.5038,1.5271,1.5845,1.6337,1.6598,1.6695,1.6794,1.7037,1.7466,1.8013,1.8537,1.8856,1.879,1.8287,1.7573,1.7086,1.7261,1.8197,1.9553,2.0746,2.1213,2.0617,1.8915,1.629,1.3007,0.9388,0.57003,0.22769,-0.042342,-0.18196,-0.13522,0.12204,0.57414,1.1514,1.7631,2.3256,2.7729,3.0512,3.1141,2.9333,2.5156,1.9239,1.2373,0.53291,-0.13023
0.62465,1.5141,1.9116,1.7766,1.2224,0.49434,-0.19052,-0.71069,-0.93701,-0.68775,0.08778,1.1339,2.0663,2.6389,2.8178,2.7116,2.4809,2.2726,2.1782,2.2131,2.3312,2.4667,2.5796,2.6759,2.7874,2.9282,3.0631,3.132,3.0923,2.9355,2.6738,2.3406,1.9922,1.7029,1.533,1.4925,1.5423,1.6266,1.7074,1.7661,1.8035,1.8255,1.8377,1.8421,1.8374,1.8208,1.7876,1.7325,1.6608,1.5955,1.5735,1.6234,1.741,1.8856,2.0019,2.0369,1.961,1.7739,1.4993,1.1726,0.82828,0.50003,0.21888,0.019544,-0.056967,0.030494,0.31003,0.76309,1.3372,1.9543,2.5338,3.0046,3.3042,3.3781,3.1932,2.7644,2.1451,1.4234,0.68264,-0.015359
0.60418,1.4623,1.823,1.6644,1.1141,0.40057,-0.27959,-0.8001,-1.0178,-0.75486,0.025657,1.0763,2.0216,2.6131,2.8121,2.7226,2.5052,2.31,2.2297,2.2775,2.4038,2.541,2.6487,2.7304,2.8155,2.913,2.99,2.997,2.9041,2.7109,2.4372,2.1156,1.8007,1.5571,1.4345,1.4336,1.515,1.6291,1.7401,1.8321,1.8997,1.94,1.9485,1.921,1.8589,1.7693,1.6618,1.5512,1.4558,1.4016,1.4121,1.4923,1.6222,1.7618,1.8566,1.8644,1.7632,1.5581,1.277,0.95768,0.64657,0.37253,0.15993,0.031908,0.016799,0.14694,0.44206,0.90268,1.4855,2.1165,2.7136,3.2022,3.5178,3.6047,3.4292,2.9953,2.3691,1.6326,0.86536,0.12698
0.58549,1.4074,1.7259,1.538,0.98774,0.29573,-0.36301,-0.86336,-1.0548,-0.77997,-0.010861,1.0211,1.9549,2.5428,2.7379,2.6416,2.4179,2.2226,2.1507,2.2124,2.3519,2.4968,2.6042,2.6774,2.7429,2.808,2.8409,2.7962,2.654,2.4247,2.1358,1.8281,1.5526,1.3649,1.2941,1.3329,1.4377,1.5685,1.6954,1.8076,1.8973,1.9538,1.9647,1.9231,1.8329,1.7079,1.5675,1.433,1.3314,1.2857,1.3095,1.3962,1.5174,1.6269,1.6873,1.6595,1.5258,1.2948,0.99965,0.68902,0.40235,0.17794,0.033718,-0.022182,0.020911,0.18284,0.48819,0.93808,1.5071,2.1354,2.7456,3.2594,3.6042,3.7164,3.5568,3.1331,2.5026,1.7544,0.9741,0.22524
0.57246,1.3644,1.6496,1.4379,0.88822,0.21742,-0.41447,-0.88386,-1.0487,-0.76707,-0.017633,0.98366,1.893,2.4623,2.6384,2.5218,2.2805,2.077,2.0089,2.0829,2.2365,2.3921,2.5045,2.5757,2.632,2.6788,2.6852,2.6083,2.4338,2.1801,1.8839,1.592,1.3524,1.2083,1.1756,1.236,1.3502,1.4821,1.6112,1.7277,1.8228,1.8878,1.907,1.8719,1.7864,1.66,1.5163,1.3834,1.2894,1.2604,1.2978,1.381,1.4757,1.5463,1.5558,1.4807,1.3131,1.0657,0.77052,0.46756,0.20695,0.015363,-0.093615,-0.11563,-0.043991,0.13698,0.44469,0.89026,1.4537,2.0805,2.6958,3.2212,3.5821,3.7127,3.5714,3.1617,2.5442,1.8043,1.0252,0.26927
0.55627,1.3056,1.5448,1.3026,0.75763,0.12508,-0.45324,-0.86768,-0.99204,-0.70623,0.0019909,0.94334,1.7994,2.3225,2.4514,2.2856,2.0036,1.7787,1.7129,1.8072,1.9876,2.1672,2.2958,2.3734,2.4245,2.4542,2.4321,2.3204,2.1113,1.8328,1.5347,1.2715,1.088,1.0086,1.0265,1.1088,1.2199,1.3328,1.4382,1.5326,1.6165,1.6827,1.7208,1.719,1.672,1.5871,1.482,1.3841,1.3225,1.3138,1.3514,1.4079,1.4499,1.449,1.3842,1.2457,1.0337,0.76086,0.45483,0.15643,-0.094235,-0.26175,-0.33011,-0.30143,-0.18326,0.025296,0.33877,0.76673,1.3035,1.911,2.5231,3.061,3.4452,3.6039,3.4913,3.1077,2.5127,1.7911,1.0272,0.28317
0.54527,1.2606,1.4659,1.2026,0.66721,0.071806,-0.45533,-0.82086,-0.91248,-0.62849,0.03883,0.92264,1.7253,2.1993,2.2768,2.0584,1.7322,1.4832,1.4184,1.5323,1.7403,1.9463,2.0949,2.1834,2.2354,2.2572,2.2183,2.0867,1.8591,1.5688,1.2771,1.0421,0.90812,0.88249,0.9372,1.0287,1.1215,1.2017,1.2662,1.325,1.3853,1.4488,1.5057,1.541,1.5434,1.5138,1.464,1.4156,1.3926,1.4014,1.4326,1.4598,1.4538,1.3906,1.2661,1.0761,0.8268,0.53298,0.21906,-0.079564,-0.327,-0.48546,-0.53772,-0.48638,-0.34284,-0.11328,0.20602,0.62624,1.1454,1.735,2.3379,2.8787,3.2759,3.4538,3.3631,3.0039,2.4301,1.7278,0.98019,0.24817
0.53183,1.1998,1.361,1.0755,0.56278,0.029495,-0.41803,-0.71181,-0.76159,-0.48789,0.11567,0.91138,1.6285,2.0195,2.0097,1.7016,1.299,1.0081,0.94502,1.0939,1.3498,1.6005,1.7831,1.8925,1.9521,1.9712,1.9231,1.7766,1.5326,1.2355,0.95912,0.77485,0.71518,0.76004,0.85334,0.94185,0.9978,1.0171,1.01,0.99634,0.99977,1.0404,1.1192,1.2178,1.3116,1.383,1.4337,1.4755,1.5166,1.5595,1.5826,1.5604,1.4745,1.3222,1.1057,0.84403,0.5538,0.24672,-0.067395,-0.37169,-0.62844,-0.7983,-0.84972,-0.7772,-0.59846,-0.33603,0.00030345,0.41029,0.89928,1.4536,2.0308,2.5635,2.971,3.1738,3.1165,2.7909,2.2524,1.582,0.86146,0.1503
0.51915,1.1384,1.2589,0.96137,0.48446,0.027883,-0.33353,-0.55573,-0.56958,-0.31365,0.22109,0.92319,1.5431,1.8367,1.7223,1.3059,0.80852,0.4645,0.4049,0.59998,0.91749,1.2255,1.4516,1.588,1.6606,1.6813,1.6298,1.476,1.2267,0.93857,0.69728,0.57972,0.6004,0.70725,0.82331,0.89358,0.89879,0.84106,0.74019,0.62524,0.5441,0.54212,0.64184,0.82054,1.0291,1.2312,1.4057,1.5485,1.6593,1.7231,1.7243,1.6472,1.4857,1.244,0.95043,0.63189,0.31202,-0.0025276,-0.31725,-0.62761,-0.91166,-1.1128,-1.1815,-1.1012,-0.89251,-0.59275,-0.23151,0.18044,0.64538,1.1599,1.6993,2.211,2.6183,2.8377,2.807,2.5179,2.0106,1.3696,0.67676,-0.0096162
0.50993,1.0915,1.1855,0.88715,0.44743,0.054711,-0.2414,-0.41408,-0.40713,-0.16784,0.317,0.95043,1.4964,1.712,1.512,1.0055,0.42664,0.034354,-0.023983,0.21159,0.58418,0.94379,1.2104,1.3736,1.458,1.4789,1.4225,1.2666,1.0235,0.75701,0.55829,0.49727,0.57445,0.71724,0.83912,0.88623,0.84283,0.7184,0.53545,0.33505,0.18134,0.14394,0.25923,0.50005,0.80182,1.1046,1.3754,1.5987,1.76,1.8437,1.8305,1.7094,1.4836,1.1754,0.81735,0.45606,0.12461,-0.17618,-0.47109,-0.78019,-1.0788,-1.3131,-1.4135,-1.3428,-1.117,-0.78627,-0.39873,0.020874,0.47081,0.95372,1.4576,1.9424,2.3392,2.5656,2.5551,2.2867,1.809,1.1942,0.51916,-0.15919
0.49746,1.0288,1.093,0.80467,0.42697,0.12513,-0.085879,-0.20014,-0.17457,0.040086,0.46507,1.017,1.4683,1.5795,1.2625,0.62923,-0.066726,-0.52968,-0.58671,-0.29237,0.16049,0.59589,0.92239,1.1246,1.2251,1.2451,1.1834,1.0335,0.81662,0.60017,0.4714,0.48671,0.62241,0.78866,0.89585,0.89504,0.78023,0.56586,0.27866,-0.033017,-0.28682,-0.37655,-0.24205,0.085527,0.51281,0.95264,1.3505,1.6736,1.8955,1.9901,1.9418,1.7523,1.4414,1.0446,0.61938,0.22365,-0.10752,-0.38574,-0.65613,-0.95313,-1.2729,-1.5464,-1.6838,-1.6251,-1.3788,-1.0072,-0.58244,-0.14552,0.29005,0.73245,1.1869,1.6312,2.0052,2.2255,2.2208,1.9715,1.5119,0.91972,0.27114,-0.38107
0.48683,0.96889,1.0076,0.74144,0.43797,0.22906,0.097299,0.030665,0.066716,0.25702,0.63325,1.1186,1.4883,1.5019,1.0731,0.31701,-0.49242,-1.0221,-1.0751,-0.72419,-0.1966,0.30956,0.69186,0.92909,1.0451,1.0669,1.0084,0.87742,0.70769,0.56132,0.51197,0.59238,0.75846,0.91458,0.97807,0.91265,0.72262,0.42581,0.049363,-0.35753,-0.69422,-0.82606,-0.66595,-0.25445,0.28508,0.84113,1.3431,1.7464,2.0124,2.1086,2.0215,1.7612,1.3603,0.87383,0.3748,-0.056836,-0.37607,-0.60707,-0.82312,-1.0881,-1.3983,-1.6921,-1.861,-1.8188,-1.5607,-1.1575,-0.69584,-0.24089,0.18814,0.60101,1.0119,1.4103,1.7459,1.9409,1.9258,1.6781,1.2307,0.65502,0.02243,-0.61773
0.48053,0.92716,0.95004,0.70759,0.46426,0.32302,0.24369,0.20712,0.24725,0.42223,0.76937,1.2158,1.5353,1.4858,0.98318,0.14709,-0.733,-1.3024,-1.3531,-0.97017,-0.40085,0.14528,0.56175,0.82396,0.95468,0.98252,0.93075,0.82231,0.69861,0.61505,0.62591,0.74099,0.90523,1.0299,1.0434,0.92072,0.67121,0.31675,-0.11394,-0.56829,-0.9381,-1.0782,-0.89453,-0.43305,0.17042,0.7914,1.3526,1.8004,2.0863,2.1768,2.0558,1.7381,1.2661,0.71056,0.15861,-0.29216,-0.59583,-0.79148,-0.96891,-1.1981,-1.4879,-1.77,-1.9345,-1.8904,-1.6248,-1.2038,-0.72229,-0.24692,0.19,0.59006,0.9679,1.3228,1.6167,1.7798,1.7441,1.4852,1.0359,0.46631,-0.1554,-0.78452
0.47616,0.87795,0.88614,0.68101,0.51711,0.45843,0.44034,0.43715,0.48238,0.64142,0.96138,1.3693,1.6362,1.5191,0.93792,0.023949,-0.91815,-1.5193,-1.5701,-1.1697,-0.57696,-0.0035512,0.44401,0.73801,0.89261,0.93681,0.90369,0.83664,0.78221,0.7849,0.86729,1.0073,1.1428,1.1977,1.1227,0.909,0.57586,0.15188,-0.3313,-0.81396,-1.1838,-1.294,-1.0612,-0.54545,0.11049,0.78299,1.3885,1.865,2.1576,2.2228,2.0467,1.6515,1.091,0.44578,-0.17129,-0.65008,-0.93859,-1.085,-1.197,-1.3605,-1.5901,-1.8251,-1.9566,-1.8897,-1.6053,-1.1649,-0.65715,-0.16621,0.27289,0.65732,1.0013,1.3086,1.5488,1.6596,1.5791,1.2914,0.82207,0.24323,-0.37638,-0.99293
0.477,0.84868,0.84898,0.67281,0.56514,0.56073,0.58093,0.59953,0.65015,0.8037,1.1114,1.4998,1.7359,1.5785,0.95493,0.0071894,-0.95298,-1.5581,-1.6112,-1.219,-0.63485,-0.062471,0.39418,0.7047,0.87755,0.94043,0.93223,0.90511,0.90621,0.96814,1.0906,1.2338,1.3325,1.321,1.1671,0.87608,0.47893,0.009402,-0.49382,-0.96944,-1.305,-1.3659,-1.0888,-0.54634,0.12444,0.80425,1.4145,1.8916,2.1735,2.2157,2.0021,1.5555,0.9339,0.22859,-0.44104,-0.94959,-1.2362,-1.3516,-1.4129,-1.5171,-1.6806,-1.8528,-1.9353,-1.8381,-1.5355,-1.0782,-0.55925,-0.047663,0.40538,0.78624,1.1041,1.3665,1.5536,1.6147,1.4959,1.1747,0.69545,0.12027,-0.49099,-1.1037
0.48482,0.82181,0.81387,0.67516,0.63201,0.68671,0.74937,0.79402,0.85739,1.0131,1.3151,1.6868,1.8904,1.6914,1.032,0.067786,-0.88282,-1.4708,-1.5307,-1.1727,-0.6279,-0.081354,0.36934,0.69239,0.88717,0.97891,1.0124,1.0435,1.1171,1.2464,1.4028,1.5318,1.5696,1.4645,1.2014,0.80371,0.31804,-0.20521,-0.71524,-1.1453,-1.3967,-1.3699,-1.0388,-0.48052,0.18132,0.84751,1.4414,1.8957,2.1475,2.1462,1.878,1.3689,0.68067,-0.092207,-0.81888,-1.3618,-1.6495,-1.7339,-1.7397,-1.7627,-1.8329,-1.9027,-1.8876,-1.7162,-1.3719,-0.89767,-0.3635,0.15275,0.60644,0.98047,1.2779,1.5019,1.6343,1.6321,1.4521,1.0899,0.57565,-0.018569,-0.63108,-1.2282
0.50172,0.81075,0.79697,0.68884,0.69397,0.79207,0.88724,0.95701,1.0394,1.209,1.516,1.8765,2.0545,1.8253,1.1464,0.19046,-0.725,-1.2804,-1.3466,-1.0351,-0.54927,-0.048276,0.38113,0.70461,0.91594,1.0344,1.1059,1.1905,1.3294,1.5133,1.691,1.7954,1.7638,1.5631,1.1951,0.7014,0.13976,-0.4223,-0.92443,-1.2895,-1.4371,-1.3074,-0.92021,-0.36244,0.26517,0.88271,1.4274,1.8355,2.0419,1.9961,1.6835,1.1302,0.40012,-0.40789,-1.1637,-1.7322,-2.0412,-2.1288,-2.1012,-2.0521,-2.0086,-1.9516,-1.8275,-1.5834,-1.1995,-0.70338,-0.15919,0.37181,0.83384,1.2002,1.4691,1.6472,1.7258,1.6726,1.4505,1.0498,0.52087,-0.077819,-0.6893,-1.2829
0.52054,0.81326,0.79572,0.70347,0.73371,0.85422,0.96808,1.0561,1.1565,1.3427,1.6578,2.013,2.1743,1.9265,1.2405,0.29824,-0.58377,-1.109,-1.1765,-0.90012,-0.46291,-0.0038516,0.40129,0.71777,0.93808,1.0745,1.1696,1.2866,1.4625,1.6757,1.8644,1.9508,1.8724,1.6045,1.1642,0.60595,0.003214,-0.57148,-1.0472,-1.354,-1.4254,-1.2304,-0.81264,-0.26507,0.32475,0.8915,1.3842,1.7455,1.9115,1.8315,1.4914,0.91885,0.17994,-0.62495,-1.3734,-1.9416,-2.2654,-2.3741,-2.3504,-2.265,-2.1544,-2.0067,-1.792,-1.4805,-1.0626,-0.55913,-0.010927,0.51218,0.96786,1.3302,1.593,1.7566,1.8092,1.7217,1.4655,1.0484,0.50212,-0.10214,-0.70832,-1.2892
0.55314,0.83028,0.80624,0.72526,0.77424,0.9117,1.0445,1.1551,1.2845,1.4979,1.829,2.1805,2.3215,2.0524,1.3594,0.43674,-0.40169,-0.88732,-0.95427,-0.72044,-0.34584,0.055116,0.42187,0.72447,0.95337,1.1121,1.2368,1.3856,1.5904,1.8234,2.0136,2.0767,1.9528,1.6197,1.1066,0.48429,-0.15485,-0.72291,-1.1459,-1.3667,-1.3442,-1.0912,-0.66516,-0.1523,0.37296,0.86512,1.2816,1.571,1.6748,1.5469,1.1769,0.60049,-0.10885,-0.85706,-1.5384,-2.0712,-2.415,-2.5751,-2.5841,-2.4813,-2.2987,-2.0566,-1.7555,-1.3827,-0.92927,-0.40758,0.13832,0.6683,1.1248,1.4755,1.7131,1.8443,1.8677,1.7612,1.4969,1.0695,0.53038,-0.065714,-0.66499,-1.2401
0.59228,0.85897,0.82462,0.74295,0.79524,0.93904,1.084,1.2164,1.3759,1.6206,1.972,2.3236,2.449,2.1603,1.4582,0.54794,-0.25866,-0.71614,-0.7841,-0.58384,-0.25954,0.093382,0.42682,0.71731,0.94916,1.1214,1.2663,1.4328,1.6508,1.8907,2.072,2.1136,1.9558,1.5837,1.0324,0.38395,-0.25931,-0.79658,-1.1545,-1.288,-1.1927,-0.90393,-0.49334,-0.037193,0.40783,0.80597,1.1248,1.3242,1.3568,1.1854,0.81001,0.27143,-0.35637,-0.98502,-1.5447,-1.9973,-2.3356,-2.5572,-2.6458,-2.5852,-2.3862,-2.0817,-1.7077,-1.283,-0.81115,-0.29817,0.23688,0.74223,1.1812,1.525,1.7633,1.8958,1.9158,1.8019,1.5329,1.1154,0.58416,0.0038508,-0.57835,-1.1432
0.62411,0.88457,0.83927,0.74871,0.79456,0.93828,1.0889,1.2367,1.4188,1.6885,2.0573,2.4121,2.5283,2.2254,1.5128,0.60294,-0.19251,-0.63909,-0.70898,-0.52511,-0.22444,0.10622,0.42427,0.70752,0.9368,1.1094,1.2547,1.4233,1.6445,1.8848,2.063,2.0942,1.92,1.5308,0.9694,0.32491,-0.29376,-0.78615,-1.0848,-1.1612,-1.0294,-0.73645,-0.35602,0.043979,0.41764,0.73683,0.9784,1.1085,1.0867,0.88634,0.51446,0.022112,-0.51172,-1.0135,-1.442,-1.8043,-2.1204,-2.3805,-2.5353,-2.5296,-2.3566,-2.0551,-1.6739,-1.2409,-0.7639,-0.25085,0.26903,0.76883,1.1993,1.5302,1.7543,1.8788,1.9041,1.8104,1.5691,1.17,0.66093,0.090686,-0.4911,-1.0584
0.66616,0.91868,0.85294,0.73983,0.76938,0.90578,1.062,1.2271,1.4386,1.7425,2.1377,2.5015,2.6091,2.2877,1.5548,0.63006,-0.17151,-0.61941,-0.69256,-0.51572,-0.22337,0.099969,0.412,0.68802,0.91003,1.0743,1.2073,1.3665,1.5817,1.8169,1.991,2.015,1.8318,1.4386,0.88746,0.27723,-0.28025,-0.69432,-0.91248,-0.93009,-0.77163,-0.49566,-0.16625,0.15583,0.42952,0.6389,0.76687,0.79337,0.69689,0.46362,0.11868,-0.27825,-0.65264,-0.95647,-1.1926,-1.4159,-1.6753,-1.9625,-2.2015,-2.2985,-2.2034,-1.9432,-1.5806,-1.1624,-0.70821,-0.22738,0.26541,0.72845,1.1319,1.4532,1.687,1.8362,1.8936,1.8326,1.6222,1.2584,0.7683,0.21204,-0.36016,-0.9228
0.69509,0.94118,0.85518,0.71765,0.72957,0.85781,1.0159,1.192,1.4249,1.7559,2.1738,2.5478,2.6518,2.317,1.5645,0.61697,-0.20596,-0.6676,-0.74384,-0.56131,-0.25839,0.074997,0.3916,0.66546,0.8814,1.0373,1.1616,1.3092,1.5115,1.7361,1.9031,1.9252,1.7484,1.3686,0.84176,0.26662,-0.24357,-0.60011,-0.76433,-0.74006,-0.56666,-0.30284,-0.01511,0.24319,0.43929,0.56219,0.60389,0.55393,0.40267,0.15544,-0.15301,-0.45948,-0.69984,-0.84758,-0.94516,-1.0638,-1.2622,-1.5376,-1.8154,-1.9848,-1.9773,-1.7972,-1.4954,-1.1198,-0.69611,-0.23934,0.22424,0.6715,1.063,1.3764,1.6095,1.7709,1.8567,1.8366,1.6691,1.3349,0.86939,0.32181,-0.25359,-0.82361
0.72725,0.96134,0.84156,0.66345,0.64637,0.76218,0.9195,1.108,1.3676,1.737,2.1901,2.583,2.6869,2.3359,1.5543,0.56368,-0.30815,-0.80499,-0.88792,-0.68497,-0.34743,0.019376,0.3565,0.63453,0.84247,0.98493,1.0956,1.2256,1.4065,1.6141,1.7701,1.7934,1.6284,1.2731,0.78355,0.26282,-0.17961,-0.46428,-0.56487,-0.49693,-0.30994,-0.062327,0.17713,0.35847,0.4602,0.47239,0.40282,0.25708,0.042428,-0.21227,-0.45763,-0.62697,-0.67563,-0.62397,-0.54124,-0.53114,-0.65917,-0.91917,-1.2322,-1.4857,-1.5927,-1.5273,-1.3248,-1.0307,-0.67563,-0.27945,0.13942,0.54238,0.90711,1.2197,1.4798,1.6881,1.8277,1.8574,1.7309,1.4326,0.9844,0.44893,-0.11835,-0.68516
0.74841,0.96618,0.80337,0.5772,0.52798,0.62905,0.78203,0.97857,1.2637,1.6727,2.1671,2.5861,2.6964,2.3356,1.5249,0.48217,-0.45684,-1.0083,-1.1037,-0.86802,-0.47312,-0.049306,0.32646,0.61876,0.81877,0.94192,1.0292,1.1373,1.3017,1.4969,1.6501,1.6773,1.5207,1.1823,0.72352,0.24916,-0.13303,-0.35663,-0.40358,-0.30432,-0.10734,0.1196,0.3189,0.44564,0.47445,0.40748,0.25149,0.025487,-0.23545,-0.48122,-0.64409,-0.67058,-0.55311,-0.33949,-0.13304,-0.025499,-0.075044,-0.28114,-0.58435,-0.88831,-1.1003,-1.1784,-1.12,-0.94561,-0.67942,-0.34661,0.019512,0.39347,0.74464,1.0595,1.3398,1.5879,1.7829,1.8726,1.7978,1.5307,1.102,0.56978,-0.0045394,-0.58108
0.75471,0.95578,0.75587,0.48963,0.41511,0.50497,0.65188,0.85072,1.1528,1.5933,2.1223,2.5663,2.6886,2.3267,1.4994,0.41855,-0.57757,-1.1802,-1.289,-1.0236,-0.57535,-0.098646,0.31285,0.61829,0.81216,0.91922,0.98799,1.0802,1.2319,1.4181,1.5689,1.5978,1.4494,1.1229,0.68053,0.22701,-0.13036,-0.32411,-0.34263,-0.2184,-0.0089667,0.2174,0.39886,0.49206,0.47858,0.36091,0.15562,-0.10765,-0.38175,-0.60239,-0.69967,-0.62991,-0.4053,-0.10005,0.1876,0.35445,0.34391,0.15989,-0.1386,-0.46544,-0.73522,-0.89535,-0.93091,-0.84773,-0.66082,-0.39277,-0.069303,0.26989,0.60384,0.9246,1.2339,1.5248,1.7631,1.8872,1.835,1.585,1.1604,0.62805,0.053114,-0.52161
0.74717,0.92019,0.66513,0.34136,0.23395,0.30888,0.44431,0.63983,0.96014,1.4435,2.0235,2.5099,2.6595,2.3084,1.471,0.3508,-0.71683,-1.3917,-1.523,-1.217,-0.69464,-0.14607,0.31222,0.63114,0.81366,0.89885,0.94847,1.0269,1.1644,1.3365,1.4768,1.502,1.3574,1.0372,0.60305,0.15937,-0.18088,-0.34878,-0.33638,-0.18341,0.044185,0.27482,0.44359,0.50807,0.45615,0.29488,0.053163,-0.22524,-0.48336,-0.64302,-0.64726,-0.47673,-0.16427,0.21546,0.55523,0.7744,0.82103,0.69103,0.42557,0.096323,-0.22701,-0.48881,-0.6527,-0.70075,-0.63048,-0.4544,-0.20051,0.10402,0.4331,0.77272,1.116,1.4474,1.7258,1.8846,1.8588,1.621,1.2046,0.67533,0.10015,-0.47556
0.72812,0.87611,0.57632,0.20796,0.077772,0.14172,0.26542,0.4515,0.78171,1.2962,1.9184,2.4447,2.624,2.2916,1.4598,0.32428,-0.78472,-1.5086,-1.659,-1.3281,-0.75756,-0.16392,0.32139,0.64638,0.81842,0.88792,0.92685,0.99846,1.1272,1.2894,1.4147,1.4304,1.2793,0.95822,0.5207,0.078595,-0.25757,-0.41323,-0.38351,-0.21274,0.029314,0.26184,0.4243,0.47695,0.40729,0.23616,-0.0083964,-0.27794,-0.50361,-0.61871,-0.56261,-0.32697,0.039411,0.44927,0.81285,1.0484,1.1133,1.0084,0.77081,0.45507,0.12002,-0.18426,-0.4183,-0.552,-0.56847,-0.46919,-0.2688,-0.0019222,0.31106,0.65714,1.0253,1.3898,1.698,1.876,1.8582,1.6231,1.2041,0.67028,0.092214,-0.48107
0.68413,0.79327,0.43105,0.0041509,-0.1531,-0.10226,-0.00072833,0.16341,0.49763,1.0522,1.7375,2.3281,2.5609,2.2706,1.4684,0.33907,-0.79675,-1.5677,-1.7451,-1.3985,-0.78779,-0.15832,0.34383,0.6655,0.82005,0.86638,0.88523,0.94425,1.0674,1.2223,1.3389,1.3414,1.1744,0.83389,0.37852,-0.08126,-0.42261,-0.56752,-0.50745,-0.3005,-0.035676,0.2044,0.35245,0.37982,0.29169,0.1116,-0.11575,-0.33861,-0.49747,-0.52737,-0.39409,-0.10585,0.28506,0.70216,1.0651,1.3105,1.4037,1.3435,1.1551,0.87703,0.5496,0.21171,-0.095792,-0.33121,-0.45957,-0.46264,-0.34397,-0.12239,0.17965,0.53964,0.93285,1.3216,1.6461,1.8309,1.8119,1.571,1.1451,0.60883,0.034873,-0.5271
0.61852,0.68482,0.2581,-0.22338,-0.40359,-0.36527,-0.29314,-0.16306,0.16188,0.75315,1.5088,2.1766,2.4792,2.251,1.5037,0.41637,-0.70401,-1.4916,-1.696,-1.3618,-0.75021,-0.1206,0.37174,0.67112,0.79811,0.8195,0.81954,0.86938,0.98703,1.1351,1.2457,1.2336,1.0477,0.68113,0.20214,-0.27303,-0.61151,-0.73642,-0.65146,-0.426,-0.15268,0.082398,0.21988,0.23515,0.1379,-0.03577,-0.2372,-0.40912,-0.49315,-0.44454,-0.24597,0.079011,0.47616,0.87885,1.2242,1.4641,1.5742,1.5544,1.4211,1.1964,0.90298,0.56665,0.22254,-0.083557,-0.30347,-0.4009,-0.36308,-0.19378,0.082435,0.43776,0.83886,1.2385,1.5692,1.7522,1.7243,1.4674,1.0326,0.49097,-0.082608,-0.63592
0.55636,0.58842,0.11395,-0.40516,-0.59833,-0.56962,-0.52491,-0.43025,-0.12133,0.49387,1.3066,2.041,2.4053,2.2346,1.545,0.51188,-0.56972,-1.3483,-1.5732,-1.2704,-0.68696,-0.082724,0.38157,0.65038,0.74911,0.75222,0.74908,0.80047,0.91662,1.059,1.1555,1.129,0.92619,0.54511,0.053863,-0.42191,-0.74931,-0.85262,-0.74756,-0.51185,-0.24036,-0.018967,0.10118,0.10125,-0.0043398,-0.17124,-0.34863,-0.47891,-0.50824,-0.40797,-0.17065,0.17272,0.56695,0.95109,1.277,1.5058,1.6234,1.6329,1.545,1.3666,1.112,0.79526,0.44443,0.10327,-0.17526,-0.3421,-0.36432,-0.24204,0.013417,0.36962,0.78027,1.1849,1.5093,1.6751,1.6249,1.3534,0.90031,0.35177,-0.21447,-0.74765
0.45745,0.44339,-0.091073,-0.6505,-0.85583,-0.84347,-0.84318,-0.80988,-0.53669,0.10587,1.0008,1.8337,2.291,2.2096,1.6134,0.67599,-0.32526,-1.0701,-1.3237,-1.0875,-0.57563,-0.036846,0.36688,0.58057,0.63416,0.60884,0.59871,0.6571,0.78306,0.92875,1.0151,0.97083,0.74653,0.35,-0.14582,-0.60865,-0.90752,-0.97376,-0.8354,-0.58232,-0.32004,-0.12612,-0.047664,-0.088385,-0.21564,-0.38276,-0.52716,-0.59636,-0.55798,-0.39207,-0.1186,0.22539,0.59365,0.94342,1.2359,1.4564,1.5972,1.6553,1.6285,1.5162,1.3105,1.0208,0.67207,0.30658,-0.020358,-0.2514,-0.34398,-0.27017,-0.045581,0.29262,0.69067,1.0828,1.3926,1.5414,1.4717,1.1727,0.70483,0.14638,-0.42262,-0.94793
0.34321,0.28481,-0.29935,-0.88428,-1.0963,-1.1074,-1.1645,-1.2107,-0.99146,-0.32736,0.65654,1.5993,2.1616,2.1804,1.688,0.86084,-0.044423,-0.74411,-1.0259,-0.87297,-0.46187,-0.017296,0.3057,0.45161,0.45106,0.39043,0.36811,0.43978,0.59125,0.75814,0.85269,0.80098,0.56312,0.15852,-0.32645,-0.75261,-0.99598,-1.01,-0.84188,-0.59176,-0.35737,-0.20982,-0.1788,-0.2563,-0.40605,-0.57115,-0.69587,-0.73312,-0.65217,-0.45391,-0.15913,0.1896,0.54315,0.86027,1.1231,1.3241,1.4698,1.5643,1.5985,1.5505,1.4067,1.1614,0.83034,0.45226,0.085242,-0.2028,-0.34868,-0.32394,-0.1265,0.20375,0.60154,0.98902,1.283,1.4044,1.3003,0.97001,0.47254,-0.10204,-0.67029,-1.1795
0.25007,0.161,-0.44977,-1.0421,-1.2563,-1.2909,-1.3996,-1.5172,-1.3528,-0.67739,0.37802,1.4112,2.0578,2.1551,1.7427,0.99698,0.1605,-0.50573,-0.8071,-0.71986,-0.39371,-0.031536,0.21956,0.30494,0.25684,0.16718,0.13974,0.23071,0.41465,0.60834,0.72001,0.67107,0.43189,0.030253,-0.43368,-0.82006,-1.0131,-0.98524,-0.80131,-0.56141,-0.35377,-0.24219,-0.24497,-0.35005,-0.51932,-0.69124,-0.81294,-0.83705,-0.73758,-0.52045,-0.21593,0.12485,0.45383,0.74255,0.9775,1.1696,1.3302,1.4575,1.532,1.527,1.416,1.1918,0.87013,0.49073,0.11289,-0.19384,-0.3684,-0.36167,-0.17921,0.13996,0.53044,0.91179,1.1965,1.3021,1.1753,0.81806,0.29624,-0.29526,-0.86884,-1.3705
0.12002,-0.0032007,-0.6336,-1.2167,-1.4295,-1.5037,-1.6955,-1.9237,-1.8486,-1.1664,-0.0071329,1.1548,1.9167,2.1176,1.8055,1.1548,0.39587,-0.23463,-0.56254,-0.55869,-0.34485,-0.098691,0.045578,0.039143,-0.079709,-0.20731,-0.22899,-0.093545,0.14988,0.39227,0.53058,0.49268,0.25984,-0.12165,-0.53959,-0.85953,-0.9837,-0.90874,-0.7051,-0.47222,-0.29605,-0.22634,-0.27973,-0.43281,-0.63165,-0.81854,-0.93334,-0.94097,-0.83149,-0.61409,-0.32392,-0.0048543,0.29901,0.55622,0.76762,0.94599,1.11,1.2611,1.3754,1.4132,1.3437,1.1522,0.84884,0.46979,0.075876,-0.25566,-0.44839,-0.45834,-0.27878,0.04593,0.44185,0.82297,1.0994,1.1872,1.0325,0.63869,0.081338,-0.53919,-1.1285,-1.6297
0.021943,-0.12122,-0.75119,-1.313,-1.5223,-1.6337,-1.8958,-2.2177,-2.2213,-1.5379,-0.29687,0.9645,1.8119,2.0849,1.8378,1.2452,0.53162,-0.080192,-0.42857,-0.48282,-0.34963,-0.19087,-0.13115,-0.21203,-0.38711,-0.53957,-0.54607,-0.36581,-0.070766,0.2147,0.37785,0.3551,0.13652,-0.21764,-0.59144,-0.85411,-0.92737,-0.82218,-0.61187,-0.39168,-0.23944,-0.20125,-0.28427,-0.4586,-0.67145,-0.86126,-0.97821,-0.99111,-0.88674,-0.67934,-0.40115,-0.098412,0.18409,0.41804,0.60753,0.77304,0.93805,1.1029,1.237,1.2951,1.2409,1.0575,0.75681,0.37914,-0.011444,-0.33711,-0.52843,-0.52839,-0.34256,-0.014161,0.38596,0.77102,1.0462,1.123,0.94683,0.52661,-0.063188,-0.71038,-1.3134,-1.8131
-0.10426,-0.26483,-0.87366,-1.388,-1.5897,-1.7585,-2.1242,-2.579,-2.697,-2.0133,-0.66235,0.72834,1.6799,2.0335,1.8537,1.3185,0.64663,0.048675,-0.32724,-0.45188,-0.41827,-0.37131,-0.42317,-0.6038,-0.85206,-1.0322,-1.0099,-0.7624,-0.39304,-0.045287,0.16304,0.17259,-0.011456,-0.32024,-0.63173,-0.82437,-0.84063,-0.70565,-0.4956,-0.29409,-0.16773,-0.15706,-0.26408,-0.45706,-0.68114,-0.87733,-0.99975,-1.0187,-0.92517,-0.72701,-0.46053,-0.17909,0.071298,0.27327,0.43135,0.57645,0.73296,0.89679,1.0334,1.0946,1.0443,0.86678,0.57331,0.20278,-0.18058,-0.49629,-0.66375,-0.64582,-0.43656,-0.082265,0.33985,0.7379,1.015,1.0822,0.88453,0.43049,-0.19705,-0.88167,-1.5135,-2.0271
-0.2204,-0.38624,-0.95276,-1.4,-1.5912,-1.8221,-2.2924,-2.8781,-3.1086,-2.4252,-0.97014,0.53219,1.5653,1.9742,1.8349,1.3311,0.67882,0.079579,-0.32627,-0.51088,-0.56068,-0.60922,-0.75714,-1.0252,-1.3366,-1.5398,-1.4891,-1.1744,-0.72766,-0.3144,-0.057023,-0.0083195,-0.15366,-0.41375,-0.66599,-0.79962,-0.7751,-0.62372,-0.41842,-0.23002,-0.1198,-0.1217,-0.23969,-0.44114,-0.66794,-0.85992,-0.97156,-0.98133,-0.88641,-0.70186,-0.46254,-0.21112,0.013217,0.18796,0.32414,0.44823,0.58409,0.72804,0.84437,0.88604,0.81516,0.61858,0.31414,-0.050596,-0.40529,-0.67137,-0.78821,-0.71183,-0.46154,-0.084493,0.34993,0.75526,1.0336,1.0924,0.87464,0.3914,-0.27412,-0.99658,-1.657,-2.1816
-0.29664,-0.45894,-0.98257,-1.3709,-1.5529,-1.8284,-2.3704,-3.0426,-3.3446,-2.6587,-1.1397,0.42458,1.4971,1.928,1.8012,1.304,0.65163,0.042069,-0.38858,-0.6132,-0.71409,-0.81834,-1.0202,-1.3361,-1.6804,-1.894,-1.827,-1.4731,-0.97604,-0.518,-0.22312,-0.14311,-0.25982,-0.48656,-0.70023,-0.7995,-0.75253,-0.59547,-0.39199,-0.2108,-0.10744,-0.11664,-0.23763,-0.43471,-0.65213,-0.83233,-0.93722,-0.94395,-0.84601,-0.65792,-0.41531,-0.17005,0.036167,0.19015,0.30284,0.40367,0.51426,0.62781,0.71004,0.71729,0.6188,0.40823,0.10565,-0.24241,-0.56818,-0.7956,-0.85607,-0.74021,-0.45428,-0.0477,0.4056,0.8171,1.0913,1.1393,0.90679,0.40385,-0.28381,-1.0262,-1.6994,-2.2258
-0.38066,-0.53035,-0.98637,-1.2915,-1.4589,-1.7872,-2.4065,-3.1617,-3.5232,-2.8277,-1.257,0.34579,1.4337,1.8657,1.7309,1.2211,0.55237,-0.080078,-0.54517,-0.81697,-0.97203,-1.1288,-1.3741,-1.7168,-2.0698,-2.275,-2.1929,-1.8168,-1.2888,-0.79177,-0.45329,-0.32999,-0.40216,-0.58234,-0.75228,-0.81903,-0.75971,-0.60662,-0.415,-0.24314,-0.14126,-0.14662,-0.26029,-0.44752,-0.65056,-0.80941,-0.88431,-0.8586,-0.73435,-0.53229,-0.29428,-0.067545,0.11372,0.23962,0.32649,0.40064,0.47664,0.54356,0.56927,0.51857,0.36784,0.11805,-0.20004,-0.52719,-0.78788,-0.9143,-0.8753,-0.6647,-0.32402,0.098041,0.5447,0.94383,1.2067,1.2439,0.99888,0.4793,-0.22352,-0.98109,-1.6657,-2.1931
-0.42795,-0.56462,-0.96715,-1.2113,-1.3681,-1.7267,-2.3838,-3.1682,-3.536,-2.828,-1.2525,0.33969,1.4091,1.819,1.6606,1.1276,0.43689,-0.21746,-0.70685,-1.0066,-1.1903,-1.3702,-1.6251,-1.9578,-2.2874,-2.4695,-2.3809,-2.013,-1.4914,-0.98604,-0.62633,-0.47103,-0.50684,-0.65222,-0.79565,-0.85247,-0.79744,-0.65662,-0.47678,-0.30939,-0.20511,-0.19813,-0.29635,-0.46883,-0.6548,-0.79404,-0.84111,-0.78151,-0.62855,-0.40843,-0.16966,0.044895,0.208,0.31492,0.38063,0.43011,0.47441,0.50052,0.47738,0.37356,0.17683,-0.10064,-0.41747,-0.70964,-0.90637,-0.9533,-0.8285,-0.56068,-0.18448,0.25384,0.70072,1.0888,1.3354,1.3569,1.0996,0.57489,-0.13218,-0.88884,-1.5653,-2.0746
-0.4663,-0.58587,-0.92103,-1.0935,-1.2358,-1.6202,-2.2985,-3.0703,-3.3899,-2.6582,-1.1248,0.40042,1.405,1.7569,1.5468,0.96902,0.24083,-0.44415,-0.96025,-1.285,-1.4893,-1.6765,-1.9145,-2.2002,-2.4642,-2.5987,-2.5112,-2.1872,-1.7102,-1.2207,-0.84569,-0.65189,-0.63695,-0.73534,-0.8524,-0.90814,-0.873,-0.75733,-0.597,-0.43574,-0.32441,-0.29983,-0.37293,-0.51412,-0.66206,-0.75796,-0.76135,-0.66106,-0.47299,-0.23316,0.014145,0.22319,0.3668,0.44577,0.4794,0.49223,0.49294,0.46423,0.3749,0.20162,-0.056502,-0.37061,-0.68317,-0.91951,-1.0122,-0.92948,-0.68886,-0.33162,0.088278,0.52867,0.95195,1.3086,1.5283,1.5328,1.2698,0.74948,0.058655,-0.67364,-1.3203,-1.7959
-0.47535,-0.58225,-0.8614,-0.97716,-1.1075,-1.5012,-2.1667,-2.871,-3.0868,-2.3273,-0.87918,0.52944,1.4317,1.6999,1.4211,0.78798,0.017252,-0.69872,-1.2363,-1.5743,-1.7799,-1.9474,-2.1351,-2.3385,-2.5096,-2.5869,-2.5168,-2.2683,-1.8682,-1.4142,-1.0293,-0.79831,-0.73667,-0.79757,-0.89887,-0.96624,-0.95998,-0.87715,-0.73827,-0.5837,-0.46266,-0.41959,-0.46574,-0.56892,-0.66958,-0.70394,-0.63926,-0.48044,-0.25507,-0.0059678,0.22438,0.40509,0.52059,0.57176,0.57828,0.55795,0.51456,0.4311,0.28027,0.04368,-0.26434,-0.59871,-0.88515,-1.0438,-1.023,-0.8218,-0.47986,-0.062551,0.38194,0.82012,1.224,1.5532,1.7463,1.7328,1.4663,0.96519,0.30353,-0.38883,-0.98871,-1.4124
-0.46323,-0.56623,-0.81212,-0.89852,-1.0216,-1.4134,-2.0502,-2.6749,-2.7887,-2.0088,-0.64122,0.65918,1.4679,1.6621,1.326,0.64925,-0.15343,-0.89117,-1.442,-1.7846,-1.9824,-2.1212,-2.2536,-2.3812,-2.4769,-2.514,-2.4621,-2.2766,-1.9419,-1.5238,-1.1368,-0.88058,-0.78503,-0.82055,-0.9133,-0.99532,-1.0163,-0.96319,-0.84514,-0.69878,-0.57196,-0.50857,-0.52176,-0.58374,-0.63712,-0.62659,-0.52114,-0.32755,-0.082148,0.17273,0.39286,0.55122,0.63954,0.66528,0.64744,0.60225,0.52942,0.4097,0.21802,-0.056643,-0.39181,-0.73002,-0.98818,-1.0869,-0.98733,-0.70825,-0.31033,0.14456,0.60494,1.039,1.4232,1.726,1.8967,1.8742,1.6167,1.1342,0.5134,-0.12955,-0.68185,-1.0664
-0.42282,-0.52884,-0.74655,-0.81253,-0.93016,-1.3081,-1.8858,-2.3771,-2.3433,-1.5404,-0.28921,0.85564,1.5273,1.616,1.2023,0.47043,-0.3673,-1.1252,-1.688,-2.0336,-2.215,-2.306,-2.3544,-2.3758,-2.3748,-2.3648,-2.3359,-2.226,-1.9788,-1.615,-1.2407,-0.95917,-0.82184,-0.81816,-0.89799,-0.99432,-1.055,-1.0459,-0.96474,-0.83417,-0.70095,-0.60859,-0.5733,-0.57205,-0.55354,-0.47167,-0.30785,-0.077016,0.18154,0.42479,0.61787,0.74146,0.79267,0.78414,0.73101,0.64957,0.53932,0.38004,0.14697,-0.16502,-0.52068,-0.84778,-1.0537,-1.068,-0.87788,-0.52701,-0.083248,0.39044,0.85099,1.2734,1.6398,1.9245,2.0838,2.0625,1.8224,1.3773,0.80517,0.21638,-0.28164,-0.61476
-0.35622,-0.47558,-0.6865,-0.75207,-0.86983,-1.2249,-1.7236,-2.0648,-1.8841,-1.0665,0.067987,1.0564,1.5891,1.5715,1.0842,0.30814,-0.54959,-1.3138,-1.8795,-2.2251,-2.3912,-2.4367,-2.4061,-2.329,-2.2419,-2.1877,-2.1724,-2.1256,-1.9554,-1.6452,-1.2831,-0.97939,-0.80833,-0.77671,-0.84949,-0.96279,-1.0578,-1.0881,-1.0361,-0.91848,-0.78087,-0.66703,-0.59369,-0.53524,-0.44387,-0.28619,-0.058181,0.20969,0.4725,0.69064,0.84002,0.91628,0.92765,0.88691,0.80971,0.70309,0.56033,0.36244,0.092609,-0.24286,-0.59944,-0.89551,-1.0424,-0.98799,-0.74149,-0.35806,0.095761,0.56675,1.0199,1.4343,1.7937,2.0738,2.2334,2.2212,2.003,1.5942,1.0693,0.53442,0.089072,-0.19901
-0.2912,-0.42693,-0.64527,-0.72297,-0.8453,-1.1796,-1.6118,-1.8388,-1.5558,-0.73176,0.32009,1.1977,1.6307,1.5376,1.0016,0.20144,-0.66142,-1.421,-1.9819,-2.3248,-2.4813,-2.4988,-2.4181,-2.2784,-2.1338,-2.0461,-2.0312,-2.0215,-1.9018,-1.6317,-1.2784,-0.9621,-0.76853,-0.7229,-0.79365,-0.92204,-1.0393,-1.0924,-1.0598,-0.95533,-0.82054,-0.69613,-0.59392,-0.49043,-0.3467,-0.13647,0.13106,0.41922,0.68042,0.87897,0.99845,1.0425,1.0254,0.96487,0.87078,0.74807,0.5858,0.36337,0.068613,-0.28017,-0.63234,-0.89963,-1.0022,-0.90757,-0.64042,-0.2573,0.18637,0.64226,1.085,1.4961,1.8581,2.1443,2.3132,2.3144,2.1154,1.7333,1.2395,0.73636,0.31932,0.053619
-0.18771,-0.35168,-0.59409,-0.70107,-0.83804,-1.1426,-1.4823,-1.5622,-1.1604,-0.33345,0.61843,1.3622,1.6753,1.495,0.9083,0.088176,-0.77172,-1.5194,-2.0716,-2.4095,-2.5537,-2.538,-2.3979,-2.1818,-1.9653,-1.8315,-1.8099,-1.8325,-1.7715,-1.5556,-1.2311,-0.91806,-0.71202,-0.65338,-0.71892,-0.85457,-0.98911,-1.0671,-1.0585,-0.97345,-0.84817,-0.71745,-0.58931,-0.43969,-0.2344,0.038691,0.35683,0.6714,0.93125,1.1017,1.1802,1.186,1.1434,1.0676,0.96463,0.82431,0.63206,0.37553,0.05568,-0.3036,-0.63771,-0.8701,-0.936,-0.81785,-0.54845,-0.18274,0.23115,0.66099,1.0893,1.5013,1.8765,2.1822,2.3719,2.3946,2.2197,1.8659,1.4035,0.93259,0.54268,0.29429
-0.0995,-0.28736,-0.55598,-0.69337,-0.84618,-1.1291,-1.3996,-1.3792,-0.90399,-0.0793,0.80653,1.4625,1.6994,1.4675,0.85452,0.030272,-0.82258,-1.5628,-2.1118,-2.4479,-2.5835,-2.5428,-2.3586,-2.087,-1.8197,-1.6505,-1.6158,-1.6507,-1.6266,-1.455,-1.1693,-0.87632,-0.67602,-0.61141,-0.67083,-0.80278,-0.94323,-1.0355,-1.0451,-0.97853,-0.86553,-0.74076,-0.6047,-0.42991,-0.18564,0.13164,0.48745,0.82394,1.0858,1.242,1.297,1.2796,1.2214,1.1396,1.0342,0.88817,0.68163,0.40267,0.059194,-0.31243,-0.64361,-0.85832,-0.90344,-0.77626,-0.51658,-0.17545,0.20903,0.61578,1.033,1.4479,1.8378,2.1649,2.3776,2.4217,2.2653,1.927,1.4789,1.0185,0.63476,0.38722
0.029721,-0.19052,-0.49989,-0.68515,-0.86415,-1.1214,-1.3059,-1.1711,-0.6211,0.1927,1.0007,1.5595,1.7154,1.4349,0.80559,-0.012234,-0.8529,-1.5875,-2.1394,-2.4777,-2.6002,-2.5206,-2.2741,-1.9307,-1.5988,-1.3815,-1.3237,-1.367,-1.3875,-1.2829,-1.0614,-0.81236,-0.63022,-0.56702,-0.62209,-0.7537,-0.90249,-1.0087,-1.0391,-0.99504,-0.90691,-0.79873,-0.66398,-0.46626,-0.17647,0.19519,0.59915,0.96587,1.2354,1.3832,1.419,1.3816,1.3116,1.229,1.1255,0.97561,0.75097,0.44002,0.061315,-0.3332,-0.66811,-0.86969,-0.90154,-0.7783,-0.54554,-0.24712,0.093799,0.4675,0.87648,1.3093,1.7337,2.0983,2.3421,2.4088,2.2691,1.9425,1.5039,1.0497,0.66424,0.40344
0.16898,-0.081849,-0.43039,-0.66649,-0.87644,-1.1141,-1.2253,-1.0008,-0.40323,0.38979,1.132,1.617,1.7171,1.4119,0.78533,-0.016829,-0.84624,-1.5829,-2.1466,-2.4916,-2.5982,-2.4733,-2.1606,-1.7485,-1.3536,-1.0881,-1.0023,-1.048,-1.1069,-1.075,-0.93277,-0.74759,-0.60494,-0.55978,-0.61644,-0.74449,-0.88926,-0.99957,-1.0474,-1.0345,-0.98555,-0.90736,-0.78083,-0.56407,-0.23125,0.19106,0.63823,1.0339,1.3183,1.4659,1.4962,1.4546,1.3854,1.3072,1.2066,1.0484,0.80034,0.45475,0.039901,-0.38243,-0.72844,-0.93159,-0.96751,-0.86033,-0.65729,-0.39754,-0.096136,0.2525,0.6554,1.1047,1.5643,1.973,2.2579,2.3535,2.2269,1.9033,1.4557,0.98654,0.58354,0.30131
0.27777,0.0086629,-0.36493,-0.63694,-0.87083,-1.0993,-1.1675,-0.89472,-0.28082,0.48961,1.1892,1.6331,1.7094,1.4019,0.78873,0.001854,-0.82164,-1.5657,-2.1445,-2.4989,-2.5954,-2.4352,-2.0696,-1.6014,-1.1578,-0.85569,-0.74552,-0.7912,-0.88087,-0.90825,-0.83837,-0.7133,-0.60998,-0.58148,-0.64011,-0.75925,-0.89355,-1.0013,-1.0599,-1.0752,-1.0613,-1.0198,-0.91272,-0.68912,-0.32748,0.13716,0.62603,1.0531,1.3539,1.5084,1.5383,1.4948,1.4267,1.3513,1.2507,1.0848,0.81764,0.44246,-0.0049297,-0.44987,-0.80838,-1.0136,-1.0533,-0.96223,-0.78837,-0.56317,-0.29204,0.039894,0.44877,0.92444,1.4202,1.8625,2.1718,2.2821,2.1632,1.8375,1.387,0.90872,0.48555,0.16983
0.42518,0.14109,-0.25503,-0.56585,-0.82966,-1.0538,-1.0857,-0.77813,-0.16698,0.56378,1.2118,1.6188,1.6868,1.3982,0.81726,0.055411,-0.76312,-1.5242,-2.1312,-2.5056,-2.5929,-2.385,-1.9441,-1.3959,-0.88728,-0.54031,-0.40808,-0.45867,-0.59022,-0.69566,-0.72155,-0.68188,-0.6335,-0.62804,-0.68881,-0.7974,-0.92166,-1.0266,-1.0998,-1.1477,-1.1813,-1.1869,-1.1099,-0.88296,-0.48482,0.034176,0.57615,1.0429,1.3691,1.5366,1.5741,1.5372,1.4735,1.3974,1.283,1.0892,0.78474,0.37193,-0.10568,-0.57255,-0.93781,-1.149,-1.2019,-1.1343,-0.99346,-0.8072,-0.57131,-0.25837,0.1549,0.66056,1.203,1.6944,2.0425,2.1751,2.0611,1.7302,1.2628,0.76112,0.30921,-0.045007
0.57195,0.28633,-0.11499,-0.44769,-0.73883,-0.96909,-0.98843,-0.6802,-0.099389,0.5802,1.181,1.5674,1.651,1.4044,0.86873,0.1379,-0.67621,-1.4595,-2.1027,-2.5047,-2.5881,-2.3361,-1.8239,-1.1995,-0.62995,-0.24293,-0.095538,-0.15512,-0.32578,-0.5002,-0.60912,-0.64694,-0.65464,-0.68067,-0.74837,-0.85117,-0.96212,-1.059,-1.1406,-1.2178,-1.298,-1.3487,-1.2975,-1.0662,-0.63594,-0.075055,0.50603,1.006,1.3594,1.548,1.6019,1.5736,1.5081,1.4168,1.2788,1.0528,0.70995,0.25796,-0.2485,-0.72118,-1.0767,-1.2717,-1.3243,-1.2838,-1.1907,-1.0555,-0.85841,-0.56183,-0.13195,0.41527,1.0076,1.5422,1.92,2.0683,1.959,1.6233,1.1443,0.62221,0.13661,-0.26843
0.68025,0.40277,0.009599,-0.3279,-0.63399,-0.87423,-0.90165,-0.61374,-0.072048,0.56223,1.1299,1.5099,1.6169,1.4122,0.91724,0.21204,-0.59737,-1.3962,-2.0672,-2.4927,-2.5774,-2.2989,-1.7422,-1.0707,-0.46192,-0.047457,0.11264,0.048217,-0.14808,-0.36724,-0.52827,-0.61608,-0.6613,-0.71116,-0.78696,-0.8844,-0.98174,-1.0696,-1.1521,-1.2471,-1.3541,-1.4378,-1.4108,-1.1836,-0.7395,-0.15125,0.46007,0.98548,1.3579,1.5625,1.6266,1.6021,1.531,1.4235,1.256,0.99363,0.61702,0.1445,-0.3628,-0.81847,-1.1477,-1.3256,-1.378,-1.353,-1.2864,-1.1833,-1.0146,-0.73213,-0.30183,0.26104,0.87942,1.4428,1.8449,2.0089,1.9051,1.5648,1.0757,0.53802,0.030572,-0.40731
0.8199,0.56544,0.19752,-0.13076,-0.44773,-0.7073,-0.76248,-0.52575,-0.054082,0.51156,1.0373,1.4171,1.5634,1.4191,0.98328,0.31627,-0.48096,-1.2917,-1.9914,-2.4474,-2.543,-2.2442,-1.6455,-0.92908,-0.27957,0.16655,0.3484,0.28594,0.066045,-0.19929,-0.41985,-0.56004,-0.64377,-0.71525,-0.79992,-0.8949,-0.98424,-1.0653,-1.1489,-1.2538,-1.3793,-1.4799,-1.4657,-1.2448,-0.79838,-0.20305,0.41862,0.95828,1.3501,1.5742,1.6553,1.6373,1.5555,1.4176,1.2069,0.8977,0.48347,-0.0032109,-0.49016,-0.89368,-1.1598,-1.2923,-1.3356,-1.3365,-1.317,-1.265,-1.1384,-0.87886,-0.44508,0.14164,0.79123,1.3819,1.8023,1.9752,1.8728,1.5306,1.0285,0.47083,-0.0667,-0.54977
0.91976,0.69021,0.35078,0.038771,-0.2798,-0.55435,-0.64113,-0.45629,-0.048858,0.4605,0.95504,1.3382,1.5169,1.418,1.0272,0.39363,-0.38566,-1.1945,-1.9065,-2.3836,-2.4971,-2.1992,-1.5844,-0.84578,-0.17275,0.29339,0.49018,0.43265,0.20385,-0.082484,-0.33142,-0.4966,-0.59624,-0.67685,-0.76959,-0.86915,-0.96094,-1.0394,-1.1209,-1.2231,-1.3465,-1.4446,-1.4307,-1.218,-0.78488,-0.20606,0.40598,0.94648,1.3458,1.5838,1.6769,1.6625,1.5721,1.4126,1.1696,0.82719,0.39135,-0.092222,-0.54491,-0.88843,-1.0962,-1.1903,-1.2226,-1.2358,-1.2424,-1.2216,-1.123,-0.88119,-0.45613,0.12903,0.78175,1.3786,1.807,1.988,1.8912,1.5457,1.0395,0.46854,-0.093321,-0.61276
1.0443,0.85649,0.56362,0.28174,-0.030661,-0.32394,-0.46031,-0.3563,-0.0441,0.38418,0.83632,1.2243,1.446,1.4069,1.0745,0.49057,-0.25255,-1.0432,-1.7583,-2.2579,-2.403,-2.1291,-1.5181,-0.76379,-0.067806,0.42103,0.6332,0.58376,0.35567,0.06402,-0.19279,-0.36766,-0.47965,-0.57579,-0.687,-0.80217,-0.9026,-0.97899,-1.0493,-1.1339,-1.234,-1.314,-1.2931,-1.0924,-0.69277,-0.15091,0.43003,0.95111,1.3456,1.5883,1.691,1.6839,1.5896,1.4107,1.134,0.75445,0.30009,-0.15996,-0.54001,-0.78999,-0.90471,-0.94398,-0.9652,-0.99835,-1.0395,-1.0544,-0.98616,-0.76684,-0.35687,0.21753,0.86215,1.4535,1.8791,2.0589,1.9604,1.6134,1.0943,0.50141,-0.091633,-0.6525
1.1576,1.0183,0.77443,0.52886,0.22987,-0.076678,-0.26179,-0.24399,-0.032744,0.30954,0.71618,1.1067,1.3676,1.3836,1.1066,0.57424,-0.12397,-0.88092,-1.5796,-2.0868,-2.2659,-2.0396,-1.465,-0.72163,-0.013539,0.49746,0.73066,0.69684,0.48172,0.20048,-0.040857,-0.20447,-0.31806,-0.4333,-0.57072,-0.71615,-0.83455,-0.91375,-0.96446,-1.0119,-1.0654,-1.0978,-1.0496,-0.85826,-0.50545,-0.030406,0.48498,0.95839,1.3314,1.5708,1.683,1.6867,1.5955,1.4071,1.1191,0.73547,0.29691,-0.11949,-0.43077,-0.59423,-0.64784,-0.65013,-0.65769,-0.69534,-0.75243,-0.78814,-0.73769,-0.53893,-0.15369,0.39271,1.0107,1.5816,1.9952,2.17,2.0699,1.7181,1.1899,0.57735,-0.048158,-0.65423
1.234,1.1328,0.92463,0.70598,0.42123,0.11091,-0.10649,-0.15057,-0.016123,0.26031,0.6298,1.0188,1.3042,1.3565,1.1188,0.62527,-0.036349,-0.76002,-1.434,-1.9369,-2.1418,-1.9645,-1.4363,-0.71432,-0.002855,0.52655,0.7834,0.7675,0.56251,0.29082,0.059344,-0.092767,-0.19972,-0.31991,-0.47544,-0.64371,-0.78093,-0.86511,-0.90124,-0.91408,-0.91929,-0.90237,-0.82494,-0.64125,-0.32911,0.081351,0.53587,0.96654,1.313,1.5491,1.6672,1.6782,1.592,1.411,1.124,0.74762,0.33249,-0.038206,-0.28867,-0.40244,-0.41635,-0.40493,-0.41843,-0.46992,-0.53857,-0.57886,-0.53203,-0.33729,0.035319,0.55843,1.1482,1.6944,2.0914,2.258,2.1547,1.7998,1.2639,0.6381,-0.00663,-0.63748
1.3239,1.2733,1.1069,0.91953,0.65722,0.34939,0.09917,-0.018718,0.018912,0.20698,0.52435,0.90467,1.2136,1.3066,1.1159,0.67243,0.06238,-0.60958,-1.2394,-1.7238,-1.956,-1.8484,-1.3971,-0.72013,-0.015807,0.53249,0.81733,0.82679,0.6392,0.38453,0.16705,0.028853,-0.070458,-0.19385,-0.36962,-0.56395,-0.72688,-0.81746,-0.83487,-0.79748,-0.7281,-0.63745,-0.51064,-0.3239,-0.062564,0.26801,0.63275,0.98524,1.2812,1.4905,1.6051,1.6294,1.5669,1.4122,1.1626,0.83126,0.46826,0.1522,-0.050497,-0.12767,-0.13306,-0.1259,-0.14705,-0.20325,-0.2718,-0.30943,-0.25906,-0.073588,0.27237,0.7568,1.3076,1.8243,2.2048,2.366,2.2632,1.9097,1.3678,0.72449,0.050302,-0.61846
1.3815,1.3667,1.2257,1.0567,0.81191,0.51203,0.24536,0.081575,0.053795,0.17875,0.45549,0.82391,1.1432,1.2597,1.099,0.69011,0.11952,-0.50963,-1.1003,-1.5632,-1.808,-1.7498,-1.3616,-0.73066,-0.043037,0.5103,0.80843,0.83452,0.6657,0.42661,0.22446,0.095051,-0.0040445,-0.13643,-0.32711,-0.54225,-0.72221,-0.81479,-0.80945,-0.72159,-0.58831,-0.43324,-0.2684,-0.082783,0.14375,0.41084,0.70549,0.99589,1.2448,1.4305,1.5412,1.5763,1.5345,1.4122,1.199,0.91296,0.60067,0.32989,0.15437,0.081126,0.065983,0.055737,0.017839,-0.049322,-0.12074,-0.15426,-0.1016,0.081792,0.41419,0.87349,1.3952,1.8887,2.2581,2.4197,2.3235,1.9728,1.4313,0.77962,0.088905,-0.60099
1.4453,1.4725,1.3541,1.2013,0.97985,0.69921,0.42232,0.21077,0.10818,0.15638,0.37784,0.72368,1.0483,1.1866,1.0594,0.69247,0.17388,-0.39433,-0.92502,-1.3502,-1.6041,-1.6098,-1.3123,-0.75546,-0.10008,0.45367,0.76498,0.80888,0.65653,0.4298,0.23883,0.1152,0.013754,-0.12978,-0.33658,-0.56994,-0.75774,-0.84086,-0.79373,-0.63941,-0.42341,-0.19455,0.018811,0.2135,0.40257,0.59914,0.80561,1.0091,1.1894,1.33,1.4237,1.4714,1.4701,1.4053,1.2688,1.0598,0.81143,0.58138,0.41882,0.33022,0.28489,0.24115,0.17516,0.090568,0.012775,-0.020697,0.032989,0.20502,0.51461,0.94536,1.4413,1.9179,2.2809,2.4455,2.3589,2.0217,1.4846,0.83066,0.13067,-0.5741
1.4933,1.5538,1.4443,1.2959,1.097,0.84354,0.57081,0.3285,0.168,0.14971,0.31684,0.63237,0.95141,1.1026,1.001,0.67108,0.20416,-0.29929,-0.76304,-1.1411,-1.3948,-1.4607,-1.2615,-0.79125,-0.17687,0.37423,0.69981,0.75389,0.60167,0.36709,0.16577,0.036428,-0.062981,-0.20238,-0.40819,-0.64399,-0.83102,-0.89618,-0.80648,-0.58556,-0.292,0.0053364,0.26233,0.46468,0.62129,0.75492,0.88027,1.0026,1.1173,1.2176,1.2983,1.3572,1.3891,1.3829,1.3176,1.1903,1.0166,0.83212,0.67254,0.55266,0.4569,0.36321,0.25912,0.151,0.062033,0.024696,0.071407,0.23198,0.51763,0.91579,1.3836,1.8493,2.222,2.4102,2.3506,2.0362,1.5149,0.86732,0.16687,-0.54204
1.5188,1.5972,1.4852,1.332,1.1484,0.92001,0.65897,0.40419,0.21173,0.1527,0.28185,0.57133,0.88075,1.0368,0.95118,0.64723,0.21815,-0.23681,-0.64992,-0.99067,-1.2382,-1.3409,-1.2121,-0.80912,-0.23179,0.31181,0.64243,0.69607,0.53139,0.27836,0.056239,-0.082629,-0.17882,-0.30506,-0.49825,-0.72235,-0.90005,-0.94534,-0.82345,-0.55326,-0.2089,0.13292,0.41192,0.60917,0.741,0.83026,0.90513,0.97981,1.0541,1.1281,1.1988,1.2661,1.3249,1.3627,1.3521,1.2795,1.1502,0.99019,0.82961,0.68248,0.55141,0.42013,0.28475,0.15572,0.054351,0.0067475,0.039081,0.17839,0.43987,0.8186,1.2774,1.7457,2.1317,2.3421,2.3101,2.0214,1.5212,0.88579,0.18761,-0.52431
1.5389,1.6321,1.5043,1.3338,1.168,0.9775,0.74175,0.48421,0.26544,0.16657,0.25216,0.50551,0.79721,0.95576,0.88891,0.61858,0.2372,-0.15835,-0.50877,-0.79911,-1.0287,-1.1622,-1.1097,-0.79477,-0.27867,0.23755,0.55497,0.59208,0.4006,0.11156,-0.13952,-0.29083,-0.38148,-0.48928,-0.65514,-0.84807,-0.98623,-0.98626,-0.81123,-0.49262,-0.10827,0.25326,0.53504,0.71938,0.81897,0.87,0.90107,0.93211,0.97332,1.0207,1.0773,1.149,1.2366,1.3211,1.3794,1.376,1.2959,1.1514,0.97295,0.78801,0.60748,0.43597,0.27283,0.12367,0.0026877,-0.069438,-0.067687,0.031064,0.25097,0.59772,1.0456,1.5296,1.9534,2.2123,2.2281,1.981,1.5101,0.89497,0.2122,-0.48694
1.5447,1.6412,1.4849,1.2861,1.1345,0.98577,0.78457,0.53859,0.31202,0.19175,0.2448,0.46542,0.73788,0.89639,0.8457,0.60647,0.26776,-0.076051,-0.37057,-0.61087,-0.81192,-0.95503,-0.9553,-0.71802,-0.27214,0.19672,0.48047,0.48454,0.25201,-0.085758,-0.37621,-0.54261,-0.61875,-0.68907,-0.80355,-0.939,-1.0181,-0.96653,-0.74956,-0.40647,-0.01575,0.33569,0.5931,0.74202,0.80413,0.81768,0.82258,0.84379,0.88436,0.94111,1.0064,1.0833,1.1775,1.2843,1.3696,1.4014,1.3545,1.2273,1.0409,0.82649,0.60861,0.39993,0.20854,0.040601,-0.097094,-0.19454,-0.23475,-0.18735,-0.019205,0.2939,0.73895,1.251,1.7244,2.0433,2.119,1.9205,1.4909,0.90349,0.23597,-0.45514
1.5401,1.6327,1.4491,1.2224,1.078,0.96189,0.79164,0.56285,0.34236,0.21784,0.25738,0.46027,0.71979,0.8771,0.83592,0.61592,0.30474,-0.0036023,-0.25828,-0.46146,-0.63707,-0.77661,-0.80288,-0.61684,-0.22702,0.19723,0.44795,0.42035,0.14811,-0.23407,-0.56262,-0.74094,-0.79245,-0.81358,-0.86983,-0.95007,-0.9842,-0.8971,-0.66337,-0.31927,0.05277,0.37406,0.59211,0.70028,0.73025,0.72599,0.73185,0.76863,0.83333,0.90687,0.98017,1.0607,1.1591,1.2665,1.3627,1.4012,1.3513,1.2115,1.0072,0.7738,0.54158,0.32798,0.13606,-0.036005,-0.18793,-0.31241,-0.38979,-0.38978,-0.26454,0.024242,0.47386,1.0183,1.5403,1.9101,2.0308,1.8728,1.4694,0.90138,0.24931,-0.42924
1.524,1.6051,1.3789,1.1093,0.96908,0.89657,0.77011,0.57588,0.37784,0.26517,0.30453,0.49655,0.74437,0.89768,0.86298,0.6605,0.38054,0.11641,-0.087293,-0.24212,-0.38142,-0.50764,-0.55597,-0.42963,-0.11534,0.24209,0.44089,0.36529,0.039467,-0.39977,-0.77396,-0.95998,-0.97156,-0.9183,-0.8874,-0.88245,-0.84528,-0.71104,-0.46589,-0.15035,0.1602,0.39997,0.53596,0.57771,0.56532,0.55318,0.58382,0.67253,0.80007,0.92968,1.0341,1.113,1.1841,1.2602,1.3207,1.3328,1.2636,1.1048,0.87851,0.62603,0.38202,0.16564,-0.021251,-0.18725,-0.34183,-0.487,-0.61124,-0.66987,-0.60511,-0.35402,0.10014,0.69084,1.2838,1.7301,1.9198,1.8126,1.4511,0.9097,0.2711,-0.40267
1.5055,1.5752,1.3162,1.011,0.87047,0.82779,0.73624,0.57256,0.40192,0.31166,0.36525,0.56049,0.80448,0.95353,0.91854,0.72376,0.46359,0.22934,0.059698,-0.062825,-0.17675,-0.29067,-0.34814,-0.2567,0.004969,0.3087,0.46077,0.34675,-0.013051,-0.48178,-0.87312,-1.0546,-1.038,-0.93496,-0.84009,-0.76674,-0.66994,-0.50348,-0.2604,0.015202,0.25971,0.41853,0.47671,0.45845,0.41521,0.40905,0.47996,0.63109,0.82398,1.0024,1.1283,1.2011,1.245,1.2796,1.2957,1.2631,1.1506,0.95303,0.69805,0.43115,0.19018,-0.0082035,-0.17145,-0.31933,-0.47025,-0.63063,-0.78498,-0.89124,-0.8707,-0.63888,-0.1668,0.47115,1.121,1.6186,1.848,1.775,1.4313,0.90331,0.27689,-0.38563
1.4749,1.5286,1.2287,0.87712,0.73068,0.72077,0.6748,0.55686,0.4345,0.39191,0.48177,0.69561,0.94049,1.0823,1.0436,0.85383,0.61314,0.41002,0.2753,0.18578,0.10002,0.0039308,-0.057287,-0.0019983,0.19509,0.42584,0.51622,0.35964,-0.025499,-0.50919,-0.90222,-1.07,-1.0154,-0.85076,-0.6757,-0.52058,-0.35788,-0.1617,0.065853,0.28014,0.42625,0.4689,0.41286,0.30787,0.23184,0.25124,0.40053,0.65367,0.93859,1.1803,1.3322,1.3947,1.395,1.3568,1.2837,1.154,0.94949,0.6773,0.37461,0.090495,-0.13696,-0.30173,-0.4256,-0.54063,-0.67312,-0.83397,-1.0106,-1.1536,-1.1717,-0.95834,-0.46789,0.22109,0.93621,1.497,1.7794,1.7406,1.4256,0.91538,0.29585,-0.36921
1.4398,1.4806,1.1496,0.75783,0.59935,0.61197,0.60557,0.5359,0.47128,0.49123,0.63501,0.87954,1.1325,1.2676,1.2198,1.0301,0.7994,0.61283,0.49774,0.42939,0.36577,0.28857,0.23014,0.25804,0.39627,0.5613,0.60676,0.42927,0.043998,-0.42738,-0.80923,-0.95816,-0.86928,-0.64992,-0.41137,-0.19226,0.016213,0.23121,0.43278,0.58146,0.62943,0.5609,0.40413,0.23552,0.15099,0.22244,0.46021,0.808,1.1698,1.4571,1.6206,1.6602,1.6046,1.483,1.3012,1.0537,0.73612,0.36925,0.0032658,-0.30387,-0.51864,-0.64596,-0.72325,-0.7959,-0.89805,-1.0433,-1.2147,-1.3666,-1.3934,-1.1743,-0.65582,0.077729,0.84105,1.4435,1.7561,1.7388,1.4317,0.91944,0.29221,-0.38025
1.4116,1.4474,1.1026,0.6893,0.51813,0.53882,0.55555,0.52114,0.50288,0.57544,0.76605,1.0404,1.3024,1.4326,1.3751,1.179,0.94777,0.76531,0.65773,0.60044,0.55156,0.48926,0.43619,0.44863,0.54895,0.6707,0.68758,0.50596,0.13793,-0.30254,-0.65487,-0.78338,-0.6816,-0.4448,-0.17842,0.075735,0.31455,0.53922,0.72547,0.83086,0.81701,0.6784,0.46274,0.26615,0.19448,0.31528,0.61515,1.0141,1.4088,1.7057,1.8641,1.8867,1.7983,1.6191,1.3621,1.0209,0.6051,0.15477,-0.26463,-0.59308,-0.79902,-0.90413,-0.95658,-1.0045,-1.0805,-1.1977,-1.3437,-1.4681,-1.4721,-1.2343,-0.69737,0.05534,0.83489,1.4477,1.7651,1.7463,1.4366,0.92246,0.29385,-0.3823
1.3724,1.4108,1.0662,0.63642,0.44449,0.46244,0.49978,0.50798,0.55138,0.69528,0.95129,1.2695,1.5464,1.668,1.5918,1.3777,1.1354,0.95096,0.84942,0.80521,0.77458,0.7304,0.68509,0.68159,0.74251,0.81842,0.80596,0.63418,0.31336,-0.059562,-0.34745,-0.44627,-0.34457,-0.1136,0.16478,0.44525,0.7098,0.94061,1.1074,1.169,1.0975,0.90222,0.64917,0.44989,0.41671,0.59373,0.94616,1.3798,1.7835,2.0787,2.2215,2.2116,2.0721,1.8274,1.4822,1.0425,0.52497,-0.021143,-0.51712,-0.8864,-1.1078,-1.2071,-1.2412,-1.2626,-1.3043,-1.3771,-1.4645,-1.5225,-1.4586,-1.1656,-0.59908,0.1577,0.92673,1.5235,1.8225,1.7844,1.455,0.91946,0.26969,-0.42288
1.3317,1.385,1.0628,0.633,0.41765,0.41755,0.46272,0.50606,0.60627,0.81743,1.1361,1.4969,1.7868,1.8949,1.7917,1.551,1.2911,1.101,1.005,0.97387,0.95958,0.92998,0.89042,0.87621,0.91283,0.96413,0.94812,0.80756,0.55332,0.26101,0.037901,-0.039516,0.049243,0.2571,0.52558,0.80683,1.0757,1.3046,1.4567,1.4936,1.3945,1.1808,0.93264,0.76869,0.78701,1.0138,1.3883,1.811,2.1852,2.4397,2.5452,2.5061,2.3405,2.0607,1.6693,1.1672,0.57817,-0.03578,-0.58592,-0.99912,-1.2506,-1.377,-1.4339,-1.4634,-1.4856,-1.5038,-1.5084,-1.4606,-1.296,-0.93574,-0.34851,0.39115,1.1213,1.6692,1.9168,1.8352,1.4625,0.89429,0.22612,-0.47136
