-2.552,-2.8507,-3.0571,-3.2669,-3.4808,-3.6942,-3.8936,-4.0095,-3.958,-3.7455,-3.4877,-3.3138,-3.2665,-3.271,-3.2148,-3.0583,-2.8576,-2.6818,-2.5429,-2.3936,-2.1809,-1.9063,-1.6356,-1.4493,-1.3724,-1.3428,-1.2328,-0.955,-0.52897,-0.06119,0.34116,0.6147,0.74555,0.75394,0.66992,0.52565,0.34962,0.1728,0.012255,-0.13295,-0.2846,-0.463,-0.67168,-0.90408,-1.1602,-1.4561,-1.8285,-2.3107,-2.905,-3.5603,-4.135,-4.4532,-4.4196,-4.1039,-3.6891,-3.3329,-3.1174,-3.0498,-3.0829,-3.1391,-3.1331,-2.9985,-2.6936,-2.2167,-1.6114,-0.95831,-0.35134,0.13283,0.44816,0.58724,0.57083,0.4339,0.2135,-0.057869,-0.35373,-0.65206,-0.93552,-1.1874,-1.3973,-1.5623
-2.4844,-2.7258,-2.942,-3.2072,-3.5012,-3.801,-4.0674,-4.2042,-4.1255,-3.8695,-3.577,-3.3752,-3.2956,-3.2618,-3.1696,-2.9977,-2.8104,-2.67,-2.5739,-2.4592,-2.2609,-1.9791,-1.6869,-1.471,-1.363,-1.3067,-1.1845,-0.91633,-0.51995,-0.085977,0.28718,0.54548,0.67897,0.70513,0.64916,0.53816,0.39566,0.25004,0.11513,-0.0082994,-0.14302,-0.30397,-0.49831,-0.71984,-0.96556,-1.2539,-1.6137,-2.0755,-2.6453,-3.2703,-3.8291,-4.161,-4.1702,-3.9113,-3.5403,-3.2094,-3.0011,-2.9234,-2.9299,-2.9469,-2.9018,-2.7372,-2.4257,-1.9725,-1.4154,-0.81935,-0.26443,0.18201,0.472,0.59204,0.55756,0.40173,0.16315,-0.12279,-0.42734,-0.72979,-1.0047,-1.2422,-1.4347,-1.5811
-2.3895,-2.5571,-2.782,-3.1164,-3.5175,-3.9371,-4.2959,-4.4551,-4.3341,-4.0254,-3.7001,-3.4763,-3.3643,-3.2817,-3.1377,-2.937,-2.7553,-2.6493,-2.5995,-2.523,-2.3389,-2.0431,-1.7172,-1.4594,-1.3146,-1.2375,-1.1244,-0.8933,-0.55187,-0.17295,0.15843,0.39398,0.52673,0.57326,0.55871,0.50329,0.42625,0.34036,0.2541,0.15756,0.036106,-0.12021,-0.30673,-0.51371,-0.74053,-1.0026,-1.3278,-1.7423,-2.2497,-2.8028,-3.3049,-3.6311,-3.7017,-3.5436,-3.2757,-3.0185,-2.847,-2.7735,-2.7605,-2.7466,-2.669,-2.4863,-2.1819,-1.7644,-1.2661,-0.73858,-0.24489,0.1525,0.4097,0.50881,0.45761,0.28216,0.018199,-0.29513,-0.61973,-0.92462,-1.1839,-1.3863,-1.5329,-1.6332
-2.3143,-2.4294,-2.6572,-3.0377,-3.5147,-4.0229,-4.4491,-4.6191,-4.4651,-4.1254,-3.7892,-3.5616,-3.4337,-3.3157,-3.1308,-2.9033,-2.7183,-2.6293,-2.6058,-2.5506,-2.3712,-2.0627,-1.7126,-1.4279,-1.2614,-1.1778,-1.0836,-0.89375,-0.60344,-0.27461,0.020269,0.23604,0.36705,0.4318,0.45475,0.45108,0.43224,0.39965,0.35218,0.27572,0.16053,0.0026561,-0.18312,-0.38174,-0.59242,-0.8277,-1.1181,-1.4878,-1.935,-2.4255,-2.874,-3.1832,-3.293,-3.2202,-3.0455,-2.8659,-2.7444,-2.6944,-2.6858,-2.6648,-2.5815,-2.4017,-2.1125,-1.7223,-1.2598,-0.77055,-0.31389,0.059295,0.29972,0.38572,0.32137,0.13076,-0.15013,-0.4798,-0.81593,-1.1197,-1.363,-1.5377,-1.6481,-1.7074
-2.2079,-2.2587,-2.4854,-2.9152,-3.4807,-4.0966,-4.6032,-4.7811,-4.5881,-4.2242,-3.8947,-3.6794,-3.541,-3.3812,-3.1434,-2.8768,-2.6809,-2.6036,-2.6015,-2.562,-2.3822,-2.0571,-1.6822,-1.371,-1.1834,-1.0965,-1.0301,-0.90467,-0.69788,-0.45204,-0.21907,-0.034893,0.097545,0.19592,0.27756,0.35143,0.41459,0.45803,0.46407,0.41841,0.31143,0.15209,-0.039034,-0.23793,-0.43205,-0.63461,-0.86796,-1.1568,-1.512,-1.9048,-2.286,-2.5887,-2.7632,-2.8052,-2.762,-2.6982,-2.6643,-2.6721,-2.6957,-2.6906,-2.616,-2.4456,-2.1755,-1.8188,-1.4012,-0.95782,-0.53303,-0.18054,0.05503,0.14413,0.079865,-0.12231,-0.42813,-0.78836,-1.1452,-1.4498,-1.6595,-1.7735,-1.8129,-1.8076
-2.0926,-2.0883,-2.3073,-2.7693,-3.4017,-4.1029,-4.6719,-4.854,-4.6362,-4.2723,-3.9722,-3.7854,-3.6493,-3.4593,-3.1785,-2.8783,-2.6674,-2.5895,-2.591,-2.5504,-2.3622,-2.024,-1.6326,-1.3026,-1.0992,-1.0134,-0.97849,-0.92384,-0.8149,-0.66563,-0.50813,-0.36115,-0.22613,-0.090628,0.053843,0.20833,0.35984,0.48372,0.54946,0.53247,0.42916,0.25803,0.057816,-0.13607,-0.30914,-0.46832,-0.64202,-0.85783,-1.1281,-1.4473,-1.7804,-2.0832,-2.3191,-2.4755,-2.5683,-2.6331,-2.6999,-2.7758,-2.8423,-2.8675,-2.8189,-2.6788,-2.4437,-2.1229,-1.7362,-1.3133,-0.89439,-0.53349,-0.28034,-0.17163,-0.22162,-0.42068,-0.73705,-1.1184,-1.4964,-1.7963,-1.9831,-2.0469,-2.0154,-1.93
-1.9989,-1.96,-2.1694,-2.6425,-3.307,-4.0521,-4.6524,-4.8375,-4.6162,-4.2687,-4.0018,-3.845,-3.7182,-3.5162,-3.2149,-2.8969,-2.6752,-2.5904,-2.5844,-2.5339,-2.3358,-1.9894,-1.5898,-1.25,-1.0384,-0.95595,-0.94852,-0.94847,-0.91553,-0.84325,-0.74645,-0.63075,-0.49331,-0.32854,-0.13608,0.076588,0.28958,0.46888,0.5759,0.5808,0.4812,0.30392,0.09664,-0.095578,-0.25219,-0.38068,-0.50987,-0.67222,-0.88927,-1.1632,-1.4741,-1.7892,-2.076,-2.3154,-2.5067,-2.6684,-2.8173,-2.9552,-3.065,-3.1211,-3.0981,-2.982,-2.7714,-2.474,-2.1045,-1.6858,-1.2553,-0.86803,-0.58077,-0.43963,-0.4668,-0.6569,-0.97771,-1.3708,-1.7565,-2.0561,-2.2099,-2.2222,-2.136,-2.0037
-1.8619,-1.787,-1.9782,-2.4487,-3.1288,-3.9004,-4.519,-4.7118,-4.5115,-4.2075,-3.9959,-3.8861,-3.7815,-3.5802,-3.269,-2.9412,-2.7087,-2.6092,-2.5838,-2.5132,-2.3003,-1.9465,-1.542,-1.1956,-0.97807,-0.90053,-0.9252,-0.99001,-1.0508,-1.0806,-1.0667,-0.99733,-0.86031,-0.6601,-0.40846,-0.12511,0.15878,0.39873,0.54618,0.57044,0.47337,0.29369,0.087789,-0.091771,-0.22017,-0.30835,-0.38596,-0.49157,-0.65606,-0.89224,-1.1948,-1.5408,-1.9,-2.249,-2.5685,-2.856,-3.1119,-3.3307,-3.4983,-3.5943,-3.6103,-3.5341,-3.3611,-3.0916,-2.7326,-2.3025,-1.8361,-1.3957,-1.0456,-0.84019,-0.81029,-0.95886,-1.2594,-1.6528,-2.048,-2.3392,-2.4666,-2.4241,-2.2666,-2.0637
-1.7485,-1.654,-1.8284,-2.2841,-2.9546,-3.7209,-4.3373,-4.5416,-4.3764,-4.1212,-3.9572,-3.8843,-3.8023,-3.6122,-3.3067,-2.9823,-2.7462,-2.6343,-2.5902,-2.5013,-2.2784,-1.924,-1.5229,-1.1786,-0.95926,-0.8829,-0.92137,-1.0217,-1.1375,-1.2359,-1.2837,-1.2525,-1.1263,-0.90874,-0.62033,-0.29158,0.035158,0.30585,0.46801,0.49351,0.39478,0.21686,0.025471,-0.12919,-0.2292,-0.28599,-0.33539,-0.41547,-0.55759,-0.78229,-1.0874,-1.458,-1.8705,-2.297,-2.7158,-3.1071,-3.4503,-3.7262,-3.9227,-4.0439,-4.0729,-4.0166,-3.8723,-3.6322,-3.288,-2.8455,-2.3413,-1.8406,-1.4205,-1.1494,-1.0662,-1.1758,-1.4495,-1.8238,-2.2021,-2.4805,-2.5769,-2.4984,-2.3069,-2.0743
-1.5803,-1.4704,-1.6186,-2.0388,-2.6703,-3.3986,-3.993,-4.2224,-4.1283,-3.9567,-3.8618,-3.8362,-3.7851,-3.6203,-3.3391,-3.0333,-2.8015,-2.6767,-2.6082,-2.4967,-2.2661,-1.9209,-1.5352,-1.1992,-0.97555,-0.88893,-0.92448,-1.0496,-1.2208,-1.398,-1.5238,-1.5429,-1.4293,-1.192,-0.87037,-0.51233,-0.16848,0.1076,0.26925,0.29583,0.20277,0.042217,-0.1233,-0.24464,-0.30461,-0.3233,-0.33635,-0.38723,-0.51485,-0.74067,-1.0718,-1.4962,-1.9893,-2.5214,-3.0569,-3.5562,-3.9842,-4.3183,-4.5531,-4.6879,-4.7498,-4.7323,-4.6229,-4.4039,-4.0622,-3.6014,-3.0497,-2.4786,-1.9705,-1.5999,-1.4155,-1.4329,-1.6319,-1.9521,-2.2935,-2.5378,-2.6071,-2.4974,-2.2728,-2.0104
-1.3903,-1.2772,-1.3959,-1.7653,-2.3324,-2.9936,-3.551,-3.815,-3.8149,-3.7422,-3.7197,-3.7358,-3.7108,-3.5757,-3.3332,-3.0623,-2.8475,-2.7174,-2.6297,-2.5025,-2.2751,-1.9522,-1.5933,-1.2698,-1.0378,-0.9256,-0.93648,-1.0578,-1.2609,-1.4923,-1.6764,-1.7327,-1.6234,-1.3774,-1.0517,-0.70791,-0.39405,-0.15565,-0.026187,-0.015254,-0.10214,-0.23184,-0.35029,-0.41814,-0.42832,-0.40951,-0.39954,-0.44306,-0.57866,-0.82644,-1.1934,-1.6686,-2.231,-2.8524,-3.4955,-4.1082,-4.6272,-5.0024,-5.2257,-5.3397,-5.3703,-5.3486,-5.2719,-5.11,-4.8194,-4.3717,-3.7928,-3.145,-2.5333,-2.053,-1.7616,-1.675,-1.7716,-1.9946,-2.2528,-2.4408,-2.4763,-2.3534,-2.1236,-1.8557
-1.2327,-1.1239,-1.22,-1.5432,-2.0492,-2.6468,-3.1693,-3.463,-3.5426,-3.5521,-3.5843,-3.6268,-3.615,-3.4999,-3.2911,-3.0551,-2.862,-2.7355,-2.6402,-2.5089,-2.2924,-1.9948,-1.6638,-1.3555,-1.1178,-0.98036,-0.96009,-1.0575,-1.2559,-1.4991,-1.704,-1.7772,-1.6783,-1.44,-1.1326,-0.8193,-0.55316,-0.3714,-0.29585,-0.31948,-0.40485,-0.50304,-0.5644,-0.57086,-0.53753,-0.49216,-0.47851,-0.53426,-0.68754,-0.96128,-1.3564,-1.8652,-2.4733,-3.1577,-3.8755,-4.5595,-5.1182,-5.4837,-5.6616,-5.7215,-5.7262,-5.713,-5.6688,-5.5469,-5.2942,-4.8794,-4.3074,-3.6452,-2.9856,-2.4236,-2.0291,-1.8335,-1.8267,-1.9576,-2.1393,-2.2689,-2.2754,-2.1469,-1.9289,-1.6818
-1.0033,-0.90654,-0.97222,-1.2272,-1.6405,-2.1422,-2.613,-2.9447,-3.1341,-3.257,-3.3614,-3.431,-3.4261,-3.331,-3.1688,-2.9871,-2.8343,-2.7249,-2.6318,-2.5073,-2.3183,-2.0685,-1.7882,-1.5117,-1.27,-1.0934,-1.0145,-1.0534,-1.2052,-1.423,-1.6166,-1.6913,-1.6062,-1.3969,-1.1411,-0.90856,-0.74909,-0.68408,-0.70477,-0.77615,-0.84936,-0.88271,-0.85991,-0.79186,-0.70641,-0.6416,-0.63,-0.70277,-0.88594,-1.1907,-1.6226,-2.1771,-2.8434,-3.5996,-4.3997,-5.1458,-5.7119,-6.018,-6.0963,-6.0527,-5.9975,-5.9699,-5.958,-5.9117,-5.7614,-5.443,-4.9387,-4.2729,-3.5492,-2.8842,-2.3645,-2.0291,-1.8732,-1.8561,-1.9082,-1.9498,-1.9141,-1.785,-1.589,-1.3709
-0.75321,-0.67371,-0.70904,-0.89158,-1.2063,-1.608,-2.0226,-2.3841,-2.6745,-2.9078,-3.0818,-3.171,-3.1623,-3.0774,-2.9561,-2.8346,-2.7345,-2.6558,-2.5783,-2.4748,-2.3298,-2.1462,-1.9339,-1.7019,-1.46,-1.2382,-1.0835,-1.0386,-1.112,-1.2672,-1.4161,-1.4696,-1.3903,-1.2205,-1.0358,-0.9124,-0.88781,-0.96648,-1.1069,-1.2401,-1.3,-1.2596,-1.1424,-0.99575,-0.86773,-0.79265,-0.79748,-0.90314,-1.1222,-1.4625,-1.9219,-2.4974,-3.1883,-3.9879,-4.8445,-5.6395,-6.1921,-6.3898,-6.3052,-6.1235,-5.9778,-5.9267,-5.953,-5.9939,-5.9663,-5.7904,-5.4033,-4.814,-4.0832,-3.3289,-2.6664,-2.1657,-1.8426,-1.67,-1.5911,-1.5377,-1.4617,-1.3387,-1.1799,-1.012
-0.55424,-0.48921,-0.50213,-0.63067,-0.87106,-1.1983,-1.5695,-1.9443,-2.2977,-2.6054,-2.8284,-2.9298,-2.9142,-2.8309,-2.735,-2.6575,-2.6009,-2.5521,-2.494,-2.4151,-2.3137,-2.1915,-2.043,-1.8536,-1.6151,-1.3565,-1.1378,-1.0198,-1.0225,-1.1148,-1.2184,-1.2471,-1.1709,-1.029,-0.8984,-0.84951,-0.92075,-1.107,-1.3454,-1.5355,-1.5899,-1.4963,-1.3115,-1.1155,-0.96815,-0.89992,-0.92979,-1.0654,-1.3092,-1.6628,-2.1232,-2.6968,-3.3949,-4.2142,-5.1022,-5.9046,-6.402,-6.485,-6.2756,-5.9897,-5.7914,-5.7286,-5.7821,-5.8892,-5.9605,-5.8971,-5.623,-5.0937,-4.3692,-3.5739,-2.8339,-2.229,-1.7866,-1.4942,-1.3133,-1.1953,-1.0897,-0.97314,-0.84322,-0.7126
-0.27763,-0.23154,-0.2169,-0.27568,-0.42114,-0.65253,-0.96323,-1.3405,-1.7536,-2.1409,-2.4207,-2.5382,-2.5145,-2.4311,-2.3633,-2.3377,-2.3365,-2.3306,-2.3056,-2.2682,-2.2336,-2.2048,-2.1561,-2.0375,-1.8132,-1.5083,-1.2076,-0.99206,-0.89752,-0.8965,-0.92249,-0.90517,-0.82245,-0.71244,-0.64645,-0.68415,-0.86312,-1.1655,-1.5088,-1.7574,-1.8098,-1.6735,-1.4462,-1.2294,-1.0836,-1.0378,-1.0967,-1.2599,-1.5234,-1.8771,-2.322,-2.87,-3.5428,-4.3494,-5.235,-6.0218,-6.4463,-6.3875,-6.0183,-5.6145,-5.3435,-5.26,-5.3428,-5.526,-5.7159,-5.8059,-5.6842,-5.2862,-4.6107,-3.771,-2.9241,-2.1862,-1.6082,-1.1911,-0.90766,-0.71577,-0.58455,-0.48036,-0.38836,-0.30613
-0.065247,-0.031763,0.0013322,-0.008475,-0.087236,-0.25095,-0.51428,-0.8803,-1.317,-1.7436,-2.055,-2.185,-2.161,-2.0812,-2.0324,-2.0392,-2.073,-2.0964,-2.0975,-2.0939,-2.1121,-2.1569,-2.1904,-2.1361,-1.9342,-1.6049,-1.2492,-0.96626,-0.7991,-0.72607,-0.68755,-0.63066,-0.5401,-0.45272,-0.42562,-0.51248,-0.74138,-1.0927,-1.4775,-1.7572,-1.8257,-1.6963,-1.4722,-1.2622,-1.134,-1.1096,-1.1933,-1.3767,-1.643,-1.9821,-2.392,-2.8924,-3.5182,-4.2882,-5.1411,-5.8842,-6.2336,-6.0797,-5.6289,-5.1708,-4.8727,-4.7872,-4.8932,-5.125,-5.3861,-5.5619,-5.5401,-5.2174,-4.5876,-3.7542,-2.8748,-2.076,-1.4227,-0.92958,-0.58205,-0.35317,-0.20358,-0.10543,-0.038911,0.0056123
0.21858,0.23838,0.29331,0.34234,0.34476,0.26498,0.0671,-0.26803,-0.70678,-1.1538,-1.4876,-1.6317,-1.6163,-1.5505,-1.5274,-1.5688,-1.6379,-1.6924,-1.7246,-1.764,-1.8477,-1.9837,-2.1233,-2.1638,-2.0118,-1.6751,-1.2673,-0.909,-0.65432,-0.49174,-0.37861,-0.27626,-0.1784,-0.11093,-0.1146,-0.23078,-0.47954,-0.84219,-1.2364,-1.5359,-1.642,-1.5598,-1.3853,-1.2247,-1.142,-1.1603,-1.2744,-1.4642,-1.7079,-1.9879,-2.316,-2.7289,-3.2698,-3.9498,-4.7052,-5.3307,-5.567,-5.3435,-4.8678,-4.4017,-4.1045,-4.0221,-4.1407,-4.4065,-4.7329,-5.0055,-5.091,-4.8774,-4.3231,-3.5172,-2.6245,-1.7863,-1.0804,-0.53264,-0.1387,0.1233,0.27732,0.35752,0.39082,0.39619
0.49588,0.50599,0.57959,0.67915,0.7524,0.74895,0.61855,0.33218,-0.077224,-0.5094,-0.84008,-0.99209,-0.9933,-0.95047,-0.95356,-1.0204,-1.1123,-1.1882,-1.2449,-1.319,-1.4543,-1.6611,-1.8868,-2.0164,-1.934,-1.6277,-1.2091,-0.80823,-0.49089,-0.25969,-0.089218,0.046449,0.15012,0.20879,0.19397,0.081427,-0.1457,-0.46921,-0.82639,-1.1176,-1.2647,-1.2635,-1.1818,-1.1013,-1.0769,-1.1282,-1.2485,-1.4161,-1.604,-1.8048,-2.0341,-2.3337,-2.7472,-3.2871,-3.8763,-4.3437,-4.4867,-4.2616,-3.8366,-3.428,-3.1661,-3.1029,-3.2346,-3.5193,-3.879,-4.2017,-4.3552,-4.2208,-3.7594,-3.0407,-2.2049,-1.3867,-0.67326,-0.10586,0.30628,0.57645,0.72582,0.78562,0.78703,0.75487
0.69527,0.7007,0.78575,0.9172,1.0367,1.0858,1.0063,0.76597,0.39619,-0.0047797,-0.31705,-0.46862,-0.48468,-0.46215,-0.48386,-0.56463,-0.66699,-0.75257,-0.82155,-0.91328,-1.0734,-1.3139,-1.5844,-1.7701,-1.7457,-1.485,-1.09,-0.6875,-0.34909,-0.087347,0.1139,0.26691,0.37351,0.42485,0.40675,0.30447,0.11039,-0.16279,-0.47046,-0.74217,-0.91455,-0.97588,-0.96588,-0.94569,-0.96227,-1.0296,-1.1404,-1.271,-1.3986,-1.5191,-1.6594,-1.8663,-2.179,-2.5951,-3.0481,-3.3886,-3.4686,-3.2693,-2.9214,-2.5871,-2.3788,-2.3406,-2.4755,-2.7548,-3.1157,-3.4572,-3.651,-3.5761,-3.1864,-2.5444,-1.78,-1.0173,-0.33925,0.21051,0.61594,0.87992,1.0212,1.0679,1.0507,0.99683
0.94409,0.94613,1.043,1.2088,1.3808,1.4929,1.4814,1.3116,1.0123,0.67456,0.40415,0.26246,0.22869,0.22377,0.17989,0.086815,-0.021547,-0.11234,-0.18926,-0.29216,-0.46653,-0.72652,-1.028,-1.2641,-1.3125,-1.1323,-0.80318,-0.43948,-0.11321,0.15457,0.36636,0.52148,0.62135,0.6612,0.64193,0.5596,0.41563,0.21584,-0.01808,-0.24685,-0.4295,-0.54397,-0.60642,-0.65115,-0.70508,-0.7768,-0.85328,-0.91348,-0.94439,-0.95669,-0.98449,-1.0699,-1.2404,-1.4885,-1.7562,-1.9465,-1.9734,-1.8294,-1.5932,-1.3708,-1.2371,-1.2338,-1.3715,-1.6344,-1.9765,-2.3158,-2.5392,-2.5432,-2.2767,-1.7775,-1.1444,-0.48384,0.12269,0.62478,0.9978,1.2402,1.3606,1.3859,1.347,1.2726
1.1145,1.1156,1.2188,1.4042,1.6084,1.7626,1.8013,1.6888,1.4517,1.1725,0.94342,0.81573,0.77228,0.74899,0.69122,0.59328,0.48583,0.39696,0.32056,0.21743,0.043777,-0.21458,-0.51836,-0.77157,-0.86372,-0.75129,-0.49163,-0.18407,0.10527,0.3519,0.54417,0.68102,0.75974,0.78546,0.7634,0.69946,0.5938,0.44751,0.2693,0.081039,-0.08845,-0.21791,-0.30914,-0.37853,-0.44016,-0.49605,-0.53199,-0.53114,-0.4889,-0.42422,-0.37378,-0.375,-0.44765,-0.58236,-0.73233,-0.83318,-0.83281,-0.72935,-0.57223,-0.4276,-0.3516,-0.37553,-0.51185,-0.75352,-1.0681,-1.3906,-1.629,-1.6865,-1.5136,-1.1335,-0.62243,-0.068147,0.45734,0.90424,1.243,1.461,1.5677,1.5823,1.5316,1.4428
1.3157,1.3169,1.4245,1.6284,1.8664,2.0694,2.1721,2.1387,1.9908,1.7975,1.6312,1.5294,1.4797,1.4377,1.3669,1.2675,1.1666,1.0857,1.0157,0.91959,0.7579,0.51866,0.23541,-0.014906,-0.14709,-0.12368,0.022291,0.22483,0.43352,0.61972,0.76421,0.85542,0.89076,0.88102,0.8422,0.78844,0.7239,0.64441,0.54315,0.42309,0.29923,0.1886,0.10099,0.035635,-0.0085748,-0.024652,0.0024059,0.084552,0.21563,0.37083,0.51107,0.60496,0.64072,0.63017,0.59894,0.58301,0.60578,0.66651,0.74248,0.80227,0.81762,0.76738,0.63954,0.43346,0.16594,-0.12215,-0.3642,-0.492,-0.45744,-0.25608,0.074142,0.47285,0.87806,1.238,1.5163,1.6973,1.7754,1.7684,1.7024,1.6051
1.4828,1.4843,1.5916,1.8055,2.067,2.3102,2.4721,2.5169,2.4599,2.3545,2.2539,2.1834,2.1354,2.0826,2.0053,1.9095,1.8188,1.7492,1.6894,1.6057,1.4644,1.2569,1.0103,0.78076,0.62653,0.57499,0.60832,0.69094,0.79096,0.88514,0.95291,0.97521,0.94917,0.88704,0.81382,0.75191,0.71357,0.69261,0.6731,0.64065,0.59419,0.54391,0.50039,0.47238,0.46942,0.50523,0.59591,0.74841,0.95167,1.1744,1.3827,1.5524,1.6756,1.7575,1.8131,1.8544,1.8892,1.9184,1.9375,1.9387,1.9128,1.8492,1.7368,1.5683,1.3471,1.095,0.8522,0.66863,0.58613,0.62122,0.76371,0.98414,1.2425,1.4956,1.7046,1.8407,1.8968,1.8799,1.8084,1.7055
1.5833,1.5843,1.6885,1.9042,2.1768,2.4439,2.6462,2.7471,2.7565,2.7152,2.6629,2.6177,2.5751,2.5192,2.4407,2.3497,2.2676,2.2071,2.1565,2.0845,1.962,1.7819,1.566,1.3558,1.1933,1.097,1.0564,1.0515,1.0633,1.0759,1.0697,1.0257,0.94124,0.83051,0.72154,0.64479,0.61695,0.63563,0.67781,0.71979,0.74849,0.76361,0.77339,0.7885,0.82391,0.89831,1.0304,1.2267,1.4718,1.7368,1.9868,2.2002,2.3714,2.505,2.6052,2.6764,2.719,2.7339,2.7248,2.6969,2.6507,2.5829,2.4853,2.3478,2.1651,1.9437,1.7064,1.4867,1.319,1.2308,1.2346,1.3238,1.4732,1.6447,1.7972,1.8994,1.9343,1.9043,1.8261,1.7229
1.6813,1.6799,1.7757,1.9866,2.2655,2.5561,2.8047,2.9755,3.0679,3.1067,3.1154,3.1038,3.0719,3.0166,2.94,2.8565,2.7859,2.7379,2.7005,2.6461,2.5501,2.4063,2.2297,2.0462,1.8796,1.737,1.6137,1.5025,1.401,1.3012,1.1892,1.0486,0.8746,0.68493,0.51489,0.40309,0.37996,0.44766,0.58052,0.73601,0.88006,0.99602,1.0855,1.1628,1.2497,1.3717,1.5485,1.7858,2.07,2.3715,2.6624,2.9239,3.1487,3.3348,3.4803,3.5794,3.6283,3.6309,3.5991,3.5481,3.4902,3.4279,3.354,3.2542,3.1145,2.9276,2.6978,2.4414,2.1849,1.9593,1.7946,1.7105,1.7067,1.7596,1.8316,1.8859,1.8971,1.8606,1.7863,1.6927
1.7362,1.7291,1.8112,2.0096,2.2846,2.5886,2.8745,3.1067,3.2741,3.3849,3.4483,3.4678,3.4476,3.3952,3.322,3.2459,3.1867,3.152,3.1298,3.0944,3.0242,2.9137,2.7727,2.6152,2.449,2.2723,2.0813,1.8785,1.6718,1.4649,1.2513,1.017,0.75718,0.48854,0.25223,0.097822,0.072349,0.18659,0.41018,0.68113,0.94206,1.1595,1.3266,1.4591,1.5859,1.7389,1.9429,2.2055,2.5136,2.8413,3.1615,3.4568,3.7194,3.9438,4.1219,4.243,4.3004,4.2991,4.2563,4.1955,4.1348,4.0825,4.0332,3.9706,3.8725,3.7187,3.4987,3.2149,2.8848,2.542,2.2297,1.9883,1.8399,1.7778,1.7708,1.7777,1.7723,1.7357,1.6696,1.5877
1.748,1.7339,1.8022,1.9861,2.2517,2.5584,2.8655,3.1376,3.355,3.5141,3.6135,3.6533,3.6411,3.5906,3.5194,3.4486,3.3981,3.3743,3.3647,3.3446,3.2932,3.2051,3.0866,2.9449,2.779,2.5813,2.3483,2.088,1.8144,1.5381,1.257,0.9607,0.6463,0.33008,0.051889,-0.1279,-0.15502,-0.0075509,0.27674,0.62456,0.96162,1.2426,1.4559,1.6179,1.7634,1.927,2.1382,2.4076,2.7232,3.0628,3.3994,3.715,4.0001,4.2477,4.4445,4.5786,4.6427,4.6425,4.5982,4.5359,4.4792,4.4379,4.4069,4.3679,4.2949,4.1614,3.948,3.6493,3.2791,2.8693,2.4669,2.1219,1.8701,1.7193,1.6489,1.6232,1.6038,1.5736,1.5281,1.4733
1.7234,1.6959,1.7409,1.8992,2.1436,2.4438,2.7691,3.0844,3.3599,3.575,3.7158,3.778,3.773,3.7224,3.6516,3.5863,3.5472,3.5394,3.5486,3.5502,3.524,3.4629,3.3691,3.2424,3.074,2.8513,2.5723,2.2495,1.906,1.5588,1.211,0.85745,0.49424,0.13757,-0.17395,-0.37349,-0.39457,-0.20569,0.14946,0.57711,0.98442,1.3147,1.5575,1.7347,1.8841,2.0475,2.2543,2.5167,2.8291,3.1694,3.5163,3.8523,4.1646,4.4388,4.6608,4.8131,4.8872,4.8908,4.8473,4.788,4.7376,4.7102,4.7025,4.6946,4.6551,4.5489,4.3473,4.0357,3.6208,3.1339,2.6271,2.1621,1.792,1.5425,1.4044,1.3419,1.3183,1.3016,1.2788,1.2512
1.6743,1.6333,1.6575,1.7919,2.014,2.3016,2.6322,2.9723,3.2845,3.5359,3.7031,3.7783,3.7749,3.7207,3.6473,3.5842,3.5529,3.5579,3.5834,3.6031,3.596,3.5536,3.475,3.3559,3.1831,2.9421,2.6322,2.2709,1.8869,1.5047,1.1309,0.76092,0.38793,0.025279,-0.28659,-0.48118,-0.48562,-0.27051,0.11935,0.57903,1.0073,1.3476,1.5884,1.7549,1.8893,2.0334,2.2211,2.4676,2.7679,3.1053,3.4567,3.8034,4.1307,4.4229,4.6604,4.825,4.9078,4.917,4.8778,4.8228,4.7803,4.7646,4.7725,4.7831,4.7628,4.673,4.4802,4.1641,3.7284,3.202,2.6371,2.0992,1.6508,1.3314,1.1442,1.0616,1.0378,1.0394,1.0463,1.0525
1.5678,1.5035,1.4957,1.5928,1.7769,2.037,2.3628,2.7253,3.0772,3.3703,3.5674,3.6547,3.6474,3.5813,3.4982,3.4342,3.4127,3.4367,3.4877,3.5357,3.5555,3.5357,3.4728,3.3583,3.175,2.9078,2.5595,2.1559,1.7362,1.3322,0.95704,0.60081,0.25297,-0.077382,-0.34858,-0.49712,-0.45869,-0.21531,0.18139,0.63112,1.0412,1.3557,1.5666,1.6978,1.7898,1.8883,2.0282,2.231,2.5001,2.8204,3.1712,3.5307,3.878,4.1918,4.4497,4.6307,4.7258,4.7443,4.7127,4.6654,4.6321,4.6288,4.653,4.6843,4.6877,4.6206,4.4427,4.1298,3.6786,3.1141,2.4882,1.8723,1.3409,0.94988,0.71594,0.61539,0.60438,0.63732,0.68629,0.7398
1.4154,1.321,1.2765,1.3303,1.4681,1.6883,1.9949,2.366,2.748,3.0763,3.2989,3.3932,3.3739,3.2858,3.1826,3.1108,3.0984,3.1464,3.2299,3.3118,3.3613,3.363,3.3101,3.192,2.9913,2.6953,2.3117,1.8767,1.4389,1.0394,0.69402,0.39005,0.11134,-0.14,-0.33143,-0.40874,-0.32213,-0.061884,0.31863,0.72894,1.0843,1.3385,1.4848,1.5487,1.5727,1.5998,1.6703,1.8117,2.0324,2.3253,2.6676,3.0329,3.395,3.7282,4.0049,4.2029,4.312,4.3411,4.3175,4.2771,4.2507,4.2566,4.2941,4.343,4.3669,4.3203,4.1607,3.8565,3.4024,2.8217,2.1655,1.5047,0.91836,0.47277,0.20055,0.090851,0.099451,0.17571,0.2801,0.39029
1.2716,1.1503,1.0751,1.0935,1.1914,1.374,1.6563,2.0248,2.4232,2.7752,3.0155,3.1124,3.0789,2.9654,2.8376,2.7541,2.7479,2.8179,2.9319,3.0445,3.1187,3.1353,3.0854,2.9587,2.7399,2.4203,2.0137,1.5615,1.1209,0.74018,0.43693,0.19536,-0.010094,-0.18474,-0.30333,-0.32066,-0.19556,0.073851,0.43521,0.80422,1.1052,1.2989,1.3831,1.3849,1.3457,1.3093,1.3163,1.3981,1.5705,1.8305,2.1568,2.5209,2.8916,3.2372,3.5277,3.7381,3.857,3.8937,3.876,3.8405,3.8185,3.829,3.8722,3.9294,3.9654,3.9347,3.7912,3.5036,3.0618,2.4853,1.8228,1.1455,0.5354,0.064925,-0.22509,-0.33895,-0.3129,-0.20107,-0.048799,0.11317
1.0425,0.87965,0.76036,0.7281,0.76748,0.89012,1.1268,1.4791,1.8919,2.2736,2.5378,2.6371,2.577,2.4153,2.2389,2.1289,2.1299,2.236,2.4009,2.5638,2.6762,2.712,2.6612,2.5165,2.2676,1.9127,1.4742,1.0038,0.57135,0.23589,0.014506,-0.12103,-0.21174,-0.27449,-0.29211,-0.2265,-0.051192,0.22639,0.5553,0.86403,1.0917,1.2036,1.203,1.1172,0.98583,0.8538,0.76126,0.74607,0.83605,1.0371,1.3332,1.6893,2.0642,2.4195,2.7197,2.9394,3.0681,3.1145,3.1054,3.0757,3.058,3.0716,3.1193,3.1851,3.2358,3.2261,3.1102,2.8511,2.4382,1.8898,1.2519,0.59046,-0.019158,-0.50448,-0.81294,-0.92847,-0.88025,-0.72088,-0.5071,-0.28196
0.77362,0.56287,0.39682,0.31226,0.28897,0.34218,0.51831,0.83992,1.2591,1.6706,1.9635,2.0658,1.9711,1.7439,1.4967,1.3441,1.3493,1.5003,1.7296,1.9546,2.1118,2.1682,2.113,1.9427,1.6555,1.2596,0.78897,0.30878,-0.098392,-0.36678,-0.4847,-0.49781,-0.46604,-0.41788,-0.34156,-0.20903,0.0017474,0.28038,0.58314,0.8472,1.0159,1.0612,0.98405,0.81301,0.59145,0.36159,0.16822,0.052712,0.047922,0.17178,0.41161,0.73321,1.0916,1.4404,1.741,1.9644,2.0978,2.1497,2.1466,2.123,2.1088,2.1241,2.1732,2.2436,2.3067,2.3213,2.2401,2.028,1.6696,1.1789,0.59686,-0.017523,-0.59647,-1.0719,-1.3856,-1.5058,-1.4421,-1.2429,-0.97113,-0.68098
0.54861,0.29814,0.095872,-0.02762,-0.099122,-0.10248,0.019678,0.30867,0.72755,1.1638,1.4838,1.5916,1.468,1.1805,0.86356,0.66505,0.66977,0.86036,1.1468,1.4256,1.6207,1.694,1.6343,1.4411,1.1201,0.69096,0.20007,-0.27801,-0.65351,-0.8604,-0.89392,-0.81306,-0.69042,-0.56333,-0.4265,-0.25483,-0.027768,0.24797,0.53365,0.77177,0.90829,0.91485,0.7936,0.57374,0.29815,0.0097863,-0.24925,-0.43773,-0.51803,-0.46629,-0.28654,-0.010491,0.31455,0.63912,0.92199,1.1342,1.2637,1.3184,1.322,1.3054,1.2964,1.3138,1.3637,1.4382,1.5129,1.5486,1.5006,1.3304,1.0236,0.59363,0.077517,-0.47464,-1.0074,-1.4616,-1.7764,-1.9043,-1.8375,-1.617,-1.3093,-0.97669
0.22248,-0.085698,-0.33669,-0.51049,-0.64453,-0.72564,-0.68393,-0.45107,-0.03774,0.43639,0.8027,0.92705,0.76538,0.38466,-0.048638,-0.32992,-0.3329,-0.082309,0.29214,0.6517,0.90243,0.99987,0.93231,0.70474,0.33565,-0.13553,-0.64377,-1.1,-1.4128,-1.5228,-1.4404,-1.2423,-1.0145,-0.80113,-0.60352,-0.39613,-0.16016,0.10444,0.37003,0.58541,0.69912,0.67643,0.51944,0.2585,-0.062824,-0.40038,-0.71661,-0.97674,-1.1455,-1.1966,-1.123,-0.94702,-0.71134,-0.4623,-0.23824,-0.065552,0.045771,0.1008,0.11632,0.11496,0.11844,0.14362,0.20014,0.28635,0.38429,0.45825,0.46275,0.36214,0.14067,-0.18962,-0.59842,-1.0497,-1.5064,-1.9234,-2.2388,-2.3844,-2.326,-2.0849,-1.7307,-1.3399
-0.037946,-0.39216,-0.67941,-0.88761,-1.0651,-1.2027,-1.2252,-1.0417,-0.63651,-0.12939,0.2814,0.42745,0.24128,-0.21434,-0.75011,-1.1107,-1.1268,-0.82835,-0.38198,0.042559,0.33691,0.45217,0.37704,0.12241,-0.28151,-0.77641,-1.2807,-1.6998,-1.9476,-1.978,-1.8124,-1.5391,-1.2497,-0.99249,-0.76714,-0.55336,-0.32622,-0.078492,0.17311,0.38257,0.49475,0.4716,0.30953,0.038488,-0.29373,-0.64384,-0.97346,-1.2549,-1.467,-1.5861,-1.6093,-1.5464,-1.4226,-1.2717,-1.1245,-1.0016,-0.91402,-0.86144,-0.83466,-0.81775,-0.79801,-0.75828,-0.6863,-0.57988,-0.45429,-0.3443,-0.29318,-0.33915,-0.49404,-0.74566,-1.0695,-1.4408,-1.8357,-2.2186,-2.5282,-2.6867,-2.6366,-2.3885,-2.0111,-1.5871
-0.39961,-0.8183,-1.1512,-1.399,-1.6253,-1.8297,-1.9351,-1.8233,-1.4343,-0.87859,-0.39573,-0.20655,-0.41228,-0.96133,-1.6396,-2.1232,-2.1711,-1.8145,-1.2754,-0.76723,-0.41708,-0.27953,-0.36535,-0.65517,-1.0979,-1.6047,-2.0697,-2.4012,-2.5414,-2.4693,-2.2192,-1.8774,-1.5332,-1.2396,-1.0012,-0.80077,-0.60623,-0.39363,-0.16288,0.046983,0.17255,0.1677,0.023388,-0.22886,-0.53964,-0.86259,-1.1703,-1.4485,-1.6872,-1.8836,-2.0291,-2.1272,-2.1892,-2.2243,-2.2386,-2.2318,-2.2033,-2.1584,-2.1058,-2.0515,-1.9909,-1.9135,-1.8043,-1.6543,-1.4736,-1.2981,-1.1792,-1.1504,-1.2234,-1.3844,-1.6121,-1.8924,-2.2158,-2.5578,-2.8591,-3.0303,-2.9903,-2.7312,-2.3222,-1.8576
-0.76942,-1.2544,-1.6278,-1.9058,-2.1664,-2.4198,-2.5952,-2.5551,-2.1889,-1.5828,-1.0176,-0.76906,-0.9723,-1.5877,-2.3878,-2.9923,-3.0898,-2.7027,-2.0978,-1.5266,-1.1324,-0.97568,-1.0683,-1.3842,-1.8486,-2.3381,-2.7216,-2.9267,-2.9412,-2.7797,-2.4828,-2.1165,-1.7587,-1.4598,-1.235,-1.0654,-0.91777,-0.75104,-0.54529,-0.33301,-0.18194,-0.15445,-0.26321,-0.47534,-0.7371,-1.0017,-1.2459,-1.4719,-1.6956,-1.9292,-2.1801,-2.4463,-2.7183,-2.9786,-3.1971,-3.3409,-3.3924,-3.3627,-3.2828,-3.1813,-3.0716,-2.9414,-2.7684,-2.5395,-2.2716,-2.0146,-1.8239,-1.7457,-1.7763,-1.8892,-2.0587,-2.2762,-2.5423,-2.8417,-3.1196,-3.2828,-3.2407,-2.979,-2.5588,-2.0711
-1.0458,-1.5801,-1.9802,-2.2733,-2.5481,-2.8222,-3.035,-3.0429,-2.6976,-2.0574,-1.4287,-1.1276,-1.3119,-1.949,-2.8059,-3.4795,-3.6219,-3.2427,-2.6241,-2.0324,-1.6197,-1.4527,-1.5455,-1.8686,-2.3306,-2.7854,-3.0904,-3.1912,-3.1127,-2.8962,-2.5807,-2.219,-1.8742,-1.5934,-1.3939,-1.2618,-1.1604,-1.0349,-0.85274,-0.63765,-0.46397,-0.40314,-0.47346,-0.64299,-0.85613,-1.0643,-1.2501,-1.426,-1.6212,-1.8629,-2.1672,-2.5341,-2.9472,-3.3731,-3.7566,-4.0322,-4.1587,-4.1459,-4.0445,-3.9068,-3.7554,-3.5794,-3.3515,-3.0553,-2.7131,-2.3871,-2.1501,-2.0392,-2.0512,-2.152,-2.3086,-2.5096,-2.7568,-3.0377,-3.2983,-3.4455,-3.3902,-3.1101,-2.6691,-2.1633
-1.4038,-2.0014,-2.4314,-2.7345,-3.0117,-3.289,-3.5246,-3.5816,-3.2672,-2.5936,-1.887,-1.5123,-1.651,-2.2741,-3.1462,-3.8613,-4.0622,-3.74,-3.1622,-2.5905,-2.1805,-2.0071,-2.0923,-2.4034,-2.836,-3.2199,-3.4094,-3.3778,-3.1939,-2.9259,-2.6083,-2.275,-1.9696,-1.7317,-1.5806,-1.5095,-1.4764,-1.4107,-1.2592,-1.0378,-0.83407,-0.7284,-0.74785,-0.85902,-1.0017,-1.1308,-1.2356,-1.3408,-1.4891,-1.7211,-2.0606,-2.5136,-3.0652,-3.6705,-4.2509,-4.6992,-4.9325,-4.9524,-4.8355,-4.6623,-4.4663,-4.2337,-3.9289,-3.5372,-3.0959,-2.6875,-2.3946,-2.2622,-2.2778,-2.3957,-2.5694,-2.775,-3.0074,-3.2536,-3.4672,-3.5696,-3.4744,-3.1773,-2.7366,-2.2354
-1.6581,-2.3002,-2.7483,-3.0522,-3.3195,-3.5811,-3.8122,-3.891,-3.6019,-2.9161,-2.1633,-1.7349,-1.8271,-2.4109,-3.2512,-3.9573,-4.1931,-3.9407,-3.4334,-2.9103,-2.5225,-2.3504,-2.4238,-2.7145,-3.1112,-3.4329,-3.5348,-3.4178,-3.174,-2.885,-2.5796,-2.277,-2.0102,-1.8116,-1.7034,-1.6781,-1.6921,-1.6674,-1.5358,-1.3149,-1.095,-0.96743,-0.95693,-1.0276,-1.1192,-1.1887,-1.231,-1.2801,-1.3884,-1.6028,-1.9543,-2.4491,-3.0683,-3.7656,-4.448,-4.9944,-5.3042,-5.3667,-5.2604,-5.0769,-4.859,-4.5891,-4.2308,-3.7743,-3.2689,-2.8092,-2.4863,-2.3437,-2.366,-2.5013,-2.695,-2.9152,-3.1502,-3.3828,-3.5663,-3.6243,-3.4996,-3.183,-2.7325,-2.2284
-1.9693,-2.6659,-3.1335,-3.4319,-3.674,-3.8945,-4.092,-4.1767,-3.9225,-3.2423,-2.45,-1.9592,-1.9796,-2.4832,-3.241,-3.8967,-4.1642,-4.0206,-3.6402,-3.2124,-2.8723,-2.7063,-2.7567,-3.0064,-3.3412,-3.5786,-3.5839,-3.3834,-3.0931,-2.795,-2.5121,-2.2501,-2.0301,-1.8829,-1.8307,-1.8682,-1.9451,-1.973,-1.8714,-1.6578,-1.4292,-1.2799,-1.2341,-1.2542,-1.2827,-1.2799,-1.2507,-1.2369,-1.2959,-1.4815,-1.8254,-2.3351,-2.9939,-3.7542,-4.5261,-5.1751,-5.5741,-5.6924,-5.6106,-5.4318,-5.1989,-4.8986,-4.4908,-3.9706,-3.4018,-2.8932,-2.5416,-2.3906,-2.4248,-2.5875,-2.8133,-3.0541,-3.2831,-3.4774,-3.5975,-3.5905,-3.4128,-3.0797,-2.6447,-2.1722
-2.2396,-2.9846,-3.4693,-3.7591,-3.9678,-4.1299,-4.2688,-4.3368,-4.1144,-3.4656,-2.6614,-2.1215,-2.067,-2.4736,-3.1279,-3.7153,-4.0036,-3.9669,-3.7219,-3.4037,-3.1219,-2.9632,-2.9823,-3.1738,-3.4371,-3.5996,-3.5406,-3.2938,-2.982,-2.6842,-2.423,-2.2005,-2.0238,-1.9247,-1.9215,-2.0104,-2.1396,-2.2103,-2.148,-1.9567,-1.7389,-1.5792,-1.5075,-1.4873,-1.4613,-1.4006,-1.3144,-1.2493,-1.2666,-1.4191,-1.7389,-2.2339,-2.8883,-3.6592,-4.4586,-5.158,-5.6285,-5.8228,-5.7981,-5.6422,-5.4022,-5.065,-4.6079,-4.0458,-3.4513,-2.9296,-2.5717,-2.4186,-2.4526,-2.6195,-2.8539,-3.1008,-3.3213,-3.4814,-3.5428,-3.471,-3.2514,-2.9094,-2.4962,-2.0626
-2.4109,-3.1886,-3.6863,-3.9709,-4.1527,-4.265,-4.3494,-4.3927,-4.1912,-3.5786,-2.7832,-2.216,-2.1074,-2.4405,-3.0165,-3.555,-3.856,-3.8889,-3.735,-3.4936,-3.2547,-3.1006,-3.0929,-3.2349,-3.4441,-3.5606,-3.4719,-3.2081,-2.8854,-2.5855,-2.3385,-2.145,-2.0111,-1.9538,-1.9856,-2.0956,-2.2357,-2.3221,-2.2826,-2.1276,-1.938,-1.7969,-1.7201,-1.6734,-1.6102,-1.5083,-1.3856,-1.2905,-1.2823,-1.4106,-1.7065,-2.178,-2.8113,-3.5652,-4.3635,-5.0826,-5.5918,-5.83,-5.8383,-5.6958,-5.4499,-5.0983,-4.6246,-4.0494,-3.4488,-2.928,-2.5745,-2.4236,-2.4619,-2.6336,-2.8679,-3.1027,-3.2942,-3.4105,-3.4236,-3.3123,-3.0754,-2.7412,-2.3533,-1.9542
-2.5949,-3.4109,-3.93,-4.2127,-4.3614,-4.4042,-4.4086,-4.4081,-4.2298,-3.6766,-2.9114,-2.321,-2.1463,-2.3877,-2.8721,-3.3592,-3.6771,-3.7858,-3.7283,-3.5668,-3.3704,-3.2169,-3.1729,-3.2529,-3.3941,-3.46,-3.3484,-3.0787,-2.7492,-2.4483,-2.2129,-2.0522,-1.9694,-1.9632,-2.0308,-2.159,-2.3047,-2.406,-2.4012,-2.3023,-2.1686,-2.0608,-1.9858,-1.9132,-1.8099,-1.667,-1.5106,-1.3889,-1.3557,-1.4558,-1.7159,-2.1428,-2.7254,-3.4322,-4.1958,-4.912,-5.458,-5.7548,-5.8091,-5.6824,-5.418,-5.0315,-4.5341,-3.9634,-3.392,-2.9075,-2.5806,-2.4443,-2.4779,-2.63,-2.836,-3.0363,-3.1849,-3.2488,-3.2065,-3.0543,-2.8049,-2.4887,-2.1435,-1.8005
-2.7276,-3.5794,-4.1257,-4.4155,-4.5362,-4.5117,-4.4349,-4.3836,-4.2217,-3.7334,-3.0135,-2.4144,-2.1838,-2.3452,-2.7544,-3.2068,-3.5445,-3.712,-3.7227,-3.6135,-3.4393,-3.2748,-3.1916,-3.2157,-3.2961,-3.3191,-3.193,-2.9263,-2.6041,-2.3098,-2.089,-1.9566,-1.9067,-1.9291,-2.0118,-2.1407,-2.2861,-2.4002,-2.4451,-2.4168,-2.354,-2.2873,-2.2213,-2.1338,-2.0034,-1.8372,-1.6637,-1.5285,-1.4805,-1.5557,-1.7779,-2.1542,-2.6769,-3.3205,-4.0304,-4.7138,-5.2564,-5.5735,-5.6528,-5.5324,-5.2606,-4.8651,-4.3706,-3.8211,-3.2855,-2.8419,-2.553,-2.4359,-2.4773,-2.6235,-2.8036,-2.9534,-3.0319,-3.0229,-2.9267,-2.7452,-2.5098,-2.2379,-1.9486,-1.6591
-2.7954,-3.6737,-4.2456,-4.5467,-4.6511,-4.5796,-4.4435,-4.3526,-4.1976,-3.7572,-3.0789,-2.4821,-2.2183,-2.3283,-2.6908,-3.1238,-3.4753,-3.6777,-3.726,-3.6434,-3.4764,-3.2977,-3.1822,-3.164,-3.2036,-3.2004,-3.0657,-2.8024,-2.4862,-2.1974,-1.9897,-1.8767,-1.8478,-1.8841,-1.9693,-2.0866,-2.2188,-2.3356,-2.4134,-2.4451,-2.445,-2.4255,-2.3781,-2.286,-2.1428,-1.9637,-1.7843,-1.6479,-1.596,-1.6602,-1.859,-2.198,-2.6709,-3.2575,-3.9111,-4.5521,-5.0777,-5.4003,-5.4888,-5.3711,-5.0902,-4.6851,-4.1958,-3.6737,-3.183,-2.7883,-2.5358,-2.4447,-2.4871,-2.6115,-2.7565,-2.8679,-2.9091,-2.8638,-2.7345,-2.5428,-2.3061,-2.0502,-1.795,-1.553
-2.8492,-3.7631,-4.3763,-4.7004,-4.7884,-4.66,-4.4503,-4.3063,-4.1523,-3.7701,-3.1534,-2.5724,-2.277,-2.3317,-2.6435,-3.0535,-3.4166,-3.6517,-3.7348,-3.6748,-3.51,-3.3094,-3.1503,-3.0785,-3.0698,-3.0407,-2.9045,-2.6471,-2.3322,-2.0467,-1.8481,-1.7547,-1.746,-1.7947,-1.8722,-1.9722,-2.0837,-2.2013,-2.3121,-2.4115,-2.4929,-2.5425,-2.5366,-2.4578,-2.313,-2.1316,-1.9555,-1.8269,-1.7803,-1.8373,-2.0082,-2.2957,-2.6974,-3.2011,-3.7734,-4.3474,-4.8257,-5.1201,-5.1961,-5.0745,-4.8003,-4.4179,-3.9659,-3.491,-3.0514,-2.7066,-2.4989,-2.4347,-2.4912,-2.6112,-2.7264,-2.7826,-2.7553,-2.649,-2.4851,-2.2798,-2.0669,-1.8578,-1.6563,-1.4623
-2.8666,-3.8079,-4.4576,-4.8028,-4.8819,-4.7155,-4.4556,-4.2726,-4.1135,-3.7685,-3.2002,-2.6395,-2.3307,-2.3532,-2.6332,-3.0256,-3.3894,-3.6375,-3.7363,-3.6866,-3.521,-3.3059,-3.1189,-3.0112,-2.9724,-2.9286,-2.7904,-2.5358,-2.2217,-1.9369,-1.7476,-1.6662,-1.6682,-1.7134,-1.7768,-1.8499,-1.943,-2.06,-2.2007,-2.3494,-2.4878,-2.5856,-2.6137,-2.5556,-2.4216,-2.2508,-2.0867,-1.9705,-1.9335,-1.9892,-2.144,-2.3985,-2.7508,-3.1921,-3.6959,-4.2049,-4.6347,-4.9033,-4.9704,-4.8518,-4.5861,-4.22,-3.7977,-3.3658,-2.9755,-2.6758,-2.5015,-2.4572,-2.5127,-2.6146,-2.7029,-2.7306,-2.6762,-2.5443,-2.3582,-2.1492,-1.9386,-1.7421,-1.5649,-1.4054
-2.8669,-3.8464,-4.548,-4.9257,-4.9951,-4.7838,-4.4661,-4.2327,-4.0601,-3.7553,-3.2489,-2.7247,-2.412,-2.4029,-2.6458,-3.0096,-3.3607,-3.6099,-3.7163,-3.673,-3.5057,-3.2758,-3.0614,-2.9224,-2.8555,-2.7974,-2.6613,-2.413,-2.1003,-1.8142,-1.6216,-1.5413,-1.5493,-1.5938,-1.6403,-1.6809,-1.7399,-1.8459,-2.0097,-2.2156,-2.4257,-2.5925,-2.6741,-2.6537,-2.5483,-2.3989,-2.2569,-2.1643,-2.1455,-2.2088,-2.3513,-2.5685,-2.8589,-3.2211,-3.6342,-4.0516,-4.4031,-4.6207,-4.6703,-4.5595,-4.3277,-4.0105,-3.6439,-3.2671,-2.9265,-2.6693,-2.5285,-2.5064,-2.5729,-2.6694,-2.7328,-2.7197,-2.6198,-2.4515,-2.2465,-2.0361,-1.8384,-1.6654,-1.5172,-1.3883
-2.8501,-3.8701,-4.626,-5.0362,-5.0946,-4.8451,-4.4781,-4.199,-4.0074,-3.7307,-3.2804,-2.7987,-2.4963,-2.4687,-2.6773,-3.0042,-3.3253,-3.5546,-3.6532,-3.613,-3.452,-3.2219,-2.9981,-2.8405,-2.7564,-2.687,-2.5541,-2.3178,-2.0175,-1.7321,-1.5284,-1.4356,-1.4293,-1.4621,-1.4898,-1.5064,-1.5379,-1.6271,-1.7974,-2.038,-2.3049,-2.5383,-2.6858,-2.7229,-2.6617,-2.5496,-2.4385,-2.3721,-2.3754,-2.4464,-2.5757,-2.7557,-2.9876,-3.2719,-3.6014,-3.9383,-4.2216,-4.3925,-4.4243,-4.3302,-4.1352,-3.8721,-3.5683,-3.2537,-2.9661,-2.7482,-2.6313,-2.6247,-2.6941,-2.779,-2.817,-2.7712,-2.6408,-2.4512,-2.237,-2.0262,-1.8399,-1.6816,-1.5483,-1.4331
-2.8318,-3.8831,-4.6796,-5.1112,-5.1597,-4.8851,-4.4885,-4.1791,-3.971,-3.7066,-3.2924,-2.8441,-2.5554,-2.5202,-2.7044,-2.999,-3.2838,-3.4822,-3.5648,-3.5259,-3.3769,-3.1601,-2.9435,-2.7847,-2.6974,-2.6286,-2.5002,-2.272,-1.9759,-1.6877,-1.4798,-1.3788,-1.3639,-1.3814,-1.3884,-1.3779,-1.3857,-1.4615,-1.6345,-1.8942,-2.1954,-2.4762,-2.6773,-2.7651,-2.7462,-2.6637,-2.5741,-2.5256,-2.5424,-2.6233,-2.7528,-2.9159,-3.1096,-3.3408,-3.6023,-3.8709,-4.101,-4.2445,-4.2764,-4.2028,-4.0469,-3.8322,-3.5795,-3.3115,-3.0596,-2.8637,-2.7595,-2.754,-2.8203,-2.9004,-2.9304,-2.8713,-2.7236,-2.518,-2.2939,-2.0832,-1.8988,-1.7461,-1.6191,-1.5089
-2.8062,-3.8997,-4.7471,-5.1998,-5.2326,-4.9298,-4.5035,-4.1603,-3.9279,-3.6701,-3.294,-2.889,-2.62,-2.5789,-2.7346,-2.9785,-3.2,-3.3413,-3.3913,-3.3525,-3.2291,-3.0452,-2.8532,-2.7101,-2.6336,-2.5805,-2.4722,-2.2577,-1.9623,-1.6677,-1.449,-1.3371,-1.3077,-1.3034,-1.2784,-1.2308,-1.204,-1.2562,-1.4224,-1.6957,-2.0341,-2.3755,-2.6532,-2.8193,-2.8666,-2.8308,-2.772,-2.7445,-2.7762,-2.8633,-2.9847,-3.1207,-3.2673,-3.4301,-3.6183,-3.8132,-3.9822,-4.0928,-4.1293,-4.0934,-3.9994,-3.8582,-3.6772,-3.4695,-3.2617,-3.0933,-3.0001,-2.9962,-3.0552,-3.1207,-3.1332,-3.0591,-2.9021,-2.6925,-2.4674,-2.2553,-2.0732,-1.919,-1.7858,-1.6654
-2.7904,-3.9145,-4.7965,-5.2583,-5.276,-4.9556,-4.5152,-4.1523,-3.9008,-3.641,-3.2876,-2.9094,-2.6552,-2.6108,-2.743,-2.9452,-3.115,-3.2085,-3.2301,-3.1905,-3.0901,-2.9393,-2.7778,-2.656,-2.5973,-2.5612,-2.4705,-2.2695,-1.9823,-1.6884,-1.4652,-1.3446,-1.2995,-1.274,-1.2225,-1.1458,-1.09,-1.1175,-1.2691,-1.5447,-1.9073,-2.2952,-2.6359,-2.8688,-2.9708,-2.9743,-2.9381,-2.9208,-2.9584,-3.0455,-3.1581,-3.271,-3.3783,-3.4893,-3.6199,-3.7671,-3.9074,-4.0113,-4.062,-4.0611,-4.013,-3.9246,-3.798,-3.6385,-3.4657,-3.315,-3.2255,-3.2138,-3.2622,-3.321,-3.3316,-3.2564,-3.0955,-2.8801,-2.6505,-2.4384,-2.2528,-2.0952,-1.9558,-1.8248
-2.7788,-3.9417,-4.8609,-5.3241,-5.3172,-4.9805,-4.5327,-4.1513,-3.8722,-3.6024,-3.2631,-2.9106,-2.674,-2.6236,-2.7246,-2.8724,-2.975,-3.0073,-2.9922,-2.949,-2.8762,-2.7741,-2.6668,-2.5929,-2.5719,-2.566,-2.499,-2.3182,-2.046,-1.7605,-1.5388,-1.4111,-1.3484,-1.2939,-1.203,-1.0788,-0.9728,-0.95529,-1.0769,-1.3492,-1.7437,-2.1998,-2.633,-2.9601,-3.1401,-3.1891,-3.1724,-3.1597,-3.1915,-3.273,-3.3749,-3.4634,-3.5245,-3.5733,-3.6307,-3.7118,-3.8124,-3.9144,-3.9991,-4.0538,-4.079,-4.0677,-4.0126,-3.9117,-3.779,-3.6487,-3.5611,-3.5404,-3.5743,-3.6178,-3.6176,-3.5414,-3.3902,-3.1901,-2.9734,-2.762,-2.5742,-2.4016,-2.2366,-2.0735
-2.7818,-3.9805,-4.9249,-5.3764,-5.3406,-4.9943,-4.5509,-4.1613,-3.8553,-3.5618,-3.2195,-2.8773,-2.6483,-2.5924,-2.6667,-2.7671,-2.8118,-2.7929,-2.7464,-2.6997,-2.6528,-2.5989,-2.5502,-2.5358,-2.5652,-2.5994,-2.5626,-2.4066,-2.1544,-1.8848,-1.6735,-1.5468,-1.4755,-1.3949,-1.2576,-1.0701,-0.89575,-0.81952,-0.90445,-1.1714,-1.5973,-2.1213,-2.65,-3.0808,-3.3448,-3.4454,-3.445,-3.4234,-3.4363,-3.4902,-3.5586,-3.6063,-3.6193,-3.6094,-3.6145,-3.6577,-3.7419,-3.8531,-3.9725,-4.087,-4.1778,-4.2355,-4.2463,-4.2012,-4.1071,-3.9931,-3.9007,-3.8607,-3.8725,-3.9047,-3.9107,-3.8539,-3.725,-3.5419,-3.3345,-3.1286,-2.9299,-2.7396,-2.5504,-2.3569
-2.7959,-4.018,-4.9735,-5.4083,-5.3479,-4.9985,-4.566,-4.1765,-3.8513,-3.5308,-3.1749,-2.8293,-2.5989,-2.5385,-2.5966,-2.6689,-2.6801,-2.6311,-2.5671,-2.5213,-2.4946,-2.4757,-2.4705,-2.5017,-2.5723,-2.6401,-2.6302,-2.4969,-2.266,-2.0166,-1.8189,-1.6985,-1.6217,-1.5211,-1.3444,-1.1031,-0.86853,-0.73994,-0.79063,-1.0508,-1.5007,-2.0788,-2.6832,-3.1942,-3.5224,-3.6565,-3.6588,-3.6195,-3.6041,-3.6308,-3.6753,-3.6979,-3.6776,-3.6328,-3.5965,-3.6081,-3.6828,-3.8103,-3.9659,-4.1242,-4.266,-4.3712,-4.4227,-4.4085,-4.3332,-4.2246,-4.1251,-4.0712,-4.0684,-4.091,-4.0977,-4.0549,-3.9516,-3.7986,-3.6159,-3.4178,-3.2189,-3.0128,-2.7962,-2.5698
-2.8314,-4.0799,-5.0401,-5.4429,-5.3479,-4.9981,-4.5875,-4.2064,-3.8578,-3.4981,-3.1058,-2.7403,-2.4996,-2.4286,-2.4718,-2.5202,-2.5027,-2.429,-2.3526,-2.3122,-2.311,-2.3364,-2.3875,-2.4768,-2.6007,-2.7118,-2.7387,-2.6382,-2.4443,-2.232,-2.0672,-1.9673,-1.8864,-1.7526,-1.5143,-1.19,-0.86813,-0.66293,-0.66566,-0.91523,-1.397,-2.0471,-2.7516,-3.3681,-3.7803,-3.9535,-3.952,-3.8782,-3.8121,-3.7848,-3.7778,-3.7562,-3.7004,-3.6218,-3.5616,-3.5578,-3.6304,-3.7745,-3.967,-4.177,-4.3735,-4.5309,-4.6247,-4.6392,-4.5768,-4.4649,-4.3483,-4.2677,-4.242,-4.2584,-4.2826,-4.2769,-4.218,-4.1041,-3.948,-3.7671,-3.5629,-3.3405,-3.0996,-2.8427
-2.886,-4.1559,-5.1089,-5.4706,-5.3403,-4.9932,-4.611,-4.2428,-3.8734,-3.4662,-3.0236,-2.6233,-2.3649,-2.2831,-2.3195,-2.3611,-2.3364,-2.2578,-2.1816,-2.1502,-2.1721,-2.237,-2.34,-2.4834,-2.6572,-2.8079,-2.8644,-2.7948,-2.6362,-2.4651,-2.3451,-2.2784,-2.2097,-2.0477,-1.7407,-1.3194,-0.89859,-0.61366,-0.56888,-0.80783,-1.3194,-2.0341,-2.8331,-3.5553,-4.0491,-4.2591,-4.241,-4.1135,-3.9808,-3.8858,-3.8233,-3.7609,-3.6758,-3.5776,-3.5031,-3.4966,-3.583,-3.7572,-3.9892,-4.2403,-4.4729,-4.655,-4.7638,-4.7858,-4.7229,-4.6,-4.462,-4.3554,-4.3073,-4.3162,-4.3549,-4.3856,-4.3769,-4.3145,-4.1999,-4.0417,-3.8456,-3.6129,-3.3473,-3.058
-2.9385,-4.2203,-5.1619,-5.4897,-5.3333,-4.9898,-4.6299,-4.274,-3.8889,-3.4416,-2.9552,-2.5227,-2.2461,-2.1582,-2.1947,-2.2419,-2.2263,-2.1565,-2.0877,-2.0652,-2.1022,-2.1913,-2.3266,-2.506,-2.7128,-2.8903,-2.9672,-2.918,-2.7842,-2.6443,-2.556,-2.5163,-2.459,-2.2806,-1.9232,-1.4284,-0.93159,-0.58775,-0.50846,-0.74266,-1.2754,-2.039,-2.9041,-3.6948,-4.2412,-4.4669,-4.4291,-4.2593,-4.0728,-3.9278,-3.8243,-3.7331,-3.6314,-3.5283,-3.4554,-3.4554,-3.553,-3.7433,-3.996,-4.2674,-4.518,-4.7123,-4.8245,-4.8408,-4.7656,-4.6266,-4.4697,-4.3461,-4.2877,-4.2972,-4.3494,-4.404,-4.4246,-4.3915,-4.3026,-4.1633,-3.9751,-3.7442,-3.4746,-3.1755
-3.0219,-4.3133,-5.2342,-5.5155,-5.3261,-4.9888,-4.6568,-4.319,-3.9114,-3.4083,-2.8602,-2.3806,-2.0783,-1.9825,-2.0259,-2.094,-2.1069,-2.064,-2.0155,-2.0078,-2.06,-2.1719,-2.3395,-2.5573,-2.797,-3.0004,-3.0977,-3.0694,-2.9635,-2.8601,-2.8108,-2.807,-2.7602,-2.5573,-2.1341,-1.555,-0.97552,-0.56812,-0.45344,-0.68201,-1.2388,-2.0509,-2.9825,-3.8448,-4.4473,-4.6938,-4.6366,-4.4161,-4.1638,-3.9496,-3.786,-3.6533,-3.5324,-3.4279,-3.3687,-3.3904,-3.5133,-3.7291,-4.0039,-4.2914,-4.5475,-4.7368,-4.8365,-4.836,-4.7418,-4.582,-4.4053,-4.2616,-4.1905,-4.1996,-4.2658,-4.3475,-4.4028,-4.4044,-4.3434,-4.2258,-4.0485,-3.8184,-3.5428,-3.2338
-3.0919,-4.3861,-5.2886,-5.5351,-5.3243,-4.991,-4.678,-4.3509,-3.9259,-3.3808,-2.7878,-2.2757,-1.9548,-1.8536,-1.9055,-1.9958,-2.0384,-2.0254,-2,-2.0065,-2.0671,-2.1885,-2.3712,-2.6063,-2.8602,-3.0712,-3.176,-3.1577,-3.0677,-2.9808,-2.9548,-2.975,-2.9364,-2.7148,-2.2477,-1.6153,-0.99029,-0.55153,-0.42192,-0.64928,-1.2187,-2.0529,-3.0157,-3.9145,-4.5477,-4.8102,-4.7466,-4.5,-4.2088,-3.9509,-3.7467,-3.5833,-3.4463,-3.3416,-3.2924,-3.3302,-3.4714,-3.7045,-3.9918,-4.2838,-4.536,-4.7137,-4.7987,-4.7856,-4.682,-4.5139,-4.3263,-4.1756,-4.1008,-4.1114,-4.1832,-4.2722,-4.3357,-4.3474,-4.2991,-4.1877,-4.0223,-3.8007,-3.5266,-3.2128
-3.1907,-4.4832,-5.3565,-5.5606,-5.3269,-4.9965,-4.7028,-4.3838,-3.9343,-3.339,-2.6958,-2.1494,-1.8097,-1.7041,-1.7682,-1.8891,-1.9769,-2.0113,-2.0235,-2.0524,-2.1222,-2.2471,-2.4353,-2.6797,-2.9405,-3.1516,-3.2529,-3.2328,-3.1372,-3.0506,-3.0345,-3.0733,-3.0568,-2.8267,-2.3169,-1.6297,-0.96375,-0.50722,-0.37474,-0.60994,-1.1903,-2.0401,-3.0198,-3.9366,-4.5939,-4.8753,-4.8214,-4.5677,-4.2472,-3.9462,-3.6926,-3.4865,-3.3247,-3.2151,-3.1794,-3.2394,-3.4019,-3.6494,-3.9426,-4.2321,-4.4762,-4.6445,-4.7185,-4.6926,-4.5765,-4.3991,-4.2092,-4.054,-3.9771,-3.9889,-4.0669,-4.1663,-4.2385,-4.251,-4.1952,-4.0818,-3.9072,-3.6826,-3.4114,-3.1013
-3.2894,-4.5721,-5.4141,-5.5835,-5.3328,-5.0022,-4.7169,-4.397,-3.9217,-3.2862,-2.6102,-2.0452,-1.6989,-1.5942,-1.6704,-1.8192,-1.9508,-2.0341,-2.0863,-2.1377,-2.2137,-2.3345,-2.5138,-2.747,-2.9931,-3.1873,-3.2729,-3.2378,-3.1282,-3.0273,-2.9982,-3.0304,-3.0079,-2.7655,-2.2394,-1.5407,-0.8782,-0.43629,-0.32186,-0.56989,-1.1514,-1.9905,-2.952,-3.8575,-4.5248,-4.8461,-4.8354,-4.6017,-4.276,-3.9421,-3.6478,-3.4054,-3.2174,-3.0941,-3.0588,-3.1294,-3.3088,-3.5731,-3.8751,-4.1612,-4.3923,-4.5414,-4.6,-4.5696,-4.4607,-4.2978,-4.118,-3.9769,-3.9093,-3.922,-3.9917,-4.0764,-4.1341,-4.1366,-4.0743,-3.9457,-3.7648,-3.5283,-3.2394,-2.909
-3.3582,-4.6279,-5.4459,-5.5958,-5.336,-5.0029,-4.7165,-4.3887,-3.8941,-3.2375,-2.5496,-1.984,-1.6419,-1.5424,-1.6276,-1.7939,-1.9544,-2.0723,-2.1535,-2.2203,-2.2973,-2.4101,-2.5758,-2.7882,-3.0081,-3.1752,-3.2402,-3.1901,-3.0656,-2.9451,-2.8924,-2.9037,-2.8614,-2.6104,-2.0885,-1.4118,-0.77982,-0.36769,-0.2769,-0.53393,-1.1103,-1.9253,-2.8554,-3.7379,-4.4062,-4.7594,-4.7955,-4.6008,-4.29,-3.9517,-3.6361,-3.3644,-3.1495,-3.0107,-2.9705,-3.0474,-3.2375,-3.509,-3.8106,-4.0901,-4.3098,-4.4516,-4.5111,-4.4907,-4.3985,-4.2536,-4.0916,-3.9553,-3.8813,-3.885,-3.9516,-4.0401,-4.1007,-4.0964,-4.0149,-3.8672,-3.6579,-3.3923,-3.075,-2.7185
-3.4363,-4.6808,-5.4679,-5.5991,-5.3328,-4.9929,-4.6951,-4.3475,-3.8299,-3.1593,-2.4758,-1.9275,-1.6034,-1.517,-1.6119,-1.7956,-1.9871,-2.1445,-2.2598,-2.3432,-2.4171,-2.5113,-2.6477,-2.8192,-2.9911,-3.1098,-3.1365,-3.058,-2.9068,-2.7511,-2.6599,-2.6336,-2.5656,-2.31,-1.8112,-1.1794,-0.60252,-0.24439,-0.19235,-0.46599,-1.0294,-1.8072,-2.6861,-3.5262,-4.1911,-4.5869,-4.6965,-4.5737,-4.3047,-3.9725,-3.635,-3.3283,-3.08,-2.9185,-2.8716,-2.9541,-3.1555,-3.4361,-3.738,-4.0077,-4.2119,-4.3402,-4.3971,-4.3915,-4.3307,-4.2242,-4.089,-3.9709,-3.9011,-3.8986,-3.9541,-4.0318,-4.0839,-4.0703,-3.9716,-3.7856,-3.5339,-3.2202,-2.8573,-2.4635
-3.4937,-4.7028,-5.4596,-5.5807,-5.3124,-4.9623,-4.6426,-4.2697,-3.7346,-3.0687,-2.4117,-1.8999,-1.6071,-1.5371,-1.6383,-1.8312,-2.0437,-2.231,-2.3732,-2.4686,-2.5344,-2.6025,-2.699,-2.8205,-2.9369,-3.0023,-2.9826,-2.8677,-2.6823,-2.4877,-2.3541,-2.2861,-2.1923,-1.9383,-1.4777,-0.90707,-0.4009,-0.1051,-0.097069,-0.38477,-0.92872,-1.6567,-2.473,-3.2671,-3.9286,-4.3764,-4.5721,-4.5327,-4.3184,-4.0024,-3.6506,-3.3144,-3.0361,-2.8549,-2.8024,-2.892,-3.1059,-3.3944,-3.6925,-3.9453,-4.1283,-4.2431,-4.3038,-4.3212,-4.2972,-4.2293,-4.1287,-4.0142,-3.934,-3.9218,-3.9782,-4.0667,-4.1304,-4.1165,-3.9968,-3.7724,-3.4555,-3.0716,-2.6452,-2.2009
-3.519,-4.6944,-5.4291,-5.5471,-5.2804,-4.9217,-4.5809,-4.1869,-3.6449,-2.9935,-2.3694,-1.8959,-1.6326,-1.5766,-1.6803,-1.8748,-2.0965,-2.3,-2.4575,-2.558,-2.6148,-2.6602,-2.7229,-2.8038,-2.8749,-2.8984,-2.8441,-2.701,-2.487,-2.2617,-2.0942,-1.9964,-1.8875,-1.6447,-1.2215,-0.70522,-0.25521,-0.005324,-0.025184,-0.31594,-0.83898,-1.5275,-2.3012,-3.0675,-3.7317,-4.2141,-4.4672,-4.4879,-4.3162,-4.0202,-3.6665,-3.3154,-3.0204,-2.8299,-2.7773,-2.8756,-3.1012,-3.397,-3.6917,-3.9275,-4.0878,-4.1804,-4.2295,-4.2552,-4.2618,-4.2372,-4.1652,-4.0652,-3.976,-3.9431,-3.9855,-4.0797,-4.1671,-4.1779,-4.0618,-3.8064,-3.4367,-2.9893,-2.5032,-2.0094
-3.5253,-4.6468,-5.3519,-5.4701,-5.2095,-4.8386,-4.4686,-4.0477,-3.5048,-2.8858,-2.3184,-1.9057,-1.6872,-1.6512,-1.7558,-1.9463,-2.1715,-2.3874,-2.5583,-2.663,-2.7084,-2.7256,-2.7441,-2.7685,-2.776,-2.7396,-2.6364,-2.4527,-2.2002,-1.9367,-1.7317,-1.6051,-1.49,-1.2755,-0.91128,-0.46901,-0.087284,0.11026,0.066714,-0.21748,-0.70473,-1.3429,-2.0701,-2.8123,-3.4862,-4.0149,-4.3349,-4.4222,-4.3018,-4.0285,-3.6784,-3.3214,-3.0203,-2.8291,-2.7878,-2.9044,-3.1477,-3.4489,-3.7267,-3.9248,-4.0316,-4.0776,-4.1055,-4.145,-4.1962,-4.2263,-4.1969,-4.0953,-3.9769,-3.9152,-3.9521,-4.0733,-4.213,-4.2764,-4.1793,-3.8869,-3.4351,-2.8894,-2.3137,-1.751
-3.5074,-4.5833,-5.2663,-5.387,-5.1324,-4.7532,-4.3618,-3.924,-3.3862,-2.7995,-2.2806,-1.9168,-1.7342,-1.7133,-1.8168,-2.0006,-2.2227,-2.4418,-2.6187,-2.7266,-2.7674,-2.7689,-2.7583,-2.7408,-2.6988,-2.6139,-2.4688,-2.2502,-1.9696,-1.6828,-1.4595,-1.3225,-1.2125,-1.0255,-0.70994,-0.3231,0.0097872,0.17565,0.12135,-0.15104,-0.60782,-1.2084,-1.9025,-2.6281,-3.3101,-3.8689,-4.2358,-4.3714,-4.2853,-4.0307,-3.6844,-3.3265,-3.0277,-2.8466,-2.8201,-2.9543,-3.2112,-3.5133,-3.7716,-3.9268,-3.9834,-3.98,-3.9726,-4.004,-4.0803,-4.1579,-4.1624,-4.069,-3.926,-3.8317,-3.8584,-4.0084,-4.2105,-4.3395,-4.2702,-3.9521,-3.4267,-2.7971,-2.1539,-1.548
-3.4532,-4.4645,-5.117,-5.2423,-4.9973,-4.6092,-4.1923,-3.7367,-3.2137,-2.6756,-2.2237,-1.9255,-1.7886,-1.7863,-1.886,-2.0576,-2.2718,-2.4914,-2.6744,-2.7884,-2.8293,-2.8175,-2.7744,-2.7031,-2.5951,-2.4408,-2.2324,-1.9616,-1.6445,-1.3335,-1.0971,-0.9601,-0.86899,-0.73025,-0.48788,-0.17914,0.092193,0.22742,0.17486,-0.066154,-0.47453,-1.0251,-1.6838,-2.398,-3.0952,-3.6881,-4.0984,-4.2772,-4.2246,-3.9935,-3.6643,-3.3217,-3.042,-2.8852,-2.8907,-3.0558,-3.3287,-3.6149,-3.816,-3.8843,-3.8366,-3.7456,-3.6872,-3.712,-3.8204,-3.9482,-3.9932,-3.8977,-3.7242,-3.6031,-3.6326,-3.8276,-4.1121,-4.3322,-4.3116,-3.9617,-3.3527,-2.6271,-1.905,-1.2462
-3.3677,-4.3124,-4.9341,-5.0635,-4.829,-4.4354,-3.9986,-3.5319,-3.0295,-2.5416,-2.153,-1.9133,-1.8156,-1.8266,-1.9196,-2.0783,-2.2832,-2.5013,-2.6897,-2.8122,-2.8579,-2.8392,-2.7707,-2.6525,-2.4818,-2.2559,-1.9761,-1.6449,-1.2856,-0.95458,-0.71788,-0.59763,-0.54583,-0.47211,-0.31214,-0.082506,0.13633,0.25549,0.22442,0.030047,-0.32353,-0.82536,-1.4535,-2.1599,-2.8676,-3.4899,-3.9354,-4.145,-4.1186,-3.9064,-3.5965,-3.2784,-3.0297,-2.9099,-2.9505,-3.1404,-3.4136,-3.6613,-3.7806,-3.7336,-3.571,-3.3798,-3.2489,-3.2365,-3.346,-3.5044,-3.583,-3.5021,-3.321,-3.1916,-3.2359,-3.4807,-3.8444,-4.143,-4.1548,-3.7774,-3.0965,-2.3058,-1.5466,-0.87884
-3.2859,-4.1816,-4.7813,-4.9129,-4.6858,-4.2902,-3.8427,-3.3715,-2.8857,-2.4332,-2.0863,-1.8822,-1.8061,-1.8226,-1.9097,-2.0594,-2.2577,-2.4736,-2.6645,-2.7927,-2.8427,-2.8213,-2.7373,-2.589,-2.3733,-2.0933,-1.7575,-1.3778,-0.98588,-0.64319,-0.41162,-0.3116,-0.29694,-0.27721,-0.18187,-0.010113,0.17332,0.2882,0.28047,0.12546,-0.18574,-0.65444,-1.261,-1.9565,-2.6648,-3.2922,-3.7495,-3.9767,-3.9682,-3.7777,-3.4906,-3.1984,-2.9798,-2.892,-2.9599,-3.161,-3.4165,-3.6088,-3.64,-3.4937,-3.2364,-2.971,-2.789,-2.7456,-2.8397,-2.9955,-3.084,-3.0195,-2.8587,-2.7493,-2.8121,-3.0761,-3.4624,-3.7849,-3.8111,-3.4245,-2.7357,-1.9425,-1.1913,-0.54214
-3.1591,-3.994,-4.5661,-4.6991,-4.481,-4.0845,-3.6263,-3.1533,-2.6881,-2.2767,-1.9745,-1.8039,-1.7439,-1.7605,-1.8385,-1.9773,-2.1667,-2.3777,-2.5687,-2.7015,-2.7569,-2.7334,-2.6306,-2.4435,-2.1665,-1.811,-1.3977,-0.95547,-0.52766,-0.17598,0.043858,0.11621,0.085478,0.037692,0.049832,0.14409,0.2813,0.39566,0.42424,0.32533,0.068964,-0.3557,-0.93302,-1.6113,-2.3085,-2.9288,-3.3828,-3.6168,-3.6301,-3.4739,-3.2288,-2.9811,-2.8067,-2.7576,-2.8498,-3.0457,-3.2507,-3.3446,-3.2496,-2.9785,-2.6153,-2.2626,-2.0055,-1.8954,-1.933,-2.0514,-2.1326,-2.0964,-1.9828,-1.9199,-2.0166,-2.2966,-2.679,-2.9821,-2.9927,-2.6241,-1.9791,-1.2501,-0.5728,-0.0010921
-3.055,-3.8499,-4.4036,-4.5359,-4.3232,-3.9257,-3.4617,-2.9873,-2.5357,-2.1489,-1.8713,-1.7159,-1.6586,-1.6699,-1.7403,-1.871,-2.0528,-2.2575,-2.4449,-2.5778,-2.6345,-2.6067,-2.4872,-2.267,-1.9424,-1.5307,-1.0637,-0.58051,-0.1319,0.22388,0.43666,0.49317,0.43697,0.34749,0.30623,0.34923,0.45815,0.57388,0.62887,0.56525,0.34176,-0.056477,-0.61223,-1.2706,-1.9468,-2.5479,-2.9889,-3.2214,-3.2501,-3.1221,-2.9143,-2.7066,-2.5674,-2.5419,-2.6359,-2.8034,-2.9476,-2.958,-2.7762,-2.4301,-2.0094,-1.6079,-1.3014,-1.1351,-1.1107,-1.1735,-1.228,-1.208,-1.1406,-1.1238,-1.2432,-1.5128,-1.8559,-2.1138,-2.112,-1.7836,-1.2267,-0.59918,-0.016641,0.47193
-2.9104,-3.6612,-4.1951,-4.3258,-4.1171,-3.7169,-3.2443,-2.7673,-2.329,-1.9669,-1.7104,-1.5619,-1.4978,-1.4965,-1.5546,-1.6752,-1.8467,-2.0393,-2.2149,-2.3389,-2.3868,-2.3423,-2.1913,-1.9228,-1.5381,-1.061,-0.53239,-0.0042383,0.46896,0.83101,1.0392,1.0865,1.012,0.89222,0.80798,0.80788,0.89006,1.0031,1.0775,1.0405,0.84291,0.46614,-0.065738,-0.69163,-1.3267,-1.8827,-2.2899,-2.5138,-2.5617,-2.477,-2.3225,-2.1661,-2.0658,-2.055,-2.1313,-2.2426,-2.2971,-2.206,-1.9372,-1.5307,-1.0635,-0.61449,-0.24608,0.0026386,0.12521,0.15587,0.15702,0.1731,0.19281,0.15769,0.016821,-0.22865,-0.51019,-0.70653,-0.70024,-0.45781,-0.050043,0.40796,0.82904,1.1737
-2.765,-3.484,-4.0054,-4.135,-3.9267,-3.5209,-3.0378,-2.556,-2.1251,-1.7785,-1.5318,-1.3786,-1.2993,-1.2805,-1.3252,-1.4362,-1.5971,-1.7745,-1.9305,-2.032,-2.0534,-1.9749,-1.7803,-1.4599,-1.0203,-0.49058,0.081282,0.63931,1.1286,1.4988,1.7141,1.7719,1.7112,1.6013,1.5144,1.4996,1.5617,1.662,1.73,1.6929,1.4976,1.1291,0.61519,0.020846,-0.56894,-1.0758,-1.4423,-1.648,-1.7085,-1.6609,-1.5578,-1.4498,-1.3784,-1.366,-1.4028,-1.4425,-1.4128,-1.2504,-0.93834,-0.51033,-0.026963,0.45091,0.87277,1.2038,1.4303,1.5644,1.636,1.6705,1.6644,1.5944,1.4442,1.229,1.0036,0.84815,0.83157,0.96889,1.2119,1.4873,1.7354,1.9261
-2.6588,-3.363,-3.8803,-4.0104,-3.8,-3.3874,-2.8946,-2.4069,-1.9791,-1.6394,-1.3943,-1.2335,-1.1389,-1.1055,-1.1414,-1.2461,-1.3987,-1.5628,-1.6995,-1.7758,-1.7666,-1.653,-1.4201,-1.0599,-0.5828,-0.022084,0.57141,1.143,1.6415,2.0211,2.2504,2.3292,2.2943,2.2095,2.1409,2.1327,2.1907,2.2786,2.3298,2.275,2.0656,1.6915,1.1848,0.61202,0.054084,-0.4164,-0.75444,-0.94821,-1.0152,-0.99147,-0.91893,-0.83784,-0.77958,-0.75916,-0.76514,-0.7571,-0.67832,-0.48253,-0.15831,0.26923,0.75494,1.2506,1.7115,2.1017,2.4002,2.6056,2.7308,2.79,2.785,2.7076,2.5576,2.3578,2.1559,2.0106,1.9649,2.0225,2.1494,2.2943,2.4161,2.494
-2.5244,-3.2202,-3.7411,-3.8735,-3.6584,-3.2322,-2.7234,-2.2267,-1.8003,-1.4657,-1.2192,-1.0448,-0.92952,-0.87831,-0.90462,-1.0043,-1.1482,-1.2939,-1.4005,-1.436,-1.378,-1.21,-0.91999,-0.50523,0.017984,0.61058,1.2216,1.8034,2.3122,2.7084,2.9666,3.0849,3.0979,3.061,3.0328,3.0485,3.1101,3.1803,3.2,3.1086,2.8682,2.4756,1.9681,1.4129,0.88733,0.45464,0.14855,-0.029492,-0.10195,-0.10046,-0.057905,-0.0024686,0.045591,0.07916,0.10866,0.16455,0.28698,0.50758,0.83516,1.2561,1.741,2.2557,2.7632,3.227,3.6161,3.9111,4.1064,4.2042,4.2106,4.1343,3.9913,3.8091,3.6242,3.4729,3.3776,3.336,3.3267,3.3195,3.291,3.2298
-2.4014,-3.1019,-3.6354,-3.7741,-3.5523,-3.1088,-2.5811,-2.0745,-1.6488,-1.3184,-1.0701,-0.88317,-0.75074,-0.68724,-0.70891,-0.80733,-0.9457,-1.0745,-1.15,-1.1417,-1.0303,-0.8032,-0.45321,0.015939,0.58023,1.1984,1.8229,2.4125,2.9307,3.3458,3.6345,3.7971,3.8631,3.8818,3.9016,3.9485,4.0167,4.0688,4.0526,3.9189,3.6407,3.2233,2.7071,2.1593,1.6532,1.2454,0.96133,0.7949,0.71999,0.70476,0.72332,0.75755,0.79701,0.83941,0.89462,0.98339,1.1326,1.3652,1.6918,2.1086,2.5989,3.1373,3.69,4.2181,4.6833,5.0547,5.3139,5.4556,5.4866,5.4234,5.2903,5.1176,4.9355,4.7673,4.6227,4.4962,4.3745,4.2414,4.0866,3.9073
-2.3183,-3.0299,-3.5789,-3.7255,-3.4981,-3.0397,-2.4971,-1.9839,-1.5598,-1.2338,-0.98547,-0.79211,-0.65176,-0.58426,-0.60671,-0.70732,-0.84349,-0.96119,-1.0148,-0.97428,-0.82252,-0.5501,-0.15501,0.35236,0.94395,1.5779,2.2107,2.8063,3.333,3.7632,4.0757,4.271,4.3765,4.4359,4.4903,4.5593,4.6319,4.671,4.6281,4.4623,4.155,3.7159,3.1889,2.6406,2.1416,1.7452,1.4717,1.3106,1.2331,1.2078,1.2115,1.2317,1.2631,1.3068,1.372,1.4744,1.6356,1.8754,2.2053,2.6254,3.1258,3.6849,4.2708,4.8434,5.3597,5.7817,6.0848,6.2583,6.3102,6.2607,6.1377,5.9716,5.7883,5.6049,5.4263,5.2469,5.0568,4.8472,4.6147,4.3609
-2.2205,-2.9564,-3.5339,-3.6959,-3.461,-2.9812,-2.4187,-1.8983,-1.4799,-1.1636,-0.91973,-0.72474,-0.58181,-0.51661,-0.54665,-0.65454,-0.79107,-0.89752,-0.92602,-0.84664,-0.64421,-0.31374,0.13939,0.6952,1.3207,1.9736,2.6166,3.2204,3.7607,4.2125,4.557,4.7931,4.9445,5.0495,5.1424,5.2351,5.3115,5.3335,5.2576,5.0521,4.7066,4.239,3.6943,3.1388,2.6417,2.2504,1.9825,1.8239,1.7414,1.7043,1.6896,1.6882,1.701,1.7361,1.802,1.9143,2.0895,2.3426,2.6846,3.1196,3.6419,4.2334,4.8637,5.4912,6.0686,6.5514,6.9075,7.1243,7.2076,7.1791,7.0697,6.9102,6.7245,6.5245,6.3107,6.0761,5.8161,5.5271,5.2126,4.8794
-2.1567,-2.9172,-3.5221,-3.6996,-3.4597,-2.9632,-2.3875,-1.8641,-1.4538,-1.1481,-0.91195,-0.72143,-0.58315,-0.52562,-0.56604,-0.68334,-0.82394,-0.92586,-0.9395,-0.8344,-0.59664,-0.22507,0.26912,0.86016,1.5105,2.1775,2.8272,3.4363,3.986,4.4537,4.821,5.0846,5.2646,5.3965,5.5113,5.6171,5.6947,5.7045,5.6061,5.372,4.9982,4.5063,3.9447,3.3807,2.8811,2.4924,2.2275,2.0681,1.9796,1.9286,1.895,1.8735,1.869,1.8911,1.9522,2.0663,2.2484,2.5127,2.8698,3.3243,3.8709,4.4929,5.1597,5.8279,6.4473,6.9702,7.3625,7.6084,7.7148,7.7045,7.6084,7.4568,7.2714,7.0622,6.8287,6.5644,6.2657,5.9332,5.5734,5.1952
-2.085,-2.8844,-3.5333,-3.7362,-3.492,-2.9742,-2.3829,-1.8613,-1.4674,-1.1827,-0.96399,-0.78732,-0.6632,-0.62255,-0.68123,-0.81606,-0.96876,-1.072,-1.0718,-0.93672,-0.65545,-0.23287,0.31216,0.94738,1.6288,2.314,2.972,3.5874,4.1471,4.633,5.0268,5.3215,5.5334,5.6933,5.8287,5.9444,6.0186,6.0105,5.8822,5.6113,5.2004,4.6762,4.091,3.5125,3.0059,2.6152,2.3497,2.1871,2.0888,2.0191,1.9573,1.9013,1.8614,1.8535,1.8957,2.005,2.1969,2.4839,2.8737,3.3675,3.9578,4.6267,5.3427,6.0622,6.7332,7.306,7.7431,8.0278,8.1658,8.1803,8.1031,7.9644,7.7849,7.5726,7.3253,7.0369,6.705,6.3329,5.9305,5.51
-2.0279,-2.872,-3.5716,-3.8061,-3.5599,-3.0226,-2.4202,-1.9073,-1.5373,-1.2822,-1.091,-0.9378,-0.83608,-0.81811,-0.89996,-1.057,-1.2275,-1.3385,-1.3303,-1.1694,-0.84824,-0.37903,0.21121,0.88369,1.5908,2.29,2.9551,3.5757,4.1437,4.6446,5.0583,5.376,5.611,5.7905,5.9382,6.0562,6.1201,6.0902,5.9295,5.6223,5.1754,4.621,4.0121,3.4163,2.8996,2.5028,2.2339,2.0671,1.9579,1.8672,1.772,1.6714,1.5815,1.5275,1.5358,1.6323,1.8358,2.1557,2.5925,3.1402,3.7857,4.5086,5.2771,6.0471,6.7664,7.3841,7.8621,8.1831,8.3525,8.3937,8.3388,8.2176,8.0502,7.844,7.5965,7.3012,6.9569,6.568,6.1455,5.703
-1.9945,-2.8743,-3.6155,-3.8772,-3.6322,-3.0819,-2.4737,-1.9724,-1.6261,-1.3995,-1.2361,-1.1071,-1.0262,-1.0278,-1.1289,-1.3042,-1.4896,-1.6083,-1.5969,-1.4199,-1.0717,-0.57011,0.050784,0.74616,1.4665,2.1704,2.8367,3.4586,4.0322,4.5428,4.9683,5.2983,5.5432,5.7297,5.8799,5.9948,6.0486,6.0007,5.8166,5.4821,5.008,4.4283,3.7989,3.1891,2.6641,2.265,1.9961,1.8267,1.7092,1.5989,1.4723,1.3307,1.1945,1.0942,1.069,1.1509,1.3632,1.7137,2.1956,2.7937,3.4885,4.2567,5.0658,5.8723,6.6248,7.2729,7.7791,8.1251,8.3172,8.3793,8.3434,8.2395,8.087,7.8929,7.6543,7.3652,7.0236,6.6349,6.2107,5.7651
-1.9624,-2.891,-3.691,-3.9932,-3.7531,-3.1884,-2.5765,-2.0955,-1.7882,-1.6083,-1.4913,-1.4026,-1.3537,-1.3818,-1.5084,-1.7065,-1.9099,-2.0385,-2.0248,-1.8301,-1.4501,-0.90973,-0.25346,0.46472,1.1921,1.8909,2.5471,3.1638,3.7404,4.2605,4.699,5.0398,5.2911,5.4779,5.6227,5.7254,5.7601,5.6859,5.4692,5.0983,4.5877,3.9754,3.3198,2.6913,2.1552,1.7511,1.4808,1.3099,1.1835,1.0511,0.88332,0.6787,0.46213,0.28039,0.18782,0.2408,0.47242,0.88147,1.4411,2.1184,2.8842,3.712,4.5716,5.4224,6.2152,6.9006,7.4407,7.819,8.0409,8.1308,8.1216,8.0438,7.9177,7.75,7.5373,7.2719,6.9525,6.5829,6.1739,5.7396
-1.944,-2.92,-3.7801,-4.1278,-3.897,-3.321,-2.7093,-2.2537,-1.9923,-1.8683,-1.8068,-1.7653,-1.752,-1.8063,-1.9534,-2.1679,-2.383,-2.5155,-2.4953,-2.2825,-1.8753,-1.3059,-0.62835,0.09705,0.81551,1.4951,2.13,2.7324,3.3046,3.828,4.272,4.6155,4.8633,5.0403,5.1696,5.2525,5.2632,5.1604,4.9115,4.5058,3.9608,3.3166,2.6342,1.9858,1.4382,1.0312,0.76455,0.59748,0.46736,0.31392,0.10138,-0.17328,-0.48059,-0.76323,-0.93695,-0.92153,-0.67017,-0.19341,0.45662,1.2222,2.0622,2.9487,3.8537,4.7409,5.565,6.2793,6.848,7.253,7.5019,7.6198,7.6405,7.5951,7.5041,7.3744,7.2019,6.9791,6.7004,6.3694,5.996,5.5938
-1.9387,-2.9481,-3.8528,-4.2369,-4.0158,-3.4339,-2.8238,-2.3891,-2.1654,-2.0877,-2.0722,-2.0698,-2.0851,-2.1575,-2.3143,-2.5334,-2.7478,-2.8741,-2.842,-2.6134,-2.1899,-1.6088,-0.92866,-0.21336,0.48491,1.1387,1.75,2.3351,2.899,3.4198,3.8626,4.2021,4.4405,4.6031,4.7142,4.7767,4.7656,4.6403,4.3682,3.9396,3.3721,2.7069,2.006,1.3431,0.78669,0.37719,0.11361,-0.047866,-0.17662,-0.33783,-0.57541,-0.89891,-1.2799,-1.6474,-1.8987,-1.9189,-1.646,-1.1065,-0.38297,0.44653,1.3341,2.2527,3.18,4.085,4.926,5.6576,6.2435,6.667,6.9341,7.0707,7.1121,7.0916,7.0315,6.9391,6.8093,6.6313,6.3991,6.1124,5.7789,5.4106
-1.9427,-2.992,-3.9533,-4.388,-4.1842,-3.597,-2.9891,-2.5827,-2.4118,-2.3997,-2.4495,-2.5019,-2.555,-2.647,-2.806,-3.015,-3.2091,-3.3093,-3.2511,-3.0006,-2.5634,-1.9813,-1.3172,-0.63507,0.017044,0.61983,1.1853,1.7364,2.2799,2.7905,3.2247,3.5504,3.767,3.8995,3.9757,4.0025,3.9583,3.8049,3.5078,3.057,2.4676,1.7814,1.0598,0.37835,-0.19088,-0.60418,-0.86157,-1.0106,-1.1278,-1.2905,-1.5518,-1.9283,-2.3921,-2.8645,-3.2074,-3.2702,-2.9729,-2.3631,-1.5608,-0.66884,0.25709,1.1958,2.1329,3.0448,3.8946,4.6385,5.24,5.68,5.9651,6.1227,6.1909,6.2066,6.1945,6.1627,6.1041,6.0049,5.8523,5.6422,5.3794,5.0744
-1.9538,-3.0285,-4.029,-4.5024,-4.3148,-3.725,-3.1184,-2.7319,-2.6007,-2.6388,-2.7384,-2.8315,-2.9111,-3.0132,-3.1643,-3.3506,-3.5133,-3.5806,-3.495,-3.2278,-2.7869,-2.2154,-1.5769,-0.93343,-0.32987,0.22166,0.74136,1.2593,1.7827,2.2815,2.704,3.0122,3.2026,3.302,3.3423,3.3365,3.2675,3.0975,2.7917,2.3343,1.7385,1.0417,0.307,-0.38758,-0.96801,-1.3847,-1.6368,-1.7736,-1.8752,-2.0271,-2.289,-2.6827,-3.1831,-3.7069,-4.0995,-4.1871,-3.8795,-3.2397,-2.4108,-1.5084,-0.58546,0.34058,1.262,2.1614,3.0051,3.7498,4.3565,4.804,5.097,5.2638,5.3461,5.386,5.4126,5.4351,5.4443,5.4196,5.3442,5.2077,5.011,4.7631
-1.9795,-3.0814,-4.128,-4.6525,-4.4905,-3.8987,-3.2921,-2.928,-2.8457,-2.9482,-3.1104,-3.2527,-3.3621,-3.4694,-3.5979,-3.7364,-3.8386,-3.8481,-3.719,-3.4299,-2.9924,-2.4488,-1.8591,-1.283,-0.75893,-0.28926,0.15886,0.62655,1.1201,1.599,1.9994,2.2738,2.4165,2.4573,2.437,2.3783,2.2743,2.0906,1.789,1.3448,0.76,0.067078,-0.67404,-1.3832,-1.9796,-2.4093,-2.6631,-2.7854,-2.8594,-2.975,-3.203,-3.5758,-4.0723,-4.6008,-5.0023,-5.0907,-4.7857,-4.1686,-3.3865,-2.5439,-1.6896,-0.83017,0.034432,0.89209,1.7109,2.4446,3.0479,3.4934,3.7828,3.9474,4.0369,4.1035,4.1846,4.2913,4.4084,4.5056,4.5524,4.5308,4.4373,4.2791
-2.0177,-3.1382,-4.2231,-4.7972,-4.6652,-4.0732,-3.4627,-3.1142,-3.0703,-3.2252,-3.4393,-3.6209,-3.7522,-3.8566,-3.9532,-4.0317,-4.0621,-4.0074,-3.8348,-3.5293,-3.1046,-2.6008,-2.072,-1.5716,-1.1312,-0.74477,-0.36719,0.050076,0.51282,0.96722,1.3372,1.5658,1.6464,1.6134,1.5197,1.4015,1.2659,1.0834,0.80822,0.40182,-0.14747,-0.81717,-1.5501,-2.2654,-2.8781,-3.3234,-3.5829,-3.6926,-3.7334,-3.8018,-3.9726,-4.2785,-4.6962,-5.1388,-5.4594,-5.5181,-5.2634,-4.7596,-4.1169,-3.4193,-2.6962,-1.9536,-1.1868,-0.40175,0.37192,1.0817,1.6691,2.097,2.3613,2.4971,2.5677,2.6437,2.7771,2.9812,3.2293,3.4731,3.6654,3.7766,3.7986,3.7386
-2.0549,-3.1841,-4.2916,-4.9014,-4.7942,-4.2039,-3.5884,-3.2454,-3.2203,-3.4009,-3.6406,-3.8424,-3.9848,-4.0856,-4.1573,-4.1912,-4.1701,-4.071,-3.8701,-3.5566,-3.1452,-2.674,-2.1919,-1.7455,-1.3625,-1.0312,-0.69958,-0.31522,0.12491,0.55814,0.89779,1.0846,1.1111,1.0187,0.86587,0.70391,0.54864,0.37618,0.13501,-0.22652,-0.73349,-1.3741,-2.0938,-2.8099,-3.4316,-3.8886,-4.1528,-4.2538,-4.2714,-4.298,-4.4136,-4.651,-4.9856,-5.3315,-5.5696,-5.5922,-5.3765,-4.9808,-4.4835,-3.934,-3.3493,-2.7233,-2.0459,-1.3227,-0.58804,0.096847,0.66456,1.0658,1.294,1.3881,1.4233,1.4879,1.6505,1.9291,2.2858,2.6515,2.9636,3.1833,3.2983,3.3152
-2.1161,-3.25,-4.3805,-5.0343,-4.9632,-4.3775,-3.7532,-3.4078,-3.3905,-3.5832,-3.8337,-4.0464,-4.1986,-4.2973,-4.3444,-4.3319,-4.2572,-4.112,-3.8824,-3.5632,-3.1708,-2.7399,-2.3126,-1.9276,-1.6065,-1.3314,-1.0454,-0.69491,-0.28401,0.11667,0.41172,0.54045,0.4979,0.32887,0.10044,-0.12241,-0.30378,-0.45445,-0.63479,-0.91905,-1.359,-1.951,-2.6431,-3.346,-3.9653,-4.4288,-4.7048,-4.8109,-4.8098,-4.7931,-4.835,-4.9698,-5.176,-5.3843,-5.5048,-5.4862,-5.3344,-5.0898,-4.7873,-4.4411,-4.0427,-3.5752,-3.0237,-2.39,-1.7104,-1.0581,-0.52096,-0.16228,0.0013677,0.0124,-0.034019,-0.01571,0.16727,0.53979,1.0413,1.571,2.0384,2.3941,2.6245,2.7391
-2.171,-3.3036,-4.4457,-5.1297,-5.087,-4.5069,-3.875,-3.5205,-3.4953,-3.6784,-3.9188,-4.1274,-4.2845,-4.3879,-4.4277,-4.3958,-4.2965,-4.1294,-3.8861,-3.5658,-3.1868,-2.7813,-2.3862,-2.0348,-1.7446,-1.4956,-1.2314,-0.89878,-0.50798,-0.13402,0.12707,0.21305,0.12369,-0.096067,-0.37256,-0.63262,-0.82573,-0.9553,-1.0897,-1.32,-1.712,-2.2671,-2.9318,-3.6161,-4.2241,-4.6889,-4.9729,-5.084,-5.0786,-5.0365,-5.0338,-5.1045,-5.2294,-5.3479,-5.401,-5.36,-5.242,-5.0811,-4.8973,-4.6852,-4.4175,-4.064,-3.597,-3.0156,-2.3653,-1.7339,-1.2188,-0.89456,-0.7801,-0.8329,-0.95038,-0.98895,-0.81867,-0.39985,0.19194,0.82438,1.3927,1.8365,2.1409,2.3178
-2.2565,-3.3814,-4.531,-5.2505,-5.2476,-4.6789,-4.0349,-3.6593,-3.6058,-3.7526,-3.9566,-4.1464,-4.3085,-4.4291,-4.4781,-4.4426,-4.332,-4.1534,-3.9038,-3.5867,-3.2235,-2.8441,-2.4781,-2.1533,-1.8821,-1.6455,-1.3901,-1.0705,-0.70272,-0.36743,-0.15673,-0.1271,-0.27351,-0.54447,-0.86181,-1.1456,-1.3373,-1.4398,-1.5261,-1.7049,-2.0477,-2.5648,-3.1946,-3.8441,-4.4271,-4.8758,-5.1614,-5.2866,-5.2899,-5.2411,-5.206,-5.2154,-5.2537,-5.2777,-5.2504,-5.1745,-5.0837,-5.0085,-4.9487,-4.874,-4.7397,-4.496,-4.1101,-3.5822,-2.9626,-2.3479,-1.8486,-1.5488,-1.4772,-1.5938,-1.7879,-1.8963,-1.7645,-1.3389,-0.7012,0.003366,0.64724,1.1673,1.5458,1.792
-2.3563,-3.4672,-4.6151,-5.3638,-5.4016,-4.8492,-4.1933,-3.7877,-3.6878,-3.7751,-3.9244,-4.086,-4.2546,-4.403,-4.4799,-4.4642,-4.3651,-4.1933,-3.9501,-3.6429,-3.2932,-2.9286,-2.5745,-2.2539,-1.9764,-1.7268,-1.461,-1.1473,-0.80695,-0.51802,-0.36361,-0.38663,-0.57565,-0.87051,-1.1936,-1.47,-1.6486,-1.7352,-1.8023,-1.9563,-2.2709,-2.7516,-3.342,-3.9553,-4.5092,-4.9502,-5.2469,-5.3942,-5.4196,-5.3777,-5.3267,-5.295,-5.2705,-5.2218,-5.1326,-5.0224,-4.9332,-4.894,-4.8988,-4.9075,-4.8615,-4.6994,-4.3744,-3.8813,-3.2762,-2.6659,-2.1679,-1.8658,-1.7906,-1.9073,-2.1156,-2.2628,-2.1922,-1.8314,-1.2409,-0.56037,0.085971,0.6236,1.0297,1.3114
-2.4399,-3.5368,-4.6776,-5.4427,-5.5119,-4.9754,-4.3108,-3.8781,-3.7339,-3.7666,-3.8673,-4.005,-4.1792,-4.3523,-4.4599,-4.4713,-4.394,-4.2392,-4.0091,-3.7123,-3.3709,-3.0114,-2.6559,-2.323,-2.0244,-1.7507,-1.4706,-1.1621,-0.84966,-0.60167,-0.49029,-0.54873,-0.7557,-1.0493,-1.3552,-1.6078,-1.7698,-1.8502,-1.9211,-2.0764,-2.3859,-2.8499,-3.4164,-4.0038,-4.5356,-4.9697,-5.2758,-5.4442,-5.4963,-5.4683,-5.4136,-5.3591,-5.2965,-5.1986,-5.0658,-4.9242,-4.8211,-4.7878,-4.8166,-4.8611,-4.8579,-4.7343,-4.4384,-3.9648,-3.3715,-2.7649,-2.2589,-1.9416,-1.84,-1.9227,-2.1009,-2.2421,-2.2089,-1.9268,-1.4281,-0.82096,-0.22359,0.29241,0.69765,0.992
-2.5623,-3.6359,-4.7595,-5.5394,-5.6493,-5.1385,-4.4646,-3.9904,-3.779,-3.7316,-3.7653,-3.8712,-4.0532,-4.2616,-4.4178,-4.4772,-4.4435,-4.3246,-4.1195,-3.8368,-3.5024,-3.1426,-2.7748,-2.4123,-2.0712,-1.7549,-1.4509,-1.15,-0.8769,-0.68568,-0.63194,-0.73316,-0.95438,-1.2314,-1.4957,-1.6996,-1.8258,-1.8992,-1.9852,-2.1659,-2.492,-2.9581,-3.5057,-4.0583,-4.559,-4.9735,-5.288,-5.4936,-5.5898,-5.6035,-5.563,-5.4846,-5.3643,-5.1964,-4.9929,-4.7996,-4.6675,-4.6239,-4.6574,-4.7213,-4.7487,-4.6651,-4.4105,-3.9686,-3.3895,-2.7788,-2.2556,-1.8991,-1.7439,-1.7655,-1.8912,-2.0144,-2.023,-1.8444,-1.482,-1.0081,-0.50929,-0.055782,0.31862,0.60737
-2.6956,-3.7413,-4.8385,-5.6234,-5.7715,-5.2917,-4.6103,-4.0922,-3.8093,-3.6807,-3.6504,-3.7285,-3.9194,-4.1631,-4.3719,-4.4895,-4.5097,-4.4333,-4.2562,-3.9877,-3.6563,-3.289,-2.8995,-2.4993,-2.1089,-1.7472,-1.4178,-1.1234,-0.88536,-0.74764,-0.74851,-0.88774,-1.1179,-1.3677,-1.5771,-1.7206,-1.8071,-1.8784,-1.9956,-2.2206,-2.5808,-3.057,-3.5898,-4.1146,-4.5873,-4.9923,-5.3208,-5.5607,-5.7038,-5.7508,-5.7169,-5.6123,-5.4369,-5.1958,-4.9207,-4.6692,-4.4976,-4.4332,-4.4617,-4.5345,-4.5818,-4.5244,-4.2984,-3.8835,-3.3245,-2.7204,-2.1813,-1.7956,-1.5927,-1.5557,-1.6277,-1.7262,-1.7634,-1.6744,-1.443,-1.1046,-0.71946,-0.3431,-0.0099844,0.26607
-2.8016,-3.8233,-4.8943,-5.6758,-5.8496,-5.3952,-4.7122,-4.1613,-3.8251,-3.6385,-3.5657,-3.6268,-3.8236,-4.0923,-4.3391,-4.5024,-4.5652,-4.5223,-4.3675,-4.1106,-3.781,-3.4053,-2.9953,-2.5633,-2.1344,-1.7391,-1.393,-1.1035,-0.8902,-0.78843,-0.82485,-0.98742,-1.2184,-1.4432,-1.6102,-1.7103,-1.7721,-1.8467,-1.9928,-2.2557,-2.6474,-3.1378,-3.6662,-4.1729,-4.6241,-5.0137,-5.3415,-5.5993,-5.7721,-5.8463,-5.8212,-5.6974,-5.4776,-5.1789,-4.8507,-4.5565,-4.3551,-4.2737,-4.2972,-4.3741,-4.4353,-4.4002,-4.1999,-3.8069,-3.2596,-2.6554,-2.1093,-1.7032,-1.4744,-1.4099,-1.4595,-1.5515,-1.6101,-1.5759,-1.4244,-1.1723,-0.86196,-0.5393,-0.23743,0.026893
-2.948,-3.9349,-4.9623,-5.7288,-5.9308,-5.5128,-4.8317,-4.2415,-3.8392,-3.5852,-3.4667,-3.5105,-3.7127,-4.0076,-4.2978,-4.5157,-4.6331,-4.6358,-4.5141,-4.2766,-3.9514,-3.5635,-3.1247,-2.6497,-2.1726,-1.7361,-1.3693,-1.0842,-0.8969,-0.83321,-0.9055,-1.0894,-1.318,-1.514,-1.6336,-1.6876,-1.7246,-1.8083,-1.9931,-2.3089,-2.7489,-3.2649,-3.7901,-4.2685,-4.6803,-5.0368,-5.3511,-5.6199,-5.8199,-5.9222,-5.9002,-5.7406,-5.4536,-5.0813,-4.6892,-4.3569,-4.1403,-4.0574,-4.0867,-4.1781,-4.2568,-4.2432,-4.0669,-3.6967,-3.1679,-2.5754,-2.0298,-1.6167,-1.3722,-1.2882,-1.3237,-1.4184,-1.5063,-1.5312,-1.4615,-1.3003,-1.0654,-0.79606,-0.52392,-0.26969
-3.0597,-4.0182,-5.0075,-5.7544,-5.9717,-5.5803,-4.9049,-4.2911,-3.8459,-3.5516,-3.408,-3.4417,-3.6457,-3.9517,-4.2647,-4.5158,-4.6695,-4.7055,-4.6112,-4.3927,-4.0745,-3.6804,-3.2229,-2.7197,-2.211,-1.7466,-1.3636,-1.0776,-0.90296,-0.85796,-0.94698,-1.1386,-1.3631,-1.5425,-1.6383,-1.6684,-1.6942,-1.7875,-2.0033,-2.3621,-2.8404,-3.3775,-3.8966,-4.3455,-4.7187,-5.0385,-5.3294,-5.5901,-5.7941,-5.8983,-5.8659,-5.6815,-5.3595,-4.9468,-4.5272,-4.1773,-3.9556,-3.8809,-3.9294,-4.0433,-4.1471,-4.1548,-3.9942,-3.6365,-3.1197,-2.5384,-2.001,-1.5931,-1.3492,-1.2631,-1.2984,-1.4011,-1.5111,-1.5744,-1.5548,-1.4415,-1.2537,-1.0155,-0.75456,-0.49239
-3.2072,-4.1263,-5.0583,-5.7688,-5.9956,-5.638,-4.9755,-4.3381,-3.8504,-3.5182,-3.3535,-3.3788,-3.5794,-3.8886,-4.218,-4.4999,-4.6929,-4.7695,-4.7115,-4.5215,-4.2199,-3.8265,-3.3533,-2.8222,-2.279,-1.7818,-1.3744,-1.0797,-0.91016,-0.87536,-0.97175,-1.1612,-1.3737,-1.5371,-1.6184,-1.6409,-1.6703,-1.7834,-2.0366,-2.4421,-2.9623,-3.5185,-4.0276,-4.4386,-4.7534,-5.009,-5.2395,-5.4576,-5.6384,-5.7353,-5.6897,-5.4719,-5.1053,-4.6605,-4.2259,-3.8863,-3.6932,-3.6562,-3.7455,-3.902,-4.0426,-4.082,-3.9464,-3.6068,-3.1043,-2.5371,-2.0166,-1.6229,-1.3929,-1.3213,-1.3732,-1.4965,-1.6334,-1.7311,-1.7516,-1.6807,-1.5224,-1.3007,-1.0428,-0.77195
-3.3484,-4.2274,-5.0961,-5.7601,-5.9834,-5.6549,-5.0092,-4.3603,-3.8483,-3.4976,-3.3258,-3.3477,-3.5396,-3.8385,-4.1673,-4.4631,-4.6833,-4.7952,-4.7749,-4.6184,-4.3398,-3.9554,-3.4776,-2.9302,-2.3631,-1.8392,-1.4081,-1.0963,-0.91707,-0.87366,-0.95734,-1.1299,-1.3263,-1.4821,-1.5669,-1.6014,-1.6494,-1.7882,-2.0746,-2.5172,-3.0689,-3.6364,-4.1259,-4.4872,-4.7327,-4.9132,-5.0729,-5.2284,-5.3618,-5.418,-5.3433,-5.1081,-4.7336,-4.2914,-3.8756,-3.5678,-3.4199,-3.4399,-3.5922,-3.8076,-4.0006,-4.0766,-3.9623,-3.6376,-3.1531,-2.61,-2.1148,-1.7446,-1.5328,-1.4754,-1.5411,-1.6824,-1.844,-1.9715,-2.0208,-1.969,-1.8181,-1.5912,-1.3191,-1.0278
-3.4467,-4.296,-5.1153,-5.7384,-5.9505,-5.6392,-5.0088,-4.3595,-3.8414,-3.49,-3.3218,-3.3427,-3.5253,-3.8085,-4.1245,-4.4197,-4.6528,-4.7889,-4.7996,-4.672,-4.4134,-4.0395,-3.565,-3.0137,-2.4372,-1.8979,-1.4485,-1.1189,-0.92169,-0.85926,-0.92038,-1.0707,-1.2534,-1.4076,-1.5024,-1.5533,-1.6207,-1.7794,-2.0862,-2.5488,-3.1157,-3.6883,-4.161,-4.4815,-4.6719,-4.7905,-4.8954,-5.0064,-5.1001,-5.1267,-5.0253,-4.7725,-4.3985,-3.9741,-3.5921,-3.3285,-3.2287,-3.2977,-3.4996,-3.7637,-3.9998,-4.1101,-4.0178,-3.7059,-3.2332,-2.7069,-2.2331,-1.8821,-1.686,-1.6404,-1.7158,-1.8669,-2.0396,-2.1787,-2.2377,-2.1918,-2.0362,-1.7964,-1.5045,-1.1892
-3.5627,-4.3735,-5.1271,-5.6901,-5.8784,-5.5826,-4.9751,-4.3362,-3.8249,-3.4886,-3.3357,-3.3596,-3.5257,-3.7787,-4.0656,-4.3456,-4.5855,-4.7499,-4.8021,-4.7174,-4.492,-4.1379,-3.6745,-3.1306,-2.5507,-1.9958,-1.5216,-1.1618,-0.93032,-0.83003,-0.84985,-0.96171,-1.1176,-1.2657,-1.3745,-1.4537,-1.5505,-1.7335,-2.0561,-2.5297,-3.1032,-3.6742,-4.1301,-4.4135,-4.5463,-4.5989,-4.6304,-4.6691,-4.7029,-4.6849,-4.5641,-4.3137,-3.9584,-3.5697,-3.2338,-3.0288,-2.9981,-3.1412,-3.4156,-3.7478,-4.0364,-4.1811,-4.1106,-3.8192,-3.3746,-2.8834,-2.444,-2.123,-1.9428,-1.8997,-1.9703,-2.1172,-2.2924,-2.4405,-2.5083,-2.4597,-2.2942,-2.0337,-1.7151,-1.3706
-3.6348,-4.4193,-5.1255,-5.6407,-5.8061,-5.5169,-4.9279,-4.3045,-3.8094,-3.4937,-3.3609,-3.3908,-3.5425,-3.7676,-4.0255,-4.286,-4.5229,-4.702,-4.7833,-4.7327,-4.536,-4.2016,-3.7522,-3.219,-2.6431,-2.0812,-1.5875,-1.2004,-0.93754,-0.80371,-0.79059,-0.87128,-1.0022,-1.1384,-1.2513,-1.3472,-1.4637,-1.6603,-1.9894,-2.4642,-3.0385,-3.6052,-4.0483,-4.3083,-4.41,-4.4261,-4.4187,-4.4163,-4.4119,-4.3641,-4.231,-3.9901,-3.661,-3.3061,-3.0107,-2.846,-2.8557,-3.0416,-3.3624,-3.7373,-4.0672,-4.2447,-4.1955,-3.9187,-3.4908,-3.0234,-2.6131,-2.3131,-2.1444,-2.1018,-2.1639,-2.298,-2.461,-2.6007,-2.6634,-2.6118,-2.4343,-2.1579,-1.8222,-1.462
-3.7063,-4.461,-5.1089,-5.5614,-5.6905,-5.4055,-4.8414,-4.2473,-3.7851,-3.5091,-3.4122,-3.4558,-3.5897,-3.7728,-3.9849,-4.2128,-4.4382,-4.6306,-4.7456,-4.7364,-4.5767,-4.2717,-3.8468,-3.3341,-2.7711,-2.206,-1.6904,-1.2662,-0.9581,-0.7766,-0.71642,-0.75331,-0.8491,-0.962,-1.0678,-1.1676,-1.2944,-1.499,-1.831,-2.3029,-2.8717,-3.4326,-3.8691,-4.117,-4.1975,-4.1835,-4.141,-4.1039,-4.0674,-4.0019,-3.8648,-3.6351,-3.3335,-3.0209,-2.7727,-2.6605,-2.7235,-2.9592,-3.3236,-3.7384,-4.0966,-4.2925,-4.2588,-4.0057,-3.6162,-3.1982,-2.8345,-2.5689,-2.4093,-2.3503,-2.38,-2.4782,-2.6118,-2.7327,-2.7856,-2.7267,-2.5421,-2.2554,-1.9078,-1.5362
-3.7446,-4.4782,-5.0765,-5.4709,-5.5613,-5.2765,-4.7371,-4.1767,-3.7577,-3.5313,-3.4801,-3.5488,-3.671,-3.8131,-3.9751,-4.1618,-4.3676,-4.5641,-4.7008,-4.7214,-4.5922,-4.3174,-3.9249,-3.4429,-2.9,-2.3355,-1.8029,-1.348,-1.001,-0.77633,-0.66883,-0.65975,-0.71455,-0.79597,-0.88008,-0.96689,-1.0852,-1.2837,-1.6071,-2.0698,-2.6289,-3.1891,-3.6316,-3.8876,-3.972,-3.9508,-3.8917,-3.8332,-3.7812,-3.7095,-3.5858,-3.3891,-3.131,-2.8601,-2.6514,-2.5686,-2.6522,-2.9036,-3.2811,-3.7035,-4.0689,-4.2739,-4.2558,-4.0298,-3.6816,-3.3156,-3.0054,-2.7768,-2.6296,-2.5533,-2.5405,-2.5844,-2.6673,-2.7533,-2.7899,-2.7272,-2.5464,-2.263,-1.9172,-1.5483
-3.7493,-4.4738,-5.0427,-5.3988,-5.4611,-5.1746,-4.6537,-4.1199,-3.7357,-3.5504,-3.5405,-3.6344,-3.7577,-3.8765,-4.0004,-4.152,-4.3353,-4.525,-4.6679,-4.7008,-4.5862,-4.3318,-3.9678,-3.5153,-2.9918,-2.4303,-1.8868,-1.4139,-1.047,-0.79862,-0.66323,-0.62226,-0.64146,-0.6907,-0.74772,-0.81672,-0.92186,-1.1088,-1.4186,-1.8667,-2.4161,-2.9737,-3.4255,-3.6978,-3.7952,-3.7818,-3.7238,-3.6646,-3.6165,-3.5576,-3.4561,-3.2872,-3.0579,-2.8121,-2.621,-2.5496,-2.6383,-2.8876,-3.2556,-3.6637,-4.0118,-4.2037,-4.1862,-3.981,-3.6716,-3.3534,-3.0885,-2.8903,-2.7488,-2.6539,-2.6067,-2.6101,-2.6542,-2.7084,-2.7257,-2.6595,-2.4852,-2.2161,-1.8863,-1.5307
-3.7224,-4.4442,-4.9865,-5.3009,-5.3301,-5.0409,-4.5428,-4.044,-3.7038,-3.5784,-3.6293,-3.7714,-3.9146,-4.0145,-4.09,-4.1865,-4.3263,-4.4924,-4.6277,-4.6619,-4.5568,-4.3245,-3.9962,-3.5845,-3.0924,-2.5438,-1.9931,-1.5056,-1.1226,-0.85525,-0.69836,-0.62444,-0.60126,-0.60015,-0.60908,-0.63472,-0.70722,-0.86798,-1.1584,-1.5889,-2.1243,-2.6778,-3.1392,-3.4324,-3.5553,-3.5604,-3.5179,-3.4774,-3.4544,-3.4366,-3.3849,-3.2649,-3.0736,-2.8536,-2.6691,-2.5913,-2.6627,-2.8838,-3.2124,-3.5737,-3.8762,-4.0372,-4.0173,-3.8409,-3.5832,-3.327,-3.1201,-2.9662,-2.8416,-2.7299,-2.6366,-2.5788,-2.5637,-2.5743,-2.5696,-2.4996,-2.3409,-2.0945,-1.7898,-1.4611
-3.6577,-4.3882,-4.9197,-5.2054,-5.2091,-4.918,-4.4431,-3.9749,-3.678,-3.6074,-3.7245,-3.9324,-4.1176,-4.2163,-4.2471,-4.2795,-4.3609,-4.4851,-4.5953,-4.6175,-4.5118,-4.2912,-3.9865,-3.6082,-3.1484,-2.6241,-2.0883,-1.6059,-1.2209,-0.94849,-0.77751,-0.67838,-0.61917,-0.57184,-0.5291,-0.50353,-0.53044,-0.65584,-0.91657,-1.3224,-1.8369,-2.3795,-2.8464,-3.1622,-3.3151,-3.3531,-3.342,-3.3354,-3.3584,-3.3951,-3.4058,-3.346,-3.1997,-2.9971,-2.8093,-2.7056,-2.7323,-2.8954,-3.1585,-3.4524,-3.6977,-3.8238,-3.7979,-3.643,-3.4267,-3.2209,-3.0644,-2.9466,-2.8356,-2.713,-2.5901,-2.4921,-2.4328,-2.4016,-2.3662,-2.2895,-2.1401,-1.9204,-1.6514,-1.359
-3.5859,-4.3306,-4.8644,-5.1381,-5.1286,-4.8384,-4.3754,-3.9284,-3.6604,-3.6279,-3.7959,-4.0625,-4.2945,-4.4032,-4.4052,-4.3862,-4.4143,-4.4956,-4.5767,-4.5829,-4.4718,-4.2541,-3.9594,-3.5979,-3.1592,-2.6551,-2.1387,-1.6721,-1.2999,-1.0372,-0.86391,-0.75249,-0.66707,-0.58634,-0.50429,-0.44212,-0.43518,-0.53203,-0.76637,-1.1474,-1.6403,-2.1687,-2.6349,-2.9633,-3.1367,-3.1993,-3.2169,-3.2472,-3.3178,-3.414,-3.486,-3.4754,-3.3556,-3.1568,-2.9503,-2.8159,-2.804,-2.9203,-3.1286,-3.3665,-3.5618,-3.6541,-3.618,-3.4742,-3.2808,-3.1013,-2.9679,-2.8734,-2.7793,-2.6606,-2.5249,-2.4004,-2.309,-2.2494,-2.1963,-2.1128,-1.9733,-1.7722,-1.5254,-1.2559
-3.4626,-4.2354,-4.7867,-5.057,-5.0373,-4.7486,-4.2984,-3.8751,-3.6379,-3.6484,-3.8812,-4.2333,-4.5423,-4.6812,-4.6528,-4.5631,-4.5123,-4.5246,-4.5547,-4.5314,-4.4097,-4.1936,-3.9083,-3.561,-3.1401,-2.6553,-2.1608,-1.7229,-1.3857,-1.1551,-1.0043,-0.89303,-0.78217,-0.65563,-0.52002,-0.40595,-0.35578,-0.41526,-0.61616,-0.96252,-1.4206,-1.9225,-2.377,-2.7107,-2.9067,-3.0004,-3.0606,-3.1488,-3.2937,-3.4791,-3.6427,-3.7061,-3.6252,-3.4247,-3.1875,-3.0021,-2.9255,-2.9683,-3.0998,-3.2647,-3.3995,-3.4545,-3.4053,-3.2658,-3.0839,-2.9164,-2.7967,-2.7151,-2.6349,-2.5266,-2.3914,-2.2541,-2.1385,-2.0499,-1.972,-1.8764,-1.7415,-1.559,-1.3382,-1.0954
-3.3524,-4.1528,-4.727,-5.0042,-4.983,-4.6958,-4.253,-3.8427,-3.6207,-3.6544,-3.9285,-4.3408,-4.7152,-4.8892,-4.847,-4.708,-4.5962,-4.5517,-4.538,-4.4884,-4.3572,-4.1432,-3.8641,-3.521,-3.1043,-2.6282,-2.1485,-1.7357,-1.4308,-1.2332,-1.1115,-1.0118,-0.89264,-0.73815,-0.56644,-0.41512,-0.33394,-0.36682,-0.54292,-0.86099,-1.2896,-1.7622,-2.1978,-2.5298,-2.7388,-2.8611,-2.9598,-3.0948,-3.2982,-3.5501,-3.7827,-3.9035,-3.8519,-3.647,-3.3808,-3.1523,-3.0282,-3.0237,-3.109,-3.2275,-3.324,-3.3495,-3.2819,-3.1334,-2.9463,-2.7731,-2.647,-2.5648,-2.4935,-2.4003,-2.2776,-2.1426,-2.0172,-1.9108,-1.8142,-1.7081,-1.5697,-1.3942,-1.187,-0.95817
-3.1877,-4.0329,-4.6494,-4.9481,-4.934,-4.6483,-4.2109,-3.8082,-3.5947,-3.6453,-3.9548,-4.4326,-4.8905,-5.1223,-5.0763,-4.8829,-4.6963,-4.5791,-4.508,-4.4248,-4.2845,-4.0757,-3.8014,-3.456,-3.0355,-2.5652,-2.108,-1.732,-1.4724,-1.3218,-1.2388,-1.1608,-1.0421,-0.86658,-0.66014,-0.46849,-0.34832,-0.34652,-0.48779,-0.76828,-1.1554,-1.5889,-1.9975,-2.3218,-2.5427,-2.6939,-2.8359,-3.0306,-3.3108,-3.6548,-3.9809,-4.1724,-4.1496,-3.9339,-3.6302,-3.3588,-3.192,-3.1425,-3.1788,-3.2505,-3.2996,-3.2861,-3.1896,-3.0177,-2.8071,-2.6084,-2.4587,-2.3654,-2.298,-2.2201,-2.1144,-1.9892,-1.8631,-1.7471,-1.6368,-1.5142,-1.3717,-1.1972,-0.99313,-0.7666
-3.0095,-3.9069,-4.5786,-4.9129,-4.9125,-4.6271,-4.1898,-3.7841,-3.5656,-3.6111,-3.9276,-4.4393,-4.958,-5.2476,-5.2153,-4.9895,-4.7467,-4.5713,-4.4554,-4.3499,-4.2096,-4.0114,-3.7444,-3.396,-2.9665,-2.4946,-2.0542,-1.7101,-1.4918,-1.3852,-1.3371,-1.2832,-1.1694,-0.98541,-0.75896,-0.5439,-0.39786,-0.36867,-0.47918,-0.7241,-1.0689,-1.4632,-1.8405,-2.1487,-2.3755,-2.5482,-2.7284,-2.9766,-3.3223,-3.7428,-4.1469,-4.4026,-4.4137,-4.1976,-3.874,-3.5738,-3.379,-3.3061,-3.322,-3.3671,-3.39,-3.3454,-3.2116,-2.9962,-2.7371,-2.4892,-2.3,-2.1789,-2.1087,-2.0517,-1.978,-1.8789,-1.7613,-1.6346,-1.5015,-1.3624,-1.1985,-1.0136,-0.80867,-0.58388
-2.8712,-3.812,-4.5322,-4.9014,-4.9148,-4.6298,-4.1857,-3.7716,-3.5401,-3.5683,-3.8695,-4.3799,-4.9198,-5.2426,-5.231,-4.9997,-4.7323,-4.5282,-4.3922,-4.2814,-4.1502,-3.968,-3.7129,-3.3662,-2.9304,-2.4544,-2.0175,-1.6872,-1.4902,-1.4088,-1.3862,-1.3506,-1.2443,-1.058,-0.8236,-0.60077,-0.44716,-0.40677,-0.49992,-0.71683,-1.0291,-1.3873,-1.7378,-2.0354,-2.2657,-2.457,-2.6645,-2.9455,-3.3295,-3.7919,-4.237,-4.5252,-4.5549,-4.345,-4.0243,-3.7316,-3.5474,-3.4826,-3.499,-3.5393,-3.5416,-3.4661,-3.295,-3.0391,-2.7392,-2.4529,-2.2281,-2.0882,-2.0123,-1.9609,-1.8988,-1.8117,-1.7025,-1.5792,-1.4441,-1.2883,-1.119,-0.92551,-0.70744,-0.46548
-2.6866,-3.6896,-4.4815,-4.9068,-4.9433,-4.6548,-4.1952,-3.761,-3.5015,-3.4907,-3.7464,-4.2187,-4.7472,-5.0927,-5.1154,-4.9012,-4.6288,-4.41,-4.2654,-4.1644,-4.0622,-3.9164,-3.689,-3.3539,-2.9161,-2.4346,-1.9957,-1.671,-1.4859,-1.4209,-1.4178,-1.3984,-1.3042,-1.1226,-0.88932,-0.66405,-0.50588,-0.45751,-0.53214,-0.72009,-0.99337,-1.312,-1.6311,-1.9129,-2.1462,-2.3563,-2.5917,-2.9043,-3.3214,-3.8162,-4.2946,-4.6156,-4.6747,-4.4937,-4.2009,-3.9396,-3.7926,-3.7678,-3.818,-3.8702,-3.8642,-3.7529,-3.5223,-3.1934,-2.8186,-2.4653,-2.1891,-2.0141,-1.9271,-1.8886,-1.8552,-1.7972,-1.7028,-1.5734,-1.4156,-1.2382,-1.0387,-0.82519,-0.59875,-0.35502
-2.5082,-3.5752,-4.4454,-4.9348,-4.999,-4.7025,-4.2192,-3.7566,-3.4601,-3.3965,-3.5833,-3.9826,-4.4592,-4.7982,-4.8548,-4.6807,-4.4321,-4.2227,-4.0887,-4.0135,-3.9552,-3.8622,-3.6817,-3.3747,-2.9468,-2.4641,-2.0222,-1.6942,-1.5047,-1.4323,-1.4214,-1.3976,-1.3054,-1.1308,-0.90819,-0.69353,-0.54424,-0.49877,-0.56618,-0.73402,-0.97469,-1.2571,-1.5448,-1.8093,-2.0443,-2.2702,-2.5296,-2.8662,-3.3007,-3.8037,-4.2836,-4.611,-4.6963,-4.5626,-4.3377,-4.1538,-4.0855,-4.133,-4.2399,-4.326,-4.311,-4.1528,-3.8483,-3.4353,-2.9807,-2.5603,-2.2335,-2.0281,-1.9296,-1.8968,-1.8807,-1.8417,-1.7592,-1.6295,-1.4589,-1.258,-1.0378,-0.80407,-0.55915,-0.30015
-2.3821,-3.4972,-4.4287,-4.9704,-5.0568,-4.7514,-4.2457,-3.7579,-3.4302,-3.3216,-3.4472,-3.7769,-4.1958,-4.5132,-4.5909,-4.4553,-4.238,-4.0489,-3.932,-3.8808,-3.8587,-3.8124,-3.6795,-3.4089,-3.0019,-2.5262,-2.083,-1.7463,-1.5412,-1.4486,-1.4141,-1.3723,-1.2703,-1.098,-0.88571,-0.68781,-0.55538,-0.51996,-0.58845,-0.74381,-0.96277,-1.2179,-1.4836,-1.7384,-1.9762,-2.2153,-2.4912,-2.8407,-3.2783,-3.7749,-4.243,-4.5669,-4.6709,-4.5838,-4.4212,-4.3096,-4.3188,-4.4437,-4.617,-4.7412,-4.7274,-4.5281,-4.1531,-3.6611,-3.1371,-2.665,-2.3054,-2.0808,-1.9776,-1.9525,-1.9513,-1.9263,-1.8492,-1.7131,-1.527,-1.3069,-1.0674,-0.82112,-0.57088,-0.31154
-2.2277,-3.4065,-4.4207,-5.0355,-5.1529,-4.8319,-4.2917,-3.7679,-3.3975,-3.2261,-3.2653,-3.4948,-3.8236,-4.098,-4.1944,-4.1113,-3.9454,-3.7932,-3.7045,-3.6848,-3.7088,-3.7264,-3.6693,-3.4712,-3.1146,-2.6602,-2.2137,-1.8561,-1.6179,-1.4842,-1.4062,-1.3259,-1.1994,-1.0212,-0.82195,-0.64727,-0.54017,-0.52385,-0.59734,-0.74262,-0.93774,-1.1653,-1.4087,-1.6546,-1.8995,-2.1566,-2.4514,-2.8109,-3.2432,-3.7173,-4.1598,-4.4766,-4.6107,-4.5935,-4.5285,-4.527,-4.6526,-4.8946,-5.1714,-5.3579,-5.3426,-5.0754,-4.5919,-3.9878,-3.3738,-2.8418,-2.4483,-2.2093,-2.1034,-2.084,-2.0936,-2.0803,-2.0097,-1.8698,-1.6684,-1.4265,-1.1635,-0.8965,-0.63337,-0.37271
-2.1251,-3.3502,-4.4256,-5.0963,-5.2367,-4.9017,-4.3335,-3.7828,-3.3812,-3.1637,-3.1396,-3.2946,-3.5555,-3.793,-3.8956,-3.8485,-3.7227,-3.6005,-3.5325,-3.5328,-3.5855,-3.6485,-3.6535,-3.5225,-3.218,-2.7886,-2.3402,-1.9636,-1.6955,-1.5236,-1.4055,-1.2868,-1.1342,-0.9465,-0.7541,-0.59816,-0.5127,-0.5139,-0.59328,-0.73256,-0.91321,-1.1237,-1.3544,-1.5966,-1.8484,-2.1201,-2.4306,-2.799,-3.2273,-3.6824,-4.0991,-4.4013,-4.5516,-4.5846,-4.5964,-4.6881,-4.9142,-5.2556,-5.616,-5.852,-5.8251,-5.4909,-4.9145,-4.2238,-3.5467,-2.9774,-2.5678,-2.3246,-2.2232,-2.2132,-2.2326,-2.2249,-2.1524,-2.0038,-1.79,-1.5327,-1.2588,-0.98666,-0.72363,-0.46786
-2.0084,-3.2922,-4.4452,-5.1888,-5.3585,-5.0029,-4.3972,-3.8135,-3.3736,-3.1012,-3,-3.0644,-3.2423,-3.4303,-3.5333,-3.525,-3.4478,-3.3639,-3.3198,-3.338,-3.4185,-3.5335,-3.6185,-3.583,-3.3604,-2.9766,-2.534,-2.1345,-1.8236,-1.5952,-1.414,-1.2387,-1.0451,-0.83975,-0.65074,-0.51433,-0.45656,-0.48227,-0.57727,-0.71522,-0.88098,-1.0697,-1.2831,-1.5215,-1.7855,-2.08,-2.4161,-2.8002,-3.2231,-3.6545,-4.0404,-4.3286,-4.5016,-4.5996,-4.7046,-4.9047,-5.2487,-5.7118,-6.1806,-6.4711,-6.4224,-5.9908,-5.2876,-4.4883,-3.7427,-3.1435,-2.729,-2.4951,-2.4046,-2.401,-2.423,-2.4166,-2.345,-2.194,-1.9717,-1.7041,-1.4168,-1.1344,-0.87041,-0.62737
-1.9177,-3.2549,-4.4775,-5.2888,-5.4847,-5.1068,-4.4661,-3.8538,-3.3845,-3.0673,-2.9025,-2.8916,-2.9986,-3.1426,-3.2413,-3.2618,-3.225,-3.1733,-3.1462,-3.1731,-3.2678,-3.4176,-3.5674,-3.6205,-3.485,-3.1568,-2.7291,-2.3104,-1.9573,-1.673,-1.4321,-1.204,-0.9736,-0.74945,-0.55926,-0.43339,-0.39392,-0.43908,-0.54604,-0.68416,-0.83801,-1.0119,-1.2166,-1.4592,-1.7407,-2.0631,-2.4265,-2.8269,-3.2496,-3.6606,-4.0195,-4.294,-4.4847,-4.6352,-4.8222,-5.1211,-5.5687,-6.1276,-6.6659,-6.9779,-6.8743,-6.3406,-5.5353,-4.6643,-3.883,-3.2768,-2.8731,-2.6547,-2.5763,-2.5779,-2.5988,-2.5883,-2.5133,-2.3614,-2.1409,-1.8734,-1.5902,-1.3148,-1.0611,-0.83343
-1.8685,-3.2408,-4.5095,-5.365,-5.5771,-5.1822,-4.517,-3.8881,-3.4035,-3.0618,-2.86,-2.8034,-2.8671,-2.9841,-3.0789,-3.1166,-3.1046,-3.072,-3.0528,-3.0797,-3.1761,-3.3398,-3.5241,-3.6316,-3.5561,-3.271,-2.8575,-2.4281,-2.0472,-1.7274,-1.449,-1.1869,-0.9336,-0.69781,-0.50578,-0.38603,-0.35551,-0.40984,-0.51965,-0.65473,-0.80151,-0.96848,-1.1715,-1.4205,-1.7174,-2.0608,-2.446,-2.8624,-3.2886,-3.6923,-4.0385,-4.3073,-4.51,-4.6943,-4.9276,-5.2775,-5.7735,-6.3724,-6.9316,-7.2266,-7.078,-6.4844,-5.6299,-4.7326,-3.947,-3.3512,-2.9638,-2.7599,-2.6877,-2.6864,-2.7005,-2.6861,-2.6138,-2.4701,-2.2592,-2.0028,-1.7263,-1.4564,-1.2112,-0.99857
-1.8293,-3.2418,-4.5602,-5.4632,-5.6902,-5.2735,-4.5802,-3.936,-3.4414,-3.081,-2.8439,-2.7408,-2.7601,-2.8491,-2.9411,-2.9982,-3.0131,-3.0004,-2.9868,-3.0077,-3.0966,-3.2641,-3.4736,-3.6304,-3.6161,-3.3787,-2.986,-2.5504,-2.1479,-1.7959,-1.4789,-1.1813,-0.90002,-0.65053,-0.45553,-0.3401,-0.3155,-0.37392,-0.48434,-0.61466,-0.75289,-0.91295,-1.1173,-1.3797,-1.7013,-2.0763,-2.4925,-2.9322,-3.3696,-3.7698,-4.107,-4.3738,-4.5913,-4.807,-5.0865,-5.4819,-6.0086,-6.6088,-7.1302,-7.3573,-7.1323,-6.4932,-5.6303,-4.7485,-3.9892,-3.4232,-3.0622,-2.8758,-2.808,-2.7984,-2.798,-2.7734,-2.7033,-2.5762,-2.3913,-2.1618,-1.9105,-1.6613,-1.433,-1.2364
-1.8205,-3.2573,-4.6031,-5.5312,-5.7637,-5.3314,-4.6221,-3.9723,-3.4778,-3.1125,-2.8591,-2.7316,-2.7268,-2.8011,-2.8939,-2.9645,-2.9969,-2.9964,-2.9851,-2.999,-3.0768,-3.237,-3.4511,-3.6277,-3.642,-3.4285,-3.046,-2.6086,-2.1974,-1.8324,-1.4994,-1.1867,-0.89346,-0.6371,-0.43901,-0.32116,-0.29434,-0.35028,-0.45873,-0.58554,-0.71808,-0.87449,-1.0814,-1.3561,-1.6985,-2.0985,-2.5398,-3.0003,-3.4507,-3.8573,-4.1945,-4.4597,-4.6808,-4.9111,-5.2068,-5.6157,-6.1407,-6.7119,-7.1728,-7.325,-7.0488,-6.3992,-5.5595,-4.7166,-3.9979,-3.4661,-3.129,-2.9525,-2.8799,-2.8562,-2.8413,-2.8102,-2.7462,-2.6368,-2.4773,-2.2755,-2.0478,-1.8177,-1.6043,-1.4198
-1.8372,-3.2983,-4.6661,-5.6111,-5.8423,-5.3908,-4.6673,-4.0178,-3.5324,-3.1705,-2.9078,-2.7598,-2.7332,-2.7964,-2.8963,-2.9871,-3.0442,-3.0621,-3.0547,-3.057,-3.1138,-3.2534,-3.4562,-3.6349,-3.6616,-3.4613,-3.0831,-2.6443,-2.228,-1.8571,-1.5204,-1.202,-0.90351,-0.64121,-0.43908,-0.3174,-0.28633,-0.33452,-0.43103,-0.54365,-0.66718,-0.82406,-1.0443,-1.3427,-1.7147,-2.1463,-2.6173,-3.1024,-3.571,-3.9877,-4.3304,-4.6029,-4.8371,-5.0809,-5.3904,-5.7921,-6.2717,-6.7512,-7.0896,-7.131,-6.8071,-6.1857,-5.4166,-4.6518,-4.0005,-3.5185,-3.2115,-3.0424,-2.9592,-2.915,-2.8809,-2.8422,-2.7877,-2.7053,-2.5852,-2.4266,-2.2366,-2.0343,-1.838,-1.6621
-1.8871,-3.3626,-4.7348,-5.6777,-5.8963,-5.428,-4.6981,-4.0579,-3.5885,-3.2375,-2.9741,-2.8162,-2.7791,-2.8419,-2.9578,-3.0766,-3.1657,-3.2085,-3.2092,-3.1999,-3.2308,-3.339,-3.5115,-3.6645,-3.6744,-3.4671,-3.0898,-2.6537,-2.2387,-1.8691,-1.5338,-1.2174,-0.92159,-0.66122,-0.45881,-0.33411,-0.29485,-0.3297,-0.40786,-0.50394,-0.6201,-0.78417,-1.0254,-1.3523,-1.755,-2.2141,-2.7077,-3.2121,-3.6963,-4.1284,-4.4847,-4.7666,-5.0058,-5.2539,-5.5512,-5.922,-6.3414,-6.7251,-6.9444,-6.8871,-6.5293,-5.9415,-5.2495,-4.5733,-3.9993,-3.5721,-3.2922,-3.1295,-3.0356,-2.972,-2.9205,-2.876,-2.834,-2.7823,-2.7041,-2.5884,-2.4327,-2.2517,-2.0655,-1.8932
-1.9463,-3.4265,-4.7907,-5.7189,-5.9208,-5.4418,-4.7125,-4.0833,-3.6282,-3.2877,-3.0268,-2.8663,-2.829,-2.8996,-3.0337,-3.1799,-3.299,-3.3652,-3.3752,-3.359,-3.3702,-3.4504,-3.5902,-3.7088,-3.6896,-3.4651,-3.0854,-2.6527,-2.2431,-1.8768,-1.5421,-1.229,-0.93789,-0.6831,-0.48251,-0.35403,-0.30579,-0.32919,-0.39738,-0.487,-0.60115,-0.77079,-1.025,-1.3717,-1.7968,-2.277,-2.7868,-3.3007,-3.7906,-4.2252,-4.5847,-4.8731,-5.121,-5.3709,-5.6642,-6.009,-6.3709,-6.6687,-6.7989,-6.6817,-6.316,-5.7696,-5.1418,-4.529,-4.006,-3.6134,-3.3535,-3.1936,-3.0923,-3.0179,-2.9592,-2.9165,-2.8867,-2.8563,-2.8052,-2.7166,-2.5845,-2.419,-2.2388,-2.0636
-2.0536,-3.5326,-4.8716,-5.765,-5.9368,-5.4449,-4.7217,-4.1106,-3.6758,-3.3488,-3.0915,-2.9317,-2.903,-2.9958,-3.1647,-3.3552,-3.5198,-3.6223,-3.6499,-3.629,-3.6156,-3.6556,-3.743,-3.8041,-3.7325,-3.4743,-3.0806,-2.6473,-2.2419,-1.881,-1.5533,-1.2496,-0.9678,-0.71964,-0.52094,-0.38884,-0.33298,-0.34477,-0.40111,-0.48129,-0.5951,-0.77563,-1.0518,-1.4272,-1.8806,-2.3821,-2.9021,-3.4148,-3.8974,-4.3257,-4.6868,-4.9835,-5.2386,-5.4875,-5.7607,-6.0648,-6.3661,-6.5881,-6.6406,-6.4724,-6.0971,-5.5823,-5.0152,-4.4742,-4.0151,-3.6661,-3.4265,-3.27,-3.164,-3.0874,-3.034,-3.004,-2.9927,-2.9857,-2.9612,-2.9007,-2.7904,-2.6386,-2.4622,-2.2807
-2.1924,-3.6623,-4.9628,-5.8062,-5.9404,-5.4367,-4.7232,-4.1313,-3.7156,-3.399,-3.1436,-2.9871,-2.9745,-3.1009,-3.3155,-3.5568,-3.7702,-3.9137,-3.9674,-3.9506,-3.916,-3.9114,-3.9362,-3.9278,-3.7939,-3.4959,-3.0824,-2.6433,-2.2374,-1.8811,-1.5661,-1.2759,-1.0079,-0.7679,-0.57328,-0.44058,-0.37951,-0.38228,-0.42565,-0.49806,-0.61595,-0.81544,-1.1208,-1.5267,-2.004,-2.5158,-3.0297,-3.523,-3.98,-4.3869,-4.7359,-5.0298,-5.2864,-5.5325,-5.7951,-6.0736,-6.3309,-6.4975,-6.5018,-6.3093,-5.942,-5.4628,-4.9433,-4.4474,-4.023,-3.6967,-3.4685,-3.3216,-3.2291,-3.1695,-3.133,-3.1184,-3.1233,-3.1369,-3.1375,-3.0969,-3.0071,-2.8618,-2.6759,-2.4737
-2.3157,-3.7743,-5.039,-5.8378,-5.9402,-5.4283,-4.7226,-4.1447,-3.7412,-3.4297,-3.1733,-3.0194,-3.0217,-3.1775,-3.4304,-3.7116,-3.9625,-4.1398,-4.2191,-4.2113,-4.1635,-4.1231,-4.0942,-4.0242,-3.8382,-3.5093,-3.0848,-2.6445,-2.2402,-1.888,-1.5797,-1.2995,-1.0424,-0.81208,-0.62388,-0.49343,-0.42994,-0.42708,-0.46475,-0.53649,-0.66095,-0.87619,-1.2021,-1.6282,-2.1205,-2.6342,-3.1358,-3.6046,-4.0292,-4.4082,-4.7368,-5.0185,-5.2684,-5.5119,-5.767,-6.0353,-6.2811,-6.4366,-6.4331,-6.2405,-5.8823,-5.4179,-4.9168,-4.4392,-4.0286,-3.708,-3.4821,-3.3373,-3.2536,-3.2137,-3.205,-3.2185,-3.2443,-3.2688,-3.2736,-3.2411,-3.151,-3.0073,-2.8236,-2.6192
-2.5029,-3.9427,-5.1515,-5.8856,-5.9429,-5.4204,-4.7241,-4.1628,-3.7723,-3.4629,-3.2027,-3.0516,-3.0743,-3.2702,-3.5737,-3.9058,-4.2041,-4.4254,-4.5405,-4.5485,-4.4854,-4.3956,-4.29,-4.1329,-3.8763,-3.5085,-3.0754,-2.6385,-2.2415,-1.8989,-1.6026,-1.342,-1.1046,-0.89288,-0.71573,-0.59169,-0.52819,-0.52033,-0.55295,-0.62351,-0.75815,-0.99224,-1.3454,-1.8002,-2.3103,-2.826,-3.304,-3.7247,-4.09,-4.4073,-4.689,-4.9443,-5.1846,-5.4252,-5.6824,-5.9506,-6.1952,-6.3534,-6.3609,-6.1864,-5.8518,-5.4105,-4.9249,-4.4507,-4.0312,-3.6959,-3.458,-3.3178,-3.2605,-3.2609,-3.2932,-3.3387,-3.3873,-3.4297,-3.4507,-3.4259,-3.3455,-3.1994,-2.9999,-2.772
-2.6579,-4.0812,-5.2447,-5.9278,-5.9511,-5.4198,-4.7296,-4.1777,-3.7936,-3.4832,-3.2182,-3.0687,-3.1067,-3.3301,-3.6679,-4.0322,-4.3594,-4.6083,-4.7471,-4.7664,-4.6919,-4.564,-4.4004,-4.1817,-3.8776,-3.4866,-3.048,-2.6149,-2.2261,-1.8961,-1.6216,-1.3874,-1.176,-0.98237,-0.81485,-0.69184,-0.62514,-0.61166,-0.64022,-0.71198,-0.8565,-1.1088,-1.484,-1.9589,-2.4799,-2.9908,-3.4454,-3.8252,-4.1388,-4.404,-4.6415,-4.8658,-5.0897,-5.3242,-5.5843,-5.861,-6.1176,-6.2918,-6.3205,-6.1726,-5.8589,-5.4317,-4.9511,-4.4719,-4.0386,-3.6838,-3.4311,-3.2841,-3.2344,-3.2588,-3.3266,-3.4088,-3.4845,-3.5397,-3.5626,-3.5419,-3.4579,-3.3115,-3.1137,-2.8836
-2.8791,-4.278,-5.38,-5.9948,-5.9738,-5.4298,-4.7443,-4.1999,-3.8198,-3.5056,-3.233,-3.0849,-3.1414,-3.3972,-3.7713,-4.1653,-4.5156,-4.7868,-4.947,-4.9745,-4.8798,-4.699,-4.4612,-4.1711,-3.8197,-3.4121,-2.9765,-2.5549,-2.1822,-1.8777,-1.6448,-1.4604,-1.2992,-1.1404,-0.99116,-0.86762,-0.79014,-0.76235,-0.7802,-0.85348,-1.0127,-1.2944,-1.7032,-2.2058,-2.742,-3.2428,-3.6615,-3.9828,-4.2213,-4.412,-4.5848,-4.761,-4.9544,-5.1775,-5.4323,-5.7126,-5.9862,-6.1943,-6.2698,-6.1686,-5.8978,-5.4949,-5.0164,-4.5179,-4.0495,-3.6551,-3.3679,-3.2093,-3.1744,-3.232,-3.3379,-3.4527,-3.5528,-3.6279,-3.669,-3.6581,-3.5874,-3.444,-3.2366,-2.9891
-3.1095,-4.4834,-5.5248,-6.0745,-6.0116,-5.4531,-4.7673,-4.2254,-3.8444,-3.5248,-3.2456,-3.0985,-3.1711,-3.4527,-3.849,-4.253,-4.6026,-4.8707,-5.0292,-5.0485,-4.9258,-4.6947,-4.3967,-4.0568,-3.6799,-3.274,-2.8579,-2.4613,-2.1156,-1.8487,-1.6642,-1.5408,-1.439,-1.3284,-1.2046,-1.087,-0.99714,-0.94784,-0.94588,-1.0119,-1.1836,-1.4921,-1.937,-2.4755,-3.0334,-3.5355,-3.9248,-4.1861,-4.3468,-4.4522,-4.5492,-4.6685,-4.8268,-5.0308,-5.2822,-5.5681,-5.8553,-6.0882,-6.2027,-6.1535,-5.9292,-5.5596,-5.0936,-4.5851,-4.0874,-3.6514,-3.3234,-3.1346,-3.0855,-3.1499,-3.2818,-3.4326,-3.5665,-3.6651,-3.7198,-3.7242,-3.6591,-3.5205,-3.3163,-3.0676
-3.2833,-4.6382,-5.6366,-6.1409,-6.0484,-5.4785,-4.789,-4.2451,-3.8619,-3.5381,-3.2553,-3.1102,-3.1922,-3.4868,-3.8896,-4.287,-4.6195,-4.8672,-5.006,-5.0044,-4.8565,-4.5947,-4.2657,-3.9039,-3.5217,-3.1277,-2.7344,-2.3641,-2.0477,-1.8168,-1.6768,-1.6061,-1.5557,-1.4856,-1.3819,-1.2657,-1.1613,-1.0902,-1.0698,-1.1297,-1.3116,-1.6437,-2.1192,-2.6868,-3.2649,-3.7696,-4.1401,-4.3621,-4.4672,-4.5133,-4.5547,-4.6283,-4.7532,-4.9377,-5.1761,-5.4568,-5.7485,-5.998,-6.1417,-6.1306,-5.9484,-5.6129,-5.1639,-4.6503,-4.1266,-3.6536,-3.2887,-3.0728,-3.0132,-3.0802,-3.221,-3.3823,-3.5282,-3.6425,-3.7161,-3.7336,-3.6852,-3.5573,-3.3558,-3.1035
-3.5079,-4.839,-5.7847,-6.2356,-6.1058,-5.5179,-4.8196,-4.2696,-3.8822,-3.5554,-3.2717,-3.1313,-3.2223,-3.5241,-3.9204,-4.2929,-4.5845,-4.7842,-4.8749,-4.8284,-4.6406,-4.3459,-3.9947,-3.6243,-3.2543,-2.889,-2.5341,-2.2064,-1.9389,-1.7622,-1.6903,-1.6959,-1.7193,-1.7021,-1.6218,-1.4955,-1.3607,-1.2537,-1.2078,-1.2633,-1.4621,-1.8306,-2.3515,-2.9637,-3.5769,-4.0941,-4.4485,-4.6244,-4.6605,-4.6268,-4.5916,-4.6027,-4.6836,-4.8385,-5.0615,-5.3321,-5.6167,-5.8686,-6.0344,-6.0691,-5.9458,-5.667,-5.2547,-4.7483,-4.2033,-3.6888,-3.2755,-3.0157,-2.922,-2.9697,-3.1077,-3.2802,-3.4451,-3.5798,-3.6726,-3.7105,-3.6761,-3.559,-3.3651,-3.1173
-3.715,-5.0243,-5.926,-6.3309,-6.1677,-5.5589,-4.8463,-4.2874,-3.8972,-3.5726,-3.2948,-3.1621,-3.2578,-3.5539,-3.9271,-4.2587,-4.4951,-4.6314,-4.6573,-4.5522,-4.3188,-3.9974,-3.6412,-3.2871,-2.9511,-2.6318,-2.3273,-2.0486,-1.8277,-1.7022,-1.6911,-1.7653,-1.855,-1.8848,-1.8206,-1.6789,-1.5082,-1.3636,-1.2932,-1.348,-1.569,-1.976,-2.5448,-3.207,-3.8619,-4.4039,-4.7539,-4.8937,-4.8697,-4.7644,-4.6588,-4.6085,-4.6414,-4.7636,-4.9625,-5.2154,-5.4882,-5.7383,-5.9199,-5.9923,-5.9266,-5.7088,-5.3419,-4.8512,-4.29,-3.7376,-3.28,-2.9753,-2.8461,-2.8697,-2.9955,-3.1671,-3.3405,-3.489,-3.5968,-3.6515,-3.629,-3.5239,-3.3425,-3.1052
-3.8526,-5.1472,-6.0225,-6.3989,-6.2129,-5.587,-4.862,-4.2957,-3.9051,-3.5863,-3.3174,-3.1919,-3.2878,-3.5714,-3.9187,-4.2122,-4.4032,-4.4892,-4.4629,-4.3103,-4.0432,-3.7069,-3.3538,-3.0206,-2.7187,-2.4425,-2.1821,-1.9417,-1.7534,-1.6609,-1.6841,-1.7964,-1.9206,-1.9735,-1.9118,-1.7557,-1.561,-1.3929,-1.3134,-1.3744,-1.6166,-2.0522,-2.6533,-3.3488,-4.0349,-4.5982,-4.9542,-5.0783,-5.0175,-4.8648,-4.7099,-4.617,-4.618,-4.7173,-4.9003,-5.1392,-5.3987,-5.6409,-5.8282,-5.924,-5.8987,-5.725,-5.3922,-4.9172,-4.3537,-3.7853,-3.299,-2.9682,-2.8132,-2.8142,-2.9231,-3.0856,-3.2581,-3.4134,-3.533,-3.5952,-3.5858,-3.4889,-3.3092,-3.0702
-4.0069,-5.284,-6.1326,-6.4798,-6.2675,-5.6184,-4.8754,-4.2999,-3.9105,-3.6036,-3.3504,-3.2352,-3.3273,-3.5868,-3.8928,-4.133,-4.2655,-4.2873,-4.1933,-3.9811,-3.6753,-3.3254,-2.9826,-2.6819,-2.4293,-2.2105,-2.0054,-1.8144,-1.6673,-1.611,-1.6662,-1.8077,-1.9558,-2.0185,-1.9465,-1.7616,-1.5333,-1.3423,-1.2595,-1.338,-1.6131,-2.0915,-2.7397,-3.4806,-4.2047,-4.7939,-5.1555,-5.2616,-5.1641,-4.9601,-4.7539,-4.6174,-4.5844,-4.6576,-4.8206,-5.0408,-5.2838,-5.5162,-5.7067,-5.8237,-5.8375,-5.7158,-5.4346,-4.9946,-4.4391,-3.8544,-3.344,-2.9777,-2.7884,-2.7616,-2.8523,-3.0065,-3.1777,-3.3336,-3.4523,-3.5171,-3.5047,-3.4104,-3.2409,-3.0157
-4.0982,-5.3633,-6.1989,-6.5312,-6.3025,-5.6366,-4.881,-4.2988,-3.9118,-3.6152,-3.375,-3.2664,-3.3523,-3.5914,-3.8658,-4.0699,-4.1643,-4.1433,-4.0035,-3.7518,-3.4208,-3.0635,-2.7314,-2.455,-2.238,-2.0591,-1.8923,-1.7355,-1.6174,-1.5801,-1.6482,-1.7929,-1.9388,-1.9911,-1.9016,-1.6928,-1.4415,-1.2413,-1.1624,-1.2619,-1.5673,-2.0797,-2.7597,-3.5264,-4.2693,-4.8713,-5.2376,-5.3392,-5.2264,-4.9997,-4.7653,-4.5999,-4.5426,-4.5974,-4.7486,-4.9619,-5.1989,-5.4263,-5.6177,-5.7481,-5.7855,-5.6934,-5.4393,-5.0185,-4.4746,-3.8953,-3.3771,-3.0042,-2.8033,-2.76,-2.8322,-2.9702,-3.1314,-3.284,-3.403,-3.463,-3.4504,-3.3535,-3.1808,-2.9557
-4.186,-5.4375,-6.2645,-6.5861,-6.3402,-5.656,-4.8851,-4.2957,-3.9117,-3.6288,-3.4048,-3.3016,-3.3754,-3.5857,-3.8221,-3.9882,-4.0431,-3.977,-3.7877,-3.4908,-3.1305,-2.7659,-2.4477,-2.2029,-2.0312,-1.9044,-1.7875,-1.6711,-1.5795,-1.5527,-1.6145,-1.7394,-1.8514,-1.8659,-1.7402,-1.5041,-1.2392,-1.0399,-0.98598,-1.1253,-1.4777,-2.0299,-2.7362,-3.518,-4.2703,-4.8801,-5.2538,-5.3552,-5.2305,-4.9873,-4.7353,-4.5523,-4.4754,-4.5127,-4.6422,-4.8368,-5.0637,-5.2909,-5.4894,-5.6307,-5.6877,-5.6236,-5.4061,-5.024,-4.5111,-3.9486,-3.4406,-3.0578,-2.8395,-2.7784,-2.8372,-2.9665,-3.1197,-3.2601,-3.3609,-3.4065,-3.3739,-3.2648,-3.0905,-2.8721
-4.2368,-5.4778,-6.3061,-6.6257,-6.3694,-5.6725,-4.8908,-4.2951,-3.9124,-3.6395,-3.4279,-3.3272,-3.3844,-3.5653,-3.7701,-3.9109,-3.9433,-3.8491,-3.6251,-3.2949,-2.9124,-2.5419,-2.2351,-2.0189,-1.8888,-1.8106,-1.741,-1.6561,-1.5739,-1.5354,-1.566,-1.6486,-1.7136,-1.6824,-1.5183,-1.2546,-0.97893,-0.78945,-0.7659,-0.95027,-1.3506,-1.9457,-2.6813,-3.4749,-4.2266,-4.8282,-5.1938,-5.291,-5.1661,-4.9176,-4.6566,-4.4629,-4.3758,-4.3974,-4.5184,-4.7053,-4.9243,-5.1452,-5.3418,-5.4883,-5.5543,-5.5063,-5.3128,-4.9648,-4.4947,-3.9767,-3.4968,-3.1361,-2.9244,-2.8555,-2.8966,-3.0045,-3.1369,-3.258,-3.3397,-3.3587,-3.3081,-3.1875,-3.0093,-2.793
-4.2542,-5.4889,-6.3238,-6.6465,-6.3877,-5.6857,-4.8991,-4.2992,-3.9149,-3.645,-3.4385,-3.3362,-3.3801,-3.5393,-3.7256,-3.8564,-3.8823,-3.7777,-3.5387,-3.1936,-2.8013,-2.4293,-2.1311,-1.9337,-1.8304,-1.7833,-1.7416,-1.6722,-1.5866,-1.5273,-1.5235,-1.5641,-1.5901,-1.5252,-1.3348,-1.0535,-0.77149,-0.59319,-0.59446,-0.8142,-1.2515,-1.8759,-2.6296,-3.4295,-4.176,-4.7676,-5.1227,-5.2164,-5.0929,-4.8525,-4.5952,-4.395,-4.2928,-4.3013,-4.4059,-4.5839,-4.8004,-5.0202,-5.2136,-5.3564,-5.4208,-5.3812,-5.2107,-4.8983,-4.469,-3.9884,-3.5443,-3.1988,-2.9919,-2.9225,-2.9612,-3.0645,-3.1873,-3.2914,-3.349,-3.347,-3.2713,-3.1312,-2.9417,-2.7225
-4.2553,-5.4836,-6.3324,-6.6653,-6.4095,-5.7077,-4.9193,-4.3132,-3.9209,-3.6476,-3.4406,-3.3319,-3.3576,-3.4931,-3.6647,-3.7938,-3.8227,-3.7165,-3.4702,-3.1171,-2.7214,-2.353,-2.0665,-1.89,-1.818,-1.8058,-1.7899,-1.7278,-1.6266,-1.53,-1.4728,-1.4518,-1.4162,-1.3022,-1.0788,-0.78336,-0.50278,-0.34135,-0.37799,-0.646,-1.1354,-1.8013,-2.5765,-3.3787,-4.1147,-4.6931,-5.039,-5.1254,-4.9998,-4.755,-4.4953,-4.2936,-4.185,-4.1765,-4.2622,-4.4191,-4.6198,-4.8324,-5.0231,-5.1605,-5.2201,-5.1776,-5.0185,-4.7439,-4.3786,-3.9734,-3.5904,-3.2955,-3.1167,-3.0545,-3.0847,-3.1696,-3.2684,-3.345,-3.3725,-3.3346,-3.2314,-3.0717,-2.8713,-2.6485
-4.2445,-5.4695,-6.3313,-6.6747,-6.4253,-5.729,-4.9425,-4.3306,-3.9276,-3.6448,-3.4315,-3.3149,-3.3278,-3.4511,-3.6197,-3.7557,-3.7942,-3.6943,-3.4503,-3.0992,-2.7072,-2.3449,-2.0679,-1.9067,-1.856,-1.8659,-1.8622,-1.7955,-1.6732,-1.5417,-1.4438,-1.3776,-1.2982,-1.1475,-0.90139,-0.5953,-0.31607,-0.16686,-0.22637,-0.52772,-1.055,-1.7582,-2.5601,-3.3718,-4.1032,-4.6658,-4.9962,-5.0752,-4.9464,-4.7033,-4.4409,-4.2293,-4.1058,-4.0815,-4.1514,-4.2963,-4.4865,-4.6868,-4.8635,-4.987,-5.0364,-4.9962,-4.8554,-4.6146,-4.2954,-3.9422,-3.6145,-3.3574,-3.2028,-3.153,-3.1865,-3.2673,-3.3542,-3.4103,-3.41,-3.3448,-3.2134,-3.0313,-2.8174,-2.5904
-4.2214,-5.4439,-6.325,-6.6836,-6.4469,-5.764,-4.9837,-4.3624,-3.9367,-3.6316,-3.4023,-3.2717,-3.2709,-3.386,-3.5599,-3.7144,-3.7745,-3.6924,-3.4631,-3.1254,-2.7453,-2.3939,-2.1302,-1.9884,-1.964,-1.9998,-2.0072,-1.9252,-1.7621,-1.5746,-1.4164,-1.2931,-1.1643,-0.97465,-0.70237,-0.38182,-0.10112,0.035781,-0.051065,-0.39252,-0.96819,-1.7182,-2.5586,-3.3947,-4.1315,-4.6875,-5,-5.0582,-4.9148,-4.6597,-4.3881,-4.1646,-4.0232,-3.9761,-4.0207,-4.1426,-4.3151,-4.5016,-4.6626,-4.7674,-4.7961,-4.7406,-4.6038,-4.3966,-4.1401,-3.8667,-3.6154,-3.4267,-3.3203,-3.2972,-3.338,-3.4102,-3.4761,-3.5017,-3.4648,-3.3617,-3.1959,-2.99,-2.764,-2.5337
-4.1965,-5.4174,-6.3166,-6.6895,-6.4679,-5.8045,-5.0331,-4.3976,-3.9405,-3.6031,-3.3525,-3.2098,-3.2016,-3.3184,-3.5052,-3.6822,-3.7691,-3.715,-3.5131,-3.2005,-2.841,-2.5049,-2.2549,-2.1312,-2.1303,-2.1875,-2.2,-2.0929,-1.8779,-1.628,-1.4087,-1.2357,-1.0692,-0.85265,-0.55899,-0.22299,0.066129,0.20016,0.094643,-0.28064,-0.90165,-1.6998,-2.582,-3.4476,-4.2,-4.7562,-5.0587,-5.0995,-4.9356,-4.6618,-4.3723,-4.131,-3.9707,-3.9018,-3.9261,-4.0275,-4.1784,-4.3415,-4.4785,-4.5573,-4.565,-4.4988,-4.3648,-4.1778,-3.9627,-3.7512,-3.5755,-3.4572,-3.4092,-3.4248,-3.483,-3.5532,-3.6022,-3.6016,-3.5338,-3.3949,-3.2017,-2.9721,-2.7263,-2.482
-4.1806,-5.4001,-6.3109,-6.6918,-6.4815,-5.8352,-5.0713,-4.422,-3.9351,-3.5689,-3.3017,-3.1537,-3.1473,-3.2708,-3.4695,-3.6624,-3.7695,-3.7406,-3.5681,-3.284,-2.9467,-2.6255,-2.3865,-2.2748,-2.2878,-2.3558,-2.364,-2.2309,-1.9735,-1.6791,-1.4218,-1.2204,-1.0335,-0.80193,-0.49402,-0.1448,0.15643,0.2961,0.18803,-0.20227,-0.85007,-1.6848,-2.6062,-3.5045,-4.2766,-4.8359,-5.1295,-5.1572,-4.9785,-4.6939,-4.3918,-4.1341,-3.9547,-3.8694,-3.8757,-3.9649,-4.1088,-4.2651,-4.3887,-4.4484,-4.4301,-4.3385,-4.1905,-4.0086,-3.8185,-3.6474,-3.52,-3.4536,-3.4522,-3.504,-3.5844,-3.6615,-3.7027,-3.6822,-3.5876,-3.423,-3.2053,-2.9593,-2.7056,-2.4588
-4.1672,-5.3834,-6.3054,-6.6909,-6.4927,-5.8712,-5.1167,-4.4441,-3.9124,-3.5063,-3.2205,-3.0737,-3.0789,-3.2171,-3.4306,-3.6405,-3.7725,-3.7823,-3.6606,-3.4277,-3.1291,-2.8309,-2.6047,-2.503,-2.5276,-2.6005,-2.5919,-2.4167,-2.1046,-1.76,-1.4687,-1.2458,-1.0437,-0.79472,-0.4658,-0.091424,0.23275,0.38891,0.28649,-0.11195,-0.78366,-1.6571,-2.6269,-3.5721,-4.3778,-4.9523,-5.2414,-5.2527,-5.0577,-4.7552,-4.4396,-4.1712,-3.9811,-3.8809,-3.8754,-3.9508,-4.0794,-4.2187,-4.3221,-4.3548,-4.3052,-4.183,-4.0108,-3.8178,-3.6362,-3.4957,-3.4202,-3.4153,-3.4749,-3.5785,-3.6951,-3.7896,-3.8294,-3.7916,-3.6691,-3.4736,-3.2268,-2.9562,-2.6852,-2.43
-4.1655,-5.3761,-6.3024,-6.6835,-6.4921,-5.8937,-5.1476,-4.4488,-3.8711,-3.4284,-3.1317,-2.9962,-3.0211,-3.1762,-3.4015,-3.622,-3.7758,-3.828,-3.7669,-3.5975,-3.348,-3.0764,-2.86,-2.7615,-2.786,-2.8493,-2.8126,-2.591,-2.2317,-1.8516,-1.5437,-1.3178,-1.1144,-0.85634,-0.50727,-0.10242,0.2534,0.43794,0.35257,-0.040392,-0.72111,-1.616,-2.6169,-3.5971,-4.4336,-5.0282,-5.3286,-5.3466,-5.153,-4.854,-4.5364,-4.2594,-4.0568,-3.9483,-3.9339,-4.0065,-4.1353,-4.2706,-4.3592,-4.365,-4.2785,-4.1135,-3.8996,-3.674,-3.4763,-3.3427,-3.2963,-3.3441,-3.4675,-3.6309,-3.7912,-3.9075,-3.9479,-3.8943,-3.7467,-3.5226,-3.2526,-2.9661,-2.6855,-2.4243
-4.173,-5.3774,-6.3009,-6.6717,-6.4813,-5.8988,-5.1579,-4.4386,-3.8287,-3.364,-3.066,-2.9448,-2.9877,-3.1553,-3.3858,-3.6102,-3.7776,-3.8614,-3.849,-3.7342,-3.529,-3.2821,-3.072,-2.9689,-2.981,-3.0248,-2.9591,-2.7038,-2.3148,-1.9187,-1.6088,-1.392,-1.2018,-0.94977,-0.59006,-0.16059,0.22802,0.4434,0.38305,0.0052151,-0.67016,-1.5698,-2.5828,-3.5802,-4.4339,-5.0483,-5.3678,-5.4016,-5.226,-4.9353,-4.6236,-4.353,-4.1569,-4.0484,-4.0389,-4.1143,-4.2424,-4.3722,-4.4487,-4.4363,-4.3197,-4.1195,-3.87,-3.6131,-3.3936,-3.2515,-3.2147,-3.2876,-3.4465,-3.6497,-3.8462,-3.987,-4.0352,-3.9733,-3.8073,-3.5648,-3.2765,-2.9764,-2.688,-2.4238
-4.1944,-5.3869,-6.2987,-6.6476,-6.453,-5.8878,-5.1524,-4.4081,-3.7618,-3.2778,-2.987,-2.8902,-2.9589,-3.1407,-3.3723,-3.595,-3.7751,-3.8987,-3.954,-3.9206,-3.7863,-3.5798,-3.3747,-3.2488,-3.2219,-3.2187,-3.1052,-2.8126,-2.4011,-2.0028,-1.708,-1.5193,-1.3617,-1.1273,-0.75788,-0.29474,0.1416,0.40483,0.38995,0.047958,-0.60154,-1.4908,-2.5045,-3.5066,-4.3703,-4.9941,-5.3376,-5.4171,-5.2945,-5.0611,-4.7931,-4.5467,-4.3587,-4.2554,-4.2431,-4.319,-4.4524,-4.5878,-4.662,-4.6275,-4.478,-4.2293,-3.9206,-3.6027,-3.3317,-3.159,-3.1169,-3.2106,-3.4131,-3.6693,-3.9127,-4.083,-4.1398,-4.0694,-3.8849,-3.6189,-3.3126,-2.9989,-2.7009,-2.4311
-4.2182,-5.3984,-6.2966,-6.6246,-6.4226,-5.8678,-5.1354,-4.3739,-3.707,-3.2172,-2.9391,-2.8647,-2.9531,-3.1425,-3.3685,-3.5838,-3.7678,-3.9182,-4.0252,-4.0577,-3.9826,-3.8085,-3.6025,-3.4473,-3.3744,-3.3203,-3.1678,-2.8556,-2.4449,-2.0626,-1.7929,-1.6369,-1.5076,-1.2882,-0.91296,-0.42735,0.040655,0.34001,0.36115,0.055525,-0.56161,-1.4213,-2.4135,-3.4031,-4.2621,-4.8975,-5.2714,-5.4009,-5.3404,-5.1642,-4.94,-4.7221,-4.5509,-4.4546,-4.45,-4.534,-4.6748,-4.8135,-4.8826,-4.8357,-4.6537,-4.362,-4.007,-3.6464,-3.3403,-3.1415,-3.0864,-3.1805,-3.3941,-3.6724,-3.945,-4.142,-4.2125,-4.1386,-3.938,-3.6552,-3.333,-3.0115,-2.7131,-2.4464
-4.2584,-5.4179,-6.2934,-6.5892,-6.3754,-5.8316,-5.1013,-4.3219,-3.6368,-3.1499,-2.8966,-2.8561,-2.9695,-3.1626,-3.3727,-3.5683,-3.7501,-3.9313,-4.1055,-4.2268,-4.2323,-4.1003,-3.8848,-3.6758,-3.5235,-3.3882,-3.1801,-2.851,-2.4629,-2.1241,-1.9102,-1.8119,-1.7287,-1.5337,-1.1562,-0.64208,-0.13287,0.21566,0.28553,0.031533,-0.53214,-1.3349,-2.2709,-3.215,-4.0489,-4.6977,-5.1271,-5.3443,-5.3901,-5.3125,-5.1682,-5.0063,-4.8672,-4.784,-4.7832,-4.8683,-5.0132,-5.1598,-5.2344,-5.175,-4.9673,-4.6294,-4.2111,-3.779,-3.4058,-3.1561,-3.0701,-3.1543,-3.3806,-3.6852,-3.9863,-4.2044,-4.2838,-4.2069,-3.9952,-3.6973,-3.3623,-3.0299,-2.7238,-2.4538
-4.3051,-5.4396,-6.2891,-6.5532,-6.3281,-5.7935,-5.0654,-4.273,-3.5803,-3.1058,-2.8841,-2.8799,-3.0147,-3.2028,-3.3866,-3.5528,-3.7251,-3.9303,-4.1632,-4.3662,-4.4484,-4.3542,-4.1202,-3.8456,-3.6021,-3.3813,-3.1197,-2.7867,-2.4335,-2.1527,-2.0081,-1.9768,-1.9546,-1.7987,-1.43,-0.8964,-0.34733,0.048865,0.17548,-0.019147,-0.51888,-1.2589,-2.1329,-3.0194,-3.8162,-4.4574,-4.9278,-5.2397,-5.41,-5.4662,-5.4314,-5.3386,-5.2313,-5.1581,-5.1545,-5.2382,-5.3882,-5.5436,-5.6224,-5.5571,-5.3187,-4.9315,-4.4557,-3.9682,-3.5457,-3.2521,-3.1281,-3.1835,-3.3885,-3.6852,-3.9933,-4.2262,-4.3163,-4.2387,-4.0185,-3.7087,-3.368,-3.038,-2.7384,-2.4731
-4.3423,-5.4554,-6.2856,-6.5293,-6.2992,-5.7716,-5.0457,-4.2471,-3.5539,-3.0934,-2.8976,-2.9197,-3.0671,-3.2456,-3.4034,-3.5442,-3.7064,-3.9236,-4.1909,-4.4441,-4.575,-4.5035,-4.2508,-3.9211,-3.6054,-3.3225,-3.0314,-2.7097,-2.3931,-2.1621,-2.0687,-2.0867,-2.1092,-1.9843,-1.6273,-1.0873,-0.5193,-0.095191,0.066652,-0.084743,-0.53365,-1.2168,-2.0334,-2.8711,-3.6372,-4.2793,-4.7856,-5.1655,-5.4297,-5.5799,-5.6261,-5.5907,-5.5147,-5.4484,-5.4434,-5.5206,-5.665,-5.8189,-5.8995,-5.8301,-5.5822,-5.1751,-4.668,-4.1407,-3.6758,-3.343,-3.1855,-3.2118,-3.3975,-3.6825,-3.9839,-4.2147,-4.3076,-4.236,-4.0197,-3.712,-3.3691,-3.033,-2.7277,-2.4618
-4.3913,-5.4748,-6.2821,-6.5072,-6.2777,-5.7627,-5.0402,-4.237,-3.548,-3.11,-2.948,-3.0013,-3.1598,-3.3191,-3.438,-3.5438,-3.6906,-3.9162,-4.2137,-4.5124,-4.6883,-4.634,-4.3489,-3.9409,-3.5304,-3.1742,-2.8633,-2.5738,-2.3239,-2.1672,-2.1386,-2.2134,-2.278,-2.1855,-1.8491,-1.3176,-0.74496,-0.29953,-0.10206,-0.20116,-0.58474,-1.1914,-1.9299,-2.701,-3.4251,-4.0652,-4.6158,-5.0826,-5.462,-5.737,-5.8877,-5.9201,-5.8743,-5.8129,-5.7945,-5.8578,-5.994,-6.1455,-6.2238,-6.1499,-5.8854,-5.4526,-4.9177,-4.3637,-3.8712,-3.5045,-3.3044,-3.2835,-3.4183,-3.6582,-3.9298,-4.149,-4.2435,-4.1789,-3.9708,-3.6704,-3.3362,-3.0108,-2.7158,-2.4568
-4.4261,-5.4866,-6.2812,-6.5016,-6.2796,-5.7769,-5.0572,-4.252,-3.569,-3.1483,-3.0107,-3.0838,-3.245,-3.3862,-3.4747,-3.5543,-3.6883,-3.9143,-4.2223,-4.5386,-4.731,-4.6759,-4.3603,-3.8962,-3.4263,-3.0292,-2.7109,-2.4499,-2.2527,-2.1529,-2.1736,-2.2842,-2.3718,-2.297,-1.9765,-1.461,-0.897,-0.44825,-0.23272,-0.30009,-0.64143,-1.2,-1.8904,-2.6192,-3.3164,-3.9487,-4.5171,-5.0301,-5.4783,-5.8318,-6.0564,-6.1434,-6.1254,-6.0659,-6.0367,-6.0783,-6.1901,-6.3219,-6.3892,-6.3092,-6.0446,-5.6135,-5.0771,-4.5159,-4.0088,-3.6198,-3.3895,-3.3299,-3.425,-3.6285,-3.8707,-4.0706,-4.1586,-4.0998,-3.9052,-3.6203,-3.299,-2.983,-2.6948,-2.4417
-4.4662,-5.4976,-6.2826,-6.5115,-6.3115,-5.8292,-5.1135,-4.3061,-3.6317,-3.2334,-3.1242,-3.2184,-3.3777,-3.4906,-3.5407,-3.5888,-3.7046,-3.9228,-4.2295,-4.5472,-4.7353,-4.6574,-4.2945,-3.7691,-3.2436,-2.8148,-2.4984,-2.277,-2.1437,-2.1126,-2.1943,-2.3419,-2.4493,-2.3837,-2.0797,-1.5869,-1.0471,-0.61423,-0.39745,-0.44513,-0.74767,-1.2544,-1.8879,-2.5675,-3.2334,-3.8617,-4.4537,-5.0148,-5.5311,-5.9598,-6.2503,-6.3791,-6.3758,-6.3131,-6.2637,-6.2805,-6.3656,-6.47,-6.5127,-6.418,-6.1508,-5.7277,-5.2065,-4.6604,-4.1601,-3.7619,-3.5023,-3.3959,-3.4302,-3.5694,-3.7566,-3.9224,-4.0016,-3.9552,-3.7848,-3.5274,-3.2308,-2.935,-2.6621,-2.419
-4.4961,-5.5019,-6.2879,-6.5414,-6.3788,-5.9221,-5.2097,-4.3981,-3.7312,-3.3531,-3.2669,-3.3737,-3.5232,-3.6062,-3.6237,-3.6486,-3.7496,-3.9549,-4.244,-4.536,-4.6895,-4.5679,-4.1556,-3.5847,-3.0278,-2.5917,-2.2977,-2.1224,-2.0465,-2.0706,-2.1892,-2.3508,-2.4521,-2.3786,-2.0833,-1.6242,-1.1296,-0.73727,-0.54531,-0.5967,-0.88305,-1.3577,-1.9519,-2.5958,-3.2385,-3.8609,-4.465,-5.0525,-5.6033,-6.066,-6.383,-6.5296,-6.536,-6.469,-6.408,-6.3965,-6.4387,-6.4958,-6.501,-6.3882,-6.1262,-5.7286,-5.2424,-4.7299,-4.2522,-3.8591,-3.5831,-3.4386,-3.421,-3.5022,-3.6342,-3.7575,-3.8167,-3.7772,-3.6357,-3.4141,-3.1552,-2.8892,-2.6354,-2.4017
-4.5098,-5.4993,-6.2939,-6.577,-6.4512,-6.0162,-5.3058,-4.4898,-3.8268,-3.4611,-3.388,-3.4971,-3.6328,-3.6936,-3.6916,-3.7064,-3.802,-3.997,-4.2642,-4.5217,-4.6332,-4.4709,-4.0257,-3.4322,-2.8648,-2.433,-2.1612,-2.0212,-1.9856,-2.0435,-2.1768,-2.3335,-2.4135,-2.322,-2.0279,-1.5956,-1.1435,-0.79508,-0.63726,-0.70745,-0.99695,-1.4634,-2.0438,-2.6732,-3.3057,-3.9211,-4.5224,-5.1116,-5.6654,-6.1318,-6.4505,-6.5941,-6.5924,-6.5169,-6.4387,-6.4045,-6.4206,-6.451,-6.4325,-6.3069,-6.0471,-5.6661,-5.2082,-4.7292,-4.2813,-3.9054,-3.6277,-3.4637,-3.4096,-3.446,-3.536,-3.6303,-3.6788,-3.6462,-3.5239,-3.3322,-3.0978,-2.8519,-2.6136,-2.3911
-4.5141,-5.4864,-6.3012,-6.638,-6.5703,-6.1686,-5.4581,-4.6346,-3.9736,-3.6202,-3.5568,-3.6596,-3.7712,-3.8025,-3.7842,-3.7975,-3.8936,-4.0748,-4.304,-4.5007,-4.5424,-4.3211,-3.8409,-3.234,-2.6681,-2.2507,-2.0074,-1.9084,-1.9178,-2.009,-2.1513,-2.2878,-2.329,-2.2036,-1.9043,-1.5019,-1.1073,-0.82737,-0.73352,-0.85049,-1.1657,-1.6368,-2.21,-2.8302,-3.4542,-4.067,-4.6649,-5.244,-5.779,-6.2142,-6.4941,-6.6011,-6.5743,-6.4838,-6.3938,-6.3415,-6.3278,-6.3219,-6.2739,-6.1354,-5.8855,-5.5337,-5.1156,-4.6789,-4.2688,-3.9194,-3.6507,-3.4739,-3.3888,-3.3815,-3.4239,-3.4779,-3.5048,-3.4763,-3.3819,-3.227,-3.0348,-2.8247,-2.6111,-2.4016
-4.4998,-5.4606,-6.3034,-6.7039,-6.7019,-6.3359,-5.6256,-4.7926,-4.1312,-3.7825,-3.7177,-3.8037,-3.8861,-3.8931,-3.8698,-3.8946,-4.0005,-4.1707,-4.3576,-4.4848,-4.4492,-4.1697,-3.6644,-3.0595,-2.5088,-2.1136,-1.897,-1.8304,-1.8702,-1.9802,-2.1208,-2.2277,-2.2265,-2.064,-1.7552,-1.3765,-1.034,-0.82353,-0.80067,-0.98089,-1.341,-1.8411,-2.426,-3.0455,-3.6653,-4.2671,-4.8491,-5.401,-5.8907,-6.2664,-6.4835,-6.5399,-6.48,-6.3692,-6.2654,-6.1992,-6.1715,-6.1527,-6.0948,-5.9547,-5.7111,-5.3754,-4.9842,-4.5829,-4.2113,-3.8954,-3.6473,-3.473,-3.3683,-3.3258,-3.3294,-3.3536,-3.3682,-3.3471,-3.276,-3.1574,-2.9985,-2.8156,-2.6217,-2.4249
-4.4754,-5.4306,-6.2971,-6.7483,-6.7973,-6.4581,-5.7487,-4.909,-4.246,-3.8957,-3.8219,-3.8895,-3.949,-3.9421,-3.9222,-3.9626,-4.0817,-4.2473,-4.4035,-4.4779,-4.3845,-4.0645,-3.5462,-2.9488,-2.4149,-2.0398,-1.8442,-1.7992,-1.8566,-1.9741,-2.1056,-2.1849,-2.147,-1.955,-1.6392,-1.2798,-0.97731,-0.81738,-0.84651,-1.0733,-1.4706,-1.998,-2.601,-3.2292,-3.8493,-4.4418,-5.0029,-5.5219,-5.9657,-6.2869,-6.4484,-6.4562,-6.3613,-6.2326,-6.1216,-6.0566,-6.0329,-6.0175,-5.9628,-5.8281,-5.5916,-5.2667,-4.8892,-4.5035,-4.1486,-3.8498,-3.6169,-3.4513,-3.3472,-3.296,-3.2837,-3.2905,-3.2945,-3.2761,-3.2221,-3.1249,-2.9935,-2.833,-2.6521,-2.4589
-4.4233,-5.3725,-6.271,-6.7877,-6.9028,-6.5967,-5.8904,-5.0456,-4.3795,-4.0217,-3.9274,-3.9634,-3.9934,-3.974,-3.9656,-4.0338,-4.1777,-4.3447,-4.4661,-4.4746,-4.3102,-3.9432,-3.4129,-2.8291,-2.3208,-1.9742,-1.8091,-1.7917,-1.8706,-1.9921,-2.1012,-2.1391,-2.0496,-1.8244,-1.5056,-1.1763,-0.92581,-0.82543,-0.91646,-1.1972,-1.6412,-2.2,-2.8242,-3.4659,-4.0879,-4.6729,-5.209,-5.6786,-6.0493,-6.2793,-6.3489,-6.285,-6.1494,-6.0047,-5.9008,-5.8529,-5.8485,-5.8525,-5.8175,-5.6989,-5.4769,-5.1608,-4.7859,-4.4006,-4.0504,-3.7643,-3.5501,-3.4024,-3.3104,-3.2627,-3.2474,-3.2497,-3.2527,-3.2398,-3.1985,-3.1226,-3.0094,-2.8652,-2.6976,-2.5137
-4.368,-5.3135,-6.2334,-6.7938,-6.9514,-6.6674,-5.9667,-5.1237,-4.4568,-4.091,-3.9774,-3.9867,-3.9948,-3.9697,-3.9739,-4.0654,-4.2318,-4.405,-4.506,-4.4722,-4.2617,-3.8656,-3.3314,-2.762,-2.2755,-1.9506,-1.8057,-1.805,-1.8937,-2.0121,-2.1029,-2.113,-1.999,-1.7629,-1.4487,-1.1375,-0.91292,-0.84536,-0.96977,-1.2841,-1.7574,-2.3403,-2.9819,-3.6331,-4.2563,-4.8304,-5.3381,-5.76,-6.0667,-6.2269,-6.238,-6.1338,-5.9752,-5.8253,-5.7277,-5.6979,-5.7219,-5.7585,-5.7515,-5.6521,-5.4352,-5.1131,-4.7278,-4.3338,-3.9797,-3.6961,-3.4914,-3.3583,-3.2803,-3.2441,-3.2373,-3.2464,-3.2561,-3.252,-3.2216,-3.155,-3.0521,-2.9126,-2.743,-2.5531
-4.2715,-5.2117,-6.1532,-6.7591,-6.9597,-6.6987,-6.0108,-5.1805,-4.5189,-4.1431,-4.0031,-3.9766,-3.9568,-3.9275,-3.951,-4.0749,-4.273,-4.4595,-4.5425,-4.4632,-4.2023,-3.7762,-3.2427,-2.6971,-2.2416,-1.9465,-1.8253,-1.8422,-1.9359,-2.0459,-2.1155,-2.0975,-1.9687,-1.7317,-1.431,-1.139,-0.93865,-0.901,-1.0572,-1.4038,-1.902,-2.505,-3.158,-3.8136,-4.4343,-4.9917,-5.4629,-5.8227,-6.0457,-6.1166,-6.05,-5.895,-5.7168,-5.5729,-5.5038,-5.5179,-5.5936,-5.6829,-5.7229,-5.6541,-5.4502,-5.1205,-4.71,-4.282,-3.8973,-3.597,-3.3936,-3.2793,-3.2344,-3.2361,-3.2629,-3.2962,-3.3201,-3.3222,-3.293,-3.2261,-3.118,-2.9746,-2.8028,-2.6107
-4.149,-5.0828,-6.0342,-6.6679,-6.8916,-6.6462,-5.9785,-5.175,-4.5299,-4.149,-3.9852,-3.9261,-3.8815,-3.8487,-3.8892,-4.0421,-4.2696,-4.4729,-4.5481,-4.4376,-4.1419,-3.6993,-3.1739,-2.6528,-2.2261,-1.9572,-1.8585,-1.892,-1.9953,-2.1018,-2.1538,-2.1153,-1.9715,-1.7391,-1.4598,-1.1986,-1.0285,-1.0105,-1.1799,-1.529,-2.0274,-2.6261,-3.2787,-3.937,-4.5553,-5.095,-5.5222,-5.8117,-5.9496,-5.9438,-5.8256,-5.6475,-5.4699,-5.3473,-5.314,-5.3799,-5.5203,-5.6776,-5.7748,-5.7438,-5.5451,-5.1944,-4.7475,-4.2791,-3.8589,-3.5339,-3.3227,-3.2191,-3.1991,-3.2367,-3.3062,-3.3821,-3.44,-3.4599,-3.4298,-3.3508,-3.2215,-3.0507,-2.8509,-2.6353
-4.0411,-4.9679,-5.9201,-6.5613,-6.7894,-6.5508,-5.9052,-5.1314,-4.5069,-4.1285,-3.9507,-3.871,-3.8101,-3.7728,-3.8212,-3.9896,-4.2346,-4.4502,-4.5256,-4.4033,-4.0934,-3.6472,-3.133,-2.6312,-2.2254,-1.9738,-1.8879,-1.9316,-2.042,-2.147,-2.1913,-2.1444,-1.9998,-1.78,-1.5227,-1.2836,-1.1283,-1.1153,-1.2794,-1.618,-2.1045,-2.6935,-3.3401,-3.9954,-4.6088,-5.136,-5.5326,-5.771,-5.8495,-5.7908,-5.6445,-5.4652,-5.3052,-5.2106,-5.211,-5.3141,-5.4975,-5.7033,-5.8482,-5.8481,-5.6644,-5.3053,-4.8304,-4.3227,-3.8615,-3.5036,-3.2751,-3.1734,-3.1802,-3.2618,-3.3781,-3.4895,-3.5647,-3.5845,-3.5428,-3.4404,-3.2884,-3.1006,-2.8885,-2.662
-3.8785,-4.7936,-5.738,-6.374,-6.5941,-6.3591,-5.7492,-5.0273,-4.4406,-4.0748,-3.8869,-3.7869,-3.7088,-3.6636,-3.7139,-3.8912,-4.1485,-4.3758,-4.4566,-4.3313,-4.0171,-3.5761,-3.0821,-2.6107,-2.2356,-2.0093,-1.9402,-1.9949,-2.1072,-2.2069,-2.2439,-2.1939,-2.0653,-1.874,-1.6495,-1.4343,-1.2879,-1.2707,-1.4169,-1.7329,-2.1932,-2.7643,-3.3979,-4.0434,-4.6467,-5.1508,-5.5077,-5.6889,-5.7032,-5.5941,-5.4223,-5.2474,-5.1172,-5.065,-5.1171,-5.2771,-5.5196,-5.7837,-5.9809,-6.0229,-5.8532,-5.4821,-4.9751,-4.4251,-3.9204,-3.5247,-3.2705,-3.1666,-3.1923,-3.3132,-3.4829,-3.6496,-3.7653,-3.7977,-3.737,-3.5968,-3.3965,-3.1582,-2.9018,-2.6424
-3.698,-4.5999,-5.5296,-6.1479,-6.3482,-6.1135,-5.5439,-4.8817,-4.3431,-4.0001,-3.8135,-3.7033,-3.6142,-3.5599,-3.6018,-3.7728,-4.027,-4.2554,-4.3412,-4.2234,-3.9205,-3.4987,-3.0335,-2.5961,-2.2546,-2.0558,-2.0084,-2.0764,-2.1925,-2.2891,-2.3162,-2.2634,-2.1447,-1.9784,-1.7838,-1.5957,-1.4631,-1.4401,-1.5642,-1.845,-2.2703,-2.8121,-3.431,-4.0724,-4.6702,-5.1544,-5.4684,-5.5929,-5.554,-5.4162,-5.2481,-5.1012,-5.0098,-5.0016,-5.0903,-5.2822,-5.5583,-5.862,-6.1032,-6.1813,-6.0386,-5.674,-5.1532,-4.5732,-4.0284,-3.5912,-3.3065,-3.1894,-3.2324,-3.3995,-3.63,-3.8506,-3.9945,-4.0217,-3.9278,-3.7338,-3.4787,-3.1945,-2.903,-2.617
-3.5541,-4.4457,-5.3624,-5.9635,-6.1449,-5.9095,-5.3708,-4.7556,-4.2576,-3.938,-3.7587,-3.6478,-3.5542,-3.4918,-3.5213,-3.6773,-3.9177,-4.1369,-4.222,-4.1136,-3.8293,-3.4339,-3,-2.594,-2.2797,-2.1013,-2.071,-2.1494,-2.2729,-2.3692,-2.3902,-2.3336,-2.2152,-2.059,-1.8809,-1.7086,-1.584,-1.5555,-1.6633,-1.9201,-2.322,-2.8437,-3.4497,-4.0857,-4.6786,-5.1561,-5.4532,-5.549,-5.483,-5.3278,-5.1607,-5.0334,-4.9725,-4.9923,-5.1056,-5.3137,-5.5986,-5.9087,-6.1592,-6.2564,-6.1318,-5.7831,-5.2706,-4.6883,-4.1312,-3.6755,-3.3726,-3.2479,-3.2948,-3.48,-3.7421,-3.9997,-4.1704,-4.1985,-4.0752,-3.8367,-3.5298,-3.1999,-2.8752,-2.5684
-3.3555,-4.2338,-5.1338,-5.7124,-5.8689,-5.6324,-5.1328,-4.579,-4.1381,-3.8559,-3.695,-3.5909,-3.4954,-3.4207,-3.4266,-3.5507,-3.7571,-3.9505,-4.0272,-3.933,-3.6841,-3.3389,-2.9621,-2.6121,-2.3422,-2.1949,-2.1811,-2.2682,-2.3938,-2.4863,-2.5019,-2.4394,-2.3211,-2.1706,-2.0019,-1.837,-1.7116,-1.6734,-1.7588,-1.9909,-2.3702,-2.8823,-3.487,-4.1222,-4.7108,-5.17,-5.4409,-5.5119,-5.4295,-5.277,-5.1279,-5.0289,-4.9998,-5.0447,-5.1667,-5.3662,-5.6289,-5.9142,-6.1517,-6.2571,-6.164,-5.8581,-5.3823,-4.8186,-4.2597,-3.7895,-3.4706,-3.3383,-3.3976,-3.6142,-3.9169,-4.2085,-4.3919,-4.4037,-4.2384,-3.9395,-3.5747,-3.195,-2.8304,-2.4926
-3.2047,-4.0745,-4.9639,-5.5287,-5.6698,-5.4326,-4.9588,-4.4485,-4.0506,-3.8003,-3.6589,-3.5637,-3.4685,-3.3836,-3.3674,-3.4598,-3.6317,-3.7974,-3.8638,-3.7818,-3.5652,-3.2654,-2.9388,-2.6377,-2.4079,-2.2894,-2.2882,-2.3802,-2.5016,-2.5867,-2.5959,-2.525,-2.4018,-2.2451,-2.0714,-1.9015,-1.772,-1.7286,-1.8061,-2.0278,-2.3974,-2.9045,-3.5107,-4.1498,-4.7394,-5.1902,-5.4445,-5.5019,-5.4185,-5.2804,-5.1603,-5.0938,-5.0873,-5.139,-5.2434,-5.4046,-5.6203,-5.8633,-6.0739,-6.1729,-6.1007,-5.8321,-5.3985,-4.8713,-4.3374,-3.8794,-3.5621,-3.432,-3.4934,-3.7161,-4.032,-4.3412,-4.5347,-4.5356,-4.3355,-3.9919,-3.5797,-3.1635,-2.7763,-2.4261
-3.0064,-3.8671,-4.7471,-5.3001,-5.4273,-5.1899,-4.7444,-4.2856,-3.9421,-3.7366,-3.6261,-3.5476,-3.4542,-3.3551,-3.306,-3.3486,-3.4651,-3.5855,-3.6335,-3.5694,-3.4016,-3.1672,-2.9106,-2.6753,-2.5043,-2.431,-2.4607,-2.5651,-2.6831,-2.753,-2.7386,-2.6438,-2.4956,-2.3159,-2.1229,-1.9399,-1.8045,-1.7563,-1.8329,-2.0509,-2.4183,-2.9198,-3.5205,-4.1575,-4.742,-5.1954,-5.4596,-5.5326,-5.4753,-5.3681,-5.279,-5.2401,-5.2501,-5.2896,-5.3547,-5.4497,-5.5815,-5.7396,-5.8849,-5.9599,-5.9029,-5.6899,-5.3319,-4.8751,-4.3901,-3.9584,-3.6562,-3.5325,-3.6066,-3.8493,-4.1849,-4.5021,-4.6836,-4.6524,-4.4081,-4.0171,-3.5634,-3.1139,-2.6994,-2.3251
-2.8165,-3.6714,-4.5494,-5.1001,-5.2222,-4.9846,-4.5591,-4.1404,-3.8458,-3.6852,-3.609,-3.5514,-3.4635,-3.3507,-3.2672,-3.2571,-3.3115,-3.3792,-3.4043,-3.3566,-3.2384,-3.0719,-2.8881,-2.7222,-2.6151,-2.5921,-2.6579,-2.7722,-2.8817,-2.9269,-2.8792,-2.7526,-2.57,-2.3594,-2.1405,-1.9405,-1.7943,-1.7401,-1.8086,-2.0218,-2.389,-2.9,-3.5121,-4.1504,-4.7281,-5.1659,-5.4275,-5.5291,-5.5257,-5.4884,-5.466,-5.4706,-5.4849,-5.4876,-5.4707,-5.4573,-5.4796,-5.5472,-5.6323,-5.6786,-5.6356,-5.4659,-5.1706,-4.7854,-4.3702,-3.9965,-3.7313,-3.6331,-3.7156,-3.9536,-4.278,-4.5817,-4.7463,-4.6907,-4.4142,-3.9879,-3.5072,-3.0359,-2.6053,-2.2181
-2.6829,-3.5358,-4.4172,-4.9733,-5.0974,-4.8597,-4.443,-4.0456,-3.7809,-3.6519,-3.6026,-3.5642,-3.4836,-3.3622,-3.2531,-3.2022,-3.2087,-3.2352,-3.2407,-3.2027,-3.1197,-3.0041,-2.8777,-2.7693,-2.7131,-2.7283,-2.8102,-2.9212,-3.0107,-3.029,-2.9578,-2.8093,-2.6067,-2.3752,-2.1368,-1.9216,-1.7652,-1.7058,-1.7701,-1.9809,-2.3465,-2.8568,-3.4667,-4.0982,-4.6655,-5.0987,-5.3727,-5.511,-5.565,-5.592,-5.6234,-5.6566,-5.6654,-5.6257,-5.5394,-5.4456,-5.3891,-5.3887,-5.4239,-5.4489,-5.4068,-5.2661,-5.0204,-4.6908,-4.3235,-3.9844,-3.7486,-3.664,-3.7572,-4.0029,-4.3254,-4.6117,-4.7448,-4.6548,-4.3526,-3.9154,-3.4264,-2.9527,-2.5216,-2.1331
-2.5201,-3.3738,-4.2652,-4.8375,-4.9709,-4.7336,-4.3194,-3.9378,-3.7017,-3.6083,-3.5963,-3.5888,-3.5251,-3.3974,-3.2552,-3.1492,-3.0922,-3.0658,-3.0464,-3.0199,-2.9802,-2.9277,-2.8728,-2.8376,-2.8443,-2.9045,-2.9987,-3.0938,-3.1407,-3.1109,-3.0031,-2.8293,-2.6121,-2.3657,-2.1117,-1.8814,-1.7145,-1.6479,-1.7095,-1.9156,-2.2724,-2.7651,-3.3486,-3.9526,-4.4973,-4.9308,-5.2378,-5.4408,-5.5852,-5.7056,-5.8137,-5.8882,-5.8875,-5.7837,-5.5977,-5.3916,-5.2346,-5.1602,-5.1534,-5.1616,-5.1332,-5.0226,-4.8156,-4.5312,-4.2158,-3.9312,-3.7366,-3.6859,-3.7887,-4.0165,-4.3005,-4.5409,-4.6344,-4.5185,-4.205,-3.765,-3.2871,-2.8273,-2.4091,-2.0275
-2.4116,-3.268,-4.1702,-4.7601,-4.9047,-4.6671,-4.2485,-3.8694,-3.6449,-3.5723,-3.5879,-3.6094,-3.5666,-3.441,-3.2763,-3.1285,-3.0239,-2.9595,-2.9243,-2.9076,-2.8982,-2.8873,-2.8765,-2.8824,-2.9247,-3.0096,-3.1118,-3.1894,-3.1993,-3.1264,-2.9847,-2.7955,-2.5757,-2.3325,-2.0812,-1.852,-1.683,-1.6108,-1.6608,-1.8514,-2.1902,-2.6647,-3.2285,-3.8093,-4.334,-4.7576,-5.0794,-5.3293,-5.544,-5.7449,-5.9199,-6.0267,-6.0129,-5.8572,-5.5987,-5.3232,-5.1127,-5.0028,-4.9756,-4.9796,-4.9549,-4.859,-4.6773,-4.4238,-4.1375,-3.8753,-3.7009,-3.6577,-3.7609,-3.9804,-4.2426,-4.4468,-4.4993,-4.3541,-4.0333,-3.6098,-3.1493,-2.7069,-2.3025,-1.9318
-2.2865,-3.1496,-4.0693,-4.6864,-4.8492,-4.6091,-4.1771,-3.7893,-3.5685,-3.5159,-3.5688,-3.638,-3.6369,-3.5268,-3.3369,-3.1316,-2.9604,-2.846,-2.7922,-2.7905,-2.8211,-2.8604,-2.8965,-2.9397,-3.0096,-3.1088,-3.2065,-3.2475,-3.1979,-3.0644,-2.881,-2.6818,-2.4748,-2.2555,-2.0278,-1.8151,-1.6526,-1.5745,-1.6038,-1.7625,-2.0631,-2.4993,-3.0276,-3.5754,-4.073,-4.4864,-4.8239,-5.1236,-5.4203,-5.7147,-5.9707,-6.1169,-6.0871,-5.8718,-5.5408,-5.2031,-4.9491,-4.8145,-4.7797,-4.7893,-4.7816,-4.7083,-4.5479,-4.3121,-4.0422,-3.7972,-3.6355,-3.5993,-3.6912,-3.8757,-4.0833,-4.2277,-4.2338,-4.069,-3.7571,-3.3605,-2.9418,-2.5418,-2.174,-1.8292
-2.1851,-3.0564,-3.9948,-4.6402,-4.8221,-4.5756,-4.1227,-3.7152,-3.4873,-3.4484,-3.5398,-3.6682,-3.7273,-3.6477,-3.4388,-3.1738,-2.9319,-2.7657,-2.695,-2.7113,-2.7821,-2.8668,-2.9395,-3.0024,-3.0752,-3.1605,-3.2234,-3.2109,-3.0986,-2.911,-2.6989,-2.5013,-2.3206,-2.1433,-1.9589,-1.7801,-1.6345,-1.5513,-1.5603,-1.683,-1.9389,-2.3226,-2.7978,-3.3014,-3.7711,-4.1789,-4.5379,-4.8826,-5.2388,-5.5997,-5.9084,-6.0777,-6.0356,-5.7857,-5.4153,-5.0511,-4.7892,-4.6629,-4.6464,-4.6782,-4.693,-4.6376,-4.4896,-4.2593,-3.9872,-3.7343,-3.5627,-3.5103,-3.5814,-3.735,-3.896,-3.9816,-3.9342,-3.7432,-3.4425,-3.0835,-2.7154,-2.3662,-2.0397,-1.7249
-2.1245,-3.0024,-3.9539,-4.6183,-4.8123,-4.5582,-4.0859,-3.6596,-3.4222,-3.3913,-3.5125,-3.6922,-3.8083,-3.7615,-3.5423,-3.2318,-2.936,-2.7303,-2.6466,-2.6761,-2.7764,-2.8918,-2.9833,-3.0483,-3.1073,-3.1663,-3.1911,-3.1337,-2.9769,-2.7543,-2.5278,-2.3365,-2.1822,-2.0436,-1.9006,-1.7535,-1.6217,-1.5336,-1.5205,-1.6123,-1.8318,-2.1809,-2.6244,-3.1018,-3.5559,-3.9584,-4.324,-4.6869,-5.0685,-5.4569,-5.7855,-5.9603,-5.9128,-5.6548,-5.2861,-4.9331,-4.6878,-4.5809,-4.5863,-4.6424,-4.679,-4.6393,-4.4962,-4.2612,-3.9803,-3.7178,-3.5327,-3.4656,-3.5085,-3.6195,-3.7322,-3.7775,-3.7075,-3.5139,-3.2265,-2.8951,-2.5592,-2.2415,-1.9453,-1.6587
-2.0632,-2.9499,-3.9149,-4.5976,-4.8014,-4.5331,-4.0324,-3.5797,-3.329,-3.3073,-3.47,-3.7248,-3.9296,-3.9391,-3.7113,-3.3412,-2.9744,-2.7173,-2.6158,-2.6608,-2.7976,-2.9487,-3.0541,-3.1034,-3.1246,-3.1348,-3.1067,-2.9948,-2.7858,-2.5235,-2.2782,-2.0942,-1.975,-1.8882,-1.8014,-1.6986,-1.5877,-1.4942,-1.4504,-1.4996,-1.6748,-1.984,-2.3961,-2.8515,-3.2925,-3.6942,-4.0634,-4.4308,-4.8209,-5.2105,-5.5398,-5.7152,-5.6707,-5.4259,-5.0857,-4.7721,-4.5724,-4.5125,-4.5625,-4.6575,-4.7261,-4.7084,-4.5739,-4.3314,-4.028,-3.7344,-3.5192,-3.4174,-3.4282,-3.5046,-3.5741,-3.5688,-3.4543,-3.2393,-2.9616,-2.6621,-2.372,-2.1041,-1.852,-1.6005
-2.0223,-2.917,-3.8885,-4.5784,-4.7803,-4.4939,-3.9656,-3.4898,-3.229,-3.2173,-3.4206,-3.7536,-4.0567,-4.1353,-3.9063,-3.48,-3.0449,-2.7386,-2.619,-2.676,-2.8432,-3.0224,-3.1319,-3.1519,-3.1204,-3.0706,-2.9913,-2.8365,-2.5922,-2.3022,-2.036,-1.8516,-1.7508,-1.7026,-1.66,-1.5957,-1.5039,-1.406,-1.3439,-1.3668,-1.5146,-1.7959,-2.1817,-2.6172,-3.0492,-3.4493,-3.8252,-4.1989,-4.5816,-4.9566,-5.2574,-5.406,-5.3591,-5.1477,-4.8654,-4.6224,-4.4922,-4.4942,-4.5973,-4.7368,-4.8392,-4.8405,-4.7083,-4.4547,-4.1332,-3.819,-3.5798,-3.4539,-3.4296,-3.4586,-3.4752,-3.4239,-3.2809,-3.058,-2.789,-2.5132,-2.2532,-2.0136,-1.789,-1.5674
-2.0033,-2.9027,-3.8737,-4.5596,-4.7521,-4.4499,-3.904,-3.4156,-3.1508,-3.1476,-3.3801,-3.7709,-4.1512,-4.2891,-4.0656,-3.5994,-3.1139,-2.7711,-2.6366,-2.6989,-2.884,-3.0796,-3.1888,-3.1847,-3.1104,-3.0128,-2.8911,-2.7076,-2.4465,-2.1443,-1.8707,-1.6821,-1.5862,-1.5521,-1.5288,-1.4804,-1.3952,-1.2938,-1.2236,-1.2367,-1.3757,-1.6494,-2.0316,-2.4679,-2.9021,-3.3041,-3.675,-4.0355,-4.3998,-4.748,-5.0243,-5.1605,-5.1237,-4.9453,-4.7169,-4.5325,-4.4566,-4.5046,-4.6462,-4.8188,-4.9457,-4.965,-4.8407,-4.5815,-4.2437,-3.9105,-3.6586,-3.519,-3.4842,-3.4993,-3.4917,-3.4058,-3.2263,-2.9777,-2.7021,-2.4347,-2.1945,-1.9832,-1.7877,-1.5908
-1.9903,-2.8943,-3.8564,-4.5239,-4.6933,-4.3685,-3.8062,-3.3096,-3.0454,-3.0543,-3.3225,-3.7842,-4.2663,-4.4906,-4.2828,-3.7681,-3.2177,-2.8265,-2.6703,-2.7354,-2.9378,-3.1491,-3.2532,-3.2148,-3.0842,-2.9277,-2.7581,-2.5468,-2.2712,-1.957,-1.6724,-1.471,-1.3698,-1.3365,-1.3198,-1.2729,-1.1831,-1.0765,-1.0033,-1.0221,-1.1712,-1.4577,-1.8515,-2.2962,-2.7352,-3.1373,-3.4998,-3.8423,-4.178,-4.4894,-4.7326,-4.8539,-4.8318,-4.7026,-4.5408,-4.4302,-4.4268,-4.5411,-4.7386,-4.9522,-5.1083,-5.1388,-5.0125,-4.7484,-4.4111,-4.0846,-3.8381,-3.7043,-3.6589,-3.6442,-3.5937,-3.4634,-3.2485,-2.9778,-2.6924,-2.428,-2.1985,-1.9989,-1.817,-1.6395
-1.9873,-2.8933,-3.8428,-4.4881,-4.6328,-4.2913,-3.7227,-3.2268,-2.9672,-2.9859,-3.2766,-3.7849,-4.3374,-4.6265,-4.4358,-3.8908,-3.2968,-2.8724,-2.6997,-2.763,-2.9727,-3.1897,-3.2853,-3.2193,-3.0503,-2.8583,-2.6669,-2.4454,-2.1638,-1.8398,-1.5384,-1.3186,-1.2012,-1.1563,-1.1311,-1.0762,-0.97955,-0.871,-0.80729,-0.84548,-1.0184,-1.325,-1.73,-2.1791,-2.6206,-3.023,-3.3859,-3.722,-4.0383,-4.3246,-4.5405,-4.6489,-4.641,-4.5486,-4.4406,-4.3867,-4.4321,-4.5835,-4.8076,-5.0422,-5.2105,-5.2501,-5.1293,-4.8673,-4.5324,-4.2144,-3.9865,-3.8692,-3.8395,-3.8293,-3.7629,-3.5966,-3.3378,-3.0305,-2.7256,-2.4549,-2.2312,-2.0474,-1.8849,-1.7249
-1.9884,-2.8956,-3.8227,-4.4294,-4.5345,-4.1716,-3.6022,-3.1156,-2.8684,-2.9013,-3.2165,-3.7736,-4.4021,-4.766,-4.6007,-4.0288,-3.3927,-2.9344,-2.7414,-2.797,-3.0059,-3.219,-3.2973,-3.1988,-2.9908,-2.7667,-2.5592,-2.3314,-2.0421,-1.7029,-1.3722,-1.1203,-0.97014,-0.89839,-0.84983,-0.77884,-0.67326,-0.56729,-0.52316,-0.59468,-0.80801,-1.1528,-1.5894,-2.0608,-2.5129,-2.9161,-3.2659,-3.578,-3.8675,-4.1261,-4.3297,-4.447,-4.468,-4.4221,-4.3651,-4.3595,-4.4481,-4.6355,-4.8859,-5.1328,-5.3041,-5.3373,-5.2112,-4.9583,-4.6538,-4.3839,-4.2103,-4.1471,-4.1472,-4.1328,-4.0325,-3.8188,-3.5153,-3.1743,-2.8472,-2.5681,-2.3424,-2.1578,-1.9966,-1.844
-1.991,-2.8987,-3.8,-4.362,-4.4247,-4.0425,-3.4798,-3.0118,-2.7828,-2.8313,-3.1647,-3.7517,-4.4259,-4.8375,-4.6958,-4.1196,-3.468,-2.9934,-2.7858,-2.8265,-3.0188,-3.2133,-3.2708,-3.1491,-2.9196,-2.6792,-2.4605,-2.2273,-1.9305,-1.5741,-1.2177,-0.93168,-0.74784,-0.64359,-0.56655,-0.47294,-0.3562,-0.25695,-0.23838,-0.35166,-0.61418,-1.0072,-1.4823,-1.9777,-2.4401,-2.8402,-3.1792,-3.4764,-3.7483,-3.9947,-4.1944,-4.3224,-4.3723,-4.3669,-4.3532,-4.3842,-4.4949,-4.6879,-4.9304,-5.1633,-5.3155,-5.3333,-5.2013,-4.9577,-4.6839,-4.4692,-4.3697,-4.3816,-4.4432,-4.4559,-4.3395,-4.0782,-3.7195,-3.3351,-2.9839,-2.6963,-2.471,-2.2953,-2.1471,-2.0083
-1.9912,-2.9,-3.782,-4.31,-4.3419,-3.9475,-3.3931,-2.9434,-2.7317,-2.7927,-3.135,-3.7306,-4.4158,-4.8409,-4.715,-4.1525,-3.5088,-3.0341,-2.8176,-2.8413,-3.0112,-3.1827,-3.2227,-3.0911,-2.8581,-2.6163,-2.3973,-2.1629,-1.8609,-1.4894,-1.1114,-0.79937,-0.58987,-0.46137,-0.36503,-0.25625,-0.134,-0.042226,-0.044608,-0.1902,-0.49091,-0.92128,-1.4267,-1.9427,-2.4144,-2.8157,-3.1496,-3.4369,-3.6982,-3.9383,-4.1409,-4.2851,-4.3619,-4.3852,-4.3944,-4.4348,-4.5404,-4.7169,-4.9359,-5.1419,-5.266,-5.2589,-5.1126,-4.8748,-4.6316,-4.4694,-4.4345,-4.5131,-4.6192,-4.6429,-4.51,-4.2224,-3.843,-3.4482,-3.0943,-2.8086,-2.589,-2.4146,-2.2639,-2.1226
-1.9868,-2.8991,-3.7589,-4.2465,-4.2416,-3.834,-3.2927,-2.8701,-2.6848,-2.7627,-3.1095,-3.698,-4.3684,-4.7857,-4.6777,-4.1535,-3.5422,-3.0786,-2.8505,-2.8446,-2.9748,-3.1081,-3.1245,-2.99,-2.7675,-2.541,-2.3354,-2.1046,-1.7923,-1.3963,-0.9856,-0.63952,-0.39718,-0.24209,-0.12735,-0.010714,0.10937,0.18943,0.16404,-0.016306,-0.36283,-0.84502,-1.4004,-1.9541,-2.4441,-2.8448,-3.1632,-3.4306,-3.6796,-3.9176,-4.1371,-4.3135,-4.4274,-4.4807,-4.5015,-4.5305,-4.6058,-4.7399,-4.9094,-5.0601,-5.1334,-5.0834,-4.9107,-4.6698,-4.4504,-4.3381,-4.3724,-4.5252,-4.6971,-4.76,-4.6336,-4.3318,-3.936,-3.5345,-3.1862,-2.9161,-2.7101,-2.5512,-2.4157,-2.2876
-1.974,-2.8945,-3.7413,-4.1994,-4.1654,-3.7476,-3.2186,-2.8231,-2.6654,-2.7588,-3.1016,-3.6634,-4.2914,-4.6784,-4.586,-4.1147,-3.5521,-3.1096,-2.8717,-2.8315,-2.9143,-3.0041,-2.9979,-2.8701,-2.6729,-2.4784,-2.2975,-2.0742,-1.7487,-1.3283,-0.88583,-0.51181,-0.24714,-0.078639,0.043693,0.16001,0.27576,0.34575,0.30239,0.09249,-0.29646,-0.82938,-1.4354,-2.0281,-2.5384,-2.9388,-3.2457,-3.5,-3.7398,-3.9818,-4.2159,-4.4158,-4.5555,-4.6256,-4.6438,-4.6479,-4.6773,-4.7499,-4.8495,-4.9306,-4.9372,-4.834,-4.6287,-4.3786,-4.1717,-4.0886,-4.1648,-4.3617,-4.5708,-4.6588,-4.5489,-4.2653,-3.8964,-3.5309,-3.223,-2.9855,-2.8145,-2.6801,-2.5561,-2.4276
