-0.33605,-0.26209,-0.062011,0.080954,0.12296,0.14203,0.29974,0.67313,1.101,1.3543,1.3129,0.97411,0.42033,-0.18409,-0.64247,-0.85854,-0.89664,-0.87294,-0.85024,-0.83502,-0.81455,-0.78178,-0.73917,-0.68973,-0.62669,-0.53764,-0.41014,-0.2402,-0.032692,0.19186,0.40144,0.5608,0.65174,0.68243,0.67247,0.63571,0.5709,0.46188,0.28437,0.014845,-0.34601,-0.75581,-1.126,-1.3618,-1.4143,-1.2967,-1.0599,-0.75521,-0.41795,-0.069702,0.27104,0.58673,0.8616,1.0845,1.2494,1.3523,1.3859,1.3411,1.2171,1.032,0.81752,0.61222,0.44626,0.3333,0.2647,0.20815,0.11451,-0.065487,-0.36432,-0.78357,-1.2886,-1.8051,-2.2221,-2.4245,-2.3597,-2.0768,-1.6858,-1.2837,-0.92222,-0.61715
-0.12609,-0.052058,0.10465,0.20156,0.20051,0.17322,0.29068,0.64517,1.0771,1.3414,1.3096,0.97734,0.43156,-0.16359,-0.6168,-0.83279,-0.8706,-0.8425,-0.81454,-0.80121,-0.795,-0.78294,-0.75104,-0.69034,-0.59941,-0.48027,-0.33102,-0.14689,0.071197,0.30781,0.53007,0.69927,0.79436,0.82007,0.79682,0.74102,0.65704,0.53629,0.36219,0.11842,-0.19525,-0.54703,-0.87269,-1.1009,-1.189,-1.1375,-0.97586,-0.74071,-0.46283,-0.1662,0.12633,0.39345,0.61715,0.78599,0.89827,0.95693,0.96502,0.92165,0.82686,0.69091,0.53643,0.39094,0.27677,0.20314,0.16095,0.12147,0.042099,-0.11989,-0.39152,-0.77284,-1.2319,-1.702,-2.0845,-2.2762,-2.2263,-1.9745,-1.6167,-1.2428,-0.90389,-0.61734
0.13059,0.20574,0.31264,0.35589,0.30665,0.22872,0.29601,0.61774,1.0426,1.3146,1.2969,0.98269,0.45927,-0.11433,-0.55807,-0.77942,-0.82327,-0.79235,-0.75694,-0.74201,-0.7454,-0.74792,-0.72054,-0.64399,-0.5235,-0.37648,-0.21172,-0.023029,0.19472,0.43257,0.66037,0.83631,0.93442,0.95503,0.91812,0.84117,0.73523,0.60107,0.43452,0.22883,-0.016668,-0.28524,-0.54283,-0.74839,-0.87138,-0.90053,-0.84126,-0.70801,-0.51977,-0.29925,-0.073284,0.13035,0.28858,0.38869,0.43085,0.42814,0.398,0.35254,0.29544,0.22864,0.16033,0.10162,0.061827,0.042505,0.033646,0.012525,-0.053422,-0.19294,-0.42463,-0.74464,-1.1236,-1.5057,-1.8126,-1.9656,-1.9257,-1.7212,-1.4247,-1.11,-0.82077,-0.57346
0.3011,0.37778,0.45319,0.46395,0.38604,0.27995,0.31251,0.60479,1.0147,1.2871,1.28,0.9859,0.48784,-0.062913,-0.49774,-0.72506,-0.77827,-0.74961,-0.70996,-0.69056,-0.69324,-0.69613,-0.6639,-0.57408,-0.43889,-0.28115,-0.11357,0.068612,0.27433,0.50107,0.72195,0.89656,0.99429,1.0132,0.96963,0.88277,0.76531,0.62523,0.46754,0.29369,0.10322,-0.099955,-0.30332,-0.48609,-0.6261,-0.70757,-0.72165,-0.66743,-0.55251,-0.39556,-0.22289,-0.065814,0.048227,0.10349,0.10065,0.057156,-8.1637e-06,-0.048458,-0.079983,-0.096637,-0.10258,-0.097314,-0.081746,-0.06158,-0.049117,-0.062815,-0.12341,-0.25114,-0.45265,-0.71914,-1.0239,-1.3225,-1.5563,-1.6678,-1.6288,-1.4611,-1.2166,-0.95425,-0.71177,-0.50469
0.49295,0.57376,0.61644,0.59314,0.48992,0.35646,0.34859,0.59582,0.97343,1.2375,1.246,0.98636,0.53539,0.026095,-0.39206,-0.62999,-0.7035,-0.68671,-0.64707,-0.6214,-0.61532,-0.60587,-0.55648,-0.44898,-0.30045,-0.14059,0.016062,0.17652,0.35554,0.55594,0.75733,0.92014,1.0131,1.0291,0.98044,0.88586,0.76032,0.62091,0.48198,0.35664,0.24337,0.13007,0.0019292,-0.14379,-0.29511,-0.43292,-0.53426,-0.58196,-0.56938,-0.5034,-0.40766,-0.31321,-0.2505,-0.24038,-0.2854,-0.36709,-0.4502,-0.49973,-0.50021,-0.4584,-0.39111,-0.31392,-0.23977,-0.18127,-0.15156,-0.16291,-0.22378,-0.33591,-0.4939,-0.68303,-0.88061,-1.0574,-1.181,-1.2239,-1.1755,-1.0497,-0.87842,-0.69626,-0.52645,-0.37911
0.64132,0.72715,0.74852,0.70201,0.58561,0.43659,0.39645,0.59151,0.92519,1.1728,1.1975,0.9817,0.58936,0.13387,-0.26119,-0.51294,-0.61685,-0.62563,-0.598,-0.57101,-0.55283,-0.52182,-0.44396,-0.31038,-0.15023,0.0029621,0.13946,0.26986,0.41335,0.57596,0.74244,0.87966,0.95729,0.96614,0.91565,0.82107,0.70056,0.57454,0.46797,0.39865,0.36355,0.33557,0.28036,0.17826,0.031194,-0.14251,-0.31532,-0.45761,-0.54614,-0.57471,-0.55676,-0.52151,-0.50114,-0.51871,-0.58065,-0.67221,-0.75926,-0.80338,-0.78334,-0.70454,-0.58946,-0.46477,-0.35401,-0.27667,-0.24675,-0.26967,-0.3393,-0.4396,-0.55073,-0.65482,-0.7387,-0.79244,-0.80808,-0.78132,-0.71475,-0.61881,-0.50921,-0.40051,-0.30166,-0.21617
0.72246,0.81371,0.82526,0.7691,0.64862,0.49493,0.43461,0.58842,0.88147,1.1128,1.1504,0.97322,0.63352,0.22466,-0.14869,-0.41051,-0.54374,-0.58194,-0.57385,-0.55393,-0.52913,-0.47791,-0.37241,-0.21725,-0.048124,0.1004,0.22143,0.32923,0.44212,0.5688,0.69909,0.80652,0.86621,0.86828,0.81883,0.73083,0.62134,0.5142,0.43785,0.41431,0.43689,0.46922,0.46478,0.39528,0.25848,0.071445,-0.13731,-0.33437,-0.48914,-0.58532,-0.62762,-0.63854,-0.64646,-0.67425,-0.731,-0.80876,-0.88213,-0.91741,-0.89073,-0.80281,-0.67394,-0.53455,-0.41418,-0.33653,-0.31603,-0.35353,-0.43378,-0.52686,-0.60294,-0.64311,-0.6432,-0.60872,-0.5485,-0.4718,-0.38788,-0.30501,-0.23179,-0.17059,-0.12134,-0.081962
0.79091,0.89058,0.89682,0.83656,0.71782,0.56565,0.4815,0.57906,0.81271,1.0175,1.0735,0.95394,0.69245,0.35428,0.014593,-0.25922,-0.43576,-0.5257,-0.56094,-0.56623,-0.541,-0.4626,-0.31711,-0.12817,0.055983,0.20365,0.31172,0.39363,0.46639,0.54042,0.61052,0.6648,0.68785,0.6748,0.62684,0.55456,0.47136,0.40223,0.37746,0.41813,0.51236,0.61337,0.66666,0.63848,0.52376,0.33669,0.10447,-0.13961,-0.36166,-0.53522,-0.65262,-0.72359,-0.76675,-0.79982,-0.83535,-0.87563,-0.91251,-0.92803,-0.90226,-0.82639,-0.71086,-0.58116,-0.46907,-0.40342,-0.40179,-0.46211,-0.55719,-0.64294,-0.67556,-0.63625,-0.53451,-0.39519,-0.24484,-0.1058,0.0055358,0.080391,0.11861,0.12756,0.11816,0.10082
0.81318,0.92079,0.9283,0.86961,0.75594,0.6081,0.51022,0.56563,0.75205,0.93386,1.005,0.93243,0.7345,0.45295,0.14331,-0.13623,-0.34674,-0.48323,-0.56283,-0.59928,-0.58382,-0.49106,-0.31593,-0.099052,0.10177,0.25403,0.35713,0.42491,0.47212,0.50738,0.53044,0.53754,0.5257,0.49389,0.44454,0.38472,0.3274,0.29654,0.31829,0.4088,0.54977,0.6917,0.77957,0.77975,0.68612,0.51168,0.27984,0.02098,-0.23176,-0.44961,-0.61641,-0.73052,-0.79955,-0.83478,-0.84901,-0.85467,-0.85957,-0.86019,-0.84122,-0.78668,-0.69708,-0.59078,-0.49771,-0.44796,-0.4607,-0.53342,-0.63602,-0.71258,-0.71499,-0.62513,-0.46033,-0.25632,-0.049768,0.12953,0.26099,0.3346,0.35501,0.33408,0.28839,0.23349
0.80633,0.92487,0.94008,0.88793,0.78441,0.64529,0.53236,0.53543,0.65776,0.80728,0.89814,0.89192,0.78147,0.5792,0.31513,0.034209,-0.21879,-0.4204,-0.57011,-0.66648,-0.6843,-0.5867,-0.37616,-0.1174,0.11343,0.28063,0.38638,0.44499,0.46816,0.45861,0.42039,0.35837,0.28689,0.21826,0.16311,0.12452,0.11331,0.14372,0.23427,0.38715,0.57734,0.75566,0.8737,0.90375,0.84135,0.69681,0.4883,0.23827,-0.027427,-0.28164,-0.50169,-0.67006,-0.77605,-0.81839,-0.80867,-0.77255,-0.7391,-0.72376,-0.71813,-0.70005,-0.6534,-0.58542,-0.52142,-0.49228,-0.51954,-0.60113,-0.70136,-0.76295,-0.73025,-0.58642,-0.35693,-0.087868,0.17514,0.39563,0.54887,0.6242,0.62692,0.57482,0.49062,0.39509
0.76278,0.89097,0.91842,0.87636,0.78435,0.65545,0.53217,0.48789,0.54754,0.66288,0.7731,0.83372,0.8125,0.69237,0.47897,0.20574,-0.079559,-0.34282,-0.56993,-0.74357,-0.81838,-0.73829,-0.50467,-0.20296,0.068064,0.26351,0.38368,0.44384,0.45225,0.4088,0.3136,0.18172,0.044451,-0.064215,-0.12583,-0.13625,-0.095041,0.00038101,0.15403,0.35559,0.57541,0.77047,0.90348,0.95539,0.92544,0.82118,0.65442,0.43801,0.18674,-0.078754,-0.3339,-0.54951,-0.69677,-0.75762,-0.73861,-0.67324,-0.60968,-0.58233,-0.59112,-0.60778,-0.60459,-0.57562,-0.5389,-0.5231,-0.55038,-0.62048,-0.70141,-0.73526,-0.67077,-0.49351,-0.2301,0.072481,0.36653,0.61192,0.77964,0.85565,0.84615,0.77087,0.65668,0.5287
0.70823,0.84191,0.8804,0.84708,0.76449,0.64324,0.51489,0.4412,0.45689,0.54596,0.6691,0.77742,0.82223,0.76289,0.58969,0.32998,0.030162,-0.27197,-0.55532,-0.793,-0.92479,-0.87552,-0.63741,-0.30702,-0.0020985,0.22142,0.3598,0.42732,0.43119,0.36938,0.24083,0.064952,-0.11483,-0.2517,-0.31886,-0.31072,-0.23256,-0.090606,0.10397,0.33122,0.5593,0.75236,0.8851,0.94751,0.94104,0.87243,0.74647,0.56697,0.33992,0.078452,-0.19245,-0.43692,-0.61485,-0.69677,-0.68208,-0.60786,-0.5319,-0.49915,-0.51556,-0.55239,-0.57464,-0.56812,-0.54451,-0.52964,-0.54604,-0.59612,-0.65112,-0.66113,-0.57772,-0.38716,-0.11421,0.19643,0.49788,0.74908,0.91905,0.99264,0.97398,0.88441,0.75258,0.60552
0.60933,0.74897,0.803,0.78165,0.70972,0.59865,0.46917,0.36321,0.32727,0.3819,0.51746,0.68605,0.81198,0.83037,0.71374,0.48157,0.17848,-0.15793,-0.50489,-0.82866,-1.0507,-1.0652,-0.84144,-0.4839,-0.13432,0.13126,0.30058,0.38462,0.38921,0.31273,0.1558,-0.058359,-0.27762,-0.4442,-0.51921,-0.49226,-0.37219,-0.17896,0.057401,0.30328,0.52464,0.69929,0.81794,0.88408,0.90511,0.88438,0.81884,0.69941,0.51825,0.27783,-0.00056767,-0.2758,-0.4953,-0.61449,-0.62075,-0.54866,-0.46373,-0.42291,-0.44166,-0.49404,-0.53865,-0.55322,-0.54003,-0.518,-0.50724,-0.51388,-0.522,-0.49107,-0.3866,-0.19588,0.065323,0.36259,0.65427,0.89891,1.0624,1.1265,1.0951,0.98906,0.83868,0.67284
0.48636,0.62759,0.69621,0.68581,0.6235,0.52349,0.39744,0.27077,0.19207,0.21354,0.35525,0.57295,0.77062,0.85949,0.80093,0.60852,0.3214,-0.026797,-0.41653,-0.81466,-1.133,-1.2344,-1.0503,-0.68089,-0.29334,0.012152,0.21271,0.31522,0.32745,0.24913,0.084349,-0.14189,-0.37772,-0.55746,-0.63425,-0.5921,-0.44339,-0.22103,0.033329,0.27473,0.47254,0.61385,0.70796,0.77108,0.8151,0.84122,0.83683,0.78103,0.65351,0.44678,0.17714,-0.11437,-0.36906,-0.5298,-0.5696,-0.51418,-0.43021,-0.38346,-0.39877,-0.45354,-0.50733,-0.52815,-0.51014,-0.46744,-0.42009,-0.37925,-0.33655,-0.27117,-0.15509,0.025149,0.26173,0.52931,0.79235,1.012,1.1547,1.2023,1.1553,1.0359,0.87372,0.69706
0.38169,0.5208,0.5975,0.59552,0.53911,0.44772,0.32775,0.19399,0.089668,0.087617,0.22909,0.4734,0.71548,0.85212,0.83782,0.68244,0.42008,0.078871,-0.3256,-0.76476,-1.1505,-1.3263,-1.1881,-0.82266,-0.4156,-0.086304,0.13201,0.24563,0.26339,0.1892,0.030797,-0.18703,-0.4125,-0.58392,-0.65511,-0.60921,-0.45739,-0.23291,0.017282,0.24505,0.41909,0.53299,0.60561,0.66248,0.71991,0.77861,0.8193,0.81197,0.72761,0.55076,0.29425,-0.0015302,-0.27582,-0.46573,-0.53492,-0.50009,-0.42315,-0.37172,-0.37717,-0.42459,-0.47325,-0.49089,-0.46659,-0.40873,-0.33423,-0.25675,-0.17876,-0.08732,0.03467,0.19982,0.4076,0.64206,0.87412,1.0676,1.1891,1.2196,1.1608,1.033,0.86513,0.68463
0.2314,0.36107,0.4454,0.45067,0.40195,0.32362,0.21829,0.083113,-0.045415,-0.078832,0.053483,0.31937,0.6049,0.79832,0.8442,0.74568,0.5308,0.21984,-0.17948,-0.64699,-1.1017,-1.3747,-1.3165,-0.98045,-0.56689,-0.22122,0.010761,0.13231,0.15606,0.092311,-0.045701,-0.23212,-0.42043,-0.56205,-0.61937,-0.57772,-0.44182,-0.23822,-0.012441,0.18694,0.32616,0.40534,0.44993,0.49602,0.56798,0.66388,0.75997,0.81538,0.78854,0.65698,0.42628,0.13445,-0.15668,-0.37955,-0.48726,-0.48294,-0.4198,-0.36521,-0.35669,-0.38636,-0.42009,-0.42394,-0.38275,-0.30032,-0.19165,-0.07364,0.043336,0.15769,0.27906,0.41947,0.58481,0.76841,0.94954,1.0977,1.1826,1.1867,1.1109,0.97398,0.80305,0.62412
0.11315,0.23091,0.31738,0.32703,0.28403,0.21623,0.12485,-0.0048355,-0.14633,-0.20246,-0.084715,0.18597,0.49438,0.72403,0.81561,0.76512,0.59441,0.31915,-0.057951,-0.52354,-1.0056,-1.337,-1.3457,-1.0551,-0.65815,-0.31626,-0.086367,0.033811,0.059556,0.0071815,-0.10865,-0.26134,-0.41288,-0.52499,-0.56971,-0.53344,-0.41731,-0.24199,-0.046403,0.12277,0.2342,0.28898,0.3179,0.36136,0.44472,0.56711,0.69914,0.79449,0.8075,0.70921,0.50297,0.22368,-0.069858,-0.31076,-0.44658,-0.46992,-0.4227,-0.36779,-0.3463,-0.35778,-0.37326,-0.36168,-0.30595,-0.20615,-0.075046,0.068617,0.20768,0.33352,0.44957,0.56729,0.69671,0.83729,0.97421,1.0819,1.1341,1.1153,1.0271,0.88765,0.72149,0.55123
-0.046306,0.047798,0.13161,0.14537,0.1107,0.060382,-0.0077771,-0.12443,-0.27695,-0.36355,-0.27683,-0.016643,0.30858,0.57977,0.73176,0.75124,0.64969,0.43598,0.10883,-0.32507,-0.80585,-1.1812,-1.2753,-1.0722,-0.73385,-0.42405,-0.21248,-0.10447,-0.080186,-0.11909,-0.20154,-0.30342,-0.40074,-0.47055,-0.49781,-0.47222,-0.39092,-0.26494,-0.12141,0.0018763,0.078838,0.11114,0.13043,0.17702,0.27689,0.42812,0.59914,0.7402,0.8005,0.74765,0.57944,0.32494,0.037094,-0.21963,-0.39098,-0.45431,-0.43424,-0.38371,-0.34544,-0.32825,-0.31272,-0.2739,-0.19483,-0.07208,0.08452,0.25478,0.4144,0.54734,0.65011,0.73284,0.8095,0.88683,0.95842,1.0067,1.0116,0.96146,0.85933,0.72033,0.56536,0.41341
-0.20276,-0.14049,-0.066181,-0.051822,-0.075394,-0.10407,-0.14408,-0.24361,-0.40424,-0.52404,-0.47952,-0.24811,0.079166,0.38465,0.5958,0.69014,0.66758,0.52844,0.26998,-0.1004,-0.53449,-0.90999,-1.0705,-0.97189,-0.73037,-0.48881,-0.32038,-0.23716,-0.22253,-0.25368,-0.30551,-0.35879,-0.40215,-0.43084,-0.44257,-0.4301,-0.3882,-0.31722,-0.23231,-0.15691,-0.10965,-0.088666,-0.066745,-0.0079114,0.11104,0.28675,0.4873,0.66252,0.76127,0.74915,0.621,0.39982,0.12989,-0.1328,-0.33394,-0.44047,-0.45665,-0.41883,-0.36682,-0.31794,-0.26558,-0.1929,-0.085536,0.061254,0.23935,0.4278,0.59824,0.72919,0.81273,0.85741,0.87889,0.88868,0.88799,0.86878,0.82056,0.73808,0.62615,0.49773,0.36728,0.24631
-0.31499,-0.2815,-0.22018,-0.20652,-0.21946,-0.22835,-0.24656,-0.33346,-0.50017,-0.64645,-0.63928,-0.43801,-0.11832,0.2084,0.46377,0.61585,0.65536,0.57884,0.38416,0.079296,-0.29593,-0.64412,-0.83556,-0.81692,-0.66604,-0.49724,-0.37761,-0.32274,-0.32048,-0.34822,-0.38271,-0.40727,-0.41928,-0.42349,-0.42472,-0.42055,-0.40508,-0.37418,-0.33334,-0.29412,-0.26698,-0.24814,-0.21599,-0.14182,-0.0078598,0.18216,0.39754,0.5907,0.71239,0.72805,0.63038,0.43759,0.18693,-0.073159,-0.29203,-0.4313,-0.47988,-0.45762,-0.39786,-0.32458,-0.24152,-0.13977,-0.0090092,0.15525,0.34612,0.54301,0.71711,0.84125,0.9065,0.92025,0.89888,0.85693,0.801,0.73024,0.64157,0.53569,0.41993,0.30363,0.19602,0.10307
-0.45284,-0.46554,-0.42951,-0.41676,-0.41149,-0.3891,-0.37789,-0.45148,-0.6299,-0.81425,-0.86083,-0.70714,-0.40578,-0.056268,0.25714,0.48491,0.60669,0.61856,0.52176,0.32355,0.051663,-0.2303,-0.43696,-0.51917,-0.50208,-0.45026,-0.41264,-0.40607,-0.42571,-0.45516,-0.47668,-0.47826,-0.46275,-0.44313,-0.43211,-0.43445,-0.44664,-0.46288,-0.47631,-0.48363,-0.48056,-0.459,-0.4059,-0.30717,-0.15506,0.044674,0.26758,0.47381,0.61875,0.66923,0.61374,0.46336,0.24562,-0.0020749,-0.23717,-0.4158,-0.50735,-0.50737,-0.43851,-0.33173,-0.20911,-0.074548,0.079421,0.25983,0.46227,0.66574,0.8373,0.94998,0.98984,0.9631,0.88656,0.7773,0.64764,0.50651,0.36315,0.2287,0.11323,0.02231,-0.044333,-0.090783
-0.54567,-0.59734,-0.58584,-0.57431,-0.55199,-0.50164,-0.46812,-0.53666,-0.72979,-0.94504,-1.0326,-0.9165,-0.63117,-0.26758,0.08576,0.36748,0.54979,0.62836,0.60912,0.50114,0.3207,0.10252,-0.10092,-0.24704,-0.32924,-0.37168,-0.40228,-0.43697,-0.47725,-0.51508,-0.53583,-0.53068,-0.50398,-0.47251,-0.45382,-0.45746,-0.48387,-0.52744,-0.57588,-0.61527,-0.62837,-0.60438,-0.53514,-0.41855,-0.25645,-0.056436,0.16239,0.36847,0.52369,0.59772,0.57684,0.46557,0.28208,0.054652,-0.18228,-0.3848,-0.50943,-0.53172,-0.46155,-0.33488,-0.18455,-0.025594,0.14357,0.32925,0.52946,0.72635,0.89036,0.98957,1.011,0.95856,0.84687,0.69291,0.51239,0.32172,0.1404,-0.01142,-0.12153,-0.18811,-0.21989,-0.22943
-0.65373,-0.76069,-0.78928,-0.7794,-0.72676,-0.6347,-0.57319,-0.64428,-0.86664,-1.1256,-1.2653,-1.1945,-0.92745,-0.54782,-0.14869,0.19679,0.45308,0.61777,0.70366,0.72063,0.66901,0.54593,0.36156,0.14807,-0.052942,-0.21669,-0.34061,-0.43428,-0.50823,-0.56455,-0.59568,-0.59273,-0.56053,-0.51855,-0.49025,-0.49174,-0.52849,-0.59578,-0.67913,-0.7522,-0.78603,-0.76035,-0.67504,-0.54222,-0.37639,-0.18706,0.013553,0.20648,0.36667,0.46712,0.49247,0.43962,0.31507,0.1317,-0.085983,-0.29986,-0.45514,-0.50328,-0.43696,-0.29398,-0.12391,0.046473,0.21542,0.39143,0.57641,0.75575,0.9001,0.98128,0.98175,0.90187,0.75344,0.55263,0.31818,0.074456,-0.14721,-0.31548,-0.41366,-0.44609,-0.43178,-0.39261
-0.74088,-0.9064,-0.98061,-0.97129,-0.88219,-0.74302,-0.65569,-0.74081,-1.0022,-1.3088,-1.4922,-1.4541,-1.1981,-0.80289,-0.36966,0.022849,0.33896,0.58182,0.7688,0.90706,0.97964,0.95075,0.79648,0.53901,0.24267,-0.027746,-0.23914,-0.39239,-0.50244,-0.58154,-0.62904,-0.63682,-0.60691,-0.5586,-0.51966,-0.51051,-0.54298,-0.61688,-0.71839,-0.81653,-0.87061,-0.85303,-0.76456,-0.62949,-0.47404,-0.31255,-0.1491,0.013725,0.16643,0.29154,0.37043,0.38891,0.33958,0.22239,0.048948,-0.14866,-0.31216,-0.37851,-0.32488,-0.18669,-0.019636,0.14025,0.28646,0.42826,0.57266,0.71223,0.82523,0.88323,0.86881,0.77776,0.6159,0.39443,0.13074,-0.14608,-0.39387,-0.56963,-0.6515,-0.64703,-0.58641,-0.5027
-0.79157,-1.0016,-1.1134,-1.1039,-0.9827,-0.80461,-0.70137,-0.8019,-1.0989,-1.4417,-1.6503,-1.6239,-1.3687,-0.96332,-0.51322,-0.10013,0.24738,0.5396,0.79619,1.0191,1.1768,1.2125,1.0835,0.80589,0.45612,0.1205,-0.14907,-0.34483,-0.48343,-0.58123,-0.64093,-0.65553,-0.62591,-0.5721,-0.52283,-0.50256,-0.52551,-0.59538,-0.69964,-0.80762,-0.87502,-0.86917,-0.79016,-0.66658,-0.53115,-0.40095,-0.27546,-0.14607,-0.0076796,0.13142,0.252,0.33162,0.35105,0.29859,0.17706,0.013144,-0.13652,-0.20603,-0.16644,-0.046291,0.097224,0.22742,0.33635,0.43377,0.53064,0.62665,0.70685,0.74769,0.72969,0.64326,0.48785,0.26971,0.0043191,-0.2776,-0.52907,-0.70084,-0.76824,-0.74239,-0.65801,-0.55149
-0.83993,-1.1076,-1.2727,-1.2616,-1.0927,-0.85969,-0.73719,-0.86468,-1.2143,-1.6017,-1.8295,-1.8002,-1.5335,-1.12,-0.6667,-0.24765,0.1217,0.46404,0.80098,1.1233,1.3796,1.49,1.3941,1.1042,0.70499,0.30349,-0.030131,-0.27744,-0.45374,-0.57567,-0.64805,-0.66392,-0.62649,-0.55817,-0.49005,-0.44911,-0.45281,-0.50848,-0.6074,-0.72033,-0.80232,-0.81646,-0.76155,-0.66957,-0.57789,-0.50625,-0.44796,-0.37767,-0.26921,-0.11516,0.064333,0.23374,0.35725,0.4087,0.37953,0.28678,0.17839,0.11673,0.13597,0.21501,0.30732,0.37493,0.40806,0.41819,0.42449,0.44045,0.4648,0.48212,0.47106,0.41195,0.29195,0.10729,-0.13202,-0.39559,-0.63252,-0.78974,-0.83722,-0.78735,-0.67915,-0.55296
-0.86624,-1.189,-1.4096,-1.3947,-1.1734,-0.88536,-0.74362,-0.90127,-1.3024,-1.7273,-1.9588,-1.9081,-1.6202,-1.2056,-0.77073,-0.37041,-0.00078713,0.37195,0.76963,1.1715,1.5066,1.6768,1.6109,1.3178,0.88943,0.44354,0.063355,-0.22551,-0.43307,-0.5753,-0.65289,-0.6586,-0.59969,-0.50453,-0.40904,-0.34182,-0.32151,-0.357,-0.44313,-0.55409,-0.64819,-0.68794,-0.67059,-0.62641,-0.59308,-0.5929,-0.61436,-0.61731,-0.55225,-0.39067,-0.1512,0.11537,0.35365,0.52233,0.60305,0.6042,0.5618,0.52521,0.52463,0.55101,0.56789,0.5472,0.48118,0.38207,0.2752,0.18911,0.14198,0.13434,0.14163,0.13097,0.073569,-0.046567,-0.22683,-0.44102,-0.6405,-0.77094,-0.80185,-0.74288,-0.62909,-0.49805
-0.87408,-1.2351,-1.4972,-1.4795,-1.2168,-0.88591,-0.73054,-0.90802,-1.345,-1.791,-2.0161,-1.9422,-1.6372,-1.2285,-0.81811,-0.44497,-0.089638,0.29177,0.72082,1.1673,1.5476,1.7533,1.7071,1.4175,0.97958,0.5154,0.11124,-0.20203,-0.43099,-0.58557,-0.66052,-0.64928,-0.56328,-0.43974,-0.31877,-0.22946,-0.18968,-0.20829,-0.28292,-0.39169,-0.49506,-0.55848,-0.5747,-0.57103,-0.58658,-0.64172,-0.72603,-0.79044,-0.76493,-0.6048,-0.323,0.017716,0.34508,0.6057,0.77425,0.85231,0.86642,0.85506,0.84389,0.82847,0.78616,0.69463,0.54693,0.35478,0.14796,-0.030918,-0.14119,-0.17152,-0.14271,-0.10136,-0.093996,-0.14979,-0.27306,-0.44017,-0.60314,-0.70809,-0.7247,-0.65875,-0.54342,-0.41512
-0.86974,-1.2767,-1.5956,-1.572,-1.2545,-0.86732,-0.69184,-0.89035,-1.3642,-1.8295,-2.0385,-1.9311,-1.6092,-1.2152,-0.84551,-0.52174,-0.20144,0.17345,0.6243,1.1099,1.5322,1.7715,1.7466,1.468,1.0321,0.5616,0.14251,-0.1928,-0.44381,-0.6085,-0.67258,-0.62717,-0.495,-0.32672,-0.16827,-0.04953,0.014967,0.016856,-0.043569,-0.14923,-0.26704,-0.36169,-0.42455,-0.47856,-0.55884,-0.68952,-0.85752,-1.0032,-1.0349,-0.87967,-0.54562,-0.11171,0.32858,0.70784,0.99073,1.1717,1.2643,1.2917,1.272,1.2081,1.0887,0.90197,0.64346,0.32454,-0.020042,-0.32953,-0.53436,-0.59467,-0.53355,-0.41918,-0.32189,-0.28588,-0.32279,-0.41342,-0.51439,-0.57666,-0.56962,-0.49728,-0.38712,-0.27018
-0.85749,-1.2963,-1.6556,-1.6286,-1.2699,-0.84177,-0.65008,-0.85764,-1.3492,-1.8213,-2.0171,-1.89,-1.5625,-1.1846,-0.85005,-0.56799,-0.28114,0.078266,0.53189,1.0317,1.4713,1.7262,1.7146,1.4474,1.0221,0.55811,0.13873,-0.20307,-0.46202,-0.6273,-0.67652,-0.60033,-0.43027,-0.2269,-0.040782,0.10008,0.18201,0.19657,0.14265,0.034074,-0.098221,-0.21942,-0.3173,-0.41034,-0.53292,-0.71061,-0.93264,-1.1352,-1.2104,-1.0653,-0.69902,-0.20167,0.31634,0.77683,1.1379,1.3882,1.5339,1.5896,1.5685,1.4757,1.3085,1.0598,0.727,0.32065,-0.12294,-0.53179,-0.81166,-0.90189,-0.82105,-0.65374,-0.49002,-0.38615,-0.35845,-0.3898,-0.43989,-0.46337,-0.43445,-0.35549,-0.24952,-0.14252
-0.83221,-1.308,-1.7185,-1.688,-1.2784,-0.79803,-0.58075,-0.78942,-1.2908,-1.7626,-1.9462,-1.8078,-1.4851,-1.1374,-0.85307,-0.62555,-0.38465,-0.053964,0.38828,0.88739,1.3314,1.5947,1.597,1.3509,0.95092,0.51095,0.10844,-0.22669,-0.48211,-0.63672,-0.65968,-0.54091,-0.32466,-0.079668,0.1389,0.30456,0.40387,0.42817,0.37396,0.25315,0.096473,-0.060155,-0.19907,-0.33484,-0.50146,-0.72501,-0.99888,-1.2576,-1.3795,-1.2514,-0.85958,-0.30126,0.29779,0.84645,1.2957,1.6258,1.8329,1.9218,1.9021,1.7827,1.5684,1.2575,0.8478,0.34813,-0.20452,-0.72774,-1.1032,-1.2406,-1.1519,-0.93766,-0.70762,-0.52913,-0.42267,-0.37408,-0.34929,-0.31252,-0.24525,-0.15123,-0.048242,0.045104
-0.80093,-1.3083,-1.7658,-1.7336,-1.2778,-0.75039,-0.50523,-0.70087,-1.194,-1.6569,-1.8363,-1.7073,-1.41,-1.1024,-0.86757,-0.68951,-0.48873,-0.18734,0.2323,0.71317,1.1441,1.4026,1.4135,1.1922,0.83003,0.43088,0.06107,-0.24994,-0.48587,-0.61597,-0.60372,-0.44499,-0.18993,0.084368,0.32283,0.49957,0.60304,0.62495,0.56115,0.42252,0.23881,0.049031,-0.12501,-0.29236,-0.48381,-0.7287,-1.0235,-1.3072,-1.457,-1.347,-0.95075,-0.36222,0.28565,0.89141,1.4012,1.7876,2.0395,2.1551,2.141,2.0088,1.7676,1.4214,0.96958,0.41896,-0.19642,-0.79324,-1.2429,-1.4375,-1.3761,-1.1596,-0.90366,-0.6794,-0.50915,-0.38331,-0.27811,-0.17204,-0.057692,0.058041,0.1617,0.24216
-0.77522,-1.3028,-1.7924,-1.7605,-1.2763,-0.71692,-0.44826,-0.62554,-1.1018,-1.5544,-1.7387,-1.631,-1.3661,-1.0946,-0.89457,-0.74732,-0.57019,-0.28793,0.1119,0.571,0.98267,1.2306,1.2445,1.0427,0.71405,0.35494,0.024213,-0.25459,-0.46253,-0.5655,-0.5258,-0.34201,-0.069912,0.21365,0.45515,0.63106,0.72966,0.74212,0.66406,0.50619,0.29979,0.086324,-0.1071,-0.28556,-0.4795,-0.71955,-1.0079,-1.2897,-1.4461,-1.3493,-0.96371,-0.37609,0.28149,0.90651,1.4387,1.849,2.1227,2.2543,2.2478,2.1149,1.8687,1.5153,1.0561,0.49836,-0.12616,-0.73947,-1.2195,-1.4582,-1.4445,-1.2644,-1.0233,-0.7877,-0.58099,-0.39983,-0.23223,-0.070703,0.081542,0.21531,0.32086,0.39278
-0.74024,-1.2902,-1.8171,-1.7893,-1.2741,-0.68036,-0.3796,-0.52215,-0.96237,-1.3951,-1.5942,-1.5332,-1.3277,-1.1123,-0.95661,-0.83895,-0.68112,-0.41745,-0.043168,0.38322,0.76224,0.98879,1.0024,0.82548,0.54503,0.24775,-0.019373,-0.23969,-0.39519,-0.45137,-0.3726,-0.16405,0.11401,0.39043,0.61878,0.77837,0.85831,0.8483,0.74386,0.55614,0.31868,0.078968,-0.12967,-0.30791,-0.48472,-0.69472,-0.94636,-1.1956,-1.3391,-1.2581,-0.90786,-0.35563,0.27936,0.89585,1.4308,1.8509,2.1376,2.2823,2.287,2.1645,1.9297,1.5926,1.158,0.63423,0.048953,-0.53329,-1.0141,-1.3019,-1.376,-1.2889,-1.113,-0.89679,-0.6609,-0.41339,-0.16433,0.070368,0.27124,0.42628,0.53159,0.59036
-0.70765,-1.2728,-1.8302,-1.8089,-1.2753,-0.65573,-0.32409,-0.42281,-0.81454,-1.2224,-1.4436,-1.4449,-1.3138,-1.1631,-1.0506,-0.95146,-0.79844,-0.5419,-0.18636,0.21008,0.5552,0.75566,0.76415,0.6111,0.38054,0.148,-0.051142,-0.20434,-0.29584,-0.29482,-0.17616,0.045298,0.31337,0.56544,0.764,0.89187,0.93943,0.89697,0.76012,0.54121,0.27573,0.01655,-0.19719,-0.36065,-0.5015,-0.65697,-0.84306,-1.0318,-1.1427,-1.0748,-0.77808,-0.29372,0.28134,0.85367,1.3599,1.7635,2.0441,2.1925,2.2106,2.1104,1.9087,1.6173,1.2434,0.79643,0.29883,-0.20327,-0.64339,-0.96089,-1.1312,-1.1673,-1.0939,-0.92857,-0.68455,-0.38428,-0.064482,0.2318,0.47326,0.64393,0.74489,0.78657
-0.68537,-1.2578,-1.8322,-1.8181,-1.2795,-0.6473,-0.29406,-0.3557,-0.70522,-1.0906,-1.3303,-1.3839,-1.3165,-1.2194,-1.1377,-1.0476,-0.88998,-0.62905,-0.27976,0.098886,0.42143,0.60358,0.60678,0.4681,0.26991,0.081301,-0.068504,-0.16992,-0.20892,-0.1611,-0.013742,0.21181,0.46328,0.68806,0.85579,0.95358,0.97206,0.90201,0.73886,0.49584,0.21233,-0.056656,-0.26629,-0.40936,-0.51452,-0.61977,-0.74793,-0.88293,-0.96173,-0.90023,-0.64692,-0.22571,0.28553,0.80472,1.27,1.6455,1.9117,2.0594,2.0899,2.014,1.8487,1.6062,1.2955,0.92562,0.51377,0.090569,-0.30352,-0.62764,-0.85777,-0.98282,-0.99307,-0.87824,-0.64164,-0.31508,0.044043,0.37447,0.63387,0.80694,0.8995,0.92749
-0.66001,-1.2351,-1.8235,-1.8224,-1.2891,-0.65282,-0.27404,-0.28382,-0.57151,-0.9212,-1.1824,-1.3099,-1.3336,-1.3123,-1.273,-1.1905,-1.018,-0.73946,-0.38507,-0.016764,0.28709,0.4525,0.44935,0.31979,0.14759,0.00077451,-0.094135,-0.12996,-0.098505,0.011324,0.19705,0.42682,0.65215,0.83359,0.95336,1.0048,0.98168,0.87463,0.68007,0.41172,0.11103,-0.16247,-0.3613,-0.47558,-0.53129,-0.56988,-0.61858,-0.67664,-0.70673,-0.64642,-0.45033,-0.12145,0.29068,0.72111,1.1162,1.4411,1.6775,1.8186,1.8665,1.8301,1.7248,1.5625,1.3522,1.1001,0.8131,0.5007,0.17623,-0.14406,-0.43518,-0.65944,-0.76746,-0.71554,-0.49491,-0.14911,0.24115,0.59561,0.86307,1.0286,1.1028,1.1068
-0.64321,-1.2147,-1.8085,-1.8193,-1.3001,-0.66955,-0.27669,-0.24804,-0.48516,-0.80566,-1.079,-1.2591,-1.3521,-1.3886,-1.3822,-1.3046,-1.1172,-0.81888,-0.45053,-0.076908,0.22545,0.38606,0.37822,0.2464,0.078363,-0.054218,-0.12024,-0.1148,-0.03492,0.11941,0.33284,0.56709,0.77449,0.92457,1.0082,1.025,0.97164,0.8405,0.62764,0.34712,0.039385,-0.23484,-0.42596,-0.52083,-0.54367,-0.53545,-0.52939,-0.53474,-0.5289,-0.46584,-0.30534,-0.041151,0.29472,0.65227,0.98701,1.2682,1.4799,1.6161,1.6786,1.6755,1.6187,1.5199,1.3868,1.2219,1.0236,0.7876,0.51145,0.20159,-0.11577,-0.38939,-0.54966,-0.53473,-0.32834,0.020333,0.41857,0.77562,1.0379,1.191,1.2477,1.2318
-0.62397,-1.1839,-1.7765,-1.8067,-1.32,-0.71093,-0.30622,-0.22796,-0.3968,-0.67182,-0.95503,-1.1958,-1.3761,-1.4917,-1.531,-1.4615,-1.2547,-0.9243,-0.52372,-0.1245,0.1942,0.36127,0.34992,0.20467,0.020163,-0.12059,-0.17536,-0.13359,0.00078377,0.2121,0.46688,0.71213,0.90237,1.0158,1.0565,1.0329,0.94783,0.79564,0.57162,0.28668,-0.022963,-0.29902,-0.48892,-0.57192,-0.56517,-0.50863,-0.44062,-0.38316,-0.33298,-0.26129,-0.13759,0.052152,0.29553,0.56186,0.81965,1.0456,1.2262,1.3562,1.437,1.4768,1.482,1.4633,1.4247,1.3625,1.2643,1.1117,0.88907,0.59524,0.25906,-0.054156,-0.2552,-0.26643,-0.068326,0.28095,0.67703,1.0232,1.2656,1.3925,1.4205,1.3769
-0.60688,-1.1474,-1.7308,-1.7841,-1.3452,-0.773,-0.36978,-0.24587,-0.34749,-0.57247,-0.85459,-1.1443,-1.398,-1.5873,-1.6752,-1.6183,-1.3953,-1.0296,-0.584,-0.14094,0.21239,0.39972,0.38821,0.21935,-0.0065395,-0.18672,-0.25952,-0.20316,-0.026942,0.23738,0.53435,0.7977,0.9789,1.0668,1.0763,1.027,0.92635,0.77006,0.55117,0.27399,-0.031437,-0.31382,-0.51595,-0.60732,-0.59474,-0.51066,-0.39887,-0.2928,-0.20374,-0.12176,-0.021184,0.11622,0.29013,0.48406,0.67965,0.8602,1.0171,1.1464,1.2469,1.3218,1.3781,1.4216,1.453,1.4637,1.4344,1.3384,1.1514,0.87216,0.533,0.20838,-0.0020131,-0.01489,0.18613,0.53475,0.92104,1.2481,1.4645,1.5634,1.5646,1.4966
-0.59422,-1.1159,-1.6873,-1.7609,-1.3659,-0.83336,-0.43929,-0.28629,-0.33816,-0.52525,-0.79913,-1.1142,-1.4144,-1.6495,-1.7726,-1.7314,-1.4996,-1.1064,-0.62331,-0.13937,0.25043,0.46018,0.44912,0.25632,-0.013404,-0.24145,-0.34572,-0.29276,-0.093071,0.20826,0.53886,0.82091,1.004,1.0817,1.0774,1.0175,0.91469,0.76607,0.56276,0.30212,0.0046106,-0.28557,-0.51035,-0.62724,-0.62868,-0.54004,-0.40611,-0.2698,-0.15531,-0.061639,0.030332,0.14006,0.27474,0.42949,0.59316,0.75566,0.90828,1.0427,1.1539,1.2445,1.3226,1.3952,1.4612,1.5081,1.5115,1.4403,1.269,0.99477,0.65481,0.33057,0.12761,0.12904,0.34414,0.69852,1.0791,1.392,1.5887,1.6656,1.6454,1.5588
-0.57648,-1.0674,-1.6172,-1.7206,-1.3949,-0.92923,-0.56,-0.37805,-0.36808,-0.50187,-0.75671,-1.0902,-1.4347,-1.72,-1.8855,-1.8694,-1.6347,-1.2079,-0.67008,-0.12347,0.32311,0.56934,0.562,0.33239,-0.007835,-0.31928,-0.48712,-0.45641,-0.23547,0.11204,0.48954,0.80251,0.99654,1.071,1.0605,0.99978,0.90823,0.78334,0.61178,0.38053,0.094904,-0.20996,-0.476,-0.64451,-0.68524,-0.6096,-0.46173,-0.29595,-0.15227,-0.043163,0.043374,0.12889,0.22989,0.35313,0.49848,0.65963,0.82306,0.97101,1.092,1.1887,1.2752,1.3616,1.4466,1.5144,1.5361,1.4772,1.3108,1.037,0.69991,0.38838,0.21111,0.24496,0.48657,0.85227,1.2284,1.5255,1.7005,1.7551,1.7146,1.6109
-0.5614,-1.0256,-1.5568,-1.6822,-1.4156,-1.0095,-0.67021,-0.47439,-0.42287,-0.51578,-0.75186,-1.0888,-1.4519,-1.7648,-1.957,-1.9602,-1.7287,-1.2799,-0.70018,-0.10624,0.38238,0.6578,0.6565,0.40062,0.0039059,-0.37793,-0.60477,-0.60178,-0.37343,0.0045927,0.41753,0.75672,0.9637,1.0419,1.0338,0.9822,0.909,0.81063,0.66744,0.45848,0.18049,-0.13925,-0.44079,-0.65485,-0.73546,-0.68035,-0.53254,-0.35336,-0.19301,-0.073373,0.013086,0.088731,0.1757,0.28811,0.43398,0.60752,0.78868,0.95004,1.0745,1.1668,1.2446,1.3243,1.4064,1.4736,1.4949,1.4337,1.2632,0.98607,0.65091,0.35203,0.19957,0.26434,0.53227,0.9122,1.2899,1.5795,1.7436,1.7861,1.7342,1.6208
-0.53766,-0.96151,-1.4659,-1.6226,-1.4387,-1.1238,-0.83712,-0.63513,-0.53534,-0.57656,-0.78009,-1.109,-1.482,-1.8136,-2.0326,-2.0615,-1.8352,-1.3608,-0.73149,-0.079902,0.46087,0.77236,0.77982,0.49528,0.028978,-0.44722,-0.7627,-0.80754,-0.57752,-0.16313,0.29458,0.66724,0.89159,0.97795,0.97883,0.9467,0.90523,0.84738,0.74492,0.56619,0.29778,-0.041573,-0.3913,-0.67031,-0.81173,-0.7956,-0.65885,-0.46988,-0.29288,-0.15991,-0.070307,-0.0017702,0.074193,0.18293,0.33824,0.53533,0.74515,0.92731,1.0562,1.135,1.1909,1.2456,1.3042,1.351,1.3549,1.2794,1.0975,0.8156,0.48815,0.21398,0.1018,0.2118,0.5158,0.91511,1.2972,1.5821,1.7373,1.772,1.7149,1.5992
-0.50803,-0.88951,-1.3666,-1.5536,-1.4548,-1.239,-1.0201,-0.82696,-0.68955,-0.68097,-0.8471,-1.1556,-1.5195,-1.8528,-2.0845,-2.1302,-1.9091,-1.4163,-0.74733,-0.047366,0.53611,0.87429,0.88641,0.57838,0.057213,-0.50016,-0.89907,-0.99636,-0.76988,-0.32609,0.16561,0.56044,0.79364,0.88533,0.89863,0.88937,0.88222,0.86368,0.79968,0.64919,0.38963,0.035731,-0.35502,-0.69367,-0.89585,-0.92352,-0.80375,-0.61026,-0.4202,-0.27778,-0.18898,-0.12982,-0.063799,0.044586,0.21395,0.43865,0.67924,0.88179,1.0114,1.0719,1.0936,1.1077,1.1275,1.1423,1.1223,1.0295,0.83719,0.55454,0.2392,-0.0059474,-0.074456,0.082467,0.42303,0.84253,1.231,1.5151,1.6682,1.7014,1.645,1.5329
-0.48112,-0.83137,-1.2877,-1.4955,-1.4603,-1.3212,-1.1607,-0.9839,-0.82531,-0.78214,-0.91969,-1.2053,-1.5516,-1.8746,-2.1035,-2.1539,-1.9368,-1.4357,-0.74557,-0.019897,0.58586,0.9377,0.95117,0.63007,0.078976,-0.52363,-0.97177,-1.1043,-0.88567,-0.43116,0.073595,0.4734,0.70648,0.79929,0.82096,0.82997,0.84724,0.85507,0.81301,0.67722,0.42355,0.062501,-0.34854,-0.71952,-0.95972,-1.0176,-0.91328,-0.72051,-0.52317,-0.37643,-0.2898,-0.23854,-0.18066,-0.074786,0.10438,0.34627,0.60375,0.81549,0.94245,0.98658,0.9809,0.96184,0.94751,0.93163,0.88749,0.77976,0.58407,0.30814,0.013562,-0.19813,-0.22821,-0.039244,0.32004,0.74634,1.1357,1.4198,1.5748,1.6133,1.5653,1.4626
-0.43869,-0.74739,-1.1779,-1.4129,-1.4558,-1.4183,-1.3425,-1.1981,-1.0216,-0.94069,-1.0361,-1.2839,-1.5953,-1.8881,-2.0985,-2.1448,-1.9296,-1.4251,-0.72258,0.019786,0.64031,1.001,1.0152,0.68458,0.11099,-0.52711,-1.0166,-1.1815,-0.97991,-0.53036,-0.03127,0.3574,0.57697,0.6624,0.68953,0.71757,0.76199,0.79742,0.77816,0.65793,0.41198,0.050098,-0.37327,-0.76943,-1.043,-1.133,-1.0467,-0.85518,-0.65068,-0.49777,-0.41469,-0.37708,-0.33643,-0.24129,-0.061196,0.19329,0.46815,0.69175,0.81509,0.83488,0.78515,0.70897,0.63659,0.57345,0.49993,0.3825,0.19594,-0.050873,-0.30095,-0.45904,-0.43839,-0.21449,0.15929,0.58531,0.96945,1.2514,1.4107,1.4599,1.4268,1.3415
-0.38969,-0.65789,-1.0656,-1.3251,-1.4369,-1.4936,-1.5027,-1.399,-1.2169,-1.1057,-1.1619,-1.3661,-1.6337,-1.8825,-2.0588,-2.0878,-1.87,-1.3702,-0.67326,0.065192,0.68217,1.0392,1.0508,0.71869,0.14219,-0.50226,-1.0024,-1.1818,-0.99746,-0.57116,-0.10325,0.24962,0.43628,0.50121,0.52532,0.56533,0.62867,0.68164,0.67366,0.56074,0.32171,-0.029429,-0.44144,-0.83234,-1.1109,-1.2137,-1.1391,-0.95161,-0.74433,-0.58932,-0.51127,-0.48811,-0.46781,-0.3907,-0.21932,0.038684,0.32359,0.55246,0.6654,0.65337,0.55072,0.40819,0.26842,0.15025,0.045035,-0.074306,-0.23256,-0.42276,-0.59791,-0.68149,-0.60832,-0.36507,0.0008056,0.4073,0.77428,1.0487,1.2127,1.276,1.2631,1.201
-0.34814,-0.58896,-0.98184,-1.2573,-1.4132,-1.5314,-1.5987,-1.529,-1.3507,-1.2212,-1.2509,-1.4223,-1.6511,-1.8625,-2.0064,-2.0146,-1.7918,-1.2994,-0.61678,0.10494,0.70698,1.0532,1.059,0.72733,0.1591,-0.47213,-0.96071,-1.1374,-0.96404,-0.56463,-0.13494,0.17611,0.32558,0.3668,0.38277,0.42743,0.49907,0.55662,0.54876,0.43513,0.2026,-0.13241,-0.51944,-0.88398,-1.1444,-1.2399,-1.1665,-0.98261,-0.77718,-0.62532,-0.55378,-0.54166,-0.53536,-0.47225,-0.3074,-0.049101,0.23846,0.465,0.56352,0.51996,0.36955,0.16919,-0.028078,-0.19108,-0.31805,-0.4303,-0.55063,-0.68106,-0.78551,-0.80585,-0.69512,-0.44706,-0.1009,0.27746,0.62179,0.88566,1.0522,1.1283,1.1344,1.0932
-0.28834,-0.49584,-0.87308,-1.1659,-1.3695,-1.5526,-1.6856,-1.659,-1.4913,-1.3476,-1.3462,-1.4759,-1.6533,-1.8103,-1.9077,-1.8843,-1.6514,-1.1737,-0.5231,0.16079,0.72783,1.0477,1.0403,0.7121,0.16613,-0.42821,-0.87719,-1.0328,-0.87268,-0.51976,-0.15441,0.089029,0.18151,0.18409,0.1824,0.22165,0.28991,0.33939,0.3197,0.2008,-0.019965,-0.31638,-0.64378,-0.94231,-1.1471,-1.2126,-1.1313,-0.95148,-0.75499,-0.6123,-0.55361,-0.55895,-0.57142,-0.52088,-0.35903,-0.094298,0.19926,0.41841,0.48681,0.38796,0.15968,-0.13129,-0.41596,-0.64371,-0.79535,-0.88298,-0.93274,-0.96022,-0.95501,-0.88987,-0.74117,-0.50564,-0.20487,0.12093,0.42556,0.67087,0.83986,0.93307,0.96404,0.9505
-0.24154,-0.42736,-0.79471,-1.0981,-1.3287,-1.5466,-1.7156,-1.7164,-1.5599,-1.4117,-1.392,-1.4927,-1.6344,-1.7522,-1.8137,-1.7649,-1.5248,-1.0624,-0.44313,0.20375,0.73501,1.0257,1.0023,0.67731,0.1545,-0.40008,-0.80602,-0.93665,-0.78458,-0.46804,-0.15487,0.034605,0.080806,0.051065,0.03109,0.060685,0.11876,0.15278,0.11441,-0.016076,-0.2273,-0.48449,-0.74522,-0.96621,-1.1053,-1.1298,-1.0363,-0.8633,-0.68103,-0.55426,-0.51085,-0.53017,-0.55231,-0.50259,-0.3313,-0.052947,0.24725,0.45643,0.49423,0.34494,0.050632,-0.31409,-0.66804,-0.94451,-1.1092,-1.1675,-1.1516,-1.0949,-1.0109,-0.89342,-0.72957,-0.51386,-0.25498,0.024261,0.29271,0.52088,0.68964,0.79591,0.84748,0.85685
-0.17867,-0.33871,-0.69662,-1.0117,-1.2661,-1.511,-1.7062,-1.7326,-1.5926,-1.4459,-1.4106,-1.4795,-1.5789,-1.6505,-1.6664,-1.5852,-1.3398,-0.90261,-0.33129,0.2569,0.72999,0.97198,0.91839,0.59208,0.10315,-0.38822,-0.72524,-0.81242,-0.66211,-0.38688,-0.13723,-0.01516,-0.02803,-0.10139,-0.15015,-0.14141,-0.10723,-0.10655,-0.18159,-0.33537,-0.5305,-0.71865,-0.86458,-0.95487,-0.98181,-0.936,-0.81831,-0.65643,-0.50341,-0.40971,-0.39564,-0.4355,-0.4639,-0.40186,-0.20244,0.10607,0.42013,0.61476,0.60708,0.38548,0.00034335,-0.46267,-0.90546,-1.2395,-1.4111,-1.4206,-1.3163,-1.1564,-0.98567,-0.82031,-0.65651,-0.48264,-0.28934,-0.076604,0.14313,0.34853,0.51889,0.64252,0.71864,0.75392
-0.11713,-0.25658,-0.61072,-0.93322,-1.1976,-1.4478,-1.6438,-1.6788,-1.5541,-1.4162,-1.3751,-1.4217,-1.4879,-1.5216,-1.5014,-1.396,-1.1512,-0.74509,-0.2278,0.29513,0.70169,0.88553,0.79331,0.45988,0.0029599,-0.42241,-0.68302,-0.71624,-0.55405,-0.30567,-0.10263,-0.031451,-0.089026,-0.19797,-0.27422,-0.29475,-0.29797,-0.34572,-0.47058,-0.65337,-0.82752,-0.92841,-0.93739,-0.87864,-0.7805,-0.65503,-0.50822,-0.35926,-0.24375,-0.19478,-0.21865,-0.27995,-0.30684,-0.21904,0.021385,0.36716,0.69631,0.87513,0.82182,0.53133,0.064731,-0.48029,-0.98928,-1.3561,-1.5165,-1.4756,-1.3,-1.0722,-0.85591,-0.67834,-0.53793,-0.41672,-0.2911,-0.14251,0.032507,0.21844,0.39237,0.53327,0.63175,0.68903
-0.073694,-0.20135,-0.55425,-0.88192,-1.1458,-1.3863,-1.5683,-1.5988,-1.4838,-1.3556,-1.3158,-1.3528,-1.4001,-1.413,-1.374,-1.2555,-1.0143,-0.63414,-0.16037,0.3111,0.66476,0.79958,0.67143,0.32672,-0.10833,-0.48324,-0.68411,-0.67194,-0.49231,-0.25169,-0.069447,-0.021363,-0.09752,-0.2206,-0.31181,-0.35384,-0.39017,-0.48055,-0.64993,-0.85861,-1.0162,-1.0462,-0.94775,-0.77671,-0.58691,-0.40259,-0.23306,-0.09296,-0.0065497,0.00606,-0.049008,-0.12677,-0.14966,-0.039102,0.23472,0.60844,0.947,1.1125,1.0268,0.69363,0.17962,-0.40603,-0.93984,-1.3098,-1.4523,-1.3805,-1.1729,-0.92261,-0.70057,-0.53652,-0.42749,-0.35031,-0.27292,-0.16662,-0.019597,0.15659,0.33348,0.4853,0.59776,0.66893
-0.021789,-0.13873,-0.49316,-0.82392,-1.0789,-1.292,-1.4392,-1.4523,-1.3443,-1.2332,-1.2,-1.2306,-1.2646,-1.2603,-1.2056,-1.0794,-0.8493,-0.50594,-0.091199,0.30881,0.58763,0.65171,0.46839,0.1018,-0.30761,-0.61488,-0.7329,-0.65391,-0.43865,-0.19051,-0.014932,0.026301,-0.052439,-0.1764,-0.27651,-0.34158,-0.41806,-0.56271,-0.78898,-1.0341,-1.1744,-1.1199,-0.89257,-0.58974,-0.29317,-0.040837,0.15649,0.28944,0.34334,0.31446,0.22329,0.12653,0.10827,0.24624,0.55403,0.95176,1.2937,1.441,1.3218,0.94837,0.40059,-0.20325,-0.73342,-1.08,-1.1906,-1.0925,-0.87318,-0.63066,-0.43428,-0.31213,-0.25797,-0.24247,-0.22427,-0.16402,-0.042699,0.12665,0.31168,0.47727,0.60287,0.68361
0.011216,-0.10127,-0.45813,-0.79039,-1.0326,-1.2157,-1.3312,-1.3233,-1.2179,-1.1192,-1.0938,-1.1239,-1.154,-1.1457,-1.0858,-0.95993,-0.74258,-0.42844,-0.05784,0.2875,0.5068,0.51376,0.28551,-0.10072,-0.49296,-0.74927,-0.80231,-0.66914,-0.42109,-0.15671,0.030183,0.086005,0.025661,-0.083876,-0.1808,-0.25823,-0.3593,-0.53664,-0.7969,-1.0648,-1.1981,-1.0979,-0.79898,-0.42137,-0.063508,0.2317,0.44969,0.5821,0.62038,0.56714,0.45335,0.34438,0.32893,0.48054,0.80471,1.2101,1.5461,1.6768,1.537,1.1475,0.59466,0.0022275,-0.50041,-0.81142,-0.89224,-0.78218,-0.57267,-0.35704,-0.20021,-0.12406,-0.1167,-0.14425,-0.16155,-0.12629,-0.018275,0.1499,0.33818,0.5087,0.6388,0.72274
0.047184,-0.065619,-0.42744,-0.76018,-0.97899,-1.1163,-1.1799,-1.1426,-1.0371,-0.95339,-0.93897,-0.97351,-1.0068,-1.0017,-0.94534,-0.82547,-0.62683,-0.35165,-0.040742,0.23003,0.36804,0.29634,0.0051928,-0.40892,-0.77826,-0.96447,-0.93053,-0.72324,-0.42624,-0.12742,0.0938,0.19121,0.17674,0.10491,0.026943,-0.053504,-0.17401,-0.37932,-0.66835,-0.95535,-1.087,-0.95534,-0.60547,-0.17142,0.23888,0.57449,0.81731,0.95669,0.98576,0.91499,0.78445,0.66743,0.65451,0.81384,1.1392,1.5333,1.8475,1.953,1.7937,1.399,0.86505,0.31865,-0.1191,-0.36706,-0.40959,-0.29704,-0.11643,0.04767,0.14311,0.15553,0.10207,0.021247,-0.037175,-0.027602,0.069891,0.2368,0.42879,0.60261,0.73284,0.81309
0.070823,-0.046749,-0.41624,-0.74799,-0.93789,-1.0231,-1.0332,-0.96513,-0.85843,-0.78602,-0.78325,-0.82669,-0.8695,-0.87617,-0.83094,-0.72232,-0.54423,-0.30903,-0.058423,0.13755,0.19375,0.042807,-0.31003,-0.74771,-1.0895,-1.2053,-1.0874,-0.80659,-0.45305,-0.10656,0.16373,0.31733,0.36079,0.33992,0.29542,0.23082,0.11174,-0.098965,-0.39512,-0.68912,-0.82691,-0.701,-0.35004,0.095004,0.52499,0.88392,1.1472,1.2992,1.3316,1.2582,1.1248,1.0084,0.99744,1.1526,1.4606,1.8246,2.1044,2.1819,2.0102,1.6264,1.1321,0.65147,0.2927,0.11471,0.11193,0.22517,0.37215,0.48232,0.5149,0.46501,0.35643,0.23221,0.14454,0.13829,0.22896,0.39238,0.57885,0.74372,0.86271,0.93125
0.081164,-0.043875,-0.42067,-0.74932,-0.91569,-0.96056,-0.93068,-0.84181,-0.73472,-0.66996,-0.67537,-0.7271,-0.77988,-0.79999,-0.76595,-0.66747,-0.50555,-0.29928,-0.091947,0.049394,0.045256,-0.16349,-0.55893,-1.0096,-1.3253,-1.3881,-1.21,-0.87699,-0.47918,-0.093666,0.21817,0.41774,0.50951,0.53092,0.51766,0.47066,0.36171,0.15955,-0.12624,-0.41258,-0.55525,-0.45075,-0.1265,0.30068,0.72605,1.0916,1.3663,1.5293,1.5702,1.5028,1.3744,1.2626,1.2528,1.3998,1.687,2.0214,2.2708,2.3259,2.1474,1.7784,1.3217,0.89782,0.60262,0.47752,0.50297,0.61594,0.74005,0.81328,0.80454,0.71541,0.57355,0.42409,0.31974,0.30379,0.38802,0.5434,0.71991,0.87262,0.97858,1.0345
0.08411,-0.054775,-0.44233,-0.76601,-0.8992,-0.8896,-0.80821,-0.6951,-0.58926,-0.53568,-0.55081,-0.61433,-0.68616,-0.72703,-0.71118,-0.62899,-0.48797,-0.3162,-0.16266,-0.092042,-0.17338,-0.45085,-0.88939,-1.3406,-1.6117,-1.6032,-1.353,-0.95897,-0.5101,-0.076176,0.28769,0.54605,0.70088,0.78011,0.81147,0.79522,0.70889,0.5303,0.27081,0.0061049,-0.13917,-0.06999,0.20055,0.58055,0.97922,1.3376,1.6186,1.7943,1.8496,1.7966,1.6819,1.5811,1.574,1.7083,1.9645,2.2562,2.4637,2.4905,2.3071,1.9629,1.5612,1.2133,0.99788,0.93672,0.99684,1.1125,1.2129,1.2475,1.1948,1.0646,0.89003,0.7181,0.59944,0.57198,0.64194,0.77881,0.93216,1.0604,1.1431,1.1784
0.076259,-0.080594,-0.48173,-0.80025,-0.8992,-0.83586,-0.70636,-0.5729,-0.47315,-0.43193,-0.45717,-0.53358,-0.6256,-0.69116,-0.69722,-0.63066,-0.50563,-0.36286,-0.25768,-0.25139,-0.40187,-0.73483,-1.1936,-1.6184,-1.8301,-1.7553,-1.4484,-1.0087,-0.5223,-0.051467,0.35336,0.66012,0.86745,0.99677,1.0698,1.0875,1.0326,0.88828,0.66695,0.43243,0.29043,0.32409,0.53513,0.85673,1.2132,1.5504,1.8268,2.0088,2.0769,2.039,1.94,1.8525,1.851,1.9757,2.2062,2.4605,2.6304,2.6321,2.4466,2.1287,1.7804,1.5042,1.3617,1.3569,1.4465,1.5648,1.6487,1.6547,1.5715,1.4153,1.2219,1.0371,0.90752,0.86608,0.91575,1.026,1.1504,1.2506,1.308,1.3212
0.064467,-0.10942,-0.52246,-0.83758,-0.9107,-0.80795,-0.64444,-0.49917,-0.40574,-0.37527,-0.40903,-0.49535,-0.60371,-0.69094,-0.71618,-0.66027,-0.54331,-0.41649,-0.341,-0.37519,-0.56679,-0.92648,-1.3816,-1.7691,-1.9283,-1.8096,-1.4746,-1.0152,-0.51276,-0.025679,0.39851,0.73024,0.96719,1.1269,1.2274,1.2698,1.24,1.1247,0.93608,0.72939,0.59569,0.60899,0.77802,1.053,1.372,1.6847,1.9498,2.1309,2.2046,2.1769,2.0899,2.0131,2.0165,2.1371,2.3526,2.5853,2.7349,2.7256,2.5438,2.2464,1.9352,1.7039,1.6044,1.6328,1.7415,1.8643,1.9396,1.9326,1.8346,1.6658,1.4636,1.2732,1.1376,1.0855,1.1175,1.2048,1.3053,1.3832,1.4216,1.419
0.043276,-0.15809,-0.58923,-0.90133,-0.94216,-0.7883,-0.58223,-0.42396,-0.34184,-0.3275,-0.3732,-0.47216,-0.60385,-0.72402,-0.77689,-0.73528,-0.62616,-0.51328,-0.46506,-0.53805,-0.76583,-1.1345,-1.5526,-1.8663,-1.9524,-1.7897,-1.4378,-0.97482,-0.47036,0.019309,0.45006,0.79533,1.0553,1.2446,1.3774,1.4519,1.4563,1.3802,1.2357,1.0686,0.95256,0.94814,1.0687,1.2837,1.5488,1.8224,2.0644,2.2358,2.3105,2.2908,2.2156,2.1505,2.1609,2.28,2.4857,2.704,2.8402,2.8248,2.651,2.3798,2.1103,1.9308,1.8817,1.9477,2.0757,2.2003,2.2675,2.2453,2.1341,1.9579,1.7535,1.5616,1.4191,1.3505,1.3566,1.4125,1.4812,1.5316,1.5478,1.528
0.025028,-0.19981,-0.64636,-0.95845,-0.97755,-0.78674,-0.55173,-0.3857,-0.31341,-0.31259,-0.36726,-0.47531,-0.62501,-0.7709,-0.84706,-0.81742,-0.71124,-0.60225,-0.56509,-0.65368,-0.88973,-1.2409,-1.6056,-1.8499,-1.8848,-1.705,-1.3581,-0.90849,-0.41816,0.058252,0.4781,0.81834,1.0828,1.2861,1.4398,1.5383,1.5687,1.5217,1.4082,1.2699,1.1692,1.1581,1.2494,1.4229,1.6465,1.8865,2.1055,2.2642,2.3345,2.3164,2.2468,2.1883,2.2032,2.3232,2.5266,2.7415,2.877,2.867,2.7063,2.4565,2.2155,2.0664,2.0439,2.1291,2.2675,2.3949,2.4577,2.4308,2.3149,2.1354,1.9297,1.7372,1.5917,1.5136,1.5024,1.5367,1.583,1.6138,1.6157,1.5871
-0.00046247,-0.25887,-0.72977,-1.0456,-1.0391,-0.8029,-0.53057,-0.35725,-0.30048,-0.31906,-0.38564,-0.50503,-0.67636,-0.85743,-0.96942,-0.95802,-0.85211,-0.73943,-0.70363,-0.79235,-1.0084,-1.3002,-1.5687,-1.7159,-1.6969,-1.5143,-1.1958,-0.78392,-0.33146,0.10861,0.49496,0.81092,1.0653,1.2766,1.4526,1.5829,1.6502,1.6427,1.5704,1.4686,1.3876,1.3687,1.4241,1.5447,1.7134,1.9059,2.0902,2.2274,2.2867,2.2662,2.1981,2.1413,2.1571,2.278,2.4837,2.7053,2.8524,2.8593,2.7214,2.5009,2.2934,2.1791,2.1872,2.2939,2.4425,2.5703,2.6294,2.596,2.4763,2.2974,2.0952,1.9045,1.7545,1.663,1.6311,1.6417,1.6662,1.6807,1.6717,1.6368
-0.023738,-0.31777,-0.81676,-1.1417,-1.1155,-0.83783,-0.53124,-0.35175,-0.31273,-0.35093,-0.42913,-0.55705,-0.74784,-0.96508,-1.1155,-1.1248,-1.0188,-0.89503,-0.84287,-0.90343,-1.0643,-1.265,-1.4238,-1.4834,-1.4312,-1.2673,-0.99797,-0.64278,-0.24546,0.14259,0.4798,0.75635,0.98907,1.2008,1.3953,1.5558,1.6596,1.6918,1.6593,1.5895,1.5225,1.4917,1.5114,1.5828,1.6987,1.8443,1.991,2.1014,2.1448,2.1147,2.0404,1.9781,1.9881,2.1051,2.3148,2.5497,2.7193,2.7551,2.6497,2.4624,2.2873,2.2012,2.2308,2.3511,2.5065,2.6362,2.6935,2.6598,2.542,2.3673,2.17,1.9819,1.8288,1.7267,1.6787,1.672,1.6834,1.6907,1.6802,1.6475
-0.037507,-0.35901,-0.88154,-1.2173,-1.18,-0.87529,-0.54442,-0.36163,-0.33779,-0.3918,-0.47648,-0.60766,-0.81189,-1.0547,-1.2336,-1.2616,-1.1563,-1.0195,-0.94346,-0.96472,-1.0645,-1.1843,-1.2609,-1.2675,-1.2062,-1.0714,-0.84891,-0.54364,-0.19259,0.15059,0.44564,0.6853,0.89671,1.1055,1.3137,1.498,1.6302,1.6921,1.6851,1.6323,1.5691,1.5258,1.5199,1.5567,1.6343,1.7438,1.8605,1.9493,1.9794,1.9403,1.8574,1.7837,1.7807,1.8882,2.0982,2.3464,2.5399,2.6047,2.5284,2.3677,2.2145,2.1464,2.1901,2.32,2.4804,2.6116,2.6704,2.6379,2.5239,2.3556,2.165,1.9809,1.8265,1.7177,1.6601,1.6453,1.6523,1.6602,1.6546,1.6293
-0.049785,-0.40649,-0.96187,-1.3171,-1.2718,-0.93684,-0.57782,-0.39271,-0.39057,-0.46659,-0.55673,-0.69003,-0.9063,-1.1778,-1.3943,-1.4472,-1.3437,-1.186,-1.0667,-1.0185,-1.0199,-1.0233,-0.99958,-0.95803,-0.90542,-0.8202,-0.6654,-0.43134,-0.14781,0.13223,0.36719,0.55582,0.73433,0.93636,1.1623,1.3809,1.5545,1.6561,1.6804,1.643,1.5749,1.5075,1.4631,1.4532,1.4821,1.5447,1.6222,1.6824,1.6927,1.6383,1.5373,1.4387,1.4066,1.4915,1.6969,1.9642,2.1959,2.3079,2.2776,2.1544,2.0291,1.979,2.0338,2.1714,2.3385,2.477,2.5429,2.5208,2.4187,2.2626,2.0824,1.9043,1.7494,1.6343,1.5682,1.548,1.5571,1.5749,1.5842,1.5761
-0.052625,-0.44211,-1.0308,-1.4092,-1.3641,-1.0064,-0.62622,-0.44392,-0.46553,-0.56265,-0.65818,-0.78599,-1.0061,-1.2989,-1.5453,-1.621,-1.5194,-1.3377,-1.1681,-1.0402,-0.93405,-0.82488,-0.72161,-0.65506,-0.62794,-0.59897,-0.51581,-0.35622,-0.1416,0.077333,0.25891,0.40301,0.55035,0.74372,0.98491,1.237,1.4517,1.5919,1.643,1.6138,1.5327,1.434,1.3469,1.2902,1.2731,1.2934,1.3349,1.3672,1.3551,1.2806,1.1537,1.0193,0.94546,0.99743,1.1933,1.4814,1.7565,1.92,1.9365,1.8479,1.7435,1.7047,1.7664,1.9103,2.0853,2.2342,2.315,2.3104,2.2287,2.0931,1.9292,1.7597,1.6049,1.4843,1.4129,1.3933,1.4118,1.4466,1.4778,1.4933
-0.048343,-0.45887,-1.0717,-1.4702,-1.43,-1.062,-0.67034,-0.49461,-0.53641,-0.65014,-0.74735,-0.86734,-1.0842,-1.385,-1.6477,-1.7368,-1.6345,-1.4338,-1.2243,-1.0335,-0.84927,-0.66804,-0.52123,-0.4474,-0.44453,-0.45986,-0.43131,-0.32602,-0.16018,0.019223,0.16913,0.28606,0.41374,0.59959,0.84995,1.1242,1.3672,1.5337,1.6013,1.5745,1.4799,1.356,1.2371,1.1476,1.0994,1.0918,1.1092,1.1208,1.0903,0.99555,0.84263,0.675,0.56543,0.58853,0.77697,1.0826,1.3923,1.595,1.6445,1.5778,1.482,1.4429,1.5019,1.6462,1.8271,1.9879,2.0857,2.1026,2.044,1.9293,1.781,1.6194,1.4654,1.3416,1.2682,1.252,1.2813,1.3331,1.3841,1.4191
-0.033615,-0.46795,-1.1094,-1.5358,-1.5083,-1.1371,-0.74176,-0.58056,-0.65257,-0.78735,-0.88297,-0.98872,-1.1909,-1.4888,-1.7615,-1.8593,-1.7522,-1.5259,-1.2631,-0.99178,-0.71559,-0.45853,-0.27505,-0.20805,-0.24338,-0.31647,-0.35372,-0.31163,-0.19731,-0.056134,0.063375,0.15174,0.25333,0.42509,0.68109,0.97969,1.2563,1.4536,1.5402,1.5135,1.4001,1.243,1.086,0.95932,0.87698,0.83721,0.82329,0.80463,0.74448,0.61862,0.42964,0.21865,0.062685,0.050502,0.22906,0.55592,0.9078,1.1565,1.2417,1.1927,1.0962,1.0442,1.0885,1.226,1.4132,1.5943,1.7231,1.7787,1.7599,1.6801,1.5571,1.4102,1.2612,1.1369,1.0633,1.0532,1.0978,1.1719,1.2492,1.3118
-0.016516,-0.4646,-1.1236,-1.5696,-1.5574,-1.1917,-0.8019,-0.65804,-0.75519,-0.90602,-1.0004,-1.0912,-1.2758,-1.5619,-1.8276,-1.922,-1.8087,-1.5645,-1.266,-0.94251,-0.60915,-0.30972,-0.11249,-0.059151,-0.12488,-0.23671,-0.31416,-0.30932,-0.22249,-0.098786,0.0082805,0.082929,0.1672,0.32442,0.57598,0.88346,1.1774,1.3932,1.4926,1.4676,1.3438,1.1668,0.9864,0.83771,0.73503,0.67532,0.63952,0.59628,0.51045,0.35715,0.14038,-0.097916,-0.27857,-0.3077,-0.13107,0.20845,0.58232,0.854,0.95518,0.90819,0.80112,0.72958,0.75447,0.88147,1.0717,1.269,1.4252,1.5138,1.5299,1.4825,1.3855,1.2553,1.1134,0.98944,0.91529,0.90913,0.96468,1.0562,1.1538,1.236
0.012761,-0.44652,-1.1237,-1.5932,-1.6065,-1.258,-0.88883,-0.77545,-0.90867,-1.0839,-1.1745,-1.2417,-1.3977,-1.6531,-1.8899,-1.9628,-1.8343,-1.5693,-1.2331,-0.85514,-0.46541,-0.12878,0.07403,0.10453,9.0497e-05,-0.15511,-0.27308,-0.30156,-0.23611,-0.12053,-0.015237,0.052916,0.11746,0.24735,0.4785,0.78034,1.0836,1.3157,1.4291,1.4096,1.2798,1.0897,0.89261,0.72586,0.60299,0.5179,0.45074,0.37151,0.24778,0.059131,-0.18869,-0.45175,-0.64825,-0.68203,-0.49953,-0.14593,0.2435,0.52534,0.62602,0.56616,0.43088,0.32289,0.31399,0.42063,0.61024,0.82757,1.0212,1.1586,1.2273,1.2288,1.1713,1.0683,0.94179,0.8244,0.75294,0.75172,0.81754,0.92503,1.0424,1.1459
0.048088,-0.41675,-1.1037,-1.5922,-1.6337,-1.315,-0.97856,-0.90467,-1.0796,-1.2798,-1.3684,-1.4137,-1.5339,-1.7415,-1.9269,-1.9592,-1.8059,-1.5234,-1.1639,-0.75247,-0.32878,0.025686,0.22228,0.22927,0.093466,-0.091436,-0.23534,-0.27917,-0.21703,-0.092155,0.027545,0.098013,0.14547,0.24078,0.43606,0.71607,1.0138,1.252,1.3743,1.3621,1.2362,1.0473,0.84941,0.67775,0.54285,0.43469,0.33336,0.21291,0.047703,-0.17419,-0.43992,-0.70277,-0.88431,-0.89889,-0.70524,-0.35583,0.018476,0.28173,0.36316,0.27986,0.11519,-0.02865,-0.07377,0.0068959,0.18978,0.42249,0.64926,0.83377,0.95422,1.0052,0.99045,0.92137,0.819,0.71631,0.65214,0.65437,0.72484,0.83988,0.96768,1.0829
0.076643,-0.38802,-1.0777,-1.577,-1.6395,-1.3494,-1.0444,-1.0062,-1.2144,-1.4338,-1.5238,-1.5542,-1.643,-1.8051,-1.9394,-1.9299,-1.7534,-1.4604,-1.0917,-0.66738,-0.23234,0.12298,0.30727,0.29532,0.14182,-0.054899,-0.20398,-0.24591,-0.17375,-0.032759,0.10195,0.17731,0.21169,0.2784,0.44033,0.69439,0.97873,1.2147,1.3421,1.3378,1.2209,1.0391,0.84647,0.67671,0.53599,0.41376,0.28841,0.13714,-0.057194,-0.30026,-0.57107,-0.82046,-0.97647,-0.96873,-0.77008,-0.43625,-0.088553,0.1479,0.2069,0.10492,-0.077832,-0.24083,-0.30459,-0.23867,-0.063013,0.17288,0.41634,0.62594,0.77906,0.86616,0.88666,0.84816,0.76931,0.68185,0.62488,0.62925,0.69753,0.81047,0.93804,1.0551
0.11623,-0.34536,-1.0336,-1.5406,-1.6298,-1.382,-1.1258,-1.1409,-1.3951,-1.6435,-1.7395,-1.7501,-1.7938,-1.8846,-1.9352,-1.8602,-1.6522,-1.3496,-0.97738,-0.55045,-0.11792,0.22463,0.38624,0.34936,0.17947,-0.021103,-0.16061,-0.18493,-0.088276,0.080267,0.23732,0.32313,0.34541,0.37875,0.49431,0.70546,0.96033,1.1832,1.3124,1.3203,1.2203,1.0559,0.87598,0.7103,0.5634,0.42108,0.26534,0.079283,-0.14637,-0.40373,-0.66605,-0.88496,-1.0008,-0.96506,-0.77194,-0.47683,-0.18391,0.0023213,0.027597,-0.090227,-0.27842,-0.44439,-0.51443,-0.45807,-0.29066,-0.056205,0.19498,0.42557,0.60988,0.73507,0.79671,0.79848,0.75509,0.69445,0.65274,0.65952,0.72179,0.82407,0.94031,1.048
0.14475,-0.31194,-0.99569,-1.5046,-1.6109,-1.3957,-1.1811,-1.2375,-1.5255,-1.7967,-1.8991,-1.8962,-1.9024,-1.9325,-1.914,-1.7868,-1.5564,-1.2529,-0.88705,-0.46808,-0.047446,0.27742,0.41951,0.36751,0.19161,-0.0047718,-0.13139,-0.13678,-0.01787,0.17341,0.35142,0.44932,0.47015,0.48389,0.56789,0.74351,0.97049,1.1778,1.3037,1.3179,1.2298,1.079,0.90981,0.74847,0.59798,0.44419,0.27043,0.063842,-0.17748,-0.43854,-0.68651,-0.87595,-0.96095,-0.91206,-0.73642,-0.486,-0.24653,-0.10323,-0.10004,-0.21878,-0.39336,-0.54019,-0.59425,-0.5306,-0.36516,-0.13784,0.10899,0.34001,0.53404,0.6783,0.76584,0.79666,0.78139,0.74365,0.71561,0.72447,0.77956,0.86855,0.96939,1.0625
0.17962,-0.2678,-0.9426,-1.4487,-1.5729,-1.4011,-1.2434,-1.3535,-1.6844,-1.9843,-2.0968,-2.0775,-2.0312,-1.976,-1.8632,-1.6681,-1.4125,-1.1154,-0.76891,-0.3735,0.019166,0.31294,0.42736,0.35854,0.18095,-0.0014555,-0.10349,-0.077694,0.073364,0.29541,0.50101,0.61789,0.64472,0.64452,0.69644,0.83081,1.0198,1.2013,1.3155,1.3312,1.253,1.1147,0.9548,0.79696,0.64308,0.48036,0.29361,0.073841,-0.17437,-0.42759,-0.65048,-0.80438,-0.86072,-0.81154,-0.67557,-0.49716,-0.33805,-0.25542,-0.27499,-0.37695,-0.5063,-0.59907,-0.60892,-0.52094,-0.35075,-0.1319,0.098992,0.31851,0.50925,0.66181,0.7701,0.83171,0.85161,0.8453,0.83665,0.84861,0.89005,0.95604,1.0318,1.1027
0.21104,-0.22715,-0.88997,-1.3898,-1.5255,-1.3924,-1.2901,-1.4469,-1.8129,-2.135,-2.2566,-2.2231,-2.1263,-1.9855,-1.7816,-1.5271,-1.2541,-0.97085,-0.65589,-0.30043,0.051253,0.30797,0.39284,0.30841,0.1338,-0.026807,-0.095051,-0.031898,0.15339,0.40502,0.63434,0.77209,0.81073,0.81012,0.84456,0.94994,1.1062,1.259,1.3549,1.3619,1.2828,1.146,0.98815,0.83207,0.67942,0.51765,0.33062,0.11088,-0.13141,-0.36878,-0.5638,-0.68695,-0.72771,-0.69571,-0.61586,-0.52152,-0.44784,-0.42272,-0.45406,-0.52164,-0.58455,-0.60049,-0.5429,-0.41051,-0.22392,-0.013209,0.1953,0.38671,0.55536,0.6988,0.81322,0.89454,0.9427,0.96525,0.97673,0.99325,1.0223,1.0642,1.1117,1.1559
0.2314,-0.19899,-0.85295,-1.3452,-1.4861,-1.3793,-1.3142,-1.5013,-1.8823,-2.2122,-2.3385,-2.2972,-2.1655,-1.9649,-1.7003,-1.408,-1.1281,-0.86272,-0.58034,-0.26264,0.052083,0.27635,0.3382,0.24419,0.076103,-0.065181,-0.10564,-0.014058,0.19748,0.46977,0.71808,0.87318,0.92692,0.93377,0.96417,1.0541,1.1885,1.3196,1.3975,1.3915,1.3043,1.1621,1.0021,0.84743,0.69877,0.54352,0.36374,0.1521,-0.079471,-0.30112,-0.47669,-0.58369,-0.62236,-0.61043,-0.57618,-0.54463,-0.53311,-0.54802,-0.58234,-0.61617,-0.61968,-0.56951,-0.45545,-0.28563,-0.08292,0.12484,0.31524,0.48231,0.62651,0.75188,0.85912,0.94541,1.0084,1.0499,1.0768,1.0976,1.1213,1.1479,1.1746,1.1976
0.25475,-0.16536,-0.80789,-1.2887,-1.4328,-1.3559,-1.333,-1.5498,-1.9333,-2.256,-2.3824,-2.3333,-2.1626,-1.8938,-1.5613,-1.2313,-0.95414,-0.72306,-0.49335,-0.23608,0.020244,0.19815,0.23316,0.1341,-0.018037,-0.12904,-0.13275,-0.0059773,0.23491,0.53249,0.80432,0.98415,1.062,1.0863,1.1212,1.1993,1.3095,1.4116,1.4617,1.4331,1.3281,1.1742,1.0085,0.85477,0.71484,0.57387,0.41218,0.22051,0.0086923,-0.1927,-0.35145,-0.45034,-0.49627,-0.51384,-0.53297,-0.5711,-0.62793,-0.68489,-0.71587,-0.7,-0.62571,-0.49176,-0.30614,-0.087661,0.13677,0.34043,0.50656,0.63555,0.73943,0.832,0.92028,1.0036,1.0773,1.1375,1.1824,1.2129,1.2319,1.2425,1.247,1.2464
0.27427,-0.13664,-0.76976,-1.2389,-1.3847,-1.3302,-1.3392,-1.5677,-1.9323,-2.227,-2.3424,-2.2893,-2.0939,-1.775,-1.3939,-1.0433,-0.78092,-0.59353,-0.42738,-0.24209,-0.050696,0.082867,0.099225,0.0063291,-0.12114,-0.19674,-0.16568,-0.0093476,0.25438,0.57131,0.8637,1.0671,1.1706,1.2166,1.2617,1.3353,1.4274,1.5033,1.5246,1.4693,1.3419,1.1722,0.9994,0.84955,0.72354,0.60407,0.46582,0.29476,0.099548,-0.091977,-0.24519,-0.34366,-0.3982,-0.43808,-0.49301,-0.57724,-0.67709,-0.75533,-0.77253,-0.70989,-0.57049,-0.37119,-0.13246,0.12101,0.36048,0.55888,0.69998,0.78946,0.84602,0.89412,0.95093,1.0216,1.1011,1.1791,1.2442,1.2878,1.309,1.31,1.297,1.2766
0.28774,-0.1173,-0.74665,-1.2084,-1.3525,-1.3119,-1.3361,-1.5633,-1.8981,-2.1589,-2.2596,-2.2048,-2.0005,-1.6592,-1.2563,-0.9007,-0.65499,-0.50543,-0.39273,-0.26531,-0.1235,-0.021347,-0.012944,-0.091884,-0.19333,-0.24031,-0.18494,-0.010963,0.26434,0.59019,0.89316,1.112,1.2331,1.2945,1.3476,1.4194,1.5007,1.5588,1.5597,1.484,1.3394,1.1591,0.98387,0.84012,0.72791,0.62442,0.50261,0.34552,0.15797,-0.030798,-0.18688,-0.2923,-0.35585,-0.40503,-0.47057,-0.56439,-0.66955,-0.74381,-0.74409,-0.65336,-0.48111,-0.25141,0.010333,0.27677,0.51782,0.70571,0.82511,0.8817,0.89995,0.91187,0.94208,1.0002,1.0814,1.1708,1.2507,1.3068,1.3327,1.3323,1.314,1.2861
0.30438,-0.094181,-0.72148,-1.1764,-1.3175,-1.2894,-1.3246,-1.5333,-1.8119,-2.0144,-2.0906,-2.0357,-1.8306,-1.4799,-1.0671,-0.71635,-0.50012,-0.40515,-0.36537,-0.31675,-0.24158,-0.17614,-0.16698,-0.21565,-0.27279,-0.27937,-0.19547,-0.0076523,0.27182,0.59978,0.91057,1.1462,1.2888,1.3686,1.43,1.497,1.5621,1.5972,1.5711,1.4699,1.3061,1.1174,0.94662,0.81818,0.72696,0.64718,0.54555,0.40072,0.21578,0.01734,-0.15518,-0.27628,-0.34833,-0.39691,-0.44998,-0.52169,-0.59693,-0.63689,-0.60403,-0.48699,-0.29657,-0.056719,0.20801,0.47051,0.69963,0.86522,0.9493,0.95841,0.92146,0.87989,0.86952,0.90803,0.99182,1.1004,1.2058,1.2845,1.3239,1.3268,1.3042,1.2684
0.3173,-0.078337,-0.70614,-1.1582,-1.2976,-1.2745,-1.3117,-1.4948,-1.7227,-1.8768,-1.9323,-1.8813,-1.6848,-1.3384,-0.92887,-0.58929,-0.39879,-0.34573,-0.36084,-0.37138,-0.34414,-0.29903,-0.27781,-0.29274,-0.31106,-0.28749,-0.18856,-0.00024868,0.27175,0.59249,0.90438,1.1493,1.3065,1.3977,1.4623,1.5223,1.5727,1.5885,1.5433,1.4266,1.254,1.0656,0.90304,0.78835,0.7142,0.65045,0.56229,0.4245,0.23599,0.025304,-0.16541,-0.30256,-0.38045,-0.41965,-0.44697,-0.47752,-0.50272,-0.49603,-0.43247,-0.30475,-0.11996,0.10717,0.35715,0.60349,0.81309,0.95329,1.0049,0.97311,0.89126,0.80758,0.76584,0.78966,0.87653,1.0016,1.1293,1.2281,1.2823,1.2935,1.2735,1.2363
0.33596,-0.057125,-0.68901,-1.1406,-1.278,-1.2582,-1.2889,-1.4284,-1.5806,-1.6691,-1.699,-1.6589,-1.485,-1.1541,-0.7569,-0.43952,-0.28625,-0.28873,-0.37724,-0.46668,-0.49838,-0.468,-0.41402,-0.36933,-0.33063,-0.27081,-0.16168,0.014964,0.26233,0.56085,0.86299,1.1152,1.2895,1.3951,1.461,1.5077,1.5332,1.5193,1.4459,1.309,1.1303,0.95082,0.80981,0.7225,0.67475,0.63268,0.55822,0.42386,0.22641,-0.0057703,-0.22399,-0.38407,-0.46806,-0.48611,-0.46207,-0.41388,-0.3472,-0.25986,-0.14953,-0.015514,0.14666,0.33698,0.54752,0.75628,0.92879,1.0278,1.0292,0.93765,0.7901,0.64532,0.56033,0.5676,0.66426,0.81688,0.97828,1.1085,1.1853,1.2102,1.197,1.1626
0.35803,-0.03519,-0.67519,-1.1285,-1.264,-1.2442,-1.262,-1.351,-1.425,-1.4524,-1.4636,-1.4405,-1.2969,-0.99126,-0.61446,-0.3218,-0.20623,-0.26313,-0.42137,-0.58404,-0.66604,-0.63632,-0.53326,-0.41899,-0.32295,-0.23524,-0.12887,0.022112,0.23164,0.4953,0.77965,1.0351,1.2245,1.3418,1.4052,1.4323,1.4264,1.3765,1.2715,1.1149,0.93479,0.77287,0.66285,0.6101,0.59232,0.57335,0.51416,0.38566,0.18207,-0.069859,-0.31712,-0.50355,-0.59515,-0.58829,-0.50125,-0.35803,-0.18561,-0.012088,0.14214,0.2759,0.40603,0.55151,0.71632,0.88183,1.0111,1.0625,1.0084,0.85178,0.63448,0.42578,0.29604,0.28728,0.39648,0.58068,0.77981,0.94334,1.046,1.0883,1.0862,1.0593
0.37752,-0.017385,-0.66463,-1.1218,-1.2569,-1.2343,-1.2395,-1.2888,-1.3076,-1.2937,-1.2959,-1.2888,-1.1715,-0.89004,-0.53303,-0.2592,-0.17057,-0.26617,-0.47273,-0.68374,-0.79555,-0.75872,-0.61349,-0.44589,-0.30933,-0.2052,-0.1075,0.015571,0.18816,0.41784,0.68441,0.94057,1.1411,1.2675,1.329,1.3393,1.3056,1.2233,1.0901,0.91709,0.73709,0.59369,0.51245,0.48924,0.49722,0.49646,0.45055,0.3307,0.12769,-0.13194,-0.39573,-0.60087,-0.7005,-0.67703,-0.54353,-0.32959,-0.080343,0.15365,0.33735,0.46918,0.57606,0.68886,0.82016,0.95438,1.0531,1.0707,0.97497,0.77022,0.50043,0.24312,0.079552,0.059188,0.17794,0.3846,0.60967,0.79677,0.91818,0.97467,0.9835,0.96549
0.40875,0.0092177,-0.65014,-1.114,-1.2475,-1.2201,-1.2037,-1.2026,-1.1562,-1.0995,-1.0951,-1.1119,-1.033,-0.78823,-0.46028,-0.21404,-0.15919,-0.30019,-0.56285,-0.82833,-0.96935,-0.91662,-0.71539,-0.47871,-0.29165,-0.16974,-0.089124,-0.012609,0.098725,0.27315,0.50827,0.76404,0.98257,1.1262,1.1874,1.1762,1.1022,0.97156,0.7935,0.59308,0.41185,0.29363,0.2542,0.27628,0.32361,0.35503,0.33392,0.23203,0.040265,-0.22055,-0.49744,-0.72142,-0.83121,-0.79291,-0.60671,-0.31197,0.022614,0.32069,0.53322,0.66056,0.74144,0.82107,0.92067,1.026,1.0947,1.0753,0.9321,0.66705,0.3301,0.010056,-0.19819,-0.23648,-0.11054,0.11886,0.37174,0.58439,0.72829,0.8037,0.82856,0.82456
0.44601,0.039061,-0.63366,-1.1045,-1.2357,-1.1991,-1.1599,-1.1136,-1.0167,-0.93005,-0.92688,-0.97004,-0.93061,-0.72568,-0.42998,-0.21213,-0.18879,-0.36789,-0.67308,-0.97771,-1.1383,-1.0673,-0.81143,-0.51259,-0.28148,-0.14942,-0.093222,-0.069968,-0.027097,0.084231,0.28443,0.54063,0.78109,0.94446,1.0085,0.97739,0.86541,0.68654,0.463,0.23206,0.045506,-0.052002,-0.053419,0.012525,0.10221,0.17146,0.18506,0.11478,-0.051632,-0.29567,-0.57013,-0.80456,-0.92656,-0.88453,-0.66859,-0.32045,0.072292,0.41278,0.64232,0.76416,0.82806,0.88838,0.97216,1.0654,1.1218,1.0841,0.91092,0.60343,0.21368,-0.16154,-0.41558,-0.48082,-0.36162,-0.12476,0.14224,0.37057,0.52992,0.62059,0.66085,0.67258
0.47728,0.064092,-0.61879,-1.0952,-1.2247,-1.1791,-1.1204,-1.0453,-0.92127,-0.82033,-0.82203,-0.88589,-0.87621,-0.70137,-0.43068,-0.2348,-0.23328,-0.43497,-0.76372,-1.0903,-1.2607,-1.1735,-0.87797,-0.53742,-0.28026,-0.14503,-0.1092,-0.12685,-0.13787,-0.077906,0.093062,0.34916,0.608,0.78995,0.86016,0.81995,0.685,0.47558,0.22004,-0.035229,-0.23038,-0.31969,-0.29827,-0.20162,-0.08022,0.021299,0.065019,0.022338,-0.11781,-0.34233,-0.6047,-0.83559,-0.96035,-0.92124,-0.69778,-0.33279,0.078963,0.43192,0.66355,0.77916,0.83515,0.89153,0.97746,1.0769,1.1389,1.1018,0.92203,0.59667,0.17912,-0.22982,-0.51665,-0.60721,-0.50344,-0.27393,-0.0089078,0.22295,0.38735,0.48564,0.53583,0.5589
0.52368,0.10108,-0.59555,-1.0805,-1.2062,-1.1471,-1.0616,-0.95362,-0.80461,-0.69588,-0.70687,-0.79813,-0.82675,-0.69073,-0.45454,-0.28849,-0.31175,-0.53583,-0.8868,-1.2312,-1.4025,-1.2894,-0.94992,-0.56586,-0.28363,-0.14762,-0.13905,-0.20885,-0.29062,-0.29966,-0.1713,0.081951,0.36402,0.57312,0.65786,0.61539,0.46338,0.22863,-0.054474,-0.33321,-0.54374,-0.63481,-0.60026,-0.47766,-0.32175,-0.18195,-0.098259,-0.099561,-0.1984,-0.3837,-0.61454,-0.82818,-0.95203,-0.92099,-0.70726,-0.3467,0.062593,0.40858,0.62729,0.72926,0.77815,0.83953,0.94255,1.0663,1.1534,1.1366,0.96758,0.64216,0.21179,-0.22345,-0.54813,-0.68189,-0.61784,-0.41761,-0.16937,0.053795,0.22037,0.32635,0.38699,0.4216
0.56158,0.13169,-0.57531,-1.0664,-1.1905,-1.1193,-1.014,-0.88501,-0.72374,-0.61301,-0.63288,-0.74279,-0.79803,-0.69182,-0.4832,-0.33837,-0.37867,-0.61611,-0.97462,-1.3183,-1.4796,-1.348,-0.98526,-0.58053,-0.28621,-0.15257,-0.16291,-0.26818,-0.39679,-0.45332,-0.35577,-0.10841,0.18742,0.41474,0.51325,0.47734,0.32695,0.091034,-0.19387,-0.47799,-0.69888,-0.80366,-0.77814,-0.65372,-0.48522,-0.32431,-0.21373,-0.18412,-0.24915,-0.40061,-0.60226,-0.79587,-0.91154,-0.88503,-0.68313,-0.33964,0.048299,0.37009,0.56535,0.65047,0.69359,0.76413,0.88922,1.0421,1.159,1.1684,1.0201,0.70792,0.28149,-0.16089,-0.50453,-0.66685,-0.63563,-0.46653,-0.24342,-0.034548,0.12253,0.22588,0.2898,0.33187
0.61611,0.17502,-0.5443,-1.0434,-1.1683,-1.0821,-0.95115,-0.79869,-0.62424,-0.51335,-0.54207,-0.67051,-0.75702,-0.69015,-0.5186,-0.40379,-0.46582,-0.71343,-1.0672,-1.3925,-1.5292,-1.3743,-0.99175,-0.57312,-0.27434,-0.14962,-0.18288,-0.32702,-0.50567,-0.61362,-0.55367,-0.31995,-0.017349,0.22569,0.34315,0.32674,0.1992,-0.0098864,-0.26833,-0.53638,-0.76354,-0.89613,-0.90697,-0.81092,-0.65231,-0.48482,-0.35352,-0.29105,-0.31421,-0.41706,-0.57002,-0.72341,-0.81495,-0.78407,-0.59957,-0.2915,0.04932,0.31996,0.46849,0.5196,0.55116,0.63399,0.79087,0.98661,1.1494,1.2027,1.0928,0.81368,0.41153,-0.021398,-0.37628,-0.57061,-0.58362,-0.45893,-0.27226,-0.092029,0.048965,0.1438,0.20428,0.24638
0.67323,0.22089,-0.50696,-1.0177,-1.1478,-1.0522,-0.89767,-0.72133,-0.53419,-0.41763,-0.44789,-0.58808,-0.70015,-0.67036,-0.53929,-0.45864,-0.53946,-0.78596,-1.1185,-1.4071,-1.5037,-1.3224,-0.9338,-0.52155,-0.23486,-0.12664,-0.18209,-0.35345,-0.56345,-0.70384,-0.67239,-0.45821,-0.1658,0.078437,0.2089,0.22074,0.13718,-0.014758,-0.21256,-0.43607,-0.65465,-0.82354,-0.89903,-0.86721,-0.7527,-0.60414,-0.46996,-0.38751,-0.37644,-0.43328,-0.53395,-0.63619,-0.68662,-0.63399,-0.45451,-0.17958,0.10549,0.30872,0.39154,0.3926,0.39908,0.48649,0.67226,0.91038,1.1197,1.2188,1.1533,0.91472,0.54788,0.14066,-0.2039,-0.40704,-0.44644,-0.35904,-0.2121,-0.06595,0.046572,0.12168,0.17043,0.20655
0.71794,0.25777,-0.47572,-0.99682,-1.1364,-1.0384,-0.86819,-0.6746,-0.47234,-0.34559,-0.3696,-0.51179,-0.63811,-0.63579,-0.53759,-0.48351,-0.57738,-0.81818,-1.1243,-1.3717,-1.429,-1.229,-0.84587,-0.45186,-0.18471,-0.093706,-0.16482,-0.34978,-0.57079,-0.72088,-0.70127,-0.50385,-0.22985,0.0029444,0.13621,0.16928,0.12624,0.030244,-0.10785,-0.28442,-0.48763,-0.67939,-0.80846,-0.83995,-0.77881,-0.66351,-0.54267,-0.45596,-0.42497,-0.44978,-0.50934,-0.5665,-0.57479,-0.49252,-0.30469,-0.048235,0.19482,0.34275,0.36921,0.32399,0.3019,0.3821,0.57939,0.84165,1.0816,1.214,1.1821,0.97789,0.64334,0.26367,-0.061721,-0.25757,-0.30292,-0.23273,-0.10992,0.0095973,0.098074,0.15245,0.18463,0.20846
0.77745,0.30746,-0.43128,-0.96888,-1.1286,-1.0366,-0.8506,-0.62719,-0.39572,-0.24479,-0.25162,-0.38681,-0.52693,-0.56039,-0.50655,-0.48969,-0.60016,-0.82857,-1.0896,-1.2688,-1.2635,-1.0391,-0.67525,-0.32173,-0.094139,-0.032864,-0.12386,-0.31807,-0.53785,-0.68197,-0.66572,-0.49256,-0.2556,-0.053667,0.072024,0.12963,0.14394,0.12881,0.078767,-0.027128,-0.19853,-0.41207,-0.61037,-0.73484,-0.76199,-0.71002,-0.62188,-0.53978,-0.4893,-0.47411,-0.47743,-0.46772,-0.40824,-0.27181,-0.058709,0.18497,0.3804,0.45843,0.40805,0.29241,0.21928,0.27409,0.47066,0.75035,1.0189,1.1866,1.1955,1.0356,0.74906,0.41809,0.13571,-0.031029,-0.067101,-0.007749,0.089059,0.17564,0.22765,0.24834,0.25225,0.25377
0.8224,0.3459,-0.39564,-0.94821,-1.1314,-1.0503,-0.85443,-0.60457,-0.34295,-0.16615,-0.15266,-0.27791,-0.42374,-0.4819,-0.46273,-0.47556,-0.59855,-0.81538,-1.0388,-1.1613,-1.1032,-0.8591,-0.51567,-0.20192,-0.013266,0.019695,-0.086082,-0.28041,-0.48828,-0.61644,-0.59638,-0.44184,-0.23853,-0.06825,0.043758,0.11297,0.16545,0.20836,0.22267,0.17121,0.028684,-0.19077,-0.43037,-0.61972,-0.71547,-0.71987,-0.66638,-0.59548,-0.53513,-0.49042,-0.449,-0.38516,-0.27019,-0.086908,0.15211,0.39596,0.56682,0.60171,0.49791,0.32922,0.20886,0.23024,0.41079,0.69044,0.97091,1.1588,1.1935,1.0662,0.81753,0.52761,0.28469,0.14873,0.1289,0.18866,0.27298,0.3369,0.36475,0.36003,0.33851,0.31602
0.87986,0.39604,-0.34736,-0.92216,-1.1449,-1.0899,-0.88565,-0.59422,-0.28086,-0.059564,-0.013012,-0.1202,-0.26937,-0.35732,-0.38455,-0.4382,-0.57902,-0.78051,-0.9511,-0.9942,-0.8644,-0.595,-0.28114,-0.027197,0.10126,0.090286,-0.035371,-0.22498,-0.40711,-0.50395,-0.4721,-0.34056,-0.1862,-0.066157,0.01654,0.091468,0.18604,0.29823,0.39025,0.40558,0.30342,0.08704,-0.18842,-0.44485,-0.62195,-0.69979,-0.69762,-0.64855,-0.57871,-0.49769,-0.39677,-0.25806,-0.064992,0.18422,0.46327,0.71324,0.85974,0.8495,0.68919,0.45736,0.27573,0.2433,0.38471,0.64422,0.92332,1.1258,1.1888,1.1007,0.90153,0.66833,0.48236,0.39362,0.40247,0.46907,0.54109,0.5795,0.57445,0.53531,0.4811,0.42912
0.9329,0.44363,-0.2995,-0.89805,-1.1701,-1.1528,-0.94355,-0.6061,-0.23124,0.043786,0.1281,0.042858,-0.10715,-0.22339,-0.29723,-0.39363,-0.55555,-0.74316,-0.86081,-0.82552,-0.62601,-0.33136,-0.046135,0.14689,0.21195,0.15463,0.0077816,-0.17595,-0.32806,-0.38835,-0.33964,-0.22798,-0.12444,-0.061215,-0.01762,0.051464,0.176,0.34478,0.50308,0.57876,0.51875,0.31917,0.029908,-0.26965,-0.50806,-0.64808,-0.69114,-0.66031,-0.58046,-0.46392,-0.30824,-0.10276,0.15934,0.46796,0.78533,1.0482,1.185,1.1485,0.95055,0.67192,0.43357,0.34038,0.42777,0.65012,0.91303,1.1189,1.2014,1.1464,0.99089,0.80841,0.67407,0.62943,0.66726,0.74419,0.80918,0.82887,0.79571,0.72517,0.64026,0.56048
0.96925,0.47602,-0.26523,-0.88182,-1.1943,-1.2129,-1.0042,-0.62981,-0.20319,0.11542,0.23161,0.16458,0.013513,-0.12495,-0.23461,-0.36629,-0.54772,-0.72749,-0.80692,-0.71476,-0.46479,-0.1506,0.11659,0.26717,0.28675,0.19545,0.032725,-0.14574,-0.27701,-0.3127,-0.25323,-0.15685,-0.088919,-0.068027,-0.05723,0.00084132,0.13945,0.34157,0.54277,0.66018,0.63356,0.45422,0.16767,-0.14772,-0.41543,-0.58857,-0.65584,-0.63269,-0.54313,-0.40217,-0.2116,0.03476,0.33816,0.68219,1.0229,1.2955,1.4307,1.3851,1.1722,0.87081,0.59996,0.46494,0.5087,0.69556,0.93749,1.1381,1.2293,1.1932,1.065,0.91455,0.81178,0.79277,0.84691,0.93037,0.99331,1.0031,0.95628,0.86833,0.76365,0.66341
1.0116,0.51366,-0.2232,-0.86285,-1.2313,-1.3044,-1.1027,-0.67738,-0.17924,0.20113,0.36142,0.3181,0.16397,-0.0058581,-0.16646,-0.34966,-0.56227,-0.73664,-0.76933,-0.60547,-0.29184,0.049842,0.30064,0.40458,0.36996,0.23799,0.059633,-0.11019,-0.21615,-0.22686,-0.1633,-0.092641,-0.074405,-0.10988,-0.14362,-0.10505,0.04428,0.2822,0.53251,0.70182,0.72209,0.57859,0.31142,-0.004425,-0.28872,-0.48369,-0.56496,-0.54023,-0.43353,-0.26546,-0.041741,0.24117,0.58098,0.95514,1.3173,1.6005,1.7378,1.6894,1.4695,1.1534,0.85276,0.67194,0.66189,0.80086,1.0115,1.2003,1.2962,1.2781,1.1759,1.0549,0.98031,0.98377,1.0521,1.1412,1.2023,1.2045,1.1451,1.0406,0.91677,0.79599
1.0459,0.54263,-0.18841,-0.84649,-1.2681,-1.4002,-1.2113,-0.73761,-0.168,0.27428,0.47706,0.45475,0.296,0.090837,-0.12651,-0.36729,-0.61631,-0.79076,-0.78309,-0.55242,-0.17518,0.1995,0.44409,0.51363,0.43642,0.27244,0.082015,-0.078507,-0.16456,-0.16177,-0.10842,-0.074159,-0.11016,-0.20201,-0.28056,-0.26261,-0.10631,0.16222,0.45697,0.67602,0.74505,0.64393,0.40823,0.11067,-0.16678,-0.35827,-0.43151,-0.39095,-0.26323,-0.07358,0.16836,0.46539,0.81554,1.1969,1.5626,1.8478,1.9876,1.9438,1.7288,1.4124,1.0997,0.89066,0.84086,0.93968,1.1203,1.2941,1.3901,1.3809,1.2932,1.1884,1.128,1.1412,1.2141,1.3035,1.3622,1.3611,1.2955,1.1828,1.0482,0.91434
1.0652,0.55735,-0.16817,-0.83626,-1.2934,-1.4678,-1.2907,-0.78493,-0.16392,0.32134,0.55203,0.54288,0.37804,0.14341,-0.12064,-0.40851,-0.68773,-0.86436,-0.82801,-0.54851,-0.124,0.27786,0.52438,0.57711,0.47696,0.29592,0.10133,-0.051245,-0.12653,-0.12337,-0.087751,-0.089294,-0.17008,-0.30611,-0.41773,-0.4149,-0.25307,0.037565,0.3641,0.61915,0.72475,0.65826,0.45234,0.17784,-0.082348,-0.25884,-0.31553,-0.25617,-0.11051,0.091111,0.33715,0.63121,0.9739,1.3456,1.703,1.9824,2.1205,2.0799,1.8726,1.5639,1.2535,1.0366,0.9687,1.0455,1.2084,1.3734,1.4684,1.4651,1.3849,1.2855,1.2264,1.2375,1.3068,1.3932,1.4504,1.4479,1.382,1.2679,1.1297,0.98932
1.0828,0.56651,-0.15218,-0.82726,-1.3213,-1.5442,-1.384,-0.83957,-0.16038,0.37298,0.63535,0.63974,0.4645,0.18891,-0.13969,-0.49478,-0.81859,-0.99915,-0.92471,-0.58309,-0.098865,0.34081,0.59681,0.63684,0.51916,0.32918,0.13956,-4.0688e-05,-0.068086,-0.077618,-0.080854,-0.14276,-0.2919,-0.48939,-0.64345,-0.65608,-0.48347,-0.16291,0.20456,0.50535,0.65826,0.63766,0.47364,0.23534,0.0073179,-0.13845,-0.16301,-0.071576,0.099307,0.31396,0.55657,0.83141,1.1443,1.484,1.8122,2.072,2.2026,2.1667,1.9733,1.6829,1.388,1.1774,1.1045,1.1691,1.3194,1.4774,1.5738,1.5765,1.5029,1.4058,1.3426,1.3445,1.4033,1.481,1.5328,1.5284,1.4621,1.3473,1.2074,1.0638
1.0891,0.56466,-0.14938,-0.82499,-1.3373,-1.5876,-1.4374,-0.87023,-0.15669,0.40379,0.68501,0.69726,0.51247,0.20605,-0.17173,-0.57936,-0.93903,-1.1243,-1.0225,-0.63586,-0.10835,0.36011,0.62737,0.66759,0.54728,0.36032,0.18153,0.052278,-0.013943,-0.041058,-0.082915,-0.19862,-0.4052,-0.65131,-0.83456,-0.85637,-0.67319,-0.32919,0.068337,0.40106,0.58536,0.59479,0.45896,0.24787,0.047033,-0.069861,-0.064924,0.052963,0.2426,0.46289,0.69678,0.94956,1.2307,1.5349,1.8305,2.0658,2.184,2.1488,1.9676,1.6975,1.4244,1.2308,1.1669,1.2334,1.3832,1.5426,1.6436,1.6541,1.5872,1.4919,1.424,1.4157,1.462,1.5283,1.572,1.564,1.4968,1.3832,1.2448,1.1021
1.0895,0.55047,-0.16046,-0.83045,-1.3518,-1.6232,-1.4791,-0.89099,-0.14732,0.43666,0.73416,0.75386,0.55727,0.21167,-0.22829,-0.70358,-1.1115,-1.3053,-1.1699,-0.72672,-0.14543,0.35995,0.64751,0.69814,0.58764,0.41414,0.25223,0.13597,0.065586,0.0078054,-0.094606,-0.28859,-0.57375,-0.8806,-1.0977,-1.1229,-0.92121,-0.54791,-0.11794,0.24656,0.46187,0.50167,0.39645,0.21727,0.05109,-0.027038,0.018805,0.17374,0.3881,0.61428,0.8317,1.0472,1.2762,1.5221,1.7625,1.9544,2.0476,2.0088,1.8454,1.6097,1.3783,1.2241,1.1895,1.2734,1.4328,1.6008,1.714,1.7398,1.6873,1.5996,1.5279,1.5047,1.5295,1.5743,1.6015,1.5837,1.5134,1.4011,1.266,1.126
1.0808,0.52252,-0.18919,-0.84933,-1.3621,-1.6327,-1.4843,-0.88632,-0.1335,0.45846,0.76337,0.78685,0.58194,0.20507,-0.28905,-0.8251,-1.2777,-1.4815,-1.3184,-0.82732,-0.19929,0.34166,0.65437,0.7255,0.63276,0.47747,0.33059,0.22233,0.14215,0.051077,-0.10874,-0.37596,-0.73196,-1.0915,-1.3331,-1.3557,-1.1369,-0.74353,-0.29685,0.082281,0.31274,0.36885,0.28227,0.12512,-0.013442,-0.057309,0.027123,0.2181,0.45689,0.68864,0.8887,1.0644,1.2361,1.4153,1.5904,1.7288,1.7887,1.7433,1.6011,1.4093,1.2339,1.1342,1.1423,1.2543,1.4323,1.6165,1.7484,1.7966,1.7655,1.6913,1.6204,1.5844,1.5869,1.6065,1.6116,1.5782,1.5002,1.3864,1.2533,1.1171
1.0697,0.49367,-0.22358,-0.87352,-1.3706,-1.6248,-1.465,-0.86648,-0.11993,0.46699,0.77191,0.79684,0.58801,0.19444,-0.33122,-0.904,-1.3841,-1.5932,-1.4119,-0.89084,-0.2349,0.32757,0.65749,0.74333,0.66363,0.52026,0.38209,0.27722,0.18991,0.076113,-0.12022,-0.43283,-0.83095,-1.219,-1.4699,-1.4889,-1.2632,-0.86625,-0.42013,-0.042422,0.18687,0.2442,0.16099,0.011484,-0.11256,-0.13473,-0.023487,0.19326,0.44986,0.68617,0.87434,1.0215,1.1507,1.2784,1.4013,1.4953,1.5273,1.4766,1.3536,1.2002,1.0733,1.0207,1.0663,1.2039,1.3985,1.5964,1.7444,1.8112,1.7996,1.7409,1.6761,1.6344,1.6211,1.6194,1.6037,1.5547,1.4669,1.3507,1.2213,1.0919
1.0504,0.44693,-0.28426,-0.92134,-1.3833,-1.5967,-1.4112,-0.81965,-0.099632,0.46549,0.76229,0.78882,0.57809,0.17129,-0.37996,-0.98592,-1.4889,-1.6956,-1.4902,-0.94094,-0.26329,0.31547,0.66039,0.75903,0.6918,0.55772,0.42719,0.32305,0.22685,0.088633,-0.14554,-0.49959,-0.93228,-1.336,-1.5842,-1.5945,-1.3682,-0.98444,-0.56063,-0.2074,0.00075729,0.042486,-0.04888,-0.19752,-0.30991,-0.30851,-0.16625,0.08169,0.3612,0.60471,0.78041,0.89397,0.97074,1.0341,1.0905,1.1276,1.1241,1.0682,0.97306,0.87398,0.81395,0.82513,0.92066,1.0918,1.3085,1.525,1.6941,1.7875,1.8038,1.7681,1.7151,1.6705,1.6402,1.6128,1.5695,1.4969,1.396,1.2762,1.1501,1.0282
1.0347,0.40764,-0.33902,-0.96761,-1.3961,-1.5647,-1.3522,-0.77165,-0.083671,0.45369,0.73894,0.76512,0.5568,0.14839,-0.41117,-1.0262,-1.5311,-1.728,-1.508,-0.94961,-0.26877,0.31269,0.66222,0.76635,0.70312,0.56936,0.4361,0.32486,0.21752,0.065664,-0.18436,-0.54977,-0.98394,-1.3774,-1.6115,-1.6159,-1.4003,-1.0416,-0.64962,-0.32807,-0.14803,-0.12897,-0.23671,-0.39364,-0.50326,-0.48817,-0.32389,-0.052735,0.24372,0.49266,0.66006,0.75185,0.7956,0.81826,0.83389,0.83705,0.81371,0.75808,0.68455,0.62398,0.60853,0.6608,0.78744,0.97856,1.2074,1.4341,1.6168,1.728,1.7653,1.7494,1.7096,1.6676,1.6283,1.5829,1.5183,1.4286,1.3165,1.1941,1.0731,0.961
1.0138,0.35363,-0.4214,-1.0417,-1.418,-1.5117,-1.2549,-0.69385,-0.065287,0.42183,0.68236,0.70558,0.50627,0.10655,-0.44626,-1.0508,-1.5373,-1.7143,-1.4843,-0.92945,-0.25799,0.31706,0.66517,0.76968,0.70099,0.55381,0.39942,0.26468,0.1367,-0.026168,-0.27397,-0.6227,-1.0238,-1.3771,-1.5801,-1.5806,-1.3928,-1.0852,-0.75112,-0.48562,-0.35406,-0.37596,-0.51443,-0.68863,-0.79983,-0.77008,-0.57987,-0.28106,0.034964,0.29085,0.45017,0.52024,0.53218,0.51914,0.49992,0.4769,0.44244,0.39447,0.34653,0.32408,0.34938,0.4368,0.5882,0.79341,1.0296,1.2634,1.4588,1.5909,1.6548,1.6651,1.6437,1.607,1.559,1.4945,1.4071,1.2978,1.1758,1.0539,0.9421,0.84469
0.99583,0.3026,-0.50719,-1.1248,-1.4435,-1.4507,-1.141,-0.60825,-0.053784,0.36658,0.59255,0.61124,0.42419,0.045514,-0.48025,-1.0523,-1.5036,-1.6555,-1.4226,-0.88216,-0.22864,0.33307,0.67163,0.76368,0.67223,0.49105,0.29481,0.12272,-0.028915,-0.19398,-0.41611,-0.71551,-1.0514,-1.3407,-1.501,-1.497,-1.3454,-1.102,-0.84233,-0.64467,-0.56728,-0.62917,-0.795,-0.98487,-1.0995,-1.0593,-0.8504,-0.53283,-0.20421,0.052244,0.20328,0.26065,0.26076,0.24014,0.22138,0.20445,0.17963,0.14367,0.10931,0.099062,0.13465,0.22677,0.37628,0.57484,0.80396,1.0354,1.2369,1.3849,1.4717,1.5058,1.5028,1.4741,1.4223,1.3446,1.2407,1.1184,0.9929,0.87809,0.78164,0.70382
0.98499,0.27017,-0.56865,-1.1876,-1.4613,-1.3994,-1.0493,-0.54267,-0.053437,0.30695,0.50085,0.51423,0.33934,-0.016693,-0.51142,-1.0473,-1.4649,-1.5964,-1.363,-0.83625,-0.19942,0.34837,0.6736,0.74753,0.62834,0.40985,0.17275,-0.035517,-0.20684,-0.3681,-0.56129,-0.80782,-1.0806,-1.3099,-1.4324,-1.4229,-1.2998,-1.1076,-0.90653,-0.75985,-0.72066,-0.80634,-0.98756,-1.1871,-1.303,-1.2577,-1.0385,-0.71183,-0.38167,-0.12909,0.014466,0.066359,0.06878,0.06242,0.066356,0.076266,0.07459,0.051031,0.015264,-0.0071617,0.0090543,0.079974,0.20966,0.39124,0.60737,0.83159,1.0333,1.1898,1.2907,1.3402,1.3495,1.3265,1.2734,1.1893,1.0779,0.95104,0.82825,0.72376,0.64359,0.58522
0.97506,0.23775,-0.63956,-1.2636,-1.478,-1.3232,-0.92392,-0.45789,-0.067273,0.20224,0.3449,0.34691,0.1903,-0.12783,-0.57179,-1.049,-1.4133,-1.5145,-1.2805,-0.77278,-0.15974,0.36623,0.66842,0.70983,0.54396,0.26306,-0.043251,-0.31265,-0.51687,-0.6687,-0.80818,-0.96535,-1.1347,-1.2742,-1.3442,-1.3306,-1.2459,-1.1188,-0.98853,-0.90248,-0.90499,-1.0145,-1.2048,-1.402,-1.5093,-1.4528,-1.2289,-0.90871,-0.59349,-0.35992,-0.22974,-0.17709,-0.15374,-0.11807,-0.057044,0.010512,0.050913,0.041811,-0.010135,-0.073885,-0.11028,-0.093165,-0.012199,0.12888,0.31479,0.52087,0.71848,0.8813,0.99681,1.0644,1.0893,1.0757,1.0238,0.9349,0.81775,0.69206,0.57912,0.4948,0.44212,0.41399
0.97081,0.22171,-0.69064,-1.3214,-1.4819,-1.2392,-0.79815,-0.38273,-0.10034,0.066572,0.14897,0.13619,-0.0012595,-0.27722,-0.66292,-1.0748,-1.3823,-1.4521,-1.217,-0.72732,-0.13659,0.36894,0.64916,0.65814,0.43992,0.086076,-0.30469,-0.64828,-0.89371,-1.0335,-1.1042,-1.1561,-1.2105,-1.2587,-1.2785,-1.2623,-1.2133,-1.1433,-1.0726,-1.0322,-1.0598,-1.1736,-1.3531,-1.5307,-1.6175,-1.5514,-1.3356,-1.0408,-0.76066,-0.55994,-0.44911,-0.39236,-0.33577,-0.24047,-0.10504,0.033065,0.12167,0.12564,0.048283,-0.071576,-0.18254,-0.24372,-0.23379,-0.14991,-0.004264,0.17926,0.36964,0.5395,0.6693,0.75211,0.78814,0.77887,0.7256,0.63364,0.51765,0.40096,0.30909,0.25462,0.23538,0.23961
0.96976,0.22102,-0.71251,-1.349,-1.4725,-1.1718,-0.70923,-0.33605,-0.1387,-0.055484,-0.02338,-0.048327,-0.17102,-0.41359,-0.75293,-1.1134,-1.3785,-1.4256,-1.1891,-0.71092,-0.13409,0.35924,0.62515,0.61052,0.35241,-0.057773,-0.51495,-0.91805,-1.1951,-1.3234,-1.3393,-1.3113,-1.2851,-1.27,-1.2552,-1.2329,-1.2036,-1.169,-1.1357,-1.1211,-1.1556,-1.259,-1.4165,-1.5691,-1.6357,-1.5647,-1.3625,-1.0972,-0.8548,-0.68696,-0.59519,-0.53569,-0.45101,-0.30586,-0.11234,0.07859,0.20167,0.21372,0.11657,-0.046856,-0.21566,-0.33956,-0.3894,-0.35652,-0.24858,-0.086721,0.098723,0.27357,0.41373,0.50674,0.54944,0.54238,0.4882,0.39525,0.28227,0.17662,0.10334,0.073367,0.081057,0.11138
0.96995,0.23311,-0.71741,-1.3592,-1.4421,-1.0793,-0.60118,-0.29284,-0.21251,-0.24587,-0.2853,-0.32737,-0.42804,-0.62363,-0.9007,-1.1946,-1.4054,-1.4242,-1.1854,-0.71808,-0.15284,0.33077,0.58174,0.53782,0.23108,-0.2482,-0.78634,-1.2648,-1.5819,-1.6946,-1.6431,-1.5175,-1.3956,-1.3073,-1.2533,-1.225,-1.2162,-1.2167,-1.2179,-1.2232,-1.254,-1.3324,-1.4503,-1.5596,-1.5956,-1.5183,-1.3425,-1.1302,-0.95046,-0.83855,-0.77796,-0.71428,-0.58954,-0.37943,-0.11331,0.13983,0.30288,0.3261,0.20912,-0.001788,-0.24058,-0.44723,-0.58104,-0.62183,-0.56771,-0.4347,-0.25548,-0.069463,0.087233,0.19352,0.24198,0.23352,0.17469,0.079863,-0.026233,-0.11387,-0.15737,-0.15168,-0.10839,-0.046366
0.96905,0.25017,-0.70326,-1.347,-1.4059,-1.0104,-0.53147,-0.27582,-0.28479,-0.4065,-0.50077,-0.55528,-0.63706,-0.79594,-1.0267,-1.2741,-1.4484,-1.4478,-1.2061,-0.74364,-0.18232,0.29874,0.5434,0.48371,0.14776,-0.37419,-0.96329,-1.4891,-1.8332,-1.937,-1.8416,-1.6545,-1.4737,-1.344,-1.2687,-1.2393,-1.242,-1.2604,-1.2765,-1.2863,-1.3068,-1.3603,-1.4445,-1.5209,-1.5356,-1.4588,-1.3078,-1.1387,-1.0104,-0.94336,-0.90994,-0.84736,-0.69677,-0.44264,-0.12846,0.16455,0.35246,0.38359,0.25788,0.021526,-0.25677,-0.514,-0.70448,-0.79996,-0.78845,-0.67818,-0.50127,-0.3041,-0.13265,-0.015928,0.035691,0.024561,-0.038817,-0.13542,-0.23669,-0.31029,-0.3331,-0.30315,-0.23529,-0.15056
0.96216,0.28013,-0.665,-1.3066,-1.3431,-0.92314,-0.45794,-0.27504,-0.40214,-0.64131,-0.80803,-0.87712,-0.93021,-1.0368,-1.2056,-1.3946,-1.524,-1.4991,-1.2521,-0.79311,-0.2344,0.24651,0.48807,0.41543,0.054265,-0.50404,-1.1366,-1.7026,-2.0696,-2.1649,-2.0294,-1.7891,-1.5602,-1.3974,-1.3051,-1.2727,-1.283,-1.3146,-1.341,-1.3497,-1.3521,-1.3721,-1.4134,-1.449,-1.4399,-1.3665,-1.251,-1.143,-1.0863,-1.0852,-1.0946,-1.0405,-0.86422,-0.56243,-0.19595,0.1422,0.3624,0.41077,0.2855,0.031704,-0.28352,-0.5953,-0.85126,-1.0116,-1.05,-0.96369,-0.78354,-0.56607,-0.37118,-0.23838,-0.18214,-0.19851,-0.27139,-0.37415,-0.47134,-0.52878,-0.52489,-0.4641,-0.36759,-0.25992
0.94568,0.31253,-0.60922,-1.2422,-1.2707,-0.84693,-0.40952,-0.30118,-0.54003,-0.8912,-1.1256,-1.2047,-1.2242,-1.2755,-1.3836,-1.5163,-1.6032,-1.5558,-1.3033,-0.84716,-0.29163,0.18926,0.43174,0.35681,-0.011078,-0.57899,-1.2203,-1.7917,-2.1571,-2.2444,-2.0973,-1.8453,-1.6065,-1.4362,-1.341,-1.3077,-1.3209,-1.3543,-1.3802,-1.38,-1.3634,-1.3547,-1.3623,-1.3671,-1.3417,-1.2762,-1.1975,-1.1507,-1.1663,-1.2362,-1.2971,-1.2629,-1.0743,-0.73973,-0.33191,0.044077,0.29474,0.36503,0.25144,-0.0046065,-0.33825,-0.6845,-0.98697,-1.1956,-1.2694,-1.1932,-0.99652,-0.74953,-0.52668,-0.37742,-0.31851,-0.34244,-0.42649,-0.53692,-0.63317,-0.67854,-0.6573,-0.57762,-0.4634,-0.34
0.92429,0.33436,-0.56108,-1.1849,-1.2141,-0.80082,-0.39208,-0.33772,-0.65334,-1.0811,-1.3611,-1.443,-1.4348,-1.4434,-1.5055,-1.5974,-1.6546,-1.5911,-1.335,-0.88221,-0.3306,0.14913,0.39399,0.32409,-0.037323,-0.59653,-1.224,-1.7762,-2.1225,-2.201,-2.0593,-1.8219,-1.6009,-1.4458,-1.3598,-1.3309,-1.3415,-1.3688,-1.3841,-1.3725,-1.3437,-1.3202,-1.3117,-1.3028,-1.2712,-1.2159,-1.1636,-1.1571,-1.2243,-1.3462,-1.4529,-1.449,-1.269,-0.92236,-0.49192,-0.088199,0.1901,0.28398,0.18631,-0.063767,-0.40391,-0.7685,-1.0963,-1.3285,-1.4133,-1.329,-1.1075,-0.83047,-0.58332,-0.42102,-0.36057,-0.39143,-0.48605,-0.60524,-0.70416,-0.74487,-0.71541,-0.62649,-0.50465,-0.37606
0.88119,0.35663,-0.49408,-1.1041,-1.1441,-0.75979,-0.39525,-0.4087,-0.81159,-1.3252,-1.653,-1.7299,-1.6823,-1.6346,-1.6377,-1.678,-1.6976,-1.613,-1.3522,-0.90654,-0.36467,0.10959,0.35576,0.29569,-0.047367,-0.57651,-1.1612,-1.6632,-1.9674,-2.0305,-1.9077,-1.712,-1.5365,-1.4193,-1.3573,-1.3377,-1.3435,-1.3558,-1.3528,-1.3263,-1.2873,-1.2552,-1.2356,-1.2145,-1.1775,-1.1312,-1.1087,-1.1531,-1.2874,-1.4855,-1.6655,-1.7184,-1.5682,-1.222,-0.7698,-0.33223,-0.016433,0.11187,0.040054,-0.19761,-0.53872,-0.9162,-1.2625,-1.507,-1.5837,-1.464,-1.1902,-0.86069,-0.57707,-0.39983,-0.34285,-0.38794,-0.49897,-0.62995,-0.73313,-0.77295,-0.73838,-0.64638,-0.52483,-0.39897
0.81871,0.3658,-0.43151,-1.0271,-1.0888,-0.74538,-0.43058,-0.50116,-0.96904,-1.5414,-1.8987,-1.9618,-1.8718,-1.7742,-1.7266,-1.7209,-1.7051,-1.5995,-1.3333,-0.89567,-0.36822,0.094612,0.33796,0.2851,-0.036284,-0.52523,-1.0506,-1.4816,-1.7267,-1.7675,-1.6696,-1.53,-1.4184,-1.3526,-1.3223,-1.312,-1.3102,-1.3038,-1.2832,-1.2467,-1.2066,-1.1755,-1.1523,-1.1236,-1.0812,-1.0403,-1.0397,-1.124,-1.3161,-1.5885,-1.8537,-1.9889,-1.8978,-1.5743,-1.1089,-0.63602,-0.27781,-0.1114,-0.1566,-0.38162,-0.72444,-1.1115,-1.4635,-1.6952,-1.7307,-1.5458,-1.2012,-0.81582,-0.49951,-0.31117,-0.25885,-0.31775,-0.44539,-0.59064,-0.70329,-0.74644,-0.71698,-0.63164,-0.51781,-0.39928
0.75935,0.36276,-0.39147,-0.97596,-1.0608,-0.75452,-0.47627,-0.58115,-1.0794,-1.6754,-2.0388,-2.0869,-1.9678,-1.8374,-1.7587,-1.7248,-1.6847,-1.5629,-1.293,-0.86393,-0.35101,0.098638,0.33529,0.28523,-0.020728,-0.47774,-0.95282,-1.3242,-1.5196,-1.541,-1.4587,-1.3609,-1.2994,-1.2781,-1.2772,-1.2778,-1.2703,-1.2491,-1.2136,-1.1716,-1.136,-1.1131,-1.094,-1.063,-1.0151,-0.97286,-0.97916,-1.0816,-1.3062,-1.6266,-1.9567,-2.165,-2.1358,-1.8446,-1.3781,-0.88088,-0.49063,-0.29625,-0.3237,-0.54215,-0.88821,-1.2796,-1.6267,-1.8335,-1.8202,-1.5722,-1.1686,-0.74223,-0.40549,-0.21344,-0.16882,-0.24151,-0.38387,-0.54032,-0.65861,-0.70676,-0.67967,-0.59889,-0.49316,-0.38539
0.66298,0.34482,-0.35005,-0.92293,-1.0452,-0.79342,-0.56219,-0.69526,-1.2068,-1.803,-2.1541,-2.1813,-2.0329,-1.8689,-1.759,-1.6958,-1.6272,-1.4837,-1.2081,-0.79142,-0.30184,0.12369,0.343,0.28966,0.0014626,-0.41133,-0.81827,-1.1118,-1.2428,-1.2354,-1.1665,-1.1161,-1.1181,-1.1581,-1.2008,-1.2202,-1.2075,-1.1686,-1.118,-1.0759,-1.0548,-1.0505,-1.0411,-1.0061,-0.9462,-0.89156,-0.89293,-1.003,-1.2511,-1.6188,-2.0223,-2.3242,-2.3862,-2.154,-1.7006,-1.1831,-0.75807,-0.53096,-0.5382,-0.75317,-1.1044,-1.4993,-1.8308,-1.9885,-1.8934,-1.5537,-1.0769,-0.60825,-0.25755,-0.070727,-0.041327,-0.13193,-0.28979,-0.45699,-0.58229,-0.63519,-0.61697,-0.54882,-0.45753,-0.36358
0.57897,0.32114,-0.32997,-0.89747,-1.0518,-0.84367,-0.64086,-0.7808,-1.281,-1.8547,-2.1844,-2.1964,-2.0346,-1.8571,-1.7331,-1.6544,-1.5695,-1.412,-1.1306,-0.7207,-0.24891,0.15449,0.35565,0.29564,0.017645,-0.36458,-0.72429,-0.96286,-1.047,-1.0157,-0.9514,-0.93187,-0.97889,-1.0645,-1.1394,-1.1739,-1.1601,-1.1131,-1.0592,-1.0241,-1.0196,-1.0319,-1.0307,-0.99234,-0.92041,-0.85032,-0.83708,-0.9366,-1.1832,-1.5634,-2.0026,-2.3647,-2.4964,-2.3155,-1.8805,-1.353,-0.90747,-0.664,-0.66513,-0.88255,-1.2397,-1.633,-1.9436,-2.0536,-1.8927,-1.4908,-0.97389,-0.48996,-0.14239,0.031589,0.04516,-0.059828,-0.22797,-0.40053,-0.52765,-0.58294,-0.56893,-0.50839,-0.42731,-0.34461
0.45448,0.2768,-0.31907,-0.88458,-1.0844,-0.93487,-0.75911,-0.88775,-1.3437,-1.8621,-2.1531,-2.1485,-1.9834,-1.8029,-1.6725,-1.5838,-1.4845,-1.3112,-1.0209,-0.61686,-0.16721,0.20493,0.37782,0.30348,0.033381,-0.31437,-0.6142,-0.78238,-0.80698,-0.74468,-0.68675,-0.70392,-0.80585,-0.94636,-1.0627,-1.1173,-1.1078,-1.0604,-1.0126,-0.99661,-1.0207,-1.0602,-1.0733,-1.0302,-0.93691,-0.83592,-0.78888,-0.85666,-1.0777,-1.4464,-1.8964,-2.298,-2.4905,-2.3695,-1.9683,-1.449,-0.99943,-0.75224,-0.75575,-0.98034,-1.3408,-1.7206,-1.9896,-2.0317,-1.7961,-1.3395,-0.80149,-0.3237,0.0025883,0.14943,0.13619,0.0094749,-0.17155,-0.34715,-0.4712,-0.52412,-0.51351,-0.46348,-0.39682,-0.32822
0.32092,0.2202,-0.3252,-0.89276,-1.1425,-1.0461,-0.8862,-0.97852,-1.3636,-1.8074,-2.0528,-2.0405,-1.8847,-1.7158,-1.5946,-1.5088,-1.4037,-1.2179,-0.91712,-0.51557,-0.084192,0.26023,0.40535,0.31228,0.043656,-0.2756,-0.52191,-0.62642,-0.59768,-0.50756,-0.45209,-0.49777,-0.64595,-0.83685,-0.99514,-1.0758,-1.0797,-1.0423,-1.0124,-1.0257,-1.0868,-1.16,-1.1908,-1.143,-1.0235,-0.88275,-0.78883,-0.80683,-0.97893,-1.3022,-1.7175,-2.1055,-2.3128,-2.2268,-1.8659,-1.3773,-0.94706,-0.71312,-0.72729,-0.95902,-1.3138,-1.6673,-1.886,-1.8652,-1.5803,-1.1089,-0.58916,-0.1522,0.12696,0.23119,0.18557,0.038754,-0.15057,-0.32538,-0.44409,-0.49101,-0.48176,-0.43719,-0.37814,-0.31792
0.21893,0.17274,-0.33918,-0.91234,-1.1987,-1.1376,-0.97969,-1.0322,-1.3514,-1.7323,-1.9449,-1.9322,-1.7918,-1.6404,-1.5336,-1.4582,-1.3546,-1.1618,-0.85291,-0.45017,-0.027979,0.29952,0.4257,0.31895,0.049053,-0.25258,-0.46387,-0.52615,-0.46165,-0.35224,-0.29617,-0.35894,-0.53713,-0.7631,-0.95319,-1.0565,-1.0755,-1.0518,-1.0403,-1.0806,-1.1741,-1.2786,-1.3282,-1.2789,-1.1382,-0.96194,-0.82474,-0.79605,-0.91978,-1.1934,-1.5618,-1.9123,-2.1016,-2.0216,-1.6842,-1.2223,-0.81553,-0.60056,-0.62824,-0.86194,-1.2067,-1.5331,-1.7125,-1.6561,-1.3573,-0.9006,-0.41806,-0.026272,0.20803,0.27304,0.19705,0.031285,-0.16416,-0.33382,-0.44181,-0.48201,-0.46802,-0.42539,-0.37316,-0.32157
0.086693,0.10688,-0.36784,-0.95236,-1.2853,-1.263,-1.0957,-1.0843,-1.3074,-1.6026,-1.7751,-1.7697,-1.6578,-1.5357,-1.4554,-1.3996,-1.3039,-1.1074,-0.78962,-0.38184,0.035247,0.34624,0.44989,0.32436,0.052197,-0.22954,-0.40052,-0.41452,-0.30851,-0.17517,-0.11573,-0.19617,-0.40721,-0.6746,-0.9046,-1.0418,-1.0879,-1.09,-1.1087,-1.188,-1.329,-1.4796,-1.5604,-1.5143,-1.3459,-1.1202,-0.92147,-0.8257,-0.87792,-1.0754,-1.3631,-1.6363,-1.7687,-1.6708,-1.3524,-0.9318,-0.56855,-0.38614,-0.42899,-0.65864,-0.97574,-1.2568,-1.3877,-1.302,-1.0107,-0.59892,-0.18453,0.13086,0.29345,0.2995,0.18197,-0.006224,-0.20663,-0.36901,-0.46494,-0.49362,-0.47651,-0.43553,-0.38727,-0.3401
-0.0048824,0.057976,-0.39435,-0.99015,-1.3543,-1.3547,-1.1734,-1.1083,-1.2599,-1.4948,-1.6424,-1.6463,-1.5578,-1.4607,-1.4016,-1.3629,-1.2778,-1.084,-0.76292,-0.34964,0.069303,0.37389,0.46421,0.32684,0.052234,-0.21696,-0.36277,-0.34823,-0.21786,-0.068172,-0.004442,-0.09215,-0.32218,-0.61555,-0.87329,-1.0356,-1.1041,-1.1283,-1.1726,-1.2832,-1.4615,-1.6497,-1.7576,-1.7171,-1.5305,-1.2684,-1.0241,-0.87851,-0.87737,-1.0158,-1.2389,-1.4479,-1.5295,-1.4081,-1.0966,-0.70105,-0.36607,-0.20468,-0.25518,-0.47493,-0.76726,-1.0138,-1.1142,-1.0184,-0.74601,-0.37796,-0.021472,0.23485,0.34343,0.3044,0.15361,-0.053398,-0.25742,-0.41165,-0.49515,-0.51538,-0.4936,-0.45358,-0.40908,-0.36556
-0.10978,-0.0020836,-0.43304,-1.0446,-1.4442,-1.4642,-1.2563,-1.1217,-1.1851,-1.3505,-1.4738,-1.4915,-1.4348,-1.3701,-1.3387,-1.3232,-1.2569,-1.0738,-0.7523,-0.33006,0.09765,0.40185,0.48083,0.32837,0.046556,-0.21378,-0.33778,-0.29418,-0.13672,0.033483,0.10809,0.019055,-0.22541,-0.54401,-0.83369,-1.0279,-1.1269,-1.1807,-1.258,-1.4089,-1.6354,-1.8762,-2.0248,-1.9968,-1.7906,-1.4835,-1.1839,-0.98022,-0.9171,-0.9878,-1.1335,-1.2611,-1.2743,-1.1169,-0.80658,-0.43697,-0.13222,0.010211,-0.040117,-0.23896,-0.4933,-0.69622,-0.76476,-0.66555,-0.42499,-0.11772,0.16443,0.34326,0.38228,0.28808,0.10009,-0.12547,-0.332,-0.47855,-0.5513,-0.56152,-0.53716,-0.49773,-0.45448,-0.41136
-0.1887,-0.05231,-0.47146,-1.0973,-1.5205,-1.5471,-1.3103,-1.1126,-1.1045,-1.2171,-1.3218,-1.3537,-1.3246,-1.2866,-1.2795,-1.2875,-1.2455,-1.0802,-0.76253,-0.33208,0.10662,0.41505,0.48734,0.32096,0.026321,-0.23734,-0.35109,-0.28729,-0.10566,0.086106,0.17604,0.09443,-0.15174,-0.48231,-0.79405,-1.0177,-1.1469,-1.2284,-1.3313,-1.5126,-1.7806,-2.0713,-2.2647,-2.2564,-2.0368,-1.6941,-1.3501,-1.1018,-0.99451,-1.0167,-1.1065,-1.1737,-1.1335,-0.94413,-0.62867,-0.27256,0.015227,0.15047,0.11012,-0.061401,-0.27572,-0.43859,-0.48308,-0.38755,-0.17954,0.074731,0.29338,0.41025,0.39409,0.25482,0.034584,-0.20824,-0.41717,-0.55544,-0.61669,-0.62059,-0.59245,-0.55303,-0.51112,-0.46825
-0.2286,-0.081926,-0.49813,-1.1308,-1.5636,-1.5865,-1.328,-1.0933,-1.0454,-1.1288,-1.2246,-1.2641,-1.2504,-1.2274,-1.2347,-1.2611,-1.2401,-1.0916,-0.77941,-0.34292,0.10496,0.41695,0.48412,0.30603,-0.0023502,-0.27575,-0.39036,-0.31847,-0.12154,0.087878,0.19477,0.12618,-0.11233,-0.44361,-0.76506,-1.0061,-1.1551,-1.2538,-1.373,-1.5731,-1.8669,-2.1901,-2.4129,-2.4177,-2.1913,-1.8284,-1.462,-1.1943,-1.0698,-1.0732,-1.14,-1.1806,-1.1157,-0.90987,-0.58984,-0.23576,0.050608,0.1907,0.16408,0.015649,-0.17152,-0.30974,-0.33969,-0.24533,-0.055254,0.16799,0.34943,0.42805,0.37769,0.21222,-0.023811,-0.27198,-0.47873,-0.61208,-0.66955,-0.67101,-0.64348,-0.60395,-0.56012,-0.51389
-0.25469,-0.1097,-0.52806,-1.165,-1.5959,-1.606,-1.3223,-1.055,-0.97127,-1.0289,-1.1158,-1.1612,-1.1577,-1.1458,-1.1692,-1.2195,-1.2278,-1.1044,-0.80265,-0.36123,0.096601,0.41151,0.46902,0.27002,-0.063697,-0.3588,-0.48388,-0.40777,-0.19397,0.040164,0.17541,0.1343,-0.083694,-0.40545,-0.73044,-0.98556,-1.1534,-1.2719,-1.409,-1.6289,-1.9485,-2.3019,-2.5513,-2.5672,-2.3334,-1.9563,-1.5787,-1.3071,-1.1844,-1.1898,-1.2525,-1.2811,-1.2005,-0.98188,-0.65598,-0.30129,-0.0118,0.14118,0.13976,0.024053,-0.12587,-0.23264,-0.24498,-0.15076,0.022423,0.21665,0.36258,0.40537,0.32381,0.1353,-0.11351,-0.36422,-0.56595,-0.69145,-0.74262,-0.742,-0.71375,-0.67347,-0.62758,-0.57738
-0.25106,-0.12462,-0.55155,-1.1855,-1.5985,-1.5844,-1.283,-1.0024,-0.90463,-0.94827,-1.0298,-1.0748,-1.0716,-1.0619,-1.0938,-1.1658,-1.2029,-1.1035,-0.81404,-0.37502,0.083471,0.39391,0.43605,0.21035,-0.15594,-0.48053,-0.62308,-0.54653,-0.31763,-0.05722,0.11015,0.10322,-0.081906,-0.37866,-0.69251,-0.95151,-1.1347,-1.2721,-1.4275,-1.6629,-1.9963,-2.362,-2.6186,-2.6342,-2.3948,-2.0143,-1.642,-1.3873,-1.292,-1.3294,-1.422,-1.4713,-1.3984,-1.1778,-0.84413,-0.47805,-0.17373,-0.0015222,0.021218,-0.064294,-0.18575,-0.26799,-0.26331,-0.16215,0.0072065,0.18824,0.3146,0.336,0.2343,0.030845,-0.22447,-0.47199,-0.66294,-0.7752,-0.81612,-0.8112,-0.78078,-0.73991,-0.69254,-0.63823
-0.23098,-0.12849,-0.56545,-1.1905,-1.5798,-1.5434,-1.2337,-0.9556,-0.85793,-0.89837,-0.97495,-1.0156,-1.0077,-0.99429,-1.0289,-1.1119,-1.1669,-1.0857,-0.80833,-0.37598,0.075265,0.37316,0.39595,0.14537,-0.24814,-0.59623,-0.75238,-0.67604,-0.43476,-0.15315,0.039868,0.061213,-0.094781,-0.36591,-0.66355,-0.9192,-1.1101,-1.2604,-1.4274,-1.6704,-2.0064,-2.37,-2.6198,-2.627,-2.3836,-2.0077,-1.6513,-1.4229,-1.3622,-1.4396,-1.5698,-1.6469,-1.5879,-1.3689,-1.0294,-0.65532,-0.34155,-0.15683,-0.11747,-0.18515,-0.2872,-0.35254,-0.33564,-0.22739,-0.055609,0.12352,0.24408,0.25597,0.14429,-0.066237,-0.32241,-0.56331,-0.7424,-0.84228,-0.87416,-0.86243,-0.83023,-0.78689,-0.73459,-0.67336
-0.18556,-0.12646,-0.57981,-1.1851,-1.5324,-1.4606,-1.1493,-0.88594,-0.80015,-0.84153,-0.91095,-0.94087,-0.92153,-0.89938,-0.93174,-1.0221,-1.0932,-1.0322,-0.77301,-0.35741,0.072196,0.33927,0.32403,0.032899,-0.39802,-0.77463,-0.94394,-0.86532,-0.60718,-0.29862,-0.070424,-0.0079271,-0.12176,-0.35524,-0.62551,-0.86921,-1.0619,-1.2232,-1.4014,-1.6493,-1.9785,-2.3228,-2.547,-2.5353,-2.2916,-1.9358,-1.6153,-1.4344,-1.4302,-1.5686,-1.7571,-1.8789,-1.8438,-1.6282,-1.2828,-0.89982,-0.57639,-0.3805,-0.32835,-0.38208,-0.47075,-0.52318,-0.49221,-0.36882,-0.18383,0.002484,0.12147,0.12527,0.0022585,-0.2174,-0.47515,-0.7067,-0.86608,-0.94094,-0.94948,-0.92158,-0.87841,-0.82908,-0.77259,-0.70612
-0.14173,-0.12118,-0.58744,-1.1745,-1.4829,-1.3846,-1.0751,-0.83134,-0.76006,-0.80385,-0.86571,-0.88384,-0.85301,-0.82203,-0.85007,-0.94096,-1.0183,-0.968,-0.72306,-0.32683,0.075853,0.30954,0.2586,-0.065384,-0.52301,-0.91603,-1.0904,-1.0067,-0.7375,-0.4115,-0.15932,-0.067234,-0.14818,-0.35045,-0.59532,-0.82312,-1.0101,-1.1733,-1.3552,-1.601,-1.9162,-2.2346,-2.4302,-2.4027,-2.1653,-1.8352,-1.5513,-1.4127,-1.4544,-1.6387,-1.8693,-2.0214,-1.9986,-1.7811,-1.4291,-1.0424,-0.72095,-0.53025,-0.48277,-0.53753,-0.62487,-0.67161,-0.63013,-0.49286,-0.29453,-0.099983,0.020128,0.017021,-0.11663,-0.34499,-0.60386,-0.82567,-0.96559,-1.0164,-1.0025,-0.95622,-0.90201,-0.84512,-0.78236,-0.7102
-0.077337,-0.1132,-0.59826,-1.1534,-1.4056,-1.2726,-0.97086,-0.75786,-0.70941,-0.75588,-0.80524,-0.8038,-0.75403,-0.7093,-0.729,-0.8163,-0.89475,-0.85145,-0.62532,-0.26435,0.089256,0.26654,0.159,-0.21302,-0.70127,-1.1042,-1.2728,-1.1756,-0.89034,-0.54672,-0.27194,-0.14927,-0.19104,-0.34955,-0.55277,-0.74829,-0.91524,-1.0689,-1.2428,-1.4725,-1.7556,-2.0286,-2.1815,-2.1371,-1.9203,-1.6388,-1.4174,-1.3439,-1.446,-1.6828,-1.9504,-2.1179,-2.0908,-1.8614,-1.5054,-1.1314,-0.83447,-0.67049,-0.64487,-0.71691,-0.81211,-0.85939,-0.80966,-0.65596,-0.43841,-0.23015,-0.10884,-0.1222,-0.27344,-0.51842,-0.78332,-0.99329,-1.1029,-1.1121,-1.0565,-0.97839,-0.90187,-0.83238,-0.76331,-0.68784
-0.012957,-0.10843,-0.60977,-1.1309,-1.3246,-1.159,-0.86868,-0.68793,-0.66315,-0.71036,-0.74237,-0.71682,-0.64674,-0.58789,-0.59832,-0.67817,-0.74967,-0.70618,-0.49778,-0.17832,0.11413,0.22189,0.050215,-0.36797,-0.87594,-1.2723,-1.4197,-1.3023,-1.005,-0.65447,-0.37006,-0.22726,-0.23667,-0.35161,-0.50797,-0.65809,-0.7886,-0.9132,-1.0617,-1.2577,-1.4931,-1.7089,-1.8195,-1.7727,-1.5956,-1.3809,-1.2319,-1.2232,-1.3765,-1.6449,-1.9221,-2.0788,-2.0301,-1.7843,-1.4312,-1.0812,-0.82446,-0.70816,-0.72895,-0.8373,-0.9585,-1.0153,-0.95767,-0.78425,-0.54568,-0.32543,-0.20542,-0.2348,-0.41009,-0.67686,-0.94972,-1.1454,-1.2184,-1.1786,-1.0747,-0.95883,-0.85841,-0.7773,-0.70496,-0.63064
0.030913,-0.10892,-0.62141,-1.1158,-1.2662,-1.0801,-0.79996,-0.64119,-0.63124,-0.67642,-0.69135,-0.6468,-0.5608,-0.49187,-0.49585,-0.56732,-0.63008,-0.58546,-0.391,-0.105,0.13635,0.18621,-0.035019,-0.48277,-0.99514,-1.375,-1.4983,-1.3634,-1.0609,-0.71268,-0.42817,-0.27703,-0.26748,-0.35408,-0.47447,-0.585,-0.67581,-0.76324,-0.87671,-1.0349,-1.2269,-1.3998,-1.4853,-1.4461,-1.3081,-1.1495,-1.0575,-1.0964,-1.2811,-1.5622,-1.831,-1.9624,-1.8856,-1.6273,-1.2825,-0.9621,-0.7484,-0.67889,-0.74248,-0.88544,-1.0285,-1.0938,-1.0321,-0.84604,-0.59378,-0.36586,-0.24814,-0.28905,-0.48129,-0.76362,-1.0421,-1.2269,-1.2721,-1.1951,-1.0553,-0.91205,-0.79574,-0.70791,-0.63492,-0.56318
0.078957,-0.11858,-0.64296,-1.1011,-1.1997,-0.98917,-0.7227,-0.59113,-0.5957,-0.6306,-0.62027,-0.54707,-0.44105,-0.36055,-0.35386,-0.41391,-0.465,-0.41744,-0.24351,-0.0074361,0.16317,0.1374,-0.1463,-0.62569,-1.1311,-1.4743,-1.5552,-1.3952,-1.0901,-0.7538,-0.48152,-0.33163,-0.30599,-0.3588,-0.42913,-0.47932,-0.50416,-0.52606,-0.57526,-0.66972,-0.79845,-0.9195,-0.98249,-0.96358,-0.88421,-0.8033,-0.78754,-0.88529,-1.1025,-1.3836,-1.6228,-1.7107,-1.6001,-1.3338,-1.0131,-0.74068,-0.58841,-0.58455,-0.70963,-0.90242,-1.0772,-1.1534,-1.084,-0.87976,-0.60893,-0.36986,-0.25253,-0.30397,-0.51339,-0.81186,-1.0949,-1.2639,-1.2738,-1.1525,-0.97234,-0.80088,-0.66943,-0.57723,-0.50711,-0.44237
0.11189,-0.1396,-0.67389,-1.0962,-1.1489,-0.92023,-0.66868,-0.55996,-0.5699,-0.58858,-0.54731,-0.4451,-0.32097,-0.23045,-0.21517,-0.26353,-0.30405,-0.25759,-0.10731,0.078823,0.18123,0.085932,-0.25035,-0.75052,-1.2363,-1.5301,-1.5608,-1.3734,-1.0709,-0.75505,-0.50747,-0.37134,-0.33938,-0.36208,-0.38184,-0.36571,-0.31685,-0.26267,-0.23735,-0.26009,-0.32533,-0.40265,-0.4557,-0.46574,-0.4458,-0.43707,-0.48821,-0.63462,-0.87358,-1.1473,-1.3564,-1.4078,-1.2746,-1.0126,-0.72097,-0.49624,-0.4029,-0.46178,-0.6459,-0.88607,-1.0909,-1.1752,-1.0946,-0.86844,-0.57522,-0.32043,-0.19627,-0.2483,-0.4622,-0.7636,-1.0418,-1.1941,-1.1778,-1.028,-0.82444,-0.63808,-0.50119,-0.41033,-0.34651,-0.29183
0.12435,-0.16424,-0.70424,-1.1002,-1.1236,-0.88467,-0.6444,-0.54938,-0.55838,-0.56021,-0.49432,-0.3697,-0.23255,-0.13636,-0.11669,-0.15852,-0.19351,-0.15126,-0.021696,0.12767,0.18344,0.04156,-0.32832,-0.83639,-1.299,-1.5498,-1.5396,-1.3314,-1.0299,-0.73134,-0.50539,-0.38552,-0.35611,-0.36272,-0.34791,-0.28213,-0.17557,-0.061723,0.021318,0.051126,0.028542,-0.022791,-0.073222,-0.10545,-0.12625,-0.16525,-0.26037,-0.43789,-0.68888,-0.95584,-1.1454,-1.1773,-1.0376,-0.78626,-0.51993,-0.32899,-0.27348,-0.3715,-0.5933,-0.86535,-1.0899,-1.1782,-1.0868,-0.84159,-0.52857,-0.2578,-0.12184,-0.1656,-0.37275,-0.66655,-0.93438,-1.0738,-1.0442,-0.88402,-0.67456,-0.48693,-0.35213,-0.26666,-0.21108,-0.16675
0.12375,-0.21071,-0.75431,-1.1167,-1.1059,-0.85807,-0.63236,-0.55282,-0.55621,-0.52943,-0.42749,-0.27345,-0.11901,-0.017295,0.0029691,-0.036153,-0.069743,-0.038278,0.060654,0.16261,0.16378,-0.029527,-0.4339,-0.94284,-1.3652,-1.5533,-1.4883,-1.2525,-0.9519,-0.67487,-0.47867,-0.38444,-0.3643,-0.35768,-0.30439,-0.18047,-0.0020822,0.18856,0.34661,0.44177,0.46763,0.44013,0.38572,0.32413,0.25633,0.1647,0.022115,-0.18854,-0.45268,-0.7138,-0.88725,-0.90714,-0.77,-0.53803,-0.3007,-0.14404,-0.12617,-0.26473,-0.52797,-0.83727,-1.0854,-1.177,-1.0705,-0.80016,-0.46058,-0.16514,-0.0059736,-0.025609,-0.20593,-0.47215,-0.71639,-0.84108,-0.80701,-0.64972,-0.44662,-0.26642,-0.14029,-0.06481,-0.020773,0.010689
0.1103,-0.25552,-0.79863,-1.1367,-1.1031,-0.8517,-0.63728,-0.56673,-0.56317,-0.5134,-0.38311,-0.20722,-0.040601,0.063444,0.081047,0.038858,-0.0004515,0.017199,0.09192,0.16106,0.12615,-0.097691,-0.517,-1.0165,-1.4051,-1.5466,-1.4418,-1.185,-0.88388,-0.62022,-0.44463,-0.37013,-0.36113,-0.35099,-0.27592,-0.11568,0.11005,0.35235,0.56107,0.69916,0.75346,0.73729,0.67554,0.59181,0.49434,0.37031,0.19993,-0.029686,-0.30273,-0.56238,-0.73053,-0.74912,-0.61936,-0.40203,-0.18197,-0.041466,-0.038964,-0.19532,-0.48098,-0.81403,-1.0819,-1.1806,-1.0665,-0.77863,-0.41772,-0.1004,0.081547,0.086713,-0.06708,-0.3071,-0.53,-0.64323,-0.60917,-0.45992,-0.26745,-0.096616,0.021636,0.089263,0.12454,0.14617
0.075442,-0.32786,-0.86505,-1.1706,-1.1101,-0.857,-0.65699,-0.59791,-0.58398,-0.50293,-0.33545,-0.12901,0.051337,0.15621,0.16718,0.112,0.054248,0.046585,0.087097,0.11559,0.041454,-0.21003,-0.63579,-1.1136,-1.4553,-1.5399,-1.3875,-1.1038,-0.79594,-0.54262,-0.38941,-0.34047,-0.35098,-0.34193,-0.24707,-0.045521,0.23345,0.5335,0.79534,0.97495,1.0546,1.0435,0.96963,0.86083,0.73019,0.57242,0.37201,0.12063,-0.16309,-0.42434,-0.59078,-0.61203,-0.49266,-0.28974,-0.082924,0.04972,0.047887,-0.11558,-0.41719,-0.77535,-1.0702,-1.1862,-1.0734,-0.77318,-0.39179,-0.048533,0.16571,0.20886,0.098853,-0.097191,-0.28578,-0.3834,-0.35349,-0.21993,-0.044214,0.11417,0.22471,0.28619,0.3138,0.32504
0.02434,-0.41119,-0.93812,-1.21,-1.1247,-0.87166,-0.6873,-0.63856,-0.61611,-0.50565,-0.30163,-0.067985,0.12598,0.22938,0.22603,0.14869,0.062259,0.020212,0.02424,0.019833,-0.078296,-0.34047,-0.75839,-1.2067,-1.5022,-1.54,-1.353,-1.0475,-0.7299,-0.47814,-0.33736,-0.30719,-0.33376,-0.32994,-0.22601,8.2511e-05,0.3146,0.6563,0.95728,1.1664,1.26,1.2461,1.155,1.0198,0.85955,0.673,0.44842,0.18024,-0.11183,-0.3747,-0.53967,-0.56148,-0.44639,-0.24737,-0.039526,0.1013,0.11234,-0.040665,-0.34265,-0.7177,-1.0408,-1.1886,-1.0994,-0.80702,-0.41711,-0.051884,0.19393,0.27813,0.21374,0.061549,-0.093267,-0.17395,-0.14409,-0.020386,0.1447,0.29673,0.40548,0.46619,0.49101,0.49586
-0.023048,-0.47935,-0.99414,-1.2401,-1.1376,-0.88569,-0.71234,-0.67203,-0.64495,-0.51474,-0.28545,-0.032663,0.16972,0.26921,0.25141,0.15117,0.036698,-0.035677,-0.059069,-0.082581,-0.18888,-0.44715,-0.84869,-1.2705,-1.5367,-1.5489,-1.343,-1.0255,-0.70094,-0.44699,-0.30853,-0.28497,-0.31929,-0.32171,-0.2171,0.01564,0.34544,0.70826,1.0308,1.2556,1.3528,1.331,1.222,1.0641,0.88156,0.67635,0.43862,0.16308,-0.13146,-0.39258,-0.55479,-0.57455,-0.4573,-0.25297,-0.034408,0.12364,0.1548,0.018172,-0.27812,-0.66168,-1.0089,-1.1888,-1.129,-0.85484,-0.46918,-0.095293,0.17085,0.28302,0.25123,0.13125,0.0020258,-0.064264,-0.030762,0.091213,0.25517,0.40913,0.52199,0.58635,0.61233,0.61509
-0.094281,-0.57381,-1.0672,-1.2764,-1.1539,-0.90326,-0.74437,-0.71714,-0.68674,-0.53515,-0.27723,-0.0014213,0.20856,0.29997,0.25946,0.12268,-0.03574,-0.15094,-0.20898,-0.25239,-0.35741,-0.59253,-0.95718,-1.3399,-1.5759,-1.5693,-1.3528,-1.0275,-0.69594,-0.43611,-0.29456,-0.27223,-0.31203,-0.32064,-0.21916,0.017177,0.35797,0.73629,1.0746,1.3075,1.4004,1.3587,1.2197,1.029,0.81744,0.59139,0.3415,0.061601,-0.23009,-0.48284,-0.63331,-0.6397,-0.50759,-0.28636,-0.043996,0.14324,0.20532,0.095362,-0.18567,-0.57343,-0.94787,-1.1756,-1.1716,-0.94379,-0.58232,-0.20789,0.078452,0.22564,0.23588,0.15665,0.059646,0.013536,0.057419,0.18622,0.35886,0.52501,0.65058,0.72498,0.75624,0.7592
-0.15195,-0.64454,-1.1185,-1.2991,-1.1628,-0.91399,-0.76655,-0.7493,-0.72017,-0.5567,-0.28142,0.0086743,0.22343,0.30639,0.24567,0.079561,-0.11379,-0.26295,-0.34575,-0.39765,-0.49143,-0.69765,-1.0243,-1.3748,-1.5934,-1.5855,-1.3739,-1.0508,-0.71702,-0.45251,-0.30625,-0.2803,-0.31794,-0.32665,-0.22764,0.0067507,0.34785,0.72871,1.0698,1.3008,1.3842,1.3236,1.1596,0.94366,0.7111,0.47146,0.2154,-0.063585,-0.34696,-0.58462,-0.71497,-0.70059,-0.55061,-0.31335,-0.055645,0.15049,0.23547,0.14869,-0.11562,-0.50002,-0.8913,-1.1571,-1.2025,-1.0196,-0.68646,-0.32028,-0.023983,0.14437,0.18146,0.12917,0.054678,0.024866,0.080646,0.2208,0.4069,0.58788,0.72748,0.8133,0.85198,0.85786
-0.22961,-0.73371,-1.1764,-1.3206,-1.1691,-0.92389,-0.78946,-0.78764,-0.7626,-0.59046,-0.29775,0.0066223,0.22418,0.29415,0.20437,-0.0015198,-0.24174,-0.43643,-0.54944,-0.60449,-0.67151,-0.82628,-1.0906,-1.3913,-1.5921,-1.596,-1.4053,-1.0976,-0.76971,-0.50289,-0.34995,-0.31421,-0.34104,-0.34321,-0.24567,-0.019549,0.31148,0.68535,1.0199,1.2414,1.3062,1.2184,1.0208,0.77118,0.51316,0.25861,0.00061318,-0.26693,-0.52707,-0.72954,-0.81921,-0.76683,-0.58751,-0.32974,-0.057914,0.16205,0.26473,0.20015,-0.041813,-0.41362,-0.81393,-1.1192,-1.2295,-1.1155,-0.83215,-0.48579,-0.18347,0.0093745,0.077298,0.053983,0.003056,-0.0073989,0.067567,0.23006,0.44165,0.64893,0.81117,0.91328,0.96143,0.97094
-0.3058,-0.81281,-1.2194,-1.3287,-1.1662,-0.92661,-0.80385,-0.81589,-0.80079,-0.62683,-0.32489,-0.011481,0.20421,0.25902,0.1407,-0.10607,-0.39257,-0.62722,-0.76294,-0.81399,-0.84419,-0.93483,-1.1282,-1.3758,-1.561,-1.583,-1.4257,-1.1484,-0.83671,-0.57338,-0.4134,-0.36426,-0.37789,-0.37177,-0.27562,-0.061106,0.25355,0.61137,0.93221,1.1385,1.1819,1.065,0.83465,0.55608,0.28054,0.022926,-0.22375,-0.46639,-0.68887,-0.84392,-0.88295,-0.78678,-0.57848,-0.30922,-0.038135,0.17619,0.27718,0.22114,-0.0019599,-0.35284,-0.74522,-1.0695,-1.2289,-1.1789,-0.95092,-0.63505,-0.33542,-0.12881,-0.038949,-0.039736,-0.07126,-0.06484,0.028174,0.21338,0.45239,0.68778,0.8747,0.99536,1.0547,1.0682
-0.35913,-0.86318,-1.2404,-1.3255,-1.1574,-0.9235,-0.80787,-0.82865,-0.82308,-0.65413,-0.35025,-0.035624,0.17666,0.21974,0.07938,-0.19726,-0.51508,-0.77537,-0.92275,-0.964,-0.96117,-1.0015,-1.1398,-1.3449,-1.5144,-1.5495,-1.423,-1.1758,-0.88505,-0.6294,-0.46609,-0.40672,-0.40889,-0.39614,-0.30299,-0.10038,0.19733,0.53751,0.84398,1.0365,1.0654,0.92904,0.67849,0.38538,0.10492,-0.14328,-0.36945,-0.584,-0.77113,-0.8875,-0.88772,-0.75924,-0.53253,-0.26324,-0.006265,0.18706,0.2713,0.21196,0.0012639,-0.32715,-0.7011,-1.0248,-1.2075,-1.1976,-1.0091,-0.718,-0.42598,-0.21321,-0.11248,-0.10318,-0.12661,-0.11174,-0.0066939,0.19532,0.45403,0.70868,0.91211,1.0446,1.1108,1.127
-0.42344,-0.91663,-1.2517,-1.3073,-1.1379,-0.91248,-0.80385,-0.83404,-0.84269,-0.68626,-0.38957,-0.079834,0.12484,0.15161,-0.016546,-0.32933,-0.68433,-0.97283,-1.1282,-1.1503,-1.1021,-1.0783,-1.1461,-1.2933,-1.4349,-1.4789,-1.3857,-1.1796,-0.9229,-0.68712,-0.52687,-0.45803,-0.4455,-0.42621,-0.34169,-0.16406,0.10065,0.40921,0.69106,0.86654,0.8813,0.7321,0.46956,0.17087,-0.10083,-0.32457,-0.51194,-0.67841,-0.8139,-0.87802,-0.83148,-0.66931,-0.42934,-0.17114,0.053058,0.20214,0.24718,0.17022,-0.028705,-0.32217,-0.65651,-0.95645,-1.146,-1.1717,-1.0296,-0.7752,-0.50004,-0.28962,-0.18377,-0.16849,-0.18706,-0.16606,-0.04981,0.16985,0.45019,0.72616,0.94692,1.0923,1.167,1.1878
-0.47941,-0.95368,-1.2439,-1.2743,-1.1092,-0.89365,-0.79085,-0.82574,-0.8483,-0.71048,-0.43114,-0.13426,0.058037,0.067233,-0.12501,-0.46832,-0.85447,-1.1631,-1.3193,-1.3206,-1.2305,-1.1478,-1.1501,-1.2399,-1.3447,-1.3813,-1.3069,-1.1349,-0.91425,-0.70495,-0.55739,-0.48841,-0.47137,-0.45456,-0.38841,-0.24456,-0.022576,0.2461,0.49829,0.6576,0.66653,0.51821,0.26228,-0.020434,-0.26289,-0.44366,-0.58009,-0.69499,-0.78351,-0.80748,-0.72864,-0.546,-0.3032,-0.063057,0.12069,0.21665,0.21325,0.11212,-0.076092,-0.32887,-0.61136,-0.87229,-1.0514,-1.0964,-0.99039,-0.77117,-0.52122,-0.32273,-0.22342,-0.21342,-0.23597,-0.21452,-0.090591,0.14326,0.44037,0.73182,0.9653,1.1192,1.1991,1.2231
-0.51541,-0.97045,-1.2256,-1.2406,-1.0815,-0.87631,-0.7747,-0.81078,-0.84204,-0.72184,-0.46033,-0.17889,-0.00043937,-0.0051192,-0.21339,-0.57503,-0.97789,-1.2971,-1.4527,-1.44,-1.3236,-1.2042,-1.1625,-1.2073,-1.2765,-1.2962,-1.2264,-1.0735,-0.87614,-0.68624,-0.55176,-0.48953,-0.4797,-0.475,-0.43181,-0.3202,-0.13618,0.097416,0.32475,0.47278,0.48317,0.34538,0.10787,-0.14855,-0.357,-0.49726,-0.59248,-0.67106,-0.73144,-0.73644,-0.6449,-0.45499,-0.2127,0.015469,0.17416,0.23403,0.19405,0.071806,-0.11002,-0.33218,-0.57008,-0.79142,-0.9518,-1.0051,-0.92753,-0.74221,-0.51851,-0.33837,-0.24867,-0.24319,-0.26779,-0.2468,-0.12137,0.1164,0.41969,0.71842,0.95901,1.1204,1.2074,1.237
-0.55626,-0.97954,-1.1877,-1.1854,-1.0383,-0.84849,-0.74712,-0.77921,-0.818,-0.72063,-0.4907,-0.23986,-0.087643,-0.11378,-0.34025,-0.71779,-1.133,-1.4584,-1.612,-1.5877,-1.4491,-1.2943,-1.2008,-1.1828,-1.1943,-1.1783,-1.1022,-0.96531,-0.79344,-0.62884,-0.51206,-0.46416,-0.47139,-0.49668,-0.4978,-0.44552,-0.32345,-0.14313,0.051579,0.18989,0.21041,0.099007,-0.10054,-0.30929,-0.46249,-0.54623,-0.58854,-0.62461,-0.65745,-0.64868,-0.5534,-0.36382,-0.12432,0.094885,0.2347,0.26726,0.19976,0.06399,-0.10563,-0.28783,-0.47558,-0.65484,-0.79657,-0.8611,-0.81937,-0.6806,-0.50184,-0.3531,-0.28496,-0.29407,-0.32778,-0.31031,-0.18284,0.060998,0.37203,0.67846,0.92759,1.0971,1.1918,1.229
-0.58195,-0.978,-1.1513,-1.1378,-1.0023,-0.82496,-0.72306,-0.74719,-0.78776,-0.70778,-0.50531,-0.28408,-0.15714,-0.20181,-0.44017,-0.82323,-1.2398,-1.564,-1.7156,-1.6897,-1.5461,-1.3741,-1.2462,-1.1797,-1.1442,-1.0945,-1.004,-0.8719,-0.7167,-0.5714,-0.47104,-0.43752,-0.46186,-0.5143,-0.55523,-0.55297,-0.48377,-0.3472,-0.18064,-0.049476,-0.018298,-0.10318,-0.26508,-0.42974,-0.53723,-0.57943,-0.58906,-0.60328,-0.62514,-0.61431,-0.51978,-0.32878,-0.084511,0.14037,0.28274,0.31238,0.23946,0.10351,-0.053486,-0.21082,-0.36754,-0.52185,-0.655,-0.73282,-0.72452,-0.63012,-0.49276,-0.37836,-0.33287,-0.35385,-0.39182,-0.37489,-0.24714,-0.0026314,0.31077,0.62319,0.87899,1.0567,1.1602,1.2058
-0.61184,-0.9679,-1.0952,-1.0689,-0.95201,-0.79138,-0.68837,-0.69549,-0.73062,-0.67187,-0.51064,-0.33678,-0.25102,-0.32314,-0.57445,-0.95859,-1.369,-1.6869,-1.8382,-1.818,-1.677,-1.4901,-1.321,-1.1935,-1.0955,-0.99936,-0.88726,-0.75595,-0.61788,-0.49457,-0.41707,-0.40568,-0.45936,-0.55226,-0.6495,-0.71194,-0.7106,-0.63343,-0.50502,-0.38607,-0.33955,-0.39114,-0.5041,-0.61002,-0.6582,-0.64727,-0.61787,-0.61054,-0.62719,-0.62138,-0.53174,-0.33584,-0.073729,0.17878,0.3517,0.41009,0.36145,0.24635,0.11037,-0.023957,-0.15867,-0.30052,-0.44019,-0.54972,-0.59666,-0.56986,-0.49859,-0.43441,-0.4217,-0.46186,-0.51057,-0.49964,-0.37449,-0.12887,0.19001,0.511,0.7805,0.97396,1.0936,1.1545
-0.63696,-0.95243,-1.0341,-0.99824,-0.8994,-0.75719,-0.65057,-0.63699,-0.65892,-0.61712,-0.49988,-0.37971,-0.34018,-0.44109,-0.70117,-1.0788,-1.4764,-1.7858,-1.9405,-1.9338,-1.8036,-1.6093,-1.4055,-1.2233,-1.0684,-0.93208,-0.80331,-0.67471,-0.54937,-0.44364,-0.38364,-0.39201,-0.47303,-0.60497,-0.75271,-0.87707,-0.94065,-0.92137,-0.83078,-0.72336,-0.665,-0.68515,-0.75508,-0.81163,-0.80962,-0.7552,-0.69469,-0.67252,-0.68962,-0.69259,-0.60641,-0.39552,-0.096126,0.2097,0.44521,0.56543,0.56976,0.49281,0.37862,0.25231,0.11525,-0.038369,-0.2031,-0.35623,-0.4669,-0.51702,-0.51937,-0.51664,-0.54552,-0.60929,-0.6699,-0.66537,-0.54411,-0.29913,0.024428,0.35865,0.6441,0.85609,0.9956,1.0767
-0.65328,-0.93944,-0.98761,-0.94537,-0.86066,-0.7325,-0.6218,-0.59112,-0.59915,-0.56645,-0.48236,-0.40392,-0.4014,-0.52392,-0.78745,-1.1551,-1.5388,-1.8401,-1.9986,-2.006,-1.8903,-1.6957,-1.4696,-1.2514,-1.0607,-0.90137,-0.76565,-0.64321,-0.52952,-0.43706,-0.38789,-0.40742,-0.50263,-0.65531,-0.83091,-0.99032,-1.0931,-1.1106,-1.0493,-0.95661,-0.8979,-0.9031,-0.94788,-0.97456,-0.94223,-0.86289,-0.78572,-0.75593,-0.77402,-0.77968,-0.68876,-0.45734,-0.11923,0.24031,0.53629,0.71742,0.77464,0.73396,0.63499,0.50574,0.3534,0.17628,-0.019905,-0.21434,-0.37648,-0.48406,-0.54412,-0.58663,-0.6475,-0.73273,-0.80859,-0.81592,-0.70295,-0.46023,-0.13081,0.21452,0.51859,0.75185,0.91213,1.0113
-0.67186,-0.92091,-0.92942,-0.87868,-0.8121,-0.70191,-0.58659,-0.52923,-0.5158,-0.49095,-0.4474,-0.42552,-0.47187,-0.62225,-0.88841,-1.2381,-1.5971,-1.883,-2.0455,-2.0747,-1.9828,-1.7932,-1.5448,-1.2879,-1.062,-0.88396,-0.74881,-0.64136,-0.54996,-0.47735,-0.44226,-0.47004,-0.57286,-0.73729,-0.93148,-1.1158,-1.2482,-1.2991,-1.2695,-1.2046,-1.1631,-1.1729,-1.2068,-1.2086,-1.1452,-1.0357,-0.93612,-0.89517,-0.91101,-0.91637,-0.8132,-0.54495,-0.14322,0.29917,0.68696,0.95776,1.09,1.0975,1.0132,0.86882,0.68254,0.46197,0.21663,-0.034024,-0.26205,-0.44373,-0.57675,-0.68443,-0.79501,-0.91429,-1.0127,-1.0358,-0.93384,-0.69541,-0.36049,0.0037383,0.33197,0.59294,0.78171,0.90832
-0.68365,-0.90779,-0.88938,-0.83337,-0.78043,-0.68306,-0.56357,-0.48625,-0.45403,-0.4319,-0.41504,-0.4331,-0.51558,-0.68571,-0.95193,-1.2856,-1.6219,-1.8916,-2.0547,-2.0999,-2.0266,-1.844,-1.5854,-1.3081,-1.067,-0.88604,-0.76071,-0.67084,-0.59981,-0.54333,-0.51627,-0.5448,-0.64306,-0.80245,-0.99367,-1.1784,-1.3166,-1.381,-1.373,-1.3355,-1.3209,-1.3503,-1.3907,-1.3851,-1.3053,-1.1771,-1.062,-1.0111,-1.021,-1.0196,-0.90004,-0.59808,-0.14477,0.36066,0.8168,1.1522,1.3364,1.3744,1.2953,1.1338,0.91647,0.65893,0.37463,0.083118,-0.18898,-0.41795,-0.60015,-0.75113,-0.89701,-1.0439,-1.1649,-1.2073,-1.12,-0.88728,-0.54586,-0.16749,0.18497,0.47275,0.68616,0.83271
-0.69438,-0.89246,-0.84331,-0.78173,-0.74561,-0.66671,-0.54403,-0.43786,-0.37876,-0.35539,-0.36945,-0.4351,-0.56367,-0.76016,-1.0241,-1.3331,-1.6356,-1.8793,-2.0349,-2.092,-2.0394,-1.8685,-1.6047,-1.3163,-1.0733,-0.90444,-0.80266,-0.74276,-0.70065,-0.66513,-0.64574,-0.66802,-0.74866,-0.8838,-1.0489,-1.2112,-1.3381,-1.4076,-1.4278,-1.4346,-1.4721,-1.5441,-1.6094,-1.6085,-1.5147,-1.367,-1.2325,-1.1645,-1.1592,-1.1376,-0.98581,-0.63583,-0.11998,0.45845,0.9912,1.3989,1.6409,1.7112,1.633,1.4439,1.1822,0.87531,0.54373,0.20773,-0.10954,-0.38791,-0.62225,-0.82659,-1.0202,-1.2065,-1.3586,-1.4251,-1.3542,-1.1279,-0.78068,-0.38233,-0.0049127,0.3111,0.55353,0.72822
-0.69671,-0.87827,-0.80657,-0.74367,-0.72398,-0.66475,-0.53915,-0.40659,-0.31843,-0.28973,-0.327,-0.43392,-0.60246,-0.82338,-1.0853,-1.3679,-1.6341,-1.8451,-1.9809,-2.0345,-1.989,-1.8256,-1.5672,-1.2901,-1.0669,-0.9272,-0.85895,-0.8333,-0.82068,-0.80522,-0.79256,-0.80294,-0.85605,-0.95116,-1.0712,-1.1904,-1.2862,-1.3492,-1.3921,-1.4506,-1.5535,-1.6911,-1.8025,-1.818,-1.7164,-1.5439,-1.3812,-1.2874,-1.2571,-1.2095,-1.0267,-0.63844,-0.07691,0.55299,1.1402,1.6007,1.8847,1.9765,1.8933,1.6771,1.373,1.0212,0.65028,0.28288,-0.061306,-0.36812,-0.63634,-0.87988,-1.1138,-1.3371,-1.5207,-1.6124,-1.5583,-1.3375,-0.98363,-0.56982,-0.169,0.17284,0.44031,0.63737
-0.68995,-0.8666,-0.78608,-0.72476,-0.718,-0.67467,-0.55041,-0.39837,-0.28891,-0.25294,-0.30352,-0.436,-0.63079,-0.86687,-1.1273,-1.3923,-1.6302,-1.8123,-1.9265,-1.9671,-1.9149,-1.7509,-1.5009,-1.242,-1.0458,-0.9369,-0.89936,-0.90111,-0.91075,-0.91088,-0.90218,-0.90142,-0.92745,-0.98468,-1.0619,-1.1433,-1.2131,-1.2701,-1.3306,-1.4275,-1.5811,-1.7691,-1.9191,-1.9531,-1.8492,-1.6607,-1.4754,-1.3573,-1.3037,-1.2327,-1.0281,-0.61939,-0.037348,0.61491,1.2255,1.708,2.0086,2.1076,2.0196,1.7854,1.4579,1.0811,0.68867,0.30594,-0.047707,-0.36215,-0.64225,-0.90436,-1.1623,-1.4103,-1.6147,-1.7202,-1.6732,-1.4546,-1.0988,-0.67852,-0.2677,0.087081,0.36895,0.58022
-0.66674,-0.84764,-0.76598,-0.71119,-0.72546,-0.70522,-0.58731,-0.41298,-0.27382,-0.227,-0.28833,-0.44816,-0.67284,-0.92564,-1.1835,-1.426,-1.6278,-1.7692,-1.8445,-1.8511,-1.7745,-1.6023,-1.3651,-1.1395,-0.98999,-0.93015,-0.93691,-0.97459,-1.0138,-1.0358,-1.0349,-1.0215,-1.0096,-1.0113,-1.0276,-1.0549,-1.0901,-1.1391,-1.2231,-1.3683,-1.5848,-1.8353,-2.0335,-2.0913,-1.9856,-1.7781,-1.5646,-1.4144,-1.3277,-1.2273,-1.0008,-0.57925,0.0098086,0.66744,1.2867,1.779,2.0873,2.1871,2.0904,1.8392,1.4887,1.0902,0.68303,0.29552,-0.054399,-0.36295,-0.64341,-0.91658,-1.1952,-1.4664,-1.6892,-1.8053,-1.7631,-1.5468,-1.1923,-0.77131,-0.3563,0.0062998,0.29834,0.52073
-0.62311,-0.8207,-0.75152,-0.7108,-0.7492,-0.75582,-0.64821,-0.4566,-0.2902,-0.2296,-0.29852,-0.47837,-0.72601,-0.99377,-1.2492,-1.4712,-1.6394,-1.7368,-1.7617,-1.7185,-1.6019,-1.4112,-1.1863,-0.99996,-0.90425,-0.89748,-0.94758,-1.0183,-1.0841,-1.1285,-1.1428,-1.1255,-1.0844,-1.0348,-0.99153,-0.96531,-0.96551,-1.0055,-1.1069,-1.2914,-1.5587,-1.8594,-2.095,-2.1703,-2.0635,-1.8407,-1.6043,-1.4266,-1.3111,-1.1867,-0.94832,-0.53114,0.041151,0.67827,1.2787,1.7577,2.0577,2.1523,2.0505,1.7929,1.4354,1.0327,0.6279,0.25119,-0.080949,-0.37011,-0.63561,-0.90542,-1.19,-1.4708,-1.7,-1.8168,-1.773,-1.5586,-1.2116,-0.80079,-0.39402,-0.035206,0.25742,0.48322
-0.57455,-0.79261,-0.74211,-0.71786,-0.77687,-0.80684,-0.71008,-0.50968,-0.32477,-0.25351,-0.32604,-0.51818,-0.77862,-1.0553,-1.3105,-1.5196,-1.661,-1.7213,-1.7034,-1.6156,-1.4609,-1.2515,-1.0356,-0.88116,-0.82607,-0.85776,-0.93804,-1.0315,-1.1164,-1.1805,-1.2124,-1.2005,-1.1444,-1.0607,-0.97538,-0.91076,-0.88563,-0.91727,-1.0267,-1.2309,-1.5225,-1.8456,-2.0974,-2.1812,-2.0748,-1.8469,-1.6004,-1.4091,-1.2793,-1.1431,-0.90293,-0.49826,0.049315,0.6569,1.2275,1.6827,1.9677,2.056,1.9549,1.7019,1.3516,0.95714,0.56326,0.20262,-0.10815,-0.37411,-0.6213,-0.87796,-1.1566,-1.4354,-1.6625,-1.7761,-1.7307,-1.5204,-1.1841,-0.78723,-0.39315,-0.043556,0.24376,0.46746
-0.48707,-0.74095,-0.7278,-0.73431,-0.82525,-0.89074,-0.81256,-0.60495,-0.40022,-0.31734,-0.39319,-0.59881,-0.87322,-1.1575,-1.4119,-1.604,-1.7073,-1.7136,-1.6343,-1.4844,-1.2772,-1.0416,-0.83506,-0.71909,-0.71294,-0.78971,-0.90522,-1.0265,-1.1393,-1.2362,-1.3016,-1.3094,-1.2448,-1.1244,-0.98718,-0.87356,-0.81338,-0.82942,-0.93923,-1.1531,-1.4557,-1.7858,-2.0404,-2.1256,-2.0225,-1.7975,-1.552,-1.3577,-1.2205,-1.0801,-0.84733,-0.46884,0.034609,0.58715,1.1043,1.5149,1.7699,1.8462,1.75,1.5157,1.1903,0.82523,0.46367,0.13746,-0.13829,-0.37094,-0.58791,-0.8209,-1.0799,-1.3418,-1.5551,-1.6603,-1.6158,-1.4177,-1.1031,-0.73191,-0.36193,-0.031284,0.2431,0.45921
-0.40469,-0.68992,-0.71366,-0.74951,-0.86818,-0.96118,-0.90152,-0.69281,-0.47789,-0.38924,-0.46838,-0.68194,-0.96369,-1.2521,-1.5029,-1.6793,-1.7526,-1.7177,-1.5921,-1.398,-1.1557,-0.9022,-0.70087,-0.60923,-0.63309,-0.73653,-0.87254,-1.0122,-1.1466,-1.2739,-1.3737,-1.4072,-1.3452,-1.202,-1.0278,-0.87692,-0.78903,-0.78909,-0.89264,-1.1029,-1.398,-1.7152,-1.956,-2.0352,-1.9375,-1.726,-1.4945,-1.3086,-1.1742,-1.0356,-0.81258,-0.45949,0.0027907,0.50606,0.97252,1.3399,1.567,1.6354,1.5508,1.3408,1.0476,0.71553,0.38563,0.090196,-0.15507,-0.35842,-0.54926,-0.75853,-0.99707,-1.2416,-1.4416,-1.5406,-1.4996,-1.3151,-1.0213,-0.67394,-0.3247,-0.010633,0.25178,0.46011
-0.27418,-0.6044,-0.687,-0.76914,-0.92798,-1.0602,-1.029,-0.82639,-0.6044,-0.514,-0.59988,-0.82169,-1.1094,-1.3995,-1.6417,-1.7916,-1.8228,-1.7355,-1.5539,-1.3076,-1.0266,-0.75677,-0.56307,-0.49319,-0.54389,-0.67061,-0.8259,-0.9869,-1.1533,-1.3275,-1.4848,-1.5654,-1.5169,-1.3488,-1.1278,-0.92842,-0.80204,-0.77598,-0.8608,-1.0511,-1.3186,-1.5998,-1.8086,-1.8751,-1.7885,-1.6056,-1.4039,-1.2395,-1.1183,-0.99026,-0.78854,-0.47622,-0.073892,0.35711,0.74948,1.0532,1.2393,1.2984,1.237,1.0738,0.83806,0.56402,0.28712,0.037939,-0.16713,-0.33429,-0.48923,-0.66507,-0.87,-1.0831,-1.2596,-1.3499,-1.3191,-1.1617,-0.90382,-0.59072,-0.27235,0.019094,0.26661,0.46589
-0.12454,-0.5006,-0.6505,-0.78498,-0.98558,-1.1568,-1.1568,-0.9684,-0.75072,-0.66703,-0.76248,-0.99218,-1.2827,-1.5663,-1.7906,-1.9104,-1.8987,-1.7622,-1.5323,-1.2446,-0.93772,-0.66372,-0.4818,-0.42737,-0.48993,-0.62509,-0.79095,-0.9695,-1.1673,-1.3895,-1.608,-1.744,-1.7191,-1.5342,-1.2712,-1.0252,-0.85928,-0.80422,-0.86348,-1.0253,-1.2533,-1.4892,-1.6593,-1.7094,-1.6359,-1.4844,-1.3183,-1.1836,-1.0835,-0.97414,-0.79883,-0.52884,-0.187,0.16939,0.48219,0.71479,0.85582,0.90975,0.88393,0.78349,0.61961,0.41245,0.19181,-0.011089,-0.17637,-0.30659,-0.42597,-0.5637,-0.73158,-0.91362,-1.0716,-1.1606,-1.1463,-1.0184,-0.79504,-0.5155,-0.22278,0.049529,0.28319,0.47243
-0.0037773,-0.4124,-0.61628,-0.79279,-1.0242,-1.2217,-1.2461,-1.0736,-0.8681,-0.7954,-0.9004,-1.1374,-1.4264,-1.6984,-1.9042,-1.9988,-1.9556,-1.7857,-1.5257,-1.2167,-0.90137,-0.63133,-0.46022,-0.41496,-0.48004,-0.61306,-0.77822,-0.9646,-1.1821,-1.4377,-1.7,-1.8771,-1.8715,-1.6773,-1.3878,-1.1124,-0.92314,-0.85026,-0.89434,-1.0347,-1.2315,-1.4283,-1.5655,-1.6028,-1.5395,-1.4126,-1.2743,-1.1626,-1.0784,-0.98428,-0.8297,-0.5917,-0.29481,0.0054178,0.25786,0.43629,0.54391,0.59724,0.60392,0.55787,0.45261,0.2985,0.12164,-0.046491,-0.18397,-0.29029,-0.3858,-0.49818,-0.63995,-0.79904,-0.943,-1.0316,-1.0311,-0.92655,-0.72916,-0.47228,-0.19715,0.063382,0.28981,0.47472
0.163,-0.28566,-0.56213,-0.79595,-1.0635,-1.2912,-1.3452,-1.2027,-1.0234,-0.97489,-1.0998,-1.3442,-1.6246,-1.8747,-2.0471,-2.1025,-2.0193,-1.8123,-1.5235,-1.1994,-0.88466,-0.62785,-0.4745,-0.44125,-0.50546,-0.62862,-0.78449,-0.97135,-1.2048,-1.4931,-1.7988,-2.0177,-2.0336,-1.8357,-1.5259,-1.2286,-1.0225,-0.93718,-0.9691,-1.0873,-1.2486,-1.3997,-1.4984,-1.5198,-1.4666,-1.3669,-1.2597,-1.1733,-1.1066,-1.028,-0.89633,-0.69634,-0.45493,-0.22507,-0.050919,0.054645,0.11555,0.16791,0.222,0.25276,0.23055,0.14997,0.030572,-0.095866,-0.20295,-0.28374,-0.35301,-0.43611,-0.54703,-0.6799,-0.80951,-0.90005,-0.91674,-0.83856,-0.66882,-0.43516,-0.17709,0.071619,0.29011,0.46982
0.33024,-0.15357,-0.50041,-0.7884,-1.0854,-1.3324,-1.4107,-1.3046,-1.1653,-1.1526,-1.3025,-1.552,-1.818,-2.0379,-2.169,-2.1808,-2.0607,-1.828,-1.5252,-1.1986,-0.89438,-0.65919,-0.52818,-0.50565,-0.56458,-0.67303,-0.81415,-0.99246,-1.2258,-1.5212,-1.8407,-2.0765,-2.1083,-1.9197,-1.613,-1.3163,-1.1123,-1.0331,-1.0695,-1.1855,-1.3294,-1.4531,-1.5233,-1.5289,-1.4793,-1.3961,-1.3079,-1.2344,-1.1732,-1.0986,-0.97973,-0.80814,-0.61248,-0.44389,-0.34154,-0.30562,-0.29002,-0.23686,-0.13446,-0.028633,0.02572,0.0092287,-0.061711,-0.15343,-0.23593,-0.29773,-0.34937,-0.41177,-0.50033,-0.61369,-0.73259,-0.82497,-0.85496,-0.79595,-0.64462,-0.4245,-0.17579,0.066503,0.28032,0.45666
0.45121,-0.055176,-0.45201,-0.77722,-1.0899,-1.3413,-1.4339,-1.3568,-1.2559,-1.2776,-1.4474,-1.7001,-1.951,-2.1416,-2.238,-2.2171,-2.0733,-1.8281,-1.5215,-1.1989,-0.90691,-0.6901,-0.57687,-0.56279,-0.61941,-0.71837,-0.84832,-1.0154,-1.2359,-1.5158,-1.8206,-2.0481,-2.0836,-1.9084,-1.6209,-1.3435,-1.1605,-1.103,-1.1605,-1.2911,-1.4372,-1.5508,-1.6059,-1.6016,-1.5503,-1.4725,-1.3889,-1.3139,-1.2465,-1.1642,-1.044,-0.88309,-0.71126,-0.57771,-0.51925,-0.52814,-0.54374,-0.4926,-0.3607,-0.20838,-0.10591,-0.082771,-0.12504,-0.19787,-0.2686,-0.32241,-0.36634,-0.41959,-0.49791,-0.60226,-0.71617,-0.80914,-0.84437,-0.79226,-0.64655,-0.43096,-0.18355,0.057009,0.26799,0.44107
0.60092,0.069989,-0.38711,-0.75598,-1.0802,-1.3264,-1.4255,-1.3893,-1.3492,-1.4247,-1.6246,-1.8789,-2.1051,-2.2518,-2.2988,-2.2379,-2.0687,-1.8118,-1.5043,-1.1885,-0.91057,-0.71516,-0.62591,-0.62972,-0.69292,-0.78722,-0.90397,-1.0495,-1.2373,-1.4712,-1.7214,-1.9051,-1.93,-1.7826,-1.5449,-1.3227,-1.1932,-1.1856,-1.2912,-1.4618,-1.6342,-1.7539,-1.8018,-1.7863,-1.7258,-1.6413,-1.5486,-1.4582,-1.3689,-1.2629,-1.1242,-0.95666,-0.7933,-0.68313,-0.661,-0.71214,-0.76139,-0.71825,-0.56447,-0.3736,-0.23169,-0.17729,-0.19821,-0.25806,-0.32152,-0.37112,-0.41171,-0.46104,-0.53403,-0.6322,-0.7406,-0.83027,-0.86493,-0.81397,-0.66935,-0.45278,-0.20548,0.03484,0.24506,0.41675
0.70257,0.15652,-0.33943,-0.73636,-1.0621,-1.2945,-1.3929,-1.3869,-1.3965,-1.5161,-1.7403,-1.9945,-2.199,-2.3122,-2.3242,-2.235,-2.0503,-1.7879,-1.4785,-1.1627,-0.88924,-0.70533,-0.63318,-0.65561,-0.73276,-0.83305,-0.94537,-1.0742,-1.2289,-1.4122,-1.5988,-1.7294,-1.7389,-1.62,-1.4342,-1.2691,-1.1908,-1.2314,-1.3827,-1.5981,-1.808,-1.9506,-2.0048,-1.9833,-1.911,-1.811,-1.6995,-1.5869,-1.472,-1.3395,-1.1757,-0.98692,-0.80957,-0.69525,-0.67748,-0.74083,-0.80483,-0.77161,-0.61951,-0.42474,-0.27812,-0.22075,-0.24072,-0.30063,-0.36418,-0.41377,-0.45551,-0.50487,-0.57891,-0.67826,-0.78644,-0.87339,-0.90277,-0.84501,-0.69379,-0.47354,-0.22362,0.017417,0.22704,0.39741
0.81964,0.25907,-0.28039,-0.70612,-1.0258,-1.2304,-1.3185,-1.3505,-1.4286,-1.6097,-1.8665,-2.12,-2.2973,-2.3682,-2.3352,-2.2122,-2.0109,-1.7419,-1.4261,-1.1023,-0.82413,-0.64423,-0.58826,-0.63794,-0.74547,-0.87018,-0.99157,-1.1036,-1.2082,-1.307,-1.3927,-1.4419,-1.4283,-1.3484,-1.2374,-1.1533,-1.1507,-1.2629,-1.487,-1.7772,-2.0552,-2.2448,-2.3176,-2.2913,-2.1992,-2.0712,-1.9272,-1.7779,-1.6209,-1.4423,-1.2294,-0.99321,-0.77417,-0.62491,-0.58017,-0.62486,-0.68451,-0.66709,-0.54657,-0.38568,-0.26904,-0.23432,-0.27161,-0.34593,-0.42168,-0.4804,-0.52678,-0.58097,-0.65795,-0.75798,-0.86338,-0.94281,-0.95996,-0.88758,-0.7233,-0.49301,-0.24141,-0.0032468,0.20149,0.36706
0.91538,0.34416,-0.22898,-0.67547,-0.98094,-1.1499,-1.223,-1.2875,-1.4326,-1.6754,-1.9632,-2.2165,-2.3723,-2.4065,-2.335,-2.1825,-1.9628,-1.6824,-1.3548,-1.0141,-0.71728,-0.52723,-0.47887,-0.55644,-0.70763,-0.8767,-1.0238,-1.1286,-1.1821,-1.1907,-1.1707,-1.137,-1.0982,-1.053,-1.0144,-1.0109,-1.0832,-1.2631,-1.5542,-1.9168,-2.2691,-2.5234,-2.6345,-2.6146,-2.5041,-2.3438,-2.1619,-1.9728,-1.7731,-1.5444,-1.273,-0.97191,-0.68512,-0.46935,-0.36222,-0.35773,-0.39568,-0.39575,-0.32701,-0.23384,-0.18045,-0.19935,-0.27951,-0.38515,-0.47993,-0.54718,-0.59788,-0.65382,-0.73563,-0.84179,-0.94886,-1.0201,-1.0182,-0.92146,-0.73627,-0.49621,-0.24355,-0.012144,0.18228,0.33757
0.97193,0.395,-0.19633,-0.6535,-0.94618,-1.0864,-1.1453,-1.2315,-1.4221,-1.7086,-2.0191,-2.2747,-2.4188,-2.4341,-2.3404,-2.1661,-1.93,-1.6368,-1.294,-0.93289,-0.61408,-0.40847,-0.35978,-0.4577,-0.64709,-0.85962,-1.0388,-1.1475,-1.1696,-1.1145,-1.0164,-0.92154,-0.86056,-0.83778,-0.84893,-0.90317,-1.0262,-1.2471,-1.5747,-1.9786,-2.3805,-2.686,-2.8341,-2.8273,-2.7095,-2.5297,-2.3248,-2.1118,-1.8849,-1.6204,-1.3028,-0.94673,-0.59955,-0.32103,-0.15261,-0.095718,-0.10513,-0.11528,-0.093928,-0.065489,-0.077297,-0.15008,-0.27091,-0.40556,-0.51957,-0.598,-0.65277,-0.71319,-0.79852,-0.90571,-1.0085,-1.0679,-1.0477,-0.93099,-0.73097,-0.48447,-0.23595,-0.013758,0.17034,0.31674
1.0283,0.44568,-0.16397,-0.62929,-0.90204,-1.0056,-1.0441,-1.1547,-1.3988,-1.736,-2.0776,-2.3413,-2.4807,-2.4834,-2.367,-2.1659,-1.9037,-1.5842,-1.2119,-0.81692,-0.46244,-0.22834,-0.17302,-0.29611,-0.53971,-0.81806,-1.051,-1.1773,-1.1687,-1.0383,-0.84709,-0.67872,-0.58803,-0.58581,-0.65042,-0.76909,-0.9472,-1.206,-1.5599,-1.9908,-2.4346,-2.7944,-2.9945,-3.0196,-2.9089,-2.7208,-2.5023,-2.2736,-2.0231,-1.7206,-1.3446,-0.91245,-0.47857,-0.10895,0.14868,0.28103,0.31423,0.29564,0.2575,0.19642,0.091991,-0.062494,-0.24838,-0.42939,-0.57106,-0.66207,-0.72307,-0.78645,-0.87672,-0.9873,-1.0844,-1.1237,-1.0716,-0.92197,-0.69991,-0.44853,-0.20838,-0.0028275,0.16227,0.29121
1.0573,0.47171,-0.14717,-0.61652,-0.87515,-0.95324,-0.97763,-1.1015,-1.3793,-1.749,-2.112,-2.3877,-2.5325,-2.5342,-2.4065,-2.1851,-1.8982,-1.5537,-1.1562,-0.73379,-0.35026,-0.092143,-0.029164,-0.1698,-0.45338,-0.78307,-1.0602,-1.2058,-1.1804,-1.0019,-0.75281,-0.5383,-0.42948,-0.43671,-0.53093,-0.68347,-0.88828,-1.1601,-1.5144,-1.943,-2.394,-2.7786,-3.0143,-3.0719,-2.9821,-2.8051,-2.5916,-2.3638,-2.1079,-1.7855,-1.373,-0.88929,-0.39404,0.042151,0.36457,0.55171,0.61685,0.59514,0.51762,0.39373,0.22257,0.0088327,-0.22357,-0.43782,-0.60136,-0.70599,-0.77445,-0.84523,-0.94027,-1.0495,-1.1354,-1.1528,-1.0725,-0.89708,-0.66011,-0.40805,-0.17884,0.01039,0.15872,0.27331
1.0809,0.49075,-0.13514,-0.60783,-0.85173,-0.9021,-0.90898,-1.044,-1.3553,-1.762,-2.1521,-2.4502,-2.6145,-2.6259,-2.4889,-2.2387,-1.9151,-1.5349,-1.1029,-0.64418,-0.22298,0.066352,0.14175,-0.015235,-0.34493,-0.73862,-1.0759,-1.254,-1.2169,-0.98825,-0.67327,-0.40585,-0.27453,-0.29022,-0.41342,-0.59725,-0.82042,-1.0883,-1.4186,-1.8156,-2.2448,-2.6334,-2.8978,-2.9968,-2.9501,-2.8104,-2.6296,-2.4268,-2.1803,-1.8466,-1.399,-0.86079,-0.29773,0.21273,0.61048,0.86272,0.96615,0.94132,0.81856,0.62385,0.37602,0.096223,-0.18613,-0.43538,-0.62313,-0.746,-0.83085,-0.91543,-1.0196,-1.1272,-1.1946,-1.1763,-1.0522,-0.83999,-0.58537,-0.33718,-0.12823,0.033166,0.15363,0.24491
1.091,0.49501,-0.13578,-0.61093,-0.84598,-0.87564,-0.86934,-1.0086,-1.3399,-1.7727,-2.1881,-2.5129,-2.7092,-2.7416,-2.5998,-2.3222,-1.9614,-1.5445,-1.0787,-0.5868,-0.13316,0.18278,0.27051,0.10411,-0.25888,-0.70297,-1.0932,-1.3051,-1.267,-1.0051,-0.64159,-0.33363,-0.18265,-0.20169,-0.34189,-0.54418,-0.77019,-1.0158,-1.298,-1.6337,-2.0091,-2.371,-2.6447,-2.7807,-2.7841,-2.6975,-2.5666,-2.4052,-2.1847,-1.8555,-1.3902,-0.81795,-0.21183,0.3473,0.79418,1.0887,1.2174,1.1906,1.0365,0.79078,0.49,0.16748,-0.14281,-0.4089,-0.61071,-0.75174,-0.85948,-0.96653,-1.0834,-1.186,-1.2278,-1.1683,-1.0002,-0.7566,-0.49243,-0.25635,-0.074326,0.054746,0.14493,0.21208
1.0932,0.49043,-0.14398,-0.62292,-0.85626,-0.8766,-0.85941,-0.99613,-1.3342,-1.778,-2.2092,-2.5581,-2.7827,-2.8368,-2.6976,-2.4016,-2.0136,-1.5704,-1.0814,-0.5683,-0.09509,0.23622,0.33159,0.16244,-0.2156,-0.68443,-1.1025,-1.3336,-1.299,-1.0236,-0.64062,-0.31498,-0.15393,-0.1711,-0.31529,-0.5205,-0.73979,-0.96129,-1.2008,-1.4818,-1.8052,-2.1313,-2.3964,-2.5507,-2.5888,-2.5438,-2.4516,-2.3213,-2.1231,-1.8053,-1.3443,-0.77033,-0.15575,0.41821,0.884,1.1973,1.3366,1.3059,1.1334,0.86253,0.53917,0.20442,-0.10713,-0.36926,-0.57031,-0.7198,-0.84534,-0.97111,-1.0994,-1.1994,-1.2229,-1.1349,-0.93907,-0.6788,-0.41433,-0.19363,-0.03523,0.067267,0.13295,0.18067
1.0931,0.4779,-0.16454,-0.65326,-0.89154,-0.9065,-0.87645,-1.002,-1.3359,-1.7818,-2.2272,-2.6075,-2.8734,-2.9616,-2.8326,-2.5196,-2.1002,-1.6249,-1.1094,-0.57483,-0.083352,0.26245,0.36616,0.19677,-0.18866,-0.67082,-1.1029,-1.3449,-1.3138,-1.0357,-0.64643,-0.31513,-0.15049,-0.16588,-0.30816,-0.50519,-0.70418,-0.88683,-1.0689,-1.2792,-1.5303,-1.8001,-2.0372,-2.1966,-2.2661,-2.2642,-2.2157,-2.1225,-1.953,-1.6608,-1.2241,-0.67279,-0.075993,0.48732,0.95072,1.2647,1.4016,1.3609,1.1714,0.88395,0.55551,0.23251,-0.053208,-0.28608,-0.46823,-0.61823,-0.76216,-0.91277,-1.0576,-1.1556,-1.1581,-1.0403,-0.82082,-0.55463,-0.30499,-0.11433,0.004961,0.068544,0.10183,0.1266
1.0936,0.46002,-0.19578,-0.70037,-0.95225,-0.97016,-0.92652,-1.0321,-1.3448,-1.7788,-2.2279,-2.6324,-2.9399,-3.066,-2.9541,-2.6347,-2.194,-1.6954,-1.1626,-0.61722,-0.11753,0.23743,0.35099,0.19123,-0.18444,-0.65465,-1.0727,-1.3059,-1.2767,-1.0113,-0.63944,-0.32263,-0.16578,-0.1816,-0.31631,-0.49767,-0.66992,-0.81274,-0.94013,-1.0855,-1.2704,-1.485,-1.6887,-1.8402,-1.9223,-1.9433,-1.9181,-1.8444,-1.6941,-1.4284,-1.0308,-0.52866,0.017553,0.53732,0.96782,1.258,1.3765,1.3196,1.1183,0.82997,0.52017,0.23823,0.0085299,-0.1686,-0.31116,-0.44638,-0.59684,-0.7655,-0.92431,-1.0236,-1.0167,-0.8889,-0.66998,-0.42054,-0.20254,-0.053008,0.023622,0.048972,0.052488,0.057218
1.0978,0.44644,-0.22469,-0.7471,-1.0155,-1.0386,-0.9847,-1.0673,-1.3551,-1.7696,-2.2137,-2.6306,-2.9635,-3.1185,-3.024,-2.7061,-2.2573,-1.7499,-1.2128,-0.6671,-0.16716,0.19177,0.31432,0.16841,-0.18775,-0.63319,-1.0258,-1.2395,-1.208,-0.95852,-0.61262,-0.31996,-0.17619,-0.19315,-0.31839,-0.48362,-0.63408,-0.74971,-0.84397,-0.95131,-1.0968,-1.2764,-1.4553,-1.5947,-1.6759,-1.7003,-1.6779,-1.6053,-1.46,-1.2117,-0.84969,-0.39719,0.095243,0.56637,0.95705,1.2185,1.3172,1.2473,1.0406,0.76024,0.47411,0.23295,0.055711,-0.068257,-0.16885,-0.28073,-0.42634,-0.60064,-0.76766,-0.87199,-0.86802,-0.74724,-0.54505,-0.32295,-0.13937,-0.025756,0.017465,0.015626,-0.00034858,-0.0076706
1.1116,0.42982,-0.27004,-0.82446,-1.1222,-1.1564,-1.0865,-1.1304,-1.3734,-1.7504,-2.1767,-2.5991,-2.9537,-3.141,-3.0738,-2.7677,-2.3207,-1.8151,-1.2844,-0.74846,-0.25609,0.10313,0.23813,0.11915,-0.19672,-0.59136,-0.93008,-1.1028,-1.0592,-0.83326,-0.53396,-0.28611,-0.17023,-0.19036,-0.29946,-0.43675,-0.55701,-0.64424,-0.71166,-0.7895,-0.90103,-1.0448,-1.1934,-1.3137,-1.385,-1.4032,-1.3721,-1.2895,-1.1418,-0.9122,-0.59493,-0.20789,0.21005,0.60903,0.93806,1.1501,1.2124,1.1204,0.90884,0.64456,0.4011,0.22499,0.12393,0.072984,0.030619,-0.043457,-0.17154,-0.34294,-0.51429,-0.62756,-0.63965,-0.54644,-0.38492,-0.21357,-0.08474,-0.02354,-0.023607,-0.057686,-0.094627,-0.11307
1.1291,0.41999,-0.30898,-0.89323,-1.2178,-1.2625,-1.1774,-1.1875,-1.3893,-1.7325,-2.139,-2.5544,-2.9146,-3.1157,-3.0676,-2.7788,-2.3439,-1.8501,-1.3341,-0.81314,-0.33218,0.023521,0.1678,0.072925,-0.20437,-0.55084,-0.84031,-0.97566,-0.91904,-0.70924,-0.44443,-0.23179,-0.13687,-0.15884,-0.25504,-0.37164,-0.47256,-0.54679,-0.60662,-0.67776,-0.77871,-0.90725,-1.0401,-1.1479,-1.2092,-1.2182,-1.1746,-1.078,-0.92357,-0.70249,-0.41446,-0.073626,0.29039,0.637,0.92117,1.0985,1.1365,1.0304,0.81623,0.56442,0.3488,0.21516,0.16569,0.16726,0.17018,0.12861,0.019665,-0.14488,-0.31903,-0.44228,-0.47223,-0.40723,-0.28466,-0.15917,-0.076408,-0.05516,-0.085589,-0.13822,-0.18353,-0.20345
1.1639,0.41181,-0.3663,-0.99991,-1.3635,-1.4212,-1.313,-1.2728,-1.4167,-1.7101,-2.081,-2.4732,-2.8193,-3.0217,-2.9941,-2.7375,-2.336,-1.8737,-1.3887,-0.89805,-0.44058,-0.092531,0.065321,0.006076,-0.21559,-0.49271,-0.71175,-0.79232,-0.71359,-0.51878,-0.29211,-0.11972,-0.046709,-0.067774,-0.14474,-0.23861,-0.32353,-0.39453,-0.46183,-0.54313,-0.64841,-0.77282,-0.89498,-0.98987,-1.0396,-1.0337,-0.97237,-0.8581,-0.69289,-0.48058,-0.22448,0.065357,0.36973,0.65846,0.89575,1.0395,1.0559,0.9382,0.72241,0.48124,0.29176,0.19952,0.20124,0.25601,0.30757,0.30608,0.22571,0.077774,-0.092462,-0.22714,-0.2861,-0.2668,-0.20163,-0.13774,-0.113,-0.14012,-0.2039,-0.27548,-0.32735,-0.34452
1.2103,0.40855,-0.42998,-1.1207,-1.5267,-1.5948,-1.4591,-1.3663,-1.4536,-1.697,-2.025,-2.3774,-2.686,-2.8669,-2.848,-2.6283,-2.2762,-1.8627,-1.423,-0.9741,-0.54923,-0.21472,-0.045347,-0.068695,-0.23585,-0.44539,-0.59437,-0.61972,-0.51497,-0.32442,-0.12134,0.026094,0.087849,0.073982,0.015962,-0.059664,-0.13991,-0.22407,-0.31895,-0.42948,-0.55569,-0.68664,-0.80671,-0.89729,-0.94133,-0.92909,-0.85704,-0.73017,-0.55913,-0.35336,-0.12058,0.13233,0.39431,0.64599,0.85554,0.9843,0.99645,0.87989,0.66581,0.42614,0.24159,0.16258,0.18844,0.27634,0.36494,0.39882,0.34891,0.22088,0.057317,-0.086356,-0.17165,-0.19539,-0.18554,-0.1813,-0.21123,-0.27976,-0.36877,-0.44798,-0.49349,-0.49594
1.2514,0.40922,-0.48142,-1.2196,-1.657,-1.7303,-1.5726,-1.4436,-1.4921,-1.6986,-1.9913,-2.3017,-2.5678,-2.7192,-2.6987,-2.5067,-2.1968,-1.8274,-1.4298,-1.0185,-0.62223,-0.30238,-0.12983,-0.13098,-0.26113,-0.42503,-0.52896,-0.51764,-0.39133,-0.19398,0.0060602,0.14917,0.2106,0.2034,0.15627,0.088689,0.0066459,-0.094526,-0.21745,-0.35983,-0.5104,-0.6541,-0.77677,-0.86573,-0.90838,-0.89508,-0.82133,-0.69313,-0.52435,-0.32883,-0.11441,0.11618,0.35797,0.59584,0.80167,0.93503,0.95606,0.84741,0.63573,0.3913,0.19798,0.11137,0.13608,0.23185,0.337,0.39359,0.36719,0.26029,0.10928,-0.035705,-0.13817,-0.19244,-0.2208,-0.25576,-0.31968,-0.41213,-0.5118,-0.5901,-0.62651,-0.61559
1.3114,0.41337,-0.55473,-1.3603,-1.8368,-1.9118,-1.7247,-1.5558,-1.5598,-1.7216,-1.9589,-2.2007,-2.3938,-2.4912,-2.4612,-2.3031,-2.0514,-1.7464,-1.4108,-1.0554,-0.70414,-0.41153,-0.24309,-0.22528,-0.31769,-0.43393,-0.48949,-0.43586,-0.27701,-0.058457,0.15475,0.30797,0.38171,0.38911,0.35383,0.28822,0.19154,0.058281,-0.11015,-0.29916,-0.48494,-0.64661,-0.77341,-0.86096,-0.90427,-0.89474,-0.82844,-0.71173,-0.55996,-0.38796,-0.20149,0.0027618,0.22729,0.46199,0.67922,0.83435,0.87971,0.78925,0.58219,0.32539,0.10514,-0.012134,-0.0091002,0.082596,0.20253,0.288,0.29723,0.22452,0.097002,-0.04195,-0.15894,-0.24627,-0.31911,-0.39991,-0.50102,-0.61637,-0.71985,-0.78657,-0.80234,-0.76816
1.3736,0.41885,-0.63258,-1.5068,-2.0173,-2.0854,-1.8738,-1.6761,-1.6504,-1.77,-1.9459,-2.106,-2.2114,-2.2443,-2.1962,-2.0657,-1.8695,-1.6298,-1.3592,-1.0644,-0.7655,-0.50937,-0.35529,-0.33249,-0.40463,-0.49251,-0.51379,-0.42444,-0.22999,0.020003,0.26013,0.43755,0.53347,0.55963,0.53369,0.46268,0.34229,0.16911,-0.049051,-0.28487,-0.50308,-0.67584,-0.79913,-0.87969,-0.92066,-0.9197,-0.87219,-0.78335,-0.66715,-0.53407,-0.38483,-0.20884,0.0030962,0.24442,0.48387,0.67078,0.74855,0.68161,0.48061,0.20747,-0.048516,-0.21039,-0.24457,-0.16955,-0.041094,0.074673,0.1268,0.099757,0.0093101,-0.11064,-0.23096,-0.34136,-0.44919,-0.56692,-0.6974,-0.82551,-0.92712,-0.9784,-0.9703,-0.90963
