0.029676,-0.40361,-0.46541,-0.41169,-0.31136,-0.17269,-0.018569,0.090831,0.14101,0.28359,0.65602,1.2043,1.776,2.2224,2.4452,2.4202,2.1875,1.82,1.4044,1.0378,0.8154,0.78592,0.91627,1.1178,1.3052,1.4302,1.4803,1.4686,1.413,1.322,1.1886,1.0023,0.76018,0.47111,0.1513,-0.17215,-0.46827,-0.70245,-0.8528,-0.91659,-0.90946,-0.85892,-0.78936,-0.71954,-0.65843,-0.60462,-0.55325,-0.4955,-0.42894,-0.36376,-0.33006,-0.36948,-0.5134,-0.75794,-1.0539,-1.2883,-1.3477,-1.2148,-0.99327,-0.80684,-0.73117,-0.75069,-0.80094,-0.80779,-0.73017,-0.58159,-0.40768,-0.24833,-0.10534,0.042438,0.2129,0.4046,0.59885,0.77115,0.89982,0.97059,0.96078,0.86745,0.68454,0.40755
-0.010661,-0.41332,-0.45487,-0.38781,-0.27269,-0.11369,0.064606,0.1879,0.22484,0.33534,0.67814,1.204,1.757,2.1896,2.4093,2.3958,2.1911,1.8676,1.5081,1.199,1.0168,0.99618,1.1089,1.2851,1.4545,1.5757,1.634,1.6331,1.5804,1.4772,1.3157,1.0924,0.81271,0.49887,0.17839,-0.11979,-0.37067,-0.559,-0.67511,-0.72892,-0.73534,-0.71389,-0.6782,-0.6337,-0.58126,-0.52192,-0.45221,-0.37399,-0.29426,-0.22603,-0.20051,-0.25133,-0.40356,-0.65541,-0.95373,-1.1964,-1.2716,-1.1518,-0.92978,-0.73931,-0.64582,-0.64993,-0.69736,-0.71643,-0.65853,-0.52526,-0.35569,-0.18616,-0.029004,0.12588,0.29077,0.4655,0.63606,0.78175,0.88286,0.92196,0.89938,0.80303,0.6298,0.377
-0.070106,-0.42468,-0.43827,-0.35539,-0.22412,-0.042444,0.16591,0.31326,0.34675,0.42254,0.71877,1.1987,1.7112,2.1148,2.3249,2.3253,2.159,1.8969,1.6142,1.3811,1.2513,1.2437,1.3352,1.4772,1.6209,1.7316,1.7911,1.7913,1.7306,1.6052,1.4111,1.1503,0.84007,0.51375,0.21138,-0.038652,-0.22463,-0.35241,-0.43395,-0.48375,-0.51326,-0.52829,-0.52833,-0.50984,-0.47176,-0.4143,-0.34038,-0.25234,-0.15639,-0.074871,-0.03831,-0.08258,-0.23057,-0.47466,-0.76108,-0.98912,-1.0581,-0.94945,-0.75007,-0.57092,-0.48337,-0.48336,-0.52473,-0.54851,-0.51286,-0.41136,-0.26711,-0.10596,0.06101,0.23267,0.40535,0.56722,0.70269,0.79933,0.85078,0.85412,0.80734,0.71273,0.56668,0.36309
-0.1172,-0.43164,-0.42431,-0.33162,-0.19179,0.0022712,0.22896,0.39512,0.43396,0.49044,0.74998,1.1873,1.6597,2.0348,2.2337,2.2426,2.1035,1.884,1.6537,1.4716,1.3775,1.3808,1.4608,1.5816,1.7069,1.8065,1.8601,1.8532,1.7798,1.6359,1.4204,1.1403,0.82137,0.5025,0.22755,0.022841,-0.11205,-0.19543,-0.25341,-0.30205,-0.34877,-0.39175,-0.41931,-0.42304,-0.40113,-0.35324,-0.28268,-0.18958,-0.082623,0.014341,0.066813,0.03797,-0.092372,-0.31186,-0.57048,-0.77652,-0.84157,-0.74912,-0.57339,-0.41453,-0.33219,-0.3273,-0.36304,-0.39018,-0.37095,-0.29436,-0.17192,-0.025731,0.1325,0.29693,0.46066,0.61152,0.73405,0.81458,0.84539,0.82657,0.76532,0.6656,0.5324,0.36534
-0.18087,-0.43783,-0.40431,-0.30168,-0.15608,0.047333,0.29058,0.47883,0.53039,0.5705,0.78262,1.156,1.565,1.8932,2.0708,2.0872,1.9804,1.8115,1.6412,1.5168,1.4631,1.48,1.5494,1.6472,1.7491,1.8303,1.8675,1.8451,1.7529,1.5871,1.3509,1.0582,0.74257,0.45049,0.22719,0.090269,0.025353,-0.0029816,-0.026617,-0.066815,-0.12981,-0.20558,-0.2754,-0.3188,-0.32482,-0.29413,-0.22742,-0.12916,-0.0131,0.097632,0.16605,0.16053,0.067294,-0.09989,-0.29615,-0.44811,-0.49066,-0.41416,-0.27563,-0.15128,-0.088676,-0.090785,-0.12982,-0.1669,-0.17011,-0.12626,-0.040788,0.077385,0.2174,0.37083,0.52506,0.66225,0.76444,0.81983,0.82573,0.78454,0.71374,0.62284,0.51876,0.40279
-0.24207,-0.43893,-0.38225,-0.27421,-0.1288,0.074691,0.32316,0.52602,0.59184,0.62385,0.7933,1.0993,1.4369,1.7087,1.857,1.8751,1.796,1.6723,1.5535,1.474,1.4478,1.4709,1.5296,1.6073,1.6868,1.7471,1.7648,1.7245,1.6151,1.4331,1.1879,0.89967,0.60829,0.36382,0.2078,0.1458,0.14794,0.16765,0.16831,0.13121,0.054671,-0.044096,-0.14058,-0.20935,-0.23752,-0.22631,-0.17745,-0.09481,0.01265,0.12187,0.20238,0.22701,0.18472,0.087579,-0.025515,-0.10531,-0.11136,-0.042423,0.060207,0.14248,0.17641,0.16017,0.11362,0.06489,0.038953,0.049728,0.098677,0.18147,0.29228,0.42277,0.55963,0.68387,0.77502,0.81789,0.8081,0.75707,0.67597,0.58909,0.51487,0.46152
-0.28365,-0.43538,-0.36374,-0.25461,-0.11355,0.083556,0.32799,0.53393,0.60852,0.63803,0.77907,1.0356,1.3168,1.5412,1.6631,1.6792,1.6189,1.5266,1.4414,1.3877,1.3729,1.3928,1.4386,1.4999,1.5632,1.6084,1.6129,1.5596,1.439,1.2507,1.0077,0.736,0.47781,0.28239,0.18304,0.17753,0.22426,0.27375,0.28479,0.24459,0.15907,0.050359,-0.05018,-0.12177,-0.15926,-0.16466,-0.14005,-0.081687,0.0065171,0.10667,0.19025,0.23324,0.2292,0.19173,0.14894,0.13408,0.16687,0.23948,0.31967,0.37188,0.37985,0.34567,0.28717,0.22787,0.18817,0.17966,0.20313,0.26138,0.34809,0.45637,0.57385,0.68222,0.76159,0.79696,0.78343,0.72828,0.65147,0.57706,0.5276,0.5167
-0.32909,-0.4232,-0.33604,-0.22937,-0.099116,0.081322,0.30878,0.5063,0.58528,0.61238,0.72096,0.91493,1.1217,1.28,1.3628,1.3735,1.336,1.2813,1.2342,1.2063,1.1976,1.2045,1.2262,1.2623,1.3026,1.3265,1.3122,1.2422,1.1116,0.92838,0.70671,0.4784,0.2829,0.16236,0.13739,0.1942,0.28614,0.36124,0.38631,0.34967,0.26286,0.15327,0.054105,-0.015515,-0.056849,-0.080415,-0.087772,-0.071636,-0.026907,0.039038,0.11082,0.17409,0.22565,0.27343,0.33182,0.40727,0.4957,0.58014,0.63855,0.6536,0.62836,0.5714,0.49842,0.42644,0.37015,0.33896,0.3347,0.36061,0.41359,0.48819,0.57476,0.65866,0.72233,0.75051,0.73629,0.68545,0.61947,0.56296,0.54392,0.58395
-0.35331,-0.40728,-0.31267,-0.21057,-0.091941,0.070688,0.27647,0.4575,0.532,0.55617,0.64381,0.79466,0.94718,1.0566,1.1103,1.1164,1.0945,1.0649,1.0415,1.0273,1.0183,1.0119,1.0127,1.0257,1.0429,1.0453,1.0141,0.93398,0.80514,0.63932,0.45211,0.2727,0.13652,0.076043,0.10277,0.1955,0.30673,0.388,0.41345,0.37714,0.29501,0.19596,0.10932,0.050763,0.012611,-0.018538,-0.046314,-0.065516,-0.064054,-0.037999,0.010794,0.080074,0.16992,0.28016,0.41459,0.56059,0.69634,0.79646,0.8436,0.83643,0.78407,0.70729,0.62437,0.549,0.48903,0.44761,0.42811,0.42709,0.45033,0.49822,0.56316,0.62955,0.67884,0.69651,0.67783,0.63063,0.57425,0.53861,0.55137,0.63264
-0.3696,-0.37651,-0.27727,-0.18484,-0.085462,0.046746,0.21294,0.35823,0.41555,0.43302,0.49634,0.59441,0.67813,0.72555,0.74411,0.7478,0.74793,0.7495,0.75189,0.74952,0.73565,0.70964,0.67956,0.65322,0.62907,0.59305,0.53314,0.44526,0.33664,0.21632,0.10107,0.0071185,-0.040304,-0.022542,0.063471,0.18691,0.30401,0.37694,0.38484,0.3371,0.25749,0.18383,0.13956,0.12058,0.10409,0.065038,-0.00038832,-0.077192,-0.14577,-0.1792,-0.16454,-0.093381,0.038468,0.22915,0.45266,0.68049,0.87335,0.99848,1.0426,1.0146,0.93967,0.84303,0.74659,0.66445,0.60225,0.55845,0.52513,0.50593,0.49883,0.50535,0.52534,0.55379,0.58009,0.59132,0.5787,0.54261,0.50725,0.49338,0.53174,0.65057
-0.36593,-0.3344,-0.23627,-0.15747,-0.080345,0.015744,0.13222,0.22751,0.25597,0.26354,0.30577,0.35503,0.37321,0.3624,0.35084,0.35997,0.38822,0.42163,0.44671,0.45186,0.42845,0.37748,0.31176,0.24291,0.1711,0.08986,-0.0031414,-0.092805,-0.16563,-0.21531,-0.2385,-0.23393,-0.19018,-0.099956,0.027685,0.16414,0.27059,0.31872,0.30431,0.24206,0.1665,0.1117,0.10096,0.12263,0.13753,0.11466,0.037848,-0.085407,-0.22422,-0.34236,-0.38945,-0.3291,-0.15342,0.11119,0.42374,0.72327,0.95768,1.0948,1.1308,1.0877,0.99873,0.89703,0.80515,0.73301,0.67887,0.63381,0.59271,0.54645,0.5034,0.4736,0.46193,0.4634,0.46577,0.45727,0.434,0.40859,0.3842,0.39708,0.47525,0.63977
-0.34934,-0.29548,-0.20211,-0.1352,-0.076038,-0.009065,0.065816,0.11692,0.11821,0.11788,0.14582,0.16052,0.13074,0.077994,0.047991,0.066112,0.12037,0.18152,0.22483,0.23419,0.20161,0.13065,0.036038,-0.066903,-0.17837,-0.2967,-0.41225,-0.49715,-0.53437,-0.51789,-0.4655,-0.38359,-0.27498,-0.13794,0.011002,0.14548,0.23181,0.25177,0.21156,0.13464,0.058901,0.022602,0.039538,0.088856,0.12808,0.11665,0.039875,-0.10019,-0.2805,-0.44828,-0.54222,-0.50461,-0.31651,-0.0096293,0.35119,0.69228,0.95182,1.0963,1.1273,1.0753,0.98206,0.88347,0.8004,0.73897,0.69462,0.65697,0.61284,0.56208,0.50426,0.44565,0.39485,0.35853,0.33721,0.32446,0.3117,0.29281,0.29111,0.32087,0.41007,0.58596
-0.30871,-0.23419,-0.15229,-0.10311,-0.068699,-0.040889,-0.023009,-0.033844,-0.069615,-0.079475,-0.069221,-0.09977,-0.19165,-0.29891,-0.34984,-0.31273,-0.21738,-0.11587,-0.047163,-0.030799,-0.071971,-0.16491,-0.29629,-0.45193,-0.6242,-0.79876,-0.94284,-1.0157,-0.9895,-0.87443,-0.70861,-0.52361,-0.33634,-0.15443,0.0075069,0.12615,0.179,0.15934,0.078738,-0.029013,-0.1164,-0.1405,-0.087337,0.0077977,0.086782,0.10186,0.029246,-0.1295,-0.34914,-0.57362,-0.7187,-0.7077,-0.51366,-0.17643,0.22112,0.58984,0.86136,1.0034,1.0248,0.96598,0.8752,0.79093,0.73136,0.69584,0.67164,0.64247,0.59816,0.53145,0.44989,0.36531,0.28913,0.22769,0.18108,0.14592,0.1204,0.11218,0.12113,0.17371,0.29044,0.48737
-0.24853,-0.16321,-0.098481,-0.068575,-0.058801,-0.068025,-0.10395,-0.17237,-0.23892,-0.25465,-0.26145,-0.33604,-0.48842,-0.64692,-0.71318,-0.65103,-0.51105,-0.36949,-0.2766,-0.25221,-0.29761,-0.40448,-0.56215,-0.76472,-0.99485,-1.2262,-1.4026,-1.4614,-1.3684,-1.1566,-0.88433,-0.61136,-0.36129,-0.14933,0.017111,0.11558,0.13725,0.081422,-0.030309,-0.1623,-0.26635,-0.29533,-0.23511,-0.11654,-0.0019671,0.053603,0.015079,-0.1291,-0.35927,-0.61824,-0.80864,-0.83381,-0.65627,-0.32146,0.076848,0.43834,0.69282,0.81329,0.81738,0.75251,0.67362,0.61624,0.59066,0.58754,0.58846,0.57537,0.53573,0.46962,0.37977,0.27527,0.1689,0.074607,0.0029535,-0.04262,-0.064689,-0.066,-0.039241,0.025335,0.14575,0.33957
-0.19253,-0.1049,-0.055903,-0.041067,-0.049065,-0.08349,-0.15473,-0.25834,-0.33921,-0.35572,-0.37471,-0.4823,-0.67845,-0.87227,-0.9483,-0.86725,-0.69518,-0.52549,-0.41653,-0.38738,-0.43488,-0.54819,-0.71799,-0.93941,-1.2001,-1.4635,-1.6576,-1.7052,-1.5711,-1.3008,-0.976,-0.65767,-0.37795,-0.14516,0.028125,0.12521,0.13417,0.059409,-0.075012,-0.22795,-0.35024,-0.38971,-0.33113,-0.20358,-0.066082,0.018027,0.0097999,-0.10882,-0.32637,-0.58696,-0.79498,-0.85002,-0.70654,-0.40291,-0.034512,0.29998,0.52826,0.62363,0.60852,0.53988,0.47148,0.4389,0.44489,0.4705,0.49062,0.48622,0.45245,0.38481,0.29369,0.18918,0.081674,-0.01842,-0.10152,-0.16052,-0.19153,-0.18951,-0.15906,-0.086646,0.038152,0.22404
-0.10744,-0.022815,0.0030807,-0.0024172,-0.03251,-0.095979,-0.2042,-0.3383,-0.42403,-0.43622,-0.47391,-0.62402,-0.87317,-1.1105,-1.1992,-1.0975,-0.88881,-0.68554,-0.55511,-0.5171,-0.56466,-0.6836,-0.86383,-1.0988,-1.3798,-1.6636,-1.8707,-1.9086,-1.7432,-1.4254,-1.0517,-0.69185,-0.38086,-0.12807,0.052564,0.15298,0.16005,0.080307,-0.066182,-0.24061,-0.38847,-0.45992,-0.41989,-0.28714,-0.12516,0.002771,0.042514,-0.032443,-0.21571,-0.46165,-0.67779,-0.76534,-0.67622,-0.44233,-0.14983,0.10673,0.26413,0.30628,0.26427,0.19499,0.15486,0.16296,0.20833,0.2643,0.30574,0.31848,0.29683,0.25053,0.17933,0.085468,-0.023609,-0.13359,-0.22769,-0.29341,-0.32555,-0.32432,-0.28794,-0.21333,-0.095421,0.068306
-0.038906,0.040338,0.048326,0.027456,-0.017528,-0.098697,-0.22594,-0.36944,-0.44668,-0.45286,-0.50556,-0.68658,-0.97118,-1.2374,-1.3372,-1.2262,-0.99715,-0.7726,-0.62578,-0.57829,-0.62287,-0.74356,-0.92838,-1.1691,-1.4529,-1.7351,-1.9378,-1.9691,-1.7964,-1.4677,-1.0737,-0.69512,-0.36773,-0.1094,0.074599,0.17414,0.18624,0.11518,-0.02154,-0.19199,-0.35004,-0.43925,-0.4202,-0.29831,-0.12798,0.02333,0.097153,0.05993,-0.088247,-0.31037,-0.52307,-0.63486,-0.59725,-0.4345,-0.21869,-0.036968,0.053566,0.043824,-0.026934,-0.095945,-0.1145,-0.071444,0.0091728,0.091124,0.14624,0.16422,0.15212,0.11607,0.063118,-0.0067105,-0.093399,-0.19037,-0.28311,-0.35424,-0.391,-0.39013,-0.35144,-0.2792,-0.17709,-0.047075
0.054631,0.12394,0.10806,0.067795,0.0053654,-0.094023,-0.23576,-0.37528,-0.42828,-0.4241,-0.49782,-0.71799,-1.044,-1.343,-1.4595,-1.3456,-1.0995,-0.85327,-0.68714,-0.62621,-0.66368,-0.78175,-0.966,-1.2071,-1.4816,-1.7434,-1.9168,-1.9305,-1.759,-1.4452,-1.0665,-0.69282,-0.36519,-0.10157,0.090454,0.20545,0.23931,0.19463,0.082231,-0.071841,-0.2285,-0.33137,-0.33592,-0.23407,-0.064604,0.10301,0.21169,0.2215,0.12006,-0.060728,-0.26107,-0.40568,-0.44676,-0.39118,-0.29779,-0.23051,-0.23594,-0.31502,-0.42033,-0.48359,-0.468,-0.3819,-0.26618,-0.16443,-0.10089,-0.074906,-0.072268,-0.077247,-0.09173,-0.12531,-0.18314,-0.25891,-0.33736,-0.40155,-0.43873,-0.44198,-0.41269,-0.35297,-0.26933,-0.17307
0.14536,0.20406,0.1654,0.10734,0.03033,-0.081696,-0.22917,-0.35202,-0.37228,-0.35688,-0.4528,-0.70941,-1.0703,-1.3975,-1.5316,-1.4227,-1.1689,-0.90782,-0.72636,-0.65378,-0.68331,-0.79444,-0.96912,-1.1943,-1.4428,-1.6673,-1.801,-1.7935,-1.6343,-1.3593,-1.0271,-0.68568,-0.3747,-0.1131,0.084913,0.21783,0.28064,0.27428,0.20363,0.082886,-0.053644,-0.16006,-0.17779,-0.087261,0.075411,0.24922,0.37025,0.40072,0.33059,0.17751,-0.0068159,-0.16512,-0.26238,-0.30448,-0.3305,-0.39287,-0.51604,-0.67698,-0.81185,-0.86039,-0.80055,-0.66864,-0.52293,-0.40978,-0.34695,-0.32309,-0.31027,-0.29098,-0.26705,-0.25486,-0.26944,-0.31231,-0.3703,-0.4234,-0.45525,-0.45748,-0.43308,-0.39118,-0.34175,-0.29581
0.20806,0.26001,0.20558,0.13573,0.049698,-0.069295,-0.21647,-0.32373,-0.31942,-0.29742,-0.41122,-0.69359,-1.0767,-1.4212,-1.5687,-1.4672,-1.2124,-0.94338,-0.75139,-0.66903,-0.69048,-0.79391,-0.95807,-1.1641,-1.3846,-1.5722,-1.6716,-1.6493,-1.504,-1.2679,-0.97865,-0.67202,-0.38184,-0.13203,0.064005,0.19978,0.27872,0.30181,0.27235,0.19559,0.092277,0.0036361,-0.018507,0.054825,0.20123,0.36644,0.49056,0.53295,0.4806,0.34595,0.16965,-0.0023735,-0.14223,-0.25202,-0.36314,-0.50847,-0.6981,-0.89985,-1.0466,-1.0793,-0.99199,-0.83644,-0.67974,-0.57035,-0.52026,-0.50609,-0.49132,-0.4528,-0.39713,-0.3513,-0.33691,-0.35697,-0.3983,-0.44116,-0.46828,-0.47208,-0.45028,-0.41142,-0.37124,-0.35097
0.28034,0.32638,0.25442,0.17135,0.075506,-0.049813,-0.19401,-0.28164,-0.251,-0.22686,-0.36644,-0.68148,-1.0886,-1.4498,-1.6135,-1.5266,-1.2777,-1.0024,-0.79428,-0.69129,-0.69323,-0.77997,-0.92608,-1.1034,-1.2788,-1.4083,-1.4582,-1.4176,-1.301,-1.1254,-0.90378,-0.65661,-0.40629,-0.18274,0.00035383,0.13798,0.23684,0.30014,0.32333,0.30721,0.25777,0.21051,0.20201,0.2607,0.38044,0.51569,0.62279,0.66598,0.62805,0.51702,0.35515,0.17419,-0.0040783,-0.18251,-0.37692,-0.60932,-0.87503,-1.1235,-1.2759,-1.2811,-1.162,-0.98701,-0.82891,-0.73017,-0.69407,-0.6909,-0.67782,-0.62927,-0.55497,-0.4826,-0.43743,-0.42803,-0.4451,-0.46978,-0.48491,-0.48093,-0.46063,-0.43773,-0.42783,-0.44828
0.3235,0.36853,0.28667,0.19616,0.09461,-0.033992,-0.17623,-0.25319,-0.2113,-0.19269,-0.35226,-0.68826,-1.1081,-1.4765,-1.6505,-1.5787,-1.3416,-1.0661,-0.84445,-0.71978,-0.69878,-0.76552,-0.89273,-1.0458,-1.1854,-1.2707,-1.2821,-1.2271,-1.1313,-1.0004,-0.83659,-0.64239,-0.43665,-0.24413,-0.081332,0.058546,0.17626,0.27119,0.33266,0.35472,0.34607,0.32709,0.33696,0.39741,0.49805,0.60853,0.6901,0.71898,0.6851,0.59003,0.44932,0.27864,0.08756,-0.12363,-0.36819,-0.65172,-0.95241,-1.2095,-1.3475,-1.3331,-1.197,-1.0184,-0.86912,-0.78768,-0.77158,-0.78383,-0.77788,-0.72821,-0.64506,-0.56158,-0.50589,-0.48679,-0.49509,-0.51246,-0.5211,-0.513,-0.49032,-0.46392,-0.4545,-0.48761
0.3635,0.41299,0.32305,0.22582,0.11882,-0.013166,-0.15466,-0.22586,-0.18307,-0.18101,-0.36828,-0.72582,-1.1539,-1.524,-1.7106,-1.6658,-1.4527,-1.1817,-0.94177,-0.78289,-0.72192,-0.75042,-0.84158,-0.95705,-1.0493,-1.0835,-1.0523,-0.9823,-0.90226,-0.8206,-0.72303,-0.5984,-0.45999,-0.32659,-0.20607,-0.090278,0.032264,0.15819,0.2737,0.36132,0.41666,0.44769,0.47676,0.52221,0.5856,0.65227,0.70367,0.72317,0.6999,0.63229,0.51975,0.36689,0.17692,-0.052744,-0.324,-0.62983,-0.93693,-1.1804,-1.2939,-1.259,-1.1249,-0.96564,-0.84239,-0.78338,-0.78222,-0.80544,-0.8103,-0.77683,-0.7122,-0.64207,-0.59096,-0.56903,-0.56976,-0.57664,-0.57382,-0.55252,-0.52427,-0.50302,-0.50877,-0.56287
0.38143,0.44231,0.35119,0.25074,0.14095,0.0064902,-0.13742,-0.21417,-0.18662,-0.21019,-0.42274,-0.79253,-1.2163,-1.5799,-1.7798,-1.769,-1.5888,-1.3287,-1.0731,-0.87893,-0.77267,-0.75332,-0.79667,-0.86284,-0.90383,-0.89114,-0.83005,-0.75321,-0.6911,-0.65055,-0.60666,-0.54299,-0.46366,-0.38909,-0.32187,-0.25031,-0.14689,-0.0073543,0.15056,0.29942,0.41612,0.49779,0.54798,0.57769,0.59786,0.61205,0.62136,0.62558,0.61984,0.592,0.53047,0.42283,0.26157,0.045912,-0.21906,-0.51393,-0.79621,-1.0053,-1.0921,-1.0549,-0.9401,-0.81091,-0.71684,-0.6797,-0.69147,-0.72191,-0.73738,-0.72405,-0.69054,-0.65817,-0.64248,-0.64517,-0.65608,-0.66038,-0.64675,-0.61472,-0.57221,-0.54262,-0.54957,-0.61537
0.3795,0.45375,0.36597,0.26644,0.15651,0.020905,-0.12678,-0.21445,-0.20656,-0.25246,-0.4801,-0.85152,-1.2649,-1.6188,-1.8295,-1.8499,-1.7024,-1.4578,-1.1955,-0.97631,-0.83406,-0.7746,-0.77703,-0.8001,-0.79976,-0.75238,-0.67193,-0.59268,-0.54659,-0.53089,-0.52002,-0.4931,-0.45218,-0.41715,-0.39268,-0.35472,-0.27185,-0.13377,0.043579,0.22516,0.38211,0.49021,0.54492,0.55458,0.53544,0.51039,0.49521,0.49812,0.51447,0.52714,0.51085,0.4445,0.31762,0.13122,-0.10589,-0.36809,-0.61314,-0.78872,-0.8588,-0.82976,-0.74131,-0.64536,-0.5791,-0.55693,-0.57135,-0.6008,-0.62412,-0.63276,-0.63184,-0.63424,-0.64908,-0.67568,-0.70346,-0.71714,-0.70517,-0.66692,-0.61899,-0.58276,-0.58451,-0.64805
0.35589,0.45423,0.3774,0.28322,0.17616,0.041029,-0.11302,-0.22114,-0.24678,-0.32131,-0.56063,-0.92295,-1.3119,-1.6479,-1.8723,-1.9422,-1.8532,-1.6461,-1.3867,-1.1393,-0.94858,-0.83142,-0.77396,-0.73803,-0.6855,-0.59896,-0.49542,-0.4131,-0.37588,-0.37719,-0.3898,-0.39247,-0.39288,-0.4058,-0.43435,-0.44809,-0.40991,-0.29586,-0.11679,0.0946,0.29527,0.43876,0.49759,0.47054,0.38746,0.29752,0.24293,0.24709,0.30677,0.3878,0.44929,0.45789,0.39812,0.26908,0.091318,-0.10961,-0.29591,-0.42925,-0.48927,-0.48213,-0.44198,-0.39497,-0.36077,-0.34785,-0.35552,-0.37811,-0.40799,-0.44852,-0.50028,-0.56354,-0.63406,-0.70211,-0.75418,-0.77709,-0.76416,-0.72182,-0.66348,-0.62049,-0.62092,-0.68701
0.30835,0.43823,0.37926,0.29544,0.19496,0.06278,-0.096646,-0.22664,-0.28568,-0.38354,-0.62347,-0.96496,-1.3213,-1.6351,-1.8737,-2.0008,-1.9871,-1.8382,-1.5995,-1.3348,-1.0996,-0.92272,-0.80088,-0.70604,-0.60578,-0.48829,-0.37154,-0.28629,-0.24892,-0.24979,-0.25993,-0.2661,-0.27922,-0.32094,-0.39317,-0.4704,-0.49717,-0.42958,-0.26126,-0.027931,0.20448,0.36983,0.4156,0.33523,0.17664,0.010137,-0.087168,-0.072443,0.042754,0.21486,0.37425,0.47099,0.48576,0.4285,0.31323,0.17417,0.04432,-0.051093,-0.10401,-0.12453,-0.12489,-0.12107,-0.11885,-0.11918,-0.12406,-0.14042,-0.18068,-0.24611,-0.34032,-0.45538,-0.57701,-0.68821,-0.77232,-0.81582,-0.81265,-0.76903,-0.70908,-0.66011,-0.65211,-0.7099
0.25758,0.41558,0.37436,0.30155,0.2087,0.080973,-0.080199,-0.22336,-0.30218,-0.41143,-0.64583,-0.96615,-1.2951,-1.5916,-1.8404,-2.0124,-2.0627,-1.9705,-1.762,-1.4964,-1.235,-1.0173,-0.84977,-0.71305,-0.57902,-0.43981,-0.31279,-0.22234,-0.18007,-0.17244,-0.17147,-0.1676,-0.17402,-0.22036,-0.31425,-0.43274,-0.50934,-0.48453,-0.33271,-0.094404,0.15067,0.31656,0.33854,0.21198,-0.0064312,-0.22432,-0.34577,-0.32029,-0.1586,0.073965,0.29887,0.46164,0.54103,0.53988,0.48345,0.39565,0.30236,0.22273,0.16385,0.12112,0.091583,0.072664,0.063228,0.059776,0.053583,0.031527,-0.017678,-0.10671,-0.22911,-0.37436,-0.52657,-0.66606,-0.77214,-0.82852,-0.8301,-0.78798,-0.72485,-0.67626,-0.67182,-0.73232
0.17195,0.37168,0.3597,0.30562,0.22647,0.10887,-0.049236,-0.19975,-0.29317,-0.4084,-0.62995,-0.92109,-1.2145,-1.4885,-1.7482,-1.9752,-2.1132,-2.1118,-1.9668,-1.7223,-1.4434,-1.1825,-0.96079,-0.7704,-0.59333,-0.4258,-0.28059,-0.17782,-0.12018,-0.089253,-0.063467,-0.035416,-0.026238,-0.065381,-0.17102,-0.31779,-0.44633,-0.47985,-0.37825,-0.16463,0.080089,0.2442,0.24889,0.075394,-0.21918,-0.51167,-0.68136,-0.65046,-0.42857,-0.10733,0.21263,0.46026,0.61107,0.67518,0.67703,0.64332,0.59371,0.5369,0.47442,0.40989,0.34791,0.30022,0.27429,0.26741,0.26395,0.23997,0.17322,0.059471,-0.09707,-0.27907,-0.46482,-0.63263,-0.76261,-0.83866,-0.85369,-0.81886,-0.75633,-0.7022,-0.69067,-0.74697
0.095383,0.32899,0.34267,0.30588,0.23965,0.13244,-0.017493,-0.1641,-0.25792,-0.37144,-0.58211,-0.85358,-1.1241,-1.3824,-1.6465,-1.9077,-2.1087,-2.1837,-2.1036,-1.894,-1.6162,-1.3308,-1.0714,-0.842,-0.63492,-0.44914,-0.29289,-0.17915,-0.10326,-0.04572,0.008678,0.061439,0.086976,0.05605,-0.051631,-0.21501,-0.37689,-0.45208,-0.38573,-0.18748,0.055536,0.22126,0.21093,-0.0016054,-0.34916,-0.69802,-0.89737,-0.85501,-0.59274,-0.21206,0.16365,0.45782,0.64838,0.75158,0.7872,0.78441,0.75854,0.71415,0.65216,0.57751,0.50536,0.44955,0.41893,0.40842,0.39795,0.36068,0.27946,0.14226,-0.0365,-0.23712,-0.43842,-0.61971,-0.76104,-0.84612,-0.86865,-0.83557,-0.7784,-0.72983,-0.72082,-0.77401
-0.020346,0.26036,0.31264,0.30216,0.25666,0.16808,0.036838,-0.091676,-0.1735,-0.27965,-0.47986,-0.73202,-0.97853,-1.2181,-1.4823,-1.7777,-2.0538,-2.2318,-2.2531,-2.1117,-1.8535,-1.5453,-1.2399,-0.96112,-0.71833,-0.51283,-0.3479,-0.21854,-0.11185,-0.012615,0.086476,0.17273,0.22077,0.19857,0.08937,-0.094038,-0.28917,-0.40462,-0.36897,-0.18533,0.052247,0.21381,0.18639,-0.058685,-0.44948,-0.84081,-1.0636,-1.0175,-0.72458,-0.30734,0.10697,0.44138,0.6734,0.81218,0.88568,0.91313,0.90638,0.86992,0.80791,0.73184,0.65632,0.59855,0.56543,0.54913,0.52798,0.47507,0.3682,0.2106,0.010825,-0.21239,-0.43767,-0.64238,-0.80322,-0.90019,-0.92516,-0.89469,-0.83035,-0.77347,-0.75952,-0.81246
-0.14747,0.18031,0.27474,0.29399,0.27256,0.20736,0.10367,0.0055572,-0.054367,-0.1536,-0.35047,-0.59312,-0.82265,-1.0441,-1.3021,-1.6175,-1.9513,-2.2214,-2.3463,-2.2878,-2.0691,-1.756,-1.4175,-1.0985,-0.82471,-0.60029,-0.42248,-0.27175,-0.13251,0.0051666,0.13775,0.24477,0.30161,0.28103,0.1693,-0.019895,-0.22653,-0.36081,-0.34594,-0.18117,0.049044,0.2066,0.18218,-0.058118,-0.45114,-0.84791,-1.082,-1.0434,-0.75055,-0.3249,0.10054,0.44308,0.67993,0.82858,0.90933,0.94669,0.95188,0.92709,0.87504,0.80567,0.73996,0.69261,0.66769,0.65209,0.61912,0.54094,0.40455,0.21129,-0.019595,-0.26648,-0.509,-0.72634,-0.89581,-0.99761,-1.0245,-0.98697,-0.91998,-0.86068,-0.84086,-0.88244
-0.2471,0.11443,0.24135,0.28467,0.28341,0.2387,0.15982,0.089186,0.047532,-0.049776,-0.25036,-0.49144,-0.71171,-0.91903,-1.168,-1.4887,-1.8516,-2.1775,-2.3744,-2.3811,-2.2012,-1.8959,-1.5433,-1.2034,-0.91036,-0.6718,-0.47758,-0.30727,-0.14476,0.013875,0.15616,0.26487,0.3173,0.29394,0.17941,-0.010744,-0.22285,-0.36551,-0.35915,-0.19625,0.038963,0.20831,0.19786,-0.027859,-0.40366,-0.7848,-1.0064,-0.96605,-0.68581,-0.28185,0.11815,0.439,0.66228,0.8023,0.88388,0.92732,0.93994,0.92197,0.87693,0.82023,0.76586,0.72925,0.71109,0.69475,0.65182,0.55541,0.39303,0.17581,-0.077039,-0.34327,-0.60345,-0.83769,-1.022,-1.1322,-1.1567,-1.1104,-1.0259,-0.94688,-0.91146,-0.944
-0.38139,0.020741,0.19114,0.26803,0.29554,0.2813,0.23855,0.20613,0.18423,0.081778,-0.13135,-0.37602,-0.58607,-0.77445,-1.0066,-1.3221,-1.7042,-2.0813,-2.3566,-2.4468,-2.3254,-2.04,-1.678,-1.319,-1.0049,-0.7484,-0.53408,-0.3418,-0.15884,0.011489,0.1521,0.24767,0.28206,0.24119,0.1137,-0.084488,-0.30003,-0.43979,-0.42593,-0.2488,0.0026153,0.19588,0.21541,0.029064,-0.2959,-0.6267,-0.81445,-0.77446,-0.52824,-0.17741,0.16961,0.44729,0.6382,0.75498,0.82163,0.85412,0.86154,0.84762,0.8175,0.77873,0.75088,0.74031,0.74015,0.72772,0.67155,0.54588,0.34707,0.085138,-0.21075,-0.51508,-0.80749,-1.0665,-1.2645,-1.3745,-1.3861,-1.318,-1.207,-1.1043,-1.0483,-1.0618
-0.51338,-0.078054,0.13518,0.24626,0.3039,0.3219,0.31632,0.31836,0.30581,0.18499,-0.049564,-0.3008,-0.50086,-0.67004,-0.87984,-1.1797,-1.5594,-1.9562,-2.2794,-2.4373,-2.3777,-2.1239,-1.7619,-1.386,-1.0523,-0.77813,-0.55068,-0.35127,-0.16853,-0.0084149,0.11285,0.17868,0.17761,0.10048,-0.052717,-0.26227,-0.46819,-0.58558,-0.54264,-0.34295,-0.069532,0.14689,0.20577,0.079504,-0.17455,-0.43295,-0.57446,-0.53124,-0.32169,-0.031238,0.24874,0.46311,0.60095,0.67923,0.72181,0.74765,0.76137,0.75951,0.74219,0.72159,0.70945,0.71377,0.72539,0.71703,0.65285,0.50513,0.26662,-0.039207,-0.38241,-0.73378,-1.0692,-1.3631,-1.5831,-1.6983,-1.6963,-1.5945,-1.4487,-1.3094,-1.2192,-1.2034
-0.60862,-0.15411,0.089781,0.22615,0.3069,0.34914,0.37093,0.39334,0.37808,0.23315,-0.023036,-0.27972,-0.4702,-0.62179,-0.81114,-1.093,-1.4581,-1.8503,-2.1877,-2.3807,-2.3639,-2.1403,-1.7859,-1.4005,-1.0524,-0.76719,-0.53689,-0.34188,-0.17149,-0.034453,0.056381,0.085531,0.048156,-0.059965,-0.23276,-0.44908,-0.64634,-0.74228,-0.67225,-0.44575,-0.14895,0.096541,0.19216,0.11175,-0.087323,-0.29616,-0.40309,-0.35227,-0.16629,0.080095,0.30843,0.47587,0.57757,0.63015,0.65843,0.67566,0.68451,0.68218,0.67003,0.65619,0.65695,0.67691,0.70224,0.70099,0.63348,0.46967,0.20532,-0.13886,-0.52699,-0.92491,-1.3034,-1.6305,-1.8667,-1.9764,-1.9503,-1.8219,-1.6387,-1.4684,-1.3546,-1.3199
-0.72798,-0.25704,0.025083,0.19399,0.30516,0.37963,0.43497,0.47671,0.44198,0.2512,-0.041398,-0.30526,-0.47577,-0.59523,-0.75086,-0.99896,-1.3326,-1.7018,-2.0359,-2.2548,-2.2853,-2.1042,-1.7664,-1.3735,-1.0094,-0.71277,-0.48311,-0.3045,-0.16923,-0.085533,-0.061379,-0.098976,-0.19393,-0.33999,-0.53212,-0.7451,-0.92251,-0.98309,-0.87405,-0.6085,-0.27483,0.011459,0.15712,0.13761,0.006056,-0.14075,-0.20823,-0.1523,0.0052691,0.20215,0.37544,0.49239,0.55321,0.57728,0.58783,0.59801,0.60786,0.60953,0.59948,0.58732,0.5887,0.61153,0.64364,0.65019,0.58497,0.41092,0.1155,-0.27352,-0.71773,-1.1752,-1.6078,-1.9754,-2.2327,-2.3417,-2.2952,-2.1289,-1.9086,-1.6993,-1.5487,-1.4821
-0.81076,-0.33434,-0.026186,0.16603,0.29933,0.39729,0.4752,0.5245,0.46487,0.2303,-0.093544,-0.36034,-0.51053,-0.59894,-0.72394,-0.9421,-1.2474,-1.5923,-1.9138,-2.1396,-2.1955,-2.0421,-1.7178,-1.321,-0.94848,-0.64615,-0.42028,-0.26303,-0.17036,-0.14224,-0.18179,-0.27471,-0.4116,-0.58111,-0.7825,-0.98626,-1.1411,-1.1683,-1.0242,-0.72734,-0.36507,-0.052167,0.12506,0.14367,0.053217,-0.055367,-0.099742,-0.042613,0.097686,0.26438,0.40614,0.49604,0.53673,0.54861,0.5547,0.56533,0.57597,0.57449,0.5567,0.53487,0.529,0.55197,0.5914,0.60815,0.54934,0.37114,0.062293,-0.35942,-0.84742,-1.3493,-1.8169,-2.2047,-2.4675,-2.57,-2.5086,-2.321,-2.0793,-1.8497,-1.6789,-1.5912
-0.91144,-0.43631,-0.097567,0.12375,0.28543,0.41355,0.5185,0.56969,0.46663,0.16451,-0.20286,-0.46786,-0.58305,-0.62418,-0.70548,-0.88486,-1.1527,-1.4613,-1.7563,-1.9757,-2.0465,-1.9162,-1.6078,-1.2144,-0.8395,-0.53839,-0.32962,-0.21404,-0.18895,-0.24644,-0.36914,-0.53127,-0.71271,-0.90719,-1.1107,-1.3027,-1.4218,-1.3988,-1.1957,-0.84989,-0.45422,-0.11416,0.089995,0.1415,0.088919,0.011913,-0.012706,0.04592,0.16596,0.30541,0.41603,0.48014,0.50687,0.51887,0.53008,0.54791,0.56165,0.55528,0.52382,0.48204,0.45838,0.46946,0.50637,0.52915,0.4803,0.30948,-0.0067831,-0.44371,-0.95793,-1.494,-1.9956,-2.406,-2.6711,-2.758,-2.6749,-2.4756,-2.2221,-1.9873,-1.8134,-1.7203
-1.0009,-0.5359,-0.17126,0.076294,0.26468,0.42181,0.55043,0.59769,0.44316,0.069743,-0.33821,-0.59245,-0.66253,-0.65454,-0.69618,-0.84464,-1.0815,-1.3559,-1.619,-1.8182,-1.8837,-1.7597,-1.4615,-1.0788,-0.71025,-0.42026,-0.23837,-0.17173,-0.21855,-0.36402,-0.57056,-0.79719,-1.0099,-1.2047,-1.3856,-1.5392,-1.6116,-1.5385,-1.2963,-0.92393,-0.50882,-0.15207,0.074484,0.15227,0.12087,0.058196,0.028405,0.064312,0.15841,0.26885,0.36399,0.42772,0.4653,0.49167,0.52232,0.5532,0.56864,0.55104,0.49797,0.42988,0.38031,0.37582,0.41087,0.44348,0.40988,0.25239,-0.05128,-0.49199,-1.0138,-1.5485,-2.0315,-2.4109,-2.6496,-2.7292,-2.6586,-2.4768,-2.2534,-2.0375,-1.8719,-1.7824
-1.0611,-0.60822,-0.22754,0.037938,0.24515,0.4228,0.56815,0.61042,0.41674,-0.0088805,-0.44191,-0.6807,-0.71229,-0.66759,-0.6847,-0.81799,-1.0396,-1.295,-1.5374,-1.7183,-1.7715,-1.6424,-1.3455,-0.96903,-0.60862,-0.33066,-0.16889,-0.13786,-0.23813,-0.44657,-0.71322,-0.97831,-1.1997,-1.3755,-1.5258,-1.6409,-1.6787,-1.5747,-1.3126,-0.92713,-0.50308,-0.13984,0.091096,0.17022,0.13763,0.067429,0.025964,0.045898,0.1194,0.21569,0.3032,0.36756,0.41334,0.45625,0.50015,0.54232,0.56437,0.54563,0.48206,0.3963,0.32768,0.30586,0.33107,0.36493,0.34414,0.20843,-0.074471,-0.48681,-0.98248,-1.4952,-1.9566,-2.3084,-2.514,-2.5677,-2.4951,-2.3446,-2.1587,-1.9893,-1.8659,-1.8044
-1.1337,-0.70075,-0.30242,-0.015882,0.21439,0.41788,0.58449,0.62249,0.38261,-0.10364,-0.56088,-0.77091,-0.749,-0.65977,-0.65371,-0.77901,-0.99505,-1.2388,-1.4621,-1.6193,-1.649,-1.5021,-1.1986,-0.82578,-0.47717,-0.21663,-0.07945,-0.091465,-0.25349,-0.53009,-0.85271,-1.1389,-1.3464,-1.4883,-1.5968,-1.6761,-1.6764,-1.541,-1.2496,-0.84819,-0.42345,-0.065128,0.15563,0.22148,0.17346,0.078816,0.0072326,-0.0058443,0.034434,0.10554,0.17857,0.24402,0.30783,0.37675,0.45068,0.51435,0.54292,0.51706,0.43841,0.33461,0.24626,0.20917,0.22703,0.26437,0.25885,0.14922,-0.093127,-0.4624,-0.90351,-1.3443,-1.7186,-1.9856,-2.1352,-2.1793,-2.1412,-2.0503,-1.9427,-1.8414,-1.7715,-1.7531
-1.1835,-0.76668,-0.35739,-0.057114,0.18836,0.40966,0.59215,0.63023,0.36453,-0.15517,-0.62065,-0.8048,-0.74484,-0.62948,-0.61589,-0.74617,-0.97004,-1.2159,-1.4315,-1.5717,-1.5786,-1.4113,-1.0974,-0.72602,-0.3852,-0.13785,-0.020126,-0.059329,-0.25411,-0.56108,-0.89997,-1.1792,-1.3616,-1.4716,-1.5505,-1.6051,-1.5852,-1.4364,-1.1386,-0.73962,-0.32256,0.022811,0.22956,0.28133,0.21557,0.10076,-0.00025289,-0.050973,-0.044976,-0.0032632,0.058606,0.1299,0.20876,0.29604,0.38576,0.46024,0.4957,0.47304,0.39329,0.2835,0.18793,0.14101,0.14974,0.18416,0.18796,0.10381,-0.10134,-0.41279,-0.78725,-1.1606,-1.4715,-1.682,-1.7877,-1.8115,-1.7866,-1.741,-1.6953,-1.6658,-1.6612,-1.6898
-1.246,-0.84904,-0.42795,-0.11225,0.15072,0.39323,0.59695,0.64154,0.35749,-0.18588,-0.64705,-0.7941,-0.69178,-0.5545,-0.54601,-0.6986,-0.94861,-1.2119,-1.4275,-1.5479,-1.5219,-1.3224,-0.98846,-0.61326,-0.27912,-0.04696,0.046965,-0.015988,-0.22777,-0.54221,-0.86573,-1.1124,-1.2504,-1.315,-1.3589,-1.3874,-1.358,-1.2069,-0.9206,-0.53563,-0.13458,0.18946,0.36979,0.38949,0.2877,0.13435,-0.0063505,-0.098265,-0.13736,-0.133,-0.099898,-0.042188,0.040823,0.14497,0.25637,0.35015,0.39837,0.38299,0.30808,0.20106,0.10505,0.054377,0.057153,0.088635,0.10063,0.044037,-0.10443,-0.33985,-0.61687,-0.87897,-1.0802,-1.203,-1.2594,-1.2776,-1.2851,-1.2991,-1.3324,-1.3821,-1.4492,-1.5401
-1.3054,-0.92476,-0.4939,-0.16641,0.11046,0.37101,0.5955,0.65369,0.37022,-0.1726,-0.61214,-0.72041,-0.58752,-0.44464,-0.45532,-0.64511,-0.93809,-1.2352,-1.4632,-1.5713,-1.5169,-1.2867,-0.93021,-0.54082,-0.20368,0.026283,0.11549,0.051661,-0.15119,-0.44062,-0.7204,-0.91331,-1.0045,-1.038,-1.0655,-1.0895,-1.0593,-0.9127,-0.63094,-0.25879,0.11891,0.40998,0.55122,0.53124,0.39094,0.19944,0.017258,-0.12143,-0.20849,-0.25116,-0.25554,-0.22182,-0.14864,-0.041886,0.08027,0.19127,0.26026,0.26625,0.21082,0.12117,0.03501,-0.015924,-0.021304,0.0022937,0.019044,-0.0084531,-0.10017,-0.24662,-0.41653,-0.56989,-0.67663,-0.72965,-0.74571,-0.75407,-0.78178,-0.8448,-0.93953,-1.0637,-1.2093,-1.3727
-1.349,-0.97686,-0.54006,-0.20561,0.079133,0.35066,0.58921,0.6612,0.38864,-0.13996,-0.55452,-0.63436,-0.48577,-0.34663,-0.37887,-0.60285,-0.93535,-1.266,-1.5103,-1.6138,-1.5412,-1.2914,-0.92079,-0.51951,-0.17417,0.065507,0.16743,0.12028,-0.062393,-0.31789,-0.55587,-0.70302,-0.75818,-0.77427,-0.79822,-0.82642,-0.79863,-0.65612,-0.37996,-0.021683,0.33393,0.59677,0.70673,0.65507,0.48433,0.26471,0.052595,-0.11993,-0.24185,-0.32271,-0.35796,-0.34521,-0.28511,-0.1851,-0.062252,0.053413,0.13311,0.15699,0.12495,0.057848,-0.0095593,-0.051596,-0.058836,-0.042027,-0.026176,-0.037637,-0.089568,-0.17407,-0.26752,-0.34204,-0.38132,-0.38928,-0.38683,-0.40031,-0.44977,-0.5437,-0.68068,-0.84559,-1.0269,-1.2209
-1.4071,-1.0404,-0.59657,-0.25574,0.036076,0.31848,0.57247,0.66404,0.41539,-0.081118,-0.4558,-0.50075,-0.33859,-0.21099,-0.27659,-0.54925,-0.93756,-1.3168,-1.5873,-1.6892,-1.5975,-1.3285,-0.94639,-0.53759,-0.17886,0.083158,0.21939,0.21584,0.086562,-0.10572,-0.28008,-0.37311,-0.38894,-0.38435,-0.40421,-0.43517,-0.41512,-0.28014,-0.018718,0.31763,0.64138,0.86327,0.92529,0.82356,0.60811,0.35013,0.11138,-0.081559,-0.23428,-0.35258,-0.44245,-0.48969,-0.47684,-0.40252,-0.28365,-0.153,-0.047412,0.0088251,0.013959,-0.014838,-0.050588,-0.071741,-0.073536,-0.0643,-0.056404,-0.057351,-0.063556,-0.076714,-0.07985,-0.065672,-0.035219,0.00068362,0.023159,0.010728,-0.053507,-0.1752,-0.34891,-0.56097,-0.79508,-1.0409
-1.466,-1.0969,-0.64715,-0.30293,-0.0082129,0.27951,0.54309,0.65131,0.43077,-0.026224,-0.35718,-0.37032,-0.19919,-0.085822,-0.18434,-0.5031,-0.94325,-1.3679,-1.6647,-1.7708,-1.6714,-1.3957,-1.0108,-0.59861,-0.2239,0.068285,0.24944,0.30707,0.25682,0.14548,0.043722,-0.0053277,-0.0049509,0.0014683,-0.016875,-0.044954,-0.024202,0.10564,0.34934,0.65784,0.94384,1.1218,1.1376,0.99257,0.73891,0.45408,0.19291,-0.023929,-0.20075,-0.35891,-0.49629,-0.59698,-0.6397,-0.61111,-0.5183,-0.38629,-0.2503,-0.14274,-0.079404,-0.053525,-0.050044,-0.055536,-0.060509,-0.06031,-0.052554,-0.035362,-0.0091176,0.038621,0.099899,0.17199,0.24763,0.31228,0.34625,0.33068,0.25321,0.11039,-0.087141,-0.32517,-0.58692,-0.86181
-1.5108,-1.1353,-0.68129,-0.33635,-0.042168,0.24518,0.51042,0.62614,0.42436,-0.0021568,-0.29939,-0.28885,-0.11044,-0.0052919,-0.12362,-0.47114,-0.94371,-1.3975,-1.7135,-1.828,-1.7329,-1.4637,-1.0856,-0.67168,-0.28113,0.042145,0.2674,0.38125,0.39526,0.34568,0.29115,0.26657,0.26956,0.27074,0.2514,0.22806,0.25542,0.38321,0.61434,0.89929,1.1548,1.3006,1.2841,1.1072,0.82748,0.51908,0.24248,0.01955,-0.16637,-0.33726,-0.50382,-0.65197,-0.74967,-0.76531,-0.69687,-0.56533,-0.4095,-0.26676,-0.1576,-0.087339,-0.041638,-0.01443,-0.0035638,-0.0067918,-0.014583,-0.0089274,0.030589,0.10072,0.20066,0.31346,0.41923,0.49906,0.5359,0.51564,0.42951,0.27887,0.067815,-0.18456,-0.45975,-0.74647
-1.5709,-1.181,-0.72196,-0.37852,-0.08902,0.19183,0.45058,0.5664,0.38099,-0.0094902,-0.26277,-0.21839,-0.023967,0.080349,-0.051009,-0.4223,-0.92572,-1.4102,-1.7493,-1.8804,-1.805,-1.5634,-1.2103,-0.80126,-0.38642,-0.011395,0.28844,0.48765,0.58606,0.60955,0.59965,0.59562,0.59914,0.59756,0.57772,0.56151,0.59469,0.7163,0.92878,1.1808,1.396,1.4954,1.4324,1.2158,0.90688,0.5856,0.31175,0.09606,-0.090091,-0.28223,-0.5005,-0.72425,-0.9049,-0.9948,-0.9667,-0.83172,-0.63308,-0.42271,-0.23949,-0.096107,-0.0017427,0.051106,0.070573,0.068168,0.061189,0.0713,0.11443,0.20645,0.3279,0.4584,0.57684,0.66421,0.70436,0.68469,0.59745,0.44144,0.22784,-0.03032,-0.31476,-0.61283
-1.6148,-1.2112,-0.74941,-0.40871,-0.12546,0.14564,0.39224,0.49941,0.31718,-0.052119,-0.2735,-0.20022,0.013052,0.12754,-0.0015838,-0.37762,-0.89273,-1.3924,-1.7457,-1.8924,-1.8419,-1.6346,-1.3114,-0.91113,-0.47746,-0.059957,0.29808,0.56074,0.71926,0.79125,0.81189,0.8192,0.82367,0.81924,0.79796,0.78217,0.8117,0.92315,1.1134,1.3368,1.5211,1.5911,1.5048,1.2722,0.95203,0.62881,0.35406,0.13673,-0.049811,-0.25563,-0.49874,-0.76438,-1.0043,-1.1564,-1.1737,-1.0526,-0.83077,-0.56794,-0.3181,-0.11645,0.031348,0.12267,0.16217,0.16086,0.14023,0.13166,0.16853,0.25298,0.38078,0.5256,0.65711,0.7504,0.78906,0.76413,0.67236,0.51788,0.30395,0.048211,-0.23253,-0.52709
-1.6694,-1.246,-0.78235,-0.44777,-0.17624,0.075789,0.29657,0.37881,0.18841,-0.16173,-0.34198,-0.22434,0.024852,0.16664,0.056398,-0.30897,-0.82213,-1.3263,-1.6902,-1.8605,-1.8552,-1.7094,-1.4396,-1.0581,-0.60063,-0.12618,0.303,0.64405,0.87551,1.0057,1.0656,1.0853,1.0884,1.0736,1.044,1.0173,1.032,1.1202,1.2782,1.4659,1.6145,1.6562,1.547,1.2963,0.96787,0.64014,0.37235,0.17133,-0.0063737,-0.21334,-0.48748,-0.81942,-1.1519,-1.3992,-1.485,-1.3767,-1.1097,-0.76447,-0.42246,-0.13361,0.07557,0.20493,0.26375,0.26943,0.24861,0.23466,0.25356,0.32969,0.44627,0.57888,0.70121,0.79111,0.83216,0.81347,0.7296,0.58207,0.3786,0.13159,-0.14197,-0.42952
-1.716,-1.2741,-0.81182,-0.48606,-0.23005,-0.0033168,0.18179,0.22619,0.014996,-0.32402,-0.46637,-0.29961,-0.0042262,0.17786,0.10251,-0.23301,-0.7217,-1.2093,-1.5718,-1.7667,-1.8181,-1.7505,-1.5506,-1.1994,-0.72462,-0.1969,0.30404,0.72015,1.0179,1.1959,1.2793,1.3024,1.2936,1.2648,1.2223,1.1825,1.1761,1.2315,1.3488,1.4953,1.6104,1.6284,1.5071,1.2549,0.93158,0.61891,0.37172,0.1899,0.024992,-0.18861,-0.49411,-0.88458,-1.3008,-1.6449,-1.8082,-1.7264,-1.4218,-0.99174,-0.54858,-0.17253,0.10788,0.28711,0.37608,0.39392,0.36807,0.33422,0.33098,0.37317,0.4654,0.58693,0.70657,0.79555,0.83512,0.81708,0.74013,0.60524,0.41925,0.19347,-0.060748,-0.33444
-1.7433,-1.2903,-0.83189,-0.51485,-0.27253,-0.068078,0.085093,0.094721,-0.13803,-0.47336,-0.58882,-0.38457,-0.049329,0.17025,0.13038,-0.17107,-0.62842,-1.0922,-1.4469,-1.66,-1.7583,-1.7559,-1.6166,-1.2985,-0.81709,-0.2528,0.2998,0.76713,1.1081,1.3132,1.4062,1.4275,1.4082,1.3687,1.3147,1.2607,1.2321,1.2556,1.3389,1.4538,1.5462,1.5521,1.4303,1.1866,0.87742,0.57985,0.34542,0.17535,0.019974,-0.19076,-0.50451,-0.92394,-1.3946,-1.8088,-2.0356,-1.98,-1.6506,-1.159,-0.64377,-0.20162,0.12789,0.33997,0.44807,0.47516,0.4519,0.41447,0.39387,0.42041,0.49015,0.58662,0.6867,0.76779,0.81156,0.80527,0.74184,0.62101,0.44837,0.23264,-0.011031,-0.26978
-1.7662,-1.3046,-0.85653,-0.55357,-0.33197,-0.16021,-0.053955,-0.094854,-0.36056,-0.69597,-0.78223,-0.53022,-0.13809,0.14104,0.1614,-0.082359,-0.48631,-0.90931,-1.25,-1.4872,-1.6491,-1.737,-1.685,-1.4146,-0.9283,-0.32001,0.29143,0.81218,1.1908,1.4168,1.5164,1.5357,1.5138,1.4684,1.3996,1.3162,1.2428,1.2136,1.2463,1.3222,1.3908,1.3873,1.268,1.0379,0.7513,0.48282,0.28201,0.14243,0.008309,-0.1941,-0.5192,-0.9711,-1.496,-1.9849,-2.2847,-2.2637,-1.9098,-1.3493,-0.75168,-0.2345,0.1527,0.40938,0.55149,0.60047,0.58243,0.53089,0.48723,0.47268,0.50665,0.58095,0.67056,0.74693,0.7887,0.78467,0.731,0.62668,0.47448,0.28461,0.067675,-0.16588
-1.7712,-1.3096,-0.87286,-0.5827,-0.37822,-0.23245,-0.16255,-0.242,-0.53251,-0.87096,-0.94286,-0.66022,-0.22453,0.10553,0.17841,-0.01452,-0.37354,-0.76369,-1.092,-1.3447,-1.5518,-1.7064,-1.7209,-1.4879,-1.0021,-0.36674,0.2794,0.82851,1.2232,1.4559,1.5565,1.5753,1.5547,1.508,1.4302,1.3237,1.2128,1.1404,1.129,1.1723,1.223,1.218,1.1105,0.89941,0.63438,0.38969,0.2102,0.089495,-0.025325,-0.21511,-0.53022,-0.97813,-1.5124,-2.0322,-2.3721,-2.3863,-2.0354,-1.4419,-0.79466,-0.23034,0.19473,0.47563,0.63186,0.69045,0.68059,0.633,0.57615,0.54628,0.55264,0.59481,0.65986,0.72703,0.7741,0.7829,0.74208,0.64969,0.50911,0.32864,0.12396,-0.089621
-1.7587,-1.3076,-0.89118,-0.62106,-0.44064,-0.32996,-0.30682,-0.43342,-0.75179,-1.0978,-1.1634,-0.85306,-0.36289,0.039305,0.1882,0.067681,-0.22922,-0.57424,-0.88344,-1.1512,-1.4098,-1.6441,-1.7439,-1.5694,-1.0938,-0.43548,0.24262,0.8163,1.2246,1.4594,1.5581,1.5761,1.5548,1.5058,1.4189,1.286,1.1331,1.0041,0.94168,0.94547,0.97474,0.96613,0.86799,0.67549,0.43726,0.21891,0.070385,-0.013566,-0.09379,-0.2395,-0.51405,-0.93288,-1.4551,-1.9747,-2.3419,-2.3844,-2.0466,-1.4463,-0.77635,-0.18152,0.27698,0.59171,0.77675,0.85283,0.84476,0.78357,0.70866,0.64465,0.62163,0.64431,0.69731,0.75483,0.79258,0.79484,0.75476,0.67088,0.54434,0.38855,0.21475,0.034132
-1.7224,-1.2939,-0.90487,-0.65759,-0.502,-0.42435,-0.44255,-0.60593,-0.9425,-1.2977,-1.3757,-1.0587,-0.52398,-0.050878,0.17632,0.12958,-0.10447,-0.40475,-0.69479,-0.97378,-1.2744,-1.5762,-1.7524,-1.637,-1.179,-0.5094,0.18477,0.76672,1.173,1.3987,1.4891,1.506,1.4928,1.4563,1.3727,1.2267,1.0373,0.85635,0.73766,0.69675,0.7017,0.68789,0.60035,0.4289,0.21507,0.027015,-0.090334,-0.14266,-0.18165,-0.28434,-0.50328,-0.85211,-1.2974,-1.7584,-2.0913,-2.1455,-1.8472,-1.2813,-0.62726,-0.031969,0.4314,0.7505,0.93934,1.0203,1.0177,0.9587,0.87116,0.794,0.74566,0.73555,0.75849,0.79756,0.83031,0.83574,0.79959,0.71784,0.5978,0.44834,0.28763,0.13433
-1.6791,-1.2754,-0.91153,-0.68308,-0.54597,-0.49047,-0.53398,-0.71656,-1.0586,-1.4226,-1.5244,-1.2176,-0.65867,-0.13586,0.15003,0.15854,-0.029374,-0.29777,-0.57508,-0.86224,-1.1901,-1.5343,-1.7592,-1.6807,-1.2374,-0.5655,0.13196,0.71032,1.1035,1.3145,1.3956,1.4134,1.4139,1.3943,1.3207,1.1705,0.95874,0.74496,0.58507,0.51092,0.49619,0.47981,0.40134,0.24238,0.040965,-0.13411,-0.23615,-0.2649,-0.26885,-0.32204,-0.47662,-0.75112,-1.1203,-1.509,-1.7988,-1.8483,-1.5808,-1.0601,-0.44426,0.12591,0.57998,0.89915,1.0906,1.1703,1.1592,1.0854,0.98622,0.89129,0.83195,0.81763,0.83724,0.86724,0.88353,0.86993,0.81996,0.73285,0.61447,0.47945,0.34034,0.20947
-1.6007,-1.2401,-0.91522,-0.71353,-0.59988,-0.56953,-0.63829,-0.83457,-1.1746,-1.5554,-1.7079,-1.4367,-0.85807,-0.27407,0.087986,0.16881,0.039916,-0.19026,-0.45405,-0.75077,-1.1064,-1.4926,-1.7672,-1.7296,-1.31,-0.64603,0.046279,0.61223,0.98289,1.17,1.2354,1.2546,1.2729,1.2761,1.2198,1.0709,0.84495,0.60052,0.40712,0.30201,0.26547,0.23803,0.15386,-0.0058059,-0.20056,-0.36587,-0.44624,-0.43985,-0.39546,-0.37635,-0.44048,-0.60771,-0.85753,-1.1311,-1.3319,-1.3474,-1.1109,-0.65919,-0.11302,0.40607,0.82516,1.1189,1.289,1.3499,1.3233,1.238,1.1254,1.0262,0.95889,0.92909,0.92837,0.9393,0.94166,0.91805,0.8581,0.76024,0.63624,0.49672,0.3604,0.24638
-1.5015,-1.1939,-0.91288,-0.73949,-0.64716,-0.63554,-0.71947,-0.91781,-1.2513,-1.6575,-1.8811,-1.6679,-1.0824,-0.4423,-0.0080882,0.14244,0.068335,-0.12917,-0.38264,-0.68523,-1.0562,-1.4641,-1.7668,-1.764,-1.3734,-0.72956,-0.050079,0.49865,0.84837,1.0108,1.0561,1.0715,1.1004,1.1271,1.0935,0.96164,0.73793,0.47994,0.25985,0.12291,0.062676,0.021799,-0.060096,-0.20974,-0.39864,-0.56015,-0.641,-0.62485,-0.54219,-0.45708,-0.42222,-0.46728,-0.58655,-0.73744,-0.84624,-0.82326,-0.608,-0.21908,0.25326,0.70781,1.0774,1.3349,1.4762,1.5094,1.4534,1.3392,1.2097,1.0976,1.0288,1.0043,1.0067,1.0105,0.99341,0.94255,0.85521,0.73929,0.59876,0.45545,0.32921,0.23846
-1.4161,-1.1529,-0.90742,-0.75572,-0.67758,-0.67596,-0.76481,-0.95885,-1.2888,-1.7221,-2.0098,-1.85,-1.2665,-0.58703,-0.10093,0.097472,0.0588,-0.11886,-0.36697,-0.6728,-1.0475,-1.4562,-1.7614,-1.7696,-1.398,-0.77423,-0.11328,0.41682,0.7473,0.89038,0.92137,0.93313,0.96927,1.0108,0.99372,0.87265,0.65339,0.39223,0.16436,0.016184,-0.053925,-0.10141,-0.18481,-0.33248,-0.52201,-0.6873,-0.77126,-0.74968,-0.64623,-0.51473,-0.41362,-0.37793,-0.40943,-0.47432,-0.517,-0.46154,-0.254,0.097339,0.52109,0.92761,1.2581,1.4803,1.5873,1.5873,1.5019,1.3664,1.2224,1.1117,1.049,1.0275,1.0264,1.0225,0.99675,0.93732,0.84045,0.70943,0.5608,0.40913,0.27614,0.18427
-1.2923,-1.092,-0.89549,-0.77303,-0.71104,-0.71709,-0.80543,-0.99163,-1.3249,-1.8065,-2.1862,-2.1033,-1.5257,-0.7967,-0.24659,0.0067646,0.0049771,-0.1549,-0.39954,-0.70594,-1.0738,-1.4638,-1.7476,-1.7468,-1.3908,-0.79548,-0.16666,0.33376,0.63375,0.7493,0.76031,0.76264,0.80662,0.86344,0.8635,0.75305,0.53842,0.27972,0.0511,-0.095076,-0.16614,-0.20562,-0.2816,-0.42553,-0.61464,-0.79472,-0.8981,-0.88727,-0.76981,-0.59404,-0.42107,-0.29444,-0.22578,-0.19669,-0.15863,-0.054907,0.15568,0.46893,0.8326,1.1775,1.4493,1.6201,1.6802,1.6345,1.504,1.3287,1.1624,1.0439,0.99136,0.98937,1.005,1.0055,0.97002,0.89105,0.77209,0.62255,0.45562,0.29395,0.16086,0.080601
-1.1952,-1.0434,-0.88413,-0.78278,-0.73088,-0.73867,-0.82205,-1.0028,-1.3475,-1.8732,-2.3244,-2.2983,-1.7249,-0.96118,-0.36916,-0.082978,-0.065848,-0.21911,-0.46315,-0.76527,-1.1168,-1.477,-1.7279,-1.7104,-1.3601,-0.7841,-0.17781,0.30257,0.58348,0.68063,0.67489,0.66369,0.70021,0.75651,0.76104,0.66252,0.4618,0.21644,-0.0060236,-0.15181,-0.22122,-0.25548,-0.3178,-0.44695,-0.63089,-0.81899,-0.94371,-0.95345,-0.84083,-0.64298,-0.42549,-0.24328,-0.11792,-0.032674,0.046953,0.17595,0.39103,0.68719,1.0174,1.3215,1.5514,1.6802,1.6989,1.6129,1.4458,1.2425,1.0587,0.94259,0.90169,0.91203,0.93654,0.94298,0.91129,0.8334,0.71085,0.55366,0.37766,0.20422,0.061497,-0.020962
-1.0654,-0.97844,-0.86755,-0.7929,-0.75156,-0.75608,-0.82691,-1.0026,-1.3731,-1.9656,-2.51,-2.5535,-1.9845,-1.1808,-0.54433,-0.22744,-0.19647,-0.34885,-0.59475,-0.88649,-1.203,-1.5044,-1.6922,-1.6384,-1.285,-0.72818,-0.14452,0.31543,0.5788,0.65566,0.62696,0.59155,0.60222,0.63823,0.63444,0.54202,0.36419,0.1452,-0.046991,-0.17587,-0.2335,-0.26311,-0.31355,-0.42366,-0.59558,-0.78539,-0.93002,-0.96893,-0.87503,-0.67498,-0.43017,-0.20037,-0.016037,0.12468,0.25615,0.41426,0.62713,0.89346,1.1789,1.4321,1.612,1.6928,1.6623,1.5242,1.3045,1.0561,0.85003,0.72971,0.70643,0.74585,0.79817,0.82294,0.79912,0.72299,0.60108,0.44331,0.2646,0.087257,-0.060252,-0.14283
-0.94032,-0.91671,-0.85228,-0.80201,-0.76726,-0.76255,-0.81485,-0.9855,-1.3897,-2.0522,-2.6782,-2.7798,-2.2172,-1.3887,-0.72477,-0.39201,-0.3598,-0.52095,-0.77327,-1.053,-1.3275,-1.5575,-1.6629,-1.545,-1.1672,-0.61677,-0.050084,0.39367,0.64253,0.70308,0.65135,0.58484,0.56415,0.573,0.55379,0.45584,0.28507,0.088476,-0.076688,-0.17306,-0.20726,-0.20986,-0.2391,-0.33381,-0.49556,-0.68792,-0.84747,-0.90785,-0.83119,-0.63655,-0.3838,-0.13735,0.068222,0.23631,0.38867,0.5615,0.77656,1.0264,1.2756,1.4809,1.6072,1.6308,1.5438,1.3535,1.09,0.81167,0.58846,0.47842,0.4756,0.53612,0.60778,0.65288,0.65251,0.60132,0.50146,0.3619,0.19337,0.017862,-0.12971,-0.20713
-0.8531,-0.87524,-0.84364,-0.80958,-0.77722,-0.7617,-0.79647,-0.96129,-1.3904,-2.1015,-2.7774,-2.9126,-2.3609,-1.528,-0.85685,-0.52314,-0.49786,-0.67081,-0.93119,-1.2028,-1.4429,-1.6127,-1.6472,-1.4687,-1.0617,-0.50656,0.053658,0.48974,0.73069,0.78278,0.7143,0.62157,0.56852,0.55002,0.51282,0.41575,0.25645,0.080918,-0.065676,-0.1445,-0.1615,-0.14897,-0.16464,-0.24947,-0.40296,-0.59251,-0.75038,-0.81148,-0.74376,-0.55547,-0.30998,-0.067192,0.14145,0.31699,0.47989,0.6558,0.85895,1.082,1.2965,1.4623,1.5514,1.5417,1.423,1.2011,0.90719,0.60522,0.37756,0.2697,0.28281,0.36618,0.45973,0.52234,0.53754,0.50546,0.4317,0.31902,0.17763,0.024006,-0.11261,-0.18962
-0.74968,-0.82936,-0.83765,-0.8223,-0.78984,-0.75526,-0.76166,-0.91324,-1.3673,-2.1279,-2.8493,-3.0183,-2.4927,-1.6777,-1.0196,-0.70062,-0.69504,-0.89056,-1.1655,-1.4257,-1.6145,-1.6967,-1.6316,-1.373,-0.9209,-0.34997,0.2115,0.64576,0.8853,0.93279,0.851,0.72839,0.62715,0.55582,0.48138,0.37477,0.23727,0.095459,-0.010274,-0.06381,-0.065798,-0.05082,-0.058539,-0.12564,-0.25989,-0.42705,-0.57201,-0.63161,-0.56559,-0.39294,-0.16239,0.068937,0.26936,0.43818,0.59647,0.76474,0.95146,1.1427,1.308,1.4168,1.4433,1.3737,1.2045,0.94677,0.63608,0.33679,0.1218,0.038226,0.067407,0.15786,0.25904,0.34051,0.39064,0.40676,0.3867,0.33015,0.23328,0.10965,-0.0080149,-0.071288
-0.665,-0.79717,-0.84007,-0.83982,-0.80361,-0.74604,-0.71745,-0.84521,-1.3064,-2.0902,-2.828,-3.0217,-2.5404,-1.7744,-1.1574,-0.87258,-0.90052,-1.1275,-1.4201,-1.6676,-1.8029,-1.7973,-1.6344,-1.2992,-0.7981,-0.20241,0.37317,0.8162,1.0629,1.1098,1.0181,0.86961,0.72906,0.61122,0.50027,0.37264,0.23793,0.1204,0.046866,0.024302,0.03956,0.062118,0.053995,-0.011203,-0.13216,-0.27639,-0.3897,-0.41769,-0.33556,-0.15907,0.057749,0.26533,0.44213,0.59514,0.73905,0.89007,1.0471,1.1918,1.2973,1.3381,1.3005,1.1765,0.96588,0.68253,0.36523,0.08084,-0.099784,-0.15014,-0.094459,0.0098284,0.11524,0.20211,0.27182,0.32999,0.3736,0.38641,0.36166,0.30129,0.22881,0.1876
-0.61545,-0.7833,-0.8485,-0.85701,-0.81613,-0.73912,-0.68008,-0.78102,-1.2318,-2.0108,-2.7415,-2.9487,-2.5169,-1.809,-1.2399,-0.99405,-1.0559,-1.3113,-1.62,-1.8604,-1.9588,-1.8928,-1.6622,-1.2684,-0.72578,-0.10474,0.48797,0.94297,1.1978,1.2475,1.1463,0.9778,0.80878,0.66358,0.52868,0.39109,0.25611,0.15089,0.091745,0.085102,0.11084,0.13823,0.12963,0.064644,-0.046792,-0.16963,-0.2523,-0.25094,-0.15012,0.028611,0.23579,0.42974,0.59396,0.73371,0.86715,1.0032,1.1346,1.2404,1.2953,1.2809,1.1874,1.0139,0.767,0.46863,0.16435,-0.08152,-0.21679,-0.22965,-0.16193,-0.064729,0.031408,0.12206,0.21588,0.31682,0.41401,0.48808,0.51607,0.49455,0.4471,0.42114
-0.56937,-0.77972,-0.86949,-0.88638,-0.83729,-0.73229,-0.62803,-0.68083,-1.0941,-1.8376,-2.5358,-2.76,-2.4135,-1.8091,-1.325,-1.1441,-1.2581,-1.5544,-1.8856,-2.1188,-2.1764,-2.0448,-1.7384,-1.2711,-0.66923,-0.006167,0.61302,1.087,1.3559,1.4162,1.3128,1.1264,0.92176,0.73528,0.5637,0.40795,0.27426,0.18352,0.14802,0.16079,0.19717,0.22313,0.20974,0.14707,0.051449,-0.040903,-0.086578,-0.051118,0.07469,0.2634,0.47165,0.66058,0.81467,0.94136,1.0566,1.1664,1.2601,1.3123,1.2975,1.2027,1.029,0.78829,0.49935,0.19287,-0.082665,-0.26977,-0.33336,-0.29291,-0.19828,-0.098676,-0.012755,0.072344,0.18133,0.32563,0.49047,0.6393,0.7448,0.7955,0.80675,0.8176
-0.55019,-0.78868,-0.8929,-0.91374,-0.85749,-0.73107,-0.59053,-0.59895,-0.96684,-1.663,-2.3243,-2.5629,-2.2924,-1.7825,-1.3761,-1.2507,-1.4056,-1.7312,-2.0766,-2.3047,-2.3395,-2.1733,-1.8256,-1.3125,-0.6676,0.030583,0.67324,1.1647,1.4488,1.5214,1.428,1.2366,1.0129,0.79308,0.59084,0.41153,0.27247,0.19031,0.17165,0.19992,0.24531,0.27252,0.25663,0.19448,0.10811,0.033664,0.013153,0.075622,0.22036,0.42261,0.63327,0.81667,0.96338,1.0848,1.1921,1.2888,1.3572,1.369,1.3014,1.146,0.91402,0.62307,0.30011,-0.013837,-0.2626,-0.39409,-0.39618,-0.31008,-0.19669,-0.099205,-0.021532,0.063893,0.19078,0.37109,0.58344,0.78883,0.94356,1.0326,1.0718,1.104
-0.54494,-0.81588,-0.93458,-0.95815,-0.89204,-0.73795,-0.5477,-0.48855,-0.7778,-1.3909,-1.9941,-2.2538,-2.0939,-1.7246,-1.4347,-1.3906,-1.5987,-1.9557,-2.312,-2.5315,-2.5458,-2.3551,-1.977,-1.4213,-0.72658,0.020984,0.70577,1.232,1.5438,1.6379,1.5554,1.3578,1.1105,0.85376,0.61461,0.40829,0.25844,0.18142,0.17594,0.2213,0.28061,0.3179,0.30718,0.24989,0.17318,0.11837,0.12168,0.20442,0.36497,0.5712,0.78377,0.97137,1.1237,1.2465,1.3514,1.4338,1.4721,1.4355,1.3021,1.0721,0.75998,0.3993,0.033924,-0.27973,-0.48097,-0.53372,-0.45729,-0.31519,-0.18008,-0.084522,-0.014502,0.074253,0.22491,0.44909,0.71841,0.98249,1.1979,1.344,1.4325,1.5009
-0.56201,-0.85976,-0.98841,-1.0123,-0.93724,-0.75831,-0.52057,-0.3885,-0.58618,-1.1041,-1.6455,-1.9268,-1.8786,-1.6547,-1.4892,-1.5319,-1.7913,-2.1689,-2.5205,-2.7228,-2.7233,-2.5294,-2.1509,-1.582,-0.85403,-0.059296,0.6782,1.2523,1.6052,1.7287,1.6556,1.4503,1.1752,0.8864,0.61426,0.3905,0.23187,0.15678,0.15866,0.21782,0.29662,0.35142,0.35497,0.30532,0.23222,0.17964,0.18668,0.27518,0.43864,0.64908,0.86584,1.0592,1.2196,1.3512,1.4572,1.528,1.5386,1.4595,1.2726,0.97989,0.60843,0.19837,-0.19636,-0.50899,-0.67557,-0.67141,-0.53655,-0.35417,-0.19396,-0.082236,0.0015811,0.10716,0.28252,0.54253,0.85794,1.1698,1.4338,1.6245,1.7498,1.8471
-0.58883,-0.9033,-1.0362,-1.0593,-0.97898,-0.7853,-0.51516,-0.32909,-0.45424,-0.89836,-1.394,-1.6895,-1.7196,-1.6016,-1.5311,-1.6412,-1.9373,-2.3218,-2.657,-2.8355,-2.8243,-2.6392,-2.2802,-1.7239,-0.98295,-0.1564,0.62004,1.2329,1.6208,1.7704,1.7132,1.5088,1.2204,0.90673,0.60743,0.35878,0.18798,0.11335,0.13176,0.21302,0.31312,0.38249,0.3932,0.34668,0.27302,0.21748,0.21821,0.29713,0.45176,0.65589,0.87259,1.0715,1.2398,1.3789,1.486,1.5515,1.5495,1.4494,1.2328,0.9065,0.49995,0.05953,-0.35102,-0.65729,-0.79687,-0.75793,-0.59664,-0.39674,-0.2286,-0.11038,-0.012709,0.11889,0.32965,0.6257,0.97036,1.3105,1.5934,1.8009,1.9458,2.066
-0.64178,-0.97427,-1.1088,-1.1298,-1.046,-0.8396,-0.5352,-0.2825,-0.31211,-0.65731,-1.0923,-1.402,-1.5232,-1.5368,-1.5915,-1.791,-2.1312,-2.5137,-2.8108,-2.9427,-2.9128,-2.7528,-2.4433,-1.9221,-1.177,-0.31292,0.51387,1.1772,1.6091,1.7931,1.7609,1.5647,1.2691,0.92897,0.59829,0.31375,0.12285,0.045425,0.081414,0.19191,0.32144,0.42101,0.45091,0.41106,0.33428,0.2639,0.24399,0.29759,0.42602,0.60963,0.81663,1.0193,1.201,1.3523,1.4678,1.5279,1.5054,1.3744,1.1247,0.76939,0.34268,-0.10132,-0.49897,-0.78276,-0.90227,-0.85481,-0.69231,-0.49869,-0.32566,-0.18485,-0.049008,0.1281,0.38287,0.71714,1.095,1.46,1.7683,2.0019,2.1716,2.3142
-0.6932,-1.0358,-1.1689,-1.1886,-1.1052,-0.89607,-0.57466,-0.27941,-0.2414,-0.51389,-0.90213,-1.2152,-1.3933,-1.4958,-1.6396,-1.9037,-2.2725,-2.645,-2.902,-2.9894,-2.9416,-2.8042,-2.5433,-2.0602,-1.3237,-0.43872,0.423,1.1225,1.5839,1.7924,1.7737,1.582,1.2826,0.93475,0.59016,0.29807,0.097616,0.016287,0.045298,0.15794,0.30498,0.4295,0.48915,0.46946,0.39327,0.30913,0.26166,0.28375,0.3838,0.54738,0.74399,0.94354,1.1265,1.2826,1.3967,1.4512,1.4197,1.2786,1.0207,0.66105,0.24078,-0.19122,-0.57319,-0.84076,-0.94966,-0.90432,-0.76189,-0.58477,-0.42094,-0.27355,-0.11125,0.10866,0.41146,0.78606,1.1893,1.5693,1.8855,2.1226,2.2967,2.4481
-0.77479,-1.1268,-1.2555,-1.274,-1.1961,-0.99413,-0.66508,-0.32634,-0.2056,-0.38357,-0.7049,-1.0092,-1.2452,-1.4494,-1.7013,-2.0468,-2.4489,-2.7983,-2.9899,-3.0074,-2.9252,-2.8078,-2.6102,-2.196,-1.4961,-0.60655,0.28706,1.0275,1.529,1.7704,1.7729,1.5919,1.291,0.93591,0.57802,0.27246,0.057693,-0.035802,-0.0061227,0.12096,0.2951,0.45097,0.5379,0.53556,0.46406,0.36687,0.29096,0.27147,0.32555,0.44627,0.61391,0.80151,0.98412,1.1397,1.253,1.2993,1.2537,1.0984,0.8337,0.48528,0.090969,-0.29345,-0.61555,-0.83486,-0.93442,-0.92695,-0.84274,-0.72688,-0.59084,-0.42575,-0.20873,0.080694,0.44471,0.8604,1.2863,1.6779,1.9988,2.2434,2.4285,2.5929
-0.86831,-1.2254,-1.3473,-1.3662,-1.2999,-1.1179,-0.80112,-0.4375,-0.24431,-0.32823,-0.57538,-0.85435,-1.1232,-1.4064,-1.7514,-2.1686,-2.5963,-2.9156,-3.0355,-2.9774,-2.853,-2.7418,-2.5937,-2.2546,-1.6145,-0.75087,0.14708,0.91065,1.4442,1.7154,1.7463,1.5859,1.2985,0.94424,0.58052,0.25159,0.011356,-0.1039,-0.076453,0.065432,0.26408,0.45089,0.56627,0.5884,0.5315,0.43559,0.34325,0.28846,0.29344,0.36449,0.48952,0.64607,0.80821,0.95183,1.0507,1.0823,1.0247,0.86718,0.61794,0.3037,-0.029734,-0.34287,-0.6006,-0.7807,-0.87964,-0.91233,-0.90362,-0.85264,-0.7533,-0.5837,-0.3234,0.031368,0.46042,0.92411,1.3756,1.7725,2.094,2.3352,2.5173,2.6816
-0.94422,-1.3026,-1.4188,-1.4388,-1.385,-1.227,-0.93255,-0.56377,-0.32229,-0.33446,-0.5201,-0.76908,-1.0472,-1.3731,-1.7746,-2.2366,-2.6766,-2.97,-3.0386,-2.9297,-2.7762,-2.6653,-2.5449,-2.2536,-1.6625,-0.83251,0.051667,0.81824,1.3648,1.6533,1.7023,1.5588,1.2862,0.94384,0.5845,0.25157,-0.0053939,-0.14193,-0.13663,-0.0030047,0.20568,0.41915,0.57004,0.62494,0.59085,0.5038,0.40282,0.32274,0.29158,0.3175,0.40196,0.52796,0.66855,0.79375,0.87911,0.89805,0.83193,0.6747,0.43987,0.1618,-0.1226,-0.37228,-0.56433,-0.69826,-0.79166,-0.86459,-0.91589,-0.934,-0.87502,-0.7012,-0.40008,0.008554,0.48221,0.97137,1.4312,1.8297,2.1439,2.3788,2.558,2.7226
-1.0503,-1.4078,-1.5156,-1.5385,-1.5064,-1.3908,-1.1444,-0.78698,-0.48855,-0.40252,-0.49777,-0.69356,-0.96346,-1.3212,-1.7732,-2.2772,-2.7249,-2.9853,-2.9989,-2.8407,-2.6592,-2.5458,-2.4511,-2.2086,-1.6825,-0.91024,-0.062437,0.68891,1.2371,1.5408,1.6108,1.4934,1.2462,0.92745,0.58064,0.24945,-0.024693,-0.19315,-0.22169,-0.10826,0.10818,0.35196,0.54933,0.65248,0.65924,0.59521,0.49886,0.40346,0.3314,0.30379,0.32465,0.38796,0.47649,0.56434,0.62112,0.62161,0.54863,0.4028,0.20536,-0.0099369,-0.20676,-0.36588,-0.48519,-0.5797,-0.67378,-0.78518,-0.90887,-0.99207,-0.97261,-0.79959,-0.46525,-0.0078456,0.51049,1.0287,1.4997,1.8931,2.1992,2.4237,2.5932,2.7503
-1.1588,-1.5128,-1.6125,-1.6392,-1.6331,-1.5702,-1.3905,-1.065,-0.71806,-0.5299,-0.5267,-0.65559,-0.89547,-1.2541,-1.7235,-2.2438,-2.691,-2.9308,-2.9153,-2.733,-2.5368,-2.4186,-2.3354,-2.1299,-1.6716,-0.97265,-0.18115,0.53686,1.0717,1.3839,1.4782,1.3966,1.1897,0.90363,0.57445,0.23778,-0.061061,-0.26527,-0.32668,-0.23027,-0.0084487,0.26392,0.50655,0.66402,0.72201,0.70002,0.62359,0.51788,0.40732,0.31567,0.26394,0.25894,0.2891,0.33065,0.35396,0.33445,0.25991,0.13587,-0.014283,-0.15901,-0.27225,-0.34521,-0.39075,-0.4392,-0.52542,-0.66722,-0.83986,-0.98324,-1.0037,-0.83393,-0.47204,0.022604,0.56863,1.097,1.5626,1.9425,2.2318,2.4418,2.6013,2.7529
-1.2401,-1.5896,-1.6837,-1.714,-1.7288,-1.7098,-1.5897,-1.2999,-0.92183,-0.65631,-0.57553,-0.64707,-0.85114,-1.1906,-1.6518,-2.1674,-2.6088,-2.8426,-2.8238,-2.6405,-2.4424,-2.3209,-2.2419,-2.0644,-1.6616,-1.029,-0.29302,0.3928,0.9187,1.2383,1.356,1.3046,1.1311,0.87197,0.56,0.22333,-0.090113,-0.31997,-0.40717,-0.32429,-0.099157,0.1981,0.47635,0.67325,0.76993,0.7778,0.7178,0.60855,0.47218,0.33337,0.22267,0.15953,0.14167,0.14594,0.14767,0.12045,0.053453,-0.045512,-0.15304,-0.23944,-0.29243,-0.31171,-0.3175,-0.34319,-0.42298,-0.57169,-0.76632,-0.92584,-0.95567,-0.78591,-0.41795,0.081872,0.62693,1.1472,1.5998,1.9642,2.2386,2.4387,2.5934,2.7432
-1.3462,-1.688,-1.7742,-1.8099,-1.8524,-1.8937,-1.8599,-1.6295,-1.2184,-0.85242,-0.66777,-0.65676,-0.79827,-1.0912,-1.5179,-2.0072,-2.432,-2.6638,-2.658,-2.4941,-2.3112,-2.1986,-2.1332,-1.9985,-1.6713,-1.1315,-0.47454,0.16662,0.68294,1.0162,1.1634,1.1509,1.0171,0.79743,0.51678,0.19989,-0.1144,-0.36593,-0.48601,-0.42882,-0.20406,0.11972,0.44447,0.69266,0.83447,0.87285,0.82424,0.70618,0.53702,0.34521,0.16602,0.027484,-0.060171,-0.10448,-0.13247,-0.16375,-0.2087,-0.26119,-0.30241,-0.31695,-0.29272,-0.24523,-0.20304,-0.20237,-0.27441,-0.42699,-0.62451,-0.79309,-0.82702,-0.65831,-0.293,0.19898,0.72933,1.2278,1.6526,1.988,2.2365,2.4151,2.5552,2.6973
-1.423,-1.7574,-1.8378,-1.877,-1.9384,-2.0227,-2.0541,-1.8734,-1.4447,-1.0093,-0.75045,-0.67536,-0.76244,-1.0084,-1.3953,-1.8521,-2.2572,-2.4884,-2.5009,-2.3654,-2.21,-2.1204,-2.0792,-1.9827,-1.7112,-1.2363,-0.63295,-0.023739,0.48432,0.8275,0.99591,1.0132,0.9121,0.72638,0.47432,0.17895,-0.12687,-0.3828,-0.51604,-0.47121,-0.24634,0.088396,0.43315,0.70562,0.86937,0.92554,0.88627,0.76233,0.56812,0.33407,0.099559,-0.094362,-0.22544,-0.29871,-0.33403,-0.35396,-0.37165,-0.38482,-0.3804,-0.34195,-0.27898,-0.20151,-0.13495,-0.11239,-0.16426,-0.29968,-0.4856,-0.64112,-0.67007,-0.505,-0.15237,0.31775,0.81861,1.2835,1.6752,1.9809,2.2053,2.369,2.5025,2.6439
-1.5194,-1.8426,-1.9155,-1.9578,-2.0395,-2.1723,-2.2827,-2.1693,-1.728,-1.215,-0.86732,-0.70901,-0.71889,-0.89291,-1.2145,-1.6165,-1.987,-2.215,-2.2582,-2.1738,-2.0729,-2.0337,-2.044,-2.0089,-1.8131,-1.4169,-0.87508,-0.30377,0.19254,0.54893,0.74851,0.80899,0.75889,0.62159,0.41256,0.1478,-0.13673,-0.38256,-0.51386,-0.47179,-0.24786,0.096546,0.45835,0.74791,0.9229,0.97984,0.92809,0.7781,0.5455,0.25992,-0.030043,-0.27528,-0.44618,-0.54012,-0.57789,-0.58187,-0.56513,-0.52679,-0.45876,-0.36331,-0.24081,-0.11633,-0.019309,0.020321,-0.018654,-0.13494,-0.28914,-0.4155,-0.42288,-0.25828,0.067989,0.49361,0.94213,1.3535,1.6937,1.953,2.1387,2.273,2.3876,2.5209
-1.6075,-1.9178,-1.9836,-2.0264,-2.1206,-2.287,-2.4575,-2.4039,-1.9664,-1.402,-0.98419,-0.75139,-0.68454,-0.78215,-1.0319,-1.3724,-1.7016,-1.9216,-1.9956,-1.9693,-1.9345,-1.9596,-2.0362,-2.0738,-1.9603,-1.6398,-1.1539,-0.60889,-0.11463,0.26032,0.49187,0.59189,0.5902,0.50358,0.34405,0.12331,-0.12526,-0.34173,-0.45451,-0.40197,-0.17509,0.16713,0.52276,0.80122,0.95868,0.99303,0.91352,0.73086,0.46026,0.13231,-0.20102,-0.48221,-0.6728,-0.76798,-0.78676,-0.75615,-0.6942,-0.60674,-0.49372,-0.35427,-0.20387,-0.058668,0.059828,0.12796,0.1268,0.05544,-0.057939,-0.14177,-0.13062,0.020357,0.30519,0.67284,1.0566,1.4019,1.6786,1.8795,2.0174,2.1186,2.2165,2.3461
-1.6678,-1.9673,-2.0278,-2.0689,-2.166,-2.3446,-2.542,-2.5236,-2.1006,-1.5211,-1.0685,-0.78879,-0.66778,-0.7087,-0.90425,-1.1981,-1.4947,-1.7054,-1.7981,-1.8122,-1.8275,-1.9057,-2.04,-2.1413,-2.096,-1.8328,-1.3815,-0.84388,-0.33831,0.057096,0.3098,0.4336,0.45722,0.40423,0.28298,0.10494,-0.10446,-0.28828,-0.37469,-0.30402,-0.071392,0.26188,0.59341,0.84006,0.96637,0.96971,0.86368,0.65624,0.35883,0.0069321,-0.34809,-0.64307,-0.834,-0.91573,-0.90983,-0.84961,-0.76079,-0.65185,-0.51926,-0.3619,-0.18874,-0.017215,0.12724,0.21887,0.24037,0.19454,0.11549,0.055434,0.080399,0.22636,0.48376,0.8061,1.1354,1.4244,1.6473,1.8013,1.8974,1.9647,2.0387,2.1563
-1.7408,-2.0246,-2.0773,-2.1126,-2.2041,-2.3793,-2.5839,-2.5926,-2.2066,-1.643,-1.1741,-0.84811,-0.66143,-0.63127,-0.7585,-0.99348,-1.2485,-1.444,-1.5515,-1.6061,-1.6795,-1.8285,-2.0465,-2.2472,-2.3019,-2.1151,-1.698,-1.1544,-0.61834,-0.19026,0.093579,0.2452,0.2958,0.27761,0.20344,0.081641,-0.067365,-0.19679,-0.24122,-0.14875,0.084995,0.39882,0.69635,0.89718,0.96941,0.91882,0.76029,0.5063,0.17427,-0.20237,-0.56336,-0.84533,-1.0102,-1.0577,-1.0185,-0.9297,-0.8167,-0.68796,-0.54052,-0.37123,-0.1827,0.0082667,0.17986,0.30898,0.37844,0.38689,0.35457,0.33415,0.37081,0.49457,0.70178,0.95728,1.2121,1.4243,1.5716,1.6539,1.6912,1.7155,1.7629,1.8664
-1.8058,-2.0733,-2.1169,-2.1419,-2.2168,-2.3663,-2.5435,-2.5533,-2.2192,-1.716,-1.2682,-0.91824,-0.67788,-0.58305,-0.64847,-0.83195,-1.0496,-1.2264,-1.3382,-1.4193,-1.5375,-1.7488,-2.05,-2.3559,-2.5118,-2.3911,-1.9882,-1.4247,-0.8568,-0.4016,-0.093793,0.079654,0.15815,0.17383,0.14321,0.069482,-0.0263,-0.10264,-0.10197,0.016855,0.25136,0.53827,0.78837,0.92927,0.93668,0.82484,0.61496,0.32453,-0.029105,-0.40956,-0.76061,-1.0203,-1.1507,-1.1575,-1.0777,-0.95659,-0.82851,-0.70352,-0.56954,-0.40762,-0.2153,-0.0014054,0.20952,0.38786,0.50949,0.5672,0.58086,0.58466,0.62558,0.7304,0.89443,1.0865,1.266,1.3995,1.47,1.481,1.4559,1.4275,1.434,1.5105
-1.8501,-2.1051,-2.1409,-2.1561,-2.2112,-2.3276,-2.4631,-2.456,-2.167,-1.7353,-1.3286,-0.97728,-0.70656,-0.56961,-0.59399,-0.74357,-0.9358,-1.0981,-1.2091,-1.3033,-1.4466,-1.6954,-2.0505,-2.4234,-2.6458,-2.5643,-2.1629,-1.5807,-0.99546,-0.52627,-0.2108,-0.027188,0.068912,0.11067,0.11079,0.07081,0.0081839,-0.036109,-0.0059848,0.13287,0.36774,0.63186,0.83849,0.92717,0.88395,0.72985,0.48979,0.18087,-0.17876,-0.55311,-0.88526,-1.1155,-1.2129,-1.1867,-1.0854,-0.9561,-0.83186,-0.71859,-0.59819,-0.44894,-0.25303,-0.023557,0.21331,0.42599,0.58759,0.68609,0.73162,0.75698,0.80083,0.88834,1.0185,1.1653,1.2918,1.367,1.3779,1.3351,1.2606,1.1961,1.1806,1.2437
-1.9036,-2.1423,-2.1677,-2.1661,-2.1869,-2.2434,-2.3011,-2.2513,-2.023,-1.712,-1.3915,-1.0614,-0.76524,-0.58368,-0.56178,-0.67106,-0.83362,-0.9789,-1.0856,-1.1872,-1.3494,-1.6297,-2.0319,-2.4667,-2.7574,-2.7217,-2.328,-1.7268,-1.1209,-0.63724,-0.31463,-0.12399,-0.014232,0.052935,0.088132,0.089316,0.065474,0.053953,0.10568,0.25255,0.47496,0.70715,0.8628,0.88943,0.78736,0.58324,0.31229,-0.0064076,-0.35711,-0.70812,-1.0076,-1.1981,-1.2516,-1.1908,-1.0589,-0.91509,-0.79759,-0.71108,-0.62766,-0.50375,-0.32247,-0.082119,0.19008,0.45439,0.67289,0.8232,0.90916,0.95575,0.99939,1.065,1.1529,1.2418,1.3017,1.3088,1.2545,1.149,1.0231,0.91362,0.8592,0.8903
-1.9402,-2.1678,-2.1851,-2.1689,-2.1587,-2.1613,-2.1484,-2.0546,-1.8681,-1.6582,-1.4213,-1.1242,-0.82183,-0.61572,-0.56541,-0.64991,-0.7944,-0.92899,-1.0312,-1.1324,-1.2959,-1.5801,-1.9932,-2.4514,-2.7744,-2.7667,-2.384,-1.779,-1.163,-0.67425,-0.34909,-0.15737,-0.04332,0.035569,0.091848,0.1179,0.11809,0.12467,0.18068,0.31675,0.51564,0.71426,0.83471,0.82739,0.69396,0.46851,0.18584,-0.1301,-0.46223,-0.78334,-1.0458,-1.2017,-1.2294,-1.1478,-1.0093,-0.87041,-0.76736,-0.7015,-0.64026,-0.53918,-0.36426,-0.11777,0.17219,0.46402,0.71653,0.90184,1.015,1.0784,1.1226,1.1723,1.2318,1.2841,1.3024,1.2648,1.1659,1.0223,0.86198,0.72677,0.65313,0.66644
-1.9852,-2.2004,-2.2073,-2.1692,-2.1132,-2.036,-1.9189,-1.7553,-1.6142,-1.5414,-1.4327,-1.2024,-0.90971,-0.68295,-0.6044,-0.6635,-0.78934,-0.91283,-1.0089,-1.1026,-1.251,-1.5125,-1.9035,-2.352,-2.681,-2.6922,-2.33,-1.7413,-1.1383,-0.66203,-0.34843,-0.16226,-0.044495,0.049628,0.12784,0.17923,0.2009,0.21733,0.26975,0.38227,0.54017,0.68414,0.74806,0.69513,0.53451,0.30471,0.03959,-0.24331,-0.53309,-0.80852,-1.0295,-1.1506,-1.1507,-1.0506,-0.90271,-0.76485,-0.67599,-0.63749,-0.61175,-0.54426,-0.39244,-0.15079,0.15351,0.47419,0.76246,0.98271,1.1252,1.2037,1.2488,1.2838,1.3128,1.3223,1.2921,1.2076,1.0681,0.88983,0.70399,0.54764,0.4552,0.45084
-2.0273,-2.2341,-2.2313,-2.1697,-2.0647,-1.9041,-1.6786,-1.4383,-1.3276,-1.3819,-1.4122,-1.2695,-1.0062,-0.77377,-0.67747,-0.71881,-0.8319,-0.94771,-1.0367,-1.1152,-1.2325,-1.4444,-1.7721,-2.1583,-2.4446,-2.4503,-2.1158,-1.571,-1.0126,-0.57349,-0.28627,-0.11337,0.0059156,0.1117,0.20592,0.27082,0.29826,0.30903,0.34056,0.4163,0.52221,0.61036,0.62458,0.54037,0.37601,0.16521,-0.062358,-0.29664,-0.53515,-0.76029,-0.93535,-1.0191,-0.99335,-0.87863,-0.72712,-0.59629,-0.52363,-0.50963,-0.51541,-0.48115,-0.36029,-0.1396,0.15872,0.4889,0.79808,1.0437,1.2067,1.2982,1.3434,1.3648,1.369,1.3464,1.2817,1.1656,1.002,0.80937,0.6173,0.45799,0.36025,0.34678
-2.0575,-2.262,-2.2522,-2.1728,-2.0304,-1.8078,-1.5024,-1.2035,-1.105,-1.2425,-1.3766,-1.3094,-1.0802,-0.85326,-0.75081,-0.78436,-0.8921,-1.004,-1.0861,-1.148,-1.2322,-1.3906,-1.6468,-1.9559,-2.1818,-2.1679,-1.8584,-1.3618,-0.85214,-0.45278,-0.19288,-0.036937,0.075653,0.18148,0.28176,0.35194,0.37991,0.38178,0.38853,0.42588,0.48608,0.53049,0.51546,0.42371,0.27185,0.095615,-0.088074,-0.27763,-0.47323,-0.66431,-0.81272,-0.87549,-0.83379,-0.71035,-0.555,-0.42916,-0.36992,-0.37402,-0.39876,-0.38938,-0.28869,-0.086632,0.19615,0.51759,0.82687,1.0792,1.2512,1.3479,1.3919,1.4055,1.3972,1.3599,1.2809,1.153,0.98191,0.78807,0.60029,0.45005,0.36294,0.35593
-2.097,-2.304,-2.286,-2.1831,-1.9925,-1.691,-1.2864,-0.91068,-0.81437,-1.0439,-1.3074,-1.3465,-1.1765,-0.97044,-0.86842,-0.89822,-1.0037,-1.112,-1.1818,-1.2142,-1.2426,-1.3123,-1.4499,-1.6276,-1.7473,-1.6898,-1.4099,-0.98524,-0.55491,-0.22196,-0.013602,0.10645,0.19478,0.28891,0.38706,0.46019,0.48733,0.47336,0.44791,0.43583,0.43822,0.43173,0.38559,0.2933,0.17745,0.056448,-0.060665,-0.18522,-0.32992,-0.4753,-0.58952,-0.63071,-0.57828,-0.4495,-0.29607,-0.16879,-0.10789,-0.11953,-0.16869,-0.18926,-0.13715,0.017793,0.26539,0.56563,0.86485,1.115,1.2897,1.3903,1.4366,1.4481,1.4322,1.3835,1.2938,1.1611,0.99503,0.81349,0.64553,0.51319,0.43552,0.43045
-2.1257,-2.34,-2.3171,-2.1971,-1.9724,-1.6164,-1.1446,-0.71509,-0.61364,-0.89683,-1.2471,-1.3661,-1.2476,-1.0654,-0.96982,-1.0001,-1.1052,-1.2107,-1.2695,-1.2758,-1.2556,-1.2496,-1.2882,-1.358,-1.3895,-1.2914,-1.0252,-0.65205,-0.28407,-0.0078676,0.15368,0.23872,0.30225,0.38121,0.46923,0.53626,0.55529,0.52911,0.48114,0.43671,0.40178,0.36382,0.30798,0.23544,0.16058,0.093551,0.022962,-0.068387,-0.18519,-0.3139,-0.40728,-0.42362,-0.35073,-0.21315,-0.060438,0.052765,0.095083,0.068888,0.010373,-0.02883,0.003913,0.12884,0.34017,0.60826,0.88725,1.1294,1.3035,1.4074,1.4551,1.4663,1.4508,1.4054,1.3214,1.1957,1.0374,0.8691,0.71116,0.59019,0.52615,0.53506
-2.1629,-2.3948,-2.3676,-2.2262,-1.9594,-1.5389,-0.98893,-0.4958,-0.38234,-0.71766,-1.1661,-1.3897,-1.3452,-1.2018,-1.1227,-1.1574,-1.2611,-1.3601,-1.4017,-1.3688,-1.276,-1.1612,-1.0629,-0.98936,-0.90436,-0.74797,-0.49369,-0.18191,0.10943,0.31295,0.41474,0.44748,0.46487,0.50482,0.56412,0.61087,0.61502,0.57371,0.50539,0.43325,0.36949,0.31085,0.25709,0.21559,0.19326,0.18805,0.17752,0.13607,0.053856,-0.048741,-0.12845,-0.13876,-0.062148,0.076818,0.22712,0.33788,0.37527,0.3385,0.26133,0.19763,0.19077,0.26768,0.42842,0.64984,0.89268,1.1143,1.2836,1.3946,1.4583,1.4876,1.486,1.4492,1.3729,1.2603,1.1235,0.97571,0.84354,0.73968,0.67812,0.67848
-2.1979,-2.4569,-2.4291,-2.2681,-1.9646,-1.4909,-0.87828,-0.33415,-0.20628,-0.57515,-1.0999,-1.4159,-1.447,-1.35,-1.2932,-1.3354,-1.4363,-1.524,-1.5418,-1.463,-1.2936,-1.0699,-0.84203,-0.63743,-0.44497,-0.22911,0.024537,0.29062,0.51422,0.64995,0.69105,0.66786,0.63231,0.6202,0.63444,0.64564,0.62706,0.57249,0.4965,0.4196,0.35362,0.30546,0.2768,0.27341,0.2988,0.33461,0.35832,0.3442,0.28286,0.19891,0.13651,0.14047,0.224,0.36063,0.50048,0.59412,0.6133,0.56082,0.46845,0.3805,0.33891,0.36767,0.47306,0.64349,0.85002,1.0541,1.2252,1.3488,1.4306,1.4813,1.5049,1.4963,1.4484,1.3602,1.2406,1.1101,0.98025,0.87234,0.80648,0.80649
-2.2228,-2.5087,-2.4826,-2.3084,-1.9815,-1.4766,-0.82886,-0.25632,-0.11824,-0.5024,-1.0684,-1.4419,-1.527,-1.4676,-1.4306,-1.4784,-1.5757,-1.6523,-1.649,-1.5336,-1.3076,-1.0079,-0.69187,-0.40104,-0.13814,0.11933,0.38081,0.62608,0.80972,0.89947,0.8944,0.82866,0.75066,0.6959,0.66843,0.64595,0.60659,0.54432,0.47166,0.40282,0.34906,0.31849,0.31807,0.35013,0.40552,0.46452,0.49935,0.49042,0.43705,0.36151,0.31072,0.32464,0.41133,0.54344,0.67178,0.75062,0.75563,0.69073,0.58495,0.47679,0.40735,0.39888,0.46172,0.59153,0.76779,0.95855,1.1334,1.2758,1.3862,1.4679,1.5189,1.5322,1.502,1.4299,1.3255,1.2009,1.0779,0.97072,0.8973,0.88289
-2.2538,-2.5842,-2.564,-2.3744,-2.0224,-1.4879,-0.81104,-0.21592,-0.067135,-0.45945,-1.059,-1.4888,-1.6371,-1.6268,-1.6163,-1.6713,-1.7616,-1.8206,-1.788,-1.6265,-1.3321,-0.94331,-0.52701,-0.13894,0.20522,0.51509,0.79446,1.0237,1.1696,1.2094,1.1515,1.0324,0.89776,0.78305,0.69435,0.62056,0.54731,0.47446,0.41252,0.3707,0.35475,0.36463,0.40221,0.46446,0.53972,0.60922,0.65038,0.64755,0.602,0.53919,0.4999,0.5196,0.6046,0.72656,0.84154,0.90706,0.89726,0.81278,0.67994,0.53892,0.42226,0.35879,0.36444,0.44345,0.58517,0.76474,0.95503,1.1305,1.2846,1.4139,1.5113,1.5659,1.569,1.5197,1.4266,1.3057,1.1723,1.0482,0.95608,0.92431
-2.2826,-2.6668,-2.6562,-2.4542,-2.084,-1.5345,-0.8498,-0.25051,-0.096504,-0.48335,-1.0895,-1.5493,-1.7446,-1.779,-1.7969,-1.8591,-1.9407,-1.9799,-1.9179,-1.7149,-1.3636,-0.90446,-0.40984,0.057988,0.47222,0.83178,1.133,1.3551,1.4725,1.4733,1.3738,1.2112,1.0291,0.85753,0.70728,0.57541,0.46168,0.3756,0.32811,0.32454,0.36042,0.42052,0.49451,0.57458,0.65055,0.71179,0.74268,0.7324,0.6878,0.63583,0.61474,0.65232,0.74513,0.86078,0.95836,1,0.96616,0.85931,0.70174,0.52504,0.36185,0.23837,0.17814,0.19952,0.3072,0.4853,0.70081,0.92756,1.141,1.3265,1.4718,1.5654,1.5995,1.5726,1.4914,1.3689,1.2233,1.0771,0.95878,0.90201
-2.303,-2.7332,-2.7319,-2.5224,-2.1429,-1.5915,-0.91425,-0.3247,-0.1704,-0.54441,-1.1376,-1.6003,-1.8179,-1.8816,-1.9215,-1.9905,-2.0644,-2.0872,-2.0037,-1.774,-1.3904,-0.89283,-0.35391,0.1613,0.62088,1.015,1.3336,1.555,1.6573,1.6359,1.5104,1.3213,1.1091,0.9018,0.70973,0.53714,0.39269,0.29379,0.25474,0.27892,0.3539,0.45589,0.56168,0.65224,0.71872,0.75648,0.7607,0.73344,0.68714,0.64845,0.64962,0.70564,0.80513,0.91807,1.0042,1.0321,0.98426,0.86147,0.68199,0.47287,0.26895,0.097344,-0.011752,-0.029927,0.05723,0.23797,0.4784,0.74107,0.99623,1.2245,1.41,1.5381,1.5982,1.5873,1.5111,1.3836,1.2239,1.0577,0.9167,0.83841
-2.3283,-2.8264,-2.8404,-2.6228,-2.2358,-1.6922,-1.041,-0.47965,-0.32898,-0.67426,-1.2263,-1.6667,-1.8954,-1.9907,-2.0585,-2.1368,-2.2005,-2.2018,-2.095,-1.8434,-1.436,-0.90675,-0.32554,0.23998,0.75131,1.1873,1.5299,1.7548,1.8452,1.8012,1.6508,1.4364,1.1961,0.95356,0.71715,0.49451,0.30735,0.18585,0.15558,0.21717,0.3437,0.49506,0.62648,0.71273,0.753,0.75192,0.72138,0.67194,0.61989,0.59468,0.61917,0.69907,0.81617,0.93557,1.0216,1.0434,0.98162,0.8343,0.61819,0.36352,0.10051,-0.13426,-0.30353,-0.37013,-0.30914,-0.12398,0.14829,0.46403,0.78065,1.0668,1.2993,1.4619,1.5453,1.5486,1.4778,1.3441,1.1704,0.98469,0.82168,0.72087
-2.3458,-2.8991,-2.927,-2.704,-2.3137,-1.7815,-1.1593,-0.6283,-0.4829,-0.79824,-1.3023,-1.7079,-1.9325,-2.0453,-2.1319,-2.2165,-2.2728,-2.2614,-2.1452,-1.8901,-1.48,-0.9411,-0.33826,0.25984,0.80564,1.2708,1.6305,1.8601,1.9431,1.8853,1.7195,1.4918,1.2416,0.98686,0.73055,0.47995,0.26282,0.12121,0.088253,0.16635,0.32379,0.50171,0.64689,0.72962,0.74599,0.71594,0.65403,0.57735,0.51363,0.49207,0.53626,0.64375,0.78496,0.91806,1.008,1.0253,0.95364,0.79266,0.55754,0.27197,-0.026847,-0.30517,-0.51962,-0.62127,-0.5743,-0.38091,-0.083747,0.26055,0.60408,0.91598,1.175,1.3642,1.4712,1.4907,1.426,1.2898,1.1049,0.90239,0.72208,0.60628
-2.3663,-2.998,-3.0471,-2.8174,-2.4235,-1.9103,-1.3339,-0.85207,-0.71472,-0.9794,-1.4005,-1.7396,-1.9433,-2.0704,-2.1757,-2.2662,-2.3149,-2.2943,-2.1796,-1.9388,-1.5456,-1.0117,-0.39435,0.23546,0.82101,1.3232,1.7079,1.9477,2.026,1.953,1.7692,1.5276,1.2716,1.0147,0.75079,0.4808,0.23301,0.059807,0.0088575,0.09382,0.2791,0.49374,0.66176,0.73704,0.71812,0.62854,0.50172,0.37486,0.28827,0.27949,0.36337,0.51674,0.69439,0.85241,0.95394,0.9759,0.9038,0.73426,0.47842,0.16227,-0.18193,-0.50863,-0.76469,-0.89452,-0.85965,-0.66265,-0.35289,0.011701,0.37797,0.71084,0.9877,1.193,1.3162,1.3512,1.2985,1.1636,0.97505,0.7646,0.57509,0.44924
-2.3838,-3.0975,-3.1697,-2.9325,-2.5337,-2.0388,-1.5094,-1.0777,-0.94625,-1.1472,-1.4686,-1.7268,-1.8949,-2.0228,-2.1405,-2.2348,-2.281,-2.2642,-2.1689,-1.9634,-1.6101,-1.1037,-0.48984,0.16018,0.78066,1.3207,1.7352,1.9893,2.0655,1.9779,1.7754,1.5223,1.2668,1.0216,0.77023,0.50129,0.2369,0.033782,-0.044455,0.030601,0.22806,0.46451,0.64491,0.70879,0.65084,0.50287,0.31283,0.13215,0.015731,0.011248,0.12694,0.32669,0.55006,0.74182,0.86546,0.89976,0.83357,0.66618,0.4088,0.083251,-0.27598,-0.62469,-0.90366,-1.048,-1.0162,-0.82066,-0.5164,-0.17405,0.16338,0.47596,0.75045,0.9702,1.1162,1.1733,1.1357,1.0156,0.82873,0.61633,0.42496,0.29519
-2.395,-3.1708,-3.2607,-3.0166,-2.6117,-2.1263,-1.6262,-1.2263,-1.0926,-1.2392,-1.4807,-1.6746,-1.8109,-1.9315,-2.053,-2.1512,-2.2023,-2.1974,-2.1274,-1.9603,-1.6507,-1.179,-0.57852,0.081289,0.72597,1.2944,1.7332,1.9995,2.0739,1.9735,1.755,1.4925,1.2421,1.0138,0.78313,0.5261,0.25889,0.038307,-0.062581,-0.0037935,0.19094,0.43198,0.61547,0.67198,0.58821,0.39918,0.15643,-0.074859,-0.22048,-0.22402,-0.078182,0.16312,0.42255,0.63966,0.77831,0.82229,0.76618,0.61131,0.36683,0.05071,-0.30205,-0.64775,-0.92581,-1.0713,-1.0442,-0.85898,-0.58119,-0.2687,0.034911,0.31386,0.56227,0.77044,0.92144,0.99632,0.98267,0.87946,0.71324,0.51858,0.34015,0.21526
-2.4064,-3.2638,-3.3767,-3.1204,-2.7017,-2.2182,-1.7395,-1.3618,-1.2082,-1.276,-1.4165,-1.5312,-1.6267,-1.7342,-1.8561,-1.9623,-2.0284,-2.0503,-2.0236,-1.9172,-1.6764,-1.2622,-0.69075,-0.02818,0.6419,1.2435,1.7116,1.9952,2.0698,1.9529,1.7089,1.4265,1.1785,0.97747,0.78841,0.56756,0.31424,0.080612,-0.053641,-0.026117,0.15066,0.39183,0.57511,0.61589,0.49538,0.24584,-0.068708,-0.36396,-0.54404,-0.54006,-0.3561,-0.069427,0.22699,0.46865,0.62566,0.68853,0.65524,0.52789,0.3144,0.031152,-0.29261,-0.61135,-0.86364,-0.98713,-0.95295,-0.79063,-0.5655,-0.33747,-0.12634,0.076326,0.27999,0.47708,0.64307,0.74843,0.77172,0.71178,0.57964,0.41363,0.25646,0.13973
-2.4117,-3.3278,-3.4565,-3.1876,-2.7531,-2.2597,-1.7777,-1.3926,-1.2074,-1.2158,-1.2931,-1.3625,-1.4336,-1.5328,-1.6545,-1.7666,-1.8468,-1.8932,-1.9026,-1.8441,-1.6586,-1.2944,-0.75381,-0.10007,0.58145,1.2037,1.6925,1.9898,2.0669,1.9383,1.6712,1.3678,1.1125,0.93124,0.77962,0.60253,0.37767,0.14803,-0.006783,-0.011235,0.14043,0.36755,0.54345,0.56961,0.42035,0.12646,-0.23747,-0.57239,-0.77201,-0.75836,-0.54863,-0.2358,0.077404,0.32782,0.48775,0.55763,0.54244,0.44486,0.26772,0.021984,-0.26408,-0.54627,-0.7651,-0.8653,-0.82719,-0.68578,-0.51042,-0.3492,-0.21555,-0.087848,0.06058,0.2347,0.4104,0.54845,0.61542,0.59551,0.50731,0.37923,0.24787,0.13822
-2.4116,-3.4006,-3.547,-3.2568,-2.7916,-2.2664,-1.7479,-1.3146,-1.064,-1.0011,-1.0211,-1.0552,-1.1086,-1.2003,-1.3203,-1.4388,-1.5362,-1.6134,-1.67,-1.6758,-1.5669,-1.2771,-0.78947,-0.15778,0.52972,1.1724,1.6838,1.9945,2.0714,1.9268,1.6319,1.3015,1.0369,0.87685,0.77401,0.6547,0.47882,0.27157,0.11204,0.076289,0.18706,0.37214,0.51254,0.5081,0.32178,-0.013487,-0.42204,-0.79395,-1.0056,-0.98279,-0.75601,-0.43328,-0.12138,0.11864,0.27287,0.34814,0.35499,0.29774,0.17574,-0.005689,-0.22663,-0.4457,-0.60787,-0.66664,-0.61588,-0.50169,-0.39378,-0.33235,-0.31326,-0.29138,-0.21702,-0.07146,0.12031,0.30679,0.43892,0.4902,0.46505,0.38922,0.29556,0.20408
-2.4004,-3.4529,-3.6122,-3.2946,-2.7873,-2.2079,-1.6155,-1.0899,-0.7532,-0.63592,-0.63302,-0.66175,-0.714,-0.80241,-0.92042,-1.043,-1.1541,-1.257,-1.3534,-1.4153,-1.3759,-1.1589,-0.73192,-0.13322,0.54251,1.189,1.7071,2.0231,2.0962,1.9409,1.6298,1.2791,1.0097,0.86564,0.80645,0.74238,0.61965,0.44925,0.29546,0.23857,0.30693,0.44915,0.54848,0.50328,0.27855,-0.094653,-0.53252,-0.91601,-1.1201,-1.0851,-0.85808,-0.55652,-0.28284,-0.084984,0.035991,0.099001,0.12137,0.10515,0.041916,-0.069955,-0.2157,-0.35534,-0.44242,-0.44689,-0.37865,-0.28948,-0.2397,-0.27256,-0.36324,-0.44554,-0.44376,-0.32124,-0.10456,0.13891,0.34344,0.47435,0.52137,0.50535,0.45062,0.3703
-2.3824,-3.4748,-3.6396,-3.2978,-2.752,-2.1183,-1.4491,-0.83332,-0.42602,-0.2811,-0.28195,-0.32279,-0.38189,-0.47073,-0.58718,-0.71216,-0.83212,-0.94989,-1.0667,-1.1557,-1.1526,-0.9812,-0.60283,-0.045885,0.60071,1.2328,1.7471,2.067,2.1461,1.9933,1.6776,1.3168,1.0387,0.90143,0.86828,0.84633,0.76934,0.63553,0.50065,0.4366,0.47622,0.57671,0.63534,0.55594,0.30551,-0.084313,-0.52341,-0.89119,-1.0771,-1.0367,-0.83402,-0.57937,-0.36046,-0.21488,-0.1333,-0.092104,-0.068704,-0.059477,-0.077835,-0.13387,-0.21867,-0.29719,-0.32796,-0.28823,-0.1969,-0.11174,-0.096273,-0.17909,-0.3328,-0.48061,-0.53156,-0.43311,-0.20475,0.080103,0.34225,0.52896,0.63056,0.65968,0.63887,0.58139
-2.3425,-3.4761,-3.6421,-3.264,-2.6596,-1.9403,-1.1511,-0.40145,0.097341,0.26224,0.2354,0.16249,0.086005,-0.0049927,-0.11869,-0.24576,-0.37454,-0.50346,-0.63018,-0.73106,-0.75222,-0.62702,-0.31542,0.16611,0.74989,1.3414,1.8421,2.1667,2.2639,2.1301,1.8258,1.469,1.1878,1.0565,1.0451,1.0632,1.0375,0.95629,0.86183,0.80953,0.82451,0.87202,0.87175,0.74853,0.47564,0.09099,-0.32306,-0.65668,-0.81699,-0.78895,-0.64238,-0.47835,-0.36457,-0.31531,-0.31259,-0.31554,-0.29726,-0.25888,-0.22248,-0.20856,-0.20752,-0.19608,-0.14519,-0.046037,0.07375,0.1563,0.14581,0.014071,-0.20011,-0.40782,-0.50068,-0.41251,-0.16287,0.16464,0.48078,0.73217,0.8913,0.97103,0.98964,0.95941
-2.2811,-3.4404,-3.6013,-3.1843,-2.5171,-1.7047,-0.78815,0.092727,0.67029,0.83901,0.77262,0.6569,0.55579,0.46008,0.35026,0.22534,0.094973,-0.033077,-0.15169,-0.24185,-0.26472,-0.17023,0.078243,0.47937,0.98778,1.5238,1.9955,2.3171,2.4329,2.3349,2.0728,1.7518,1.491,1.3646,1.3568,1.3939,1.406,1.3733,1.3232,1.2949,1.3055,1.3229,1.2815,1.1232,0.83943,0.47146,0.10178,-0.18074,-0.31991,-0.32389,-0.25939,-0.20365,-0.20226,-0.25849,-0.33596,-0.39324,-0.39852,-0.35221,-0.28078,-0.2066,-0.13512,-0.04483,0.083169,0.2452,0.40426,0.50117,0.48104,0.33848,0.10679,-0.12558,-0.24721,-0.18067,0.067278,0.41642,0.77078,1.0611,1.2697,1.3938,1.4522,1.4643
-2.2188,-3.3871,-3.5406,-3.0946,-2.3804,-1.4987,-0.49101,0.47756,1.1016,1.2656,1.1655,1.0148,0.89252,0.79112,0.68427,0.56396,0.43787,0.31723,0.21254,0.14012,0.12763,0.2107,0.41988,0.76263,1.211,1.6995,2.1431,2.4602,2.5946,2.5341,2.3214,2.0454,1.8127,1.6918,1.6796,1.7166,1.7432,1.7396,1.7221,1.7197,1.7397,1.749,1.6905,1.5193,1.2368,0.8931,0.56414,0.32027,0.19109,0.15823,0.15486,0.12152,0.032652,-0.097232,-0.2344,-0.3265,-0.34432,-0.2935,-0.20331,-0.099505,0.017778,0.15951,0.33523,0.53229,0.70963,0.81101,0.79541,0.6497,0.42064,0.19793,0.086343,0.15347,0.39043,0.72579,1.0748,1.3782,1.6027,1.7541,1.8491,1.9075
-2.1119,-3.2795,-3.4202,-2.9379,-2.1658,-1.1989,-0.084734,0.97861,1.6459,1.7948,1.6487,1.4518,1.3003,1.1893,1.0863,0.97454,0.85947,0.7554,0.67564,0.63295,0.64264,0.72323,0.89464,1.17,1.5419,1.9666,2.374,2.6876,2.8526,2.8497,2.7104,2.5053,2.3187,2.2113,2.1902,2.2167,2.2496,2.2742,2.2999,2.3408,2.3871,2.404,2.3403,2.1674,1.9009,1.5929,1.3071,1.0916,0.95969,0.87667,0.79532,0.67536,0.50625,0.30758,0.12667,0.0042692,-0.034993,0.0033296,0.094377,0.21847,0.36803,0.55042,0.76454,0.9898,1.1845,1.2987,1.2939,1.1748,0.97868,0.78142,0.6734,0.71989,0.92477,1.2327,1.5675,1.8665,2.1077,2.2869,2.4231,2.5437
-2.0134,-3.1719,-3.3026,-2.7971,-1.9869,-0.96508,0.21358,1.3293,2.0143,2.1461,1.9653,1.7344,1.561,1.442,1.3413,1.2375,1.1344,1.0469,0.9886,0.96963,0.9978,1.0815,1.2343,1.472,1.797,2.18,2.5619,2.8734,3.0594,3.1,3.0162,2.8664,2.7191,2.6265,2.5988,2.6164,2.6511,2.692,2.7464,2.8169,2.8878,2.9177,2.8599,2.6932,2.4415,2.1558,1.8972,1.7013,1.5635,1.4525,1.3232,1.1493,0.934,0.70724,0.51123,0.38349,0.34075,0.37348,0.45921,0.5818,0.7379,0.93156,1.1572,1.3905,1.5891,1.706,1.7141,1.6099,1.4354,1.2617,1.1682,1.209,1.3872,1.659,1.9626,2.2499,2.489,2.683,2.8524,3.0275
-1.8573,-2.9953,-3.1151,-2.5863,-1.7353,-0.65585,0.58609,1.746,2.4367,2.5378,2.3097,2.035,1.8329,1.7027,1.6046,1.5124,1.4276,1.3648,1.3366,1.3483,1.3999,1.491,1.6293,1.8324,2.1108,2.4495,2.8024,3.1114,3.3241,3.419,3.4075,3.3287,3.2345,3.1622,3.1286,3.1306,3.1602,3.217,3.3019,3.4099,3.5152,3.5718,3.5352,3.3895,3.1603,2.9046,2.6722,2.4861,2.3349,2.1842,2.0014,1.7755,1.5242,1.2842,1.0944,0.98371,0.9547,0.98946,1.0667,1.1764,1.3218,1.5045,1.7175,1.9374,2.1269,2.2461,2.2659,2.195,2.0639,1.9259,1.8413,1.8573,1.9877,2.2085,2.4735,2.7359,2.9751,3.1885,3.3969,3.6349
-1.6752,-2.7863,-2.8999,-2.3584,-1.4806,-0.3638,0.91447,2.0911,2.7679,2.8306,2.5535,2.2354,2.0057,1.8642,1.7679,1.6868,1.6197,1.5804,1.5798,1.6193,1.6926,1.7938,1.9273,2.1098,2.3578,2.666,3.0006,3.3107,3.5507,3.6923,3.74,3.7181,3.6619,3.6048,3.5694,3.5616,3.589,3.6576,3.7713,3.9181,4.0619,4.1518,4.1398,4.0131,3.8041,3.5661,3.3454,3.1582,2.9888,2.8053,2.586,2.3313,2.0665,1.8317,1.6646,1.5797,1.5682,1.6062,1.6739,1.7661,1.8903,2.0532,2.2482,2.4525,2.6308,2.747,2.7811,2.7315,2.6264,2.5098,2.431,2.4299,2.5228,2.697,2.92,3.1562,3.3872,3.6114,3.8517,4.1465
-1.5242,-2.613,-2.7265,-2.1831,-1.2949,-0.16338,1.1243,2.2968,2.9523,2.9807,2.6658,2.3153,2.065,1.9157,1.8205,1.7463,1.6904,1.6658,1.6824,1.7394,1.8273,1.9374,2.0726,2.2499,2.4863,2.781,3.1071,3.4191,3.673,3.8405,3.9182,3.9265,3.8927,3.8483,3.8138,3.8045,3.833,3.9105,4.0444,4.2177,4.3905,4.5039,4.5089,4.3949,4.1972,3.9693,3.7577,3.5726,3.3904,3.1866,2.9386,2.6563,2.3762,2.1475,1.9984,1.9403,1.9531,2.0053,2.0755,2.1583,2.2694,2.412,2.5824,2.7635,2.9271,3.0421,3.0841,3.0544,2.9734,2.8752,2.8002,2.7842,2.8464,2.9836,3.1736,3.3907,3.6124,3.8447,4.1106,4.4467
-1.3081,-2.3668,-2.4871,-1.9515,-1.0629,0.070328,1.3496,2.4959,3.1092,3.0859,2.7193,2.327,2.05,1.8899,1.7958,1.7281,1.6823,1.6722,1.707,1.7828,1.8872,2.0103,2.1535,2.3323,2.5625,2.8475,3.1655,3.4789,3.7441,3.9348,4.0413,4.0771,4.0679,4.0373,4.005,3.9922,4.0195,4.1097,4.2661,4.4723,4.6808,4.8295,4.8664,4.7786,4.5987,4.3832,4.1711,3.9709,3.765,3.5218,3.2342,2.9227,2.6322,2.4092,2.291,2.2713,2.3166,2.3863,2.4567,2.5312,2.6169,2.7328,2.8812,3.0479,3.2051,3.3212,3.3766,3.3634,3.2965,3.206,3.1279,3.0959,3.1313,3.2367,3.3975,3.5914,3.8078,4.0464,4.3305,4.6988
-1.0811,-2.1128,-2.2473,-1.7307,-0.85594,0.25997,1.5077,2.6067,3.1639,3.0842,2.6665,2.2339,1.9311,1.7594,1.6626,1.5978,1.558,1.5567,1.6034,1.6936,1.8126,1.9483,2.1008,2.2831,2.5122,2.7922,3.1069,3.4223,3.6995,3.9056,4.03,4.0795,4.0754,4.0419,4.0045,3.9886,4.0238,4.133,4.3201,4.5616,4.8064,4.988,5.0528,4.9865,4.8217,4.6115,4.3959,4.1821,3.9482,3.6707,3.3431,2.9932,2.6757,2.4518,2.3485,2.3586,2.4395,2.5415,2.633,2.7066,2.7855,2.8802,2.9986,3.1363,3.2766,3.3941,3.4613,3.4726,3.4322,3.3592,3.2824,3.2342,3.2406,3.3131,3.446,3.6232,3.8326,4.078,4.3809,4.7772
-0.90828,-1.9218,-2.0723,-1.5764,-0.72047,0.37119,1.5816,2.6325,3.1397,3.0159,2.5621,2.1015,1.7802,1.5983,1.4971,1.4309,1.3924,1.3948,1.4474,1.5451,1.6727,1.8164,1.9755,2.162,2.3931,2.6722,2.9856,3.3012,3.5826,3.7946,3.9234,3.9738,3.9638,3.9216,3.8762,3.8591,3.9028,4.0291,4.2421,4.5119,4.7849,4.9902,5.0744,5.0237,4.8696,4.6657,4.4492,4.2239,3.968,3.6552,3.2846,2.8935,2.5486,2.3148,2.2305,2.2756,2.3914,2.5164,2.6162,2.6909,2.7542,2.8317,2.9364,3.0668,3.206,3.3277,3.4089,3.431,3.3981,3.329,3.2525,3.1998,3.1972,3.2577,3.3787,3.5481,3.7544,4,4.3062,4.7092
-0.68006,-1.6733,-1.8509,-1.3901,-0.56875,0.47738,1.6226,2.594,3.026,2.8436,2.3479,1.8571,1.5125,1.314,1.2021,1.1288,1.0864,1.0893,1.1461,1.2492,1.3825,1.5342,1.7028,1.8971,2.1319,2.4106,2.7205,3.0343,3.3144,3.5258,3.6509,3.6917,3.668,3.6096,3.5504,3.5274,3.5778,3.7265,3.973,4.2835,4.5962,4.8383,4.952,4.9228,4.7833,4.5851,4.3642,4.1216,3.8321,3.471,3.0411,2.588,2.1915,1.936,1.8597,1.9407,2.1073,2.2806,2.4115,2.4905,2.5426,2.5935,2.6671,2.7736,2.9052,3.0378,3.1378,3.1874,3.1793,3.1251,3.0511,2.9913,2.9771,3.0264,3.1397,3.3043,3.5094,3.7563,4.0644,4.4685
-0.51465,-1.4954,-1.6967,-1.2665,-0.47737,0.52658,1.6125,2.5141,2.8844,2.6602,2.1405,1.6341,1.2759,1.0632,0.93883,0.85547,0.80601,0.80455,0.85931,0.96228,1.0978,1.2542,1.4294,1.6297,1.8657,2.1418,2.448,2.7596,3.0373,3.2444,3.3605,3.3871,3.3466,3.2706,3.1965,3.1668,3.2219,3.3888,3.6611,4.0015,4.3432,4.6117,4.748,4.7365,4.6099,4.4179,4.1953,3.9413,3.627,3.2271,2.7449,2.2331,1.7864,1.506,1.4407,1.5597,1.7709,1.9784,2.1262,2.206,2.2429,2.2725,2.3261,2.4204,2.5511,2.6928,2.8127,2.8783,2.8823,2.8369,2.7697,2.7151,2.7048,2.757,2.8725,3.0403,3.2453,3.4885,3.7891,4.1821
-0.30723,-1.2743,-1.5103,-1.1249,-0.38482,0.55413,1.55,2.3474,2.6301,2.3571,1.8202,1.3073,0.93811,0.70575,0.55758,0.45342,0.38704,0.37128,0.41542,0.51405,0.65197,0.81508,0.99742,1.2021,1.4341,1.7015,2.0018,2.3108,2.5869,2.7872,2.8854,2.8857,2.8124,2.7035,2.6019,2.5591,2.6208,2.8125,3.1219,3.5008,3.8783,4.1759,4.3377,4.3502,4.244,4.0689,3.8531,3.5892,3.2456,2.7904,2.2312,1.6321,1.1099,0.78982,0.74009,0.91511,1.1932,1.4525,1.6237,1.6981,1.7053,1.6926,1.7053,1.774,1.9033,2.0672,2.2171,2.3189,2.3523,2.3255,2.2685,2.2216,2.2218,2.2895,2.4227,2.6022,2.8139,3.0533,3.3368,3.6988
-0.12064,-1.0763,-1.348,-1.0105,-0.32455,0.54261,1.4393,2.1231,2.3159,2.0057,1.4741,0.97587,0.60596,0.35353,0.173,0.03486,-0.060934,-0.099683,-0.070968,0.02267,0.16605,0.33894,0.5267,0.72672,0.94609,1.1978,1.4874,1.7922,2.0682,2.2635,2.3465,2.3199,2.2102,2.0613,1.9252,1.8603,1.9205,2.1299,2.4701,2.8825,3.2894,3.6128,3.7975,3.8325,3.7503,3.596,3.3941,3.1314,2.7682,2.2727,1.6506,0.9725,0.37401,0.014625,-0.023979,0.20398,0.54477,0.84835,1.0323,1.085,1.0484,0.9826,0.94935,0.99364,1.1258,1.3138,1.5046,1.6378,1.6954,1.6889,1.6538,1.6347,1.6691,1.7729,1.9368,2.1385,2.3534,2.5768,2.8268,3.1401
0.0023353,-0.94516,-1.2433,-0.9424,-0.29877,0.51211,1.3314,1.9268,2.0536,1.7268,1.2167,0.74402,0.38107,0.11299,-0.098331,-0.27128,-0.39782,-0.45926,-0.44329,-0.35187,-0.20206,-0.020273,0.17058,0.36249,0.5681,0.80522,1.0839,1.3845,1.6599,1.8532,1.929,1.8864,1.753,1.5751,1.4105,1.3245,1.3761,1.5886,1.9392,2.3642,2.7837,3.1204,3.3208,3.3749,3.3147,3.1825,2.999,2.7464,2.3809,1.8665,1.2086,0.48341,-0.15834,-0.53857,-0.55973,-0.29049,0.089871,0.41336,0.59115,0.61638,0.53165,0.40946,0.32717,0.34573,0.48291,0.70032,0.92309,1.0932,1.1806,1.1974,1.1829,1.1864,1.2479,1.3826,1.5767,1.798,2.021,2.2372,2.4605,2.7243
0.14035,-0.79599,-1.1271,-0.8742,-0.2871,0.44914,1.1659,1.6448,1.691,1.3598,0.9002,0.47896,0.13244,-0.15881,-0.41789,-0.64605,-0.82235,-0.92049,-0.92402,-0.83522,-0.67644,-0.48304,-0.28783,-0.1047,0.082253,0.3003,0.56497,0.86091,1.1363,1.3301,1.4038,1.3498,1.1943,0.98275,0.77971,0.65768,0.68226,0.87825,1.2176,1.636,2.0545,2.3979,2.6154,2.6969,2.6712,2.5784,2.4314,2.2067,1.8572,1.3437,0.67391,-0.069747,-0.72454,-1.0993,-1.0965,-0.80046,-0.40743,-0.093122,0.052541,0.019846,-0.13513,-0.33107,-0.47438,-0.48676,-0.34231,-0.087766,0.18783,0.40121,0.52232,0.56673,0.58283,0.6288,0.74584,0.93927,1.1809,1.4299,1.6568,1.8482,2.0198,2.2063
0.22283,-0.70461,-1.058,-0.83915,-0.29275,0.3904,1.035,1.4329,1.4275,1.1061,0.69744,0.32275,-0.0091588,-0.31905,-0.61674,-0.88884,-1.1046,-1.2322,-1.2527,-1.168,-1.0039,-0.80298,-0.60554,-0.4272,-0.25155,-0.044081,0.21584,0.51257,0.79133,0.98841,1.0632,1.007,0.84313,0.61495,0.38597,0.23154,0.22077,0.38253,0.69271,1.0883,1.4927,1.8313,2.0553,2.1556,2.1597,2.1021,1.9916,1.7996,1.4759,0.98627,0.34103,-0.37377,-0.99561,-1.3385,-1.3201,-1.027,-0.6523,-0.36883,-0.2661,-0.34974,-0.56759,-0.82721,-1.019,-1.0487,-0.88795,-0.59799,-0.28828,-0.043069,0.10461,0.17644,0.22443,0.30519,0.45564,0.67837,0.94465,1.21,1.4393,1.6222,1.7666,1.898
0.30263,-0.61103,-0.98985,-0.8124,-0.31541,0.30458,0.86576,1.1723,1.1147,0.8202,0.48695,0.17461,-0.1389,-0.47369,-0.82262,-1.1517,-1.4176,-1.583,-1.6264,-1.549,-1.3807,-1.1732,-0.97513,-0.80322,-0.63612,-0.43222,-0.16695,0.13821,0.42443,0.62763,0.70582,0.65412,0.49161,0.25599,0.00063923,-0.20439,-0.28629,-0.20372,0.034852,0.37487,0.74152,1.0662,1.299,1.4299,1.4812,1.4779,1.4214,1.28,1.0077,0.57315,-0.0038004,-0.63273,-1.1601,-1.4308,-1.3881,-1.123,-0.80729,-0.59292,-0.56004,-0.71519,-0.9996,-1.3197,-1.5564,-1.6045,-1.4325,-1.1099,-0.7597,-0.47827,-0.29884,-0.19942,-0.12284,-0.0059151,0.18907,0.45644,0.75571,1.0381,1.267,1.4253,1.5218,1.5802
0.3463,-0.55048,-0.94844,-0.80635,-0.35111,0.21846,0.71766,0.96118,0.87556,0.61714,0.35312,0.092646,-0.20803,-0.56547,-0.95969,-1.338,-1.6467,-1.8448,-1.909,-1.8408,-1.675,-1.4692,-1.2737,-1.1035,-0.93236,-0.71772,-0.43968,-0.12337,0.17032,0.37955,0.46697,0.42674,0.27439,0.040362,-0.23471,-0.48917,-0.65723,-0.68259,-0.55695,-0.30753,0.0060419,0.31542,0.56797,0.74101,0.84454,0.89651,0.89328,0.80657,0.59536,0.23978,-0.23514,-0.74169,-1.1468,-1.3311,-1.2703,-1.0482,-0.80714,-0.67261,-0.71188,-0.92476,-1.2605,-1.6183,-1.8718,-1.9129,-1.72,-1.3784,-1.0147,-0.7231,-0.52895,-0.4041,-0.29469,-0.14761,0.067,0.34402,0.64884,0.93801,1.1671,1.3205,1.3992,1.4164
0.35474,-0.52691,-0.93428,-0.8139,-0.38392,0.15823,0.62904,0.84921,0.76091,0.52973,0.30381,0.068411,-0.2286,-0.60093,-1.0199,-1.4257,-1.7592,-1.9771,-2.0564,-1.9999,-1.8432,-1.6446,-1.4532,-1.2798,-1.0965,-0.86404,-0.57077,-0.2465,0.050345,0.26031,0.35386,0.32368,0.18213,-0.048708,-0.33752,-0.6342,-0.8733,-0.99113,-0.95459,-0.77499,-0.50027,-0.20055,0.066196,0.27125,0.416,0.51009,0.54716,0.49934,0.33318,0.036341,-0.36003,-0.77224,-1.0869,-1.2128,-1.1419,-0.94762,-0.75116,-0.66215,-0.74015,-0.98046,-1.3304,-1.6917,-1.9418,-1.98,-1.7892,-1.4526,-1.0937,-0.80082,-0.60092,-0.46871,-0.3516,-0.19662,0.025405,0.30841,0.61795,0.90815,1.144,1.3006,1.3729,1.3681
0.33331,-0.52424,-0.93706,-0.83811,-0.43293,0.088535,0.5478,0.77156,0.70402,0.50175,0.29917,0.07345,-0.22867,-0.61606,-1.0523,-1.4758,-1.8258,-2.0615,-2.1627,-2.1311,-1.998,-1.8182,-1.6362,-1.4558,-1.2461,-0.97847,-0.65704,-0.32337,-0.03404,0.16602,0.25589,0.23551,0.11335,-0.10537,-0.40711,-0.76046,-1.0983,-1.3426,-1.4288,-1.3409,-1.1115,-0.80565,-0.49785,-0.23671,-0.038215,0.099264,0.17263,0.16365,0.049284,-0.17587,-0.47815,-0.78197,-0.99503,-1.0558,-0.96664,-0.79967,-0.65377,-0.61297,-0.71951,-0.9686,-1.3046,-1.6387,-1.8649,-1.8977,-1.7255,-1.4236,-1.0992,-0.83106,-0.63835,-0.49724,-0.36471,-0.19965,0.021708,0.29729,0.60077,0.8951,1.1377,1.3056,1.3907,1.395
0.27546,-0.55363,-0.96279,-0.87662,-0.48559,0.032907,0.51064,0.77589,0.75131,0.56404,0.34975,0.1049,-0.21207,-0.60676,-1.0411,-1.4564,-1.8001,-2.0416,-2.1652,-2.1691,-2.0756,-1.927,-1.7567,-1.5638,-1.3222,-1.0197,-0.67528,-0.34013,-0.065077,0.11685,0.1949,0.17761,0.06886,-0.1355,-0.4408,-0.82793,-1.2427,-1.5976,-1.8088,-1.8166,-1.6215,-1.2861,-0.91116,-0.58352,-0.3383,-0.17319,-0.08016,-0.064787,-0.14386,-0.31743,-0.55548,-0.79161,-0.9481,-0.97349,-0.87682,-0.71402,-0.5708,-0.52581,-0.62102,-0.84626,-1.1508,-1.4517,-1.6552,-1.6934,-1.5608,-1.3184,-1.0552,-0.82544,-0.64862,-0.50764,-0.36913,-0.19995,0.020471,0.29275,0.59688,0.89653,1.1592,1.3563,1.4738,1.5076
0.20933,-0.59547,-0.99613,-0.91398,-0.5268,0.00048216,0.50962,0.82602,0.84317,0.65674,0.41333,0.13862,-0.19386,-0.58764,-1.0077,-1.4014,-1.7268,-1.9636,-2.1019,-2.1387,-2.086,-1.9693,-1.8081,-1.6016,-1.3349,-1.0114,-0.66311,-0.33632,-0.077594,0.089047,0.15949,0.14356,0.044196,-0.1483,-0.45067,-0.85191,-1.3072,-1.7266,-2.008,-2.0678,-1.884,-1.5254,-1.1085,-0.73844,-0.46393,-0.28073,-0.17796,-0.15622,-0.2238,-0.38327,-0.60141,-0.81452,-0.95028,-0.96422,-0.85548,-0.68344,-0.53107,-0.47195,-0.54221,-0.73352,-0.9941,-1.2501,-1.4273,-1.4745,-1.388,-1.2132,-1.0107,-0.83207,-0.68073,-0.54019,-0.38722,-0.20219,0.027082,0.30179,0.60786,0.91888,1.1959,1.4129,1.5556,1.6212
0.093395,-0.67519,-1.0579,-0.97401,-0.5836,-0.032145,0.53625,0.93746,1.0147,0.8168,0.51493,0.18755,-0.1677,-0.55141,-0.9365,-1.2854,-1.5733,-1.7941,-1.9482,-2.0326,-2.0427,-1.9769,-1.8333,-1.6095,-1.3126,-0.96902,-0.62371,-0.31813,-0.086222,0.057474,0.11989,0.10931,0.026703,-0.14656,-0.43473,-0.84232,-1.3287,-1.8042,-2.1477,-2.2494,-2.0694,-1.6712,-1.2015,-0.79012,-0.4917,-0.30489,-0.20419,-0.18203,-0.24903,-0.40403,-0.62454,-0.85094,-1.0067,-1.0321,-0.92319,-0.72523,-0.52311,-0.39954,-0.40053,-0.52114,-0.71757,-0.92809,-1.0898,-1.1615,-1.14,-1.0562,-0.95182,-0.84146,-0.72518,-0.5895,-0.4232,-0.21966,0.025948,0.31473,0.63679,0.96514,1.2703,1.5246,1.7123,1.8294
-0.011911,-0.75103,-1.1157,-1.0258,-0.62796,-0.051878,0.5689,1.0393,1.1601,0.9472,0.59398,0.22201,-0.14926,-0.51906,-0.86957,-1.1765,-1.4298,-1.6342,-1.7969,-1.9148,-1.9717,-1.9455,-1.8188,-1.5876,-1.2743,-0.92203,-0.58068,-0.29379,-0.085517,0.038984,0.093141,0.089633,0.025628,-0.12501,-0.39257,-0.78956,-1.2772,-1.7672,-2.1356,-2.2598,-2.0838,-1.6689,-1.1708,-0.73519,-0.42526,-0.2367,-0.14271,-0.13172,-0.21163,-0.38563,-0.63042,-0.88653,-1.0732,-1.1212,-1.01,-0.78581,-0.53896,-0.35988,-0.2995,-0.35913,-0.49676,-0.65929,-0.79907,-0.88783,-0.92224,-0.91784,-0.89022,-0.84317,-0.76216,-0.63369,-0.4542,-0.22731,0.043683,0.35549,0.6968,1.044,1.3672,1.6389,1.8476,1.9959
-0.17284,-0.87032,-1.2056,-1.103,-0.69104,-0.077491,0.61653,1.1773,1.3493,1.1116,0.68907,0.25851,-0.1302,-0.4748,-0.77288,-1.0204,-1.2252,-1.4045,-1.5727,-1.7268,-1.8379,-1.8589,-1.7518,-1.5162,-1.1929,-0.84237,-0.51699,-0.25691,-0.07752,0.026439,0.073981,0.085244,0.052673,-0.056237,-0.28464,-0.64785,-1.1139,-1.5961,-1.9689,-2.1055,-1.9368,-1.5239,-1.0192,-0.57319,-0.25737,-0.065826,0.022597,0.017452,-0.088792,-0.30346,-0.60431,-0.92953,-1.1852,-1.2788,-1.1692,-0.89768,-0.57062,-0.29842,-0.14494,-0.11606,-0.17811,-0.28471,-0.3991,-0.5036,-0.59776,-0.68592,-0.76073,-0.79841,-0.76546,-0.64538,-0.44489,-0.18279,0.12438,0.46546,0.8278,1.1955,1.5319,1.8241,2.066,2.2618
-0.35186,-1.0057,-1.3074,-1.1887,-0.76027,-0.10897,0.65423,1.2946,1.5074,1.2451,0.76039,0.27937,-0.11958,-0.43354,-0.67683,-0.86707,-1.026,-1.1788,-1.3453,-1.5235,-1.6758,-1.7349,-1.6444,-1.4081,-1.0849,-0.74726,-0.4493,-0.21687,-0.056746,0.04159,0.1021,0.13991,0.14499,0.078954,-0.10448,-0.42765,-0.86018,-1.3183,-1.677,-1.8112,-1.6544,-1.2564,-0.76781,-0.33428,-0.023179,0.16233,0.24324,0.22297,0.086629,-0.17476,-0.53973,-0.94031,-1.2689,-1.4111,-1.3059,-0.99294,-0.59045,-0.22662,0.020218,0.1362,0.14903,0.098619,0.015347,-0.089164,-0.21711,-0.36825,-0.52148,-0.62919,-0.64583,-0.5469,-0.34124,-0.056415,0.28148,0.65403,1.0435,1.4228,1.7758,2.0795,2.3307,2.5419
-0.49386,-1.1145,-1.3892,-1.2576,-0.81764,-0.14139,0.66682,1.3561,1.5925,1.3137,0.79068,0.28059,-0.11935,-0.40802,-0.61226,-0.76333,-0.891,-1.0243,-1.1852,-1.373,-1.5464,-1.6284,-1.553,-1.3217,-1.0029,-0.67536,-0.39242,-0.17356,-0.018727,0.085132,0.16325,0.22664,0.26205,0.22761,0.076832,-0.21491,-0.61781,-1.0529,-1.3996,-1.5385,-1.399,-1.0245,-0.55312,-0.1284,0.17739,0.36063,0.43542,0.40246,0.24491,-0.050138,-0.46168,-0.91752,-1.2977,-1.4718,-1.3659,-1.0224,-0.57247,-0.15361,0.15184,0.3249,0.39206,0.38773,0.33512,0.23991,0.098441,-0.084031,-0.27446,-0.42268,-0.4656,-0.37517,-0.16445,0.13197,0.48164,0.86152,1.252,1.633,1.9777,2.277,2.5328,2.7603
-0.68719,-1.2646,-1.5023,-1.3549,-0.90332,-0.20149,0.65254,1.3908,1.6492,1.3533,0.79331,0.26055,-0.1305,-0.38348,-0.54105,-0.64741,-0.7399,-0.84925,-0.99794,-1.1869,-1.3756,-1.4818,-1.4291,-1.2129,-0.90476,-0.586,-0.30831,-0.089501,0.07258,0.19605,0.30211,0.40175,0.47911,0.48734,0.37485,0.1189,-0.25534,-0.66688,-1.0052,-1.1496,-1.0326,-0.68856,-0.24735,0.15569,0.45092,0.62713,0.69448,0.64845,0.46746,0.13937,-0.31657,-0.82417,-1.2525,-1.4529,-1.3467,-0.97617,-0.48247,-0.012045,0.34799,0.57825,0.7027,0.74944,0.73782,0.67108,0.54474,0.36402,0.15669,-0.0082174,-0.07641,-0.014401,0.17468,0.46231,0.81357,1.1975,1.5872,1.9581,2.2907,2.5745,2.8167,3.0394
-0.8777,-1.4138,-1.617,-1.4572,-1.0007,-0.285,0.59604,1.3636,1.6344,1.328,0.75214,0.21797,-0.15183,-0.3685,-0.48836,-0.56263,-0.63045,-0.71958,-0.85118,-1.0301,-1.2219,-1.3451,-1.3171,-1.1238,-0.82912,-0.51241,-0.22458,0.014766,0.20738,0.36912,0.51537,0.65184,0.76051,0.79447,0.70566,0.47021,0.11479,-0.28291,-0.61343,-0.76326,-0.67035,-0.36212,0.044141,0.42449,0.71005,0.88224,0.9441,0.88712,0.6892,0.34102,-0.13564,-0.66091,-1.0985,-1.3004,-1.1854,-0.80569,-0.30645,0.17029,0.54558,0.80627,0.96944,1.0662,1.1086,1.0906,0.99967,0.83853,0.6444,0.47293,0.39157,0.43742,0.6083,0.87641,1.2076,1.5711,1.9394,2.2878,2.5954,2.8576,3.0841,3.2991
-1.0134,-1.5215,-1.7017,-1.5361,-1.0812,-0.36442,0.52316,1.2997,1.5737,1.2658,0.69238,0.17287,-0.17285,-0.36371,-0.46238,-0.52258,-0.57858,-0.65393,-0.77034,-0.93699,-1.1254,-1.2589,-1.2512,-1.0787,-0.79285,-0.47178,-0.1659,0.10279,0.33295,0.53308,0.71211,0.87273,0.99437,1.0368,0.95475,0.72973,0.38501,-0.0064878,-0.33779,-0.49994,-0.4267,-0.14696,0.23596,0.60417,0.8829,1.0563,1.1162,1.0516,0.84769,0.4924,0.01796,-0.49381,-0.91358,-1.1014,-0.99137,-0.62897,-0.14522,0.32561,0.70405,0.97414,1.1577,1.277,1.3445,1.3556,1.2985,1.1725,1.002,0.84918,0.76914,0.79948,0.94591,1.1894,1.4999,1.8457,2.1961,2.5256,2.8124,3.0518,3.2571,3.4569
-1.1788,-1.655,-1.8095,-1.642,-1.1978,-0.49372,0.38466,1.1556,1.4279,1.1269,0.57725,0.09655,-0.20684,-0.36531,-0.44612,-0.49831,-0.5459,-0.60643,-0.7029,-0.85248,-1.0375,-1.1863,-1.2055,-1.0565,-0.77583,-0.43756,-0.093798,0.22784,0.51896,0.77467,0.99814,1.1848,1.3145,1.3555,1.2719,1.0479,0.70511,0.31206,-0.027138,-0.20225,-0.14885,0.10917,0.46636,0.80815,1.0707,1.2301,1.2857,1.226,1.0288,0.69302,0.24564,-0.2301,-0.60703,-0.76344,-0.64754,-0.31455,0.1155,0.53179,0.87512,1.1369,1.3338,1.4873,1.6004,1.6597,1.6475,1.5605,1.4266,1.2911,1.2134,1.2323,1.3566,1.5718,1.8517,2.1671,2.4882,2.789,3.0484,3.2619,3.4432,3.6222
-1.2882,-1.7447,-1.8847,-1.7209,-1.2914,-0.60769,0.25023,1.0049,1.2717,0.98356,0.46628,0.028232,-0.23704,-0.37257,-0.44593,-0.49901,-0.54598,-0.59903,-0.68307,-0.82273,-1.0083,-1.1704,-1.2093,-1.0719,-0.78761,-0.42551,-0.043901,0.32492,0.66228,0.9577,1.2089,1.4078,1.5386,1.5731,1.4827,1.2507,0.90249,0.5052,0.16256,-0.01904,0.020817,0.25975,0.59618,0.92149,1.1719,1.3264,1.3806,1.3233,1.138,0.82268,0.41017,-0.019732,-0.3536,-0.48544,-0.37988,-0.083225,0.30224,0.67871,0.99244,1.2387,1.4345,1.5968,1.7278,1.8129,1.8323,1.7781,1.6685,1.5528,1.4828,1.4971,1.6072,1.8022,2.0592,2.3513,2.6508,2.9316,3.1726,3.3705,3.5378,3.7028
-1.4116,-1.8477,-1.9757,-1.8234,-1.4231,-0.77992,0.033103,0.75115,1.0071,0.74666,0.28977,-0.077264,-0.28624,-0.39266,-0.4627,-0.52479,-0.5781,-0.62772,-0.70141,-0.83205,-1.0192,-1.1996,-1.2682,-1.1479,-0.85,-0.44111,0.0072858,0.44792,0.84725,1.1878,1.4607,1.6618,1.7835,1.8052,1.7016,1.4613,1.1072,0.70605,0.35757,0.16511,0.18928,0.40373,0.71407,1.0155,1.246,1.3894,1.4418,1.395,1.2357,0.96159,0.60581,0.24197,-0.031562,-0.13307,-0.037183,0.20857,0.52054,0.82496,1.0858,1.3013,1.4913,1.6662,1.8203,1.9334,1.9828,1.9585,1.8773,1.7789,1.7145,1.7225,1.8181,1.9944,2.2315,2.5033,2.7825,3.045,3.268,3.4462,3.5918,3.7338
-1.5084,-1.9314,-2.0548,-1.921,-1.5595,-0.97165,-0.22197,0.44482,0.68832,0.4671,0.086935,-0.1989,-0.34917,-0.43044,-0.50347,-0.58115,-0.64896,-0.70426,-0.77414,-0.89777,-1.0861,-1.285,-1.3823,-1.2776,-0.95806,-0.49306,0.032127,0.54785,1.0074,1.3831,1.664,1.8538,1.9532,1.9529,1.8317,1.5822,1.224,0.82292,0.47611,0.28471,0.30217,0.49841,0.77782,1.0432,1.2438,1.369,1.4209,1.392,1.2672,1.045,0.75192,0.45203,0.22865,0.14916,0.22656,0.42324,0.67122,0.91142,1.1178,1.297,1.4678,1.6398,1.8048,1.9377,2.0097,2.0057,1.9386,1.8492,1.7885,1.7948,1.8825,2.045,2.2653,2.5219,2.7901,3.0427,3.2604,3.4338,3.5703,3.6946
-1.5643,-1.9816,-2.1062,-1.9902,-1.663,-1.1244,-0.43262,0.1876,0.42122,0.23622,-0.079657,-0.30214,-0.41023,-0.47488,-0.5519,-0.6447,-0.72854,-0.79353,-0.86515,-0.9871,-1.1784,-1.3901,-1.5035,-1.4017,-1.0578,-0.5457,0.03521,0.60128,1.0988,1.4925,1.7742,1.9498,2.0271,2.0035,1.8656,1.6055,1.2466,0.85285,0.51967,0.34019,0.35791,0.53835,0.78869,1.0218,1.1953,1.3048,1.3544,1.3369,1.2381,1.0525,0.80464,0.55143,0.36437,0.2977,0.36447,0.52708,0.72753,0.91869,1.0845,1.2351,1.3922,1.5632,1.7341,1.8753,1.9552,1.9572,1.8933,1.8035,1.7387,1.7384,1.8192,1.977,2.1953,2.4515,2.7197,2.9741,3.1915,3.3617,3.4924,3.6078
-1.6195,-2.0334,-2.1648,-2.0763,-1.7989,-1.3338,-0.72938,-0.1799,0.039604,-0.092139,-0.32009,-0.46191,-0.51784,-0.56206,-0.64512,-0.76104,-0.87149,-0.95575,-1.036,-1.1604,-1.3562,-1.5793,-1.7027,-1.5866,-1.1981,-0.61927,0.028085,0.64727,1.1742,1.5777,1.8484,1.9988,2.0433,1.9867,1.8227,1.5518,1.1995,0.82914,0.52663,0.37163,0.3942,0.55377,0.76467,0.94983,1.0784,1.1569,1.1957,1.1912,1.1259,0.98925,0.7953,0.58972,0.43466,0.37996,0.43131,0.56022,0.71662,0.86053,0.9816,1.097,1.2309,1.3912,1.5626,1.7101,1.7948,1.795,1.7225,1.6175,1.5379,1.5273,1.6024,1.7572,1.9748,2.2345,2.5121,2.7801,3.0122,3.1946,3.3293,3.4358
-1.6489,-2.0628,-2.2022,-2.1357,-1.8969,-1.49,-0.95586,-0.46357,-0.25515,-0.34686,-0.51231,-0.59954,-0.62132,-0.65158,-0.73849,-0.87172,-1.0046,-1.1073,-1.1971,-1.3243,-1.5207,-1.7443,-1.8636,-1.7306,-1.3057,-0.68086,0.0075975,0.65561,1.1963,1.598,1.8562,1.9831,1.9985,1.911,1.7248,1.445,1.1047,0.76374,0.50073,0.37758,0.40932,0.551,0.72344,0.86335,0.95135,1.0022,1.0298,1.0303,0.98475,0.87495,0.71168,0.53567,0.40336,0.35766,0.40769,0.52059,0.64936,0.76059,0.85152,0.94413,1.0645,1.2206,1.3928,1.5416,1.6247,1.6177,1.5304,1.4082,1.3091,1.2801,1.3417,1.4915,1.7137,1.9862,2.2816,2.5688,2.8204,3.018,3.1615,3.2677
-1.677,-2.0928,-2.2449,-2.2074,-2.0196,-1.6894,-1.2499,-0.83561,-0.64481,-0.68962,-0.78424,-0.81187,-0.79513,-0.80855,-0.89885,-1.0525,-1.2145,-1.3436,-1.4493,-1.5796,-1.7694,-1.9792,-2.0754,-1.9073,-1.4344,-0.76007,-0.031397,0.64065,1.1881,1.5772,1.8075,1.8934,1.8606,1.7289,1.5141,1.2326,0.92007,0.63227,0.43166,0.35914,0.40923,0.52989,0.64896,0.71992,0.74386,0.74644,0.75147,0.75393,0.72438,0.64161,0.50491,0.35112,0.23638,0.20509,0.25851,0.36705,0.48295,0.5737,0.64029,0.71093,0.81582,0.96373,1.1329,1.279,1.3544,1.3307,1.2165,1.0569,0.91722,0.85231,0.8896,1.0304,1.2605,1.5562,1.8861,2.2123,2.5022,2.7301,2.8905,2.9963
-1.6996,-2.1173,-2.2823,-2.2716,-2.1303,-1.8712,-1.5221,-1.1848,-1.0154,-1.0268,-1.0715,-1.0573,-1.0107,-1.0077,-1.0974,-1.266,-1.4517,-1.605,-1.7264,-1.8577,-2.0308,-2.2082,-2.2604,-2.0426,-1.5243,-0.8163,-0.066718,0.60859,1.1438,1.5076,1.6967,1.7345,1.6492,1.4744,1.2323,0.95567,0.6802,0.45842,0.33191,0.31741,0.38902,0.48698,0.55115,0.55289,0.50961,0.4617,0.43387,0.41886,0.38556,0.30197,0.17206,0.034549,-0.055951,-0.063263,0.013664,0.13332,0.2486,0.33262,0.39159,0.45424,0.55417,0.69858,0.86442,1.0057,1.0713,1.0282,0.87962,0.67394,0.47945,0.36078,0.35714,0.47843,0.71279,1.034,1.4048,1.7792,2.1173,2.3885,2.5808,2.7
-1.7171,-2.1355,-2.3088,-2.3155,-2.2044,-1.9926,-1.7036,-1.4201,-1.2706,-1.2709,-1.2951,-1.2614,-1.197,-1.1801,-1.2639,-1.4376,-1.6373,-1.8067,-1.9383,-2.0665,-2.2185,-2.357,-2.361,-2.098,-1.5525,-0.83572,-0.090574,0.57001,1.0836,1.4229,1.584,1.5898,1.4695,1.259,0.99282,0.71255,0.46623,0.30014,0.23977,0.27617,0.36459,0.44499,0.46403,0.4099,0.31446,0.2265,0.17305,0.14118,0.093883,-0.0010251,-0.13941,-0.27747,-0.35652,-0.34146,-0.2383,-0.09211,0.04431,0.14104,0.20514,0.26966,0.36842,0.51227,0.67761,0.81561,0.87205,0.81118,0.63582,0.3884,0.14449,-0.022808,-0.064559,0.036514,0.27152,0.61246,1.0164,1.4329,1.8096,2.1125,2.327,2.4574
-1.7466,-2.1638,-2.3441,-2.3692,-2.2901,-2.1288,-1.9056,-1.6839,-1.5684,-1.5759,-1.597,-1.5527,-1.4684,-1.4277,-1.496,-1.6665,-1.8778,-2.066,-2.2087,-2.3246,-2.4325,-2.4978,-2.4192,-2.0981,-1.5344,-0.83316,-0.12386,0.49858,0.97606,1.2811,1.4128,1.381,1.2167,0.95575,0.65488,0.37283,0.1721,0.083858,0.10424,0.19436,0.29777,0.35302,0.32069,0.20324,0.045857,-0.095666,-0.1921,-0.25896,-0.3401,-0.46342,-0.62261,-0.76597,-0.82869,-0.7743,-0.62477,-0.43189,-0.2529,-0.11992,-0.02899,0.051623,0.1557,0.29613,0.45601,0.59016,0.64131,0.56574,0.359,0.06215,-0.24958,-0.49152,-0.59929,-0.54266,-0.32316,0.032765,0.47778,0.94649,1.3833,1.7418,1.9975,2.1465
-1.7885,-2.2001,-2.3816,-2.4173,-2.359,-2.2308,-2.0524,-1.8768,-1.8015,-1.842,-1.8854,-1.8446,-1.7432,-1.6745,-1.7182,-1.8765,-2.0921,-2.293,-2.4409,-2.5365,-2.5868,-2.5642,-2.3986,-2.0285,-1.4675,-0.8041,-0.14507,0.42859,0.86414,1.135,1.2318,1.1644,0.95798,0.65828,0.32899,0.052514,-0.10959,-0.13548,-0.055115,0.074182,0.18567,0.21911,0.14436,-0.023907,-0.22979,-0.41396,-0.55151,-0.66292,-0.79072,-0.96286,-1.1578,-1.311,-1.351,-1.2487,-1.034,-0.77712,-0.54339,-0.36622,-0.23961,-0.13404,-0.012692,0.13577,0.29327,0.41692,0.45426,0.36444,0.13699,-0.1909,-0.55043,-0.85878,-1.0395,-1.0401,-0.84584,-0.48348,-0.012481,0.5013,0.97743,1.3692,1.6538,1.8267
-1.8301,-2.2344,-2.4121,-2.4503,-2.3995,-2.2835,-2.1219,-1.969,-1.925,-2.0034,-2.0762,-2.0442,-1.9322,-1.8419,-1.8642,-2.011,-2.2256,-2.4301,-2.575,-2.6485,-2.6507,-2.5618,-2.3372,-1.9416,-1.3956,-0.77173,-0.15813,0.37406,0.77732,1.0253,1.1038,1.0191,0.79245,0.47009,0.12128,-0.1626,-0.31154,-0.30566,-0.19061,-0.037284,0.076202,0.094516,-0.0089667,-0.21098,-0.44619,-0.65452,-0.81357,-0.94901,-1.1085,-1.3158,-1.5422,-1.7104,-1.7393,-1.6007,-1.337,-1.0273,-0.74337,-0.52283,-0.3637,-0.23406,-0.10709,0.036984,0.18878,0.31069,0.34916,0.25828,0.027466,-0.31591,-0.70165,-1.0426,-1.2611,-1.3058,-1.1561,-0.8235,-0.35424,0.17276,0.68549,1.1205,1.4398,1.6288
-1.9008,-2.2907,-2.457,-2.4906,-2.4387,-2.3223,-2.1612,-2.0199,-2.0136,-2.1495,-2.2701,-2.2555,-2.1324,-2.0171,-2.0139,-2.1453,-2.3535,-2.5535,-2.6842,-2.7211,-2.6593,-2.4924,-2.207,-1.7977,-1.2861,-0.72525,-0.17895,0.29584,0.6604,0.88551,0.95587,0.86576,0.62863,0.28378,-0.090211,-0.39428,-0.53922,-0.51198,-0.36699,-0.19803,-0.08897,-0.10008,-0.24631,-0.48736,-0.74867,-0.96617,-1.1283,-1.2764,-1.4655,-1.7135,-1.9796,-2.1662,-2.1792,-1.9943,-1.6726,-1.3063,-0.97117,-0.70348,-0.50142,-0.34351,-0.19693,-0.049073,0.092971,0.20038,0.23041,0.14354,-0.077892,-0.40608,-0.78606,-1.1441,-1.405,-1.5064,-1.4118,-1.1232,-0.68309,-0.15858,0.36241,0.81288,1.1527,1.3631
-1.9666,-2.3418,-2.4941,-2.5181,-2.4575,-2.3291,-2.1529,-2.0062,-2.0201,-2.1967,-2.3537,-2.3554,-2.2287,-2.1007,-2.0835,-2.2043,-2.404,-2.5946,-2.7094,-2.7179,-2.6141,-2.4016,-2.0864,-1.6797,-1.1999,-0.6882,-0.1933,0.24024,0.57801,0.79178,0.86326,0.77967,0.54701,0.20028,-0.18381,-0.49877,-0.65292,-0.62999,-0.49033,-0.32959,-0.23415,-0.26416,-0.42998,-0.68583,-0.95229,-1.1646,-1.3214,-1.4707,-1.6672,-1.9309,-2.2086,-2.3957,-2.396,-2.1907,-1.8414,-1.4463,-1.0831,-0.78991,-0.56847,-0.39674,-0.25045,-0.10917,0.026265,0.13137,0.16442,0.085303,-0.11736,-0.42909,-0.79036,-1.1308,-1.3882,-1.5158,-1.4785,-1.2573,-0.86678,-0.3721,0.14974,0.61991,0.98269,1.2095
-2.0721,-2.4215,-2.5472,-2.5511,-2.4694,-2.3119,-2.0989,-1.9245,-1.9471,-2.1642,-2.3624,-2.3882,-2.2695,-2.139,-2.1147,-2.2255,-2.4125,-2.5858,-2.6753,-2.6479,-2.5001,-2.2468,-1.9119,-1.5177,-1.0847,-0.6365,-0.20481,0.17841,0.48474,0.69148,0.77401,0.71356,0.50614,0.17765,-0.20451,-0.53279,-0.71394,-0.72084,-0.6118,-0.47908,-0.41171,-0.4692,-0.65883,-0.92812,-1.1881,-1.3754,-1.4964,-1.6106,-1.7831,-2.0307,-2.3008,-2.4848,-2.4826,-2.2723,-1.9211,-1.5214,-1.149,-0.84275,-0.6086,-0.43276,-0.29046,-0.16544,-0.05254,0.034944,0.0669,0.0097943,-0.15684,-0.40918,-0.71161,-1.0136,-1.264,-1.4154,-1.427,-1.2733,-0.9593,-0.52238,-0.041259,0.40796,0.77046,1.0133
-2.1969,-2.5133,-2.6026,-2.5788,-2.4678,-2.2702,-2.005,-1.7835,-1.7899,-2.0225,-2.2472,-2.2994,-2.2048,-2.0935,-2.0805,-2.1927,-2.3701,-2.5232,-2.5829,-2.5186,-2.3338,-2.0555,-1.7193,-1.3515,-0.96794,-0.58081,-0.20598,0.13471,0.42172,0.6336,0.74092,0.7186,0.55252,0.25882,-0.10469,-0.44097,-0.65328,-0.70611,-0.64021,-0.54664,-0.51598,-0.60829,-0.82728,-1.1054,-1.3423,-1.4774,-1.5313,-1.5829,-1.7026,-1.9075,-2.1423,-2.3019,-2.2957,-2.107,-1.7877,-1.4228,-1.0808,-0.79993,-0.58958,-0.43612,-0.32154,-0.22276,-0.13005,-0.053368,-0.020533,-0.061996,-0.18605,-0.38566,-0.62139,-0.85283,-1.0505,-1.1923,-1.2491,-1.1819,-0.96228,-0.6036,-0.16948,0.26562,0.63317,0.88926
-2.3012,-2.588,-2.6444,-2.5954,-2.4585,-2.2261,-1.9158,-1.6492,-1.6278,-1.8541,-2.0881,-2.1604,-2.093,-2.0102,-2.0198,-2.143,-2.3178,-2.4552,-2.489,-2.3938,-2.1817,-1.8897,-1.5583,-1.2142,-0.86721,-0.52331,-0.18896,0.12418,0.40371,0.62638,0.76077,0.77344,0.64523,0.38642,0.048986,-0.28037,-0.50998,-0.59898,-0.57864,-0.52747,-0.53132,-0.64583,-0.87146,-1.139,-1.3469,-1.4402,-1.4481,-1.4508,-1.5183,-1.6722,-1.8618,-1.9966,-1.9959,-1.8375,-1.563,-1.2444,-0.9449,-0.70262,-0.52795,-0.40911,-0.32497,-0.25516,-0.18893,-0.13123,-0.10196,-0.12543,-0.21825,-0.36126,-0.53616,-0.71883,-0.88859,-1.0231,-1.091,-1.054,-0.88364,-0.58387,-0.19671,0.20505,0.55875,0.82127
-2.45,-2.6919,-2.6985,-2.6114,-2.4368,-2.1556,-1.7812,-1.4468,-1.3722,-1.5718,-1.807,-1.9061,-1.8847,-1.8553,-1.9105,-2.0617,-2.2411,-2.3571,-2.3486,-2.2047,-1.954,-1.644,-1.3186,-1.0026,-0.69875,-0.40363,-0.11556,0.16887,0.44257,0.68268,0.85426,0.91465,0.841,0.63789,0.34731,0.042808,-0.19694,-0.32646,-0.36369,-0.36801,-0.41295,-0.55157,-0.77871,-1.0242,-1.1902,-1.2282,-1.173,-1.1064,-1.1035,-1.1856,-1.3206,-1.4331,-1.4483,-1.3367,-1.1293,-0.88413,-0.66032,-0.49371,-0.39111,-0.33795,-0.31024,-0.28619,-0.25484,-0.22051,-0.20117,-0.21736,-0.27374,-0.36803,-0.47717,-0.58562,-0.68864,-0.78229,-0.84763,-0.84619,-0.73639,-0.50044,-0.17434,0.18801,0.52598,0.79608
-2.565,-2.77,-2.7357,-2.6184,-2.4153,-2.098,-1.6762,-1.288,-1.1661,-1.3366,-1.5679,-1.6875,-1.7059,-1.7235,-1.8215,-2.002,-2.1896,-2.2896,-2.245,-2.0577,-1.7718,-1.4445,-1.1207,-0.82087,-0.54198,-0.27333,-0.005772,0.26633,0.53902,0.79015,0.98199,1.0742,1.0391,0.87962,0.6276,0.34701,0.10826,-0.042275,-0.10866,-0.1405,-0.2052,-0.35067,-0.5719,-0.79701,-0.93164,-0.93255,-0.83913,-0.73646,-0.6954,-0.74288,-0.84801,-0.94318,-0.96441,-0.88723,-0.73207,-0.54972,-0.39093,-0.28811,-0.24751,-0.25331,-0.27686,-0.29666,-0.30059,-0.29049,-0.28009,-0.28659,-0.32395,-0.37593,-0.43765,-0.50428,-0.57519,-0.64478,-0.6931,-0.68585,-0.58811,-0.38782,-0.097696,0.232,0.55184,0.8255
-2.7166,-2.8696,-2.779,-2.621,-2.3818,-2.0214,-1.5418,-1.0839,-0.89513,-1.0221,-1.2452,-1.3936,-1.4674,-1.5524,-1.7143,-1.9399,-2.1425,-2.221,-2.1231,-1.868,-1.5231,-1.1616,-0.83077,-0.54235,-0.28232,-0.032542,0.22206,0.48622,0.75778,1.0186,1.2318,1.3592,1.3717,1.2644,1.0601,0.81102,0.58065,0.41627,0.32504,0.27065,0.19891,0.06643,-0.12028,-0.30018,-0.39597,-0.37228,-0.26527,-0.14615,-0.078464,-0.090736,-0.16381,-0.24723,-0.28725,-0.25687,-0.16827,-0.063364,0.0097331,0.020063,-0.033216,-0.12546,-0.22179,-0.29395,-0.33153,-0.34203,-0.34435,-0.35646,-0.38102,-0.41484,-0.44206,-0.45879,-0.47198,-0.4871,-0.49428,-0.46606,-0.37061,-0.19145,0.058866,0.34957,0.6452,0.92176
-2.8581,-2.9582,-2.8119,-2.6162,-2.3465,-1.9521,-1.4261,-0.90587,-0.65191,-0.734,-0.94963,-1.1274,-1.2587,-1.4131,-1.642,-1.9161,-2.1349,-2.1875,-2.0269,-1.6935,-1.2787,-0.87043,-0.51713,-0.22168,0.037029,0.28375,0.53499,0.7972,1.07,1.338,1.5674,1.7177,1.7614,1.689,1.5207,1.2971,1.0773,0.90962,0.80973,0.7566,0.70339,0.61234,0.47907,0.34741,0.28011,0.30725,0.40494,0.51652,0.58571,0.58389,0.5201,0.43316,0.36868,0.35342,0.37785,0.40875,0.40254,0.33009,0.19269,0.021487,-0.14136,-0.26335,-0.3328,-0.36033,-0.36986,-0.38352,-0.411,-0.43656,-0.44844,-0.44122,-0.41931,-0.38746,-0.34108,-0.26501,-0.14173,0.036471,0.26514,0.526,0.80216,1.0855
-2.9515,-3.0137,-2.8282,-2.6079,-2.3211,-1.9091,-1.3577,-0.79866,-0.50006,-0.55027,-0.76064,-0.96111,-1.1344,-1.3408,-1.621,-1.9319,-2.1604,-2.1884,-1.9735,-1.5743,-1.1017,-0.65249,-0.27348,0.036373,0.30304,0.55441,0.8078,1.0741,1.3515,1.6235,1.8572,2.0133,2.0664,2.0084,1.8571,1.6485,1.4372,1.2712,1.1751,1.1342,1.1082,1.0561,0.966,0.86987,0.81985,0.84358,0.92671,1.0219,1.0791,1.0713,1.0033,0.90813,0.82524,0.77661,0.75713,0.73431,0.66829,0.53384,0.33694,0.11478,-0.086196,-0.22871,-0.30308,-0.32758,-0.33579,-0.35622,-0.39333,-0.4366,-0.45929,-0.44657,-0.40048,-0.33058,-0.24076,-0.12506,0.025815,0.21522,0.43686,0.682,0.94457,1.2289
-3.0501,-3.0673,-2.837,-2.5911,-2.2908,-1.8682,-1.2972,-0.69951,-0.34856,-0.35981,-0.56481,-0.79454,-1.021,-1.2933,-1.6381,-1.9965,-2.2337,-2.2208,-1.9265,-1.437,-0.88656,-0.37995,0.038327,0.37381,0.65936,0.92597,1.194,1.4728,1.7591,2.032,2.2601,2.4109,2.463,2.4115,2.2688,2.0683,1.86,1.6958,1.6071,1.5884,1.606,1.6148,1.5923,1.5497,1.5222,1.5377,1.5924,1.6563,1.6895,1.6662,1.5858,1.4718,1.3571,1.2632,1.1844,1.0934,0.95447,0.74754,0.48557,0.21129,-0.018395,-0.16829,-0.23483,-0.24486,-0.2405,-0.25814,-0.31265,-0.38163,-0.43335,-0.43869,-0.38562,-0.2792,-0.13263,0.041619,0.2351,0.44382,0.66208,0.8925,1.1445,1.4365
-3.1095,-3.0919,-2.83,-2.569,-2.2669,-1.8487,-1.2759,-0.65614,-0.2635,-0.24078,-0.44187,-0.69721,-0.96916,-1.2973,-1.696,-2.0918,-2.3313,-2.2738,-1.9004,-1.3253,-0.70271,-0.14261,0.31438,0.68071,0.99131,1.2803,1.569,1.8619,2.1522,2.4209,2.6384,2.7787,2.8215,2.7619,2.6093,2.397,2.1769,2.008,1.9283,1.9401,2.0084,2.0828,2.1245,2.1293,2.1231,2.1342,2.1687,2.2059,2.2145,2.1693,2.068,1.9307,1.7849,1.6459,1.5117,1.3562,1.1495,0.87851,0.56393,0.25772,0.018328,-0.11544,-0.14605,-0.11396,-0.077642,-0.086119,-0.15484,-0.26277,-0.36155,-0.40231,-0.35804,-0.23042,-0.041071,0.18241,0.41644,0.64668,0.86932,1.0903,1.3311,1.6251
-3.1235,-3.0889,-2.8135,-2.5493,-2.2539,-1.849,-1.2872,-0.66114,-0.24467,-0.20008,-0.39744,-0.66795,-0.96716,-1.3268,-1.755,-2.1688,-2.4037,-2.3129,-1.8863,-1.2552,-0.58615,0.0083606,0.49046,0.87732,1.206,1.5113,1.8134,2.1152,2.4078,2.6743,2.8857,3.0162,3.0474,2.972,2.8001,2.5671,2.3289,2.1515,2.0767,2.111,2.2176,2.341,2.4308,2.4707,2.4814,2.4892,2.5094,2.5307,2.5244,2.4698,2.3596,2.2074,2.0365,1.8641,1.685,1.4799,1.225,0.91394,0.57358,0.25709,0.030542,-0.074866,-0.070178,-0.0041112,0.058669,0.064224,-0.0095081,-0.13845,-0.26822,-0.33866,-0.31048,-0.17991,0.027121,0.27348,0.52728,0.77035,0.99615,1.2166,1.4571,1.7547
-3.0975,-3.0552,-2.7774,-2.5198,-2.2433,-1.8692,-1.3369,-0.7163,-0.27694,-0.20628,-0.39581,-0.67899,-1.0024,-1.3877,-1.8365,-2.257,-2.4758,-2.3434,-1.8602,-1.1737,-0.45989,0.16782,0.67411,1.0786,1.4228,1.743,2.0569,2.3712,2.6746,2.9437,3.1505,3.2644,3.2692,3.159,2.9495,2.6772,2.407,2.2102,2.1391,2.2006,2.3554,2.5362,2.6817,2.7657,2.8009,2.8181,2.8349,2.8455,2.8283,2.7601,2.6339,2.4612,2.2618,2.0483,1.8202,1.5616,1.2555,0.90324,0.53826,0.22407,0.016926,-0.049272,0.010193,0.13653,0.25121,0.28797,0.22117,0.072096,-0.097177,-0.21046,-0.21288,-0.093273,0.11987,0.38136,0.65109,0.90443,1.1358,1.3559,1.5928,1.8893
-3.0436,-3.0075,-2.7403,-2.4961,-2.2407,-1.8983,-1.3989,-0.7916,-0.34022,-0.25006,-0.42999,-0.71521,-1.0456,-1.4368,-1.8845,-2.2947,-2.4929,-2.3328,-1.8222,-1.1145,-0.38672,0.24963,0.76161,1.1705,1.5199,1.847,2.1713,2.4975,2.8131,3.0866,3.287,3.385,3.364,3.2238,2.9811,2.6754,2.3743,2.1549,2.0797,2.1574,2.3462,2.5676,2.7514,2.8652,2.9189,2.9455,2.9661,2.977,2.9582,2.8873,2.7555,2.5729,2.3577,2.1206,1.8624,1.5689,1.2281,0.84967,0.47649,0.17148,-0.0045568,-0.029779,0.069686,0.23066,0.37533,0.43748,0.38582,0.23943,0.05841,-0.078679,-0.10792,-0.0082176,0.19563,0.45549,0.72653,0.98338,1.2142,1.4339,1.6728,1.9741
-2.9274,-2.9153,-2.6784,-2.4624,-2.244,-1.9539,-1.5111,-0.93163,-0.46744,-0.34897,-0.50906,-0.78558,-1.1103,-1.4883,-1.9112,-2.2858,-2.4448,-2.2556,-1.7341,-1.0307,-0.31559,0.30514,0.80378,1.2043,1.5529,1.8867,2.2267,2.5713,2.9012,3.1798,3.3716,3.4503,3.4006,3.2229,2.9321,2.5709,2.2133,1.9529,1.8611,1.9554,2.1848,2.4607,2.6964,2.8481,2.926,2.963,2.9873,3.0025,2.9898,2.9273,2.8038,2.6229,2.3975,2.1397,1.8487,1.5195,1.1511,0.76098,0.39321,0.10959,-0.037607,-0.029143,0.11002,0.31577,0.50557,0.60763,0.58753,0.45897,0.27991,0.12811,0.069599,0.13303,0.30471,0.5449,0.80998,1.0666,1.3038,1.5279,1.7654,2.0602
-2.7658,-2.7932,-2.6028,-2.4258,-2.2525,-2.0239,-1.6476,-1.105,-0.62829,-0.47608,-0.60885,-0.86574,-1.1674,-1.5102,-1.8823,-2.1985,-2.3105,-2.1068,-1.6076,-0.94799,-0.28088,0.29643,0.75934,1.1366,1.4746,1.8115,2.166,2.5289,2.8727,3.1602,3.3496,3.416,3.3439,3.1303,2.7876,2.3641,1.9439,1.6379,1.5288,1.636,1.899,2.2128,2.4812,2.6577,2.7526,2.8061,2.8481,2.8815,2.8868,2.8393,2.726,2.5514,2.3289,2.0687,1.773,1.4389,1.0682,0.68193,0.32575,0.060048,-0.068294,-0.041594,0.11698,0.34809,0.57273,0.71775,0.74139,0.65148,0.49461,0.34179,0.26005,0.28712,0.42146,0.63251,0.88054,1.1322,1.3708,1.5995,1.8412,2.1359
-2.6194,-2.6847,-2.538,-2.3955,-2.2597,-2.0799,-1.7571,-1.2448,-0.75728,-0.57605,-0.68504,-0.92214,-1.1984,-1.5032,-1.8246,-2.0861,-2.1618,-1.9593,-1.4964,-0.89031,-0.27781,0.25192,0.67677,1.0264,1.3473,1.679,2.0381,2.4151,2.7766,3.078,3.2753,3.3378,3.2512,3.01,2.6303,2.1608,1.6971,1.3582,1.2393,1.3547,1.6348,1.9646,2.243,2.4254,2.526,2.5867,2.6409,2.6908,2.7137,2.6856,2.5909,2.433,2.225,1.9783,1.6944,1.3714,1.012,0.63756,0.29302,0.034309,-0.09107,-0.063293,0.098321,0.33834,0.58038,0.75222,0.81274,0.75734,0.62935,0.49044,0.4013,0.40286,0.50581,0.69229,0.92781,1.176,1.4181,1.6492,1.8882,2.1745
-2.3984,-2.5219,-2.4421,-2.3502,-2.2664,-2.1512,-1.8982,-1.423,-0.91944,-0.70002,-0.77627,-0.98452,-1.221,-1.4654,-1.7079,-1.8931,-1.9273,-1.7406,-1.3442,-0.82796,-0.30492,0.14619,0.5058,0.80395,1.0897,1.4065,1.7712,2.1724,2.5661,2.8936,3.1056,3.1683,3.0671,2.8002,2.3857,1.8742,1.3672,0.9938,0.85653,0.97008,1.2548,1.5874,1.8625,2.0364,2.1289,2.1898,2.2532,2.3219,2.373,2.3751,2.3145,2.1931,2.0224,1.8123,1.5655,1.2789,0.95544,0.6129,0.28803,0.030689,-0.11398,-0.11821,0.016692,0.25196,0.51724,0.73458,0.84824,0.84995,0.76535,0.64803,0.55645,0.53538,0.60462,0.75813,0.97165,1.2122,1.4566,1.696,1.9407,2.2206
-2.1576,-2.3445,-2.3375,-2.2992,-2.2656,-2.209,-2.0157,-1.5696,-1.0492,-0.79799,-0.84801,-1.0301,-1.2254,-1.4036,-1.5654,-1.6807,-1.686,-1.528,-1.2089,-0.79175,-0.36793,-0.0081549,0.26978,0.49952,0.74116,1.0431,1.4219,1.8527,2.2795,2.6342,2.8621,2.9333,2.8342,2.5653,2.1411,1.6155,1.0902,0.70197,0.55535,0.66074,0.92803,1.2279,1.4579,1.5849,1.6418,1.6855,1.7545,1.8464,1.9297,1.9712,1.9515,1.8741,1.7532,1.5998,1.4139,1.1886,0.91695,0.60711,0.29008,0.01429,-0.16625,-0.21063,-0.10757,0.11398,0.38886,0.63875,0.80608,0.86251,0.82715,0.7422,0.65945,0.62595,0.67147,0.80097,0.99657,1.2333,1.4741,1.7089,1.9469,2.2159
-1.9704,-2.2062,-2.2552,-2.2568,-2.2573,-2.2369,-2.0777,-1.6451,-1.1139,-0.84753,-0.88781,-1.0561,-1.2211,-1.3514,-1.4577,-1.5288,-1.5216,-1.3909,-1.131,-0.78866,-0.44135,-0.15339,0.059442,0.23557,0.44272,0.73388,1.1241,1.5765,2.0262,2.4011,2.6452,2.7304,2.645,2.3886,1.9756,1.4593,0.94267,0.56186,0.41618,0.50811,0.74305,0.99473,1.168,1.2394,1.252,1.2673,1.3272,1.4279,1.5332,1.6058,1.626,1.5955,1.5263,1.4271,1.2955,1.1183,0.88537,0.59995,0.28702,-0.0079339,-0.22394,-0.31205,-0.24627,-0.042147,0.2406,0.51981,0.72334,0.82611,0.83225,0.77586,0.70344,0.66171,0.68714,0.79658,0.98238,1.214,1.4628,1.7064,1.9427,2.1919
-1.7194,-2.0201,-2.1425,-2.1944,-2.233,-2.2465,-2.1129,-1.6868,-1.1475,-0.87974,-0.92527,-1.086,-1.2168,-1.2894,-1.3324,-1.3596,-1.3472,-1.2566,-1.0731,-0.82574,-0.57535,-0.37722,-0.24344,-0.13039,0.033816,0.30931,0.70731,1.1838,1.6614,2.062,2.3316,2.4421,2.385,2.1609,1.7877,1.3152,0.84379,0.49558,0.3554,0.4148,0.58451,0.7459,0.81967,0.79412,0.72241,0.68356,0.72107,0.8282,0.9615,1.0763,1.1478,1.1779,1.1802,1.1614,1.1111,1.0096,0.83305,0.57272,0.24958,-0.084133,-0.35644,-0.49711,-0.46584,-0.2735,0.018042,0.32294,0.57154,0.71905,0.76903,0.74781,0.69562,0.65782,0.67512,0.77108,0.94358,1.1717,1.4131,1.645,1.8634,2.0857
-1.5352,-1.8824,-2.0574,-2.1434,-2.2033,-2.2297,-2.0996,-1.6703,-1.1332,-0.8815,-0.94547,-1.1109,-1.2233,-1.2586,-1.2629,-1.2679,-1.259,-1.1997,-1.0693,-0.88532,-0.69784,-0.55653,-0.47166,-0.39855,-0.26107,0.0051649,0.40869,0.9004,1.3933,1.8058,2.0874,2.2159,2.1866,2.002,1.6772,1.2566,0.83192,0.51433,0.37998,0.41509,0.53162,0.6177,0.60165,0.48511,0.33495,0.24147,0.25171,0.35425,0.50311,0.64584,0.76044,0.84728,0.91404,0.959,0.9696,0.91683,0.77273,0.52549,0.19419,-0.167,-0.4777,-0.65877,-0.65831,-0.47828,-0.17862,0.15003,0.42508,0.60826,0.69233,0.69811,0.66099,0.62405,0.63101,0.7137,0.8782,1.0985,1.3413,1.5733,1.7809,1.975
-1.3009,-1.7055,-1.9446,-2.0694,-2.1478,-2.1739,-2.0297,-1.5881,-1.0692,-0.8618,-0.97044,-1.1574,-1.2554,-1.2508,-1.2142,-1.1998,-1.2026,-1.1847,-1.1168,-1.0037,-0.8834,-0.79973,-0.7627,-0.72877,-0.61136,-0.34432,0.074479,0.58026,1.0776,1.4866,1.7678,1.9133,1.9272,1.8103,1.566,1.2283,0.87066,0.59274,0.45781,0.45536,0.50136,0.49501,0.36841,0.1305,-0.13399,-0.32509,-0.37391,-0.28488,-0.11788,0.073656,0.2522,0.41038,0.55237,0.67744,0.75985,0.76755,0.66449,0.43135,0.084782,-0.31604,-0.67601,-0.89746,-0.91661,-0.73605,-0.42366,-0.076032,0.22698,0.43842,0.55158,0.58338,0.56541,0.53855,0.5461,0.62084,0.77142,0.98159,1.2085,1.4212,1.6042,1.7626
-1.085,-1.5411,-1.8348,-1.9901,-2.0745,-2.0827,-1.905,-1.4489,-0.96592,-0.82696,-1.0025,-1.2279,-1.3249,-1.2912,-1.2234,-1.1966,-1.214,-1.2346,-1.219,-1.1608,-1.0895,-1.0441,-1.0315,-1.0033,-0.87274,-0.58137,-0.14165,0.36299,0.83915,1.2207,1.4837,1.6364,1.6862,1.6321,1.4677,1.213,0.92383,0.68172,0.54108,0.49602,0.4784,0.39318,0.179,-0.15673,-0.52844,-0.81242,-0.92601,-0.86475,-0.68783,-0.46675,-0.24309,-0.025906,0.18657,0.38269,0.53533,0.60146,0.53661,0.31698,-0.040321,-0.46805,-0.86372,-1.1149,-1.1491,-0.96974,-0.65112,-0.29368,0.021174,0.25165,0.39002,0.44776,0.44865,0.42787,0.42877,0.48983,0.6264,0.82168,1.0381,1.2369,1.3952,1.5118
-0.9382,-1.4283,-1.7564,-1.929,-2.0097,-1.9946,-1.7832,-1.3176,-0.8723,-0.79797,-1.0355,-1.2999,-1.4037,-1.3539,-1.2681,-1.235,-1.2633,-1.3087,-1.3249,-1.2981,-1.252,-1.221,-1.2072,-1.1569,-0.99351,-0.67143,-0.2201,0.27197,0.7166,1.0632,1.3024,1.4514,1.5213,1.5064,1.3947,1.191,0.94245,0.7185,0.57604,0.5113,0.46126,0.33625,0.07169,-0.32436,-0.76182,-1.1117,-1.2783,-1.2494,-1.0795,-0.845,-0.58698,-0.32278,-0.061653,0.17961,0.37149,0.46714,0.42361,0.21675,-0.13804,-0.57555,-0.98469,-1.2468,-1.2855,-1.1069,-0.789,-0.43269,-0.11569,0.12096,0.26731,0.33276,0.33999,0.32338,0.32452,0.38011,0.50604,0.68968,0.89455,1.0804,1.2214,1.311
-0.76589,-1.2947,-1.6603,-1.8473,-1.915,-1.8589,-1.5975,-1.1233,-0.73969,-0.76401,-1.0953,-1.4201,-1.5394,-1.4743,-1.3695,-1.3323,-1.3749,-1.4479,-1.4971,-1.4995,-1.4697,-1.4341,-1.3909,-1.2897,-1.0668,-0.69808,-0.2341,0.23546,0.62864,0.91321,1.102,1.2286,1.3138,1.3446,1.292,1.1445,0.93345,0.72258,0.5705,0.48421,0.40958,0.26033,-0.033126,-0.47018,-0.96641,-1.3894,-1.6234,-1.6375,-1.4866,-1.2441,-0.97112,-0.68735,-0.39637,-0.11238,0.12717,0.27412,0.27533,0.099944,-0.23796,-0.66767,-1.0799,-1.3524,-1.4065,-1.2463,-0.94808,-0.60927,-0.30338,-0.067734,0.089239,0.17269,0.19645,0.18565,0.17757,0.21228,0.31454,0.48141,0.67231,0.85146,0.98681,1.0626
-0.65639,-1.2091,-1.5961,-1.7882,-1.8409,-1.7496,-1.4501,-0.97339,-0.64126,-0.74452,-1.1504,-1.5243,-1.658,-1.5846,-1.4687,-1.4304,-1.4834,-1.5741,-1.6424,-1.6584,-1.6291,-1.575,-1.4944,-1.3451,-1.0729,-0.66911,-0.19505,0.2562,0.60954,0.84161,0.98418,1.0837,1.1691,1.2222,1.2021,1.0863,0.89473,0.68833,0.52472,0.42336,0.34343,0.19886,-0.081699,-0.51079,-1.0196,-1.4739,-1.7571,-1.8234,-1.709,-1.4929,-1.2285,-0.93729,-0.62786,-0.32024,-0.04971,0.12853,0.16018,0.013367,-0.29906,-0.71034,-1.1101,-1.3802,-1.4465,-1.3125,-1.0454,-0.73109,-0.43791,-0.20169,-0.038597,0.048895,0.071703,0.056459,0.042853,0.071801,0.16765,0.32457,0.51603,0.69445,0.82559,0.89224
-0.53919,-1.1164,-1.523,-1.715,-1.7429,-1.6026,-1.2556,-0.78198,-0.521,-0.72974,-1.2347,-1.673,-1.8263,-1.7434,-1.6143,-1.5753,-1.641,-1.7525,-1.8415,-1.8681,-1.8295,-1.7411,-1.6014,-1.3789,-1.0368,-0.58777,-0.10349,0.32027,0.61754,0.78086,0.85793,0.91528,0.9869,1.0516,1.0573,0.96549,0.7869,0.57858,0.40715,0.30739,0.24598,0.14273,-0.089961,-0.48182,-0.97364,-1.4511,-1.7911,-1.9302,-1.8888,-1.7285,-1.5012,-1.231,-0.92604,-0.60116,-0.29891,-0.077417,0.0047601,-0.088042,-0.34718,-0.71378,-1.0844,-1.3563,-1.4578,-1.3793,-1.1687,-0.89803,-0.62749,-0.39881,-0.22961,-0.1277,-0.091295,-0.10421,-0.13247,-0.1309,-0.061717,0.086403,0.27742,0.47458,0.63518,0.7301
-0.45736,-1.0501,-1.466,-1.6513,-1.6511,-1.464,-1.0768,-0.61133,-0.41947,-0.72544,-1.3197,-1.8157,-1.9858,-1.8937,-1.7539,-1.715,-1.7924,-1.9218,-2.0269,-2.0591,-2.0069,-1.8796,-1.6773,-1.3808,-0.97575,-0.4937,-0.011751,0.37831,0.62213,0.72497,0.74442,0.76113,0.81205,0.87711,0.89335,0.81241,0.63687,0.42241,0.25098,0.16726,0.14761,0.10352,-0.060874,-0.38566,-0.83052,-1.291,-1.6551,-1.8583,-1.9061,-1.8424,-1.7079,-1.5081,-1.2356,-0.90569,-0.56602,-0.28697,-0.14066,-0.1706,-0.37145,-0.68383,-1.0239,-1.2946,-1.4309,-1.4165,-1.2769,-1.0594,-0.81398,-0.58362,-0.40427,-0.29776,-0.2675,-0.29438,-0.33788,-0.34697,-0.28084,-0.13361,0.080135,0.30249,0.48767,0.60847
-0.42015,-1.0186,-1.435,-1.6114,-1.5895,-1.3707,-0.95858,-0.50196,-0.35792,-0.72646,-1.3754,-1.9047,-2.083,-1.9849,-1.8404,-1.8039,-1.8906,-2.0319,-2.147,-2.1825,-2.1192,-1.9605,-1.7103,-1.3637,-0.92288,-0.43009,0.036763,0.39614,0.60251,0.66663,0.65553,0.65001,0.69172,0.7563,0.7739,0.69299,0.51039,0.28795,0.11191,0.0425,0.064041,0.081655,-0.0096203,-0.26494,-0.65821,-1.0948,-1.4745,-1.7333,-1.861,-1.89,-1.8346,-1.6873,-1.4396,-1.1102,-0.75104,-0.44246,-0.25655,-0.23694,-0.38248,-0.64831,-0.95197,-1.217,-1.3847,-1.4277,-1.3496,-1.1774,-0.952,-0.72595,-0.53742,-0.41706,-0.37746,-0.4068,-0.46662,-0.49991,-0.45328,-0.30282,-0.080873,0.17014,0.39874,0.56854
-0.4038,-1.0012,-1.41,-1.5705,-1.5202,-1.2647,-0.82764,-0.38509,-0.29518,-0.72871,-1.4272,-1.9808,-2.1616,-2.0584,-1.9152,-1.8884,-1.989,-2.1454,-2.2742,-2.3141,-2.2351,-2.0338,-1.7223,-1.318,-0.84796,-0.35979,0.074399,0.38775,0.5443,0.56517,0.52662,0.50892,0.55126,0.61554,0.628,0.52905,0.32387,0.083941,-0.089351,-0.12216,-0.032186,0.080348,0.089555,-0.074871,-0.39484,-0.79636,-1.1848,-1.4969,-1.7212,-1.8627,-1.9243,-1.8794,-1.6964,-1.3793,-0.99568,-0.63459,-0.38503,-0.30068,-0.38413,-0.59167,-0.85752,-1.1136,-1.3074,-1.4043,-1.3868,-1.2606,-1.0592,-0.83547,-0.64962,-0.53998,-0.51721,-0.56327,-0.63448,-0.67191,-0.62258,-0.46631,-0.21962,0.059256,0.31841,0.52486
-0.42619,-1.0123,-1.4042,-1.5446,-1.4678,-1.1836,-0.73045,-0.30306,-0.25434,-0.72774,-1.4445,-1.9938,-2.1644,-2.0611,-1.9289,-1.9195,-2.0386,-2.2124,-2.3556,-2.4006,-2.3053,-2.0616,-1.6968,-1.254,-0.77626,-0.31103,0.0822,0.34661,0.4573,0.44545,0.39005,0.37523,0.42816,0.49874,0.50376,0.38343,0.15122,-0.10974,-0.2773,-0.27031,-0.10875,0.090889,0.19115,0.11506,-0.13166,-0.48101,-0.85637,-1.207,-1.5134,-1.7719,-1.9554,-2.0076,-1.8791,-1.5783,-1.1741,-0.776,-0.4806,-0.34358,-0.36981,-0.52143,-0.741,-0.9738,-1.1755,-1.3093,-1.3443,-1.2663,-1.0984,-0.89109,-0.70689,-0.59415,-0.57311,-0.63096,-0.72244,-0.78021,-0.74064,-0.57909,-0.31731,-0.011368,0.28078,0.52291
-0.46854,-1.039,-1.4124,-1.5356,-1.4408,-1.1401,-0.68059,-0.26476,-0.23766,-0.72384,-1.4328,-1.9607,-2.1158,-2.0151,-1.8969,-1.9052,-2.0407,-2.2291,-2.3843,-2.4336,-2.3264,-2.0539,-1.656,-1.194,-0.71999,-0.28094,0.073937,0.29724,0.3764,0.34786,0.29154,0.28938,0.35483,0.43312,0.43289,0.3001,0.048115,-0.23114,-0.40209,-0.37257,-0.16148,0.10296,0.27166,0.25733,0.061866,-0.25649,-0.62647,-0.99932,-1.3526,-1.6725,-1.9189,-2.0255,-1.9358,-1.6529,-1.2491,-0.83964,-0.52451,-0.36065,-0.35293,-0.46757,-0.65082,-0.85435,-1.0404,-1.1752,-1.2253,-1.1714,-1.0262,-0.84465,-0.68685,-0.59704,-0.59075,-0.65275,-0.73977,-0.79043,-0.74736,-0.58505,-0.32588,-0.024397,0.26674,0.51606
-0.5585,-1.0979,-1.4395,-1.5373,-1.4216,-1.1062,-0.64615,-0.24551,-0.23544,-0.71561,-1.3869,-1.8646,-1.9913,-1.8959,-1.802,-1.8372,-1.9963,-2.2054,-2.3776,-2.4334,-2.3139,-2.0108,-1.578,-1.0961,-0.63256,-0.23381,0.061562,0.22466,0.25863,0.21299,0.17175,0.20241,0.30123,0.39396,0.38555,0.22483,-0.063842,-0.36894,-0.5437,-0.48279,-0.21273,0.1233,0.36464,0.41698,0.27634,-0.0039858,-0.35836,-0.73896,-1.124,-1.4877,-1.7905,-1.9592,-1.9224,-1.669,-1.2772,-0.86023,-0.52569,-0.33426,-0.29141,-0.3608,-0.49631,-0.65815,-0.81521,-0.93766,-0.994,-0.96375,-0.86114,-0.71909,-0.59471,-0.5286,-0.53557,-0.60127,-0.68438,-0.72736,-0.67892,-0.52094,-0.2754,0.010191,0.28811,0.53081
-0.64987,-1.1584,-1.4706,-1.5483,-1.4195,-1.0991,-0.64445,-0.25628,-0.25013,-0.70936,-1.3337,-1.7618,-1.8644,-1.7742,-1.7008,-1.7567,-1.9324,-2.1556,-2.3401,-2.4024,-2.2777,-1.9577,-1.5059,-1.0154,-0.56286,-0.194,0.057925,0.17834,0.18001,0.12508,0.099398,0.15848,0.2845,0.38817,0.37241,0.18892,-0.12663,-0.4499,-0.62098,-0.53398,-0.227,0.14676,0.42217,0.50725,0.39602,0.14218,-0.19577,-0.57509,-0.96777,-1.3516,-1.6735,-1.8552,-1.8291,-1.5941,-1.2166,-0.81391,-0.48928,-0.29871,-0.24315,-0.28459,-0.38194,-0.49696,-0.60932,-0.70229,-0.75407,-0.74515,-0.67596,-0.57973,-0.49662,-0.45927,-0.47782,-0.53691,-0.60001,-0.62048,-0.55951,-0.40639,-0.17815,0.0808,0.33004,0.548
-0.80064,-1.2576,-1.5241,-1.5738,-1.4315,-1.1122,-0.67296,-0.30296,-0.29215,-0.70375,-1.2472,-1.5992,-1.6675,-1.5867,-1.5407,-1.622,-1.8165,-2.0551,-2.2537,-2.3256,-2.2004,-1.8694,-1.4064,-0.91649,-0.48058,-0.14578,0.060937,0.13628,0.10993,0.050429,0.044044,0.13365,0.28104,0.39026,0.36384,0.16074,-0.17419,-0.50799,-0.67043,-0.55836,-0.21996,0.184,0.48333,0.58637,0.49432,0.25372,-0.070299,-0.43321,-0.81265,-1.1754,-1.4771,-1.6497,-1.6347,-1.4234,-1.0871,-0.72229,-0.41877,-0.22643,-0.14779,-0.15264,-0.19856,-0.2622,-0.32854,-0.38663,-0.42481,-0.43393,-0.41777,-0.38304,-0.3557,-0.35289,-0.37837,-0.41933,-0.4487,-0.43422,-0.35264,-0.20021,-0.0011964,0.21275,0.41392,0.59033
-0.98006,-1.3736,-1.5878,-1.6091,-1.4576,-1.1477,-0.73243,-0.38245,-0.35692,-0.70392,-1.1533,-1.4258,-1.4612,-1.3896,-1.3676,-1.4695,-1.6768,-1.9239,-2.1313,-2.2133,-2.0979,-1.7756,-1.3194,-0.83826,-0.41485,-0.10155,0.078672,0.12677,0.083338,0.020615,0.02625,0.13238,0.29014,0.39728,0.3625,0.14769,-0.18914,-0.51318,-0.65332,-0.5242,-0.18025,0.21452,0.50343,0.60161,0.50775,0.2775,-0.030161,-0.37113,-0.71667,-1.0455,-1.3141,-1.4615,-1.4367,-1.2427,-0.93042,-0.5928,-0.31321,-0.13477,-0.052593,-0.031113,-0.035741,-0.042916,-0.051976,-0.070935,-0.10361,-0.14473,-0.18082,-0.21676,-0.24759,-0.27563,-0.29947,-0.31028,-0.29313,-0.23252,-0.12047,0.035445,0.2146,0.39168,0.54535,0.66866
-1.1294,-1.468,-1.6399,-1.6402,-1.4847,-1.1865,-0.79387,-0.4598,-0.41764,-0.70884,-1.0852,-1.3011,-1.3154,-1.2485,-1.2408,-1.3536,-1.5645,-1.8117,-2.0218,-2.1136,-2.015,-1.7114,-1.2696,-0.79535,-0.37722,-0.070275,0.10219,0.14271,0.091083,0.02494,0.026895,0.1306,0.28893,0.39705,0.36296,0.15234,-0.17547,-0.48143,-0.60339,-0.46443,-0.12897,0.24248,0.50128,0.57253,0.46095,0.22512,-0.076592,-0.40025,-0.71658,-1.0056,-1.2264,-1.3319,-1.2887,-1.0994,-0.815,-0.5095,-0.2502,-0.07429,0.019935,0.061857,0.085584,0.10502,0.11882,0.11665,0.089102,0.034568,-0.041317,-0.11729,-0.1855,-0.23631,-0.26073,-0.24912,-0.19304,-0.089902,0.052736,0.22042,0.38667,0.53059,0.64328,0.73007
-1.3418,-1.5992,-1.7121,-1.6856,-1.5279,-1.2505,-0.89281,-0.57927,-0.50813,-0.7177,-0.99932,-1.15,-1.1424,-1.0837,-1.0916,-1.21,-1.4152,-1.6515,-1.8563,-1.9593,-1.8919,-1.628,-1.2178,-0.76054,-0.35028,-0.045107,0.12934,0.17736,0.13314,0.067601,0.055879,0.13664,0.27287,0.37382,0.34749,0.16621,-0.1225,-0.38445,-0.48144,-0.34301,-0.039381,0.28128,0.47695,0.48379,0.32488,0.059858,-0.23957,-0.53002,-0.79624,-1.0174,-1.1743,-1.2321,-1.1634,-0.97134,-0.70065,-0.41445,-0.17296,-0.0069576,0.090694,0.14999,0.20247,0.25915,0.30808,0.32561,0.29187,0.20335,0.080713,-0.055884,-0.16899,-0.23548,-0.24378,-0.19134,-0.082907,0.069907,0.2493,0.43363,0.59682,0.72419,0.80896,0.85675
-1.5603,-1.7304,-1.7841,-1.7326,-1.5757,-1.3225,-1.0028,-0.70817,-0.59901,-0.72198,-0.9161,-1.0161,-1.0005,-0.95644,-0.97859,-1.0956,-1.2828,-1.4926,-1.677,-1.7829,-1.7507,-1.5432,-1.1848,-0.75835,-0.35691,-0.044426,0.1487,0.22058,0.19933,0.13887,0.11044,0.15709,0.25581,0.33521,0.31746,0.17352,-0.049991,-0.24578,-0.29874,-0.17108,0.074566,0.30675,0.41271,0.34335,0.12284,-0.17267,-0.47804,-0.75009,-0.96796,-1.1334,-1.2269,-1.2259,-1.1159,-0.90826,-0.63843,-0.3622,-0.12883,0.036783,0.14182,0.21644,0.28541,0.35676,0.41716,0.44126,0.40517,0.30006,0.13806,-0.035548,-0.18088,-0.26169,-0.25878,-0.17165,-0.014536,0.18874,0.409,0.6149,0.78373,0.89826,0.95611,0.96992
