-0.1211,-0.18424,-0.25353,-0.20787,0.0097262,0.33375,0.67607,0.95888,1.117,1.0984,0.83312,0.28936,-0.35528,-0.77719,-0.81492,-0.54045,-0.10208,0.37757,0.81935,1.1778,1.437,1.6122,1.7371,1.8355,1.8962,1.8785,1.7379,1.4607,1.076,0.64145,0.21971,-0.1437,-0.43739,-0.68353,-0.91689,-1.1438,-1.3232,-1.3942,-1.3282,-1.1588,-0.9521,-0.77491,-0.67746,-0.69854,-0.8625,-1.1534,-1.5064,-1.8308,-2.0624,-2.1909,-2.2449,-2.2752,-2.3286,-2.4196,-2.5273,-2.6213,-2.6945,-2.7734,-2.9094,-3.1521,-3.492,-3.807,-3.9003,-3.665,-3.1551,-2.4824,-1.7306,-0.94535,-0.17053,0.52509,1.0457,1.3041,1.2792,1.0358,0.68528,0.33329,0.058247,-0.093584,-0.10224,0.033023
-0.072837,-0.16185,-0.24759,-0.19821,0.040549,0.38346,0.73076,1.002,1.1338,1.0857,0.80469,0.27253,-0.34763,-0.76273,-0.81704,-0.5665,-0.14238,0.33977,0.79986,1.1876,1.4797,1.681,1.816,1.9068,1.949,1.9144,1.7712,1.5122,1.1653,0.78123,0.4105,0.0848,-0.19502,-0.45602,-0.72538,-0.99524,-1.2032,-1.2741,-1.1836,-0.98313,-0.75841,-0.58114,-0.50314,-0.55903,-0.76458,-1.1042,-1.5093,-1.8945,-2.2057,-2.429,-2.5784,-2.6715,-2.7222,-2.7372,-2.7173,-2.6675,-2.6064,-2.5727,-2.6222,-2.8069,-3.1226,-3.4494,-3.5789,-3.3805,-2.8961,-2.2432,-1.5121,-0.75512,-0.016872,0.63982,1.1279,1.3685,1.3453,1.1229,0.80803,0.4981,0.26416,0.14383,0.1527,0.29143
-0.031995,-0.16294,-0.28692,-0.24238,0.024009,0.40076,0.76332,1.0218,1.1196,1.0315,0.73683,0.24005,-0.32028,-0.70231,-0.7733,-0.56578,-0.18316,0.27531,0.73378,1.1377,1.4539,1.6746,1.8135,1.8881,1.9016,1.8432,1.6993,1.4737,1.1893,0.88131,0.58168,0.30543,0.045245,-0.22555,-0.5241,-0.82379,-1.0436,-1.1005,-0.98317,-0.76454,-0.54068,-0.38617,-0.34316,-0.43758,-0.6803,-1.0493,-1.4858,-1.9206,-2.3139,-2.6591,-2.9473,-3.1452,-3.2077,-3.1238,-2.9332,-2.6951,-2.4637,-2.2899,-2.228,-2.3261,-2.5802,-2.8806,-3.0285,-2.8841,-2.4665,-1.88,-1.2171,-0.53446,0.12306,0.69903,1.12,1.3224,1.2986,1.1108,0.85321,0.60825,0.4304,0.3481,0.37426,0.51244
-0.018273,-0.18731,-0.35124,-0.31928,-0.030918,0.38202,0.76226,1.0144,1.088,0.97027,0.66782,0.20641,-0.29461,-0.63991,-0.71845,-0.54798,-0.20831,0.2167,0.65701,1.0573,1.3785,1.6042,1.7392,1.7966,1.7848,1.7057,1.5625,1.3675,1.1382,0.89309,0.64856,0.40956,0.16567,-0.10488,-0.41084,-0.71472,-0.92801,-0.96803,-0.8357,-0.61422,-0.40528,-0.27763,-0.26813,-0.39372,-0.65576,-1.0293,-1.4621,-1.9024,-2.3289,-2.7424,-3.1226,-3.3982,-3.4755,-3.3281,-3.0254,-2.6692,-2.3352,-2.0768,-1.9434,-1.9768,-2.176,-2.4384,-2.5799,-2.466,-2.1049,-1.5885,-1.003,-0.40405,0.16549,0.65775,1.0127,1.18,1.1573,1.0015,0.79417,0.60434,0.47391,0.42422,0.46433,0.59774
-0.020761,-0.24895,-0.48125,-0.47877,-0.15532,0.31745,0.73378,0.98457,1.027,0.87035,0.55879,0.14775,-0.26495,-0.55139,-0.63354,-0.51202,-0.23691,0.12858,0.52542,0.90166,1.2138,1.434,1.5557,1.5857,1.5368,1.4277,1.2859,1.136,0.98567,0.82934,0.65963,0.47113,0.25314,-0.0062733,-0.30283,-0.58694,-0.76948,-0.78045,-0.63595,-0.42884,-0.25715,-0.1835,-0.23152,-0.40247,-0.68343,-1.0414,-1.4361,-1.8442,-2.2695,-2.7242,-3.1776,-3.5224,-3.6144,-3.4096,-3.0093,-2.553,-2.1305,-1.7943,-1.5878,-1.5463,-1.6698,-1.8708,-1.989,-1.9051,-1.6197,-1.2081,-0.74657,-0.28473,0.13911,0.48998,0.73074,0.83627,0.81667,0.7185,0.59785,0.49524,0.4382,0.43656,0.49545,0.6188
-0.044747,-0.33944,-0.65708,-0.70083,-0.33366,0.21713,0.68097,0.93625,0.95071,0.75622,0.43123,0.069031,-0.25335,-0.47369,-0.54776,-0.46905,-0.26259,0.030791,0.36635,0.69909,0.98584,1.1918,1.2968,1.2973,1.2072,1.0647,0.92455,0.82311,0.75612,0.69039,0.59707,0.46045,0.27381,0.037702,-0.22731,-0.46575,-0.59775,-0.57625,-0.43355,-0.2621,-0.14851,-0.14362,-0.25752,-0.4771,-0.77419,-1.1055,-1.4404,-1.7786,-2.1483,-2.5693,-3.0139,-3.3649,-3.4571,-3.2326,-2.8054,-2.3238,-1.8805,-1.5216,-1.28,-1.1852,-1.2339,-1.3582,-1.4341,-1.3678,-1.1555,-0.85417,-0.52678,-0.22312,0.025617,0.20017,0.29588,0.3265,0.31994,0.30326,0.29278,0.29807,0.32131,0.36805,0.44333,0.55361
-0.072226,-0.42141,-0.81427,-0.90345,-0.49571,0.12273,0.63009,0.89433,0.89124,0.6689,0.33157,-0.00043434,-0.25874,-0.42641,-0.48739,-0.43446,-0.27922,-0.045967,0.23367,0.52319,0.78337,0.97585,1.0693,1.0485,0.92807,0.76003,0.62084,0.55792,0.55341,0.55372,0.51414,0.41615,0.25661,0.047939,-0.17959,-0.36893,-0.45526,-0.41125,-0.27999,-0.14596,-0.085973,-0.13815,-0.3073,-0.57126,-0.88478,-1.1966,-1.4768,-1.7426,-2.0388,-2.3947,-2.7814,-3.0862,-3.156,-2.9406,-2.5384,-2.0863,-1.6673,-1.3212,-1.0756,-0.9529,-0.95428,-1.0235,-1.0621,-0.99798,-0.83014,-0.60577,-0.3809,-0.19908,-0.091888,-0.068261,-0.10444,-0.1452,-0.13929,-0.078361,0.012802,0.10855,0.20121,0.29074,0.38181,0.48177
-0.11549,-0.53933,-1.0453,-1.2038,-0.73751,-0.017662,0.55192,0.8321,0.81175,0.55639,0.20118,-0.099713,-0.2823,-0.37944,-0.41611,-0.38902,-0.2967,-0.14721,0.046687,0.26704,0.48471,0.65728,0.73865,0.69775,0.54503,0.34826,0.214,0.2017,0.2764,0.356,0.38127,0.33231,0.21452,0.053519,-0.11029,-0.22366,-0.24571,-0.17633,-0.068467,0.0053912,-0.015367,-0.15598,-0.41265,-0.74848,-1.0943,-1.3758,-1.5649,-1.7078,-1.8749,-2.1022,-2.3656,-2.5703,-2.5979,-2.4105,-2.0837,-1.7163,-1.3693,-1.0721,-0.84366,-0.70039,-0.64164,-0.63292,-0.61398,-0.54353,-0.42564,-0.29616,-0.20039,-0.18073,-0.26657,-0.45561,-0.68285,-0.82311,-0.78497,-0.59911,-0.36189,-0.14033,0.038386,0.17677,0.28445,0.37269
-0.1507,-0.62735,-1.2206,-1.4364,-0.92558,-0.12662,0.48759,0.78034,0.75251,0.47916,0.11118,-0.17342,-0.30862,-0.35778,-0.37294,-0.35878,-0.30882,-0.2211,-0.095131,0.066968,0.24874,0.40832,0.48717,0.44069,0.27387,0.065555,-0.060243,-0.036622,0.089004,0.21724,0.2831,0.26693,0.18256,0.063086,-0.045785,-0.099768,-0.075945,0.0061007,0.091499,0.11482,0.02953,-0.18393,-0.51197,-0.90558,-1.2785,-1.5346,-1.651,-1.6951,-1.7516,-1.8666,-2.0189,-2.1342,-2.1256,-1.9683,-1.7093,-1.4207,-1.1456,-0.90276,-0.7022,-0.55101,-0.45255,-0.3853,-0.31805,-0.23355,-0.14189,-0.072739,-0.061735,-0.15218,-0.37183,-0.7115,-1.078,-1.2918,-1.2278,-0.94862,-0.60612,-0.30138,-0.062676,0.1116,0.23214,0.31107
-0.19464,-0.73123,-1.4346,-1.7293,-1.1642,-0.27097,0.39443,0.70202,0.671,0.38683,0.0095997,-0.25928,-0.34465,-0.3398,-0.32695,-0.32262,-0.32054,-0.31029,-0.2752,-0.19427,-0.062105,0.084163,0.16964,0.13029,-0.035452,-0.23812,-0.34029,-0.27212,-0.09742,0.073703,0.1737,0.19104,0.15015,0.093024,0.062643,0.085054,0.15694,0.24155,0.28764,0.24247,0.073438,-0.23047,-0.64875,-1.119,-1.5275,-1.751,-1.7661,-1.6707,-1.5765,-1.5363,-1.5418,-1.5476,-1.5027,-1.3888,-1.2274,-1.051,-0.87825,-0.71359,-0.55408,-0.39644,-0.2418,-0.09553,0.033463,0.13572,0.19916,0.20469,0.12436,-0.077575,-0.43022,-0.92061,-1.4278,-1.7115,-1.6105,-1.233,-0.79323,-0.41488,-0.13025,0.066395,0.19089,0.25841
-0.22851,-0.80668,-1.5955,-1.9668,-1.3658,-0.40535,0.29068,0.60551,0.57921,0.30183,-0.068885,-0.32225,-0.37249,-0.32702,-0.29055,-0.29228,-0.32919,-0.38758,-0.43813,-0.43581,-0.34971,-0.21017,-0.10727,-0.12309,-0.26239,-0.43291,-0.49599,-0.39342,-0.1958,-0.011154,0.10112,0.14094,0.14151,0.14771,0.19043,0.27553,0.37553,0.4487,0.44709,0.33523,0.0913,-0.28662,-0.77332,-1.2973,-1.7233,-1.9059,-1.8258,-1.6063,-1.3789,-1.2057,-1.089,-1.0085,-0.94119,-0.87285,-0.80178,-0.73032,-0.65549,-0.5668,-0.44765,-0.28353,-0.074917,0.1451,0.33176,0.45436,0.50057,0.46184,0.32117,0.053401,-0.36244,-0.90546,-1.4457,-1.7375,-1.6277,-1.2386,-0.78962,-0.40486,-0.1161,0.083126,0.20656,0.26658
-0.24167,-0.83532,-1.6661,-2.0835,-1.4762,-0.49593,0.20495,0.51821,0.49914,0.23923,-0.1124,-0.34944,-0.38073,-0.315,-0.26594,-0.27191,-0.33364,-0.43652,-0.54425,-0.59564,-0.53952,-0.39893,-0.27488,-0.26198,-0.36648,-0.49814,-0.52883,-0.41242,-0.21742,-0.040276,0.070827,0.12277,0.15071,0.197,0.28347,0.40053,0.51114,0.5695,0.53548,0.38086,0.091826,-0.32726,-0.84693,-1.3885,-1.8061,-1.9478,-1.8013,-1.5058,-1.2019,-0.95333,-0.77116,-0.64857,-0.57567,-0.54124,-0.52913,-0.52676,-0.51846,-0.48261,-0.39086,-0.21979,0.026022,0.2958,0.52093,0.65869,0.69824,0.63898,0.47534,0.19022,-0.22739,-0.74723,-1.242,-1.4966,-1.3935,-1.0479,-0.64899,-0.30524,-0.043345,0.13866,0.25048,0.30069
-0.2414,-0.82873,-1.6704,-2.1266,-1.5525,-0.59792,0.076764,0.37593,0.37138,0.15088,-0.15486,-0.3601,-0.3734,-0.2918,-0.23415,-0.24645,-0.33549,-0.48806,-0.6608,-0.77259,-0.74683,-0.59764,-0.4387,-0.37594,-0.42148,-0.49231,-0.48433,-0.36703,-0.19784,-0.050477,0.047447,0.10802,0.16863,0.26076,0.39182,0.5339,0.64299,0.67443,0.59763,0.39539,0.065954,-0.3782,-0.89926,-1.413,-1.7765,-1.8522,-1.6448,-1.2942,-0.933,-0.62309,-0.3846,-0.22872,-0.16108,-0.17051,-0.22834,-0.30162,-0.3612,-0.37645,-0.30962,-0.12804,0.1585,0.4771,0.73521,0.8807,0.90867,0.83192,0.65785,0.38942,0.031577,-0.37968,-0.74526,-0.92461,-0.85541,-0.6187,-0.33844,-0.087263,0.10764,0.246,0.33163,0.36751
-0.21769,-0.76573,-1.5625,-2.0255,-1.536,-0.6739,-0.070121,0.201,0.21182,0.047809,-0.18926,-0.34895,-0.3459,-0.26052,-0.20227,-0.22211,-0.33311,-0.52326,-0.74306,-0.89602,-0.88657,-0.72308,-0.52883,-0.41711,-0.40182,-0.41344,-0.37609,-0.27493,-0.15295,-0.051757,0.019019,0.081477,0.16921,0.30043,0.46232,0.61439,0.70745,0.70576,0.58799,0.3534,0.010567,-0.41289,-0.87503,-1.2976,-1.561,-1.5705,-1.3428,-0.99351,-0.62857,-0.30242,-0.04142,0.12922,0.19043,0.1483,0.040947,-0.088161,-0.19835,-0.24979,-0.19809,-0.0084653,0.29945,0.63886,0.90578,1.0468,1.0633,0.97811,0.81333,0.58668,0.31797,0.044598,-0.17208,-0.27042,-0.2377,-0.11895,0.029151,0.17008,0.28812,0.3769,0.43143,0.44693
-0.18465,-0.68132,-1.4101,-1.858,-1.4619,-0.71578,-0.18956,0.047539,0.070782,-0.043161,-0.21414,-0.32951,-0.31447,-0.2305,-0.17612,-0.203,-0.32698,-0.53611,-0.77806,-0.9497,-0.94634,-0.77205,-0.55385,-0.40999,-0.35506,-0.33137,-0.28249,-0.20357,-0.12366,-0.062499,-0.014026,0.048319,0.15173,0.30396,0.47927,0.63102,0.70923,0.68344,0.54289,0.29617,-0.035052,-0.41789,-0.80448,-1.1262,-1.297,-1.2598,-1.0383,-0.71899,-0.38034,-0.06298,0.19895,0.37003,0.4233,0.36507,0.2319,0.077964,-0.050865,-0.11275,-0.064059,0.1259,0.43295,0.76423,1.0156,1.1373,1.1364,1.0432,0.88961,0.70202,0.50832,0.33871,0.22233,0.17431,0.1859,0.23358,0.29615,0.36231,0.42087,0.46486,0.48824,0.48531
-0.12143,-0.52591,-1.1288,-1.5342,-1.2894,-0.746,-0.36114,-0.18887,-0.15,-0.18694,-0.25762,-0.2985,-0.26234,-0.18248,-0.13549,-0.17189,-0.30694,-0.52871,-0.78469,-0.96943,-0.97232,-0.79125,-0.55106,-0.37113,-0.27265,-0.21592,-0.16615,-0.12797,-0.11106,-0.10592,-0.087092,-0.023897,0.10048,0.27517,0.45952,0.59942,0.6511,0.59484,0.4357,0.19566,-0.090444,-0.38108,-0.63009,-0.79287,-0.83532,-0.75013,-0.56392,-0.3162,-0.039243,0.24225,0.49389,0.66699,0.72113,0.65602,0.51129,0.34429,0.20611,0.14039,0.187,0.36641,0.64795,0.9385,1.1415,1.2168,1.1801,1.0698,0.92617,0.78627,0.68196,0.63047,0.62335,0.62922,0.6205,0.59566,0.57014,0.55469,0.5508,0.55125,0.54509,0.52076
-0.062682,-0.384,-0.87474,-1.2361,-1.1145,-0.75025,-0.49466,-0.38418,-0.33781,-0.31084,-0.29884,-0.27815,-0.21804,-0.1407,-0.10153,-0.14209,-0.27936,-0.50265,-0.7597,-0.94666,-0.95455,-0.77748,-0.53222,-0.33492,-0.21191,-0.13973,-0.10028,-0.098477,-0.12935,-0.165,-0.16582,-0.10082,0.038371,0.22681,0.41473,0.54309,0.57461,0.49888,0.33396,0.11377,-0.11827,-0.31741,-0.44809,-0.49026,-0.44761,-0.3373,-0.18258,0.0063602,0.22953,0.47388,0.70783,0.87782,0.93604,0.87499,0.73574,0.57516,0.44437,0.38432,0.4285,0.59066,0.83314,1.0714,1.2202,1.2484,1.1763,1.046,0.90275,0.78664,0.72988,0.74083,0.79179,0.83066,0.82118,0.76878,0.7028,0.64665,0.60775,0.57926,0.54992,0.50736
0.025891,-0.17372,-0.50451,-0.79906,-0.83691,-0.72825,-0.66869,-0.65634,-0.60551,-0.49372,-0.36687,-0.25747,-0.15837,-0.07805,-0.046059,-0.089663,-0.22377,-0.43957,-0.68864,-0.8747,-0.89634,-0.74181,-0.50879,-0.30009,-0.15436,-0.069393,-0.049605,-0.098268,-0.19165,-0.27728,-0.30064,-0.23228,-0.076409,0.12749,0.3193,0.44018,0.45532,0.36484,0.2012,0.017942,-0.12684,-0.19043,-0.15908,-0.05406,0.081798,0.20758,0.3156,0.43176,0.58521,0.78279,0.99259,1.1563,1.2201,1.1728,1.0488,0.90569,0.79308,0.74667,0.78861,0.91901,1.0964,1.2454,1.3018,1.2512,1.1207,0.95421,0.79672,0.69196,0.66916,0.72909,0.8297,0.90316,0.90487,0.84259,0.75424,0.67179,0.60667,0.55571,0.5075,0.44766
0.11809,0.045483,-0.12398,-0.3497,-0.52796,-0.66919,-0.81994,-0.91787,-0.86944,-0.67863,-0.44022,-0.23899,-0.097191,-0.0059737,0.026083,-0.017084,-0.14344,-0.34304,-0.575,-0.75927,-0.80801,-0.7001,-0.50423,-0.30562,-0.14955,-0.059012,-0.056554,-0.14657,-0.29019,-0.41613,-0.45806,-0.3857,-0.21434,0.003896,0.2021,0.32063,0.33069,0.24022,0.096522,-0.033922,-0.085242,-0.023078,0.14293,0.36246,0.56738,0.70776,0.78406,0.84303,0.93766,1.0867,1.2656,1.4177,1.4869,1.4557,1.3555,1.2357,1.1405,1.1003,1.1297,1.2186,1.3255,1.3846,1.3486,1.216,1.0199,0.80482,0.61465,0.49186,0.46597,0.5358,0.65545,0.75281,0.77954,0.73964,0.66709,0.59076,0.52404,0.46363,0.4005,0.32294
0.18493,0.20596,0.152,-0.021364,-0.28726,-0.59885,-0.90618,-1.091,-1.0498,-0.80647,-0.49103,-0.22563,-0.048265,0.054806,0.089036,0.049066,-0.068316,-0.25269,-0.46965,-0.65451,-0.73298,-0.67582,-0.52443,-0.3463,-0.19007,-0.097327,-0.10424,-0.2164,-0.38621,-0.53229,-0.58222,-0.50635,-0.3232,-0.093263,0.11271,0.23487,0.2478,0.16712,0.045638,-0.040794,-0.027343,0.1148,0.35856,0.63907,0.88094,1.0299,1.093,1.1257,1.1873,1.3066,1.4608,1.5966,1.6611,1.638,1.5522,1.4497,1.3681,1.3304,1.3451,1.3992,1.4521,1.4468,1.347,1.159,0.91729,0.66452,0.44183,0.28847,0.23468,0.28415,0.39855,0.50993,0.56577,0.56004,0.51751,0.46246,0.40592,0.34823,0.28255,0.19802
0.26411,0.40391,0.4925,0.38712,0.033497,-0.47276,-0.96959,-1.2688,-1.243,-0.94202,-0.54097,-0.19858,0.025513,0.14726,0.18684,0.15264,0.049165,-0.11283,-0.30974,-0.49973,-0.62939,-0.65961,-0.58982,-0.45457,-0.30644,-0.21095,-0.22355,-0.35075,-0.53613,-0.68851,-0.73586,-0.65257,-0.46336,-0.22642,-0.010548,0.13021,0.1666,0.11465,0.02819,-0.0091679,0.070647,0.28696,0.60124,0.9368,1.2131,1.3769,1.435,1.447,1.4776,1.5592,1.6783,1.7891,1.8439,1.8256,1.7548,1.667,1.5922,1.5473,1.5353,1.5421,1.5285,1.45,1.2831,1.0396,0.75224,0.45692,0.18932,-0.018898,-0.13667,-0.14727,-0.066643,0.053724,0.15697,0.21577,0.23335,0.22358,0.19318,0.1462,0.080328,-0.011236
0.31209,0.53463,0.71924,0.66386,0.26617,-0.35466,-0.97155,-1.349,-1.3381,-1.0062,-0.55532,-0.16452,0.090278,0.2245,0.26851,0.23905,0.14595,0.00041711,-0.18205,-0.37807,-0.55246,-0.66094,-0.66879,-0.57865,-0.44308,-0.34563,-0.35482,-0.47875,-0.65555,-0.79408,-0.8272,-0.73574,-0.54905,-0.31724,-0.098924,0.056358,0.11898,0.096586,0.043956,0.039949,0.15369,0.39901,0.73692,1.0919,1.3835,1.5609,1.6269,1.6365,1.6523,1.7086,1.7984,1.8845,1.926,1.908,1.8427,1.7601,1.6845,1.6294,1.5955,1.5661,1.5106,1.3891,1.1852,0.91405,0.60617,0.29168,-0.003339,-0.25084,-0.42242,-0.49264,-0.45527,-0.34,-0.20263,-0.08978,-0.01934,0.011209,0.0066049,-0.027861,-0.090818,-0.18554
0.35357,0.67655,0.97656,0.98729,0.558,-0.17172,-0.90979,-1.3704,-1.3835,-1.0295,-0.53457,-0.097003,0.18901,0.33518,0.38272,0.35822,0.27805,0.15345,-0.011299,-0.21702,-0.4534,-0.67437,-0.80309,-0.79296,-0.68495,-0.58302,-0.57517,-0.6707,-0.80728,-0.9032,-0.90082,-0.7982,-0.61844,-0.40465,-0.1934,-0.030109,0.061287,0.080553,0.073513,0.11045,0.24961,0.50877,0.84869,1.2041,1.5041,1.6974,1.782,1.7998,1.805,1.8297,1.8761,1.9226,1.9417,1.9188,1.8623,1.7874,1.7083,1.6327,1.5603,1.4803,1.3691,1.2037,0.97655,0.70102,0.39803,0.085745,-0.22101,-0.50489,-0.74061,-0.89248,-0.9255,-0.83587,-0.67038,-0.4968,-0.36123,-0.28057,-0.25109,-0.26854,-0.32827,-0.42879
0.36483,0.77651,1.1782,1.2552,0.82239,0.031029,-0.78139,-1.2974,-1.3376,-0.9827,-0.46891,-0.0062569,0.29942,0.45114,0.49633,0.47173,0.40101,0.29422,0.1445,-0.070206,-0.36295,-0.69321,-0.953,-1.0421,-0.97394,-0.8614,-0.81269,-0.84663,-0.91211,-0.93967,-0.89935,-0.79238,-0.63895,-0.45701,-0.26872,-0.098997,0.018628,0.075836,0.10083,0.15581,0.29889,0.54583,0.87008,1.2141,1.5116,1.7153,1.815,1.8416,1.8391,1.8372,1.8439,1.851,1.8444,1.8165,1.7657,1.6966,1.613,1.5164,1.4051,1.2719,1.1114,0.91625,0.68962,0.44165,0.18122,-0.087812,-0.36476,-0.64326,-0.90739,-1.1192,-1.2211,-1.1747,-1.0106,-0.81045,-0.64218,-0.53512,-0.491,-0.50233,-0.56117,-0.66299
0.35185,0.82156,1.2912,1.4186,0.9989,0.18851,-0.65298,-1.1944,-1.2544,-0.91061,-0.39635,0.074099,0.38724,0.5388,0.57807,0.54965,0.48216,0.38517,0.24456,0.024874,-0.30244,-0.70545,-1.0626,-1.2347,-1.2032,-1.0796,-0.98567,-0.95455,-0.9459,-0.90878,-0.83144,-0.72256,-0.59652,-0.45477,-0.30155,-0.14655,-0.023257,0.053365,0.098484,0.16504,0.30561,0.53741,0.84087,1.1652,1.4514,1.6541,1.7588,1.7891,1.7808,1.7592,1.737,1.7154,1.6917,1.6629,1.6216,1.5617,1.4779,1.3658,1.2225,1.0485,0.84931,0.63874,0.43096,0.23006,0.029359,-0.18118,-0.40845,-0.65332,-0.90448,-1.1276,-1.263,-1.2585,-1.1264,-0.94187,-0.77899,-0.67464,-0.63391,-0.65169,-0.71831,-0.82626
0.30242,0.84026,1.392,1.5863,1.2008,0.39333,-0.45804,-1.0163,-1.1013,-0.78179,-0.27991,0.19039,0.50311,0.64763,0.67374,0.63502,0.56543,0.47513,0.34348,0.12132,-0.23855,-0.71795,-1.1867,-1.4648,-1.484,-1.3427,-1.1748,-1.0371,-0.91237,-0.78164,-0.65025,-0.53755,-0.45244,-0.38219,-0.30041,-0.20051,-0.096369,-0.00972,0.062863,0.15277,0.29338,0.50078,0.7578,1.0325,1.2852,1.476,1.5881,1.6261,1.6088,1.5584,1.4908,1.4258,1.3804,1.3564,1.3366,1.2984,1.2227,1.0975,0.91811,0.69295,0.45022,0.23182,0.066211,-0.052743,-0.15234,-0.25846,-0.38826,-0.54703,-0.73179,-0.92102,-1.0678,-1.1189,-1.0646,-0.9539,-0.8484,-0.78442,-0.77368,-0.81192,-0.89166,-1.0071
0.21345,0.81172,1.4388,1.7001,1.361,0.58047,-0.25826,-0.82029,-0.92909,-0.63978,-0.15568,0.30615,0.60899,0.73689,0.7436,0.68842,0.60978,0.51936,0.39352,0.17371,-0.20196,-0.72916,-1.2768,-1.6359,-1.6928,-1.5241,-1.2734,-1.0211,-0.78224,-0.56529,-0.388,-0.27437,-0.22839,-0.22875,-0.23204,-0.20562,-0.14509,-0.069154,0.016177,0.12033,0.26097,0.44151,0.65298,0.87519,1.0815,1.2439,1.3409,1.3674,1.3311,1.2466,1.1365,1.0344,0.97382,0.96186,0.97019,0.95912,0.89831,0.77003,0.56873,0.30769,0.037058,-0.17342,-0.2802,-0.30054,-0.28373,-0.27087,-0.28336,-0.333,-0.42139,-0.54113,-0.66816,-0.76486,-0.80676,-0.80585,-0.7962,-0.80455,-0.84689,-0.92173,-1.0236,-1.1481
0.12029,0.75833,1.4405,1.7525,1.4543,0.70331,-0.11816,-0.67852,-0.80453,-0.53581,-0.066751,0.38595,0.67514,0.78423,0.77253,0.70106,0.61159,0.51803,0.39484,0.17818,-0.20029,-0.7436,-1.3244,-1.7209,-1.7909,-1.5913,-1.2747,-0.94068,-0.62747,-0.35568,-0.15169,-0.036863,-0.015408,-0.060735,-0.12528,-0.1608,-0.1489,-0.095587,-0.011182,0.10296,0.24604,0.41333,0.5922,0.76916,0.93094,1.0583,1.133,1.1428,1.0864,0.97215,0.82589,0.69299,0.62069,0.6177,0.65049,0.66529,0.62335,0.50318,0.2987,0.029335,-0.24767,-0.44112,-0.49789,-0.44383,-0.34235,-0.24254,-0.16861,-0.13261,-0.14136,-0.1997,-0.30305,-0.42906,-0.54602,-0.63735,-0.71057,-0.78368,-0.86909,-0.97156,-1.0902,-1.2233
-0.037878,0.64796,1.401,1.783,1.5417,0.83627,0.043671,-0.51377,-0.65826,-0.41363,0.037417,0.47252,0.73772,0.81676,0.77494,0.67821,0.57083,0.46767,0.34363,0.13254,-0.23917,-0.78056,-1.3694,-1.7781,-1.8405,-1.5916,-1.1909,-0.76535,-0.37392,-0.04689,0.18875,0.31293,0.31901,0.23124,0.09856,-0.019006,-0.079836,-0.070206,0.0027415,0.12371,0.27102,0.42274,0.56075,0.67749,0.77235,0.84371,0.87819,0.85635,0.76589,0.60835,0.4107,0.23061,0.13234,0.13186,0.18586,0.22942,0.21651,0.12358,-0.055087,-0.29896,-0.54374,-0.69248,-0.68726,-0.55541,-0.36504,-0.16881,0.0064679,0.14517,0.233,0.24976,0.17797,0.022266,-0.18089,-0.38563,-0.56736,-0.72406,-0.86953,-1.0105,-1.1499,-1.29
-0.18141,0.53817,1.3448,1.7776,1.5803,0.90895,0.13958,-0.41349,-0.56908,-0.3401,0.098592,0.5176,0.76129,0.8153,0.74835,0.62983,0.50537,0.3907,0.2619,0.05421,-0.306,-0.83011,-1.3995,-1.7891,-1.8259,-1.5367,-1.0837,-0.60569,-0.1733,0.18291,0.44119,0.57993,0.59242,0.49283,0.32657,0.15709,0.043075,0.013915,0.06999,0.18722,0.3338,0.47375,0.58625,0.66506,0.71403,0.74145,0.73889,0.68662,0.56714,0.37789,0.14448,-0.07284,-0.2022,-0.219,-0.16789,-0.11599,-0.11063,-0.17467,-0.31271,-0.50494,-0.69426,-0.79243,-0.74502,-0.57384,-0.33985,-0.092776,0.14045,0.34094,0.48711,0.54887,0.49532,0.31997,0.061161,-0.21723,-0.46875,-0.68142,-0.86189,-1.0217,-1.1688,-1.3099
-0.40409,0.36214,1.2409,1.741,1.5983,0.97105,0.23045,-0.31354,-0.47975,-0.26506,0.15574,0.54937,0.7586,0.77673,0.67538,0.52432,0.37124,0.23517,0.094948,-0.1106,-0.45039,-0.93418,-1.4492,-1.7806,-1.7636,-1.421,-0.91197,-0.38399,0.087785,0.47399,0.75764,0.92225,0.95708,0.86835,0.68959,0.47887,0.30457,0.21754,0.2333,0.33053,0.46554,0.59354,0.68366,0.72631,0.7306,0.70946,0.66383,0.57619,0.42456,0.20021,-0.077868,-0.35293,-0.54839,-0.62606,-0.61777,-0.58277,-0.56434,-0.5818,-0.63827,-0.72112,-0.79491,-0.8049,-0.71224,-0.52257,-0.27022,0.010391,0.29246,0.55301,0.7598,0.86847,0.83274,0.63553,0.31791,-0.038282,-0.3638,-0.63115,-0.8446,-1.0187,-1.1682,-1.3059
-0.65828,0.15709,1.1119,1.6788,1.5873,0.99757,0.28178,-0.25054,-0.41732,-0.21288,0.18948,0.54949,0.71818,0.6974,0.55918,0.37318,0.18709,0.022711,-0.13507,-0.3401,-0.65464,-1.0842,-1.5203,-1.7676,-1.6808,-1.2891,-0.74482,-0.18874,0.30745,0.71755,1.0293,1.2289,1.3033,1.2502,1.0889,0.86659,0.65168,0.50939,0.47271,0.52903,0.63365,0.73866,0.81105,0.84039,0.83252,0.79689,0.73214,0.62298,0.45212,0.20749,-0.10042,-0.42934,-0.71123,-0.89725,-0.98798,-1.0198,-1.0206,-0.99953,-0.95721,-0.89572,-0.82087,-0.72555,-0.59328,-0.40952,-0.17301,0.10491,0.40561,0.69679,0.93967,1.079,1.0572,0.84851,0.49399,0.086457,-0.28831,-0.58957,-0.81904,-0.99294,-1.1315,-1.2548
-0.86405,-0.010323,1.0051,1.6207,1.5622,0.99592,0.29545,-0.22465,-0.38358,-0.18157,0.20441,0.53556,0.66869,0.61507,0.44807,0.23436,0.020988,-0.16737,-0.34098,-0.54736,-0.842,-1.2259,-1.5937,-1.7668,-1.6213,-1.1952,-0.63404,-0.068772,0.43564,0.85939,1.1943,1.4268,1.5403,1.5249,1.3899,1.1739,0.94159,0.76177,0.67871,0.68893,0.75717,0.83747,0.90145,0.93781,0.94384,0.9209,0.85907,0.74592,0.5719,0.32688,0.01375,-0.34391,-0.6953,-0.98483,-1.1897,-1.312,-1.3551,-1.3145,-1.1911,-1.0082,-0.80993,-0.6358,-0.48266,-0.31555,-0.10398,0.1585,0.45552,0.75885,1.0199,1.1765,1.164,0.95196,0.58182,0.15289,-0.24021,-0.55329,-0.78261,-0.94938,-1.078,-1.1916
-1.1528,-0.24282,0.85615,1.5327,1.511,0.96856,0.28693,-0.21068,-0.34795,-0.1437,0.21752,0.50343,0.58459,0.48306,0.27552,0.023743,-0.22775,-0.45107,-0.64824,-0.85693,-1.1227,-1.4396,-1.7081,-1.7762,-1.5542,-1.09,-0.51535,0.052183,0.55972,0.99675,1.3604,1.6391,1.811,1.8562,1.7697,1.5757,1.3294,1.1008,0.94534,0.87926,0.88443,0.92936,0.98989,1.0514,1.1008,1.1181,1.0832,0.98556,0.82289,0.5935,0.28875,-0.092112,-0.52433,-0.95678,-1.3354,-1.6147,-1.7554,-1.7232,-1.5115,-1.1724,-0.81345,-0.52749,-0.3351,-0.18649,-0.018047,0.20474,0.48148,0.78085,1.053,1.2298,1.2395,1.0446,0.68116,0.24879,-0.15201,-0.46808,-0.69433,-0.85038,-0.96347,-1.0615
-1.4475,-0.47509,0.70747,1.4403,1.4502,0.92317,0.26127,-0.20809,-0.31559,-0.10348,0.23084,0.46449,0.48801,0.33714,0.089053,-0.20139,-0.49069,-0.74897,-0.97081,-1.1809,-1.4118,-1.6535,-1.8193,-1.7883,-1.4987,-1.0065,-0.43064,0.1292,0.63237,1.0772,1.4659,1.7888,2.0202,2.1308,2.1009,1.9401,1.6892,1.4148,1.1794,1.0224,0.95009,0.9518,1.0134,1.1174,1.232,1.3143,1.3246,1.2533,1.1116,0.90388,0.61938,0.23784,-0.24454,-0.79385,-1.3427,-1.8054,-2.0881,-2.1053,-1.8324,-1.356,-0.84673,-0.4541,-0.21881,-0.08104,0.047314,0.22515,0.4681,0.75381,1.0336,1.2361,1.2829,1.1269,0.79562,0.384,-0.0062951,-0.31844,-0.53954,-0.6892,-0.7956,-0.88806
-1.6639,-0.64278,0.60253,1.3749,1.4035,0.88454,0.23564,-0.20647,-0.28767,-0.066758,0.24678,0.43734,0.41578,0.22875,-0.047936,-0.36497,-0.68175,-0.96628,-1.206,-1.4152,-1.6175,-1.802,-1.894,-1.7937,-1.4605,-0.95258,-0.37997,0.16741,0.65951,1.1047,1.5089,1.8633,2.1374,2.2949,2.3069,2.173,1.9238,1.62,1.3272,1.0989,0.96242,0.92745,0.9896,1.1289,1.3003,1.4349,1.4827,1.4354,1.311,1.1235,0.85992,0.48821,-0.013249,-0.62276,-1.2753,-1.8679,-2.2715,-2.3557,-2.0679,-1.512,-0.90227,-0.43063,-0.15565,-0.015552,0.090664,0.23734,0.45161,0.72285,1.0057,1.2301,1.3151,1.2057,0.91714,0.53354,0.15406,-0.1558,-0.38241,-0.53514,-0.63966,-0.72747
-1.9336,-0.84914,0.47788,1.2969,1.3441,0.83107,0.20201,-0.20021,-0.24189,-0.0059926,0.28287,0.41677,0.33609,0.10344,-0.20878,-0.55686,-0.9073,-1.2251,-1.485,-1.687,-1.8475,-1.9587,-1.9634,-1.7887,-1.4103,-0.88934,-0.32811,0.19748,0.66896,1.1063,1.526,1.9166,2.2435,2.4582,2.5224,2.4233,2.1822,1.8496,1.4907,1.1703,0.94366,0.85196,0.91289,1.1043,1.3522,1.5574,1.6514,1.6285,1.5223,1.3557,1.1177,0.76742,0.26585,-0.38609,-1.1271,-1.8513,-2.4048,-2.6054,-2.3457,-1.7242,-1.0054,-0.43046,-0.087531,0.075622,0.16531,0.27186,0.44445,0.68845,0.97528,1.2387,1.3892,1.3545,1.131,0.79096,0.43174,0.12155,-0.11211,-0.2766,-0.3957,-0.49907
-2.1129,-0.98273,0.39852,1.2474,1.3035,0.79537,0.18123,-0.19203,-0.20173,0.048139,0.32229,0.41979,0.29703,0.03198,-0.30426,-0.67468,-1.0476,-1.385,-1.6554,-1.8497,-1.9792,-2.0428,-1.9968,-1.7805,-1.376,-0.8463,-0.29094,0.21713,0.66908,1.0938,1.515,1.9247,2.2843,2.5387,2.641,2.5698,2.339,1.993,1.594,1.213,0.92296,0.78964,0.84936,1.0765,1.374,1.6188,1.7326,1.7162,1.6148,1.4622,1.2475,0.92228,0.4357,-0.22003,-0.99502,-1.7824,-2.4223,-2.7091,-2.4948,-1.8543,-1.0754,-0.43173,-0.034822,0.1565,0.24669,0.33168,0.47316,0.6935,0.97704,1.2657,1.4671,1.495,1.3272,1.0221,0.67369,0.35666,0.10792,-0.072536,-0.2045,-0.31769
-2.3081,-1.1269,0.31446,1.1968,1.2612,0.75805,0.16142,-0.17444,-0.14204,0.13126,0.39798,0.45874,0.28843,-0.016516,-0.38509,-0.78305,-1.1816,-1.5397,-1.8175,-1.9984,-2.0944,-2.1142,-2.0251,-1.769,-1.3348,-0.79149,-0.24334,0.23944,0.65933,1.0611,1.476,1.9029,2.2983,2.6,2.7499,2.7163,2.5048,2.1534,1.722,1.2849,0.92954,0.7484,0.79924,1.0551,1.3936,1.6643,1.7802,1.752,1.6423,1.4971,1.3108,1.0281,0.58426,-0.043407,-0.8134,-1.6285,-2.3333,-2.7097,-2.5662,-1.9351,-1.1042,-0.38568,0.076649,0.30594,0.40075,0.46148,0.56281,0.74839,1.0238,1.3421,1.6053,1.7071,1.6024,1.3348,0.99618,0.66798,0.39665,0.19136,0.037277,-0.093338
-2.4413,-1.225,0.26051,1.1631,1.2328,0.73543,0.15756,-0.14767,-0.075409,0.22934,0.50509,0.54899,0.34364,-0.00079864,-0.40213,-0.82844,-1.2524,-1.6288,-1.9114,-2.0822,-2.1603,-2.1632,-2.0584,-1.7825,-1.3225,-0.76071,-0.2158,0.24548,0.63607,1.0128,1.4205,1.8579,2.2813,2.6209,2.8124,2.817,2.6346,2.2966,1.8604,1.3984,1.0061,0.78987,0.82288,1.0784,1.4182,1.676,1.7624,1.6976,1.5597,1.4094,1.2459,1.0103,0.62712,0.061184,-0.65432,-1.4302,-2.1243,-2.5314,-2.4463,-1.856,-1.0167,-0.25558,0.25447,0.51532,0.61583,0.65662,0.71992,0.86742,1.1224,1.4503,1.7515,1.9049,1.8461,1.6058,1.2724,0.93411,0.64273,0.41556,0.24272,0.098343
-2.4953,-1.2658,0.23772,1.1488,1.2204,0.72831,0.16377,-0.12036,-0.020565,0.31245,0.60462,0.64865,0.42499,0.052298,-0.37532,-0.82466,-1.2677,-1.658,-1.9474,-2.1198,-2.2003,-2.2101,-2.1111,-1.8293,-1.3496,-0.76662,-0.21364,0.24043,0.61406,0.97352,1.3724,1.8134,2.2524,2.6166,2.8372,2.8713,2.7149,2.3975,1.9721,1.5112,1.1121,0.88383,0.90322,1.1411,1.4533,1.6716,1.7093,1.5952,1.42,1.2564,1.1098,0.91775,0.59485,0.09549,-0.55197,-1.2636,-1.9064,-2.2935,-2.2311,-1.6785,-0.86489,-0.099821,0.43086,0.71059,0.81518,0.84064,0.87635,0.98903,1.2172,1.5371,1.8489,2.0216,1.9801,1.7494,1.4174,1.0734,0.77442,0.54045,0.36241,0.21392
-2.5036,-1.2754,0.23046,1.143,1.2146,0.73002,0.18257,-0.076192,0.059333,0.43313,0.76102,0.81821,0.57959,0.17444,-0.28941,-0.77178,-1.2434,-1.6586,-1.9702,-2.1661,-2.2779,-2.3257,-2.2555,-1.9733,-1.4614,-0.83688,-0.25459,0.20683,0.5724,0.91574,1.3013,1.743,2.1977,2.5921,2.8492,2.9214,2.8011,2.5183,2.1258,1.6944,1.3134,1.0872,1.0838,1.2727,1.5163,1.6488,1.5917,1.3865,1.142,0.94943,0.82459,0.69849,0.46931,0.078895,-0.45381,-1.0478,-1.5804,-1.8898,-1.8099,-1.3007,-0.53259,0.20398,0.72149,0.99302,1.0863,1.0924,1.0946,1.1686,1.3578,1.6465,1.9403,2.1075,2.0674,1.8385,1.5063,1.1617,0.86268,0.63104,0.45767,0.31465
-2.4622,-1.2501,0.241,1.1464,1.2154,0.73832,0.20403,-0.035913,0.1258,0.53147,0.89193,0.96649,0.72283,0.29643,-0.19434,-0.70382,-1.2012,-1.6417,-1.9817,-2.2145,-2.3733,-2.4719,-2.4378,-2.1563,-1.6115,-0.94381,-0.32683,0.15146,0.51973,0.85786,1.238,1.6823,2.1505,2.5662,2.8476,2.9441,2.849,2.5953,2.2365,1.8398,1.4862,1.2668,1.2422,1.3845,1.5613,1.6175,1.4787,1.1928,0.88353,0.65977,0.54672,0.47253,0.32228,0.024201,-0.40768,-0.89439,-1.322,-1.5505,-1.4419,-0.95469,-0.23948,0.45437,0.94892,1.2092,1.2922,1.282,1.2626,1.3045,1.4559,1.707,1.9686,2.111,2.0535,1.815,1.481,1.1406,0.85225,0.63547,0.47828,0.35027
-2.3513,-1.1763,0.27341,1.1578,1.222,0.75342,0.23851,0.027884,0.22291,0.67164,1.0755,1.1775,0.93207,0.48027,-0.046609,-0.594,-1.1289,-1.6115,-2.007,-2.315,-2.5681,-2.7645,-2.797,-2.514,-1.9096,-1.1663,-0.49255,0.020728,0.40353,0.74845,1.1354,1.5922,2.0814,2.5214,2.8275,2.9492,2.8836,2.6668,2.3539,2.0062,1.6945,1.4936,1.452,1.5376,1.6252,1.5695,1.3045,0.89358,0.48409,0.21323,0.1239,0.13244,0.097151,-0.073023,-0.37162,-0.7212,-1.0126,-1.1254,-0.95369,-0.47838,0.18018,0.80702,1.2467,1.4681,1.5244,1.4935,1.4505,1.4614,1.5678,1.7591,1.9536,2.0344,1.9308,1.6659,1.3254,0.99965,0.73583,0.55163,0.43096,0.33925
-2.1865,-1.0641,0.32556,1.1767,1.2318,0.76912,0.27807,0.09617,0.32385,0.81167,1.2571,1.3871,1.1443,0.6722,0.11157,-0.47217,-1.0468,-1.5791,-2.0454,-2.4554,-2.8398,-3.1723,-3.295,-3.0117,-2.3325,-1.4979,-0.75062,-0.1848,0.23486,0.60449,1.0121,1.4884,1.9979,2.457,2.7804,2.9184,2.8723,2.6838,2.4085,2.1062,1.8359,1.6605,1.6129,1.6554,1.6688,1.5142,1.1348,0.60571,0.096814,-0.22171,-0.29005,-0.2042,-0.13371,-0.18983,-0.3719,-0.59863,-0.7644,-0.76637,-0.52877,-0.0485,0.55677,1.1123,1.491,1.6703,1.7004,1.653,1.5967,1.5866,1.6524,1.7766,1.8828,1.8718,1.6943,1.3881,1.0424,0.73824,0.52064,0.38812,0.3156,0.26597
-2.0362,-0.9605,0.37616,1.1959,1.2403,0.78077,0.30555,0.14796,0.39876,0.91252,1.3846,1.5344,1.2958,0.81112,0.22864,-0.38015,-0.98413,-1.555,-2.0785,-2.5757,-3.0798,-3.5419,-3.7498,-3.4635,-2.7186,-1.8085,-0.99766,-0.38297,0.074504,0.47284,0.90079,1.3941,1.9167,2.3873,2.7192,2.8654,2.8288,2.6541,2.3996,2.1228,1.8794,1.7226,1.6789,1.706,1.6844,1.478,1.0333,0.43138,-0.14299,-0.49476,-0.54894,-0.41104,-0.27439,-0.2657,-0.38502,-0.54837,-0.64625,-0.57984,-0.28914,0.20655,0.79209,1.3044,1.6349,1.7746,1.7789,1.7194,1.6592,1.643,1.6898,1.772,1.813,1.7245,1.4752,1.1194,0.75661,0.46994,0.29025,0.21043,0.19415,0.19466
-1.8124,-0.80258,0.45468,1.2262,1.2496,0.79054,0.33743,0.21172,0.49222,1.0322,1.5318,1.7052,1.4739,0.9781,0.37385,-0.26283,-0.89924,-1.5154,-2.1126,-2.7292,-3.4056,-4.065,-4.4119,-4.13,-3.2904,-2.2753,-1.3791,-0.69531,-0.18022,0.26343,0.72512,1.2423,1.7819,2.2632,2.6012,2.7486,2.7134,2.5441,2.3046,2.0521,1.839,1.7136,1.6935,1.7294,1.697,1.4589,0.96361,0.29855,-0.33343,-0.71623,-0.75958,-0.58309,-0.40406,-0.35849,-0.44207,-0.55935,-0.5929,-0.44911,-0.089386,0.44059,1.0143,1.4806,1.7542,1.8441,1.8155,1.7418,1.6839,1.6716,1.7081,1.7488,1.7095,1.5119,1.151,0.71369,0.32203,0.06023,-0.05455,-0.053951,0.0066626,0.071115
-1.5771,-0.63043,0.54312,1.2596,1.2534,0.78836,0.3534,0.25967,0.56566,1.1226,1.6398,1.8312,1.6121,1.1161,0.50204,-0.1485,-0.80303,-1.4502,-2.1069,-2.8288,-3.6659,-4.5236,-5.0263,-4.7621,-3.8416,-2.7364,-1.7672,-1.0229,-0.45718,0.026931,0.5186,1.0563,1.6107,2.1002,2.4403,2.5828,2.5383,2.3594,2.1167,1.8737,1.6869,1.6036,1.634,1.7162,1.7151,1.4893,0.98943,0.30984,-0.33828,-0.73145,-0.78322,-0.62184,-0.46779,-0.45279,-0.55909,-0.6773,-0.67923,-0.47304,-0.04076,0.5427,1.1264,1.5632,1.7862,1.826,1.7636,1.6796,1.6301,1.6398,1.6883,1.7098,1.6084,1.3125,0.84105,0.31482,-0.11564,-0.35814,-0.40976,-0.32784,-0.18685,-0.053352
-1.4005,-0.49905,0.61346,1.287,1.2527,0.7761,0.35117,0.27937,0.60127,1.1633,1.6847,1.8881,1.6836,1.1967,0.58712,-0.061344,-0.71686,-1.3738,-2.0579,-2.8345,-3.7616,-4.7388,-5.3454,-5.1105,-4.1635,-3.0237,-2.0226,-1.2475,-0.65709,-0.15362,0.35053,0.89632,1.4579,1.9523,2.2929,2.4313,2.3754,2.1829,1.9261,1.6815,1.5131,1.471,1.5583,1.6987,1.7452,1.5537,1.0755,0.41028,-0.228,-0.62266,-0.69543,-0.57882,-0.48666,-0.53728,-0.70152,-0.85342,-0.85186,-0.60381,-0.10856,0.52878,1.1389,1.5686,1.7613,1.7633,1.6699,1.5717,1.5295,1.5582,1.6286,1.6593,1.5401,1.1941,0.65065,0.056966,-0.40678,-0.63522,-0.64364,-0.50704,-0.31544,-0.14106
-1.176,-0.32897,0.70793,1.3257,1.2483,0.74645,0.32557,0.27851,0.61544,1.1735,1.693,1.9118,1.7336,1.2739,0.6876,0.060573,-0.57648,-1.223,-1.9124,-2.7173,-3.6988,-4.7527,-5.4413,-5.2731,-4.3713,-3.2583,-2.2625,-1.4802,-0.87768,-0.3689,0.1337,0.6752,1.2309,1.7222,2.0613,2.1959,2.1301,1.9171,1.6416,1.3909,1.2491,1.2684,1.4438,1.6785,1.8073,1.6829,1.2606,0.64244,0.034848,-0.36358,-0.49258,-0.47862,-0.5151,-0.7012,-0.98413,-1.2143,-1.2258,-0.92014,-0.32583,0.40481,1.0661,1.4977,1.6551,1.6058,1.4671,1.347,1.3132,1.3777,1.493,1.5553,1.4373,1.0567,0.45315,-0.20044,-0.69422,-0.9126,-0.87602,-0.68396,-0.44078,-0.22404
-1.0202,-0.20968,0.77648,1.3549,1.2413,0.71312,0.28857,0.25422,0.59571,1.1426,1.6561,1.8875,1.7377,1.3105,0.75543,0.15818,-0.44983,-1.0692,-1.7364,-2.5251,-3.4936,-4.5359,-5.2333,-5.1259,-4.3153,-3.2786,-2.3323,-1.5792,-0.99558,-0.50399,-0.018126,0.50852,1.0542,1.5416,1.8814,2.0144,1.9412,1.7131,1.4213,1.1675,1.0478,1.1234,1.3745,1.685,1.8799,1.8074,1.4303,0.85359,0.27394,-0.1301,-0.31476,-0.40139,-0.56357,-0.88143,-1.2833,-1.593,-1.6176,-1.2551,-0.56682,0.24911,0.95802,1.3952,1.5263,1.4347,1.2553,1.1114,1.0796,1.1723,1.3294,1.4324,1.342,0.96998,0.3578,-0.31253,-0.81746,-1.0302,-0.97597,-0.76191,-0.49716,-0.26101
-0.83725,-0.068631,0.86221,1.3921,1.2268,0.6518,0.20931,0.18173,0.52142,1.0478,1.5482,1.802,1.7029,1.3359,0.83948,0.29853,-0.25193,-0.81019,-1.4132,-2.134,-3.0248,-3.9837,-4.6473,-4.6278,-3.9836,-3.099,-2.2662,-1.5947,-1.0758,-0.63662,-0.19468,0.29735,0.8226,1.3045,1.6491,1.7909,1.7184,1.4797,1.169,0.90935,0.82099,0.96822,1.315,1.7191,1.991,1.9848,1.6684,1.1466,0.60017,0.17941,-0.090701,-0.32465,-0.67386,-1.1922,-1.7832,-2.2222,-2.2637,-1.802,-0.96413,-0.022857,0.75358,1.1993,1.2941,1.1405,0.89526,0.70498,0.66516,0.79155,1.0136,1.193,1.1727,0.85425,0.27618,-0.3756,-0.86964,-1.073,-1.008,-0.78421,-0.51252,-0.27227
-0.68915,0.045269,0.93473,1.4261,1.2098,0.57564,0.097143,0.06005,0.38816,0.8882,1.3756,1.6596,1.6296,1.3426,0.92098,0.45196,-0.023728,-0.50043,-1.0135,-1.6326,-2.4053,-3.2447,-3.8568,-3.9267,-3.4641,-2.7583,-2.0664,-1.5032,-1.0694,-0.70136,-0.31965,0.12423,0.61715,1.0881,1.4415,1.6027,1.5478,1.3154,1.0028,0.74903,0.6915,0.89872,1.3142,1.779,2.1028,2.144,1.8804,1.4114,0.89573,0.45508,0.093116,-0.29565,-0.83902,-1.5721,-2.3626,-2.9309,-2.97,-2.3827,-1.3844,-0.32331,0.50826,0.9514,0.99966,0.77136,0.44326,0.18803,0.1264,0.28487,0.58353,0.86195,0.94334,0.71775,0.21866,-0.37175,-0.82611,-1.0154,-0.95136,-0.73652,-0.47704,-0.24942
-0.60391,0.10909,0.97812,1.4484,1.1969,0.51424,-0.0039692,-0.05837,0.25488,0.73231,1.2119,1.5261,1.5582,1.3412,0.98373,0.57574,0.16381,-0.24399,-0.6815,-1.2152,-1.8924,-2.6433,-3.221,-3.3534,-3.0197,-2.4483,-1.8679,-1.3927,-1.0267,-0.71377,-0.37974,0.024951,0.4898,0.9514,1.3143,1.4975,1.4675,1.2533,0.95142,0.70558,0.6639,0.89728,1.3431,1.835,2.1813,2.2469,2.0112,1.571,1.0744,0.62168,0.20549,-0.28086,-0.95662,-1.841,-2.7784,-3.4402,-3.467,-2.7798,-1.6722,-0.5427,0.31237,0.74125,0.74537,0.45114,0.048678,-0.26761,-0.35295,-0.16734,0.19719,0.55973,0.72943,0.59122,0.17513,-0.34586,-0.75745,-0.93086,-0.87799,-0.68334,-0.44132,-0.22437
-0.52929,0.16201,1.0181,1.4741,1.1822,0.43127,-0.15146,-0.2416,0.043547,0.48964,0.96276,1.3259,1.45,1.3328,1.0673,0.74572,0.42254,0.11098,-0.22087,-0.63863,-1.1933,-1.8381,-2.3802,-2.5893,-2.4154,-2.0163,-1.5856,-1.227,-0.94987,-0.7054,-0.42722,-0.071347,0.36147,0.81482,1.1957,1.4158,1.4288,1.2533,0.97754,0.74771,0.71708,0.95904,1.4109,1.9071,2.2609,2.3433,2.1366,1.7322,1.262,0.80431,0.33578,-0.25205,-1.0677,-2.1107,-3.1945,-3.9311,-3.9187,-3.1294,-1.9423,-0.78233,0.057877,0.43959,0.36995,-0.021162,-0.53342,-0.94544,-1.0719,-0.84921,-0.38266,0.11213,0.41724,0.40605,0.10435,-0.32168,-0.66915,-0.81841,-0.77015,-0.59598,-0.37947,-0.18721
-0.50486,0.17527,1.0322,1.4891,1.1762,0.37636,-0.26232,-0.38909,-0.13052,0.29079,0.76175,1.167,1.3645,1.3244,1.1293,0.87299,0.61644,0.37708,0.1241,-0.20946,-0.67929,-1.2545,-1.7763,-2.0417,-1.9825,-1.7079,-1.3831,-1.1048,-0.88606,-0.68536,-0.44418,-0.11992,0.29189,0.7428,1.1407,1.3923,1.4419,1.302,1.0541,0.8413,0.8128,1.044,1.4773,1.9553,2.2993,2.3844,2.1942,1.8157,1.369,0.91812,0.42927,-0.20495,-1.0826,-2.1885,-3.3137,-4.055,-4.0191,-3.2138,-2.0376,-0.91184,-0.11555,0.21213,0.076622,-0.39331,-0.99176,-1.4773,-1.6336,-1.3749,-0.82425,-0.22843,0.17589,0.2573,0.040369,-0.31469,-0.61527,-0.74707,-0.70289,-0.54566,-0.34912,-0.174
-0.51594,0.15571,1.0282,1.5017,1.1761,0.32262,-0.39148,-0.57552,-0.35613,0.032297,0.50081,0.96138,1.2535,1.3125,1.2065,1.0339,0.86425,0.71919,0.56793,0.34141,-0.022988,-0.51528,-1.0163,-1.3556,-1.4405,-1.3257,-1.1354,-0.95724,-0.80683,-0.65355,-0.45173,-0.16209,0.22678,0.67651,1.0996,1.3949,1.499,1.413,1.2124,1.0265,0.99416,1.1915,1.5761,2.0102,2.327,2.4071,2.2331,1.8858,1.4732,1.0433,0.55502,-0.095411,-0.99065,-2.094,-3.1784,-3.859,-3.8109,-3.0792,-2.0219,-1.0133,-0.32199,-0.086064,-0.30972,-0.87409,-1.5742,-2.1472,-2.3307,-2.0196,-1.3563,-0.63123,-0.10652,0.080357,-0.046465,-0.33054,-0.58593,-0.7,-0.66131,-0.51995,-0.34103,-0.18087
-0.57757,0.088481,0.99534,1.5045,1.1876,0.2982,-0.47833,-0.71961,-0.54073,-0.18513,0.27613,0.78158,1.1564,1.3002,1.2724,1.1768,1.089,1.0323,0.97599,0.85005,0.58576,0.17273,-0.30487,-0.70394,-0.91785,-0.95637,-0.90175,-0.82314,-0.73716,-0.62671,-0.46116,-0.20272,0.16746,0.62395,1.0793,1.4264,1.5891,1.5601,1.4049,1.2423,1.2022,1.3584,1.6849,2.0631,2.3409,2.4063,2.2417,1.9216,1.5427,1.1433,0.67917,0.053861,-0.79971,-1.8249,-2.8008,-3.3949,-3.3653,-2.766,-1.8848,-1.0427,-0.48157,-0.34971,-0.65989,-1.2986,-2.0585,-2.6633,-2.8333,-2.458,-1.7113,-0.90635,-0.31012,-0.058928,-0.1303,-0.37303,-0.60543,-0.71354,-0.68003,-0.54839,-0.37941,-0.22757
-0.65792,0.0074729,0.95056,1.4991,1.2028,0.30463,-0.5058,-0.78397,-0.63402,-0.30341,0.14624,0.67256,1.0936,1.2894,1.3119,1.2689,1.2382,1.2437,1.2546,1.2007,1.0084,0.65369,0.19886,-0.23024,-0.52757,-0.67429,-0.72127,-0.71985,-0.68661,-0.61514,-0.48041,-0.24629,0.11495,0.58302,1.0681,1.4555,1.6612,1.674,1.5531,1.4103,1.3667,1.4943,1.7762,2.1094,2.3537,2.4029,2.2398,1.9342,1.5755,1.1985,0.75819,0.16522,-0.6353,-1.5801,-2.4562,-2.981,-2.9746,-2.4905,-1.7594,-1.0495,-0.5936,-0.53127,-0.88041,-1.5351,-2.2935,-2.8796,-3.0118,-2.5962,-1.8131,-0.98254,-0.37247,-0.11562,-0.18479,-0.4259,-0.65754,-0.76675,-0.73874,-0.61169,-0.44436,-0.29087
-0.80991,-0.14039,0.86379,1.4792,1.2301,0.3444,-0.48608,-0.79863,-0.68237,-0.38448,0.040009,0.56964,1.024,1.2684,1.3463,1.3646,1.4021,1.4847,1.5831,1.6245,1.5274,1.2514,0.83502,0.38155,-0.0057517,-0.28059,-0.45585,-0.55887,-0.60875,-0.60792,-0.5341,-0.34091,0.011278,0.50497,1.0395,1.4836,1.7466,1.8143,1.7414,1.6297,1.587,1.6846,1.9154,2.1941,2.3946,2.416,2.2399,1.9332,1.5847,1.2264,0.81917,0.28046,-0.43786,-1.2717,-2.0322,-2.4944,-2.5289,-2.1798,-1.6199,-1.0672,-0.72399,-0.72562,-1.0912,-1.7159,-2.3994,-2.8807,-2.9227,-2.4684,-1.7052,-0.9222,-0.36002,-0.14022,-0.23569,-0.49719,-0.74732,-0.87398,-0.85635,-0.73595,-0.57113,-0.41628
-1.0107,-0.33379,0.74642,1.4446,1.2594,0.41495,-0.40354,-0.72869,-0.63816,-0.37128,0.017316,0.52012,0.97311,1.2413,1.358,1.4245,1.5196,1.6722,1.8543,1.9906,1.9903,1.7969,1.428,0.96764,0.51525,0.13607,-0.15211,-0.36145,-0.51306,-0.61192,-0.62801,-0.49393,-0.14902,0.3837,0.98124,1.4908,1.8148,1.9371,1.9124,1.8339,1.8007,1.8792,2.0699,2.3021,2.4604,2.4475,2.2459,1.9209,1.5603,1.2038,0.81431,0.31644,-0.33196,-1.0713,-1.7393,-2.1554,-2.2258,-1.9839,-1.5582,-1.1232,-0.85456,-0.87586,-1.2013,-1.726,-2.2622,-2.589,-2.5336,-2.0793,-1.385,-0.6923,-0.2157,-0.071754,-0.23562,-0.55834,-0.85852,-1.0197,-1.0212,-0.90534,-0.73581,-0.57193
-1.1923,-0.50751,0.63873,1.4075,1.2794,0.48266,-0.30538,-0.6259,-0.54974,-0.30632,0.048857,0.51168,0.94341,1.2149,1.3503,1.4444,1.5762,1.7766,2.0187,2.2245,2.2961,2.1666,1.8399,1.3861,0.9005,0.45928,0.097284,-0.19087,-0.42798,-0.61844,-0.721,-0.64531,-0.31078,0.25772,0.91266,1.4798,1.852,2.0142,2.0206,1.9642,1.9415,2.0165,2.1925,2.402,2.5329,2.4905,2.2569,1.9,1.5127,1.1396,0.75119,0.27633,-0.32654,-1.0066,-1.619,-2.0115,-2.1069,-1.9292,-1.5794,-1.2029,-0.95909,-0.96083,-1.2197,-1.6347,-2.0341,-2.2348,-2.1105,-1.6695,-1.0458,-0.44192,-0.048403,0.024336,-0.20147,-0.57968,-0.92758,-1.1242,-1.1465,-1.0399,-0.87212,-0.70554
-1.469,-0.77214,0.4706,1.3388,1.2981,0.58283,-0.14113,-0.43956,-0.3754,-0.16175,0.13722,0.52679,0.90624,1.1641,1.313,1.4349,1.6079,1.8662,2.1836,2.4778,2.6426,2.5987,2.3334,1.9017,1.3923,0.8897,0.44396,0.055348,-0.30109,-0.62797,-0.86644,-0.88597,-0.5707,0.052152,0.79283,1.4407,1.8767,2.0875,2.132,2.105,2.1005,2.1824,2.3517,2.5411,2.6418,2.5574,2.2716,1.8555,1.4103,0.99303,0.58829,0.13192,-0.42084,-1.0328,-1.5876,-1.9619,-2.0888,-1.9767,-1.6949,-1.3582,-1.1027,-1.0351,-1.1697,-1.4175,-1.6349,-1.6849,-1.4913,-1.0708,-0.53218,-0.038562,0.24542,0.21835,-0.098263,-0.5604,-0.98317,-1.2408,-1.3029,-1.2154,-1.0514,-0.88003
-1.6979,-0.99125,0.32693,1.2718,1.3015,0.65727,-0.0033509,-0.27665,-0.21779,-0.02689,0.22456,0.5496,0.87724,1.1133,1.2633,1.4004,1.5997,1.8964,2.2654,2.6227,2.8558,2.8754,2.658,2.2493,1.7347,1.2002,0.70128,0.24373,-0.19878,-0.63131,-0.97852,-1.0793,-0.78011,-0.11351,0.69369,1.4004,1.8802,2.1216,2.1898,2.1809,2.191,2.2806,2.4498,2.6313,2.7142,2.6023,2.2778,1.8125,1.3131,0.84868,0.41587,-0.040662,-0.5656,-1.1337,-1.6494,-2.01,-2.156,-2.0831,-1.8354,-1.504,-1.211,-1.0644,-1.0882,-1.209,-1.3041,-1.2632,-1.0304,-0.62743,-0.14558,0.27589,0.48975,0.40077,0.028059,-0.48963,-0.96922,-1.2769,-1.3796,-1.321,-1.1736,-1.0077
-2.0231,-1.3017,0.11614,1.1624,1.2873,0.7477,0.18042,-0.048608,0.0079619,0.16684,0.35491,0.58604,0.8319,1.0265,1.1686,1.3193,1.5469,1.8874,2.3181,2.753,3.0716,3.1725,3.0196,2.6488,2.1401,1.582,1.0333,0.50031,-0.047291,-0.61364,-1.1066,-1.3176,-1.0406,-0.31521,0.5746,1.3486,1.8719,2.1388,2.2224,2.2264,2.2516,2.3558,2.5358,2.7183,2.7864,2.6433,2.2669,1.7311,1.1531,0.61627,0.1381,-0.3243,-0.81769,-1.3355,-1.8085,-2.1576,-2.327,-2.2932,-2.0676,-1.7121,-1.3421,-1.0731,-0.94869,-0.91761,-0.88053,-0.74906,-0.47964,-0.093583,0.33659,0.69234,0.84018,0.6887,0.25339,-0.33216,-0.88477,-1.2644,-1.4272,-1.4088,-1.2844,-1.1316
-2.3573,-1.6236,-0.10981,1.0297,1.2495,0.82244,0.35362,0.1749,0.23059,0.3569,0.48145,0.61822,0.77298,0.91667,1.0446,1.2013,1.4493,1.8257,2.3095,2.8132,3.2098,3.3872,3.2982,2.9706,2.4803,1.9156,1.3386,0.7525,0.124,-0.5493,-1.1625,-1.4666,-1.2125,-0.44638,0.49889,1.3113,1.8514,2.1203,2.1991,2.2028,2.2361,2.3574,2.5534,2.7418,2.8024,2.6335,2.2137,1.6183,0.96956,0.36765,-0.15289,-0.62281,-1.0919,-1.5699,-2.0175,-2.3665,-2.557,-2.5447,-2.3133,-1.905,-1.4377,-1.0481,-0.79928,-0.65355,-0.52188,-0.32562,-0.029577,0.35162,0.75225,1.067,1.1736,0.98537,0.51512,-0.11073,-0.71441,-1.1557,-1.379,-1.4125,-1.3293,-1.2083
-2.6018,-1.8623,-0.28391,0.9172,1.2059,0.86262,0.46959,0.32838,0.38332,0.48705,0.56712,0.63343,0.7193,0.82076,0.93302,1.0912,1.3497,1.746,2.2628,2.8125,3.2629,3.4948,3.4543,3.1628,2.6925,2.1311,1.5423,0.93092,0.26346,-0.46161,-1.1325,-1.4842,-1.2481,-0.47378,0.4831,1.2988,1.8313,2.0844,2.1465,2.1383,2.1708,2.2996,2.5062,2.7021,2.7623,2.5832,2.1428,1.516,0.82833,0.18828,-0.35783,-0.83055,-1.2811,-1.735,-2.1679,-2.5239,-2.7374,-2.7431,-2.4997,-2.042,-1.4956,-1.0187,-0.69136,-0.48304,-0.30612,-0.081445,0.22767,0.60749,0.99849,1.3,1.3938,1.1952,0.71626,0.078619,-0.54646,-1.021,-1.2869,-1.365,-1.3208,-1.2302
-2.9019,-2.1624,-0.51414,0.75316,1.1286,0.89239,0.59639,0.50299,0.55789,0.63467,0.6574,0.63584,0.63245,0.67679,0.76645,0.92257,1.1892,1.604,2.1552,2.7574,3.2733,3.5747,3.5977,3.3562,2.9184,2.372,1.7809,1.1541,0.46165,-0.2906,-0.98789,-1.3618,-1.1471,-0.39696,0.52897,1.3075,1.7961,2.0018,2.0197,1.9807,2.0019,2.1377,2.3595,2.5687,2.6347,2.4521,1.9989,1.3517,0.64026,-0.020298,-0.57337,-1.0354,-1.4651,-1.9026,-2.3389,-2.7184,-2.9601,-2.974,-2.6997,-2.1697,-1.5358,-0.97801,-0.58453,-0.32487,-0.11044,0.13801,0.45781,0.83942,1.2261,1.5231,1.6175,1.4268,0.95995,0.33055,-0.30045,-0.80129,-1.1123,-1.2458,-1.257,-1.2147
-3.1507,-2.4209,-0.7309,0.58232,1.0309,0.8944,0.68796,0.63701,0.69402,0.74589,0.71682,0.61464,0.52753,0.51778,0.58501,0.73578,1.0063,1.4335,2.0095,2.6535,3.2269,3.5922,3.6748,3.4822,3.0811,2.5578,1.9771,1.3521,0.66449,-0.072265,-0.73853,-1.0876,-0.88805,-0.20172,0.64188,1.3366,1.7456,1.8764,1.8284,1.7431,1.7421,1.8799,2.1144,2.3369,2.4151,2.2413,1.798,1.1642,0.47007,-0.1666,-0.69238,-1.1289,-1.5421,-1.9781,-2.4324,-2.843,-3.1143,-3.136,-2.8331,-2.2464,-1.5504,-0.94339,-0.51922,-0.24459,-0.025434,0.22294,0.54435,0.92658,1.319,1.6292,1.7449,1.5821,1.1457,0.54237,-0.075397,-0.57999,-0.91912,-1.0946,-1.1527,-1.1555
-3.2939,-2.5763,-0.87648,0.4552,0.94859,0.87815,0.72922,0.70717,0.76548,0.80057,0.73686,0.5802,0.43645,0.38987,0.44166,0.58987,0.86264,1.2959,1.8858,2.555,3.1643,3.5719,3.6976,3.543,3.172,2.6679,2.0979,1.4816,0.81043,0.10779,-0.50962,-0.81827,-0.6278,-0.0046713,0.75281,1.3646,1.6981,1.7597,1.6504,1.5173,1.4907,1.6209,1.8624,2.0996,2.1922,2.0386,1.619,1.0146,0.36113,-0.2325,-0.71693,-1.1222,-1.5203,-1.9613,-2.4297,-2.86,-3.1484,-3.1742,-2.8581,-2.2496,-1.5374,-0.9279,-0.51287,-0.2521,-0.045166,0.19606,0.51359,0.90065,1.3026,1.6268,1.7615,1.6244,1.2196,0.65013,0.060886,-0.43364,-0.77433,-0.96718,-1.0545,-1.0924
-3.4143,-2.7223,-1.0408,0.29441,0.82933,0.83253,0.74803,0.75749,0.81863,0.83377,0.72881,0.50931,0.29984,0.21176,0.24974,0.39761,0.67409,1.1127,1.7142,2.4072,3.0546,3.5121,3.6932,3.5916,3.2625,2.7834,2.2246,1.6192,0.97924,0.34058,-0.18706,-0.42413,-0.23805,0.29454,0.92144,1.4019,1.616,1.5699,1.3668,1.1611,1.0919,1.2098,1.4589,1.713,1.8297,1.7068,1.3334,0.79713,0.23002,-0.26399,-0.6588,-1.0059,-1.384,-1.8287,-2.3154,-2.761,-3.0556,-3.0836,-2.7761,-2.1891,-1.5132,-0.94503,-0.57085,-0.34761,-0.17285,0.04414,0.3512,0.73678,1.1496,1.4975,1.6685,1.5793,1.2315,0.72148,0.18335,-0.27598,-0.61001,-0.82022,-0.9396,-1.0143
-3.4482,-2.7836,-1.1386,0.18178,0.73612,0.78042,0.7325,0.76196,0.82449,0.82755,0.69578,0.43774,0.18951,0.077808,0.11167,0.26399,0.54518,0.98637,1.5913,2.2951,2.9649,3.4556,3.6763,3.615,3.3174,2.8551,2.2986,1.6963,1.0789,0.49396,0.041155,-0.13491,0.054268,0.52395,1.0518,1.4277,1.5434,1.4088,1.1274,0.86078,0.75343,0.85858,1.1119,1.3793,1.5168,1.425,1.0996,0.63123,0.14931,-0.25805,-0.58111,-0.88083,-1.2344,-1.6727,-2.1525,-2.5883,-2.8732,-2.902,-2.6194,-2.0868,-1.4783,-0.98078,-0.6706,-0.49885,-0.36022,-0.16402,0.13136,0.52052,0.94655,1.3155,1.516,1.4657,1.1656,0.70765,0.21853,-0.20637,-0.52117,-0.72877,-0.85949,-0.95546
-3.4229,-2.8049,-1.2347,0.045878,0.60758,0.68624,0.67287,0.71958,0.78449,0.77286,0.61243,0.31499,0.029094,-0.10096,-0.063804,0.10288,0.39635,0.84211,1.4484,2.16,2.852,3.3813,3.6522,3.6424,3.3834,2.9368,2.3748,1.7674,1.1727,0.65545,0.30305,0.21318,0.41551,0.81234,1.2165,1.4543,1.4383,1.1823,0.79476,0.44089,0.27519,0.3524,0.60468,0.89015,1.0585,1.0156,0.76224,0.39374,0.033708,-0.24607,-0.45948,-0.68307,-0.9926,-1.4021,-1.8537,-2.2545,-2.5108,-2.5468,-2.3317,-1.92,-1.4572,-1.0927,-0.88773,-0.79378,-0.71112,-0.55271,-0.27371,0.11393,0.55585,0.95776,1.2071,1.2196,0.99318,0.61363,0.19732,-0.16888,-0.45011,-0.64965,-0.79195,-0.9099
-3.3323,-2.7678,-1.2971,-0.076954,0.47416,0.56605,0.56778,0.62779,0.694,0.67284,0.49294,0.16977,-0.13669,-0.27025,-0.21987,-0.031235,0.28135,0.73589,1.3418,2.0538,2.7594,3.3208,3.6381,3.6762,3.4527,3.0158,2.4392,1.8121,1.2253,0.76306,0.50277,0.49605,0.7223,1.067,1.3671,1.4794,1.3359,0.9586,0.45973,0.013436,-0.21605,-0.16805,0.081561,0.38005,0.57533,0.57697,0.39479,0.128,-0.10902,-0.26361,-0.36914,-0.51106,-0.76063,-1.1191,-1.5186,-1.8664,-2.0867,-2.1337,-2.0015,-1.7426,-1.4617,-1.2702,-1.205,-1.2117,-1.1939,-1.0704,-0.80426,-0.40708,0.062172,0.5057,0.80904,0.88719,0.7364,0.43728,0.097631,-0.20469,-0.44267,-0.61998,-0.75835,-0.88606
-3.2351,-2.7141,-1.329,-0.16257,0.36929,0.45837,0.46363,0.52597,0.59359,0.57014,0.38228,0.051311,-0.25785,-0.38512,-0.31957,-0.11158,0.21786,0.68051,1.2845,1.9925,2.7035,3.2854,3.6352,3.7089,3.5137,3.0849,2.4927,1.8401,1.246,0.813,0.61122,0.66051,0.90792,1.2274,1.4652,1.4971,1.2662,0.80221,0.22071,-0.29606,-0.57542,-0.55266,-0.31014,-0.0079294,0.20193,0.23244,0.10057,-0.093816,-0.24488,-0.31418,-0.34538,-0.42545,-0.62081,-0.92788,-1.2752,-1.5776,-1.7733,-1.8353,-1.7723,-1.6348,-1.5044,-1.4592,-1.5109,-1.596,-1.6228,-1.5194,-1.2561,-0.84743,-0.35515,0.12211,0.46891,0.5992,0.50752,0.27073,-0.0097106,-0.26571,-0.46765,-0.62532,-0.75942,-0.89431
-3.0822,-2.6278,-1.3623,-0.2756,0.22081,0.29217,0.28862,0.35062,0.42442,0.40501,0.22033,-0.10496,-0.40163,-0.51112,-0.42453,-0.19094,0.16049,0.6323,1.2309,1.9284,2.6395,3.2426,3.634,3.7601,3.6089,3.1977,2.5862,1.8913,1.2686,0.85278,0.71094,0.82501,1.0999,1.3959,1.5685,1.5111,1.1805,0.61308,-0.069649,-0.67872,-1.0272,-1.0455,-0.81853,-0.51607,-0.29432,-0.23469,-0.31368,-0.42913,-0.48341,-0.45143,-0.3864,-0.37919,-0.49463,-0.72452,-1.0015,-1.248,-1.4184,-1.5058,-1.5343,-1.5535,-1.6207,-1.7716,-1.9808,-2.1697,-2.2517,-2.1684,-1.8997,-1.4696,-0.93861,-0.40662,0.0078528,0.21387,0.19999,0.036774,-0.17964,-0.38076,-0.54811,-0.68514,-0.80922,-0.94118
-2.9627,-2.5614,-1.3881,-0.36462,0.097946,0.15164,0.13507,0.1959,0.27705,0.26771,0.095126,-0.21212,-0.48885,-0.58277,-0.48148,-0.23273,0.13098,0.60677,1.1989,1.8847,2.5901,3.2045,3.6265,3.7946,3.683,3.2935,2.675,1.9496,1.295,0.87401,0.75982,0.91181,1.2068,1.4919,1.6266,1.5136,1.1188,0.48265,-0.26968,-0.9448,-1.3454,-1.3937,-1.178,-0.87632,-0.65038,-0.57796,-0.62866,-0.69852,-0.69423,-0.59882,-0.4722,-0.40433,-0.45794,-0.62755,-0.8523,-1.062,-1.2201,-1.3286,-1.419,-1.5407,-1.7411,-2.0317,-2.3568,-2.6187,-2.7323,-2.6532,-2.3751,-1.9195,-1.3528,-0.77664,-0.31299,-0.056393,-0.020703,-0.13724,-0.31242,-0.48259,-0.62638,-0.74847,-0.86507,-0.99543
-2.8121,-2.4832,-1.4351,-0.49713,-0.081275,-0.055233,-0.090713,-0.032454,0.065333,0.080341,-0.061144,-0.32665,-0.5675,-0.64174,-0.52924,-0.27191,0.097875,0.57102,1.1473,1.8103,2.5024,3.1284,3.5911,3.8206,3.7719,3.4261,2.8158,2.0608,1.3611,0.91562,0.81214,0.99361,1.3063,1.5811,1.6772,1.5055,1.0385,0.32111,-0.5207,-1.2835,-1.7515,-1.8294,-1.6123,-1.2992,-1.0631,-0.98491,-1.0238,-1.0652,-1.0133,-0.85359,-0.64999,-0.49714,-0.46476,-0.55815,-0.72416,-0.90226,-1.0599,-1.2023,-1.3637,-1.5954,-1.9336,-2.3634,-2.8029,-3.1421,-3.2984,-3.2337,-2.9428,-2.4571,-1.8401,-1.2017,-0.67253,-0.3534,-0.26173,-0.33131,-0.47037,-0.61497,-0.74239,-0.85736,-0.97301,-1.1044
-2.6834,-2.4294,-1.5034,-0.65014,-0.2781,-0.28025,-0.33419,-0.27314,-0.15101,-0.098159,-0.18923,-0.3993,-0.59768,-0.65842,-0.55084,-0.30158,0.059067,0.51548,1.0637,1.6935,2.3643,2.9983,3.5036,3.7997,3.8258,3.5421,2.9635,2.2031,1.4725,0.99345,0.87774,1.0618,1.3743,1.6336,1.6979,1.4792,0.95314,0.16363,-0.76057,-1.6052,-2.1278,-2.215,-1.9711,-1.6214,-1.3616,-1.276,-1.3234,-1.3763,-1.3187,-1.1267,-0.86345,-0.63485,-0.52656,-0.55822,-0.68661,-0.85083,-1.0147,-1.1802,-1.3822,-1.6708,-2.0852,-2.6013,-3.1186,-3.5118,-3.6983,-3.6487,-3.3639,-2.8625,-2.2098,-1.5181,-0.92835,-0.55415,-0.42236,-0.46927,-0.59917,-0.74191,-0.87125,-0.98664,-1.1005,-1.2288
-2.6074,-2.4098,-1.5702,-0.78025,-0.43831,-0.45756,-0.52024,-0.45285,-0.30908,-0.21917,-0.2631,-0.4247,-0.59273,-0.65127,-0.55839,-0.32718,0.015074,0.44914,0.96763,1.5641,2.2114,2.8473,3.3853,3.7375,3.8289,3.6056,3.0702,2.3275,1.5874,1.0837,0.94423,1.1131,1.4146,1.6592,1.701,1.4514,0.88575,0.046685,-0.93444,-1.8327,-2.3796,-2.449,-2.159,-1.7613,-1.4714,-1.381,-1.4483,-1.5348,-1.5049,-1.3148,-1.0246,-0.74999,-0.59318,-0.58906,-0.70037,-0.86564,-1.0416,-1.2217,-1.434,-1.7293,-2.1449,-2.6627,-3.1903,-3.6082,-3.8316,-3.8215,-3.5636,-3.075,-2.4104,-1.6873,-1.0585,-0.64923,-0.49416,-0.53165,-0.66345,-0.81705,-0.95703,-1.0822,-1.2042,-1.3385
-2.537,-2.4128,-1.684,-0.97087,-0.66322,-0.69694,-0.76219,-0.68279,-0.5043,-0.35929,-0.33203,-0.4252,-0.55974,-0.62794,-0.56962,-0.37868,-0.075544,0.31663,0.78429,1.3244,1.9288,2.5597,3.1405,3.5734,3.7643,3.6395,3.1861,2.4964,1.7714,1.247,1.068,1.1972,1.4666,1.6831,1.6952,1.4101,0.7988,-0.099132,-1.1505,-2.1063,-2.6565,-2.6525,-2.2542,-1.7653,-1.4235,-1.331,-1.4433,-1.6059,-1.651,-1.5038,-1.2103,-0.89979,-0.69994,-0.66698,-0.77049,-0.94348,-1.1294,-1.3073,-1.4955,-1.7397,-2.094,-2.5605,-3.0682,-3.5065,-3.7846,-3.8485,-3.6675,-3.2293,-2.5807,-1.8386,-1.1693,-0.71737,-0.53304,-0.5622,-0.70556,-0.88405,-1.053,-1.2056,-1.3491,-1.4957
-2.505,-2.4445,-1.8175,-1.1757,-0.89388,-0.92839,-0.98484,-0.88791,-0.67345,-0.47179,-0.37125,-0.39846,-0.50873,-0.601,-0.59302,-0.45924,-0.21239,0.12152,0.52394,0.99415,1.5424,2.159,2.7824,3.3047,3.6082,3.6003,3.2551,2.6502,1.972,1.4482,1.2299,1.3054,1.5254,1.7037,1.6857,1.3718,0.72608,-0.21575,-1.3153,-2.2942,-2.7997,-2.684,-2.1605,-1.5767,-1.1853,-1.0887,-1.2471,-1.4997,-1.6537,-1.592,-1.3377,-1.0263,-0.80991,-0.76532,-0.87301,-1.0589,-1.2501,-1.4056,-1.5287,-1.6691,-1.8948,-2.2467,-2.6937,-3.1449,-3.4991,-3.676,-3.6111,-3.2741,-2.68,-1.9397,-1.2352,-0.73741,-0.51993,-0.54118,-0.70221,-0.91345,-1.1245,-1.3153,-1.486,-1.6468
-2.5059,-2.4848,-1.9253,-1.3318,-1.0633,-1.0913,-1.1344,-1.0226,-0.78722,-0.54696,-0.39398,-0.37549,-0.47255,-0.58885,-0.62571,-0.54372,-0.34908,-0.068737,0.27529,0.68408,1.1823,1.7833,2.4382,3.0311,3.4264,3.5167,3.2657,2.7412,2.1156,1.606,1.3631,1.395,1.5734,1.7215,1.681,1.3506,0.6869,-0.27414,-1.3856,-2.3457,-2.7818,-2.5696,-1.9647,-1.3287,-0.91069,-0.81539,-1.0067,-1.3276,-1.5719,-1.5974,-1.3987,-1.1075,-0.89274,-0.84972,-0.96375,-1.1564,-1.34,-1.4582,-1.5078,-1.5418,-1.6568,-1.9216,-2.3247,-2.7798,-3.1806,-3.4371,-3.4742,-3.2305,-2.7027,-1.9843,-1.2633,-0.73268,-0.48743,-0.4978,-0.66726,-0.90247,-1.1452,-1.3703,-1.5732,-1.7591
-2.5384,-2.5563,-2.07,-1.5328,-1.2772,-1.2845,-1.3077,-1.1803,-0.92791,-0.64994,-0.43632,-0.36523,-0.44948,-0.59828,-0.69892,-0.6924,-0.57607,-0.37675,-0.12058,0.19554,0.61609,1.1883,1.8835,2.5746,3.1001,3.3313,3.2185,2.8158,2.2794,1.8052,1.5424,1.5197,1.6391,1.7416,1.6735,1.3249,0.65073,-0.31071,-1.3962,-2.2801,-2.5944,-2.2599,-1.5751,-0.89932,-0.46884,-0.3882,-0.6259,-1.029,-1.3864,-1.5285,-1.4224,-1.1874,-0.99991,-0.96975,-1.0912,-1.2837,-1.4474,-1.5078,-1.4492,-1.3386,-1.2939,-1.4225,-1.7475,-2.1983,-2.6625,-3.0296,-3.1998,-3.0909,-2.6599,-1.9825,-1.2536,-0.68986,-0.41114,-0.40529,-0.58311,-0.84997,-1.1373,-1.4105,-1.6559,-1.8726
-2.5831,-2.6182,-2.1727,-1.6687,-1.4187,-1.4096,-1.4149,-1.283,-1.0306,-0.73599,-0.48702,-0.38179,-0.45819,-0.63124,-0.77945,-0.83176,-0.77835,-0.64424,-0.45749,-0.21484,0.14074,0.68411,1.4067,2.1733,2.8003,3.1422,3.1374,2.8321,2.3687,1.929,1.6578,1.597,1.6722,1.7425,1.6572,1.3063,0.6401,-0.29807,-1.3354,-2.1359,-2.3494,-1.9449,-1.2292,-0.54704,-0.12428,-0.059031,-0.32805,-0.78403,-1.2151,-1.4416,-1.4094,-1.2262,-1.0703,-1.057,-1.1888,-1.3784,-1.5166,-1.5207,-1.3764,-1.1605,-1.014,-1.0624,-1.3362,-1.7671,-2.2442,-2.659,-2.9101,-2.8973,-2.5525,-1.922,-1.1962,-0.61166,-0.31139,-0.29687,-0.48312,-0.77189,-1.0938,-1.4066,-1.6902,-1.9387
-2.6654,-2.7023,-2.2891,-1.8175,-1.574,-1.5413,-1.5275,-1.4055,-1.1697,-0.87131,-0.58896,-0.44433,-0.51069,-0.71395,-0.92199,-1.0515,-1.0825,-1.0342,-0.936,-0.78779,-0.52242,-0.030428,0.71454,1.5751,2.338,2.8309,2.9741,2.8005,2.4357,2.0442,1.7668,1.6602,1.6808,1.7104,1.6084,1.262,0.62365,-0.25713,-1.19,-1.8431,-1.9209,-1.4517,-0.73794,-0.08397,0.30854,0.34431,0.042972,-0.46176,-0.96788,-1.2917,-1.3582,-1.2506,-1.1412,-1.1551,-1.2984,-1.4859,-1.599,-1.5436,-1.303,-0.96662,-0.70027,-0.64593,-0.84309,-1.2268,-1.6884,-2.1231,-2.4305,-2.508,-2.2632,-1.7061,-1.0105,-0.42508,-0.11493,-0.098216,-0.29827,-0.62004,-0.98754,-1.3532,-1.6895,-1.983
-2.7693,-2.7799,-2.3713,-1.9191,-1.6817,-1.632,-1.6123,-1.5169,-1.3219,-1.042,-0.74177,-0.5654,-0.61934,-0.84335,-1.1013,-1.2996,-1.4076,-1.4362,-1.4121,-1.3419,-1.1618,-0.73771,0.0029257,0.9384,1.8279,2.4673,2.7569,2.7102,2.4358,2.0873,1.8011,1.6531,1.6268,1.6244,1.5129,1.1818,0.58692,-0.21075,-1.0132,-1.5081,-1.4655,-0.95551,-0.25893,0.35559,0.70738,0.70545,0.3681,-0.17572,-0.73288,-1.1221,-1.2625,-1.2233,-1.1664,-1.2151,-1.3817,-1.5818,-1.6913,-1.6051,-1.2996,-0.87239,-0.49999,-0.3425,-0.45023,-0.7631,-1.1732,-1.5762,-1.8799,-1.9821,-1.7919,-1.3031,-0.66446,-0.11388,0.17613,0.17433,-0.052237,-0.41263,-0.8292,-1.2489,-1.6379,-1.9774
-2.8582,-2.8297,-2.4054,-1.9602,-1.7289,-1.6757,-1.6629,-1.6008,-1.4494,-1.1954,-0.88973,-0.69308,-0.73539,-0.96666,-1.2523,-1.4939,-1.6509,-1.7255,-1.7419,-1.7123,-1.5834,-1.2145,-0.4978,0.4704,1.4366,2.1727,2.5595,2.598,2.3839,2.0644,1.7743,1.5993,1.5415,1.5169,1.4006,1.0849,0.53103,-0.19152,-0.88227,-1.2543,-1.1309,-0.6027,0.072383,0.65332,0.9727,0.94309,0.58154,0.015033,-0.56623,-0.98747,-1.1678,-1.1711,-1.1521,-1.2334,-1.4257,-1.6481,-1.7751,-1.6932,-1.3679,-0.89157,-0.45213,-0.21642,-0.24316,-0.47874,-0.82026,-1.1676,-1.4295,-1.5176,-1.3449,-0.89858,-0.30876,0.20084,0.45924,0.4295,0.17288,-0.22138,-0.67698,-1.1385,-1.5687,-1.9454
-2.9851,-2.8818,-2.4133,-1.9693,-1.7502,-1.7055,-1.7144,-1.7088,-1.6306,-1.4239,-1.123,-0.90323,-0.92501,-1.1563,-1.4648,-1.7466,-1.9501,-2.0633,-2.1052,-2.0991,-2.0132,-1.7164,-1.0659,-0.10451,0.92456,1.762,2.2574,2.3914,2.2483,1.9631,1.6711,1.4651,1.3658,1.3108,1.1898,0.90109,0.41363,-0.19692,-0.72894,-0.94006,-0.71581,-0.17193,0.46817,1,1.2742,1.2085,0.8216,0.23788,-0.35843,-0.79821,-1.0087,-1.0544,-1.0854,-1.2188,-1.4674,-1.7514,-1.9393,-1.8997,-1.5764,-1.054,-0.52572,-0.17849,-0.085252,-0.20074,-0.42664,-0.66642,-0.83666,-0.85887,-0.66446,-0.24826,0.27527,0.70925,0.89941,0.81152,0.50301,0.057317,-0.45045,-0.96451,-1.4461,-1.8706
-3.1179,-2.9152,-2.3831,-1.9312,-1.7306,-1.7087,-1.7548,-1.8158,-1.8188,-1.6696,-1.3809,-1.1403,-1.1367,-1.3582,-1.6735,-1.9734,-2.1962,-2.3183,-2.3524,-2.3336,-2.2622,-2.0346,-1.4853,-0.58754,0.45135,1.3518,1.9269,2.1335,2.0419,1.7814,1.4867,1.2571,1.1272,1.0508,0.92932,0.66974,0.24943,-0.2454,-0.62228,-0.67964,-0.36262,0.20146,0.81359,1.2995,1.5282,1.4253,1.0143,0.4211,-0.17328,-0.61009,-0.83212,-0.91171,-0.99498,-1.1919,-1.5145,-1.8837,-2.1664,-2.2137,-1.9343,-1.3853,-0.76847,-0.2943,-0.059295,-0.032633,-0.12229,-0.23378,-0.28706,-0.21555,0.030469,0.4414,0.91055,1.2673,1.3802,1.2235,0.85359,0.35313,-0.2099,-0.77784,-1.3092,-1.7769
-3.2187,-2.9293,-2.3409,-1.8793,-1.6969,-1.7007,-1.7812,-1.8929,-1.9558,-1.8523,-1.5744,-1.3204,-1.2979,-1.5047,-1.8135,-2.1125,-2.3325,-2.4425,-2.4532,-2.4091,-2.3354,-2.1567,-1.6995,-0.8821,0.13065,1.0506,1.6657,1.9112,1.8477,1.6001,1.3044,1.0641,0.92035,0.83429,0.71492,0.47677,0.10707,-0.3003,-0.56282,-0.51371,-0.13483,0.44081,1.0344,1.4898,1.686,1.557,1.1285,0.52976,-0.056921,-0.48437,-0.70584,-0.80331,-0.92376,-1.1735,-1.561,-2.0114,-2.3893,-2.5276,-2.2998,-1.7393,-1.0481,-0.46799,-0.11839,0.021349,0.040533,0.032853,0.072856,0.22435,0.52148,0.94222,1.3813,1.6838,1.7364,1.5243,1.1074,0.56511,-0.032706,-0.63323,-1.1977,-1.6997
-3.3542,-2.9357,-2.2689,-1.7921,-1.6379,-1.6829,-1.8129,-1.9869,-2.1189,-2.068,-1.8059,-1.5395,-1.4937,-1.6757,-1.9631,-2.242,-2.4386,-2.5165,-2.4859,-2.403,-2.3223,-2.2038,-1.874,-1.1865,-0.24001,0.67353,1.3113,1.585,1.5433,1.3102,1.0196,0.77942,0.6335,0.54693,0.43332,0.22135,-0.086836,-0.38392,-0.50185,-0.32123,0.12956,0.71427,1.2776,1.6886,1.8421,1.6796,1.2336,0.63599,0.065727,-0.34172,-0.55973,-0.68336,-0.85923,-1.1869,-1.6685,-2.231,-2.7411,-3.0159,-2.8806,-2.3147,-1.5296,-0.8019,-0.2878,0.012715,0.18059,0.30767,0.47102,0.72341,1.0878,1.5308,1.9467,2.1942,2.1783,1.8979,1.419,0.82282,0.17837,-0.46429,-1.0671,-1.6038
-3.4541,-2.9345,-2.21,-1.7208,-1.5886,-1.6686,-1.8335,-2.0467,-2.2169,-2.1907,-1.9412,-1.6728,-1.614,-1.7774,-2.0408,-2.2933,-2.4618,-2.5108,-2.4522,-2.3488,-2.2692,-2.192,-1.9482,-1.3555,-0.47303,0.41407,1.0465,1.323,1.2896,1.0696,0.79504,0.56941,0.43358,0.35152,0.24325,0.048415,-0.21677,-0.43776,-0.45993,-0.19845,0.29273,0.87731,1.4173,1.7968,1.9192,1.7339,1.2768,0.68206,0.12713,-0.26334,-0.47884,-0.62405,-0.84409,-1.2326,-1.7853,-2.4295,-3.0361,-3.414,-3.3511,-2.7847,-1.9247,-1.0853,-0.45506,-0.047025,0.21902,0.43785,0.68648,1.0132,1.4333,1.9029,2.3131,2.5289,2.4672,2.1375,1.6127,0.97834,0.30124,-0.36536,-0.98538,-1.537
-3.5824,-2.9324,-2.1334,-1.6293,-1.5255,-1.6537,-1.8641,-2.1126,-2.3029,-2.2879,-2.0495,-1.7917,-1.7295,-1.8715,-2.0994,-2.3072,-2.4304,-2.4406,-2.3553,-2.2422,-2.1767,-2.1488,-1.9946,-1.5102,-0.72041,0.1065,0.70402,0.96759,0.94127,0.74504,0.50755,0.3188,0.2081,0.13701,0.037003,-0.13759,-0.351,-0.48493,-0.4037,-0.06199,0.461,1.0381,1.5464,1.8843,1.9683,1.7514,1.2778,0.68771,0.15361,-0.21001,-0.41481,-0.58315,-0.86183,-1.3289,-1.9766,-2.7225,-3.4352,-3.9164,-3.9239,-3.3548,-2.4159,-1.4627,-0.71117,-0.18455,0.19539,0.52326,0.87462,1.2928,1.7811,2.2858,2.6947,2.8797,2.77,2.3872,1.812,1.1344,0.42306,-0.27001,-0.90968,-1.4754
-3.707,-2.9351,-2.0703,-1.5527,-1.4782,-1.6515,-1.902,-2.1638,-2.3387,-2.3068,-2.0727,-1.8374,-1.7908,-1.9213,-2.1132,-2.2721,-2.348,-2.3238,-2.2241,-2.1185,-2.081,-2.0984,-2.0076,-1.6061,-0.90318,-0.14992,0.39741,0.63675,0.61334,0.44525,0.25309,0.11375,0.039995,-0.010663,-0.10161,-0.25855,-0.43181,-0.49945,-0.34676,0.040147,0.57184,1.1238,1.5926,1.8902,1.9388,1.7031,1.2286,0.65401,0.14689,-0.19737,-0.40476,-0.60275,-0.93264,-1.4662,-2.1757,-2.9762,-3.7398,-4.2726,-4.3214,-3.7588,-2.788,-1.7748,-0.95407,-0.35585,0.099257,0.50803,0.94338,1.4418,1.996,2.5398,2.9551,3.1182,2.9692,2.541,1.9233,1.2095,0.47537,-0.22844,-0.86957,-1.4321
-3.7981,-2.9442,-2.0377,-1.5124,-1.4549,-1.6597,-1.9346,-2.1911,-2.335,-2.2729,-2.0385,-1.8292,-1.8069,-1.9373,-2.1045,-2.2278,-2.2694,-2.2223,-2.1178,-2.0256,-2.0125,-2.0577,-1.9986,-1.6413,-0.99542,-0.29981,0.20321,0.41897,0.39601,0.25178,0.098058,1.8568e-05,-0.043764,-0.080114,-0.16772,-0.31913,-0.47343,-0.50765,-0.31927,0.085991,0.61168,1.1397,1.5764,1.843,1.8697,1.6239,1.1549,0.59978,0.11696,-0.20795,-0.41311,-0.62984,-0.99451,-1.5646,-2.3069,-3.1224,-3.8763,-4.3816,-4.4125,-3.865,-2.9252,-1.9377,-1.1207,-0.50286,-0.010804,0.44484,0.93082,1.4791,2.0739,2.6433,3.0667,3.2207,3.0496,2.5925,1.9462,1.2127,0.46628,-0.23836,-0.86929,-1.4141
-3.9151,-2.9685,-2.0161,-1.4818,-1.4404,-1.6845,-1.9831,-2.2142,-2.2945,-2.1756,-1.9362,-1.7721,-1.7967,-1.9373,-2.0777,-2.1567,-2.155,-2.0805,-1.9728,-1.8998,-1.9167,-1.9883,-1.9508,-1.6305,-1.0519,-0.43776,-0.0014213,0.17949,0.15913,0.051396,-0.048352,-0.096266,-0.10914,-0.13863,-0.23118,-0.3851,-0.52609,-0.53257,-0.32188,0.085616,0.58981,1.0839,1.4828,1.7159,1.7214,1.4716,1.0207,0.5031,0.063814,-0.22997,-0.43035,-0.66763,-1.0651,-1.6646,-2.4097,-3.1905,-3.8735,-4.2982,-4.2927,-3.7882,-2.9512,-2.0569,-1.2962,-0.69743,-0.19421,0.29603,0.83338,1.4368,2.0807,2.6819,3.1132,3.253,3.0536,2.5647,1.8924,1.1429,0.39816,-0.28975,-0.89266,-1.4026
-4.0003,-2.998,-2.0176,-1.477,-1.4444,-1.7131,-2.0229,-2.2273,-2.2486,-2.0788,-1.8352,-1.7092,-1.7756,-1.9301,-2.0543,-2.1024,-2.0697,-1.9743,-1.8615,-1.7982,-1.8301,-1.9094,-1.8733,-1.572,-1.0442,-0.49677,-0.11485,0.040217,0.027152,-0.050989,-0.11412,-0.13682,-0.14278,-0.18038,-0.285,-0.44351,-0.57754,-0.57289,-0.35874,0.036782,0.51746,0.98332,1.3565,1.5713,1.5699,1.3292,0.90414,0.42544,0.028066,-0.23775,-0.43065,-0.67747,-1.09,-1.6952,-2.4236,-3.1566,-3.7626,-4.1047,-4.0599,-3.6011,-2.8652,-2.0836,-1.408,-0.85487,-0.36158,0.14429,0.70996,1.3476,2.0205,2.6389,3.0733,3.2041,2.9878,2.48,1.7932,1.0403,0.30538,-0.35859,-0.92661,-1.397
-4.1089,-3.0504,-2.0464,-1.4942,-1.4689,-1.7638,-2.0839,-2.2435,-2.18,-1.9395,-1.6886,-1.614,-1.7395,-1.9185,-2.0287,-2.0391,-1.9643,-1.8365,-1.7082,-1.6436,-1.6749,-1.7437,-1.6992,-1.4238,-0.97097,-0.51762,-0.2118,-0.088796,-0.090844,-0.13277,-0.16157,-0.17008,-0.18751,-0.25143,-0.38218,-0.55519,-0.68944,-0.68233,-0.47488,-0.10245,0.34496,0.77604,1.1211,1.3209,1.3233,1.1095,0.73545,0.3245,-0.0068636,-0.22527,-0.39832,-0.64699,-1.0662,-1.6612,-2.3471,-3.0015,-3.5081,-3.7688,-3.7113,-3.3347,-2.7494,-2.1213,-1.5618,-1.0769,-0.61001,-0.099207,0.49242,1.1622,1.8644,2.5005,2.9364,3.0533,2.8138,2.2829,1.583,0.83569,0.12847,-0.48543,-0.9868,-1.3829
-4.2091,-3.1162,-2.101,-1.5338,-1.5102,-1.8236,-2.147,-2.2621,-2.1138,-1.8039,-1.5417,-1.5121,-1.6959,-1.9071,-2.0121,-1.9887,-1.8693,-1.7012,-1.5426,-1.4531,-1.4582,-1.5005,-1.4492,-1.2143,-0.8482,-0.49414,-0.26106,-0.1671,-0.15917,-0.1749,-0.18695,-0.2017,-0.24656,-0.34901,-0.51643,-0.71359,-0.86124,-0.8633,-0.67454,-0.32911,0.087803,0.49208,0.81958,1.0168,1.0386,0.8713,0.57042,0.24613,-0.0079778,-0.17592,-0.32855,-0.57457,-0.9904,-1.5641,-2.2054,-2.7934,-3.2292,-3.4455,-3.4065,-3.1264,-2.6883,-2.2117,-1.7689,-1.3519,-0.90846,-0.38988,0.22395,0.92197,1.6444,2.2865,2.7135,2.8109,2.5493,2.0031,1.304,0.57912,-0.077222,-0.61929,-1.0385,-1.3542
-4.2763,-3.1734,-2.1551,-1.5753,-1.5462,-1.8697,-2.1944,-2.278,-2.0704,-1.71,-1.4363,-1.4316,-1.6569,-1.8975,-2.0029,-1.9576,-1.8046,-1.6002,-1.4073,-1.2855,-1.2586,-1.2749,-1.2215,-1.0264,-0.73349,-0.45787,-0.28084,-0.20837,-0.19353,-0.19418,-0.20015,-0.22859,-0.30459,-0.44699,-0.64905,-0.86995,-1.0294,-1.0421,-0.86916,-0.54555,-0.1516,0.23562,0.55571,0.76039,0.80872,0.69249,0.46065,0.20814,0.013423,-0.12189,-0.26286,-0.50512,-0.912,-1.4658,-2.0732,-2.6251,-3.0368,-3.257,-3.2621,-3.0672,-2.7356,-2.3554,-1.9786,-1.5949,-1.1598,-0.63391,-0.0006165,0.71136,1.4421,2.0845,2.5033,2.5864,2.3092,1.7541,1.0612,0.36651,-0.2414,-0.7199,-1.0702,-1.3215
-4.3541,-3.2565,-2.2402,-1.6414,-1.5985,-1.9272,-2.2529,-2.3009,-2.0246,-1.6042,-1.3067,-1.3233,-1.5975,-1.878,-1.9909,-1.9206,-1.7219,-1.4628,-1.2135,-1.037,-0.96012,-0.94266,-0.89533,-0.76134,-0.56977,-0.39861,-0.297,-0.25302,-0.23177,-0.21766,-0.22346,-0.27786,-0.40321,-0.60305,-0.85435,-1.1043,-1.2789,-1.3102,-1.1676,-0.88254,-0.51911,-0.15073,0.17064,0.40035,0.50108,0.46445,0.32991,0.1726,0.048385,-0.045304,-0.17001,-0.40669,-0.80273,-1.3305,-1.9032,-2.4239,-2.8271,-3.0785,-3.164,-3.0923,-2.8988,-2.6394,-2.3417,-1.9899,-1.5484,-0.99299,-0.32847,0.41247,1.1569,1.7937,2.1912,2.2461,1.9465,1.3872,0.71848,0.078467,-0.44663,-0.82873,-1.0844,-1.2547
-4.4141,-3.3419,-2.3351,-1.7138,-1.6486,-1.9733,-2.3,-2.3208,-1.9915,-1.516,-1.1864,-1.208,-1.5195,-1.8408,-1.9674,-1.8783,-1.6365,-1.3219,-1.0129,-0.77847,-0.65344,-0.61255,-0.58417,-0.51765,-0.42431,-0.34983,-0.31195,-0.29307,-0.26853,-0.24724,-0.26127,-0.34333,-0.51427,-0.76426,-1.0574,-1.3373,-1.5361,-1.5971,-1.4938,-1.2476,-0.91546,-0.55618,-0.22166,0.047614,0.21703,0.26988,0.22977,0.15132,0.078838,0.0084005,-0.10883,-0.33884,-0.71727,-1.2156,-1.7504,-2.2446,-2.6522,-2.9532,-3.1368,-3.1987,-3.1486,-2.9993,-2.7572,-2.4099,-1.9402,-1.3447,-0.64076,0.12146,0.8675,1.4892,1.8619,1.8919,1.578,1.0263,0.39565,-0.17436,-0.60875,-0.89469,-1.0641,-1.1676
-4.4471,-3.4052,-2.4084,-1.7687,-1.6799,-1.9969,-2.324,-2.3335,-1.974,-1.4609,-1.1011,-1.115,-1.4452,-1.7953,-1.9373,-1.839,-1.5693,-1.2165,-0.86605,-0.59245,-0.43711,-0.38477,-0.3756,-0.36014,-0.33557,-0.32425,-0.32855,-0.32631,-0.30385,-0.28118,-0.301,-0.40026,-0.59547,-0.8722,-1.1888,-1.4838,-1.6984,-1.7836,-1.7174,-1.5098,-1.2048,-0.85373,-0.50486,-0.19781,0.030336,0.15077,0.17383,0.14067,0.089267,0.024404,-0.093839,-0.32074,-0.68458,-1.1541,-1.6572,-2.1259,-2.5259,-2.8482,-3.09,-3.2434,-3.2982,-3.2389,-3.0462,-2.7039,-2.2093,-1.5784,-0.84711,-0.068272,0.67753,1.2842,1.6336,1.6421,1.3194,0.78078,0.18862,-0.32371,-0.68899,-0.909,-1.0245,-1.0896
-4.4752,-3.4842,-2.5035,-1.8356,-1.709,-2.0116,-2.3427,-2.3519,-1.9668,-1.4059,-0.99584,-0.98162,-1.3241,-1.711,-1.8792,-1.778,-1.4796,-1.0842,-0.68842,-0.37384,-0.18964,-0.13295,-0.15586,-0.20601,-0.26147,-0.31785,-0.36163,-0.3734,-0.35124,-0.32816,-0.35398,-0.46797,-0.68596,-0.98717,-1.3208,-1.6242,-1.8471,-1.9607,-1.9455,-1.8002,-1.5422,-1.2059,-0.83149,-0.46383,-0.15505,0.048263,0.13394,0.13139,0.081026,-0.0011382,-0.13528,-0.35909,-0.69125,-1.1048,-1.5427,-1.9558,-2.3253,-2.6526,-2.9417,-3.1833,-3.3532,-3.3978,-3.2671,-2.9417,-2.4352,-1.7826,-1.032,-0.25009,0.48332,1.065,1.3844,1.3693,1.0423,0.52815,-0.0096844,-0.44549,-0.73343,-0.88664,-0.95165,-0.98256
-4.4842,-3.5368,-2.5693,-1.8791,-1.7212,-2.0094,-2.3464,-2.3618,-1.9688,-1.3751,-0.92062,-0.8763,-1.2196,-1.6317,-1.8257,-1.7293,-1.4159,-0.99616,-0.57456,-0.23764,-0.040532,0.011391,-0.038674,-0.13485,-0.23924,-0.33309,-0.39603,-0.4103,-0.38483,-0.36106,-0.38918,-0.50902,-0.73295,-1.037,-1.3675,-1.6635,-1.8861,-2.0172,-2.0421,-1.9465,-1.7265,-1.403,-1.0101,-0.59917,-0.23669,0.015711,0.12975,0.12849,0.058172,-0.054755,-0.21095,-0.43188,-0.72996,-1.0858,-1.4576,-1.8137,-2.142,-2.4448,-2.7281,-2.9906,-3.204,-3.3116,-3.2425,-2.957,-2.4665,-1.818,-1.0755,-0.30499,0.40788,0.96297,1.2565,1.2244,0.89741,0.40507,-0.091696,-0.48103,-0.71961,-0.83419,-0.8758,-0.89803
-4.4825,-3.5964,-2.6468,-1.9264,-1.7228,-1.99,-2.3365,-2.3753,-1.9866,-1.3535,-0.83284,-0.73675,-1.0679,-1.5094,-1.7411,-1.6619,-1.3422,-0.90366,-0.46083,-0.10728,0.094896,0.1326,0.045303,-0.10234,-0.25511,-0.37653,-0.44273,-0.44818,-0.41513,-0.39064,-0.42214,-0.54262,-0.75972,-1.0458,-1.3495,-1.6208,-1.8345,-1.9814,-2.0492,-2.0078,-1.8367,-1.5323,-1.1262,-0.67519,-0.26069,0.030495,0.15544,0.1314,0.012142,-0.15625,-0.35103,-0.57047,-0.81667,-1.0818,-1.3476,-1.6035,-1.8471,-2.0831,-2.3182,-2.5554,-2.7749,-2.9228,-2.9184,-2.7039,-2.2779,-1.6849,-0.9889,-0.26612,0.40086,0.91535,1.1789,1.1332,0.81251,0.34528,-0.11432,-0.4593,-0.66584,-0.75804,-0.78539,-0.79984
-4.4689,-3.6425,-2.7109,-1.957,-1.7069,-1.955,-2.3152,-2.3942,-2.0257,-1.3607,-0.7743,-0.61462,-0.92236,-1.383,-1.6505,-1.5978,-1.2867,-0.84476,-0.39462,-0.036308,0.16181,0.18059,0.058153,-0.13191,-0.31446,-0.43906,-0.48698,-0.46972,-0.42563,-0.40048,-0.43226,-0.54552,-0.74061,-0.9907,-1.2501,-1.479,-1.6643,-1.8077,-1.8981,-1.9015,-1.7774,-1.5062,-1.1041,-0.63248,-0.19228,0.11028,0.2176,0.14678,-0.038771,-0.27229,-0.50708,-0.72005,-0.90691,-1.0724,-1.2283,-1.3801,-1.5303,-1.6815,-1.8381,-2.0071,-2.1786,-2.3177,-2.3539,-2.2182,-1.8851,-1.3796,-0.76071,-0.10267,0.50783,0.97372,1.1999,1.1331,0.81134,0.36071,-0.07318,-0.39753,-0.58838,-0.67399,-0.70258,-0.7242
-4.4532,-3.6699,-2.7482,-1.9669,-1.6848,-1.9179,-2.2918,-2.4094,-2.0668,-1.3876,-0.7534,-0.54503,-0.82824,-1.2959,-1.5885,-1.5586,-1.2616,-0.82628,-0.37854,-0.021903,0.17097,0.17646,0.031834,-0.1816,-0.37557,-0.49016,-0.51147,-0.46991,-0.41502,-0.38964,-0.42241,-0.52708,-0.69837,-0.91136,-1.1278,-1.3186,-1.4773,-1.6092,-1.705,-1.7295,-1.6362,-1.3927,-1.0065,-0.5382,-0.09725,0.19906,0.28492,0.17527,-0.06068,-0.34542,-0.61451,-0.82552,-0.96753,-1.0621,-1.1377,-1.2149,-1.2988,-1.3876,-1.4812,-1.5874,-1.706,-1.8192,-1.8689,-1.7823,-1.5173,-1.0834,-0.53009,0.070024,0.63165,1.0587,1.2573,1.175,0.84873,0.40095,-0.028085,-0.3473,-0.54104,-0.63408,-0.6715,-0.70044
-4.4299,-3.6975,-2.7845,-1.9608,-1.6394,-1.8521,-2.2487,-2.4259,-2.1352,-1.4506,-0.76114,-0.48767,-0.73135,-1.1991,-1.5185,-1.5213,-1.2506,-0.83351,-0.3977,-0.048638,0.13766,0.13222,-0.030279,-0.26096,-0.45682,-0.5473,-0.52722,-0.45057,-0.38036,-0.35435,-0.38832,-0.4794,-0.61427,-0.7707,-0.92318,-1.058,-1.1769,-1.288,-1.3808,-1.4224,-1.3631,-1.1604,-0.80954,-0.36503,0.058737,0.33394,0.386,0.22762,-0.067636,-0.40762,-0.70941,-0.91334,-1.0066,-1.0265,-1.0241,-1.0264,-1.0374,-1.052,-1.0684,-1.0938,-1.145,-1.2154,-1.2601,-1.21,-1.0143,-0.66576,-0.19772,0.32421,0.81933,1.1923,1.349,1.2368,0.8919,0.43474,0.00099658,-0.32426,-0.52495,-0.62674,-0.67347,-0.71073
-4.4131,-3.7123,-2.7988,-1.9429,-1.5914,-1.7909,-2.2054,-2.4332,-2.1931,-1.5191,-0.797,-0.47809,-0.6902,-1.1501,-1.4839,-1.5101,-1.2614,-0.86142,-0.43731,-0.094525,0.089702,0.083807,-0.079538,-0.31,-0.49835,-0.5686,-0.52087,-0.42244,-0.34407,-0.31945,-0.35376,-0.43292,-0.53929,-0.65199,-0.75603,-0.84697,-0.93507,-1.0284,-1.1191,-1.1724,-1.1365,-0.96441,-0.64384,-0.2254,0.17733,0.43221,0.46032,0.27291,-0.054071,-0.42288,-0.73836,-0.93342,-0.99909,-0.98379,-0.94798,-0.91958,-0.89734,-0.87102,-0.83734,-0.80855,-0.80688,-0.8402,-0.87336,-0.83901,-0.68023,-0.38091,0.03252,0.50163,0.94753,1.2763,1.3954,1.2538,0.88812,0.41716,-0.026305,-0.36057,-0.5676,-0.67371,-0.7222,-0.75883
-4.3942,-3.7285,-2.8019,-1.9014,-1.5062,-1.6888,-2.1256,-2.4233,-2.2687,-1.6324,-0.8854,-0.5143,-0.68046,-1.1205,-1.4631,-1.5164,-1.2982,-0.924,-0.51699,-0.18064,0.0080714,0.015455,-0.13011,-0.34203,-0.509,-0.55281,-0.4799,-0.36816,-0.29127,-0.27637,-0.31125,-0.37336,-0.44064,-0.49906,-0.54457,-0.58487,-0.63458,-0.70435,-0.78677,-0.85075,-0.84433,-0.71567,-0.44289,-0.067362,0.30166,0.53137,0.54004,0.33534,-0.0079688,-0.39079,-0.71468,-0.90809,-0.96251,-0.93386,-0.88351,-0.83859,-0.79389,-0.73451,-0.65451,-0.56773,-0.50639,-0.48939,-0.49344,-0.45782,-0.32525,-0.073762,0.2796,0.6822,1.0617,1.3281,1.3913,1.2017,0.79688,0.29607,-0.16782,-0.51077,-0.72131,-0.82454,-0.86436,-0.88752
-4.3828,-3.7437,-2.791,-1.8374,-1.3954,-1.5557,-2.0092,-2.3749,-2.3207,-1.754,-1.0118,-0.60216,-0.72084,-1.1288,-1.4667,-1.54,-1.3531,-1.0087,-0.62138,-0.2881,-0.082533,-0.041464,-0.14572,-0.31749,-0.45174,-0.4739,-0.39599,-0.29501,-0.24057,-0.24709,-0.29289,-0.34532,-0.37901,-0.38679,-0.37793,-0.37138,-0.38748,-0.43633,-0.51193,-0.5857,-0.60841,-0.52388,-0.30043,0.0317,0.36958,0.58065,0.58139,0.3781,0.043055,-0.3273,-0.64115,-0.8359,-0.90712,-0.90224,-0.87771,-0.84977,-0.80738,-0.73335,-0.62241,-0.49276,-0.37863,-0.31077,-0.27631,-0.22305,-0.097311,0.1248,0.42963,0.77368,1.0887,1.2873,1.2812,1.0247,0.56186,0.019711,-0.46377,-0.80895,-1.0031,-1.0797,-1.0897,-1.0847
-4.3796,-3.7538,-2.7747,-1.7753,-1.2947,-1.4341,-1.8941,-2.305,-2.3335,-1.8425,-1.1268,-0.70039,-0.78226,-1.1574,-1.4817,-1.5642,-1.4009,-1.0826,-0.71244,-0.37937,-0.1536,-0.075034,-0.13319,-0.26244,-0.36808,-0.38274,-0.31574,-0.23852,-0.21112,-0.24277,-0.30493,-0.35805,-0.37528,-0.35192,-0.30462,-0.26263,-0.25102,-0.28405,-0.35552,-0.43908,-0.48522,-0.4338,-0.24616,0.055829,0.37468,0.57899,0.5839,0.39299,0.076202,-0.27618,-0.58065,-0.78228,-0.8777,-0.90944,-0.91789,-0.91635,-0.89133,-0.82321,-0.7039,-0.55007,-0.4006,-0.2901,-0.21607,-0.13642,-0.0036858,0.20472,0.47922,0.77818,1.0384,1.1766,1.1086,0.79339,0.28115,-0.29461,-0.79191,-1.1294,-1.3025,-1.3503,-1.3281,-1.29
-4.3836,-3.7649,-2.7413,-1.6748,-1.1384,-1.2437,-1.7004,-2.1572,-2.2969,-1.9338,-1.2908,-0.86226,-0.89717,-1.2182,-1.5107,-1.597,-1.4647,-1.185,-0.84201,-0.51033,-0.25324,-0.11332,-0.09393,-0.15207,-0.2161,-0.23036,-0.19799,-0.17376,-0.20274,-0.28418,-0.38107,-0.44513,-0.44741,-0.38575,-0.28946,-0.19838,-0.14835,-0.15778,-0.22437,-0.32197,-0.39816,-0.38894,-0.24465,0.022375,0.32095,0.52209,0.53955,0.37446,0.09175,-0.22663,-0.51344,-0.7294,-0.87385,-0.97355,-1.0514,-1.1049,-1.1148,-1.0601,-0.93293,-0.74942,-0.55109,-0.38248,-0.25262,-0.13176,0.018254,0.21617,0.45306,0.69349,0.87819,0.9283,0.76409,0.35151,-0.24673,-0.87999,-1.393,-1.7059,-1.8249,-1.8053,-1.7149,-1.6156
-4.3945,-3.7715,-2.6926,-1.5535,-0.95812,-1.0237,-1.4563,-1.9419,-2.1845,-1.9746,-1.4475,-1.0461,-1.0398,-1.2969,-1.546,-1.627,-1.523,-1.2852,-0.9759,-0.6517,-0.36444,-0.15805,-0.052937,-0.032457,-0.051745,-0.070973,-0.090948,-0.14287,-0.25056,-0.40052,-0.54397,-0.62952,-0.62146,-0.52543,-0.37948,-0.2394,-0.14751,-0.1284,-0.1821,-0.2852,-0.38652,-0.4155,-0.31328,-0.078186,0.20499,0.40937,0.44376,0.30554,0.057389,-0.22997,-0.50085,-0.73123,-0.92626,-1.1035,-1.2622,-1.3881,-1.453,-1.4289,-1.3012,-1.0855,-0.82686,-0.58355,-0.38529,-0.21847,-0.051878,0.13343,0.33242,0.51121,0.6156,0.56896,0.29431,-0.23493,-0.93881,-1.6406,-2.1642,-2.4301,-2.467,-2.3541,-2.1753,-1.9989
-4.4031,-3.7698,-2.6448,-1.4512,-0.81068,-0.84107,-1.2498,-1.7411,-2.0497,-1.9615,-1.5454,-1.1835,-1.1513,-1.358,-1.5689,-1.6434,-1.5613,-1.3585,-1.0803,-0.7678,-0.46249,-0.20864,-0.039516,0.041087,0.055555,0.030471,-0.032193,-0.14873,-0.32659,-0.53872,-0.73032,-0.84153,-0.83371,-0.71232,-0.52419,-0.33558,-0.20181,-0.15547,-0.19842,-0.30556,-0.42176,-0.47306,-0.39583,-0.18245,0.088894,0.29248,0.33722,0.21758,-0.0084682,-0.27514,-0.53643,-0.77917,-1.014,-1.251,-1.4787,-1.6663,-1.7746,-1.7696,-1.6353,-1.3872,-1.0791,-0.78118,-0.53419,-0.33356,-0.15371,0.022435,0.19034,0.32181,0.3625,0.23751,-0.1278,-0.75407,-1.5467,-2.3045,-2.8306,-3.0464,-3.0036,-2.8061,-2.5511,-2.3105
-4.4099,-3.7563,-2.5675,-1.3023,-0.60541,-0.58617,-0.95383,-1.4356,-1.8093,-1.8778,-1.6295,-1.3434,-1.287,-1.4264,-1.5859,-1.6527,-1.6036,-1.4557,-1.2305,-0.94566,-0.62657,-0.31726,-0.069082,0.084937,0.1414,0.10887,-0.008484,-0.21291,-0.49139,-0.79917,-1.0686,-1.2249,-1.2194,-1.0585,-0.80379,-0.53991,-0.34175,-0.2499,-0.27156,-0.37638,-0.50495,-0.57735,-0.52505,-0.33653,-0.082887,0.11187,0.15839,0.050531,-0.15879,-0.4074,-0.66076,-0.91842,-1.1985,-1.5079,-1.8221,-2.0933,-2.2663,-2.2921,-2.1434,-1.837,-1.4441,-1.0607,-0.75104,-0.52003,-0.34034,-0.1892,-0.066663,0.0012079,-0.037962,-0.26033,-0.74225,-1.5004,-2.4196,-3.2565,-3.7756,-3.9057,-3.7362,-3.4123,-3.05,-2.7237
-4.4091,-3.7381,-2.5006,-1.1869,-0.45212,-0.39317,-0.72532,-1.19,-1.5956,-1.7682,-1.6492,-1.4347,-1.3677,-1.4598,-1.5847,-1.6485,-1.6277,-1.5283,-1.3538,-1.1016,-0.78274,-0.4406,-0.14055,0.063881,0.15024,0.11447,-0.041553,-0.31111,-0.66634,-1.0511,-1.3841,-1.578,-1.5733,-1.3776,-1.0646,-0.73959,-0.48702,-0.35483,-0.34915,-0.44126,-0.57054,-0.65515,-0.62237,-0.45336,-0.2166,-0.032644,0.0063577,-0.10739,-0.31819,-0.56678,-0.81947,-1.0831,-1.386,-1.7398,-2.1132,-2.446,-2.6649,-2.7043,-2.5291,-2.1654,-1.702,-1.2609,-0.9181,-0.67857,-0.50999,-0.38478,-0.29933,-0.27795,-0.37308,-0.66152,-1.22,-2.062,-3.059,-3.9401,-4.444,-4.5027,-4.2427,-3.8321,-3.3967,-3.012
-4.398,-3.6973,-2.3994,-1.0349,-0.25634,-0.14679,-0.43054,-0.86127,-1.29,-1.5739,-1.6168,-1.5052,-1.4369,-1.4781,-1.5633,-1.6316,-1.6578,-1.6325,-1.539,-1.3495,-1.0506,-0.67992,-0.32097,-0.054012,0.072709,0.03896,-0.16003,-0.50777,-0.96139,-1.4484,-1.8702,-2.1158,-2.1073,-1.8513,-1.4473,-1.0267,-0.69494,-0.50463,-0.46225,-0.53342,-0.65421,-0.74103,-0.72238,-0.57946,-0.37572,-0.22935,-0.22569,-0.36857,-0.60059,-0.85639,-1.1078,-1.373,-1.6947,-2.0924,-2.5302,-2.9283,-3.1902,-3.229,-3.0018,-2.5479,-1.9958,-1.4947,-1.1313,-0.90524,-0.77264,-0.69545,-0.66456,-0.69993,-0.85282,-1.2011,-1.8229,-2.7298,-3.7795,-4.674,-5.134,-5.1086,-4.7588,-4.2724,-3.7763,-3.3412
-4.3706,-3.6378,-2.2922,-0.89263,-0.082077,0.069457,-0.1618,-0.5544,-0.98526,-1.3467,-1.5236,-1.5118,-1.4572,-1.463,-1.5232,-1.6058,-1.6868,-1.7458,-1.7486,-1.6436,-1.3907,-1.0145,-0.61161,-0.29017,-0.12245,-0.14452,-0.36683,-0.77203,-1.3067,-1.8848,-2.3863,-2.6733,-2.6471,-2.3183,-1.8144,-1.2968,-0.88653,-0.64109,-0.56183,-0.6099,-0.71605,-0.79682,-0.78381,-0.66439,-0.50358,-0.41515,-0.47562,-0.67791,-0.95485,-1.2332,-1.484,-1.7367,-2.053,-2.4683,-2.9445,-3.3869,-3.6712,-3.6844,-3.3809,-2.8304,-2.206,-1.6791,-1.3338,-1.1538,-1.0796,-1.0627,-1.0874,-1.1701,-1.3599,-1.7299,-2.3517,-3.23,-4.2219,-5.043,-5.4394,-5.3748,-5.0058,-4.5071,-4.0006,-3.5568
-4.337,-3.5826,-2.2108,-0.79949,0.025949,0.20434,0.011459,-0.34921,-0.77379,-1.1719,-1.4246,-1.4809,-1.4421,-1.4333,-1.4869,-1.5869,-1.7129,-1.8402,-1.9245,-1.8968,-1.6946,-1.3285,-0.90258,-0.54538,-0.34568,-0.3506,-0.57624,-1.0054,-1.5829,-2.2119,-2.7573,-3.0591,-3.0023,-2.6087,-2.0316,-1.4527,-0.99782,-0.72127,-0.61962,-0.65077,-0.74377,-0.8191,-0.81111,-0.71106,-0.58912,-0.55106,-0.67035,-0.93177,-1.2549,-1.5595,-1.8103,-2.0442,-2.341,-2.7497,-3.238,-3.6967,-3.9781,-3.9517,-3.5802,-2.967,-2.3087,-1.7891,-1.4833,-1.3603,-1.3473,-1.3858,-1.4529,-1.5623,-1.7572,-2.105,-2.6717,-3.459,-4.3332,-5.0432,-5.3782,-5.3155,-4.9802,-4.5242,-4.0562,-3.642
-4.2758,-3.4938,-2.1088,-0.69893,0.12967,0.33595,0.19042,-0.12395,-0.53044,-0.95242,-1.2752,-1.4036,-1.3913,-1.3781,-1.4359,-1.5692,-1.7604,-1.9828,-2.1856,-2.2793,-2.1658,-1.8308,-1.3863,-0.98684,-0.74297,-0.71366,-0.92074,-1.3504,-1.9444,-2.5998,-3.1649,-3.4551,-3.3422,-2.8635,-2.2053,-1.5689,-1.081,-0.78663,-0.6729,-0.69055,-0.7698,-0.83368,-0.83026,-0.76152,-0.69776,-0.7438,-0.95669,-1.3063,-1.6989,-2.0348,-2.2747,-2.4673,-2.7169,-3.0941,-3.5693,-4.0197,-4.2727,-4.1831,-3.731,-3.0613,-2.3987,-1.927,-1.7049,-1.6807,-1.7632,-1.8809,-2.0016,-2.1294,-2.3004,-2.5711,-2.996,-3.5773,-4.216,-4.7361,-4.9948,-4.9646,-4.7246,-4.3705,-3.9867,-3.6347
-4.201,-3.3952,-2.0151,-0.63424,0.1781,0.40083,0.29844,0.029934,-0.34567,-0.76978,-1.1307,-1.3073,-1.3195,-1.3156,-1.3923,-1.5655,-1.824,-2.144,-2.4712,-2.6993,-2.6955,-2.4134,-1.9657,-1.5313,-1.2402,-1.1615,-1.3233,-1.7128,-2.2727,-2.8966,-3.4235,-3.6596,-3.4792,-2.9357,-2.2344,-1.5774,-1.089,-0.80493,-0.70411,-0.72948,-0.8076,-0.86906,-0.87211,-0.83231,-0.82741,-0.95589,-1.2648,-1.7075,-2.1683,-2.5293,-2.7414,-2.8691,-3.0477,-3.3686,-3.8053,-4.2184,-4.417,-4.2579,-3.7513,-3.0723,-2.4552,-2.0713,-1.962,-2.0585,-2.2539,-2.4605,-2.6287,-2.7533,-2.8546,-2.9812,-3.1912,-3.5111,-3.8927,-4.2269,-4.4154,-4.428,-4.2868,-4.0486,-3.7721,-3.5077
-4.1369,-3.3177,-1.9542,-0.61301,0.17346,0.40037,0.32584,0.094186,-0.25342,-0.66695,-1.0402,-1.2379,-1.2643,-1.2731,-1.3694,-1.5747,-1.8839,-2.2753,-2.6942,-3.0266,-3.1165,-2.8888,-2.4503,-1.9943,-1.6658,-1.5395,-1.6473,-1.9803,-2.4834,-3.0478,-3.5094,-3.6799,-3.4462,-2.8774,-2.175,-1.5354,-1.0711,-0.81178,-0.73127,-0.76922,-0.85404,-0.91985,-0.9347,-0.9217,-0.96009,-1.1468,-1.5201,-2.0223,-2.5234,-2.8879,-3.0636,-3.1292,-3.2421,-3.5089,-3.8996,-4.2677,-4.4181,-4.2173,-3.6947,-3.0398,-2.4834,-2.1876,-2.1821,-2.3844,-2.6724,-2.9434,-3.1369,-3.2334,-3.2503,-3.2372,-3.262,-3.3757,-3.5714,-3.7834,-3.9336,-3.9757,-3.9082,-3.7555,-3.5559,-3.3509
-4.0457,-3.2171,-1.8921,-0.62539,0.1073,0.32773,0.28565,0.10395,-0.19766,-0.5866,-0.95619,-1.1644,-1.2074,-1.2331,-1.3559,-1.6062,-1.9796,-2.4572,-2.9892,-3.4576,-3.6789,-3.5379,-3.1279,-2.656,-2.2801,-2.081,-2.0946,-2.3211,-2.7097,-3.1555,-3.5005,-3.5736,-3.288,-2.7176,-2.0471,-1.4564,-1.044,-0.83448,-0.79281,-0.85862,-0.96185,-1.0441,-1.083,-1.1077,-1.1996,-1.4529,-1.8978,-2.4615,-2.991,-3.3281,-3.4214,-3.3811,-3.398,-3.5869,-3.9112,-4.2093,-4.2885,-4.042,-3.5293,-2.9429,-2.5042,-2.3545,-2.5048,-2.8563,-3.2691,-3.6208,-3.8304,-3.8583,-3.7204,-3.4813,-3.2433,-3.1041,-3.1009,-3.1947,-3.3105,-3.3844,-3.3919,-3.3305,-3.2179,-3.0825
-3.9768,-3.1473,-1.8639,-0.66777,0.0096707,0.21553,0.19581,0.054219,-0.21015,-0.57503,-0.93219,-1.1384,-1.1862,-1.2214,-1.3621,-1.6425,-2.058,-2.5916,-3.1971,-3.7569,-4.0737,-4.0053,-3.6291,-3.1566,-2.7505,-2.4943,-2.4286,-2.5607,-2.8476,-3.19,-3.4402,-3.4463,-3.1357,-2.5804,-1.9505,-1.4074,-1.0444,-0.87886,-0.87686,-0.97287,-1.0968,-1.195,-1.2504,-1.2993,-1.4271,-1.7219,-2.2086,-2.8001,-3.3225,-3.6113,-3.6221,-3.4944,-3.4389,-3.569,-3.8378,-4.0791,-4.1103,-3.8466,-3.3622,-2.848,-2.5078,-2.4719,-2.7416,-3.2067,-3.7129,-4.1181,-4.3208,-4.2732,-3.9948,-3.5758,-3.1545,-2.8597,-2.7468,-2.7808,-2.8814,-2.9763,-3.0229,-3.0106,-2.9473,-2.8524
-3.8913,-3.0662,-1.8503,-0.76851,-0.18588,-0.011584,-0.0038872,-0.08708,-0.2983,-0.62429,-0.96024,-1.1565,-1.1979,-1.2386,-1.3985,-1.7086,-2.1671,-2.7584,-3.4378,-4.0911,-4.5175,-4.5497,-4.2369,-3.783,-3.3495,-3.0221,-2.8488,-2.8508,-2.9979,-3.2029,-3.336,-3.269,-2.9488,-2.4363,-1.8764,-1.4083,-1.1154,-1.0116,-1.0596,-1.1934,-1.3442,-1.464,-1.5449,-1.6294,-1.8015,-2.143,-2.6603,-3.2458,-3.7119,-3.8928,-3.7811,-3.5496,-3.4135,-3.473,-3.6657,-3.8277,-3.8006,-3.5295,-3.0997,-2.6898,-2.487,-2.6046,-3.029,-3.6339,-4.2434,-4.6905,-4.8535,-4.6784,-4.2084,-3.575,-2.9572,-2.5108,-2.3015,-2.2908,-2.3873,-2.5052,-2.5932,-2.6259,-2.6024,-2.5364
-3.8198,-3.0064,-1.8675,-0.91705,-0.45209,-0.32509,-0.28649,-0.30848,-0.46024,-0.74735,-1.0616,-1.2392,-1.2637,-1.2963,-1.4628,-1.7925,-2.2776,-2.9005,-3.6197,-4.3275,-4.8306,-4.9554,-4.7222,-4.3075,-3.8653,-3.4832,-3.2202,-3.1077,-3.1311,-3.2168,-3.2539,-3.1394,-2.8292,-2.375,-1.8952,-1.5099,-1.2912,-1.2485,-1.3422,-1.5063,-1.6757,-1.8111,-1.9121,-2.0257,-2.233,-2.6002,-3.116,-3.6532,-4.0146,-4.0618,-3.8289,-3.512,-3.3167,-3.3216,-3.4496,-3.5448,-3.4733,-3.2054,-2.8323,-2.5211,-2.442,-2.6932,-3.2476,-3.9613,-4.6367,-5.0854,-5.1774,-4.8721,-4.2468,-3.466,-2.7273,-2.1933,-1.929,-1.8929,-1.9886,-2.1242,-2.2383,-2.3015,-2.3059,-2.2574
-3.7803,-2.978,-1.9009,-1.0579,-0.69772,-0.61407,-0.55104,-0.52032,-0.62499,-0.88556,-1.1865,-1.3488,-1.3518,-1.3687,-1.5312,-1.8661,-2.3592,-2.9881,-3.7106,-4.4265,-4.9577,-5.1392,-4.973,-4.6036,-4.172,-3.7661,-3.4516,-3.2712,-3.2184,-3.2336,-3.2213,-3.0906,-2.8035,-2.4005,-1.9838,-1.6617,-1.4977,-1.4993,-1.6212,-1.7998,-1.9734,-2.1113,-2.2206,-2.3494,-2.5733,-2.9455,-3.4367,-3.9076,-4.1673,-4.1072,-3.7975,-3.4391,-3.2195,-3.1988,-3.2908,-3.3463,-3.2492,-2.9856,-2.6498,-2.4023,-2.4009,-2.7341,-3.3624,-4.128,-4.8208,-5.2478,-5.2832,-4.906,-4.2058,-3.3573,-2.5652,-1.9951,-1.7119,-1.6711,-1.772,-1.9176,-2.0454,-2.1204,-2.1314,-2.0816
-3.749,-2.965,-1.9724,-1.282,-1.0831,-1.0682,-0.96835,-0.85672,-0.8973,-1.127,-1.4206,-1.5631,-1.5253,-1.5087,-1.6534,-1.9801,-2.4666,-3.081,-3.7751,-4.458,-4.9838,-5.2155,-5.1359,-4.8425,-4.4461,-4.0343,-3.6836,-3.4459,-3.3268,-3.2798,-3.2268,-3.0943,-2.8475,-2.5187,-2.1909,-1.9554,-1.866,-1.9227,-2.079,-2.2674,-2.4326,-2.5522,-2.648,-2.7754,-3,-3.3585,-3.7928,-4.1483,-4.259,-4.0665,-3.6791,-3.2942,-3.0706,-3.0388,-3.1073,-3.1318,-3.0145,-2.7588,-2.4639,-2.283,-2.3618,-2.7751,-3.4673,-4.2643,-4.9461,-5.3263,-5.3006,-4.8675,-4.1253,-3.2451,-2.4268,-1.8358,-1.5389,-1.4925,-1.5954,-1.7473,-1.883,-1.9655,-1.98,-1.9261
-3.7455,-2.9757,-2.0455,-1.475,-1.4088,-1.456,-1.3226,-1.1413,-1.13,-1.3431,-1.6399,-1.7706,-1.6974,-1.6446,-1.7665,-2.0781,-2.5478,-3.1354,-3.7879,-4.4207,-4.9146,-5.1617,-5.1378,-4.9023,-4.5448,-4.1476,-3.7925,-3.5369,-3.3944,-3.3245,-3.2605,-3.139,-2.9285,-2.6587,-2.4013,-2.2342,-2.2017,-2.2965,-2.4712,-2.6576,-2.8048,-2.8987,-2.9701,-3.0783,-3.2844,-3.6068,-3.9705,-4.2211,-4.2215,-3.9565,-3.5472,-3.1725,-2.9663,-2.9444,-3.0077,-3.02,-2.896,-2.6483,-2.3784,-2.2353,-2.3585,-2.8128,-3.5314,-4.3311,-4.9922,-5.3418,-5.2933,-4.8515,-4.1067,-3.2228,-2.3995,-1.805,-1.5071,-1.4609,-1.563,-1.7142,-1.8473,-1.9251,-1.9336,-1.8728
-3.7682,-3.016,-2.1654,-1.7554,-1.8821,-2.0236,-1.837,-1.5509,-1.4679,-1.6677,-1.9822,-2.1047,-1.978,-1.8661,-1.9458,-2.2271,-2.6636,-3.1997,-3.7745,-4.3148,-4.7388,-4.9786,-5.0073,-4.8461,-4.5511,-4.1967,-3.8619,-3.6091,-3.4567,-3.3768,-3.3165,-3.2228,-3.0713,-2.886,-2.726,-2.6539,-2.699,-2.8441,-3.0353,-3.2062,-3.3138,-3.3564,-3.3762,-3.4361,-3.5882,-3.8316,-4.075,-4.1787,-4.0535,-3.7261,-3.3224,-2.9931,-2.8387,-2.8534,-2.9323,-2.9461,-2.8241,-2.5906,-2.3501,-2.2461,-2.4111,-2.8978,-3.6283,-4.4143,-5.0463,-5.3735,-5.3247,-4.9076,-4.1941,-3.3315,-2.5145,-1.9146,-1.6062,-1.5494,-1.6427,-1.7844,-1.9097,-1.98,-1.9804,-1.9104
-3.8252,-3.0885,-2.306,-2.0524,-2.383,-2.6334,-2.3831,-1.9803,-1.827,-2.0225,-2.3754,-2.5021,-2.3155,-2.1326,-2.1597,-2.4016,-2.7958,-3.2687,-3.7493,-4.1781,-4.5118,-4.7175,-4.7703,-4.6675,-4.4376,-4.1423,-3.8522,-3.6272,-3.4855,-3.4119,-3.3646,-3.3038,-3.2149,-3.115,-3.0524,-3.0752,-3.2012,-3.4015,-3.6125,-3.7644,-3.8222,-3.7987,-3.7474,-3.7327,-3.7976,-3.9278,-4.0339,-4.0042,-3.7896,-3.4397,-3.0698,-2.8058,-2.7227,-2.7966,-2.9148,-2.9524,-2.8482,-2.6346,-2.4181,-2.3416,-2.5303,-3.0323,-3.765,-4.5407,-5.1594,-5.4872,-5.4676,-5.0966,-4.4294,-3.5973,-2.7915,-2.1893,-1.8713,-1.8009,-1.8773,-2.0023,-2.1069,-2.1565,-2.1402,-2.0611
-3.8908,-3.1601,-2.4223,-2.2764,-2.7639,-3.1036,-2.8011,-2.3068,-2.1021,-2.3026,-2.6938,-2.8324,-2.5973,-2.3548,-2.3395,-2.5501,-2.9094,-3.331,-3.7382,-4.0795,-4.3364,-4.5021,-4.5565,-4.4822,-4.294,-4.0433,-3.7957,-3.6041,-3.4863,-3.4253,-3.3905,-3.3502,-3.2999,-3.2562,-3.2634,-3.3573,-3.5478,-3.7954,-4.026,-4.1682,-4.1911,-4.1184,-4.0082,-3.9239,-3.9037,-3.9325,-3.933,-3.8176,-3.5573,-3.2086,-2.8754,-2.6682,-2.6466,-2.7757,-2.9353,-3.0012,-2.9171,-2.7205,-2.5208,-2.4596,-2.661,-3.1694,-3.8997,-4.6672,-5.2829,-5.6259,-5.6421,-5.3204,-4.6996,-3.8974,-3.1017,-2.4949,-2.1651,-2.0807,-2.1428,-2.2491,-2.3385,-2.3733,-2.3429,-2.2532
-4.0051,-3.2788,-2.5842,-2.5686,-3.2575,-3.7209,-3.3484,-2.734,-2.4696,-2.6844,-3.1389,-3.2985,-2.9987,-2.6743,-2.6015,-2.7713,-3.0845,-3.4379,-3.7483,-3.9744,-4.1244,-4.2212,-4.2575,-4.205,-4.063,-3.8699,-3.6827,-3.5435,-3.4624,-3.422,-3.3978,-3.3745,-3.3551,-3.3694,-3.4576,-3.6486,-3.9323,-4.2529,-4.5227,-4.6681,-4.6612,-4.5339,-4.3448,-4.1562,-4.0072,-3.8922,-3.7577,-3.5439,-3.242,-2.9024,-2.6196,-2.4897,-2.5562,-2.7661,-2.9932,-3.1076,-3.0574,-2.8867,-2.708,-2.6618,-2.8713,-3.3778,-4.0981,-4.8567,-5.4798,-5.8569,-5.9336,-5.6836,-5.1253,-4.3667,-3.5964,-3.0009,-2.6699,-2.5721,-2.6098,-2.6892,-2.7439,-2.7459,-2.6921,-2.5935
-4.148,-3.4178,-2.7511,-2.8416,-3.7082,-4.293,-3.8572,-3.1374,-2.8257,-3.063,-3.582,-3.7685,-3.4083,-3.0086,-2.8836,-3.0153,-3.2879,-3.5809,-3.8022,-3.9191,-3.9622,-3.9777,-3.9736,-3.9233,-3.8154,-3.6744,-3.5452,-3.4553,-3.4091,-3.3872,-3.3713,-3.3534,-3.3479,-3.3946,-3.54,-3.8101,-4.1862,-4.5951,-4.9356,-5.1168,-5.1081,-4.9383,-4.6735,-4.3784,-4.0956,-3.8328,-3.5651,-3.2646,-2.9321,-2.617,-2.3951,-2.3431,-2.4904,-2.7785,-3.0682,-3.2336,-3.2244,-3.0839,-2.9229,-2.8829,-3.0861,-3.5764,-4.2771,-5.0226,-5.6497,-6.0548,-6.1823,-6.0024,-5.5223,-4.8365,-4.1232,-3.5639,-3.2477,-3.1455,-3.1645,-3.2164,-3.2375,-3.2082,-3.1298,-3.0176
-4.2709,-3.5316,-2.8753,-3.0246,-4.002,-4.6685,-4.1958,-3.4135,-3.079,-3.3323,-3.8933,-4.0957,-3.6994,-3.2545,-3.0977,-3.2071,-3.4555,-3.7119,-3.8771,-3.9212,-3.888,-3.84,-3.7959,-3.7332,-3.6385,-3.5283,-3.4346,-3.3783,-3.3538,-3.3443,-3.3308,-3.3086,-3.3049,-3.3622,-3.5339,-3.8463,-4.2813,-4.7611,-5.1701,-5.4021,-5.4132,-5.2293,-4.9167,-4.5442,-4.1605,-3.7919,-3.4349,-3.0778,-2.7293,-2.4289,-2.2452,-2.2467,-2.4539,-2.7969,-3.1353,-3.3378,-3.354,-3.2291,-3.0751,-3.0322,-3.2207,-3.6889,-4.3655,-5.0923,-5.7116,-6.123,-6.2764,-6.1381,-5.7206,-5.1099,-4.4687,-3.9662,-3.6869,-3.6023,-3.6221,-3.6576,-3.6572,-3.6019,-3.4971,-3.3642
-4.4495,-3.6943,-3.0332,-3.233,-4.3163,-5.0683,-4.574,-3.7439,-3.3903,-3.6552,-4.2455,-4.4573,-4.0341,-3.5558,-3.3756,-3.4685,-3.6981,-3.9205,-4.0288,-3.9951,-3.8742,-3.7415,-3.6287,-3.5258,-3.4232,-3.3345,-3.2805,-3.2674,-3.2775,-3.2851,-3.2672,-3.2284,-3.2043,-3.254,-3.4392,-3.7925,-4.2956,-4.865,-5.3725,-5.6906,-5.7531,-5.5781,-5.2253,-4.7619,-4.2498,-3.7427,-3.2733,-2.854,-2.4934,-2.2192,-2.0868,-2.1531,-2.4294,-2.8388,-3.2329,-3.4768,-3.5205,-3.4098,-3.2554,-3.1944,-3.3466,-3.7609,-4.3745,-5.0439,-5.6257,-6.0261,-6.1946,-6.1079,-5.7805,-5.2931,-4.7901,-4.4169,-4.2378,-4.2133,-4.2519,-4.276,-4.2406,-4.1412,-3.9962,-3.8372
-4.5919,-3.8184,-3.1443,-3.3596,-4.4849,-5.2827,-4.7952,-3.9574,-3.5999,-3.8604,-4.4417,-4.6456,-4.2206,-3.7455,-3.5692,-3.6634,-3.89,-4.1009,-4.1847,-4.1116,-3.9376,-3.7426,-3.5681,-3.4161,-3.2875,-3.1972,-3.1613,-3.1766,-3.2148,-3.2357,-3.2154,-3.1597,-3.1135,-3.1465,-3.3275,-3.696,-4.2338,-4.8604,-5.4385,-5.8289,-5.9463,-5.7925,-5.4199,-4.8966,-4.2984,-3.6993,-3.1612,-2.709,-2.3468,-2.0964,-2.001,-2.1111,-2.4336,-2.8876,-3.3177,-3.5865,-3.6426,-3.5319,-3.3642,-3.2743,-3.381,-3.7349,-4.2817,-4.8906,-5.4276,-5.8023,-5.9674,-5.9117,-5.6567,-5.2817,-4.9132,-4.6699,-4.5942,-4.6364,-4.7061,-4.7295,-4.6764,-4.5514,-4.3784,-4.1925
-4.785,-3.9798,-3.2794,-3.4882,-4.6217,-5.4481,-5.0031,-4.1911,-3.8341,-4.0636,-4.5828,-4.7515,-4.3601,-3.9337,-3.7932,-3.9108,-4.1515,-4.3695,-4.4502,-4.3537,-4.127,-3.8517,-3.5835,-3.3459,-3.1566,-3.0393,-3.0108,-3.0546,-3.1252,-3.1668,-3.144,-3.067,-2.9867,-2.9865,-3.1452,-3.5116,-4.0735,-4.7522,-5.4084,-5.8877,-6.0827,-5.971,-5.5931,-5.0158,-4.3274,-3.6343,-3.0259,-2.5416,-2.1866,-1.9695,-1.926,-2.0989,-2.4873,-2.9984,-3.4728,-3.7636,-3.8182,-3.6848,-3.4739,-3.3197,-3.3382,-3.5878,-4.0262,-4.5368,-4.9971,-5.3251,-5.4824,-5.4675,-5.3159,-5.103,-4.9314,-4.8866,-4.9799,-5.1415,-5.2747,-5.314,-5.2383,-5.0681,-4.842,-4.6075
-4.9717,-4.1337,-3.3945,-3.5687,-4.665,-5.4879,-5.117,-4.3658,-4.0117,-4.1749,-4.5768,-4.689,-4.3671,-4.038,-3.9655,-4.1304,-4.4108,-4.6665,-4.7798,-4.6973,-4.4453,-4.096,-3.7207,-3.3711,-3.0901,-2.9159,-2.868,-2.9253,-3.0259,-3.0932,-3.0796,-2.9865,-2.8727,-2.8299,-2.9508,-3.2909,-3.8475,-4.5463,-5.2489,-5.7936,-6.0583,-6.0018,-5.6466,-5.0492,-4.306,-3.5479,-2.8925,-2.3945,-2.0587,-1.8884,-1.909,-2.1542,-2.6139,-3.1868,-3.6988,-3.9976,-4.0305,-3.8485,-3.5635,-3.3106,-3.2079,-3.3234,-3.6324,-4.0373,-4.4271,-4.7227,-4.8883,-4.928,-4.8806,-4.8203,-4.8363,-4.9884,-5.2586,-5.5535,-5.7653,-5.8251,-5.736,-5.5274,-5.2508,-4.9635
-5.1015,-4.2377,-3.4654,-3.5996,-4.6421,-5.451,-5.1528,-4.4606,-4.1044,-4.1942,-4.4836,-4.5492,-4.2964,-4.0626,-4.0597,-4.2736,-4.5964,-4.8988,-5.0621,-5.0163,-4.763,-4.3627,-3.8982,-3.4487,-3.0798,-2.8466,-2.7734,-2.8349,-2.955,-3.0433,-3.0372,-2.9342,-2.7953,-2.7192,-2.8046,-3.1144,-3.6506,-4.3435,-5.0584,-5.6325,-5.9384,-5.9247,-5.601,-5.0125,-4.2527,-3.4689,-2.7956,-2.2993,-1.9872,-1.8581,-1.933,-2.2403,-2.7633,-3.3913,-3.9358,-4.2347,-4.2342,-3.9917,-3.6258,-3.273,-3.0639,-3.0707,-3.2796,-3.6046,-3.9442,-4.2239,-4.4067,-4.4993,-4.5376,-4.5899,-4.7364,-5.0242,-5.4178,-5.806,-6.0709,-6.1516,-6.0483,-5.8068,-5.4904,-5.1645
-5.2532,-4.3569,-3.5355,-3.6064,-4.5563,-5.3412,-5.1448,-4.5455,-4.1748,-4.1477,-4.2749,-4.2811,-4.1302,-4.0394,-4.1443,-4.4327,-4.8237,-5.2083,-5.4693,-5.5082,-5.2803,-4.8185,-4.2221,-3.6147,-3.1072,-2.7791,-2.6628,-2.7253,-2.8717,-2.99,-2.9978,-2.8847,-2.7121,-2.5873,-2.6176,-2.8749,-3.3664,-4.0269,-4.7283,-5.3149,-5.6637,-5.7107,-5.4434,-4.8858,-4.1305,-3.3392,-2.6694,-2.1977,-1.9294,-1.8642,-2.0171,-2.4135,-3.0321,-3.7501,-4.3536,-4.6567,-4.5948,-4.2345,-3.7139,-3.1919,-2.8098,-2.6621,-2.7491,-2.9912,-3.2872,-3.5616,-3.781,-3.9464,-4.096,-4.2901,-4.5926,-5.0294,-5.5477,-6.028,-6.3516,-6.4569,-6.3511,-6.0872,-5.736,-5.369
-5.3712,-4.4476,-3.5754,-3.5762,-4.4252,-5.1845,-5.1001,-4.5899,-4.199,-4.0459,-4.0142,-3.9689,-3.9176,-3.9698,-4.1866,-4.5547,-5.0189,-5.4964,-5.8774,-6.0343,-5.8589,-5.3387,-4.5957,-3.8167,-3.1637,-2.7388,-2.5775,-2.6363,-2.8061,-2.9548,-2.9831,-2.8649,-2.6599,-2.4812,-2.4477,-2.6379,-3.0643,-3.6674,-4.3271,-4.9049,-5.2841,-5.3968,-5.2013,-4.6978,-3.9734,-3.2044,-2.5616,-2.1274,-1.9118,-1.91,-2.1419,-2.6372,-3.373,-4.2066,-4.8899,-5.1875,-5.0259,-4.5028,-3.7919,-3.0741,-2.5139,-2.2151,-2.1895,-2.364,-2.6372,-2.9291,-3.1999,-3.4477,-3.7013,-4.0109,-4.4271,-4.9629,-5.5596,-6.1011,-6.4737,-6.6108,-6.5221,-6.2527,-5.8773,-5.4756
-5.4338,-4.4932,-3.5873,-3.5299,-4.3054,-5.0511,-5.0512,-4.6071,-4.1983,-3.9543,-3.8151,-3.7397,-3.7551,-3.9033,-4.1978,-4.6225,-5.1365,-5.6783,-6.1506,-6.4056,-6.2788,-5.717,-4.8661,-3.9676,-3.2163,-2.7265,-2.5339,-2.5899,-2.7761,-2.9479,-2.9906,-2.868,-2.6375,-2.417,-2.3326,-2.4659,-2.8338,-3.382,-4.0007,-4.5634,-4.9594,-5.1164,-4.9777,-4.525,-3.8402,-3.1,-2.4855,-2.0872,-1.9148,-1.9654,-2.2604,-2.8304,-3.6533,-4.5803,-5.3295,-5.6217,-5.3668,-4.6916,-3.8128,-2.941,-2.2538,-1.8604,-1.7715,-1.912,-2.1787,-2.49,-2.8019,-3.1091,-3.4319,-3.8098,-4.2829,-4.8585,-5.4807,-6.0428,-6.4388,-6.605,-6.5391,-6.2837,-5.9117,-5.5038
-5.4799,-4.5242,-3.5762,-3.4442,-4.1303,-4.8681,-4.9783,-4.6206,-4.1912,-3.836,-3.5802,-3.4739,-3.559,-3.8131,-4.1913,-4.6718,-5.2365,-5.8482,-6.4217,-6.7892,-6.7208,-6.1114,-5.1425,-4.1217,-3.2755,-2.7234,-2.4999,-2.5567,-2.7678,-2.9695,-3.0284,-2.8946,-2.6266,-2.3503,-2.1973,-2.251,-2.5325,-2.9961,-3.5512,-4.0857,-4.4971,-4.7,-4.624,-4.2413,-3.6244,-2.9532,-2.4062,-2.0709,-1.9589,-2.0688,-2.425,-3.0675,-3.9842,-5.0197,-5.8519,-6.1294,-5.7315,-4.8387,-3.7393,-2.6841,-1.8582,-1.3727,-1.2325,-1.3547,-1.6302,-1.9731,-2.3394,-2.7111,-3.1014,-3.5358,-4.0408,-4.6215,-5.2381,-5.8086,-6.2391,-6.4579,-6.4448,-6.2269,-5.8745,-5.4732
-5.4857,-4.5281,-3.5515,-3.3652,-3.991,-4.7324,-4.9235,-4.633,-4.1921,-3.7676,-3.4422,-3.318,-3.442,-3.7519,-4.1711,-4.6736,-5.2568,-5.899,-6.5204,-6.9397,-6.8947,-6.2615,-5.2425,-4.1755,-3.2976,-2.728,-2.4988,-2.5615,-2.7865,-3.0051,-3.0703,-2.9271,-2.6315,-2.3158,-2.1108,-2.1053,-2.3194,-2.7151,-3.2128,-3.7138,-4.1253,-4.3572,-4.3332,-4.0117,-3.4589,-2.8459,-2.3524,-2.067,-1.9977,-2.1456,-2.5362,-3.2129,-4.1685,-5.2504,-6.1041,-6.3353,-5.821,-4.7904,-3.5712,-2.4251,-1.5374,-1.0126,-0.85283,-0.97415,-1.2657,-1.6388,-2.0427,-2.4581,-2.885,-3.3368,-3.8328,-4.3839,-4.9708,-5.5332,-5.9861,-6.2533,-6.2896,-6.1157,-5.7972,-5.4187
-5.4582,-4.5096,-3.5016,-3.2439,-3.7994,-4.5541,-4.8587,-4.6608,-4.2155,-3.721,-3.3244,-3.1812,-3.3399,-3.6912,-4.1307,-4.6333,-5.2081,-5.8455,-6.4711,-6.8963,-6.8494,-6.2137,-5.2038,-4.1529,-3.2915,-2.7366,-2.5211,-2.5979,-2.8378,-3.068,-3.1397,-2.9848,-2.659,-2.2905,-2.0186,-1.928,-2.049,-2.3519,-2.773,-3.2278,-3.6276,-3.884,-3.9122,-3.6685,-3.2107,-2.6999,-2.2997,-2.0897,-2.0752,-2.2515,-2.6463,-3.3078,-4.2368,-5.2805,-6.0849,-6.2341,-5.6084,-4.4713,-3.1752,-1.9849,-1.076,-0.54851,-0.39875,-0.54023,-0.86186,-1.2748,-1.7234,-2.1819,-2.6366,-3.0846,-3.5377,-4.0216,-4.5511,-5.0967,-5.5817,-5.9127,-6.0305,-5.9276,-5.6587,-5.3106
-5.3957,-4.4707,-3.4361,-3.1123,-3.6067,-4.3814,-4.8009,-4.7016,-4.2699,-3.7277,-3.2822,-3.127,-3.2984,-3.6568,-4.0798,-4.5443,-5.0688,-5.6482,-6.209,-6.5719,-6.4978,-5.9037,-4.9881,-4.0377,-3.2532,-2.7487,-2.5657,-2.6637,-2.9154,-3.1461,-3.2054,-3.0286,-2.6729,-2.2666,-1.9416,-1.7839,-1.8215,-2.0351,-2.3732,-2.768,-3.14,-3.4005,-3.4633,-3.2883,-2.9334,-2.5432,-2.2599,-2.1406,-2.1759,-2.358,-2.7109,-3.2864,-4.0902,-4.9788,-5.6214,-5.656,-4.9968,-3.8832,-2.6295,-1.482,-0.61546,-0.12742,-0.016235,-0.19715,-0.5597,-1.0139,-1.5009,-1.9868,-2.4467,-2.8673,-3.2616,-3.6749,-4.1497,-4.6756,-5.1798,-5.5647,-5.7486,-5.7106,-5.4933,-5.1799
-5.3322,-4.4311,-3.381,-3.0108,-3.4616,-4.2521,-4.757,-4.7409,-4.3303,-3.7654,-3.2982,-3.1362,-3.3063,-3.6501,-4.0374,-4.4492,-4.9101,-5.4176,-5.9004,-6.1937,-6.0981,-5.5614,-4.7545,-3.9147,-3.2144,-2.7637,-2.6116,-2.7238,-2.9768,-3.1998,-3.2403,-3.0443,-2.6687,-2.2422,-1.8894,-1.6918,-1.677,-1.8302,-2.1088,-2.4533,-2.791,-3.0384,-3.1185,-2.9973,-2.7258,-2.4363,-2.2441,-2.1904,-2.2589,-2.4292,-2.7272,-3.2036,-3.8658,-4.5841,-5.0703,-5.0252,-4.3842,-3.3432,-2.1715,-1.0977,-0.29209,0.14491,0.21233,-0.006903,-0.40331,-0.887,-1.3989,-1.899,-2.3557,-2.7503,-3.098,-3.4591,-3.8958,-4.4085,-4.924,-5.3322,-5.553,-5.5527,-5.368,-5.0799
-5.2314,-4.374,-3.3079,-2.8759,-3.2679,-4.0759,-4.6913,-4.7953,-4.4288,-3.8533,-3.3715,-3.2076,-3.3668,-3.6694,-3.9823,-4.2957,-4.644,-5.0304,-5.3919,-5.5929,-5.4893,-5.0566,-4.4205,-3.7472,-3.1701,-2.7919,-2.6729,-2.7917,-3.0341,-3.2335,-3.2479,-3.0289,-2.6397,-2.2003,-1.8267,-1.5926,-1.5236,-1.6102,-1.8164,-2.0937,-2.376,-2.5917,-2.6742,-2.603,-2.4379,-2.283,-2.2277,-2.2809,-2.3948,-2.5405,-2.7335,-3.0318,-3.4623,-3.9358,-4.2229,-4.1028,-3.5208,-2.6118,-1.5843,-0.63547,0.064548,0.41931,0.42402,0.15598,-0.28082,-0.7997,-1.3373,-1.8546,-2.3104,-2.6788,-2.9783,-3.285,-3.6776,-4.1644,-4.6723,-5.0931,-5.332,-5.3562,-5.1986,-4.9372
-5.1494,-4.3325,-3.2565,-2.7792,-3.1265,-3.9398,-4.6339,-4.83,-4.5091,-3.9375,-3.4535,-3.2933,-3.4419,-3.7006,-3.9411,-4.1662,-4.4189,-4.7078,-4.9801,-5.1254,-5.0344,-4.6929,-4.1908,-3.6443,-3.1562,-2.8246,-2.7184,-2.8302,-3.0524,-3.2261,-3.2168,-2.9832,-2.5895,-2.1512,-1.7764,-1.5326,-1.4415,-1.4923,-1.6535,-1.8798,-2.113,-2.2873,-2.3536,-2.3099,-2.2176,-2.1741,-2.2339,-2.3722,-2.521,-2.63,-2.723,-2.8753,-3.1365,-3.4402,-3.6134,-3.4647,-2.9363,-2.1246,-1.2017,-0.35202,0.26994,0.55958,0.51018,0.19875,-0.26993,-0.80869,-1.3598,-1.8791,-2.3265,-2.6779,-2.9554,-3.2381,-3.6078,-4.0741,-4.5647,-4.9727,-5.206,-5.2308,-5.0805,-4.8322
-5.04,-4.2835,-3.2003,-2.6613,-2.9458,-3.7548,-4.5364,-4.8555,-4.6087,-4.0558,-3.5799,-3.4306,-3.5646,-3.7552,-3.884,-3.9831,-4.1089,-4.2763,-4.4474,-4.5444,-4.4941,-4.2821,-3.9513,-3.5592,-3.1718,-2.8825,-2.7755,-2.8602,-3.0448,-3.1773,-3.1326,-2.8809,-2.4872,-2.0641,-1.7085,-1.4758,-1.3789,-1.4019,-1.5153,-1.6777,-1.8393,-1.9497,-1.981,-1.9542,-1.9427,-2.0297,-2.2377,-2.4981,-2.6969,-2.7649,-2.7274,-2.6866,-2.7316,-2.8455,-2.8953,-2.7302,-2.2834,-1.6058,-0.82636,-0.10372,0.40995,0.61494,0.50445,0.15348,-0.33731,-0.88637,-1.4385,-1.9572,-2.4066,-2.7607,-3.0342,-3.2994,-3.6369,-4.0613,-4.5069,-4.8721,-5.0746,-5.0855,-4.9363,-4.6982
-4.9368,-4.2473,-3.1643,-2.5631,-2.7762,-3.5645,-4.4107,-4.8428,-4.6779,-4.1564,-3.6999,-3.5731,-3.6968,-3.8159,-3.8303,-3.8042,-3.8108,-3.8732,-3.9686,-4.0464,-4.0575,-3.9793,-3.8103,-3.5525,-3.2392,-2.9617,-2.8288,-2.8699,-3.0059,-3.0915,-3.0115,-2.7463,-2.3637,-1.97,-1.6509,-1.4526,-1.3759,-1.3971,-1.4799,-1.585,-1.6706,-1.7041,-1.6816,-1.6482,-1.6915,-1.8893,-2.2375,-2.6219,-2.8776,-2.9025,-2.7347,-2.5198,-2.3908,-2.3656,-2.3443,-2.1914,-1.8302,-1.2793,-0.63323,-0.029662,0.38845,0.52254,0.36445,-0.01291,-0.51119,-1.052,-1.5886,-2.0883,-2.525,-2.8806,-3.1674,-3.4422,-3.7677,-4.1513,-4.5339,-4.8331,-4.9762,-4.9489,-4.7857,-4.5521
-4.8667,-4.2334,-3.1527,-2.5039,-2.66,-3.4228,-4.2986,-4.8041,-4.7002,-4.207,-3.7721,-3.6675,-3.7898,-3.861,-3.7962,-3.6829,-3.6082,-3.6034,-3.6568,-3.7342,-3.7991,-3.8227,-3.7707,-3.6012,-3.3245,-3.0389,-2.8735,-2.8752,-2.9705,-3.0211,-2.9189,-2.6485,-2.2772,-1.9067,-1.6205,-1.4582,-1.4143,-1.4532,-1.5293,-1.5982,-1.6239,-1.5885,-1.5103,-1.4555,-1.5215,-1.7842,-2.2232,-2.6934,-2.9922,-2.9931,-2.7435,-2.4214,-2.1906,-2.0931,-2.0448,-1.9181,-1.628,-1.1712,-0.62033,-0.099156,0.25505,0.34565,0.16444,-0.21671,-0.70214,-1.2184,-1.723,-2.1963,-2.6218,-2.985,-3.2896,-3.5742,-3.8873,-4.2349,-4.5659,-4.8053,-4.9011,-4.843,-4.6662,-4.4333
-4.7874,-4.2342,-3.1609,-2.4489,-2.5239,-3.2401,-4.134,-4.7134,-4.682,-4.2275,-3.8213,-3.7492,-3.8808,-3.9074,-3.7544,-3.5422,-3.377,-3.3003,-3.3129,-3.4004,-3.5423,-3.699,-3.7896,-3.7187,-3.47,-3.1608,-2.9489,-2.8988,-2.945,-2.9542,-2.8254,-2.5474,-2.1886,-1.8494,-1.6102,-1.5087,-1.5274,-1.6126,-1.6965,-1.7237,-1.6673,-1.5325,-1.37,-1.2689,-1.3362,-1.6481,-2.1683,-2.7252,-3.0779,-3.0635,-2.7391,-2.3173,-1.9977,-1.8474,-1.8001,-1.7317,-1.5447,-1.2115,-0.77989,-0.35792,-0.074456,-0.026414,-0.22321,-0.59421,-1.0452,-1.506,-1.9463,-2.3541,-2.7307,-3.0786,-3.4032,-3.7176,-4.0335,-4.3388,-4.5926,-4.7475,-4.7727,-4.6712,-4.4788,-4.2501
-4.7276,-4.2585,-3.1986,-2.4253,-2.4148,-3.0712,-3.9575,-4.5794,-4.6064,-4.1865,-3.8035,-3.7647,-3.9215,-3.9296,-3.7152,-3.429,-3.1939,-3.0615,-3.0462,-3.1523,-3.3703,-3.6475,-3.862,-3.8702,-3.638,-3.3039,-3.0541,-2.9656,-2.9739,-2.9489,-2.7958,-2.5086,-2.1583,-1.8438,-1.6491,-1.608,-1.7011,-1.8532,-1.9708,-1.9746,-1.8391,-1.6,-1.3373,-1.1618,-1.1922,-1.5004,-2.0488,-2.6536,-3.0464,-3.0457,-2.6988,-2.2379,-1.888,-1.7346,-1.7235,-1.7348,-1.6605,-1.452,-1.1351,-0.80237,-0.57741,-0.55462,-0.74374,-1.076,-1.4621,-1.8403,-2.1861,-2.5094,-2.8259,-3.1472,-3.4736,-3.7952,-4.096,-4.3524,-4.5339,-4.6123,-4.5788,-4.445,-4.2474,-4.0357
-4.6961,-4.2934,-3.2478,-2.4281,-2.3535,-2.9577,-3.8223,-4.4584,-4.5166,-4.1175,-3.7481,-3.7307,-3.9121,-3.9231,-3.6844,-3.3585,-3.0825,-2.9176,-2.8881,-3.0088,-3.2762,-3.6302,-3.9233,-3.9817,-3.7623,-3.4211,-3.1594,-3.0568,-3.0458,-2.9986,-2.8263,-2.5284,-2.1802,-1.8807,-1.7141,-1.7183,-1.8697,-2.0833,-2.2376,-2.2332,-2.043,-1.7216,-1.3756,-1.1316,-1.1112,-1.388,-1.919,-2.5189,-2.9226,-2.9436,-2.6238,-2.1878,-1.861,-1.7388,-1.7747,-1.8541,-1.8657,-1.7483,-1.5118,-1.2355,-1.0418,-1.0256,-1.199,-1.4953,-1.8263,-2.1337,-2.4017,-2.6455,-2.8931,-3.1683,-3.4754,-3.7915,-4.0761,-4.2932,-4.4215,-4.4515,-4.3861,-4.2444,-4.0577,-3.8662
-4.6732,-4.3617,-3.3391,-2.4608,-2.2992,-2.8263,-3.6431,-4.2742,-4.356,-3.979,-3.6244,-3.6284,-3.8433,-3.8785,-3.6346,-3.2782,-2.9634,-2.766,-2.7229,-2.8579,-3.1727,-3.6013,-3.9735,-4.0879,-3.9005,-3.5819,-3.3372,-3.2406,-3.2197,-3.1485,-2.9497,-2.6315,-2.2743,-1.9803,-1.8381,-1.8912,-2.1169,-2.4175,-2.638,-2.6429,-2.3939,-1.9704,-1.5087,-1.1546,-1.0365,-1.2259,-1.6823,-2.2303,-2.6243,-2.6895,-2.4512,-2.1071,-1.8686,-1.8322,-1.9629,-2.1512,-2.2816,-2.2773,-2.1288,-1.9057,-1.7279,-1.7007,-1.8434,-2.0896,-2.3491,-2.5644,-2.7265,-2.8626,-3.0128,-3.2101,-3.46,-3.7297,-3.9639,-4.1207,-4.1872,-4.1688,-4.0773,-3.9334,-3.7652,-3.6071
-4.6702,-4.4274,-3.4256,-2.5064,-2.2792,-2.7417,-3.5089,-4.1202,-4.2095,-3.8469,-3.4983,-3.5117,-3.7498,-3.8144,-3.5863,-3.2239,-2.8915,-2.6757,-2.6215,-2.7584,-3.0902,-3.5481,-3.9557,-4.1093,-3.9679,-3.6995,-3.4988,-3.4279,-3.4092,-3.3226,-3.1002,-2.761,-2.3891,-2.0888,-1.9517,-2.0266,-2.2956,-2.6561,-2.9342,-2.9616,-2.6849,-2.1954,-1.6508,-1.2084,-0.99997,-1.0955,-1.4604,-1.9369,-2.3049,-2.4117,-2.2658,-2.0306,-1.896,-1.9553,-2.1756,-2.4528,-2.6674,-2.732,-2.6266,-2.4195,-2.2362,-2.1921,-2.3119,-2.5281,-2.7459,-2.9055,-3.0007,-3.0637,-3.1407,-3.2686,-3.4534,-3.6604,-3.8335,-3.9346,-3.9577,-3.9126,-3.8144,-3.6801,-3.5332,-3.4039
-4.6833,-4.5338,-3.5653,-2.5935,-2.2759,-2.6448,-3.3317,-3.8964,-3.9865,-3.6429,-3.3025,-3.3186,-3.5813,-3.6928,-3.5018,-3.1505,-2.8084,-2.5727,-2.4976,-2.6201,-2.9472,-3.4094,-3.8355,-4.0394,-3.9897,-3.8345,-3.7362,-3.7294,-3.7282,-3.6228,-3.3648,-2.9901,-2.5887,-2.2657,-2.115,-2.1914,-2.4869,-2.9015,-3.2493,-3.3246,-3.0428,-2.4915,-1.8497,-1.291,-0.95031,-0.90372,-1.1239,-1.4786,-1.7923,-1.9432,-1.9336,-1.8814,-1.9317,-2.1562,-2.5187,-2.9118,-3.2115,-3.3234,-3.2267,-2.9976,-2.7851,-2.7181,-2.8244,-3.0298,-3.2291,-3.3542,-3.3941,-3.3853,-3.3761,-3.4034,-3.4743,-3.5607,-3.6222,-3.6365,-3.6041,-3.5336,-3.4374,-3.3252,-3.2143,-3.1285
-4.7148,-4.6568,-3.7276,-2.7043,-2.2959,-2.5638,-3.1581,-3.6634,-3.7477,-3.4261,-3.094,-3.1051,-3.3822,-3.5397,-3.3963,-3.0713,-2.7302,-2.4765,-2.3723,-2.4607,-2.7524,-3.1832,-3.6014,-3.8547,-3.9254,-3.9284,-3.9734,-4.0598,-4.0909,-3.9716,-3.6785,-3.2641,-2.8236,-2.4611,-2.2709,-2.3138,-2.5871,-3.0026,-3.3778,-3.5008,-3.2555,-2.6997,-2.0036,-1.3462,-0.87481,-0.67599,-0.7424,-0.97245,-1.2272,-1.4152,-1.534,-1.6665,-1.9155,-2.3225,-2.8328,-3.33,-3.6796,-3.7826,-3.6304,-3.3317,-3.0668,-2.9807,-3.1025,-3.3473,-3.5913,-3.7462,-3.7866,-3.7422,-3.6584,-3.5746,-3.5074,-3.45,-3.3876,-3.3134,-3.2293,-3.142,-3.051,-2.9643,-2.8943,-2.8586
-4.7512,-4.7586,-3.8599,-2.7997,-2.3206,-2.5101,-3.0303,-3.485,-3.5635,-3.2603,-2.9359,-2.9425,-3.2238,-3.4088,-3.303,-3.0028,-2.6664,-2.4005,-2.2712,-2.3244,-2.573,-2.961,-3.36,-3.6503,-3.8216,-3.9599,-4.1317,-4.3028,-4.3683,-4.245,-3.9302,-3.4874,-3.0122,-2.6083,-2.3713,-2.3621,-2.5839,-2.9562,-3.3165,-3.4623,-3.2617,-2.7387,-2.0361,-1.3293,-0.77622,-0.47669,-0.44097,-0.58844,-0.80258,-1.0081,-1.2056,-1.4618,-1.8524,-2.391,-3.0028,-3.5523,-3.8963,-3.9436,-3.7136,-3.3494,-3.0487,-2.9666,-3.127,-3.4333,-3.7464,-3.9607,-4.0368,-3.9922,-3.8693,-3.7072,-3.5297,-3.3514,-3.1865,-3.0472,-2.9353,-2.8446,-2.7687,-2.7081,-2.6697,-2.6672
-4.8136,-4.9025,-4.0435,-2.9326,-2.3588,-2.442,-2.8609,-3.2498,-3.3184,-3.0417,-2.7341,-2.7356,-3.0161,-3.2288,-3.168,-2.9007,-2.5721,-2.2907,-2.1265,-2.1262,-2.305,-2.6222,-2.9863,-3.3184,-3.6187,-3.9388,-4.287,-4.5819,-4.7029,-4.586,-4.2556,-3.7849,-3.2672,-2.8024,-2.4848,-2.3766,-2.4859,-2.7484,-3.0334,-3.1712,-3.0296,-2.5789,-1.9116,-1.1851,-0.56422,-0.17153,-0.038261,-0.10527,-0.27829,-0.49693,-0.76643,-1.1431,-1.6778,-2.352,-3.0563,-3.6301,-3.9259,-3.8769,-3.5457,-3.1121,-2.7874,-2.7236,-2.9414,-3.339,-3.7648,-4.0905,-4.2502,-4.2337,-4.0721,-3.8088,-3.4906,-3.1701,-2.8964,-2.6938,-2.5581,-2.4725,-2.4182,-2.3896,-2.3886,-2.4258
-4.8691,-5.0129,-4.1825,-3.0311,-2.3862,-2.3914,-2.7381,-3.0792,-3.1416,-2.8872,-2.5972,-2.5975,-2.8747,-3.103,-3.07,-2.8232,-2.4989,-2.2051,-2.0129,-1.9694,-2.0929,-2.3548,-2.6882,-3.0431,-3.427,-3.8702,-4.3445,-4.731,-4.8993,-4.8012,-4.4753,-3.9991,-3.4564,-2.9444,-2.5551,-2.3553,-2.3559,-2.5074,-2.7025,-2.805,-2.6914,-2.3064,-1.6955,-0.98887,-0.35268,0.078192,0.25538,0.22384,0.067909,-0.15868,-0.46216,-0.89422,-1.4951,-2.2287,-2.9636,-3.5228,-3.7599,-3.6353,-3.2458,-2.7859,-2.4668,-2.431,-2.6926,-3.1497,-3.6511,-4.0615,-4.2922,-4.3139,-4.1383,-3.8085,-3.3946,-2.985,-2.6533,-2.4263,-2.2892,-2.2127,-2.1781,-2.1741,-2.2004,-2.266
-4.9534,-5.1582,-4.3613,-3.1553,-2.4156,-2.3231,-2.5837,-2.8685,-2.927,-2.7067,-2.4451,-2.4471,-2.7182,-2.9596,-2.9532,-2.7272,-2.4055,-2.0932,-1.8621,-1.7618,-1.8154,-2.0083,-2.3018,-2.6751,-3.1433,-3.7131,-4.3175,-4.8067,-5.0446,-5.0026,-4.7239,-4.2692,-3.7082,-3.129,-2.6315,-2.2911,-2.1314,-2.1216,-2.1842,-2.2186,-2.1166,-1.8039,-1.277,-0.62865,-0.015666,0.41839,0.61019,0.593,0.44257,0.2072,-0.12081,-0.58977,-1.2291,-1.9852,-2.7056,-3.2058,-3.359,-3.1629,-2.7389,-2.2794,-1.9861,-1.9878,-2.2966,-2.8147,-3.3942,-3.8934,-4.2051,-4.2689,-4.0781,-3.6816,-3.1799,-2.6973,-2.3257,-2.0892,-1.9617,-1.9068,-1.8968,-1.9212,-1.9798,-2.0803
-5.0501,-5.2988,-4.5259,-3.2632,-2.4323,-2.2542,-2.4438,-2.6879,-2.7508,-2.5699,-2.3415,-2.3476,-2.609,-2.8514,-2.8613,-2.649,-2.3255,-1.9934,-1.7257,-1.5731,-1.5635,-1.6966,-1.9554,-2.335,-2.849,-3.4896,-4.1698,-4.7339,-5.0569,-5.1118,-4.9235,-4.5174,-3.9401,-3.2863,-2.6747,-2.1945,-1.8834,-1.7223,-1.6615,-1.6211,-1.5098,-1.2428,-0.79102,-0.21714,0.33908,0.73446,0.90049,0.86483,0.69932,0.45078,0.11207,-0.36172,-0.99343,-1.7197,-2.3842,-2.8098,-2.8928,-2.6546,-2.2248,-1.7884,-1.5273,-1.5634,-1.9067,-2.4635,-3.0912,-3.6475,-4.0132,-4.1087,-3.9092,-3.4691,-2.9152,-2.3978,-2.0182,-1.794,-1.6887,-1.6577,-1.6741,-1.7243,-1.8077,-1.932
-5.13,-5.4004,-4.6359,-3.3293,-2.4348,-2.2031,-2.353,-2.5769,-2.6517,-2.5047,-2.3034,-2.3128,-2.5612,-2.7974,-2.8129,-2.6074,-2.2826,-1.9383,-1.6467,-1.4589,-1.4071,-1.5005,-1.7334,-2.1069,-2.6315,-3.2918,-3.9976,-4.6013,-4.9901,-5.1314,-5.0259,-4.6686,-4.0881,-3.3839,-2.6889,-2.1097,-1.6936,-1.4363,-1.297,-1.2094,-1.0876,-0.84442,-0.44004,0.077901,0.58264,0.93287,1.0617,0.99625,0.80705,0.54339,0.19945,-0.26755,-0.87713,-1.5611,-2.1677,-2.531,-2.5661,-2.3079,-1.8843,-1.4693,-1.2341,-1.2939,-1.6572,-2.2328,-2.8816,-3.4633,-3.8545,-3.9661,-3.7658,-3.3096,-2.7359,-2.2073,-1.8294,-1.6165,-1.5267,-1.5127,-1.5436,-1.6083,-1.7074,-1.8487
-5.2434,-5.5289,-4.7609,-3.3945,-2.4258,-2.1379,-2.253,-2.469,-2.5728,-2.4781,-2.3134,-2.3216,-2.5464,-2.7643,-2.7791,-2.58,-2.2558,-1.8991,-1.5806,-1.3527,-1.2519,-1.297,-1.4934,-1.8462,-2.361,-3.0147,-3.7226,-4.3576,-4.8239,-5.0823,-5.0957,-4.813,-4.2339,-3.4635,-2.6626,-1.9662,-1.4387,-1.0879,-0.87944,-0.75304,-0.62426,-0.40711,-0.05368,0.40038,0.83736,1.1241,1.1942,1.0748,0.83961,0.5412,0.17935,-0.28038,-0.84962,-1.4615,-1.9731,-2.2454,-2.2204,-1.9422,-1.5298,-1.1405,-0.9354,-1.0211,-1.4046,-1.9976,-2.667,-3.2759,-3.6976,-3.8295,-3.6297,-3.1576,-2.5672,-2.0332,-1.6621,-1.4625,-1.387,-1.3877,-1.4307,-1.5069,-1.6185,-1.7745
-5.3636,-5.6439,-4.8572,-3.4337,-2.4054,-2.0811,-2.1838,-2.4124,-2.5613,-2.5268,-2.3976,-2.3971,-2.5874,-2.778,-2.788,-2.5951,-2.2736,-1.9084,-1.5678,-1.3053,-1.1621,-1.1642,-1.3232,-1.6446,-2.1301,-2.7537,-3.4401,-4.0852,-4.6122,-4.9725,-5.0946,-4.8764,-4.2901,-3.4528,-2.5635,-1.7823,-1.1884,-0.79195,-0.5591,-0.42564,-0.30576,-0.11101,0.20627,0.61191,0.99185,1.2143,1.2161,1.0283,0.73007,0.38153,-0.006414,-0.45893,-0.98228,-1.5113,-1.9214,-2.1023,-2.018,-1.7171,-1.309,-0.93874,-0.75319,-0.85503,-1.252,-1.86,-2.551,-3.1904,-3.647,-3.8096,-3.6237,-3.1453,-2.5364,-1.984,-1.6021,-1.4007,-1.3299,-1.3342,-1.3859,-1.4712,-1.5902,-1.7508
-5.4551,-5.7211,-4.9087,-3.4467,-2.3859,-2.0482,-2.1547,-2.4064,-2.5993,-2.6133,-2.5084,-2.4946,-2.6514,-2.8187,-2.8251,-2.6387,-2.3211,-1.9511,-1.5958,-1.3098,-1.1379,-1.1105,-1.2418,-1.5367,-1.9939,-2.5879,-3.2521,-3.8969,-4.4542,-4.8684,-5.0438,-4.8528,-4.2524,-3.3746,-2.4404,-1.624,-1.0104,-0.60854,-0.38398,-0.26666,-0.16651,0.0071078,0.30137,0.67933,1.0244,1.2054,1.1592,0.91823,0.56506,0.1677,-0.25427,-0.71402,-1.2077,-1.6706,-1.9957,-2.0964,-1.9578,-1.6338,-1.2256,-0.86518,-0.69152,-0.80322,-1.2087,-1.8276,-2.5361,-3.202,-3.6926,-3.8841,-3.7103,-3.2257,-2.6017,-2.034,-1.64,-1.4288,-1.3496,-1.3505,-1.3973,-1.479,-1.5968,-1.7591
-5.5747,-5.8083,-4.9497,-3.4444,-2.3591,-2.0196,-2.1463,-2.4465,-2.7107,-2.795,-2.7181,-2.6728,-2.7758,-2.91,-2.9121,-2.7375,-2.4287,-2.0549,-1.6822,-1.3685,-1.1623,-1.0981,-1.1934,-1.4535,-1.8719,-2.4251,-3.0562,-3.6915,-4.2663,-4.7123,-4.9112,-4.7191,-4.094,-3.1852,-2.2265,-1.403,-0.79837,-0.42313,-0.23528,-0.16117,-0.10366,0.032392,0.29451,0.64238,0.95332,1.0905,0.98664,0.6724,0.23494,-0.24785,-0.73423,-1.2114,-1.6583,-2.0186,-2.2143,-2.2029,-1.9933,-1.6389,-1.2272,-0.87501,-0.71149,-0.8303,-1.2413,-1.8695,-2.5977,-3.2982,-3.8364,-4.0752,-3.9305,-3.4461,-2.7992,-2.2004,-1.7777,-1.5442,-1.448,-1.435,-1.4711,-1.5435,-1.6539,-1.811
-5.659,-5.86,-4.9609,-3.4289,-2.341,-2.0119,-2.1668,-2.5124,-2.8376,-2.9774,-2.9152,-2.8377,-2.8946,-3.0027,-3.0048,-2.841,-2.5413,-2.1682,-1.7858,-1.4534,-1.2228,-1.132,-1.2012,-1.4355,-1.8276,-2.3534,-2.9595,-3.581,-4.151,-4.5904,-4.7738,-4.5565,-3.9103,-2.9924,-2.0402,-1.2353,-0.66144,-0.32695,-0.1864,-0.16058,-0.14589,-0.04317,0.19597,0.52667,0.81897,0.93003,0.78684,0.41775,-0.08845,-0.64486,-1.1907,-1.6882,-2.0981,-2.3688,-2.458,-2.3573,-2.0929,-1.7159,-1.3016,-0.95615,-0.79651,-0.91544,-1.3251,-1.9552,-2.6932,-3.4146,-3.9827,-4.2572,-4.137,-3.6573,-2.9985,-2.3797,-1.9352,-1.6814,-1.5682,-1.5408,-1.5653,-1.6294,-1.7336,-1.885
-5.7577,-5.9057,-4.9464,-3.397,-2.3235,-2.0244,-2.2279,-2.6435,-3.0555,-3.2696,-3.2178,-3.0845,-3.0752,-3.1509,-3.1579,-3.0141,-2.7319,-2.365,-1.9739,-1.6176,-1.3528,-1.2256,-1.2614,-1.4654,-1.8279,-2.3251,-2.9071,-3.5046,-4.0429,-4.4321,-4.5508,-4.2764,-3.6055,-2.699,-1.7839,-1.0298,-0.51943,-0.25752,-0.19672,-0.24873,-0.30146,-0.24856,-0.041497,0.26796,0.54055,0.62298,0.43462,-0.0022401,-0.60094,-1.2643,-1.9036,-2.4348,-2.7829,-2.9132,-2.8423,-2.6181,-2.2864,-1.8896,-1.483,-1.1502,-1.0011,-1.12,-1.5194,-2.1336,-2.8575,-3.5748,-4.1568,-4.4584,-4.3738,-3.9221,-3.2738,-2.6496,-2.1904,-1.9178,-1.7844,-1.7378,-1.7439,-1.7909,-1.8795,-2.0171
-5.8299,-5.9203,-4.9014,-3.3553,-2.3156,-2.0615,-2.3209,-2.8107,-3.3081,-3.5898,-3.5387,-3.3417,-3.2702,-3.3241,-3.343,-3.2267,-2.9696,-2.6136,-2.2148,-1.8344,-1.5353,-1.3721,-1.3758,-1.5523,-1.8926,-2.3709,-2.9333,-3.498,-3.9758,-4.2753,-4.2935,-3.9503,-3.2689,-2.4016,-1.5497,-0.86862,-0.43603,-0.25581,-0.27872,-0.41143,-0.5361,-0.53967,-0.37205,-0.088011,0.16544,0.22477,0.00020056,-0.49479,-1.1779,-1.9448,-2.6757,-3.2304,-3.4942,-3.4645,-3.235,-2.9074,-2.534,-2.1389,-1.7539,-1.4439,-1.3023,-1.4094,-1.78,-2.3544,-3.0338,-3.7086,-4.2578,-4.5519,-4.4899,-4.0833,-3.4842,-2.8976,-2.4585,-2.1899,-2.0492,-1.9874,-1.9769,-2.0057,-2.0748,-2.1917
-5.8603,-5.9063,-4.8497,-3.318,-2.3156,-2.103,-2.4084,-2.9495,-3.5049,-3.8285,-3.7708,-3.5303,-3.4224,-3.468,-3.5019,-3.4101,-3.173,-2.8252,-2.4205,-2.0221,-1.6986,-1.51,-1.4917,-1.6525,-1.9811,-2.4479,-2.992,-3.5216,-3.9391,-4.1565,-4.0915,-3.6993,-3.0202,-2.1954,-1.4019,-0.78352,-0.41192,-0.29259,-0.3743,-0.5644,-0.74211,-0.79174,-0.65928,-0.39888,-0.16235,-0.11866,-0.36501,-0.89399,-1.6265,-2.4534,-3.2347,-3.7918,-3.9852,-3.8403,-3.5145,-3.1312,-2.7423,-2.3607,-2.0035,-1.7171,-1.5848,-1.6811,-2.02,-2.5448,-3.162,-3.7688,-4.2573,-4.5119,-4.4547,-4.0988,-3.5726,-3.0522,-2.6565,-2.4072,-2.2681,-2.1998,-2.1751,-2.1901,-2.2471,-2.3525
-5.8602,-5.85,-4.7542,-3.2627,-2.3267,-2.175,-2.5405,-3.1398,-3.7544,-4.1133,-4.0415,-3.7618,-3.6277,-3.6779,-3.7418,-3.6852,-3.4739,-3.1356,-2.7236,-2.3034,-1.9492,-1.7294,-1.6867,-1.8309,-2.1454,-2.5919,-3.0982,-3.5647,-3.8883,-3.9908,-3.8255,-3.3816,-2.7169,-1.9536,-1.2442,-0.71164,-0.42292,-0.38058,-0.53447,-0.79117,-1.0309,-1.139,-1.0589,-0.84151,-0.63665,-0.61449,-0.87997,-1.4331,-2.1984,-3.0676,-3.8748,-4.3988,-4.4881,-4.2249,-3.8177,-3.4134,-3.0511,-2.7223,-2.4212,-2.1752,-2.0474,-2.1072,-2.3755,-2.8064,-3.3146,-3.8044,-4.1773,-4.3557,-4.2865,-3.9946,-3.5839,-3.1864,-2.8873,-2.6966,-2.5827,-2.5131,-2.4783,-2.4749,-2.5078,-2.5857
-5.8028,-5.7445,-4.6334,-3.2032,-2.3481,-2.2652,-2.6821,-3.3224,-3.9615,-4.3242,-4.24,-3.9505,-3.8253,-3.9037,-4.0038,-3.9822,-3.7956,-3.4673,-3.0496,-2.6103,-2.2295,-1.9836,-1.9209,-2.0481,-2.3446,-2.7626,-3.222,-3.6134,-3.8339,-3.8227,-3.5675,-3.0878,-2.4484,-1.7536,-1.1317,-0.68726,-0.4788,-0.5043,-0.71233,-1.0128,-1.2966,-1.4579,-1.444,-1.292,-1.1325,-1.1337,-1.3989,-1.9361,-2.6808,-3.5156,-4.278,-4.7461,-4.7813,-4.4849,-4.0838,-3.715,-3.4113,-3.1541,-2.9212,-2.717,-2.5893,-2.6028,-2.7851,-3.1002,-3.4709,-3.8108,-4.0461,-4.1176,-4.0175,-3.7875,-3.5098,-3.2662,-3.0944,-2.9826,-2.9029,-2.8403,-2.7929,-2.7699,-2.7812,-2.8369
-5.719,-5.6315,-4.5262,-3.156,-2.3712,-2.3405,-2.7898,-3.4463,-4.0779,-4.4205,-4.3307,-4.0575,-3.9662,-4.0805,-4.2115,-4.2135,-4.0427,-3.721,-3.3002,-2.8495,-2.4533,-2.1928,-2.117,-2.2325,-2.5122,-2.9038,-3.3207,-3.648,-3.7872,-3.6982,-3.3859,-2.8893,-2.2724,-1.6306,-1.0736,-0.69426,-0.54101,-0.60801,-0.84516,-1.168,-1.4775,-1.6778,-1.7147,-1.6135,-1.4906,-1.5033,-1.7585,-2.2667,-2.9615,-3.7337,-4.4231,-4.835,-4.8629,-4.6064,-4.2653,-3.9641,-3.7303,-3.5409,-3.3635,-3.1895,-3.0493,-3.0094,-3.1095,-3.3266,-3.5909,-3.822,-3.952,-3.9525,-3.8292,-3.6322,-3.4348,-3.2944,-3.2191,-3.1755,-3.1305,-3.0761,-3.0223,-2.9846,-2.9787,-3.0188
-5.5514,-5.4374,-4.3619,-3.0919,-2.4102,-2.4492,-2.931,-3.5804,-4.1676,-4.4605,-4.3657,-4.1497,-4.1365,-4.3192,-4.4967,-4.5246,-4.3681,-4.0531,-3.631,-3.1728,-2.7663,-2.495,-2.4073,-2.5065,-2.7582,-3.1022,-3.4455,-3.6768,-3.7167,-3.544,-3.1789,-2.6693,-2.0807,-1.502,-1.025,-0.7262,-0.63872,-0.75232,-1.0163,-1.3578,-1.6913,-1.9375,-2.0427,-2.0158,-1.9462,-1.9706,-2.1905,-2.62,-3.2035,-3.8444,-4.4181,-4.7842,-4.8668,-4.7338,-4.5295,-4.3538,-4.2319,-4.14,-4.0347,-3.8864,-3.7147,-3.5898,-3.5708,-3.6522,-3.7741,-3.8637,-3.87,-3.7765,-3.6154,-3.4486,-3.341,-3.321,-3.358,-3.3924,-3.3872,-3.344,-3.2863,-3.2379,-3.2175,-3.2395
-5.386,-5.2616,-4.2261,-3.0445,-2.4458,-2.5362,-3.0306,-3.6548,-4.1889,-4.4303,-4.3359,-4.1826,-4.251,-4.4972,-4.71,-4.7521,-4.5995,-4.2864,-3.8667,-3.411,-3.0068,-2.7368,-2.6472,-2.7348,-2.9614,-3.2594,-3.5362,-3.6936,-3.6691,-3.448,-3.0577,-2.5433,-1.9726,-1.4306,-1.0047,-0.75926,-0.7193,-0.86587,-1.1474,-1.4952,-1.8389,-2.1115,-2.267,-2.3,-2.2709,-2.2965,-2.4711,-2.8192,-3.3011,-3.8335,-4.3267,-4.6801,-4.8357,-4.8289,-4.7599,-4.7001,-4.6713,-4.6507,-4.5889,-4.444,-4.2279,-4.0231,-3.9093,-3.8954,-3.9267,-3.9317,-3.8609,-3.7133,-3.5246,-3.3624,-3.2916,-3.3305,-3.4289,-3.5082,-3.5251,-3.4885,-3.4279,-3.3736,-3.3475,-3.3642
-5.1199,-4.9925,-4.0343,-2.9867,-2.5054,-2.6592,-3.1572,-3.7264,-4.1685,-4.3295,-4.2409,-4.183,-4.377,-4.7182,-4.9769,-5.0299,-4.8756,-4.5615,-4.1478,-3.706,-3.3203,-3.0678,-2.9869,-3.0646,-3.2551,-3.4879,-3.6795,-3.7481,-3.6469,-3.3706,-2.9489,-2.4275,-1.8752,-1.3729,-1.0031,-0.81864,-0.83502,-1.023,-1.3275,-1.6865,-2.044,-2.3515,-2.5648,-2.6604,-2.6695,-2.6796,-2.7872,-3.0302,-3.3807,-3.7901,-4.1962,-4.5447,-4.8019,-4.9758,-5.0968,-5.2061,-5.3124,-5.3855,-5.3628,-5.1883,-4.8835,-4.5609,-4.3309,-4.213,-4.149,-4.065,-3.9176,-3.7075,-3.4833,-3.316,-3.2658,-3.3394,-3.4724,-3.5774,-3.6101,-3.5794,-3.5238,-3.4707,-3.4409,-3.4486
-4.8141,-4.696,-3.8375,-2.9393,-2.5832,-2.7971,-3.2809,-3.7779,-4.1153,-4.1948,-4.1086,-4.146,-4.4669,-4.9061,-5.212,-5.2715,-5.1095,-4.7924,-4.3881,-3.9699,-3.6191,-3.4019,-3.3414,-3.4148,-3.571,-3.7461,-3.8663,-3.8639,-3.7005,-3.3772,-2.9199,-2.3821,-1.8329,-1.3579,-1.0311,-0.90228,-0.97154,-1.2024,-1.5337,-1.9092,-2.2836,-2.6183,-2.8734,-3.015,-3.0479,-3.0398,-3.0792,-3.2167,-3.4518,-3.753,-4.0973,-4.4645,-4.8313,-5.1733,-5.4801,-5.7472,-5.9668,-6.1001,-6.0731,-5.8264,-5.4102,-4.9778,-4.6631,-4.4848,-4.3736,-4.2459,-4.0526,-3.8037,-3.5476,-3.3551,-3.2836,-3.337,-3.4514,-3.5423,-3.5686,-3.5408,-3.4884,-3.4412,-3.4178,-3.4298
-4.5696,-4.4641,-3.691,-2.9139,-2.6563,-2.9101,-3.3758,-3.8109,-4.0695,-4.0902,-4.0026,-4.1001,-4.5068,-5.0157,-5.3552,-5.4199,-5.2516,-4.9332,-4.5406,-4.1477,-3.8309,-3.6477,-3.61,-3.6866,-3.8236,-3.9632,-4.041,-3.9985,-3.8014,-3.4483,-2.9654,-2.4085,-1.8513,-1.3823,-1.0766,-0.979,-1.0857,-1.3525,-1.7146,-2.1121,-2.5022,-2.8516,-3.1241,-3.2833,-3.3225,-3.2944,-3.2879,-3.3639,-3.532,-3.7792,-4.0934,-4.4691,-4.8937,-5.3362,-5.7562,-6.1243,-6.4099,-6.5584,-6.4898,-6.162,-5.6604,-5.1717,-4.8335,-4.6504,-4.538,-4.4034,-4.1985,-3.9283,-3.6463,-3.4232,-3.3143,-3.3243,-3.3971,-3.4594,-3.4738,-3.4448,-3.3998,-3.3578,-3.3344,-3.3417
-4.2356,-4.153,-3.5057,-2.8966,-2.7756,-3.0785,-3.5091,-3.8606,-4.0223,-3.9686,-3.8706,-4.0257,-4.5239,-5.1118,-5.4895,-5.5621,-5.3928,-5.0808,-4.7121,-4.362,-4.099,-3.9679,-3.9672,-4.0556,-4.1779,-4.2873,-4.3334,-4.2617,-4.0336,-3.6418,-3.1183,-2.5236,-1.9426,-1.4673,-1.1767,-1.1113,-1.2647,-1.5838,-1.9957,-2.4312,-2.8452,-3.2081,-3.4891,-3.6523,-3.6849,-3.6306,-3.5775,-3.5933,-3.699,-3.8934,-4.1776,-4.5613,-5.0396,-5.5701,-6.0895,-6.5325,-6.8414,-6.9476,-6.7796,-6.3378,-5.7563,-5.2452,-4.9297,-4.7916,-4.7264,-4.6272,-4.4347,-4.1586,-3.847,-3.5694,-3.3831,-3.3029,-3.2916,-3.2933,-3.2763,-3.2397,-3.1975,-3.1655,-3.1538,-3.1685
-3.9877,-3.9251,-3.375,-2.8984,-2.882,-3.2226,-3.6228,-3.9128,-4.0099,-3.9065,-3.7918,-3.9715,-4.5161,-5.146,-5.5476,-5.6293,-5.4656,-5.1662,-4.8215,-4.5075,-4.2889,-4.2006,-4.2303,-4.3303,-4.4515,-4.5579,-4.6065,-4.5355,-4.2932,-3.8691,-3.3028,-2.6673,-2.0575,-1.5698,-1.2835,-1.2382,-1.4235,-1.7831,-2.2343,-2.7023,-3.1357,-3.5056,-3.7842,-3.9386,-3.9575,-3.8836,-3.8039,-3.7901,-3.867,-4.0381,-4.3092,-4.6933,-5.1868,-5.7438,-6.2828,-6.7236,-6.9951,-7.0274,-6.7687,-6.2547,-5.6546,-5.1727,-4.9156,-4.8458,-4.844,-4.7931,-4.6298,-4.3555,-4.0213,-3.6972,-3.4433,-3.2848,-3.2028,-3.156,-3.1145,-3.0724,-3.0309,-2.9996,-2.9861,-2.9966
-3.6702,-3.6341,-3.2132,-2.9198,-3.0493,-3.4393,-3.7979,-4.012,-4.0341,-3.8695,-3.7254,-3.9111,-4.4845,-5.1479,-5.5757,-5.6747,-5.5283,-5.2545,-4.9481,-4.6851,-4.5261,-4.496,-4.568,-4.6888,-4.8223,-4.952,-5.0397,-5.002,-4.7548,-4.2823,-3.642,-2.9352,-2.2722,-1.7561,-1.4642,-1.4366,-1.6591,-2.072,-2.5828,-3.1024,-3.5659,-3.9355,-4.1901,-4.3121,-4.3034,-4.2111,-4.1158,-4.0835,-4.1404,-4.2936,-4.5522,-4.9292,-5.4161,-5.9576,-6.4593,-6.8263,-6.981,-6.8683,-6.4809,-5.9075,-5.3289,-4.9325,-4.793,-4.8481,-4.9609,-4.9998,-4.8898,-4.6307,-4.2713,-3.8829,-3.5321,-3.263,-3.0834,-2.9718,-2.8996,-2.847,-2.8075,-2.7796,-2.7654,-2.769
-3.3766,-3.3639,-3.0703,-2.9592,-3.2377,-3.6805,-4.0001,-4.1463,-4.1034,-3.8828,-3.6999,-3.8651,-4.4334,-5.1047,-5.5522,-5.6783,-5.5645,-5.3279,-5.0648,-4.8522,-4.7476,-4.7679,-4.8774,-5.022,-5.182,-5.3651,-5.535,-5.5683,-5.3329,-4.8037,-4.0744,-3.2812,-2.5528,-1.9947,-1.6848,-1.6594,-1.9075,-2.3661,-2.9379,-3.5149,-4.0103,-4.3771,-4.5979,-4.6759,-4.6343,-4.5275,-4.428,-4.3914,-4.4427,-4.5872,-4.838,-5.2043,-5.6656,-6.1489,-6.553,-6.7792,-6.7667,-6.4964,-6.0064,-5.4114,-4.8926,-4.606,-4.5981,-4.7878,-5.0246,-5.1628,-5.1154,-4.8727,-4.486,-4.0345,-3.5986,-3.2406,-2.9868,-2.8256,-2.7271,-2.6636,-2.6206,-2.5896,-2.5691,-2.562
-3.1768,-3.1775,-2.9744,-2.9944,-3.3895,-3.8722,-4.1707,-4.272,-4.1841,-3.9257,-3.7068,-3.8422,-4.3886,-5.0508,-5.5083,-5.6624,-5.5837,-5.3831,-5.1554,-4.9783,-4.9075,-4.9558,-5.0842,-5.2434,-5.4304,-5.6718,-5.9279,-6.0379,-5.819,-5.2412,-4.4348,-3.5701,-2.7901,-2.1994,-1.8716,-1.8421,-2.0989,-2.5823,-3.1884,-3.8023,-4.3216,-4.69,-4.8906,-4.9379,-4.8704,-4.7511,-4.6497,-4.6152,-4.6672,-4.8133,-5.0628,-5.4188,-5.8505,-6.2744,-6.582,-6.6865,-6.5466,-6.1689,-5.6169,-5.0195,-4.5478,-4.3405,-4.4258,-4.7091,-5.0302,-5.2345,-5.226,-4.9954,-4.5956,-4.1108,-3.629,-3.2235,-2.9313,-2.7451,-2.6329,-2.5619,-2.5124,-2.4757,-2.4495,-2.4369
-2.9429,-2.9542,-2.8571,-3.0442,-3.5908,-4.1343,-4.4118,-4.4602,-4.3232,-4.0168,-3.7476,-3.8285,-4.3271,-4.9615,-5.4246,-5.6182,-5.5968,-5.4543,-5.2781,-5.1447,-5.1093,-5.1807,-5.3186,-5.4901,-5.7174,-6.0511,-6.4435,-6.6751,-6.4874,-5.8427,-4.9287,-3.9699,-3.1219,-2.4874,-2.1316,-2.0873,-2.3427,-2.8405,-3.4791,-4.1337,-4.6869,-5.0628,-5.2464,-5.2655,-5.1717,-5.0379,-4.9262,-4.8819,-4.9282,-5.0717,-5.3258,-5.6843,-6.0939,-6.4444,-6.623,-6.5605,-6.2539,-5.7481,-5.1317,-4.5378,-4.1242,-4.0081,-4.1969,-4.5804,-4.9864,-5.2516,-5.2784,-5.0543,-4.6398,-4.1271,-3.6138,-3.1819,-2.8737,-2.6807,-2.5655,-2.4889,-2.4327,-2.3842,-2.3427,-2.3146
-2.7507,-2.7622,-2.7511,-3.0837,-3.7696,-4.3774,-4.6411,-4.6539,-4.476,-4.1309,-3.8115,-3.8309,-4.2669,-4.861,-5.3259,-5.5585,-5.5979,-5.5198,-5.3982,-5.3039,-5.2909,-5.3678,-5.5002,-5.6735,-5.9369,-6.3572,-6.8759,-7.2237,-7.0699,-6.3711,-5.377,-4.3497,-3.4537,-2.7811,-2.3936,-2.3184,-2.5513,-3.0387,-3.6894,-4.3731,-4.9609,-5.3626,-5.553,-5.5643,-5.454,-5.2967,-5.1626,-5.0985,-5.1264,-5.2664,-5.528,-5.9009,-6.3119,-6.6227,-6.6957,-6.4868,-6.0355,-5.4233,-4.7558,-4.1639,-3.7927,-3.7388,-3.9926,-4.4321,-4.879,-5.1684,-5.2029,-4.9822,-4.5683,-4.0569,-3.5494,-3.13,-2.8386,-2.6615,-2.5559,-2.4822,-2.4185,-2.3562,-2.2991,-2.2583
-2.6352,-2.6393,-2.6764,-3.0979,-3.8728,-4.5244,-4.7853,-4.7792,-4.5818,-4.2146,-3.8644,-3.8362,-4.2201,-4.7798,-5.2429,-5.5056,-5.5927,-5.5641,-5.4828,-5.4136,-5.4083,-5.4782,-5.5992,-5.7701,-6.0529,-6.5191,-7.1069,-7.5187,-7.3865,-6.6678,-5.6446,-4.5943,-3.6807,-2.9903,-2.5799,-2.4803,-2.6874,-3.1536,-3.7886,-4.4701,-5.074,-5.5089,-5.7393,-5.7759,-5.6677,-5.4851,-5.3132,-5.2137,-5.218,-5.3452,-5.6136,-6.0121,-6.4524,-6.7621,-6.7887,-6.495,-5.953,-5.271,-4.5659,-3.97,-3.6151,-3.5895,-3.8722,-4.3308,-4.7812,-5.0615,-5.0858,-4.8611,-4.4562,-3.9655,-3.4852,-3.0947,-2.8303,-2.6756,-2.5856,-2.5176,-2.4528,-2.383,-2.3144,-2.2617
-2.5195,-2.5033,-2.5795,-3.0863,-3.9482,-4.6451,-4.9104,-4.8939,-4.6905,-4.3117,-3.9296,-3.8422,-4.1543,-4.6632,-5.1214,-5.4242,-5.5756,-5.6119,-5.5792,-5.5334,-5.5267,-5.5797,-5.6834,-5.8486,-6.1437,-6.6367,-7.2584,-7.7011,-7.5915,-6.8909,-5.8875,-4.8535,-3.9422,-3.2388,-2.8025,-2.6655,-2.8296,-3.252,-3.8483,-4.5075,-5.1191,-5.5973,-5.8947,-5.9909,-5.9015,-5.6962,-5.4736,-5.3183,-5.2778,-5.3824,-5.6595,-6.1019,-6.6061,-6.9595,-6.9607,-6.5837,-5.9454,-5.1894,-4.4443,-3.8363,-3.4912,-3.4801,-3.7696,-4.22,-4.6476,-4.8994,-4.9038,-4.6779,-4.2927,-3.8401,-3.411,-3.0766,-2.8634,-2.7472,-2.6798,-2.622,-2.5527,-2.4704,-2.3868,-2.3214
-2.4629,-2.4209,-2.5071,-3.0503,-3.9467,-4.6635,-4.9395,-4.9288,-4.733,-4.3618,-3.9659,-3.8404,-4.1006,-4.5701,-5.0236,-5.3552,-5.5531,-5.6361,-5.6353,-5.5994,-5.5836,-5.62,-5.7104,-5.871,-6.1666,-6.6564,-7.2649,-7.6869,-7.5814,-6.9229,-5.9737,-4.9847,-4.0983,-3.4,-2.9498,-2.7859,-2.9128,-3.2912,-3.8469,-4.4786,-5.0885,-5.5949,-5.9411,-6.0869,-6.0236,-5.8087,-5.5519,-5.3547,-5.277,-5.3629,-5.645,-6.1222,-6.6867,-7.0989,-7.1189,-6.7138,-6.025,-5.2222,-4.4457,-3.8227,-3.472,-3.4572,-3.7371,-4.168,-4.5685,-4.7955,-4.7891,-4.5701,-4.209,-3.7918,-3.402,-3.1054,-2.9255,-2.8363,-2.7881,-2.739,-2.6704,-2.5822,-2.4881,-2.4104
-2.4263,-2.3385,-2.4114,-2.9595,-3.8597,-4.5809,-4.8775,-4.8933,-4.7282,-4.3841,-3.9896,-3.8211,-4.0172,-4.4391,-4.8846,-5.2507,-5.5071,-5.6482,-5.6843,-5.6552,-5.6226,-5.6349,-5.7106,-5.8695,-6.1646,-6.6295,-7.1714,-7.5182,-7.4045,-6.8284,-5.9947,-5.0975,-4.265,-3.5833,-3.1224,-2.9251,-2.9996,-3.312,-3.7963,-4.3721,-4.96,-5.494,-5.9064,-6.127,-6.1117,-5.8968,-5.6018,-5.352,-5.2304,-5.288,-5.5723,-6.0927,-6.7429,-7.2528,-7.3382,-6.9355,-6.209,-5.3605,-4.5472,-3.8993,-3.5303,-3.4971,-3.7519,-4.1498,-4.5175,-4.7254,-4.7231,-4.5312,-4.21,-3.835,-3.485,-3.2255,-3.081,-3.0234,-2.9985,-2.9611,-2.8898,-2.786,-2.6687,-2.5671
-2.4337,-2.286,-2.3149,-2.8235,-3.6801,-4.3837,-4.7057,-4.7653,-4.6483,-4.3506,-3.9737,-3.7782,-3.9208,-4.3,-4.7376,-5.1324,-5.4399,-5.6317,-5.6982,-5.6716,-5.6215,-5.6138,-5.6831,-5.8519,-6.1489,-6.5748,-7.0223,-7.2737,-7.1504,-6.6665,-5.9604,-5.1671,-4.3947,-3.7342,-3.2657,-3.0409,-3.0693,-3.3183,-3.7272,-4.2315,-4.7747,-5.3033,-5.7542,-6.0395,-6.0792,-5.8877,-5.5829,-5.3077,-5.1599,-5.2007,-5.4824,-6.0246,-6.7329,-7.3341,-7.506,-7.1468,-6.4218,-5.5553,-4.7197,-4.0501,-3.6563,-3.595,-3.819,-4.1893,-4.5427,-4.7599,-4.7932,-4.6512,-4.3797,-4.0418,-3.7134,-3.4672,-3.336,-3.2934,-3.2804,-3.2476,-3.1666,-3.0442,-2.9043,-2.7802
-2.4674,-2.2647,-2.2445,-2.6989,-3.4962,-4.1773,-4.5227,-4.6224,-4.5488,-4.2916,-3.9339,-3.7275,-3.8403,-4.1925,-4.6258,-5.0398,-5.3797,-5.6029,-5.6874,-5.6609,-5.5996,-5.5839,-5.6581,-5.84,-6.1381,-6.5296,-6.9069,-7.0949,-6.9712,-6.5523,-5.9319,-5.2103,-4.4792,-3.8331,-3.3599,-3.1156,-3.1129,-3.3171,-3.6746,-4.1256,-4.625,-5.1304,-5.5836,-5.8965,-5.9771,-5.8169,-5.527,-5.2533,-5.0998,-5.1332,-5.4094,-5.9526,-6.6772,-7.3216,-7.5517,-7.2447,-6.5519,-5.6989,-4.8636,-4.185,-3.7756,-3.6916,-3.892,-4.2481,-4.6077,-4.8564,-4.94,-4.8562,-4.6307,-4.3151,-3.9862,-3.7291,-3.5902,-3.5483,-3.5397,-3.5052,-3.4173,-3.2791,-3.1168,-2.9673
-2.5477,-2.2607,-2.155,-2.5113,-3.212,-3.8558,-4.2347,-4.3909,-4.3777,-4.1724,-3.8452,-3.6357,-3.7211,-4.0485,-4.4801,-4.9166,-5.292,-5.5479,-5.6496,-5.622,-5.5525,-5.5378,-5.6303,-5.8364,-6.1372,-6.4848,-6.7789,-6.8989,-6.7814,-6.4394,-5.9177,-5.274,-4.5868,-3.9575,-3.4805,-3.2189,-3.1801,-3.3298,-3.6132,-3.9835,-4.4114,-4.8672,-5.3031,-5.6325,-5.7578,-5.6539,-5.4116,-5.1683,-5.0266,-5.055,-5.3117,-5.8267,-6.5297,-7.1836,-7.4755,-7.2547,-6.6331,-5.8239,-5.0102,-4.3358,-3.9181,-3.8184,-4.0029,-4.3561,-4.7425,-5.057,-5.2355,-5.2528,-5.1032,-4.8155,-4.4696,-4.176,-4.0077,-3.9529,-3.941,-3.9002,-3.797,-3.6326,-3.4358,-3.2478
-2.6634,-2.2835,-2.0741,-2.3134,-2.9085,-3.5173,-3.9314,-4.1471,-4.1851,-4.0229,-3.7255,-3.52,-3.5918,-3.9093,-4.345,-4.8012,-5.2025,-5.48,-5.5926,-5.5668,-5.4989,-5.4967,-5.6165,-5.8522,-6.1591,-6.4693,-6.6963,-6.7687,-6.6666,-6.3921,-5.9504,-5.3632,-4.7015,-4.0772,-3.5975,-3.323,-3.257,-3.3586,-3.5743,-3.8666,-4.2159,-4.6045,-4.9912,-5.302,-5.4539,-5.4187,-5.2577,-5.0777,-4.9666,-4.9934,-5.217,-5.6699,-6.2949,-6.8977,-7.2,-7.0638,-6.5551,-5.8403,-5.0846,-4.436,-4.0194,-3.9093,-4.0892,-4.461,-4.9005,-5.3044,-5.6004,-5.7312,-5.6586,-5.3908,-5.0163,-4.6771,-4.4747,-4.405,-4.3889,-4.3413,-4.2182,-4.0216,-3.785,-3.5543
