0.66269,0.91173,1.1334,1.0219,0.62624,0.2495,0.093512,0.14539,0.26275,0.28201,0.090462,-0.31878,-0.8219,-1.2296,-1.4139,-1.3541,-1.1096,-0.76424,-0.39659,-0.062101,0.21306,0.42644,0.58612,0.69554,0.74488,0.71465,0.5973,0.4296,0.30353,0.32445,0.53363,0.87328,1.2433,1.5597,1.7807,1.8911,1.8929,1.7978,1.6378,1.4634,1.3236,1.2351,1.1722,1.0822,0.91218,0.63331,0.24973,-0.19891,-0.6403,-0.98321,-1.1524,-1.1316,-0.96912,-0.73788,-0.49319,-0.26251,-0.057155,0.11161,0.22381,0.25353,0.17854,0.0046181,-0.22586,-0.4415,-0.57605,-0.60584,-0.55812,-0.48664,-0.44593,-0.47028,-0.56854,-0.72294,-0.89104,-1.0151,-1.0433,-0.95488,-0.76891,-0.53003,-0.28253,-0.057134
0.63344,0.83456,1.0486,0.98246,0.65829,0.33945,0.2034,0.25143,0.36716,0.40012,0.22939,-0.16831,-0.6782,-1.1084,-1.3192,-1.283,-1.0543,-0.71534,-0.34636,-0.0074179,0.27202,0.48758,0.64433,0.7435,0.77658,0.73029,0.60506,0.44067,0.32309,0.34132,0.52384,0.81807,1.1377,1.4136,1.6096,1.7141,1.7256,1.6533,1.5211,1.3733,1.2527,1.174,1.1132,1.0195,0.84144,0.54902,0.14258,-0.34134,-0.82851,-1.2189,-1.4176,-1.3947,-1.2014,-0.92532,-0.63513,-0.36622,-0.13067,0.063137,0.19912,0.25318,0.20776,0.063273,-0.14541,-0.35489,-0.5011,-0.55372,-0.53037,-0.47898,-0.4549,-0.49784,-0.62115,-0.8067,-1.0048,-1.1458,-1.1687,-1.0559,-0.83561,-0.56501,-0.29542,-0.058214
0.58417,0.71416,0.90792,0.89366,0.65951,0.4132,0.30572,0.35012,0.46477,0.51462,0.37088,-0.0032546,-0.50481,-0.94498,-1.1751,-1.1633,-0.95946,-0.64229,-0.2881,0.045169,0.3253,0.5417,0.69383,0.77955,0.79237,0.72525,0.58764,0.42611,0.31701,0.32687,0.46807,0.69456,0.94115,1.1587,1.322,1.4216,1.4546,1.4217,1.3378,1.2314,1.1353,1.0633,0.99787,0.89707,0.71313,0.41437,-0.0043128,-0.51282,-1.0397,-1.4764,-1.7112,-1.6964,-1.4802,-1.161,-0.82356,-0.51279,-0.24545,-0.028224,0.1301,0.21692,0.21595,0.12717,-0.026288,-0.19786,-0.33513,-0.4061,-0.4164,-0.40016,-0.40958,-0.48549,-0.64325,-0.8633,-1.0891,-1.241,-1.2524,-1.1097,-0.85487,-0.55691,-0.27104,-0.027241
0.54145,0.61398,0.78338,0.80066,0.62976,0.43546,0.34914,0.39134,0.50377,0.56244,0.43837,0.086305,-0.39783,-0.82974,-1.063,-1.0655,-0.88453,-0.59361,-0.26128,0.060221,0.33821,0.55628,0.70671,0.78341,0.78058,0.69714,0.55003,0.38749,0.27866,0.27605,0.38252,0.55613,0.74856,0.9236,1.0651,1.1657,1.2199,1.2225,1.1768,1.1014,1.0224,0.95399,0.88427,0.77838,0.59323,0.2964,-0.11909,-0.62763,-1.1623,-1.6137,-1.8652,-1.8577,-1.6334,-1.2961,-0.93713,-0.61012,-0.33419,-0.11197,0.056116,0.16459,0.20226,0.1661,0.066819,-0.065134,-0.18826,-0.26983,-0.30296,-0.3171,-0.35353,-0.45152,-0.62762,-0.86259,-1.0976,-1.2491,-1.2488,-1.0868,-0.81476,-0.50506,-0.21491,0.025904
0.48039,0.47269,0.5967,0.64456,0.5523,0.42642,0.36791,0.40696,0.50841,0.57114,0.4694,0.15166,-0.29519,-0.69727,-0.92038,-0.93777,-0.79301,-0.5473,-0.2544,0.044113,0.31724,0.54039,0.69292,0.76022,0.73616,0.62709,0.46097,0.28884,0.17241,0.14829,0.20553,0.30923,0.42821,0.54865,0.66709,0.77958,0.8719,0.92637,0.93087,0.89319,0.83395,0.76937,0.69582,0.58619,0.40367,0.11723,-0.2818,-0.76967,-1.2837,-1.7197,-1.963,-1.9538,-1.7294,-1.3889,-1.0289,-0.70542,-0.43689,-0.2206,-0.04827,0.082171,0.16825,0.1984,0.16886,0.092651,-0.0017189,-0.0846,-0.14442,-0.19227,-0.26219,-0.38775,-0.58226,-0.82376,-1.051,-1.1809,-1.1518,-0.96633,-0.68101,-0.37237,-0.094864,0.12657
0.41783,0.32917,0.39364,0.45932,0.43939,0.38006,0.34823,0.37967,0.46047,0.51495,0.43066,0.15298,-0.24054,-0.59392,-0.79463,-0.82304,-0.71865,-0.52731,-0.28273,-0.010969,0.25861,0.49036,0.64986,0.71244,0.6677,0.52583,0.32538,0.12799,-0.0057523,-0.055883,-0.045269,-0.005773,0.04697,0.12006,0.22263,0.35127,0.48485,0.59239,0.64957,0.65076,0.61041,0.54592,0.4631,0.34705,0.16908,-0.095833,-0.45691,-0.89419,-1.3508,-1.7356,-1.948,-1.9326,-1.7177,-1.3929,-1.0484,-0.74122,-0.4927,-0.29828,-0.14079,-0.0033646,0.11412,0.20006,0.23622,0.2158,0.15205,0.070388,-0.0092624,-0.090039,-0.1898,-0.3327,-0.52742,-0.75074,-0.94373,-1.0312,-0.96486,-0.75658,-0.47306,-0.18214,0.06889,0.2604
0.37158,0.22484,0.23771,0.30708,0.33745,0.32584,0.31291,0.33375,0.39077,0.42984,0.35337,0.10989,-0.23301,-0.53931,-0.71549,-0.7497,-0.67644,-0.52784,-0.32068,-0.0694,0.19788,0.43787,0.60484,0.66463,0.60363,0.43449,0.20144,-0.024422,-0.18201,-0.25771,-0.28034,-0.28179,-0.26769,-0.22134,-0.12567,0.01519,0.17743,0.32191,0.41609,0.44497,0.41764,0.35362,0.26382,0.14237,-0.030965,-0.27713,-0.60252,-0.98879,-1.3855,-1.7128,-1.8851,-1.8548,-1.6464,-1.3392,-1.0168,-0.73452,-0.51193,-0.34094,-0.1987,-0.06285,0.071224,0.18674,0.25778,0.26931,0.22753,0.15303,0.06299,-0.033605,-0.15117,-0.30497,-0.4955,-0.69442,-0.84419,-0.88071,-0.77354,-0.5504,-0.27105,-0.0031027,0.21471,0.37081
0.31303,0.096238,0.033358,0.096362,0.18662,0.23637,0.24562,0.24444,0.25685,0.26055,0.18667,-0.0067505,-0.26943,-0.49876,-0.63269,-0.66999,-0.6342,-0.53816,-0.37885,-0.15583,0.10642,0.35569,0.53134,0.58711,0.50522,0.3003,0.023146,-0.24913,-0.45085,-0.5685,-0.63508,-0.68095,-0.70565,-0.68215,-0.58888,-0.42844,-0.23287,-0.049236,0.080374,0.13568,0.12275,0.061974,-0.031336,-0.15566,-0.32071,-0.53936,-0.81211,-1.1202,-1.4232,-1.6597,-1.7677,-1.7135,-1.5155,-1.2359,-0.94775,-0.70156,-0.51534,-0.37805,-0.26111,-0.13702,0.0058733,0.1482,0.25449,0.29742,0.27364,0.20032,0.10007,-0.017641,-0.15008,-0.30087,-0.46287,-0.60658,-0.68306,-0.64727,-0.49002,-0.24911,0.013744,0.24801,0.42511,0.53865
0.27237,0.011527,-0.11051,-0.059436,0.070462,0.16277,0.18548,0.16274,0.13093,0.095551,0.016398,-0.13757,-0.33055,-0.49252,-0.58743,-0.62061,-0.60636,-0.54393,-0.41737,-0.21584,0.039599,0.29161,0.47087,0.52436,0.4298,0.20116,-0.10897,-0.41944,-0.6591,-0.81091,-0.90639,-0.9781,-1.021,-1.007,-0.91282,-0.74191,-0.53097,-0.32906,-0.18367,-0.11529,-0.11853,-0.17604,-0.26986,-0.39415,-0.55257,-0.74709,-0.97505,-1.2194,-1.4477,-1.6165,-1.68,-1.6117,-1.4237,-1.1672,-0.90398,-0.68052,-0.51456,-0.39558,-0.29444,-0.1785,-0.040024,0.1041,0.21813,0.27249,0.2596,0.19166,0.086813,-0.037484,-0.17581,-0.3217,-0.45793,-0.55073,-0.55846,-0.4555,-0.25425,-0.0014592,0.24632,0.44634,0.58132,0.65377
0.22375,-0.081596,-0.27847,-0.25112,-0.077919,0.065948,0.10195,0.043307,-0.06041,-0.16518,-0.26448,-0.36604,-0.45693,-0.51845,-0.55078,-0.56624,-0.56722,-0.537,-0.4456,-0.27202,-0.032057,0.2151,0.3928,0.44169,0.33433,0.082773,-0.26089,-0.61423,-0.90002,-1.0954,-1.2281,-1.3251,-1.3837,-1.3759,-1.2818,-1.111,-0.89852,-0.69324,-0.53772,-0.45564,-0.44652,-0.49706,-0.59126,-0.71733,-0.86654,-1.0312,-1.2003,-1.3605,-1.4957,-1.5807,-1.5893,-1.5027,-1.3272,-1.0982,-0.8691,-0.67902,-0.54079,-0.44079,-0.34947,-0.24068,-0.10279,0.0412,0.15446,0.20782,0.19329,0.12145,0.01212,-0.11947,-0.25598,-0.37844,-0.46049,-0.47003,-0.3819,-0.1962,0.05396,0.31451,0.53869,0.69758,0.78417,0.80728
0.18165,-0.14774,-0.40808,-0.4107,-0.20623,-0.020967,0.023499,-0.07593,-0.26232,-0.457,-0.59337,-0.64528,-0.62764,-0.57894,-0.53703,-0.51962,-0.51616,-0.49858,-0.42979,-0.2826,-0.067206,0.16052,0.32491,0.36473,0.2513,-0.0065025,-0.3617,-0.73563,-1.0544,-1.2878,-1.4518,-1.5657,-1.6278,-1.6199,-1.533,-1.3807,-1.1939,-1.0122,-0.86843,-0.78445,-0.76665,-0.80803,-0.8992,-1.0248,-1.165,-1.2996,-1.4126,-1.4978,-1.5531,-1.575,-1.549,-1.458,-1.3002,-1.1008,-0.8986,-0.72758,-0.59894,-0.50007,-0.40473,-0.28966,-0.1543,-0.022027,0.07371,0.10961,0.082122,0.0030437,-0.1116,-0.23867,-0.35854,-0.44395,-0.46161,-0.38225,-0.1984,0.063959,0.35311,0.61347,0.80789,0.9208,0.95692,0.93239
0.15403,-0.17843,-0.47566,-0.50213,-0.28318,-0.07413,-0.02695,-0.15738,-0.40911,-0.68128,-0.85751,-0.87727,-0.77578,-0.64097,-0.53814,-0.48502,-0.46447,-0.44313,-0.38206,-0.25359,-0.064521,0.13651,0.28078,0.31014,0.19814,-0.048945,-0.38997,-0.75701,-1.0834,-1.3358,-1.5178,-1.6416,-1.705,-1.6993,-1.6244,-1.4963,-1.3435,-1.1949,-1.0768,-1.004,-0.98481,-1.0208,-1.1079,-1.2317,-1.3665,-1.4822,-1.5602,-1.5992,-1.6084,-1.5946,-1.5506,-1.4611,-1.3194,-1.141,-0.95841,-0.79875,-0.67071,-0.56246,-0.45204,-0.32475,-0.18519,-0.059743,0.02082,0.038772,-0.0046577,-0.095292,-0.21264,-0.33815,-0.44279,-0.49165,-0.44984,-0.2982,-0.048138,0.25776,0.56191,0.8139,0.98217,1.0613,1.0619,1.0036
0.12161,-0.19673,-0.5243,-0.58037,-0.35423,-0.12497,-0.076907,-0.24508,-0.58137,-0.96311,-1.2072,-1.192,-0.98149,-0.73316,-0.54513,-0.43396,-0.37517,-0.3325,-0.27121,-0.16815,-0.02473,0.12589,0.23125,0.24444,0.14403,-0.06664,-0.35778,-0.68176,-0.98838,-1.2455,-1.4434,-1.5805,-1.6521,-1.6589,-1.6119,-1.5302,-1.4366,-1.3468,-1.2724,-1.2221,-1.2078,-1.2434,-1.3317,-1.4583,-1.5897,-1.6888,-1.7335,-1.7279,-1.6937,-1.6483,-1.5917,-1.5089,-1.3875,-1.2345,-1.07,-0.91635,-0.77848,-0.64561,-0.50338,-0.34927,-0.20047,-0.086409,-0.031913,-0.043927,-0.11171,-0.21578,-0.33557,-0.44537,-0.51547,-0.50874,-0.39316,-0.1615,0.15652,0.50263,0.81377,1.0434,1.1734,1.2061,1.1602,1.0604
0.091957,-0.19298,-0.528,-0.60723,-0.38633,-0.15038,-0.10434,-0.30121,-0.70719,-1.1913,-1.51,-1.4737,-1.1675,-0.81481,-0.5439,-0.36961,-0.26158,-0.18588,-0.11748,-0.040497,0.048629,0.13601,0.19345,0.19189,0.11428,-0.039274,-0.25216,-0.49992,-0.75457,-0.99142,-1.1933,-1.3443,-1.4354,-1.4688,-1.46,-1.4321,-1.4021,-1.376,-1.3506,-1.3297,-1.331,-1.3752,-1.4737,-1.6109,-1.7467,-1.8377,-1.8605,-1.8266,-1.7666,-1.7047,-1.6454,-1.573,-1.4706,-1.3368,-1.1846,-1.0265,-0.86587,-0.69748,-0.51807,-0.33715,-0.18055,-0.07749,-0.047147,-0.088083,-0.18079,-0.2984,-0.41325,-0.50142,-0.52895,-0.46072,-0.27455,0.020034,0.37741,0.73246,1.0253,1.2199,1.3035,1.2888,1.2003,1.0663
0.069578,-0.17924,-0.50562,-0.59594,-0.38556,-0.15279,-0.1092,-0.31896,-0.76113,-1.3046,-1.6727,-1.6304,-1.2687,-0.85142,-0.52689,-0.30768,-0.16198,-0.059888,0.015168,0.072439,0.11884,0.15552,0.17398,0.16035,0.10483,0.004557,-0.13691,-0.31352,-0.51442,-0.72392,-0.92062,-1.0818,-1.1938,-1.2537,-1.2758,-1.2826,-1.2918,-1.3068,-1.3201,-1.3298,-1.3517,-1.4097,-1.5174,-1.6622,-1.8034,-1.8958,-1.9154,-1.8741,-1.8051,-1.7357,-1.6712,-1.5982,-1.5008,-1.3743,-1.2256,-1.0628,-0.88607,-0.6934,-0.49015,-0.29616,-0.13985,-0.050316,-0.040254,-0.10041,-0.20502,-0.32321,-0.42729,-0.48916,-0.47852,-0.36683,-0.14183,0.17741,0.54038,0.88288,1.1498,1.3097,1.3576,1.3097,1.193,1.0368
0.037582,-0.15246,-0.449,-0.54447,-0.35506,-0.13582,-0.095455,-0.30858,-0.76842,-1.3517,-1.7614,-1.7217,-1.3195,-0.84756,-0.47083,-0.20454,-0.01727,0.11411,0.1951,0.22686,0.21895,0.18926,0.1551,0.12711,0.10547,0.083706,0.045186,-0.02937,-0.15252,-0.31778,-0.50167,-0.67425,-0.81117,-0.90497,-0.96703,-1.0163,-1.0691,-1.1252,-1.1758,-1.2181,-1.2671,-1.3509,-1.4809,-1.642,-1.7936,-1.8883,-1.9054,-1.859,-1.7829,-1.7042,-1.6312,-1.5533,-1.4554,-1.3304,-1.1792,-1.005,-0.81039,-0.60049,-0.38891,-0.20027,-0.063933,-0.001399,-0.016402,-0.091735,-0.19719,-0.30142,-0.37696,-0.39954,-0.34353,-0.18771,0.069759,0.3999,0.74812,1.0536,1.2692,1.3743,1.3684,1.2739,1.1215,0.94197
0.010174,-0.13001,-0.39295,-0.48397,-0.31371,-0.11009,-0.07154,-0.27631,-0.7241,-1.3014,-1.7144,-1.6788,-1.2738,-0.79123,-0.39644,-0.10922,0.09741,0.24133,0.32212,0.33543,0.29015,0.2136,0.14163,0.10278,0.10741,0.14446,0.18294,0.1846,0.12147,-0.0075074,-0.17843,-0.3562,-0.51065,-0.62957,-0.71933,-0.79615,-0.87247,-0.94713,-1.0122,-1.0668,-1.1311,-1.2284,-1.3724,-1.5451,-1.7028,-1.8002,-1.8173,-1.7694,-1.688,-1.6013,-1.516,-1.4254,-1.3196,-1.1913,-1.0409,-0.86677,-0.67113,-0.46404,-0.26554,-0.10204,0.0032475,0.036441,0.0023806,-0.077637,-0.17392,-0.25745,-0.30564,-0.29371,-0.20129,-0.017336,0.24943,0.56585,0.88124,1.1429,1.3116,1.3688,1.3244,1.2006,1.0278,0.83611
-0.032803,-0.10227,-0.30904,-0.38565,-0.24191,-0.063849,-0.026825,-0.20436,-0.60371,-1.1245,-1.4994,-1.4672,-1.0923,-0.63527,-0.24904,0.040227,0.25252,0.39819,0.46913,0.4548,0.36354,0.23148,0.11373,0.061265,0.099055,0.20991,0.34402,0.43814,0.44959,0.36917,0.2206,0.042188,-0.13398,-0.28575,-0.40879,-0.50977,-0.5978,-0.67668,-0.74405,-0.80592,-0.88016,-0.98817,-1.1371,-1.3089,-1.4625,-1.5567,-1.5717,-1.5187,-1.4275,-1.321,-1.213,-1.1037,-0.9872,-0.85867,-0.7141,-0.55303,-0.38117,-0.21164,-0.064087,0.039925,0.084861,0.070897,0.013848,-0.060224,-0.12623,-0.16661,-0.16602,-0.11296,0.0086441,0.20664,0.46841,0.75728,1.0226,1.217,1.3105,1.301,1.1959,1.0274,0.83009,0.63344
-0.084718,-0.083053,-0.22476,-0.27935,-0.16179,-0.013078,0.025685,-0.11077,-0.4299,-0.84726,-1.1409,-1.1028,-0.78248,-0.38794,-0.047725,0.21196,0.4029,0.52802,0.57463,0.52869,0.39649,0.2187,0.06458,0.0041398,0.070752,0.24273,0.4525,0.62225,0.6965,0.66243,0.54165,0.37014,0.18465,0.010745,-0.13768,-0.25785,-0.35155,-0.42232,-0.47389,-0.52139,-0.58478,-0.68475,-0.82066,-0.97092,-1.0993,-1.1676,-1.1642,-1.1001,-0.99582,-0.87374,-0.74565,-0.61954,-0.49962,-0.38382,-0.26865,-0.14906,-0.028477,0.078915,0.15273,0.17641,0.14744,0.080191,0.0030788,-0.056665,-0.084075,-0.074843,-0.026024,0.06877,0.21961,0.42473,0.66363,0.89973,1.0913,1.2041,1.2202,1.1393,0.98502,0.7877,0.57865,0.38323
-0.13039,-0.077357,-0.16732,-0.20174,-0.10253,0.022446,0.062871,-0.034889,-0.27926,-0.59846,-0.81307,-0.76245,-0.48771,-0.15503,0.13204,0.35092,0.50762,0.60185,0.62037,0.54783,0.38818,0.18275,0.0073218,-0.057623,0.024233,0.23,0.48386,0.70073,0.81682,0.81655,0.71779,0.55562,0.3711,0.1891,0.027384,-0.10721,-0.20758,-0.26931,-0.30063,-0.32166,-0.36187,-0.43773,-0.54843,-0.66969,-0.76502,-0.80524,-0.77942,-0.69812,-0.58046,-0.44625,-0.31056,-0.18385,-0.072344,0.021779,0.10615,0.18274,0.24818,0.29104,0.29593,0.25288,0.16711,0.064153,-0.020842,-0.061235,-0.051403,-0.00079241,0.084245,0.20242,0.35835,0.55076,0.76198,0.95805,1.099,1.1529,1.1068,0.97487,0.7774,0.55299,0.33695,0.15363
-0.19988,-0.084126,-0.10507,-0.10924,-0.034027,0.059108,0.1036,0.062749,-0.070826,-0.24607,-0.34354,-0.26637,-0.051754,0.19131,0.39285,0.53761,0.62942,0.66702,0.63744,0.52559,0.33393,0.10083,-0.097941,-0.17612,-0.087772,0.14552,0.44455,0.71385,0.88438,0.93072,0.86482,0.72097,0.53567,0.34293,0.16595,0.022981,-0.073394,-0.11634,-0.11564,-0.099164,-0.099189,-0.13146,-0.18994,-0.25018,-0.28132,-0.26672,-0.2013,-0.093056,0.041256,0.18883,0.32984,0.44592,0.52643,0.5743,0.59314,0.5939,0.57701,0.53262,0.44793,0.3197,0.16627,0.025357,-0.060744,-0.071619,-0.016865,0.080263,0.20187,0.34387,0.50765,0.68495,0.85305,0.97968,1.0341,0.99761,0.87045,0.66924,0.43166,0.19493,-0.01164,-0.17171
-0.2577,-0.10008,-0.071753,-0.05339,0.0054045,0.074668,0.12257,0.1257,0.077705,0.011748,0.0034761,0.10502,0.28146,0.45809,0.59022,0.67113,0.70458,0.6899,0.61701,0.47329,0.26011,0.011188,-0.20173,-0.29292,-0.20784,0.034359,0.35469,0.65296,0.85809,0.9388,0.903,0.78056,0.60152,0.40401,0.21738,0.069563,-0.021356,-0.049888,-0.025558,0.018183,0.052456,0.058675,0.04839,0.045267,0.071285,0.14192,0.2507,0.38467,0.53241,0.67686,0.80474,0.90017,0.95125,0.95593,0.92346,0.86291,0.77869,0.66639,0.51814,0.33576,0.14302,-0.015775,-0.094288,-0.075913,0.017391,0.14809,0.29148,0.43855,0.58804,0.73516,0.86216,0.94044,0.94073,0.84563,0.65895,0.41151,0.13941,-0.11191,-0.30974,-0.44144
-0.34024,-0.13581,-0.047551,0.00028047,0.036875,0.074222,0.12396,0.18452,0.24693,0.31931,0.42309,0.55995,0.69642,0.79285,0.83448,0.82721,0.77743,0.68619,0.54875,0.35831,0.11642,-0.14955,-0.37583,-0.48067,-0.40604,-0.16503,0.16449,0.48608,0.72457,0.84581,0.85604,0.77241,0.62516,0.43908,0.24842,0.083728,-0.018217,-0.038893,0.01094,0.095715,0.17955,0.24888,0.31231,0.38955,0.49725,0.63841,0.80332,0.97666,1.1431,1.2884,1.396,1.4514,1.447,1.3847,1.2767,1.1358,0.96812,0.77337,0.55132,0.31367,0.091411,-0.065066,-0.11645,-0.061213,0.065952,0.22206,0.37704,0.5229,0.65637,0.76792,0.83766,0.84004,0.7538,0.57245,0.31122,0.0057912,-0.29268,-0.53844,-0.70535,-0.79102
-0.42574,-0.18665,-0.045047,0.025831,0.039316,0.044398,0.093383,0.20449,0.36733,0.56196,0.76377,0.93724,1.0459,1.0759,1.0384,0.94822,0.81623,0.64781,0.44458,0.20505,-0.06764,-0.34934,-0.58415,-0.69687,-0.63701,-0.40924,-0.082672,0.25207,0.51554,0.6737,0.72371,0.68178,0.57155,0.4127,0.23118,0.063015,-0.05044,-0.075509,-0.016576,0.095611,0.22226,0.34997,0.48549,0.64468,0.83499,1.0486,1.2681,1.4761,1.6577,1.798,1.8824,1.8967,1.8346,1.7028,1.517,1.2959,1.0534,0.79537,0.52599,0.26037,0.034686,-0.10289,-0.11924,-0.025016,0.13221,0.30178,0.45415,0.58004,0.67716,0.73856,0.74721,0.68042,0.52036,0.2658,-0.059913,-0.41182,-0.72625,-0.95708,-1.0851,-1.1205
-0.48851,-0.23232,-0.057783,0.025392,0.020772,0.00033458,0.045927,0.18952,0.41771,0.69079,0.95496,1.1535,1.2488,1.2403,1.1533,1.0092,0.82167,0.59931,0.34936,0.075099,-0.21904,-0.51098,-0.75002,-0.86905,-0.82169,-0.60971,-0.29042,0.047599,0.32922,0.51433,0.59462,0.58584,0.50103,0.36398,0.19668,0.037521,-0.075639,-0.10914,-0.055933,0.06007,0.20783,0.37127,0.55507,0.76968,1.0156,1.2793,1.539,1.7734,1.9654,2.0995,2.1609,2.1389,2.0323,1.8503,1.6145,1.3455,1.059,0.76466,0.47287,0.20344,-0.0068012,-0.11434,-0.099867,0.01438,0.17856,0.34548,0.48764,0.59412,0.66395,0.68929,0.65391,0.53768,0.32651,0.023669,-0.3419,-0.71544,-1.0359,-1.2516,-1.3464,-1.338
-0.56595,-0.29954,-0.091942,-0.0010686,-0.034196,-0.090025,-0.054638,0.12338,0.42357,0.78295,1.1153,1.3422,1.427,1.3827,1.2455,1.0444,0.79649,0.51342,0.20792,-0.10864,-0.42592,-0.72324,-0.95901,-1.0785,-1.0418,-0.85084,-0.55321,-0.22636,0.062458,0.27364,0.39719,0.4383,0.40566,0.31149,0.17522,0.027742,-0.090771,-0.14223,-0.10968,-0.0036489,0.15399,0.35003,0.58504,0.85977,1.1655,1.4804,1.7792,2.039,2.24,2.366,2.4017,2.3376,2.1759,1.9343,1.6371,1.3136,0.98693,0.67153,0.37897,0.1286,-0.047718,-0.11839,-0.072992,0.060586,0.23014,0.38827,0.50789,0.58294,0.60984,0.58329,0.49108,0.31788,0.054462,-0.29105,-0.68492,-1.0713,-1.3785,-1.5627,-1.6165,-1.5659
-0.62883,-0.36638,-0.1402,-0.055143,-0.1235,-0.22015,-0.20049,0.00013151,0.35618,0.78165,1.1649,1.4133,1.4924,1.4263,1.2583,1.0213,0.73274,0.40568,0.056739,-0.29381,-0.62556,-0.91521,-1.1302,-1.2317,-1.1934,-1.0186,-0.74872,-0.44457,-0.16507,0.055877,0.2106,0.29803,0.32297,0.28458,0.19376,0.069915,-0.048363,-0.12015,-0.11711,-0.036706,0.10833,0.30993,0.5659,0.8723,1.2125,1.5589,1.8822,2.1564,2.3601,2.4733,2.4815,2.3786,2.1723,1.8839,1.5473,1.1936,0.84893,0.53135,0.2559,0.03996,-0.090633,-0.11635,-0.042073,0.097435,0.25384,0.3874,0.47743,0.51525,0.50101,0.43124,0.29729,0.088094,-0.20224,-0.56393,-0.96247,-1.3369,-1.6246,-1.7792,-1.7957,-1.7058
-0.66192,-0.40993,-0.18159,-0.11091,-0.21141,-0.34158,-0.33948,-0.12977,0.2577,0.72041,1.1306,1.39,1.4668,1.3918,1.2125,0.96333,0.66018,0.31386,-0.05685,-0.42422,-0.7592,-1.0346,-1.2231,-1.2991,-1.2492,-1.0796,-0.82654,-0.54118,-0.27597,-0.058546,0.10503,0.21804,0.27921,0.2851,0.23469,0.14366,0.038014,-0.044257,-0.070427,-0.023338,0.097525,0.28707,0.54085,0.8495,1.1933,1.5432,1.8698,2.1458,2.3465,2.4507,2.4414,2.3133,2.0779,1.7636,1.4068,1.0453,0.70712,0.40866,0.16098,-0.020582,-0.12032,-0.12472,-0.041105,0.096517,0.24178,0.35669,0.42121,0.43216,0.38878,0.2909,0.13382,-0.089901,-0.38353,-0.73624,-1.115,-1.4659,-1.7253,-1.8558,-1.8556,-1.7551
-0.68023,-0.45181,-0.23558,-0.19875,-0.3517,-0.53205,-0.56008,-0.34908,0.065325,0.56147,0.9934,1.2594,1.3348,1.2557,1.0753,0.82868,0.52741,0.17829,-0.20017,-0.57342,-0.90017,-1.146,-1.29,-1.3228,-1.2449,-1.069,-0.82741,-0.5672,-0.32941,-0.13011,0.033687,0.17024,0.27421,0.33266,0.335,0.28611,0.20295,0.11623,0.059366,0.061712,0.13816,0.2918,0.51668,0.79871,1.1161,1.4419,1.7484,2.0085,2.1954,2.2834,2.2541,2.103,1.845,1.5133,1.1504,0.79596,0.47837,0.21353,0.010322,-0.12401,-0.17773,-0.14969,-0.056375,0.067786,0.18378,0.26251,0.29024,0.26416,0.18885,0.067444,-0.10097,-0.32052,-0.59307,-0.90937,-1.2413,-1.5425,-1.7614,-1.864,-1.8494,-1.7457
-0.67043,-0.46506,-0.26879,-0.26979,-0.4697,-0.69252,-0.74878,-0.5461,-0.12261,0.38538,0.82303,1.0893,1.1642,1.0888,0.91861,0.68666,0.40205,0.067476,-0.30046,-0.66361,-0.97346,-1.1909,-1.2976,-1.2943,-1.188,-0.9994,-0.76032,-0.51656,-0.30047,-0.12047,0.037102,0.1824,0.30953,0.39805,0.43424,0.41274,0.34859,0.26587,0.19752,0.17395,0.21539,0.33109,0.51642,0.75709,1.0314,1.3167,1.5884,1.8221,1.9916,2.0661,2.0263,1.8663,1.6018,1.2684,0.91325,0.57614,0.28508,0.05386,-0.11224,-0.21029,-0.23497,-0.19077,-0.096484,0.015496,0.1105,0.16333,0.16229,0.1098,0.01107,-0.12592,-0.29584,-0.49807,-0.73421,-1.0006,-1.279,-1.5343,-1.7208,-1.8094,-1.7949,-1.6986
-0.62247,-0.45151,-0.29655,-0.36294,-0.6358,-0.921,-1.0229,-0.8441,-0.42653,0.079542,0.51163,0.77181,0.84936,0.78974,0.64721,0.45183,0.2067,-0.091424,-0.42811,-0.76224,-1.0386,-1.2122,-1.2655,-1.2074,-1.0586,-0.84686,-0.60602,-0.37808,-0.18759,-0.034015,0.1049,0.24688,0.38614,0.5025,0.57406,0.59042,0.55552,0.48595,0.41131,0.36289,0.36504,0.42709,0.54389,0.70319,0.89153,1.0943,1.2996,1.4871,1.6264,1.686,1.6374,1.4724,1.209,0.88735,0.55523,0.25478,0.0091386,-0.17434,-0.29457,-0.3488,-0.339,-0.27193,-0.17216,-0.075211,-0.012917,-0.002976,-0.047119,-0.14025,-0.26662,-0.41134,-0.56465,-0.72533,-0.89877,-1.089,-1.2889,-1.4768,-1.6181,-1.6855,-1.6725,-1.594
-0.53237,-0.39847,-0.29689,-0.44392,-0.8011,-1.154,-1.3098,-1.1712,-0.7812,-0.29586,0.116,0.36416,0.44847,0.41633,0.31704,0.17373,-0.01638,-0.26109,-0.5495,-0.84009,-1.0725,-1.1976,-1.2003,-1.0941,-0.90824,-0.67227,-0.42492,-0.20311,-0.031777,0.099363,0.21733,0.34729,0.4875,0.61638,0.70572,0.74618,0.73392,0.68385,0.61494,0.55672,0.53196,0.54534,0.5929,0.66329,0.74703,0.8475,0.9629,1.0832,1.1846,1.2273,1.1799,1.0288,0.78711,0.4916,0.19174,-0.073277,-0.27979,-0.41987,-0.49379,-0.50435,-0.45499,-0.36461,-0.26309,-0.18436,-0.15457,-0.1856,-0.27629,-0.40949,-0.56602,-0.72123,-0.85543,-0.96346,-1.057,-1.1551,-1.268,-1.3847,-1.4841,-1.5382,-1.533,-1.473
-0.43824,-0.33173,-0.27555,-0.4913,-0.9158,-1.3238,-1.5248,-1.4263,-1.0703,-0.6137,-0.22543,0.010061,0.10089,0.095649,0.036425,-0.059414,-0.19846,-0.39316,-0.63579,-0.88456,-1.0785,-1.17,-1.145,-1.0168,-0.81263,-0.56135,-0.3035,-0.078278,0.089248,0.2101,0.31775,0.43768,0.57058,0.69226,0.78036,0.82261,0.82177,0.78939,0.73934,0.69174,0.65847,0.64568,0.64407,0.64314,0.64213,0.65179,0.68805,0.75454,0.82849,0.86946,0.83464,0.70106,0.47822,0.20587,-0.070222,-0.30741,-0.48455,-0.59671,-0.64395,-0.62479,-0.5483,-0.4354,-0.32397,-0.25413,-0.25161,-0.32164,-0.45164,-0.62264,-0.80327,-0.96214,-1.0768,-1.1441,-1.1809,-1.214,-1.2622,-1.3271,-1.3882,-1.4222,-1.4151,-1.3679
-0.28221,-0.20891,-0.21731,-0.53119,-1.048,-1.5311,-1.7983,-1.7662,-1.472,-1.0684,-0.72146,-0.50741,-0.40746,-0.37165,-0.3676,-0.38915,-0.45065,-0.56923,-0.74068,-0.92684,-1.0706,-1.1275,-1.0828,-0.94565,-0.72959,-0.46251,-0.18588,0.053314,0.22907,0.34723,0.4439,0.54515,0.65292,0.75036,0.82323,0.86508,0.88277,0.8804,0.86703,0.84409,0.8127,0.76977,0.70456,0.61087,0.49908,0.39278,0.33061,0.33071,0.37481,0.41694,0.40272,0.30132,0.11633,-0.12097,-0.36178,-0.57002,-0.72297,-0.80865,-0.82023,-0.75871,-0.63733,-0.49388,-0.37757,-0.32881,-0.36598,-0.48612,-0.67259,-0.89444,-1.1152,-1.2919,-1.3902,-1.4037,-1.3594,-1.3016,-1.2658,-1.2597,-1.2753,-1.2878,-1.2785,-1.2419
-0.098179,-0.05429,-0.12787,-0.53888,-1.1485,-1.7053,-2.0449,-2.093,-1.8772,-1.5387,-1.2396,-1.0499,-0.94023,-0.85819,-0.78289,-0.72285,-0.70132,-0.74045,-0.83943,-0.96424,-1.0639,-1.0988,-1.0512,-0.91763,-0.70095,-0.42366,-0.12847,0.12915,0.31778,0.44104,0.52818,0.60871,0.68671,0.75531,0.8051,0.84187,0.8731,0.90393,0.92963,0.93794,0.91911,0.85656,0.74313,0.57588,0.36723,0.16273,0.012615,-0.046717,-0.021217,0.035074,0.056718,-0.0027578,-0.15065,-0.35681,-0.57496,-0.76188,-0.89036,-0.94654,-0.92316,-0.82143,-0.66481,-0.49936,-0.38227,-0.35733,-0.44025,-0.62042,-0.8696,-1.1526,-1.419,-1.6161,-1.7036,-1.6751,-1.564,-1.425,-1.3058,-1.2303,-1.1889,-1.1668,-1.1465,-1.1178
0.052833,0.077618,-0.042893,-0.52286,-1.1983,-1.8084,-2.2056,-2.3214,-2.1737,-1.8887,-1.6275,-1.4554,-1.3349,-1.2154,-1.0852,-0.96312,-0.8808,-0.86365,-0.91194,-0.99388,-1.0638,-1.0873,-1.0452,-0.92335,-0.71559,-0.43714,-0.13282,0.13831,0.33844,0.4689,0.556,0.62485,0.68383,0.72659,0.75269,0.77462,0.80872,0.86483,0.92629,0.9711,0.97052,0.90772,0.76797,0.54999,0.27804,0.0038813,-0.20306,-0.29165,-0.26628,-0.18697,-0.13284,-0.16056,-0.28147,-0.46687,-0.66709,-0.83722,-0.94772,-0.98174,-0.93081,-0.80069,-0.62227,-0.45172,-0.34948,-0.35485,-0.47627,-0.69852,-0.99519,-1.3219,-1.6284,-1.852,-1.9405,-1.8836,-1.7231,-1.5272,-1.3533,-1.2255,-1.1487,-1.1014,-1.0649,-1.0287
0.26298,0.26613,0.088287,-0.47455,-1.2289,-1.9054,-2.3805,-2.5959,-2.548,-2.3385,-2.1237,-1.9684,-1.8282,-1.6561,-1.4535,-1.2559,-1.1026,-1.02,-1.0076,-1.0371,-1.0707,-1.0824,-1.0542,-0.96093,-0.77958,-0.51153,-0.20142,0.08736,0.30808,0.45506,0.54778,0.6053,0.63274,0.63196,0.61773,0.61844,0.66479,0.76176,0.88398,0.98132,1.0098,0.94176,0.76543,0.48834,0.14641,-0.19381,-0.44581,-0.5493,-0.50911,-0.39377,-0.29526,-0.27924,-0.36339,-0.52121,-0.69945,-0.84782,-0.93006,-0.92766,-0.8382,-0.67886,-0.48937,-0.32942,-0.25686,-0.30666,-0.48366,-0.76921,-1.1291,-1.5214,-1.8837,-2.1425,-2.237,-2.1538,-1.9393,-1.6718,-1.4213,-1.2261,-1.091,-1.0062,-0.95444,-0.92108
0.42168,0.41123,0.19606,-0.42078,-1.2261,-1.9478,-2.4809,-2.7747,-2.8059,-2.6556,-2.4687,-2.3169,-2.1566,-1.9432,-1.6915,-1.447,-1.251,-1.1286,-1.0775,-1.071,-1.0793,-1.0843,-1.0701,-1.0054,-0.85289,-0.60211,-0.29314,0.0067669,0.24516,0.40738,0.50732,0.55827,0.56352,0.53124,0.48637,0.47134,0.52589,0.65394,0.81867,0.95224,1.0015,0.93154,0.7354,0.42653,0.045724,-0.32715,-0.59876,-0.70259,-0.64265,-0.49518,-0.36086,-0.31296,-0.37235,-0.5098,-0.67002,-0.79502,-0.84683,-0.81114,-0.69366,-0.51932,-0.33354,-0.19589,-0.15934,-0.2523,-0.47403,-0.80304,-1.2073,-1.6393,-2.0372,-2.3215,-2.4233,-2.3252,-2.0779,-1.7678,-1.4711,-1.2303,-1.0588,-0.94499,-0.8736,-0.83163
0.6279,0.60281,0.34485,-0.33079,-1.1912,-1.9666,-2.575,-2.9737,-3.1129,-3.0356,-2.8759,-2.7133,-2.519,-2.2555,-1.9503,-1.6594,-1.4234,-1.2607,-1.1659,-1.1166,-1.0932,-1.0895,-1.0949,-1.0723,-0.96533,-0.74641,-0.44696,-0.13791,0.11905,0.30033,0.411,0.45773,0.44387,0.37927,0.2975,0.2568,0.30985,0.46956,0.67993,0.85979,0.93629,0.87582,0.66735,0.32753,-0.090037,-0.4975,-0.78449,-0.87574,-0.78151,-0.58871,-0.40775,-0.31681,-0.33785,-0.44143,-0.56745,-0.65546,-0.66623,-0.58961,-0.44107,-0.25632,-0.087101,0.011687,-0.003862,-0.15335,-0.43076,-0.81251,-1.2639,-1.7412,-2.1774,-2.4881,-2.5985,-2.4873,-2.2055,-1.8453,-1.4929,-1.2001,-0.98616,-0.84614,-0.7649,-0.72567
0.82057,0.78448,0.49222,-0.22629,-1.1277,-1.9486,-2.6262,-3.1251,-3.3688,-3.3562,-3.2051,-3.0148,-2.781,-2.4809,-2.1456,-1.8298,-1.571,-1.3813,-1.2516,-1.1634,-1.108,-1.0921,-1.1121,-1.1266,-1.0679,-0.88996,-0.61174,-0.30427,-0.035926,0.1632,0.28811,0.33802,0.3111,0.21762,0.099991,0.031137,0.079754,0.26114,0.50992,0.72522,0.82354,0.76586,0.5443,0.18294,-0.25553,-0.67207,-0.94929,-1.0148,-0.88572,-0.6544,-0.43338,-0.30097,-0.28083,-0.34508,-0.43286,-0.48119,-0.44984,-0.33336,-0.15752,0.031244,0.17913,0.23498,0.16588,-0.036432,-0.35855,-0.77484,-1.2541,-1.7521,-2.2052,-2.5287,-2.6444,-2.527,-2.2259,-1.8363,-1.4497,-1.1265,-0.88697,-0.73167,-0.64646,-0.61295
0.95263,0.91087,0.59874,-0.14251,-1.0667,-1.9163,-2.6405,-3.2076,-3.523,-3.5497,-3.3926,-3.1719,-2.9098,-2.5949,-2.2546,-1.9352,-1.67,-1.4678,-1.3159,-1.1982,-1.1161,-1.0859,-1.1093,-1.1449,-1.1214,-0.98038,-0.7284,-0.4309,-0.1576,0.053684,0.19105,0.24676,0.21228,0.10036,-0.040037,-0.1286,-0.086516,0.099353,0.36395,0.59273,0.70074,0.64203,0.41505,0.049233,-0.39093,-0.79887,-1.0606,-1.1072,-0.9568,-0.70077,-0.45118,-0.28792,-0.23678,-0.27015,-0.32899,-0.3485,-0.28867,-0.14715,0.044525,0.23392,0.36709,0.39636,0.29633,0.066404,-0.27558,-0.70368,-1.1883,-1.688,-2.1405,-2.4614,-2.5734,-2.452,-2.1475,-1.7548,-1.3649,-1.0361,-0.79474,-0.6392,-0.55561,-0.52629
1.1085,1.063,0.73154,-0.028736,-0.97321,-1.8541,-2.6318,-3.2764,-3.6722,-3.7357,-3.5559,-3.2893,-2.9995,-2.6859,-2.3621,-2.0573,-1.7959,-1.5815,-1.4003,-1.2412,-1.1172,-1.0576,-1.0732,-1.1275,-1.1452,-1.0562,-0.84907,-0.5766,-0.30923,-0.092508,0.054337,0.11815,0.087609,-0.02753,-0.18322,-0.29668,-0.28614,-0.12105,0.1318,0.36311,0.47749,0.42911,0.21288,-0.14217,-0.56638,-0.95363,-1.1926,-1.2164,-1.0435,-0.76401,-0.48454,-0.28524,-0.195,-0.19078,-0.21325,-0.19836,-0.10594,0.063341,0.27235,0.46494,0.58525,0.59297,0.47093,0.22544,-0.12172,-0.54383,-1.0133,-1.4917,-1.9214,-2.2252,-2.3326,-2.2207,-1.9341,-1.56,-1.1852,-0.87149,-0.64083,-0.49772,-0.42996,-0.41921
1.2092,1.1634,0.8234,0.056358,-0.89664,-1.7958,-2.6056,-3.2952,-3.7349,-3.8131,-3.6108,-3.3136,-3.0165,-2.7213,-2.4253,-2.1424,-1.8888,-1.6658,-1.4613,-1.2688,-1.1092,-1.0212,-1.0227,-1.0816,-1.122,-1.0681,-0.89729,-0.65326,-0.40325,-0.19373,-0.045875,0.024277,0.0036027,-0.10589,-0.26643,-0.39995,-0.41937,-0.2834,-0.047709,0.17798,0.29155,0.24691,0.036279,-0.30642,-0.70575,-1.0634,-1.2714,-1.2732,-1.0917,-0.80283,-0.51148,-0.29527,-0.18423,-0.15702,-0.15976,-0.12501,-0.012269,0.17632,0.40046,0.6011,0.7226,0.72662,0.6016,0.3595,0.024787,-0.3767,-0.82039,-1.2709,-1.6744,-1.959,-2.0605,-1.9597,-1.6982,-1.3559,-1.0132,-0.7247,-0.51795,-0.39489,-0.3437,-0.34674
1.3212,1.2789,0.93576,0.16885,-0.7879,-1.7043,-2.5427,-3.2711,-3.7435,-3.8249,-3.5945,-3.2734,-2.9892,-2.7414,-2.4987,-2.2525,-2.0101,-1.7729,-1.533,-1.293,-1.0849,-0.95598,-0.93046,-0.98141,-1.0361,-1.018,-0.89619,-0.70202,-0.49208,-0.30723,-0.16896,-0.094518,-0.1038,-0.20232,-0.36088,-0.50983,-0.56193,-0.47059,-0.27397,-0.077983,0.02087,-0.027131,-0.22173,-0.52461,-0.8677,-1.1606,-1.3229,-1.311,-1.1341,-0.8578,-0.56472,-0.33056,-0.19441,-0.14643,-0.13098,-0.083604,0.042712,0.24986,0.49559,0.71634,0.85398,0.87371,0.76865,0.55444,0.25646,-0.10103,-0.49632,-0.89819,-1.2599,-1.5194,-1.622,-1.5509,-1.3397,-1.0554,-0.76758,-0.52847,-0.35966,-0.26655,-0.24005,-0.26456
1.4072,1.3746,1.0381,0.28073,-0.67166,-1.5954,-2.4455,-3.1833,-3.6588,-3.7304,-3.4853,-3.1685,-2.9253,-2.7459,-2.5699,-2.3647,-2.1292,-1.8692,-1.5877,-1.2994,-1.0452,-0.87563,-0.816,-0.84353,-0.89455,-0.89976,-0.82582,-0.69152,-0.53803,-0.39697,-0.28466,-0.21684,-0.21729,-0.29669,-0.43852,-0.58582,-0.66386,-0.62048,-0.47905,-0.32494,-0.24774,-0.29368,-0.46193,-0.71577,-0.99091,-1.2163,-1.331,-1.3024,-1.139,-0.88331,-0.60743,-0.38203,-0.2472,-0.1951,-0.17847,-0.12692,0.010016,0.2363,0.50873,0.76103,0.93227,0.98674,0.91948,0.74849,0.4998,0.19582,-0.14457,-0.49593,-0.818,-1.0571,-1.1658,-1.1287,-0.97311,-0.75517,-0.53382,-0.35068,-0.23047,-0.17458,-0.17412,-0.2155
1.4554,1.4349,1.1104,0.3662,-0.57848,-1.5011,-2.3476,-3.0734,-3.5325,-3.5931,-3.3511,-3.0582,-2.8622,-2.744,-2.6228,-2.448,-2.2128,-1.9296,-1.6133,-1.2898,-1.0046,-0.80729,-0.72074,-0.72454,-0.76319,-0.77699,-0.73552,-0.64978,-0.54951,-0.45453,-0.37259,-0.31585,-0.30864,-0.36983,-0.49357,-0.6348,-0.72493,-0.70904,-0.59968,-0.4724,-0.41259,-0.46302,-0.61962,-0.84032,-1.0628,-1.2307,-1.3021,-1.2614,-1.1148,-0.89066,-0.64396,-0.43532,-0.30656,-0.26081,-0.24905,-0.20372,-0.068687,0.1666,0.46082,0.74379,0.95003,1.042,1.013,0.88056,0.67066,0.40619,0.10509,-0.21007,-0.50328,-0.72918,-0.84736,-0.84255,-0.73437,-0.56816,-0.39479,-0.25518,-0.16611,-0.13272,-0.14846,-0.20172
1.4998,1.5034,1.2039,0.48435,-0.44363,-1.3555,-2.182,-2.8682,-3.2854,-3.3305,-3.1121,-2.8767,-2.7618,-2.734,-2.6877,-2.5498,-2.3073,-1.9853,-1.6204,-1.2542,-0.93528,-0.707,-0.58684,-0.55549,-0.57033,-0.58563,-0.58074,-0.56066,-0.5406,-0.52058,-0.49069,-0.45613,-0.44134,-0.47961,-0.57644,-0.70112,-0.78759,-0.7842,-0.69669,-0.59881,-0.56567,-0.63374,-0.78261,-0.96079,-1.1164,-1.211,-1.2354,-1.1889,-1.0699,-0.88957,-0.68131,-0.50098,-0.39641,-0.37344,-0.3904,-0.36878,-0.23998,0.012123,0.34166,0.67086,0.92654,1.0671,1.0876,1.0071,0.85136,0.63983,0.38724,0.11245,-0.1552,-0.37458,-0.50794,-0.53972,-0.48533,-0.38245,-0.27276,-0.18483,-0.13932,-0.13592,-0.16795,-0.22613
1.5246,1.5631,1.2974,0.6108,-0.29514,-1.1858,-1.974,-2.6003,-2.9595,-2.9924,-2.8193,-2.6643,-2.6457,-2.7115,-2.7352,-2.625,-2.3658,-2.0008,-1.5904,-1.1904,-0.84863,-0.59957,-0.45289,-0.39029,-0.37863,-0.38853,-0.41014,-0.44988,-0.50934,-0.57035,-0.60511,-0.60368,-0.59185,-0.60769,-0.67148,-0.76027,-0.82171,-0.80812,-0.7294,-0.64987,-0.6391,-0.72004,-0.86626,-1.0215,-1.1317,-1.1784,-1.167,-1.1096,-1.0101,-0.86833,-0.70598,-0.56774,-0.4982,-0.50952,-0.55775,-0.56341,-0.44931,-0.19082,0.16691,0.53856,0.84281,1.033,1.1009,1.0649,0.95145,0.78116,0.56764,0.32674,0.082894,-0.13065,-0.2818,-0.35382,-0.35362,-0.30775,-0.24923,-0.20451,-0.18673,-0.19984,-0.23942,-0.29788
1.5334,1.6052,1.3708,0.71285,-0.17315,-1.0429,-1.794,-2.3666,-2.6781,-2.7041,-2.5732,-2.4877,-2.5442,-2.6782,-2.7485,-2.6512,-2.3764,-1.9821,-1.5443,-1.127,-0.77621,-0.51814,-0.35629,-0.27347,-0.2426,-0.24636,-0.28304,-0.36289,-0.47883,-0.60032,-0.68461,-0.71037,-0.70187,-0.70212,-0.7405,-0.80033,-0.83526,-0.80119,-0.71351,-0.63675,-0.63805,-0.73422,-0.88991,-1.041,-1.1336,-1.1518,-1.1172,-1.053,-0.96314,-0.84618,-0.71396,-0.60549,-0.56507,-0.60568,-0.684,-0.71589,-0.61663,-0.35657,0.017702,0.41461,0.74734,0.96577,1.0608,1.0513,0.96392,0.8188,0.62927,0.40719,0.17449,-0.038146,-0.20056,-0.2964,-0.33028,-0.32332,-0.30124,-0.28287,-0.28186,-0.29882,-0.3316,-0.3772
1.5359,1.6613,1.4769,0.86056,0.0033374,-0.8351,-1.531,-2.0265,-2.2745,-2.294,-2.2229,-2.2321,-2.3871,-2.6027,-2.7225,-2.6366,-2.342,-1.9158,-1.453,-1.0253,-0.67275,-0.41045,-0.23438,-0.12863,-0.07415,-0.068103,-0.12194,-0.24876,-0.43454,-0.63088,-0.77416,-0.83069,-0.82283,-0.80476,-0.81319,-0.84087,-0.83849,-0.76914,-0.65165,-0.56429,-0.57444,-0.69412,-0.87517,-1.0397,-1.1277,-1.1293,-1.0766,-1.0023,-0.91635,-0.81516,-0.70914,-0.63456,-0.63272,-0.71252,-0.83155,-0.89818,-0.82075,-0.56595,-0.18273,0.23175,0.58506,0.82449,0.94091,0.95403,0.89105,0.77183,0.60761,0.40744,0.1881,-0.024997,-0.20474,-0.33334,-0.40924,-0.44511,-0.45899,-0.46519,-0.4721,-0.4841,-0.50216,-0.5264
1.5337,1.7062,1.5641,0.97982,0.14443,-0.67014,-1.3235,-1.7622,-1.9652,-1.9821,-1.9538,-2.0297,-2.2511,-2.5179,-2.6665,-2.586,-2.2791,-1.8361,-1.364,-0.93755,-0.59186,-0.33394,-0.15321,-0.032852,0.038154,0.053296,-0.0092175,-0.16444,-0.39493,-0.63922,-0.81947,-0.89428,-0.88538,-0.85351,-0.84115,-0.84379,-0.8154,-0.72222,-0.58924,-0.49631,-0.51124,-0.64316,-0.84105,-1.0219,-1.1189,-1.121,-1.0617,-0.97934,-0.88905,-0.79253,-0.69996,-0.64431,-0.66354,-0.76807,-0.90955,-0.99969,-0.94397,-0.70415,-0.32727,0.086389,0.44212,0.68507,0.80629,0.82704,0.77556,0.67091,0.52097,0.33374,0.12213,-0.091398,-0.28195,-0.43199,-0.53702,-0.60347,-0.64167,-0.66073,-0.66729,-0.66481,-0.65876,-0.65521
1.5292,1.772,1.691,1.1489,0.34022,-0.4451,-1.0455,-1.4137,-1.5632,-1.5765,-1.5975,-1.7505,-2.0446,-2.364,-2.5427,-2.4685,-2.1518,-1.6969,-1.2224,-0.80677,-0.47965,-0.23708,-0.059196,0.073439,0.16374,0.19308,0.12769,-0.052118,-0.32514,-0.61647,-0.8335,-0.92373,-0.91071,-0.8605,-0.82416,-0.79754,-0.74316,-0.63068,-0.4928,-0.40426,-0.42859,-0.57358,-0.78749,-0.98773,-1.1039,-1.1168,-1.0571,-0.96502,-0.86312,-0.75887,-0.66997,-0.63053,-0.67487,-0.8062,-0.9781,-1.0968,-1.0677,-0.85346,-0.50111,-0.10976,0.22846,0.4606,0.57897,0.60444,0.56362,0.47325,0.3387,0.1635,-0.042177,-0.25971,-0.46647,-0.64387,-0.78267,-0.88201,-0.94455,-0.9722,-0.96977,-0.94308,-0.90137,-0.85516
1.5271,1.846,1.8285,1.3265,0.53832,-0.22233,-0.7784,-1.0874,-1.1917,-1.2001,-1.259,-1.4684,-1.813,-2.1666,-2.3626,-2.2982,-1.9872,-1.5374,-1.073,-0.67563,-0.37204,-0.15016,0.017992,0.15543,0.26095,0.30621,0.2485,0.060678,-0.23204,-0.54772,-0.7798,-0.87162,-0.84797,-0.7828,-0.72828,-0.68837,-0.62562,-0.51539,-0.38808,-0.31477,-0.35401,-0.50979,-0.73353,-0.94645,-1.0788,-1.1078,-1.0565,-0.96102,-0.84676,-0.73049,-0.63574,-0.59947,-0.65458,-0.80406,-0.99574,-1.1406,-1.1461,-0.97322,-0.66431,-0.31173,-0.0070166,0.20214,0.31097,0.34043,0.31278,0.23789,0.11572,-0.052019,-0.25748,-0.48251,-0.7056,-0.90882,-1.0805,-1.2127,-1.2975,-1.3287,-1.3069,-1.2416,-1.1507,-1.0539
1.5289,1.9068,1.9365,1.4615,0.68429,-0.063983,-0.59307,-0.86587,-0.94208,-0.94637,-1.0244,-1.2629,-1.6313,-1.9971,-2.1992,-2.1438,-1.8472,-1.4147,-0.96751,-0.58721,-0.30066,-0.093591,0.066164,0.20437,0.3192,0.37775,0.33085,0.14825,-0.14588,-0.46408,-0.6966,-0.78352,-0.75116,-0.67381,-0.60634,-0.55678,-0.49467,-0.40232,-0.30032,-0.25259,-0.3084,-0.47146,-0.69778,-0.91319,-1.0519,-1.0904,-1.045,-0.9488,-0.82844,-0.70218,-0.59971,-0.56172,-0.62192,-0.77906,-0.98763,-1.1566,-1.1942,-1.0603,-0.79191,-0.47765,-0.19833,-0.0023649,0.10425,0.13909,0.12044,0.054979,-0.059397,-0.2241,-0.42986,-0.66012,-0.89516,-1.1177,-1.3138,-1.4699,-1.57,-1.6008,-1.5607,-1.4638,-1.3349,-1.1995
1.5373,1.9935,2.0831,1.6381,0.86811,0.12882,-0.37425,-0.61011,-0.65616,-0.65288,-0.74603,-1.0084,-1.3938,-1.7625,-1.9661,-1.9238,-1.6562,-1.2594,-0.84506,-0.49095,-0.22491,-0.033996,0.11536,0.25249,0.37698,0.45363,0.42838,0.26671,-0.0093181,-0.31156,-0.53134,-0.60615,-0.55998,-0.46393,-0.37812,-0.31525,-0.26391,-0.21025,-0.17144,-0.18243,-0.27195,-0.43848,-0.64678,-0.84325,-0.97824,-1.0272,-0.9976,-0.9111,-0.78846,-0.65624,-0.54681,-0.50304,-0.5604,-0.7245,-0.94744,-1.1491,-1.2402,-1.1739,-0.97419,-0.71566,-0.47541,-0.29615,-0.18404,-0.12755,-0.11943,-0.16362,-0.26824,-0.43082,-0.64253,-0.88484,-1.1379,-1.385,-1.6109,-1.7962,-1.9149,-1.9436,-1.8781,-1.7373,-1.5549,-1.3656
1.549,2.0606,2.1913,1.7639,0.99414,0.25541,-0.23606,-0.45154,-0.47997,-0.46923,-0.56581,-0.83547,-1.2242,-1.5907,-1.7936,-1.7628,-1.5214,-1.1566,-0.77021,-0.43641,-0.18436,-0.0035699,0.13904,0.27362,0.40395,0.49479,0.49042,0.3539,0.10493,-0.1734,-0.37239,-0.4324,-0.37514,-0.26965,-0.17255,-0.10603,-0.065786,-0.045685,-0.057024,-0.11732,-0.23749,-0.40723,-0.59725,-0.77036,-0.89282,-0.94744,-0.93387,-0.86073,-0.74403,-0.6066,-0.48914,-0.44048,-0.49812,-0.66561,-0.90395,-1.1347,-1.2719,-1.2643,-1.124,-0.91345,-0.69824,-0.52034,-0.39116,-0.30948,-0.27851,-0.30812,-0.40647,-0.57038,-0.78564,-1.033,-1.295,-1.5578,-1.8059,-2.0137,-2.1454,-2.171,-2.083,-1.9066,-1.6854,-1.4615
1.5711,2.1496,2.3277,1.9176,1.1408,0.3937,-0.09206,-0.28911,-0.29747,-0.27447,-0.36605,-0.63438,-1.0194,-1.3799,-1.583,-1.5707,-1.3656,-1.0446,-0.69682,-0.39043,-0.15638,0.011731,0.14555,0.27776,0.4174,0.53174,0.56312,0.4699,0.26579,0.028895,-0.13738,-0.17561,-0.10391,0.014953,0.12575,0.19897,0.22626,0.20295,0.12805,0.0033708,-0.15732,-0.33251,-0.49869,-0.63678,-0.73633,-0.79091,-0.79647,-0.74847,-0.64808,-0.51748,-0.39736,-0.3417,-0.3938,-0.56393,-0.81907,-1.0904,-1.295,-1.374,-1.3214,-1.1779,-0.99806,-0.82045,-0.66277,-0.5386,-0.46803,-0.47201,-0.56155,-0.72596,-0.94803,-1.2048,-1.478,-1.7553,-2.0214,-2.2466,-2.387,-2.4035,-2.2878,-2.0725,-1.8094,-1.5461
1.5994,2.2336,2.4494,2.0483,1.2569,0.49209,0.0015745,-0.18691,-0.17893,-0.1393,-0.2183,-0.47528,-0.84834,-1.1999,-1.4046,-1.4106,-1.2413,-0.96421,-0.65606,-0.37776,-0.16113,-0.0042974,0.12241,0.25589,0.40841,0.55008,0.62208,0.5788,0.42861,0.24239,0.11283,0.094197,0.17538,0.30454,0.42982,0.51534,0.5373,0.48105,0.34791,0.16289,-0.034405,-0.2071,-0.34154,-0.44277,-0.52114,-0.58139,-0.61004,-0.5892,-0.51167,-0.39218,-0.27587,-0.21857,-0.26579,-0.43542,-0.70081,-1.0065,-1.2786,-1.4522,-1.4979,-1.4286,-1.284,-1.0986,-0.90571,-0.74048,-0.63899,-0.62727,-0.71046,-0.8784,-1.1032,-1.3592,-1.6306,-1.9092,-2.1813,-2.4133,-2.5526,-2.5526,-2.4081,-2.1571,-1.8599,-1.5692
1.6227,2.2906,2.5277,2.1283,1.3212,0.53701,0.037314,-0.14888,-0.1302,-0.076097,-0.14143,-0.38563,-0.74616,-1.0896,-1.2956,-1.3154,-1.1728,-0.92928,-0.65153,-0.39385,-0.18801,-0.035718,0.090103,0.22722,0.38997,0.55162,0.6547,0.65213,0.54757,0.40283,0.30156,0.29526,0.37946,0.5127,0.6474,0.74409,0.76875,0.69862,0.53441,0.31361,0.095247,-0.075132,-0.18623,-0.25995,-0.32422,-0.38853,-0.43846,-0.44542,-0.39098,-0.28452,-0.17009,-0.10883,-0.1522,-0.31965,-0.5963,-0.92813,-1.2432,-1.474,-1.5813,-1.5652,-1.4494,-1.2711,-1.0691,-0.8876,-0.77116,-0.75032,-0.83189,-0.99747,-1.2188,-1.4692,-1.7341,-2.0073,-2.2747,-2.4997,-2.6254,-2.6067,-2.4376,-2.1642,-1.8505,-1.5491
1.6542,2.3544,2.6105,2.2081,1.3745,0.55867,0.038938,-0.1484,-0.11618,-0.040466,-0.081235,-0.30294,-0.64508,-0.97694,-1.1839,-1.2231,-1.1162,-0.91674,-0.67968,-0.44855,-0.25209,-0.097918,0.033535,0.17801,0.35379,0.54111,0.6868,0.74114,0.69885,0.60816,0.54037,0.54617,0.6315,0.76728,0.91204,1.0212,1.0534,0.97773,0.79603,0.55364,0.32239,0.15718,0.064976,0.012528,-0.042156,-0.11409,-0.18849,-0.23027,-0.20798,-0.12699,-0.024922,0.036937,0.0018261,-0.16104,-0.43826,-0.78888,-1.1464,-1.4402,-1.619,-1.6656,-1.5941,-1.4371,-1.2408,-1.0606,-0.94773,-0.93269,-1.0164,-1.1805,-1.3925,-1.6263,-1.8696,-2.1189,-2.3615,-2.5604,-2.6579,-2.6052,-2.4087,-2.113,-1.7828,-1.4712
1.6821,2.3996,2.665,2.2536,1.3891,0.53537,-0.010234,-0.20241,-0.15619,-0.054849,-0.065249,-0.25902,-0.58208,-0.9032,-1.1119,-1.1676,-1.0926,-0.93379,-0.73486,-0.52791,-0.33775,-0.17753,-0.035976,0.1182,0.30912,0.52219,0.70798,0.81607,0.83263,0.7929,0.75462,0.76773,0.84788,0.98132,1.1322,1.257,1.3044,1.2369,1.0537,0.80589,0.57364,0.41758,0.33935,0.29549,0.2396,0.14887,0.046466,-0.024943,-0.033181,0.030971,0.12305,0.17909,0.1415,-0.018131,-0.29731,-0.65277,-1.023,-1.3418,-1.5571,-1.6458,-1.6173,-1.503,-1.3493,-1.2092,-1.1294,-1.1354,-1.2273,-1.3823,-1.5723,-1.7774,-1.9912,-2.2116,-2.4219,-2.5796,-2.6277,-2.5307,-2.2973,-1.9834,-1.6521,-1.3498
1.6981,2.419,2.6849,2.2633,1.3734,0.48793,-0.079992,-0.2774,-0.21953,-0.094923,-0.077917,-0.24727,-0.55478,-0.871,-1.0829,-1.1487,-1.0927,-0.95919,-0.78465,-0.59464,-0.41074,-0.24692,-0.096187,0.068941,0.2727,0.50431,0.71755,0.86105,0.91776,0.91242,0.89614,0.91388,0.98671,1.1118,1.2628,1.3968,1.4583,1.4038,1.2278,0.98232,0.75285,0.60071,0.5292,0.49019,0.43016,0.32927,0.20637,0.10742,0.07555,0.11816,0.20065,0.25811,0.22704,0.071652,-0.20269,-0.5576,-0.92943,-1.2499,-1.4689,-1.5693,-1.5651,-1.49,-1.3848,-1.2929,-1.2522,-1.283,-1.3827,-1.5306,-1.7036,-1.8859,-2.0735,-2.2639,-2.4389,-2.5565,-2.564,-2.4311,-2.1772,-1.8558,-1.5257,-1.2296
1.7098,2.4228,2.6814,2.2422,1.3171,0.38586,-0.21494,-0.41978,-0.34382,-0.18242,-0.12189,-0.25449,-0.54131,-0.85436,-1.0735,-1.152,-1.1118,-0.99865,-0.84772,-0.67865,-0.50621,-0.34158,-0.18057,-0.00075966,0.22068,0.47621,0.72139,0.9066,1.0073,1.039,1.0457,1.0667,1.1296,1.2414,1.3877,1.5265,1.6026,1.5659,1.4095,1.1805,0.96157,0.81323,0.73831,0.69035,0.61644,0.49662,0.35049,0.22603,0.17053,0.19474,0.26539,0.31691,0.28509,0.13293,-0.13259,-0.47232,-0.82412,-1.123,-1.3242,-1.4203,-1.4342,-1.4043,-1.3674,-1.3531,-1.3806,-1.456,-1.5713,-1.708,-1.8495,-1.9908,-2.1362,-2.285,-2.4156,-2.4819,-2.4343,-2.2538,-1.972,-1.6434,-1.3231,-1.0473
1.7101,2.4074,2.6551,2.2011,1.2486,0.28289,-0.34491,-0.55611,-0.46454,-0.27202,-0.17416,-0.27561,-0.54564,-0.85655,-1.0819,-1.168,-1.1328,-1.0258,-0.88646,-0.73237,-0.57219,-0.41273,-0.24936,-0.060642,0.17382,0.44683,0.7161,0.92888,1.0564,1.1088,1.1233,1.1415,1.1963,1.3006,1.4438,1.5839,1.6656,1.6389,1.4952,1.2803,1.0702,0.92503,0.8428,0.77974,0.69025,0.55175,0.39,0.25364,0.18528,0.20465,0.27284,0.32219,0.2877,0.13808,-0.12463,-0.45233,-0.77996,-1.0465,-1.2177,-1.2962,-1.315,-1.3136,-1.3226,-1.3605,-1.4346,-1.5412,-1.6655,-1.7928,-1.9145,-2.0325,-2.153,-2.2725,-2.3654,-2.3867,-2.2953,-2.0844,-1.7868,-1.4599,-1.1534,-0.89708
1.6962,2.3617,2.5891,2.114,1.1261,0.11409,-0.5519,-0.77257,-0.65925,-0.42198,-0.27024,-0.32449,-0.56679,-0.87265,-1.1035,-1.1938,-1.1578,-1.051,-0.92039,-0.78548,-0.64758,-0.50348,-0.34377,-0.14829,0.099527,0.39049,0.68479,0.92738,1.0847,1.1596,1.1795,1.1901,1.2301,1.3239,1.461,1.6048,1.6924,1.6754,1.5398,1.332,1.1263,0.97605,0.88249,0.80336,0.69321,0.53758,0.35698,0.20108,0.12155,0.12979,0.19579,0.25073,0.22576,0.083261,-0.16303,-0.46871,-0.76562,-0.99172,-1.1183,-1.1624,-1.166,-1.1774,-1.2267,-1.3211,-1.4498,-1.5923,-1.7275,-1.8421,-1.9358,-2.02,-2.1056,-2.1878,-2.2376,-2.2103,-2.0726,-1.828,-1.5209,-1.2033,-0.91885,-0.69131
1.6647,2.2883,2.4908,1.9936,0.97318,-0.083347,-0.78851,-1.0222,-0.88935,-0.60699,-0.39695,-0.39652,-0.60342,-0.89618,-1.1262,-1.2128,-1.1681,-1.0546,-0.92935,-0.81512,-0.70704,-0.58958,-0.44383,-0.25035,0.0038312,0.30517,0.61338,0.87596,1.0565,1.149,1.1786,1.1864,1.2148,1.2929,1.4191,1.5549,1.6419,1.6273,1.5012,1.3014,1.0958,0.93188,0.81191,0.70205,0.56517,0.38873,0.19683,0.038685,-0.039365,-0.019877,0.056597,0.11718,0.095153,-0.038018,-0.27192,-0.5498,-0.80425,-0.98139,-1.0633,-1.0703,-1.0551,-1.0647,-1.1268,-1.2434,-1.3961,-1.5556,-1.6958,-1.8006,-1.8781,-1.9434,-2.006,-2.056,-2.0613,-1.9832,-1.8026,-1.5379,-1.2316,-0.93581,-0.6845,-0.49239
1.6292,2.2156,2.3978,1.885,0.84331,-0.24385,-0.97783,-1.224,-1.0811,-0.76679,-0.51026,-0.46339,-0.63737,-0.91343,-1.1376,-1.2177,-1.1622,-1.0395,-0.91604,-0.81933,-0.74061,-0.65404,-0.5303,-0.34614,-0.091118,0.21679,0.53411,0.80745,0.99859,1.0985,1.1323,1.1396,1.166,1.2397,1.3605,1.488,1.5675,1.5483,1.4216,1.2222,1.0116,0.83417,0.69154,0.55577,0.39653,0.20528,0.0080859,-0.14805,-0.2177,-0.18786,-0.097892,-0.020703,-0.025698,-0.14559,-0.36249,-0.62418,-0.86,-1.0127,-1.0644,-1.0449,-1.0032,-0.99305,-1.0461,-1.1647,-1.3262,-1.4949,-1.6372,-1.7402,-1.8072,-1.8547,-1.8939,-1.9165,-1.893,-1.7892,-1.5912,-1.3199,-1.0233,-0.74468,-0.51476,-0.34644
1.5676,2.0985,2.2514,1.7216,0.65695,-0.46363,-1.2331,-1.5013,-1.3542,-1.0025,-0.68299,-0.56775,-0.68748,-0.93282,-1.1428,-1.2099,-1.1352,-0.99421,-0.86836,-0.79689,-0.76883,-0.74152,-0.66589,-0.50675,-0.25631,0.060136,0.39065,0.6759,0.87382,0.97753,1.0109,1.0193,1.0508,1.1319,1.2541,1.3775,1.4446,1.4122,1.2702,1.0572,0.83041,0.6312,0.46101,0.29387,0.10541,-0.10592,-0.31102,-0.4584,-0.50379,-0.44267,-0.32282,-0.22345,-0.21168,-0.31332,-0.50844,-0.73971,-0.9405,-1.0601,-1.0834,-1.0344,-0.96612,-0.92939,-0.95862,-1.0602,-1.2132,-1.3799,-1.5225,-1.6225,-1.6819,-1.7153,-1.7314,-1.7207,-1.657,-1.516,-1.2964,-1.027,-0.74885,-0.50255,-0.31029,-0.1782
1.492,1.9628,2.0855,1.5432,0.46489,-0.67794,-1.4762,-1.7713,-1.6324,-1.2543,-0.8757,-0.68728,-0.74349,-0.94898,-1.1368,-1.1853,-1.0853,-0.91892,-0.78554,-0.74017,-0.77314,-0.82499,-0.81994,-0.70328,-0.46628,-0.14511,0.19651,0.49125,0.69447,0.79988,0.83541,0.85306,0.8986,0.99598,1.1284,1.252,1.3092,1.2605,1.1016,0.87128,0.6243,0.39593,0.18762,-0.019492,-0.23988,-0.46567,-0.66331,-0.78492,-0.79291,-0.69363,-0.5409,-0.41425,-0.37884,-0.45908,-0.62923,-0.83565,-1.0127,-1.1097,-1.1109,-1.0408,-0.94659,-0.88243,-0.8859,-0.9666,-1.1056,-1.2653,-1.4078,-1.5051,-1.5557,-1.5708,-1.5588,-1.513,-1.415,-1.2497,-1.0229,-0.7635,-0.51106,-0.29692,-0.13802,-0.037553
1.4285,1.8529,1.9535,1.4055,0.32333,-0.82694,-1.64,-1.9563,-1.831,-1.4429,-1.026,-0.78436,-0.79182,-0.96221,-1.1273,-1.1567,-1.0331,-0.84392,-0.70261,-0.67659,-0.75919,-0.87995,-0.94094,-0.86873,-0.64885,-0.32701,0.021818,0.32154,0.52649,0.63053,0.67038,0.70199,0.77064,0.89148,1.0394,1.1651,1.2149,1.1534,0.9822,0.73934,0.47662,0.22518,-0.012755,-0.25026,-0.49365,-0.72758,-0.91419,-1.0079,-0.98074,-0.84673,-0.66853,-0.52602,-0.47932,-0.54589,-0.6994,-0.8856,-1.0432,-1.1264,-1.1199,-1.0429,-0.93882,-0.85846,-0.84168,-0.90358,-1.0303,-1.1857,-1.3268,-1.4251,-1.4718,-1.4741,-1.4402,-1.3674,-1.2443,-1.0638,-0.83611,-0.58889,-0.35753,-0.16928,-0.036847,0.03943
1.3395,1.7016,1.7753,1.2244,0.14724,-0.99991,-1.8209,-2.1602,-2.0611,-1.675,-1.2226,-0.92201,-0.86764,-0.98769,-1.1134,-1.1067,-0.94598,-0.72493,-0.57212,-0.57014,-0.71823,-0.93506,-1.0952,-1.0943,-0.90628,-0.5864,-0.22984,0.072831,0.27069,0.36785,0.41372,0.47351,0.59041,0.75984,0.9403,1.0762,1.1195,1.0443,0.85767,0.59894,0.31543,0.035951,-0.23677,-0.50881,-0.77615,-1.0133,-1.1784,-1.2302,-1.1536,-0.97876,-0.77575,-0.62182,-0.56774,-0.62188,-0.7544,-0.91378,-1.0463,-1.1128,-1.0994,-1.0213,-0.91369,-0.82492,-0.79569,-0.84439,-0.96037,-1.1091,-1.2479,-1.341,-1.375,-1.3551,-1.2918,-1.189,-1.0435,-0.85478,-0.6351,-0.40996,-0.20764,-0.049214,0.055661,0.10755
1.2733,1.5902,1.6454,1.0956,0.028665,-1.1064,-1.9221,-2.2732,-2.1961,-1.823,-1.3599,-1.0277,-0.93505,-1.0171,-1.1065,-1.0645,-0.87087,-0.6247,-0.46249,-0.47477,-0.6658,-0.95139,-1.1899,-1.2512,-1.0949,-0.78133,-0.42242,-0.12133,0.068962,0.15991,0.21282,0.29957,0.4576,0.66861,0.87953,1.0305,1.0772,0.99802,0.80415,0.53494,0.23734,-0.061304,-0.35601,-0.64815,-0.92816,-1.1614,-1.3058,-1.3258,-1.2153,-1.0194,-0.80779,-0.65331,-0.59966,-0.64925,-0.76794,-0.90744,-1.0197,-1.0724,-1.0557,-0.98214,-0.88306,-0.80049,-0.77204,-0.81663,-0.92639,-1.0695,-1.2037,-1.2911,-1.3163,-1.2822,-1.1999,-1.0778,-0.9191,-0.72863,-0.51957,-0.31309,-0.13393,0.0015142,0.086396,0.12229
1.1913,1.4517,1.4857,0.93963,-0.10796,-1.2143,-2.0077,-2.361,-2.3119,-1.9711,-1.5191,-1.1704,-1.0421,-1.0768,-1.1123,-1.0136,-0.76858,-0.48411,-0.30368,-0.32487,-0.55888,-0.92301,-1.2613,-1.4116,-1.3086,-1.0132,-0.66006,-0.36741,-0.19124,-0.10997,-0.046766,0.078576,0.29408,0.56402,0.81913,0.99699,1.0562,0.98124,0.78614,0.51086,0.19999,-0.11793,-0.43668,-0.75306,-1.0454,-1.2747,-1.391,-1.3659,-1.2171,-0.99861,-0.78951,-0.65275,-0.61519,-0.66443,-0.7666,-0.87532,-0.95463,-0.9847,-0.9625,-0.89985,-0.82096,-0.75941,-0.74668,-0.79954,-0.91071,-1.0498,-1.1752,-1.25,-1.2572,-1.2012,-1.0972,-0.95954,-0.79648,-0.61464,-0.4253,-0.24732,-0.09581,0.014339,0.077467,0.095739
1.1237,1.3349,1.3498,0.80902,-0.21559,-1.2831,-2.038,-2.378,-2.3514,-2.0551,-1.6432,-1.3103,-1.1683,-1.1652,-1.144,-0.97958,-0.67339,-0.34151,-0.13181,-0.14646,-0.40308,-0.82355,-1.2461,-1.4868,-1.4466,-1.1806,-0.83968,-0.56185,-0.40581,-0.34034,-0.27104,-0.10949,0.16112,0.48498,0.78001,0.98361,1.0607,1.0006,0.81821,0.54773,0.23045,-0.10672,-0.44931,-0.78352,-1.0817,-1.2963,-1.3837,-1.329,-1.1598,-0.94497,-0.75564,-0.64213,-0.61904,-0.66873,-0.7491,-0.82327,-0.8661,-0.86938,-0.83847,-0.7866,-0.73645,-0.71036,-0.72996,-0.80514,-0.92575,-1.062,-1.1748,-1.2315,-1.2192,-1.1447,-1.026,-0.88112,-0.72257,-0.55882,-0.39835,-0.25124,-0.13038,-0.043982,0.0044939,0.016227
1.0865,1.2662,1.2688,0.73068,-0.27635,-1.3097,-2.0273,-2.3479,-2.3324,-2.0749,-1.7105,-1.4108,-1.2767,-1.2534,-1.1886,-0.96893,-0.60918,-0.23509,0.0023791,0.00092914,-0.25909,-0.70415,-1.1733,-1.4713,-1.4765,-1.2367,-0.91057,-0.65008,-0.51686,-0.46845,-0.39882,-0.21512,0.089656,0.4439,0.75952,0.97809,1.0695,1.026,0.85923,0.59805,0.28039,-0.06595,-0.42036,-0.76395,-1.0643,-1.2746,-1.3528,-1.2873,-1.1148,-0.90483,-0.72966,-0.63483,-0.62585,-0.67376,-0.73908,-0.78583,-0.79707,-0.77424,-0.73064,-0.68568,-0.65674,-0.66342,-0.71811,-0.82132,-0.95737,-1.0956,-1.1987,-1.2402,-1.2093,-1.1177,-0.98882,-0.84516,-0.70011,-0.5588,-0.42407,-0.30228,-0.20075,-0.12713,-0.086521,-0.079218
1.0597,1.2054,1.1931,0.65573,-0.33065,-1.3165,-1.9764,-2.2606,-2.2513,-2.0477,-1.763,-1.5347,-1.4347,-1.3966,-1.2736,-0.97155,-0.53139,-0.095609,0.18262,0.20552,-0.04454,-0.4979,-0.9981,-1.3441,-1.3986,-1.1975,-0.90317,-0.67522,-0.5745,-0.55053,-0.48443,-0.28663,0.038486,0.40669,0.73309,0.96132,1.0712,1.0549,0.91877,0.68136,0.37139,0.018997,-0.35078,-0.70855,-1.0138,-1.2195,-1.2887,-1.2206,-1.0587,-0.87229,-0.72683,-0.65728,-0.65894,-0.69775,-0.73137,-0.73252,-0.69672,-0.63776,-0.57796,-0.54038,-0.54452,-0.60121,-0.71123,-0.86155,-1.0255,-1.168,-1.2567,-1.2718,-1.215,-1.106,-0.97206,-0.83676,-0.71335,-0.60479,-0.50848,-0.42298,-0.34922,-0.29203,-0.25656,-0.24588
1.059,1.1862,1.1629,0.6223,-0.35149,-1.3035,-1.9181,-2.1687,-2.157,-1.9898,-1.7721,-1.6128,-1.5551,-1.5157,-1.3494,-0.98091,-0.47749,0.0046049,0.31341,0.35759,0.12349,-0.31942,-0.81821,-1.1737,-1.252,-1.0805,-0.81674,-0.61655,-0.54038,-0.53518,-0.48217,-0.29281,0.024317,0.38616,0.7082,0.94113,1.0647,1.0712,0.95953,0.74237,0.44328,0.092139,-0.28205,-0.64489,-0.95308,-1.1581,-1.2289,-1.1717,-1.0289,-0.86989,-0.75072,-0.69773,-0.70101,-0.72672,-0.73196,-0.6964,-0.6233,-0.53488,-0.46112,-0.42854,-0.45905,-0.55786,-0.71496,-0.90579,-1.0954,-1.2457,-1.3242,-1.3196,-1.2406,-1.1148,-0.97603,-0.85032,-0.74939,-0.67129,-0.60708,-0.54869,-0.49492,-0.44914,-0.41718,-0.403
1.0853,1.1976,1.1593,0.6083,-0.35536,-1.2662,-1.8218,-2.0235,-1.9988,-1.8707,-1.7411,-1.6857,-1.7011,-1.6713,-1.4492,-0.99266,-0.40855,0.13046,0.47728,0.55148,0.34746,-0.063494,-0.53466,-0.87888,-0.97116,-0.83229,-0.60763,-0.44225,-0.39605,-0.41767,-0.39373,-0.23741,0.041303,0.36798,0.66436,0.89191,1.0311,1.0701,0.99794,0.8149,0.5396,0.2007,-0.16624,-0.52473,-0.83154,-1.0451,-1.1373,-1.1114,-1.0094,-0.88696,-0.79705,-0.76129,-0.76364,-0.76404,-0.72908,-0.64622,-0.52992,-0.41056,-0.32331,-0.30088,-0.36389,-0.51623,-0.73894,-0.99117,-1.2207,-1.38,-1.4425,-1.4049,-1.2942,-1.1497,-1.0097,-0.9002,-0.83011,-0.7927,-0.77177,-0.75268,-0.72403,-0.68867,-0.65454,-0.63025
1.1429,1.2502,1.1962,0.62952,-0.33296,-1.2114,-1.7122,-1.8636,-1.8171,-1.7134,-1.6597,-1.7074,-1.8039,-1.7923,-1.521,-0.98754,-0.33614,0.2477,0.62382,0.72447,0.55414,0.18671,-0.2394,-0.55394,-0.64209,-0.52124,-0.3225,-0.18512,-0.1659,-0.21732,-0.23049,-0.12462,0.095264,0.36177,0.61266,0.81564,0.96026,1.0308,1.0069,0.87401,0.63951,0.32931,-0.020396,-0.36739,-0.66859,-0.88452,-0.99516,-1.0095,-0.96058,-0.89622,-0.85211,-0.83704,-0.83122,-0.80158,-0.72211,-0.59292,-0.43794,-0.29494,-0.20465,-0.20149,-0.30578,-0.51629,-0.80285,-1.111,-1.3764,-1.545,-1.5891,-1.5221,-1.3797,-1.2123,-1.0653,-0.96785,-0.92775,-0.93307,-0.95901,-0.97711,-0.9774,-0.95489,-0.9181,-0.87946
1.2039,1.3139,1.2485,0.66717,-0.29901,-1.1585,-1.6232,-1.738,-1.6705,-1.5751,-1.5654,-1.6793,-1.8322,-1.8362,-1.5377,-0.96053,-0.27376,0.33042,0.71845,0.83294,0.68599,0.35327,-0.032736,-0.315,-0.38939,-0.27326,-0.087769,0.034834,0.038005,-0.034262,-0.081665,-0.02457,0.13904,0.353,0.56392,0.74634,0.89157,0.98379,0.99488,0.90379,0.70942,0.43532,0.11449,-0.21273,-0.50407,-0.72562,-0.85815,-0.90791,-0.90363,-0.88207,-0.87051,-0.87107,-0.8609,-0.80967,-0.70046,-0.54421,-0.37231,-0.22529,-0.14394,-0.1626,-0.3008,-0.55389,-0.88582,-1.2321,-1.5174,-1.6828,-1.7095,-1.6127,-1.4454,-1.2658,-1.1208,-1.0371,-1.0191,-1.0509,-1.1035,-1.15,-1.1638,-1.1457,-1.1069,-1.0627
1.3048,1.426,1.3466,0.74437,-0.23098,-1.0709,-1.4932,-1.5631,-1.4653,-1.3691,-1.3961,-1.5742,-1.7853,-1.8082,-1.4885,-0.87852,-0.17253,0.43493,0.82073,0.94011,0.8151,0.52465,0.1943,-0.037294,-0.082677,0.036764,0.21131,0.32228,0.31406,0.21964,0.12689,0.11197,0.18986,0.32501,0.47772,0.63189,0.77929,0.90123,0.96233,0.93179,0.80118,0.58598,0.31561,0.025704,-0.24536,-0.46695,-0.62196,-0.71556,-0.77089,-0.81217,-0.85193,-0.87976,-0.86846,-0.79395,-0.65429,-0.47378,-0.29223,-0.1536,-0.098898,-0.1603,-0.3525,-0.66268,-1.0439,-1.4219,-1.7174,-1.8732,-1.8719,-1.748,-1.5563,-1.3596,-1.2082,-1.1308,-1.1319,-1.1938,-1.2828,-1.3566,-1.3991,-1.3976,-1.36,-1.3028
1.4221,1.5607,1.4704,0.84738,-0.1364,-0.96081,-1.3478,-1.3789,-1.2507,-1.1417,-1.1805,-1.3905,-1.6359,-1.674,-1.3527,-0.74367,-0.05276,0.53002,0.89161,0.99765,0.87948,0.6208,0.34156,0.16398,0.15586,0.29024,0.46606,0.57377,0.55978,0.44771,0.31285,0.22947,0.22343,0.27866,0.37079,0.49161,0.63834,0.79095,0.90876,0.94878,0.89206,0.74427,0.53011,0.28242,0.0357,-0.17844,-0.34661,-0.47538,-0.58192,-0.68365,-0.7769,-0.83672,-0.83093,-0.74442,-0.58725,-0.39818,-0.22443,-0.11206,-0.10074,-0.21777,-0.47117,-0.83699,-1.2567,-1.648,-1.9312,-2.0573,-2.0249,-1.8693,-1.6564,-1.4517,-1.3048,-1.2409,-1.26,-1.3398,-1.4439,-1.5382,-1.5877,-1.5899,-1.5552,-1.5003
1.516,1.6708,1.5746,0.93888,-0.049185,-0.86255,-1.2265,-1.2331,-1.0833,-0.96029,-0.99423,-1.2088,-1.4638,-1.5118,-1.2056,-0.61939,0.040748,0.58914,0.91933,1.0044,0.88196,0.63896,0.39231,0.2537,0.27626,0.42776,0.6096,0.71949,0.70405,0.58149,0.42053,0.29142,0.23007,0.23062,0.27954,0.37425,0.51763,0.69289,0.85398,0.95089,0.95294,0.86064,0.69141,0.47448,0.24588,0.033232,-0.14606,-0.29506,-0.43227,-0.56386,-0.68455,-0.76593,-0.77245,-0.68589,-0.52942,-0.34531,-0.18693,-0.10334,-0.13308,-0.29924,-0.60062,-1.0028,-1.4379,-1.821,-2.0794,-2.1771,-2.1204,-1.9553,-1.7404,-1.5362,-1.3893,-1.3244,-1.3431,-1.4253,-1.5362,-1.6337,-1.6969,-1.7117,-1.6833,-1.6261
1.6427,1.8223,1.7222,1.0742,0.086341,-0.71009,-1.0488,-1.0292,-0.85676,-0.71255,-0.72872,-0.92981,-1.1795,-1.2412,-0.97106,-0.43952,0.15826,0.64471,0.91962,0.96353,0.82251,0.58879,0.37646,0.28385,0.3472,0.52579,0.72399,0.84528,0.83533,0.70542,0.51446,0.33211,0.20399,0.13967,0.1368,0.20173,0.3443,0.55097,0.77147,0.94199,1.0194,0.99254,0.87545,0.69629,0.48851,0.28563,0.10212,-0.066395,-0.2321,-0.4031,-0.5605,-0.66514,-0.6798,-0.59706,-0.4456,-0.27914,-0.15397,-0.11886,-0.21012,-0.44417,-0.80879,-1.253,-1.6938,-2.0445,-2.2499,-2.2994,-2.2179,-2.0474,-1.8411,-1.6497,-1.5123,-1.45,-1.4634,-1.5349,-1.6339,-1.7274,-1.7883,-1.8058,-1.7838,-1.7355
1.7347,1.9349,1.8345,1.1821,0.19975,-0.5819,-0.90484,-0.87193,-0.68787,-0.53085,-0.53041,-0.71307,-0.95135,-1.0222,-0.78615,-0.30693,0.23313,0.66471,0.8911,0.89595,0.73129,0.49573,0.30295,0.23984,0.33288,0.53328,0.7482,0.88252,0.88314,0.75377,0.54697,0.3327,0.16024,0.052817,0.016236,0.063315,0.20785,0.43719,0.70027,0.92248,1.0519,1.0691,0.98493,0.82673,0.62933,0.42713,0.23812,0.060232,-0.11869,-0.30337,-0.47315,-0.58689,-0.60701,-0.52856,-0.38627,-0.23794,-0.14221,-0.14779,-0.28809,-0.57311,-0.97949,-1.4428,-1.8707,-2.1816,-2.3397,-2.3563,-2.2646,-2.1054,-1.9202,-1.7478,-1.6193,-1.5525,-1.5502,-1.6005,-1.6801,-1.7588,-1.8165,-1.8405,-1.8297,-1.7913
1.8485,2.078,1.9812,1.3305,0.36219,-0.39738,-0.70347,-0.66225,-0.47264,-0.30656,-0.28685,-0.44247,-0.66182,-0.74262,-0.55666,-0.15323,0.30437,0.65686,0.81121,0.75516,0.54884,0.30067,0.12728,0.10388,0.23906,0.47146,0.70802,0.85791,0.87123,0.7469,0.53168,0.29196,0.080492,-0.070234,-0.14517,-0.1217,0.020794,0.27649,0.58731,0.87009,1.0593,1.1271,1.0786,0.93856,0.74501,0.53608,0.33654,0.14919,-0.037367,-0.22494,-0.3943,-0.50555,-0.52349,-0.44698,-0.31699,-0.19373,-0.13759,-0.19646,-0.39909,-0.74545,-1.1961,-1.6675,-2.059,-2.3045,-2.4009,-2.3858,-2.2995,-2.1724,-2.0276,-1.8879,-1.7741,-1.701,-1.6744,-1.6894,-1.7321,-1.7826,-1.8247,-1.8437,-1.836,-1.8063
1.9478,2.2079,2.1198,1.4785,0.53237,-0.20344,-0.49865,-0.46062,-0.27927,-0.1158,-0.086198,-0.22025,-0.42177,-0.5129,-0.37449,-0.044919,0.33085,0.60376,0.68377,0.56204,0.30732,0.039823,-0.11814,-0.099013,0.080207,0.34457,0.5973,0.75745,0.77823,0.66268,0.45362,0.20997,-0.014964,-0.19264,-0.2997,-0.30473,-0.17037,0.10617,0.45914,0.79211,1.0254,1.1269,1.0982,0.96486,0.76608,0.54639,0.33417,0.13685,-0.050121,-0.23158,-0.38412,-0.47085,-0.46581,-0.37948,-0.25402,-0.15318,-0.13425,-0.24057,-0.49489,-0.88774,-1.3639,-1.8237,-2.1642,-2.3413,-2.3858,-2.3576,-2.298,-2.2241,-2.1391,-2.0462,-1.9533,-1.8716,-1.8109,-1.7767,-1.7675,-1.778,-1.7934,-1.8051,-1.8063,-1.7944
2.0102,2.2946,2.216,1.5866,0.66153,-0.056216,-0.34766,-0.31996,-0.15437,-0.0026919,0.026315,-0.097809,-0.29072,-0.38917,-0.28211,-0.0019377,0.31723,0.53412,0.56174,0.39313,0.10275,-0.17961,-0.32681,-0.27992,-0.071455,0.21202,0.47394,0.63909,0.66635,0.56137,0.36324,0.12684,-0.10008,-0.28879,-0.41362,-0.43397,-0.304,-0.01816,0.35874,0.7179,0.97372,1.0885,1.0637,0.92604,0.717,0.48246,0.25806,0.056569,-0.12614,-0.2883,-0.41393,-0.47256,-0.44406,-0.34182,-0.2149,-0.12307,-0.12271,-0.25479,-0.53691,-0.95163,-1.4314,-1.87,-2.1704,-2.3074,-2.331,-2.3091,-2.2823,-2.2568,-2.2228,-2.1699,-2.0957,-2.0075,-1.9193,-1.8459,-1.7973,-1.7731,-1.7697,-1.7738,-1.7744,-1.7655
2.0758,2.3937,2.3328,1.7253,0.83224,0.13782,-0.15675,-0.15267,-0.021467,0.099886,0.1159,-0.0047276,-0.191,-0.29703,-0.22356,0.0011792,0.25532,0.40672,0.37249,0.14933,-0.18071,-0.47653,-0.60665,-0.52638,-0.28791,0.0087994,0.27291,0.43498,0.46777,0.37898,0.20426,-0.0079333,-0.22168,-0.40946,-0.54478,-0.57955,-0.46084,-0.17439,0.21266,0.58806,0.85821,0.98165,0.95666,0.80836,0.58052,0.32297,0.078135,-0.13269,-0.30525,-0.43758,-0.51399,-0.51387,-0.43217,-0.2954,-0.15327,-0.065206,-0.08115,-0.23543,-0.5388,-0.96379,-1.4345,-1.8379,-2.087,-2.1818,-2.1942,-2.1986,-2.2275,-2.2781,-2.3236,-2.3344,-2.2927,-2.2004,-2.0771,-1.9506,-1.8451,-1.7743,-1.7353,-1.7191,-1.7138,-1.7099
2.1197,2.4728,2.4353,1.8559,0.9992,0.32562,0.020235,-0.01212,0.069254,0.14372,0.13112,0.0039564,-0.17644,-0.28497,-0.2354,-0.053426,0.14959,0.24973,0.16847,-0.094282,-0.44957,-0.74619,-0.85102,-0.73753,-0.47966,-0.18785,0.052644,0.1909,0.21425,0.13838,-0.00096486,-0.16944,-0.3439,-0.51112,-0.64502,-0.69338,-0.59054,-0.31509,0.067081,0.43933,0.70505,0.8211,0.78492,0.62072,0.37237,0.092758,-0.16858,-0.38253,-0.53964,-0.63172,-0.6498,-0.58298,-0.43892,-0.25425,-0.085263,0.013236,-0.0035892,-0.16314,-0.46788,-0.88345,-1.3251,-1.6869,-1.9001,-1.9833,-2.0133,-2.0599,-2.1511,-2.2752,-2.3954,-2.4688,-2.4647,-2.378,-2.2311,-2.0622,-1.908,-1.7908,-1.7169,-1.6773,-1.6588,-1.6497
2.1378,2.5189,2.5022,1.948,1.1205,0.46156,0.14408,0.076528,0.11117,0.14003,0.095442,-0.040928,-0.2145,-0.31873,-0.28085,-0.12395,0.049518,0.12237,0.018756,-0.25967,-0.6205,-0.90818,-0.99124,-0.85513,-0.59153,-0.31552,-0.10778,-0.0022862,0.0019187,-0.068038,-0.17825,-0.30464,-0.43888,-0.57853,-0.70128,-0.75258,-0.66093,-0.40168,-0.034775,0.32128,0.57135,0.67214,0.62271,0.44775,0.1891,-0.10122,-0.37254,-0.59013,-0.73626,-0.79807,-0.76619,-0.63977,-0.44084,-0.21548,-0.021835,0.088728,0.077732,-0.07656,-0.37195,-0.7695,-1.1866,-1.5221,-1.7183,-1.8019,-1.8511,-1.9316,-2.066,-2.2407,-2.4145,-2.5367,-2.5665,-2.4921,-2.3362,-2.1433,-1.9586,-1.811,-1.7099,-1.6501,-1.6188,-1.6033
2.1424,2.5632,2.5784,2.063,1.2767,0.63558,0.29755,0.1765,0.13876,0.092915,-0.0055084,-0.15667,-0.31424,-0.40258,-0.37079,-0.24055,-0.097962,-0.047861,-0.16162,-0.43681,-0.78114,-1.0422,-1.0985,-0.94778,-0.69451,-0.45511,-0.30439,-0.2585,-0.29246,-0.36129,-0.43002,-0.49244,-0.56277,-0.6523,-0.74464,-0.78507,-0.70625,-0.47954,-0.15887,0.15273,0.36739,0.44386,0.37994,0.19713,-0.066194,-0.35949,-0.63334,-0.84817,-0.97612,-1.0002,-0.90835,-0.70961,-0.44118,-0.16196,0.068816,0.20197,0.206,0.067182,-0.20562,-0.5705,-0.95008,-1.2562,-1.4442,-1.543,-1.6235,-1.7442,-1.9265,-2.1515,-2.3793,-2.5553,-2.6313,-2.5868,-2.4395,-2.2353,-2.0249,-1.8455,-1.7111,-1.6221,-1.5688,-1.5387
2.1317,2.5834,2.6264,2.1433,1.3892,0.76114,0.4062,0.24233,0.14562,0.036285,-0.10756,-0.26929,-0.40958,-0.47876,-0.4457,-0.33076,-0.20631,-0.16459,-0.27122,-0.5247,-0.83868,-1.0711,-1.112,-0.96513,-0.7336,-0.53175,-0.42929,-0.43508,-0.50582,-0.58033,-0.62057,-0.63133,-0.64696,-0.69054,-0.75164,-0.77852,-0.70785,-0.51121,-0.23501,0.031787,0.2104,0.26442,0.18978,0.005226,-0.2527,-0.53799,-0.80119,-1.0029,-1.1151,-1.112,-0.98436,-0.7441,-0.43505,-0.12171,0.13274,0.28302,0.30181,0.17974,-0.070951,-0.40878,-0.76015,-1.0458,-1.2295,-1.3417,-1.4471,-1.596,-1.8017,-2.0534,-2.3082,-2.5126,-2.6181,-2.6008,-2.4733,-2.2776,-2.0634,-1.8682,-1.7151,-1.6052,-1.5321,-1.4865
2.0992,2.5944,2.6789,2.2432,1.5339,0.92313,0.54604,0.32641,0.14965,-0.046682,-0.25296,-0.42558,-0.53708,-0.57546,-0.53608,-0.43719,-0.33053,-0.28865,-0.36892,-0.57354,-0.83074,-1.0202,-1.0487,-0.92216,-0.73206,-0.58822,-0.55572,-0.63424,-0.75982,-0.84884,-0.85476,-0.79756,-0.73501,-0.71086,-0.72356,-0.72901,-0.66731,-0.51337,-0.30128,-0.10524,0.012855,0.026901,-0.062069,-0.23606,-0.46674,-0.71897,-0.95516,-1.1385,-1.2332,-1.2084,-1.046,-0.76318,-0.41418,-0.070048,0.20696,0.3748,0.41261,0.31618,0.099574,-0.19801,-0.51314,-0.78025,-0.96922,-1.1031,-1.2332,-1.4009,-1.6214,-1.8797,-2.1453,-2.3731,-2.5163,-2.544,-2.4567,-2.2858,-2.0779,-1.8745,-1.7013,-1.5687,-1.4753,-1.4136
2.0473,2.5886,2.7187,2.3342,1.6714,1.0792,0.68321,0.41329,0.16244,-0.11507,-0.37647,-0.55297,-0.63159,-0.64076,-0.59857,-0.51531,-0.42089,-0.36851,-0.40875,-0.55192,-0.74599,-0.89444,-0.91815,-0.81846,-0.6752,-0.58977,-0.62399,-0.76961,-0.94731,-1.0512,-1.0295,-0.91445,-0.78317,-0.69379,-0.65571,-0.63109,-0.57429,-0.46302,-0.32455,-0.20975,-0.15952,-0.1884,-0.28911,-0.4456,-0.63779,-0.84179,-1.0323,-1.1807,-1.2534,-1.2146,-1.0434,-0.75222,-0.39308,-0.038428,0.24975,0.43107,0.48673,0.41516,0.2317,-0.027781,-0.3095,-0.55745,-0.74707,-0.89656,-1.0455,-1.2248,-1.4426,-1.6922,-1.9475,-2.1739,-2.3336,-2.397,-2.3551,-2.2246,-2.0412,-1.8435,-1.6622,-1.5136,-1.4022,-1.3255
1.9967,2.5737,2.7405,2.3959,1.7683,1.1911,0.78498,0.4845,0.18707,-0.14198,-0.43637,-0.60997,-0.66439,-0.6576,-0.61996,-0.55172,-0.46503,-0.40023,-0.40552,-0.49935,-0.646,-0.76673,-0.79108,-0.71495,-0.60721,-0.56114,-0.63643,-0.8208,-1.026,-1.1368,-1.0969,-0.94863,-0.77919,-0.65364,-0.58278,-0.53919,-0.48362,-0.40022,-0.311,-0.25323,-0.25549,-0.31743,-0.42927,-0.57454,-0.73552,-0.90132,-1.0535,-1.1709,-1.2258,-1.179,-1.0087,-0.72388,-0.3735,-0.025118,0.25849,0.44179,0.50889,0.45876,0.30395,0.07457,-0.18348,-0.42326,-0.61997,-0.78335,-0.94246,-1.1215,-1.3287,-1.5573,-1.7906,-2.0034,-2.1649,-2.2464,-2.2333,-2.1329,-1.972,-1.786,-1.6059,-1.4522,-1.3334,-1.2494
1.9147,2.5404,2.7592,2.4682,1.8866,1.3302,0.91685,0.58697,0.24441,-0.13446,-0.45766,-0.62071,-0.64823,-0.63276,-0.61253,-0.57197,-0.49871,-0.41631,-0.37291,-0.40173,-0.48912,-0.57751,-0.60632,-0.56246,-0.49817,-0.4926,-0.60192,-0.81343,-1.0348,-1.1483,-1.0953,-0.92341,-0.72583,-0.56884,-0.46546,-0.3966,-0.33395,-0.2747,-0.23842,-0.25304,-0.32637,-0.44304,-0.57885,-0.71357,-0.83824,-0.95102,-1.0503,-1.1252,-1.1516,-1.0985,-0.93969,-0.67815,-0.35412,-0.028844,0.24309,0.42598,0.50455,0.47794,0.35686,0.16414,-0.065508,-0.29431,-0.50027,-0.68398,-0.85899,-1.0373,-1.2239,-1.4164,-1.6075,-1.7845,-1.9274,-2.0132,-2.0238,-1.9565,-1.8266,-1.6617,-1.4926,-1.3407,-1.2186,-1.1296
1.8439,2.5062,2.765,2.5134,1.9646,1.4238,1.0093,0.66746,0.30544,-0.094112,-0.42664,-0.58081,-0.59558,-0.58362,-0.58526,-0.57122,-0.51099,-0.41663,-0.33774,-0.32025,-0.36736,-0.43551,-0.46896,-0.44789,-0.40991,-0.42381,-0.54257,-0.75448,-0.9737,-1.0851,-1.0332,-0.85991,-0.65621,-0.48505,-0.36463,-0.27608,-0.20419,-0.15367,-0.14856,-0.21041,-0.33424,-0.49512,-0.65779,-0.79827,-0.90831,-0.99178,-1.0536,-1.0907,-1.0896,-1.0243,-0.874,-0.63777,-0.34498,-0.046065,0.20913,0.38911,0.47844,0.47379,0.38071,0.2159,0.0028163,-0.2273,-0.44967,-0.65423,-0.84294,-1.0208,-1.1901,-1.352,-1.5068,-1.6487,-1.765,-1.837,-1.8479,-1.7915,-1.6779,-1.5302,-1.3722,-1.2286,-1.1127,-1.0289
1.7388,2.45,2.7613,2.5598,2.0499,1.5289,1.1173,0.77145,0.40266,-0.0012507,-0.33122,-0.47621,-0.48769,-0.49353,-0.53396,-0.56085,-0.521,-0.41436,-0.29388,-0.22078,-0.21941,-0.26431,-0.3044,-0.3084,-0.29607,-0.32193,-0.43379,-0.62598,-0.82597,-0.92947,-0.88346,-0.72238,-0.52481,-0.35122,-0.21825,-0.11303,-0.028508,0.021905,0.004213,-0.10103,-0.28511,-0.50888,-0.72528,-0.89658,-1.0073,-1.0637,-1.0808,-1.0692,-1.0269,-0.94144,-0.79616,-0.58736,-0.3343,-0.073562,0.15632,0.32799,0.4278,0.45045,0.39502,0.2644,0.072937,-0.16028,-0.41145,-0.65814,-0.88247,-1.0725,-1.2247,-1.3433,-1.4369,-1.5129,-1.5716,-1.6049,-1.6004,-1.5494,-1.4534,-1.3262,-1.1891,-1.0608,-0.95499,-0.87817
1.6233,2.3828,2.745,2.5883,2.1094,1.6037,1.1985,0.85814,0.50248,0.11605,-0.19888,-0.33902,-0.36324,-0.40083,-0.48507,-0.55459,-0.53935,-0.42648,-0.2707,-0.14875,-0.10388,-0.12535,-0.16782,-0.19158,-0.19757,-0.22438,-0.31425,-0.47067,-0.63576,-0.72407,-0.6873,-0.55111,-0.37945,-0.22027,-0.083007,0.039699,0.14799,0.21253,0.1906,0.055039,-0.18287,-0.47624,-0.7636,-0.99002,-1.1268,-1.1753,-1.1572,-1.0956,-1.0037,-0.88634,-0.73736,-0.55213,-0.33709,-0.11369,0.094426,0.26495,0.38274,0.43686,0.41789,0.32043,0.14116,-0.10699,-0.39872,-0.69918,-0.97167,-1.1869,-1.3304,-1.408,-1.4385,-1.4419,-1.4307,-1.4067,-1.364,-1.2962,-1.2028,-1.0917,-0.9757,-0.86954,-0.78329,-0.72138
1.5317,2.3263,2.7245,2.5967,2.1347,1.6361,1.2347,0.90306,0.5658,0.20306,-0.095168,-0.23516,-0.27723,-0.34463,-0.46246,-0.56297,-0.56649,-0.45204,-0.27426,-0.119,-0.042486,-0.044796,-0.084957,-0.11928,-0.13518,-0.15956,-0.2302,-0.35503,-0.49037,-0.56599,-0.53955,-0.42772,-0.28038,-0.13317,0.0072277,0.14758,0.27836,0.35899,0.33859,0.18472,-0.08984,-0.4358,-0.7826,-1.0638,-1.2356,-1.293,-1.2559,-1.1558,-1.0235,-0.87261,-0.71001,-0.53298,-0.34042,-0.13903,0.05312,0.22105,0.35122,0.4302,0.442,0.36863,0.20243,-0.055249,-0.38146,-0.73329,-1.057,-1.3044,-1.4508,-1.5003,-1.4796,-1.4214,-1.3499,-1.2756,-1.1982,-1.1132,-1.0181,-0.91599,-0.81524,-0.72437,-0.65084,-0.59856
1.4053,2.2441,2.6861,2.5884,2.1395,1.6436,1.2444,0.92666,0.6195,0.29547,0.024772,-0.11846,-0.19079,-0.29982,-0.4606,-0.59814,-0.62404,-0.50993,-0.30931,-0.11546,0.001233,0.025935,-0.0073677,-0.050484,-0.075559,-0.094821,-0.13864,-0.22201,-0.31987,-0.38115,-0.36973,-0.28928,-0.16985,-0.035044,0.11163,0.27387,0.43231,0.53556,0.52116,0.35045,0.033375,-0.38093,-0.81343,-1.1788,-1.4124,-1.4861,-1.4242,-1.275,-1.0861,-0.89521,-0.71426,-0.53991,-0.36319,-0.1811,0.0027742,0.17715,0.32795,0.43738,0.48309,0.44118,0.28933,0.022543,-0.34097,-0.75463,-1.1496,-1.4541,-1.6199,-1.6467,-1.5674,-1.4307,-1.2776,-1.1321,-1.0024,-0.88738,-0.78297,-0.68764,-0.60236,-0.53084,-0.47684,-0.44194
1.2775,2.1558,2.6349,2.5569,2.1097,1.6063,1.2041,0.89888,0.6231,0.34061,0.099561,-0.046264,-0.14899,-0.29696,-0.49388,-0.66098,-0.70618,-0.59433,-0.376,-0.1501,0.001979,0.054085,0.032397,-0.013847,-0.046203,-0.061994,-0.084012,-0.13259,-0.19861,-0.24809,-0.24805,-0.19295,-0.096224,0.029112,0.18439,0.3673,0.55039,0.67364,0.66435,0.482,0.12977,-0.34018,-0.85161,-1.3079,-1.6138,-1.7217,-1.6436,-1.4433,-1.1974,-0.95828,-0.75104,-0.57171,-0.40254,-0.22873,-0.047365,0.135,0.30485,0.44282,0.52268,0.51319,0.38484,0.12144,-0.26635,-0.73189,-1.1949,-1.5617,-1.7623,-1.7802,-1.6557,-1.4534,-1.2299,-1.0202,-0.84002,-0.6928,-0.57582,-0.48321,-0.41137,-0.35738,-0.31929,-0.29583
1.1827,2.0866,2.5884,2.5175,2.0635,1.5478,1.1389,0.84026,0.58609,0.3344,0.11679,-0.028298,-0.14897,-0.32046,-0.53973,-0.72461,-0.78252,-0.67495,-0.44792,-0.20138,-0.024249,0.048574,0.037542,-0.0076829,-0.044871,-0.060837,-0.072318,-0.10109,-0.14903,-0.19103,-0.1984,-0.15882,-0.076094,0.044945,0.20778,0.40756,0.6101,0.74758,0.74311,0.5524,0.1768,-0.33316,-0.90004,-1.4192,-1.7775,-1.909,-1.8202,-1.5863,-1.3008,-1.0289,-0.80159,-0.61455,-0.44538,-0.27294,-0.090384,0.098661,0.28086,0.43637,0.53821,0.55391,0.44745,0.19724,-0.19224,-0.6781,-1.1782,-1.5889,-1.8223,-1.8495,-1.708,-1.4694,-1.2021,-0.95173,-0.74043,-0.57392,-0.44824,-0.35591,-0.28896,-0.24122,-0.20979,-0.19345
1.0604,1.9928,2.5166,2.4445,1.9697,1.4282,1.0039,0.7087,0.47893,0.26652,0.081527,-0.055935,-0.19069,-0.38342,-0.62214,-0.82605,-0.90129,-0.80306,-0.5699,-0.3002,-0.090488,0.011376,0.015574,-0.029335,-0.075364,-0.097397,-0.10331,-0.11575,-0.14588,-0.17961,-0.19408,-0.16986,-0.10098,0.018407,0.19288,0.41541,0.64257,0.79678,0.79837,0.59695,0.19683,-0.36061,-0.99064,-1.5785,-1.9982,-2.1535,-2.0519,-1.7819,-1.4513,-1.1446,-0.89301,-0.69124,-0.5146,-0.3405,-0.15542,0.036565,0.22582,0.39657,0.52403,0.57347,0.50518,0.28901,-0.080587,-0.56924,-1.0976,-1.5542,-1.8322,-1.885,-1.741,-1.4775,-1.1733,-0.88359,-0.63784,-0.44692,-0.30941,-0.21373,-0.15284,-0.11571,-0.094275,-0.083593
0.97419,1.9228,2.4558,2.3751,1.8763,1.3078,0.86643,0.56915,0.35429,0.1687,0.00992,-0.11529,-0.25209,-0.45121,-0.69717,-0.91128,-0.99976,-0.91223,-0.67903,-0.3952,-0.1622,-0.037831,-0.021083,-0.067194,-0.12294,-0.15504,-0.16503,-0.17348,-0.19588,-0.22576,-0.24159,-0.22371,-0.15865,-0.036805,0.14886,0.38487,0.62401,0.78541,0.78882,0.58538,0.17618,-0.39662,-1.056,-1.6868,-2.1468,-2.3279,-2.2216,-1.9245,-1.5641,-1.2284,-0.95877,-0.7501,-0.57375,-0.401,-0.21987,-0.029212,0.16279,0.34214,0.48602,0.56018,0.52397,0.33987,-0.0044412,-0.48057,-1.0128,-1.489,-1.7975,-1.8731,-1.7366,-1.4659,-1.147,-0.84212,-0.58466,-0.38542,-0.24124,-0.1445,-0.080028,-0.037992,-0.012841,-0.0022852
0.87044,1.833,2.3688,2.2654,1.723,1.1096,0.63689,0.32973,0.12901,-0.022763,-0.14272,-0.24111,-0.36596,-0.56081,-0.80836,-1.0303,-1.1368,-1.0708,-0.8468,-0.55035,-0.28922,-0.13574,-0.10182,-0.1505,-0.22206,-0.27412,-0.29708,-0.30928,-0.32958,-0.36007,-0.37993,-0.36723,-0.30032,-0.16638,0.039019,0.29515,0.54746,0.71627,0.71945,0.5153,0.10385,-0.47264,-1.1444,-1.8013,-2.2947,-2.5,-2.3964,-2.0814,-1.6924,-1.3315,-1.0423,-0.82213,-0.64348,-0.4772,-0.30669,-0.12888,0.053043,0.23096,0.38751,0.49031,0.49698,0.3644,0.069719,-0.37024,-0.88888,-1.3766,-1.7123,-1.8218,-1.7095,-1.4478,-1.1248,-0.80814,-0.53628,-0.32473,-0.17338,-0.071009,-0.0066234,0.032397,0.055364,0.067738
0.78306,1.7497,2.2782,2.1404,1.5431,0.87389,0.35977,0.03448,-0.1588,-0.27789,-0.35272,-0.41,-0.5068,-0.68602,-0.92649,-1.1543,-1.2825,-1.246,-1.0412,-0.74115,-0.45671,-0.27456,-0.22156,-0.26849,-0.35646,-0.43381,-0.48085,-0.50968,-0.54214,-0.58043,-0.60858,-0.59729,-0.52151,-0.36705,-0.13784,0.14063,0.40895,0.58755,0.60049,0.40575,0.0069501,-0.56043,-1.2257,-1.8812,-2.3832,-2.5964,-2.4946,-2.1713,-1.7659,-1.3888,-1.089,-0.86709,-0.696,-0.54567,-0.39659,-0.24039,-0.075256,0.095726,0.25922,0.38666,0.42968,0.34061,0.090153,-0.31189,-0.80585,-1.2872,-1.6348,-1.7643,-1.671,-1.421,-1.103,-0.78746,-0.51522,-0.30209,-0.14731,-0.040373,0.030142,0.076865,0.10789,0.12742
0.73003,1.6944,2.2105,2.0403,1.3956,0.67817,0.12688,-0.21913,-0.41137,-0.50759,-0.54317,-0.56067,-0.62803,-0.78909,-1.0213,-1.2538,-1.3995,-1.3882,-1.2027,-0.90487,-0.60643,-0.40425,-0.3368,-0.38155,-0.482,-0.58194,-0.65461,-0.70637,-0.7546,-0.80269,-0.83464,-0.81971,-0.73271,-0.55976,-0.30888,-0.013141,0.26731,0.45353,0.47705,0.2983,-0.08034,-0.62233,-1.2652,-1.9058,-2.3991,-2.6148,-2.5141,-2.1874,-1.7785,-1.3943,-1.0912,-0.8718,-0.71013,-0.57502,-0.44837,-0.31666,-0.17293,-0.014415,0.14998,0.29025,0.35857,0.2992,0.076249,-0.30445,-0.78415,-1.2576,-1.6042,-1.7365,-1.6492,-1.4069,-1.096,-0.78539,-0.51527,-0.30169,-0.14449,-0.034803,0.041658,0.094735,0.13184,0.15705
0.67898,1.6331,2.1247,1.9038,1.1907,0.40261,-0.20682,-0.58967,-0.7895,-0.85828,-0.83812,-0.79326,-0.81153,-0.94246,-1.161,-1.3991,-1.5695,-1.5935,-1.4365,-1.1452,-0.83112,-0.60421,-0.5178,-0.55943,-0.67634,-0.81033,-0.92719,-1.0224,-1.1043,-1.1729,-1.2082,-1.1814,-1.0691,-0.86212,-0.57514,-0.24983,0.049684,0.24796,0.28207,0.12198,-0.22405,-0.7206,-1.3084,-1.8943,-2.3491,-2.5467,-2.4504,-2.1377,-1.7374,-1.3601,-1.0591,-0.84268,-0.69151,-0.57938,-0.48235,-0.38505,-0.27279,-0.13575,0.021197,0.1698,0.2545,0.21676,0.016497,-0.34387,-0.80816,-1.2719,-1.6106,-1.7387,-1.6485,-1.4049,-1.0959,-0.79112,-0.52901,-0.32227,-0.16731,-0.053306,0.031615,0.097153,0.14802,0.18584
0.65564,1.5978,2.0664,1.8047,1.0373,0.19271,-0.46599,-0.88427,-1.0982,-1.1507,-1.087,-0.98964,-0.96469,-1.0685,-1.2755,-1.5177,-1.7078,-1.7602,-1.6261,-1.3402,-1.0148,-0.76955,-0.66869,-0.70746,-0.8367,-0.99775,-1.1514,-1.2867,-1.4047,-1.4959,-1.5357,-1.4952,-1.354,-1.1118,-0.79192,-0.44208,-0.12834,0.077834,0.11967,-0.025478,-0.34432,-0.80091,-1.3379,-1.8705,-2.2813,-2.4554,-2.3564,-2.0518,-1.6625,-1.2927,-1,-0.79471,-0.65802,-0.56299,-0.48659,-0.4098,-0.3159,-0.19211,-0.040969,0.10679,0.19693,0.16386,-0.035911,-0.39933,-0.8659,-1.326,-1.6552,-1.7684,-1.6662,-1.4186,-1.1124,-0.81317,-0.55601,-0.35178,-0.1964,-0.078363,0.013325,0.086987,0.14712,0.19519
0.64407,1.5674,2.0008,1.6828,0.84335,-0.078464,-0.80935,-1.2874,-1.5337,-1.5736,-1.4513,-1.2773,-1.1883,-1.25,-1.4405,-1.6887,-1.9066,-1.9989,-1.8962,-1.6157,-1.2718,-0.99958,-0.87845,-0.91402,-1.0604,-1.259,-1.4652,-1.6607,-1.8323,-1.957,-2.002,-1.9365,-1.7473,-1.4488,-1.0794,-0.69751,-0.36964,-0.16087,-0.1141,-0.24233,-0.52551,-0.92656,-1.3912,-1.8426,-2.1781,-2.3034,-2.1899,-1.8966,-1.5283,-1.1782,-0.90056,-0.70862,-0.58711,-0.51009,-0.45236,-0.39264,-0.31276,-0.20032,-0.058891,0.081102,0.16069,0.11563,-0.097822,-0.47597,-0.95534,-1.4207,-1.7425,-1.839,-1.7186,-1.4597,-1.1528,-0.86112,-0.61431,-0.41723,-0.26141,-0.13675,-0.029676,0.063495,0.14256,0.20542
0.65349,1.5573,1.9534,1.5798,0.67322,-0.32437,-1.1347,-1.6879,-1.9858,-2.0255,-1.8444,-1.5845,-1.4232,-1.4421,-1.6172,-1.8726,-2.119,-2.2496,-2.1731,-1.8921,-1.5254,-1.224,-1.0814,-1.1121,-1.2747,-1.5116,-1.7737,-2.0307,-2.2547,-2.41,-2.4534,-2.3533,-2.1067,-1.7464,-1.3298,-0.92442,-0.59644,-0.39891,-0.36348,-0.48756,-0.74406,-1.0926,-1.4828,-1.8458,-2.0937,-2.1527,-2.0087,-1.7182,-1.3713,-1.048,-0.79328,-0.61811,-0.50881,-0.44072,-0.38856,-0.33098,-0.24964,-0.13459,0.0057063,0.13616,0.19799,0.12739,-0.11532,-0.5216,-1.0235,-1.5022,-1.8264,-1.9177,-1.7919,-1.5322,-1.2293,-0.94423,-0.70288,-0.5069,-0.34597,-0.20688,-0.083911,0.025173,0.11927,0.19684
0.67252,1.5627,1.9315,1.5204,0.56812,-0.48305,-1.3566,-1.9761,-2.3261,-2.375,-2.148,-1.8174,-1.5989,-1.587,-1.7535,-2.0162,-2.2813,-2.4338,-2.3696,-2.0835,-1.6993,-1.3782,-1.2209,-1.247,-1.4196,-1.682,-1.9833,-2.2816,-2.5409,-2.7112,-2.7445,-2.6116,-2.3205,-1.9202,-1.479,-1.0677,-0.74944,-0.57143,-0.55407,-0.68575,-0.93239,-1.2488,-1.5875,-1.8841,-2.0607,-2.0618,-1.8837,-1.5856,-1.2519,-0.9493,-0.71679,-0.55951,-0.46046,-0.39396,-0.33645,-0.26816,-0.17459,-0.049957,0.093885,0.2188,0.26867,0.18108,-0.081902,-0.51008,-1.0331,-1.5292,-1.8656,-1.9657,-1.847,-1.5963,-1.3049,-1.031,-0.79654,-0.59984,-0.4298,-0.27737,-0.13608,-0.008163,0.10273,0.19378
0.71053,1.5865,1.9229,1.4694,0.46606,-0.64911,-1.609,-2.3295,-2.7675,-2.8426,-2.553,-2.1215,-1.8241,-1.7721,-1.9287,-2.2014,-2.4831,-2.6502,-2.5904,-2.2938,-1.8894,-1.548,-1.3774,-1.4008,-1.5853,-1.8757,-2.215,-2.5527,-2.8344,-3.0023,-3.0089,-2.8314,-2.497,-2.064,-1.6102,-1.208,-0.91904,-0.78416,-0.81218,-0.9766,-1.2275,-1.5124,-1.7815,-1.9808,-2.0537,-1.9664,-1.7377,-1.4294,-1.1131,-0.84324,-0.64337,-0.50984,-0.42161,-0.35269,-0.27958,-0.18638,-0.064649,0.083318,0.23865,0.36291,0.3995,0.2931,0.011644,-0.43205,-0.96937,-1.4837,-1.8478,-1.9837,-1.9062,-1.6945,-1.4339,-1.1789,-0.95014,-0.7461,-0.55799,-0.37973,-0.21118,-0.057728,0.074792,0.18287
0.75848,1.6278,1.9395,1.4543,0.41405,-0.75536,-1.7987,-2.6291,-3.175,-3.2893,-2.9392,-2.4033,-2.025,-1.9347,-2.0813,-2.3571,-2.6435,-2.8104,-2.7424,-2.4318,-2.0125,-1.6594,-1.4823,-1.5065,-1.7009,-2.0113,-2.3768,-2.7319,-3.0076,-3.1464,-3.1081,-2.8908,-2.5293,-2.0911,-1.654,-1.29,-1.056,-0.98461,-1.0751,-1.2852,-1.5519,-1.8132,-2.0199,-2.1263,-2.0941,-1.9174,-1.6345,-1.3116,-1.012,-0.77415,-0.60809,-0.50072,-0.42505,-0.35109,-0.259,-0.13674,0.016471,0.19065,0.36274,0.49369,0.53337,0.43029,0.15448,-0.28286,-0.8188,-1.3457,-1.7434,-1.9378,-1.9295,-1.7831,-1.5735,-1.3501,-1.1315,-0.91774,-0.70502,-0.49327,-0.29362,-0.11192,0.045464,0.17512
0.79803,1.6684,1.968,1.4678,0.4095,-0.79302,-1.8931,-2.8072,-3.4397,-3.5913,-3.1975,-2.5854,-2.1499,-2.0313,-2.1689,-2.4411,-2.7223,-2.8793,-2.7987,-2.4782,-2.0547,-1.7009,-1.5241,-1.5501,-1.7497,-2.0683,-2.4416,-2.7921,-3.0471,-3.1505,-3.0766,-2.8377,-2.4735,-2.051,-1.6446,-1.3231,-1.1408,-1.1253,-1.2691,-1.5189,-1.8019,-2.0493,-2.2125,-2.2526,-2.1457,-1.9054,-1.5824,-1.2475,-0.96056,-0.74876,-0.61338,-0.53043,-0.46529,-0.38775,-0.27902,-0.13436,0.040702,0.2327,0.41804,0.55964,0.60994,0.5211,0.26425,-0.15118,-0.66825,-1.19,-1.6094,-1.8516,-1.9097,-1.8312,-1.6762,-1.4852,-1.275,-1.049,-0.81092,-0.57139,-0.34292,-0.13973,0.030429,0.16596
0.85152,1.7317,2.0256,1.5175,0.44744,-0.78659,-1.9519,-2.9673,-3.7114,-3.9135,-3.4683,-2.7658,-2.2649,-2.1121,-2.2337,-2.4936,-2.7563,-2.8875,-2.7845,-2.4566,-2.0402,-1.6989,-1.5334,-1.5664,-1.7705,-2.0901,-2.454,-2.7782,-2.9865,-3.0328,-2.9162,-2.6633,-2.3216,-1.9464,-1.6018,-1.3477,-1.2367,-1.2972,-1.5126,-1.8201,-2.1274,-2.3573,-2.4577,-2.4053,-2.2058,-1.8925,-1.5339,-1.1997,-0.93646,-0.76375,-0.66748,-0.61404,-0.564,-0.48624,-0.36459,-0.19924,-0.00095821,0.21226,0.41565,0.5759,0.65079,0.5976,0.38828,0.026436,-0.44377,-0.94308,-1.378,-1.6827,-1.8338,-1.8532,-1.7787,-1.6386,-1.446,-1.209,-0.94157,-0.66606,-0.40515,-0.17574,0.014079,0.16379
0.88945,1.7838,2.0815,1.5766,0.50575,-0.74244,-1.9456,-3.0234,-3.8354,-4.0673,-3.5907,-2.8375,-2.3009,-2.1295,-2.2397,-2.4855,-2.7264,-2.8316,-2.7105,-2.3825,-1.9802,-1.6568,-1.5052,-1.546,-1.7516,-2.067,-2.4152,-2.7113,-2.8785,-2.8835,-2.7399,-2.4858,-2.1695,-1.8411,-1.5526,-1.3585,-1.3056,-1.4209,-1.684,-2.0243,-2.3407,-2.5475,-2.5986,-2.4861,-2.2304,-1.8848,-1.5175,-1.1923,-0.9521,-0.8057,-0.73577,-0.70525,-0.67087,-0.59705,-0.47301,-0.30041,-0.093248,0.12937,0.34453,0.52141,0.62404,0.60911,0.44606,0.1337,-0.29099,-0.75932,-1.1935,-1.5287,-1.7379,-1.8277,-1.8168,-1.7189,-1.5417,-1.2975,-1.01,-0.71128,-0.43061,-0.18864,0.0073161,0.15953
0.93415,1.8561,2.1694,1.679,0.61704,-0.63935,-1.8759,-3.0069,-3.8707,-4.1193,-3.6171,-2.8309,-2.2742,-2.091,-2.1884,-2.4115,-2.6164,-2.6816,-2.5386,-2.2202,-1.8487,-1.556,-1.4231,-1.4697,-1.6737,-1.9803,-2.3087,-2.568,-2.6874,-2.6466,-2.4788,-2.2338,-1.9572,-1.6939,-1.4834,-1.3707,-1.3939,-1.5726,-1.8826,-2.2436,-2.5505,-2.7175,-2.7101,-2.5347,-2.2299,-1.8582,-1.4913,-1.19,-0.98831,-0.88924,-0.86647,-0.873,-0.85982,-0.79599,-0.67107,-0.49642,-0.28953,-0.067525,0.15279,0.351,0.49164,0.53616,0.45042,0.22357,-0.12194,-0.53436,-0.94713,-1.3068,-1.5774,-1.7447,-1.8051,-1.7569,-1.6029,-1.359,-1.0576,-0.74173,-0.44557,-0.19113,0.013347,0.16959
0.96991,1.928,2.2674,1.8014,0.75713,-0.49711,-1.7454,-2.8885,-3.7476,-3.9784,-3.4712,-2.6981,-2.1576,-1.9815,-2.0716,-2.2714,-2.4387,-2.4653,-2.3065,-2.0062,-1.6723,-1.4141,-1.3006,-1.3514,-1.5504,-1.8462,-2.1599,-2.3906,-2.4702,-2.3945,-2.2121,-1.9855,-1.7587,-1.5652,-1.4332,-1.3924,-1.4754,-1.6963,-2.0268,-2.3824,-2.6548,-2.768,-2.7011,-2.4797,-2.1562,-1.7937,-1.4578,-1.1999,-1.0466,-0.99517,-1.0154,-1.0572,-1.0703,-1.024,-0.91616,-0.75999,-0.57279,-0.36652,-0.14868,0.067785,0.25634,0.3722,0.37093,0.23103,-0.033732,-0.38021,-0.75437,-1.1052,-1.3986,-1.6114,-1.7228,-1.7141,-1.5797,-1.3392,-1.0356,-0.71598,-0.42354,-0.17783,0.018072,0.17049
0.98976,1.9794,2.3447,1.9022,0.87468,-0.37217,-1.6157,-2.7397,-3.5581,-3.7524,-3.2526,-2.5191,-2.0135,-1.8554,-1.946,-2.1306,-2.2725,-2.2759,-2.1106,-1.8262,-1.5213,-1.2905,-1.1931,-1.2486,-1.4422,-1.7279,-2.0275,-2.2403,-2.2985,-2.2062,-2.0206,-1.8094,-1.6209,-1.4808,-1.4062,-1.4171,-1.5356,-1.7739,-2.0971,-2.4252,-2.6546,-2.718,-2.6094,-2.3682,-2.0483,-1.7158,-1.4223,-1.2076,-1.0959,-1.0788,-1.1275,-1.1943,-1.2303,-1.2036,-1.1175,-0.98589,-0.82498,-0.64193,-0.43621,-0.21114,0.0096533,0.17962,0.24654,0.17878,-0.019681,-0.31326,-0.64956,-0.98381,-1.2768,-1.4993,-1.6254,-1.6333,-1.5146,-1.2865,-0.99069,-0.68019,-0.39209,-0.1498,0.04055,0.18354
1.0068,2.0428,2.4485,2.0423,1.0405,-0.19083,-1.4117,-2.4791,-3.2044,-3.3262,-2.847,-2.1926,-1.7573,-1.6368,-1.7335,-1.9034,-2.0198,-2.0028,-1.8384,-1.5804,-1.3156,-1.1208,-1.0434,-1.1025,-1.2863,-1.5564,-1.8363,-2.0327,-2.077,-1.9756,-1.7935,-1.6029,-1.4547,-1.3735,-1.367,-1.441,-1.6019,-1.8467,-2.1398,-2.4048,-2.5573,-2.5538,-2.4043,-2.1541,-1.8602,-1.5707,-1.3326,-1.1788,-1.1232,-1.1623,-1.2628,-1.3734,-1.444,-1.4501,-1.3961,-1.3048,-1.193,-1.0588,-0.88476,-0.65676,-0.39321,-0.14916,0.0063726,0.028,-0.08736,-0.30771,-0.58653,-0.87763,-1.145,-1.3576,-1.4842,-1.4968,-1.3855,-1.1693,-0.8919,-0.60049,-0.33746,-0.11865,0.054292,0.18778
1.0145,2.0998,2.5493,2.1823,1.2081,-0.0039505,-1.187,-2.1735,-2.7771,-2.8135,-2.36,-1.7975,-1.4458,-1.3726,-1.4823,-1.6427,-1.7427,-1.7192,-1.5703,-1.348,-1.1251,-0.96312,-0.90033,-0.95496,-1.125,-1.3808,-1.6523,-1.8433,-1.8829,-1.7752,-1.5933,-1.4192,-1.3062,-1.2771,-1.3295,-1.4531,-1.6395,-1.8717,-2.1127,-2.2958,-2.3626,-2.2927,-2.1141,-1.8741,-1.6183,-1.3893,-1.2167,-1.1243,-1.1259,-1.2126,-1.356,-1.5073,-1.6179,-1.6645,-1.6587,-1.627,-1.5838,-1.5162,-1.3874,-1.1655,-0.86221,-0.54549,-0.3032,-0.19516,-0.23191,-0.38408,-0.60382,-0.84661,-1.0746,-1.2559,-1.3604,-1.3626,-1.2532,-1.0489,-0.78947,-0.52229,-0.28035,-0.081157,0.073296,0.18975
1.0158,2.1373,2.6207,2.2836,1.329,0.13384,-1.0157,-1.9324,-2.4387,-2.4109,-1.9756,-1.48,-1.1915,-1.1558,-1.2786,-1.4364,-1.5306,-1.5108,-1.3816,-1.191,-1.0009,-0.86134,-0.80598,-0.85465,-1.0153,-1.2635,-1.533,-1.724,-1.7602,-1.6444,-1.4576,-1.2906,-1.2021,-1.2091,-1.3003,-1.4516,-1.6437,-1.854,-2.0453,-2.166,-2.1738,-2.0661,-1.8725,-1.64,-1.4135,-1.2255,-1.1017,-1.0582,-1.1012,-1.225,-1.4009,-1.5827,-1.7244,-1.8069,-1.8406,-1.8566,-1.8704,-1.8615,-1.7759,-1.5632,-1.2309,-0.86017,-0.55762,-0.39406,-0.38207,-0.49041,-0.67055,-0.87555,-1.0689,-1.2203,-1.301,-1.287,-1.1707,-0.96975,-0.72252,-0.47112,-0.24785,-0.066752,0.072815,0.17904
1.0138,2.181,2.7083,2.409,1.4786,0.30633,-0.79654,-1.618,-1.9986,-1.8927,-1.4753,-1.0565,-0.8443,-0.85626,-0.99816,-1.1587,-1.2559,-1.252,-1.157,-1.0127,-0.86548,-0.75201,-0.7039,-0.74859,-0.90108,-1.1442,-1.4152,-1.6084,-1.6367,-1.5055,-1.3028,-1.1357,-1.0684,-1.1135,-1.2452,-1.4258,-1.6173,-1.7902,-1.9103,-1.9478,-1.8857,-1.7356,-1.5325,-1.3198,-1.1336,-1.001,-0.93668,-0.94927,-1.0427,-1.2081,-1.4207,-1.6394,-1.8225,-1.9516,-2.0449,-2.1337,-2.2303,-2.3029,-2.2753,-2.0748,-1.7037,-1.2649,-0.8905,-0.66505,-0.60309,-0.66945,-0.81,-0.97525,-1.1268,-1.2365,-1.2806,-1.241,-1.1134,-0.91448,-0.67846,-0.44337,-0.23689,-0.069812,0.059327,0.15847
1.0122,2.2095,2.7674,2.4936,1.5795,0.42223,-0.64643,-1.4005,-1.697,-1.5383,-1.1292,-0.75618,-0.59169,-0.63448,-0.79043,-0.95714,-1.0632,-1.0795,-1.0175,-0.911,-0.79448,-0.69813,-0.65412,-0.69553,-0.84355,-1.086,-1.3598,-1.5552,-1.5786,-1.4336,-1.2169,-1.043,-0.9803,-1.0404,-1.1907,-1.3829,-1.5676,-1.709,-1.7801,-1.7645,-1.6613,-1.4892,-1.2853,-1.0892,-0.93216,-0.83545,-0.80803,-0.85601,-0.98218,-1.1777,-1.419,-1.6641,-1.8725,-2.0319,-2.1622,-2.3004,-2.4571,-2.589,-2.6007,-2.4031,-2.0001,-1.5166,-1.1022,-0.84667,-0.76287,-0.8122,-0.93834,-1.0848,-1.2152,-1.3017,-1.3224,-1.2626,-1.1214,-0.91683,-0.68211,-0.45249,-0.25183,-0.090627,0.033414,0.1286
1.0132,2.2428,2.8367,2.5912,1.6947,0.55439,-0.47415,-1.1495,-1.3512,-1.1331,-0.72712,-0.39855,-0.28168,-0.35649,-0.52889,-0.70607,-0.83001,-0.88184,-0.87149,-0.81983,-0.74571,-0.67055,-0.62915,-0.66522,-0.80952,-1.0557,-1.3381,-1.539,-1.5555,-1.3882,-1.1471,-0.95566,-0.88736,-0.95132,-1.1095,-1.2991,-1.4629,-1.5606,-1.5779,-1.5124,-1.3749,-1.1888,-0.988,-0.81012,-0.68541,-0.6289,-0.64665,-0.7389,-0.90321,-1.1317,-1.4002,-1.6699,-1.9041,-2.0941,-2.2658,-2.4551,-2.6705,-2.8599,-2.9091,-2.7072,-2.2671,-1.7319,-1.2761,-1.0017,-0.92027,-0.98355,-1.1196,-1.2711,-1.3916,-1.4558,-1.4497,-1.3661,-1.2081,-0.99417,-0.75474,-0.52133,-0.31844,-0.15369,-0.02495,0.075385
1.0215,2.2721,2.8938,2.6698,1.7853,0.65602,-0.34216,-0.95635,-1.0843,-0.81798,-0.40832,-0.10421,-0.016967,-0.11317,-0.29761,-0.48628,-0.63287,-0.72562,-0.77221,-0.78,-0.75012,-0.69496,-0.6542,-0.68365,-0.82546,-1.0794,-1.3791,-1.5937,-1.6034,-1.4083,-1.1316,-0.91206,-0.82737,-0.88195,-1.0299,-1.1999,-1.3312,-1.3875,-1.3634,-1.2682,-1.1168,-0.9324,-0.7443,-0.5876,-0.49031,-0.46715,-0.51993,-0.64496,-0.83917,-1.0907,-1.3756,-1.6555,-1.8967,-2.0954,-2.2857,-2.5044,-2.7509,-2.9577,-2.9977,-2.7673,-2.2926,-1.7428,-1.2954,-1.0456,-0.99892,-1.1031,-1.2846,-1.4692,-1.6094,-1.6784,-1.6646,-1.5658,-1.3898,-1.1574,-0.89977,-0.64985,-0.42933,-0.24874,-0.10639,0.0054629
1.0344,2.2924,2.9285,2.7155,1.8354,0.70962,-0.27347,-0.85475,-0.94051,-0.64514,-0.22817,0.068902,0.14549,0.040075,-0.15205,-0.35008,-0.51457,-0.63956,-0.73057,-0.78358,-0.78662,-0.74603,-0.70496,-0.72833,-0.86787,-1.1289,-1.4444,-1.6735,-1.6811,-1.4663,-1.1601,-0.91405,-0.8091,-0.84731,-0.97526,-1.1226,-1.2255,-1.2552,-1.209,-1.1037,-0.95457,-0.78088,-0.60826,-0.46842,-0.38889,-0.38297,-0.45274,-0.59453,-0.80304,-1.0672,-1.36,-1.6402,-1.8747,-2.0652,-2.2475,-2.4585,-2.6941,-2.8825,-2.8967,-2.6403,-2.1569,-1.6151,-1.1908,-0.97858,-0.98304,-1.1478,-1.3875,-1.6268,-1.8042,-1.8899,-1.8764,-1.7685,-1.5791,-1.3308,-1.055,-0.78422,-0.54294,-0.34192,-0.18139,-0.055009
1.0615,2.3173,2.9633,2.7579,1.877,0.75014,-0.22378,-0.77667,-0.82276,-0.49554,-0.063375,0.2374,0.31236,0.20134,0.00059187,-0.21081,-0.40054,-0.56879,-0.71776,-0.82957,-0.87527,-0.85227,-0.80867,-0.82193,-0.95625,-1.2239,-1.5585,-1.8093,-1.8255,-1.596,-1.2595,-0.97707,-0.83314,-0.82945,-0.91261,-1.0142,-1.0779,-1.0812,-1.0267,-0.92827,-0.79721,-0.64622,-0.49778,-0.38091,-0.32116,-0.33263,-0.41622,-0.56835,-0.78443,-1.0506,-1.3381,-1.6038,-1.8145,-1.9752,-2.1234,-2.2931,-2.4739,-2.5922,-2.5366,-2.241,-1.7684,-1.2794,-0.92953,-0.79999,-0.89206,-1.1504,-1.4912,-1.8225,-2.0758,-2.2119,-2.221,-2.1113,-1.9021,-1.6226,-1.3095,-0.9993,-0.72038,-0.48527,-0.29481,-0.14266
1.0893,2.3348,2.9809,2.7754,1.8899,0.75679,-0.21745,-0.75833,-0.78444,-0.43638,0.010595,0.32087,0.40024,0.28835,0.082369,-0.1401,-0.34968,-0.54955,-0.74014,-0.89362,-0.96803,-0.95499,-0.90718,-0.91081,-1.038,-1.3062,-1.6514,-1.9191,-1.9498,-1.7202,-1.371,-1.0632,-0.88528,-0.83952,-0.87919,-0.93801,-0.97123,-0.96116,-0.91317,-0.83469,-0.72862,-0.60252,-0.47463,-0.37342,-0.32501,-0.34253,-0.42847,-0.57969,-0.79101,-1.0486,-1.3216,-1.5657,-1.7489,-1.8757,-1.9845,-2.1034,-2.218,-2.2612,-2.1432,-1.8254,-1.3759,-0.9425,-0.66241,-0.60761,-0.77843,-1.121,-1.5492,-1.9684,-2.2959,-2.4829,-2.5164,-2.4079,-2.1822,-1.8739,-1.5249,-1.1774,-0.86161,-0.59432,-0.37805,-0.20666
1.1357,2.3553,2.9924,2.7795,1.8821,0.73491,-0.2467,-0.78201,-0.78824,-0.41458,0.057531,0.38518,0.47309,0.36127,0.14701,-0.091908,-0.32801,-0.56789,-0.80933,-1.0122,-1.1188,-1.1132,-1.0544,-1.0402,-1.1528,-1.4151,-1.7671,-2.0563,-2.1143,-1.9011,-1.5437,-1.2058,-0.97811,-0.87354,-0.85063,-0.85705,-0.85529,-0.83543,-0.8033,-0.75978,-0.6982,-0.61461,-0.52156,-0.44399,-0.40698,-0.42477,-0.50106,-0.63492,-0.82295,-1.054,-1.2957,-1.5022,-1.6397,-1.7129,-1.7522,-1.7835,-1.7939,-1.7305,-1.5345,-1.197,-0.79448,-0.44976,-0.2739,-0.32493,-0.60183,-1.0561,-1.6061,-2.1507,-2.5942,-2.8676,-2.9447,-2.8375,-2.5816,-2.2245,-1.8196,-1.4142,-1.0478,-0.73768,-0.48596,-0.28543
1.1908,2.3714,2.9891,2.7613,1.8465,0.68015,-0.31451,-0.84875,-0.83673,-0.434,0.064588,0.40978,0.50254,0.38594,0.16031,-0.097176,-0.35914,-0.6327,-0.91441,-1.1557,-1.2845,-1.278,-1.2023,-1.1674,-1.259,-1.504,-1.8482,-2.1483,-2.2356,-2.0558,-1.7117,-1.3596,-1.094,-0.93401,-0.84872,-0.79997,-0.76471,-0.74286,-0.73827,-0.74275,-0.73669,-0.70433,-0.6519,-0.60055,-0.57201,-0.58175,-0.63307,-0.7287,-0.8728,-1.056,-1.2517,-1.4149,-1.5084,-1.5275,-1.499,-1.4413,-1.3456,-1.1791,-0.91515,-0.57205,-0.2202,0.036181,0.10843,-0.048901,-0.43217,-0.9959,-1.6625,-2.3308,-2.8896,-3.2508,-3.3739,-3.2684,-2.9781,-2.5642,-2.0934,-1.6285,-1.2061,-0.84938,-0.56214,-0.33732
1.2349,2.3793,2.9765,2.7331,1.8019,0.61972,-0.38601,-0.91879,-0.88872,-0.46058,0.059057,0.413,0.5041,0.37786,0.13805,-0.13496,-0.41424,-0.70851,-1.0133,-1.2743,-1.4117,-1.3998,-1.3089,-1.2543,-1.324,-1.5455,-1.8693,-2.1661,-2.2754,-2.1313,-1.8158,-1.4674,-1.1841,-0.9877,-0.86011,-0.77196,-0.71465,-0.69489,-0.7164,-0.76371,-0.80424,-0.81636,-0.79748,-0.76533,-0.7414,-0.73679,-0.75905,-0.81598,-0.91511,-1.0553,-1.2113,-1.3391,-1.3994,-1.3834,-1.3067,-1.1857,-1.0182,-0.78794,-0.48853,-0.14716,0.1621,0.35329,0.35363,0.12665,-0.32315,-0.95542,-1.6984,-2.4507,-3.0956,-3.5248,-3.6779,-3.5611,-3.2312,-2.7679,-2.2506,-1.7418,-1.2895,-0.91163,-0.60867,-0.37027
1.2941,2.3817,2.9449,2.6754,1.7204,0.5167,-0.50113,-1.0234,-0.9599,-0.49071,0.054538,0.41203,0.48895,0.33833,0.071584,-0.2257,-0.5257,-0.8395,-1.1625,-1.4354,-1.572,-1.5458,-1.4313,-1.3473,-1.3816,-1.561,-1.8436,-2.1207,-2.2536,-2.1661,-1.9039,-1.5783,-1.281,-1.0491,-0.87857,-0.75771,-0.6856,-0.67393,-0.72689,-0.82326,-0.92394,-0.99395,-1.0242,-1.0246,-1.0079,-0.98406,-0.96039,-0.95148,-0.97701,-1.0444,-1.1376,-1.217,-1.2406,-1.1872,-1.0626,-0.87859,-0.63949,-0.34599,-0.012359,0.31831,0.58147,0.70104,0.61842,0.30723,-0.22368,-0.93452,-1.758,-2.5957,-3.322,-3.8117,-3.9876,-3.8521,-3.4752,-2.9545,-2.3826,-1.8318,-1.3464,-0.94359,-0.62279,-0.37305
1.3482,2.372,2.8948,2.5947,1.6142,0.39207,-0.62835,-1.1271,-1.015,-0.49913,0.067371,0.41549,0.46227,0.27387,-0.029078,-0.35494,-0.67467,-0.99938,-1.3251,-1.5914,-1.7111,-1.6608,-1.5198,-1.4061,-1.404,-1.5357,-1.7659,-2.0061,-2.1456,-2.1103,-1.914,-1.6349,-1.3501,-1.1053,-0.91101,-0.76839,-0.68647,-0.68247,-0.76176,-0.90118,-1.0554,-1.1831,-1.2655,-1.3017,-1.2955,-1.2482,-1.1695,-1.0848,-1.0265,-1.0172,-1.0509,-1.0912,-1.0898,-1.0142,-0.85646,-0.62529,-0.33479,-0.002364,0.34302,0.65593,0.87068,0.926,0.77654,0.4047,-0.17803,-0.93447,-1.8017,-2.6835,-3.4524,-3.9694,-4.1425,-3.9752,-3.5525,-2.9886,-2.3852,-1.8159,-1.3207,-0.916,-0.59856,-0.35468
1.3825,2.3545,2.844,2.5188,1.519,0.28647,-0.728,-1.1959,-1.0377,-0.48444,0.092505,0.42366,0.43751,0.2122,-0.12441,-0.47524,-0.80891,-1.1362,-1.4529,-1.6993,-1.7931,-1.7183,-1.558,-1.4267,-1.4013,-1.4975,-1.6842,-1.8871,-2.0187,-2.014,-1.8703,-1.6385,-1.3827,-1.1454,-0.94666,-0.79386,-0.70586,-0.70415,-0.79698,-0.96089,-1.1467,-1.3124,-1.431,-1.4944,-1.4984,-1.4369,-1.3212,-1.1828,-1.0645,-0.99913,-0.98752,-0.99757,-0.97979,-0.8943,-0.72454,-0.47762,-0.17053,0.17286,0.51719,0.81219,0.9973,1.0161,0.82934,0.42477,-0.18246,-0.95356,-1.825,-2.7055,-3.4667,-3.9687,-4.1194,-3.9268,-3.4838,-2.9097,-2.3061,-1.7435,-1.2588,-0.86442,-0.55584,-0.31903
1.4159,2.3158,2.7572,2.3967,1.3711,0.13163,-0.85884,-1.2681,-1.0366,-0.43448,0.14636,0.44312,0.40007,0.11326,-0.27649,-0.66465,-1.015,-1.3353,-1.6219,-1.8211,-1.8648,-1.7538,-1.5748,-1.4316,-1.3823,-1.4343,-1.5585,-1.7058,-1.8172,-1.8442,-1.7659,-1.6028,-1.397,-1.1896,-1.0034,-0.85625,-0.76823,-0.76405,-0.85617,-1.026,-1.2333,-1.433,-1.5969,-1.7028,-1.7272,-1.656,-1.4982,-1.2968,-1.1102,-0.98038,-0.91769,-0.89467,-0.86135,-0.76989,-0.59764,-0.3462,-0.034542,0.30676,0.63605,0.90108,1.047,1.0237,0.80043,0.37256,-0.23951,-0.99428,-1.8302,-2.657,-3.3543,-3.7945,-3.8981,-3.6798,-3.2329,-2.6735,-2.0978,-1.5698,-1.1199,-0.75723,-0.4753,-0.25956
1.4294,2.2734,2.677,2.2889,1.2457,0.0075549,-0.95208,-1.3036,-1.0114,-0.37735,0.19832,0.46035,0.36677,0.026391,-0.40867,-0.82606,-1.1859,-1.4933,-1.7444,-1.8946,-1.8933,-1.7553,-1.5667,-1.4194,-1.3573,-1.3802,-1.4617,-1.5698,-1.6646,-1.7075,-1.6726,-1.5618,-1.4035,-1.2303,-1.0634,-0.92316,-0.8311,-0.81752,-0.89799,-1.0611,-1.2709,-1.4848,-1.672,-1.8031,-1.8454,-1.7745,-1.5986,-1.366,-1.1422,-0.97825,-0.88881,-0.84878,-0.80743,-0.71523,-0.54382,-0.29432,0.010884,0.33737,0.64265,0.87938,0.99349,0.94395,0.70644,0.28065,-0.31069,-1.0259,-1.8024,-2.5571,-3.1798,-3.5554,-3.6164,-3.384,-2.9501,-2.4231,-1.8894,-1.4031,-0.99286,-0.66247,-0.40475,-0.20626
1.4304,2.1973,2.5496,2.1245,1.0609,-0.16556,-1.0671,-1.3264,-0.95365,-0.2859,0.27131,0.47804,0.30893,-0.10945,-0.60866,-1.0652,-1.4309,-1.7077,-1.8958,-1.9674,-1.8997,-1.7262,-1.5294,-1.3828,-1.3128,-1.3091,-1.3497,-1.4158,-1.4907,-1.5477,-1.56,-1.5155,-1.4237,-1.3016,-1.167,-1.0343,-0.93305,-0.89726,-0.95151,-1.0909,-1.2836,-1.4968,-1.696,-1.8493,-1.9153,-1.8603,-1.6875,-1.444,-1.2004,-1.0107,-0.8951,-0.83381,-0.78034,-0.68521,-0.52157,-0.28927,-0.0093323,0.28474,0.55175,0.74461,0.82176,0.74665,0.50197,0.093816,-0.44961,-1.0832,-1.7478,-2.3692,-2.856,-3.124,-3.1305,-2.8989,-2.5047,-2.0377,-1.5718,-1.153,-0.80346,-0.52499,-0.3084,-0.13965
1.4104,2.0982,2.3992,1.9379,0.85786,-0.34542,-1.171,-1.328,-0.8803,-0.19285,0.33476,0.47762,0.22805,-0.272,-0.83746,-1.3287,-1.689,-1.9188,-2.0276,-2.0099,-1.8726,-1.667,-1.4693,-1.3334,-1.2688,-1.2552,-1.2716,-1.3095,-1.3688,-1.436,-1.4848,-1.4962,-1.4635,-1.3945,-1.2955,-1.1811,-1.0734,-1.0087,-1.0149,-1.1007,-1.2517,-1.4409,-1.6397,-1.8079,-1.8962,-1.8652,-1.7156,-1.4937,-1.2643,-1.0809,-0.96203,-0.89104,-0.82698,-0.72662,-0.56587,-0.34747,-0.094787,0.15808,0.37325,0.51435,0.54587,0.44555,0.20733,-0.15596,-0.61574,-1.1324,-1.6565,-2.1269,-2.4766,-2.6452,-2.6067,-2.3846,-2.0399,-1.6437,-1.2546,-0.9101,-0.62374,-0.39678,-0.22014,-0.080813
1.3809,2.01,2.2722,1.7852,0.6958,-0.48318,-1.2431,-1.3211,-0.82361,-0.13122,0.36716,0.45939,0.14755,-0.41403,-1.0266,-1.5382,-1.885,-2.0685,-2.1081,-2.0192,-1.8316,-1.6069,-1.4149,-1.2942,-1.242,-1.2313,-1.2401,-1.2669,-1.3198,-1.394,-1.4672,-1.5152,-1.5231,-1.4897,-1.4144,-1.3076,-1.1899,-1.0982,-1.0666,-1.11,-1.2213,-1.3797,-1.5604,-1.7255,-1.8263,-1.8213,-1.7049,-1.5171,-1.3182,-1.1554,-1.0481,-0.97859,-0.90768,-0.7988,-0.63506,-0.42512,-0.19574,0.020505,0.1916,0.28879,0.28783,0.17568,-0.047754,-0.36762,-0.75637,-1.178,-1.59,-1.9464,-2.1938,-2.2906,-2.2227,-2.012,-1.7077,-1.3671,-1.0378,-0.74755,-0.51034,-0.32187,-0.1718,-0.048396
1.3227,1.8749,2.0865,1.5682,0.47057,-0.66706,-1.3323,-1.3076,-0.75606,-0.069986,0.38118,0.40262,0.0080759,-0.63235,-1.2995,-1.8261,-2.1391,-2.2451,-2.1833,-1.9992,-1.7508,-1.5095,-1.3334,-1.242,-1.2174,-1.2244,-1.2396,-1.2672,-1.3222,-1.4071,-1.5071,-1.5945,-1.6491,-1.6547,-1.6047,-1.4983,-1.36,-1.2282,-1.1453,-1.1311,-1.184,-1.2903,-1.429,-1.5708,-1.6746,-1.7047,-1.6511,-1.538,-1.4078,-1.2959,-1.2126,-1.1422,-1.0552,-0.92858,-0.75807,-0.56131,-0.36548,-0.19939,-0.088622,-0.052221,-0.099661,-0.22991,-0.43025,-0.68018,-0.957,-1.2384,-1.5004,-1.7123,-1.8429,-1.8651,-1.7713,-1.5796,-1.327,-1.0556,-0.79924,-0.57765,-0.39636,-0.25115,-0.1324,-0.02974
1.2459,1.7217,1.8856,1.3419,0.24304,-0.84623,-1.4136,-1.2951,-0.70759,-0.04232,0.35346,0.3015,-0.1715,-0.88276,-1.5926,-2.115,-2.3729,-2.3856,-2.2162,-1.9411,-1.6423,-1.3945,-1.2427,-1.1897,-1.2055,-1.2474,-1.2897,-1.3356,-1.4039,-1.5027,-1.6194,-1.7311,-1.814,-1.8486,-1.8185,-1.7175,-1.5612,-1.3891,-1.2457,-1.1641,-1.1522,-1.2031,-1.2977,-1.4089,-1.5059,-1.5599,-1.5647,-1.534,-1.4887,-1.4465,-1.4039,-1.3432,-1.2436,-1.0968,-0.9146,-0.7237,-0.55587,-0.43866,-0.39027,-0.41731,-0.5125,-0.65745,-0.82881,-1.0057,-1.174,-1.3248,-1.4491,-1.5347,-1.5626,-1.5192,-1.4042,-1.2327,-1.0309,-0.82612,-0.63883,-0.4785,-0.34597,-0.23272,-0.13063,-0.033921
1.1777,1.5976,1.7289,1.1711,0.077242,-0.97295,-1.4689,-1.2912,-0.68899,-0.048602,0.30048,0.19476,-0.33282,-1.0893,-1.8186,-2.3227,-2.5245,-2.4568,-2.2055,-1.8696,-1.5427,-1.2979,-1.1706,-1.1536,-1.2071,-1.2841,-1.3563,-1.4242,-1.5077,-1.6177,-1.7442,-1.8672,-1.9628,-2.011,-1.9897,-1.8913,-1.7237,-1.5242,-1.3402,-1.2099,-1.149,-1.1524,-1.2071,-1.2918,-1.3799,-1.4517,-1.4968,-1.5222,-1.5415,-1.5532,-1.5468,-1.4984,-1.3907,-1.2282,-1.0375,-0.85266,-0.70654,-0.62402,-0.61941,-0.69237,-0.82597,-0.98795,-1.142,-1.2639,-1.3485,-1.4029,-1.4331,-1.4351,-1.4009,-1.3223,-1.1999,-1.0454,-0.87777,-0.7156,-0.57157,-0.45034,-0.34543,-0.25101,-0.15969,-0.066056
1.0759,1.4248,1.5189,0.94982,-0.12924,-1.125,-1.5357,-1.2976,-0.6929,-0.097593,0.186,0.010241,-0.58135,-1.3827,-2.1189,-2.575,-2.6803,-2.4959,-2.1408,-1.738,-1.39,-1.1633,-1.079,-1.1169,-1.2268,-1.3565,-1.473,-1.5758,-1.6833,-1.8099,-1.9502,-2.0844,-2.1901,-2.2441,-2.227,-2.1236,-1.9418,-1.7114,-1.4838,-1.2988,-1.1774,-1.1198,-1.1169,-1.1566,-1.2246,-1.3091,-1.4034,-1.5038,-1.6043,-1.6885,-1.7265,-1.69,-1.5713,-1.3933,-1.1955,-1.0219,-0.90622,-0.87022,-0.92271,-1.0565,-1.2396,-1.4235,-1.5588,-1.6191,-1.6089,-1.5514,-1.4691,-1.3737,-1.266,-1.1451,-1.0141,-0.8815,-0.75836,-0.65263,-0.56491,-0.48789,-0.41312,-0.32941,-0.23217,-0.12279
0.99415,1.293,1.3651,0.79506,-0.26672,-1.2218,-1.5801,-1.3127,-0.72086,-0.16638,0.06664,-0.15754,-0.78838,-1.6095,-2.3342,-2.7372,-2.7576,-2.4828,-2.0575,-1.6176,-1.2665,-1.0629,-1.0166,-1.0973,-1.2501,-1.4198,-1.5722,-1.7036,-1.8317,-1.9706,-2.1169,-2.2537,-2.3603,-2.4165,-2.4036,-2.303,-2.1152,-1.8647,-1.6024,-1.3757,-1.2117,-1.1149,-1.0766,-1.0871,-1.1395,-1.227,-1.3466,-1.4901,-1.6397,-1.7675,-1.8324,-1.8044,-1.683,-1.5008,-1.3066,-1.1463,-1.0531,-1.0481,-1.1396,-1.3166,-1.542,-1.7527,-1.8837,-1.9029,-1.8246,-1.6881,-1.5305,-1.3697,-1.2151,-1.0702,-0.93912,-0.82716,-0.73798,-0.67027,-0.61642,-0.56536,-0.50121,-0.41745,-0.31256,-0.1899
0.88208,1.119,1.1701,0.61152,-0.4183,-1.3217,-1.6297,-1.3488,-0.79226,-0.3008,-0.13493,-0.41585,-1.0836,-1.9113,-2.5971,-2.9096,-2.8085,-2.4175,-1.9119,-1.4402,-1.1001,-0.93597,-0.94386,-1.0814,-1.2889,-1.5084,-1.7041,-1.8699,-2.0206,-2.1703,-2.3188,-2.4557,-2.5661,-2.6328,-2.6313,-2.5393,-2.3448,-2.0713,-1.7672,-1.4914,-1.2773,-1.1343,-1.0567,-1.0371,-1.0736,-1.1637,-1.3028,-1.4802,-1.6718,-1.8366,-1.9282,-1.9128,-1.7949,-1.6168,-1.435,-1.2966,-1.2348,-1.2704,-1.4117,-1.6464,-1.9291,-2.1801,-2.3144,-2.291,-2.1337,-1.9025,-1.6522,-1.4175,-1.2137,-1.0469,-0.91967,-0.83299,-0.78454,-0.76468,-0.75481,-0.73086,-0.67472,-0.57732,-0.44293,-0.28437
0.77074,0.95333,0.99391,0.46021,-0.52699,-1.3847,-1.668,-1.4045,-0.9036,-0.48465,-0.38385,-0.70815,-1.3914,-2.1995,-2.8217,-3.0282,-2.8041,-2.3101,-1.7443,-1.2582,-0.94025,-0.82177,-0.8852,-1.0773,-1.3331,-1.592,-1.8178,-2.0048,-2.1675,-2.3196,-2.4685,-2.6101,-2.7324,-2.8158,-2.8311,-2.7479,-2.5517,-2.2612,-1.9311,-1.6204,-1.3679,-1.1845,-1.0695,-1.0237,-1.0491,-1.1459,-1.3052,-1.506,-1.7151,-1.8895,-1.9809,-1.9628,-1.8481,-1.6846,-1.5268,-1.4204,-1.3945,-1.4685,-1.6532,-1.9392,-2.2798,-2.581,-2.7323,-2.6764,-2.4474,-2.1305,-1.8022,-1.505,-1.2619,-1.0813,-0.96575,-0.91245,-0.9104,-0.93766,-0.96291,-0.95491,-0.88857,-0.76104,-0.58546,-0.38317
0.6904,0.838,0.87794,0.3718,-0.57813,-1.4076,-1.69,-1.4589,-1.0128,-0.65302,-0.59838,-0.94469,-1.6226,-2.3978,-2.9573,-3.0799,-2.7705,-2.2122,-1.6144,-1.1274,-0.83129,-0.74801,-0.85181,-1.0831,-1.3696,-1.6486,-1.8844,-2.0734,-2.2319,-2.3793,-2.5286,-2.6785,-2.8182,-2.9219,-2.9568,-2.8858,-2.6911,-2.3902,-2.0391,-1.7046,-1.4292,-1.2285,-1.1016,-1.0492,-1.0739,-1.1759,-1.341,-1.5434,-1.7495,-1.9103,-1.9878,-1.9638,-1.8559,-1.7077,-1.5757,-1.4965,-1.4963,-1.595,-1.8062,-2.1258,-2.5034,-2.8364,-2.9988,-2.9249,-2.6555,-2.2901,-1.9142,-1.5857,-1.3254,-1.1424,-1.0383,-1.0083,-1.0372,-1.0965,-1.1453,-1.1401,-1.0609,-0.90501,-0.69306,-0.45402
0.59072,0.70105,0.74851,0.28981,-0.60577,-1.4075,-1.7122,-1.5482,-1.1904,-0.91415,-0.91596,-1.277,-1.9241,-2.6293,-3.0906,-3.1032,-2.6957,-2.0715,-1.448,-0.97113,-0.7104,-0.6754,-0.82979,-1.1051,-1.4205,-1.7101,-1.9402,-2.1129,-2.2516,-2.3864,-2.5345,-2.6998,-2.8683,-3.0102,-3.0818,-3.0379,-2.8497,-2.535,-2.1583,-1.7982,-1.5051,-1.2937,-1.1636,-1.1136,-1.1461,-1.2541,-1.4206,-1.6157,-1.7987,-1.9316,-1.9821,-1.9419,-1.836,-1.7115,-1.6105,-1.5651,-1.5959,-1.7215,-1.9582,-2.3055,-2.7182,-3.0868,-3.2672,-3.1786,-2.8668,-2.4511,-2.0373,-1.6818,-1.4137,-1.2421,-1.1659,-1.1749,-1.2456,-1.339,-1.4038,-1.3917,-1.2783,-1.0725,-0.80638,-0.51774
0.52311,0.61278,0.67216,0.25407,-0.59863,-1.3874,-1.724,-1.6265,-1.3443,-1.1331,-1.1722,-1.5319,-2.1379,-2.7732,-3.1525,-3.0881,-2.6212,-1.9629,-1.3314,-0.86879,-0.6382,-0.64114,-0.8321,-1.1346,-1.4617,-1.7455,-1.9564,-2.1034,-2.2201,-2.3413,-2.4891,-2.6685,-2.8644,-3.0414,-3.1458,-3.1212,-2.9346,-2.6087,-2.2187,-1.8498,-1.5528,-1.3423,-1.2166,-1.176,-1.2208,-1.3411,-1.5125,-1.6968,-1.8521,-1.9456,-1.9585,-1.8981,-1.7948,-1.6893,-1.616,-1.5976,-1.6498,-1.7896,-2.0355,-2.3905,-2.8123,-3.1881,-3.3673,-3.2669,-2.9403,-2.5149,-2.0965,-1.7467,-1.4892,-1.3325,-1.2761,-1.3095,-1.406,-1.5188,-1.5875,-1.5591,-1.4133,-1.167,-0.86239,-0.54234
0.44364,0.51636,0.59744,0.23754,-0.55966,-1.3403,-1.7371,-1.7426,-1.57,-1.4456,-1.5262,-1.8669,-2.3976,-2.9239,-3.1889,-3.0328,-2.5082,-1.8233,-1.193,-0.75607,-0.56895,-0.62303,-0.86104,-1.1936,-1.5261,-1.7874,-1.9557,-2.055,-2.1319,-2.2301,-2.3761,-2.577,-2.814,-3.0418,-3.1906,-3.1903,-3.004,-2.6644,-2.2597,-1.884,-1.5897,-1.3927,-1.2897,-1.278,-1.3518,-1.4926,-1.6644,-1.8218,-1.9261,-1.9547,-1.9119,-1.8223,-1.7216,-1.6415,-1.6046,-1.6206,-1.6967,-1.8467,-2.0898,-2.4341,-2.8368,-3.1916,-3.3548,-3.249,-2.9295,-2.5217,-2.1307,-1.8103,-1.5849,-1.4615,-1.4372,-1.4977,-1.6118,-1.7275,-1.7808,-1.718,-1.5254,-1.2298,-0.88023,-0.52363
0.37617,0.44398,0.55208,0.24963,-0.49702,-1.2804,-1.751,-1.8711,-1.8118,-1.7693,-1.8761,-2.1785,-2.6168,-3.0222,-3.1756,-2.9434,-2.3811,-1.6878,-1.0712,-0.66672,-0.52563,-0.63101,-0.91449,-1.2739,-1.6043,-1.833,-1.9464,-1.9871,-2.0172,-2.088,-2.2324,-2.4537,-2.73,-3.0036,-3.1924,-3.2109,-3.0238,-2.6728,-2.2607,-1.8862,-1.6047,-1.4294,-1.3588,-1.3865,-1.4984,-1.6647,-1.836,-1.9606,-2.0035,-1.9612,-1.8607,-1.7427,-1.6442,-1.5888,-1.5835,-1.626,-1.7172,-1.869,-2.1001,-2.414,-2.7756,-3.0818,-3.2062,-3.0935,-2.8048,-2.4525,-2.1236,-1.862,-1.6844,-1.5956,-1.5942,-1.6666,-1.7797,-1.8777,-1.8941,-1.7834,-1.5382,-1.1984,-0.81934,-0.44706
0.33233,0.40445,0.53555,0.27244,-0.44129,-1.2327,-1.7641,-1.9729,-1.9969,-2.0069,-2.1215,-2.3833,-2.7444,-3.0586,-3.1339,-2.8552,-2.2773,-1.5887,-0.98975,-0.61279,-0.50657,-0.64954,-0.96569,-1.3442,-1.6714,-1.8743,-1.9465,-1.9423,-1.934,-1.9807,-2.1162,-2.3465,-2.6482,-2.9563,-3.1727,-3.2015,-3.0067,-2.6461,-2.2332,-1.87,-1.6067,-1.4542,-1.4092,-1.4666,-1.6099,-1.7999,-1.9769,-2.0791,-2.0741,-1.9752,-1.8266,-1.6825,-1.5825,-1.5424,-1.5595,-1.6234,-1.7275,-1.8783,-2.0912,-2.3733,-2.6845,-2.938,-3.0302,-2.9227,-2.6728,-2.3768,-2.1075,-1.8988,-1.7621,-1.6998,-1.7088,-1.7752,-1.8667,-1.9304,-1.906,-1.7531,-1.4771,-1.1186,-0.73034,-0.35483
0.2803,0.36838,0.53152,0.31598,-0.36231,-1.1708,-1.7851,-2.1109,-2.2359,-2.2987,-2.4051,-2.6007,-2.8561,-3.0553,-3.0371,-2.7089,-2.1251,-1.457,-0.89107,-0.5546,-0.49458,-0.68539,-1.043,-1.4454,-1.7695,-1.9391,-1.9589,-1.8974,-1.8413,-1.8551,-1.9733,-2.2066,-2.5281,-2.8679,-3.1106,-3.1486,-2.9467,-2.5797,-2.1736,-1.8311,-1.5967,-1.4793,-1.4763,-1.5814,-1.7724,-1.9966,-2.1765,-2.2426,-2.1719,-1.9994,-1.7957,-1.6254,-1.5251,-1.5015,-1.5395,-1.6176,-1.7245,-1.8648,-2.0519,-2.2858,-2.5354,-2.7244,-2.7765,-2.677,-2.4828,-2.2701,-2.0879,-1.9544,-1.8702,-1.8331,-1.8401,-1.8803,-1.9252,-1.9274,-1.8367,-1.628,-1.3154,-0.94132,-0.55423,-0.1898
0.23201,0.34721,0.54368,0.36766,-0.28516,-1.1148,-1.8092,-2.2415,-2.4497,-2.5413,-2.6181,-2.7403,-2.8972,-2.994,-2.8973,-2.5333,-1.9557,-1.3193,-0.79528,-0.5036,-0.48895,-0.724,-1.1208,-1.5499,-1.8764,-2.0196,-1.9901,-1.874,-1.7702,-1.7494,-1.8489,-2.0777,-2.4073,-2.7597,-3.012,-3.0491,-2.8456,-2.485,-2.1006,-1.7875,-1.5876,-1.5066,-1.5453,-1.6978,-1.9366,-2.1975,-2.3879,-2.4279,-2.3006,-2.0631,-1.8052,-1.6024,-1.4916,-1.4722,-1.5194,-1.6055,-1.713,-1.8409,-1.9975,-2.1835,-2.3684,-2.4977,-2.5247,-2.4502,-2.3215,-2.1922,-2.0913,-2.0223,-1.9786,-1.9542,-1.9449,-1.9405,-1.9177,-1.841,-1.6783,-1.4192,-1.0841,-0.7121,-0.34091,0.0028438
0.19545,0.33824,0.56014,0.40871,-0.23123,-1.078,-1.8271,-2.3293,-2.5844,-2.6792,-2.7219,-2.7878,-2.8798,-2.912,-2.7661,-2.3833,-1.8172,-1.2104,-0.72201,-0.46564,-0.48387,-0.74888,-1.1716,-1.6189,-1.9498,-2.08,-2.0232,-1.8734,-1.7361,-1.6872,-1.7671,-1.9854,-2.3138,-2.6683,-2.919,-2.9505,-2.7443,-2.3949,-2.0338,-1.7517,-1.5839,-1.5336,-1.6029,-1.7884,-2.0605,-2.3504,-2.5529,-2.5794,-2.4176,-2.1374,-1.8437,-1.618,-1.4955,-1.4707,-1.5146,-1.595,-1.6925,-1.8046,-1.9376,-2.0898,-2.2379,-2.3385,-2.36,-2.3109,-2.2318,-2.1615,-2.1145,-2.0854,-2.06,-2.0306,-1.9952,-1.9481,-1.8719,-1.7393,-1.528,-1.2375,-0.89116,-0.52363,-0.16752,0.15593
0.14163,0.33055,0.58776,0.46308,-0.16497,-1.0355,-1.8479,-2.4243,-2.7178,-2.794,-2.7787,-2.7768,-2.7984,-2.7622,-2.5649,-2.1661,-1.6211,-1.0582,-0.62015,-0.41095,-0.47034,-0.77028,-1.2207,-1.6855,-2.0223,-2.1447,-2.0682,-1.8884,-1.7162,-1.6321,-1.6808,-1.8751,-2.1851,-2.5235,-2.7571,-2.7757,-2.5721,-2.2487,-1.9309,-1.7003,-1.5812,-1.5769,-1.6887,-1.9148,-2.2276,-2.5502,-2.769,-2.7876,-2.595,-2.2742,-1.9411,-1.6828,-1.535,-1.4902,-1.5164,-1.5794,-1.6562,-1.7405,-1.837,-1.9478,-2.0564,-2.1374,-2.1735,-2.1728,-2.1614,-2.1596,-2.1672,-2.1707,-2.154,-2.1093,-2.0351,-1.9281,-1.7781,-1.5715,-1.3024,-0.97874,-0.62753,-0.27653,0.052845,0.34845
0.09491,0.32446,0.61022,0.50258,-0.1204,-1.0066,-1.858,-2.4744,-2.7791,-2.8267,-2.7645,-2.7184,-2.7011,-2.6268,-2.4003,-1.9939,-1.4664,-0.93724,-0.53736,-0.36296,-0.45066,-0.77184,-1.2364,-1.7086,-2.0488,-2.1716,-2.092,-1.9021,-1.7136,-1.6081,-1.6334,-1.8032,-2.0868,-2.397,-2.6056,-2.611,-2.416,-2.1217,-1.8466,-1.6606,-1.5815,-1.61,-1.7489,-1.9997,-2.337,-2.6827,-2.9178,-2.9397,-2.7365,-2.3959,-2.0409,-1.7615,-1.593,-1.5266,-1.5301,-1.5682,-1.6189,-1.6768,-1.7465,-1.8296,-1.9195,-1.9992,-2.0577,-2.1003,-2.1407,-2.1846,-2.2234,-2.237,-2.2109,-2.1417,-2.0329,-1.8857,-1.6934,-1.4467,-1.1452,-0.80538,-0.44986,-0.10497,0.21011,0.48594
0.020555,0.31163,0.63814,0.55181,-0.066429,-0.9698,-1.8578,-2.505,-2.8023,-2.7999,-2.6783,-2.5892,-2.5397,-2.432,-2.178,-1.7648,-1.2591,-0.77323,-0.42308,-0.29262,-0.41217,-0.75144,-1.2222,-1.6941,-2.0345,-2.1636,-2.0941,-1.9103,-1.716,-1.5916,-1.5868,-1.7166,-1.9521,-2.209,-2.3721,-2.357,-2.1776,-1.9295,-1.7176,-1.5966,-1.5741,-1.6439,-1.8105,-2.0814,-2.4378,-2.8057,-3.065,-3.1057,-2.91,-2.5652,-2.1953,-1.8927,-1.6944,-1.592,-1.5571,-1.557,-1.5701,-1.5899,-1.6211,-1.6714,-1.7413,-1.8279,-1.9256,-2.0304,-2.1366,-2.231,-2.2941,-2.3062,-2.2609,-2.1617,-2.0145,-1.8207,-1.5773,-1.284,-0.9506,-0.59659,-0.24557,0.081471,0.37377,0.62834
-0.071848,0.28911,0.6603,0.59512,-0.01694,-0.92996,-1.8364,-2.4902,-2.7595,-2.7029,-2.5338,-2.4208,-2.3598,-2.2374,-1.9663,-1.5497,-1.064,-0.61681,-0.31185,-0.21998,-0.3625,-0.70607,-1.1659,-1.6207,-1.9511,-2.0888,-2.0445,-1.8908,-1.7126,-1.5835,-1.552,-1.6365,-1.8127,-2.0044,-2.1121,-2.0737,-1.9108,-1.7111,-1.5632,-1.5063,-1.5375,-1.6445,-1.8325,-2.1136,-2.4744,-2.8477,-3.1194,-3.1831,-3.0157,-2.6967,-2.3412,-2.0367,-1.8198,-1.6867,-1.6109,-1.5656,-1.5333,-1.5096,-1.5007,-1.5174,-1.5718,-1.6702,-1.8098,-1.9765,-2.1446,-2.2816,-2.3579,-2.3571,-2.2812,-2.1444,-1.9607,-1.7356,-1.4671,-1.1549,-0.809,-0.44976,-0.10333,0.21396,0.49296,0.7324
-0.1551,0.26332,0.67143,0.62415,0.017883,-0.89665,-1.8045,-2.4485,-2.6859,-2.5914,-2.3992,-2.2818,-2.2247,-2.1008,-1.8227,-1.4056,-0.9326,-0.51082,-0.23599,-0.1687,-0.32234,-0.66057,-1.1006,-1.5307,-1.8434,-1.9848,-1.9676,-1.8494,-1.6981,-1.5765,-1.5302,-1.5808,-1.7074,-1.8446,-1.908,-1.851,-1.6995,-1.5345,-1.4302,-1.4164,-1.4825,-1.613,-1.8128,-2.0947,-2.4478,-2.8145,-3.0874,-3.168,-3.0342,-2.7497,-2.4219,-2.1322,-1.9155,-1.7679,-1.6694,-1.5952,-1.5308,-1.4735,-1.4316,-1.4216,-1.4606,-1.5631,-1.7284,-1.9349,-2.142,-2.3021,-2.3801,-2.3631,-2.2655,-2.1107,-1.9147,-1.68,-1.4018,-1.0809,-0.73039,-0.37376,-0.032687,0.27555,0.54456,0.77523
-0.28676,0.21432,0.67667,0.65577,0.061464,-0.84512,-1.7401,-2.3531,-2.5434,-2.4079,-2.202,-2.0971,-2.0575,-1.9409,-1.6598,-1.2431,-0.78444,-0.39186,-0.1521,-0.1124,-0.27482,-0.59722,-0.99844,-1.3777,-1.6518,-1.7886,-1.8057,-1.7439,-1.6447,-1.5489,-1.4944,-1.5045,-1.567,-1.6319,-1.6371,-1.555,-1.4165,-1.2916,-1.239,-1.2749,-1.3792,-1.532,-1.7344,-2.0011,-2.3299,-2.6721,-2.9408,-3.0498,-2.9705,-2.755,-2.4873,-2.2384,-2.0405,-1.8931,-1.7765,-1.673,-1.5709,-1.4698,-1.3816,-1.3304,-1.3432,-1.4421,-1.6275,-1.8693,-2.111,-2.2903,-2.365,-2.3307,-2.2121,-2.0406,-1.8356,-1.5997,-1.3268,-1.0152,-0.67565,-0.32912,0.0008284,0.29997,0.56204,0.78773
-0.40182,0.16514,0.67144,0.67309,0.092018,-0.80085,-1.6755,-2.2555,-2.4103,-2.2539,-2.0517,-1.9674,-1.9501,-1.8453,-1.5652,-1.1486,-0.69907,-0.32474,-0.1065,-0.083417,-0.24879,-0.55401,-0.91835,-1.2515,-1.4881,-1.6126,-1.6487,-1.6277,-1.5735,-1.506,-1.4546,-1.4409,-1.4601,-1.4747,-1.4412,-1.3425,-1.2131,-1.1136,-1.0926,-1.1562,-1.2795,-1.4398,-1.6388,-1.8925,-2.2002,-2.5216,-2.78,-2.9009,-2.8611,-2.7009,-2.4926,-2.2957,-2.1349,-2.005,-1.8904,-1.7723,-1.6426,-1.5057,-1.3795,-1.2933,-1.2801,-1.3673,-1.5555,-1.8093,-2.0631,-2.2461,-2.3148,-2.2689,-2.1409,-1.9675,-1.7685,-1.5441,-1.2854,-0.98899,-0.66456,-0.33104,-0.011721,0.27954,0.53712,0.76173
-0.57674,0.081573,0.65028,0.68603,0.12799,-0.73802,-1.5715,-2.0999,-2.2095,-2.0391,-1.8563,-1.8102,-1.8328,-1.7522,-1.4803,-1.0658,-0.62537,-0.27038,-0.075566,-0.069065,-0.23289,-0.50989,-0.8192,-1.0834,-1.2622,-1.3607,-1.4095,-1.4321,-1.4318,-1.4053,-1.3665,-1.333,-1.3073,-1.2713,-1.1995,-1.0893,-0.97175,-0.89798,-0.90415,-0.98986,-1.1276,-1.2923,-1.4857,-1.722,-2.0011,-2.292,-2.5311,-2.662,-2.6701,-2.5865,-2.4667,-2.3519,-2.2552,-2.1675,-2.0688,-1.9451,-1.7919,-1.617,-1.4424,-1.3043,-1.2459,-1.2987,-1.466,-1.7091,-1.9556,-2.129,-2.1863,-2.131,-2.0023,-1.8397,-1.6634,-1.4712,-1.2499,-0.99016,-0.69636,-0.38724,-0.080883,0.20544,0.46279,0.68927
-0.77496,-0.022911,0.61098,0.68285,0.15401,-0.67571,-1.4579,-1.9277,-1.9992,-1.8278,-1.675,-1.6751,-1.7437,-1.6972,-1.4426,-1.0349,-0.60146,-0.25943,-0.080993,-0.084856,-0.24139,-0.48559,-0.73751,-0.93244,-1.0504,-1.1138,-1.1598,-1.2059,-1.2418,-1.2509,-1.2309,-1.1935,-1.1464,-1.0824,-0.98991,-0.87551,-0.76864,-0.7144,-0.7392,-0.83969,-0.98416,-1.1496,-1.3326,-1.5473,-1.7996,-2.0613,-2.2858,-2.4276,-2.4744,-2.4574,-2.4191,-2.3899,-2.3719,-2.3443,-2.2823,-2.1672,-1.9955,-1.7804,-1.5531,-1.36,-1.2493,-1.258,-1.3875,-1.5957,-1.8095,-1.9559,-1.9967,-1.9413,-1.8263,-1.6891,-1.5481,-1.3997,-1.2282,-1.0191,-0.76986,-0.4913,-0.20421,0.075347,0.33591,0.57233
-0.93701,-0.11371,0.56793,0.66861,0.16368,-0.63421,-1.3726,-1.7977,-1.8441,-1.6776,-1.5518,-1.5874,-1.6926,-1.6767,-1.44,-1.0411,-0.6137,-0.27864,-0.10752,-0.11444,-0.26254,-0.48138,-0.69227,-0.83896,-0.91229,-0.94356,-0.97532,-1.0242,-1.076,-1.1062,-1.1023,-1.0713,-1.0208,-0.94852,-0.8515,-0.73998,-0.64555,-0.6065,-0.64541,-0.75203,-0.89536,-1.0538,-1.2277,-1.4323,-1.6716,-1.9204,-2.1352,-2.2781,-2.345,-2.3653,-2.3799,-2.4117,-2.4531,-2.474,-2.4421,-2.337,-2.1572,-1.92,-1.6609,-1.4301,-1.2818,-1.2511,-1.3394,-1.505,-1.6781,-1.7927,-1.8177,-1.7641,-1.6679,-1.5618,-1.4595,-1.355,-1.23,-1.0654,-0.85326,-0.60071,-0.32511,-0.046839,0.21859,0.46285
-1.1665,-0.25042,0.49234,0.63049,0.16025,-0.59097,-1.2679,-1.6334,-1.6508,-1.4964,-1.4073,-1.4882,-1.6415,-1.6673,-1.4588,-1.0752,-0.65765,-0.33227,-0.16819,-0.17309,-0.30512,-0.49181,-0.65586,-0.74757,-0.76469,-0.74819,-0.74565,-0.78016,-0.83762,-0.88654,-0.90435,-0.88969,-0.84748,-0.78233,-0.69608,-0.60322,-0.53114,-0.5123,-0.56315,-0.67074,-0.80852,-0.95678,-1.1218,-1.3182,-1.5466,-1.7848,-1.9915,-2.1357,-2.2194,-2.2741,-2.3398,-2.4348,-2.5431,-2.6219,-2.6297,-2.5391,-2.3494,-2.0848,-1.7899,-1.5205,-1.329,-1.2502,-1.2812,-1.382,-1.492,-1.559,-1.5616,-1.5147,-1.4469,-1.3848,-1.3392,-1.3018,-1.2498,-1.1562,-1.0028,-0.78788,-0.52967,-0.24936,0.031774,0.29876
-1.4054,-0.40133,0.39703,0.56975,0.13406,-0.56882,-1.1838,-1.4921,-1.4856,-1.3438,-1.2869,-1.4078,-1.603,-1.6681,-1.4899,-1.1247,-0.7195,-0.40346,-0.24357,-0.24255,-0.35523,-0.51031,-0.63423,-0.68194,-0.65307,-0.59181,-0.54882,-0.5542,-0.59997,-0.65462,-0.69141,-0.69917,-0.6797,-0.63768,-0.57763,-0.51216,-0.46542,-0.46639,-0.52695,-0.63642,-0.76839,-0.91095,-1.0697,-1.2594,-1.4832,-1.7158,-1.9187,-2.0634,-2.153,-2.2233,-2.3149,-2.4437,-2.5881,-2.7002,-2.7271,-2.643,-2.451,-2.1792,-1.8729,-1.5859,-1.3693,-1.2506,-1.2262,-1.2605,-1.3042,-1.32,-1.2998,-1.2584,-1.2225,-1.2123,-1.2328,-1.2711,-1.299,-1.2811,-1.1883,-1.0121,-0.76421,-0.4749,-0.17385,0.11722
-1.5858,-0.52047,0.31303,0.50807,0.097167,-0.56966,-1.1394,-1.4085,-1.3867,-1.2526,-1.216,-1.3592,-1.5778,-1.668,-1.5115,-1.1627,-0.76864,-0.45909,-0.30019,-0.29273,-0.39008,-0.52183,-0.61874,-0.63943,-0.58536,-0.49761,-0.42688,-0.4074,-0.43575,-0.48702,-0.53343,-0.55991,-0.56447,-0.5469,-0.51129,-0.46963,-0.44563,-0.46384,-0.53491,-0.64534,-0.77215,-0.90648,-1.0587,-1.2466,-1.4722,-1.709,-1.9159,-2.0609,-2.1471,-2.2125,-2.2999,-2.429,-2.5786,-2.6953,-2.7275,-2.6436,-2.4472,-2.1709,-1.8634,-1.5788,-1.3594,-1.2284,-1.1769,-1.171,-1.1715,-1.1543,-1.1182,-1.0837,-1.0714,-1.0974,-1.1644,-1.2586,-1.3489,-1.3926,-1.3499,-1.2015,-0.96101,-0.66027,-0.33641,-0.01875
-1.8195,-0.68319,0.18677,0.40449,0.023418,-0.59758,-1.1092,-1.3326,-1.2927,-1.1674,-1.1491,-1.3093,-1.5435,-1.6547,-1.5239,-1.1998,-0.8241,-0.52412,-0.36357,-0.3421,-0.4147,-0.51604,-0.58346,-0.57829,-0.50236,-0.39115,-0.29517,-0.2474,-0.25387,-0.29631,-0.35026,-0.39956,-0.43522,-0.45265,-0.453,-0.44653,-0.45389,-0.49518,-0.57621,-0.68432,-0.80364,-0.93152,-1.0848,-1.2808,-1.5164,-1.7634,-1.9736,-2.1124,-2.1837,-2.2263,-2.287,-2.387,-2.5065,-2.5969,-2.6036,-2.5023,-2.3016,-2.0349,-1.748,-1.4852,-1.286,-1.1604,-1.0936,-1.0539,-1.0124,-0.95981,-0.9089,-0.87879,-0.89321,-0.96525,-1.0946,-1.2639,-1.4363,-1.5588,-1.5774,-1.464,-1.2252,-0.90356,-0.54821,-0.1975
-1.9839,-0.80486,0.082551,0.31186,-0.050691,-0.63834,-1.1105,-1.3041,-1.2535,-1.1335,-1.1235,-1.2854,-1.5185,-1.6338,-1.5161,-1.2116,-0.85318,-0.56136,-0.39698,-0.35985,-0.40906,-0.48722,-0.53849,-0.52507,-0.44401,-0.32556,-0.2172,-0.15465,-0.14859,-0.18569,-0.24396,-0.30707,-0.36328,-0.40596,-0.43214,-0.45067,-0.47767,-0.53217,-0.61828,-0.72709,-0.84579,-0.97686,-1.1373,-1.343,-1.5901,-1.8447,-2.0559,-2.1865,-2.2384,-2.251,-2.2739,-2.3317,-2.4086,-2.4596,-2.4365,-2.317,-2.1112,-1.8523,-1.5833,-1.3471,-1.1708,-1.061,-0.99987,-0.95616,-0.90519,-0.84354,-0.78694,-0.76433,-0.79591,-0.89448,-1.0597,-1.2743,-1.4994,-1.676,-1.7398,-1.6492,-1.4142,-1.079,-0.70005,-0.32236
-2.1804,-0.96176,-0.065293,0.16906,-0.17304,-0.72013,-1.1444,-1.3024,-1.2423,-1.1284,-1.1228,-1.2756,-1.4897,-1.5932,-1.4828,-1.2009,-0.86674,-0.58789,-0.41733,-0.35454,-0.36747,-0.41307,-0.44731,-0.43485,-0.36231,-0.25019,-0.1397,-0.07079,-0.058114,-0.093683,-0.15865,-0.23596,-0.31389,-0.38171,-0.43307,-0.47294,-0.51652,-0.58328,-0.67925,-0.79709,-0.92444,-1.0664,-1.2399,-1.4627,-1.7295,-1.9994,-2.2148,-2.3306,-2.3445,-2.301,-2.254,-2.2353,-2.2367,-2.2211,-2.1467,-1.9947,-1.7763,-1.5243,-1.2799,-1.0782,-0.94549,-0.87929,-0.85279,-0.82934,-0.7856,-0.72475,-0.67296,-0.6564,-0.70352,-0.8287,-1.0318,-1.2945,-1.5755,-1.809,-1.92,-1.8576,-1.6245,-1.2725,-0.86743,-0.46181
-2.3444,-1.1072,-0.21903,0.007164,-0.32085,-0.83173,-1.2122,-1.3409,-1.2738,-1.1648,-1.1566,-1.2896,-1.4709,-1.5465,-1.432,-1.1659,-0.85363,-0.58815,-0.41262,-0.32473,-0.3003,-0.31147,-0.32871,-0.321,-0.26939,-0.18221,-0.093119,-0.037841,-0.034973,-0.078219,-0.15121,-0.23837,-0.32467,-0.40002,-0.45797,-0.50421,-0.55521,-0.62889,-0.73435,-0.86331,-1.0086,-1.1729,-1.3761,-1.6313,-1.9247,-2.2104,-2.4205,-2.5057,-2.4672,-2.3509,-2.2206,-2.1152,-2.034,-1.9469,-1.8206,-1.6392,-1.4124,-1.1679,-0.94177,-0.7707,-0.67248,-0.6461,-0.6646,-0.68786,-0.68612,-0.6572,-0.62281,-0.62039,-0.67628,-0.8085,-1.0213,-1.3009,-1.6082,-1.8749,-2.0179,-1.9776,-1.7516,-1.3942,-0.97747,-0.55848
-2.4426,-1.2067,-0.33678,-0.12412,-0.4455,-0.93164,-1.2832,-1.3925,-1.3219,-1.215,-1.2022,-1.3152,-1.4654,-1.5139,-1.3896,-1.1311,-0.83317,-0.57753,-0.3996,-0.29444,-0.2431,-0.22917,-0.23419,-0.23182,-0.20149,-0.14277,-0.081219,-0.047808,-0.061053,-0.11607,-0.19763,-0.28964,-0.37663,-0.44728,-0.49657,-0.53225,-0.57479,-0.64655,-0.75829,-0.9036,-1.0735,-1.2678,-1.5022,-1.7851,-2.0974,-2.3888,-2.5867,-2.6407,-2.5546,-2.3801,-2.1854,-2.0155,-1.8764,-1.7424,-1.5847,-1.3845,-1.1474,-0.90032,-0.68081,-0.52434,-0.45224,-0.46326,-0.52664,-0.59627,-0.63572,-0.63778,-0.62606,-0.63045,-0.68622,-0.81501,-1.023,-1.2972,-1.6005,-1.8677,-2.0181,-1.9906,-1.7772,-1.4279,-1.0128,-0.59055
-2.5386,-1.3258,-0.49425,-0.30851,-0.62656,-1.0815,-1.3971,-1.485,-1.4106,-1.3062,-1.2846,-1.3683,-1.4728,-1.4802,-1.3383,-1.0855,-0.80446,-0.56194,-0.38187,-0.25564,-0.17153,-0.12783,-0.11997,-0.12892,-0.13112,-0.11748,-0.10208,-0.10997,-0.15557,-0.23479,-0.33076,-0.42447,-0.50223,-0.55125,-0.56982,-0.57109,-0.58486,-0.64417,-0.76675,-0.94686,-1.1652,-1.4136,-1.6947,-2.012,-2.3443,-2.631,-2.7988,-2.7979,-2.638,-2.385,-2.1126,-1.8692,-1.6646,-1.481,-1.2872,-1.0683,-0.82756,-0.58626,-0.37707,-0.23596,-0.18708,-0.23268,-0.34681,-0.48213,-0.59252,-0.6567,-0.68376,-0.7081,-0.76068,-0.86664,-1.0382,-1.2701,-1.5336,-1.7723,-1.9118,-1.8926,-1.7015,-1.3776,-0.98495,-0.57967
-2.5965,-1.4282,-0.65006,-0.49967,-0.81789,-1.2437,-1.5242,-1.5937,-1.5178,-1.4168,-1.388,-1.4431,-1.5033,-1.4692,-1.3054,-1.0548,-0.78844,-0.55781,-0.37674,-0.23519,-0.12721,-0.061752,-0.045936,-0.068487,-0.10339,-0.13556,-0.17034,-0.22814,-0.3189,-0.43333,-0.54717,-0.63702,-0.68659,-0.69104,-0.65649,-0.6084,-0.58413,-0.62653,-0.75642,-0.97032,-1.2426,-1.5543,-1.8948,-2.2526,-2.5949,-2.8569,-2.9676,-2.8911,-2.6543,-2.3269,-1.9877,-1.6881,-1.4418,-1.2302,-1.027,-0.8077,-0.5694,-0.33122,-0.12746,0.0046445,0.034704,-0.044931,-0.21094,-0.41379,-0.59794,-0.72771,-0.80205,-0.84201,-0.88337,-0.95511,-1.0732,-1.2373,-1.4269,-1.6005,-1.701,-1.6776,-1.5121,-1.2289,-0.87558,-0.50052
-2.6185,-1.4956,-0.76514,-0.64542,-0.96364,-1.3664,-1.6215,-1.6778,-1.6026,-1.5063,-1.4752,-1.5137,-1.5442,-1.4807,-1.3005,-1.049,-0.79047,-0.56781,-0.38857,-0.24127,-0.12354,-0.049844,-0.032742,-0.065034,-0.12175,-0.18512,-0.25658,-0.35271,-0.48121,-0.62541,-0.75523,-0.84008,-0.86109,-0.8189,-0.7312,-0.63392,-0.57575,-0.60311,-0.74193,-0.98353,-1.2983,-1.6545,-2.0336,-2.4135,-2.7504,-2.9785,-3.0328,-2.8944,-2.6023,-2.2339,-1.8627,-1.5365,-1.2698,-1.0498,-0.84615,-0.63613,-0.41201,-0.18723,0.0071548,0.13103,0.15275,0.057695,-0.13771,-0.38664,-0.62841,-0.81491,-0.92835,-0.98665,-1.0182,-1.0536,-1.1148,-1.2101,-1.3297,-1.4434,-1.5049,-1.4699,-1.319,-1.0642,-0.74366,-0.39968
-2.6251,-1.576,-0.91556,-0.83737,-1.1554,-1.5256,-1.7444,-1.7844,-1.712,-1.6261,-1.5984,-1.622,-1.6203,-1.5221,-1.3211,-1.0667,-0.8165,-0.60477,-0.43349,-0.28895,-0.17043,-0.096999,-0.085761,-0.13207,-0.21412,-0.31234,-0.42645,-0.56837,-0.74102,-0.92198,-1.0696,-1.1443,-1.1259,-1.0185,-0.85222,-0.6794,-0.56355,-0.56181,-0.70577,-0.98356,-1.3548,-1.7698,-2.1905,-2.5804,-2.887,-3.0487,-3.0193,-2.8002,-2.4465,-2.0343,-1.6353,-1.2953,-1.0277,-0.81672,-0.63468,-0.45115,-0.25301,-0.05007,0.12769,0.23987,0.24858,0.13287,-0.097808,-0.40051,-0.7106,-0.96647,-1.1357,-1.2148,-1.2308,-1.2171,-1.2016,-1.2005,-1.2154,-1.2326,-1.225,-1.1621,-1.0203,-0.80272,-0.5304,-0.23224
-2.6181,-1.6316,-1.0259,-0.97881,-1.2937,-1.6371,-1.8293,-1.8575,-1.7884,-1.713,-1.6927,-1.7114,-1.6919,-1.5721,-1.3571,-1.1,-0.85548,-0.65289,-0.49095,-0.35563,-0.24622,-0.18201,-0.18155,-0.24123,-0.34028,-0.45786,-0.59459,-0.76147,-0.96072,-1.1662,-1.3252,-1.3908,-1.3392,-1.1801,-0.95385,-0.72263,-0.55907,-0.5292,-0.66661,-0.96244,-1.3663,-1.8218,-2.27,-2.6571,-2.9284,-3.0249,-2.9253,-2.6523,-2.2662,-1.8406,-1.4385,-1.1012,-0.84274,-0.64911,-0.49199,-0.33818,-0.16892,0.010818,0.17274,0.27388,0.27442,0.14772,-0.10177,-0.43513,-0.78856,-1.0949,-1.3057,-1.4101,-1.4219,-1.3716,-1.2929,-1.2133,-1.1477,-1.0945,-1.0356,-0.94395,-0.80171,-0.60141,-0.35524,-0.085473
-2.6001,-1.7036,-1.1705,-1.1612,-1.4678,-1.7732,-1.9305,-1.9439,-1.8805,-1.8213,-1.8147,-1.8346,-1.8003,-1.6596,-1.4313,-1.1711,-0.93291,-0.74263,-0.59687,-0.48153,-0.39643,-0.35905,-0.38448,-0.4674,-0.58495,-0.71668,-0.86431,-1.0453,-1.2668,-1.4974,-1.673,-1.7274,-1.6298,-1.3994,-1.0937,-0.78911,-0.56658,-0.49653,-0.61611,-0.915,-1.3405,-1.8189,-2.2793,-2.6523,-2.871,-2.8929,-2.7155,-2.3861,-1.975,-1.5487,-1.1611,-0.84499,-0.61171,-0.45105,-0.33197,-0.2207,-0.094058,0.048492,0.18256,0.26707,0.25623,0.11961,-0.14574,-0.50796,-0.9059,-1.267,-1.5326,-1.6687,-1.6796,-1.5936,-1.4488,-1.2813,-1.1174,-0.96933,-0.83348,-0.69492,-0.53429,-0.34286,-0.12336,0.11224
-2.5788,-1.7766,-1.3135,-1.3356,-1.6285,-1.8947,-2.0192,-2.0198,-1.9616,-1.9169,-1.9254,-1.9523,-1.9142,-1.7644,-1.5302,-1.2715,-1.0399,-0.86026,-0.73212,-0.64495,-0.5976,-0.60142,-0.6639,-0.77388,-0.90483,-1.0372,-1.1752,-1.3494,-1.5736,-1.8144,-1.9994,-2.0434,-1.9086,-1.6181,-1.2424,-0.86814,-0.58458,-0.46508,-0.55307,-0.83651,-1.2594,-1.7367,-2.185,-2.5261,-2.6943,-2.6588,-2.4375,-2.0866,-1.6757,-1.265,-0.89998,-0.61191,-0.41276,-0.29031,-0.21646,-0.15274,-0.070299,0.036177,0.14449,0.21169,0.19421,0.056579,-0.20929,-0.57884,-0.99874,-1.3997,-1.7132,-1.894,-1.9267,-1.8284,-1.6379,-1.4007,-1.1554,-0.92568,-0.71779,-0.52391,-0.33171,-0.13003,0.0829,0.30086
-2.565,-1.8342,-1.4196,-1.4611,-1.7406,-1.979,-2.0815,-2.0744,-2.019,-1.9821,-1.9999,-2.0339,-1.9986,-1.8497,-1.6166,-1.3625,-1.1367,-0.9643,-0.84947,-0.7868,-0.77368,-0.81399,-0.90795,-1.0392,-1.1773,-1.3031,-1.4268,-1.586,-1.7994,-2.0366,-2.2176,-2.253,-2.0992,-1.7777,-1.3603,-0.93844,-0.60532,-0.44137,-0.49115,-0.74765,-1.1512,-1.6165,-2.0507,-2.3695,-2.5107,-2.449,-2.212,-1.8614,-1.4643,-1.077,-0.74048,-0.48154,-0.31015,-0.21638,-0.16974,-0.13298,-0.076912,0.0054436,0.094571,0.15165,0.13063,-0.002277,-0.2586,-0.62043,-1.0418,-1.4579,-1.8001,-2.014,-2.0735,-1.9874,-1.7901,-1.5264,-1.2381,-0.95563,-0.69374,-0.45375,-0.22666,-0.0058906,0.21152,0.42338
-2.5532,-1.9153,-1.5604,-1.6207,-1.8817,-2.0879,-2.1678,-2.1525,-2.0976,-2.0654,-2.0897,-2.1331,-2.1069,-1.9661,-1.7418,-1.4978,-1.2813,-1.1198,-1.0243,-0.99452,-1.0274,-1.1194,-1.2579,-1.415,-1.5564,-1.6648,-1.7615,-1.8902,-2.0793,-2.3023,-2.4742,-2.5007,-2.3287,-1.9755,-1.5132,-1.0359,-0.64109,-0.4144,-0.40388,-0.60694,-0.96469,-1.3918,-1.7929,-2.085,-2.2105,-2.1489,-1.9281,-1.6055,-1.2439,-0.89589,-0.59938,-0.37888,-0.24333,-0.18241,-0.16649,-0.15838,-0.12787,-0.066483,0.0078344,0.057277,0.039938,-0.077919,-0.30975,-0.64381,-1.0445,-1.4586,-1.824,-2.0837,-2.1998,-2.1632,-1.9935,-1.7285,-1.4108,-1.0767,-0.75083,-0.44495,-0.16243,0.09858,0.3395,0.55986
-2.5512,-1.9799,-1.6655,-1.7352,-1.9834,-2.171,-2.2394,-2.2203,-2.1636,-2.1282,-2.1512,-2.1988,-2.1814,-2.0507,-1.8373,-1.604,-1.3974,-1.2463,-1.1647,-1.157,-1.2217,-1.3504,-1.5213,-1.6964,-1.8371,-1.9275,-1.9959,-2.0956,-2.2636,-2.4747,-2.6431,-2.6663,-2.4831,-2.1103,-1.6205,-1.1095,-0.67486,-0.40075,-0.34067,-0.49267,-0.80416,-1.1901,-1.5617,-1.8404,-1.9701,-1.9307,-1.7438,-1.4597,-1.1361,-0.82404,-0.56007,-0.36818,-0.25674,-0.21507,-0.21335,-0.21509,-0.19139,-0.13509,-0.064292,-0.014583,-0.0249,-0.12599,-0.33147,-0.63433,-1.0074,-1.4068,-1.7784,-2.0683,-2.2337,-2.2548,-2.1364,-1.9022,-1.5869,-1.2273,-0.85627,-0.49728,-0.16502,0.1352,0.40216,0.63633
-2.5576,-2.0705,-1.8041,-1.8822,-2.1172,-2.2897,-2.3505,-2.3291,-2.2659,-2.2157,-2.2255,-2.2723,-2.2676,-2.1556,-1.9627,-1.7488,-1.5597,-1.4227,-1.3555,-1.3693,-1.4666,-1.6353,-1.8437,-2.0421,-2.1815,-2.2468,-2.2745,-2.3358,-2.4764,-2.6745,-2.841,-2.8628,-2.6728,-2.2836,-1.7666,-1.2154,-0.72694,-0.388,-0.25624,-0.33594,-0.58008,-0.90976,-1.2438,-1.5122,-1.6631,-1.6751,-1.5556,-1.3407,-1.0812,-0.82245,-0.60291,-0.44686,-0.36146,-0.33362,-0.33694,-0.33552,-0.30436,-0.24033,-0.16314,-0.10624,-0.102,-0.17641,-0.34116,-0.59379,-0.91778,-1.2831,-1.6494,-1.9704,-2.2047,-2.3222,-2.3057,-2.152,-1.8735,-1.5004,-1.0752,-0.64274,-0.23397,0.13127,0.44548,0.70861
-2.5749,-2.1642,-1.9382,-2.0238,-2.2536,-2.4237,-2.4876,-2.4669,-2.3914,-2.3135,-2.2942,-2.3287,-2.3347,-2.2481,-2.085,-1.8975,-1.729,-1.6053,-1.5461,-1.5687,-1.6824,-1.8763,-2.1104,-2.3233,-2.4576,-2.5013,-2.5021,-2.5393,-2.6643,-2.8562,-3.0223,-3.0454,-2.8548,-2.4575,-1.9208,-1.3337,-0.79317,-0.39078,-0.1876,-0.19596,-0.37305,-0.64989,-0.95139,-1.2158,-1.3991,-1.4737,-1.4369,-1.3096,-1.1281,-0.93349,-0.76042,-0.63227,-0.55727,-0.52638,-0.5133,-0.48932,-0.43544,-0.35266,-0.26112,-0.19038,-0.16795,-0.21279,-0.33508,-0.5364,-0.80901,-1.1347,-1.4853,-1.8291,-2.1301,-2.352,-2.4575,-2.4121,-2.198,-1.8307,-1.36,-0.8496,-0.36009,0.075861,0.44427,0.74454
-2.5932,-2.2341,-2.0354,-2.1274,-2.3595,-2.5371,-2.6101,-2.5919,-2.5027,-2.3952,-2.3431,-2.3591,-2.3696,-2.3043,-2.1683,-2.006,-1.8561,-1.7422,-1.6851,-1.7075,-1.8243,-2.0259,-2.2684,-2.4834,-2.6125,-2.6459,-2.6385,-2.6702,-2.7941,-2.9874,-3.1558,-3.1818,-2.9908,-2.5895,-2.0408,-1.4327,-0.85963,-0.41404,-0.16165,-0.11799,-0.24739,-0.48364,-0.76103,-1.0259,-1.2373,-1.3679,-1.4033,-1.3492,-1.2307,-1.0826,-0.93935,-0.82582,-0.75144,-0.70743,-0.67273,-0.6218,-0.54092,-0.43571,-0.32807,-0.24533,-0.20939,-0.23544,-0.3307,-0.49788,-0.73426,-1.0294,-1.3664,-1.7176,-2.0576,-2.353,-2.557,-2.6108,-2.4645,-2.112,-1.6069,-1.0369,-0.47903,0.016147,0.42887,0.75846
-2.6231,-2.325,-2.1587,-2.2628,-2.5084,-2.7071,-2.8003,-2.7866,-2.6723,-2.5132,-2.4037,-2.3839,-2.3943,-2.3581,-2.2632,-2.1413,-2.0214,-1.9222,-1.8653,-1.8799,-1.988,-2.1838,-2.4231,-2.6347,-2.7607,-2.7926,-2.7863,-2.823,-2.9533,-3.1563,-3.3346,-3.3694,-3.1837,-2.7806,-2.2201,-1.5865,-0.97335,-0.4761,-0.16462,-0.060829,-0.13317,-0.32379,-0.57388,-0.83975,-1.0891,-1.2926,-1.4244,-1.4707,-1.4385,-1.3524,-1.2435,-1.1374,-1.0463,-0.96834,-0.88801,-0.79193,-0.67475,-0.54488,-0.42127,-0.32558,-0.27431,-0.27458,-0.33301,-0.457,-0.65166,-0.91502,-1.2343,-1.5995,-1.9865,-2.3643,-2.6811,-2.8574,-2.8053,-2.4842,-1.9429,-1.2937,-0.64996,-0.079517,0.3902,0.75856
-2.6568,-2.4105,-2.2753,-2.397,-2.6683,-2.8993,-3.0182,-3.0062,-2.8592,-2.6366,-2.4594,-2.3962,-2.4002,-2.3908,-2.3385,-2.2603,-2.1754,-2.0962,-2.0415,-2.0427,-2.1292,-2.3028,-2.5242,-2.7274,-2.8553,-2.8985,-2.907,-2.959,-3.104,-3.3223,-3.5166,-3.5662,-3.3906,-2.9903,-2.4222,-1.7695,-1.1249,-0.58477,-0.22466,-0.069549,-0.09385,-0.24486,-0.4723,-0.7409,-1.0248,-1.2941,-1.5142,-1.6546,-1.7036,-1.6722,-1.5864,-1.4736,-1.3524,-1.2279,-1.0982,-0.95628,-0.802,-0.64559,-0.50513,-0.39826,-0.33604,-0.32326,-0.36191,-0.45736,-0.61762,-0.84828,-1.1506,-1.5151,-1.9312,-2.3737,-2.7881,-3.0755,-3.1108,-2.8176,-2.2416,-1.5238,-0.80386,-0.16842,0.35034,0.75271
-2.6829,-2.4698,-2.3585,-2.4997,-2.7958,-3.0566,-3.1955,-3.1815,-3.0031,-2.7275,-2.4966,-2.3992,-2.397,-2.4048,-2.3824,-2.337,-2.2811,-2.2215,-2.1724,-2.1644,-2.2305,-2.379,-2.5793,-2.7716,-2.9032,-2.9605,-2.9862,-3.0542,-3.213,-3.4415,-3.6497,-3.7133,-3.5515,-3.1583,-2.5911,-1.9271,-1.2633,-0.69782,-0.30811,-0.12239,-0.11677,-0.24398,-0.45749,-0.7273,-1.0322,-1.3429,-1.6201,-1.8224,-1.9238,-1.9251,-1.8475,-1.72,-1.5667,-1.4029,-1.2335,-1.0606,-0.88719,-0.72144,-0.5761,-0.46484,-0.39605,-0.37238,-0.39607,-0.47352,-0.61483,-0.82891,-1.1187,-1.484,-1.9147,-2.3873,-2.8471,-3.1895,-3.2725,-2.998,-2.4062,-1.6501,-0.88972,-0.22007,0.32423,0.74473
-2.718,-2.543,-2.4661,-2.6399,-2.9761,-3.2785,-3.4398,-3.4144,-3.1857,-2.8357,-2.535,-2.3947,-2.3846,-2.4128,-2.426,-2.4221,-2.4076,-2.3809,-2.3459,-2.3281,-2.3635,-2.4715,-2.6362,-2.8116,-2.9511,-3.0349,-3.093,-3.1837,-3.3524,-3.584,-3.7955,-3.8749,-3.7383,-3.3734,-2.8233,-2.1637,-1.4882,-0.89936,-0.47857,-0.25868,-0.221,-0.32124,-0.51862,-0.78813,-1.1127,-1.4644,-1.7995,-2.0651,-2.2192,-2.2489,-2.1695,-2.0136,-1.8157,-1.601,-1.3887,-1.1855,-0.99424,-0.8193,-0.66921,-0.55501,-0.4801,-0.44936,-0.46362,-0.52713,-0.64928,-0.8412,-1.1137,-1.466,-1.8959,-2.3835,-2.8738,-3.2561,-3.3751,-3.1176,-2.5191,-1.7415,-0.95329,-0.25646,0.31109,0.74901
-2.7445,-2.5941,-2.5452,-2.7489,-3.1181,-3.4488,-3.6207,-3.5776,-3.3048,-2.8995,-2.5516,-2.3852,-2.373,-2.4153,-2.4513,-2.4758,-2.492,-2.4928,-2.4737,-2.4529,-2.4664,-2.5421,-2.6771,-2.839,-2.9855,-3.0915,-3.1726,-3.2744,-3.4398,-3.6609,-3.8678,-3.9581,-3.8496,-3.5182,-2.9947,-2.3491,-1.6754,-1.0797,-0.64554,-0.40847,-0.35258,-0.43598,-0.6222,-0.88966,-1.2222,-1.5936,-1.9555,-2.2486,-2.4241,-2.4626,-2.3786,-2.2047,-1.9774,-1.7316,-1.4887,-1.2642,-1.0642,-0.89017,-0.74365,-0.62874,-0.55264,-0.51676,-0.5235,-0.57795,-0.68927,-0.86873,-1.1252,-1.4666,-1.8879,-2.3676,-2.8501,-3.2264,-3.345,-3.0942,-2.5051,-1.7342,-0.94875,-0.25197,0.31636,0.75486
-2.7801,-2.6587,-2.6508,-2.9002,-3.3138,-3.6749,-3.8467,-3.7662,-3.4286,-2.9537,-2.5547,-2.3671,-2.3591,-2.4201,-2.4816,-2.536,-2.5871,-2.6248,-2.6338,-2.618,-2.6085,-2.6427,-2.7381,-2.8815,-3.036,-3.1681,-3.2705,-3.3735,-3.5146,-3.7018,-3.8884,-3.9911,-3.9284,-3.6589,-3.193,-2.5871,-1.9359,-1.3474,-0.91164,-0.66525,-0.59406,-0.66056,-0.83135,-1.0893,-1.4222,-1.8008,-2.176,-2.4832,-2.6662,-2.7035,-2.6056,-2.407,-2.1495,-1.8737,-1.6095,-1.3734,-1.1677,-0.98895,-0.83611,-0.71575,-0.63382,-0.59735,-0.60683,-0.66113,-0.76373,-0.92465,-1.1578,-1.4709,-1.8621,-2.309,-2.7542,-3.0926,-3.1862,-2.9376,-2.3758,-1.6421,-0.88733,-0.21118,0.34453,0.77498
-2.8165,-2.7212,-2.7594,-3.0593,-3.5161,-3.893,-4.0443,-3.9083,-3.5003,-2.9658,-2.5333,-2.3408,-2.3473,-2.4294,-2.5121,-2.5858,-2.663,-2.7359,-2.7784,-2.7764,-2.7513,-2.7483,-2.8045,-2.9253,-3.0822,-3.2324,-3.3451,-3.4308,-3.525,-3.6534,-3.8002,-3.9056,-3.8961,-3.7111,-3.3327,-2.7973,-2.1939,-1.6354,-1.2137,-0.96983,-0.8915,-0.94531,-1.102,-1.3472,-1.6695,-2.0385,-2.4021,-2.6947,-2.8626,-2.8862,-2.7773,-2.5684,-2.2995,-2.0114,-1.7346,-1.4869,-1.2702,-1.0799,-0.91494,-0.78243,-0.69634,-0.66412,-0.68266,-0.74284,-0.84131,-0.98675,-1.1948,-1.4761,-1.8304,-2.2305,-2.6157,-2.8877,-2.9317,-2.6759,-2.151,-1.4731,-0.77391,-0.14118,0.38517,0.79775
-2.8453,-2.7685,-2.8438,-3.1841,-3.6688,-4.0469,-4.1678,-3.9787,-3.5163,-2.9455,-2.5011,-2.3149,-2.3395,-2.4405,-2.5346,-2.6175,-2.709,-2.8043,-2.8715,-2.8836,-2.8519,-2.8246,-2.8524,-2.9548,-3.1088,-3.2644,-3.376,-3.4374,-3.4848,-3.5575,-3.6626,-3.7616,-3.7891,-3.6742,-3.3767,-2.9145,-2.3684,-1.8513,-1.455,-1.2221,-1.1425,-1.1863,-1.3296,-1.5617,-1.8698,-2.2232,-2.565,-2.8312,-2.9771,-2.9851,-2.8732,-2.6698,-2.4069,-2.1191,-1.8387,-1.5813,-1.3505,-1.1429,-0.95996,-0.8136,-0.72023,-0.69003,-0.71883,-0.79229,-0.89936,-1.0424,-1.2353,-1.4926,-1.8114,-2.1656,-2.497,-2.716,-2.7237,-2.4633,-1.9649,-1.3318,-0.67534,-0.077057,0.42355,0.81721
-2.8869,-2.8345,-2.9601,-3.3547,-3.8696,-4.2329,-4.2937,-4.0223,-3.4875,-2.8812,-2.4368,-2.2731,-2.3287,-2.4552,-2.5612,-2.6482,-2.7486,-2.8647,-2.96,-2.9918,-2.9578,-2.9073,-2.9044,-2.9829,-3.1258,-3.2761,-3.3705,-3.3865,-3.361,-3.3526,-3.3962,-3.4798,-3.5471,-3.5217,-3.3405,-2.997,-2.555,-2.1174,-1.7755,-1.5697,-1.494,-1.5248,-1.6461,-1.8527,-2.1333,-2.4525,-2.754,-2.9788,-3.0893,-3.0837,-2.9754,-2.7856,-2.5386,-2.2623,-1.9818,-1.7134,-1.4588,-1.2171,-0.99752,-0.82303,-0.71821,-0.69728,-0.74937,-0.8469,-0.96739,-1.1096,-1.2888,-1.5198,-1.8026,-2.1069,-2.3726,-2.5191,-2.4714,-2.1969,-1.7289,-1.1485,-0.55113,-0.0017821,0.46446,0.83655
-2.9335,-2.9058,-3.0804,-3.5256,-4.0604,-4.392,-4.3761,-4.0127,-3.4114,-2.7837,-2.3541,-2.2241,-2.3154,-2.4654,-2.5778,-2.6606,-2.7569,-2.8793,-2.9921,-3.0419,-3.0129,-2.9509,-2.9266,-2.983,-3.1064,-3.2376,-3.3013,-3.2647,-3.1635,-3.0773,-3.0628,-3.1269,-3.2254,-3.2793,-3.211,-2.995,-2.673,-2.3367,-2.0656,-1.8992,-1.8316,-1.8488,-1.9444,-2.1212,-2.3703,-2.6523,-2.9057,-3.0756,-3.1424,-3.1157,-3.0202,-2.8682,-2.6638,-2.4158,-2.1419,-1.8538,-1.56,-1.271,-1.0072,-0.80011,-0.68226,-0.66797,-0.74378,-0.87503,-1.0278,-1.1891,-1.3687,-1.584,-1.833,-2.0891,-2.2975,-2.3872,-2.2973,-2.0079,-1.5545,-1.0117,-0.45488,0.05807,0.49496,0.84434
