0.0024655,0.0935,0.41363,0.7053,0.65176,0.30407,-0.14649,-0.54258,-0.7783,-0.84929,-0.84937,-0.86029,-0.88193,-0.87571,-0.83104,-0.77606,-0.75918,-0.81281,-0.92994,-1.0521,-1.0849,-0.95379,-0.66119,-0.28207,0.088164,0.37486,0.54456,0.60563,0.58026,0.48442,0.32642,0.11772,-0.10525,-0.29456,-0.42271,-0.5173,-0.63439,-0.8161,-1.0674,-1.3605,-1.6509,-1.8902,-2.0349,-2.0528,-1.9333,-1.6964,-1.3893,-1.0665,-0.77026,-0.5256,-0.34501,-0.2321,-0.18163,-0.17426,-0.16906,-0.12759,-0.036236,0.086748,0.21208,0.32034,0.4093,0.48465,0.55477,0.62365,0.68746,0.73535,0.7528,0.73293,0.67086,0.57589,0.4647,0.3504,0.23513,0.11328,-0.019005,-0.15714,-0.29012,-0.40277,-0.48549,-0.53668
-0.0058928,0.046423,0.32188,0.59468,0.54842,0.22176,-0.19441,-0.53453,-0.69782,-0.71017,-0.69464,-0.73647,-0.81735,-0.87236,-0.86866,-0.82615,-0.79681,-0.82254,-0.9051,-0.99057,-0.98714,-0.82697,-0.52055,-0.14512,0.20884,0.47435,0.62727,0.67839,0.65211,0.56263,0.41478,0.22086,0.010649,-0.16811,-0.28936,-0.37525,-0.47642,-0.63513,-0.85197,-1.1068,-1.3582,-1.57,-1.7056,-1.7422,-1.6729,-1.5075,-1.2802,-1.0325,-0.80197,-0.61751,-0.49562,-0.44581,-0.46342,-0.51726,-0.5518,-0.50969,-0.37855,-0.19541,-0.0079275,0.15668,0.29175,0.40293,0.4957,0.56927,0.61681,0.62941,0.60118,0.53056,0.42867,0.31488,0.20924,0.12084,0.043103,-0.03911,-0.13713,-0.25094,-0.3661,-0.46866,-0.54641,-0.59443
-0.016724,-0.018959,0.1885,0.42816,0.38929,0.089599,-0.28295,-0.5542,-0.63029,-0.5662,-0.51533,-0.57178,-0.70406,-0.82171,-0.86302,-0.83249,-0.78213,-0.76903,-0.81056,-0.86241,-0.83895,-0.67542,-0.38037,-0.026737,0.30255,0.54481,0.68204,0.72617,0.70294,0.6257,0.49877,0.33455,0.16019,0.015332,-0.082607,-0.1533,-0.23992,-0.37126,-0.54937,-0.7544,-0.95817,-1.1357,-1.2653,-1.3296,-1.3182,-1.2315,-1.0909,-0.93061,-0.78609,-0.68668,-0.65272,-0.69473,-0.80447,-0.93915,-1.0207,-0.97507,-0.79436,-0.53708,-0.27151,-0.035914,0.1575,0.31071,0.42638,0.50163,0.52808,0.49632,0.40231,0.25768,0.085917,-0.074807,-0.19129,-0.25573,-0.28808,-0.31825,-0.36635,-0.43651,-0.51437,-0.58451,-0.63507,-0.66214
-0.024522,-0.069125,0.082388,0.29073,0.25595,-0.023253,-0.36511,-0.5906,-0.60891,-0.49002,-0.40469,-0.45535,-0.60625,-0.75407,-0.81862,-0.79048,-0.72228,-0.68204,-0.69958,-0.74034,-0.72295,-0.5793,-0.31026,0.018263,0.32552,0.55198,0.67934,0.72072,0.70029,0.63365,0.52772,0.39203,0.2526,0.13891,0.064604,0.0094483,-0.062541,-0.17249,-0.32426,-0.49787,-0.67374,-0.83047,-0.95541,-1.0346,-1.0557,-1.0154,-0.92867,-0.82645,-0.74217,-0.70607,-0.73889,-0.84943,-1.025,-1.2159,-1.326,-1.2749,-1.0611,-0.75713,-0.44258,-0.16344,0.066881,0.24664,0.37482,0.44615,0.45203,0.38475,0.24304,0.041533,-0.1854,-0.38821,-0.52387,-0.58152,-0.58603,-0.57625,-0.58062,-0.60661,-0.64651,-0.68601,-0.71269,-0.72052
-0.033715,-0.13547,-0.064201,0.094959,0.064519,-0.18606,-0.48856,-0.66212,-0.61503,-0.42963,-0.2933,-0.31818,-0.46941,-0.63402,-0.71256,-0.68014,-0.58863,-0.51842,-0.51581,-0.55889,-0.56969,-0.47357,-0.25882,0.022259,0.29399,0.4997,0.6165,0.65734,0.64356,0.59326,0.51525,0.41753,0.32037,0.2473,0.20896,0.1869,0.14936,0.073009,-0.043242,-0.18626,-0.33714,-0.47804,-0.59685,-0.685,-0.73252,-0.74019,-0.71577,-0.68083,-0.66728,-0.7022,-0.80973,-1.0014,-1.2598,-1.5147,-1.6556,-1.5888,-1.3285,-0.97325,-0.61645,-0.30479,-0.05172,0.1421,0.27495,0.33956,0.32461,0.21981,0.022858,-0.24833,-0.55146,-0.82133,-0.99744,-1.0592,-1.0341,-0.97117,-0.91034,-0.87186,-0.8476,-0.83155,-0.81337,-0.7867
-0.040397,-0.19688,-0.2104,-0.10732,-0.13412,-0.3529,-0.61772,-0.7491,-0.65158,-0.41087,-0.2221,-0.20619,-0.33447,-0.49111,-0.56808,-0.52708,-0.41647,-0.32554,-0.31389,-0.37012,-0.4214,-0.3891,-0.24712,-0.030165,0.19782,0.38122,0.4929,0.53629,0.53076,0.49349,0.43494,0.36844,0.31135,0.28496,0.29154,0.31008,0.3085,0.26458,0.17843,0.059395,-0.073849,-0.20822,-0.32782,-0.42169,-0.48378,-0.51157,-0.51862,-0.52882,-0.57091,-0.67203,-0.85239,-1.1154,-1.4315,-1.7203,-1.8569,-1.7602,-1.4683,-1.0936,-0.72936,-0.41847,-0.17265,0.010703,0.13061,0.17944,0.14411,0.011305,-0.22339,-0.5478,-0.91392,-1.2446,-1.4622,-1.5337,-1.4863,-1.3775,-1.2562,-1.1467,-1.0577,-0.98103,-0.91052,-0.84371
-0.043193,-0.23748,-0.31446,-0.25635,-0.28109,-0.47315,-0.7096,-0.81567,-0.69184,-0.41873,-0.19274,-0.13995,-0.23862,-0.3774,-0.44449,-0.39571,-0.27632,-0.17669,-0.16267,-0.23157,-0.3164,-0.33654,-0.25527,-0.093031,0.097054,0.26138,0.369,0.41308,0.40955,0.37611,0.32602,0.2781,0.25223,0.26494,0.30963,0.35944,0.38129,0.35854,0.28994,0.18759,0.064984,-0.062993,-0.18343,-0.28217,-0.3499,-0.38575,-0.4067,-0.44034,-0.51329,-0.65275,-0.87008,-1.1625,-1.4962,-1.7856,-1.9085,-1.7965,-1.496,-1.1235,-0.77315,-0.48673,-0.26759,-0.11192,-0.016104,0.014733,-0.033193,-0.17662,-0.4259,-0.76895,-1.1627,-1.528,-1.7773,-1.863,-1.8037,-1.659,-1.4884,-1.3289,-1.1884,-1.0718,-0.9727,-0.88419
-0.042783,-0.27998,-0.43677,-0.44052,-0.46249,-0.61626,-0.8136,-0.89265,-0.74862,-0.4477,-0.17819,-0.072766,-0.12273,-0.22629,-0.27358,-0.21576,-0.091398,0.011324,0.022965,-0.06276,-0.18886,-0.27613,-0.27555,-0.18941,-0.054906,0.078392,0.17238,0.21198,0.20666,0.17217,0.12919,0.098673,0.10491,0.16115,0.25521,0.35207,0.41382,0.42218,0.37458,0.28511,0.16835,0.042604,-0.078118,-0.17996,-0.24995,-0.29347,-0.32396,-0.36878,-0.46196,-0.6221,-0.8653,-1.1828,-1.5255,-1.7923,-1.873,-1.7233,-1.4211,-1.0851,-0.79302,-0.57057,-0.41526,-0.31491,-0.26171,-0.2588,-0.32095,-0.46871,-0.71647,-1.0605,-1.46,-1.8353,-2.0939,-2.1815,-2.1122,-1.9434,-1.7342,-1.5224,-1.3333,-1.1677,-1.0251,-0.90382
-0.038746,-0.30087,-0.51048,-0.55945,-0.57883,-0.70231,-0.86947,-0.93286,-0.78467,-0.47515,-0.18011,-0.036098,-0.045695,-0.11693,-0.14591,-0.083101,0.039545,0.13893,0.14596,0.04913,-0.10274,-0.23446,-0.2909,-0.26092,-0.17024,-0.063207,0.01629,0.049163,0.036295,-0.0048837,-0.051093,-0.076444,-0.054486,0.028525,0.15721,0.29098,0.3873,0.42142,0.39177,0.30883,0.19145,0.058002,-0.068915,-0.171,-0.23889,-0.27435,-0.30092,-0.34886,-0.44622,-0.61707,-0.86528,-1.1739,-1.4893,-1.7172,-1.7583,-1.5976,-1.3183,-1.0284,-0.79424,-0.63511,-0.53973,-0.4921,-0.47916,-0.50066,-0.57098,-0.71244,-0.94407,-1.2623,-1.633,-1.9853,-2.2333,-2.3193,-2.2442,-2.0578,-1.8228,-1.5876,-1.3725,-1.1916,-1.0417,-0.91465
-0.027504,-0.31067,-0.57721,-0.67939,-0.69509,-0.777,-0.9043,-0.95104,-0.81033,-0.5057,-0.18977,0.00042811,0.046097,0.021314,0.01787,0.083501,0.19601,0.28524,0.28573,0.17921,0.0029067,-0.17683,-0.30285,-0.34823,-0.32053,-0.25224,-0.18956,-0.16686,-0.19351,-0.25423,-0.32064,-0.35368,-0.31878,-0.20148,-0.027016,0.15295,0.28964,0.35498,0.34801,0.27718,0.16115,0.019637,-0.12178,-0.23602,-0.30597,-0.33343,-0.34359,-0.37521,-0.46111,-0.61908,-0.84945,-1.1263,-1.3908,-1.5573,-1.5532,-1.3881,-1.1506,-0.93571,-0.79383,-0.73072,-0.72821,-0.75845,-0.80005,-0.84888,-0.92018,-1.0396,-1.2288,-1.4887,-1.7902,-2.0723,-2.2627,-2.315,-2.2315,-2.0517,-1.8248,-1.591,-1.373,-1.1802,-1.0154,-0.87756
-0.0090451,-0.29809,-0.5997,-0.74324,-0.75455,-0.79635,-0.88403,-0.91836,-0.79684,-0.5157,-0.19607,0.029368,0.12512,0.14469,0.16351,0.22759,0.32524,0.40165,0.39905,0.29368,0.10795,-0.10511,-0.29019,-0.40934,-0.44802,-0.42454,-0.38338,-0.37397,-0.41735,-0.50465,-0.6017,-0.65606,-0.61707,-0.47045,-0.25339,-0.03176,0.13842,0.23182,0.24124,0.1802,0.064264,-0.080128,-0.22791,-0.35068,-0.42457,-0.45071,-0.45139,-0.46426,-0.52428,-0.64775,-0.83253,-1.0511,-1.248,-1.3523,-1.3183,-1.1707,-0.99167,-0.8589,-0.80873,-0.83905,-0.92357,-1.0267,-1.119,-1.1911,-1.2565,-1.3415,-1.4699,-1.6462,-1.8474,-2.0268,-2.1321,-2.1334,-2.0366,-1.8724,-1.6753,-1.471,-1.2787,-1.1049,-0.95304,-0.8241
0.009052,-0.2734,-0.58514,-0.74832,-0.75561,-0.77077,-0.83104,-0.85886,-0.75744,-0.50433,-0.19358,0.048811,0.17511,0.22221,0.25471,0.31538,0.40049,0.46816,0.46723,0.36956,0.18622,-0.040885,-0.2605,-0.42836,-0.51686,-0.53122,-0.51411,-0.51864,-0.57577,-0.68259,-0.80187,-0.8762,-0.84461,-0.68801,-0.44676,-0.19595,0.0021893,0.11689,0.14285,0.090096,-0.02378,-0.17519,-0.33326,-0.46432,-0.54359,-0.56515,-0.55609,-0.55446,-0.591,-0.68423,-0.82539,-0.98803,-1.1265,-1.1871,-1.1418,-1.0208,-0.89234,-0.81905,-0.82985,-0.92105,-1.0609,-1.21,-1.3322,-1.4126,-1.4643,-1.5162,-1.5922,-1.6999,-1.821,-1.9177,-1.9533,-1.9132,-1.809,-1.6642,-1.5004,-1.3318,-1.1704,-1.0188,-0.88138,-0.76167
0.037451,-0.22162,-0.52399,-0.69581,-0.69792,-0.68362,-0.71319,-0.73568,-0.66709,-0.46271,-0.17909,0.072009,0.22741,0.30258,0.34775,0.40217,0.47256,0.53228,0.53859,0.45904,0.29007,0.056914,-0.19791,-0.42413,-0.57859,-0.64585,-0.66246,-0.68568,-0.7615,-0.89223,-1.0405,-1.141,-1.1225,-0.95933,-0.69624,-0.41727,-0.19175,-0.053033,-0.0043137,-0.038118,-0.14088,-0.29294,-0.46564,-0.61853,-0.71354,-0.74012,-0.71794,-0.68891,-0.68968,-0.73274,-0.81369,-0.9077,-0.97791,-0.98961,-0.93553,-0.84672,-0.77883,-0.77754,-0.85992,-1.0152,-1.2087,-1.3955,-1.5364,-1.6159,-1.6467,-1.6558,-1.6664,-1.685,-1.6997,-1.6908,-1.6437,-1.5586,-1.4489,-1.3303,-1.2124,-1.0937,-0.98271,-0.8758,-0.77369,-0.67835
0.069339,-0.15129,-0.42029,-0.58192,-0.57844,-0.54295,-0.54848,-0.57014,-0.53864,-0.39283,-0.15238,0.089474,0.25973,0.35325,0.40611,0.45459,0.51325,0.56907,0.5884,0.53489,0.38941,0.16016,-0.11969,-0.39844,-0.61699,-0.73933,-0.78577,-0.82421,-0.91111,-1.0577,-1.2266,-1.3438,-1.3321,-1.1668,-0.89639,-0.60858,-0.37005,-0.21313,-0.14412,-0.15926,-0.24815,-0.39463,-0.56848,-0.72891,-0.83732,-0.87426,-0.85683,-0.82,-0.79352,-0.79313,-0.81271,-0.83483,-0.83783,-0.80868,-0.75196,-0.69773,-0.68487,-0.74119,-0.87305,-1.0639,-1.281,-1.4774,-1.6137,-1.6762,-1.6798,-1.6512,-1.6077,-1.5567,-1.4913,-1.4049,-1.3001,-1.1892,-1.0863,-0.99842,-0.92374,-0.85804,-0.78736,-0.71286,-0.63776,-0.56706
0.094146,-0.090522,-0.32115,-0.46372,-0.45577,-0.40992,-0.40255,-0.42673,-0.42344,-0.32532,-0.12715,0.096219,0.26772,0.36956,0.42686,0.47074,0.52142,0.57658,0.6088,0.57783,0.45368,0.23348,-0.056291,-0.36467,-0.62614,-0.7907,-0.86415,-0.91339,-1.0028,-1.1501,-1.3222,-1.4396,-1.4263,-1.2606,-0.99635,-0.71487,-0.47768,-0.31281,-0.23003,-0.22909,-0.30369,-0.43981,-0.60815,-0.76969,-0.88596,-0.93578,-0.93,-0.89537,-0.85825,-0.82984,-0.80692,-0.77951,-0.73843,-0.68185,-0.62759,-0.59969,-0.62224,-0.70909,-0.85944,-1.0576,-1.2685,-1.4517,-1.5735,-1.6231,-1.6129,-1.5641,-1.4928,-1.4025,-1.2925,-1.166,-1.0345,-0.91484,-0.82106,-0.75723,-0.71631,-0.68111,-0.64639,-0.60326,-0.55106,-0.49337
0.12543,-0.0034888,-0.17083,-0.27798,-0.26347,-0.20945,-0.19233,-0.22266,-0.2568,-0.22429,-0.091701,0.09291,0.25588,0.36334,0.42316,0.46128,0.50343,0.55916,0.60894,0.60866,0.51543,0.31363,0.022381,-0.31082,-0.61713,-0.83359,-0.94855,-1.0139,-1.0976,-1.2278,-1.3728,-1.4655,-1.4402,-1.2856,-1.0492,-0.79616,-0.57355,-0.40702,-0.30743,-0.28234,-0.33169,-0.44517,-0.59882,-0.75556,-0.87682,-0.9421,-0.95355,-0.93083,-0.89315,-0.84633,-0.78848,-0.71439,-0.62633,-0.54017,-0.48199,-0.47437,-0.52693,-0.63667,-0.79326,-0.97861,-1.1652,-1.3191,-1.4123,-1.4377,-1.4076,-1.3399,-1.2441,-1.1239,-0.9827,-0.83179,-0.69109,-0.58084,-0.51194,-0.48173,-0.4764,-0.47956,-0.47277,-0.45118,-0.41668,-0.37586
0.14574,0.06257,-0.052944,-0.12936,-0.10928,-0.052408,-0.031936,-0.067937,-0.12912,-0.14558,-0.066954,0.081205,0.23082,0.33781,0.3976,0.43126,0.46729,0.52331,0.58517,0.60655,0.53695,0.35308,0.068767,-0.27156,-0.59966,-0.84566,-0.98564,-1.0601,-1.1357,-1.2415,-1.3512,-1.4097,-1.3681,-1.2261,-1.0223,-0.80412,-0.60362,-0.44265,-0.33684,-0.29761,-0.32716,-0.41767,-0.54718,-0.68466,-0.79995,-0.87213,-0.90234,-0.90104,-0.87505,-0.82904,-0.75707,-0.65869,-0.5453,-0.44354,-0.38242,-0.38292,-0.44738,-0.56365,-0.71383,-0.87692,-1.0319,-1.1535,-1.224,-1.2385,-1.2035,-1.1291,-1.0239,-0.89,-0.73616,-0.57943,-0.44303,-0.34728,-0.30031,-0.29529,-0.31484,-0.33798,-0.35024,-0.34653,-0.32846,-0.30056
0.16671,0.14517,0.09966,0.065122,0.093798,0.15228,0.17524,0.13113,0.037069,-0.042975,-0.038254,0.056051,0.18039,0.28126,0.33906,0.36526,0.3906,0.44327,0.51687,0.5638,0.52625,0.37259,0.10944,-0.22288,-0.56129,-0.83056,-0.99146,-1.0711,-1.1269,-1.1881,-1.2418,-1.2483,-1.1854,-1.0632,-0.91106,-0.75138,-0.59445,-0.45194,-0.34391,-0.28568,-0.28524,-0.33512,-0.42078,-0.52189,-0.61676,-0.6948,-0.74877,-0.77686,-0.77866,-0.74442,-0.66982,-0.55766,-0.4274,-0.31334,-0.25465,-0.26939,-0.34663,-0.4603,-0.58697,-0.7097,-0.81747,-0.89626,-0.93534,-0.93142,-0.88792,-0.80944,-0.6967,-0.55662,-0.40135,-0.25252,-0.13543,-0.068127,-0.053968,-0.081489,-0.12985,-0.17684,-0.20601,-0.21272,-0.19997,-0.17598
0.17817,0.21548,0.23445,0.24038,0.27808,0.33859,0.36347,0.3135,0.19007,0.051797,-0.014745,0.022132,0.11713,0.20766,0.25925,0.27427,0.2839,0.32504,0.40239,0.4717,0.46905,0.35464,0.12905,-0.17325,-0.49613,-0.76796,-0.94016,-1.0202,-1.0503,-1.0601,-1.0509,-1.0071,-0.92996,-0.83558,-0.74298,-0.64709,-0.54037,-0.4248,-0.3193,-0.24446,-0.2119,-0.2184,-0.25286,-0.30185,-0.3592,-0.42156,-0.48777,-0.54885,-0.58558,-0.58417,-0.53163,-0.43148,-0.30752,-0.20163,-0.15028,-0.17189,-0.2512,-0.35403,-0.45043,-0.52808,-0.58289,-0.61791,-0.63356,-0.62548,-0.58597,-0.50801,-0.39186,-0.24357,-0.082873,0.060197,0.15652,0.19039,0.16584,0.10368,0.031691,-0.028063,-0.063882,-0.07386,-0.06645,-0.051603
0.17907,0.25727,0.31814,0.34994,0.39475,0.45772,0.48648,0.43509,0.29446,0.11831,0.0017068,-0.0036728,0.067825,0.14877,0.19338,0.19616,0.18849,0.21442,0.28846,0.37178,0.39812,0.32121,0.13569,-0.12971,-0.42456,-0.68333,-0.855,-0.93268,-0.94657,-0.92127,-0.86722,-0.78973,-0.70566,-0.63847,-0.59434,-0.55026,-0.48309,-0.38962,-0.28983,-0.20618,-0.14861,-0.11765,-0.10456,-0.10667,-0.12963,-0.17881,-0.25281,-0.33425,-0.39689,-0.41804,-0.38387,-0.30127,-0.19705,-0.10954,-0.077324,-0.11074,-0.18941,-0.27872,-0.35194,-0.39791,-0.42298,-0.43345,-0.43164,-0.41317,-0.3686,-0.28836,-0.16799,-0.019088,0.13547,0.26417,0.34038,0.35387,0.31355,0.24126,0.16211,0.09659,0.056952,0.039839,0.03929,0.047749
0.16837,0.29492,0.40115,0.45805,0.51134,0.58097,0.6207,0.57336,0.41898,0.20265,0.027186,-0.030195,0.011979,0.079158,0.11204,0.093218,0.053561,0.047925,0.10739,0.20449,0.27305,0.25801,0.1423,-0.057734,-0.29889,-0.52471,-0.68308,-0.75196,-0.74453,-0.68267,-0.58472,-0.47912,-0.39821,-0.37172,-0.39017,-0.41569,-0.40262,-0.34033,-0.2463,-0.14512,-0.050751,0.036187,0.11244,0.16828,0.18984,0.16206,0.09175,0.00041614,-0.085487,-0.13383,-0.13485,-0.092629,-0.028769,0.023288,0.027133,-0.025683,-0.11294,-0.19492,-0.24183,-0.25071,-0.23273,-0.20826,-0.18688,-0.16233,-0.11765,-0.03637,0.085999,0.23866,0.39323,0.51464,0.57506,0.56606,0.50155,0.41032,0.32268,0.25645,0.21864,0.20362,0.19978,0.19778
0.15083,0.30847,0.43902,0.50726,0.56511,0.64305,0.69498,0.65788,0.50168,0.26493,0.053407,-0.038302,-0.016261,0.040812,0.063262,0.025411,-0.04277,-0.07917,-0.038313,0.06469,0.1655,0.20206,0.14738,0.0081925,-0.18189,-0.37338,-0.51374,-0.57289,-0.55192,-0.47195,-0.3586,-0.24833,-0.18164,-0.18513,-0.24445,-0.3126,-0.33514,-0.29459,-0.20511,-0.09189,0.029892,0.1549,0.27509,0.37391,0.4284,0.42348,0.36187,0.26606,0.17003,0.10098,0.074997,0.088918,0.12142,0.14024,0.11732,0.048496,-0.042351,-0.11822,-0.15248,-0.14169,-0.10232,-0.058411,-0.023512,0.0067163,0.051462,0.13185,0.25497,0.40909,0.56154,0.67436,0.72235,0.70336,0.63583,0.54757,0.4638,0.39985,0.36082,0.33909,0.32688,0.31748
0.11463,0.30555,0.45579,0.52704,0.58742,0.68118,0.75783,0.74432,0.59886,0.34889,0.10223,-0.027651,-0.029234,0.015308,0.022771,-0.040711,-0.14795,-0.22929,-0.21987,-0.11457,0.026941,0.13241,0.16146,0.10959,-0.0034946,-0.14011,-0.25071,-0.29805,-0.26883,-0.17867,-0.061375,0.042647,0.08634,0.0486,-0.056743,-0.16999,-0.23391,-0.22037,-0.13873,-0.011302,0.14585,0.31855,0.49128,0.63742,0.72666,0.74386,0.6937,0.60276,0.5058,0.42939,0.38695,0.37399,0.37163,0.3528,0.29724,0.20307,0.095547,0.012851,-0.017448,0.007114,0.06397,0.12688,0.17759,0.21738,0.26465,0.34217,0.46096,0.60989,0.75825,0.8679,0.91203,0.88793,0.81627,0.72847,0.651,0.59256,0.55702,0.53365,0.5124,0.4879
0.064821,0.27965,0.43503,0.4939,0.55203,0.66709,0.77873,0.8021,0.68284,0.43765,0.17243,0.014123,-0.00924,0.022892,0.015821,-0.071471,-0.21482,-0.33816,-0.36022,-0.25696,-0.080838,0.087854,0.19544,0.22716,0.18902,0.10832,0.026029,-0.012826,0.014499,0.10388,0.22197,0.31854,0.34567,0.2768,0.13315,-0.022874,-0.1236,-0.13332,-0.056039,0.088394,0.27733,0.49084,0.7003,0.87311,0.98159,1.0119,0.97637,0.90228,0.82001,0.75447,0.713,0.69029,0.66952,0.62909,0.54914,0.43423,0.31226,0.22109,0.18612,0.20752,0.26695,0.33276,0.38545,0.42549,0.47106,0.54486,0.65818,0.79936,0.9375,1.0377,1.0784,1.0605,1.0027,0.93018,0.86268,0.81283,0.77089,0.73415,0.69811,0.66037
0.019573,0.24726,0.39671,0.43637,0.48939,0.62325,0.76848,0.82857,0.73913,0.50863,0.24,0.066765,0.02793,0.048734,0.031774,-0.069822,-0.2341,-0.38178,-0.42274,-0.32215,-0.12683,0.080071,0.2367,0.3192,0.32737,0.28212,0.22119,0.19115,0.22057,0.30905,0.42486,0.51489,0.52878,0.44105,0.27665,0.098382,-0.021699,-0.045749,0.028283,0.17974,0.38424,0.61494,0.83958,1.0233,1.1387,1.1764,1.1503,1.0892,1.0238,0.97421,0.94691,0.93463,0.9199,0.87992,0.79964,0.68073,0.54873,0.44121,0.38726,0.39388,0.44068,0.50122,0.55316,0.59256,0.63449,0.70127,0.80545,0.93816,1.0697,1.1656,1.2047,1.1883,1.1366,1.0744,1.0191,0.97176,0.93378,0.89434,0.8472,0.79142
-0.049662,0.18925,0.32059,0.32221,0.36235,0.5255,0.72498,0.8446,0.80725,0.6092,0.34757,0.16198,0.10366,0.10721,0.07865,-0.032709,-0.20958,-0.3758,-0.43552,-0.34189,-0.13375,0.10517,0.30658,0.43636,0.48938,0.47994,0.44481,0.43018,0.46902,0.56009,0.67236,0.75507,0.75834,0.66144,0.48523,0.29041,0.14685,0.10178,0.16514,0.31899,0.53347,0.77213,0.99929,1.1804,1.2918,1.3309,1.3153,1.2755,1.2402,1.2259,1.2346,1.2555,1.2692,1.2528,1.1862,1.0705,0.9312,0.80689,0.72875,0.70559,0.72609,0.76289,0.79521,0.81929,0.84882,0.90376,0.99406,1.1131,1.2328,1.3222,1.3628,1.3566,1.3202,1.273,1.2268,1.1842,1.1379,1.084,1.0212,0.95226
-0.12562,0.11941,0.22403,0.17568,0.19467,0.39034,0.65218,0.84216,0.86712,0.71252,0.46709,0.27327,0.19664,0.18363,0.14779,0.039578,-0.13024,-0.29552,-0.36539,-0.28565,-0.083192,0.16269,0.3812,0.53411,0.61245,0.62683,0.61136,0.6126,0.66323,0.76378,0.88204,0.96913,0.97877,0.88909,0.71492,0.51057,0.34411,0.27339,0.31892,0.46701,0.67842,0.91031,1.1207,1.2798,1.374,1.4062,1.4,1.3847,1.3849,1.4137,1.4687,1.5375,1.5989,1.6254,1.595,1.5013,1.3644,1.2225,1.1118,1.0497,1.0295,1.0321,1.0382,1.0413,1.0516,1.0872,1.1608,1.2629,1.3718,1.4585,1.5037,1.5069,1.4821,1.4458,1.4073,1.3667,1.3164,1.2543,1.18,1.0971
-0.18436,0.063386,0.14396,0.051251,0.049628,0.26978,0.58252,0.82913,0.9048,0.78701,0.55838,0.36068,0.27064,0.2467,0.2085,0.10933,-0.044488,-0.19719,-0.26753,-0.20054,-0.01346,0.22152,0.43481,0.5885,0.67154,0.69403,0.68837,0.70105,0.76534,0.88019,1.0131,1.1133,1.1349,1.0549,0.88813,0.68156,0.5038,0.41338,0.43937,0.56999,0.76687,0.98209,1.1739,1.3142,1.3919,1.4166,1.4132,1.4125,1.4385,1.5011,1.596,1.7079,1.8126,1.8801,1.8822,1.8094,1.6793,1.5296,1.3985,1.306,1.2522,1.2217,1.1982,1.1776,1.1705,1.1935,1.2558,1.3494,1.4512,1.533,1.5778,1.5871,1.574,1.5515,1.5233,1.4852,1.4335,1.3632,1.2771,1.183
-0.26089,-0.01022,0.036376,-0.12154,-0.15726,0.092414,0.47585,0.8,0.94555,0.87946,0.67572,0.47479,0.36483,0.32549,0.28684,0.2053,0.082197,-0.041588,-0.10184,-0.048898,0.10919,0.31229,0.4975,0.6297,0.69965,0.71868,0.7192,0.74772,0.83551,0.97719,1.1371,1.2629,1.3103,1.2555,1.108,0.90685,0.71484,0.59313,0.58163,0.67658,0.84258,1.0283,1.1906,1.3019,1.3557,1.3663,1.3626,1.3773,1.4336,1.5386,1.6864,1.8582,2.0255,2.1519,2.2029,2.1624,2.0459,1.891,1.7363,1.6057,1.5025,1.4199,1.3504,1.2952,1.2645,1.271,1.32,1.4025,1.4959,1.5763,1.6287,1.6522,1.6544,1.6429,1.6202,1.5865,1.5312,1.4593,1.3748,1.2833
-0.31394,-0.060303,-0.037992,-0.24625,-0.31284,-0.043541,0.39061,0.77221,0.96863,0.94067,0.75598,0.55265,0.42754,0.37409,0.33518,0.26967,0.17343,0.076291,0.029562,0.075593,0.21,0.38172,0.53426,0.63652,0.68226,0.68751,0.68801,0.72856,0.83616,1.0015,1.1848,1.335,1.408,1.3796,1.2525,1.0583,0.8535,0.70462,0.65795,0.72057,0.85756,1.0179,1.155,1.2432,1.28,1.2818,1.2793,1.3042,1.3783,1.5101,1.6917,1.9039,2.1162,2.2869,2.3764,2.3633,2.2589,2.1004,1.9286,1.7709,1.6331,1.514,1.4104,1.3261,1.2733,1.2648,1.306,1.3825,1.4739,1.5556,1.6131,1.6463,1.6629,1.6685,1.6611,1.6337,1.5857,1.5142,1.4248,1.3273
-0.37513,-0.11527,-0.11918,-0.3915,-0.50363,-0.21551,0.27868,0.73185,0.99116,1.0095,0.84765,0.6403,0.49357,0.41964,0.37865,0.33385,0.27409,0.21372,0.188,0.22974,0.33629,0.46534,0.5674,0.61559,0.61175,0.5828,0.57434,0.62814,0.76333,0.96251,1.181,1.3687,1.4802,1.4896,1.3919,1.2109,0.99475,0.80967,0.71044,0.71718,0.80561,0.92739,1.0363,1.1052,1.1296,1.1259,1.1224,1.1505,1.2361,1.3898,1.6084,1.8721,2.1438,2.3723,2.5087,2.5258,2.435,2.2754,2.0884,1.9001,1.7199,1.5505,1.3971,1.2725,1.1931,1.1706,1.2045,1.2787,1.3701,1.457,1.5273,1.5794,1.6164,1.6399,1.6471,1.634,1.5944,1.5338,1.4578,1.3725
-0.42062,-0.1509,-0.17031,-0.49756,-0.65842,-0.36419,0.17801,0.69022,1.0039,1.0606,0.91566,0.70194,0.53301,0.4385,0.39384,0.36609,0.33727,0.30971,0.30579,0.34933,0.43592,0.52735,0.5789,0.56703,0.50144,0.42185,0.38692,0.44398,0.6028,0.83711,1.0954,1.3246,1.4787,1.5271,1.4597,1.2922,1.067,0.84685,0.69275,0.63709,0.67007,0.75316,0.84221,0.90571,0.93283,0.93116,0.9248,0.94765,1.0315,1.1947,1.4391,1.7433,2.0641,2.3422,2.5203,2.5665,2.4906,2.332,2.1327,1.9196,1.7025,1.4875,1.2869,1.1228,1.0186,0.98641,1.0185,1.0961,1.1911,1.2831,1.3646,1.4369,1.5014,1.5546,1.5882,1.5948,1.5718,1.5217,1.4525,1.3741
-0.44194,-0.16212,-0.18532,-0.54503,-0.74251,-0.45322,0.11313,0.66035,1.0061,1.0856,0.94896,0.72826,0.54316,0.43453,0.38564,0.36627,0.35421,0.34587,0.35725,0.40608,0.48433,0.55338,0.57007,0.5139,0.39843,0.27315,0.20781,0.25873,0.43249,0.6927,0.98238,1.242,1.4264,1.5023,1.4581,1.302,1.0719,0.82701,0.63274,0.53004,0.52079,0.57534,0.65204,0.71835,0.75769,0.76761,0.76712,0.78726,0.86163,1.0214,1.2713,1.5928,1.9408,2.2509,2.456,2.522,2.4571,2.3004,2.0946,1.8671,1.6278,1.3854,1.157,0.96974,0.85058,0.81154,0.8449,0.92334,1.021,1.1203,1.2156,1.3064,1.3909,1.4625,1.5126,1.5346,1.5248,1.4883,1.4322,1.3652
-0.45085,-0.15429,-0.17276,-0.56114,-0.80639,-0.53718,0.042929,0.62158,0.99885,1.1014,0.97209,0.74001,0.53367,0.4074,0.34995,0.33306,0.33226,0.34111,0.37048,0.43086,0.50734,0.55737,0.5366,0.42594,0.24291,0.051183,-0.06103,-0.024762,0.16309,0.45144,0.77413,1.0675,1.2854,1.3967,1.3855,1.2519,1.0224,0.74913,0.49979,0.32903,0.26098,0.28112,0.35668,0.44939,0.52459,0.56565,0.57467,0.57994,0.62918,0.76298,1.0055,1.3434,1.7237,2.0673,2.3011,2.3844,2.3276,2.1744,1.9681,1.7334,1.4792,1.2122,0.9533,0.73815,0.60163,0.55861,0.59408,0.68266,0.79132,0.90159,1.0104,1.121,1.2313,1.3306,1.4046,1.4453,1.4507,1.4253,1.38,1.3265
-0.43643,-0.11994,-0.12325,-0.5252,-0.81448,-0.5815,-0.008198,0.58291,0.98023,1.0988,0.97346,0.73076,0.50495,0.36043,0.29032,0.26555,0.26228,0.27655,0.31914,0.39463,0.47898,0.52279,0.47803,0.3232,0.079561,-0.17681,-0.33521,-0.31768,-0.12646,0.17652,0.51606,0.83247,1.0792,1.2255,1.2471,1.1379,0.91213,0.61674,0.31729,0.083844,-0.037966,-0.038911,0.053874,0.1897,0.31625,0.39286,0.41275,0.40539,0.42315,0.52686,0.75029,1.0845,1.4743,1.836,2.0845,2.179,2.1301,1.9825,1.7816,1.5521,1.2996,1.0302,0.76405,0.53768,0.38938,0.33805,0.37793,0.46983,0.58691,0.71232,0.84127,0.97206,1.0987,1.2105,1.2962,1.3456,1.3646,1.3564,1.3285,1.2891
-0.40978,-0.077935,-0.064201,-0.46782,-0.78753,-0.59026,-0.035627,0.55384,0.95909,1.0864,0.96275,0.71322,0.47513,0.3168,0.23438,0.19738,0.1838,0.19405,0.24198,0.32939,0.42483,0.47191,0.41858,0.24103,-0.036908,-0.33356,-0.52576,-0.5259,-0.33933,-0.033534,0.31268,0.63908,0.90298,1.0686,1.11,1.0142,0.79244,0.48787,0.16444,-0.1013,-0.25463,-0.26656,-0.16059,0.010173,0.18232,0.29677,0.33665,0.32489,0.31825,0.38735,0.57991,0.89773,1.286,1.6508,1.9057,2.0039,1.9577,1.8165,1.6285,1.4162,1.1809,0.92148,0.65363,0.41641,0.25703,0.20347,0.24327,0.35128,0.4864,0.62469,0.76137,0.89901,1.0335,1.1514,1.238,1.2897,1.3045,1.2932,1.2688,1.2424
-0.3533,-0.0012777,0.039094,-0.35955,-0.71536,-0.57367,-0.057834,0.51692,0.92462,1.0588,0.93656,0.6791,0.42826,0.25528,0.1563,0.097145,0.059346,0.052349,0.097937,0.19685,0.30873,0.36806,0.31754,0.12938,-0.17232,-0.50411,-0.73156,-0.75453,-0.5766,-0.27521,0.06694,0.39053,0.65556,0.8305,0.88927,0.81454,0.6112,0.30964,-0.027589,-0.3278,-0.51388,-0.54344,-0.41421,-0.18184,0.060414,0.23564,0.30433,0.28585,0.2469,0.26894,0.41777,0.7032,1.0693,1.4205,1.6633,1.7557,1.7148,1.5917,1.4319,1.2544,1.0526,0.82134,0.57267,0.3416,0.17377,0.10294,0.14126,0.24793,0.39512,0.55667,0.71752,0.86912,1.0036,1.1125,1.1888,1.228,1.2416,1.2343,1.2148,1.1911
-0.29606,0.070727,0.13085,-0.26036,-0.64031,-0.54351,-0.064363,0.49209,0.89652,1.0332,0.91081,0.64841,0.39089,0.21162,0.10195,0.023439,-0.0389,-0.067721,-0.032973,0.068465,0.19134,0.26423,0.22677,0.049339,-0.24983,-0.58858,-0.8294,-0.86542,-0.69666,-0.4072,-0.080231,0.22705,0.47931,0.65163,0.71788,0.65682,0.4661,0.17189,-0.17059,-0.48415,-0.68179,-0.70563,-0.54544,-0.26588,0.025281,0.2379,0.32624,0.30903,0.25314,0.24438,0.35431,0.60192,0.93861,1.268,1.4984,1.5851,1.5465,1.4378,1.3065,1.1666,1.0045,0.80185,0.56188,0.32059,0.13539,0.054976,0.084586,0.21077,0.38377,0.56488,0.73517,0.8884,1.0185,1.116,1.1745,1.2001,1.195,1.1774,1.1611,1.1529
-0.20091,0.18344,0.26833,-0.11117,-0.52155,-0.48577,-0.062069,0.46463,0.86048,0.99824,0.87384,0.6039,0.34138,0.15958,0.040361,-0.062419,-0.16192,-0.22879,-0.21955,-0.12464,0.0088129,0.10388,0.095516,-0.047649,-0.31552,-0.63092,-0.86334,-0.90601,-0.75894,-0.50084,-0.21227,0.056968,0.28076,0.43794,0.50165,0.44678,0.2667,-0.014495,-0.34494,-0.64503,-0.83204,-0.82973,-0.63225,-0.30525,0.041825,0.2988,0.4168,0.40861,0.33721,0.29286,0.35325,0.546,0.83015,1.1181,1.3172,1.388,1.3533,1.269,1.1793,1.0897,0.97814,0.81829,0.60544,0.36873,0.16434,0.050968,0.067037,0.1866,0.37375,0.58271,0.77915,0.94359,1.0668,1.1455,1.1814,1.1811,1.1621,1.1358,1.1129,1.0999
-0.086084,0.31216,0.41979,0.050238,-0.38982,-0.41507,-0.04982,0.44317,0.82907,0.96632,0.8377,0.55953,0.29252,0.11301,-0.0085983,-0.1289,-0.26298,-0.37156,-0.39646,-0.31727,-0.17824,-0.058785,-0.02798,-0.12115,-0.33333,-0.5954,-0.79044,-0.82366,-0.69944,-0.48474,-0.24967,-0.034226,0.1448,0.26856,0.3123,0.25351,0.085595,-0.17248,-0.47142,-0.74292,-0.90011,-0.87466,-0.64478,-0.27207,0.12227,0.42516,0.57692,0.58415,0.5069,0.43203,0.43901,0.56639,0.78828,1.0254,1.1947,1.2568,1.2332,1.1783,1.1316,1.0937,1.0272,0.89528,0.68631,0.42988,0.19186,0.047518,0.03703,0.16819,0.38495,0.62457,0.84061,1.0093,1.1224,1.1805,1.1912,1.166,1.1269,1.091,1.0682,1.0603
0.011569,0.41824,0.54044,0.17639,-0.28566,-0.35768,-0.03636,0.43069,0.80972,0.94684,0.81497,0.5282,0.25544,0.078706,-0.040378,-0.16711,-0.3204,-0.45689,-0.50876,-0.44502,-0.3047,-0.1672,-0.10337,-0.15253,-0.31231,-0.52226,-0.67644,-0.69453,-0.58248,-0.40153,-0.21209,-0.043795,0.092144,0.18173,0.20208,0.13226,-0.033549,-0.27573,-0.54971,-0.79012,-0.91307,-0.85253,-0.58634,-0.18076,0.24011,0.56505,0.73262,0.7494,0.67243,0.58183,0.55719,0.64169,0.81931,1.0204,1.1683,1.2214,1.2012,1.1618,1.1403,1.1294,1.0874,0.9734,0.77087,0.50528,0.2415,0.061193,0.030977,0.14624,0.36523,0.62106,0.85697,1.0398,1.157,1.2093,1.2063,1.1665,1.111,1.0586,1.024,1.0138
0.15516,0.57087,0.70966,0.34926,-0.14434,-0.27778,-0.015343,0.41893,0.78897,0.92785,0.79088,0.48908,0.20471,0.03006,-0.079291,-0.20421,-0.37097,-0.53385,-0.61609,-0.5749,-0.43804,-0.27929,-0.17038,-0.15488,-0.23621,-0.36778,-0.46345,-0.46082,-0.36283,-0.22322,-0.090199,0.016487,0.090234,0.12688,0.10785,0.013022,-0.16084,-0.38943,-0.6258,-0.80471,-0.85901,-0.73041,-0.41713,0.015156,0.45561,0.79557,0.98067,1.014,0.94413,0.84554,0.79037,0.82488,0.9463,1.1029,1.2238,1.2725,1.266,1.2508,1.2554,1.2653,1.2372,1.1211,0.89825,0.59499,0.28268,0.055693,-0.017221,0.092539,0.32994,0.61225,0.86884,1.06,1.1733,1.2137,1.1965,1.139,1.0734,1.0194,0.98772,0.97931
0.27162,0.69281,0.8426,0.48247,-0.036578,-0.21789,0.0014049,0.41189,0.77671,0.9172,0.77556,0.45919,0.16251,-0.011961,-0.11048,-0.22523,-0.38917,-0.55908,-0.65572,-0.62885,-0.4969,-0.32697,-0.18823,-0.12468,-0.14591,-0.21742,-0.27255,-0.25766,-0.17409,-0.063332,0.034893,0.10211,0.13511,0.13264,0.081205,-0.035241,-0.21667,-0.43589,-0.64185,-0.77214,-0.76574,-0.58368,-0.23347,0.21734,0.66398,1.008,1.1994,1.2415,1.1788,1.0809,1.0142,1.025,1.1183,1.2526,1.365,1.4168,1.4173,1.4061,1.41,1.4154,1.378,1.2513,1.0134,0.68577,0.33649,0.063226,-0.042704,0.039676,0.26797,0.55782,0.83162,1.0417,1.1689,1.2139,1.1908,1.1274,1.0488,0.981,0.9418,0.93658
0.43645,0.86457,1.0272,0.66618,0.10965,-0.1365,0.024162,0.40308,0.76167,0.90305,0.75154,0.41099,0.091527,-0.085274,-0.16575,-0.25309,-0.39199,-0.54787,-0.64551,-0.62931,-0.50547,-0.32947,-0.16302,-0.047607,0.00087485,0.00069974,-0.0042682,0.02557,0.091628,0.16739,0.22501,0.2494,0.24292,0.20176,0.11418,-0.033629,-0.23247,-0.44346,-0.60764,-0.66415,-0.56804,-0.30559,0.096052,0.56549,1.0086,1.3438,1.5294,1.5735,1.5207,1.431,1.3677,1.3729,1.4534,1.5757,1.6859,1.7439,1.7523,1.7414,1.7325,1.7139,1.6443,1.4778,1.1922,0.80824,0.39475,0.055303,-0.1144,-0.062999,0.16551,0.4755,0.77298,0.99888,1.1314,1.1751,1.1495,1.078,1,0.93732,0.90287,0.89868
0.60981,1.0445,1.2203,0.85778,0.26109,-0.052326,0.047543,0.3943,0.74415,0.88303,0.71902,0.35024,0.00016244,-0.18562,-0.24522,-0.29018,-0.37991,-0.49272,-0.5656,-0.54799,-0.43509,-0.26343,-0.082964,0.066419,0.16503,0.21816,0.2532,0.29635,0.35034,0.39965,0.42416,0.41897,0.38704,0.32488,0.21609,0.047439,-0.16459,-0.36712,-0.48824,-0.46715,-0.27835,0.064086,0.50803,0.98028,1.4026,1.7126,1.8846,1.9298,1.8888,1.8186,1.773,1.7913,1.8817,2.0145,2.1365,2.2062,2.2182,2.1956,2.1578,2.0955,1.9746,1.7551,1.414,0.96653,0.47646,0.049772,-0.19263,-0.19815,0.010827,0.33521,0.66575,0.92677,1.0844,1.1377,1.1081,1.0351,0.94624,0.876,0.84243,0.84793
0.74384,1.1842,1.3707,1.0074,0.37922,0.012533,0.064829,0.38508,0.7259,0.86058,0.68674,0.29576,-0.08193,-0.27972,-0.32401,-0.32956,-0.36648,-0.42855,-0.4687,-0.44308,-0.33882,-0.17669,0.0049667,0.16944,0.29244,0.37227,0.42639,0.47496,0.52189,0.5578,0.56827,0.55244,0.51295,0.44617,0.3323,0.16064,-0.050938,-0.24084,-0.33141,-0.2601,-0.010724,0.38196,0.85315,1.3244,1.7243,2.0068,2.1561,2.1918,2.1567,2.1029,2.0807,2.1233,2.235,2.3866,2.5236,2.6049,2.6223,2.594,2.5349,2.4378,2.271,1.996,1.5939,1.0824,0.52587,0.031904,-0.27969,-0.32061,-0.11552,0.22694,0.58095,0.85958,1.027,1.086,1.0615,0.9862,0.90428,0.84151,0.81265,0.81941
0.92591,1.3749,1.578,1.2146,0.54329,0.10124,0.084989,0.36471,0.68905,0.81761,0.63145,0.21198,-0.20516,-0.42587,-0.451,-0.39484,-0.34388,-0.31944,-0.30267,-0.26062,-0.16875,-0.026707,0.14361,0.31216,0.45175,0.55212,0.61984,0.66981,0.71012,0.73578,0.7427,0.72838,0.69505,0.63506,0.53021,0.36644,0.16833,0.0020686,-0.042817,0.092909,0.40915,0.85066,1.335,1.7852,2.1443,2.3805,2.4951,2.5148,2.4834,2.4502,2.4594,2.539,2.6899,2.878,3.05,3.1559,3.1801,3.1374,3.0457,2.9008,2.6761,2.3384,1.8657,1.2691,0.6081,-0.0049143,-0.41854,-0.53271,-0.34217,0.033488,0.43932,0.76389,0.95973,1.0289,1.0031,0.92864,0.84335,0.78246,0.76127,0.77883
1.1092,1.5682,1.7913,1.4303,0.71458,0.19173,0.09903,0.33095,0.63427,0.75657,0.5625,0.11865,-0.33645,-0.58376,-0.59047,-0.46334,-0.31277,-0.1938,-0.11376,-0.050664,0.028019,0.14314,0.29071,0.44738,0.5886,0.69722,0.77091,0.81932,0.85183,0.87088,0.87903,0.87721,0.86531,0.83254,0.75661,0.62131,0.45142,0.3182,0.31112,0.49033,0.84642,1.3116,1.7941,2.2155,2.5269,2.7109,2.7821,2.776,2.7387,2.7192,2.7557,2.8712,3.0619,3.2918,3.5009,3.6395,3.6879,3.654,3.5495,3.3714,3.0942,2.6863,2.1299,1.4378,0.66825,-0.063654,-0.59758,-0.7763,-0.58661,-0.16816,0.29029,0.65676,0.87933,0.96356,0.94561,0.87247,0.79302,0.73664,0.71855,0.73948
1.2455,1.7131,1.9535,1.5963,0.84718,0.26065,0.10502,0.29547,0.58084,0.69951,0.50354,0.047924,-0.43191,-0.69767,-0.689,-0.50654,-0.28104,-0.093651,0.030504,0.10778,0.17601,0.26858,0.39369,0.53566,0.6716,0.78132,0.85692,0.9011,0.92488,0.9383,0.94807,0.96091,0.97393,0.97254,0.92661,0.82128,0.6798,0.57553,0.59632,0.79768,1.1676,1.6313,2.1001,2.4955,2.7691,2.9134,2.9461,2.9106,2.8601,2.8403,2.8912,3.0317,3.254,3.5186,3.7648,3.9358,4.0067,3.982,3.8736,3.6783,3.3743,2.9321,2.3311,1.5783,0.72713,-0.10537,-0.7316,-0.97434,-0.78908,-0.33064,0.17886,0.58506,0.82923,0.91982,0.90049,0.82859,0.74846,0.69804,0.69162,0.72556
1.4231,1.9032,2.169,1.8187,1.0264,0.35281,0.10786,0.23693,0.49511,0.60978,0.4179,-0.041518,-0.54161,-0.82352,-0.79074,-0.53815,-0.22195,0.044768,0.21646,0.30488,0.35626,0.41812,0.51255,0.63373,0.75823,0.8614,0.92763,0.95854,0.96695,0.97428,0.99298,1.0316,1.0865,1.1317,1.1309,1.0661,0.96363,0.89726,0.95512,1.1846,1.562,2.0124,2.4433,2.7843,2.9993,3.083,3.0657,2.9938,2.9183,2.8899,2.944,3.1008,3.354,3.6641,3.9644,4.1922,4.3135,4.3249,4.2327,4.0335,3.7083,3.2283,2.5738,1.7505,0.80762,-0.13727,-0.88355,-1.1979,-1.0116,-0.50473,0.058706,0.50311,0.76792,0.8674,0.85163,0.78183,0.70719,0.66357,0.66407,0.70499
1.5512,2.041,2.3265,1.983,1.1595,0.42171,0.10696,0.18698,0.42246,0.53449,0.3511,-0.10136,-0.60305,-0.88613,-0.83379,-0.53513,-0.16314,0.14926,0.34562,0.43617,0.47284,0.51291,0.5871,0.6931,0.80496,0.89509,0.94589,0.96187,0.96072,0.96567,0.99414,1.0519,1.1337,1.21,1.2451,1.216,1.1489,1.113,1.1912,1.4275,1.7984,2.2294,2.6307,2.9333,3.1036,3.1422,3.0832,2.9764,2.8744,2.8279,2.8734,3.0332,3.3039,3.6478,3.9951,4.2755,4.4455,4.4943,4.4248,4.2348,3.9054,3.4131,2.7396,1.8882,0.90255,-0.10384,-0.91679,-1.2851,-1.1128,-0.58827,-0.00060131,0.46087,0.73399,0.83631,0.82182,0.75294,0.68377,0.64774,0.6559,0.70315
1.7123,2.2144,2.5252,2.1922,1.3314,0.51236,0.10616,0.11927,0.32169,0.43036,0.26393,-0.16348,-0.6445,-0.91087,-0.82946,-0.4837,-0.060492,0.2896,0.50134,0.58585,0.60194,0.61596,0.66582,0.75002,0.84189,0.90954,0.9355,0.92747,0.91074,0.90768,0.94034,1.0163,1.1257,1.2417,1.3235,1.347,1.3303,1.3354,1.4365,1.6739,2.027,2.424,2.7821,3.0341,3.1464,3.1265,3.0091,2.8484,2.702,2.6161,2.6331,2.7811,3.0655,3.4532,3.871,4.2334,4.482,4.5962,4.575,4.4147,4.1028,3.6168,2.9401,2.0766,1.0696,0.030917,-0.82762,-1.2401,-1.0987,-0.58963,-0.008885,0.44753,0.71437,0.80947,0.78975,0.72457,0.66104,0.63593,0.6573,0.71585
1.8591,2.3711,2.7058,2.383,1.4909,0.59986,0.11143,0.059214,0.22707,0.33098,0.18637,-0.19986,-0.63431,-0.86166,-0.74872,-0.37423,0.070785,0.42946,0.6355,0.7033,0.69698,0.68829,0.71819,0.78521,0.85959,0.90559,0.90412,0.86354,0.81322,0.78669,0.81013,0.89737,1.0353,1.1901,1.3135,1.3807,1.4074,1.4518,1.5803,1.8246,2.1597,2.5189,2.8242,3.0166,3.0707,2.9937,2.8252,2.6177,2.423,2.289,2.2577,2.3691,2.6474,3.0729,3.5685,4.0291,4.3735,4.567,4.6055,4.49,4.2103,3.7526,3.1053,2.274,1.3009,0.29269,-0.54927,-0.97978,-0.89178,-0.4521,0.062915,0.46737,0.70047,0.78128,0.76417,0.7039,0.66161,0.65477,0.68582,0.74558
1.9576,2.4747,2.8253,2.5096,1.5985,0.66162,0.11934,0.022877,0.1643,0.26335,0.13701,-0.20969,-0.59479,-0.77927,-0.63983,-0.25593,0.18638,0.53377,0.72227,0.76998,0.74518,0.7222,0.74226,0.80163,0.86631,0.89588,0.86952,0.79767,0.71341,0.66011,0.67031,0.75869,0.91379,1.0912,1.2404,1.3358,1.3943,1.4699,1.6191,1.8664,2.1862,2.5147,2.782,2.9342,2.948,2.8354,2.6345,2.3956,2.1668,1.9917,1.9133,1.982,2.2421,2.6905,3.2461,3.7855,4.2075,4.4666,4.5569,4.4819,4.2379,3.8142,3.2036,2.4166,1.4979,0.54955,-0.24846,-0.67971,-0.64955,-0.29202,0.15214,0.50764,0.70957,0.77124,0.74448,0.69332,0.65419,0.65592,0.70003,0.77396
2.0712,2.5916,2.9589,2.6516,1.7202,0.73463,0.13511,-0.011004,0.096062,0.18627,0.084931,-0.20255,-0.50805,-0.62079,-0.44465,-0.061555,0.35565,0.66686,0.81662,0.82922,0.7786,0.74233,0.75909,0.81815,0.87368,0.87996,0.81625,0.69842,0.56691,0.47133,0.44904,0.51996,0.67473,0.86792,1.0471,1.1807,1.2834,1.4006,1.5791,1.8334,2.1344,2.4253,2.6432,2.7432,2.7091,2.5569,2.3242,2.0561,1.7931,1.5671,1.4224,1.4241,1.6463,2.1122,2.744,3.3864,3.9087,4.2518,4.409,4.3901,4.1977,3.8303,3.2878,2.5857,1.7691,0.92972,0.21641,-0.20473,-0.25763,-0.035517,0.27728,0.53605,0.68305,0.72725,0.70999,0.67537,0.66688,0.69176,0.74686,0.82185
2.1418,2.661,3.0372,2.7347,1.7916,0.78056,0.15021,-0.024917,0.058731,0.14018,0.055823,-0.18583,-0.42567,-0.47857,-0.27483,0.10048,0.48692,0.75881,0.87079,0.85317,0.78399,0.74232,0.76291,0.82532,0.87673,0.8668,0.77517,0.62354,0.45744,0.32421,0.26509,0.30555,0.44156,0.63704,0.83564,1.002,1.1401,1.289,1.4877,1.7469,2.0362,2.3009,2.4837,2.5461,2.4798,2.3039,2.059,1.7862,1.5142,1.2682,1.0838,1.0321,1.2119,1.6789,2.3537,3.0625,3.6508,4.0487,4.2496,4.268,4.1149,3.7935,3.3088,2.6797,1.9508,1.2035,0.55703,0.14446,0.027185,0.14442,0.35721,0.54374,0.64808,0.67401,0.65812,0.64514,0.65544,0.70287,0.77987,0.87137
2.2153,2.7273,3.1101,2.8116,1.8579,0.8255,0.17097,-0.029677,0.026721,0.093325,0.025236,-0.1581,-0.31039,-0.28217,-0.04025,0.31956,0.65639,0.86784,0.92298,0.86134,0.76716,0.7197,0.74715,0.81811,0.87279,0.85361,0.73751,0.54597,0.32733,0.13031,0.0053072,-0.012153,0.086889,0.27215,0.48765,0.68885,0.87239,1.065,1.2949,1.5629,1.8371,2.0672,2.2048,2.222,2.1205,1.9284,1.688,1.4321,1.1752,0.92572,0.70903,0.6023,0.73171,1.1858,1.8977,2.6664,3.3115,3.7539,3.9905,4.0437,3.9338,3.6725,3.27,2.7459,2.1387,1.5117,0.95215,0.54732,0.34777,0.32607,0.39812,0.4815,0.53442,0.55662,0.57026,0.59803,0.65689,0.74048,0.83691,0.9338
2.2641,2.7614,3.1446,2.8473,1.8879,0.84784,0.1875,-0.026312,0.007978,0.055147,-0.0049487,-0.13771,-0.20745,-0.10062,0.17744,0.52136,0.80701,0.95495,0.95084,0.84313,0.72063,0.66374,0.6972,0.78391,0.85568,0.84671,0.7256,0.50546,0.23117,-0.039217,-0.24712,-0.3415,-0.29372,-0.13004,0.093461,0.32322,0.54734,0.78061,1.0388,1.3143,1.5734,1.7709,1.8673,1.8452,1.7172,1.522,1.3023,1.0843,0.87073,0.65338,0.45071,0.33554,0.44013,0.87385,1.5814,2.3591,3.0154,3.4647,3.705,3.7671,3.6795,3.4635,3.1359,2.7166,2.2333,1.726,1.2467,0.84964,0.57418,0.42406,0.36605,0.35561,0.36493,0.39044,0.44178,0.52641,0.63816,0.76663,0.89565,1.0114
2.2838,2.7655,3.1444,2.8455,1.8846,0.84718,0.19211,-0.023668,-0.004447,0.025652,-0.034649,-0.1359,-0.14785,0.014291,0.3185,0.65148,0.90074,1.0021,0.95314,0.8098,0.66453,0.59907,0.63757,0.74073,0.83219,0.8396,0.72463,0.49446,0.18955,-0.1297,-0.40442,-0.56791,-0.57687,-0.43883,-0.21385,0.039905,0.29234,0.54991,0.8216,1.0978,1.3455,1.5199,1.5868,1.536,1.3907,1.1969,1.0019,0.82706,0.66259,0.49335,0.32818,0.23532,0.34561,0.76895,1.458,2.2113,2.8392,3.26,3.4766,3.5244,3.4408,3.2523,2.9772,2.6316,2.2341,1.809,1.387,1.0006,0.68154,0.44697,0.29659,0.21948,0.20529,0.24834,0.3432,0.47841,0.63839,0.80019,0.94586,1.0647
2.2874,2.7419,3.1086,2.8051,1.8453,0.81947,0.18134,-0.031294,-0.031374,-0.027559,-0.094473,-0.16089,-0.10167,0.13083,0.46911,0.79091,0.99561,1.0373,0.92889,0.73687,0.55992,0.48254,0.52847,0.655,0.77735,0.8144,0.71826,0.49038,0.16741,-0.19885,-0.54713,-0.80015,-0.89212,-0.80306,-0.58701,-0.31831,-0.042411,0.23432,0.51644,0.78936,1.0185,1.1615,1.1898,1.1044,0.9406,0.75703,0.60247,0.49005,0.40056,0.30932,0.22037,0.19368,0.34359,0.76449,1.409,2.0981,2.6583,3.0134,3.1705,3.1738,3.0693,2.8951,2.6754,2.4215,2.1358,1.8183,1.4739,1.1113,0.75397,0.43441,0.18723,0.039215,0.0023191,0.071148,0.22405,0.42789,0.64689,0.85199,1.0236,1.1526
2.2648,2.6847,3.0323,2.7216,1.7662,0.75949,0.14455,-0.063304,-0.082603,-0.10896,-0.18812,-0.22521,-0.1006,0.19937,0.57288,0.88778,1.0534,1.0398,0.87482,0.63532,0.42623,0.3347,0.38494,0.53121,0.68795,0.7654,0.70441,0.49754,0.17516,-0.21815,-0.61453,-0.93606,-1.0933,-1.0534,-0.85767,-0.59692,-0.32188,-0.047541,0.22601,0.48227,0.68484,0.79622,0.79157,0.67947,0.50537,0.33309,0.2141,0.15813,0.14026,0.13186,0.13458,0.19902,0.41621,0.8507,1.4497,2.0534,2.515,2.7744,2.8465,2.7812,2.6373,2.4627,2.2862,2.1133,1.931,1.7182,1.4564,1.1397,0.78135,0.41942,0.112,-0.081972,-0.12799,-0.030189,0.17431,0.43667,0.7008,0.93445,1.119,1.2485
2.2314,2.6205,2.9496,2.6317,1.6813,0.69303,0.097239,-0.10746,-0.14271,-0.19295,-0.28335,-0.30108,-0.13077,0.21672,0.61637,0.92933,1.0712,1.0218,0.81784,0.54397,0.30992,0.20493,0.25448,0.41407,0.59845,0.71299,0.69053,0.51239,0.20045,-0.19825,-0.6187,-0.97421,-1.1664,-1.1522,-0.97409,-0.72269,-0.46004,-0.2032,0.045979,0.27396,0.44899,0.53312,0.50761,0.38359,0.20796,0.047987,-0.047282,-0.068784,-0.041118,0.0060448,0.072828,0.20293,0.47117,0.91792,1.4863,2.0284,2.4141,2.595,2.5933,2.4671,2.2815,2.0968,1.946,1.8291,1.7197,1.5823,1.3879,1.1191,0.78791,0.43334,0.11896,-0.085916,-0.13476,-0.024799,0.20445,0.49002,0.77839,1.0293,1.2211,1.3473
2.1659,2.5084,2.8074,2.4785,1.5374,0.57689,0.005517,-0.19763,-0.25682,-0.33903,-0.44317,-0.43604,-0.2087,0.19606,0.62859,0.94464,1.0645,0.9773,0.72938,0.41298,0.14422,0.017659,0.06254,0.23837,0.45806,0.62155,0.65362,0.52217,0.24359,-0.13487,-0.55597,-0.92382,-1.1393,-1.1469,-0.99396,-0.76885,-0.54219,-0.329,-0.12601,0.05711,0.19048,0.23875,0.18595,0.049906,-0.1192,-0.25784,-0.32402,-0.31375,-0.24782,-0.1465,-0.0065163,0.20528,0.53487,0.99434,1.5123,1.9652,2.2508,2.3349,2.2434,2.0381,1.795,1.5852,1.4532,1.3988,1.3819,1.3481,1.2508,1.0715,0.81194,0.50942,0.23061,0.05068,0.020121,0.14161,0.37464,0.66335,0.94753,1.1907,1.3742,1.4925
2.1027,2.4064,2.6791,2.3411,1.4098,0.47134,-0.083511,-0.28854,-0.36754,-0.47308,-0.58476,-0.55749,-0.29026,0.15335,0.60907,0.93007,1.0402,0.93324,0.65998,0.31696,0.024778,-0.11802,-0.078354,0.10597,0.34696,0.54054,0.60455,0.50725,0.26519,-0.078139,-0.46523,-0.81105,-1.0211,-1.0413,-0.90983,-0.7147,-0.52353,-0.35075,-0.19154,-0.04934,0.048027,0.072722,0.0081773,-0.12704,-0.28181,-0.40352,-0.45492,-0.43376,-0.35636,-0.23342,-0.05827,0.19677,0.56059,1.0222,1.5077,1.8995,2.1113,2.1219,1.9657,1.7062,1.4284,1.2102,1.0977,1.0852,1.1242,1.1544,1.1311,1.0242,0.84274,0.61955,0.40878,0.27095,0.25132,0.36154,0.57592,0.84272,1.1146,1.3509,1.5283,1.6375
2.0012,2.25,2.4848,2.1331,1.2184,0.311,-0.22355,-0.43632,-0.54364,-0.67701,-0.79236,-0.73455,-0.41592,0.074199,0.55673,0.88566,0.98968,0.86712,0.57291,0.20719,-0.10751,-0.27034,-0.24292,-0.058041,0.19974,0.42307,0.52301,0.46988,0.28222,-0.00023558,-0.31706,-0.60379,-0.78198,-0.80675,-0.70075,-0.54428,-0.39661,-0.27583,-0.17623,-0.096772,-0.053314,-0.065952,-0.13986,-0.25655,-0.37816,-0.46637,-0.50256,-0.48362,-0.41291,-0.28567,-0.09027,0.19159,0.56964,1.0172,1.4498,1.7688,1.9036,1.8419,1.6224,1.3176,1.0095,0.78124,0.6834,0.71082,0.81188,0.92224,0.9901,0.99613,0.93758,0.83604,0.72961,0.66185,0.66761,0.76136,0.93275,1.1538,1.3824,1.5871,1.7466,1.8503
1.8826,2.0746,2.2682,1.9052,1.0108,0.13692,-0.37933,-0.60412,-0.73963,-0.89485,-1.0063,-0.91259,-0.54539,-0.016129,0.48864,0.8255,0.92902,0.80224,0.50259,0.13044,-0.19433,-0.37367,-0.36569,-0.1928,0.068009,0.30981,0.44229,0.43053,0.29272,0.073911,-0.17213,-0.38738,-0.51232,-0.5154,-0.4217,-0.29605,-0.18914,-0.11623,-0.066251,-0.038828,-0.042041,-0.088874,-0.17283,-0.26993,-0.35364,-0.40549,-0.42612,-0.41766,-0.37059,-0.26758,-0.082525,0.20283,0.58168,1.005,1.3869,1.633,1.6919,1.5693,1.3145,0.99865,0.70584,0.5084,0.4436,0.50006,0.63155,0.78576,0.92527,1.0258,1.0838,1.1051,1.1042,1.1027,1.1258,1.195,1.3182,1.4838,1.6698,1.8472,1.9932,2.0954
1.784,1.9339,2.0962,1.7259,0.8494,0.0035489,-0.49898,-0.73304,-0.8879,-1.0541,-1.1553,-1.0325,-0.63318,-0.081192,0.43571,0.77852,0.88536,0.76229,0.46785,0.10063,-0.22375,-0.41075,-0.41738,-0.25858,-0.0060273,0.23772,0.38462,0.39658,0.29171,0.12069,-0.070853,-0.22841,-0.3065,-0.2854,-0.19499,-0.087424,-0.0080746,0.034969,0.050635,0.045536,0.014747,-0.045983,-0.1286,-0.21099,-0.27112,-0.306,-0.32121,-0.32001,-0.29151,-0.20628,-0.036849,0.23403,0.59454,0.99156,1.3328,1.5354,1.5574,1.4125,1.1551,0.86027,0.60214,0.4387,0.39598,0.46259,0.60272,0.77611,0.9491,1.1058,1.2331,1.3258,1.3853,1.4216,1.4535,1.5041,1.5914,1.7204,1.874,2.0318,2.1729,2.2839
1.6416,1.7385,1.8607,1.4831,0.63448,-0.17063,-0.65384,-0.89637,-1.0708,-1.241,-1.3177,-1.156,-0.72509,-0.15612,0.36885,0.71913,0.83654,0.72858,0.4528,0.10261,-0.213,-0.40244,-0.42231,-0.28561,-0.05818,0.166,0.30752,0.3352,0.2724,0.16657,0.057701,-0.019822,-0.041211,-0.00016398,0.083578,0.16886,0.22413,0.24196,0.22823,0.19191,0.1337,0.057666,-0.023378,-0.089361,-0.12799,-0.14519,-0.15758,-0.16923,-0.16194,-0.102,0.047091,0.30287,0.64564,1.0107,1.3073,1.4571,1.4342,1.2697,1.0305,0.78968,0.60796,0.51859,0.52335,0.60436,0.73905,0.90857,1.0989,1.2915,1.4712,1.6191,1.7211,1.777,1.8043,1.8315,1.886,1.9778,2.107,2.2526,2.3946,2.5209
1.4891,1.5401,1.6269,1.245,0.42862,-0.33288,-0.79241,-1.0365,-1.2184,-1.3775,-1.4205,-1.2231,-0.77665,-0.20947,0.31272,0.66778,0.80206,0.72055,0.47383,0.14827,-0.15177,-0.33687,-0.36386,-0.24839,-0.054479,0.13173,0.24262,0.26942,0.24156,0.19596,0.16452,0.15492,0.17584,0.22808,0.30364,0.37281,0.41481,0.41957,0.39492,0.34462,0.27211,0.18292,0.09342,0.026287,-0.0078615,-0.021561,-0.033576,-0.049632,-0.050294,0.0044743,0.1513,0.40334,0.73261,1.0721,1.3265,1.4348,1.3881,1.2307,1.0335,0.86564,0.76747,0.74531,0.78745,0.87799,1.0062,1.1658,1.3487,1.5435,1.7267,1.876,1.9758,2.024,2.0362,2.0414,2.0705,2.1439,2.2588,2.4022,2.5568,2.7121
1.3698,1.3925,1.4579,1.0754,0.28523,-0.44206,-0.88022,-1.1194,-1.2966,-1.4378,-1.4514,-1.2325,-0.78491,-0.23005,0.28249,0.63963,0.78855,0.73001,0.50828,0.20304,-0.085409,-0.2677,-0.3001,-0.19982,-0.030152,0.12795,0.21659,0.2381,0.22575,0.21303,0.22077,0.24747,0.29174,0.35281,0.4228,0.48295,0.51604,0.51551,0.48575,0.42971,0.35078,0.25574,0.16223,0.090574,0.04951,0.028094,0.010296,-0.0064862,-0.0018426,0.062639,0.22064,0.48256,0.81649,1.1473,1.3866,1.4735,1.4081,1.248,1.0751,0.95516,0.91666,0.95055,1.0287,1.1301,1.2505,1.3952,1.5661,1.7447,1.9099,2.0355,2.1051,2.1213,2.1064,2.094,2.1159,2.1882,2.3101,2.4652,2.636,2.8146
1.2054,1.2022,1.2482,0.86953,0.11413,-0.56724,-0.97426,-1.1968,-1.3552,-1.4631,-1.4379,-1.1995,-0.76324,-0.23455,0.2596,0.61635,0.78379,0.7563,0.56793,0.28795,0.011382,-0.17048,-0.21128,-0.12719,0.017987,0.1475,0.21603,0.22642,0.21774,0.2285,0.2666,0.32656,0.39303,0.45739,0.51155,0.55209,0.57137,0.56896,0.54139,0.48852,0.40846,0.30909,0.20653,0.11952,0.056896,0.0151,-0.016851,-0.03367,-0.0091909,0.087618,0.28666,0.586,0.94147,1.2726,1.4947,1.5576,1.4767,1.3214,1.1767,1.1043,1.1176,1.1935,1.3001,1.4191,1.5493,1.6952,1.8523,2.0033,2.1192,2.1786,2.1767,2.1287,2.0664,2.029,2.0487,2.1377,2.2861,2.4706,2.6704,2.879
1.0787,1.0671,1.1072,0.73397,0.0037608,-0.64482,-1.027,-1.2308,-1.3677,-1.4458,-1.3935,-1.149,-0.72887,-0.22379,0.25271,0.60637,0.78475,0.77749,0.61079,0.34646,0.076597,-0.10519,-0.1485,-0.068468,0.066269,0.17881,0.22992,0.22685,0.21526,0.23547,0.29114,0.36532,0.43395,0.4832,0.51504,0.53607,0.54849,0.54964,0.53233,0.49016,0.41599,0.31522,0.19791,0.084601,-0.005658,-0.072759,-0.11264,-0.11757,-0.06826,0.070624,0.31367,0.6495,1.0278,1.3694,1.5854,1.6358,1.5425,1.3805,1.2388,1.179,1.2131,1.3139,1.444,1.5811,1.7225,1.8726,2.0247,2.1555,2.2336,2.2362,2.1645,2.0479,1.9347,1.8749,1.9007,2.0147,2.1964,2.4133,2.6414,2.8748
0.90607,0.89936,0.9448,0.5843,-0.11585,-0.72575,-1.0738,-1.2485,-1.3495,-1.3872,-1.3052,-1.06,-0.66642,-0.19601,0.25376,0.59736,0.78237,0.79341,0.6483,0.39984,0.1372,-0.040229,-0.076419,0.0087246,0.13875,0.23385,0.25915,0.23857,0.22445,0.25152,0.31622,0.38689,0.43026,0.43962,0.4321,0.43101,0.44278,0.45657,0.45608,0.42593,0.35974,0.25396,0.12093,-0.021384,-0.15272,-0.25352,-0.31039,-0.30608,-0.21658,-0.020873,0.28874,0.68844,1.1158,1.481,1.7022,1.7391,1.6225,1.4379,1.281,1.2124,1.2487,1.3592,1.5068,1.6689,1.8394,2.0141,2.174,2.2881,2.3175,2.2395,2.0653,1.8446,1.6519,1.5575,1.5968,1.7585,1.9969,2.2671,2.5377,2.8014
0.72921,0.74687,0.81534,0.4748,-0.20098,-0.77871,-1.0959,-1.2396,-1.3043,-1.3047,-1.2027,-0.96409,-0.59914,-0.16419,0.25658,0.5825,0.76361,0.78269,0.6502,0.41193,0.15626,-0.012698,-0.035541,0.062532,0.19861,0.29007,0.30438,0.27616,0.25885,0.27916,0.32867,0.36896,0.36802,0.32487,0.27002,0.23877,0.24594,0.27715,0.30515,0.30369,0.25385,0.15006,-0.0018486,-0.18202,-0.36029,-0.50279,-0.57945,-0.56239,-0.42829,-0.16651,0.21495,0.67645,1.1473,1.538,1.7675,1.8019,1.6717,1.4593,1.2611,1.1514,1.1492,1.2437,1.4036,1.6013,1.8184,2.0362,2.2266,2.3398,2.3302,2.1738,1.891,1.555,1.2746,1.1493,1.2174,1.4419,1.7525,2.079,2.3843,2.6642
0.5934,0.64263,0.74046,0.4201,-0.24033,-0.79933,-1.0961,-1.2186,-1.2589,-1.238,-1.1268,-0.89704,-0.5526,-0.14243,0.25427,0.56292,0.73538,0.75322,0.62446,0.39168,0.14117,-0.021867,-0.03566,0.074866,0.2246,0.32838,0.35281,0.3279,0.30382,0.30876,0.33123,0.33487,0.28946,0.19763,0.099849,0.046144,0.055438,0.10793,0.16466,0.18984,0.15658,0.055195,-0.11305,-0.32584,-0.5416,-0.71774,-0.8067,-0.77638,-0.61095,-0.304,0.12351,0.62612,1.1297,1.5424,1.7823,1.8146,1.6704,1.4332,1.2007,1.0468,1.007,1.075,1.2277,1.4409,1.693,1.9555,2.1807,2.3144,2.2997,2.1062,1.7552,1.3343,0.98107,0.8254,0.91355,1.1924,1.5545,1.9208,2.2508,2.5415
0.40755,0.51599,0.66917,0.3821,-0.25983,-0.80117,-1.0759,-1.1736,-1.1891,-1.1502,-1.0374,-0.82266,-0.5044,-0.126,0.23836,0.51871,0.67147,0.67923,0.54905,0.32131,0.079031,-0.074171,-0.074596,0.05616,0.23374,0.36848,0.42245,0.41253,0.38487,0.36653,0.34522,0.2845,0.15821,-0.019894,-0.18362,-0.26164,-0.23218,-0.13568,-0.032774,0.025889,0.012208,-0.090371,-0.27506,-0.51753,-0.77533,-0.98493,-1.0936,-1.0611,-0.86709,-0.52043,-0.045536,0.50333,1.0454,1.486,1.744,1.7822,1.6281,1.3591,1.0685,0.8371,0.71484,0.72483,0.86389,1.1104,1.4279,1.7649,2.0587,2.2317,2.2191,1.9888,1.5676,1.059,0.63265,0.45314,0.57522,0.91506,1.3435,1.7556,2.1051,2.3894
0.26445,0.42868,0.63447,0.37768,-0.25097,-0.78263,-1.0445,-1.1277,-1.1315,-1.0889,-0.98251,-0.78196,-0.48092,-0.12375,0.21729,0.47331,0.60389,0.59558,0.45781,0.23108,-0.0031293,-0.14346,-0.12728,0.025326,0.22898,0.39253,0.4726,0.48125,0.45786,0.42488,0.36638,0.24778,0.046864,-0.2043,-0.41922,-0.51009,-0.45973,-0.32454,-0.18219,-0.091604,-0.087185,-0.18501,-0.38091,-0.64822,-0.93606,-1.1729,-1.2955,-1.2613,-1.0544,-0.68788,-0.19271,0.37473,0.93456,1.392,1.6667,1.7187,1.5674,1.2812,0.94833,0.65499,0.46114,0.41306,0.52606,0.78494,1.1468,1.5462,1.8993,2.1229,2.1439,1.9227,1.4818,0.93104,0.4618,0.2665,0.40706,0.78456,1.2393,1.6649,2.0154,2.2903
0.067711,0.32019,0.60731,0.39912,-0.20958,-0.73049,-0.9785,-1.0458,-1.0427,-1.0088,-0.92434,-0.74875,-0.47057,-0.13456,0.17945,0.40051,0.49149,0.44794,0.28919,0.060527,-0.15841,-0.27259,-0.2258,-0.038133,0.20447,0.41297,0.53515,0.57683,0.56441,0.51332,0.40598,0.20883,-0.090864,-0.44188,-0.72694,-0.83336,-0.74758,-0.55387,-0.35479,-0.22207,-0.19636,-0.29014,-0.50155,-0.80004,-1.1207,-1.3911,-1.5322,-1.5008,-1.2925,-0.91645,-0.40936,0.17319,0.75127,1.2318,1.5263,1.591,1.4414,1.1386,0.76206,0.38863,0.098708,-0.039203,0.025954,0.30028,0.73172,1.2252,1.6733,1.9717,2.0407,1.8442,1.4127,0.865,0.40118,0.21812,0.37449,0.76334,1.2204,1.6366,1.9674,2.2118
-0.13689,0.21742,0.59629,0.44407,-0.13895,-0.64696,-0.88086,-0.93638,-0.93459,-0.92332,-0.87546,-0.73478,-0.48075,-0.16111,0.13053,0.31414,0.35559,0.26396,0.07452,-0.15683,-0.35256,-0.43182,-0.3514,-0.13234,0.14972,0.40978,0.58982,0.67712,0.68406,0.61828,0.46509,0.19594,-0.19193,-0.63506,-0.98571,-1.1038,-0.97771,-0.72666,-0.48083,-0.32428,-0.28921,-0.39223,-0.61755,-0.92969,-1.2714,-1.5507,-1.703,-1.6878,-1.4901,-1.1329,-0.63974,-0.061096,0.52571,1.0218,1.344,1.4375,1.305,0.99514,0.57883,0.13809,-0.24756,-0.47672,-0.46384,-0.18383,0.30352,0.88095,1.4188,1.8017,1.9506,1.8276,1.4612,0.9679,0.54534,0.38656,0.54542,0.90929,1.3337,1.7086,1.9914,2.1838
-0.29541,0.14158,0.59334,0.48785,-0.071367,-0.56587,-0.78695,-0.83339,-0.83637,-0.84892,-0.83781,-0.73255,-0.50011,-0.19243,0.083164,0.23868,0.24055,0.108,-0.10813,-0.34107,-0.51593,-0.56571,-0.45902,-0.21877,0.093272,0.3944,0.62358,0.75067,0.7799,0.70985,0.52748,0.21195,-0.23437,-0.73225,-1.119,-1.2441,-1.1029,-0.82844,-0.56206,-0.38877,-0.34803,-0.44757,-0.68108,-1.012,-1.3698,-1.6693,-1.8309,-1.8165,-1.6274,-1.274,-0.78843,-0.21795,0.36546,0.87059,1.2031,1.309,1.1848,0.8732,0.44011,-0.039695,-0.47505,-0.75788,-0.7821,-0.50247,0.022908,0.65974,1.2617,1.7054,1.9088,1.8411,1.5394,1.1223,0.77007,0.6447,0.7862,1.1083,1.4728,1.7952,2.039,2.2021
-0.51237,0.038669,0.58979,0.55069,0.030384,-0.43787,-0.63738,-0.66976,-0.68084,-0.72912,-0.77722,-0.73117,-0.53668,-0.25053,0.0043319,0.12593,0.078565,-0.10831,-0.36313,-0.60148,-0.75037,-0.76175,-0.61878,-0.3417,0.017772,0.37837,0.66701,0.84274,0.8983,0.83111,0.62785,0.27252,-0.22638,-0.77437,-1.1958,-1.3273,-1.1795,-0.89766,-0.6325,-0.46534,-0.43313,-0.54127,-0.78255,-1.1217,-1.4864,-1.7917,-1.9587,-1.9516,-1.7724,-1.4362,-0.96583,-0.40314,0.18126,0.6935,1.0384,1.1542,1.0342,0.71744,0.266,-0.24604,-0.72672,-1.0561,-1.1089,-0.82565,-0.26612,0.42455,1.09,1.6051,1.8907,1.9186,1.725,1.418,1.1544,1.0673,1.1872,1.4385,1.7264,1.9727,2.1455,2.245
-0.73279,-0.06811,0.5805,0.60859,0.135,-0.29664,-0.46635,-0.48216,-0.49795,-0.58311,-0.69722,-0.72338,-0.5822,-0.32627,-0.091619,0.0040093,-0.082906,-0.31796,-0.61129,-0.8591,-0.98677,-0.96274,-0.78366,-0.46497,-0.0567,0.3629,0.70626,0.92772,1.0082,0.95085,0.74714,0.38061,-0.12997,-0.69829,-1.1425,-1.3006,-1.1737,-0.91595,-0.67488,-0.53781,-0.52935,-0.66168,-0.9151,-1.2514,-1.6095,-1.8953,-2.0448,-2.0294,-1.849,-1.5229,-1.0682,-0.52034,0.055267,0.56311,0.90887,1.0258,0.90122,0.5716,0.10165,-0.4279,-0.92203,-1.2551,-1.3034,-1.0089,-0.42918,0.29291,1.0013,1.5715,1.9258,2.0402,1.9527,1.7596,1.5861,1.5293,1.6106,1.7837,1.977,2.1405,2.2506,2.3057
-0.8981,-0.15086,0.56646,0.64283,0.20848,-0.18981,-0.33144,-0.33076,-0.34687,-0.45717,-0.62148,-0.70902,-0.61884,-0.39239,-0.17188,-0.090454,-0.19944,-0.46267,-0.77923,-1.0323,-1.1444,-1.0951,-0.89262,-0.55206,-0.11648,0.34071,0.72925,0.98923,1.0976,1.054,0.85412,0.48914,-0.017005,-0.57865,-1.0239,-1.2086,-1.1283,-0.91904,-0.71961,-0.60946,-0.621,-0.75629,-1.0078,-1.3409,-1.6857,-1.9623,-2.0965,-2.0622,-1.8718,-1.5362,-1.0781,-0.53317,0.032816,0.52976,0.85635,0.95119,0.80647,0.4618,-0.017445,-0.5531,-1.0394,-1.356,-1.3829,-1.0692,-0.47533,0.2598,0.98607,1.5866,1.9862,2.1612,2.1446,2.0209,1.8964,1.8516,1.9059,2.0233,2.1555,2.2614,2.3232,2.3413
-1.1133,-0.26371,0.53518,0.67127,0.29061,-0.054445,-0.15225,-0.12417,-0.13637,-0.27286,-0.50014,-0.67654,-0.6678,-0.49025,-0.29098,-0.22097,-0.3448,-0.62753,-0.95845,-1.207,-1.2946,-1.2161,-0.993,-0.63891,-0.17941,0.31696,0.75788,1.0661,1.2154,1.1983,1.012,0.66004,0.16664,-0.37261,-0.81058,-1.0196,-1.008,-0.88446,-0.76682,-0.71925,-0.76857,-0.91755,-1.1575,-1.4588,-1.7624,-1.992,-2.087,-2.025,-1.8124,-1.4689,-1.0126,-0.47813,0.070507,0.53908,0.83779,0.90178,0.72207,0.34075,-0.16859,-0.71125,-1.183,-1.4566,-1.4288,-1.0724,-0.45804,0.28516,1.0243,1.6508,2.0963,2.3376,2.4005,2.3521,2.2749,2.2313,2.2416,2.2886,2.3429,2.3798,2.3885,2.3705
-1.2663,-0.34887,0.50116,0.67667,0.33678,0.036023,-0.024444,0.029186,0.024602,-0.12544,-0.39436,-0.63841,-0.69927,-0.56721,-0.3872,-0.32067,-0.44334,-0.72361,-1.047,-1.2794,-1.3464,-1.2522,-1.022,-0.66445,-0.19516,0.3203,0.78493,1.1192,1.2923,1.2972,1.1326,0.80241,0.3339,-0.18447,-0.61884,-0.85724,-0.90308,-0.84929,-0.79457,-0.79824,-0.8789,-1.0421,-1.2724,-1.5406,-1.7984,-1.9782,-2.0319,-1.9405,-1.7087,-1.3528,-0.89251,-0.36516,0.16361,0.60246,0.86289,0.88515,0.66573,0.25189,-0.27766,-0.82503,-1.2757,-1.5077,-1.4331,-1.0432,-0.41362,0.33494,1.08,1.7237,2.1984,2.4786,2.584,2.5717,2.5122,2.4603,2.4378,2.4369,2.4409,2.4336,2.4094,2.3722
-1.4507,-0.45911,0.44226,0.66001,0.37292,0.13419,0.1298,0.22075,0.23458,0.076207,-0.23559,-0.56196,-0.72189,-0.66397,-0.51629,-0.44966,-0.55456,-0.80544,-1.0903,-1.2826,-1.3203,-1.2141,-0.98657,-0.63733,-0.17209,0.35043,0.82982,1.1888,1.3883,1.4227,1.2926,0.99794,0.57194,0.085327,-0.34333,-0.62822,-0.7578,-0.80059,-0.83115,-0.89727,-1.0167,-1.1825,-1.3846,-1.5983,-1.7825,-1.8932,-1.8894,-1.7561,-1.498,-1.125,-0.6614,-0.14907,0.34376,0.73176,0.92745,0.88308,0.60491,0.14741,-0.40592,-0.95528,-1.375,-1.5522,-1.4166,-0.98195,-0.33317,0.41862,1.1695,1.8281,2.3333,2.6553,2.8031,2.8199,2.7642,2.6868,2.6157,2.5574,2.5056,2.4547,2.4025,2.3523
-1.603,-0.55996,0.37065,0.61601,0.37587,0.20024,0.25411,0.388,0.42723,0.27499,-0.063067,-0.45676,-0.71437,-0.74344,-0.63782,-0.56758,-0.63528,-0.82651,-1.0428,-1.1764,-1.1816,-1.0723,-0.86397,-0.54472,-0.10826,0.39872,0.88326,1.2613,1.4889,1.5542,1.4528,1.1891,0.79367,0.33756,-0.081086,-0.38808,-0.58067,-0.70875,-0.82666,-0.96279,-1.1178,-1.2819,-1.4398,-1.5798,-1.6824,-1.7195,-1.6642,-1.4988,-1.221,-0.84316,-0.38883,0.09709,0.54703,0.87529,1.0088,0.90312,0.56917,0.066494,-0.51365,-1.0569,-1.4466,-1.57,-1.379,-0.90789,-0.24467,0.5106,1.265,1.9384,2.4655,2.8111,2.977,2.9986,2.929,2.819,2.7028,2.5964,2.5041,2.424,2.3563,2.305
-1.689,-0.62443,0.3113,0.56599,0.35587,0.22569,0.32352,0.49153,0.55489,0.4157,0.072016,-0.35918,-0.6843,-0.78269,-0.71495,-0.64196,-0.67217,-0.80284,-0.95219,-1.033,-1.0124,-0.90441,-0.71759,-0.43267,-0.032177,0.44891,0.92691,1.3131,1.5597,1.6475,1.5677,1.327,0.95427,0.52033,0.11104,-0.21001,-0.44316,-0.62344,-0.79138,-0.96217,-1.132,-1.2891,-1.4193,-1.5134,-1.5626,-1.5484,-1.4553,-1.2698,-0.9857,-0.61117,-0.16953,0.29263,0.70579,0.98808,1.0669,0.90714,0.52987,0.0031834,-0.57781,-1.1056,-1.4576,-1.54,-1.3189,-0.83548,-0.1744,0.57402,1.3268,2.0044,2.5434,2.9027,3.0765,3.0936,3.0049,2.864,2.7124,2.5746,2.4601,2.3715,2.3078,2.2684
-1.7583,-0.69024,0.2298,0.48022,0.30132,0.22765,0.38227,0.59718,0.69919,0.58876,0.25455,-0.20703,-0.60799,-0.79572,-0.78549,-0.71309,-0.68855,-0.72728,-0.77643,-0.78105,-0.72624,-0.62303,-0.46923,-0.23488,0.10647,0.53825,0.98941,1.3741,1.638,1.7529,1.7059,1.4997,1.1615,0.75476,0.35724,0.019636,-0.25108,-0.47906,-0.68573,-0.87921,-1.0534,-1.1915,-1.2851,-1.3293,-1.3229,-1.2648,-1.1435,-0.94672,-0.66597,-0.3054,0.11037,0.53234,0.89042,1.1065,1.1163,0.89743,0.48022,-0.062399,-0.63395,-1.1229,-1.4266,-1.4627,-1.2136,-0.72552,-0.074986,0.65972,1.4033,2.0822,2.6269,2.9912,3.1623,3.1634,3.044,2.8624,2.6702,2.5015,2.3725,2.2845,2.2327,2.213
-1.7694,-0.72709,0.15215,0.37917,0.21889,0.19524,0.40314,0.66539,0.81106,0.74125,0.43112,-0.040533,-0.49531,-0.76234,-0.81047,-0.74556,-0.67108,-0.61818,-0.56655,-0.49576,-0.40803,-0.31116,-0.19206,-0.011936,0.26556,0.63947,1.0517,1.4259,1.6992,1.8372,1.8218,1.6496,1.3479,0.97188,0.59158,0.25409,-0.031924,-0.28118,-0.5078,-0.71126,-0.87774,-0.99187,-1.0446,-1.0436,-1.0021,-0.92473,-0.80302,-0.6179,-0.35635,-0.022155,0.35732,0.7316,1.0323,1.1838,1.1302,0.85627,0.40313,-0.14478,-0.68486,-1.117,-1.3512,-1.334,-1.0657,-0.59138,0.028191,0.73237,1.4573,2.1279,2.674,3.0401,3.2049,3.1868,3.0361,2.8176,2.5925,2.4042,2.2723,2.1972,2.1699,2.1812
-1.7377,-0.73238,0.10058,0.29804,0.14372,0.15142,0.39581,0.69267,0.87403,0.83954,0.5553,0.087083,-0.39514,-0.71034,-0.79975,-0.74289,-0.63733,-0.52488,-0.4065,-0.28469,-0.17422,-0.081688,0.012489,0.15234,0.38131,0.71028,1.0948,1.46,1.739,1.8925,1.8964,1.7481,1.4711,1.1196,0.75603,0.42656,0.13789,-0.11575,-0.34149,-0.53313,-0.67915,-0.77066,-0.80335,-0.78563,-0.73344,-0.65367,-0.54084,-0.37535,-0.14009,0.16541,0.51342,0.85062,1.1064,1.2093,1.1046,0.78982,0.31842,-0.21804,-0.71942,-1.0964,-1.2783,-1.2309,-0.95857,-0.49797,0.10063,0.78349,1.491,2.151,2.6905,3.0526,3.2125,3.1844,3.0164,2.7762,2.5325,2.3369,2.2106,2.153,2.149,2.1839
-1.6433,-0.70763,0.046866,0.19104,0.032836,0.073354,0.35991,0.70074,0.93116,0.94742,0.70526,0.25256,-0.25157,-0.61701,-0.75547,-0.71108,-0.57329,-0.39792,-0.20959,-0.033035,0.10422,0.19383,0.25913,0.34887,0.51594,0.78698,1.1343,1.4861,1.7723,1.9455,1.9786,1.8648,1.6231,1.3005,0.95609,0.63319,0.34777,0.10208,-0.10207,-0.2593,-0.36523,-0.41868,-0.42498,-0.39568,-0.34517,-0.28278,-0.19893,-0.071754,0.11956,0.376,0.67155,0.95335,1.1507,1.1899,1.0281,0.66804,0.17485,-0.34903,-0.80056,-1.1006,-1.209,-1.1101,-0.82276,-0.38161,0.1792,0.82488,1.5077,2.1549,2.6925,3.0559,3.2135,3.1771,2.996,2.7422,2.4901,2.2968,2.1837,2.147,2.1681,2.2285
-1.5366,-0.66431,0.021859,0.1179,-0.050994,0.0049383,0.31591,0.68719,0.95392,1.0104,0.80288,0.36812,-0.14374,-0.53833,-0.70763,-0.67379,-0.51915,-0.30818,-0.081424,0.12414,0.2758,0.36405,0.41242,0.47035,0.59637,0.82712,1.1459,1.4875,1.7787,1.9675,2.0233,1.9353,1.7187,1.4151,1.082,0.76339,0.48463,0.25215,0.072534,-0.05332,-0.12448,-0.14668,-0.12951,-0.090466,-0.047587,-0.0065032,0.04525,0.13556,0.28804,0.50463,0.75792,0.99458,1.145,1.1374,0.92982,0.53397,0.025997,-0.48087,-0.88333,-1.1191,-1.1683,-1.0385,-0.74956,-0.32364,0.21715,0.84398,1.5122,2.153,2.6891,3.055,3.2173,3.1842,3.0038,2.7501,2.5017,2.316,2.2183,2.2001,2.2375,2.3095
-1.3542,-0.57468,0.013466,0.03912,-0.15411,-0.090931,0.24147,0.6452,0.95767,1.0662,0.90612,0.50073,-0.01026,-0.43217,-0.63604,-0.61759,-0.45009,-0.20726,0.053934,0.28358,0.44487,0.52937,0.56069,0.58531,0.66608,0.8492,1.1336,1.4637,1.7645,1.9744,2.0574,1.9984,1.8078,1.5249,1.2043,0.89297,0.62246,0.4091,0.26496,0.19045,0.17565,0.20382,0.25175,0.29839,0.32778,0.33758,0.3445,0.37878,0.46978,0.6243,0.81953,1.0011,1.0948,1.0287,0.76087,0.31604,-0.21058,-0.69215,-1.029,-1.1798,-1.1528,-0.97716,-0.67895,-0.27213,0.23847,0.84106,1.4972,2.1407,2.6894,3.0716,3.2502,3.2333,3.0699,2.8343,2.6044,2.4382,2.3561,2.3493,2.394,2.4697
-1.1369,-0.45311,0.036501,-0.0088344,-0.23639,-0.18203,0.15576,0.58159,0.93248,1.0883,0.97223,0.59899,0.099103,-0.33673,-0.56532,-0.56329,-0.39356,-0.13618,0.14005,0.37794,0.53944,0.61722,0.6349,0.638,0.68685,0.8348,1.0925,1.412,1.7171,1.943,2.0484,2.0156,1.8496,1.5836,1.2673,0.95554,0.68838,0.49467,0.38734,0.36636,0.41307,0.49886,0.58827,0.65098,0.66972,0.64499,0.60138,0.57555,0.60077,0.68998,0.82137,0.94391,0.98542,0.86992,0.55844,0.07886,-0.46282,-0.9238,-1.1989,-1.2633,-1.1596,-0.93679,-0.62598,-0.23095,0.25864,0.84358,1.4949,2.145,2.7101,3.1165,3.3244,3.3394,3.2087,3.0056,2.8062,2.6623,2.5964,2.5944,2.6318,2.6902
-0.95901,-0.34484,0.074626,-0.020935,-0.27844,-0.24093,0.089472,0.52284,0.89565,1.0809,0.99439,0.6445,0.15783,-0.27803,-0.51615,-0.52338,-0.35716,-0.10083,0.17313,0.40669,0.56225,0.63322,0.64336,0.63604,0.66924,0.79789,1.039,1.3499,1.6551,1.8894,2.0105,1.9966,1.8492,1.5917,1.2727,0.95038,0.6796,0.49901,0.4234,0.44648,0.54282,0.67362,0.7987,0.88063,0.89588,0.84778,0.76185,0.68318,0.65408,0.69207,0.78183,0.87124,0.88372,0.74198,0.4013,-0.10546,-0.65691,-1.094,-1.3114,-1.3083,-1.1425,-0.8859,-0.57108,-0.19094,0.28084,0.85713,1.5074,2.1703,2.7541,3.1813,3.4121,3.4537,3.3537,3.1828,3.0109,2.8843,2.8234,2.8163,2.8423,2.8857
-0.71221,-0.18438,0.15118,-0.0038614,-0.30333,-0.30167,0.004413,0.4347,0.8251,1.0397,0.98561,0.66513,0.20149,-0.22083,-0.45701,-0.46939,-0.3138,-0.073744,0.17865,0.38965,0.5279,0.58976,0.59637,0.58611,0.60848,0.71742,0.93685,1.2338,1.5368,1.7801,1.9171,1.9232,1.7937,1.5462,1.2232,0.88609,0.60326,0.43054,0.39439,0.48345,0.65514,0.85484,1.0265,1.1281,1.1388,1.0596,0.92365,0.78,0.67663,0.64543,0.6776,0.72611,0.71324,0.55522,0.20252,-0.31225,-0.85805,-1.2605,-1.4104,-1.3211,-1.0867,-0.78806,-0.45879,-0.084203,0.37253,0.93402,1.5819,2.247,2.8422,3.2914,3.5547,3.6378,3.5842,3.4584,3.3233,3.2215,3.1651,3.1454,3.1468,3.159
-0.52591,-0.05655,0.22587,0.033699,-0.29762,-0.33202,-0.054055,0.36302,0.75722,0.98612,0.95075,0.65224,0.21044,-0.19179,-0.41497,-0.42715,-0.28374,-0.066673,0.15568,0.33735,0.45579,0.51137,0.5218,0.51792,0.53894,0.63601,0.83757,1.1207,1.4197,1.6674,1.8146,1.833,1.7149,1.475,1.1513,0.80581,0.5123,0.34077,0.32654,0.45946,0.68652,0.94038,1.1543,1.2789,1.2896,1.1893,1.0125,0.8145,0.65305,0.5672,0.55864,0.58499,0.5674,0.41588,0.07425,-0.4275,-0.95395,-1.3211,-1.417,-1.2684,-0.98387,-0.65791,-0.32467,0.038264,0.4791,1.0294,1.6702,2.3367,2.9381,3.397,3.6743,3.7773,3.7505,3.656,3.5511,3.468,3.4205,3.3982,3.3866,3.3775
-0.2838,0.11789,0.34365,0.11377,-0.25845,-0.34988,-0.12434,0.26181,0.64721,0.88456,0.8695,0.5999,0.19675,-0.16493,-0.35959,-0.36534,-0.24223,-0.068357,0.098706,0.228,0.31135,0.35687,0.37834,0.39123,0.42065,0.50744,0.68521,0.94455,1.2307,1.4776,1.6347,1.6708,1.5726,1.3487,1.0298,0.67453,0.36614,0.19051,0.20034,0.38453,0.68127,1.0043,1.2757,1.4348,1.4495,1.3224,1.0887,0.81208,0.56478,0.40219,0.34559,0.36156,0.36731,0.25948,-0.032671,-0.49064,-0.97807,-1.3005,-1.3393,-1.1274,-0.79239,-0.43553,-0.091543,0.26683,0.69396,1.2257,1.8474,2.4929,3.0751,3.5228,3.8032,3.9269,3.9362,3.8857,3.8215,3.7703,3.7345,3.7062,3.6766,3.6427
-0.056205,0.29091,0.4766,0.22269,-0.18872,-0.34523,-0.18573,0.15513,0.51689,0.75113,0.75092,0.51521,0.16283,-0.14341,-0.29671,-0.29228,-0.19347,-0.073251,0.022432,0.081799,0.11775,0.14962,0.1871,0.22886,0.28063,0.36708,0.52215,0.75035,1.0119,1.2488,1.4119,1.4678,1.4011,1.2086,0.91011,0.55349,0.22784,0.038439,0.058839,0.28665,0.6462,1.0349,1.3565,1.5435,1.5607,1.4086,1.1237,0.77154,0.43344,0.18912,0.083216,0.10085,0.15846,0.13476,-0.066752,-0.44591,-0.87649,-1.1599,-1.1641,-0.91818,-0.54785,-0.16517,0.19098,0.54807,0.96203,1.4694,2.0553,2.6576,3.1963,3.6087,3.8699,3.9958,4.0295,4.0201,4.0031,3.9913,3.9827,3.9655,3.9321,3.883
0.10154,0.41666,0.58279,0.3182,-0.12122,-0.32999,-0.22631,0.071223,0.40769,0.63245,0.64123,0.43529,0.12916,-0.12631,-0.24197,-0.22735,-0.14846,-0.073904,-0.040598,-0.045185,-0.055172,-0.037175,0.016815,0.089898,0.1668,0.25866,0.39748,0.60028,0.83935,1.0654,1.2308,1.302,1.2612,1.1001,0.8282,0.48672,0.15923,-0.04151,-0.025873,0.21641,0.60901,1.0374,1.3937,1.6021,1.6236,1.4545,1.1309,0.71991,0.31042,0.0010407,-0.14003,-0.11086,0.0038006,0.066369,-0.043635,-0.34348,-0.71993,-0.97838,-0.97747,-0.72758,-0.35096,0.042678,0.41115,0.77606,1.1859,1.6715,2.2178,2.7683,3.2528,3.619,3.8511,3.97,4.0189,4.0411,4.0629,4.0901,4.109,4.1094,4.0847,4.0366
0.29145,0.57552,0.72778,0.45718,-0.017681,-0.29754,-0.27365,-0.041906,0.25046,0.45503,0.47361,0.31218,0.078262,-0.10027,-0.16089,-0.12961,-0.077969,-0.069273,-0.12784,-0.22955,-0.31287,-0.31962,-0.24058,-0.11646,0.0039949,0.11041,0.23393,0.4041,0.61374,0.82402,0.99121,1.0844,1.0819,0.97091,0.7473,0.43891,0.11904,-0.095683,-0.097117,0.14442,0.56033,1.0246,1.4183,1.6532,1.6809,1.4949,1.1251,0.63881,0.13602,-0.26617,-0.45716,-0.40339,-0.19118,0.0098939,0.046364,-0.13273,-0.43551,-0.67344,-0.68651,-0.45645,-0.080474,0.32983,0.72037,1.0981,1.4979,1.9418,2.4166,2.8732,3.2585,3.5367,3.7069,3.8012,3.8659,3.9376,4.0269,4.1211,4.1969,4.2377,4.2365,4.1969
0.45628,0.72094,0.87151,0.60239,0.093911,-0.25528,-0.31186,-0.1507,0.08883,0.26492,0.29044,0.17821,0.023462,-0.073416,-0.078441,-0.032048,-0.0075486,-0.063434,-0.21493,-0.41864,-0.58132,-0.61601,-0.51105,-0.33222,-0.16116,-0.031449,0.083016,0.22493,0.40617,0.60131,0.77195,0.88884,0.93051,0.87553,0.70746,0.43578,0.12607,-0.10122,-0.12181,0.11217,0.53328,1.0133,1.4209,1.6643,1.6945,1.4975,1.1009,0.56505,-0.01496,-0.50007,-0.74723,-0.67939,-0.37164,-0.023235,0.16971,0.12577,-0.088365,-0.29879,-0.33502,-0.14037,0.21517,0.62907,1.037,1.4261,1.8108,2.2004,2.5796,2.9135,3.166,3.3221,3.4026,3.4581,3.5415,3.6784,3.8564,4.0395,4.1899,4.2854,4.3197,4.2994
0.56275,0.81984,0.97599,0.71035,0.17883,-0.21991,-0.33325,-0.22492,-0.029189,0.12064,0.14972,0.075328,-0.018752,-0.056373,-0.023814,0.031011,0.035915,-0.063951,-0.27903,-0.55531,-0.77797,-0.83592,-0.71253,-0.49307,-0.28243,-0.13109,-0.016638,0.11024,0.27492,0.46081,0.63487,0.76889,0.83934,0.82166,0.6925,0.45248,0.15926,-0.070026,-0.1054,0.11106,0.52023,0.9941,1.4009,1.6465,1.68,1.484,1.0793,0.52057,-0.099153,-0.63811,-0.92499,-0.84948,-0.47548,-0.02449,0.28375,0.34091,0.19502,0.008494,-0.04205,0.12459,0.4627,0.87788,1.296,1.6877,2.0514,2.3863,2.6781,2.8991,3.0274,3.0673,3.0619,3.0807,3.1835,3.3836,3.6445,3.9075,4.1256,4.2713,4.3395,4.3403
0.68077,0.93753,1.1076,0.84834,0.28853,-0.17131,-0.35374,-0.31173,-0.17536,-0.064596,-0.034757,-0.061483,-0.079697,-0.046632,0.027512,0.08945,0.073006,-0.072756,-0.35673,-0.71657,-1.0137,-1.1057,-0.96387,-0.69303,-0.42822,-0.24274,-0.12309,-0.0087264,0.13912,0.31648,0.49577,0.64852,0.75062,0.77335,0.68684,0.48428,0.21586,-0.0074223,-0.055035,0.13471,0.51398,0.95738,1.3415,1.576,1.6092,1.4268,1.0405,0.49256,-0.13568,-0.70891,-1.0374,-0.96972,-0.54189,0.018076,0.45283,0.63319,0.58686,0.45662,0.41221,0.55277,0.86741,1.2728,1.687,2.0614,2.3755,2.6175,2.7712,2.8192,2.7559,2.6132,2.4724,2.4394,2.583,2.8881,3.2749,3.6571,3.9704,4.1887,4.3109,4.3508
0.75156,1.0143,1.1984,0.94517,0.36457,-0.13656,-0.36467,-0.36701,-0.27297,-0.19182,-0.16372,-0.15981,-0.13011,-0.054083,0.043507,0.10874,0.08183,-0.086098,-0.40618,-0.81461,-1.1602,-1.2786,-1.1287,-0.82524,-0.52211,-0.3087,-0.1779,-0.066349,0.074051,0.24631,0.42699,0.58818,0.70775,0.75355,0.69122,0.50953,0.25551,0.039907,-0.01144,0.16321,0.51386,0.92493,1.2768,1.488,1.5171,1.3487,0.99488,0.48834,-0.10557,-0.66339,-1.0026,-0.95093,-0.51032,0.098215,0.61218,0.87968,0.90974,0.82991,0.80303,0.93809,1.2343,1.6231,2.02,2.3653,2.626,2.783,2.8209,2.7253,2.5054,2.2148,1.9649,1.8908,2.069,2.4606,2.9508,3.426,3.8166,4.0954,4.2624,4.3329
0.82277,1.1004,1.3072,1.0615,0.45417,-0.096135,-0.37611,-0.42722,-0.38132,-0.33574,-0.31303,-0.28048,-0.20448,-0.08942,0.029112,0.099042,0.06666,-0.11441,-0.45853,-0.90666,-1.3002,-1.4496,-1.2941,-0.95604,-0.60938,-0.36037,-0.20973,-0.096021,0.036935,0.20103,0.37779,0.54407,0.67445,0.73685,0.69371,0.53488,0.30561,0.11077,0.064581,0.21552,0.51393,0.85659,1.1443,1.314,1.336,1.2012,0.91512,0.49834,0.0005232,-0.47945,-0.77878,-0.72962,-0.30265,0.32414,0.8954,1.2487,1.3736,1.3755,1.3983,1.5408,1.8201,2.1735,2.5199,2.7957,2.9623,2.9954,2.8755,2.5949,2.1699,1.6782,1.277,1.1528,1.3904,1.9037,2.5233,3.1105,3.5894,3.936,4.1557,4.2677
0.86811,1.1671,1.3981,1.1593,0.52709,-0.065615,-0.38715,-0.47484,-0.46246,-0.44324,-0.42887,-0.38357,-0.28604,-0.15356,-0.02617,0.049259,0.023231,-0.15013,-0.4902,-0.9454,-1.3599,-1.5328,-1.3819,-1.0203,-0.63623,-0.35377,-0.18834,-0.080154,0.036455,0.18663,0.35915,0.52852,0.66381,0.73142,0.69757,0.55789,0.35814,0.19376,0.15888,0.28342,0.5155,0.76666,0.96344,1.0692,1.0762,0.98471,0.79458,0.51025,0.15996,-0.18234,-0.38817,-0.31347,0.089976,0.69601,1.2862,1.7023,1.9146,2.0005,2.0774,2.2336,2.484,2.7828,3.0578,3.2458,3.3046,3.2079,2.9401,2.493,1.8975,1.2525,0.74692,0.59364,0.87116,1.4577,2.1541,2.8108,3.3511,3.7524,4.0201,4.1728
0.88556,1.2034,1.4534,1.2186,0.56832,-0.052136,-0.39686,-0.5024,-0.50464,-0.49724,-0.4895,-0.44563,-0.3475,-0.21514,-0.089215,-0.01074,-0.025807,-0.18057,-0.4986,-0.93595,-1.346,-1.5285,-1.3866,-1.0166,-0.61169,-0.30891,-0.13836,-0.042881,0.051562,0.18444,0.35059,0.52133,0.66126,0.73307,0.70763,0.58295,0.40841,0.27047,0.2467,0.34944,0.52246,0.68944,0.79791,0.83794,0.82573,0.77101,0.66702,0.50037,0.28079,0.06587,-0.038823,0.087738,0.4922,1.0799,1.6663,2.1064,2.3654,2.5044,2.6207,2.7856,3.0126,3.2608,3.4683,3.5794,3.5559,3.3728,3.0122,2.4765,1.7989,1.0892,0.54714,0.38456,0.66288,1.2487,1.9466,2.6143,3.1749,3.6044,3.904,4.0879
0.8878,1.2327,1.5074,1.2769,0.60348,-0.048151,-0.41468,-0.53156,-0.53791,-0.53341,-0.53283,-0.50082,-0.4184,-0.30273,-0.18804,-0.10893,-0.10595,-0.22348,-0.49059,-0.87685,-1.2536,-1.4315,-1.3024,-0.94001,-0.52485,-0.20841,-0.038681,0.031849,0.087356,0.1832,0.32842,0.4955,0.64614,0.73655,0.73643,0.64564,0.51345,0.41428,0.40022,0.46172,0.54129,0.57533,0.5436,0.47493,0.4215,0.41482,0.43261,0.43364,0.40332,0.37477,0.42926,0.65734,1.0946,1.6725,2.2518,2.7117,3.0159,3.2073,3.3588,3.5235,3.7097,3.8859,4.0024,4.013,3.8855,3.6001,3.1491,2.5396,1.8236,1.1188,0.60403,0.43857,0.65405,1.1469,1.7684,2.3975,2.9552,3.4049,3.7354,3.9521
0.87389,1.2403,1.5323,1.3041,0.61463,-0.056797,-0.4332,-0.54905,-0.54671,-0.53429,-0.53468,-0.5161,-0.45562,-0.3625,-0.26333,-0.18636,-0.16771,-0.25101,-0.46987,-0.80378,-1.1394,-1.3018,-1.1808,-0.83035,-0.41964,-0.104,0.056668,0.10083,0.11621,0.17336,0.29201,0.45419,0.61787,0.7355,0.7695,0.72012,0.62852,0.55832,0.54429,0.56748,0.56844,0.49588,0.34452,0.17192,0.070479,0.087649,0.19637,0.32876,0.44233,0.56049,0.7443,1.0643,1.5462,2.1352,2.7139,3.1839,3.5121,3.7311,3.8979,4.0543,4.205,4.3241,4.3715,4.3106,4.1162,3.7746,3.2827,2.6602,1.9629,1.3022,0.8253,0.64596,0.78162,1.1628,1.6865,2.2538,2.7908,3.246,3.5961,3.8379
0.83579,1.2295,1.5424,1.3161,0.60803,-0.085088,-0.46855,-0.57123,-0.54308,-0.50533,-0.49784,-0.49803,-0.47534,-0.42292,-0.35204,-0.28136,-0.24001,-0.27251,-0.41856,-0.67083,-0.93925,-1.0721,-0.95965,-0.63302,-0.24284,0.055078,0.18658,0.1834,0.13591,0.13208,0.21343,0.37146,0.56224,0.7298,0.83031,0.85445,0.83142,0.80255,0.78416,0.74651,0.6336,0.40492,0.076007,-0.25534,-0.44277,-0.3999,-0.1748,0.11938,0.41289,0.70858,1.0576,1.5122,2.0815,2.7117,3.3097,3.7948,4.1426,4.3801,4.552,4.6872,4.79,4.8388,4.8038,4.6596,4.3919,3.9964,3.481,2.8713,2.2285,1.645,1.2164,0.99929,1.002,1.2064,1.5761,2.0498,2.5524,3.0162,3.3965,3.6754
0.776,1.1934,1.5243,1.2983,0.57488,-0.13633,-0.52043,-0.599,-0.52992,-0.45089,-0.42321,-0.43737,-0.45433,-0.44901,-0.41256,-0.35247,-0.29111,-0.27212,-0.34171,-0.50785,-0.7043,-0.80424,-0.70344,-0.41279,-0.058336,0.20757,0.30002,0.24212,0.12608,0.053928,0.092802,0.24807,0.48176,0.72556,0.92044,1.0376,1.0891,1.0978,1.067,0.96338,0.73819,0.35628,-0.15034,-0.65177,-0.94804,-0.90811,-0.59529,-0.16534,0.28282,0.7388,1.2419,1.8279,2.4925,3.1814,3.814,4.3234,4.6901,4.9367,5.1005,5.2068,5.2579,5.2403,5.1346,4.9264,4.6107,4.1907,3.6784,3.1009,2.5077,1.9662,1.5364,1.2497,1.1199,1.166,1.401,1.7975,2.2798,2.7619,3.1791,3.4996
0.71709,1.1491,1.4905,1.2644,0.53165,-0.19076,-0.57331,-0.62859,-0.52089,-0.40161,-0.3507,-0.36924,-0.41228,-0.4403,-0.4308,-0.38238,-0.31104,-0.25875,-0.27531,-0.37929,-0.52268,-0.59865,-0.50975,-0.25256,0.067161,0.30334,0.36545,0.26722,0.099612,-0.025584,-0.024262,0.12984,0.40529,0.72497,1.0074,1.2038,1.3089,1.3388,1.2926,1.1431,0.84347,0.36612,-0.25635,-0.87994,-1.2653,-1.2516,-0.90037,-0.3958,0.14064,0.69415,1.2942,1.9673,2.7014,3.4408,4.1059,4.637,5.0168,5.2667,5.4209,5.5029,5.5176,5.4559,5.3059,5.0609,4.7219,4.2957,3.7939,3.2395,2.671,2.1368,1.6769,1.3161,1.0825,1.0248,1.1867,1.5528,2.0434,2.5541,3.007,3.3637
0.62012,1.066,1.4169,1.1916,0.44886,-0.28542,-0.66316,-0.68373,-0.51625,-0.33495,-0.24424,-0.25837,-0.32668,-0.39102,-0.4155,-0.38734,-0.31423,-0.23107,-0.18842,-0.2183,-0.29754,-0.34465,-0.27169,-0.060886,0.20506,0.39342,0.41361,0.2653,0.035254,-0.15581,-0.20072,-0.039063,0.30475,0.73857,1.1448,1.448,1.6218,1.6744,1.6072,1.4011,1.0195,0.44122,-0.29487,-1.034,-1.5154,-1.5485,-1.197,-0.66004,-0.064728,0.56386,1.2531,2.0191,2.8381,3.645,4.3612,4.9255,5.3217,5.5713,5.7083,5.7562,5.7248,5.6116,5.4138,5.134,4.7799,4.3598,3.8815,3.3523,2.7919,2.2279,1.6903,1.2113,0.84397,0.67309,0.77576,1.149,1.6867,2.2626,2.7812,3.1961
0.50341,0.95506,1.31,1.0861,0.33753,-0.40488,-0.77542,-0.75817,-0.52644,-0.27736,-0.13972,-0.13864,-0.22008,-0.31113,-0.36587,-0.36346,-0.30266,-0.20528,-0.11895,-0.08844,-0.11269,-0.13244,-0.071479,0.094666,0.30302,0.43713,0.40896,0.21307,-0.069762,-0.3117,-0.37979,-0.18879,0.24189,0.79258,1.3144,1.7068,1.935,2.0018,1.9153,1.6638,1.2264,0.59127,-0.19222,-0.97018,-1.4953,-1.5873,-1.2995,-0.81025,-0.23721,0.40062,1.123,1.9379,2.813,3.6763,4.4414,5.0437,5.4617,5.7135,5.8321,5.8454,5.7664,5.6034,5.3641,5.061,4.7069,4.3088,3.8634,3.363,2.8037,2.1917,1.5489,0.92423,0.41294,0.15439,0.25803,0.69931,1.3333,1.9954,2.5806,3.0463
0.40373,0.85326,1.2077,0.98559,0.2358,-0.50972,-0.87417,-0.8281,-0.54755,-0.24607,-0.069535,-0.051727,-0.13607,-0.2418,-0.31725,-0.33707,-0.2918,-0.19357,-0.086038,-0.020171,-0.0091491,-0.0097895,0.044059,0.18011,0.34643,0.44022,0.37523,0.14824,-0.16513,-0.43019,-0.49801,-0.27085,0.23437,0.87022,1.4664,1.9076,2.1589,2.2265,2.1238,1.8487,1.3898,0.74683,-0.026079,-0.78153,-1.299,-1.4286,-1.2186,-0.81747,-0.31753,0.27144,0.97406,1.7955,2.6955,3.5923,4.3912,5.0201,5.4536,5.7076,5.8139,5.8006,5.6861,5.4851,5.2157,4.8998,4.5553,4.186,3.7797,3.3094,2.7519,2.1007,1.3773,0.64769,0.041499,-0.26024,-0.12813,0.39054,1.1063,1.8336,2.4657,2.9652
0.25614,0.69334,1.0421,0.82296,0.077277,-0.66795,-1.0227,-0.93955,-0.59686,-0.22698,0.0032699,0.047629,-0.034566,-0.1553,-0.25626,-0.30616,-0.28584,-0.19575,-0.072233,0.028984,0.078278,0.09883,0.14388,0.24216,0.35658,0.40103,0.29917,0.048595,-0.27867,-0.54664,-0.59429,-0.30816,0.28899,1.0211,1.6901,2.1733,2.4346,2.4898,2.3612,2.0635,1.5982,0.98177,0.27267,-0.39942,-0.86603,-1.0335,-0.94574,-0.70304,-0.35594,0.10979,0.73058,1.5143,2.4153,3.3409,4.1793,4.8449,5.3022,5.5608,5.6503,5.5992,5.4337,5.1776,4.8634,4.5287,4.2022,3.8868,3.5527,3.153,2.6386,1.9802,1.1905,0.35187,-0.35724,-0.69183,-0.50186,0.11539,0.92013,1.7088,2.3804,2.9074
0.13518,0.55578,0.89633,0.68019,-0.057608,-0.79777,-1.1439,-1.0357,-0.65134,-0.23389,0.034994,0.10073,0.022658,-0.1065,-0.22284,-0.29344,-0.29298,-0.21299,-0.084084,0.0354,0.10622,0.13939,0.17981,0.25517,0.33691,0.35067,0.23305,-0.019872,-0.3351,-0.58008,-0.59358,-0.25665,0.39267,1.1694,1.8651,2.358,2.6138,2.6524,2.505,2.1948,1.7373,1.1561,0.51477,-0.074737,-0.48882,-0.67367,-0.67234,-0.55384,-0.34151,0.0021243,0.5242,1.2442,2.1212,3.0556,3.9201,4.6153,5.0937,5.3573,5.4329,5.3508,5.1388,4.8313,4.4762,4.1279,3.8252,3.5678,3.3127,2.9925,2.5393,1.913,1.1259,0.27154,-0.45055,-0.77615,-0.55789,0.089648,0.90865,1.7032,2.379,2.9107
-0.037872,0.34981,0.67362,0.46408,-0.25572,-0.98109,-1.313,-1.1771,-0.74642,-0.27531,0.03912,0.13175,0.061085,-0.074196,-0.20534,-0.29788,-0.32119,-0.25709,-0.12864,0.0053623,0.097322,0.14676,0.18775,0.24496,0.29735,0.28497,0.15789,-0.081791,-0.35918,-0.54463,-0.48384,-0.075444,0.62437,1.4197,2.1085,2.5757,2.7982,2.8032,2.631,2.3144,1.8794,1.3606,0.82011,0.34397,0.0029544,-0.19343,-0.29139,-0.33108,-0.30133,-0.14433,0.21679,0.82483,1.6491,2.5811,3.4753,4.2069,4.7111,4.9799,5.0348,4.9051,4.6221,4.2327,3.8071,3.429,3.1595,2.9992,2.8834,2.7171,2.4114,1.9131,1.229,0.45475,-0.20542,-0.49276,-0.27526,0.32958,1.0907,1.8287,2.4586,2.9591
-0.22233,0.11969,0.42065,0.22075,-0.47178,-1.1704,-1.4836,-1.3276,-0.86497,-0.35539,-0.0059376,0.10978,0.047998,-0.088973,-0.22882,-0.33367,-0.37228,-0.32187,-0.19805,-0.056452,0.051626,0.11764,0.16749,0.22141,0.26236,0.24182,0.12252,-0.080391,-0.29259,-0.39177,-0.24404,0.22112,0.93235,1.7003,2.3402,2.7515,2.9189,2.8779,2.6752,2.3541,1.9495,1.5027,1.0664,0.6957,0.41751,0.21043,0.033265,-0.13318,-0.26059,-0.27533,-0.085016,0.382,1.1225,2.0328,2.9461,3.7119,4.243,4.5178,4.5502,4.3665,3.9983,3.5024,2.9761,2.5473,2.3162,2.2863,2.3605,2.4033,2.2996,1.9906,1.4892,0.89384,0.38593,0.1694,0.34173,0.82392,1.447,2.0688,2.6142,3.0589
-0.36637,-0.066237,0.21325,0.022372,-0.64255,-1.3134,-1.609,-1.442,-0.96627,-0.43848,-0.070705,0.059308,0.0039757,-0.13279,-0.27397,-0.38093,-0.42355,-0.37761,-0.25578,-0.11114,0.0055249,0.083356,0.14386,0.20312,0.24667,0.23307,0.13548,-0.024585,-0.17248,-0.19688,0.013917,0.50475,1.1952,1.9128,2.4915,2.8445,2.9605,2.8785,2.6512,2.3278,1.9498,1.5586,1.1978,0.89878,0.66122,0.44839,0.22301,-0.020529,-0.24415,-0.36767,-0.2908,0.072947,0.74079,1.6198,2.5353,3.3171,3.8618,4.1375,4.1517,3.9262,3.4886,2.9001,2.2772,1.7889,1.5811,1.6663,1.9112,2.1411,2.2217,2.0897,1.7586,1.3207,0.93303,0.76205,0.88954,1.2683,1.7719,2.2904,2.7577,3.1486
-0.5632,-0.32852,-0.082539,-0.2588,-0.87767,-1.5011,-1.7681,-1.5927,-1.1128,-0.57605,-0.19361,-0.050278,-0.097966,-0.23135,-0.36833,-0.46797,-0.50236,-0.4512,-0.32679,-0.17819,-0.052521,0.040033,0.11803,0.19493,0.25569,0.26715,0.21262,0.12163,0.067441,0.14356,0.426,0.92728,1.5624,2.1835,2.6546,2.9056,2.9374,2.7945,2.5375,2.2196,1.8842,1.5687,1.2993,1.0818,0.89015,0.6778,0.41249,0.097972,-0.21807,-0.45333,-0.50221,-0.26393,0.30141,1.1189,2.0129,2.7956,3.346,3.6183,3.6102,3.3318,2.8065,2.0897,1.3165,0.72036,0.53485,0.79309,1.2964,1.7933,2.1226,2.222,2.1115,1.8761,1.641,1.5284,1.6048,1.8565,2.2131,2.6005,2.9648,3.2793
-0.76165,-0.60219,-0.39438,-0.55323,-1.1162,-1.6815,-1.915,-1.7354,-1.2662,-0.7362,-0.35207,-0.20212,-0.24333,-0.36986,-0.49494,-0.57495,-0.58575,-0.5153,-0.37984,-0.22456,-0.090304,0.016143,0.11376,0.21457,0.30267,0.34866,0.34521,0.3293,0.36787,0.53222,0.8645,1.3522,1.9132,2.4196,2.763,2.8938,2.8281,2.621,2.3369,2.0316,1.7456,1.5082,1.328,1.1863,1.0383,0.83134,0.54114,0.1838,-0.18596,-0.48324,-0.609,-0.46619,-0.003682,0.72522,1.563,2.3187,2.8571,3.1193,3.0922,2.7776,2.1843,1.3583,0.44162,-0.2724,-0.44505,-0.013089,0.74086,1.4874,2.0399,2.3406,2.4149,2.3408,2.2219,2.1544,2.1963,2.355,2.5941,2.8682,3.1385,3.3825
-0.90892,-0.81108,-0.63441,-0.77879,-1.2946,-1.811,-2.0158,-1.8342,-1.38,-0.86409,-0.48573,-0.33542,-0.37217,-0.49095,-0.60178,-0.65938,-0.64456,-0.55314,-0.40513,-0.24336,-0.10324,0.013275,0.12696,0.2477,0.35872,0.43211,0.46755,0.50505,0.6079,0.82854,1.1871,1.6543,2.1479,2.5587,2.7988,2.836,2.6962,2.4417,2.1411,1.8503,1.607,1.4297,1.3144,1.2266,1.11,0.91261,0.61378,0.2383,-0.15119,-0.47,-0.6223,-0.52368,-0.13059,0.51837,1.2864,1.9959,2.5113,2.7649,2.7344,2.4104,1.7997,0.93639,-0.042276,-0.82029,-0.99444,-0.46785,0.42844,1.3172,1.9978,2.4126,2.5884,2.6,2.5409,2.4963,2.521,2.6318,2.8082,3.0209,3.2392,3.4418
-1.0992,-1.0886,-0.9567,-1.0799,-1.5286,-1.975,-2.138,-1.9534,-1.5237,-1.0353,-0.67283,-0.52673,-0.55875,-0.66273,-0.74711,-0.76678,-0.7115,-0.58784,-0.42151,-0.25243,-0.10718,0.021142,0.15705,0.3078,0.45242,0.56245,0.6427,0.73868,0.9097,1.1905,1.573,2.0074,2.411,2.6949,2.7962,2.7064,2.4666,2.1516,1.8362,1.577,1.4019,1.3104,1.2766,1.2493,1.1665,0.98094,0.68257,0.30442,-0.087054,-0.40762,-0.57703,-0.52763,-0.22205,0.31507,0.97992,1.6187,2.0963,2.3363,2.3085,2.0041,1.4146,0.57626,-0.37837,-1.1366,-1.287,-0.7151,0.24996,1.2208,1.987,2.4864,2.7405,2.8163,2.7993,2.769,2.7801,2.8532,2.9833,3.1471,3.3185,3.4783
-1.2351,-1.2919,-1.1943,-1.3013,-1.6982,-2.0913,-2.2219,-2.0338,-1.6225,-1.1569,-0.80959,-0.66794,-0.69693,-0.78791,-0.84881,-0.83804,-0.75196,-0.60497,-0.42778,-0.25758,-0.11216,0.023526,0.1768,0.35251,0.52346,0.65908,0.76757,0.89772,1.1081,1.4224,1.8153,2.2251,2.5669,2.762,2.7643,2.5804,2.2683,1.9137,1.5976,1.3727,1.2536,1.2262,1.2477,1.2579,1.1943,1.0133,0.71342,0.33491,-0.052793,-0.36823,-0.53905,-0.50995,-0.25386,0.20725,0.78888,1.3583,1.796,2.0293,2.0242,1.7608,1.2402,0.49,-0.36589,-1.0413,-1.1644,-0.62162,0.30368,1.2523,2.0143,2.5207,2.7877,2.8776,2.871,2.8429,2.8468,2.9085,3.0219,3.1678,3.3231,3.4698
-1.4037,-1.5494,-1.4958,-1.5811,-1.9118,-2.236,-2.3246,-2.1287,-1.7361,-1.2995,-0.97304,-0.8391,-0.86165,-0.93406,-0.96435,-0.91567,-0.79366,-0.62409,-0.44271,-0.28051,-0.14096,0.0034722,0.18231,0.3936,0.59984,0.76728,0.90571,1.0704,1.3175,1.6619,2.0625,2.4438,2.7172,2.8114,2.6965,2.4022,2.0076,1.6156,1.3114,1.1378,1.0919,1.1369,1.2165,1.2627,1.2117,1.0305,0.72313,0.33839,-0.046973,-0.35849,-0.53,-0.52184,-0.32066,0.05284,0.53642,1.0276,1.4253,1.6598,1.6946,1.5136,1.1128,0.53032,-0.11905,-0.60811,-0.6689,-0.21292,0.57244,1.4037,2.0902,2.5496,2.7817,2.8396,2.8035,2.7544,2.7517,2.8179,2.9457,3.109,3.2767,3.4252
-1.5543,-1.7832,-1.7689,-1.8329,-2.1028,-2.365,-2.4147,-2.2074,-1.8259,-1.4116,-1.1051,-0.97653,-0.98935,-1.041,-1.0432,-0.96496,-0.82066,-0.64602,-0.47884,-0.33983,-0.21567,-0.066218,0.13882,0.38764,0.6319,0.83173,0.99541,1.185,1.457,1.8208,2.2259,2.5849,2.807,2.8246,2.6218,2.245,1.7936,1.3837,1.1042,0.98435,1.0008,1.0979,1.2071,1.259,1.1975,0.99536,0.66927,0.27335,-0.11763,-0.42846,-0.60515,-0.61665,-0.4563,-0.14514,0.26574,0.69661,1.0675,1.3191,1.4154,1.3367,1.0862,0.69679,0.26387,-0.043805,-0.042991,0.33018,0.95549,1.6313,2.1875,2.5379,2.675,2.6522,2.5571,2.4796,2.481,2.5775,2.749,2.9522,3.1496,3.3178
-1.6519,-1.9362,-1.9466,-1.9946,-2.2252,-2.4485,-2.471,-2.2533,-1.8745,-1.4716,-1.1767,-1.0508,-1.054,-1.0892,-1.0744,-0.98186,-0.83318,-0.66914,-0.52635,-0.41663,-0.31339,-0.16601,0.057186,0.33534,0.61245,0.84035,1.0267,1.2333,1.5208,1.8932,2.298,2.6429,2.8376,2.818,2.5759,2.1636,1.6907,1.2798,1.0196,0.93134,0.97753,1.0954,1.2094,1.2503,1.1675,0.93752,0.58459,0.16786,-0.2369,-0.55324,-0.73359,-0.75397,-0.6129,-0.33085,0.044203,0.44902,0.81484,1.0875,1.2325,1.2331,1.0904,0.8375,0.55423,0.36785,0.40886,0.72603,1.2419,1.7957,2.2433,2.498,2.5456,2.4376,2.2712,2.1534,2.1569,2.2928,2.5184,2.7767,3.019,3.2179
-1.7593,-2.1038,-2.1359,-2.1616,-2.3498,-2.5326,-2.5263,-2.2919,-1.9094,-1.5145,-1.2302,-1.1042,-1.0929,-1.1077,-1.0757,-0.97755,-0.8405,-0.7095,-0.61875,-0.56741,-0.50872,-0.37449,-0.12935,0.19552,0.52672,0.80358,1.0274,1.2572,1.5554,1.9305,2.3281,2.6591,2.8334,2.794,2.5362,2.1204,1.6541,1.2585,1.0152,0.94176,0.9976,1.1114,1.2078,1.2176,1.0905,0.81316,0.41075,-0.051512,-0.48709,-0.82296,-1.0052,-1.0176,-0.87396,-0.60556,-0.25331,0.13221,0.50187,0.81094,1.025,1.1245,1.1096,1.0058,0.87407,0.80518,0.88885,1.1597,1.5633,1.9831,2.2907,2.4017,2.3008,2.0478,1.7637,1.5873,1.6079,1.8189,2.1473,2.4994,2.8123,3.057
-1.8209,-2.1959,-2.2344,-2.2419,-2.4057,-2.5691,-2.5477,-2.3009,-1.9112,-1.5177,-1.2374,-1.1097,-1.0897,-1.0912,-1.0514,-0.95795,-0.84052,-0.74567,-0.70622,-0.71228,-0.70021,-0.58487,-0.3258,0.037354,0.41623,0.73827,0.99642,1.245,1.5479,1.9194,2.3104,2.6358,2.8077,2.7718,2.5263,2.1306,1.6884,1.3113,1.0768,1.0006,1.044,1.1369,1.2024,1.1717,0.99859,0.6718,0.2251,-0.27112,-0.72996,-1.0721,-1.251,-1.2547,-1.1014,-0.82701,-0.47487,-0.08738,0.29408,0.6305,0.88927,1.0492,1.1101,1.0922,1.0451,1.0399,1.1452,1.3889,1.73,2.0666,2.2849,2.3004,2.0926,1.7229,1.3317,1.0946,1.1268,1.4126,1.8307,2.2659,2.6427,2.9306
-1.8753,-2.2695,-2.2968,-2.2778,-2.4193,-2.5723,-2.5415,-2.28,-1.8775,-1.4807,-1.2031,-1.0749,-1.0459,-1.0359,-0.99309,-0.91381,-0.8324,-0.79615,-0.83573,-0.93151,-0.99737,-0.92068,-0.64858,-0.23262,0.21653,0.60662,0.91709,1.1954,1.5038,1.8661,2.2447,2.5648,2.7479,2.74,2.5373,2.1905,1.792,1.4411,1.2093,1.1133,1.1198,1.1655,1.1756,1.0823,0.84082,0.44244,-0.07323,-0.62598,-1.118,-1.4624,-1.615,-1.5783,-1.3875,-1.089,-0.72638,-0.33115,0.065577,0.4306,0.73271,0.95023,1.0785,1.134,1.1574,1.2066,1.3361,1.5665,1.8585,2.1235,2.2495,2.1494,1.799,1.2677,0.73114,0.42391,0.49519,0.8928,1.4405,1.9787,2.4252,2.756
-1.8971,-2.2824,-2.2731,-2.2213,-2.3534,-2.5126,-2.4859,-2.2161,-1.8009,-1.3966,-1.1215,-0.99675,-0.96453,-0.95162,-0.91607,-0.85799,-0.81538,-0.83983,-0.96197,-1.1533,-1.308,-1.2852,-1.0128,-0.5486,-0.027914,0.43439,0.8019,1.1143,1.4335,1.7874,2.1526,2.4664,2.6628,2.6934,2.5517,2.2732,1.9296,1.6038,1.3611,1.2284,1.1846,1.1744,1.1238,0.9639,0.65063,0.17826,-0.4072,-1.0157,-1.535,-1.8695,-1.9731,-1.8646,-1.6066,-1.2668,-0.8915,-0.50183,-0.10901,0.26526,0.58986,0.83651,0.99915,1.0905,1.1482,1.2259,1.3723,1.6029,1.8786,2.1079,2.182,2.0102,1.5623,0.90791,0.24847,-0.12296,-0.016436,0.48116,1.1336,1.7505,2.2464,2.6041
-1.8924,-2.2504,-2.1967,-2.115,-2.2464,-2.421,-2.4075,-2.1385,-1.7148,-1.3056,-1.0334,-0.91402,-0.88442,-0.87546,-0.85019,-0.81157,-0.79788,-0.86332,-1.0406,-1.2987,-1.5203,-1.5451,-1.2841,-0.79439,-0.22612,0.28931,0.70092,1.041,1.3693,1.7185,2.0722,2.3804,2.5832,2.6428,2.5491,2.3273,2.0287,1.7205,1.4667,1.3024,1.2194,1.1668,1.0716,0.86276,0.49676,-0.029607,-0.66308,-1.3051,-1.8345,-2.1454,-2.1994,-2.0305,-1.7185,-1.347,-0.9621,-0.57757,-0.19509,0.17157,0.49375,0.74356,0.90837,1.0018,1.064,1.1514,1.3125,1.5582,1.8422,2.0718,2.134,1.9374,1.452,0.75043,0.045961,-0.34551,-0.22156,0.31844,1.0042,1.6414,2.1475,2.5093
-1.8585,-2.1535,-2.0173,-1.8895,-2.026,-2.232,-2.2479,-1.9896,-1.5609,-1.1495,-0.88521,-0.777,-0.75745,-0.76002,-0.75242,-0.74247,-0.76689,-0.87889,-1.1136,-1.4415,-1.7382,-1.8253,-1.5952,-1.097,-0.48811,0.084799,0.55262,0.93132,1.2738,1.6166,1.9547,2.2526,2.4669,2.5642,2.5297,2.3709,2.1203,1.8323,1.5689,1.3726,1.2453,1.1424,0.99392,0.72921,0.30177,-0.28501,-0.9763,-1.6596,-2.1921,-2.4591,-2.4244,-2.155,-1.7659,-1.3525,-0.96873,-0.61098,-0.26259,0.073351,0.37092,0.60129,0.74831,0.82593,0.87713,0.96382,1.1394,1.4137,1.7342,1.997,2.0869,1.9123,1.4445,0.75789,0.066478,-0.31568,-0.1915,0.33222,0.99632,1.6079,2.0864,2.4206
-1.796,-1.9994,-1.7592,-1.5777,-1.7219,-1.967,-2.0222,-1.786,-1.3634,-0.95841,-0.70798,-0.61784,-0.61453,-0.63335,-0.64733,-0.66558,-0.7233,-0.8719,-1.1444,-1.5107,-1.8495,-1.985,-1.8004,-1.3294,-0.71823,-0.11684,0.39322,0.81069,1.173,1.5133,1.8353,2.1188,2.3385,2.4648,2.4767,2.3672,2.1544,1.8849,1.6196,1.407,1.2525,1.116,0.92458,0.60922,0.13064,-0.50557,-1.2308,-1.9247,-2.4396,-2.6561,-2.5521,-2.2063,-1.748,-1.294,-0.90005,-0.56829,-0.2707,0.0089084,0.25719,0.44652,0.55809,0.60237,0.62719,0.70549,0.89954,1.2177,1.5979,1.9254,2.0796,1.9734,1.5868,0.99812,0.40519,0.074578,0.16523,0.59335,1.1519,1.6747,2.086,2.3701
-1.7327,-1.8517,-1.523,-1.2976,-1.4478,-1.7234,-1.8125,-1.5989,-1.1891,-0.79477,-0.56021,-0.48822,-0.50263,-0.53797,-0.57021,-0.60855,-0.6866,-0.85272,-1.1371,-1.5093,-1.8558,-2.0134,-1.8685,-1.4405,-0.85615,-0.25742,0.27172,0.71532,1.0977,1.4428,1.7557,2.0267,2.2394,2.3733,2.407,2.3265,2.1403,1.8885,1.6286,1.4106,1.2437,1.0894,0.87769,0.53999,0.036987,-0.62057,-1.363,-2.0626,-2.5618,-2.742,-2.5855,-2.1865,-1.6867,-1.2075,-0.81178,-0.50265,-0.24803,-0.021223,0.17628,0.32353,0.40039,0.4171,0.42182,0.49273,0.69987,1.0544,1.4875,1.8771,2.1008,2.0737,1.7803,1.2979,0.80328,0.51755,0.56822,0.89806,1.3445,1.771,2.1087,2.3405
-1.63,-1.6213,-1.1669,-0.88032,-1.0363,-1.3516,-1.4862,-1.3094,-0.92577,-0.55442,-0.34541,-0.3031,-0.34727,-0.41123,-0.47204,-0.53631,-0.63585,-0.81257,-1.0911,-1.4443,-1.7744,-1.9428,-1.8492,-1.4977,-0.98048,-0.4159,0.1158,0.58462,0.99513,1.356,1.665,1.9197,2.1122,2.2383,2.2817,2.2265,2.0715,1.8469,1.6071,1.3973,1.2285,1.0606,0.82947,0.47034,-0.053573,-0.7251,-1.4706,-2.1574,-2.6264,-2.7629,-2.5574,-2.1113,-1.5723,-1.0665,-0.6705,-0.39288,-0.19703,-0.042352,0.084137,0.16789,0.19494,0.17109,0.14756,0.21246,0.44588,0.85841,1.3684,1.8482,2.1704,2.2563,2.0973,1.7651,1.4018,1.1692,1.1607,1.3486,1.6362,1.9255,2.1582,2.3134
-1.5427,-1.4305,-0.87925,-0.54613,-0.70454,-1.0468,-1.2151,-1.0691,-0.71091,-0.36102,-0.17405,-0.15646,-0.22683,-0.3167,-0.40256,-0.48834,-0.60222,-0.78051,-1.0437,-1.3673,-1.6683,-1.8306,-1.7692,-1.479,-1.028,-0.50837,0.0085259,0.48707,0.91764,1.2953,1.6092,1.8542,2.0303,2.1414,2.1795,2.1302,1.99,1.7854,1.5666,1.3747,1.2146,1.0469,0.80602,0.43201,-0.10285,-0.77915,-1.5136,-2.1735,-2.6097,-2.7165,-2.4945,-2.0372,-1.4829,-0.96403,-0.56016,-0.29529,-0.13864,-0.041516,0.024472,0.056891,0.045175,-0.0017536,-0.033062,0.039594,0.29677,0.74788,1.3126,1.8511,2.2422,2.411,2.3499,2.1216,1.8425,1.639,1.5859,1.6776,1.8471,2.0274,2.1747,2.2712
-1.4176,-1.1622,-0.48256,-0.089507,-0.24859,-0.62205,-0.83215,-0.72986,-0.41076,-0.094354,0.060451,0.043065,-0.065942,-0.19466,-0.31685,-0.43564,-0.56922,-0.74498,-0.97899,-1.2511,-1.4975,-1.6344,-1.602,-1.391,-1.0385,-0.59729,-0.11805,0.3643,0.82118,1.2266,1.5571,1.796,1.9493,2.0289,2.0443,1.9895,1.8634,1.6875,1.4993,1.3322,1.1846,1.0166,0.76764,0.38383,-0.15708,-0.82576,-1.5386,-2.1622,-2.553,-2.6213,-2.3702,-1.8958,-1.3335,-0.80669,-0.40809,-0.16755,-0.058215,-0.027468,-0.034482,-0.067053,-0.12312,-0.19124,-0.22093,-0.12575,0.17154,0.67501,1.2966,1.9031,2.3717,2.6304,2.6709,2.5442,2.3414,2.157,2.0512,2.0306,2.0679,2.1234,2.1686,2.1904
-1.2876,-0.88811,-0.08704,0.36239,0.20579,-0.19317,-0.44075,-0.38167,-0.10543,0.17331,0.29347,0.23849,0.088595,-0.081813,-0.24256,-0.39397,-0.54784,-0.72201,-0.9258,-1.1429,-1.3282,-1.4278,-1.4067,-1.2608,-1.0015,-0.64671,-0.21431,0.26565,0.74922,1.1858,1.5347,1.7723,1.9004,1.9428,1.9262,1.8578,1.7422,1.5908,1.433,1.2872,1.1463,0.97105,0.70645,0.30721,-0.23961,-0.89605,-1.5692,-2.1302,-2.4549,-2.479,-2.2187,-1.7528,-1.1941,-0.66612,-0.26169,-0.028553,0.04687,0.018379,-0.058291,-0.14768,-0.23991,-0.31321,-0.31935,-0.18335,0.15735,0.69859,1.3542,1.9975,2.5131,2.8306,2.9375,2.8733,2.7103,2.5243,2.3676,2.2579,2.1878,2.1392,2.0973,2.0556
-1.1906,-0.68589,0.19958,0.68841,0.53525,0.1218,-0.15113,-0.12343,0.11949,0.36815,0.46023,0.37596,0.19378,-0.0090188,-0.19865,-0.3727,-0.54087,-0.71531,-0.89979,-1.0794,-1.221,-1.2893,-1.2651,-1.1497,-0.94585,-0.651,-0.25795,0.21223,0.70884,1.1662,1.5296,1.7703,1.8886,1.9121,1.8731,1.7913,1.6735,1.5316,1.384,1.2439,1.0998,0.91459,0.63658,0.22456,-0.32681,-0.9747,-1.6187,-2.1301,-2.4008,-2.3803,-2.095,-1.6208,-1.0618,-0.53353,-0.13262,0.086219,0.1329,0.063875,-0.055801,-0.18079,-0.28802,-0.35237,-0.32964,-0.15556,0.21885,0.78081,1.4448,2.0943,2.6201,2.9552,3.0846,3.0406,2.8857,2.6872,2.4953,2.3307,2.1985,2.0892,1.9951,1.914
-1.0658,-0.42876,0.55939,1.0955,0.94868,0.51948,0.21799,0.20571,0.40511,0.6122,0.66601,0.54162,0.31419,0.067272,-0.15953,-0.36157,-0.54617,-0.72078,-0.88457,-1.0234,-1.1146,-1.1401,-1.0979,-0.99685,-0.8402,-0.60871,-0.2727,0.16868,0.66564,1.1443,1.5335,1.7912,1.9118,1.9196,1.8549,1.7499,1.6209,1.4778,1.3312,1.1838,1.0204,0.80508,0.49507,0.059595,-0.49878,-1.1245,-1.7162,-2.1523,-2.3394,-2.2528,-1.9262,-1.4341,-0.87248,-0.34468,0.0481,0.25211,0.27384,0.16838,0.005551,-0.15795,-0.28078,-0.33148,-0.26762,-0.041692,0.37137,0.94507,1.6005,2.2298,2.7401,3.0695,3.1999,3.1557,2.9895,2.7616,2.5211,2.2965,2.0966,1.9256,1.7835,1.6724
-0.95078,-0.19306,0.88486,1.4624,1.3228,0.88231,0.55577,0.50665,0.66254,0.82896,0.84469,0.67929,0.40733,0.11659,-0.14655,-0.37254,-0.56851,-0.74187,-0.88973,-0.99659,-1.0445,-1.0273,-0.95536,-0.84654,-0.70993,-0.52372,-0.24329,0.15574,0.63786,1.1279,1.5436,1.8283,1.9656,1.9742,1.8955,1.77,1.6199,1.4575,1.2892,1.1138,0.9144,0.65758,0.30657,-0.16033,-0.72728,-1.3312,-1.8621,-2.206,-2.2961,-2.128,-1.7513,-1.2351,-0.66266,-0.1327,0.2622,0.46114,0.46391,0.3248,0.12157,-0.073371,-0.21053,-0.24816,-0.14897,0.11914,0.56226,1.1409,1.775,2.3689,2.8357,3.1212,3.2122,3.1338,2.9361,2.6753,2.3968,2.1298,1.8883,1.6758,1.4981,1.3647
-0.87281,-0.03413,1.1024,1.7073,1.5735,1.1266,0.7833,0.70784,0.8322,0.96845,0.95644,0.7613,0.45707,0.13525,-0.15271,-0.39308,-0.59445,-0.76613,-0.90474,-0.9932,-1.0139,-0.96489,-0.86314,-0.73579,-0.59884,-0.43641,-0.19633,0.16354,0.62618,1.1174,1.5496,1.8575,2.0145,2.0339,1.9552,1.8173,1.6474,1.46,1.2619,1.0524,0.81462,0.52096,0.13922,-0.34653,-0.91446,-1.4945,-1.977,-2.2538,-2.2699,-2.0371,-1.6094,-1.0608,-0.47501,0.058123,0.44502,0.63112,0.61923,0.46316,0.24006,0.023271,-0.12318,-0.15471,-0.035531,0.25498,0.70864,1.279,1.8891,2.4469,2.8742,3.1199,3.1708,3.0519,2.8143,2.517,2.2083,1.9165,1.657,1.436,1.2587,1.1333
-0.78171,0.15095,1.3538,1.9901,1.864,1.4102,1.0472,0.93739,1.021,1.1184,1.0718,0.84188,0.49826,0.13889,-0.17709,-0.43302,-0.63962,-0.80881,-0.93829,-1.0089,-0.99962,-0.90767,-0.75664,-0.58668,-0.43178,-0.28765,-0.10033,0.1982,0.61796,1.0957,1.5419,1.8799,2.0715,2.119,2.0524,1.9073,1.7117,1.483,1.2333,0.96445,0.66728,0.31922,-0.10239,-0.60495,-1.1614,-1.6929,-2.0929,-2.2682,-2.1825,-1.8707,-1.3932,-0.81917,-0.22259,0.30922,0.69645,0.88165,0.86158,0.68585,0.43391,0.19142,0.024165,-0.011802,0.11694,0.42079,0.87953,1.4381,2.0158,2.5255,2.8916,3.0682,3.0485,2.8633,2.5691,2.2275,1.8878,1.5791,1.3126,1.091,0.92043,0.81219
-0.7242,0.26828,1.5126,2.1682,2.0476,1.5899,1.2125,1.078,1.1313,1.2011,1.1314,0.87942,0.51237,0.12908,-0.20422,-0.46968,-0.67901,-0.84659,-0.97067,-1.0301,-1.0002,-0.87619,-0.68534,-0.47668,-0.29866,-0.15839,-0.0040101,0.24481,0.61952,1.074,1.52,1.8775,2.0987,2.176,2.1269,1.982,1.7662,1.5019,1.2069,0.89068,0.55036,0.16883,-0.27188,-0.77513,-1.3071,-1.7923,-2.1249,-2.2228,-2.0713,-1.7059,-1.1954,-0.60726,-0.010916,0.51686,0.89331,1.0673,1.0371,0.85153,0.58795,0.32851,0.14852,0.10494,0.23269,0.53786,0.99243,1.5359,2.088,2.5597,2.8815,3.0096,2.9381,2.7003,2.3575,1.9787,1.6185,1.3059,1.047,0.84357,0.698,0.61826
-0.66214,0.3954,1.6838,2.361,2.2469,1.7845,1.389,1.2213,1.2354,1.27,1.1741,0.90086,0.51119,0.10412,-0.24825,-0.52409,-0.73514,-0.89933,-1.0162,-1.0613,-1.0039,-0.83697,-0.59243,-0.33128,-0.1167,0.027376,0.14603,0.32749,0.63163,1.0402,1.4743,1.8506,2.1114,2.2309,2.2097,2.0651,1.821,1.5086,1.155,0.78252,0.39517,-0.014289,-0.45779,-0.93192,-1.401,-1.7924,-2.0211,-2.0299,-1.8137,-1.4173,-0.89661,-0.31099,0.27472,0.78508,1.1472,1.3088,1.2687,1.0739,0.79987,0.52844,0.33469,0.27792,0.39423,0.68861,1.1293,1.6514,2.1721,2.6008,2.8684,2.9337,2.7952,2.4928,2.0963,1.6826,1.3105,1.0079,0.77315,0.60027,0.48685,0.44096
-0.61637,0.48972,1.8106,2.5043,2.3958,1.9292,1.5151,1.3148,1.2905,1.2924,1.176,0.89172,0.49119,0.069143,-0.2968,-0.57929,-0.78759,-0.94325,-1.0498,-1.081,-0.99909,-0.79189,-0.49502,-0.18264,0.069909,0.22294,0.31216,0.43088,0.6613,1.0114,1.4196,1.8026,2.0916,2.2445,2.2473,2.1051,1.8409,1.4889,1.088,0.671,0.2553,-0.15617,-0.56743,-0.97379,-1.3448,-1.6266,-1.7552,-1.6912,-1.4423,-1.0417,-0.54187,0.0070704,0.5522,1.0298,1.3685,1.5207,1.4802,1.2884,1.017,0.74727,0.55374,0.49317,0.59841,0.87333,1.2885,1.7821,2.2692,2.6634,2.8903,2.908,2.7181,2.3677,1.9357,1.5061,1.1388,0.85476,0.64972,0.50991,0.43048,0.41877
-0.59191,0.54007,1.8784,2.5816,2.476,2.006,1.5775,1.3529,1.3,1.2803,1.1541,0.86881,0.4689,0.043088,-0.32924,-0.61343,-0.81499,-0.95947,-1.0561,-1.079,-0.98401,-0.75266,-0.42124,-0.07187,0.20967,0.37348,0.44698,0.52432,0.7003,1.0007,1.3789,1.7564,2.0556,2.2265,2.2423,2.1028,1.8269,1.4502,1.0217,0.58229,0.16347,-0.22856,-0.59173,-0.92356,-1.2052,-1.3961,-1.455,-1.3569,-1.1062,-0.73121,-0.26769,0.24252,0.75042,1.197,1.515,1.6573,1.6186,1.438,1.1826,0.92741,0.74688,0.69413,0.79916,1.0628,1.4555,1.9193,2.3769,2.7414,2.9429,2.9394,2.7323,2.3692,1.9308,1.5031,1.146,0.87936,0.69188,0.56843,0.50243,0.50089
-0.57038,0.58283,1.9361,2.6474,2.5447,2.0683,1.6201,1.3617,1.2725,1.2282,1.0977,0.82294,0.43662,0.018074,-0.35485,-0.6355,-0.82363,-0.94956,-1.0314,-1.0456,-0.94101,-0.68878,-0.32224,0.071265,0.39101,0.57514,0.63766,0.67054,0.77747,1.0072,1.3355,1.6904,1.993,2.1772,2.2023,2.0548,1.7548,1.348,0.89515,0.45387,0.061636,-0.26858,-0.54296,-0.76518,-0.92788,-1.0085,-0.98723,-0.85637,-0.62028,-0.29721,0.093632,0.52709,0.96785,1.3651,1.6605,1.8049,1.7863,1.6356,1.4144,1.1971,1.0496,1.0235,1.1413,1.3969,1.7605,2.1816,2.5929,2.9189,3.0923,3.0723,2.8607,2.5048,2.084,1.6802,1.3471,1.0975,0.92162,0.80138,0.73282,0.72618
-0.5606,0.59934,1.9571,2.6719,2.5699,2.0874,1.623,1.3394,1.2246,1.1669,1.0401,0.78356,0.41827,0.01385,-0.35137,-0.6242,-0.80136,-0.9144,-0.98541,-0.99363,-0.88553,-0.62596,-0.24377,0.17337,0.51769,0.71949,0.7841,0.79559,0.85931,1.037,1.3194,1.6447,1.9364,2.1191,2.1416,1.9842,1.6666,1.242,0.78018,0.35046,-0.0040671,-0.26925,-0.46033,-0.59464,-0.67483,-0.69317,-0.63364,-0.49088,-0.27302,0.010026,0.34264,0.71034,1.0918,1.4488,1.727,1.8783,1.8846,1.7702,1.5914,1.4188,1.3139,1.3216,1.4575,1.7101,2.0496,2.4328,2.8057,3.0991,3.2545,3.2342,3.0378,2.7071,2.3135,1.9316,1.6111,1.3672,1.1865,1.0591,0.98156,0.96104
-0.55336,0.60444,1.9611,2.6763,2.5725,2.0801,1.5929,1.2756,1.1309,1.0618,0.9504,0.72911,0.40367,0.030871,-0.31289,-0.56866,-0.72829,-0.82338,-0.88006,-0.88135,-0.77314,-0.51442,-0.12677,0.30469,0.67192,0.89579,0.97165,0.96976,0.99256,1.1097,1.3278,1.6031,1.8601,2.0211,2.0242,1.8471,1.5086,1.0683,0.6095,0.21127,-0.074401,-0.24542,-0.32615,-0.35063,-0.33855,-0.28868,-0.1963,-0.057101,0.1275,0.34887,0.60451,0.8898,1.1952,1.498,1.7566,1.9227,1.9725,1.9211,1.8162,1.7192,1.689,1.7563,1.9239,2.1748,2.484,2.8208,3.1423,3.3997,3.5382,3.5213,3.3468,3.0518,2.6993,2.3529,2.0528,1.8084,1.6153,1.4648,1.3577,1.3033
-0.54935,0.59647,1.944,2.6545,2.5451,2.0402,1.5286,1.1807,1.0115,0.93991,0.85373,0.6773,0.40157,0.07247,-0.23785,-0.46785,-0.60317,-0.67611,-0.71794,-0.71639,-0.6179,-0.37549,-0.00040034,0.42865,0.80714,1.0492,1.1388,1.1343,1.1311,1.2006,1.3638,1.5883,1.8028,1.9261,1.8926,1.6768,1.3063,0.8521,0.41255,0.072772,-0.12499,-0.19307,-0.1782,-0.1234,-0.051205,0.036819,0.14709,0.28069,0.43383,0.60123,0.78068,0.97749,1.2001,1.4466,1.6921,1.8911,2.0055,2.0341,2.0142,2.0044,2.0531,2.1859,2.3948,2.6547,2.9404,3.2314,3.5055,3.7223,3.8418,3.832,3.6875,3.4361,3.1275,2.8116,2.5215,2.2713,2.0557,1.8752,1.735,1.644
-0.54627,0.58619,1.9222,2.6247,2.5085,1.9919,1.4626,1.0942,0.91175,0.84395,0.78148,0.64224,0.40833,0.1177,-0.15952,-0.36218,-0.47465,-0.52868,-0.55944,-0.56014,-0.47843,-0.26097,0.091791,0.51031,0.89039,1.1433,1.2437,1.2424,1.227,1.2702,1.4,1.5891,1.7721,1.8633,1.7959,1.5451,1.1461,0.68269,0.25956,-0.032651,-0.16277,-0.15419,-0.071891,0.029767,0.12979,0.22517,0.33069,0.45157,0.58079,0.71391,0.84628,0.98602,1.1512,1.3572,1.591,1.8123,1.9773,2.0743,2.1304,2.1927,2.3068,2.4867,2.7198,2.9817,3.2521,3.5176,3.761,3.9574,4.0703,4.0686,3.9435,3.7165,3.4303,3.1301,2.8466,2.5899,2.3635,2.1661,2.002,1.8793
-0.5389,0.57153,1.8863,2.5727,2.442,1.9075,1.3549,0.9648,0.77336,0.7184,0.6911,0.60201,0.42377,0.18955,-0.035767,-0.19398,-0.27031,-0.29642,-0.31205,-0.31894,-0.26862,-0.099315,0.20601,0.59426,0.96493,1.226,1.3418,1.3508,1.3309,1.3548,1.4518,1.6016,1.742,1.7884,1.6727,1.3771,0.94528,0.47444,0.080543,-0.14921,-0.19462,-0.10839,0.036873,0.18182,0.2994,0.39857,0.49094,0.58496,0.6811,0.76766,0.84305,0.91634,1.0132,1.1651,1.3876,1.6471,1.889,2.0817,2.2367,2.3935,2.5836,2.8194,3.0852,3.3553,3.612,3.8487,4.0616,4.2328,4.3362,4.3441,4.2447,4.0509,3.7947,3.5123,3.2307,2.9664,2.7197,2.4962,2.3035,2.1497
-0.5252,0.56102,1.8483,2.5112,2.3588,1.8028,1.2295,0.8266,0.63889,0.60648,0.61572,0.57131,0.44351,0.26452,0.094587,-0.014087,-0.050182,-0.046258,-0.046008,-0.059668,-0.04481,0.066237,0.30822,0.6461,0.99019,1.2472,1.3748,1.3981,1.3873,1.409,1.4923,1.6198,1.7286,1.7361,1.5759,1.2361,0.77199,0.29547,-0.06494,-0.22804,-0.19824,-0.048049,0.13391,0.28888,0.399,0.47569,0.54146,0.6087,0.6757,0.7323,0.76921,0.79175,0.82939,0.93303,1.1383,1.429,1.7448,2.0358,2.2934,2.539,2.7984,3.0755,3.3574,3.626,3.8709,4.0913,4.2858,4.4479,4.5533,4.5749,4.4976,4.3275,4.0901,3.8184,3.5394,3.2662,3.0107,2.7743,2.5607,2.3755
-0.50988,0.55828,1.8217,2.4609,2.287,1.7124,1.1258,0.72053,0.54634,0.5385,0.57453,0.55618,0.45748,0.31428,0.18469,0.11516,0.11224,0.14067,0.15299,0.1335,0.12075,0.18509,0.37266,0.66291,0.97659,1.2222,1.3526,1.3862,1.3859,1.4146,1.5006,1.6249,1.7239,1.7124,1.5278,1.161,0.67908,0.20346,-0.13401,-0.25739,-0.18681,-0.0039737,0.19424,0.34666,0.44025,0.48935,0.52565,0.5684,0.6162,0.65783,0.67831,0.67781,0.68537,0.75975,0.9562,1.27,1.6364,1.9908,2.3116,2.612,2.9094,3.209,3.4996,3.7664,4.0034,4.2141,4.4033,4.5636,4.6738,4.7076,4.6482,4.4981,4.2777,4.0147,3.734,3.4562,3.1861,2.933,2.7051,2.509
-0.48296,0.56424,1.792,2.3909,2.18,1.576,0.97565,0.58118,0.44056,0.47422,0.54253,0.54442,0.46721,0.35804,0.27635,0.25974,0.30553,0.37032,0.40063,0.37454,0.32551,0.32552,0.43338,0.64856,0.90893,1.1299,1.259,1.3058,1.3237,1.3691,1.4697,1.6033,1.7045,1.6871,1.489,1.1102,0.6237,0.15947,-0.14999,-0.23858,-0.13637,0.058713,0.25305,0.38797,0.44932,0.461,0.457,0.46414,0.48911,0.51903,0.53569,0.53068,0.52579,0.5825,0.77039,1.1045,1.5223,1.9446,2.3319,2.6839,3.0136,3.3247,3.6118,3.8677,4.0936,4.2984,4.4888,4.6607,4.7923,4.8527,4.8187,4.6876,4.4778,4.2185,3.9374,3.651,3.3758,3.1172,2.8792,2.6658
-0.45806,0.57669,1.7753,2.3372,2.0912,1.462,0.85461,0.47928,0.3773,0.449,0.53728,0.54189,0.46555,0.36954,0.31757,0.33987,0.42396,0.5185,0.56485,0.53644,0.46217,0.41345,0.45736,0.60955,0.82306,1.0205,1.1458,1.2015,1.2334,1.295,1.4112,1.5604,1.674,1.6666,1.4752,1.1032,0.62576,0.1762,-0.11362,-0.18328,-0.072197,0.11945,0.29685,0.4051,0.4338,0.40982,0.37243,0.35329,0.36518,0.3961,0.42625,0.4422,0.45769,0.52444,0.71824,1.0591,1.4918,1.9373,2.3498,2.7208,3.0578,3.366,3.6436,3.8898,4.1106,4.3171,4.5175,4.7038,4.8521,4.9306,4.9157,4.8034,4.6084,4.3561,4.0727,3.7819,3.4952,3.2234,2.9749,2.7551
-0.41988,0.6038,1.7608,2.2639,1.9613,1.2929,0.68309,0.34969,0.31733,0.44742,0.5541,0.5437,0.4472,0.35181,0.32973,0.40124,0.53752,0.6749,0.74702,0.72021,0.61578,0.50293,0.45946,0.52362,0.67,0.83075,0.94748,1.0109,1.059,1.1422,1.2843,1.463,1.6073,1.629,1.4671,1.1243,0.67904,0.26152,-0.0039882,-0.06435,0.037086,0.20771,0.35382,0.4205,0.39952,0.31688,0.22328,0.16526,0.16425,0.21713,0.29662,0.37512,0.44886,0.55954,0.76544,1.1038,1.5364,1.9877,2.4044,2.7712,3.0928,3.3761,3.6281,3.8563,4.0722,4.2886,4.509,4.7257,4.9091,5.0214,5.0334,4.9377,4.7498,4.4983,4.2131,3.9137,3.6224,3.3484,3.0973,2.8731
-0.37813,0.64146,1.7544,2.1887,1.8164,1.1035,0.49927,0.22887,0.28654,0.48202,0.5991,0.55361,0.41218,0.29681,0.29107,0.40659,0.59471,0.77752,0.87988,0.85981,0.73095,0.56071,0.43603,0.41429,0.49131,0.6106,0.71223,0.77778,0.8371,0.93726,1.1049,1.3159,1.5004,1.5672,1.4555,1.1667,0.77505,0.40214,0.15887,0.093662,0.16983,0.3006,0.40205,0.42028,0.34288,0.20191,0.05139,-0.04834,-0.057991,0.022081,0.16486,0.33278,0.50518,0.69528,0.9462,1.2826,1.6812,2.0902,2.4689,2.801,3.0883,3.3394,3.565,3.7786,3.9957,4.2287,4.4789,4.7264,4.9382,5.0755,5.1106,5.0366,4.8665,4.6249,4.3392,4.0354,3.7326,3.4457,3.1864,2.9632
-0.3461,0.67466,1.7541,2.1301,1.6976,0.94785,0.3534,0.14408,0.28175,0.53011,0.65087,0.56861,0.37802,0.23184,0.22766,0.37084,0.59734,0.81656,0.94479,0.93363,0.79197,0.58606,0.40805,0.32726,0.35424,0.44262,0.53133,0.59587,0.65841,0.76494,0.94383,1.1762,1.3922,1.5009,1.4364,1.1982,0.85333,0.51681,0.29296,0.22674,0.2822,0.37992,0.43883,0.40985,0.28515,0.094547,-0.099796,-0.23019,-0.24707,-0.14126,0.059284,0.30893,0.57044,0.83458,1.1243,1.458,1.8256,2.1925,2.5274,2.8193,3.0683,3.2863,3.4891,3.6938,3.916,4.1648,4.4363,4.7081,4.944,5.1031,5.1556,5.0929,4.9279,4.6865,4.3989,4.0917,3.7865,3.5024,3.2507,3.0383
-0.305,0.72289,1.7571,2.0483,1.5255,0.72174,0.14901,0.039189,0.29782,0.62045,0.7435,0.60324,0.32892,0.11886,0.09972,0.2716,0.54907,0.82052,0.98811,0.99446,0.84295,0.59875,0.36034,0.21298,0.1835,0.23682,0.31054,0.36818,0.42563,0.52974,0.71395,0.96971,1.2273,1.3932,1.3952,1.2266,0.94856,0.66255,0.46515,0.39168,0.41533,0.46574,0.47412,0.39278,0.20724,-0.053115,-0.32123,-0.50874,-0.54245,-0.39773,-0.10788,0.26233,0.65151,1.0246,1.3743,1.7067,2.0229,2.3154,2.5764,2.8026,3.0009,3.1829,3.3642,3.5636,3.7971,4.0705,4.3726,4.6724,4.9276,5.0978,5.1583,5.1058,4.9544,4.7272,4.4494,4.1465,3.8434,3.5579,3.3076,3.107
-0.27732,0.75913,1.7603,1.9835,1.3868,0.53983,-0.010863,-0.03351,0.32331,0.70413,0.82915,0.64234,0.29566,0.022581,-0.021273,0.16578,0.48022,0.79205,0.99161,1.0148,0.86153,0.59678,0.32355,0.13678,0.075855,0.10946,0.17099,0.21859,0.26522,0.36017,0.54508,0.81487,1.1031,1.3103,1.3604,1.2396,1.0047,0.75089,0.56557,0.48494,0.48769,0.51151,0.49226,0.37841,0.14918,-0.16679,-0.49935,-0.74075,-0.79369,-0.62385,-0.26662,0.1958,0.68177,1.1372,1.5331,1.8687,2.1521,2.3919,2.5949,2.7682,2.9245,3.0779,3.2465,3.4481,3.6944,3.9851,4.304,4.6161,4.8814,5.0605,5.1282,5.0802,4.9309,4.7052,4.4313,4.1361,3.8402,3.5679,3.3356,3.1556
-0.24743,0.80442,1.7631,1.8931,1.1915,0.2843,-0.22807,-0.12262,0.37052,0.82974,0.96058,0.71396,0.26568,-0.10656,-0.20158,-0.005512,0.35294,0.71559,0.9571,1.0062,0.8589,0.57983,0.27751,0.056333,-0.031057,-0.014022,0.035335,0.067641,0.094406,0.16934,0.34657,0.62927,0.95311,1.2104,1.3143,1.2436,1.0481,0.82052,0.64568,0.56258,0.54962,0.55077,0.49736,0.33743,0.051671,-0.33902,-0.75226,-1.0646,-1.1539,-0.96028,-0.52316,0.056689,0.66998,1.2322,1.693,2.0376,2.2789,2.4444,2.5634,2.6633,2.7646,2.8889,3.0542,3.2725,3.5464,3.8647,4.2011,4.5206,4.7794,4.9436,4.9978,4.9469,4.8086,4.6043,4.354,4.0778,3.8007,3.5409,3.3214,3.1639
-0.22801,0.84192,1.7612,1.7989,0.98995,0.022243,-0.44221,-0.19937,0.42945,0.966,1.1079,0.81243,0.2669,-0.21472,-0.37903,-0.19183,0.1976,0.60213,0.88028,0.95525,0.8216,0.54413,0.23472,0.0048782,-0.089679,-0.078709,-0.039176,-0.023112,-0.017858,0.03763,0.20591,0.50026,0.85297,1.1467,1.2836,1.2368,1.0553,0.83248,0.65441,0.5622,0.53819,0.52671,0.45997,0.27979,-0.045397,-0.49701,-0.99383,-1.3906,-1.5274,-1.3198,-0.80882,-0.12024,0.60839,1.2684,1.7863,2.1363,2.3342,2.4244,2.4586,2.4829,2.5365,2.6448,2.8223,3.0694,3.3737,3.7124,4.0548,4.3625,4.6006,4.7433,4.7817,4.7243,4.59,4.3993,4.1707,3.921,3.6695,3.4389,3.2512,3.1276
-0.22182,0.86277,1.7553,1.7271,0.83951,-0.17089,-0.59364,-0.24648,0.47852,1.0704,1.2256,0.90317,0.29477,-0.26802,-0.4952,-0.32898,0.071444,0.49857,0.79894,0.89222,0.77285,0.506,0.20456,-0.01735,-0.10657,-0.095541,-0.06442,-0.061369,-0.07007,-0.022487,0.14721,0.45439,0.82584,1.1366,1.282,1.2341,1.0421,0.80292,0.60856,0.50524,0.47795,0.46897,0.4051,0.22045,-0.12193,-0.61018,-1.1608,-1.6153,-1.7905,-1.5785,-1.0193,-0.25812,0.54555,1.2662,1.8187,2.1693,2.3343,2.3662,2.3316,2.2964,2.3117,2.4124,2.6089,2.8885,3.2239,3.5813,3.9232,4.2161,4.4262,4.5353,4.5458,4.4758,4.3474,4.177,3.9743,3.7505,3.5222,3.3103,3.1415,3.0417
-0.22565,0.87811,1.74,1.6322,0.64798,-0.41155,-0.77385,-0.29335,0.54764,1.2077,1.3869,1.0459,0.37415,-0.28565,-0.60598,-0.49013,-0.0979,0.34225,0.66321,0.77962,0.68415,0.44163,0.16501,-0.033979,-0.1069,-0.09321,-0.072845,-0.088011,-0.10922,-0.059909,0.1301,0.46733,0.86532,1.1876,1.3244,1.2472,1.01,0.71975,0.48374,0.35916,0.33147,0.3354,0.28567,0.10864,-0.23782,-0.74676,-1.3335,-1.834,-2.0451,-1.8355,-1.2385,-0.41141,0.46556,1.2448,1.8278,2.1676,2.279,2.2248,2.0924,1.9719,1.9414,2.0443,2.2805,2.6135,2.9926,3.3699,3.7058,3.9648,4.1254,4.1828,4.1524,4.0615,3.9352,3.7861,3.6172,3.4318,3.2405,3.0636,2.9272,2.8585
-0.24439,0.87724,1.7153,1.541,0.4768,-0.61651,-0.9154,-0.31753,0.62048,1.3397,1.5489,1.2095,0.50248,-0.23401,-0.6503,-0.61146,-0.25913,0.16993,0.49783,0.63403,0.56809,0.36212,0.12597,-0.036155,-0.084824,-0.068717,-0.064795,-0.1019,-0.13193,-0.065589,0.16741,0.55397,0.98584,1.3125,1.4231,1.2923,0.98206,0.61154,0.3071,0.14087,0.10681,0.12857,0.1122,-0.028282,-0.34737,-0.83835,-1.4203,-1.9245,-2.1396,-1.9272,-1.3179,-0.47108,0.42825,1.225,1.8071,2.1196,2.1711,2.0274,1.7907,1.5793,1.4971,1.6048,1.8909,2.2892,2.7208,3.122,3.4479,3.6697,3.7733,3.7666,3.6807,3.5571,3.4269,3.2989,3.1664,3.0209,2.871,2.7331,2.6314,2.5907
-0.26854,0.8647,1.6897,1.4771,0.36844,-0.73594,-0.9865,-0.31597,0.6788,1.4357,1.6694,1.3427,0.6275,-0.14921,-0.6338,-0.66557,-0.36397,0.03812,0.35907,0.50499,0.46278,0.2911,0.094633,-0.030694,-0.056976,-0.039925,-0.053184,-0.10997,-0.14528,-0.056713,0.22064,0.65441,1.1162,1.4455,1.5324,1.3532,0.97519,0.52806,0.15331,-0.055857,-0.10014,-0.056479,-0.035839,-0.13657,-0.41477,-0.86859,-1.414,-1.8842,-2.0773,-1.8623,-1.2645,-0.43431,0.44839,1.2279,1.7866,2.0623,2.0599,1.8457,1.5304,1.2488,1.1295,1.2449,1.5735,2.0246,2.4973,2.916,3.2355,3.425,3.4799,3.4198,3.2886,3.1384,3.004,2.8906,2.7833,2.6692,2.5453,2.4286,2.3445,2.3211
-0.31383,0.83114,1.646,1.3996,0.25802,-0.83611,-1.0232,-0.28139,0.76455,1.56,1.8281,1.5296,0.82395,0.01798,-0.54521,-0.68116,-0.47233,-0.13215,0.16117,0.31123,0.30058,0.18203,0.049643,-0.017301,-0.011481,0.0035983,-0.036281,-0.12176,-0.15972,-0.032028,0.31425,0.81687,1.3184,1.6526,1.7104,1.473,1.0077,0.4522,-0.029583,-0.3143,-0.38325,-0.31962,-0.25039,-0.28544,-0.48534,-0.84621,-1.2865,-1.6573,-1.789,-1.5745,-1.0324,-0.27985,0.52966,1.2463,1.7478,1.9617,1.8838,1.5775,1.1601,0.78807,0.61985,0.74615,1.1316,1.6519,2.1788,2.6241,2.9356,3.0899,3.0852,2.9511,2.7489,2.5502,2.4011,2.3033,2.2292,2.1503,2.0624,1.9779,1.9207,1.917
-0.35695,0.79351,1.6055,1.3481,0.20488,-0.86147,-1.0017,-0.2268,0.83719,1.6512,1.944,1.6723,0.98643,0.17541,-0.43422,-0.65068,-0.5265,-0.25047,0.0086984,0.15527,0.16857,0.095104,0.01779,-0.00085038,0.029999,0.041317,-0.022158,-0.13138,-0.17058,-0.010074,0.39296,0.94905,1.4821,1.8218,1.863,1.5892,1.0677,0.43711,-0.1259,-0.47653,-0.57421,-0.50298,-0.39621,-0.37233,-0.49698,-0.76565,-1.104,-1.3815,-1.4579,-1.248,-0.76377,-0.094655,0.63069,1.2732,1.713,1.8702,1.7343,1.3651,0.88156,0.44907,0.24828,0.38328,0.80919,1.3779,1.9419,2.4035,2.7108,2.8371,2.7871,2.5993,2.3473,2.1151,1.9547,1.8646,1.808,1.7526,1.683,1.6123,1.5662,1.5736
-0.42548,0.72697,1.5411,1.289,0.17489,-0.82597,-0.90598,-0.11588,0.94603,1.7698,2.0906,1.8599,1.2131,0.41301,-0.24183,-0.56095,-0.56014,-0.38693,-0.18876,-0.055294,-0.010394,-0.018857,-0.017443,0.03031,0.095001,0.10138,0.0058582,-0.13485,-0.17508,0.027995,0.50321,1.1255,1.6992,2.05,2.079,1.7706,1.192,0.48127,-0.17616,-0.60884,-0.7516,-0.67321,-0.51805,-0.4145,-0.42991,-0.56746,-0.76511,-0.92005,-0.9292,-0.73246,-0.33255,0.20894,0.7947,1.311,1.6448,1.7189,1.5167,1.088,0.5446,0.056658,-0.17939,-0.042154,0.41943,1.0342,1.6343,2.1125,2.4133,2.5107,2.4127,2.1642,1.8507,1.5715,1.3889,1.2998,1.259,1.2219,1.1748,1.128,1.1051,1.1308
-0.50523,0.64214,1.4654,1.24,0.18914,-0.71723,-0.74089,0.036236,1.0683,1.8834,2.2243,2.0358,1.4366,0.66313,-0.018305,-0.42743,-0.54973,-0.48965,-0.36553,-0.25474,-0.1819,-0.12459,-0.043265,0.071761,0.17047,0.17518,0.05542,-0.11043,-0.15162,0.086834,0.6165,1.2898,1.895,2.2595,2.2877,1.9675,1.3636,0.61,-0.10658,-0.60232,-0.78789,-0.71816,-0.53269,-0.36123,-0.27627,-0.28565,-0.34779,-0.39341,-0.35332,-0.18537,0.11524,0.51561,0.9497,1.3264,1.548,1.5404,1.2839,0.82157,0.25717,-0.24798,-0.49459,-0.36017,0.10838,0.73679,1.3504,1.8349,2.127,2.2031,2.0688,1.7731,1.4112,1.095,0.89424,0.80351,0.76978,0.74385,0.70902,0.67556,0.66811,0.71168
-0.57112,0.56733,1.4006,1.2085,0.22498,-0.59652,-0.58139,0.17223,1.1659,1.9631,2.313,2.1541,1.5936,0.84758,0.1582,-0.30596,-0.51445,-0.5406,-0.47746,-0.389,-0.298,-0.1924,-0.052392,0.11018,0.23327,0.23796,0.10333,-0.076615,-0.11709,0.14218,0.70229,1.4018,2.0241,2.3986,2.4319,2.1148,1.5096,0.74833,0.013207,-0.50861,-0.71715,-0.6566,-0.45749,-0.24672,-0.099338,-0.030564,-0.014582,-0.0025411,0.056553,0.19647,0.42495,0.7227,1.0425,1.311,1.4465,1.3831,1.1005,0.63467,0.079581,-0.41065,-0.65386,-0.52502,-0.064696,0.55697,1.1644,1.6406,1.9231,1.9822,1.8256,1.5057,1.1226,0.79186,0.5836,0.48965,0.45514,0.4321,0.40343,0.38132,0.38952,0.45044
-0.66546,0.45311,1.3032,1.1691,0.29564,-0.40108,-0.33886,0.37059,1.2983,2.0581,2.4103,2.2865,1.7783,1.0767,0.39214,-0.12567,-0.43455,-0.57336,-0.59793,-0.54574,-0.43337,-0.2654,-0.051859,0.16849,0.32002,0.3267,0.17993,-0.010365,-0.04608,0.23352,0.81991,1.5374,2.1706,2.5514,2.594,2.2886,1.6987,0.95204,0.22564,-0.29792,-0.51836,-0.46402,-0.25453,-0.0099383,0.19621,0.33473,0.41569,0.46991,0.53224,0.62909,0.77105,0.94671,1.1237,1.2526,1.2725,1.1351,0.82729,0.38091,-0.12432,-0.55973,-0.76684,-0.64137,-0.21468,0.36659,0.94103,1.3936,1.6562,1.7007,1.5303,1.1964,0.79998,0.45904,0.24535,0.15045,0.11804,0.097457,0.078941,0.072154,0.10003,0.18348
-0.76541,0.32389,1.1917,1.128,0.37938,-0.18926,-0.084853,0.57214,1.423,2.1328,2.477,2.3826,1.9257,1.2748,0.61067,0.061661,-0.32771,-0.57017,-0.68404,-0.67293,-0.54236,-0.31609,-0.037794,0.22857,0.40132,0.41208,0.2651,0.078859,0.054227,0.34491,0.93307,1.6468,2.2746,2.6568,2.7087,2.4227,1.8607,1.1469,0.45378,-0.046719,-0.25769,-0.20538,0.0049567,0.26443,0.5004,0.67957,0.79889,0.8729,0.92393,0.97205,1.026,1.0828,1.1255,1.1224,1.0383,0.84283,0.52861,0.12238,-0.3101,-0.66262,-0.81426,-0.68127,-0.29032,0.23629,0.75801,1.169,1.4061,1.4343,1.2584,0.92881,0.54384,0.21537,0.008579,-0.087111,-0.12389,-0.14295,-0.15599,-0.14627,-0.091609,0.023765
-0.84314,0.21806,1.0983,1.0924,0.4418,-0.032287,0.099188,0.71537,1.5046,2.1709,2.5033,2.4262,2.0061,1.3954,0.7539,0.19433,-0.24047,-0.54855,-0.72399,-0.74522,-0.60641,-0.34371,-0.024676,0.26921,0.4548,0.46941,0.32578,0.14906,0.13625,0.43112,1.0105,1.7093,2.3253,2.7038,2.7605,2.4877,1.9459,1.2592,0.59596,0.12248,-0.071136,-0.011077,0.2032,0.46903,0.71539,0.90679,1.0346,1.1072,1.1413,1.1538,1.152,1.134,1.0877,0.99448,0.83402,0.59477,0.28022,-0.084444,-0.44692,-0.72433,-0.82151,-0.6773,-0.31549,0.16288,0.63742,1.0127,1.2279,1.25,1.082,0.77055,0.4072,0.095408,-0.10472,-0.20186,-0.24199,-0.26068,-0.26559,-0.24206,-0.17083,-0.03921
-0.94873,0.066175,0.96003,1.034,0.51441,0.15905,0.32183,0.88373,1.5888,2.191,2.5005,2.441,2.0671,1.5099,0.90461,0.34503,-0.12889,-0.50328,-0.748,-0.81236,-0.67409,-0.3787,-0.018383,0.306,0.50697,0.5295,0.39722,0.23943,0.24479,0.54009,1.0989,1.7659,2.3549,2.7184,2.7742,2.5132,1.994,1.3396,0.71412,0.27796,0.11451,0.19538,0.42353,0.69853,0.95064,1.1447,1.2678,1.3252,1.332,1.2991,1.2349,1.1359,0.99187,0.79366,0.54381,0.25399,-0.056815,-0.36489,-0.63344,-0.80517,-0.82336,-0.65294,-0.3214,0.092965,0.49961,0.82391,1.0137,1.0381,0.89729,0.62887,0.30907,0.024798,-0.17061,-0.27739,-0.3265,-0.3498,-0.34123,-0.29571,-0.20306,-0.057127
-1.029,-0.055059,0.8455,0.97891,0.55487,0.28095,0.46369,0.98594,1.6284,2.1788,2.4658,2.4158,2.0743,1.5564,0.982,0.43198,-0.057106,-0.46614,-0.75232,-0.84735,-0.71621,-0.40718,-0.026278,0.31508,0.52662,0.55889,0.44188,0.30327,0.32115,0.61114,1.1465,1.7832,2.3458,2.6918,2.7404,2.4807,1.9714,1.3351,0.73479,0.3273,0.1901,0.29066,0.53055,0.81075,1.0638,1.2555,1.3729,1.4195,1.408,1.3483,1.2465,1.0987,0.89619,0.63647,0.33115,0.008903,-0.29771,-0.56256,-0.7607,-0.85834,-0.81991,-0.63288,-0.32323,0.048531,0.41136,0.70361,0.88029,0.91469,0.80214,0.57403,0.29543,0.040281,-0.14575,-0.26066,-0.32605,-0.35446,-0.35255,-0.30683,-0.20629,-0.048102
-1.1364,-0.22545,0.67845,0.88746,0.58293,0.40636,0.61004,1.0822,1.6427,2.1204,2.3713,2.3289,2.027,1.5618,1.0335,0.50758,0.014464,-0.42416,-0.75378,-0.8862,-0.76954,-0.45314,-0.056604,0.29944,0.52394,0.57333,0.48257,0.37325,0.40558,0.68164,1.177,1.7658,2.2869,2.6034,2.6345,2.3674,1.8613,1.2378,0.66305,0.2897,0.18738,0.31753,0.57647,0.86606,1.1224,1.3087,1.4158,1.448,1.4162,1.3333,1.2014,1.0146,0.76482,0.45346,0.10329,-0.24266,-0.54229,-0.7674,-0.89888,-0.91978,-0.8209,-0.60935,-0.31965,-0.00033656,0.30204,0.5503,0.71758,0.77617,0.72322,0.57394,0.36643,0.14909,-0.039289,-0.18052,-0.27208,-0.31918,-0.3151,-0.25779,-0.14964,0.0038572
-1.2432,-0.40356,0.49553,0.77332,0.57742,0.48455,0.70363,1.1297,1.6107,2.012,2.2201,2.1777,1.9116,1.4998,1.0223,0.53075,0.047436,-0.40565,-0.76557,-0.929,-0.82981,-0.51459,-0.11061,0.25426,0.49008,0.55824,0.49521,0.41531,0.46088,0.71824,1.1674,1.7001,2.171,2.4513,2.4595,2.1808,1.6705,1.0505,0.48591,0.13102,0.055432,0.21313,0.49798,0.80691,1.0715,1.2585,1.3575,1.3764,1.3319,1.2359,1.095,0.90339,0.6495,0.33215,-0.027297,-0.38111,-0.67401,-0.87062,-0.95896,-0.93827,-0.81229,-0.60514,-0.34908,-0.078068,0.18095,0.40799,0.58109,0.68836,0.7069,0.63274,0.48549,0.30253,0.1218,-0.031896,-0.14642,-0.2127,-0.22381,-0.17928,-0.081327,0.062628
-1.3218,-0.54032,0.34924,0.67334,0.55086,0.51244,0.7408,1.1343,1.5577,1.8999,2.0699,2.0223,1.7798,1.4076,0.97146,0.51085,0.042685,-0.41066,-0.78327,-0.96539,-0.88182,-0.57411,-0.17062,0.19784,0.44315,0.5279,0.48717,0.42795,0.47993,0.71802,1.1282,1.6149,2.0459,2.2973,2.2874,1.997,1.4801,0.85715,0.29587,-0.049139,-0.10893,0.066039,0.36684,0.68841,0.95872,1.1474,1.245,1.2618,1.2172,1.124,0.98807,0.80569,0.56878,0.27386,-0.057689,-0.38756,-0.67018,-0.86916,-0.96251,-0.94178,-0.82,-0.62269,-0.38753,-0.14689,0.08133,0.29017,0.47454,0.61368,0.68824,0.68187,0.59402,0.44382,0.2645,0.092571,-0.041803,-0.1211,-0.13908,-0.096387,-0.0031178,0.12821
-1.4225,-0.72269,0.14686,0.5247,0.48876,0.51197,0.74994,1.1035,1.4535,1.7142,1.8251,1.7616,1.5448,1.2244,0.84512,0.43242,-0.0041882,-0.44389,-0.81982,-1.0196,-0.96071,-0.67395,-0.28051,0.09178,0.35366,0.46678,0.45917,0.42453,0.47273,0.67484,1.0253,1.4485,1.8292,2.0463,2.0146,1.7112,1.1848,0.55663,-0.006083,-0.34336,-0.38979,-0.19493,0.12159,0.45117,0.72613,0.91052,1.0046,1.0237,0.98688,0.91408,0.81028,0.67154,0.4887,0.25779,-0.017623,-0.31145,-0.58524,-0.79849,-0.91864,-0.93047,-0.83854,-0.676,-0.48234,-0.28495,-0.089954,0.10957,0.31389,0.51063,0.66236,0.73304,0.70665,0.59592,0.43539,0.26664,0.12543,0.037871,0.0093939,0.034926,0.10542,0.21097
-1.4935,-0.85636,-0.0061033,0.40558,0.42589,0.4879,0.73125,1.0583,1.3563,1.5539,1.6138,1.5305,1.3286,1.0448,0.70908,0.3368,-0.069091,-0.48927,-0.85787,-1.065,-1.0262,-0.76208,-0.38271,-0.010576,0.26499,0.40253,0.42152,0.4026,0.44418,0.61546,0.92037,1.2964,1.6374,1.8268,1.7809,1.4727,0.94966,0.32596,-0.23375,-0.57485,-0.62542,-0.4335,-0.1134,0.22267,0.49942,0.6855,0.77923,0.79957,0.77321,0.71764,0.64427,0.55156,0.42873,0.26199,0.046158,-0.21165,-0.48121,-0.71787,-0.8771,-0.93137,-0.87862,-0.75034,-0.58739,-0.41746,-0.24324,-0.050507,0.17027,0.40223,0.60752,0.73876,0.76516,0.68829,0.5413,0.37431,0.23433,0.14783,0.12201,0.14853,0.21163,0.29827
-1.579,-1.0246,-0.20341,0.24521,0.32812,0.43287,0.68248,0.97978,1.2146,1.3278,1.3106,1.1887,0.9964,0.75777,0.48233,0.16721,-0.19019,-0.5727,-0.92009,-1.1308,-1.1201,-0.89284,-0.53913,-0.1702,0.12412,0.29438,0.34892,0.3472,0.37791,0.50608,0.74671,1.0589,1.3493,1.5109,1.4571,1.1577,0.65185,0.044893,-0.50798,-0.85861,-0.92881,-0.75733,-0.45046,-0.1223,0.14838,0.32768,0.41812,0.44437,0.4358,0.41609,0.3957,0.37332,0.3368,0.26342,0.12884,-0.080179,-0.34705,-0.62341,-0.84696,-0.96969,-0.97784,-0.89833,-0.77431,-0.63422,-0.47696,-0.28231,-0.038672,0.23943,0.50179,0.69079,0.77,0.73955,0.63224,0.49687,0.37872,0.30699,0.28345,0.30061,0.3456,0.40879
-1.6507,-1.173,-0.38286,0.093999,0.22699,0.36387,0.61859,0.89337,1.0745,1.1069,1.0051,0.82876,0.634,0.43614,0.22041,-0.034087,-0.33647,-0.67286,-0.99043,-1.1993,-1.2168,-1.0298,-0.70405,-0.33934,-0.027909,0.1715,0.25284,0.26358,0.27897,0.36386,0.5454,0.7994,1.052,1.2001,1.1542,0.87765,0.40041,-0.1776,-0.71903,-1.0793,-1.1834,-1.0517,-0.78151,-0.48165,-0.23093,-0.065883,0.016716,0.045469,0.055977,0.075333,0.11624,0.17441,0.22866,0.24233,0.17375,-0.0026859,-0.27432,-0.58854,-0.87234,-1.0609,-1.1305,-1.0962,-0.99977,-0.87372,-0.72083,-0.52069,-0.25557,0.054342,0.35829,0.59379,0.71937,0.7327,0.66713,0.57255,0.49242,0.44728,0.44206,0.46108,0.49147,0.52816
-1.6927,-1.2657,-0.49767,-0.0044909,0.15683,0.31101,0.56912,0.83301,0.98264,0.9601,0.79182,0.56662,0.3618,0.18898,0.017262,-0.19039,-0.44983,-0.7492,-1.0411,-1.2457,-1.2836,-1.1285,-0.8274,-0.47047,-0.14974,0.07029,0.17136,0.19125,0.19579,0.25087,0.39361,0.61083,0.84026,0.98311,0.9503,0.70076,0.25867,-0.28731,-0.81103,-1.1814,-1.3202,-1.2376,-1.0124,-0.7454,-0.51819,-0.36844,-0.2944,-0.26516,-0.24083,-0.18949,-0.10025,0.017415,0.1334,0.20215,0.1681,0.0036782,-0.2772,-0.617,-0.93631,-1.1637,-1.2655,-1.2571,-1.1777,-1.0584,-0.90177,-0.68909,-0.40973,-0.077578,0.24994,0.50898,0.65927,0.70065,0.66711,0.60634,0.55739,0.53812,0.54463,0.5656,0.59067,0.61706
-1.7302,-1.3586,-0.6144,-0.10472,0.081736,0.24952,0.51172,0.77011,0.89282,0.81009,0.55867,0.26145,0.0295,-0.1202,-0.23904,-0.38563,-0.58733,-0.83589,-1.0907,-1.2854,-1.3478,-1.2394,-0.98247,-0.64692,-0.31905,-0.072292,0.058523,0.092196,0.086628,0.11024,0.20809,0.38595,0.59271,0.73909,0.73356,0.53024,0.14269,-0.35778,-0.85966,-1.2484,-1.442,-1.4285,-1.2669,-1.0519,-0.86541,-0.75042,-0.70003,-0.67541,-0.63073,-0.53508,-0.38095,-0.18846,-0.0016366,0.11893,0.11391,-0.050248,-0.35535,-0.73453,-1.0966,-1.3617,-1.4871,-1.4837,-1.3958,-1.2613,-1.0875,-0.85796,-0.55869,-0.2144,0.12447,0.39742,0.56782,0.63866,0.64505,0.63142,0.6287,0.64398,0.67109,0.69518,0.7093,0.71702
-1.7433,-1.4091,-0.68021,-0.15975,0.037317,0.2071,0.47147,0.73446,0.84931,0.73013,0.41329,0.047425,-0.22256,-0.36486,-0.44414,-0.53807,-0.68598,-0.88501,-1.1031,-1.287,-1.3727,-1.3138,-1.1088,-0.80521,-0.47847,-0.21248,-0.056771,-0.00906,-0.016167,-0.010986,0.059893,0.21364,0.41191,0.57101,0.60012,0.4434,0.10459,-0.35709,-0.84878,-1.2615,-1.5106,-1.5646,-1.467,-1.3062,-1.1647,-1.084,-1.0538,-1.029,-0.96125,-0.82069,-0.61094,-0.36511,-0.13831,0.0038111,-0.0043706,-0.18703,-0.51759,-0.92183,-1.304,-1.5785,-1.7044,-1.6929,-1.5862,-1.4227,-1.2145,-0.95256,-0.63373,-0.2788,0.060952,0.33123,0.5035,0.58773,0.62126,0.64411,0.67818,0.72137,0.76332,0.79064,0.79933,0.79607
-1.735,-1.4161,-0.69231,-0.16735,0.027382,0.19007,0.45527,0.72768,0.85017,0.72287,0.37662,-0.029898,-0.33017,-0.47764,-0.54104,-0.60701,-0.72177,-0.88795,-1.0818,-1.2598,-1.3637,-1.3411,-1.1748,-0.89649,-0.57794,-0.30553,-0.13853,-0.081467,-0.086683,-0.086919,-0.025021,0.12096,0.31876,0.49008,0.54417,0.42089,0.11554,-0.32423,-0.8117,-1.2447,-1.5328,-1.6369,-1.5866,-1.4621,-1.3472,-1.2824,-1.2581,-1.2292,-1.1448,-0.97978,-0.74112,-0.46813,-0.2241,-0.084063,-0.10704,-0.31821,-0.68184,-1.1111,-1.5005,-1.7661,-1.869,-1.8287,-1.6924,-1.4984,-1.2592,-0.97073,-0.63405,-0.27672,0.054238,0.31284,0.47892,0.56706,0.6144,0.6565,0.70878,0.76709,0.81246,0.83503,0.83529,0.82492
-1.6974,-1.3821,-0.65764,-0.13327,0.045751,0.18907,0.45207,0.74412,0.8934,0.78312,0.43076,-0.0050248,-0.3387,-0.50579,-0.57069,-0.62097,-0.70767,-0.84142,-1.0093,-1.1807,-1.3058,-1.3279,-1.2137,-0.97629,-0.68122,-0.41291,-0.23983,-0.17125,-0.16966,-0.16824,-0.10799,0.037113,0.24416,0.43652,0.52088,0.43231,0.15683,-0.26796,-0.76206,-1.2272,-1.5637,-1.7184,-1.7062,-1.6062,-1.5064,-1.4517,-1.4294,-1.3891,-1.2825,-1.0871,-0.82362,-0.54269,-0.31265,-0.20427,-0.27691,-0.53874,-0.9405,-1.3863,-1.7681,-2.0034,-2.0671,-1.9843,-1.8031,-1.5625,-1.2778,-0.95032,-0.58898,-0.22323,0.1009,0.34324,0.49192,0.56974,0.61819,0.67081,0.73607,0.79988,0.8467,0.86416,0.85499,0.83381
-1.6494,-1.3249,-0.59587,-0.076828,0.081015,0.20189,0.46152,0.77224,0.95276,0.87432,0.54194,0.10665,-0.24188,-0.43046,-0.5113,-0.56773,-0.64909,-0.76965,-0.92364,-1.0897,-1.2256,-1.2764,-1.2023,-1.0048,-0.73948,-0.48527,-0.31088,-0.23329,-0.22087,-0.21229,-0.14926,-0.00063147,0.21546,0.42336,0.5275,0.45524,0.1889,-0.23636,-0.7456,-1.2357,-1.6026,-1.7779,-1.7743,-1.6733,-1.5653,-1.5005,-1.466,-1.4117,-1.2919,-1.0891,-0.82674,-0.5585,-0.35454,-0.2855,-0.40366,-0.7116,-1.1485,-1.6068,-1.9742,-2.1775,-2.1993,-2.0771,-1.8619,-1.5894,-1.2732,-0.91777,-0.53717,-0.16485,0.15488,0.38724,0.52591,0.59643,0.63998,0.68831,0.7484,0.80751,0.84511,0.85276,0.835,0.80823
-1.5608,-1.2115,-0.4734,0.030481,0.1492,0.23103,0.48245,0.82103,1.0549,1.039,0.75984,0.35261,-0.001618,-0.22009,-0.33642,-0.42143,-0.5156,-0.63333,-0.77638,-0.93468,-1.0779,-1.1591,-1.137,-1.0022,-0.78969,-0.56837,-0.40173,-0.31694,-0.28841,-0.2649,-0.19185,-0.034417,0.19116,0.41423,0.53531,0.47815,0.21635,-0.21946,-0.75562,-1.2818,-1.6796,-1.8676,-1.8537,-1.7239,-1.5789,-1.472,-1.3973,-1.314,-1.1809,-0.98743,-0.75584,-0.53518,-0.39095,-0.39184,-0.57851,-0.9441,-1.4162,-1.879,-2.2203,-2.3756,-2.3476,-2.1783,-1.9208,-1.6103,-1.26,-0.87538,-0.47159,-0.088714,0.23249,0.4597,0.5897,0.6503,0.68294,0.71782,0.76055,0.79948,0.8161,0.80447,0.77194,0.73683
-1.4474,-1.0639,-0.31822,0.16187,0.22953,0.26366,0.50243,0.87089,1.1674,1.2295,1.0252,0.66775,0.32358,0.079476,-0.080065,-0.20709,-0.33184,-0.46447,-0.60794,-0.7602,-0.90457,-1.0069,-1.0286,-0.954,-0.80013,-0.62468,-0.48567,-0.40711,-0.36988,-0.32883,-0.23512,-0.061797,0.17447,0.40245,0.52546,0.46707,0.19785,-0.25654,-0.82166,-1.3806,-1.7976,-1.975,-1.9183,-1.728,-1.518,-1.3542,-1.2347,-1.1227,-0.98519,-0.81103,-0.62239,-0.46542,-0.39959,-0.48066,-0.74526,-1.1686,-1.6632,-2.108,-2.4028,-2.5055,-2.4346,-2.2391,-1.9636,-1.633,-1.2572,-0.84595,-0.42255,-0.023771,0.30473,0.53386,0.66293,0.71874,0.73928,0.75284,0.76712,0.77159,0.75867,0.72386,0.67437,0.62754
-1.3495,-0.9372,-0.18938,0.26683,0.28959,0.2835,0.50985,0.90175,1.2487,1.3758,1.2358,0.92404,0.59457,0.33542,0.14279,-0.019446,-0.17477,-0.32854,-0.48094,-0.63334,-0.77816,-0.89013,-0.93586,-0.89702,-0.78672,-0.65114,-0.5404,-0.47373,-0.43394,-0.37956,-0.26836,-0.081297,0.1604,0.38455,0.49918,0.42847,0.14484,-0.3282,-0.91478,-1.493,-1.9142,-2.0702,-1.9665,-1.7157,-1.4468,-1.2284,-1.0682,-0.93592,-0.79961,-0.65323,-0.51088,-0.41067,-0.40502,-0.54595,-0.85637,-1.3072,-1.805,-2.229,-2.4881,-2.5563,-2.4598,-2.2492,-1.9671,-1.6348,-1.2579,-0.8424,-0.40906,-0.00045022,0.34057,0.58281,0.72261,0.78315,0.79871,0.79527,0.78142,0.75434,0.7069,0.64209,0.57221,0.51717
-1.2065,-0.75532,-0.011442,0.40384,0.36128,0.29502,0.50245,0.92567,1.343,1.5603,1.5088,1.2623,0.9567,0.68113,0.44734,0.23539,0.034083,-0.15428,-0.32633,-0.48423,-0.62762,-0.74289,-0.80723,-0.80537,-0.74873,-0.66892,-0.60069,-0.55504,-0.5139,-0.44188,-0.30932,-0.10629,0.13482,0.34448,0.43525,0.3377,0.025749,-0.47803,-1.0931,-1.6889,-2.0985,-2.2053,-2.0242,-1.6877,-1.3393,-1.0544,-0.8434,-0.68347,-0.5517,-0.43794,-0.35674,-0.33701,-0.41726,-0.6321,-0.99418,-1.4576,-1.9273,-2.2977,-2.5027,-2.5309,-2.4215,-2.2163,-1.947,-1.6267,-1.257,-0.84297,-0.40468,0.019035,0.38114,0.64811,0.81113,0.88541,0.89744,0.87002,0.81524,0.73638,0.63922,0.53202,0.42984,0.35254
-1.0562,-0.56843,0.16344,0.52823,0.41414,0.28329,0.46904,0.92399,1.4129,1.7195,1.7538,1.5683,1.2856,0.99486,0.72122,0.46055,0.21281,-0.012518,-0.20685,-0.37034,-0.50727,-0.6153,-0.68376,-0.70483,-0.68881,-0.65946,-0.63724,-0.61976,-0.58208,-0.49349,-0.33583,-0.11759,0.11912,0.3024,0.3527,0.2121,-0.14224,-0.68198,-1.3284,-1.9335,-2.314,-2.3465,-2.0696,-1.6451,-1.2255,-0.88883,-0.64457,-0.47099,-0.34725,-0.26678,-0.23751,-0.28181,-0.42881,-0.70111,-1.0918,-1.5481,-1.9759,-2.2849,-2.4319,-2.427,-2.308,-2.1144,-1.8724,-1.5874,-1.2505,-0.85601,-0.4182,0.023354,0.41846,0.7245,0.92246,1.0182,1.031,0.98061,0.88112,0.7458,0.58552,0.4192,0.26957,0.16062
