-0.057726,-0.11478,-0.049688,0.1079,0.3432,0.56257,0.65031,0.59808,0.50339,0.45857,0.49415,0.57886,0.64324,0.61806,0.47949,0.27154,0.075121,-0.037089,-0.023918,0.10753,0.29526,0.45656,0.53843,0.53292,0.46369,0.37166,0.30333,0.29468,0.34452,0.4145,0.45532,0.43741,0.36395,0.26367,0.17164,0.11862,0.11522,0.15878,0.22791,0.29209,0.31878,0.28736,0.2036,0.089947,-0.027624,-0.12924,-0.20357,-0.23769,-0.21913,-0.14844,-0.045722,0.047171,0.08301,0.025812,-0.14194,-0.41612,-0.76441,-1.1214,-1.3898,-1.47,-1.3239,-1.0111,-0.64867,-0.34003,-0.13959,-0.052197,-0.040467,-0.04577,0.0029889,0.15351,0.4039,0.70477,0.9901,1.2095,1.3401,1.3838,1.3482,1.254,1.1204,0.96578
-0.10396,-0.13124,-0.0471,0.11821,0.35511,0.5784,0.6761,0.63881,0.55428,0.50917,0.53346,0.60054,0.65035,0.62474,0.50446,0.32541,0.15239,0.046135,0.045049,0.1495,0.31084,0.45589,0.53295,0.53051,0.46642,0.37675,0.30473,0.28828,0.33186,0.39916,0.43843,0.41139,0.31443,0.17576,0.042327,-0.039624,-0.042331,0.032121,0.15393,0.27606,0.35338,0.35905,0.29281,0.17463,0.031402,-0.11461,-0.23981,-0.31733,-0.32153,-0.2411,-0.10081,0.048235,0.14772,0.15062,0.033634,-0.20247,-0.52749,-0.87615,-1.1508,-1.2543,-1.142,-0.86684,-0.53855,-0.25568,-0.069927,0.014142,0.027139,0.024732,0.068745,0.19958,0.4175,0.68378,0.94264,1.1471,1.2722,1.3122,1.2804,1.1912,1.0628,0.91391
-0.16003,-0.14919,-0.041299,0.13403,0.37332,0.60204,0.71474,0.69663,0.62204,0.57205,0.57573,0.61233,0.63664,0.60553,0.50523,0.35992,0.21523,0.11488,0.0924,0.15777,0.28089,0.40393,0.47974,0.49289,0.45368,0.38766,0.33016,0.31424,0.3501,0.40845,0.43715,0.39216,0.26144,0.070741,-0.12069,-0.24489,-0.25048,-0.13611,0.051966,0.24537,0.38164,0.42863,0.38118,0.25887,0.08957,-0.10023,-0.27905,-0.40578,-0.43476,-0.3426,-0.15157,0.074,0.25883,0.3449,0.30258,0.13341,-0.13238,-0.43507,-0.68973,-0.80719,-0.74927,-0.54831,-0.28941,-0.057254,0.097864,0.16589,0.17097,0.15774,0.17774,0.26953,0.43906,0.65678,0.87478,1.0503,1.1589,1.1948,1.1653,1.0843,0.96814,0.83329
-0.197,-0.15957,-0.035391,0.14695,0.38909,0.62197,0.74543,0.74054,0.672,0.61542,0.60029,0.61006,0.61058,0.57036,0.48025,0.35609,0.22901,0.1309,0.091178,0.12602,0.22029,0.33004,0.41256,0.44858,0.44082,0.40491,0.36795,0.35803,0.38847,0.43726,0.45381,0.39234,0.23473,0.0071781,-0.22474,-0.37285,-0.37544,-0.23259,-0.0047701,0.2269,0.39636,0.46512,0.42988,0.30825,0.12648,-0.08441,-0.2905,-0.44326,-0.48632,-0.38879,-0.1685,0.10487,0.34675,0.49206,0.50822,0.39395,0.17909,-0.079172,-0.30341,-0.41912,-0.38775,-0.23595,-0.035183,0.14251,0.2547,0.29406,0.27992,0.25173,0.25203,0.31209,0.4397,0.6152,0.80038,0.95595,1.0558,1.0907,1.0661,0.99289,0.88642,0.76264
-0.2392,-0.16943,-0.025254,0.16713,0.41242,0.64973,0.7863,0.7958,0.73399,0.66699,0.62321,0.59429,0.55745,0.4986,0.41577,0.31461,0.20616,0.10697,0.041873,0.036644,0.097225,0.19868,0.30328,0.3845,0.4312,0.44551,0.4417,0.44324,0.46522,0.49671,0.49472,0.41196,0.2259,-0.041178,-0.31536,-0.4914,-0.49137,-0.31768,-0.046729,0.22564,0.42575,0.51591,0.49173,0.37124,0.18309,-0.041673,-0.26384,-0.4313,-0.48642,-0.38851,-0.15443,0.14893,0.43757,0.64477,0.73162,0.69676,0.56538,0.38553,0.2189,0.12321,0.12585,0.2093,0.32541,0.42302,0.46946,0.45728,0.40351,0.33679,0.29434,0.30701,0.38622,0.51778,0.66871,0.80295,0.89471,0.93313,0.91836,0.85939,0.76911,0.66191
-0.27301,-0.1745,-0.011742,0.19073,0.43776,0.67708,0.82241,0.84472,0.78827,0.7105,0.63827,0.56797,0.49029,0.40666,0.32293,0.23782,0.14237,0.037875,-0.053159,-0.092985,-0.05471,0.052846,0.19311,0.32884,0.43544,0.50273,0.53475,0.54918,0.56319,0.57299,0.54743,0.44306,0.23625,-0.053908,-0.34955,-0.53863,-0.53215,-0.33592,-0.03739,0.25747,0.47205,0.57264,0.55748,0.44661,0.26804,0.051909,-0.16679,-0.33993,-0.40996,-0.33569,-0.11972,0.18252,0.4919,0.73967,0.88734,0.92627,0.8758,0.77501,0.67173,0.60608,0.59543,0.62661,0.66514,0.6765,0.64186,0.56241,0.45421,0.34601,0.26741,0.24113,0.27769,0.37029,0.49443,0.61705,0.70997,0.75784,0.75756,0.71669,0.647,0.56122
-0.29216,-0.17484,0.00059163,0.21036,0.45765,0.69566,0.84454,0.87412,0.82078,0.73573,0.64341,0.54329,0.43398,0.32811,0.24014,0.16305,0.074582,-0.033578,-0.14018,-0.19934,-0.16946,-0.049165,0.12309,0.30095,0.45084,0.55486,0.61169,0.63379,0.64021,0.63189,0.58513,0.46368,0.24446,-0.051985,-0.34858,-0.5306,-0.5116,-0.30378,0.0026862,0.30005,0.51694,0.62044,0.61236,0.51322,0.34994,0.1506,-0.053445,-0.22152,-0.30389,-0.25823,-0.078011,0.19668,0.49749,0.75984,0.94107,1.0299,1.0401,1.0016,0.94879,0.90879,0.89116,0.88501,0.86803,0.81891,0.72721,0.59721,0.44849,0.30526,0.19585,0.14357,0.15984,0.23811,0.35401,0.47466,0.57151,0.62796,0.64026,0.61262,0.55501,0.47965
-0.3087,-0.17051,0.020438,0.23924,0.48397,0.71456,0.86243,0.89828,0.84913,0.75632,0.64101,0.50487,0.35438,0.21738,0.1206,0.051893,-0.027161,-0.13638,-0.25535,-0.32873,-0.29937,-0.15587,0.059625,0.28872,0.48728,0.62985,0.70931,0.7356,0.72752,0.69386,0.62035,0.4787,0.25168,-0.039592,-0.32084,-0.48112,-0.44596,-0.23114,0.069545,0.35934,0.57234,0.68291,0.6917,0.61663,0.48282,0.31349,0.1349,-0.022674,-0.12246,-0.1264,-0.016666,0.19243,0.45598,0.71696,0.93278,1.082,1.1663,1.2021,1.2095,1.202,1.179,1.132,1.0483,0.92044,0.75175,0.55765,0.36064,0.19003,0.066992,0.0043599,0.0067083,0.068753,0.17209,0.28827,0.38923,0.45555,0.48213,0.47274,0.43606,0.38226
-0.31457,-0.164,0.037344,0.26211,0.50195,0.72196,0.8643,0.90193,0.85588,0.75976,0.63119,0.47216,0.2944,0.13526,0.03141,-0.031311,-0.10141,-0.20683,-0.32781,-0.40327,-0.36761,-0.20507,0.038252,0.29659,0.51971,0.67989,0.76797,0.7931,0.77378,0.72334,0.63337,0.4807,0.25061,-0.034192,-0.29898,-0.43965,-0.38955,-0.17282,0.11965,0.39768,0.60357,0.71766,0.7412,0.68948,0.58385,0.44285,0.28638,0.13663,0.021882,-0.023439,0.028002,0.17845,0.39936,0.64528,0.87235,1.0543,1.185,1.2705,1.3187,1.3311,1.3047,1.2308,1.1035,0.92495,0.70789,0.47542,0.25888,0.079598,-0.043092,-0.10209,-0.097561,-0.036745,0.06306,0.17601,0.27608,0.3459,0.37939,0.378,0.34967,0.30473
-0.31395,-0.15054,0.062141,0.29204,0.52091,0.71983,0.84808,0.88445,0.84299,0.7474,0.60772,0.42536,0.21696,0.032987,-0.078441,-0.13139,-0.18496,-0.27652,-0.3894,-0.45772,-0.40771,-0.22266,0.044183,0.32092,0.55654,0.72303,0.81106,0.82956,0.79855,0.7323,0.62746,0.46464,0.23392,-0.038548,-0.27855,-0.39151,-0.32428,-0.11124,0.16376,0.41984,0.61384,0.72974,0.77284,0.75548,0.69098,0.59438,0.47491,0.34239,0.21415,0.11557,0.081385,0.13708,0.28258,0.49027,0.72056,0.93919,1.1248,1.2668,1.3576,1.3897,1.3523,1.2394,1.0553,0.81677,0.55193,0.2954,0.077595,-0.0739,-0.15941,-0.18868,-0.17235,-0.11802,-0.03543,0.059265,0.14703,0.21201,0.24929,0.25873,0.24576,0.21783
-0.3034,-0.13222,0.088264,0.31984,0.53123,0.70042,0.80641,0.83758,0.80238,0.71287,0.57103,0.37492,0.14526,-0.056749,-0.17129,-0.21034,-0.24205,-0.31269,-0.40806,-0.4599,-0.39312,-0.19466,0.077558,0.35063,0.57565,0.72862,0.80409,0.8124,0.77398,0.70083,0.58902,0.4228,0.19681,-0.057749,-0.27017,-0.35842,-0.28567,-0.088709,0.15682,0.38622,0.56626,0.68792,0.75454,0.77354,0.75292,0.6994,0.61632,0.50489,0.37039,0.23171,0.12329,0.086078,0.14659,0.30053,0.51667,0.75248,0.97181,1.1491,1.2658,1.3047,1.2543,1.1114,0.88654,0.60687,0.31388,0.055634,-0.12645,-0.22211,-0.24396,-0.2217,-0.17967,-0.12801,-0.068477,-0.0042286,0.056867,0.10776,0.13837,0.14945,0.14466,0.1297
-0.28919,-0.11605,0.10779,0.33718,0.53131,0.67287,0.7564,0.78119,0.75144,0.67097,0.53376,0.33517,0.097084,-0.11363,-0.22784,-0.25416,-0.26694,-0.31795,-0.39459,-0.42999,-0.35262,-0.15272,0.11107,0.36716,0.57045,0.70196,0.76097,0.76046,0.71896,0.64626,0.53676,0.37498,0.15893,-0.079898,-0.27323,-0.34776,-0.27643,-0.097439,0.12,0.32364,0.48912,0.61344,0.69823,0.74597,0.75958,0.74006,0.68591,0.59281,0.46005,0.29967,0.14533,0.044492,0.038951,0.14252,0.3334,0.56856,0.8027,0.99845,1.127,1.1657,1.102,0.93423,0.68022,0.37797,0.081548,-0.15147,-0.28477,-0.31174,-0.26868,-0.20296,-0.14615,-0.10501,-0.071068,-0.035749,0.0017973,0.033684,0.060337,0.075935,0.079886,0.074121
-0.26259,-0.091378,0.1318,0.35257,0.51835,0.61644,0.66347,0.67588,0.65507,0.59138,0.46945,0.2785,0.040066,-0.1743,-0.28552,-0.29553,-0.28136,-0.30124,-0.34775,-0.35985,-0.27366,-0.084146,0.15196,0.36912,0.52921,0.62104,0.65163,0.63775,0.59628,0.53288,0.43646,0.29033,0.095177,-0.11823,-0.28538,-0.34511,-0.28029,-0.13209,0.041906,0.2024,0.34029,0.45902,0.56235,0.64745,0.70753,0.73655,0.72576,0.66391,0.54279,0.36765,0.16667,-0.0084838,-0.099869,-0.072197,0.070589,0.28655,0.52044,0.72191,0.85165,0.88232,0.79757,0.60207,0.32397,0.015302,-0.25696,-0.4306,-0.47346,-0.4065,-0.28511,-0.16751,-0.089097,-0.055776,-0.052623,-0.059008,-0.060765,-0.052797,-0.040519,-0.026698,-0.014475,-0.005462
-0.22871,-0.064915,0.15113,0.3564,0.48782,0.5355,0.53899,0.53472,0.52324,0.48171,0.38361,0.21385,-0.010873,-0.21826,-0.32271,-0.31926,-0.28084,-0.26892,-0.28376,-0.27392,-0.18523,-0.01719,0.17738,0.34192,0.4462,0.48824,0.4837,0.45529,0.4196,0.37503,0.30158,0.18021,0.013061,-0.16531,-0.29805,-0.33681,-0.28183,-0.17343,-0.05729,0.047125,0.14645,0.25377,0.37332,0.49463,0.60171,0.67935,0.71245,0.68523,0.58442,0.40877,0.18114,-0.049291,-0.218,-0.27176,-0.19705,-0.025069,0.18642,0.37719,0.49811,0.51567,0.41493,0.20364,-0.081747,-0.37741,-0.60453,-0.69764,-0.64208,-0.47615,-0.27961,-0.12225,-0.038854,-0.026573,-0.058056,-0.10084,-0.13264,-0.14626,-0.14251,-0.12772,-0.10725,-0.084894
-0.19883,-0.044903,0.16125,0.34988,0.45148,0.45822,0.42504,0.4061,0.4015,0.37891,0.30426,0.15729,-0.047206,-0.24039,-0.33713,-0.32608,-0.27409,-0.24168,-0.23419,-0.20933,-0.12194,0.024859,0.18193,0.30022,0.3571,0.35758,0.32382,0.28411,0.25464,0.22719,0.17586,0.080215,-0.058139,-0.20269,-0.3027,-0.32435,-0.27757,-0.20189,-0.13256,-0.074879,-0.01108,0.08155,0.20739,0.3518,0.49229,0.60667,0.67493,0.67721,0.59633,0.42822,0.19093,-0.069377,-0.28684,-0.39997,-0.38315,-0.25736,-0.077787,0.09213,0.19849,0.20546,0.096631,-0.11568,-0.38855,-0.65224,-0.82729,-0.85593,-0.73263,-0.51616,-0.28768,-0.11486,-0.029796,-0.027703,-0.078276,-0.14387,-0.19608,-0.22107,-0.22195,-0.20518,-0.17811,-0.14658
-0.15404,-0.018613,0.1662,0.32649,0.38395,0.33288,0.24819,0.2063,0.20956,0.21462,0.17619,0.068294,-0.097475,-0.2606,-0.3436,-0.32642,-0.26231,-0.20839,-0.17536,-0.13301,-0.051146,0.060879,0.16132,0.21366,0.20609,0.15129,0.078905,0.021962,-0.0040337,-0.01227,-0.032656,-0.086416,-0.17021,-0.2534,-0.29896,-0.29194,-0.25264,-0.21952,-0.21319,-0.22385,-0.21569,-0.15375,-0.028517,0.14139,0.32301,0.48487,0.59967,0.64205,0.59201,0.4415,0.2041,-0.078643,-0.34358,-0.52701,-0.58865,-0.53621,-0.41597,-0.2888,-0.20929,-0.21512,-0.32077,-0.51184,-0.7433,-0.94504,-1.0427,-0.99173,-0.80566,-0.54729,-0.29961,-0.1258,-0.052812,-0.071486,-0.14712,-0.23691,-0.30732,-0.34237,-0.34256,-0.31631,-0.27406,-0.22472
-0.11737,0.00021866,0.1633,0.29684,0.3182,0.22235,0.098444,0.037513,0.046319,0.072426,0.06272,-0.010506,-0.13974,-0.27422,-0.3441,-0.32375,-0.25481,-0.18862,-0.1392,-0.086577,-0.012239,0.070782,0.12717,0.12997,0.074873,-0.01979,-0.11917,-0.19046,-0.21823,-0.21698,-0.21619,-0.23522,-0.26922,-0.29485,-0.28966,-0.25414,-0.21792,-0.21532,-0.2586,-0.3233,-0.3603,-0.32326,-0.19934,-0.01284,0.19525,0.38602,0.5285,0.59716,0.57153,0.44143,0.21749,-0.065738,-0.35169,-0.57647,-0.69536,-0.70274,-0.63332,-0.54272,-0.48472,-0.49588,-0.59126,-0.75346,-0.93699,-1.0779,-1.1158,-1.0216,-0.81438,-0.55758,-0.32222,-0.16315,-0.10378,-0.1347,-0.22179,-0.32182,-0.39955,-0.43678,-0.43362,-0.39909,-0.34539,-0.28371
-0.065013,0.023579,0.14992,0.24069,0.21009,0.054816,-0.12076,-0.20707,-0.19247,-0.13981,-0.10959,-0.13116,-0.2038,-0.29241,-0.33976,-0.31596,-0.24519,-0.16768,-0.10124,-0.040292,0.019783,0.063099,0.062437,0.0015632,-0.11271,-0.25566,-0.38992,-0.4811,-0.51715,-0.51,-0.48447,-0.45497,-0.41626,-0.35723,-0.27641,-0.19794,-0.16103,-0.19504,-0.29819,-0.42911,-0.52225,-0.51953,-0.40453,-0.20643,0.025192,0.24578,0.42141,0.52471,0.53343,0.43645,0.23855,-0.031595,-0.32428,-0.5812,-0.75595,-0.83277,-0.83106,-0.79211,-0.76109,-0.77333,-0.83981,-0.94762,-1.0581,-1.1208,-1.0952,-0.97062,-0.77163,-0.54745,-0.35349,-0.23127,-0.19881,-0.24748,-0.34612,-0.45332,-0.53362,-0.56845,-0.55634,-0.50781,-0.43745,-0.3589
-0.0092036,0.045444,0.12569,0.16507,0.079163,-0.1323,-0.35529,-0.46429,-0.44574,-0.36979,-0.3,-0.26761,-0.27758,-0.31137,-0.32989,-0.30193,-0.2328,-0.15004,-0.07376,-0.010977,0.030209,0.031832,-0.02406,-0.14134,-0.30514,-0.48587,-0.64627,-0.75499,-0.8021,-0.79779,-0.7562,-0.68092,-0.56807,-0.42041,-0.26292,-0.14136,-0.1018,-0.16643,-0.31866,-0.50333,-0.64236,-0.66991,-0.56758,-0.36866,-0.12752,0.10845,0.3041,0.43293,0.47422,0.41409,0.25458,0.017419,-0.25663,-0.51782,-0.71966,-0.84001,-0.8867,-0.88917,-0.88237,-0.89103,-0.92762,-0.97852,-1.0173,-1.0157,-0.95578,-0.83759,-0.68037,-0.51738,-0.3841,-0.3102,-0.30948,-0.37458,-0.47857,-0.58474,-0.66074,-0.68982,-0.66819,-0.60733,-0.52277,-0.42943
0.034082,0.060518,0.10073,0.096597,-0.032172,-0.28308,-0.53585,-0.65801,-0.63671,-0.54547,-0.44883,-0.3767,-0.33791,-0.32677,-0.31968,-0.2866,-0.21996,-0.13617,-0.055778,0.0050022,0.029096,-0.0018317,-0.097324,-0.25178,-0.44396,-0.64286,-0.81336,-0.93038,-0.98655,-0.99041,-0.94343,-0.83769,-0.66977,-0.4574,-0.2477,-0.10058,-0.062534,-0.14639,-0.32611,-0.53818,-0.70148,-0.74761,-0.6589,-0.46836,-0.23031,0.0066953,0.20862,0.35066,0.4126,0.38251,0.25956,0.05938,-0.18529,-0.42921,-0.63327,-0.77158,-0.84265,-0.86533,-0.86701,-0.87087,-0.88375,-0.89953,-0.9004,-0.86943,-0.80034,-0.70002,-0.58589,-0.47729,-0.39739,-0.36485,-0.38894,-0.4641,-0.56864,-0.67121,-0.74265,-0.76575,-0.73857,-0.67154,-0.57963,-0.4776
0.09263,0.078712,0.0601,-0.0084873,-0.19547,-0.49184,-0.77277,-0.90376,-0.87673,-0.76918,-0.64327,-0.52302,-0.42045,-0.34825,-0.30337,-0.26036,-0.19688,-0.11451,-0.032597,0.021746,0.020369,-0.054061,-0.19847,-0.3928,-0.60803,-0.81288,-0.98028,-1.0971,-1.1649,-1.1843,-1.1374,-0.99913,-0.766,-0.48121,-0.21803,-0.048566,-0.014792,-0.11842,-0.3212,-0.55481,-0.7373,-0.80379,-0.73805,-0.57083,-0.35291,-0.12844,0.072093,0.2254,0.31267,0.32023,0.24479,0.098043,-0.094086,-0.29739,-0.47605,-0.60761,-0.6863,-0.72173,-0.73101,-0.72973,-0.723,-0.70709,-0.67501,-0.62423,-0.56036,-0.4947,-0.43896,-0.40253,-0.39173,-0.41221,-0.46775,-0.55542,-0.66085,-0.75984,-0.82692,-0.84584,-0.81343,-0.73867,-0.63709,-0.52481
0.13671,0.091273,0.024928,-0.096045,-0.32624,-0.64952,-0.93914,-1.0676,-1.0332,-0.91717,-0.77552,-0.62495,-0.4785,-0.36171,-0.28708,-0.23396,-0.17175,-0.09165,-0.011162,0.035487,0.013141,-0.093491,-0.27088,-0.4877,-0.70872,-0.90374,-1.0538,-1.1582,-1.2271,-1.2564,-1.2146,-1.0609,-0.79502,-0.47259,-0.18351,-0.0044031,0.024186,-0.091475,-0.30681,-0.54921,-0.73822,-0.81473,-0.76637,-0.62403,-0.43246,-0.22972,-0.041021,0.11384,0.21679,0.25306,0.21635,0.11361,-0.034886,-0.20085,-0.3519,-0.46649,-0.53704,-0.56999,-0.57868,-0.57359,-0.55968,-0.53277,-0.48986,-0.43491,-0.37942,-0.33735,-0.31974,-0.32875,-0.3628,-0.41944,-0.49758,-0.59447,-0.70028,-0.79648,-0.86142,-0.8783,-0.84538,-0.76957,-0.66575,-0.55028
0.19442,0.10768,-0.026388,-0.22037,-0.50579,-0.85293,-1.1354,-1.2438,-1.1958,-1.0729,-0.91899,-0.73848,-0.54282,-0.37182,-0.25709,-0.18762,-0.12474,-0.047374,0.02868,0.060376,0.0064581,-0.14199,-0.35645,-0.59088,-0.80372,-0.96732,-1.0761,-1.1494,-1.209,-1.2446,-1.2078,-1.0437,-0.75305,-0.4064,-0.10564,0.068728,0.083197,-0.045949,-0.26703,-0.50766,-0.69724,-0.7889,-0.7745,-0.67805,-0.53339,-0.36897,-0.20414,-0.05403,0.064677,0.13713,0.15187,0.10741,0.015543,-0.099048,-0.21234,-0.30043,-0.35336,-0.3748,-0.37545,-0.36498,-0.34256,-0.30732,-0.25871,-0.2036,-0.15646,-0.13408,-0.14965,-0.2004,-0.28067,-0.37963,-0.48831,-0.60075,-0.71007,-0.8044,-0.8681,-0.88705,-0.85723,-0.78469,-0.68251,-0.5667
0.25048,0.12396,-0.078895,-0.34731,-0.68356,-1.0369,-1.2883,-1.3589,-1.2925,-1.1668,-1.0099,-0.81208,-0.58009,-0.36315,-0.21198,-0.12463,-0.058236,0.016692,0.084814,0.097288,0.01075,-0.17577,-0.41881,-0.65843,-0.84714,-0.96325,-1.018,-1.0483,-1.0853,-1.1148,-1.0777,-0.91228,-0.61902,-0.27558,0.012823,0.16826,0.16451,0.024573,-0.19502,-0.42858,-0.61803,-0.73105,-0.76086,-0.72096,-0.63284,-0.51237,-0.37411,-0.23191,-0.10069,-0.00078138,0.053601,0.057006,0.015613,-0.054691,-0.12902,-0.18881,-0.22399,-0.23562,-0.23089,-0.21531,-0.18801,-0.14386,-0.08295,-0.016229,0.03633,0.054007,0.026696,-0.050038,-0.16034,-0.28635,-0.4155,-0.54225,-0.66159,-0.76309,-0.83208,-0.85638,-0.83265,-0.76676,-0.67178,-0.56283
0.29083,0.13677,-0.11642,-0.43999,-0.8087,-1.1549,-1.3675,-1.4002,-1.3167,-1.1908,-1.0371,-0.834,-0.58402,-0.34029,-0.16571,-0.065316,0.0048483,0.077525,0.13777,0.13471,0.024789,-0.18701,-0.44602,-0.6834,-0.84699,-0.92192,-0.93148,-0.92448,-0.93618,-0.95388,-0.91247,-0.75028,-0.46733,-0.14024,0.12888,0.26456,0.24544,0.097373,-0.1222,-0.35333,-0.54625,-0.67745,-0.7404,-0.74332,-0.69932,-0.61686,-0.5044,-0.37152,-0.23416,-0.1134,-0.030726,0.0017437,-0.013536,-0.060451,-0.11745,-0.16317,-0.18758,-0.19177,-0.18176,-0.16022,-0.12538,-0.072245,-0.00052476,0.079426,0.14722,0.17933,0.15645,0.081515,-0.0367,-0.17871,-0.32635,-0.46807,-0.59658,-0.70322,-0.77662,-0.8073,-0.79078,-0.73344,-0.64739,-0.54702
0.3417,0.15524,-0.16118,-0.55265,-0.95571,-1.2757,-1.4195,-1.3933,-1.2869,-1.1632,-1.0173,-0.81533,-0.55222,-0.2852,-0.08731,0.027389,0.10161,0.17088,0.22032,0.1964,0.056814,-0.1838,-0.45644,-0.68116,-0.80556,-0.82371,-0.77424,-0.71789,-0.69481,-0.69142,-0.64297,-0.48667,-0.22298,0.077332,0.31577,0.42216,0.37831,0.2159,-0.0093265,-0.24024,-0.44129,-0.59477,-0.70048,-0.76053,-0.77409,-0.7417,-0.66318,-0.54496,-0.40354,-0.26472,-0.15516,-0.093579,-0.083618,-0.11332,-0.15933,-0.20043,-0.22362,-0.22685,-0.21335,-0.18428,-0.13401,-0.055797,0.048737,0.16446,0.26558,0.32445,0.3235,0.25455,0.13285,-0.018092,-0.17635,-0.32838,-0.46671,-0.58361,-0.6687,-0.71157,-0.71057,-0.66924,-0.59822,-0.51104
0.38876,0.17634,-0.19473,-0.64554,-1.0699,-1.3461,-1.4093,-1.3231,-1.1966,-1.0771,-0.94236,-0.74668,-0.48135,-0.20301,0.0095901,0.13308,0.20949,0.27572,0.31523,0.27202,0.10627,-0.15817,-0.43943,-0.6477,-0.73194,-0.6979,-0.5997,-0.50323,-0.44982,-0.42334,-0.36106,-0.2053,0.043339,0.31593,0.52174,0.59719,0.53018,0.35379,0.12225,-0.11495,-0.32905,-0.51022,-0.65682,-0.76475,-0.82598,-0.83357,-0.78272,-0.67874,-0.5393,-0.39162,-0.26924,-0.19654,-0.18105,-0.21163,-0.26489,-0.31408,-0.34298,-0.34772,-0.33029,-0.28913,-0.21884,-0.11204,0.029235,0.18779,0.3342,0.43609,0.46738,0.42346,0.3149,0.16549,-4.7519e-05,-0.16394,-0.31508,-0.44398,-0.54038,-0.59816,-0.61068,-0.58418,-0.53007,-0.46141
0.42114,0.19499,-0.21054,-0.69744,-1.1281,-1.3634,-1.3634,-1.2366,-1.0995,-0.98574,-0.86052,-0.67218,-0.40899,-0.12791,0.089684,0.21769,0.29552,0.3592,0.39178,0.33619,0.1533,-0.12716,-0.4139,-0.61036,-0.66903,-0.6036,-0.47523,-0.35532,-0.2829,-0.24028,-0.1659,-0.0054502,0.2364,0.49226,0.67687,0.73097,0.6475,0.4595,0.22119,-0.023507,-0.24842,-0.44715,-0.61482,-0.74546,-0.83284,-0.86368,-0.83516,-0.74844,-0.61563,-0.46922,-0.34275,-0.26658,-0.25353,-0.29392,-0.36147,-0.42735,-0.46988,-0.48035,-0.4585,-0.40633,-0.31434,-0.18033,-0.0085257,0.18289,0.363,0.4965,0.55708,0.53231,0.43491,0.2912,0.12869,-0.034144,-0.18749,-0.32333,-0.43146,-0.50049,-0.529,-0.5192,-0.48009,-0.42352
0.46026,0.22363,-0.21666,-0.73783,-1.1644,-1.3368,-1.2585,-1.0871,-0.9448,-0.8433,-0.73251,-0.55502,-0.2976,-0.018349,0.20023,0.33128,0.41032,0.47137,0.49601,0.42607,0.2242,-0.073357,-0.36668,-0.55441,-0.5901,-0.4961,-0.34088,-0.2001,-0.11004,-0.048548,0.044677,0.21855,0.46222,0.70844,0.87452,0.90731,0.80137,0.59421,0.34046,0.08713,-0.14449,-0.34915,-0.53087,-0.68624,-0.80148,-0.86497,-0.86242,-0.79162,-0.66986,-0.52657,-0.4053,-0.34053,-0.34561,-0.40837,-0.50091,-0.58685,-0.64125,-0.65503,-0.62849,-0.5596,-0.44693,-0.28358,-0.075014,0.15678,0.3772,0.54905,0.64334,0.65005,0.5786,0.45249,0.29712,0.1314,-0.031937,-0.18111,-0.30308,-0.38891,-0.43142,-0.43423,-0.40824,-0.36693
0.48672,0.24818,-0.2088,-0.74429,-1.1578,-1.2813,-1.1524,-0.95834,-0.81939,-0.73101,-0.6319,-0.46192,-0.20916,0.067404,0.28447,0.41456,0.49264,0.55097,0.5696,0.49057,0.27827,-0.028733,-0.3275,-0.5139,-0.54171,-0.43765,-0.27521,-0.12841,-0.03031,0.045073,0.15711,0.34756,0.60053,0.84662,1.0054,1.027,0.90811,0.68776,0.42387,0.16422,-0.06803,-0.27378,-0.45889,-0.62187,-0.75019,-0.82848,-0.84124,-0.78533,-0.67583,-0.5442,-0.43403,-0.38065,-0.39907,-0.47866,-0.58888,-0.69045,-0.75298,-0.76356,-0.72353,-0.63954,-0.50749,-0.32828,-0.10681,0.13844,0.37538,0.56667,0.68355,0.70994,0.65556,0.54281,0.39633,0.23442,0.069673,-0.085724,-0.21786,-0.31133,-0.36678,-0.38448,-0.37232,-0.34103
0.51823,0.2856,-0.18011,-0.71927,-1.1035,-1.1662,-0.98499,-0.77698,-0.65195,-0.58591,-0.50386,-0.34356,-0.095203,0.17933,0.39426,0.52123,0.5954,0.64803,0.65858,0.56968,0.34621,0.027309,-0.28181,-0.47424,-0.50468,-0.40243,-0.24353,-0.097952,0.0065701,0.10033,0.24068,0.46064,0.73643,0.99308,1.1512,1.1624,1.0285,0.79363,0.51985,0.25827,0.030264,-0.16864,-0.34934,-0.51366,-0.65231,-0.74622,-0.78048,-0.74799,-0.65841,-0.5442,-0.4477,-0.40736,-0.44076,-0.53753,-0.66164,-0.76957,-0.82751,-0.82398,-0.76562,-0.66113,-0.51981,-0.3383,-0.1178,0.12767,0.3696,0.57265,0.70571,0.7564,0.72645,0.63191,0.49225,0.3253,0.1485,-0.018996,-0.15868,-0.25987,-0.31695,-0.33629,-0.32911,-0.30753
0.54599,0.32853,-0.13028,-0.65565,-1.0017,-1.0121,-0.80029,-0.59671,-0.4963,-0.45746,-0.39578,-0.24548,-0.00039445,0.27426,0.49002,0.61529,0.686,0.73422,0.73871,0.6412,0.40685,0.075063,-0.24977,-0.46065,-0.50985,-0.42528,-0.27972,-0.14189,-0.033148,0.079715,0.25106,0.50789,0.81444,1.0915,1.2576,1.2677,1.1268,0.88373,0.60548,0.34686,0.12855,-0.057528,-0.23063,-0.39749,-0.54729,-0.65993,-0.71408,-0.69944,-0.62544,-0.52313,-0.43679,-0.40565,-0.44715,-0.5483,-0.67173,-0.77046,-0.80971,-0.78045,-0.69534,-0.57485,-0.42737,-0.25574,-0.059172,0.15602,0.3713,0.55898,0.6921,0.75076,0.7341,0.65081,0.51485,0.34309,0.15667,-0.019837,-0.16427,-0.26294,-0.31723,-0.33447,-0.32674,-0.30561
0.56501,0.36516,-0.079437,-0.58409,-0.89813,-0.87775,-0.65733,-0.4672,-0.39114,-0.37563,-0.3306,-0.18992,0.052875,0.32884,0.54671,0.67472,0.74626,0.79238,0.79256,0.68933,0.44766,0.10562,-0.23423,-0.46584,-0.53833,-0.4768,-0.3501,-0.22283,-0.11176,0.017678,0.21752,0.50632,0.8411,1.1375,1.3136,1.3274,1.1861,0.9422,0.66439,0.40997,0.20005,0.022091,-0.1469,-0.31693,-0.47755,-0.6041,-0.67165,-0.6676,-0.60081,-0.50379,-0.42171,-0.39293,-0.43308,-0.52814,-0.63886,-0.71781,-0.7324,-0.67797,-0.57289,-0.44283,-0.3006,-0.1502,0.013312,0.19188,0.37578,0.54272,0.66311,0.72112,0.70604,0.62054,0.47628,0.2924,0.095154,-0.085979,-0.22676,-0.31666,-0.35643,-0.35993,-0.34241,-0.31664
0.58879,0.41928,0.005111,-0.46121,-0.73116,-0.68229,-0.46723,-0.30776,-0.26968,-0.28885,-0.26914,-0.14249,0.095036,0.37322,0.59923,0.73649,0.81478,0.86181,0.85732,0.74693,0.49651,0.14049,-0.22284,-0.48825,-0.6014,-0.58085,-0.48767,-0.37896,-0.26367,-0.10792,0.13498,0.46997,0.8423,1.1638,1.3558,1.3779,1.2429,1.0049,0.73631,0.49368,0.2954,0.1257,-0.043836,-0.22545,-0.40549,-0.5555,-0.6428,-0.65004,-0.58681,-0.48756,-0.39961,-0.36201,-0.38907,-0.46465,-0.54814,-0.59362,-0.57286,-0.48784,-0.36333,-0.22781,-0.10039,0.018807,0.1387,0.26641,0.39815,0.51797,0.60526,0.63626,0.60159,0.49979,0.33841,0.13616,-0.075862,-0.26089,-0.39052,-0.45531,-0.46594,-0.44127,-0.40129,-0.36052
0.61159,0.47898,0.10527,-0.31397,-0.54089,-0.47777,-0.28451,-0.16626,-0.17203,-0.22911,-0.23746,-0.12847,0.10121,0.38219,0.62164,0.77728,0.87128,0.92659,0.92271,0.80738,0.54757,0.17578,-0.21368,-0.51714,-0.67808,-0.70602,-0.65376,-0.56627,-0.4483,-0.26357,0.024084,0.40445,0.81146,1.156,1.3635,1.3996,1.279,1.0563,0.80305,0.57424,0.3867,0.21906,0.041223,-0.15919,-0.36514,-0.53895,-0.64276,-0.65671,-0.59128,-0.48401,-0.38364,-0.32901,-0.33393,-0.38144,-0.43426,-0.4485,-0.39907,-0.29118,-0.15299,-0.017634,0.097717,0.18856,0.26486,0.33863,0.41334,0.47966,0.5188,0.50989,0.43799,0.29829,0.099613,-0.13291,-0.35964,-0.53818,-0.64112,-0.665,-0.63208,-0.56856,-0.49788,-0.43491
0.62839,0.52679,0.18841,-0.1922,-0.38962,-0.32395,-0.1551,-0.07321,-0.11469,-0.20143,-0.23245,-0.13952,0.082636,0.36596,0.61788,0.79399,0.90748,0.97499,0.9757,0.85925,0.59298,0.20828,-0.2024,-0.5372,-0.73717,-0.80488,-0.7838,-0.71148,-0.58965,-0.38261,-0.063289,0.34644,0.77517,1.1331,1.3496,1.3958,1.2882,1.0824,0.84703,0.63404,0.45552,0.28681,0.097179,-0.12268,-0.35089,-0.54377,-0.65979,-0.67805,-0.60915,-0.49416,-0.38231,-0.3125,-0.29834,-0.32518,-0.3542,-0.34683,-0.28215,-0.1673,-0.029425,0.10216,0.20582,0.28034,0.33435,0.37834,0.41615,0.44127,0.43824,0.38865,0.27758,0.099077,-0.1371,-0.39979,-0.63988,-0.80865,-0.88102,-0.86616,-0.79026,-0.68857,-0.58769,-0.50292
0.65094,0.59311,0.30657,-0.021365,-0.18398,-0.12364,0.0044685,0.033135,-0.057745,-0.18517,-0.24869,-0.17839,0.031312,0.3173,0.59037,0.80088,0.94939,1.0422,1.055,0.93974,0.66738,0.26867,-0.16887,-0.54739,-0.80287,-0.92687,-0.94663,-0.89182,-0.75935,-0.52251,-0.16853,0.26916,0.71347,1.0794,1.3034,1.3619,1.2757,1.0992,0.89716,0.7124,0.54837,0.37722,0.16823,-0.082385,-0.34329,-0.56578,-0.70023,-0.7237,-0.65093,-0.52349,-0.39522,-0.30658,-0.27175,-0.27592,-0.28558,-0.26397,-0.19178,-0.075679,0.058754,0.18235,0.27738,0.33851,0.37222,0.38729,0.3863,0.3623,0.30268,0.1898,0.013299,-0.22717,-0.51501,-0.8112,-1.0591,-1.2067,-1.2338,-1.1566,-1.0234,-0.87272,-0.73305,-0.61845
0.66764,0.6441,0.39769,0.10914,-0.03152,0.020105,0.11394,0.10121,-0.027192,-0.18559,-0.27289,-0.22029,-0.021075,0.2663,0.55698,0.79789,0.97819,1.0953,1.1213,1.0094,0.73372,0.32637,-0.12803,-0.53497,-0.82948,-0.99522,-1.0481,-1.0081,-0.869,-0.61198,-0.23702,0.21298,0.65974,1.0245,1.2499,1.3179,1.2504,1.1011,0.92795,0.76709,0.6153,0.44206,0.21862,-0.054203,-0.34007,-0.58274,-0.7305,-0.76063,-0.68871,-0.55871,-0.42449,-0.32638,-0.27972,-0.27244,-0.27401,-0.25008,-0.18204,-0.074962,0.048922,0.16392,0.25383,0.3124,0.34229,0.34744,0.32713,0.27399,0.17444,0.019716,-0.19998,-0.48392,-0.81227,-1.1378,-1.3931,-1.5209,-1.507,-1.3851,-1.2038,-1.0122,-0.84098,-0.70432
0.69,0.71155,0.51835,0.27903,0.16316,0.1995,0.24739,0.18029,0.0030337,-0.19495,-0.3119,-0.2818,-0.0973,0.19162,0.50602,0.78989,1.018,1.1731,1.2213,1.1177,0.83943,0.42083,-0.053139,-0.48986,-0.82788,-1.0448,-1.1446,-1.1297,-0.98904,-0.71123,-0.314,0.14376,0.58378,0.93573,1.156,1.2342,1.1959,1.0892,0.96241,0.83854,0.70538,0.52975,0.28729,-0.014393,-0.33254,-0.60292,-0.77208,-0.81674,-0.75209,-0.6262,-0.49077,-0.38685,-0.33263,-0.32102,-0.32437,-0.31108,-0.26128,-0.17579,-0.071591,0.02926,0.11449,0.17566,0.21055,0.21637,0.18598,0.10815,-0.02879,-0.23308,-0.505,-0.83493,-1.1953,-1.5335,-1.7795,-1.8774,-1.8192,-1.6456,-1.4188,-1.19,-0.99024,-0.83182
0.71155,0.7762,0.63282,0.43775,0.34168,0.36105,0.36606,0.25002,0.02878,-0.20283,-0.34435,-0.33262,-0.16048,0.12775,0.46338,0.78781,1.0632,1.2587,1.3332,1.2407,0.96199,0.53461,0.043955,-0.41923,-0.7952,-1.0574,-1.199,-1.2101,-1.0743,-0.78612,-0.37913,0.076581,0.50235,0.83711,1.0487,1.1372,1.1297,1.0695,0.99277,0.90915,0.79613,0.61802,0.35388,0.019635,-0.33185,-0.63181,-0.82192,-0.88058,-0.82846,-0.71093,-0.58146,-0.48119,-0.43049,-0.42587,-0.44479,-0.45666,-0.43904,-0.38752,-0.31315,-0.23163,-0.15466,-0.08851,-0.038895,-0.016137,-0.036024,-0.11571,-0.26808,-0.49359,-0.78661,-1.1298,-1.4913,-1.8181,-2.0438,-2.1173,-2.0344,-1.838,-1.5899,-1.3403,-1.1208,-0.94518
0.7262,0.82044,0.71158,0.54517,0.46133,0.46856,0.44628,0.2997,0.051791,-0.19959,-0.35419,-0.35138,-0.18578,0.10076,0.4484,0.79863,1.1055,1.3291,1.4228,1.3392,1.0608,0.62798,0.12645,-0.35505,-0.75703,-1.0501,-1.2197,-1.2496,-1.1194,-0.82844,-0.41999,0.030222,0.44321,0.76473,0.96988,1.066,1.0816,1.0562,1.016,0.96031,0.85939,0.6765,0.39455,0.036092,-0.34018,-0.65997,-0.86486,-0.93561,-0.89316,-0.7859,-0.66503,-0.57125,-0.52695,-0.53404,-0.57028,-0.60763,-0.62214,-0.60467,-0.55999,-0.49882,-0.42929,-0.35732,-0.29281,-0.25235,-0.25707,-0.32645,-0.47184,-0.69241,-0.97354,-1.2944,-1.625,-1.9199,-2.1212,-2.183,-2.1,-1.9096,-1.6682,-1.4242,-1.2075,-1.0309
0.74172,0.87158,0.80297,0.66884,0.59707,0.59223,0.54258,0.36655,0.095757,-0.17074,-0.33195,-0.33136,-0.17046,0.11267,0.4686,0.84228,1.1808,1.4334,1.5472,1.4732,1.195,0.75483,0.23947,-0.26451,-0.69676,-1.0264,-1.2304,-1.2829,-1.1593,-0.86679,-0.4579,-0.015834,0.38138,0.68611,0.88368,0.98823,1.0323,1.0488,1.0522,1.027,0.93569,0.74041,0.43028,0.035365,-0.37702,-0.72657,-0.95195,-1.0343,-0.99978,-0.89679,-0.77953,-0.69178,-0.65941,-0.68479,-0.75443,-0.83665,-0.90245,-0.93663,-0.93875,-0.91442,-0.86636,-0.79777,-0.71669,-0.64299,-0.60592,-0.63354,-0.73925,-0.91853,-1.152,-1.4126,-1.6733,-1.9034,-2.065,-2.1237,-2.0683,-1.9191,-1.7149,-1.4963,-1.2924,-1.1199
0.7494,0.90218,0.85861,0.74411,0.67934,0.66882,0.60657,0.41979,0.143,-0.12401,-0.28003,-0.2726,-0.1105,0.1684,0.52292,0.90369,1.2552,1.5209,1.6438,1.5733,1.2929,0.84571,0.31902,-0.20069,-0.65224,-1.0029,-1.2256,-1.2897,-1.1703,-0.87796,-0.47047,-0.033248,0.35693,0.65439,0.84834,0.9573,1.0161,1.0556,1.0832,1.0741,0.98464,0.77479,0.43693,0.0082247,-0.43559,-0.80724,-1.0425,-1.1265,-1.0893,-0.9854,-0.86861,-0.7814,-0.75096,-0.78829,-0.87618,-0.98958,-1.0984,-1.1814,-1.2299,-1.2421,-1.2185,-1.1573,-1.0667,-0.96924,-0.89772,-0.88278,-0.94144,-1.0648,-1.2311,-1.4164,-1.6042,-1.7795,-1.9181,-1.9888,-1.9709,-1.8674,-1.7077,-1.5228,-1.341,-1.1803
0.75304,0.93007,0.91323,0.8177,0.75947,0.74683,0.68062,0.49508,0.2272,-0.02271,-0.15517,-0.12658,0.0434,0.31419,0.65334,1.0261,1.3787,1.6492,1.775,1.7025,1.4148,0.95476,0.41083,-0.12742,-0.59843,-0.96538,-1.1978,-1.265,-1.1447,-0.85083,-0.44514,-0.012203,0.37263,0.66374,0.85333,0.96246,1.0302,1.0859,1.1304,1.1295,1.0306,0.79384,0.41364,-0.064378,-0.55348,-0.95716,-1.2058,-1.2856,-1.233,-1.1073,-0.96822,-0.86465,-0.82949,-0.87295,-0.98804,-1.1445,-1.3075,-1.4509,-1.5621,-1.6361,-1.66,-1.6255,-1.5331,-1.4044,-1.2778,-1.1912,-1.1641,-1.1921,-1.2544,-1.3333,-1.4253,-1.5326,-1.6458,-1.7378,-1.7769,-1.7472,-1.6548,-1.5225,-1.3768,-1.2388
0.74648,0.9407,0.94286,0.85749,0.80329,0.79425,0.73884,0.57379,0.33487,0.12288,0.031828,0.094331,0.27808,0.53673,0.84707,1.1908,1.5242,1.7847,1.9042,1.8243,1.5254,1.0506,0.48964,-0.064543,-0.54682,-0.91546,-1.1388,-1.1884,-1.0523,-0.75117,-0.34687,0.079469,0.4564,0.73985,0.92176,1.0261,1.0908,1.1452,1.1844,1.1706,1.0484,0.77615,0.35106,-0.17716,-0.7137,-1.1506,-1.4099,-1.4758,-1.3909,-1.2265,-1.0493,-0.9129,-0.85329,-0.88755,-1.0054,-1.1838,-1.3887,-1.5904,-1.7692,-1.9106,-1.9978,-2.0085,-1.9333,-1.7887,-1.6135,-1.4506,-1.3282,-1.2479,-1.1992,-1.1754,-1.1842,-1.239,-1.3383,-1.4564,-1.5532,-1.5949,-1.5725,-1.4985,-1.3957,-1.2861
0.73377,0.93666,0.94745,0.86459,0.8112,0.80857,0.77033,0.63217,0.42741,0.25464,0.20376,0.29803,0.49463,0.74256,1.0248,1.3356,1.6429,1.8866,1.9958,1.9078,1.6002,1.1152,0.54334,-0.020014,-0.50416,-0.86234,-1.0615,-1.0821,-0.92254,-0.6133,-0.21341,0.20271,0.56703,0.83942,1.0115,1.1055,1.159,1.1996,1.2238,1.1914,1.0463,0.74397,0.28299,-0.28348,-0.85544,-1.3149,-1.5767,-1.6245,-1.5071,-1.3018,-1.0856,-0.91648,-0.83159,-0.84786,-0.95971,-1.1422,-1.3634,-1.594,-1.8133,-2.0036,-2.1415,-2.1959,-2.1466,-2.0023,-1.8009,-1.5888,-1.3979,-1.2427,-1.1185,-1.0281,-0.9883,-1.0183,-1.1182,-1.2593,-1.3951,-1.4852,-1.5092,-1.4726,-1.3966,-1.3053
0.70493,0.91402,0.92989,0.84414,0.7886,0.79909,0.79429,0.70419,0.55723,0.44681,0.45559,0.59486,0.81037,1.045,1.2858,1.5446,1.8068,2.0184,2.1063,2.0048,1.6877,1.1934,0.61226,0.044764,-0.4282,-0.75286,-0.90017,-0.86488,-0.66748,-0.34921,0.035583,0.42669,0.76809,1.0215,1.1749,1.2441,1.2665,1.2728,1.2636,1.199,1.0196,0.68042,0.17848,-0.43025,-1.039,-1.5232,-1.789,-1.8159,-1.6539,-1.3902,-1.109,-0.87814,-0.74267,-0.72259,-0.81319,-0.99099,-1.2217,-1.4742,-1.7279,-1.966,-2.1637,-2.284,-2.2909,-2.1741,-1.9595,-1.6949,-1.4268,-1.1798,-0.97088,-0.81576,-0.73591,-0.74967,-0.85517,-1.0219,-1.1999,-1.3405,-1.4167,-1.4277,-1.3905,-1.3276
0.66125,0.8718,0.88581,0.79161,0.73015,0.75734,0.7946,0.76303,0.68159,0.63869,0.70763,0.8906,1.1257,1.3488,1.5489,1.7533,1.9647,2.1381,2.2012,2.0851,1.7599,1.2609,0.67866,0.11915,-0.32591,-0.59699,-0.67174,-0.56666,-0.32752,-0.0065132,0.35005,0.70125,1.0071,1.2322,1.3585,1.3967,1.3797,1.3422,1.2873,1.1809,0.96543,0.59518,0.067851,-0.56202,-1.189,-1.6839,-1.9474,-1.9512,-1.7462,-1.4256,-1.0853,-0.79951,-0.61549,-0.55416,-0.61295,-0.76881,-0.98956,-1.245,-1.514,-1.7817,-2.0225,-2.1988,-2.2655,-2.1952,-1.9962,-1.7097,-1.3858,-1.0723,-0.80028,-0.59847,-0.49495,-0.50772,-0.63005,-0.82535,-1.0385,-1.2168,-1.3324,-1.3795,-1.3726,-1.3329
0.61842,0.82719,0.83669,0.73242,0.66471,0.70583,0.77832,0.79331,0.76244,0.76833,0.87975,1.0931,1.3417,1.5577,1.7304,1.8961,2.0699,2.2148,2.2598,2.1339,1.8037,1.3033,0.72538,0.18082,-0.23255,-0.45318,-0.46578,-0.30674,-0.038123,0.28126,0.61203,0.92719,1.1961,1.39,1.4887,1.4997,1.4517,1.3797,1.2909,1.1544,0.91568,0.52917,-0.0070615,-0.63901,-1.2628,-1.7526,-2.0076,-1.9967,-1.7681,-1.4152,-1.0385,-0.71659,-0.49946,-0.40902,-0.44312,-0.57875,-0.78463,-1.032,-1.3013,-1.5768,-1.8392,-2.0522,-2.1655,-2.137,-1.9586,-1.6633,-1.3112,-0.95601,-0.65018,-0.43127,-0.32674,-0.34893,-0.4857,-0.69774,-0.92962,-1.1308,-1.2672,-1.3352,-1.3482,-1.3265
0.54809,0.75097,0.75178,0.63005,0.55287,0.61243,0.73306,0.80941,0.84183,0.90612,1.0667,1.3153,1.5794,1.7886,1.9321,2.0536,2.183,2.2941,2.3179,2.1804,1.8453,1.3466,0.78053,0.26588,-0.095195,-0.24183,-0.17433,0.04923,0.34938,0.6637,0.96152,1.2258,1.4407,1.5833,1.6379,1.6055,1.5146,1.3992,1.2708,1.1017,0.83902,0.44341,-0.087138,-0.69949,-1.2944,-1.7583,-1.9957,-1.9726,-1.7284,-1.3507,-0.94047,-0.58152,-0.32865,-0.20549,-0.21072,-0.323,-0.51097,-0.74506,-1.0049,-1.2803,-1.5513,-1.7882,-1.9431,-1.9648,-1.8249,-1.5389,-1.1627,-0.77471,-0.43876,-0.20409,-0.10144,-0.13983,-0.30102,-0.53998,-0.79771,-1.0202,-1.1802,-1.2712,-1.3062,-1.3049
0.48552,0.68223,0.67517,0.53905,0.45419,0.52729,0.68192,0.80027,0.87338,0.97418,1.1646,1.4343,1.7088,1.9159,2.0439,2.1401,2.2428,2.3328,2.3431,2.1984,1.8613,1.3665,0.81266,0.32267,0.0018996,-0.091152,0.03234,0.30008,0.62116,0.93146,1.2029,1.4273,1.5982,1.6999,1.719,1.6564,1.5382,1.3964,1.2432,1.0525,0.77664,0.37938,-0.13629,-0.718,-1.2757,-1.7056,-1.9228,-1.8927,-1.6463,-1.2643,-0.84588,-0.47576,-0.20935,-0.069913,-0.058352,-0.15142,-0.31897,-0.53398,-0.77949,-1.0447,-1.3178,-1.5718,-1.755,-1.8052,-1.6822,-1.3962,-1.0112,-0.60351,-0.25482,-0.020298,0.069818,0.011527,-0.17058,-0.42718,-0.69864,-0.93526,-1.1074,-1.2123,-1.2629,-1.2775
0.39,0.57665,0.55882,0.40358,0.30947,0.39995,0.59439,0.75874,0.87328,1.0104,1.2302,1.5205,1.8076,2.0161,2.132,2.207,2.2849,2.3528,2.3477,2.1954,1.8581,1.3703,0.8332,0.37315,0.09897,0.066995,0.25641,0.57773,0.927,1.2351,1.4752,1.65,1.7625,1.8089,1.7802,1.6811,1.5334,1.3661,1.188,0.97593,0.68979,0.29961,-0.18538,-0.71576,-1.2134,-1.5909,-1.7783,-1.7427,-1.5042,-1.1331,-0.72028,-0.34765,-0.070609,0.083377,0.11677,0.04628,-0.10105,-0.29827,-0.52594,-0.77444,-1.033,-1.2774,-1.4637,-1.5317,-1.4318,-1.1602,-0.76936,-0.35629,-0.0026383,0.22931,0.3065,0.22655,0.018598,-0.26287,-0.55504,-0.80839,-0.99814,-1.1218,-1.1938,-1.2327
0.28209,0.45722,0.42951,0.25869,0.1579,0.26455,0.48899,0.68197,0.82013,0.97618,1.212,1.5169,1.8159,2.0314,2.1486,2.2166,2.2825,2.3369,2.3204,2.1611,1.8223,1.3386,0.81241,0.37276,0.13304,0.14853,0.39062,0.75809,1.1369,1.4507,1.6735,1.8097,1.8718,1.8646,1.7898,1.6558,1.486,1.3055,1.1177,0.89852,0.60924,0.22953,-0.22733,-0.71049,-1.1488,-1.4739,-1.6305,-1.5904,-1.3661,-1.0139,-0.61588,-0.25186,0.022311,0.1819,0.22573,0.1731,0.051343,-0.11481,-0.31046,-0.52965,-0.76498,-0.99743,-1.1809,-1.2496,-1.1485,-0.87215,-0.4802,-0.062216,0.28484,0.49722,0.5468,0.43933,0.21009,-0.086055,-0.39123,-0.66052,-0.87106,-1.0223,-1.1233,-1.1868
0.19411,0.36032,0.32653,0.14791,0.045085,0.1627,0.40122,0.60273,0.74449,0.90221,1.1421,1.4545,1.7635,1.99,2.116,2.1886,2.254,2.3043,2.282,2.1167,1.7727,1.2858,0.75971,0.32691,0.10416,0.14667,0.4211,0.82014,1.2228,1.5479,1.7657,1.8812,1.9109,1.8681,1.7629,1.6101,1.4333,1.2527,1.0657,0.84473,0.55339,0.17683,-0.26516,-0.72021,-1.1227,-1.4124,-1.5452,-1.4988,-1.2838,-0.95036,-0.57272,-0.22421,0.043159,0.2044,0.26001,0.22599,0.1264,-0.016232,-0.18741,-0.38131,-0.59206,-0.79996,-0.96262,-1.0191,-0.91588,-0.64387,-0.2544,0.15428,0.49399,0.6991,0.73825,0.61538,0.36706,0.051829,-0.26915,-0.55126,-0.7764,-0.94271,-1.0615,-1.1461
0.069832,0.22359,0.18421,0.0010313,-0.098222,0.033489,0.27834,0.47196,0.59739,0.74105,0.97637,1.2964,1.6231,1.8727,2.0217,2.1113,2.1852,2.2364,2.2091,2.034,1.6764,1.174,0.63449,0.19674,-0.017183,0.049705,0.36041,0.79981,1.2391,1.5887,1.812,1.9124,1.91,1.8289,1.6916,1.5228,1.3479,1.1793,1.0049,0.78847,0.49422,0.11311,-0.32588,-0.76381,-1.1355,-1.3907,-1.4965,-1.4405,-1.2365,-0.92742,-0.57842,-0.2539,0.00022078,0.16254,0.23276,0.22592,0.16294,0.062373,-0.065139,-0.21586,-0.38605,-0.55805,-0.69,-0.72102,-0.59881,-0.31732,0.066647,0.46602,0.78671,0.96625,0.97851,0.83229,0.56618,0.23684,-0.099031,-0.40051,-0.64784,-0.84127,-0.98864,-1.0999
-0.026241,0.11683,0.075198,-0.1062,-0.19659,-0.055451,0.18538,0.35835,0.45619,0.57706,0.8027,1.1284,1.4727,1.7464,1.9197,2.0285,2.1141,2.17,2.1405,1.9562,1.5829,1.0607,0.50145,0.049185,-0.16906,-0.092787,0.23993,0.7091,1.1787,1.5532,1.7901,1.8899,1.8747,1.7741,1.6203,1.4463,1.2799,1.1284,0.96857,0.75826,0.46018,0.069344,-0.37877,-0.81856,-1.1818,-1.4209,-1.511,-1.4483,-1.2518,-0.96188,-0.63688,-0.33342,-0.091395,0.072348,0.15622,0.17439,0.1448,0.082199,-0.0061537,-0.12043,-0.25443,-0.39076,-0.48925,-0.4942,-0.35902,-0.078342,0.29923,0.68259,0.98877,1.1557,1.1552,0.99422,0.71168,0.3657,0.014172,-0.30154,-0.56586,-0.77689,-0.94238,-1.0716
-0.15477,-0.028655,-0.071953,-0.24358,-0.31334,-0.15884,0.065905,0.19314,0.23476,0.31011,0.51639,0.85201,1.2274,1.5414,1.7539,1.8942,2.0009,2.0661,2.0339,1.8347,1.4349,0.87797,0.28206,-0.20149,-0.4389,-0.3627,-0.0079583,0.50064,1.0155,1.4313,1.6967,1.8081,1.7879,1.6727,1.507,1.3371,1.1933,1.073,0.93897,0.73843,0.43374,0.022159,-0.45115,-0.9112,-1.2832,-1.5152,-1.5911,-1.5204,-1.3317,-1.0707,-0.78592,-0.5194,-0.29817,-0.134,-0.023637,0.041256,0.070343,0.069903,0.040888,-0.017615,-0.10343,-0.19641,-0.25454,-0.22257,-0.058936,0.23427,0.60322,0.968,1.2474,1.386,1.36,1.1775,0.87626,0.5126,0.14283,-0.1943,-0.47887,-0.71082,-0.8979,-1.0491
-0.2799,-0.17531,-0.22039,-0.37426,-0.41243,-0.24203,-0.041721,0.022938,-0.011995,0.0020099,0.18351,0.53512,0.95292,1.3159,1.5723,1.7459,1.8734,1.9469,1.9108,1.6951,1.2666,0.6715,0.033409,-0.49027,-0.75878,-0.69576,-0.3291,0.21508,0.77973,1.2438,1.5487,1.6839,1.671,1.5528,1.3866,1.2281,1.1112,1.0251,0.92107,0.7372,0.43104,0.0010595,-0.50497,-1.0028,-1.4031,-1.6472,-1.7193,-1.6426,-1.4648,-1.2339,-0.99494,-0.77533,-0.5849,-0.42069,-0.28045,-0.16013,-0.061952,0.0082541,0.044137,0.041942,0.0085864,-0.03317,-0.042768,0.028458,0.21478,0.51194,0.87111,1.2136,1.4678,1.5811,1.5299,1.3233,0.99964,0.61536,0.22609,-0.12899,-0.43313,-0.68428,-0.88839,-1.0528
-0.36951,-0.28428,-0.33163,-0.46757,-0.47581,-0.29032,-0.11219,-0.10254,-0.20579,-0.24676,-0.084753,0.28494,0.7423,1.1475,1.4373,1.6324,1.7713,1.8486,1.8092,1.5817,1.1328,0.51045,-0.15844,-0.71241,-1.0058,-0.95622,-0.58694,-0.02316,0.57322,1.0731,1.4107,1.5698,1.5706,1.459,1.2981,1.1509,1.0528,0.99084,0.90885,0.74088,0.43951,0.002361,-0.52434,-1.0518,-1.4799,-1.7391,-1.8136,-1.7381,-1.5718,-1.3745,-1.1826,-1.0085,-0.8462,-0.68449,-0.51544,-0.34565,-0.18908,-0.061356,0.02561,0.067216,0.071899,0.063601,0.084108,0.18181,0.38792,0.69366,1.0461,1.3748,1.6081,1.6976,1.6233,1.3959,1.0542,0.65478,0.25324,-0.11304,-0.42489,-0.68329,-0.89574,-1.0701
-0.48057,-0.42735,-0.47954,-0.58706,-0.54717,-0.33723,-0.1894,-0.25813,-0.4624,-0.58601,-0.44941,-0.046316,0.47328,0.9388,1.2688,1.483,1.6283,1.7056,1.6609,1.4212,0.95148,0.30039,-0.40152,-0.98702,-1.3063,-1.2742,-0.9111,-0.33632,0.28778,0.82889,1.2093,1.4051,1.4322,1.3366,1.1857,1.0511,0.97325,0.93863,0.88626,0.7438,0.45994,0.025094,-0.51616,-1.0737,-1.5378,-1.8235,-1.91,-1.8422,-1.6993,-1.5508,-1.4307,-1.3328,-1.2247,-1.0728,-0.86784,-0.62823,-0.38931,-0.18417,-0.032172,0.063627,0.11563,0.15368,0.2187,0.35237,0.57878,0.88706,1.2293,1.5347,1.7403,1.8007,1.6979,1.4437,1.0781,0.65859,0.2412,-0.1366,-0.45649,-0.72013,-0.93557,-1.1111
-0.57952,-0.56531,-0.62655,-0.70249,-0.60682,-0.36613,-0.24485,-0.39243,-0.70193,-0.91288,-0.80055,-0.35414,0.23581,0.75933,1.1198,1.3401,1.4791,1.5486,1.4975,1.2505,0.76996,0.10491,-0.61084,-1.2076,-1.5381,-1.5227,-1.1776,-0.61164,0.024232,0.59452,1.0126,1.2449,1.2999,1.2214,1.0795,0.94909,0.87986,0.8622,0.83847,0.7312,0.48135,0.071679,-0.46338,-1.035,-1.5244,-1.8344,-1.9355,-1.8827,-1.7723,-1.685,-1.6499,-1.6408,-1.5971,-1.4641,-1.227,-0.92274,-0.60852,-0.33217,-0.11919,0.027539,0.12319,0.19953,0.29866,0.46094,0.7063,1.0194,1.3506,1.6357,1.8138,1.8443,1.7128,1.4327,1.045,0.60793,0.17856,-0.20372,-0.52479,-0.78583,-0.99659,-1.1669
-0.64377,-0.66407,-0.73557,-0.7873,-0.64533,-0.37811,-0.27193,-0.47472,-0.8609,-1.137,-1.0414,-0.56023,0.082338,0.64504,1.0204,1.2361,1.3629,1.4217,1.3646,1.1148,0.63339,-0.029446,-0.73783,-1.3242,-1.6496,-1.6442,-1.3213,-0.77614,-0.14624,0.43515,0.87418,1.1303,1.2059,1.1415,1.0048,0.87425,0.80296,0.79021,0.78064,0.69938,0.48299,0.10732,-0.40183,-0.96278,-1.4575,-1.7808,-1.8964,-1.8605,-1.7788,-1.7374,-1.7669,-1.8294,-1.8432,-1.7311,-1.4793,-1.1341,-0.77034,-0.44832,-0.1976,-0.019504,0.10442,0.20695,0.32937,0.50913,0.76334,1.0758,1.398,1.6681,1.8269,1.8363,1.6845,1.3873,0.98719,0.54297,0.11162,-0.26948,-0.58446,-0.83857,-1.0434,-1.2099
-0.71558,-0.78799,-0.87789,-0.8971,-0.69024,-0.38278,-0.29009,-0.55582,-1.0351,-1.3926,-1.3178,-0.79401,-0.089049,0.51655,0.9011,1.1005,1.2027,1.2415,1.1732,0.92177,0.44894,-0.19299,-0.86739,-1.4151,-1.7157,-1.7194,-1.4383,-0.93931,-0.33476,0.24875,0.70952,0.9933,1.0936,1.044,0.90897,0.7696,0.68642,0.6711,0.67729,0.63262,0.46973,0.1531,-0.30199,-0.82502,-1.3051,-1.6335,-1.7687,-1.7627,-1.7223,-1.7416,-1.8495,-1.9969,-2.0787,-1.9996,-1.7362,-1.3561,-0.95337,-0.59652,-0.31428,-0.10506,0.051246,0.18689,0.33746,0.53399,0.79057,1.0933,1.3988,1.6491,1.7892,1.7815,1.6136,1.3021,0.89158,0.44309,0.01418,-0.35885,-0.66427,-0.9083,-1.1036,-1.2614
-0.75927,-0.87376,-0.98102,-0.97587,-0.71969,-0.37904,-0.29066,-0.59364,-1.1311,-1.5428,-1.4849,-0.93699,-0.19616,0.43217,0.81765,1.0008,1.0801,1.0991,1.0194,0.76731,0.30682,-0.30779,-0.94189,-1.4463,-1.7188,-1.7258,-1.48,-1.0248,-0.44847,0.12882,0.60123,0.90228,1.0187,0.9772,0.84089,0.68801,0.58861,0.56472,0.5817,0.56812,0.45065,0.18671,-0.21894,-0.70308,-1.1596,-1.4835,-1.6303,-1.6473,-1.6374,-1.6937,-1.844,-2.0362,-2.1584,-2.1041,-1.8497,-1.4666,-1.0555,-0.68835,-0.39437,-0.17169,0.0024049,0.15641,0.32201,0.52624,0.78119,1.0741,1.3658,1.602,1.73,1.7134,1.5405,1.228,0.82039,0.3778,-0.043422,-0.40769,-0.70532,-0.94356,-1.1346,-1.2884
-0.805,-0.97721,-1.1111,-1.0751,-0.75329,-0.36635,-0.27608,-0.61363,-1.2093,-1.681,-1.6497,-1.0868,-0.31748,0.32731,0.70849,0.86846,0.91479,0.90293,0.80391,0.55083,0.11288,-0.45415,-1.0223,-1.4595,-1.691,-1.7014,-1.4985,-1.1033,-0.57206,-0.011278,0.46609,0.78555,0.92093,0.89331,0.75741,0.59033,0.46757,0.42591,0.44835,0.46849,0.41007,0.21878,-0.1117,-0.53059,-0.94306,-1.2514,-1.4087,-1.4524,-1.4769,-1.5673,-1.7513,-1.9758,-2.1269,-2.0975,-1.8653,-1.5038,-1.1134,-0.76272,-0.47636,-0.24979,-0.063169,0.10687,0.28416,0.48975,0.73452,1.0095,1.2814,1.5028,1.6241,1.6093,1.4449,1.1454,0.75288,0.32583,-0.080923,-0.43358,-0.72241,-0.95374,-1.1398,-1.2913
-0.83853,-1.0671,-1.2296,-1.1648,-0.78049,-0.34855,-0.24795,-0.60223,-1.2323,-1.7463,-1.7477,-1.1952,-0.42272,0.22429,0.59786,0.73646,0.75082,0.7059,0.58461,0.33048,-0.080425,-0.5917,-1.0864,-1.4567,-1.6531,-1.6727,-1.516,-1.1795,-0.69512,-0.15287,0.3303,0.67003,0.83112,0.82429,0.69518,0.51823,0.37134,0.30794,0.32493,0.36822,0.36044,0.23832,-0.015475,-0.36343,-0.72393,-1.0068,-1.1669,-1.232,-1.2814,-1.3908,-1.5807,-1.7993,-1.9436,-1.9223,-1.7225,-1.4106,-1.0732,-0.76764,-0.51262,-0.30104,-0.11716,0.057199,0.23798,0.43918,0.66926,0.92319,1.1767,1.3863,1.5077,1.5055,1.3645,1.0953,0.73494,0.33612,-0.050819,-0.39262,-0.67982,-0.91494,-1.1067,-1.263
-0.85707,-1.1248,-1.3082,-1.2236,-0.79664,-0.33384,-0.22149,-0.57749,-1.218,-1.7513,-1.7803,-1.2532,-0.49489,0.14636,0.51416,0.64007,0.63324,0.56426,0.42548,0.16963,-0.22086,-0.68942,-1.1297,-1.4546,-1.6327,-1.6668,-1.548,-1.2539,-0.79835,-0.26466,0.22841,0.58715,0.77096,0.78254,0.66377,0.48296,0.32128,0.24179,0.2525,0.30818,0.32954,0.25099,0.046555,-0.25323,-0.57363,-0.83394,-0.99013,-1.0639,-1.1243,-1.2351,-1.4121,-1.6061,-1.727,-1.7008,-1.5261,-1.2622,-0.97995,-0.72313,-0.50314,-0.31339,-0.13871,0.03018,0.20364,0.39375,0.61001,0.84978,1.0903,1.2961,1.4236,1.4381,1.3228,1.0849,0.75567,0.38247,0.012129,-0.32348,-0.61076,-0.85069,-1.0497,-1.2144
-0.87537,-1.1881,-1.3964,-1.2868,-0.81189,-0.31436,-0.18503,-0.53007,-1.1646,-1.7075,-1.7748,-1.3016,-0.58282,0.041718,0.40284,0.5175,0.48901,0.39276,0.23262,-0.025444,-0.38945,-0.80442,-1.1811,-1.459,-1.627,-1.6907,-1.6264,-1.3846,-0.95602,-0.42174,0.091034,0.47922,0.6929,0.73324,0.63636,0.46678,0.30199,0.20672,0.20462,0.25952,0.30027,0.25793,0.1036,-0.13875,-0.40594,-0.6281,-0.76805,-0.84285,-0.90661,-1.0074,-1.1533,-1.2996,-1.3755,-1.3348,-1.1862,-0.98313,-0.77893,-0.59976,-0.44448,-0.29841,-0.15363,-0.0018341,0.16021,0.33732,0.53492,0.75216,0.97627,1.1747,1.3128,1.3572,1.2865,1.0994,0.81789,0.48144,0.1331,-0.19436,-0.48585,-0.73592,-0.94779,-1.1266
-0.88874,-1.2357,-1.4611,-1.3298,-0.81954,-0.29812,-0.1511,-0.47404,-1.0821,-1.6164,-1.7211,-1.3181,-0.65946,-0.063455,0.2913,0.40254,0.36321,0.25051,0.07753,-0.17858,-0.51817,-0.8899,-1.2223,-1.4766,-1.652,-1.7524,-1.741,-1.5462,-1.1377,-0.593,-0.049642,0.37706,0.62933,0.70499,0.63836,0.48906,0.33097,0.22615,0.20389,0.23959,0.27529,0.24838,0.13053,-0.061766,-0.27668,-0.45636,-0.57202,-0.63674,-0.69137,-0.76972,-0.87167,-0.96059,-0.98823,-0.93001,-0.80843,-0.66552,-0.53613,-0.43066,-0.33898,-0.24553,-0.13695,-0.014828,0.11956,0.27014,0.44402,0.64247,0.85078,1.0493,1.2021,1.2764,1.2488,1.113,0.88322,0.59009,0.26966,-0.04811,-0.34196,-0.60427,-0.83246,-1.0266
-0.89663,-1.2606,-1.4929,-1.3475,-0.82014,-0.28937,-0.13088,-0.43222,-1.01,-1.5268,-1.6551,-1.3104,-0.70556,-0.13777,0.21073,0.32436,0.28543,0.16922,-0.0058925,-0.2563,-0.57987,-0.92947,-1.244,-1.4946,-1.6854,-1.817,-1.8428,-1.6794,-1.2823,-0.72534,-0.1533,0.30689,0.5951,0.70191,0.66119,0.52744,0.37458,0.26422,0.22584,0.24155,0.26084,0.23116,0.12717,-0.035684,-0.21301,-0.35639,-0.44509,-0.49242,-0.53048,-0.58744,-0.6577,-0.70868,-0.70418,-0.63597,-0.52633,-0.41733,-0.33683,-0.28674,-0.24879,-0.20014,-0.12897,-0.033525,0.081972,0.21654,0.37311,0.55253,0.74791,0.93783,1.0963,1.1932,1.2021,1.1088,0.91856,0.65542,0.3535,0.045813,-0.24797,-0.51299,-0.7448,-0.94399
-0.90585,-1.2798,-1.512,-1.3508,-0.8145,-0.28423,-0.11535,-0.38323,-0.91087,-1.3924,-1.5427,-1.2744,-0.74834,-0.22551,0.11196,0.23276,0.20457,0.097156,-0.068531,-0.30459,-0.60887,-0.94061,-1.2482,-1.5089,-1.7307,-1.9088,-1.9846,-1.8541,-1.4605,-0.87848,-0.27045,0.23028,0.55871,0.70668,0.7021,0.59795,0.4579,0.34013,0.27378,0.25104,0.23521,0.18754,0.089681,-0.04297,-0.17294,-0.26611,-0.30977,-0.31996,-0.32628,-0.34537,-0.37233,-0.38161,-0.34943,-0.27494,-0.18714,-0.11949,-0.092332,-0.10218,-0.12672,-0.13916,-0.12108,-0.069713,0.010102,0.11467,0.24432,0.3992,0.57394,0.75414,0.91897,1.0406,1.0903,1.0472,0.90818,0.69002,0.42218,0.13589,-0.1454,-0.40698,-0.64188,-0.84759
-0.91224,-1.2841,-1.5084,-1.3381,-0.80579,-0.28532,-0.11333,-0.35513,-0.84012,-1.2883,-1.447,-1.2298,-0.76421,-0.28015,0.046859,0.17456,0.16064,0.070009,-0.078061,-0.29715,-0.58807,-0.91431,-1.228,-1.5068,-1.7582,-1.972,-2.0804,-1.9671,-1.5684,-0.96496,-0.33138,0.19538,0.54759,0.72042,0.73922,0.6557,0.52507,0.40053,0.30908,0.25053,0.20044,0.13224,0.035207,-0.076304,-0.17101,-0.22338,-0.22897,-0.2065,-0.1829,-0.17481,-0.17518,-0.1615,-0.11574,-0.04305,0.030147,0.071389,0.063763,0.01375,-0.053967,-0.1104,-0.13437,-0.11986,-0.070506,0.009017,0.11672,0.25133,0.40816,0.57891,0.74621,0.88404,0.96129,0.95231,0.84876,0.66355,0.42401,0.15953,-0.10476,-0.35393,-0.58082,-0.78287
-0.92069,-1.2774,-1.4825,-1.3023,-0.78859,-0.29352,-0.12433,-0.3321,-0.75713,-1.1554,-1.3138,-1.1536,-0.76479,-0.33542,-0.027455,0.10913,0.12063,0.064256,-0.046667,-0.23315,-0.5046,-0.83053,-1.1636,-1.4781,-1.7715,-2.0262,-2.1673,-2.0674,-1.6599,-1.0331,-0.36752,0.18768,0.5664,0.7601,0.79853,0.72743,0.60084,0.46289,0.33924,0.23237,0.13221,0.028352,-0.076461,-0.16469,-0.21251,-0.20697,-0.1544,-0.079161,-0.011374,0.035365,0.064364,0.09426,0.14071,0.20141,0.24979,0.25989,0.21638,0.12412,0.0056668,-0.10755,-0.19058,-0.23,-0.22455,-0.17997,-0.10301,0.0017901,0.13286,0.28522,0.44967,0.60397,0.71517,0.75148,0.69703,0.55863,0.36035,0.13293,-0.10193,-0.32687,-0.53373,-0.71974
-0.92835,-1.2578,-1.4357,-1.2495,-0.76676,-0.31035,-0.1525,-0.32999,-0.69606,-1.0395,-1.1861,-1.0677,-0.74549,-0.36972,-0.08559,0.057382,0.097979,0.085086,0.022188,-0.12356,-0.37318,-0.70301,-1.0629,-1.4166,-1.7455,-2.0234,-2.1718,-2.0692,-1.6545,-1.021,-0.34717,0.21813,0.6073,0.81183,0.86052,0.79399,0.66105,0.49946,0.33505,0.17587,0.023913,-0.11592,-0.22967,-0.29522,-0.29576,-0.22844,-0.11335,0.016246,0.12953,0.20679,0.25323,0.2876,0.32617,0.36672,0.39169,0.37367,0.29657,0.16428,-0.00044798,-0.1663,-0.3021,-0.39056,-0.42971,-0.42546,-0.38403,-0.30884,-0.2027,-0.064571,0.098492,0.26484,0.40016,0.4702,0.45671,0.36445,0.21517,0.033399,-0.1555,-0.34026,-0.5157,-0.67991
-0.93296,-1.2364,-1.3902,-1.2026,-0.74922,-0.32897,-0.1845,-0.34319,-0.66685,-0.96834,-1.0999,-1.0022,-0.72134,-0.38431,-0.12051,0.024757,0.087827,0.11108,0.088679,-0.022881,-0.25459,-0.58772,-0.96776,-1.3459,-1.6917,-1.9719,-2.1085,-1.9953,-1.5821,-0.95982,-0.30026,0.25741,0.6461,0.85553,0.9079,0.84063,0.69484,0.50802,0.30453,0.1016,-0.090324,-0.25375,-0.36929,-0.41585,-0.3799,-0.27043,-0.11155,0.059602,0.20558,0.30713,0.36439,0.39508,0.41842,0.4391,0.44147,0.40215,0.30467,0.14977,-0.043601,-0.24354,-0.41926,-0.54747,-0.61992,-0.64049,-0.61846,-0.5616,-0.47127,-0.34622,-0.19139,-0.02371,0.12476,0.21843,0.23558,0.17754,0.063966,-0.078056,-0.23112,-0.38267,-0.52756,-0.66468
-0.93705,-1.2012,-1.3213,-1.1351,-0.72673,-0.36106,-0.24109,-0.37965,-0.65061,-0.89753,-1.0033,-0.91983,-0.68255,-0.39381,-0.15998,-0.015119,0.076957,0.14979,0.18397,0.12045,-0.084966,-0.41822,-0.81709,-1.2162,-1.5695,-1.8361,-1.9465,-1.8156,-1.4136,-0.82445,-0.2015,0.33037,0.70686,0.91283,0.96271,0.88626,0.71764,0.49018,0.23182,-0.033812,-0.2804,-0.47895,-0.59656,-0.61198,-0.5247,-0.35339,-0.13466,0.087651,0.27284,0.3981,0.46101,0.47967,0.47769,0.46788,0.4394,0.37382,0.2529,0.072608,-0.15196,-0.39036,-0.60648,-0.77363,-0.88197,-0.9358,-0.94357,-0.91057,-0.83818,-0.72511,-0.57511,-0.40694,-0.25282,-0.14592,-0.10409,-0.12321,-0.1844,-0.26792,-0.35902,-0.45422,-0.55406,-0.65907
-0.93721,-1.1713,-1.2664,-1.0836,-0.71149,-0.39013,-0.29317,-0.42152,-0.65707,-0.86525,-0.94836,-0.86763,-0.65265,-0.39405,-0.18222,-0.040001,0.071145,0.17855,0.2527,0.2239,0.039586,-0.2889,-0.69405,-1.0991,-1.4472,-1.6935,-1.7795,-1.6367,-1.2496,-0.69572,-0.10973,0.39357,0.75261,0.9491,0.99289,0.90528,0.71568,0.45391,0.15095,-0.16274,-0.45084,-0.67074,-0.78464,-0.77364,-0.64601,-0.43118,-0.17247,0.082358,0.29214,0.429,0.49233,0.50178,0.48343,0.45098,0.40255,0.31737,0.17771,-0.020223,-0.26221,-0.51913,-0.75669,-0.94561,-1.0729,-1.1408,-1.1588,-1.1352,-1.0729,-0.96994,-0.83239,-0.67718,-0.53254,-0.42621,-0.37161,-0.36354,-0.38602,-0.42322,-0.46876,-0.52245,-0.5864,-0.66169
-0.93347,-1.1281,-1.193,-1.017,-0.69489,-0.43405,-0.37237,-0.49303,-0.68877,-0.84997,-0.90299,-0.81773,-0.6206,-0.38951,-0.20079,-0.063311,0.066491,0.21137,0.33107,0.34417,0.18843,-0.12858,-0.53365,-0.93603,-1.2649,-1.4734,-1.5194,-1.364,-1.0039,-0.50913,0.014266,0.46784,0.79479,0.97476,1.0094,0.90929,0.69348,0.3865,0.020523,-0.3623,-0.7066,-0.95141,-1.0512,-0.99722,-0.81456,-0.5477,-0.24442,0.046822,0.28167,0.43388,0.49833,0.49359,0.44909,0.38752,0.30903,0.20059,0.045245,-0.16348,-0.4147,-0.6815,-0.9286,-1.1269,-1.2629,-1.3393,-1.3663,-1.3523,-1.3015,-1.2161,-1.1024,-0.9772,-0.86273,-0.77581,-0.71926,-0.68345,-0.65627,-0.63327,-0.6152,-0.61089,-0.62727,-0.6669
-0.92392,-1.0835,-1.1238,-0.95681,-0.68272,-0.48137,-0.45717,-0.57727,-0.74159,-0.86339,-0.88678,-0.78947,-0.59613,-0.37774,-0.20218,-0.070122,0.067115,0.23415,0.38665,0.43411,0.30556,0.0049267,-0.39015,-0.77699,-1.0755,-1.2403,-1.247,-1.0844,-0.76345,-0.33742,0.11113,0.50701,0.79948,0.96517,0.99376,0.88549,0.64718,0.29885,-0.12503,-0.57128,-0.96554,-1.2298,-1.3105,-1.2097,-0.97326,-0.65845,-0.31957,-0.0045649,0.24527,0.40329,0.46519,0.4497,0.38745,0.30289,0.2031,0.07728,-0.089134,-0.30075,-0.54587,-0.79967,-1.0296,-1.2117,-1.3358,-1.405,-1.429,-1.4181,-1.3812,-1.3254,-1.2584,-1.1899,-1.1282,-1.0755,-1.0253,-0.96724,-0.8963,-0.81775,-0.74403,-0.68929,-0.6636,-0.67073
-0.91196,-1.0502,-1.0761,-0.91684,-0.67615,-0.51753,-0.52168,-0.64524,-0.79176,-0.88839,-0.89095,-0.78079,-0.58085,-0.36114,-0.18769,-0.060049,0.075518,0.24795,0.41363,0.47878,0.3677,0.081825,-0.29949,-0.66914,-0.94247,-1.0765,-1.0604,-0.89756,-0.6085,-0.23482,0.15862,0.51009,0.77625,0.93026,0.95625,0.84429,0.59429,0.2227,-0.23512,-0.71747,-1.1399,-1.4095,-1.4727,-1.3399,-1.0683,-0.72608,-0.36856,-0.043033,0.21043,0.36941,0.42945,0.40887,0.33771,0.24223,0.12985,-0.0049555,-0.17287,-0.3765,-0.60436,-0.83356,-1.0356,-1.191,-1.293,-1.3466,-1.3632,-1.3559,-1.3366,-1.3143,-1.2944,-1.2799,-1.2687,-1.2513,-1.2132,-1.1434,-1.0434,-0.92821,-0.81892,-0.73371,-0.68389,-0.67251
-0.88954,-1.0075,-1.0197,-0.87016,-0.66907,-0.56201,-0.60526,-0.73782,-0.8674,-0.93579,-0.91257,-0.77993,-0.55944,-0.32335,-0.14282,-0.019856,0.1032,0.26508,0.43011,0.50512,0.41072,0.1454,-0.21226,-0.5541,-0.79453,-0.895,-0.85615,-0.69866,-0.44866,-0.14,0.18201,0.47343,0.69978,0.83576,0.86025,0.75387,0.50654,0.12528,-0.35515,-0.8685,-1.314,-1.5826,-1.6165,-1.4406,-1.1321,-0.76654,-0.40112,-0.078657,0.16925,0.32066,0.37606,0.35392,0.28168,0.18087,0.064118,-0.072565,-0.23428,-0.41862,-0.612,-0.79294,-0.94165,-1.0456,-1.1051,-1.1301,-1.1347,-1.1351,-1.1473,-1.1799,-1.2363,-1.3083,-1.3765,-1.4138,-1.3958,-1.3141,-1.1826,-1.0302,-0.8853,-0.77009,-0.69641,-0.66677
-0.86024,-0.96697,-0.97099,-0.82941,-0.66027,-0.59732,-0.67779,-0.8238,-0.94279,-0.99032,-0.9421,-0.78199,-0.53048,-0.26458,-0.066989,0.051784,0.15132,0.28323,0.42667,0.49636,0.41188,0.16669,-0.16434,-0.47591,-0.68664,-0.76403,-0.7159,-0.56948,-0.35497,-0.1035,0.15299,0.38562,0.5713,0.68987,0.71734,0.62808,0.40182,0.038024,-0.43457,-0.94669,-1.387,-1.6369,-1.6384,-1.4317,-1.1063,-0.74238,-0.39157,-0.087839,0.14267,0.28587,0.34111,0.32315,0.25502,0.15828,0.041598,-0.090998,-0.23749,-0.39052,-0.53593,-0.65773,-0.74098,-0.7849,-0.79721,-0.79208,-0.78695,-0.80061,-0.85004,-0.9455,-1.0836,-1.2441,-1.3902,-1.479,-1.4803,-1.3934,-1.2452,-1.0716,-0.91079,-0.78431,-0.70164,-0.66309
-0.8341,-0.93763,-0.93839,-0.80104,-0.64935,-0.61362,-0.71997,-0.87783,-0.99391,-1.0281,-0.9615,-0.77831,-0.4989,-0.20485,0.0094964,0.12419,0.19997,0.29924,0.41501,0.47118,0.38854,0.1567,-0.15454,-0.44543,-0.63781,-0.70307,-0.65341,-0.51808,-0.32883,-0.11565,0.097755,0.28955,0.44528,0.55016,0.58259,0.51139,0.31202,-0.022114,-0.4645,-0.94762,-1.3605,-1.5856,-1.5685,-1.3517,-1.0284,-0.67649,-0.3458,-0.065905,0.14389,0.27367,0.32504,0.3116,0.25229,0.16394,0.054887,-0.068786,-0.20059,-0.32903,-0.43846,-0.5144,-0.55026,-0.55026,-0.52747,-0.49972,-0.48693,-0.50968,-0.58581,-0.72391,-0.91632,-1.1345,-1.3322,-1.4592,-1.4824,-1.4031,-1.2534,-1.0779,-0.91182,-0.77969,-0.69271,-0.65218
-0.79436,-0.90035,-0.8983,-0.76181,-0.62414,-0.61648,-0.75189,-0.92879,-1.0458,-1.0647,-0.9729,-0.75636,-0.43515,-0.10019,0.1371,0.24288,0.27835,0.32195,0.38803,0.41486,0.32702,0.10954,-0.17731,-0.44182,-0.61312,-0.66588,-0.61597,-0.49744,-0.34256,-0.17648,-0.017357,0.12319,0.2408,0.33026,0.37352,0.33718,0.18851,-0.08671,-0.46619,-0.88488,-1.2363,-1.4125,-1.3695,-1.1523,-0.84833,-0.53109,-0.24331,-0.0075609,0.16489,0.27088,0.31551,0.31003,0.26657,0.1936,0.098723,-0.011214,-0.12342,-0.22013,-0.28364,-0.30339,-0.28028,-0.227,-0.16306,-0.10959,-0.087566,-0.11793,-0.22001,-0.39984,-0.6478,-0.92832,-1.1835,-1.3523,-1.4007,-1.338,-1.2041,-1.0421,-0.89034,-0.7697,-0.68926,-0.64999
-0.76151,-0.87348,-0.86901,-0.72851,-0.59484,-0.60151,-0.75513,-0.94761,-1.0684,-1.0769,-0.96502,-0.72184,-0.36889,-0.003975,0.2479,0.3422,0.34187,0.33681,0.35792,0.35722,0.26291,0.0546,-0.21538,-0.46182,-0.61914,-0.66544,-0.61779,-0.51149,-0.38035,-0.24655,-0.12539,-0.022136,0.069504,0.14924,0.20287,0.19687,0.093077,-0.12645,-0.44638,-0.80309,-1.0969,-1.2296,-1.1661,-0.95372,-0.67366,-0.39136,-0.14434,0.051426,0.19155,0.27677,0.31487,0.31409,0.28068,0.21863,0.13253,0.032149,-0.065609,-0.13993,-0.17274,-0.15645,-0.096101,-0.008724,0.082828,0.15501,0.18532,0.15254,0.040499,-0.16019,-0.43266,-0.73747,-1.0161,-1.2099,-1.2862,-1.2521,-1.1441,-1.0054,-0.86968,-0.75838,-0.68283,-0.64635
-0.71578,-0.83855,-0.82955,-0.67766,-0.5409,-0.55713,-0.73128,-0.94384,-1.0726,-1.0685,-0.92908,-0.65064,-0.25805,0.14083,0.40417,0.47638,0.42185,0.34527,0.30064,0.25936,0.15496,-0.040655,-0.2875,-0.51102,-0.65202,-0.69137,-0.64614,-0.5531,-0.4471,-0.35,-0.27591,-0.22066,-0.16841,-0.10574,-0.038952,-0.0016268,-0.037729,-0.1745,-0.40131,-0.66348,-0.87341,-0.94925,-0.86724,-0.6703,-0.4276,-0.19595,-0.003676,0.13884,0.23205,0.28574,0.30839,0.30672,0.28181,0.23106,0.15621,0.06853,-0.01131,-0.059204,-0.057374,-0.00068971,0.097381,0.21644,0.33355,0.42697,0.47491,0.45458,0.34557,0.14466,-0.13604,-0.45555,-0.75355,-0.97212,-1.0818,-1.0909,-1.0312,-0.93628,-0.8363,-0.75055,-0.69021,-0.66016
-0.67013,-0.80516,-0.78881,-0.61886,-0.46975,-0.4869,-0.67583,-0.90953,-1.0464,-1.0304,-0.86339,-0.55087,-0.12574,0.29526,0.55813,0.59926,0.48449,0.33261,0.21967,0.13599,0.021123,-0.16015,-0.38107,-0.57905,-0.70054,-0.72959,-0.68529,-0.60285,-0.51563,-0.44834,-0.4124,-0.40298,-0.3936,-0.35473,-0.27774,-0.19647,-0.1632,-0.21707,-0.35444,-0.52688,-0.65694,-0.67826,-0.57674,-0.39323,-0.18782,-0.0055859,0.13015,0.21529,0.25858,0.27448,0.27649,0.26909,0.24698,0.20246,0.13393,0.054658,-0.011343,-0.037896,-0.0078457,0.078201,0.20722,0.35411,0.49337,0.60294,0.66353,0.65668,0.5666,0.38627,0.13064,-0.16593,-0.45464,-0.68849,-0.84033,-0.90938,-0.91297,-0.87397,-0.81618,-0.75588,-0.70715,-0.67986
-0.63752,-0.78229,-0.75709,-0.5694,-0.40635,-0.41983,-0.61677,-0.86485,-1.0084,-0.98279,-0.795,-0.45912,-0.016443,0.41108,0.66298,0.6737,0.51114,0.30255,0.13851,0.023686,-0.097975,-0.26753,-0.46673,-0.64099,-0.74177,-0.75729,-0.70751,-0.62757,-0.5507,-0.50268,-0.49531,-0.52086,-0.54495,-0.52484,-0.44243,-0.33004,-0.2491,-0.24693,-0.32465,-0.43675,-0.5126,-0.49716,-0.38323,-0.21033,-0.031227,0.11536,0.21044,0.25404,0.25924,0.24499,0.22789,0.21136,0.18656,0.14274,0.07735,0.0044335,-0.050209,-0.060586,-0.012506,0.091614,0.23342,0.38865,0.53538,0.6555,0.73176,0.74578,0.68008,0.53152,0.30819,0.038948,-0.23531,-0.47511,-0.65509,-0.76824,-0.82132,-0.82746,-0.80363,-0.76692,-0.73241,-0.71131
-0.59803,-0.75441,-0.71419,-0.49866,-0.31255,-0.31568,-0.52053,-0.78575,-0.93746,-0.89926,-0.68336,-0.32044,0.13577,0.55602,0.77898,0.73966,0.50979,0.22645,-0.0026878,-0.15634,-0.28479,-0.43526,-0.60056,-0.7361,-0.80057,-0.78698,-0.71775,-0.63026,-0.55997,-0.53325,-0.56319,-0.63547,-0.7044,-0.71055,-0.62558,-0.48193,-0.35078,-0.28706,-0.29627,-0.33795,-0.35237,-0.29757,-0.17376,-0.015633,0.13197,0.23687,0.28436,0.27669,0.23157,0.17345,0.12286,0.085382,0.050908,0.0050058,-0.054535,-0.11543,-0.1531,-0.14347,-0.075116,0.044246,0.19765,0.36093,0.51377,0.64147,0.7319,0.77199,0.74881,0.65379,0.49237,0.28049,0.04161,-0.19876,-0.417,-0.59397,-0.71782,-0.78647,-0.80794,-0.7982,-0.7755,-0.75594
-0.56565,-0.73099,-0.6731,-0.42676,-0.21386,-0.20299,-0.41159,-0.69043,-0.84911,-0.79826,-0.55655,-0.17142,0.28667,0.6828,0.8619,0.76357,0.46368,0.10691,-0.18431,-0.3735,-0.50576,-0.63389,-0.76027,-0.84808,-0.86467,-0.80883,-0.70704,-0.6005,-0.52599,-0.51044,-0.56867,-0.68099,-0.79357,-0.83123,-0.75473,-0.594,-0.42858,-0.31977,-0.27983,-0.27072,-0.24056,-0.15362,-0.017612,0.13053,0.25063,0.31438,0.31278,0.25366,0.15836,0.056754,-0.028555,-0.091539,-0.14181,-0.19155,-0.24486,-0.28702,-0.29713,-0.25886,-0.16914,-0.037688,0.11368,0.26627,0.40799,0.53274,0.63511,0.70603,0.73302,0.7059,0.61919,0.47488,0.27993,0.046713,-0.20375,-0.44164,-0.636,-0.76492,-0.83069,-0.84556,-0.83181,-0.8116
-0.5467,-0.71795,-0.64536,-0.37576,-0.14185,-0.11898,-0.32681,-0.61366,-0.77611,-0.71619,-0.45678,-0.059771,0.39189,0.76092,0.89815,0.75105,0.3987,-0.010545,-0.34533,-0.55843,-0.69141,-0.80111,-0.89523,-0.94231,-0.91688,-0.82368,-0.69221,-0.56504,-0.47875,-0.46181,-0.52848,-0.66056,-0.8006,-0.86677,-0.80823,-0.6489,-0.46932,-0.33749,-0.26926,-0.23198,-0.17628,-0.073956,0.065777,0.20519,0.30572,0.3416,0.30616,0.20967,0.076445,-0.060668,-0.17437,-0.25551,-0.31313,-0.36153,-0.40303,-0.42785,-0.41761,-0.35883,-0.25223,-0.11464,0.033916,0.17539,0.30168,0.414,0.51599,0.60597,0.67347,0.703,0.67995,0.59134,0.42991,0.20034,-0.074387,-0.35416,-0.59456,-0.76588,-0.8572,-0.88518,-0.87625,-0.85619
-0.53024,-0.70833,-0.61737,-0.31793,-0.0559,-0.015784,-0.21811,-0.51013,-0.67514,-0.60364,-0.32391,0.082899,0.51717,0.83966,0.91327,0.69636,0.27479,-0.19835,-0.58366,-0.82375,-0.95494,-1.0371,-1.0856,-1.0777,-0.99515,-0.84863,-0.67249,-0.50775,-0.39267,-0.35837,-0.41946,-0.56233,-0.72813,-0.83137,-0.8088,-0.67433,-0.50084,-0.35804,-0.26392,-0.19487,-0.11073,0.0060903,0.14364,0.26751,0.34071,0.34255,0.26593,0.12199,-0.060149,-0.24372,-0.39466,-0.49938,-0.56536,-0.60672,-0.62773,-0.61931,-0.56814,-0.46996,-0.33657,-0.19099,-0.057353,0.051217,0.13916,0.22302,0.31942,0.43364,0.55481,0.66034,0.71839,0.69931,0.58177,0.36227,0.064033,-0.26367,-0.56091,-0.77889,-0.9044,-0.94944,-0.94347,-0.9177
-0.52593,-0.70818,-0.6056,-0.28602,-0.004545,0.050678,-0.14466,-0.43579,-0.5999,-0.51922,-0.22638,0.18377,0.59932,0.8811,0.90197,0.63149,0.1611,-0.35323,-0.76878,-1.0237,-1.1517,-1.2145,-1.2319,-1.1861,-1.0627,-0.87589,-0.66113,-0.46095,-0.31331,-0.25366,-0.29946,-0.43882,-0.61631,-0.74427,-0.75534,-0.65356,-0.50329,-0.36711,-0.26676,-0.18049,-0.078625,0.051357,0.18978,0.30061,0.3511,0.32222,0.21112,0.032087,-0.18424,-0.39703,-0.56946,-0.68553,-0.75145,-0.78137,-0.78011,-0.74185,-0.65803,-0.53077,-0.37822,-0.22905,-0.10772,-0.02383,0.032632,0.086876,0.167,0.28896,0.44582,0.60612,0.72593,0.75881,0.67064,0.45335,0.13435,-0.22667,-0.55772,-0.8042,-0.94387,-0.9933,-0.98703,-0.9596
-0.531,-0.71941,-0.60503,-0.26306,0.041869,0.11786,-0.062729,-0.34602,-0.50273,-0.40975,-0.10263,0.30704,0.69162,0.91291,0.85945,0.5192,-0.0067135,-0.56007,-0.99895,-1.2625,-1.3855,-1.4303,-1.4166,-1.3286,-1.1565,-0.91869,-0.65267,-0.39958,-0.20135,-0.093671,-0.10148,-0.21665,-0.39296,-0.55015,-0.61846,-0.58116,-0.48016,-0.36789,-0.26511,-0.16185,-0.039234,0.10172,0.2361,0.32686,0.34399,0.27338,0.11696,-0.1065,-0.36221,-0.60492,-0.79507,-0.91539,-0.97226,-0.98014,-0.94565,-0.86497,-0.73522,-0.56741,-0.389,-0.23435,-0.13067,-0.084223,-0.07613,-0.067398,-0.013845,0.11315,0.3088,0.53222,0.71965,0.80709,0.74959,0.53595,0.19706,-0.19849,-0.56663,-0.84073,-0.99579,-1.0491,-1.0399,-1.0076
-0.54805,-0.74415,-0.62377,-0.26687,0.058209,0.15666,-0.003082,-0.26939,-0.41117,-0.30345,0.0139,0.41694,0.76446,0.91984,0.79006,0.38625,-0.1773,-0.74195,-1.1761,-1.4334,-1.5549,-1.597,-1.5709,-1.4581,-1.2508,-0.96969,-0.65288,-0.34313,-0.084489,0.083484,0.13238,0.06041,-0.095581,-0.27278,-0.40268,-0.45105,-0.42642,-0.3584,-0.26475,-0.14638,-0.0029557,0.14949,0.27686,0.34297,0.32291,0.20848,0.0081282,-0.25452,-0.5399,-0.79863,-0.99114,-1.1017,-1.1393,-1.1201,-1.0515,-0.93115,-0.76076,-0.55815,-0.35747,-0.19761,-0.10814,-0.093191,-0.12774,-0.16178,-0.13682,-0.012111,0.20992,0.47944,0.7156,0.84008,0.80013,0.58348,0.22543,-0.19702,-0.58991,-0.88033,-1.0417,-1.0933,-1.0787,-1.0413
-0.56813,-0.77098,-0.65158,-0.289,0.048509,0.16475,0.02491,-0.22195,-0.34749,-0.22711,0.095895,0.48977,0.80669,0.91099,0.7254,0.28045,-0.2961,-0.84741,-1.2582,-1.5008,-1.6228,-1.6723,-1.6499,-1.5311,-1.3082,-1.0026,-0.65134,-0.29828,0.011245,0.23038,0.32688,0.2931,0.15644,-0.029622,-0.20129,-0.31546,-0.35758,-0.33584,-0.25967,-0.13589,0.021681,0.18336,0.30692,0.35484,0.30561,0.15664,-0.077631,-0.36735,-0.6674,-0.92761,-1.1093,-1.2013,-1.2174,-1.1774,-1.0873,-0.94544,-0.75357,-0.53135,-0.31646,-0.15243,-0.068453,-0.069291,-0.12711,-0.18616,-0.17984,-0.059961,0.17246,0.46198,0.71986,0.85953,0.82435,0.60269,0.23359,-0.20121,-0.60405,-0.89799,-1.0607,-1.1137,-1.1012,-1.0653
-0.60315,-0.81653,-0.70681,-0.34503,0.0047628,0.14511,0.036573,-0.17627,-0.27244,-0.13294,0.19503,0.57235,0.84519,0.88316,0.62905,0.14227,-0.4302,-0.93762,-1.295,-1.5066,-1.6285,-1.6955,-1.69,-1.5766,-1.3451,-1.0168,-0.62712,-0.22107,0.15172,0.43709,0.59517,0.61465,0.50931,0.32235,0.10565,-0.088405,-0.22243,-0.27463,-0.23552,-0.11473,0.056764,0.2283,0.34525,0.36718,0.27849,0.084016,-0.19196,-0.50948,-0.81753,-1.0633,-1.216,-1.2763,-1.2657,-1.2033,-1.0952,-0.93407,-0.7217,-0.48085,-0.25318,-0.083884,-0.0039663,-0.016356,-0.089432,-0.16275,-0.16575,-0.048461,0.18751,0.48425,0.74712,0.88655,0.84456,0.61047,0.22694,-0.21861,-0.62388,-0.91653,-1.0699,-1.1152,-1.1013,-1.0712
-0.63449,-0.85672,-0.75995,-0.40607,-0.05102,0.10689,0.025365,-0.15705,-0.22642,-0.071012,0.25888,0.62153,0.86114,0.85202,0.55289,0.045823,-0.50878,-0.96806,-1.2733,-1.4541,-1.5734,-1.6554,-1.6675,-1.5648,-1.333,-0.99204,-0.58045,-0.14313,0.2658,0.59186,0.79374,0.85384,0.77999,0.601,0.36054,0.11165,-0.091661,-0.20443,-0.2004,-0.088555,0.088083,0.26153,0.36858,0.3692,0.25167,0.027786,-0.272,-0.60293,-0.9098,-1.1397,-1.268,-1.3029,-1.2716,-1.1958,-1.0778,-0.90944,-0.69135,-0.44556,-0.21325,-0.040249,0.042761,0.033268,-0.037769,-0.11059,-0.11484,-0.00040658,0.23149,0.52004,0.77362,0.90341,0.85235,0.61063,0.22186,-0.2257,-0.62937,-0.91374,-1.0644,-1.109,-1.0966,-1.0701
-0.68112,-0.91594,-0.84438,-0.51067,-0.15431,0.026038,-0.016808,-0.15254,-0.18156,-0.0031332,0.32712,0.66786,0.86393,0.79671,0.44679,-0.073782,-0.587,-0.96526,-1.1901,-1.3242,-1.4365,-1.5364,-1.5731,-1.4874,-1.2577,-0.90338,-0.46716,-0.00062606,0.43992,0.8032,1.0488,1.1556,1.1228,0.96321,0.70791,0.40437,0.11972,-0.073711,-0.1281,-0.042683,0.12651,0.29655,0.39122,0.36678,0.21548,-0.043552,-0.3728,-0.71839,-1.0185,-1.2239,-1.3163,-1.3165,-1.2604,-1.1707,-1.048,-0.8796,-0.66147,-0.41382,-0.17817,-0.00012262,0.090285,0.090945,0.034076,-0.021987,-0.012458,0.1054,0.32513,0.59244,0.81786,0.91822,0.8421,0.58545,0.19635,-0.23701,-0.61895,-0.88656,-1.0275,-1.076,-1.0766,-1.0656
-0.73012,-0.97767,-0.93891,-0.6371,-0.28824,-0.088048,-0.089974,-0.17449,-0.15874,0.042571,0.37226,0.68971,0.84311,0.72417,0.33505,-0.18382,-0.64007,-0.9269,-1.0674,-1.1533,-1.2542,-1.3638,-1.4144,-1.338,-1.1077,-0.74514,-0.29608,0.18233,0.63556,1.0151,1.2842,1.4226,1.4216,1.2856,1.0321,0.7014,0.36156,0.097776,-0.01794,0.025407,0.17134,0.32219,0.39442,0.34252,0.16073,-0.1251,-0.47146,-0.82075,-1.1105,-1.2947,-1.3635,-1.3424,-1.2687,-1.167,-1.0364,-0.86537,-0.65044,-0.40935,-0.1785,0.0023352,0.1033,0.12493,0.096224,0.068436,0.097048,0.21661,0.41821,0.6512,0.83738,0.90364,0.80556,0.54283,0.16403,-0.24617,-0.60011,-0.84506,-0.97712,-1.0291,-1.0425,-1.0497
-0.76574,-1.0226,-1.0126,-0.74232,-0.40563,-0.19383,-0.1656,-0.20956,-0.15922,0.059749,0.38778,0.68757,0.81098,0.65806,0.24751,-0.26039,-0.6675,-0.88597,-0.96694,-1.0172,-1.1047,-1.2126,-1.2629,-1.1836,-0.94813,-0.58115,-0.13234,0.34113,0.78745,1.1629,1.4372,1.5899,1.6097,1.4933,1.2506,0.91278,0.54561,0.23902,0.077127,0.08303,0.20183,0.33275,0.38509,0.31209,0.11091,-0.19227,-0.54961,-0.90207,-1.1885,-1.3628,-1.4188,-1.3843,-1.2982,-1.1859,-1.0495,-0.87834,-0.66782,-0.43222,-0.20421,-0.021938,0.089695,0.12975,0.12505,0.12168,0.16692,0.28711,0.4725,0.67407,0.82484,0.8623,0.74968,0.49004,0.1304,-0.25128,-0.5774,-0.80258,-0.92974,-0.98867,-1.0158,-1.0391
-0.80862,-1.0756,-1.1085,-0.89012,-0.58001,-0.3584,-0.29123,-0.28271,-0.18548,0.057289,0.38201,0.65813,0.74559,0.55583,0.12748,-0.35634,-0.69571,-0.8291,-0.83813,-0.84131,-0.90189,-0.99368,-1.0315,-0.93886,-0.69115,-0.31845,0.1233,0.5744,0.98905,1.3368,1.5978,1.7559,1.7967,1.708,1.4886,1.16,0.77831,0.4333,0.21382,0.16065,0.22983,0.32379,0.34819,0.25224,0.031527,-0.28647,-0.65572,-1.017,-1.3084,-1.4849,-1.5368,-1.4915,-1.3897,-1.2591,-1.1085,-0.93142,-0.72348,-0.49517,-0.27292,-0.089097,0.03623,0.10116,0.12848,0.15607,0.22038,0.33877,0.49631,0.65758,0.76626,0.77158,0.64538,0.39546,0.06829,-0.2664,-0.54607,-0.74273,-0.86055,-0.92954,-0.97948,-1.0304
-0.84251,-1.1166,-1.1939,-1.038,-0.76708,-0.54514,-0.44264,-0.38265,-0.2401,0.025252,0.34587,0.59849,0.65506,0.43966,0.0068089,-0.44562,-0.72129,-0.78107,-0.72587,-0.67972,-0.70305,-0.76502,-0.7779,-0.6651,-0.40398,-0.029655,0.39534,0.80883,1.1734,1.4738,1.7029,1.8519,1.9027,1.8381,1.6486,1.3452,0.97301,0.61049,0.3492,0.23838,0.25072,0.29716,0.28598,0.16561,-0.070679,-0.39678,-0.77074,-1.1392,-1.4433,-1.6375,-1.7042,-1.662,-1.5481,-1.3955,-1.2204,-1.0261,-0.81306,-0.59023,-0.3767,-0.19551,-0.061139,0.027171,0.087869,0.14852,0.23234,0.34638,0.47748,0.59229,0.65268,0.62557,0.49548,0.27371,-0.00082134,-0.27519,-0.50574,-0.67424,-0.79131,-0.87759,-0.95353,-1.0321
-0.85982,-1.1367,-1.2464,-1.1429,-0.91046,-0.69443,-0.57002,-0.47375,-0.29951,-0.018839,0.29823,0.53423,0.57167,0.34496,-0.082031,-0.50691,-0.73909,-0.7516,-0.65292,-0.56866,-0.55883,-0.59251,-0.58261,-0.45296,-0.1834,0.18776,0.59281,0.9699,1.2875,1.542,1.7379,1.8717,1.9268,1.8818,1.7194,1.4429,1.0863,0.72133,0.43482,0.28417,0.25397,0.26487,0.22824,0.090912,-0.15434,-0.48585,-0.86321,-1.2369,-1.5543,-1.7662,-1.8509,-1.8183,-1.6999,-1.5299,-1.3329,-1.1205,-0.899,-0.67748,-0.47003,-0.29177,-0.15303,-0.050815,0.030602,0.11223,0.209,0.32114,0.43232,0.51737,0.54689,0.5001,0.37141,0.17533,-0.055313,-0.28134,-0.4742,-0.62584,-0.74369,-0.84443,-0.94167,-1.0426
-0.86958,-1.1454,-1.2968,-1.2683,-1.097,-0.89941,-0.75175,-0.61158,-0.39797,-0.10063,0.20941,0.42488,0.44252,0.21129,-0.19676,-0.58143,-0.76203,-0.7204,-0.56853,-0.43245,-0.37382,-0.36621,-0.32624,-0.1779,0.096761,0.45597,0.82708,1.149,1.3972,1.5826,1.7255,1.8321,1.8892,1.869,1.7454,1.5083,1.1811,0.82503,0.5209,0.32842,0.24483,0.2065,0.1347,-0.020703,-0.27129,-0.59881,-0.97237,-1.3522,-1.6898,-1.9373,-2.0579,-2.0447,-1.9214,-1.7284,-1.499,-1.2603,-1.0265,-0.80609,-0.60587,-0.43273,-0.28893,-0.16951,-0.063776,0.040383,0.1489,0.25601,0.34473,0.39398,0.38906,0.32527,0.20928,0.05693,-0.11125,-0.27648,-0.42775,-0.56356,-0.68988,-0.81358,-0.93986,-1.0701
-0.86562,-1.137,-1.3172,-1.3468,-1.2283,-1.0514,-0.89085,-0.72241,-0.48312,-0.17635,0.12629,0.32803,0.33675,0.11008,-0.27625,-0.62852,-0.77489,-0.69979,-0.51183,-0.33645,-0.24025,-0.20275,-0.14356,0.012901,0.28447,0.62812,0.96906,1.2472,1.4422,1.5735,1.6731,1.7554,1.811,1.8085,1.7154,1.5116,1.2127,0.87075,0.5615,0.34455,0.22587,0.15467,0.060235,-0.10533,-0.35537,-0.67599,-1.0422,-1.4208,-1.7693,-2.0398,-2.1876,-2.1942,-2.076,-1.8713,-1.6247,-1.3688,-1.1227,-0.89693,-0.69749,-0.52803,-0.38395,-0.25961,-0.14365,-0.02649,0.092255,0.20033,0.27595,0.30546,0.27951,0.20576,0.10132,-0.016875,-0.13871,-0.26149,-0.38674,-0.5181,-0.65556,-0.80115,-0.95342,-1.1081
-0.84356,-1.1053,-1.3188,-1.4244,-1.383,-1.2413,-1.0721,-0.8709,-0.60437,-0.29133,-0.00090304,0.18386,0.18811,-0.02047,-0.36746,-0.6731,-0.77899,-0.66716,-0.43694,-0.2135,-0.072225,-0.002045,0.07322,0.22868,0.48728,0.80439,1.104,1.3245,1.45,1.5082,1.5461,1.5934,1.6455,1.6692,1.6198,1.4662,1.2101,0.89296,0.58287,0.34084,0.18408,0.077887,-0.038863,-0.21202,-0.45504,-0.7607,-1.107,-1.4699,-1.8189,-2.1092,-2.294,-2.3373,-2.2368,-2.0285,-1.7612,-1.4808,-1.2176,-0.98641,-0.79084,-0.62729,-0.48856,-0.36161,-0.23582,-0.10721,0.017777,0.12252,0.18674,0.19514,0.1525,0.078906,-0.00080355,-0.072888,-0.14169,-0.2223,-0.32801,-0.46293,-0.62417,-0.80362,-0.99118,-1.1766
-0.80194,-1.0508,-1.2902,-1.4678,-1.5057,-1.4064,-1.2356,-1.0104,-0.72618,-0.4154,-0.14113,0.028684,0.035552,-0.14216,-0.43805,-0.69407,-0.76485,-0.62409,-0.36037,-0.09961,0.074247,0.1642,0.2435,0.38989,0.62888,0.91629,1.1748,1.3388,1.3946,1.3806,1.3583,1.3746,1.4292,1.4828,1.4772,1.371,1.1565,0.86825,0.56712,0.3124,0.12936,-0.0038249,-0.13414,-0.30344,-0.52993,-0.80872,-1.1277,-1.4684,-1.8037,-2.0982,-2.2995,-2.3662,-2.2884,-2.093,-1.8286,-1.5432,-1.2707,-1.0305,-0.83019,-0.66901,-0.53587,-0.41686,-0.29749,-0.17131,-0.045885,0.058178,0.11624,0.11725,0.070481,0.0049897,-0.049357,-0.083816,-0.11588,-0.17344,-0.2756,-0.4255,-0.61497,-0.82799,-1.0483,-1.2619
-0.75785,-0.99574,-1.2498,-1.4772,-1.5728,-1.5076,-1.3387,-1.1014,-0.81097,-0.50743,-0.24863,-0.089462,-0.075482,-0.22249,-0.4745,-0.69213,-0.7396,-0.5842,-0.30429,-0.024594,0.16455,0.26052,0.33581,0.47116,0.69244,0.95585,1.1825,1.3051,1.3118,1.2481,1.1875,1.1862,1.2464,1.3217,1.3463,1.2707,1.0845,0.81927,0.53211,0.2804,0.089398,-0.054713,-0.19329,-0.36212,-0.57622,-0.83351,-1.1231,-1.4324,-1.7433,-2.0224,-2.2249,-2.3076,-2.2527,-2.0764,-1.8255,-1.5448,-1.2705,-1.0258,-0.82219,-0.66262,-0.5351,-0.42449,-0.31392,-0.19543,-0.076435,0.022054,0.077656,0.075199,0.031013,-0.022615,-0.056767,-0.068482,-0.082827,-0.13316,-0.24053,-0.40662,-0.61975,-0.86053,-1.1086,-1.3455
-0.68246,-0.906,-1.1741,-1.4595,-1.627,-1.6063,-1.4427,-1.1956,-0.90579,-0.61988,-0.38668,-0.24214,-0.21231,-0.30983,-0.49663,-0.6631,-0.68648,-0.52276,-0.23468,0.056697,0.25455,0.3491,0.4114,0.52562,0.71888,0.9486,1.1325,1.2054,1.1551,1.0349,0.93228,0.91261,0.98159,1.083,1.1436,1.1053,0.95737,0.72646,0.46728,0.22979,0.039518,-0.11225,-0.25613,-0.41979,-0.61594,-0.8426,-1.092,-1.3565,-1.6228,-1.868,-2.055,-2.1431,-2.1101,-1.9671,-1.7437,-1.4817,-1.2162,-0.97304,-0.76896,-0.61026,-0.49361,-0.40129,-0.31127,-0.20927,-0.099559,-0.0044716,0.049179,0.05075,0.013875,-0.026602,-0.041858,-0.03438,-0.037323,-0.089598,-0.21293,-0.40691,-0.65397,-0.92893,-1.2066,-1.4661
-0.6146,-0.8286,-1.1046,-1.4271,-1.6425,-1.6512,-1.4926,-1.2429,-0.95958,-0.69305,-0.48324,-0.34966,-0.3043,-0.35874,-0.4925,-0.62129,-0.63282,-0.47223,-0.18798,0.10212,0.29698,0.38277,0.42932,0.52191,0.69086,0.89551,1.0536,1.0979,1.0153,0.8612,0.72997,0.69707,0.77111,0.89173,0.97603,0.96458,0.84354,0.64018,0.40592,0.18611,0.005278,-0.14502,-0.28681,-0.44387,-0.6279,-0.83629,-1.0627,-1.2968,-1.5259,-1.7322,-1.887,-1.9625,-1.9416,-1.8255,-1.6368,-1.4043,-1.1576,-0.92292,-0.7209,-0.56472,-0.45103,-0.36554,-0.28672,-0.19897,-0.10341,-0.018453,0.032997,0.037069,0.0096908,-0.017429,-0.020142,-0.0052392,-0.0083478,-0.068945,-0.20811,-0.4226,-0.69429,-0.9955,-1.2976,-1.5756
-0.51135,-0.71551,-1.0002,-1.3638,-1.6341,-1.676,-1.5218,-1.2723,-1.0044,-0.77044,-0.5958,-0.47751,-0.40761,-0.39798,-0.45862,-0.54035,-0.54361,-0.39835,-0.13285,0.14189,0.3206,0.38428,0.40135,0.45894,0.59391,0.76852,0.90148,0.92064,0.80982,0.62405,0.46425,0.41717,0.49506,0.63263,0.73854,0.75203,0.66079,0.4969,0.3066,0.12963,-0.022867,-0.15924,-0.30146,-0.46322,-0.64306,-0.83557,-1.0286,-1.214,-1.3863,-1.5346,-1.6455,-1.7011,-1.6887,-1.6079,-1.4666,-1.2816,-1.0727,-0.86207,-0.67245,-0.52007,-0.41193,-0.33563,-0.26819,-0.1906,-0.10192,-0.020697,0.02907,0.037434,0.016288,-0.0036968,-0.0004679,0.016015,0.0071864,-0.067777,-0.2293,-0.47261,-0.77464,-1.1042,-1.4292,-1.7226
-0.39648,-0.59565,-0.88806,-1.2852,-1.599,-1.666,-1.5145,-1.2665,-1.0187,-0.82089,-0.6833,-0.57983,-0.48244,-0.40752,-0.39758,-0.438,-0.44024,-0.32134,-0.089759,0.1543,0.3044,0.33649,0.31751,0.3384,0.441,0.59171,0.71014,0.71922,0.59801,0.3989,0.22487,0.16693,0.23865,0.37386,0.48322,0.51032,0.44978,0.33412,0.20296,0.080513,-0.034025,-0.1574,-0.3033,-0.47258,-0.65579,-0.83561,-1.0015,-1.1465,-1.2656,-1.3582,-1.419,-1.4439,-1.4306,-1.3808,-1.2941,-1.1741,-1.0261,-0.8611,-0.69665,-0.55317,-0.4395,-0.35136,-0.27382,-0.19283,-0.10696,-0.029809,0.018722,0.030229,0.017244,0.0042731,0.0075674,0.015608,-0.008181,-0.10227,-0.28589,-0.55351,-0.88061,-1.2334,-1.5766,-1.88
-0.30453,-0.50399,-0.80269,-1.2206,-1.5607,-1.6414,-1.4895,-1.2427,-1.0101,-0.8401,-0.72979,-0.63579,-0.51777,-0.39648,-0.33791,-0.35109,-0.35628,-0.26301,-0.065203,0.14672,0.26821,0.27306,0.22637,0.21984,0.29935,0.43551,0.54897,0.56191,0.44792,0.25303,0.076279,0.0080046,0.063837,0.18384,0.28483,0.31629,0.27786,0.20087,0.11938,0.04405,-0.037304,-0.14683,-0.2948,-0.47396,-0.66437,-0.84355,-0.99657,-1.1152,-1.1979,-1.2478,-1.2692,-1.2692,-1.255,-1.2289,-1.1897,-1.1292,-1.038,-0.91562,-0.77528,-0.63954,-0.51901,-0.41672,-0.32184,-0.22397,-0.12521,-0.041095,0.0096855,0.021871,0.0087978,-0.0051754,-0.0057795,-0.00634,-0.043114,-0.15241,-0.35118,-0.63359,-0.97342,-1.3364,-1.6868,-1.9943
-0.1769,-0.38244,-0.6917,-1.1328,-1.5,-1.5934,-1.4381,-1.1919,-0.97773,-0.84128,-0.76389,-0.68052,-0.53674,-0.36088,-0.24478,-0.22808,-0.24124,-0.18628,-0.041359,0.11771,0.19367,0.15944,0.076039,0.034455,0.085783,0.20865,0.3272,0.36144,0.27566,0.10271,-0.069333,-0.15541,-0.13216,-0.048199,0.025802,0.051345,0.035698,0.011018,-0.001,-0.0085621,-0.042719,-0.1331,-0.28736,-0.48508,-0.69001,-0.86972,-1.0027,-1.0842,-1.121,-1.1228,-1.1067,-1.0878,-1.0788,-1.088,-1.1101,-1.1287,-1.122,-1.0736,-0.98291,-0.86162,-0.72925,-0.59176,-0.4499,-0.30679,-0.17494,-0.073314,-0.017472,-0.0061835,-0.023427,-0.044331,-0.055406,-0.069356,-0.12063,-0.24449,-0.45796,-0.75449,-1.1073,-1.4805,-1.8356,-2.1401
-0.046938,-0.26462,-0.58763,-1.0481,-1.4349,-1.5355,-1.3741,-1.1267,-0.92643,-0.81693,-0.76664,-0.692,-0.52585,-0.30412,-0.14261,-0.10264,-0.12526,-0.11056,-0.022978,0.077742,0.10298,0.026187,-0.094658,-0.16946,-0.14064,-0.020895,0.11906,0.19231,0.151,0.013626,-0.14625,-0.25125,-0.27299,-0.2462,-0.22009,-0.21558,-0.21363,-0.18488,-0.12822,-0.073221,-0.067086,-0.14233,-0.30023,-0.50987,-0.72425,-0.90134,-1.0195,-1.0745,-1.0761,-1.0423,-0.99512,-0.96037,-0.96063,-1.0071,-1.0981,-1.2088,-1.3017,-1.3404,-1.3057,-1.2011,-1.0412,-0.84758,-0.63861,-0.43463,-0.2595,-0.13544,-0.072716,-0.066834,-0.092718,-0.12186,-0.14106,-0.16469,-0.22723,-0.36215,-0.58457,-0.88685,-1.2426,-1.6156,-1.9676,-2.2662
0.050094,-0.18072,-0.51576,-0.9888,-1.3867,-1.4898,-1.3234,-1.0737,-0.88004,-0.78529,-0.75062,-0.68121,-0.50158,-0.25243,-0.064175,-0.011183,-0.041984,-0.056659,-0.011968,0.043713,0.029748,-0.078875,-0.22623,-0.3227,-0.30587,-0.18194,-0.018273,0.092429,0.092177,-0.011427,-0.15912,-0.27902,-0.3432,-0.3704,-0.39254,-0.41015,-0.39741,-0.33195,-0.22688,-0.13065,-0.098565,-0.16621,-0.32928,-0.54808,-0.76689,-0.93824,-1.04,-1.0729,-1.052,-1.0001,-0.94189,-0.90523,-0.91654,-0.99258,-1.131,-1.3076,-1.4775,-1.589,-1.6041,-1.5116,-1.3282,-1.0839,-0.81431,-0.5556,-0.34133,-0.1965,-0.13004,-0.12818,-0.16231,-0.20011,-0.22663,-0.25584,-0.32245,-0.46019,-0.68409,-0.98548,-1.3387,-1.7064,-2.0499,-2.3382
0.17694,-0.076062,-0.42969,-0.91739,-1.3246,-1.4286,-1.2567,-1.0031,-0.81386,-0.73108,-0.70904,-0.643,-0.45023,-0.17454,0.038759,0.10277,0.059906,0.0086816,-0.00093247,-0.0039366,-0.068716,-0.2163,-0.39337,-0.51147,-0.50385,-0.36873,-0.17151,-0.0077237,0.053264,0.0012614,-0.12144,-0.25932,-0.38264,-0.49196,-0.58949,-0.6519,-0.63836,-0.53457,-0.37451,-0.23012,-0.16945,-0.22822,-0.39673,-0.62442,-0.84388,-1.0027,-1.0782,-1.0792,-1.0314,-0.96186,-0.8999,-0.87315,-0.90775,-1.0231,-1.2204,-1.4758,-1.739,-1.9419,-2.0209,-1.9437,-1.7221,-1.4032,-1.0496,-0.7202,-0.45991,-0.29427,-0.22564,-0.23302,-0.27832,-0.32479,-0.35691,-0.38946,-0.45699,-0.59224,-0.80978,-1.1023,-1.4428,-1.797,-2.128,-2.4045
0.26862,-0.0039477,-0.37284,-0.86921,-1.2801,-1.3837,-1.2095,-0.95278,-0.76362,-0.6834,-0.66407,-0.59738,-0.39844,-0.11184,0.11157,0.17815,0.12549,0.04926,0.0027502,-0.039968,-0.13909,-0.31284,-0.50863,-0.63747,-0.63172,-0.48441,-0.25977,-0.055684,0.05068,0.037067,-0.066581,-0.21629,-0.38198,-0.55287,-0.71067,-0.81295,-0.80764,-0.68431,-0.49468,-0.32466,-0.24915,-0.3038,-0.47326,-0.70062,-0.914,-1.0569,-1.1113,-1.0916,-1.0279,-0.95085,-0.88926,-0.87083,-0.92249,-1.0638,-1.2992,-1.604,-1.9236,-2.1801,-2.2955,-2.2248,-1.9764,-1.61,-1.2044,-0.83159,-0.54329,-0.3661,-0.30038,-0.31581,-0.36928,-0.4205,-0.45384,-0.48536,-0.55019,-0.68059,-0.8905,-1.1736,-1.5027,-1.843,-2.1586,-2.4207
0.38439,0.083328,-0.30636,-0.81173,-1.2228,-1.3251,-1.1514,-0.89271,-0.69956,-0.61439,-0.58962,-0.51837,-0.31589,-0.026894,0.19804,0.26108,0.19442,0.089374,0.0017893,-0.084639,-0.2214,-0.42428,-0.64128,-0.78192,-0.77505,-0.60843,-0.34545,-0.089352,0.071175,0.10291,0.020261,-0.14218,-0.3565,-0.60143,-0.83857,-0.99785,-1.0117,-0.87413,-0.65824,-0.46709,-0.38167,-0.4349,-0.60534,-0.82909,-1.0274,-1.145,-1.1683,-1.1199,-1.0374,-0.95327,-0.89472,-0.88741,-0.9569,-1.1228,-1.3889,-1.7318,-2.0945,-2.3922,-2.5353,-2.4668,-2.1965,-1.7912,-1.3428,-0.93465,-0.62461,-0.44061,-0.37999,-0.40704,-0.47362,-0.53355,-0.56784,-0.59291,-0.64655,-0.7635,-0.95902,-1.2254,-1.5368,-1.8614,-2.1641,-2.4152
0.49091,0.16051,-0.25002,-0.75997,-1.1653,-1.266,-1.0972,-0.8408,-0.64084,-0.54273,-0.50411,-0.42424,-0.22301,0.056774,0.27059,0.32327,0.24145,0.11149,-0.0083791,-0.12732,-0.29133,-0.51536,-0.74907,-0.90193,-0.89423,-0.70972,-0.41126,-0.11007,0.098693,0.17078,0.10983,-0.058976,-0.31165,-0.61977,-0.9277,-1.1435,-1.1828,-1.0443,-0.81623,-0.61718,-0.53181,-0.59003,-0.76468,-0.98432,-1.1663,-1.2538,-1.2404,-1.1599,-1.0562,-0.96547,-0.91146,-0.91362,-0.99291,-1.1676,-1.4399,-1.7856,-2.1469,-2.4382,-2.572,-2.4981,-2.2227,-1.8161,-1.3691,-0.96406,-0.65894,-0.48197,-0.43047,-0.46596,-0.53606,-0.59384,-0.62303,-0.64327,-0.6927,-0.80378,-0.98914,-1.241,-1.5348,-1.8382,-2.1184,-2.3499
0.56377,0.21159,-0.21353,-0.72302,-1.1202,-1.2191,-1.0576,-0.80632,-0.601,-0.48911,-0.43499,-0.34573,-0.14731,0.11921,0.3181,0.35754,0.2618,0.11434,-0.025842,-0.16323,-0.34062,-0.57464,-0.81749,-0.97824,-0.97017,-0.7749,-0.45572,-0.12784,0.11082,0.20971,0.16667,-0.00081517,-0.27218,-0.61563,-0.96446,-1.2152,-1.2749,-1.1445,-0.92095,-0.72721,-0.64938,-0.71327,-0.88985,-1.1061,-1.2767,-1.347,-1.3123,-1.2098,-1.0886,-0.98645,-0.92762,-0.9295,-1.009,-1.1799,-1.4408,-1.7657,-2.098,-2.3589,-2.4709,-2.3907,-2.1283,-1.743,-1.3181,-0.93247,-0.64324,-0.47839,-0.43328,-0.47347,-0.54467,-0.60068,-0.62661,-0.64318,-0.68867,-0.79481,-0.97338,-1.2148,-1.4966,-1.7889,-2.0607,-2.2871
0.65019,0.27063,-0.17207,-0.67533,-1.0554,-1.152,-1.0045,-0.76501,-0.5541,-0.42061,-0.34034,-0.23428,-0.039823,0.20495,0.3772,0.39217,0.27274,0.099924,-0.065243,-0.22183,-0.4102,-0.65054,-0.89963,-1.0657,-1.0582,-0.85412,-0.51733,-0.16379,0.10344,0.2329,0.21474,0.059258,-0.21642,-0.58069,-0.96224,-1.2437,-1.3291,-1.2179,-1.0156,-0.84413,-0.7873,-0.86952,-1.0568,-1.2739,-1.4351,-1.4856,-1.4252,-1.2952,-1.1491,-1.0277,-0.95566,-0.948,-1.0168,-1.1691,-1.3997,-1.678,-1.9489,-2.1447,-2.2083,-2.1149,-1.8792,-1.5469,-1.1793,-0.83908,-0.57815,-0.42691,-0.38721,-0.42452,-0.49152,-0.54509,-0.57188,-0.59201,-0.64108,-0.7475,-0.92077,-1.1523,-1.4195,-1.6952,-1.9516,-2.1666
0.7219,0.3198,-0.13695,-0.62869,-0.98584,-1.0791,-0.95081,-0.72875,-0.51565,-0.35973,-0.24781,-0.11945,0.074446,0.29616,0.43565,0.4186,0.26857,0.065929,-0.12406,-0.29522,-0.48802,-0.72775,-0.97673,-1.1447,-1.141,-0.93769,-0.59457,-0.22648,0.065658,0.22619,0.24061,0.11216,-0.14903,-0.51085,-0.89703,-1.1913,-1.2947,-1.2104,-1.0377,-0.89923,-0.87625,-0.98972,-1.2034,-1.4362,-1.5993,-1.6384,-1.5564,-1.401,-1.2293,-1.0858,-0.99448,-0.96771,-1.0141,-1.1373,-1.3251,-1.5459,-1.7473,-1.8728,-1.8835,-1.7738,-1.5611,-1.2814,-0.97658,-0.6912,-0.46702,-0.33305,-0.29446,-0.32774,-0.38829,-0.43742,-0.46486,-0.49131,-0.54964,-0.66341,-0.83774,-1.0623,-1.3165,-1.5759,-1.8179,-2.0248
0.76555,0.34971,-0.11471,-0.59382,-0.93101,-1.0215,-0.91059,-0.70448,-0.49182,-0.31935,-0.18133,-0.032298,0.16424,0.36983,0.48256,0.43654,0.25868,0.030655,-0.17884,-0.35932,-0.55154,-0.78645,-1.0319,-1.1993,-1.1997,-1.0024,-0.66361,-0.29224,0.013784,0.19858,0.24231,0.14335,-0.091383,-0.42995,-0.79721,-1.0825,-1.1938,-1.1349,-0.99803,-0.89725,-0.90961,-1.0527,-1.2896,-1.5392,-1.7113,-1.7522,-1.6638,-1.4938,-1.3035,-1.1383,-1.0269,-0.9829,-1.012,-1.1113,-1.2672,-1.4433,-1.5902,-1.6615,-1.6336,-1.5101,-1.3137,-1.0716,-0.81025,-0.56046,-0.35733,-0.23044,-0.19037,-0.21727,-0.27496,-0.32744,-0.36347,-0.40079,-0.46915,-0.58957,-0.7655,-0.98635,-1.232,-1.4806,-1.7125,-1.913
0.80961,0.3801,-0.090343,-0.54883,-0.85577,-0.94278,-0.85771,-0.678,-0.46894,-0.27395,-0.09997,0.080928,0.28695,0.47457,0.55171,0.4635,0.24372,-0.022131,-0.25947,-0.45169,-0.64003,-0.86365,-1.1002,-1.2671,-1.2763,-1.0941,-0.76992,-0.40169,-0.081228,0.13646,0.22605,0.17852,-0.0013304,-0.28294,-0.59858,-0.84892,-0.96187,-0.94107,-0.86513,-0.82905,-0.89879,-1.0917,-1.3692,-1.6502,-1.8436,-1.8927,-1.7999,-1.6157,-1.4037,-1.2155,-1.0807,-1.0125,-1.0144,-1.0824,-1.1944,-1.315,-1.3988,-1.4096,-1.3357,-1.1916,-1.0029,-0.78968,-0.56786,-0.35607,-0.17955,-0.063696,-0.020352,-0.041885,-0.097752,-0.15769,-0.21043,-0.26847,-0.35488,-0.48621,-0.66463,-0.88061,-1.1161,-1.3526,-1.5735,-1.7662
0.83152,0.39507,-0.076655,-0.51656,-0.80015,-0.88508,-0.82064,-0.66336,-0.4588,-0.2471,-0.044721,0.1623,0.38008,0.55883,0.61171,0.49236,0.23932,-0.058348,-0.32011,-0.52299,-0.70802,-0.92142,-1.1494,-1.3163,-1.3336,-1.1662,-0.8568,-0.49395,-0.16363,0.079844,0.20778,0.20721,0.079627,-0.14627,-0.41074,-0.62815,-0.73998,-0.74797,-0.71879,-0.7329,-0.84921,-1.0839,-1.3974,-1.7078,-1.9231,-1.9835,-1.8925,-1.7013,-1.4759,-1.2702,-1.1172,-1.0325,-1.0193,-1.0681,-1.1562,-1.2426,-1.283,-1.2484,-1.1383,-0.97551,-0.78473,-0.58507,-0.3846,-0.1924,-0.026783,0.088223,0.13446,0.11779,0.059617,-0.012785,-0.08536,-0.16472,-0.26874,-0.41113,-0.59331,-0.80596,-1.0341,-1.2616,-1.4744,-1.6619
0.84479,0.40414,-0.064227,-0.47804,-0.7309,-0.81342,-0.77867,-0.65258,-0.45509,-0.22171,0.019224,0.2635,0.50055,0.67499,0.70327,0.54798,0.25227,-0.090673,-0.39107,-0.61481,-0.80068,-1.0035,-1.2202,-1.3839,-1.4098,-1.2624,-0.97313,-0.62008,-0.27688,0.00096018,0.18312,0.25119,0.20149,0.055797,-0.13542,-0.3091,-0.41588,-0.45804,-0.48388,-0.56061,-0.73926,-1.0296,-1.3931,-1.7469,-1.9952,-2.0775,-1.9933,-1.7947,-1.5525,-1.327,-1.1559,-1.0562,-1.0286,-1.0594,-1.118,-1.164,-1.1568,-1.0753,-0.92626,-0.73578,-0.53496,-0.3354,-0.13929,0.049327,0.21464,0.33217,0.38401,0.36465,0.29331,0.19691,0.0928,-0.019726,-0.15242,-0.31478,-0.50659,-0.71827,-0.93949,-1.1559,-1.3562,-1.5329
0.83987,0.40054,-0.060208,-0.44753,-0.67215,-0.75276,-0.74614,-0.65201,-0.46248,-0.20901,0.069701,0.35111,0.61083,0.78794,0.80136,0.61981,0.28896,-0.095784,-0.43831,-0.69369,-0.89273,-1.0919,-1.2976,-1.4524,-1.4821,-1.3505,-1.0807,-0.73753,-0.38611,-0.076588,0.15644,0.29146,0.32008,0.25626,0.13654,0.0091283,-0.089107,-0.15886,-0.2346,-0.37008,-0.60463,-0.94798,-1.3586,-1.7529,-2.0348,-2.1356,-2.0535,-1.8437,-1.5845,-1.3445,-1.1663,-1.0658,-1.0379,-1.0617,-1.1028,-1.1181,-1.0706,-0.94536,-0.75622,-0.53522,-0.31012,-0.09654,0.10615,0.29982,0.474,0.60467,0.66457,0.64856,0.56521,0.43889,0.29228,0.13471,-0.036286,-0.22491,-0.42987,-0.64358,-0.85727,-1.0629,-1.2536,-1.4239
0.82422,0.38939,-0.064093,-0.43187,-0.63713,-0.71674,-0.7298,-0.65788,-0.4752,-0.20815,0.096036,0.40446,0.68241,0.86456,0.87307,0.67868,0.3291,-0.080309,-0.45263,-0.7368,-0.95427,-1.158,-1.3593,-1.5083,-1.5395,-1.416,-1.1577,-0.81836,-0.45916,-0.12761,0.13974,0.31896,0.39929,0.3908,0.31951,0.22304,0.12899,0.040648,-0.066662,-0.2356,-0.50214,-0.8747,-1.314,-1.7359,-2.0404,-2.1545,-2.0733,-1.8544,-1.5824,-1.3331,-1.1529,-1.057,-1.0354,-1.0617,-1.0951,-1.0933,-1.0234,-0.87538,-0.66498,-0.42147,-0.17684,0.058854,0.28511,0.50036,0.69092,0.83158,0.89825,0.87848,0.7816,0.63144,0.45225,0.25824,0.053426,-0.16118,-0.38166,-0.60192,-0.81265,-1.0086,-1.1867,-1.3464
0.78791,0.36257,-0.079478,-0.42271,-0.60549,-0.68382,-0.71848,-0.67453,-0.50169,-0.22133,0.11166,0.45216,0.75402,0.94732,0.95726,0.75719,0.39469,-0.037193,-0.44286,-0.76717,-1.0204,-1.2454,-1.4531,-1.6018,-1.633,-1.5127,-1.2568,-0.91248,-0.53787,-0.18082,0.12265,0.34786,0.48424,0.53522,0.51538,0.44914,0.35746,0.25059,0.113,-0.085883,-0.38028,-0.77765,-1.2426,-1.6921,-2.0197,-2.148,-2.0661,-1.8339,-1.5459,-1.2871,-1.1082,-1.0235,-1.0182,-1.0565,-1.0939,-1.0846,-0.99563,-0.81952,-0.57581,-0.30021,-0.016456,0.25639,0.51487,0.75695,0.97018,1.1295,1.2055,1.186,1.0753,0.89504,0.67197,0.42746,0.17456,-0.078185,-0.32314,-0.55239,-0.76333,-0.95433,-1.1256,-1.2775
0.74972,0.33323,-0.09886,-0.42581,-0.5941,-0.67117,-0.71914,-0.69274,-0.5289,-0.24306,0.10654,0.46636,0.78488,0.99003,1.0073,0.81135,0.44885,0.0092805,-0.4159,-0.77142,-1.0599,-1.313,-1.5359,-1.6901,-1.7202,-1.5955,-1.3289,-0.97107,-0.58114,-0.20902,0.1114,0.35938,0.52481,0.60684,0.61384,0.56259,0.47338,0.35834,0.20906,-0.0022894,-0.30664,-0.71455,-1.1903,-1.6507,-1.9895,-2.1222,-2.0359,-1.7932,-1.4955,-1.2331,-1.0611,-0.99202,-1.0046,-1.0564,-1.0985,-1.0836,-0.98319,-0.79432,-0.53645,-0.23855,0.06972,0.37342,0.66608,0.94008,1.1776,1.3511,1.4333,1.4099,1.2847,1.0799,0.82429,0.54296,0.25426,-0.027891,-0.29212,-0.53168,-0.74066,-0.92313,-1.084,-1.228
0.68574,0.28312,-0.13631,-0.44445,-0.59658,-0.67127,-0.73145,-0.72387,-0.57461,-0.28822,0.074203,0.45193,0.78882,1.0122,1.0469,0.86673,0.51629,0.078452,-0.36514,-0.76275,-1.1062,-1.4087,-1.6632,-1.8299,-1.856,-1.7152,-1.4231,-1.0375,-0.62519,-0.23916,0.090695,0.35267,0.53993,0.64907,0.68017,0.64219,0.55335,0.43006,0.27244,0.058887,-0.24196,-0.64186,-1.1129,-1.576,-1.9211,-2.0596,-1.972,-1.7231,-1.4202,-1.1612,-1.0018,-0.95185,-0.98475,-1.0545,-1.1045,-1.0906,-0.98681,-0.78932,-0.5139,-0.18885,0.15945,0.50964,0.8461,1.1543,1.4147,1.6008,1.686,1.6559,1.5157,1.2866,0.99713,0.67513,0.34389,0.02356,-0.26874,-0.51942,-0.73156,-0.90723,-1.0549,-1.1833
0.60904,0.22126,-0.18684,-0.48147,-0.62049,-0.69069,-0.75632,-0.76327,-0.62997,-0.35201,0.011498,0.39614,0.74497,0.98627,1.0436,0.88958,0.56346,0.14009,-0.31082,-0.7458,-1.1486,-1.5108,-1.8072,-1.9908,-2.0108,-1.8438,-1.5157,-1.0948,-0.6604,-0.26995,0.05581,0.31526,0.51056,0.63552,0.68218,0.65034,0.55808,0.42849,0.27109,0.06878,-0.21059,-0.58537,-1.0343,-1.4838,-1.8256,-1.9687,-1.8884,-1.6469,-1.3535,-1.1048,-0.95869,-0.92532,-0.97681,-1.0602,-1.122,-1.1127,-1.005,-0.79712,-0.50632,-0.15813,0.22033,0.60535,0.97784,1.3174,1.5987,1.7926,1.8745,1.8325,1.6732,1.4193,1.1,0.74472,0.38101,0.035266,-0.27088,-0.52794,-0.73184,-0.89528,-1.0324,-1.1547
0.54515,0.16804,-0.23364,-0.52122,-0.65268,-0.71778,-0.78284,-0.79701,-0.67649,-0.41095,-0.055576,0.32667,0.67898,0.93158,1.0078,0.87791,0.57759,0.17427,-0.27336,-0.73014,-1.1768,-1.5895,-1.925,-2.1256,-2.1389,-1.9449,-1.5808,-1.1296,-0.68353,-0.29805,0.01349,0.26287,0.45866,0.59319,0.64925,0.62176,0.52623,0.39258,0.23663,0.047667,-0.20784,-0.55174,-0.97116,-1.3999,-1.7331,-1.8808,-1.8137,-1.589,-1.3137,-1.0832,-0.95445,-0.9348,-0.99351,-1.0793,-1.1362,-1.1219,-1.0137,-0.80749,-0.51378,-0.15492,0.24448,0.65575,1.0508,1.4033,1.6875,1.8772,1.9504,1.8969,1.7255,1.4584,1.1248,0.75471,0.37698,0.019509,-0.29418,-0.54934,-0.7512,-0.90753,-1.033,-1.141
0.45424,0.089073,-0.30725,-0.59048,-0.71458,-0.76904,-0.82754,-0.84723,-0.74404,-0.50173,-0.16837,0.19895,0.54776,0.81045,0.91147,0.81837,0.5602,0.19345,-0.23805,-0.71265,-1.2116,-1.6926,-2.0856,-2.3128,-2.3148,-2.0793,-1.6623,-1.1743,-0.71932,-0.35072,-0.06463,0.16657,0.35932,0.50345,0.57262,0.55322,0.45828,0.32203,0.17043,9.8128e-05,-0.21804,-0.51461,-0.88382,-1.2713,-1.5864,-1.7401,-1.7029,-1.5217,-1.289,-1.0959,-0.99318,-0.98711,-1.0479,-1.1262,-1.1701,-1.1415,-1.0217,-0.80887,-0.51246,-0.14688,0.2606,0.68265,1.0889,1.4489,1.7325,1.9123,1.9684,1.8959,1.7049,1.4201,1.0726,0.69301,0.31143,-0.043395,-0.34848,-0.5928,-0.77863,-0.92057,-1.035,-1.1348
0.36073,0.0036346,-0.39261,-0.67814,-0.79787,-0.83777,-0.88248,-0.90134,-0.81593,-0.60367,-0.30354,0.035538,0.37022,0.63763,0.7631,0.70903,0.49765,0.17489,-0.23042,-0.71085,-1.2495,-1.788,-2.2314,-2.4805,-2.4692,-2.1938,-1.7331,-1.2209,-0.77175,-0.43105,-0.17828,0.034047,0.2303,0.39408,0.48608,0.47929,0.38618,0.24674,0.10069,-0.04731,-0.22568,-0.46885,-0.78283,-1.1269,-1.4225,-1.5917,-1.5998,-1.4781,-1.3046,-1.157,-1.0825,-1.0867,-1.1409,-1.1978,-1.2144,-1.1617,-1.0275,-0.8106,-0.51525,-0.15566,0.25194,0.67461,1.0761,1.4226,1.6853,1.8407,1.8733,1.7796,1.5748,1.2843,0.93821,0.5661,0.19682,-0.14203,-0.42851,-0.65299,-0.81998,-0.94388,-1.0423,-1.1299
0.29113,-0.062658,-0.46286,-0.75519,-0.87422,-0.90078,-0.92964,-0.94362,-0.87079,-0.68435,-0.41537,-0.10544,0.21086,0.47847,0.6222,0.59808,0.42296,0.13533,-0.24631,-0.72332,-1.2799,-1.8489,-2.3201,-2.5813,-2.5611,-2.2626,-1.7811,-1.2623,-0.82693,-0.51378,-0.28879,-0.089322,0.11827,0.30922,0.42935,0.44059,0.35184,0.20983,0.064092,-0.071052,-0.22269,-0.42951,-0.70628,-1.0207,-1.3039,-1.4841,-1.5263,-1.4541,-1.3324,-1.2284,-1.1831,-1.1984,-1.245,-1.2802,-1.267,-1.1837,-1.0265,-0.79965,-0.5082,-0.15806,0.23163,0.63454,1.0172,1.3457,1.5898,1.7256,1.7395,1.6322,1.4205,1.1315,0.79464,0.43747,0.087016,-0.23031,-0.49443,-0.69751,-0.84779,-0.96086,-1.053,-1.1358
0.20286,-0.15201,-0.56347,-0.87162,-0.99299,-0.99887,-0.99991,-1.0021,-0.94252,-0.79169,-0.57051,-0.3083,-0.025657,0.23529,0.40088,0.4176,0.29121,0.0507,-0.29493,-0.75545,-1.3177,-1.9081,-2.4021,-2.6739,-2.646,-2.33,-1.8359,-1.3252,-0.91956,-0.64991,-0.46223,-0.27252,-0.041214,0.1971,0.36714,0.4156,0.34378,0.20306,0.054329,-0.073876,-0.20205,-0.37245,-0.60869,-0.89013,-1.1595,-1.3559,-1.4466,-1.4451,-1.3987,-1.3581,-1.3516,-1.3769,-1.4073,-1.4065,-1.3481,-1.2247,-1.0406,-0.80226,-0.51348,-0.18125,0.18334,0.55317,0.89627,1.1825,1.387,1.4911,1.4833,1.3685,1.1629,0.89132,0.57976,0.25313,-0.063723,-0.3467,-0.57841,-0.75451,-0.88256,-0.97927,-1.0605,-1.1375
0.14192,-0.21756,-0.64276,-0.96794,-1.0942,-1.0829,-1.058,-1.0459,-0.99306,-0.8681,-0.68523,-0.46401,-0.21269,0.037464,0.21575,0.26206,0.17245,-0.031613,-0.34658,-0.78652,-1.3403,-1.9316,-2.4302,-2.7057,-2.6755,-2.3571,-1.8694,-1.3795,-1.0069,-0.77389,-0.60936,-0.41719,-0.15771,0.12279,0.33555,0.41631,0.3638,0.22922,0.080133,-0.048203,-0.17046,-0.327,-0.545,-0.81019,-1.0733,-1.2808,-1.4021,-1.4469,-1.4535,-1.4602,-1.4887,-1.5301,-1.554,-1.5278,-1.4336,-1.2731,-1.0611,-0.81007,-0.52459,-0.20644,0.13034,0.46571,0.77204,1.0224,1.195,1.2747,1.2565,1.1436,0.95333,0.70787,0.42789,0.13255,-0.15653,-0.41569,-0.62705,-0.78674,-0.90307,-0.99152,-1.0673,-1.1404
0.070132,-0.30035,-0.75028,-1.1064,-1.244,-1.2084,-1.1434,-1.1055,-1.0554,-0.96006,-0.82664,-0.6626,-0.45877,-0.23017,-0.042357,0.03908,-0.0028786,-0.15745,-0.42816,-0.83317,-1.3625,-1.9382,-2.4276,-2.6978,-2.6685,-2.3598,-1.8989,-1.4541,-1.1384,-0.9564,-0.81705,-0.61044,-0.30136,0.043217,0.31618,0.44382,0.42231,0.30271,0.15448,0.019022,-0.11057,-0.26814,-0.47964,-0.73485,-0.99362,-1.2114,-1.3653,-1.4631,-1.5325,-1.6011,-1.6751,-1.7371,-1.7547,-1.6999,-1.5648,-1.3639,-1.1196,-0.84858,-0.55893,-0.25705,0.047554,0.33506,0.58369,0.7761,0.90182,0.9558,0.93599,0.85005,0.70517,0.51106,0.27883,0.023885,-0.23201,-0.46476,-0.65697,-0.80366,-0.91294,-0.99908,-1.0744,-1.1468
0.010717,-0.37506,-0.85611,-1.2513,-1.4064,-1.3483,-1.2395,-1.1689,-1.1117,-1.0368,-0.94607,-0.83609,-0.68226,-0.48286,-0.29385,-0.18567,-0.18543,-0.29235,-0.51647,-0.87868,-1.3698,-1.9136,-2.3802,-2.6397,-2.6157,-2.3317,-1.914,-1.5246,-1.2662,-1.129,-1.0064,-0.77948,-0.42105,-0.015981,0.31272,0.48834,0.50264,0.40461,0.26029,0.1127,-0.036035,-0.21365,-0.43762,-0.69749,-0.9585,-1.1837,-1.3567,-1.4876,-1.6021,-1.7197,-1.8388,-1.9321,-1.9598,-1.892,-1.7267,-1.488,-1.2074,-0.90974,-0.60967,-0.31769,-0.044353,0.19527,0.3882,0.5276,0.61393,0.65277,0.65065,0.61165,0.53295,0.40712,0.22969,0.0089165,-0.23102,-0.45845,-0.64918,-0.79695,-0.90758,-0.99523,-1.0728,-1.1485
-0.024879,-0.42417,-0.93176,-1.3605,-1.5337,-1.4606,-1.319,-1.2198,-1.1506,-1.0833,-1.0171,-0.94247,-0.82495,-0.64994,-0.46551,-0.34366,-0.31788,-0.39323,-0.58287,-0.90908,-1.3643,-1.8756,-2.3179,-2.566,-2.5487,-2.2902,-1.9104,-1.564,-1.3439,-1.2321,-1.1147,-0.87077,-0.48178,-0.042708,0.31782,0.5216,0.55997,0.48022,0.34289,0.18967,0.02339,-0.1751,-0.41715,-0.68835,-0.955,-1.1833,-1.3631,-1.508,-1.6439,-1.7898,-1.9407,-2.0635,-2.1102,-2.0441,-1.8646,-1.5993,-1.2889,-0.96707,-0.65492,-0.36507,-0.11034,0.098237,0.25435,0.35975,0.42464,0.46381,0.48843,0.49907,0.47903,0.4053,0.26307,0.058731,-0.17905,-0.41258,-0.61343,-0.77136,-0.89281,-0.99084,-1.0762,-1.1551
-0.060293,-0.4793,-1.0244,-1.503,-1.7054,-1.6178,-1.4338,-1.2928,-1.1994,-1.1307,-1.0851,-1.0477,-0.97215,-0.82939,-0.65724,-0.52671,-0.47803,-0.52066,-0.66877,-0.94519,-1.3454,-1.804,-2.2062,-2.4359,-2.4278,-2.2037,-1.8758,-1.5824,-1.4046,-1.3139,-1.1927,-0.92815,-0.51335,-0.052967,0.32826,0.55536,0.62299,0.57153,0.45247,0.29764,0.10792,-0.12452,-0.40079,-0.69679,-0.97434,-1.2071,-1.3898,-1.5425,-1.6953,-1.8684,-2.0549,-2.2157,-2.2926,-2.2393,-2.0477,-1.7537,-1.4082,-1.0544,-0.72057,-0.42635,-0.18427,-0.0037141,0.11539,0.18644,0.2349,0.28905,0.36334,0.44786,0.50661,0.49638,0.39076,0.19492,-0.056002,-0.31439,-0.54273,-0.72554,-0.86747,-0.97965,-1.0737,-1.1577
-0.083552,-0.5214,-1.1046,-1.6354,-1.8727,-1.7786,-1.5559,-1.3715,-1.2461,-1.1632,-1.1231,-1.1078,-1.0637,-0.95011,-0.79591,-0.67052,-0.61398,-0.6351,-0.74696,-0.97285,-1.3138,-1.7153,-2.0743,-2.2824,-2.2788,-2.0822,-1.794,-1.5387,-1.3855,-1.3013,-1.1738,-0.90179,-0.49016,-0.03837,0.33849,0.57684,0.67023,0.64957,0.55226,0.39723,0.18721,-0.082412,-0.39609,-0.7192,-1.0124,-1.2479,-1.4285,-1.5812,-1.7411,-1.931,-2.1453,-2.342,-2.4542,-2.4211,-2.2274,-1.9074,-1.5224,-1.1299,-0.77015,-0.46704,-0.2335,-0.072984,0.024283,0.082274,0.13601,0.21999,0.34924,0.49991,0.62114,0.65674,0.5733,0.3751,0.10161,-0.19135,-0.45683,-0.67145,-0.839,-0.96838,-1.0727,-1.1625
-0.09446,-0.54509,-1.1546,-1.7241,-1.9905,-1.8961,-1.6495,-1.4329,-1.2798,-1.1799,-1.1347,-1.126,-1.0972,-1.0017,-0.86368,-0.75067,-0.69883,-0.7118,-0.79949,-0.98732,-1.2836,-1.6426,-1.9686,-2.1579,-2.1512,-1.9664,-1.6977,-1.4598,-1.3147,-1.2279,-1.0948,-0.82815,-0.43543,-0.0088952,0.34959,0.58385,0.68794,0.68763,0.60691,0.45807,0.23822,-0.050144,-0.387,-0.73178,-1.0396,-1.2831,-1.4662,-1.6191,-1.7805,-1.9779,-2.2073,-2.425,-2.5582,-2.5386,-2.3406,-2.001,-1.5901,-1.1745,-0.79925,-0.48877,-0.25683,-0.10103,-0.0077966,0.051314,0.11684,0.22718,0.39376,0.58644,0.74261,0.7983,0.71826,0.50959,0.21662,-0.1,-0.38986,-0.62921,-0.81487,-0.95899,-1.0747,-1.1718
-0.1031,-0.56799,-1.2076,-1.8236,-2.13,-2.0426,-1.7711,-1.5156,-1.324,-1.1943,-1.1313,-1.1179,-1.0969,-1.0192,-0.90553,-0.81899,-0.78693,-0.80126,-0.86419,-1.0037,-1.2402,-1.542,-1.8228,-1.9835,-1.9641,-1.7817,-1.5237,-1.2944,-1.148,-1.0525,-0.91803,-0.67343,-0.32701,0.044726,0.36096,0.57731,0.69061,0.71562,0.66223,0.52742,0.30171,-0.0077963,-0.3741,-0.74827,-1.0781,-1.3382,-1.5308,-1.6873,-1.8505,-2.0482,-2.28,-2.5057,-2.6517,-2.6406,-2.4433,-2.0911,-1.6569,-1.2147,-0.81801,-0.49872,-0.26351,-0.10967,-0.015549,0.055371,0.14692,0.29369,0.49952,0.7242,0.9015,0.96792,0.88915,0.67158,0.35857,0.012258,-0.31182,-0.58112,-0.79399,-0.95688,-1.0832,-1.1848
-0.10769,-0.57952,-1.2365,-1.8822,-2.2181,-2.1398,-1.8566,-1.5756,-1.3551,-1.1996,-1.1174,-1.0926,-1.0692,-1.0001,-0.90607,-0.84519,-0.83596,-0.85971,-0.9108,-1.0176,-1.21,-1.4685,-1.7141,-1.8497,-1.8148,-1.6257,-1.3654,-1.1332,-0.98022,-0.87918,-0.75118,-0.533,-0.2314,0.090659,0.36664,0.56393,0.68046,0.72305,0.69004,0.56598,0.34015,0.01633,-0.36921,-0.76222,-1.1104,-1.3825,-1.5834,-1.7443,-1.9062,-2.1,-2.3265,-2.5474,-2.6905,-2.6799,-2.4777,-2.116,-1.6714,-1.2222,-0.82335,-0.50278,-0.26922,-0.11162,-0.0059448,0.083739,0.19823,0.36757,0.58976,0.82573,1.0075,1.0727,0.98822,0.76156,0.43651,0.075385,-0.26568,-0.55453,-0.78217,-0.9569,-1.0914,-1.1972
-0.11398,-0.58953,-1.2618,-1.9378,-2.3079,-2.247,-1.9562,-1.6493,-1.3929,-1.2012,-1.0883,-1.0409,-1.0059,-0.94259,-0.87491,-0.85344,-0.88292,-0.92759,-0.96999,-1.0389,-1.1763,-1.3784,-1.5756,-1.6728,-1.6104,-1.4035,-1.1326,-0.89167,-0.73037,-0.62719,-0.5148,-0.33829,-0.099599,0.15378,0.37271,0.53558,0.64506,0.70271,0.69402,0.59117,0.37328,0.0445,-0.35898,-0.77793,-1.1534,-1.4498,-1.6664,-1.8319,-1.9864,-2.1613,-2.3614,-2.5555,-2.6798,-2.6612,-2.463,-2.1071,-1.6655,-1.218,-0.82277,-0.50685,-0.27436,-0.10934,0.016242,0.13555,0.28,0.46916,0.69831,0.9282,1.1006,1.1594,1.0724,0.84321,0.51044,0.13408,-0.22742,-0.53542,-0.7808,-0.96655,-1.1061,-1.2139
-0.12398,-0.59625,-1.274,-1.9673,-2.363,-2.3223,-2.0333,-1.7089,-1.4218,-1.195,-1.0494,-0.97453,-0.92236,-0.85886,-0.81566,-0.8384,-0.91407,-0.98735,-1.0276,-1.063,-1.1483,-1.2954,-1.4448,-1.5029,-1.4107,-1.1818,-0.89652,-0.64727,-0.48184,-0.38304,-0.29184,-0.16052,0.015872,0.20315,0.36704,0.49492,0.59212,0.65842,0.66732,0.58444,0.37896,0.053794,-0.35924,-0.79988,-1.2014,-1.5239,-1.7562,-1.9208,-2.058,-2.1981,-2.3539,-2.504,-2.5951,-2.5645,-2.3748,-2.0435,-1.6325,-1.2129,-0.83716,-0.53221,-0.29763,-0.11716,0.033715,0.18178,0.35014,0.55072,0.77428,0.98893,1.1445,1.191,1.0983,0.86824,0.53609,0.15794,-0.21027,-0.53078,-0.78668,-0.98287,-1.1306,-1.2417
-0.1354,-0.60125,-1.2762,-1.9728,-2.3801,-2.3551,-2.0731,-1.7407,-1.4354,-1.185,-1.0157,-0.9202,-0.85242,-0.78608,-0.7602,-0.81654,-0.92954,-1.028,-1.0691,-1.0806,-1.1276,-1.2347,-1.35,-1.382,-1.27,-1.0271,-0.7326,-0.47801,-0.31213,-0.21946,-0.14792,-0.050049,0.080584,0.22098,0.3452,0.45049,0.54206,0.61407,0.63582,0.56418,0.36795,0.042238,-0.37745,-0.82924,-1.2464,-1.5792,-1.8153,-1.9738,-2.0906,-2.1998,-2.3165,-2.4273,-2.4913,-2.4556,-2.2843,-1.9836,-1.6032,-1.2087,-0.85254,-0.55869,-0.32866,-0.14222,0.026461,0.19874,0.38688,0.59299,0.80686,1.0023,1.1389,1.1753,1.0831,0.86017,0.53487,0.15835,-0.21387,-0.53996,-0.80327,-1.0034,-1.1516,-1.2616
-0.15827,-0.61052,-1.2729,-1.9615,-2.3728,-2.3648,-2.0968,-1.7624,-1.4399,-1.1637,-0.96701,-0.84537,-0.75593,-0.68406,-0.67766,-0.77563,-0.93842,-1.0723,-1.1168,-1.0994,-1.0995,-1.1574,-1.231,-1.2348,-1.1047,-0.85186,-0.55137,-0.29289,-0.12605,-0.042907,0.0059371,0.064393,0.14396,0.22946,0.30648,0.37718,0.45364,0.52755,0.56554,0.51425,0.33441,0.015573,-0.40935,-0.87571,-1.3104,-1.6557,-1.8913,-2.0311,-2.1091,-2.1657,-2.2222,-2.2777,-2.307,-2.2704,-2.1314,-1.8877,-1.5698,-1.227,-0.90455,-0.62824,-0.39669,-0.19453,-0.0020375,0.19383,0.39643,0.60195,0.79965,0.97187,1.0894,1.1173,1.0277,0.81431,0.50024,0.13198,-0.23742,-0.56763,-0.83471,-1.0382,-1.1878,-1.2964
-0.18223,-0.62077,-1.2676,-1.9411,-2.3462,-2.3467,-2.0912,-1.7605,-1.4302,-1.1407,-0.92824,-0.78867,-0.68442,-0.60799,-0.61293,-0.73854,-0.93477,-1.0932,-1.1413,-1.1057,-1.0757,-1.1028,-1.1515,-1.139,-1.0015,-0.74662,-0.44558,-0.18691,-0.020399,0.056517,0.08981,0.1227,0.16999,0.22331,0.27255,0.32108,0.3825,0.45305,0.49637,0.4595,0.29379,-0.013256,-0.43689,-0.91293,-1.3597,-1.7138,-1.9431,-2.0577,-2.0978,-2.1064,-2.1182,-2.1414,-2.1567,-2.128,-2.0192,-1.8191,-1.5487,-1.248,-0.95593,-0.69522,-0.46643,-0.25588,-0.048873,0.16139,0.37234,0.57611,0.76248,0.91759,1.0202,1.0424,0.95878,0.75957,0.46033,0.10121,-0.26658,-0.59745,-0.86926,-1.0752,-1.2234,-1.3277
-0.22371,-0.64067,-1.259,-1.901,-2.2858,-2.2901,-2.0506,-1.7306,-1.3986,-1.101,-0.87534,-0.71796,-0.59643,-0.51369,-0.53008,-0.68446,-0.91478,-1.0978,-1.1489,-1.0941,-1.0334,-1.0311,-1.0589,-1.0347,-0.89501,-0.6437,-0.34792,-0.092836,0.070153,0.14228,0.1615,0.16951,0.18339,0.20221,0.21949,0.24607,0.29348,0.3597,0.40816,0.38401,0.23575,-0.060602,-0.48236,-0.96494,-1.4223,-1.7753,-1.9864,-2.0647,-2.0534,-2.0065,-1.9656,-1.9489,-1.9483,-1.9338,-1.8712,-1.7369,-1.5333,-1.2873,-1.0332,-0.79359,-0.57224,-0.35947,-0.14325,0.078141,0.29515,0.49488,0.66739,0.80601,0.89683,0.91772,0.84347,0.66027,0.37864,0.034219,-0.32455,-0.65404,-0.92587,-1.1326,-1.2803,-1.3815
-0.27638,-0.66875,-1.2515,-1.8507,-2.201,-2.1965,-1.9709,-1.667,-1.3458,-1.0524,-0.82419,-0.65696,-0.5217,-0.43172,-0.45382,-0.62457,-0.87449,-1.0704,-1.1208,-1.0528,-0.97388,-0.95648,-0.97775,-0.9557,-0.82685,-0.58938,-0.30483,-0.055048,0.10707,0.18203,0.20106,0.20006,0.19565,0.18657,0.17522,0.17555,0.2079,0.27023,0.32847,0.32154,0.1904,-0.092971,-0.5121,-1.0008,-1.464,-1.8156,-2.0072,-2.0471,-1.9871,-1.8891,-1.8056,-1.7612,-1.7522,-1.7534,-1.7296,-1.6525,-1.5138,-1.3267,-1.1146,-0.89784,-0.68354,-0.4687,-0.24999,-0.030871,0.17856,0.36733,0.52794,0.65583,0.74201,0.76696,0.70543,0.54021,0.27628,-0.055222,-0.40703,-0.7331,-1.0037,-1.2072,-1.3489,-1.4426
-0.3228,-0.69596,-1.2478,-1.8078,-2.123,-2.105,-1.8868,-1.598,-1.292,-1.0106,-0.78734,-0.61684,-0.4739,-0.37752,-0.39903,-0.57343,-0.82788,-1.026,-1.0739,-0.99949,-0.91453,-0.89528,-0.92133,-0.91303,-0.80307,-0.58394,-0.31106,-0.063147,0.10572,0.19012,0.21752,0.21707,0.20432,0.17989,0.15245,0.13925,0.16402,0.22442,0.286,0.28618,0.165,-0.10916,-0.52125,-1.0067,-1.4702,-1.8187,-2.0001,-2.0196,-1.9296,-1.8006,-1.6894,-1.6267,-1.6133,-1.6261,-1.6301,-1.5914,-1.4938,-1.3427,-1.1576,-0.9569,-0.75233,-0.54396,-0.33082,-0.11827,0.082373,0.26059,0.41269,0.53353,0.61791,0.64668,0.59274,0.4368,0.18283,-0.13875,-0.48193,-0.80236,-1.0687,-1.2707,-1.4124,-1.5052
-0.39309,-0.73989,-1.2457,-1.7448,-2.004,-1.9594,-1.7475,-1.4826,-1.2052,-0.9485,-0.73946,-0.56969,-0.41861,-0.31276,-0.32737,-0.49556,-0.74256,-0.93204,-0.97345,-0.8977,-0.81712,-0.80903,-0.85594,-0.88018,-0.80625,-0.61731,-0.35902,-0.10906,0.07591,0.17998,0.22251,0.22818,0.21082,0.17828,0.14082,0.12204,0.14112,0.198,0.25739,0.26111,0.15129,-0.10937,-0.50796,-0.98441,-1.4451,-1.79,-1.9615,-1.9609,-1.8423,-1.6821,-1.5431,-1.4611,-1.4417,-1.4646,-1.4965,-1.5,-1.45,-1.3412,-1.1857,-1.0023,-0.80596,-0.60615,-0.40753,-0.21425,-0.032072,0.13259,0.27325,0.38848,0.46765,0.49255,0.43915,0.28939,0.045018,-0.2672,-0.60344,-0.91977,-1.1824,-1.3787,-1.5119,-1.5944
-0.47108,-0.79158,-1.2468,-1.6776,-1.8708,-1.7928,-1.5846,-1.3472,-1.106,-0.88132,-0.69157,-0.52667,-0.36935,-0.25216,-0.25437,-0.40491,-0.62853,-0.79564,-0.82693,-0.75858,-0.6992,-0.72112,-0.80511,-0.87093,-0.83847,-0.68155,-0.43842,-0.18537,0.016234,0.14451,0.20852,0.22845,0.21706,0.18487,0.14684,0.12523,0.14117,0.19415,0.25441,0.26505,0.16595,-0.07887,-0.46329,-0.92967,-1.3839,-1.7271,-1.8939,-1.8819,-1.7459,-1.5644,-1.4064,-1.3112,-1.2869,-1.3166,-1.3671,-1.3997,-1.3838,-1.3058,-1.1709,-0.99775,-0.80573,-0.61164,-0.42447,-0.24803,-0.084806,0.061897,0.18908,0.28827,0.35283,0.36564,0.30332,0.14818,-0.097913,-0.40883,-0.74236,-1.0544,-1.3143,-1.5074,-1.6349,-1.7074
-0.53346,-0.83452,-1.2498,-1.6239,-1.7643,-1.658,-1.4521,-1.2375,-1.0259,-0.8278,-0.654,-0.49278,-0.33101,-0.2052,-0.19607,-0.32772,-0.52481,-0.6666,-0.68678,-0.62768,-0.59434,-0.6516,-0.77387,-0.87636,-0.87734,-0.74566,-0.51532,-0.26067,-0.046051,0.10201,0.18526,0.21825,0.21424,0.18581,0.15274,0.13676,0.15702,0.21033,0.26785,0.27715,0.18222,-0.052235,-0.42208,-0.87415,-1.3192,-1.659,-1.8266,-1.8148,-1.6733,-1.4829,-1.3133,-1.2074,-1.1777,-1.2108,-1.2728,-1.3242,-1.3285,-1.266,-1.1386,-0.96602,-0.77192,-0.57861,-0.39675,-0.22788,-0.071211,0.070446,0.18807,0.27694,0.32217,0.30918,0.22181,0.048448,-0.20771,-0.52285,-0.85746,-1.17,-1.4274,-1.6147,-1.7336,-1.7967
-0.6201,-0.89617,-1.2548,-1.5495,-1.6168,-1.4721,-1.2692,-1.0859,-0.91584,-0.75331,-0.60039,-0.44236,-0.27243,-0.13597,-0.10864,-0.20902,-0.3613,-0.45946,-0.45983,-0.41722,-0.43025,-0.54857,-0.73413,-0.89547,-0.94505,-0.84817,-0.63532,-0.37844,-0.14601,0.027048,0.13296,0.18112,0.18609,0.16729,0.14732,0.15019,0.18419,0.24104,0.29085,0.29178,0.19848,-0.022507,-0.36933,-0.79804,-1.228,-1.5648,-1.7367,-1.7272,-1.5824,-1.379,-1.1953,-1.0805,-1.0498,-1.0895,-1.1673,-1.2378,-1.2609,-1.2127,-1.0914,-0.9138,-0.70943,-0.50267,-0.30882,-0.1328,0.025108,0.16217,0.27022,0.33601,0.34681,0.2909,0.15854,-0.054088,-0.33855,-0.67073,-1.0147,-1.3303,-1.5896,-1.776,-1.8883,-1.9373
-0.68586,-0.9446,-1.2589,-1.4926,-1.5051,-1.3326,-1.1321,-0.97274,-0.83361,-0.69739,-0.55808,-0.40021,-0.22244,-0.076092,-0.033333,-0.10544,-0.2172,-0.2773,-0.26208,-0.2361,-0.29155,-0.46424,-0.70471,-0.91463,-1.0026,-0.93187,-0.73155,-0.47427,-0.23056,-0.042478,0.077229,0.13447,0.14562,0.13443,0.12702,0.14442,0.18946,0.25009,0.29657,0.29426,0.20061,-0.0098142,-0.3405,-0.75284,-1.1694,-1.5031,-1.6785,-1.6731,-1.5268,-1.3174,-1.1245,-1.0016,-0.96842,-1.0141,-1.1046,-1.1931,-1.2337,-1.196,-1.0741,-0.88767,-0.66613,-0.44071,-0.22978,-0.03853,0.13284,0.27921,0.38622,0.43798,0.41969,0.32328,0.14655,-0.10689,-0.42401,-0.77929,-1.1371,-1.4603,-1.7201,-1.9011,-2.0047,-2.044
-0.77364,-1.0106,-1.2642,-1.4165,-1.3587,-1.1527,-0.95654,-0.82812,-0.72906,-0.62536,-0.50053,-0.33838,-0.14596,0.018691,0.086697,0.057746,0.0051789,-0.0020875,0.031616,0.03058,-0.08761,-0.34003,-0.65995,-0.9375,-1.0768,-1.0403,-0.85789,-0.60453,-0.35267,-0.15147,-0.019059,0.046393,0.061838,0.057548,0.066348,0.10488,0.17031,0.2403,0.28674,0.2773,0.17976,-0.027824,-0.34534,-0.73702,-1.1352,-1.457,-1.6298,-1.6259,-1.4776,-1.2598,-1.0551,-0.92288,-0.88881,-0.94534,-1.0586,-1.177,-1.2461,-1.2268,-1.1082,-0.90819,-0.66139,-0.40168,-0.15071,0.082039,0.29047,0.46261,0.57928,0.61757,0.56249,0.41064,0.16916,-0.14682,-0.51533,-0.90775,-1.2904,-1.6274,-1.8934,-2.0737,-2.1686,-2.192
-0.85907,-1.0763,-1.2687,-1.3415,-1.2198,-0.98603,-0.79734,-0.69734,-0.63448,-0.55861,-0.44217,-0.26919,-0.055028,0.13478,0.23447,0.25174,0.25572,0.29565,0.34415,0.3147,0.13204,-0.20244,-0.6034,-0.94891,-1.138,-1.1334,-0.9713,-0.72678,-0.47735,-0.27359,-0.13708,-0.070107,-0.052525,-0.050375,-0.02701,0.032775,0.11732,0.19584,0.23861,0.21805,0.11262,-0.094948,-0.40079,-0.7741,-1.1557,-1.4668,-1.6354,-1.6277,-1.471,-1.2406,-1.0235,-0.88422,-0.85211,-0.92304,-1.0638,-1.2205,-1.3318,-1.3469,-1.2435,-1.0347,-0.75631,-0.44884,-0.14181,0.14824,0.40881,0.62148,0.75986,0.79808,0.7203,0.52542,0.22645,-0.15288,-0.58099,-1.0213,-1.4361,-1.7921,-2.0645,-2.2408,-2.3253,-2.3342
-0.92054,-1.1239,-1.2709,-1.2875,-1.1234,-0.87401,-0.69153,-0.61158,-0.57266,-0.51419,-0.40053,-0.21421,0.02155,0.23523,0.36216,0.41331,0.4555,0.52582,0.58228,0.53142,0.30208,-0.092804,-0.55431,-0.94913,-1.1725,-1.1887,-1.0379,-0.80173,-0.55866,-0.35938,-0.22826,-0.16459,-0.14838,-0.14136,-0.10915,-0.037707,0.053743,0.13362,0.17036,0.14248,0.030541,-0.17634,-0.47595,-0.8403,-1.2119,-1.5165,-1.6802,-1.6664,-1.4999,-1.2579,-1.0299,-0.88396,-0.85293,-0.93661,-1.1021,-1.2962,-1.4515,-1.5061,-1.4258,-1.217,-0.91593,-0.56712,-0.20753,0.138,0.44914,0.70136,0.86556,0.91155,0.82378,0.60327,0.26813,-0.1507,-0.61518,-1.0855,-1.5234,-1.8939,-2.1733,-2.3512,-2.432,-2.4337
-0.99807,-1.1838,-1.2722,-1.219,-1.0075,-0.74429,-0.57273,-0.51692,-0.50553,-0.46543,-0.35043,-0.14217,0.12911,0.3815,0.54723,0.64111,0.72827,0.83185,0.89413,0.81545,0.52918,0.060404,-0.47532,-0.92999,-1.1914,-1.231,-1.0973,-0.87716,-0.64745,-0.45705,-0.33226,-0.27275,-0.25872,-0.25191,-0.2182,-0.14614,-0.055954,0.018845,0.048274,0.010074,-0.11226,-0.32693,-0.62761,-0.98485,-1.3449,-1.6361,-1.7871,-1.7599,-1.5783,-1.3188,-1.0758,-0.92233,-0.89564,-0.99742,-1.2029,-1.4555,-1.6818,-1.8063,-1.776,-1.5794,-1.2514,-0.84433,-0.40738,0.02164,0.41067,0.72618,0.93223,1.0013,0.91735,0.68349,0.32035,-0.13724,-0.64481,-1.1546,-1.6221,-2.0129,-2.3006,-2.4768,-2.5494,-2.5386
-1.0522,-1.226,-1.2716,-1.1703,-0.93063,-0.6622,-0.50079,-0.46178,-0.46844,-0.43949,-0.32127,-0.093418,0.20884,0.49433,0.69112,0.81501,0.92914,1.0498,1.1122,1.0134,0.68942,0.17345,-0.4079,-0.89712,-1.1799,-1.2337,-1.1137,-0.90805,-0.68875,-0.5053,-0.38137,-0.32282,-0.31133,-0.31069,-0.28378,-0.22192,-0.14243,-0.080039,-0.062529,-0.11275,-0.24487,-0.46699,-0.77025,-1.1243,-1.4762,-1.7553,-1.8931,-1.8541,-1.6621,-1.3946,-1.1439,-0.98363,-0.95467,-1.0669,-1.2974,-1.5989,-1.8957,-2.0973,-2.1256,-1.9511,-1.6013,-1.139,-0.63185,-0.1331,0.31627,0.67937,0.92304,1.0132,0.93956,0.70732,0.3386,-0.13026,-0.65315,-1.1802,-1.6645,-2.0654,-2.3615,-2.5422,-2.6154,-2.6026
-1.1179,-1.2775,-1.2682,-1.1107,-0.84215,-0.57384,-0.4272,-0.4094,-0.43748,-0.42175,-0.29807,-0.041414,0.30472,0.63821,0.87883,1.0384,1.1787,1.3123,1.3696,1.2458,0.88104,0.31715,-0.30809,-0.82801,-1.1282,-1.1928,-1.0858,-0.89622,-0.69346,-0.52138,-0.40229,-0.34304,-0.3301,-0.33251,-0.32019,-0.28413,-0.23924,-0.2112,-0.22433,-0.29708,-0.44484,-0.67579,-0.98164,-1.3318,-1.6722,-1.9336,-2.0519,-1.9964,-1.7931,-1.5182,-1.2617,-1.0974,-1.0696,-1.1935,-1.4587,-1.8236,-2.2132,-2.5235,-2.6459,-2.5155,-2.1474,-1.6201,-1.0245,-0.43295,0.10112,0.53443,0.82875,0.95959,0.91452,0.70003,0.3392,-0.13038,-0.65988,-1.1957,-1.688,-2.099,-2.4007,-2.585,-2.6597,-2.6453
-1.1754,-1.3221,-1.2624,-1.0577,-0.76952,-0.50803,-0.37803,-0.37996,-0.42858,-0.42568,-0.29656,-0.012097,0.37981,0.76394,1.0479,1.238,1.395,1.5316,1.5787,1.4339,1.0406,0.44677,-0.20281,-0.7372,-1.0417,-1.1079,-1.0065,-0.82765,-0.6386,-0.47578,-0.35915,-0.29322,-0.27041,-0.27169,-0.27983,-0.28553,-0.29487,-0.31906,-0.37281,-0.4734,-0.64077,-0.88483,-1.1983,-1.5468,-1.8723,-2.112,-2.2078,-2.1377,-1.9321,-1.6604,-1.4079,-1.2447,-1.2167,-1.3455,-1.6301,-2.0422,-2.516,-2.9411,-3.1766,-3.1102,-2.7325,-2.1378,-1.4524,-0.77591,-0.1718,0.3169,0.6569,0.82607,0.81633,0.63531,0.30561,-0.13695,-0.64607,-1.1704,-1.6604,-2.0734,-2.3841,-2.5787,-2.6615,-2.6514
-1.2127,-1.3511,-1.257,-1.0225,-0.72517,-0.47092,-0.35424,-0.37076,-0.43453,-0.44228,-0.31192,-0.00829,0.41758,0.83919,1.1547,1.3647,1.5288,1.6623,1.6999,1.5418,1.1342,0.52814,-0.12784,-0.66122,-0.9601,-1.0219,-0.92101,-0.74758,-0.5641,-0.40367,-0.28182,-0.20485,-0.17069,-0.17101,-0.19623,-0.238,-0.29433,-0.36465,-0.45717,-0.5866,-0.77326,-1.0317,-1.3518,-1.6966,-2.01,-2.2279,-2.3042,-2.2266,-2.0264,-1.769,-1.5308,-1.3753,-1.3471,-1.4728,-1.7596,-2.189,-2.7045,-3.1961,-3.5054,-3.4882,-3.1128,-2.4841,-1.7518,-1.0309,-0.39012,0.12849,0.49438,0.68968,0.70835,0.55906,0.26308,-0.14736,-0.62992,-1.1353,-1.6137,-2.0236,-2.3336,-2.5317,-2.6224,-2.6237
-1.2536,-1.3832,-1.249,-0.98131,-0.67766,-0.43534,-0.33519,-0.37113,-0.45548,-0.48122,-0.35399,-0.02875,0.43817,0.90672,1.2608,1.4925,1.6613,1.7879,1.8132,1.642,1.2237,0.61277,-0.038828,-0.55791,-0.84014,-0.88891,-0.78293,-0.61167,-0.43258,-0.27108,-0.13686,-0.038506,0.015291,0.019801,-0.024497,-0.11226,-0.23124,-0.36799,-0.51686,-0.6883,-0.90499,-1.1819,-1.5112,-1.8545,-2.1528,-2.3499,-2.4103,-2.3323,-2.15,-1.921,-1.7073,-1.5637,-1.5329,-1.6446,-1.915,-2.3373,-2.8654,-3.3948,-3.7588,-3.7885,-3.4299,-2.7909,-2.039,-1.3018,-0.65001,-0.12149,0.25893,0.47859,0.53374,0.43177,0.18963,-0.16644,-0.60036,-1.0679,-1.5223,-1.9202,-2.2306,-2.4372,-2.5398,-2.5532
-1.2837,-1.4077,-1.2405,-0.94782,-0.64176,-0.41092,-0.32684,-0.38026,-0.48692,-0.5351,-0.41701,-0.078125,0.42335,0.93283,1.3191,1.5673,1.7371,1.8558,1.8716,1.694,1.2753,0.67188,0.035122,-0.46422,-0.72604,-0.75731,-0.64026,-0.46402,-0.28362,-0.11776,0.029906,0.15074,0.22907,0.24764,0.19588,0.074478,-0.097914,-0.29504,-0.4984,-0.71245,-0.96192,-1.2644,-1.6137,-1.9668,-2.26,-2.4416,-2.4883,-2.4139,-2.2576,-2.0679,-1.8913,-1.7684,-1.7344,-1.8201,-2.0473,-2.4176,-2.8951,-3.3855,-3.7311,-3.7653,-3.4342,-2.8348,-2.1266,-1.4331,-0.82145,-0.32495,0.039847,0.26191,0.34204,0.2865,0.10504,-0.18715,-0.56417,-0.98748,-1.4114,-1.7903,-2.0965,-2.3093,-2.426,-2.4576
-1.2988,-1.4206,-1.2345,-0.92759,-0.62167,-0.3984,-0.32322,-0.38867,-0.51265,-0.57987,-0.47377,-0.13072,0.39,0.92403,1.3302,1.5878,1.7573,1.8703,1.8808,1.7029,1.2906,0.69891,0.076885,-0.40709,-0.65391,-0.67209,-0.54407,-0.35946,-0.1733,-0.0023548,0.15382,0.28877,0.38572,0.41909,0.37039,0.2364,0.037722,-0.19266,-0.43024,-0.67575,-0.95199,-1.2805,-1.6522,-2.0199,-2.3185,-2.4947,-2.5363,-2.4681,-2.3332,-2.1763,-2.0318,-1.927,-1.8892,-1.9475,-2.1268,-2.4332,-2.8365,-3.2513,-3.5356,-3.5436,-3.2299,-2.6817,-2.0419,-1.4199,-0.87298,-0.42683,-0.094447,0.11806,0.20942,0.18129,0.037627,-0.21186,-0.546,-0.93061,-1.3239,-1.6875,-1.9837,-2.1959,-2.3199,-2.364
-1.3078,-1.4301,-1.2274,-0.90831,-0.60247,-0.38586,-0.31926,-0.39797,-0.54387,-0.63769,-0.5527,-0.21442,0.31881,0.87404,1.2995,1.5681,1.7385,1.8469,1.8548,1.6822,1.2836,0.71112,0.10992,-0.35515,-0.58554,-0.5881,-0.44218,-0.24146,-0.04357,0.13496,0.29833,0.44784,0.56465,0.61898,0.58265,0.44947,0.23727,-0.017463,-0.28636,-0.56593,-0.87679,-1.2412,-1.6481,-2.0472,-2.3688,-2.5579,-2.6084,-2.5548,-2.4468,-2.3269,-2.2175,-2.1312,-2.0831,-2.0976,-2.1997,-2.4009,-2.6764,-2.9519,-3.1129,-3.0559,-2.7576,-2.2929,-1.7695,-1.2679,-0.83066,-0.47587,-0.20995,-0.035407,0.048817,0.043515,-0.053522,-0.24335,-0.51697,-0.85006,-1.2063,-1.5425,-1.8314,-2.0485,-2.1841,-2.242
-1.3055,-1.4317,-1.2229,-0.8993,-0.59314,-0.37857,-0.31465,-0.4003,-0.56063,-0.67429,-0.60824,-0.28265,0.24809,0.8087,1.243,1.5193,1.6934,1.8031,1.814,1.6488,1.2626,0.70555,0.11879,-0.33579,-0.55776,-0.5502,-0.39161,-0.17872,0.027915,0.21135,0.38029,0.53882,0.66795,0.73615,0.71256,0.58802,0.37898,0.12103,-0.15699,-0.45084,-0.78282,-1.1726,-1.6107,-2.0447,-2.3963,-2.609,-2.6743,-2.6316,-2.5388,-2.4386,-2.3491,-2.2736,-2.2177,-2.1975,-2.2383,-2.3517,-2.5182,-2.6775,-2.7403,-2.6318,-2.3412,-1.9306,-1.4867,-1.075,-0.72737,-0.45275,-0.24974,-0.11477,-0.043719,-0.03952,-0.11173,-0.26887,-0.50742,-0.80647,-1.1322,-1.4501,-1.7232,-1.9317,-2.0677,-2.1355
-1.2899,-1.4258,-1.2182,-0.89434,-0.58675,-0.36924,-0.30347,-0.39452,-0.56927,-0.70649,-0.66944,-0.37188,0.13698,0.6883,1.1255,1.4115,1.5966,1.7163,1.738,1.5878,1.221,0.68341,0.11072,-0.33607,-0.55271,-0.53461,-0.36177,-0.13448,0.08,0.26694,0.43995,0.60616,0.74924,0.83449,0.8306,0.72462,0.53393,0.29023,0.021493,-0.2753,-0.62533,-1.0517,-1.5413,-2.0321,-2.4365,-2.6859,-2.7707,-2.7396,-2.6592,-2.5773,-2.5095,-2.4462,-2.3779,-2.3121,-2.2691,-2.265,-2.2908,-2.3049,-2.247,-2.0732,-1.7859,-1.4355,-1.0852,-0.7798,-0.53855,-0.36238,-0.24328,-0.16956,-0.1329,-0.13402,-0.18485,-0.3016,-0.49194,-0.7461,-1.0377,-1.328,-1.591,-1.8,-1.9411,-2.0136
-1.2605,-1.4106,-1.2158,-0.89753,-0.58601,-0.35885,-0.28456,-0.37453,-0.55812,-0.71473,-0.70929,-0.45344,0.01357,0.53538,0.96457,1.2615,1.4661,1.6063,1.6486,1.5199,1.1742,0.65243,0.08491,-0.36718,-0.58937,-0.56741,-0.38043,-0.1374,0.085224,0.27167,0.43999,0.60444,0.75528,0.85629,0.8741,0.79454,0.63273,0.41849,0.17194,-0.11425,-0.47065,-0.92056,-1.4505,-1.9951,-2.457,-2.7569,-2.8766,-2.8623,-2.7868,-2.7069,-2.6399,-2.5742,-2.4916,-2.3875,-2.2761,-2.1753,-2.0848,-1.9804,-1.8258,-1.5998,-1.3121,-1.003,-0.71918,-0.49234,-0.33394,-0.2396,-0.19604,-0.18299,-0.18389,-0.19653,-0.23668,-0.32865,-0.48808,-0.71022,-0.97116,-1.2398,-1.4819,-1.6746,-1.8078,-1.883
-1.2296,-1.3933,-1.2147,-0.90541,-0.59,-0.3509,-0.2655,-0.34961,-0.53523,-0.703,-0.72181,-0.50486,-0.082638,0.40455,0.82131,1.127,1.3519,1.5149,1.5782,1.4683,1.1384,0.62553,0.055855,-0.40861,-0.64245,-0.62252,-0.42543,-0.17026,0.060694,0.24599,0.40684,0.5644,0.71176,0.8178,0.84941,0.79293,0.66011,0.4764,0.2551,-0.01509,-0.36714,-0.82576,-1.3782,-1.9588,-2.4641,-2.8035,-2.9478,-2.9409,-2.8628,-2.7766,-2.7062,-2.6389,-2.5494,-2.4249,-2.2761,-2.1187,-1.9587,-1.7838,-1.5735,-1.3182,-1.0308,-0.74559,-0.4982,-0.31255,-0.19723,-0.14774,-0.14858,-0.17576,-0.20743,-0.23534,-0.27321,-0.34889,-0.48496,-0.68372,-0.92592,-1.1781,-1.4113,-1.6005,-1.7326,-1.8063
-1.1774,-1.3633,-1.2149,-0.92263,-0.60181,-0.34239,-0.23521,-0.30497,-0.48616,-0.66395,-0.71482,-0.5578,-0.21084,0.21584,0.60883,0.9276,1.1867,1.3874,1.4835,1.4001,1.0891,0.58334,0.0050145,-0.47998,-0.73444,-0.72177,-0.5187,-0.25222,-0.015034,0.16848,0.32048,0.46553,0.60219,0.70498,0.74659,0.71592,0.62386,0.48807,0.31353,0.078607,-0.25448,-0.71322,-1.2846,-1.9001,-2.4508,-2.834,-3.008,-3.012,-2.9293,-2.8315,-2.7501,-2.675,-2.5778,-2.439,-2.2593,-2.0535,-1.8329,-1.597,-1.3385,-1.0567,-0.76918,-0.50234,-0.28473,-0.13564,-0.061588,-0.056556,-0.10208,-0.17005,-0.23093,-0.27218,-0.30807,-0.37088,-0.48868,-0.66788,-0.89132,-1.1273,-1.3457,-1.521,-1.6407,-1.7048
-1.1139,-1.3255,-1.2166,-0.94786,-0.62171,-0.33762,-0.20225,-0.24981,-0.41896,-0.60001,-0.68168,-0.59084,-0.33159,0.021584,0.38375,0.71657,1.0146,1.2585,1.391,1.3337,1.0381,0.53468,-0.057057,-0.5679,-0.84938,-0.84994,-0.64456,-0.36778,-0.12293,0.060664,0.20328,0.33037,0.44645,0.5337,0.57422,0.56158,0.50748,0.42197,0.30055,0.11109,-0.1895,-0.62998,-1.1973,-1.8224,-2.3949,-2.8068,-3.0069,-3.0253,-2.9419,-2.8331,-2.7369,-2.651,-2.5508,-2.4115,-2.2282,-2.0081,-1.7605,-1.4906,-1.2019,-0.90469,-0.61602,-0.36261,-0.1666,-0.041569,0.0082357,-0.011676,-0.084419,-0.17717,-0.25663,-0.30642,-0.34085,-0.39555,-0.50215,-0.66869,-0.87811,-1.1015,-1.3041,-1.4634,-1.5693,-1.6229
-1.0602,-1.2931,-1.2184,-0.9712,-0.64303,-0.33941,-0.17843,-0.20381,-0.3581,-0.5368,-0.63922,-0.5992,-0.40921,-0.11701,0.21745,0.55905,0.88639,1.1629,1.3218,1.2826,0.99603,0.49201,-0.11171,-0.6449,-0.94982,-0.96329,-0.75469,-0.467,-0.21134,-0.02532,0.10824,0.21744,0.30996,0.37742,0.40797,0.40292,0.37251,0.32402,0.24201,0.089772,-0.17946,-0.59408,-1.1408,-1.7531,-2.3231,-2.7429,-2.9565,-2.9855,-2.9049,-2.7925,-2.6914,-2.6038,-2.5063,-2.3738,-2.196,-1.9766,-1.7249,-1.4479,-1.1523,-0.85134,-0.56505,-0.31803,-0.13052,-0.014567,0.025997,-0.0040179,-0.087691,-0.1918,-0.28109,-0.33615,-0.3695,-0.41791,-0.51607,-0.67488,-0.87829,-1.0928,-1.2891,-1.4418,-1.539,-1.58
-0.983,-1.2452,-1.2201,-1.0079,-0.68136,-0.35227,-0.15441,-0.14406,-0.27057,-0.43925,-0.56379,-0.58683,-0.48749,-0.27852,0.014735,0.36265,0.72418,1.0388,1.2274,1.2068,0.92817,0.42096,-0.19792,-0.75724,-1.0901,-1.1194,-0.90768,-0.60346,-0.33077,-0.13659,-0.010118,0.074303,0.12894,0.15455,0.1533,0.13977,0.13034,0.12731,0.10281,0.007596,-0.21049,-0.58064,-1.0867,-1.6617,-2.2033,-2.609,-2.8246,-2.8656,-2.7969,-2.6908,-2.5915,-2.5061,-2.4167,-2.3007,-2.1413,-1.9373,-1.694,-1.4191,-1.124,-0.82615,-0.54734,-0.30962,-0.13031,-0.020014,0.016768,-0.016795,-0.10487,-0.21498,-0.30941,-0.36781,-0.40296,-0.45167,-0.54784,-0.70146,-0.89659,-1.1035,-1.2869,-1.4258,-1.5088,-1.5346
-0.92268,-1.2068,-1.2215,-1.0392,-0.71828,-0.37228,-0.14656,-0.10457,-0.20424,-0.35935,-0.49415,-0.55771,-0.52124,-0.37155,-0.11051,0.23595,0.61427,0.94939,1.1533,1.1404,0.86335,0.3528,-0.27509,-0.84864,-1.1966,-1.2329,-1.0157,-0.69593,-0.4059,-0.20065,-0.075907,-0.0119,0.0069871,-0.011795,-0.051012,-0.085305,-0.088921,-0.063578,-0.045763,-0.095598,-0.27118,-0.59898,-1.0626,-1.5949,-2.0967,-2.4777,-2.6862,-2.7344,-2.6799,-2.5845,-2.4923,-2.4142,-2.3367,-2.236,-2.0955,-1.9062,-1.6712,-1.4011,-1.1112,-0.81921,-0.55019,-0.32239,-0.14909,-0.038898,0.0024087,-0.025629,-0.11012,-0.22039,-0.31933,-0.38291,-0.42107,-0.47093,-0.5682,-0.72348,-0.91948,-1.1216,-1.3015,-1.4328,-1.5038,-1.5137
-0.84177,-1.1547,-1.2233,-1.0864,-0.78102,-0.41755,-0.15362,-0.064254,-0.11963,-0.2476,-0.38606,-0.49138,-0.52449,-0.44484,-0.2277,0.10594,0.48952,0.83459,1.0454,1.0339,0.75385,0.23816,-0.39673,-0.97958,-1.3349,-1.3688,-1.1324,-0.78304,-0.46162,-0.23717,-0.11738,-0.086523,-0.12779,-0.21854,-0.32378,-0.39702,-0.40401,-0.35056,-0.28665,-0.28411,-0.40383,-0.67164,-1.0657,-1.5208,-1.9491,-2.2744,-2.4594,-2.5146,-2.4837,-2.4164,-2.3473,-2.2869,-2.2249,-2.142,-2.0194,-1.8486,-1.6303,-1.3733,-1.0931,-0.81223,-0.55096,-0.32921,-0.15993,-0.050351,-0.0047756,-0.023541,-0.098195,-0.20129,-0.29873,-0.36973,-0.42265,-0.48852,-0.59668,-0.75508,-0.94788,-1.1474,-1.3182,-1.4408,-1.5036,-1.5039
-0.76365,-1.1038,-1.2258,-1.1404,-0.85997,-0.48781,-0.18679,-0.045336,-0.046923,-0.13657,-0.26611,-0.39502,-0.47611,-0.45099,-0.27771,0.027504,0.39309,0.72457,0.92416,0.90345,0.61629,0.096715,-0.53659,-1.1119,-1.4533,-1.4655,-1.199,-0.81221,-0.45665,-0.21217,-0.097439,-0.10171,-0.20611,-0.3779,-0.56413,-0.69607,-0.72488,-0.65722,-0.55742,-0.50922,-0.57707,-0.78495,-1.1063,-1.4763,-1.8184,-2.0725,-2.2171,-2.2671,-2.2574,-2.2244,-2.1912,-2.1617,-2.1241,-2.0588,-1.9484,-1.784,-1.5686,-1.3151,-1.0434,-0.77399,-0.52864,-0.31971,-0.15393,-0.036287,0.026012,0.026218,-0.030674,-0.12871,-0.2347,-0.32301,-0.39511,-0.47762,-0.59884,-0.76704,-0.96659,-1.1674,-1.3412,-1.4631,-1.5203,-1.5096
-0.70976,-1.0683,-1.229,-1.1845,-0.93043,-0.55828,-0.23167,-0.048121,-0.0041413,-0.058307,-0.17192,-0.30605,-0.40714,-0.40997,-0.26765,0.0061026,0.34186,0.64786,0.82722,0.79147,0.49494,-0.027082,-0.65377,-1.2118,-1.5265,-1.5069,-1.208,-0.79007,-0.40826,-0.14951,-0.038118,-0.069005,-0.22102,-0.45625,-0.70779,-0.89221,-0.94686,-0.87861,-0.76125,-0.68684,-0.7233,-0.88881,-1.1556,-1.4608,-1.7344,-1.9325,-2.042,-2.0812,-2.0845,-2.0767,-2.0753,-2.0764,-2.0614,-2.0078,-1.8999,-1.7321,-1.513,-1.2592,-0.99092,-0.7288,-0.49085,-0.28785,-0.12532,-0.0061486,0.06511,0.081989,0.039495,-0.045196,-0.1496,-0.25209,-0.3484,-0.45407,-0.58997,-0.76441,-0.96629,-1.1705,-1.3467,-1.4727,-1.5334,-1.5226
-0.64713,-1.027,-1.2359,-1.2489,-1.0396,-0.67763,-0.32098,-0.078643,0.032127,0.03374,-0.046643,-0.17044,-0.27853,-0.30102,-0.19545,0.02596,0.30419,0.55861,0.69695,0.63126,0.31658,-0.20885,-0.81984,-1.3393,-1.5977,-1.5159,-1.1612,-0.69799,-0.28391,-0.0092578,0.094349,0.028039,-0.18546,-0.50019,-0.83428,-1.0843,-1.1753,-1.1173,-0.99497,-0.90834,-0.92132,-1.0461,-1.2473,-1.4654,-1.6467,-1.7633,-1.8219,-1.8471,-1.8664,-1.8992,-1.9442,-1.985,-1.9966,-1.9545,-1.8457,-1.6705,-1.4414,-1.1796,-0.90935,-0.65245,-0.4257,-0.2333,-0.072573,0.057713,0.14995,0.18961,0.16932,0.089639,-0.025328,-0.14793,-0.26675,-0.39321,-0.54699,-0.73612,-0.94946,-1.1621,-1.3482,-1.4826,-1.5505,-1.545
-0.60885,-1.0025,-1.2438,-1.3011,-1.1327,-0.78675,-0.41151,-0.124,0.040765,0.089556,0.04251,-0.061618,-0.16062,-0.18624,-0.10352,0.074118,0.29906,0.50366,0.60203,0.50774,0.17688,-0.34972,-0.94323,-1.4247,-1.6305,-1.4931,-1.09,-0.59016,-0.15248,0.13096,0.22647,0.13547,-0.11713,-0.48072,-0.86602,-1.1589,-1.2782,-1.2367,-1.1244,-1.044,-1.0531,-1.1602,-1.3239,-1.4866,-1.6056,-1.6646,-1.6824,-1.6912,-1.7189,-1.7798,-1.8624,-1.9378,-1.9712,-1.9369,-1.8227,-1.6365,-1.3965,-1.1265,-0.85182,-0.59577,-0.37175,-0.18292,-0.024392,0.10803,0.20934,0.26493,0.25857,0.19189,0.079752,-0.054231,-0.1944,-0.3422,-0.50984,-0.70538,-0.92287,-1.1427,-1.338,-1.4848,-1.5644,-1.5667
-0.57166,-0.98168,-1.2609,-1.3766,-1.2705,-0.95684,-0.56303,-0.21566,0.024682,0.14251,0.14864,0.083494,0.012251,-0.004429,0.054826,0.1743,0.32134,0.44934,0.48601,0.34943,-0.0031767,-0.52786,-1.0911,-1.5148,-1.6452,-1.4309,-0.96171,-0.41257,0.05598,0.34855,0.43229,0.31347,0.020686,-0.38777,-0.81842,-1.1533,-1.3109,-1.3044,-1.2246,-1.1693,-1.1917,-1.2875,-1.415,-1.5203,-1.5693,-1.5664,-1.5394,-1.5281,-1.5643,-1.6545,-1.7803,-1.8998,-1.9651,-1.9421,-1.8227,-1.6202,-1.3614,-1.0768,-0.79491,-0.53648,-0.31581,-0.13069,0.028717,0.16907,0.28422,0.3558,0.36563,0.30664,0.19183,0.046583,-0.10879,-0.27109,-0.4503,-0.65498,-0.88113,-1.1114,-1.3206,-1.4834,-1.5803,-1.5995
-0.55246,-0.97638,-1.2885,-1.4608,-1.4227,-1.1527,-0.74679,-0.34153,-0.023921,0.16705,0.23307,0.21729,0.18576,0.18946,0.23481,0.3019,0.37277,0.42237,0.39487,0.21579,-0.15612,-0.67607,-1.2087,-1.5762,-1.6323,-1.3421,-0.81034,-0.21795,0.27526,0.57542,0.65274,0.51653,0.20147,-0.22954,-0.68027,-1.036,-1.2226,-1.2572,-1.2283,-1.2228,-1.2806,-1.3874,-1.4944,-1.5538,-1.5479,-1.4938,-1.4343,-1.4134,-1.4596,-1.5795,-1.7429,-1.8978,-1.9874,-1.9733,-1.8484,-1.6347,-1.3644,-1.07,-0.77988,-0.51733,-0.29042,-0.099561,0.063931,0.20749,0.32761,0.40807,0.4277,0.37745,0.26705,0.11932,-0.043883,-0.21521,-0.40181,-0.61265,-0.84591,-1.0856,-1.309,-1.4886,-1.6036,-1.6413
-0.55155,-0.98483,-1.3183,-1.5305,-1.5457,-1.313,-0.90223,-0.45478,-0.079933,0.16577,0.27894,0.30321,0.30509,0.32932,0.37022,0.40455,0.42477,0.42089,0.34895,0.14118,-0.24165,-0.75611,-1.268,-1.5996,-1.6066,-1.2658,-0.69339,-0.073248,0.43483,0.74112,0.81766,0.67551,0.35433,-0.081311,-0.53381,-0.89463,-1.0978,-1.165,-1.179,-1.217,-1.3082,-1.4315,-1.536,-1.5763,-1.5428,-1.4626,-1.3841,-1.3561,-1.4097,-1.5472,-1.7366,-1.9179,-2.0256,-2.0181,-1.8896,-1.6661,-1.3856,-1.0844,-0.79136,-0.52487,-0.29688,-0.10406,0.063807,0.21399,0.34135,0.42771,0.45177,0.40461,0.29395,0.14376,-0.022447,-0.19602,-0.3839,-0.59599,-0.83216,-1.0794,-1.3104,-1.5003,-1.6271,-1.6766
-0.56924,-1.015,-1.3733,-1.6343,-1.7188,-1.5374,-1.124,-0.62264,-0.17574,0.13984,0.31447,0.39257,0.4414,0.49578,0.53701,0.53875,0.50394,0.43885,0.31612,0.078264,-0.31279,-0.81735,-1.3041,-1.5958,-1.554,-1.1638,-0.54797,0.10324,0.63104,0.94751,1.0258,0.88307,0.56182,0.1322,-0.31065,-0.66773,-0.88804,-0.99834,-1.0732,-1.1734,-1.3135,-1.4601,-1.5615,-1.5825,-1.5251,-1.4285,-1.3439,-1.32,-1.3881,-1.5462,-1.7591,-1.9612,-2.0818,-2.0774,-1.9465,-1.7209,-1.4414,-1.1426,-0.84947,-0.57984,-0.3413,-0.13383,0.047081,0.20431,0.33266,0.41766,0.44241,0.39668,0.28961,0.14284,-0.02173,-0.19565,-0.38556,-0.60151,-0.84376,-1.0967,-1.3386,-1.541,-1.6805,-1.7425
-0.60834,-1.0694,-1.4496,-1.7531,-1.8998,-1.767,-1.3506,-0.79976,-0.2871,0.090802,0.32026,0.44845,0.54113,0.62447,0.67208,0.65414,0.58046,0.47096,0.31273,0.057349,-0.33181,-0.81913,-1.2801,-1.5445,-1.4783,-1.0655,-0.42858,0.2425,0.78726,1.1159,1.2036,1.069,0.75887,0.34484,-0.081693,-0.43309,-0.66995,-0.82054,-0.95012,-1.1055,-1.2884,-1.4572,-1.5591,-1.5672,-1.498,-1.397,-1.3206,-1.3145,-1.403,-1.5826,-1.8107,-2.0196,-2.1405,-2.1343,-2.004,-1.7827,-1.5097,-1.2174,-0.92828,-0.65567,-0.40897,-0.1902,0.0023437,0.16847,0.30113,0.38626,0.40923,0.36369,0.25704,0.11006,-0.056384,-0.23427,-0.4296,-0.6512,-0.89823,-1.1559,-1.4006,-1.6052,-1.7476,-1.8151
-0.65147,-1.127,-1.5229,-1.8543,-2.0405,-1.9375,-1.5163,-0.93149,-0.37558,0.041904,0.30635,0.46714,0.58747,0.69018,0.7444,0.71841,0.62648,0.49695,0.32474,0.066393,-0.31325,-0.78193,-1.2233,-1.4761,-1.4072,-0.99552,-0.35802,0.31877,0.87218,1.2103,1.3081,1.1842,0.88662,0.48754,0.074568,-0.27156,-0.51973,-0.69793,-0.86335,-1.0522,-1.2578,-1.4359,-1.5371,-1.5415,-1.4724,-1.3802,-1.3179,-1.3288,-1.4347,-1.6252,-1.8579,-2.0644,-2.1783,-2.1656,-2.035,-1.8213,-1.5621,-1.2838,-1.0026,-0.72959,-0.47193,-0.23738,-0.031997,0.13932,0.27043,0.35185,0.37084,0.32602,0.22264,0.076913,-0.093797,-0.28102,-0.487,-0.71661,-0.9673,-1.2267,-1.4691,-1.6714,-1.8137,-1.8841
-0.72684,-1.2253,-1.6441,-2.008,-2.2336,-2.1561,-1.7215,-1.0945,-0.49201,-0.032863,0.26852,0.46193,0.61087,0.73388,0.79489,0.76445,0.66153,0.52147,0.34706,0.10032,-0.25434,-0.69185,-1.1075,-1.3514,-1.2947,-0.90667,-0.28892,0.37954,0.93567,1.2846,1.398,1.2935,1.0176,0.64056,0.24576,-0.095287,-0.35638,-0.565,-0.76785,-0.99059,-1.2163,-1.3969,-1.4883,-1.4851,-1.4228,-1.3536,-1.3259,-1.3726,-1.5057,-1.7093,-1.9369,-2.1247,-2.2169,-2.1906,-2.0617,-1.8626,-1.6241,-1.3657,-1.0973,-0.82487,-0.55658,-0.30388,-0.079783,0.10414,0.23863,0.31574,0.33075,0.27818,0.16739,0.014128,-0.16558,-0.36408,-0.583,-0.82499,-1.0847,-1.3448,-1.5854,-1.7824,-1.9178,-1.983
-0.79529,-1.3151,-1.7535,-2.1378,-2.3821,-2.3089,-1.8571,-1.2017,-0.57262,-0.09121,0.22953,0.43985,0.60205,0.73348,0.79707,0.76565,0.66185,0.52502,0.36154,0.13546,-0.19078,-0.59863,-0.99293,-1.2336,-1.1962,-0.84233,-0.25777,0.39036,0.9404,1.2949,1.4215,1.3343,1.0789,0.72147,0.34142,0.0045133,-0.26489,-0.49065,-0.71345,-0.95133,-1.1828,-1.3589,-1.4422,-1.4372,-1.3858,-1.3406,-1.3443,-1.422,-1.5774,-1.7886,-2.0069,-2.1726,-2.2407,-2.1998,-2.0706,-1.8842,-1.6646,-1.4234,-1.1648,-0.8911,-0.6149,-0.34999,-0.11332,0.080382,0.22017,0.29818,0.30879,0.25462,0.14021,-0.021113,-0.21506,-0.43246,-0.67008,-0.92543,-1.1907,-1.4507,-1.684,-1.8715,-1.9983,-2.0572
-0.9,-1.4554,-1.9243,-2.3301,-2.5831,-2.4927,-2.005,-1.3158,-0.66369,-0.16606,0.16793,0.38915,0.55667,0.68737,0.74824,0.71657,0.61956,0.50084,0.36869,0.18572,-0.090109,-0.44885,-0.80958,-1.0482,-1.0487,-0.76079,-0.2426,0.35883,0.88977,1.2468,1.3902,1.3292,1.1021,0.77333,0.41636,0.09154,-0.17996,-0.41957,-0.65752,-0.90465,-1.1337,-1.2997,-1.3749,-1.3749,-1.3479,-1.3424,-1.3935,-1.5156,-1.6995,-1.9156,-2.1134,-2.2418,-2.2721,-2.2097,-2.0797,-1.9108,-1.7173,-1.4991,-1.2503,-0.97261,-0.67685,-0.38795,-0.13266,0.069309,0.20806,0.2804,0.2874,0.22691,0.10723,-0.062077,-0.27073,-0.51042,-0.7741,-1.0525,-1.3314,-1.5908,-1.8162,-1.9896,-2.1011,-2.149
-1.0169,-1.6158,-2.1215,-2.5455,-2.7862,-2.65,-2.1118,-1.3934,-0.73136,-0.23232,0.10163,0.32002,0.47847,0.59461,0.6429,0.61055,0.52913,0.44242,0.35699,0.23212,0.019717,-0.2804,-0.602,-0.83899,-0.88408,-0.67915,-0.25358,0.27624,0.76904,1.1191,1.2799,1.2498,1.0621,0.7715,0.44469,0.13572,-0.13352,-0.37694,-0.61876,-0.86226,-1.0801,-1.2326,-1.3039,-1.3189,-1.3269,-1.3724,-1.4795,-1.6491,-1.8601,-2.0712,-2.2344,-2.3142,-2.303,-2.2202,-2.0949,-1.9459,-1.7749,-1.5718,-1.3259,-1.0376,-0.72557,-0.41992,-0.15114,0.059952,0.20429,0.2802,0.28654,0.2289,0.1079,-0.071357,-0.30073,-0.56909,-0.86206,-1.1622,-1.4505,-1.7119,-1.9257,-2.0837,-2.1818,-2.2218
-1.1096,-1.7463,-2.2843,-2.7207,-2.9392,-2.7512,-2.1653,-1.4269,-0.76554,-0.27463,0.050333,0.2585,0.4016,0.49804,0.53158,0.49764,0.43199,0.37686,0.33477,0.26057,0.10109,-0.15106,-0.44024,-0.67294,-0.75219,-0.61557,-0.27148,0.18913,0.64005,0.97823,1.1494,1.1452,0.9911,0.73461,0.43592,0.14463,-0.11658,-0.35623,-0.59336,-0.82731,-1.0346,-1.1785,-1.253,-1.287,-1.3273,-1.4146,-1.5646,-1.769,-1.9968,-2.201,-2.3349,-2.375,-2.331,-2.2332,-2.1118,-1.9789,-1.8252,-1.631,-1.3821,-1.0833,-0.75496,-0.43506,-0.15705,0.058524,0.2044,0.28089,0.2906,0.2337,0.11254,-0.069263,-0.30515,-0.58446,-0.89141,-1.2057,-1.5053,-1.7676,-1.9826,-2.1386,-2.2316,-2.2647
-1.2356,-1.9283,-2.5164,-2.9683,-3.141,-2.8634,-2.2052,-1.4436,-0.79277,-0.32281,-0.019363,0.16512,0.27825,0.33996,0.34748,0.31091,0.27122,0.26683,0.29178,0.2917,0.2056,0.018146,-0.22683,-0.45153,-0.57294,-0.52854,-0.30459,0.047001,0.42767,0.74216,0.92615,0.95872,0.8526,0.64648,0.39104,0.13436,-0.10298,-0.32606,-0.54877,-0.76947,-0.96318,-1.1056,-1.194,-1.261,-1.3524,-1.4976,-1.7033,-1.9485,-2.1898,-2.3749,-2.4647,-2.4539,-2.3712,-2.259,-2.1434,-2.0272,-1.8904,-1.7047,-1.4527,-1.1396,-0.79653,-0.46316,-0.17465,0.048647,0.20059,0.28293,0.29831,0.25044,0.13827,-0.038495,-0.27743,-0.56913,-0.89438,-1.2262,-1.5368,-1.8065,-2.0182,-2.1669,-2.2541,-2.2858
-1.3585,-2.1123,-2.7578,-3.2235,-3.3343,-2.9507,-2.2157,-1.4359,-0.80417,-0.36462,-0.091613,0.0615,0.13766,0.16051,0.13969,0.10077,0.091313,0.14338,0.23928,0.31458,0.30044,0.17383,-0.029878,-0.24397,-0.39886,-0.43918,-0.33564,-0.10354,0.19469,0.47627,0.67104,0.74279,0.69047,0.53928,0.33179,0.10861,-0.10476,-0.30705,-0.50535,-0.69991,-0.87571,-1.017,-1.1296,-1.2437,-1.3939,-1.6026,-1.8627,-2.141,-2.3856,-2.539,-2.5747,-2.5099,-2.3931,-2.2714,-2.1691,-2.0754,-1.9568,-1.7768,-1.5172,-1.1916,-0.8335,-0.48993,-0.19652,0.029015,0.18412,0.27312,0.29926,0.26482,0.16635,0.00034181,-0.23227,-0.52169,-0.84803,-1.1846,-1.504,-1.7814,-2.003,-2.1617,-2.2553,-2.2881
