0.4488,0.1959,-0.23435,-0.67907,-0.81015,-0.56903,-0.29308,-0.14431,-0.061518,0.086325,0.34673,0.62118,0.81101,0.91886,0.96863,0.98107,0.96025,0.89273,0.77926,0.6384,0.4883,0.33603,0.18277,0.035313,-0.10548,-0.24758,-0.4052,-0.58116,-0.74414,-0.85648,-0.89131,-0.85224,-0.75038,-0.60664,-0.4306,-0.24551,-0.068304,0.065034,0.1209,0.076826,-0.042888,-0.16699,-0.18814,-0.045483,0.22519,0.50872,0.66287,0.56976,0.24733,-0.092812,-0.27413,-0.30437,-0.26214,-0.20105,-0.14382,-0.097361,-0.062514,-0.038229,-0.022804,-0.013642,-0.0062294,0.0084214,0.046569,0.1329,0.29378,0.53837,0.83904,1.1328,1.3449,1.4095,1.2837,0.96507,0.50465,-0.005558,-0.4699,-0.82375,-1.0432,-1.1377,-1.139,-1.0833
0.52286,0.30061,-0.078848,-0.47738,-0.60918,-0.448,-0.23606,-0.11523,-0.028343,0.14286,0.38876,0.62316,0.78041,0.85154,0.89584,0.93776,0.94881,0.91314,0.8391,0.74288,0.6322,0.50673,0.37091,0.23096,0.087457,-0.068709,-0.24057,-0.41068,-0.55239,-0.6289,-0.62775,-0.56298,-0.45621,-0.32859,-0.19085,-0.050902,0.080075,0.1812,0.23727,0.23461,0.19213,0.15862,0.19923,0.34544,0.56617,0.77085,0.8432,0.68166,0.31305,-0.0522,-0.2454,-0.28292,-0.24667,-0.19078,-0.13878,-0.097646,-0.068594,-0.050974,-0.043467,-0.043932,-0.047773,-0.04616,-0.022438,0.049116,0.19653,0.43079,0.72634,1.0214,1.2459,1.3403,1.2672,1.0235,0.64907,0.21527,-0.20345,-0.55147,-0.80152,-0.94664,-1.0016,-0.99317
0.60738,0.42684,0.12249,-0.2014,-0.34336,-0.26445,-0.13646,-0.059402,0.028638,0.19889,0.41533,0.59141,0.68145,0.71887,0.76446,0.83083,0.88841,0.90686,0.88057,0.82493,0.75301,0.66305,0.55117,0.4185,0.27245,0.1147,-0.050279,-0.20339,-0.31554,-0.35138,-0.31016,-0.22088,-0.11972,-0.021525,0.068602,0.15393,0.22784,0.28857,0.33953,0.38829,0.44432,0.52211,0.63401,0.7789,0.92958,1.029,0.9919,0.74473,0.33525,-0.033274,-0.21717,-0.2507,-0.21718,-0.16752,-0.12288,-0.089631,-0.069019,-0.060688,-0.0637,-0.076304,-0.094296,-0.10915,-0.10449,-0.054855,0.067486,0.27348,0.53879,0.80672,1.0162,1.1202,1.093,0.93478,0.67317,0.35313,0.020579,-0.28695,-0.54287,-0.72846,-0.83997,-0.8884
0.65468,0.50985,0.26665,-0.0015349,-0.14525,-0.11842,-0.051016,-0.0024727,0.080134,0.23462,0.42174,0.54243,0.5721,0.59164,0.64126,0.72601,0.82062,0.88177,0.88887,0.8535,0.79764,0.72715,0.6287,0.498,0.35011,0.20173,0.057513,-0.076026,-0.1624,-0.1723,-0.10901,-0.011126,0.080923,0.15656,0.21538,0.26076,0.29164,0.32187,0.36886,0.45715,0.5863,0.74072,0.89809,1.0391,1.1386,1.1626,1.0467,0.74093,0.31384,-0.039036,-0.20166,-0.22449,-0.18991,-0.14426,-0.10514,-0.077985,-0.063751,-0.062157,-0.07247,-0.093142,-0.12044,-0.14624,-0.15496,-0.12253,-0.023378,0.15132,0.37697,0.60175,0.77372,0.8594,0.84719,0.74389,0.56865,0.34477,0.094622,-0.1601,-0.39712,-0.59473,-0.73878,-0.82693
0.69362,0.59663,0.4315,0.24058,0.11167,0.07292,0.072772,0.082803,0.14878,0.27618,0.39657,0.43431,0.40647,0.38335,0.44038,0.5733,0.71697,0.82083,0.86845,0.86477,0.824,0.75451,0.65187,0.5227,0.38889,0.26513,0.14788,0.047129,-0.0046713,0.01726,0.095497,0.19358,0.27543,0.32862,0.34798,0.3378,0.30836,0.29602,0.34598,0.49299,0.71874,0.96694,1.1763,1.3105,1.3513,1.2816,1.0684,0.69566,0.25914,-0.056081,-0.18037,-0.18523,-0.14829,-0.10758,-0.075854,-0.056625,-0.050335,-0.056736,-0.075324,-0.10482,-0.14209,-0.17985,-0.20422,-0.19453,-0.13046,-0.0087434,0.14403,0.28174,0.36727,0.39178,0.3727,0.33403,0.28302,0.20624,0.08765,-0.074092,-0.26451,-0.45962,-0.63289,-0.76359
0.70654,0.65902,0.57682,0.45587,0.33651,0.25641,0.20062,0.17868,0.21738,0.30397,0.34556,0.30457,0.20932,0.15558,0.2296,0.4083,0.60125,0.74646,0.82666,0.84697,0.81035,0.71792,0.58973,0.45966,0.34754,0.25118,0.1685,0.11328,0.10481,0.15053,0.2335,0.32624,0.40316,0.438,0.41629,0.34161,0.24538,0.19276,0.25719,0.47076,0.78944,1.1188,1.3719,1.5032,1.5,1.3576,1.0671,0.64438,0.21081,-0.062876,-0.15042,-0.13977,-0.10203,-0.066935,-0.042674,-0.03094,-0.031627,-0.044455,-0.069102,-0.10459,-0.14843,-0.19453,-0.23153,-0.24346,-0.2172,-0.15725,-0.094669,-0.070867,-0.10761,-0.18252,-0.23528,-0.21343,-0.12608,-0.037058,-0.0079226,-0.062902,-0.19035,-0.36391,-0.54762,-0.70634
0.70038,0.68897,0.66198,0.59358,0.48466,0.38205,0.29142,0.25032,0.27317,0.31512,0.30817,0.20053,0.047734,-0.0097793,0.084697,0.28789,0.5162,0.69631,0.79767,0.82164,0.77357,0.66097,0.51467,0.37693,0.26964,0.19253,0.14612,0.13395,0.15859,0.21747,0.3034,0.39467,0.46539,0.48179,0.42591,0.30022,0.15488,0.07554,0.15712,0.42402,0.80659,1.1887,1.4694,1.5998,1.5732,1.3925,1.0625,0.61899,0.19592,-0.049699,-0.11705,-0.10054,-0.065309,-0.035463,-0.017085,-0.010654,-0.015763,-0.032149,-0.059648,-0.097648,-0.144,-0.19377,-0.23785,-0.2643,-0.26609,-0.25431,-0.2639,-0.33513,-0.4791,-0.6468,-0.7358,-0.66485,-0.46273,-0.2433,-0.10443,-0.080876,-0.16066,-0.31179,-0.49196,-0.65942
0.66866,0.70374,0.74462,0.73558,0.65525,0.52007,0.40738,0.34555,0.33894,0.32813,0.24614,0.062207,-0.13378,-0.20298,-0.086498,0.15576,0.4221,0.63573,0.75919,0.78055,0.70694,0.56496,0.3943,0.23808,0.13086,0.084239,0.089326,0.12996,0.19124,0.27226,0.36715,0.45754,0.51194,0.49745,0.39431,0.20941,0.0069855,-0.099822,0.0036844,0.33531,0.79112,1.2268,1.5322,1.6603,1.6123,1.4041,1.0528,0.61027,0.21395,-0.0027225,-0.057631,-0.042993,-0.015605,0.0054024,0.01592,0.01601,0.0061802,-0.01337,-0.042627,-0.081329,-0.12798,-0.17921,-0.22908,-0.27131,-0.30682,-0.35485,-0.45497,-0.64665,-0.92869,-1.2178,-1.3521,-1.2111,-0.85936,-0.48227,-0.21826,-0.10939,-0.13403,-0.25244,-0.41704,-0.58375
0.63319,0.69877,0.78548,0.81783,0.74336,0.61069,0.47755,0.40959,0.38167,0.34625,0.20621,-0.020623,-0.23385,-0.31011,-0.17927,0.090289,0.37396,0.59791,0.72824,0.74589,0.65305,0.48237,0.28466,0.11537,0.016994,-0.0022302,0.034169,0.10179,0.19125,0.29571,0.40316,0.48911,0.52497,0.48393,0.34812,0.13097,-0.10105,-0.22075,-0.10221,0.26689,0.76236,1.2202,1.5297,1.6505,1.5916,1.3774,1.0338,0.61592,0.25046,0.051888,-0.0029755,0.0033647,0.021332,0.034329,0.038735,0.034518,0.022023,0.0013224,-0.02771,-0.065092,-0.10983,-0.15976,-0.21127,-0.26194,-0.31763,-0.40189,-0.55632,-0.81778,-1.1772,-1.5302,-1.6787,-1.4839,-1.0426,-0.58342,-0.26075,-0.11213,-0.1122,-0.21173,-0.36061,-0.51707
0.56534,0.66525,0.80442,0.88276,0.82957,0.68708,0.55537,0.4821,0.44267,0.35614,0.17541,-0.089649,-0.32018,-0.37869,-0.23007,0.045919,0.33845,0.5678,0.69444,0.7021,0.58896,0.37964,0.14147,-0.037704,-0.11322,-0.09822,-0.031046,0.06474,0.18732,0.32007,0.43865,0.51477,0.52516,0.45112,0.28243,0.037511,-0.21372,-0.33649,-0.20202,0.1944,0.71017,1.1698,1.4651,1.567,1.4968,1.2884,0.97795,0.61892,0.31084,0.13738,0.076866,0.066708,0.068886,0.069807,0.06589,0.056485,0.04146,0.020588,-0.0064774,-0.040051,-0.079863,-0.12514,-0.17502,-0.23131,-0.30455,-0.42072,-0.61873,-0.92795,-1.3265,-1.6923,-1.8131,-1.5609,-1.064,-0.56827,-0.22492,-0.064198,-0.05402,-0.14172,-0.27759,-0.42375
0.47973,0.60748,0.78478,0.898,0.8649,0.72566,0.60567,0.53376,0.48869,0.37896,0.17208,-0.10021,-0.32373,-0.35911,-0.20366,0.057515,0.33498,0.55352,0.66778,0.65915,0.52411,0.28813,0.031126,-0.14875,-0.20825,-0.17195,-0.076987,0.05138,0.19848,0.34334,0.45992,0.52536,0.51864,0.42309,0.23523,-0.018838,-0.26309,-0.36814,-0.21902,0.17363,0.66451,1.0848,1.3375,1.406,1.3227,1.1312,0.87486,0.59848,0.36485,0.22241,0.15614,0.12795,0.11318,0.10155,0.089417,0.075368,0.058694,0.038817,0.015156,-0.012859,-0.045652,-0.083654,-0.12816,-0.18377,-0.26299,-0.38984,-0.59485,-0.89357,-1.2506,-1.543,-1.589,-1.3077,-0.83487,-0.38527,-0.084094,0.047662,0.042253,-0.050641,-0.18508,-0.32681
0.40786,0.55261,0.75145,0.88108,0.85378,0.73293,0.61807,0.56526,0.51172,0.40438,0.18737,-0.072547,-0.26044,-0.2886,-0.13987,0.10484,0.3521,0.54493,0.64504,0.62196,0.46846,0.22336,-0.028378,-0.20129,-0.25594,-0.20933,-0.0922,0.059744,0.21814,0.36233,0.47219,0.53123,0.51765,0.41478,0.22194,-0.02578,-0.24877,-0.32715,-0.16915,0.20095,0.64281,1.0075,1.211,1.2446,1.1477,0.97309,0.7648,0.55964,0.39088,0.27694,0.20981,0.16999,0.14345,0.12292,0.105,0.087857,0.070397,0.05178,0.031254,0.0081302,-0.018494,-0.049865,-0.088515,-0.14033,-0.2177,-0.34088,-0.53216,-0.79355,-1.0814,-1.2836,-1.2605,-0.97442,-0.55363,-0.1727,0.070829,0.16382,0.1354,0.030555,-0.10926,-0.25185
0.29959,0.45599,0.66831,0.81732,0.8064,0.69858,0.61397,0.57862,0.53908,0.42758,0.23454,0.009732,-0.13499,-0.13913,-0.011209,0.18932,0.38833,0.53867,0.60773,0.56463,0.40207,0.16242,-0.074722,-0.2339,-0.2772,-0.21281,-0.076854,0.090725,0.25405,0.39354,0.49894,0.55167,0.53251,0.4257,0.23902,0.015428,-0.16212,-0.19256,-0.025632,0.29362,0.64108,0.90157,1.0165,0.99036,0.87055,0.71828,0.57926,0.4755,0.3986,0.3303,0.26917,0.21875,0.17929,0.14843,0.12362,0.10288,0.08476,0.068179,0.052198,0.035913,0.017936,-0.0038331,-0.033178,-0.076999,-0.14656,-0.25603,-0.41496,-0.60991,-0.79089,-0.86822,-0.76047,-0.47801,-0.13437,0.14668,0.3041,0.33703,0.27341,0.15013,0.001841,-0.14303
0.19418,0.35453,0.56441,0.70954,0.71374,0.6328,0.57578,0.56674,0.54783,0.45071,0.29332,0.1279,0.026102,0.044816,0.14706,0.28358,0.42221,0.52379,0.55407,0.49311,0.33751,0.11445,-0.10708,-0.24443,-0.26133,-0.17607,-0.035637,0.1311,0.2976,0.44126,0.54542,0.58841,0.55738,0.44918,0.28227,0.1019,-0.015148,0.003781,0.17141,0.42381,0.65928,0.79815,0.81165,0.71919,0.57394,0.44247,0.37075,0.36484,0.37802,0.35932,0.31142,0.25684,0.20876,0.17011,0.13991,0.11641,0.098107,0.08377,0.072344,0.062737,0.053181,0.040861,0.02098,-0.014075,-0.074349,-0.16841,-0.29486,-0.42822,-0.5165,-0.49245,-0.31998,-0.041939,0.23964,0.43758,0.52018,0.50004,0.40512,0.26751,0.11605,-0.02545
0.10845,0.26129,0.46376,0.61269,0.61742,0.56177,0.53243,0.54558,0.53557,0.46365,0.33163,0.21146,0.157,0.17897,0.25475,0.34822,0.43382,0.49202,0.4987,0.43157,0.28173,0.071884,-0.12915,-0.23896,-0.23593,-0.1459,-0.0052906,0.1607,0.33584,0.48952,0.5898,0.61966,0.57443,0.46651,0.3201,0.18064,0.11205,0.16087,0.3223,0.52106,0.67366,0.72255,0.65985,0.51841,0.35676,0.24017,0.21642,0.27763,0.35044,0.36759,0.33194,0.27758,0.22584,0.18341,0.15041,0.12556,0.10743,0.094809,0.086587,0.081505,0.077688,0.071834,0.058437,0.029229,-0.025455,-0.11123,-0.22027,-0.32075,-0.35973,-0.28242,-0.075989,0.20081,0.45103,0.60509,0.64698,0.59751,0.48761,0.34689,0.20015,0.066672
-0.0016849,0.1398,0.3149,0.44675,0.47306,0.44059,0.45055,0.49096,0.50606,0.46006,0.37548,0.31506,0.31207,0.33802,0.3751,0.40784,0.4246,0.42563,0.40289,0.33269,0.19722,0.017325,-0.14147,-0.21924,-0.19989,-0.11242,0.024902,0.19651,0.38385,0.54806,0.64425,0.65602,0.59517,0.48638,0.36573,0.2751,0.26007,0.33788,0.47883,0.60783,0.65962,0.60626,0.46183,0.27286,0.10132,0.010402,0.041486,0.17268,0.30848,0.36423,0.34478,0.29402,0.24094,0.19609,0.1613,0.13586,0.11854,0.1082,0.10377,0.10389,0.10645,0.10765,0.10109,0.077475,0.026886,-0.054225,-0.15277,-0.23042,-0.23287,-0.11494,0.11826,0.3954,0.62213,0.74166,0.75148,0.68103,0.56549,0.43303,0.30339,0.18856
-0.081487,0.043573,0.19403,0.31121,0.34461,0.34008,0.37622,0.43737,0.46782,0.43511,0.389,0.37329,0.39446,0.4273,0.4356,0.41681,0.38618,0.35194,0.30792,0.23541,0.12033,-0.022143,-0.14584,-0.20609,-0.18348,-0.093765,0.046349,0.22215,0.40943,0.57116,0.6636,0.66866,0.60102,0.49069,0.38233,0.31855,0.33216,0.42264,0.54096,0.6206,0.60717,0.49438,0.30847,0.10254,-0.062003,-0.12544,-0.057339,0.11234,0.28005,0.35529,0.34539,0.29829,0.24613,0.20132,0.16654,0.14146,0.1251,0.11644,0.11443,0.11763,0.12392,0.12914,0.12627,0.10516,0.055181,-0.026832,-0.12506,-0.1993,-0.19312,-0.064044,0.1765,0.45235,0.66979,0.77703,0.77745,0.70431,0.59526,0.47734,0.36651,0.26995
-0.18269,-0.085273,0.025605,0.12184,0.16429,0.19626,0.26154,0.34582,0.38718,0.38315,0.37911,0.41039,0.46291,0.4932,0.46434,0.38721,0.2968,0.21774,0.15177,0.085442,0.0072595,-0.081079,-0.16205,-0.19821,-0.17254,-0.07833,0.066694,0.24003,0.41782,0.56454,0.64726,0.64876,0.5746,0.46181,0.36112,0.32145,0.36021,0.45345,0.53749,0.55448,0.46914,0.29521,0.075201,-0.12862,-0.2579,-0.26894,-0.14866,0.060378,0.25141,0.33941,0.33648,0.29358,0.24418,0.20137,0.16825,0.14483,0.13034,0.12386,0.12443,0.13063,0.14021,0.1487,0.14851,0.12864,0.077758,-0.0072352,-0.10912,-0.18613,-0.18214,-0.057324,0.17453,0.43821,0.64365,0.7433,0.74445,0.68332,0.59627,0.50767,0.42811,0.35917
-0.27627,-0.2109,-0.14541,-0.073174,-0.010983,0.045093,0.14228,0.23407,0.2823,0.29869,0.32175,0.39382,0.47643,0.49172,0.42859,0.3045,0.15867,0.035974,-0.041704,-0.082984,-0.11286,-0.14908,-0.18334,-0.18969,-0.15175,-0.065915,0.060491,0.2172,0.37789,0.50591,0.57249,0.56373,0.48458,0.37416,0.28302,0.25917,0.30686,0.38588,0.42934,0.38558,0.23902,0.018283,-0.21469,-0.38925,-0.45562,-0.39421,-0.2147,0.027389,0.22866,0.31854,0.31741,0.27776,0.23216,0.19289,0.16282,0.14203,0.12982,0.12538,0.12781,0.13574,0.14679,0.15638,0.15667,0.13649,0.084726,-0.00072212,-0.10151,-0.17702,-0.17631,-0.06694,0.13577,0.36521,0.54377,0.63224,0.64036,0.60341,0.55105,0.50186,0.46001,0.42287
-0.34014,-0.29494,-0.26153,-0.21268,-0.14316,-0.057695,0.044943,0.13914,0.19039,0.21222,0.25972,0.35181,0.43738,0.44927,0.36054,0.20033,0.019984,-0.1273,-0.20908,-0.22792,-0.21686,-0.20634,-0.19625,-0.17392,-0.12942,-0.059973,0.042091,0.17406,0.31438,0.4234,0.47177,0.44714,0.36437,0.26162,0.18597,0.17421,0.2211,0.2799,0.28801,0.19841,0.0072807,-0.24383,-0.47852,-0.62018,-0.62685,-0.50207,-0.27176,-0.0017679,0.20706,0.29696,0.29597,0.25859,0.21639,0.18037,0.15333,0.13504,0.12477,0.12173,0.12507,0.13361,0.1446,0.15361,0.15298,0.13211,0.08116,-4.7637e-05,-0.092123,-0.15632,-0.15085,-0.054426,0.11426,0.29909,0.43989,0.50989,0.52198,0.50645,0.48738,0.47439,0.4653,0.45475
-0.42239,-0.41343,-0.42317,-0.3795,-0.29973,-0.19253,-0.081374,0.0024257,0.043926,0.065807,0.13464,0.24449,0.33725,0.34437,0.229,0.02391,-0.19547,-0.36569,-0.44883,-0.44135,-0.37195,-0.28166,-0.20194,-0.14196,-0.096867,-0.051286,0.01279,0.095084,0.18738,0.25565,0.26869,0.21977,0.13354,0.050121,0.0087334,0.020534,0.066657,0.095556,0.050076,-0.10679,-0.36482,-0.66006,-0.8933,-0.98315,-0.90581,-0.69068,-0.38784,-0.072879,0.15626,0.25322,0.25635,0.22369,0.18672,0.15571,0.13302,0.11821,0.11051,0.10919,0.11342,0.12192,0.13198,0.13918,0.13629,0.11415,0.066148,-0.0030739,-0.071051,-0.10382,-0.076812,0.0079981,0.12115,0.22241,0.28516,0.31054,0.31993,0.33581,0.36638,0.40777,0.44893,0.48024
-0.47608,-0.48559,-0.52096,-0.50203,-0.40093,-0.28318,-0.17885,-0.10949,-0.079629,-0.050383,0.017722,0.13739,0.2358,0.22935,0.094821,-0.1323,-0.37972,-0.56515,-0.6436,-0.61225,-0.4941,-0.33773,-0.20238,-0.11645,-0.067529,-0.035817,-0.0098439,0.024533,0.060862,0.082647,0.061963,-0.0023608,-0.083623,-0.14278,-0.15092,-0.11159,-0.057589,-0.046624,-0.13298,-0.34712,-0.6634,-1.0007,-1.2382,-1.2923,-1.1575,-0.87874,-0.52183,-0.16576,0.091782,0.20456,0.21686,0.19027,0.15803,0.13105,0.11172,0.099557,0.093827,0.093796,0.098597,0.10681,0.11583,0.12121,0.11617,0.093071,0.048671,-0.0075106,-0.050331,-0.049775,0.0027546,0.083855,0.1522,0.17812,0.16467,0.1421,0.14293,0.18147,0.25288,0.33915,0.42154,0.48719
-0.54899,-0.59207,-0.64647,-0.62576,-0.5183,-0.39231,-0.30235,-0.26349,-0.25359,-0.23685,-0.16531,-0.037855,0.0618,0.045707,-0.10459,-0.35631,-0.6313,-0.83703,-0.91063,-0.83949,-0.65591,-0.42495,-0.21933,-0.083267,-0.021583,-0.01279,-0.036898,-0.075804,-0.1248,-0.18699,-0.26399,-0.34635,-0.40904,-0.42244,-0.37484,-0.28493,-0.20554,-0.2066,-0.34291,-0.63578,-1.0371,-1.4408,-1.7017,-1.7315,-1.5414,-1.1978,-0.77322,-0.35065,-0.036652,0.11512,0.14975,0.13555,0.11108,0.089831,0.075059,0.06655,0.063603,0.065475,0.071252,0.079402,0.087284,0.090516,0.083007,0.059313,0.020863,-0.016141,-0.022381,0.02542,0.1146,0.19407,0.20541,0.12814,0.0025141,-0.096752,-0.11467,-0.045062,0.083518,0.23213,0.37076,0.48204
-0.61688,-0.67603,-0.74791,-0.73096,-0.60684,-0.48282,-0.427,-0.41736,-0.43409,-0.43264,-0.35787,-0.23846,-0.14578,-0.15959,-0.32473,-0.59584,-0.88446,-1.1037,-1.1769,-1.0708,-0.82576,-0.52416,-0.24597,-0.053536,0.025116,0.0079181,-0.065205,-0.17528,-0.30938,-0.46351,-0.60507,-0.70603,-0.73961,-0.69392,-0.57687,-0.42458,-0.30701,-0.30657,-0.48184,-0.84498,-1.33,-1.8055,-2.1087,-2.1462,-1.9376,-1.5609,-1.086,-0.59602,-0.21113,-0.003523,0.064968,0.068917,0.054468,0.039587,0.029457,0.024661,0.024746,0.029034,0.036602,0.045866,0.054145,0.057103,0.049182,0.02662,-0.0055426,-0.025959,-0.0022682,0.083022,0.20047,0.27711,0.23906,0.068771,-0.16484,-0.34301,-0.38184,-0.28016,-0.092742,0.11914,0.31342,0.46844
-0.66697,-0.7356,-0.81022,-0.7888,-0.6573,-0.54857,-0.50823,-0.53264,-0.57457,-0.57699,-0.51517,-0.39792,-0.30253,-0.32546,-0.49431,-0.76904,-1.0671,-1.2911,-1.3615,-1.2415,-0.95776,-0.59604,-0.26103,-0.034787,0.057327,0.030565,-0.077442,-0.23374,-0.4322,-0.64699,-0.83813,-0.95343,-0.96432,-0.86853,-0.69242,-0.49026,-0.34322,-0.33635,-0.53387,-0.93698,-1.4756,-1.9981,-2.3376,-2.3991,-2.2032,-1.8278,-1.3357,-0.80481,-0.36567,-0.10952,-0.0097385,0.011273,0.0059012,-0.0036372,-0.010134,-0.012005,-0.0093414,-0.0026815,0.0071182,0.018564,0.028947,0.034017,0.028469,0.0091704,-0.017635,-0.029072,0.0078864,0.10783,0.23359,0.30224,0.23178,0.0046354,-0.29533,-0.52171,-0.57015,-0.44526,-0.21432,0.041915,0.27329,0.45644
-0.73437,-0.81112,-0.87731,-0.83976,-0.71596,-0.61848,-0.62141,-0.68191,-0.74284,-0.76475,-0.71967,-0.61001,-0.52085,-0.54414,-0.70599,-0.98007,-1.2807,-1.5031,-1.5712,-1.4457,-1.1292,-0.70265,-0.30434,-0.036885,0.07472,0.051371,-0.07596,-0.2806,-0.54017,-0.81782,-1.0582,-1.1926,-1.1804,-1.0257,-0.7771,-0.51659,-0.33658,-0.32275,-0.53824,-0.97614,-1.5608,-2.1285,-2.5104,-2.613,-2.4609,-2.1243,-1.649,-1.0923,-0.59051,-0.26879,-0.12273,-0.075258,-0.066492,-0.067989,-0.06914,-0.066704,-0.060002,-0.049173,-0.034794,-0.018101,-0.0015367,0.010952,0.014189,0.0047193,-0.012343,-0.016159,0.024183,0.12092,0.23562,0.2827,0.17638,-0.10176,-0.45824,-0.72458,-0.77686,-0.62051,-0.3426,-0.03873,0.23246,0.44524
-0.80189,-0.87743,-0.92827,-0.8826,-0.75513,-0.68995,-0.72133,-0.8134,-0.90017,-0.93915,-0.89822,-0.81133,-0.73666,-0.74803,-0.9028,-1.1661,-1.4545,-1.6743,-1.744,-1.6101,-1.2729,-0.81385,-0.37283,-0.063491,0.076818,0.070009,-0.052148,-0.2714,-0.55742,-0.87148,-1.1424,-1.2905,-1.2622,-1.0669,-0.77277,-0.47791,-0.28271,-0.27182,-0.49869,-0.95414,-1.5542,-2.139,-2.5399,-2.6743,-2.5791,-2.3153,-1.9037,-1.3628,-0.82147,-0.44127,-0.24856,-0.17236,-0.14736,-0.13926,-0.13403,-0.12633,-0.11449,-0.098008,-0.076962,-0.051955,-0.024823,0.0011609,0.021077,0.03034,0.030163,0.034319,0.066924,0.13852,0.21794,0.2299,0.094932,-0.20438,-0.57463,-0.84419,-0.88534,-0.70444,-0.39936,-0.070919,0.2191,0.44516
-0.852,-0.92228,-0.95369,-0.90354,-0.78825,-0.73351,-0.79352,-0.89774,-0.99606,-1.0438,-1.0283,-0.95724,-0.8814,-0.89146,-1.027,-1.2669,-1.5395,-1.7566,-1.8269,-1.687,-1.341,-0.87316,-0.41586,-0.085759,0.076082,0.087777,-0.017723,-0.21782,-0.50091,-0.82316,-1.1081,-1.2607,-1.2252,-1.016,-0.71352,-0.41667,-0.22856,-0.23085,-0.46713,-0.92663,-1.5207,-2.0961,-2.4914,-2.6382,-2.5835,-2.387,-2.0465,-1.5444,-0.9917,-0.57642,-0.35043,-0.25149,-0.21261,-0.19612,-0.18501,-0.1726,-0.15621,-0.13465,-0.10734,-0.074149,-0.036097,0.0043787,0.042645,0.072827,0.091897,0.10614,0.13198,0.17822,0.2234,0.20607,0.056762,-0.23967,-0.59475,-0.84609,-0.87399,-0.68826,-0.38173,-0.053492,0.23539,0.45993
-0.92053,-0.9835,-0.98764,-0.91901,-0.82255,-0.79804,-0.86914,-0.99311,-1.0931,-1.1531,-1.1649,-1.1124,-1.0505,-1.0537,-1.1627,-1.366,-1.6067,-1.7997,-1.8627,-1.73,-1.3903,-0.92177,-0.46049,-0.12125,0.058719,0.1044,0.048572,-0.097569,-0.34177,-0.64984,-0.93473,-1.0905,-1.0579,-0.8586,-0.57533,-0.31004,-0.15801,-0.19235,-0.44893,-0.90824,-1.4805,-2.0166,-2.3753,-2.5178,-2.5084,-2.4056,-2.1773,-1.7527,-1.2087,-0.75749,-0.49073,-0.36164,-0.30314,-0.27389,-0.25383,-0.23416,-0.21078,-0.18138,-0.14425,-0.098027,-0.042138,0.022524,0.092185,0.15947,0.21518,0.25402,0.28007,0.29868,0.30137,0.25019,0.095925,-0.17145,-0.47835,-0.69116,-0.71167,-0.54597,-0.27294,0.02363,0.28876,0.49823
-0.97427,-1.0189,-0.99889,-0.93581,-0.84661,-0.8371,-0.92162,-1.0391,-1.1388,-1.2081,-1.2363,-1.2147,-1.1612,-1.1483,-1.2322,-1.4109,-1.6202,-1.7818,-1.8296,-1.7057,-1.383,-0.92546,-0.47392,-0.13918,0.049778,0.12568,0.11842,0.021846,-0.17623,-0.45541,-0.72861,-0.88929,-0.87231,-0.69841,-0.44675,-0.22096,-0.10928,-0.17752,-0.45504,-0.91445,-1.462,-1.9536,-2.2681,-2.3948,-2.4103,-2.3733,-2.2311,-1.8762,-1.3547,-0.8869,-0.59451,-0.44431,-0.37097,-0.33138,-0.30392,-0.27824,-0.24914,-0.21336,-0.16822,-0.1112,-0.040276,0.045129,0.14216,0.24253,0.33262,0.39877,0.4359,0.4463,0.43041,0.36767,0.22417,-0.0079733,-0.271,-0.45771,-0.48688,-0.35863,-0.13427,0.11871,0.35211,0.54208
-1.0411,-1.069,-1.0105,-0.93598,-0.88083,-0.88544,-0.96837,-1.0701,-1.1596,-1.2319,-1.2848,-1.2991,-1.2617,-1.2326,-1.2823,-1.4127,-1.5691,-1.6837,-1.6964,-1.563,-1.2647,-0.8506,-0.43934,-0.12787,0.071645,0.18719,0.2357,0.20582,0.070402,-0.15676,-0.40734,-0.57723,-0.59562,-0.46959,-0.275,-0.10661,-0.052411,-0.17285,-0.48103,-0.94115,-1.4456,-1.8633,-2.1034,-2.1942,-2.2299,-2.262,-2.2241,-1.9718,-1.5026,-1.0341,-0.71946,-0.54624,-0.45493,-0.40209,-0.36484,-0.33112,-0.29437,-0.25001,-0.19396,-0.12216,-0.030371,0.083915,0.21919,0.36626,0.50652,0.61699,0.68253,0.70219,0.68565,0.63082,0.51965,0.34323,0.13567,-0.029942,-0.090649,-0.033738,0.10466,0.28064,0.45705,0.61117
-1.1122,-1.107,-1.0131,-0.94174,-0.90284,-0.92347,-0.98925,-1.0694,-1.1271,-1.1981,-1.2811,-1.3164,-1.299,-1.2714,-1.2858,-1.3592,-1.4596,-1.5229,-1.4925,-1.3333,-1.0491,-0.69475,-0.35037,-0.076123,0.12406,0.27343,0.37713,0.40878,0.33256,0.15091,-0.078706,-0.26168,-0.32362,-0.25603,-0.12301,-0.012807,-0.012636,-0.17861,-0.51213,-0.9618,-1.409,-1.7345,-1.8884,-1.9335,-1.972,-2.0447,-2.086,-1.9387,-1.5548,-1.1228,-0.81018,-0.62665,-0.52339,-0.46014,-0.41447,-0.37355,-0.32983,-0.27759,-0.21143,-0.12569,-0.014268,0.12721,0.2984,0.48927,0.67726,0.8325,0.93305,0.97699,0.98063,0.95394,0.88709,0.76543,0.60147,0.44246,0.34013,0.31916,0.36697,0.45922,0.57034,0.68061
-1.1592,-1.1324,-1.0083,-0.93578,-0.9123,-0.94166,-0.98451,-1.0327,-1.0704,-1.135,-1.233,-1.2951,-1.2874,-1.2527,-1.2417,-1.2823,-1.3375,-1.3532,-1.2857,-1.1083,-0.8323,-0.51571,-0.22539,0.0076076,0.19109,0.35527,0.4982,0.57227,0.53416,0.37562,0.15119,-0.046951,-0.14451,-0.12424,-0.034037,0.034852,0.0032161,-0.18126,-0.52075,-0.9463,-1.3403,-1.5858,-1.6716,-1.6801,-1.7075,-1.7909,-1.87,-1.7981,-1.5033,-1.1315,-0.84367,-0.6651,-0.55929,-0.49166,-0.44152,-0.3964,-0.34839,-0.29117,-0.21849,-0.12358,0.00061772,0.15952,0.35325,0.571,0.78769,0.96972,1.0919,1.154,1.1763,1.1753,1.1438,1.0608,0.92402,0.76618,0.63454,0.56194,0.54957,0.58525,0.65013,0.72636
-1.2237,-1.1608,-0.99271,-0.9125,-0.91897,-0.93518,-0.95851,-0.94673,-0.95282,-1.0061,-1.0979,-1.1879,-1.2018,-1.1588,-1.1354,-1.1392,-1.1351,-1.0816,-0.95382,-0.74792,-0.48242,-0.20633,0.0205,0.18381,0.32497,0.48921,0.66337,0.78527,0.78189,0.63901,0.40746,0.17888,0.036204,0.00071784,0.036805,0.06825,0.018871,-0.16093,-0.47621,-0.84725,-1.1538,-1.2989,-1.3023,-1.2582,-1.2539,-1.3236,-1.426,-1.448,-1.3008,-1.0531,-0.83212,-0.68001,-0.58157,-0.51398,-0.46143,-0.41308,-0.36119,-0.29895,-0.21932,-0.1147,0.022887,0.19932,0.4143,0.65528,0.89403,1.0937,1.2279,1.2997,1.3369,1.3638,1.375,1.3401,1.2394,1.09,0.93412,0.81171,0.73959,0.71698,0.73153,0.76755
-1.2817,-1.1798,-0.96851,-0.88565,-0.89072,-0.91485,-0.88358,-0.82454,-0.78397,-0.81774,-0.91709,-1.0046,-1.0284,-1.0009,-0.96522,-0.93734,-0.8904,-0.78182,-0.59467,-0.34852,-0.085199,0.14652,0.30778,0.40353,0.49762,0.64515,0.83253,0.9802,0.9977,0.85757,0.60851,0.34143,0.14588,0.055237,0.046573,0.060947,0.023352,-0.11854,-0.36696,-0.64891,-0.85287,-0.90981,-0.8506,-0.76256,-0.71964,-0.75843,-0.86253,-0.96436,-0.97538,-0.88391,-0.76023,-0.65422,-0.5744,-0.51344,-0.46235,-0.41337,-0.35959,-0.2942,-0.2099,-0.098811,0.047006,0.23283,0.45672,0.70329,0.94102,1.1309,1.2474,1.2998,1.3262,1.3614,1.404,1.4159,1.3608,1.2397,1.0875,0.94448,0.84189,0.78565,0.76829,0.77616
-1.3234,-1.1941,-0.94706,-0.84625,-0.86176,-0.87017,-0.80907,-0.71115,-0.63438,-0.64218,-0.73107,-0.81422,-0.84623,-0.82872,-0.79243,-0.75234,-0.68182,-0.5392,-0.31175,-0.031482,0.23892,0.43926,0.54621,0.59227,0.6509,0.7798,0.96377,1.1133,1.1351,0.99196,0.72464,0.42503,0.18286,0.05058,0.018409,0.032082,0.018719,-0.077022,-0.25442,-0.45324,-0.57953,-0.58155,-0.48816,-0.37473,-0.30724,-0.3208,-0.42132,-0.57366,-0.69414,-0.72207,-0.67902,-0.61436,-0.55309,-0.5,-0.4519,-0.40363,-0.3493,-0.28247,-0.19601,-0.082214,0.066167,0.25326,0.47511,0.71358,0.93425,1.0965,1.1761,1.1883,1.1812,1.2027,1.26,1.3111,1.3043,1.2237,1.0946,0.95818,0.84927,0.78139,0.75266,0.75209
-1.3766,-1.2097,-0.91021,-0.78535,-0.7946,-0.78517,-0.67799,-0.51569,-0.40464,-0.38364,-0.43339,-0.51046,-0.5484,-0.54077,-0.51727,-0.4756,-0.38311,-0.2037,0.065512,0.38147,0.66506,0.83883,0.88304,0.85797,0.86148,0.95925,1.1264,1.2682,1.2837,1.1286,0.83054,0.47965,0.17542,-0.0056536,-0.054891,-0.026026,0.0076364,-0.0091331,-0.082817,-0.16978,-0.20436,-0.15006,-0.027339,0.10568,0.19403,0.20219,0.10235,-0.10432,-0.34484,-0.50846,-0.56165,-0.54851,-0.51148,-0.46929,-0.42585,-0.37919,-0.32481,-0.25698,-0.16914,-0.054437,0.092924,0.27463,0.48302,0.69522,0.87211,0.97025,0.96697,0.88582,0.79376,0.76594,0.83069,0.94255,1.0229,1.0252,0.95682,0.85581,0.76129,0.69819,0.67304,0.6788
-1.4129,-1.219,-0.8836,-0.73144,-0.72707,-0.69608,-0.56182,-0.3656,-0.21709,-0.16455,-0.19251,-0.25177,-0.28775,-0.29407,-0.28464,-0.24834,-0.1469,0.052318,0.34381,0.67559,0.96304,1.125,1.1361,1.0589,1.0093,1.0726,1.225,1.3603,1.3708,1.2008,0.87757,0.4836,0.13639,-0.075493,-0.12991,-0.078037,0.0015988,0.049799,0.050448,0.034226,0.052572,0.13384,0.26566,0.40212,0.49572,0.50772,0.40203,0.16303,-0.14399,-0.38008,-0.48557,-0.50089,-0.47741,-0.44103,-0.40017,-0.35427,-0.29968,-0.23128,-0.14319,-0.029577,0.11406,0.28698,0.4782,0.66074,0.79132,0.82344,0.73477,0.55393,0.36518,0.27333,0.33389,0.50097,0.66724,0.75456,0.75257,0.69733,0.62926,0.58273,0.57141,0.59198
-1.4559,-1.2365,-0.84513,-0.64485,-0.61486,-0.55989,-0.37409,-0.14568,0.043082,0.13518,0.1397,0.11298,0.083743,0.063542,0.05092,0.069799,0.16803,0.38275,0.69887,1.0458,1.3314,1.4782,1.455,1.3181,1.1978,1.2047,1.33,1.456,1.457,1.268,0.9048,0.45775,0.053079,-0.19498,-0.24847,-0.15317,-0.00060535,0.12964,0.21242,0.26184,0.32255,0.41969,0.54906,0.67689,0.76306,0.76491,0.64134,0.36603,0.0037093,-0.28495,-0.42344,-0.45399,-0.43635,-0.40182,-0.36107,-0.31448,-0.25897,-0.18999,-0.10249,0.0079174,0.14335,0.29961,0.46086,0.59424,0.65033,0.57761,0.3519,0.0067075,-0.34979,-0.56207,-0.52052,-0.26774,0.037352,0.26283,0.37186,0.39672,0.3811,0.37114,0.3893,0.43767
-1.5,-1.2549,-0.80688,-0.55824,-0.48402,-0.3909,-0.18026,0.089245,0.30469,0.42951,0.47731,0.47387,0.45368,0.42365,0.39302,0.39148,0.47316,0.68159,1.0047,1.3661,1.6567,1.7843,1.7216,1.5345,1.3587,1.3099,1.3935,1.5026,1.4944,1.2917,0.89805,0.40936,-0.037123,-0.30876,-0.3519,-0.21097,0.0065152,0.20072,0.33285,0.41208,0.48208,0.57319,0.68588,0.79334,0.85841,0.83735,0.68726,0.38335,0.0014006,-0.28817,-0.41466,-0.43211,-0.40497,-0.36426,-0.31936,-0.26985,-0.21235,-0.14258,-0.056359,0.049122,0.17351,0.30895,0.4348,0.51263,0.48738,0.30253,-0.069579,-0.59337,-1.1411,-1.5014,-1.4925,-1.1467,-0.68757,-0.31075,-0.080388,0.033177,0.079421,0.11281,0.1645,0.24377
-1.5277,-1.2736,-0.78485,-0.4889,-0.37633,-0.25687,-0.022066,0.26064,0.49473,0.64194,0.71193,0.73192,0.72098,0.68357,0.63737,0.62286,0.69205,0.88557,1.1999,1.565,1.8598,1.9752,1.8839,1.6614,1.4452,1.3547,1.4079,1.5014,1.4924,1.2829,0.87889,0.36848,-0.096109,-0.37516,-0.40182,-0.22933,0.022881,0.24717,0.38996,0.46698,0.52129,0.59453,0.68908,0.7779,0.82198,0.78033,0.60788,0.28842,-0.085486,-0.346,-0.43804,-0.42986,-0.38709,-0.3374,-0.28695,-0.23395,-0.17442,-0.10411,-0.019417,0.081385,0.19596,0.31393,0.41141,0.44641,0.36062,0.095138,-0.37928,-1.0252,-1.7037,-2.1671,-2.1822,-1.7738,-1.2136,-0.73991,-0.43178,-0.25738,-0.16718,-0.10002,-0.020063,0.085489
-1.5635,-1.297,-0.75527,-0.3995,-0.22952,-0.067615,0.19081,0.48575,0.73565,0.9033,0.99594,1.0404,1.0402,0.99906,0.93455,0.89463,0.93965,1.114,1.4123,1.764,2.0518,2.1635,2.0557,1.7924,1.5174,1.3714,1.3875,1.4627,1.4486,1.239,0.83145,0.31172,-0.16285,-0.43369,-0.42782,-0.21298,0.072151,0.30771,0.43754,0.4787,0.48431,0.50966,0.56643,0.62714,0.64703,0.58263,0.39033,0.068483,-0.26851,-0.4601,-0.48601,-0.43332,-0.36469,-0.30032,-0.24128,-0.18316,-0.12095,-0.050393,0.031354,0.12452,0.22449,0.31775,0.3768,0.35618,0.19543,-0.16396,-0.74743,-1.5091,-2.2959,-2.8355,-2.867,-2.4169,-1.7875,-1.2418,-0.8685,-0.63767,-0.49798,-0.38718,-0.26789,-0.12623
-1.5854,-1.324,-0.74515,-0.33057,-0.11741,0.07683,0.34496,0.64543,0.89768,1.075,1.1865,1.2402,1.2445,1.2018,1.1289,1.0685,1.0887,1.2436,1.5267,1.8631,2.1408,2.2519,2.141,1.8551,1.5413,1.3566,1.343,1.4041,1.3834,1.1807,0.77931,0.26714,-0.19971,-0.44845,-0.41153,-0.16602,0.13316,0.35837,0.4588,0.44998,0.39944,0.37227,0.39304,0.43512,0.44733,0.37915,0.1885,-0.11647,-0.40941,-0.53964,-0.51424,-0.42953,-0.34295,-0.26863,-0.20383,-0.14245,-0.078914,-0.0090368,0.069462,0.15588,0.24384,0.31797,0.34863,0.28873,0.077864,-0.33892,-0.97839,-1.7797,-2.5764,-3.1014,-3.1241,-2.6876,-2.0753,-1.5332,-1.149,-0.90054,-0.73441,-0.59458,-0.4457,-0.27568
-1.6072,-1.3488,-0.72527,-0.2504,0.032295,0.26325,0.54379,0.84106,1.0925,1.2701,1.3869,1.454,1.4661,1.4176,1.3327,1.2552,1.2432,1.3539,1.6021,1.9232,2.1948,2.299,2.1793,1.878,1.5324,1.3029,1.2481,1.2841,1.2627,1.0718,0.69175,0.20396,-0.22638,-0.42618,-0.33934,-0.060389,0.24206,0.43727,0.47353,0.37413,0.2246,0.11502,0.087664,0.11623,0.13974,0.095974,-0.059226,-0.31095,-0.53098,-0.58788,-0.51198,-0.39953,-0.29861,-0.21661,-0.14771,-0.084497,-0.021139,0.04618,0.11889,0.1949,0.26602,0.31454,0.30856,0.19976,-0.070244,-0.54773,-1.2302,-2.0275,-2.7548,-3.1808,-3.166,-2.7879,-2.2694,-1.798,-1.4471,-1.2014,-1.0187,-0.84896,-0.66237,-0.45337
-1.6154,-1.373,-0.71542,-0.16819,0.17208,0.44399,0.7279,1.0088,1.2478,1.4221,1.5366,1.6083,1.6215,1.5697,1.4719,1.3725,1.3264,1.3909,1.5935,1.8892,2.1574,2.2653,2.1477,1.8463,1.4865,1.221,1.1258,1.138,1.1176,0.93814,0.58147,0.13349,-0.23707,-0.37065,-0.22788,0.076806,0.37405,0.52941,0.48866,0.28383,0.018324,-0.18353,-0.25797,-0.22778,-0.16502,-0.14525,-0.22089,-0.38371,-0.52551,-0.53677,-0.44545,-0.33098,-0.23135,-0.15096,-0.083668,-0.022488,0.037775,0.10017,0.16514,0.22931,0.28283,0.30615,0.26564,0.11246,-0.20887,-0.7341,-1.4374,-2.1961,-2.8111,-3.106,-3.0435,-2.7325,-2.3305,-1.9567,-1.6617,-1.4356,-1.2477,-1.057,-0.84062,-0.59937
-1.6126,-1.3835,-0.70208,-0.11083,0.27971,0.56843,0.85052,1.1262,1.3474,1.506,1.6174,1.68,1.6899,1.6409,1.5383,1.415,1.3378,1.3711,1.5395,1.8052,2.0651,2.188,2.0923,1.8018,1.4366,1.1489,1.0251,1.023,0.99532,0.8227,0.48319,0.073265,-0.24167,-0.31611,-0.1305,0.194,0.48547,0.60914,0.50868,0.22294,-0.12994,-0.40297,-0.51138,-0.473,-0.36856,-0.28212,-0.27592,-0.35543,-0.43983,-0.43586,-0.35482,-0.25493,-0.16641,-0.093371,-0.031282,0.025637,0.081602,0.13883,0.19691,0.25149,0.29178,0.29696,0.23235,0.048913,-0.30661,-0.86251,-1.5771,-2.3043,-2.8398,-3.0482,-2.9535,-2.679,-2.345,-2.0309,-1.7716,-1.5615,-1.3722,-1.1711,-0.93975,-0.6816
-1.5848,-1.3766,-0.67404,-0.029285,0.40886,0.7258,0.99509,1.2429,1.4417,1.583,1.6785,1.7328,1.7381,1.6832,1.569,1.4202,1.2962,1.2719,1.3892,1.6201,1.8712,2.02,1.9715,1.7177,1.3611,1.0547,0.9025,0.87306,0.82949,0.6615,0.35519,0.0046013,-0.23142,-0.22953,0.0087369,0.35652,0.63888,0.72314,0.55421,0.17558,-0.27928,-0.6425,-0.79932,-0.75478,-0.59613,-0.41742,-0.29273,-0.25294,-0.26322,-0.25215,-0.20059,-0.13259,-0.067347,-0.0098803,0.041398,0.089806,0.13785,0.18648,0.23421,0.27562,0.29874,0.28164,0.1887,-0.029256,-0.4233,-1.0142,-1.7436,-2.4431,-2.9037,-3.0285,-2.894,-2.636,-2.3484,-2.0792,-1.8487,-1.6481,-1.4603,-1.255,-1.0168,-0.74951
-1.5321,-1.3485,-0.63135,0.060593,0.53681,0.85458,1.1163,1.3303,1.5054,1.6269,1.6967,1.7368,1.7349,1.6679,1.5362,1.3636,1.1914,1.0935,1.1442,1.3476,1.6097,1.7947,1.8001,1.6061,1.2928,0.9984,0.82428,0.74936,0.67693,0.51183,0.24717,-0.034495,-0.19314,-0.12283,0.15832,0.51841,0.78726,0.83971,0.62553,0.18709,-0.34003,-0.77923,-0.99167,-0.96396,-0.77946,-0.53211,-0.30376,-0.15142,-0.087472,-0.066124,-0.041704,-0.0058031,0.034416,0.074076,0.11239,0.15035,0.1889,0.22784,0.26475,0.29335,0.30099,0.26516,0.14999,-0.093168,-0.51333,-1.1261,-1.8635,-2.5454,-2.9618,-3.036,-2.867,-2.5962,-2.3098,-2.0469,-1.8229,-1.6273,-1.4447,-1.2457,-1.0152,-0.75526
-1.4694,-1.299,-0.58068,0.12852,0.62648,0.94502,1.1811,1.3744,1.5292,1.6327,1.6941,1.7176,1.7035,1.631,1.4866,1.2851,1.072,0.92181,0.91949,1.0969,1.3751,1.6032,1.6608,1.5229,1.2619,0.99492,0.80334,0.69096,0.58769,0.42426,0.18791,-0.039869,-0.1402,-0.021339,0.28375,0.6421,0.89617,0.93011,0.69974,0.24334,-0.31384,-0.79331,-1.0523,-1.0633,-0.89307,-0.62679,-0.34308,-0.11615,0.0057164,0.045756,0.060722,0.079405,0.10423,0.13187,0.16079,0.19087,0.22215,0.25377,0.28282,0.30265,0.30038,0.25365,0.12721,-0.12623,-0.55331,-1.1662,-1.893,-2.553,-2.9421,-2.9908,-2.7995,-2.5081,-2.2061,-1.9371,-1.7169,-1.5331,-1.3645,-1.18,-0.96351,-0.71654
-1.3609,-1.2015,-0.48753,0.23991,0.73911,1.0422,1.2441,1.4058,1.533,1.6209,1.6658,1.6716,1.6358,1.5487,1.3863,1.1419,0.86106,0.63417,0.56244,0.70248,1.0034,1.3093,1.4681,1.4321,1.2514,1.0233,0.82316,0.67393,0.53823,0.36819,0.16377,0.0008766,-0.018798,0.15788,0.48003,0.82256,1.0524,1.0705,0.83699,0.38302,-0.18073,-0.69242,-1.0151,-1.1087,-1.0088,-0.76924,-0.45151,-0.14573,0.0543,0.13573,0.15749,0.16736,0.17998,0.19607,0.21478,0.23555,0.25792,0.28056,0.3002,0.31012,0.2977,0.24161,0.10878,-0.14428,-0.55863,-1.1403,-1.8148,-2.4105,-2.7432,-2.7539,-2.5354,-2.2221,-1.9095,-1.6481,-1.4524,-1.3021,-1.1718,-1.0249,-0.84202,-0.62318
-1.2555,-1.1033,-0.39448,0.33073,0.81872,1.1009,1.2668,1.4,1.5181,1.6008,1.6339,1.6296,1.5832,1.4764,1.2925,1.0184,0.68303,0.38397,0.25228,0.37081,0.69779,1.0743,1.33,1.3852,1.2688,1.0695,0.87583,0.71576,0.56394,0.38482,0.20006,0.082273,0.11867,0.32734,0.64992,0.97334,1.1854,1.1974,0.97283,0.53537,-0.012032,-0.53199,-0.8995,-1.0702,-1.0552,-0.87336,-0.5625,-0.21759,0.037201,0.15777,0.19695,0.21045,0.22062,0.232,0.24548,0.26078,0.27752,0.29437,0.30811,0.31227,0.29486,0.23604,0.10545,-0.13597,-0.52301,-1.0553,-1.6572,-2.1706,-2.4359,-2.4084,-2.1751,-1.8625,-1.5658,-1.3344,-1.1774,-1.071,-0.98261,-0.87271,-0.72067,-0.52731
-1.0866,-0.92958,-0.24567,0.4561,0.92372,1.1487,1.2715,1.3667,1.4719,1.5534,1.5895,1.5732,1.5096,1.3813,1.1603,0.83424,0.42523,0.025664,-0.19759,-0.10228,0.2841,0.77476,1.1668,1.346,1.3233,1.1786,1.0042,0.83975,0.66733,0.48438,0.32801,0.27085,0.36409,0.59728,0.90633,1.2005,1.3885,1.3958,1.1877,0.78572,0.27697,-0.22665,-0.63457,-0.90818,-1.027,-0.95909,-0.69869,-0.33533,-0.025898,0.14476,0.21341,0.23945,0.25262,0.26241,0.27205,0.2824,0.29356,0.30448,0.31227,0.31114,0.29055,0.23338,0.11416,-0.0983,-0.42823,-0.86556,-1.3359,-1.7058,-1.8572,-1.7701,-1.5258,-1.2379,-0.99288,-0.83097,-0.75035,-0.71839,-0.69769,-0.64858,-0.54894,-0.39851
-0.889,-0.72626,-0.065861,0.59755,1.0055,1.1806,1.2283,1.2974,1.4002,1.5016,1.5507,1.5296,1.4431,1.291,1.0338,0.64355,0.14724,-0.35093,-0.66164,-0.58978,-0.12786,0.49456,1.0176,1.3164,1.3953,1.3281,1.1848,1.012,0.82687,0.65689,0.54561,0.54466,0.67149,0.90695,1.1913,1.4539,1.6172,1.6195,1.4301,1.0718,0.61492,0.147,-0.27619,-0.62569,-0.86132,-0.91338,-0.73711,-0.40343,-0.080918,0.11629,0.20669,0.24529,0.264,0.27502,0.2834,0.29103,0.29858,0.30548,0.3094,0.3055,0.28515,0.23453,0.1339,-0.039166,-0.2978,-0.62348,-0.94716,-1.164,-1.1968,-1.0498,-0.80257,-0.55661,-0.38493,-0.31233,-0.32255,-0.3746,-0.42594,-0.43931,-0.3931,-0.28601
-0.72507,-0.55474,0.07825,0.70867,1.065,1.1715,1.185,1.2201,1.3273,1.4507,1.5198,1.5077,1.4158,1.2355,0.94668,0.512,-0.052346,-0.62824,-0.99783,-0.93578,-0.41788,0.3002,0.91863,1.3019,1.4539,1.4433,1.3285,1.1569,0.97721,0.82607,0.75122,0.78157,0.92286,1.1519,1.4174,1.6543,1.7956,1.7903,1.6144,1.293,0.88098,0.44975,0.032365,-0.34729,-0.63968,-0.76159,-0.65299,-0.37064,-0.076704,0.11174,0.2025,0.24351,0.26395,0.27568,0.28359,0.28998,0.29583,0.30081,0.30304,0.29834,0.27969,0.2358,0.15124,0.010021,-0.19354,-0.43667,-0.65674,-0.77003,-0.7243,-0.53769,-0.28997,-0.076702,0.038001,0.041637,-0.037545,-0.15257,-0.25586,-0.31256,-0.30289,-0.22539
-0.49198,-0.29919,0.29096,0.83855,1.1273,1.1484,1.0788,1.0936,1.2243,1.39,1.4961,1.4967,1.3929,1.1831,0.84262,0.34728,-0.29188,-0.96031,-1.4027,-1.3385,-0.74611,0.079533,0.81417,1.3002,1.5364,1.582,1.5048,1.3609,1.2024,1.079,1.032,1.0885,1.2451,1.4707,1.7146,1.9178,2.0274,2.0076,1.8485,1.5745,1.2278,0.85052,0.46222,0.084736,-0.22969,-0.39698,-0.36303,-0.17612,0.028363,0.15622,0.21599,0.24397,0.25943,0.26908,0.27572,0.28081,0.28512,0.28848,0.28941,0.28464,0.26897,0.23425,0.17025,0.068306,-0.069561,-0.21777,-0.32298,-0.32452,-0.1945,0.036125,0.2861,0.46338,0.5115,0.43068,0.26379,0.069437,-0.099016,-0.20706,-0.23607,-0.18497
-0.31357,-0.1111,0.44372,0.95038,1.1539,1.1053,0.98964,0.98118,1.1285,1.3366,1.4831,1.5036,1.392,1.1606,0.78476,0.24101,-0.4494,-1.1715,-1.656,-1.5857,-0.94221,-0.054468,0.74494,1.2926,1.5779,1.6589,1.6157,1.5032,1.3664,1.2561,1.2206,1.2921,1.4616,1.6875,1.9151,2.0927,2.1792,2.1489,2.0041,1.7644,1.4673,1.1348,0.78363,0.43562,0.14081,-0.028215,-0.032803,0.075987,0.1859,0.23614,0.24839,0.2522,0.25651,0.26111,0.26551,0.26942,0.2729,0.2755,0.27586,0.2713,0.25749,0.22825,0.17643,0.097612,-0.0020841,-0.096195,-0.13774,-0.076877,0.10266,0.36304,0.6194,0.77809,0.78503,0.64812,0.42081,0.1705,-0.042721,-0.18159,-0.22879,-0.18604
-0.074397,0.15057,0.65158,1.0655,1.1758,1.0258,0.83157,0.81301,1.0064,1.2793,1.4806,1.5263,1.4089,1.1426,0.72602,0.13401,-0.61634,-1.3888,-1.8902,-1.8012,-1.1135,-0.17409,0.66945,1.2618,1.5927,1.7267,1.7325,1.6562,1.5396,1.4383,1.4196,1.5126,1.698,1.9215,2.1277,2.2728,2.3312,2.2914,2.1632,1.9683,1.7358,1.4766,1.1981,0.91702,0.67706,0.53165,0.49458,0.50453,0.47474,0.39575,0.32042,0.27565,0.25578,0.24905,0.24833,0.24997,0.25232,0.25417,0.25391,0.24913,0.23635,0.21108,0.16896,0.10926,0.041543,-0.0070599,0.0063813,0.12397,0.35409,0.65213,0.92597,1.0753,1.044,0.84521,0.54381,0.2229,-0.04668,-0.21904,-0.27659,-0.22777
0.15427,0.39474,0.84294,1.166,1.1698,0.91212,0.65508,0.63183,0.87659,1.2265,1.4868,1.5621,1.4412,1.1444,0.68229,0.047949,-0.73321,-1.5156,-1.9997,-1.8839,-1.182,-0.23943,0.60387,1.2052,1.5666,1.7445,1.7835,1.7296,1.629,1.5439,1.5427,1.6487,1.8392,2.0585,2.2517,2.3784,2.4184,2.371,2.2544,2.1009,1.9377,1.7668,1.5803,1.3831,1.2089,1.0944,1.0341,0.95732,0.79464,0.58202,0.409,0.30661,0.25667,0.23534,0.22801,0.2269,0.22819,0.22946,0.22851,0.22268,0.20867,0.18255,0.14112,0.085262,0.026354,-0.0069297,0.029463,0.17911,0.44941,0.78907,1.0935,1.2499,1.1963,0.94882,0.58306,0.19773,-0.1219,-0.31926,-0.37679,-0.31188
0.31767,0.56644,0.97539,1.2289,1.1415,0.81405,0.50785,0.49365,0.78539,1.1926,1.4995,1.5938,1.4679,1.1541,0.66156,-0.0030635,-0.78963,-1.5511,-2.0039,-1.8679,-1.179,-0.2731,0.54496,1.146,1.5226,1.7149,1.7678,1.7248,1.6384,1.5703,1.575,1.6808,1.868,2.0866,2.2789,2.4024,2.435,2.3802,2.2696,2.1472,2.0414,1.9465,1.8373,1.7062,1.5773,1.4805,1.401,1.2645,1.0138,0.71071,0.46973,0.32632,0.25461,0.22256,0.21054,0.20766,0.20839,0.20938,0.20784,0.20071,0.1843,0.15456,0.1081,0.045806,-0.020508,-0.060303,-0.024601,0.13525,0.43037,0.80459,1.1408,1.3135,1.2541,0.9797,0.5735,0.14588,-0.20722,-0.42028,-0.47595,-0.39804
0.51911,0.7754,1.124,1.2793,1.0907,0.65428,0.30438,0.31412,0.67998,1.1591,1.5199,1.6381,1.5065,1.1628,0.63705,-0.048446,-0.8319,-1.5512,-1.9344,-1.7658,-1.1234,-0.30031,0.45734,1.0337,1.4103,1.6084,1.674,1.6427,1.5704,1.5138,1.5226,1.6268,1.8137,2.0349,2.2328,2.3555,2.3802,2.3161,2.2138,2.1367,2.1162,2.1307,2.127,2.0788,1.9989,1.9104,1.7959,1.5838,1.2325,0.8328,0.52085,0.33501,0.24114,0.19881,0.18277,0.17901,0.18011,0.18151,0.17954,0.1704,0.14956,0.1119,0.052797,-0.02821,-0.11956,-0.18749,-0.17341,-0.015161,0.30665,0.72864,1.1143,1.3197,1.267,0.97377,0.53025,0.059204,-0.33027,-0.56325,-0.62017,-0.52846
0.69456,0.9559,1.2472,1.3089,1.0042,0.4815,0.099687,0.15018,0.58913,1.1379,1.5398,1.6812,1.5455,1.1722,0.6149,-0.081856,-0.84437,-1.5036,-1.8177,-1.6352,-1.0516,-0.31827,0.35626,0.87616,1.2294,1.4333,1.5085,1.4853,1.4067,1.3415,1.3522,1.4658,1.6638,1.8934,2.0957,2.2188,2.2383,2.17,2.0791,2.0485,2.116,2.24,2.3405,2.3688,2.3244,2.2268,2.0616,1.7703,1.3341,0.86799,0.51609,0.3105,0.20846,0.16395,0.14859,0.14677,0.15004,0.1531,0.15159,0.14096,0.11554,0.068641,-0.0065847,-0.11317,-0.2411,-0.35372,-0.38118,-0.24308,0.092551,0.55685,0.99384,1.2413,1.2122,0.92245,0.46538,-0.028929,-0.44252,-0.69098,-0.74872,-0.64297
0.80856,1.0671,1.318,1.316,0.92457,0.3452,-0.050388,0.043704,0.54211,1.1346,1.5609,1.7044,1.5601,1.1738,0.5978,-0.10758,-0.84291,-1.4459,-1.7167,-1.5423,-1.0136,-0.35315,0.25175,0.72674,1.0547,1.2571,1.3387,1.3158,1.2294,1.1533,1.1639,1.2879,1.4976,1.7365,1.9417,2.0655,2.0826,2.0141,1.9333,1.9363,2.0679,2.2702,2.4446,2.5249,2.4996,2.3853,2.1721,1.8169,1.3241,0.82775,0.46842,0.26557,0.16858,0.12921,0.11809,0.11994,0.12633,0.13179,0.13168,0.12079,0.092944,0.039936,-0.047173,-0.17405,-0.33287,-0.48604,-0.55596,-0.44769,-0.11587,0.37015,0.84187,1.1242,1.1234,0.85288,0.40526,-0.089856,-0.50726,-0.75859,-0.81381,-0.69911
0.93089,1.1927,1.3899,1.2876,0.81438,0.15379,-0.23,-0.070626,0.49728,1.1296,1.5819,1.7323,1.576,1.1682,0.57313,-0.13365,-0.83993,-1.382,-1.5968,-1.4331,-0.99298,-0.44552,0.070692,0.4892,0.78899,0.97398,1.047,1.0185,0.93022,0.8509,0.8605,0.99338,1.2179,1.4732,1.689,1.8149,1.8284,1.7567,1.6878,1.7345,1.9449,2.2477,2.5136,2.6535,2.6445,2.4962,2.2073,1.7597,1.1988,0.68552,0.34564,0.1701,0.095132,0.071317,0.071111,0.081001,0.093577,0.10385,0.10719,0.098006,0.069199,0.010829,-0.088853,-0.23954,-0.4379,-0.64849,-0.78792,-0.74299,-0.44613,0.043622,0.54984,0.88245,0.93562,0.71488,0.30746,-0.15861,-0.56001,-0.80244,-0.84777,-0.71805
1.0027,1.2572,1.4175,1.2628,0.71414,0.019825,-0.35354,-0.13677,0.48021,1.1381,1.5924,1.7422,1.5773,1.1536,0.55227,-0.14744,-0.83486,-1.3466,-1.5358,-1.3872,-1.0156,-0.55742,-0.10583,0.27657,0.56289,0.73151,0.78702,0.75246,0.66743,0.59522,0.60669,0.74111,0.97821,1.2509,1.4819,1.613,1.6226,1.5453,1.48,1.5545,1.8177,2.1893,2.5167,2.6942,2.6916,2.5125,2.1607,1.6394,1.0314,0.52093,0.21535,0.075851,0.027243,0.020605,0.031945,0.049847,0.068364,0.083324,0.090487,0.084301,0.057042,-0.0021279,-0.10695,-0.27047,-0.49415,-0.74721,-0.94702,-0.96963,-0.72605,-0.257,0.2627,0.63266,0.73592,0.56989,0.21562,-0.20585,-0.57346,-0.79189,-0.82111,-0.68144
1.0701,1.3189,1.4334,1.2063,0.57758,-0.15089,-0.48471,-0.19666,0.46763,1.1438,1.5991,1.741,1.5677,1.134,0.52163,-0.17506,-0.83121,-1.3018,-1.4861,-1.3885,-1.1056,-0.74824,-0.38153,-0.044001,0.2206,0.37663,0.4225,0.3808,0.29963,0.23865,0.25682,0.39532,0.64655,0.94371,1.201,1.3472,1.3567,1.2704,1.2042,1.3057,1.6294,2.0749,2.4678,2.6847,2.6833,2.4616,2.025,1.4031,0.73645,0.2467,0.0071101,-0.069534,-0.074261,-0.053005,-0.023765,0.0063282,0.03396,0.056452,0.070352,0.070398,0.048648,-0.0067076,-0.11163,-0.28346,-0.53094,-0.83361,-1.118,-1.2552,-1.1268,-0.72995,-0.21703,0.20313,0.39203,0.3273,0.075015,-0.25416,-0.54942,-0.71985,-0.7231,-0.57326
1.102,1.3422,1.4175,1.1266,0.45119,-0.29853,-0.58785,-0.22868,0.46891,1.1459,1.5949,1.7243,1.5418,1.1054,0.48627,-0.20809,-0.83859,-1.2798,-1.4763,-1.4497,-1.2646,-0.99142,-0.68852,-0.39442,-0.15649,-0.0023568,0.048875,0.008871,-0.072345,-0.12607,-0.090657,0.065924,0.33356,0.65194,0.93468,1.1035,1.1232,1.0343,0.96631,1.0863,1.4548,1.952,2.3868,2.6251,2.6158,2.3496,1.8306,1.1109,0.39224,-0.060761,-0.21853,-0.22302,-0.17952,-0.12851,-0.080664,-0.038014,-0.00086937,0.02985,0.051738,0.060193,0.047428,0.0012974,-0.095616,-0.26438,-0.52161,-0.86067,-1.2259,-1.4968,-1.529,-1.2568,-0.78255,-0.316,-0.026142,0.035319,-0.085376,-0.29229,-0.4868,-0.58857,-0.55831,-0.40354
1.1046,1.3375,1.3917,1.0693,0.35473,-0.39037,-0.63506,-0.23833,0.47098,1.1417,1.5762,1.6986,1.513,1.0715,0.45713,-0.22389,-0.84278,-1.2824,-1.4929,-1.5134,-1.4071,-1.2046,-0.93731,-0.66215,-0.43381,-0.28544,-0.23779,-0.27346,-0.34962,-0.39289,-0.33838,-0.16066,0.12193,0.45301,0.75206,0.93988,0.97699,0.89735,0.83608,0.96733,1.3556,1.8729,2.3218,2.564,2.5421,2.2422,1.6642,0.87468,0.12271,-0.29467,-0.38563,-0.33465,-0.25549,-0.18308,-0.12221,-0.070859,-0.027026,0.0097282,0.037893,0.053562,0.049362,0.013288,-0.07263,-0.23169,-0.48614,-0.84056,-1.2567,-1.6282,-1.7995,-1.6521,-1.2314,-0.73771,-0.36737,-0.20053,-0.20899,-0.31149,-0.41909,-0.46082,-0.40276,-0.24813
1.0853,1.3068,1.3345,0.97752,0.24605,-0.47826,-0.67357,-0.23998,0.47224,1.12,1.5346,1.652,1.4641,1.0207,0.41319,-0.25069,-0.85688,-1.2977,-1.5356,-1.6195,-1.6046,-1.4916,-1.2717,-1.0009,-0.76996,-0.63856,-0.60793,-0.64683,-0.70484,-0.72184,-0.64068,-0.43756,-0.13289,0.21773,0.53889,0.75627,0.82735,0.78101,0.74539,0.89332,1.2883,1.8057,2.2492,2.479,2.4315,2.0842,1.4305,0.55469,-0.23187,-0.59257,-0.5917,-0.46956,-0.34692,-0.24948,-0.17385,-0.11287,-0.061592,-0.017767,0.018369,0.043957,0.05258,0.033028,-0.032576,-0.1694,-0.40592,-0.76077,-1.2193,-1.7034,-2.0604,-2.1102,-1.7986,-1.2871,-0.80943,-0.49614,-0.35111,-0.31198,-0.30354,-0.26756,-0.17433,-0.019927
1.0315,1.2467,1.2552,0.88626,0.16135,-0.53289,-0.67469,-0.22639,0.46304,1.0813,1.4758,1.5824,1.3978,0.96665,0.36917,-0.28546,-0.87142,-1.3081,-1.5883,-1.7407,-1.7896,-1.7322,-1.5536,-1.2979,-1.0744,-0.96143,-0.95263,-1.0002,-1.0402,-1.0265,-0.92042,-0.69713,-0.3715,0.0045391,0.35428,0.60948,0.7289,0.74005,0.75561,0.92654,1.309,1.794,2.2035,2.4015,2.3185,1.9213,1.1966,0.24395,-0.56454,-0.85889,-0.76761,-0.58173,-0.42294,-0.30602,-0.21966,-0.15199,-0.095446,-0.046181,-0.0032232,0.031728,0.053553,0.05243,0.011636,-0.094183,-0.29728,-0.62698,-1.0894,-1.6364,-2.1363,-2.3789,-2.2118,-1.7247,-1.1705,-0.73229,-0.45122,-0.28554,-0.17428,-0.068289,0.059931,0.21978
0.97522,1.1826,1.1907,0.82198,0.10532,-0.53844,-0.66264,-0.21537,0.44492,1.0386,1.4194,1.5222,1.3425,0.92193,0.33288,-0.3088,-0.88335,-1.3237,-1.6273,-1.8169,-1.9019,-1.865,-1.6995,-1.4666,-1.2724,-1.1819,-1.1929,-1.246,-1.2807,-1.2505,-1.1263,-0.88745,-0.54379,-0.1452,0.23211,0.5201,0.68415,0.75147,0.81952,1.0123,1.3765,1.8212,2.19,2.3536,2.2387,1.803,1.0284,0.025762,-0.78998,-1.03,-0.87501,-0.64819,-0.4681,-0.34065,-0.24919,-0.17871,-0.11999,-0.068099,-0.021233,0.019722,0.050963,0.064019,0.04369,-0.034388,-0.20346,-0.49803,-0.9356,-1.4875,-2.044,-2.3971,-2.3465,-1.9164,-1.3475,-0.84964,-0.4914,-0.25012,-0.074909,0.077545,0.23256,0.40085
0.87708,1.0837,1.0889,0.73258,0.065626,-0.52925,-0.61566,-0.19877,0.41722,0.96768,1.3271,1.4333,1.2652,0.85435,0.28585,-0.33315,-0.90492,-1.3525,-1.6628,-1.8755,-1.9931,-1.9647,-1.8002,-1.5989,-1.4653,-1.4305,-1.4769,-1.5472,-1.5846,-1.5439,-1.4014,-1.1426,-0.77184,-0.33814,0.08413,0.4262,0.6624,0.81566,0.96143,1.1833,1.5157,1.8944,2.1967,2.3064,2.1452,1.661,0.83009,-0.22272,-1.0335,-1.2029,-0.97756,-0.71018,-0.51116,-0.37577,-0.28142,-0.21,-0.15066,-0.097398,-0.0474,-0.00031924,0.041778,0.07273,0.080217,0.042634,-0.072247,-0.30208,-0.67437,-1.1782,-1.7332,-2.1606,-2.2466,-1.94,-1.4218,-0.90616,-0.49153,-0.18116,0.057442,0.25848,0.44488,0.62784
0.78869,0.99246,1.0048,0.66854,0.052605,-0.49614,-0.56873,-0.18364,0.38665,0.90861,1.2553,1.3628,1.205,0.80686,0.25368,-0.35585,-0.92065,-1.3656,-1.6804,-1.8958,-2.0073,-1.9728,-1.8131,-1.64,-1.5501,-1.5703,-1.6597,-1.756,-1.7984,-1.7541,-1.603,-1.3303,-0.9397,-0.47678,-0.016145,0.37566,0.67381,0.89494,1.0953,1.3331,1.6377,1.9638,2.2146,2.2842,2.0901,1.5783,0.72068,-0.34961,-1.1452,-1.2741,-1.0166,-0.73373,-0.52918,-0.39298,-0.29942,-0.22942,-0.1714,-0.11881,-0.068186,-0.018253,0.030195,0.073072,0.10072,0.094425,0.023974,-0.14863,-0.45428,-0.89241,-1.4003,-1.8294,-1.9865,-1.7893,-1.3578,-0.8778,-0.45736,-0.11973,0.15037,0.38005,0.58857,0.78508
0.65828,0.86664,0.89363,0.60258,0.04167,-0.42339,-0.49302,-0.15489,0.34406,0.82262,1.1607,1.2734,1.129,0.75635,0.2148,-0.38874,-0.93951,-1.3786,-1.6973,-1.8905,-1.9524,-1.8924,-1.7493,-1.6164,-1.5829,-1.6765,-1.8396,-1.984,-2.0484,-2.0085,-1.8526,-1.5619,-1.1422,-0.63855,-0.1244,0.33843,0.72099,1.0276,1.2865,1.5355,1.8001,2.0629,2.2519,2.2743,2.0499,1.5206,0.66088,-0.39051,-1.1521,-1.2614,-1.0046,-0.72926,-0.53233,-0.40259,-0.31443,-0.24903,-0.19487,-0.14515,-0.095836,-0.0446,0.0095304,0.065228,0.11671,0.14983,0.13842,0.046115,-0.16037,-0.48885,-0.89739,-1.2797,-1.4892,-1.4325,-1.1499,-0.76404,-0.37583,-0.028779,0.26687,0.52401,0.75542,0.96794
0.50627,0.72515,0.77796,0.53392,0.066951,-0.34564,-0.40119,-0.13238,0.30355,0.73695,1.0657,1.1941,1.0725,0.71535,0.1934,-0.39153,-0.94147,-1.3849,-1.6845,-1.8329,-1.8397,-1.7376,-1.5972,-1.5107,-1.5466,-1.7046,-1.922,-2.1096,-2.2065,-2.188,-2.0381,-1.7366,-1.2908,-0.75036,-0.18638,0.3426,0.79931,1.1729,1.4671,1.7121,1.9368,2.1469,2.2893,2.2835,2.0548,1.5461,0.73774,-0.24036,-0.96224,-1.1075,-0.91097,-0.67976,-0.50927,-0.39544,-0.31767,-0.25989,-0.21181,-0.16703,-0.12131,-0.071503,-0.015101,0.049211,0.1195,0.18643,0.22846,0.21191,0.10284,-0.11277,-0.41026,-0.72033,-0.94397,-0.99796,-0.86585,-0.59918,-0.27132,0.064505,0.37402,0.65108,0.89902,1.1223
0.39185,0.62308,0.6939,0.49658,0.083595,-0.27255,-0.33647,-0.11284,0.26857,0.68303,1.0052,1.1471,1.0461,0.70082,0.19215,-0.38303,-0.93642,-1.3791,-1.6594,-1.7758,-1.742,-1.5979,-1.444,-1.3871,-1.474,-1.6733,-1.9154,-2.1219,-2.2364,-2.237,-2.0976,-1.7971,-1.3431,-0.78528,-0.19244,0.37351,0.87052,1.2731,1.5793,1.8132,2.0103,2.1885,2.3074,2.2967,2.0871,1.6228,0.88863,-0.0050564,-0.70018,-0.90579,-0.78992,-0.61412,-0.47508,-0.37891,-0.31195,-0.26154,-0.21913,-0.17907,-0.13723,-0.090009,-0.034012,0.0338,0.11414,0.20112,0.27664,0.30936,0.26491,0.12578,-0.094145,-0.34776,-0.56565,-0.67804,-0.64312,-0.46588,-0.19065,0.12995,0.44484,0.73543,0.99582,1.2268
0.22819,0.48132,0.59339,0.45336,0.1131,-0.18132,-0.25116,-0.086802,0.22961,0.608,0.94003,1.1049,1.028,0.71461,0.22233,-0.35523,-0.90486,-1.3347,-1.596,-1.6712,-1.5753,-1.3828,-1.2174,-1.1841,-1.3069,-1.5403,-1.8028,-2.0168,-2.1442,-2.1614,-2.0437,-1.7579,-1.3076,-0.74009,-0.13111,0.4574,0.97163,1.3792,1.6731,1.8789,2.0422,2.1917,2.3035,2.3152,2.1595,1.7861,1.1774,0.40833,-0.25891,-0.56642,-0.58129,-0.4965,-0.40964,-0.34262,-0.29309,-0.25431,-0.22069,-0.1879,-0.15223,-0.10991,-0.056585,0.01256,0.10109,0.20692,0.31611,0.40027,0.42533,0.36952,0.23558,0.048318,-0.15243,-0.31395,-0.37625,-0.29823,-0.086723,0.21101,0.53387,0.842,1.1157,1.3511
0.10699,0.37989,0.51695,0.42112,0.14165,-0.12076,-0.19826,-0.080534,0.2035,0.56151,0.90529,1.0903,1.0314,0.74069,0.26216,-0.30799,-0.85215,-1.2816,-1.5325,-1.5702,-1.4306,-1.2195,-1.0558,-1.0245,-1.148,-1.3822,-1.6397,-1.8475,-1.9697,-1.9913,-1.8864,-1.6189,-1.1841,-0.63,-0.030927,0.54321,1.0376,1.4225,1.687,1.8639,2.004,2.1451,2.2712,2.3194,2.2203,1.926,1.4129,0.73012,0.079715,-0.30094,-0.41143,-0.39607,-0.35042,-0.30681,-0.27139,-0.242,-0.21535,-0.18823,-0.15745,-0.11941,-0.069118,-0.00099784,0.090041,0.20422,0.33024,0.44185,0.50471,0.49517,0.40954,0.26104,0.074918,-0.10564,-0.21509,-0.19106,-0.017853,0.26515,0.59156,0.91178,1.1969,1.4376
-0.053369,0.25333,0.43594,0.39116,0.16931,-0.054886,-0.14614,-0.071677,0.15644,0.51046,0.86391,1.083,1.069,0.79633,0.33847,-0.20685,-0.75139,-1.1899,-1.4236,-1.4207,-1.2443,-1.0146,-0.84848,-0.81708,-0.92872,-1.1328,-1.3513,-1.524,-1.6196,-1.6362,-1.5435,-1.3075,-0.91324,-0.40277,0.15167,0.67222,1.1055,1.4226,1.6248,1.7508,1.864,2.0104,2.1756,2.2884,2.2731,2.0778,1.675,1.0873,0.45871,0.0074311,-0.20365,-0.26588,-0.26835,-0.25314,-0.23518,-0.2175,-0.19962,-0.17973,-0.15529,-0.12289,-0.077275,-0.01218,0.078858,0.19813,0.33684,0.47068,0.56569,0.59532,0.55023,0.43467,0.2636,0.073307,-0.067999,-0.083758,0.059373,0.33007,0.66153,0.99454,1.2912,1.5372
-0.20774,0.13897,0.35885,0.36542,0.18617,-0.0073934,-0.12255,-0.090977,0.10935,0.45706,0.83708,1.0906,1.1043,0.8671,0.4415,-0.089528,-0.62501,-1.0482,-1.2684,-1.2608,-1.0752,-0.82853,-0.65302,-0.61983,-0.71315,-0.86991,-1.024,-1.1315,-1.1844,-1.1838,-1.1046,-0.90517,-0.56384,-0.11567,0.36679,0.8039,1.1433,1.3564,1.4646,1.5195,1.6078,1.7792,2.0076,2.1984,2.2616,2.1421,1.8136,1.2885,0.68368,0.20526,-0.056219,-0.16251,-0.19521,-0.19964,-0.19465,-0.18628,-0.17563,-0.16178,-0.14264,-0.11503,-0.073671,-0.0121,0.076634,0.19578,0.33788,0.47985,0.58769,0.63322,0.60362,0.49953,0.33365,0.14196,-0.0060871,-0.031057,0.10508,0.37462,0.71218,1.0565,1.3652,1.6193
-0.31548,0.063021,0.31579,0.34715,0.20186,-0.00041195,-0.11814,-0.11815,0.068027,0.4083,0.81474,1.0954,1.1315,0.92776,0.52445,0.0040331,-0.51447,-0.92452,-1.1485,-1.15,-0.96914,-0.72479,-0.54696,-0.49935,-0.56642,-0.68121,-0.77716,-0.8279,-0.84241,-0.82448,-0.75342,-0.57886,-0.27824,0.11608,0.5335,0.89515,1.1482,1.2674,1.2825,1.2687,1.3375,1.5424,1.8332,2.0862,2.1981,2.1124,1.8098,1.3075,0.72229,0.25592,-0.0038817,-0.11481,-0.15397,-0.16468,-0.16487,-0.16078,-0.15377,-0.14311,-0.12685,-0.10179,-0.062999,-0.0040209,0.082101,0.19877,0.33885,0.47948,0.58601,0.63032,0.59747,0.48761,0.31565,0.12194,-0.021282,-0.03634,0.11054,0.38782,0.73319,1.0856,1.4027,1.6639
-0.44023,-0.016905,0.26824,0.33093,0.19545,0.0052262,-0.15569,-0.18026,-0.019795,0.34426,0.77248,1.0868,1.1681,0.99343,0.61922,0.13723,-0.35779,-0.765,-0.99348,-1.0055,-0.85035,-0.63592,-0.46699,-0.39898,-0.41547,-0.46055,-0.47775,-0.45712,-0.42068,-0.38071,-0.30706,-0.15704,0.092781,0.41102,0.73628,0.99443,1.1275,1.1108,0.97924,0.85259,0.89094,1.1564,1.5462,1.8821,2.0383,1.9647,1.6535,1.1457,0.58809,0.18016,-0.023732,-0.10075,-0.12459,-0.13029,-0.13004,-0.12732,-0.12223,-0.11358,-0.099301,-0.076237,-0.039758,0.016233,0.098156,0.20883,0.34066,0.47041,0.56286,0.58896,0.53319,0.39795,0.20498,0.0042976,-0.12597,-0.11261,0.06595,0.3699,0.73142,1.0936,1.4189,1.6894
-0.54959,-0.085695,0.23486,0.31876,0.18816,-0.031547,-0.21121,-0.27412,-0.12045,0.25616,0.71272,1.0603,1.1739,1.0309,0.69758,0.2546,-0.2168,-0.61494,-0.84823,-0.88781,-0.77919,-0.61045,-0.46319,-0.37674,-0.33319,-0.29374,-0.23159,-0.15025,-0.073394,-0.011474,0.068652,0.20131,0.40452,0.65483,0.89757,1.0632,1.0843,0.93009,0.64246,0.39028,0.39638,0.73364,1.226,1.6328,1.8079,1.7076,1.339,0.78337,0.25172,-0.05201,-0.14355,-0.14507,-0.12819,-0.11409,-0.10466,-0.097772,-0.090819,-0.081401,-0.066992,-0.044341,-0.0093438,0.04347,0.11949,0.22027,0.33701,0.44564,0.51063,0.50208,0.40485,0.22509,-0.0057535,-0.22328,-0.33881,-0.28332,-0.053239,0.29592,0.68736,1.0655,1.3994,1.6785
-0.60613,-0.11675,0.22059,0.30913,0.17241,-0.063174,-0.27875,-0.36128,-0.20709,0.17213,0.65486,1.0253,1.1557,1.043,0.73574,0.31205,-0.13526,-0.51812,-0.76596,-0.84362,-0.77718,-0.6444,-0.51572,-0.40975,-0.31879,-0.21519,-0.094346,0.027487,0.1288,0.20692,0.2849,0.40446,0.57688,0.78926,0.98526,1.0958,1.0455,0.79602,0.39975,0.057616,0.041928,0.43207,0.99242,1.4377,1.6106,1.4676,1.026,0.40522,-0.11155,-0.31126,-0.28773,-0.21122,-0.15085,-0.11397,-0.09283,-0.079685,-0.069141,-0.057491,-0.041718,-0.018711,0.015441,0.065315,0.13508,0.22483,0.32449,0.40936,0.44493,0.39984,0.26012,0.035565,-0.2334,-0.46896,-0.57255,-0.4788,-0.20008,0.19333,0.61731,1.0167,1.3649,1.6553
-0.66735,-0.15167,0.20525,0.29826,0.15028,-0.12256,-0.37818,-0.48685,-0.3454,0.058116,0.55714,0.9477,1.105,1.018,0.74171,0.3583,-0.05186,-0.41849,-0.6837,-0.81488,-0.8226,-0.75032,-0.64124,-0.51312,-0.3623,-0.18531,0.0047765,0.17935,0.3122,0.40093,0.47237,0.57212,0.7228,0.90674,1.0649,1.1203,0.99342,0.64634,0.13817,-0.29281,-0.32589,0.11579,0.7329,1.1985,1.3455,1.1251,0.56119,-0.17506,-0.68095,-0.72075,-0.52234,-0.32846,-0.20135,-0.12791,-0.086492,-0.061575,-0.043808,-0.027563,-0.0090582,0.014795,0.047187,0.091289,0.14909,0.21807,0.28599,0.32747,0.30925,0.20104,-0.0087935,-0.30527,-0.63509,-0.89944,-0.98297,-0.82632,-0.46815,-0.0018791,0.47838,0.91841,1.2958,1.6079
-0.68714,-0.16315,0.19694,0.29719,0.12603,-0.16944,-0.45412,-0.59075,-0.44722,-0.033324,0.47171,0.87212,1.0457,0.97107,0.71767,0.36711,-0.019383,-0.37678,-0.64992,-0.82029,-0.89564,-0.88223,-0.78971,-0.64019,-0.44311,-0.21387,0.025795,0.23601,0.38411,0.46978,0.53179,0.62078,0.76669,0.94371,1.0892,1.1209,0.96104,0.57447,0.027156,-0.43128,-0.46713,-0.016495,0.60389,1.0562,1.1671,0.88363,0.22558,-0.60454,-1.109,-1.0289,-0.70199,-0.42307,-0.24688,-0.14526,-0.087428,-0.052433,-0.028169,-0.0076865,0.013264,0.037538,0.067799,0.10573,0.15127,0.19951,0.23637,0.23617,0.16695,0.00046105,-0.27269,-0.63262,-1.0138,-1.2981,-1.357,-1.1405,-0.71165,-0.18298,0.34832,0.82788,1.2343,1.5655
-0.69355,-0.16979,0.19664,0.28837,0.10838,-0.22754,-0.55202,-0.7094,-0.57231,-0.1597,0.35867,0.76248,0.93172,0.87451,0.65044,0.32835,-0.024929,-0.35722,-0.63979,-0.86282,-1.0187,-1.0872,-1.039,-0.86431,-0.59812,-0.29014,0.0083726,0.24611,0.3933,0.46409,0.51034,0.59516,0.74155,0.92277,1.0703,1.1,0.93841,0.55412,0.026398,-0.40529,-0.43261,-0.01346,0.55222,0.94292,0.98752,0.62518,-0.13363,-1.0618,-1.5642,-1.3602,-0.90218,-0.53525,-0.3057,-0.17155,-0.093193,-0.04479,-0.01162,0.014555,0.038382,0.062417,0.088078,0.11497,0.13994,0.15446,0.1415,0.07472,-0.075824,-0.33447,-0.70662,-1.1632,-1.6168,-1.917,-1.9192,-1.5982,-1.0594,-0.43975,0.16211,0.69625,1.1436,1.502
-0.67065,-0.16253,0.19321,0.28245,0.093978,-0.26292,-0.61884,-0.7969,-0.66704,-0.25269,0.25454,0.64015,0.80195,0.74761,0.53684,0.24465,-0.064878,-0.36484,-0.65219,-0.91892,-1.1438,-1.29,-1.2968,-1.1164,-0.78818,-0.40385,-0.060201,0.18318,0.31211,0.35905,0.39197,0.47788,0.6339,0.83332,1.0053,1.0671,0.95029,0.63111,0.19346,-0.15257,-0.16073,0.18459,0.63665,0.92309,0.88773,0.46964,-0.32762,-1.2765,-1.766,-1.5178,-1.012,-0.60692,-0.34889,-0.19382,-0.10015,-0.04072,9.2352e-05,0.031003,0.056657,0.079009,0.098157,0.11142,0.11226,0.088113,0.018472,-0.12406,-0.36734,-0.73173,-1.2167,-1.7797,-2.3029,-2.5943,-2.4993,-2.0404,-1.3773,-0.66698,-0.0030379,0.57381,1.0503,1.428
-0.63406,-0.1526,0.19152,0.28802,0.089088,-0.27548,-0.63581,-0.83309,-0.70727,-0.29535,0.19216,0.55792,0.70615,0.64018,0.42929,0.15874,-0.12006,-0.39521,-0.67543,-0.96496,-1.2425,-1.4439,-1.4775,-1.2904,-0.92814,-0.50474,-0.14025,0.099368,0.20799,0.23108,0.25326,0.338,0.50982,0.73229,0.93688,1.0413,0.98226,0.74508,0.40386,0.14284,0.15106,0.43081,0.77804,0.96872,0.87166,0.42938,-0.35002,-1.2523,-1.7185,-1.4975,-1.02,-0.62495,-0.36539,-0.20471,-0.10438,-0.03914,0.0059692,0.039353,0.065336,0.085501,0.098545,0.10022,0.081623,0.027347,-0.085598,-0.2857,-0.60097,-1.0476,-1.6215,-2.2675,-2.8366,-3.0977,-2.8984,-2.3174,-1.5604,-0.79294,-0.095551,0.50018,0.98749,1.3718
-0.56648,-0.12843,0.19265,0.28055,0.10519,-0.25356,-0.63021,-0.81262,-0.69623,-0.30985,0.15093,0.47446,0.577,0.48182,0.27164,0.024532,-0.21906,-0.45393,-0.70241,-0.99484,-1.3202,-1.5851,-1.6537,-1.4599,-1.0643,-0.61419,-0.24237,-0.022169,0.044869,0.026779,0.018486,0.10026,0.29386,0.55809,0.82,1.0046,1.0517,0.94844,0.75398,0.6069,0.63372,0.82361,1.0287,1.0897,0.91459,0.46579,-0.23612,-1.0121,-1.4372,-1.3089,-0.93663,-0.60037,-0.36423,-0.2093,-0.10754,-0.038817,0.0094409,0.044398,0.069505,0.085381,0.089425,0.075406,0.03173,-0.060212,-0.22633,-0.49666,-0.89889,-1.4476,-2.1335,-2.8815,-3.492,-3.6763,-3.3068,-2.5609,-1.6999,-0.88204,-0.16849,0.42832,0.91358,1.2997
-0.48088,-0.099188,0.1926,0.29324,0.13634,-0.19957,-0.55014,-0.73496,-0.6137,-0.24992,0.1589,0.42851,0.46979,0.32679,0.10009,-0.13024,-0.33108,-0.51587,-0.72338,-0.98912,-1.3103,-1.606,-1.7196,-1.5395,-1.1282,-0.66654,-0.30778,-0.12859,-0.12021,-0.1972,-0.24488,-0.16558,0.052841,0.36375,0.68984,0.96305,1.1281,1.1656,1.1176,1.0745,1.1157,1.2264,1.3054,1.25,1.0093,0.57451,-0.020593,-0.64646,-1.0283,-1.016,-0.78456,-0.53674,-0.34315,-0.20544,-0.10904,-0.041007,0.0076415,0.042198,0.064962,0.0756,0.070356,0.04165,-0.0238,-0.14638,-0.35331,-0.67502,-1.1388,-1.7586,-2.522,-3.3358,-3.9516,-4.0351,-3.5061,-2.6365,-1.7172,-0.88718,-0.18538,0.39246,0.86151,1.2396
-0.40555,-0.07451,0.19791,0.30611,0.17287,-0.13204,-0.45398,-0.62786,-0.50796,-0.16281,0.20151,0.41518,0.40422,0.21726,-0.038211,-0.26379,-0.42792,-0.56715,-0.73793,-0.97326,-1.2686,-1.5555,-1.6811,-1.5145,-1.1125,-0.65847,-0.32211,-0.18267,-0.22693,-0.36013,-0.43956,-0.36636,-0.1266,0.21794,0.59202,0.92744,1.1749,1.3135,1.3629,1.3871,1.4374,1.4996,1.501,1.3727,1.0902,0.67121,0.15476,-0.36859,-0.72276,-0.78775,-0.65774,-0.47907,-0.32182,-0.20051,-0.11093,-0.045415,0.0021277,0.035445,0.055893,0.06233,0.050641,0.012578,-0.065595,-0.20431,-0.43012,-0.77191,-1.2557,-1.8947,-2.674,-3.4921,-4.0811,-4.0978,-3.4965,-2.5872,-1.6632,-0.84727,-0.16959,0.38401,0.83416,1.2018
-0.30155,-0.033164,0.20591,0.32098,0.24775,-0.0093299,-0.29878,-0.42415,-0.3108,-0.0074652,0.30463,0.43276,0.33808,0.082828,-0.21163,-0.43354,-0.557,-0.63136,-0.72839,-0.89914,-1.1457,-1.3921,-1.493,-1.3383,-0.97068,-0.5598,-0.27381,-0.19568,-0.3169,-0.52791,-0.66394,-0.61408,-0.3618,0.018129,0.44812,0.86167,1.2111,1.4697,1.6317,1.7299,1.7898,1.7994,1.7163,1.5077,1.1795,0.77566,0.34026,-0.079926,-0.40271,-0.54184,-0.5162,-0.41352,-0.29864,-0.19805,-0.11777,-0.056383,-0.011176,0.01976,0.036717,0.037875,0.01876,-0.028836,-0.11793,-0.26708,-0.49938,-0.8391,-1.3076,-1.915,-2.6452,-3.3981,-3.9178,-3.8899,-3.2886,-2.4117,-1.5335,-0.76523,-0.13123,0.38694,0.81186,1.1645
-0.21702,0.00068733,0.21565,0.35138,0.30797,0.1013,-0.14326,-0.25776,-0.1369,0.14028,0.39101,0.46129,0.29493,-0.022035,-0.3428,-0.56357,-0.66278,-0.69054,-0.72469,-0.83166,-1.0227,-1.2219,-1.2919,-1.1357,-0.79336,-0.42377,-0.18213,-0.15707,-0.33349,-0.59776,-0.78703,-0.76971,-0.53456,-0.14426,0.31664,0.78538,1.2086,1.5445,1.7819,1.9261,1.9907,1.968,1.8316,1.5704,1.2118,0.80688,0.40655,0.036671,-0.2654,-0.43153,-0.45154,-0.3854,-0.29242,-0.20309,-0.12827,-0.069587,-0.026092,0.003109,0.017712,0.015478,-0.0078408,-0.060004,-0.15267,-0.30169,-0.52586,-0.84397,-1.2717,-1.8169,-2.463,-3.121,-3.5715,-3.5471,-3.0146,-2.2209,-1.412,-0.69566,-0.099111,0.3929,0.80058,1.1426
-0.10544,0.048593,0.23612,0.40043,0.40916,0.26655,0.075933,-0.0056078,0.11273,0.34995,0.52561,0.5041,0.2505,-0.1454,-0.51858,-0.73783,-0.79231,-0.75613,-0.71788,-0.73659,-0.82613,-0.93971,-0.9665,-0.80705,-0.49395,-0.17497,0.0013088,-0.043446,-0.28641,-0.6178,-0.87623,-0.92565,-0.73902,-0.36402,0.12108,0.6479,1.1548,1.5842,1.905,2.0995,2.168,2.1078,1.9114,1.589,1.1858,0.76273,0.37515,0.038257,-0.23739,-0.40237,-0.43794,-0.38821,-0.30629,-0.22308,-0.15131,-0.094265,-0.052085,-0.024564,-0.012382,-0.017825,-0.04484,-0.099963,-0.19221,-0.33263,-0.53277,-0.80276,-1.1507,-1.5802,-2.0786,-2.5817,-2.9351,-2.9446,-2.5571,-1.9258,-1.2419,-0.60955,-0.066255,0.39544,0.78752,1.1212
-0.0049213,0.10075,0.27301,0.45075,0.52924,0.44615,0.29737,0.25247,0.36145,0.54637,0.65528,0.53755,0.19042,-0.27808,-0.69553,-0.91379,-0.91989,-0.81577,-0.70566,-0.63954,-0.62838,-0.64501,-0.60734,-0.4339,-0.15066,0.11775,0.23557,0.13805,-0.15889,-0.55053,-0.88161,-1.0207,-0.91429,-0.58859,-0.10253,0.46647,1.0449,1.5585,1.9507,2.188,2.2603,2.1673,1.9167,1.5351,1.0777,0.61485,0.2049,-0.13017,-0.37718,-0.50257,-0.50635,-0.43786,-0.34633,-0.25846,-0.18436,-0.12627,-0.083906,-0.056905,-0.045859,-0.052822,-0.081202,-0.13613,-0.22382,-0.35045,-0.5204,-0.73541,-0.99653,-1.3041,-1.6513,-2.0018,-2.2639,-2.3098,-2.0726,-1.6168,-1.0701,-0.52877,-0.03766,0.39616,0.77375,1.0983
0.071652,0.13915,0.30292,0.5131,0.62128,0.57617,0.47052,0.43198,0.53492,0.68848,0.72984,0.55082,0.13103,-0.39522,-0.82932,-1.0385,-1.0188,-0.87007,-0.7014,-0.57594,-0.50544,-0.45388,-0.35333,-0.15533,0.10888,0.33851,0.42396,0.29871,-0.022531,-0.44779,-0.83237,-1.048,-1.0232,-0.75598,-0.28808,0.30579,0.93448,1.5061,1.9468,2.2129,2.289,2.1752,1.8872,1.4604,0.95526,0.44972,0.0053262,-0.34288,-0.56609,-0.64242,-0.59919,-0.49923,-0.38996,-0.293,-0.21414,-0.1536,-0.11004,-0.082579,-0.071505,-0.078379,-0.1065,-0.15994,-0.24317,-0.35942,-0.50895,-0.68865,-0.89482,-1.1255,-1.3771,-1.6294,-1.827,-1.8824,-1.7304,-1.3891,-0.94128,-0.4666,-0.017111,0.39266,0.7575,1.0762
0.16119,0.19595,0.3579,0.59189,0.74853,0.75369,0.67408,0.65396,0.73389,0.83547,0.80538,0.53228,0.031579,-0.5557,-1.0108,-1.1906,-1.1227,-0.92279,-0.69566,-0.50542,-0.36255,-0.22704,-0.048861,0.18479,0.4355,0.62343,0.66917,0.51874,0.18201,-0.26521,-0.70472,-1.0173,-1.1171,-0.95626,-0.53766,0.075725,0.76775,1.4116,1.9127,2.2142,2.2964,2.1613,1.8285,1.3424,0.77204,0.20041,-0.30229,-0.67834,-0.87034,-0.86924,-0.74855,-0.59572,-0.45626,-0.3433,-0.25624,-0.19145,-0.14555,-0.1166,-0.10427,-0.10971,-0.13578,-0.18591,-0.26354,-0.37028,-0.50379,-0.65689,-0.82007,-0.98461,-1.1443,-1.2911,-1.4042,-1.4406,-1.3496,-1.1153,-0.77288,-0.37933,0.016828,0.39284,0.73683,1.0435
0.21673,0.23786,0.40248,0.65496,0.8528,0.87279,0.80962,0.79884,0.86116,0.91708,0.83615,0.4948,-0.06539,-0.68577,-1.1487,-1.3019,-1.1871,-0.94916,-0.69864,-0.47687,-0.2806,-0.084802,0.1395,0.39599,0.64697,0.81828,0.84025,0.67763,0.33851,-0.11026,-0.5717,-0.94318,-1.1322,-1.0622,-0.69507,-0.082243,0.64663,1.3393,1.8796,2.205,2.2925,2.1457,1.785,1.2599,0.64646,0.029254,-0.51461,-0.91194,-1.085,-1.0305,-0.85559,-0.66534,-0.50423,-0.37952,-0.2865,-0.21857,-0.17077,-0.14029,-0.12631,-0.12976,-0.15322,-0.20025,-0.27478,-0.37932,-0.51255,-0.66691,-0.8278,-0.97817,-1.1021,-1.1898,-1.2356,-1.2253,-1.1311,-0.9338,-0.64654,-0.30459,0.050826,0.3968,0.72117,1.0183
0.28083,0.29046,0.4669,0.76155,0.96969,1.021,0.97242,0.94206,0.98191,0.99352,0.82725,0.41955,-0.21138,-0.87301,-1.3118,-1.4139,-1.2488,-0.97295,-0.69833,-0.45056,-0.21031,0.042715,0.31914,0.61022,0.86809,1.0286,1.0355,0.86519,0.53743,0.10311,-0.36409,-0.78857,-1.0772,-1.1187,-0.82847,-0.23116,0.52612,1.2651,1.8449,2.1958,2.2904,2.1311,1.7427,1.1807,0.52646,-0.12915,-0.70792,-1.1256,-1.2843,-1.185,-0.96167,-0.73689,-0.55538,-0.41961,-0.32092,-0.24993,-0.20003,-0.16737,-0.15054,-0.15015,-0.16886,-0.21119,-0.28331,-0.39204,-0.54176,-0.72858,-0.93281,-1.118,-1.2397,-1.2685,-1.2092,-1.0902,-0.93011,-0.7267,-0.47695,-0.19008,0.11278,0.4162,0.71117,0.99264
0.32253,0.34038,0.53641,0.84888,1.0896,1.1417,1.0887,1.051,1.0549,1.0139,0.79458,0.30969,-0.37316,-1.0481,-1.4546,-1.4876,-1.2745,-0.983,-0.69836,-0.43992,-0.18757,0.095826,0.42033,0.74848,1.0171,1.172,1.1758,1.0151,0.71464,0.31372,-0.13729,-0.58241,-0.93447,-1.0587,-0.83918,-0.27472,0.48237,1.2373,1.8391,2.2053,2.3041,2.1344,1.7262,1.1416,0.46855,-0.19646,-0.77638,-1.1925,-1.3483,-1.2416,-1.0071,-0.77244,-0.58457,-0.44551,-0.34546,-0.27382,-0.22301,-0.18843,-0.16814,-0.16265,-0.17475,-0.21068,-0.28054,-0.3985,-0.57953,-0.82914,-1.1257,-1.4075,-1.5796,-1.5652,-1.371,-1.0852,-0.7974,-0.5393,-0.29837,-0.055331,0.19603,0.45529,0.71856,0.98095
0.34217,0.36772,0.57987,0.9155,1.163,1.2149,1.147,1.097,1.0803,1.0038,0.74825,0.21771,-0.49373,-1.1629,-1.5375,-1.5227,-1.2711,-0.96744,-0.69425,-0.45157,-0.19966,0.10256,0.45316,0.79858,1.0758,1.2327,1.2404,1.0995,0.829,0.4635,0.037461,-0.40132,-0.77244,-0.93592,-0.7589,-0.23115,0.50669,1.2537,1.8579,2.2265,2.3233,2.1461,1.7266,1.1318,0.45508,-0.20351,-0.76607,-1.1655,-1.3206,-1.2253,-1.0025,-0.77503,-0.59144,-0.45527,-0.35719,-0.28677,-0.23615,-0.20038,-0.17717,-0.16689,-0.17264,-0.20195,-0.26832,-0.39249,-0.59952,-0.90568,-1.2919,-1.6769,-1.9154,-1.8747,-1.5585,-1.1174,-0.70851,-0.39226,-0.14913,0.063498,0.27528,0.49914,0.73697,0.98392
0.35306,0.39584,0.63734,0.99195,1.2342,1.2787,1.1971,1.1095,1.0639,0.96259,0.65148,0.094883,-0.63954,-1.2954,-1.6007,-1.5281,-1.2413,-0.93061,-0.68694,-0.48633,-0.25405,0.054661,0.42162,0.7871,1.0775,1.246,1.2758,1.171,0.95262,0.64177,0.26432,-0.14431,-0.50515,-0.68657,-0.55075,-0.076653,0.61425,1.33,1.9128,2.2658,2.3493,2.159,1.7284,1.1265,0.45023,-0.1922,-0.72119,-1.085,-1.2303,-1.1552,-0.96059,-0.75488,-0.58556,-0.45866,-0.36651,-0.2995,-0.24991,-0.21258,-0.18484,-0.16669,-0.16152,-0.17832,-0.23472,-0.35987,-0.59238,-0.96476,-1.4667,-1.996,-2.3337,-2.2533,-1.7588,-1.107,-0.54615,-0.16256,0.078418,0.2481,0.40438,0.57835,0.77863,0.99967
0.33862,0.40316,0.66959,1.0347,1.2856,1.3022,1.1877,1.079,1.0111,0.87951,0.55717,-0.029902,-0.76599,-1.3821,-1.6285,-1.4928,-1.1877,-0.89777,-0.68482,-0.52031,-0.33091,-0.051809,0.31548,0.69706,1.0078,1.198,1.2581,1.1972,1.0352,0.78684,0.4679,0.10687,-0.22022,-0.39131,-0.2781,0.14735,0.78096,1.4465,1.9876,2.3076,2.3651,2.1573,1.7155,1.1068,0.43036,-0.19987,-0.69703,-1.0181,-1.1384,-1.0715,-0.90229,-0.72123,-0.57045,-0.45647,-0.37282,-0.31076,-0.26286,-0.22381,-0.19051,-0.16253,-0.14298,-0.14156,-0.17858,-0.2892,-0.52209,-0.92238,-1.4883,-2.1048,-2.496,-2.3626,-1.7241,-0.9291,-0.28202,0.12509,0.342,0.46022,0.55765,0.67835,0.83633,1.0258
0.31654,0.39669,0.68385,1.0575,1.2937,1.295,1.1575,1.0254,0.93716,0.79676,0.4693,-0.11932,-0.83661,-1.4184,-1.6171,-1.4453,-1.1341,-0.86384,-0.68114,-0.55239,-0.4033,-0.15617,0.19961,0.58675,0.91379,1.128,1.2178,1.194,1.0728,0.8702,0.59326,0.27283,-0.020742,-0.17076,-0.063491,0.33382,0.92482,1.5451,2.0457,2.332,2.3629,2.1387,1.6877,1.0736,0.39666,-0.22836,-0.70725,-0.99667,-1.0889,-1.0175,-0.86058,-0.69587,-0.55907,-0.45579,-0.3791,-0.32105,-0.27443,-0.23381,-0.1957,-0.15885,-0.12629,-0.10719,-0.12233,-0.20873,-0.41856,-0.80099,-1.3563,-1.9627,-2.3304,-2.1532,-1.4698,-0.65123,-0.0060596,0.37791,0.55647,0.62956,0.67971,0.75892,0.88473,1.0515
0.26853,0.36921,0.67698,1.0552,1.2738,1.2506,1.0758,0.91245,0.81182,0.67955,0.34853,-0.21944,-0.91222,-1.4403,-1.5761,-1.3764,-1.0617,-0.80788,-0.67137,-0.60711,-0.51645,-0.31319,0.012569,0.39359,0.74107,0.996,1.1373,1.1659,1.0961,0.93999,0.71229,0.44597,0.20581,0.092845,0.20565,0.57406,1.1125,1.6718,2.1106,2.3429,2.3323,2.0809,1.6164,0.99891,0.32542,-0.28916,-0.74481,-0.99447,-1.047,-0.96033,-0.81303,-0.66746,-0.54912,-0.46027,-0.3935,-0.3411,-0.29603,-0.25266,-0.20692,-0.1566,-0.10347,-0.05521,-0.031249,-0.067615,-0.21543,-0.52143,-0.98086,-1.4718,-1.7303,-1.5073,-0.86273,-0.12553,0.43432,0.74055,0.84828,0.85581,0.84643,0.87284,0.95384,1.0849
0.21771,0.33005,0.65047,1.0276,1.2376,1.1817,0.98989,0.80294,0.69952,0.56513,0.25613,-0.29379,-0.9547,-1.4362,-1.5326,-1.3175,-1.0084,-0.77164,-0.66302,-0.63952,-0.59658,-0.43791,-0.14243,0.23227,0.59714,0.88614,1.0682,1.1352,1.0931,0.95817,0.7561,0.52649,0.32762,0.24822,0.37373,0.72976,1.2356,1.7511,2.1423,2.3303,2.2853,2.0106,1.5365,0.92296,0.26108,-0.33536,-0.76736,-0.98799,-1.0162,-0.92024,-0.78123,-0.65092,-0.54726,-0.46952,-0.41065,-0.36259,-0.31841,-0.27241,-0.22012,-0.15868,-0.088047,-0.01443,0.044954,0.056931,-0.025693,-0.24423,-0.5899,-0.94927,-1.1007,-0.8604,-0.29471,0.32707,0.78196,1.0063,1.0516,1.01,0.95964,0.9506,1.0015,1.1092
0.13378,0.25685,0.59198,0.96176,1.1424,1.0642,0.82864,0.627,0.51929,0.40984,0.13149,-0.38371,-0.99207,-1.4163,-1.4648,-1.2261,-0.9299,-0.7248,-0.64454,-0.65402,-0.67137,-0.58896,-0.34426,0.020792,0.4088,0.74139,0.97279,1.0818,1.0642,0.94199,0.75658,0.56019,0.40905,0.3798,0.53636,0.89005,1.3621,1.8227,2.1525,2.2809,2.1858,1.8808,1.401,0.80739,0.18571,-0.36332,-0.75012,-0.93454,-0.94465,-0.85357,-0.73645,-0.63211,-0.55094,-0.4899,-0.44213,-0.40001,-0.35695,-0.30721,-0.24569,-0.16829,-0.072866,0.037401,0.14941,0.23528,0.25424,0.17135,-0.0042082,-0.18264,-0.2087,0.026252,0.46171,0.90806,1.2062,1.3127,1.2751,1.1744,1.0793,1.0333,1.0527,1.135
0.028227,0.15195,0.49418,0.85351,1.0091,0.89677,0.63567,0.4178,0.32054,0.24033,-0.0026943,-0.46857,-1.0246,-1.3865,-1.3901,-1.1437,-0.85872,-0.67188,-0.61677,-0.65887,-0.72003,-0.6933,-0.49864,-0.15401,0.24922,0.61671,0.88512,1.0192,1.0117,0.88648,0.69595,0.5095,0.39654,0.42236,0.62598,0.99187,1.4404,1.8518,2.1224,2.189,2.0407,1.7044,1.2285,0.67852,0.13177,-0.33284,-0.64982,-0.79716,-0.80994,-0.75082,-0.67565,-0.60923,-0.55713,-0.51631,-0.48141,-0.44604,-0.4044,-0.35089,-0.2799,-0.18609,-0.065112,0.083063,0.24964,0.41194,0.53435,0.5844,0.564,0.53301,0.59005,0.79442,1.0984,1.3764,1.5248,1.5216,1.412,1.2663,1.1414,1.075,1.0803,1.1525
-0.063355,0.055383,0.3994,0.74573,0.88644,0.74332,0.46779,0.24236,0.15944,0.10223,-0.10079,-0.53113,-1.0426,-1.3548,-1.3287,-1.0811,-0.80342,-0.62208,-0.57857,-0.64254,-0.72698,-0.7239,-0.55926,-0.23624,0.16746,0.54945,0.83189,0.96941,0.95444,0.8145,0.61118,0.42417,0.33871,0.40761,0.65113,1.0322,1.4668,1.8448,2.0689,2.087,1.8979,1.5399,1.0754,0.57336,0.10352,-0.27526,-0.52274,-0.63742,-0.66081,-0.64233,-0.61277,-0.58405,-0.55923,-0.53677,-0.51325,-0.4839,-0.44382,-0.38772,-0.30979,-0.20385,-0.064028,0.11189,0.31791,0.53436,0.72773,0.86438,0.93733,0.98477,1.0736,1.2408,1.4502,1.6142,1.6639,1.5924,1.4432,1.2775,1.1442,1.0753,1.0812,1.1547
-0.19879,-0.096997,0.24507,0.58001,0.6804,0.5154,0.21657,-0.00041071,-0.05939,-0.072861,-0.2377,-0.61373,-1.0546,-1.3077,-1.2462,-0.98606,-0.71876,-0.55384,-0.51613,-0.58043,-0.67722,-0.70306,-0.57263,-0.27444,0.1209,0.50528,0.78526,0.90508,0.85526,0.67815,0.4498,0.26685,0.21479,0.33744,0.6305,1.0363,1.4598,1.7946,1.9572,1.9077,1.6618,1.2764,0.83337,0.40925,0.061006,-0.17994,-0.31145,-0.36867,-0.40806,-0.45616,-0.50189,-0.53456,-0.55342,-0.55993,-0.55428,-0.53453,-0.49748,-0.43859,-0.352,-0.23071,-0.067284,0.1428,0.39626,0.67569,0.94773,1.1739,1.3339,1.4415,1.5348,1.6358,1.7243,1.7531,1.692,1.5521,1.3748,1.2076,1.0849,1.0308,1.0509,1.1345
-0.31409,-0.22849,0.11026,0.43262,0.50978,0.32068,0.018183,-0.19107,-0.22446,-0.20691,-0.33641,-0.66647,-1.0569,-1.2655,-1.1782,-0.91144,-0.65353,-0.50206,-0.46593,-0.51678,-0.60464,-0.64307,-0.53554,-0.2566,0.12566,0.49846,0.7625,0.85452,0.76762,0.55285,0.30503,0.13053,0.10491,0.26399,0.58864,1.0092,1.4248,1.7276,1.8429,1.7393,1.4466,1.0409,0.61836,0.2604,0.012761,-0.11462,-0.14655,-0.1482,-0.1938,-0.2924,-0.40006,-0.48457,-0.54045,-0.57161,-0.581,-0.56946,-0.53539,-0.4751,-0.3828,-0.25091,-0.071674,0.16084,0.44447,0.76208,1.0785,1.3501,1.5467,1.6687,1.7397,1.7775,1.7749,1.712,1.5845,1.4154,1.2411,1.0944,0.99842,0.96743,1.0041,1.0981
-0.46968,-0.41968,-0.088654,0.21222,0.26211,0.043653,-0.26355,-0.44073,-0.4313,-0.37681,-0.45322,-0.72966,-1.0543,-1.1899,-1.0656,-0.80487,-0.56039,-0.41296,-0.37258,-0.40888,-0.47394,-0.5009,-0.40899,-0.16245,0.17942,0.51123,0.72982,0.77222,0.63163,0.36809,0.098636,-0.06254,-0.045132,0.16245,0.5203,0.94884,1.3448,1.6039,1.6514,1.4694,1.1071,0.6712,0.28007,0.018611,-0.086147,-0.052829,0.057353,0.14045,0.09842,-0.06086,-0.24939,-0.4043,-0.51157,-0.57715,-0.60809,-0.60861,-0.57939,-0.51795,-0.419,-0.27479,-0.077192,0.18025,0.49538,0.84962,1.2039,1.5068,1.7168,1.8205,1.8306,1.7657,1.6384,1.4639,1.2717,1.097,0.96257,0.87496,0.83701,0.84856,0.91027,1.0175
-0.63369,-0.63046,-0.30805,-0.017338,-0.0081283,-0.25232,-0.53972,-0.6835,-0.6268,-0.52102,-0.55796,-0.77442,-1.0246,-1.0971,-0.9405,-0.6866,-0.46276,-0.32379,-0.27425,-0.29118,-0.32906,-0.3276,-0.23212,-0.022196,0.25964,0.52376,0.67613,0.66084,0.47332,0.17799,-0.10283,-0.24694,-0.18479,0.068335,0.44921,0.87144,1.2357,1.444,1.421,1.1571,0.71897,0.24623,-0.11416,-0.27357,-0.22849,-0.030091,0.22436,0.39687,0.36883,0.16139,-0.098552,-0.31835,-0.47413,-0.57266,-0.62457,-0.63716,-0.61319,-0.55139,-0.44709,-0.29281,-0.080498,0.19571,0.53218,0.90722,1.2764,1.5808,1.7689,1.8176,1.7343,1.5441,1.2849,1.0123,0.78909,0.65278,0.59845,0.59845,0.63492,0.69891,0.79249,0.91812
-0.75609,-0.79283,-0.4747,-0.20545,-0.21369,-0.47107,-0.75692,-0.85381,-0.75607,-0.61506,-0.61685,-0.78778,-0.98252,-1.0127,-0.84323,-0.59278,-0.38535,-0.2619,-0.20968,-0.20481,-0.21539,-0.19418,-0.09752,0.085848,0.31857,0.5222,0.61918,0.55774,0.34093,0.034903,-0.24329,-0.36601,-0.27426,0.006979,0.39796,0.8096,1.1438,1.3069,1.2293,0.90409,0.41121,-0.090544,-0.42921,-0.51155,-0.35231,-0.034215,0.3212,0.55571,0.54057,0.30526,0.0012176,-0.25967,-0.44653,-0.56616,-0.6317,-0.65218,-0.63169,-0.56976,-0.46221,-0.302,-0.081191,0.20509,0.55139,0.93299,1.301,1.5909,1.7449,1.7338,1.5629,1.2652,0.90289,0.56872,0.35082,0.27587,0.30395,0.38023,0.47331,0.57546,0.69411,0.83764
-0.91687,-1.017,-0.70407,-0.43671,-0.49154,-0.77074,-1.0217,-1.0634,-0.90363,-0.71868,-0.66896,-0.78645,-0.9111,-0.88466,-0.70243,-0.47092,-0.28877,-0.18325,-0.13072,-0.099357,-0.06904,-0.021111,0.069861,0.21228,0.37496,0.49485,0.5107,0.38716,0.13576,-0.17026,-0.41604,-0.49255,-0.35783,-0.052946,0.33922,0.72482,1.0106,1.1094,0.96042,0.56325,0.0074426,-0.52527,-0.83333,-0.81446,-0.51217,-0.051018,0.41589,0.71296,0.70816,0.44401,0.096713,-0.20366,-0.4201,-0.55992,-0.63839,-0.66637,-0.64909,-0.58683,-0.47584,-0.30959,-0.080801,0.21383,0.56617,0.9473,1.3026,1.5607,1.6562,1.5534,1.2557,0.80783,0.31103,-0.082657,-0.25347,-0.21113,-0.059178,0.11367,0.27109,0.41571,0.56464,0.73213
-1.0667,-1.2279,-0.91949,-0.67597,-0.7547,-1.0521,-1.2776,-1.2508,-1.0208,-0.78384,-0.69486,-0.75081,-0.81779,-0.75129,-0.56014,-0.35922,-0.2147,-0.12946,-0.076859,-0.024781,0.042286,0.11964,0.20515,0.3008,0.38697,0.42249,0.36021,0.18033,-0.093029,-0.37977,-0.56923,-0.58536,-0.41157,-0.097136,0.28292,0.63714,0.87557,0.91657,0.70793,0.25809,-0.33609,-0.87921,-1.1491,-1.0393,-0.62326,-0.060007,0.47414,0.79866,0.78901,0.50258,0.1308,-0.18845,-0.41746,-0.56523,-0.64851,-0.67898,-0.66228,-0.59887,-0.48514,-0.31493,-0.081627,0.21654,0.56894,0.94303,1.2797,1.5024,1.5403,1.3529,0.94249,0.36617,-0.23465,-0.64803,-0.7376,-0.57264,-0.32032,-0.085172,0.10611,0.27404,0.44547,0.63611
-1.1676,-1.3802,-1.0758,-0.82979,-0.9445,-1.2551,-1.4473,-1.3685,-1.0938,-0.82127,-0.70247,-0.71451,-0.7371,-0.65105,-0.46748,-0.28739,-0.17084,-0.11098,-0.064864,0.002562,0.095278,0.19345,0.27624,0.33547,0.36153,0.33339,0.22039,0.008208,-0.26829,-0.52684,-0.67121,-0.64132,-0.44659,-0.13018,0.23598,0.56854,0.77889,0.78706,0.55058,0.08092,-0.5184,-1.0503,-1.2846,-1.1197,-0.64981,-0.049524,0.49619,0.81175,0.78432,0.48431,0.10735,-0.211,-0.43689,-0.58152,-0.66225,-0.69072,-0.67232,-0.60727,-0.49185,-0.31995,-0.085439,0.21275,0.5627,0.93012,1.2539,1.4553,1.4621,1.2316,0.7672,0.13535,-0.4988,-0.89607,-0.9281,-0.70654,-0.42354,-0.17806,0.013032,0.18385,0.36533,0.57067
-1.2806,-1.5509,-1.2485,-1.0168,-1.1695,-1.4963,-1.6596,-1.5052,-1.1646,-0.85249,-0.68574,-0.65741,-0.62923,-0.52449,-0.36667,-0.22138,-0.14412,-0.11812,-0.083615,-0.0014518,0.12127,0.24583,0.32628,0.33919,0.28871,0.17937,0.0028483,-0.23679,-0.50376,-0.71489,-0.79882,-0.71776,-0.49552,-0.17669,0.17118,0.47731,0.65896,0.64486,0.39858,-0.062285,-0.63143,-1.1159,-1.2949,-1.0849,-0.59407,-0.0074832,0.49709,0.75948,0.6887,0.37403,0.0075794,-0.28957,-0.4947,-0.62307,-0.69229,-0.71293,-0.6893,-0.62082,-0.50339,-0.33085,-0.097202,0.19808,0.54253,0.90155,1.2142,1.4027,1.396,1.1541,0.68433,0.060341,-0.54518,-0.90033,-0.9055,-0.69156,-0.44168,-0.23568,-0.075313,0.081857,0.26612,0.484
-1.3459,-1.6586,-1.3583,-1.1347,-1.3106,-1.6618,-1.7912,-1.5905,-1.2112,-0.87362,-0.67836,-0.60669,-0.5535,-0.44415,-0.29979,-0.19482,-0.15924,-0.15815,-0.13265,-0.044389,0.097258,0.23695,0.31239,0.29717,0.20041,0.039123,-0.17421,-0.42571,-0.66901,-0.84286,-0.88274,-0.77469,-0.53695,-0.22125,0.11602,0.40493,0.57521,0.56289,0.33245,-0.09496,-0.61625,-1.0458,-1.1832,-0.96237,-0.49184,0.043252,0.48004,0.67423,0.55683,0.23217,-0.11499,-0.38265,-0.56085,-0.66907,-0.72399,-0.73516,-0.70564,-0.634,-0.51554,-0.34366,-0.11265,0.17853,0.5181,0.87275,1.1838,1.3767,1.385,1.172,0.74858,0.18734,-0.35556,-0.6841,-0.72121,-0.57718,-0.40115,-0.25391,-0.13216,0.0069782,0.18946,0.41531
-1.4018,-1.7589,-1.4596,-1.2532,-1.4737,-1.841,-1.9511,-1.6874,-1.26,-0.88495,-0.66113,-0.54565,-0.47143,-0.36539,-0.24999,-0.19711,-0.2168,-0.25991,-0.25344,-0.15019,0.02169,0.17529,0.2393,0.19356,0.053506,-0.15601,-0.4041,-0.65703,-0.86694,-0.99139,-0.9922,-0.86128,-0.6187,-0.3088,0.017917,0.29875,0.4731,0.48323,0.29742,-0.061985,-0.49761,-0.83887,-0.92247,-0.70923,-0.3032,0.12931,0.44352,0.51863,0.32265,-0.015252,-0.32507,-0.53984,-0.6714,-0.74503,-0.77608,-0.77164,-0.73266,-0.65629,-0.53701,-0.3677,-0.14223,0.14144,0.47355,0.82465,1.1419,1.3583,1.4148,1.2804,0.96599,0.52837,0.07897,-0.24659,-0.38399,-0.38692,-0.34434,-0.29293,-0.2257,-0.11064,0.068022,0.30267
-1.4228,-1.8089,-1.5201,-1.331,-1.5899,-1.9906,-2.068,-1.7645,-1.3052,-0.90986,-0.64944,-0.51055,-0.40614,-0.30963,-0.24737,-0.2466,-0.3178,-0.4102,-0.4287,-0.31862,-0.12295,0.053243,0.1196,0.047972,-0.13263,-0.3709,-0.62343,-0.85357,-1.0296,-1.1169,-1.0973,-0.9606,-0.72922,-0.43127,-0.11243,0.17559,0.37184,0.4211,0.29493,0.017927,-0.31791,-0.56607,-0.60419,-0.41535,-0.092736,0.22364,0.40255,0.34446,0.05924,-0.29305,-0.55875,-0.71317,-0.79282,-0.82845,-0.83356,-0.81233,-0.76346,-0.6827,-0.5637,-0.39883,-0.18125,0.092544,0.41601,0.76533,1.0957,1.3489,1.4731,1.4386,1.2476,0.92975,0.54707,0.18549,-0.087891,-0.26328,-0.36583,-0.40844,-0.38274,-0.27598,-0.088032,0.16474
-1.4143,-1.812,-1.5287,-1.3662,-1.6475,-2.0658,-2.1439,-1.8088,-1.3351,-0.92351,-0.64991,-0.49564,-0.38299,-0.29978,-0.27165,-0.31874,-0.4367,-0.5578,-0.58947,-0.48509,-0.28067,-0.081187,-0.0012775,-0.085724,-0.2942,-0.54589,-0.78367,-0.98245,-1.1286,-1.2012,-1.1747,-1.047,-0.8279,-0.5418,-0.22726,0.069674,0.28523,0.36796,0.28948,0.079539,-0.17748,-0.35763,-0.36874,-0.2039,0.05517,0.29039,0.37674,0.22532,-0.12596,-0.48994,-0.7248,-0.83667,-0.87979,-0.8885,-0.87545,-0.84255,-0.78705,-0.70379,-0.58593,-0.42564,-0.21525,0.049863,0.36584,0.71358,1.0549,1.3381,1.5152,1.5536,1.4446,1.1958,0.83723,0.42864,0.044036,-0.26316,-0.47192,-0.57393,-0.56568,-0.44861,-0.23667,0.045302
-1.3762,-1.7744,-1.506,-1.3583,-1.6918,-2.1323,-2.1983,-1.8563,-1.3726,-0.95065,-0.6701,-0.49027,-0.38243,-0.32236,-0.33027,-0.44371,-0.62601,-0.78954,-0.84219,-0.73538,-0.51134,-0.29425,-0.20769,-0.29659,-0.51327,-0.76562,-0.9777,-1.1321,-1.2353,-1.2926,-1.2767,-1.1767,-0.9842,-0.71471,-0.40059,-0.093741,0.14455,0.26871,0.25587,0.13829,-0.015369,-0.11321,-0.096697,0.035276,0.22248,0.36572,0.35116,0.0999,-0.32379,-0.70182,-0.90412,-0.97086,-0.97535,-0.95566,-0.92334,-0.87829,-0.81636,-0.73158,-0.61673,-0.46381,-0.26441,-0.012399,0.29186,0.63553,0.98881,1.3079,1.5471,1.6668,1.6411,1.4499,1.0906,0.6002,0.064244,-0.4125,-0.75053,-0.91339,-0.9004,-0.73896,-0.46781,-0.12775
-1.3077,-1.6921,-1.4357,-1.3272,-1.6814,-2.1531,-2.2207,-1.8796,-1.3964,-0.98672,-0.69411,-0.51652,-0.41486,-0.37854,-0.43616,-0.59757,-0.83019,-1.0471,-1.1256,-1.0007,-0.74793,-0.52444,-0.44377,-0.52821,-0.72594,-0.95571,-1.145,-1.2675,-1.3386,-1.3793,-1.3861,-1.3226,-1.1607,-0.90326,-0.58845,-0.27887,-0.027705,0.12841,0.18194,0.15613,0.099385,0.068016,0.10112,0.20292,0.33261,0.4109,0.33254,0.023715,-0.43952,-0.82606,-1.0116,-1.0541,-1.0372,-1.0013,-0.95779,-0.90588,-0.84102,-0.75709,-0.64689,-0.50244,-0.31509,-0.077445,0.21314,0.54926,0.90838,1.2529,1.5376,1.715,1.7422,1.5765,1.1914,0.60891,-0.075142,-0.71251,-1.1672,-1.3689,-1.3243,-1.0875,-0.7267,-0.30411
-1.2419,-1.6029,-1.3599,-1.2737,-1.6517,-2.1304,-2.2144,-1.8728,-1.4087,-1.0047,-0.72011,-0.5565,-0.46486,-0.45285,-0.54269,-0.73381,-1.0008,-1.2441,-1.3305,-1.203,-0.94189,-0.70538,-0.61634,-0.69859,-0.88971,-1.0999,-1.2628,-1.3627,-1.4183,-1.4574,-1.4795,-1.4381,-1.2907,-1.038,-0.72715,-0.42133,-0.16888,0.00393,0.10152,0.13926,0.14821,0.15915,0.19904,0.2767,0.36893,0.41073,0.30768,-0.011883,-0.47632,-0.8594,-1.041,-1.0798,-1.0591,-1.02,-0.97399,-0.92084,-0.85622,-0.77436,-0.66839,-0.53054,-0.35222,-0.12558,0.1537,0.48149,0.83989,1.1952,1.5021,1.7087,1.7615,1.604,1.1947,0.54543,-0.24344,-0.99492,-1.5297,-1.7484,-1.6665,-1.36,-0.92123,-0.42841
-1.1399,-1.4655,-1.2351,-1.171,-1.5754,-2.0662,-2.1588,-1.8461,-1.4039,-1.0198,-0.76478,-0.61629,-0.55818,-0.57555,-0.68673,-0.92076,-1.2223,-1.4703,-1.5526,-1.4331,-1.1759,-0.92279,-0.81294,-0.89001,-1.0828,-1.2795,-1.4078,-1.4755,-1.5202,-1.5756,-1.6119,-1.5817,-1.4364,-1.189,-0.88851,-0.59809,-0.35342,-0.16555,-0.022318,0.085646,0.16629,0.21941,0.25994,0.30346,0.34709,0.35341,0.24231,-0.054659,-0.48202,-0.84341,-1.0252,-1.0728,-1.0604,-1.0269,-0.98451,-0.93425,-0.87285,-0.79536,-0.69562,-0.56632,-0.39946,-0.18688,0.077144,0.39166,0.74363,1.1041,1.4292,1.6624,1.7397,1.5906,1.1581,0.44095,-0.46051,-1.3415,-1.9694,-2.2033,-2.0658,-1.6681,-1.1358,-0.56555
-1.057,-1.348,-1.1267,-1.0846,-1.4887,-1.9897,-2.0946,-1.8044,-1.3747,-1.0216,-0.7909,-0.67577,-0.65292,-0.69013,-0.81923,-1.0661,-1.3709,-1.6171,-1.6945,-1.5674,-1.3086,-1.0602,-0.94789,-1.0119,-1.1914,-1.3779,-1.4973,-1.5526,-1.6033,-1.6683,-1.7141,-1.6769,-1.525,-1.2763,-0.98409,-0.70672,-0.47052,-0.27829,-0.10986,0.038762,0.15846,0.23034,0.26067,0.27102,0.27485,0.25768,0.1527,-0.10548,-0.47847,-0.80862,-0.988,-1.0467,-1.0463,-1.0224,-0.98659,-0.94115,-0.88385,-0.81044,-0.71534,-0.59172,-0.43231,-0.22904,0.024178,0.32791,0.6721,1.0316,1.3647,1.6146,1.7118,1.5775,1.1448,0.40322,-0.55021,-1.4992,-2.1811,-2.4294,-2.2652,-1.8227,-1.2461,-0.63909
-0.948,-1.1832,-0.96876,-0.94273,-1.3513,-1.8479,-1.9795,-1.7123,-1.3243,-1.0031,-0.82014,-0.76567,-0.77965,-0.85387,-1.003,-1.2299,-1.5112,-1.7498,-1.8171,-1.6736,-1.4195,-1.1999,-1.1049,-1.152,-1.2994,-1.4692,-1.5947,-1.6673,-1.7285,-1.7923,-1.827,-1.7694,-1.5989,-1.3423,-1.0586,-0.79491,-0.57225,-0.38071,-0.19284,-0.0083683,0.14339,0.21954,0.21505,0.16068,0.097283,0.04187,-0.043665,-0.22192,-0.49358,-0.75832,-0.92553,-0.99934,-1.0187,-1.011,-0.98682,-0.94977,-0.8988,-0.83073,-0.7409,-0.62334,-0.47157,-0.27827,-0.037583,0.25213,0.58421,0.93916,1.281,1.5543,1.6861,1.5901,1.1895,0.46383,-0.49822,-1.4805,-2.2057,-2.4855,-2.3287,-1.88,-1.2945,-0.68014
-0.8459,-1.0272,-0.80866,-0.78463,-1.189,-1.6736,-1.8277,-1.6005,-1.2368,-0.95556,-0.83851,-0.85104,-0.92843,-1.0323,-1.1702,-1.3714,-1.6124,-1.7995,-1.8358,-1.7046,-1.4838,-1.2897,-1.2041,-1.2428,-1.3664,-1.5221,-1.6628,-1.7723,-1.8495,-1.8994,-1.897,-1.8046,-1.6119,-1.3476,-1.0675,-0.81291,-0.60183,-0.41374,-0.21817,-0.015564,0.14543,0.20412,0.14124,-0.0050165,-0.16168,-0.27226,-0.33469,-0.4097,-0.55135,-0.7285,-0.87075,-0.95429,-0.99205,-1.0008,-0.98895,-0.96056,-0.91567,-0.85204,-0.76583,-0.65189,-0.50476,-0.31818,-0.087221,0.19005,0.50993,0.85928,1.2099,1.5112,1.6889,1.6511,1.3143,0.65138,-0.25776,-1.2102,-1.9424,-2.2661,-2.1691,-1.7776,-1.2375,-0.65527
-0.77821,-0.91116,-0.6866,-0.66786,-1.043,-1.5334,-1.6923,-1.4952,-1.1572,-0.9092,-0.83608,-0.90775,-1.0435,-1.162,-1.2808,-1.4556,-1.6531,-1.7868,-1.7999,-1.6922,-1.5108,-1.3395,-1.2574,-1.286,-1.3948,-1.5399,-1.69,-1.8245,-1.9213,-1.9624,-1.9295,-1.8023,-1.5852,-1.3101,-1.0294,-0.78221,-0.58065,-0.39443,-0.19524,0.014841,0.17141,0.20414,0.082544,-0.15091,-0.39804,-0.56443,-0.60942,-0.59403,-0.62481,-0.72535,-0.84152,-0.92802,-0.97743,-0.99709,-0.99391,-0.97152,-0.93047,-0.86908,-0.78408,-0.67111,-0.52509,-0.34101,-0.11513,0.15402,0.46449,0.80827,1.1643,1.4872,1.7031,1.7162,1.439,0.84033,-0.0058874,-0.91048,-1.6305,-1.9862,-1.9531,-1.6302,-1.1455,-0.59953
-0.70482,-0.77347,-0.53037,-0.49367,-0.85194,-1.3136,-1.5087,-1.3356,-1.0383,-0.82565,-0.80708,-0.97076,-1.1731,-1.3114,-1.4062,-1.5112,-1.6301,-1.7168,-1.7199,-1.6354,-1.5091,-1.3951,-1.3326,-1.341,-1.4189,-1.5466,-1.7022,-1.8565,-1.9744,-2.0124,-1.9488,-1.7746,-1.5181,-1.2219,-0.93892,-0.70113,-0.50619,-0.31758,-0.10466,0.11233,0.25325,0.23485,0.018473,-0.34918,-0.74031,-0.99821,-1.0225,-0.8774,-0.74927,-0.74431,-0.8214,-0.90688,-0.96786,-0.99993,-1.0063,-0.99029,-0.95284,-0.89277,-0.80733,-0.69292,-0.54549,-0.36175,-0.1401,0.11932,0.41582,0.74788,1.1052,1.4509,1.7131,1.792,1.5946,1.0853,0.33013,-0.50027,-1.1913,-1.5814,-1.6262,-1.3904,-0.97788,-0.484
-0.6611,-0.68399,-0.42151,-0.36635,-0.69626,-1.1498,-1.3521,-1.2123,-0.93385,-0.74992,-0.77736,-0.9933,-1.2449,-1.4038,-1.4726,-1.5135,-1.5769,-1.6384,-1.6415,-1.5805,-1.5034,-1.4417,-1.3972,-1.3836,-1.4277,-1.5376,-1.6913,-1.8522,-1.9758,-2.0162,-1.9345,-1.7345,-1.45,-1.1396,-0.85468,-0.62137,-0.4253,-0.22734,-6.3436e-05,0.2209,0.3466,0.28476,-0.0064819,-0.47999,-0.98978,-1.3269,-1.3393,-1.0943,-0.84742,-0.76681,-0.8158,-0.89964,-0.96783,-1.0078,-1.0201,-1.0077,-0.97159,-0.91098,-0.82346,-0.70594,-0.55534,-0.36994,-0.15028,0.10158,0.38504,0.70291,1.0531,1.4068,1.6946,1.8142,1.6688,1.2192,0.52613,-0.25191,-0.9175,-1.3181,-1.4059,-1.2228,-0.85586,-0.39482
-0.63053,-0.57819,-0.28541,-0.20316,-0.4859,-0.92215,-1.1454,-1.0468,-0.79335,-0.63437,-0.71233,-0.98355,-1.288,-1.4625,-1.4818,-1.4608,-1.4686,-1.4917,-1.5086,-1.5199,-1.5287,-1.5254,-1.4937,-1.445,-1.4323,-1.4993,-1.6407,-1.8087,-1.9391,-1.9745,-1.8736,-1.6519,-1.3496,-1.0326,-0.74555,-0.50969,-0.30011,-0.078264,0.1709,0.3983,0.50456,0.38925,0.0049391,-0.60278,-1.2677,-1.7162,-1.7182,-1.3479,-0.96023,-0.79432,-0.81376,-0.89747,-0.97488,-1.0243,-1.0433,-1.0344,-0.99874,-0.93573,-0.8434,-0.71945,-0.56217,-0.37235,-0.15406,0.086815,0.3481,0.63691,0.96216,1.3082,1.6113,1.7668,1.6728,1.2854,0.65917,-0.058628,-0.68649,-1.0841,-1.1966,-1.0506,-0.71944,-0.28822
-0.61852,-0.50321,-0.16459,-0.033875,-0.28668,-0.69575,-0.93948,-0.87591,-0.65595,-0.51667,-0.61377,-0.9326,-1.2722,-1.4307,-1.4141,-1.3482,-1.3094,-1.318,-1.3763,-1.4737,-1.5746,-1.6275,-1.5988,-1.5074,-1.4274,-1.4323,-1.545,-1.7167,-1.8543,-1.8793,-1.7665,-1.5414,-1.2512,-0.94452,-0.657,-0.40123,-0.16069,0.094049,0.3643,0.59642,0.68644,0.52943,0.072449,-0.64241,-1.4372,-1.9859,-1.9865,-1.5195,-1.0285,-0.8061,-0.81073,-0.89975,-0.98764,-1.0461,-1.0711,-1.0646,-1.028,-0.96101,-0.86204,-0.7296,-0.56355,-0.36746,-0.1496,0.079131,0.31288,0.56069,0.8416,1.1557,1.4485,1.6158,1.5505,1.2035,0.62424,-0.046134,-0.63358,-1.0055,-1.1055,-0.95973,-0.63826,-0.22174
-0.63146,-0.45836,-0.081316,0.075442,-0.13411,-0.53445,-0.79294,-0.75356,-0.54906,-0.42512,-0.52978,-0.85443,-1.1994,-1.3497,-1.3081,-1.2062,-1.1516,-1.1809,-1.2831,-1.4376,-1.6059,-1.7084,-1.6776,-1.5405,-1.4023,-1.3574,-1.4393,-1.6014,-1.7425,-1.7683,-1.6599,-1.4458,-1.1773,-0.88662,-0.59979,-0.3247,-0.054871,0.22663,0.51406,0.75059,0.83107,0.65291,0.15881,-0.61147,-1.4743,-2.0833,-2.0925,-1.5831,-1.0469,-0.80353,-0.80701,-0.9034,-0.99984,-1.0653,-1.0944,-1.0892,-1.0514,-0.98081,-0.87619,-0.73643,-0.56296,-0.36126,-0.14289,0.07689,0.28811,0.49912,0.73579,1.0098,1.2776,1.438,1.3813,1.0534,0.49888,-0.14426,-0.70304,-1.0416,-1.1153,-0.95104,-0.62,-0.20046
-0.66458,-0.42143,0.011268,0.22212,0.051078,-0.33001,-0.60312,-0.60239,-0.4196,-0.29596,-0.40069,-0.70828,-1.0275,-1.1634,-1.0916,-0.95924,-0.90577,-0.96984,-1.1351,-1.3746,-1.6328,-1.7935,-1.751,-1.5436,-1.3226,-1.212,-1.2469,-1.3846,-1.5241,-1.571,-1.4892,-1.3078,-1.0689,-0.80074,-0.51829,-0.22484,0.0784,0.39593,0.70809,0.95305,1.0271,0.83065,0.30881,-0.49927,-1.4117,-2.0723,-2.1077,-1.5903,-1.0385,-0.79154,-0.80289,-0.91173,-1.02,-1.0943,-1.1287,-1.125,-1.0852,-1.0094,-0.89669,-0.7468,-0.5627,-0.35254,-0.13206,0.077586,0.26009,0.4206,0.59011,0.79699,1.0142,1.1481,1.0866,0.76922,0.23592,-0.3769,-0.89471,-1.1836,-1.2027,-0.99165,-0.62948,-0.19446
-0.72195,-0.40573,0.093459,0.35369,0.21935,-0.14216,-0.43596,-0.45592,-0.29168,-0.16409,-0.2462,-0.52061,-0.79502,-0.88556,-0.79384,-0.66692,-0.62482,-0.71403,-0.93896,-1.2689,-1.6093,-1.8039,-1.7371,-1.4642,-1.1667,-0.99307,-0.98447,-1.0981,-1.2395,-1.321,-1.2871,-1.1506,-0.94132,-0.69306,-0.422,-0.12626,0.19596,0.54424,0.88496,1.1451,1.2214,1.0177,0.48832,-0.32492,-1.2469,-1.9333,-2.0151,-1.5421,-1.0172,-0.785,-0.8081,-0.92811,-1.0463,-1.1281,-1.1669,-1.1645,-1.1226,-1.0417,-0.92117,-0.76145,-0.56663,-0.34697,-0.12167,0.082972,0.24409,0.36144,0.46708,0.60241,0.75902,0.85582,0.7815,0.46945,-0.047108,-0.63403,-1.1146,-1.356,-1.3203,-1.0596,-0.66114,-0.20441
-0.77867,-0.40751,0.13938,0.44002,0.33655,-0.021826,-0.31788,-0.36334,-0.20169,-0.069364,-0.11978,-0.34785,-0.58149,-0.63512,-0.5307,-0.41131,-0.3821,-0.49374,-0.7586,-1.1394,-1.5222,-1.7313,-1.6444,-1.329,-0.98744,-0.77641,-0.74134,-0.83769,-0.98609,-1.0928,-1.1054,-1.0069,-0.82838,-0.59939,-0.34209,-0.054788,0.27276,0.63843,1.0015,1.2769,1.36,1.1583,0.63524,-0.1647,-1.0756,-1.7702,-1.9004,-1.4901,-1.0063,-0.79229,-0.82304,-0.94826,-1.0712,-1.1568,-1.1981,-1.1963,-1.1531,-1.0688,-0.9431,-0.77677,-0.57429,-0.34697,-0.11574,0.09018,0.24367,0.3398,0.41,0.49923,0.61273,0.68205,0.60051,0.29777,-0.20066,-0.76731,-1.2275,-1.4436,-1.3847,-1.1018,-0.68418,-0.21284
-0.8639,-0.4219,0.19551,0.54305,0.46657,0.12117,-0.19155,-0.24522,-0.087961,0.065927,0.056041,-0.10213,-0.25905,-0.27509,-0.15819,-0.034286,-0.019415,-0.16397,-0.46522,-0.87606,-1.2826,-1.4979,-1.3888,-1.0409,-0.66968,-0.43164,-0.37215,-0.45427,-0.60776,-0.74587,-0.80726,-0.76702,-0.6359,-0.44736,-0.22071,0.042673,0.36475,0.74374,1.1321,1.4304,1.5297,1.3432,0.84202,0.074203,-0.8044,-1.5052,-1.712,-1.4111,-1.0028,-0.81916,-0.85814,-0.98597,-1.1115,-1.1996,-1.2427,-1.2413,-1.1964,-1.1085,-0.97719,-0.80349,-0.59196,-0.35445,-0.11281,0.10186,0.25895,0.34837,0.39675,0.45114,0.52811,0.57457,0.49311,0.21192,-0.25366,-0.78973,-1.2316,-1.4439,-1.3857,-1.1022,-0.68149,-0.20796
-0.93764,-0.44203,0.22268,0.60623,0.54577,0.20494,-0.11119,-0.16993,-0.011491,0.16615,0.19433,0.090788,-0.0030561,0.011538,0.13268,0.25844,0.26769,0.1121,-0.19548,-0.60658,-1.0106,-1.2181,-1.1,-0.75008,-0.37991,-0.13823,-0.068213,-0.14749,-0.30272,-0.45855,-0.54671,-0.54648,-0.46158,-0.31839,-0.1283,0.11181,0.42606,0.80799,1.2104,1.5241,1.6392,1.4709,0.9951,0.2624,-0.58056,-1.2766,-1.54,-1.3336,-0.99663,-0.84393,-0.89079,-1.0194,-1.1449,-1.2334,-1.277,-1.2754,-1.2297,-1.14,-1.0059,-0.82827,-0.61137,-0.36665,-0.11561,0.11072,0.28081,0.38185,0.43659,0.48859,0.55844,0.60253,0.53209,0.27673,-0.15602,-0.66654,-1.1033,-1.3326,-1.3045,-1.0514,-0.65389,-0.19565
-1.0445,-0.48387,0.24801,0.66956,0.63284,0.28362,-0.032597,-0.090093,0.088981,0.29589,0.38796,0.35775,0.32397,0.39042,0.52619,0.63956,0.64839,0.50903,0.21954,-0.17142,-0.54381,-0.72297,-0.60628,-0.28051,0.064957,0.29432,0.36074,0.28092,0.1162,-0.05416,-0.17244,-0.21376,-0.19343,-0.11986,0.0045038,0.20044,0.48956,0.86623,1.2757,1.6071,1.7472,1.6137,1.1856,0.51398,-0.26698,-0.93747,-1.2582,-1.1762,-0.95095,-0.85759,-0.92641,-1.0611,-1.1881,-1.2769,-1.3206,-1.3188,-1.2725,-1.1818,-1.0461,-0.86592,-0.64461,-0.39228,-0.12847,0.11791,0.31632,0.45188,0.54098,0.61952,0.7065,0.76668,0.72286,0.50844,0.12151,-0.3577,-0.79635,-1.0669,-1.1029,-0.91715,-0.57754,-0.16448
-1.1432,-0.52462,0.26289,0.71998,0.68193,0.33632,0.01018,-0.031754,0.1716,0.42302,0.57179,0.61436,0.64224,0.74239,0.89737,1.0147,1.031,0.91575,0.66698,0.3302,0.016751,-0.12864,-0.028413,0.24822,0.5459,0.74296,0.7899,0.70488,0.53658,0.35933,0.22185,0.14529,0.1127,0.11679,0.16289,0.28771,0.52403,0.87807,1.2857,1.6349,1.8052,1.7155,1.3449,0.74533,0.042852,-0.57207,-0.90802,-0.92453,-0.8217,-0.81649,-0.93151,-1.0863,-1.2208,-1.3122,-1.3566,-1.3551,-1.3095,-1.2198,-1.0854,-0.90619,-0.68435,-0.42789,-0.15326,0.11435,0.34731,0.53017,0.6728,0.80041,0.92458,1.0129,0.99797,0.81997,0.47248,0.020067,-0.42306,-0.73752,-0.848,-0.74645,-0.48256,-0.12792
-1.2258,-0.56503,0.26421,0.73957,0.7066,0.34501,0.023791,-0.0080119,0.22327,0.51431,0.70424,0.79572,0.86858,0.98391,1.1415,1.2747,1.3064,1.2097,0.9985,0.71923,0.46068,0.34007,0.42458,0.65879,0.90853,1.0689,1.0987,1.0081,0.84604,0.66673,0.52181,0.42184,0.3586,0.31399,0.29911,0.35227,0.52877,0.84931,1.2509,1.6145,1.8094,1.7563,1.432,0.88984,0.25588,-0.29834,-0.61335,-0.67457,-0.65927,-0.73641,-0.90467,-1.0869,-1.2335,-1.3296,-1.3755,-1.375,-1.3306,-1.2431,-1.1118,-0.93566,-0.71642,-0.46002,-0.18016,0.10133,0.35972,0.57975,0.76643,0.93662,1.0939,1.2046,1.2068,1.0468,0.71922,0.28176,-0.16324,-0.50496,-0.66427,-0.62201,-0.41347,-0.10131
-1.315,-0.61482,0.25454,0.75144,0.70913,0.3317,0.0036288,-0.0030787,0.2739,0.61289,0.86679,1.012,1.1254,1.2675,1.4318,1.5738,1.6341,1.5815,1.4299,1.225,1.037,0.9544,1.0257,1.202,1.3805,1.4839,1.4845,1.3875,1.2289,1.053,0.89902,0.77868,0.67933,0.58003,0.48456,0.43768,0.51696,0.76899,1.1486,1.5239,1.7516,1.7454,1.4823,1.0194,0.4835,0.031802,-0.21771,-0.29715,-0.37808,-0.57156,-0.82789,-1.0609,-1.2316,-1.3376,-1.3872,-1.3888,-1.3474,-1.2644,-1.1393,-0.97072,-0.75881,-0.50715,-0.2257,0.068376,0.35458,0.61842,0.85949,1.0825,1.2802,1.4158,1.4326,1.2848,0.9708,0.54389,0.096618,-0.26737,-0.4726,-0.48918,-0.33876,-0.07429
-1.3997,-0.66827,0.23803,0.74132,0.68398,0.28416,-0.05235,-0.027613,0.29497,0.69199,0.99968,1.1907,1.3296,1.4867,1.6631,1.8117,1.8973,1.9015,1.8225,1.6873,1.5602,1.515,1.5764,1.6999,1.8145,1.8644,1.8294,1.7173,1.5567,1.3882,1.2369,1.1083,0.98134,0.83449,0.66434,0.51908,0.48775,0.64937,0.98392,1.3577,1.6131,1.6482,1.4407,1.052,0.61236,0.27192,0.11292,0.054991,-0.086598,-0.38067,-0.72568,-1.0142,-1.2123,-1.3294,-1.3831,-1.3872,-1.3494,-1.2723,-1.1555,-0.9974,-0.79686,-0.5552,-0.27896,0.019091,0.32248,0.61787,0.90046,1.1651,1.3946,1.5469,1.5672,1.4162,1.0989,0.67132,0.2233,-0.14741,-0.37015,-0.41353,-0.29424,-0.060057
-1.4533,-0.71054,0.20877,0.72064,0.65116,0.22483,-0.11334,-0.074445,0.29215,0.73248,1.0726,1.2949,1.4504,1.606,1.7839,1.9461,2.0553,2.0959,2.0668,1.9886,1.9104,1.8853,1.9331,2.0231,2.1001,2.116,2.0537,1.9245,1.76,1.5959,1.4518,1.3219,1.1816,1.0047,0.7874,0.5729,0.45597,0.53987,0.82483,1.187,1.4565,1.5169,1.3442,1.0032,0.62676,0.36456,0.27584,0.24943,0.08703,-0.25918,-0.65592,-0.97834,-1.1929,-1.3158,-1.3715,-1.3769,-1.3417,-1.2694,-1.1596,-1.0106,-0.82019,-0.58852,-0.31995,-0.024512,0.28397,0.59313,0.89592,1.1821,1.4281,1.5871,1.6037,1.4419,1.113,0.67848,0.23054,-0.1368,-0.35477,-0.3964,-0.28067,-0.055882
-1.51,-0.76469,0.17298,0.67765,0.58539,0.12679,-0.22866,-0.1564,0.25997,0.75135,1.1378,1.3811,1.5469,1.7001,1.8708,2.0515,2.2004,2.2879,2.317,2.3105,2.294,2.2933,2.3246,2.3747,2.4049,2.3811,2.2906,2.1429,1.9724,1.8088,1.6691,1.5386,1.3857,1.18,0.91495,0.62425,0.405,0.37756,0.58501,0.9187,1.1959,1.2798,1.1385,0.84034,0.52596,0.3439,0.33477,0.35764,0.19798,-0.17812,-0.60859,-0.9514,-1.1727,-1.2953,-1.3488,-1.354,-1.3215,-1.2553,-1.1551,-1.0184,-0.84233,-0.6253,-0.3697,-0.083082,0.22306,0.53756,0.85236,1.1529,1.4102,1.5717,1.5786,1.3966,1.0447,0.59556,0.14981,-0.1995,-0.39132,-0.41007,-0.28376,-0.063637
-1.5431,-0.80369,0.1337,0.63752,0.52049,0.042411,-0.33344,-0.24029,0.21202,0.74192,1.1559,1.4097,1.5719,1.7194,1.8882,2.0758,2.2487,2.3768,2.4525,2.4878,2.5046,2.5241,2.5518,2.5751,2.5707,2.5203,2.4136,2.2588,2.0809,1.9136,1.7697,1.6369,1.4791,1.2634,0.97512,0.64473,0.36288,0.25779,0.4021,0.70405,0.97738,1.0692,0.93918,0.65548,0.36446,0.21495,0.2446,0.30177,0.16258,-0.2033,-0.62611,-0.95932,-1.17,-1.2833,-1.3306,-1.333,-1.3013,-1.239,-1.1455,-1.0176,-0.85167,-0.64529,-0.39961,-0.12108,0.17936,0.49052,0.80365,1.105,1.3629,1.5219,1.5196,1.3211,0.95044,0.49026,0.049704,-0.27837,-0.44039,-0.43351,-0.29431,-0.075311
-1.5746,-0.86362,0.068976,0.56809,0.43159,-0.096629,-0.47972,-0.38077,0.12355,0.69673,1.132,1.3956,1.5407,1.6692,1.8373,2.0339,2.235,2.415,2.5515,2.6386,2.6917,2.7289,2.7499,2.7437,2.7035,2.6234,2.4981,2.3343,2.1487,1.9737,1.8242,1.6861,1.5252,1.3014,0.99588,0.6313,0.29225,0.11339,0.18413,0.43776,0.69049,0.77658,0.64528,0.35887,0.063195,-0.087201,-0.047574,0.035464,-0.061124,-0.37212,-0.73642,-1.018,-1.1898,-1.2773,-1.3094,-1.3048,-1.2723,-1.2141,-1.1281,-1.01,-0.85523,-0.65987,-0.42425,-0.15486,0.13609,0.43571,0.73537,1.0238,1.2724,1.4243,1.4119,1.1968,0.80707,0.33847,-0.087042,-0.37781,-0.4934,-0.45135,-0.29919,-0.087391
-1.5855,-0.91138,0.0069383,0.48975,0.32321,-0.23286,-0.65344,-0.53251,0.0031683,0.61416,1.0693,1.3191,1.443,1.5429,1.6934,1.9069,2.1432,2.3632,2.5473,2.6874,2.7776,2.8172,2.816,2.7851,2.7267,2.6322,2.4946,2.3189,2.126,1.9421,1.785,1.6403,1.4741,1.2457,0.93427,0.56066,0.20528,0.00050461,0.032294,0.24425,0.46167,0.52399,0.3737,0.062091,-0.27542,-0.48405,-0.49691,-0.42659,-0.47486,-0.68738,-0.94008,-1.1287,-1.2363,-1.2847,-1.2953,-1.2807,-1.2458,-1.1901,-1.1097,-0.99879,-0.85121,-0.66179,-0.43024,-0.16437,0.11984,0.4049,0.68099,0.94211,1.1685,1.3079,1.2901,1.0716,0.68133,0.22347,-0.17268,-0.41889,-0.4927,-0.42785,-0.27607,-0.080673
-1.5904,-0.95596,-0.050883,0.42466,0.24469,-0.34181,-0.77888,-0.65281,-0.095818,0.53421,0.99607,1.2307,1.3277,1.4016,1.537,1.7579,2.019,2.2706,2.4887,2.661,2.7709,2.8084,2.7884,2.7391,2.6697,2.5729,2.4363,2.2579,2.0597,1.8669,1.6962,1.5422,1.3673,1.1381,0.83154,0.47071,0.13416,-0.056768,-0.023871,0.16854,0.35605,0.39207,0.22016,-0.11743,-0.5021,-0.78402,-0.87964,-0.85615,-0.87494,-0.99381,-1.1358,-1.2345,-1.283,-1.2971,-1.2895,-1.2668,-1.2298,-1.1754,-1.0981,-0.99076,-0.84585,-0.65706,-0.42382,-0.15562,0.1272,0.40156,0.65538,0.88703,1.0873,1.2126,1.194,0.98463,0.61133,0.17924,-0.18295,-0.39542,-0.44485,-0.37175,-0.22675,-0.047668
-1.5788,-1.0048,-0.13268,0.33548,0.13886,-0.48,-0.93301,-0.81624,-0.23238,0.41832,0.87645,1.0874,1.1282,1.1572,1.277,1.4952,1.7812,2.0827,2.3502,2.551,2.6698,2.7051,2.6701,2.5938,2.5052,2.4092,2.2868,2.1229,1.9211,1.7101,1.5119,1.3334,1.147,0.92165,0.63627,0.31544,0.03781,-0.089649,-0.019603,0.16772,0.32115,0.31872,0.11468,-0.25667,-0.70181,-1.0948,-1.3409,-1.4309,-1.4365,-1.4236,-1.4041,-1.3767,-1.3459,-1.316,-1.2865,-1.2545,-1.2154,-1.1626,-1.0886,-0.9839,-0.83929,-0.64678,-0.40554,-0.12798,0.15823,0.42011,0.63984,0.82162,0.97415,1.0727,1.0564,0.87568,0.55114,0.18057,-0.1195,-0.28266,-0.31166,-0.2455,-0.12534,0.02205
-1.5649,-1.0423,-0.18973,0.26564,0.060316,-0.56689,-1.0463,-0.91844,-0.32929,0.32946,0.78101,0.96233,0.96342,0.94871,1.0413,1.2597,1.565,1.8971,2.1951,2.4136,2.5355,2.5649,2.5172,2.4245,2.3255,2.2347,2.1328,1.9873,1.7899,1.562,1.3398,1.1346,0.93755,0.7155,0.45417,0.17921,-0.031058,-0.082638,0.03736,0.23621,0.37153,0.34227,0.11516,-0.27572,-0.74903,-1.2103,-1.5676,-1.7627,-1.786,-1.6926,-1.5675,-1.4598,-1.3809,-1.3257,-1.2847,-1.249,-1.2099,-1.1591,-1.0871,-0.98349,-0.83721,-0.63927,-0.38883,-0.10086,0.19083,0.44492,0.63757,0.77615,0.88406,0.95501,0.93961,0.78929,0.51814,0.21208,-0.029218,-0.15482,-0.17345,-0.11923,-0.023008,0.096917
-1.536,-1.0903,-0.27577,0.1774,-0.033208,-0.67465,-1.1566,-1.0408,-0.43537,0.22605,0.66229,0.79862,0.7405,0.65531,0.69693,0.91738,1.2487,1.6063,1.9308,2.1775,2.3107,2.3218,2.2431,2.1351,2.0436,1.976,1.9038,1.7816,1.5903,1.3433,1.0832,0.84004,0.61922,0.40023,0.17688,-0.01899,-0.11214,-0.041086,0.16614,0.39342,0.51146,0.45016,0.19869,-0.20092,-0.67887,-1.1735,-1.6203,-1.9338,-2.0122,-1.8761,-1.6738,-1.5063,-1.3936,-1.3234,-1.2782,-1.2438,-1.2085,-1.162,-1.0934,-0.99081,-0.84124,-0.63434,-0.36939,-0.064945,0.23673,0.48257,0.63952,0.71663,0.756,0.78041,0.76311,0.66048,0.47525,0.27021,0.11632,0.044211,0.037861,0.072596,0.13149,0.20791
-1.4995,-1.1314,-0.35538,0.088754,-0.11606,-0.74565,-1.2354,-1.1153,-0.51051,0.15168,0.56686,0.66385,0.5281,0.3667,0.36122,0.55841,0.89753,1.2796,1.63,1.8984,2.0394,2.0336,1.9268,1.8078,1.7396,1.7132,1.6773,1.5777,1.3866,1.1193,0.8192,0.54039,0.29719,0.086408,-0.092192,-0.19812,-0.16497,0.03246,0.32725,0.58666,0.69499,0.60855,0.33912,-0.056164,-0.50632,-0.96784,-1.4054,-1.7521,-1.8865,-1.7922,-1.6109,-1.4562,-1.3552,-1.2965,-1.2624,-1.2381,-1.2116,-1.1721,-1.1083,-1.0072,-0.8546,-0.63903,-0.35987,-0.038869,0.27431,0.51586,0.64273,0.66246,0.63083,0.59991,0.57268,0.51706,0.42358,0.32557,0.2612,0.24206,0.24805,0.26403,0.28566,0.31711
-1.4656,-1.1578,-0.41021,0.027248,-0.16655,-0.78433,-1.2653,-1.1387,-0.53849,0.11755,0.52454,0.58665,0.39706,0.1771,0.12258,0.29274,0.62724,1.0231,1.3916,1.6679,1.8077,1.7992,1.6885,1.5694,1.5156,1.5227,1.5228,1.4417,1.2483,0.95883,0.63365,0.33234,0.083392,-0.11429,-0.25305,-0.29086,-0.17157,0.10741,0.45243,0.72987,0.83421,0.73319,0.45372,0.066369,-0.35223,-0.75771,-1.1326,-1.4417,-1.5963,-1.5684,-1.4572,-1.3558,-1.2917,-1.2586,-1.2428,-1.2318,-1.2153,-1.183,-1.1239,-1.0248,-0.87093,-0.65012,-0.36183,-0.029563,0.29275,0.53482,0.64665,0.63288,0.55488,0.48313,0.44414,0.418,0.38726,0.36271,0.35922,0.37344,0.38954,0.39519,0.39206,0.39032
-1.4164,-1.1926,-0.48791,-0.047679,-0.22135,-0.81357,-1.2661,-1.1468,-0.54223,0.1073,0.49713,0.52476,0.28227,-0.02121,-0.15453,-0.023154,0.29776,0.69418,1.0724,1.3575,1.5025,1.5029,1.4025,1.294,1.262,1.3094,1.3529,1.2922,1.0907,0.77054,0.41549,0.096255,-0.14666,-0.30924,-0.38272,-0.32915,-0.11763,0.23023,0.61029,0.89606,0.99486,0.87893,0.58956,0.2128,-0.16093,-0.47664,-0.73046,-0.93547,-1.0778,-1.1419,-1.1564,-1.1604,-1.1711,-1.1887,-1.2073,-1.2201,-1.2203,-1.1998,-1.1485,-1.0536,-0.90001,-0.67499,-0.37769,-0.032573,0.30332,0.5542,0.66287,0.62801,0.51175,0.39968,0.34478,0.34555,0.37794,0.42665,0.48092,0.5261,0.5462,0.53531,0.50159,0.46164
-1.3628,-1.2107,-0.54908,-0.11877,-0.26606,-0.81475,-1.2413,-1.1085,-0.52281,0.12613,0.50685,0.51677,0.22629,-0.14643,-0.35349,-0.28431,0.0040147,0.38564,0.75968,1.0585,1.2279,1.2464,1.1637,1.0877,1.0994,1.1797,1.2356,1.1725,0.95042,0.60859,0.23556,-0.078822,-0.28799,-0.38743,-0.38097,-0.25193,0.0081922,0.36943,0.7445,1.0183,1.1061,0.97805,0.68066,0.31032,-0.026796,-0.25779,-0.38261,-0.45903,-0.55457,-0.68414,-0.81802,-0.93469,-1.0304,-1.107,-1.1657,-1.2058,-1.2248,-1.2174,-1.1753,-1.0861,-0.93528,-0.70943,-0.40673,-0.050516,0.30269,0.57588,0.70801,0.69128,0.58116,0.46343,0.40278,0.41216,0.46893,0.54519,0.6168,0.66358,0.67101,0.63681,0.5726,0.49922
-1.3166,-1.2261,-0.60154,-0.16284,-0.29435,-0.80818,-1.2111,-1.0752,-0.49147,0.14982,0.53705,0.53382,0.2143,-0.19382,-0.45052,-0.43259,-0.18238,0.17726,0.54656,0.8576,1.0485,1.0889,1.0333,0.99434,1.0399,1.1336,1.1802,1.0957,0.85104,0.49594,0.12569,-0.16239,-0.32247,-0.36031,-0.29136,-0.12562,0.14061,0.48107,0.82644,1.0754,1.1464,1.01,0.70816,0.33947,0.022379,-0.15809,-0.19668,-0.17833,-0.22591,-0.38071,-0.58364,-0.77358,-0.92825,-1.0473,-1.1351,-1.1953,-1.2281,-1.2305,-1.1955,-1.1114,-0.96401,-0.73943,-0.43438,-0.069702,0.30096,0.60256,0.77339,0.80139,0.73205,0.64098,0.58932,0.59486,0.64062,0.70027,0.75002,0.76977,0.75097,0.69117,0.60258,0.50699
-1.2577,-1.2309,-0.6505,-0.22884,-0.32391,-0.80093,-1.162,-1.0301,-0.45588,0.18201,0.5717,0.57843,0.25478,-0.19481,-0.50971,-0.5538,-0.36584,-0.049167,0.30647,0.62556,0.84562,0.94069,0.94826,0.95588,1.0229,1.1147,1.1373,1.0056,0.71842,0.3405,-0.0051345,-0.22478,-0.28791,-0.22892,-0.088279,0.10623,0.35396,0.63916,0.91525,1.1036,1.1356,0.98048,0.67339,0.30815,0.008707,-0.1207,-0.065994,0.061853,0.082882,-0.078305,-0.33971,-0.60094,-0.81712,-0.98233,-1.1027,-1.1854,-1.2341,-1.2481,-1.2217,-1.1446,-1.0026,-0.78082,-0.47305,-0.09477,0.30735,0.66432,0.91606,1.0435,1.0754,1.0631,1.0468,1.0393,1.0338,1.0205,0.99056,0.93538,0.85114,0.73929,0.61283,0.49306
-1.208,-1.2333,-0.69153,-0.26558,-0.3563,-0.79048,-1.1409,-1.0053,-0.44091,0.20439,0.59942,0.61406,0.29349,-0.16911,-0.5202,-0.61074,-0.46773,-0.18632,0.14946,0.47251,0.72664,0.87894,0.94237,0.98268,1.0566,1.1351,1.121,0.94468,0.60966,0.21483,-0.10627,-0.25359,-0.22798,-0.08832,0.097667,0.30448,0.52517,0.75401,0.96038,1.0864,1.076,0.90175,0.59111,0.22968,-0.059803,-0.16233,-0.056013,0.13685,0.20596,0.05578,-0.22515,-0.51764,-0.76362,-0.95216,-1.0897,-1.1845,-1.2417,-1.2619,-1.2406,-1.168,-1.0297,-0.80983,-0.49908,-0.10733,0.32597,0.73798,1.0705,1.2967,1.4297,1.4978,1.5205,1.5012,1.4401,1.3446,1.2248,1.085,0.93134,0.76852,0.60903,0.47127
-1.1436,-1.2217,-0.72749,-0.32913,-0.38795,-0.80117,-1.124,-0.99706,-0.44489,0.19647,0.61878,0.66194,0.35739,-0.099637,-0.47385,-0.62203,-0.54551,-0.32115,-0.015274,0.32087,0.62568,0.84412,0.97268,1.0617,1.143,1.1837,1.1032,0.85314,0.45789,0.043617,-0.22998,-0.2719,-0.12405,0.11362,0.35596,0.56712,0.74178,0.88446,0.98395,1.0125,0.93211,0.72378,0.40584,0.052498,-0.21994,-0.29485,-0.14338,0.10747,0.22734,0.10302,-0.17684,-0.48155,-0.74289,-0.94494,-1.0928,-1.1951,-1.258,-1.2827,-1.2655,-1.1968,-1.0618,-0.84242,-0.52413,-0.10791,0.37788,0.87876,1.3366,1.7118,1.993,2.1777,2.2573,2.2228,2.0817,1.8627,1.6018,1.3281,1.059,0.80892,0.59288,0.42747
-1.073,-1.1992,-0.76427,-0.38094,-0.43687,-0.82712,-1.1365,-1.0283,-0.49001,0.15853,0.60409,0.68638,0.4187,-0.026662,-0.41141,-0.59775,-0.58602,-0.42267,-0.14135,0.21182,0.56011,0.83683,1.0307,1.1665,1.25,1.2415,1.0873,0.75432,0.29916,-0.13025,-0.34937,-0.28934,-0.029693,0.29429,0.58724,0.80132,0.92827,0.97911,0.96239,0.88136,0.72131,0.47027,0.14366,-0.1944,-0.44031,-0.48918,-0.31657,-0.044015,0.10279,0.0081082,-0.24704,-0.53461,-0.78504,-0.98016,-1.1236,-1.2229,-1.2839,-1.3076,-1.2903,-1.2221,-1.0871,-0.86437,-0.53316,-0.0846,0.46405,1.0648,1.6553,2.1798,2.6027,2.8946,3.0256,2.977,2.761,2.4227,2.0199,1.6041,1.2106,0.86401,0.5844,0.38705
-1.0206,-1.1751,-0.77838,-0.42283,-0.48068,-0.8538,-1.177,-1.0768,-0.55689,0.10361,0.5761,0.68719,0.45357,0.029335,-0.36603,-0.58065,-0.60452,-0.47501,-0.21554,0.13925,0.5182,0.84615,1.0889,1.2486,1.3277,1.2884,1.0793,0.68495,0.17692,-0.26136,-0.44069,-0.30773,0.024266,0.40466,0.72656,0.94289,1.0367,1.0195,0.91772,0.75297,0.53091,0.2452,-0.088226,-0.41062,-0.62816,-0.65674,-0.48181,-0.2176,-0.070385,-0.14629,-0.37207,-0.63036,-0.85692,-1.0344,-1.1651,-1.2556,-1.3102,-1.3296,-1.3093,-1.2388,-1.1012,-0.87277,-0.52794,-0.050612,0.54909,1.2257,1.9115,2.5373,3.0519,3.411,3.5738,3.5161,3.2516,2.8336,2.3329,1.8155,1.3306,0.91344,0.58848,0.3694
-0.942,-1.1325,-0.7958,-0.47569,-0.53721,-0.91773,-1.2447,-1.1768,-0.67831,-0.012277,0.5027,0.6692,0.48097,0.09387,-0.29452,-0.54787,-0.61663,-0.52041,-0.28628,0.063098,0.47563,0.86466,1.159,1.3429,1.4135,1.343,1.0773,0.61208,0.041863,-0.40972,-0.54008,-0.32238,0.087467,0.52097,0.86654,1.0746,1.1248,1.0283,0.82331,0.55311,0.24748,-0.084548,-0.42248,-0.7136,-0.8839,-0.88163,-0.71887,-0.49845,-0.38106,-0.44226,-0.62016,-0.82242,-0.99998,-1.1397,-1.2428,-1.3135,-1.3539,-1.363,-1.3348,-1.2578,-1.113,-0.87296,-0.50595,0.012658,0.67997,1.4507,2.2477,2.9859,3.5977,4.0255,4.2191,4.1505,3.8341,3.3295,2.7192,2.0852,1.4921,0.98973,0.61021,0.36667
-0.88353,-1.0857,-0.78838,-0.51257,-0.58622,-0.96859,-1.3123,-1.2828,-0.79268,-0.11676,0.42886,0.64002,0.48917,0.12321,-0.26361,-0.53155,-0.63299,-0.56706,-0.34158,0.018528,0.45077,0.86526,1.1874,1.3889,1.4582,1.368,1.0764,0.57689,-0.016439,-0.47835,-0.58167,-0.31935,0.13281,0.58851,0.94002,1.1322,1.1499,1.0048,0.73438,0.39571,0.031217,-0.33144,-0.66858,-0.93211,-1.0638,-1.0402,-0.89687,-0.72988,-0.65614,-0.71604,-0.85434,-1.0046,-1.135,-1.238,-1.314,-1.365,-1.3912,-1.3898,-1.3535,-1.2692,-1.1165,-0.86549,-0.48025,0.068778,0.78203,1.6127,2.4765,3.2793,3.945,4.4093,4.6183,4.5417,4.1943,3.639,2.9641,2.2601,1.6013,1.0482,0.63845,0.38429
-0.79506,-1.0175,-0.77795,-0.54358,-0.64502,-1.0447,-1.4159,-1.424,-0.97516,-0.28358,0.30715,0.57892,0.49375,0.15401,-0.238,-0.52304,-0.65564,-0.62089,-0.40175,-0.023766,0.42874,0.86032,1.2056,1.4259,1.4998,1.3941,1.0811,0.56951,-0.032699,-0.49542,-0.5875,-0.29623,0.18392,0.65313,0.99707,1.1656,1.145,0.94599,0.6094,0.1986,-0.22571,-0.62195,-0.95734,-1.1878,-1.2756,-1.2327,-1.1261,-1.0482,-1.0549,-1.1237,-1.2058,-1.2775,-1.3361,-1.3829,-1.4177,-1.4388,-1.4432,-1.4252,-1.3755,-1.2793,-1.1139,-0.84655,-0.43756,0.14668,0.90858,1.7987,2.7257,3.5871,4.3,4.7953,5.0158,4.9296,4.5519,3.9477,3.2107,2.4397,1.7192,1.1198,0.68499,0.42659
-0.70445,-0.91994,-0.73476,-0.56442,-0.69738,-1.1052,-1.5212,-1.5781,-1.1619,-0.46175,0.18004,0.51107,0.47008,0.16575,-0.22806,-0.5496,-0.70257,-0.66656,-0.44636,-0.065729,0.40054,0.84827,1.2019,1.4286,1.5075,1.4086,1.1032,0.60678,0.022693,-0.42075,-0.5078,-0.22323,0.24515,0.70003,1.0224,1.1629,1.1056,0.86237,0.48104,0.029705,-0.42136,-0.82837,-1.1584,-1.3711,-1.4394,-1.4008,-1.3454,-1.3664,-1.4641,-1.5458,-1.5677,-1.5557,-1.5391,-1.5278,-1.52,-1.5102,-1.4915,-1.4556,-1.391,-1.2812,-1.1019,-0.81884,-0.39058,0.21768,1.0082,1.9297,2.8879,3.7775,4.5124,5.0216,5.2454,5.1507,4.7522,4.1169,3.3425,2.5347,1.7844,1.1679,0.73096,0.48298
-0.6272,-0.84421,-0.69692,-0.55637,-0.71969,-1.1532,-1.5745,-1.6823,-1.2939,-0.59608,0.080573,0.45635,0.44828,0.16105,-0.23797,-0.58069,-0.74968,-0.7101,-0.47583,-0.085091,0.38645,0.83685,1.1883,1.4128,1.4948,1.41,1.1275,0.65778,0.10985,-0.30518,-0.38444,-0.12481,0.30785,0.72884,1.0259,1.1412,1.0579,0.78971,0.38707,-0.073893,-0.52231,-0.91975,-1.2402,-1.4496,-1.526,-1.5075,-1.4992,-1.5938,-1.7555,-1.8445,-1.8206,-1.7476,-1.6775,-1.6252,-1.5877,-1.5561,-1.5209,-1.4717,-1.3959,-1.2759,-1.0864,-0.79314,-0.35523,0.26102,1.0569,1.9814,2.9409,3.8321,4.5691,5.0794,5.3016,5.2006,4.7911,4.1418,3.3539,2.5355,1.7835,1.1761,0.75703,0.53037
-0.52762,-0.72162,-0.61245,-0.54142,-0.73085,-1.1748,-1.6392,-1.7878,-1.4516,-0.75222,-0.046044,0.37829,0.4206,0.14264,-0.26517,-0.61988,-0.80487,-0.76163,-0.49769,-0.082535,0.38825,0.82512,1.165,1.3821,1.4658,1.3996,1.158,0.74963,0.27333,-0.088002,-0.16622,0.043418,0.40505,0.76311,1.0122,1.09,0.97468,0.68316,0.27135,-0.17347,-0.58808,-0.94941,-1.2556,-1.4805,-1.5939,-1.6278,-1.6884,-1.867,-2.0928,-2.1794,-2.097,-1.9531,-1.8236,-1.7265,-1.6561,-1.5999,-1.5456,-1.4807,-1.391,-1.2582,-1.0569,-0.75386,-0.31135,0.30037,1.0804,1.9798,2.9119,3.7791,4.4991,4.9987,5.2136,5.106,4.6894,4.0338,3.2445,2.4347,1.7065,1.1366,0.76241,0.57859
-0.41478,-0.58777,-0.51645,-0.48781,-0.71348,-1.175,-1.6487,-1.8493,-1.5693,-0.8884,-0.15893,0.30576,0.37984,0.12357,-0.29602,-0.67422,-0.85728,-0.78978,-0.49784,-0.064417,0.40382,0.82215,1.1436,1.3489,1.4293,1.3774,1.1825,0.85498,0.46961,0.1706,0.087778,0.23726,0.5181,0.79978,0.98477,1.0143,0.86686,0.56368,0.16638,-0.23579,-0.59217,-0.90443,-1.194,-1.4422,-1.6102,-1.7116,-1.8394,-2.075,-2.3274,-2.3949,-2.266,-2.0755,-1.9087,-1.7837,-1.6919,-1.6187,-1.5502,-1.4728,-1.3715,-1.2281,-1.018,-0.7112,-0.27484,0.31448,1.0525,1.8944,2.7646,3.5776,4.2577,4.7328,4.9356,4.8238,4.408,3.7587,2.9855,2.2079,1.53,1.0243,0.71803,0.59515
-0.33788,-0.48527,-0.42897,-0.43537,-0.68345,-1.1464,-1.6325,-1.8667,-1.6231,-0.97378,-0.23184,0.25478,0.34894,0.10898,-0.31344,-0.70419,-0.88291,-0.79124,-0.47526,-0.031533,0.43257,0.83544,1.137,1.3225,1.3973,1.3554,1.1962,0.93317,0.62314,0.3736,0.28821,0.39059,0.60545,0.82307,0.95237,0.94225,0.77371,0.46785,0.095205,-0.26482,-0.5692,-0.84304,-1.1194,-1.3841,-1.593,-1.7447,-1.9119,-2.1644,-2.4089,-2.4553,-2.3073,-2.1035,-1.9271,-1.7943,-1.6951,-1.615,-1.5397,-1.4557,-1.3479,-1.1982,-0.98428,-0.67875,-0.25406,0.30715,0.99729,1.7754,2.5763,3.3284,3.9642,4.4134,4.605,4.4916,4.0803,3.4424,2.6917,1.9506,1.3276,0.88901,0.65071,0.58529
-0.22677,-0.33736,-0.30263,-0.34917,-0.61639,-1.0865,-1.58,-1.8434,-1.6653,-1.0531,-0.3193,0.19547,0.32172,0.089496,-0.32235,-0.70496,-0.88131,-0.76942,-0.42362,0.03053,0.48251,0.85981,1.1279,1.2852,1.3455,1.3175,1.2093,1.0297,0.81625,0.63076,0.54803,0.59325,0.72075,0.84855,0.90219,0.83494,0.63575,0.33255,-0.0050056,-0.30396,-0.53979,-0.75725,-1.0047,-1.2777,-1.529,-1.7326,-1.9295,-2.1683,-2.3712,-2.3921,-2.2479,-2.0587,-1.8941,-1.7676,-1.6701,-1.5884,-1.5094,-1.4202,-1.3067,-1.152,-0.93664,-0.6382,-0.23724,0.27402,0.88194,1.5499,2.2299,2.8728,3.4288,3.8333,4.0098,3.9007,3.505,2.8929,2.1841,1.5086,0.97639,0.64215,0.50543,0.52676
-0.15525,-0.23216,-0.20157,-0.27196,-0.55788,-1.025,-1.5209,-1.8113,-1.676,-1.0971,-0.37826,0.15179,0.30087,0.086246,-0.31594,-0.68833,-0.85183,-0.72783,-0.37284,0.085105,0.52909,0.88556,1.1253,1.256,1.2998,1.2803,1.2067,1.0879,0.93832,0.79995,0.72289,0.73126,0.79716,0.86085,0.85939,0.75295,0.53223,0.23254,-0.079709,-0.33436,-0.5227,-0.69803,-0.91841,-1.1864,-1.4536,-1.6769,-1.8738,-2.0789,-2.2379,-2.2502,-2.1312,-1.9739,-1.8337,-1.7226,-1.6334,-1.5553,-1.477,-1.3867,-1.2712,-1.1152,-0.90145,-0.61203,-0.23407,0.23225,0.76763,1.3377,1.9073,2.4489,2.9316,3.2981,3.4669,3.3682,2.9916,2.4052,1.7344,1.1155,0.65924,0.41234,0.36128,0.45697
-0.063346,-0.10281,-0.073792,-0.1598,-0.46416,-0.93898,-1.4361,-1.7538,-1.6731,-1.1527,-0.43651,0.09861,0.27233,0.10437,-0.27169,-0.63058,-0.76901,-0.63001,-0.28009,0.16559,0.59229,0.92112,1.1225,1.2093,1.2228,1.2052,1.1728,1.1292,1.0648,0.98994,0.92736,0.89317,0.88309,0.8663,0.79868,0.64798,0.40689,0.1128,-0.16512,-0.3678,-0.50015,-0.62577,-0.80889,-1.057,-1.3209,-1.543,-1.7118,-1.8528,-1.9559,-1.9747,-1.9117,-1.8157,-1.7218,-1.6406,-1.5691,-1.5006,-1.4267,-1.3377,-1.2222,-1.0672,-0.85907,-0.5857,-0.24313,0.15746,0.5878,1.0139,1.4174,1.8028,2.1738,2.49,2.6609,2.5933,2.257,1.7142,1.0973,0.55578,0.20338,0.074594,0.1387,0.33482
0.0094726,0.021039,0.058075,-0.055407,-0.37027,-0.85213,-1.3609,-1.7047,-1.6736,-1.1994,-0.5071,0.046324,0.25861,0.13091,-0.1947,-0.51725,-0.64854,-0.51372,-0.17604,0.24103,0.63214,0.92825,1.0956,1.1446,1.1249,1.0965,1.0979,1.1209,1.1416,1.1319,1.0872,1.0204,0.94589,0.86034,0.73979,0.55683,0.30633,0.022427,-0.22535,-0.38699,-0.4736,-0.55424,-0.69601,-0.91019,-1.1485,-1.345,-1.4696,-1.5477,-1.6131,-1.6582,-1.6634,-1.6367,-1.5948,-1.548,-1.4978,-1.4417,-1.3746,-1.2889,-1.1757,-1.0243,-0.82454,-0.57032,-0.26605,0.066679,0.39014,0.66829,0.89662,1.1155,1.3732,1.654,1.8537,1.8437,1.5638,1.0664,0.49328,0.014395,-0.24872,-0.26709,-0.089557,0.20666
0.054522,0.092697,0.13659,0.025482,-0.30609,-0.79984,-1.3188,-1.6876,-1.6856,-1.2324,-0.56293,0.0078943,0.25513,0.16159,-0.12058,-0.40665,-0.53406,-0.41762,-0.10388,0.2878,0.65111,0.91734,1.0554,1.0752,1.0338,0.99564,1.0113,1.0788,1.1558,1.1937,1.165,1.085,0.97696,0.85256,0.70104,0.50093,0.24935,-0.021422,-0.2493,-0.38585,-0.44409,-0.49354,-0.60258,-0.78524,-0.99532,-1.1645,-1.256,-1.2989,-1.3535,-1.4264,-1.4831,-1.5063,-1.5022,-1.4802,-1.446,-1.3996,-1.338,-1.2555,-1.1446,-0.9969,-0.80445,-0.56523,-0.28936,-0.0054778,0.24202,0.41475,0.51784,0.6179,0.80246,1.0773,1.322,1.3721,1.1408,0.67274,0.11873,-0.33275,-0.54793,-0.49784,-0.24502,0.11846
0.088298,0.17614,0.23914,0.11845,-0.2319,-0.74904,-1.2975,-1.6938,-1.726,-1.3048,-0.62979,-0.045737,0.24558,0.22508,0.0014089,-0.24654,-0.36008,-0.27682,-0.023435,0.31925,0.6478,0.87631,0.96935,0.94581,0.87142,0.82271,0.85664,0.97674,1.1173,1.2075,1.2074,1.1272,0.99838,0.84019,0.65653,0.4419,0.1971,-0.048641,-0.2481,-0.35539,-0.38245,-0.39489,-0.4608,-0.5979,-0.76563,-0.89682,-0.95541,-0.97669,-1.0393,-1.1575,-1.2767,-1.3567,-1.3949,-1.4014,-1.3854,-1.3501,-1.2952,-1.2168,-1.1094,-0.96685,-0.78437,-0.56448,-0.32351,-0.097544,0.061925,0.11402,0.074799,0.046382,0.16823,0.47036,0.79965,0.9383,0.76707,0.32435,-0.22618,-0.66982,-0.85248,-0.74131,-0.41464,0.017475
0.10334,0.23137,0.31389,0.19483,-0.17502,-0.72515,-1.3202,-1.7474,-1.7927,-1.388,-0.70536,-0.092992,0.24627,0.2941,0.13388,-0.078098,-0.19728,-0.15635,0.032884,0.30934,0.58833,0.78531,0.84578,0.7824,0.66275,0.59761,0.65507,0.82283,1.0174,1.1509,1.1855,1.1226,0.98957,0.8125,0.60878,0.38989,0.16318,-0.049923,-0.21395,-0.29347,-0.2953,-0.27754,-0.30233,-0.39242,-0.51733,-0.6198,-0.66865,-0.69905,-0.79128,-0.95505,-1.1233,-1.245,-1.3137,-1.3409,-1.3382,-1.3111,-1.261,-1.1856,-1.0808,-0.94254,-0.76852,-0.56483,-0.35226,-0.17183,-0.078968,-0.11436,-0.25085,-0.35601,-0.24961,0.10682,0.52049,0.73018,0.59844,0.16448,-0.3965,-0.85278,-1.0276,-0.8877,-0.5231,-0.054969
0.087464,0.25003,0.35451,0.24207,-0.14546,-0.73468,-1.3586,-1.8208,-1.8759,-1.4539,-0.76978,-0.12182,0.2599,0.34583,0.23735,0.0529,-0.085095,-0.085575,0.057232,0.28267,0.51699,0.68748,0.7313,0.64111,0.49294,0.40974,0.47365,0.6699,0.90117,1.0703,1.1319,1.0866,0.95603,0.77418,0.56643,0.35105,0.14225,-0.045572,-0.17912,-0.2355,-0.21942,-0.18141,-0.17882,-0.2365,-0.33328,-0.42158,-0.47467,-0.52739,-0.65197,-0.84961,-1.0464,-1.1889,-1.2719,-1.3088,-1.3121,-1.2886,-1.2403,-1.166,-1.0624,-0.92599,-0.75671,-0.56221,-0.36528,-0.20867,-0.14849,-0.2234,-0.39841,-0.52568,-0.41018,-0.017536,0.43738,0.67667,0.55871,0.12488,-0.44425,-0.90823,-1.0863,-0.94125,-0.56612,-0.085979
0.053525,0.2609,0.39402,0.28403,-0.12747,-0.7657,-1.4603,-1.9504,-2.0052,-1.5573,-0.83777,-0.1623,0.27288,0.4233,0.36499,0.20308,0.046876,-0.017257,0.044349,0.2039,0.39145,0.52472,0.54182,0.43169,0.26638,0.15936,0.20923,0.42106,0.69553,0.91622,1.0166,0.99323,0.87655,0.70315,0.50396,0.30075,0.11236,-0.043105,-0.143,-0.16946,-0.12791,-0.058762,-0.016073,-0.032592,-0.099751,-0.1822,-0.25712,-0.35369,-0.52832,-0.76578,-0.98812,-1.1458,-1.2381,-1.2809,-1.2877,-1.2659,-1.2181,-1.1433,-1.0392,-0.90341,-0.73714,-0.54964,-0.36499,-0.22611,-0.18715,-0.28194,-0.46796,-0.5906,-0.45757,-0.047909,0.41444,0.65409,0.5355,0.10406,-0.45897,-0.91804,-1.0918,-0.94893,-0.58047,-0.10539
0.0017812,0.24307,0.40249,0.30298,-0.12183,-0.81103,-1.5512,-2.0699,-2.1114,-1.6426,-0.88031,-0.18114,0.28386,0.48252,0.4491,0.29497,0.12629,0.011895,0.00071676,0.1058,0.26686,0.3822,0.38352,0.26952,0.098856,-0.021153,0.01654,0.22667,0.52297,0.77474,0.90193,0.89669,0.79398,0.63225,0.44421,0.25472,0.083177,-0.049694,-0.12698,-0.13315,-0.071099,0.022112,0.09486,0.10704,0.057166,-0.025918,-0.12303,-0.25821,-0.47175,-0.73653,-0.97098,-1.1323,-1.2252,-1.2682,-1.2746,-1.2521,-1.2031,-1.1269,-1.0212,-0.88406,-0.71767,-0.53171,-0.35025,-0.21493,-0.17698,-0.2662,-0.43883,-0.54533,-0.40974,-0.019407,0.4134,0.62969,0.50215,0.077153,-0.468,-0.90598,-1.0694,-0.92786,-0.56737,-0.10014
-0.086851,0.20041,0.39455,0.31677,-0.13596,-0.87903,-1.6916,-2.2441,-2.2543,-1.7266,-0.94368,-0.19991,0.30747,0.53879,0.54695,0.40626,0.20025,0.014522,-0.079273,-0.050577,0.066003,0.17866,0.19396,0.082626,-0.096794,-0.22957,-0.20606,-0.0030419,0.29628,0.56652,0.72209,0.74733,0.66508,0.51746,0.34276,0.17115,0.025093,-0.080042,-0.12717,-0.10628,-0.016446,0.10993,0.21892,0.26312,0.23202,0.1463,0.021793,-0.1609,-0.42402,-0.72049,-0.96592,-1.1271,-1.2167,-1.2563,-1.2599,-1.2346,-1.1826,-1.1031,-0.99391,-0.85343,-0.6841,-0.49583,-0.31192,-0.17152,-0.12139,-0.18684,-0.32663,-0.40976,-0.29031,0.038224,0.39519,0.55665,0.41104,0.0043849,-0.49788,-0.8888,-1.0246,-0.88014,-0.53064,-0.075622
-0.20286,0.13269,0.37197,0.31048,-0.15587,-0.95672,-1.8367,-2.4097,-2.3804,-1.794,-0.97778,-0.21211,0.32665,0.58792,0.62278,0.48256,0.23347,-0.023445,-0.19625,-0.24044,-0.16444,-0.039635,0.019245,-0.056522,-0.22391,-0.36016,-0.3513,-0.171,0.10221,0.3631,0.53134,0.58134,0.52148,0.38995,0.22697,0.07085,-0.054615,-0.13612,-0.15975,-0.11309,0.0067821,0.16856,0.3103,0.37993,0.3646,0.28045,0.13956,-0.078227,-0.38282,-0.70815,-0.9634,-1.1231,-1.208,-1.2429,-1.2424,-1.2135,-1.1579,-1.0745,-0.9612,-0.81633,-0.64246,-0.44915,-0.25839,-0.10658,-0.036396,-0.070642,-0.17413,-0.23972,-0.15207,0.093578,0.35408,0.44651,0.27903,-0.10269,-0.54914,-0.88056,-0.97883,-0.8261,-0.48588,-0.043991
-0.30625,0.062683,0.33804,0.29973,-0.17382,-1.011,-1.9329,-2.5134,-2.4508,-1.8368,-0.98357,-0.21392,0.33282,0.62201,0.66204,0.50821,0.23635,-0.070727,-0.31439,-0.40721,-0.33836,-0.1948,-0.10078,-0.13074,-0.26214,-0.38778,-0.39465,-0.24689,-0.0013312,0.23892,0.40272,0.45558,0.40697,0.28612,0.13298,-0.013999,-0.12872,-0.19555,-0.2048,-0.13821,0.0045146,0.19264,0.35655,0.44178,0.43719,0.3588,0.21608,-0.014806,-0.34282,-0.68694,-0.95116,-1.1123,-1.1954,-1.2272,-1.2243,-1.193,-1.135,-1.0488,-0.9324,-0.78446,-0.60695,-0.40946,-0.21326,-0.052938,0.031406,0.018341,-0.061995,-0.11931,-0.056823,0.12901,0.31918,0.3597,0.17463,-0.18963,-0.59553,-0.88252,-0.95495,-0.79501,-0.45842,-0.023102
-0.4585,-0.038368,0.28795,0.276,-0.1952,-1.0653,-2.0243,-2.6027,-2.494,-1.8355,-0.98242,-0.20797,0.34837,0.64448,0.68579,0.52188,0.21196,-0.1676,-0.4964,-0.64187,-0.56814,-0.3786,-0.21793,-0.17157,-0.23255,-0.32473,-0.34757,-0.24573,-0.05295,0.14185,0.26819,0.30063,0.24712,0.13258,-0.0084938,-0.14131,-0.23886,-0.28625,-0.27374,-0.18213,-0.0098371,0.20424,0.3892,0.49119,0.50089,0.4392,0.30905,0.077425,-0.26758,-0.63439,-0.91376,-1.0807,-1.1643,-1.1947,-1.19,-1.1568,-1.0965,-1.0078,-0.88849,-0.73749,-0.55671,-0.35565,-0.15478,0.013086,0.1104,0.11678,0.057212,0.0055388,0.038821,0.15852,0.27022,0.2523,0.048175,-0.29517,-0.65571,-0.89482,-0.93933,-0.77346,-0.44311,-0.015664
-0.58533,-0.12888,0.23848,0.25922,-0.20608,-1.0873,-2.0562,-2.6291,-2.4897,-1.8096,-0.97056,-0.19616,0.3626,0.64892,0.6912,0.51617,0.16604,-0.26518,-0.64116,-0.82144,-0.745,-0.50233,-0.26594,-0.14855,-0.15753,-0.21994,-0.24137,-0.16691,-0.021494,0.12283,0.20554,0.20603,0.13328,0.010166,-0.12896,-0.25138,-0.33091,-0.35927,-0.32343,-0.21034,-0.017649,0.20928,0.4004,0.50712,0.52569,0.47858,0.3673,0.14867,-0.19705,-0.57603,-0.86795,-1.0421,-1.1286,-1.1602,-1.1554,-1.1219,-1.0611,-0.97177,-0.85173,-0.69992,-0.51875,-0.31764,-0.11684,0.051549,0.15112,0.16224,0.10798,0.055039,0.071228,0.15621,0.2265,0.1769,-0.03797,-0.37016,-0.70613,-0.92241,-0.95174,-0.78054,-0.45105,-0.026321
-0.76076,-0.2522,0.16981,0.23363,-0.20747,-1.0842,-2.048,-2.5788,-2.4141,-1.7517,-0.92302,-0.18144,0.35615,0.64321,0.67526,0.46816,0.073036,-0.41338,-0.84492,-1.0559,-0.95373,-0.62429,-0.27826,-0.068459,-0.010315,-0.026503,-0.029408,0.019021,0.10159,0.16614,0.17666,0.11388,-0.0073425,-0.15987,-0.30681,-0.41271,-0.46232,-0.45367,-0.38127,-0.23506,-0.019686,0.21747,0.40791,0.51089,0.53295,0.50196,0.41848,0.22879,-0.10167,-0.48346,-0.78649,-0.97078,-1.0639,-1.0994,-1.0971,-1.0651,-1.0055,-0.9172,-0.79836,-0.64822,-0.46987,-0.27316,-0.078705,0.081405,0.17133,0.17221,0.10722,0.040216,0.034537,0.089598,0.12938,0.059415,-0.15942,-0.48074,-0.7984,-0.99543,-1.0137,-0.8381,-0.50647,-0.077373
-0.94108,-0.38082,0.099038,0.2121,-0.19473,-1.039,-1.9675,-2.4588,-2.2805,-1.6448,-0.86448,-0.15866,0.35727,0.63151,0.63668,0.40053,-0.030979,-0.57202,-1.0545,-1.2611,-1.0912,-0.67265,-0.24032,0.050881,0.18332,0.22358,0.24228,0.2699,0.29372,0.27996,0.20206,0.054916,-0.13798,-0.33474,-0.49403,-0.58198,-0.59488,-0.53771,-0.41481,-0.22547,0.011529,0.24643,0.41799,0.49807,0.50588,0.47918,0.42011,0.26785,-0.028155,-0.39281,-0.69431,-0.88375,-0.98298,-1.0239,-1.0258,-0.99755,-0.94142,-0.85666,-0.7418,-0.59664,-0.42505,-0.23792,-0.057165,0.083759,0.14806,0.11705,0.016248,-0.086277,-0.12189,-0.087333,-0.057006,-0.12588,-0.33577,-0.64478,-0.9508,-1.1377,-1.1452,-0.95639,-0.60893,-0.16256
-1.074,-0.47667,0.045645,0.2016,-0.17177,-0.98466,-1.8618,-2.3262,-2.148,-1.5477,-0.8229,-0.14239,0.3592,0.6098,0.60071,0.34162,-0.12645,-0.70279,-1.2001,-1.3803,-1.144,-0.65698,-0.17165,0.17056,0.35128,0.42805,0.46206,0.48043,0.4692,0.39982,0.24774,0.027756,-0.22688,-0.46165,-0.6291,-0.7043,-0.68586,-0.5844,-0.4147,-0.18787,0.064816,0.28886,0.43311,0.48065,0.46098,0.42311,0.37436,0.25347,-0.003241,-0.33784,-0.62592,-0.81344,-0.91543,-0.96026,-0.96614,-0.94163,-0.88919,-0.80841,-0.69818,-0.55877,-0.39482,-0.21828,-0.052476,0.067362,0.10257,0.033443,-0.11329,-0.26217,-0.33427,-0.31783,-0.28649,-0.34148,-0.53312,-0.82599,-1.1199,-1.2992,-1.2946,-1.0867,-0.71598,-0.24738
-1.2386,-0.59603,-0.014798,0.18627,-0.12577,-0.87784,-1.6941,-2.1012,-1.9375,-1.4039,-0.7385,-0.11228,0.35318,0.58524,0.55158,0.25282,-0.2609,-0.86161,-1.339,-1.4548,-1.1292,-0.55585,-0.0086721,0.37046,0.5784,0.6802,0.73387,0.75229,0.7112,0.57107,0.32912,0.010979,-0.32223,-0.60921,-0.79095,-0.84662,-0.77581,-0.60586,-0.36365,-0.087061,0.18013,0.37798,0.46861,0.45112,0.37109,0.29398,0.24413,0.16574,-0.021983,-0.29477,-0.54704,-0.72126,-0.82197,-0.8705,-0.88162,-0.86292,-0.81673,-0.74285,-0.64065,-0.51117,-0.36013,-0.20107,-0.059752,0.025119,0.010412,-0.12781,-0.36277,-0.60825,-0.76143,-0.78567,-0.74754,-0.76233,-0.90265,-1.1509,-1.4138,-1.5717,-1.5452,-1.3092,-0.90434,-0.40027
-1.3836,-0.70257,-0.075846,0.18717,-0.076551,-0.75021,-1.4851,-1.8475,-1.7156,-1.2506,-0.65975,-0.089442,0.35331,0.56871,0.5009,0.16435,-0.37401,-0.97788,-1.4108,-1.4284,-0.99909,-0.35544,0.22362,0.60386,0.80643,0.91124,0.9752,0.99745,0.93329,0.74109,0.42451,0.021742,-0.38767,-0.72477,-0.91829,-0.94111,-0.80608,-0.5616,-0.2537,0.061381,0.33092,0.49525,0.52212,0.422,0.25683,0.1123,0.041818,0.0044297,-0.099581,-0.28882,-0.4875,-0.63755,-0.7315,-0.78119,-0.7969,-0.78423,-0.74495,-0.67899,-0.58617,-0.46833,-0.33215,-0.19297,-0.079317,-0.034403,-0.10818,-0.33313,-0.68798,-1.0772,-1.3612,-1.4542,-1.4017,-1.3428,-1.3917,-1.5609,-1.7686,-1.8908,-1.835,-1.5678,-1.1276,-0.58627
-1.4778,-0.77492,-0.11257,0.18409,-0.030073,-0.65141,-1.3235,-1.6592,-1.539,-1.1276,-0.59856,-0.064615,0.35675,0.55334,0.46519,0.10938,-0.4436,-1.0369,-1.4147,-1.3391,-0.82682,-0.15023,0.42325,0.78802,0.97774,1.0742,1.1343,1.1506,1.072,0.85914,0.50377,0.05438,-0.40734,-0.77836,-0.97443,-0.96458,-0.77872,-0.48269,-0.13871,0.19334,0.45508,0.59285,0.57182,0.40644,0.16958,-0.037513,-0.13483,-0.1463,-0.18516,-0.3053,-0.45707,-0.58393,-0.66961,-0.71829,-0.73662,-0.72823,-0.69423,-0.63449,-0.5491,-0.4405,-0.3159,-0.19201,-0.099505,-0.085348,-0.20585,-0.50297,-0.9654,-1.4947,-1.9178,-2.0883,-2.0181,-1.873,-1.8176,-1.899,-2.0468,-2.1347,-2.0573,-1.7701,-1.3059,-0.73619
-1.5677,-0.84396,-0.15358,0.18002,0.024097,-0.52115,-1.1147,-1.4106,-1.3164,-0.97924,-0.52405,-0.035492,0.35747,0.53615,0.44075,0.068961,-0.49197,-1.0488,-1.3264,-1.1203,-0.51793,0.17428,0.71442,1.0354,1.1871,1.2574,1.299,1.2976,1.2082,0.98315,0.60959,0.12862,-0.37206,-0.76992,-0.96091,-0.91105,-0.6716,-0.32679,0.039796,0.37302,0.61521,0.71704,0.6409,0.40092,0.075437,-0.21286,-0.35414,-0.34507,-0.30829,-0.34291,-0.43307,-0.52699,-0.59916,-0.64471,-0.66525,-0.66176,-0.63436,-0.58267,-0.50701,-0.41037,-0.30064,-0.196,-0.12973,-0.15375,-0.33371,-0.72746,-1.3448,-2.0966,-2.7654,-3.0852,-2.978,-2.6606,-2.4073,-2.3317,-2.3821,-2.4218,-2.3259,-2.0278,-1.5436,-0.93999
-1.6141,-0.8901,-0.18045,0.17837,0.05663,-0.4346,-0.97208,-1.2376,-1.1675,-0.87587,-0.46921,-0.021456,0.35659,0.53258,0.42995,0.056678,-0.48969,-1.0038,-1.2013,-0.90868,-0.25963,0.4344,0.94528,1.2184,1.3238,1.3618,1.3817,1.371,1.2778,1.052,0.68019,0.19989,-0.29999,-0.69331,-0.87395,-0.80419,-0.54541,-0.18941,0.1755,0.4959,0.72013,0.79621,0.68771,0.40813,0.034607,-0.29884,-0.46991,-0.45846,-0.38469,-0.37192,-0.42454,-0.49615,-0.55775,-0.60022,-0.6212,-0.62041,-0.59727,-0.55116,-0.48237,-0.39375,-0.29421,-0.20222,-0.15238,-0.19974,-0.41676,-0.87436,-1.6029,-2.5318,-3.4219,-3.8901,-3.7426,-3.2519,-2.8161,-2.6086,-2.5853,-2.5983,-2.4985,-2.1981,-1.7001,-1.0708
-1.6361,-0.92324,-0.21454,0.16394,0.080495,-0.34165,-0.81192,-1.0441,-0.98947,-0.75412,-0.41228,-0.0093837,0.35046,0.52824,0.43165,0.075353,-0.43313,-0.87096,-0.9613,-0.58265,0.095935,0.77409,1.2397,1.4469,1.4795,1.454,1.4385,1.4233,1.3399,1.1292,0.77351,0.31727,-0.15165,-0.51168,-0.66787,-0.59176,-0.34238,-0.01107,0.32689,0.6176,0.8144,0.86476,0.7324,0.43066,0.034612,-0.32429,-0.52212,-0.52638,-0.44202,-0.39924,-0.42029,-0.46973,-0.51934,-0.55727,-0.5781,-0.58004,-0.56158,-0.52167,-0.46045,-0.38084,-0.29183,-0.21221,-0.17754,-0.24558,-0.49554,-1.0129,-1.8546,-2.9858,-4.165,-4.856,-4.6539,-3.9154,-3.2399,-2.8752,-2.775,-2.7662,-2.6733,-2.3763,-1.8628,-1.2032
-1.613,-0.93533,-0.24117,0.13268,0.08001,-0.29297,-0.69455,-0.89316,-0.84972,-0.66472,-0.37918,-0.010289,0.33879,0.52384,0.45932,0.13953,-0.31284,-0.6662,-0.66907,-0.23911,0.43862,1.0764,1.4862,1.6324,1.5967,1.5028,1.4442,1.4216,1.361,1.1878,0.87517,0.46505,0.048176,-0.26612,-0.39769,-0.33526,-0.13089,0.13828,0.41703,0.66016,0.82666,0.86448,0.73826,0.4578,0.09109,-0.24689,-0.44954,-0.485,-0.43378,-0.4032,-0.41969,-0.45991,-0.5022,-0.53619,-0.556,-0.55915,-0.54361,-0.50803,-0.45227,-0.37883,-0.29639,-0.223,-0.19364,-0.26625,-0.52244,-1.0549,-1.9362,-3.1588,-4.5028,-5.36,-5.1561,-4.2768,-3.4632,-3.0118,-2.8737,-2.8605,-2.7778,-2.484,-1.958,-1.2775
-1.5722,-0.93458,-0.26639,0.099511,0.048476,-0.28135,-0.64339,-0.81148,-0.77292,-0.61125,-0.3573,-0.020305,0.32003,0.5202,0.47739,0.20106,-0.1937,-0.48686,-0.44148,0.0066923,0.66778,1.2688,1.636,1.7393,1.6583,1.5217,1.4302,1.3956,1.3521,1.2173,0.95737,0.59753,0.22706,-0.058146,-0.18236,-0.14609,0.0056834,0.21165,0.42891,0.62792,0.7722,0.81106,0.70802,0.46902,0.15417,-0.13987,-0.32873,-0.39099,-0.38667,-0.39118,-0.42183,-0.46375,-0.50371,-0.53543,-0.55402,-0.55716,-0.54273,-0.50911,-0.45586,-0.38492,-0.30429,-0.23084,-0.19803,-0.26206,-0.50292,-1.0121,-1.8619,-3.0491,-4.3695,-5.2484,-5.1087,-4.2771,-3.4803,-3.0319,-2.8948,-2.8901,-2.8103,-2.5135,-1.9799,-1.2924
-1.4801,-0.90918,-0.29937,0.024966,-0.0176,-0.3195,-0.61895,-0.74641,-0.7063,-0.57144,-0.35192,-0.040256,0.29119,0.51227,0.51953,0.31196,0.00046727,-0.21114,-0.11874,0.31993,0.93519,1.484,1.7999,1.8516,1.7218,1.541,1.4098,1.3584,1.3327,1.2536,1.0672,0.78428,0.46997,0.21352,0.078509,0.067453,0.1373,0.24095,0.36157,0.49181,0.61088,0.66659,0.61816,0.46254,0.244,0.03342,-0.11861,-0.21239,-0.28571,-0.36022,-0.42822,-0.48277,-0.52435,-0.55428,-0.57121,-0.57352,-0.55912,-0.52618,-0.47375,-0.40302,-0.32029,-0.24036,-0.19337,-0.23081,-0.42602,-0.86108,-1.5952,-2.6132,-3.7314,-4.5064,-4.5062,-3.9199,-3.3018,-2.9492,-2.8554,-2.8643,-2.7877,-2.4909,-1.9587,-1.2747
-1.3554,-0.87177,-0.342,-0.071795,-0.1358,-0.40537,-0.65057,-0.73601,-0.67927,-0.55355,-0.36226,-0.073715,0.2551,0.49835,0.56227,0.43062,0.207,0.072773,0.19174,0.59588,1.1502,1.6433,1.9177,1.9388,1.7808,1.568,1.4084,1.3446,1.3369,1.3032,1.1775,0.95992,0.69416,0.45686,0.29652,0.22132,0.19286,0.17897,0.1886,0.24458,0.34861,0.44719,0.48416,0.43663,0.33031,0.21314,0.1078,-0.0084342,-0.16121,-0.3204,-0.44163,-0.51876,-0.56625,-0.59558,-0.61022,-0.61038,-0.5944,-0.56023,-0.50623,-0.43236,-0.34304,-0.25004,-0.17906,-0.17506,-0.30189,-0.62798,-1.1946,-1.9734,-2.8138,-3.4282,-3.5605,-3.2901,-2.9468,-2.7575,-2.7371,-2.7635,-2.6849,-2.3893,-1.8699,-1.2041
