-0.17625,-0.4679,-0.63694,-0.6701,-0.64732,-0.59178,-0.48103,-0.3023,-0.084195,0.1203,0.26507,0.33176,0.33608,0.32383,0.34809,0.43191,0.54439,0.62712,0.63696,0.56311,0.41434,0.20698,-0.03208,-0.2603,-0.42632,-0.49386,-0.45027,-0.31256,-0.11118,0.11828,0.34232,0.53953,0.69404,0.79519,0.83398,0.81557,0.76315,0.72023,0.71994,0.77322,0.85776,0.93873,0.98558,0.98592,0.94701,0.88591,0.81375,0.73075,0.63507,0.5337,0.44999,0.41288,0.44096,0.53142,0.66787,0.82283,0.97234,1.098,1.186,1.2286,1.2254,1.1959,1.168,1.1662,1.1986,1.2554,1.3162,1.3726,1.4138,1.4426,1.4696,1.5054,1.5536,1.6082,1.657,1.6888,1.6931,1.665,1.607,1.5253
-0.12669,-0.41394,-0.56802,-0.59733,-0.59911,-0.5983,-0.54982,-0.41332,-0.2075,0.011483,0.19123,0.30829,0.37276,0.42094,0.49081,0.58828,0.68103,0.72552,0.69927,0.60534,0.4543,0.25513,0.024917,-0.19967,-0.37034,-0.44646,-0.41282,-0.28348,-0.090931,0.12815,0.34093,0.52786,0.67809,0.78365,0.83613,0.83835,0.80795,0.7807,0.78624,0.83199,0.89848,0.95377,0.97385,0.95242,0.90119,0.84247,0.78882,0.74074,0.69278,0.64527,0.61328,0.61595,0.66511,0.75869,0.87427,0.99003,1.0876,1.1557,1.1874,1.179,1.1413,1.0914,1.0552,1.0505,1.0783,1.1251,1.1788,1.2186,1.247,1.2696,1.2937,1.3254,1.3675,1.4189,1.4737,1.5195,1.5471,1.5477,1.5164,1.4533
-0.038468,-0.31511,-0.45384,-0.48498,-0.52432,-0.60057,-0.64132,-0.56785,-0.38048,-0.14151,0.085618,0.26689,0.4016,0.51615,0.63329,0.74448,0.81478,0.81454,0.74344,0.6216,0.46435,0.27459,0.058367,-0.15748,-0.32922,-0.41316,-0.39107,-0.27236,-0.091224,0.11235,0.30819,0.47827,0.61717,0.72085,0.78604,0.8104,0.80789,0.80095,0.81386,0.84787,0.88683,0.90523,0.88543,0.82954,0.76013,0.70525,0.68448,0.69306,0.71304,0.73557,0.76377,0.81169,0.88812,0.9844,1.0805,1.1513,1.1811,1.1673,1.1165,1.0417,0.95376,0.87536,0.82783,0.82187,0.85146,0.89853,0.94062,0.97476,0.99261,1.0002,1.01,1.0348,1.0808,1.1458,1.2198,1.2908,1.3424,1.3655,1.3569,1.319
0.041995,-0.22335,-0.35365,-0.39136,-0.46051,-0.59443,-0.70376,-0.67917,-0.50637,-0.25268,0.0073578,0.2298,0.40636,0.55694,0.6977,0.81488,0.87198,0.84488,0.74442,0.60181,0.43739,0.25163,0.043706,-0.16595,-0.33584,-0.42136,-0.40237,-0.28935,-0.11765,0.071957,0.25035,0.40382,0.53071,0.63159,0.70469,0.74592,0.76199,0.76859,0.78028,0.79986,0.81396,0.80353,0.75611,0.67766,0.59545,0.54695,0.55103,0.60058,0.67233,0.74578,0.82003,0.90269,0.99733,1.0951,1.1728,1.2069,1.1863,1.1154,1.0092,0.88365,0.76698,0.67818,0.63208,0.6299,0.65844,0.69797,0.73439,0.75431,0.76288,0.76866,0.78209,0.8122,0.86447,0.93876,1.0276,1.1152,1.189,1.2352,1.2462,1.2215
0.16413,-0.082141,-0.20588,-0.25732,-0.36665,-0.57317,-0.76934,-0.80789,-0.65387,-0.38251,-0.086176,0.17677,0.38993,0.5681,0.72392,0.8422,0.88576,0.83196,0.69919,0.53048,0.35398,0.16898,-0.031927,-0.23472,-0.39891,-0.48145,-0.46158,-0.35406,-0.19582,-0.026808,0.1253,0.25328,0.36107,0.4555,0.5355,0.59751,0.63763,0.66138,0.67441,0.6772,0.65924,0.60625,0.5131,0.39573,0.2937,0.25294,0.29608,0.40779,0.55077,0.69202,0.82006,0.93811,1.0497,1.1444,1.2037,1.2038,1.1329,0.99771,0.8212,0.63861,0.47685,0.36718,0.3221,0.3325,0.374,0.42014,0.45075,0.46639,0.4698,0.4735,0.49142,0.53345,0.60249,0.69451,0.79987,0.90766,0.99554,1.0557,1.0823,1.075
0.29704,0.073481,-0.047672,-0.11711,-0.26475,-0.53514,-0.80695,-0.9006,-0.76279,-0.47662,-0.15632,0.12683,0.35303,0.53482,0.68792,0.80054,0.83305,0.76004,0.60258,0.41056,0.21888,0.029929,-0.16554,-0.35911,-0.51458,-0.59222,-0.57156,-0.46929,-0.32353,-0.1737,-0.044933,0.058884,0.14674,0.22955,0.31118,0.38786,0.4512,0.4947,0.51553,0.50696,0.45931,0.36391,0.22349,0.065295,-0.057686,-0.092427,-0.012332,0.15783,0.36421,0.56707,0.74477,0.89588,1.021,1.113,1.1495,1.1118,0.99401,0.80937,0.58691,0.36022,0.17724,0.064298,0.028356,0.051216,0.10095,0.14883,0.18274,0.19474,0.20013,0.21356,0.24666,0.30584,0.39246,0.50205,0.62336,0.73972,0.83789,0.90328,0.93128,0.92485
0.39967,0.19486,0.073672,-0.010661,-0.18467,-0.49506,-0.81369,-0.94103,-0.81276,-0.51952,-0.19074,0.093973,0.31411,0.4838,0.62565,0.73008,0.75553,0.67319,0.50239,0.29479,0.09019,-0.10411,-0.29629,-0.48094,-0.62797,-0.7007,-0.68087,-0.5832,-0.44536,-0.30721,-0.19188,-0.10408,-0.031467,0.039982,0.12129,0.20805,0.28984,0.35139,0.37954,0.36418,0.29639,0.17394,0.0064921,-0.17269,-0.3072,-0.33624,-0.23667,-0.03691,0.20636,0.44135,0.64434,0.81105,0.94163,1.0277,1.0531,1.0007,0.86523,0.65996,0.4149,0.17246,-0.02515,-0.14522,-0.18035,-0.15103,-0.091888,-0.033562,0.0035355,0.026426,0.043116,0.06807,0.11395,0.18698,0.28536,0.40091,0.52179,0.63496,0.72629,0.78891,0.81917,0.81784
0.53453,0.35613,0.23469,0.1299,-0.075031,-0.42762,-0.7918,-0.95176,-0.83285,-0.53835,-0.21223,0.057442,0.24861,0.38674,0.50314,0.59207,0.61134,0.52534,0.34567,0.12201,-0.10027,-0.3056,-0.4972,-0.67073,-0.80418,-0.86705,-0.84537,-0.75246,-0.62381,-0.4989,-0.40107,-0.33313,-0.28187,-0.2241,-0.14255,-0.036831,0.074291,0.16344,0.20675,0.19005,0.10765,-0.037849,-0.229,-0.42759,-0.57253,-0.60358,-0.49545,-0.27667,-0.008748,0.25217,0.47637,0.65521,0.78717,0.86528,0.87691,0.80826,0.65806,0.44252,0.19316,-0.050557,-0.24464,-0.35712,-0.38258,-0.344,-0.27822,-0.21669,-0.17113,-0.14537,-0.12211,-0.082562,-0.014506,0.08242,0.19887,0.32144,0.43702,0.53604,0.61015,0.65412,0.6688,0.65868
0.62985,0.47247,0.35123,0.23157,0.00736,-0.3676,-0.75306,-0.92782,-0.81481,-0.52528,-0.21101,0.035209,0.19401,0.29864,0.38901,0.46437,0.48193,0.40001,0.22172,-0.0087719,-0.24443,-0.46189,-0.65679,-0.82382,-0.94494,-0.99695,-0.97071,-0.88024,-0.75993,-0.64533,-0.55895,-0.50232,-0.46155,-0.41048,-0.32805,-0.20997,-0.078021,0.032655,0.093587,0.085662,0.0046228,-0.1456,-0.34321,-0.54622,-0.694,-0.72895,-0.62596,-0.41286,-0.15034,0.11053,0.33557,0.51316,0.63969,0.71078,0.71196,0.63717,0.49025,0.28882,0.060851,-0.16159,-0.33625,-0.44063,-0.4686,-0.43758,-0.37799,-0.31723,-0.27385,-0.23896,-0.20003,-0.14247,-0.058793,0.047509,0.16492,0.2802,0.38273,0.46407,0.52039,0.55175,0.55845,0.54276
0.74297,0.61504,0.49469,0.35792,0.11376,-0.27766,-0.67593,-0.85755,-0.75275,-0.47835,-0.19355,0.0090885,0.11557,0.16726,0.21634,0.27328,0.2942,0.22727,0.061028,-0.17187,-0.42493,-0.66292,-0.86659,-1.0256,-1.1259,-1.1581,-1.1218,-1.0351,-0.92745,-0.82713,-0.75148,-0.70313,-0.66734,-0.62028,-0.53612,-0.40742,-0.25488,-0.11783,-0.03274,-0.020609,-0.085941,-0.21975,-0.39816,-0.58191,-0.7211,-0.7648,-0.69361,-0.52571,-0.30362,-0.076477,0.12699,0.29219,0.41142,0.47458,0.47543,0.40844,0.27947,0.10659,-0.083607,-0.25885,-0.39842,-0.47644,-0.48911,-0.45417,-0.40092,-0.35429,-0.31833,-0.29551,-0.26465,-0.20542,-0.11018,0.010818,0.13651,0.24672,0.32915,0.38334,0.40724,0.40668,0.38919,0.36169
0.83424,0.73553,0.61794,0.46876,0.21206,-0.18035,-0.57433,-0.75342,-0.6574,-0.41004,-0.16668,-0.015455,0.034352,0.031442,0.038672,0.077028,0.10426,0.058028,-0.089581,-0.31899,-0.58556,-0.84246,-1.0529,-1.1973,-1.2704,-1.2791,-1.2342,-1.1542,-1.0603,-0.97321,-0.90571,-0.86072,-0.82672,-0.78127,-0.6962,-0.56156,-0.39481,-0.23614,-0.12625,-0.087041,-0.12382,-0.22344,-0.36483,-0.51619,-0.63841,-0.69916,-0.67784,-0.5789,-0.42722,-0.25395,-0.084736,0.061822,0.17092,0.23044,0.23042,0.17187,0.069934,-0.052209,-0.1731,-0.28039,-0.35447,-0.39442,-0.40111,-0.38353,-0.35601,-0.33119,-0.31767,-0.30279,-0.27311,-0.21525,-0.12593,-0.016342,0.092991,0.1826,0.24131,0.26484,0.26291,0.24229,0.21045,0.17359
0.88478,0.80705,0.69309,0.53822,0.27861,-0.10604,-0.48497,-0.65899,-0.57269,-0.35182,-0.14543,-0.034845,-0.025726,-0.06527,-0.085454,-0.06067,-0.030783,-0.062667,-0.19473,-0.41763,-0.68955,-0.95594,-1.1667,-1.2942,-1.3428,-1.3318,-1.2824,-1.2103,-1.1292,-1.053,-0.99175,-0.94832,-0.91557,-0.87065,-0.7862,-0.64853,-0.47392,-0.3034,-0.17699,-0.11912,-0.13263,-0.20621,-0.31741,-0.43928,-0.54613,-0.61463,-0.63002,-0.58834,-0.4987,-0.37615,-0.24261,-0.11802,-0.019335,0.039805,0.050159,0.014325,-0.055169,-0.13883,-0.21713,-0.27278,-0.30757,-0.31608,-0.30263,-0.27791,-0.25597,-0.24804,-0.253,-0.26468,-0.26452,-0.23119,-0.15663,-0.054435,0.047626,0.12375,0.1611,0.16446,0.13669,0.093656,0.048109,0.008212
0.92363,0.87293,0.76651,0.6084,0.35456,-0.0074883,-0.35699,-0.51944,-0.45436,-0.27623,-0.12363,-0.06758,-0.10524,-0.18196,-0.22974,-0.22175,-0.19283,-0.20983,-0.32057,-0.5285,-0.79799,-1.0679,-1.2723,-1.3732,-1.3851,-1.3456,-1.29,-1.2313,-1.1734,-1.1175,-1.0669,-1.0251,-0.98949,-0.9423,-0.85954,-0.72436,-0.55009,-0.37478,-0.23715,-0.16093,-0.14705,-0.18373,-0.25094,-0.33238,-0.41748,-0.49619,-0.55948,-0.59446,-0.58842,-0.54129,-0.45965,-0.36011,-0.26473,-0.1958,-0.16464,-0.17158,-0.2015,-0.23235,-0.24649,-0.23896,-0.20826,-0.16852,-0.1325,-0.11017,-0.10709,-0.12428,-0.16036,-0.20127,-0.22841,-0.22511,-0.18586,-0.12211,-0.056887,-0.012557,-0.0014233,-0.026038,-0.072504,-0.12795,-0.18033,-0.22155
0.92674,0.90171,0.80556,0.65051,0.41361,0.087997,-0.22134,-0.37221,-0.33548,-0.21066,-0.1141,-0.10758,-0.18187,-0.28063,-0.34348,-0.34926,-0.32705,-0.33597,-0.42664,-0.6135,-0.86853,-1.1276,-1.3144,-1.3859,-1.3609,-1.2939,-1.2297,-1.1849,-1.1546,-1.1262,-1.0924,-1.0546,-1.0115,-0.9582,-0.87791,-0.75649,-0.59877,-0.43248,-0.29461,-0.20703,-0.17335,-0.18184,-0.21667,-0.26828,-0.33501,-0.42147,-0.52261,-0.61923,-0.68615,-0.70076,-0.65986,-0.57904,-0.48339,-0.39671,-0.33704,-0.30735,-0.29741,-0.28871,-0.26299,-0.21024,-0.13744,-0.057366,0.011106,0.052512,0.058424,0.027504,-0.032226,-0.11107,-0.18717,-0.23665,-0.24649,-0.22451,-0.19505,-0.18365,-0.20398,-0.25381,-0.32169,-0.3899,-0.4441,-0.47685
0.90375,0.89717,0.81038,0.66278,0.44538,0.15652,-0.11755,-0.25956,-0.24762,-0.16607,-0.1138,-0.14072,-0.23554,-0.34222,-0.4088,-0.42218,-0.40761,-0.41527,-0.49355,-0.66232,-0.89841,-1.1373,-1.3,-1.3449,-1.2944,-1.2105,-1.142,-1.1073,-1.0956,-1.0885,-1.0718,-1.0419,-0.9992,-0.94383,-0.86572,-0.75522,-0.61294,-0.46089,-0.33031,-0.2433,-0.20453,-0.204,-0.22689,-0.26418,-0.31999,-0.40281,-0.51469,-0.63985,-0.74676,-0.80271,-0.79377,-0.7277,-0.6286,-0.5251,-0.43984,-0.38146,-0.34445,-0.31202,-0.26459,-0.19118,-0.09383,0.0097498,0.095584,0.14502,0.15029,0.11289,0.038588,-0.059026,-0.15935,-0.24138,-0.29161,-0.3129,-0.32328,-0.34425,-0.38848,-0.45628,-0.53297,-0.60226,-0.65133,-0.67418
0.837,0.85471,0.78225,0.65104,0.4688,0.2393,0.01884,-0.10985,-0.13455,-0.11405,-0.11996,-0.18789,-0.29926,-0.4059,-0.47103,-0.49174,-0.48911,-0.49986,-0.56488,-0.70556,-0.90348,-1.0985,-1.2154,-1.2175,-1.1358,-1.0366,-0.97051,-0.95018,-0.96152,-0.98109,-0.99017,-0.97747,-0.94471,-0.89067,-0.81561,-0.71472,-0.59328,-0.46875,-0.36357,-0.29514,-0.26553,-0.26386,-0.27624,-0.29761,-0.33685,-0.41179,-0.53083,-0.68009,-0.82275,-0.91891,-0.9397,-0.8846,-0.77682,-0.65083,-0.53276,-0.44113,-0.37616,-0.32396,-0.26476,-0.18133,-0.075761,0.039402,0.14198,0.21091,0.2322,0.2002,0.11967,-1.7624e-05,-0.14031,-0.2744,-0.38013,-0.45326,-0.50886,-0.56851,-0.6452,-0.73506,-0.82592,-0.89894,-0.9397,-0.94323
0.75913,0.7942,0.73531,0.61985,0.47008,0.29138,0.1172,-0.00063992,-0.05222,-0.07774,-0.12683,-0.22214,-0.34087,-0.44088,-0.5,-0.52498,-0.53335,-0.54921,-0.60345,-0.71663,-0.87594,-1.0286,-1.1061,-1.0764,-0.97509,-0.86792,-0.80544,-0.79636,-0.82451,-0.86437,-0.8904,-0.89182,-0.86618,-0.81584,-0.74441,-0.65417,-0.55258,-0.45394,-0.37629,-0.33131,-0.31732,-0.32326,-0.33389,-0.34597,-0.37197,-0.43496,-0.54851,-0.70081,-0.85709,-0.96899,-1.0043,-0.959,-0.853,-0.71558,-0.58078,-0.46943,-0.38883,-0.32969,-0.27085,-0.19207,-0.085706,0.035304,0.14483,0.21828,0.24167,0.21144,0.12951,0.0058533,-0.14355,-0.29777,-0.43703,-0.5526,-0.6509,-0.74606,-0.84754,-0.95387,-1.0488,-1.1158,-1.1435,-1.1301
0.61847,0.67565,0.63807,0.54887,0.44948,0.34475,0.23674,0.13714,0.053065,-0.02879,-0.13151,-0.25823,-0.38206,-0.46925,-0.51807,-0.54851,-0.57401,-0.59695,-0.63032,-0.69486,-0.79001,-0.8776,-0.90248,-0.83889,-0.71949,-0.60491,-0.54264,-0.54413,-0.59321,-0.65916,-0.71219,-0.73601,-0.72202,-0.67742,-0.612,-0.54037,-0.47139,-0.41361,-0.37733,-0.3666,-0.37906,-0.40002,-0.41515,-0.41868,-0.42445,-0.45857,-0.54413,-0.68113,-0.83829,-0.97027,-1.0349,-1.0141,-0.9184,-0.77855,-0.62793,-0.49748,-0.40237,-0.33816,-0.28481,-0.21771,-0.12501,-0.014137,0.092693,0.17088,0.20296,0.18087,0.10523,-0.017919,-0.17675,-0.35138,-0.52122,-0.67507,-0.8154,-0.95155,-1.0879,-1.2156,-1.3203,-1.3832,-1.3942,-1.355
0.43589,0.51601,0.50288,0.44567,0.40302,0.37804,0.3404,0.26514,0.15604,0.025544,-0.12285,-0.27675,-0.40302,-0.47832,-0.51978,-0.55898,-0.60197,-0.62879,-0.63445,-0.6396,-0.65778,-0.67029,-0.63984,-0.54903,-0.42289,-0.31149,-0.25183,-0.25949,-0.32022,-0.40558,-0.48872,-0.54047,-0.54924,-0.51594,-0.4603,-0.404,-0.36464,-0.34912,-0.35782,-0.38766,-0.42853,-0.46332,-0.4749,-0.45955,-0.43541,-0.43808,-0.4961,-0.61327,-0.76474,-0.90307,-0.98757,-0.99657,-0.93161,-0.81177,-0.66945,-0.53604,-0.43425,-0.36717,-0.31798,-0.26212,-0.18351,-0.085604,0.010289,0.079843,0.10728,0.087127,0.019996,-0.090586,-0.23513,-0.40265,-0.58105,-0.76113,-0.93906,-1.1137,-1.2802,-1.4276,-1.5357,-1.5891,-1.5827,-1.5227
0.27338,0.37164,0.37908,0.34961,0.3519,0.38972,0.40612,0.35258,0.23185,0.072047,-0.10441,-0.27457,-0.40369,-0.47499,-0.51723,-0.56616,-0.62009,-0.64549,-0.62614,-0.5824,-0.53794,-0.4891,-0.41349,-0.30251,-0.17773,-0.077236,-0.029162,-0.043948,-0.11051,-0.20603,-0.30342,-0.37338,-0.40039,-0.38269,-0.34112,-0.30104,-0.28461,-0.30011,-0.34184,-0.40103,-0.45851,-0.49665,-0.49545,-0.45567,-0.40433,-0.37926,-0.41601,-0.5199,-0.66547,-0.81069,-0.9126,-0.94882,-0.91705,-0.82662,-0.70762,-0.58503,-0.48174,-0.4067,-0.3514,-0.2965,-0.22692,-0.14567,-0.066878,-0.0087197,0.015268,-0.0011886,-0.058425,-0.15421,-0.28459,-0.44217,-0.61761,-0.80286,-0.9933,-1.1853,-1.3703,-1.5289,-1.6452,-1.6995,-1.685,-1.6086
0.025889,0.15009,0.18951,0.20161,0.2668,0.38832,0.47722,0.45792,0.331,0.14259,-0.063047,-0.24958,-0.38439,-0.46056,-0.51355,-0.5793,-0.64421,-0.6595,-0.59962,-0.48733,-0.35855,-0.22879,-0.096335,0.0372,0.15546,0.23807,0.26566,0.23808,0.16168,0.055063,-0.053111,-0.14183,-0.19024,-0.20018,-0.18665,-0.18202,-0.20583,-0.2636,-0.3425,-0.42314,-0.48416,-0.50476,-0.47557,-0.40414,-0.31943,-0.26323,-0.26877,-0.34704,-0.48064,-0.63435,-0.76905,-0.85479,-0.87808,-0.84315,-0.76271,-0.66402,-0.5702,-0.49182,-0.42539,-0.36192,-0.29324,-0.22313,-0.16351,-0.12621,-0.11734,-0.13706,-0.18273,-0.25355,-0.35029,-0.47549,-0.63035,-0.81208,-1.0131,-1.2212,-1.4196,-1.5886,-1.7016,-1.7463,-1.7209,-1.636
-0.17942,-0.033941,0.032899,0.080035,0.19348,0.37665,0.51965,0.52774,0.40279,0.20085,-0.019514,-0.21479,-0.35569,-0.44259,-0.51228,-0.59404,-0.66459,-0.66603,-0.57003,-0.40415,-0.2144,-0.030168,0.13689,0.28096,0.39245,0.46213,0.47909,0.44359,0.36058,0.24648,0.12643,0.021879,-0.046717,-0.079455,-0.091608,-0.11568,-0.1712,-0.2588,-0.35974,-0.44716,-0.49861,-0.49508,-0.43566,-0.3347,-0.225,-0.15012,-0.14011,-0.20483,-0.33096,-0.48399,-0.63401,-0.75568,-0.83225,-0.8531,-0.82382,-0.75302,-0.6615,-0.56889,-0.48444,-0.40559,-0.33301,-0.27165,-0.22896,-0.2104,-0.21527,-0.23811,-0.27588,-0.32511,-0.39188,-0.48628,-0.61699,-0.78563,-0.98439,-1.1969,-1.4005,-1.5713,-1.6834,-1.7224,-1.6882,-1.5939
-0.4725,-0.29561,-0.18567,-0.08966,0.089182,0.35018,0.56202,0.60929,0.49301,0.28178,0.049328,-0.15289,-0.3009,-0.40721,-0.50644,-0.61446,-0.69169,-0.6704,-0.52276,-0.28662,-0.022925,0.22326,0.42785,0.58146,0.68341,0.73526,0.7397,0.69409,0.60364,0.48104,0.34388,0.21762,0.11789,0.049887,-0.004443,-0.067978,-0.1617,-0.28116,-0.40239,-0.49194,-0.51988,-0.4756,-0.36444,-0.21628,-0.075594,0.019351,0.039896,-0.017179,-0.13337,-0.28923,-0.45612,-0.61454,-0.7489,-0.84586,-0.88406,-0.8652,-0.80045,-0.70721,-0.60063,-0.4942,-0.40064,-0.33202,-0.29798,-0.29725,-0.31855,-0.34754,-0.3736,-0.3977,-0.42976,-0.48591,-0.58102,-0.721,-0.89913,-1.0974,-1.2908,-1.4506,-1.5554,-1.5925,-1.5615,-1.4737
-0.77781,-0.56532,-0.40565,-0.25682,-0.015891,0.31609,0.58986,0.67575,0.57278,0.3589,0.12142,-0.080953,-0.23138,-0.35361,-0.48177,-0.61829,-0.70573,-0.66476,-0.47055,-0.17351,0.15258,0.45139,0.68955,0.85344,0.94595,0.97764,0.96062,0.89896,0.79916,0.67103,0.52878,0.39016,0.26534,0.15582,0.050832,-0.065974,-0.202,-0.34711,-0.47076,-0.53903,-0.52686,-0.43216,-0.27696,-0.10014,0.055647,0.15649,0.18737,0.14832,0.049517,-0.091259,-0.2637,-0.45641,-0.65391,-0.82993,-0.95345,-0.9946,-0.94932,-0.84013,-0.70096,-0.56175,-0.4468,-0.37467,-0.35095,-0.36703,-0.4028,-0.4354,-0.45124,-0.44646,-0.43796,-0.451,-0.50833,-0.61914,-0.77492,-0.95316,-1.1249,-1.2656,-1.3516,-1.3733,-1.3359,-1.2542
-1.0071,-0.76523,-0.56461,-0.37533,-0.090578,0.28883,0.60277,0.71499,0.62316,0.4089,0.17048,-0.027163,-0.17298,-0.29909,-0.4427,-0.59738,-0.69369,-0.64365,-0.42362,-0.091595,0.27118,0.60191,0.86125,1.0317,1.1172,1.1336,1.0975,1.0216,0.91442,0.78421,0.64381,0.50067,0.36156,0.22283,0.080561,-0.075959,-0.242,-0.40097,-0.52012,-0.56607,-0.52261,-0.3923,-0.20971,-0.018176,0.14341,0.24335,0.27518,0.24407,0.15964,0.033219,-0.13288,-0.33643,-0.56655,-0.7938,-0.97395,-1.0617,-1.0405,-0.9312,-0.77534,-0.61449,-0.48317,-0.40158,-0.37647,-0.39724,-0.43952,-0.47525,-0.48233,-0.46316,-0.43343,-0.42039,-0.44882,-0.52934,-0.65453,-0.80345,-0.94976,-1.0675,-1.1386,-1.1577,-1.127,-1.0566
-1.2995,-1.0165,-0.75924,-0.51753,-0.17927,0.25384,0.61275,0.75512,0.67496,0.45997,0.22126,0.035601,-0.091574,-0.20853,-0.35921,-0.52772,-0.63093,-0.57301,-0.33241,0.027224,0.41951,0.77599,1.0516,1.2253,1.3013,1.3002,1.2438,1.1524,1.0371,0.90681,0.76792,0.622,0.46747,0.30051,0.11826,-0.073046,-0.26275,-0.42758,-0.53822,-0.56483,-0.49211,-0.33634,-0.13225,0.071823,0.23252,0.33274,0.36733,0.34694,0.28571,0.17901,0.024118,-0.1848,-0.44201,-0.72114,-0.96026,-1.0993,-1.1039,-0.99075,-0.81327,-0.62941,-0.48399,-0.40328,-0.39066,-0.42794,-0.48207,-0.51785,-0.51497,-0.46783,-0.40027,-0.34711,-0.33804,-0.38432,-0.47607,-0.58936,-0.69697,-0.77971,-0.82124,-0.82074,-0.78522,-0.72571
-1.561,-1.238,-0.92564,-0.63309,-0.24971,0.22456,0.61762,0.78194,0.7084,0.48938,0.25111,0.083178,-0.011317,-0.099386,-0.23724,-0.40118,-0.49788,-0.43091,-0.18427,0.17708,0.56946,0.9255,1.1985,1.3658,1.4307,1.4152,1.3463,1.2447,1.126,0.99991,0.86893,0.73157,0.577,0.39848,0.19407,-0.020222,-0.22249,-0.38402,-0.47796,-0.48413,-0.39707,-0.23665,-0.040073,0.14836,0.29484,0.38388,0.42174,0.42108,0.38539,0.3121,0.18088,-0.022724,-0.29502,-0.60033,-0.87736,-1.046,-1.0632,-0.9488,-0.765,-0.57916,-0.44039,-0.3714,-0.37334,-0.42577,-0.49215,-0.53227,-0.51545,-0.44815,-0.35177,-0.26424,-0.21788,-0.22453,-0.27353,-0.341,-0.40242,-0.44017,-0.45118,-0.43643,-0.40215,-0.35617
-1.7261,-1.376,-1.0257,-0.6996,-0.28895,0.20846,0.61958,0.79473,0.72213,0.49691,0.25691,0.10515,0.042769,-0.012069,-0.12417,-0.26882,-0.34873,-0.27184,-0.028395,0.31793,0.69049,1.0282,1.2868,1.4427,1.4977,1.4722,1.3944,1.2861,1.167,1.0484,0.9329,0.81328,0.67316,0.49965,0.29538,0.076046,-0.1247,-0.27842,-0.3604,-0.35961,-0.27885,-0.13235,0.043912,0.21308,0.34627,0.4298,0.46949,0.47617,0.45584,0.39679,0.28092,0.091829,-0.17017,-0.47529,-0.75278,-0.92372,-0.94003,-0.82082,-0.63508,-0.45791,-0.33898,-0.30136,-0.33851,-0.41994,-0.5013,-0.53968,-0.5122,-0.42041,-0.29616,-0.18207,-0.11106,-0.092422,-0.11195,-0.14386,-0.16564,-0.16871,-0.15047,-0.12018,-0.086803,-0.055608
-1.8915,-1.5122,-1.1228,-0.76081,-0.32267,0.19592,0.62308,0.80545,0.72924,0.49147,0.246,0.11741,0.10542,0.10924,0.05359,-0.042382,-0.084918,0.0067837,0.23491,0.54221,0.86673,1.1599,1.3834,1.5144,1.552,1.513,1.4231,1.3083,1.192,1.0888,1.0016,0.91676,0.81372,0.67464,0.50026,0.3106,0.13557,-0.00044482,-0.083467,-0.10365,-0.057006,0.048223,0.18871,0.33025,0.44356,0.51605,0.55164,0.56361,0.55691,0.51909,0.42757,0.26228,0.02332,-0.25603,-0.50726,-0.65007,-0.64398,-0.51791,-0.34587,-0.20048,-0.13188,-0.1519,-0.24434,-0.36982,-0.47714,-0.52034,-0.47597,-0.35791,-0.20481,-0.061822,0.041055,0.099239,0.12879,0.1521,0.18457,0.22921,0.27841,0.32269,0.35476,0.37141
-1.9669,-1.5751,-1.1666,-0.78712,-0.33505,0.19342,0.62709,0.81187,0.73042,0.48089,0.22927,0.11566,0.14423,0.2027,0.20404,0.1607,0.15633,0.25911,0.46789,0.73477,1.0109,1.258,1.4443,1.5485,1.5684,1.518,1.4206,1.3046,1.1939,1.1063,1.044,0.99347,0.932,0.8392,0.70892,0.55936,0.41236,0.28983,0.20205,0.15958,0.1721,0.23526,0.33691,0.45012,0.54659,0.61118,0.6449,0.6581,0.65281,0.62428,0.5481,0.40507,0.19568,-0.044322,-0.25596,-0.36343,-0.33423,-0.20217,-0.042275,0.071257,0.097222,0.024238,-0.124,-0.2973,-0.43424,-0.48431,-0.42994,-0.28988,-0.11134,0.056122,0.18328,0.26952,0.3342,0.39898,0.4735,0.55215,0.62458,0.67599,0.69977,0.6972
-1.9961,-1.6031,-1.1863,-0.7981,-0.3377,0.19817,0.63664,0.82192,0.73283,0.46857,0.20745,0.11114,0.19359,0.33199,0.42196,0.46269,0.51669,0.63303,0.80952,1.0136,1.2137,1.3862,1.5099,1.5685,1.5592,1.4925,1.3891,1.2752,1.1774,1.1153,1.0942,1.1016,1.111,1.0971,1.0464,0.96205,0.85834,0.75174,0.65582,0.58417,0.54714,0.55686,0.60798,0.6842,0.76064,0.8146,0.83911,0.83873,0.82304,0.78667,0.71994,0.61137,0.4618,0.29338,0.16341,0.12236,0.18761,0.32205,0.45553,0.52379,0.48366,0.33508,0.11353,-0.11849,-0.29128,-0.35322,-0.29074,-0.1319,0.069478,0.26351,0.42359,0.5513,0.66493,0.78097,0.90172,1.0159,1.1064,1.1605,1.1736,1.1494
-1.9434,-1.5667,-1.1643,-0.78556,-0.32711,0.21125,0.65396,0.84066,0.74872,0.47504,0.20609,0.12376,0.25545,0.47177,0.65216,0.77924,0.89185,1.0212,1.165,1.3042,1.423,1.5113,1.5604,1.5645,1.5221,1.4404,1.3339,1.2244,1.1401,1.1061,1.1334,1.2099,1.3051,1.386,1.4282,1.4219,1.3699,1.282,1.1739,1.0648,0.98011,0.93913,0.95154,1.0032,1.0635,1.1024,1.1056,1.0806,1.0412,0.99885,0.94858,0.8801,0.79271,0.70798,0.65831,0.68033,0.77737,0.91166,1.0225,1.0515,0.96567,0.76398,0.48483,0.19908,-0.012599,-0.092141,-0.029034,0.14021,0.35937,0.57687,0.7664,0.92955,1.0826,1.2376,1.3907,1.5256,1.6204,1.6642,1.6552,1.5999
-1.854,-1.4993,-1.1225,-0.76212,-0.31244,0.22681,0.67401,0.8651,0.77599,0.50196,0.23192,0.1592,0.32206,0.58871,0.82969,1.0137,1.1645,1.3018,1.4228,1.5161,1.5755,1.5997,1.5902,1.5503,1.4821,1.3901,1.2827,1.178,1.1049,1.0929,1.1583,1.2905,1.4574,1.6162,1.7316,1.7813,1.7629,1.6863,1.5718,1.444,1.3333,1.2651,1.2541,1.29,1.3402,1.3701,1.3596,1.3133,1.2523,1.195,1.1491,1.1108,1.0767,1.0554,1.0686,1.1348,1.2517,1.3856,1.4834,1.4932,1.3833,1.1542,0.84857,0.54242,0.3193,0.23521,0.29604,0.46637,0.68561,0.90587,1.1053,1.2866,1.4623,1.6375,1.8024,1.9379,2.0238,2.0491,2.0148,1.9306
-1.6789,-1.3631,-1.0357,-0.7138,-0.28365,0.25469,0.71119,0.91701,0.84216,0.58015,0.31881,0.25831,0.45021,0.76721,1.0717,1.315,1.5036,1.6452,1.736,1.7724,1.7581,1.7022,1.6184,1.5215,1.4203,1.3165,1.2113,1.1177,1.0631,1.0822,1.1971,1.4026,1.6638,1.9259,2.1347,2.2539,2.2735,2.2086,2.0877,1.9452,1.8145,1.7277,1.7,1.7229,1.7632,1.78,1.7499,1.6774,1.5892,1.5163,1.4764,1.4727,1.5006,1.5562,1.6425,1.7608,1.8996,2.0309,2.1149,2.1116,1.9925,1.7616,1.4594,1.1574,0.93447,0.84487,0.89766,1.0569,1.2704,1.4918,1.697,1.8848,2.0643,2.2375,2.3926,2.5085,2.5665,2.5573,2.4835,2.357
-1.4551,-1.1832,-0.91675,-0.64697,-0.244,0.29128,0.76215,0.99258,0.94795,0.71491,0.47605,0.42795,0.63235,0.9762,1.3199,1.5994,1.8063,1.9394,1.9957,1.9786,1.899,1.7737,1.626,1.4807,1.3531,1.2443,1.1492,1.0737,1.0434,1.0964,1.261,1.5361,1.8796,2.2284,2.5139,2.6916,2.7455,2.6927,2.5689,2.4168,2.2783,2.1863,2.1577,2.1805,2.2175,2.2252,2.1781,2.0837,1.9743,1.8905,1.8607,1.8907,1.9703,2.0866,2.2251,2.3769,2.5302,2.6642,2.7486,2.749,2.6459,2.44,2.1689,1.8986,1.7007,1.6229,1.6714,1.8169,2.0125,2.2175,2.4094,2.5843,2.7457,2.8918,3.0107,3.0842,3.0967,3.0416,2.9231,2.7534
-1.2656,-1.0266,-0.81072,-0.58523,-0.20609,0.32595,0.80983,1.0657,1.0539,0.85527,0.64124,0.60211,0.80461,1.1512,1.5065,1.7977,2.0047,2.1218,2.1486,2.0932,1.9707,1.8015,1.6143,1.4409,1.3016,1.1969,1.1159,1.059,1.0501,1.1293,1.332,1.6547,2.0519,2.4508,2.7789,2.9852,3.056,3.0102,2.8889,2.7383,2.6029,2.5148,2.4894,2.5139,2.5505,2.5576,2.5093,2.4105,2.2944,2.2043,2.1742,2.2168,2.3234,2.4718,2.6431,2.8185,2.9825,3.1182,3.2037,3.2147,3.1305,2.9564,2.7258,2.4959,2.3278,2.2631,2.3103,2.4437,2.6247,2.8148,2.9903,3.1437,3.2767,3.3881,3.4679,3.5007,3.4724,3.3782,3.2229,3.0194
-0.99807,-0.79889,-0.65144,-0.48675,-0.14298,0.38369,0.88684,1.1823,1.2256,1.0861,0.91569,0.88692,1.073,1.4005,1.7473,2.0333,2.2248,2.3102,2.2931,2.1882,2.015,1.7975,1.57,1.3728,1.232,1.1461,1.0964,1.0744,1.0996,1.2147,1.4585,1.83,2.2804,2.7281,3.094,3.3235,3.4056,3.3644,3.2474,3.1049,2.9809,2.9072,2.8944,2.9278,2.9701,2.9798,2.9321,2.8328,2.7153,2.625,2.5999,2.6547,2.7804,2.954,3.147,3.3382,3.513,3.658,3.7566,3.7892,3.7416,3.6167,3.4436,3.2703,3.1472,3.1081,3.1593,3.2824,3.4435,3.6084,3.7535,3.8694,3.956,4.0127,4.0332,4.005,3.9198,3.774,3.5726,3.3275
-0.79499,-0.62128,-0.52055,-0.40044,-0.083047,0.43757,0.95312,1.2801,1.3694,1.281,1.1492,1.1281,1.2929,1.5916,1.9151,2.183,2.3532,2.4094,2.3567,2.2148,2.0071,1.7606,1.5132,1.3098,1.1785,1.1157,1.0971,1.1083,1.1646,1.3078,1.5758,1.9713,2.4442,2.9124,3.2926,3.5313,3.6166,3.5764,3.4612,3.3245,3.2119,3.1516,3.1526,3.1967,3.2461,3.2615,3.2195,3.1258,3.0128,2.9235,2.8974,2.9523,3.0819,3.2622,3.4644,3.6636,3.8439,3.9948,4.1038,4.1559,4.1378,4.0527,3.9246,3.7943,3.7043,3.6837,3.7402,3.8571,4.0052,4.1523,4.2745,4.3614,4.4123,4.4276,4.403,4.3311,4.2028,4.0172,3.7812,3.5078
-0.53185,-0.38426,-0.33662,-0.26868,0.016486,0.52628,1.0538,1.4183,1.5688,1.5513,1.4742,1.4643,1.5942,1.8384,2.1132,2.3415,2.4728,2.4846,2.3825,2.1916,1.942,1.6659,1.4049,1.2068,1.0996,1.0769,1.1073,1.1691,1.2713,1.4521,1.7486,2.1634,2.6478,3.1209,3.5006,3.7354,3.8157,3.773,3.6614,3.5367,3.4433,3.4047,3.4239,3.4807,3.5394,3.5648,3.5361,3.4568,3.3536,3.2664,3.2328,3.2754,3.3944,3.5702,3.7733,3.9771,4.164,4.3242,4.4493,4.5277,4.5497,4.5158,4.4434,4.3644,4.3138,4.3169,4.3811,4.4941,4.6298,4.757,4.8511,4.9003,4.9043,4.8661,4.786,4.66,4.4837,4.2583,3.99,3.6896
-0.28737,-0.15647,-0.14993,-0.1206,0.13865,0.63625,1.1686,1.5611,1.765,1.8133,1.7887,1.7907,1.8834,2.063,2.2748,2.45,2.5334,2.4959,2.343,2.1054,1.8198,1.5231,1.2592,1.0765,1.0022,1.0265,1.112,1.2291,1.3796,1.5955,1.9134,2.3346,2.814,3.273,3.6351,3.8507,3.9159,3.8667,3.7593,3.6502,3.5784,3.564,3.6024,3.6715,3.7391,3.7726,3.7545,3.6867,3.5913,3.5023,3.4563,3.479,3.5768,3.7353,3.929,4.1305,4.3208,4.4896,4.63,4.7341,4.7921,4.8037,4.7813,4.7491,4.7349,4.7599,4.8319,4.942,5.0663,5.1753,5.2447,5.2625,5.2293,5.15,5.0277,4.8611,4.6491,4.3918,4.0961,3.7743
-0.12149,0.0030378,-0.012418,-0.0014617,0.24487,0.73218,1.2611,1.6662,1.9014,1.9922,2.0033,2.0133,2.079,2.2086,2.3671,2.4969,2.541,2.4653,2.2751,2.0053,1.6966,1.3888,1.127,0.95889,0.91173,0.97265,1.1007,1.2601,1.4467,1.6874,2.0151,2.4331,2.8988,3.3393,3.6807,3.8784,3.9304,3.8752,3.7704,3.6715,3.6154,3.617,3.6688,3.7466,3.8187,3.8563,3.8434,3.7815,3.6886,3.5953,3.536,3.5384,3.614,3.7536,3.9341,4.1286,4.3175,4.4905,4.6418,4.7636,4.8487,4.8935,4.9053,4.903,4.9107,4.9487,5.0253,5.1338,5.2522,5.3515,5.4071,5.4065,5.3502,5.2452,5.0975,4.9087,4.6786,4.4099,4.1089,3.7854
0.070363,0.19371,0.16206,0.16353,0.4028,0.87486,1.3892,1.7982,2.0614,2.1977,2.2492,2.2684,2.2995,2.3631,2.4477,2.5128,2.5024,2.3781,2.1429,1.8347,1.5001,1.182,0.92576,0.77798,0.76471,0.87098,1.0516,1.2639,1.496,1.7669,2.1048,2.5134,2.9549,3.363,3.6703,3.8376,3.8681,3.8032,3.7028,3.6194,3.5856,3.6071,3.6722,3.7558,3.8282,3.8665,3.8563,3.7969,3.7021,3.5967,3.5134,3.4823,3.5208,3.6279,3.7849,3.9666,4.1516,4.3278,4.4892,4.631,4.7457,4.8287,4.8827,4.919,4.9553,5.0087,5.0898,5.1939,5.3029,5.3901,5.4306,5.4119,5.3351,5.2091,5.0421,4.8383,4.5992,4.327,4.0274,3.7096
0.19006,0.31657,0.28206,0.28757,0.52983,0.98968,1.486,1.8873,2.1621,2.3238,2.3999,2.4248,2.4313,2.4464,2.4757,2.4911,2.4404,2.2825,2.0184,1.6865,1.3364,1.0134,0.76212,0.62735,0.63407,0.76827,0.98238,1.2308,1.4938,1.7849,2.1288,2.5286,2.9514,3.3338,3.6136,3.7548,3.7659,3.6924,3.595,3.5252,3.5085,3.5464,3.6197,3.7025,3.7693,3.8007,3.786,3.7234,3.6229,3.5048,3.3999,3.3402,3.3482,3.4272,3.5635,3.7321,3.9102,4.0845,4.2498,4.4032,4.5376,4.6468,4.7287,4.7899,4.8444,4.9082,4.9916,5.0927,5.1952,5.2739,5.3053,5.2771,5.1909,5.0562,4.8833,4.6787,4.4436,4.181,3.8956,3.5944
0.31538,0.45014,0.42238,0.44709,0.70325,1.1466,1.6085,1.9876,2.2661,2.451,2.5532,2.5839,2.56,2.5129,2.4694,2.4208,2.3207,2.1248,1.8299,1.4751,1.1117,0.7851,0.53705,0.41071,0.43215,0.59239,0.84511,1.1373,1.4391,1.7545,2.1021,2.4878,2.8826,3.231,3.4752,3.5854,3.574,3.4911,3.3989,3.3455,3.3498,3.4037,3.4832,3.56,3.6123,3.6256,3.5943,3.5183,3.4035,3.2665,3.1335,3.0361,3.0012,3.0406,3.1437,3.2881,3.4503,3.6158,3.7801,3.9417,4.0973,4.2373,4.3535,4.4448,4.5197,4.5925,4.676,4.7704,4.8641,4.934,4.9568,4.9203,4.8275,4.6908,4.5229,4.3314,4.1179,3.8836,3.6301,3.3619
0.39962,0.54687,0.53532,0.59318,0.87262,1.3005,1.7193,2.0633,2.3326,2.5307,2.6514,2.685,2.6339,2.5297,2.418,2.3102,2.1681,1.9434,1.6283,1.2612,0.89409,0.56823,0.31852,0.18613,0.20595,0.37829,0.65924,0.98771,1.3239,1.6609,2.013,2.3855,2.7545,3.071,3.2832,3.3654,3.3354,3.2466,3.1632,3.1276,3.1504,3.2142,3.2903,3.3517,3.3798,3.3676,3.3127,3.2154,3.0809,2.9194,2.7558,2.6223,2.549,2.5502,2.6228,2.7425,2.883,3.0286,3.1781,3.3368,3.5011,3.6617,3.8042,3.9201,4.0128,4.0942,4.1762,4.264,4.3469,4.4051,4.4186,4.3777,4.2868,4.1597,4.0103,3.8465,3.6708,3.4799,3.2724,3.0501
0.43582,0.59399,0.59969,0.68979,0.99265,1.4099,1.7928,2.1038,2.3588,2.5605,2.6904,2.7247,2.6552,2.5132,2.3557,2.2083,2.0389,1.7979,1.4744,1.1054,0.74145,0.419,0.16612,0.02178,0.030134,0.20206,0.49636,0.84674,1.204,1.5544,1.9089,2.2731,2.6269,2.9245,3.1176,3.1833,3.1425,3.0522,2.9758,2.9531,2.9873,3.0558,3.1251,3.1682,3.1712,3.1312,3.0522,2.9363,2.7858,2.6098,2.4285,2.2729,2.1749,2.1519,2.2007,2.2977,2.4166,2.5424,2.6756,2.8223,2.9856,3.1539,3.3086,3.4361,3.5354,3.6174,3.6958,3.776,3.8528,3.9075,3.9192,3.8782,3.7904,3.6727,3.5417,3.4066,3.2667,3.1179,2.9552,2.7768
0.44812,0.62127,0.65627,0.79728,1.1371,1.5422,1.8751,2.1358,2.3641,2.5618,2.6982,2.7316,2.6408,2.4565,2.2485,2.0561,1.8568,1.6,1.2717,0.90752,0.55387,0.23751,-0.022928,-0.1888,-0.20432,-0.042769,0.26084,0.6334,1.0133,1.3781,1.7338,2.088,2.4251,2.7039,2.8791,2.9318,2.886,2.8011,2.7382,2.731,2.7744,2.8393,2.8906,2.9026,2.8661,2.7837,2.6657,2.5199,2.3486,2.1589,1.9653,1.7939,1.6748,1.6284,1.6518,1.7225,1.8113,1.9022,1.9987,2.1157,2.258,2.4177,2.5735,2.7064,2.81,2.8913,2.9633,3.0351,3.1023,3.1499,3.1596,3.1228,3.0467,2.95,2.8515,2.7602,2.6762,2.5893,2.49,2.3728
0.42068,0.60863,0.67746,0.87591,1.257,1.6519,1.9356,2.1416,2.3358,2.5223,2.6583,2.6879,2.5802,2.3651,2.1202,1.8965,1.6765,1.41,1.0823,0.72788,0.38748,0.07714,-0.19379,-0.38553,-0.42994,-0.28577,0.018184,0.40366,0.80015,1.1761,1.5327,1.8787,2.2017,2.4672,2.6339,2.6848,2.6454,2.5739,2.5298,2.5369,2.5836,2.6335,2.654,2.625,2.5418,2.4174,2.2648,2.0933,1.9081,1.7106,1.5147,1.3439,1.2239,1.1697,1.179,1.2256,1.2815,1.3331,1.3871,1.461,1.5671,1.6989,1.8339,1.95,2.0383,2.1058,2.1672,2.2314,2.298,2.3511,2.3706,2.3464,2.2862,2.2112,2.1437,2.0964,2.0651,2.0387,2.0037,1.9504
0.37579,0.57442,0.67024,0.91406,1.3275,1.716,1.9632,2.1273,2.2926,2.467,2.5991,2.6244,2.5069,2.2764,2.0143,1.7772,1.5479,1.2768,0.95116,0.60526,0.27495,-0.0315,-0.31043,-0.5214,-0.58725,-0.45778,-0.15802,0.23045,0.63314,1.0128,1.3695,1.7105,2.0274,2.2884,2.455,2.5108,2.4811,2.4234,2.393,2.4099,2.4554,2.4924,2.4867,2.4213,2.3003,2.1398,1.9617,1.7788,1.5922,1.4043,1.2211,1.0608,0.94672,0.89488,0.8972,0.93,0.96529,0.99028,1.013,1.052,1.1222,1.2179,1.3196,1.4082,1.4762,1.5292,1.5798,1.641,1.7092,1.7696,1.8023,1.7953,1.7537,1.6979,1.6523,1.6304,1.6342,1.6485,1.6554,1.6418
0.28584,0.49859,0.63122,0.93803,1.3934,1.7734,1.9729,2.0815,2.2059,2.3598,2.4843,2.5029,2.375,2.1335,1.8623,1.6202,1.3873,1.1135,0.79001,0.45381,0.13616,-0.16434,-0.45049,-0.67987,-0.76919,-0.65888,-0.37026,0.013397,0.41312,0.78987,1.1411,1.4753,1.7867,2.0468,2.2199,2.2912,2.284,2.2518,2.2413,2.2658,2.3024,2.3127,2.267,2.1541,1.9845,1.786,1.5848,1.3961,1.2225,1.056,0.90051,0.76902,0.6787,0.63663,0.63849,0.65879,0.67256,0.66907,0.65647,0.65481,0.6742,0.71531,0.76223,0.79749,0.81595,0.82871,0.85654,0.91072,0.9933,1.0841,1.1533,1.1804,1.1662,1.1315,1.104,1.1033,1.1319,1.1784,1.2248,1.2558
0.19775,0.42113,0.58324,0.93656,1.4221,1.7945,1.9584,2.0255,2.1183,2.2552,2.3725,2.3861,2.2534,2.0107,1.7431,1.5069,1.2777,1.0045,0.68219,0.35074,0.040458,-0.2547,-0.54178,-0.77927,-0.88178,-0.78578,-0.51049,-0.1373,0.25364,0.62243,0.96609,1.2937,1.6007,1.8616,2.0431,2.131,2.1465,2.1364,2.1421,2.1703,2.1969,2.1835,2.1042,1.9539,1.7504,1.5293,1.3223,1.145,0.99361,0.85772,0.73374,0.62962,0.55828,0.52716,0.52577,0.53467,0.53507,0.52032,0.49702,0.47728,0.46965,0.46845,0.46332,0.44721,0.42312,0.40474,0.4114,0.46178,0.55311,0.66517,0.76546,0.82639,0.84061,0.82372,0.80402,0.80587,0.83917,0.89524,0.95613,1.0042
0.057014,0.29399,0.49803,0.91233,1.4328,1.7924,1.9087,1.9197,1.9704,2.085,2.1917,2.1993,2.0651,1.8295,1.5796,1.3628,1.1457,0.87694,0.55698,0.23075,-0.071868,-0.36042,-0.6446,-0.88488,-0.99711,-0.91841,-0.66642,-0.31753,0.051091,0.40041,0.72787,1.0435,1.3444,1.6092,1.8064,1.9202,1.9663,1.9839,2.0067,2.0373,2.0483,2.0051,1.8839,1.6875,1.4473,1.2075,1.0088,0.86411,0.75903,0.67269,0.5931,0.52468,0.47937,0.4621,0.4643,0.4682,0.45875,0.43369,0.40176,0.37221,0.34406,0.30776,0.25106,0.17071,0.079054,0.0024643,-0.028013,0.0086761,0.11555,0.26469,0.4108,0.51481,0.56205,0.56459,0.55018,0.54367,0.56604,0.61312,0.67089,0.72342
-0.10508,0.14614,0.39297,0.86508,1.4144,1.7557,1.823,1.778,1.7874,1.8801,1.9759,1.9781,1.8471,1.6291,1.411,1.2252,1.0292,0.77126,0.45755,0.13744,-0.1591,-0.44312,-0.72381,-0.96091,-1.0729,-1.0059,-0.78127,-0.46984,-0.13923,0.17796,0.48256,0.78324,1.0795,1.3497,1.5641,1.7038,1.7791,1.8215,1.856,1.8817,1.8728,1.7965,1.6369,1.406,1.1449,0.91,0.74189,0.64571,0.59608,0.56143,0.5264,0.49394,0.47446,0.47124,0.47703,0.47598,0.45983,0.43303,0.40585,0.38189,0.35084,0.29476,0.20135,0.074565,-0.064893,-0.18561,-0.25243,-0.23759,-0.13797,0.023519,0.20129,0.34709,0.43196,0.45545,0.44,0.41983,0.41142,0.4272,0.46258,0.50507
-0.23719,0.025219,0.30485,0.81758,1.383,1.7074,1.7357,1.6489,1.6284,1.7056,1.7933,1.791,1.6649,1.4669,1.2813,1.1278,0.95373,0.70755,0.40065,0.08519,-0.20846,-0.48988,-0.76568,-0.99467,-1.1015,-1.0418,-0.83978,-0.56376,-0.2708,0.014128,0.29499,0.58187,0.87301,1.1473,1.3745,1.5333,1.6288,1.6849,1.7236,1.7417,1.7156,1.6157,1.4313,1.1819,0.91724,0.69985,0.56785,0.51681,0.51079,0.51414,0.50926,0.49876,0.49334,0.49965,0.50697,0.50563,0.49018,0.46648,0.44529,0.42913,0.4038,0.3481,0.24588,0.099166,-0.06903,-0.22068,-0.31391,-0.31831,-0.22503,-0.059973,0.12691,0.28513,0.38441,0.42119,0.41242,0.38159,0.3582,0.35219,0.36358,0.38466
-0.42176,-0.14413,0.18147,0.74378,1.3221,1.618,1.5922,1.4501,1.3918,1.4499,1.5262,1.5179,1.4004,1.2365,1.1045,1.0043,0.86772,0.64242,0.34683,0.037619,-0.25281,-0.52904,-0.79164,-1.0009,-1.0969,-1.0497,-0.88673,-0.6663,-0.43301,-0.1994,0.043061,0.30814,0.59344,0.87669,1.1222,1.3038,1.4173,1.4805,1.5124,1.5125,1.4608,1.3343,1.1274,0.86845,0.61856,0.44242,0.37073,0.38197,0.42902,0.46974,0.49286,0.50631,0.52238,0.54221,0.56,0.56167,0.54581,0.52496,0.51348,0.51341,0.50143,0.45085,0.34507,0.18931,0.0086709,-0.16018,-0.2778,-0.31019,-0.24563,-0.10004,0.08342,0.25247,0.36833,0.41755,0.41001,0.37236,0.3222,0.28266,0.26229,0.25901
-0.56241,-0.27249,0.088449,0.68363,1.2664,1.5362,1.4678,1.284,1.1987,1.2441,1.3129,1.3004,1.1911,1.0569,0.96999,0.91502,0.81179,0.60723,0.32297,0.018967,-0.26847,-0.53854,-0.78783,-0.97999,-1.0674,-1.0317,-0.90245,-0.72819,-0.54297,-0.35101,-0.13909,0.10937,0.39073,0.68136,0.94032,1.135,1.255,1.3143,1.332,1.3111,1.2372,1.0924,0.8775,0.62665,0.40384,0.2712,0.24939,0.30573,0.38468,0.4487,0.48749,0.51206,0.53685,0.56662,0.58909,0.59191,0.57509,0.55464,0.5488,0.55741,0.56024,0.52485,0.43011,0.27908,0.09714,-0.077889,-0.20575,-0.2549,-0.21141,-0.088443,0.075954,0.2347,0.35093,0.40824,0.40984,0.36908,0.31347,0.25912,0.21623,0.18678
-0.74565,-0.43819,-0.030826,0.60297,1.1846,1.4145,1.2866,1.0468,0.92821,0.9601,1.0214,1.0055,0.90995,0.81796,0.79278,0.80011,0.74528,0.57361,0.30928,0.015065,-0.2671,-0.5279,-0.75869,-0.92954,-1.0065,-0.98642,-0.90205,-0.79024,-0.67009,-0.53557,-0.36179,-0.13335,0.14747,0.44908,0.72381,0.92776,1.0438,1.0841,1.0697,1.0127,0.90824,0.74698,0.53832,0.32149,0.15647,0.095491,0.13872,0.24112,0.34741,0.42321,0.46589,0.4931,0.5239,0.5619,0.59379,0.6045,0.59207,0.57382,0.57183,0.59253,0.61048,0.59137,0.51175,0.37353,0.20143,0.031577,-0.1008,-0.16461,-0.14823,-0.059104,0.075113,0.2156,0.3267,0.38677,0.39136,0.35288,0.28424,0.20894,0.14379,0.096587
-0.91568,-0.59,-0.13691,0.52911,1.1011,1.2868,1.0978,0.8023,0.65346,0.67654,0.73437,0.71903,0.64045,0.59126,0.62564,0.69176,0.6855,0.55073,0.31137,0.030386,-0.24604,-0.49986,-0.71578,-0.86721,-0.93368,-0.92491,-0.87521,-0.81728,-0.75792,-0.67855,-0.54565,-0.33624,-0.055291,0.25892,0.54713,0.75396,0.85585,0.86368,0.80729,0.70947,0.57702,0.41336,0.23271,0.073325,-0.013891,-0.002893,0.091058,0.21801,0.32779,0.39656,0.43072,0.45336,0.48497,0.52735,0.564,0.57405,0.55577,0.53168,0.53085,0.56065,0.59769,0.60293,0.54752,0.43003,0.27375,0.1137,-0.013946,-0.087299,-0.092103,-0.033358,0.067082,0.17852,0.27202,0.32745,0.33598,0.30029,0.23447,0.15384,0.074879,0.0087739
-1.0287,-0.68865,-0.20373,0.48136,1.0423,1.1939,0.95839,0.62259,0.45328,0.47254,0.53126,0.51892,0.45525,0.43789,0.51338,0.61775,0.64419,0.5369,0.31787,0.048044,-0.22383,-0.47327,-0.68005,-0.81872,-0.87746,-0.87427,-0.84526,-0.81925,-0.79719,-0.75311,-0.64874,-0.45369,-0.17221,0.15218,0.44853,0.65424,0.74069,0.7207,0.63,0.50039,0.35139,0.19341,0.047708,-0.052604,-0.075744,-0.012596,0.10826,0.23849,0.33615,0.38694,0.40257,0.40983,0.4308,0.46863,0.5009,0.50809,0.489,0.46691,0.47123,0.50962,0.55901,0.57594,0.53184,0.42706,0.28578,0.14108,0.020888,-0.050414,-0.064376,-0.025006,0.051037,0.1392,0.21473,0.25919,0.26377,0.22897,0.1648,0.087482,0.01105,-0.055932
-1.1525,-0.79349,-0.27145,0.43146,0.97472,1.0812,0.78844,0.40223,0.20866,0.22526,0.28787,0.28315,0.24142,0.26416,0.38627,0.53078,0.59223,0.51746,0.3252,0.071618,-0.19334,-0.43761,-0.63405,-0.75759,-0.80771,-0.8097,-0.80095,-0.80428,-0.81634,-0.80573,-0.72975,-0.55252,-0.27461,0.05561,0.35721,0.55778,0.62338,0.56928,0.4384,0.27733,0.11986,-0.010355,-0.092283,-0.10716,-0.049827,0.064463,0.19814,0.3096,0.37233,0.3806,0.3557,0.33097,0.33144,0.35449,0.38039,0.38132,0.35412,0.3254,0.3301,0.38022,0.44483,0.48268,0.46261,0.3826,0.26455,0.13912,0.036715,-0.032077,-0.057818,-0.04232,0.003373,0.061811,0.11398,0.14387,0.14176,0.10856,0.0465,-0.029005,-0.10356,-0.16756
-1.2385,-0.86256,-0.31226,0.39973,0.92383,0.99122,0.64892,0.21999,0.0051027,0.019806,0.08742,0.093803,0.075913,0.13309,0.28861,0.45877,0.54357,0.49372,0.32498,0.088081,-0.16838,-0.4078,-0.59776,-0.71465,-0.7599,-0.76289,-0.76085,-0.77452,-0.7995,-0.80624,-0.74847,-0.59013,-0.327,-0.0062237,0.29158,0.4874,0.54365,0.47287,0.32288,0.15076,0.0040849,-0.083237,-0.09457,-0.031499,0.086787,0.2226,0.34037,0.41184,0.42235,0.38149,0.31277,0.24873,0.21337,0.20917,0.20877,0.191,0.156,0.13137,0.14965,0.21616,0.30184,0.35607,0.34818,0.28057,0.1801,0.079025,-0.002942,-0.050891,-0.068717,-0.065616,-0.051482,-0.033937,-0.018948,-0.012836,-0.022425,-0.055354,-0.10423,-0.16535,-0.23008,-0.29025
-1.2753,-0.88854,-0.32371,0.38908,0.89912,0.94282,0.57185,0.11809,-0.11057,-0.09931,-0.028952,-0.013008,-0.013085,0.064497,0.23411,0.41268,0.50645,0.46956,0.31523,0.089662,-0.16031,-0.39679,-0.58521,-0.7006,-0.74326,-0.74232,-0.73446,-0.74317,-0.76654,-0.77797,-0.7336,-0.59389,-0.35051,-0.044334,0.24657,0.44182,0.50164,0.43521,0.29153,0.12916,0.0025409,-0.052027,-0.018891,0.088992,0.23475,0.37503,0.47223,0.50555,0.47211,0.38494,0.27348,0.17294,0.10828,0.077956,0.061145,0.032535,-0.0083581,-0.033475,-0.010083,0.069506,0.16347,0.22817,0.23469,0.18557,0.10556,0.023662,-0.038039,-0.075474,-0.093708,-0.10113,-0.10549,-0.11138,-0.12084,-0.13578,-0.15921,-0.19026,-0.23566,-0.28979,-0.34506,-0.39361
-1.2864,-0.88937,-0.31487,0.39253,0.88557,0.90771,0.51359,0.039168,-0.20367,-0.20086,-0.1306,-0.10337,-0.082385,0.013001,0.1855,0.35966,0.45315,0.42532,0.28609,0.074643,-0.16718,-0.40175,-0.59123,-0.70688,-0.74551,-0.73479,-0.71088,-0.70149,-0.71066,-0.71961,-0.692,-0.58454,-0.37846,-0.10013,0.17906,0.38095,0.46021,0.42231,0.31065,0.18427,0.096857,0.087022,0.16291,0.30127,0.4569,0.58067,0.63999,0.62163,0.52983,0.38633,0.22221,0.073429,-0.034899,-0.10071,-0.14867,-0.19886,-0.24837,-0.26745,-0.22623,-0.13042,-0.014816,0.065142,0.081015,0.040885,-0.023687,-0.080358,-0.11372,-0.12367,-0.12495,-0.13522,-0.16467,-0.21153,-0.26556,-0.31596,-0.35749,-0.39462,-0.42484,-0.45353,-0.48275,-0.51272
-1.2677,-0.86658,-0.29225,0.40662,0.88975,0.90397,0.50506,0.026684,-0.22415,-0.23052,-0.16459,-0.13118,-0.097673,0.0026514,0.16576,0.32425,0.40672,0.37803,0.24676,0.045722,-0.18944,-0.42252,-0.61292,-0.72804,-0.76239,-0.742,-0.70457,-0.67777,-0.67124,-0.67348,-0.65453,-0.57361,-0.40262,-0.15334,0.11376,0.32709,0.4347,0.43583,0.36365,0.27354,0.2181,0.23297,0.32559,0.46893,0.61604,0.71777,0.74452,0.68804,0.55706,0.37593,0.17797,-0.0010173,-0.13615,-0.22643,-0.29084,-0.34995,-0.40141,-0.41783,-0.37215,-0.26788,-0.15078,-0.067672,-0.043885,-0.070303,-0.11643,-0.15217,-0.16215,-0.15445,-0.14694,-0.15953,-0.20289,-0.273,-0.35454,-0.43037,-0.49005,-0.52808,-0.55668,-0.57939,-0.59927,-0.6166
-1.2112,-0.80967,-0.24549,0.43713,0.91107,0.92605,0.53737,0.067567,-0.18774,-0.20882,-0.15464,-0.11853,-0.07561,0.02047,0.15867,0.28131,0.33461,0.29519,0.16994,-0.018313,-0.24303,-0.47206,-0.66285,-0.77627,-0.80309,-0.76698,-0.70846,-0.65618,-0.62647,-0.61764,-0.60657,-0.55957,-0.43998,-0.24034,0.0063695,0.2348,0.39314,0.4625,0.4625,0.43133,0.41381,0.44377,0.53253,0.65947,0.77965,0.85031,0.84112,0.7447,0.57384,0.35295,0.11915,-0.089174,-0.2468,-0.35412,-0.43119,-0.49827,-0.55153,-0.56382,-0.51229,-0.40894,-0.29382,-0.21548,-0.19399,-0.21431,-0.24212,-0.24775,-0.22456,-0.18305,-0.15204,-0.16001,-0.22063,-0.32543,-0.44868,-0.56138,-0.64426,-0.69328,-0.71394,-0.71815,-0.71576,-0.71311
-1.127,-0.73099,-0.18613,0.47614,0.94585,0.97241,0.60977,0.16398,-0.086607,-0.12436,-0.087475,-0.056816,-0.015282,0.06612,0.1672,0.24082,0.25322,0.19355,0.068635,-0.10749,-0.31896,-0.54044,-0.72941,-0.83983,-0.85777,-0.80429,-0.71989,-0.64152,-0.5911,-0.57359,-0.57475,-0.56142,-0.49118,-0.33611,-0.10649,0.14438,0.3584,0.49976,0.56931,0.59147,0.60116,0.63279,0.69987,0.79062,0.87285,0.90581,0.86487,0.74316,0.55044,0.31496,0.072013,-0.14105,-0.29982,-0.40387,-0.47674,-0.53739,-0.58537,-0.60003,-0.5637,-0.48343,-0.39918,-0.34543,-0.33322,-0.34479,-0.3495,-0.32465,-0.26628,-0.19509,-0.14279,-0.1394,-0.20074,-0.32007,-0.46986,-0.61396,-0.7233,-0.78475,-0.80681,-0.80534,-0.7965,-0.79064
-1.052,-0.6637,-0.13796,0.5081,0.97595,1.0185,0.68258,0.26366,0.021855,-0.027066,-0.0049434,0.017083,0.051217,0.1144,0.18149,0.21256,0.18756,0.10614,-0.021604,-0.1872,-0.38437,-0.59463,-0.77721,-0.88446,-0.8965,-0.83273,-0.73289,-0.63855,-0.57559,-0.55275,-0.56174,-0.56871,-0.52835,-0.39907,-0.17887,0.091137,0.34459,0.53452,0.64614,0.69571,0.7145,0.7349,0.77694,0.83672,0.88912,0.8997,0.84309,0.71144,0.51461,0.27982,0.044998,-0.15266,-0.29152,-0.37592,-0.43098,-0.4809,-0.52819,-0.55449,-0.54202,-0.49498,-0.44431,-0.41712,-0.42047,-0.43537,-0.4313,-0.38658,-0.30191,-0.20039,-0.11895,-0.094618,-0.1484,-0.27434,-0.44085,-0.60491,-0.7312,-0.80819,-0.83587,-0.83426,-0.82225,-0.81251
-0.94435,-0.57219,-0.077037,0.54751,1.0169,1.0864,0.7926,0.41726,0.19334,0.13407,0.1365,0.14272,0.16066,0.19308,0.21135,0.18293,0.10161,-0.015672,-0.1512,-0.30296,-0.47675,-0.66359,-0.82792,-0.92475,-0.93015,-0.85982,-0.75243,-0.64695,-0.57252,-0.54135,-0.54786,-0.56501,-0.54568,-0.44136,-0.2335,0.049248,0.33907,0.57628,0.72971,0.80317,0.82137,0.81531,0.81343,0.82597,0.83883,0.82832,0.76649,0.63999,0.45729,0.24163,0.03384,-0.12644,-0.21994,-0.26033,-0.27832,-0.30709,-0.35478,-0.40567,-0.44047,-0.45716,-0.47028,-0.49631,-0.53342,-0.55885,-0.54375,-0.47203,-0.34954,-0.2065,-0.084957,-0.025162,-0.051048,-0.16009,-0.32351,-0.49822,-0.64486,-0.7419,-0.79053,-0.80726,-0.81101,-0.81529
-0.83821,-0.48846,-0.027301,0.57676,1.0513,1.1496,0.90362,0.57523,0.37621,0.31429,0.30126,0.29098,0.28588,0.28194,0.24946,0.16221,0.025624,-0.12872,-0.27477,-0.4142,-0.56274,-0.72067,-0.86011,-0.94149,-0.94099,-0.87069,-0.76482,-0.65828,-0.57657,-0.53352,-0.52443,-0.53003,-0.50992,-0.41657,-0.21954,0.058749,0.35934,0.6147,0.78615,0.86602,0.87006,0.8328,0.78509,0.74917,0.72883,0.70045,0.64165,0.53634,0.38447,0.21464,0.061159,-0.042162,-0.081598,-0.072191,-0.054794,-0.063013,-0.11182,-0.19308,-0.28834,-0.38333,-0.47923,-0.57297,-0.65326,-0.69708,-0.67903,-0.58559,-0.425,-0.23301,-0.055595,0.059048,0.079532,0.0033437,-0.14311,-0.31683,-0.47637,-0.59472,-0.67292,-0.71879,-0.74769,-0.7723
-0.76558,-0.43664,-0.0015563,0.5883,1.0675,1.1873,0.97761,0.68594,0.50915,0.45153,0.43211,0.41022,0.38546,0.35117,0.27988,0.15106,-0.022892,-0.2022,-0.35524,-0.48506,-0.61354,-0.7482,-0.86785,-0.93729,-0.93387,-0.86725,-0.76648,-0.66369,-0.57942,-0.52527,-0.49918,-0.48365,-0.44763,-0.34681,-0.1547,0.11459,0.40554,0.65334,0.81613,0.88165,0.86498,0.79678,0.71632,0.65411,0.61793,0.59209,0.54707,0.46275,0.34127,0.20564,0.094421,0.038689,0.04513,0.090871,0.13244,0.13213,0.074298,-0.033064,-0.1711,-0.3247,-0.48103,-0.63149,-0.75537,-0.82235,-0.80465,-0.69175,-0.50083,-0.26518,-0.040917,0.11861,0.1788,0.13535,0.013227,-0.14678,-0.30586,-0.44046,-0.5403,-0.6137,-0.67087,-0.7201
-0.68385,-0.38754,0.012645,0.58523,1.0709,1.2172,1.0522,0.80915,0.66592,0.62226,0.60414,0.57125,0.52062,0.44513,0.32305,0.14279,-0.075321,-0.28262,-0.4414,-0.55626,-0.65701,-0.76069,-0.85473,-0.9095,-0.90591,-0.84986,-0.76421,-0.67245,-0.58769,-0.51498,-0.45231,-0.38985,-0.30833,-0.18167,0.0059427,0.24562,0.49523,0.70388,0.83191,0.86572,0.81566,0.70992,0.59104,0.49841,0.4493,0.434,0.41901,0.37668,0.30395,0.22014,0.16195,0.1583,0.21224,0.29432,0.36118,0.3698,0.29969,0.15512,-0.04456,-0.27454,-0.51735,-0.74294,-0.918,-1.0088,-0.99113,-0.85899,-0.62768,-0.3428,-0.059063,0.16742,0.29681,0.31668,0.2422,0.10636,-0.053888,-0.20582,-0.34183,-0.45512,-0.54958,-0.63198
-0.63688,-0.36759,0.0057633,0.56721,1.0566,1.2198,1.0844,0.87681,0.76148,0.73451,0.72363,0.68744,0.61934,0.51399,0.3563,0.14034,-0.10642,-0.32962,-0.48853,-0.58977,-0.66959,-0.75248,-0.83135,-0.87908,-0.87913,-0.83481,-0.76465,-0.68293,-0.59714,-0.50514,-0.4065,-0.2976,-0.17112,-0.018284,0.16562,0.37301,0.57566,0.73779,0.82735,0.83133,0.75461,0.62524,0.48345,0.3729,0.32113,0.31599,0.3268,0.321,0.28613,0.24338,0.22201,0.24781,0.32289,0.42018,0.49224,0.4983,0.4167,0.24992,0.015771,-0.26293,-0.55779,-0.83594,-1.0549,-1.1718,-1.1583,-1.0097,-0.75075,-0.42241,-0.087543,0.19191,0.3711,0.43419,0.39422,0.28194,0.13139,-0.031094,-0.1862,-0.32772,-0.45426,-0.56659
-0.59552,-0.36594,-0.028064,0.51982,1.0113,1.1913,1.0881,0.9245,0.85018,0.85369,0.86126,0.82757,0.74163,0.60062,0.3981,0.14045,-0.13728,-0.37478,-0.52865,-0.60971,-0.66415,-0.72627,-0.79464,-0.84449,-0.85718,-0.83327,-0.78391,-0.71262,-0.61608,-0.49007,-0.33391,-0.15632,0.032138,0.21945,0.39828,0.55824,0.69073,0.77848,0.80589,0.75971,0.6437,0.48112,0.31647,0.19953,0.15783,0.18216,0.23103,0.26535,0.27356,0.26895,0.28242,0.33615,0.42815,0.52964,0.59841,0.59424,0.49553,0.30166,0.02705,-0.30378,-0.65939,-0.99353,-1.2526,-1.3896,-1.3773,-1.2143,-0.92245,-0.55155,-0.1627,0.18028,0.42797,0.55694,0.57086,0.49243,0.35222,0.18025,-0.00076474,-0.17664,-0.3399,-0.48783
-0.5794,-0.39328,-0.089444,0.44439,0.93361,1.1214,1.041,0.91642,0.88598,0.92844,0.96379,0.94144,0.84631,0.67622,0.43573,0.1425,-0.16092,-0.40803,-0.55383,-0.61586,-0.65088,-0.70157,-0.77087,-0.83365,-0.86731,-0.86555,-0.83152,-0.76306,-0.65053,-0.48658,-0.2737,-0.028724,0.22098,0.44632,0.62316,0.74074,0.79949,0.8045,0.75661,0.65347,0.49972,0.31542,0.14306,0.030683,0.0056033,0.055594,0.13605,0.20599,0.24924,0.27701,0.3136,0.37644,0.46412,0.55394,0.60746,0.58826,0.47412,0.26196,-0.036121,-0.39831,-0.7891,-1.1594,-1.4496,-1.6047,-1.5935,-1.4155,-1.1007,-0.6932,-0.2577,0.14001,0.44614,0.63054,0.68968,0.64087,0.51233,0.33332,0.13243,-0.069747,-0.2604,-0.43332
-0.58339,-0.43161,-0.1524,0.37015,0.85394,1.0405,0.97129,0.87176,0.87601,0.95176,1.0131,1.0053,0.90844,0.72246,0.4594,0.1434,-0.17575,-0.42713,-0.56622,-0.61639,-0.64212,-0.69199,-0.77103,-0.85197,-0.90536,-0.91943,-0.8922,-0.82093,-0.69367,-0.50064,-0.24677,0.046112,0.3394,0.59099,0.76637,0.85298,0.8581,0.80139,0.69758,0.55367,0.37533,0.18098,0.007698,-0.099072,-0.11198,-0.045253,0.057022,0.15033,0.21447,0.25735,0.29935,0.35793,0.43419,0.50868,0.54767,0.51784,0.3971,0.17997,-0.12491,-0.49607,-0.90063,-1.2845,-1.582,-1.7364,-1.7203,-1.5375,-1.2122,-0.79467,-0.34143,0.084303,0.42611,0.6478,0.73924,0.71245,0.59282,0.41169,0.1985,-0.022988,-0.23489,-0.42627
-0.60816,-0.5026,-0.25548,0.24995,0.72006,0.89647,0.8342,0.76305,0.8127,0.93604,1.0369,1.0543,0.96359,0.76613,0.4817,0.1434,-0.19014,-0.44385,-0.57514,-0.6155,-0.63907,-0.70008,-0.80322,-0.91476,-0.9975,-1.0315,-1.0116,-0.93283,-0.78311,-0.55012,-0.24219,0.10871,0.45161,0.72937,0.90019,0.94847,0.89018,0.75835,0.5851,0.3888,0.18066,-0.023002,-0.18992,-0.28152,-0.27766,-0.19264,-0.072353,0.038613,0.11913,0.17142,0.2138,0.26259,0.32054,0.37215,0.39123,0.34785,0.22217,0.0084234,-0.2869,-0.64602,-1.0376,-1.4107,-1.7022,-1.8558,-1.8411,-1.6593,-1.3373,-0.91347,-0.44354,0.0084001,0.38162,0.63373,0.7491,0.73676,0.62198,0.43513,0.21149,-0.020633,-0.24194,-0.44208
-0.63853,-0.56744,-0.34412,0.14659,0.60122,0.76396,0.70039,0.64824,0.73046,0.89055,1.0229,1.0616,0.98174,0.78405,0.49245,0.14573,-0.19276,-0.4455,-0.57254,-0.61178,-0.64256,-0.72086,-0.84954,-0.98978,-1.0969,-1.1455,-1.1292,-1.0409,-0.86994,-0.60708,-0.26335,0.12189,0.49088,0.7816,0.94844,0.97396,0.87569,0.69357,0.47166,0.23894,0.012766,-0.19244,-0.35029,-0.43034,-0.41696,-0.32596,-0.20049,-0.083159,0.0024806,0.058155,0.097961,0.13592,0.17622,0.21115,0.21541,0.16657,0.047352,-0.14922,-0.42026,-0.75367,-1.117,-1.4644,-1.7356,-1.877,-1.8607,-1.6875,-1.3765,-0.96814,-0.50899,-0.058505,0.3228,0.58878,0.71824,0.71511,0.60168,0.41204,0.17875,-0.065582,-0.29658,-0.49957
-0.69061,-0.66274,-0.47051,-0.0030195,0.4236,0.56007,0.48773,0.45696,0.58111,0.78854,0.9625,1.0321,0.97275,0.78721,0.49994,0.15515,-0.17874,-0.42471,-0.54879,-0.59533,-0.64715,-0.7601,-0.93262,-1.1183,-1.2598,-1.3251,-1.3058,-1.1993,-0.99867,-0.70257,-0.32622,0.088647,0.47914,0.78162,0.94359,0.94426,0.79957,0.55819,0.27871,0.0058058,-0.23706,-0.43814,-0.58325,-0.65244,-0.63297,-0.54027,-0.41229,-0.2925,-0.20685,-0.15862,-0.13516,-0.11906,-0.0998,-0.082659,-0.07947,-0.11371,-0.20525,-0.3639,-0.58765,-0.86175,-1.1657,-1.4571,-1.6873,-1.8111,-1.7995,-1.646,-1.3672,-0.98877,-0.55583,-0.12516,0.24348,0.50221,0.6267,0.61832,0.49879,0.30071,0.062315,-0.18102,-0.40553,-0.59966
-0.75095,-0.76184,-0.59867,-0.15912,0.23256,0.33496,0.24773,0.23359,0.39698,0.6475,0.85933,0.96078,0.92945,0.76919,0.50363,0.17847,-0.1373,-0.36972,-0.4925,-0.55523,-0.63948,-0.7966,-1.0193,-1.2518,-1.4254,-1.502,-1.475,-1.3511,-1.1298,-0.81431,-0.42124,0.0065585,0.40726,0.71217,0.86563,0.84118,0.65691,0.36875,0.045608,-0.25651,-0.50958,-0.70524,-0.8376,-0.89608,-0.8753,-0.78714,-0.66771,-0.55697,-0.48121,-0.44538,-0.43832,-0.4426,-0.4439,-0.43616,-0.42906,-0.43777,-0.47988,-0.56857,-0.70932,-0.89872,-1.118,-1.3387,-1.5203,-1.6224,-1.6169,-1.4939,-1.2583,-0.93506,-0.55966,-0.18041,0.14858,0.38045,0.48777,0.46714,0.33646,0.13011,-0.11277,-0.35694,-0.57525,-0.75403
-0.7978,-0.83289,-0.68981,-0.27398,0.087294,0.16033,0.058513,0.053949,0.24443,0.52302,0.75904,0.88425,0.87847,0.74562,0.50832,0.2101,-0.082799,-0.30087,-0.4236,-0.50215,-0.61442,-0.80697,-1.0672,-1.3314,-1.525,-1.6075,-1.5768,-1.445,-1.2175,-0.8976,-0.50379,-0.077937,0.31885,0.61735,0.76032,0.72029,0.51463,0.20061,-0.14523,-0.46159,-0.71652,-0.90551,-1.0293,-1.0844,-1.0674,-0.98857,-0.87954,-0.77835,-0.7125,-0.6902,-0.7005,-0.7238,-0.73982,-0.73505,-0.71127,-0.6822,-0.66879,-0.68991,-0.75637,-0.86922,-1.0176,-1.181,-1.3275,-1.4202,-1.4281,-1.3341,-1.1409,-0.86334,-0.534,-0.19895,0.089021,0.28377,0.35864,0.31195,0.16418,-0.050058,-0.29129,-0.52225,-0.72075,-0.87917
-0.85812,-0.91818,-0.79728,-0.41458,-0.097785,-0.067158,-0.19101,-0.18677,0.03453,0.34435,0.60613,0.76041,0.79233,0.70651,0.52007,0.27242,0.021895,-0.17223,-0.29557,-0.39594,-0.54361,-0.77815,-1.0803,-1.3784,-1.595,-1.6884,-1.6615,-1.5303,-1.3057,-0.99367,-0.6137,-0.20652,0.16968,0.44902,0.57452,0.51687,0.29048,-0.046354,-0.41121,-0.73496,-0.98366,-1.159,-1.2734,-1.3311,-1.3269,-1.2646,-1.1676,-1.0752,-1.0214,-1.0195,-1.0606,-1.1171,-1.1548,-1.1477,-1.0864,-0.98713,-0.88085,-0.79756,-0.75641,-0.76453,-0.82034,-0.91043,-1.011,-1.0899,-1.1152,-1.0642,-0.92932,-0.72505,-0.47718,-0.22452,-0.011619,0.1216,0.1507,0.072668,-0.094549,-0.31652,-0.55279,-0.77002,-0.9462,-1.0746
-0.91206,-0.98628,-0.88217,-0.5329,-0.26066,-0.27243,-0.41991,-0.40908,-0.16428,0.16803,0.44776,0.62506,0.69589,0.66377,0.53921,0.3529,0.1532,-0.011541,-0.13216,-0.25056,-0.42515,-0.68697,-1.0145,-1.3366,-1.5757,-1.6884,-1.6771,-1.5613,-1.3543,-1.0671,-0.71866,-0.34515,-0.0015564,0.25144,0.35691,0.28316,0.042621,-0.30446,-0.67303,-0.98932,-1.2216,-1.3794,-1.4844,-1.5468,-1.5609,-1.5178,-1.4354,-1.3512,-1.3055,-1.3204,-1.3883,-1.4767,-1.5372,-1.5233,-1.4186,-1.2399,-1.0307,-0.8362,-0.68704,-0.5974,-0.57228,-0.60467,-0.67452,-0.75046,-0.79799,-0.79047,-0.71892,-0.58795,-0.42136,-0.25287,-0.12074,-0.058767,-0.086901,-0.20549,-0.39518,-0.62074,-0.84713,-1.0387,-1.1779,-1.2642
-0.94737,-1.0244,-0.92872,-0.60258,-0.36168,-0.40284,-0.56613,-0.55153,-0.29419,0.048381,0.33534,0.52468,0.62221,0.63122,0.55587,0.41845,0.2597,0.11936,0.0045343,-0.12061,-0.30626,-0.57808,-0.91364,-1.2459,-1.4997,-1.6329,-1.6453,-1.5543,-1.3741,-1.1159,-0.7978,-0.45433,-0.13616,0.095753,0.18478,0.098902,-0.14874,-0.49561,-0.85432,-1.1511,-1.362,-1.5018,-1.6037,-1.6788,-1.7109,-1.6861,-1.6094,-1.5222,-1.4751,-1.4984,-1.587,-1.6996,-1.7731,-1.7522,-1.6072,-1.3664,-1.0866,-0.82168,-0.6062,-0.45691,-0.38389,-0.38131,-0.43293,-0.50935,-0.57551,-0.60262,-0.57482,-0.50167,-0.40175,-0.30267,-0.23434,-0.22331,-0.28634,-0.4247,-0.62174,-0.84384,-1.0545,-1.2244,-1.3385,-1.3984
-0.98688,-1.0577,-0.96613,-0.66611,-0.4605,-0.53451,-0.71513,-0.69781,-0.43022,-0.082866,0.20453,0.4033,0.53048,0.59073,0.58068,0.50758,0.4017,0.29433,0.19198,0.066917,-0.12146,-0.39354,-0.72773,-1.0647,-1.3366,-1.5041,-1.5617,-1.5198,-1.3883,-1.1761,-0.90185,-0.59935,-0.31763,-0.11578,-0.048687,-0.14616,-0.39345,-0.72701,-1.0585,-1.3204,-1.4965,-1.6153,-1.7137,-1.8023,-1.8588,-1.8522,-1.7803,-1.6858,-1.6298,-1.6499,-1.7461,-1.8739,-1.9598,-1.9283,-1.7512,-1.4523,-1.0973,-0.75296,-0.46482,-0.25854,-0.14214,-0.11622,-0.16416,-0.25491,-0.35136,-0.4224,-0.45462,-0.44773,-0.4194,-0.39508,-0.40091,-0.45668,-0.57059,-0.73681,-0.93605,-1.1414,-1.3192,-1.4468,-1.5176,-1.5381
-1.0114,-1.0708,-0.97682,-0.6914,-0.50596,-0.59729,-0.78659,-0.76755,-0.4972,-0.15348,0.12733,0.32667,0.4702,0.56471,0.5998,0.57179,0.50244,0.41849,0.32681,0.20572,0.022188,-0.2412,-0.56653,-0.90339,-1.1888,-1.3864,-1.4861,-1.4888,-1.398,-1.2226,-0.98045,-0.70718,-0.45101,-0.26933,-0.21532,-0.31821,-0.56087,-0.8779,-1.1811,-1.4095,-1.554,-1.6542,-1.7473,-1.8428,-1.9155,-1.9212,-1.8547,-1.7568,-1.6889,-1.7,-1.7894,-1.9129,-1.994,-1.9551,-1.7566,-1.427,-1.0383,-0.66307,-0.34978,-0.12224,0.0055586,0.035863,-0.015147,-0.11728,-0.2346,-0.33733,-0.40819,-0.45139,-0.48141,-0.51605,-0.57144,-0.6599,-0.78796,-0.95296,-1.1403,-1.3227,-1.4744,-1.5752,-1.6186,-1.6127
-1.039,-1.0763,-0.97308,-0.69877,-0.52998,-0.63218,-0.82576,-0.80679,-0.54007,-0.20965,0.055934,0.24894,0.40715,0.53927,0.62469,0.6492,0.62188,0.56312,0.48326,0.36994,0.19814,-0.047179,-0.35347,-0.68097,-0.98204,-1.2213,-1.3792,-1.446,-1.4153,-1.2924,-1.0943,-0.85449,-0.62211,-0.45528,-0.40936,-0.51515,-0.75067,-1.043,-1.3027,-1.4747,-1.5688,-1.6304,-1.7084,-1.8134,-1.9076,-1.9414,-1.8883,-1.7823,-1.6928,-1.6727,-1.7317,-1.8296,-1.8911,-1.8374,-1.6296,-1.2934,-0.89862,-0.51662,-0.19671,0.032921,0.15911,0.18035,0.11091,-0.019928,-0.17545,-0.32303,-0.44605,-0.54158,-0.62183,-0.7051,-0.80619,-0.9306,-1.0749,-1.2301,-1.3837,-1.5209,-1.6235,-1.6798,-1.6879,-1.6546
-1.0639,-1.0738,-0.95493,-0.68304,-0.51798,-0.61794,-0.80765,-0.79037,-0.53566,-0.22502,0.019086,0.20098,0.36536,0.52322,0.64634,0.71026,0.71314,0.67297,0.604,0.50099,0.34527,0.1232,-0.1594,-0.47416,-0.78698,-1.0632,-1.2773,-1.4078,-1.4404,-1.3697,-1.2109,-0.99526,-0.77375,-0.60874,-0.56131,-0.65928,-0.87807,-1.1385,-1.3507,-1.4688,-1.5121,-1.5384,-1.5966,-1.6962,-1.8023,-1.855,-1.8191,-1.7167,-1.6107,-1.5569,-1.5732,-1.6287,-1.6574,-1.5869,-1.3822,-1.0621,-0.69051,-0.33493,-0.042583,0.16,0.25766,0.24871,0.14797,-0.014832,-0.20396,-0.38941,-0.55197,-0.69385,-0.82333,-0.94948,-1.0764,-1.2032,-1.3271,-1.4443,-1.5486,-1.6289,-1.6816,-1.6971,-1.6753,-1.6237
-1.0836,-1.0712,-0.93815,-0.66241,-0.49206,-0.58166,-0.76308,-0.74919,-0.50821,-0.21517,0.012621,0.18437,0.34867,0.51807,0.65903,0.74147,0.75929,0.72938,0.66794,0.57416,0.43311,0.23043,-0.033909,-0.34011,-0.65887,-0.95716,-1.2069,-1.3794,-1.4534,-1.4174,-1.2817,-1.078,-0.85889,-0.69055,-0.63638,-0.72335,-0.92485,-1.1599,-1.3395,-1.422,-1.4305,-1.4263,-1.4589,-1.5424,-1.6473,-1.7135,-1.6997,-1.6134,-1.5043,-1.4309,-1.4118,-1.4253,-1.4177,-1.3315,-1.13,-0.83482,-0.50139,-0.18798,0.064202,0.23197,0.29666,0.25859,0.12997,-0.061875,-0.28123,-0.49518,-0.68588,-0.84763,-0.98913,-1.1236,-1.2572,-1.3837,-1.4902,-1.5684,-1.6196,-1.6531,-1.6612,-1.6488,-1.6157,-1.5635
-1.1156,-1.0727,-0.91868,-0.6325,-0.44407,-0.51035,-0.67629,-0.6687,-0.45056,-0.18225,0.025803,0.18347,0.3435,0.51759,0.66819,0.76262,0.79252,0.77217,0.71971,0.63942,0.51874,0.34087,0.099993,-0.19294,-0.51185,-0.82693,-1.1062,-1.3178,-1.4331,-1.4364,-1.3284,-1.1373,-0.91537,-0.73597,-0.66536,-0.73634,-0.91669,-1.1222,-1.2643,-1.304,-1.2697,-1.2213,-1.2143,-1.2694,-1.3625,-1.4428,-1.4566,-1.3937,-1.2929,-1.1988,-1.1406,-1.1072,-1.0593,-0.95144,-0.76538,-0.51443,-0.24023,0.011472,0.20459,0.31267,0.32477,0.23583,0.06058,-0.17032,-0.42041,-0.65967,-0.87002,-1.0522,-1.2139,-1.3596,-1.4843,-1.5766,-1.6289,-1.6445,-1.6347,-1.6079,-1.5781,-1.5404,-1.4915,-1.4312
-1.1569,-1.0861,-0.90974,-0.60681,-0.39295,-0.42632,-0.57284,-0.57333,-0.3798,-0.13545,0.054775,0.20061,0.35263,0.51956,0.66867,0.7654,0.8003,0.78564,0.74028,0.6711,0.56758,0.41247,0.19639,-0.075066,-0.38042,-0.69184,-0.97652,-1.2032,-1.3416,-1.3739,-1.2933,-1.1174,-0.89614,-0.70416,-0.61426,-0.6639,-0.82112,-1.0022,-1.117,-1.1287,-1.0636,-0.97999,-0.93143,-0.94317,-1.0061,-1.0778,-1.1132,-1.0887,-1.0147,-0.92679,-0.84586,-0.77212,-0.68542,-0.56141,-0.38666,-0.17616,0.036978,0.21668,0.33525,0.37571,0.32445,0.18367,-0.032363,-0.29609,-0.57292,-0.83139,-1.054,-1.2379,-1.3915,-1.5235,-1.6298,-1.6934,-1.6995,-1.6524,-1.5753,-1.4954,-1.4232,-1.3636,-1.3106,-1.2578
-1.1961,-1.1069,-0.91413,-0.59601,-0.35814,-0.36233,-0.49192,-0.49904,-0.32448,-0.098404,0.079744,0.21775,0.36127,0.51863,0.66244,0.75803,0.7953,0.78389,0.74218,0.6787,0.58518,0.4456,0.24963,0.00098138,-0.28366,-0.57765,-0.85126,-1.0738,-1.2193,-1.2656,-1.203,-1.0407,-0.82407,-0.62662,-0.52599,-0.55841,-0.69827,-0.86556,-0.97087,-0.9745,-0.89455,-0.78714,-0.70573,-0.68214,-0.71539,-0.7756,-0.8192,-0.81647,-0.76774,-0.69066,-0.60447,-0.51367,-0.40872,-0.27519,-0.11299,0.064303,0.23098,0.35944,0.42696,0.41702,0.32266,0.14531,-0.098338,-0.37924,-0.66418,-0.92562,-1.1468,-1.3297,-1.4819,-1.6065,-1.6935,-1.7248,-1.6916,-1.6056,-1.4939,-1.3802,-1.2895,-1.2195,-1.1631,-1.1121
-1.261,-1.1506,-0.93877,-0.5974,-0.32281,-0.28369,-0.38836,-0.40274,-0.25541,-0.053845,0.10999,0.23755,0.36829,0.51183,0.64669,0.7404,0.7803,0.7722,0.73331,0.67507,0.59339,0.47427,0.30645,0.091992,-0.15593,-0.41259,-0.65208,-0.84961,-0.98547,-1.0374,-0.99132,-0.84949,-0.64644,-0.45431,-0.34965,-0.37212,-0.50073,-0.65828,-0.7612,-0.76207,-0.67179,-0.53807,-0.41475,-0.34017,-0.32561,-0.35498,-0.3953,-0.41521,-0.39978,-0.35149,-0.27872,-0.18515,-0.068974,0.06916,0.22092,0.36642,0.4811,0.54453,0.54368,0.47144,0.32515,0.11102,-0.15513,-0.448,-0.73772,-0.9977,-1.2135,-1.3855,-1.521,-1.6267,-1.6944,-1.7028,-1.6377,-1.5106,-1.3551,-1.2072,-1.0884,-1.003,-0.94376,-0.9001
-1.3191,-1.1974,-0.97142,-0.61183,-0.30761,-0.23424,-0.31842,-0.33752,-0.21055,-0.026784,0.12775,0.24788,0.36888,0.50266,0.63014,0.72207,0.7634,0.75702,0.71963,0.66551,0.59383,0.49138,0.34571,0.15692,-0.060839,-0.28379,-0.48834,-0.65492,-0.76827,-0.81373,-0.7749,-0.65129,-0.46994,-0.29516,-0.19786,-0.22118,-0.34625,-0.50111,-0.60418,-0.60649,-0.51451,-0.3684,-0.21937,-0.10746,-0.053375,-0.051868,-0.081619,-0.11259,-0.11985,-0.096085,-0.038578,0.050595,0.1682,0.30531,0.44775,0.57079,0.65117,0.67279,0.62785,0.51648,0.33728,0.10207,-0.17128,-0.4594,-0.73808,-0.98742,-1.1935,-1.3609,-1.4963,-1.6001,-1.6582,-1.6486,-1.5618,-1.4135,-1.2382,-1.0707,-0.93747,-0.8427,-0.78081,-0.74125
-1.4092,-1.278,-1.0342,-0.64969,-0.30364,-0.18463,-0.24106,-0.26581,-0.16442,-0.0011606,0.14328,0.25652,0.36547,0.48446,0.59906,0.68772,0.73189,0.7301,0.69749,0.65077,0.5924,0.51044,0.392,0.23603,0.059788,-0.11361,-0.26365,-0.37963,-0.45463,-0.48344,-0.45287,-0.35591,-0.21381,-0.073785,0.0012556,-0.028104,-0.14946,-0.30359,-0.41061,-0.42316,-0.33558,-0.18067,-0.0039315,0.15102,0.25552,0.29849,0.29317,0.26466,0.23703,0.23462,0.2663,0.33624,0.44224,0.57431,0.70358,0.80373,0.85013,0.82946,0.73991,0.58609,0.3807,0.13391,-0.13921,-0.42008,-0.68797,-0.92439,-1.1214,-1.2786,-1.4043,-1.5013,-1.555,-1.5397,-1.4413,-1.2751,-1.0791,-0.89111,-0.74209,-0.63675,-0.56962,-0.53025
-1.5127,-1.3774,-1.1167,-0.70692,-0.31897,-0.15483,-0.18396,-0.21337,-0.13241,0.015105,0.15525,0.26596,0.36241,0.45999,0.55572,0.63727,0.68564,0.69392,0.67188,0.63489,0.58762,0.52102,0.42408,0.2987,0.16227,0.038323,-0.057833,-0.12313,-0.16135,-0.17048,-0.14162,-0.067287,0.040889,0.14325,0.18733,0.13959,0.0098517,-0.14753,-0.26393,-0.289,-0.21037,-0.051561,0.14673,0.33918,0.48899,0.57786,0.60472,0.58566,0.54757,0.51553,0.51458,0.56055,0.65541,0.78083,0.90927,1.001,1.0265,0.97403,0.84847,0.66609,0.43914,0.18749,-0.074233,-0.33389,-0.58019,-0.80252,-0.99143,-1.1495,-1.2807,-1.3821,-1.4366,-1.4177,-1.3111,-1.1315,-0.91844,-0.71743,-0.55097,-0.43519,-0.36651,-0.33271
-1.5971,-1.462,-1.1895,-0.75979,-0.34134,-0.1442,-0.15472,-0.18626,-0.1176,0.022507,0.16396,0.27543,0.36089,0.43765,0.51464,0.58704,0.63903,0.65833,0.64796,0.62024,0.58044,0.52185,0.43625,0.32836,0.2159,0.1228,0.061565,0.031824,0.023108,0.03336,0.066764,0.12776,0.21079,0.28221,0.29936,0.23396,0.095887,-0.063479,-0.18375,-0.21473,-0.14392,0.013123,0.21851,0.42859,0.60527,0.72347,0.77473,0.76893,0.72884,0.68383,0.66456,0.69265,0.77371,0.89439,1.0177,1.1039,1.1228,1.0626,0.92891,0.7342,0.50485,0.25401,-0.005322,-0.26151,-0.50276,-0.71853,-0.90566,-1.0606,-1.1872,-1.2828,-1.3305,-1.3062,-1.1976,-1.0191,-0.80653,-0.59913,-0.42863,-0.3046,-0.22586,-0.18441
-1.7148,-1.5846,-1.2959,-0.83858,-0.38149,-0.14305,-0.13184,-0.16409,-0.10835,0.027523,0.17537,0.28771,0.35717,0.40187,0.44819,0.50558,0.5624,0.59888,0.6071,0.59301,0.56179,0.50943,0.43098,0.33394,0.24057,0.17605,0.15378,0.16869,0.20568,0.24951,0.29488,0.3431,0.38857,0.41453,0.39427,0.30953,0.17102,0.017251,-0.097218,-0.13391,-0.076669,0.063358,0.25984,0.47721,0.67727,0.82976,0.91635,0.93492,0.90019,0.84101,0.79279,0.78963,0.84962,0.96167,1.0919,1.192,1.2221,1.1645,1.0241,0.82388,0.58227,0.32688,0.074283,-0.16812,-0.39718,-0.60854,-0.79221,-0.9504,-1.078,-1.1675,-1.2031,-1.1658,-1.0474,-0.86269,-0.64612,-0.43564,-0.25855,-0.13033,-0.050517,-0.010366
-1.8038,-1.6804,-1.3787,-0.9,-0.41555,-0.14974,-0.12202,-0.15443,-0.10551,0.029827,0.18348,0.296,0.35049,0.36873,0.38911,0.4334,0.49329,0.54327,0.56628,0.56219,0.53535,0.48364,0.40434,0.30743,0.21945,0.16839,0.16878,0.2135,0.28263,0.35296,0.4119,0.45708,0.48293,0.48187,0.43797,0.34299,0.20778,0.063479,-0.044856,-0.085642,-0.041765,0.080509,0.26291,0.47545,0.68296,0.85253,0.95953,0.99426,0.96544,0.89845,0.83291,0.8092,0.85241,0.95798,1.0912,1.2011,1.2449,1.202,1.0748,0.88083,0.64433,0.38822,0.13004,-0.11911,-0.35196,-0.56216,-0.74469,-0.89339,-1.0052,-1.0748,-1.0916,-1.0428,-0.92295,-0.74365,-0.53243,-0.32281,-0.14412,-0.010033,0.076252,0.12008
-1.9183,-1.8065,-1.4865,-0.97944,-0.46014,-0.16074,-0.11198,-0.14374,-0.1014,0.034174,0.19338,0.30358,0.3346,0.31397,0.29676,0.32218,0.38586,0.4542,0.49714,0.5053,0.48017,0.42184,0.3321,0.2254,0.13457,0.09263,0.1157,0.19434,0.30099,0.40634,0.49092,0.54386,0.5624,0.54121,0.47732,0.3733,0.24457,0.1191,0.024108,-0.016451,0.0074779,0.097849,0.24521,0.43179,0.63142,0.81162,0.9405,0.9972,0.97912,0.90528,0.81602,0.75941,0.77306,0.86489,1.0035,1.135,1.2092,1.1982,1.0992,0.92631,0.70142,0.448,0.18554,-0.071449,-0.31175,-0.52512,-0.70041,-0.83351,-0.91985,-0.95769,-0.94393,-0.87349,-0.74496,-0.5681,-0.36508,-0.16303,0.013192,0.14677,0.23364,0.2782
-2.0205,-1.9229,-1.5836,-1.0483,-0.49803,-0.16754,-0.097668,-0.12668,-0.090809,0.042241,0.20272,0.30408,0.30773,0.24458,0.18612,0.19101,0.25885,0.34577,0.40735,0.42494,0.39756,0.32673,0.21773,0.091907,-0.012271,-0.054532,-0.015769,0.092215,0.23646,0.38173,0.49876,0.57098,0.59264,0.56469,0.49502,0.39872,0.2926,0.19583,0.12154,0.081404,0.081615,0.12658,0.21897,0.35754,0.52962,0.7073,0.85321,0.93231,0.92705,0.8476,0.72984,0.62966,0.60108,0.66797,0.80827,0.96637,1.0827,1.1199,1.0672,0.93312,0.73408,0.49013,0.22311,-0.045519,-0.29595,-0.51079,-0.67711,-0.78288,-0.82866,-0.82063,-0.76752,-0.67511,-0.54538,-0.38171,-0.19521,-0.006867,0.16356,0.2977,0.38647,0.42993
-2.0837,-1.9983,-1.6444,-1.0894,-0.5183,-0.16596,-0.080632,-0.10625,-0.076369,0.051177,0.20705,0.29762,0.27813,0.18165,0.092082,0.080729,0.15113,0.25124,0.32554,0.34868,0.3179,0.23536,0.10855,-0.036472,-0.15618,-0.20483,-0.15991,-0.033028,0.14127,0.32033,0.46821,0.5631,0.5948,0.57028,0.50614,0.42479,0.34386,0.27217,0.21463,0.17271,0.15134,0.15816,0.20516,0.30146,0.4439,0.61002,0.75832,0.84652,0.84893,0.76538,0.6299,0.49879,0.43322,0.47123,0.60245,0.77373,0.9216,1.0013,0.99507,0.90248,0.73701,0.51399,0.25383,-0.018888,-0.2773,-0.49543,-0.65117,-0.73567,-0.74919,-0.70606,-0.62487,-0.51785,-0.38762,-0.23381,-0.062102,0.11465,0.27388,0.40004,0.48517,0.52929
-2.143,-2.0757,-1.7052,-1.1271,-0.53179,-0.1505,-0.042241,-0.063392,-0.044495,0.066688,0.20515,0.27346,0.22073,0.081216,-0.04613,-0.077454,-0.0051149,0.10954,0.19862,0.22831,0.19171,0.091271,-0.060952,-0.23299,-0.3759,-0.43826,-0.39287,-0.247,-0.037179,0.18744,0.38383,0.52093,0.58581,0.58522,0.5433,0.48663,0.43611,0.39361,0.35457,0.31037,0.26121,0.21699,0.19798,0.2283,0.32082,0.46113,0.60811,0.70885,0.72234,0.63747,0.47743,0.29756,0.16948,0.15129,0.25523,0.43883,0.63408,0.78318,0.85361,0.8348,0.7263,0.53941,0.29557,0.02559,-0.23457,-0.44956,-0.59129,-0.64531,-0.61866,-0.535,-0.4236,-0.30435,-0.18072,-0.045897,0.10421,0.26294,0.41215,0.53408,0.61637,0.6556
-2.1661,-2.1189,-1.7379,-1.1439,-0.52712,-0.1167,0.017376,0.0032228,0.0048765,0.085316,0.19034,0.22396,0.13471,-0.041311,-0.19739,-0.24318,-0.16925,-0.044056,0.055696,0.089303,0.046026,-0.071674,-0.24804,-0.44649,-0.61183,-0.68937,-0.6481,-0.48934,-0.25006,0.017883,0.26479,0.45217,0.56595,0.60887,0.60428,0.58024,0.55533,0.53176,0.49733,0.44278,0.36538,0.27562,0.19845,0.16772,0.20802,0.31631,0.4526,0.55824,0.58258,0.50094,0.32533,0.10291,-0.092306,-0.18311,-0.12883,0.050189,0.28702,0.51024,0.67022,0.73942,0.70717,0.57553,0.3629,0.10387,-0.1563,-0.37082,-0.50097,-0.5334,-0.4776,-0.36675,-0.23927,-0.11873,-0.0058426,0.11257,0.24671,0.38993,0.53206,0.65049,0.73012,0.76553
-2.1555,-2.1251,-1.7419,-1.1415,-0.51165,-0.07828,0.078114,0.069619,0.05409,0.10051,0.16739,0.16594,0.047386,-0.15026,-0.31933,-0.36908,-0.29295,-0.16247,-0.058217,-0.024637,-0.074249,-0.2039,-0.39545,-0.6098,-0.78892,-0.87667,-0.83812,-0.67315,-0.41533,-0.11731,0.1651,0.39296,0.5452,0.62595,0.65371,0.65749,0.6507,0.63413,0.59597,0.52774,0.42865,0.30955,0.19807,0.13002,0.13454,0.21575,0.3374,0.44174,0.47458,0.40057,0.22377,-0.018216,-0.25614,-0.40496,-0.39889,-0.23678,0.023232,0.30105,0.53078,0.67062,0.6983,0.61004,0.42275,0.1741,-0.08426,-0.29846,-0.42758,-0.45099,-0.3838,-0.26334,-0.13062,-0.010133,0.097356,0.20599,0.32845,0.46605,0.60023,0.71393,0.79249,0.82965
-2.1009,-2.0948,-1.7186,-1.1193,-0.47533,-0.0093641,0.17882,0.17833,0.13369,0.12161,0.1206,0.062316,-0.0969,-0.31685,-0.49206,-0.53754,-0.45563,-0.32063,-0.21514,-0.18608,-0.24645,-0.39071,-0.59699,-0.82282,-1.0109,-1.1067,-1.0747,-0.91122,-0.64025,-0.30993,0.022444,0.30981,0.52229,0.65578,0.72549,0.75481,0.76042,0.74337,0.69636,0.61042,0.48547,0.33495,0.18617,0.076635,0.039471,0.083636,0.18481,0.29008,0.33878,0.28969,0.12685,-0.12726,-0.41028,-0.62801,-0.69018,-0.55736,-0.27434,0.067089,0.37997,0.60448,0.70396,0.66877,0.51389,0.27858,0.019071,-0.20408,-0.34006,-0.37031,-0.30651,-0.18768,-0.057188,0.059497,0.16258,0.26805,0.38978,0.52694,0.66475,0.7823,0.86324,0.9003
-2.0287,-2.042,-1.6807,-1.0897,-0.43807,0.053582,0.26775,0.27247,0.20208,0.1371,0.076167,-0.032183,-0.22298,-0.45496,-0.62839,-0.66566,-0.57686,-0.43903,-0.33514,-0.31205,-0.38142,-0.5347,-0.74681,-0.97305,-1.1593,-1.256,-1.232,-1.0771,-0.80571,-0.45856,-0.09055,0.24108,0.50069,0.67419,0.77431,0.81929,0.8284,0.80474,0.74394,0.64039,0.49648,0.32824,0.16211,0.033331,-0.026927,-0.006752,0.076659,0.17746,0.23832,0.21094,0.071791,-0.16775,-0.45632,-0.70349,-0.80589,-0.70169,-0.41698,-0.043981,0.31656,0.58859,0.7287,0.7206,0.57832,0.34349,0.076439,-0.15809,-0.30749,-0.3492,-0.29558,-0.18583,-0.062644,0.049862,0.15296,0.2626,0.39149,0.53881,0.68373,0.80703,0.89299,0.93495
-1.8922,-1.9327,-1.6039,-1.0357,-0.37783,0.14857,0.39767,0.40784,0.29755,0.15505,0.0054899,-0.17577,-0.40873,-0.65112,-0.81515,-0.83719,-0.73648,-0.59507,-0.49599,-0.48339,-0.56526,-0.72779,-0.94027,-1.1567,-1.3309,-1.4232,-1.4085,-1.2684,-1.0047,-0.64555,-0.24519,0.13445,0.44744,0.67317,0.81415,0.88517,0.89913,0.86122,0.7731,0.63809,0.4689,0.2828,0.1071,-0.032049,-0.11345,-0.1229,-0.067487,0.023495,0.10129,0.11219,0.022215,-0.17203,-0.43322,-0.68105,-0.80507,-0.72642,-0.45077,-0.064866,0.32194,0.62341,0.78399,0.7861,0.64351,0.39862,0.1129,-0.14688,-0.32377,-0.39394,-0.36541,-0.27495,-0.16384,-0.054792,0.054809,0.18093,0.33367,0.50621,0.67551,0.81805,0.91648,0.96416
-1.7148,-1.7834,-1.5002,-0.96732,-0.30927,0.24971,0.53281,0.54529,0.39085,0.1678,-0.0753,-0.33314,-0.60433,-0.85057,-0.99739,-0.99896,-0.88615,-0.74475,-0.65548,-0.6574,-0.75223,-0.92011,-1.1262,-1.3265,-1.4809,-1.5619,-1.5499,-1.4244,-1.1741,-0.81597,-0.39952,0.014527,0.37245,0.64595,0.8251,0.91722,0.93088,0.87544,0.76097,0.59969,0.41003,0.21379,0.033714,-0.11231,-0.20958,-0.24721,-0.21791,-0.13441,-0.03839,0.018929,-0.0087968,-0.13688,-0.33919,-0.54285,-0.65125,-0.57896,-0.31902,0.052823,0.42913,0.71698,0.86329,0.84433,0.67451,0.39907,0.082348,-0.2079,-0.41943,-0.52075,-0.52206,-0.45808,-0.36556,-0.26121,-0.13791,0.019549,0.21398,0.42547,0.63003,0.79765,0.9112,0.96689
-1.5588,-1.649,-1.4077,-0.90861,-0.25439,0.32661,0.63315,0.64511,0.45736,0.17353,-0.13984,-0.45378,-0.75087,-0.99366,-1.1217,-1.1063,-0.98713,-0.85086,-0.77401,-0.78998,-0.89489,-1.0644,-1.2616,-1.445,-1.5795,-1.6471,-1.6337,-1.519,-1.2832,-0.93336,-0.51128,-0.078625,0.30709,0.60929,0.81275,0.91667,0.92969,0.86335,0.73188,0.55335,0.34968,0.1464,-0.035949,-0.18362,-0.28937,-0.34131,-0.32871,-0.25473,-0.1472,-0.061249,-0.04184,-0.10941,-0.24662,-0.39655,-0.4643,-0.3773,-0.12737,0.21787,0.55913,0.81189,0.91959,0.86568,0.66619,0.36516,0.023939,-0.29233,-0.52867,-0.66174,-0.69537,-0.65792,-0.57872,-0.46939,-0.32349,-0.13232,0.098427,0.34641,0.57694,0.76268,0.88868,0.95296
-1.3283,-1.4465,-1.2681,-0.8217,-0.17835,0.42709,0.75928,0.7679,0.53687,0.17487,-0.22748,-0.61068,-0.93638,-1.1663,-1.2631,-1.2252,-1.1029,-0.98064,-0.92655,-0.96454,-1.0835,-1.2537,-1.4353,-1.5894,-1.6918,-1.7363,-1.7174,-1.6149,-1.4008,-1.0686,-0.6496,-0.20567,0.20314,0.5331,0.76338,0.88631,0.90557,0.83065,0.67931,0.47636,0.25306,0.039591,-0.14326,-0.29048,-0.40441,-0.47953,-0.49451,-0.43303,-0.31261,-0.17818,-0.086672,-0.069879,-0.11902,-0.18113,-0.18729,-0.072975,0.16555,0.46917,0.75243,0.93954,0.98413,0.87072,0.61804,0.27277,-0.10298,-0.44725,-0.71342,-0.87898,-0.95037,-0.9495,-0.89433,-0.78576,-0.61307,-0.37308,-0.084345,0.21456,0.4876,0.70373,0.84934,0.92499
-1.144,-1.2816,-1.1531,-0.75085,-0.12092,0.49768,0.8438,0.84836,0.58685,0.17163,-0.29118,-0.72034,-1.0609,-1.2766,-1.3486,-1.2948,-1.174,-1.0669,-1.0335,-1.0902,-1.2195,-1.388,-1.5552,-1.6848,-1.7623,-1.7884,-1.7621,-1.6642,-1.464,-1.1476,-0.74111,-0.30029,0.1146,0.45904,0.70631,0.84417,0.87014,0.79163,0.62833,0.40911,0.17116,-0.0514,-0.23656,-0.38402,-0.50335,-0.59174,-0.62457,-0.57447,-0.44568,-0.28434,-0.14562,-0.065221,-0.041375,-0.034818,0.014881,0.15385,0.38289,0.65182,0.88676,1.02,1.0118,0.85001,0.5564,0.17962,-0.2185,-0.57892,-0.86065,-1.047,-1.1443,-1.1697,-1.1313,-1.0207,-0.82488,-0.54777,-0.21889,0.11849,0.4167,0.64947,0.80636,0.89072
-0.89147,-1.0519,-0.99021,-0.65079,-0.045875,0.58041,0.93743,0.93447,0.63716,0.16216,-0.36849,-0.84754,-1.2002,-1.3926,-1.4321,-1.3607,-1.2464,-1.1639,-1.1614,-1.244,-1.3851,-1.5461,-1.6895,-1.7884,-1.8375,-1.8426,-1.8058,-1.7081,-1.5208,-1.2263,-0.84296,-0.41747,-0.0042673,0.35046,0.6138,0.76602,0.79836,0.71689,0.54135,0.3052,0.049373,-0.18716,-0.38173,-0.53626,-0.66562,-0.76952,-0.8192,-0.77678,-0.63656,-0.43857,-0.2428,-0.089661,0.017647,0.10821,0.22683,0.40264,0.62596,0.85126,1.0195,1.0814,1.0005,0.77663,0.43765,0.034733,-0.37265,-0.73394,-1.0193,-1.2206,-1.3501,-1.4151,-1.4061,-1.2985,-1.0755,-0.75092,-0.37043,0.0057561,0.33567,0.58821,0.75509,0.84252
-0.63934,-0.81829,-0.82082,-0.54607,0.024933,0.64625,1.004,0.99083,0.66509,0.14564,-0.43407,-0.94755,-1.3034,-1.4717,-1.4832,-1.399,-1.2948,-1.2395,-1.2687,-1.375,-1.5229,-1.6715,-1.7894,-1.8617,-1.8893,-1.8792,-1.8318,-1.7303,-1.5494,-1.2742,-0.91689,-0.51547,-0.11788,0.23296,0.50214,0.66388,0.70252,0.61905,0.43333,0.1813,-0.092708,-0.34572,-0.55459,-0.72159,-0.86128,-0.97731,-1.0375,-0.99791,-0.84561,-0.616,-0.36913,-0.14995,0.030612,0.19224,0.36329,0.56015,0.771,0.95807,1.0735,1.0741,0.93975,0.67211,0.30341,-0.1125,-0.51705,-0.86528,-1.1355,-1.3368,-1.4786,-1.5629,-1.5692,-1.4622,-1.2227,-0.87164,-0.46484,-0.066188,0.27321,0.52961,0.69792,0.7864
-0.45576,-0.64544,-0.69233,-0.46587,0.07387,0.68203,1.0338,1.0118,0.67079,0.12926,-0.47451,-1.0023,-1.355,-1.507,-1.5019,-1.4123,-1.3179,-1.2839,-1.3359,-1.4562,-1.6042,-1.7409,-1.8411,-1.8972,-1.913,-1.8947,-1.84,-1.7347,-1.5555,-1.2934,-0.95621,-0.57677,-0.19731,0.14325,0.411,0.57509,0.61617,0.53001,0.33662,0.071438,-0.21745,-0.48675,-0.70874,-0.88411,-1.0304,-1.1475,-1.2069,-1.1636,-0.9989,-0.75073,-0.47612,-0.2203,0.0030066,0.20437,0.40743,0.61802,0.82065,0.98121,1.0595,1.0237,0.85361,0.55998,0.18064,-0.22742,-0.60792,-0.92473,-1.1707,-1.3544,-1.4951,-1.5902,-1.6079,-1.504,-1.2576,-0.89629,-0.48308,-0.084855,0.25014,0.49876,0.65893,0.74144
-0.22429,-0.42343,-0.52232,-0.35834,0.13183,0.71026,1.046,1.011,0.65727,0.10053,-0.51804,-1.0514,-1.3942,-1.5267,-1.5049,-1.4132,-1.3354,-1.3285,-1.4051,-1.5364,-1.6786,-1.7974,-1.8767,-1.9162,-1.9212,-1.8947,-1.8321,-1.7222,-1.5498,-1.3078,-1.002,-0.6544,-0.2981,0.029975,0.29166,0.45073,0.48356,0.38631,0.17876,-0.10162,-0.40699,-0.69279,-0.93089,-1.1199,-1.273,-1.39,-1.4398,-1.3779,-1.1916,-0.91416,-0.60754,-0.31824,-0.061455,0.17269,0.39405,0.6064,0.79299,0.92358,0.96532,0.89185,0.69549,0.39048,0.017695,-0.36654,-0.71,-0.9826,-1.1815,-1.3304,-1.4446,-1.5215,-1.5294,-1.4235,-1.1829,-0.83433,-0.43952,-0.064798,0.24727,0.47515,0.61769,0.68598
-0.013261,-0.21606,-0.35782,-0.25249,0.18043,0.71644,1.0267,0.9796,0.62033,0.06205,-0.55429,-1.0808,-1.4104,-1.5264,-1.4943,-1.4072,-1.3468,-1.3613,-1.452,-1.5837,-1.7132,-1.8129,-1.8758,-1.9065,-1.9076,-1.8772,-1.8098,-1.6983,-1.5364,-1.317,-1.0433,-0.72706,-0.39297,-0.077916,0.17331,0.32037,0.33608,0.22062,-0.0047117,-0.29868,-0.61553,-0.91094,-1.159,-1.3553,-1.5065,-1.6098,-1.635,-1.5457,-1.335,-1.0418,-0.72248,-0.41952,-0.1487,0.093521,0.31614,0.51737,0.68197,0.78448,0.7974,0.70154,0.49052,0.18488,-0.16977,-0.51534,-0.8032,-1.0119,-1.1499,-1.2406,-1.3089,-1.352,-1.3369,-1.2213,-0.98968,-0.67105,-0.32177,0.0063947,0.27055,0.45934,0.57533,0.62929
0.12913,-0.073621,-0.24092,-0.17593,0.20977,0.70602,0.99342,0.93837,0.57958,0.026814,-0.58011,-1.0954,-1.4138,-1.5212,-1.486,-1.4043,-1.3549,-1.3797,-1.4739,-1.5996,-1.7161,-1.8019,-1.8559,-1.8843,-1.8866,-1.8565,-1.7884,-1.6787,-1.5255,-1.3238,-1.072,-0.77717,-0.4599,-0.1575,0.08305,0.21742,0.2188,0.0878,-0.14967,-0.45254,-0.77426,-1.0732,-1.3222,-1.5147,-1.6553,-1.7384,-1.7376,-1.6224,-1.3938,-1.0923,-0.77424,-0.4792,-0.21965,0.010588,0.21858,0.40316,0.54885,0.63194,0.62873,0.52165,0.3112,0.018467,-0.31267,-0.62704,-0.87763,-1.0424,-1.1283,-1.1676,-1.1819,-1.1761,-1.1288,-1.0065,-0.79374,-0.5109,-0.20391,0.07744,0.30548,0.46468,0.55584,0.58893
0.29503,0.095774,-0.096724,-0.081439,0.23758,0.67413,0.92711,0.86231,0.50939,-0.029559,-0.61786,-1.1127,-1.4161,-1.5179,-1.4843,-1.4091,-1.3675,-1.3955,-1.4838,-1.5947,-1.6929,-1.7639,-1.8119,-1.8418,-1.8483,-1.8205,-1.7534,-1.6499,-1.5122,-1.337,-1.1155,-0.84742,-0.54928,-0.26041,-0.032971,0.082266,0.060132,-0.094407,-0.34786,-0.65647,-0.97439,-1.2648,-1.5033,-1.6803,-1.7951,-1.8388,-1.7913,-1.6374,-1.3898,-1.0932,-0.79709,-0.53325,-0.3096,-0.11882,0.050838,0.19958,0.31589,0.37871,0.36431,0.25504,0.049133,-0.23122,-0.53753,-0.80913,-0.99762,-1.0863,-1.0918,-1.0458,-0.98223,-0.91159,-0.81977,-0.68299,-0.49126,-0.25988,-0.021252,0.19233,0.35676,0.46507,0.52,0.53017
0.4001,0.20621,-0.00010964,-0.018084,0.24955,0.63693,0.8622,0.7914,0.44616,-0.078945,-0.64991,-1.1277,-1.4208,-1.5213,-1.4924,-1.4219,-1.3804,-1.4018,-1.4773,-1.5723,-1.656,-1.7195,-1.7682,-1.8029,-1.8136,-1.7876,-1.7233,-1.6277,-1.5062,-1.3533,-1.1558,-0.90673,-0.61984,-0.33683,-0.1164,-0.013673,-0.054503,-0.22736,-0.49371,-0.80294,-1.1112,-1.3827,-1.5993,-1.7532,-1.8393,-1.8487,-1.7658,-1.5856,-1.3298,-1.045,-0.77653,-0.55117,-0.37227,-0.22799,-0.10132,0.012931,0.10559,0.15531,0.1369,0.031181,-0.1657,-0.43028,-0.71339,-0.95362,-1.1014,-1.1385,-1.0786,-0.96512,-0.83359,-0.70472,-0.57621,-0.43191,-0.2609,-0.070571,0.11665,0.27779,0.39468,0.46355,0.4895,0.48192
0.51345,0.32908,0.11081,0.052679,0.25147,0.56969,0.75625,0.6797,0.34853,-0.15297,-0.69728,-1.1508,-1.4315,-1.5346,-1.5148,-1.4495,-1.4026,-1.4069,-1.4562,-1.523,-1.5864,-1.6439,-1.6992,-1.7445,-1.7628,-1.7401,-1.6809,-1.5996,-1.5042,-1.3839,-1.2178,-0.99127,-0.71613,-0.4386,-0.22522,-0.13554,-0.19565,-0.38877,-0.66604,-0.97181,-1.2592,-1.5004,-1.6796,-1.7903,-1.8281,-1.7845,-1.6543,-1.4453,-1.1888,-0.93074,-0.71184,-0.55281,-0.45063,-0.38528,-0.33237,-0.27563,-0.21784,-0.18038,-0.19384,-0.2847,-0.46245,-0.70675,-0.96616,-1.1717,-1.2651,-1.2247,-1.0741,-0.85932,-0.63378,-0.43184,-0.26219,-0.11471,0.023663,0.15622,0.27522,0.36843,0.42843,0.4537,0.448,0.41785
0.59568,0.42263,0.19717,0.10394,0.23422,0.48235,0.63166,0.55262,0.24007,-0.23361,-0.74906,-1.1798,-1.4509,-1.56,-1.5506,-1.4854,-1.4243,-1.4013,-1.4154,-1.4492,-1.4931,-1.5498,-1.6186,-1.6817,-1.7111,-1.6939,-1.6412,-1.5757,-1.5068,-1.4193,-1.283,-1.0762,-0.80922,-0.53352,-0.32403,-0.24507,-0.3233,-0.53371,-0.8189,-1.1139,-1.3724,-1.5725,-1.7064,-1.77,-1.7564,-1.6596,-1.4841,-1.2534,-1.0065,-0.78836,-0.63119,-0.54738,-0.52913,-0.55339,-0.58507,-0.59665,-0.5793,-0.55109,-0.54962,-0.61438,-0.76461,-0.98432,-1.2181,-1.3879,-1.4272,-1.3128,-1.0705,-0.7652,-0.45768,-0.19315,0.0098782,0.15635,0.26199,0.33984,0.39472,0.42672,0.43358,0.41875,0.38702,0.34326
0.63686,0.47319,0.24322,0.12657,0.20774,0.40502,0.52685,0.449,0.1541,-0.29615,-0.78869,-1.2038,-1.471,-1.5858,-1.5834,-1.515,-1.4362,-1.3853,-1.3692,-1.3788,-1.4118,-1.4727,-1.5551,-1.6327,-1.6715,-1.6595,-1.6126,-1.5596,-1.5098,-1.4447,-1.3282,-1.1335,-0.87191,-0.5983,-0.39208,-0.32167,-0.41141,-0.63215,-0.91931,-1.2037,-1.4399,-1.6076,-1.7047,-1.7295,-1.6771,-1.5449,-1.3444,-1.1055,-0.87077,-0.68284,-0.56984,-0.54177,-0.58921,-0.68346,-0.78559,-0.85367,-0.86691,-0.8406,-0.81988,-0.85724,-0.97881,-1.1769,-1.3939,-1.5416,-1.5425,-1.3715,-1.0669,-0.69637,-0.33633,-0.038215,0.17731,0.31563,0.39553,0.43589,0.44897,0.44186,0.41733,0.37934,0.33227,0.27981
0.66501,0.51243,0.27797,0.13225,0.1524,0.28436,0.37415,0.30156,0.034606,-0.38108,-0.8422,-1.2367,-1.4996,-1.6232,-1.6275,-1.5487,-1.4381,-1.3416,-1.2816,-1.2629,-1.2888,-1.3613,-1.4655,-1.5644,-1.6176,-1.6147,-1.5791,-1.5438,-1.5178,-1.4775,-1.3803,-1.1964,-0.94054,-0.67194,-0.47403,-0.41498,-0.51685,-0.74779,-1.0355,-1.3081,-1.5161,-1.6447,-1.6948,-1.6695,-1.5688,-1.3947,-1.1672,-0.92367,-0.7087,-0.56321,-0.50886,-0.55068,-0.67705,-0.86001,-1.0488,-1.1887,-1.2426,-1.2192,-1.1715,-1.1642,-1.2437,-1.4029,-1.583,-1.6923,-1.6487,-1.4237,-1.0535,-0.62204,-0.20978,0.12281,0.34795,0.46934,0.51084,0.50121,0.46355,0.41378,0.35649,0.29923,0.24467,0.19237
0.66324,0.51965,0.27989,0.10549,0.070484,0.1436,0.20691,0.14409,-0.090363,-0.46788,-0.89609,-1.2681,-1.5256,-1.6567,-1.6649,-1.5704,-1.4199,-1.2719,-1.1687,-1.1275,-1.1534,-1.243,-1.3736,-1.497,-1.5678,-1.5758,-1.5528,-1.5342,-1.5288,-1.5069,-1.4199,-1.24,-0.98556,-0.72305,-0.53841,-0.49731,-0.6184,-0.8627,-1.1551,-1.417,-1.5976,-1.6863,-1.6896,-1.6172,-1.4753,-1.2689,-1.0256,-0.78591,-0.59311,-0.48393,-0.47619,-0.57417,-0.76757,-1.026,-1.2966,-1.5061,-1.5966,-1.5671,-1.4788,-1.4164,-1.4384,-1.5511,-1.6979,-1.7796,-1.7043,-1.4399,-1.0284,-0.55817,-0.11889,0.22472,0.44341,0.54204,0.54888,0.49978,0.42499,0.34378,0.2684,0.20012,0.1393,0.085123
0.64327,0.50396,0.25754,0.062154,-0.0097664,0.024985,0.072183,0.020444,-0.18781,-0.53524,-0.93571,-1.2896,-1.5407,-1.6748,-1.684,-1.5736,-1.3893,-1.2026,-1.0701,-1.0161,-1.0456,-1.1521,-1.3058,-1.451,-1.5374,-1.5554,-1.5407,-1.5322,-1.5379,-1.5236,-1.439,-1.2581,-1.0042,-0.74947,-0.5802,-0.55945,-0.70076,-0.95872,-1.2553,-1.5073,-1.6668,-1.7236,-1.6928,-1.5902,-1.4233,-1.2035,-0.95646,-0.72233,-0.5454,-0.45773,-0.47742,-0.60824,-0.83986,-1.142,-1.4593,-1.7087,-1.8192,-1.7824,-1.6639,-1.5574,-1.537,-1.614,-1.7336,-1.7961,-1.7071,-1.4313,-1.0098,-0.52953,-0.082189,0.26374,0.47535,0.55604,0.53606,0.45651,0.35462,0.25581,0.17055,0.10374,0.052201,0.0096298
0.59377,0.45515,0.19503,-0.028426,-0.14364,-0.14997,-0.11818,-0.15129,-0.3228,-0.62675,-0.9867,-1.3117,-1.5516,-1.6879,-1.6943,-1.5572,-1.3249,-1.0891,-0.9237,-0.85913,-0.89933,-1.0323,-1.2201,-1.3983,-1.5094,-1.5448,-1.5423,-1.5454,-1.5583,-1.5436,-1.4526,-1.2647,-1.0158,-0.77989,-0.64023,-0.6523,-0.82221,-1.1011,-1.4023,-1.6423,-1.7727,-1.791,-1.7196,-1.5813,-1.3895,-1.1589,-0.91446,-0.69497,-0.53974,-0.47847,-0.52571,-0.6831,-0.94118,-1.2757,-1.6279,-1.9131,-2.0472,-2.0061,-1.8513,-1.6899,-1.6088,-1.6327,-1.7156,-1.7602,-1.668,-1.3971,-0.98206,-0.50927,-0.071563,0.26131,0.45528,0.51306,0.46593,0.35873,0.23393,0.11961,0.032928,-0.028196,-0.071005,-0.104
0.54041,0.39805,0.12351,-0.12165,-0.26412,-0.29445,-0.26807,-0.2853,-0.42722,-0.69609,-1.0223,-1.3218,-1.5523,-1.6899,-1.6902,-1.5289,-1.26,-0.99083,-0.80692,-0.74123,-0.79407,-0.9484,-1.1615,-1.3645,-1.4962,-1.5485,-1.5603,-1.5738,-1.5896,-1.5688,-1.4648,-1.2662,-1.0185,-0.79804,-0.68471,-0.72721,-0.92469,-1.2235,-1.5308,-1.7622,-1.8689,-1.8565,-1.7534,-1.5902,-1.3878,-1.1594,-0.92893,-0.7285,-0.59103,-0.5428,-0.59723,-0.75848,-1.021,-1.3609,-1.7264,-2.0264,-2.1662,-2.1138,-1.9325,-1.7363,-1.6191,-1.6134,-1.6767,-1.7147,-1.6295,-1.375,-0.97814,-0.5219,-0.095792,0.22847,0.41311,0.45785,0.39333,0.26677,0.12529,0.0053742,-0.083733,-0.1392,-0.17059,-0.19001
0.44983,0.29649,-0.0041556,-0.27933,-0.45171,-0.50335,-0.47726,-0.47029,-0.57083,-0.78996,-1.0653,-1.3286,-1.5462,-1.6825,-1.6713,-1.4736,-1.1557,-0.84731,-0.64744,-0.58903,-0.66451,-0.84829,-1.0927,-1.3262,-1.4884,-1.5694,-1.6081,-1.6395,-1.6604,-1.6286,-1.5008,-1.281,-1.0241,-0.81819,-0.74002,-0.83247,-1.0799,-1.4127,-1.7301,-1.9416,-2.009,-1.947,-1.803,-1.6197,-1.4194,-1.2148,-1.0173,-0.84825,-0.73488,-0.69825,-0.75285,-0.90366,-1.1475,-1.4672,-1.8158,-2.1086,-2.2494,-2.1951,-1.998,-1.7718,-1.6182,-1.5769,-1.6159,-1.649,-1.5799,-1.3552,-0.99162,-0.56066,-0.15299,0.15657,0.32678,0.35556,0.27412,0.13199,-0.020868,-0.14891,-0.23398,-0.27938,-0.29704,-0.30116
0.34068,0.16837,-0.16706,-0.4743,-0.66837,-0.72812,-0.69371,-0.65957,-0.71711,-0.88165,-1.1031,-1.3293,-1.5338,-1.6674,-1.6405,-1.4062,-1.0423,-0.70046,-0.49161,-0.44573,-0.54578,-0.75856,-1.0331,-1.2984,-1.4957,-1.6132,-1.6836,-1.7366,-1.7638,-1.7203,-1.5687,-1.323,-1.0524,-0.85342,-0.80538,-0.9427,-1.238,-1.605,-1.9298,-2.1188,-2.1424,-2.0352,-1.8603,-1.6699,-1.4909,-1.3275,-1.1808,-1.0581,-0.97287,-0.94403,-0.98416,-1.1021,-1.3016,-1.575,-1.8832,-2.149,-2.2778,-2.22,-2.0189,-1.7812,-1.6094,-1.5497,-1.577,-1.6124,-1.5631,-1.3707,-1.0422,-0.63661,-0.24151,0.064746,0.2343,0.25924,0.16815,0.012078,-0.15421,-0.29009,-0.3748,-0.41164,-0.41685,-0.40901
0.24928,0.057319,-0.31044,-0.6428,-0.84787,-0.90436,-0.85612,-0.80076,-0.82499,-0.9471,-1.1285,-1.3282,-1.5224,-1.6528,-1.6127,-1.351,-0.95631,-0.59453,-0.38133,-0.34397,-0.46023,-0.69236,-0.988,-1.2784,-1.5058,-1.6566,-1.7573,-1.8327,-1.8679,-1.8165,-1.6453,-1.3763,-1.0922,-0.89278,-0.85967,-1.0219,-1.3462,-1.7358,-2.0654,-2.237,-2.2272,-2.088,-1.8955,-1.711,-1.5627,-1.4487,-1.3573,-1.2795,-1.2188,-1.1881,-1.2036,-1.2813,-1.4325,-1.6556,-1.9211,-2.1589,-2.2782,-2.2258,-2.0342,-1.7995,-1.6254,-1.5573,-1.5762,-1.6101,-1.5705,-1.3975,-1.0884,-0.69886,-0.31242,-0.007678,0.16458,0.19244,0.10109,-0.059709,-0.23384,-0.37706,-0.46613,-0.50281,-0.50319,-0.48714
0.11811,-0.1071,-0.52428,-0.8933,-1.1037,-1.1425,-1.0675,-0.9808,-0.96013,-1.0275,-1.1591,-1.3279,-1.5096,-1.6319,-1.5701,-1.2711,-0.84066,-0.45885,-0.24305,-0.2159,-0.34951,-0.60227,-0.92211,-1.2447,-1.5145,-1.7168,-1.8709,-1.9901,-2.0482,-1.9925,-1.7928,-1.4851,-1.1684,-0.95333,-0.92392,-1.1083,-1.4632,-1.8777,-2.2083,-2.3515,-2.2981,-2.1209,-1.9179,-1.7599,-1.6731,-1.6466,-1.6468,-1.6416,-1.6169,-1.581,-1.5546,-1.5635,-1.6317,-1.772,-1.9676,-2.1635,-2.2745,-2.2377,-2.066,-1.8457,-1.6692,-1.5931,-1.6074,-1.6466,-1.6226,-1.4695,-1.1791,-0.79656,-0.40521,-0.088735,0.095906,0.13191,0.041689,-0.12537,-0.31101,-0.46638,-0.56458,-0.60599,-0.60699,-0.58848
0.015688,-0.23923,-0.69828,-1.0957,-1.3033,-1.3175,-1.2161,-1.104,-1.0518,-1.082,-1.1809,-1.3304,-1.5041,-1.6178,-1.5357,-1.208,-0.75356,-0.36013,-0.1443,-0.12393,-0.26719,-0.53146,-0.86595,-1.2095,-1.5113,-1.7566,-1.9592,-2.1221,-2.209,-2.1584,-1.939,-1.5978,-1.2441,-1.002,-0.96043,-1.1484,-1.5163,-1.9404,-2.267,-2.3894,-2.3094,-2.1157,-1.9165,-1.7879,-1.7573,-1.8067,-1.8877,-1.9475,-1.9545,-1.9104,-1.8431,-1.7904,-1.7884,-1.8614,-2.0033,-2.1669,-2.2724,-2.2527,-2.1074,-1.9046,-1.7389,-1.6623,-1.6684,-1.6986,-1.6718,-1.5238,-1.2377,-0.85899,-0.46488,-0.13872,0.058453,0.10424,0.016895,-0.15514,-0.35121,-0.51878,-0.62853,-0.67609,-0.67783,-0.65676
-0.1216,-0.42153,-0.94135,-1.3764,-1.5702,-1.5374,-1.393,-1.2452,-1.1559,-1.1439,-1.2066,-1.336,-1.5019,-1.6021,-1.491,-1.1245,-0.64157,-0.23621,-0.020091,-0.0052997,-0.15648,-0.42967,-0.77708,-1.1448,-1.4894,-1.7956,-2.0691,-2.3004,-2.4378,-2.4041,-2.1642,-1.7758,-1.367,-1.0756,-0.99935,-1.1674,-1.5282,-1.9489,-2.2653,-2.3674,-2.265,-2.0641,-1.8818,-1.7995,-1.8484,-2.0036,-2.2026,-2.3626,-2.4203,-2.3651,-2.2325,-2.0843,-1.9811,-1.9641,-2.0423,-2.1793,-2.2957,-2.3108,-2.2022,-2.0257,-1.863,-1.778,-1.7731,-1.7946,-1.7617,-1.6076,-1.3171,-0.92794,-0.52029,-0.18022,0.029416,0.084896,0.0026151,-0.17145,-0.37823,-0.56255,-0.69048,-0.75504,-0.76922,-0.75423
-0.25415,-0.60268,-1.1864,-1.6567,-1.8249,-1.732,-1.536,-1.3548,-1.2358,-1.1929,-1.2292,-1.3442,-1.5032,-1.5878,-1.4443,-1.0441,-0.53912,-0.12419,0.094011,0.10788,-0.044017,-0.31748,-0.66986,-1.0565,-1.4409,-1.8078,-2.1561,-2.4634,-2.6598,-2.6523,-2.3971,-1.9618,-1.4946,-1.146,-1.0196,-1.149,-1.4807,-1.8815,-2.1806,-2.2676,-2.158,-1.9618,-1.8057,-1.7755,-1.8999,-2.1547,-2.4611,-2.7135,-2.8217,-2.7588,-2.5706,-2.3399,-2.1487,-2.0573,-2.0849,-2.2035,-2.3383,-2.4002,-2.3437,-2.1979,-2.0441,-1.9446,-1.9112,-1.9008,-1.8406,-1.6683,-1.3625,-0.96684,-0.55368,-0.20526,0.015173,0.079938,0.00047356,-0.18017,-0.4019,-0.60501,-0.75274,-0.83059,-0.85073,-0.837
-0.34781,-0.7325,-1.3628,-1.8569,-1.9992,-1.854,-1.618,-1.4146,-1.2795,-1.2205,-1.2438,-1.3519,-1.5051,-1.5752,-1.408,-0.98658,-0.46903,-0.048625,0.17178,0.1879,0.039746,-0.22981,-0.58195,-0.97779,-1.386,-1.7932,-2.1936,-2.5568,-2.8009,-2.8193,-2.5603,-2.0947,-1.5827,-1.1865,-1.0159,-1.1079,-1.4089,-1.7864,-2.0705,-2.1537,-2.0498,-1.8682,-1.7332,-1.7334,-1.901,-2.2137,-2.5883,-2.9028,-3.0486,-2.9818,-2.7562,-2.4731,-2.2314,-2.1006,-2.1098,-2.2339,-2.3966,-2.4988,-2.4791,-2.3544,-2.1994,-2.0842,-2.0279,-1.9911,-1.9037,-1.7058,-1.3854,-0.97616,-0.55661,-0.2078,0.010372,0.073269,-0.0069339,-0.18909,-0.41615,-0.63035,-0.78989,-0.88114,-0.91294,-0.90633
-0.46005,-0.89057,-1.5777,-2.0961,-2.1975,-1.9798,-1.692,-1.4644,-1.3167,-1.2471,-1.2627,-1.3671,-1.5109,-1.5574,-1.3588,-0.9131,-0.38442,0.039278,0.26183,0.28264,0.14249,-0.11771,-0.46394,-0.86378,-1.2926,-1.7394,-2.1954,-2.622,-2.9254,-2.9804,-2.7256,-2.2329,-1.6708,-1.2151,-0.98556,-1.0226,-1.278,-1.6199,-1.8851,-1.9672,-1.8784,-1.7245,-1.6222,-1.6554,-1.8609,-2.2146,-2.6405,-3.0121,-3.1973,-3.1424,-2.8948,-2.5716,-2.2909,-2.1359,-2.1401,-2.2837,-2.4902,-2.6521,-2.6879,-2.5936,-2.4379,-2.2939,-2.1909,-2.1016,-1.9664,-1.7334,-1.3884,-0.97299,-0.55528,-0.21032,0.0042563,0.063061,-0.023099,-0.21342,-0.45005,-0.67589,-0.84742,-0.9485,-0.98827,-0.98857
-0.55461,-1.0248,-1.7581,-2.292,-2.3477,-2.0602,-1.7275,-1.4838,-1.3333,-1.2639,-1.2814,-1.3858,-1.5189,-1.5385,-1.3084,-0.844,-0.31191,0.1087,0.33042,0.35637,0.22688,-0.019523,-0.35286,-0.74664,-1.182,-1.6498,-2.1385,-2.6034,-2.9423,-3.0227,-2.7777,-2.2783,-1.6962,-1.2076,-0.93454,-0.92084,-1.1258,-1.4277,-1.6738,-1.7598,-1.6939,-1.5675,-1.4946,-1.5561,-1.7812,-2.1542,-2.5941,-2.9777,-3.1806,-3.1364,-2.8947,-2.5725,-2.2914,-2.1392,-2.1584,-2.3324,-2.5862,-2.8059,-2.8946,-2.8306,-2.673,-2.5003,-2.3518,-2.2108,-2.0269,-1.7545,-1.3866,-0.96107,-0.54484,-0.21001,-0.009594,0.036335,-0.057944,-0.25208,-0.49228,-0.72298,-0.90643,-1.0225,-1.0742,-1.0788
-0.6123,-1.1067,-1.8649,-2.4028,-2.4245,-2.0923,-1.733,-1.4832,-1.3363,-1.2724,-1.2957,-1.4023,-1.5258,-1.5237,-1.2719,-0.79719,-0.26725,0.14694,0.36531,0.39406,0.27322,0.039245,-0.28068,-0.66443,-1.0947,-1.5637,-2.0581,-2.5292,-2.8731,-2.9614,-2.7266,-2.2379,-1.6623,-1.1698,-0.87908,-0.83641,-1.0048,-1.275,-1.5038,-1.5966,-1.5533,-1.4565,-1.4062,-1.4787,-1.7064,-2.0706,-2.5006,-2.8799,-3.0858,-3.0574,-2.8346,-2.5289,-2.2609,-2.1224,-2.1557,-2.3518,-2.6392,-2.9009,-3.0275,-2.9879,-2.8295,-2.6359,-2.4554,-2.2786,-2.0611,-1.7631,-1.3794,-0.95205,-0.54415,-0.22241,-0.034766,0.0017698,-0.097769,-0.29391,-0.53445,-0.76929,-0.95491,-1.0725,-1.1259,-1.1337
-0.6714,-1.1886,-1.9638,-2.4957,-2.4785,-2.1019,-1.7201,-1.4716,-1.3357,-1.2845,-1.3189,-1.4275,-1.5363,-1.5046,-1.2258,-0.74331,-0.22253,0.17786,0.38726,0.41603,0.30461,0.08736,-0.21189,-0.5734,-0.98216,-1.4296,-1.9018,-2.35,-2.6755,-2.7614,-2.5472,-2.0939,-1.5495,-1.0716,-0.77417,-0.70722,-0.83977,-1.0733,-1.28,-1.3752,-1.3591,-1.3006,-1.2858,-1.3785,-1.6067,-1.9517,-2.3526,-2.708,-2.9072,-2.8946,-2.7014,-2.4296,-2.1941,-2.0813,-2.1372,-2.351,-2.6552,-2.9403,-3.1007,-3.091,-2.954,-2.7622,-2.5638,-2.3577,-2.1094,-1.7877,-1.3936,-0.96627,-0.56741,-0.25949,-0.085771,-0.059543,-0.16413,-0.36086,-0.60013,-0.83246,-1.0203,-1.1432,-1.2027,-1.2153
-0.7033,-1.2291,-2.005,-2.5242,-2.4849,-2.089,-1.7023,-1.46,-1.3354,-1.2965,-1.3393,-1.4487,-1.5453,-1.4911,-1.1944,-0.70968,-0.20048,0.18504,0.38443,0.4107,0.30397,0.097868,-0.18456,-0.52377,-0.90622,-1.3228,-1.7591,-2.1693,-2.4638,-2.5381,-2.3421,-1.9278,-1.4236,-0.97183,-0.68174,-0.60225,-0.71097,-0.91797,-1.1107,-1.2095,-1.2132,-1.1802,-1.1895,-1.2995,-1.5314,-1.8691,-2.2501,-2.581,-2.7686,-2.7609,-2.5908,-2.3474,-2.1344,-2.0353,-2.0954,-2.3087,-2.6129,-2.9023,-3.0739,-3.0844,-2.9661,-2.7884,-2.597,-2.3913,-2.1406,-1.8177,-1.4241,-1.0028,-0.61225,-0.3127,-0.14565,-0.12322,-0.2281,-0.42201,-0.65693,-0.88614,-1.0723,-1.1956,-1.2561,-1.2689
-0.73129,-1.258,-2.0178,-2.513,-2.4552,-2.0549,-1.6768,-1.4495,-1.3428,-1.3203,-1.3741,-1.483,-1.5624,-1.4786,-1.1598,-0.678,-0.19026,0.17055,0.35236,0.37163,0.26857,0.076453,-0.18181,-0.48744,-0.82632,-1.1889,-1.5598,-1.8995,-2.1342,-2.1819,-2.0066,-1.6498,-1.2144,-0.8174,-0.55329,-0.46698,-0.54305,-0.71058,-0.87652,-0.97821,-1.0085,-1.0164,-1.0613,-1.1937,-1.4349,-1.764,-2.1272,-2.4385,-2.6124,-2.6107,-2.4592,-2.2394,-2.046,-1.955,-2.0061,-2.1957,-2.4682,-2.7319,-2.8985,-2.9314,-2.8553,-2.7263,-2.5803,-2.4121,-2.1895,-1.8863,-1.5096,-1.0988,-0.71621,-0.42271,-0.25869,-0.23474,-0.33296,-0.51622,-0.73925,-0.95874,-1.1393,-1.2609,-1.3225,-1.3373
-0.74601,-1.2629,-1.9894,-2.4532,-2.3919,-2.0121,-1.6582,-1.4518,-1.3621,-1.3535,-1.4172,-1.5256,-1.5868,-1.4727,-1.1356,-0.66087,-0.19881,0.132,0.29007,0.29674,0.19346,0.013374,-0.22091,-0.49113,-0.78083,-1.0799,-1.374,-1.6319,-1.7978,-1.8131,-1.6539,-1.3526,-0.98742,-0.65097,-0.4205,-0.33679,-0.38756,-0.51666,-0.64968,-0.74021,-0.78766,-0.82992,-0.91758,-1.0875,-1.3505,-1.6843,-2.0336,-2.3233,-2.4834,-2.4816,-2.3458,-2.1462,-1.9643,-1.8662,-1.8893,-2.0277,-2.2356,-2.4421,-2.5842,-2.6357,-2.6174,-2.565,-2.4964,-2.3973,-2.234,-1.9803,-1.6395,-1.2528,-0.88377,-0.59322,-0.42192,-0.38209,-0.45939,-0.6215,-0.82733,-1.0317,-1.2056,-1.326,-1.3883,-1.4027
-0.75112,-1.2546,-1.9474,-2.3841,-2.3288,-1.9785,-1.6526,-1.465,-1.3861,-1.3854,-1.4558,-1.5634,-1.6092,-1.4735,-1.1245,-0.65667,-0.21637,0.088643,0.22508,0.21818,0.11081,-0.063452,-0.28161,-0.52452,-0.77542,-1.0238,-1.2581,-1.4535,-1.5673,-1.5568,-1.4065,-1.143,-0.82765,-0.53441,-0.32807,-0.24397,-0.27496,-0.37439,-0.48505,-0.56825,-0.62612,-0.68933,-0.80209,-0.99649,-1.278,-1.6228,-1.9735,-2.257,-2.4106,-2.4087,-2.2795,-2.0863,-1.9014,-1.7865,-1.774,-1.8639,-2.0194,-2.1825,-2.3027,-2.3646,-2.3838,-2.3896,-2.3919,-2.3678,-2.2746,-2.0781,-1.7795,-1.4148,-1.0504,-0.7524,-0.56743,-0.51177,-0.5727,-0.71772,-0.90559,-1.0978,-1.257,-1.3657,-1.4219,-1.4366
-0.75438,-1.2325,-1.8725,-2.2695,-2.2323,-1.937,-1.6595,-1.4983,-1.4295,-1.435,-1.5109,-1.6152,-1.642,-1.4794,-1.1179,-0.66386,-0.2558,0.012285,0.11695,0.087809,-0.030484,-0.2029,-0.40471,-0.6141,-0.8144,-0.99514,-1.1511,-1.2659,-1.3146,-1.2704,-1.126,-0.90373,-0.6462,-0.40547,-0.2278,-0.13967,-0.13913,-0.19617,-0.27298,-0.34485,-0.41336,-0.50445,-0.64944,-0.87292,-1.1779,-1.5348,-1.8891,-2.1706,-2.3208,-2.3221,-2.1988,-2.0081,-1.8147,-1.6718,-1.6099,-1.6306,-1.7083,-1.8056,-1.8944,-1.9687,-2.0433,-2.1324,-2.2317,-2.3104,-2.3202,-2.2184,-1.9916,-1.6729,-1.3249,-1.0181,-0.80692,-0.71587,-0.73974,-0.85172,-1.0136,-1.1824,-1.3292,-1.4301,-1.4794,-1.4859
-0.75835,-1.2057,-1.7857,-2.1416,-2.1304,-1.9013,-1.681,-1.546,-1.4829,-1.4888,-1.5647,-1.6624,-1.6694,-1.4837,-1.1165,-0.6826,-0.31172,-0.084084,-0.013658,-0.067548,-0.20135,-0.37956,-0.57429,-0.75891,-0.91386,-1.0304,-1.109,-1.1475,-1.1351,-1.059,-0.91716,-0.7257,-0.51291,-0.31269,-0.15469,-0.058817,-0.026436,-0.04274,-0.085168,-0.14107,-0.2149,-0.32596,-0.49916,-0.75035,-1.0748,-1.4415,-1.7932,-2.0659,-2.2125,-2.2184,-2.1085,-1.9283,-1.7291,-1.5566,-1.4417,-1.3933,-1.4006,-1.4428,-1.5054,-1.5906,-1.7097,-1.871,-2.0624,-2.2455,-2.3643,-2.3653,-2.2241,-1.9597,-1.6314,-1.3157,-1.0774,-0.95075,-0.93677,-1.0116,-1.1385,-1.2794,-1.4,-1.4799,-1.5155,-1.5163
-0.76442,-1.1866,-1.7194,-2.0437,-2.0527,-1.8784,-1.7029,-1.5865,-1.5243,-1.5262,-1.5984,-1.6888,-1.6813,-1.4821,-1.116,-0.7031,-0.36444,-0.16978,-0.12651,-0.20002,-0.34698,-0.5324,-0.72602,-0.89697,-1.0227,-1.0958,-1.1211,-1.1066,-1.0517,-0.95222,-0.81038,-0.63576,-0.44793,-0.26802,-0.11693,-0.0097941,0.047038,0.058408,0.035999,-0.012566,-0.090165,-0.21187,-0.39704,-0.6583,-0.98916,-1.3564,-1.7045,-1.9727,-2.1177,-2.1314,-2.033,-1.8606,-1.6583,-1.4679,-1.3183,-1.2258,-1.1885,-1.1965,-1.2441,-1.3364,-1.485,-1.6921,-1.9408,-2.1898,-2.3811,-2.4574,-2.3831,-2.1703,-1.8699,-1.5574,-1.3021,-1.1456,-1.0965,-1.1368,-1.2338,-1.348,-1.4487,-1.5159,-1.5435,-1.5378
-0.77985,-1.1662,-1.6352,-1.916,-1.9498,-1.8484,-1.7324,-1.6382,-1.5725,-1.5639,-1.6263,-1.7042,-1.6783,-1.4675,-1.1124,-0.73619,-0.44715,-0.30098,-0.29619,-0.39657,-0.56088,-0.75543,-0.94833,-1.1051,-1.1997,-1.2245,-1.1904,-1.1131,-1.0057,-0.87563,-0.72741,-0.56589,-0.39882,-0.23401,-0.08295,0.04208,0.12785,0.16884,0.16578,0.12382,0.042427,-0.087758,-0.28072,-0.54609,-0.87499,-1.2332,-1.5673,-1.8218,-1.9633,-1.9864,-1.9082,-1.7564,-1.5622,-1.3577,-1.1743,-1.0339,-0.94716,-0.91725,-0.94766,-1.0469,-1.2242,-1.4783,-1.7876,-2.1079,-2.3803,-2.5455,-2.5629,-2.425,-2.1704,-1.8694,-1.5972,-1.4072,-1.3184,-1.3188,-1.3761,-1.4524,-1.5175,-1.5524,-1.5557,-1.5372
-0.7983,-1.1572,-1.5772,-1.8247,-1.8737,-1.8217,-1.7481,-1.6678,-1.5975,-1.5783,-1.6308,-1.6973,-1.6592,-1.4455,-1.1065,-0.76382,-0.5163,-0.40907,-0.43406,-0.55359,-0.72886,-0.92894,-1.1221,-1.2722,-1.3487,-1.3428,-1.2697,-1.1508,-1.0084,-0.8571,-0.70061,-0.54191,-0.38095,-0.21923,-0.063587,0.073856,0.17585,0.23145,0.23827,0.20019,0.11807,-0.01532,-0.21074,-0.47443,-0.79488,-1.1378,-1.453,-1.6926,-1.83,-1.8631,-1.805,-1.6738,-1.4908,-1.2836,-1.0819,-0.91434,-0.80013,-0.74942,-0.76993,-0.87245,-1.0637,-1.3398,-1.6765,-2.0303,-2.3468,-2.5699,-2.6516,-2.5799,-2.372,-2.0897,-1.812,-1.6009,-1.4832,-1.4506,-1.4739,-1.5168,-1.5534,-1.5672,-1.5573,-1.5312
-0.83352,-1.155,-1.5104,-1.7101,-1.7719,-1.776,-1.7524,-1.688,-1.6074,-1.5726,-1.6088,-1.6584,-1.6086,-1.4006,-1.0956,-0.80689,-0.62036,-0.56668,-0.62862,-0.76779,-0.95109,-1.1541,-1.3476,-1.4912,-1.5484,-1.5065,-1.3847,-1.2168,-1.0357,-0.86004,-0.69312,-0.53139,-0.36769,-0.20044,-0.034994,0.11283,0.22449,0.28732,0.29892,0.26308,0.18158,0.04874,-0.14286,-0.39501,-0.69484,-1.009,-1.2946,-1.5139,-1.6469,-1.6942,-1.6625,-1.5604,-1.3994,-1.199,-0.987,-0.79585,-0.65275,-0.57741,-0.58469,-0.68508,-0.88779,-1.1831,-1.5421,-1.9204,-2.2684,-2.5389,-2.6924,-2.6976,-2.5615,-2.3271,-2.0642,-1.8387,-1.6871,-1.6113,-1.5883,-1.5862,-1.5828,-1.5643,-1.5315,-1.4934
-0.88102,-1.1635,-1.456,-1.6054,-1.6686,-1.7138,-1.7314,-1.6804,-1.5907,-1.5388,-1.5572,-1.5884,-1.5304,-1.3404,-1.0834,-0.86125,-0.74267,-0.74153,-0.83214,-0.97857,-1.1565,-1.3507,-1.5368,-1.6735,-1.7166,-1.6491,-1.4893,-1.2825,-1.069,-0.87188,-0.69474,-0.52495,-0.35232,-0.1731,0.0015318,0.15246,0.25949,0.3136,0.3171,0.27713,0.19733,0.07319,-0.10211,-0.33119,-0.60309,-0.88736,-1.1457,-1.3454,-1.4725,-1.5305,-1.5246,-1.4557,-1.3237,-1.1389,-0.92671,-0.7235,-0.56331,-0.47095,-0.46376,-0.55545,-0.75107,-1.0425,-1.4019,-1.7872,-2.1532,-2.458,-2.6638,-2.7385,-2.6704,-2.486,-2.2454,-2.0145,-1.8358,-1.7186,-1.6487,-1.6038,-1.5613,-1.5168,-1.4723,-1.4343
-0.9239,-1.1768,-1.4225,-1.5337,-1.5895,-1.655,-1.6956,-1.6544,-1.5602,-1.4972,-1.5023,-1.5206,-1.4598,-1.2898,-1.0774,-0.91288,-0.84821,-0.88394,-0.98907,-1.1307,-1.2928,-1.4687,-1.6395,-1.765,-1.7995,-1.7219,-1.5483,-1.3238,-1.0929,-0.88095,-0.69155,-0.5107,-0.32717,-0.13928,0.03727,0.18111,0.27321,0.3103,0.30057,0.25566,0.17928,0.06702,-0.091451,-0.30078,-0.54949,-0.81149,-1.0491,-1.2339,-1.3574,-1.4223,-1.4343,-1.3895,-1.2813,-1.1132,-0.90757,-0.70085,-0.53092,-0.42684,-0.40837,-0.48864,-0.67449,-0.95633,-1.3063,-1.6838,-2.0471,-2.3604,-2.5913,-2.704,-2.6811,-2.5337,-2.3112,-2.0791,-1.8862,-1.7488,-1.6562,-1.5848,-1.5253,-1.4662,-1.4101,-1.3651
-0.98987,-1.2012,-1.3866,-1.445,-1.4811,-1.5584,-1.62,-1.5908,-1.496,-1.424,-1.4146,-1.4191,-1.3598,-1.2245,-1.0798,-0.99815,-1.0075,-1.0887,-1.2022,-1.3212,-1.4438,-1.5774,-1.7138,-1.818,-1.8451,-1.7664,-1.5921,-1.3604,-1.116,-0.88691,-0.67574,-0.47468,-0.27354,-0.078893,0.090868,0.20975,0.26727,0.26941,0.23596,0.18202,0.1113,0.015211,-0.11855,-0.29565,-0.50886,-0.7346,-0.94368,-1.1134,-1.2344,-1.3111,-1.3444,-1.3273,-1.2486,-1.1061,-0.91553,-0.71218,-0.5355,-0.41759,-0.3808,-0.44009,-0.60194,-0.85823,-1.1837,-1.5423,-1.8972,-2.2151,-2.4612,-2.6032,-2.6113,-2.4901,-2.2854,-2.0601,-1.8607,-1.7036,-1.5831,-1.4881,-1.4053,-1.3366,-1.2861,-1.258
-1.0443,-1.223,-1.3642,-1.3826,-1.3981,-1.474,-1.5445,-1.5243,-1.4339,-1.3611,-1.3457,-1.3443,-1.2916,-1.1876,-1.0963,-1.0786,-1.1437,-1.2556,-1.3663,-1.4538,-1.5297,-1.6168,-1.7193,-1.8079,-1.8357,-1.7662,-1.6013,-1.3727,-1.1246,-0.88571,-0.66153,-0.44557,-0.23189,-0.03217,0.12768,0.22148,0.2427,0.20857,0.14892,0.084063,0.018169,-0.062765,-0.17329,-0.32282,-0.5081,-0.70856,-0.89903,-1.0572,-1.1744,-1.2542,-1.2985,-1.3005,-1.2451,-1.1237,-0.94786,-0.75004,-0.57088,-0.44416,-0.39285,-0.43234,-0.57063,-0.80287,-1.1072,-1.4483,-1.7882,-2.0932,-2.3339,-2.4717,-2.484,-2.3729,-2.1777,-1.9571,-1.7576,-1.5977,-1.4732,-1.3718,-1.2899,-1.2249,-1.1804,-1.1598
-1.1208,-1.2533,-1.3366,-1.3034,-1.2867,-1.3513,-1.4261,-1.4174,-1.34,-1.2742,-1.2594,-1.2595,-1.225,-1.1672,-1.1469,-1.2105,-1.3452,-1.4921,-1.5885,-1.6168,-1.6119,-1.6239,-1.6766,-1.7499,-1.7891,-1.7453,-1.6028,-1.3877,-1.1406,-0.89235,-0.65306,-0.41652,-0.18576,0.018947,0.15979,0.20892,0.16739,0.072144,-0.031323,-0.11173,-0.17007,-0.22519,-0.3032,-0.41887,-0.56874,-0.73697,-0.89876,-1.0359,-1.143,-1.2228,-1.2769,-1.2966,-1.2652,-1.1709,-1.0184,-0.83511,-0.65821,-0.52118,-0.44863,-0.45844,-0.56151,-0.75587,-1.0235,-1.3328,-1.6465,-1.9277,-2.1398,-2.2539,-2.2474,-2.1271,-1.9328,-1.7182,-1.525,-1.3703,-1.2519,-1.1585,-1.0891,-1.0416,-1.018,-1.0205
-1.1985,-1.2803,-1.3085,-1.2274,-1.1767,-1.2235,-1.2962,-1.2991,-1.24,-1.1897,-1.1852,-1.199,-1.193,-1.1852,-1.2319,-1.3667,-1.561,-1.7337,-1.805,-1.764,-1.6715,-1.605,-1.6074,-1.6673,-1.7271,-1.7238,-1.6232,-1.4371,-1.1997,-0.94236,-0.68025,-0.41717,-0.16757,0.036029,0.14953,0.14525,0.034981,-0.12958,-0.2829,-0.38697,-0.44196,-0.47817,-0.52671,-0.60664,-0.71953,-0.85018,-0.97884,-1.0897,-1.1779,-1.2476,-1.3007,-1.3296,-1.3172,-1.2483,-1.1214,-0.95569,-0.78296,-0.63525,-0.53917,-0.51612,-0.58225,-0.74007,-0.97349,-1.2493,-1.5262,-1.7635,-1.9273,-1.9874,-1.9368,-1.7928,-1.5969,-1.3963,-1.2233,-1.0888,-0.98879,-0.91665,-0.86721,-0.84275,-0.84596,-0.87747
-1.2548,-1.2956,-1.2844,-1.1712,-1.0967,-1.129,-1.1978,-1.2091,-1.1649,-1.13,-1.1393,-1.1705,-1.1926,-1.2238,-1.3163,-1.4966,-1.7262,-1.9093,-1.9562,-1.8626,-1.7079,-1.588,-1.5581,-1.6124,-1.6941,-1.73,-1.6727,-1.5169,-1.2903,-1.0249,-0.74092,-0.4544,-0.18849,0.014581,0.10649,0.05996,-0.10716,-0.32988,-0.52915,-0.65673,-0.71222,-0.73488,-0.76132,-0.81503,-0.90065,-1.0022,-1.103,-1.1887,-1.2554,-1.3088,-1.3519,-1.3789,-1.3737,-1.3197,-1.2116,-1.0616,-0.89495,-0.74125,-0.62847,-0.58165,-0.62023,-0.74894,-0.95293,-1.1992,-1.4451,-1.6469,-1.765,-1.7819,-1.6934,-1.5252,-1.3223,-1.1295,-0.97396,-0.86116,-0.78395,-0.73193,-0.70446,-0.70091,-0.7236,-0.7736
-1.3233,-1.3059,-1.2438,-1.095,-0.99491,-1.009,-1.073,-1.0954,-1.0716,-1.0587,-1.092,-1.1536,-1.2179,-1.3005,-1.4468,-1.6754,-1.9383,-2.1241,-2.1348,-1.9768,-1.7525,-1.5776,-1.5203,-1.5803,-1.7017,-1.8,-1.8078,-1.6986,-1.4881,-1.2099,-0.89414,-0.57114,-0.27947,-0.073415,-0.0078921,-0.11301,-0.36153,-0.67046,-0.93798,-1.0997,-1.1602,-1.1647,-1.166,-1.192,-1.243,-1.3064,-1.3634,-1.4046,-1.4309,-1.4506,-1.4681,-1.4795,-1.4724,-1.432,-1.3465,-1.2188,-1.0625,-0.90121,-0.76466,-0.68569,-0.68877,-0.78447,-0.95748,-1.169,-1.3687,-1.5093,-1.5604,-1.506,-1.3623,-1.1665,-0.96509,-0.7944,-0.66976,-0.58765,-0.53713,-0.5134,-0.50775,-0.5266,-0.57418,-0.65126
-1.3806,-1.3003,-1.1919,-1.015,-0.89771,-0.89931,-0.96066,-0.99366,-0.98802,-0.99598,-1.0541,-1.15,-1.2583,-1.3871,-1.5748,-1.8353,-2.1153,-2.2953,-2.2746,-2.0701,-1.801,-1.5964,-1.5326,-1.6158,-1.7881,-1.9582,-2.0394,-1.9844,-1.794,-1.5006,-1.1468,-0.77849,-0.45259,-0.23634,-0.19236,-0.34971,-0.67467,-1.0711,-1.4151,-1.6276,-1.7062,-1.7067,-1.688,-1.6836,-1.6985,-1.7182,-1.7267,-1.7157,-1.69,-1.6596,-1.6354,-1.6191,-1.6018,-1.5672,-1.5001,-1.39,-1.2407,-1.0716,-0.91483,-0.8078,-0.78273,-0.85039,-0.99339,-1.1686,-1.3212,-1.4027,-1.3846,-1.2692,-1.0827,-0.86863,-0.67068,-0.51815,-0.41942,-0.36643,-0.34509,-0.34307,-0.36243,-0.4031,-0.46878,-0.56177
-1.4145,-1.2841,-1.1437,-0.95205,-0.82759,-0.82405,-0.88583,-0.92705,-0.93338,-0.95461,-1.0289,-1.1492,-1.2884,-1.4468,-1.6553,-1.9264,-2.2077,-2.3821,-2.3504,-2.1318,-1.8507,-1.6415,-1.5855,-1.6922,-1.9072,-2.1359,-2.2792,-2.2723,-2.1009,-1.7932,-1.4028,-0.99243,-0.63359,-0.40372,-0.36989,-0.55969,-0.93806,-1.4,-1.8098,-2.0703,-2.17,-2.1702,-2.1367,-2.1108,-2.1006,-2.0877,-2.0588,-2.0063,-1.9353,-1.8631,-1.8003,-1.7526,-1.7162,-1.6794,-1.6209,-1.5241,-1.3818,-1.2073,-1.0341,-0.90695,-0.86324,-0.91518,-1.0428,-1.197,-1.3175,-1.3549,-1.2884,-1.1287,-0.91323,-0.69092,-0.50386,-0.37367,-0.29917,-0.26536,-0.25653,-0.26586,-0.29106,-0.33967,-0.41656,-0.52228
-1.4456,-1.2451,-1.0651,-0.86236,-0.73639,-0.73323,-0.80027,-0.85215,-0.87225,-0.90686,-0.99834,-1.1452,-1.3184,-1.5064,-1.7266,-1.9915,-2.2599,-2.428,-2.4025,-2.1989,-1.9344,-1.7425,-1.7099,-1.854,-2.1305,-2.4441,-2.6821,-2.7481,-2.6021,-2.2676,-1.8155,-1.3388,-0.92851,-0.67477,-0.64537,-0.87092,-1.3127,-1.8573,-2.3517,-2.6734,-2.8043,-2.8078,-2.7691,-2.7337,-2.7009,-2.6531,-2.5684,-2.4469,-2.3076,-2.168,-2.0493,-1.9609,-1.9016,-1.8575,-1.8089,-1.7225,-1.5784,-1.3865,-1.1883,-1.038,-0.97965,-1.0252,-1.1447,-1.2773,-1.3568,-1.3379,-1.2124,-1.0046,-0.76492,-0.544,-0.37751,-0.27681,-0.23127,-0.21985,-0.22479,-0.23923,-0.26705,-0.31731,-0.39655,-0.50627
-1.4576,-1.2036,-0.99614,-0.78961,-0.66804,-0.6711,-0.74546,-0.80731,-0.83595,-0.8771,-0.97591,-1.1356,-1.3264,-1.5264,-1.7427,-1.9897,-2.2396,-2.4058,-2.402,-2.2348,-2.0074,-1.8462,-1.8407,-2.0174,-2.3404,-2.7183,-3.0285,-3.1513,-3.0215,-2.6626,-2.1621,-1.6323,-1.1827,-0.90595,-0.87136,-1.11,-1.5823,-2.1755,-2.7236,-3.0935,-3.2557,-3.2741,-3.2385,-3.1984,-3.1548,-3.0832,-2.9632,-2.7976,-2.6081,-2.4224,-2.2631,-2.1424,-2.0615,-2.009,-1.9575,-1.8706,-1.7235,-1.5234,-1.3132,-1.1498,-1.0842,-1.1249,-1.239,-1.3608,-1.4191,-1.3685,-1.2068,-0.97087,-0.71722,-0.49974,-0.35165,-0.27729,-0.25709,-0.26283,-0.27394,-0.28626,-0.30565,-0.34584,-0.41662,-0.52131
-1.4587,-1.1338,-0.89183,-0.68514,-0.57485,-0.59185,-0.68401,-0.76271,-0.80262,-0.84732,-0.94748,-1.1126,-1.3131,-1.5136,-1.7094,-1.9195,-2.139,-2.3099,-2.3573,-2.2693,-2.1198,-2.0195,-2.0581,-2.2748,-2.6479,-3.0979,-3.4961,-3.6944,-3.5932,-3.2058,-2.6413,-2.0407,-1.5312,-1.213,-1.1579,-1.3931,-1.8813,-2.5101,-3.11,-3.5373,-3.7434,-3.7923,-3.7726,-3.7411,-3.7017,-3.6212,-3.4746,-3.2629,-3.0135,-2.7701,-2.5586,-2.3964,-2.2884,-2.2241,-2.1707,-2.0853,-1.9311,-1.7111,-1.4748,-1.2961,-1.2236,-1.27,-1.394,-1.5166,-1.5563,-1.4689,-1.2647,-0.99824,-0.73511,-0.53124,-0.41435,-0.3785,-0.39234,-0.41812,-0.43124,-0.42944,-0.42711,-0.44459,-0.49684,-0.5892
-1.4435,-1.0504,-0.77547,-0.57252,-0.47801,-0.5165,-0.63389,-0.73735,-0.79078,-0.83495,-0.92583,-1.0819,-1.2744,-1.4582,-1.6194,-1.7838,-1.9738,-2.1617,-2.2833,-2.3032,-2.257,-2.2302,-2.3107,-2.5513,-2.9485,-3.4391,-3.8975,-4.1565,-4.085,-3.6797,-3.0642,-2.4057,-1.8436,-1.4837,-1.3955,-1.6046,-2.0767,-2.7008,-3.3165,-3.7703,-4.0086,-4.0862,-4.1022,-4.1163,-4.1206,-4.0697,-3.918,-3.6696,-3.3737,-3.0793,-2.8307,-2.6473,-2.5301,-2.4612,-2.4036,-2.3023,-2.1212,-1.8727,-1.618,-1.4323,-1.3742,-1.4454,-1.5919,-1.7209,-1.7447,-1.6251,-1.3867,-1.1002,-0.83955,-0.65945,-0.58052,-0.58646,-0.63448,-0.67764,-0.68777,-0.66265,-0.63101,-0.6158,-0.63602,-0.70028
-1.4232,-0.98153,-0.68317,-0.48328,-0.40294,-0.46192,-0.60567,-0.73408,-0.80125,-0.84274,-0.91991,-1.0596,-1.235,-1.3962,-1.5252,-1.6543,-1.8259,-2.0358,-2.2266,-2.342,-2.3832,-2.4121,-2.5139,-2.7526,-3.1424,-3.6333,-4.1046,-4.3845,-4.327,-3.9194,-3.2894,-2.611,-2.0289,-1.6463,-1.5297,-1.7038,-2.136,-2.723,-3.3147,-3.7651,-4.0206,-4.1285,-4.1839,-4.2445,-4.3,-4.289,-4.1591,-3.9118,-3.5973,-3.2857,-3.0209,-2.8248,-2.6992,-2.6266,-2.5607,-2.4467,-2.2478,-1.981,-1.7152,-1.5324,-1.4883,-1.5822,-1.7523,-1.8955,-1.9172,-1.7817,-1.5244,-1.2258,-0.96762,-0.80656,-0.7598,-0.80251,-0.8802,-0.93547,-0.93644,-0.88939,-0.82221,-0.77244,-0.76551,-0.81143
-1.3869,-0.88571,-0.55872,-0.35978,-0.30003,-0.39082,-0.58009,-0.75302,-0.84639,-0.88507,-0.93771,-1.0439,-1.1837,-1.3039,-1.3846,-1.4698,-1.626,-1.877,-2.1728,-2.4273,-2.5902,-2.6858,-2.7931,-2.9941,-3.3303,-3.7709,-4.2077,-4.4724,-4.4179,-4.0261,-3.4172,-2.7558,-2.181,-1.7864,-1.6332,-1.7451,-2.0935,-2.5922,-3.1081,-3.5229,-3.7864,-3.9412,-4.0656,-4.2106,-4.3591,-4.4363,-4.3659,-4.1386,-3.8192,-3.4905,-3.2126,-3.0114,-2.8851,-2.8071,-2.729,-2.5925,-2.3672,-2.0811,-1.8118,-1.6444,-1.6308,-1.7652,-1.9767,-2.1504,-2.1823,-2.0376,-1.7625,-1.4535,-1.1996,-1.0605,-1.0513,-1.1396,-1.2576,-1.333,-1.3255,-1.2404,-1.1277,-1.0302,-0.97965,-0.98903
-1.3548,-0.81428,-0.46696,-0.26708,-0.22009,-0.33798,-0.56878,-0.78652,-0.90698,-0.94681,-0.97806,-1.0515,-1.155,-1.2376,-1.2806,-1.3363,-1.4893,-1.7792,-2.1587,-2.5211,-2.7767,-2.9147,-3.0067,-3.1516,-3.413,-3.7761,-4.1462,-4.3673,-4.3053,-3.9404,-3.3764,-2.7597,-2.2126,-1.8222,-1.6454,-1.7071,-1.983,-2.3988,-2.8398,-3.2082,-3.4667,-3.6516,-3.8327,-4.0512,-4.2805,-4.4358,-4.423,-4.225,-3.9137,-3.5848,-3.3079,-3.1092,-2.9824,-2.8966,-2.8007,-2.6412,-2.3978,-2.1075,-1.8501,-1.7071,-1.7274,-1.8997,-2.1473,-2.3486,-2.3934,-2.2468,-1.9653,-1.6486,-1.3982,-1.278,-1.3012,-1.4269,-1.5742,-1.6586,-1.6361,-1.5252,-1.3698,-1.2316,-1.1482,-1.1338
-1.309,-0.72516,-0.35194,-0.14577,-0.11147,-0.26828,-0.56371,-0.85724,-1.0288,-1.0777,-1.0804,-1.1016,-1.1448,-1.1684,-1.1588,-1.1821,-1.3404,-1.6896,-2.1848,-2.6949,-3.0745,-3.257,-3.3006,-3.3341,-3.454,-3.6714,-3.909,-4.0386,-3.9526,-3.6338,-3.1578,-2.6341,-2.1545,-1.7907,-1.5926,-1.5859,-1.7586,-2.0528,-2.3889,-2.6907,-2.9357,-3.1527,-3.3989,-3.7057,-4.0404,-4.3014,-4.378,-4.2378,-3.9524,-3.6334,-3.3588,-3.1582,-3.0227,-2.9171,-2.7925,-2.6056,-2.3497,-2.0696,-1.8436,-1.7473,-1.8205,-2.0481,-2.348,-2.5924,-2.6666,-2.5361,-2.2583,-1.9482,-1.7066,-1.5997,-1.6426,-1.7942,-1.9678,-2.0672,-2.0379,-1.8922,-1.6969,-1.5158,-1.3928,-1.3445
-1.2642,-0.64852,-0.24997,-0.030992,-0.0031795,-0.19758,-0.56924,-0.95662,-1.2019,-1.273,-1.2487,-1.211,-1.18,-1.1324,-1.0681,-1.0658,-1.2365,-1.6487,-2.2645,-2.9301,-3.4361,-3.6457,-3.604,-3.4832,-3.4267,-3.4722,-3.5583,-3.5829,-3.462,-3.1852,-2.8066,-2.3955,-2.0136,-1.7027,-1.5013,-1.4316,-1.4978,-1.668,-1.8914,-2.1213,-2.3436,-2.5856,-2.8868,-3.2678,-3.6912,-4.0496,-4.2178,-4.1447,-3.8964,-3.5913,-3.3178,-3.1095,-2.9561,-2.8206,-2.6605,-2.4472,-2.1904,-1.9397,-1.7651,-1.728,-1.8612,-2.1441,-2.4947,-2.7855,-2.8989,-2.7964,-2.5398,-2.2373,-2.0012,-1.9033,-1.9605,-2.129,-2.3158,-2.4184,-2.3789,-2.2137,-1.988,-1.7739,-1.6185,-1.5415
-1.233,-0.60117,-0.18496,0.047286,0.077135,-0.14343,-0.5766,-1.0476,-1.3638,-1.4637,-1.422,-1.3345,-1.2386,-1.1282,-1.0192,-0.99763,-1.1796,-1.6411,-2.35,-3.1382,-3.7431,-3.9619,-3.8316,-3.5723,-3.372,-3.2855,-3.2632,-3.2147,-3.0695,-2.821,-2.5077,-2.1792,-1.8742,-1.6146,-1.422,-1.3187,-1.3134,-1.3962,-1.5334,-1.7026,-1.9,-2.1499,-2.4828,-2.9079,-3.3824,-3.799,-4.027,-4.0051,-3.7907,-3.502,-3.231,-3.0134,-2.8394,-2.6766,-2.4886,-2.2612,-2.0134,-1.7936,-1.6622,-1.6704,-1.846,-2.1656,-2.5478,-2.8683,-3.0136,-2.9453,-2.7157,-2.4359,-2.2107,-2.111,-2.1575,-2.3136,-2.4931,-2.5949,-2.5564,-2.3871,-2.1542,-1.9311,-1.7685,-1.6868
-1.1978,-0.55475,-0.11627,0.13996,0.18068,-0.070128,-0.58906,-1.1868,-1.6197,-1.775,-1.7126,-1.549,-1.3539,-1.1505,-0.97726,-0.92702,-1.1232,-1.6494,-2.4791,-3.4283,-4.1625,-4.3788,-4.1086,-3.6545,-3.2677,-3.018,-2.8666,-2.7345,-2.5701,-2.3606,-2.1282,-1.901,-1.6893,-1.497,-1.3246,-1.1868,-1.1007,-1.0768,-1.1137,-1.2069,-1.3635,-1.6035,-1.9502,-2.4053,-2.9227,-3.3953,-3.6902,-3.7356,-3.5742,-3.3135,-3.0468,-2.8139,-2.6109,-2.4121,-2.1966,-1.9631,-1.7367,-1.5612,-1.4849,-1.5486,-1.7674,-2.1188,-2.5279,-2.8807,-3.0696,-3.052,-2.8735,-2.6242,-2.4089,-2.3011,-2.3266,-2.456,-2.6128,-2.705,-2.6733,-2.5204,-2.3048,-2.0927,-1.9326,-1.847
-1.1714,-0.52949,-0.069163,0.21889,0.27804,0.0041195,-0.6017,-1.3373,-1.9107,-2.1389,-2.0546,-1.8022,-1.4951,-1.1934,-0.95641,-0.87767,-1.0809,-1.6558,-2.5827,-3.6654,-4.5066,-4.7109,-4.3093,-3.6892,-3.1464,-2.7633,-2.5062,-2.3105,-2.133,-1.9592,-1.7984,-1.6635,-1.5463,-1.4287,-1.2871,-1.1217,-0.95876,-0.83405,-0.77393,-0.79133,-0.89919,-1.1119,-1.4461,-1.9,-2.428,-2.9327,-3.2839,-3.397,-3.2927,-3.0686,-2.8137,-2.5718,-2.3451,-2.1208,-1.8856,-1.6512,-1.4478,-1.3141,-1.2869,-1.393,-1.6419,-2.0057,-2.4156,-2.7739,-2.9906,-3.0263,-2.9055,-2.7057,-2.5107,-2.3898,-2.3768,-2.4585,-2.5776,-2.6574,-2.6416,-2.5243,-2.3485,-2.1718,-2.0395,-1.9741
-1.1585,-0.52371,-0.048193,0.26807,0.34694,0.060839,-0.6069,-1.4487,-2.1374,-2.4275,-2.3229,-1.9953,-1.6001,-1.2266,-0.94648,-0.84762,-1.0488,-1.6404,-2.6072,-3.7519,-4.6479,-4.8476,-4.3774,-3.6689,-3.0403,-2.5841,-2.2701,-2.0438,-1.8614,-1.7117,-1.599,-1.5277,-1.485,-1.4293,-1.3156,-1.1306,-0.90911,-0.71111,-0.57834,-0.53884,-0.60394,-0.79128,-1.108,-1.5469,-2.0676,-2.5768,-2.9538,-3.1112,-3.055,-2.8619,-2.62,-2.377,-2.1418,-1.9056,-1.6673,-1.4412,-1.2577,-1.1513,-1.1518,-1.2787,-1.5339,-1.8906,-2.2878,-2.6402,-2.8688,-2.9342,-2.8544,-2.685,-2.5023,-2.3735,-2.3358,-2.3848,-2.4758,-2.545,-2.5423,-2.4599,-2.3244,-2.1846,-2.082,-2.0395
-1.1519,-0.5341,-0.038273,0.32101,0.4329,0.13694,-0.60279,-1.5826,-2.426,-2.7976,-2.6587,-2.2245,-1.7159,-1.2614,-0.933,-0.80977,-0.99671,-1.5782,-2.5416,-3.6958,-4.6117,-4.816,-4.3155,-3.5521,-2.8648,-2.356,-2.0058,-1.7654,-1.5957,-1.4832,-1.4286,-1.4318,-1.4721,-1.4897,-1.4127,-1.2102,-0.92425,-0.63753,-0.41769,-0.30125,-0.30411,-0.43766,-0.70826,-1.1091,-1.6043,-2.1096,-2.5149,-2.7302,-2.7373,-2.5974,-2.3834,-2.1453,-1.9027,-1.6614,-1.4258,-1.218,-1.0654,-0.99366,-1.0215,-1.1608,-1.4068,-1.7358,-2.0974,-2.4226,-2.6474,-2.7381,-2.6996,-2.5767,-2.4237,-2.2944,-2.2251,-2.2234,-2.2667,-2.3143,-2.329,-2.2919,-2.2241,-2.1541,-2.1098,-2.1083
-1.1545,-0.55528,-0.042837,0.35199,0.49257,0.1942,-0.59117,-1.6619,-2.6108,-3.0338,-2.8621,-2.3503,-1.7702,-1.2703,-0.91577,-0.77568,-0.94173,-1.4914,-2.4104,-3.5148,-4.3979,-4.6096,-4.1393,-3.3953,-2.7141,-2.2031,-1.853,-1.62,-1.4713,-1.3898,-1.3744,-1.4257,-1.5155,-1.58,-1.5294,-1.3187,-0.9907,-0.64251,-0.36118,-0.18788,-0.14268,-0.23013,-0.45899,-0.82567,-1.295,-1.7974,-2.2234,-2.4766,-2.5294,-2.4242,-2.2322,-2.005,-1.7665,-1.529,-1.3038,-1.113,-0.98195,-0.93111,-0.97303,-1.1109,-1.3435,-1.6462,-1.9743,-2.2699,-2.4814,-2.58,-2.5665,-2.4678,-2.3262,-2.1906,-2.1015,-2.0758,-2.1009,-2.143,-2.168,-2.162,-2.1323,-2.1001,-2.0912,-2.123
-1.1684,-0.59875,-0.06376,0.38165,0.56457,0.27176,-0.55942,-1.7259,-2.7828,-3.2487,-3.0254,-2.4297,-1.7858,-1.252,-0.88021,-0.71888,-0.84401,-1.3225,-2.1356,-3.1117,-3.8974,-4.1173,-3.7472,-3.1125,-2.5077,-2.0439,-1.7253,-1.5198,-1.402,-1.3561,-1.3852,-1.4895,-1.6396,-1.7597,-1.7406,-1.5137,-1.1285,-0.70543,-0.34794,-0.109,-0.0045469,-0.04272,-0.22387,-0.54238,-0.97337,-1.4543,-1.8933,-2.1956,-2.3131,-2.2631,-2.1026,-1.8876,-1.6543,-1.4242,-1.2197,-1.0617,-0.9681,-0.94852,-1.0047,-1.1353,-1.3335,-1.5832,-1.8544,-2.1055,-2.2951,-2.396,-2.4006,-2.3273,-2.205,-2.0726,-1.9667,-1.9086,-1.8982,-1.9182,-1.9467,-1.9669,-1.9859,-2.0137,-2.0631,-2.1422
-1.1941,-0.65669,-0.10003,0.39947,0.62862,0.35039,-0.50733,-1.7328,-2.8464,-3.3143,-3.0395,-2.3962,-1.7359,-1.2063,-0.84001,-0.66267,-0.734,-1.1133,-1.7825,-2.5892,-3.2478,-3.4766,-3.2456,-2.7839,-2.3172,-1.9512,-1.6973,-1.5368,-1.4468,-1.4245,-1.4777,-1.6113,-1.8026,-1.9622,-1.9615,-1.7208,-1.2946,-0.82037,-0.41088,-0.12143,0.032486,0.044988,-0.085904,-0.35824,-0.75292,-1.2169,-1.6675,-2.0122,-2.1888,-2.1967,-2.0755,-1.8774,-1.6485,-1.4267,-1.2414,-1.1169,-1.063,-1.0759,-1.1443,-1.2588,-1.4151,-1.6078,-1.8211,-2.0265,-2.1909,-2.2883,-2.3077,-2.2502,-2.1363,-1.999,-1.8758,-1.7937,-1.7597,-1.7624,-1.7846,-1.8196,-1.8611,-1.92,-2.0075,-2.1298
-1.2205,-0.70877,-0.1341,0.40592,0.67099,0.40902,-0.45462,-1.6972,-2.8175,-3.2607,-2.9528,-2.3021,-1.6615,-1.1614,-0.81577,-0.63075,-0.65621,-0.94872,-1.4962,-2.1691,-2.7354,-2.9752,-2.8544,-2.5353,-2.195,-1.9258,-1.7418,-1.6267,-1.5627,-1.5508,-1.6047,-1.7373,-1.9272,-2.0884,-2.0883,-1.8452,-1.4113,-0.92254,-0.49584,-0.18303,-0.0023071,0.044763,-0.049709,-0.28965,-0.65836,-1.1153,-1.5788,-1.9531,-2.1718,-2.2149,-2.1174,-1.9318,-1.7089,-1.4928,-1.3239,-1.2263,-1.2053,-1.246,-1.3245,-1.4237,-1.5412,-1.6828,-1.8481,-2.0207,-2.1717,-2.2717,-2.2998,-2.2544,-2.1478,-2.0083,-1.8708,-1.7646,-1.7026,-1.6823,-1.6936,-1.7267,-1.7845,-1.869,-1.9836,-2.1289
-1.2641,-0.78608,-0.18661,0.4061,0.72018,0.48599,-0.36716,-1.6004,-2.6877,-3.0761,-2.7412,-2.1162,-1.5379,-1.1083,-0.81021,-0.62267,-0.58362,-0.75121,-1.13,-1.6291,-2.0845,-2.3427,-2.3654,-2.2406,-2.0878,-1.9707,-1.8992,-1.8537,-1.8205,-1.805,-1.8322,-1.9268,-2.0736,-2.1988,-2.1803,-1.9405,-1.522,-1.0506,-0.6307,-0.31499,-0.11731,-0.046059,-0.10723,-0.30736,-0.64169,-1.0738,-1.5382,-1.9472,-2.221,-2.3241,-2.2676,-2.0976,-1.8751,-1.6624,-1.5106,-1.4494,-1.475,-1.5543,-1.6434,-1.7139,-1.7719,-1.8422,-1.9468,-2.0846,-2.2298,-2.3441,-2.3913,-2.3571,-2.2466,-2.0913,-1.9325,-1.8016,-1.7109,-1.6587,-1.6407,-1.6602,-1.7141,-1.8084,-1.9443,-2.1182
-1.3151,-0.86832,-0.24503,0.39822,0.75979,0.5592,-0.26516,-1.4587,-2.4811,-2.8106,-2.4743,-1.9076,-1.4215,-1.0876,-0.85505,-0.67544,-0.57253,-0.61204,-0.82421,-1.1607,-1.5162,-1.7895,-1.9443,-2.0162,-2.0689,-2.1289,-2.1862,-2.2111,-2.1913,-2.1414,-2.105,-2.1167,-2.1743,-2.2182,-2.1564,-1.9274,-1.5659,-1.1639,-0.80009,-0.51421,-0.31995,-0.22969,-0.25817,-0.42064,-0.71926,-1.129,-1.5917,-2.0255,-2.3481,-2.5047,-2.4873,-2.3334,-2.1114,-1.8996,-1.7651,-1.7416,-1.8154,-1.9307,-2.02,-2.049,-2.0331,-2.0298,-2.0857,-2.2083,-2.3659,-2.5063,-2.5803,-2.5571,-2.4433,-2.2721,-2.0859,-1.9176,-1.7839,-1.6899,-1.6381,-1.6318,-1.6786,-1.7795,-1.931,-2.1245
-1.3571,-0.93132,-0.29028,0.38733,0.78155,0.60941,-0.18463,-1.3335,-2.2991,-2.5935,-2.2752,-1.7694,-1.3636,-1.1098,-0.93353,-0.7649,-0.61599,-0.56058,-0.65229,-0.87531,-1.1621,-1.443,-1.6867,-1.9049,-2.1202,-2.3288,-2.4945,-2.5728,-2.546,-2.4449,-2.3283,-2.2458,-2.2074,-2.1702,-2.0665,-1.8554,-1.5607,-1.2411,-0.94953,-0.70757,-0.52827,-0.42637,-0.42754,-0.5577,-0.82611,-1.2152,-1.6727,-2.1194,-2.4717,-2.6636,-2.6734,-2.5323,-2.3129,-2.1032,-1.9811,-1.9813,-2.0846,-2.2214,-2.3074,-2.2974,-2.2268,-2.1702,-2.1923,-2.3097,-2.4892,-2.6667,-2.7717,-2.7641,-2.6436,-2.449,-2.2328,-2.0346,-1.8717,-1.7485,-1.6687,-1.6423,-1.6743,-1.7696,-1.9244,-2.1278
-1.4172,-1.0147,-0.35162,0.36557,0.79823,0.66575,-0.078181,-1.1573,-2.0485,-2.3183,-2.0508,-1.6419,-1.3506,-1.2077,-1.1117,-0.96218,-0.75317,-0.57288,-0.51108,-0.59421,-0.79699,-1.0833,-1.4312,-1.8323,-2.2682,-2.692,-3.0219,-3.1755,-3.1225,-2.9167,-2.6518,-2.4056,-2.2091,-2.0477,-1.888,-1.7115,-1.5234,-1.3418,-1.1706,-1.0095,-0.86189,-0.75444,-0.72427,-0.80915,-1.0318,-1.3778,-1.8066,-2.2503,-2.6252,-2.8601,-2.9108,-2.7911,-2.5754,-2.3682,-2.2582,-2.2872,-2.4257,-2.5813,-2.6462,-2.5752,-2.4232,-2.3019,-2.2994,-2.4371,-2.6705,-2.9123,-3.0678,-3.0743,-2.9336,-2.7011,-2.4429,-2.2028,-1.998,-1.8343,-1.7197,-1.6647,-1.6825,-1.7752,-1.9348,-2.1461
-1.4639,-1.0761,-0.39863,0.3424,0.80043,0.69782,-0.0032966,-1.0272,-1.8708,-2.1412,-1.931,-1.6048,-1.4008,-1.3416,-1.3089,-1.1749,-0.91969,-0.64441,-0.46993,-0.45485,-0.59992,-0.88725,-1.3021,-1.8291,-2.4304,-3.0277,-3.497,-3.7102,-3.6227,-3.3113,-2.9077,-2.5186,-2.1903,-1.9318,-1.7333,-1.5897,-1.4932,-1.43,-1.3659,-1.2764,-1.1562,-1.0401,-0.97965,-1.0261,-1.2088,-1.5221,-1.9253,-2.3531,-2.7296,-2.9752,-3.0434,-2.9403,-2.735,-2.5329,-2.432,-2.4745,-2.6271,-2.7851,-2.8278,-2.7111,-2.5093,-2.3551,-2.3473,-2.5085,-2.7876,-3.0829,-3.2776,-3.2946,-3.1357,-2.8694,-2.5765,-2.3078,-2.0798,-1.895,-1.7599,-1.6899,-1.6941,-1.7788,-1.9378,-2.1556
-1.5272,-1.157,-0.46423,0.30051,0.78585,0.72374,0.082689,-0.86699,-1.6609,-1.9583,-1.8449,-1.6392,-1.554,-1.6061,-1.6618,-1.5522,-1.2313,-0.82257,-0.49695,-0.35546,-0.42612,-0.70851,-1.1973,-1.8752,-2.6914,-3.5321,-4.2075,-4.5033,-4.345,-3.8582,-3.2484,-2.6594,-2.1591,-1.779,-1.5382,-1.4432,-1.4767,-1.5814,-1.6772,-1.6911,-1.606,-1.4641,-1.3471,-1.3302,-1.453,-1.7148,-2.076,-2.4725,-2.8288,-3.0734,-3.1503,-3.0575,-2.8599,-2.6653,-2.5708,-2.6219,-2.7792,-2.9266,-2.9358,-2.7711,-2.5273,-2.3539,-2.3577,-2.5612,-2.9046,-3.2669,-3.5058,-3.5244,-3.3296,-3.0134,-2.6768,-2.3771,-2.1288,-1.9301,-1.7847,-1.7055,-1.7055,-1.7902,-1.9523,-2.1751
-1.5917,-1.2383,-0.53678,0.24103,0.74712,0.72532,0.14673,-0.73081,-1.4904,-1.8384,-1.8406,-1.763,-1.7974,-1.9602,-2.1049,-2.0217,-1.6305,-1.0827,-0.6061,-0.34123,-0.33671,-0.60491,-1.1486,-1.9515,-2.9614,-4.0432,-4.9388,-5.3249,-5.0715,-4.3808,-3.5526,-2.7714,-2.1253,-1.6556,-1.3943,-1.3542,-1.5093,-1.7745,-2.0242,-2.139,-2.0799,-1.9059,-1.729,-1.6477,-1.712,-1.9181,-2.2231,-2.5638,-2.8726,-3.0839,-3.15,-3.0629,-2.8758,-2.687,-2.5931,-2.6353,-2.7723,-2.8891,-2.8666,-2.6822,-2.4377,-2.283,-2.3197,-2.5652,-2.955,-3.3576,-3.6126,-3.6153,-3.3804,-3.0201,-2.6514,-2.3378,-2.0906,-1.9011,-1.7663,-1.6937,-1.7023,-1.7938,-1.9617,-2.1904
-1.6412,-1.3005,-0.59905,0.1814,0.6999,0.70804,0.17787,-0.64852,-1.3902,-1.7871,-1.8844,-1.9064,-2.0285,-2.2701,-2.478,-2.4121,-1.9685,-1.318,-0.73044,-0.37487,-0.31266,-0.56187,-1.1288,-2.0017,-3.1295,-4.3722,-5.4294,-5.8879,-5.5628,-4.7225,-3.739,-2.833,-2.0991,-1.5851,-1.3242,-1.3308,-1.5704,-1.9459,-2.2968,-2.4757,-2.4249,-2.2215,-1.9995,-1.8728,-1.8966,-2.0655,-2.331,-2.6275,-2.8922,-3.063,-3.1023,-3.0052,-2.8183,-2.6293,-2.528,-2.5507,-2.6606,-2.7535,-2.7208,-2.5432,-2.3212,-2.1936,-2.2587,-2.5324,-2.9448,-3.3553,-3.5972,-3.5684,-3.2997,-2.9193,-2.548,-2.2435,-2.01,-1.8345,-1.7134,-1.6582,-1.678,-1.7816,-1.9625,-2.2033
-1.7087,-1.3894,-0.69796,0.078249,0.60914,0.65814,0.19305,-0.56731,-1.2922,-1.7608,-1.9884,-2.1432,-2.3749,-2.7058,-2.9843,-2.9408,-2.4353,-1.6603,-0.93755,-0.46839,-0.32628,-0.53384,-1.1011,-2.0221,-3.2494,-4.6415,-5.8648,-6.4065,-6.0182,-5.0331,-3.9042,-2.8834,-2.0702,-1.5202,-1.2707,-1.3385,-1.6837,-2.1899,-2.665,-2.9123,-2.8581,-2.5971,-2.3056,-2.1213,-2.1018,-2.2336,-2.4591,-2.706,-2.9092,-3.025,-3.0174,-2.8857,-2.6772,-2.4739,-2.3523,-2.3465,-2.4174,-2.4718,-2.4251,-2.2743,-2.1046,-2.0385,-2.1537,-2.4531,-2.8617,-3.2409,-3.4357,-3.3602,-3.0634,-2.6747,-2.3109,-2.027,-1.8254,-1.6891,-1.6081,-1.5866,-1.6375,-1.7641,-1.9608,-2.2125
-1.7609,-1.4632,-0.78712,-0.01988,0.5182,0.59856,0.1836,-0.52733,-1.243,-1.7651,-2.0886,-2.3391,-2.6409,-3.0207,-3.3354,-3.3045,-2.7633,-1.9121,-1.104,-0.55955,-0.35775,-0.52361,-1.0697,-1.991,-3.2404,-4.6734,-5.9492,-6.5258,-6.132,-5.1114,-3.9451,-2.8892,-2.0529,-1.4948,-1.2611,-1.366,-1.7735,-2.3548,-2.9025,-3.1857,-3.1184,-2.8163,-2.482,-2.2675,-2.2293,-2.3457,-2.5483,-2.7584,-2.9165,-2.9824,-2.9373,-2.7839,-2.5612,-2.3412,-2.1935,-2.1492,-2.1799,-2.2095,-2.167,-2.0482,-1.9271,-1.9036,-2.0448,-2.3495,-2.7407,-3.0819,-3.2286,-3.1184,-2.8094,-2.4303,-2.0896,-1.8338,-1.6611,-1.5535,-1.5023,-1.5118,-1.5893,-1.7402,-1.9571,-2.2228
-1.8334,-1.5737,-0.93079,-0.18283,0.3641,0.48817,0.14404,-0.50168,-1.2035,-1.792,-2.2344,-2.598,-2.9709,-3.3827,-3.7144,-3.6898,-3.1213,-2.2021,-1.3085,-0.6814,-0.40791,-0.51415,-1.0103,-1.8879,-3.0933,-4.4791,-5.7188,-6.305,-5.9705,-5.0102,-3.8769,-2.8359,-2.0133,-1.4769,-1.2766,-1.4283,-1.8907,-2.5302,-3.1149,-3.4038,-3.3127,-2.9819,-2.6264,-2.3974,-2.3483,-2.4533,-2.6395,-2.8242,-2.942,-2.9579,-2.8584,-2.6573,-2.3992,-2.149,-1.9652,-1.8729,-1.8491,-1.8385,-1.7939,-1.7151,-1.6597,-1.6994,-1.8769,-2.1772,-2.5228,-2.7925,-2.8733,-2.7277,-2.4213,-2.069,-1.7651,-1.5508,-1.424,-1.3663,-1.3646,-1.4187,-1.5348,-1.7127,-1.9463,-2.2225
-1.9102,-1.7015,-1.1062,-0.3853,0.17133,0.34216,0.071014,-0.50782,-1.1916,-1.8332,-2.3756,-2.8287,-3.2392,-3.6401,-3.9493,-3.9182,-3.3472,-2.4043,-1.4659,-0.78455,-0.45426,-0.50123,-0.93056,-1.725,-2.8203,-4.0682,-5.1783,-5.7403,-5.521,-4.7183,-3.6987,-2.7319,-1.9585,-1.4639,-1.2984,-1.4824,-1.9657,-2.6107,-3.1814,-3.4477,-3.3424,-3.0104,-2.6611,-2.4403,-2.3992,-2.5097,-2.6975,-2.8732,-2.9675,-2.9449,-2.7997,-2.5548,-2.258,-1.9693,-1.7445,-1.6056,-1.5355,-1.4929,-1.4457,-1.3992,-1.3945,-1.4801,-1.6772,-1.959,-2.2497,-2.4479,-2.471,-2.3096,-2.0276,-1.7216,-1.4677,-1.2986,-1.2125,-1.1942,-1.2331,-1.3278,-1.4785,-1.6851,-1.9405,-2.2318
-1.9712,-1.8102,-1.2593,-0.56218,0.00073351,0.20891,-0.0058624,-0.53364,-1.1988,-1.8683,-2.4695,-2.9712,-3.3879,-3.7561,-4.0254,-3.9791,-3.4208,-2.4907,-1.5485,-0.84749,-0.48424,-0.48563,-0.85576,-1.5711,-2.5609,-3.6776,-4.6632,-5.1908,-5.0651,-4.4114,-3.5216,-2.6418,-1.9231,-1.4606,-1.3132,-1.5002,-1.9725,-2.5896,-3.1259,-3.3668,-3.2611,-2.9482,-2.6265,-2.4316,-2.4081,-2.5306,-2.7215,-2.8923,-2.975,-2.9329,-2.766,-2.4981,-2.1758,-1.8593,-1.6012,-1.4259,-1.3224,-1.2576,-1.2065,-1.1779,-1.2001,-1.3118,-1.5202,-1.7882,-2.0402,-2.1896,-2.1811,-2.0162,-1.7578,-1.4891,-1.2735,-1.1387,-1.0834,-1.0947,-1.1624,-1.2825,-1.4572,-1.6809,-1.9453,-2.2385
-2.0575,-1.9717,-1.4913,-0.83188,-0.25937,0.0013694,-0.13777,-0.59498,-1.2274,-1.9173,-2.5725,-3.1145,-3.5179,-3.8214,-4.0148,-3.933,-3.4037,-2.5282,-1.6181,-0.9136,-0.51607,-0.45686,-0.74013,-1.3383,-2.1781,-3.1204,-3.954,-4.4377,-4.4226,-3.963,-3.2598,-2.5147,-1.8807,-1.4631,-1.33,-1.5014,-1.9281,-2.4721,-2.9332,-3.1352,-3.0496,-2.796,-2.5386,-2.3915,-2.3974,-2.5324,-2.7296,-2.9033,-2.9787,-2.9195,-2.7246,-2.4253,-2.0726,-1.726,-1.4322,-1.2179,-1.079,-0.99366,-0.9449,-0.93589,-0.99168,-1.1271,-1.3331,-1.5677,-1.7659,-1.8646,-1.8291,-1.677,-1.4614,-1.2476,-1.0851,-0.99474,-0.97406,-1.0126,-1.1038,-1.2473,-1.44,-1.6811,-1.9613,-2.2657
-2.1503,-2.1496,-1.7526,-1.1362,-0.55401,-0.23929,-0.30367,-0.68953,-1.2803,-1.9702,-2.6525,-3.2132,-3.5928,-3.8246,-3.9288,-3.7982,-3.2993,-2.4996,-1.6479,-0.95888,-0.53737,-0.42287,-0.62198,-1.1055,-1.8038,-2.5919,-3.3039,-3.7564,-3.8333,-3.5408,-3.0065,-2.3952,-1.8483,-1.4778,-1.3518,-1.4903,-1.8434,-2.2891,-2.6609,-2.8315,-2.7837,-2.6112,-2.4354,-2.3489,-2.3904,-2.5406,-2.7405,-2.9066,-2.9664,-2.8846,-2.6657,-2.3459,-1.9768,-1.6119,-1.3005,-1.0646,-0.90346,-0.80261,-0.75236,-0.75919,-0.83428,-0.98496,-1.1897,-1.4001,-1.557,-1.6158,-1.5652,-1.4284,-1.2533,-1.0914,-0.97854,-0.92878,-0.93936,-1.0024,-1.1131,-1.2703,-1.4747,-1.7206,-1.9981,-2.2936
-2.2237,-2.2911,-1.9628,-1.3823,-0.79428,-0.44134,-0.45073,-0.78361,-1.338,-2.0149,-2.7022,-3.2673,-3.6306,-3.8139,-3.8517,-3.6786,-3.1941,-2.4478,-1.6437,-0.97378,-0.54252,-0.39445,-0.53967,-0.95216,-1.5602,-2.252,-2.8867,-3.3172,-3.4424,-3.2544,-2.8365,-2.3231,-1.8442,-1.5075,-1.3804,-1.4848,-1.7752,-2.1453,-2.4554,-2.6064,-2.5895,-2.478,-2.3702,-2.3392,-2.4128,-2.5732,-2.763,-2.9087,-2.9464,-2.8459,-2.6141,-2.2846,-1.9067,-1.5369,-1.2156,-0.97087,-0.80537,-0.70743,-0.66765,-0.68712,-0.77921,-0.9377,-1.1349,-1.3225,-1.4497,-1.4848,-1.4271,-1.3051,-1.1623,-1.0398,-0.9637,-0.94199,-0.97052,-1.0432,-1.1578,-1.317,-1.517,-1.7568,-2.0283,-2.3193
-2.3258,-2.4846,-2.2527,-1.7253,-1.1341,-0.73461,-0.67663,-0.94019,-1.4406,-2.0866,-2.764,-3.3295,-3.6772,-3.8096,-3.7679,-3.5335,-3.0517,-2.3625,-1.619,-0.98085,-0.54768,-0.36807,-0.45508,-0.78635,-1.2933,-1.8802,-2.4309,-2.8355,-3.0104,-2.9384,-2.6627,-2.2738,-1.8815,-1.5819,-1.4473,-1.5009,-1.7102,-1.9872,-2.2274,-2.3609,-2.3855,-2.3544,-2.3339,-2.3722,-2.4855,-2.6533,-2.8249,-2.9351,-2.9311,-2.7904,-2.5293,-2.187,-1.8114,-1.4481,-1.138,-0.90189,-0.74259,-0.65226,-0.62537,-0.66552,-0.77519,-0.94348,-1.1356,-1.3016,-1.3979,-1.4072,-1.3414,-1.2366,-1.13,-1.0522,-1.0192,-1.0315,-1.0819,-1.1639,-1.2771,-1.4265,-1.6138,-1.8364,-2.0873,-2.3559
-2.4047,-2.6281,-2.47,-1.9853,-1.398,-0.97012,-0.86687,-1.0821,-1.5391,-2.1531,-2.8145,-3.3763,-3.7174,-3.8207,-3.7255,-3.4424,-2.9518,-2.2947,-1.5948,-0.98625,-0.56028,-0.36586,-0.41817,-0.696,-1.1393,-1.6621,-2.1645,-2.5558,-2.7649,-2.7655,-2.5815,-2.2763,-1.9429,-1.6706,-1.5319,-1.5527,-1.7079,-1.9236,-2.1192,-2.243,-2.2959,-2.3174,-2.3527,-2.4357,-2.575,-2.7452,-2.899,-2.9748,-2.9285,-2.7526,-2.4708,-2.1241,-1.7553,-1.4043,-1.1072,-0.88201,-0.73309,-0.65546,-0.6453,-0.70302,-0.83019,-1.0097,-1.2012,-1.3531,-1.4271,-1.4158,-1.3434,-1.2468,-1.1645,-1.121,-1.1216,-1.157,-1.2151,-1.2916,-1.3915,-1.5232,-1.6914,-1.8976,-2.135,-2.3922
-2.511,-2.8089,-2.7438,-2.3225,-1.7523,-1.301,-1.1484,-1.3048,-1.7015,-2.2644,-2.8934,-3.4439,-3.7799,-3.8524,-3.6944,-3.3473,-2.8372,-2.2126,-1.5665,-1.001,-0.59212,-0.38656,-0.40316,-0.62429,-1.0021,-1.4602,-1.9183,-2.2996,-2.5466,-2.6247,-2.5387,-2.3319,-2.0741,-1.8461,-1.7106,-1.6987,-1.7914,-1.9387,-2.0816,-2.1911,-2.271,-2.3475,-2.4484,-2.588,-2.7586,-2.9267,-3.0424,-3.0573,-2.9457,-2.7203,-2.4117,-2.0591,-1.7002,-1.3713,-1.097,-0.89768,-0.7765,-0.7269,-0.74364,-0.8283,-0.97714,-1.1681,-1.3569,-1.4916,-1.5402,-1.5069,-1.4238,-1.3386,-1.2843,-1.2768,-1.312,-1.3721,-1.4397,-1.5084,-1.585,-1.6859,-1.8188,-1.9886,-2.1918,-2.4192
-2.6159,-2.9679,-2.9805,-2.6307,-2.0965,-1.644,-1.46,-1.5652,-1.9013,-2.4032,-2.9845,-3.5122,-3.8407,-3.8897,-3.6812,-3.2811,-2.7544,-2.1585,-1.5602,-1.0327,-0.64103,-0.43244,-0.42815,-0.61486,-0.95042,-1.3668,-1.7953,-2.1683,-2.438,-2.574,-2.5713,-2.4573,-2.2786,-2.0985,-1.9726,-1.9332,-1.9766,-2.0714,-2.1796,-2.2815,-2.3792,-2.4911,-2.6323,-2.8057,-2.993,-3.1514,-3.2256,-3.173,-2.991,-2.7084,-2.3743,-2.0283,-1.6969,-1.3987,-1.1562,-0.97942,-0.87428,-0.84109,-0.87989,-0.99026,-1.1667,-1.3805,-1.5789,-1.7054,-1.7319,-1.6736,-1.5773,-1.4926,-1.4571,-1.4809,-1.5478,-1.6266,-1.6916,-1.7376,-1.7788,-1.835,-1.9293,-2.0669,-2.2428,-2.4447
-2.6924,-3.0661,-3.1244,-2.8316,-2.3397,-1.9041,-1.7101,-1.7834,-2.0733,-2.5224,-3.0552,-3.5541,-3.8725,-3.9087,-3.6728,-3.2458,-2.7144,-2.1393,-1.5714,-1.068,-0.68927,-0.48389,-0.47498,-0.6515,-0.96931,-1.3652,-1.7743,-2.1395,-2.4189,-2.5899,-2.6453,-2.5979,-2.4792,-2.3365,-2.2218,-2.1689,-2.1858,-2.2512,-2.3412,-2.4388,-2.5443,-2.67,-2.8242,-3.0052,-3.1911,-3.3318,-3.3711,-3.2719,-3.0413,-2.7289,-2.3842,-2.0431,-1.7261,-1.4502,-1.2247,-1.0636,-0.97314,-0.95405,-1.0073,-1.1329,-1.3279,-1.5567,-1.7617,-1.8842,-1.899,-1.8276,-1.7194,-1.6354,-1.6097,-1.6491,-1.7316,-1.819,-1.8793,-1.905,-1.9138,-1.9377,-1.995,-2.0996,-2.2499,-2.4348
-2.7898,-3.1634,-3.261,-3.0476,-2.6355,-2.2493,-2.0616,-2.1017,-2.3291,-2.6953,-3.1455,-3.5877,-3.8839,-3.9099,-3.6536,-3.2107,-2.6853,-2.139,-1.6082,-1.1365,-0.77848,-0.58437,-0.57987,-0.75482,-1.0609,-1.4379,-1.8254,-2.1818,-2.4738,-2.6847,-2.8065,-2.8365,-2.7937,-2.7056,-2.6137,-2.5542,-2.5442,-2.5817,-2.6527,-2.7457,-2.8566,-2.986,-3.1385,-3.3107,-3.4765,-3.5834,-3.5703,-3.4075,-3.121,-2.7728,-2.4189,-2.0923,-1.8054,-1.5612,-1.3661,-1.2246,-1.1405,-1.1187,-1.1681,-1.2998,-1.5074,-1.7604,-1.9935,-2.1348,-2.1491,-2.0607,-1.9361,-1.8374,-1.8101,-1.8603,-1.9564,-2.0468,-2.0907,-2.0826,-2.0493,-2.0269,-2.0469,-2.1199,-2.2422,-2.4014
-2.8807,-3.2197,-3.3296,-3.1954,-2.8895,-2.5851,-2.4298,-2.4495,-2.6104,-2.8784,-3.225,-3.5901,-3.851,-3.8717,-3.6156,-3.1774,-2.6714,-2.1616,-1.6727,-1.2356,-0.90194,-0.72433,-0.73011,-0.90704,-1.2077,-1.5733,-1.9526,-2.3079,-2.6155,-2.8583,-3.0273,-3.1193,-3.1382,-3.0999,-3.0315,-2.9681,-2.9396,-2.9629,-3.0313,-3.1323,-3.2472,-3.3711,-3.5022,-3.6389,-3.7614,-3.8164,-3.744,-3.5234,-3.1945,-2.8262,-2.4791,-2.1789,-1.9263,-1.7155,-1.5422,-1.4057,-1.3123,-1.2736,-1.3066,-1.4273,-1.6418,-1.9146,-2.174,-2.3387,-2.3665,-2.2803,-2.1449,-2.0386,-2.0053,-2.0507,-2.14,-2.2159,-2.2337,-2.1881,-2.1117,-2.047,-2.0321,-2.0786,-2.1824,-2.3296
