-2.1505,-3.0251,-4.1916,-5.3509,-6.2304,-6.5649,-6.2595,-5.6192,-4.9924,-4.49,-4.1088,-3.8489,-3.7348,-3.7801,-3.9737,-4.2767,-4.6151,-4.8791,-4.9818,-4.9188,-4.7424,-4.4893,-4.1509,-3.6957,-3.1179,-2.4695,-1.8394,-1.3072,-0.90363,-0.62055,-0.44551,-0.36197,-0.34424,-0.34112,-0.29886,-0.20126,-0.086951,-0.0062256,0.0088529,-0.049977,-0.18173,-0.38661,-0.67247,-1.0478,-1.5087,-2.0337,-2.5857,-3.1292,-3.6361,-4.0845,-4.4651,-4.7749,-5.0196,-5.2131,-5.3711,-5.5105,-5.6461,-5.7898,-5.9516,-6.1401,-6.3542,-6.5833,-6.7988,-6.955,-6.9999,-6.8966,-6.6421,-6.2825,-5.87,-5.4581,-5.0784,-4.7301,-4.3803,-3.9749,-3.4656,-2.8455,-2.167,-1.5075,-0.93749,-0.49159
-2.1452,-2.9844,-4.13,-5.2968,-6.2325,-6.6564,-6.3968,-5.7242,-5.0368,-4.489,-4.0867,-3.8218,-3.7056,-3.7464,-3.9306,-4.2242,-4.5641,-4.8509,-4.9937,-4.9715,-4.822,-4.5784,-4.2342,-3.7598,-3.1564,-2.48,-1.8282,-1.2826,-0.87964,-0.61319,-0.4692,-0.42855,-0.4499,-0.46631,-0.41141,-0.27536,-0.11476,0.0050375,0.043703,-0.0087575,-0.15119,-0.38193,-0.7033,-1.117,-1.6142,-2.1707,-2.753,-3.3269,-3.8625,-4.3382,-4.738,-5.0573,-5.3014,-5.4817,-5.6168,-5.7254,-5.8266,-5.9392,-6.0797,-6.2581,-6.4737,-6.7117,-6.9355,-7.0889,-7.1135,-6.9764,-6.6917,-6.2997,-5.8694,-5.4505,-5.065,-4.7055,-4.3396,-3.9209,-3.4096,-2.8009,-2.1344,-1.4874,-0.9246,-0.47905
-2.1492,-2.9304,-4.0282,-5.1793,-6.1693,-6.7202,-6.5507,-5.8597,-5.1058,-4.5111,-4.092,-3.827,-3.7084,-3.733,-3.8912,-4.1584,-4.4878,-4.7974,-4.9931,-5.026,-4.909,-4.6714,-4.3151,-3.8196,-3.1929,-2.4933,-1.8218,-1.2642,-0.86073,-0.61298,-0.50543,-0.51386,-0.58568,-0.63076,-0.56416,-0.38695,-0.17525,-0.016974,0.04176,-0.013741,-0.18186,-0.45752,-0.83643,-1.3096,-1.8571,-2.4494,-3.0551,-3.6461,-4.1986,-4.6935,-5.1132,-5.4457,-5.687,-5.8459,-5.9387,-5.9939,-6.0429,-6.1132,-6.2241,-6.3841,-6.5913,-6.8227,-7.0377,-7.1793,-7.1896,-7.0356,-6.7255,-6.3172,-5.8649,-5.4171,-4.9994,-4.6115,-4.2281,-3.8063,-3.305,-2.7096,-2.0666,-1.4368,-0.88405,-0.44484
-2.1595,-2.8907,-3.9385,-5.0576,-6.0694,-6.7116,-6.6297,-5.9458,-5.1585,-4.5391,-4.1171,-3.8576,-3.737,-3.7453,-3.8763,-4.1179,-4.4364,-4.7587,-4.9868,-5.0524,-4.9509,-4.71,-4.3414,-3.8356,-3.1997,-2.4931,-1.8153,-1.2542,-0.85333,-0.61825,-0.53362,-0.57087,-0.6703,-0.72923,-0.658,-0.46005,-0.22685,-0.055752,0.0033071,-0.066062,-0.26083,-0.57795,-1.0066,-1.5274,-2.11,-2.7178,-3.3221,-3.9049,-4.4518,-4.947,-5.3727,-5.7098,-5.9469,-6.0895,-6.1552,-6.1759,-6.1864,-6.2189,-6.2977,-6.4373,-6.63,-6.8553,-7.0682,-7.2042,-7.1998,-7.0241,-6.7019,-6.2759,-5.8163,-5.3678,-4.9474,-4.5474,-4.1424,-3.6977,-3.184,-2.6009,-1.9704,-1.3616,-0.8318,-0.41235
-2.1799,-2.8384,-3.8026,-4.8543,-5.8645,-6.6114,-6.6636,-6.0192,-5.2117,-4.5787,-4.1671,-3.9249,-3.8052,-3.7912,-3.8843,-4.0901,-4.3919,-4.7246,-4.9804,-5.0697,-4.9721,-4.7165,-4.3273,-3.809,-3.1705,-2.4689,-1.7965,-1.2422,-0.8507,-0.62874,-0.56234,-0.61892,-0.73315,-0.80028,-0.73268,-0.53545,-0.3062,-0.14302,-0.10212,-0.20035,-0.44067,-0.81574,-1.3104,-1.8901,-2.5047,-3.1124,-3.6913,-4.2374,-4.7511,-5.2231,-5.6376,-5.9735,-6.212,-6.3441,-6.3846,-6.3628,-6.3219,-6.3059,-6.3472,-6.459,-6.6351,-6.8449,-7.0384,-7.1546,-7.1385,-6.9642,-6.6421,-6.2288,-5.7686,-5.3,-4.8446,-4.406,-3.971,-3.513,-3.004,-2.4318,-1.8344,-1.2557,-0.74923,-0.34837
-2.2035,-2.7836,-3.6481,-4.6072,-5.5817,-6.4016,-6.5907,-6.0222,-5.2266,-4.605,-4.2221,-4.0107,-3.901,-3.8684,-3.9283,-4.1011,-4.3826,-4.7126,-4.9751,-5.0629,-4.9472,-4.6622,-4.2453,-3.7132,-3.0852,-2.4117,-1.7721,-1.2416,-0.86353,-0.64293,-0.57155,-0.62063,-0.73078,-0.80519,-0.75779,-0.58927,-0.38959,-0.25605,-0.24908,-0.39002,-0.6858,-1.1269,-1.689,-2.317,-2.9375,-3.504,-4.0107,-4.4801,-4.9308,-5.3666,-5.7689,-6.1079,-6.3534,-6.4893,-6.5181,-6.4713,-6.3957,-6.3414,-6.3473,-6.4324,-6.5869,-6.78,-6.9591,-7.0615,-7.0337,-6.853,-6.5379,-6.1276,-5.6719,-5.2048,-4.7417,-4.282,-3.8143,-3.3217,-2.7907,-2.2268,-1.6484,-1.1053,-0.64097,-0.27922
-2.2192,-2.7381,-3.5191,-4.3951,-5.3226,-6.1701,-6.4547,-5.9628,-5.2007,-4.6045,-4.2558,-4.0773,-3.983,-3.943,-3.9828,-4.1355,-4.4017,-4.72,-4.9702,-5.0391,-4.8947,-4.5785,-4.1397,-3.6051,-2.9984,-2.3623,-1.7634,-1.2603,-0.88937,-0.66131,-0.56996,-0.5986,-0.69504,-0.77253,-0.74775,-0.6149,-0.45238,-0.35251,-0.37852,-0.55723,-0.89642,-1.3899,-1.9994,-2.6495,-3.2522,-3.7572,-4.1838,-4.578,-4.9715,-5.3701,-5.7555,-6.0961,-6.3571,-6.5087,-6.548,-6.4984,-6.4079,-6.3337,-6.3208,-6.3896,-6.5315,-6.7129,-6.8795,-6.9698,-6.9348,-6.7568,-6.4513,-6.0581,-5.6129,-5.1418,-4.6597,-4.1722,-3.677,-3.1651,-2.6278,-2.0646,-1.5088,-0.99463,-0.55905,-0.22259
-2.2301,-2.6665,-3.327,-4.078,-4.9207,-5.7687,-6.1569,-5.7879,-5.1038,-4.5666,-4.2793,-4.1574,-4.0957,-4.0595,-4.0847,-4.2171,-4.4617,-4.7514,-4.9602,-4.9767,-4.7779,-4.4171,-3.9571,-3.4363,-2.8754,-2.3046,-1.7684,-1.3073,-0.94802,-0.70559,-0.58124,-0.56817,-0.62997,-0.69948,-0.70622,-0.63709,-0.54228,-0.49937,-0.56795,-0.78644,-1.1755,-1.7253,-2.3878,-3.0538,-3.6,-3.9967,-4.2952,-4.577,-4.8924,-5.2418,-5.6106,-5.9624,-6.2515,-6.4362,-6.4995,-6.4601,-6.37,-6.2909,-6.2703,-6.3283,-6.4571,-6.6217,-6.7682,-6.8391,-6.7921,-6.6146,-6.3236,-5.9484,-5.518,-5.0517,-4.5607,-4.0502,-3.5219,-2.9752,-2.4123,-1.8488,-1.3059,-0.82289,-0.43015,-0.14033
-2.2241,-2.5993,-3.1647,-3.816,-4.5822,-5.4054,-5.8493,-5.5817,-4.9798,-4.505,-4.2749,-4.2037,-4.1758,-4.1531,-4.1776,-4.3006,-4.5266,-4.7841,-4.9452,-4.9072,-4.661,-4.2696,-3.802,-3.3001,-2.7851,-2.2743,-1.7926,-1.3676,-1.0202,-0.76537,-0.61241,-0.55963,-0.58734,-0.64348,-0.66957,-0.64376,-0.59826,-0.59953,-0.70237,-0.95329,-1.3726,-1.958,-2.6409,-3.2861,-3.7668,-4.0615,-4.2679,-4.4844,-4.7537,-5.08,-5.4383,-5.7927,-6.0978,-6.3078,-6.3983,-6.3842,-6.3148,-6.2493,-6.2337,-6.2895,-6.4099,-6.561,-6.691,-6.7436,-6.6809,-6.4987,-6.2202,-5.8671,-5.4605,-5.0062,-4.5072,-3.971,-3.4084,-2.8299,-2.2474,-1.6831,-1.155,-0.70248,-0.34819,-0.095331
-2.1871,-2.4829,-2.9203,-3.4362,-4.0902,-4.8537,-5.3414,-5.2097,-4.7438,-4.3741,-4.2318,-4.2357,-4.2627,-4.2708,-4.3063,-4.4252,-4.6242,-4.8237,-4.9024,-4.7807,-4.4718,-4.0494,-3.5855,-3.1247,-2.6839,-2.2664,-1.8715,-1.5025,-1.1715,-0.89794,-0.69824,-0.58408,-0.55174,-0.57443,-0.612,-0.63761,-0.66122,-0.72214,-0.87202,-1.1522,-1.5909,-2.1787,-2.8422,-3.4355,-3.8243,-4.0171,-4.1334,-4.2814,-4.5073,-4.8086,-5.1588,-5.519,-5.8421,-6.0841,-6.216,-6.248,-6.2206,-6.1859,-6.1882,-6.2497,-6.3649,-6.4999,-6.6028,-6.6251,-6.5438,-6.3653,-6.1089,-5.7903,-5.4047,-4.9482,-4.4271,-3.8588,-3.2639,-2.6606,-2.0658,-1.4995,-0.99726,-0.57566,-0.24919,-0.019114
-2.1045,-2.326,-2.639,-3.0233,-3.5618,-4.2449,-4.7464,-4.7411,-4.4289,-4.1828,-4.1374,-4.2216,-4.3109,-4.3609,-4.4208,-4.5424,-4.7107,-4.8385,-4.8211,-4.6132,-4.2534,-3.8194,-3.3797,-2.9762,-2.6205,-2.3038,-2.0016,-1.697,-1.3896,-1.0982,-0.84907,-0.66293,-0.55634,-0.5297,-0.56462,-0.62767,-0.70449,-0.8096,-0.98332,-1.269,-1.6971,-2.2623,-2.8852,-3.4142,-3.725,-3.8431,-3.9051,-4.0208,-4.2295,-4.5223,-4.8672,-5.2269,-5.5607,-5.8277,-6.0035,-6.0902,-6.1187,-6.1324,-6.1691,-6.2477,-6.3612,-6.4765,-6.5458,-6.5296,-6.4185,-6.2329,-5.9959,-5.711,-5.3607,-4.922,-4.3899,-3.7842,-3.1381,-2.4866,-1.863,-1.2931,-0.80942,-0.43486,-0.17086,-0.00027257
-2.0062,-2.1762,-2.4015,-2.6937,-3.1476,-3.7632,-4.2587,-4.3386,-4.145,-3.9981,-4.0285,-4.1731,-4.3105,-4.3973,-4.4824,-4.61,-4.7534,-4.8216,-4.7286,-4.4601,-4.0724,-3.6423,-3.2326,-2.8794,-2.5935,-2.3575,-2.1315,-1.8826,-1.599,-1.2943,-1.0022,-0.7536,-0.58444,-0.51504,-0.53809,-0.6162,-0.71701,-0.84132,-1.0177,-1.2923,-1.696,-2.2278,-2.8104,-3.2963,-3.5689,-3.6601,-3.7049,-3.8118,-4.0192,-4.3137,-4.662,-5.0248,-5.3632,-5.643,-5.8443,-5.9701,-6.0447,-6.1018,-6.1709,-6.2666,-6.3806,-6.48,-6.521,-6.474,-6.3437,-6.159,-5.9393,-5.6804,-5.3436,-4.8972,-4.3413,-3.707,-3.0372,-2.3718,-1.7444,-1.1839,-0.72164,-0.36624,-0.11643,0.041025
-1.8207,-1.9284,-2.0484,-2.2303,-2.5783,-3.1013,-3.5733,-3.7486,-3.7057,-3.6917,-3.8212,-4.0411,-4.2406,-4.3807,-4.5062,-4.6474,-4.7579,-4.7436,-4.5511,-4.2108,-3.7995,-3.3896,-3.0327,-2.7583,-2.5741,-2.4547,-2.344,-2.1791,-1.9292,-1.6049,-1.2461,-0.90804,-0.64808,-0.51149,-0.49994,-0.5776,-0.6927,-0.8267,-0.99641,-1.243,-1.6017,-2.0738,-2.5954,-3.035,-3.2871,-3.3765,-3.4265,-3.5412,-3.7566,-4.0616,-4.4196,-4.7876,-5.1287,-5.4197,-5.6487,-5.8224,-5.9586,-6.0777,-6.1957,-6.3176,-6.4323,-6.509,-6.5131,-6.4296,-6.2768,-6.0902,-5.8873,-5.6447,-5.312,-4.8499,-4.262,-3.5899,-2.8868,-2.1991,-1.5647,-1.0195,-0.5814,-0.26298,-0.059274,0.048731
-1.5712,-1.6249,-1.6554,-1.7444,-1.9979,-2.4288,-2.8656,-3.1125,-3.2024,-3.3116,-3.5304,-3.8131,-4.0664,-4.2598,-4.4306,-4.5911,-4.6719,-4.5787,-4.2956,-3.8981,-3.4793,-3.105,-2.8145,-2.6309,-2.5558,-2.557,-2.5633,-2.4843,-2.2697,-1.9293,-1.5107,-1.0884,-0.73807,-0.52169,-0.4551,-0.50239,-0.60757,-0.73413,-0.89037,-1.1066,-1.4171,-1.8301,-2.2958,-2.7062,-2.9662,-3.0861,-3.1687,-3.3058,-3.5345,-3.8469,-4.2066,-4.574,-4.9175,-5.218,-5.4747,-5.6945,-5.888,-6.0653,-6.2316,-6.382,-6.4987,-6.553,-6.5195,-6.4001,-6.2285,-6.0431,-5.8507,-5.6113,-5.26,-4.7565,-4.1171,-3.3992,-2.6669,-1.9718,-1.3526,-0.8386,-0.44908,-0.18956,-0.045772,0.011492
-1.3445,-1.3627,-1.3383,-1.3691,-1.5598,-1.9246,-2.3295,-2.6134,-2.7859,-2.975,-3.2491,-3.5673,-3.8518,-4.0811,-4.2864,-4.4633,-4.5257,-4.3814,-4.0432,-3.6158,-3.2018,-2.862,-2.6277,-2.5154,-2.522,-2.6089,-2.6933,-2.6737,-2.4889,-2.144,-1.6932,-1.2161,-0.80435,-0.5283,-0.41371,-0.42694,-0.51106,-0.62336,-0.76167,-0.95115,-1.2278,-1.6027,-2.0429,-2.4538,-2.7358,-2.8883,-2.9921,-3.138,-3.3719,-3.6864,-4.0517,-4.4269,-4.7774,-5.0854,-5.3553,-5.5984,-5.8265,-6.0437,-6.244,-6.4126,-6.527,-6.5622,-6.5041,-6.3664,-6.1877,-6.0032,-5.809,-5.5542,-5.1669,-4.614,-3.9283,-3.182,-2.4441,-1.7642,-1.1755,-0.70451,-0.3612,-0.14554,-0.040066,-0.01515
-0.99725,-0.97475,-0.89192,-0.86069,-0.97727,-1.259,-1.6155,-1.9277,-2.1827,-2.4537,-2.7798,-3.1261,-3.4367,-3.7034,-3.9491,-4.1467,-4.1908,-3.9961,-3.6088,-3.163,-2.7687,-2.4806,-2.3219,-2.3019,-2.4094,-2.5971,-2.7699,-2.819,-2.6754,-2.3388,-1.8632,-1.3342,-0.85423,-0.50831,-0.32935,-0.2912,-0.33591,-0.42093,-0.53468,-0.69958,-0.94447,-1.2891,-1.7073,-2.1192,-2.4332,-2.6232,-2.7546,-2.9126,-3.1465,-3.4626,-3.8334,-4.2161,-4.5738,-4.8918,-5.1749,-5.4407,-5.7014,-5.9547,-6.1841,-6.364,-6.4681,-6.4759,-6.3888,-6.2355,-6.0561,-5.8721,-5.6617,-5.3579,-4.8965,-4.2687,-3.5318,-2.7685,-2.047,-1.4113,-0.88831,-0.49364,-0.234,-0.099546,-0.064395,-0.091933
-0.71109,-0.66179,-0.54521,-0.47739,-0.54515,-0.76856,-1.0849,-1.4031,-1.6984,-2.009,-2.3551,-2.7064,-3.0228,-3.3062,-3.5727,-3.781,-3.8171,-3.6021,-3.2008,-2.7599,-2.3904,-2.143,-2.0367,-2.0763,-2.2462,-2.4926,-2.7153,-2.8029,-2.6872,-2.369,-1.8983,-1.3583,-0.84851,-0.46031,-0.23453,-0.15612,-0.17274,-0.24025,-0.34309,-0.49531,-0.72285,-1.0464,-1.4489,-1.8622,-2.1967,-2.4152,-2.5667,-2.7292,-2.9564,-3.2615,-3.6224,-4.0017,-4.3638,-4.689,-4.9829,-5.2595,-5.5278,-5.7843,-6.0112,-6.1804,-6.2664,-6.255,-6.1548,-5.9981,-5.8216,-5.6351,-5.4007,-5.0502,-4.5323,-3.8612,-3.1096,-2.3613,-1.679,-1.0996,-0.64409,-0.3248,-0.13696,-0.066594,-0.082713,-0.1466
-0.30839,-0.2275,-0.076922,0.029654,0.019298,-0.13143,-0.39115,-0.699,-1.0197,-1.3535,-1.6999,-2.0355,-2.3405,-2.6266,-2.9015,-3.1125,-3.1437,-2.9271,-2.539,-2.1288,-1.8049,-1.6141,-1.5703,-1.6719,-1.8983,-2.1904,-2.4477,-2.5631,-2.4784,-2.2017,-1.7765,-1.2676,-0.76093,-0.34195,-0.066337,0.062006,0.078433,0.026672,-0.069641,-0.21098,-0.41896,-0.71291,-1.0903,-1.4972,-1.8463,-2.0876,-2.2479,-2.3999,-2.6034,-2.8813,-3.2219,-3.5897,-3.9462,-4.2697,-4.5588,-4.8278,-5.0856,-5.3238,-5.5185,-5.6449,-5.6816,-5.6315,-5.5182,-5.3725,-5.2127,-5.025,-4.7606,-4.3555,-3.7871,-3.0978,-2.3706,-1.6842,-1.0909,-0.61817,-0.27854,-0.074435,0.00047727,-0.027012,-0.11911,-0.23382
0.10267,0.21133,0.38651,0.52329,0.56265,0.47986,0.27982,-0.0005826,-0.31772,-0.64445,-0.96413,-1.2617,-1.5349,-1.7992,-2.0573,-2.2532,-2.2822,-2.0891,-1.747,-1.393,-1.1276,-0.99416,-1.0026,-1.1457,-1.3962,-1.6944,-1.9487,-2.069,-2.0159,-1.8011,-1.4555,-1.0197,-0.55677,-0.1437,0.15386,0.31357,0.35391,0.31211,0.21862,0.082108,-0.10713,-0.36822,-0.70172,-1.0689,-1.3981,-1.6357,-1.7941,-1.9302,-2.0997,-2.3323,-2.6232,-2.9476,-3.2738,-3.5763,-3.8482,-4.0884,-4.298,-4.4722,-4.5986,-4.6589,-4.6487,-4.5737,-4.4559,-4.3203,-4.1736,-3.989,-3.7121,-3.2991,-2.7506,-2.1208,-1.4863,-0.91129,-0.43738,-0.087739,0.12617,0.20446,0.16209,0.030078,-0.14394,-0.31135
0.40698,0.53416,0.72326,0.87842,0.95137,0.91612,0.76186,0.51113,0.21212,-0.093044,-0.37911,-0.63755,-0.87613,-1.1112,-1.3412,-1.5137,-1.5394,-1.3741,-1.0827,-0.78506,-0.57093,-0.47971,-0.51911,-0.67946,-0.93021,-1.2135,-1.4487,-1.5641,-1.5358,-1.3758,-1.1028,-0.73994,-0.32958,0.057718,0.35215,0.51789,0.56337,0.52246,0.42971,0.30117,0.13402,-0.088492,-0.37132,-0.68769,-0.97899,-1.1946,-1.3369,-1.4515,-1.5884,-1.778,-2.0204,-2.2956,-2.5767,-2.8424,-3.0793,-3.2858,-3.4566,-3.5826,-3.6536,-3.6638,-3.6165,-3.5256,-3.4115,-3.2893,-3.1553,-2.9797,-2.7172,-2.3338,-1.8405,-1.2906,-0.75273,-0.28331,0.081946,0.32387,0.43436,0.41686,0.28623,0.081885,-0.14492,-0.34501
0.79613,0.94531,1.1485,1.3239,1.4368,1.4608,1.3674,1.1643,0.9042,0.64405,0.41413,0.21588,0.032322,-0.15259,-0.33245,-0.46236,-0.47837,-0.35352,-0.13904,0.073634,0.21432,0.25166,0.18084,0.013601,-0.22043,-0.46988,-0.67177,-0.78104,-0.788,-0.70351,-0.5333,-0.27892,0.040942,0.371,0.63759,0.79028,0.82607,0.7789,0.68918,0.58361,0.46435,0.318,0.13004,-0.089452,-0.30099,-0.46404,-0.57029,-0.64761,-0.73466,-0.85772,-1.0245,-1.2237,-1.4344,-1.636,-1.8148,-1.9609,-2.068,-2.1299,-2.1423,-2.107,-2.032,-1.9334,-1.8274,-1.7217,-1.6074,-1.4569,-1.2355,-0.92769,-0.54819,-0.14136,0.24044,0.5544,0.77209,0.8763,0.85821,0.72,0.48358,0.18796,-0.10997,-0.35603
1.069,1.2327,1.444,1.6319,1.7714,1.8361,1.7871,1.6236,1.4002,1.1809,0.99758,0.84655,0.7071,0.56442,0.42744,0.33307,0.32722,0.42429,0.58216,0.73104,0.81758,0.81794,0.72947,0.56424,0.34989,0.12852,-0.052201,-0.16356,-0.20062,-0.17145,-0.075371,0.097605,0.34146,0.61354,0.84216,0.97128,0.9928,0.94091,0.85954,0.78148,0.71216,0.63906,0.54081,0.41334,0.27914,0.16883,0.095724,0.046632,-0.0039763,-0.078346,-0.18486,-0.31914,-0.46799,-0.61551,-0.74672,-0.85047,-0.91834,-0.94507,-0.92963,-0.87575,-0.79504,-0.70126,-0.60646,-0.51448,-0.41601,-0.28947,-0.11185,0.12752,0.41312,0.70895,0.97303,1.1703,1.2765,1.2769,1.1645,0.94393,0.63507,0.28398,-0.05131,-0.31893
1.3998,1.5805,1.7999,2.0009,2.1714,2.2852,2.2928,2.1837,2.0139,1.8524,1.7313,1.6417,1.5599,1.4746,1.3963,1.3501,1.3599,1.4257,1.5157,1.5866,1.6069,1.5639,1.459,1.3035,1.1185,0.93012,0.76496,0.63837,0.55337,0.50936,0.51435,0.58463,0.7252,0.90555,1.0637,1.1465,1.1451,1.0921,1.0356,1.0104,1.0268,1.0678,1.1039,1.111,1.089,1.0574,1.0365,1.0302,1.027,1.0137,0.97958,0.92291,0.85,0.77228,0.70047,0.64574,0.61681,0.61908,0.65319,0.71325,0.79109,0.87445,0.95391,1.0271,1.1012,1.1901,1.307,1.4528,1.6137,1.7639,1.8757,1.9259,1.8978,1.779,1.5623,1.2505,0.86801,0.45806,0.079828,-0.21534
1.6862,1.8807,2.1053,2.3157,2.5116,2.6683,2.7275,2.6716,2.5558,2.4509,2.3876,2.3535,2.3248,2.2939,2.271,2.2708,2.298,2.3403,2.3742,2.3783,2.3413,2.2626,2.1477,2.0059,1.8473,1.6827,1.5209,1.3692,1.2313,1.1143,1.0312,1.0018,1.0374,1.117,1.1907,1.2136,1.1829,1.1346,1.1184,1.1687,1.2922,1.465,1.6438,1.7862,1.8743,1.9218,1.9544,1.9897,2.0308,2.0688,2.0946,2.103,2.0947,2.0751,2.0539,2.0399,2.0402,2.0594,2.0981,2.1534,2.2176,2.283,2.3431,2.3956,2.4439,2.4946,2.5515,2.6121,2.6637,2.6887,2.6693,2.5915,2.4446,2.2208,1.9161,1.5366,1.1022,0.65843,0.26001,-0.048697
1.8683,2.071,2.2974,2.5122,2.7228,2.9069,3.0011,2.9826,2.9051,2.8393,2.8146,2.8171,2.8239,2.8294,2.8439,2.8746,2.9143,2.944,2.9445,2.9072,2.8344,2.7342,2.6152,2.4835,2.341,2.1876,2.0222,1.8479,1.6706,1.5001,1.3518,1.2465,1.1993,1.1976,1.2008,1.1749,1.1221,1.083,1.1062,1.2249,1.4396,1.7176,2.0029,2.2407,2.4045,2.506,2.5765,2.6424,2.7135,2.7862,2.8513,2.9012,2.933,2.9498,2.9579,2.9652,2.979,3.0041,3.0418,3.0897,3.1432,3.1957,3.2415,3.2781,3.3066,3.3294,3.3458,3.3505,3.331,3.2739,3.1681,3.0069,2.7857,2.5007,2.1494,1.7354,1.283,0.82868,0.4218,0.10396
2.0647,2.2751,2.5007,2.7165,2.9402,3.1538,3.2886,3.3148,3.2834,3.2634,3.2828,3.327,3.3741,3.4214,3.4787,3.5446,3.5995,3.617,3.583,3.5023,3.3917,3.269,3.1464,3.0266,2.9021,2.7588,2.5846,2.3783,2.149,1.9102,1.6792,1.4747,1.3115,1.188,1.0843,0.98457,0.90455,0.88789,0.98037,1.2053,1.55,1.9669,2.3851,2.7374,2.991,3.1578,3.2758,3.38,3.4875,3.5989,3.7058,3.7989,3.873,3.9275,3.9669,3.9973,4.0247,4.0538,4.0868,4.1231,4.1603,4.1943,4.2206,4.2361,4.2389,4.2269,4.1952,4.1352,4.0367,3.8908,3.6929,3.4424,3.1406,2.7888,2.3892,1.9493,1.4873,1.0383,0.64272,0.33129
2.2059,2.4199,2.6405,2.8506,3.0792,3.3131,3.4806,3.545,3.5523,3.5696,3.6239,3.7005,3.7797,3.8612,3.9526,4.0466,4.114,4.1232,4.0637,3.9504,3.8114,3.6723,3.548,3.4385,3.3286,3.1939,3.0127,2.7782,2.5002,2.1976,1.8884,1.5877,1.3085,1.0553,0.83078,0.6465,0.53912,0.55508,0.73148,1.0725,1.5475,2.0936,2.6289,3.0791,3.4085,3.6309,3.7902,3.9279,4.0667,4.2102,4.3506,4.4776,4.5838,4.6666,4.7285,4.774,4.8087,4.8375,4.8636,4.8881,4.9102,4.9272,4.9356,4.9315,4.911,4.8689,4.7973,4.6854,4.5235,4.3062,4.0344,3.7143,3.3536,2.9587,2.5354,2.0923,1.6463,1.2215,0.84733,0.54652
2.2747,2.4885,2.7022,2.9031,3.1288,3.3719,3.5586,3.6468,3.6779,3.7172,3.7914,3.8863,3.9839,4.0854,4.1973,4.3075,4.3817,4.3861,4.3117,4.1794,4.0241,3.8763,3.7523,3.6503,3.5499,3.4211,3.2372,2.9877,2.6822,2.3405,1.979,1.6106,1.2451,0.89257,0.57236,0.32188,0.19346,0.23643,0.47573,0.90052,1.4666,2.0989,2.7099,3.2214,3.5973,3.8551,4.041,4.2005,4.3593,4.5223,4.6826,4.8294,4.9539,5.0522,5.1258,5.1786,5.2163,5.2438,5.265,5.2815,5.2933,5.2985,5.294,5.2757,5.2389,5.1768,5.0798,4.9364,4.7376,4.48,4.1667,3.807,3.4121,2.9932,2.5608,2.1267,1.703,1.3117,0.97259,0.69755
2.3172,2.5265,2.726,2.9068,3.1196,3.3659,3.5711,3.6845,3.7402,3.8007,3.8923,4.0033,4.1179,4.2386,4.3706,4.4969,4.5776,4.5762,4.4863,4.3349,4.1634,4.0075,3.8851,3.7921,3.7036,3.5834,3.4001,3.1414,2.816,2.4419,2.0315,1.5904,1.1221,0.64294,0.19322,-0.1533,-0.31845,-0.24674,0.068685,0.59375,1.2625,1.9887,2.6776,3.2504,3.6742,3.9682,4.1833,4.3676,4.5486,4.7331,4.9144,5.0808,5.2226,5.3351,5.4184,5.4764,5.5147,5.539,5.5534,5.5603,5.56,5.5512,5.5312,5.4961,5.4408,5.3572,5.2339,5.0588,4.8219,4.5209,4.1628,3.7618,3.3359,2.9028,2.478,2.0732,1.7014,1.3687,1.0796,0.83594
2.3125,2.5153,2.6997,2.8593,3.0543,3.2963,3.5099,3.6374,3.7063,3.7762,3.8744,3.9909,4.1126,4.2425,4.3848,4.5195,4.6034,4.5984,4.4992,4.3364,4.1555,3.9949,3.8735,3.7859,3.7061,3.5952,3.419,3.1641,2.839,2.4584,2.0323,1.5582,1.033,0.47196,-0.069166,-0.4944,-0.69744,-0.61685,-0.25907,0.32136,1.0435,1.8166,2.544,3.1481,3.5968,3.9116,4.1441,4.3434,4.5379,4.7345,4.9265,5.1025,5.2525,5.3711,5.4581,5.5172,5.5542,5.575,5.5842,5.5846,5.5768,5.5595,5.5298,5.484,5.4166,5.3193,5.1806,4.987,4.7293,4.406,4.0252,3.6036,3.1626,2.725,2.3111,1.9384,1.6104,1.3303,1.0948,0.89792
2.2593,2.4484,2.6065,2.7283,2.8884,3.1147,3.3326,3.4731,3.5526,3.6268,3.7247,3.8405,3.9643,4.1003,4.251,4.3928,4.4789,4.4689,4.3589,4.1831,3.9908,3.8239,3.7028,3.6222,3.5553,3.4618,3.3072,3.0756,2.7734,2.4118,1.9939,1.5087,0.94336,0.30814,-0.33199,-0.85303,-1.1182,-1.0557,-0.68482,-0.07911,0.67105,1.4697,2.2208,2.8466,3.3148,3.6472,3.8957,4.1095,4.3168,4.5248,4.7263,4.9096,5.0644,5.1855,5.2721,5.3289,5.3621,5.3778,5.3807,5.3743,5.3582,5.3309,5.29,5.232,5.1519,5.0415,4.8881,4.6795,4.4045,4.0609,3.6581,3.2159,2.7621,2.3276,1.9417,1.6226,1.3778,1.1926,1.0446,0.91352
2.1554,2.3251,2.4488,2.5211,2.6325,2.8314,3.0462,3.1933,3.276,3.3451,3.4323,3.5379,3.6564,3.7929,3.9473,4.0921,4.1773,4.1612,4.0408,3.8527,3.6498,3.4763,3.3544,3.2805,3.2279,3.1579,3.037,2.8495,2.5984,2.2915,1.9214,1.4681,0.90585,0.23957,-0.46619,-1.0668,-1.4083,-1.4078,-1.0846,-0.51596,0.20922,0.99321,1.7394,2.3662,2.8376,3.175,3.4288,3.6479,3.8614,4.0741,4.28,4.4664,4.622,4.74,4.8212,4.8699,4.8939,4.9015,4.8987,4.8875,4.8679,4.8362,4.7884,4.7207,4.6294,4.508,4.3463,4.13,3.8483,3.4976,3.0862,2.6352,2.1771,1.7523,1.4009,1.1508,1.0016,0.92558,0.88299,0.84152
2.0468,2.1981,2.2906,2.3179,2.3828,2.553,2.7609,2.9099,2.9907,3.0498,3.1221,3.2136,3.3235,3.4574,3.6123,3.7573,3.8402,3.8185,3.6898,3.4928,3.2819,3.1029,2.9792,2.9086,2.8665,2.8171,2.7289,2.5878,2.3957,2.154,1.8485,1.4464,0.91373,0.24661,-0.48853,-1.1462,-1.5591,-1.6321,-1.3784,-0.86847,-0.19092,0.56015,1.2838,1.895,2.3566,2.6874,2.9381,3.1575,3.3721,3.5869,3.7929,3.9765,4.1264,4.2373,4.3096,4.3499,4.3675,4.3705,4.3647,4.3521,4.3307,4.2958,4.2433,4.17,4.0732,3.9476,3.7835,3.5684,3.2892,2.9406,2.5295,2.077,1.6191,1.2039,0.88299,0.69248,0.62961,0.65318,0.70616,0.74366
1.8655,1.9874,2.0314,1.9873,1.9764,2.0972,2.2905,2.4392,2.5121,2.5501,2.5929,2.6572,2.75,2.8778,3.0323,3.1762,3.2538,3.2227,3.0823,2.8728,2.6506,2.4627,2.3337,2.2639,2.2346,2.2168,2.1848,2.1269,2.0391,1.9114,1.7162,1.4055,0.93402,0.28774,-0.47,-1.1956,-1.7088,-1.9017,-1.7667,-1.3668,-0.78239,-0.10518,0.56294,1.1345,1.5676,1.8784,2.1158,2.3264,2.5354,2.7456,2.9463,3.1226,3.2625,3.3597,3.4168,3.4411,3.4438,3.4363,3.4264,3.4153,3.3985,3.3677,3.3146,3.235,3.1285,2.9955,2.8322,2.6262,2.3637,2.034,1.6374,1.1923,0.73869,0.33867,0.064452,-0.03377,0.037793,0.212,0.40476,0.5558
1.6488,1.7357,1.7229,1.595,1.4927,1.5509,1.7245,1.8712,1.9325,1.9405,1.943,1.9698,2.0399,2.1606,2.3154,2.4583,2.5293,2.4863,2.3319,2.1089,1.8747,1.6758,1.5373,1.4635,1.4439,1.4623,1.5032,1.5533,1.5973,1.6072,1.5372,1.3298,0.93036,0.32025,-0.44799,-1.2315,-1.8501,-2.1735,-2.1779,-1.9062,-1.4314,-0.84267,-0.24466,0.26951,0.65476,0.92505,1.1296,1.3157,1.5081,1.7068,1.8984,2.0644,2.1898,2.2679,2.302,2.3031,2.2873,2.2698,2.2599,2.2572,2.2523,2.23,2.1778,2.0913,1.9744,1.8349,1.6757,1.4912,1.263,0.97164,0.60812,0.18448,-0.25678,-0.63817,-0.86145,-0.85515,-0.6351,-0.29611,0.049324,0.32708
1.4682,1.5252,1.4648,1.2663,1.0849,1.0878,1.2442,1.3898,1.4407,1.4214,1.3858,1.3784,1.4287,1.5453,1.7033,1.8467,1.9117,1.8579,1.6914,1.4582,1.2154,1.0074,0.85907,0.77849,0.76454,0.8125,0.91618,1.0603,1.2168,1.3407,1.3719,1.246,0.90282,0.32029,-0.45535,-1.283,-1.9781,-2.3954,-2.496,-2.3141,-1.9203,-1.4027,-0.86715,-0.40896,-0.075413,0.14807,0.31265,0.46784,0.6388,0.82384,1.0049,1.1596,1.2704,1.3304,1.3438,1.3246,1.2923,1.2657,1.2566,1.2639,1.2741,1.266,1.2209,1.1311,1.0032,0.85366,0.69832,0.53346,0.3417,0.095677,-0.2245,-0.61512,-1.0346,-1.3945,-1.5739,-1.4825,-1.1412,-0.67339,-0.21593,0.14756
1.2109,1.2236,1.0937,0.79242,0.49356,0.41273,0.5441,0.69002,0.72672,0.66492,0.56954,0.50831,0.53129,0.64743,0.8155,0.96195,1.0169,0.94556,0.76227,0.51685,0.26512,0.047247,-0.11488,-0.20773,-0.21716,-0.12739,0.067365,0.34777,0.66365,0.9445,1.1146,1.0979,0.83045,0.28291,-0.50096,-1.3844,-2.1687,-2.6922,-2.894,-2.809,-2.5072,-2.0818,-1.6373,-1.2707,-1.0296,-0.89721,-0.81516,-0.72613,-0.60235,-0.4477,-0.28719,-0.15117,-0.062307,-0.02914,-0.046053,-0.095683,-0.153,-0.19241,-0.19721,-0.16839,-0.12721,-0.10698,-0.13843,-0.23505,-0.38514,-0.55554,-0.7116,-0.83604,-0.95156,-1.1052,-1.34,-1.6671,-2.0451,-2.367,-2.4793,-2.2711,-1.7735,-1.145,-0.54817,-0.073847
1.0114,0.98833,0.80248,0.4196,0.026025,-0.12345,-0.011728,0.13685,0.16309,0.065736,-0.081328,-0.18804,-0.18466,-0.062619,0.11874,0.27008,0.31686,0.23022,0.034348,-0.21644,-0.46978,-0.69151,-0.86263,-0.96603,-0.97385,-0.8518,-0.58383,-0.19612,0.23944,0.63323,0.90026,0.9598,0.7476,0.23102,-0.54991,-1.4615,-2.299,-2.8823,-3.1388,-3.1004,-2.8478,-2.48,-2.1057,-1.8202,-1.6678,-1.6249,-1.6257,-1.6064,-1.5346,-1.4179,-1.2856,-1.1722,-1.1036,-1.0918,-1.1294,-1.1992,-1.2735,-1.3214,-1.3206,-1.2709,-1.1987,-1.1489,-1.1635,-1.2628,-1.4329,-1.6277,-1.7881,-1.884,-1.9357,-2.0044,-2.151,-2.3994,-2.7127,-2.9783,-3.0273,-2.7321,-2.1351,-1.4151,-0.74609,-0.21928
0.7461,0.67237,0.40923,-0.084012,-0.60774,-0.85255,-0.76633,-0.61133,-0.59852,-0.74756,-0.97001,-1.1405,-1.159,-1.0196,-0.81104,-0.64947,-0.61416,-0.7211,-0.9301,-1.1801,-1.4253,-1.6436,-1.8216,-1.9363,-1.9402,-1.7748,-1.4091,-0.88396,-0.30166,0.22628,0.60421,0.75429,0.61148,0.14295,-0.6179,-1.538,-2.408,-3.0282,-3.3153,-3.3051,-3.0943,-2.7932,-2.5115,-2.3409,-2.3214,-2.4193,-2.5589,-2.662,-2.6883,-2.643,-2.5629,-2.491,-2.4578,-2.4736,-2.5356,-2.625,-2.7139,-2.7677,-2.757,-2.6776,-2.5598,-2.4623,-2.4451,-2.5419,-2.7398,-2.9743,-3.1539,-3.2088,-3.158,-3.0898,-3.0969,-3.2207,-3.4261,-3.5917,-3.5381,-3.1437,-2.4517,-1.6513,-0.9178,-0.33955
0.49223,0.36611,0.02546,-0.57434,-1.2226,-1.5608,-1.4988,-1.3357,-1.3364,-1.539,-1.839,-2.0727,-2.1066,-1.9397,-1.6979,-1.523,-1.4965,-1.6183,-1.8302,-2.0659,-2.2886,-2.4891,-2.6613,-2.776,-2.7707,-2.5648,-2.118,-1.4837,-0.78502,-0.15003,0.32053,0.54958,0.4724,0.057257,-0.66233,-1.5527,-2.4,-3.0021,-3.2725,-3.2595,-3.0727,-2.8287,-2.6372,-2.5816,-2.6921,-2.9319,-3.2151,-3.4564,-3.6059,-3.6674,-3.6749,-3.6698,-3.6811,-3.7225,-3.7885,-3.8713,-3.9508,-3.9955,-3.9726,-3.8687,-3.7142,-3.5741,-3.5212,-3.6035,-3.8163,-4.0879,-4.2914,-4.3256,-4.1895,-3.9878,-3.841,-3.8089,-3.8637,-3.8902,-3.7222,-3.2475,-2.5232,-1.7128,-0.97379,-0.3879
0.31568,0.15068,-0.24687,-0.91918,-1.6498,-2.0507,-2.0049,-1.8382,-1.8509,-2.0924,-2.4483,-2.7259,-2.7671,-2.5775,-2.3105,-2.1255,-2.102,-2.2273,-2.4306,-2.6437,-2.8384,-3.0159,-3.1737,-3.2791,-3.2625,-3.0316,-2.5428,-1.8533,-1.0953,-0.40251,0.12432,0.40583,0.37832,0.0099489,-0.66297,-1.5061,-2.3055,-2.8644,-3.1076,-3.0894,-2.9209,-2.716,-2.5798,-2.5938,-2.7853,-3.1168,-3.4982,-3.8377,-4.0837,-4.233,-4.3221,-4.3881,-4.4495,-4.5081,-4.5664,-4.6232,-4.6752,-4.7027,-4.672,-4.5625,-4.3917,-4.2254,-4.1456,-4.2104,-4.4212,-4.704,-4.922,-4.9411,-4.7523,-4.4701,-4.228,-4.0906,-4.0306,-3.94,-3.6758,-3.1559,-2.4291,-1.6455,-0.93992,-0.38048
0.10569,-0.10965,-0.57861,-1.3319,-2.1466,-2.6115,-2.5869,-2.4237,-2.4576,-2.749,-3.1709,-3.4982,-3.5448,-3.3294,-3.0358,-2.8396,-2.8142,-2.9301,-3.1041,-3.2707,-3.4159,-3.5535,-3.6843,-3.7718,-3.7376,-3.4834,-2.9618,-2.2333,-1.4316,-0.69049,-0.10938,0.23237,0.27154,-0.02433,-0.61747,-1.3738,-2.084,-2.5672,-2.7651,-2.741,-2.6001,-2.4499,-2.382,-2.4691,-2.7388,-3.1506,-3.6241,-4.0707,-4.435,-4.7117,-4.9235,-5.093,-5.2225,-5.302,-5.3298,-5.33,-5.326,-5.3185,-5.2798,-5.1781,-5.0152,-4.8422,-4.7379,-4.7678,-4.9466,-5.2119,-5.4234,-5.4385,-5.2193,-4.8674,-4.5207,-4.2521,-4.0443,-3.8097,-3.4403,-2.8807,-2.1835,-1.4599,-0.8143,-0.30157
-0.029648,-0.28091,-0.79868,-1.5973,-2.4501,-2.9428,-2.9341,-2.7843,-2.8407,-3.1679,-3.6308,-3.9867,-4.0368,-3.8102,-3.5069,-3.3052,-3.2725,-3.3701,-3.5097,-3.6323,-3.7365,-3.8427,-3.9521,-4.0261,-3.9799,-3.7156,-3.1852,-2.4488,-1.6347,-0.87219,-0.2617,0.11913,0.20637,-0.030552,-0.55492,-1.2344,-1.8719,-2.3002,-2.4719,-2.4475,-2.328,-2.2122,-2.1879,-2.3208,-2.6308,-3.0801,-3.5917,-4.0869,-4.5162,-4.8756,-5.1794,-5.4347,-5.623,-5.7192,-5.7186,-5.6633,-5.6056,-5.5674,-5.5267,-5.4429,-5.3015,-5.1378,-5.0252,-5.0305,-5.173,-5.3983,-5.581,-5.5767,-5.3435,-4.9686,-4.5779,-4.2405,-3.9442,-3.6184,-3.1825,-2.6071,-1.9371,-1.2669,-0.67994,-0.2182
-0.17847,-0.47512,-1.0495,-1.8861,-2.7509,-3.2507,-3.2652,-3.1515,-3.25,-3.6231,-4.128,-4.5094,-4.5689,-4.3463,-4.047,-3.8429,-3.7917,-3.8491,-3.9314,-3.9929,-4.0456,-4.1149,-4.1987,-4.2543,-4.1969,-3.9311,-3.4106,-2.6831,-1.8666,-1.0843,-0.43728,-0.0071571,0.14281,-0.016441,-0.44786,-1.0258,-1.5722,-1.9417,-2.0943,-2.0827,-1.9954,-1.9218,-1.9421,-2.1155,-2.4578,-2.9311,-3.4653,-3.9934,-4.4793,-4.9169,-5.3157,-5.6649,-5.9215,-6.0344,-6.0073,-5.897,-5.7815,-5.7046,-5.6579,-5.5992,-5.5014,-5.3752,-5.2707,-5.2457,-5.326,-5.475,-5.5888,-5.5474,-5.3016,-4.9121,-4.4835,-4.0792,-3.6949,-3.2813,-2.7884,-2.2084,-1.5846,-0.99023,-0.48331,-0.089226
-0.29237,-0.63081,-1.2521,-2.101,-2.9364,-3.4118,-3.4518,-3.3945,-3.5486,-3.9656,-4.4987,-4.8965,-4.9745,-4.7802,-4.5051,-4.3013,-4.2188,-4.2207,-4.2396,-4.2455,-4.2578,-4.3013,-4.3692,-4.4137,-4.354,-4.0981,-3.5976,-2.8847,-2.0693,-1.2702,-0.59069,-0.11395,0.097749,0.014133,-0.32967,-0.82237,-1.3019,-1.6378,-1.79,-1.8003,-1.7465,-1.7076,-1.7588,-1.9541,-2.3065,-2.7814,-3.3159,-3.8542,-4.3678,-4.8561,-5.3182,-5.7276,-6.0235,-6.1488,-6.0987,-5.9515,-5.8023,-5.7066,-5.663,-5.6346,-5.5812,-5.4962,-5.4103,-5.3677,-5.3902,-5.4504,-5.4706,-5.3609,-5.0843,-4.6855,-4.2423,-3.8033,-3.3681,-2.9059,-2.3902,-1.824,-1.2536,-0.73131,-0.29612,0.038226
-0.35714,-0.72484,-1.3753,-2.2191,-3.0108,-3.4525,-3.5132,-3.5074,-3.7096,-4.1569,-4.7038,-5.1097,-5.2082,-5.0497,-4.8034,-4.6007,-4.488,-4.4409,-4.4107,-4.3808,-4.3727,-4.4067,-4.4718,-4.5174,-4.4637,-4.2196,-3.7296,-3.0246,-2.206,-1.3949,-0.69528,-0.18771,0.066295,0.036777,-0.24845,-0.6868,-1.1323,-1.4599,-1.6275,-1.6633,-1.6349,-1.6174,-1.6827,-1.884,-2.2333,-2.6983,-3.2217,-3.7535,-4.2711,-4.7728,-5.2549,-5.6864,-6.0004,-6.1297,-6.0792,-5.923,-5.7614,-5.6581,-5.6206,-5.6139,-5.5984,-5.554,-5.4916,-5.4399,-5.4171,-5.4057,-5.3487,-5.1783,-4.869,-4.4566,-4.0037,-3.5514,-3.1006,-2.6273,-2.1125,-1.5696,-1.0331,-0.55347,-0.16463,0.12466
-0.42138,-0.82577,-1.5082,-2.3306,-3.0464,-3.4327,-3.5199,-3.5883,-3.8564,-4.3402,-4.8972,-5.3106,-5.4437,-5.3442,-5.1446,-4.9451,-4.7875,-4.6708,-4.5781,-4.5099,-4.4855,-4.5159,-4.5824,-4.6335,-4.5902,-4.3639,-3.8926,-3.1981,-2.376,-1.5506,-0.82562,-0.27932,0.025506,0.057336,-0.16531,-0.55312,-0.97435,-1.3117,-1.5101,-1.5856,-1.5911,-1.5988,-1.6763,-1.8745,-2.2084,-2.6461,-3.1392,-3.6484,-4.1541,-4.6554,-5.1419,-5.5728,-5.8783,-6.0035,-5.9494,-5.8005,-5.6546,-5.5712,-5.5577,-5.5859,-5.614,-5.6121,-5.5755,-5.5161,-5.4429,-5.3434,-5.1801,-4.9211,-4.5561,-4.1182,-3.6549,-3.1955,-2.74,-2.2724,-1.7827,-1.2802,-0.80245,-0.38548,-0.050888,0.19953
-0.46824,-0.90673,-1.6144,-2.4054,-3.037,-3.3644,-3.4767,-3.6168,-3.9462,-4.4588,-5.0179,-5.4366,-5.6084,-5.572,-5.421,-5.2239,-5.0206,-4.8379,-4.6919,-4.5967,-4.5655,-4.5963,-4.6623,-4.7121,-4.6726,-4.4601,-4.011,-3.335,-2.5223,-1.6935,-0.95009,-0.37156,-0.020847,0.06219,-0.11251,-0.47298,-0.89656,-1.2662,-1.5135,-1.6356,-1.6746,-1.6938,-1.7649,-1.9436,-2.2478,-2.656,-3.1214,-3.6038,-4.0844,-4.5549,-5.0044,-5.3984,-5.6782,-5.7932,-5.7574,-5.6381,-5.5217,-5.466,-5.4842,-5.5523,-5.631,-5.6806,-5.6754,-5.6073,-5.4781,-5.2861,-5.0154,-4.671,-4.2535,-3.7891,-3.3136,-2.8523,-2.4091,-1.9716,-1.5278,-1.0771,-0.65971,-0.29214,0.0084493,0.23921
-0.49661,-0.95916,-1.683,-2.4475,-3.0167,-3.3024,-3.4305,-3.6179,-3.9869,-4.5141,-5.0702,-5.492,-5.693,-5.7033,-5.5859,-5.3882,-5.1517,-4.9249,-4.7466,-4.6382,-4.6052,-4.6355,-4.6974,-4.7398,-4.6955,-4.4859,-4.052,-3.3967,-2.6042,-1.7851,-1.0397,-0.44692,-0.070805,0.04404,-0.1021,-0.44697,-0.88011,-1.2827,-1.5783,-1.7438,-1.8083,-1.8328,-1.891,-2.045,-2.3216,-2.6986,-3.1356,-3.5934,-4.0474,-4.4909,-4.9062,-5.2595,-5.5027,-5.6037,-5.5775,-5.4883,-5.4098,-5.3909,-5.4431,-5.544,-5.657,-5.7399,-5.7576,-5.6878,-5.5206,-5.257,-4.9094,-4.4867,-4.0226,-3.5483,-3.0864,-2.6454,-2.2199,-1.7994,-1.3791,-0.96772,-0.58056,-0.24786,0.016863,0.21577
-0.53167,-1.0263,-1.7669,-2.4963,-2.9889,-3.2254,-3.3699,-3.6089,-4.018,-4.5537,-5.0991,-5.5237,-5.7631,-5.831,-5.7547,-5.552,-5.2713,-4.9928,-4.7809,-4.6603,-4.6253,-4.6524,-4.7035,-4.7278,-4.6647,-4.4479,-4.0296,-3.4122,-2.6634,-1.8788,-1.1493,-0.55147,-0.15768,-0.015079,-0.13452,-0.46692,-0.91407,-1.3632,-1.7191,-1.9405,-2.036,-2.062,-2.0976,-2.2163,-2.4527,-2.7934,-3.1943,-3.6134,-4.0256,-4.4164,-4.7711,-5.0614,-5.2532,-5.3314,-5.3201,-5.2753,-5.2562,-5.2989,-5.408,-5.5628,-5.7219,-5.839,-5.8701,-5.783,-5.5656,-5.227,-4.7858,-4.2949,-3.7821,-3.2795,-2.8109,-2.3868,-2.0016,-1.6391,-1.283,-0.92507,-0.591,-0.29191,-0.041364,0.15968
-0.55953,-1.0771,-1.8288,-2.5337,-2.9758,-3.1814,-3.3352,-3.6037,-4.0325,-4.5656,-5.0974,-5.5223,-5.788,-5.8958,-5.8464,-5.6383,-5.3269,-5.0141,-4.7803,-4.6515,-4.6144,-4.6364,-4.6737,-4.6767,-4.5896,-4.3593,-3.9504,-3.3708,-2.672,-1.9345,-1.231,-0.64069,-0.23614,-0.076805,-0.1795,-0.50932,-0.97162,-1.4522,-1.8499,-2.1067,-2.2212,-2.2423,-2.2554,-2.3437,-2.5497,-2.8659,-3.2478,-3.647,-4.0315,-4.3804,-4.6802,-4.9145,-5.0662,-5.1293,-5.1334,-5.1224,-5.1452,-5.233,-5.3889,-5.5864,-5.7877,-5.939,-5.985,-5.8819,-5.6136,-5.2007,-4.6951,-4.1441,-3.6039,-3.1059,-2.6615,-2.2672,-1.9106,-1.5768,-1.2538,-0.93734,-0.6319,-0.35482,-0.11712,0.079673
-0.60412,-1.1501,-1.9134,-2.591,-2.9766,-3.1484,-3.312,-3.6085,-4.0492,-4.5671,-5.0737,-5.4942,-5.7916,-5.9476,-5.9298,-5.7175,-5.3717,-5.0171,-4.7545,-4.6138,-4.5701,-4.5768,-4.5842,-4.5461,-4.4148,-4.1577,-3.7612,-3.2413,-2.635,-1.9869,-1.3495,-0.78986,-0.38159,-0.19907,-0.2774,-0.59246,-1.0616,-1.569,-2.0071,-2.2996,-2.4291,-2.4409,-2.4256,-2.4783,-2.6543,-2.946,-3.3083,-3.6872,-4.0392,-4.3433,-4.5835,-4.7514,-4.8473,-4.8878,-4.9015,-4.9325,-5.0177,-5.1749,-5.3979,-5.6581,-5.9086,-6.0888,-6.1361,-6.0021,-5.6746,-5.1874,-4.6058,-4.0021,-3.4327,-2.9298,-2.5032,-2.1459,-1.8414,-1.5689,-1.3082,-1.0434,-0.77543,-0.50969,-0.25995,-0.038982
-0.66067,-1.2333,-2.0064,-2.6596,-3.001,-3.1468,-3.3173,-3.6309,-4.0708,-4.5636,-5.0387,-5.4509,-5.7738,-5.9733,-5.9859,-5.773,-5.3988,-5.0078,-4.7182,-4.5617,-4.5036,-4.4859,-4.453,-4.3592,-4.1751,-3.89,-3.5118,-3.0603,-2.5561,-2.0125,-1.4627,-0.95265,-0.56049,-0.36463,-0.41706,-0.70517,-1.1588,-1.6657,-2.1131,-2.4141,-2.5405,-2.5352,-2.4957,-2.5291,-2.6956,-2.9889,-3.3541,-3.7266,-4.0592,-4.321,-4.506,-4.6194,-4.6764,-4.6999,-4.7286,-4.7958,-4.9302,-5.1453,-5.4323,-5.7581,-6.065,-6.2803,-6.3261,-6.1489,-5.7491,-5.1836,-4.5385,-3.8956,-3.3125,-2.8183,-2.4186,-2.1024,-1.849,-1.6322,-1.4249,-1.205,-0.96128,-0.69997,-0.43852,-0.19475
-0.71302,-1.3034,-2.0815,-2.7187,-3.0333,-3.1641,-3.3391,-3.6604,-4.0942,-4.564,-5.014,-5.4184,-5.7586,-5.9876,-6.0215,-5.8095,-5.4177,-5.001,-4.6879,-4.5136,-4.4401,-4.4017,-4.3356,-4.1973,-3.9727,-3.6695,-3.3102,-2.9153,-2.4896,-2.0302,-1.5459,-1.0782,-0.70199,-0.50277,-0.53771,-0.80375,-1.2341,-1.7213,-2.149,-2.432,-2.5412,-2.5223,-2.4744,-2.5054,-2.6773,-2.9822,-3.3629,-3.7478,-4.0785,-4.3266,-4.4839,-4.5639,-4.5937,-4.6082,-4.6403,-4.7271,-4.8944,-5.1519,-5.4873,-5.8624,-6.2146,-6.4551,-6.4944,-6.279,-5.8231,-5.2023,-4.5146,-3.8494,-3.2619,-2.7781,-2.3998,-2.1131,-1.8944,-1.7153,-1.5445,-1.3512,-1.1233,-0.86022,-0.57971,-0.30555
-0.79716,-1.4083,-2.1878,-2.8047,-3.0912,-3.208,-3.3879,-3.7156,-4.137,-4.5741,-4.9905,-5.3858,-5.7501,-6.0143,-6.0741,-5.8666,-5.4555,-5.0031,-4.6513,-4.445,-4.3444,-4.2732,-4.1608,-3.9685,-3.695,-3.3705,-3.0357,-2.7137,-2.3951,-2.052,-1.6626,-1.2571,-0.90648,-0.70547,-0.71619,-0.94644,-1.3319,-1.7698,-2.1479,-2.384,-2.4563,-2.4136,-2.3608,-2.4047,-2.6027,-2.9416,-3.3554,-3.7652,-4.1082,-4.3496,-4.4883,-4.5469,-4.561,-4.5678,-4.608,-4.7139,-4.9103,-5.2078,-5.595,-6.0329,-6.4422,-6.72,-6.7583,-6.4977,-5.9683,-5.2733,-4.5337,-3.8396,-3.2475,-2.7783,-2.4284,-2.1786,-2.0009,-1.8617,-1.7238,-1.553,-1.3262,-1.0463,-0.73759,-0.43151
-0.87086,-1.4941,-2.2709,-2.8724,-3.1416,-3.2525,-3.4367,-3.7679,-4.1784,-4.5893,-4.9785,-5.3676,-5.7474,-6.0371,-6.1191,-5.9169,-5.4924,-5.0141,-4.6332,-4.4008,-4.2756,-4.1757,-4.0286,-3.7994,-3.4948,-3.1574,-2.8385,-2.5651,-2.3219,-2.0628,-1.7523,-1.4004,-1.0763,-0.87387,-0.86601,-1.0604,-1.402,-1.7909,-2.1213,-2.3154,-2.3544,-2.2942,-2.2394,-2.2969,-2.5212,-2.8929,-3.3407,-3.7798,-4.1439,-4.3954,-4.536,-4.5915,-4.6002,-4.6044,-4.6443,-4.7547,-4.9641,-5.2862,-5.7104,-6.1917,-6.6484,-6.9555,-6.9884,-6.6891,-6.1071,-5.3651,-4.5896,-3.8809,-3.2867,-2.8246,-2.4885,-2.2569,-2.0991,-1.978,-1.8526,-1.6843,-1.4519,-1.1585,-0.83008,-0.49936
-0.98273,-1.6166,-2.3842,-2.9633,-3.2131,-3.32,-3.5123,-3.8501,-4.2475,-4.6203,-4.9744,-5.3502,-5.7445,-6.0693,-6.1802,-5.9849,-5.5418,-5.0299,-4.6132,-4.3475,-4.1892,-4.0534,-3.8651,-3.5923,-3.2537,-2.9064,-2.6111,-2.3973,-2.2405,-2.0799,-1.8624,-1.5808,-1.2976,-1.1051,-1.0802,-1.2353,-1.52,-1.8378,-2.092,-2.2149,-2.2038,-2.1191,-2.0676,-2.1492,-2.4099,-2.8271,-3.3258,-3.8168,-4.225,-4.5101,-4.6676,-4.7266,-4.7333,-4.7357,-4.7749,-4.8895,-5.1086,-5.4478,-5.9011,-6.4281,-6.938,-7.2912,-7.3366,-7.0019,-6.353,-5.544,-4.7252,-3.9907,-3.3911,-2.9368,-2.614,-2.3954,-2.2463,-2.1276,-1.9966,-1.812,-1.5579,-1.2386,-0.8833,-0.52748
-1.1088,-1.7467,-2.4977,-3.0509,-3.2834,-3.391,-3.5977,-3.9443,-4.3309,-4.6727,-4.9874,-5.3415,-5.7423,-6.0923,-6.2294,-6.0424,-5.5814,-5.037,-4.5869,-4.292,-4.1075,-3.9438,-3.7235,-3.4178,-3.0563,-2.707,-2.4381,-2.2764,-2.1916,-2.1107,-1.9656,-1.7459,-1.5065,-1.3396,-1.3142,-1.4422,-1.6721,-1.9177,-2.0918,-2.1445,-2.0847,-1.9804,-1.934,-2.0382,-2.3328,-2.791,-3.3361,-3.8776,-4.3396,-4.6714,-4.8666,-4.9514,-4.971,-4.9731,-5.0072,-5.1118,-5.322,-5.6607,-6.1281,-6.6856,-7.2393,-7.6309,-7.6861,-7.3259,-6.6331,-5.7818,-4.9289,-4.1757,-3.5647,-3.1043,-2.7789,-2.5575,-2.3994,-2.2594,-2.093,-1.8701,-1.5724,-1.2192,-0.8442,-0.47977
-1.2118,-1.8485,-2.581,-3.1122,-3.3323,-3.4429,-3.6619,-4.0203,-4.4046,-4.7296,-5.0159,-5.3457,-5.7393,-6.0959,-6.2443,-6.0616,-5.5896,-5.0261,-4.5573,-4.2471,-4.049,-3.8707,-3.6342,-3.3137,-2.9449,-2.6,-2.348,-2.2169,-2.1727,-2.137,-2.0384,-1.861,-1.6577,-1.5158,-1.4991,-1.6148,-1.811,-2.0076,-2.1269,-2.1323,-2.0384,-1.9208,-1.8758,-1.9911,-2.3057,-2.7862,-3.3615,-3.9438,-4.451,-4.8339,-5.071,-5.1806,-5.2079,-5.2086,-5.23,-5.321,-5.5193,-5.849,-6.3122,-6.8738,-7.4422,-7.8566,-7.9298,-7.5675,-6.8535,-5.9768,-5.1078,-4.3417,-3.7256,-3.2619,-2.929,-2.6914,-2.5071,-2.3325,-2.1272,-1.8616,-1.5346,-1.1621,-0.7748,-0.40188
-1.3587,-1.9876,-2.6883,-3.1857,-3.389,-3.5042,-3.7436,-4.1227,-4.5133,-4.8183,-5.0717,-5.3623,-5.7251,-6.0711,-6.2212,-6.0357,-5.5547,-4.9791,-4.5,-4.1809,-3.9722,-3.7813,-3.5337,-3.2084,-2.8448,-2.5164,-2.2904,-2.1922,-2.1841,-2.188,-2.1328,-2.0008,-1.843,-1.7393,-1.7452,-1.8612,-2.0313,-2.1767,-2.2324,-2.1751,-2.0382,-1.8958,-1.8491,-1.9793,-2.3141,-2.8251,-3.4361,-4.0627,-4.6307,-5.0779,-5.3781,-5.5375,-5.5923,-5.5929,-5.5986,-5.6596,-5.8211,-6.115,-6.5492,-7.0929,-7.6543,-8.0714,-8.1534,-7.8041,-7.1047,-6.2394,-5.3717,-4.6052,-3.9794,-3.4986,-3.1421,-2.8725,-2.6438,-2.4098,-2.1344,-1.8037,-1.4216,-1.0184,-0.62405,-0.25801
-1.5141,-2.1286,-2.79,-3.2491,-3.4359,-3.5562,-3.8173,-4.2259,-4.6322,-4.9305,-5.1494,-5.389,-5.6979,-6.0046,-6.1348,-5.9387,-5.4545,-4.8839,-4.4121,-4.0979,-3.8911,-3.7005,-3.4555,-3.1407,-2.7973,-2.4966,-2.3032,-2.2333,-2.2482,-2.2699,-2.2316,-2.1255,-2.0036,-1.9412,-1.9823,-2.1097,-2.2627,-2.3662,-2.372,-2.2716,-2.1045,-1.9487,-1.8965,-2.0258,-2.3663,-2.8874,-3.5228,-4.1925,-4.8208,-5.3455,-5.7225,-5.9413,-6.0262,-6.0273,-6.0061,-6.0257,-6.1385,-6.3796,-6.7578,-7.2454,-7.758,-8.1475,-8.2365,-7.9247,-7.2734,-6.4506,-5.6158,-4.8646,-4.2417,-3.75,-3.3665,-3.0531,-2.7657,-2.463,-2.1172,-1.7216,-1.2938,-0.86221,-0.45272,-0.080347
-1.6346,-2.2347,-2.8631,-3.2915,-3.4652,-3.5893,-3.8691,-4.3035,-4.7315,-5.0319,-5.2257,-5.4176,-5.6737,-5.9339,-6.0308,-5.8186,-5.3348,-4.7779,-4.3234,-4.0222,-3.8248,-3.6448,-3.4144,-3.1188,-2.7984,-2.5231,-2.354,-2.3031,-2.3269,-2.3482,-2.3072,-2.2062,-2.1043,-2.0729,-2.143,-2.285,-2.4297,-2.51,-2.4846,-2.3602,-2.1775,-2.0176,-1.9651,-2.093,-2.4318,-2.9508,-3.5913,-4.2814,-4.9483,-5.5311,-5.9734,-6.248,-6.3656,-6.3705,-6.3279,-6.308,-6.3703,-6.5546,-6.8725,-7.2985,-7.7507,-8.0963,-8.1777,-7.904,-7.32,-6.5649,-5.7765,-5.0542,-4.4372,-3.9332,-3.5249,-3.1775,-2.8477,-2.4959,-2.0994,-1.6578,-1.197,-0.74772,-0.33189,0.042632
-1.799,-2.3764,-2.9568,-3.3433,-3.4994,-3.6273,-3.9329,-4.4084,-4.8784,-5.1944,-5.3566,-5.4764,-5.6415,-5.8175,-5.8515,-5.6074,-5.1255,-4.5952,-4.1758,-3.9043,-3.7289,-3.5718,-3.3735,-3.1167,-2.84,-2.6057,-2.4707,-2.4419,-2.4701,-2.4792,-2.4194,-2.3078,-2.2128,-2.2037,-2.2999,-2.4616,-2.6102,-2.6778,-2.632,-2.4865,-2.2928,-2.1254,-2.0716,-2.1994,-2.5308,-3.0437,-3.6806,-4.3796,-5.0833,-5.7282,-6.2542,-6.6124,-6.7857,-6.8027,-6.7298,-6.6501,-6.6372,-6.7379,-6.9641,-7.288,-7.6444,-7.9197,-7.9869,-7.7666,-7.2789,-6.6253,-5.9219,-5.2486,-4.6526,-4.1452,-3.7133,-3.3273,-2.9495,-2.5457,-2.0975,-1.612,-1.112,-0.62941,-0.18629,0.20927
-1.9244,-2.4834,-3.0263,-3.3817,-3.5236,-3.653,-3.9771,-4.4881,-5.0002,-5.3391,-5.4812,-5.5401,-5.6253,-5.7221,-5.6956,-5.4212,-4.9417,-4.4359,-4.0481,-3.8063,-3.6556,-3.5212,-3.3508,-3.1325,-2.8966,-2.6995,-2.5904,-2.5741,-2.6003,-2.5957,-2.516,-2.3846,-2.2788,-2.2667,-2.3683,-2.5345,-2.6867,-2.7533,-2.7086,-2.5658,-2.3781,-2.2174,-2.1669,-2.2904,-2.6098,-3.1034,-3.7224,-4.4164,-5.1359,-5.8226,-6.4088,-6.8269,-7.0408,-7.0678,-6.979,-6.8625,-6.7959,-6.8287,-6.9765,-7.2204,-7.4962,-7.7131,-7.7663,-7.5871,-7.1811,-6.6184,-5.986,-5.3615,-4.7854,-4.2749,-3.8252,-3.4138,-3.0081,-2.5777,-2.1066,-1.5965,-1.0785,-0.57962,-0.11869,0.29871
-2.0937,-2.6281,-3.1234,-3.4382,-3.5589,-3.6868,-4.0326,-4.5943,-5.1761,-5.5604,-5.6825,-5.6548,-5.6199,-5.5968,-5.4748,-5.1519,-4.6779,-4.2128,-3.8757,-3.6788,-3.565,-3.4651,-3.3344,-3.166,-2.9869,-2.8433,-2.7728,-2.7746,-2.7988,-2.7724,-2.6553,-2.48,-2.334,-2.2969,-2.3882,-2.5539,-2.7081,-2.78,-2.7487,-2.63,-2.4715,-2.3357,-2.2947,-2.4085,-2.7026,-3.1618,-3.7496,-4.4251,-5.1463,-5.8649,-6.5078,-6.9917,-7.2556,-7.3017,-7.1933,-7.0299,-6.8997,-6.8578,-6.9208,-7.0696,-7.2578,-7.4105,-7.448,-7.3132,-6.9966,-6.5365,-5.9959,-5.4319,-4.8869,-4.3828,-3.9223,-3.4926,-3.0704,-2.6295,-2.1515,-1.6356,-1.0972,-0.56311,-0.057133,0.40708
-2.2651,-2.7779,-3.2304,-3.506,-3.6033,-3.7234,-4.0845,-4.6985,-5.3616,-5.811,-5.9236,-5.8056,-5.6385,-5.4813,-5.2541,-4.881,-4.4151,-3.9968,-3.718,-3.5705,-3.4921,-3.4229,-3.3305,-3.2113,-3.0879,-2.9963,-2.9662,-2.9884,-3.011,-2.9611,-2.8009,-2.5714,-2.3657,-2.2769,-2.3308,-2.4806,-2.6364,-2.7268,-2.7246,-2.6463,-2.5318,-2.4347,-2.4149,-2.5255,-2.7924,-3.2095,-3.7496,-4.383,-5.0819,-5.799,-6.4652,-6.9861,-7.2821,-7.3393,-7.228,-7.0464,-6.8835,-6.7933,-6.794,-6.8738,-6.9944,-7.1007,-7.1302,-7.0316,-6.7834,-6.4018,-5.9372,-5.4251,-4.9095,-4.4157,-3.9529,-3.5169,-3.094,-2.6646,-2.2086,-1.7143,-1.1756,-0.61272,-0.051674,0.48308
-2.3958,-2.8951,-3.3194,-3.5673,-3.6455,-3.7551,-4.122,-4.7719,-5.5017,-6.0112,-6.1255,-5.9385,-5.6662,-5.4034,-5.0958,-4.6871,-4.2314,-3.8515,-3.6175,-3.5073,-3.4548,-3.4053,-3.3367,-3.2514,-3.1681,-3.1137,-3.1081,-3.1418,-3.1623,-3.0975,-2.911,-2.6399,-2.3844,-2.2416,-2.2509,-2.3738,-2.5286,-2.6411,-2.6754,-2.6393,-2.5655,-2.5018,-2.502,-2.6126,-2.8589,-3.238,-3.7312,-4.3214,-4.9878,-5.6914,-6.3599,-6.8879,-7.1859,-7.2439,-7.1292,-6.9481,-6.7847,-6.6862,-6.667,-6.7184,-6.8079,-6.8896,-6.9103,-6.8227,-6.6042,-6.2673,-5.8438,-5.3806,-4.9004,-4.416,-3.939,-3.484,-3.061,-2.663,-2.259,-1.8001,-1.2738,-0.67338,-0.038137,0.57741
-2.5734,-3.059,-3.4514,-3.6658,-3.7159,-3.8041,-4.168,-4.8575,-5.6745,-6.2754,-6.4024,-6.1243,-5.7073,-5.3032,-4.8954,-4.4475,-4.0128,-3.6899,-3.519,-3.4576,-3.4346,-3.4044,-3.3575,-3.307,-3.2687,-3.2602,-3.2863,-3.3353,-3.3562,-3.2762,-3.0543,-2.7227,-2.39,-2.1678,-2.1119,-2.1975,-2.3506,-2.4947,-2.5872,-2.6199,-2.6105,-2.5946,-2.6161,-2.7208,-2.9372,-3.2687,-3.7063,-4.2374,-4.8477,-5.5019,-6.1305,-6.6322,-6.9186,-6.9744,-6.8744,-6.7142,-6.5699,-6.4823,-6.4638,-6.5037,-6.5783,-6.6475,-6.6628,-6.5815,-6.3842,-6.0833,-5.7091,-5.2847,-4.8233,-4.3361,-3.8471,-3.3905,-2.9911,-2.6436,-2.3023,-1.8937,-1.3622,-0.70788,0.0039737,0.69211
-2.7538,-3.2318,-3.5997,-3.7842,-3.8024,-3.8585,-4.205,-4.9165,-5.8086,-6.5011,-6.6497,-6.285,-5.7272,-5.1904,-4.6969,-4.2289,-3.831,-3.5748,-3.4723,-3.4595,-3.4581,-3.4317,-3.3889,-3.3555,-3.3502,-3.3825,-3.4467,-3.5175,-3.5418,-3.4459,-3.1829,-2.788,-2.3734,-2.0711,-1.9533,-2.0096,-2.1679,-2.348,-2.4952,-2.5921,-2.6467,-2.6838,-2.7388,-2.8478,-3.036,-3.3137,-3.682,-4.1413,-4.6845,-5.2815,-5.8608,-6.3189,-6.5714,-6.6147,-6.5236,-6.3953,-6.2946,-6.2486,-6.2592,-6.3158,-6.3913,-6.4522,-6.457,-6.37,-6.1784,-5.8981,-5.5557,-5.1631,-4.7182,-4.2265,-3.7211,-3.254,-2.8661,-2.5585,-2.2751,-1.9125,-1.3784,-0.6704,0.12184,0.88929
-2.8902,-3.3676,-3.721,-3.8853,-3.8766,-3.9006,-4.2226,-4.9347,-5.8654,-6.6163,-6.781,-6.3585,-5.7059,-5.0832,-4.5416,-4.0737,-3.7165,-3.5204,-3.4739,-3.4968,-3.5059,-3.4722,-3.4188,-3.385,-3.396,-3.4561,-3.5495,-3.6372,-3.6605,-3.5478,-3.2523,-2.8123,-2.3432,-1.9866,-1.8279,-1.8658,-2.0327,-2.2423,-2.4318,-2.5753,-2.6774,-2.7562,-2.8409,-2.9568,-3.1238,-3.3561,-3.665,-4.0636,-4.5529,-5.1035,-5.6467,-6.0759,-6.3054,-6.3384,-6.2508,-6.1397,-6.0683,-6.0581,-6.1034,-6.1819,-6.2736,-6.3392,-6.3381,-6.2398,-6.0422,-5.7695,-5.4485,-5.0778,-4.6419,-4.1389,-3.6095,-3.1221,-2.7314,-2.4419,-2.1872,-1.8422,-1.2901,-0.5315,0.31959,1.1338
-3.0718,-3.5549,-3.8943,-4.0335,-3.9837,-3.954,-4.2252,-4.9117,-5.8584,-6.6533,-6.8291,-6.3448,-5.5944,-4.889,-4.313,-3.8696,-3.5848,-3.4818,-3.5177,-3.5883,-3.604,-3.5481,-3.4652,-3.4142,-3.4324,-3.5204,-3.6462,-3.7532,-3.7699,-3.6258,-3.2815,-2.7804,-2.2522,-1.8438,-1.6498,-1.6756,-1.8564,-2.1027,-2.3469,-2.5552,-2.7231,-2.8622,-2.9838,-3.1021,-3.2348,-3.4034,-3.6397,-3.9666,-4.3886,-4.8814,-5.3673,-5.7452,-5.9415,-5.9616,-5.8892,-5.8145,-5.7901,-5.8278,-5.9144,-6.0284,-6.136,-6.2032,-6.1928,-6.0826,-5.8819,-5.6237,-5.3321,-4.9899,-4.5599,-4.0326,-3.4592,-2.9261,-2.5019,-2.1949,-1.9309,-1.5647,-0.969,-0.15067,0.75648,1.6087
-3.2083,-3.6979,-4.0298,-4.1507,-4.0663,-3.987,-4.2065,-4.8519,-5.7769,-6.5676,-6.7359,-6.2199,-5.4265,-4.6912,-4.1153,-3.7097,-3.493,-3.4683,-3.5701,-3.6762,-3.6913,-3.6093,-3.4936,-3.418,-3.4287,-3.5271,-3.671,-3.7894,-3.7982,-3.6213,-3.2301,-2.6813,-2.1147,-1.6847,-1.4849,-1.519,-1.7181,-1.9923,-2.2691,-2.5174,-2.7315,-2.9187,-3.0798,-3.2122,-3.3227,-3.4393,-3.6064,-3.8654,-4.2337,-4.6851,-5.1458,-5.5091,-5.6958,-5.713,-5.6446,-5.5812,-5.5767,-5.6419,-5.7595,-5.8981,-6.0245,-6.0984,-6.0827,-5.963,-5.7613,-5.5195,-5.2572,-4.9416,-4.5159,-3.9601,-3.3347,-2.7449,-2.2701,-1.9166,-1.601,-1.1746,-0.51984,0.33498,1.2458,2.0774
-3.3887,-3.8883,-4.2114,-4.3058,-4.1697,-4.0139,-4.1465,-4.708,-5.5569,-6.2858,-6.415,-5.8788,-5.0746,-4.3445,-3.8039,-3.4724,-3.3599,-3.4472,-3.6401,-3.7917,-3.7995,-3.6728,-3.4994,-3.3735,-3.3544,-3.4479,-3.6024,-3.7231,-3.7007,-3.457,-2.9903,-2.386,-1.794,-1.3617,-1.176,-1.2349,-1.4675,-1.7806,-2.1028,-2.4029,-2.6778,-2.9289,-3.1424,-3.2921,-3.3697,-3.414,-3.4932,-3.6687,-3.9684,-4.3705,-4.8014,-5.1521,-5.3382,-5.3623,-5.3039,-5.258,-5.2785,-5.3718,-5.5148,-5.6742,-5.8091,-5.8804,-5.8572,-5.7377,-5.5564,-5.3575,-5.1478,-4.8688,-4.4364,-3.8272,-3.1196,-2.4349,-1.8553,-1.3834,-0.9384,-0.39477,0.3342,1.2027,2.0844,2.8671
-3.5642,-4.0715,-4.3829,-4.4462,-4.252,-4.0098,-4.0387,-4.4862,-5.2109,-5.8212,-5.8825,-5.3481,-4.5806,-3.8996,-3.4245,-3.1836,-3.1807,-3.3795,-3.661,-3.8551,-3.8525,-3.6763,-3.4364,-3.2447,-3.1701,-3.2244,-3.3546,-3.4421,-3.3559,-3.0239,-2.4771,-1.8359,-1.2524,-0.85346,-0.70715,-0.80201,-1.0693,-1.418,-1.7821,-2.1296,-2.4585,-2.7668,-3.0288,-3.1957,-3.2446,-3.2217,-3.2218,-3.3247,-3.5635,-3.9206,-4.3234,-4.6686,-4.8719,-4.9226,-4.8896,-4.8575,-4.8818,-4.976,-5.1207,-5.2773,-5.4052,-5.4638,-5.4316,-5.3213,-5.1756,-5.034,-4.8867,-4.6481,-4.2078,-3.5364,-2.7286,-1.9237,-1.2087,-0.58494,0.017491,0.69078,1.4716,2.3101,3.1075,3.7858
-3.6896,-4.1986,-4.4963,-4.5315,-4.2898,-3.9787,-3.9223,-4.2692,-4.8778,-5.3744,-5.3746,-4.8527,-4.134,-3.5093,-3.0946,-2.9217,-2.9937,-3.2654,-3.6044,-3.8272,-3.8191,-3.6103,-3.3219,-3.0745,-2.9415,-2.9387,-3.0103,-3.035,-2.8792,-2.4808,-1.8891,-1.2372,-0.67175,-0.31081,-0.20561,-0.33749,-0.63067,-0.99995,-1.3809,-1.7494,-2.105,-2.4431,-2.7317,-2.911,-2.9487,-2.8975,-2.8575,-2.9172,-3.1159,-3.439,-3.8219,-4.1652,-4.3831,-4.459,-4.4466,-4.4262,-4.4518,-4.5366,-4.6626,-4.7954,-4.8958,-4.9293,-4.8839,-4.7802,-4.6624,-4.5621,-4.4533,-4.2366,-3.7897,-3.0832,-2.2184,-1.3368,-0.52397,0.21376,0.92577,1.6695,2.4582,3.2436,3.9534,4.5359
-3.8438,-4.3458,-4.6145,-4.6044,-4.2954,-3.8921,-3.7178,-3.9194,-4.3564,-4.6891,-4.606,-4.109,-3.4704,-2.9328,-2.6011,-2.5079,-2.6551,-2.9926,-3.3819,-3.6332,-3.6269,-3.3907,-3.0467,-2.7203,-2.4898,-2.3754,-2.3226,-2.2195,-1.949,-1.4707,-0.85015,-0.21038,0.31628,0.62846,0.68494,0.51371,0.19243,-0.19326,-0.58589,-0.96426,-1.3275,-1.6719,-1.9615,-2.1397,-2.181,-2.1326,-2.0895,-2.1315,-2.296,-2.5738,-2.9131,-3.2344,-3.4639,-3.5747,-3.6002,-3.5989,-3.6163,-3.6682,-3.7442,-3.8177,-3.8589,-3.8461,-3.7766,-3.6736,-3.5738,-3.4956,-3.4009,-3.1869,-2.734,-2.015,-1.1238,-0.1905,0.70273,1.5384,2.3365,3.1166,3.8706,4.5586,5.1366,5.5797
-3.9461,-4.4336,-4.6707,-4.6196,-4.2592,-3.7894,-3.5287,-3.62,-3.9266,-4.1381,-3.9972,-3.522,-2.946,-2.4752,-2.2015,-2.1543,-2.3339,-2.69,-3.089,-3.3491,-3.3506,-3.1094,-2.7362,-2.352,-2.0392,-1.8225,-1.6567,-1.4432,-1.0839,-0.55498,0.075082,0.69481,1.186,1.4641,1.4945,1.3082,0.97947,0.59196,0.20287,-0.16447,-0.50855,-0.82646,-1.093,-1.2664,-1.3274,-1.3134,-1.2992,-1.3517,-1.5044,-1.7527,-2.0571,-2.3533,-2.5791,-2.7069,-2.7537,-2.7636,-2.7742,-2.8,-2.8332,-2.8543,-2.8419,-2.7831,-2.683,-2.5641,-2.4534,-2.358,-2.2387,-2.0009,-1.5477,-0.85499,0.0042449,0.92243,1.8238,2.68,3.4904,4.2546,4.9531,5.5541,6.0288,6.3663
-4.0591,-4.5129,-4.6938,-4.5794,-4.1518,-3.6022,-3.2354,-3.1871,-3.3297,-3.3956,-3.1895,-2.7443,-2.247,-1.8586,-1.6493,-1.6416,-1.8311,-2.1709,-2.5446,-2.7941,-2.8065,-2.5764,-2.1855,-1.7382,-1.3183,-0.95922,-0.63735,-0.27886,0.18496,0.76367,1.3977,1.9903,2.4451,2.6908,2.7019,2.5091,2.185,1.811,1.4451,1.114,0.81956,0.55961,0.33932,0.17525,0.075429,0.020593,-0.031544,-0.12284,-0.27687,-0.49484,-0.75163,-1.0054,-1.2128,-1.3485,-1.416,-1.4368,-1.4342,-1.4211,-1.3968,-1.351,-1.2722,-1.1558,-1.0091,-0.84996,-0.69612,-0.54651,-0.3652,-0.083534,0.36621,1.0023,1.7795,2.6244,3.4761,4.2987,5.0713,5.7728,6.3763,6.8544,7.1916,7.391
-4.1404,-4.5428,-4.6537,-4.4693,-3.9794,-3.3628,-2.9054,-2.7341,-2.7342,-2.6795,-2.4248,-2.009,-1.5818,-1.2628,-1.1005,-1.1063,-1.274,-1.564,-1.8823,-2.1008,-2.1181,-1.9086,-1.5194,-1.0314,-0.51993,-0.02981,0.43859,0.92587,1.4735,2.0846,2.7143,3.2856,3.7182,3.9494,3.9573,3.773,3.4669,3.1186,2.7867,2.5008,2.2648,2.0685,1.8979,1.7438,1.6037,1.4752,1.3482,1.2073,1.0392,0.8402,0.62239,0.40955,0.22891,0.099595,0.026568,0.0018771,0.013962,0.054843,0.1232,0.22276,0.35793,0.52857,0.72621,0.93681,1.1494,1.3678,1.6183,1.9456,2.3913,2.9685,3.6535,4.4014,5.1674,5.9145,6.6104,7.2234,7.7203,8.0774,8.2873,8.3613
-4.1775,-4.5313,-4.5835,-4.3454,-3.8135,-3.1562,-2.6431,-2.3935,-2.304,-2.1773,-1.8967,-1.5033,-1.1221,-0.84637,-0.70906,-0.7124,-0.85031,-1.0919,-1.361,-1.5497,-1.565,-1.3694,-0.9867,-0.47815,0.08886,0.66265,1.2257,1.793,2.3903,3.0188,3.6453,4.2061,4.6299,4.8585,4.8717,4.6992,4.4105,4.0841,3.7797,3.5283,3.3338,3.1797,3.0401,2.8918,2.726,2.5501,2.3725,2.1947,2.0118,1.8201,1.6236,1.4349,1.2718,1.1501,1.0771,1.0529,1.0722,1.13,1.2241,1.3559,1.5263,1.7332,1.9681,2.2194,2.4782,2.7473,3.0451,3.4019,3.8456,4.3864,5.0103,5.6878,6.3842,7.0651,7.695,8.2369,8.6559,8.9285,9.0508,9.0381
-4.1927,-4.4727,-4.4446,-4.1376,-3.558,-2.8594,-2.288,-1.9545,-1.7696,-1.5698,-1.2683,-0.90562,-0.57907,-0.3524,-0.23837,-0.23,-0.32226,-0.49708,-0.70057,-0.84689,-0.85182,-0.66671,-0.29052,0.23929,0.86434,1.5267,2.1891,2.8402,3.4891,4.1375,4.7622,5.3152,5.7342,5.9665,5.9921,5.839,5.5747,5.2766,5.0073,4.7979,4.65,4.5405,4.4307,4.2855,4.0926,3.8669,3.6343,3.4133,3.209,3.0182,2.8385,2.6723,2.5276,2.4147,2.3441,2.321,2.3465,2.42,2.5407,2.7084,2.921,3.1739,3.4584,3.7637,4.0821,4.4132,4.7658,5.1567,5.6005,6.1042,6.6628,7.2601,7.8718,8.4673,9.0099,9.4605,9.7823,9.9537,9.9737,9.861
-4.1684,-4.3707,-4.2672,-3.901,-3.2842,-2.557,-1.9442,-1.549,-1.2954,-1.0472,-0.73904,-0.40904,-0.13267,0.050932,0.14672,0.1692,0.12111,0.0076731,-0.1359,-0.24035,-0.2283,-0.0442,0.33054,0.87687,1.5443,2.2713,3.005,3.718,4.4063,5.0719,5.6995,6.2515,6.6731,6.9143,6.954,6.8199,6.5775,6.3043,6.063,5.8853,5.7717,5.693,5.6032,5.4592,5.2455,4.9827,4.7086,4.4534,4.2289,4.0336,3.8597,3.7028,3.5649,3.4546,3.3818,3.357,3.3865,3.4731,3.6171,3.8167,4.0697,4.3684,4.7024,5.0608,5.4349,5.8212,6.2215,6.6423,7.0909,7.5718,8.0841,8.6195,9.1611,9.6825,10.148,10.519,10.757,10.842,10.775,10.577
-4.1257,-4.2713,-4.1193,-3.718,-3.081,-2.3398,-1.7052,-1.2765,-0.98676,-0.71641,-0.41168,-0.10878,0.13025,0.28229,0.36376,0.39454,0.37543,0.30279,0.19967,0.12478,0.15121,0.33837,0.71426,1.2694,1.96,2.7234,3.4985,4.2483,4.9616,5.6394,6.2719,6.8264,7.2522,7.5002,7.5498,7.4272,7.1976,6.9392,6.7135,6.5535,6.4586,6.3972,6.3186,6.1747,5.9479,5.6631,5.3635,5.0859,4.8472,4.6447,4.469,4.3124,4.174,4.06,3.9829,3.9545,3.984,4.0769,4.2355,4.4591,4.7419,5.0757,5.4489,5.8489,6.2654,6.6915,7.1249,7.5677,8.0227,8.4934,8.981,9.481,9.9805,10.456,10.873,11.193,11.379,11.412,11.292,11.042
-4.0395,-4.118,-3.9173,-3.4847,-2.8311,-2.0791,-1.4257,-0.96638,-0.64559,-0.36108,-0.071309,0.19075,0.37818,0.48512,0.54296,0.57804,0.58896,0.56133,0.50423,0.4649,0.51147,0.70596,1.0849,1.649,2.3635,3.1648,3.984,4.773,5.5147,6.2088,6.8496,7.409,7.8401,8.0958,8.156,8.0457,7.8294,7.5848,7.3749,7.2323,7.1551,7.1085,7.037,6.8889,6.6467,6.337,6.0095,5.7073,5.4503,5.237,5.0553,4.893,4.7454,4.6181,4.5245,4.4814,4.5043,4.6038,4.7839,5.0412,5.3694,5.7554,6.1842,6.6408,7.1126,7.5899,8.0667,8.5389,9.0073,9.4745,9.9428,10.411,10.87,11.298,11.663,11.929,12.059,12.034,11.857,11.552
-3.9566,-3.9941,-3.7715,-3.3282,-2.6701,-1.9152,-1.2536,-0.78019,-0.44623,-0.16053,0.11126,0.33867,0.48437,0.55398,0.58835,0.6198,0.64571,0.64388,0.61433,0.59815,0.66029,0.86241,1.2447,1.8152,2.5437,3.3672,4.2126,5.0254,5.7852,6.4909,7.1383,7.7021,8.1371,8.3977,8.4635,8.3593,8.1492,7.9108,7.7082,7.5737,7.5043,7.4629,7.392,7.2388,6.9857,6.661,6.3174,6.0003,5.7308,5.5079,5.3169,5.1436,4.9817,4.8367,4.7238,4.6646,4.6793,4.7821,4.9782,5.2643,5.6288,6.0565,6.53,7.0326,7.5491,8.0672,8.5774,9.0747,9.5568,10.026,10.486,10.939,11.377,11.781,12.12,12.355,12.455,12.399,12.19,11.853
-3.8272,-3.8271,-3.5968,-3.1562,-2.5027,-1.7497,-1.0837,-0.60046,-0.25974,0.017338,0.25758,0.43318,0.51803,0.53077,0.52515,0.54116,0.57512,0.59692,0.59674,0.60761,0.68969,0.90367,1.2926,1.8704,2.6126,3.4582,4.331,5.1706,5.9512,6.6712,7.3274,7.8972,8.3377,8.6033,8.6732,8.5719,8.3634,8.1273,7.9271,7.7963,7.7308,7.6921,7.6202,7.4597,7.1925,6.8491,6.4846,6.1478,5.8624,5.625,5.4197,5.2285,5.0416,4.8633,4.7131,4.6188,4.6104,4.7108,4.9288,5.2581,5.6818,6.1769,6.7197,7.2888,7.8667,8.4393,8.996,9.5283,10.034,10.516,10.977,11.422,11.845,12.228,12.543,12.753,12.825,12.741,12.504,12.14
-3.6841,-3.6674,-3.4545,-3.0373,-2.3997,-1.6539,-0.98891,-0.5039,-0.16627,0.092704,0.29428,0.41244,0.42896,0.37553,0.31809,0.30472,0.33335,0.36855,0.39168,0.42724,0.52918,0.75538,1.1502,1.7324,2.4829,3.3435,4.2364,5.0973,5.8967,6.6306,7.2959,7.8711,8.3142,8.5804,8.649,8.5445,8.3322,8.0916,7.8887,7.7562,7.6895,7.6476,7.5683,7.3956,7.1119,6.7495,6.367,6.0152,5.717,5.4682,5.2475,5.032,4.8087,4.5825,4.3762,4.2293,4.1856,4.2788,4.5216,4.9037,5.3977,5.9708,6.5921,7.236,7.8825,8.5155,9.1222,9.6948,10.23,10.73,11.201,11.649,12.07,12.448,12.755,12.956,13.017,12.92,12.671,12.293
-3.5726,-3.5576,-3.3741,-2.9874,-2.3691,-1.6318,-0.96971,-0.48744,-0.15764,0.082894,0.25185,0.32343,0.28468,0.17503,0.069911,0.025434,0.042332,0.082748,0.12181,0.17634,0.29361,0.52803,0.92483,1.5065,2.259,3.1262,4.0296,4.9031,5.7144,6.4578,7.1298,7.7082,8.1518,8.4157,8.4801,8.369,8.149,7.9004,7.6907,7.553,7.482,7.4354,7.3489,7.1651,6.8672,6.4892,6.0927,5.7305,5.4255,5.1702,4.9392,4.7045,4.4495,4.1775,3.9161,3.7138,3.6284,3.7077,3.9702,4.4006,4.9597,5.6037,6.2937,7.0001,7.7011,8.381,9.0276,9.6324,10.193,10.712,11.198,11.655,12.082,12.465,12.774,12.977,13.041,12.946,12.698,12.321
-3.4238,-3.4297,-3.3057,-2.9766,-2.3929,-1.6706,-1.0154,-0.54123,-0.22735,-0.016027,0.10596,0.11271,-0.0043759,-0.19675,-0.37657,-0.4747,-0.48195,-0.43762,-0.37653,-0.2951,-0.15715,0.086443,0.48189,1.0573,1.8049,2.6735,3.5851,4.4709,5.2942,6.0473,6.7249,7.3048,7.7464,8.0045,8.059,7.9345,7.698,7.4323,7.2068,7.0565,6.9757,6.92,6.8217,6.6206,6.3,5.898,5.4813,5.1069,4.7974,4.5403,4.3015,4.0434,3.741,3.395,3.0364,2.7306,2.5638,2.6121,2.9057,3.4163,4.0833,4.8391,5.6324,6.429,7.2074,7.953,8.6552,9.3064,9.9053,10.456,10.967,11.446,11.891,12.289,12.615,12.834,12.913,12.835,12.603,12.242
-3.2801,-3.326,-3.2822,-3.0289,-2.4909,-1.7873,-1.1416,-0.67998,-0.38695,-0.20859,-0.13486,-0.19363,-0.39117,-0.67219,-0.93724,-1.1,-1.1375,-1.0886,-1.0018,-0.89047,-0.73101,-0.48053,-0.092662,0.46677,1.1978,2.0562,2.9663,3.8569,4.6878,5.4467,6.126,6.7032,7.1375,7.3847,7.4243,7.2804,7.0208,6.7308,6.4829,6.315,6.2211,6.1537,6.04,5.8164,5.4668,5.0347,4.595,4.2111,3.9062,3.6593,3.4244,3.1505,2.801,2.3683,1.8876,1.4408,1.152,1.1437,1.4696,2.0847,2.885,3.7736,4.6839,5.5788,6.4386,7.2522,8.0116,8.7123,9.3533,9.9401,10.483,10.989,11.462,11.889,12.244,12.494,12.606,12.561,12.362,12.03
-3.1785,-3.2649,-3.2921,-3.1073,-2.6105,-1.9239,-1.2876,-0.83753,-0.56251,-0.41006,-0.37214,-0.47822,-0.73471,-1.0831,-1.4159,-1.631,-1.6922,-1.6371,-1.5258,-1.3883,-1.2124,-0.95931,-0.58169,-0.041644,0.66791,1.5088,2.4082,3.2949,4.1257,4.8846,5.5612,6.1325,6.558,6.7942,6.8194,6.6583,6.3775,6.0647,5.795,5.6099,5.5045,5.4268,5.2996,5.0553,4.6771,4.2158,3.7556,3.3677,3.0755,2.8503,2.6323,2.357,1.9769,1.4771,0.88829,0.30607,-0.10903,-0.18097,0.17306,0.88399,1.8047,2.8043,3.8056,4.7727,5.6909,6.5537,7.3562,8.0942,8.7683,9.385,9.9549,10.488,10.987,11.442,11.828,12.112,12.258,12.247,12.082,11.784
-3.0532,-3.2036,-3.338,-3.2573,-2.8247,-2.1655,-1.545,-1.1149,-0.86604,-0.74816,-0.75483,-0.91742,-1.2452,-1.6783,-2.0993,-2.3848,-2.4754,-2.4047,-2.2531,-2.076,-1.8776,-1.6243,-1.2669,-0.76129,-0.093159,0.70844,1.5779,2.445,3.2634,4.0129,4.6791,5.2372,5.6464,5.8625,5.8638,5.6729,5.3578,5.0082,4.7063,4.4976,4.3769,4.2873,4.1403,3.8605,3.4324,2.916,2.4178,2.0266,1.7676,1.5975,1.4315,1.1826,0.78512,0.20961,-0.52123,-1.3059,-1.9345,-2.1336,-1.7531,-0.90159,0.1852,1.3285,2.4416,3.4955,4.4849,5.4092,6.2662,7.0541,7.7729,8.4296,9.0372,9.6086,10.149,10.651,11.09,11.43,11.638,11.69,11.586,11.347
-2.9682,-3.1716,-3.392,-3.3976,-3.0195,-2.385,-1.7802,-1.3677,-1.1405,-1.0473,-1.0827,-1.2801,-1.6511,-2.1379,-2.6174,-2.9502,-3.0579,-2.97,-2.7836,-2.5745,-2.359,-2.1074,-1.7691,-1.296,-0.66856,0.090487,0.92265,1.761,2.5587,3.2918,3.9428,4.4848,4.8772,5.0753,5.0571,4.8418,4.4978,4.1168,3.7856,3.5558,3.4232,3.3271,3.1681,2.8603,2.3849,1.8133,1.2735,0.8783,0.66035,0.55667,0.45865,0.25738,-0.12668,-0.73269,-1.545,-2.4636,-3.2523,-3.5654,-3.1889,-2.2576,-1.075,0.14599,1.3158,2.4129,3.4394,4.3996,5.2932,6.1159,6.868,7.5561,8.194,8.7964,9.3714,9.913,10.398,10.792,11.057,11.167,11.121,10.937
-2.8673,-3.1446,-3.482,-3.609,-3.3111,-2.716,-2.1384,-1.755,-1.5594,-1.4968,-1.5616,-1.7901,-2.1989,-2.7345,-3.2707,-3.6504,-3.7691,-3.6526,-3.4198,-3.171,-2.9356,-2.6867,-2.3729,-1.9466,-1.3832,-0.69813,0.062882,0.84095,1.5924,2.2874,2.9029,3.4103,3.7699,3.9401,3.8964,3.6552,3.2768,2.853,2.4767,2.2129,2.0659,1.9653,1.7943,1.446,0.89253,0.22155,-0.39543,-0.79459,-0.93098,-0.89975,-0.86128,-0.95576,-1.2739,-1.8563,-2.6912,-3.6823,-4.5907,-5.0329,-4.7343,-3.8236,-2.6404,-1.4209,-0.2547,0.84576,1.8895,2.8811,3.8144,4.6809,5.4735,6.1978,6.8702,7.511,8.1337,8.7359,9.2954,9.7746,10.132,10.339,10.388,10.293
-2.7816,-3.1311,-3.5819,-3.8309,-3.6191,-3.0722,-2.5314,-2.1854,-2.0252,-1.99,-2.0715,-2.3097,-2.7271,-3.2772,-3.8365,-4.2351,-4.3491,-4.2021,-3.9326,-3.6579,-3.4107,-3.163,-2.8658,-2.4779,-1.9791,-1.3798,-0.7134,-0.021165,0.65812,1.2928,1.854,2.3114,2.627,2.7638,2.6964,2.4351,2.0304,1.5686,1.1512,0.85706,0.70174,0.60688,0.43184,0.0443,-0.5969,-1.3934,-2.118,-2.5305,-2.5576,-2.3472,-2.1243,-2.0617,-2.2528,-2.728,-3.4588,-4.3443,-5.1698,-5.6222,-5.4755,-4.7983,-3.8448,-2.8146,-1.7902,-0.78306,0.215,1.2019,2.1589,3.0594,3.8868,4.6414,5.3411,6.0133,6.6801,7.3461,7.991,8.5733,9.0455,9.3692,9.5307,9.5408
-2.7268,-3.1267,-3.6557,-3.9918,-3.8463,-3.3417,-2.836,-2.5247,-2.3945,-2.3773,-2.4621,-2.6902,-3.0917,-3.6283,-4.1799,-4.5731,-4.6751,-4.5095,-4.2242,-3.9418,-3.6933,-3.4477,-3.1582,-2.7908,-2.3333,-1.7971,-1.2075,-0.59227,0.018181,0.59411,1.103,1.5128,1.7886,1.8967,1.8141,1.5438,1.1291,0.64858,0.20721,-0.1051,-0.26389,-0.34618,-0.51226,-0.91649,-1.6162,-2.5102,-3.3312,-3.7644,-3.7019,-3.3418,-2.9665,-2.7708,-2.8427,-3.1962,-3.7865,-4.5078,-5.1794,-5.5755,-5.5428,-5.1116,-4.438,-3.6615,-2.8424,-1.9823,-1.0698,-0.11481,0.84479,1.7632,2.6075,3.3727,4.08,4.7646,5.4581,6.1716,6.8865,7.5581,8.1295,8.5558,8.8169,8.9193
-2.6658,-3.1238,-3.7425,-4.1817,-4.1231,-3.6827,-3.2353,-2.9811,-2.8954,-2.8993,-2.9744,-3.1661,-3.5168,-4.0037,-4.5163,-4.8819,-4.9636,-4.7852,-4.4973,-4.2207,-3.9799,-3.7399,-3.4568,-3.1063,-2.6904,-2.2268,-1.7338,-1.2256,-0.71534,-0.22797,0.20089,0.53441,0.74454,0.8091,0.71339,0.45299,0.051528,-0.42857,-0.8888,-1.2229,-1.3834,-1.4457,-1.5856,-1.9861,-2.7297,-3.7197,-4.6528,-5.1218,-4.9665,-4.4349,-3.8824,-3.5236,-3.4349,-3.6097,-3.9887,-4.4722,-4.9313,-5.2373,-5.3133,-5.1677,-4.8684,-4.4785,-4.0127,-3.4381,-2.7166,-1.856,-0.92163,0.0014031,0.85094,1.6095,2.3013,2.9758,3.6841,4.4532,5.268,6.0737,6.7989,7.3815,7.7902,8.026
-2.6285,-3.1218,-3.7928,-4.2952,-4.2972,-3.9109,-3.5166,-3.3131,-3.2658,-3.2832,-3.3419,-3.4905,-3.784,-4.2142,-4.6806,-5.0171,-5.0864,-4.9101,-4.634,-4.3723,-4.1427,-3.9069,-3.625,-3.2812,-2.8872,-2.4672,-2.0377,-1.6038,-1.1658,-0.74491,-0.37975,-0.10881,0.044066,0.073702,-0.026059,-0.26303,-0.6336,-1.0922,-1.546,-1.8822,-2.0408,-2.0891,-2.2067,-2.5865,-3.3222,-4.3284,-5.3014,-5.8034,-5.6294,-5.0353,-4.3992,-3.9481,-3.7566,-3.8106,-4.0494,-4.3845,-4.719,-4.9707,-5.0957,-5.0987,-5.0155,-4.878,-4.6745,-4.3417,-3.8049,-3.0526,-2.1645,-1.2608,-0.43009,0.29845,0.95148,1.5914,2.2878,3.0844,3.9719,4.8875,5.7397,6.4517,6.9816,7.3252
-2.5892,-3.1168,-3.8338,-4.3974,-4.4709,-4.1623,-3.8506,-3.725,-3.7342,-3.768,-3.7946,-3.8713,-4.0719,-4.4102,-4.8031,-5.0959,-5.1562,-4.9986,-4.7545,-4.5234,-4.3138,-4.0847,-3.8015,-3.4601,-3.0855,-2.7094,-2.351,-2.0012,-1.6493,-1.3081,-1.0186,-0.82566,-0.74303,-0.75872,-0.85859,-1.0563,-1.3661,-1.7661,-2.1782,-2.4945,-2.6486,-2.6877,-2.7791,-3.1122,-3.7876,-4.741,-5.695,-6.2275,-6.1038,-5.5273,-4.8666,-4.3542,-4.0682,-3.9994,-4.0944,-4.2872,-4.5132,-4.7221,-4.8877,-5.0107,-5.1121,-5.2067,-5.2683,-5.2102,-4.917,-4.3382,-3.5523,-2.7116,-1.941,-1.29,-0.73375,-0.19239,0.43835,1.2379,2.2097,3.2707,4.3007,5.1918,5.8866,6.3759
-2.5613,-3.1074,-3.8435,-4.4394,-4.5704,-4.3426,-4.1228,-4.0838,-4.1537,-4.2032,-4.1921,-4.1889,-4.2905,-4.5324,-4.8496,-5.1,-5.1585,-5.0317,-4.8313,-4.6397,-4.4559,-4.2385,-3.9581,-3.6199,-3.2582,-2.9117,-2.5997,-2.3092,-2.0198,-1.7389,-1.5108,-1.385,-1.3685,-1.4268,-1.5207,-1.6599,-1.8818,-2.1931,-2.5388,-2.8239,-2.9762,-3.0216,-3.0976,-3.3791,-3.9681,-4.8145,-5.6881,-6.2315,-6.2097,-5.7419,-5.1348,-4.6171,-4.2824,-4.1377,-4.1461,-4.2591,-4.4297,-4.6208,-4.8097,-4.9924,-5.1799,-5.3823,-5.5781,-5.684,-5.5698,-5.1534,-4.4942,-3.756,-3.0845,-2.5441,-2.1142,-1.7063,-1.1902,-0.4461,0.55838,1.7331,2.9181,3.9748,4.8253,5.4515
-2.5479,-3.0976,-3.8309,-4.4332,-4.5973,-4.4291,-4.2813,-4.31,-4.4264,-4.4876,-4.4489,-4.3875,-4.4188,-4.594,-4.8587,-5.0802,-5.1392,-5.0369,-4.8712,-4.7125,-4.553,-4.3496,-4.0764,-3.7439,-3.3898,-3.0569,-2.7657,-2.503,-2.2442,-1.9947,-1.8022,-1.7173,-1.7459,-1.8317,-1.9155,-2.0015,-2.1474,-2.382,-2.667,-2.9191,-3.0676,-3.1254,-3.2045,-3.4597,-3.9864,-4.7493,-5.5536,-6.0959,-6.1543,-5.7867,-5.2446,-4.7469,-4.4002,-4.2258,-4.2005,-4.285,-4.4382,-4.6253,-4.8231,-5.0237,-5.235,-5.4659,-5.6959,-5.8474,-5.7976,-5.4646,-4.8979,-4.2474,-3.6582,-3.1995,-2.8579,-2.5481,-2.1306,-1.4596,-0.47476,0.73616,1.9998,3.1491,4.0914,4.8024
-2.5407,-3.0834,-3.7932,-4.3832,-4.5783,-4.4853,-4.4321,-4.5497,-4.727,-4.805,-4.7349,-4.6073,-4.559,-4.6589,-4.8633,-5.0501,-5.1079,-5.035,-4.9148,-4.8029,-4.6829,-4.5077,-4.2513,-3.9281,-3.5795,-3.2547,-2.977,-2.7346,-2.4987,-2.2759,-2.1164,-2.0739,-2.1471,-2.258,-2.3217,-2.3385,-2.3849,-2.5138,-2.7085,-2.9048,-3.0449,-3.1255,-3.2257,-3.4659,-3.9299,-4.5977,-5.3204,-5.8557,-6.0022,-5.7597,-5.3119,-4.8586,-4.5185,-4.3309,-4.2888,-4.3619,-4.5131,-4.7068,-4.9149,-5.125,-5.3368,-5.5574,-5.7711,-5.9148,-5.8872,-5.6188,-5.1472,-4.6001,-4.1031,-3.7215,-3.4483,-3.2126,-2.8891,-2.3276,-1.4346,-0.26003,1.0194,2.2234,3.2384,4.0269
-2.5469,-3.0712,-3.7406,-4.3007,-4.5145,-4.4889,-4.5237,-4.7235,-4.9571,-5.0525,-4.9609,-4.7862,-4.6811,-4.7247,-4.8805,-5.0357,-5.0889,-5.0386,-4.9587,-4.8946,-4.8216,-4.685,-4.453,-4.1387,-3.7886,-3.459,-3.1803,-2.941,-2.7146,-2.5077,-2.372,-2.3628,-2.4683,-2.5946,-2.6326,-2.5795,-2.5267,-2.5501,-2.6548,-2.7961,-2.9255,-3.0331,-3.1657,-3.4112,-3.8403,-4.4409,-5.0997,-5.623,-5.8291,-5.6879,-5.3265,-4.922,-4.6003,-4.4188,-4.3779,-4.4572,-4.621,-4.8311,-5.0543,-5.2689,-5.4749,-5.6717,-5.8446,-5.9431,-5.8924,-5.6456,-5.2335,-4.7586,-4.3202,-3.9713,-3.7078,-3.4743,-3.1714,-2.6738,-1.887,-0.82514,0.3783,1.5533,2.5767,3.3958
-2.5609,-3.0668,-3.6985,-4.2287,-4.4503,-4.47,-4.5641,-4.8181,-5.0883,-5.1958,-5.0961,-4.9012,-4.7705,-4.7862,-4.9137,-5.0471,-5.0939,-5.0548,-4.9997,-4.9695,-4.9347,-4.8331,-4.6239,-4.3154,-3.9591,-3.6167,-3.3248,-3.0759,-2.8478,-2.6488,-2.5314,-2.5471,-2.6772,-2.8125,-2.8285,-2.7202,-2.5943,-2.5441,-2.5866,-2.6891,-2.8087,-2.9314,-3.0881,-3.3476,-3.7673,-4.3398,-4.9655,-5.474,-5.7044,-5.6127,-5.3041,-4.9388,-4.6405,-4.4695,-4.4393,-4.5303,-4.7077,-4.9321,-5.1679,-5.3922,-5.5943,-5.7751,-5.9212,-5.9903,-5.9208,-5.6766,-5.2884,-4.8399,-4.4168,-4.0654,-3.7815,-3.5178,-3.1927,-2.7058,-1.977,-1.0055,0.10889,1.2193,2.208,3.0172
-2.594,-3.072,-3.6484,-4.1331,-4.3593,-4.4323,-4.5959,-4.9097,-5.2173,-5.3377,-5.2361,-5.0354,-4.8945,-4.8912,-4.9927,-5.1,-5.1331,-5.101,-5.0714,-5.0809,-5.0961,-5.045,-4.8715,-4.5729,-4.2027,-3.8313,-3.5046,-3.2276,-2.9869,-2.7949,-2.7037,-2.7532,-2.9162,-3.0611,-3.0472,-2.8707,-2.6589,-2.5238,-2.4944,-2.5487,-2.652,-2.7888,-2.9759,-3.2585,-3.6783,-4.2237,-4.8124,-5.301,-5.5475,-5.5068,-5.2549,-4.9322,-4.6597,-4.5062,-4.4875,-4.5941,-4.7948,-5.0493,-5.3176,-5.5686,-5.7885,-5.967,-6.0893,-6.1226,-6.0242,-5.773,-5.3966,-4.9628,-4.5393,-4.1633,-3.8312,-3.5047,-3.1224,-2.6138,-1.924,-1.0493,-0.050206,0.96217,1.8851,2.6572
-2.6307,-3.0874,-3.6207,-4.0703,-4.2966,-4.4042,-4.6128,-4.9619,-5.287,-5.412,-5.3146,-5.1236,-4.9921,-4.9894,-5.08,-5.1709,-5.1924,-5.1596,-5.1419,-5.1755,-5.2249,-5.2106,-5.0649,-4.7758,-4.3926,-3.9926,-3.6309,-3.3242,-3.067,-2.8765,-2.7998,-2.8724,-3.055,-3.2068,-3.1742,-2.9574,-2.6944,-2.5079,-2.4355,-2.4593,-2.5501,-2.6917,-2.896,-3.1961,-3.6187,-4.1498,-4.7115,-5.1775,-5.4278,-5.4101,-5.1914,-4.8999,-4.6513,-4.5093,-4.5057,-4.6262,-4.8412,-5.1137,-5.407,-5.6888,-5.9388,-6.1387,-6.2647,-6.2845,-6.167,-5.9034,-5.5195,-5.0832,-4.6481,-4.2454,-3.8726,-3.497,-3.0673,-2.5288,-1.844,-1.0133,-0.091636,0.84154,1.7073,2.4538
-2.697,-3.1279,-3.605,-4.0069,-4.231,-4.3792,-4.6385,-5.0221,-5.3554,-5.4768,-5.3884,-5.2242,-5.1244,-5.1413,-5.2304,-5.3045,-5.3081,-5.2673,-5.2564,-5.3137,-5.4025,-5.4346,-5.3252,-5.048,-4.6446,-4.2003,-3.7846,-3.4266,-3.1366,-2.938,-2.874,-2.9711,-3.1744,-3.3322,-3.2846,-3.0314,-2.7205,-2.483,-2.3673,-2.3639,-2.4435,-2.5958,-2.8178,-3.1286,-3.5489,-4.047,-4.5631,-4.9956,-5.2382,-5.2568,-5.0914,-4.8446,-4.6227,-4.4991,-4.5007,-4.6281,-4.8599,-5.1632,-5.5008,-5.837,-6.1435,-6.3894,-6.5416,-6.564,-6.4295,-6.1394,-5.7286,-5.2645,-4.7987,-4.3599,-3.9432,-3.5149,-3.0266,-2.435,-1.7229,-0.90743,-0.04311,0.80584,1.5861,2.266
-2.7842,-3.1955,-3.6198,-3.9744,-4.1937,-4.3767,-4.6786,-5.0827,-5.4068,-5.5112,-5.4288,-5.3012,-5.2498,-5.3044,-5.4084,-5.4742,-5.4591,-5.4035,-5.3898,-5.4612,-5.5826,-5.6582,-5.5856,-5.3185,-4.8941,-4.4012,-3.9216,-3.5003,-3.1621,-2.9399,-2.8731,-2.9748,-3.1806,-3.3364,-3.288,-3.0355,-2.7165,-2.4618,-2.3227,-2.299,-2.3698,-2.5203,-2.748,-3.0632,-3.4716,-3.9446,-4.4217,-4.8153,-5.0432,-5.0752,-4.9471,-4.7465,-4.5649,-4.4659,-4.482,-4.6162,-4.8554,-5.1772,-5.5526,-5.9477,-6.3241,-6.6383,-6.8395,-6.8787,-6.7278,-6.3991,-5.9479,-5.4394,-4.9361,-4.466,-4.0193,-3.5561,-3.0251,-2.3887,-1.6422,-0.82113,0.020955,0.82613,1.553,2.1815
-2.8636,-3.2656,-3.6541,-3.9737,-4.1872,-4.3929,-4.7218,-5.1334,-5.4392,-5.5207,-5.4375,-5.3384,-5.3306,-5.4233,-5.5471,-5.6145,-5.5883,-5.5172,-5.4937,-5.5682,-5.7073,-5.8121,-5.7692,-5.5135,-5.0763,-4.5474,-4.0177,-3.5435,-3.1614,-2.9075,-2.8201,-2.9017,-3.0908,-3.2372,-3.1977,-2.9662,-2.6696,-2.4297,-2.2976,-2.273,-2.3398,-2.4825,-2.704,-3.0138,-3.408,-3.8597,-4.3057,-4.6688,-4.8834,-4.9256,-4.8294,-4.6677,-4.5188,-4.4412,-4.4653,-4.6005,-4.8418,-5.1741,-5.5739,-6.0096,-6.437,-6.8008,-7.0367,-7.086,-6.9206,-6.5618,-6.0722,-5.5371,-5.014,-4.5282,-4.0658,-3.5827,-3.0253,-2.3583,-1.586,-0.75039,0.082534,0.85946,1.5491,2.1434
-2.988,-3.3863,-3.7325,-4.0058,-4.2083,-4.4402,-4.8004,-5.212,-5.4796,-5.5163,-5.4219,-5.3561,-5.4076,-5.5588,-5.7212,-5.8005,-5.7647,-5.6734,-5.6287,-5.6926,-5.8434,-5.9822,-5.9792,-5.7487,-5.3062,-4.7385,-4.1449,-3.5968,-3.1449,-2.8296,-2.6802,-2.7012,-2.8345,-2.9582,-2.9436,-2.7747,-2.5449,-2.3567,-2.2575,-2.2491,-2.3177,-2.4544,-2.6624,-2.9512,-3.3175,-3.7322,-4.1381,-4.468,-4.6706,-4.7291,-4.6746,-4.5661,-4.4657,-4.4207,-4.4597,-4.5953,-4.8311,-5.1629,-5.5769,-6.046,-6.5241,-6.9432,-7.2196,-7.2763,-7.0804,-6.6681,-6.1293,-5.5559,-5.0163,-4.5308,-4.0738,-3.5887,-3.0153,-2.3214,-1.5216,-0.67129,0.15885,0.91633,1.5757,2.1372
-3.0938,-3.4974,-3.8161,-4.0542,-4.2456,-4.4942,-4.8742,-5.2798,-5.5095,-5.5033,-5.3921,-5.3439,-5.4358,-5.6316,-5.8271,-5.9235,-5.8906,-5.7882,-5.7233,-5.7716,-5.9218,-6.0762,-6.0995,-5.8956,-5.4608,-4.8735,-4.2352,-3.6282,-3.1141,-2.7384,-2.5281,-2.4871,-2.5641,-2.6595,-2.6668,-2.5627,-2.4087,-2.2821,-2.2209,-2.2312,-2.3044,-2.4381,-2.6358,-2.9062,-3.2492,-3.6328,-4.0093,-4.3202,-4.5183,-4.5978,-4.579,-4.5107,-4.4463,-4.4275,-4.4786,-4.6145,-4.8412,-5.1604,-5.5664,-6.0377,-6.5299,-6.9689,-7.2569,-7.3056,-7.0841,-6.641,-6.0746,-5.4906,-4.9508,-4.4711,-4.022,-3.5429,-2.9695,-2.2681,-1.4579,-0.6011,0.22626,0.96866,1.6035,2.1378
-3.2503,-3.672,-3.9592,-4.149,-4.3209,-4.5867,-4.9888,-5.3796,-5.5492,-5.4759,-5.3309,-5.2923,-5.4253,-5.6707,-5.9082,-6.0375,-6.0199,-5.91,-5.8251,-5.8532,-5.9921,-6.1541,-6.2073,-6.0409,-5.6251,-5.0223,-4.3318,-3.65,-3.0484,-2.5797,-2.2757,-2.1367,-2.1301,-2.1834,-2.2229,-2.214,-2.1782,-2.1536,-2.1615,-2.2077,-2.2909,-2.4148,-2.5944,-2.8447,-3.1622,-3.5208,-3.8676,-4.1549,-4.3547,-4.4586,-4.4889,-4.4791,-4.4656,-4.4801,-4.545,-4.6762,-4.8854,-5.1797,-5.5573,-6.0023,-6.4709,-6.8873,-7.1505,-7.1683,-6.9113,-6.4376,-5.8562,-5.2737,-4.7507,-4.2961,-3.8723,-3.4128,-2.8517,-2.1577,-1.3538,-0.50649,0.30666,1.0297,1.6408,2.15
-3.4207,-3.8737,-4.1352,-4.2749,-4.4204,-4.6969,-5.1154,-5.4855,-5.5888,-5.4421,-5.2526,-5.208,-5.3624,-5.643,-5.9216,-6.0855,-6.0886,-5.9839,-5.8881,-5.895,-6.0153,-6.1738,-6.2437,-6.1072,-5.7157,-5.1123,-4.3896,-3.6472,-2.9661,-2.4034,-1.9931,-1.746,-1.6484,-1.6628,-1.7375,-1.8293,-1.919,-2.0058,-2.0946,-2.1867,-2.2844,-2.4002,-2.5567,-2.7792,-3.0739,-3.4139,-3.7535,-4.0471,-4.2655,-4.4059,-4.4809,-4.5181,-4.5476,-4.5944,-4.6733,-4.7977,-4.9786,-5.2266,-5.5465,-5.9259,-6.3278,-6.6808,-6.8879,-6.8623,-6.5791,-6.0978,-5.5271,-4.9645,-4.4671,-4.039,-3.6389,-3.1996,-2.6579,-1.9864,-1.21,-0.39103,0.39132,1.0826,1.6632,2.1464
-3.5549,-4.0395,-4.2857,-4.3863,-4.5072,-4.7865,-5.2137,-5.5657,-5.6186,-5.4152,-5.188,-5.1278,-5.2838,-5.5792,-5.8794,-6.0668,-6.0921,-5.9993,-5.9013,-5.897,-6.0037,-6.1523,-6.2231,-6.1007,-5.728,-5.1318,-4.3966,-3.6196,-2.8884,-2.2612,-1.7775,-1.4555,-1.2961,-1.2832,-1.3815,-1.5439,-1.7266,-1.8988,-2.0472,-2.1689,-2.2734,-2.381,-2.5243,-2.7341,-3.0205,-3.3571,-3.7011,-4.0081,-4.2489,-4.4196,-4.5306,-4.6044,-4.665,-4.7319,-4.8159,-4.9289,-5.0824,-5.2878,-5.5508,-5.8648,-6.1938,-6.4748,-6.6212,-6.5564,-6.2599,-5.7871,-5.2376,-4.6992,-4.2226,-3.8097,-3.4217,-2.9969,-2.477,-1.835,-1.0913,-0.30831,0.44656,1.1168,1.6793,2.144
-3.7383,-4.2748,-4.5057,-4.5515,-4.633,-4.9084,-5.341,-5.6681,-5.656,-5.3809,-5.0999,-5.0073,-5.1488,-5.4433,-5.7562,-5.9703,-6.0276,-5.9599,-5.8719,-5.8606,-5.9484,-6.0767,-6.1374,-6.0211,-5.6668,-5.087,-4.3493,-3.5445,-2.7584,-2.0612,-1.4962,-1.0929,-0.86916,-0.82962,-0.95435,-1.197,-1.4881,-1.7656,-1.987,-2.1435,-2.251,-2.3453,-2.4743,-2.6774,-2.9655,-3.3161,-3.6822,-4.0206,-4.3051,-4.5227,-4.6828,-4.8017,-4.8972,-4.982,-5.0661,-5.1546,-5.2581,-5.3909,-5.5646,-5.7754,-5.9979,-6.1784,-6.2428,-6.128,-5.8202,-5.3677,-4.853,-4.3498,-3.899,-3.4994,-3.1159,-2.6962,-2.1938,-1.5885,-0.89851,-0.17158,0.5268,1.1479,1.6719,2.1096
-3.9218,-4.5199,-4.7401,-4.7284,-4.763,-5.0236,-5.4555,-5.7559,-5.6878,-5.3498,-5.0156,-4.8821,-4.9918,-5.2648,-5.5724,-5.8012,-5.8908,-5.8592,-5.794,-5.7845,-5.8564,-5.9596,-5.9965,-5.8672,-5.5162,-4.9501,-4.2234,-3.4159,-2.6098,-1.8731,-1.2546,-0.79159,-0.51669,-0.4536,-0.59856,-0.90316,-1.2835,-1.6485,-1.9352,-2.1229,-2.2309,-2.3095,-2.4198,-2.6141,-2.9116,-3.2885,-3.6989,-4.0954,-4.4433,-4.7264,-4.9411,-5.0967,-5.2089,-5.2933,-5.3567,-5.4095,-5.461,-5.5232,-5.6069,-5.7152,-5.8294,-5.9071,-5.8916,-5.7345,-5.4244,-4.9973,-4.5147,-4.0386,-3.5993,-3.1964,-2.8039,-2.3834,-1.8999,-1.3366,-0.70505,-0.043994,0.5957,1.1712,1.6623,2.0769
-4.0559,-4.7052,-4.9204,-4.8636,-4.8581,-5.1005,-5.5241,-5.8072,-5.7059,-5.3286,-4.9576,-4.7901,-4.868,-5.1152,-5.4082,-5.6408,-5.7525,-5.7504,-5.708,-5.7062,-5.7688,-5.8502,-5.8621,-5.7154,-5.3596,-4.8004,-4.0873,-3.2927,-2.4917,-1.7459,-1.1042,-0.61075,-0.30828,-0.23316,-0.38928,-0.72973,-1.1616,-1.5779,-1.902,-2.1048,-2.2099,-2.2752,-2.3734,-2.5654,-2.8748,-3.2785,-3.7299,-4.1781,-4.5831,-4.9211,-5.1807,-5.3658,-5.4892,-5.5647,-5.6054,-5.6187,-5.6162,-5.6147,-5.6306,-5.6682,-5.7161,-5.7381,-5.6832,-5.5072,-5.1981,-4.7842,-4.3184,-3.8509,-3.4096,-2.9958,-2.5893,-2.1603,-1.6824,-1.1438,-0.55373,0.058821,0.65093,1.1853,1.6451,2.0391
-4.2261,-4.9474,-5.1594,-5.0412,-4.9755,-5.1843,-5.5889,-5.8517,-5.719,-5.3027,-4.889,-4.6748,-4.7037,-4.9064,-5.1705,-5.3984,-5.5315,-5.5688,-5.5632,-5.5774,-5.6306,-5.6832,-5.6585,-5.4814,-5.1119,-4.5595,-3.8706,-3.1091,-2.3355,-1.6014,-0.95287,-0.4386,-0.11555,-0.029724,-0.19359,-0.56223,-1.0364,-1.4996,-1.8558,-2.0712,-2.1705,-2.2226,-2.3118,-2.5065,-2.8333,-3.2735,-3.779,-4.299,-4.789,-5.2109,-5.5365,-5.7541,-5.8732,-5.9171,-5.9071,-5.8629,-5.799,-5.7305,-5.6732,-5.6381,-5.6171,-5.5825,-5.4915,-5.3031,-5.0002,-4.6004,-4.1435,-3.6741,-3.2161,-2.7741,-2.3379,-1.8911,-1.4184,-0.9113,-0.37333,0.1761,0.708,1.1944,1.6204,1.9929
-4.3451,-5.1218,-5.3327,-5.1687,-5.0548,-5.2316,-5.6168,-5.8664,-5.7196,-5.2847,-4.845,-4.5963,-4.5858,-4.7512,-4.9879,-5.205,-5.3483,-5.4116,-5.4338,-5.4637,-5.5148,-5.5497,-5.4991,-5.2975,-4.9144,-4.3649,-3.6973,-2.9694,-2.2316,-1.5235,-0.88559,-0.36815,-0.033922,0.062188,-0.09934,-0.47562,-0.96665,-1.4496,-1.8229,-2.0473,-2.1449,-2.1919,-2.275,-2.4677,-2.8037,-3.2644,-3.8065,-4.3789,-4.9314,-5.4158,-5.7894,-6.0289,-6.1404,-6.1527,-6.0995,-6.0075,-5.8962,-5.7837,-5.6876,-5.6177,-5.5715,-5.5213,-5.4247,-5.2391,-4.9425,-4.5459,-4.0848,-3.5995,-3.1181,-2.65,-2.19,-1.7272,-1.2515,-0.75848,-0.25217,0.25636,0.74259,1.1864,1.5806,1.937
-4.4898,-5.3386,-5.55,-5.3279,-5.1483,-5.2745,-5.6265,-5.8603,-5.7065,-5.2606,-4.7948,-4.5031,-4.4403,-4.5548,-4.7522,-4.9494,-5.0972,-5.1851,-5.2386,-5.2914,-5.3469,-5.3669,-5.2893,-5.0592,-4.659,-4.1136,-3.476,-2.7998,-2.1227,-1.4662,-0.85967,-0.35104,-0.0066749,0.10654,-0.040367,-0.41155,-0.90865,-1.4021,-1.7891,-2.0204,-2.1214,-2.163,-2.2402,-2.4316,-2.7729,-3.2523,-3.8297,-4.4547,-5.0725,-5.6246,-6.0494,-6.307,-6.3989,-6.3641,-6.2541,-6.1078,-5.9508,-5.8026,-5.6805,-5.5953,-5.545,-5.5046,-5.4283,-5.2652,-4.983,-4.5852,-4.1044,-3.5843,-3.0581,-2.5433,-2.0447,-1.5602,-1.0844,-0.61253,-0.14356,0.31523,0.75236,1.1536,1.5146,1.8478
-4.6177,-5.5332,-5.748,-5.4712,-5.2271,-5.2974,-5.6119,-5.8303,-5.6804,-5.236,-4.7531,-4.4245,-4.3129,-4.3781,-4.5366,-4.7111,-4.8546,-4.9553,-5.031,-5.1038,-5.168,-5.1822,-5.0877,-4.8399,-4.4307,-3.8953,-3.2918,-2.6719,-2.0611,-1.4667,-0.90353,-0.41427,-0.068786,0.060663,-0.062257,-0.40723,-0.88199,-1.3647,-1.7511,-1.9934,-2.1084,-2.1646,-2.2507,-2.4437,-2.7816,-3.2593,-3.8411,-4.4814,-5.1274,-5.7108,-6.1576,-6.4143,-6.4795,-6.4031,-6.2512,-6.0755,-5.9047,-5.7561,-5.6445,-5.5807,-5.5613,-5.5599,-5.5263,-5.4,-5.1362,-4.7297,-4.216,-3.6464,-3.067,-2.5057,-1.9733,-1.4701,-0.99204,-0.53455,-0.095952,0.32091,0.70979,1.0647,1.3885,1.698
-4.7023,-5.6626,-5.8804,-5.568,-5.279,-5.3074,-5.59,-5.7974,-5.655,-5.2185,-4.7286,-4.3771,-4.2323,-4.2632,-4.3929,-4.5487,-4.6845,-4.7883,-4.8755,-4.9613,-5.033,-5.0463,-4.9457,-4.6917,-4.2834,-3.7602,-3.1848,-2.6096,-2.053,-1.5106,-0.98476,-0.51247,-0.16644,-0.021899,-0.1192,-0.43498,-0.88268,-1.3496,-1.7343,-1.989,-2.1232,-2.1979,-2.2945,-2.4877,-2.8172,-3.2796,-3.8445,-4.4698,-5.1047,-5.6801,-6.1205,-6.3685,-6.4198,-6.3255,-6.1605,-5.9779,-5.8107,-5.6778,-5.5929,-5.5643,-5.5878,-5.6343,-5.6473,-5.5555,-5.3045,-4.8859,-4.3399,-3.7312,-3.113,-2.5192,-1.9646,-1.4511,-0.97414,-0.528,-0.10937,0.28063,0.63725,0.95803,1.2491,1.5309
-4.8002,-5.8107,-6.0357,-5.685,-5.3426,-5.3173,-5.5564,-5.7475,-5.6183,-5.1981,-4.7068,-4.3318,-4.1491,-4.1383,-4.2312,-4.3587,-4.4773,-4.5781,-4.6748,-4.7744,-4.8556,-4.872,-4.7722,-4.5223,-4.1251,-3.6252,-3.0913,-2.578,-2.0983,-1.6308,-1.1594,-0.71113,-0.35545,-0.17817,-0.23038,-0.49969,-0.9098,-1.3538,-1.7391,-2.0131,-2.1798,-2.2857,-2.4032,-2.5998,-2.9124,-3.3413,-3.8624,-4.4394,-5.0237,-5.5531,-5.9501,-6.1598,-6.184,-6.0805,-5.92,-5.7603,-5.6314,-5.548,-5.5204,-5.555,-5.6473,-5.7645,-5.8419,-5.7937,-5.551,-5.1055,-4.5135,-3.8534,-3.195,-2.5759,-2.0086,-1.4917,-1.0194,-0.58652,-0.19153,0.16299,0.47732,0.75078,0.99417,1.2316
-4.8829,-5.9346,-6.1668,-5.7902,-5.4069,-5.3334,-5.5285,-5.7013,-5.5845,-5.1858,-4.7011,-4.3117,-4.0994,-4.0525,-4.1096,-4.2052,-4.2993,-4.3878,-4.4859,-4.5948,-4.6856,-4.7095,-4.6177,-4.3808,-4.0048,-3.5384,-3.0535,-2.6049,-2.1999,-1.8053,-1.3897,-0.96437,-0.59788,-0.38211,-0.38202,-0.5971,-0.963,-1.3826,-1.768,-2.0671,-2.2745,-2.4244,-2.5738,-2.779,-3.0735,-3.4581,-3.914,-4.4113,-4.9103,-5.3551,-5.6828,-5.8489,-5.8569,-5.7586,-5.624,-5.5049,-5.4289,-5.4077,-5.4481,-5.5555,-5.7165,-5.8971,-6.0248,-6.0026,-5.7554,-5.281,-4.6502,-3.96,-3.2831,-2.6572,-2.0919,-1.5833,-1.1243,-0.71039,-0.3415,-0.019248,0.25039,0.47131,0.65805,0.83802
-4.9353,-6.0098,-6.2488,-5.8633,-5.4589,-5.3549,-5.5188,-5.6754,-5.5661,-5.185,-4.7103,-4.3162,-4.0872,-4.0163,-4.0464,-4.1142,-4.1839,-4.2574,-4.3526,-4.4675,-4.5677,-4.6007,-4.5177,-4.2929,-3.9362,-3.4997,-3.056,-2.6585,-2.3093,-1.9666,-1.5874,-1.174,-0.79559,-0.54917,-0.50967,-0.68441,-1.0175,-1.4206,-1.8076,-2.1284,-2.3688,-2.5558,-2.7332,-2.9478,-3.2299,-3.5791,-3.9806,-4.4104,-4.8341,-5.2068,-5.4755,-5.6039,-5.5978,-5.5083,-5.3954,-5.3092,-5.2769,-5.3085,-5.406,-5.565,-5.7748,-5.9903,-6.1338,-6.1067,-5.8386,-5.3384,-4.6905,-3.9933,-3.3222,-2.7117,-2.1668,-1.679,-1.2386,-0.84108,-0.48881,-0.19031,0.050983,0.23437,0.37354,0.49729
-4.9944,-6.0867,-6.3382,-5.9552,-5.5373,-5.4009,-5.5255,-5.6585,-5.5557,-5.1993,-4.744,-4.3524,-4.1073,-4.0072,-3.9986,-4.0221,-4.0514,-4.0994,-4.1882,-4.3115,-4.4266,-4.4747,-4.4055,-4.1979,-3.8675,-3.4727,-3.0865,-2.759,-2.4835,-2.2053,-1.864,-1.4551,-1.0488,-0.75764,-0.66956,-0.80256,-1.1076,-1.4983,-1.895,-2.2424,-2.5238,-2.7522,-2.9637,-3.196,-3.4684,-3.7809,-4.1178,-4.4596,-4.783,-5.0528,-5.2311,-5.2976,-5.2681,-5.1878,-5.1146,-5.0864,-5.119,-5.2148,-5.3721,-5.5868,-5.833,-6.0648,-6.1976,-6.135,-5.8246,-5.2978,-4.647,-3.9725,-3.3377,-2.7687,-2.2649,-1.8145,-1.406,-1.0356,-0.7089,-0.43863,-0.23675,-0.10519,-0.030445,0.017341
-5.031,-6.1269,-6.3893,-6.0203,-5.6041,-5.4499,-5.5465,-5.6601,-5.5604,-5.2233,-4.7882,-4.4045,-4.1521,-4.0301,-3.9882,-3.973,-3.9673,-3.9937,-4.0779,-4.2092,-4.337,-4.3966,-4.3363,-4.1377,-3.8246,-3.4598,-3.117,-2.8407,-2.6169,-2.3787,-2.0573,-1.6438,-1.2148,-0.89419,-0.77765,-0.8899,-1.1822,-1.5701,-1.9733,-2.3377,-2.6456,-2.905,-3.1459,-3.3962,-3.6679,-3.9563,-4.2469,-4.5262,-4.7773,-4.9752,-5.094,-5.1218,-5.0763,-5.0014,-4.9469,-4.9483,-5.0208,-5.1631,-5.3649,-5.6106,-5.8705,-6.0892,-6.1845,-6.0739,-5.7244,-5.1822,-4.544,-3.9009,-3.3104,-2.7901,-2.3319,-1.9184,-1.5363,-1.184,-0.87245,-0.61904,-0.4423,-0.34803,-0.32269,-0.33404
-5.0689,-6.1589,-6.4377,-6.102,-5.7031,-5.5344,-5.5947,-5.6805,-5.583,-5.2756,-4.8757,-4.5119,-4.2536,-4.0998,-4.0059,-3.9309,-3.8738,-3.871,-3.9515,-4.0965,-4.2435,-4.3178,-4.2655,-4.0731,-3.777,-3.4472,-3.1572,-2.9427,-2.7739,-2.5724,-2.2604,-1.8329,-1.3792,-1.0323,-0.8942,-0.9918,-1.2774,-1.6688,-2.0853,-2.4739,-2.8116,-3.1062,-3.3783,-3.6506,-3.9304,-4.2027,-4.4517,-4.6644,-4.8313,-4.9423,-4.9854,-4.9612,-4.8923,-4.8206,-4.7886,-4.8259,-4.9414,-5.1276,-5.3667,-5.6332,-5.8868,-6.0658,-6.0935,-5.9102,-5.5136,-4.9667,-4.3615,-3.7764,-3.2529,-2.7996,-2.4025,-2.0399,-1.696,-1.3692,-1.074,-0.838,-0.68164,-0.6181,-0.63848,-0.71303
-5.0946,-6.1663,-6.4636,-6.1771,-5.812,-5.6377,-5.6631,-5.7173,-5.6212,-5.3496,-4.9963,-4.6633,-4.4021,-4.2102,-4.0539,-3.9108,-3.8,-3.7706,-3.8508,-4.0121,-4.1791,-4.2669,-4.2185,-4.0257,-3.7371,-3.4315,-3.1824,-3.0145,-2.8854,-2.7012,-2.3828,-1.9338,-1.4569,-1.0968,-0.95899,-1.0667,-1.3683,-1.7778,-2.211,-2.6148,-2.9679,-3.2806,-3.577,-3.8779,-4.1781,-4.4527,-4.6759,-4.8375,-4.9392,-4.9798,-4.9602,-4.8906,-4.7987,-4.7231,-4.7054,-4.767,-4.9105,-5.1232,-5.3814,-5.6494,-5.8792,-6.0056,-5.9611,-5.7103,-5.2775,-4.7368,-4.173,-3.6488,-3.1953,-2.8103,-2.4714,-2.1511,-1.8322,-1.5165,-1.2255,-0.99092,-0.84529,-0.80415,-0.85759,-0.9725
-5.1057,-6.1565,-6.4692,-6.2287,-5.8985,-5.7245,-5.7236,-5.7522,-5.6575,-5.4176,-5.1077,-4.8042,-4.5423,-4.3166,-4.106,-3.9083,-3.7587,-3.7128,-3.7957,-3.9707,-4.1525,-4.2485,-4.1995,-4.0034,-3.7154,-3.4207,-3.1907,-3.0437,-2.9282,-2.742,-2.4097,-1.9433,-1.4538,-1.0942,-0.97071,-1.1027,-1.433,-1.8654,-2.3151,-2.7249,-3.0812,-3.3972,-3.7062,-4.0266,-4.3445,-4.6243,-4.8349,-4.9701,-5.036,-5.0425,-4.9941,-4.9019,-4.7932,-4.7118,-4.6901,-4.7542,-4.9076,-5.1337,-5.3999,-5.6606,-5.8645,-5.9456,-5.8512,-5.566,-5.126,-4.6033,-4.0732,-3.5918,-3.1807,-2.8335,-2.5254,-2.2272,-1.9202,-1.6066,-1.3101,-1.0687,-0.91685,-0.87283,-0.929,-1.0536
-5.1105,-6.1251,-6.4593,-6.2895,-6.0149,-5.8472,-5.8108,-5.8026,-5.7109,-5.5202,-5.2788,-5.0242,-4.7622,-4.4853,-4.1956,-3.9228,-3.7252,-3.6635,-3.7552,-3.9512,-4.1528,-4.2564,-4.2003,-3.9923,-3.6987,-3.4111,-3.1958,-3.0588,-2.933,-2.7185,-2.3514,-1.8637,-1.3799,-1.0466,-0.96249,-1.1384,-1.5115,-1.9803,-2.4548,-2.8769,-3.2343,-3.5492,-3.8601,-4.1903,-4.5236,-4.8157,-5.0278,-5.1484,-5.1885,-5.1607,-5.0786,-4.9614,-4.8398,-4.7494,-4.7293,-4.7973,-4.9521,-5.1738,-5.4277,-5.668,-5.8336,-5.8698,-5.7357,-5.429,-4.9931,-4.4981,-4.0133,-3.5804,-3.2166,-2.9095,-2.6288,-2.3421,-2.0308,-1.7001,-1.38,-1.1145,-0.94195,-0.88456,-0.93392,-1.0543
-5.1055,-6.0896,-6.4398,-6.3278,-6.0998,-5.9387,-5.8747,-5.8378,-5.7497,-5.601,-5.4189,-5.208,-4.948,-4.6298,-4.2779,-3.9494,-3.7188,-3.649,-3.7506,-3.9643,-4.1813,-4.2896,-4.225,-4.0024,-3.6979,-3.4083,-3.1963,-3.0549,-2.9076,-2.659,-2.2584,-1.7566,-1.2858,-0.98531,-0.94269,-1.1621,-1.5729,-2.0732,-2.5655,-2.9952,-3.3507,-3.6612,-3.9691,-4.2997,-4.6356,-4.9297,-5.14,-5.2562,-5.29,-5.2574,-5.1716,-5.0506,-4.9234,-4.8278,-4.7971,-4.8538,-4.9994,-5.2141,-5.4592,-5.6821,-5.8254,-5.8349,-5.6809,-5.3717,-4.9527,-4.4884,-4.0378,-3.6401,-3.3045,-3.0147,-2.7388,-2.4444,-2.1153,-1.7606,-1.4137,-1.1208,-0.92545,-0.84857,-0.88069,-0.98461
-5.0884,-6.0291,-6.4018,-6.3678,-6.2043,-6.0527,-5.9514,-5.8755,-5.7946,-5.7074,-5.6129,-5.4694,-5.2171,-4.8441,-4.4093,-4.0098,-3.7407,-3.6644,-3.7813,-4.0197,-4.2577,-4.3722,-4.2956,-4.049,-3.7222,-3.4179,-3.195,-3.0335,-2.8498,-2.5505,-2.1078,-1.5925,-1.1385,-0.88166,-0.89965,-1.1857,-1.6607,-2.2113,-2.7373,-3.1797,-3.5312,-3.826,-4.1142,-4.4261,-4.7494,-5.0344,-5.2412,-5.3591,-5.3992,-5.3778,-5.3061,-5.1973,-5.0758,-4.9764,-4.9354,-4.9767,-5.1041,-5.2987,-5.5216,-5.7198,-5.8358,-5.8236,-5.663,-5.3689,-4.9852,-4.5678,-4.1659,-3.8086,-3.4998,-3.2201,-2.9367,-2.6188,-2.2534,-1.8539,-1.4587,-1.1201,-0.88145,-0.76622,-0.76626,-0.84491
-5.0601,-5.9584,-6.3551,-6.3972,-6.2967,-6.1527,-6.0126,-5.8997,-5.828,-5.8057,-5.8045,-5.7367,-5.4989,-5.0749,-4.5631,-4.1002,-3.7999,-3.723,-3.8586,-4.1215,-4.3779,-4.4957,-4.4046,-4.1308,-3.777,-3.4506,-3.2051,-3.0111,-2.7785,-2.4222,-1.9405,-1.4197,-0.99351,-0.78715,-0.86802,-1.2215,-1.7616,-2.3662,-2.9293,-3.3865,-3.7315,-4.0028,-4.257,-4.5331,-4.8255,-5.0928,-5.2958,-5.4216,-5.481,-5.4855,-5.4441,-5.3641,-5.2615,-5.1664,-5.1165,-5.14,-5.2468,-5.4212,-5.6232,-5.7983,-5.8914,-5.865,-5.7097,-5.4446,-5.1077,-4.7438,-4.3913,-4.0737,-3.7878,-3.5108,-3.2086,-2.8524,-2.4342,-1.975,-1.5204,-1.1248,-0.83936,-0.68556,-0.65269,-0.70133
-5.0334,-5.9026,-6.3189,-6.415,-6.3573,-6.2165,-6.0471,-5.9087,-5.8454,-5.8705,-5.9404,-5.9331,-5.7108,-5.2545,-4.6922,-4.1897,-3.8723,-3.7987,-3.9494,-4.2288,-4.4945,-4.6086,-4.5016,-4.2057,-3.8323,-3.4902,-3.2267,-3.0041,-2.7281,-2.3271,-1.8179,-1.2974,-0.89868,-0.73459,-0.86391,-1.2653,-1.8495,-2.4925,-3.0804,-3.5468,-3.8837,-4.1337,-4.3589,-4.6036,-4.8669,-5.1128,-5.3063,-5.4386,-5.5174,-5.5547,-5.5491,-5.4984,-5.4132,-5.3262,-5.2712,-5.2845,-5.3797,-5.5425,-5.7323,-5.892,-5.9745,-5.9435,-5.7945,-5.5495,-5.2452,-4.9208,-4.6073,-4.3198,-4.053,-3.7799,-3.4635,-3.0752,-2.6112,-2.0996,-1.5929,-1.1524,-0.8242,-0.63413,-0.57246,-0.60087
-4.9931,-5.8304,-6.2761,-6.4378,-6.4292,-6.2858,-6.0774,-5.9086,-5.8575,-5.9425,-6.1034,-6.1781,-5.9823,-5.4936,-4.8771,-4.3352,-4.0053,-3.9414,-4.1121,-4.4087,-4.6775,-4.7757,-4.6389,-4.3131,-3.9148,-3.5528,-3.2666,-3.0058,-2.6759,-2.2223,-1.6811,-1.1623,-0.79611,-0.6859,-0.87788,-1.3433,-1.9845,-2.6726,-3.2869,-3.7584,-4.0779,-4.2935,-4.4732,-4.6706,-4.895,-5.116,-5.3031,-5.4467,-5.5547,-5.6297,-5.6675,-5.6601,-5.6114,-5.5431,-5.4997,-5.515,-5.6038,-5.7532,-5.9247,-6.0691,-6.1312,-6.0913,-5.9545,-5.7445,-5.4915,-5.2238,-4.963,-4.7159,-4.4696,-4.1946,-3.8539,-3.4213,-2.8983,-2.3192,-1.7429,-1.2362,-0.84915,-0.6075,-0.50324,-0.49963
-4.9508,-5.7675,-6.2464,-6.4668,-6.4949,-6.3401,-6.0914,-5.8961,-5.8564,-5.9946,-6.2375,-6.3912,-6.2289,-5.7209,-5.0676,-4.5024,-4.171,-4.1225,-4.3133,-4.621,-4.8816,-4.9515,-4.7762,-4.4166,-3.9926,-3.6114,-3.3028,-3.0094,-2.6369,-2.1437,-1.5822,-1.0704,-0.73357,-0.66916,-0.91508,-1.4359,-2.1274,-2.8508,-3.4814,-3.9431,-4.2327,-4.4044,-4.5393,-4.6987,-4.895,-5.1016,-5.2891,-5.4482,-5.5827,-5.698,-5.783,-5.8218,-5.8096,-5.769,-5.7345,-5.7498,-5.8384,-5.9922,-6.1703,-6.3102,-6.3712,-6.3278,-6.1929,-5.9989,-5.7791,-5.5576,-5.3445,-5.1405,-4.9271,-4.6656,-4.3111,-3.8358,-3.2482,-2.5953,-1.9465,-1.37,-0.92448,-0.63337,-0.48659,-0.44727
-4.92,-5.7295,-6.2375,-6.4978,-6.5445,-6.3742,-6.0946,-5.8811,-5.8492,-6.0207,-6.3159,-6.5231,-6.3892,-5.8768,-5.2074,-4.6344,-4.3082,-4.2738,-4.4791,-4.7915,-5.0387,-5.0785,-4.8677,-4.4779,-4.0343,-3.641,-3.3203,-3.0097,-2.6147,-2.1004,-1.5323,-1.0291,-0.71579,-0.68191,-0.96231,-1.5145,-2.2318,-2.9702,-3.5996,-4.0442,-4.3046,-4.4455,-4.5543,-4.6957,-4.8831,-5.0902,-5.2853,-5.4572,-5.6105,-5.7458,-5.8532,-5.9167,-5.9305,-5.9105,-5.8985,-5.9348,-6.0404,-6.2043,-6.3852,-6.53,-6.583,-6.534,-6.403,-6.2251,-6.0314,-5.8408,-5.6595,-5.4825,-5.2848,-5.027,-4.6644,-4.1684,-3.5472,-2.8492,-2.1477,-1.5195,-1.0226,-0.68441,-0.49824,-0.42959
-4.8826,-5.6946,-6.2481,-6.558,-6.6176,-6.4169,-6.0937,-5.857,-5.8328,-6.038,-6.3857,-6.6514,-6.5574,-6.0545,-5.3815,-4.8095,-4.4958,-4.4816,-4.7038,-5.0147,-5.2326,-5.2206,-4.9539,-4.5205,-4.0535,-3.6513,-3.3282,-3.0113,-2.602,-2.0732,-1.4992,-1.0064,-0.71806,-0.71942,-1.0379,-1.6247,-2.3642,-3.1053,-3.7145,-4.1216,-4.3394,-4.4438,-4.5286,-4.6605,-4.8524,-5.0734,-5.2871,-5.4777,-5.648,-5.8019,-5.9333,-6.027,-6.0736,-6.086,-6.1006,-6.1584,-6.2854,-6.4751,-6.6852,-6.8501,-6.9205,-6.8779,-6.7469,-6.5712,-6.3889,-6.2202,-6.0673,-5.9195,-5.7497,-5.5116,-5.1524,-4.6377,-3.9761,-3.2217,-2.4557,-1.7587,-1.1965,-0.79824,-0.55884,-0.44634
-4.8591,-5.682,-6.275,-6.6203,-6.6808,-6.4499,-6.0927,-5.839,-5.8179,-6.0391,-6.4115,-6.7071,-6.6416,-6.158,-5.4962,-4.9334,-4.632,-4.6318,-4.8617,-5.1635,-5.3501,-5.2915,-4.9798,-4.515,-4.0348,-3.6326,-3.3178,-3.0088,-2.6034,-2.0753,-1.5012,-1.0151,-0.74014,-0.76183,-1.1003,-1.7046,-2.4495,-3.1811,-3.7645,-4.1381,-4.3254,-4.4084,-4.4853,-4.6215,-4.8266,-5.065,-5.2959,-5.5003,-5.6781,-5.8398,-5.9798,-6.0855,-6.1488,-6.1839,-6.2201,-6.3013,-6.4545,-6.6734,-6.9134,-7.1037,-7.1918,-7.1564,-7.0262,-6.8511,-6.6731,-6.5127,-6.3699,-6.2344,-6.0759,-5.8485,-5.4979,-4.9844,-4.3101,-3.5267,-2.7179,-1.9723,-1.3578,-0.90912,-0.62507,-0.4765
-4.8364,-5.6847,-6.3367,-6.7269,-6.7794,-6.499,-6.0935,-5.8182,-5.7964,-6.0267,-6.4105,-6.7239,-6.6897,-6.245,-5.6165,-5.0779,-4.7959,-4.8107,-5.043,-5.3212,-5.4532,-5.325,-4.9552,-4.4592,-3.9718,-3.5794,-3.2839,-2.9978,-2.6138,-2.1024,-1.5431,-1.0705,-0.80956,-0.84222,-1.1885,-1.7914,-2.5254,-3.234,-3.7852,-4.1231,-4.2797,-4.3457,-4.4215,-4.5716,-4.7998,-5.0648,-5.3147,-5.527,-5.7075,-5.8643,-6.0041,-6.1193,-6.2028,-6.2634,-6.3358,-6.4574,-6.6521,-6.9114,-7.1898,-7.4217,-7.5392,-7.5259,-7.4094,-7.2393,-7.0583,-6.8897,-6.7408,-6.6007,-6.4477,-6.239,-5.915,-5.4228,-4.7499,-3.9419,-3.0863,-2.2777,-1.5967,-1.0843,-0.74279,-0.54536
-4.8251,-5.7088,-6.4261,-6.8604,-6.8948,-6.5538,-6.0981,-5.8017,-5.7763,-6.0032,-6.3759,-6.6807,-6.6644,-6.2656,-5.6862,-5.1844,-4.9267,-4.9546,-5.1817,-5.4241,-5.4905,-5.2902,-4.8694,-4.3541,-3.8716,-3.5004,-3.2342,-2.9862,-2.6426,-2.1658,-1.6327,-1.1726,-0.91345,-0.93823,-1.2714,-1.8553,-2.5664,-3.2467,-3.7699,-4.0853,-4.2304,-4.2952,-4.3755,-4.5334,-4.7742,-5.0522,-5.3166,-5.5389,-5.718,-5.8712,-6.0054,-6.1211,-6.217,-6.3039,-6.4057,-6.5574,-6.7822,-7.0751,-7.3955,-7.6728,-7.843,-7.871,-7.7744,-7.6035,-7.4086,-7.2214,-7.0515,-6.8994,-6.7457,-6.5511,-6.2564,-5.8006,-5.1543,-4.3469,-3.4611,-2.6,-1.8521,-1.2696,-0.86391,-0.61467
-4.8248,-5.7393,-6.5085,-6.9748,-6.9898,-6.598,-6.1032,-5.7917,-5.7626,-5.9809,-6.3327,-6.616,-6.6027,-6.2378,-5.7015,-5.2339,-4.9982,-5.0352,-5.2534,-5.4636,-5.4793,-5.2286,-4.7753,-4.2514,-3.7783,-3.4292,-3.1948,-2.9867,-2.686,-2.2452,-1.7317,-1.2757,-1.0075,-1.0167,-1.3296,-1.8912,-2.5778,-3.2351,-3.7404,-4.0487,-4.1963,-4.2702,-4.3596,-4.5235,-4.7669,-5.0466,-5.3117,-5.5323,-5.7075,-5.8534,-5.9817,-6.0982,-6.2046,-6.3082,-6.4326,-6.6063,-6.8494,-7.1573,-7.4933,-7.7982,-7.9982,-8.0597,-7.9924,-7.8381,-7.6424,-7.4383,-7.2468,-7.0715,-6.9047,-6.7174,-6.452,-6.0366,-5.4234,-4.6268,-3.7262,-2.8295,-2.0364,-1.4063,-0.95625,-0.66916
-4.8351,-5.7932,-6.6318,-7.1382,-7.1207,-6.6565,-6.1092,-5.7815,-5.7483,-5.9494,-6.2617,-6.5005,-6.4772,-6.1526,-5.6774,-5.2616,-5.0573,-5.1028,-5.3032,-5.4684,-5.4229,-5.1167,-4.6313,-4.1018,-3.6453,-3.3288,-3.1444,-3,-2.7684,-2.385,-1.9004,-1.4469,-1.1592,-1.1356,-1.405,-1.921,-2.5647,-3.1912,-3.6843,-3.9985,-4.1645,-4.2569,-4.3606,-4.5297,-4.7675,-5.038,-5.2906,-5.4997,-5.668,-5.8081,-5.9389,-6.0662,-6.1894,-6.3139,-6.4549,-6.6369,-6.8814,-7.1904,-7.5361,-7.8608,-8.1073,-8.2239,-8.2001,-8.0637,-7.8611,-7.6359,-7.4164,-7.2213,-7.0495,-6.8743,-6.6405,-6.2734,-5.7096,-4.9406,-4.0324,-3.0982,-2.2496,-1.5603,-1.0572,-0.72797
-4.8576,-5.8562,-6.7595,-7.3007,-7.2451,-6.7069,-6.1124,-5.773,-5.7389,-5.9215,-6.1871,-6.3706,-6.3253,-6.0309,-5.6135,-5.2518,-5.0793,-5.1298,-5.3096,-5.434,-5.3406,-4.9966,-4.4935,-3.9638,-3.5237,-3.2372,-3.0995,-3.0202,-2.8649,-2.5486,-2.1041,-1.656,-1.3437,-1.271,-1.4781,-1.9276,-2.5165,-3.1115,-3.6029,-3.9398,-4.1391,-4.2614,-4.3774,-4.5396,-4.76,-5.012,-5.2581,-5.4706,-5.6423,-5.7873,-5.9182,-6.0467,-6.1783,-6.3159,-6.4692,-6.6554,-6.8901,-7.1768,-7.4983,-7.8174,-8.0779,-8.2348,-8.2635,-8.1699,-7.9852,-7.7525,-7.5151,-7.2976,-7.1112,-6.9398,-6.7332,-6.4119,-5.8963,-5.1568,-4.2481,-3.2902,-2.3998,-1.6652,-1.1213,-0.75975
-4.8821,-5.9053,-6.85,-7.4113,-7.3248,-6.7337,-6.11,-5.7671,-5.7359,-5.907,-6.1368,-6.2759,-6.2085,-5.9292,-5.5502,-5.2261,-5.0761,-5.13,-5.2957,-5.3943,-5.2741,-4.9123,-4.4035,-3.8788,-3.4505,-3.1817,-3.0711,-3.034,-2.9364,-2.6767,-2.2703,-1.8284,-1.4937,-1.3766,-1.5297,-1.9237,-2.4676,-3.0358,-3.5231,-3.8762,-4.1023,-4.2516,-4.384,-4.5483,-4.7611,-5.004,-5.2457,-5.4594,-5.6378,-5.7888,-5.926,-6.0613,-6.1994,-6.3403,-6.493,-6.6698,-6.8849,-7.1443,-7.4383,-7.7392,-8.0021,-8.1803,-8.2391,-8.1714,-8.0012,-7.7717,-7.5271,-7.3029,-7.1125,-6.9426,-6.7452,-6.4409,-5.9462,-5.2248,-4.3251,-3.3579,-2.4559,-1.7066,-1.1456,-0.76561
-4.9232,-5.9679,-6.9514,-7.5285,-7.3989,-6.7477,-6.0962,-5.7575,-5.7367,-5.8977,-6.0854,-6.1673,-6.0668,-5.7996,-5.4614,-5.1794,-5.0558,-5.1152,-5.2683,-5.3438,-5.201,-4.8262,-4.3167,-3.8002,-3.3825,-3.128,-3.0392,-3.046,-3.017,-2.8358,-2.486,-2.0572,-1.691,-1.5134,-1.5922,-1.914,-2.396,-2.9227,-3.3927,-3.7552,-4.011,-4.1982,-4.3646,-4.5495,-4.7703,-5.015,-5.2594,-5.4829,-5.6757,-5.8441,-5.9987,-6.1462,-6.2883,-6.4281,-6.5648,-6.7113,-6.8836,-7.0925,-7.3373,-7.6003,-7.8532,-8.0496,-8.1446,-8.1126,-7.9633,-7.7374,-7.4857,-7.2508,-7.0494,-6.869,-6.666,-6.3678,-5.8927,-5.1957,-4.3114,-3.3526,-2.4417,-1.6786,-1.1078,-0.72637
-4.9599,-6.0094,-7.0065,-7.5836,-7.4218,-6.7367,-6.0758,-5.7485,-5.7417,-5.9012,-6.0638,-6.1075,-5.9821,-5.7174,-5.4004,-5.1422,-5.0339,-5.0982,-5.2481,-5.3169,-5.1685,-4.7916,-4.2825,-3.768,-3.3508,-3.0975,-3.017,-3.0458,-3.0578,-2.9308,-2.6246,-2.2126,-1.8309,-1.6141,-1.639,-1.9055,-2.338,-2.8284,-3.2805,-3.6431,-3.9154,-4.1261,-4.3196,-4.531,-4.7736,-5.0422,-5.3108,-5.5568,-5.7707,-5.949,-6.1051,-6.2508,-6.3908,-6.5214,-6.648,-6.7735,-6.9109,-7.0751,-7.2747,-7.5044,-7.74,-7.9413,-8.0568,-8.0476,-7.9114,-7.6847,-7.423,-7.1713,-6.9522,-6.7565,-6.5412,-6.234,-5.7555,-5.0645,-4.1963,-3.2542,-2.3637,-1.6176,-1.0574,-0.67978
-5.0155,-6.0536,-7.0442,-7.6023,-7.4004,-6.6882,-6.0332,-5.733,-5.7548,-5.9229,-6.0621,-6.0646,-5.9075,-5.637,-5.3344,-5.0945,-4.9999,-5.0719,-5.2273,-5.3042,-5.1673,-4.7999,-4.2926,-3.7702,-3.3391,-3.0696,-2.9793,-3.0162,-3.0658,-3.0025,-2.7618,-2.3863,-2.0013,-1.7446,-1.7072,-1.9006,-2.2623,-2.6962,-3.114,-3.4691,-3.7553,-3.9989,-4.2341,-4.4924,-4.7871,-5.1062,-5.4263,-5.7203,-5.9696,-6.1733,-6.338,-6.4761,-6.5966,-6.7035,-6.796,-6.8822,-6.9746,-7.089,-7.2384,-7.426,-7.6384,-7.8374,-7.9662,-7.9723,-7.8397,-7.6009,-7.3143,-7.0326,-6.7796,-6.5441,-6.2856,-5.9421,-5.4486,-4.7707,-3.937,-3.037,-2.1872,-1.4733,-0.93831,-0.58237
-5.0779,-6.0827,-7.0365,-7.5533,-7.3173,-6.6008,-5.972,-5.7125,-5.7743,-5.963,-6.0935,-6.0658,-5.8792,-5.593,-5.288,-5.0521,-4.9646,-5.046,-5.2175,-5.3211,-5.2156,-4.8703,-4.3661,-3.8275,-3.3674,-3.0622,-2.9376,-2.9562,-3.0205,-3.008,-2.8355,-2.5119,-2.1383,-1.8571,-1.7724,-1.9075,-2.2087,-2.5856,-2.9587,-3.287,-3.5701,-3.8373,-4.1229,-4.4512,-4.8255,-5.2222,-5.6098,-5.9584,-6.2477,-6.4713,-6.6382,-6.7632,-6.8594,-6.9345,-6.9925,-7.0383,-7.0848,-7.1511,-7.256,-7.4102,-7.6035,-7.799,-7.9352,-7.9481,-7.8086,-7.5417,-7.2109,-6.8733,-6.5605,-6.2681,-5.9587,-5.5742,-5.0571,-4.382,-3.5796,-2.7331,-1.9372,-1.2753,-0.78633,-0.46868
-5.129,-6.0942,-7.0017,-7.4751,-7.2176,-6.512,-5.9146,-5.6943,-5.7922,-6.0041,-6.137,-6.094,-5.8858,-5.5813,-5.265,-5.0244,-4.9382,-5.0282,-5.2189,-5.3534,-5.282,-4.9595,-4.4583,-3.9043,-3.4154,-3.0734,-2.9105,-2.9006,-2.9588,-2.9702,-2.8449,-2.567,-2.2186,-1.9348,-1.8266,-1.9255,-2.1863,-2.5237,-2.8634,-3.167,-3.4404,-3.7142,-4.0302,-4.413,-4.8543,-5.3249,-5.779,-6.1779,-6.5,-6.7336,-6.8903,-6.9928,-7.0629,-7.1106,-7.1453,-7.1686,-7.1903,-7.2296,-7.3096,-7.4462,-7.6316,-7.8276,-7.9655,-7.9724,-7.8131,-7.5136,-7.1385,-6.7539,-6.3916,-6.0471,-5.6871,-5.2625,-4.7273,-4.0616,-3.2915,-2.4875,-1.7408,-1.1208,-0.66399,-0.37011
-5.2021,-6.0986,-6.9234,-7.3258,-7.0463,-6.3707,-5.8268,-5.6659,-5.8172,-6.0678,-6.2153,-6.1606,-5.9241,-5.5875,-5.2457,-4.9903,-4.9011,-5.0038,-5.2291,-5.4182,-5.4044,-5.12,-4.6255,-4.0484,-3.5139,-3.1135,-2.8904,-2.8311,-2.8658,-2.8912,-2.8127,-2.5948,-2.2941,-2.0281,-1.9071,-1.9701,-2.1833,-2.4714,-2.7685,-3.0417,-3.2994,-3.5803,-3.9281,-4.3702,-4.8967,-5.4563,-5.9922,-6.4549,-6.8118,-7.061,-7.2126,-7.2925,-7.3288,-7.3444,-7.3448,-7.3366,-7.3307,-7.3468,-7.4095,-7.5345,-7.718,-7.9188,-8.061,-8.0595,-7.8687,-7.5132,-7.07,-6.6064,-6.1655,-5.7495,-5.3296,-4.8611,-4.3033,-3.6413,-2.902,-2.1518,-1.4625,-0.90144,-0.49939,-0.25257
-5.2607,-6.0961,-6.8473,-7.1902,-6.8991,-6.2535,-5.7559,-5.6419,-5.8351,-6.1185,-6.2836,-6.2254,-5.9673,-5.6025,-5.2346,-4.9621,-4.8679,-4.982,-5.2386,-5.4764,-5.5151,-5.2674,-4.7821,-4.1873,-3.6154,-3.1664,-2.8936,-2.7926,-2.8031,-2.8289,-2.7735,-2.5942,-2.3304,-2.0875,-1.9683,-2.0179,-2.2052,-2.4642,-2.7297,-2.9774,-3.2188,-3.4996,-3.8662,-4.3461,-4.9252,-5.5436,-6.131,-6.6284,-7.0034,-7.2494,-7.386,-7.4466,-7.465,-7.4634,-7.4541,-7.4396,-7.4286,-7.4402,-7.5,-7.626,-7.8131,-8.0164,-8.1547,-8.1381,-7.919,-7.5243,-7.0288,-6.515,-6.0223,-5.5539,-5.0853,-4.5795,-4.0047,-3.3504,-2.64,-1.926,-1.2827,-0.76172,-0.39017,-0.16545
-5.345,-6.0898,-6.7334,-6.9944,-6.6923,-6.0933,-5.6598,-5.6067,-5.8541,-6.1833,-6.3771,-6.3192,-6.0329,-5.626,-5.2169,-4.9154,-4.8115,-4.9407,-5.2412,-5.5504,-5.6708,-5.485,-5.0212,-4.4079,-3.7872,-3.2724,-2.9308,-2.7707,-2.7438,-2.7609,-2.7284,-2.5922,-2.371,-2.1538,-2.0409,-2.0821,-2.254,-2.4917,-2.7327,-2.9525,-3.1698,-3.4346,-3.8047,-4.3109,-4.9324,-5.6008,-6.2287,-6.7486,-7.1278,-7.3656,-7.4876,-7.5327,-7.5393,-7.5312,-7.5225,-7.5142,-7.5114,-7.5313,-7.5994,-7.7351,-7.9292,-8.1372,-8.2729,-8.2403,-7.9878,-7.5431,-6.9923,-6.4119,-5.8546,-5.3295,-4.8153,-4.2769,-3.6847,-3.0318,-2.3424,-1.6686,-1.0687,-0.59421,-0.26734,-0.08141
-5.4361,-6.0864,-6.6183,-6.7995,-6.4905,-5.9412,-5.57,-5.5726,-5.868,-6.2398,-6.4628,-6.4069,-6.0914,-5.6375,-5.1827,-4.8497,-4.7339,-4.8758,-5.2197,-5.6041,-5.8159,-5.7071,-5.2806,-4.6593,-3.9964,-3.4209,-3.0132,-2.7961,-2.7287,-2.7288,-2.7059,-2.5977,-2.409,-2.2128,-2.1078,-2.1468,-2.3157,-2.5486,-2.7852,-2.9931,-3.1914,-3.4319,-3.7798,-4.2744,-4.8965,-5.5694,-6.1961,-6.7032,-7.062,-7.2862,-7.4065,-7.4591,-7.4756,-7.4803,-7.4832,-7.4907,-7.5108,-7.5585,-7.6536,-7.8069,-8.0093,-8.2103,-8.3274,-8.2725,-8.001,-7.5392,-6.9595,-6.3484,-5.751,-5.1805,-4.6229,-4.0521,-3.4456,-2.7981,-2.1308,-1.4866,-0.9233,-0.48247,-0.1836,-0.020459
-5.5095,-6.0896,-6.5397,-6.6642,-6.3529,-5.8398,-5.5122,-5.5511,-5.8768,-6.2742,-6.516,-6.4608,-6.1218,-5.6316,-5.1433,-4.7873,-4.6627,-4.8128,-5.1855,-5.6212,-5.9016,-5.8583,-5.4708,-4.8528,-4.1669,-3.5534,-3.1043,-2.8498,-2.7551,-2.7387,-2.7115,-2.6105,-2.4353,-2.2531,-2.1568,-2.2006,-2.3721,-2.6096,-2.8474,-3.0527,-3.2395,-3.4631,-3.7887,-4.2575,-4.8527,-5.4981,-6.0955,-6.5734,-6.9108,-7.1207,-7.2387,-7.2997,-7.3321,-7.3544,-7.3805,-7.4146,-7.4618,-7.5338,-7.647,-7.8112,-8.0125,-8.2052,-8.3114,-8.2483,-7.9736,-7.5105,-6.932,-6.3074,-5.6924,-5.1047,-4.5334,-3.9527,-3.3399,-2.6913,-2.0299,-1.4005,-0.85318,-0.43066,-0.14931,-0.00036702
-5.6132,-6.1063,-6.4552,-6.5107,-6.1975,-5.7296,-5.4539,-5.5333,-5.8881,-6.3092,-6.5668,-6.5066,-6.1364,-5.6015,-5.0726,-4.6901,-4.5556,-4.7128,-5.1126,-5.6022,-5.964,-6.0104,-5.6892,-5.0964,-4.4001,-3.753,-3.2614,-2.964,-2.8329,-2.7899,-2.747,-2.6437,-2.4753,-2.3036,-2.2145,-2.2681,-2.4533,-2.7119,-2.9685,-3.1835,-3.3612,-3.5554,-3.8326,-4.2394,-4.7682,-5.345,-5.8815,-6.3126,-6.6163,-6.8166,-6.9414,-7.0197,-7.0743,-7.1234,-7.1743,-7.2372,-7.3203,-7.432,-7.5785,-7.7573,-7.9516,-8.1162,-8.1907,-8.1158,-7.86,-7.4353,-6.8885,-6.2868,-5.6744,-5.074,-4.4843,-3.8887,-3.2703,-2.6257,-1.9743,-1.3562,-0.82139,-0.40857,-0.13534,0.0047523
-5.7222,-6.1426,-6.4025,-6.3976,-6.0825,-5.655,-5.4229,-5.5325,-5.9032,-6.3328,-6.5927,-6.5208,-6.1226,-5.5511,-4.9901,-4.5858,-4.4403,-4.5965,-5.0079,-5.5289,-5.9492,-6.0773,-5.8379,-5.302,-4.6241,-3.9655,-3.4449,-3.1106,-2.9418,-2.87,-2.8103,-2.7007,-2.5297,-2.3523,-2.2613,-2.3223,-2.5341,-2.8317,-3.1332,-3.3749,-3.55,-3.7033,-3.9128,-4.2394,-4.6824,-5.1831,-5.6521,-6.0278,-6.3,-6.4852,-6.6146,-6.7104,-6.7867,-6.8542,-6.929,-7.0201,-7.1339,-7.274,-7.4406,-7.6262,-7.8062,-7.9472,-8.0021,-7.9269,-7.6977,-7.3207,-6.8314,-6.2687,-5.6807,-5.0929,-4.5084,-3.9135,-3.2932,-2.6461,-1.9931,-1.3768,-0.84283,-0.43184,-0.16068,-0.022319
-5.8062,-6.1842,-6.3879,-6.3435,-6.0267,-5.6245,-5.4198,-5.5446,-5.919,-6.3446,-6.5971,-6.5135,-6.0977,-5.5068,-4.9285,-4.5104,-4.3542,-4.503,-4.9116,-5.4395,-5.8865,-6.068,-5.8968,-5.4194,-4.7714,-4.1163,-3.5802,-3.2236,-3.0307,-2.9387,-2.8669,-2.7494,-2.5733,-2.3907,-2.2987,-2.3678,-2.602,-2.9352,-3.2758,-3.5465,-3.7253,-3.8532,-4.0107,-4.2674,-4.6375,-5.0693,-5.4854,-5.8294,-6.0859,-6.2708,-6.4063,-6.5088,-6.5899,-6.663,-6.7405,-6.8395,-6.9705,-7.1342,-7.321,-7.513,-7.6828,-7.7973,-7.8273,-7.75,-7.5505,-7.2257,-6.7867,-6.2719,-5.7137,-5.1397,-4.5597,-3.9665,-3.348,-2.7021,-2.048,-1.4257,-0.88724,-0.47241,-0.19914,-0.059865
-5.9178,-6.2587,-6.4055,-6.3155,-5.9941,-5.6192,-5.4432,-5.5803,-5.9496,-6.359,-6.5912,-6.489,-6.0567,-5.4512,-4.8586,-4.4245,-4.2492,-4.3762,-4.7635,-5.2803,-5.7446,-5.9854,-5.9042,-5.5122,-4.9183,-4.2822,-3.7401,-3.3653,-3.1505,-3.0333,-2.9404,-2.8083,-2.624,-2.4396,-2.3525,-2.4384,-2.7064,-3.0936,-3.495,-3.8142,-4.0046,-4.0964,-4.1771,-4.3353,-4.606,-4.9561,-5.3159,-5.6294,-5.876,-6.0614,-6.2004,-6.3043,-6.3829,-6.4495,-6.5242,-6.625,-6.7637,-6.9397,-7.1394,-7.335,-7.4968,-7.5976,-7.6179,-7.5467,-7.3763,-7.1012,-6.7276,-6.266,-5.7522,-5.2134,-4.6587,-4.0807,-3.4677,-2.8193,-2.1576,-1.5256,-0.97415,-0.54541,-0.258,-0.10637
-5.9981,-6.328,-6.4464,-6.3277,-6.0007,-5.6414,-5.482,-5.6233,-5.9833,-6.3744,-6.5867,-6.4704,-6.0306,-5.421,-4.8221,-4.3771,-4.1842,-4.2873,-4.6479,-5.1443,-5.6089,-5.8815,-5.8586,-5.5291,-4.9839,-4.3741,-3.8411,-3.4606,-3.23,-3.093,-2.9793,-2.8374,-2.6513,-2.4735,-2.3946,-2.4977,-2.7949,-3.2257,-3.6811,-4.0446,-4.2481,-4.3099,-4.3267,-4.4077,-4.6068,-4.9028,-5.2318,-5.5351,-5.7844,-5.9766,-6.118,-6.2157,-6.2799,-6.3286,-6.3882,-6.4835,-6.6275,-6.8157,-7.0266,-7.2302,-7.3853,-7.4707,-7.4785,-7.41,-7.263,-7.0279,-6.6948,-6.2778,-5.7969,-5.2787,-4.7373,-4.1697,-3.5649,-2.9198,-2.2538,-1.6098,-1.0444,-0.60238,-0.30552,-0.14843
-6.0957,-6.4356,-6.5358,-6.3858,-6.0488,-5.7038,-5.5602,-5.7031,-6.0468,-6.4099,-6.5944,-6.4608,-6.0155,-5.4044,-4.7991,-4.3388,-4.1199,-4.1865,-4.5041,-4.9623,-5.411,-5.7052,-5.7417,-5.4887,-5.0141,-4.4507,-3.9379,-3.5525,-3.3004,-3.1384,-3.0072,-2.8608,-2.6861,-2.5231,-2.4616,-2.5855,-2.9197,-3.4106,-3.9419,-4.3717,-4.5956,-4.6176,-4.5481,-4.527,-4.6367,-4.8713,-5.1741,-5.4815,-5.7496,-5.9599,-6.1058,-6.1908,-6.228,-6.2439,-6.2704,-6.3407,-6.4748,-6.6702,-6.8995,-7.1162,-7.2818,-7.3688,-7.3747,-7.3082,-7.1721,-6.9587,-6.661,-6.2777,-5.8342,-5.3532,-4.8438,-4.2984,-3.7037,-3.0575,-2.3812,-1.7209,-1.1349,-0.67225,-0.35686,-0.18547
-6.1755,-6.5543,-6.6598,-6.4868,-6.1355,-5.797,-5.6643,-5.807,-6.1345,-6.471,-6.6297,-6.4815,-6.0339,-5.4219,-4.8093,-4.331,-4.0848,-4.1142,-4.3866,-4.7996,-5.2184,-5.5142,-5.5894,-5.402,-4.9939,-4.4781,-3.985,-3.5982,-3.3327,-3.1547,-3.0146,-2.8675,-2.702,-2.5564,-2.5214,-2.6792,-3.0593,-3.6093,-4.2102,-4.6989,-4.9403,-4.9187,-4.7613,-4.6431,-4.6745,-4.8667,-5.1638,-5.4934,-5.7978,-6.0377,-6.1928,-6.2605,-6.2593,-6.2265,-6.2126,-6.2585,-6.3852,-6.5864,-6.83,-7.0682,-7.2463,-7.3382,-7.3431,-7.2754,-7.1441,-6.9426,-6.6599,-6.2988,-5.8762,-5.4165,-4.9305,-4.4081,-3.8288,-3.1838,-2.4941,-1.8132,-1.2038,-0.72165,-0.39297,-0.21295
-6.2185,-6.6447,-6.7705,-6.5849,-6.2204,-5.8824,-5.7562,-5.8995,-6.2169,-6.5366,-6.6783,-6.5206,-6.0723,-5.4595,-4.8396,-4.3464,-4.0787,-4.0802,-4.3191,-4.6979,-5.0908,-5.3789,-5.4697,-5.3171,-4.9489,-4.4651,-3.9897,-3.6088,-3.3406,-3.1552,-3.006,-2.8566,-2.6977,-2.5727,-2.5635,-2.7535,-3.1665,-3.7547,-4.396,-4.9189,-5.1686,-5.115,-4.8968,-4.7125,-4.6941,-4.8626,-5.1651,-5.5242,-5.8676,-6.1437,-6.3157,-6.3732,-6.3385,-6.2649,-6.2091,-6.2253,-6.3407,-6.5494,-6.8129,-7.0718,-7.2697,-7.371,-7.3757,-7.301,-7.1588,-6.9477,-6.6633,-6.3077,-5.9033,-5.4684,-5.0044,-4.4938,-3.9146,-3.2613,-2.5595,-1.8632,-1.2409,-0.74747,-0.40783,-0.21712
-6.248,-6.7582,-6.9317,-6.7375,-6.3519,-6.0101,-5.8918,-6.0388,-6.3501,-6.6536,-6.7762,-6.6083,-6.1586,-5.5429,-4.9105,-4.3943,-4.095,-4.0579,-4.2539,-4.591,-4.9511,-5.2224,-5.3169,-5.1881,-4.8558,-4.4087,-3.9628,-3.5981,-3.3341,-3.1434,-2.9864,-2.8365,-2.6923,-2.5948,-2.6185,-2.8384,-3.2815,-3.9059,-4.5904,-5.1509,-5.4023,-5.3048,-5.0119,-4.7545,-4.6871,-4.8412,-5.1653,-5.5755,-5.9858,-6.3177,-6.5146,-6.5587,-6.4816,-6.3514,-6.2481,-6.2311,-6.3305,-6.5411,-6.8233,-7.1111,-7.3359,-7.4525,-7.4556,-7.3673,-7.2093,-6.9873,-6.6978,-6.3517,-5.9617,-5.5438,-5.0975,-4.6011,-4.026,-3.3622,-2.6379,-1.9163,-1.2706,-0.75959,-0.40885,-0.21126
-6.246,-6.8317,-7.0555,-6.8606,-6.4578,-6.1105,-5.9995,-6.1538,-6.4663,-6.7629,-6.8752,-6.7001,-6.2477,-5.6267,-4.981,-4.4443,-4.1193,-4.0535,-4.2208,-4.5317,-4.8702,-5.1258,-5.2129,-5.088,-4.7714,-4.3468,-3.9226,-3.574,-3.3191,-3.1314,-2.9756,-2.8265,-2.6899,-2.6053,-2.6476,-2.8847,-3.3442,-3.9829,-4.6822,-5.2507,-5.4945,-5.3645,-5.0272,-4.7308,-4.641,-4.7967,-5.1465,-5.6027,-6.0696,-6.4522,-6.6764,-6.7147,-6.6053,-6.4331,-6.2927,-6.2528,-6.3439,-6.5576,-6.8502,-7.1551,-7.3945,-7.5219,-7.528,-7.4314,-7.2559,-7.0164,-6.7243,-6.3849,-6.017,-5.6266,-5.1999,-4.7067,-4.1187,-3.4334,-2.6867,-1.9451,-1.2847,-0.76245,-0.40174,-0.19492
-6.2083,-6.9044,-7.2109,-7.0234,-6.5967,-6.243,-6.1435,-6.3157,-6.6386,-6.9338,-7.0365,-6.8512,-6.3901,-5.7546,-5.0845,-4.5159,-4.1567,-4.0581,-4.1952,-4.4789,-4.7918,-5.0222,-5.0875,-4.9524,-4.6434,-4.2426,-3.8482,-3.5294,-3.2983,-3.1258,-2.9746,-2.823,-2.6834,-2.6054,-2.6621,-2.9152,-3.3817,-4.0146,-4.6967,-5.2425,-5.4633,-5.3075,-4.9413,-4.6198,-4.5212,-4.6907,-5.0826,-5.6052,-6.1484,-6.6034,-6.8719,-6.9147,-6.7754,-6.5584,-6.3711,-6.2936,-6.3628,-6.5729,-6.8785,-7.1999,-7.4602,-7.5956,-7.5922,-7.4771,-7.2883,-7.0513,-6.7753,-6.4721,-6.1424,-5.7817,-5.3698,-4.8731,-4.2632,-3.5422,-2.7557,-1.9794,-1.2949,-0.7594,-0.39376,-0.18504
-6.1295,-6.9377,-7.3386,-7.1674,-6.7208,-6.3621,-6.2817,-6.4812,-6.8247,-7.1253,-7.2206,-7.0231,-6.5447,-5.8835,-5.1799,-4.5757,-4.1856,-4.0636,-4.1829,-4.4486,-4.7378,-4.9373,-4.9697,-4.8112,-4.4982,-4.1153,-3.7549,-3.4766,-3.2819,-3.1337,-2.9884,-2.8299,-2.6816,-2.5996,-2.6531,-2.8959,-3.337,-3.9303,-4.561,-5.0579,-5.2444,-5.0811,-4.724,-4.4194,-4.343,-4.5454,-4.9814,-5.56,-6.1713,-6.688,-7.0008,-7.0581,-6.905,-6.6561,-6.4381,-6.3372,-6.3908,-6.5901,-6.8869,-7.2065,-7.46,-7.59,-7.584,-7.4688,-7.2848,-7.0645,-6.8271,-6.576,-6.3062,-5.9959,-5.6077,-5.0999,-4.4499,-3.6758,-2.8389,-2.0249,-1.3156,-0.76526,-0.39097,-0.17687
-6.0442,-6.9311,-7.4044,-7.2507,-6.795,-6.4377,-6.3769,-6.6035,-6.9678,-7.2752,-7.3653,-7.1542,-6.6567,-5.9694,-5.2352,-4.6039,-4.1946,-4.0623,-4.1763,-4.4345,-4.7073,-4.88,-4.8818,-4.6991,-4.3791,-4.0074,-3.6743,-3.4308,-3.2708,-3.1469,-3.0096,-2.8444,-2.6818,-2.5841,-2.6208,-2.8408,-3.2485,-3.794,-4.3687,-4.8125,-4.9706,-4.8101,-4.479,-4.2089,-4.1676,-4.4046,-4.878,-5.4974,-6.149,-6.707,-7.0514,-7.1244,-6.971,-6.7135,-6.4798,-6.3612,-6.397,-6.58,-6.8627,-7.1674,-7.4122,-7.536,-7.5255,-7.4112,-7.2406,-7.0516,-6.8626,-6.6714,-6.4601,-6.193,-5.822,-5.3019,-4.6158,-3.7948,-2.914,-2.0684,-1.3391,-0.77915,-0.40213,-0.18803
-5.8986,-6.875,-7.4387,-7.3156,-6.8582,-6.5117,-6.4851,-6.755,-7.1518,-7.4714,-7.5524,-7.3171,-6.7834,-6.0531,-5.2749,-4.6082,-4.1789,-4.0417,-4.1576,-4.4128,-4.6665,-4.8029,-4.7615,-4.5461,-4.2158,-3.8591,-3.5612,-3.3644,-3.2525,-3.1647,-3.0428,-2.8691,-2.6779,-2.5428,-2.5401,-2.7143,-3.0621,-3.5256,-4.0034,-4.3589,-4.4756,-4.3374,-4.0728,-3.8791,-3.9062,-4.1997,-4.7213,-5.3839,-6.0749,-6.6676,-7.0409,-7.1368,-6.9992,-6.7467,-6.5109,-6.3815,-6.3987,-6.5555,-6.8052,-7.0749,-7.2851,-7.3855,-7.3711,-7.2749,-7.1433,-7.0135,-6.9045,-6.8074,-6.6908,-6.4964,-6.153,-5.6073,-4.8579,-3.9645,-3.0244,-2.1387,-1.3891,-0.82107,-0.4411,-0.22406
-5.7225,-6.7643,-7.4028,-7.316,-6.8723,-6.5482,-6.5632,-6.8812,-7.3146,-7.6477,-7.7171,-7.4492,-6.8697,-6.089,-5.2663,-4.57,-4.1294,-3.9961,-4.1226,-4.381,-4.6188,-4.7197,-4.6369,-4.3922,-4.055,-3.7147,-3.4498,-3.2949,-3.2245,-3.1686,-3.0609,-2.8787,-2.6606,-2.4853,-2.4313,-2.5426,-2.8099,-3.177,-3.5494,-3.8181,-3.8991,-3.7916,-3.6066,-3.5086,-3.6233,-3.9881,-4.5613,-5.2573,-5.9678,-6.5734,-6.9638,-7.0842,-6.9731,-6.7437,-6.5189,-6.388,-6.3904,-6.5187,-6.7281,-6.9506,-7.1198,-7.1941,-7.1748,-7.0979,-7.0109,-6.9508,-6.9313,-6.9397,-6.9249,-6.8041,-6.4851,-5.9116,-5.1012,-4.1406,-3.1462,-2.2269,-1.458,-0.88073,-0.49767,-0.28142
-5.5746,-6.6481,-7.328,-7.2707,-6.8476,-6.5494,-6.5986,-6.9528,-7.414,-7.7576,-7.8164,-7.5199,-6.9008,-6.0789,-5.2247,-4.5116,-4.0689,-3.9447,-4.0839,-4.3483,-4.5771,-4.6545,-4.5446,-4.2824,-3.9431,-3.6153,-3.3721,-3.2436,-3.1978,-3.1608,-3.0607,-2.8719,-2.6344,-2.4283,-2.3325,-2.3901,-2.5913,-2.8839,-3.1817,-3.3937,-3.454,-3.3721,-3.247,-3.2233,-3.4092,-3.8337,-4.4498,-5.1694,-5.8867,-6.488,-6.8765,-7.009,-6.9236,-6.7221,-6.5175,-6.3935,-6.3877,-6.4936,-6.669,-6.8516,-6.986,-7.0403,-7.0213,-6.964,-6.9121,-6.9008,-6.9444,-7.0236,-7.0796,-7.0124,-6.7113,-6.1162,-5.2611,-4.2558,-3.2299,-2.2911,-1.5161,-0.93978,-0.55986,-0.34504
-5.363,-6.4561,-7.1692,-7.1517,-6.7692,-6.5155,-6.6116,-7.0104,-7.5058,-7.861,-7.9041,-7.5672,-6.8929,-6.0183,-5.1296,-4.4031,-3.9657,-3.8591,-4.0189,-4.2948,-4.5162,-4.5692,-4.4311,-4.1518,-3.8122,-3.4994,-3.2803,-3.1774,-3.1545,-3.1345,-3.0412,-2.8444,-2.5811,-2.332,-2.1806,-2.1688,-2.2894,-2.4905,-2.7002,-2.8453,-2.8834,-2.8348,-2.7873,-2.8615,-3.1444,-3.6482,-4.3205,-5.0688,-5.7867,-6.3733,-6.7494,-6.8906,-6.8382,-6.6786,-6.5127,-6.4108,-6.4045,-6.4855,-6.6164,-6.7469,-6.8325,-6.8575,-6.8343,-6.7965,-6.784,-6.8287,-6.9415,-7.1007,-7.2336,-7.2193,-6.93,-6.309,-5.4132,-4.3733,-3.3267,-2.3792,-1.6036,-1.0286,-0.65004,-0.43627
-5.1978,-6.2897,-7.0123,-7.0234,-6.6793,-6.4644,-6.5947,-7.0229,-7.5386,-7.8993,-7.9298,-7.563,-6.8503,-5.9431,-5.0374,-4.3086,-3.8799,-3.7884,-3.9643,-4.2501,-4.47,-4.5111,-4.3585,-4.0707,-3.7331,-3.4302,-3.2242,-3.1328,-3.1182,-3.1031,-3.0092,-2.8057,-2.5264,-2.2516,-2.0637,-2.0067,-2.0729,-2.2139,-2.3647,-2.4663,-2.4903,-2.4659,-2.4742,-2.6194,-2.9746,-3.5377,-4.2495,-5.0145,-5.7264,-6.296,-6.661,-6.8083,-6.7783,-6.6525,-6.5132,-6.4287,-6.4273,-6.4979,-6.6022,-6.696,-6.7467,-6.7487,-6.7203,-6.6934,-6.7027,-6.7768,-6.9262,-7.125,-7.2955,-7.306,-7.02,-6.3845,-5.4704,-4.4196,-3.3714,-2.43,-1.6605,-1.0921,-0.71906,-0.50968
-4.9752,-6.047,-6.7652,-6.8108,-6.5258,-6.3674,-6.5401,-6.999,-7.5326,-7.8955,-7.9097,-7.5078,-6.7536,-5.8174,-4.902,-4.1796,-3.7667,-3.6952,-3.8906,-4.1894,-4.4113,-4.4447,-4.2826,-3.9905,-3.6579,-3.3654,-3.1696,-3.0841,-3.0704,-3.0517,-2.9529,-2.7415,-2.4475,-2.146,-1.9165,-1.8063,-1.8102,-1.8862,-1.9749,-2.0307,-2.041,-2.0415,-2.1131,-2.3468,-2.7931,-3.4384,-4.2053,-4.9884,-5.6863,-6.2186,-6.552,-6.6971,-6.6986,-6.6209,-6.5319,-6.4816,-6.4906,-6.5477,-6.6194,-6.6683,-6.6788,-6.6521,-6.6105,-6.5858,-6.6104,-6.709,-6.8851,-7.1117,-7.3012,-7.3152,-7.0196,-6.3735,-5.459,-4.4198,-3.3913,-2.4712,-1.7234,-1.1725,-0.81162,-0.60825
-4.7565,-5.7932,-6.4903,-6.568,-6.3466,-6.2451,-6.4554,-6.9336,-7.4741,-7.835,-7.8366,-7.4102,-6.6302,-5.6823,-4.7713,-4.0644,-3.6707,-3.6177,-3.8277,-4.135,-4.3587,-4.3905,-4.2289,-3.9416,-3.6174,-3.3343,-3.1435,-3.0569,-3.0354,-3.0056,-2.8989,-2.6801,-2.3735,-2.048,-1.7841,-1.6302,-1.5869,-1.6154,-1.6624,-1.6903,-1.6949,-1.7202,-1.8452,-2.152,-2.6792,-3.3936,-4.2057,-5.0011,-5.6767,-6.1705,-6.4714,-6.6086,-6.6324,-6.5997,-6.5613,-6.5537,-6.5856,-6.638,-6.6787,-6.6854,-6.6492,-6.5901,-6.5354,-6.5121,-6.5438,-6.6481,-6.829,-7.0514,-7.2295,-7.2272,-6.9166,-6.2657,-5.3622,-4.3483,-3.3532,-2.4706,-1.7533,-1.2268,-0.88292,-0.6897
-4.5986,-5.6029,-6.2778,-6.3769,-6.2037,-6.1438,-6.3773,-6.8625,-7.4014,-7.7593,-7.7552,-7.3196,-6.5316,-5.5852,-4.6865,-3.9965,-3.619,-3.5788,-3.796,-4.1044,-4.3256,-4.3563,-4.1978,-3.9191,-3.6044,-3.3296,-3.1442,-3.0561,-3.0273,-2.9872,-2.8694,-2.6409,-2.3215,-1.9795,-1.6968,-1.5209,-1.4552,-1.4594,-1.4862,-1.5005,-1.5041,-1.5463,-1.7059,-2.0606,-2.6411,-3.4016,-4.2421,-5.0399,-5.6923,-6.1507,-6.4217,-6.5498,-6.589,-6.5898,-6.5893,-6.6119,-6.6595,-6.7119,-6.7388,-6.7184,-6.6583,-6.5765,-6.5029,-6.467,-6.4934,-6.5975,-6.7754,-6.9916,-7.1524,-7.1228,-6.7874,-6.1293,-5.2403,-4.2561,-3.2969,-2.4474,-1.7611,-1.2573,-0.92647,-0.73633
-4.4002,-5.3581,-5.9994,-6.1256,-6.0147,-6.0057,-6.2632,-6.7477,-7.2766,-7.6285,-7.6241,-7.1885,-6.4051,-5.4746,-4.6013,-3.9401,-3.5866,-3.5605,-3.7807,-4.0832,-4.2956,-4.3222,-4.1679,-3.9005,-3.6006,-3.3397,-3.1632,-3.0773,-3.0413,-2.9878,-2.8507,-2.6009,-2.2636,-1.9072,-1.6084,-1.4181,-1.3343,-1.3207,-1.3288,-1.3308,-1.3368,-1.399,-1.6008,-2.0144,-2.6571,-3.4705,-4.3353,-5.1208,-5.7309,-6.1343,-6.3616,-6.4718,-6.5238,-6.562,-6.6145,-6.6886,-6.7685,-6.8233,-6.8255,-6.7695,-6.6684,-6.5578,-6.4692,-6.4261,-6.446,-6.5404,-6.7083,-6.901,-7.0298,-6.9643,-6.5993,-5.9304,-5.0544,-4.1022,-3.1849,-2.3817,-1.7336,-1.2594,-0.94781,-0.76622
-4.2196,-5.1312,-5.7399,-5.8924,-5.8395,-5.8756,-6.1472,-6.6215,-7.1335,-7.4788,-7.4807,-7.0588,-6.2969,-5.3972,-4.5603,-3.9325,-3.6023,-3.5841,-3.7962,-4.0808,-4.2765,-4.2951,-4.1427,-3.8845,-3.5989,-3.3547,-3.1947,-3.1204,-3.0884,-3.0282,-2.8725,-2.5979,-2.2356,-1.8597,-1.5484,-1.3504,-1.2623,-1.246,-1.2538,-1.259,-1.2744,-1.3572,-1.5913,-2.0477,-2.7375,-3.5877,-4.4657,-5.2292,-5.7855,-6.1243,-6.2991,-6.3849,-6.4438,-6.515,-6.6124,-6.7298,-6.8413,-6.9095,-6.9051,-6.8237,-6.6942,-6.5535,-6.4395,-6.3811,-6.3974,-6.4955,-6.6584,-6.8431,-6.944,-6.8315,-6.4184,-5.7231,-4.8511,-3.9273,-3.0514,-2.287,-1.6802,-1.2372,-0.94251,-0.76199
-4.0978,-4.9769,-5.5642,-5.7363,-5.7233,-5.788,-6.065,-6.5261,-7.0215,-7.3607,-7.3703,-6.9672,-6.2327,-5.3658,-4.5631,-3.9633,-3.6486,-3.6304,-3.8282,-4.0909,-4.2668,-4.2747,-4.1214,-3.8681,-3.5922,-3.3615,-3.2175,-3.1596,-3.1405,-3.0824,-2.9186,-2.6247,-2.239,-1.8427,-1.5227,-1.3235,-1.2417,-1.2332,-1.2493,-1.2622,-1.2865,-1.3837,-1.6383,-2.1206,-2.8371,-3.7053,-4.5829,-5.3211,-5.8301,-6.115,-6.2441,-6.3042,-6.3619,-6.4518,-6.5838,-6.7371,-6.8735,-6.9503,-6.9401,-6.8441,-6.6988,-6.5476,-6.4278,-6.3662,-6.3801,-6.476,-6.6398,-6.8107,-6.8893,-6.7488,-6.3102,-5.5993,-4.7243,-3.8077,-2.9462,-2.207,-1.6174,-1.1897,-0.90638,-0.72978
-3.9548,-4.7967,-5.3615,-5.5601,-5.5956,-5.6918,-5.9681,-6.4052,-6.8743,-7.2029,-7.2248,-6.8551,-6.1695,-5.3589,-4.609,-4.0494,-3.7537,-3.7282,-3.896,-4.1175,-4.2562,-4.2411,-4.0806,-3.8318,-3.5682,-3.3579,-3.2418,-3.2176,-3.2276,-3.1829,-3.0091,-2.6848,-2.263,-1.8421,-1.5162,-1.3289,-1.2663,-1.2772,-1.3074,-1.3312,-1.3669,-1.4799,-1.7577,-2.2683,-3.011,-3.8932,-4.7569,-5.447,-5.8846,-6.0915,-6.1566,-6.1755,-6.2177,-6.3199,-6.4826,-6.6815,-6.866,-6.9777,-6.9792,-6.8775,-6.712,-6.5383,-6.4053,-6.3453,-6.3739,-6.4892,-6.6633,-6.8341,-6.8862,-6.6961,-6.2031,-5.4536,-4.5643,-3.6548,-2.8136,-2.0937,-1.529,-1.1188,-0.8405,-0.65315
-3.8631,-4.6823,-5.2366,-5.4562,-5.524,-5.6386,-5.9095,-6.325,-6.7718,-7.0905,-7.1217,-6.781,-6.1385,-5.3766,-4.6709,-4.1427,-3.8599,-3.8257,-3.9649,-4.1475,-4.2506,-4.2119,-4.0401,-3.7903,-3.5338,-3.3397,-3.2499,-3.259,-3.3004,-3.2741,-3.0951,-2.7472,-2.2982,-1.8611,-1.5339,-1.36,-1.3173,-1.3482,-1.3947,-1.4294,-1.4728,-1.5916,-1.8767,-2.3974,-3.1503,-4.0348,-4.8835,-5.5347,-5.9142,-6.0599,-6.0747,-6.0618,-6.0921,-6.1994,-6.3843,-6.6118,-6.8242,-6.9591,-6.9775,-6.8807,-6.7191,-6.5478,-6.4157,-6.3566,-6.389,-6.5124,-6.6969,-6.8666,-6.9049,-6.6871,-6.1609,-5.3847,-4.4805,-3.5657,-2.7247,-2.0128,-1.4504,-1.0405,-0.76018,-0.56612
-3.7613,-4.5586,-5.1091,-5.3588,-5.4645,-5.5959,-5.8529,-6.2355,-6.6499,-6.9525,-6.9948,-6.695,-6.1157,-5.4235,-4.7802,-4.2953,-4.0281,-3.9781,-4.074,-4.1993,-4.2486,-4.172,-3.9794,-3.7217,-3.4691,-3.2928,-3.2395,-3.2987,-3.3934,-3.4037,-3.2286,-2.8561,-2.3733,-1.9142,-1.5873,-1.4317,-1.4191,-1.4814,-1.5532,-1.6024,-1.6506,-1.7697,-2.0552,-2.5787,-3.3325,-4.2085,-5.0284,-5.626,-5.9337,-6.0053,-5.954,-5.891,-5.8929,-5.9965,-6.2009,-6.4698,-6.7359,-6.9216,-6.9748,-6.8999,-6.7397,-6.5649,-6.435,-6.3886,-6.4421,-6.588,-6.7884,-6.9588,-6.9719,-6.7089,-6.1338,-5.3187,-4.3897,-3.4623,-2.6171,-1.9033,-1.3411,-0.92849,-0.63835,-0.42388
-3.6827,-4.4686,-5.0258,-5.3083,-5.447,-5.5864,-5.8215,-6.1672,-6.5464,-6.8293,-6.8795,-6.6203,-6.1059,-5.4869,-4.9081,-4.4675,-4.2145,-4.1442,-4.1921,-4.2582,-4.2543,-4.1396,-3.9241,-3.6544,-3.3999,-3.2336,-3.2064,-3.3103,-3.4607,-3.519,-3.3634,-2.9771,-2.4667,-1.9888,-1.6656,-1.534,-1.5565,-1.6529,-1.7461,-1.8025,-1.845,-1.9552,-2.231,-2.7432,-3.4829,-4.3344,-5.1151,-5.6586,-5.9046,-5.9136,-5.8094,-5.7073,-5.686,-5.7839,-6.0014,-6.3009,-6.6127,-6.8531,-6.9598,-6.9212,-6.7874,-6.6255,-6.4992,-6.4533,-6.5095,-6.6624,-6.8689,-7.0344,-7.0299,-6.736,-6.1247,-5.2784,-4.3268,-3.3836,-2.526,-1.8005,-1.2266,-0.79971,-0.49043,-0.24916
-3.638,-4.4224,-4.9913,-5.3003,-5.4606,-5.5996,-5.8139,-6.1295,-6.4806,-6.7473,-6.8016,-6.5712,-6.1041,-5.5392,-5.0091,-4.6012,-4.357,-4.2695,-4.2807,-4.3043,-4.2649,-4.1258,-3.8948,-3.6154,-3.3555,-3.19,-3.1735,-3.3031,-3.4922,-3.5889,-3.4539,-3.0632,-2.5365,-2.0493,-1.7316,-1.6223,-1.6743,-1.7971,-1.906,-1.962,-1.9936,-2.083,-2.3362,-2.8269,-3.5441,-4.3722,-5.1259,-5.6379,-5.8495,-5.8254,-5.6916,-5.5667,-5.5317,-5.6253,-5.8518,-6.1737,-6.5202,-6.803,-6.9509,-6.9484,-6.8316,-6.6758,-6.5513,-6.5078,-6.5677,-6.7226,-6.926,-7.0802,-7.0522,-6.731,-6.0983,-5.2383,-4.277,-3.3242,-2.4558,-1.717,-1.1292,-0.68904,-0.36658,-0.11015
-3.5963,-4.3861,-4.979,-5.3267,-5.5117,-5.6416,-5.8211,-6.0932,-6.4063,-6.6504,-6.7076,-6.5112,-6.1025,-5.605,-5.1371,-4.7711,-4.5375,-4.4281,-4.3963,-4.3726,-4.295,-4.1312,-3.8849,-3.5929,-3.3206,-3.1463,-3.1314,-3.281,-3.5091,-3.6514,-3.5467,-3.1602,-2.6223,-2.1286,-1.8205,-1.7371,-1.8243,-1.9793,-2.1058,-2.1577,-2.1651,-2.2184,-2.4313,-2.8816,-3.5581,-4.3469,-5.0631,-5.542,-5.7267,-5.68,-5.5269,-5.3867,-5.3423,-5.4359,-5.6698,-6.0122,-6.396,-6.7325,-6.942,-6.9899,-6.9108,-6.7706,-6.643,-6.5838,-6.6217,-6.7522,-6.9281,-7.0516,-6.995,-6.6524,-6.0105,-5.1518,-4.1945,-3.2408,-2.3625,-1.6078,-0.99754,-0.53215,-0.1848,0.094857
-3.577,-4.376,-4.9928,-5.371,-5.5706,-5.6875,-5.8361,-6.0745,-6.3593,-6.586,-6.6433,-6.4682,-6.0982,-5.6466,-5.222,-4.8854,-4.6609,-4.5396,-4.4825,-4.4321,-4.3346,-4.1591,-3.9056,-3.6059,-3.3224,-3.1352,-3.1111,-3.2611,-3.5034,-3.6697,-3.5876,-3.2104,-2.6713,-2.1746,-1.874,-1.8071,-1.9187,-2.0961,-2.2322,-2.2765,-2.2598,-2.2837,-2.464,-2.8794,-3.521,-4.2734,-4.9585,-5.4178,-5.5951,-5.5483,-5.3993,-5.2651,-5.2272,-5.3254,-5.5678,-5.9218,-6.3239,-6.6881,-6.9329,-7.0185,-6.9617,-6.8309,-6.7006,-6.6284,-6.6439,-6.7429,-6.8819,-6.9663,-6.879,-6.525,-5.8903,-5.0468,-4.1019,-3.1534,-2.2733,-1.508,-0.88642,-0.40863,-0.047828,0.24556
-3.5643,-4.3819,-5.0353,-5.4546,-5.6676,-5.7598,-5.8628,-6.0566,-6.3055,-6.5086,-6.562,-6.4089,-6.084,-5.6878,-5.3156,-5.0175,-4.8079,-4.678,-4.5989,-4.5268,-4.4166,-4.2374,-3.9822,-3.6759,-3.3758,-3.1636,-3.113,-3.2428,-3.4793,-3.6567,-3.5918,-3.2253,-2.6864,-2.1922,-1.9036,-1.8647,-2.0101,-2.2156,-2.3596,-2.3877,-2.3376,-2.317,-2.4504,-2.8182,-3.4114,-4.1182,-4.7679,-5.2117,-5.3948,-5.3708,-5.2499,-5.1401,-5.1191,-5.2291,-5.475,-5.8335,-6.2502,-6.6457,-6.9352,-7.064,-7.0388,-6.9131,-6.7634,-6.6544,-6.6211,-6.6621,-6.7337,-6.7568,-6.6257,-6.2593,-5.6455,-4.8418,-3.9363,-3.0128,-2.139,-1.3687,-0.72984,-0.23242,0.14281,0.44176
-3.5642,-4.4032,-5.0957,-5.554,-5.7732,-5.8319,-5.8877,-6.04,-6.2584,-6.4399,-6.485,-6.3473,-6.0601,-5.7127,-5.388,-5.1265,-4.9347,-4.8044,-4.7173,-4.6422,-4.5393,-4.3733,-4.1283,-3.8196,-3.4996,-3.2522,-3.1572,-3.2427,-3.4439,-3.6036,-3.5381,-3.1782,-2.6439,-2.1551,-1.8785,-1.8609,-2.0337,-2.2634,-2.4197,-2.4405,-2.3645,-2.3058,-2.3949,-2.7171,-3.2653,-3.9323,-4.5558,-4.9945,-5.1974,-5.2103,-5.132,-5.0627,-5.0747,-5.2043,-5.4606,-5.8203,-6.2347,-6.6324,-6.9352,-7.0872,-7.0812,-6.9636,-6.8022,-6.6583,-6.5685,-6.5364,-6.5298,-6.4795,-6.3011,-5.9272,-5.3421,-4.5842,-3.7219,-2.8286,-1.9707,-1.202,-0.56071,-0.060033,0.31742,0.61593
-3.5705,-4.425,-5.1455,-5.6292,-5.8467,-5.8764,-5.8979,-6.0246,-6.2261,-6.3944,-6.4325,-6.3012,-6.0362,-5.7217,-5.4303,-5.1954,-5.019,-4.8943,-4.8104,-4.744,-4.6584,-4.5137,-4.2844,-3.977,-3.6411,-3.3611,-3.2223,-3.259,-3.4157,-3.5434,-3.4645,-3.1046,-2.5756,-2.0916,-1.823,-1.8182,-2.0091,-2.2558,-2.4219,-2.4401,-2.3512,-2.2741,-2.3423,-2.6409,-3.1627,-3.8016,-4.4032,-4.8384,-5.0602,-5.1118,-5.0798,-5.0525,-5.0948,-5.2425,-5.5014,-5.8547,-6.2601,-6.6519,-6.9542,-7.1122,-7.1105,-6.988,-6.8107,-6.6396,-6.5114,-6.4309,-6.367,-6.2662,-6.0528,-5.6694,-5.1002,-4.3743,-3.5473,-2.6826,-1.8416,-1.0791,-0.4376,0.066812,0.44574,0.73802
-3.5835,-4.456,-5.2073,-5.7152,-5.9221,-5.91,-5.8899,-5.9943,-6.1838,-6.3422,-6.3722,-6.2435,-6.0001,-5.7232,-5.4748,-5.2777,-5.1264,-5.0153,-4.9442,-4.9006,-4.85,-4.7453,-4.5485,-4.2523,-3.8966,-3.5658,-3.3532,-3.3058,-3.3818,-3.4469,-3.334,-2.9656,-2.4414,-1.9662,-1.7096,-1.7219,-1.9337,-2.2011,-2.3795,-2.4006,-2.3068,-2.2207,-2.2762,-2.5566,-3.0532,-3.6641,-4.2439,-4.6765,-4.9253,-5.0285,-5.0619,-5.0998,-5.1952,-5.375,-5.6422,-5.9799,-6.3518,-6.7048,-6.9784,-7.1222,-7.1242,-7.0095,-6.8282,-6.6321,-6.4575,-6.3144,-6.1859,-6.02,-5.7623,-5.3662,-4.8142,-4.1215,-3.328,-2.4878,-1.6615,-0.90676,-0.26865,0.22891,0.59525,0.8682
-3.5989,-4.4829,-5.2524,-5.7694,-5.9552,-5.9015,-5.85,-5.9463,-6.1409,-6.3003,-6.3246,-6.1938,-5.9624,-5.7154,-5.5088,-5.354,-5.2356,-5.146,-5.0942,-5.0802,-5.0736,-5.0198,-4.8653,-4.5862,-4.2117,-3.8252,-3.5274,-3.3812,-3.3607,-3.3467,-3.1848,-2.7981,-2.276,-1.8129,-1.5713,-1.5997,-1.8269,-2.1113,-2.3066,-2.3453,-2.2643,-2.1868,-2.2415,-2.5113,-2.9909,-3.5793,-4.1421,-4.5752,-4.8503,-5.0076,-5.1135,-5.2271,-5.3842,-5.5989,-5.8688,-6.1791,-6.5041,-6.8045,-7.0325,-7.1492,-7.1399,-7.023,-6.8399,-6.6349,-6.4387,-6.261,-6.0872,-5.8788,-5.587,-5.1706,-4.6126,-3.9257,-3.1454,-2.3206,-1.5068,-0.75937,-0.12702,0.36692,0.72665,0.98265
-3.6104,-4.4965,-5.2682,-5.7802,-5.9437,-5.8617,-5.796,-5.8973,-6.1066,-6.2756,-6.299,-6.1636,-5.9358,-5.7067,-5.5306,-5.4115,-5.3235,-5.2543,-5.2184,-5.2262,-5.2526,-5.2394,-5.121,-4.858,-4.471,-4.0415,-3.6784,-3.455,-3.357,-3.277,-3.0717,-2.6683,-2.1471,-1.6929,-1.463,-1.5042,-1.7468,-2.0451,-2.2569,-2.3096,-2.2434,-2.1755,-2.2371,-2.5094,-2.9835,-3.5614,-4.1142,-4.5479,-4.8418,-5.0404,-5.2004,-5.3691,-5.571,-5.8122,-6.0812,-6.3664,-6.6475,-6.8965,-7.0796,-7.1663,-7.1504,-7.0414,-6.8689,-6.668,-6.4673,-6.2778,-6.0878,-5.8582,-5.5439,-5.107,-4.5341,-3.8387,-3.0541,-2.2266,-1.411,-0.66267,-0.030616,0.45759,0.80513,1.0427
-3.6244,-4.5022,-5.2587,-5.7458,-5.8726,-5.7616,-5.6908,-5.8131,-6.055,-6.2479,-6.2747,-6.1317,-5.9041,-5.6936,-5.5584,-5.4905,-5.4488,-5.4089,-5.3902,-5.4193,-5.4831,-5.522,-5.4552,-5.2211,-4.8213,-4.3371,-3.8909,-3.5684,-3.3676,-3.1969,-2.9282,-2.5007,-1.9873,-1.5532,-1.343,-1.4009,-1.6574,-1.971,-2.199,-2.2722,-2.2314,-2.1892,-2.2742,-2.562,-3.0367,-3.6061,-4.1433,-4.5693,-4.8826,-5.1239,-5.3503,-5.5951,-5.8631,-6.1384,-6.4067,-6.6526,-6.8676,-7.0407,-7.1567,-7.2026,-7.1707,-7.0696,-6.9187,-6.7425,-6.5613,-6.3824,-6.1899,-5.9511,-5.6156,-5.1472,-4.5383,-3.81,-3.0004,-2.1561,-1.3293,-0.57367,0.062282,0.55118,0.89276,1.1126
-3.6326,-4.4959,-5.2262,-5.6813,-5.7776,-5.6512,-5.5879,-5.7353,-6.0102,-6.2283,-6.2615,-6.1123,-5.8823,-5.6849,-5.5796,-5.5524,-5.5474,-5.5281,-5.5162,-5.5524,-5.6361,-5.7086,-5.6783,-5.4674,-5.0624,-4.5436,-4.0417,-3.6519,-3.3816,-3.148,-2.8355,-2.3911,-1.8848,-1.468,-1.2743,-1.3427,-1.6052,-1.9276,-2.1692,-2.266,-2.2504,-2.2357,-2.3402,-2.6364,-3.1119,-3.6693,-4.1941,-4.6178,-4.9423,-5.2176,-5.4912,-5.7856,-6.0937,-6.3907,-6.6508,-6.8631,-7.0271,-7.1445,-7.2132,-7.229,-7.1917,-7.1063,-6.9826,-6.8343,-6.6755,-6.5123,-6.3319,-6.0925,-5.7466,-5.2569,-4.618,-3.8564,-3.0155,-2.1453,-1.299,-0.53014,0.11365,0.60345,0.93854,1.144
-3.6405,-4.4733,-5.1512,-5.547,-5.6007,-5.4641,-5.4229,-5.6147,-5.9415,-6.1997,-6.2473,-6.0915,-5.8585,-5.679,-5.6129,-5.6363,-5.6738,-5.6727,-5.6588,-5.693,-5.7904,-5.8946,-5.9032,-5.7203,-5.3154,-4.7651,-4.204,-3.7422,-3.3959,-3.0943,-2.7355,-2.2729,-1.7705,-1.3704,-1.1965,-1.2839,-1.5646,-1.9039,-2.1696,-2.2948,-2.3124,-2.3269,-2.4555,-2.7681,-3.2475,-3.7982,-4.3095,-4.7232,-5.0546,-5.3568,-5.6749,-6.0214,-6.3734,-6.6903,-6.9386,-7.1101,-7.2166,-7.2749,-7.2959,-7.2845,-7.2414,-7.1694,-7.0743,-6.9651,-6.8505,-6.7297,-6.5802,-6.3587,-6.0063,-5.4856,-4.7996,-3.9855,-3.0956,-2.1846,-1.3069,-0.51551,0.14346,0.64233,0.97963,1.1776
-3.6453,-4.4363,-5.0444,-5.3676,-5.3798,-5.2441,-5.2362,-5.4807,-5.8643,-6.1674,-6.2332,-6.0748,-5.8408,-5.6798,-5.6509,-5.7148,-5.7779,-5.7775,-5.7477,-5.7668,-5.8618,-5.9774,-6.0052,-5.8375,-5.4398,-4.8809,-4.2948,-3.7933,-3.3978,-3.0465,-2.6517,-2.1752,-1.6794,-1.2968,-1.1425,-1.2483,-1.5458,-1.9031,-2.1919,-2.3459,-2.3982,-2.445,-2.6016,-2.9327,-3.4156,-3.9577,-4.451,-4.8486,-5.1765,-5.4896,-5.8322,-6.2084,-6.584,-6.9075,-7.1433,-7.2865,-7.358,-7.3836,-7.3806,-7.3573,-7.3164,-7.2595,-7.1891,-7.1105,-7.0303,-6.9462,-6.8344,-6.6375,-6.2912,-5.7527,-5.0285,-4.1669,-3.2299,-2.277,-1.3635,-0.54504,0.13925,0.65734,1.0044,1.1992
-3.6467,-4.4015,-4.9487,-5.2132,-5.1962,-5.0667,-5.0894,-5.3751,-5.8018,-6.1387,-6.2195,-6.0613,-5.8292,-5.6824,-5.6766,-5.7618,-5.8304,-5.8159,-5.7628,-5.762,-5.8447,-5.955,-5.9833,-5.8212,-5.4341,-4.8858,-4.306,-3.7976,-3.3833,-3.0066,-2.5909,-2.1069,-1.6202,-1.2526,-1.1123,-1.2258,-1.5284,-1.8973,-2.2055,-2.3908,-2.4744,-2.552,-2.7281,-3.0656,-3.5478,-4.0777,-4.5574,-4.9454,-5.266,-5.5806,-5.9266,-6.3043,-6.6773,-6.9974,-7.2237,-7.3584,-7.4253,-7.4509,-7.4517,-7.4311,-7.3965,-7.3445,-7.2782,-7.2069,-7.1416,-7.0812,-6.9934,-6.823,-6.4903,-5.9454,-5.1987,-4.308,-3.3428,-2.3655,-1.4308,-0.58839,0.11243,0.64528,1.0046,1.2068
-3.6461,-4.3493,-4.8101,-4.9949,-4.9432,-4.8273,-4.8933,-5.2329,-5.7131,-6.0915,-6.1914,-6.0376,-5.812,-5.6821,-5.6979,-5.7941,-5.8482,-5.7961,-5.7006,-5.6656,-5.7226,-5.8137,-5.8319,-5.6759,-5.309,-4.7901,-4.2387,-3.7455,-3.3302,-2.9406,-2.5075,-2.016,-1.5315,-1.1758,-1.0498,-1.178,-1.4968,-1.8866,-2.2274,-2.4517,-2.5755,-2.683,-2.8787,-3.2282,-3.7117,-4.2395,-4.7093,-5.079,-5.3814,-5.6715,-5.9938,-6.3517,-6.7099,-7.0163,-7.2464,-7.3966,-7.488,-7.5412,-7.5648,-7.5617,-7.5254,-7.4646,-7.3907,-7.3174,-7.2549,-7.2003,-7.1278,-6.9717,-6.6562,-6.1284,-5.3913,-4.4969,-3.5153,-2.5126,-1.5472,-0.67505,0.059756,0.62473,1.0106,1.2297
-3.6428,-4.2949,-4.6705,-4.7798,-4.6977,-4.5984,-4.7059,-5.094,-5.6194,-6.0313,-6.1489,-6.0029,-5.7864,-5.6689,-5.6898,-5.7715,-5.7849,-5.6795,-5.5382,-5.4698,-5.5006,-5.57,-5.5753,-5.4231,-5.0798,-4.5984,-4.0831,-3.6206,-3.2237,-2.8397,-2.4061,-1.9128,-1.4308,-1.0823,-0.96555,-1.1047,-1.4377,-1.8482,-2.2193,-2.4801,-2.6433,-2.7843,-3.0068,-3.3721,-3.8592,-4.3792,-4.835,-5.1906,-5.4737,-5.7425,-6.0326,-6.3476,-6.6633,-6.9483,-7.1782,-7.3589,-7.5032,-7.6185,-7.6993,-7.7288,-7.7036,-7.6247,-7.511,-7.3911,-7.2905,-7.2157,-7.1379,-6.9976,-6.7128,-6.2217,-5.5174,-4.6446,-3.6694,-2.658,-1.6721,-0.7669,0.0027561,0.60116,1.017,1.2615
