1.4977,1.0403,0.53934,0.36817,0.50982,0.71363,0.8454,0.87632,0.81359,0.69867,0.58914,0.50908,0.43401,0.3408,0.24371,0.17023,0.13404,0.14179,0.20406,0.32347,0.47272,0.59942,0.65792,0.63277,0.54454,0.44555,0.40457,0.47535,0.65627,0.90097,1.1444,1.331,1.4248,1.408,1.2886,1.0999,0.88996,0.70766,0.57774,0.49606,0.43888,0.3784,0.29745,0.18869,0.05675,-0.081383,-0.21026,-0.32261,-0.42216,-0.5139,-0.58646,-0.61816,-0.59822,-0.54721,-0.50537,-0.52149,-0.61508,-0.74896,-0.82348,-0.73716,-0.48219,-0.15053,0.15698,0.39288,0.55557,0.66348,0.73657,0.78867,0.82718,0.84958,0.84891,0.81823,0.7527,0.64943,0.50766,0.32754,0.1273,-0.08193,-0.28342,-0.46141
1.441,0.95607,0.4099,0.19944,0.3445,0.57875,0.7281,0.74878,0.65503,0.50743,0.37968,0.2978,0.22935,0.13966,0.03793,-0.048103,-0.10094,-0.1085,-0.054425,0.068403,0.2324,0.37834,0.45079,0.42615,0.32166,0.19313,0.12131,0.17306,0.35459,0.61142,0.87137,1.0723,1.1754,1.1656,1.0558,0.88103,0.69495,0.54516,0.4553,0.41292,0.39039,0.35841,0.3012,0.21258,0.097827,-0.029875,-0.15686,-0.2752,-0.38531,-0.48384,-0.55634,-0.58435,-0.5641,-0.51835,-0.49896,-0.55466,-0.70519,-0.9101,-1.0556,-1.0134,-0.75664,-0.39396,-0.045287,0.23038,0.42699,0.56205,0.6568,0.72951,0.78472,0.82212,0.83735,0.82399,0.77517,0.68573,0.55516,0.39241,0.20282,0.0057902,-0.18133,-0.34572
1.3472,0.84242,0.25189,-0.010357,0.12802,0.3915,0.55644,0.55933,0.42491,0.23591,0.088949,0.013873,-0.03715,-0.11376,-0.21865,-0.3222,-0.39751,-0.42503,-0.38242,-0.25733,-0.077069,0.091594,0.18098,0.15577,0.027871,-0.14673,-0.27208,-0.26039,-0.088784,0.18302,0.46931,0.70082,0.83326,0.85275,0.77072,0.62248,0.46416,0.34824,0.2991,0.30038,0.31507,0.31424,0.28043,0.21152,0.11455,0.00077245,-0.11946,-0.23959,-0.35385,-0.45513,-0.52518,-0.5466,-0.51956,-0.47613,-0.4669,-0.54802,-0.74796,-1.0296,-1.2624,-1.2789,-1.0314,-0.63749,-0.25038,0.051815,0.26175,0.40483,0.51161,0.59902,0.67716,0.74087,0.78053,0.78895,0.76286,0.70108,0.60337,0.47064,0.31385,0.14298,-0.028812,-0.18904
1.2676,0.76338,0.15587,-0.14202,-0.017819,0.25511,0.42411,0.41042,0.24516,0.028056,-0.1298,-0.19494,-0.22556,-0.28663,-0.39009,-0.50457,-0.59575,-0.63805,-0.60539,-0.48131,-0.29146,-0.10725,-0.0048685,-0.027185,-0.17161,-0.38385,-0.56013,-0.59222,-0.43971,-0.15888,0.15405,0.41989,0.59052,0.64686,0.5957,0.47299,0.33425,0.23668,0.20509,0.22358,0.25445,0.26631,0.24349,0.18491,0.097444,-0.0094059,-0.12558,-0.24402,-0.35745,-0.45236,-0.51094,-0.51872,-0.48201,-0.43576,-0.43413,-0.53137,-0.75171,-1.0548,-1.3092,-1.3453,-1.1113,-0.72781,-0.34755,-0.04909,0.15869,0.29937,0.40246,0.49097,0.57151,0.64239,0.69782,0.731,0.73471,0.70239,0.63086,0.52592,0.38863,0.23417,0.076687,-0.072739
1.1563,0.67543,0.071689,-0.26465,-0.17396,0.091837,0.25378,0.21414,0.009462,-0.2407,-0.40815,-0.45473,-0.45022,-0.48231,-0.57546,-0.69809,-0.80885,-0.8724,-0.85483,-0.73462,-0.53549,-0.33302,-0.2133,-0.23078,-0.39496,-0.65825,-0.91181,-1.0163,-0.90028,-0.60682,-0.24704,0.079627,0.31516,0.43101,0.42959,0.34447,0.22985,0.14587,0.12065,0.14261,0.17744,0.19232,0.17467,0.12342,0.043723,-0.055576,-0.16728,-0.28184,-0.38788,-0.46854,-0.50749,-0.49755,-0.45081,-0.40128,-0.403,-0.50184,-0.71652,-1.0041,-1.2371,-1.2624,-1.0378,-0.68382,-0.34445,-0.090765,0.074047,0.17883,0.25698,0.33104,0.41191,0.49491,0.57011,0.62889,0.66482,0.67178,0.64382,0.57678,0.47619,0.34944,0.20825,0.064774
1.0446,0.61538,0.046504,-0.31354,-0.27202,-0.038071,0.10172,0.032933,-0.2058,-0.48217,-0.65382,-0.67739,-0.6338,-0.62736,-0.69824,-0.82099,-0.94748,-1.0317,-1.0309,-0.91818,-0.71534,-0.50061,-0.36727,-0.38085,-0.56114,-0.87073,-1.1986,-1.38,-1.3021,-0.99446,-0.58244,-0.18798,0.11437,0.29176,0.34522,0.29851,0.20487,0.12134,0.087901,0.098322,0.12052,0.1258,0.099181,0.042461,-0.036417,-0.1289,-0.22811,-0.32898,-0.42074,-0.48904,-0.51638,-0.49456,-0.43793,-0.38599,-0.38251,-0.46773,-0.64773,-0.87111,-1.0239,-0.99131,-0.77438,-0.48008,-0.21851,-0.037671,0.066426,0.12155,0.15833,0.20357,0.26418,0.3392,0.42236,0.50544,0.57806,0.62739,0.64087,0.60833,0.53827,0.43402,0.30795,0.17367
0.96388,0.59023,0.067467,-0.29951,-0.30258,-0.10804,0.0050146,-0.085873,-0.34453,-0.63388,-0.80466,-0.81072,-0.7368,-0.69863,-0.7479,-0.86487,-0.99765,-1.0935,-1.1046,-1.0007,-0.8015,-0.58481,-0.4459,-0.45604,-0.64257,-0.97719,-1.3499,-1.5845,-1.5371,-1.224,-0.77846,-0.33739,0.013962,0.23931,0.33368,0.31819,0.23801,0.15101,0.098308,0.085369,0.088211,0.079514,0.045674,-0.014145,-0.092978,-0.18209,-0.27517,-0.36552,-0.44461,-0.49733,-0.51033,-0.48118,-0.42662,-0.37808,-0.37731,-0.4492,-0.58674,-0.73443,-0.79751,-0.70936,-0.48771,-0.23848,-0.044958,0.065987,0.10856,0.11361,0.11183,0.12637,0.16803,0.23738,0.32774,0.42714,0.51974,0.5887,0.62045,0.61107,0.55478,0.46491,0.35431,0.23489
0.86277,0.5809,0.14155,-0.21984,-0.28733,-0.1622,-0.095794,-0.21458,-0.48893,-0.78429,-0.95022,-0.93509,-0.82288,-0.74299,-0.76021,-0.86057,-0.99105,-1.0942,-1.118,-1.0303,-0.84689,-0.63895,-0.49894,-0.50136,-0.68508,-1.0331,-1.4448,-1.735,-1.7328,-1.4253,-0.95059,-0.46092,-0.054927,0.22256,0.36042,0.37694,0.31063,0.21744,0.14178,0.098823,0.072807,0.04074,-0.0097769,-0.078164,-0.15605,-0.23416,-0.30842,-0.37639,-0.4326,-0.46993,-0.47755,-0.45482,-0.41432,-0.38004,-0.37324,-0.40419,-0.45832,-0.48976,-0.43924,-0.28132,-0.073094,0.11103,0.22083,0.25036,0.22244,0.1694,0.11723,0.094169,0.10584,0.15249,0.22925,0.3269,0.43055,0.52086,0.579,0.58886,0.55833,0.48961,0.39381,0.28354
0.79197,0.58838,0.22245,-0.12495,-0.23968,-0.17429,-0.14752,-0.28444,-0.56098,-0.85149,-1.0117,-0.98402,-0.84902,-0.74104,-0.73287,-0.81617,-0.93836,-1.0402,-1.07,-0.99591,-0.82967,-0.63477,-0.49871,-0.49665,-0.67254,-1.0165,-1.4369,-1.75,-1.7752,-1.4825,-1.0029,-0.49577,-0.06807,0.23082,0.38869,0.42042,0.3626,0.26661,0.17987,0.12011,0.0761,0.027971,-0.035763,-0.11141,-0.18793,-0.2536,-0.30496,-0.34644,-0.38139,-0.40688,-0.41652,-0.40649,-0.38326,-0.36161,-0.35331,-0.35705,-0.35013,-0.29329,-0.15768,0.041025,0.23948,0.37782,0.43124,0.4092,0.33777,0.24645,0.16494,0.10791,0.089932,0.1172,0.18652,0.2844,0.38979,0.48014,0.5379,0.55737,0.53099,0.47043,0.38712,0.29168
0.70329,0.60895,0.34846,0.030765,-0.14077,-0.15705,-0.1844,-0.33765,-0.6034,-0.87676,-1.0253,-0.98862,-0.83613,-0.69842,-0.65801,-0.71492,-0.81924,-0.91206,-0.94435,-0.88612,-0.74432,-0.57218,-0.44809,-0.44371,-0.60309,-0.92317,-1.3244,-1.6389,-1.6901,-1.433,-0.97952,-0.48509,-0.06008,0.24281,0.40939,0.45237,0.40334,0.30881,0.21347,0.13884,0.080095,0.020497,-0.048807,-0.12415,-0.19124,-0.23788,-0.26011,-0.26542,-0.26822,-0.27373,-0.28251,-0.29192,-0.29972,-0.30099,-0.29308,-0.25716,-0.16791,-0.0065501,0.21553,0.44583,0.62206,0.70291,0.68871,0.60613,0.48928,0.36806,0.25944,0.18394,0.14629,0.14741,0.18459,0.25066,0.33224,0.41091,0.468,0.486,0.4726,0.42688,0.35683,0.27244
0.61826,0.63046,0.47566,0.19818,-0.017575,-0.10955,-0.18723,-0.34564,-0.58685,-0.83051,-0.96468,-0.93044,-0.77816,-0.6241,-0.55624,-0.58346,-0.66325,-0.74122,-0.77164,-0.72599,-0.60744,-0.46003,-0.35172,-0.34636,-0.48254,-0.76088,-1.1146,-1.4029,-1.468,-1.262,-0.87178,-0.43237,-0.048651,0.22796,0.38118,0.42164,0.37681,0.28929,0.19981,0.12921,0.073457,0.015754,-0.050891,-0.11917,-0.17134,-0.18804,-0.16848,-0.12924,-0.093376,-0.082624,-0.09865,-0.13281,-0.17028,-0.19385,-0.17843,-0.099199,0.062194,0.29929,0.56758,0.79939,0.93264,0.95501,0.89015,0.77491,0.64079,0.50844,0.39391,0.29837,0.23178,0.20212,0.21191,0.25342,0.30954,0.36044,0.39109,0.39821,0.3758,0.33284,0.27741,0.21565
0.55404,0.64082,0.5612,0.31829,0.079731,-0.060564,-0.16844,-0.32376,-0.53795,-0.75167,-0.87465,-0.8502,-0.71014,-0.55511,-0.47213,-0.47628,-0.53437,-0.59781,-0.62384,-0.58516,-0.48313,-0.35489,-0.2587,-0.25015,-0.36495,-0.6045,-0.91233,-1.1691,-1.2412,-1.081,-0.7561,-0.3803,-0.047917,0.19008,0.31769,0.34407,0.29753,0.21892,0.14516,0.09268,0.051873,0.0071523,-0.050492,-0.11052,-0.14894,-0.14429,-0.092525,-0.015795,0.050284,0.081256,0.067729,0.020863,-0.03575,-0.070099,-0.051684,0.050795,0.24972,0.52268,0.80734,1.0237,1.1246,1.1069,1.0062,0.86698,0.72316,0.59287,0.48071,0.38959,0.32086,0.27692,0.25913,0.26429,0.2834,0.30408,0.31512,0.30721,0.28667,0.25273,0.20852,0.15756
0.46415,0.63788,0.65016,0.45819,0.20433,0.014636,-0.12112,-0.26265,-0.43196,-0.60049,-0.70926,-0.70581,-0.5964,-0.45513,-0.36015,-0.3364,-0.36278,-0.40096,-0.41509,-0.38172,-0.30055,-0.19893,-0.12066,-0.10897,-0.19304,-0.37524,-0.61523,-0.82218,-0.89797,-0.80147,-0.57514,-0.30523,-0.066783,0.095382,0.16916,0.16681,0.11717,0.057229,0.015017,-0.0031889,-0.011969,-0.030192,-0.064343,-0.10199,-0.1162,-0.08092,0.0081126,0.126,0.23149,0.28779,0.28424,0.23343,0.16658,0.1261,0.15771,0.29202,0.52881,0.82347,1.0969,1.2742,1.3139,1.2381,1.0984,0.94406,0.80327,0.68367,0.58455,0.49601,0.41728,0.35295,0.30703,0.27709,0.25446,0.2302,0.20057,0.17064,0.13803,0.10868,0.083404,0.059619
0.36468,0.60738,0.70162,0.56417,0.31204,0.093446,-0.054767,-0.17194,-0.29045,-0.41441,-0.51227,-0.53641,-0.46959,-0.35488,-0.25613,-0.20787,-0.20126,-0.20963,-0.20635,-0.17414,-0.11213,-0.038538,0.017494,0.028988,-0.024768,-0.1466,-0.31354,-0.46781,-0.54335,-0.50814,-0.38553,-0.23415,-0.11064,-0.045222,-0.041647,-0.082127,-0.13701,-0.17486,-0.17645,-0.14843,-0.11344,-0.096084,-0.10197,-0.1159,-0.10777,-0.045582,0.077371,0.23409,0.37692,0.46298,0.47595,0.43117,0.36789,0.33649,0.38653,0.54397,0.7964,1.0877,1.334,1.4592,1.4436,1.3164,1.1378,0.96222,0.81898,0.71223,0.62756,0.55656,0.48717,0.41506,0.3406,0.2652,0.1898,0.11658,0.050703,-0.0013494,-0.034926,-0.05007,-0.052717,-0.051458
0.28126,0.56327,0.71109,0.61625,0.37614,0.14974,0.0031032,-0.089716,-0.17009,-0.26332,-0.35653,-0.40382,-0.37174,-0.28108,-0.18359,-0.11777,-0.086535,-0.07291,-0.056555,-0.02414,0.024288,0.075904,0.11345,0.12171,0.089249,0.010949,-0.10238,-0.21731,-0.29085,-0.29893,-0.2527,-0.19166,-0.15547,-0.16575,-0.2194,-0.29431,-0.35773,-0.37944,-0.34869,-0.28135,-0.21039,-0.16183,-0.14465,-0.14228,-0.1198,-0.044848,0.094065,0.27115,0.43613,0.54572,0.58031,0.55291,0.50306,0.4858,0.55018,0.72167,0.98026,1.2601,1.4738,1.555,1.4891,1.3217,1.1211,0.94133,0.80449,0.70669,0.63371,0.56737,0.49637,0.41646,0.32686,0.22789,0.12203,0.016424,-0.076825,-0.1446,-0.17855,-0.18185,-0.16401,-0.13816
0.15567,0.47318,0.68227,0.64588,0.43484,0.21502,0.081379,0.02655,-0.0053999,-0.062852,-0.15154,-0.2289,-0.24292,-0.18421,-0.090235,-0.0035323,0.058661,0.09985,0.13108,0.16037,0.18776,0.20902,0.22214,0.22602,0.21943,0.19493,0.14849,0.082674,0.012744,-0.047666,-0.097564,-0.15089,-0.22683,-0.33317,-0.45877,-0.57546,-0.64726,-0.64792,-0.57821,-0.467,-0.35442,-0.27003,-0.22305,-0.19893,-0.16337,-0.080279,0.066561,0.25718,0.44443,0.58094,0.64546,0.64928,0.631,0.64256,0.732,0.91653,1.1686,1.4195,1.5858,1.6099,1.4902,1.2809,1.054,0.86221,0.72482,0.63508,0.57262,0.5193,0.45879,0.37939,0.2745,0.14388,-0.0043792,-0.15294,-0.27838,-0.35775,-0.38561,-0.36481,-0.31212,-0.2488
0.05004,0.38164,0.63018,0.63878,0.45731,0.25218,0.13603,0.11119,0.11346,0.080259,-0.0038976,-0.10038,-0.14556,-0.10925,-0.019459,0.080401,0.16328,0.22335,0.26363,0.28668,0.29408,0.29052,0.28499,0.28666,0.29853,0.31204,0.3097,0.27518,0.20569,0.11027,-0.0033944,-0.13334,-0.28337,-0.45005,-0.61852,-0.75658,-0.83112,-0.81845,-0.72711,-0.59198,-0.45637,-0.35301,-0.29096,-0.25691,-0.21805,-0.13792,0.0048857,0.19657,0.3923,0.54772,0.63704,0.6687,0.67888,0.71777,0.82415,1.0117,1.2508,1.4748,1.605,1.5891,1.4353,1.2007,0.96038,0.76632,0.63397,0.55177,0.49704,0.45146,0.39453,0.31187,0.19473,0.043391,-0.12951,-0.2995,-0.43689,-0.51916,-0.53248,-0.48984,-0.41248,-0.32397
-0.10729,0.22901,0.5225,0.59166,0.45888,0.28364,0.19651,0.21037,0.25453,0.25311,0.178,0.065251,-0.011123,-0.0015523,0.081341,0.19351,0.29903,0.38034,0.429,0.4404,0.41754,0.37619,0.34184,0.33907,0.37486,0.43545,0.48399,0.4839,0.41355,0.27763,0.093668,-0.12116,-0.35155,-0.57997,-0.78275,-0.93196,-1.0004,-0.97528,-0.86847,-0.71819,-0.56849,-0.45085,-0.37715,-0.33692,-0.30247,-0.23719,-0.11597,0.057445,0.25054,0.42026,0.54101,0.61514,0.6703,0.74559,0.87424,1.061,1.274,1.4517,1.5272,1.4634,1.2744,1.0248,0.78434,0.59597,0.46907,0.39181,0.34461,0.30661,0.25882,0.18169,0.060683,-0.10615,-0.30272,-0.49619,-0.6467,-0.72165,-0.71617,-0.64165,-0.52561,-0.39799
-0.28355,0.044422,0.37589,0.50653,0.42985,0.29216,0.23701,0.28575,0.3677,0.39722,0.33724,0.22147,0.12711,0.11704,0.1933,0.31195,0.43194,0.5273,0.57992,0.57747,0.52245,0.43994,0.37188,0.35858,0.41504,0.51869,0.61525,0.6447,0.57249,0.39993,0.15487,-0.128,-0.41327,-0.67158,-0.87561,-1.0087,-1.057,-1.021,-0.91783,-0.77783,-0.63627,-0.51827,-0.43962,-0.39892,-0.37594,-0.34051,-0.26032,-0.12452,0.047531,0.22168,0.36919,0.48416,0.58249,0.6916,0.83062,1.0004,1.1742,1.3018,1.3285,1.2257,1.019,0.77006,0.54393,0.37531,0.26574,0.19977,0.1609,0.12953,0.088755,0.018389,-0.099117,-0.26799,-0.47061,-0.66839,-0.8147,-0.87546,-0.84424,-0.739,-0.59258,-0.43709
-0.42736,-0.1115,0.24465,0.42209,0.38967,0.28324,0.25088,0.3226,0.42886,0.48077,0.43785,0.32845,0.23102,0.21307,0.28539,0.40579,0.53036,0.62887,0.67909,0.66415,0.58506,0.47272,0.38044,0.35864,0.4281,0.56027,0.68801,0.73636,0.66182,0.46438,0.17837,-0.14696,-0.45931,-0.71964,-0.90455,-1.0067,-1.0298,-0.98358,-0.88897,-0.76867,-0.64502,-0.53996,-0.46475,-0.42377,-0.40974,-0.39526,-0.35256,-0.26029,-0.11841,0.044622,0.20297,0.3431,0.46997,0.59674,0.73975,0.89339,1.0319,1.1132,1.0967,0.9698,0.75899,0.52721,0.328,0.18408,0.091605,0.036351,0.004734,-0.018556,-0.049628,-0.1099,-0.21806,-0.3781,-0.57117,-0.75766,-0.89079,-0.93564,-0.88856,-0.76829,-0.60747,-0.43768
-0.63356,-0.33783,0.04756,0.28773,0.31546,0.25075,0.24337,0.33999,0.47428,0.5574,0.54372,0.45506,0.36526,0.34633,0.41333,0.5312,0.65486,0.74994,0.7899,0.75435,0.6435,0.49437,0.37324,0.34325,0.42845,0.59303,0.75433,0.82257,0.7446,0.51995,0.18924,-0.17944,-0.51588,-0.76478,-0.90711,-0.95391,-0.9331,-0.87159,-0.7861,-0.69006,-0.59399,-0.50733,-0.4425,-0.40776,-0.40425,-0.42169,-0.43258,-0.40553,-0.32232,-0.18559,-0.022622,0.14082,0.29142,0.42985,0.55498,0.66432,0.74146,0.75923,0.69307,0.54168,0.34411,0.15103,0.00078578,-0.097864,-0.15618,-0.18906,-0.20653,-0.21699,-0.23316,-0.27426,-0.35878,-0.49157,-0.65471,-0.81,-0.91329,-0.93351,-0.86898,-0.73834,-0.57141,-0.39582
-0.79711,-0.51677,-0.11122,0.17456,0.24586,0.20936,0.21799,0.32695,0.47987,0.5882,0.6019,0.53698,0.46083,0.44362,0.50613,0.61732,0.73491,0.82418,0.8547,0.80283,0.66926,0.49551,0.35572,0.32064,0.41634,0.60114,0.78152,0.86071,0.78032,0.53974,0.18579,-0.20498,-0.54871,-0.78223,-0.88697,-0.88704,-0.82783,-0.74931,-0.67158,-0.59752,-0.52387,-0.45016,-0.38653,-0.34772,-0.34493,-0.37987,-0.43091,-0.45973,-0.42966,-0.32927,-0.17835,-0.010157,0.1484,0.28236,0.38815,0.45802,0.48045,0.44056,0.3306,0.16508,-0.014966,-0.16515,-0.26435,-0.31849,-0.34518,-0.35844,-0.3633,-0.36343,-0.36588,-0.38652,-0.44322,-0.54244,-0.66933,-0.78969,-0.86404,-0.8659,-0.79361,-0.66391,-0.50284,-0.33391
-1.0234,-0.76168,-0.33101,0.011546,0.13677,0.13203,0.1544,0.27346,0.44876,0.59383,0.6513,0.62546,0.57202,0.55805,0.60941,0.70586,0.81046,0.88861,0.90657,0.83584,0.67605,0.47443,0.31461,0.27541,0.38371,0.5909,0.79296,0.884,0.80257,0.54798,0.17387,-0.23441,-0.5785,-0.78736,-0.84148,-0.78152,-0.66994,-0.56297,-0.48729,-0.43675,-0.38991,-0.33295,-0.26841,-0.21729,-0.20601,-0.24889,-0.33653,-0.42826,-0.47015,-0.42905,-0.3135,-0.16339,-0.020925,0.086619,0.14467,0.14848,0.093696,-0.021619,-0.18635,-0.36645,-0.51422,-0.59884,-0.62362,-0.6138,-0.59379,-0.57551,-0.5594,-0.54198,-0.5232,-0.51352,-0.52755,-0.57222,-0.6379,-0.69973,-0.72865,-0.706,-0.62922,-0.51094,-0.36936,-0.22025
-1.2558,-1.0062,-0.55249,-0.16023,0.010155,0.028316,0.05452,0.17684,0.37215,0.55889,0.66732,0.68522,0.65728,0.64385,0.67791,0.75332,0.83934,0.90211,0.90621,0.82081,0.64396,0.42505,0.25403,0.21559,0.33546,0.55936,0.77804,0.88004,0.80249,0.5458,0.16319,-0.25118,-0.59064,-0.77242,-0.78014,-0.66354,-0.50347,-0.36837,-0.28641,-0.24724,-0.21971,-0.17557,-0.11186,-0.048505,-0.01915,-0.053187,-0.15111,-0.27948,-0.37998,-0.40345,-0.34486,-0.23895,-0.13485,-0.072683,-0.072875,-0.14433,-0.2843,-0.4785,-0.69532,-0.88511,-0.99787,-1.0189,-0.97192,-0.89615,-0.82288,-0.76692,-0.72813,-0.69417,-0.65893,-0.6216,-0.58964,-0.57135,-0.56633,-0.5628,-0.54389,-0.49682,-0.41992,-0.31982,-0.20579,-0.084987
-1.4315,-1.1851,-0.71502,-0.29325,-0.09608,-0.06788,-0.044439,0.076745,0.28706,0.50695,0.65568,0.70786,0.69702,0.68145,0.70037,0.75561,0.8229,0.87034,0.86262,0.76889,0.587,0.36625,0.19704,0.16397,0.29129,0.52255,0.74827,0.85762,0.78902,0.54115,0.16622,-0.24133,-0.5726,-0.73676,-0.71541,-0.56113,-0.36766,-0.21319,-0.13001,-0.10359,-0.091624,-0.05747,0.01017,0.089536,0.13937,0.12292,0.029442,-0.11187,-0.2422,-0.30783,-0.29515,-0.23548,-0.17729,-0.16184,-0.21201,-0.33451,-0.52601,-0.76897,-1.0219,-1.219,-1.3119,-1.2905,-1.1958,-1.08,-0.97747,-0.89966,-0.8435,-0.79672,-0.74567,-0.6866,-0.62398,-0.56468,-0.51141,-0.46053,-0.40473,-0.33893,-0.25931,-0.16936,-0.073192,0.026453
-1.6631,-1.4131,-0.92337,-0.47304,-0.2519,-0.21961,-0.20849,-0.092689,0.13998,0.40631,0.61066,0.70684,0.71319,0.68944,0.68413,0.70853,0.74585,0.76841,0.7431,0.64105,0.4617,0.25336,0.10163,0.084245,0.22161,0.45846,0.68854,0.80857,0.75769,0.53491,0.18998,-0.18951,-0.49337,-0.63215,-0.58163,-0.3972,-0.17663,-0.0053099,0.07703,0.087631,0.077361,0.093712,0.15867,0.25289,0.33032,0.34833,0.28326,0.15173,0.0044012,-0.10596,-0.15282,-0.15564,-0.16011,-0.2082,-0.32687,-0.52313,-0.78301,-1.0738,-1.3446,-1.5396,-1.6078,-1.5605,-1.4382,-1.2881,-1.1465,-1.0341,-0.95474,-0.89561,-0.84067,-0.77172,-0.68075,-0.57239,-0.45756,-0.34568,-0.24164,-0.1461,-0.059896,0.017983,0.09035,0.1618
-1.8869,-1.6218,-1.1186,-0.65226,-0.42227,-0.39627,-0.40496,-0.29626,-0.040078,0.27549,0.5325,0.66509,0.68154,0.64126,0.60539,0.59656,0.60291,0.5985,0.5539,0.44585,0.2775,0.094599,-0.026834,-0.019904,0.13001,0.37215,0.60951,0.74672,0.72645,0.54556,0.24806,-0.085334,-0.35167,-0.46365,-0.39307,-0.19438,0.036991,0.20962,0.2844,0.27609,0.23808,0.2294,0.27767,0.37215,0.47214,0.52569,0.50442,0.41001,0.27494,0.14692,0.050344,-0.021785,-0.099769,-0.21788,-0.39398,-0.63034,-0.91389,-1.2159,-1.4902,-1.6783,-1.7489,-1.7013,-1.5738,-1.4142,-1.2598,-1.1323,-1.0376,-0.97417,-0.91958,-0.84987,-0.74793,-0.61169,-0.45316,-0.29038,-0.13925,-0.010626,0.092466,0.17208,0.2331,0.28291
-2.0455,-1.7634,-1.2527,-0.78405,-0.55661,-0.54265,-0.56936,-0.46638,-0.19087,0.16151,0.45451,0.60752,0.62429,0.56717,0.50524,0.47044,0.45457,0.43085,0.37141,0.25897,0.10173,-0.056519,-0.14879,-0.11938,0.043297,0.29179,0.53866,0.69499,0.70696,0.56799,0.31659,0.026582,-0.20598,-0.29478,-0.21192,-0.0060621,0.22394,0.38762,0.44124,0.40467,0.33554,0.30008,0.33274,0.42636,0.54103,0.62322,0.63665,0.57457,0.45988,0.33091,0.21179,0.099165,-0.029507,-0.19535,-0.41412,-0.67593,-0.9605,-1.2402,-1.4831,-1.6536,-1.7291,-1.7087,-1.6105,-1.4658,-1.3093,-1.1712,-1.0689,-1.0053,-0.96372,-0.91193,-0.81924,-0.67424,-0.4893,-0.2905,-0.10397,0.053347,0.17292,0.25606,0.31057,0.34783
-2.2379,-1.9272,-1.4117,-0.95075,-0.73704,-0.7472,-0.79972,-0.70416,-0.40249,-0.0042837,0.32878,0.49857,0.50513,0.41887,0.3205,0.25101,0.20559,0.15672,0.077222,-0.042735,-0.18529,-0.30618,-0.35112,-0.28094,-0.092791,0.17066,0.43541,0.62421,0.6877,0.61698,0.44019,0.21949,0.038357,-0.021561,0.07017,0.27322,0.49103,0.63214,0.65137,0.56885,0.45002,0.36395,0.35964,0.43948,0.56492,0.68597,0.75356,0.74529,0.66942,0.54759,0.40451,0.24697,0.065568,-0.1536,-0.40627,-0.68193,-0.95545,-1.1984,-1.3897,-1.5235,-1.5973,-1.6083,-1.5586,-1.4584,-1.3286,-1.1981,-1.0941,-1.0351,-1.0105,-0.98756,-0.92411,-0.79217,-0.5948,-0.36174,-0.13082,0.067712,0.21789,0.32003,0.38131,0.413
-2.3646,-2.0287,-1.5129,-1.064,-0.86664,-0.89847,-0.97099,-0.87995,-0.55956,-0.1314,0.22338,0.39786,0.39068,0.27807,0.15143,0.05681,-0.01109,-0.080656,-0.17696,-0.30444,-0.43764,-0.52953,-0.53428,-0.42654,-0.21222,0.068721,0.35214,0.57027,0.67858,0.66535,0.55227,0.38877,0.24962,0.2085,0.30125,0.49013,0.68846,0.80469,0.79713,0.6832,0.52598,0.40118,0.36045,0.4164,0.54225,0.68288,0.78882,0.82632,0.78506,0.68206,0.53157,0.34289,0.11788,-0.13956,-0.42119,-0.69689,-0.93618,-1.1206,-1.254,-1.351,-1.4317,-1.4841,-1.4858,-1.4259,-1.3176,-1.1939,-1.0912,-1.0395,-1.0376,-1.0504,-1.0228,-0.91138,-0.71074,-0.45382,-0.18904,0.044148,0.22142,0.33795,0.40168,0.4273
-2.5037,-2.1314,-1.6172,-1.1891,-1.0191,-1.0835,-1.1828,-1.096,-0.75235,-0.29376,0.078009,0.24653,0.21321,0.062387,-0.10424,-0.23264,-0.32948,-0.42729,-0.54931,-0.69038,-0.81283,-0.86518,-0.81268,-0.64882,-0.39317,-0.081113,0.23515,0.50115,0.67491,0.74166,0.71162,0.62129,0.5331,0.51514,0.60555,0.77558,0.94413,1.0236,0.97174,0.80795,0.59672,0.4173,0.32953,0.35617,0.47789,0.64407,0.79422,0.88053,0.88107,0.79486,0.63843,0.42545,0.16502,-0.13085,-0.43456,-0.71125,-0.92063,-1.0428,-1.0981,-1.1411,-1.2053,-1.2878,-1.3518,-1.3589,-1.298,-1.1941,-1.0954,-1.0465,-1.0626,-1.1171,-1.1463,-1.0834,-0.90122,-0.62812,-0.32403,-0.046419,0.17113,0.31797,0.39919,0.42819
-2.6032,-2.1919,-1.6811,-1.2758,-1.1346,-1.2303,-1.3552,-1.2696,-0.90822,-0.43305,-0.060882,0.089159,0.022134,-0.17033,-0.37752,-0.53955,-0.66329,-0.78675,-0.93528,-1.0945,-1.211,-1.2274,-1.1202,-0.90217,-0.60129,-0.25093,0.10882,0.43109,0.67588,0.82048,0.86539,0.83845,0.79194,0.7916,0.87505,1.0234,1.1592,1.2007,1.1058,0.89654,0.63935,0.41165,0.27916,0.27318,0.38389,0.56565,0.7533,0.88595,0.92358,0.85762,0.6952,0.45285,0.15084,-0.18098,-0.50761,-0.77326,-0.93207,-0.97714,-0.95784,-0.95114,-1.0119,-1.1321,-1.2541,-1.3156,-1.289,-1.1965,-1.0978,-1.0476,-1.0813,-1.1789,-1.2678,-1.2577,-1.099,-0.81527,-0.47901,-0.16104,0.091266,0.26181,0.35567,0.38779
-2.6487,-2.2088,-1.7008,-1.3108,-1.1881,-1.3045,-1.4436,-1.3574,-0.98828,-0.51145,-0.1501,-0.021705,-0.11862,-0.34446,-0.58276,-0.76925,-0.91126,-1.0508,-1.2162,-1.3898,-1.508,-1.5048,-1.3609,-1.103,-0.76588,-0.38383,0.010094,0.3742,0.66932,0.86777,0.96372,0.9782,0.95779,0.96408,1.0373,1.1622,1.2701,1.283,1.1636,0.93215,0.65101,0.39814,0.23787,0.20878,0.31,0.49841,0.7061,0.8624,0.91938,0.85951,0.6892,0.42918,0.10665,-0.24561,-0.57665,-0.82984,-0.9596,-0.96389,-0.9022,-0.8668,-0.92112,-1.0566,-1.2091,-1.3034,-1.2999,-1.2158,-1.1118,-1.0587,-1.0965,-1.2113,-1.3317,-1.3594,-1.229,-0.95219,-0.60201,-0.26237,0.015126,0.20689,0.31368,0.34855
-2.6685,-2.1931,-1.6871,-1.3109,-1.2061,-1.3432,-1.4943,-1.4074,-1.0362,-0.5721,-0.23804,-0.14736,-0.28775,-0.55884,-0.83853,-1.0573,-1.22,-1.3733,-1.5536,-1.7459,-1.8751,-1.8589,-1.6756,-1.3667,-0.98178,-0.55788,-0.12295,0.28943,0.64197,0.90205,1.057,1.1167,1.1209,1.1272,1.1804,1.2728,1.345,1.3246,1.1765,0.92126,0.62029,0.34776,0.16904,0.1245,0.21699,0.40775,0.62514,0.79468,0.86242,0.805,0.62892,0.35462,0.011962,-0.3546,-0.6911,-0.93012,-1.0214,-0.9731,-0.86574,-0.80841,-0.86708,-1.0292,-1.2178,-1.3425,-1.3516,-1.2596,-1.1386,-1.0629,-1.0902,-1.2163,-1.3704,-1.442,-1.347,-1.0852,-0.73129,-0.37558,-0.081172,0.12379,0.23829,0.27483
-2.643,-2.1353,-1.6263,-1.2546,-1.1581,-1.3068,-1.4632,-1.3765,-1.0148,-0.57678,-0.28082,-0.232,-0.41614,-0.73178,-1.0539,-1.3038,-1.4831,-1.6415,-1.8251,-2.0276,-2.1705,-2.1555,-1.9515,-1.6043,-1.1799,-0.72051,-0.25306,0.19502,0.58806,0.89424,1.092,1.1845,1.2031,1.2027,1.2297,1.2868,1.3232,1.2731,1.1042,0.83729,0.53226,0.25777,0.075515,0.025136,0.11235,0.30216,0.52481,0.70092,0.76967,0.7047,0.50999,0.21375,-0.1419,-0.507,-0.81724,-1.012,-1.0568,-0.97435,-0.85165,-0.798,-0.87653,-1.0652,-1.2779,-1.4152,-1.4208,-1.3114,-1.1584,-1.0581,-1.0655,-1.1799,-1.3356,-1.4257,-1.3615,-1.1308,-0.79832,-0.45063,-0.16036,0.044601,0.16002,0.19563
-2.5969,-2.0664,-1.5511,-1.1767,-1.0813,-1.2318,-1.3876,-1.3031,-0.95494,-0.5432,-0.27827,-0.26009,-0.47439,-0.8221,-1.1766,-1.4509,-1.6415,-1.7979,-1.9731,-2.1709,-2.3182,-2.3105,-2.1056,-1.7468,-1.307,-0.83338,-0.35209,0.11207,0.5264,0.8577,1.0795,1.1891,1.2125,1.2016,1.2049,1.2319,1.2398,1.1692,0.98946,0.72125,0.42123,0.15498,-0.019429,-0.064074,0.025272,0.21469,0.43379,0.6032,0.66346,0.58726,0.38221,0.080755,-0.27028,-0.61725,-0.89432,-1.048,-1.0552,-0.95079,-0.82749,-0.79141,-0.8965,-1.1114,-1.3423,-1.484,-1.4777,-1.3424,-1.1618,-1.0267,-1.0022,-1.0953,-1.2462,-1.349,-1.3093,-1.1059,-0.79761,-0.47265,-0.1949,0.00081873,0.10882,0.13798
-2.504,-1.9439,-1.4164,-1.0318,-0.93092,-1.0785,-1.2312,-1.151,-0.82689,-0.45254,-0.2274,-0.24416,-0.4921,-0.87872,-1.2751,-1.5856,-1.7905,-1.9351,-2.0826,-2.2555,-2.3972,-2.4026,-2.2149,-1.869,-1.4349,-0.96548,-0.48622,-0.017145,0.41375,0.76769,1.0138,1.138,1.1597,1.1269,1.0936,1.0775,1.0484,0.95314,0.76425,0.49972,0.21203,-0.035916,-0.19053,-0.21878,-0.11907,0.069646,0.27895,0.43442,0.47855,0.38828,0.17593,-0.12244,-0.45446,-0.75474,-0.96839,-1.0493,-0.99345,-0.85641,-0.7406,-0.74396,-0.90057,-1.1609,-1.4129,-1.5446,-1.5058,-1.3311,-1.1075,-0.93647,-0.87894,-0.93925,-1.0624,-1.1553,-1.1348,-0.97776,-0.72718,-0.44993,-0.21387,-0.046017,0.047078,0.070527
-2.4151,-1.8341,-1.2947,-0.89935,-0.79123,-0.93402,-1.0831,-1.0082,-0.70317,-0.35672,-0.15759,-0.1955,-0.46246,-0.87215,-1.2984,-1.6369,-1.8517,-1.9807,-2.0951,-2.2358,-2.3637,-2.3806,-2.22,-1.9027,-1.4923,-1.0427,-0.57934,-0.11897,0.31261,0.67471,0.93017,1.0593,1.0747,1.0234,0.96146,0.91459,0.85949,0.74723,0.55202,0.29024,0.0136,-0.22093,-0.36177,-0.37786,-0.26955,-0.07355,0.14055,0.29413,0.32997,0.22477,-0.0032832,-0.30364,-0.60949,-0.85916,-0.99302,-0.99325,-0.88369,-0.7325,-0.63489,-0.67305,-0.86741,-1.1531,-1.4149,-1.5425,-1.4879,-1.2875,-1.0383,-0.83315,-0.73704,-0.76278,-0.86618,-0.96224,-0.96763,-0.8499,-0.64108,-0.409,-0.20227,-0.055984,0.020486,0.031506
-2.279,-1.6724,-1.1142,-0.70285,-0.58464,-0.71906,-0.86389,-0.79645,-0.51656,-0.2033,-0.032416,-0.090122,-0.37211,-0.80318,-1.2629,-1.6363,-1.8624,-1.9646,-2.0228,-2.1049,-2.2035,-2.2387,-2.1326,-1.8779,-1.5211,-1.1156,-0.6892,-0.25576,0.16207,0.52389,0.78359,0.91439,0.92148,0.84793,0.7494,0.66013,0.56687,0.43099,0.2277,-0.028261,-0.29276,-0.51132,-0.63573,-0.63557,-0.511,-0.30353,-0.085546,0.064784,0.090678,-0.022199,-0.2472,-0.52604,-0.78541,-0.95258,-0.99085,-0.89589,-0.71118,-0.52138,-0.42767,-0.50282,-0.74531,-1.0713,-1.3454,-1.4539,-1.3651,-1.1347,-0.85883,-0.63572,-0.52119,-0.5223,-0.59875,-0.68037,-0.7009,-0.63221,-0.49285,-0.32299,-0.17387,-0.067449,-0.011587,-0.0048775
-2.133,-1.5017,-0.92439,-0.49676,-0.36916,-0.49765,-0.64001,-0.5811,-0.32311,-0.03555,0.11518,0.047968,-0.2381,-0.67929,-1.1632,-1.5639,-1.7973,-1.8691,-1.8651,-1.8802,-1.9426,-1.9953,-1.9536,-1.7799,-1.4998,-1.1585,-0.78426,-0.39,0.0053918,0.35997,0.62065,0.75085,0.74962,0.65509,0.52424,0.39602,0.26862,0.11206,-0.097689,-0.35112,-0.61295,-0.82961,-0.95204,-0.94396,-0.80304,-0.57475,-0.33778,-0.17627,-0.14739,-0.26418,-0.49001,-0.75072,-0.95732,-1.0402,-0.96668,-0.76517,-0.50613,-0.28331,-0.18949,-0.28383,-0.54811,-0.8862,-1.1616,-1.2644,-1.1665,-0.92547,-0.64452,-0.40927,-0.27782,-0.26207,-0.32965,-0.41906,-0.46868,-0.44677,-0.36176,-0.24974,-0.14105,-0.061207,-0.020332,-0.018747
-2.024,-1.3748,-0.78247,-0.34454,-0.21136,-0.33687,-0.47965,-0.42936,-0.18508,0.088754,0.23119,0.16321,-0.11935,-0.56154,-1.0566,-1.4711,-1.7062,-1.7551,-1.706,-1.6722,-1.7059,-1.7672,-1.7722,-1.6664,-1.4564,-1.1749,-0.84767,-0.48473,-0.10666,0.24111,0.50085,0.62973,0.62218,0.51491,0.36613,0.21918,0.076725,-0.090781,-0.30706,-0.56798,-0.8376,-1.0669,-1.2001,-1.1945,-1.0449,-0.79585,-0.53408,-0.35374,-0.31607,-0.42999,-0.65278,-0.89829,-1.0689,-1.0947,-0.95329,-0.68414,-0.36916,-0.10979,-0.0011653,-0.093977,-0.36674,-0.71021,-0.9797,-1.0695,-0.9643,-0.72929,-0.45682,-0.23703,-0.11788,-0.10671,-0.17332,-0.26443,-0.3277,-0.33453,-0.28778,-0.20868,-0.12969,-0.068655,-0.033784,-0.025487
-1.8862,-1.2151,-0.60278,-0.15354,-0.015967,-0.14037,-0.28722,-0.24973,-0.021857,0.24086,0.38149,0.32125,0.050331,-0.3859,-0.88645,-1.3117,-1.5447,-1.564,-1.4605,-1.3675,-1.3639,-1.4326,-1.4965,-1.4868,-1.3794,-1.1847,-0.9187,-0.59363,-0.23646,0.10079,0.35603,0.48462,0.47818,0.36955,0.2129,0.052462,-0.10574,-0.28729,-0.51582,-0.79126,-1.0828,-1.3386,-1.4957,-1.5008,-1.3412,-1.0703,-0.78612,-0.58825,-0.53782,-0.64085,-0.84391,-1.0583,-1.1861,-1.1528,-0.94445,-0.60815,-0.23267,0.075731,0.2213,0.15221,-0.098615,-0.42489,-0.68712,-0.7836,-0.69641,-0.48388,-0.23951,-0.039889,0.062705,0.056843,-0.030552,-0.14739,-0.24037,-0.27863,-0.26191,-0.21156,-0.14923,-0.093936,-0.053609,-0.02828
-1.793,-1.1078,-0.48119,-0.024926,0.11382,-0.010363,-0.16289,-0.13705,0.079952,0.33745,0.4822,0.43327,0.17549,-0.25144,-0.75027,-1.1793,-1.4093,-1.4083,-1.2686,-1.1357,-1.1058,-1.1782,-1.2827,-1.3421,-1.3109,-1.1808,-0.95863,-0.65891,-0.31471,0.015984,0.27017,0.40247,0.40515,0.30631,0.15644,-0.0049312,-0.17006,-0.35918,-0.59877,-0.88848,-1.2024,-1.4861,-1.671,-1.6938,-1.5362,-1.2516,-0.94747,-0.73111,-0.6671,-0.7621,-0.96183,-1.1712,-1.2829,-1.2223,-0.97043,-0.58367,-0.16035,0.18892,0.36848,0.33033,0.10208,-0.20894,-0.46569,-0.56892,-0.50096,-0.31717,-0.102,0.064619,0.13648,0.1052,-0.0019079,-0.13528,-0.24488,-0.30053,-0.29928,-0.25723,-0.19801,-0.13819,-0.085817,-0.040457
-1.6879,-0.98588,-0.34311,0.1202,0.26039,0.13468,-0.026304,-0.017359,0.18342,0.43699,0.59095,0.56074,0.3264,-0.082155,-0.573,-1.0017,-1.2266,-1.2035,-1.0226,-0.8421,-0.78012,-0.85649,-1.0087,-1.1482,-1.2083,-1.157,-0.98858,-0.71848,-0.38731,-0.059852,0.19899,0.34248,0.36181,0.28319,0.154,0.0091169,-0.14692,-0.33849,-0.58988,-0.90297,-1.2501,-1.5771,-1.8089,-1.8689,-1.7259,-1.435,-1.1123,-0.87885,-0.80701,-0.89502,-1.0885,-1.2906,-1.3938,-1.3143,-1.0366,-0.60826,-0.12938,0.282,0.52249,0.53691,0.35231,0.067223,-0.18792,-0.31503,-0.28925,-0.15494,0.007751,0.12872,0.15867,0.087207,-0.058658,-0.22689,-0.36344,-0.43531,-0.43936,-0.39361,-0.32122,-0.24022,-0.15839,-0.074149
-1.6105,-0.89415,-0.23697,0.23135,0.37244,0.24586,0.077565,0.068822,0.25214,0.50183,0.66538,0.65587,0.44817,0.064393,-0.41084,-0.83377,-1.0556,-1.0174,-0.8035,-0.58264,-0.4919,-0.56739,-0.75404,-0.95733,-1.0936,-1.1093,-0.986,-0.73814,-0.41559,-0.087459,0.17854,0.33857,0.38307,0.33672,0.24033,0.1224,-0.018302,-0.20956,-0.47253,-0.8093,-1.1879,-1.554,-1.8236,-1.9129,-1.7899,-1.5085,-1.1968,-0.97717,-0.91385,-1.012,-1.2087,-1.4102,-1.5126,-1.4337,-1.1387,-0.67425,-0.14229,0.3317,0.63612,0.71015,0.56838,0.30483,0.0443,-0.11548,-0.14255,-0.070058,0.034405,0.097532,0.075864,-0.040751,-0.22619,-0.4284,-0.59037,-0.67391,-0.67229,-0.60618,-0.50236,-0.38405,-0.26325,-0.13856
-1.5727,-0.84805,-0.18116,0.29143,0.43374,0.30778,0.13462,0.11295,0.28325,0.52906,0.70017,0.70687,0.51933,0.15666,-0.3026,-0.71945,-0.94155,-0.898,-0.66651,-0.4212,-0.30983,-0.37847,-0.57891,-0.81674,-0.99904,-1.0569,-0.95952,-0.72314,-0.40436,-0.075707,0.19521,0.36995,0.44008,0.42592,0.35835,0.25934,0.1235,-0.071027,-0.34474,-0.69309,-1.0871,-1.4685,-1.758,-1.8719,-1.7714,-1.5137,-1.2199,-1.0129,-0.96372,-1.0697,-1.2763,-1.4904,-1.6059,-1.5349,-1.2389,-0.75471,-0.18466,0.33953,0.69659,0.81607,0.70486,0.44971,0.17443,-0.017977,-0.086726,-0.057636,0.0022828,0.028037,-0.030799,-0.18558,-0.40815,-0.64098,-0.82068,-0.90578,-0.89133,-0.80182,-0.66942,-0.52096,-0.36832,-0.20884
-1.5506,-0.81744,-0.1395,0.33907,0.48547,0.36415,0.18665,0.14807,0.30093,0.54045,0.72199,0.74999,0.58942,0.25548,-0.18276,-0.59185,-0.81619,-0.77193,-0.52604,-0.25386,-0.11334,-0.16303,-0.36516,-0.63051,-0.85651,-0.95775,-0.88922,-0.66505,-0.34806,-0.017364,0.26525,0.46284,0.56616,0.58745,0.54936,0.46709,0.33556,0.13634,-0.14737,-0.5085,-0.91597,-1.3122,-1.6165,-1.7468,-1.6703,-1.4418,-1.1853,-1.0196,-1.0061,-1.1392,-1.3603,-1.584,-1.7147,-1.6615,-1.376,-0.87812,-0.26596,0.31894,0.74113,0.91437,0.84121,0.59703,0.30052,0.058483,-0.075235,-0.11145,-0.10589,-0.13004,-0.23175,-0.42572,-0.68588,-0.95305,-1.1569,-1.2465,-1.2128,-1.0869,-0.9074,-0.71182,-0.51803,-0.32357
-1.5601,-0.82274,-0.13503,0.35056,0.50485,0.39353,0.21566,0.16251,0.29831,0.53254,0.7229,0.77177,0.63839,0.33076,-0.089563,-0.49415,-0.72518,-0.6866,-0.4335,-0.13929,0.030933,0.007588,-0.18147,-0.45109,-0.69509,-0.81764,-0.76585,-0.55339,-0.24424,0.085393,0.37815,0.59818,0.72887,0.77441,0.75064,0.67208,0.53697,0.32785,0.035286,-0.33563,-0.74924,-1.1496,-1.4541,-1.5855,-1.5207,-1.3224,-1.1097,-0.99069,-1.0175,-1.1793,-1.42,-1.6606,-1.8108,-1.7814,-1.508,-0.99948,-0.35309,0.27999,0.75139,0.96821,0.91482,0.66677,0.34354,0.057676,-0.1275,-0.2135,-0.25145,-0.30844,-0.44104,-0.66721,-0.95992,-1.2545,-1.4738,-1.5628,-1.5126,-1.3524,-1.1375,-0.90537,-0.67528,-0.44661
-1.587,-0.84872,-0.15415,0.33693,0.50101,0.40108,0.22778,0.1666,0.29034,0.5197,0.71566,0.77875,0.66469,0.37503,-0.034554,-0.43986,-0.67976,-0.64924,-0.39407,-0.08528,0.10708,0.10612,-0.065916,-0.32617,-0.56718,-0.69101,-0.64409,-0.43998,-0.14115,0.18418,0.48235,0.7162,0.86436,0.92178,0.89979,0.81156,0.65944,0.43395,0.12701,-0.25033,-0.66365,-1.0545,-1.3461,-1.469,-1.4072,-1.2267,-1.0414,-0.9522,-1.0064,-1.186,-1.4368,-1.6851,-1.8482,-1.8364,-1.5845,-1.0871,-0.4325,0.22603,0.73047,0.97139,0.93579,0.68731,0.34326,0.021444,-0.20378,-0.32314,-0.38205,-0.45215,-0.59103,-0.82235,-1.1242,-1.4329,-1.6656,-1.7576,-1.695,-1.5161,-1.2745,-1.0181,-0.77014,-0.52996
-1.6453,-0.90928,-0.20676,0.29349,0.47572,0.3991,0.23903,0.17387,0.28383,0.50492,0.70532,0.78345,0.69171,0.42336,0.025148,-0.38556,-0.64334,-0.63059,-0.37902,-0.055394,0.16465,0.19597,0.054524,-0.17962,-0.40094,-0.51298,-0.46359,-0.26694,0.020324,0.3392,0.64025,0.88465,1.043,1.1017,1.0675,0.95315,0.76775,0.50973,0.17942,-0.20753,-0.6167,-0.98811,-1.2534,-1.3535,-1.2829,-1.1114,-0.94865,-0.88844,-0.96717,-1.1673,-1.4298,-1.6855,-1.8615,-1.8763,-1.6531,-1.1745,-0.51995,0.15281,0.67517,0.93443,0.90103,0.6418,0.2757,-0.075848,-0.33248,-0.47742,-0.55217,-0.62221,-0.75385,-0.97731,-1.275,-1.5834,-1.8162,-1.9054,-1.8356,-1.6418,-1.3883,-1.1218,-0.86602,-0.62139
-1.7027,-0.97071,-0.26275,0.24612,0.44465,0.39043,0.24779,0.18632,0.28916,0.50245,0.70124,0.78635,0.70858,0.45446,0.064401,-0.35103,-0.62649,-0.63437,-0.39259,-0.062865,0.1753,0.23122,0.11672,-0.091514,-0.29048,-0.38728,-0.33195,-0.13719,0.14546,0.46066,0.76154,1.0074,1.1641,1.2143,1.1613,1.0207,0.80435,0.51607,0.16254,-0.23743,-0.64351,-0.99944,-1.2383,-1.3115,-1.2246,-1.0515,-0.89552,-0.84223,-0.92643,-1.1265,-1.3908,-1.6532,-1.8411,-1.8753,-1.6761,-1.2213,-0.58451,0.080862,0.60531,0.86755,0.83806,0.57809,0.20335,-0.16478,-0.44149,-0.60245,-0.67889,-0.74414,-0.85876,-1.0577,-1.3315,-1.6238,-1.8503,-1.938,-1.8657,-1.6714,-1.414,-1.1464,-0.895,-0.66065
-1.7914,-1.0653,-0.35235,0.16822,0.39117,0.37238,0.26392,0.21813,0.31665,0.51665,0.70615,0.79385,0.72925,0.49321,0.11402,-0.30812,-0.6113,-0.65531,-0.43791,-0.11037,0.14494,0.23021,0.15166,-0.018198,-0.18152,-0.25084,-0.18119,0.016509,0.29675,0.6095,0.91009,1.154,1.3012,1.3299,1.2411,1.0527,0.78257,0.44441,0.052997,-0.36564,-0.76717,-1.0966,-1.2922,-1.3185,-1.1974,-1.0052,-0.8434,-0.78853,-0.86772,-1.0583,-1.3117,-1.5709,-1.7724,-1.8355,-1.6815,-1.271,-0.66532,-0.016616,0.4995,0.75838,0.72263,0.45158,0.062011,-0.32114,-0.60813,-0.77042,-0.84122,-0.88325,-0.96663,-1.1295,-1.3643,-1.6176,-1.811,-1.8788,-1.8032,-1.615,-1.3728,-1.1243,-0.89333,-0.68175
-1.8841,-1.1657,-0.45041,0.080718,0.32927,0.35117,0.2878,0.27165,0.37307,0.55773,0.73038,0.81144,0.75365,0.53257,0.16349,-0.26533,-0.59722,-0.68248,-0.50023,-0.18902,0.069716,0.17315,0.12235,-0.013359,-0.14026,-0.17611,-0.083203,0.12664,0.41121,0.72565,1.0271,1.2656,1.3979,1.3969,1.2644,1.0183,0.68559,0.29085,-0.14101,-0.57518,-0.96823,-1.262,-1.4076,-1.3838,-1.2213,-1.0021,-0.82034,-0.74631,-0.80385,-0.97626,-1.2188,-1.4771,-1.6888,-1.7783,-1.6608,-1.2974,-0.73926,-0.12758,0.36664,0.61341,0.57435,0.30324,-0.088903,-0.48065,-0.78038,-0.95164,-1.016,-1.0392,-1.085,-1.1953,-1.3707,-1.5678,-1.7178,-1.7611,-1.68,-1.5025,-1.2811,-1.0561,-0.8502,-0.66644
-1.9494,-1.2384,-0.52351,0.014924,0.28086,0.33423,0.31008,0.32465,0.43421,0.6074,0.76285,0.83274,0.77491,0.56105,0.19745,-0.23509,-0.58535,-0.7016,-0.55107,-0.26125,-0.01143,0.09366,0.053827,-0.063439,-0.16537,-0.17467,-0.057089,0.17083,0.46731,0.78715,1.0869,1.3179,1.4339,1.408,1.2411,0.95373,0.5777,0.14284,-0.31594,-0.76163,-1.1458,-1.4153,-1.5242,-1.4609,-1.2647,-1.0207,-0.81825,-0.72227,-0.75875,-0.90995,-1.1401,-1.399,-1.6237,-1.7334,-1.6472,-1.32,-0.79637,-0.21048,0.26827,0.50475,0.46346,0.18799,-0.21302,-0.61603,-0.92464,-1.0984,-1.162,-1.1679,-1.1858,-1.2594,-1.3901,-1.5383,-1.6433,-1.6555,-1.563,-1.3927,-1.1879,-0.98566,-0.8047,-0.64731
-2.0232,-1.3232,-0.61025,-0.066607,0.21778,0.31152,0.34338,0.40788,0.53725,0.69746,0.82504,0.87279,0.80631,0.59489,0.23759,-0.19565,-0.56296,-0.71609,-0.61357,-0.36769,-0.14867,-0.059372,-0.099703,-0.20186,-0.27516,-0.24762,-0.090917,0.1708,0.49086,0.82286,1.1209,1.3405,1.435,1.3786,1.1687,0.83103,0.40043,-0.081997,-0.57275,-1.027,-1.3929,-1.625,-1.6842,-1.5688,-1.3284,-1.0438,-0.8064,-0.68069,-0.68946,-0.82414,-1.0465,-1.3076,-1.5467,-1.6847,-1.6337,-1.3461,-0.86137,-0.3114,0.13644,0.35544,0.29814,0.015658,-0.38651,-0.79289,-1.1139,-1.3064,-1.3767,-1.3771,-1.3646,-1.3828,-1.4416,-1.5153,-1.5575,-1.5296,-1.4229,-1.2589,-1.0767,-0.90186,-0.74882,-0.61999
-2.0635,-1.3729,-0.66242,-0.11907,0.1747,0.29538,0.37044,0.47773,0.62806,0.781,0.88543,0.91005,0.82985,0.61509,0.26134,-0.16784,-0.54089,-0.71703,-0.65258,-0.44934,-0.2669,-0.20264,-0.25495,-0.35477,-0.41186,-0.35662,-0.16757,0.12488,0.46866,0.81389,1.1157,1.3281,1.4079,1.3283,1.0888,0.71514,0.24762,-0.26249,-0.76871,-1.2173,-1.5628,-1.7571,-1.7764,-1.6273,-1.3584,-1.051,-0.78952,-0.63873,-0.62743,-0.74901,-0.97118,-1.2428,-1.4979,-1.6555,-1.6293,-1.3729,-0.92124,-0.39735,0.036299,0.24465,0.18747,-0.098456,-0.51319,-0.94005,-1.2826,-1.4901,-1.5696,-1.5572,-1.5163,-1.494,-1.5044,-1.5264,-1.5208,-1.4575,-1.3343,-1.1741,-1.0027,-0.84725,-0.71789,-0.61373
-2.0919,-1.415,-0.71083,-0.17249,0.12602,0.27588,0.40683,0.57547,0.76105,0.90842,0.98021,0.96637,0.8579,0.63181,0.28234,-0.13752,-0.50998,-0.7086,-0.69279,-0.55187,-0.42983,-0.41436,-0.49815,-0.60743,-0.65087,-0.56009,-0.32358,0.017775,0.40079,0.76888,1.0764,1.2769,1.3314,1.2175,0.94149,0.53331,0.040265,-0.48522,-0.98882,-1.4208,-1.7335,-1.8862,-1.8575,-1.6623,-1.3547,-1.0192,-0.73638,-0.56614,-0.5383,-0.64762,-0.86613,-1.1481,-1.4284,-1.6195,-1.6331,-1.4133,-0.99348,-0.49876,-0.092093,0.099497,0.023707,-0.27557,-0.70108,-1.1434,-1.5116,-1.75,-1.8429,-1.827,-1.7525,-1.6694,-1.6042,-1.5529,-1.4924,-1.4005,-1.2711,-1.1163,-0.96075,-0.81823,-0.69959,-0.6099
-2.0877,-1.4258,-0.73349,-0.2057,0.088767,0.25911,0.44232,0.67492,0.90016,1.0467,1.0849,1.0255,0.87859,0.63342,0.28515,-0.12198,-0.48475,-0.69297,-0.7147,-0.63303,-0.57779,-0.62436,-0.75613,-0.89131,-0.9305,-0.80537,-0.51418,-0.11596,0.31093,0.70067,1.0067,1.1891,1.2147,1.0701,0.76723,0.34041,-0.16068,-0.68354,-1.1715,-1.5766,-1.8505,-1.9601,-1.8865,-1.6489,-1.3078,-0.94162,-0.63414,-0.44729,-0.40899,-0.51918,-0.74694,-1.0437,-1.3449,-1.5681,-1.6214,-1.4504,-1.0776,-0.61669,-0.22866,-0.052522,-0.13572,-0.44985,-0.90317,-1.383,-1.7872,-2.047,-2.1454,-2.1024,-1.9806,-1.84,-1.7149,-1.6082,-1.503,-1.3829,-1.2443,-1.0943,-0.95055,-0.82618,-0.72743,-0.65582
-2.0636,-1.414,-0.73398,-0.21746,0.069357,0.24928,0.4678,0.74735,1.0041,1.1527,1.1681,1.072,0.89049,0.62494,0.27201,-0.12575,-0.47539,-0.68031,-0.71874,-0.67401,-0.66767,-0.7646,-0.93878,-1.1006,-1.1411,-0.99106,-0.65771,-0.21636,0.23955,0.64008,0.93887,1.1038,1.1091,0.947,0.63054,0.19731,-0.30496,-0.81928,-1.2935,-1.6738,-1.9169,-1.9861,-1.8744,-1.607,-1.2416,-0.86108,-0.54065,-0.34069,-0.29489,-0.3992,-0.6313,-0.94351,-1.2682,-1.5211,-1.6096,-1.4727,-1.1309,-0.69778,-0.33395,-0.17451,-0.27784,-0.6099,-1.0787,-1.5737,-1.9947,-2.2691,-2.3635,-2.3037,-2.1466,-1.9588,-1.7867,-1.6444,-1.5212,-1.3987,-1.2661,-1.1258,-0.98785,-0.86327,-0.76228,-0.69233
-2.0061,-1.3769,-0.71573,-0.21681,0.054973,0.24015,0.49973,0.83803,1.1375,1.2938,1.2828,1.1386,0.90493,0.60079,0.23261,-0.15752,-0.48446,-0.67061,-0.71449,-0.70483,-0.75376,-0.91246,-1.1417,-1.3378,-1.3828,-1.2044,-0.82127,-0.3315,0.15516,0.56225,0.84694,0.98385,0.9574,0.76757,0.43529,0.0016715,-0.48511,-0.97464,-1.4214,-1.7757,-1.9879,-2.0186,-1.8577,-1.5393,-1.1333,-0.72414,-0.38986,-0.18446,-0.1326,-0.23453,-0.46258,-0.77618,-1.1181,-1.4088,-1.5539,-1.4827,-1.1996,-0.81016,-0.47717,-0.34317,-0.46952,-0.82907,-1.3316,-1.862,-2.3085,-2.5851,-2.6577,-2.5472,-2.3274,-2.0799,-1.8605,-1.6883,-1.5536,-1.4356,-1.3177,-1.1917,-1.0658,-0.9492,-0.85199,-0.78247
-1.9253,-1.3216,-0.68326,-0.20305,0.050116,0.23389,0.5271,0.91836,1.2603,1.4305,1.4003,1.2112,0.92148,0.56576,0.16757,-0.22159,-0.52198,-0.67692,-0.7076,-0.71137,-0.79381,-0.99483,-1.265,-1.489,-1.5405,-1.3429,-0.92693,-0.40632,0.095708,0.49781,0.76074,0.8642,0.80138,0.58267,0.24029,-0.18385,-0.64369,-1.1043,-1.5244,-1.859,-2.0486,-2.0491,-1.8495,-1.4891,-1.0459,-0.60579,-0.24516,-0.018147,0.049886,-0.03922,-0.26298,-0.58146,-0.93965,-1.2649,-1.4635,-1.4596,-1.2438,-0.90896,-0.61613,-0.51452,-0.67359,-1.0675,-1.6033,-2.1593,-2.615,-2.8766,-2.9061,-2.7352,-2.4525,-2.1526,-1.9,-1.7166,-1.5906,-1.4945,-1.4017,-1.2995,-1.1823,-1.0633,-0.95771,-0.87955
-1.8538,-1.2724,-0.6548,-0.18933,0.04941,0.2293,0.54282,0.96947,1.3431,1.5273,1.4887,1.2714,0.93898,0.53793,0.1088,-0.28521,-0.56625,-0.69278,-0.70312,-0.70187,-0.79205,-1.0085,-1.2973,-1.5383,-1.596,-1.39,-0.95868,-0.42697,0.073907,0.46068,0.69841,0.77311,0.68558,0.45339,0.1123,-0.29681,-0.73593,-1.1772,-1.5864,-1.9126,-2.093,-2.0732,-1.8474,-1.46,-0.9914,-0.53251,-0.1558,0.08746,0.17172,0.10168,-0.10632,-0.41886,-0.78599,-1.135,-1.3765,-1.421,-1.2512,-0.95658,-0.69903,-0.62537,-0.814,-1.2371,-1.8001,-2.3765,-2.8372,-3.0808,-3.0688,-2.8476,-2.5162,-2.1781,-1.9026,-1.7143,-1.6014,-1.5313,-1.4681,-1.3844,-1.2807,-1.1641,-1.0524,-0.96419
-1.7481,-1.2032,-0.61646,-0.17103,0.048492,0.2204,0.55452,1.0241,1.4395,1.647,1.6069,1.3602,0.9736,0.50751,0.027505,-0.38227,-0.64221,-0.72765,-0.69917,-0.67359,-0.75429,-0.97292,-1.2726,-1.5277,-1.5908,-1.3791,-0.93781,-0.40838,0.072361,0.42467,0.62022,0.65639,0.54252,0.3037,-0.02416,-0.40011,-0.80115,-1.2117,-1.6116,-1.944,-2.1295,-2.1048,-1.8565,-1.4396,-0.94623,-0.46511,-0.072039,0.18848,0.29972,0.256,0.079181,-0.20491,-0.55888,-0.92269,-1.2055,-1.3214,-1.2318,-1.0029,-0.78987,-0.75636,-0.97413,-1.4288,-2.0256,-2.6268,-3.0858,-3.2905,-3.2144,-2.9202,-2.5299,-2.1568,-1.871,-1.6941,-1.6092,-1.576,-1.549,-1.4979,-1.4047,-1.2862,-1.1663,-1.0682
-1.6643,-1.1523,-0.59025,-0.15952,0.046113,0.21037,0.55496,1.0532,1.4992,1.7278,1.6939,1.4334,1.0116,0.49777,-0.025065,-0.45406,-0.70325,-0.75845,-0.6963,-0.64395,-0.70794,-0.91886,-1.2169,-1.4727,-1.5354,-1.3231,-0.88618,-0.37208,0.082139,0.40378,0.56889,0.5811,0.45513,0.21885,-0.091596,-0.43838,-0.80729,-1.1929,-1.5793,-1.9102,-2.1028,-2.09,-1.8564,-1.4508,-0.95861,-0.47065,-0.056359,0.2353,0.37578,0.36687,0.21471,-0.057066,-0.40918,-0.77874,-1.0835,-1.2282,-1.1732,-0.98317,-0.8109,-0.80953,-1.064,-1.5518,-2.1706,-2.7759,-3.2179,-3.388,-3.2648,-2.9292,-2.5069,-2.1118,-1.8157,-1.6434,-1.5793,-1.5798,-1.5907,-1.5637,-1.4904,-1.3763,-1.248,-1.1349
-1.5476,-1.0861,-0.56015,-0.15007,0.038388,0.18958,0.54351,1.0751,1.5606,1.8217,1.8047,1.5378,1.0809,0.51068,-0.069463,-0.53159,-0.776,-0.79644,-0.69031,-0.6002,-0.63698,-0.82905,-1.1134,-1.3584,-1.4169,-1.211,-0.79451,-0.31337,0.10186,0.38441,0.51695,0.50734,0.37464,0.14994,-0.12678,-0.43066,-0.75331,-1.103,-1.4653,-1.7905,-2.0013,-2.0231,-1.8334,-1.4654,-0.99611,-0.51161,-0.086033,0.22912,0.40853,0.44032,0.33275,0.10344,-0.21603,-0.57351,-0.88405,-1.0616,-1.0617,-0.93399,-0.81597,-0.86051,-1.1458,-1.6543,-2.286,-2.8907,-3.3076,-3.4263,-3.2441,-2.8567,-2.402,-1.9957,-1.7056,-1.5526,-1.5182,-1.5551,-1.6026,-1.6115,-1.5535,-1.4432,-1.3123,-1.194
-1.4246,-1.02,-0.53373,-0.14763,0.02381,0.16013,0.51803,1.0761,1.5986,1.8952,1.9039,1.6446,1.1701,0.55786,-0.074322,-0.57457,-0.82454,-0.82079,-0.67947,-0.5576,-0.56815,-0.73698,-1.0008,-1.2312,-1.2858,-1.0915,-0.7034,-0.25858,0.11948,0.36806,0.47634,0.45591,0.33015,0.13398,-0.097241,-0.3443,-0.61522,-0.92828,-1.2755,-1.6076,-1.8427,-1.9126,-1.7851,-1.484,-1.0715,-0.62033,-0.19958,0.13986,0.36281,0.45185,0.40404,0.22823,-0.049446,-0.37639,-0.68052,-0.8771,-0.91804,-0.84321,-0.77949,-0.86834,-1.1889,-1.7192,-2.3504,-2.9261,-3.2917,-3.3546,-3.1288,-2.7154,-2.2474,-1.8359,-1.5501,-1.4128,-1.405,-1.4753,-1.5571,-1.5935,-1.5569,-1.4582,-1.3303,-1.2084
-1.3252,-0.96692,-0.51418,-0.14679,0.010395,0.13375,0.48949,1.0624,1.61,1.9342,1.9665,1.7215,1.2458,0.61414,-0.049847,-0.57811,-0.83754,-0.8254,-0.66812,-0.52978,-0.52502,-0.67922,-0.92908,-1.1494,-1.2006,-1.0139,-0.64446,-0.22438,0.12798,0.35551,0.45249,0.43383,0.32517,0.15944,-0.034865,-0.24411,-0.48547,-0.77817,-1.1164,-1.4485,-1.6977,-1.8037,-1.7371,-1.5091,-1.161,-0.74797,-0.33076,0.032346,0.2933,0.42794,0.42135,0.28251,0.040656,-0.25429,-0.53536,-0.72596,-0.78859,-0.7594,-0.74654,-0.87498,-1.2137,-1.7388,-2.3468,-2.8874,-3.2109,-3.2338,-2.9833,-2.5609,-2.0988,-1.7008,-1.4283,-1.301,-1.3016,-1.3818,-1.4763,-1.5268,-1.5019,-1.4137,-1.2951,-1.1816
-1.1771,-0.88381,-0.47977,-0.14221,-0.0072637,0.096472,0.44265,1.0258,1.6007,1.9593,2.0272,1.8114,1.3501,0.70974,0.01831,-0.54128,-0.82064,-0.81342,-0.65212,-0.50653,-0.49292,-0.63619,-0.87296,-1.0797,-1.1234,-0.94099,-0.58793,-0.19421,0.13026,0.33974,0.43326,0.4304,0.35537,0.23198,0.079373,-0.098966,-0.31953,-0.59745,-0.92327,-1.2494,-1.5147,-1.6653,-1.6761,-1.544,-1.2864,-0.93903,-0.55213,-0.18208,0.12219,0.3145,0.38029,0.32041,0.15409,-0.081332,-0.32241,-0.51236,-0.61324,-0.64584,-0.69728,-0.87362,-1.2346,-1.7494,-2.3111,-2.7776,-3.0257,-3.0021,-2.7407,-2.3368,-1.8997,-1.5208,-1.2596,-1.1385,-1.1425,-1.2249,-1.3225,-1.3803,-1.3681,-1.2939,-1.1889,-1.0876
-1.0032,-0.77539,-0.42501,-0.12412,-0.016066,0.062204,0.38969,0.97108,1.5633,1.9516,2.0564,1.879,1.4465,0.81668,0.11618,-0.46559,-0.77095,-0.78634,-0.64172,-0.50747,-0.4998,-0.642,-0.87004,-1.0632,-1.0961,-0.91372,-0.57192,-0.19489,0.1177,0.32554,0.43077,0.45353,0.41123,0.32173,0.19747,0.03479,-0.18014,-0.45941,-0.78616,-1.116,-1.3942,-1.5788,-1.6493,-1.6007,-1.4343,-1.1632,-0.81405,-0.43444,-0.088377,0.1743,0.31585,0.3286,0.23032,0.059627,-0.13931,-0.31374,-0.43632,-0.52428,-0.64162,-0.86691,-1.2366,-1.715,-2.2059,-2.59,-2.7719,-2.7186,-2.4678,-2.1021,-1.7115,-1.3703,-1.127,-1.0011,-0.98299,-1.0373,-1.113,-1.1596,-1.1544,-1.1005,-1.0212,-0.9448
-0.85062,-0.66993,-0.36268,-0.094482,-0.011259,0.043622,0.34959,0.92031,1.5172,1.9228,2.0545,1.9091,1.5058,0.89452,0.19772,-0.39512,-0.72316,-0.76611,-0.64703,-0.53262,-0.53763,-0.68405,-0.90716,-1.0886,-1.1102,-0.92357,-0.5865,-0.21579,0.094649,0.3081,0.42981,0.4757,0.45906,0.39198,0.27954,0.11803,-0.10807,-0.40315,-0.74385,-1.0798,-1.3598,-1.5559,-1.657,-1.6577,-1.5491,-1.3249,-1.0004,-0.6216,-0.25258,0.04661,0.23684,0.30811,0.2722,0.15481,-0.0036684,-0.16503,-0.3048,-0.4311,-0.59045,-0.84194,-1.2104,-1.6567,-2.0902,-2.4097,-2.5463,-2.4858,-2.2632,-1.9456,-1.5998,-1.2866,-1.0507,-0.91447,-0.87327,-0.89784,-0.94475,-0.97405,-0.96467,-0.91807,-0.85438,-0.79829
-0.61239,-0.48901,-0.24178,-0.025475,0.017325,0.033602,0.30059,0.84535,1.4359,1.8564,2.021,1.9194,1.5605,0.98436,0.30472,-0.29691,-0.65895,-0.74973,-0.67899,-0.60456,-0.63631,-0.79438,-1.0139,-1.1789,-1.1792,-0.97645,-0.63377,-0.26257,0.051376,0.27865,0.42598,0.50476,0.52194,0.47686,0.36629,0.1831,-0.080617,-0.41466,-0.78185,-1.1242,-1.3987,-1.5892,-1.7004,-1.7325,-1.6706,-1.4997,-1.2182,-0.8563,-0.47246,-0.13041,0.12497,0.27158,0.31008,0.2597,0.14751,0.004735,-0.14627,-0.30661,-0.50469,-0.77666,-1.1277,-1.5164,-1.8684,-2.1128,-2.2107,-2.1626,-1.998,-1.7588,-1.4892,-1.228,-1.0068,-0.8465,-0.7525,-0.71252,-0.70158,-0.69246,-0.67103,-0.63665,-0.60043,-0.57773
-0.40606,-0.31901,-0.11878,0.052553,0.058768,0.040186,0.2711,0.78765,1.3644,1.7889,1.9747,1.9045,1.5797,1.0344,0.37339,-0.23074,-0.61944,-0.75259,-0.72613,-0.68897,-0.74721,-0.91839,-1.1363,-1.2868,-1.266,-1.0444,-0.68953,-0.31119,0.010293,0.25137,0.41849,0.52124,0.55885,0.52264,0.40377,0.19382,-0.10801,-0.48063,-0.87416,-1.2244,-1.4889,-1.662,-1.7586,-1.7872,-1.7379,-1.5887,-1.3289,-0.98029,-0.59786,-0.24034,0.041868,0.22496,0.30703,0.30097,0.22585,0.10718,-0.038119,-0.20862,-0.41999,-0.69127,-1.0163,-1.3563,-1.653,-1.8574,-1.9473,-1.9284,-1.8223,-1.6551,-1.4483,-1.224,-1.0067,-0.82028,-0.67937,-0.58391,-0.52165,-0.47815,-0.44101,-0.40986,-0.39174,-0.39585
-0.095211,-0.046997,0.089986,0.19394,0.14303,0.0714,0.24625,0.71352,1.2617,1.6833,1.8901,1.8571,1.576,1.0721,0.43844,-0.16629,-0.59108,-0.78507,-0.82411,-0.84278,-0.94141,-1.134,-1.3505,-1.4779,-1.4215,-1.167,-0.78953,-0.39758,-0.061638,0.20007,0.39505,0.52754,0.58604,0.55372,0.41645,0.16557,-0.19301,-0.62622,-1.0634,-1.4256,-1.6678,-1.7957,-1.8433,-1.8338,-1.766,-1.6207,-1.3848,-1.0718,-0.71846,-0.3755,-0.081548,0.13823,0.27135,0.31652,0.28746,0.19996,0.071372,-0.09035,-0.29019,-0.53487,-0.81432,-1.0936,-1.3316,-1.5018,-1.5992,-1.6337,-1.6163,-1.5529,-1.4384,-1.2688,-1.0538,-0.82007,-0.60006,-0.41791,-0.28261,-0.18951,-0.13444,-0.11027,-0.11432,-0.14709
0.25037,0.26983,0.34443,0.37482,0.25847,0.12719,0.24132,0.65143,1.1628,1.5737,1.7932,1.7905,1.5481,1.0814,0.47213,-0.13441,-0.59588,-0.85278,-0.96078,-1.0386,-1.1797,-1.3945,-1.6087,-1.7081,-1.6087,-1.3148,-0.91347,-0.50881,-0.16064,0.12081,0.34373,0.50524,0.58484,0.55689,0.40119,0.10942,-0.30839,-0.80595,-1.2922,-1.6682,-1.8793,-1.9454,-1.9159,-1.8344,-1.7174,-1.5597,-1.3506,-1.088,-0.79037,-0.48446,-0.20398,0.022406,0.17735,0.25858,0.26709,0.21908,0.13012,0.0089902,-0.14573,-0.34097,-0.56212,-0.78927,-0.99504,-1.1624,-1.2899,-1.3862,-1.4596,-1.4948,-1.4661,-1.345,-1.1263,-0.84029,-0.53884,-0.26922,-0.059294,0.082544,0.16129,0.18408,0.15993,0.096605
0.52579,0.52968,0.55846,0.52984,0.36035,0.18324,0.25109,0.61767,1.0985,1.4976,1.7219,1.7366,1.5182,1.0745,0.47915,-0.13188,-0.62147,-0.92494,-1.084,-1.2056,-1.3777,-1.6075,-1.8173,-1.8939,-1.7622,-1.44,-1.0226,-0.6105,-0.25477,0.039804,0.2836,0.46798,0.56619,0.54494,0.3803,0.060775,-0.39924,-0.94233,-1.463,-1.8437,-2.0279,-2.0392,-1.9459,-1.8054,-1.6459,-1.469,-1.2706,-1.048,-0.80369,-0.5543,-0.31518,-0.10554,0.056774,0.15738,0.20085,0.19359,0.14703,0.068166,-0.044677,-0.1931,-0.37932,-0.57824,-0.76664,-0.93404,-1.0849,-1.229,-1.3656,-1.4744,-1.5078,-1.4158,-1.1844,-0.85304,-0.49154,-0.16315,0.094575,0.26859,0.36227,0.38659,0.35385,0.27493
0.90362,0.89239,0.8614,0.75156,0.50783,0.26966,0.27981,0.59344,1.0355,1.4162,1.6413,1.6706,1.4756,1.0548,0.47115,-0.15024,-0.67666,-1.0375,-1.2593,-1.4342,-1.6428,-1.8891,-2.0927,-2.1416,-1.9726,-1.6199,-1.1884,-0.77219,-0.41217,-0.10226,0.16865,0.38676,0.51423,0.50992,0.34391,0.0055297,-0.48848,-1.0727,-1.6254,-2.0112,-2.1629,-2.1119,-1.9432,-1.7316,-1.5191,-1.323,-1.1441,-0.9786,-0.81839,-0.65115,-0.47587,-0.3023,-0.14894,-0.030814,0.043994,0.082995,0.098243,0.09522,0.064453,-0.013956,-0.14285,-0.31294,-0.50142,-0.6918,-0.88229,-1.0798,-1.2847,-1.4643,-1.5583,-1.4955,-1.2472,-0.85938,-0.42402,-0.025702,0.28565,0.49539,0.60407,0.62723,0.58228,0.4849
1.1872,1.1669,1.0921,0.92034,0.61965,0.33725,0.31087,0.59186,1.0099,1.3772,1.5995,1.6344,1.4495,1.0387,0.45883,-0.17233,-0.7256,-1.1256,-1.388,-1.5954,-1.8246,-2.0795,-2.2802,-2.315,-2.1284,-1.7638,-1.3294,-0.91727,-0.55792,-0.23799,0.055215,0.30261,0.45777,0.47353,0.31776,-0.019477,-0.51905,-1.1137,-1.6755,-2.0632,-2.1993,-2.1174,-1.9054,-1.6493,-1.4054,-1.201,-1.0449,-0.9296,-0.83571,-0.73745,-0.61838,-0.48134,-0.34278,-0.21879,-0.11859,-0.037476,0.032251,0.089485,0.11695,0.088849,-0.007901,-0.16204,-0.35006,-0.55456,-0.772,-1.0056,-1.2486,-1.4672,-1.5872,-1.5286,-1.2631,-0.84416,-0.37186,0.063418,0.40735,0.63722,0.75971,0.78748,0.73818,0.62916
1.5539,1.5227,1.3899,1.1349,0.75783,0.42157,0.35796,0.61013,1.0061,1.3599,1.5766,1.6125,1.4319,1.0262,0.44711,-0.19718,-0.78335,-1.2302,-1.5371,-1.7733,-2.0141,-2.2695,-2.4664,-2.4992,-2.3143,-1.9593,-1.5408,-1.1455,-0.79333,-0.46183,-0.13703,0.15438,0.35602,0.41235,0.28886,-0.02555,-0.50859,-1.0898,-1.641,-2.0178,-2.1421,-2.0402,-1.8023,-1.5201,-1.2596,-1.0564,-0.9283,-0.87144,-0.85982,-0.85655,-0.82431,-0.74782,-0.63555,-0.50714,-0.37344,-0.23732,-0.096767,0.039656,0.14329,0.17661,0.11627,-0.027465,-0.22451,-0.44803,-0.68745,-0.94373,-1.2116,-1.4506,-1.5877,-1.5341,-1.2536,-0.80212,-0.29091,0.17933,0.5493,0.79976,0.92979,0.9568,0.90162,0.78417
1.8957,1.8524,1.6612,1.3234,0.87035,0.48603,0.40009,0.6414,1.0304,1.3796,1.5933,1.6247,1.4397,1.0319,0.44931,-0.20622,-0.81836,-1.3016,-1.639,-1.8855,-2.1173,-2.3589,-2.5533,-2.6041,-2.4549,-2.1447,-1.7705,-1.4098,-1.0739,-0.73335,-0.37654,-0.037644,0.217,0.32586,0.25108,-0.014329,-0.4483,-0.98031,-1.4913,-1.8454,-1.9679,-1.8754,-1.65,-1.3785,-1.1267,-0.94182,-0.84464,-0.83737,-0.89812,-0.97508,-1.0211,-1.0054,-0.92625,-0.79862,-0.64024,-0.45755,-0.25562,-0.0523,0.11327,0.19135,0.15917,0.026624,-0.1729,-0.40787,-0.66169,-0.92843,-1.1945,-1.4283,-1.551,-1.4805,-1.188,-0.72995,-0.21218,0.26847,0.65213,0.91394,1.0552,1.0883,1.0324,0.90806
2.1291,2.0745,1.8394,1.439,0.92967,0.5134,0.42039,0.66581,1.0601,1.4137,1.6274,1.6544,1.4629,1.0497,0.46382,-0.19818,-0.8236,-1.3234,-1.6701,-1.9106,-2.1241,-2.3496,-2.5451,-2.6219,-2.5203,-2.2668,-1.9463,-1.6261,-1.3097,-0.96455,-0.58176,-0.20546,0.088764,0.23642,0.20255,-0.015116,-0.39226,-0.86491,-1.328,-1.6622,-1.7918,-1.7232,-1.519,-1.262,-1.0251,-0.85685,-0.78835,-0.82196,-0.928,-1.0594,-1.1557,-1.1792,-1.1228,-1.001,-0.82734,-0.61314,-0.37025,-0.12618,0.070434,0.17012,0.14242,0.0044294,-0.2016,-0.43639,-0.67982,-0.92732,-1.1725,-1.3783,-1.4831,-1.4088,-1.1219,-0.67131,-0.15874,0.31953,0.70337,0.9703,1.1139,1.1506,1.0995,0.97974
2.4021,2.3286,2.0342,1.5505,0.96645,0.51329,0.42253,0.68766,1.1028,1.4712,1.6897,1.7107,1.509,1.0875,0.49705,-0.16917,-0.80064,-1.3047,-1.6431,-1.8572,-2.0361,-2.2378,-2.4401,-2.5651,-2.5486,-2.3954,-2.1689,-1.9192,-1.6403,-1.2967,-0.88408,-0.46233,-0.11953,0.077284,0.10055,-0.047623,-0.33837,-0.71876,-1.1027,-1.3941,-1.5245,-1.4868,-1.3253,-1.1101,-0.90792,-0.77162,-0.73282,-0.79789,-0.94521,-1.1219,-1.2689,-1.3397,-1.3163,-1.2033,-1.0193,-0.78173,-0.51123,-0.24258,-0.028256,0.075072,0.051233,-0.083628,-0.28645,-0.51553,-0.74531,-0.96454,-1.1644,-1.3199,-1.3775,-1.2806,-1.0058,-0.58887,-0.10863,0.35248,0.73491,1.0069,1.1621,1.2082,1.1613,1.041
2.6254,2.5285,2.1735,1.6064,0.9485,0.46433,0.38751,0.68688,1.135,1.5258,1.7525,1.7686,1.5567,1.1282,0.53737,-0.12454,-0.74782,-1.2362,-1.5457,-1.7186,-1.8566,-2.0359,-2.2511,-2.4326,-2.5107,-2.4713,-2.3526,-2.1872,-1.9601,-1.6334,-1.21,-0.76025,-0.3784,-0.1347,-0.054433,-0.13052,-0.33413,-0.61886,-0.91734,-1.1528,-1.2701,-1.2543,-1.1357,-0.96566,-0.80029,-0.69088,-0.67145,-0.75491,-0.9234,-1.1294,-1.3129,-1.4211,-1.4262,-1.328,-1.1412,-0.88843,-0.6025,-0.33019,-0.12954,-0.046546,-0.099042,-0.25418,-0.45791,-0.66395,-0.84902,-1.009,-1.1437,-1.236,-1.2542,-1.1521,-0.90235,-0.5246,-0.080186,0.35774,0.73064,1.0034,1.1667,1.2222,1.1839,1.0702
2.7575,2.6394,2.2387,1.6095,0.89701,0.39347,0.33446,0.66696,1.1451,1.5552,1.7884,1.8015,1.5826,1.1506,0.56369,-0.088103,-0.6972,-1.1648,-1.4442,-1.5809,-1.6865,-1.8495,-2.0735,-2.2944,-2.4397,-2.4841,-2.4468,-2.3493,-2.1686,-1.8653,-1.45,-0.99549,-0.60022,-0.33191,-0.21551,-0.2381,-0.37502,-0.58708,-0.82174,-1.0158,-1.1179,-1.1115,-1.0129,-0.86494,-0.71998,-0.62569,-0.61938,-0.71365,-0.89042,-1.1072,-1.3019,-1.4222,-1.4393,-1.3501,-1.1679,-0.92072,-0.64476,-0.38956,-0.21286,-0.16054,-0.23671,-0.40459,-0.60745,-0.79836,-0.95388,-1.0705,-1.1521,-1.1952,-1.1757,-1.0595,-0.82345,-0.47797,-0.069075,0.34192,0.70089,0.97352,1.1405,1.2048,1.1774,1.0744
2.8837,2.7336,2.2719,1.5614,0.77821,0.25385,0.22612,0.61009,1.1321,1.5685,1.81,1.8184,1.5914,1.1584,0.58154,-0.049102,-0.62964,-1.0618,-1.2971,-1.385,-1.4486,-1.5878,-1.8158,-2.0761,-2.2944,-2.4341,-2.4975,-2.4899,-2.3776,-2.1208,-1.732,-1.293,-0.90403,-0.62907,-0.48271,-0.45001,-0.50619,-0.62689,-0.77562,-0.90694,-0.97689,-0.9657,-0.88199,-0.75728,-0.63379,-0.55383,-0.55116,-0.64147,-0.8149,-1.0297,-1.232,-1.3682,-1.4032,-1.327,-1.1557,-0.91792,-0.65864,-0.43475,-0.30502,-0.30516,-0.43254,-0.63408,-0.84245,-1.0072,-1.109,-1.1542,-1.1602,-1.1341,-1.0737,-0.95467,-0.74982,-0.45234,-0.088053,0.2939,0.64124,0.9113,1.0893,1.1671,1.1517,1.0574
2.9396,2.7634,2.2565,1.4872,0.65403,0.11763,0.11887,0.54439,1.1,1.5551,1.8007,1.8041,1.5715,1.1396,0.57345,-0.0372,-0.5911,-0.99183,-1.1929,-1.2472,-1.2824,-1.4031,-1.6274,-1.9013,-2.1548,-2.3453,-2.4678,-2.5175,-2.4587,-2.2486,-1.8982,-1.4917,-1.1252,-0.86191,-0.70768,-0.64721,-0.65443,-0.71399,-0.80248,-0.88473,-0.92445,-0.89887,-0.81524,-0.69827,-0.58264,-0.50738,-0.50352,-0.58908,-0.75627,-0.9679,-1.17,-1.3085,-1.3479,-1.2789,-1.1158,-0.89018,-0.64943,-0.45247,-0.35805,-0.40035,-0.56407,-0.7912,-1.0081,-1.1612,-1.2321,-1.2321,-1.1869,-1.1166,-1.0257,-0.8972,-0.70479,-0.43484,-0.10214,0.25339,0.58392,0.85302,1.0303,1.1128,1.1069,1.0259
2.9626,2.7495,2.1851,1.3422,0.4485,-0.09727,-0.053121,0.42908,1.0274,1.5038,1.7504,1.7441,1.5032,1.0734,0.52422,-0.055725,-0.56936,-0.92393,-1.0779,-1.0906,-1.0934,-1.1908,-1.4019,-1.6767,-1.9494,-2.1749,-2.3423,-2.4398,-2.4373,-2.2952,-2.0257,-1.6973,-1.3953,-1.1692,-1.0227,-0.93368,-0.88661,-0.87762,-0.89894,-0.92567,-0.92348,-0.8724,-0.77352,-0.65016,-0.53579,-0.46332,-0.46179,-0.54404,-0.70101,-0.9007,-1.0918,-1.2244,-1.264,-1.2001,-1.0456,-0.83549,-0.61972,-0.45881,-0.41036,-0.50405,-0.71641,-0.97662,-1.2029,-1.3395,-1.3719,-1.3194,-1.2176,-1.0961,-0.97271,-0.83898,-0.66886,-0.43827,-0.14602,0.18049,0.49735,0.75985,0.94594,1.0408,1.0465,0.97457
2.9267,2.676,2.0597,1.1544,0.21083,-0.33555,-0.24686,0.2886,0.9237,1.4143,1.6562,1.6355,1.3833,0.95625,0.42694,-0.11956,-0.59005,-0.89652,-1.0047,-0.9809,-0.95698,-1.0331,-1.2243,-1.4819,-1.7418,-1.9626,-2.1322,-2.2445,-2.2748,-2.1965,-2.0182,-1.7918,-1.5825,-1.4219,-1.3086,-1.2158,-1.1386,-1.081,-1.0477,-1.0199,-0.97111,-0.88786,-0.77411,-0.64918,-0.53887,-0.46939,-0.46367,-0.53511,-0.67797,-0.86231,-1.0423,-1.1691,-1.2072,-1.1446,-0.99496,-0.79213,-0.58877,-0.4483,-0.42952,-0.55993,-0.80883,-1.0984,-1.3389,-1.4713,-1.4827,-1.3974,-1.2584,-1.1023,-0.95084,-0.80392,-0.64133,-0.43715,-0.18024,0.11375,0.40825,0.66358,0.84772,0.94773,0.96394,0.90575
2.862,2.584,1.9347,0.99243,0.022691,-0.51759,-0.39629,0.17287,0.82923,1.325,1.5596,1.5252,1.2632,0.83933,0.32826,-0.19119,-0.63012,-0.90465,-0.98518,-0.94033,-0.89989,-0.95961,-1.1304,-1.3618,-1.5908,-1.7825,-1.9297,-2.0349,-2.0786,-2.0406,-1.9251,-1.7747,-1.6419,-1.5482,-1.4781,-1.4059,-1.3219,-1.2393,-1.1693,-1.1031,-1.0236,-0.91828,-0.79607,-0.67322,-0.56896,-0.50585,-0.50131,-0.56824,-0.70181,-0.87431,-1.0416,-1.1559,-1.184,-1.1172,-0.96656,-0.76802,-0.57315,-0.44476,-0.44137,-0.58945,-0.85743,-1.1606,-1.4053,-1.5321,-1.531,-1.4302,-1.2723,-1.1014,-0.94103,-0.79221,-0.63568,-0.44542,-0.20772,0.066756,0.3463,0.59159,0.77514,0.87907,0.90144,0.85015
2.7273,2.4159,1.7339,0.75991,-0.22545,-0.74779,-0.58893,0.012767,0.6858,1.1814,1.4005,1.3442,1.0693,0.65329,0.17167,-0.30759,-0.70702,-0.95005,-1.0091,-0.94958,-0.89367,-0.92801,-1.0583,-1.2347,-1.4005,-1.5302,-1.6274,-1.7037,-1.7515,-1.7539,-1.7119,-1.657,-1.6233,-1.621,-1.6194,-1.5853,-1.5045,-1.3997,-1.2959,-1.1981,-1.0949,-0.9782,-0.85321,-0.73606,-0.64573,-0.59753,-0.60548,-0.67408,-0.79531,-0.94496,-1.085,-1.1768,-1.1911,-1.1155,-0.96386,-0.76661,-0.57391,-0.44912,-0.45278,-0.61189,-0.8933,-1.2109,-1.4649,-1.5914,-1.5816,-1.4675,-1.2981,-1.1117,-0.93565,-0.77524,-0.61747,-0.44046,-0.2284,0.015782,0.26908,0.49766,0.67323,0.77881,0.80949,0.76975
2.5398,2.2013,1.5035,0.52306,-0.452,-0.94777,-0.76227,-0.14739,0.52706,1.0132,1.2123,1.1332,0.84825,0.44653,0.00082787,-0.43442,-0.79771,-1.0223,-1.0809,-1.0273,-0.96623,-0.97224,-1.0486,-1.152,-1.2381,-1.2918,-1.3265,-1.3592,-1.392,-1.4141,-1.4297,-1.4567,-1.5146,-1.5927,-1.6546,-1.6535,-1.5831,-1.4718,-1.3525,-1.2413,-1.132,-1.0251,-0.92298,-0.83623,-0.77705,-0.7536,-0.77301,-0.83916,-0.94492,-1.0712,-1.186,-1.253,-1.2452,-1.156,-0.99289,-0.78985,-0.59754,-0.4785,-0.49079,-0.65908,-0.94818,-1.2667,-1.5159,-1.6357,-1.6189,-1.4976,-1.3162,-1.1195,-0.93308,-0.7646,-0.60425,-0.43311,-0.23659,-0.015469,0.21224,0.42153,0.5831,0.68035,0.70889,0.67357
2.3669,2.0142,1.3176,0.35111,-0.59796,-1.0693,-0.87595,-0.2654,0.4006,0.87428,1.0574,0.96441,0.67665,0.29093,-0.12406,-0.52499,-0.86377,-1.0826,-1.1541,-1.1191,-1.0641,-1.0516,-1.0843,-1.1265,-1.1455,-1.1372,-1.1217,-1.1188,-1.1328,-1.1583,-1.1993,-1.2697,-1.3787,-1.5066,-1.6076,-1.6346,-1.5786,-1.4696,-1.3484,-1.2358,-1.1361,-1.046,-0.97126,-0.9189,-0.89296,-0.89954,-0.9382,-1.0078,-1.1031,-1.2049,-1.2893,-1.3291,-1.3033,-1.2016,-1.0359,-0.83311,-0.64029,-0.52032,-0.53466,-0.70881,-1.007,-1.3342,-1.5848,-1.696,-1.6654,-1.5295,-1.3375,-1.1249,-0.921,-0.73811,-0.57336,-0.412,-0.23692,-0.041226,0.16486,0.35521,0.50877,0.6068,0.64095,0.6121
2.0967,1.7356,1.0604,0.13945,-0.75364,-1.191,-1.005,-0.4199,0.22214,0.67445,0.83904,0.73609,0.4557,0.10018,-0.27031,-0.62755,-0.93969,-1.1612,-1.2649,-1.2723,-1.2403,-1.211,-1.1853,-1.1413,-1.0659,-0.97329,-0.89132,-0.84305,-0.83144,-0.85297,-0.91038,-1.0146,-1.1673,-1.3409,-1.4796,-1.5314,-1.4855,-1.3773,-1.2612,-1.1657,-1.0991,-1.0571,-1.0391,-1.0454,-1.0747,-1.1218,-1.1842,-1.2581,-1.3365,-1.4109,-1.4625,-1.4711,-1.419,-1.2993,-1.1194,-0.90781,-0.714,-0.60189,-0.63074,-0.82345,-1.1358,-1.4665,-1.7086,-1.8019,-1.7474,-1.5852,-1.3637,-1.1271,-0.90429,-0.70828,-0.53694,-0.3779,-0.2173,-0.048516,0.12351,0.28706,0.41808,0.5028,0.53425,0.51223
1.867,1.5093,0.86539,-0.0018382,-0.84064,-1.2555,-1.0889,-0.53671,0.078779,0.51436,0.67064,0.56961,0.30656,-0.017732,-0.35234,-0.68054,-0.98022,-1.2138,-1.3534,-1.4049,-1.4,-1.3633,-1.294,-1.1834,-1.0371,-0.88398,-0.75719,-0.68043,-0.65231,-0.66806,-0.72889,-0.8441,-1.0147,-1.207,-1.3601,-1.4162,-1.366,-1.2563,-1.1444,-1.0698,-1.0374,-1.0463,-1.0859,-1.1477,-1.2249,-1.3054,-1.3836,-1.4577,-1.5245,-1.5778,-1.6055,-1.5907,-1.519,-1.385,-1.196,-0.97998,-0.78609,-0.67903,-0.71986,-0.92855,-1.26,-1.6026,-1.8404,-1.9134,-1.8307,-1.6394,-1.3917,-1.1277,-0.87736,-0.65966,-0.48132,-0.33455,-0.20121,-0.064118,0.08157,0.22292,0.34457,0.42839,0.46267,0.44404
1.5298,1.191,0.60929,-0.16618,-0.92217,-1.3156,-1.1931,-0.70096,-0.1281,0.28761,0.4439,0.36341,0.14271,-0.12691,-0.41077,-0.70673,-1.0035,-1.2696,-1.4727,-1.5963,-1.6374,-1.594,-1.4655,-1.2656,-1.0299,-0.80566,-0.63381,-0.5312,-0.49194,-0.50232,-0.56086,-0.67607,-0.84522,-1.0349,-1.1831,-1.2331,-1.1782,-1.0682,-0.96985,-0.92551,-0.94511,-1.0177,-1.1295,-1.2648,-1.4045,-1.5355,-1.6442,-1.7256,-1.7816,-1.8096,-1.8062,-1.7625,-1.6681,-1.5167,-1.316,-1.094,-0.90042,-0.80078,-0.8558,-1.0885,-1.4372,-1.7861,-2.0144,-2.0616,-1.9408,-1.7053,-1.4113,-1.1084,-0.82886,-0.59465,-0.41355,-0.27793,-0.1692,-0.067288,0.039205,0.15141,0.24946,0.32013,0.35245,0.34126
1.1633,0.86073,0.36285,-0.30493,-0.97591,-1.3617,-1.3001,-0.88233,-0.35563,0.048531,0.22241,0.18713,0.030078,-0.17358,-0.40686,-0.68086,-0.98956,-1.3023,-1.5805,-1.786,-1.8803,-1.8337,-1.6488,-1.3679,-1.0558,-0.77646,-0.57359,-0.4591,-0.4193,-0.43131,-0.48801,-0.59402,-0.74498,-0.91013,-1.0317,-1.0581,-0.98776,-0.87245,-0.7877,-0.77653,-0.84863,-0.9878,-1.1705,-1.3712,-1.5668,-1.7336,-1.8634,-1.9544,-2.0063,-2.0257,-2.0091,-1.9506,-1.8416,-1.6784,-1.4634,-1.2244,-1.0158,-0.91011,-0.97266,-1.2158,-1.5855,-1.9451,-2.1614,-2.175,-2.0106,-1.7311,-1.3999,-1.0582,-0.74765,-0.4976,-0.32225,-0.21426,-0.14727,-0.08925,-0.019014,0.06233,0.1476,0.21512,0.2493,0.24251
0.87392,0.60999,0.1862,-0.39623,-1.0073,-1.3964,-1.3886,-1.0311,-0.5389,-0.13607,0.065632,0.080222,-0.016573,-0.1672,-0.36782,-0.63425,-0.95896,-1.3105,-1.6464,-1.9139,-2.049,-2.0028,-1.7805,-1.4466,-1.0873,-0.77857,-0.56424,-0.45295,-0.42138,-0.44091,-0.49811,-0.595,-0.72939,-0.87055,-0.9625,-0.9592,-0.86452,-0.73945,-0.65865,-0.66847,-0.77471,-0.9601,-1.1942,-1.443,-1.6744,-1.8658,-2.008,-2.1039,-2.162,-2.1769,-2.1506,-2.0813,-1.9653,-1.7923,-1.5744,-1.3321,-1.1163,-0.999,-1.0472,-1.2842,-1.6379,-1.9801,-2.18,-2.1793,-2.001,-1.7065,-1.355,-1.0005,-0.68157,-0.42973,-0.26048,-0.16741,-0.12448,-0.097605,-0.060063,-0.00018608,0.066914,0.12581,0.16089,0.16228
0.47473,0.27712,-0.039192,-0.50954,-1.0509,-1.4509,-1.5195,-1.244,-0.79267,-0.37913,-0.12153,-0.022043,-0.028302,-0.11061,-0.27957,-0.54823,-0.90131,-1.3037,-1.7091,-2.0509,-2.237,-2.1935,-1.9289,-1.5354,-1.1265,-0.79349,-0.58283,-0.49552,-0.49517,-0.53918,-0.60527,-0.69208,-0.79837,-0.89567,-0.93439,-0.87771,-0.74303,-0.60041,-0.52412,-0.55811,-0.70349,-0.93762,-1.2229,-1.5172,-1.7812,-1.9916,-2.1453,-2.2527,-2.3213,-2.3521,-2.3382,-2.2735,-2.1522,-1.9728,-1.7345,-1.4657,-1.2212,-1.0751,-1.0937,-1.2907,-1.609,-1.9154,-2.0851,-2.0654,-1.8791,-1.5826,-1.2329,-0.87657,-0.55887,-0.31691,-0.17073,-0.11431,-0.11677,-0.13555,-0.13551,-0.10449,-0.048771,0.010786,0.053257,0.064328
0.17003,0.032037,-0.20194,-0.59302,-1.0912,-1.5033,-1.6256,-1.4068,-0.98044,-0.54936,-0.23876,-0.065112,-0.00068578,-0.038267,-0.19421,-0.47372,-0.85246,-1.2903,-1.7387,-2.1244,-2.3405,-2.2984,-2.0085,-1.5802,-1.1456,-0.80552,-0.60923,-0.553,-0.59107,-0.66818,-0.7506,-0.83444,-0.91618,-0.97413,-0.96432,-0.86299,-0.69557,-0.53554,-0.45913,-0.50548,-0.67414,-0.93622,-1.2501,-1.5681,-1.8481,-2.0641,-2.2201,-2.3325,-2.4107,-2.4536,-2.451,-2.3949,-2.2789,-2.0969,-1.8528,-1.5693,-1.2993,-1.1165,-1.0877,-1.2321,-1.4925,-1.7511,-1.8951,-1.8737,-1.7016,-1.4252,-1.0947,-0.75806,-0.46107,-0.2414,-0.11898,-0.088126,-0.11852,-0.16658,-0.1935,-0.18037,-0.13525,-0.078139,-0.03201,-0.013934
-0.23606,-0.28517,-0.41175,-0.71034,-1.1623,-1.5883,-1.7703,-1.6126,-1.2067,-0.742,-0.35096,-0.074989,0.077557,0.086882,-0.065992,-0.37142,-0.78973,-1.2714,-1.7628,-2.1855,-2.4229,-2.3771,-2.0619,-1.6032,-1.1504,-0.81363,-0.64634,-0.6427,-0.74797,-0.88881,-1.0139,-1.1069,-1.1631,-1.1665,-1.087,-0.91514,-0.69289,-0.5007,-0.41474,-0.46952,-0.65983,-0.95134,-1.2975,-1.6424,-1.9344,-2.1527,-2.3036,-2.4134,-2.5004,-2.5555,-2.5659,-2.5201,-2.411,-2.2309,-1.9806,-1.6792,-1.3739,-1.1341,-1.026,-1.0765,-1.2386,-1.4187,-1.5243,-1.5086,-1.3733,-1.1469,-0.86789,-0.57783,-0.32178,-0.14131,-0.060226,-0.073709,-0.14836,-0.23516,-0.29075,-0.29609,-0.25754,-0.19919,-0.14676,-0.11891
-0.63366,-0.58767,-0.61779,-0.8416,-1.256,-1.6871,-1.9029,-1.7789,-1.3774,-0.87048,-0.39869,-0.030327,0.19316,0.23102,0.065881,-0.27581,-0.73742,-1.2563,-1.7714,-2.2034,-2.4385,-2.3822,-2.053,-1.5818,-1.1264,-0.8036,-0.67211,-0.72911,-0.91335,-1.1351,-1.3239,-1.4437,-1.4888,-1.4448,-1.296,-1.0473,-0.75956,-0.5263,-0.42327,-0.48306,-0.69016,-1.0061,-1.3728,-1.7279,-2.0207,-2.2261,-2.3617,-2.4603,-2.5389,-2.5985,-2.6209,-2.5902,-2.4936,-2.3219,-2.0668,-1.7432,-1.3956,-1.0918,-0.89849,-0.8456,-0.90925,-1.0143,-1.085,-1.078,-0.98568,-0.82199,-0.61205,-0.38976,-0.19654,-0.071985,-0.039582,-0.095488,-0.2074,-0.32589,-0.40513,-0.42306,-0.38765,-0.32442,-0.26243,-0.22333
-0.92098,-0.80318,-0.7711,-0.95155,-1.3413,-1.7653,-1.9843,-1.8639,-1.4528,-0.91255,-0.38746,0.036115,0.29624,0.34131,0.15741,-0.21601,-0.70883,-1.2477,-1.7655,-2.1853,-2.4045,-2.3391,-2.0081,-1.5396,-1.0905,-0.78277,-0.68034,-0.78395,-1.0297,-1.319,-1.5632,-1.713,-1.7566,-1.6842,-1.4878,-1.1882,-0.85592,-0.59124,-0.47253,-0.52915,-0.74294,-1.0686,-1.4445,-1.8052,-2.0957,-2.2922,-2.4121,-2.4893,-2.5499,-2.5933,-2.6076,-2.5787,-2.4916,-2.3261,-2.0776,-1.7504,-1.3813,-1.0335,-0.77541,-0.64946,-0.63923,-0.69132,-0.74181,-0.74778,-0.6933,-0.58168,-0.42933,-0.2646,-0.12375,-0.044881,-0.051669,-0.1405,-0.27841,-0.41493,-0.50426,-0.52579,-0.48818,-0.42037,-0.35242,-0.30591
-1.2827,-1.075,-0.97587,-1.1138,-1.4718,-1.8663,-2.0554,-1.9064,-1.4655,-0.88425,-0.30722,0.1636,0.44538,0.4801,0.26145,-0.1564,-0.68573,-1.2369,-1.7374,-2.121,-2.3082,-2.2319,-1.9089,-1.4557,-1.0232,-0.73716,-0.67055,-0.82936,-1.152,-1.5304,-1.8533,-2.0555,-2.1103,-2.0149,-1.7704,-1.4148,-1.0314,-0.72707,-0.58526,-0.63148,-0.84697,-1.1803,-1.5681,-1.937,-2.2217,-2.3944,-2.4723,-2.5019,-2.5194,-2.5366,-2.541,-2.5113,-2.4264,-2.268,-2.0187,-1.683,-1.2909,-0.89916,-0.57605,-0.36944,-0.28791,-0.2914,-0.32564,-0.3483,-0.33795,-0.29034,-0.21388,-0.12857,-0.065431,-0.055692,-0.1181,-0.24732,-0.41169,-0.56347,-0.6592,-0.6783,-0.63462,-0.55661,-0.47569,-0.41516
-1.614,-1.3277,-1.1827,-1.2931,-1.6159,-1.9532,-2.0703,-1.8588,-1.3752,-0.76362,-0.16214,0.32021,0.59301,0.59769,0.33658,-0.12377,-0.67813,-1.2232,-1.6856,-2.0171,-2.1663,-2.083,-1.7786,-1.3526,-0.9447,-0.68018,-0.63863,-0.83464,-1.2123,-1.6611,-2.0605,-2.3237,-2.4158,-2.3253,-2.0622,-1.6661,-1.2389,-0.90015,-0.73704,-0.77729,-0.99375,-1.3342,-1.7244,-2.086,-2.3535,-2.493,-2.5255,-2.5009,-2.4641,-2.4375,-2.414,-2.3734,-2.2895,-2.1339,-1.8899,-1.5539,-1.1497,-0.72893,-0.35935,-0.099979,0.03435,0.063093,0.031049,-0.018547,-0.056857,-0.071611,-0.066881,-0.056156,-0.065102,-0.12001,-0.23544,-0.40342,-0.59101,-0.75058,-0.84087,-0.84824,-0.78721,-0.69215,-0.59735,-0.52651
-1.8395,-1.5041,-1.3396,-1.4372,-1.7283,-2.003,-2.0412,-1.7646,-1.2456,-0.62223,-0.023242,0.44438,0.69196,0.66361,0.36784,-0.11899,-0.68098,-1.2081,-1.6301,-1.9154,-2.0351,-1.9513,-1.668,-1.2687,-0.88318,-0.6347,-0.60528,-0.81653,-1.2176,-1.6997,-2.139,-2.4403,-2.5646,-2.4982,-2.2466,-1.8504,-1.4115,-1.0572,-0.88096,-0.91303,-1.1265,-1.4634,-1.8477,-2.199,-2.4482,-2.5614,-2.5564,-2.4861,-2.4064,-2.3456,-2.302,-2.2525,-2.1651,-2.0075,-1.7605,-1.4214,-1.0124,-0.58256,-0.19828,0.081447,0.23201,0.27002,0.23619,0.17131,0.10369,0.047188,0.0027466,-0.040459,-0.10296,-0.20563,-0.35851,-0.55066,-0.74848,-0.90662,-0.98822,-0.98198,-0.90861,-0.80234,-0.69649,-0.61413
-2.1071,-1.7223,-1.5489,-1.6371,-1.8766,-2.0434,-1.9507,-1.5726,-1.0087,-0.38715,0.18117,0.60306,0.79626,0.71316,0.37226,-0.13929,-0.69462,-1.1793,-1.5341,-1.7535,-1.8364,-1.7575,-1.5099,-1.1537,-0.80244,-0.57409,-0.55435,-0.77135,-1.1812,-1.6787,-2.1379,-2.4689,-2.6322,-2.6178,-2.4157,-2.058,-1.6348,-1.2791,-1.094,-1.1153,-1.3195,-1.6438,-2.0128,-2.3421,-2.5571,-2.6243,-2.5623,-2.4343,-2.3066,-2.2147,-2.1566,-2.1021,-2.0105,-1.8466,-1.5895,-1.2398,-0.82317,-0.38843,0.00098852,0.28675,0.44213,0.4783,0.43118,0.33983,0.23373,0.1291,0.029189,-0.075534,-0.19909,-0.35598,-0.55002,-0.76645,-0.97148,-1.1227,-1.188,-1.1606,-1.0681,-0.94471,-0.8248,-0.73193
-2.2824,-1.8747,-1.7052,-1.7889,-1.9814,-2.0514,-1.8484,-1.392,-0.80006,-0.19334,0.33587,0.70687,0.84742,0.71839,0.34567,-0.17558,-0.71325,-1.1535,-1.4501,-1.619,-1.6769,-1.6046,-1.3872,-1.0669,-0.74441,-0.53175,-0.5159,-0.7275,-1.1274,-1.6142,-2.0688,-2.408,-2.5967,-2.625,-2.4768,-2.1652,-1.7729,-1.4317,-1.2519,-1.273,-1.4711,-1.7837,-2.1308,-2.4278,-2.6051,-2.6309,-2.5318,-2.3746,-2.2276,-2.125,-2.0627,-2.0065,-1.9126,-1.7414,-1.4765,-1.1199,-0.69858,-0.26241,0.1246,0.40383,0.55022,0.57382,0.51126,0.40197,0.27483,0.14492,0.014159,-0.12353,-0.28303,-0.47547,-0.69933,-0.93392,-1.1418,-1.2821,-1.3295,-1.288,-1.1813,-1.0486,-0.92249,-0.82384
-2.4824,-2.0626,-1.9111,-1.9879,-2.1048,-2.0318,-1.6775,-1.1228,-0.50593,0.067524,0.52726,0.81358,0.87185,0.67815,0.26878,-0.25283,-0.7502,-1.117,-1.3296,-1.4317,-1.4595,-1.3985,-1.2222,-0.95395,-0.67416,-0.48635,-0.47359,-0.66803,-1.0348,-1.4834,-1.9088,-2.2388,-2.45,-2.5324,-2.465,-2.2358,-1.9084,-1.6064,-1.4442,-1.4694,-1.6591,-1.9495,-2.2558,-2.4959,-2.6092,-2.5787,-2.4407,-2.2643,-2.1145,-2.0225,-1.9765,-1.9334,-1.8412,-1.6608,-1.3747,-0.99735,-0.56564,-0.13314,0.23882,0.4982,0.6221,0.62498,0.54237,0.41181,0.26131,0.10612,-0.051473,-0.21836,-0.40706,-0.62589,-0.86919,-1.1126,-1.3179,-1.4479,-1.483,-1.4284,-1.3169,-1.1828,-1.0548,-0.95123
-2.6461,-2.2337,-2.1097,-2.1761,-2.2033,-1.9799,-1.4827,-0.84666,-0.21825,0.30953,0.68664,0.87434,0.84091,0.58066,0.14233,-0.36373,-0.80313,-1.0854,-1.2123,-1.2512,-1.2519,-1.2017,-1.0647,-0.84725,-0.6125,-0.45162,-0.44227,-0.61641,-0.9436,-1.3412,-1.7169,-2.0136,-2.2229,-2.3451,-2.3525,-2.2189,-1.9746,-1.7297,-1.5959,-1.6293,-1.8113,-2.0736,-2.3322,-2.5076,-2.5514,-2.4662,-2.299,-2.1218,-1.9936,-1.9358,-1.9266,-1.9135,-1.837,-1.6522,-1.3496,-0.95048,-0.50226,-0.066882,0.29166,0.52472,0.61954,0.59576,0.49275,0.34811,0.18773,0.024576,-0.13894,-0.31175,-0.5062,-0.72976,-0.97575,-1.2194,-1.423,-1.551,-1.5855,-1.5373,-1.4295,-1.2977,-1.171,-1.0688
-2.7475,-2.3521,-2.2516,-2.305,-2.2585,-1.9241,-1.3323,-0.64872,-0.020129,0.4686,0.7777,0.88572,0.77908,0.46789,0.013575,-0.47001,-0.85567,-1.0691,-1.1319,-1.1257,-1.1066,-1.063,-0.95391,-0.77374,-0.57326,-0.4342,-0.42997,-0.59135,-0.88911,-1.2458,-1.5774,-1.8411,-2.0372,-2.1734,-2.2208,-2.1447,-1.9611,-1.7655,-1.6675,-1.7193,-1.8992,-2.1395,-2.3555,-2.4765,-2.4695,-2.348,-2.1678,-2.0003,-1.8993,-1.8796,-1.9112,-1.9318,-1.8734,-1.6907,-1.3734,-0.95555,-0.49476,-0.059106,0.28686,0.50082,0.57165,0.52792,0.41156,0.25992,0.097954,-0.061641,-0.21732,-0.37766,-0.55689,-0.7648,-0.99692,-1.2303,-1.4297,-1.5619,-1.61,-1.5764,-1.4907,-1.3792,-1.2662,-1.1685
-2.8561,-2.4954,-2.4284,-2.4579,-2.3068,-1.8339,-1.1383,-0.40902,0.21091,0.64315,0.85885,0.85536,0.64457,0.26479,-0.20358,-0.64356,-0.94467,-1.0617,-1.0415,-0.97806,-0.93222,-0.89358,-0.81682,-0.68399,-0.5305,-0.42558,-0.43378,-0.58321,-0.84522,-1.1479,-1.4219,-1.6362,-1.8042,-1.9366,-2.0114,-1.9871,-1.8724,-1.7444,-1.6991,-1.7791,-1.9598,-2.1707,-2.3332,-2.3901,-2.323,-2.1655,-1.9787,-1.8317,-1.7742,-1.809,-1.8993,-1.9744,-1.9555,-1.7857,-1.4633,-1.0268,-0.54747,-0.1051,0.23146,0.42106,0.46617,0.39992,0.26834,0.1103,-0.048027,-0.19254,-0.31982,-0.44412,-0.58256,-0.75127,-0.95202,-1.1672,-1.3651,-1.5132,-1.591,-1.599,-1.5491,-1.466,-1.3729,-1.288
-2.9195,-2.5926,-2.5509,-2.5563,-2.3247,-1.7594,-1.003,-0.25168,0.35525,0.74321,0.88902,0.79944,0.50687,0.074109,-0.40008,-0.79828,-1.0282,-1.0708,-0.99035,-0.88596,-0.81829,-0.77801,-0.72,-0.62056,-0.50489,-0.43098,-0.45562,-0.60287,-0.84361,-1.109,-1.3372,-1.5082,-1.6424,-1.7581,-1.8367,-1.8384,-1.7645,-1.6807,-1.6708,-1.7717,-1.9564,-2.1544,-2.2895,-2.3091,-2.2061,-2.0224,-1.8301,-1.7006,-1.6757,-1.7565,-1.8945,-2.0106,-2.0198,-1.8665,-1.5426,-1.0981,-0.61166,-0.16801,0.1614,0.33849,0.36452,0.28014,0.13691,-0.022789,-0.17178,-0.29638,-0.39556,-0.48101,-0.57724,-0.70555,-0.87334,-1.0686,-1.2642,-1.4289,-1.5394,-1.5841,-1.5762,-1.5288,-1.46,-1.3866
-2.982,-2.7083,-2.6977,-2.664,-2.3278,-1.658,-0.84315,-0.076766,0.50703,0.83669,0.89023,0.68492,0.27838,-0.22799,-0.70558,-1.0387,-1.1662,-1.1066,-0.94589,-0.78584,-0.6845,-0.63479,-0.59532,-0.53913,-0.47842,-0.45576,-0.51508,-0.67089,-0.88962,-1.1072,-1.2704,-1.3757,-1.4552,-1.5344,-1.5964,-1.6088,-1.5689,-1.5322,-1.5667,-1.6991,-1.8956,-2.0877,-2.2004,-2.187,-2.0519,-1.8455,-1.6484,-1.5346,-1.5428,-1.6663,-1.8528,-2.0187,-2.0735,-1.9526,-1.6466,-1.2061,-0.71765,-0.27381,0.049975,0.21203,0.22393,0.1265,-0.027723,-0.19409,-0.33962,-0.443,-0.49929,-0.52564,-0.55347,-0.61801,-0.73848,-0.90947,-1.1057,-1.2947,-1.4488,-1.5529,-1.6012,-1.6018,-1.5679,-1.5151
-3.0208,-2.8045,-2.8219,-2.7438,-2.3122,-1.5632,-0.71034,0.056979,0.61375,0.88744,0.85303,0.53288,0.009298,-0.57395,-1.0526,-1.3134,-1.3333,-1.1702,-0.92736,-0.70713,-0.56691,-0.50284,-0.47721,-0.46215,-0.46031,-0.49997,-0.60918,-0.78824,-0.99458,-1.1664,-1.2629,-1.2964,-1.311,-1.3345,-1.3559,-1.3516,-1.3249,-1.3235,-1.4,-1.5657,-1.7822,-1.9763,-2.0792,-2.0511,-1.9007,-1.6886,-1.4947,-1.3898,-1.4124,-1.553,-1.7625,-1.9607,-2.0556,-1.975,-1.7007,-1.2775,-0.79557,-0.35525,-0.038841,0.11334,0.10653,-0.01182,-0.18309,-0.35706,-0.49656,-0.57755,-0.59618,-0.56586,-0.5305,-0.53477,-0.60689,-0.7492,-0.94204,-1.1547,-1.3556,-1.5199,-1.6298,-1.6818,-1.6827,-1.6477
-3.0344,-2.8618,-2.8975,-2.7849,-2.2907,-1.4983,-0.63129,0.13053,0.66587,0.90048,0.80443,0.40116,-0.21063,-0.85361,-1.3321,-1.5359,-1.4734,-1.2312,-0.92417,-0.65563,-0.48322,-0.40646,-0.3908,-0.40705,-0.45193,-0.54422,-0.701,-0.90792,-1.1144,-1.2542,-1.2982,-1.2708,-1.2253,-1.1942,-1.1741,-1.1449,-1.117,-1.134,-1.2377,-1.4308,-1.6674,-1.876,-1.986,-1.9589,-1.8064,-1.59,-1.3929,-1.2869,-1.3086,-1.4499,-1.6617,-1.8669,-1.9777,-1.9228,-1.6771,-1.2793,-0.81584,-0.38793,-0.079609,0.065319,0.050476,-0.07622,-0.25791,-0.44454,-0.59467,-0.67607,-0.67355,-0.61161,-0.53275,-0.49074,-0.52382,-0.64266,-0.83258,-1.0633,-1.2987,-1.5043,-1.6577,-1.7461,-1.7726,-1.7518
-3.0304,-2.914,-2.9696,-2.8123,-2.2529,-1.423,-0.55255,0.19439,0.70183,0.88907,0.71899,0.21295,-0.51318,-1.2357,-1.7146,-1.8411,-1.6684,-1.3212,-0.92758,-0.5919,-0.37434,-0.28023,-0.27896,-0.33948,-0.45136,-0.62227,-0.85224,-1.1087,-1.3211,-1.4186,-1.3837,-1.2637,-1.1259,-1.013,-0.92641,-0.85931,-0.82382,-0.85909,-0.99439,-1.2227,-1.4922,-1.7321,-1.869,-1.8594,-1.714,-1.4917,-1.2808,-1.1585,-1.1625,-1.2862,-1.4814,-1.675,-1.7881,-1.7562,-1.5513,-1.1993,-0.7711,-0.36087,-0.05792,0.083172,0.058158,-0.093745,-0.31095,-0.53244,-0.70563,-0.79063,-0.77535,-0.67319,-0.5439,-0.45294,-0.4476,-0.54398,-0.72993,-0.97554,-1.2434,-1.4992,-1.7011,-1.8345,-1.8962,-1.8961
-3.0003,-2.9336,-3.0015,-2.8074,-2.2046,-1.3622,-0.5033,0.22222,0.703,0.85114,0.61911,0.025154,-0.8029,-1.6009,-2.0799,-2.1313,-1.8562,-1.4126,-0.93628,-0.53345,-0.26952,-0.15636,-0.16756,-0.2717,-0.4531,-0.71,-1.0256,-1.3448,-1.5699,-1.6226,-1.5025,-1.2829,-1.0484,-0.84502,-0.68284,-0.56433,-0.51346,-0.5646,-0.73774,-1.0094,-1.3221,-1.5984,-1.7665,-1.7812,-1.6469,-1.4246,-1.201,-1.0538,-1.0251,-1.1077,-1.2619,-1.4244,-1.5244,-1.502,-1.328,-1.0165,-0.6269,-0.24501,0.042777,0.17566,0.13934,-0.032364,-0.28192,-0.54539,-0.76054,-0.87517,-0.86369,-0.74773,-0.58737,-0.45628,-0.41095,-0.47706,-0.65136,-0.90932,-1.2121,-1.5097,-1.7646,-1.9422,-2.0303,-2.0375
-2.9594,-2.9246,-2.9953,-2.7798,-2.1601,-1.3247,-0.48404,0.22255,0.68437,0.80862,0.54007,-0.10696,-0.99784,-1.8439,-2.3217,-2.3238,-1.9823,-1.4756,-0.94336,-0.49354,-0.19554,-0.066755,-0.084576,-0.21753,-0.44911,-0.77152,-1.1578,-1.5311,-1.7712,-1.7895,-1.6019,-1.3042,-0.99579,-0.72529,-0.50637,-0.34854,-0.28158,-0.34207,-0.54202,-0.85147,-1.2042,-1.5181,-1.7156,-1.7485,-1.6209,-1.393,-1.1559,-0.98846,-0.93088,-0.98057,-1.0966,-1.2228,-1.2999,-1.2749,-1.1194,-0.83763,-0.47389,-0.10552,0.17833,0.30767,0.2616,0.065798,-0.21948,-0.52304,-0.77473,-0.91559,-0.9183,-0.79695,-0.6177,-0.46179,-0.39422,-0.44696,-0.61922,-0.8856,-1.2048,-1.5313,-1.8096,-2.0073,-2.1112,-2.1286
-2.8811,-2.8778,-2.944,-2.7072,-2.0871,-1.2806,-0.47596,0.20103,0.63915,0.73816,0.43491,-0.26205,-1.2117,-2.0998,-2.5725,-2.5241,-2.1145,-1.5408,-0.94674,-0.4425,-0.10403,0.044341,0.020904,-0.14549,-0.43698,-0.84102,-1.3176,-1.7625,-2.0247,-2.0014,-1.7276,-1.3298,-0.92226,-0.56364,-0.27303,-0.069527,0.013602,-0.06032,-0.2959,-0.65641,-1.0668,-1.4383,-1.6848,-1.749,-1.6309,-1.3907,-1.1232,-0.91453,-0.81141,-0.81318,-0.88508,-0.97298,-1.0209,-0.98391,-0.83207,-0.56784,-0.22732,0.12163,0.39409,0.51602,0.4555,0.23561,-0.085627,-0.43501,-0.73654,-0.92232,-0.9507,-0.84038,-0.6536,-0.4768,-0.38304,-0.41302,-0.57385,-0.84539,-1.1872,-1.5413,-1.8594,-2.0942,-2.2225,-2.2459
-2.8051,-2.8156,-2.8724,-2.6236,-2.0191,-1.2482,-0.4793,0.17234,0.59389,0.6794,0.36028,-0.35618,-1.326,-2.2242,-2.6871,-2.615,-2.176,-1.5703,-0.94271,-0.40702,-0.044042,0.11727,0.091928,-0.093164,-0.4195,-0.87271,-1.4046,-1.8949,-2.1701,-2.1195,-1.7916,-1.3311,-0.86121,-0.4447,-0.10601,0.12889,0.22135,0.136,-0.12998,-0.53172,-0.98893,-1.4037,-1.6849,-1.7705,-1.6565,-1.407,-1.1185,-0.8805,-0.74534,-0.71171,-0.75063,-0.81168,-0.84111,-0.79211,-0.64161,-0.38283,-0.046728,0.30113,0.57396,0.69284,0.6231,0.38281,0.031565,-0.35246,-0.68682,-0.898,-0.94541,-0.83994,-0.64825,-0.46193,-0.35923,-0.38439,-0.54583,-0.82309,-1.1747,-1.549,-1.8825,-2.1299,-2.2671,-2.2948
-2.6821,-2.6979,-2.7319,-2.4731,-1.9055,-1.1995,-0.48997,0.12348,0.52401,0.59838,0.27291,-0.44537,-1.4063,-2.2839,-2.7245,-2.6412,-2.1968,-1.579,-0.93008,-0.36895,0.016789,0.1926,0.16987,-0.026348,-0.37725,-0.86847,-1.4455,-1.9735,-2.2566,-2.1784,-1.802,-1.2866,-0.76255,-0.29156,0.095186,0.36536,0.47087,0.37302,0.070427,-0.38701,-0.90851,-1.3867,-1.7154,-1.8244,-1.7107,-1.442,-1.1266,-0.85989,-0.69195,-0.62934,-0.63501,-0.65928,-0.65514,-0.58607,-0.4245,-0.16731,0.16379,0.51048,0.78519,0.90397,0.82297,0.56186,0.1851,-0.22343,-0.57884,-0.80892,-0.87103,-0.77991,-0.59933,-0.41692,-0.31092,-0.32959,-0.4869,-0.76681,-1.1297,-1.5189,-1.8738,-2.1434,-2.2983,-2.3342
-2.5387,-2.545,-2.5454,-2.2795,-1.7611,-1.1353,-0.49744,0.07029,0.45033,0.52077,0.2053,-0.48632,-1.4004,-2.2188,-2.6249,-2.5514,-2.1399,-1.5502,-0.91268,-0.34892,0.04676,0.23539,0.22586,0.041331,-0.30319,-0.79321,-1.3717,-1.8987,-2.1758,-2.0877,-1.7006,-1.173,-0.63099,-0.13698,0.27502,0.56384,0.67681,0.56933,0.23958,-0.26268,-0.84083,-1.3766,-1.752,-1.8867,-1.7767,-1.4955,-1.157,-0.8628,-0.6702,-0.58203,-0.56693,-0.57433,-0.5546,-0.46893,-0.2962,-0.028652,0.31112,0.66463,0.94442,1.0642,0.98132,0.71322,0.32556,-0.093872,-0.45533,-0.68487,-0.74829,-0.66029,-0.48706,-0.31567,-0.22118,-0.24882,-0.41176,-0.6956,-1.0635,-1.4617,-1.8289,-2.1106,-2.273,-2.3093
-2.4208,-2.4123,-2.381,-2.1088,-1.6311,-1.0719,-0.49473,0.033246,0.39678,0.4687,0.17104,-0.4834,-1.3406,-2.0967,-2.4729,-2.4177,-2.0521,-1.5075,-0.90023,-0.34962,0.046693,0.24593,0.25431,0.093388,-0.22515,-0.68652,-1.2344,-1.7316,-1.9921,-1.9097,-1.5445,-1.0412,-0.51345,-0.022802,0.39383,0.68865,0.80349,0.69075,0.34471,-0.18273,-0.79403,-1.3615,-1.7625,-1.9131,-1.8071,-1.5243,-1.1815,-0.88178,-0.68168,-0.58586,-0.55907,-0.55133,-0.51638,-0.41873,-0.23817,0.032365,0.37438,0.73158,1.0148,1.1371,1.0524,0.78209,0.3982,-0.0073156,-0.34741,-0.55786,-0.61062,-0.52824,-0.3726,-0.2201,-0.139,-0.17394,-0.34054,-0.62658,-0.99617,-1.396,-1.7658,-2.052,-2.2209,-2.2628
-2.2552,-2.2182,-2.1374,-1.8541,-1.4315,-0.96352,-0.47478,-0.0062669,0.33196,0.41092,0.14997,-0.4359,-1.1953,-1.8583,-2.1989,-2.1803,-1.8931,-1.4305,-0.885,-0.36774,0.02205,0.23684,0.27862,0.16516,-0.092656,-0.48171,-0.94929,-1.3743,-1.5999,-1.5406,-1.2416,-0.81175,-0.34174,0.11688,0.52147,0.81806,0.93656,0.82302,0.46632,-0.081944,-0.71994,-1.3177,-1.7443,-1.9126,-1.8187,-1.543,-1.205,-0.90783,-0.70726,-0.60817,-0.57565,-0.55896,-0.51197,-0.40371,-0.21324,0.061631,0.40188,0.75487,1.0364,1.1597,1.0834,0.82843,0.46654,0.090006,-0.21477,-0.38873,-0.41792,-0.32947,-0.18612,-0.059162,-0.007094,-0.064886,-0.24277,-0.52902,-0.89274,-1.2869,-1.6543,-1.9445,-2.1209,-2.1685
-2.0889,-2.014,-1.879,-1.5807,-1.2079,-0.82928,-0.43334,-0.032112,0.27764,0.36729,0.15526,-0.34408,-0.99285,-1.5633,-1.8764,-1.9039,-1.7039,-1.3357,-0.86849,-0.4007,-0.02708,0.20362,0.28902,0.24116,0.069569,-0.2167,-0.57434,-0.90865,-1.0986,-1.0773,-0.86919,-0.54275,-0.15991,0.24006,0.61334,0.89872,1.0182,0.91042,0.56037,0.015062,-0.62467,-1.2298,-1.6673,-1.8495,-1.7749,-1.5213,-1.2056,-0.92644,-0.7369,-0.64037,-0.60435,-0.58079,-0.52627,-0.41187,-0.22222,0.046465,0.37627,0.71691,0.98784,1.1094,1.0393,0.80491,0.48115,0.15825,-0.087471,-0.21237,-0.2114,-0.12239,0.00014627,0.098219,0.12388,0.046979,-0.14172,-0.43048,-0.78881,-1.1733,-1.5323,-1.817,-1.9944,-2.0495
-1.9681,-1.8613,-1.6839,-1.3721,-1.032,-0.7159,-0.38854,-0.041578,0.24423,0.3432,0.17311,-0.25508,-0.81982,-1.326,-1.6241,-1.6872,-1.5512,-1.2545,-0.85216,-0.43083,-0.076613,0.16478,0.28851,0.30188,0.20786,0.010094,-0.26006,-0.52768,-0.69655,-0.71004,-0.57495,-0.33487,-0.028873,0.31425,0.65584,0.9268,1.0465,0.94626,0.61025,0.081273,-0.54384,-1.1365,-1.5701,-1.7602,-1.7031,-1.4756,-1.1875,-0.93233,-0.75749,-0.66861,-0.62884,-0.59332,-0.52645,-0.40856,-0.2238,0.026193,0.32989,0.64685,0.90442,1.0226,0.96661,0.75915,0.47132,0.18953,-0.014083,-0.10181,-0.079089,0.017218,0.13084,0.20814,0.2103,0.11667,-0.076867,-0.35977,-0.7072,-1.0804,-1.4313,-1.7174,-1.9041,-1.9724
-1.8169,-1.6675,-1.434,-1.1014,-0.79752,-0.55665,-0.31745,-0.043318,0.20681,0.31867,0.20796,-0.12539,-0.58356,-1.0131,-1.2971,-1.4038,-1.3435,-1.1343,-0.81771,-0.46494,-0.14524,0.1065,0.28458,0.38732,0.40358,0.3255,0.16646,-0.022792,-0.17547,-0.24143,-0.20865,-0.088537,0.1105,0.37653,0.67427,0.93005,1.0521,0.96602,0.65075,0.14971,-0.44164,-1.0027,-1.4175,-1.6119,-1.5832,-1.3969,-1.1484,-0.92162,-0.76423,-0.67476,-0.62804,-0.5867,-0.5194,-0.40551,-0.24077,-0.018055,0.25212,0.53311,0.76101,0.86981,0.82455,0.65151,0.41839,0.2019,0.060053,0.017309,0.064743,0.16099,0.2593,0.31617,0.30006,0.19385,-0.0051422,-0.28569,-0.6233,-0.98268,-1.3229,-1.603,-1.7922,-1.873
-1.7147,-1.5338,-1.2608,-0.91251,-0.63001,-0.43852,-0.26072,-0.04082,0.18107,0.30203,0.23531,-0.030049,-0.41589,-0.79616,-1.0721,-1.2061,-1.1921,-1.0382,-0.78005,-0.4787,-0.18811,0.068115,0.28459,0.45132,0.54678,0.55212,0.46809,0.32668,0.1789,0.070986,0.027729,0.059914,0.18054,0.39063,0.6569,0.90255,1.0274,0.95405,0.65796,0.18343,-0.37585,-0.9065,-1.3009,-1.4938,-1.484,-1.3273,-1.1109,-0.9109,-0.76727,-0.68221,-0.62858,-0.57369,-0.49503,-0.38341,-0.23315,-0.042543,0.18448,0.42354,0.62305,0.72302,0.69168,0.5502,0.35841,0.18502,0.081368,0.067235,0.12778,0.22878,0.32242,0.3678,0.3384,0.22328,0.024009,-0.24807,-0.57237,-0.91934,-1.2506,-1.5311,-1.7305,-1.8284
-1.5981,-1.3773,-1.0572,-0.69088,-0.43003,-0.29498,-0.18902,-0.038866,0.14478,0.27537,0.26354,0.081748,-0.21944,-0.5448,-0.81127,-0.97005,-0.99955,-0.90179,-0.70927,-0.47066,-0.21956,0.036683,0.2954,0.53643,0.72454,0.82465,0.82172,0.72576,0.57343,0.40935,0.27065,0.19666,0.22119,0.36317,0.59149,0.82368,0.9529,0.89595,0.6304,0.19732,-0.31457,-0.80027,-1.1668,-1.3584,-1.3718,-1.2559,-1.0811,-0.91121,-0.78113,-0.69131,-0.62116,-0.54825,-0.46055,-0.35472,-0.23161,-0.08676,0.082583,0.26397,0.42078,0.50511,0.48932,0.38785,0.249,0.12836,0.066516,0.07787,0.15078,0.25022,0.33668,0.37501,0.342,0.2278,0.034033,-0.22803,-0.53835,-0.87047,-1.1909,-1.4669,-1.6725,-1.7902
-1.5072,-1.2514,-0.89152,-0.51229,-0.26866,-0.1785,-0.13589,-0.050158,0.093732,0.23039,0.26848,0.16116,-0.068341,-0.34958,-0.6048,-0.77272,-0.82141,-0.75396,-0.60636,-0.42054,-0.21089,0.035375,0.3223,0.62041,0.87995,1.0497,1.0985,1.0242,0.85507,0.63555,0.41763,0.25484,0.20124,0.28703,0.48732,0.7095,0.8418,0.79624,0.55256,0.15319,-0.31442,-0.75502,-1.09,-1.2748,-1.3087,-1.2276,-1.0876,-0.94237,-0.82149,-0.72479,-0.6396,-0.55017,-0.45133,-0.3495,-0.24715,-0.14291,-0.031435,0.087212,0.19597,0.26389,0.26322,0.19985,0.10625,0.024881,-0.010201,0.015204,0.091589,0.19125,0.27685,0.31528,0.28539,0.17924,-0.00072312,-0.24465,-0.53624,-0.85076,-1.1625,-1.4426,-1.6646,-1.8077
-1.4569,-1.1793,-0.79632,-0.40969,-0.17837,-0.11604,-0.11543,-0.074497,0.039271,0.17757,0.24953,0.19244,0.0085916,-0.24511,-0.4887,-0.65269,-0.69894,-0.63531,-0.50557,-0.35106,-0.1734,0.056805,0.35164,0.67832,0.97489,1.1801,1.252,1.1818,0.99288,0.73245,0.46023,0.23996,0.14052,0.19952,0.38847,0.60933,0.73996,0.6953,0.4556,0.072521,-0.3655,-0.76984,-1.0739,-1.2465,-1.2911,-1.2359,-1.1289,-1.011,-0.89949,-0.79853,-0.69335,-0.57919,-0.46405,-0.36214,-0.27608,-0.20653,-0.14063,-0.06606,0.013606,0.071272,0.086212,0.050328,-0.016596,-0.07986,-0.10692,-0.080567,-0.0059463,0.092252,0.18065,0.22584,0.20506,0.10914,-0.059702,-0.2911,-0.56852,-0.87089,-1.1733,-1.4479,-1.6715,-1.8274
-1.4141,-1.1135,-0.70996,-0.32067,-0.1055,-0.072977,-0.12061,-0.13569,-0.062003,0.07455,0.18631,0.18913,0.058641,-0.16165,-0.38482,-0.5283,-0.54935,-0.46776,-0.34127,-0.21356,-0.074753,0.12318,0.40643,0.74425,1.0643,1.2942,1.3809,1.3065,1.0887,0.77783,0.44,0.15715,0.012248,0.049743,0.2314,0.44641,0.56737,0.51274,0.27447,-0.088984,-0.48917,-0.84555,-1.1105,-1.2686,-1.3262,-1.3112,-1.25,-1.1643,-1.0663,-0.94899,-0.8157,-0.67701,-0.54938,-0.44546,-0.37845,-0.33837,-0.30975,-0.27575,-0.22971,-0.18128,-0.15782,-0.17113,-0.21215,-0.25636,-0.27673,-0.25543,-0.19039,-0.098958,-0.010609,0.044135,0.041549,-0.031086,-0.17522,-0.38288,-0.63899,-0.92221,-1.2128,-1.4854,-1.7182,-1.8939
-1.399,-1.0858,-0.67497,-0.29044,-0.08848,-0.075738,-0.15354,-0.20792,-0.16488,-0.031349,0.10598,0.14895,0.055142,-0.14045,-0.34414,-0.46181,-0.45043,-0.34109,-0.20313,-0.083953,0.031103,0.20036,0.46039,0.78474,1.1022,1.3338,1.4205,1.3373,1.0992,0.75534,0.37873,0.061231,-0.10563,-0.077238,0.1005,0.30676,0.4139,0.34453,0.099396,-0.25651,-0.63151,-0.95264,-1.1837,-1.3221,-1.3857,-1.3939,-1.3679,-1.3179,-1.2388,-1.1261,-0.98013,-0.81706,-0.66384,-0.54884,-0.47947,-0.45553,-0.45718,-0.45446,-0.4257,-0.37812,-0.33796,-0.33106,-0.35941,-0.40276,-0.4326,-0.42574,-0.37427,-0.28908,-0.19536,-0.12621,-0.11022,-0.1638,-0.28969,-0.47984,-0.7192,-0.988,-1.2673,-1.5338,-1.7673,-1.9523
-1.3991,-1.0755,-0.66577,-0.29657,-0.11477,-0.12766,-0.24092,-0.34525,-0.34207,-0.21322,-0.043522,0.04953,0.0022432,-0.15874,-0.33105,-0.40459,-0.33844,-0.17978,-0.013735,0.10602,0.19701,0.32636,0.54263,0.83005,1.1226,1.3387,1.4126,1.3117,1.0476,0.66839,0.25406,-0.094233,-0.2792,-0.25732,-0.085771,0.10476,0.18447,0.083706,-0.18396,-0.53747,-0.87822,-1.1411,-1.3132,-1.4167,-1.4817,-1.531,-1.5701,-1.5854,-1.5496,-1.441,-1.2674,-1.0656,-0.8809,-0.74485,-0.6753,-0.66232,-0.67965,-0.69195,-0.67196,-0.61986,-0.56745,-0.54659,-0.56597,-0.61054,-0.65375,-0.6699,-0.64234,-0.57219,-0.47965,-0.39589,-0.35321,-0.37463,-0.4687,-0.63037,-0.84541,-1.0931,-1.3575,-1.6165,-1.8508,-2.0454
-1.4179,-1.0902,-0.69388,-0.35098,-0.1943,-0.23097,-0.37821,-0.52888,-0.56528,-0.43877,-0.23305,-0.088561,-0.091028,-0.21736,-0.35546,-0.38108,-0.25566,-0.041341,0.16259,0.29555,0.37281,0.46464,0.63039,0.8675,1.1189,1.3042,1.3545,1.2329,0.9471,0.54442,0.10726,-0.25872,-0.45238,-0.43537,-0.27584,-0.11105,-0.070053,-0.21321,-0.51096,-0.86509,-1.1673,-1.3622,-1.461,-1.5142,-1.572,-1.662,-1.7793,-1.883,-1.9129,-1.8285,-1.6387,-1.3977,-1.1692,-1.0001,-0.90646,-0.88334,-0.90154,-0.91733,-0.89423,-0.83218,-0.7636,-0.73118,-0.75141,-0.81186,-0.88358,-0.93372,-0.93821,-0.88446,-0.78768,-0.68363,-0.61279,-0.604,-0.66777,-0.79971,-0.98731,-1.2162,-1.4622,-1.7115,-1.9462,-2.1492
-1.4414,-1.1131,-0.73436,-0.41834,-0.28476,-0.33933,-0.51208,-0.69648,-0.76065,-0.63205,-0.3928,-0.20614,-0.17499,-0.27777,-0.39249,-0.38486,-0.21741,0.038352,0.27418,0.42351,0.49803,0.56777,0.6973,0.89365,1.1076,1.2635,1.2931,1.1571,0.85997,0.44824,0.0030616,-0.36895,-0.5663,-0.55677,-0.41392,-0.27744,-0.27219,-0.44975,-0.76968,-1.1207,-1.3891,-1.5282,-1.5683,-1.5788,-1.6254,-1.739,-1.9129,-2.0921,-2.1891,-2.1396,-1.9463,-1.6768,-1.4123,-1.2093,-1.0907,-1.0476,-1.0502,-1.0556,-1.027,-0.95951,-0.88929,-0.85604,-0.87854,-0.94823,-1.0386,-1.1158,-1.1464,-1.1134,-1.023,-0.90735,-0.81095,-0.77184,-0.80958,-0.92399,-1.1009,-1.3184,-1.5599,-1.8011,-2.024,-2.2165
-1.4803,-1.1531,-0.80608,-0.53484,-0.43699,-0.51828,-0.72515,-0.95632,-1.0537,-0.9128,-0.61789,-0.36673,-0.28925,-0.36579,-0.45748,-0.41557,-0.20005,0.10671,0.38498,0.56155,0.64334,0.69607,0.78528,0.92871,1.0897,1.2037,1.2051,1.054,0.75108,0.34032,-0.10103,-0.47209,-0.67978,-0.69545,-0.58934,-0.49581,-0.53416,-0.75238,-1.0962,-1.44,-1.6611,-1.7199,-1.6751,-1.6236,-1.6459,-1.786,-2.0322,-2.3145,-2.5168,-2.534,-2.3517,-2.0489,-1.7316,-1.474,-1.3077,-1.2267,-1.199,-1.1803,-1.136,-1.0651,-0.99855,-0.97564,-1.0133,-1.1038,-1.2229,-1.3353,-1.4024,-1.3942,-1.3095,-1.1806,-1.0588,-0.98938,-0.99698,-1.0846,-1.2406,-1.4454,-1.6754,-1.9122,-2.1361,-2.3303
-1.5221,-1.197,-0.88795,-0.67044,-0.61316,-0.72257,-0.96531,-1.2442,-1.3693,-1.2024,-0.83807,-0.51361,-0.38857,-0.44579,-0.52922,-0.46947,-0.22133,0.12506,0.44253,0.65225,0.75399,0.805,0.86775,0.96692,1.0793,1.1527,1.1284,0.96873,0.6717,0.27579,-0.14858,-0.51312,-0.7339,-0.78453,-0.72546,-0.67799,-0.75539,-1.0005,-1.3573,-1.6893,-1.8651,-1.854,-1.7305,-1.6139,-1.6018,-1.745,-2.0384,-2.4072,-2.713,-2.8155,-2.672,-2.3606,-2.003,-1.6914,-1.4653,-1.3257,-1.2486,-1.1982,-1.1447,-1.0832,-1.0398,-1.0412,-1.1007,-1.213,-1.3577,-1.5015,-1.6025,-1.6216,-1.5475,-1.4093,-1.2646,-1.1696,-1.1572,-1.2329,-1.3823,-1.5831,-1.8078,-2.0329,-2.2411,-2.4214
-1.5519,-1.2272,-0.94927,-0.77572,-0.75105,-0.88249,-1.1517,-1.4648,-1.6075,-1.4134,-0.98818,-0.60537,-0.44516,-0.49402,-0.5809,-0.52147,-0.26248,0.10497,0.4494,0.68733,0.81152,0.87088,0.92391,0.99837,1.08,1.1269,1.0878,0.92737,0.64158,0.26375,-0.14342,-0.50035,-0.73099,-0.80972,-0.78765,-0.77561,-0.87679,-1.1313,-1.4805,-1.791,-1.935,-1.886,-1.7237,-1.5703,-1.5305,-1.6604,-1.963,-2.3695,-2.7376,-2.9059,-2.8041,-2.5003,-2.1252,-1.7791,-1.5149,-1.3351,-1.2188,-1.1384,-1.0754,-1.0285,-1.0122,-1.0429,-1.1258,-1.2556,-1.4167,-1.5798,-1.7024,-1.7415,-1.6795,-1.5428,-1.391,-1.2845,-1.2607,-1.3284,-1.4747,-1.6736,-1.8986,-2.1243,-2.331,-2.5058
-1.5857,-1.2593,-1.0228,-0.90915,-0.92855,-1.0878,-1.3899,-1.7445,-1.9055,-1.6679,-1.1565,-0.69665,-0.49546,-0.53931,-0.64342,-0.6012,-0.3426,0.042989,0.41937,0.69641,0.85652,0.93664,0.98763,1.039,1.0894,1.1096,1.0585,0.90309,0.63849,0.29091,-0.087921,-0.42953,-0.67064,-0.78278,-0.80403,-0.82575,-0.94159,-1.1905,-1.5184,-1.7991,-1.9118,-1.8297,-1.6337,-1.4469,-1.3742,-1.4786,-1.7667,-2.1797,-2.5854,-2.8208,-2.7916,-2.5331,-2.1619,-1.79,-1.4737,-1.2351,-1.0688,-0.95991,-0.89639,-0.87738,-0.90317,-0.97569,-1.0928,-1.2479,-1.4286,-1.6108,-1.7565,-1.8205,-1.7802,-1.6564,-1.5082,-1.4009,-1.377,-1.4471,-1.597,-1.8003,-2.0249,-2.2445,-2.4408,-2.6044
-1.6046,-1.274,-1.0664,-0.99631,-1.0473,-1.2248,-1.5473,-1.9272,-2.0976,-1.8258,-1.2527,-0.74121,-0.5155,-0.56163,-0.68696,-0.66685,-0.41665,-0.022444,0.37508,0.68028,0.86857,0.96792,1.0232,1.0656,1.1008,1.1076,1.0516,0.90238,0.65525,0.33318,-0.01939,-0.34327,-0.58479,-0.71389,-0.75856,-0.7935,-0.90712,-1.1395,-1.4453,-1.707,-1.8071,-1.7175,-1.5118,-1.3109,-1.2185,-1.2985,-1.5621,-1.9561,-2.3602,-2.6188,-2.6304,-2.4141,-2.0707,-1.7004,-1.368,-1.0965,-0.8923,-0.75737,-0.69407,-0.69866,-0.76563,-0.87732,-1.0214,-1.1925,-1.384,-1.5775,-1.7359,-1.8183,-1.7982,-1.6932,-1.5601,-1.4638,-1.4479,-1.5247,-1.6811,-1.8891,-2.1168,-2.3367,-2.5291,-2.6849
-1.6186,-1.2793,-1.1039,-1.0859,-1.1742,-1.3709,-1.7118,-2.115,-2.2894,-1.9756,-1.3336,-0.76691,-0.51948,-0.57794,-0.73837,-0.75504,-0.52262,-0.12081,0.30277,0.64254,0.86468,0.9883,1.0524,1.0895,1.1119,1.1083,1.0502,0.91187,0.68815,0.40136,0.090658,-0.19898,-0.42281,-0.55832,-0.6201,-0.66695,-0.77146,-0.97206,-1.2362,-1.465,-1.5555,-1.4785,-1.2906,-1.0946,-0.98839,-1.0316,-1.2414,-1.5797,-1.9466,-2.2103,-2.2681,-2.1103,-1.8096,-1.4586,-1.1181,-0.82575,-0.59807,-0.44691,-0.38355,-0.41394,-0.51965,-0.67514,-0.85874,-1.0595,-1.2703,-1.4759,-1.6459,-1.7472,-1.7536,-1.68,-1.5785,-1.5106,-1.5188,-1.616,-1.7885,-2.0077,-2.2398,-2.4567,-2.641,-2.7866
-1.6196,-1.2675,-1.114,-1.1362,-1.255,-1.4639,-1.8101,-2.2184,-2.3861,-2.0404,-1.3556,-0.75841,-0.50512,-0.58239,-0.78102,-0.83586,-0.62254,-0.21537,0.23127,0.60129,0.85035,0.99021,1.0579,1.0893,1.1028,1.0942,1.0412,0.91927,0.72435,0.47624,0.2096,-0.038448,-0.23593,-0.36329,-0.42691,-0.4715,-0.55689,-0.72256,-0.94595,-1.1464,-1.2356,-1.1772,-1.016,-0.83897,-0.73039,-0.75025,-0.9137,-1.1895,-1.498,-1.7288,-1.7973,-1.6864,-1.4415,-1.1293,-0.80679,-0.50937,-0.26473,-0.099624,-0.038435,-0.088148,-0.23525,-0.44038,-0.66672,-0.89377,-1.1141,-1.3204,-1.4949,-1.6083,-1.6451,-1.614,-1.5557,-1.5243,-1.5617,-1.683,-1.8763,-2.1108,-2.3522,-2.5725,-2.7542,-2.8919
-1.6125,-1.2476,-1.1027,-1.1459,-1.2813,-1.4939,-1.8346,-2.2331,-2.3883,-2.0284,-1.333,-0.73272,-0.48515,-0.57981,-0.80457,-0.88528,-0.68558,-0.27502,0.18703,0.5756,0.8385,0.98308,1.047,1.0702,1.077,1.0671,1.0207,0.91421,0.7436,0.52691,0.29477,0.080142,-0.092627,-0.20495,-0.26199,-0.29747,-0.36719,-0.50954,-0.70891,-0.89507,-0.98548,-0.94557,-0.8071,-0.64593,-0.54072,-0.54448,-0.6757,-0.90792,-1.1707,-1.3708,-1.4332,-1.3401,-1.1259,-0.84369,-0.54282,-0.25765,-0.017348,0.14716,0.20575,0.14317,-0.023303,-0.25431,-0.50832,-0.7595,-0.99645,-1.2105,-1.3864,-1.5045,-1.549,-1.5329,-1.4989,-1.4986,-1.5687,-1.7193,-1.9349,-2.1846,-2.4347,-2.6558,-2.8334,-2.9658
-1.5942,-1.2103,-1.0645,-1.1214,-1.2695,-1.4815,-1.8015,-2.1677,-2.296,-1.9327,-1.2536,-0.67483,-0.44852,-0.5665,-0.81781,-0.92524,-0.74005,-0.32628,0.15097,0.55525,0.82422,0.96166,1.0091,1.0145,1.011,1.003,0.96983,0.88847,0.75238,0.57982,0.39905,0.23351,0.10043,0.011203,-0.03551,-0.064624,-0.1226,-0.24378,-0.41811,-0.58508,-0.6743,-0.65286,-0.54482,-0.41047,-0.31501,-0.30606,-0.39994,-0.57651,-0.77933,-0.93173,-0.97612,-0.89584,-0.71372,-0.46998,-0.20107,0.061724,0.28835,0.4444,0.49418,0.41702,0.22354,-0.043499,-0.33447,-0.61368,-0.864,-1.0781,-1.2463,-1.3582,-1.4096,-1.4145,-1.4103,-1.4431,-1.5471,-1.7313,-1.9785,-2.254,-2.5221,-2.7531,-2.9324,-3.0604
-1.5687,-1.1643,-1.0048,-1.0587,-1.2092,-1.4134,-1.7013,-2.0168,-2.1095,-1.7597,-1.1283,-0.59655,-0.40272,-0.54158,-0.80856,-0.92934,-0.75167,-0.33656,0.14746,0.55462,0.81348,0.92631,0.94222,0.92077,0.90527,0.90375,0.89381,0.84594,0.751,0.62595,0.49796,0.38226,0.28667,0.21498,0.17105,0.13824,0.082662,-0.027555,-0.18668,-0.34309,-0.43383,-0.42545,-0.33672,-0.21981,-0.13077,-0.11397,-0.18318,-0.31874,-0.47184,-0.57752,-0.59224,-0.50864,-0.34724,-0.13598,0.096432,0.32895,0.5349,0.67803,0.71737,0.62597,0.41011,0.11132,-0.21635,-0.52941,-0.80183,-1.0194,-1.1741,-1.2614,-1.2879,-1.2819,-1.2875,-1.3486,-1.491,-1.7152,-1.9983,-2.3045,-2.5949,-2.8395,-3.0247,-3.1517
-1.5471,-1.1275,-0.95101,-0.99197,-1.1376,-1.332,-1.59,-1.8586,-1.9217,-1.5907,-1.0105,-0.52594,-0.36015,-0.5113,-0.78252,-0.90556,-0.7311,-0.31833,0.16387,0.56452,0.80687,0.8928,0.87761,0.83174,0.80626,0.81227,0.82576,0.80964,0.7512,0.66429,0.57252,0.48924,0.41536,0.35222,0.30455,0.26285,0.20157,0.091163,-0.063564,-0.21869,-0.31303,-0.31545,-0.23734,-0.1261,-0.037672,-0.010078,-0.060464,-0.17098,-0.29317,-0.3739,-0.37123,-0.28054,-0.12384,0.06997,0.28109,0.48879,0.67197,0.7988,0.82819,0.72573,0.49535,0.17418,-0.18098,-0.51835,-0.80325,-1.0175,-1.1535,-1.2141,-1.2175,-1.1984,-1.2029,-1.273,-1.4326,-1.6797,-1.989,-2.3208,-2.6323,-2.8923,-3.0857,-3.2136
-1.5179,-1.0794,-0.87283,-0.8853,-1.0165,-1.1943,-1.4078,-1.6102,-1.632,-1.3319,-0.83036,-0.41592,-0.28835,-0.44911,-0.71689,-0.83868,-0.67192,-0.27046,0.19985,0.58341,0.79744,0.84322,0.78379,0.7034,0.66483,0.68391,0.73211,0.7645,0.75922,0.72474,0.67783,0.62945,0.57552,0.51685,0.45641,0.39412,0.31012,0.18282,0.018833,-0.14048,-0.23974,-0.24959,-0.18121,-0.075861,0.016653,0.05795,0.033935,-0.041606,-0.12872,-0.17603,-0.15383,-0.06055,0.084393,0.25783,0.44118,0.62382,0.78731,0.89877,0.91386,0.79735,0.54414,0.19211,-0.19839,-0.56872,-0.87439,-1.0872,-1.1965,-1.2119,-1.1637,-1.1036,-1.0888,-1.1635,-1.3464,-1.6278,-1.9745,-2.341,-2.6808,-2.9589,-3.1603,-3.288
-1.4972,-1.0469,-0.81319,-0.79744,-0.91375,-1.077,-1.2571,-1.4097,-1.4012,-1.1247,-0.68369,-0.32276,-0.22155,-0.38377,-0.64257,-0.76336,-0.60881,-0.2244,0.23028,0.59731,0.78868,0.80468,0.71391,0.60966,0.56366,0.59506,0.6713,0.74167,0.77729,0.78119,0.76693,0.74036,0.69558,0.63167,0.55344,0.46578,0.3544,0.20422,0.021163,-0.15128,-0.25896,-0.272,-0.20169,-0.089946,0.013284,0.068825,0.060469,0.0014816,-0.067352,-0.099147,-0.062883,0.039617,0.18484,0.34792,0.51452,0.67538,0.81856,0.91649,0.92515,0.80162,0.53878,0.16838,-0.24766,-0.64263,-0.96179,-1.1699,-1.2557,-1.2339,-1.1478,-1.0586,-1.0282,-1.1009,-1.2936,-1.5934,-1.9634,-2.3526,-2.7121,-3.0044,-3.2128,-3.3393
-1.4724,-1.0115,-0.73852,-0.67883,-0.76991,-0.91398,-1.0524,-1.1435,-1.0968,-0.84832,-0.48057,-0.18761,-0.11733,-0.27409,-0.51643,-0.63815,-0.50887,-0.1586,0.26741,0.61052,0.77509,0.7581,0.63314,0.50423,0.45432,0.50636,0.6217,0.74185,0.82936,0.87938,0.90186,0.89632,0.8544,0.77263,0.66047,0.52629,0.36774,0.1759,-0.040112,-0.23824,-0.36445,-0.38609,-0.3118,-0.18466,-0.059066,0.023522,0.041434,0.005872,-0.042837,-0.060471,-0.015717,0.088963,0.22946,0.38039,0.53059,0.67468,0.80464,0.8946,0.8988,0.77139,0.4971,0.10784,-0.33261,-0.75245,-1.0886,-1.2964,-1.3579,-1.2957,-1.1635,-1.0358,-0.98317,-1.0521,-1.2564,-1.5778,-1.9737,-2.3881,-2.7669,-3.0688,-3.2763,-3.3934
-1.4522,-0.9866,-0.67385,-0.56767,-0.63082,-0.7564,-0.85951,-0.89618,-0.81532,-0.58711,-0.28106,-0.046218,-0.00048788,-0.14789,-0.37076,-0.49522,-0.39903,-0.092831,0.29763,0.61691,0.76244,0.72494,0.57966,0.43943,0.39534,0.47233,0.62686,0.79125,0.92095,1.0052,1.0495,1.0521,1.0028,0.89826,0.7477,0.56318,0.3492,0.10381,-0.15525,-0.38668,-0.53597,-0.57057,-0.49632,-0.35357,-0.20014,-0.085118,-0.035797,-0.046664,-0.080397,-0.088328,-0.040754,0.060403,0.19234,0.3331,0.47146,0.60783,0.73648,0.83142,0.84414,0.72452,0.45279,0.057166,-0.39792,-0.83589,-1.1862,-1.3971,-1.4488,-1.3627,-1.205,-1.0587,-0.99775,-1.0675,-1.2791,-1.612,-2.0213,-2.4475,-2.8331,-3.1376,-3.3411,-3.4455
-1.4408,-0.97547,-0.6343,-0.49403,-0.5362,-0.64991,-0.7314,-0.73266,-0.62814,-0.41004,-0.14014,0.059357,0.091344,-0.047188,-0.25654,-0.38422,-0.31499,-0.045687,0.31555,0.61851,0.75565,0.71285,0.56479,0.42753,0.39509,0.49241,0.67318,0.86262,1.0123,1.1115,1.1625,1.1648,1.1071,0.98532,0.80575,0.58415,0.32598,0.037011,-0.26376,-0.52853,-0.7014,-0.74415,-0.66399,-0.50519,-0.32813,-0.19085,-0.12301,-0.12049,-0.14604,-0.15155,-0.10372,-0.0039921,0.12429,0.25951,0.3945,0.5297,0.66229,0.76767,0.79551,0.68951,0.43091,0.043168,-0.41092,-0.85444,-1.2147,-1.4364,-1.4977,-1.4151,-1.2549,-1.1043,-1.042,-1.1163,-1.337,-1.6795,-2.0942,-2.5206,-2.899,-3.1904,-3.3781,-3.4653
-1.4302,-0.97048,-0.59633,-0.41304,-0.42959,-0.53107,-0.5897,-0.55392,-0.42077,-0.2089,0.026036,0.19142,0.2127,0.087886,-0.10579,-0.24106,-0.21021,0.0088876,0.33089,0.61448,0.74964,0.71661,0.58532,0.46904,0.46062,0.58236,0.7846,0.99139,1.1538,1.2604,1.3143,1.3113,1.239,1.0894,0.87091,0.59942,0.28877,-0.051486,-0.40162,-0.71407,-0.92607,-0.99195,-0.91061,-0.7306,-0.52442,-0.35567,-0.26182,-0.24109,-0.25749,-0.26291,-0.22395,-0.13766,-0.020868,0.10895,0.24874,0.40073,0.55789,0.68896,0.73922,0.65726,0.41633,0.049305,-0.38211,-0.80914,-1.1691,-1.4106,-1.5028,-1.4581,-1.3304,-1.2036,-1.1582,-1.2441,-1.4717,-1.8156,-2.225,-2.6383,-2.9964,-3.2612,-3.418,-3.4724
-1.4248,-0.97303,-0.57921,-0.36725,-0.36779,-0.46302,-0.50955,-0.45133,-0.29974,-0.087328,0.1306,0.28007,0.30079,0.18814,0.0053762,-0.13807,-0.13758,0.043055,0.33563,0.60678,0.74632,0.73123,0.62672,0.53913,0.55459,0.69134,0.90007,1.1084,1.2703,1.3735,1.4221,1.4101,1.324,1.1548,0.91092,0.60935,0.26785,-0.1038,-0.48256,-0.82519,-1.0662,-1.1551,-1.0833,-0.89742,-0.67564,-0.48879,-0.37944,-0.34927,-0.36288,-0.37138,-0.33971,-0.26163,-0.15086,-0.021459,0.12459,0.29032,0.46844,0.62586,0.70443,0.64587,0.4303,0.085311,-0.32821,-0.74275,-1.0992,-1.3516,-1.4735,-1.4694,-1.3854,-1.296,-1.2757,-1.3738,-1.6025,-1.9389,-2.334,-2.7261,-3.0599,-3.2982,-3.4284,-3.4572
-1.4205,-0.98324,-0.57068,-0.32833,-0.3134,-0.40519,-0.44087,-0.35972,-0.18611,0.03157,0.23952,0.38054,0.4103,0.3183,0.14761,-0.0091256,-0.049667,0.078622,0.33133,0.58845,0.74035,0.75942,0.70333,0.66601,0.71969,0.87516,1.0842,1.2827,1.4293,1.5165,1.5483,1.5198,1.416,1.228,0.96163,0.6349,0.26491,-0.13612,-0.54606,-0.92162,-1.1976,-1.3163,-1.263,-1.0823,-0.85456,-0.66077,-0.54681,-0.51509,-0.53222,-0.54558,-0.52092,-0.45168,-0.34777,-0.21482,-0.054045,0.13998,0.35553,0.55147,0.66355,0.63448,0.44626,0.13152,-0.24869,-0.63345,-0.9749,-1.2379,-1.4004,-1.4591,-1.4456,-1.4189,-1.4438,-1.5654,-1.7955,-2.1132,-2.4742,-2.8258,-3.1141,-3.3092,-3.3994,-3.3893
-1.4182,-0.99813,-0.57634,-0.31526,-0.29262,-0.38829,-0.4207,-0.32331,-0.12949,0.098769,0.30834,0.45571,0.50418,0.43722,0.28154,0.11221,0.030679,0.10571,0.31569,0.55664,0.72329,0.78302,0.78256,0.80135,0.89752,1.0723,1.2788,1.4585,1.5799,1.6413,1.6507,1.6045,1.4879,1.2896,1.0139,0.67713,0.29625,-0.11471,-0.53841,-0.93302,-1.2367,-1.3882,-1.366,-1.2081,-0.99805,-0.81511,-0.71226,-0.69373,-0.72119,-0.74875,-0.73729,-0.67652,-0.57177,-0.42821,-0.23879,-0.0060651,0.24979,0.48041,0.61905,0.61092,0.44364,0.15533,-0.19284,-0.54523,-0.8638,-1.125,-1.3154,-1.4297,-1.4859,-1.5235,-1.592,-1.7302,-1.9512,-2.2394,-2.5569,-2.8542,-3.0935,-3.2445,-3.297,-3.2552
-1.4168,-1.0112,-0.58902,-0.32182,-0.30002,-0.40275,-0.43839,-0.33179,-0.12387,0.11589,0.33444,0.4937,0.56083,0.51599,0.37417,0.19808,0.08737,0.12122,0.29515,0.51966,0.69524,0.78651,0.83119,0.89576,1.0256,1.2145,1.4162,1.579,1.6785,1.7188,1.711,1.6523,1.528,1.326,1.051,0.71865,0.34513,-0.058946,-0.47985,-0.87944,-1.1981,-1.3727,-1.3807,-1.2569,-1.0784,-0.92667,-0.84887,-0.84745,-0.88762,-0.91887,-0.90978,-0.85133,-0.74545,-0.58997,-0.38115,-0.12011,0.1667,0.42342,0.57892,0.57832,0.41819,0.14121,-0.18771,-0.51495,-0.80992,-1.0586,-1.2539,-1.3945,-1.4896,-1.5666,-1.6636,-1.8119,-2.0217,-2.2788,-2.5523,-2.8078,-3.005,-3.1248,-3.1571,-3.1001
-1.4144,-1.0293,-0.61426,-0.3504,-0.33856,-0.45811,-0.50456,-0.39112,-0.16563,0.094522,0.33433,0.51745,0.6152,0.60354,0.48203,0.30101,0.156,0.13501,0.25493,0.44879,0.6288,0.75819,0.86251,0.99009,1.1661,1.3754,1.5722,1.7128,1.7828,1.795,1.7651,1.6937,1.5643,1.3658,1.1017,0.78871,0.44068,0.060225,-0.34216,-0.73923,-1.0719,-1.2821,-1.3389,-1.2712,-1.1519,-1.0583,-1.0341,-1.0756,-1.1417,-1.1815,-1.1678,-1.0985,-0.978,-0.80119,-0.5604,-0.26124,0.061328,0.34239,0.50703,0.50495,0.33974,0.065213,-0.24705,-0.54293,-0.79824,-1.0109,-1.1888,-1.3333,-1.4526,-1.5596,-1.6743,-1.8164,-1.9957,-2.2061,-2.4269,-2.6265,-2.7858,-2.8788,-2.891,-2.8159
-1.4113,-1.0453,-0.6459,-0.39726,-0.40666,-0.55222,-0.61743,-0.50529,-0.26281,0.024137,0.29333,0.50903,0.64342,0.66634,0.5674,0.3855,0.21095,0.13703,0.19849,0.35169,0.52512,0.68382,0.84165,1.028,1.2503,1.4824,1.6785,1.8011,1.8451,1.8326,1.786,1.7092,1.5868,1.4044,1.1631,0.87627,0.55593,0.20428,-0.17541,-0.55952,-0.89952,-1.1389,-1.2482,-1.2484,-1.2049,-1.1852,-1.2291,-1.325,-1.4201,-1.466,-1.4406,-1.3512,-1.2065,-1.0012,-0.72593,-0.39089,-0.040329,0.25299,0.41241,0.3939,0.20973,-0.073385,-0.37443,-0.6374,-0.84467,-1.006,-1.1369,-1.2544,-1.3637,-1.4673,-1.5722,-1.6902,-1.8304,-1.9915,-2.16,-2.3164,-2.4377,-2.507,-2.5117,-2.4414
-1.4088,-1.055,-0.67169,-0.4415,-0.47407,-0.64486,-0.72946,-0.62368,-0.37018,-0.060597,0.23574,0.48077,0.64536,0.69566,0.61459,0.43426,0.24072,0.12841,0.14313,0.25944,0.42015,0.59339,0.78571,1.0125,1.2684,1.5186,1.7166,1.83,1.8599,1.8343,1.781,1.7055,1.5931,1.4275,1.2078,0.94541,0.64963,0.32066,-0.042924,-0.41877,-0.76281,-1.0208,-1.1676,-1.2231,-1.2433,-1.2914,-1.3951,-1.5329,-1.6484,-1.6882,-1.6415,-1.5259,-1.3552,-1.1246,-0.82515,-0.47186,-0.11309,0.17691,0.32352,0.2843,0.082621,-0.20906,-0.50536,-0.74768,-0.91832,-1.0307,-1.1125,-1.1818,-1.2512,-1.3258,-1.409,-1.5052,-1.6184,-1.7477,-1.8854,-2.0153,-2.1234,-2.1898,-2.1957,-2.1236
-1.4048,-1.0639,-0.70628,-0.50829,-0.58029,-0.79233,-0.91179,-0.82124,-0.55538,-0.21334,0.12522,0.41365,0.61962,0.70606,0.649,0.47432,0.26093,0.10168,0.053092,0.11194,0.24281,0.42267,0.65065,0.92486,1.2231,1.5,1.7065,1.8152,1.8352,1.8012,1.7467,1.6798,1.5859,1.4472,1.2589,1.0307,0.76759,0.46636,0.12281,-0.24532,-0.5963,-0.88397,-1.0827,-1.2092,-1.3131,-1.445,-1.6231,-1.8135,-1.9477,-1.9734,-1.8898,-1.7302,-1.5189,-1.255,-0.93212,-0.56403,-0.20122,0.078941,0.20029,0.12708,-0.11159,-0.4277,-0.72024,-0.92468,-1.0303,-1.0642,-1.0625,-1.0569,-1.063,-1.0838,-1.1192,-1.1719,-1.246,-1.3415,-1.4511,-1.5611,-1.6547,-1.7134,-1.7197,-1.6563
-1.4022,-1.0682,-0.73118,-0.56232,-0.66898,-0.91775,-1.0685,-0.99376,-0.72145,-0.35345,0.019185,0.34226,0.57839,0.6888,0.6484,0.48005,0.25713,0.069287,-0.02342,-0.011314,0.087189,0.25979,0.50409,0.80724,1.1344,1.4325,1.651,1.7638,1.784,1.7506,1.7004,1.6454,1.5696,1.4537,1.2895,1.0828,0.83857,0.55233,0.2221,-0.13956,-0.49588,-0.80657,-1.0462,-1.2252,-1.3877,-1.5746,-1.7992,-2.0202,-2.159,-2.1654,-2.0452,-1.8446,-1.5982,-1.3114,-0.97697,-0.61034,-0.26058,-0.0023458,0.091986,-0.010598,-0.27257,-0.59877,-0.8836,-1.0608,-1.1206,-1.0935,-1.0253,-0.95054,-0.89189,-0.85873,-0.85376,-0.8779,-0.93104,-1.0099,-1.1063,-1.2059,-1.295,-1.3563,-1.3703,-1.3151
-1.4013,-1.0714,-0.76243,-0.63747,-0.79455,-1.0977,-1.2974,-1.2492,-0.96916,-0.56524,-0.14426,0.2245,0.49547,0.63004,0.60566,0.44604,0.2187,0.0053666,-0.13598,-0.18509,-0.13993,0.0055917,0.25431,0.58397,0.9448,1.2727,1.5133,1.6411,1.6721,1.6491,1.6134,1.5794,1.5318,1.4475,1.3145,1.1331,0.90719,0.63349,0.30976,-0.050461,-0.41705,-0.751,-1.0341,-1.2757,-1.5066,-1.7618,-2.0365,-2.2765,-2.402,-2.3623,-2.1848,-1.932,-1.6475,-1.3391,-1.0036,-0.65221,-0.33033,-0.10905,-0.057034,-0.19959,-0.49287,-0.82962,-1.0947,-1.2219,-1.2103,-1.1017,-0.94417,-0.78632,-0.65121,-0.55066,-0.49059,-0.47484,-0.50375,-0.57113,-0.66353,-0.76011,-0.85034,-0.91062,-0.92295,-0.87007
-1.4047,-1.0739,-0.79125,-0.71179,-0.92248,-1.2848,-1.5392,-1.5203,-1.233,-0.7913,-0.32069,0.090064,0.38671,0.53299,0.51576,0.36434,0.14139,-0.082352,-0.25736,-0.36144,-0.37746,-0.27803,-0.046753,0.29336,0.68084,1.0407,1.3108,1.4644,1.5173,1.5156,1.5023,1.4926,1.4723,1.4165,1.3102,1.1521,0.94263,0.6783,0.35572,-0.011982,-0.39396,-0.75668,-1.0783,-1.3648,-1.6432,-1.9346,-2.2285,-2.4635,-2.5561,-2.469,-2.2412,-1.9461,-1.6338,-1.3173,-0.99304,-0.6722,-0.39488,-0.22384,-0.2181,-0.39548,-0.70303,-1.0304,-1.2649,-1.3444,-1.2705,-1.0868,-0.85373,-0.61212,-0.39955,-0.23884,-0.14098,-0.10643,-0.12694,-0.18834,-0.27388,-0.37225,-0.45566,-0.51339,-0.53171,-0.49435
-1.4117,-1.0775,-0.81185,-0.76554,-1.0171,-1.4239,-1.7206,-1.7246,-1.431,-0.95936,-0.45218,-0.014524,0.292,0.43683,0.41834,0.27164,0.057019,-0.16467,-0.35452,-0.49335,-0.5562,-0.50045,-0.29557,0.040783,0.44197,0.82571,1.123,1.3043,1.3828,1.404,1.4104,1.4178,1.4139,1.3748,1.2847,1.1406,0.94162,0.6824,0.36223,-0.0085904,-0.40069,-0.78321,-1.1317,-1.4448,-1.744,-2.043,-2.3288,-2.5406,-2.5991,-2.4781,-2.2221,-1.9073,-1.5864,-1.2749,-0.9704,-0.68257,-0.44467,-0.31192,-0.33757,-0.53436,-0.84514,-1.1564,-1.3564,-1.3907,-1.2707,-1.0453,-0.76528,-0.48705,-0.24097,-0.048676,0.07762,0.13411,0.12543,0.064581,-0.028828,-0.12681,-0.22029,-0.28629,-0.30849,-0.27226
-1.4295,-1.0865,-0.84043,-0.83438,-1.1373,-1.6003,-1.9496,-1.9799,-1.6743,-1.1625,-0.61131,-0.14844,0.15633,0.28411,0.25389,0.11171,-0.086101,-0.29431,-0.49118,-0.6661,-0.78847,-0.7978,-0.6424,-0.32747,0.082793,0.49802,0.84049,1.0702,1.1952,1.2527,1.2847,1.3095,1.3181,1.2928,1.2201,1.0934,0.90816,0.65609,0.33675,-0.037304,-0.43888,-0.83293,-1.1981,-1.5299,-1.8366,-2.1289,-2.3835,-2.543,-2.5481,-2.3867,-2.1133,-1.8002,-1.4935,-1.2058,-0.93837,-0.69743,-0.51161,-0.42724,-0.4866,-0.69483,-0.98694,-1.259,-1.4134,-1.4048,-1.2446,-0.97675,-0.65958,-0.33358,-0.0432,0.18068,0.32131,0.37735,0.36119,0.29427,0.20102,0.098328,0.014311,-0.043128,-0.06578,-0.044256
-1.4498,-1.099,-0.86399,-0.88412,-1.2221,-1.7212,-2.1015,-2.1464,-1.8279,-1.2865,-0.70787,-0.23688,0.054266,0.15778,0.11108,-0.029231,-0.21117,-0.4034,-0.59823,-0.79288,-0.95554,-1.015,-0.90303,-0.61098,-0.19749,0.24258,0.62319,0.8944,1.0561,1.1405,1.1883,1.2203,1.2332,1.2132,1.1498,1.0356,0.86254,0.62056,0.30421,-0.071193,-0.47537,-0.87405,-1.2416,-1.5707,-1.867,-2.1309,-2.3426,-2.4555,-2.4253,-2.2528,-1.987,-1.691,-1.4063,-1.1465,-0.91143,-0.70719,-0.55866,-0.50663,-0.58604,-0.79156,-1.0623,-1.2945,-1.4035,-1.3588,-1.1783,-0.90235,-0.57235,-0.24085,0.056441,0.28933,0.43944,0.50252,0.48819,0.41679,0.31443,0.21255,0.12049,0.056224,0.030044,0.049939
-1.487,-1.1252,-0.90083,-0.95009,-1.3258,-1.8608,-2.2684,-2.3196,-1.9793,-1.4007,-0.79786,-0.33177,-0.076011,-0.019362,-0.097474,-0.23832,-0.39584,-0.56038,-0.74592,-0.96003,-1.1692,-1.2906,-1.2357,-0.97395,-0.55595,-0.080674,0.3529,0.67967,0.88697,1.0019,1.0617,1.0931,1.1005,1.0795,1.0226,0.92427,0.77147,0.54887,0.25031,-0.1115,-0.50574,-0.89866,-1.2604,-1.5754,-1.8406,-2.0512,-2.1933,-2.24,-2.1733,-2.0026,-1.7693,-1.5195,-1.2836,-1.0718,-0.88603,-0.7307,-0.6242,-0.5975,-0.67701,-0.85622,-1.0758,-1.2546,-1.3258,-1.2637,-1.0792,-0.80307,-0.47912,-0.14309,0.15854,0.39065,0.53273,0.58188,0.55177,0.46798,0.36081,0.25499,0.17258,0.12163,0.10364,0.11812
-1.5371,-1.1642,-0.94755,-1.017,-1.4192,-1.9736,-2.386,-2.426,-2.0579,-1.4507,-0.83861,-0.39554,-0.19121,-0.19498,-0.31332,-0.45678,-0.58743,-0.72059,-0.89327,-1.1224,-1.3694,-1.539,-1.5276,-1.2886,-0.86291,-0.35296,0.12765,0.50193,0.7462,0.88183,0.94477,0.96418,0.95449,0.92113,0.86512,0.78114,0.65202,0.45642,0.18515,-0.14934,-0.51784,-0.8852,-1.2229,-1.5101,-1.7325,-1.8835,-1.9556,-1.9452,-1.8567,-1.7087,-1.5284,-1.3436,-1.1716,-1.0166,-0.87866,-0.75987,-0.67627,-0.65526,-0.71838,-0.85522,-1.0209,-1.1468,-1.1839,-1.1156,-0.94786,-0.69958,-0.39855,-0.086896,0.19384,0.40729,0.53221,0.56618,0.52381,0.43147,0.31993,0.21653,0.14125,0.096647,0.080626,0.089532
-1.5831,-1.2031,-0.98974,-1.0694,-1.4834,-2.0398,-2.4406,-2.4606,-2.0703,-1.4483,-0.83942,-0.42286,-0.26474,-0.31929,-0.47162,-0.61795,-0.72718,-0.83653,-1.0005,-1.2391,-1.507,-1.7001,-1.7077,-1.4757,-1.0409,-0.50771,0.0027702,0.40368,0.66583,0.80631,0.86246,0.86601,0.83757,0.79009,0.73217,0.65907,0.55123,0.38155,0.13591,-0.17361,-0.51719,-0.8586,-1.1692,-1.4264,-1.6127,-1.7189,-1.7438,-1.6989,-1.6041,-1.4823,-1.3509,-1.2211,-1.099,-0.98637,-0.8799,-0.78397,-0.71005,-0.67912,-0.71104,-0.80407,-0.92575,-1.0252,-1.0588,-1.0044,-0.85925,-0.6357,-0.36215,-0.072284,0.18902,0.3843,0.49109,0.5066,0.44669,0.34055,0.22227,0.12067,0.051639,0.019916,0.019045,0.038738
-1.6545,-1.2683,-1.0575,-1.1437,-1.5623,-2.1064,-2.4742,-2.4565,-2.0386,-1.4074,-0.81427,-0.44046,-0.34679,-0.47046,-0.66803,-0.816,-0.89543,-0.97544,-1.1315,-1.3818,-1.6668,-1.8713,-1.8805,-1.6415,-1.1893,-0.63167,-0.095321,0.32416,0.59101,0.72111,0.75474,0.7291,0.67277,0.60623,0.54499,0.48804,0.41209,0.28233,0.07802,-0.19291,-0.49832,-0.80447,-1.0772,-1.2904,-1.4274,-1.4772,-1.4513,-1.3758,-1.2825,-1.1978,-1.1312,-1.0793,-1.0314,-0.97546,-0.90562,-0.82249,-0.73866,-0.67632,-0.6585,-0.69613,-0.7699,-0.84498,-0.88355,-0.85747,-0.7529,-0.57302,-0.33813,-0.08873,0.13415,0.29419,0.37038,0.36096,0.28259,0.16563,0.045492,-0.050235,-0.10262,-0.11657,-0.10522,-0.083269
-1.7361,-1.3474,-1.1383,-1.2246,-1.6361,-2.154,-2.4751,-2.4146,-1.9759,-1.3483,-0.77944,-0.44929,-0.41537,-0.60075,-0.83459,-0.97756,-1.0276,-1.0839,-1.237,-1.4991,-1.7918,-1.9858,-1.9704,-1.7053,-1.2329,-0.66162,-0.11953,0.29528,0.54612,0.65103,0.65175,0.59274,0.50688,0.42438,0.36483,0.32884,0.28594,0.19274,0.026135,-0.20642,-0.47334,-0.73807,-0.9715,-1.1473,-1.2431,-1.2513,-1.1859,-1.0871,-1.0005,-0.95436,-0.95113,-0.97254,-0.99297,-0.98935,-0.9463,-0.86152,-0.74835,-0.63583,-0.56053,-0.5473,-0.5962,-0.67644,-0.74339,-0.7569,-0.69323,-0.55128,-0.35547,-0.14093,0.046154,0.17001,0.21199,0.17313,0.072359,-0.058297,-0.18231,-0.26837,-0.3073,-0.30308,-0.27179,-0.23147
-1.8021,-1.4151,-1.2067,-1.2902,-1.6905,-2.1817,-2.4654,-2.3746,-1.9265,-1.3081,-0.75977,-0.45869,-0.46192,-0.68286,-0.93392,-1.0679,-1.0967,-1.1385,-1.2916,-1.561,-1.8527,-2.028,-1.9829,-1.6916,-1.2054,-0.63345,-0.10164,0.29474,0.52263,0.60183,0.57783,0.4968,0.39504,0.3067,0.25444,0.23648,0.21632,0.14602,-0.0024392,-0.21681,-0.46229,-0.70024,-0.90379,-1.0507,-1.1188,-1.1017,-1.0145,-0.90292,-0.82211,-0.8003,-0.83911,-0.91137,-0.97937,-1.0085,-0.9793,-0.88782,-0.7496,-0.59915,-0.48284,-0.44201,-0.47971,-0.5696,-0.66166,-0.70693,-0.67471,-0.56122,-0.38866,-0.20088,-0.041295,0.055648,0.073257,0.014194,-0.10144,-0.24046,-0.36488,-0.44668,-0.46878,-0.44299,-0.39162,-0.33832
-1.8942,-1.5148,-1.308,-1.3845,-1.7638,-2.2164,-2.4534,-2.33,-1.8801,-1.2802,-0.75762,-0.48663,-0.52336,-0.77238,-1.0308,-1.1459,-1.146,-1.1703,-1.3229,-1.5968,-1.8788,-2.0218,-1.9337,-1.6088,-1.111,-0.54976,-0.046795,0.31118,0.4963,0.53531,0.48044,0.37932,0.27204,0.18984,0.15514,0.16064,0.16547,0.11691,-0.015509,-0.21669,-0.44652,-0.66471,-0.84157,-0.95528,-0.98907,-0.93552,-0.8214,-0.69957,-0.62565,-0.6355,-0.72283,-0.853,-0.97659,-1.0464,-1.0293,-0.91818,-0.73614,-0.53377,-0.37516,-0.31034,-0.35556,-0.47579,-0.60902,-0.69444,-0.69452,-0.6057,-0.45696,-0.29342,-0.16276,-0.097095,-0.10896,-0.19262,-0.32679,-0.47758,-0.60552,-0.67658,-0.6841,-0.6377,-0.56291,-0.48621
-1.9647,-1.595,-1.3909,-1.461,-1.8221,-2.2458,-2.4531,-2.3137,-1.8699,-1.287,-0.78118,-0.52519,-0.57356,-0.82729,-1.0781,-1.1737,-1.1516,-1.1621,-1.3106,-1.5822,-1.8527,-1.9721,-1.8577,-1.516,-1.0175,-0.47153,0.0047052,0.32879,0.4786,0.48701,0.41102,0.30293,0.20185,0.13572,0.12127,0.14575,0.16542,0.12348,-0.0049407,-0.2049,-0.43256,-0.64486,-0.81217,-0.91151,-0.92448,-0.84891,-0.7131,-0.5774,-0.50453,-0.52974,-0.64583,-0.81166,-0.96995,-1.0652,-1.0574,-0.93854,-0.73385,-0.50095,-0.31544,-0.24166,-0.294,-0.43664,-0.59923,-0.71186,-0.73191,-0.65624,-0.51716,-0.36639,-0.252,-0.20583,-0.238,-0.33939,-0.48582,-0.6421,-0.76869,-0.83549,-0.8277,-0.76206,-0.66749,-0.57367
-2.058,-1.7063,-1.5095,-1.5696,-1.9061,-2.2966,-2.4745,-2.3285,-1.9008,-1.3407,-0.85232,-0.60447,-0.65053,-0.8896,-1.1136,-1.1765,-1.1262,-1.1179,-1.2547,-1.5148,-1.767,-1.8605,-1.7221,-1.3706,-0.88278,-0.36678,0.06692,0.34343,0.44774,0.42031,0.32486,0.21968,0.14306,0.11531,0.1385,0.19045,0.21985,0.17308,0.028181,-0.19039,-0.43067,-0.64543,-0.80243,-0.88153,-0.86864,-0.76395,-0.60168,-0.44702,-0.3684,-0.40342,-0.54659,-0.75348,-0.95753,-1.0891,-1.0997,-0.9733,-0.74106,-0.47547,-0.26793,-0.19022,-0.26081,-0.43511,-0.63067,-0.76778,-0.80075,-0.73065,-0.5973,-0.45601,-0.35758,-0.33094,-0.38215,-0.49946,-0.65803,-0.82247,-0.95196,-1.0126,-0.99213,-0.90753,-0.79066,-0.67377
-2.1477,-1.8193,-1.6341,-1.6848,-1.9993,-2.3662,-2.5313,-2.394,-1.9878,-1.4479,-0.96913,-0.71582,-0.7407,-0.94417,-1.1242,-1.1491,-1.0737,-1.0478,-1.1672,-1.4072,-1.638,-1.7131,-1.5656,-1.2199,-0.75572,-0.27794,0.10992,0.33901,0.40216,0.34767,0.24625,0.16001,0.12322,0.14348,0.20705,0.28029,0.30908,0.24606,0.074675,-0.17131,-0.43521,-0.66273,-0.82044,-0.88782,-0.85094,-0.71693,-0.52574,-0.34884,-0.25836,-0.29507,-0.45261,-0.68558,-0.92442,-1.0944,-1.1333,-1.0194,-0.78301,-0.50385,-0.28415,-0.2048,-0.28574,-0.47714,-0.68965,-0.838,-0.87498,-0.80435,-0.67122,-0.53452,-0.44499,-0.43007,-0.49323,-0.62086,-0.78799,-0.95967,-1.0937,-1.15,-1.1218,-1.0204,-0.87949,-0.73544
-2.2108,-1.9027,-1.7293,-1.7745,-2.0765,-2.433,-2.5996,-2.4766,-2.0885,-1.5605,-1.0821,-0.81733,-0.81722,-0.98287,-1.1232,-1.1193,-1.0276,-0.98955,-1.0935,-1.3129,-1.5232,-1.5866,-1.4409,-1.1105,-0.67197,-0.22723,0.124,0.31856,0.35523,0.28811,0.19236,0.12924,0.12573,0.17951,0.26879,0.35278,0.37948,0.30276,0.1131,-0.1548,-0.44137,-0.68751,-0.85531,-0.91966,-0.86681,-0.70877,-0.49168,-0.29313,-0.18966,-0.21976,-0.37974,-0.62554,-0.88839,-1.088,-1.161,-1.0735,-0.84907,-0.56872,-0.34261,-0.26006,-0.34085,-0.53478,-0.74777,-0.8921,-0.9228,-0.84823,-0.71619,-0.5848,-0.50213,-0.49325,-0.56156,-0.69438,-0.86628,-1.0397,-1.1702,-1.2243,-1.1823,-1.067,-0.91617,-0.76575
-2.2879,-2.0094,-1.855,-1.8962,-2.1863,-2.5406,-2.7242,-2.6294,-2.2663,-1.7466,-1.2592,-0.96866,-0.92524,-1.0337,-1.119,-1.0798,-0.97173,-0.92009,-0.99992,-1.1846,-1.3624,-1.4114,-1.2755,-0.97463,-0.57862,-0.18305,0.11876,0.27002,0.27825,0.20252,0.12166,0.093189,0.13254,0.22665,0.34359,0.43992,0.46351,0.37026,0.15479,-0.14707,-0.46821,-0.74577,-0.92943,-0.98939,-0.91581,-0.7248,-0.47405,-0.24695,-0.12043,-0.139,-0.29887,-0.55782,-0.84783,-1.0912,-1.2108,-1.1646,-0.96869,-0.70245,-0.47816,-0.38718,-0.456,-0.63338,-0.82744,-0.95391,-0.9719,-0.89312,-0.76693,-0.64773,-0.57922,-0.58087,-0.65156,-0.77833,-0.94053,-1.1072,-1.2367,-1.2856,-1.2435,-1.1217,-0.956,-0.78526
-2.3548,-2.1085,-1.9747,-2.0155,-2.2994,-2.6652,-2.8792,-2.8206,-2.4797,-1.9597,-1.4524,-1.1275,-1.0357,-1.0872,-1.1227,-1.0556,-0.93612,-0.86981,-0.91874,-1.0596,-1.1986,-1.2329,-1.1112,-0.84668,-0.50047,-0.15935,0.090905,0.20236,0.18601,0.10718,0.044107,0.048581,0.12871,0.25718,0.39371,0.49365,0.5082,0.4011,0.1655,-0.16037,-0.51158,-0.81809,-1.023,-1.0891,-1.0025,-0.78633,-0.50492,-0.24783,-0.096426,-0.094374,-0.24043,-0.49725,-0.80397,-1.0852,-1.2637,-1.2829,-1.1389,-0.89813,-0.6735,-0.56502,-0.60236,-0.74024,-0.89308,-0.98652,-0.98962,-0.91744,-0.81075,-0.71934,-0.67233,-0.68166,-0.7463,-0.85898,-1.0055,-1.1582,-1.276,-1.3186,-1.2688,-1.14,-0.96869,-0.79278
-2.3963,-2.1753,-2.0576,-2.1,-2.3836,-2.7641,-3.0079,-2.9789,-2.6515,-2.1253,-1.5973,-1.2431,-1.116,-1.129,-1.1344,-1.0545,-0.9293,-0.84928,-0.86905,-0.97062,-1.0756,-1.0961,-0.98559,-0.75282,-0.44943,-0.15351,0.0577,0.14166,0.11286,0.036268,-0.012878,0.011547,0.11084,0.25315,0.39709,0.49757,0.50989,0.39881,0.1587,-0.17684,-0.54635,-0.87721,-1.1059,-1.1841,-1.0936,-0.86121,-0.55798,-0.27943,-0.10893,-0.089303,-0.22162,-0.47242,-0.78585,-1.09,-1.3093,-1.3768,-1.2746,-1.0579,-0.83503,-0.70722,-0.71048,-0.80782,-0.92326,-0.99156,-0.98693,-0.92407,-0.84174,-0.7751,-0.74857,-0.76838,-0.83019,-0.92742,-1.0511,-1.1813,-1.2836,-1.319,-1.2682,-1.1428,-0.97493,-0.79934
-2.4397,-2.2508,-2.1568,-2.2017,-2.4883,-2.8942,-3.1823,-3.191,-2.8746,-2.333,-1.7746,-1.3829,-1.2129,-1.1845,-1.1637,-1.076,-0.94727,-0.84685,-0.82032,-0.85964,-0.91019,-0.90628,-0.80897,-0.62089,-0.37985,-0.14972,0.0065103,0.054293,0.01345,-0.05562,-0.087123,-0.045566,0.062234,0.20733,0.35284,0.45863,0.47941,0.37571,0.13746,-0.20813,-0.59858,-0.96149,-1.2205,-1.3172,-1.231,-0.9867,-0.66509,-0.3666,-0.17323,-0.13184,-0.24205,-0.47347,-0.77765,-1.0957,-1.3512,-1.4764,-1.4359,-1.2612,-1.0453,-0.88615,-0.83544,-0.86693,-0.92141,-0.95057,-0.93995,-0.90424,-0.86699,-0.85304,-0.8656,-0.89818,-0.94586,-1.0121,-1.1009,-1.2018,-1.2842,-1.3093,-1.259,-1.1367,-0.97157,-0.79779
-2.4624,-2.2958,-2.2183,-2.2667,-2.5561,-2.9825,-3.3042,-3.3371,-3.0234,-2.4668,-1.8871,-1.471,-1.2749,-1.2252,-1.1947,-1.1087,-0.97982,-0.86208,-0.79513,-0.77987,-0.78197,-0.75448,-0.6646,-0.50995,-0.31823,-0.14108,-0.030375,-0.010673,-0.059371,-0.12172,-0.14195,-0.094781,0.010432,0.14953,0.29237,0.40204,0.43287,0.34176,0.11334,-0.22946,-0.62859,-1.0079,-1.2883,-1.4064,-1.3326,-1.0968,-0.77574,-0.46901,-0.26278,-0.1988,-0.28223,-0.48881,-0.77718,-1.0903,-1.365,-1.5281,-1.5307,-1.3841,-1.1672,-0.98347,-0.88173,-0.86004,-0.87527,-0.8875,-0.8827,-0.87125,-0.87338,-0.89755,-0.94082,-0.98897,-1.0326,-1.0771,-1.1341,-1.2033,-1.2627,-1.2789,-1.2278,-1.1151,-0.96428,-0.80349
-2.4789,-2.3395,-2.28,-2.3332,-2.6256,-3.076,-3.4375,-3.4937,-3.1757,-2.5997,-1.9967,-1.5579,-1.3403,-1.2758,-1.2461,-1.1712,-1.0429,-0.8947,-0.76275,-0.66544,-0.59729,-0.53494,-0.45322,-0.34229,-0.21781,-0.1138,-0.066185,-0.08532,-0.14599,-0.20077,-0.21108,-0.1652,-0.070927,0.054065,0.18966,0.30354,0.3513,0.28673,0.08586,-0.23845,-0.6373,-1.0367,-1.351,-1.5028,-1.4571,-1.2378,-0.92694,-0.62401,-0.40861,-0.32465,-0.37704,-0.54596,-0.79696,-1.0851,-1.3511,-1.5272,-1.5609,-1.447,-1.242,-1.0302,-0.8797,-0.79811,-0.76294,-0.75181,-0.75827,-0.7884,-0.84618,-0.9313,-1.0189,-1.0827,-1.1137,-1.1281,-1.1508,-1.1904,-1.2291,-1.234,-1.1864,-1.0824,-0.9419,-0.7917
-2.4785,-2.3623,-2.3171,-2.3729,-2.665,-3.1316,-3.5193,-3.5869,-3.2588,-2.6681,-2.0536,-1.6053,-1.3813,-1.3185,-1.3038,-1.2464,-1.1162,-0.92875,-0.72104,-0.53311,-0.39032,-0.29177,-0.21782,-0.15095,-0.093509,-0.064003,-0.081537,-0.14122,-0.21355,-0.26073,-0.26351,-0.22593,-0.15532,-0.055714,0.067727,0.19168,0.26725,0.23983,0.072887,-0.22659,-0.61443,-1.0178,-1.3508,-1.5342,-1.5277,-1.3496,-1.0742,-0.79375,-0.58241,-0.48182,-0.49811,-0.61661,-0.81191,-1.0498,-1.2827,-1.4533,-1.5047,-1.4116,-1.2076,-0.97479,-0.77941,-0.6545,-0.59334,-0.57891,-0.60279,-0.6664,-0.77257,-0.9024,-1.0274,-1.1139,-1.1486,-1.149,-1.1457,-1.1553,-1.1689,-1.1626,-1.1143,-1.0241,-0.90651,-0.78024
-2.4664,-2.364,-2.3279,-2.3845,-2.6727,-3.1427,-3.5389,-3.6076,-3.2721,-2.6759,-2.0626,-1.6157,-1.3945,-1.342,-1.3443,-1.3019,-1.1682,-0.9477,-0.68004,-0.42228,-0.22255,-0.096006,-0.026366,0.0094327,0.017943,-0.0085218,-0.075272,-0.16651,-0.24784,-0.29037,-0.28974,-0.26036,-0.2121,-0.13702,-0.026456,0.10498,0.20592,0.2103,0.07403,-0.20275,-0.57549,-0.97205,-1.3076,-1.5081,-1.5321,-1.3984,-1.1669,-0.91643,-0.71768,-0.60558,-0.59256,-0.67135,-0.82274,-1.0158,-1.2127,-1.3582,-1.3983,-1.3058,-1.1054,-0.864,-0.65691,-0.51638,-0.44329,-0.428,-0.46542,-0.55477,-0.68829,-0.85002,-0.99972,-1.0989,-1.1346,-1.1283,-1.1141,-1.1116,-1.1145,-1.1011,-1.0559,-0.97434,-0.8684,-0.75523
-2.4347,-2.3455,-2.3186,-2.3745,-2.6533,-3.1152,-3.5072,-3.5683,-3.2264,-2.6343,-2.0341,-1.6013,-1.3921,-1.3573,-1.3836,-1.3605,-1.22,-0.95284,-0.60515,-0.25789,0.013297,0.17666,0.24454,0.24366,0.1911,0.092427,-0.040095,-0.17562,-0.27415,-0.31562,-0.31441,-0.29619,-0.27173,-0.22473,-0.1317,0.0010041,0.12593,0.16849,0.076148,-0.16096,-0.50279,-0.88058,-1.2123,-1.4261,-1.4874,-1.4048,-1.2319,-1.0351,-0.86514,-0.75737,-0.71974,-0.74912,-0.8358,-0.96372,-1.0988,-1.1985,-1.2126,-1.1082,-0.89906,-0.65005,-0.43302,-0.29122,-0.22896,-0.2332,-0.29274,-0.40261,-0.55795,-0.73482,-0.89996,-1.0162,-1.0674,-1.0693,-1.0531,-1.0397,-1.029,-1.0075,-0.96151,-0.8899,-0.80169,-0.70881
-2.3998,-2.3164,-2.2942,-2.3492,-2.6187,-3.0664,-3.4444,-3.4954,-3.1525,-2.5729,-1.99,-1.5737,-1.3771,-1.3541,-1.3957,-1.384,-1.2357,-0.93326,-0.52933,-0.12262,0.19518,0.38336,0.45197,0.42936,0.33765,0.18894,0.0063978,-0.16683,-0.28264,-0.32665,-0.32556,-0.31458,-0.3042,-0.27316,-0.19189,-0.05961,0.075444,0.13902,0.071208,-0.13762,-0.4514,-0.8024,-1.1165,-1.3308,-1.4136,-1.3752,-1.2545,-1.1016,-0.95981,-0.85276,-0.79473,-0.79052,-0.83756,-0.92019,-1.0146,-1.0769,-1.0591,-0.93186,-0.7112,-0.46096,-0.2495,-0.1185,-0.070917,-0.092606,-0.17027,-0.29566,-0.45842,-0.64121,-0.8094,-0.92937,-0.98753,-0.99782,-0.98684,-0.9727,-0.95644,-0.92855,-0.88206,-0.81644,-0.73945,-0.66039
-2.3394,-2.2599,-2.2415,-2.2966,-2.552,-2.9731,-3.3234,-3.3564,-3.0171,-2.4624,-1.9117,-1.5203,-1.3405,-1.3298,-1.3834,-1.3777,-1.2145,-0.86744,-0.39914,0.071881,0.43814,0.65225,0.72379,0.68217,0.55011,0.34352,0.095067,-0.13393,-0.28197,-0.33419,-0.3306,-0.32209,-0.32529,-0.31464,-0.25163,-0.12485,0.017674,0.098959,0.055002,-0.12408,-0.40112,-0.71221,-0.99101,-1.1892,-1.2864,-1.2934,-1.2362,-1.1442,-1.0421,-0.94803,-0.87812,-0.8435,-0.84708,-0.88093,-0.91759,-0.9203,-0.84938,-0.68383,-0.44466,-0.19251,-0.00023034,0.10005,0.11267,0.059263,-0.040614,-0.17545,-0.33792,-0.5092,-0.66858,-0.79058,-0.86159,-0.88764,-0.88648,-0.87258,-0.84974,-0.81531,-0.76689,-0.70725,-0.64323,-0.58106
-2.2642,-2.1859,-2.1704,-2.2288,-2.4716,-2.862,-3.1782,-3.1924,-2.8595,-2.3328,-1.8173,-1.4515,-1.2847,-1.2796,-1.3354,-1.3233,-1.1396,-0.75515,-0.23948,0.27595,0.67452,0.90647,0.98132,0.92792,0.76681,0.51442,0.20894,-0.077595,-0.26663,-0.33535,-0.32955,-0.31395,-0.31861,-0.32171,-0.27789,-0.17044,-0.036252,0.046391,0.017919,-0.13644,-0.3787,-0.65051,-0.89208,-1.0656,-1.1644,-1.1974,-1.1863,-1.1458,-1.0816,-1.0055,-0.93192,-0.87908,-0.85657,-0.85586,-0.8509,-0.80346,-0.67757,-0.4626,-0.19254,0.060773,0.23408,0.29933,0.26995,0.17679,0.047941,-0.098485,-0.25176,-0.40325,-0.53934,-0.64732,-0.71992,-0.75807,-0.768,-0.75646,-0.72856,-0.68899,-0.63886,-0.58746,-0.53972,-0.49637
-2.2,-2.1219,-2.1092,-2.1731,-2.4082,-2.7768,-3.0661,-3.0653,-2.7359,-2.2294,-1.7381,-1.3903,-1.2303,-1.2239,-1.2745,-1.2511,-1.05,-0.64384,-0.1055,0.43037,0.84475,1.086,1.1626,1.1026,0.92569,0.64647,0.30366,-0.025043,-0.24967,-0.33639,-0.33134,-0.30611,-0.30068,-0.30187,-0.26791,-0.17985,-0.066654,0.0019039,-0.029161,-0.17167,-0.39089,-0.62949,-0.83916,-0.99232,-1.0858,-1.1349,-1.1505,-1.1369,-1.0948,-1.0274,-0.95552,-0.90054,-0.87123,-0.85622,-0.82599,-0.741,-0.57086,-0.31593,-0.022091,0.23525,0.3887,0.42067,0.35507,0.23209,0.086192,-0.062115,-0.20444,-0.33376,-0.44796,-0.54115,-0.60869,-0.64989,-0.66705,-0.66258,-0.63839,-0.59808,-0.55081,-0.50162,-0.45694,-0.41988
-2.1064,-2.0301,-2.0239,-2.0981,-2.3291,-2.6702,-2.9256,-2.9038,-2.5767,-2.0914,-1.627,-1.2974,-1.1416,-1.1265,-1.1586,-1.1146,-0.89342,-0.46958,0.083338,0.63132,1.0557,1.3039,1.3824,1.3168,1.1241,0.81635,0.43033,0.049153,-0.22353,-0.33778,-0.33307,-0.28949,-0.26163,-0.25002,-0.22421,-0.16137,-0.085778,-0.052142,-0.10752,-0.25394,-0.45269,-0.65457,-0.81924,-0.93421,-1.0101,-1.0617,-1.0991,-1.1155,-1.097,-1.0467,-0.9824,-0.9294,-0.89843,-0.87558,-0.82343,-0.69974,-0.47744,-0.16963,0.16095,0.42457,0.55992,0.55503,0.44461,0.28015,0.10682,-0.046678,-0.16832,-0.26426,-0.34049,-0.40543,-0.46207,-0.50616,-0.52977,-0.52797,-0.50331,-0.46292,-0.42056,-0.38533,-0.36036,-0.34269
-2.0076,-1.9362,-1.9408,-2.0312,-2.2629,-2.5813,-2.8042,-2.759,-2.4287,-1.957,-1.5108,-1.1949,-1.0383,-1.0063,-1.0123,-0.94292,-0.70442,-0.27365,0.27909,0.82438,1.2462,1.4925,1.5687,1.4979,1.2949,0.96753,0.54799,0.12113,-0.19762,-0.33917,-0.3313,-0.26207,-0.20246,-0.17204,-0.15207,-0.12362,-0.099961,-0.11862,-0.21066,-0.36842,-0.55447,-0.72354,-0.84923,-0.93044,-0.98318,-1.0276,-1.0692,-1.0962,-1.0918,-1.0519,-0.99643,-0.95295,-0.93211,-0.91335,-0.8532,-0.70161,-0.43289,-0.074132,0.29228,0.56525,0.68201,0.6396,0.48656,0.28862,0.10161,-0.042246,-0.13807,-0.19432,-0.2352,-0.27748,-0.32518,-0.37038,-0.40022,-0.40537,-0.38544,-0.34985,-0.31159,-0.28093,-0.26387,-0.26015
-1.933,-1.8687,-1.8852,-1.9903,-2.2252,-2.5291,-2.7289,-2.6651,-2.3283,-1.8603,-1.4232,-1.1137,-0.95288,-0.90522,-0.88816,-0.79964,-0.55108,-0.12025,0.42541,0.96111,1.3742,1.6134,1.6837,1.6081,1.3994,1.0622,0.62496,0.1705,-0.17874,-0.33895,-0.328,-0.23724,-0.15163,-0.10488,-0.088436,-0.087924,-0.10828,-0.17456,-0.30206,-0.47609,-0.65885,-0.80838,-0.9075,-0.96199,-0.99211,-1.0213,-1.0543,-1.0797,-1.0795,-1.0474,-1.0033,-0.97309,-0.96511,-0.95565,-0.8935,-0.7247,-0.42702,-0.038028,0.34909,0.62683,0.73384,0.67446,0.50271,0.289,0.094066,-0.045403,-0.12042,-0.15386,-0.17085,-0.19585,-0.2374,-0.28557,-0.32095,-0.32887,-0.30892,-0.27276,-0.23713,-0.2153,-0.21157,-0.2218
-1.8357,-1.787,-1.8234,-1.9515,-2.1934,-2.4797,-2.6494,-2.5584,-2.2067,-1.7365,-1.3062,-1.0022,-0.8341,-0.76188,-0.71373,-0.6009,-0.34338,0.081168,0.61086,1.127,1.5212,1.7448,1.8033,1.7192,1.5035,1.1579,0.70565,0.22449,-0.15748,-0.33965,-0.3248,-0.20684,-0.086809,-0.016547,-0.0026629,-0.035271,-0.11487,-0.25163,-0.44102,-0.65462,-0.84394,-0.97538,-1.036,-1.0436,-1.0319,-1.0261,-1.0381,-1.0556,-1.0563,-1.0336,-1.0029,-0.99022,-1.0028,-1.0114,-0.9583,-0.77973,-0.45345,-0.029258,0.38309,0.6687,0.76426,0.68176,0.48735,0.26326,0.07653,-0.038848,-0.086945,-0.092334,-0.094497,-0.11855,-0.16729,-0.2238,-0.26415,-0.2724,-0.24899,-0.20924,-0.17091,-0.14904,-0.14996,-0.1714
-1.7659,-1.7338,-1.7889,-1.9358,-2.1822,-2.4557,-2.6019,-2.4892,-2.1221,-1.6465,-1.2181,-0.91688,-0.74362,-0.65482,-0.58513,-0.45577,-0.19449,0.22182,0.73658,1.2357,1.6136,1.8227,1.8694,1.7766,1.5556,1.2065,0.74885,0.25594,-0.14434,-0.34088,-0.32535,-0.18987,-0.044298,0.04474,0.058348,-0.0004207,-0.12934,-0.32521,-0.56884,-0.81577,-1.0139,-1.1289,-1.1586,-1.1298,-1.0802,-1.0425,-1.0294,-1.0312,-1.0288,-1.0108,-0.99066,-0.99118,-1.0184,-1.0416,-0.99882,-0.82271,-0.48863,-0.050596,0.37335,0.66192,0.75326,0.66459,0.46758,0.2473,0.070274,-0.032245,-0.06487,-0.065015,-0.068516,-0.099853,-0.15943,-0.22567,-0.26953,-0.27306,-0.23937,-0.18708,-0.14074,-0.11729,-0.12257,-0.1523
-1.6792,-1.6765,-1.7609,-1.9319,-2.1814,-2.4349,-2.548,-2.4034,-2.0149,-1.5288,-1.1006,-0.80193,-0.62505,-0.52057,-0.42918,-0.2834,-0.019983,0.38453,0.8793,1.3562,1.7124,1.9009,1.9291,1.8221,1.5932,1.2425,0.78512,0.28723,-0.1269,-0.33754,-0.32405,-0.17256,-0.00062999,0.10886,0.12161,0.030529,-0.16108,-0.43701,-0.75768,-1.0577,-1.2751,-1.3728,-1.3601,-1.2745,-1.163,-1.0675,-1.007,-0.97897,-0.966,-0.95521,-0.953,-0.97543,-1.0247,-1.0693,-1.0421,-0.87128,-0.53222,-0.084711,0.34557,0.63428,0.72012,0.62459,0.42624,0.21586,0.059965,-0.018561,-0.039903,-0.042275,-0.06897,-0.13719,-0.23325,-0.32178,-0.36659,-0.35148,-0.28773,-0.20528,-0.13343,-0.094957,-0.09652,-0.13217
-1.6005,-1.6343,-1.7523,-1.9439,-2.1902,-2.417,-2.4954,-2.3189,-1.9105,-1.4149,-0.98495,-0.69048,-0.51467,-0.40337,-0.30154,-0.14864,0.11423,0.51024,0.99045,1.4486,1.784,1.9515,1.9602,1.8375,1.6007,1.2515,0.80231,0.31197,-0.10229,-0.32063,-0.31255,-0.15598,0.027843,0.14852,0.15944,0.045255,-0.19615,-0.54548,-0.94711,-1.3159,-1.5653,-1.6553,-1.5959,-1.44,-1.2542,-1.0894,-0.97577,-0.91405,-0.88662,-0.87752,-0.88618,-0.92397,-0.99051,-1.0525,-1.0401,-0.88038,-0.54796,-0.10503,0.31971,0.60139,0.68019,0.58458,0.39529,0.20036,0.059393,-0.012616,-0.040001,-0.071043,-0.14106,-0.25942,-0.4009,-0.51669,-0.56102,-0.51816,-0.40963,-0.27804,-0.16707,-0.099736,-0.0837,-0.11321
-1.5466,-1.6121,-1.7575,-1.9599,-2.1961,-2.3978,-2.4475,-2.2508,-1.8313,-1.3309,-0.90249,-0.61222,-0.44044,-0.33109,-0.22922,-0.077221,0.18388,0.57684,1.0511,1.4993,1.8209,1.9722,1.9655,1.8312,1.5909,1.247,0.80971,0.33287,-0.073277,-0.29427,-0.2925,-0.13975,0.045508,0.16983,0.18052,0.0532,-0.21956,-0.61969,-1.0821,-1.5047,-1.783,-1.8673,-1.7738,-1.5679,-1.3262,-1.1083,-0.94913,-0.85489,-0.81084,-0.79931,-0.81537,-0.86408,-0.9412,-1.0125,-1.0083,-0.8548,-0.52623,-0.085824,0.33514,0.60838,0.68001,0.57751,0.38463,0.1914,0.055317,-0.015729,-0.056204,-0.11436,-0.22902,-0.40208,-0.59321,-0.736,-0.77404,-0.69496,-0.53484,-0.35314,-0.19945,-0.10446,-0.075698,-0.10422
-1.4805,-1.5934,-1.7748,-1.9838,-2.1949,-2.3529,-2.3624,-2.1453,-1.7211,-1.2246,-0.80481,-0.5253,-0.36294,-0.26278,-0.1697,-0.024676,0.2327,0.62466,1.0973,1.5388,1.8461,1.9777,1.9512,1.8054,1.5656,1.2373,0.82802,0.38113,-0.0073877,-0.23031,-0.24534,-0.10888,0.07232,0.20071,0.215,0.076871,-0.22827,-0.68363,-1.2181,-1.7097,-2.0352,-2.1233,-1.9969,-1.7335,-1.4212,-1.1338,-0.91247,-0.77007,-0.69641,-0.67282,-0.68969,-0.74661,-0.83442,-0.91305,-0.91261,-0.75662,-0.42365,0.015039,0.42381,0.67901,0.72763,0.60688,0.40311,0.20295,0.05698,-0.033238,-0.10459,-0.21272,-0.39284,-0.64063,-0.90058,-1.0826,-1.1107,-0.97463,-0.73297,-0.4697,-0.25282,-0.11497,-0.061696,-0.080769
-1.4189,-1.5825,-1.7989,-2.0043,-2.1731,-2.2756,-2.2439,-2.0158,-1.6037,-1.1277,-0.72715,-0.46371,-0.31651,-0.23102,-0.15301,-0.021408,0.22869,0.62178,1.0999,1.5435,1.8449,1.9632,1.9216,1.7673,1.5325,1.2275,0.85728,0.45476,0.096642,-0.12215,-0.1593,-0.050535,0.11371,0.2414,0.26278,0.13165,-0.17987,-0.66403,-1.2512,-1.8119,-2.196,-2.3168,-2.1818,-1.8767,-1.5079,-1.1554,-0.87149,-0.67539,-0.5616,-0.51726,-0.52898,-0.58811,-0.67725,-0.75346,-0.74235,-0.57253,-0.22858,0.2124,0.6114,0.84438,0.86378,0.70838,0.46819,0.23335,0.056134,-0.064054,-0.1724,-0.32508,-0.56657,-0.89041,-1.224,-1.4468,-1.4582,-1.2522,-0.9174,-0.56802,-0.28421,-0.1048,-0.032618,-0.050009
