-0.81199,-0.4314,0.23693,0.9202,1.3308,1.4882,1.5583,1.5655,1.426,1.1511,0.85278,0.62874,0.50893,0.47235,0.47712,0.48496,0.47218,0.43743,0.39973,0.37562,0.3396,0.22742,0.0019232,-0.30318,-0.59512,-0.77012,-0.76747,-0.60839,-0.36457,-0.10856,0.10813,0.26801,0.3852,0.49915,0.65712,0.88074,1.1589,1.4422,1.6717,1.7914,1.7704,1.6106,1.3428,1.0207,0.70366,0.43364,0.22859,0.080454,-0.034698,-0.13655,-0.23123,-0.30327,-0.32678,-0.28815,-0.19973,-0.090312,0.0077165,0.07361,0.10667,0.12558,0.15854,0.22328,0.31515,0.4129,0.49481,0.54863,0.56828,0.55366,0.49796,0.39071,0.22503,0.0071842,-0.23921,-0.48006,-0.68434,-0.82808,-0.90839,-0.93331,-0.90958,-0.84575
-0.98707,-0.61346,0.09146,0.81939,1.2555,1.4178,1.4823,1.4834,1.3444,1.0767,0.7905,0.57965,0.46893,0.43328,0.42857,0.41549,0.37033,0.29548,0.22257,0.18955,0.18493,0.13429,-0.024687,-0.2809,-0.55609,-0.74923,-0.78594,-0.66705,-0.44812,-0.20513,0.0066836,0.16239,0.27146,0.37573,0.52505,0.74858,1.0375,1.3427,1.6,1.7476,1.7518,1.6073,1.3476,1.0284,0.70926,0.43842,0.23212,0.080753,-0.037673,-0.14072,-0.23128,-0.29385,-0.30897,-0.2694,-0.19358,-0.10707,-0.036027,0.0040076,0.014767,0.015554,0.038724,0.10306,0.20594,0.32386,0.4285,0.50096,0.53566,0.52815,0.47757,0.37904,0.22666,0.021604,-0.218,-0.45611,-0.65299,-0.78865,-0.85661,-0.8646,-0.83132,-0.77337
-1.2192,-0.85145,-0.097337,0.68254,1.1425,1.3,1.3423,1.3222,1.177,0.92126,0.66022,0.47848,0.39144,0.36769,0.36182,0.33437,0.26335,0.156,0.057387,0.028795,0.074605,0.10638,0.028789,-0.17455,-0.44213,-0.67397,-0.7796,-0.72594,-0.55031,-0.32547,-0.11571,0.044741,0.15992,0.26516,0.40518,0.61502,0.89254,1.2004,1.4709,1.6411,1.6679,1.5449,1.3013,0.99234,0.67978,0.4117,0.20551,0.053892,-0.061029,-0.16047,-0.24307,-0.29541,-0.30355,-0.27034,-0.20799,-0.14587,-0.1056,-0.095808,-0.10816,-0.11821,-0.097394,-0.026368,0.088678,0.22148,0.34258,0.43264,0.48323,0.49299,0.4563,0.36683,0.2226,0.03341,-0.17715,-0.37916,-0.5479,-0.66654,-0.73351,-0.75659,-0.74158,-0.69512
-1.3882,-1.0213,-0.23128,0.58036,1.0506,1.1975,1.2143,1.1689,1.0134,0.7676,0.53169,0.37997,0.3196,0.3136,0.31649,0.28912,0.21202,0.09621,-0.0046095,-0.016478,0.070664,0.15722,0.12867,-0.046665,-0.31584,-0.57909,-0.73598,-0.73466,-0.59705,-0.39004,-0.18018,-0.010275,0.11663,0.22502,0.35685,0.54711,0.80387,1.0984,1.3651,1.5404,1.5753,1.4646,1.2327,0.93288,0.62969,0.36725,0.16759,0.025346,-0.082406,-0.17019,-0.24478,-0.29715,-0.31357,-0.29057,-0.2467,-0.20242,-0.17766,-0.17953,-0.19725,-0.20669,-0.1782,-0.096162,0.028931,0.16837,0.29315,0.38625,0.44388,0.45958,0.43525,0.365,0.24255,0.070222,-0.13274,-0.33241,-0.49504,-0.60362,-0.66197,-0.67352,-0.65195,-0.60921
-1.5975,-1.2265,-0.39538,0.4463,0.92116,1.0474,1.0216,0.93166,0.75533,0.52366,0.32824,0.22666,0.21271,0.2431,0.2707,0.25836,0.19052,0.083737,0.00023352,0.02322,0.16188,0.30256,0.31688,0.16559,-0.10456,-0.39765,-0.6083,-0.67287,-0.593,-0.41942,-0.2185,-0.03879,0.099836,0.21106,0.33166,0.49852,0.72789,0.9927,1.24,1.401,1.4337,1.323,1.0994,0.81754,0.53453,0.2987,0.12288,-0.0048317,-0.10365,-0.19339,-0.27209,-0.32668,-0.34756,-0.33911,-0.31557,-0.29587,-0.28901,-0.2942,-0.30176,-0.29332,-0.2477,-0.15734,-0.02898,0.1145,0.24589,0.34643,0.40755,0.43449,0.41934,0.35619,0.24234,0.085588,-0.092627,-0.2635,-0.40305,-0.49725,-0.54714,-0.56406,-0.55532,-0.52555
-1.7755,-1.3971,-0.5372,0.31638,0.78591,0.8872,0.81432,0.67097,0.46791,0.25141,0.10277,0.060162,0.10242,0.18013,0.24433,0.26154,0.22011,0.14227,0.094167,0.1569,0.33169,0.49969,0.53412,0.39847,0.13635,-0.16459,-0.40786,-0.52568,-0.50578,-0.3795,-0.2045,-0.029966,0.11652,0.23638,0.35388,0.49999,0.68975,0.90859,1.112,1.2462,1.2692,1.1699,0.96868,0.71144,0.45328,0.23461,0.0713,-0.045748,-0.13907,-0.22483,-0.3066,-0.37313,-0.41068,-0.41916,-0.40842,-0.39678,-0.39499,-0.40017,-0.39659,-0.36549,-0.29415,-0.17868,-0.036463,0.10589,0.2258,0.31258,0.36716,0.38824,0.37812,0.33051,0.23711,0.097965,-0.069552,-0.23351,-0.36312,-0.44579,-0.48261,-0.48235,-0.45766,-0.41856
-1.8808,-1.4949,-0.62578,0.22307,0.68178,0.76457,0.65625,0.47074,0.24618,0.042604,-0.067714,-0.062973,0.023958,0.13958,0.23499,0.27994,0.26665,0.22068,0.20713,0.29814,0.48566,0.65509,0.69189,0.5666,0.31946,0.028645,-0.22039,-0.36568,-0.38723,-0.30364,-0.16084,-0.0030575,0.14071,0.26422,0.38018,0.51316,0.67387,0.85745,1.0243,1.1347,1.1491,1.0583,0.87598,0.6398,0.40097,0.19528,0.039356,-0.074285,-0.16894,-0.25834,-0.34685,-0.42374,-0.47439,-0.49183,-0.49288,-0.48369,-0.47034,-0.45182,-0.42145,-0.36604,-0.2811,-0.1684,-0.035932,0.098517,0.21356,0.29447,0.33746,0.35067,0.33196,0.2796,0.19019,0.065705,-0.079456,-0.21988,-0.33076,-0.39674,-0.42247,-0.41968,-0.39803,-0.36354
-1.9732,-1.5785,-0.71686,0.10382,0.53986,0.60092,0.45135,0.21315,-0.038966,-0.22296,-0.27982,-0.2124,-0.068179,0.095217,0.23221,0.31664,0.34705,0.35152,0.38794,0.50975,0.6965,0.8474,0.87446,0.76196,0.54755,0.29103,0.055027,-0.1109,-0.17982,-0.15677,-0.066161,0.054935,0.17602,0.28548,0.39128,0.50823,0.64652,0.79524,0.93026,1.013,1.0164,0.9265,0.75877,0.54864,0.33486,0.15264,0.0091409,-0.10844,-0.21632,-0.32903,-0.43695,-0.51897,-0.56149,-0.57311,-0.56039,-0.54399,-0.5268,-0.49931,-0.44768,-0.36632,-0.25424,-0.11953,0.017446,0.13417,0.21524,0.25749,0.26815,0.25336,0.22261,0.1736,0.098236,-0.0072102,-0.13175,-0.25001,-0.33587,-0.37945,-0.38149,-0.35458,-0.31272,-0.26568
-2.0006,-1.6033,-0.765,0.017522,0.43043,0.47953,0.30739,0.036222,-0.2331,-0.40094,-0.41828,-0.30751,-0.12576,0.068989,0.23453,0.34822,0.41267,0.45598,0.52711,0.66315,0.83711,0.9637,0.97781,0.87462,0.69267,0.47613,0.26474,0.096347,-0.0028798,-0.027368,0.016596,0.099367,0.19211,0.28342,0.38097,0.49061,0.61777,0.7449,0.85532,0.91799,0.91571,0.83702,0.69195,0.5049,0.30808,0.12885,-0.021375,-0.14866,-0.27026,-0.38886,-0.49856,-0.58225,-0.62636,-0.62689,-0.60909,-0.57819,-0.5363,-0.47927,-0.40206,-0.30391,-0.18499,-0.059304,0.059682,0.15592,0.21511,0.23132,0.21109,0.16646,0.10841,0.043745,-0.027575,-0.10832,-0.19585,-0.27746,-0.33552,-0.35431,-0.34205,-0.30622,-0.25751,-0.20462
-1.9773,-1.5844,-0.80268,-0.093276,0.28078,0.32064,0.13369,-0.16672,-0.45028,-0.5946,-0.56475,-0.40596,-0.18518,0.042035,0.23909,0.38849,0.49565,0.58533,0.69184,0.8314,0.97291,1.0562,1.0484,0.96203,0.83267,0.68496,0.52881,0.37486,0.24056,0.1499,0.11676,0.13469,0.18672,0.26085,0.35121,0.45605,0.56369,0.66252,0.73532,0.77581,0.77301,0.72161,0.6152,0.46105,0.28398,0.10984,-0.047565,-0.19272,-0.33406,-0.47913,-0.60497,-0.68036,-0.69133,-0.65859,-0.5976,-0.53262,-0.46785,-0.39592,-0.3075,-0.19811,-0.078751,0.040634,0.14079,0.2021,0.21288,0.17484,0.099562,0.0076228,-0.080528,-0.15523,-0.21767,-0.27333,-0.32225,-0.35544,-0.36184,-0.34317,-0.29478,-0.23248,-0.16915,-0.11243
-1.8855,-1.5084,-0.80975,-0.19704,0.12844,0.16707,-0.015243,-0.3237,-0.60716,-0.72671,-0.65927,-0.46817,-0.22415,0.021655,0.23866,0.41586,0.55828,0.68352,0.81014,0.93734,1.0345,1.0677,1.0366,0.97267,0.90336,0.83194,0.74105,0.61407,0.46045,0.3145,0.2069,0.15725,0.16494,0.21597,0.29373,0.38439,0.47267,0.54773,0.60309,0.63603,0.64148,0.60847,0.52779,0.40274,0.24822,0.08319,-0.079726,-0.24072,-0.40233,-0.55126,-0.66018,-0.70191,-0.67467,-0.60014,-0.51403,-0.43164,-0.35149,-0.26446,-0.16463,-0.05599,0.056761,0.15561,0.22411,0.24671,0.21259,0.12142,-0.011061,-0.16285,-0.30416,-0.40772,-0.46037,-0.46839,-0.44938,-0.41685,-0.37305,-0.31229,-0.24369,-0.16785,-0.092644,-0.025713
-1.7752,-1.4172,-0.7963,-0.26882,0.014517,0.056889,-0.1097,-0.40942,-0.68299,-0.78346,-0.69519,-0.49055,-0.2407,0.0086541,0.23171,0.42133,0.58187,0.72478,0.85679,0.96661,1.0266,1.0225,0.97714,0.93275,0.91009,0.89488,0.85029,0.74745,0.59157,0.41786,0.26708,0.17271,0.14463,0.17269,0.23625,0.31388,0.38704,0.44375,0.48357,0.50912,0.52085,0.50794,0.45606,0.3597,0.22594,0.06952,-0.095643,-0.26353,-0.43007,-0.57156,-0.66132,-0.67574,-0.61786,-0.51489,-0.4077,-0.30862,-0.21942,-0.13334,-0.042675,0.056574,0.15498,0.23777,0.28392,0.27329,0.19647,0.060127,-0.11632,-0.30523,-0.47081,-0.58491,-0.6328,-0.61758,-0.55665,-0.47087,-0.37533,-0.2831,-0.18665,-0.098453,-0.024564,0.032382
-1.5793,-1.2576,-0.75517,-0.35439,-0.13374,-0.083309,-0.21566,-0.48647,-0.73457,-0.80785,-0.70072,-0.49146,-0.2475,-0.0070823,0.21176,0.40498,0.57554,0.72732,0.85371,0.93163,0.93851,0.88647,0.82712,0.81257,0.85278,0.91095,0.9268,0.8599,0.71181,0.51735,0.32939,0.18964,0.12044,0.117,0.15851,0.21487,0.26174,0.28794,0.29659,0.30618,0.32555,0.34696,0.34411,0.29538,0.19769,0.062451,-0.096323,-0.26575,-0.42664,-0.55241,-0.60444,-0.56373,-0.45123,-0.31528,-0.18986,-0.095267,-0.026262,0.033986,0.10127,0.17828,0.25759,0.31641,0.32943,0.27889,0.15917,-0.022926,-0.24638,-0.48259,-0.69107,-0.82591,-0.85622,-0.78678,-0.65573,-0.50698,-0.36604,-0.2372,-0.12725,-0.030244,0.051269,0.11288
-1.3386,-1.064,-0.68994,-0.42486,-0.27398,-0.21659,-0.30627,-0.53407,-0.74305,-0.78603,-0.66735,-0.46597,-0.24138,-0.022925,0.17822,0.36009,0.52442,0.66805,0.77348,0.80995,0.76166,0.66474,0.59609,0.61413,0.71833,0.84934,0.92921,0.90527,0.7753,0.57675,0.36677,0.19903,0.10236,0.076166,0.093698,0.12199,0.13309,0.11897,0.094688,0.087678,0.11559,0.16664,0.20917,0.21196,0.16111,0.059871,-0.0779,-0.23035,-0.36822,-0.45069,-0.4459,-0.3543,-0.21225,-0.065704,0.047082,0.11992,0.16166,0.18905,0.21912,0.26181,0.30916,0.33878,0.32114,0.23356,0.071307,-0.15142,-0.40961,-0.668,-0.88411,-1.0147,-1.0278,-0.92281,-0.73751,-0.52723,-0.33386,-0.17301,-0.044421,0.053678,0.12472,0.17131
-1.136,-0.9019,-0.62678,-0.46562,-0.37089,-0.31138,-0.36954,-0.55862,-0.7311,-0.74902,-0.62481,-0.4352,-0.23194,-0.036932,0.1432,0.30797,0.4581,0.58554,0.66554,0.66381,0.57217,0.44476,0.3743,0.42032,0.57267,0.75651,0.88437,0.89567,0.78648,0.59623,0.38319,0.2087,0.10385,0.067035,0.065892,0.066293,0.041355,-0.010806,-0.065512,-0.087323,-0.054135,0.020659,0.099122,0.14385,0.13323,0.068198,-0.039583,-0.16761,-0.27673,-0.32996,-0.29233,-0.16938,-0.0072176,0.13604,0.2357,0.28041,0.28346,0.26886,0.26094,0.27226,0.29353,0.29995,0.25872,0.14861,-0.031838,-0.26771,-0.53174,-0.7952,-1.0153,-1.1409,-1.1323,-0.99136,-0.76754,-0.52549,-0.30876,-0.1314,0.0048275,0.1079,0.18075,0.22389
-0.84581,-0.67073,-0.52578,-0.50103,-0.48615,-0.43211,-0.45324,-0.58757,-0.70353,-0.6839,-0.55355,-0.38461,-0.21627,-0.060051,0.083377,0.21638,0.33748,0.4322,0.46763,0.40682,0.25422,0.090829,0.028685,0.12106,0.33676,0.58452,0.76777,0.82569,0.75374,0.59088,0.39867,0.23617,0.13524,0.087913,0.060992,0.018151,-0.061143,-0.17067,-0.27681,-0.32961,-0.29714,-0.18785,-0.051111,0.058513,0.10908,0.091939,0.024963,-0.06005,-0.12455,-0.12147,-0.035882,0.11044,0.26734,0.38972,0.4462,0.44088,0.39136,0.3236,0.26351,0.22449,0.20402,0.17182,0.09532,-0.044432,-0.24431,-0.48399,-0.73828,-0.97532,-1.1597,-1.2503,-1.2123,-1.0424,-0.78433,-0.50525,-0.2577,-0.061485,0.082397,0.18168,0.24374,0.27337
-0.61877,-0.49021,-0.4387,-0.51273,-0.56066,-0.51964,-0.52029,-0.61348,-0.68173,-0.62955,-0.4937,-0.34146,-0.20278,-0.080399,0.030137,0.13354,0.22711,0.29186,0.28914,0.1811,-0.016881,-0.20304,-0.2522,-0.1189,0.14307,0.43222,0.64981,0.74238,0.70402,0.57231,0.40821,0.26567,0.17358,0.12103,0.07552,0.0010041,-0.11871,-0.27211,-0.41991,-0.50234,-0.47667,-0.34832,-0.16894,-0.0053432,0.096303,0.12461,0.092467,0.036346,0.0042215,0.035332,0.14352,0.2996,0.45028,0.54838,0.57567,0.53357,0.43998,0.32279,0.21269,0.12975,0.068491,0.0042107,-0.095282,-0.24697,-0.44511,-0.66918,-0.89235,-1.0958,-1.2473,-1.3072,-1.2412,-1.0479,-0.77125,-0.477,-0.21633,-0.012103,0.13524,0.23393,0.29128,0.3125
-0.31046,-0.24462,-0.30977,-0.50829,-0.64332,-0.63386,-0.61947,-0.65983,-0.65769,-0.55607,-0.40985,-0.27986,-0.18321,-0.11102,-0.050028,0.0085199,0.06143,0.084467,0.03202,-0.13477,-0.38638,-0.59507,-0.62253,-0.4379,-0.12236,0.21304,0.47286,0.60998,0.62034,0.53836,0.41857,0.30812,0.23167,0.17575,0.10881,-0.0044356,-0.17357,-0.38378,-0.58073,-0.6994,-0.68671,-0.54306,-0.32331,-0.10108,0.066254,0.15501,0.17706,0.16788,0.17523,0.23868,0.36456,0.51809,0.64528,0.70577,0.6844,0.5885,0.43935,0.26552,0.096647,-0.047677,-0.16637,-0.2819,-0.41874,-0.58535,-0.76905,-0.94763,-1.1055,-1.2307,-1.3087,-1.3141,-1.2163,-1.0055,-0.7156,-0.40957,-0.14159,0.067033,0.20981,0.29899,0.3451,0.35528
-0.0020975,0.0021717,-0.17043,-0.48253,-0.70653,-0.74397,-0.72768,-0.71776,-0.6406,-0.48516,-0.32646,-0.21788,-0.16389,-0.14464,-0.1366,-0.12476,-0.11175,-0.1261,-0.21874,-0.42889,-0.7157,-0.9318,-0.9339,-0.71087,-0.36061,0.0021154,0.29459,0.46993,0.52808,0.49683,0.41983,0.34162,0.28057,0.22676,0.14549,0.0070612,-0.20223,-0.46096,-0.71532,-0.88247,-0.89367,-0.73698,-0.47287,-0.193,0.032625,0.17452,0.24365,0.27751,0.32079,0.40737,0.53576,0.67051,0.7647,0.78555,0.72179,0.58278,0.3879,0.16368,-0.061238,-0.26529,-0.44698,-0.6182,-0.78842,-0.95101,-1.0882,-1.1875,-1.2506,-1.2816,-1.2834,-1.237,-1.113,-0.89753,-0.61363,-0.31332,-0.047005,0.15554,0.29471,0.37404,0.40371,0.39394
0.2257,0.18602,-0.060633,-0.45038,-0.7412,-0.82108,-0.80943,-0.76279,-0.62936,-0.43376,-0.26586,-0.17277,-0.14966,-0.16926,-0.20048,-0.2227,-0.23744,-0.27484,-0.38791,-0.61495,-0.90845,-1.1134,-1.0905,-0.84579,-0.48691,-0.12458,0.16997,0.36117,0.44736,0.45125,0.40784,0.35428,0.30723,0.25436,0.16304,0.0069038,-0.22578,-0.51107,-0.79654,-0.99358,-1.0248,-0.8703,-0.58862,-0.27657,-0.013087,0.16842,0.27316,0.3357,0.40119,0.49549,0.61959,0.73897,0.80896,0.80045,0.7094,0.54381,0.32344,0.073169,-0.18178,-0.4244,-0.64673,-0.85232,-1.0381,-1.1879,-1.2821,-1.3147,-1.2991,-1.2555,-1.1939,-1.1056,-0.96697,-0.75896,-0.49229,-0.20937,0.041567,0.23102,0.35411,0.41871,0.43733,0.42091
0.52079,0.42637,0.090876,-0.39281,-0.76907,-0.91003,-0.9087,-0.81381,-0.60908,-0.36523,-0.18707,-0.11358,-0.12845,-0.19525,-0.27484,-0.33986,-0.38793,-0.44798,-0.57196,-0.79475,-1.0649,-1.2317,-1.1742,-0.91758,-0.57547,-0.24348,0.025048,0.21621,0.32765,0.37109,0.37043,0.34699,0.31227,0.25386,0.14847,-0.026781,-0.27644,-0.58127,-0.88656,-1.1102,-1.1678,-1.0292,-0.74377,-0.40755,-0.10606,0.1189,0.27041,0.37653,0.47044,0.57727,0.68662,0.77038,0.7986,0.75445,0.63555,0.45496,0.2269,-0.031898,-0.30387,-0.5739,-0.83563,-1.0767,-1.2734,-1.3928,-1.4133,-1.3456,-1.2256,-1.0945,-0.97013,-0.84537,-0.69555,-0.50058,-0.26666,-0.026349,0.18297,0.34133,0.43478,0.47684,0.47823,0.44824
0.73332,0.60112,0.2063,-0.34057,-0.776,-0.96106,-0.96705,-0.83722,-0.58437,-0.31128,-0.12899,-0.069838,-0.11013,-0.20785,-0.31935,-0.41325,-0.48244,-0.55149,-0.66829,-0.86508,-1.0943,-1.2217,-1.1468,-0.90215,-0.59297,-0.30066,-0.063944,0.11314,0.23133,0.29398,0.31621,0.30911,0.27938,0.21683,0.10482,-0.07742,-0.33073,-0.63994,-0.95184,-1.1901,-1.2683,-1.1443,-0.8591,-0.50901,-0.18462,0.065881,0.24131,0.36773,0.47751,0.58582,0.68695,0.75517,0.76341,0.69778,0.56575,0.37806,0.15231,-0.095178,-0.35425,-0.61944,-0.88798,-1.1392,-1.3308,-1.4157,-1.3762,-1.2394,-1.061,-0.87594,-0.71635,-0.58038,-0.44464,-0.28167,-0.084238,0.12428,0.30648,0.43251,0.50558,0.52575,0.506,0.45918
1.0028,0.82448,0.35916,-0.26283,-0.76715,-1.001,-1.0094,-0.83437,-0.5286,-0.23023,-0.050395,-0.011336,-0.082303,-0.21582,-0.36406,-0.49052,-0.5805,-0.64888,-0.73549,-0.87214,-1.027,-1.0993,-1.0173,-0.81158,-0.56566,-0.34194,-0.15916,-0.01703,0.088095,0.15848,0.19186,0.19676,0.1734,0.11469,0.0022787,-0.17538,-0.42514,-0.72884,-1.0466,-1.2989,-1.3969,-1.2901,-1.0106,-0.65468,-0.31508,-0.04066,0.16261,0.31727,0.44879,0.56464,0.65489,0.69553,0.6695,0.57868,0.43637,0.26176,0.069907,-0.13227,-0.34559,-0.57443,-0.81089,-1.0294,-1.1821,-1.2221,-1.1364,-0.95697,-0.73697,-0.52684,-0.34643,-0.19625,-0.061582,0.074419,0.21642,0.35228,0.4626,0.53726,0.56076,0.54967,0.51413,0.46153
1.2539,1.0336,0.50623,-0.18028,-0.73832,-1.0004,-0.99729,-0.77824,-0.43576,-0.13008,0.035371,0.050463,-0.049523,-0.21413,-0.39279,-0.54464,-0.64639,-0.70274,-0.74599,-0.81059,-0.88612,-0.90765,-0.82714,-0.67096,-0.50201,-0.36454,-0.25855,-0.17043,-0.090638,-0.023012,0.019116,0.032676,0.012855,-0.047188,-0.15971,-0.33218,-0.56792,-0.85219,-1.147,-1.3844,-1.4849,-1.3996,-1.1508,-0.8168,-0.47884,-0.18853,0.046815,0.23744,0.3917,0.51388,0.58534,0.59146,0.53224,0.42496,0.2902,0.15148,0.018421,-0.11167,-0.25018,-0.40774,-0.58235,-0.74586,-0.84889,-0.84776,-0.73516,-0.54384,-0.32126,-0.1108,0.066512,0.20533,0.31303,0.40336,0.48638,0.56013,0.61239,0.62791,0.61387,0.5702,0.50654,0.4327
1.4288,1.1798,0.61077,-0.11746,-0.70346,-0.97092,-0.9473,-0.69653,-0.33794,-0.039088,0.10732,0.09994,-0.021847,-0.2074,-0.40534,-0.57133,-0.67693,-0.72096,-0.73159,-0.74627,-0.7696,-0.75896,-0.68044,-0.55888,-0.44867,-0.38115,-0.34478,-0.30629,-0.24915,-0.18606,-0.13592,-0.11736,-0.13761,-0.20253,-0.315,-0.48333,-0.70342,-0.96491,-1.2288,-1.4424,-1.5373,-1.4695,-1.2482,-0.93259,-0.60064,-0.29742,-0.043466,0.16159,0.32671,0.44165,0.49771,0.48749,0.41683,0.30421,0.18586,0.080906,-0.0016802,-0.068857,-0.13915,-0.22981,-0.34304,-0.45343,-0.5171,-0.49631,-0.38432,-0.20706,-0.004766,0.1896,0.35632,0.48666,0.58057,0.64326,0.68095,0.69687,0.69054,0.66273,0.60892,0.54061,0.4659,0.39102
1.6413,1.3582,0.74028,-0.034524,-0.64133,-0.89359,-0.82746,-0.53626,-0.17123,0.10259,0.21225,0.16916,0.016898,-0.19416,-0.4131,-0.59264,-0.69997,-0.72903,-0.70489,-0.66748,-0.63565,-0.59132,-0.51818,-0.43911,-0.39982,-0.41683,-0.46471,-0.49008,-0.46931,-0.41942,-0.37079,-0.35358,-0.37647,-0.44233,-0.55029,-0.70304,-0.89838,-1.1227,-1.3501,-1.5303,-1.6088,-1.5437,-1.3427,-1.0564,-0.74301,-0.44802,-0.18787,0.034474,0.2118,0.33311,0.38056,0.34731,0.25126,0.1358,0.037199,-0.013618,-0.013539,0.016497,0.044367,0.043705,0.011954,-0.030661,-0.047748,-0.0098635,0.088687,0.23134,0.39609,0.55373,0.69108,0.79671,0.86281,0.88686,0.87283,0.82844,0.76079,0.67336,0.57812,0.47919,0.38502,0.30261
1.8284,1.5164,0.85699,0.04597,-0.56313,-0.77819,-0.6552,-0.32755,0.028961,0.26257,0.32508,0.24158,0.058029,-0.17626,-0.41155,-0.60125,-0.71259,-0.73728,-0.69603,-0.62615,-0.55436,-0.48342,-0.41537,-0.37469,-0.39396,-0.47691,-0.58267,-0.65531,-0.66738,-0.63639,-0.60278,-0.59557,-0.62901,-0.70066,-0.80731,-0.94472,-1.1104,-1.2937,-1.4697,-1.6028,-1.6509,-1.5895,-1.4188,-1.1684,-0.87959,-0.5881,-0.31477,-0.075935,0.10956,0.22243,0.24347,0.17874,0.064708,-0.046006,-0.10201,-0.080898,0.0069531,0.12878,0.2452,0.3283,0.36598,0.37241,0.37666,0.40739,0.47792,0.58292,0.70325,0.83135,0.94469,1.0279,1.0683,1.0577,0.99573,0.89174,0.76102,0.62132,0.48173,0.3559,0.25286,0.17707
1.9513,1.6204,0.93468,0.1046,-0.49573,-0.672,-0.50113,-0.1496,0.19324,0.38997,0.41296,0.29743,0.091268,-0.15816,-0.40318,-0.59993,-0.71837,-0.74988,-0.7099,-0.62972,-0.53778,-0.44895,-0.37857,-0.35586,-0.40565,-0.52348,-0.65894,-0.75601,-0.78608,-0.76809,-0.74739,-0.75246,-0.79781,-0.87888,-0.99029,-1.1248,-1.2771,-1.4326,-1.5698,-1.6603,-1.6801,-1.6126,-1.4562,-1.226,-0.95215,-0.66348,-0.38917,-0.15109,0.031552,0.13126,0.13729,0.059466,-0.06079,-0.16134,-0.18673,-0.11766,0.02911,0.21194,0.38516,0.51462,0.59253,0.6303,0.64873,0.66872,0.70561,0.76713,0.85563,0.95419,1.0522,1.1284,1.1596,1.1294,1.0362,0.8944,0.72633,0.55149,0.38956,0.24897,0.13741,0.059591
2.0911,1.7387,1.0243,0.18035,-0.39761,-0.51313,-0.27724,0.10168,0.41975,0.56235,0.52975,0.37091,0.13603,-0.13032,-0.38544,-0.59187,-0.7243,-0.77464,-0.75211,-0.67686,-0.57086,-0.45775,-0.37031,-0.3474,-0.41238,-0.55374,-0.71587,-0.83371,-0.87661,-0.86874,-0.86136,-0.88893,-0.96433,-1.0756,-1.2088,-1.3506,-1.4908,-1.6156,-1.7041,-1.7418,-1.7188,-1.6331,-1.4828,-1.272,-1.0154,-0.73574,-0.46085,-0.21989,-0.042826,0.04177,0.021547,-0.084379,-0.2191,-0.30655,-0.28745,-0.14871,0.078048,0.33708,0.57315,0.74975,0.85409,0.89389,0.89232,0.87754,0.87353,0.89473,0.94324,1.0205,1.1064,1.1759,1.1995,1.1532,1.03,0.84572,0.63118,0.41558,0.22496,0.070232,-0.042331,-0.11004
2.1777,1.8119,1.082,0.23584,-0.31848,-0.38701,-0.10444,0.29147,0.58906,0.68998,0.61491,0.4236,0.16784,-0.10957,-0.37058,-0.58344,-0.7269,-0.79414,-0.79136,-0.72977,-0.62104,-0.48869,-0.37723,-0.3356,-0.3924,-0.53287,-0.70151,-0.82417,-0.8713,-0.87023,-0.87206,-0.92163,-1.0268,-1.1729,-1.3357,-1.4958,-1.64,-1.7509,-1.8135,-1.8155,-1.7569,-1.6474,-1.4885,-1.2811,-1.0308,-0.75385,-0.47861,-0.23833,-0.067929,0.0014957,-0.040879,-0.16886,-0.31421,-0.39192,-0.33838,-0.15068,0.12555,0.42477,0.68924,0.88217,0.99147,1.0261,1.0058,0.95739,0.91019,0.88989,0.91395,0.97528,1.0605,1.1391,1.1729,1.1292,0.99575,0.78863,0.54479,0.30601,0.0963,-0.067585,-0.18038,-0.24168
2.2685,1.889,1.1487,0.31163,-0.20434,-0.2134,0.12392,0.53807,0.80858,0.85587,0.72504,0.49028,0.20709,-0.084256,-0.35204,-0.57052,-0.72436,-0.81053,-0.83325,-0.79188,-0.68143,-0.52052,-0.36658,-0.28342,-0.30878,-0.42549,-0.57601,-0.68735,-0.73502,-0.74739,-0.77557,-0.86524,-1.0237,-1.2308,-1.4517,-1.6586,-1.8287,-1.9394,-1.9723,-1.9224,-1.8102,-1.6576,-1.477,-1.2616,-1.0056,-0.72461,-0.44597,-0.2082,-0.051993,-0.005457,-0.078858,-0.23699,-0.3977,-0.46424,-0.3762,-0.13835,0.18919,0.52975,0.81901,1.0203,1.1156,1.1139,1.04,0.93012,0.82493,0.76046,0.75442,0.81803,0.92341,1.0285,1.0838,1.049,0.91053,0.68853,0.4261,0.16401,-0.055517,-0.22365,-0.33642,-0.39267
2.3324,1.9441,1.2069,0.39515,-0.075629,-0.032546,0.34728,0.77321,1.0175,1.0154,0.8313,0.55306,0.24158,-0.064734,-0.33785,-0.55674,-0.71118,-0.8028,-0.8359,-0.80119,-0.67945,-0.48388,-0.28221,-0.15173,-0.13285,-0.21008,-0.32363,-0.41596,-0.46481,-0.49859,-0.56913,-0.71119,-0.93463,-1.2133,-1.5076,-1.7787,-1.9914,-2.1183,-2.1347,-2.0467,-1.884,-1.6804,-1.4536,-1.2007,-0.91905,-0.62333,-0.34392,-0.11893,0.015591,0.030508,-0.072905,-0.25119,-0.41777,-0.47599,-0.36815,-0.11023,0.23445,0.58794,0.8835,1.0746,1.1493,1.1108,0.98315,0.80655,0.63203,0.51071,0.48238,0.54529,0.68068,0.83733,0.9499,0.96088,0.84432,0.61877,0.3376,0.063957,-0.17,-0.3396,-0.44367,-0.48702
2.3638,1.9731,1.248,0.46707,0.034658,0.11076,0.51244,0.94171,1.1666,1.1295,0.90712,0.59636,0.2622,-0.056281,-0.33198,-0.54617,-0.69147,-0.77289,-0.79631,-0.74972,-0.608,-0.38184,-0.14296,0.024695,0.078728,0.030564,-0.064098,-0.15081,-0.20937,-0.26463,-0.36714,-0.55036,-0.82133,-1.1543,-1.5074,-1.8324,-2.0887,-2.2379,-2.2597,-2.1549,-1.9556,-1.7047,-1.4276,-1.1327,-0.82454,-0.51476,-0.23508,-0.019803,0.098498,0.09293,-0.031547,-0.22925,-0.40998,-0.47259,-0.36318,-0.097823,0.25427,0.60944,0.89764,1.0763,1.1234,1.0452,0.86912,0.64165,0.42259,0.2721,0.22994,0.31248,0.48536,0.68615,0.83994,0.88443,0.79334,0.58643,0.31712,0.041942,-0.18755,-0.35743,-0.46538,-0.51239
2.3857,1.9991,1.3045,0.58145,0.20706,0.31828,0.73513,1.1585,1.3543,1.2713,0.99925,0.64527,0.2795,-0.056164,-0.33325,-0.53357,-0.65213,-0.6975,-0.67918,-0.58828,-0.40229,-0.13265,0.15026,0.36172,0.45405,0.4328,0.34446,0.24868,0.16714,0.078639,-0.063017,-0.29797,-0.63081,-1.0375,-1.471,-1.8746,-2.197,-2.388,-2.4185,-2.2874,-2.0347,-1.7174,-1.3767,-1.0295,-0.68368,-0.35481,-0.06912,0.1386,0.23561,0.20192,0.044759,-0.18101,-0.3789,-0.45246,-0.35077,-0.098974,0.23283,0.56527,0.83198,0.98556,1.0077,0.8993,0.68237,0.40172,0.12373,-0.07541,-0.1292,-0.031057,0.19385,0.47043,0.70612,0.82262,0.78321,0.605,0.34691,0.079818,-0.15115,-0.31767,-0.41706,-0.45367
2.3872,2.0148,1.3689,0.72429,0.4169,0.55409,0.96861,1.3711,1.5298,1.3994,1.0782,0.6812,0.28331,-0.070043,-0.34625,-0.52532,-0.60234,-0.5869,-0.49323,-0.32496,-0.076013,0.23507,0.545,0.77875,0.89102,0.88127,0.78901,0.67136,0.55792,0.42952,0.24465,-0.037921,-0.42822,-0.90198,-1.4066,-1.8855,-2.2712,-2.5091,-2.5519,-2.4035,-2.1063,-1.7262,-1.3168,-0.90873,-0.52334,-0.17793,0.10253,0.29043,0.3612,0.29951,0.11868,-0.12642,-0.34397,-0.43979,-0.3711,-0.1549,0.14491,0.45002,0.69139,0.82307,0.82158,0.68604,0.43964,0.12934,-0.17511,-0.39169,-0.45469,-0.32533,-0.04512,0.30018,0.6078,0.79273,0.8138,0.68395,0.45851,0.20697,-0.015392,-0.18112,-0.28227,-0.31849
2.3774,2.0228,1.4258,0.85394,0.60244,0.75461,1.1556,1.5306,1.6536,1.4841,1.1258,0.69653,0.27441,-0.092016,-0.36721,-0.52755,-0.56596,-0.49225,-0.32554,-0.082941,0.22223,0.56176,0.88103,1.1186,1.2343,1.2236,1.1221,0.98076,0.83388,0.66897,0.44802,0.13371,-0.28776,-0.79417,-1.3356,-1.8541,-2.2802,-2.5535,-2.6216,-2.4763,-2.1554,-1.7291,-1.2668,-0.81714,-0.40704,-0.057338,0.21386,0.38539,0.43489,0.35382,0.15587,-0.10392,-0.33566,-0.45074,-0.40894,-0.22672,0.035707,0.30535,0.5186,0.6338,0.62513,0.49457,0.25959,-0.043056,-0.35183,-0.58287,-0.64588,-0.51301,-0.20431,0.19211,0.56181,0.80696,0.87765,0.78368,0.58176,0.34578,0.13042,-0.032192,-0.13296,-0.17046
2.3533,2.0328,1.5172,1.0575,0.88764,1.0551,1.4235,1.745,1.8075,1.5794,1.169,0.69652,0.24167,-0.14308,-0.41726,-0.55124,-0.53292,-0.37178,-0.096044,0.25525,0.63997,1.0162,1.3414,1.5746,1.6829,1.6588,1.531,1.3469,1.144,0.92756,0.66323,0.31881,-0.12238,-0.64444,-1.2095,-1.7558,-2.2224,-2.5386,-2.6468,-2.5174,-2.1809,-1.7154,-1.2059,-0.71559,-0.28157,0.073215,0.33108,0.47575,0.49417,0.38128,0.15965,-0.11442,-0.3588,-0.49935,-0.49873,-0.37495,-0.17534,0.042653,0.22518,0.32776,0.33195,0.22504,0.015189,-0.26547,-0.55626,-0.77267,-0.83445,-0.67856,-0.33162,0.11607,0.5456,0.85389,0.985,0.94203,0.77644,0.56205,0.35269,0.19007,0.08953,0.05508
2.3291,2.0421,1.598,1.2315,1.1265,1.3025,1.6377,1.9066,1.9136,1.6357,1.1841,0.67849,0.19846,-0.20141,-0.47623,-0.591,-0.52927,-0.30036,0.059115,0.49204,0.93594,1.3399,1.6684,1.8927,1.9879,1.9452,1.7875,1.5647,1.3211,1.0704,0.78624,0.43266,-0.0080018,-0.52826,-1.0943,-1.6495,-2.1334,-2.4727,-2.6051,-2.4927,-2.1609,-1.6873,-1.163,-0.65747,-0.21565,0.13789,0.38439,0.50954,0.50529,0.372,0.13526,-0.15007,-0.40805,-0.56946,-0.6051,-0.52257,-0.36342,-0.18246,-0.029609,0.066232,0.075456,-0.0027721,-0.16418,-0.39239,-0.64613,-0.85109,-0.90686,-0.7587,-0.40718,0.066569,0.53914,0.8974,1.0766,1.0743,0.93866,0.73966,0.54013,0.37697,0.26763,0.22042
2.2908,2.0591,1.7214,1.4854,1.4688,1.6529,1.9335,2.1186,2.0388,1.6869,1.1771,0.62597,0.11115,-0.3113,-0.59089,-0.68412,-0.56806,-0.25336,0.21171,0.74791,1.2678,1.7088,2.0429,2.2546,2.3273,2.252,2.0497,1.7739,1.4814,1.1937,0.89428,0.54548,0.12087,-0.37854,-0.92266,-1.4652,-1.9451,-2.2972,-2.4584,-2.3856,-2.0866,-1.6261,-1.1003,-0.59309,-0.15674,0.1799,0.40313,0.50271,0.47198,0.31622,0.063124,-0.23058,-0.49506,-0.67689,-0.7534,-0.73703,-0.6525,-0.5297,-0.40097,-0.30274,-0.24953,-0.2683,-0.37253,-0.55475,-0.77443,-0.95522,-1.0085,-0.84792,-0.47384,0.034632,0.55309,0.96395,1.1954,1.2373,1.133,0.954,0.75702,0.59035,0.47635,0.42413
2.2481,2.0805,1.8577,1.7536,1.8217,2.0107,2.2287,2.3171,2.1381,1.7043,1.1328,0.53535,-0.015246,-0.46349,-0.75336,-0.83274,-0.67196,-0.28208,0.27767,0.90778,1.499,1.9773,2.319,2.5195,2.5698,2.4618,2.2154,1.8876,1.5467,1.2264,0.92101,0.59491,0.21313,-0.23308,-0.7261,-1.2281,-1.6831,-2.0315,-2.2099,-2.178,-1.9326,-1.5227,-1.0334,-0.54986,-0.13324,0.1827,0.38169,0.45632,0.40453,0.23469,-0.025059,-0.32333,-0.59855,-0.80355,-0.922,-0.95549,-0.92075,-0.84079,-0.7397,-0.63495,-0.55919,-0.53046,-0.57086,-0.69113,-0.86982,-1.0396,-1.0925,-0.94616,-0.56969,-0.032181,0.53418,0.99926,1.283,1.371,1.3026,1.1399,0.95043,0.77644,0.64328,0.56649
2.214,2.0988,1.9637,1.9551,2.082,2.2718,2.4403,2.4502,2.1908,1.6907,1.0713,0.43933,-0.13838,-0.60762,-0.9095,-0.98552,-0.79989,-0.36294,0.2591,0.95325,1.5952,2.102,2.4507,2.6447,2.6805,2.5513,2.2754,1.9107,1.5319,1.1888,0.8848,0.58746,0.25742,-0.1276,-0.56504,-1.0217,-1.4487,-1.7846,-1.9713,-1.9691,-1.7691,-1.4136,-0.97174,-0.52218,-0.13087,0.16649,0.34899,0.40819,0.34528,0.16914,-0.089597,-0.38145,-0.65325,-0.86851,-1.0132,-1.089,-1.0993,-1.0499,-0.95474,-0.84047,-0.73309,-0.67215,-0.69054,-0.80022,-0.97508,-1.1433,-1.2039,-1.0537,-0.66393,-0.10283,0.49725,1.0026,1.3262,1.446,1.3966,1.2456,1.0517,0.86848,0.72627,0.64062
2.1659,2.1231,2.1024,2.2122,2.4081,2.595,2.6949,2.5968,2.2247,1.6327,0.94845,0.2716,-0.34056,-0.8395,-1.1636,-1.2466,-1.0432,-0.55929,0.13352,0.90628,1.6145,2.1617,2.5244,2.7136,2.7329,2.5783,2.268,1.859,1.4356,1.0689,0.77759,0.53365,0.28605,-0.0068702,-0.35728,-0.74191,-1.1165,-1.4219,-1.6101,-1.6411,-1.5058,-1.2216,-0.84925,-0.46188,-0.11755,0.14018,0.29516,0.34023,0.27309,0.10533,-0.13862,-0.41732,-0.68555,-0.91298,-1.0853,-1.196,-1.2407,-1.2173,-1.1333,-1.0093,-0.88913,-0.81379,-0.82142,-0.92819,-1.1115,-1.3006,-1.3796,-1.2463,-0.85171,-0.25721,0.39573,0.95869,1.334,1.4946,1.4729,1.3334,1.1408,0.94761,0.78697,0.67739
2.1272,2.1388,2.1989,2.3879,2.6269,2.8083,2.8567,2.6774,2.2191,1.5568,0.82428,0.11562,-0.5206,-1.0419,-1.387,-1.4843,-1.2802,-0.77351,-0.036607,0.79069,1.5484,2.1291,2.5064,2.695,2.7043,2.533,2.1993,1.7612,1.3119,0.93409,0.66078,0.46435,0.28171,0.059461,-0.22135,-0.54384,-0.86452,-1.1328,-1.3061,-1.3551,-1.2662,-1.0486,-0.74132,-0.40582,-0.10235,0.13103,0.27048,0.30754,0.24354,0.085372,-0.14158,-0.40125,-0.65746,-0.88567,-1.0722,-1.2048,-1.2695,-1.2569,-1.1733,-1.0448,-0.92101,-0.85167,-0.87824,-1.0153,-1.2343,-1.4564,-1.5656,-1.4378,-1.0254,-0.39734,0.29506,0.89674,1.306,1.4931,1.4885,1.3562,1.1631,0.96412,0.79364,0.67005
2.0708,2.1512,2.3087,2.588,2.8728,3.0415,3.0221,2.7375,2.1658,1.4106,0.61643,-0.13041,-0.7956,-1.3455,-1.7224,-1.8496,-1.6604,-1.1394,-0.35562,0.53854,1.3614,1.9885,2.3897,2.5838,2.5872,2.4012,2.0433,1.5737,1.0947,0.70497,0.45653,0.32535,0.23385,0.11348,-0.067317,-0.29758,-0.53832,-0.74772,-0.88826,-0.94388,-0.90294,-0.76793,-0.55601,-0.3051,-0.063371,0.1293,0.24922,0.28427,0.23186,0.10077,-0.091686,-0.31708,-0.54737,-0.76402,-0.95266,-1.0991,-1.1811,-1.1793,-1.0965,-0.97153,-0.85731,-0.81675,-0.88988,-1.0829,-1.361,-1.6424,-1.7983,-1.7018,-1.2905,-0.62986,0.11575,0.77329,1.2288,1.4478,1.4612,1.3357,1.1407,0.9344,0.75283,0.61375
2.0064,2.1468,2.3874,2.7393,3.0562,3.2063,3.1209,2.7368,2.0578,1.2147,0.36495,-0.41395,-1.1027,-1.6794,-2.0916,-2.2585,-2.0993,-1.5794,-0.75913,0.19676,1.0819,1.754,2.1799,2.3853,2.3919,2.205,1.838,1.3509,0.84546,0.4413,0.21273,0.14265,0.14776,0.13485,0.058895,-0.07618,-0.2355,-0.37889,-0.48415,-0.53881,-0.53687,-0.46784,-0.33512,-0.16277,0.013677,0.15835,0.24957,0.27843,0.24277,0.14749,0.0032544,-0.17559,-0.37161,-0.56543,-0.7421,-0.87598,-0.94507,-0.93789,-0.86377,-0.75517,-0.67625,-0.6822,-0.81328,-1.0763,-1.4317,-1.7867,-2.0063,-1.9419,-1.5276,-0.84143,-0.062154,0.6293,1.1154,1.3588,1.3878,1.2654,1.0707,0.85896,0.66702,0.51274
1.9504,2.128,2.4205,2.8156,3.1476,3.2802,3.1471,2.6934,1.94,1.0377,0.15193,-0.64515,-1.3467,-1.9411,-2.3809,-2.5823,-2.4526,-1.9404,-1.0975,-0.098622,0.82995,1.5323,1.9736,2.1866,2.2001,2.0226,1.6652,1.179,0.66402,0.25055,0.029617,-0.0034616,0.064184,0.12566,0.12567,0.06377,-0.029014,-0.11822,-0.18895,-0.23687,-0.25755,-0.23765,-0.16697,-0.05519,0.070487,0.1813,0.25536,0.28261,0.26028,0.19053,0.081692,-0.055003,-0.20856,-0.3666,-0.51748,-0.63913,-0.70414,-0.69479,-0.6216,-0.52844,-0.47376,-0.51779,-0.69335,-0.99934,-1.3953,-1.7943,-2.0566,-2.0365,-1.6526,-0.97093,-0.17669,0.53397,1.0332,1.2808,1.3074,1.1849,0.98097,0.76194,0.56745,0.41523
1.8628,2.0778,2.4244,2.8619,3.2036,3.3085,3.1142,2.5755,1.7338,0.76376,-0.15874,-0.96971,-1.6794,-2.2918,-2.7657,-3.0143,-2.9287,-2.4323,-1.5643,-0.51446,0.46371,1.1984,1.6555,1.8778,1.9061,1.7524,1.4247,0.95981,0.45233,0.036017,-0.18034,-0.1799,-0.052763,0.090244,0.1833,0.21855,0.21716,0.20042,0.17731,0.14246,0.097956,0.058613,0.047132,0.074941,0.13089,0.19394,0.24325,0.26632,0.26126,0.22797,0.17165,0.097635,0.010383,-0.087595,-0.18204,-0.25915,-0.29934,-0.28809,-0.2308,-0.16254,-0.14035,-0.21891,-0.43449,-0.78777,-1.2346,-1.6816,-1.9928,-2.0142,-1.6665,-1.0179,-0.25097,0.44152,0.93066,1.1722,1.1927,1.0591,0.84921,0.62581,0.42836,0.27272
1.7576,1.9943,2.3775,2.8418,3.1825,3.2553,3.0023,2.3889,1.4742,0.45236,-0.49102,-1.3015,-2.0072,-2.6265,-3.1259,-3.4161,-3.3718,-2.8922,-2.0052,-0.91702,0.094039,0.84605,1.3109,1.5428,1.592,1.4736,1.189,0.76532,0.2863,-0.12,-0.32919,-0.31111,-0.14471,0.058523,0.23051,0.35098,0.43116,0.48001,0.49421,0.46649,0.39698,0.30776,0.22702,0.17657,0.16094,0.16626,0.17946,0.19263,0.20298,0.21334,0.22311,0.22755,0.21951,0.19815,0.16447,0.13472,0.12841,0.15638,0.20879,0.25385,0.24438,0.13357,-0.10477,-0.46791,-0.9166,-1.3685,-1.6959,-1.7588,-1.479,-0.90627,-0.20626,0.43289,0.88019,1.0886,1.083,0.9288,0.70507,0.47344,0.27261,0.11777
1.6657,1.9071,2.3065,2.7822,3.1165,3.1634,2.8684,2.2061,1.2475,0.19946,-0.74797,-1.548,-2.2411,-2.856,-3.3648,-3.6781,-3.6583,-3.1881,-2.2907,-1.1849,-0.1638,0.58734,1.0475,1.2826,1.3498,1.2665,1.0254,0.64617,0.19968,-0.19024,-0.39592,-0.37478,-0.19056,0.047881,0.26619,0.44096,0.57225,0.66235,0.69938,0.67365,0.58443,0.45545,0.32036,0.2097,0.13916,0.10185,0.089913,0.097191,0.11991,0.16217,0.21852,0.28143,0.34057,0.38531,0.41519,0.43488,0.45571,0.48875,0.53268,0.56042,0.53973,0.42596,0.18887,-0.17156,-0.61513,-1.0585,-1.3817,-1.4608,-1.2216,-0.71058,-0.078727,0.4986,0.89463,1.0609,1.0203,0.84036,0.59611,0.35476,0.1561,0.012078
1.5244,1.7564,2.1635,2.6441,2.9642,2.9749,2.6274,1.9094,0.90797,-0.15746,-1.0945,-1.8668,-2.5293,-3.123,-3.6272,-3.9526,-3.9505,-3.4857,-2.5787,-1.4666,-0.45634,0.26996,0.70495,0.93193,1.0204,0.99023,0.82296,0.52087,0.13735,-0.21343,-0.40728,-0.38742,-0.19845,0.061363,0.31824,0.54278,0.72648,0.85995,0.92365,0.89842,0.7809,0.59289,0.37822,0.18473,0.041237,-0.046394,-0.088254,-0.092894,-0.058327,0.021946,0.14852,0.30432,0.46155,0.59989,0.70686,0.79092,0.86066,0.91826,0.95693,0.96804,0.91885,0.78862,0.55977,0.23136,-0.16668,-0.56487,-0.86035,-0.94063,-0.7516,-0.3315,0.1928,0.6673,0.97544,1.0709,0.97572,0.74975,0.48078,0.22805,0.025869,-0.11853
1.4036,1.6175,2.0201,2.4983,2.8049,2.7875,2.4034,1.6508,0.62935,-0.43546,-1.3531,-2.0951,-2.7259,-3.2924,-3.7795,-4.0977,-4.0932,-3.6238,-2.7132,-1.6105,-0.62728,0.062233,0.46415,0.67409,0.77262,0.78075,0.67416,0.43946,0.11797,-0.1874,-0.35983,-0.33946,-0.16086,0.094299,0.36094,0.60772,0.81933,0.97492,1.0498,1.0185,0.87694,0.64677,0.37696,0.12361,-0.073306,-0.20135,-0.2663,-0.27703,-0.23245,-0.12374,0.053093,0.28055,0.5203,0.73525,0.90743,1.0323,1.1203,1.1822,1.2198,1.2185,1.1705,1.0477,0.83144,0.5225,0.15275,-0.21084,-0.4739,-0.54651,-0.38027,-0.011534,0.44593,0.85143,1.0953,1.1326,0.98479,0.72291,0.41759,0.13988,-0.070686,-0.20657
1.2226,1.3989,1.7834,2.2518,2.5383,2.4846,2.0555,1.2674,0.23538,-0.81037,-1.6879,-2.3806,-2.9606,-3.4796,-3.9275,-4.2144,-4.1839,-3.6958,-2.7867,-1.7159,-0.78996,-0.16741,0.17595,0.35239,0.45406,0.50443,0.47345,0.33156,0.1054,-0.12067,-0.24737,-0.22019,-0.061131,0.17152,0.43031,0.68381,0.91147,1.0806,1.1581,1.1122,0.93645,0.65284,0.31705,-0.004834,-0.26376,-0.43568,-0.52729,-0.54483,-0.48317,-0.33273,-0.092523,0.21167,0.53616,0.83811,1.0906,1.286,1.4211,1.4967,1.518,1.4944,1.4207,1.2937,1.0997,0.83351,0.51805,0.21178,-0.0023742,-0.047021,0.1108,0.43125,0.81093,1.1259,1.2811,1.2406,1.0307,0.71415,0.37793,0.084225,-0.13495,-0.27786
1.021,1.1452,1.4985,1.9519,2.2189,2.1319,1.6641,0.85233,-0.1721,-1.18,-2.0054,-2.6429,-3.1663,-3.6295,-4.0229,-4.2569,-4.1782,-3.6615,-2.7619,-1.7396,-0.88471,-0.33774,-0.060293,0.071849,0.16107,0.23652,0.26576,0.21304,0.090326,-0.042786,-0.11032,-0.070825,0.070898,0.27563,0.50925,0.74722,0.96519,1.1307,1.199,1.1374,0.93155,0.60485,0.21237,-0.16983,-0.47626,-0.67714,-0.7772,-0.79056,-0.71535,-0.53751,-0.24589,0.13303,0.54013,0.91914,1.2328,1.4674,1.6227,1.702,1.7116,1.6621,1.569,1.4336,1.2509,1.0188,0.75614,0.51171,0.35432,0.34896,0.51432,0.80906,1.1396,1.3952,1.4903,1.3934,1.1311,0.77337,0.39869,0.072441,-0.16899,-0.32134
0.85785,0.93503,1.2574,1.6971,1.9517,1.8428,1.3512,0.52895,-0.47913,-1.4505,-2.2338,-2.8281,-3.3066,-3.7232,-4.0674,-4.251,-4.1269,-3.5861,-2.697,-1.715,-0.91434,-0.42249,-0.19414,-0.10071,-0.03125,0.050484,0.11528,0.12373,0.07714,0.017708,-0.00090694,0.052753,0.17629,0.3502,0.55376,0.77211,0.97879,1.1361,1.1963,1.1208,0.89394,0.53856,0.11385,-0.29734,-0.62164,-0.82812,-0.92002,-0.91731,-0.82748,-0.63394,-0.3271,0.076501,0.52309,0.94507,1.3018,1.5649,1.7267,1.792,1.7756,1.6961,1.5819,1.4439,1.2759,1.0706,0.8432,0.6403,0.52682,0.55534,0.74158,1.0379,1.3503,1.5739,1.6315,1.4992,1.2085,0.82567,0.43405,0.098462,-0.14848,-0.30629
0.62811,0.6342,0.90725,1.3268,1.5684,1.4374,0.92261,0.096645,-0.88111,-1.8008,-2.5289,-3.0664,-3.481,-3.8276,-4.0974,-4.2057,-4.0188,-3.4496,-2.5778,-1.6466,-0.90915,-0.47886,-0.30586,-0.26094,-0.22587,-0.15248,-0.058947,0.013553,0.055008,0.088257,0.13828,0.21602,0.31635,0.44024,0.59365,0.77533,0.96124,1.1039,1.1499,1.0538,0.8016,0.41788,-0.028025,-0.44491,-0.7582,-0.939,-1.0053,-0.98356,-0.8798,-0.6797,-0.36331,0.053612,0.51695,0.96358,1.3396,1.6197,1.7893,1.8429,1.7889,1.6597,1.4903,1.3152,1.1473,0.9821,0.82161,0.69307,0.64422,0.72202,0.9305,1.2276,1.5295,1.7396,1.7845,1.64,1.3359,0.94177,0.53495,0.17856,-0.091685,-0.27094
0.449,0.39843,0.63005,1.0334,1.2693,1.1281,0.60325,-0.21729,-1.1693,-2.053,-2.7444,-3.2408,-3.6046,-3.8924,-4.1002,-4.1505,-3.9204,-3.3358,-2.4789,-1.5802,-0.87786,-0.4778,-0.331,-0.31235,-0.3047,-0.25099,-0.1562,-0.053623,0.040803,0.13361,0.22913,0.32156,0.40721,0.49608,0.61102,0.76039,0.92385,1.0521,1.0844,0.97516,0.70985,0.31743,-0.1286,-0.53259,-0.81813,-0.96132,-0.98963,-0.93991,-0.82517,-0.63107,-0.32916,0.077023,0.53851,0.98628,1.3669,1.6398,1.7869,1.8049,1.708,1.5271,1.3202,1.1298,0.96943,0.82998,0.70789,0.62574,0.62612,0.74205,0.98058,1.2964,1.6058,1.8156,1.8573,1.7112,1.4096,1.0179,0.61305,0.25908,-0.011727,-0.19785
0.20562,0.079114,0.25222,0.63356,0.86697,0.72195,0.19712,-0.60624,-1.5233,-2.3689,-3.0228,-3.4682,-3.7621,-3.9655,-4.0858,-4.0597,-3.7793,-3.1819,-2.3448,-1.4785,-0.80243,-0.41638,-0.27752,-0.27358,-0.29724,-0.28293,-0.21222,-0.095982,0.047529,0.19951,0.33519,0.43346,0.49185,0.53625,0.60358,0.71372,0.84852,0.95609,0.9731,0.8513,0.57686,0.18596,-0.24229,-0.60678,-0.8318,-0.90715,-0.86971,-0.76897,-0.63229,-0.44393,-0.18088,0.16915,0.58038,0.99809,1.3561,1.6139,1.7393,1.7152,1.5488,1.2857,0.99298,0.74519,0.58059,0.48961,0.44665,0.44699,0.51322,0.67734,0.94221,1.2725,1.5953,1.8241,1.8921,1.7773,1.5069,1.1412,0.75286,0.39759,0.10906,-0.10399
-0.036496,-0.23538,-0.12059,0.23682,0.47239,0.33643,-0.17216,-0.94397,-1.827,-2.6501,-3.2827,-3.6872,-3.9137,-4.0325,-4.0664,-3.9654,-3.638,-3.0299,-2.2078,-1.3593,-0.68694,-0.28755,-0.12873,-0.11612,-0.15584,-0.18119,-0.1523,-0.054157,0.10182,0.27779,0.42722,0.51535,0.54122,0.54353,0.56906,0.64813,0.75935,0.84901,0.84957,0.71506,0.43772,0.060558,-0.3271,-0.62388,-0.76699,-0.76196,-0.66325,-0.52506,-0.37112,-0.19952,0.025521,0.32618,0.68613,1.0515,1.3689,1.5794,1.6456,1.5485,1.2961,0.93349,0.55397,0.25928,0.10266,0.065703,0.098628,0.17371,0.30177,0.50318,0.79146,1.1407,1.4872,1.7493,1.8596,1.7914,1.5663,1.2419,0.87887,0.53578,0.24765,0.024297
-0.21348,-0.46034,-0.3882,-0.050045,0.1892,0.067994,-0.416,-1.1545,-2.0123,-2.8281,-3.4576,-3.841,-4.0232,-4.0832,-4.0557,-3.9007,-3.5377,-2.9181,-2.1014,-1.2578,-0.57661,-0.15402,0.033191,0.067132,0.029849,-0.015345,-0.018358,0.04845,0.18443,0.3508,0.49229,0.56456,0.56555,0.53592,0.53325,0.58973,0.68624,0.76604,0.75799,0.6193,0.34635,-0.012106,-0.36417,-0.60987,-0.69407,-0.63263,-0.48504,-0.30917,-0.13727,0.036707,0.23629,0.48528,0.78158,1.0935,1.36,1.5291,1.5557,1.4106,1.0937,0.65241,0.19658,-0.14784,-0.3037,-0.29289,-0.19183,-0.055288,0.11124,0.33336,0.63032,0.98804,1.3509,1.6403,1.7879,1.7649,1.588,1.3034,0.97383,0.64749,0.35642,0.11475
-0.43901,-0.73654,-0.71618,-0.40642,-0.16161,-0.25309,-0.68727,-1.3683,-2.1898,-3.007,-3.6499,-4.0218,-4.1576,-4.1489,-4.0455,-3.8227,-3.4123,-2.7734,-1.9562,-1.1095,-0.40568,0.059726,0.29803,0.37589,0.35959,0.30395,0.26137,0.27336,0.35485,0.47764,0.58195,0.61766,0.57933,0.50997,0.47688,0.51206,0.59869,0.67083,0.66031,0.52298,0.26111,-0.06619,-0.36569,-0.54231,-0.55307,-0.42575,-0.22307,-0.0064024,0.18993,0.35974,0.52109,0.70479,0.92581,1.1597,1.3641,1.4769,1.4412,1.2185,0.80569,0.26145,-0.29432,-0.69035,-0.82662,-0.74311,-0.55619,-0.35153,-0.14738,0.083119,0.37284,0.72669,1.1055,1.437,1.648,1.6982,1.5917,1.3675,1.0785,0.77238,0.48442,0.23329
-0.64769,-0.97664,-0.998,-0.72079,-0.47289,-0.52402,-0.89029,-1.499,-2.2824,-3.1121,-3.7879,-4.1691,-4.274,-4.2073,-4.035,-3.7484,-3.2936,-2.6341,-1.8104,-0.95275,-0.21992,0.29328,0.58876,0.71953,0.73795,0.68796,0.61538,0.57288,0.58623,0.64124,0.68202,0.66307,0.58235,0.4863,0.43674,0.46734,0.5515,0.62094,0.60866,0.47347,0.22839,-0.065317,-0.30799,-0.41614,-0.36598,-0.19367,0.037475,0.27549,0.48845,0.6634,0.81331,0.95801,1.1105,1.2659,1.385,1.4166,1.3088,1.0206,0.54143,-0.08359,-0.70269,-1.1294,-1.2434,-1.0968,-0.84126,-0.59089,-0.37458,-0.16007,0.10219,0.43995,0.83015,1.2019,1.473,1.5914,1.5524,1.3895,1.1446,0.86731,0.59165,0.33701
-0.7905,-1.1281,-1.1736,-0.92321,-0.67532,-0.69002,-0.99443,-1.5419,-2.2977,-3.1444,-3.8558,-4.2559,-4.3479,-4.2438,-4.0247,-3.6941,-3.2082,-2.5328,-1.7008,-0.83139,-0.077051,0.46761,0.80114,0.97007,1.0195,0.98375,0.90215,0.82612,0.79031,0.78773,0.7744,0.71038,0.59835,0.48581,0.43063,0.46074,0.54249,0.61077,0.59678,0.46986,0.24535,-0.014347,-0.21943,-0.29537,-0.21992,-0.027479,0.22674,0.48858,0.71701,0.89859,1.0306,1.1328,1.2288,1.3247,1.3897,1.3805,1.2394,0.91645,0.39551,-0.26389,-0.91986,-1.3559,-1.4425,-1.2537,-0.96795,-0.70898,-0.50299,-0.31405,-0.082506,0.23116,0.61525,1.005,1.3161,1.488,1.5051,1.3863,1.1799,0.92515,0.65562,0.39375
-0.96,-1.2877,-1.3552,-1.1426,-0.89761,-0.85705,-1.0674,-1.5275,-2.2503,-3.1272,-3.897,-4.3358,-4.424,-4.2808,-4.0084,-3.6271,-3.103,-2.4037,-1.5558,-0.66916,0.10857,0.68338,1.0542,1.2674,1.3616,1.3582,1.2819,1.1753,1.0803,1.0031,0.92005,0.79965,0.64788,0.51182,0.44964,0.47853,0.56268,0.63284,0.62693,0.51845,0.32565,0.10879,-0.052728,-0.095102,-0.00025404,0.20487,0.46807,0.73832,0.97819,1.1589,1.2785,1.3521,1.4009,1.4301,1.4306,1.3564,1.1573,0.79198,0.25242,-0.40716,-1.0343,-1.4286,-1.4859,-1.2902,-1.0136,-0.7753,-0.60461,-0.46255,-0.28497,-0.017355,0.34657,0.75032,1.1036,1.3322,1.408,1.3463,1.1799,0.95158,0.69672,0.44059
-1.0704,-1.3757,-1.4506,-1.2663,-1.0255,-0.94012,-1.0737,-1.4677,-2.17,-3.0732,-3.8913,-4.3669,-4.4617,-4.2998,-3.9961,-3.5825,-3.0314,-2.3119,-1.4492,-0.55092,0.23717,0.8238,1.2119,1.451,1.5777,1.6047,1.5448,1.4286,1.2987,1.1722,1.0382,0.87888,0.70107,0.55277,0.48741,0.51562,0.60082,0.67246,0.67757,0.58808,0.42222,0.23278,0.093125,0.062119,0.15933,0.36085,0.62194,0.89628,1.1415,1.3314,1.4519,1.5069,1.515,1.4992,1.4432,1.3263,1.1081,0.74881,0.23572,-0.38459,-0.96031,-1.3212,-1.3743,-1.1984,-0.95471,-0.75545,-0.62332,-0.52715,-0.39662,-0.1694,0.16969,0.56929,0.93816,1.1973,1.3117,1.2855,1.1539,0.95279,0.71344,0.45961
-1.1953,-1.453,-1.5247,-1.3762,-1.1421,-0.99468,-1.0242,-1.3349,-2.0146,-2.9544,-3.839,-4.3712,-4.4874,-4.3145,-3.9811,-3.5307,-2.9438,-2.1946,-1.3109,-0.40202,0.38842,0.97636,1.3741,1.6374,1.8011,1.8683,1.8362,1.7217,1.5605,1.383,1.1932,0.99137,0.79436,0.6439,0.57765,0.60043,0.67391,0.74053,0.75403,0.69061,0.56113,0.40435,0.28163,0.25133,0.3384,0.53377,0.79616,1.0749,1.3275,1.5134,1.6169,1.6449,1.6197,1.5547,1.4663,1.3271,1.0999,0.75231,0.2829,-0.24758,-0.73285,-1.0247,-1.0717,-0.95032,-0.78491,-0.65818,-0.59098,-0.54783,-0.47316,-0.30713,-0.021876,0.34936,0.72227,1.0098,1.1632,1.1795,1.0819,0.9054,0.68324,0.44183
-1.2953,-1.4891,-1.5458,-1.4254,-1.1969,-0.98875,-0.91997,-1.1583,-1.8211,-2.7954,-3.7435,-4.3362,-4.4864,-4.317,-3.9655,-3.4853,-2.8645,-2.085,-1.1825,-0.27043,0.51061,1.0858,1.4784,1.7503,1.9387,2.0391,2.0354,1.9353,1.7675,1.5661,1.3471,1.1198,0.91047,0.75459,0.68143,0.6911,0.74636,0.8039,0.81651,0.77069,0.66859,0.54334,0.44001,0.40836,0.48019,0.65293,0.89757,1.1704,1.4235,1.6192,1.7297,1.7483,1.6908,1.59,1.4539,1.2871,1.0726,0.78733,0.42422,0.01268,-0.35102,-0.58545,-0.65732,-0.61573,-0.5449,-0.50351,-0.50051,-0.51624,-0.49747,-0.38809,-0.15656,0.17364,0.5265,0.81609,0.98887,1.0365,0.97038,0.82281,0.62426,0.39986
-1.3544,-1.4937,-1.532,-1.4259,-1.1992,-0.9483,-0.81503,-1.0077,-1.6609,-2.6578,-3.6486,-4.2869,-4.4684,-4.3098,-3.9518,-3.4534,-2.8097,-2.0096,-1.0959,-0.18607,0.58097,1.1379,1.5166,1.7849,1.9819,2.0997,2.118,2.0359,1.8804,1.6803,1.4558,1.2205,0.99787,0.82725,0.73976,0.73647,0.78421,0.83623,0.85212,0.813,0.72308,0.60949,0.51518,0.48346,0.54457,0.70116,0.9306,1.1952,1.4481,1.644,1.7509,1.7593,1.687,1.5653,1.4229,1.2659,1.0795,0.84241,0.54912,0.2327,-0.058166,-0.25523,-0.34177,-0.35601,-0.35407,-0.37165,-0.41573,-0.45964,-0.46724,-0.39435,-0.21135,0.069749,0.3885,0.6664,0.84699,0.90963,0.86827,0.74465,0.56467,0.35162
-1.4134,-1.4759,-1.4824,-1.3837,-1.1546,-0.85347,-0.65,-0.79531,-1.4399,-2.4603,-3.4987,-4.195,-4.4239,-4.2893,-3.9323,-3.4172,-2.7475,-1.9228,-0.99647,-0.09231,0.65152,1.1756,1.5238,1.7742,1.9682,2.0983,2.1397,2.0862,1.9568,1.7753,1.5604,1.3263,1.097,0.91129,0.80274,0.77398,0.8016,0.83953,0.85656,0.82575,0.74814,0.64179,0.54544,0.50405,0.55056,0.69281,0.91272,1.1703,1.4177,1.6078,1.7062,1.7032,1.6157,1.4779,1.3248,1.1761,1.0337,0.88538,0.71727,0.52564,0.34034,0.18352,0.067089,-0.021035,-0.10406,-0.19627,-0.28922,-0.37421,-0.41855,-0.38619,-0.25036,-0.018277,0.25848,0.50768,0.67433,0.74562,0.71407,0.60496,0.44401,0.25407
-1.4527,-1.4381,-1.4052,-1.2996,-1.0612,-0.72199,-0.47056,-0.58545,-1.2235,-2.2584,-3.3311,-4.0779,-4.3573,-4.2569,-3.9125,-3.3921,-2.7049,-1.8596,-0.92076,-0.021029,0.69984,1.1869,1.4922,1.7054,1.8767,2.0047,2.0638,2.0418,1.9475,1.7979,1.6041,1.3796,1.1539,0.96409,0.84126,0.78969,0.78774,0.80275,0.80062,0.76419,0.68908,0.59253,0.50469,0.46485,0.50371,0.63008,0.82901,1.0669,1.2993,1.4813,1.5733,1.5588,1.4533,1.2997,1.1453,1.0263,0.94999,0.89773,0.84166,0.76558,0.65943,0.53385,0.39551,0.24694,0.092794,-0.056054,-0.19043,-0.28541,-0.33034,-0.31007,-0.21325,-0.045666,0.16043,0.3563,0.49915,0.55826,0.54422,0.46488,0.3332,0.16309
-1.4704,-1.4005,-1.3336,-1.2143,-0.9659,-0.60791,-0.33491,-0.43633,-1.0707,-2.1098,-3.1992,-3.9775,-4.295,-4.2258,-3.8982,-3.3812,-2.687,-1.83,-0.88249,0.015643,0.72159,1.1816,1.4511,1.6251,1.7657,1.8793,1.9463,1.949,1.8879,1.7706,1.5989,1.3864,1.162,0.96785,0.83504,0.77291,0.75706,0.75733,0.73779,0.68722,0.60547,0.51266,0.43643,0.4063,0.44527,0.56032,0.7386,0.95339,1.1681,1.3326,1.4103,1.3834,1.2673,1.1029,0.95404,0.85996,0.83249,0.85175,0.87993,0.8833,0.83364,0.73332,0.58877,0.41055,0.2153,0.026389,-0.12394,-0.23363,-0.28489,-0.26895,-0.1824,-0.034997,0.14294,0.30704,0.41823,0.46483,0.43497,0.34257,0.2068,0.047111
-1.4789,-1.3413,-1.2259,-1.0784,-0.81549,-0.44617,-0.16228,-0.25607,-0.88443,-1.9195,-3.0179,-3.8301,-4.1983,-4.1767,-3.8818,-3.3794,-2.6846,-1.8186,-0.86335,0.033382,0.72438,1.1546,1.38,1.4988,1.5842,1.6605,1.7222,1.7527,1.7396,1.673,1.5429,1.3549,1.136,0.93303,0.78705,0.71225,0.68874,0.67681,0.64556,0.57766,0.48359,0.3856,0.31513,0.29527,0.337,0.43854,0.59018,0.77181,0.94986,1.0879,1.1421,1.0898,0.94508,0.76337,0.60646,0.53788,0.57951,0.70493,0.85456,0.96309,0.99281,0.92085,0.75557,0.52778,0.28208,0.063299,-0.10167,-0.18981,-0.20857,-0.16838,-0.082181,0.032446,0.15143,0.24913,0.30656,0.31348,0.26944,0.18432,0.067208,-0.072154
-1.4742,-1.2912,-1.139,-0.9647,-0.69194,-0.32544,-0.04551,-0.1387,-0.76011,-1.7842,-2.8796,-3.7099,-4.1148,-4.1334,-3.8707,-3.3873,-2.6994,-1.8325,-0.87443,0.021923,0.70591,1.1197,1.3165,1.3945,1.4331,1.472,1.5194,1.5658,1.5887,1.5619,1.4666,1.2999,1.0915,0.88871,0.74107,0.66039,0.63254,0.613,0.57254,0.49212,0.38738,0.28696,0.2236,0.21573,0.26315,0.35656,0.4842,0.62997,0.77022,0.87043,0.8916,0.81174,0.64514,0.44395,0.29127,0.25094,0.34388,0.53632,0.75884,0.93822,1.0161,0.97332,0.81462,0.57167,0.29805,0.05408,-0.11207,-0.18983,-0.18294,-0.11456,-0.012638,0.096503,0.19023,0.25091,0.26792,0.23948,0.17261,0.070895,-0.055282,-0.19383
-1.4527,-1.2187,-1.0169,-0.80511,-0.52454,-0.17493,0.086866,-0.010232,-0.6171,-1.6159,-2.6945,-3.5374,-3.9877,-4.065,-3.8545,-3.4091,-2.7434,-1.8846,-0.92599,-0.027494,0.65336,1.0522,1.2168,1.2443,1.2215,1.2074,1.2325,1.2965,1.3649,1.3888,1.3325,1.1909,0.99944,0.81347,0.68109,0.61353,0.58563,0.55582,0.48893,0.38265,0.26112,0.16681,0.12671,0.14289,0.19926,0.27752,0.36459,0.45325,0.53133,0.57016,0.53669,0.40761,0.19537,-0.039727,-0.21072,-0.2319,-0.071408,0.22616,0.56323,0.83825,0.98308,0.96493,0.79653,0.52657,0.22734,-0.026725,-0.18585,-0.22663,-0.16938,-0.050016,0.088353,0.2042,0.26743,0.26797,0.21528,0.13009,0.020082,-0.099155,-0.22184,-0.34438
-1.4144,-1.1402,-0.89118,-0.64241,-0.36245,-0.04424,0.18786,0.084066,-0.50199,-1.4644,-2.5125,-3.3557,-3.8443,-3.9815,-3.8319,-3.4382,-2.8099,-1.9728,-1.0212,-0.12043,0.56269,0.95451,1.0966,1.0847,1.0127,0.9544,0.9603,1.037,1.1418,1.2099,1.1912,1.0779,0.90681,0.74195,0.63129,0.58709,0.57121,0.53795,0.45134,0.32047,0.18392,0.090105,0.064398,0.097356,0.16058,0.22607,0.27991,0.31588,0.32494,0.29096,0.18472,-0.011516,-0.28129,-0.56237,-0.75087,-0.75349,-0.53697,-0.15628,0.27371,0.63267,0.83751,0.85415,0.69384,0.41063,0.089877,-0.17637,-0.31833,-0.32166,-0.2059,-0.023452,0.16158,0.292,0.3346,0.28862,0.17861,0.034925,-0.11455,-0.2586,-0.39316,-0.5165
-1.3745,-1.0779,-0.79541,-0.52193,-0.24893,0.038168,0.24173,0.13259,-0.43486,-1.3637,-2.3817,-3.2176,-3.7281,-3.9072,-3.8057,-3.4565,-2.8651,-2.0548,-1.1177,-0.2206,0.46402,0.85524,0.98904,0.96026,0.86499,0.78574,0.78253,0.86616,0.99116,1.0881,1.1001,1.0135,0.86309,0.7118,0.61508,0.581,0.57549,0.54206,0.45208,0.30904,0.16131,0.061706,0.041021,0.08572,0.15589,0.21692,0.24889,0.24576,0.20427,0.11063,-0.05479,-0.30669,-0.62821,-0.95178,-1.1679,-1.1653,-0.9054,-0.45866,0.036636,0.45112,0.68884,0.71803,0.55642,0.26554,-0.061278,-0.32406,-0.44919,-0.41528,-0.25411,-0.027236,0.19205,0.33797,0.37168,0.29371,0.13837,-0.045036,-0.23086,-0.39636,-0.53791,-0.65741
-1.3062,-0.98912,-0.66605,-0.36782,-0.11382,0.12381,0.2861,0.17002,-0.36823,-1.2468,-2.2176,-3.0337,-3.5628,-3.7905,-3.7511,-3.4645,-2.9326,-2.1733,-1.2715,-0.39092,0.29136,0.68576,0.82077,0.78774,0.68161,0.59119,0.58577,0.68303,0.83571,0.96749,1.0155,0.96142,0.84163,0.71656,0.64257,0.62034,0.61592,0.57332,0.46589,0.30527,0.14463,0.046548,0.036132,0.09204,0.16917,0.22499,0.23893,0.20151,0.10393,-0.060069,-0.30596,-0.63663,-1.025,-1.3991,-1.6457,-1.6509,-1.3712,-0.87707,-0.31739,0.1529,0.43848,0.49684,0.34207,0.040426,-0.30116,-0.56456,-0.66312,-0.58014,-0.35369,-0.065251,0.19451,0.35183,0.37004,0.25818,0.060542,-0.17128,-0.3893,-0.57601,-0.72825,-0.8488
-1.2435,-0.91716,-0.56949,-0.25974,-0.026401,0.16964,0.29967,0.17912,-0.33483,-1.1732,-2.1042,-2.8982,-3.4326,-3.6891,-3.6912,-3.4522,-2.9703,-2.2584,-1.3942,-0.53628,0.13785,0.53406,0.6759,0.65037,0.55076,0.46617,0.46944,0.58372,0.7616,0.91856,0.9877,0.95261,0.85042,0.74768,0.69104,0.68168,0.67271,0.61655,0.48454,0.30484,0.13475,0.039165,0.037089,0.10106,0.18457,0.24456,0.25509,0.20131,0.073591,-0.13721,-0.43611,-0.8169,-1.2478,-1.6578,-1.9313,-1.947,-1.6552,-1.1344,-0.54852,-0.051723,0.2423,0.2996,0.14238,-0.1576,-0.49179,-0.7421,-0.81947,-0.70609,-0.447,-0.12704,0.15805,0.32834,0.34235,0.20898,-0.0213,-0.27984,-0.52706,-0.73159,-0.88896,-1.0045
-1.1452,-0.81414,-0.44183,-0.12777,0.069523,0.20775,0.29517,0.17104,-0.31024,-1.0937,-1.9682,-2.726,-3.2558,-3.5363,-3.582,-3.4014,-2.9874,-2.3467,-1.5465,-0.73523,-0.086322,0.30339,0.45343,0.44657,0.37568,0.32391,0.35813,0.503,0.71243,0.89998,0.9989,0.99096,0.91093,0.82587,0.77744,0.76724,0.74701,0.67081,0.52008,0.32305,0.14311,0.036952,0.029073,0.09592,0.18915,0.26374,0.28573,0.23173,0.085673,-0.16063,-0.50639,-0.93376,-1.4012,-1.8343,-2.1306,-2.1779,-1.9213,-1.422,-0.83483,-0.33286,-0.017737,0.057773,-0.092324,-0.3957,-0.73417,-0.97701,-1.031,-0.88341,-0.58547,-0.23431,0.067461,0.23931,0.24305,0.091907,-0.16011,-0.44486,-0.70922,-0.92655,-1.0906,-1.2044
-1.0317,-0.7034,-0.31761,-0.011315,0.14266,0.2225,0.27178,0.14638,-0.30321,-1.0337,-1.8515,-2.568,-3.081,-3.3679,-3.4399,-3.3032,-2.951,-2.3865,-1.6651,-0.92075,-0.31756,0.050304,0.20209,0.22132,0.19708,0.20326,0.29322,0.47776,0.71337,0.92483,1.0508,1.0702,1.0134,0.93601,0.88436,0.85173,0.80653,0.70475,0.53885,0.33321,0.14547,0.033665,0.019495,0.083526,0.18292,0.27177,0.31301,0.27704,0.13995,-0.1109,-0.47178,-0.91562,-1.3913,-1.8287,-2.1327,-2.2049,-1.9924,-1.5457,-1.007,-0.52771,-0.2361,-0.17288,-0.32044,-0.6076,-0.92373,-1.1477,-1.1942,-1.0356,-0.73053,-0.37426,-0.070038,0.099982,0.0969,-0.06475,-0.32774,-0.62411,-0.89163,-1.1069,-1.2674,-1.38
-0.93869,-0.61624,-0.22746,0.064591,0.18316,0.22172,0.24663,0.12178,-0.30548,-0.99912,-1.7765,-2.4597,-2.9535,-3.2355,-3.315,-3.1995,-2.8858,-2.3765,-1.7202,-1.038,-0.48172,-0.13894,0.01035,0.05014,0.065243,0.12185,0.26149,0.4815,0.73733,0.96325,1.1006,1.1321,1.0879,1.019,0.96586,0.92297,0.85807,0.73597,0.55032,0.33356,0.14036,0.025434,0.0047136,0.061237,0.16194,0.26328,0.32651,0.31482,0.19833,-0.038403,-0.38692,-0.81533,-1.273,-1.6936,-2.0015,-2.1083,-1.9554,-1.5723,-1.0819,-0.63973,-0.35474,-0.2855,-0.42315,-0.70241,-1.0155,-1.2422,-1.2925,-1.1474,-0.85332,-0.50333,-0.20089,-0.030098,-0.032062,-0.19357,-0.45734,-0.7484,-1.0157,-1.2308,-1.3891,-1.4953
-0.80671,-0.49565,-0.11256,0.15094,0.21937,0.20943,0.20908,0.088029,-0.3126,-0.96359,-1.6915,-2.3303,-2.7931,-3.0586,-3.1355,-3.0341,-2.7568,-2.3112,-1.7409,-1.149,-0.66568,-0.3651,-0.22338,-0.15969,-0.095665,0.02291,0.22328,0.4922,0.78168,1.0275,1.1741,1.2128,1.1743,1.1126,1.0561,1.0054,0.92178,0.78054,0.57616,0.346,0.14475,0.011974,-0.03022,0.010724,0.10789,0.23073,0.33152,0.36426,0.29278,0.097284,-0.21368,-0.60408,-1.0212,-1.4078,-1.7022,-1.837,-1.7603,-1.4811,-1.0882,-0.70873,-0.4582,-0.39256,-0.51247,-0.76676,-1.0641,-1.2967,-1.3779,-1.2714,-1.0148,-0.69259,-0.40555,-0.23794,-0.23203,-0.37674,-0.61843,-0.89099,-1.1366,-1.3358,-1.4859,-1.5918
-0.66863,-0.3723,-0.0047771,0.22129,0.23978,0.19009,0.17277,0.057561,-0.3209,-0.93652,-1.6211,-2.2183,-2.6481,-2.8914,-2.9566,-2.8554,-2.5972,-2.197,-1.699,-1.1939,-0.79035,-0.54229,-0.41586,-0.33489,-0.2302,-0.060838,0.1864,0.49642,0.81718,1.0817,1.2421,1.2884,1.2526,1.1858,1.1209,1.0536,0.95707,0.80597,0.60532,0.38119,0.17449,0.022864,-0.053167,-0.044907,0.040798,0.1738,0.30898,0.39298,0.38077,0.24773,-0.0012372,-0.33271,-0.69692,-1.0429,-1.3217,-1.4808,-1.4743,-1.2957,-1.0019,-0.69602,-0.47813,-0.41324,-0.5166,-0.75486,-1.0532,-1.3133,-1.445,-1.4034,-1.2013,-0.91101,-0.63244,-0.45548,-0.42884,-0.54556,-0.75433,-0.99091,-1.2106,-1.3886,-1.5243,-1.6238
-0.56324,-0.27914,0.071231,0.26449,0.24739,0.17456,0.15075,0.040019,-0.32514,-0.91913,-1.5762,-2.1451,-2.5517,-2.7781,-2.8318,-2.7254,-2.4719,-2.092,-1.6339,-1.1848,-0.83955,-0.63546,-0.52875,-0.44326,-0.31664,-0.11616,0.16252,0.49889,0.83699,1.1104,1.2774,1.3253,1.2908,1.2208,1.1536,1.0808,0.981,0.83,0.63092,0.40837,0.19563,0.02827,-0.074038,-0.092931,-0.021526,0.11806,0.28043,0.406,0.44401,0.36482,0.16951,-0.11105,-0.4301,-0.74289,-1.0053,-1.1789,-1.2233,-1.12,-0.90116,-0.65162,-0.46079,-0.39864,-0.49132,-0.718,-1.017,-1.3006,-1.4799,-1.4971,-1.3499,-1.0957,-0.82788,-0.63728,-0.57806,-0.65158,-0.81633,-1.018,-1.2099,-1.3737,-1.5061,-1.6089
-0.4244,-0.15628,0.16475,0.31189,0.25063,0.15583,0.13001,0.025667,-0.3261,-0.8973,-1.523,-2.0596,-2.4396,-2.6466,-2.6866,-2.5716,-2.317,-1.95,-1.526,-1.1325,-0.85288,-0.70591,-0.63459,-0.55911,-0.41898,-0.18784,0.13292,0.50234,0.85869,1.1369,1.2956,1.3351,1.293,1.2246,1.1623,1.1021,1.0125,0.87029,0.67278,0.44469,0.21926,0.023567,-0.11404,-0.16655,-0.11459,0.032465,0.22768,0.40832,0.51603,0.51543,0.39886,0.1875,-0.077962,-0.35132,-0.59875,-0.78131,-0.86527,-0.83396,-0.70597,-0.53397,-0.39553,-0.35452,-0.44448,-0.6627,-0.96908,-1.2917,-1.5442,-1.6487,-1.5772,-1.364,-1.0947,-0.86747,-0.75012,-0.75779,-0.86012,-1.0087,-1.1677,-1.3132,-1.4393,-1.544
-0.32344,-0.067404,0.22911,0.34075,0.24997,0.14518,0.12128,0.02114,-0.32417,-0.88161,-1.4878,-2.0042,-2.368,-2.5645,-2.5978,-2.4781,-2.2212,-1.8578,-1.4479,-1.0813,-0.83757,-0.72623,-0.68191,-0.61918,-0.47903,-0.2353,0.10619,0.49335,0.85818,1.137,1.2879,1.3197,1.2722,1.2046,1.1461,1.0931,1.012,0.87936,0.69259,0.47021,0.23786,0.018962,-0.1537,-0.2374,-0.19914,-0.042206,0.18379,0.40799,0.56739,0.62023,0.55616,0.39426,0.17284,-0.068871,-0.29394,-0.47703,-0.59292,-0.62129,-0.56185,-0.45069,-0.34566,-0.31132,-0.39645,-0.61479,-0.93748,-1.2975,-1.6057,-1.777,-1.7614,-1.5767,-1.3017,-1.0378,-0.86376,-0.80875,-0.8559,-0.96548,-1.0997,-1.2349,-1.3592,-1.4664
-0.19571,0.044804,0.30766,0.37286,0.24846,0.13666,0.11762,0.020743,-0.31895,-0.86198,-1.4457,-1.9396,-2.2876,-2.4773,-2.5094,-2.3898,-2.1324,-1.77,-1.3673,-1.0179,-0.80166,-0.72354,-0.71026,-0.66968,-0.53983,-0.29405,0.054522,0.45371,0.82673,1.1072,1.2572,1.282,1.2291,1.1549,1.0951,1.043,0.97109,0.85303,0.68274,0.46913,0.22802,-0.015311,-0.22322,-0.33774,-0.31102,-0.14039,0.12278,0.40089,0.62423,0.74649,0.75106,0.65066,0.47888,0.27555,0.070879,-0.11038,-0.24778,-0.32494,-0.33772,-0.30087,-0.25747,-0.26158,-0.36071,-0.58091,-0.91454,-1.3139,-1.6949,-1.9543,-2.0109,-1.8521,-1.5514,-1.2271,-0.9782,-0.84818,-0.82879,-0.88849,-0.99086,-1.1099,-1.2321,-1.3478
-0.078742,0.14786,0.3779,0.40046,0.24872,0.13333,0.11921,0.023081,-0.31353,-0.84442,-1.4078,-1.8824,-2.2218,-2.4151,-2.4571,-2.3476,-2.0961,-1.7341,-1.3288,-0.97924,-0.7711,-0.7113,-0.72227,-0.70596,-0.59289,-0.35375,-0.0034259,0.40414,0.78592,1.0681,1.2152,1.2298,1.162,1.0721,1.0031,0.95155,0.88922,0.78399,0.62231,0.40859,0.16125,-0.095118,-0.31349,-0.43355,-0.40377,-0.21701,0.074436,0.39371,0.66903,0.84779,0.91002,0.86399,0.74067,0.57581,0.40113,0.23035,0.074569,-0.052054,-0.13394,-0.16909,-0.17742,-0.20694,-0.31578,-0.54441,-0.89611,-1.331,-1.7677,-2.1001,-2.2246,-2.098,-1.7745,-1.381,-1.0439,-0.83371,-0.75734,-0.77756,-0.86505,-0.98337,-1.1104,-1.2325
0.001071,0.2185,0.4258,0.41854,0.24987,0.13297,0.1205,0.023207,-0.31212,-0.83341,-1.3809,-1.8422,-2.1794,-2.3819,-2.4397,-2.3459,-2.1038,-1.7425,-1.3306,-0.97268,-0.76105,-0.7068,-0.73126,-0.73127,-0.62925,-0.39267,-0.036091,0.37848,0.76466,1.0445,1.183,1.1863,1.1028,0.9974,0.91514,0.85548,0.79105,0.68863,0.53489,0.3305,0.08992,-0.16405,-0.38368,-0.50138,-0.46181,-0.25835,0.055011,0.39831,0.70075,0.91012,1.0047,0.99171,0.90053,0.76289,0.60991,0.44999,0.28936,0.13986,0.019647,-0.059556,-0.10725,-0.16263,-0.2829,-0.5151,-0.87285,-1.3251,-1.7957,-2.1692,-2.3256,-2.2067,-1.8668,-1.4425,-1.0684,-0.81912,-0.70534,-0.70467,-0.77326,-0.88204,-1.0106,-1.144
0.095852,0.30309,0.48132,0.43974,0.25183,0.13159,0.11697,0.015912,-0.31727,-0.822,-1.3454,-1.7901,-2.128,-2.3497,-2.4389,-2.3763,-2.1542,-1.7964,-1.3731,-0.99696,-0.77179,-0.71662,-0.75106,-0.76152,-0.66078,-0.41551,-0.045733,0.37414,0.75512,1.025,1.1482,1.1351,1.0316,0.90211,0.79118,0.70582,0.62338,0.51596,0.36941,0.18265,-0.036094,-0.26259,-0.45332,-0.5436,-0.48133,-0.26625,0.053204,0.40472,0.72167,0.95861,1.0906,1.1183,1.0642,0.96194,0.83089,0.68365,0.52451,0.36058,0.20804,0.084224,-0.0025319,-0.083353,-0.2125,-0.44273,-0.79769,-1.2568,-1.7475,-2.1598,-2.3607,-2.2671,-1.9163,-1.4512,-1.0274,-0.73796,-0.6012,-0.58269,-0.65425,-0.77327,-0.9113,-1.0495
0.17696,0.37485,0.52635,0.45566,0.25135,0.12334,0.10034,-0.0071793,-0.33386,-0.81473,-1.3086,-1.7351,-2.0762,-2.3228,-2.4513,-2.4295,-2.2365,-1.8873,-1.4523,-1.0533,-0.80686,-0.73947,-0.76836,-0.76839,-0.65079,-0.38624,-0.0074352,0.40932,0.77735,1.0356,1.1482,1.1201,0.99457,0.83044,0.67687,0.55176,0.44115,0.32368,0.18264,0.017365,-0.16309,-0.33724,-0.4672,-0.5067,-0.41907,-0.20732,0.090962,0.41953,0.72258,0.95895,1.105,1.1609,1.1457,1.0814,0.98678,0.86427,0.71304,0.53982,0.36516,0.21787,0.10764,0.015224,-0.11151,-0.32918,-0.66824,-1.1142,-1.6049,-2.0197,-2.2249,-2.1383,-1.7997,-1.3493,-0.93517,-0.64526,-0.49932,-0.48071,-0.54318,-0.65601,-0.79571,-0.94577
0.22892,0.42001,0.55288,0.46296,0.24664,0.1095,0.075092,-0.039012,-0.35624,-0.81286,-1.2798,-1.6908,-2.0347,-2.3017,-2.4622,-2.4749,-2.3081,-1.9682,-1.5245,-1.1053,-0.83681,-0.75147,-0.76589,-0.75041,-0.61403,-0.33325,0.051361,0.46473,0.82651,1.0775,1.1832,1.1441,0.99836,0.80356,0.61296,0.45064,0.31344,0.18565,0.056542,-0.07829,-0.2147,-0.33902,-0.42177,-0.4253,-0.32555,-0.12529,0.14165,0.43073,0.70096,0.9192,1.0674,1.1426,1.1556,1.1222,1.0506,0.94409,0.80284,0.63367,0.4571,0.30293,0.18897,0.10027,-0.013032,-0.2099,-0.5253,-0.94958,-1.4157,-1.8234,-2.0383,-1.9713,-1.65,-1.2098,-0.80265,-0.52214,-0.38987,-0.37596,-0.45265,-0.58146,-0.73428,-0.89112
0.28715,0.46909,0.57727,0.46473,0.23293,0.078075,0.020912,-0.10339,-0.40262,-0.81751,-1.2415,-1.6283,-1.9739,-2.2665,-2.4688,-2.5274,-2.3965,-2.0702,-1.6145,-1.1658,-0.86283,-0.74647,-0.73343,-0.69199,-0.52632,-0.22235,0.17168,0.58096,0.93562,1.1763,1.2721,1.2192,1.049,0.81858,0.583,0.37433,0.20156,0.061393,-0.050887,-0.13868,-0.20621,-0.25074,-0.2632,-0.22703,-0.12912,0.025086,0.2186,0.42705,0.62691,0.80111,0.93867,1.0347,1.0882,1.0999,1.0679,0.98981,0.86705,0.7103,0.54317,0.3971,0.29309,0.21677,0.12135,-0.048699,-0.32625,-0.70165,-1.1204,-1.4761,-1.6563,-1.5912,-1.3113,-0.93376,-0.58749,-0.35206,-0.24656,-0.25582,-0.33953,-0.46919,-0.62304,-0.78596
0.32374,0.49835,0.58731,0.45876,0.21467,0.043072,-0.03533,-0.16923,-0.4507,-0.82767,-1.2139,-1.5794,-1.924,-2.2328,-2.463,-2.5528,-2.446,-2.1273,-1.6606,-1.1888,-0.85963,-0.72006,-0.68635,-0.62237,-0.43281,-0.10987,0.29167,0.6958,1.0391,1.27,1.3588,1.2997,1.1198,0.87129,0.61028,0.37468,0.18341,0.041035,-0.054046,-0.10622,-0.12367,-0.11471,-0.082837,-0.02708,0.054301,0.15974,0.28155,0.41084,0.54069,0.66643,0.78455,0.88973,0.97273,1.0202,1.0239,0.97545,0.8746,0.73273,0.5761,0.44094,0.34652,0.28605,0.21444,0.07569,-0.16389,-0.49568,-0.86086,-1.1745,-1.3333,-1.2744,-1.0223,-0.68198,-0.37442,-0.17659,-0.10603,-0.13559,-0.24088,-0.38785,-0.55333,-0.72195
0.36443,0.5279,0.58866,0.43854,0.17727,-0.021388,-0.13429,-0.28163,-0.53403,-0.85174,-1.1817,-1.5146,-1.8534,-2.1781,-2.4381,-2.5612,-2.4778,-2.1617,-1.6746,-1.1685,-0.80524,-0.63972,-0.58624,-0.50057,-0.28695,0.055998,0.46358,0.85983,1.1863,1.4053,1.4873,1.426,1.2426,0.98501,0.70848,0.46001,0.26416,0.13027,0.062442,0.054201,0.092642,0.15517,0.22168,0.27836,0.31955,0.34379,0.35518,0.36199,0.37864,0.42391,0.50852,0.62522,0.74821,0.84732,0.89794,0.89045,0.82618,0.71797,0.59109,0.47794,0.40451,0.36247,0.31278,0.20691,0.017367,-0.24458,-0.53132,-0.76001,-0.85509,-0.78014,-0.56694,-0.30148,-0.075738,0.054187,0.077773,0.011609,-0.11062,-0.26623,-0.43766,-0.61229
0.39666,0.54727,0.57613,0.40137,0.12033,-0.10888,-0.26123,-0.42246,-0.63914,-0.89013,-1.1592,-1.4561,-1.784,-2.1167,-2.3948,-2.5371,-2.463,-2.1375,-1.6223,-1.0807,-0.68827,-0.50682,-0.44821,-0.36116,-0.14329,0.2047,0.61275,1.0024,1.3205,1.5334,1.6156,1.5594,1.3832,1.1341,0.86728,0.63041,0.44856,0.33569,0.29258,0.31697,0.38944,0.48127,0.55836,0.59618,0.58391,0.52034,0.41604,0.29216,0.18354,0.13307,0.17156,0.29377,0.45754,0.60983,0.71686,0.76119,0.74236,0.67245,0.57619,0.48624,0.42703,0.40059,0.37507,0.30737,0.17327,-0.015794,-0.21113,-0.35808,-0.3969,-0.3068,-0.12005,0.09071,0.25018,0.31504,0.2827,0.17867,0.027084,-0.148,-0.33101,-0.51185
0.4164,0.55514,0.55738,0.36102,0.063406,-0.19095,-0.37389,-0.54413,-0.72986,-0.92789,-1.1504,-1.4196,-1.7372,-2.0705,-2.3541,-2.5007,-2.4235,-2.0829,-1.543,-0.97615,-0.56709,-0.38151,-0.32955,-0.25398,-0.046295,0.29523,0.6989,1.0838,1.3984,1.6093,1.6949,1.6472,1.4841,1.2512,1.0044,0.78908,0.63169,0.54248,0.52145,0.56143,0.64306,0.73545,0.80417,0.82024,0.7657,0.64096,0.45562,0.23817,0.038077,-0.086348,-0.087026,0.033105,0.22026,0.40983,0.55461,0.63844,0.6613,0.63261,0.57036,0.50101,0.45009,0.42288,0.40063,0.35224,0.2588,0.13005,-0.00013212,-0.075634,-0.061283,0.047243,0.21322,0.37479,0.47564,0.48889,0.41951,0.28626,0.12008,-0.062733,-0.25039,-0.43366
0.43678,0.55742,0.51959,0.29012,-0.032321,-0.32111,-0.54522,-0.72464,-0.86518,-0.99115,-1.1529,-1.3864,-1.6881,-2.0161,-2.2977,-2.4391,-2.3462,-1.9762,-1.3998,-0.80154,-0.37703,-0.19665,-0.1677,-0.12305,0.056702,0.38061,0.7735,1.1518,1.4608,1.6692,1.7605,1.7274,1.5904,1.3919,1.1867,1.0152,0.90085,0.84746,0.8527,0.90548,0.98577,1.0642,1.105,1.0789,0.96916,0.77022,0.49578,0.17857,-0.12388,-0.33408,-0.38689,-0.27817,-0.069779,0.15765,0.35285,0.49109,0.56853,0.59024,0.56861,0.52413,0.48159,0.45688,0.44312,0.41885,0.36962,0.30385,0.25421,0.2494,0.3139,0.44075,0.59215,0.71431,0.76226,0.71925,0.59802,0.4295,0.23457,0.033153,-0.163,-0.34599
0.44807,0.55346,0.48248,0.22368,-0.11934,-0.43416,-0.68778,-0.87208,-0.97699,-1.049,-1.1675,-1.3758,-1.6646,-1.9855,-2.2604,-2.3911,-2.2792,-1.8821,-1.2768,-0.6581,-0.22824,-0.059562,-0.057027,-0.045713,0.10607,0.41419,0.80055,1.175,1.4777,1.6824,1.7742,1.7527,1.6381,1.4734,1.3072,1.1777,1.1004,1.0741,1.0936,1.1466,1.2167,1.2747,1.2893,1.2329,1.0882,0.85076,0.53363,0.16915,-0.18376,-0.43842,-0.52534,-0.43623,-0.23238,0.007739,0.22556,0.3992,0.52013,0.58493,0.59684,0.57209,0.5338,0.50443,0.48745,0.4705,0.44426,0.41738,0.41383,0.45815,0.55968,0.70087,0.8402,0.92866,0.93245,0.84759,0.69577,0.50387,0.2996,0.096806,-0.098678,-0.28205
0.45741,0.54064,0.42149,0.11821,-0.25529,-0.60472,-0.89455,-1.0821,-1.1384,-1.1411,-1.2059,-1.3829,-1.6542,-1.9625,-2.224,-2.3344,-2.1926,-1.7583,-1.1186,-0.4798,-0.050879,0.095202,0.057381,0.021106,0.1332,0.41849,0.79731,1.1657,1.4601,1.6575,1.7506,1.7455,1.6659,1.5496,1.4379,1.3615,1.3285,1.3353,1.3676,1.4159,1.4655,1.4951,1.479,1.3918,1.2152,0.94876,0.60305,0.2121,-0.16189,-0.44284,-0.55944,-0.5007,-0.31997,-0.089657,0.14131,0.34558,0.5089,0.62008,0.67342,0.67548,0.64849,0.61556,0.58914,0.56909,0.55487,0.55655,0.59485,0.67843,0.80575,0.95184,1.0758,1.1357,1.1058,0.98758,0.80478,0.59369,0.37058,0.15339,-0.047027,-0.22197
0.45911,0.5185,0.34717,-0.0048841,-0.41148,-0.79226,-1.1141,-1.3025,-1.3113,-1.25,-1.2666,-1.4153,-1.67,-1.9645,-2.2096,-2.2978,-2.1264,-1.6597,-0.99393,-0.34346,0.079295,0.20177,0.12745,0.051157,0.12983,0.39464,0.76174,1.1204,1.4055,1.5954,1.6915,1.7023,1.6527,1.5768,1.5147,1.4857,1.4958,1.5312,1.5782,1.6224,1.6509,1.6513,1.6032,1.4882,1.2962,1.0245,0.68989,0.32621,-0.015111,-0.26827,-0.38541,-0.3613,-0.2317,-0.042491,0.169,0.38013,0.56902,0.71339,0.79802,0.82497,0.80891,0.77293,0.73293,0.69661,0.6726,0.67648,0.72397,0.82633,0.96733,1.1141,1.2233,1.2562,1.1948,1.0494,0.85036,0.62849,0.40825,0.19995,0.008937,-0.15823
0.45426,0.49491,0.28294,-0.1078,-0.53929,-0.94043,-1.282,-1.4689,-1.4445,-1.3402,-1.3254,-1.4557,-1.6985,-1.9829,-2.2159,-2.2881,-2.0975,-1.6117,-0.93197,-0.27723,0.13877,0.24495,0.1483,0.049525,0.11135,0.36677,0.72683,1.0777,1.3538,1.5358,1.6285,1.6468,1.6147,1.5688,1.542,1.5498,1.5886,1.6399,1.6895,1.7236,1.7356,1.7141,1.6477,1.5235,1.3324,1.0781,0.77586,0.45698,0.16802,-0.045317,-0.15008,-0.14589,-0.057589,0.085609,0.2661,0.46259,0.65208,0.8086,0.91172,0.95422,0.95077,0.91778,0.8686,0.81251,0.76355,0.74463,0.78079,0.87457,1.0133,1.1591,1.2639,1.2884,1.2177,1.0658,0.86385,0.64427,0.42602,0.21913,0.031735,-0.1254
0.43792,0.4521,0.18603,-0.25679,-0.72004,-1.1425,-1.5015,-1.684,-1.62,-1.4683,-1.4199,-1.5298,-1.7584,-2.03,-2.2479,-2.3018,-2.0911,-1.5868,-0.89526,-0.2391,0.16678,0.25339,0.13342,0.016123,0.069807,0.32499,0.68142,1.0219,1.2805,1.4466,1.5322,1.5586,1.5529,1.5462,1.5593,1.6017,1.6609,1.7223,1.767,1.7884,1.7806,1.7401,1.6599,1.5333,1.358,1.1405,0.89938,0.66324,0.46364,0.32631,0.25458,0.23766,0.26518,0.33791,0.45821,0.62083,0.80085,0.96332,1.0792,1.1386,1.1434,1.1066,1.0377,0.94775,0.85785,0.79975,0.80239,0.87664,1.0023,1.1387,1.2372,1.258,1.1855,1.0336,0.83539,0.6256,0.41797,0.2279,0.062801,-0.068016
0.40925,0.39443,0.075585,-0.41654,-0.9067,-1.3383,-1.7042,-1.8784,-1.7844,-1.6002,-1.5285,-1.6234,-1.8406,-2.1001,-2.305,-2.3453,-2.1208,-1.6047,-0.90691,-0.25206,0.14469,0.21571,0.078657,-0.048812,0.010497,0.27933,0.64387,0.97751,1.2196,1.3689,1.4491,1.4855,1.5019,1.5205,1.5568,1.6131,1.6805,1.7418,1.7824,1.7913,1.7661,1.7089,1.6225,1.5064,1.3615,1.1947,1.0233,0.87286,0.76426,0.70007,0.66691,0.64472,0.62941,0.63887,0.69599,0.80636,0.95278,1.1023,1.2228,1.2933,1.3118,1.2758,1.1858,1.0517,0.90258,0.78413,0.73944,0.78215,0.89524,1.0307,1.1321,1.1574,1.0942,0.95967,0.78502,0.59527,0.41149,0.2389,0.085332,-0.034477
0.379,0.34109,-0.015909,-0.54102,-1.0443,-1.4735,-1.8357,-2.0012,-1.894,-1.6968,-1.6152,-1.7027,-1.9127,-2.1644,-2.361,-2.3934,-2.1623,-1.6418,-0.9426,-0.29022,0.10092,0.16464,0.021155,-0.10649,-0.036385,0.24782,0.62317,0.95495,1.1872,1.3264,1.4041,1.4476,1.4792,1.512,1.5573,1.6122,1.6731,1.7251,1.7573,1.7571,1.7219,1.6559,1.5664,1.4603,1.3411,1.2172,1.1045,1.0205,0.97572,0.96038,0.94931,0.92177,0.87987,0.84731,0.86176,0.93423,1.0515,1.1833,1.2982,1.3741,1.3966,1.3582,1.2518,1.0852,0.89286,0.72993,0.64807,0.66753,0.76847,0.90162,1.0101,1.05,1.0048,0.88708,0.72635,0.55345,0.3795,0.22097,0.088649,-0.003637
0.32632,0.25648,-0.14623,-0.70646,-1.2137,-1.6269,-1.9713,-2.126,-2.0143,-1.8146,-1.7306,-1.8134,-2.0166,-2.2593,-2.4467,-2.4703,-2.2328,-1.7102,-1.0133,-0.36518,0.022097,0.084221,-0.056221,-0.17265,-0.085457,0.21519,0.60022,0.93313,1.1612,1.298,1.3754,1.4266,1.4705,1.5167,1.5657,1.6149,1.6564,1.6832,1.686,1.6616,1.6113,1.5436,1.4672,1.3864,1.3048,1.23,1.1777,1.1642,1.1904,1.2345,1.2579,1.2309,1.1568,1.074,1.0245,1.0398,1.1183,1.2326,1.3459,1.4277,1.4549,1.4064,1.2713,1.0586,0.80798,0.58491,0.45458,0.4458,0.54209,0.68846,0.81906,0.88392,0.86481,0.77454,0.64104,0.48958,0.33713,0.19539,0.076578,-0.0011524
0.27735,0.18358,-0.24717,-0.82409,-1.3228,-1.7137,-2.0377,-2.1859,-2.081,-1.8909,-1.812,-1.8952,-2.0951,-2.3329,-2.5147,-2.5323,-2.2906,-1.7674,-1.0728,-0.42666,-0.038073,0.029976,-0.10032,-0.20584,-0.1107,0.19344,0.57824,0.91359,1.1488,1.2946,1.3833,1.4442,1.4938,1.5407,1.5824,1.6171,1.6359,1.6359,1.6126,1.5684,1.508,1.4405,1.3739,1.3113,1.2561,1.2153,1.2031,1.2329,1.3009,1.3758,1.416,1.3903,1.3018,1.1877,1.1019,1.0765,1.1177,1.2064,1.3112,1.396,1.43,1.3831,1.2339,0.98905,0.69519,0.4302,0.27093,0.25075,0.3514,0.51243,0.66404,0.75316,0.75765,0.68643,0.56639,0.42689,0.28246,0.15157,0.048016,-0.011955
0.20194,0.076958,-0.38067,-0.96226,-1.4335,-1.7834,-2.0756,-2.2189,-2.1353,-1.9712,-1.9081,-1.996,-2.1947,-2.4286,-2.6042,-2.6143,-2.3652,-1.8379,-1.1432,-0.49645,-0.1013,-0.018993,-0.13161,-0.22537,-0.1299,0.16806,0.54886,0.89044,1.1414,1.3092,1.4239,1.5055,1.5649,1.6041,1.6239,1.6216,1.5977,1.5535,1.4947,1.4259,1.3534,1.2844,1.2244,1.179,1.1525,1.1515,1.1893,1.2711,1.3826,1.4901,1.5422,1.5067,1.3894,1.2347,1.0953,1.0204,1.0263,1.0978,1.1996,1.2914,1.3278,1.2696,1.096,0.81714,0.48427,0.18209,-0.0018405,-0.026865,0.087991,0.27725,0.46324,0.58606,0.61936,0.56997,0.46414,0.33406,0.19635,0.070967,-0.024916,-0.071612
0.119,-0.034403,-0.50511,-1.0679,-1.4935,-1.7942,-2.0551,-2.1996,-2.1493,-2.0237,-1.9843,-2.0821,-2.2824,-2.514,-2.6831,-2.6839,-2.4238,-1.8878,-1.1882,-0.53709,-0.13144,-0.030548,-0.12412,-0.21071,-0.12758,0.15087,0.52278,0.87294,1.1446,1.3431,1.4878,1.5923,1.6613,1.6911,1.6825,1.6372,1.5628,1.4676,1.3633,1.2606,1.1698,1.0992,1.0529,1.03,1.0296,1.0581,1.124,1.2321,1.3694,1.4917,1.5512,1.5131,1.379,1.187,1.003,0.87541,0.83294,0.87482,0.97308,1.0774,1.1317,1.0831,0.89969,0.59184,0.22311,-0.10425,-0.2941,-0.29909,-0.15067,0.072449,0.28707,0.43373,0.48679,0.45198,0.35453,0.22026,0.088793,-0.028372,-0.11584,-0.15669
0.055025,-0.11624,-0.58532,-1.1177,-1.499,-1.7622,-2.0038,-2.1542,-2.1352,-2.0438,-2.0266,-2.1346,-2.3377,-2.5672,-2.7298,-2.7208,-2.4505,-1.9067,-1.2028,-0.54682,-0.13061,-0.012365,-0.089502,-0.17314,-0.10722,0.14605,0.50469,0.86016,1.1538,1.3814,1.5521,1.6726,1.744,1.763,1.7304,1.6532,1.5397,1.4056,1.2642,1.1342,1.0289,0.95516,0.91436,0.9015,0.91327,0.95581,1.0373,1.1615,1.3118,1.4443,1.5064,1.4594,1.3037,1.0815,0.85586,0.68926,0.62128,0.65643,0.76298,0.88363,0.95002,0.90277,0.71186,0.39253,0.012708,-0.32102,-0.50514,-0.49548,-0.32188,-0.066169,0.18135,0.3529,0.41727,0.37994,0.27096,0.13074,-0.01515,-0.13817,-0.21919,-0.24153
-0.027577,-0.21623,-0.6636,-1.135,-1.4491,-1.6703,-1.8958,-2.0621,-2.0889,-2.0471,-2.0626,-2.1866,-2.3945,-2.6197,-2.7711,-2.7453,-2.4583,-1.9046,-1.1968,-0.53427,-0.10041,0.046378,-0.0035327,-0.082085,-0.043183,0.16608,0.49511,0.85205,1.177,1.4467,1.6543,1.7951,1.8605,1.8549,1.7851,1.6645,1.5057,1.325,1.1452,0.98596,0.86352,0.78091,0.73534,0.72085,0.73585,0.78638,0.88198,1.022,1.1832,1.321,1.3775,1.314,1.1308,0.87003,0.5971,0.38357,0.28062,0.30309,0.42126,0.56876,0.66189,0.63259,0.44741,0.12498,-0.25834,-0.58627,-0.75054,-0.70794,-0.49838,-0.21118,0.060891,0.24999,0.32414,0.28744,0.17081,0.012608,-0.13878,-0.25942,-0.33133,-0.34271
-0.083926,-0.27921,-0.69476,-1.1072,-1.3709,-1.5703,-1.7936,-1.9778,-2.0402,-2.0349,-2.0749,-2.211,-2.4219,-2.6431,-2.7842,-2.7435,-2.4433,-1.8835,-1.1755,-0.51032,-0.063218,0.10768,0.082968,0.01315,0.03622,0.2128,0.51308,0.86356,1.2038,1.498,1.7309,1.8841,1.9477,1.9234,1.8261,1.6705,1.4789,1.2702,1.0702,0.89714,0.76391,0.67384,0.62031,0.59694,0.60543,0.65152,0.74671,0.88858,1.0502,1.1853,1.2357,1.1625,0.96429,0.68052,0.37808,0.13079,0.00086657,0.015644,0.14875,0.3214,0.44276,0.43233,0.25442,-0.067448,-0.44908,-0.768,-0.91489,-0.84987,-0.61361,-0.2985,-0.0014484,0.20456,0.28366,0.24008,0.10909,-0.059383,-0.22341,-0.35017,-0.42025,-0.42155
-0.1459,-0.33883,-0.69398,-1.0153,-1.218,-1.4052,-1.6426,-1.8588,-1.968,-2.006,-2.074,-2.2227,-2.435,-2.6489,-2.7743,-2.7128,-2.3963,-1.8324,-1.1298,-0.46705,-0.0068708,0.19551,0.20935,0.16438,0.18141,0.32646,0.59272,0.92661,1.2684,1.5776,1.8239,1.981,2.0376,1.9936,1.8665,1.6781,1.456,1.2263,1.0123,0.83132,0.68886,0.58424,0.50996,0.4631,0.44802,0.47818,0.5616,0.69336,0.84766,0.97176,1.0111,0.92558,0.71082,0.40259,0.068708,-0.20927,-0.35733,-0.34043,-0.18742,0.018782,0.16612,0.17469,0.012084,-0.29398,-0.65699,-0.95435,-1.0776,-0.98485,-0.7213,-0.38058,-0.062113,0.15826,0.24289,0.19599,0.055021,-0.13027,-0.30247,-0.42801,-0.48678,-0.4706
-0.18644,-0.36368,-0.64156,-0.86431,-1.0192,-1.2163,-1.4866,-1.7439,-1.8966,-1.9693,-2.0559,-2.2103,-2.4194,-2.6223,-2.7307,-2.6492,-2.3194,-1.7571,-1.0675,-0.41528,0.050824,0.28048,0.33526,0.32733,0.359,0.49002,0.72845,1.037,1.3654,1.6709,1.9104,2.0558,2.091,2.0235,1.8729,1.6716,1.4455,1.2221,1.0187,0.84712,0.70624,0.58525,0.47798,0.38756,0.32791,0.31957,0.37464,0.48691,0.62538,0.73957,0.77113,0.67939,0.45879,0.14377,-0.20231,-0.49629,-0.6569,-0.63851,-0.46587,-0.23462,-0.056337,-0.02256,-0.16802,-0.46197,-0.81264,-1.094,-1.1961,-1.0845,-0.80037,-0.43616,-0.092263,0.15031,0.24705,0.19909,0.04779,-0.14444,-0.32432,-0.44779,-0.49571,-0.46506
-0.20066,-0.35677,-0.56721,-0.71795,-0.84793,-1.0663,-1.3738,-1.6664,-1.8485,-1.9403,-2.0341,-2.187,-2.39,-2.5824,-2.6764,-2.5818,-2.2461,-1.6893,-1.0144,-0.37601,0.089063,0.33622,0.42348,0.45077,0.50544,0.63598,0.85417,1.1367,1.4466,1.7382,1.9671,2.0969,2.1118,2.0216,1.8561,1.6491,1.4338,1.2332,1.0608,0.91468,0.78208,0.64999,0.51226,0.38004,0.27699,0.22789,0.24908,0.33538,0.45646,0.55935,0.58729,0.49806,0.2835,-0.02371,-0.36269,-0.65062,-0.80487,-0.77958,-0.60105,-0.36153,-0.17902,-0.14084,-0.2776,-0.55698,-0.89005,-1.1557,-1.248,-1.1248,-0.82713,-0.44729,-0.088781,0.16514,0.27047,0.22955,0.083389,-0.10851,-0.28609,-0.40874,-0.45491,-0.41905
-0.19694,-0.31298,-0.42693,-0.48917,-0.60126,-0.86494,-1.2361,-1.5812,-1.7975,-1.9042,-1.9978,-2.1416,-2.3298,-2.5039,-2.5768,-2.4665,-2.1283,-1.5865,-0.93846,-0.32615,0.12866,0.39218,0.52206,0.6038,0.70149,0.84483,1.0413,1.2857,1.5565,1.8146,2.0141,2.1123,2.0953,1.9783,1.8008,1.6048,1.4248,1.2765,1.1582,1.052,0.93523,0.78861,0.61109,0.42089,0.25072,0.13869,0.10774,0.1554,0.25004,0.33637,0.35646,0.27154,0.076777,-0.19968,-0.49988,-0.75357,-0.88978,-0.86453,-0.69445,-0.46413,-0.28223,-0.23615,-0.36097,-0.62712,-0.9457,-1.1956,-1.2725,-1.1379,-0.82738,-0.43028,-0.049971,0.22673,0.35092,0.32278,0.18553,-0.00049259,-0.16997,-0.28148,-0.31839,-0.28065
-0.16898,-0.23388,-0.25102,-0.23688,-0.34685,-0.67031,-1.1175,-1.5208,-1.765,-1.8748,-1.9584,-2.0856,-2.2523,-2.4015,-2.4508,-2.3252,-1.988,-1.4663,-0.85183,-0.27396,0.15995,0.42736,0.58837,0.71962,0.8642,1.0318,1.2212,1.4322,1.657,1.8695,2.0244,2.0811,2.027,1.8857,1.7048,1.5355,1.4083,1.3289,1.2763,1.2178,1.1196,0.96006,0.7415,0.49045,0.25197,0.074078,-0.012641,-0.007722,0.056454,0.12629,0.14632,0.079432,-0.080573,-0.3078,-0.55617,-0.76485,-0.87199,-0.84038,-0.68623,-0.48225,-0.32537,-0.29212,-0.41136,-0.65508,-0.94341,-1.1673,-1.2268,-1.0853,-0.77177,-0.36762,0.028378,0.33012,0.48565,0.48867,0.37489,0.20822,0.043788,-0.073944,-0.12021,-0.08837
-0.13465,-0.15625,-0.10401,-0.041262,-0.1586,-0.53228,-1.0418,-1.4922,-1.7545,-1.8604,-1.9306,-2.0401,-2.1862,-2.3132,-2.3426,-2.2056,-1.8707,-1.3659,-0.77873,-0.23058,0.18107,0.44182,0.61487,0.7727,0.94756,1.1345,1.3249,1.5166,1.7112,1.8894,2.0093,2.0321,1.9478,1.7866,1.6063,1.461,1.3815,1.3602,1.3632,1.3428,1.256,1.0841,0.83173,0.53511,0.25087,0.029048,-0.093622,-0.11746,-0.075516,-0.018392,0.00081207,-0.051482,-0.18061,-0.36632,-0.56597,-0.7308,-0.81109,-0.77674,-0.64065,-0.46293,-0.32869,-0.30638,-0.42283,-0.6517,-0.91744,-1.1174,-1.1621,-1.0096,-0.68734,-0.27349,0.13432,0.44934,0.61929,0.63893,0.54501,0.3926,0.24357,0.13724,0.092735,0.1143
-0.077792,-0.037132,0.10089,0.21655,0.082422,-0.36191,-0.95852,-1.4747,-1.7594,-1.8544,-1.9,-1.9797,-2.0922,-2.1849,-2.1858,-2.0332,-1.7027,-1.2219,-0.67185,-0.16504,0.21025,0.44928,0.62202,0.79896,1.0008,1.2068,1.3977,1.5725,1.7375,1.8785,1.9547,1.932,1.8075,1.6243,1.4501,1.3481,1.3388,1.3962,1.4621,1.4747,1.3904,1.1934,0.90219,0.56189,0.23083,-0.032013,-0.19398,-0.25267,-0.23662,-0.19527,-0.17658,-0.2119,-0.30516,-0.43515,-0.57295,-0.67939,-0.72085,-0.67916,-0.56598,-0.42678,-0.32552,-0.31682,-0.42178,-0.61731,-0.83869,-0.99778,-1.0144,-0.85186,-0.52898,-0.11305,0.3063,0.64498,0.84815,0.90405,0.8415,0.71467,0.57518,0.46321,0.40339,0.40677
-0.031808,0.056855,0.25344,0.40053,0.25097,-0.24567,-0.90732,-1.4752,-1.7774,-1.8616,-1.8845,-1.9369,-2.02,-2.0838,-2.0619,-1.8984,-1.5717,-1.1081,-0.58419,-0.10754,0.23765,0.45112,0.60859,0.78295,0.99057,1.2028,1.3937,1.5633,1.7182,1.8419,1.8948,1.8429,1.6909,1.4917,1.324,1.255,1.2969,1.4078,1.5123,1.5416,1.4526,1.2347,0.91411,0.54282,0.18515,-0.09859,-0.27614,-0.34869,-0.34779,-0.31989,-0.30782,-0.33576,-0.40437,-0.49824,-0.58967,-0.654,-0.66861,-0.62202,-0.52421,-0.40827,-0.32943,-0.32639,-0.41541,-0.577,-0.75653,-0.87836,-0.8695,-0.69823,-0.37482,0.042785,0.4696,0.82134,1.0414,1.1166,1.0749,0.96481,0.83494,0.72675,0.66368,0.65705
0.027152,0.17775,0.44344,0.6239,0.45448,-0.10618,-0.85159,-1.4873,-1.8142,-1.8838,-1.8734,-1.8856,-1.9261,-1.9493,-1.8973,-1.7203,-1.3987,-0.95429,-0.45805,-0.015061,0.28977,0.45766,0.57165,0.71406,0.90587,1.1162,1.3123,1.4878,1.645,1.7615,1.7975,1.7197,1.5385,1.3205,1.1615,1.1306,1.2322,1.4004,1.5453,1.5879,1.4842,1.2345,0.87278,0.46371,0.083517,-0.21019,-0.39003,-0.46784,-0.48067,-0.4715,-0.4741,-0.50378,-0.55679,-0.61604,-0.66535,-0.68785,-0.67009,-0.60711,-0.50981,-0.41075,-0.33938,-0.33134,-0.39713,-0.51653,-0.64067,-0.70613,-0.65808,-0.46619,-0.13922,0.27365,0.69923,1.0622,1.308,1.4181,1.4103,1.3246,1.2079,1.0929,1.0072,0.97174
0.073499,0.28218,0.60601,0.81403,0.62806,0.01532,-0.80307,-1.5018,-1.8543,-1.9128,-1.8709,-1.8428,-1.8403,-1.8244,-1.7437,-1.5545,-1.2356,-0.80303,-0.32283,0.097902,0.36666,0.48002,0.5269,0.60673,0.75611,0.95187,1.1565,1.3506,1.5241,1.651,1.6867,1.599,1.4067,1.1831,1.0349,1.0355,1.1802,1.387,1.5499,1.5852,1.4542,1.1639,0.76385,0.33186,-0.052706,-0.3319,-0.49377,-0.56418,-0.58469,-0.5985,-0.63036,-0.68344,-0.74381,-0.79308,-0.81336,-0.79683,-0.74276,-0.65772,-0.55653,-0.45808,-0.39138,-0.37045,-0.39631,-0.45206,-0.50448,-0.51052,-0.42623,-0.22355,0.096471,0.50117,0.92759,1.3011,1.563,1.6913,1.7023,1.6345,1.5251,1.4137,1.3266,1.2827
0.094431,0.34306,0.7047,0.93005,0.73648,0.094529,-0.76705,-1.5062,-1.8777,-1.932,-1.8717,-1.817,-1.7847,-1.7418,-1.6416,-1.4431,-1.1229,-0.69277,-0.21631,0.19569,0.44248,0.51403,0.50181,0.51932,0.62022,0.79277,1.001,1.2159,1.415,1.5641,1.6102,1.5255,1.33,1.1082,0.96875,0.9911,1.1574,1.3777,1.537,1.5541,1.3965,1.0776,0.65758,0.21918,-0.15675,-0.41745,-0.56188,-0.62255,-0.64652,-0.67599,-0.73067,-0.80841,-0.88883,-0.94596,-0.96144,-0.93053,-0.85734,-0.75351,-0.63618,-0.52877,-0.44298,-0.39336,-0.38304,-0.40013,-0.41569,-0.38925,-0.28062,-0.068221,0.25334,0.65249,1.0713,1.4426,1.713,1.8595,1.8914,1.8396,1.7411,1.6274,1.5267,1.4641
0.097691,0.39458,0.79921,1.0457,0.84961,0.18455,-0.71416,-1.4927,-1.8876,-1.9451,-1.8721,-1.7914,-1.7258,-1.6515,-1.5288,-1.3176,-0.99145,-0.55671,-0.075678,0.33496,0.56245,0.58604,0.49685,0.42201,0.44065,0.56433,0.76502,1.009,1.2554,1.4486,1.5302,1.4671,1.2829,1.0663,0.9342,0.96274,1.1345,1.3508,1.4982,1.4919,1.3005,0.94676,0.49923,0.055161,-0.29718,-0.51688,-0.61781,-0.65184,-0.67572,-0.72858,-0.82756,-0.95897,-1.088,-1.1777,-1.2024,-1.1564,-1.0528,-0.91547,-0.77008,-0.63493,-0.52788,-0.44946,-0.39511,-0.35423,-0.30947,-0.23626,-0.10436,0.11029,0.41359,0.78884,1.1914,1.5598,1.8395,2.0035,2.0566,2.024,1.9387,1.8318,1.7297,1.6569
0.067855,0.40684,0.84644,1.1132,0.92394,0.25615,-0.65253,-1.4456,-1.8582,-1.9316,-1.8626,-1.7705,-1.6825,-1.5843,-1.4431,-1.221,-0.88698,-0.44283,0.04988,0.46893,0.69115,0.68376,0.5308,0.3671,0.29605,0.36081,0.54834,0.81911,1.1108,1.3495,1.4717,1.4403,1.2825,1.0827,0.95826,0.9794,1.1329,1.3232,1.4375,1.3943,1.1658,0.78457,0.33025,-0.092662,-0.39991,-0.56568,-0.6241,-0.63672,-0.66145,-0.73841,-0.87613,-1.0564,-1.239,-1.3755,-1.4307,-1.3927,-1.2728,-1.1013,-0.91463,-0.74332,-0.59791,-0.48141,-0.38962,-0.31508,-0.24371,-0.15286,-0.016301,0.18904,0.47442,0.82656,1.2083,1.5671,1.8526,2.0351,2.1123,2.103,2.0342,1.9356,1.8339,1.7538
0.021685,0.38854,0.84956,1.1303,0.9524,0.29654,-0.59953,-1.3841,-1.805,-1.8988,-1.8457,-1.7567,-1.6604,-1.5494,-1.3974,-1.1684,-0.82886,-0.37697,0.12692,0.5576,0.78478,0.76633,0.57883,0.35803,0.22467,0.24557,0.42442,0.7122,1.0313,1.297,1.4406,1.431,1.2937,1.1132,0.99598,1.0124,1.1444,1.303,1.3794,1.299,1.0424,0.64583,0.19867,-0.19355,-0.45713,-0.57556,-0.59752,-0.59071,-0.6128,-0.70389,-0.87122,-1.0919,-1.3178,-1.4925,-1.5719,-1.5399,-1.4091,-1.2145,-0.99939,-0.80052,-0.63261,-0.49872,-0.39095,-0.29985,-0.21555,-0.1228,0.0049449,0.18782,0.44361,0.76913,1.1336,1.4861,1.776,1.9726,2.0712,2.0849,2.0362,1.9493,1.8481,1.7583
-0.072862,0.32641,0.81051,1.1083,0.95345,0.33044,-0.52164,-1.2688,-1.6907,-1.8211,-1.8067,-1.738,-1.6434,-1.5236,-1.3616,-1.1251,-0.77952,-0.31817,0.20137,0.65079,0.89153,0.87152,0.65921,0.38768,0.19325,0.16535,0.32718,0.62281,0.96023,1.2466,1.4113,1.4285,1.3214,1.1672,1.0583,1.0567,1.147,1.2511,1.2731,1.1464,0.85658,0.45298,0.028772,-0.31161,-0.50403,-0.56183,-0.53994,-0.50805,-0.52526,-0.62469,-0.81693,-1.0787,-1.3553,-1.5774,-1.6878,-1.6613,-1.5146,-1.2937,-1.0505,-0.82339,-0.63406,-0.48359,-0.36987,-0.28787,-0.22506,-0.15938,-0.06547,0.082427,0.30054,0.58577,0.91541,1.2506,1.5467,1.769,1.9027,1.9518,1.9319,1.8651,1.7751,1.6861
-0.16739,0.2523,0.74989,1.0597,0.92651,0.33963,-0.45998,-1.1599,-1.5741,-1.7369,-1.7637,-1.7226,-1.6393,-1.5203,-1.3547,-1.1147,-0.76576,-0.2988,0.23049,0.69239,0.94479,0.93166,0.71745,0.43356,0.21666,0.16451,0.30722,0.59293,0.92707,1.2154,1.3906,1.4241,1.3394,1.2033,1.1012,1.0838,1.14,1.1994,1.1751,1.0083,0.69258,0.28666,-0.10871,-0.39307,-0.52391,-0.52852,-0.4748,-0.43018,-0.44495,-0.55162,-0.75597,-1.0337,-1.3303,-1.5737,-1.7031,-1.6873,-1.5366,-1.2975,-1.0309,-0.78731,-0.59266,-0.45085,-0.35337,-0.29024,-0.25046,-0.21666,-0.16035,-0.059131,0.11089,0.35619,0.66037,0.9865,1.2896,1.5325,1.6958,1.7778,1.7866,1.7405,1.6601,1.5691
-0.32256,0.1212,0.6314,0.95472,0.85352,0.32951,-0.379,-0.99505,-1.3886,-1.597,-1.6905,-1.7014,-1.6466,-1.5378,-1.3738,-1.1319,-0.77973,-0.30808,0.22832,0.70101,0.96852,0.97378,0.77758,0.50668,0.28857,0.22163,0.33835,0.59767,0.90751,1.1794,1.3505,1.3936,1.3306,1.2198,1.1319,1.1065,1.126,1.1255,1.0327,0.80347,0.4531,0.050393,-0.29367,-0.49463,-0.54053,-0.48076,-0.38946,-0.32701,-0.3361,-0.44504,-0.65815,-0.94986,-1.2616,-1.5183,-1.652,-1.6325,-1.4728,-1.2216,-0.9421,-0.68956,-0.49641,-0.37041,-0.30654,-0.29321,-0.31329,-0.34296,-0.35223,-0.31719,-0.21315,-0.029962,0.22581,0.52907,0.84019,1.1168,1.3276,1.4579,1.51,1.4971,1.4379,1.3539
-0.50502,-0.039859,0.47688,0.80912,0.74146,0.29211,-0.30665,-0.82309,-1.1855,-1.438,-1.6055,-1.6814,-1.668,-1.58,-1.4243,-1.1842,-0.83224,-0.36132,0.17404,0.64956,0.93028,0.96268,0.80339,0.56763,0.37162,0.30655,0.4067,0.6344,0.9064,1.1411,1.2855,1.324,1.2777,1.1977,1.1335,1.1068,1.0925,1.0353,0.87781,0.59589,0.21708,-0.17023,-0.46033,-0.58533,-0.55454,-0.44094,-0.31615,-0.23651,-0.24163,-0.3493,-0.56383,-0.8574,-1.1699,-1.4227,-1.5525,-1.5244,-1.351,-1.0847,-0.79552,-0.54349,-0.36585,-0.27343,-0.25812,-0.30244,-0.38442,-0.47927,-0.56203,-0.59986,-0.57355,-0.46543,-0.2684,0.005726,0.32221,0.63224,0.89124,1.0729,1.1711,1.1925,1.154,1.0772
-0.65427,-0.17534,0.34286,0.67784,0.63512,0.24671,-0.26184,-0.69834,-1.0345,-1.3174,-1.5416,-1.6707,-1.6946,-1.6281,-1.4822,-1.2464,-0.89755,-0.43145,0.09816,0.57175,0.86125,0.91726,0.79391,0.5967,0.43096,0.37734,0.46794,0.66737,0.90197,1.0989,1.2157,1.2451,1.2104,1.1543,1.1125,1.0917,1.0629,0.97394,0.77746,0.45958,0.061086,-0.3188,-0.57064,-0.639,-0.55803,-0.40817,-0.26637,-0.18369,-0.18919,-0.30154,-0.51709,-0.8053,-1.1068,-1.3479,-1.4634,-1.4241,-1.243,-0.97187,-0.68144,-0.4342,-0.26936,-0.1989,-0.21467,-0.29845,-0.42696,-0.57331,-0.70829,-0.80328,-0.83396,-0.7789,-0.62493,-0.37679,-0.065288,0.25878,0.54479,0.7584,0.88676,0.93653,0.92092,0.85668
-0.86103,-0.36683,0.14808,0.47967,0.46782,0.16503,-0.21874,-0.54743,-0.84886,-1.1704,-1.468,-1.6704,-1.7489,-1.7154,-1.5853,-1.3573,-1.0152,-0.55958,-0.042589,0.42426,0.72345,0.8126,0.7441,0.61122,0.49993,0.4719,0.54958,0.70571,0.8804,1.0195,1.095,1.1075,1.0846,1.0599,1.055,1.0588,1.0314,0.91927,0.68354,0.32546,-0.091184,-0.4573,-0.66188,-0.67356,-0.55024,-0.37885,-0.23176,-0.15068,-0.15863,-0.27005,-0.48047,-0.75978,-1.0482,-1.2719,-1.366,-1.306,-1.1108,-0.83525,-0.54811,-0.31188,-0.16364,-0.11571,-0.16323,-0.28888,-0.4664,-0.66438,-0.84978,-1.0018,-1.0935,-1.1037,-1.0129,-0.81231,-0.51992,-0.1859,0.12728,0.37038,0.52852,0.5982,0.59256,0.53099
-1.0148,-0.51152,-0.0040635,0.31846,0.32731,0.089019,-0.2005,-0.45127,-0.72946,-1.0787,-1.4294,-1.6862,-1.807,-1.7993,-1.6818,-1.4592,-1.122,-0.67482,-0.16928,0.29003,0.59559,0.71135,0.68722,0.6063,0.53896,0.53257,0.60372,0.72779,0.8564,0.9487,0.98707,0.98292,0.967,0.96917,0.99762,1.0278,1.0109,0.89307,0.6441,0.27581,-0.14032,-0.48992,-0.67241,-0.66787,-0.53672,-0.36933,-0.22868,-0.15239,-0.16456,-0.27296,-0.47714,-0.74841,-1.0276,-1.2371,-1.3201,-1.247,-1.0379,-0.75174,-0.46298,-0.2325,-0.10157,-0.081054,-0.15711,-0.30337,-0.49094,-0.6944,-0.8962,-1.0648,-1.1894,-1.2435,-1.1957,-1.0274,-0.75675,-0.43829,-0.13537,0.10865,0.26725,0.34498,0.35258,0.30357
-1.2072,-0.69566,-0.20595,0.096422,0.12692,-0.027569,-0.19583,-0.35173,-0.60463,-0.9906,-1.4088,-1.7355,-1.9108,-1.9373,-1.8358,-1.6172,-1.2815,-0.84176,-0.3497,0.10098,0.41829,0.57394,0.61156,0.59746,0.58309,0.60003,0.65948,0.74233,0.81211,0.84251,0.82947,0.80049,0.79524,0.83629,0.91302,0.98345,0.98978,0.88329,0.63873,0.27982,-0.12063,-0.44963,-0.61905,-0.61566,-0.50136,-0.35502,-0.23734,-0.18213,-0.20528,-0.32098,-0.52261,-0.77959,-1.0342,-1.2193,-1.2745,-1.1844,-0.97337,-0.69674,-0.42151,-0.20911,-0.090473,-0.075461,-0.15511,-0.30787,-0.50468,-0.71484,-0.9134,-1.0861,-1.2114,-1.2739,-1.2541,-1.1338,-0.91619,-0.6406,-0.36761,-0.15059,-0.0055046,0.058741,0.052621,-0.0065171
-1.3734,-0.85939,-0.39592,-0.123,-0.079142,-0.15494,-0.21182,-0.28636,-0.52324,-0.94728,-1.4299,-1.8216,-2.0482,-2.1063,-2.017,-1.7954,-1.4514,-1.0073,-0.51692,-0.06523,0.26983,0.46666,0.5615,0.60329,0.62808,0.65672,0.69774,0.73894,0.75633,0.73223,0.67515,0.62339,0.6209,0.69127,0.81256,0.93063,0.97855,0.90346,0.68719,0.35505,-0.015091,-0.32517,-0.49583,-0.51975,-0.45039,-0.35355,-0.27796,-0.25077,-0.28915,-0.40263,-0.58985,-0.82594,-1.0586,-1.2211,-1.2635,-1.1668,-0.95484,-0.68443,-0.42475,-0.23117,-0.13769,-0.1456,-0.23281,-0.36882,-0.52813,-0.69506,-0.85675,-1.004,-1.1243,-1.1914,-1.1768,-1.068,-0.8845,-0.67104,-0.47387,-0.31979,-0.23097,-0.19926,-0.21604,-0.27218
-1.4737,-0.96162,-0.52347,-0.27883,-0.23064,-0.2532,-0.23532,-0.25992,-0.49219,-0.94679,-1.4752,-1.9121,-2.1737,-2.2518,-2.1667,-1.9364,-1.5771,-1.1175,-0.61471,-0.1511,0.20144,0.42503,0.55244,0.62362,0.66668,0.69656,0.71961,0.72846,0.70767,0.64633,0.56292,0.4982,0.50086,0.59113,0.74203,0.89027,0.96626,0.919,0.73202,0.43426,0.09543,-0.1943,-0.37192,-0.42976,-0.40624,-0.35509,-0.31462,-0.3103,-0.36059,-0.47402,-0.65175,-0.87085,-1.0832,-1.2277,-1.2595,-1.1637,-0.96403,-0.71339,-0.47436,-0.30273,-0.21948,-0.22646,-0.30489,-0.42749,-0.56808,-0.70752,-0.83574,-0.94727,-1.028,-1.0641,-1.0404,-0.94911,-0.80241,-0.63465,-0.48653,-0.38719,-0.34063,-0.3467,-0.3945,-0.47054
-1.5672,-1.0636,-0.66564,-0.46592,-0.41854,-0.38048,-0.27774,-0.25085,-0.48766,-0.98631,-1.5732,-2.0654,-2.3676,-2.465,-2.3778,-2.126,-1.7316,-1.2312,-0.68952,-0.19238,0.1895,0.44,0.59112,0.68136,0.73031,0.74957,0.74386,0.71075,0.6403,0.53513,0.41947,0.34282,0.3558,0.47152,0.65452,0.83568,0.94669,0.93868,0.79806,0.54979,0.25369,-0.015407,-0.20517,-0.30507,-0.34155,-0.34892,-0.35747,-0.38746,-0.45198,-0.56655,-0.73123,-0.92815,-1.1161,-1.2432,-1.2657,-1.1718,-0.9865,-0.76239,-0.55975,-0.42057,-0.37014,-0.39578,-0.46712,-0.5535,-0.63818,-0.71865,-0.79359,-0.86032,-0.90885,-0.91774,-0.86945,-0.76735,-0.64097,-0.53036,-0.46355,-0.44312,-0.47248,-0.53289,-0.61021,-0.69421
-1.6101,-1.1212,-0.76917,-0.61944,-0.57946,-0.49253,-0.32383,-0.26587,-0.51954,-1.0656,-1.7089,-2.2504,-2.5846,-2.6922,-2.5916,-2.3047,-1.8564,-1.2918,-0.68693,-0.1381,0.27756,0.54326,0.69421,0.77267,0.8013,0.79084,0.74924,0.67548,0.56696,0.43076,0.29396,0.21208,0.23399,0.37032,0.57773,0.78604,0.92654,0.95336,0.85309,0.64763,0.3893,0.13922,-0.058252,-0.19349,-0.28057,-0.3418,-0.39285,-0.44635,-0.51993,-0.62597,-0.77335,-0.95018,-1.1199,-1.2319,-1.2546,-1.178,-1.0259,-0.84406,-0.68257,-0.58085,-0.54726,-0.57037,-0.6248,-0.68565,-0.73782,-0.77718,-0.80743,-0.82699,-0.82429,-0.78854,-0.71508,-0.61517,-0.51754,-0.45517,-0.44749,-0.49849,-0.58465,-0.68769,-0.7925,-0.89004
-1.6093,-1.135,-0.81872,-0.70614,-0.67497,-0.56009,-0.35569,-0.28777,-0.56191,-1.1458,-1.8301,-2.4041,-2.7561,-2.8646,-2.7456,-2.4217,-1.9211,-1.2966,-0.63451,-0.041292,0.39891,0.66825,0.80648,0.8611,0.8601,0.81568,0.73752,0.63072,0.49864,0.34864,0.2101,0.1328,0.16481,0.3129,0.53259,0.75327,0.90811,0.95409,0.8785,0.70081,0.46629,0.22708,0.023114,-0.13182,-0.24502,-0.32796,-0.39335,-0.45485,-0.52933,-0.6356,-0.78074,-0.95049,-1.1094,-1.2156,-1.2386,-1.1761,-1.0496,-0.898,-0.76535,-0.68646,-0.6695,-0.70071,-0.74931,-0.78726,-0.80463,-0.80886,-0.80695,-0.8042,-0.79056,-0.74679,-0.66223,-0.55197,-0.45566,-0.41413,-0.44544,-0.53407,-0.66671,-0.81188,-0.94554,-1.0517
-1.5682,-1.1157,-0.84522,-0.77911,-0.76159,-0.62008,-0.38745,-0.32402,-0.63572,-1.2733,-2.0088,-2.6191,-2.9859,-3.0846,-2.9301,-2.5441,-1.9615,-1.2481,-0.50641,0.14355,0.60938,0.87298,0.98184,0.99271,0.94011,0.8407,0.70824,0.55764,0.39746,0.23708,0.10578,0.045641,0.097957,0.26085,0.4909,0.71734,0.88117,0.94312,0.89,0.73809,0.52377,0.2963,0.091346,-0.074719,-0.20183,-0.29633,-0.36637,-0.42505,-0.49204,-0.59129,-0.73355,-0.90528,-1.0686,-1.181,-1.2129,-1.1649,-1.0628,-0.9446,-0.84736,-0.79479,-0.79313,-0.82316,-0.85817,-0.87761,-0.87599,-0.85966,-0.8386,-0.81295,-0.77085,-0.70259,-0.60988,-0.5136,-0.44884,-0.44662,-0.51677,-0.65061,-0.81287,-0.97241,-1.1075,-1.2076
-1.5121,-1.0757,-0.83574,-0.80032,-0.79246,-0.63904,-0.39941,-0.35183,-0.69871,-1.3784,-2.1492,-2.7799,-3.1491,-3.2322,-3.0435,-2.6051,-1.9577,-1.1774,-0.37861,0.30811,0.7852,1.0365,1.1163,1.0887,0.99307,0.85029,0.67877,0.49768,0.31832,0.15382,0.029508,-0.012989,0.058107,0.23569,0.47066,0.69948,0.86506,0.93194,0.88708,0.744,0.53755,0.31342,0.11048,-0.053264,-0.17604,-0.26418,-0.3255,-0.3726,-0.42965,-0.52052,-0.65979,-0.83585,-1.0096,-1.1314,-1.1779,-1.1465,-1.0616,-0.95982,-0.87671,-0.83496,-0.83704,-0.86643,-0.8951,-0.90151,-0.88331,-0.85371,-0.8224,-0.79624,-0.7633,-0.70726,-0.62375,-0.53348,-0.47686,-0.4903,-0.58478,-0.73735,-0.92456,-1.1078,-1.2575,-1.3551
-1.4123,-0.99463,-0.78816,-0.78349,-0.78592,-0.62707,-0.39589,-0.38471,-0.7863,-1.5229,-2.3353,-2.9811,-3.34,-3.3911,-3.1499,-2.6413,-1.9128,-1.0527,-0.18914,0.53574,1.0184,1.245,1.28,1.1995,1.0491,0.85244,0.63068,0.40849,0.20711,0.043593,-0.059538,-0.070778,0.026945,0.21918,0.45623,0.68027,0.84012,0.90454,0.86322,0.72758,0.52746,0.30673,0.1047,-0.052083,-0.15635,-0.21543,-0.24242,-0.25981,-0.29669,-0.3835,-0.53297,-0.72646,-0.91693,-1.054,-1.1095,-1.0896,-1.0205,-0.936,-0.86603,-0.83001,-0.82792,-0.84439,-0.85733,-0.85291,-0.83241,-0.80601,-0.78113,-0.76006,-0.72977,-0.6815,-0.61977,-0.56746,-0.55755,-0.61468,-0.7409,-0.9189,-1.1132,-1.2872,-1.4157,-1.4872
-1.2953,-0.89042,-0.70568,-0.71851,-0.72699,-0.57512,-0.36986,-0.40968,-0.87353,-1.6664,-2.5125,-3.1592,-3.4901,-3.4958,-3.1985,-2.6265,-1.8325,-0.91279,-0.0040192,0.74423,1.2237,1.422,1.4131,1.2857,1.0895,0.84741,0.58079,0.32021,0.098725,-0.059114,-0.13294,-0.10794,0.016697,0.21689,0.44853,0.66032,0.80895,0.86569,0.819,0.68062,0.48169,0.26719,0.078907,-0.057159,-0.13395,-0.15854,-0.1483,-0.13163,-0.14505,-0.22364,-0.38161,-0.59541,-0.80844,-0.9611,-1.0235,-1.0049,-0.93733,-0.85623,-0.78869,-0.74823,-0.73579,-0.73972,-0.74254,-0.73195,-0.70884,-0.68424,-0.67031,-0.65949,-0.65056,-0.63605,-0.61669,-0.60861,-0.63906,-0.73021,-0.88398,-1.0793,-1.2778,-1.4521,-1.5762,-1.6349
-1.2039,-0.80287,-0.62472,-0.6411,-0.65215,-0.51392,-0.33988,-0.42523,-0.93857,-1.7712,-2.6352,-3.2725,-3.5723,-3.5371,-3.1975,-2.5856,-1.7566,-0.80869,0.11916,0.87408,1.3458,1.5243,1.4887,1.3323,1.1081,0.83847,0.5454,0.26325,0.031575,-0.12131,-0.17543,-0.12694,0.013863,0.21614,0.43884,0.63711,0.77429,0.82308,0.77364,0.63476,0.43964,0.23184,0.057425,-0.058907,-0.11277,-0.11336,-0.080007,-0.041976,-0.039285,-0.11099,-0.27223,-0.49663,-0.72157,-0.88208,-0.94537,-0.9244,-0.85342,-0.76857,-0.69657,-0.65124,-0.62829,-0.6174,-0.60629,-0.59059,-0.57492,-0.56608,-0.56455,-0.57035,-0.57199,-0.56622,-0.56396,-0.58978,-0.66906,-0.81102,-1.0018,-1.214,-1.4161,-1.5741,-1.6706,-1.7
-1.0864,-0.68072,-0.4973,-0.50683,-0.51985,-0.41016,-0.29302,-0.44671,-1.0271,-1.9069,-2.7834,-3.3954,-3.6447,-3.5508,-3.158,-2.5049,-1.6478,-0.68388,0.24861,0.99742,1.4535,1.6098,1.5498,1.3682,1.1197,0.82579,0.51036,0.21228,-0.026157,-0.17248,-0.21116,-0.14294,0.0098412,0.20975,0.41508,0.58822,0.70207,0.73642,0.68803,0.56271,0.38708,0.19914,0.041627,-0.055417,-0.085654,-0.058848,0.0014766,0.062179,0.080503,0.018058,-0.14401,-0.3801,-0.62036,-0.78584,-0.84326,-0.80304,-0.71039,-0.61022,-0.52964,-0.47423,-0.44165,-0.42038,-0.4024,-0.38637,-0.37629,-0.37641,-0.38791,-0.40106,-0.41606,-0.43622,-0.47415,-0.54886,-0.67633,-0.85879,-1.0807,-1.3149,-1.5197,-1.6771,-1.7698,-1.7895
-0.98171,-0.56023,-0.35763,-0.34814,-0.36276,-0.2934,-0.24688,-0.47682,-1.1215,-2.0397,-2.9145,-3.4882,-3.6804,-3.5292,-3.0906,-2.4085,-1.5409,-0.58256,0.33335,1.06,1.4931,1.6301,1.5571,1.3686,1.1148,0.81429,0.49095,0.18915,-0.046814,-0.1844,-0.21298,-0.13967,0.0095755,0.19327,0.37229,0.51573,0.60339,0.62487,0.57726,0.47187,0.32821,0.18004,0.055136,-0.022987,-0.042018,-0.0068865,0.064301,0.13504,0.16078,0.09796,-0.066171,-0.29931,-0.52998,-0.68353,-0.72243,-0.66547,-0.55647,-0.43927,-0.34202,-0.27495,-0.22942,-0.19791,-0.17702,-0.16921,-0.17695,-0.19743,-0.22168,-0.24602,-0.26386,-0.28369,-0.32813,-0.42659,-0.59862,-0.83809,-1.1121,-1.3716,-1.5934,-1.7453,-1.8197,-1.8207
-0.91612,-0.47621,-0.25033,-0.22102,-0.23805,-0.20515,-0.21923,-0.51066,-1.2013,-2.1407,-3.0055,-3.5424,-3.69,-3.4991,-3.0315,-2.335,-1.4688,-0.52516,0.36798,1.0693,1.4801,1.6026,1.5254,1.3419,1.0969,0.80495,0.48738,0.19171,-0.034554,-0.1627,-0.1859,-0.11992,0.011088,0.16842,0.32001,0.44008,0.51298,0.53144,0.49214,0.40582,0.29225,0.17478,0.078485,0.018958,0.0029142,0.033574,0.096253,0.16216,0.18894,0.13139,-0.026615,-0.25478,-0.47919,-0.62259,-0.64483,-0.56659,-0.43571,-0.29869,-0.1853,-0.10713,-0.058516,-0.031768,-0.021274,-0.025621,-0.044062,-0.072343,-0.10275,-0.12623,-0.1432,-0.16674,-0.22274,-0.33965,-0.53206,-0.78901,-1.0767,-1.3571,-1.5806,-1.7349,-1.8138,-1.8196
-0.85016,-0.37807,-0.11132,-0.051032,-0.07317,-0.095856,-0.19836,-0.57543,-1.3251,-2.2834,-3.1224,-3.6031,-3.6892,-3.4496,-2.9514,-2.2449,-1.3906,-0.47775,0.37364,1.0326,1.4099,1.5146,1.4377,1.2721,1.0542,0.79121,0.50096,0.2289,0.025399,-0.087569,-0.11497,-0.074588,0.0086268,0.11577,0.22359,0.3145,0.37368,0.39382,0.37925,0.33604,0.27606,0.20772,0.14229,0.091404,0.066667,0.07669,0.11899,0.17225,0.19654,0.14924,0.0079381,-0.20467,-0.41826,-0.54767,-0.55348,-0.44723,-0.28067,-0.10956,0.02859,0.1194,0.16877,0.18578,0.17776,0.14846,0.10299,0.051258,0.0067262,-0.023442,-0.036853,-0.048696,-0.09025,-0.19851,-0.39608,-0.67354,-0.98962,-1.2851,-1.5297,-1.6945,-1.7774,-1.7878
-0.81906,-0.31729,-0.014774,0.070516,0.043326,-0.024824,-0.19705,-0.64057,-1.4327,-2.3986,-3.2099,-3.6435,-3.6831,-3.4092,-2.8923,-2.1842,-1.3461,-0.46444,0.34797,0.96947,1.32,1.4146,1.3458,1.2011,1.0128,0.78135,0.52187,0.27675,0.093324,-0.010401,-0.044595,-0.029875,0.013839,0.077292,0.14857,0.21531,0.26557,0.29347,0.30157,0.29542,0.27747,0.24989,0.20889,0.16015,0.12244,0.10968,0.13308,0.17583,0.19715,0.15536,0.024002,-0.17498,-0.37319,-0.49008,-0.47925,-0.35421,-0.16647,0.025991,0.18149,0.28259,0.33014,0.33681,0.31172,0.26032,0.19059,0.1172,0.058387,0.024323,0.015263,0.011208,-0.02355,-0.12683,-0.31916,-0.58987,-0.89973,-1.2018,-1.445,-1.6137,-1.7055,-1.7289
-0.80294,-0.25655,0.097691,0.21603,0.17994,0.049452,-0.21674,-0.7489,-1.5952,-2.5628,-3.3273,-3.6925,-3.6707,-3.3538,-2.8151,-2.1102,-1.3008,-0.46906,0.2817,0.84441,1.1557,1.2422,1.1956,1.0921,0.95409,0.77506,0.56573,0.36538,0.21181,0.11661,0.065382,0.037424,0.026752,0.031425,0.05464,0.092653,0.1403,0.19082,0.23771,0.27765,0.30675,0.31621,0.30102,0.26118,0.21009,0.1745,0.16912,0.19093,0.20953,0.17716,0.064036,-0.11841,-0.30664,-0.41555,-0.39322,-0.24468,-0.024141,0.20282,0.38655,0.50235,0.54813,0.53368,0.47254,0.37934,0.27071,0.16537,0.082531,0.034053,0.020903,0.026407,0.015023,-0.057083,-0.21995,-0.46999,-0.76921,-1.0614,-1.3105,-1.4907,-1.5989,-1.6429
-0.81594,-0.22134,0.18694,0.33614,0.28754,0.094896,-0.26278,-0.88087,-1.7752,-2.7342,-3.4413,-3.735,-3.6537,-3.2971,-2.7411,-2.0427,-1.2653,-0.48875,0.19259,0.68801,0.95456,1.0345,1.0204,0.97348,0.89947,0.78285,0.63144,0.48177,0.36361,0.27544,0.19564,0.11337,0.037199,-0.013552,-0.028369,-0.0035155,0.052582,0.13219,0.22327,0.31308,0.38472,0.41967,0.40847,0.35827,0.29169,0.24058,0.22645,0.24558,0.26676,0.24388,0.14373,-0.025646,-0.20586,-0.31277,-0.28813,-0.1304,0.1107,0.36548,0.57443,0.70491,0.74844,0.71613,0.62516,0.49343,0.34112,0.19242,0.072496,-0.0017184,-0.025488,-0.014831,-0.0060751,-0.045283,-0.16731,-0.37588,-0.64047,-0.91291,-1.1528,-1.335,-1.4557,-1.523
-0.84374,-0.21234,0.23636,0.40651,0.34666,0.10915,-0.3137,-0.99255,-1.9166,-2.8606,-3.5187,-3.7573,-3.6343,-3.2522,-2.6863,-1.9947,-1.2422,-0.50748,0.12037,0.56232,0.79263,0.86795,0.88224,0.8868,0.86998,0.80705,0.7015,0.58634,0.48958,0.4024,0.30044,0.17756,0.050417,-0.042566,-0.079672,-0.055078,0.018438,0.12434,0.24641,0.36496,0.45708,0.50485,0.49573,0.4395,0.36604,0.30897,0.29545,0.32086,0.35023,0.33561,0.24047,0.071918,-0.11137,-0.22387,-0.20168,-0.041125,0.20912,0.47842,0.70404,0.84589,0.8941,0.85426,0.74321,0.5828,0.39794,0.21563,0.063728,-0.037824,-0.079536,-0.071643,-0.04846,-0.059428,-0.14569,-0.31723,-0.54919,-0.79841,-1.0265,-1.2109,-1.3453,-1.4319
-0.90253,-0.22329,0.27713,0.47133,0.39445,0.1018,-0.39849,-1.1473,-2.0993,-3.0125,-3.5998,-3.7668,-3.5932,-3.183,-2.6089,-1.9291,-1.21,-0.52987,0.028197,0.40013,0.58352,0.65571,0.71323,0.79237,0.85963,0.87467,0.8285,0.74918,0.66106,0.55977,0.42538,0.2533,0.073039,-0.064942,-0.12057,-0.08634,0.020278,0.1661,0.32133,0.45814,0.55929,0.60808,0.60264,0.55266,0.48334,0.43571,0.4321,0.46967,0.51434,0.50886,0.41567,0.23919,0.040115,-0.090966,-0.080564,0.080886,0.34246,0.62734,0.86766,1.0243,1.077,1.034,0.91058,0.72609,0.50539,0.27907,0.080145,-0.064962,-0.13956,-0.14681,-0.11467,-0.091221,-0.12509,-0.24051,-0.4262,-0.6432,-0.86006,-1.0469,-1.1925,-1.2983
-0.96002,-0.24797,0.28872,0.49701,0.40644,0.077504,-0.47036,-1.2592,-2.2214,-3.1038,-3.6361,-3.7522,-3.545,-3.1183,-2.5416,-1.8731,-1.1798,-0.53971,-0.031605,0.29075,0.44213,0.51626,0.61084,0.74721,0.87747,0.9493,0.9457,0.88687,0.79415,0.66964,0.50097,0.29099,0.081823,-0.073111,-0.13029,-0.083653,0.043611,0.21379,0.3877,0.53704,0.64225,0.69144,0.68358,0.63354,0.57246,0.53824,0.55416,0.61108,0.66765,0.66827,0.57377,0.39067,0.18016,0.033713,0.027798,0.17497,0.43058,0.72078,0.97507,1.1459,1.2127,1.1768,1.0519,0.85828,0.62069,0.36845,0.13618,-0.045342,-0.15153,-0.17575,-0.14128,-0.098512,-0.10174,-0.18096,-0.33116,-0.52611,-0.72791,-0.91469,-1.0752,-1.2061
-1.0489,-0.29964,0.27943,0.50142,0.39258,0.024305,-0.56899,-1.3895,-2.3475,-3.1808,-3.6423,-3.6979,-3.4534,-3.0106,-2.4347,-1.7848,-1.1276,-0.53917,-0.093297,0.16893,0.2849,0.3699,0.52075,0.73436,0.94222,1.0787,1.1209,1.0793,0.97248,0.80815,0.58434,0.32187,0.074164,-0.095306,-0.14408,-0.072399,0.084852,0.28112,0.47123,0.62797,0.73211,0.78251,0.77973,0.74211,0.70347,0.69623,0.73968,0.81926,0.89046,0.8969,0.7997,0.60509,0.37465,0.20387,0.17226,0.3014,0.5495,0.84172,1.1059,1.2934,1.3814,1.3673,1.2585,1.0688,0.82015,0.54362,0.27656,0.054035,-0.089384,-0.13885,-0.11025,-0.051579,-0.022853,-0.065585,-0.186,-0.36046,-0.56223,-0.76097,-0.93994,-1.0924
-1.144,-0.36759,0.24469,0.47509,0.34878,-0.045693,-0.65937,-1.4814,-2.4117,-3.1906,-3.5906,-3.5991,-3.3265,-2.8729,-2.3034,-1.6754,-1.0546,-0.51461,-0.12399,0.087945,0.17855,0.28106,0.48867,0.77371,1.0486,1.2359,1.3062,1.2649,1.1331,0.92242,0.64438,0.33415,0.049662,-0.13242,-0.17107,-0.0703,0.11837,0.33229,0.52779,0.67702,0.77787,0.8287,0.84273,0.8354,0.83097,0.85754,0.9258,1.0213,1.1008,1.1106,1.013,0.8131,0.57169,0.3847,0.33183,0.43897,0.66931,0.9526,1.2193,1.4212,1.5325,1.545,1.4615,1.2927,1.058,0.78437,0.5039,0.25877,0.083862,0.003928,0.014217,0.072197,0.11454,0.090701,-0.015066,-0.18672,-0.39461,-0.61028,-0.81444,-0.99771
-1.213,-0.42485,0.20535,0.43781,0.29983,-0.10412,-0.71319,-1.5146,-2.4094,-3.1455,-3.5091,-3.4933,-3.2077,-2.751,-2.1901,-1.5809,-0.98734,-0.47987,-0.12295,0.060812,0.13978,0.25629,0.50025,0.83139,1.1483,1.3656,1.4466,1.3943,1.2337,0.98266,0.66757,0.32894,0.032311,-0.15088,-0.18188,-0.077415,0.11075,0.3219,0.51306,0.66338,0.77164,0.83786,0.87208,0.88914,0.90995,0.96194,1.0499,1.1553,1.2379,1.2453,1.1461,0.94884,0.71193,0.52346,0.46225,0.55156,0.7604,1.0266,1.287,1.4943,1.6236,1.6634,1.6096,1.4658,1.2472,0.98136,0.70398,0.45265,0.26843,0.17751,0.17668,0.22532,0.26124,0.23314,0.12287,-0.058304,-0.2802,-0.51421,-0.73986,-0.94564
-1.2928,-0.50229,0.1402,0.37074,0.22006,-0.18227,-0.76007,-1.5056,-2.3342,-3.013,-3.3415,-3.3093,-3.0184,-2.5663,-2.0221,-1.4418,-0.88469,-0.41466,-0.089901,0.072918,0.14789,0.28058,0.55812,0.93357,1.2918,1.538,1.6239,1.5511,1.3441,1.038,0.67391,0.30442,0.0038807,-0.17171,-0.19872,-0.10684,0.056005,0.24087,0.41439,0.56805,0.69643,0.80493,0.88464,0.94137,0.99748,1.0693,1.1694,1.2805,1.3617,1.3719,1.2795,1.0946,0.87312,0.69724,0.63345,0.70659,0.89015,1.1302,1.372,1.5774,1.719,1.7839,1.7643,1.6595,1.4791,1.2445,0.98859,0.74824,0.56194,0.45997,0.44498,0.48009,0.50243,0.45704,0.32242,0.1131,-0.14506,-0.41703,-0.67689,-0.91039
-1.3473,-0.57146,0.069971,0.29198,0.13225,-0.25271,-0.7736,-1.4365,-2.1829,-2.8061,-3.1139,-3.0825,-2.7993,-2.3604,-1.8383,-1.2897,-0.76793,-0.32845,-0.021984,0.13789,0.22192,0.36818,0.65926,1.0495,1.4244,1.6827,1.7699,1.6783,1.4342,1.0853,0.68068,0.29128,-0.013479,-0.18444,-0.22238,-0.15483,-0.032385,0.10641,0.24607,0.38691,0.53971,0.69476,0.84011,0.96161,1.0594,1.1508,1.2447,1.3364,1.4025,1.4074,1.3311,1.1815,1.0036,0.8642,0.81559,0.87474,1.0235,1.2234,1.4345,1.6242,1.7728,1.8616,1.8757,1.807,1.6615,1.4606,1.2365,1.025,0.86317,0.77384,0.75338,0.76538,0.75408,0.67232,0.50217,0.25218,-0.04006,-0.34698,-0.64348,-0.91288
-1.3643,-0.61055,0.020966,0.23144,0.067042,-0.29544,-0.76023,-1.349,-2.0282,-2.6124,-2.9137,-2.8922,-2.6218,-2.1972,-1.6942,-1.1697,-0.67244,-0.2515,0.048283,0.21494,0.31315,0.46936,0.76034,1.1442,1.5141,1.768,1.8485,1.7431,1.4819,1.115,0.70138,0.31399,0.016263,-0.15627,-0.21399,-0.19021,-0.12499,-0.041156,0.062671,0.20053,0.38336,0.59081,0.79173,0.95781,1.0809,1.178,1.2616,1.3344,1.384,1.3828,1.3177,1.1981,1.0624,0.96189,0.9376,0.99805,1.1271,1.296,1.4764,1.6462,1.7875,1.8829,1.9152,1.8733,1.7588,1.5888,1.3939,1.2082,1.066,0.98923,0.97232,0.9761,0.94313,0.82754,0.61604,0.3303,-0.0037439,-0.34407,-0.66101,-0.93867
-1.3468,-0.63531,-0.030124,0.15808,-0.010109,-0.33378,-0.71249,-1.1952,-1.7841,-2.3225,-2.624,-2.6238,-2.3768,-1.976,-1.5002,-1.0065,-0.53817,-0.13561,0.16386,0.34896,0.47171,0.63813,0.9175,1.2768,1.6223,1.8557,1.9168,1.7943,1.5213,1.1506,0.75191,0.39076,0.11638,-0.05887,-0.1549,-0.20991,-0.24579,-0.25826,-0.21781,-0.082953,0.15071,0.44565,0.72842,0.94765,1.0915,1.1752,1.2271,1.2635,1.2834,1.277,1.2339,1.1622,1.0902,1.0521,1.0674,1.1377,1.2477,1.378,1.5147,1.6507,1.7758,1.8756,1.9274,1.9126,1.8287,1.6936,1.5398,1.3967,1.2954,1.2462,1.2333,1.2157,1.1439,0.98256,0.72498,0.388,0.015284,-0.36084,-0.71205,-1.0202
-1.2994,-0.6271,-0.050818,0.11604,-0.055145,-0.346,-0.65698,-1.0609,-1.5862,-2.0957,-2.4011,-2.4203,-2.194,-1.8131,-1.3585,-0.88642,-0.43595,-0.041181,0.26558,0.47084,0.61336,0.78241,1.0432,1.3734,1.6911,1.9032,1.948,1.8158,1.5408,1.1802,0.80637,0.4785,0.22934,0.05539,-0.072438,-0.18572,-0.29661,-0.38553,-0.39906,-0.27825,-0.010332,0.34319,0.68632,0.94487,1.0961,1.1595,1.1708,1.1627,1.1509,1.1353,1.1133,1.088,1.0734,1.0878,1.136,1.2136,1.31,1.4158,1.5265,1.6392,1.7529,1.8482,1.9028,1.9002,1.8388,1.7338,1.6115,1.5031,1.4298,1.398,1.3897,1.3627,1.2666,1.0679,0.76539,0.39093,-0.023333,-0.43012,-0.7956,-1.102
-1.1874,-0.57327,-0.045398,0.087531,-0.089868,-0.33765,-0.56348,-0.8707,-1.3216,-1.7994,-2.1127,-2.1587,-1.9616,-1.6084,-1.1818,-0.73578,-0.30332,0.089775,0.41578,0.65465,0.82401,0.98962,1.2134,1.4933,1.7649,1.9443,1.97,1.8298,1.5586,1.2239,0.89638,0.62802,0.42881,0.26997,0.10953,-0.076551,-0.28532,-0.47408,-0.55605,-0.44961,-0.14071,0.27608,0.67167,0.95235,1.0892,1.1078,1.0565,0.98389,0.92462,0.89277,0.89215,0.92229,0.98157,1.0637,1.1614,1.2602,1.3489,1.4251,1.498,1.5825,1.6797,1.7785,1.8499,1.8678,1.8271,1.7467,1.6603,1.5918,1.5606,1.5591,1.5558,1.5045,1.3626,1.1101,0.75659,0.33239,-0.11312,-0.54098,-0.92127,-1.2378
-1.0202,-0.46581,0.0062744,0.10015,-0.08786,-0.3015,-0.45558,-0.6831,-1.074,-1.5282,-1.8508,-1.9214,-1.7522,-1.4262,-1.0256,-0.60153,-0.18068,0.21827,0.57022,0.84639,1.0422,1.2012,1.3833,1.6062,1.8248,1.965,1.969,1.8225,1.5654,1.2706,1.0048,0.80642,0.66448,0.53169,0.36176,0.12985,-0.15003,-0.41387,-0.55441,-0.46309,-0.13495,0.31557,0.72645,0.99203,1.0846,1.0335,0.90128,0.75315,0.64021,0.59382,0.61898,0.70455,0.82897,0.96861,1.1003,1.2094,1.291,1.3525,1.4124,1.489,1.5906,1.6955,1.7733,1.8026,1.7841,1.7371,1.6856,1.6596,1.6603,1.673,1.6633,1.5859,1.4018,1.097,0.6895,0.22171,-0.25786,-0.70408,-1.0859,-1.3893
-0.86202,-0.34955,0.07799,0.14024,-0.059843,-0.25731,-0.37143,-0.55329,-0.91033,-1.3525,-1.6817,-1.7685,-1.6172,-1.3093,-0.92569,-0.51495,-0.099196,0.30718,0.68003,0.98347,1.1978,1.3526,1.5069,1.6893,1.867,1.9737,1.9554,1.8024,1.5609,1.3021,1.088,0.94277,0.84018,0.73192,0.57124,0.33818,0.045455,-0.24001,-0.40669,-0.33787,-0.022579,0.41533,0.80904,1.0434,1.0859,0.97146,0.76686,0.55273,0.39845,0.34023,0.38595,0.51077,0.6761,0.84635,0.99526,1.1086,1.1849,1.237,1.2901,1.3711,1.4855,1.6127,1.7152,1.7651,1.7615,1.7284,1.6991,1.6937,1.7144,1.738,1.7223,1.6194,1.3956,1.0469,0.60086,0.10344,-0.3897,-0.83581,-1.2065,-1.4905
-0.61378,-0.15174,0.21662,0.23522,0.012435,-0.17988,-0.26414,-0.40625,-0.73416,-1.1669,-1.5044,-1.6079,-1.4751,-1.1858,-0.8196,-0.42208,-0.0092906,0.40939,0.80937,1.1455,1.3814,1.5323,1.6563,1.7931,1.9215,1.9843,1.9319,1.7678,1.5416,1.326,1.1776,1.1018,1.0606,0.99832,0.8709,0.66189,0.38963,0.11806,-0.040087,0.015014,0.28879,0.65925,0.97057,1.1159,1.0647,0.8531,0.55748,0.2697,0.071203,0.0055361,0.070793,0.2283,0.42529,0.61549,0.77075,0.87905,0.94556,0.99246,1.0542,1.162,1.3182,1.4895,1.63,1.7103,1.7329,1.7258,1.7213,1.7424,1.7813,1.8076,1.775,1.6359,1.3611,0.95534,0.45776,-0.070169,-0.57462,-1.0099,-1.353,-1.6006
-0.40584,0.02351,0.34986,0.3357,0.090024,-0.11215,-0.19271,-0.3223,-0.63931,-1.07,-1.4128,-1.525,-1.4015,-1.1214,-0.76391,-0.37226,0.041449,0.47055,0.88942,1.2463,1.4943,1.6411,1.7452,1.8519,1.9493,1.9857,1.9157,1.7455,1.5276,1.3358,1.2258,1.1966,1.2049,1.1867,1.1,0.92665,0.69133,0.45493,0.31966,0.3676,0.5937,0.89199,1.1182,1.1765,1.0413,0.74806,0.38244,0.045219,-0.17813,-0.2393,-0.15735,0.015121,0.21817,0.40575,0.55018,0.64416,0.69783,0.74087,0.81595,0.95604,1.1598,1.3826,1.5669,1.6788,1.723,1.7328,1.7457,1.7807,1.8291,1.8546,1.8054,1.6332,1.3143,0.8647,0.33538,-0.2101,-0.70703,-1.1175,-1.4273,-1.6394
-0.10921,0.28385,0.55799,0.50097,0.21847,-0.015781,-0.11653,-0.25155,-0.56852,-1.0021,-1.351,-1.469,-1.3511,-1.0773,-0.72578,-0.33593,0.083652,0.52823,0.96918,1.3459,1.601,1.7372,1.8165,1.893,1.9635,1.9794,1.899,1.7249,1.5137,1.3439,1.2682,1.2893,1.3552,1.4027,1.385,1.29,1.1335,0.96671,0.86097,0.8816,1.0275,1.2144,1.3237,1.2649,1.0126,0.60773,0.14179,-0.26528,-0.51068,-0.56052,-0.45075,-0.26114,-0.064258,0.095584,0.20492,0.26453,0.29504,0.33715,0.44283,0.64583,0.92977,1.231,1.4789,1.637,1.7147,1.7505,1.7837,1.8339,1.8866,1.9018,1.8268,1.6161,1.252,0.75783,0.19411,-0.35996,-0.84566,-1.225,-1.4893,-1.6491
0.19732,0.562,0.78859,0.68894,0.36325,0.078426,-0.067401,-0.2314,-0.56371,-1.0064,-1.3599,-1.4775,-1.3579,-1.0836,-0.7311,-0.33654,0.093897,0.55498,1.0129,1.3986,1.6484,1.767,1.8257,1.8877,1.9506,1.9629,1.8788,1.703,1.4956,1.3413,1.2967,1.361,1.4804,1.5894,1.6423,1.6268,1.554,1.4613,1.3982,1.4061,1.4777,1.547,1.5204,1.327,0.95085,0.43851,-0.10773,-0.5573,-0.80612,-0.83055,-0.69741,-0.50721,-0.33705,-0.22168,-0.16741,-0.15672,-0.1554,-0.11026,0.037617,0.31653,0.68985,1.0756,1.3929,1.6025,1.7147,1.7713,1.8195,1.8732,1.9236,1.9296,1.8356,1.5938,1.1897,0.65755,0.072828,-0.4802,-0.93444,-1.2634,-1.4744,-1.5885
0.42656,0.7737,0.96688,0.83595,0.47414,0.14143,-0.051726,-0.25061,-0.60396,-1.0574,-1.4133,-1.5273,-1.4017,-1.122,-0.76419,-0.36196,0.079645,0.5534,1.0202,1.4049,1.6427,1.744,1.7894,1.8478,1.9152,1.9355,1.8579,1.6874,1.4867,1.3425,1.3185,1.4103,1.5652,1.7138,1.8149,1.8509,1.8355,1.7939,1.7643,1.7675,1.7904,1.7764,1.6505,1.3588,0.89355,0.3086,-0.28747,-0.75909,-1.0017,-1.0062,-0.85826,-0.67035,-0.52192,-0.4441,-0.43235,-0.4607,-0.48348,-0.43525,-0.25092,0.088129,0.53047,0.97467,1.3338,1.572,1.7055,1.7786,1.8335,1.8914,1.9378,1.9321,1.8219,1.564,1.1472,0.6074,0.020984,-0.51954,-0.95533,-1.2605,-1.4438,-1.5289
0.72308,1.0488,1.2001,1.0273,0.61333,0.20748,-0.063625,-0.32245,-0.71452,-1.1873,-1.5456,-1.6502,-1.5107,-1.2172,-0.84598,-0.42818,0.03175,0.5221,0.99538,1.37,1.5829,1.6558,1.6837,1.7426,1.8263,1.8718,1.8217,1.675,1.4926,1.3628,1.3534,1.4693,1.6593,1.8558,2.014,2.1149,2.1639,2.1768,2.1732,2.1626,2.1286,2.0263,1.7959,1.3956,0.82796,0.15411,-0.50529,-1.0019,-1.2322,-1.207,-1.0357,-0.84678,-0.72301,-0.68997,-0.73158,-0.80814,-0.85683,-0.79829,-0.56586,-0.15429,0.35949,0.86377,1.2698,1.5423,1.6968,1.7776,1.8329,1.8809,1.9161,1.9018,1.7853,1.5207,1.0971,0.55546,-0.01996,-0.53971,-0.93878,-1.2039,-1.3558,-1.423
1.0006,1.3053,1.4152,1.1991,0.72906,0.24343,-0.1148,-0.44536,-0.88494,-1.3821,-1.7429,-1.8337,-1.6737,-1.3603,-0.96965,-0.53095,-0.049872,0.45638,0.93253,1.2915,1.4729,1.5112,1.5188,1.5808,1.6908,1.7756,1.7698,1.6626,1.5099,1.4007,1.4032,1.5346,1.746,1.9764,2.1736,2.3226,2.4162,2.4658,2.4772,2.4547,2.3789,2.2099,1.8987,1.4135,0.76693,0.027913,-0.67337,-1.1815,-1.3996,-1.3496,-1.1616,-0.9727,-0.86569,-0.86131,-0.93955,-1.0478,-1.1094,-1.0334,-0.75516,-0.28971,0.2728,0.80875,1.2318,1.5128,1.6713,1.7523,1.7971,1.8361,1.8602,1.8356,1.7142,1.4551,1.0488,0.53337,-0.012965,-0.50275,-0.87911,-1.1291,-1.2704,-1.3298
1.1915,1.4796,1.5579,1.307,0.79341,0.24644,-0.18028,-0.56859,-1.0477,-1.566,-1.9295,-2.0077,-1.8293,-1.4975,-1.0885,-0.63155,-0.13296,0.38613,0.86449,1.2108,1.3663,1.3754,1.3647,1.429,1.5639,1.6858,1.7185,1.6451,1.5212,1.4339,1.4552,1.5991,1.8201,2.0575,2.2663,2.4279,2.54,2.6069,2.633,2.61,2.5144,2.3055,1.944,1.4109,0.72556,-0.037006,-0.74844,-1.2598,-1.4763,-1.4241,-1.2308,-1.0369,-0.93023,-0.93369,-1.0234,-1.1395,-1.1983,-1.1077,-0.80912,-0.32268,0.24997,0.79273,1.2214,1.5048,1.6587,1.7264,1.7567,1.7746,1.7829,1.7539,1.6408,1.3994,1.016,0.5262,0.0068702,-0.4596,-0.81561,-1.054,-1.1957,-1.2675
1.4183,1.6817,1.7159,1.4163,0.84246,0.21454,-0.30288,-0.7685,-1.3025,-1.8521,-2.2201,-2.2816,-2.0766,-1.7165,-1.28,-0.79529,-0.27059,0.26737,0.74982,1.0801,1.201,1.1694,1.1327,1.2038,1.3762,1.5533,1.6422,1.6194,1.5363,1.482,1.5275,1.6836,1.9094,2.1453,2.3527,2.5133,2.629,2.7024,2.7341,2.7097,2.6006,2.3678,1.9765,1.4141,0.70755,-0.064081,-0.77518,-1.2849,-1.5055,-1.4644,-1.2784,-1.0817,-0.96559,-0.96234,-1.0469,-1.1592,-1.208,-1.0969,-0.77522,-0.2798,0.28872,0.81503,1.2235,1.4883,1.6253,1.6741,1.6764,1.6697,1.6593,1.6241,1.522,1.3093,0.96792,0.52465,0.046825,-0.39017,-0.73119,-0.96685,-1.1157,-1.2036
1.5652,1.8071,1.8068,1.469,0.84851,0.1617,-0.41985,-0.94069,-1.5153,-2.0886,-2.4618,-2.5122,-2.2878,-1.9059,-1.4471,-0.93983,-0.39387,0.15984,0.64731,0.96859,1.0676,1.009,0.95453,1.0312,1.2304,1.4474,1.5799,1.5977,1.5488,1.5205,1.5792,1.7376,1.958,2.1857,2.3829,2.5347,2.6411,2.7092,2.7365,2.7118,2.6027,2.3704,1.9786,1.4162,0.7166,-0.042674,-0.73835,-1.2389,-1.469,-1.4433,-1.2702,-1.0782,-0.95908,-0.94514,-1.0212,-1.121,-1.153,-1.0269,-0.70132,-0.21456,0.33418,0.84058,1.2337,1.4861,1.608,1.6351,1.6134,1.5777,1.5443,1.502,1.4134,1.2321,0.93163,0.52873,0.082702,-0.33062,-0.66638,-0.90817,-1.0701,-1.1753
1.7273,1.9366,1.8872,1.4959,0.81325,0.052708,-0.60648,-1.1938,-1.817,-2.4203,-2.8022,-2.8419,-2.5957,-2.1873,-1.6993,-1.1612,-0.58544,-0.007709,0.49232,0.81085,0.89281,0.81036,0.73916,0.82003,1.0475,1.3091,1.4924,1.5603,1.5566,1.5612,1.6357,1.7923,1.9952,2.1983,2.368,2.4938,2.5791,2.6324,2.6576,2.6389,2.5427,2.3221,1.9451,1.4093,0.74876,0.044622,-0.60025,-1.0821,-1.3311,-1.3549,-1.2242,-1.0486,-0.92392,-0.89673,-0.95116,-1.0287,-1.0395,-0.8992,-0.57473,-0.10679,0.41133,0.88626,1.2513,1.4777,1.5726,1.569,1.5112,1.4417,1.3854,1.338,1.2654,1.1194,0.86706,0.51633,0.11671,-0.27038,-0.591,-0.83172,-1.0055,-1.1348
1.8484,2.0202,1.9185,1.4715,0.72878,-0.098381,-0.82114,-1.4611,-2.123,-2.7512,-3.1429,-3.1793,-2.9204,-2.4924,-1.9799,-1.413,-0.8076,-0.2034,0.31646,0.64569,0.72842,0.63987,0.56372,0.64873,0.89612,1.19,1.4116,1.5186,1.5486,1.5761,1.6592,1.8079,1.99,2.1624,2.2962,2.3841,2.4354,2.4649,2.4822,2.4737,2.4034,2.222,1.894,1.4146,0.82018,0.18248,-0.40562,-0.85697,-1.1204,-1.188,-1.1128,-0.9821,-0.88007,-0.85142,-0.89213,-0.94501,-0.92792,-0.76798,-0.44321,0.0025384,0.4862,0.92525,1.2607,1.4638,1.5359,1.5037,1.4121,1.303,1.2142,1.1553,1.0997,0.99645,0.80106,0.50622,0.14834,-0.20956,-0.52721,-0.78091,-0.97392,-1.1219
1.9114,2.0516,1.9095,1.4207,0.63526,-0.23498,-0.99538,-1.664,-2.3462,-2.9871,-3.3864,-3.4261,-3.1656,-2.7301,-2.204,-1.6194,-0.99377,-0.3689,0.16999,0.51536,0.61062,0.53041,0.45949,0.5498,0.80755,1.1176,1.3592,1.4867,1.5335,1.5686,1.6499,1.7861,1.95,2.0983,2.2046,2.2609,2.2811,2.2885,2.2974,2.3011,2.2587,2.1198,1.8414,1.4167,0.8837,0.30913,-0.2258,-0.65129,-0.92453,-1.0355,-1.0137,-0.92596,-0.84796,-0.82685,-0.85907,-0.89302,-0.85392,-0.67945,-0.35573,0.07604,0.53449,0.94805,1.2619,1.4463,1.4998,1.4463,1.3283,1.1944,1.0879,1.0242,0.97993,0.90157,0.73888,0.47864,0.15256,-0.18881,-0.49204,-0.73765,-0.93173,-1.0921
1.9576,2.0518,1.8552,1.3132,0.47745,-0.44001,-1.2364,-1.9278,-2.6231,-3.2708,-3.6777,-3.7291,-3.4781,-3.0436,-2.5088,-1.908,-1.2609,-0.61082,-0.044046,0.33089,0.45567,0.40125,0.34836,0.45041,0.71903,1.0435,1.3031,1.4463,1.5015,1.5334,1.596,1.7056,1.8376,1.9548,2.0265,2.0468,2.0302,2.0081,2.0089,2.0303,2.033,1.9533,1.7464,1.4054,0.96283,0.48249,0.025658,-0.35978,-0.64059,-0.80614,-0.85977,-0.84108,-0.8106,-0.81121,-0.84073,-0.85549,-0.78778,-0.58692,-0.25261,0.1642,0.5954,0.97468,1.2563,1.4146,1.4454,1.3672,1.2194,1.054,0.91946,0.84278,0.80971,0.76715,0.65518,0.44599,0.15857,-0.15555,-0.4516,-0.70271,-0.90564,-1.072
1.9608,2.0054,1.7553,1.167,0.29193,-0.65661,-1.4713,-2.1694,-2.8625,-3.5042,-3.9135,-3.983,-3.7547,-3.3356,-2.8057,-2.2006,-1.5418,-0.87326,-0.28036,0.12913,0.29423,0.27871,0.25512,0.37528,0.65427,0.98728,1.2548,1.4003,1.4482,1.4611,1.4945,1.5719,1.6739,1.7639,1.8066,1.7927,1.7379,1.684,1.6732,1.7151,1.7687,1.763,1.6417,1.3903,1.0392,0.64279,0.25618,-0.084043,-0.36074,-0.56087,-0.68606,-0.75339,-0.79405,-0.83166,-0.86224,-0.84483,-0.73147,-0.4956,-0.15186,0.25126,0.65171,0.99739,1.2479,1.3772,1.3793,1.2718,1.0941,0.90022,0.74864,0.67329,0.66085,0.65204,0.57785,0.40347,0.14475,-0.14658,-0.43155,-0.67475,-0.8719,-1.0353
1.9354,1.9407,1.6538,1.0381,0.14505,-0.81375,-1.6321,-2.3273,-3.012,-3.6407,-4.0468,-4.1306,-3.9264,-3.5287,-3.0126,-2.4139,-1.7553,-1.08,-0.47126,-0.035972,0.16293,0.18271,0.18761,0.32514,0.6128,0.95016,1.2169,1.3575,1.3914,1.3824,1.391,1.4437,1.5274,1.6007,1.6257,1.5871,1.5034,1.4249,1.404,1.4616,1.5546,1.6073,1.5527,1.3702,1.0865,0.75198,0.41409,0.10204,-0.16923,-0.39492,-0.56551,-0.68512,-0.77165,-0.83878,-0.87219,-0.83887,-0.69836,-0.43615,-0.079292,0.31707,0.69704,1.0138,1.235,1.3399,1.3229,1.1988,1.0046,0.79859,0.63652,0.55657,0.55044,0.56068,0.51523,0.37286,0.14231,-0.13499,-0.40404,-0.64112,-0.84012,-1.0093
1.8658,1.8167,1.4884,0.851,-0.04518,-0.99807,-1.8088,-2.4969,-3.1646,-3.7683,-4.1621,-4.2625,-4.0958,-3.7379,-3.2532,-2.6767,-2.0319,-1.3595,-0.73869,-0.27433,-0.032771,0.034515,0.080482,0.24507,0.54746,0.89206,1.16,1.2931,1.3074,1.2654,1.2342,1.2503,1.3072,1.3624,1.3708,1.3094,1.1956,1.086,1.0514,1.1249,1.2667,1.3889,1.4155,1.3191,1.1198,0.86283,0.58917,0.32173,0.066545,-0.17267,-0.3918,-0.58385,-0.7411,-0.85036,-0.88969,-0.82631,-0.64131,-0.34552,0.020307,0.40296,0.75256,1.0339,1.2185,1.2864,1.2331,1.0775,0.8636,0.64498,0.48791,0.42954,0.4539,0.49399,0.47198,0.34619,0.1282,-0.12971,-0.39354,-0.6226,-0.80908,-0.96318
1.788,1.6978,1.346,0.70683,-0.17283,-1.1052,-1.9038,-2.5882,-3.2436,-3.8246,-4.2032,-4.3121,-4.1746,-3.8523,-3.4001,-2.8494,-2.2239,-1.5628,-0.94153,-0.46284,-0.19531,-0.096822,-0.021577,0.16555,0.48356,0.83774,1.1104,1.2398,1.241,1.1751,1.113,1.101,1.1381,1.1834,1.1852,1.1139,0.98214,0.84928,0.79912,0.8772,1.0492,1.2194,1.3038,1.269,1.1296,0.92719,0.69823,0.46181,0.22275,-0.021693,-0.26622,-0.49719,-0.69403,-0.83175,-0.87539,-0.79813,-0.59107,-0.27674,0.094984,0.46739,0.79257,1.0392,1.1866,1.2228,1.1485,0.98294,0.76513,0.55689,0.41225,0.36402,0.39627,0.44571,0.43819,0.33234,0.13609,-0.1138,-0.35904,-0.57885,-0.7671,-0.93082
1.6529,1.5093,1.1382,0.52086,-0.30905,-1.1919,-1.9707,-2.6564,-3.3038,-3.8552,-4.2079,-4.3215,-4.2198,-3.9478,-3.5454,-3.0387,-2.4497,-1.8146,-1.2049,-0.71999,-0.4297,-0.29816,-0.18758,0.03163,0.37687,0.75153,1.0359,1.1643,1.1497,1.055,0.95789,0.91544,0.93403,0.97209,0.96993,0.88948,0.73643,0.57155,0.49058,0.5606,0.75987,0.98885,1.1497,1.1947,1.1297,0.99079,0.81258,0.61542,0.4034,0.16966,-0.084105,-0.34478,-0.58295,-0.7545,-0.81417,-0.73316,-0.51169,-0.18666,0.18167,0.5304,0.82059,1.0247,1.1269,1.1204,1.0119,0.82796,0.61626,0.42784,0.3202,0.31489,0.38182,0.44983,0.44664,0.33851,0.14102,-0.096923,-0.34028,-0.55285,-0.72793,-0.87522
1.4856,1.2918,0.91973,0.35613,-0.39225,-1.2069,-1.9653,-2.6664,-3.3215,-3.851,-4.1745,-4.2838,-4.2094,-3.9832,-3.6311,-3.1735,-2.6296,-2.0332,-1.4504,-0.97583,-0.67824,-0.52506,-0.38431,-0.13131,0.24713,0.65066,0.95354,1.0868,1.0615,0.94528,0.82459,0.76323,0.7731,0.8081,0.80515,0.71677,0.54541,0.35059,0.23594,0.28785,0.49822,0.77111,0.99466,1.1082,1.11,1.0282,0.9006,0.7491,0.57368,0.36745,0.11897,-0.16049,-0.43063,-0.6327,-0.71088,-0.63172,-0.40684,-0.086353,0.26171,0.57853,0.81891,0.96406,1.0097,0.96124,0.83444,0.65835,0.47362,0.33549,0.27739,0.30725,0.39119,0.46407,0.46284,0.35988,0.17188,-0.059745,-0.28778,-0.49176,-0.66775,-0.82388
1.342,1.1144,0.75561,0.25347,-0.41484,-1.1706,-1.9161,-2.6396,-3.3142,-3.8359,-4.1388,-4.2399,-4.1774,-3.9783,-3.66,-3.2375,-2.7291,-2.1672,-1.6136,-1.157,-0.86365,-0.70289,-0.54547,-0.2686,0.13736,0.56662,0.88828,1.0294,1.0015,0.87634,0.74362,0.67324,0.67793,0.71315,0.71223,0.62603,0.44986,0.2377,0.096861,0.12491,0.33112,0.62205,0.8821,1.0421,1.0901,1.0524,0.96184,0.84005,0.69129,0.50503,0.27197,0.0006724,-0.27221,-0.48724,-0.58259,-0.5254,-0.32419,-0.027587,0.29562,0.57869,0.78437,0.89307,0.90285,0.82425,0.68007,0.50633,0.35112,0.25193,0.24261,0.31716,0.42831,0.50679,0.49651,0.3818,0.18841,-0.035524,-0.26052,-0.45961,-0.63019,-0.78088
1.1314,0.86544,0.54424,0.14896,-0.39414,-1.0665,-1.7994,-2.5652,-3.2846,-3.8117,-4.093,-4.1784,-4.1215,-3.9462,-3.663,-3.2817,-2.8189,-2.3045,-1.7946,-1.3706,-1.0936,-0.933,-0.7616,-0.45821,-0.016959,0.4467,0.79358,0.94702,0.92205,0.79542,0.65909,0.586,0.58817,0.62593,0.6313,0.5547,0.38069,0.15527,-0.018412,-0.027629,0.16048,0.46362,0.76093,0.96957,1.0677,1.0768,1.0286,0.94708,0.83805,0.689,0.48634,0.23212,-0.040719,-0.2703,-0.3916,-0.3638,-0.19371,0.066314,0.34296,0.57319,0.7145,0.75515,0.70529,0.58911,0.43959,0.29477,0.19248,0.16528,0.21971,0.33526,0.46288,0.54175,0.52695,0.41099,0.22274,0.008735,-0.20441,-0.39708,-0.56833,-0.72558
0.9632,0.67424,0.39561,0.09571,-0.3464,-0.95629,-1.6831,-2.4881,-3.2532,-3.7981,-4.0692,-4.1402,-4.0802,-3.9134,-3.6476,-3.2911,-2.8585,-2.3774,-1.9001,-1.5035,-1.2443,-1.0902,-0.91424,-0.59631,-0.13273,0.35314,0.714,0.87568,0.85598,0.73381,0.60664,0.54005,0.54732,0.58681,0.59761,0.52709,0.36038,0.13607,-0.048568,-0.078683,0.090312,0.39056,0.70031,0.9305,1.0545,1.0886,1.0675,1.0164,0.93878,0.82156,0.64434,0.40624,0.14007,-0.093375,-0.22749,-0.22375,-0.088405,0.13066,0.36467,0.54824,0.6434,0.63896,0.54931,0.40627,0.25052,0.12406,0.063739,0.086127,0.18949,0.34066,0.48383,0.56156,0.54006,0.42292,0.24301,0.036595,-0.16152,-0.34448,-0.51579,-0.68247
0.73231,0.42055,0.21492,0.05518,-0.25093,-0.78218,-1.5046,-2.3661,-3.2053,-3.7916,-4.0595,-4.1106,-4.0371,-3.871,-3.6182,-3.2844,-2.8835,-2.4404,-2.0025,-1.6405,-1.4075,-1.2697,-1.0981,-0.76921,-0.28513,0.22356,0.6023,0.77609,0.76429,0.65157,0.5357,0.48073,0.49656,0.54388,0.56709,0.51768,0.37758,0.17412,-0.0072963,-0.057704,0.080972,0.35901,0.66424,0.90409,1.0456,1.1024,1.1077,1.0879,1.0481,0.97016,0.83081,0.62303,0.37406,0.14142,-0.0079651,-0.033595,0.061025,0.22999,0.40598,0.52673,0.55382,0.4817,0.3342,0.15595,-0.00133,-0.094347,-0.099196,-0.013307,0.13959,0.31846,0.4726,0.55537,0.54081,0.43407,0.2657,0.077823,-0.11542,-0.29808,-0.46885,-0.63247
0.50129,0.17656,0.057463,0.04155,-0.13573,-0.5942,-1.3138,-2.2309,-3.1542,-3.801,-4.0796,-4.1119,-4.018,-3.842,-3.5911,-3.2697,-2.8898,-2.4746,-2.0671,-1.7324,-1.5216,-1.4024,-1.2456,-0.92287,-0.43424,0.085515,0.47906,0.66372,0.66253,0.56146,0.45595,0.41297,0.43971,0.50191,0.54637,0.52948,0.42967,0.26661,0.1104,0.057964,0.1681,0.40782,0.68107,0.90286,1.0392,1.102,1.123,1.128,1.12,1.0799,0.97873,0.80385,0.57756,0.35544,0.19972,0.15187,0.2109,0.33425,0.45725,0.51918,0.48484,0.35299,0.15594,-0.051852,-0.21254,-0.28393,-0.25011,-0.12315,0.065318,0.26801,0.43264,0.51741,0.50634,0.41348,0.27019,0.10383,-0.066109,-0.23678,-0.41005,-0.58732
0.33353,0.0050643,-0.04486,0.043195,-0.046715,-0.4568,-1.1724,-2.1273,-3.1157,-3.8182,-4.1137,-4.1345,-4.0225,-3.8335,-3.5782,-3.2606,-2.8907,-2.4896,-2.0979,-1.7778,-1.5785,-1.4703,-1.3265,-1.0156,-0.53305,-0.014498,0.37865,0.565,0.56878,0.47845,0.38706,0.3561,0.39358,0.46786,0.53187,0.54523,0.4842,0.36311,0.23624,0.19074,0.28109,0.48703,0.7253,0.91857,1.0361,1.0908,1.1144,1.1317,1.1443,1.1281,1.0518,0.90067,0.69502,0.4863,0.33556,0.28093,0.32084,0.41545,0.50442,0.5297,0.45912,0.29343,0.067399,-0.15978,-0.32536,-0.38737,-0.33783,-0.19549,0.0008334,0.20457,0.37026,0.4629,0.46783,0.39472,0.26935,0.11976,-0.042905,-0.21056,-0.38222,-0.55862
0.12463,-0.20276,-0.16138,0.051354,0.062834,-0.29039,-0.99702,-1.9932,-3.0651,-3.8496,-4.1796,-4.1906,-4.0527,-3.842,-3.5766,-3.259,-2.8968,-2.5079,-2.1289,-1.8186,-1.6269,-1.5279,-1.3985,-1.1067,-0.64272,-0.13963,0.24137,0.42222,0.43086,0.35603,0.28601,0.27204,0.32089,0.40923,0.50261,0.56431,0.5685,0.51496,0.44242,0.41551,0.48303,0.63405,0.80819,0.9445,1.0197,1.0494,1.0656,1.0917,1.1258,1.1393,1.0971,0.98008,0.80387,0.61741,0.47763,0.4221,0.4507,0.52469,0.58435,0.57644,0.46769,0.2649,0.010849,-0.23002,-0.39702,-0.45607,-0.40694,-0.26982,-0.082664,0.11257,0.27452,0.372,0.39347,0.348,0.25483,0.12892,-0.015972,-0.17832,-0.35518,-0.54151
-0.059695,-0.38067,-0.25846,0.057044,0.15061,-0.15314,-0.84414,-1.8674,-3.0115,-3.8808,-4.2573,-4.2671,-4.1061,-3.8731,-3.5945,-3.2739,-2.915,-2.5314,-2.1564,-1.8471,-1.6542,-1.555,-1.4312,-1.1569,-0.71955,-0.24612,0.1103,0.27976,0.29164,0.22868,0.17321,0.1703,0.23032,0.33919,0.4696,0.58626,0.65808,0.67471,0.65871,0.65654,0.70594,0.80195,0.90223,0.96506,0.98049,0.97065,0.97123,1.0026,1.0558,1.0966,1.0829,0.99419,0.84679,0.6866,0.56889,0.52487,0.5511,0.61211,0.65574,0.63097,0.51305,0.30769,0.053201,-0.19023,-0.36439,-0.43741,-0.40704,-0.30293,-0.15234,0.013545,0.16406,0.27204,0.32019,0.30581,0.23775,0.13003,-0.010552,-0.17544,-0.35715,-0.54757
-0.17778,-0.49191,-0.32045,0.054235,0.19656,-0.074005,-0.7482,-1.7798,-2.9668,-3.8986,-4.3165,-4.3326,-4.159,-3.9106,-3.6216,-3.2973,-2.9377,-2.5531,-2.1756,-1.8627,-1.6649,-1.5603,-1.4345,-1.1677,-0.75041,-0.30361,0.029157,0.18539,0.19395,0.13404,0.081017,0.082041,0.15116,0.28076,0.44256,0.60208,0.72286,0.78951,0.8139,0.83021,0.86702,0.92295,0.9677,0.97244,0.93712,0.89042,0.87087,0.89971,0.96478,1.0257,1.0357,0.96966,0.84193,0.70005,0.59583,0.56334,0.59922,0.66658,0.71227,0.69053,0.5747,0.3733,0.12611,-0.10993,-0.2836,-0.36828,-0.3656,-0.29246,-0.17277,-0.032116,0.10295,0.20773,0.26454,0.26625,0.21487,0.11502,-0.022657,-0.18878,-0.37377,-0.56755
-0.30482,-0.60858,-0.39094,0.036936,0.22666,-0.0029582,-0.64808,-1.6753,-2.902,-3.9098,-4.3898,-4.4245,-4.241,-3.9759,-3.6749,-3.3435,-2.9789,-2.5872,-2.2,-1.8766,-1.6677,-1.5497,-1.4113,-1.1431,-0.74746,-0.33866,-0.042975,0.084896,0.078667,0.012977,-0.042053,-0.039143,0.041096,0.19619,0.40043,0.61348,0.79528,0.92401,0.99854,1.0392,1.0615,1.0659,1.0344,0.95614,0.8476,0.74849,0.70263,0.72966,0.81001,0.89405,0.93001,0.89081,0.78959,0.67244,0.59052,0.57366,0.62005,0.69779,0.75892,0.75508,0.66935,0.50278,0.28713,0.070875,-0.10138,-0.20616,-0.24149,-0.22091,-0.15754,-0.064881,0.041718,0.14206,0.21272,0.23361,0.19428,0.096377,-0.049408,-0.23227,-0.43564,-0.64202
-0.37627,-0.67202,-0.4362,0.01234,0.2257,0.023949,-0.59406,-1.6066,-2.8479,-3.9032,-4.4326,-4.4891,-4.3047,-4.0315,-3.7234,-3.3866,-3.0158,-2.6153,-2.2167,-1.8807,-1.6577,-1.521,-1.3622,-1.0848,-0.70212,-0.32495,-0.067622,0.029254,0.0026641,-0.074165,-0.13435,-0.13375,-0.048211,0.1243,0.35905,0.6125,0.83863,1.0078,1.1158,1.1716,1.1856,1.1527,1.0636,0.92167,0.75626,0.6192,0.55831,0.58822,0.68207,0.78215,0.83143,0.80362,0.71463,0.60979,0.54359,0.54526,0.61006,0.70444,0.78216,0.80344,0.74439,0.61045,0.42851,0.23721,0.071822,-0.046892,-0.11305,-0.13228,-0.10826,-0.046567,0.040782,0.13137,0.19625,0.21078,0.16363,0.056459,-0.1033,-0.29364,-0.49835,-0.70378
-0.44001,-0.72567,-0.48687,-0.036366,0.19331,0.026043,-0.54902,-1.5284,-2.7691,-3.8715,-4.4663,-4.5615,-4.3858,-4.1091,-3.7954,-3.4518,-3.0699,-2.6522,-2.2315,-1.8713,-1.6201,-1.4471,-1.2495,-0.95225,-0.58629,-0.25634,-0.056305,-0.0080957,-0.069272,-0.1721,-0.25227,-0.26221,-0.1689,0.030485,0.30506,0.60089,0.86907,1.0792,1.221,1.2956,1.3024,1.2328,1.0832,0.86765,0.63028,0.43938,0.34945,0.37734,0.48897,0.61293,0.6874,0.68004,0.60398,0.50862,0.45016,0.46188,0.54451,0.66708,0.78308,0.84988,0.84532,0.76897,0.63911,0.48375,0.33057,0.19924,0.10011,0.034856,0.0066124,0.017357,0.064062,0.13123,0.18877,0.2018,0.14644,0.017572,-0.1666,-0.38877,-0.6247,-0.85174
-0.47,-0.74742,-0.52731,-0.10138,0.12936,-0.0074296,-0.53451,-1.4667,-2.6866,-3.8167,-4.4713,-4.6144,-4.4595,-4.1882,-3.8741,-3.5244,-3.127,-2.6831,-2.2289,-1.8323,-1.5421,-1.3242,-1.0828,-0.76562,-0.41683,-0.13621,0.0038768,-0.0023041,-0.10648,-0.24556,-0.35707,-0.38223,-0.28035,-0.052912,0.25322,0.57615,0.86763,1.1029,1.2728,1.3701,1.3793,1.2848,1.0802,0.79257,0.48794,0.24791,0.14342,0.18559,0.31986,0.46994,0.55734,0.5506,0.47038,0.37349,0.3165,0.33961,0.44323,0.59718,0.75677,0.87962,0.93905,0.92513,0.84651,0.72449,0.5843,0.44629,0.32081,0.22035,0.15129,0.1231,0.13846,0.18129,0.21527,0.20004,0.11163,-0.048715,-0.2691,-0.52096,-0.77888,-1.0211
-0.47349,-0.74469,-0.5504,-0.15762,0.064195,-0.052521,-0.54106,-1.4313,-2.624,-3.7623,-4.4558,-4.6377,-4.5058,-4.2449,-3.9343,-3.5808,-3.1693,-2.6998,-2.2125,-1.7812,-1.4562,-1.202,-0.92823,-0.5966,-0.26056,-0.016136,0.077485,0.025992,-0.1158,-0.28318,-0.41353,-0.44646,-0.3405,-0.10186,0.21662,0.54967,0.85066,1.0976,1.2819,1.3913,1.4037,1.2955,1.0617,0.73631,0.39423,0.13049,0.017262,0.062287,0.20951,0.36905,0.46522,0.4645,0.38492,0.2815,0.21944,0.24079,0.35173,0.52518,0.7167,0.8823,0.98889,1.024,0.98817,0.89371,0.76204,0.61685,0.47877,0.35615,0.26312,0.2098,0.19979,0.21953,0.23422,0.20118,0.091813,-0.097742,-0.34424,-0.62416,-0.90791,-1.1692
-0.45801,-0.72056,-0.57007,-0.23676,-0.038053,-0.13297,-0.56932,-1.396,-2.5399,-3.6738,-4.4093,-4.6446,-4.5514,-4.3136,-4.0135,-3.6569,-3.2239,-2.7133,-2.1725,-1.6853,-1.307,-1.0031,-0.69041,-0.34383,-0.028126,0.16803,0.20058,0.08964,-0.10027,-0.299,-0.44475,-0.48053,-0.37282,-0.13275,0.18357,0.51248,0.81091,1.0611,1.2556,1.3776,1.3984,1.2851,1.0327,0.67697,0.29965,0.0096943,-0.11518,-0.06429,0.10014,0.27769,0.38689,0.38971,0.30321,0.18461,0.10338,0.10976,0.22131,0.41918,0.65741,0.88114,1.0485,1.1322,1.1298,1.0571,0.93864,0.79738,0.64724,0.51053,0.39701,0.32089,0.28837,0.28383,0.26807,0.19701,0.045578,-0.18439,-0.47089,-0.78246,-1.0903,-1.3702
-0.42577,-0.67889,-0.57605,-0.31255,-0.14863,-0.22771,-0.61346,-1.3731,-2.4585,-3.5731,-4.3384,-4.6257,-4.5782,-4.3729,-4.0912,-3.7351,-3.2787,-2.7213,-2.1184,-1.5656,-1.1264,-0.77168,-0.427,-0.077906,0.20977,0.35696,0.33279,0.17275,-0.051513,-0.26853,-0.41571,-0.44553,-0.33329,-0.1029,0.19002,0.48586,0.75579,0.99248,1.1931,1.3357,1.3761,1.2738,1.014,0.63628,0.23594,-0.070834,-0.19367,-0.12635,0.055262,0.24992,0.36729,0.36887,0.27258,0.13804,0.033903,0.021309,0.12478,0.3292,0.58931,0.84997,1.0567,1.1821,1.2171,1.1697,1.0603,0.91502,0.76194,0.60991,0.48152,0.39271,0.34742,0.32566,0.28457,0.17983,-0.010393,-0.2779,-0.60119,-0.94169,-1.2692,-1.5619
