-0.035304,-0.26119,-0.64355,-0.93212,-0.88901,-0.43921,0.26681,0.97867,1.4928,1.7355,1.7567,1.6529,1.4844,1.2561,0.96056,0.62045,0.29992,0.078481,0.0015055,0.037472,0.09947,0.11705,0.075242,-0.0069786,-0.095042,-0.16674,-0.19245,-0.14813,-0.012251,0.19618,0.43376,0.63767,0.74749,0.72524,0.56976,0.33951,0.12856,0.032816,0.072301,0.20532,0.33839,0.39953,0.35833,0.24274,0.12833,0.093291,0.1851,0.37757,0.58562,0.7331,0.78427,0.7471,0.64925,0.51744,0.36368,0.19322,0.007131,-0.18874,-0.37935,-0.54191,-0.65205,-0.69452,-0.6781,-0.63808,-0.61791,-0.64228,-0.69954,-0.76847,-0.80594,-0.7855,-0.70573,-0.58745,-0.46005,-0.34715,-0.25967,-0.19579,-0.15134,-0.12148,-0.10166,-0.088704
-0.070731,-0.29019,-0.66633,-0.96537,-0.95721,-0.5558,0.11277,0.81739,1.3529,1.6301,1.6833,1.5992,1.4385,1.2096,0.9065,0.55156,0.21187,-0.028841,-0.12141,-0.095161,-0.036911,-0.018592,-0.057168,-0.13223,-0.217,-0.28491,-0.30737,-0.25212,-0.10271,0.12379,0.37549,0.5867,0.69974,0.68446,0.54902,0.35598,0.1928,0.13405,0.18948,0.30713,0.40683,0.42161,0.33879,0.19392,0.057543,0.01315,0.094448,0.27161,0.46629,0.59745,0.63697,0.59416,0.49812,0.37553,0.24361,0.10235,-0.054025,-0.22718,-0.40682,-0.56769,-0.68571,-0.73482,-0.71376,-0.65111,-0.59161,-0.56924,-0.5891,-0.62674,-0.6484,-0.6262,-0.55489,-0.45308,-0.34898,-0.26309,-0.20074,-0.15674,-0.12598,-0.1011,-0.081664,-0.06916
-0.11538,-0.31784,-0.67756,-0.98481,-1.0227,-0.69498,-0.090423,0.59363,1.1542,1.4802,1.5797,1.525,1.377,1.1501,0.84185,0.47514,0.11684,-0.14696,-0.26255,-0.25511,-0.20897,-0.19537,-0.23227,-0.29774,-0.37144,-0.4233,-0.42708,-0.34642,-0.17357,0.077142,0.34755,0.57035,0.69411,0.69174,0.58481,0.42965,0.312,0.28082,0.34496,0.44272,0.50398,0.47362,0.34677,0.16818,0.012287,-0.047477,0.020492,0.17569,0.33552,0.43389,0.44406,0.38302,0.28331,0.17362,0.065199,-0.042828,-0.15988,-0.29305,-0.43877,-0.58062,-0.68275,-0.71573,-0.66943,-0.57028,-0.46867,-0.40603,-0.39164,-0.41019,-0.42749,-0.41756,-0.37278,-0.30409,-0.2315,-0.17221,-0.13349,-0.11093,-0.097529,-0.088555,-0.079471,-0.068026
-0.14599,-0.33034,-0.67233,-0.98094,-1.0518,-0.78431,-0.23606,0.42397,0.9997,1.3626,1.4979,1.4663,1.329,1.1068,0.79956,0.43058,0.064463,-0.21304,-0.34603,-0.35509,-0.32092,-0.31434,-0.35402,-0.41896,-0.4833,-0.51774,-0.49305,-0.38213,-0.18035,0.087799,0.36381,0.58672,0.71541,0.72942,0.64878,0.52307,0.423,0.39549,0.44128,0.51437,0.54928,0.50507,0.37524,0.19908,0.046014,-0.025445,0.012938,0.12904,0.25011,0.31613,0.30495,0.23228,0.1307,0.028342,-0.059912,-0.13965,-0.22483,-0.32698,-0.44508,-0.55938,-0.6403,-0.65132,-0.57966,-0.45207,-0.32316,-0.24036,-0.21663,-0.23708,-0.26789,-0.27791,-0.25536,-0.21082,-0.16513,-0.13298,-0.11559,-0.10748,-0.0994,-0.085848,-0.069634,-0.056077
-0.18203,-0.3356,-0.64837,-0.95307,-1.0642,-0.87824,-0.41569,0.20094,0.79052,1.1994,1.3817,1.3816,1.2598,1.0463,0.74643,0.38425,0.018205,-0.26989,-0.42382,-0.45854,-0.44682,-0.45404,-0.49695,-0.55863,-0.60347,-0.60709,-0.53839,-0.38253,-0.13823,0.15054,0.42579,0.63874,0.75861,0.78532,0.73363,0.64689,0.56818,0.53803,0.55328,0.58758,0.59403,0.53651,0.41561,0.26382,0.12858,0.061184,0.070521,0.12959,0.18981,0.20099,0.15354,0.063321,-0.040288,-0.1298,-0.19628,-0.24322,-0.28714,-0.34379,-0.41553,-0.48538,-0.51916,-0.48524,-0.37605,-0.22387,-0.08363,0.001264,0.020437,-0.015511,-0.071887,-0.11908,-0.14094,-0.13858,-0.12492,-0.11377,-0.11116,-0.11036,-0.11024,-0.10513,-0.092843,-0.073825
-0.21223,-0.32874,-0.60626,-0.90033,-1.0466,-0.94113,-0.57203,-0.010234,0.58173,1.0291,1.255,1.2856,1.1789,0.97431,0.68652,0.34122,-0.010082,-0.29567,-0.46602,-0.53239,-0.55353,-0.57959,-0.61962,-0.65703,-0.66525,-0.62555,-0.51692,-0.32621,-0.060333,0.23438,0.50402,0.70409,0.81214,0.83582,0.79601,0.72642,0.66216,0.62812,0.62888,0.64172,0.63381,0.57881,0.47682,0.35208,0.24141,0.17248,0.1558,0.16927,0.17198,0.13818,0.060244,-0.040747,-0.13638,-0.20843,-0.24828,-0.26863,-0.28577,-0.31058,-0.34161,-0.36334,-0.34823,-0.27315,-0.1387,0.023152,0.1631,0.24114,0.24055,0.18339,0.092852,-1.4729e-05,-0.071753,-0.11449,-0.13512,-0.14544,-0.15169,-0.15442,-0.14643,-0.12594,-0.096294,-0.065029
-0.23069,-0.31623,-0.56344,-0.84597,-1.0142,-0.96632,-0.67,-0.15827,0.42585,0.89436,1.1491,1.2004,1.1042,0.90596,0.629,0.30134,-0.029395,-0.30233,-0.47803,-0.56681,-0.61435,-0.65563,-0.69141,-0.70249,-0.67606,-0.59795,-0.4589,-0.24861,0.017111,0.30103,0.55487,0.73967,0.84038,0.86115,0.82568,0.76009,0.70048,0.66343,0.65816,0.66153,0.64784,0.60087,0.5225,0.43047,0.34678,0.28416,0.24455,0.21707,0.18212,0.12191,0.036337,-0.062019,-0.15192,-0.21392,-0.24321,-0.24591,-0.2392,-0.23813,-0.24359,-0.23735,-0.19625,-0.097999,0.050213,0.2097,0.33192,0.38501,0.36486,0.28204,0.16765,0.05019,-0.048371,-0.11741,-0.15787,-0.17727,-0.18315,-0.1773,-0.16231,-0.14127,-0.11604,-0.087628
-0.24944,-0.2907,-0.49429,-0.75691,-0.94704,-0.96999,-0.77097,-0.33624,0.22125,0.7039,0.98704,1.0613,0.97807,0.78936,0.53003,0.23082,-0.064498,-0.30958,-0.47836,-0.58185,-0.65262,-0.7086,-0.73989,-0.72398,-0.65543,-0.52867,-0.34755,-0.11601,0.14148,0.39588,0.60851,0.75577,0.83672,0.85713,0.83251,0.78292,0.72964,0.6916,0.67167,0.66192,0.64719,0.61598,0.57022,0.51871,0.4667,0.4196,0.37214,0.31699,0.24936,0.16466,0.07059,-0.019344,-0.090953,-0.13424,-0.14749,-0.14008,-0.12267,-0.10236,-0.078616,-0.043301,0.023594,0.12787,0.26052,0.3927,0.48694,0.51546,0.46838,0.36737,0.22974,0.083173,-0.046427,-0.14262,-0.20209,-0.23091,-0.23662,-0.22433,-0.19823,-0.15968,-0.11324,-0.066378
-0.25905,-0.26595,-0.43507,-0.67934,-0.88074,-0.95012,-0.82185,-0.45272,0.071301,0.55155,0.84589,0.93256,0.8587,0.6797,0.438,0.1642,-0.1018,-0.32178,-0.47609,-0.57574,-0.64807,-0.70527,-0.73256,-0.70522,-0.61291,-0.45826,-0.25023,-0.0094991,0.24053,0.46802,0.64135,0.75193,0.80377,0.81642,0.79986,0.77037,0.73178,0.69877,0.67203,0.65458,0.64039,0.62363,0.60305,0.57793,0.54829,0.50964,0.46156,0.40151,0.32484,0.23932,0.14711,0.0617,-0.0018704,-0.035424,-0.038451,-0.019371,0.0084494,0.03602,0.064785,0.10702,0.1742,0.27354,0.39,0.49144,0.54628,0.5392,0.4739,0.36019,0.2215,0.078142,-0.051614,-0.15365,-0.22016,-0.25049,-0.25009,-0.22772,-0.18894,-0.14638,-0.10678,-0.071913
-0.26588,-0.22658,-0.34815,-0.56382,-0.77259,-0.89507,-0.85507,-0.58069,-0.12019,0.33586,0.62913,0.72358,0.6612,0.50054,0.28894,0.05601,-0.16791,-0.35198,-0.47814,-0.55514,-0.60833,-0.64918,-0.66077,-0.6182,-0.50405,-0.32868,-0.10914,0.12529,0.35087,0.53507,0.66049,0.72608,0.74299,0.73649,0.72431,0.71134,0.6985,0.68329,0.66862,0.65294,0.6383,0.62933,0.63047,0.63874,0.64217,0.62961,0.58911,0.52312,0.4456,0.36095,0.28334,0.2176,0.16924,0.1448,0.14611,0.16693,0.19729,0.22906,0.26106,0.30019,0.35219,0.41545,0.47861,0.52283,0.5307,0.49429,0.41444,0.30953,0.18564,0.056548,-0.061963,-0.15558,-0.21602,-0.24273,-0.24034,-0.21469,-0.17474,-0.1258,-0.073765,-0.025188
-0.26677,-0.18154,-0.25437,-0.43741,-0.64522,-0.80885,-0.84826,-0.67336,-0.29817,0.10771,0.38044,0.47185,0.41852,0.28174,0.10808,-0.076368,-0.25113,-0.39138,-0.4788,-0.51957,-0.53858,-0.54833,-0.53329,-0.4703,-0.34412,-0.16481,0.042773,0.25239,0.43329,0.56327,0.63764,0.6612,0.65722,0.64395,0.64119,0.6459,0.65831,0.66584,0.66712,0.65696,0.64239,0.63442,0.64135,0.66355,0.68979,0.70385,0.6962,0.6613,0.60192,0.53139,0.45774,0.39371,0.34972,0.32994,0.33545,0.35694,0.38266,0.40493,0.42371,0.44311,0.46597,0.48816,0.49484,0.47122,0.41497,0.33796,0.25874,0.17672,0.10006,0.027488,-0.04127,-0.10245,-0.14865,-0.1721,-0.16924,-0.14236,-0.10342,-0.058813,-0.016673,0.018082
-0.26369,-0.14514,-0.18105,-0.33719,-0.53945,-0.72549,-0.81741,-0.71746,-0.41925,-0.067992,0.17649,0.2586,0.21095,0.095065,-0.045863,-0.18964,-0.32185,-0.42196,-0.47335,-0.48102,-0.46875,-0.45088,-0.41547,-0.33853,-0.21051,-0.037413,0.15487,0.3395,0.48321,0.57137,0.60255,0.59298,0.57393,0.56653,0.57919,0.6092,0.64056,0.66358,0.66567,0.65129,0.63189,0.62424,0.64019,0.67755,0.7232,0.75835,0.77078,0.75466,0.71008,0.65127,0.58473,0.52185,0.47458,0.4528,0.45302,0.47146,0.49537,0.51367,0.52184,0.52253,0.51264,0.48523,0.43263,0.35451,0.26356,0.1798,0.11423,0.076839,0.05167,0.025765,-0.0069504,-0.042985,-0.072624,-0.086542,-0.081012,-0.060766,-0.027931,0.0082772,0.041996,0.069351
-0.25472,-0.095382,-0.08249,-0.19944,-0.38768,-0.59336,-0.74372,-0.74323,-0.5614,-0.30438,-0.11487,-0.05197,-0.089334,-0.17219,-0.26363,-0.34769,-0.41782,-0.45862,-0.45507,-0.41073,-0.34974,-0.29237,-0.23382,-0.15061,-0.032034,0.11989,0.28401,0.42898,0.52707,0.56664,0.55109,0.50856,0.46986,0.46391,0.494,0.55141,0.61004,0.65193,0.66332,0.64735,0.61969,0.60551,0.62553,0.68097,0.75345,0.82211,0.86067,0.86023,0.83014,0.77335,0.71236,0.65749,0.61524,0.58914,0.58457,0.58945,0.59362,0.58957,0.57432,0.54282,0.49296,0.41421,0.29847,0.15462,0.014354,-0.082377,-0.10967,-0.084576,-0.02735,0.032255,0.073404,0.089473,0.08662,0.077539,0.073634,0.083467,0.095816,0.11164,0.12734,0.13991
-0.24143,-0.046528,0.014636,-0.060817,-0.22854,-0.44221,-0.63881,-0.73262,-0.67802,-0.53822,-0.42219,-0.38286,-0.40347,-0.44097,-0.47183,-0.49122,-0.4994,-0.48389,-0.42767,-0.32998,-0.21614,-0.11589,-0.034727,0.045972,0.14447,0.26249,0.38485,0.48141,0.53231,0.52902,0.48579,0.43017,0.38938,0.38565,0.42624,0.49458,0.5704,0.62495,0.64823,0.63561,0.60531,0.58539,0.59944,0.65487,0.7417,0.83149,0.90365,0.93874,0.92574,0.88147,0.81505,0.74432,0.68495,0.64765,0.62802,0.62273,0.6191,0.60443,0.56911,0.50861,0.41031,0.2653,0.0788,-0.11881,-0.27584,-0.34533,-0.31686,-0.20244,-0.057134,0.07674,0.17372,0.22762,0.24764,0.24978,0.24717,0.2413,0.24228,0.23942,0.22964,0.21361
-0.22908,-0.012284,0.084236,0.041083,-0.10736,-0.32035,-0.54364,-0.70289,-0.74739,-0.70681,-0.65534,-0.63516,-0.63621,-0.62935,-0.60542,-0.5732,-0.53892,-0.4899,-0.40337,-0.27216,-0.12151,0.011193,0.1112,0.1911,0.27227,0.36045,0.44388,0.50064,0.51407,0.48044,0.42106,0.36159,0.32975,0.33847,0.38984,0.46378,0.5407,0.59579,0.61612,0.59984,0.56625,0.54443,0.56292,0.6305,0.73133,0.83949,0.92369,0.96232,0.95132,0.90182,0.83271,0.76191,0.70172,0.65725,0.63011,0.61151,0.58989,0.55561,0.50215,0.41886,0.29824,0.12924,-0.085828,-0.31306,-0.48739,-0.54606,-0.4669,-0.29698,-0.086844,0.10987,0.25866,0.34738,0.38288,0.38309,0.3672,0.35296,0.33118,0.31015,0.28998,0.2698
-0.21021,0.028728,0.16925,0.17057,0.052417,-0.15203,-0.40122,-0.63886,-0.81392,-0.91229,-0.95558,-0.96252,-0.92894,-0.84952,-0.74142,-0.63573,-0.54895,-0.46709,-0.35651,-0.1978,-0.012298,0.15526,0.27799,0.36001,0.42047,0.47051,0.50399,0.5091,0.47242,0.40072,0.31719,0.25384,0.2364,0.26932,0.33542,0.41593,0.48505,0.53037,0.53763,0.5147,0.48015,0.46742,0.50185,0.58646,0.70151,0.81721,0.9004,0.93329,0.91787,0.864,0.79609,0.72799,0.66549,0.61168,0.56632,0.52752,0.49076,0.44642,0.38056,0.27979,0.12704,-0.086928,-0.34507,-0.5927,-0.74947,-0.75404,-0.60819,-0.35599,-0.078398,0.16658,0.34733,0.457,0.50709,0.51766,0.50677,0.4815,0.45386,0.41753,0.37245,0.32241
-0.1941,0.054998,0.2257,0.26085,0.1686,-0.025337,-0.28723,-0.5762,-0.84373,-1.0453,-1.1618,-1.1889,-1.1258,-0.98634,-0.81044,-0.6474,-0.52148,-0.41975,-0.30235,-0.13865,0.057659,0.23983,0.37338,0.45639,0.50455,0.53001,0.53147,0.50005,0.4286,0.33106,0.23323,0.17053,0.16189,0.20388,0.27347,0.35009,0.41299,0.44977,0.45342,0.42993,0.40019,0.39602,0.43805,0.52602,0.64311,0.75356,0.83459,0.86885,0.84899,0.79789,0.72876,0.65681,0.59052,0.5334,0.48114,0.43329,0.38432,0.32644,0.24949,0.13771,-0.023398,-0.2418,-0.50263,-0.75037,-0.89846,-0.87921,-0.68737,-0.4,-0.08863,0.18696,0.39386,0.52324,0.58404,0.59512,0.57659,0.54715,0.50367,0.4559,0.40688,0.358
-0.16997,0.083166,0.28944,0.36977,0.31476,0.1401,-0.1317,-0.47872,-0.85553,-1.185,-1.394,-1.4458,-1.3419,-1.1234,-0.85971,-0.62044,-0.44158,-0.31666,-0.20246,-0.053119,0.13473,0.3196,0.46015,0.54406,0.5802,0.57755,0.54025,0.46249,0.34951,0.22016,0.10788,0.044538,0.042085,0.087181,0.15712,0.22411,0.2755,0.29806,0.29397,0.26845,0.24742,0.25565,0.31355,0.41706,0.53681,0.64611,0.71236,0.72089,0.68398,0.61794,0.55091,0.49377,0.44239,0.38758,0.32893,0.26834,0.21007,0.15112,0.077554,-0.029973,-0.19424,-0.42443,-0.69474,-0.93376,-1.0464,-0.9737,-0.73933,-0.41106,-0.076358,0.20829,0.41692,0.54743,0.61298,0.63253,0.62234,0.59179,0.54877,0.49322,0.42913,0.36315
-0.14206,0.1036,0.33846,0.46303,0.44724,0.29651,0.021482,-0.37033,-0.83733,-1.2757,-1.5644,-1.6337,-1.4885,-1.1978,-0.85648,-0.54965,-0.32425,-0.182,-0.082117,0.032619,0.1892,0.36227,0.50634,0.59426,0.62237,0.59624,0.52125,0.40263,0.25209,0.091499,-0.042769,-0.12107,-0.12964,-0.081294,-0.0058451,0.060046,0.096105,0.097322,0.072904,0.044806,0.038084,0.078057,0.16478,0.27894,0.39246,0.47273,0.5024,0.48061,0.42432,0.36219,0.31384,0.28041,0.24969,0.20786,0.15198,0.086431,0.020697,-0.041307,-0.10849,-0.20399,-0.35114,-0.55781,-0.79932,-1.0052,-1.083,-0.98064,-0.72771,-0.39874,-0.071594,0.20189,0.39939,0.52155,0.58297,0.60255,0.59554,0.5667,0.52754,0.47793,0.42026,0.35792
-0.11752,0.11438,0.36536,0.52117,0.53536,0.40481,0.13155,-0.28565,-0.80682,-1.3114,-1.6462,-1.7205,-1.5441,-1.2061,-0.81678,-0.47017,-0.21907,-0.070597,0.0126,0.093542,0.21657,0.37151,0.51271,0.60266,0.62745,0.58939,0.49399,0.35127,0.17495,-0.011362,-0.17193,-0.2716,-0.29235,-0.24343,-0.16473,-0.096327,-0.06744,-0.078583,-0.11547,-0.14707,-0.14311,-0.085337,0.018044,0.13811,0.2427,0.30085,0.30272,0.25638,0.18604,0.12852,0.097575,0.086893,0.076945,0.049829,-0.00024535,-0.062391,-0.12155,-0.17078,-0.22054,-0.29738,-0.42419,-0.61087,-0.82711,-0.99947,-1.0437,-0.92246,-0.67016,-0.36245,-0.064622,0.18117,0.35809,0.46819,0.52473,0.54401,0.53879,0.51778,0.48079,0.43171,0.37489,0.31607
-0.07848,0.124,0.3882,0.58142,0.63576,0.53394,0.26852,-0.17062,-0.74503,-1.3137,-1.6879,-1.7567,-1.5426,-1.1556,-0.72277,-0.3416,-0.069939,0.079175,0.13772,0.17206,0.24385,0.36284,0.48877,0.57633,0.59952,0.55427,0.44328,0.27625,0.067473,-0.15466,-0.35266,-0.48602,-0.53019,-0.49463,-0.42024,-0.35445,-0.3296,-0.3487,-0.39179,-0.42413,-0.40957,-0.33702,-0.21907,-0.092152,-0.0015089,0.030935,-0.007614,-0.097165,-0.18827,-0.24175,-0.23824,-0.20006,-0.16586,-0.16324,-0.19487,-0.24529,-0.29133,-0.32244,-0.34949,-0.39559,-0.49193,-0.63656,-0.79496,-0.90093,-0.89109,-0.75012,-0.5207,-0.26123,-0.026344,0.15573,0.27858,0.35099,0.38859,0.40564,0.40963,0.39757,0.37781,0.34496,0.30046,0.24875
-0.042817,0.12935,0.39603,0.61318,0.69653,0.61761,0.36262,-0.084859,-0.68402,-1.2809,-1.6667,-1.7228,-1.4857,-1.0786,-0.63083,-0.23867,0.039197,0.18599,0.22775,0.22913,0.26073,0.34668,0.45386,0.53463,0.55637,0.50912,0.39254,0.21315,-0.013713,-0.25863,-0.48229,-0.64406,-0.71728,-0.70436,-0.63739,-0.57081,-0.54211,-0.56314,-0.60922,-0.64077,-0.62028,-0.5334,-0.40642,-0.28502,-0.21114,-0.21239,-0.28638,-0.39986,-0.49784,-0.5331,-0.49797,-0.42498,-0.35837,-0.32834,-0.33936,-0.37373,-0.40486,-0.41683,-0.41695,-0.43498,-0.48977,-0.58715,-0.69578,-0.75664,-0.71933,-0.57974,-0.37703,-0.17159,0.0037002,0.13121,0.21032,0.25174,0.27046,0.27869,0.28167,0.28072,0.26645,0.24214,0.21047,0.17553
0.015581,0.13729,0.39549,0.63752,0.75651,0.70957,0.47385,0.02775,-0.5843,-1.1928,-1.571,-1.602,-1.3464,-0.93774,-0.49618,-0.10752,0.17123,0.31564,0.34032,0.30382,0.2841,0.32229,0.39734,0.46123,0.47683,0.42708,0.30734,0.12053,-0.11988,-0.38851,-0.64675,-0.85172,-0.96863,-0.98418,-0.9259,-0.85002,-0.81127,-0.82902,-0.88136,-0.92092,-0.89966,-0.81074,-0.68368,-0.57303,-0.52556,-0.56182,-0.67264,-0.81231,-0.91282,-0.92238,-0.84171,-0.71733,-0.60382,-0.53463,-0.51233,-0.51386,-0.51056,-0.48812,-0.45544,-0.43096,-0.44287,-0.48496,-0.52354,-0.51248,-0.42781,-0.28734,-0.13697,-0.0078031,0.074082,0.10745,0.10545,0.088288,0.074765,0.074698,0.086352,0.097565,0.10559,0.10241,0.087719,0.065302
0.088682,0.15011,0.38598,0.64236,0.79257,0.77839,0.56805,0.13798,-0.46505,-1.0591,-1.4074,-1.4111,-1.1536,-0.76993,-0.35973,0.0083648,0.2821,0.42772,0.44476,0.37985,0.3125,0.29963,0.33506,0.37365,0.37729,0.32424,0.20621,0.021095,-0.22404,-0.5085,-0.79522,-1.0363,-1.185,-1.2231,-1.1747,-1.1007,-1.0588,-1.0703,-1.1188,-1.1558,-1.1397,-1.0604,-0.95234,-0.86659,-0.84801,-0.91202,-1.0462,-1.1994,-1.2926,-1.2741,-1.1485,-0.97251,-0.80915,-0.6947,-0.63252,-0.60202,-0.57246,-0.52334,-0.45574,-0.39141,-0.33898,-0.30136,-0.26026,-0.19285,-0.094842,0.012377,0.099897,0.1374,0.12466,0.071648,-0.0012937,-0.06958,-0.11334,-0.12568,-0.11378,-0.089884,-0.070438,-0.059576,-0.056731,-0.058466
0.15428,0.16569,0.37569,0.63479,0.80489,0.8155,0.62907,0.21995,-0.36313,-0.93197,-1.2503,-1.2363,-0.98906,-0.63854,-0.26378,0.081055,0.3485,0.49809,0.51665,0.43824,0.33893,0.28582,0.28655,0.30207,0.29338,0.23607,0.12027,-0.060468,-0.30294,-0.58923,-0.88552,-1.142,-1.3117,-1.3699,-1.3326,-1.2569,-1.2033,-1.204,-1.2446,-1.2826,-1.2775,-1.2131,-1.125,-1.0634,-1.0656,-1.1527,-1.3007,-1.4506,-1.5261,-1.4773,-1.3215,-1.1191,-0.92979,-0.78676,-0.69454,-0.63219,-0.57195,-0.49529,-0.40246,-0.30573,-0.21664,-0.13812,-0.056347,0.041064,0.14634,0.23189,0.26554,0.24364,0.16415,0.046181,-0.08072,-0.18586,-0.24886,-0.2671,-0.25324,-0.22624,-0.19753,-0.17448,-0.15758,-0.14487
0.25686,0.19818,0.36201,0.61369,0.80379,0.84701,0.69753,0.32781,-0.21264,-0.73348,-1.0093,-0.98187,-0.76272,-0.46849,-0.15135,0.1569,0.4147,0.57257,0.60048,0.51494,0.38253,0.27784,0.22745,0.20616,0.17481,0.10643,-0.011791,-0.18748,-0.41884,-0.69184,-0.97788,-1.2344,-1.4197,-1.4985,-1.473,-1.3892,-1.3154,-1.2968,-1.3295,-1.3785,-1.3943,-1.3671,-1.314,-1.2799,-1.3067,-1.4007,-1.5433,-1.6746,-1.7188,-1.6381,-1.4522,-1.2219,-1.0035,-0.82734,-0.69671,-0.59835,-0.51011,-0.41305,-0.29845,-0.16888,-0.031066,0.11138,0.25092,0.37284,0.45582,0.48033,0.44044,0.33153,0.17602,-0.00068832,-0.16928,-0.3021,-0.38183,-0.40835,-0.39681,-0.36826,-0.33507,-0.30521,-0.2797,-0.25674
0.37669,0.24739,0.35299,0.58461,0.78582,0.85981,0.7523,0.43212,-0.050971,-0.51341,-0.74958,-0.72297,-0.54607,-0.31699,-0.062322,0.20715,0.45434,0.6226,0.66734,0.58718,0.43533,0.28701,0.18305,0.11454,0.04883,-0.038851,-0.16464,-0.33486,-0.5495,-0.79596,-1.049,-1.2784,-1.4463,-1.5235,-1.5049,-1.429,-1.356,-1.3263,-1.3465,-1.3855,-1.4113,-1.4072,-1.3932,-1.4005,-1.4498,-1.546,-1.6602,-1.7425,-1.7412,-1.6306,-1.4367,-1.2055,-0.97949,-0.78326,-0.62579,-0.49829,-0.38322,-0.26194,-0.12303,0.034447,0.20744,0.38088,0.53679,0.652,0.70269,0.67348,0.56226,0.39024,0.17947,-0.037621,-0.22755,-0.3656,-0.44445,-0.47413,-0.47259,-0.45431,-0.43218,-0.40626,-0.37629,-0.34269
0.47688,0.29658,0.35203,0.56015,0.76381,0.85893,0.78478,0.50765,0.075038,-0.33941,-0.55029,-0.53376,-0.39766,-0.22176,-0.015329,0.22515,0.46514,0.6437,0.70651,0.63895,0.48171,0.30596,0.16041,0.048662,-0.051083,-0.15942,-0.29154,-0.45486,-0.65052,-0.86768,-1.0846,-1.2775,-1.419,-1.4885,-1.4771,-1.412,-1.3389,-1.299,-1.3018,-1.3301,-1.3612,-1.3772,-1.3909,-1.4213,-1.4785,-1.5638,-1.6487,-1.6913,-1.6541,-1.527,-1.334,-1.1119,-0.8911,-0.69202,-0.51882,-0.37015,-0.23775,-0.10838,0.032814,0.20023,0.38346,0.57369,0.74097,0.84683,0.86184,0.77949,0.61931,0.40268,0.16792,-0.052403,-0.23331,-0.36098,-0.4351,-0.46724,-0.47417,-0.47129,-0.46047,-0.44414,-0.42116,-0.39087
0.62146,0.37822,0.36164,0.52754,0.72692,0.84644,0.81798,0.60378,0.24506,-0.10439,-0.28797,-0.29644,-0.22384,-0.12365,0.018079,0.22085,0.45449,0.65217,0.74601,0.70336,0.54674,0.33899,0.1379,-0.035618,-0.18615,-0.32815,-0.47171,-0.62438,-0.78588,-0.94951,-1.1028,-1.2315,-1.3298,-1.3833,-1.3809,-1.3263,-1.2519,-1.1991,-1.1845,-1.2061,-1.2405,-1.2803,-1.3205,-1.3679,-1.4275,-1.4834,-1.5155,-1.4974,-1.4147,-1.2717,-1.0886,-0.88773,-0.68634,-0.49295,-0.31972,-0.16752,-0.028853,0.11093,0.2669,0.44252,0.64184,0.83415,0.98116,1.0461,1.0086,0.87268,0.66066,0.41718,0.17663,-0.029756,-0.18282,-0.28083,-0.33817,-0.37522,-0.40627,-0.43364,-0.45458,-0.46075,-0.44918,-0.42242
0.73553,0.45024,0.37803,0.50606,0.69678,0.83157,0.83741,0.67315,0.37213,0.070338,-0.098409,-0.13276,-0.11366,-0.07364,0.019367,0.19555,0.42845,0.64546,0.76704,0.74601,0.5917,0.36214,0.12213,-0.094873,-0.28273,-0.4512,-0.60639,-0.75247,-0.8857,-1.0014,-1.095,-1.1662,-1.2221,-1.257,-1.2599,-1.2213,-1.1617,-1.1089,-1.0874,-1.0948,-1.1224,-1.1603,-1.209,-1.2683,-1.3266,-1.3642,-1.3563,-1.2903,-1.173,-1.023,-0.85921,-0.68871,-0.51225,-0.3333,-0.15855,0.005781,0.15682,0.30063,0.45103,0.6236,0.81094,0.99395,1.1303,1.1742,1.1017,0.92403,0.68449,0.42661,0.19768,0.023329,-0.093181,-0.16576,-0.21565,-0.2614,-0.31208,-0.36702,-0.41275,-0.44065,-0.4455,-0.42805
0.89047,0.55828,0.41289,0.48511,0.65771,0.80992,0.8615,0.76513,0.54025,0.29613,0.13721,0.059495,0.0030671,-0.039595,-0.0099662,0.13537,0.37364,0.62176,0.7827,0.79027,0.639,0.38368,0.099247,-0.16557,-0.39631,-0.59646,-0.76914,-0.90657,-1.0002,-1.0456,-1.0489,-1.0372,-1.0331,-1.049,-1.0662,-1.0613,-1.0253,-0.97446,-0.93356,-0.91685,-0.93166,-0.97213,-1.0342,-1.1028,-1.153,-1.16,-1.1037,-0.98708,-0.8356,-0.68251,-0.53957,-0.4019,-0.25808,-0.10248,0.062441,0.22459,0.3786,0.52852,0.68467,0.85299,1.0315,1.1917,1.2911,1.2907,1.1773,0.97156,0.71727,0.47427,0.27983,0.15054,0.078321,0.037166,-0.0035646,-0.064582,-0.1485,-0.24237,-0.32647,-0.38388,-0.40858,-0.40455
1.043,0.67498,0.46104,0.47514,0.62512,0.79199,0.88898,0.85867,0.70409,0.50655,0.34464,0.21541,0.081678,-0.039343,-0.067605,0.053742,0.30171,0.58138,0.77909,0.81221,0.66402,0.3883,0.069419,-0.22991,-0.49068,-0.71159,-0.88978,-1.011,-1.0597,-1.0339,-0.95823,-0.87396,-0.82423,-0.82556,-0.85852,-0.88125,-0.86458,-0.81708,-0.76216,-0.73229,-0.73853,-0.78781,-0.86137,-0.93374,-0.97595,-0.95147,-0.84867,-0.6857,-0.50808,-0.3558,-0.24293,-0.15211,-0.054194,0.072929,0.2261,0.39628,0.568,0.73287,0.89249,1.0525,1.2085,1.3396,1.4087,1.3797,1.2414,1.02,0.7727,0.55236,0.3996,0.32021,0.29037,0.27214,0.23162,0.15173,0.03618,-0.093732,-0.21409,-0.30378,-0.353,-0.36374
1.1516,0.76406,0.50379,0.47607,0.6078,0.78447,0.9151,0.93127,0.8233,0.65116,0.47981,0.30954,0.12001,-0.052669,-0.11836,-0.012537,0.23997,0.53763,0.75767,0.80798,0.66466,0.38017,0.044533,-0.27098,-0.54335,-0.76958,-0.9445,-1.0497,-1.0655,-0.99242,-0.86589,-0.73741,-0.65824,-0.64805,-0.6895,-0.73203,-0.73743,-0.69939,-0.64434,-0.60509,-0.60528,-0.65206,-0.7303,-0.80945,-0.84813,-0.80784,-0.67909,-0.49231,-0.30344,-0.16357,-0.078558,-0.020774,0.049182,0.15608,0.30933,0.48997,0.67575,0.85238,1.0172,1.1739,1.3157,1.425,1.4693,1.4195,1.2718,1.0567,0.82531,0.63768,0.52089,0.47196,0.4615,0.44932,0.40184,0.30463,0.16611,0.01161,-0.12955,-0.23453,-0.29468,-0.3143
1.2837,0.87813,0.56611,0.48817,0.59678,0.78659,0.95897,1.032,0.97517,0.82556,0.63433,0.41047,0.15445,-0.076734,-0.18362,-0.099583,0.14906,0.45877,0.70006,0.771,0.63902,0.35367,0.010023,-0.31124,-0.58277,-0.80072,-0.96118,-1.0428,-1.0226,-0.90109,-0.72005,-0.54443,-0.43261,-0.41247,-0.46505,-0.53519,-0.56687,-0.54074,-0.48193,-0.43262,-0.43111,-0.48675,-0.58389,-0.67932,-0.71769,-0.66015,-0.50181,-0.28948,-0.09637,0.026453,0.073053,0.080749,0.1034,0.18425,0.33295,0.53066,0.74529,0.95037,1.133,1.2886,1.4166,1.503,1.5246,1.4608,1.3123,1.1109,0.91261,0.76041,0.68102,0.66468,0.67485,0.66701,0.60808,0.48831,0.32252,0.14413,-0.018797,-0.14063,-0.21311,-0.24187
1.3947,0.97975,0.62923,0.51039,0.60024,0.80321,1.013,1.1342,1.1158,0.97662,0.76148,0.48974,0.18059,-0.095326,-0.2354,-0.17598,0.057523,0.36514,0.61665,0.70346,0.58563,0.30991,-0.026099,-0.33917,-0.59324,-0.7873,-0.92082,-0.97485,-0.92639,-0.77561,-0.56291,-0.35883,-0.22543,-0.19693,-0.25541,-0.3404,-0.386,-0.36696,-0.30939,-0.26516,-0.27449,-0.3534,-0.47363,-0.58279,-0.62372,-0.5508,-0.37308,-0.15055,0.035114,0.12565,0.1203,0.068106,0.040292,0.093471,0.24876,0.4806,0.74058,0.98583,1.1931,1.3574,1.4739,1.5384,1.5389,1.466,1.3281,1.1567,0.99364,0.88514,0.8412,0.84433,0.85675,0.83792,0.76108,0.62265,0.44179,0.2472,0.07898,-0.0451,-0.12099,-0.15669
1.4606,1.0433,0.673,0.53128,0.611,0.82369,1.0585,1.2088,1.2112,1.0733,0.83921,0.53729,0.19871,-0.10051,-0.26018,-0.21999,-0.003589,0.2932,0.54277,0.6352,0.52711,0.26315,-0.058406,-0.35473,-0.58551,-0.75335,-0.8596,-0.89139,-0.82554,-0.66443,-0.44555,-0.23243,-0.091316,-0.054278,-0.10888,-0.19556,-0.24808,-0.23662,-0.18423,-0.14406,-0.16257,-0.25557,-0.39504,-0.52224,-0.57068,-0.49561,-0.31238,-0.091301,0.080028,0.13906,0.093256,-0.0014106,-0.06554,-0.030945,0.12825,0.38182,0.67477,0.95518,1.1904,1.3657,1.4827,1.5388,1.5318,1.4609,1.3357,1.1832,1.0469,0.95491,0.9225,0.93434,0.9525,0.93446,0.85235,0.70392,0.51166,0.31567,0.14115,0.012137,-0.066845,-0.10365
1.5217,1.1056,0.72051,0.55942,0.63229,0.85801,1.1211,1.302,1.3222,1.1792,0.91921,0.58625,0.22472,-0.090471,-0.2661,-0.2501,-0.064192,0.20458,0.43669,0.52506,0.42488,0.17893,-0.11438,-0.37152,-0.55745,-0.68027,-0.74919,-0.75827,-0.68573,-0.52817,-0.31188,-0.091775,0.066332,0.12336,0.083239,-0.001932,-0.061751,-0.060538,-0.014216,0.020453,-0.011389,-0.12563,-0.29676,-0.45632,-0.52329,-0.45426,-0.26586,-0.045117,0.10316,0.11964,0.0074445,-0.16567,-0.29752,-0.29636,-0.1257,0.17844,0.53509,0.87013,1.1413,1.3366,1.4541,1.5024,1.4875,1.4162,1.3037,1.1773,1.0674,1.0062,0.9967,1.0175,1.0312,1.0013,0.90738,0.75303,0.56273,0.36802,0.20558,0.08872,0.017462,-0.018227
1.5451,1.1327,0.74362,0.57657,0.64908,0.88459,1.1662,1.3642,1.3909,1.2391,0.96023,0.61121,0.2447,-0.067938,-0.24575,-0.24668,-0.090553,0.14619,0.35458,0.43258,0.33564,0.10512,-0.16228,-0.38158,-0.52836,-0.61354,-0.65671,-0.65528,-0.59115,-0.44613,-0.23499,-0.0086146,0.17047,0.25119,0.22846,0.15078,0.088086,0.083316,0.11921,0.14064,0.095287,-0.038748,-0.22711,-0.39918,-0.47816,-0.41451,-0.23604,-0.032829,0.089896,0.067606,-0.092123,-0.31759,-0.49723,-0.5226,-0.34895,-0.015519,0.38492,0.76422,1.0694,1.2825,1.4049,1.4489,1.4297,1.3615,1.2592,1.1448,1.0524,0.99737,0.99058,1.0155,1.0357,1.012,0.92152,0.76798,0.57878,0.39525,0.23921,0.12915,0.064096,0.033436
1.5436,1.139,0.75313,0.58804,0.66519,0.91278,1.2141,1.4292,1.4573,1.2888,0.98645,0.62493,0.26873,-0.019889,-0.18681,-0.20918,-0.10272,0.07741,0.24353,0.30475,0.21679,0.013774,-0.21666,-0.39309,-0.49527,-0.5372,-0.54773,-0.53307,-0.4773,-0.34886,-0.14633,0.089605,0.29518,0.40937,0.41618,0.35293,0.28807,0.2707,0.29288,0.30439,0.24825,0.10151,-0.10663,-0.30275,-0.40334,-0.35925,-0.20064,-0.023766,0.062722,-0.0097495,-0.23197,-0.52823,-0.77401,-0.83965,-0.6629,-0.29084,0.16338,0.59407,0.93954,1.177,1.3104,1.3526,1.3221,1.2409,1.1342,1.0296,0.9493,0.91715,0.92976,0.96401,0.98424,0.95779,0.86935,0.72732,0.5591,0.3965,0.26865,0.18246,0.13306,0.10907
1.5038,1.1081,0.73426,0.58008,0.66527,0.92258,1.2382,1.4646,1.4885,1.3005,0.97641,0.61229,0.28454,0.03954,-0.10362,-0.14373,-0.092287,0.020453,0.136,0.18114,0.1104,-0.057158,-0.25014,-0.39868,-0.47203,-0.48637,-0.46925,-0.43975,-0.38091,-0.26253,-0.068041,0.17995,0.41199,0.56367,0.60397,0.55885,0.4939,0.46093,0.46813,0.46923,0.40748,0.25618,0.036945,-0.17964,-0.30499,-0.291,-0.15877,-0.0071145,0.046587,-0.064461,-0.34029,-0.70246,-1.0135,-1.1228,-0.95234,-0.54976,-0.0489,0.42527,0.80114,1.0562,1.19,1.2212,1.1746,1.078,0.95998,0.84905,0.77392,0.74773,0.77015,0.81802,0.85374,0.84253,0.76916,0.64497,0.50102,0.36971,0.27383,0.21807,0.19232,0.18148
1.4487,1.0598,0.69918,0.55732,0.64977,0.91196,1.2351,1.4663,1.4858,1.2829,0.94452,0.58461,0.28705,0.083075,-0.036151,-0.085016,-0.072,-0.0098852,0.065401,0.096308,0.038045,-0.10188,-0.26579,-0.3937,-0.45064,-0.45152,-0.4232,-0.38759,-0.32932,-0.21639,-0.020549,0.24331,0.50634,0.69299,0.75806,0.72248,0.65034,0.60334,0.5943,0.58361,0.51816,0.36527,0.14854,-0.067295,-0.20395,-0.21003,-0.10936,0.0092513,0.036038,-0.099029,-0.39563,-0.78076,-1.1192,-1.2523,-1.0949,-0.69325,-0.18316,0.30586,0.69732,0.95916,1.0962,1.1187,1.0497,0.92288,0.77902,0.65725,0.58122,0.57029,0.61059,0.67153,0.71547,0.71292,0.65453,0.55394,0.43964,0.33993,0.27331,0.23717,0.2217,0.21624
1.3427,0.96197,0.6229,0.50087,0.6022,0.86733,1.1954,1.4304,1.4442,1.2229,0.86869,0.52074,0.2701,0.12486,0.042364,-0.0099902,-0.036931,-0.032411,-0.007492,0.00062731,-0.047314,-0.15465,-0.28109,-0.37609,-0.41224,-0.399,-0.36661,-0.33081,-0.2788,-0.16692,0.045048,0.34079,0.6498,0.87746,0.96672,0.93169,0.83938,0.76608,0.73506,0.71802,0.65719,0.51697,0.30862,0.090814,-0.061077,-0.095451,-0.029865,0.052873,0.052171,-0.10542,-0.41943,-0.81962,-1.1734,-1.3268,-1.1822,-0.78424,-0.27301,0.2156,0.60116,0.85571,0.97106,0.96266,0.85663,0.69099,0.51198,0.36517,0.28633,0.28128,0.33643,0.41765,0.48393,0.50444,0.47139,0.40186,0.32673,0.27157,0.2474,0.25066,0.26715,0.28194
1.2405,0.86498,0.54457,0.43781,0.54366,0.80752,1.1356,1.3731,1.3832,1.1501,0.78709,0.45135,0.23802,0.1369,0.083363,0.03424,-0.012443,-0.040842,-0.047236,-0.054224,-0.09552,-0.18154,-0.28434,-0.35786,-0.38217,-0.36144,-0.32555,-0.28808,-0.23618,-0.1178,0.11057,0.43178,0.76626,1.0117,1.1088,1.0676,0.95982,0.86502,0.81867,0.79694,0.74217,0.61671,0.4217,0.20711,0.04671,-0.013242,0.023327,0.084029,0.068867,-0.08695,-0.39138,-0.77887,-1.1228,-1.2734,-1.1425,-0.76813,-0.28145,0.18743,0.55847,0.79562,0.89431,0.86038,0.71558,0.50247,0.28197,0.11477,0.033427,0.047114,0.12376,0.21916,0.29333,0.32361,0.31036,0.27316,0.23805,0.22403,0.23569,0.26096,0.28729,0.30611
1.078,0.70762,0.41351,0.32635,0.43409,0.69107,1.0154,1.2559,1.2642,1.019,0.64801,0.33031,0.1662,0.12194,0.10639,0.067127,0.0050863,-0.053428,-0.087692,-0.10308,-0.12825,-0.18514,-0.2627,-0.32337,-0.34333,-0.3196,-0.27456,-0.22639,-0.16194,-0.028431,0.21914,0.56516,0.9216,1.1797,1.2756,1.2186,1.085,0.95898,0.88931,0.85592,0.80886,0.7005,0.53092,0.3385,0.17905,0.10026,0.098809,0.12179,0.0901,-0.057684,-0.32821,-0.66722,-0.96588,-1.0935,-0.9745,-0.63708,-0.19476,0.2323,0.56444,0.76506,0.81979,0.73422,0.53285,0.26376,-0.0047529,-0.20344,-0.28643,-0.26274,-0.16786,-0.052986,0.038318,0.085251,0.094202,0.090672,0.10199,0.13846,0.19921,0.26779,0.32736,0.36614
0.89138,0.5243,0.25643,0.18644,0.29019,0.53407,0.8523,1.0966,1.1081,0.85727,0.48213,0.18396,0.066359,0.073239,0.092957,0.066363,-0.0025837,-0.078486,-0.12522,-0.1339,-0.13253,-0.15697,-0.21219,-0.26984,-0.29371,-0.27346,-0.22062,-0.15717,-0.069848,0.084127,0.34575,0.7029,1.0654,1.3251,1.4094,1.3264,1.1515,0.98314,0.88229,0.84304,0.81176,0.73537,0.59798,0.42711,0.27166,0.17723,0.14858,0.1457,0.10721,-0.024175,-0.25026,-0.52282,-0.75127,-0.83463,-0.71044,-0.40983,-0.025965,0.34143,0.62256,0.77736,0.7901,0.65655,0.39458,0.057178,-0.26863,-0.49402,-0.5777,-0.53098,-0.41345,-0.28648,-0.18997,-0.13431,-0.10416,-0.071567,-0.014212,0.07582,0.1772,0.27365,0.34986,0.39816
0.74065,0.37478,0.12578,0.066247,0.16247,0.39262,0.70496,0.95377,0.97194,0.7225,0.34857,0.06522,-0.021408,0.017985,0.060309,0.043979,-0.024945,-0.10544,-0.15259,-0.14998,-0.1264,-0.12692,-0.16557,-0.21822,-0.2437,-0.22647,-0.17377,-0.10156,0.0010446,0.17089,0.44468,0.80496,1.1641,1.4131,1.4777,1.3665,1.1553,0.95227,0.82653,0.78281,0.76593,0.71874,0.61134,0.45945,0.3095,0.20013,0.1524,0.14049,0.10468,0.0016409,-0.18228,-0.40485,-0.58378,-0.62997,-0.49996,-0.22023,0.12727,0.45471,0.69784,0.81693,0.79306,0.62087,0.31981,-0.054013,-0.40981,-0.65425,-0.73741,-0.68618,-0.56199,-0.43118,-0.33479,-0.27854,-0.23896,-0.18278,-0.09008,0.030653,0.16654,0.28925,0.38145,0.43607
0.53276,0.16712,-0.058595,-0.10881,-0.027476,0.17971,0.48424,0.74295,0.77689,0.53848,0.17348,-0.089653,-0.14324,-0.070731,-0.0057532,-0.0098182,-0.073013,-0.14826,-0.18446,-0.16181,-0.11165,-0.086176,-0.1059,-0.14758,-0.17197,-0.15546,-0.10271,-0.020044,0.09738,0.28503,0.57271,0.93176,1.2757,1.4929,1.5164,1.3552,1.094,0.84603,0.69182,0.64043,0.64188,0.62718,0.56153,0.44829,0.31589,0.20702,0.13987,0.10536,0.070213,-0.0074127,-0.13378,-0.2786,-0.38091,-0.37598,-0.2304,0.029418,0.33622,0.61629,0.81326,0.8909,0.82679,0.61235,0.26528,-0.15399,-0.54393,-0.8029,-0.89093,-0.83219,-0.7038,-0.57346,-0.47672,-0.41357,-0.35831,-0.27892,-0.15821,-0.00044112,0.15918,0.30082,0.40734,0.47134
0.32715,-0.039148,-0.24532,-0.29109,-0.22985,-0.047788,0.24998,0.52355,0.58254,0.36671,0.02163,-0.21922,-0.249,-0.15845,-0.083445,-0.082079,-0.13787,-0.19871,-0.21233,-0.16277,-0.087595,-0.043419,-0.052825,-0.090737,-0.11719,-0.10126,-0.040295,0.057767,0.19395,0.39715,0.68664,1.0319,1.3466,1.5229,1.4986,1.2827,0.96676,0.66919,0.48687,0.43488,0.45989,0.48719,0.46445,0.38332,0.26815,0.15506,0.074289,0.030369,0.0013262,-0.044949,-0.11925,-0.19934,-0.23725,-0.18461,-0.020582,0.22824,0.50478,0.74801,0.90964,0.95542,0.86255,0.6231,0.25589,-0.17902,-0.58355,-0.85886,-0.9552,-0.91015,-0.79104,-0.66567,-0.57131,-0.50629,-0.43976,-0.33675,-0.18479,-0.0031501,0.18135,0.33484,0.44082,0.49744
0.18165,-0.18593,-0.3799,-0.42521,-0.38059,-0.21763,0.076175,0.36602,0.44964,0.25839,-0.06487,-0.28681,-0.30408,-0.20997,-0.13705,-0.13886,-0.19238,-0.24117,-0.2339,-0.16067,-0.065461,-0.0086357,-0.01399,-0.056465,-0.089965,-0.079325,-0.012922,0.098442,0.25482,0.47095,0.75674,1.0841,1.3695,1.5148,1.4554,1.204,0.84738,0.51288,0.30253,0.24496,0.2873,0.34753,0.36054,0.30545,0.20244,0.085272,-0.005546,-0.053183,-0.076317,-0.096657,-0.13536,-0.17709,-0.1799,-0.098746,0.074755,0.32081,0.58643,0.81488,0.96115,0.99359,0.89005,0.63995,0.26159,-0.18274,-0.59147,-0.8668,-0.97383,-0.93341,-0.82254,-0.70446,-0.6105,-0.53765,-0.45951,-0.34696,-0.18916,0.0017583,0.18724,0.34494,0.4589,0.52379
0.0087718,-0.36087,-0.54225,-0.59002,-0.56746,-0.4262,-0.13336,0.18255,0.30649,0.15646,-0.12988,-0.32515,-0.33146,-0.24303,-0.18543,-0.20276,-0.26247,-0.30203,-0.27075,-0.16663,-0.043819,0.030734,0.031031,-0.017898,-0.06492,-0.067147,-0.003714,0.1193,0.2975,0.531,0.81804,1.126,1.376,1.4777,1.3696,1.0684,0.66135,0.28398,0.045648,-0.016544,0.045798,0.13723,0.18596,0.16312,0.077638,-0.031632,-0.12933,-0.19069,-0.21171,-0.21995,-0.22273,-0.21213,-0.16305,-0.050701,0.13897,0.37879,0.62644,0.83571,0.96735,0.99112,0.88478,0.64237,0.28197,-0.14184,-0.54178,-0.8289,-0.95269,-0.94262,-0.84936,-0.73437,-0.63587,-0.55629,-0.46933,-0.3443,-0.17264,0.02468,0.21737,0.37401,0.47954,0.53326
-0.099734,-0.47008,-0.6452,-0.69624,-0.68776,-0.55811,-0.26183,0.077303,0.23537,0.12101,-0.13439,-0.30999,-0.31356,-0.23662,-0.19939,-0.23747,-0.31097,-0.35151,-0.30678,-0.18025,-0.035913,0.052344,0.056448,0.0026142,-0.056852,-0.071898,-0.017911,0.10815,0.29633,0.54309,0.83848,1.1393,1.3695,1.4374,1.2922,0.94972,0.50867,0.106,-0.14094,-0.19799,-0.12386,-0.013862,0.05027,0.037378,-0.041926,-0.15383,-0.25335,-0.31076,-0.32492,-0.31282,-0.29451,-0.26581,-0.20232,-0.076989,0.11369,0.35153,0.59624,0.80346,0.93518,0.963,0.86481,0.63234,0.28468,-0.12179,-0.50177,-0.77555,-0.91092,-0.91246,-0.83861,-0.74092,-0.64915,-0.56455,-0.46712,-0.33464,-0.16206,0.034866,0.22075,0.37434,0.48264,0.54244
-0.2098,-0.57961,-0.74982,-0.80553,-0.80924,-0.68641,-0.37878,-0.0074625,0.19736,0.13377,-0.078865,-0.23221,-0.24097,-0.19001,-0.19015,-0.26744,-0.37248,-0.42564,-0.36879,-0.21227,-0.036383,0.070946,0.076464,0.0087228,-0.073925,-0.11226,-0.071866,0.056986,0.26288,0.53179,0.83821,1.131,1.3318,1.3604,1.1752,0.80118,0.33831,-0.081358,-0.34051,-0.40751,-0.33331,-0.21718,-0.13969,-0.1396,-0.21362,-0.32633,-0.43217,-0.49307,-0.49815,-0.46839,-0.42401,-0.36826,-0.28543,-0.15582,0.030458,0.2569,0.4906,0.69286,0.82867,0.86857,0.79486,0.60073,0.30085,-0.060878,-0.41538,-0.69104,-0.84178,-0.88019,-0.83327,-0.74733,-0.65692,-0.57002,-0.47024,-0.33564,-0.161,0.035454,0.22147,0.3728,0.47539,0.52736
-0.27589,-0.64306,-0.81123,-0.86943,-0.87482,-0.74565,-0.41942,-0.017183,0.23018,0.21549,0.043765,-0.095334,-0.12173,-0.11025,-0.16131,-0.29063,-0.44006,-0.51739,-0.45488,-0.2673,-0.054281,0.07622,0.082479,-0.0056643,-0.1188,-0.18844,-0.16582,-0.037656,0.18818,0.48222,0.80369,1.0939,1.2742,1.2774,1.0674,0.68035,0.21004,-0.21087,-0.47818,-0.55584,-0.494,-0.38875,-0.3199,-0.32655,-0.40476,-0.52119,-0.62793,-0.68214,-0.67095,-0.61361,-0.54037,-0.46593,-0.38144,-0.26413,-0.10164,0.10243,0.32395,0.52749,0.67709,0.74355,0.70493,0.55351,0.30322,-0.0058627,-0.31509,-0.5679,-0.73309,-0.79862,-0.79386,-0.75005,-0.6893,-0.61473,-0.51314,-0.37055,-0.18931,0.006559,0.19505,0.34528,0.44493,0.4941
-0.29605,-0.65929,-0.82729,-0.88412,-0.8824,-0.73922,-0.39485,0.027169,0.30052,0.31729,0.17161,0.037419,-0.011692,-0.041016,-0.13931,-0.31647,-0.50684,-0.60759,-0.54197,-0.32878,-0.084393,0.067832,0.079274,-0.020861,-0.1578,-0.25524,-0.25474,-0.1335,0.10107,0.41406,0.75348,1.05,1.2267,1.2166,0.99459,0.59916,0.13229,-0.27715,-0.53336,-0.6119,-0.56795,-0.48653,-0.44215,-0.46702,-0.55554,-0.67423,-0.77335,-0.81076,-0.77657,-0.69358,-0.60318,-0.52461,-0.44919,-0.35119,-0.21393,-0.031105,0.17809,0.38152,0.5453,0.63599,0.63763,0.53596,0.33569,0.065299,-0.2251,-0.48003,-0.65885,-0.75889,-0.78582,-0.76457,-0.7173,-0.65139,-0.5581,-0.42418,-0.24868,-0.048469,0.13912,0.2944,0.40234,0.45915
-0.28611,-0.641,-0.80794,-0.85797,-0.83555,-0.66305,-0.29192,0.14877,0.44471,0.49301,0.37262,0.23498,0.14488,0.047764,-0.12481,-0.37505,-0.62637,-0.76108,-0.69061,-0.44048,-0.15016,0.036347,0.061036,-0.047167,-0.21328,-0.35121,-0.3889,-0.28523,-0.043407,0.29521,0.65998,0.9677,1.1404,1.1188,0.89277,0.50902,0.074219,-0.30072,-0.53565,-0.62662,-0.62142,-0.58945,-0.58645,-0.63804,-0.73952,-0.85911,-0.94928,-0.96575,-0.89625,-0.77888,-0.65759,-0.56244,-0.49405,-0.43073,-0.33707,-0.19615,-0.010393,0.1943,0.38012,0.51443,0.56359,0.51529,0.37306,0.15939,-0.088157,-0.3278,-0.52813,-0.66668,-0.75105,-0.7925,-0.79935,-0.76846,-0.68705,-0.54615,-0.35515,-0.14699,0.055939,0.21908,0.32845,0.38388
-0.254,-0.60004,-0.76421,-0.80499,-0.76011,-0.55961,-0.16946,0.27862,0.58113,0.6428,0.53294,0.38503,0.25696,0.10236,-0.13361,-0.44362,-0.74249,-0.90231,-0.82623,-0.54437,-0.21436,0.0023043,0.040015,-0.071631,-0.25789,-0.4269,-0.49634,-0.41071,-0.16571,0.18947,0.56886,0.8821,1.0504,1.0286,0.81324,0.46075,0.064679,-0.2761,-0.50247,-0.60974,-0.63774,-0.6457,-0.67809,-0.75502,-0.86874,-0.98585,-1.0587,-1.0448,-0.94147,-0.789,-0.64609,-0.54862,-0.49712,-0.46216,-0.40864,-0.30513,-0.14353,0.058351,0.26521,0.43128,0.53215,0.53909,0.44308,0.25796,0.019237,-0.22865,-0.44815,-0.62514,-0.75218,-0.83329,-0.87099,-0.86039,-0.79095,-0.65672,-0.46787,-0.24832,-0.044197,0.12487,0.24513,0.31409
-0.1842,-0.51474,-0.67162,-0.69412,-0.61308,-0.37262,0.038395,0.48699,0.78589,0.85123,0.74411,0.57451,0.38859,0.1508,-0.17612,-0.57029,-0.936,-1.1296,-1.0399,-0.70546,-0.31331,-0.049771,0.010055,-0.10449,-0.31492,-0.52355,-0.63557,-0.58077,-0.34345,0.021038,0.41313,0.73314,0.90371,0.8905,0.70051,0.39603,0.060081,-0.22709,-0.43064,-0.55236,-0.62595,-0.69071,-0.77433,-0.88482,-1.008,-1.1115,-1.1514,-1.0941,-0.94456,-0.75722,-0.59557,-0.49874,-0.46813,-0.47555,-0.46906,-0.40375,-0.26116,-0.057648,0.16791,0.37682,0.52023,0.57472,0.52688,0.38133,0.16296,-0.089965,-0.3391,-0.56114,-0.74633,-0.89069,-0.98725,-1.0206,-0.97241,-0.83696,-0.63324,-0.4039,-0.18122,0.0010623,0.12885,0.20185
-0.090949,-0.40215,-0.54634,-0.54495,-0.42524,-0.14806,0.27619,0.7146,0.99816,1.055,0.93959,0.74221,0.49543,0.17211,-0.24796,-0.72911,-1.1634,-1.3882,-1.2771,-0.88016,-0.41805,-0.10229,-0.015515,-0.12887,-0.3577,-0.60065,-0.75439,-0.7365,-0.52323,-0.16926,0.22201,0.54246,0.72055,0.72163,0.56674,0.31434,0.048794,-0.17553,-0.3409,-0.46976,-0.58818,-0.714,-0.84813,-0.98154,-1.1004,-1.1777,-1.1805,-1.0832,-0.89881,-0.68424,-0.50634,-0.40748,-0.39217,-0.42945,-0.46763,-0.45002,-0.34111,-0.14405,0.10376,0.34643,0.54057,0.64206,0.62689,0.4964,0.27832,0.014841,-0.25895,-0.51501,-0.74445,-0.93997,-1.0855,-1.1556,-1.1275,-0.99923,-0.79693,-0.56237,-0.33772,-0.15204,-0.017536,0.065842
-0.010694,-0.30498,-0.43596,-0.414,-0.26663,0.033068,0.46067,0.88577,1.1522,1.1979,1.0722,0.85163,0.55966,0.17461,-0.31324,-0.85733,-1.3382,-1.5793,-1.4467,-1.0028,-0.4919,-0.14022,-0.033264,-0.14104,-0.37686,-0.63819,-0.81809,-0.82823,-0.63979,-0.30706,0.064835,0.37116,0.54426,0.55971,0.44325,0.25052,0.048852,-0.12717,-0.27411,-0.41343,-0.56257,-0.72316,-0.88416,-1.0275,-1.1359,-1.188,-1.1589,-1.033,-0.82983,-0.60587,-0.42701,-0.33434,-0.33133,-0.3868,-0.44627,-0.4483,-0.35347,-0.16248,0.088171,0.34565,0.55657,0.67717,0.68062,0.56452,0.35242,0.083646,-0.2022,-0.48077,-0.73701,-0.95808,-1.1257,-1.2156,-1.207,-1.0967,-0.90726,-0.68056,-0.45875,-0.2696,-0.12811,-0.037577
0.10409,-0.16505,-0.27412,-0.22323,-0.042565,0.27763,0.70148,1.1025,1.341,1.3675,1.2264,0.97492,0.62724,0.16682,-0.40234,-1.0172,-1.5429,-1.7882,-1.6194,-1.1227,-0.56599,-0.18159,-0.052746,-0.14641,-0.38043,-0.65241,-0.85621,-0.90146,-0.75638,-0.47321,-0.15311,0.11193,0.26627,0.30482,0.25352,0.15968,0.053029,-0.057574,-0.18666,-0.34443,-0.53132,-0.72887,-0.91113,-1.0531,-1.1356,-1.1479,-1.0775,-0.92412,-0.71266,-0.49363,-0.3238,-0.23883,-0.24284,-0.30831,-0.38395,-0.40689,-0.33345,-0.15878,0.084905,0.34673,0.56968,0.70704,0.72675,0.62184,0.41465,0.14694,-0.14267,-0.42228,-0.68223,-0.91459,-1.1028,-1.2195,-1.2388,-1.1563,-0.99571,-0.79813,-0.59794,-0.4259,-0.29399,-0.20325
0.22106,-0.020672,-0.10358,-0.023041,0.18455,0.51508,0.92683,1.2983,1.5057,1.511,1.3535,1.075,0.67966,0.15763,-0.47154,-1.1295,-1.6682,-1.8927,-1.6858,-1.1587,-0.58681,-0.19385,-0.055049,-0.13531,-0.35699,-0.62258,-0.83222,-0.90381,-0.81241,-0.60267,-0.36177,-0.15973,-0.030206,0.032546,0.052788,0.056398,0.044601,0.00096067,-0.099369,-0.26604,-0.48455,-0.71711,-0.91352,-1.0392,-1.0841,-1.0505,-0.94864,-0.78706,-0.58655,-0.38801,-0.23291,-0.15147,-0.15028,-0.20954,-0.28392,-0.32132,-0.27542,-0.1302,0.092529,0.34107,0.56607,0.71154,0.74076,0.64479,0.44563,0.18567,-0.089035,-0.35679,-0.59933,-0.80972,-0.98008,-1.0975,-1.1466,-1.1191,-1.0227,-0.87885,-0.72372,-0.57903,-0.46042,-0.37369
0.30682,0.086441,0.024806,0.12746,0.35066,0.68364,1.0816,1.4284,1.6115,1.6005,1.4314,1.1361,0.71297,0.15747,-0.49719,-1.1618,-1.6838,-1.8778,-1.6482,-1.1195,-0.55925,-0.1765,-0.038883,-0.11255,-0.32056,-0.57243,-0.77478,-0.85795,-0.80492,-0.65831,-0.48995,-0.34887,-0.24735,-0.16963,-0.09446,-0.016827,0.041616,0.045288,-0.030958,-0.19724,-0.43021,-0.68123,-0.88712,-1.0032,-1.0209,-0.95615,-0.83147,-0.66611,-0.48079,-0.30302,-0.1671,-0.096107,-0.093424,-0.1431,-0.20697,-0.23836,-0.20065,-0.080635,0.10807,0.33563,0.54001,0.67944,0.71548,0.63284,0.44864,0.20579,-0.048853,-0.28439,-0.49164,-0.67311,-0.83,-0.95375,-1.0288,-1.0434,-0.99917,-0.91378,-0.80219,-0.68718,-0.58353,-0.50001
0.41543,0.22349,0.19057,0.3204,0.55971,0.88954,1.2649,1.578,1.7293,1.6957,1.5126,1.2006,0.75289,0.1739,-0.48413,-1.1183,-1.582,-1.7212,-1.4782,-0.98214,-0.47027,-0.12246,0.0045778,-0.059079,-0.24229,-0.4659,-0.65029,-0.74053,-0.73016,-0.66513,-0.5972,-0.5484,-0.49913,-0.40857,-0.25849,-0.081961,0.062552,0.12041,0.065336,-0.10146,-0.34642,-0.60428,-0.80441,-0.89988,-0.88627,-0.79283,-0.65629,-0.50412,-0.35139,-0.21217,-0.098972,-0.02663,-0.0043125,-0.02563,-0.073843,-0.11411,-0.10667,-0.024691,0.13046,0.32292,0.5159,0.64685,0.67457,0.5883,0.41235,0.19397,-0.021018,-0.20353,-0.35085,-0.47549,-0.59098,-0.70218,-0.80255,-0.87876,-0.91919,-0.9177,-0.88159,-0.82439,-0.75843,-0.69262
0.49111,0.31967,0.30751,0.45521,0.70255,1.027,1.384,1.6724,1.8008,1.7512,1.5584,1.2386,0.7819,0.20218,-0.43511,-1.0188,-1.416,-1.5079,-1.2689,-0.82206,-0.36985,-0.064212,0.047704,-0.00675,-0.1658,-0.36062,-0.52543,-0.61558,-0.63328,-0.62527,-0.62964,-0.65062,-0.64011,-0.53901,-0.33638,-0.093278,0.104,0.19473,0.15115,-0.01508,-0.26247,-0.51931,-0.71037,-0.79097,-0.76051,-0.65605,-0.519,-0.38063,-0.25648,-0.14857,-0.058134,0.010096,0.048732,0.050973,0.029528,0.0012763,-0.0045577,0.039902,0.14683,0.30505,0.46677,0.58645,0.6179,0.54077,0.3742,0.16954,-0.015997,-0.15671,-0.25178,-0.32496,-0.40379,-0.50468,-0.62665,-0.75313,-0.85998,-0.92857,-0.95035,-0.92749,-0.87468,-0.81062
0.58293,0.43718,0.45021,0.61724,0.87121,1.1846,1.5162,1.7755,1.8769,1.8084,1.6047,1.2789,0.82259,0.26186,-0.32209,-0.81461,-1.11,-1.1414,-0.92166,-0.55936,-0.20554,0.029947,0.11442,0.07282,-0.050821,-0.2011,-0.32882,-0.4102,-0.46114,-0.52065,-0.61514,-0.71636,-0.74533,-0.62686,-0.36817,-0.059243,0.18968,0.31238,0.2886,0.13234,-0.10772,-0.3619,-0.54773,-0.61645,-0.57396,-0.45941,-0.32778,-0.21708,-0.13723,-0.074635,-0.012647,0.052949,0.1112,0.14874,0.15039,0.12762,0.10669,0.12003,0.18779,0.30146,0.43247,0.52296,0.52727,0.43121,0.26282,0.079899,-0.064037,-0.13836,-0.16082,-0.16924,-0.20236,-0.28467,-0.41962,-0.59025,-0.76627,-0.91488,-1.0097,-1.0498,-1.0436,-1.005
0.66348,0.54123,0.57542,0.75572,1.0111,1.3105,1.6184,1.8534,1.935,1.852,1.6402,1.312,0.86511,0.33911,-0.17321,-0.5638,-0.75938,-0.74053,-0.54863,-0.27511,-0.022975,0.13951,0.19475,0.16073,0.069364,-0.040418,-0.13362,-0.20414,-0.27636,-0.38443,-0.54224,-0.69394,-0.74116,-0.60379,-0.30614,0.036523,0.30857,0.4451,0.43472,0.29427,0.069499,-0.16787,-0.34323,-0.40849,-0.3658,-0.26009,-0.14912,-0.075932,-0.045517,-0.034242,-0.0035277,0.062897,0.15033,0.22419,0.26458,0.26043,0.229,0.20455,0.21958,0.28531,0.36998,0.42844,0.41023,0.29521,0.11294,-0.06839,-0.1805,-0.20229,-0.15664,-0.096136,-0.074777,-0.12935,-0.27025,-0.47959,-0.7172,-0.93314,-1.0946,-1.1818,-1.2005,-1.1703
0.71639,0.6101,0.6569,0.84282,1.095,1.3823,1.6747,1.8964,1.9687,1.8792,1.6626,1.3337,0.8962,0.40051,-0.053785,-0.36774,-0.49444,-0.44607,-0.27885,-0.070458,0.10847,0.21884,0.25476,0.22784,0.1597,0.075331,-0.0030215,-0.071625,-0.15536,-0.28645,-0.46589,-0.63296,-0.67827,-0.52487,-0.20674,0.14868,0.42393,0.56124,0.55052,0.41577,0.20221,-0.021145,-0.18494,-0.24702,-0.21064,-0.11925,-0.031342,0.011692,0.0052424,-0.015259,-0.0047221,0.057985,0.15771,0.2574,0.3192,0.32955,0.30049,0.2641,0.25435,0.28689,0.33722,0.35894,0.30384,0.15633,-0.046726,-0.2292,-0.32039,-0.30039,-0.20598,-0.10138,-0.047861,-0.084927,-0.22291,-0.443,-0.70371,-0.95562,-1.1489,-1.265,-1.3054,-1.2873
0.7771,0.69039,0.74866,0.93563,1.1772,1.4465,1.7214,1.9325,2.0008,1.9098,1.6897,1.359,0.93329,0.47676,0.097289,-0.12171,-0.16847,-0.090816,0.041177,0.16654,0.25303,0.29854,0.31292,0.30035,0.26406,0.21075,0.14679,0.075735,-0.022851,-0.17464,-0.3654,-0.5309,-0.55736,-0.37577,-0.037449,0.32465,0.59441,0.7232,0.7113,0.58429,0.3875,0.17587,0.014593,-0.054477,-0.032946,0.0401,0.1024,0.10716,0.052267,-0.017332,-0.039572,0.019013,0.14112,0.27599,0.37255,0.40375,0.37679,0.32569,0.28951,0.28226,0.29105,0.26405,0.15204,-0.054428,-0.30383,-0.50341,-0.57484,-0.50949,-0.35751,-0.19695,-0.097154,-0.1023,-0.22593,-0.45033,-0.73145,-1.0062,-1.2335,-1.3791,-1.4383,-1.4269
0.8271,0.75885,0.82219,1.0008,1.2244,1.4729,1.7356,1.9454,2.0199,1.9339,1.713,1.3789,0.96187,0.54088,0.22794,0.088111,0.10226,0.19644,0.29271,0.344,0.34918,0.33826,0.33546,0.33921,0.33522,0.31286,0.26891,0.19598,0.080079,-0.092896,-0.29431,-0.44217,-0.42739,-0.20392,0.1547,0.50612,0.75489,0.8664,0.85252,0.73731,0.55529,0.35688,0.19525,0.11322,0.1166,0.16492,0.19796,0.16602,0.06733,-0.045239,-0.095454,-0.041121,0.098707,0.26307,0.39257,0.45129,0.44021,0.38802,0.33093,0.29079,0.24615,0.15634,-0.020655,-0.28751,-0.58379,-0.80529,-0.87039,-0.76893,-0.5696,-0.36476,-0.23139,-0.21423,-0.3231,-0.53588,-0.80632,-1.0837,-1.3076,-1.4518,-1.5145,-1.5126
0.85808,0.80358,0.86583,1.0317,1.2361,1.4681,1.7252,1.941,2.0257,1.9471,1.726,1.3889,0.97706,0.58033,0.30998,0.21622,0.26077,0.35709,0.42558,0.42851,0.38292,0.33851,0.329,0.34932,0.37064,0.37107,0.34053,0.26348,0.12796,-0.064239,-0.27542,-0.40587,-0.35238,-0.088552,0.28956,0.64087,0.87652,0.97339,0.94804,0.82927,0.65124,0.45998,0.30354,0.21852,0.20875,0.23986,0.25196,0.19715,0.072629,-0.064693,-0.13335,-0.085461,0.061297,0.2449,0.39238,0.46629,0.46534,0.41751,0.35759,0.29761,0.22869,0.10082,-0.1261,-0.4458,-0.78447,-1.0276,-1.0918,-0.97866,-0.76281,-0.53943,-0.38439,-0.34189,-0.42373,-0.61175,-0.86412,-1.1209,-1.3445,-1.4988,-1.5732,-1.5761
0.89145,0.85537,0.91012,1.0491,1.2204,1.4301,1.6856,1.9178,2.0234,1.9567,1.7351,1.3934,0.98742,0.6187,0.39292,0.34135,0.40688,0.49458,0.52636,0.47523,0.37787,0.30526,0.29951,0.34629,0.40009,0.42494,0.39938,0.30864,0.14535,-0.071835,-0.28672,-0.39021,-0.28377,0.034712,0.44248,0.8022,1.0254,1.1034,1.0586,0.92978,0.75418,0.56852,0.414,0.32148,0.29837,0.31342,0.30972,0.23559,0.085732,-0.082586,-0.17735,-0.13938,0.015866,0.21573,0.38866,0.4866,0.50318,0.46177,0.39349,0.31612,0.20695,0.030718,-0.24488,-0.60869,-0.98393,-1.253,-1.3327,-1.2225,-1.0036,-0.77353,-0.60798,-0.54808,-0.60187,-0.75019,-0.95544,-1.1775,-1.3679,-1.502,-1.5722,-1.5854
0.911,0.88883,0.93327,1.0453,1.1868,1.3793,1.6386,1.8895,2.0151,1.9579,1.7357,1.3904,0.98797,0.63503,0.43133,0.39784,0.46848,0.54515,0.55167,0.46822,0.34389,0.26138,0.26515,0.33203,0.40788,0.44719,0.41966,0.31598,0.13368,-0.1009,-0.31274,-0.39304,-0.24632,0.1065,0.53457,0.89211,1.1056,1.1712,1.1213,0.99187,0.81685,0.63029,0.47106,0.37383,0.3477,0.36035,0.35353,0.27267,0.11021,-0.071528,-0.17901,-0.15033,0.00088439,0.20445,0.38284,0.48895,0.51489,0.48198,0.41863,0.33631,0.21772,0.022919,-0.27783,-0.66714,-1.0627,-1.3481,-1.4441,-1.3582,-1.1653,-0.95262,-0.7866,-0.70577,-0.72283,-0.82806,-0.99396,-1.1776,-1.3518,-1.4849,-1.5615,-1.5811
0.92975,0.9272,0.95298,1.0196,1.1153,1.2859,1.5565,1.8395,1.9949,1.9513,1.7277,1.3789,0.97991,0.63807,0.44926,0.42625,0.49679,0.55912,0.53816,0.42176,0.27197,0.18267,0.19951,0.28978,0.39293,0.45291,0.43446,0.32137,0.11749,-0.14333,-0.36486,-0.42392,-0.23134,0.16702,0.62357,0.98465,1.1893,1.2409,1.1785,1.0406,0.8608,0.67576,0.52308,0.43544,0.41609,0.43681,0.43339,0.35089,0.18504,-0.0093556,-0.13439,-0.1242,0.011805,0.20562,0.38047,0.48808,0.51976,0.49544,0.44064,0.36233,0.24265,0.04464,-0.25686,-0.64313,-1.0384,-1.3381,-1.4727,-1.4391,-1.2965,-1.1198,-0.96977,-0.88203,-0.8685,-0.92299,-1.0279,-1.1624,-1.2972,-1.4097,-1.4853,-1.5188
0.93969,0.95911,0.96198,0.97422,1.0189,1.1689,1.4575,1.7781,1.9645,1.9337,1.7103,1.3601,0.96306,0.62387,0.43596,0.41306,0.47963,0.53051,0.49044,0.35173,0.18541,0.094284,0.12482,0.23937,0.3683,0.45046,0.44911,0.3348,0.11053,-0.17611,-0.42171,-0.47248,-0.24767,0.19525,0.6783,1.0555,1.2581,1.2978,1.2176,1.0657,0.88273,0.7051,0.5665,0.49215,0.4884,0.5184,0.52651,0.45837,0.30104,0.10899,-0.028533,-0.044295,0.060668,0.2257,0.38122,0.48001,0.51227,0.49536,0.45221,0.39085,0.28841,0.11275,-0.15919,-0.5118,-0.88156,-1.1832,-1.3541,-1.3929,-1.3325,-1.2199,-1.0972,-0.99669,-0.94021,-0.93846,-0.9897,-1.0794,-1.1889,-1.2963,-1.3834,-1.4397
0.94113,0.9789,0.96313,0.9309,0.93537,1.0711,1.376,1.7262,1.9346,1.9127,1.6912,1.3425,0.94721,0.6067,0.41333,0.384,0.44488,0.4896,0.44148,0.29481,0.12543,0.039312,0.081817,0.21385,0.35784,0.45213,0.45515,0.33848,0.10329,-0.19389,-0.44197,-0.48238,-0.23592,0.2249,0.71403,1.0883,1.2836,1.3171,1.233,1.0789,0.89755,0.72075,0.58854,0.52956,0.54333,0.59561,0.62305,0.56889,0.4206,0.2298,0.082975,0.045982,0.12102,0.25745,0.38599,0.46512,0.48781,0.47305,0.44359,0.40137,0.32905,0.18829,-0.046757,-0.36447,-0.70908,-1.0054,-1.2021,-1.2851,-1.2747,-1.2059,-1.1125,-1.0214,-0.95374,-0.92492,-0.94308,-1.0077,-1.1021,-1.2059,-1.2977,-1.3614
0.93489,0.99933,0.9585,0.86553,0.81539,0.93539,1.2645,1.6527,1.8874,1.8758,1.6589,1.3168,0.9261,0.58218,0.37613,0.33134,0.38188,0.42384,0.37905,0.24053,0.083039,0.009355,0.061773,0.2024,0.35303,0.45412,0.45722,0.34123,0.10836,-0.18216,-0.40573,-0.42403,-0.16269,0.28692,0.75704,1.1029,1.2801,1.3079,1.2279,1.0851,0.91384,0.7546,0.64334,0.6075,0.64368,0.71871,0.76727,0.73236,0.60157,0.41206,0.24706,0.17421,0.2049,0.29476,0.38775,0.44339,0.4556,0.44341,0.42865,0.41725,0.38182,0.28767,0.1102,-0.14382,-0.43443,-0.70854,-0.92439,-1.0639,-1.1291,-1.1271,-1.071,-0.98375,-0.89686,-0.84096,-0.83496,-0.8792,-0.96609,-1.0722,-1.1753,-1.2591
0.92332,1.0095,0.95085,0.81337,0.72386,0.83487,1.1832,1.5972,1.8476,1.8423,1.6303,1.2958,0.91202,0.56612,0.34859,0.29017,0.33295,0.3778,0.34756,0.23111,0.094034,0.029385,0.077453,0.20587,0.34967,0.45156,0.46328,0.36066,0.14747,-0.12189,-0.32436,-0.33228,-0.085129,0.33401,0.77331,1.0986,1.2691,1.2975,1.2271,1.0977,0.94151,0.80115,0.70605,0.67949,0.72723,0.80601,0.86353,0.84433,0.72544,0.54515,0.37472,0.27926,0.27619,0.3312,0.39351,0.42641,0.42469,0.40874,0.40305,0.4125,0.41179,0.36486,0.23936,0.030859,-0.23037,-0.49473,-0.71755,-0.88237,-0.97641,-1.0028,-0.97264,-0.9051,-0.82689,-0.76763,-0.75116,-0.79106,-0.87289,-0.9805,-1.0912,-1.1847
0.89792,1.0149,0.93518,0.74328,0.60713,0.71119,1.0846,1.5269,1.7929,1.7936,1.5892,1.2689,0.89821,0.55312,0.32286,0.2478,0.28459,0.34179,0.34242,0.26766,0.16491,0.10769,0.135,0.23049,0.35457,0.45575,0.49003,0.42053,0.24824,0.0203,-0.15805,-0.16256,0.049297,0.41624,0.7983,1.091,1.25,1.2856,1.2358,1.128,0.9993,0.86953,0.78389,0.77145,0.82721,0.92348,0.99541,0.98579,0.87632,0.69732,0.51859,0.40108,0.36215,0.37744,0.40036,0.40329,0.38785,0.37653,0.38993,0.42755,0.46388,0.45424,0.36948,0.20879,-0.0023854,-0.22895,-0.4434,-0.61712,-0.74485,-0.81462,-0.8202,-0.7723,-0.70127,-0.64564,-0.63493,-0.67647,-0.76656,-0.88418,-1.0043,-1.1058
0.86058,1.0082,0.9129,0.67558,0.50425,0.60898,1.0067,1.4685,1.7416,1.7437,1.5467,1.2435,0.89044,0.55156,0.31568,0.23353,0.27496,0.35428,0.39205,0.35857,0.28329,0.22526,0.22607,0.2883,0.38919,0.48776,0.53932,0.505,0.37676,0.19953,0.062777,0.066458,0.2473,0.54445,0.84713,1.0734,1.1961,1.2369,1.2155,1.1566,1.0701,0.97988,0.91255,0.89616,0.93917,1.018,1.0811,1.0746,0.97436,0.80281,0.61818,0.48081,0.41695,0.40634,0.41544,0.41258,0.3918,0.37302,0.38334,0.43183,0.49017,0.52147,0.48457,0.36285,0.17398,-0.042149,-0.24372,-0.4179,-0.54274,-0.61283,-0.6313,-0.61146,-0.57651,-0.55337,-0.56318,-0.61493,-0.70555,-0.81564,-0.92762,-1.0273
0.82467,0.99458,0.89114,0.62818,0.44085,0.55241,0.96628,1.4364,1.7076,1.7063,1.5131,1.2234,0.88678,0.55678,0.3228,0.24437,0.29834,0.40039,0.46687,0.45923,0.39598,0.33051,0.30952,0.34907,0.43284,0.52819,0.58931,0.58131,0.49148,0.35939,0.26216,0.27139,0.41406,0.63633,0.86424,1.0357,1.1424,1.1969,1.2137,1.1986,1.1464,1.0803,1.0179,0.98829,1.0134,1.0647,1.1063,1.0906,0.98926,0.82695,0.65454,0.52375,0.45604,0.43923,0.43592,0.42284,0.40076,0.39085,0.41443,0.47044,0.53766,0.56857,0.5291,0.41388,0.24585,0.058611,-0.12411,-0.277,-0.39953,-0.48467,-0.52667,-0.52966,-0.5124,-0.50237,-0.52302,-0.58205,-0.67492,-0.78811,-0.90152,-0.99706
0.7666,0.96364,0.85465,0.57073,0.37874,0.5094,0.94277,1.4138,1.6719,1.6574,1.4654,1.194,0.88255,0.57315,0.35094,0.2868,0.36682,0.50531,0.60942,0.62921,0.57265,0.48942,0.43467,0.44037,0.50234,0.59508,0.67597,0.70781,0.67542,0.60191,0.54081,0.54004,0.6125,0.7315,0.86059,0.97549,1.0779,1.1629,1.2333,1.2635,1.2511,1.1905,1.1198,1.0757,1.0689,1.0971,1.115,1.0783,0.97102,0.80831,0.64214,0.52157,0.46629,0.45927,0.47193,0.4758,0.46571,0.45816,0.47525,0.52478,0.58036,0.60845,0.57357,0.46344,0.29722,0.11307,-0.051252,-0.19115,-0.29486,-0.36478,-0.40778,-0.43415,-0.45661,-0.48754,-0.53527,-0.60146,-0.68778,-0.77893,-0.86534,-0.93986
0.69891,0.91768,0.80894,0.52058,0.34478,0.50666,0.95769,1.4199,1.6514,1.6136,1.4167,1.1625,0.88161,0.60364,0.40675,0.36584,0.47354,0.64442,0.77789,0.81411,0.75467,0.64979,0.56318,0.53839,0.58567,0.68177,0.78737,0.85739,0.87219,0.83916,0.78944,0.76129,0.76755,0.8035,0.85111,0.91379,0.99394,1.1003,1.2066,1.2908,1.3222,1.2973,1.232,1.1591,1.1074,1.0788,1.0496,0.98536,0.86819,0.71669,0.57354,0.48062,0.45275,0.4742,0.5098,0.53471,0.54385,0.55178,0.57626,0.6171,0.6584,0.65786,0.58723,0.44888,0.2747,0.1036,-0.044865,-0.15545,-0.24384,-0.31864,-0.3829,-0.43724,-0.48431,-0.5302,-0.58184,-0.64568,-0.71112,-0.77966,-0.84453,-0.89889
0.6437,0.87356,0.76847,0.48783,0.3376,0.53079,0.99411,1.4436,1.6488,1.5869,1.381,1.1375,0.88126,0.63378,0.46455,0.4463,0.57252,0.75861,0.90229,0.94086,0.87443,0.75569,0.65426,0.61944,0.6643,0.76598,0.88429,0.97361,1.0106,0.99475,0.94679,0.89432,0.84858,0.81656,0.80345,0.82972,0.90795,1.0375,1.1827,1.3061,1.3646,1.3551,1.2868,1.1926,1.1091,1.0373,0.96604,0.87148,0.74226,0.59784,0.47973,0.42085,0.42714,0.47811,0.54156,0.59017,0.6176,0.63448,0.65574,0.68699,0.70658,0.6858,0.59861,0.44288,0.24728,0.056236,-0.093893,-0.20544,-0.28386,-0.34526,-0.40337,-0.46559,-0.53245,-0.59961,-0.66148,-0.71202,-0.76052,-0.80032,-0.83201,-0.85606
0.56733,0.80379,0.70704,0.45041,0.35021,0.59312,1.0722,1.5002,1.6646,1.5639,1.3393,1.1045,0.88135,0.67993,0.55647,0.57276,0.71816,0.90993,1.0497,1.0778,0.99757,0.86759,0.76237,0.73198,0.78478,0.89697,1.0238,1.1257,1.1729,1.1606,1.1014,1.007,0.88993,0.76683,0.67919,0.6709,0.76871,0.94193,1.1424,1.3017,1.3841,1.3706,1.2869,1.1706,1.0483,0.9379,0.82734,0.70035,0.55571,0.41847,0.32422,0.30146,0.35228,0.45169,0.55995,0.64779,0.70385,0.73771,0.76592,0.7899,0.7965,0.74906,0.6209,0.4183,0.18376,-0.02966,-0.19386,-0.30107,-0.37934,-0.45188,-0.52949,-0.60998,-0.68365,-0.74078,-0.7771,-0.79853,-0.79944,-0.79516,-0.79101,-0.78827
0.51156,0.74543,0.65683,0.42694,0.37335,0.65842,1.1494,1.5599,1.692,1.559,1.314,1.0805,0.87986,0.71358,0.62771,0.67125,0.82763,1.0158,1.1428,1.1545,1.061,0.92639,0.82647,0.80709,0.87219,0.99504,1.1303,1.2367,1.2818,1.2567,1.1693,1.0291,0.85621,0.67809,0.55298,0.53389,0.64339,0.84227,1.0666,1.2487,1.3458,1.3437,1.2595,1.1284,0.98257,0.8396,0.69633,0.54242,0.38392,0.24842,0.17571,0.18957,0.28152,0.4173,0.55846,0.67448,0.75575,0.80947,0.84752,0.87261,0.86756,0.80181,0.65148,0.42085,0.15013,-0.10311,-0.29706,-0.42911,-0.5174,-0.58877,-0.66173,-0.74003,-0.81389,-0.86754,-0.88937,-0.87439,-0.84446,-0.80385,-0.76168,-0.72258
0.44493,0.6643,0.58746,0.4026,0.41921,0.76253,1.27,1.6577,1.7476,1.5683,1.2886,1.0485,0.87336,0.75264,0.71542,0.7932,0.96099,1.1385,1.2402,1.2229,1.109,0.97178,0.88697,0.89119,0.9801,1.1201,1.2668,1.3736,1.4067,1.3497,1.2032,0.98451,0.72391,0.47906,0.3215,0.31495,0.45257,0.6823,0.92371,1.1196,1.2281,1.2378,1.1608,1.0252,0.86158,0.68516,0.49926,0.30869,0.1327,0.0068565,-0.03178,0.026649,0.1631,0.34203,0.52267,0.67654,0.79273,0.87595,0.93613,0.97328,0.97098,0.89702,0.72452,0.45652,0.13608,-0.17282,-0.42347,-0.59845,-0.72267,-0.82401,-0.91729,-0.99873,-1.0521,-1.0616,-1.0232,-0.95176,-0.85365,-0.7568,-0.6742,-0.60961
0.39492,0.58708,0.52076,0.3874,0.47792,0.87832,1.401,1.7689,1.8195,1.5922,1.2711,1.0156,0.86121,0.78476,0.79283,0.89801,1.069,1.2282,1.2977,1.2462,1.1108,0.97654,0.91836,0.96038,1.0813,1.2398,1.3905,1.4874,1.4966,1.3966,1.186,0.88411,0.53294,0.21497,0.029204,0.03768,0.21508,0.47809,0.74156,0.94472,1.055,1.063,0.98473,0.84802,0.67868,0.49204,0.29267,0.088175,-0.096906,-0.21817,-0.24096,-0.15649,0.012933,0.22637,0.44355,0.63624,0.79208,0.91331,1.0069,1.0716,1.0875,1.0219,0.84437,0.55045,0.17724,-0.20741,-0.5384,-0.79095,-0.96866,-1.096,-1.1933,-1.263,-1.2907,-1.2581,-1.1606,-1.0176,-0.85719,-0.70352,-0.57439,-0.47517
0.37321,0.53715,0.47721,0.38324,0.52754,0.96708,1.4996,1.8543,1.8775,1.6144,1.2595,0.9892,0.84803,0.80411,0.84354,0.96341,1.1288,1.2675,1.3096,1.2325,1.0842,0.95831,0.92703,1.0028,1.1502,1.3229,1.4736,1.5596,1.545,1.4082,1.1477,0.78317,0.36795,-0.0010463,-0.2029,-0.18169,0.023335,0.30408,0.57614,0.77842,0.88397,0.89077,0.81338,0.68031,0.51744,0.33478,0.1374,-0.069702,-0.25798,-0.38,-0.39424,-0.29188,-0.10186,0.12934,0.36703,0.58168,0.76419,0.91695,1.0437,1.1377,1.1778,1.1286,0.95558,0.6503,0.247,-0.18615,-0.58168,-0.89641,-1.1324,-1.307,-1.4297,-1.4925,-1.4799,-1.3863,-1.2261,-1.0272,-0.82329,-0.64185,-0.49318,-0.37636
0.37158,0.48863,0.43301,0.38901,0.59793,1.0805,1.6223,1.9607,1.9505,1.6424,1.2426,0.95156,0.82766,0.8246,0.89951,1.0299,1.1778,1.2814,1.2848,1.1788,1.0238,0.91811,0.92572,1.0429,1.2228,1.4142,1.5689,1.6438,1.5996,1.4151,1.0861,0.63909,0.14602,-0.27161,-0.48022,-0.43156,-0.20408,0.07985,0.33076,0.50499,0.59096,0.59256,0.53069,0.42537,0.28834,0.12693,-0.06223,-0.26503,-0.44425,-0.55329,-0.55528,-0.44991,-0.26249,-0.026691,0.22301,0.46818,0.69672,0.90324,1.0835,1.2283,1.308,1.2865,1.1283,0.81915,0.38398,-0.11459,-0.59817,-1.0131,-1.3327,-1.5581,-1.6975,-1.7496,-1.7022,-1.5503,-1.3137,-1.0429,-0.77244,-0.53836,-0.35678,-0.22653
0.40616,0.46857,0.41062,0.40856,0.66938,1.1815,1.726,2.0468,2.0058,1.6577,1.2191,0.9115,0.80522,0.8374,0.93779,1.0685,1.1931,1.261,1.2297,1.1033,0.95089,0.86993,0.91386,1.0646,1.2717,1.4798,1.6425,1.7122,1.6512,1.4324,1.0507,0.54035,-0.013418,-0.46398,-0.67494,-0.61553,-0.39616,-0.13854,0.07192,0.21048,0.27168,0.26597,0.21079,0.12449,0.01848,-0.10658,-0.25396,-0.41783,-0.56957,-0.66591,-0.66993,-0.57269,-0.39426,-0.16754,0.084696,0.3425,0.59887,0.8504,1.0885,1.2905,1.4261,1.4488,1.3161,1.0091,0.55063,0.0033164,-0.55368,-1.0534,-1.4582,-1.7541,-1.9311,-1.9752,-1.8782,-1.6555,-1.3503,-1.0139,-0.7045,-0.44572,-0.24505,-0.097102
0.45727,0.47575,0.41106,0.43304,0.72106,1.2451,1.7855,2.092,2.0293,1.6552,1.1938,0.8789,0.78549,0.8387,0.9512,1.0779,1.1858,1.2323,1.1828,1.047,0.89762,0.83266,0.9007,1.0753,1.301,1.5204,1.6864,1.754,1.6858,1.4533,1.0537,0.52174,-0.05582,-0.52676,-0.749,-0.70486,-0.50684,-0.28553,-0.11025,-0.0057643,0.029232,0.010051,-0.04541,-0.1169,-0.19313,-0.28093,-0.38548,-0.5071,-0.62696,-0.70115,-0.70199,-0.62137,-0.47129,-0.26761,-0.031274,0.23205,0.51461,0.80485,1.085,1.3309,1.5015,1.5527,1.4425,1.1493,0.68908,0.11813,-0.48247,-1.0393,-1.5017,-1.8421,-2.0444,-2.093,-1.9791,-1.7201,-1.3677,-0.99413,-0.64782,-0.36443,-0.15363,-0.0073649
0.55758,0.51749,0.43718,0.47808,0.78496,1.3094,1.8353,2.12,2.0302,1.6278,1.1459,0.82927,0.75208,0.82432,0.94444,1.0636,1.1555,1.1867,1.1281,0.99024,0.84598,0.79434,0.88301,1.083,1.3294,1.5639,1.7359,1.8049,1.7325,1.4952,1.0946,0.56526,-0.0044064,-0.47411,-0.71125,-0.70955,-0.57361,-0.42892,-0.33031,-0.29563,-0.30802,-0.34962,-0.39488,-0.42996,-0.4569,-0.48105,-0.52135,-0.58228,-0.64575,-0.6931,-0.69437,-0.63832,-0.52672,-0.36812,-0.15891,0.095775,0.39166,0.71727,1.0498,1.3516,1.5794,1.6788,1.6012,1.3222,0.85839,0.26812,-0.36874,-0.97328,-1.4877,-1.8778,-2.1157,-2.174,-2.0415,-1.7471,-1.3573,-0.94692,-0.57967,-0.28241,-0.061138,0.092458
0.65427,0.57263,0.47584,0.51974,0.82813,1.3412,1.8493,2.1146,2.006,1.5871,1.0974,0.78536,0.71968,0.80069,0.92193,1.036,1.1226,1.1531,1.0994,0.96998,0.83354,0.78644,0.878,1.0834,1.3382,1.5825,1.7647,1.8408,1.773,1.5416,1.1504,0.63987,0.10066,-0.34006,-0.58065,-0.62332,-0.56744,-0.50503,-0.48486,-0.50433,-0.54834,-0.59677,-0.63416,-0.65144,-0.64496,-0.6252,-0.60745,-0.60411,-0.61679,-0.62956,-0.6255,-0.59268,-0.52421,-0.41064,-0.24211,-0.0074056,0.29362,0.64368,1.0097,1.3497,1.6096,1.7372,1.6856,1.4301,0.9825,0.3951,-0.25179,-0.8778,-1.4211,-1.8391,-2.0998,-2.1735,-2.0452,-1.7415,-1.3339,-0.90999,-0.52835,-0.22414,-0.0028702,0.14693
0.80516,0.67457,0.55026,0.58519,0.87859,1.3625,1.8368,2.0723,1.9392,1.5051,1.0145,0.7151,0.66493,0.75402,0.87429,0.98581,1.0739,1.1144,1.0804,0.97493,0.8561,0.81194,0.89463,1.0893,1.3421,1.5926,1.7879,1.8777,1.8269,1.6172,1.2578,0.7957,0.31285,-0.087067,-0.33958,-0.45964,-0.52019,-0.57654,-0.65134,-0.73413,-0.81472,-0.87915,-0.91759,-0.91414,-0.86017,-0.76812,-0.66094,-0.56923,-0.51215,-0.48648,-0.48359,-0.48736,-0.47881,-0.43342,-0.32468,-0.12758,0.16324,0.52901,0.93055,1.3135,1.6229,1.7961,1.7806,1.5494,1.117,0.53974,-0.10123,-0.72786,-1.2764,-1.707,-1.986,-2.0782,-1.9647,-1.6721,-1.2723,-0.8498,-0.47117,-0.16756,0.054239,0.20276
0.97186,0.802,0.64667,0.66004,0.92175,1.3628,1.7924,1.9922,1.8354,1.3923,0.91089,0.6319,0.59704,0.69104,0.81043,0.92362,1.021,1.0825,1.0807,1.011,0.91632,0.87311,0.93805,1.1117,1.3515,1.5994,1.7977,1.8971,1.8632,1.6835,1.3749,0.98036,0.56605,0.20152,-0.071687,-0.27193,-0.43894,-0.60827,-0.77256,-0.92227,-1.0389,-1.1151,-1.137,-1.0931,-0.98447,-0.8206,-0.63832,-0.47548,-0.35719,-0.30218,-0.2995,-0.33275,-0.37821,-0.40386,-0.36337,-0.22037,0.042696,0.40891,0.83139,1.2513,1.5951,1.8026,1.8228,1.6298,1.2358,0.69307,0.078673,-0.52425,-1.0599,-1.4886,-1.7778,-1.8934,-1.8134,-1.5564,-1.1874,-0.78767,-0.42454,-0.13064,0.0861,0.23298
1.1004,0.90881,0.73005,0.72092,0.951,1.3523,1.7431,1.9125,1.7385,1.2932,0.82531,0.56546,0.54075,0.63521,0.75301,0.86947,0.97903,1.0636,1.094,1.0572,0.98272,0.93785,0.98389,1.1358,1.3599,1.6009,1.7983,1.9026,1.8797,1.7233,1.4534,1.1101,0.74901,0.41671,0.13509,-0.11497,-0.36074,-0.61312,-0.85176,-1.0475,-1.1797,-1.2442,-1.2425,-1.173,-1.0291,-0.82466,-0.58891,-0.36773,-0.20876,-0.12739,-0.127,-0.18889,-0.28135,-0.35793,-0.37572,-0.28106,-0.047587,0.31139,0.74638,1.1854,1.5615,1.8015,1.8498,1.6799,1.3072,0.78837,0.20432,-0.37185,-0.88122,-1.2902,-1.5732,-1.7008,-1.6504,-1.4325,-1.1012,-0.73201,-0.38783,-0.10615,0.10124,0.23906
1.2671,1.0577,0.85034,0.80682,0.98801,1.3303,1.6645,1.7904,1.5953,1.1556,0.71388,0.48012,0.46322,0.55004,0.66171,0.78512,0.91973,1.0459,1.1279,1.1392,1.0916,1.0421,1.0583,1.1723,1.3675,1.5921,1.7859,1.895,1.8876,1.7618,1.5378,1.2573,0.96077,0.67307,0.38601,0.080819,-0.25961,-0.6111,-0.93309,-1.1737,-1.315,-1.3652,-1.3376,-1.2284,-1.0312,-0.75855,-0.45446,-0.18042,0.014652,0.10165,0.087153,-0.0044841,-0.13881,-0.27583,-0.3519,-0.31496,-0.12891,0.20232,0.63223,1.0904,1.4906,1.7618,1.8469,1.7189,1.3927,0.92302,0.38644,-0.13891,-0.60544,-0.98621,-1.2623,-1.4094,-1.4037,-1.247,-0.97904,-0.66257,-0.3581,-0.10014,0.097224,0.23403
1.3828,1.1684,0.94292,0.87296,1.0157,1.3117,1.6019,1.6956,1.4877,1.059,0.64225,0.42594,0.40658,0.47926,0.58213,0.71243,0.87227,1.0366,1.1604,1.2069,1.1775,1.1237,1.1177,1.2027,1.3732,1.5806,1.7653,1.8731,1.8761,1.773,1.5861,1.3526,1.0987,0.83352,0.53924,0.19583,-0.19815,-0.60773,-0.97445,-1.2442,-1.3943,-1.4349,-1.38,-1.2317,-0.99198,-0.67721,-0.33785,-0.036234,0.17562,0.26895,0.24956,0.14043,-0.023925,-0.19693,-0.32144,-0.33195,-0.18274,0.12728,0.55151,1.0154,1.4331,1.728,1.8405,1.7422,1.4473,1.0117,0.51534,0.025397,-0.40804,-0.76201,-1.0245,-1.1787,-1.2042,-1.0952,-0.87886,-0.60701,-0.33356,-0.097581,0.083973,0.21015
1.517,1.3068,1.0636,0.95994,1.0529,1.2883,1.5221,1.5777,1.3609,0.95653,0.5787,0.38025,0.34508,0.38604,0.4712,0.6113,0.80769,1.0244,1.2027,1.2918,1.2821,1.2215,1.1895,1.2424,1.3824,1.5646,1.7285,1.8255,1.8338,1.757,1.6212,1.4487,1.249,1.0093,0.70802,0.32513,-0.12379,-0.59588,-1.0167,-1.3244,-1.4856,-1.5098,-1.4182,-1.2242,-0.93327,-0.57125,-0.18849,0.14628,0.372,0.46545,0.43274,0.30288,0.1136,-0.090742,-0.25535,-0.31633,-0.21989,0.048996,0.45267,0.91397,1.3459,1.6648,1.8088,1.7503,1.5042,1.1238,0.67994,0.24341,-0.14593,-0.46985,-0.7208,-0.88754,-0.9528,-0.90644,-0.76116,-0.55299,-0.32714,-0.11887,0.050816,0.17424
1.6212,1.4262,1.1735,1.0416,1.0898,1.2702,1.4544,1.4815,1.269,0.90093,0.56487,0.37799,0.31503,0.31471,0.3749,0.51979,0.74665,1.0078,1.2323,1.3575,1.3646,1.2988,1.2448,1.2706,1.383,1.5409,1.6832,1.7665,1.7726,1.7161,1.6211,1.5015,1.3539,1.1483,0.85003,0.44385,-0.053439,-0.57969,-1.056,-1.3996,-1.5738,-1.5889,-1.4712,-1.2347,-0.89226,-0.47723,-0.055394,0.29643,0.52387,0.60457,0.55668,0.41375,0.21245,-0.0076109,-0.19373,-0.2849,-0.22604,0.0026902,0.37199,0.81496,1.2459,1.5831,1.7609,1.7457,1.5473,1.2163,0.82276,0.42961,0.078183,-0.21726,-0.45583,-0.6338,-0.73715,-0.74966,-0.66985,-0.52134,-0.3388,-0.1566,0.00097264,0.12243
1.6761,1.4992,1.2451,1.0965,1.1158,1.2613,1.4156,1.43,1.2306,0.89649,0.59293,0.41119,0.32359,0.28955,0.32492,0.4648,0.70445,0.98945,1.2409,1.3889,1.4087,1.3418,1.2744,1.2799,1.371,1.5094,1.6376,1.7119,1.7193,1.6781,1.6111,1.529,1.4147,1.2287,0.93143,0.50859,-0.014029,-0.57062,-1.0755,-1.4467,-1.6414,-1.6595,-1.5225,-1.251,-0.87162,-0.4274,0.010415,0.36784,0.59142,0.66565,0.60999,0.46039,0.25532,0.035811,-0.15547,-0.26187,-0.22957,-0.031878,0.31148,0.73453,1.1637,1.5112,1.7098,1.7252,1.5654,1.2762,0.91907,0.55816,0.2284,-0.057077,-0.29646,-0.48531,-0.61029,-0.65542,-0.61562,-0.5062,-0.35266,-0.19046,-0.045061,0.069626
1.7151,1.57,1.3211,1.1569,1.1459,1.2555,1.3827,1.3951,1.2257,0.94398,0.68362,0.50665,0.38713,0.30615,0.30055,0.41809,0.65639,0.95738,1.2339,1.4062,1.441,1.3751,1.2949,1.2759,1.3392,1.4498,1.5561,1.6177,1.6308,1.6134,1.5869,1.5529,1.4771,1.3115,1.016,0.57865,0.036002,-0.54965,-1.0847,-1.493,-1.7179,-1.7477,-1.5961,-1.2914,-0.87215,-0.39742,0.0565,0.41339,0.6243,0.67807,0.60398,0.4453,0.24316,0.031205,-0.1469,-0.24709,-0.22564,-0.059819,0.23857,0.62732,1.0326,1.384,1.6146,1.6813,1.5794,1.3436,1.0334,0.70104,0.38896,0.11415,-0.12264,-0.32289,-0.47847,-0.57125,-0.58546,-0.52286,-0.40647,-0.2621,-0.11787,0.006019
1.713,1.6082,1.3719,1.1989,1.1665,1.2542,1.3706,1.3966,1.2704,1.0462,0.82837,0.65795,0.51005,0.38278,0.32888,0.40713,0.62435,0.92405,1.2127,1.3999,1.4431,1.3754,1.2849,1.2494,1.2911,1.3762,1.4555,1.5009,1.5167,1.5243,1.5415,1.5535,1.5178,1.3793,1.0937,0.65464,0.094172,-0.51547,-1.0879,-1.5304,-1.7795,-1.8163,-1.6553,-1.3281,-0.88387,-0.39165,0.064821,0.40778,0.59189,0.61945,0.52488,0.35688,0.15854,-0.03445,-0.19418,-0.28398,-0.26857,-0.12568,0.14092,0.49692,0.88807,1.2451,1.5031,1.6171,1.5752,1.4,1.1372,0.83828,0.53877,0.25862,0.0046289,-0.21912,-0.40194,-0.52602,-0.57584,-0.54833,-0.45793,-0.33345,-0.20042,-0.077585
1.6843,1.6143,1.3921,1.2156,1.173,1.2525,1.371,1.4164,1.3283,1.1484,0.96186,0.79775,0.6328,0.47309,0.38069,0.42253,0.61466,0.90384,1.1928,1.3837,1.4273,1.3547,1.2554,1.2103,1.2388,1.3081,1.37,1.4042,1.4201,1.4463,1.4961,1.5436,1.5383,1.4177,1.1388,0.69787,0.13084,-0.48793,-1.0739,-1.5333,-1.7976,-1.837,-1.6633,-1.3184,-0.86511,-0.37708,0.06026,0.37524,0.52935,0.52655,0.40914,0.23097,0.037799,-0.13907,-0.27499,-0.3458,-0.32535,-0.19421,0.049505,0.38471,0.76453,1.1302,1.4163,1.5703,1.5711,1.4346,1.2057,0.92404,0.6328,0.3539,0.093489,-0.1471,-0.35817,-0.51703,-0.59823,-0.59206,-0.5147,-0.39022,-0.25104,-0.12269
1.611,1.593,1.3936,1.2158,1.1642,1.2427,1.3755,1.4561,1.4223,1.3001,1.1531,0.9988,0.81729,0.62092,0.47979,0.47226,0.62507,0.89022,1.1678,1.3531,1.3905,1.3078,1.1939,1.132,1.1407,1.1892,1.2344,1.26,1.283,1.3362,1.4261,1.5186,1.5482,1.4472,1.1768,0.73555,0.17206,-0.44356,-1.0216,-1.4789,-1.7458,-1.7829,-1.6041,-1.2588,-0.81298,-0.3512,0.047651,0.315,0.41558,0.36156,0.20291,0.0019474,-0.19095,-0.34758,-0.45192,-0.49377,-0.45814,-0.32846,-0.097033,0.22424,0.60235,0.98143,1.2985,1.5007,1.5614,1.4862,1.3024,1.0547,0.77282,0.47868,0.18601,-0.091873,-0.33535,-0.51909,-0.62136,-0.63577,-0.57077,-0.45727,-0.32314,-0.1905
1.5316,1.5558,1.3757,1.1972,1.1409,1.2241,1.3743,1.4858,1.4933,1.4125,1.294,1.1494,0.96031,0.74308,0.57055,0.52864,0.6502,0.89148,1.1528,1.3267,1.3549,1.2626,1.1368,1.0584,1.0494,1.0801,1.1134,1.136,1.1696,1.245,1.3628,1.4844,1.5384,1.4561,1.1969,0.76435,0.20883,-0.39573,-0.96051,-1.4047,-1.6586,-1.6925,-1.5168,-1.1787,-0.75124,-0.31441,0.04904,0.27112,0.32097,0.21999,0.022956,-0.20113,-0.3991,-0.54334,-0.62759,-0.6487,-0.59819,-0.46212,-0.23042,0.090491,0.47573,0.87583,1.2271,1.4702,1.5703,1.5277,1.3731,1.1361,0.85585,0.55722,0.2547,-0.04021,-0.30895,-0.52217,-0.64934,-0.67439,-0.61671,-0.50087,-0.36134,-0.22579
1.3974,1.4808,1.3269,1.1453,1.0825,1.1748,1.3541,1.5111,1.5731,1.5439,1.4613,1.3323,1.1412,0.90654,0.70319,0.62069,0.70014,0.90545,1.1386,1.2901,1.2994,1.1907,1.0489,0.94936,0.91508,0.9199,0.9342,0.9534,1.0032,1.11,1.2668,1.4249,1.5096,1.4524,1.2108,0.79607,0.25603,-0.32755,-0.86924,-1.2833,-1.5051,-1.513,-1.3259,-0.99982,-0.60922,-0.22914,0.061634,0.20503,0.18084,0.010172,-0.24135,-0.50092,-0.71274,-0.85081,-0.91151,-0.90062,-0.81882,-0.65807,-0.4085,-0.068259,0.33706,0.76186,1.1454,1.4296,1.5774,1.5823,1.4598,1.2489,0.97534,0.66251,0.3299,-0.0007187,-0.3,-0.53313,-0.67135,-0.70753,-0.65162,-0.53663,-0.39524,-0.2538
1.2378,1.3817,1.2516,1.0618,0.98781,1.0885,1.3005,1.5054,1.6202,1.6384,1.5889,1.4784,1.2949,1.0569,0.83534,0.71985,0.7599,0.92896,1.1321,1.2575,1.243,1.1138,0.95327,0.83372,0.77396,0.75295,0.74806,0.76444,0.83175,0.9713,1.1692,1.3632,1.4744,1.4331,1.2047,0.80092,0.27893,-0.27689,-0.77701,-1.1391,-1.3123,-1.2852,-1.0948,-0.79958,-0.46034,-0.14959,0.069072,0.14176,0.04559,-0.18845,-0.49383,-0.79128,-1.0208,-1.157,-1.2027,-1.1715,-1.0676,-0.88181,-0.6011,-0.2263,0.2201,0.68874,1.1131,1.4307,1.6039,1.6281,1.5261,1.3221,1.0486,0.72949,0.38483,0.038045,-0.27899,-0.52833,-0.67831,-0.71546,-0.66274,-0.54976,-0.41049,-0.27089
1.1075,1.2958,1.1803,0.97897,0.89145,0.99551,1.2317,1.4736,1.6273,1.6784,1.6516,1.5553,1.3831,1.1511,0.92382,0.79001,0.80509,0.95022,1.1334,1.241,1.2096,1.0636,0.88571,0.74711,0.66699,0.6276,0.6114,0.6292,0.71075,0.87353,1.0961,1.3118,1.439,1.4081,1.1868,0.7896,0.28054,-0.25172,-0.71416,-1.0327,-1.1668,-1.1224,-0.93699,-0.66347,-0.36243,-0.09328,0.078678,0.10095,-0.043662,-0.32276,-0.66528,-0.98875,-1.233,-1.3722,-1.4159,-1.375,-1.252,-1.0373,-0.72124,-0.30936,0.17222,0.66479,1.1027,1.429,1.611,1.6459,1.5487,1.3551,1.0871,0.76531,0.41063,0.050925,-0.27581,-0.52747,-0.67288,-0.7107,-0.65049,-0.53193,-0.39105,-0.25482
0.92906,1.173,1.0705,0.84513,0.7285,0.83028,1.0971,1.3888,1.5953,1.6872,1.6874,1.6115,1.4572,1.2389,1.0131,0.86482,0.85673,0.97908,1.1425,1.2318,1.181,1.0135,0.81074,0.64383,0.53357,0.46906,0.44289,0.46755,0.56945,0.75989,1.006,1.2416,1.383,1.3617,1.1452,0.75335,0.25751,-0.2471,-0.66205,-0.92264,-1.0071,-0.93295,-0.74754,-0.50199,-0.24681,-0.038079,0.068948,0.029726,-0.16699,-0.48974,-0.86466,-1.2099,-1.4651,-1.6103,-1.6467,-1.5925,-1.4532,-1.2168,-0.86755,-0.40942,0.11713,0.65154,1.1181,1.4547,1.6316,1.6537,1.5515,1.3484,1.0768,0.75817,0.41201,0.063162,-0.25354,-0.49825,-0.64083,-0.67105,-0.61669,-0.50693,-0.37322,-0.23878
0.79899,1.0798,0.98135,0.72998,0.58182,0.67524,0.96241,1.2925,1.5388,1.6603,1.6792,1.6178,1.4768,1.2701,1.05,0.89999,0.88551,1.0004,1.156,1.2361,1.1741,0.99309,0.77343,0.58432,0.44928,0.36366,0.32758,0.35783,0.47683,0.68769,0.95049,1.1953,1.3417,1.3217,1.1032,0.71171,0.22098,-0.26562,-0.65286,-0.87744,-0.92676,-0.83164,-0.64419,-0.41681,-0.1934,-0.024619,0.04282,-0.030336,-0.25624,-0.59614,-0.97917,-1.3263,-1.5828,-1.7296,-1.7757,-1.7299,-1.5852,-1.324,-0.93709,-0.44096,0.11729,0.66547,1.1301,1.4558,1.6193,1.6303,1.5167,1.3141,1.0479,0.73709,0.39972,0.061043,-0.24349,-0.47459,-0.60398,-0.62996,-0.56923,-0.45678,-0.32626,-0.20236
0.64232,0.96241,0.86024,0.56227,0.3586,0.42951,0.74003,1.1222,1.4222,1.5829,1.6256,1.5795,1.453,1.2601,1.0508,0.90926,0.90164,1.0216,1.1787,1.2552,1.1855,0.99229,0.75276,0.53377,0.36324,0.24621,0.19472,0.23356,0.38085,0.62077,0.90256,1.1523,1.2931,1.2617,1.0291,0.62487,0.13044,-0.33838,-0.68709,-0.85986,-0.86266,-0.7454,-0.56057,-0.3537,-0.16562,-0.031339,0.00049896,-0.10689,-0.35632,-0.71194,-1.0988,-1.4413,-1.6919,-1.8393,-1.8904,-1.8482,-1.6998,-1.4225,-1.0058,-0.47233,0.11722,0.6838,1.1491,1.4586,1.595,1.5762,1.4423,1.2293,0.96717,0.67445,0.36572,0.060551,-0.2115,-0.41638,-0.52994,-0.54952,-0.49417,-0.39397,-0.2761,-0.15992
0.51843,0.86217,0.74393,0.38728,0.11238,0.14614,0.47565,0.90997,1.2647,1.4648,1.5286,1.4934,1.3755,1.1921,0.99492,0.86894,0.8815,1.0224,1.1965,1.2839,1.2178,1.0187,0.76126,0.51275,0.30547,0.1571,0.092652,0.14134,0.31489,0.58106,0.87766,1.128,1.2548,1.1979,0.93573,0.50044,-0.0066727,-0.46345,-0.76163,-0.87078,-0.82532,-0.68493,-0.50661,-0.32424,-0.16406,-0.064548,-0.063022,-0.19217,-0.45414,-0.80639,-1.1789,-1.5027,-1.7392,-1.8848,-1.9429,-1.9113,-1.766,-1.4769,-1.0362,-0.47685,0.13208,0.70206,1.1525,1.4321,1.5314,1.4789,1.3201,1.1051,0.86292,0.60647,0.34233,0.082165,-0.15163,-0.33072,-0.43311,-0.45092,-0.40487,-0.31644,-0.20984,-0.10445
0.45454,0.80384,0.66522,0.25736,-0.080501,-0.083004,0.2563,0.72972,1.1261,1.3546,1.431,1.3995,1.2839,1.1038,0.91531,0.80434,0.83869,1.0046,1.2024,1.3085,1.2534,1.0547,0.78452,0.51217,0.27724,0.10655,0.032599,0.087866,0.27647,0.55949,0.86527,1.114,1.2302,1.154,0.86684,0.40877,-0.11014,-0.55837,-0.8284,-0.90086,-0.82325,-0.66656,-0.48489,-0.30954,-0.16445,-0.082881,-0.10093,-0.24483,-0.51169,-0.85596,-1.2101,-1.5161,-1.7458,-1.8924,-1.9626,-1.9409,-1.7951,-1.4958,-1.0422,-0.47372,0.13587,0.69798,1.1343,1.3954,1.4732,1.3991,1.2269,1.0108,0.78249,0.55513,0.3296,0.10837,-0.094498,-0.25429,-0.34811,-0.37239,-0.33008,-0.24877,-0.15348,-0.062108
0.41507,0.7552,0.57829,0.095328,-0.33549,-0.39695,-0.049492,0.47545,0.92676,1.1893,1.2757,1.24,1.1174,0.93629,0.75787,0.67194,0.74495,0.95596,1.1966,1.3378,1.3059,1.1131,0.82846,0.52392,0.25064,0.048084,-0.039082,0.024277,0.23477,0.54067,0.85781,1.1039,1.206,1.1089,0.79185,0.30825,-0.23002,-0.66877,-0.90962,-0.93484,-0.81362,-0.63418,-0.44987,-0.28607,-0.16004,-0.092266,-0.11971,-0.26863,-0.53265,-0.87233,-1.2213,-1.5224,-1.7471,-1.8962,-1.9646,-1.94,-1.7928,-1.4932,-1.039,-0.47177,0.13065,0.67893,1.0922,1.3217,1.3645,1.2619,1.0762,0.8703,0.67886,0.50706,0.34359,0.17912,0.018132,-0.12117,-0.21673,-0.25028,-0.2321,-0.17429,-0.094837,-0.010389
0.43195,0.74445,0.51899,-0.042496,-0.57018,-0.69769,-0.34888,0.2249,0.72643,1.0151,1.1017,1.0485,0.90488,0.71226,0.5408,0.48555,0.60838,0.87647,1.17,1.3536,1.3503,1.1687,0.87471,0.54105,0.22967,-0.0069011,-0.11135,-0.042889,0.19075,0.52204,0.85797,1.1113,1.2061,1.0892,0.74448,0.23024,-0.32203,-0.74703,-0.93452,-0.89771,-0.73549,-0.54553,-0.37759,-0.23905,-0.13092,-0.076047,-0.10626,-0.25137,-0.51176,-0.84154,-1.1788,-1.4712,-1.6964,-1.8495,-1.9309,-1.9178,-1.7733,-1.4712,-1.0192,-0.4655,0.11446,0.6339,1.0175,1.2199,1.2401,1.1218,0.93668,0.74795,0.5938,0.47735,0.37715,0.26842,0.14259,0.014547,-0.08671,-0.13979,-0.13669,-0.088998,-0.019232,0.051323
0.4813,0.76252,0.49615,-0.12298,-0.72015,-0.89819,-0.552,0.053622,0.58651,0.88793,0.96601,0.89005,0.71985,0.50945,0.33929,0.30974,0.47653,0.79489,1.134,1.3528,1.3724,1.1998,0.89998,0.54924,0.21369,-0.045366,-0.16345,-0.096066,0.14845,0.49763,0.85319,1.1213,1.2222,1.0996,0.74406,0.21535,-0.33756,-0.74508,-0.89686,-0.82707,-0.64775,-0.45779,-0.29992,-0.17413,-0.077472,-0.026722,-0.057414,-0.19992,-0.45268,-0.77858,-1.1149,-1.411,-1.6422,-1.8025,-1.885,-1.8705,-1.728,-1.4338,-0.9951,-0.46059,0.098285,0.59397,0.9515,1.1282,1.1283,1.002,0.82188,0.6585,0.54472,0.47349,0.4146,0.33937,0.23801,0.12297,0.019867,-0.041984,-0.059072,-0.036846,0.012188,0.07424
0.59129,0.82162,0.4973,-0.19185,-0.87019,-1.1098,-0.7706,-0.13435,0.42689,0.7321,0.7862,0.66638,0.44734,0.20168,0.0271,0.031914,0.26291,0.65506,1.0609,1.3316,1.3843,1.2239,0.91739,0.54766,0.18646,-0.097229,-0.23388,-0.17347,0.076433,0.44566,0.82888,1.1241,1.2502,1.1456,0.802,0.2845,-0.25328,-0.63277,-0.75686,-0.66568,-0.47955,-0.29954,-0.16166,-0.059939,0.016955,0.06013,0.034915,-0.09246,-0.32845,-0.64168,-0.97545,-1.2782,-1.5209,-1.6936,-1.7842,-1.7724,-1.6327,-1.351,-0.94013,-0.44189,0.069348,0.51957,0.84037,0.99175,0.97836,0.85034,0.68716,0.55259,0.48143,0.46423,0.46229,0.43413,0.35926,0.24788,0.13332,0.053467,0.018325,0.032588,0.079731,0.13824
0.70164,0.89015,0.5229,-0.21104,-0.93671,-1.2124,-0.88082,-0.2338,0.3347,0.63072,0.65725,0.49526,0.23113,-0.047413,-0.22908,-0.20012,0.079458,0.52866,0.98651,1.2976,1.3764,1.2272,0.91837,0.53729,0.16046,-0.13934,-0.28993,-0.23693,0.015199,0.39736,0.79987,1.1188,1.2711,1.196,0.88006,0.39136,-0.1216,-0.47834,-0.58481,-0.48552,-0.30596,-0.14717,-0.039537,0.034366,0.095572,0.13394,0.11648,0.0046394,-0.21759,-0.51551,-0.83949,-1.1403,-1.3887,-1.5658,-1.67,-1.6736,-1.5485,-1.2818,-0.89045,-0.42361,0.055167,0.46905,0.75476,0.8782,0.84963,0.72356,0.57571,0.47396,0.44343,0.46408,0.49115,0.48405,0.42603,0.32818,0.21989,0.13523,0.093167,0.090751,0.11776,0.16131
0.87642,1.0089,0.58838,-0.19066,-0.95605,-1.2602,-0.94057,-0.29944,0.25591,0.52268,0.49987,0.2726,-0.059695,-0.38756,-0.58017,-0.5201,-0.17924,0.34149,0.86466,1.2266,1.3389,1.2058,0.89873,0.5094,0.12007,-0.1959,-0.36376,-0.32463,-0.072602,0.32257,0.75056,1.1065,1.3,1.2742,1.0126,0.58246,0.12315,-0.19809,-0.29356,-0.20859,-0.059974,0.059593,0.12856,0.172,0.21292,0.2509,0.24445,0.14816,-0.051243,-0.33956,-0.65972,-0.95732,-1.199,-1.3787,-1.477,-1.4845,-1.3813,-1.1538,-0.81239,-0.39643,0.024248,0.38388,0.62534,0.72075,0.68331,0.56556,0.44342,0.3726,0.37633,0.43578,0.50468,0.53544,0.50257,0.41326,0.30133,0.21177,0.1577,0.15177,0.18228,0.22931
1.0703,1.1516,0.6858,-0.12004,-0.8957,-1.203,-0.89586,-0.2835,0.23275,0.45142,0.36986,0.071572,-0.33371,-0.71314,-0.9168,-0.82511,-0.42834,0.15218,0.72793,1.1309,1.2709,1.153,0.85307,0.46733,0.08032,-0.23782,-0.41815,-0.40049,-0.1675,0.22527,0.67733,1.0758,1.3247,1.3588,1.1664,0.80408,0.40799,0.12384,0.028696,0.082329,0.18575,0.26224,0.29283,0.30134,0.31945,0.34178,0.33768,0.26198,0.084018,-0.1709,-0.46168,-0.74023,-0.9756,-1.1498,-1.2638,-1.2948,-1.2191,-1.0247,-0.72653,-0.36644,-0.0022861,0.30171,0.49522,0.55649,0.50452,0.3957,0.29608,0.2641,0.31178,0.4084,0.502,0.54819,0.52956,0.45905,0.36865,0.28282,0.24086,0.23637,0.25599,0.28498
1.2203,1.2687,0.77623,-0.037872,-0.80371,-1.0973,-0.79879,-0.22019,0.25148,0.42472,0.29589,-0.054769,-0.51287,-0.92973,-1.1397,-1.0249,-0.59103,0.024789,0.62746,1.0496,1.2033,1.0953,0.80348,0.42671,0.05121,-0.25715,-0.43899,-0.43843,-0.2319,0.14428,0.60153,1.0255,1.3196,1.4089,1.2774,0.97462,0.62599,0.36703,0.26719,0.2943,0.35947,0.39642,0.39214,0.37634,0.38029,0.4017,0.40298,0.33505,0.17104,-0.072698,-0.34901,-0.60946,-0.82586,-0.98897,-1.0976,-1.1385,-1.088,-0.9285,-0.66877,-0.35117,-0.028566,0.23454,0.39387,0.43613,0.38377,0.28742,0.20949,0.19167,0.24603,0.35177,0.46578,0.54235,0.55364,0.50142,0.41443,0.3392,0.28536,0.27248,0.29421,0.33383
1.417,1.431,0.91341,0.10296,-0.62954,-0.89015,-0.60159,-0.078374,0.32082,0.42698,0.23652,-0.17649,-0.69402,-1.1518,-1.366,-1.2225,-0.75007,-0.10522,0.51302,0.94205,1.0998,0.99806,0.71889,0.36421,0.017653,-0.26514,-0.43912,-0.45883,-0.29368,0.046063,0.48627,0.92771,1.2676,1.4304,1.3839,1.1738,0.89735,0.67213,0.55999,0.54329,0.55496,0.53985,0.49287,0.44681,0.43122,0.44748,0.45312,0.39421,0.24593,0.017206,-0.24009,-0.47517,-0.66248,-0.80544,-0.90028,-0.94365,-0.91589,-0.79934,-0.59701,-0.33734,-0.075723,0.13862,0.26536,0.29059,0.23543,0.15002,0.089156,0.094972,0.17494,0.30111,0.42705,0.51125,0.53479,0.50594,0.45128,0.39224,0.36352,0.36284,0.38012,0.40339
1.6005,1.5918,1.0619,0.26978,-0.41396,-0.63187,-0.35222,0.10944,0.43161,0.4701,0.22593,-0.2322,-0.78652,-1.2629,-1.4704,-1.3065,-0.81897,-0.17386,0.43343,0.84702,0.9912,0.88549,0.6194,0.29658,-0.0077223,-0.25437,-0.41662,-0.45822,-0.33716,-0.046183,0.36843,0.81359,1.1855,1.4044,1.4358,1.3078,1.1025,0.91329,0.79417,0.73741,0.69849,0.63964,0.56006,0.4872,0.45109,0.44718,0.44213,0.38721,0.24899,0.047326,-0.17725,-0.38029,-0.54058,-0.6557,-0.74311,-0.79304,-0.78409,-0.69692,-0.53378,-0.32569,-0.11093,0.060537,0.15718,0.17234,0.12648,0.059091,0.014853,0.026421,0.099063,0.21726,0.34895,0.45776,0.51786,0.52455,0.49445,0.45923,0.43495,0.43104,0.44561,0.47007
1.7247,1.7065,1.1754,0.40516,-0.23626,-0.42077,-0.15029,0.26624,0.53325,0.52664,0.25116,-0.22718,-0.78948,-1.2587,-1.4499,-1.2785,-0.80143,-0.18023,0.39895,0.78652,0.91134,0.79813,0.5412,0.24593,-0.021695,-0.23548,-0.38378,-0.43986,-0.35779,-0.11417,0.268,0.70475,1.0941,1.3504,1.436,1.3632,1.2056,1.0423,0.92439,0.84732,0.77562,0.6845,0.57849,0.48839,0.43946,0.42952,0.41855,0.35717,0.22239,0.022706,-0.19108,-0.37254,-0.5027,-0.59412,-0.65351,-0.68721,-0.68146,-0.61799,-0.49194,-0.3192,-0.13967,0.011538,0.10275,0.12054,0.077796,0.011222,-0.034592,-0.026619,0.047893,0.17154,0.30814,0.42071,0.48752,0.50877,0.50154,0.48341,0.47869,0.48977,0.51102,0.53402
1.8672,1.846,1.3238,0.59054,0.0076421,-0.13633,0.11923,0.47925,0.68301,0.62935,0.32692,-0.15954,-0.70739,-1.1394,-1.2956,-1.1226,-0.68774,-0.13155,0.38413,0.72213,0.81512,0.69037,0.44492,0.18391,-0.037553,-0.20778,-0.33288,-0.4016,-0.37516,-0.20537,0.11015,0.51663,0.92004,1.2269,1.3802,1.384,1.2884,1.1611,1.0451,0.94395,0.83677,0.70768,0.56883,0.45216,0.38223,0.35529,0.33377,0.26933,0.13506,-0.050396,-0.24096,-0.39266,-0.49053,-0.5445,-0.57941,-0.59776,-0.58753,-0.53288,-0.42951,-0.29018,-0.13967,-0.010935,0.069592,0.08923,0.055173,-0.0064313,-0.060073,-0.067471,-0.015834,0.089023,0.22222,0.3505,0.44716,0.50277,0.52572,0.53423,0.54457,0.56136,0.58339,0.60565
1.9549,1.938,1.4291,0.72793,0.18811,0.069397,0.31099,0.63248,0.79863,0.72115,0.41032,-0.068916,-0.59165,-0.98324,-1.1085,-0.94044,-0.55066,-0.058473,0.39719,0.69092,0.75807,0.62503,0.38655,0.14287,-0.05395,-0.2,-0.31113,-0.38598,-0.39225,-0.27402,-0.011075,0.36501,0.76829,1.1029,1.2992,1.3541,1.3026,1.2039,1.0936,0.97963,0.8511,0.69856,0.5392,0.40375,0.31736,0.27543,0.24404,0.17556,0.041521,-0.13793,-0.31597,-0.44676,-0.51646,-0.54003,-0.5458,-0.54362,-0.52527,-0.47522,-0.38557,-0.26393,-0.12642,-0.0004843,0.085919,0.11195,0.075816,0.0010161,-0.070601,-0.10016,-0.063651,0.034889,0.16889,0.30389,0.41315,0.4865,0.52977,0.55738,0.58112,0.60836,0.63892,0.66819
2.0442,2.0404,1.5574,0.90316,0.4177,0.32395,0.54287,0.81784,0.94636,0.85251,0.54642,0.090904,-0.38755,-0.72249,-0.81161,-0.65716,-0.32975,0.076841,0.45072,0.68205,0.71024,0.55982,0.32155,0.088121,-0.09103,-0.22021,-0.3226,-0.40611,-0.44114,-0.37537,-0.16629,0.17114,0.56435,0.91558,1.1541,1.2566,1.2541,1.193,1.1025,0.988,0.83835,0.65891,0.47127,0.31175,0.20542,0.14934,0.10587,0.028535,-0.10423,-0.27988,-0.44539,-0.55303,-0.5877,-0.57244,-0.53108,-0.48766,-0.4449,-0.39114,-0.3125,-0.20198,-0.073704,0.051714,0.14226,0.17016,0.1276,0.034704,-0.068024,-0.12973,-0.12143,-0.039733,0.092567,0.24009,0.37234,0.47467,0.54812,0.6003,0.64655,0.68591,0.71727,0.73912
2.1008,2.1175,1.6686,1.0646,0.62738,0.54916,0.7428,0.97696,1.0782,0.98116,0.69177,0.26975,-0.1584,-0.44201,-0.50476,-0.36755,-0.093925,0.24006,0.54115,0.71165,0.69464,0.51401,0.25973,0.022053,-0.15433,-0.28054,-0.38441,-0.47694,-0.53098,-0.49652,-0.32527,-0.021283,0.35245,0.70795,0.97459,1.1221,1.1693,1.1464,1.0787,0.96509,0.80073,0.59367,0.37392,0.18437,0.055937,-0.01634,-0.065836,-0.13965,-0.26669,-0.42454,-0.56691,-0.64824,-0.65488,-0.60145,-0.52928,-0.45845,-0.39331,-0.32451,-0.23868,-0.12998,0.0042014,0.14009,0.24109,0.26993,0.2113,0.08594,-0.053644,-0.15394,-0.16972,-0.093721,0.047349,0.21102,0.36101,0.47992,0.56888,0.64045,0.69577,0.74545,0.78938,0.82358
2.1222,2.158,1.7392,1.1738,0.76901,0.69642,0.87019,1.0771,1.1625,1.0673,0.79397,0.40032,0.010864,-0.23748,-0.28398,-0.15879,0.079762,0.36696,0.62008,0.74771,0.69576,0.48831,0.21368,-0.037231,-0.22411,-0.35798,-0.46762,-0.56515,-0.62647,-0.60196,-0.44734,-0.16092,0.20152,0.56014,0.841,1.0167,1.0932,1.0951,1.0389,0.92382,0.75029,0.52515,0.28613,0.078308,-0.065983,-0.14546,-0.19496,-0.26327,-0.37792,-0.52723,-0.66082,-0.72819,-0.71174,-0.63546,-0.52941,-0.42833,-0.34334,-0.26573,-0.17746,-0.063088,0.075378,0.21629,0.31976,0.34577,0.27758,0.13595,-0.027248,-0.14628,-0.17532,-0.10513,0.037254,0.2081,0.37025,0.50514,0.61083,0.69106,0.75825,0.81143,0.84978,0.87303
2.1237,2.1888,1.8151,1.3019,0.9341,0.86267,1.0084,1.1828,1.2508,1.1584,0.90616,0.55068,0.21168,0.010409,-0.013262,0.099621,0.29555,0.52394,0.71734,0.79391,0.7017,0.46148,0.15585,-0.12748,-0.34774,-0.50923,-0.63497,-0.7339,-0.78796,-0.75409,-0.5967,-0.31554,0.042811,0.40032,0.68638,0.87239,0.96515,0.98941,0.9528,0.85145,0.67397,0.43452,0.16889,-0.069478,-0.23698,-0.3279,-0.37446,-0.42596,-0.51617,-0.63473,-0.73905,-0.78368,-0.74926,-0.64831,-0.52086,-0.39761,-0.29411,-0.20464,-0.10899,0.01217,0.16222,0.31859,0.43483,0.46368,0.38571,0.22466,0.042061,-0.096373,-0.13652,-0.066671,0.084362,0.26806,0.44192,0.58388,0.69167,0.77369,0.83647,0.88654,0.92486,0.95014
2.1059,2.1949,1.8578,1.3838,1.0391,0.96417,1.0881,1.2409,1.2975,1.2057,0.96703,0.63788,0.33534,0.17036,0.16527,0.27212,0.43917,0.62537,0.77573,0.81788,0.70103,0.44001,0.10996,-0.20499,-0.46105,-0.65293,-0.79416,-0.88936,-0.92345,-0.86331,-0.68512,-0.39543,-0.040954,0.30511,0.58219,0.76449,0.86464,0.90289,0.8842,0.7952,0.61995,0.36884,0.080315,-0.18437,-0.37199,-0.46955,-0.50603,-0.5359,-0.59968,-0.69322,-0.77665,-0.80344,-0.75348,-0.63946,-0.50075,-0.36986,-0.26017,-0.16325,-0.058374,0.070411,0.23206,0.39573,0.51473,0.54389,0.46552,0.30404,0.1172,-0.019732,-0.055095,0.02073,0.17632,0.36189,0.53514,0.67468,0.77843,0.85361,0.91052,0.95365,0.98406,1.0016
2.0597,2.1818,1.8956,1.4728,1.1537,1.0696,1.1644,1.2915,1.3343,1.2427,1.0181,0.7197,0.46136,0.3415,0.36094,0.46381,0.59893,0.73616,0.83546,0.83595,0.68879,0.40091,0.036534,-0.32531,-0.63315,-0.86805,-1.0289,-1.1115,-1.1036,-0.98997,-0.76792,-0.45853,-0.11106,0.21261,0.46531,0.63367,0.73481,0.78671,0.78758,0.71412,0.54549,0.28393,-0.027903,-0.32219,-0.5359,-0.64275,-0.66676,-0.6647,-0.68524,-0.73695,-0.78862,-0.79504,-0.73072,-0.60877,-0.45698,-0.31413,-0.19996,-0.10765,-0.010298,0.12248,0.28869,0.46879,0.61015,0.65964,0.59584,0.44447,0.27144,0.14387,0.11708,0.20046,0.36077,0.54572,0.71146,0.83706,0.92272,0.97644,1.0159,1.0446,1.063,1.0698
1.9914,2.1458,1.9118,1.5384,1.2405,1.1431,1.2108,1.315,1.3476,1.2554,1.0412,0.76846,0.54865,0.46602,0.50619,0.6078,0.72055,0.82012,0.87646,0.83804,0.65802,0.33859,-0.061303,-0.46593,-0.81665,-1.0849,-1.2551,-1.314,-1.2529,-1.0791,-0.80943,-0.48145,-0.14295,0.15205,0.369,0.50686,0.59358,0.65328,0.67637,0.62988,0.47832,0.21951,-0.10602,-0.42478,-0.66388,-0.78329,-0.80105,-0.77166,-0.749,-0.75251,-0.75951,-0.73431,-0.65656,-0.53059,-0.39162,-0.26697,-0.16635,-0.07653,0.028742,0.16719,0.3518,0.54509,0.69576,0.75796,0.71633,0.59646,0.45146,0.35683,0.35202,0.44238,0.59792,0.77145,0.92099,1.0243,1.0812,1.1068,1.1164,1.1213,1.1265,1.1303
1.9281,2.1051,1.91,1.5724,1.2877,1.1795,1.2287,1.3192,1.3465,1.2545,1.0462,0.78998,0.59547,0.53498,0.58755,0.68848,0.78929,0.86675,0.89423,0.82536,0.61688,0.27127,-0.15362,-0.58139,-0.95069,-1.2274,-1.3894,-1.4223,-1.3231,-1.1107,-0.81678,-0.48321,-0.15948,0.10731,0.29064,0.40098,0.47643,0.54259,0.58922,0.57048,0.44114,0.19184,-0.14013,-0.47738,-0.73623,-0.86826,-0.88029,-0.82856,-0.77234,-0.74352,-0.72567,-0.68374,-0.59592,-0.47421,-0.33675,-0.21595,-0.12362,-0.046681,0.045489,0.18536,0.36919,0.57549,0.75042,0.84023,0.8229,0.72261,0.60245,0.52154,0.52792,0.62667,0.78391,0.94872,1.0794,1.1583,1.191,1.1942,1.1868,1.1792,1.1729,1.1655
1.8314,2.0345,1.8896,1.5965,1.3275,1.2067,1.2355,1.3148,1.3389,1.2472,1.0449,0.8068,0.6408,0.60502,0.67115,0.77092,0.85805,0.90938,0.89953,0.78702,0.53629,0.15561,-0.29549,-0.73827,-1.1089,-1.3699,-1.4995,-1.4905,-1.3519,-1.1081,-0.80384,-0.48113,-0.18796,0.034138,0.16635,0.2382,0.29787,0.37854,0.45946,0.48293,0.3924,0.16573,-0.16039,-0.50819,-0.78875,-0.93878,-0.95454,-0.88283,-0.78944,-0.70901,-0.64349,-0.57353,-0.48354,-0.37115,-0.26428,-0.17606,-0.10671,-0.03685,0.062703,0.21182,0.41608,0.63675,0.82205,0.92659,0.93463,0.86913,0.778,0.72878,0.75331,0.85283,0.99721,1.1421,1.25,1.3039,1.3091,1.2849,1.2534,1.2276,1.2116,1.2019
1.7246,1.9483,1.849,1.5967,1.3424,1.2123,1.2292,1.3066,1.3332,1.2422,1.0452,0.82298,0.68069,0.66547,0.74161,0.83732,0.90797,0.93014,0.88009,0.72232,0.42936,0.017235,-0.4481,-0.88416,-1.2283,-1.4476,-1.5283,-1.4754,-1.3071,-1.0552,-0.76211,-0.4738,-0.23344,-0.077883,-0.0075494,0.018229,0.067294,0.17377,0.30675,0.38962,0.34918,0.15747,-0.15429,-0.50553,-0.80049,-0.96234,-0.97565,-0.88586,-0.75874,-0.64817,-0.56016,-0.47696,-0.3845,-0.29094,-0.20314,-0.13811,-0.091643,-0.038486,0.056517,0.21905,0.44031,0.68695,0.89992,1.0262,1.0475,0.98995,0.91381,0.86941,0.89835,0.99942,1.1379,1.2672,1.352,1.3806,1.3635,1.3231,1.2786,1.2453,1.2261,1.2166
1.6406,1.8748,1.8062,1.5819,1.3384,1.2048,1.2191,1.302,1.3344,1.246,1.054,0.84431,0.71796,0.7139,0.79227,0.88126,0.93622,0.93384,0.85274,0.66218,0.34047,-0.090639,-0.55933,-0.97888,-1.2877,-1.46,-1.4966,-1.4114,-1.2295,-0.98662,-0.72151,-0.47849,-0.29708,-0.20338,-0.18478,-0.1871,-0.13463,0.0015708,0.17975,0.30967,0.30975,0.14981,-0.14217,-0.48744,-0.7853,-0.95672,-0.9736,-0.87304,-0.725,-0.58628,-0.47645,-0.38788,-0.30889,-0.23927,-0.18436,-0.14677,-0.11437,-0.058978,0.051757,0.2369,0.48128,0.74071,0.95623,1.0811,1.1033,1.0504,0.97279,0.93306,0.95818,1.0459,1.1671,1.282,1.358,1.3818,1.361,1.3167,1.2717,1.2384,1.2208,1.2148
1.5269,1.7671,1.7337,1.5435,1.3144,1.1816,1.202,1.3007,1.3465,1.2661,1.0856,0.89536,0.78748,0.79057,0.86107,0.93303,0.96315,0.92873,0.80985,0.58018,0.22464,-0.22725,-0.69461,-1.0835,-1.3308,-1.4256,-1.3924,-1.2648,-1.0781,-0.86774,-0.66635,-0.50692,-0.42087,-0.41848,-0.47344,-0.50743,-0.4398,-0.25149,-0.0064452,0.18637,0.24073,0.12002,-0.14352,-0.47051,-0.76109,-0.92809,-0.93829,-0.82177,-0.64953,-0.48449,-0.35711,-0.27063,-0.21811,-0.19147,-0.18871,-0.19642,-0.18787,-0.12736,0.014504,0.24147,0.52742,0.81748,1.0474,1.1692,1.1729,1.0921,0.99057,0.92247,0.92646,0.99998,1.1097,1.2127,1.2775,1.2948,1.2758,1.2405,1.209,1.1937,1.1947,1.2052
1.4418,1.6808,1.6689,1.5015,1.2837,1.1557,1.1869,1.3032,1.3637,1.2948,1.129,0.95704,0.86098,0.8616,0.91532,0.96609,0.97399,0.91704,0.77475,0.52119,0.14413,-0.32056,-0.78296,-1.1425,-1.337,-1.3696,-1.2827,-1.1265,-0.944,-0.76629,-0.62055,-0.5329,-0.52448,-0.59932,-0.71513,-0.77814,-0.69841,-0.46422,-0.16461,0.079701,0.17324,0.083751,-0.15865,-0.47184,-0.75116,-0.90438,-0.89386,-0.75435,-0.56106,-0.38753,-0.2675,-0.20224,-0.18131,-0.19841,-0.23445,-0.26896,-0.26788,-0.19213,-0.01633,0.25538,0.57707,0.88538,1.1138,1.2191,1.1985,1.0907,0.9577,0.86357,0.84078,0.8884,0.97842,1.073,1.1417,1.172,1.1702,1.1545,1.1426,1.1437,1.1585,1.1817
1.3312,1.5606,1.5701,1.4295,1.2278,1.1114,1.1646,1.3096,1.396,1.3516,1.2153,1.0741,0.99191,0.97717,0.9935,1.0031,0.97498,0.88886,0.7221,0.44591,0.048692,-0.42616,-0.87608,-1.1909,-1.3149,-1.2698,-1.1189,-0.93048,-0.75183,-0.61318,-0.53827,-0.54887,-0.65992,-0.85781,-1.0672,-1.1636,-1.0482,-0.74147,-0.36873,-0.069069,0.0631,0.0031989,-0.21284,-0.5006,-0.75116,-0.87622,-0.83707,-0.66743,-0.45151,-0.26107,-0.14072,-0.10209,-0.13691,-0.2212,-0.33191,-0.42066,-0.43324,-0.32565,-0.085767,0.25621,0.63592,0.97613,1.208,1.2908,1.2264,1.0601,0.86641,0.70987,0.63565,0.648,0.71829,0.80622,0.88087,0.93089,0.96213,0.98698,1.0169,1.0576,1.1057,1.1544
1.2263,1.4372,1.4598,1.3416,1.1575,1.0586,1.1393,1.3176,1.4366,1.4259,1.3296,1.2252,1.1526,1.1098,1.0737,1.027,0.95398,0.83892,0.6561,0.37143,-0.029287,-0.4993,-0.92755,-1.1965,-1.2605,-1.1542,-0.95566,-0.74086,-0.56083,-0.44938,-0.43325,-0.53318,-0.76335,-1.0872,-1.3963,-1.5215,-1.3639,-0.98633,-0.55089,-0.21392,-0.058095,-0.10814,-0.31093,-0.57269,-0.78786,-0.85865,-0.76464,-0.55532,-0.3151,-0.13151,-0.04111,-0.049605,-0.14411,-0.30291,-0.47602,-0.60619,-0.62291,-0.47473,-0.16122,0.26029,0.7027,1.0734,1.2997,1.3464,1.2258,0.99342,0.72559,0.5022,0.3693,0.33424,0.37449,0.45626,0.55069,0.64146,0.72439,0.80397,0.88344,0.96421,1.0451,1.1227
1.1524,1.3446,1.3715,1.2673,1.0972,1.0154,1.119,1.3239,1.4692,1.4873,1.4258,1.3506,1.2832,1.2131,1.1298,1.0329,0.92112,0.78434,0.59603,0.31713,-0.072052,-0.52701,-0.93496,-1.1756,-1.2066,-1.0669,-0.84205,-0.61021,-0.42769,-0.32936,-0.34311,-0.49371,-0.79047,-1.1928,-1.5715,-1.7319,-1.5652,-1.1519,-0.68133,-0.31672,-0.14809,-0.18522,-0.37923,-0.63036,-0.82036,-0.86118,-0.72902,-0.48413,-0.22677,-0.040531,0.030093,-0.018775,-0.16788,-0.38394,-0.61032,-0.76794,-0.77516,-0.58413,-0.21182,0.26837,0.74791,1.134,1.3566,1.3831,1.2271,0.94524,0.62138,0.33593,0.14537,0.068162,0.088196,0.17162,0.28567,0.40959,0.53526,0.6603,0.78343,0.90381,1.0164,1.1153
1.0616,1.2239,1.2496,1.1601,1.0101,0.95446,1.0912,1.3312,1.5099,1.5671,1.5521,1.5148,1.4513,1.3407,1.1882,1.0173,0.84957,0.68676,0.50288,0.25053,-0.10277,-0.52355,-0.90402,-1.1231,-1.13,-0.96221,-0.70824,-0.45382,-0.26008,-0.16482,-0.19722,-0.38703,-0.74591,-1.2318,-1.6908,-1.8979,-1.7278,-1.2865,-0.79467,-0.42174,-0.25377,-0.28869,-0.47107,-0.69783,-0.84821,-0.84461,-0.67303,-0.40111,-0.13694,0.038909,0.08492,-0.0030736,-0.20645,-0.48184,-0.7686,-0.96727,-0.97114,-0.72595,-0.27138,0.27867,0.81168,1.2191,1.4318,1.4236,1.2155,0.87094,0.47561,0.11813,-0.13928,-0.27073,-0.28303,-0.20202,-0.058406,0.12042,0.31296,0.50336,0.68297,0.8445,0.9854,1.1058
0.98072,1.11,1.1277,1.0478,0.91857,0.89114,1.0621,1.3335,1.5411,1.6332,1.6614,1.6582,1.5953,1.442,1.2168,0.96825,0.74375,0.56148,0.39733,0.19139,-0.10771,-0.48283,-0.83529,-1.046,-1.0468,-0.86915,-0.59664,-0.32177,-0.10742,0.0022391,-0.026916,-0.22584,-0.6168,-1.1502,-1.6613,-1.8983,-1.7341,-1.2977,-0.81533,-0.46308,-0.30728,-0.35631,-0.53483,-0.73427,-0.84957,-0.79297,-0.58093,-0.29672,-0.04106,0.099462,0.096777,-0.042425,-0.29052,-0.60813,-0.9127,-1.1014,-1.0711,-0.77932,-0.27872,0.31728,0.86825,1.2793,1.4836,1.4553,1.2147,0.82371,0.37376,-0.051242,-0.37957,-0.56911,-0.6104,-0.52171,-0.33877,-0.10255,0.1511,0.39853,0.62282,0.81837,0.98493,1.1243
0.92646,1.0311,1.0392,0.96327,0.84896,0.8432,1.0387,1.3308,1.5556,1.6694,1.7257,1.7441,1.6787,1.4928,1.213,0.90697,0.64342,0.45381,0.31359,0.15073,-0.10173,-0.43886,-0.7683,-0.97112,-0.97304,-0.79762,-0.52321,-0.23913,-0.010913,0.11581,0.1024,-0.084174,-0.4653,-0.9938,-1.5128,-1.7759,-1.654,-1.2542,-0.79842,-0.454,-0.30111,-0.33664,-0.5017,-0.69168,-0.78898,-0.7287,-0.51566,-0.23571,-0.00087176,0.1198,0.095623,-0.06452,-0.3321,-0.65713,-0.97167,-1.1612,-1.1137,-0.78863,-0.25288,0.36117,0.92409,1.3321,1.522,1.4727,1.2084,0.79281,0.31064,-0.14549,-0.50619,-0.72478,-0.78321,-0.69244,-0.48733,-0.21499,0.079182,0.361,0.61336,0.82761,1.004,1.1473
0.86246,0.93747,0.92876,0.85344,0.75683,0.78014,1.0047,1.3196,1.5614,1.6973,1.7838,1.8237,1.7498,1.5192,1.1681,0.79024,0.48314,0.29628,0.20076,0.104,-0.082075,-0.36607,-0.66287,-0.85298,-0.86232,-0.69933,-0.43396,-0.14551,0.099555,0.25361,0.27779,0.13028,-0.20659,-0.69936,-1.2032,-1.4949,-1.434,-1.0967,-0.68678,-0.36658,-0.22042,-0.24609,-0.38815,-0.54849,-0.62291,-0.55507,-0.36105,-0.12315,0.061662,0.12757,0.061013,-0.12086,-0.38699,-0.69668,-0.97597,-1.1281,-1.0523,-0.71245,-0.17297,0.43832,0.99183,1.3889,1.5662,1.5016,1.2182,0.77929,0.27507,-0.21445,-0.61016,-0.85566,-0.92205,-0.81564,-0.57725,-0.26625,0.06184,0.37202,0.64015,0.86453,1.0489,1.1992
0.82068,0.87695,0.85351,0.77546,0.68974,0.73303,0.97714,1.3053,1.5566,1.7044,1.8073,1.8571,1.7733,1.508,1.1054,0.67805,0.34473,0.16838,0.11587,0.076671,-0.054799,-0.29733,-0.57086,-0.75436,-0.77317,-0.62399,-0.36704,-0.078159,0.17818,0.35384,0.40726,0.29732,-0.00030508,-0.4546,-0.93257,-1.2258,-1.1959,-0.90695,-0.536,-0.2423,-0.099727,-0.12087,-0.24533,-0.38124,-0.44368,-0.37449,-0.20262,-0.0075823,0.12731,0.14546,0.0435,-0.15442,-0.41376,-0.69532,-0.93529,-1.0462,-0.94348,-0.60017,-0.07629,0.51587,1.0462,1.4229,1.5847,1.5106,1.2236,0.78513,0.2748,-0.21594,-0.61834,-0.87361,-0.94508,-0.83255,-0.57725,-0.24477,0.10242,0.42105,0.69678,0.92263,1.1025,1.2439
0.77237,0.8096,0.76529,0.67894,0.60429,0.67192,0.93801,1.2799,1.5406,1.6997,1.8164,1.8726,1.7708,1.4587,0.99053,0.50175,0.13935,-0.014528,0.00085704,0.049844,0.0013084,-0.1804,-0.42284,-0.60366,-0.64008,-0.5157,-0.27737,0.0049119,0.2691,0.46865,0.55928,0.50255,0.27084,-0.11025,-0.53074,-0.81323,-0.83116,-0.6146,-0.30127,-0.02876,0.12094,0.13458,0.048345,-0.063376,-0.11732,-0.078058,0.040095,0.16731,0.22512,0.18069,0.039913,-0.16353,-0.39467,-0.61996,-0.79958,-0.86852,-0.75438,-0.4275,0.064099,0.61183,1.1116,1.4659,1.6135,1.5322,1.2427,0.80385,0.3014,-0.19036,-0.58869,-0.83078,-0.88134,-0.74659,-0.4746,-0.13425,0.21268,0.52772,0.79311,1.0078,1.1776,1.3108
0.73098,0.7567,0.69132,0.59179,0.52488,0.614,0.89983,1.2531,1.5199,1.6848,1.8078,1.8619,1.7391,1.3819,0.85262,0.30677,-0.080786,-0.20698,-0.1166,0.027455,0.067814,-0.046792,-0.25235,-0.43215,-0.48981,-0.39781,-0.18983,0.075051,0.33826,0.5533,0.67919,0.6759,0.52057,0.22538,-0.12502,-0.38762,-0.44317,-0.28688,-0.023277,0.22875,0.38628,0.42707,0.37893,0.30287,0.26095,0.28452,0.35059,0.40001,0.37627,0.25852,0.071505,-0.14213,-0.34567,-0.51616,-0.62782,-0.64052,-0.50839,-0.2112,0.21955,0.70998,1.1557,1.4749,1.6065,1.5258,1.2505,0.83555,0.35324,-0.10736,-0.47692,-0.69473,-0.72572,-0.57755,-0.30136,0.032728,0.36548,0.66144,0.90833,1.1065,1.2613,1.3795
0.70341,0.72507,0.64406,0.53265,0.46982,0.57402,0.87548,1.2378,1.5077,1.6742,1.7977,1.8464,1.7064,1.3177,0.74626,0.15977,-0.2454,-0.3496,-0.20319,0.0096572,0.11416,0.050196,-0.12382,-0.29686,-0.36743,-0.30131,-0.12114,0.12357,0.37997,0.60059,0.74775,0.78205,0.67998,0.44671,0.15007,-0.087834,-0.15425,-0.03217,0.20228,0.43927,0.60196,0.65908,0.63471,0.58159,0.54972,0.565,0.60099,0.60191,0.52127,0.35046,0.12786,-0.093755,-0.27744,-0.40728,-0.47927,-0.46919,-0.33951,-0.067637,0.3241,0.76597,1.1787,1.476,1.5979,1.5189,1.2538,0.85494,0.3988,-0.039542,-0.38098,-0.5667,-0.56996,-0.40755,-0.13325,0.18687,0.49926,0.7737,0.99896,1.1773,1.3153,1.4207
0.66889,0.69079,0.58949,0.46085,0.40245,0.52871,0.85535,1.2332,1.5081,1.6738,1.7929,1.8299,1.6664,1.2394,0.61584,-0.023251,-0.45324,-0.5322,-0.31813,-0.021687,0.16178,0.1623,0.033142,-0.11765,-0.19564,-0.15988,-0.019281,0.18791,0.42022,0.63696,0.80261,0.88367,0.84957,0.69948,0.47834,0.28277,0.20894,0.29075,0.48274,0.70056,0.86934,0.95522,0.96587,0.94106,0.92482,0.92969,0.93267,0.88261,0.73844,0.50778,0.24067,0.0020329,-0.16568,-0.25598,-0.27778,-0.23274,-0.10473,0.12331,0.44409,0.81747,1.1694,1.4311,1.5443,1.4795,1.2464,0.89025,0.47763,0.090769,-0.20294,-0.34977,-0.32831,-0.15975,0.10157,0.39429,0.67265,0.91203,1.1082,1.2636,1.3836,1.4731
0.64339,0.66865,0.55289,0.41134,0.35667,0.50284,0.85306,1.247,1.5284,1.6929,1.8052,1.8308,1.6498,1.1966,0.53722,-0.14116,-0.59421,-0.66254,-0.40628,-0.053197,0.18631,0.23497,0.14201,0.012991,-0.065408,-0.049473,0.058336,0.2288,0.4311,0.6361,0.81294,0.92938,0.9488,0.86118,0.69627,0.53324,0.45786,0.51392,0.67302,0.8706,1.0384,1.1399,1.1765,1.1785,1.179,1.1886,1.1783,1.0991,0.91763,0.64648,0.34691,0.092286,-0.07151,-0.13975,-0.13758,-0.077305,0.046711,0.24751,0.52284,0.8429,1.1528,1.3888,1.4959,1.4427,1.2328,0.90668,0.53228,0.18202,-0.071158,-0.1797,-0.13391,0.036988,0.28071,0.54471,0.79178,1.0032,1.1759,1.312,1.4166,1.4947
0.6082,0.64042,0.50771,0.34942,0.30267,0.48125,0.87128,1.2962,1.5926,1.7564,1.855,1.8603,1.6555,1.1705,0.46937,-0.25858,-0.7513,-0.82345,-0.52708,-0.10758,0.20481,0.32072,0.2799,0.17998,0.10253,0.091725,0.1502,0.26425,0.41657,0.598,0.78835,0.95223,1.0485,1.0441,0.9493,0.82191,0.74402,0.76765,0.88983,1.0603,1.2212,1.3345,1.3977,1.432,1.4602,1.483,1.4683,1.3671,1.1509,0.83767,0.49941,0.22301,0.06215,0.013584,0.045723,0.12266,0.23612,0.39669,0.61077,0.86184,1.1134,1.3126,1.4097,1.3739,1.2048,0.93417,0.61547,0.32486,0.12095,0.045425,0.1048,0.26886,0.48749,0.71427,0.92052,1.0947,1.2389,1.3551,1.4464,1.5145
0.57025,0.61143,0.46334,0.29089,0.25788,0.47805,0.91793,1.3836,1.7037,1.869,1.9496,1.9286,1.6977,1.187,0.45399,-0.3154,-0.85554,-0.95724,-0.64869,-0.17809,0.20446,0.39013,0.40399,0.33065,0.25203,0.21129,0.221,0.27855,0.38402,0.54045,0.73816,0.94536,1.1114,1.1876,1.1602,1.0669,0.98174,0.96785,1.0452,1.1826,1.3303,1.452,1.5392,1.6064,1.6676,1.7115,1.7028,1.5939,1.3576,1.0222,0.66153,0.36572,0.19501,0.15542,0.20342,0.2979,0.41421,0.54908,0.70789,0.89094,1.0782,1.2374,1.3277,1.3134,1.1818,0.95495,0.68764,0.44024,0.27872,0.23718,0.31008,0.46127,0.64599,0.82982,0.9953,1.1397,1.2594,1.3601,1.4432,1.5083
0.53933,0.58781,0.42976,0.24921,0.23133,0.48882,0.9718,1.4731,1.8153,1.9834,2.0491,2.0056,1.7538,1.2281,0.47981,-0.31392,-0.89229,-1.0316,-0.73356,-0.238,0.19142,0.42806,0.48321,0.43088,0.35095,0.28742,0.26082,0.27619,0.34812,0.48708,0.69107,0.93033,1.1432,1.2737,1.291,1.222,1.1295,1.0846,1.1188,1.2215,1.3544,1.4801,1.5879,1.6844,1.7727,1.8415,1.8474,1.7404,1.4985,1.1465,0.76657,0.45864,0.28947,0.25904,0.32531,0.431,0.54292,0.65631,0.78055,0.92015,1.0685,1.1998,1.2777,1.27,1.1635,0.97362,0.73912,0.52645,0.38534,0.34726,0.41074,0.54521,0.70962,0.87204,1.0177,1.1438,1.2554,1.3516,1.4309,1.4915
0.49462,0.55289,0.38465,0.19836,0.20675,0.52124,1.0658,1.6178,1.9908,2.1644,2.211,2.136,1.8572,1.3161,0.55709,-0.25911,-0.88602,-1.0846,-0.81797,-0.30804,0.16803,0.4612,0.56481,0.54225,0.46386,0.37465,0.29875,0.25762,0.28138,0.39966,0.62057,0.90561,1.1813,1.3705,1.4309,1.3742,1.264,1.1757,1.1593,1.2208,1.332,1.4631,1.5954,1.7258,1.8525,1.9498,1.9747,1.8785,1.6375,1.2834,0.89907,0.58609,0.41465,0.39247,0.47117,0.59022,0.70793,0.80991,0.9008,0.99229,1.088,1.1803,1.2448,1.2469,1.162,0.99445,0.78585,0.58697,0.45608,0.42222,0.47815,0.59158,0.72687,0.86079,0.98497,1.0993,1.2049,1.301,1.3843,1.4508
0.44599,0.51435,0.34026,0.15549,0.1973,0.57314,1.18,1.7794,2.1812,2.3602,2.3891,2.2848,1.9823,1.4319,0.67235,-0.15367,-0.81598,-1.0698,-0.84499,-0.34053,0.15855,0.48543,0.61974,0.61834,0.53985,0.42958,0.31403,0.22796,0.21392,0.31975,0.55745,0.87936,1.2028,1.4335,1.5205,1.4668,1.3362,1.2075,1.1452,1.1662,1.2553,1.3832,1.5328,1.6971,1.8621,1.9986,2.055,1.9794,1.7503,1.3978,1.0075,0.68665,0.51357,0.49943,0.59659,0.73551,0.86366,0.96041,1.0308,1.0907,1.1523,1.2147,1.2569,1.2469,1.1605,0.99985,0.79397,0.59908,0.46261,0.41228,0.44567,0.53691,0.65421,0.77548,0.89267,1.0075,1.1169,1.2203,1.3131,1.3905
0.4074,0.48377,0.30903,0.13026,0.20088,0.62277,1.2743,1.9052,2.3245,2.5061,2.5222,2.3977,2.0808,1.5281,0.77592,-0.046372,-0.72247,-1.0103,-0.81985,-0.33079,0.17057,0.507,0.64934,0.64899,0.56338,0.43784,0.30408,0.19996,0.17525,0.28118,0.52559,0.8626,1.2017,1.4502,1.5475,1.4958,1.3503,1.1939,1.0966,1.0891,1.1647,1.2958,1.462,1.6499,1.8413,2.0031,2.0822,2.0248,1.8082,1.4614,1.0712,0.74891,0.57717,0.56804,0.67617,0.82558,0.96106,1.0602,1.1265,1.1741,1.2182,1.2624,1.2898,1.2682,1.1699,0.99388,0.77548,0.55981,0.40366,0.33699,0.35663,0.43599,0.54494,0.66423,0.7869,0.90976,1.0333,1.1513,1.256,1.3406
0.35423,0.44195,0.27302,0.1084,0.22008,0.69988,1.4036,2.0687,2.5046,2.686,2.6849,2.536,2.2038,1.6559,0.92661,0.12743,-0.54811,-0.87005,-0.73019,-0.27805,0.20741,0.5377,0.67267,0.65645,0.55229,0.40642,0.25903,0.1483,0.13047,0.24818,0.50454,0.85034,1.1922,1.44,1.532,1.4669,1.2987,1.114,0.9876,0.96026,1.0273,1.1671,1.3525,1.5656,1.7876,1.9782,2.0847,2.0524,1.8544,1.522,1.1386,0.81287,0.63142,0.62113,0.73201,0.89624,1.0527,1.1699,1.2446,1.2914,1.3246,1.3469,1.3446,1.2907,1.162,0.95771,0.70447,0.45832,0.26689,0.16489,0.15856,0.22764,0.3408,0.4728,0.61134,0.75614,0.8967,1.0309,1.1527,1.256
0.31372,0.41127,0.2515,0.10247,0.24489,0.76288,1.4983,2.1825,2.6254,2.8032,2.7885,2.6224,2.2821,1.7442,1.0411,0.27294,-0.387,-0.72514,-0.62617,-0.21513,0.24177,0.55278,0.67144,0.63734,0.51691,0.35873,0.20497,0.099587,0.096466,0.22981,0.49844,0.84322,1.1751,1.4042,1.4775,1.393,1.2112,1.017,0.88741,0.85818,0.92607,1.0671,1.2598,1.4881,1.7293,1.9445,2.0748,2.0615,1.8777,1.5485,1.1602,0.82738,0.64309,0.6319,0.75259,0.92678,1.0902,1.2122,1.2923,1.3449,1.3818,1.4047,1.3937,1.3173,1.153,0.9064,0.61558,0.33106,0.11092,-0.0099941,-0.028273,0.034595,0.14967,0.29466,0.45644,0.62083,0.78976,0.94833,1.0857,1.1953
0.25993,0.37304,0.23232,0.1091,0.28943,0.84912,1.6154,2.315,2.7608,2.9301,2.8965,2.7097,2.3627,1.8446,1.1853,0.47109,-0.1518,-0.49559,-0.44724,-0.10561,0.28793,0.54909,0.62925,0.56761,0.42649,0.26086,0.11348,0.032896,0.060134,0.21983,0.49418,0.82171,1.1215,1.3138,1.3513,1.2417,1.0448,0.84892,0.72727,0.71197,0.79364,0.94487,1.1464,1.3863,1.6449,1.8815,2.0351,2.0442,1.8766,1.5572,1.1686,0.82586,0.62673,0.60536,0.72161,0.8997,1.0744,1.2136,1.3141,1.3857,1.4375,1.4601,1.4295,1.3167,1.1058,0.80831,0.46218,0.12995,-0.13256,-0.28471,-0.31648,-0.2478,-0.11307,0.057172,0.24416,0.44074,0.62941,0.80698,0.9658,1.0994
0.2075,0.33977,0.22562,0.13188,0.34438,0.93292,1.7155,2.4193,2.8614,3.0189,2.9663,2.7621,2.413,1.9183,1.3075,0.65402,0.081301,-0.25039,-0.24187,0.024283,0.33399,0.51918,0.53828,0.43572,0.27381,0.10996,-0.010335,-0.046397,0.029085,0.22224,0.4973,0.79565,1.0457,1.1836,1.1737,1.0338,0.82782,0.64515,0.55068,0.56711,0.67224,0.83776,1.0449,1.2888,1.5552,1.8054,1.9758,2.0012,1.848,1.5348,1.1433,0.78808,0.57027,0.52965,0.63393,0.80893,0.98846,1.1389,1.2568,1.3512,1.4239,1.461,1.4294,1.2936,1.039,0.68529,0.28571,-0.096559,-0.39553,-0.56972,-0.61027,-0.53697,-0.38365,-0.18344,0.038249,0.2646,0.48277,0.68065,0.85192,0.99424
0.16946,0.31889,0.22844,0.15834,0.39018,0.99163,1.7773,2.4777,2.9128,3.0594,2.993,2.7775,2.4292,1.9535,1.3793,0.7733,0.24267,-0.074192,-0.091395,0.11701,0.35744,0.47695,0.4419,0.30065,0.12245,-0.036151,-0.128,-0.12326,-0.003272,0.21926,0.49879,0.77481,0.98135,1.0678,1.015,0.85107,0.6482,0.48723,0.42553,0.4686,0.59252,0.76417,0.97273,1.2163,1.4821,1.7353,1.9131,1.9493,1.807,1.5009,1.1084,0.74312,0.50898,0.44905,0.53716,0.7003,0.87473,1.0297,1.1622,1.2782,1.374,1.4255,1.3941,1.2452,0.96777,0.5856,0.15179,-0.25703,-0.57668,-0.76292,-0.80603,-0.72794,-0.56574,-0.35426,-0.11855,0.12494,0.35894,0.57497,0.76462,0.92263
0.12078,0.29666,0.24186,0.20311,0.45427,1.0623,1.8425,2.5305,2.9511,3.081,2.9955,2.7666,2.4208,1.9703,1.4457,0.90192,0.42627,0.12841,0.075132,0.20377,0.35036,0.38396,0.28084,0.093866,-0.10386,-0.25347,-0.31004,-0.25019,-0.071169,0.19191,0.48165,0.73163,0.88514,0.90748,0.80124,0.6089,0.411,0.28241,0.26561,0.35044,0.50015,0.68253,0.88729,1.1189,1.3752,1.6231,1.8049,1.8545,1.7272,1.4374,1.052,0.67698,0.41528,0.32141,0.371,0.50548,0.6649,0.81886,0.96472,1.107,1.2371,1.3223,1.3131,1.1668,0.87192,0.46008,-0.0014513,-0.43735,-0.77571,-0.97428,-1.0256,-0.9502,-0.7825,-0.55757,-0.30447,-0.042082,0.20932,0.43793,0.63791,0.80737
0.085525,0.28412,0.25808,0.24193,0.50291,1.1086,1.8792,2.5535,2.9599,3.0754,2.9759,2.737,2.3933,1.9619,1.473,0.97399,0.53676,0.2501,0.16807,0.23678,0.3143,0.28665,0.13766,-0.076858,-0.28536,-0.42651,-0.45923,-0.36006,-0.14062,0.15109,0.44788,0.6818,0.8043,0.79123,0.65448,0.44944,0.25773,0.15443,0.16795,0.27964,0.44374,0.62589,0.81988,1.0387,1.2841,1.5308,1.7172,1.7738,1.6589,1.3763,0.99549,0.61961,0.34629,0.2238,0.2417,0.34284,0.47633,0.61906,0.77081,0.93379,1.0927,1.2063,1.2196,1.0877,0.79982,0.38899,-0.081389,-0.52177,-0.86532,-1.0717,-1.1349,-1.0748,-0.92162,-0.70476,-0.44939,-0.17946,0.085375,0.33073,0.54577,0.72555
0.039404,0.27175,0.28571,0.29786,0.5661,1.1618,1.913,2.5653,2.9493,3.0436,2.9244,2.6717,2.3294,1.9215,1.4768,1.0323,0.64084,0.3678,0.252,0.24765,0.23804,0.13117,-0.077315,-0.32655,-0.544,-0.66989,-0.66863,-0.52184,-0.25581,0.070328,0.37857,0.6021,0.69781,0.65181,0.48781,0.27575,0.10198,0.034705,0.085096,0.22014,0.38972,0.56225,0.73744,0.93227,1.1563,1.3878,1.5736,1.6468,1.557,1.3062,0.94724,0.5712,0.27105,0.10312,0.062001,0.10833,0.19992,0.31855,0.46739,0.64893,0.84573,1.0095,1.0757,0.99055,0.73707,0.34631,-0.11007,-0.55396,-0.91153,-1.1406,-1.2325,-1.2018,-1.0723,-0.86951,-0.61913,-0.34337,-0.070862,0.18199,0.40587,0.59751
-0.0062774,0.26261,0.31688,0.35422,0.62506,1.2055,1.9329,2.5595,2.9188,2.9904,2.8513,2.5844,2.2401,1.8509,1.4436,1.0466,0.69581,0.43775,0.29719,0.23107,0.14151,-0.041688,-0.30769,-0.58947,-0.81013,-0.91786,-0.88128,-0.69864,-0.39791,-0.043685,0.28259,0.51261,0.6014,0.54165,0.36977,0.16417,0.016544,-0.0178,0.063037,0.21123,0.37376,0.52231,0.66282,0.82242,1.0195,1.2384,1.4292,1.5224,1.4648,1.2484,0.91748,0.55192,0.23527,0.021094,-0.082693,-0.10259,-0.067518,0.013019,0.14661,0.33877,0.56803,0.78284,0.91245,0.89501,0.70516,0.36642,-0.056616,-0.48556,-0.84884,-1.1044,-1.2425,-1.2706,-1.1983,-1.035,-0.79909,-0.52416,-0.23772,0.032198,0.26922,0.46877
-0.041166,0.2567,0.3405,0.39465,0.66532,1.2322,1.9404,2.546,2.8857,2.9404,2.7873,2.5096,2.1614,1.7812,1.3958,1.0294,0.70744,0.46279,0.30868,0.20186,0.05796,-0.17567,-0.47628,-0.77311,-0.99123,-1.0874,-1.0358,-0.84018,-0.52483,-0.1542,0.19038,0.43558,0.53486,0.48272,0.32223,0.13455,0.0095013,-0.004636,0.085385,0.23048,0.37872,0.50376,0.61549,0.747,0.92162,1.1322,1.3283,1.4382,1.4083,1.2207,0.91588,0.565,0.24179,-0.0030874,-0.15415,-0.22776,-0.24105,-0.19654,-0.083255,0.10605,0.35529,0.60983,0.79385,0.83826,0.71006,0.42508,0.040669,-0.37111,-0.74509,-1.0369,-1.2252,-1.3026,-1.2691,-1.1324,-0.91366,-0.64224,-0.35778,-0.086603,0.1562,0.36505
-0.089652,0.24787,0.37007,0.44433,0.7126,1.2608,1.9416,2.5182,2.8305,2.864,2.6947,2.4041,2.0485,1.6718,1.3059,0.97274,0.68702,0.46369,0.29778,0.14408,-0.061728,-0.34672,-0.6738,-0.97048,-1.1804,-1.27,-1.2217,-1.0297,-0.71227,-0.32775,0.041642,0.31706,0.45004,0.43283,0.3088,0.15873,0.066565,0.073512,0.16376,0.29063,0.40949,0.4989,0.57452,0.66888,0.81187,1.0026,1.2018,1.3425,1.3569,1.2229,0.95849,0.62165,0.28453,0.0053879,-0.1968,-0.32512,-0.3949,-0.40614,-0.33859,-0.17044,0.09051,0.39371,0.65395,0.78732,0.74689,0.5377,0.20797,-0.17929,-0.55892,-0.88678,-1.1379,-1.2951,-1.3399,-1.2611,-1.0703,-0.81007,-0.51799,-0.23458,0.017143,0.23015
-0.14166,0.23579,0.39471,0.48688,0.7521,1.2819,1.9356,2.4812,2.766,2.7789,2.5967,2.2969,1.9333,1.553,1.197,0.88861,0.63606,0.43657,0.26836,0.084071,-0.16445,-0.48168,-0.81854,-1.1082,-1.3121,-1.4058,-1.3778,-1.2067,-0.9041,-0.51657,-0.12713,0.18447,0.366,0.40589,0.33818,0.23678,0.17619,0.19368,0.27948,0.38854,0.47689,0.52685,0.55605,0.60828,0.72204,0.90645,1.1203,1.2888,1.3433,1.2444,1.0127,0.70146,0.37363,0.078899,-0.156,-0.3333,-0.45867,-0.52502,-0.50669,-0.37412,-0.11858,0.21508,0.53824,0.75493,0.80354,0.67505,0.40227,0.045969,-0.3414,-0.71463,-1.0353,-1.2658,-1.3727,-1.3409,-1.185,-0.93965,-0.66135,-0.38488,-0.13025,0.094411
-0.18342,0.22318,0.40781,0.51257,0.77573,1.2927,1.9269,2.449,2.7124,2.71,2.5194,2.2152,1.8473,1.4631,1.1107,0.81686,0.58662,0.40677,0.24475,0.050533,-0.21598,-0.54772,-0.88965,-1.1801,-1.3827,-1.4833,-1.472,-1.3248,-1.0404,-0.65845,-0.2556,0.085395,0.30787,0.3971,0.3808,0.32246,0.2859,0.30655,0.3775,0.46403,0.52775,0.55336,0.55787,0.58557,0.68004,0.85525,1.0758,1.2659,1.3481,1.2806,1.0734,0.77586,0.45098,0.15188,-0.095675,-0.29062,-0.44059,-0.53971,-0.55904,-0.46261,-0.2229,0.12077,0.47809,0.74407,0.84623,0.76656,0.53079,0.19282,-0.19257,-0.58098,-0.93547,-1.2171,-1.382,-1.3977,-1.2665,-1.0363,-0.75323,-0.46829,-0.21102,0.0087829
-0.24285,0.19986,0.41632,0.53643,0.79789,1.3001,1.9095,2.401,2.6345,2.6102,2.4095,2.1035,1.7349,1.3489,1.0001,0.72217,0.51865,0.36604,0.21922,0.023284,-0.25541,-0.59855,-0.94421,-1.2341,-1.4336,-1.5429,-1.5534,-1.4488,-1.2057,-0.84552,-0.43233,-0.050813,0.23338,0.39461,0.45037,0.44862,0.44234,0.46375,0.51101,0.5624,0.59274,0.58999,0.57385,0.58322,0.66029,0.82504,1.047,1.2549,1.3653,1.3303,1.151,0.87234,0.55796,0.26361,0.016862,-0.18111,-0.34397,-0.47323,-0.54171,-0.4955,-0.30356,0.027397,0.41393,0.73696,0.90317,0.87874,0.68434,0.3656,-0.025414,-0.44133,-0.83727,-1.1639,-1.3702,-1.4227,-1.3256,-1.1146,-0.85065,-0.57737,-0.3211,-0.09325
-0.29009,0.17703,0.41489,0.54585,0.80714,1.2999,1.892,2.3613,2.5721,2.5309,2.3236,2.0195,1.6548,1.2718,0.9262,0.65883,0.47399,0.34149,0.2072,0.012504,-0.2712,-0.61601,-0.95557,-1.2345,-1.4293,-1.5468,-1.5815,-1.5166,-1.317,-0.98266,-0.56989,-0.16003,0.17243,0.39114,0.5013,0.53866,0.55053,0.56781,0.60051,0.6329,0.64377,0.62413,0.59052,0.58495,0.65356,0.81666,1.0442,1.2601,1.3823,1.3576,1.1919,0.93,0.63178,0.34987,0.11093,-0.086762,-0.25383,-0.39019,-0.47124,-0.45576,-0.28607,0.025527,0.40292,0.73176,0.91745,0.91977,0.74715,0.44447,0.060447,-0.35931,-0.77044,-1.1232,-1.3626,-1.4459,-1.3674,-1.1699,-0.90471,-0.62565,-0.36722,-0.14354
-0.35566,0.139,0.40147,0.54578,0.80902,1.2912,1.8619,2.3035,2.4842,2.4206,2.2059,1.9084,1.5556,1.1811,0.84273,0.58899,0.42735,0.32018,0.20129,0.0085735,-0.27655,-0.61319,-0.93263,-1.1866,-1.3754,-1.5104,-1.5923,-1.5878,-1.4508,-1.1566,-0.74898,-0.30836,0.083106,0.37669,0.55782,0.64743,0.67901,0.68689,0.69019,0.68996,0.67604,0.64206,0.60188,0.59177,0.65555,0.81382,1.0417,1.2652,1.3963,1.3857,1.2307,0.9771,0.69113,0.42815,0.21695,0.051857,-0.091014,-0.2235,-0.32549,-0.33913,-0.22399,0.042984,0.40084,0.73336,0.93421,0.95255,0.7945,0.4994,0.11341,-0.31627,-0.74198,-1.1096,-1.3614,-1.4555,-1.3892,-1.2014,-0.94511,-0.67341,-0.41686,-0.18794
-0.42238,0.091919,0.37382,0.53051,0.79718,1.2707,1.8229,2.2379,2.3903,2.3049,2.0851,1.7994,1.4646,1.106,0.78002,0.54099,0.40023,0.31465,0.21006,0.023874,-0.2544,-0.57639,-0.87541,-1.115,-1.3037,-1.4588,-1.585,-1.6387,-1.5611,-1.3128,-0.91598,-0.45387,-0.010717,0.34719,0.59011,0.71924,0.76227,0.75725,0.73114,0.70001,0.66399,0.62238,0.58694,0.5855,0.65468,0.81473,1.0384,1.2559,1.3846,1.3717,1.2232,0.98502,0.72025,0.48613,0.30131,0.16027,0.043146,-0.061702,-0.14215,-0.16439,-0.067882,0.15629,0.46113,0.74875,0.92219,0.92918,0.76936,0.47337,0.087612,-0.34044,-0.76191,-1.1239,-1.3728,-1.4693,-1.4085,-1.2192,-0.96589,-0.69235,-0.43003,-0.1931
-0.47199,0.050834,0.34275,0.50837,0.77867,1.2469,1.786,2.1834,2.316,2.2162,1.9947,1.7201,1.4033,1.062,0.74998,0.52291,0.39412,0.31947,0.22322,0.044147,-0.22486,-0.53477,-0.82327,-1.0607,-1.2529,-1.4201,-1.566,-1.654,-1.6181,-1.4092,-1.0333,-0.56449,-0.092519,0.3058,0.58669,0.73879,0.78673,0.76902,0.72595,0.67879,0.63257,0.58631,0.54776,0.54634,0.62086,0.78833,1.0221,1.2446,1.3698,1.3491,1.1907,0.94996,0.69759,0.4851,0.33773,0.23805,0.15633,0.075857,0.0078407,-0.0073784,0.068576,0.25847,0.5232,0.77314,0.91633,0.90177,0.72721,0.42525,0.037421,-0.39076,-0.81136,-1.1703,-1.4112,-1.4942,-1.4174,-1.2228,-0.95785,-0.67571,-0.40804,-0.16785
-0.53568,-0.011604,0.28793,0.46402,0.73991,1.2028,1.7259,2.1015,2.2116,2.0968,1.8757,1.6193,1.3314,1.0194,0.7319,0.52255,0.40511,0.33756,0.24725,0.07692,-0.17863,-0.47382,-0.75263,-0.9888,-1.1853,-1.3633,-1.5254,-1.649,-1.6669,-1.5143,-1.1788,-0.71279,-0.21399,0.22759,0.54692,0.72206,0.77002,0.733,0.65986,0.58403,0.5212,0.47198,0.44424,0.46229,0.55643,0.74133,0.98206,1.2006,1.3148,1.2819,1.1175,0.88066,0.64331,0.46201,0.35179,0.29654,0.26576,0.23917,0.21959,0.23018,0.30711,0.46018,0.65881,0.83368,0.91101,0.8477,0.64193,0.32062,-0.075868,-0.50212,-0.90894,-1.2431,-1.4537,-1.509,-1.4123,-1.1973,-0.9257,-0.64011,-0.36781,-0.11943
-0.59382,-0.081866,0.21792,0.4024,0.68506,1.1432,1.6516,2.0091,2.103,1.9784,1.7616,1.5262,1.2697,0.99119,0.73102,0.5403,0.43133,0.36568,0.27687,0.11232,-0.13238,-0.41479,-0.68397,-0.91494,-1.1144,-1.3009,-1.4816,-1.6353,-1.6999,-1.5963,-1.296,-0.84109,-0.3282,0.13581,0.47282,0.65139,0.68655,0.62477,0.51969,0.41631,0.33954,0.29551,0.29011,0.33769,0.4612,0.66724,0.91657,1.1326,1.2366,1.1877,1.01,0.76933,0.54434,0.39143,0.32811,0.33008,0.36044,0.39376,0.4269,0.47679,0.56052,0.68507,0.8252,0.92654,0.93118,0.80663,0.55395,0.2058,-0.1994,-0.61799,-1.0047,-1.311,-1.4902,-1.5133,-1.3865,-1.1526,-0.86232,-0.56332,-0.2851,-0.038193
-0.6324,-0.13855,0.15603,0.34535,0.63311,1.0887,1.5871,1.9334,2.0187,1.8912,1.6812,1.4632,1.2309,0.97692,0.73589,0.55715,0.45361,0.38985,0.30291,0.14295,-0.094152,-0.36849,-0.63256,-0.86274,-1.0671,-1.2612,-1.455,-1.6229,-1.706,-1.626,-1.3471,-0.90826,-0.40202,0.060611,0.39601,0.56377,0.57993,0.49431,0.36983,0.25627,0.17673,0.13911,0.14267,0.20497,0.35328,0.58252,0.85267,1.0786,1.1751,1.1148,0.92115,0.66861,0.44497,0.31168,0.28313,0.33122,0.41089,0.49149,0.5674,0.65022,0.74929,0.86652,0.97379,1.0225,0.96729,0.78784,0.49859,0.12277,-0.29322,-0.70469,-1.0676,-1.3386,-1.4802,-1.4728,-1.3272,-1.0815,-0.79066,-0.49465,-0.21838,0.029413
-0.67428,-0.2172,0.062849,0.25608,0.55085,1.0038,1.4909,1.8252,1.9035,1.7781,1.5821,1.3901,1.1896,0.96435,0.74263,0.57493,0.47831,0.42103,0.34229,0.19284,-0.033958,-0.30318,-0.56986,-0.81091,-1.026,-1.2279,-1.4239,-1.5909,-1.6732,-1.608,-1.3558,-0.94934,-0.47556,-0.03807,0.2745,0.41928,0.40688,0.28861,0.1327,-0.0049837,-0.091919,-0.12392,-0.094388,0.012817,0.20864,0.4868,0.78227,1.0049,1.0842,0.99174,0.77339,0.51264,0.29765,0.18831,0.19717,0.29313,0.43392,0.58613,0.73243,0.86842,0.99435,1.0983,1.1582,1.1425,1.0219,0.78628,0.44752,0.048835,-0.37009,-0.76393,-1.0906,-1.3141,-1.4081,-1.3641,-1.1982,-0.94559,-0.65977,-0.37524,-0.11398,0.11797
-0.69703,-0.27634,-0.013098,0.18064,0.4803,0.932,1.4118,1.7388,1.8155,1.696,1.515,1.345,1.1674,0.95924,0.74606,0.58195,0.4891,0.4391,0.37116,0.23297,0.01323,-0.25692,-0.53259,-0.78641,-1.0091,-1.2099,-1.3925,-1.5437,-1.6165,-1.5539,-1.3198,-0.93883,-0.49452,-0.088953,0.19034,0.30258,0.25965,0.1142,-0.065331,-0.21804,-0.30732,-0.32431,-0.26538,-0.12305,0.1096,0.41301,0.72088,0.94382,1.0107,0.90044,0.66141,0.38366,0.16466,0.066514,0.10667,0.24572,0.43156,0.6257,0.81067,0.98233,1.129,1.2413,1.2917,1.2468,1.083,0.80106,0.43266,0.010467,-0.40984,-0.78053,-1.0656,-1.242,-1.2971,-1.2296,-1.0554,-0.8114,-0.5343,-0.26138,-0.015006,0.19805
-0.71298,-0.35173,-0.11904,0.071313,0.37619,0.82587,1.2979,1.6188,1.6971,1.591,1.4346,1.2954,1.1456,0.95278,0.74416,0.57838,0.4877,0.44824,0.39816,0.27888,0.070344,-0.20221,-0.49233,-0.76147,-0.99207,-1.185,-1.3428,-1.4617,-1.5075,-1.4305,-1.2051,-0.85483,-0.45604,-0.10773,0.1102,0.16119,0.065272,-0.11917,-0.3204,-0.47756,-0.56038,-0.55963,-0.4748,-0.29523,-0.016584,0.32386,0.6518,0.87273,0.91523,0.77638,0.50865,0.20815,-0.023359,-0.11121,-0.052776,0.12225,0.362,0.62156,0.8715,1.0926,1.2755,1.3943,1.4237,1.341,1.1363,0.821,0.42377,0.00086909,-0.39882,-0.72971,-0.96036,-1.077,-1.0812,-0.98578,-0.81215,-0.58505,-0.34388,-0.10999,0.10128,0.28545
-0.71097,-0.41884,-0.22571,-0.044488,0.26275,0.71054,1.1764,1.4943,1.5795,1.492,1.3635,1.254,1.1259,0.94103,0.7307,0.55974,0.46947,0.44071,0.41066,0.31399,0.12056,-0.15138,-0.45338,-0.73512,-0.97324,-1.1582,-1.2939,-1.3713,-1.3689,-1.252,-1.0141,-0.6885,-0.34582,-0.066856,0.079739,0.071066,-0.072682,-0.29059,-0.51099,-0.67619,-0.75551,-0.74541,-0.63623,-0.41557,-0.096376,0.27858,0.61484,0.81497,0.82391,0.63658,0.3245,-0.0032241,-0.23841,-0.31892,-0.2284,-0.01609,0.25923,0.55275,0.83842,1.0993,1.3129,1.4565,1.4976,1.4096,1.1855,0.84614,0.43764,0.013696,-0.36501,-0.65022,-0.81647,-0.86499,-0.8156,-0.69363,-0.52262,-0.32605,-0.12013,0.072652,0.23987,0.37813
-0.69666,-0.46074,-0.30229,-0.13188,0.17413,0.61941,1.0818,1.4006,1.4939,1.4227,1.3151,1.2241,1.106,0.92278,0.70914,0.53448,0.446,0.42786,0.41557,0.33785,0.15703,-0.11363,-0.42446,-0.71925,-0.96466,-1.144,-1.2578,-1.2963,-1.2464,-1.0913,-0.83515,-0.51999,-0.21207,0.015998,0.10902,0.052552,-0.12513,-0.3628,-0.59323,-0.76241,-0.84272,-0.82102,-0.69027,-0.44879,-0.11217,0.25763,0.57574,0.75362,0.73256,0.52424,0.19423,-0.1502,-0.3989,-0.47742,-0.38575,-0.16163,0.13652,0.46025,0.77747,1.0637,1.302,1.4595,1.5044,1.4133,1.1841,0.84195,0.43135,0.021968,-0.3247,-0.56313,-0.67704,-0.6796,-0.60031,-0.46879,-0.30737,-0.13114,0.039304,0.19575,0.3303,0.44096
-0.66034,-0.50202,-0.39438,-0.24375,0.055313,0.49535,0.95416,1.2777,1.3858,1.3385,1.2559,1.1815,1.0684,0.88192,0.66124,0.48518,0.40588,0.40831,0.42342,0.37146,0.20556,-0.066027,-0.39097,-0.70624,-0.96117,-1.13,-1.2035,-1.182,-1.0652,-0.85746,-0.57687,-0.26708,0.010852,0.18834,0.22308,0.10941,-0.10708,-0.36203,-0.59219,-0.76014,-0.84636,-0.83518,-0.70805,-0.4583,-0.1147,0.25171,0.54545,0.68014,0.61092,0.35404,-0.0098359,-0.36803,-0.6142,-0.6871,-0.58232,-0.34694,-0.038607,0.29606,0.62714,0.93635,1.1943,1.3756,1.4459,1.377,1.1625,0.82753,0.42973,0.035713,-0.28286,-0.47401,-0.52431,-0.46048,-0.3293,-0.17267,-0.015738,0.13365,0.26383,0.37176,0.456,0.51803
-0.62076,-0.51978,-0.45281,-0.32091,-0.031009,0.40296,0.8605,1.1891,1.3111,1.2822,1.2149,1.147,1.0327,0.84062,0.61499,0.44223,0.37612,0.399,0.43592,0.40057,0.24136,-0.034215,-0.37024,-0.69791,-0.95647,-1.1144,-1.1583,-1.0937,-0.92899,-0.68159,-0.3811,-0.071362,0.18944,0.34282,0.35068,0.2163,-0.015053,-0.27662,-0.51145,-0.68651,-0.78402,-0.79096,-0.68,-0.43899,-0.10642,0.25002,0.52383,0.62562,0.52098,0.22829,-0.16282,-0.53206,-0.77364,-0.83812,-0.72731,-0.49214,-0.18746,0.14688,0.48552,0.80478,1.0841,1.2863,1.3717,1.311,1.1018,0.77564,0.38746,0.018617,-0.25884,-0.40088,-0.40568,-0.30798,-0.15614,0.0098802,0.16645,0.29832,0.40912,0.49316,0.54896,0.5792
-0.55269,-0.52382,-0.51272,-0.41062,-0.13818,0.2855,0.74254,1.0812,1.2242,1.2189,1.1665,1.1015,0.98058,0.77987,0.55067,0.38776,0.34517,0.39926,0.46451,0.44581,0.28889,0.0045369,-0.34446,-0.67948,-0.93664,-1.0781,-1.0907,-0.97967,-0.76216,-0.46768,-0.13721,0.18111,0.43181,0.56777,0.55968,0.41679,0.18329,-0.08083,-0.32459,-0.51887,-0.64537,-0.67545,-0.58382,-0.36805,-0.062573,0.24138,0.45559,0.50462,0.3516,0.038548,-0.35061,-0.70618,-0.93457,-0.98693,-0.88255,-0.66059,-0.36971,-0.047426,0.28239,0.60427,0.88988,1.1072,1.2172,1.1877,1.0096,0.70789,0.34444,-0.0040287,-0.25911,-0.36546,-0.31744,-0.15971,0.041643,0.23268,0.38661,0.50569,0.58144,0.62539,0.64412,0.64218
-0.46974,-0.506,-0.54999,-0.48136,-0.23088,0.18124,0.63879,0.98982,1.1532,1.1667,1.1234,1.0564,0.92802,0.72164,0.49531,0.3483,0.33385,0.41973,0.51041,0.50458,0.34681,0.051847,-0.30982,-0.65086,-0.90447,-1.0296,-1.0144,-0.86691,-0.61223,-0.28739,0.065077,0.39621,0.65582,0.79715,0.79498,0.65797,0.43188,0.1711,-0.08152,-0.30423,-0.47311,-0.55436,-0.50498,-0.31795,-0.046113,0.22823,0.40156,0.40067,0.21009,-0.13464,-0.53024,-0.86293,-1.053,-1.0823,-0.97142,-0.77022,-0.51569,-0.22858,0.079233,0.39091,0.68662,0.92594,1.0608,1.0519,0.88961,0.60468,0.26134,-0.056634,-0.26697,-0.32518,-0.23878,-0.056759,0.16007,0.3645,0.53087,0.64344,0.7159,0.74816,0.7435,0.70723
-0.40067,-0.47912,-0.5626,-0.52065,-0.28778,0.11498,0.57355,0.93484,1.1116,1.1357,1.0958,1.0254,0.89288,0.68633,0.46771,0.33701,0.34496,0.45295,0.5598,0.56129,0.40164,0.098133,-0.27362,-0.62068,-0.87127,-0.98387,-0.94812,-0.78025,-0.50885,-0.17367,0.18427,0.52259,0.79289,0.95036,0.96572,0.84542,0.62975,0.37006,0.10617,-0.13995,-0.34202,-0.46146,-0.45127,-0.29895,-0.056506,0.18903,0.33714,0.31508,0.10752,-0.23568,-0.617,-0.92744,-1.096,-1.1103,-1.0055,-0.8205,-0.58722,-0.32268,-0.036088,0.26211,0.55068,0.78991,0.93457,0.94589,0.8099,0.54975,0.22708,-0.075606,-0.2794,-0.33067,-0.22723,-0.017604,0.22808,0.45134,0.62107,0.73776,0.79262,0.8018,0.77735,0.72876
-0.30353,-0.42922,-0.5609,-0.55505,-0.34603,0.045186,0.50653,0.88099,1.0723,1.106,1.0672,0.99291,0.85942,0.66019,0.46176,0.35886,0.39678,0.52956,0.65154,0.65713,0.49161,0.17604,-0.20744,-0.55882,-0.80164,-0.89809,-0.84565,-0.66655,-0.39381,-0.059892,0.29821,0.64365,0.9322,1.1173,1.1651,1.0756,0.87863,0.61919,0.33157,0.044571,-0.2092,-0.3734,-0.3998,-0.28247,-0.071109,0.13302,0.23935,0.18744,-0.031785,-0.35904,-0.69513,-0.9475,-1.0685,-1.061,-0.95959,-0.80249,-0.61194,-0.39539,-0.152,0.11745,0.39247,0.63937,0.80485,0.83937,0.72373,0.48361,0.18272,-0.096433,-0.27366,-0.30449,-0.19339,0.014673,0.25956,0.49007,0.67459,0.79419,0.85905,0.87173,0.83879,0.76833
-0.20492,-0.36902,-0.54328,-0.57027,-0.38375,-0.0024093,0.46202,0.84709,1.0494,1.0881,1.0484,0.97283,0.84547,0.66584,0.50003,0.43265,0.49985,0.64816,0.77143,0.76921,0.59291,0.26807,-0.11987,-0.46998,-0.70427,-0.79063,-0.73342,-0.55702,-0.29536,0.023568,0.3726,0.71759,1.0212,1.2323,1.315,1.2574,1.0822,0.82443,0.51682,0.18892,-0.11676,-0.33777,-0.41225,-0.32709,-0.1403,0.05544,0.15949,0.10976,-0.094176,-0.3964,-0.69819,-0.91109,-0.99581,-0.96656,-0.86486,-0.72651,-0.56927,-0.39187,-0.18561,0.0498,0.30698,0.54451,0.71098,0.76001,0.67164,0.46458,0.19231,-0.065239,-0.23905,-0.28066,-0.18221,0.021849,0.27296,0.51395,0.70597,0.83376,0.89464,0.89578,0.84958,0.76916
-0.13303,-0.32057,-0.52272,-0.57144,-0.39945,-0.02422,0.44148,0.83235,1.0403,1.0811,1.0401,0.96577,0.84856,0.69186,0.55865,0.52338,0.61035,0.76201,0.87568,0.85866,0.67058,0.34165,-0.043097,-0.38669,-0.61523,-0.69849,-0.64206,-0.47217,-0.2216,0.07909,0.40902,0.74394,1.0496,1.2786,1.3886,1.3571,1.1987,0.94103,0.61968,0.2647,-0.076231,-0.33511,-0.44527,-0.38677,-0.21165,-0.020357,0.091243,0.059261,-0.12312,-0.39102,-0.6561,-0.8361,-0.89655,-0.85519,-0.75126,-0.62111,-0.48454,-0.34047,-0.17439,0.028732,0.25868,0.4892,0.6655,0.73151,0.66018,0.46958,0.21526,-0.029627,-0.194,-0.23503,-0.14792,0.037395,0.27159,0.50455,0.69848,0.82963,0.8968,0.90358,0.85874,0.77303
-0.044002,-0.25672,-0.49006,-0.56321,-0.4055,-0.037546,0.4272,0.82125,1.0332,1.0756,1.0358,0.96819,0.8721,0.75586,0.67213,0.6822,0.7909,0.93656,1.0262,0.98129,0.77281,0.43756,0.060393,-0.26765,-0.48287,-0.56015,-0.50819,-0.35394,-0.12924,0.13738,0.43173,0.74363,1.0467,1.2978,1.4416,1.4452,1.3061,1.0478,0.70128,0.3041,-0.086238,-0.3898,-0.52712,-0.47812,-0.30114,-0.098703,0.027457,0.018012,-0.12745,-0.35302,-0.56717,-0.69944,-0.72823,-0.67212,-0.5736,-0.46385,-0.35519,-0.24325,-0.11377,0.046207,0.24498,0.45383,0.62386,0.70162,0.65712,0.50056,0.27814,0.056058,-0.10575,-0.16468,-0.1069,0.050313,0.26648,0.4931,0.68828,0.82215,0.89296,0.89697,0.84322,0.74565
0.015068,-0.21265,-0.46504,-0.55215,-0.40063,-0.03761,0.42247,0.81483,1.0268,1.0704,1.0345,0.97712,0.90284,0.82162,0.77698,0.81733,0.93604,1.071,1.1379,1.069,0.84376,0.503,0.13154,-0.18137,-0.38169,-0.45065,-0.40172,-0.26372,-0.066371,0.17038,0.43737,0.72977,1.0278,1.2871,1.449,1.4712,1.3434,1.0848,0.72299,0.30053,-0.12176,-0.45295,-0.60965,-0.56754,-0.38412,-0.16183,-0.0051586,0.021507,-0.086714,-0.27994,-0.47231,-0.59085,-0.60792,-0.54452,-0.43898,-0.33009,-0.23762,-0.15722,-0.06657,0.058238,0.22826,0.42479,0.59624,0.68404,0.65513,0.51891,0.31985,0.11568,-0.03579,-0.096663,-0.053594,0.0811,0.27421,0.48263,0.6666,0.80038,0.8653,0.86751,0.81642,0.72421
0.080852,-0.16313,-0.43538,-0.53317,-0.38472,-0.0288,0.41979,0.80274,1.0097,1.0553,1.0289,0.99284,0.95536,0.92386,0.93107,1.0042,1.1256,1.2376,1.2692,1.1668,0.92032,0.57517,0.21444,-0.078825,-0.25895,-0.31691,-0.27206,-0.15348,0.012326,0.21317,0.44521,0.70646,0.98578,1.2403,1.4135,1.454,1.3437,1.0887,0.71692,0.26795,-0.18845,-0.5543,-0.7352,-0.69791,-0.4953,-0.23993,-0.036888,0.041319,-0.021313,-0.17196,-0.33123,-0.42769,-0.43462,-0.36869,-0.27269,-0.18035,-0.10922,-0.056869,-0.0040238,0.078769,0.20788,0.37301,0.53234,0.63046,0.63051,0.5337,0.37279,0.20281,0.065096,-0.0068637,0.0065147,0.10698,0.27465,0.47131,0.65289,0.78014,0.8477,0.84471,0.77975,0.66896
0.12914,-0.12825,-0.41331,-0.51246,-0.36101,-0.01244,0.41677,0.78041,0.97702,1.0228,1.009,0.99956,1.0049,1.0268,1.0834,1.1825,1.2983,1.3789,1.3681,1.2279,0.95968,0.61364,0.26921,-0.0031043,-0.16505,-0.2154,-0.1713,-0.06129,0.090996,0.26806,0.46344,0.68496,0.92804,1.1661,1.3411,1.3961,1.299,1.048,0.6663,0.19456,-0.28883,-0.67891,-0.86527,-0.81064,-0.57887,-0.279,-0.031582,0.088278,0.068562,-0.053014,-0.19242,-0.27889,-0.28397,-0.22412,-0.1366,-0.061788,-0.020016,-0.0066916,0.0038615,0.044198,0.14156,0.28923,0.44527,0.55316,0.57461,0.50866,0.38685,0.24867,0.13475,0.073758,0.082692,0.16476,0.30554,0.47378,0.63112,0.74891,0.79892,0.78528,0.71821,0.61271
0.15277,-0.11262,-0.40277,-0.49619,-0.33887,0.0029392,0.41249,0.75472,0.93897,0.98325,0.97889,0.99095,1.03,1.0922,1.1846,1.3005,1.41,1.4651,1.4187,1.2449,0.95661,0.60905,0.27837,0.024515,-0.12158,-0.16413,-0.11899,-0.010902,0.13897,0.30643,0.48243,0.67511,0.88815,1.1064,1.2741,1.3314,1.2368,0.98742,0.60074,0.12459,-0.36461,-0.75342,-0.93709,-0.87806,-0.63043,-0.308,-0.026407,0.13299,0.14555,0.048907,-0.082953,-0.17618,-0.19396,-0.1477,-0.07363,-0.011038,0.015147,0.0053231,-0.015204,-0.0028203,0.065176,0.1944,0.34717,0.46567,0.5085,0.47177,0.38163,0.2766,0.18562,0.13107,0.13029,0.19397,0.31742,0.47482,0.62654,0.73198,0.78063,0.7611,0.68207,0.56077
0.16698,-0.10598,-0.39544,-0.47323,-0.30293,0.027387,0.4037,0.7082,0.86857,0.90738,0.91406,0.95451,1.0375,1.1513,1.2873,1.4255,1.5288,1.5509,1.4549,1.2306,0.90672,0.54896,0.23311,0.0097318,-0.10765,-0.13065,-0.079346,0.031955,0.18161,0.34719,0.51283,0.67677,0.85096,1.0271,1.1666,1.2119,1.121,0.8824,0.51016,0.046501,-0.43531,-0.82264,-1.0084,-0.94466,-0.67683,-0.3235,-0.0038392,0.19388,0.23839,0.16433,0.044518,-0.049468,-0.082029,-0.058045,-0.014372,0.010667,-0.0023564,-0.047635,-0.097235,-0.11658,-0.064946,0.054266,0.2044,0.33165,0.39721,0.39562,0.34842,0.28288,0.22437,0.19079,0.19735,0.2548,0.36076,0.49379,0.61968,0.70828,0.73465,0.69941,0.61261,0.49044
0.16148,-0.11445,-0.39326,-0.44515,-0.25769,0.058065,0.39145,0.6483,0.77518,0.80305,0.81939,0.88611,1.0083,1.1669,1.342,1.504,1.6063,1.6018,1.4597,1.1812,0.81071,0.42928,0.11853,-0.078018,-0.16358,-0.15897,-0.084897,0.04616,0.21434,0.3938,0.55865,0.69821,0.82627,0.94707,1.0446,1.0724,0.98969,0.77299,0.42961,-0.0096968,-0.47206,-0.854,-1.0384,-0.96978,-0.69423,-0.31615,0.034972,0.26575,0.3416,0.28267,0.15741,0.039487,-0.025376,-0.03625,-0.020452,-0.01545,-0.047547,-0.1172,-0.1972,-0.23879,-0.21273,-0.10782,0.043581,0.18738,0.28276,0.32091,0.31541,0.29248,0.26558,0.24847,0.25705,0.30574,0.39639,0.5108,0.61693,0.68404,0.69212,0.6427,0.54741,0.42276
