-1.4397,-0.6899,-0.286,-0.24991,-0.38619,-0.46321,-0.4112,-0.32955,-0.37078,-0.60307,-0.95467,-1.246,-1.3108,-1.1479,-0.91981,-0.80808,-0.89449,-1.1481,-1.47,-1.7483,-1.9007,-1.893,-1.7328,-1.4513,-1.0945,-0.70902,-0.34616,-0.057673,0.10635,0.11192,-0.052439,-0.36787,-0.79324,-1.2767,-1.7551,-2.1399,-2.345,-2.3467,-2.2166,-2.0524,-1.9145,-1.819,-1.7648,-1.7553,-1.8051,-1.9292,-2.119,-2.3331,-2.5056,-2.5799,-2.5617,-2.4992,-2.4284,-2.325,-2.1174,-1.7628,-1.2985,-0.80734,-0.35793,0.013983,0.29473,0.47367,0.53165,0.44156,0.17658,-0.27388,-0.87717,-1.5471,-2.1247,-2.4677,-2.5425,-2.4229,-2.2058,-1.9543,-1.6954,-1.4359,-1.1791,-0.93161,-0.70058,-0.49231
-1.5179,-0.73273,-0.28339,-0.19711,-0.29593,-0.3646,-0.32695,-0.25681,-0.28582,-0.48488,-0.79988,-1.0772,-1.166,-1.0476,-0.85331,-0.75028,-0.82434,-1.0554,-1.3535,-1.6124,-1.7516,-1.735,-1.5675,-1.2802,-0.91892,-0.53396,-0.17729,0.10013,0.2516,0.24671,0.076223,-0.23936,-0.65576,-1.1225,-1.576,-1.9346,-2.1193,-2.1126,-1.9879,-1.8343,-1.7085,-1.6256,-1.5906,-1.6135,-1.7121,-1.901,-2.1666,-2.4569,-2.6913,-2.8079,-2.8148,-2.7722,-2.7215,-2.6282,-2.4016,-1.9912,-1.4497,-0.88459,-0.38001,0.026562,0.32395,0.50783,0.56904,0.49007,0.25051,-0.15872,-0.71554,-1.33,-1.8714,-2.2163,-2.3318,-2.2761,-2.1281,-1.9383,-1.7262,-1.4995,-1.2599,-1.0167,-0.78324,-0.57135
-1.6151,-0.788,-0.27928,-0.12373,-0.16692,-0.21672,-0.19325,-0.13782,-0.15449,-0.30998,-0.57301,-0.82485,-0.93624,-0.87332,-0.72986,-0.64868,-0.71549,-0.92078,-1.1866,-1.4157,-1.5327,-1.5029,-1.3298,-1.0449,-0.69242,-0.32316,0.013968,0.27282,0.41138,0.39854,0.22761,-0.081364,-0.48552,-0.92873,-1.343,-1.6527,-1.796,-1.7775,-1.6654,-1.5395,-1.4441,-1.3933,-1.3932,-1.4587,-1.6124,-1.8678,-2.2103,-2.5775,-2.8717,-3.0244,-3.047,-3.0176,-2.9862,-2.9061,-2.6618,-2.1962,-1.5843,-0.95801,-0.41024,0.020632,0.33253,0.52795,0.60242,0.54332,0.33642,-0.021329,-0.50136,-1.0417,-1.5299,-1.8705,-2.0352,-2.0604,-1.9986,-1.8845,-1.7314,-1.5449,-1.3286,-1.0968,-0.86631,-0.65197
-1.6782,-0.82557,-0.27624,-0.069095,-0.068535,-0.10095,-0.084482,-0.039711,-0.04855,-0.17172,-0.39372,-0.62189,-0.74356,-0.71624,-0.61257,-0.55432,-0.62132,-0.80865,-1.048,-1.2516,-1.3506,-1.3128,-1.1415,-0.86716,-0.5327,-0.18569,0.12866,0.36966,0.49791,0.48147,0.3147,0.015781,-0.37186,-0.78908,-1.1665,-1.4352,-1.5485,-1.5243,-1.4257,-1.3234,-1.2539,-1.2301,-1.2593,-1.3567,-1.5425,-1.8314,-2.2026,-2.5913,-2.9011,-3.0589,-3.0844,-3.059,-3.0346,-2.9624,-2.719,-2.2421,-1.6097,-0.96423,-0.40671,0.026414,0.33209,0.51857,0.59056,0.54409,0.36988,0.064217,-0.35569,-0.83042,-1.2756,-1.6114,-1.8079,-1.8861,-1.8828,-1.822,-1.7113,-1.5518,-1.3522,-1.1276,-0.8982,-0.68242
-1.7434,-0.86834,-0.27351,-0.0013792,0.056971,0.050501,0.062124,0.093984,0.094913,0.01307,-0.15379,-0.34536,-0.47169,-0.48527,-0.43451,-0.41156,-0.48239,-0.64434,-0.84252,-1.0067,-1.0815,-1.0395,-0.88307,-0.63727,-0.34157,-0.035942,0.24161,0.45397,0.56473,0.54487,0.38639,0.10972,-0.24045,-0.60569,-0.92373,-1.138,-1.2208,-1.1948,-1.1209,-1.0543,-1.0213,-1.0321,-1.0904,-1.2107,-1.4158,-1.7132,-2.0856,-2.4667,-2.7593,-2.9,-2.9123,-2.8811,-2.8567,-2.7891,-2.563,-2.1145,-1.5181,-0.90863,-0.38181,0.024029,0.3095,0.48512,0.55798,0.52809,0.39099,0.14585,-0.18976,-0.58403,-0.97124,-1.2927,-1.5202,-1.6575,-1.7194,-1.7148,-1.6452,-1.5154,-1.3306,-1.114,-0.89029,-0.67997
-1.7802,-0.90013,-0.27275,0.055323,0.16762,0.1888,0.19926,0.2208,0.22987,0.18629,0.072362,-0.078362,-0.19987,-0.24956,-0.24843,-0.26178,-0.33657,-0.47023,-0.62256,-0.74387,-0.79446,-0.75351,-0.62247,-0.42091,-0.18054,0.068474,0.29805,0.47592,0.56911,0.55176,0.41343,0.1745,-0.12378,-0.42676,-0.67989,-0.84039,-0.89627,-0.87536,-0.82807,-0.79419,-0.79473,-0.8311,-0.91001,-1.0431,-1.2444,-1.5218,-1.8542,-2.1817,-2.4197,-2.5222,-2.508,-2.4525,-2.407,-2.343,-2.1539,-1.7846,-1.2821,-0.75746,-0.3005,0.051901,0.29219,0.43343,0.48993,0.47007,0.3739,0.19736,-0.059597,-0.37089,-0.70025,-1.0024,-1.2459,-1.42,-1.5246,-1.5595,-1.5219,-1.4118,-1.2462,-1.0436,-0.8302,-0.62873
-1.7855,-0.91532,-0.27453,0.088153,0.23666,0.27794,0.28945,0.30401,0.31795,0.29903,0.22168,0.1013,-0.013327,-0.08393,-0.11472,-0.15197,-0.22706,-0.33856,-0.45765,-0.5484,-0.58164,-0.54207,-0.43245,-0.2701,-0.080188,0.11618,0.29956,0.4471,0.5286,0.52014,0.40881,0.21023,-0.039032,-0.28841,-0.48992,-0.60785,-0.64318,-0.62852,-0.60447,-0.60021,-0.62624,-0.68315,-0.77499,-0.90988,-1.0966,-1.3413,-1.6187,-1.8771,-2.056,-2.1094,-2.07,-2.0046,-1.9553,-1.8918,-1.7418,-1.4469,-1.0385,-0.60416,-0.22045,0.074584,0.27544,0.39307,0.44128,0.42964,0.35969,0.22639,0.028032,-0.23056,-0.52346,-0.81225,-1.0613,-1.2486,-1.3653,-1.4081,-1.3769,-1.2795,-1.1233,-0.93616,-0.74379,-0.56593
-1.7601,-0.92289,-0.28124,0.11541,0.30558,0.37235,0.38623,0.39156,0.40751,0.41437,0.37945,0.29687,0.19628,0.11022,0.048826,-0.010486,-0.083992,-0.17175,-0.25624,-0.31376,-0.32598,-0.28742,-0.20659,-0.10056,0.015247,0.13285,0.2472,0.35123,0.42418,0.43883,0.3814,0.25298,0.084704,-0.083814,-0.21107,-0.27824,-0.29575,-0.296,-0.31155,-0.3542,-0.41891,-0.50149,-0.59778,-0.71454,-0.86381,-1.0439,-1.2405,-1.4138,-1.5124,-1.5181,-1.4513,-1.3644,-1.2951,-1.2359,-1.1282,-0.92848,-0.64705,-0.34013,-0.066009,0.14311,0.27923,0.35113,0.37483,0.36419,0.32366,0.24553,0.11292,-0.077897,-0.31571,-0.5699,-0.80392,-0.98952,-1.1111,-1.1623,-1.1426,-1.057,-0.92655,-0.7663,-0.5985,-0.44207
-1.7157,-0.91871,-0.29021,0.12178,0.33733,0.42219,0.43752,0.43506,0.44838,0.46875,0.46061,0.40515,0.31868,0.23049,0.15556,0.085969,0.011507,-0.066577,-0.13369,-0.17136,-0.16898,-0.13025,-0.070173,-0.0071571,0.052104,0.10987,0.17439,0.24899,0.32174,0.36096,0.34969,0.28173,0.17956,0.077012,0.0093364,-0.022864,-0.032997,-0.051347,-0.098001,-0.17241,-0.26565,-0.36256,-0.46071,-0.56603,-0.68624,-0.82268,-0.96266,-1.0728,-1.1152,-1.079,-0.98254,-0.87308,-0.78793,-0.72881,-0.65235,-0.52445,-0.34026,-0.1325,0.055821,0.19855,0.28201,0.31948,0.32881,0.32491,0.30971,0.26879,0.18151,0.031859,-0.17671,-0.41258,-0.63318,-0.80413,-0.90827,-0.94315,-0.91541,-0.83806,-0.72154,-0.59007,-0.46036,-0.34318
-1.6237,-0.90104,-0.3085,0.11026,0.35213,0.45713,0.4738,0.45794,0.46175,0.49248,0.51489,0.49489,0.4321,0.34998,0.2661,0.18551,0.10438,0.028938,-0.024896,-0.043051,-0.025197,0.012911,0.047915,0.061062,0.053304,0.040081,0.048658,0.090855,0.16343,0.23857,0.28526,0.30167,0.29398,0.29323,0.308,0.33151,0.33261,0.28584,0.19528,0.074032,-0.057242,-0.1833,-0.29846,-0.40021,-0.48828,-0.56626,-0.62232,-0.64219,-0.61248,-0.52357,-0.40115,-0.28039,-0.19057,-0.13434,-0.0982,-0.043294,0.04359,0.14707,0.23892,0.29604,0.31844,0.31077,0.2908,0.27581,0.2712,0.26341,0.22149,0.12445,-0.028145,-0.21167,-0.38819,-0.52552,-0.6074,-0.63176,-0.60497,-0.54177,-0.45473,-0.35559,-0.25905,-0.17691
-1.4963,-0.86995,-0.33433,0.075512,0.33486,0.4558,0.4714,0.4377,0.4249,0.45987,0.50923,0.52543,0.49014,0.41859,0.3289,0.23643,0.14466,0.064846,0.014286,0.0047988,0.030609,0.067375,0.084483,0.06279,0.003488,-0.068102,-0.11416,-0.10343,-0.031759,0.085892,0.21049,0.32391,0.42765,0.52785,0.61704,0.67982,0.68037,0.60669,0.46448,0.28729,0.11065,-0.045967,-0.16696,-0.25105,-0.30701,-0.33291,-0.33238,-0.29749,-0.21445,-0.088984,0.065881,0.21796,0.33288,0.38856,0.40347,0.3965,0.39067,0.392,0.39066,0.37562,0.33484,0.28304,0.23943,0.22212,0.23405,0.2551,0.25167,0.19491,0.081803,-0.058351,-0.1844,-0.2673,-0.30017,-0.29248,-0.25908,-0.20785,-0.15697,-0.11182,-0.074486,-0.043845
-1.38,-0.83806,-0.35807,0.035355,0.30205,0.43162,0.44406,0.39452,0.36493,0.40005,0.46922,0.5133,0.5,0.43588,0.34106,0.23769,0.13623,0.049998,-0.0040159,-0.014153,0.012922,0.049076,0.058151,0.017453,-0.072628,-0.18145,-0.26351,-0.26978,-0.18341,-0.022841,0.17239,0.35937,0.53356,0.68748,0.81967,0.89965,0.89984,0.80888,0.63783,0.43008,0.22332,0.052206,-0.072538,-0.15265,-0.19385,-0.19935,-0.1701,-0.09746,0.023403,0.18618,0.37027,0.53813,0.65362,0.70616,0.68932,0.63701,0.58122,0.5352,0.49149,0.42811,0.35707,0.27695,0.20739,0.17095,0.17645,0.20708,0.22582,0.20105,0.13216,0.04279,-0.034567,-0.07895,-0.086951,-0.066353,-0.028538,0.0060565,0.041956,0.070167,0.084466,0.081623
-1.2008,-0.78415,-0.39228,-0.032807,0.23552,0.37091,0.37539,0.30158,0.24701,0.27979,0.37499,0.45565,0.46979,0.41358,0.31125,0.19282,0.077615,-0.021185,-0.087563,-0.10681,-0.083325,-0.048872,-0.046997,-0.10658,-0.22668,-0.36967,-0.47494,-0.48027,-0.35705,-0.13534,0.13163,0.39409,0.62955,0.83929,1.0161,1.1282,1.1414,1.0367,0.84373,0.60535,0.37057,0.17218,0.024511,-0.067017,-0.10018,-0.08059,-0.0053414,0.11979,0.28612,0.47956,0.6761,0.84894,0.9698,1.0112,0.98493,0.90721,0.80407,0.69281,0.57686,0.46099,0.32795,0.20141,0.10693,0.066459,0.081959,0.12947,0.17083,0.18275,0.16164,0.13263,0.12358,0.1453,0.18888,0.23612,0.27076,0.29389,0.28266,0.25196,0.21308,0.17589
-0.99748,-0.71574,-0.42421,-0.11115,0.14906,0.28329,0.27499,0.17506,0.094803,0.12508,0.24463,0.35896,0.39621,0.34522,0.23728,0.10897,-0.017247,-0.13084,-0.21599,-0.2531,-0.24181,-0.21508,-0.2216,-0.29398,-0.42678,-0.57707,-0.67504,-0.65829,-0.50079,-0.23267,0.081874,0.39678,0.68363,0.93977,1.1465,1.277,1.2924,1.1816,0.97134,0.71177,0.46,0.24612,0.09477,0.01086,-0.012516,0.028191,0.12461,0.27306,0.46612,0.68676,0.90914,1.0969,1.214,1.2434,1.1791,1.0504,0.89465,0.73792,0.58557,0.42536,0.26983,0.12256,0.0061766,-0.054549,-0.050475,0.0012054,0.069102,0.11923,0.15427,0.19108,0.24597,0.32015,0.4007,0.46975,0.51185,0.51504,0.48907,0.43057,0.34953,0.26063
-0.83202,-0.65365,-0.44244,-0.1708,0.07649,0.20438,0.18386,0.064074,-0.033819,-0.0050412,0.13099,0.2666,0.31747,0.26921,0.15933,0.028905,-0.10046,-0.22238,-0.32225,-0.37739,-0.38299,-0.36919,-0.38412,-0.46044,-0.58976,-0.72841,-0.80834,-0.76859,-0.58889,-0.2952,0.048826,0.39042,0.70391,0.9738,1.1849,1.3098,1.3185,1.2069,0.99771,0.74563,0.49907,0.29753,0.15532,0.074971,0.056286,0.10088,0.20658,0.36951,0.57896,0.80908,1.0317,1.2118,1.3179,1.3302,1.25,1.1039,0.926,0.74083,0.5554,0.37177,0.18508,0.011505,-0.11971,-0.1805,-0.1645,-0.094588,-0.010793,0.070803,0.14593,0.22971,0.33078,0.44078,0.54048,0.61092,0.64046,0.63166,0.57544,0.49241,0.39891,0.30784
-0.5968,-0.55415,-0.45232,-0.24282,-0.022671,0.088778,0.048915,-0.095418,-0.21272,-0.1853,-0.032085,0.1255,0.18975,0.14477,0.035676,-0.088898,-0.21067,-0.33188,-0.44418,-0.52504,-0.56331,-0.57851,-0.60989,-0.68556,-0.79688,-0.9041,-0.94588,-0.86792,-0.65294,-0.33396,0.028456,0.37476,0.67854,0.92812,1.1198,1.232,1.2437,1.1459,0.96371,0.74215,0.52605,0.34865,0.221,0.14821,0.13825,0.18908,0.30698,0.48379,0.69812,0.92859,1.1418,1.3064,1.3933,1.383,1.2774,1.0973,0.87812,0.65109,0.43203,0.2192,0.021753,-0.14863,-0.27053,-0.32239,-0.29809,-0.21529,-0.09909,0.015503,0.13362,0.26356,0.40583,0.54692,0.66639,0.74601,0.77434,0.74932,0.67945,0.57172,0.44389,0.31665
-0.41165,-0.46531,-0.44439,-0.28563,-0.093192,1.4209e-05,-0.055734,-0.2157,-0.34363,-0.31661,-0.1548,0.013547,0.084437,0.041864,-0.063508,-0.17655,-0.28171,-0.3894,-0.50057,-0.59704,-0.66331,-0.70742,-0.75558,-0.82881,-0.91937,-0.99327,-0.99764,-0.88821,-0.65198,-0.32894,0.02128,0.34516,0.61441,0.83033,0.99327,1.0928,1.1083,1.0284,0.87587,0.68675,0.50666,0.35663,0.25499,0.20703,0.21183,0.27692,0.39897,0.57074,0.77522,0.99036,1.1851,1.327,1.3879,1.3556,1.2237,1.0225,0.78947,0.55306,0.32366,0.102,-0.10389,-0.28296,-0.40624,-0.44688,-0.39999,-0.2883,-0.15128,-0.0026151,0.15101,0.31197,0.4744,0.62205,0.73607,0.80247,0.81506,0.7776,0.68924,0.57307,0.44778,0.3279
-0.15556,-0.32627,-0.40752,-0.31974,-0.17406,-0.11276,-0.19071,-0.36496,-0.49966,-0.47267,-0.30605,-0.13156,-0.056742,-0.095433,-0.19048,-0.27902,-0.34727,-0.41867,-0.51037,-0.61493,-0.71397,-0.79813,-0.87167,-0.93898,-0.99633,-1.0185,-0.97189,-0.83181,-0.59685,-0.30038,0.0046284,0.27649,0.49054,0.64905,0.7557,0.81338,0.81367,0.75716,0.65737,0.54323,0.43833,0.36061,0.31416,0.30149,0.32877,0.402,0.52183,0.67914,0.85775,1.0286,1.1707,1.2636,1.2895,1.229,1.0907,0.88419,0.63517,0.37247,0.11846,-0.11284,-0.31726,-0.47135,-0.55438,-0.55155,-0.46617,-0.32265,-0.14754,0.02589,0.19571,0.36488,0.52991,0.67687,0.78771,0.84784,0.84992,0.79915,0.69976,0.56664,0.421,0.28404
0.1082,-0.1632,-0.33553,-0.32121,-0.23235,-0.21069,-0.31007,-0.48809,-0.61934,-0.59161,-0.42913,-0.25969,-0.18622,-0.2199,-0.29772,-0.35148,-0.36888,-0.38529,-0.43516,-0.52462,-0.63759,-0.75213,-0.84979,-0.91585,-0.94399,-0.92267,-0.84327,-0.69826,-0.49512,-0.25383,-0.012127,0.19256,0.33934,0.42068,0.44936,0.44321,0.42226,0.39701,0.37316,0.35503,0.34458,0.3455,0.3567,0.38332,0.43659,0.51844,0.63282,0.76838,0.90065,1.0178,1.0991,1.1321,1.1069,1.0216,0.8642,0.65307,0.41255,0.16546,-0.073523,-0.29372,-0.47732,-0.61018,-0.66768,-0.63302,-0.51076,-0.32747,-0.12368,0.085297,0.28159,0.45802,0.60794,0.72422,0.80096,0.83412,0.82134,0.75282,0.65425,0.52981,0.39256,0.25746
0.30839,-0.025588,-0.25803,-0.29927,-0.25806,-0.26947,-0.38224,-0.5554,-0.6763,-0.64792,-0.49545,-0.33727,-0.2683,-0.29611,-0.35618,-0.37917,-0.35252,-0.3191,-0.3253,-0.38826,-0.49643,-0.62194,-0.73247,-0.8014,-0.81681,-0.77751,-0.69099,-0.55991,-0.39392,-0.20502,-0.021284,0.12446,0.20997,0.22742,0.19265,0.13984,0.1044,0.10569,0.13975,0.19237,0.25424,0.31315,0.37317,0.43998,0.51657,0.61417,0.72328,0.82949,0.91799,0.96909,0.98077,0.95579,0.89703,0.79817,0.66077,0.47716,0.25471,0.012971,-0.22339,-0.43012,-0.59595,-0.69574,-0.71357,-0.64269,-0.49285,-0.29111,-0.065845,0.14827,0.3377,0.50159,0.64044,0.74889,0.81712,0.83624,0.80299,0.72972,0.61267,0.47417,0.33543,0.21311
0.575,0.17493,-0.1258,-0.24018,-0.26636,-0.32321,-0.44753,-0.60209,-0.69976,-0.67134,-0.54203,-0.40805,-0.34739,-0.36334,-0.39427,-0.37221,-0.28496,-0.1813,-0.12127,-0.13658,-0.22233,-0.34584,-0.46266,-0.53732,-0.54949,-0.50956,-0.43627,-0.34533,-0.24183,-0.1332,-0.033001,0.033089,0.038952,-0.02292,-0.13512,-0.25009,-0.31036,-0.28182,-0.17249,-0.018561,0.14124,0.28747,0.41015,0.51429,0.61309,0.7112,0.80557,0.87764,0.90477,0.87229,0.78636,0.67034,0.55053,0.43969,0.32572,0.19276,0.030978,-0.15422,-0.3452,-0.51878,-0.64661,-0.7148,-0.70989,-0.62642,-0.46969,-0.2568,-0.020461,0.21756,0.42823,0.59338,0.70744,0.77422,0.80049,0.79097,0.74714,0.66113,0.55665,0.43436,0.30514,0.18259
0.77165,0.33467,-0.0084961,-0.1761,-0.25349,-0.34283,-0.46956,-0.60099,-0.67438,-0.64647,-0.54036,-0.42982,-0.3762,-0.38054,-0.38715,-0.33155,-0.20276,-0.051192,0.056387,0.080007,0.019888,-0.090556,-0.20244,-0.27605,-0.2926,-0.26651,-0.21997,-0.17429,-0.13023,-0.088739,-0.051183,-0.037678,-0.075853,-0.18055,-0.33549,-0.48969,-0.56619,-0.51932,-0.3601,-0.14323,0.078114,0.27379,0.43229,0.55922,0.67015,0.76742,0.84962,0.89578,0.87422,0.78047,0.62128,0.43608,0.27436,0.1652,0.090968,0.014401,-0.095718,-0.24236,-0.40441,-0.54892,-0.65451,-0.69893,-0.6723,-0.57389,-0.41161,-0.20153,0.037313,0.27119,0.47251,0.62706,0.73229,0.79122,0.80708,0.7819,0.71863,0.63036,0.51236,0.38509,0.26508,0.16348
1.0235,0.55332,0.16389,-0.071324,-0.21511,-0.34103,-0.45997,-0.54889,-0.58377,-0.55655,-0.48521,-0.40897,-0.3639,-0.34967,-0.32384,-0.23032,-0.058155,0.14295,0.30323,0.37691,0.35827,0.27745,0.18278,0.11526,0.086246,0.08114,0.074254,0.046264,-0.0018952,-0.054365,-0.098743,-0.14219,-0.21273,-0.33672,-0.51118,-0.68528,-0.77231,-0.70849,-0.50746,-0.23736,0.036537,0.27152,0.46225,0.61636,0.74019,0.84536,0.91261,0.91553,0.8344,0.64945,0.39322,0.12758,-0.073614,-0.17015,-0.17901,-0.16997,-0.1992,-0.28025,-0.39002,-0.49408,-0.55901,-0.57592,-0.54556,-0.46916,-0.34157,-0.15768,0.0685,0.31145,0.52911,0.68808,0.77782,0.80714,0.79203,0.74596,0.67661,0.58183,0.47982,0.3711,0.26273,0.16357
1.258,0.76976,0.34321,0.04435,-0.15925,-0.3104,-0.40807,-0.44378,-0.43537,-0.40745,-0.36985,-0.32694,-0.28793,-0.25402,-0.19941,-0.080464,0.11511,0.34599,0.54529,0.66316,0.68787,0.64307,0.56988,0.5042,0.45444,0.40791,0.33895,0.2322,0.091759,-0.050374,-0.16612,-0.24773,-0.32267,-0.42687,-0.57456,-0.72574,-0.80073,-0.72876,-0.5129,-0.21934,0.073705,0.32825,0.5265,0.6765,0.79777,0.88656,0.9376,0.9223,0.80186,0.57377,0.25926,-0.064277,-0.2924,-0.36112,-0.30713,-0.2239,-0.19065,-0.22655,-0.30346,-0.37649,-0.42268,-0.42706,-0.39366,-0.32759,-0.22431,-0.072526,0.1324,0.3607,0.56741,0.71641,0.79582,0.81462,0.78924,0.73338,0.65575,0.56444,0.46371,0.36136,0.26641,0.18461
1.4188,0.92442,0.47402,0.13078,-0.11171,-0.27234,-0.34467,-0.33643,-0.29484,-0.26478,-0.24905,-0.22688,-0.18988,-0.14124,-0.068312,0.059769,0.25829,0.49644,0.71333,0.85776,0.91244,0.89372,0.83532,0.76723,0.6989,0.61831,0.50198,0.3371,0.13376,-0.067989,-0.22416,-0.31972,-0.38083,-0.4517,-0.5543,-0.66143,-0.70323,-0.6191,-0.40906,-0.13348,0.14354,0.3813,0.57085,0.71903,0.83689,0.92605,0.97075,0.94082,0.80408,0.55226,0.21873,-0.11079,-0.32691,-0.36881,-0.28121,-0.17092,-0.11853,-0.1385,-0.19794,-0.25703,-0.28348,-0.27729,-0.25097,-0.21061,-0.14314,-0.023215,0.15898,0.38038,0.59101,0.74283,0.81669,0.82186,0.78053,0.7137,0.63475,0.54682,0.459,0.37175,0.28737,0.20935
1.6075,1.1123,0.63359,0.23534,-0.049411,-0.2081,-0.236,-0.16598,-0.081495,-0.047073,-0.053234,-0.051597,-0.01354,0.054554,0.1444,0.27209,0.45757,0.68612,0.9092,1.0768,1.1635,1.1739,1.1315,1.059,0.9659,0.84131,0.66632,0.43148,0.15524,-0.11488,-0.3144,-0.41476,-0.43736,-0.4368,-0.44944,-0.47483,-0.46281,-0.36573,-0.17803,0.056184,0.28879,0.48535,0.64352,0.77253,0.87821,0.96472,1.0079,0.97516,0.84199,0.59458,0.27775,-0.019304,-0.19371,-0.20357,-0.09725,0.015367,0.060617,0.030375,-0.038213,-0.096354,-0.12425,-0.11878,-0.094719,-0.062715,-0.014015,0.077056,0.2296,0.42737,0.619,0.75516,0.81511,0.80839,0.75887,0.68897,0.61245,0.53322,0.45919,0.38683,0.31682,0.25067
1.7625,1.2713,0.76634,0.317,0.0021732,-0.13934,-0.11167,0.019703,0.14216,0.1818,0.16092,0.15075,0.19379,0.27624,0.37361,0.48902,0.64759,0.85145,1.0651,1.2404,1.3454,1.3756,1.3449,1.2691,1.1552,0.99405,0.77062,0.47865,0.14126,-0.185,-0.42022,-0.51462,-0.48489,-0.39073,-0.2943,-0.21826,-0.14639,-0.042382,0.10751,0.28636,0.45889,0.60797,0.72436,0.81709,0.90139,0.97002,1.0132,1.0007,0.89668,0.70675,0.45904,0.23177,0.11096,0.12709,0.21202,0.27656,0.26644,0.18943,0.090758,0.013659,-0.01412,-0.004014,0.020833,0.045653,0.079172,0.1498,0.27898,0.45427,0.62824,0.75051,0.79855,0.7803,0.71928,0.63994,0.56031,0.49463,0.43235,0.37987,0.33449,0.29148
1.8539,1.367,0.84286,0.35778,0.027226,-0.09226,-0.018472,0.15683,0.30383,0.3477,0.32029,0.30643,0.35367,0.4426,0.53852,0.63893,0.7728,0.95267,1.1514,1.3229,1.4325,1.4704,1.4449,1.3688,1.2441,1.063,0.81097,0.48394,0.10603,-0.253,-0.50288,-0.58164,-0.50489,-0.34141,-0.16654,-0.016301,0.10454,0.21736,0.33492,0.45638,0.5716,0.66997,0.75523,0.83341,0.90649,0.97648,1.0205,1.013,0.93838,0.78725,0.60208,0.44764,0.38112,0.40515,0.46429,0.48092,0.41842,0.29335,0.15456,0.051879,0.0075411,0.012446,0.041292,0.074311,0.11447,0.18587,0.30752,0.47172,0.62915,0.73026,0.75527,0.71751,0.64664,0.57053,0.50541,0.45057,0.41554,0.38428,0.34887,0.30599
1.9397,1.4593,0.90893,0.37897,0.035024,-0.04574,0.091313,0.32153,0.49635,0.54597,0.51639,0.50237,0.55384,0.64508,0.72949,0.80317,0.90034,1.0441,1.2163,1.3743,1.4821,1.5242,1.502,1.4233,1.2874,1.0865,0.80728,0.44681,0.033651,-0.35077,-0.6012,-0.64882,-0.5082,-0.26348,0.0023207,0.22899,0.39849,0.5144,0.59766,0.65871,0.70504,0.73984,0.77124,0.80941,0.85948,0.9169,0.9673,0.98899,0.96372,0.89551,0.80753,0.742,0.73012,0.75956,0.77321,0.71348,0.56249,0.35324,0.14686,-0.0026917,-0.070231,-0.067327,-0.026175,0.025793,0.083716,0.16475,0.28648,0.43564,0.57357,0.65687,0.66722,0.61607,0.5317,0.44421,0.37597,0.34129,0.32225,0.31968,0.32132,0.31451
1.9757,1.4999,0.92989,0.36715,0.017468,-0.029894,0.15542,0.42303,0.61609,0.67138,0.64365,0.63198,0.68456,0.77108,0.8406,0.88895,0.95464,1.068,1.2171,1.3621,1.4663,1.5105,1.4907,1.4096,1.2664,1.0537,0.76179,0.38907,-0.031321,-0.4186,-0.6618,-0.68733,-0.50823,-0.21018,0.1137,0.38825,0.58112,0.69152,0.74322,0.7608,0.75942,0.75422,0.75117,0.76093,0.79247,0.8375,0.88969,0.93103,0.94406,0.93589,0.91833,0.91671,0.94122,0.96812,0.94156,0.82128,0.60519,0.33551,0.077396,-0.11198,-0.20364,-0.20985,-0.16346,-0.095148,-0.014738,0.088721,0.2247,0.37952,0.50935,0.57183,0.55512,0.48073,0.38629,0.30568,0.25733,0.23894,0.25384,0.27501,0.287,0.28239
1.9853,1.5152,0.9197,0.31381,-0.039943,-0.040418,0.20835,0.5215,0.73737,0.80291,0.78005,0.77106,0.81984,0.89113,0.9331,0.94205,0.96177,1.0315,1.1477,1.2741,1.3724,1.4186,1.403,1.3216,1.1739,0.95374,0.65506,0.28188,-0.13026,-0.50334,-0.72802,-0.72537,-0.50841,-0.15717,0.22079,0.54425,0.75926,0.85961,0.8657,0.81843,0.75381,0.69564,0.66082,0.65228,0.6649,0.69826,0.73986,0.78664,0.84348,0.90205,0.9734,1.0548,1.1264,1.1449,1.0712,0.87377,0.56747,0.20886,-0.12619,-0.37213,-0.50254,-0.52329,-0.46801,-0.37103,-0.2501,-0.10588,0.061454,0.22817,0.35494,0.40684,0.37608,0.28461,0.17141,0.076213,0.026555,0.033197,0.073959,0.13508,0.19338,0.23092
1.9519,1.4879,0.86743,0.22033,-0.1344,-0.087501,0.22137,0.57619,0.81375,0.89047,0.8739,0.86339,0.8993,0.94455,0.94913,0.91356,0.88714,0.91601,1.0018,1.1095,1.1989,1.2431,1.2291,1.1515,1.0087,0.79561,0.50614,0.1486,-0.24216,-0.58575,-0.77465,-0.73874,-0.49045,-0.11717,0.27878,0.6103,0.82559,0.91058,0.89109,0.80687,0.69886,0.59696,0.51793,0.46932,0.45312,0.46184,0.49959,0.56902,0.66702,0.80141,0.95122,1.0907,1.1834,1.1884,1.0567,0.78347,0.3981,-0.034845,-0.43587,-0.73728,-0.90238,-0.94023,-0.88206,-0.76138,-0.59802,-0.40045,-0.18411,0.016769,0.15414,0.19454,0.13979,0.023956,-0.10439,-0.20082,-0.23766,-0.20994,-0.13123,-0.030639,0.063928,0.13217
1.9005,1.442,0.80467,0.12876,-0.22646,-0.14376,0.20755,0.5926,0.84601,0.93113,0.91799,0.9027,0.92166,0.93952,0.91017,0.83842,0.77853,0.78026,0.84625,0.94023,1.0203,1.0589,1.0438,0.97115,0.83773,0.63891,0.36898,0.036117,-0.325,-0.63392,-0.79045,-0.73409,-0.47754,-0.10661,0.28457,0.60792,0.81299,0.88392,0.84589,0.73967,0.60561,0.47884,0.37564,0.30561,0.27066,0.26464,0.29329,0.36328,0.48354,0.65157,0.8467,1.0306,1.1502,1.1453,0.9847,0.65852,0.20678,-0.29258,-0.74838,-1.0863,-1.2773,-1.3227,-1.2545,-1.1074,-0.90523,-0.66454,-0.4062,-0.17921,-0.028443,0.016191,-0.042775,-0.17155,-0.31812,-0.42937,-0.46805,-0.42364,-0.32012,-0.18703,-0.06017,0.035297
1.8005,1.3527,0.69816,-0.011637,-0.36678,-0.23877,0.16497,0.58768,0.86233,0.95813,0.94667,0.91867,0.90688,0.87874,0.7973,0.67399,0.56931,0.53718,0.57944,0.65592,0.72237,0.75213,0.73538,0.67089,0.55444,0.38164,0.15118,-0.13027,-0.42651,-0.66935,-0.78172,-0.71188,-0.47462,-0.1307,0.23415,0.54229,0.73325,0.78827,0.72389,0.58452,0.42032,0.26605,0.14763,0.06619,0.0088104,-0.021885,-0.022732,0.034137,0.17653,0.39639,0.65683,0.88954,1.022,0.99658,0.77685,0.3757,-0.14949,-0.70841,-1.2064,-1.5751,-1.7816,-1.8401,-1.7753,-1.6093,-1.3598,-1.0511,-0.72828,-0.44883,-0.27252,-0.2284,-0.30395,-0.45371,-0.61744,-0.7379,-0.77534,-0.71584,-0.58419,-0.41544,-0.24964,-0.11737
1.6703,1.2404,0.57851,-0.15636,-0.51015,-0.34307,0.10632,0.56175,0.85772,0.96342,0.94939,0.90204,0.85271,0.77401,0.63521,0.45676,0.30454,0.23585,0.25273,0.31197,0.36635,0.38958,0.37422,0.31866,0.22239,0.081262,-0.10118,-0.31599,-0.5284,-0.69053,-0.74888,-0.66813,-0.46266,-0.1713,0.14005,0.40618,0.57078,0.60913,0.53924,0.39698,0.22545,0.058884,-0.085282,-0.20244,-0.29196,-0.35923,-0.38,-0.32143,-0.16132,0.10207,0.40958,0.67846,0.8238,0.77846,0.51191,0.04358,-0.55582,-1.1804,-1.7221,-2.1032,-2.3125,-2.3585,-2.2692,-2.0677,-1.772,-1.41,-1.0329,-0.71109,-0.50797,-0.45433,-0.53772,-0.70852,-0.89673,-1.0329,-1.0697,-1.0032,-0.84019,-0.63972,-0.44979,-0.29997
1.5583,1.1487,0.49064,-0.25518,-0.60738,-0.41604,0.061979,0.53932,0.8501,0.96257,0.94371,0.87791,0.79792,0.68046,0.49912,0.27725,0.084616,-0.016934,-0.022854,0.022548,0.069132,0.0892,0.076435,0.029733,-0.048191,-0.15997,-0.30253,-0.46131,-0.60779,-0.70593,-0.71574,-0.62366,-0.43933,-0.19738,0.060145,0.27784,0.41269,0.44061,0.3702,0.23208,0.059433,-0.11196,-0.26802,-0.40098,-0.50979,-0.5935,-0.62952,-0.58251,-0.41609,-0.13875,0.19376,0.48859,0.64737,0.58942,0.29092,-0.22866,-0.88295,-1.5442,-2.0909,-2.456,-2.6354,-2.6646,-2.5725,-2.3663,-2.0495,-1.6507,-1.2386,-0.88766,-0.66983,-0.6117,-0.69377,-0.86452,-1.0584,-1.21,-1.268,-1.2041,-1.0488,-0.83668,-0.61729,-0.4312
1.3979,1.0289,0.39209,-0.35454,-0.70294,-0.48887,0.017105,0.51786,0.84547,0.96498,0.93677,0.84281,0.72029,0.55313,0.319,0.039474,-0.21273,-0.36564,-0.40749,-0.38394,-0.35035,-0.33757,-0.35031,-0.3837,-0.43307,-0.49693,-0.5737,-0.64686,-0.69883,-0.70748,-0.65821,-0.55696,-0.41208,-0.24287,-0.065989,0.090711,0.19274,0.21314,0.14241,0.0020472,-0.17304,-0.35279,-0.51374,-0.65346,-0.78108,-0.88858,-0.95471,-0.92587,-0.75521,-0.446,-0.072352,0.2493,0.40882,0.33446,-0.013518,-0.59206,-1.2983,-1.9891,-2.5332,-2.8641,-3.0003,-2.9881,-2.8619,-2.6306,-2.2958,-1.8822,-1.4505,-1.0839,-0.85027,-0.78006,-0.8593,-1.0378,-1.2445,-1.406,-1.467,-1.4156,-1.2503,-1.0333,-0.81688,-0.63494
1.2762,0.94989,0.34292,-0.3913,-0.73559,-0.51456,0.0024937,0.51535,0.85314,0.9759,0.93941,0.82254,0.66796,0.46728,0.19805,-0.12137,-0.41724,-0.61114,-0.6841,-0.68153,-0.6634,-0.66289,-0.68219,-0.70947,-0.73682,-0.76047,-0.77638,-0.77743,-0.7518,-0.69199,-0.60578,-0.5018,-0.39355,-0.27986,-0.16576,-0.056178,0.018931,0.031283,-0.032319,-0.16184,-0.32949,-0.50988,-0.68231,-0.8412,-0.98536,-1.1106,-1.1846,-1.1555,-0.98047,-0.66216,-0.27686,0.060009,0.23355,0.15596,-0.20188,-0.80803,-1.5498,-2.2611,-2.7911,-3.078,-3.1639,-3.1164,-2.9776,-2.748,-2.4175,-2.0049,-1.5741,-1.2055,-0.9692,-0.8917,-0.9566,-1.1185,-1.3175,-1.49,-1.5788,-1.5437,-1.408,-1.1998,-0.97007,-0.76402
1.1214,0.87113,0.32461,-0.3759,-0.71428,-0.49942,0.017198,0.5369,0.88294,1.0086,0.96,0.81344,0.61924,0.37812,0.069109,-0.29449,-0.64172,-0.88854,-1.0083,-1.0434,-1.0555,-1.079,-1.113,-1.1374,-1.1378,-1.1085,-1.0455,-0.95236,-0.82741,-0.68128,-0.54073,-0.42527,-0.3503,-0.30601,-0.27627,-0.24696,-0.22199,-0.22386,-0.27441,-0.38221,-0.53908,-0.71987,-0.90655,-1.0832,-1.2419,-1.3725,-1.4459,-1.4161,-1.2365,-0.91173,-0.51469,-0.1638,0.019815,-0.053947,-0.42212,-1.0438,-1.7951,-2.4955,-2.9861,-3.2184,-3.2452,-3.1543,-2.9952,-2.7705,-2.4657,-2.0884,-1.6849,-1.3333,-1.0963,-1.0056,-1.054,-1.2021,-1.3921,-1.5604,-1.6535,-1.6462,-1.5273,-1.3437,-1.1419,-0.95769
0.98571,0.83404,0.3697,-0.27946,-0.61357,-0.42405,0.072922,0.58635,0.93438,1.0596,0.99968,0.82869,0.60165,0.32876,-0.0078276,-0.40081,-0.78797,-1.0865,-1.2627,-1.3502,-1.4046,-1.4577,-1.5073,-1.5322,-1.5121,-1.4382,-1.3106,-1.1329,-0.91782,-0.69454,-0.49796,-0.36612,-0.31035,-0.324,-0.37272,-0.42028,-0.44427,-0.4607,-0.50887,-0.61207,-0.76516,-0.94952,-1.1372,-1.3142,-1.4765,-1.6083,-1.6854,-1.6555,-1.4717,-1.1382,-0.72677,-0.35895,-0.15777,-0.21313,-0.56319,-1.1646,-1.8868,-2.5444,-2.9836,-3.1632,-3.1551,-3.0498,-2.8961,-2.6957,-2.4324,-2.1074,-1.7557,-1.4377,-1.2088,-1.1,-1.1127,-1.2248,-1.3964,-1.5731,-1.6961,-1.7218,-1.646,-1.4845,-1.287,-1.1029
0.90232,0.83836,0.44705,-0.15502,-0.489,-0.33087,0.13714,0.63759,0.98283,1.1067,1.0413,0.85734,0.61281,0.3247,-0.022892,-0.42736,-0.83679,-1.174,-1.3995,-1.5353,-1.6288,-1.7096,-1.7754,-1.8061,-1.7757,-1.6724,-1.499,-1.2611,-0.98578,-0.71398,-0.48818,-0.34825,-0.30578,-0.35117,-0.44839,-0.54633,-0.60961,-0.64444,-0.6906,-0.78282,-0.92814,-1.1113,-1.3086,-1.4993,-1.6658,-1.7958,-1.8581,-1.8102,-1.6159,-1.2823,-0.87429,-0.50158,-0.28199,-0.31247,-0.6219,-1.1787,-1.8575,-2.475,-2.8777,-3.0324,-3.0047,-2.8897,-2.7429,-2.5696,-2.3504,-2.076,-1.7706,-1.4816,-1.264,-1.1541,-1.1581,-1.2543,-1.4036,-1.5593,-1.6765,-1.7213,-1.6746,-1.5597,-1.4075,-1.2491
0.82173,0.88839,0.60412,0.069735,-0.2704,-0.16836,0.2438,0.71519,1.0509,1.1737,1.1053,0.91297,0.65797,0.36367,0.016904,-0.39034,-0.82185,-1.2093,-1.5063,-1.7172,-1.8765,-2.01,-2.1137,-2.1606,-2.1175,-1.9703,-1.7285,-1.4197,-1.0833,-0.76493,-0.51502,-0.36517,-0.33523,-0.41147,-0.56069,-0.71961,-0.8361,-0.89988,-0.94841,-1.0305,-1.1693,-1.3545,-1.5623,-1.7623,-1.9296,-2.043,-2.0751,-1.995,-1.7808,-1.4377,-1.0316,-0.66139,-0.43217,-0.4218,-0.67648,-1.1493,-1.7246,-2.2467,-2.5928,-2.7285,-2.7136,-2.622,-2.4994,-2.3569,-2.1869,-1.9824,-1.751,-1.5202,-1.3289,-1.2104,-1.1836,-1.2471,-1.378,-1.5361,-1.672,-1.7479,-1.7388,-1.651,-1.5185,-1.3803
0.78699,0.95712,0.75616,0.27183,-0.077794,-0.028473,0.33203,0.77219,1.0971,1.2196,1.1538,0.96296,0.7106,0.42393,0.088226,-0.3132,-0.75582,-1.1783,-1.5299,-1.8038,-2.0246,-2.2124,-2.357,-2.4197,-2.3639,-2.1812,-1.8938,-1.5465,-1.1811,-0.84083,-0.57245,-0.41257,-0.38271,-0.47737,-0.65771,-0.85815,-1.0094,-1.0933,-1.1516,-1.2384,-1.378,-1.5647,-1.7698,-1.9641,-2.1241,-2.2218,-2.2357,-2.1379,-1.9074,-1.5658,-1.1622,-0.78297,-0.52603,-0.47765,-0.66346,-1.0609,-1.5664,-2.0343,-2.3475,-2.4772,-2.4655,-2.3828,-2.2782,-2.1671,-2.0416,-1.8892,-1.7117,-1.5203,-1.3491,-1.2354,-1.2021,-1.2506,-1.3626,-1.5063,-1.6434,-1.7353,-1.7579,-1.7146,-1.6227,-1.507
0.7757,1.0853,0.99227,0.56867,0.19948,0.16893,0.448,0.83705,1.1421,1.2657,1.2098,1.0326,0.79816,0.5349,0.22389,-0.16233,-0.6128,-1.0755,-1.4982,-1.8629,-2.1803,-2.4559,-2.6621,-2.7456,-2.6713,-2.4469,-2.1163,-1.7335,-1.3447,-0.98985,-0.71014,-0.54542,-0.51402,-0.61814,-0.82087,-1.0583,-1.2504,-1.3657,-1.4384,-1.5265,-1.6646,-1.8504,-2.06,-2.2586,-2.4102,-2.4869,-2.4618,-2.3165,-2.0517,-1.6874,-1.2806,-0.90699,-0.64383,-0.5493,-0.66244,-0.95208,-1.3382,-1.713,-1.9864,-2.121,-2.1399,-2.087,-2.0019,-1.9083,-1.8151,-1.7192,-1.6073,-1.4817,-1.3501,-1.2426,-1.1949,-1.2274,-1.3341,-1.4855,-1.6391,-1.7577,-1.8107,-1.7922,-1.7225,-1.6307
0.80222,1.2459,1.2514,0.87816,0.48195,0.36355,0.55172,0.87975,1.159,1.2847,1.2476,1.0978,0.89526,0.66482,0.38281,0.015902,-0.43463,-0.92719,-1.4151,-1.8756,-2.3025,-2.6761,-2.9464,-3.0506,-2.9617,-2.7045,-2.3418,-1.9346,-1.5351,-1.1844,-0.91874,-0.76394,-0.73595,-0.83189,-1.0313,-1.2751,-1.4921,-1.6367,-1.7293,-1.8267,-1.9698,-2.1615,-2.3759,-2.5708,-2.7056,-2.7446,-2.6661,-2.4671,-2.1626,-1.7872,-1.3884,-1.0174,-0.73163,-0.59019,-0.61846,-0.81102,-1.1087,-1.422,-1.6699,-1.8113,-1.8511,-1.819,-1.7512,-1.6753,-1.6049,-1.5399,-1.4733,-1.3866,-1.2925,-1.2163,-1.1859,-1.2182,-1.3137,-1.4566,-1.6179,-1.757,-1.848,-1.8759,-1.8441,-1.7718
0.84479,1.3811,1.4512,1.1077,0.68692,0.50035,0.61519,0.89213,1.1486,1.2764,1.2596,1.1395,0.9679,0.76452,0.50349,0.15106,-0.29478,-0.80093,-1.3296,-1.859,-2.3712,-2.8252,-3.1497,-3.2742,-3.1741,-2.8922,-2.5081,-2.0938,-1.7015,-1.3689,-1.1216,-0.97621,-0.94674,-1.0309,-1.2154,-1.449,-1.6683,-1.827,-1.9403,-2.057,-2.2117,-2.4088,-2.6176,-2.7974,-2.9092,-2.9161,-2.8037,-2.5719,-2.2384,-1.8476,-1.4391,-1.0616,-0.76577,-0.59767,-0.58264,-0.71937,-0.96184,-1.2372,-1.4731,-1.6265,-1.6824,-1.6586,-1.5894,-1.5106,-1.4472,-1.4048,-1.3631,-1.3148,-1.2447,-1.1747,-1.1446,-1.1836,-1.2944,-1.4557,-1.6315,-1.7874,-1.8908,-1.9283,-1.9098,-1.856
0.92754,1.5717,1.7139,1.3994,0.94126,0.66342,0.67656,0.87895,1.1011,1.2331,1.2509,1.1806,1.0576,0.89123,0.65637,0.32148,-0.1151,-0.63052,-1.2016,-1.8126,-2.4351,-3.0025,-3.4095,-3.5621,-3.4393,-3.12,-2.7144,-2.3121,-1.9572,-1.6699,-1.455,-1.3218,-1.2802,-1.338,-1.4835,-1.6874,-1.8942,-2.0652,-2.2055,-2.3479,-2.521,-2.7214,-2.9248,-3.0905,-3.1704,-3.1318,-2.9577,-2.66,-2.2792,-1.8602,-1.4514,-1.0872,-0.79483,-0.60334,-0.54123,-0.61174,-0.78972,-1.0224,-1.2477,-1.4122,-1.4932,-1.4929,-1.4351,-1.3536,-1.2796,-1.2295,-1.2032,-1.1727,-1.1361,-1.1064,-1.1088,-1.1643,-1.2792,-1.443,-1.6304,-1.803,-1.935,-2.0049,-2.0111,-1.9699
1.0351,1.7664,1.9635,1.6657,1.1663,0.799,0.70884,0.83067,1.0137,1.1514,1.2106,1.199,1.1307,1.0025,0.79098,0.47224,0.045916,-0.47307,-1.0744,-1.751,-2.4709,-3.1448,-3.63,-3.8025,-3.6564,-3.3089,-2.9022,-2.5333,-2.2398,-2.0177,-1.8541,-1.7403,-1.6791,-1.6841,-1.7622,-1.9047,-2.0786,-2.2538,-2.4192,-2.5955,-2.7951,-3.0145,-3.2197,-3.3618,-3.3977,-3.2919,-3.0465,-2.6935,-2.2753,-1.8462,-1.4378,-1.0713,-0.76862,-0.56092,-0.4669,-0.50408,-0.65455,-0.87152,-1.0947,-1.2722,-1.3645,-1.3658,-1.2992,-1.2046,-1.1212,-1.0712,-1.0511,-1.0452,-1.0358,-1.0321,-1.0605,-1.1419,-1.2789,-1.4562,-1.6485,-1.8305,-1.9679,-2.0521,-2.0828,-2.0679
1.1285,1.9106,2.1377,1.8443,1.3127,0.88062,0.71383,0.77245,0.92308,1.0652,1.1584,1.1946,1.17,1.0705,0.87426,0.56552,0.14589,-0.37341,-0.98928,-1.7016,-2.4781,-3.2154,-3.7458,-3.9296,-3.7754,-3.4246,-3.0344,-2.703,-2.4627,-2.2969,-2.1786,-2.0805,-1.9984,-1.9482,-1.9579,-2.038,-2.1798,-2.3565,-2.5495,-2.7592,-2.985,-3.2124,-3.4055,-3.5198,-3.5149,-3.3702,-3.0905,-2.7042,-2.2618,-1.8091,-1.3862,-1.0206,-0.72834,-0.51833,-0.42295,-0.44442,-0.5702,-0.76557,-0.98085,-1.162,-1.2656,-1.2808,-1.2202,-1.1188,-1.0193,-0.95397,-0.93703,-0.94152,-0.96047,-0.99127,-1.0458,-1.14,-1.2815,-1.4632,-1.6635,-1.8506,-2.0003,-2.09,-2.1178,-2.0995
1.2666,2.096,2.3481,2.0513,1.4758,0.96223,0.69777,0.66996,0.77383,0.9203,1.0617,1.1647,1.1986,1.1362,0.95626,0.65448,0.24053,-0.27467,-0.89641,-1.6334,-2.4537,-3.2417,-3.8088,-4.0073,-3.8623,-3.5364,-3.1956,-2.9332,-2.7708,-2.681,-2.6128,-2.524,-2.4021,-2.2716,-2.18,-2.1701,-2.2631,-2.441,-2.6766,-2.9355,-3.1981,-3.4336,-3.6111,-3.6901,-3.6337,-3.427,-3.0854,-2.654,-2.1855,-1.7348,-1.3278,-0.97246,-0.67412,-0.45683,-0.33355,-0.3312,-0.44613,-0.64309,-0.86543,-1.0515,-1.1607,-1.1655,-1.0837,-0.96289,-0.8568,-0.8009,-0.79673,-0.83827,-0.89378,-0.95595,-1.0374,-1.1531,-1.3066,-1.4878,-1.6784,-1.8583,-2.0015,-2.099,-2.1479,-2.1527
1.3777,2.2273,2.4874,2.1819,1.5731,1.0041,0.67088,0.57898,0.64447,0.79242,0.97014,1.1237,1.2006,1.1632,0.99186,0.69017,0.27795,-0.23036,-0.84454,-1.5798,-2.4066,-3.2058,-3.784,-3.9958,-3.8723,-3.5832,-3.2947,-3.096,-2.9979,-2.962,-2.9204,-2.8236,-2.6626,-2.4709,-2.3055,-2.2333,-2.2873,-2.4624,-2.7207,-3.0166,-3.309,-3.5603,-3.7309,-3.781,-3.6845,-3.4354,-3.0597,-2.6075,-2.1317,-1.6774,-1.2688,-0.91337,-0.61738,-0.39548,-0.27607,-0.27309,-0.37707,-0.55382,-0.75502,-0.93026,-1.0306,-1.042,-0.97275,-0.85747,-0.74587,-0.68227,-0.69069,-0.74896,-0.83981,-0.9428,-1.0538,-1.1812,-1.3325,-1.5058,-1.6877,-1.8574,-1.9974,-2.0911,-2.1356,-2.14
1.5324,2.3896,2.6464,2.3217,1.6698,1.0358,0.62024,0.44538,0.45535,0.60012,0.82365,1.0424,1.1739,1.1655,1.0001,0.69401,0.28266,-0.21176,-0.80125,-1.5081,-2.3093,-3.0907,-3.665,-3.8955,-3.8155,-3.5928,-3.3888,-3.2832,-3.2751,-3.3032,-3.2821,-3.1554,-2.9224,-2.6391,-2.3846,-2.2438,-2.2595,-2.4366,-2.7222,-3.0636,-3.3946,-3.6637,-3.8174,-3.8241,-3.6758,-3.3925,-3.0032,-2.5476,-2.0737,-1.6185,-1.2081,-0.85126,-0.55139,-0.32556,-0.19275,-0.17377,-0.26508,-0.43401,-0.6273,-0.7853,-0.87413,-0.86369,-0.77147,-0.64698,-0.54739,-0.51276,-0.55122,-0.65825,-0.79325,-0.933,-1.0726,-1.2167,-1.3686,-1.5261,-1.6818,-1.8284,-1.9469,-2.0328,-2.0856,-2.1099
1.6909,2.5348,2.7737,2.4216,1.7293,1.0419,0.55891,0.30636,0.25604,0.38901,0.65119,0.92964,1.1106,1.127,0.96446,0.65207,0.24159,-0.2353,-0.78899,-1.4456,-2.1891,-2.9184,-3.4671,-3.7146,-3.6925,-3.5526,-3.4394,-3.4238,-3.4921,-3.5603,-3.5353,-3.3575,-3.0404,-2.6656,-2.3374,-2.1506,-2.1592,-2.3536,-2.6801,-3.0564,-3.4115,-3.6785,-3.8139,-3.7911,-3.6138,-3.305,-2.9069,-2.4633,-2.0078,-1.574,-1.1725,-0.81058,-0.5016,-0.26783,-0.13881,-0.12358,-0.2024,-0.33487,-0.47681,-0.59238,-0.64354,-0.62737,-0.55056,-0.44142,-0.34722,-0.31808,-0.38478,-0.53064,-0.72515,-0.9218,-1.0931,-1.2394,-1.3745,-1.5082,-1.64,-1.7599,-1.8639,-1.9444,-2.0004,-2.034
1.8103,2.6314,2.8478,2.47,1.7497,1.0308,0.50789,0.2034,0.10529,0.22234,0.50662,0.82458,1.0388,1.0718,0.91071,0.59431,0.1852,-0.27646,-0.79875,-1.409,-2.0947,-2.7668,-3.2813,-3.5372,-3.5642,-3.4948,-3.4526,-3.4962,-3.5981,-3.6673,-3.6123,-3.3852,-3.0203,-2.6036,-2.246,-2.0362,-2.04,-2.2439,-2.5971,-2.9977,-3.3634,-3.6246,-3.7445,-3.708,-3.5236,-3.2209,-2.8373,-2.4118,-1.9777,-1.5543,-1.1576,-0.79662,-0.48566,-0.24971,-0.11475,-0.090266,-0.15895,-0.27963,-0.40232,-0.48658,-0.5068,-0.45559,-0.35414,-0.24335,-0.16984,-0.17083,-0.2636,-0.43959,-0.65593,-0.87174,-1.0617,-1.2208,-1.3565,-1.4775,-1.5881,-1.6885,-1.7743,-1.8427,-1.8953,-1.9364
1.967,2.7427,2.9172,2.4999,1.7443,0.99571,0.43524,0.072058,-0.091675,-0.0069756,0.29561,0.65813,0.91177,0.96445,0.80492,0.4843,0.079297,-0.35863,-0.83286,-1.3719,-1.9709,-2.5573,-3.0156,-3.2714,-3.3563,-3.3749,-3.4241,-3.5333,-3.6504,-3.6841,-3.5495,-3.2456,-2.8445,-2.4253,-2.0718,-1.8647,-1.8594,-2.0661,-2.4197,-2.8329,-3.2041,-3.4648,-3.5715,-3.5221,-3.3404,-3.0634,-2.7249,-2.3497,-1.9571,-1.5614,-1.1747,-0.81315,-0.5005,-0.26662,-0.13843,-0.11467,-0.16561,-0.24588,-0.31413,-0.3394,-0.31261,-0.23751,-0.12733,-0.010914,0.068174,0.064576,-0.047596,-0.25248,-0.51404,-0.77345,-0.98898,-1.1522,-1.2762,-1.3769,-1.4636,-1.5401,-1.6082,-1.6729,-1.737,-1.7996
2.08,2.8121,2.9476,2.4966,1.7165,0.95439,0.37679,-0.020755,-0.23246,-0.17993,0.12677,0.51564,0.7946,0.861,0.70348,0.38071,-0.020096,-0.43733,-0.87022,-1.3507,-1.8822,-2.4055,-2.8235,-3.0749,-3.1883,-3.2531,-3.3503,-3.4897,-3.6077,-3.6061,-3.413,-3.0607,-2.6323,-2.2161,-1.8805,-1.6993,-1.7123,-1.9255,-2.2743,-2.6755,-3.0355,-3.2874,-3.3933,-3.3498,-3.1848,-2.9323,-2.6288,-2.2973,-1.9448,-1.5807,-1.2105,-0.85268,-0.5397,-0.30952,-0.18636,-0.16821,-0.21843,-0.28323,-0.31575,-0.29611,-0.21435,-0.088085,0.054027,0.17651,0.24304,0.22358,0.10159,-0.11204,-0.37594,-0.64069,-0.86788,-1.0434,-1.1732,-1.2711,-1.3485,-1.4128,-1.4714,-1.5286,-1.5894,-1.657
2.2213,2.8847,2.9608,2.4598,1.649,0.8775,0.2936,-0.13539,-0.40685,-0.40594,-0.10852,0.30499,0.61404,0.69966,0.54832,0.22406,-0.17186,-0.56236,-0.94049,-1.3431,-1.786,-2.2281,-2.5933,-2.8314,-2.9645,-3.0622,-3.1824,-3.3234,-3.4175,-3.3644,-3.1234,-2.7419,-2.3066,-1.9041,-1.5995,-1.4501,-1.4934,-1.7169,-2.0672,-2.4495,-2.7855,-3.0102,-3.1054,-3.077,-2.9472,-2.7518,-2.5141,-2.2471,-1.9528,-1.627,-1.2798,-0.93733,-0.63976,-0.42933,-0.32697,-0.31834,-0.35654,-0.38521,-0.36417,-0.27389,-0.13367,0.039906,0.22111,0.37696,0.46904,0.46283,0.34514,0.12833,-0.14858,-0.42871,-0.66876,-0.85352,-0.98833,-1.0849,-1.1543,-1.2083,-1.2553,-1.3089,-1.3781,-1.4656
2.3476,2.9338,2.9437,2.388,1.5474,0.77529,0.2017,-0.24181,-0.56298,-0.61995,-0.34793,0.07782,0.41503,0.52457,0.38571,0.062976,-0.33098,-0.7038,-1.0383,-1.3729,-1.734,-2.0966,-2.4025,-2.6135,-2.7458,-2.8503,-2.9621,-3.0695,-3.1063,-2.9937,-2.7222,-2.345,-1.9494,-1.5986,-1.3474,-1.2309,-1.2869,-1.506,-1.8392,-2.2024,-2.5149,-2.7277,-2.8191,-2.8028,-2.7097,-2.5692,-2.4031,-2.2114,-1.9798,-1.7012,-1.3817,-1.0569,-0.77916,-0.59574,-0.52547,-0.54438,-0.59113,-0.59707,-0.5192,-0.35788,-0.13037,0.12275,0.36061,0.54668,0.65201,0.65765,0.5555,0.3588,0.10501,-0.16362,-0.41075,-0.61482,-0.76909,-0.87695,-0.94792,-0.9968,-1.0385,-1.0878,-1.1563,-1.2487
2.4301,2.9549,2.9111,2.3123,1.4493,0.68099,0.12357,-0.3185,-0.66811,-0.76924,-0.52499,-0.097095,0.26037,0.39203,0.26759,-0.051761,-0.44786,-0.81611,-1.1286,-1.4218,-1.7288,-2.0349,-2.2934,-2.4744,-2.5903,-2.6816,-2.7719,-2.8403,-2.8231,-2.6683,-2.378,-2.0165,-1.6632,-1.3691,-1.169,-1.0957,-1.1686,-1.3842,-1.6897,-2.0214,-2.3113,-2.5165,-2.6178,-2.6233,-2.5608,-2.4592,-2.337,-2.1923,-2.0067,-1.7633,-1.4695,-1.1652,-0.90936,-0.75365,-0.71224,-0.75253,-0.80427,-0.79436,-0.68161,-0.46531,-0.18642,0.11686,0.40255,0.6327,0.77515,0.80743,0.72778,0.54419,0.29353,0.023142,-0.22732,-0.43611,-0.59662,-0.71039,-0.78416,-0.83043,-0.86503,-0.90974,-0.98082,-1.0855
2.5203,2.961,2.8428,2.1847,1.2903,0.52997,0.0025599,-0.42289,-0.79573,-0.95097,-0.75133,-0.32757,0.056942,0.22352,0.12318,-0.19063,-0.59591,-0.97083,-1.2695,-1.5224,-1.7695,-2.0093,-2.2066,-2.336,-2.4077,-2.4518,-2.4868,-2.4864,-2.4023,-2.2077,-1.9168,-1.5951,-1.3008,-1.0749,-0.93912,-0.92022,-1.0265,-1.2447,-1.5316,-1.8299,-2.0919,-2.2803,-2.3866,-2.4176,-2.393,-2.3407,-2.2726,-2.184,-2.0523,-1.8534,-1.5945,-1.3206,-1.0995,-0.98569,-0.99406,-1.0774,-1.1476,-1.1191,-0.95234,-0.66587,-0.30168,0.078129,0.42358,0.69741,0.87473,0.94188,0.89318,0.74605,0.52781,0.27394,0.020091,-0.20523,-0.38414,-0.5099,-0.58662,-0.62925,-0.65675,-0.69356,-0.75852,-0.86115
2.5839,2.9402,2.7474,2.0287,1.1011,0.34838,-0.14369,-0.53882,-0.91361,-1.1099,-0.9541,-0.53858,-0.12699,0.078021,0.0043929,-0.30686,-0.73193,-1.1307,-1.4344,-1.6648,-1.868,-2.0538,-2.1947,-2.2658,-2.2736,-2.2425,-2.1892,-2.1005,-1.9535,-1.7352,-1.4692,-1.2018,-0.97268,-0.81,-0.73401,-0.75909,-0.89403,-1.1188,-1.3985,-1.6821,-1.9285,-2.1121,-2.2209,-2.2645,-2.266,-2.2475,-2.2246,-2.1864,-2.1009,-1.9441,-1.7188,-1.4751,-1.287,-1.2159,-1.2684,-1.3936,-1.4916,-1.4646,-1.268,-0.92048,-0.48939,-0.038852,0.3752,0.71124,0.94075,1.0479,1.0336,0.91129,0.70755,0.46131,0.21064,-0.015628,-0.19932,-0.33124,-0.41117,-0.44794,-0.4668,-0.49128,-0.54413,-0.6399
2.6118,2.9065,2.6587,1.8949,0.9408,0.19188,-0.27235,-0.63661,-0.99911,-1.212,-1.0825,-0.67257,-0.24215,-0.0088325,-0.063086,-0.37639,-0.82518,-1.255,-1.5775,-1.8039,-1.9834,-2.1336,-2.233,-2.2571,-2.2092,-2.1116,-1.9801,-1.8197,-1.6232,-1.3891,-1.1437,-0.91585,-0.73501,-0.61965,-0.58776,-0.64915,-0.80712,-1.0421,-1.3142,-1.5863,-1.8243,-2.0106,-2.1315,-2.1905,-2.2077,-2.2054,-2.2002,-2.1834,-2.1235,-1.9919,-1.7908,-1.5716,-1.4117,-1.3722,-1.4622,-1.6221,-1.7423,-1.7169,-1.4993,-1.1166,-0.63506,-0.13463,0.32103,0.68816,0.94172,1.0721,1.079,0.98221,0.80402,0.57472,0.32787,0.095394,-0.096804,-0.2326,-0.30902,-0.33855,-0.34444,-0.35459,-0.39373,-0.47656
2.6206,2.837,2.5187,1.6967,0.70573,-0.041454,-0.47105,-0.78662,-1.1149,-1.3271,-1.2166,-0.81032,-0.35668,-0.08991,-0.12259,-0.4441,-0.93552,-1.4265,-1.7979,-2.0386,-2.1959,-2.2983,-2.3361,-2.2915,-2.1632,-1.9734,-1.7423,-1.49,-1.225,-0.96551,-0.73397,-0.54754,-0.42116,-0.36137,-0.37831,-0.48537,-0.67935,-0.93823,-1.2194,-1.4893,-1.726,-1.9122,-2.0429,-2.1178,-2.1487,-2.1599,-2.1637,-2.1578,-2.1181,-2.0131,-1.8463,-1.6635,-1.539,-1.5358,-1.6634,-1.86,-2.0112,-2.003,-1.7815,-1.3692,-0.8471,-0.29603,0.21248,0.62711,0.91774,1.0739,1.1054,1.0257,0.86164,0.64485,0.40839,0.18361,-0.0029125,-0.13311,-0.20171,-0.21577,-0.20352,-0.19323,-0.20953,-0.26672
2.6049,2.766,2.3986,1.5357,0.51787,-0.2339,-0.6398,-0.91528,-1.2056,-1.3989,-1.2877,-0.87845,-0.40929,-0.12201,-0.14321,-0.47554,-1.0068,-1.5584,-1.9852,-2.2515,-2.3984,-2.4635,-2.4496,-2.3462,-2.1542,-1.8944,-1.5943,-1.2777,-0.9666,-0.68729,-0.45828,-0.29302,-0.19452,-0.16302,-0.2056,-0.33503,-0.5518,-0.83222,-1.1376,-1.428,-1.6773,-1.8689,-1.996,-2.0656,-2.0947,-2.1069,-2.118,-2.1213,-2.0914,-2.0011,-1.8515,-1.6888,-1.5863,-1.6048,-1.756,-1.9784,-2.1518,-2.1548,-1.932,-1.5118,-0.97052,-0.40153,0.12251,0.55135,0.85613,1.0272,1.068,1.006,0.86085,0.65988,0.43312,0.21196,0.026185,-0.1012,-0.16042,-0.16069,-0.12594,-0.086906,-0.072246,-0.099046
2.5527,2.6465,2.2209,1.3082,0.25427,-0.50852,-0.88848,-1.1088,-1.3345,-1.4778,-1.3421,-0.92028,-0.43379,-0.12667,-0.14002,-0.49278,-1.0844,-1.7289,-2.2471,-2.5622,-2.7024,-2.7214,-2.6424,-2.4637,-2.187,-1.832,-1.4362,-1.0355,-0.66926,-0.36569,-0.13818,0.010506,0.091802,0.10585,0.044726,-0.1082,-0.35319,-0.66548,-1.0011,-1.3198,-1.5919,-1.8018,-1.939,-2.0069,-2.0263,-2.0225,-2.0189,-2.0157,-1.9891,-1.9161,-1.7928,-1.6597,-1.5836,-1.6224,-1.7841,-2.0135,-2.2024,-2.2363,-2.0493,-1.6495,-1.1165,-0.53562,0.0084442,0.45303,0.76334,0.93207,0.97767,0.91772,0.78423,0.60232,0.39552,0.19082,0.01877,-0.093678,-0.13332,-0.10596,-0.038635,0.036201,0.091568,0.11542
2.4636,2.4997,2.0237,1.0698,-0.017285,-0.79669,-1.1592,-1.3241,-1.4721,-1.5389,-1.3535,-0.90904,-0.4103,-0.094132,-0.10938,-0.48847,-1.143,-1.8829,-2.4972,-2.8679,-3.0085,-2.9902,-2.8579,-2.6171,-2.2639,-1.8198,-1.3281,-0.84641,-0.42472,-0.094163,0.13373,0.27482,0.34752,0.36011,0.29841,0.14143,-0.12033,-0.46301,-0.83672,-1.1913,-1.4923,-1.7173,-1.8597,-1.9234,-1.9279,-1.9041,-1.875,-1.8494,-1.815,-1.7493,-1.6503,-1.5447,-1.4864,-1.5286,-1.6869,-1.9162,-2.1165,-2.1743,-2.0205,-1.6639,-1.162,-0.61085,-0.093219,0.33114,0.62919,0.79325,0.83197,0.77924,0.65783,0.48957,0.2971,0.10868,-0.043583,-0.13197,-0.14295,-0.083849,0.023433,0.14638,0.25936,0.35156
2.3732,2.3727,1.865,0.88664,-0.22178,-1.0155,-1.3703,-1.4963,-1.5788,-1.5738,-1.3365,-0.86944,-0.36532,-0.05011,-0.073072,-0.47371,-1.1714,-1.9761,-2.6585,-3.0713,-3.2165,-3.1767,-3.0112,-2.7301,-2.3289,-1.8298,-1.2795,-0.74686,-0.28547,0.06809,0.30514,0.44765,0.51776,0.53185,0.47585,0.32662,0.06443,-0.29249,-0.69688,-1.0877,-1.4157,-1.6518,-1.7858,-1.8305,-1.8141,-1.7725,-1.732,-1.698,-1.6592,-1.5938,-1.4986,-1.3996,-1.3447,-1.3818,-1.5257,-1.7403,-1.9419,-2.0284,-1.9249,-1.6197,-1.1672,-0.64755,-0.14879,0.26014,0.54014,0.68338,0.7109,0.6443,0.52064,0.363,0.18916,0.021451,-0.11055,-0.17781,-0.16431,-0.074228,0.066556,0.22665,0.38224,0.5284
2.2215,2.1807,1.6415,0.64052,-0.48862,-1.3007,-1.6514,-1.7285,-1.7178,-1.6033,-1.283,-0.78162,-0.27625,0.028062,-0.01153,-0.43832,-1.1799,-2.0506,-2.8064,-3.2687,-3.4239,-3.3657,-3.169,-2.8494,-2.4025,-1.8494,-1.2464,-0.66286,-0.16082,0.22015,0.47754,0.6297,0.70661,0.72422,0.67612,0.53244,0.27411,-0.090684,-0.51396,-0.93361,-1.2885,-1.5386,-1.6673,-1.6886,-1.6412,-1.5654,-1.4967,-1.4456,-1.3974,-1.3358,-1.2469,-1.1481,-1.0834,-1.1,-1.2209,-1.4207,-1.6239,-1.7358,-1.686,-1.4571,-1.0852,-0.64382,-0.20877,0.15663,0.41036,0.53636,0.54217,0.46607,0.33726,0.18268,0.022575,-0.12151,-0.22263,-0.25404,-0.20054,-0.066782,0.12401,0.34159,0.56452,0.7908
2.0354,1.9661,1.4072,0.3972,-0.74135,-1.5663,-1.9163,-1.9484,-1.8422,-1.6102,-1.2002,-0.66392,-0.16381,0.12017,0.061568,-0.38232,-1.1452,-2.0478,-2.8431,-3.3377,-3.5069,-3.4501,-3.2517,-2.9245,-2.4594,-1.8732,-1.2309,-0.61041,-0.082695,0.31442,0.57903,0.73421,0.81529,0.83954,0.80076,0.66868,0.42048,0.059582,-0.36869,-0.79943,-1.164,-1.4122,-1.5264,-1.5226,-1.4432,-1.3391,-1.2431,-1.1681,-1.1076,-1.0373,-0.94828,-0.84882,-0.77109,-0.76114,-0.84794,-1.0211,-1.2256,-1.378,-1.4015,-1.2596,-0.97588,-0.60508,-0.22316,0.099725,0.31547,0.40623,0.38798,0.28746,0.14774,-0.0016792,-0.14308,-0.25955,-0.32751,-0.32117,-0.22488,-0.044484,0.19703,0.47106,0.75684,1.055
1.8749,1.7921,1.2269,0.219,-0.91726,-1.7456,-2.0941,-2.0951,-1.9184,-1.5986,-1.1237,-0.56432,-0.072198,0.19368,0.12246,-0.32474,-1.0839,-1.9832,-2.7813,-3.2852,-3.4681,-3.4302,-3.2546,-2.9466,-2.4872,-1.892,-1.2293,-0.59021,-0.05027,0.35194,0.6114,0.75974,0.83312,0.85677,0.82259,0.70465,0.47111,0.1216,-0.30419,-0.73666,-1.0982,-1.3327,-1.4192,-1.382,-1.2734,-1.1468,-1.0389,-0.95914,-0.89444,-0.82184,-0.72438,-0.60993,-0.51361,-0.48191,-0.55257,-0.71896,-0.92872,-1.1027,-1.1683,-1.0849,-0.8654,-0.55794,-0.22808,0.059048,0.25353,0.33136,0.2972,0.18901,0.041817,-0.11233,-0.25106,-0.35346,-0.39511,-0.35387,-0.22073,-0.0042564,0.27019,0.57365,0.89228,1.2349
1.6358,1.5461,0.98316,-0.010409,-1.1295,-1.9523,-2.2922,-2.2533,-1.9874,-1.5593,-1.0077,-0.42549,0.051788,0.29501,0.21301,-0.22258,-0.95076,-1.8108,-2.5801,-3.0823,-3.2927,-3.3005,-3.1763,-2.9174,-2.4889,-1.9067,-1.2432,-0.59853,-0.053782,0.346,0.59648,0.7271,0.78038,0.78656,0.74665,0.63602,0.42127,0.09769,-0.30349,-0.7097,-1.0421,-1.238,-1.2805,-1.2005,-1.0558,-0.90147,-0.77484,-0.68432,-0.61326,-0.53943,-0.43901,-0.31309,-0.19392,-0.13543,-0.17873,-0.33373,-0.5586,-0.77533,-0.90268,-0.89296,-0.74085,-0.48883,-0.20418,0.045158,0.20849,0.2622,0.21409,0.089093,-0.068265,-0.22227,-0.34873,-0.42861,-0.4413,-0.36706,-0.19687,0.058336,0.37175,0.71807,1.0808,1.4669
1.4399,1.3532,0.79967,-0.17534,-1.2719,-2.0789,-2.4065,-2.3377,-2.0116,-1.513,-0.91456,-0.32185,0.14258,0.37122,0.28802,-0.12789,-0.81664,-1.6273,-2.3591,-2.8576,-3.0981,-3.1515,-3.0735,-2.8555,-2.4608,-1.9031,-1.2563,-0.62209,-0.085738,0.30318,0.53888,0.64752,0.67413,0.65361,0.59807,0.48626,0.2899,-0.0042816,-0.36557,-0.73067,-1.0225,-1.1797,-1.1891,-1.0808,-0.91081,-0.73974,-0.59867,-0.49742,-0.42399,-0.34557,-0.24315,-0.11419,0.012515,0.083128,0.050165,-0.098068,-0.32644,-0.56284,-0.72746,-0.76139,-0.65933,-0.45189,-0.19912,0.032866,0.19032,0.24384,0.19193,0.065445,-0.099138,-0.2632,-0.39487,-0.46715,-0.45693,-0.35002,-0.14783,0.13141,0.46454,0.82088,1.1912,1.591
1.161,1.0892,0.55752,-0.3842,-1.4384,-2.2087,-2.509,-2.3989,-2.0061,-1.4339,-0.78985,-0.19173,0.25555,0.46973,0.39409,0.01733,-0.60248,-1.332,-2.0056,-2.5005,-2.7895,-2.9133,-2.9027,-2.7396,-2.3955,-1.8821,-1.2732,-0.66888,-0.1599,0.20007,0.39865,0.46096,0.43549,0.36713,0.28064,0.16811,0.0020005,-0.23758,-0.53645,-0.8371,-1.0625,-1.1525,-1.0945,-0.92899,-0.7227,-0.53048,-0.38716,-0.29395,-0.226,-0.1543,-0.047507,0.094446,0.23546,0.31784,0.28976,0.13424,-0.11345,-0.37996,-0.58247,-0.66255,-0.59712,-0.41636,-0.18108,0.04009,0.19129,0.24155,0.19103,0.057242,-0.11451,-0.27983,-0.40287,-0.45811,-0.42766,-0.3015,-0.081664,0.21647,0.55853,0.92596,1.3084,1.7177
0.86827,0.823,0.32265,-0.57821,-1.5785,-2.2947,-2.5532,-2.4032,-1.9619,-1.3443,-0.67512,-0.07935,0.35165,0.55847,0.50164,0.17555,-0.36516,-1.0087,-1.6251,-2.1195,-2.46,-2.6568,-2.7147,-2.6091,-2.3178,-1.8561,-1.2958,-0.73611,-0.26838,0.048397,0.19434,0.19516,0.098991,-0.033418,-0.16324,-0.27782,-0.40522,-0.57521,-0.78743,-0.99658,-1.1321,-1.1437,-1.0243,-0.81734,-0.58646,-0.38407,-0.23709,-0.14401,-0.08156,-0.01457,0.083343,0.21617,0.35368,0.43596,0.4104,0.25587,2.9371e-06,-0.28749,-0.5208,-0.62625,-0.58641,-0.42109,-0.18913,0.039259,0.20422,0.2691,0.22491,0.094976,-0.083436,-0.26087,-0.39167,-0.44222,-0.39352,-0.24209,-0.00032118,0.30368,0.64825,1.0051,1.3665,1.749
0.64388,0.62611,0.15438,-0.71259,-1.6669,-2.3332,-2.5519,-2.3742,-1.9116,-1.2782,-0.60392,-0.014615,0.40625,0.61273,0.57694,0.29502,-0.18449,-0.76666,-1.3455,-1.843,-2.2222,-2.4713,-2.5765,-2.5118,-2.2576,-1.8365,-1.3193,-0.80322,-0.3762,-0.1002,0.0039725,-0.04393,-0.19466,-0.38278,-0.55227,-0.67776,-0.77579,-0.88391,-1.013,-1.1344,-1.1935,-1.1437,-0.98528,-0.75746,-0.51518,-0.31174,-0.16773,-0.080246,-0.02679,0.033497,0.1281,0.25944,0.39306,0.47241,0.43607,0.26664,-0.0043113,-0.30451,-0.54662,-0.66164,-0.61675,-0.43937,-0.19286,0.048473,0.22299,0.29416,0.25526,0.12091,-0.063792,-0.24491,-0.37275,-0.41378,-0.35403,-0.19619,0.044476,0.34663,0.67479,1.0143,1.3594,1.7243
0.34494,0.37365,-0.055059,-0.87516,-1.7654,-2.3572,-2.5159,-2.3054,-1.8334,-1.2008,-0.53573,0.038687,0.44937,0.66358,0.66329,0.44583,0.046623,-0.46368,-1.0058,-1.5158,-1.9464,-2.2583,-2.4156,-2.3919,-2.1779,-1.809,-1.3569,-0.91045,-0.55109,-0.33755,-0.29214,-0.40313,-0.62162,-0.88055,-1.1019,-1.2375,-1.2875,-1.2998,-1.3158,-1.3276,-1.2923,-1.172,-0.96489,-0.70882,-0.45889,-0.25539,-0.12055,-0.047765,-0.0066888,0.034635,0.10989,0.22434,0.34627,0.41312,0.37233,0.19727,-0.08475,-0.40027,-0.65501,-0.76617,-0.70796,-0.50515,-0.22677,0.047065,0.24973,0.34006,0.30533,0.16873,-0.028207,-0.22407,-0.36049,-0.39972,-0.32996,-0.16044,0.086138,0.37658,0.68964,1.001,1.3043,1.6149
0.1255,0.19571,-0.19764,-0.98357,-1.8264,-2.3608,-2.4722,-2.2421,-1.7741,-1.1569,-0.50893,0.050981,0.45564,0.68062,0.71208,0.54502,0.20248,-0.26299,-0.78832,-1.3144,-1.7834,-2.1357,-2.3212,-2.3156,-2.1253,-1.7947,-1.3945,-1.0049,-0.70035,-0.53516,-0.5342,-0.68806,-0.95146,-1.2524,-1.503,-1.6332,-1.6402,-1.5804,-1.5162,-1.4519,-1.3538,-1.1903,-0.9605,-0.69921,-0.45401,-0.26039,-0.13489,-0.069134,-0.036599,-0.0027936,0.059862,0.15617,0.25841,0.3105,0.25729,0.07463,-0.21342,-0.53472,-0.79056,-0.89186,-0.80775,-0.56724,-0.25035,0.053019,0.27238,0.36793,0.33357,0.18544,-0.022473,-0.22365,-0.35779,-0.38966,-0.31323,-0.1435,0.093926,0.37421,0.65919,0.93675,1.2038,1.4765
-0.15364,-0.020978,-0.36465,-1.1065,-1.8906,-2.3523,-2.4048,-2.1559,-1.7057,-1.1231,-0.50898,0.028,0.42674,0.67035,0.7478,0.64718,0.37226,-0.0462,-0.56044,-1.112,-1.6268,-2.0215,-2.2312,-2.2379,-2.073,-1.7931,-1.4651,-1.1554,-0.92486,-0.81965,-0.8653,-1.0546,-1.3523,-1.6841,-1.9534,-2.0688,-2.0188,-1.8756,-1.7135,-1.5617,-1.3995,-1.2023,-0.96808,-0.7198,-0.49259,-0.31781,-0.20595,-0.1502,-0.12827,-0.10557,-0.057917,0.018957,0.097218,0.12603,0.048329,-0.15804,-0.46324,-0.78796,-1.0283,-1.0982,-0.96199,-0.66653,-0.30081,0.042002,0.29015,0.40192,0.36525,0.21082,-0.011427,-0.22866,-0.37373,-0.40865,-0.32995,-0.15826,0.07494,0.33131,0.59154,0.83302,1.0504,1.2579
-0.41056,-0.20869,-0.50013,-1.2017,-1.9357,-2.3338,-2.3369,-2.0786,-1.6572,-1.1211,-0.5498,-0.038809,0.35705,0.62355,0.74733,0.70613,0.48572,0.10021,-0.41107,-0.98629,-1.5362,-1.958,-2.1787,-2.1911,-2.0482,-1.8182,-1.5641,-1.3383,-1.183,-1.1291,-1.1946,-1.3784,-1.6542,-1.9647,-2.215,-2.3126,-2.2295,-2.0357,-1.8189,-1.6196,-1.4271,-1.2194,-0.9918,-0.76303,-0.5628,-0.41172,-0.31941,-0.27577,-0.25605,-0.24066,-0.20918,-0.1606,-0.1168,-0.12466,-0.22499,-0.44119,-0.74932,-1.073,-1.3018,-1.334,-1.1462,-0.786,-0.35821,0.030038,0.30119,0.41588,0.37374,0.20224,-0.033706,-0.25672,-0.40055,-0.43105,-0.34968,-0.18226,0.035614,0.26915,0.49215,0.68387,0.84149,0.9814
-0.58452,-0.32819,-0.57911,-1.2532,-1.9562,-2.3159,-2.2903,-2.0315,-1.6377,-1.1419,-0.60576,-0.11458,0.28125,0.56649,0.723,0.71843,0.52824,0.15888,-0.35301,-0.94187,-1.5088,-1.9396,-2.1592,-2.1726,-2.047,-1.8572,-1.6606,-1.4983,-1.3947,-1.3684,-1.4288,-1.5805,-1.8077,-2.0677,-2.2777,-2.352,-2.2603,-2.0583,-1.8329,-1.6224,-1.4243,-1.2234,-1.0162,-0.81613,-0.64403,-0.51572,-0.43519,-0.39203,-0.36984,-0.34774,-0.31668,-0.28229,-0.26724,-0.30427,-0.43809,-0.6802,-0.99976,-1.3164,-1.5191,-1.5143,-1.2765,-0.87161,-0.41073,-0.00017772,0.28498,0.40632,0.36134,0.18609,-0.05481,-0.27975,-0.42136,-0.44946,-0.37064,-0.21251,-0.0093947,0.20212,0.39845,0.56022,0.68258,0.7789
-0.78775,-0.45742,-0.65387,-1.2939,-1.965,-2.287,-2.2374,-1.9857,-1.6326,-1.1943,-0.70763,-0.24301,0.15365,0.46329,0.65765,0.69134,0.52918,0.17174,-0.34388,-0.94454,-1.5192,-1.9451,-2.1522,-2.1645,-2.0633,-1.9303,-1.8159,-1.7388,-1.6984,-1.6904,-1.7175,-1.792,-1.9223,-2.0852,-2.2223,-2.2601,-2.1684,-1.9858,-1.7745,-1.5743,-1.392,-1.2195,-1.055,-0.90281,-0.77232,-0.67173,-0.6,-0.55085,-0.51373,-0.48345,-0.45998,-0.45031,-0.47156,-0.55334,-0.72042,-0.98425,-1.3124,-1.6215,-1.7972,-1.7455,-1.4534,-0.99578,-0.49358,-0.057736,0.23744,0.35876,0.31183,0.13497,-0.099547,-0.31297,-0.44496,-0.46975,-0.39436,-0.24647,-0.06201,0.12074,0.28113,0.39828,0.46838,0.50505
-0.95535,-0.55251,-0.69507,-1.3034,-1.9525,-2.2522,-2.1922,-1.9548,-1.6434,-1.2619,-0.8245,-0.38583,0.0081423,0.33454,0.55568,0.61584,0.4711,0.11851,-0.40133,-1.0053,-1.5717,-1.9765,-2.1629,-2.1732,-2.1001,-2.0267,-1.9949,-2.0019,-2.0195,-2.0149,-1.982,-1.9474,-1.947,-1.9895,-2.0436,-2.0524,-1.9773,-1.8337,-1.6628,-1.5012,-1.3551,-1.2232,-1.1001,-0.98991,-0.89965,-0.8287,-0.77178,-0.71712,-0.65896,-0.60446,-0.57005,-0.57562,-0.63678,-0.76599,-0.97688,-1.2652,-1.5957,-1.8878,-2.0314,-1.9377,-1.6054,-1.1184,-0.59898,-0.15403,0.14688,0.27303,0.23108,0.064919,-0.15681,-0.35427,-0.46809,-0.47857,-0.40052,-0.26532,-0.10664,0.051596,0.17276,0.2469,0.27299,0.26427
-1.0579,-0.60296,-0.70564,-1.2915,-1.9289,-2.2216,-2.1609,-1.9364,-1.653,-1.3091,-0.90551,-0.48786,-0.10177,0.22652,0.45686,0.52869,0.39302,0.044466,-0.47407,-1.0731,-1.6246,-2.0067,-2.1752,-2.1871,-2.1392,-2.1121,-2.1394,-2.2063,-2.2629,-2.2546,-2.1675,-2.0415,-1.934,-1.8807,-1.8706,-1.8614,-1.8088,-1.703,-1.5712,-1.4403,-1.3236,-1.2208,-1.1312,-1.056,-0.9962,-0.9464,-0.89524,-0.83093,-0.75433,-0.68098,-0.6374,-0.64845,-0.72979,-0.88554,-1.1246,-1.4346,-1.7728,-2.0559,-2.1776,-2.0625,-1.7077,-1.206,-0.6809,-0.2382,0.055889,0.17733,0.13861,-0.012496,-0.20474,-0.37069,-0.46649,-0.4775,-0.41125,-0.28874,-0.13866,0.00067391,0.11386,0.17646,0.17963,0.13181
-1.1649,-0.64548,-0.6967,-1.2524,-1.8798,-2.1731,-2.1191,-1.9102,-1.6549,-1.3491,-0.98477,-0.59972,-0.23728,0.075129,0.30008,0.37708,0.25355,-0.082388,-0.58838,-1.1688,-1.6907,-2.0384,-2.1847,-2.1998,-2.1879,-2.2241,-2.3301,-2.4756,-2.5796,-2.5588,-2.394,-2.1483,-1.9165,-1.7542,-1.6683,-1.6233,-1.5804,-1.5173,-1.438,-1.3556,-1.2807,-1.2176,-1.1693,-1.1357,-1.1126,-1.0862,-1.039,-0.96089,-0.85852,-0.7654,-0.71778,-0.74004,-0.83955,-1.0199,-1.2681,-1.5762,-1.9072,-2.1817,-2.294,-2.1669,-1.8123,-1.3178,-0.80431,-0.37249,-0.083928,0.039479,0.013389,-0.11465,-0.27961,-0.41706,-0.48605,-0.47638,-0.40044,-0.28186,-0.14824,-0.022807,0.061609,0.090661,0.061059,-0.016299
-1.2239,-0.66147,-0.67592,-1.2096,-1.8313,-2.1301,-2.0841,-1.8827,-1.6391,-1.3519,-1.0131,-0.65651,-0.32218,-0.035512,0.17401,0.2489,0.1346,-0.18605,-0.67278,-1.2284,-1.7201,-2.0398,-2.1719,-2.1924,-2.2094,-2.2933,-2.4613,-2.6653,-2.8029,-2.7714,-2.5489,-2.2238,-1.9127,-1.6842,-1.5473,-1.4754,-1.4297,-1.388,-1.3414,-1.2955,-1.2533,-1.2188,-1.1952,-1.1848,-1.1814,-1.1728,-1.1346,-1.0525,-0.94024,-0.82922,-0.76681,-0.7833,-0.88616,-1.068,-1.3225,-1.6298,-1.9506,-2.211,-2.3159,-2.1925,-1.8525,-1.3775,-0.88265,-0.46752,-0.19284,-0.075991,-0.095458,-0.20275,-0.33299,-0.43509,-0.48228,-0.46812,-0.39821,-0.28688,-0.15671,-0.040558,0.043043,0.070794,0.032604,-0.066304
-1.2769,-0.66602,-0.6357,-1.1392,-1.7542,-2.0633,-2.0281,-1.8287,-1.585,-1.3103,-1.0009,-0.68789,-0.40415,-0.16335,0.015886,0.082135,-0.021491,-0.31709,-0.76653,-1.2733,-1.712,-1.9916,-2.1124,-2.1533,-2.2153,-2.3605,-2.5988,-2.8664,-3.0428,-3.0075,-2.738,-2.3395,-1.942,-1.6296,-1.4235,-1.3118,-1.2599,-1.239,-1.2294,-1.2259,-1.225,-1.2274,-1.2325,-1.2413,-1.2527,-1.2503,-1.2175,-1.1416,-1.0295,-0.91975,-0.84991,-0.84805,-0.9248,-1.0789,-1.305,-1.593,-1.9024,-2.1556,-2.2582,-2.151,-1.8354,-1.3983,-0.94709,-0.56988,-0.31795,-0.20484,-0.21306,-0.29056,-0.38899,-0.46509,-0.49312,-0.46477,-0.38514,-0.26948,-0.14075,-0.026314,0.050825,0.068264,0.017731,-0.095294
-1.3046,-0.65655,-0.58596,-1.0587,-1.6659,-1.9856,-1.9587,-1.7506,-1.4917,-1.2163,-0.93309,-0.66812,-0.44193,-0.25355,-0.10941,-0.054459,-0.14859,-0.41537,-0.81659,-1.2601,-1.6363,-1.8787,-2.0021,-2.0813,-2.1933,-2.3897,-2.6718,-2.9759,-3.1783,-3.1543,-2.8798,-2.4519,-2.0026,-1.6214,-1.3487,-1.1843,-1.1131,-1.1034,-1.1294,-1.1667,-1.2046,-1.2352,-1.2604,-1.2825,-1.3002,-1.3044,-1.2784,-1.2105,-1.1083,-1.0018,-0.92692,-0.90689,-0.94829,-1.0542,-1.2239,-1.4551,-1.7207,-1.9553,-2.07,-1.9917,-1.7295,-1.3444,-0.9361,-0.59417,-0.37213,-0.28057,-0.28896,-0.3583,-0.43354,-0.48,-0.48322,-0.44099,-0.35747,-0.24313,-0.11594,0.0038494,0.081089,0.10153,0.056556,-0.050852
-1.3118,-0.64354,-0.54582,-0.99523,-1.5939,-1.9201,-1.8958,-1.6744,-1.3962,-1.1142,-0.84863,-0.62162,-0.44115,-0.29313,-0.17653,-0.12942,-0.21331,-0.45285,-0.81156,-1.2043,-1.5373,-1.7615,-1.8961,-2.0061,-2.1521,-2.3755,-2.6725,-2.986,-3.1973,-3.186,-2.9244,-2.4982,-2.0376,-1.6286,-1.3156,-1.1102,-1.0116,-1.0018,-1.0482,-1.1192,-1.1888,-1.244,-1.2821,-1.308,-1.3232,-1.328,-1.308,-1.2515,-1.1648,-1.0635,-0.97826,-0.93066,-0.93145,-0.98523,-1.1103,-1.3065,-1.5447,-1.7585,-1.8637,-1.8012,-1.5666,-1.2245,-0.86332,-0.56092,-0.36411,-0.28287,-0.29569,-0.35438,-0.42027,-0.46386,-0.46918,-0.42882,-0.34246,-0.2194,-0.079659,0.04499,0.13809,0.17098,0.13199,0.023875
-1.3068,-0.62227,-0.4929,-0.91022,-1.4933,-1.8229,-1.7954,-1.5491,-1.2384,-0.94491,-0.70229,-0.52584,-0.40692,-0.31262,-0.23004,-0.18988,-0.25152,-0.44401,-0.73995,-1.0696,-1.3604,-1.5775,-1.7363,-1.8829,-2.0639,-2.3063,-2.6033,-2.9043,-3.1086,-3.1125,-2.8828,-2.4888,-2.0362,-1.6083,-1.2512,-1.0014,-0.87288,-0.86317,-0.93671,-1.0525,-1.1683,-1.2604,-1.3173,-1.3419,-1.3472,-1.3363,-1.3121,-1.2702,-1.2035,-1.124,-1.04,-0.96253,-0.9041,-0.88843,-0.93496,-1.0595,-1.2423,-1.4227,-1.5194,-1.4702,-1.2736,-0.97876,-0.66699,-0.41247,-0.25884,-0.21174,-0.24123,-0.31321,-0.38092,-0.41848,-0.41493,-0.36677,-0.27564,-0.15077,-0.010211,0.12738,0.22396,0.26583,0.2459,0.16975
-1.2876,-0.59936,-0.44511,-0.82909,-1.3907,-1.7157,-1.6777,-1.4003,-1.0552,-0.7517,-0.53456,-0.40912,-0.3476,-0.3027,-0.24714,-0.20681,-0.23963,-0.37969,-0.61246,-0.88835,-1.1529,-1.3766,-1.5656,-1.7471,-1.9532,-2.1966,-2.4677,-2.7199,-2.8835,-2.8889,-2.7087,-2.3793,-1.9631,-1.5287,-1.137,-0.84702,-0.69954,-0.69923,-0.81337,-0.98228,-1.15,-1.2747,-1.3439,-1.3656,-1.3573,-1.3387,-1.3147,-1.2806,-1.2307,-1.1554,-1.0574,-0.94512,-0.83589,-0.75738,-0.74731,-0.82023,-0.95334,-1.0868,-1.1491,-1.0914,-0.91258,-0.65937,-0.39774,-0.18736,-0.065088,-0.038412,-0.089999,-0.17197,-0.2532,-0.30749,-0.31993,-0.28318,-0.19658,-0.068473,0.082478,0.22666,0.34382,0.4115,0.42129,0.37984
-1.2653,-0.58303,-0.41466,-0.77288,-1.3145,-1.6302,-1.5801,-1.2783,-0.91007,-0.60329,-0.40882,-0.32201,-0.29962,-0.28401,-0.24079,-0.19643,-0.20778,-0.31222,-0.50373,-0.74569,-0.99585,-1.2285,-1.4428,-1.6519,-1.8723,-2.1044,-2.334,-2.5262,-2.6393,-2.6335,-2.4901,-2.2151,-1.8405,-1.4158,-1.0128,-0.70176,-0.54462,-0.55528,-0.70177,-0.91604,-1.1281,-1.2858,-1.3688,-1.3873,-1.366,-1.3325,-1.3003,-1.2676,-1.2237,-1.1545,-1.0521,-0.9209,-0.78188,-0.6703,-0.62604,-0.66538,-0.7639,-0.86226,-0.89338,-0.81974,-0.6369,-0.39165,-0.14783,0.037195,0.13009,0.12861,0.060066,-0.042863,-0.13656,-0.19743,-0.21441,-0.18197,-0.099365,0.025475,0.17433,0.3248,0.4457,0.5218,0.54939,0.54088
-1.2269,-0.56396,-0.38243,-0.70559,-1.2151,-1.5116,-1.4401,-1.1068,-0.7148,-0.41346,-0.25574,-0.22223,-0.24665,-0.2564,-0.21682,-0.16113,-0.14876,-0.21848,-0.36886,-0.57506,-0.81016,-1.0562,-1.3046,-1.5502,-1.7823,-1.9839,-2.136,-2.2293,-2.2591,-2.2216,-2.1042,-1.8881,-1.5704,-1.1805,-0.78543,-0.47326,-0.31852,-0.35064,-0.53808,-0.8109,-1.0842,-1.2939,-1.4057,-1.4247,-1.3862,-1.3241,-1.2673,-1.2237,-1.1787,-1.1151,-1.0154,-0.87766,-0.72276,-0.59387,-0.52388,-0.52591,-0.57534,-0.61867,-0.60041,-0.48537,-0.29341,-0.060126,0.16371,0.33217,0.41579,0.40813,0.32562,0.20993,0.09306,0.0046576,-0.037165,-0.023942,0.044698,0.16009,0.30419,0.4518,0.58017,0.67417,0.73254,0.77053
-1.1921,-0.55203,-0.3647,-0.66128,-1.1432,-1.4205,-1.3313,-0.97768,-0.57388,-0.28297,-0.15783,-0.16519,-0.22163,-0.24234,-0.19708,-0.12967,-0.10501,-0.15911,-0.28928,-0.47644,-0.7037,-0.95923,-1.2304,-1.4979,-1.7319,-1.9023,-1.9896,-2.0021,-1.9624,-1.8894,-1.7767,-1.5936,-1.3156,-0.95654,-0.57761,-0.27648,-0.13509,-0.191,-0.41347,-0.72941,-1.0479,-1.2919,-1.4223,-1.4439,-1.393,-1.3166,-1.2464,-1.1925,-1.1443,-1.0764,-0.96962,-0.82495,-0.6697,-0.54355,-0.48218,-0.48843,-0.52461,-0.53209,-0.46305,-0.30923,-0.081367,0.17149,0.39854,0.55925,0.63175,0.61588,0.53113,0.40773,0.28223,0.18141,0.12342,0.11938,0.17233,0.27487,0.40912,0.55088,0.67857,0.77741,0.84842,0.91132
-1.138,-0.53944,-0.35006,-0.6118,-1.0529,-1.3008,-1.188,-0.81365,-0.40255,-0.13191,-0.054106,-0.11712,-0.21335,-0.2425,-0.18414,-0.10058,-0.066203,-0.11012,-0.22433,-0.39504,-0.6166,-0.88417,-1.1805,-1.4691,-1.6986,-1.8211,-1.8202,-1.7223,-1.5851,-1.4544,-1.3332,-1.1809,-0.94798,-0.62669,-0.27572,0.0049505,0.11926,0.027866,-0.24512,-0.61839,-0.99378,-1.2827,-1.4375,-1.4616,-1.3968,-1.296,-1.2013,-1.1284,-1.0677,-0.9992,-0.90287,-0.78051,-0.65682,-0.56737,-0.53151,-0.53556,-0.53747,-0.48849,-0.35878,-0.14464,0.11685,0.38881,0.6308,0.80915,0.9025,0.90583,0.83174,0.70944,0.56853,0.44156,0.35442,0.32255,0.34932,0.42651,0.53686,0.65999,0.77393,0.87076,0.95581,1.0514
-1.0751,-0.53023,-0.3461,-0.57466,-0.97317,-1.1899,-1.0574,-0.66905,-0.25885,-0.012544,0.018294,-0.099791,-0.23399,-0.26921,-0.19787,-0.10219,-0.065289,-0.1088,-0.21678,-0.37794,-0.59643,-0.87465,-1.1928,-1.4994,-1.7202,-1.7897,-1.6954,-1.4879,-1.2543,-1.0615,-0.9163,-0.77508,-0.57533,-0.29417,0.020412,0.26965,0.35418,0.2292,-0.080755,-0.49633,-0.91632,-1.2475,-1.4336,-1.4694,-1.3962,-1.2739,-1.1517,-1.0552,-0.98268,-0.91501,-0.83601,-0.74632,-0.66896,-0.63382,-0.64893,-0.68561,-0.68549,-0.5949,-0.39606,-0.1146,0.21149,0.53343,0.81035,1.0136,1.1291,1.157,1.1085,1.0001,0.86104,0.71934,0.60251,0.53264,0.52037,0.56206,0.64224,0.73788,0.8343,0.92163,1.0052,1.1084
-1.0225,-0.52553,-0.34965,-0.55568,-0.92293,-1.1169,-0.97295,-0.57967,-0.17357,0.054044,0.051628,-0.10489,-0.26598,-0.30649,-0.22771,-0.12811,-0.095326,-0.14511,-0.25429,-0.41055,-0.62505,-0.90806,-1.2405,-1.5594,-1.7727,-1.8003,-1.6346,-1.3483,-1.0473,-0.80776,-0.63971,-0.49749,-0.31499,-0.062615,0.22365,0.44578,0.50905,0.36324,0.033177,-0.40586,-0.85194,-1.2071,-1.41,-1.4527,-1.3761,-1.245,-1.1124,-1.0058,-0.92712,-0.85952,-0.79102,-0.72802,-0.69561,-0.716,-0.78763,-0.86141,-0.86311,-0.73908,-0.48741,-0.15019,0.22131,0.57752,0.88402,1.119,1.2707,1.3356,1.3168,1.2263,1.0849,0.92423,0.78004,0.68101,0.63998,0.65295,0.70424,0.77465,0.84778,0.91564,0.98607,1.0847
-0.94544,-0.52105,-0.36228,-0.54299,-0.8708,-1.0391,-0.88606,-0.49303,-0.095315,0.10855,0.066483,-0.13418,-0.32529,-0.37266,-0.28737,-0.18905,-0.17127,-0.24016,-0.35881,-0.51151,-0.71791,-1.0015,-1.3477,-1.6828,-1.887,-1.863,-1.6062,-1.2201,-0.83321,-0.53322,-0.33487,-0.18667,-0.019389,0.20695,0.46114,0.65541,0.69293,0.524,0.17025,-0.29268,-0.76063,-1.1372,-1.3563,-1.4084,-1.3351,-1.1977,-1.054,-0.93602,-0.84918,-0.78704,-0.74259,-0.7251,-0.75778,-0.85862,-1.0089,-1.1369,-1.1504,-0.99378,-0.68038,-0.27054,0.1641,0.57491,0.93143,1.2167,1.4212,1.5389,1.5664,1.504,1.369,1.1926,1.0148,0.87056,0.77931,0.74237,0.74774,0.77679,0.81482,0.85638,0.90803,0.99214
-0.88261,-0.51762,-0.37721,-0.54305,-0.84538,-0.9986,-0.84336,-0.45421,-0.06491,0.12258,0.055448,-0.17145,-0.37866,-0.42833,-0.34003,-0.24878,-0.25027,-0.34248,-0.47598,-0.62867,-0.82646,-1.1044,-1.454,-1.796,-1.9941,-1.9364,-1.6219,-1.1693,-0.72393,-0.38007,-0.15456,0.0042019,0.16871,0.38163,0.61465,0.78643,0.80254,0.61873,0.25448,-0.21341,-0.6857,-1.0682,-1.2983,-1.3634,-1.2995,-1.1662,-1.0196,-0.89562,-0.80589,-0.74691,-0.71542,-0.72179,-0.7918,-0.94478,-1.1564,-1.3425,-1.3863,-1.2174,-0.85884,-0.3962,0.091421,0.54741,0.94314,1.2667,1.5122,1.6724,1.7375,1.7002,1.5705,1.379,1.1715,0.99097,0.86246,0.7894,0.76004,0.75854,0.76831,0.78245,0.80771,0.86633
-0.79218,-0.51203,-0.4029,-0.55601,-0.83142,-0.97087,-0.81852,-0.43906,-0.063153,0.10438,0.011803,-0.2389,-0.45602,-0.50175,-0.41217,-0.33727,-0.37557,-0.51168,-0.67518,-0.83197,-1.0153,-1.2778,-1.6227,-1.9662,-2.1551,-2.0583,-1.6795,-1.1507,-0.63519,-0.23518,0.031909,0.21185,0.37776,0.57195,0.77637,0.91592,0.90769,0.70995,0.34357,-0.12026,-0.58994,-0.97438,-1.2155,-1.2985,-1.2514,-1.1317,-0.99116,-0.86567,-0.77197,-0.7112,-0.68691,-0.71594,-0.82708,-1.0387,-1.323,-1.5755,-1.6537,-1.4735,-1.0696,-0.54655,-0.005699,0.49663,0.93768,1.3112,1.6122,1.8283,1.9405,1.9334,1.8108,1.6022,1.3564,1.1227,0.93496,0.80498,0.72644,0.68298,0.65886,0.64485,0.64351,0.67219
-0.69377,-0.50272,-0.43278,-0.58172,-0.84066,-0.97514,-0.83254,-0.46708,-0.10601,0.045451,-0.063141,-0.32168,-0.53388,-0.56701,-0.4754,-0.42408,-0.51106,-0.70435,-0.90905,-1.0751,-1.2416,-1.4807,-1.8111,-2.1485,-2.3266,-2.1962,-1.7589,-1.1647,-0.58923,-0.13961,0.16365,0.36563,0.53422,0.71411,0.89183,1.0032,0.97304,0.76395,0.39776,-0.059586,-0.52069,-0.90648,-1.1589,-1.2605,-1.2355,-1.1285,-0.99169,-0.86371,-0.76339,-0.69881,-0.67457,-0.70816,-0.83178,-1.0708,-1.3972,-1.7002,-1.8157,-1.6396,-1.2079,-0.64518,-0.063511,0.47503,0.94967,1.3587,1.6998,1.9583,2.1085,2.1235,2.0023,1.7726,1.4862,1.1989,0.95255,0.76701,0.64202,0.56338,0.51284,0.47872,0.45682,0.45658
-0.61487,-0.49147,-0.45515,-0.60875,-0.86298,-1,-0.86862,-0.51622,-0.16605,-0.023344,-0.13572,-0.38908,-0.58682,-0.60425,-0.51161,-0.48215,-0.61221,-0.85708,-1.1009,-1.2773,-1.4277,-1.6408,-1.9503,-2.2763,-2.4439,-2.2931,-1.8211,-1.1884,-0.57644,-0.095474,0.23231,0.45131,0.62485,0.79668,0.95449,1.041,0.98879,0.76764,0.40098,-0.047297,-0.49887,-0.88017,-1.1402,-1.26,-1.2532,-1.1612,-1.0295,-0.89653,-0.78709,-0.7092,-0.67174,-0.69453,-0.81165,-1.0493,-1.3838,-1.7041,-1.8364,-1.6645,-1.2244,-0.64875,-0.056676,0.48835,0.97096,1.3949,1.7587,2.0424,2.2111,2.2372,2.1098,1.8565,1.5327,1.2018,0.91373,0.69385,0.5433,0.44576,0.38502,0.34092,0.30709,0.29176
-0.50272,-0.46795,-0.48296,-0.65265,-0.91221,-1.0612,-0.94928,-0.61761,-0.28181,-0.14567,-0.2519,-0.48227,-0.64458,-0.63433,-0.54307,-0.54861,-0.74276,-1.066,-1.3729,-1.5678,-1.6902,-1.8537,-2.1168,-2.4109,-2.5576,-2.3862,-1.8889,-1.2252,-0.58089,-0.066926,0.29199,0.53356,0.71618,0.87596,1.0028,1.0486,0.96032,0.71926,0.35101,-0.085849,-0.52596,-0.9056,-1.1797,-1.3236,-1.3403,-1.2596,-1.124,-0.97528,-0.84101,-0.73794,-0.67728,-0.67948,-0.77649,-0.99367,-1.305,-1.6007,-1.7173,-1.5459,-1.1169,-0.55387,0.026943,0.56514,1.0436,1.4652,1.8295,2.1175,2.2937,2.3162,2.1752,1.8942,1.5277,1.1423,0.79576,0.52415,0.33812,0.22713,0.16472,0.13118,0.1113,0.10283
-0.38331,-0.43296,-0.50441,-0.70174,-0.9797,-1.1492,-1.0629,-0.75341,-0.43147,-0.29639,-0.38574,-0.57597,-0.68775,-0.64589,-0.55882,-0.60505,-0.86773,-1.2735,-1.6487,-1.8637,-1.952,-2.0512,-2.2483,-2.4922,-2.6088,-2.4246,-1.923,-1.2511,-0.59134,-0.056185,0.32641,0.58494,0.76967,0.91016,0.99958,0.99956,0.87194,0.60721,0.23336,-0.19908,-0.63312,-1.0179,-1.3085,-1.4751,-1.5111,-1.4343,-1.2832,-1.1026,-0.92953,-0.78573,-0.68757,-0.65357,-0.71119,-0.88197,-1.1389,-1.3833,-1.4644,-1.2828,-0.8698,-0.34004,0.19915,0.69368,1.1335,1.5274,1.876,2.1561,2.322,2.3339,2.1677,1.8436,1.4196,0.97197,0.57129,0.26389,0.064566,-0.040747,-0.076624,-0.080267,-0.075094,-0.06797
-0.29015,-0.39824,-0.51368,-0.73901,-1.0379,-1.228,-1.1623,-0.86993,-0.55841,-0.42319,-0.49396,-0.6465,-0.71413,-0.64611,-0.56331,-0.64164,-0.95553,-1.4224,-1.8484,-2.0776,-2.1368,-2.1818,-2.3205,-2.5152,-2.6026,-2.412,-1.918,-1.2545,-0.59601,-0.055024,0.33565,0.60024,0.78013,0.903,0.96069,0.9235,0.76141,0.47412,0.092234,-0.3385,-0.77002,-1.1595,-1.4633,-1.6467,-1.6932,-1.6116,-1.4395,-1.2247,-1.0097,-0.826,-0.69223,-0.62774,-0.65468,-0.78575,-0.98931,-1.1711,-1.2032,-1.0085,-0.61693,-0.12816,0.36682,0.82011,1.2209,1.577,1.8907,2.1423,2.2899,2.281,2.0944,1.745,1.2865,0.79517,0.34873,0.0065408,-0.20428,-0.29327,-0.29778,-0.25734,-0.20581,-0.15909
-0.16349,-0.34048,-0.51432,-0.78461,-1.1184,-1.34,-1.3023,-1.0321,-0.73522,-0.59986,-0.64472,-0.74327,-0.74859,-0.64393,-0.56659,-0.68493,-1.0625,-1.6045,-2.0913,-2.3332,-2.349,-2.3172,-2.3715,-2.4929,-2.5362,-2.341,-1.8705,-1.2381,-0.6009,-0.068731,0.32185,0.58684,0.75729,0.85214,0.86215,0.764,0.54614,0.22412,-0.16579,-0.58886,-1.0168,-1.4161,-1.7461,-1.9585,-2.0158,-1.9161,-1.6946,-1.4108,-1.1229,-0.87263,-0.68237,-0.56771,-0.54302,-0.60984,-0.73399,-0.82992,-0.79355,-0.57518,-0.21268,0.21157,0.6246,0.99169,1.3125,1.6015,1.8644,2.0793,2.1959,2.1627,1.9426,1.5449,1.0249,0.46843,-0.031745,-0.40103,-0.6043,-0.65239,-0.59232,-0.48263,-0.36677,-0.26488
-0.068232,-0.28881,-0.50498,-0.81237,-1.1757,-1.4218,-1.4029,-1.1491,-0.8644,-0.731,-0.759,-0.8177,-0.77711,-0.64592,-0.57212,-0.71674,-1.1359,-1.7254,-2.2483,-2.4929,-2.4727,-2.3813,-2.3697,-2.4339,-2.4438,-2.2498,-1.8082,-1.2133,-0.60721,-0.094157,0.28786,0.5468,0.70742,0.77835,0.74958,0.60253,0.34113,-0.0062703,-0.4015,-0.82028,-1.2471,-1.6589,-2.012,-2.2456,-2.3079,-2.1831,-1.9088,-1.5572,-1.2005,-0.89035,-0.65312,-0.49861,-0.43044,-0.44335,-0.49831,-0.52545,-0.44562,-0.22547,0.10147,0.4668,0.8118,1.1119,1.3688,1.5985,1.8093,1.9835,2.0745,2.0186,1.7781,1.3553,0.79947,0.19669,-0.34969,-0.74624,-0.9416,-0.94718,-0.82369,-0.64265,-0.46169,-0.30857
0.056715,-0.2103,-0.47931,-0.83628,-1.24,-1.515,-1.517,-1.2825,-1.0167,-0.89247,-0.90427,-0.91701,-0.82342,-0.66245,-0.59335,-0.76723,-1.2274,-1.8583,-2.4081,-2.645,-2.5756,-2.4083,-2.313,-2.3041,-2.2743,-2.0897,-1.6999,-1.17,-0.62037,-0.14601,0.21114,0.45157,0.58884,0.62369,0.54196,0.33463,0.019211,-0.35895,-0.76042,-1.1722,-1.597,-2.0239,-2.4066,-2.6689,-2.7339,-2.5684,-2.2142,-1.7606,-1.2981,-0.89345,-0.57621,-0.35456,-0.22323,-0.16372,-0.13849,-0.086611,0.044409,0.26488,0.5392,0.81595,1.0552,1.2417,1.389,1.525,1.6675,1.8002,1.865,1.7963,1.5354,1.0749,0.46427,-0.1999,-0.7953,-1.2075,-1.3738,-1.3091,-1.0949,-0.82477,-0.5658,-0.34777
0.17493,-0.12487,-0.43892,-0.84184,-1.2824,-1.5786,-1.5946,-1.3759,-1.1328,-1.0264,-1.0324,-1.0133,-0.88172,-0.70229,-0.63967,-0.83226,-1.3092,-1.9464,-2.4882,-2.7019,-2.5929,-2.3689,-2.2065,-2.1372,-2.0772,-1.9105,-1.582,-1.1292,-0.64816,-0.22421,0.098073,0.31123,0.41805,0.41258,0.278,0.011982,-0.3519,-0.75263,-1.1473,-1.5406,-1.9576,-2.3989,-2.8165,-3.1139,-3.1821,-2.9705,-2.5235,-1.9536,-1.3761,-0.86484,-0.45439,-0.14908,0.062562,0.20189,0.30438,0.41068,0.55345,0.73633,0.9335,1.1076,1.2329,1.3066,1.3483,1.3912,1.4613,1.549,1.5983,1.5248,1.2629,0.7924,0.15365,-0.55617,-1.1977,-1.6262,-1.7566,-1.6155,-1.3032,-0.94022,-0.60775,-0.33796
0.25643,-0.059221,-0.4013,-0.83348,-1.2957,-1.602,-1.623,-1.4146,-1.1904,-1.1021,-1.113,-1.0827,-0.93572,-0.75082,-0.69244,-0.88975,-1.3601,-1.9751,-2.4862,-2.6742,-2.5459,-2.2981,-2.1029,-2.0017,-1.9271,-1.7784,-1.4977,-1.1074,-0.68297,-0.30305,-0.011283,0.17833,0.26136,0.22557,0.054097,-0.25267,-0.64587,-1.0549,-1.4354,-1.8105,-2.2193,-2.6725,-3.1156,-3.4354,-3.5035,-3.252,-2.7335,-2.0784,-1.4139,-0.82162,-0.33761,0.034265,0.30681,0.503,0.64944,0.7828,0.92559,1.0758,1.2105,1.3022,1.3354,1.3126,1.263,1.2317,1.2547,1.3246,1.3761,1.3164,1.0631,0.58983,-0.062247,-0.78901,-1.4399,-1.8587,-1.9561,-1.7617,-1.3952,-0.98568,-0.61502,-0.31297
0.35205,0.024941,-0.34503,-0.80798,-1.2885,-1.5992,-1.6191,-1.4221,-1.2245,-1.1647,-1.195,-1.1711,-1.0248,-0.84305,-0.78695,-0.97374,-1.4069,-1.9584,-2.4037,-2.5539,-2.4154,-2.1601,-1.9456,-1.8209,-1.7378,-1.6172,-1.4021,-1.0976,-0.7544,-0.43742,-0.19033,-0.034007,0.018954,-0.049933,-0.26009,-0.60424,-1.0246,-1.4376,-1.8032,-2.1551,-2.5487,-3.0015,-3.4585,-3.7949,-3.8582,-3.5658,-2.9718,-2.2205,-1.4522,-0.75476,-0.16643,0.30573,0.6698,0.93845,1.1364,1.2829,1.3939,1.4719,1.5066,1.4831,1.3917,1.247,1.0854,0.96299,0.92816,0.98039,1.0483,1.0198,0.80083,0.35468,-0.28234,-1.0039,-1.6483,-2.0435,-2.093,-1.8396,-1.4145,-0.95723,-0.5534,-0.23199
0.41194,0.08256,-0.30204,-0.77993,-1.2666,-1.5736,-1.5879,-1.3976,-1.2193,-1.1838,-1.2381,-1.2353,-1.1053,-0.93312,-0.87365,-1.0371,-1.4222,-1.9079,-2.2944,-2.4189,-2.285,-2.0387,-1.8229,-1.69,-1.6099,-1.5158,-1.3522,-1.1116,-0.82935,-0.55803,-0.34302,-0.20908,-0.17534,-0.26326,-0.49312,-0.85368,-1.2844,-1.6953,-2.0512,-2.3864,-2.7659,-3.2064,-3.6577,-3.9923,-4.0472,-3.7317,-3.0966,-2.2899,-1.4572,-0.68804,-0.025395,0.51743,0.94131,1.2563,1.4738,1.6145,1.6951,1.7208,1.6845,1.5748,1.3923,1.1537,0.90568,0.71801,0.65134,0.70614,0.79925,0.80511,0.61769,0.19821,-0.41353,-1.1061,-1.7149,-2.0703,-2.0826,-1.7982,-1.3538,-0.88477,-0.4734,-0.14638
0.47298,0.14714,-0.2493,-0.73621,-1.2202,-1.5137,-1.5178,-1.3348,-1.1805,-1.1792,-1.2758,-1.3201,-1.2304,-1.0763,-1.0039,-1.1169,-1.4164,-1.7994,-2.1039,-2.2008,-2.085,-1.8654,-1.6632,-1.5357,-1.4743,-1.4255,-1.3347,-1.1752,-0.96366,-0.7418,-0.55684,-0.44304,-0.42668,-0.53263,-0.77707,-1.1453,-1.5709,-1.9718,-2.3101,-2.6307,-2.992,-3.4132,-3.839,-4.1421,-4.1686,-3.8265,-3.1628,-2.3175,-1.4277,-0.58884,0.15175,0.77321,1.2677,1.6306,1.8725,2.0031,2.0358,1.9807,1.8416,1.6205,1.3196,0.96787,0.62199,0.36543,0.27178,0.34199,0.47644,0.53291,0.39567,0.025435,-0.5331,-1.1625,-1.6977,-1.98,-1.9378,-1.6288,-1.1778,-0.71233,-0.30784,0.010607
0.51056,0.19298,-0.20823,-0.69358,-1.1639,-1.4351,-1.4259,-1.2497,-1.1196,-1.1548,-1.3022,-1.4092,-1.3728,-1.2389,-1.1446,-1.1924,-1.392,-1.6643,-1.8866,-1.9596,-1.8697,-1.6914,-1.5232,-1.4246,-1.3989,-1.4036,-1.3834,-1.2943,-1.1348,-0.94301,-0.76851,-0.65898,-0.64537,-0.75119,-0.98671,-1.339,-1.7496,-2.1466,-2.4933,-2.8184,-3.1632,-3.541,-3.8999,-4.1326,-4.1106,-3.7595,-3.1092,-2.2698,-1.3652,-0.48192,0.31988,1.004,1.5483,1.9438,2.1856,2.2863,2.2649,2.1377,1.913,1.5927,1.1933,0.7463,0.32172,0.020668,-0.074129,0.027372,0.2081,0.30599,0.20814,-0.11399,-0.60519,-1.1458,-1.5829,-1.7824,-1.6932,-1.3723,-0.93551,-0.4899,-0.10291,0.2019
0.52221,0.21254,-0.18919,-0.66836,-1.1214,-1.3718,-1.3512,-1.1812,-1.0702,-1.1343,-1.3237,-1.4821,-1.4889,-1.3695,-1.2539,-1.2472,-1.3693,-1.5595,-1.7221,-1.7783,-1.7113,-1.573,-1.4435,-1.3802,-1.3896,-1.436,-1.4615,-1.4149,-1.282,-1.0994,-0.9213,-0.80207,-0.77667,-0.86483,-1.0767,-1.4029,-1.8007,-2.2035,-2.5745,-2.9142,-3.25,-3.5818,-3.8701,-4.0294,-3.9597,-3.6007,-2.9748,-2.1672,-1.2775,-0.3935,0.4235,1.1299,1.6961,2.1044,2.3468,2.4331,2.3797,2.2035,1.9168,1.5323,1.0678,0.56516,0.10457,-0.20536,-0.28365,-0.1523,0.055067,0.18024,0.11135,-0.17477,-0.61782,-1.0956,-1.4605,-1.5955,-1.4695,-1.1427,-0.72163,-0.30225,0.059547,0.34742
0.51561,0.21642,-0.18446,-0.65014,-1.0725,-1.2905,-1.2546,-1.0955,-1.0137,-1.1202,-1.3672,-1.5939,-1.6559,-1.5525,-1.4024,-1.3201,-1.3408,-1.4297,-1.5223,-1.5624,-1.5296,-1.4515,-1.3847,-1.3772,-1.4397,-1.541,-1.619,-1.6147,-1.5026,-1.3118,-1.109,-0.95456,-0.89121,-0.93779,-1.1049,-1.3866,-1.7562,-2.1679,-2.5726,-2.9475,-3.2822,-3.5607,-3.7505,-3.8001,-3.657,-3.2932,-2.7169,-1.9759,-1.1396,-0.28193,0.5311,1.2473,1.8273,2.2419,2.4803,2.5424,2.4433,2.2044,1.8469,1.3928,0.86821,0.33019,-0.13263,-0.41339,-0.44727,-0.2776,-0.041889,0.096069,0.04274,-0.21083,-0.5955,-0.9915,-1.2685,-1.3346,-1.1743,-0.84987,-0.44661,-0.04695,0.2985,0.57291
0.4845,0.19331,-0.20669,-0.6551,-1.0404,-1.2214,-1.1712,-1.0269,-0.98032,-1.1343,-1.4395,-1.7294,-1.8393,-1.7425,-1.551,-1.392,-1.3186,-1.3204,-1.3587,-1.3928,-1.3978,-1.381,-1.3802,-1.4352,-1.5578,-1.7171,-1.8451,-1.8688,-1.7516,-1.5228,-1.2628,-1.0476,-0.92442,-0.91173,-1.018,-1.2449,-1.5854,-2.0102,-2.4664,-2.896,-3.2422,-3.4735,-3.5635,-3.5026,-3.2893,-2.9187,-2.3975,-1.7409,-0.98503,-0.18462,0.59639,1.2967,1.8676,2.2775,2.5009,2.5395,2.4079,2.1282,1.7244,1.2239,0.67097,0.12887,-0.30549,-0.53052,-0.50361,-0.29084,-0.043001,0.10242,0.059831,-0.17117,-0.51631,-0.85581,-1.069,-1.0827,-0.89832,-0.5749,-0.19455,0.17564,0.49714,0.76132
0.44589,0.15845,-0.2427,-0.67717,-1.0315,-1.1824,-1.1227,-0.9927,-0.9772,-1.1704,-1.5179,-1.8499,-1.9869,-1.887,-1.6605,-1.4459,-1.3108,-1.2605,-1.27,-1.3052,-1.338,-1.3651,-1.413,-1.5166,-1.6875,-1.892,-2.0563,-2.0903,-1.9503,-1.6741,-1.3535,-1.081,-0.90264,-0.83632,-0.88862,-1.0731,-1.3971,-1.8355,-2.3333,-2.8009,-3.1603,-3.3594,-3.3895,-3.2663,-3.0135,-2.6408,-2.153,-1.5564,-0.86646,-0.13087,0.59907,1.2691,1.8297,2.2334,2.4604,2.4945,2.3429,2.0294,1.5881,1.0627,0.49898,-0.019608,-0.39667,-0.55006,-0.46663,-0.22955,0.025067,0.15742,0.10287,-0.1265,-0.45076,-0.75434,-0.92988,-0.91845,-0.72592,-0.41015,-0.040082,0.32257,0.63998,0.90042
0.3764,0.089402,-0.31752,-0.73377,-1.0442,-1.1526,-1.0803,-0.97361,-1.0061,-1.2562,-1.6596,-2.0369,-2.1944,-2.0773,-1.8001,-1.5175,-1.3165,-1.2162,-1.2012,-1.2425,-1.3112,-1.3953,-1.5094,-1.6801,-1.9147,-2.1744,-2.3727,-2.4027,-2.2131,-1.8576,-1.4502,-1.0943,-0.8398,-0.69848,-0.67829,-0.80064,-1.0884,-1.5326,-2.0699,-2.5913,-2.9836,-3.1704,-3.1499,-2.9693,-2.6805,-2.3194,-1.8842,-1.3633,-0.76251,-0.10245,0.56673,1.1906,1.7182,2.1091,2.3206,2.3397,2.1726,1.8428,1.3852,0.84465,0.295,-0.18245,-0.49134,-0.56527,-0.41655,-0.14349,0.11094,0.24169,0.18801,-0.034068,-0.3441,-0.628,-0.78248,-0.75524,-0.55808,-0.2488,0.10771,0.4549,0.76093,1.0195
0.31288,0.021548,-0.39406,-0.79824,-1.0738,-1.1478,-1.0663,-0.98057,-1.0536,-1.3494,-1.7931,-2.1956,-2.3553,-2.2148,-1.899,-1.5737,-1.3365,-1.2114,-1.1862,-1.2351,-1.3299,-1.4552,-1.6187,-1.8393,-2.1179,-2.4109,-2.6218,-2.6382,-2.4066,-1.9894,-1.5173,-1.0959,-0.77935,-0.57737,-0.5013,-0.57664,-0.8339,-1.2746,-1.8314,-2.3916,-2.8173,-3.0216,-2.9917,-2.7874,-2.4848,-2.1253,-1.7176,-1.2481,-0.70975,-0.11867,0.48823,1.0659,1.5686,1.9502,2.1683,2.1959,2.0275,1.6829,1.2035,0.65342,0.10814,-0.32838,-0.56484,-0.56285,-0.36486,-0.077789,0.17844,0.29275,0.22574,0.0012839,-0.2992,-0.56699,-0.70763,-0.67534,-0.4819,-0.17957,0.16895,0.51145,0.81665,1.0765
0.2166,-0.088725,-0.52395,-0.91457,-1.1411,-1.1674,-1.0722,-1.0165,-1.148,-1.5064,-1.9978,-2.4196,-2.5624,-2.3799,-2.0176,-1.6525,-1.3868,-1.2456,-1.2182,-1.2814,-1.4087,-1.5825,-1.8038,-2.0813,-2.4094,-2.7371,-2.9591,-2.9549,-2.6695,-2.1733,-1.6129,-1.1033,-0.69604,-0.40615,-0.25182,-0.26879,-0.49722,-0.93393,-1.516,-2.1132,-2.5821,-2.8141,-2.7987,-2.6001,-2.3001,-1.9552,-1.5793,-1.1642,-0.70068,-0.19804,0.32468,0.83978,1.3102,1.6854,1.9139,1.9518,1.7861,1.4364,0.94977,0.39636,-0.1268,-0.51652,-0.68869,-0.62229,-0.37635,-0.063238,0.19161,0.30803,0.24364,0.022443,-0.27579,-0.5435,-0.68598,-0.65644,-0.46604,-0.17053,0.17529,0.518,0.82583,1.0902
0.11145,-0.21912,-0.68378,-1.066,-1.2423,-1.217,-1.1059,-1.081,-1.2719,-1.6918,-2.2215,-2.6407,-2.7449,-2.5145,-2.1165,-1.7333,-1.4617,-1.3222,-1.3037,-1.3851,-1.5412,-1.7527,-2.0159,-2.3353,-2.6997,-3.0545,-3.2903,-3.2709,-2.9369,-2.3685,-1.7225,-1.1275,-0.6363,-0.26666,-0.039447,0.0012376,-0.18885,-0.60989,-1.1992,-1.8274,-2.3451,-2.6329,-2.6629,-2.4922,-2.2077,-1.8768,-1.5245,-1.1508,-0.75205,-0.32756,0.11299,0.55872,0.98872,1.36,1.6075,1.6728,1.5265,1.1803,0.68482,0.12553,-0.38931,-0.7394,-0.84711,-0.71739,-0.43279,-0.10986,0.14704,0.24927,0.17177,-0.055576,-0.35161,-0.61112,-0.74445,-0.71035,-0.52293,-0.22558,0.11343,0.44666,0.74835,1.0146
0.029506,-0.32774,-0.82271,-1.2023,-1.3396,-1.2729,-1.1487,-1.1449,-1.3785,-1.8416,-2.3915,-2.7943,-2.8571,-2.59,-2.1749,-1.7926,-1.5296,-1.402,-1.3976,-1.4958,-1.6718,-1.905,-2.1892,-2.5278,-2.9087,-3.2762,-3.5178,-3.4923,-3.1346,-2.5261,-1.828,-1.1727,-0.62095,-0.19354,0.084516,0.1667,0.0092028,-0.39446,-0.97843,-1.6248,-2.1797,-2.5215,-2.5991,-2.4573,-2.1882,-1.8611,-1.5181,-1.1697,-0.81198,-0.45119,-0.079548,0.31101,0.71436,1.0858,1.3582,1.4526,1.3281,0.99243,0.49858,-0.060565,-0.56909,-0.90323,-0.98786,-0.83441,-0.5309,-0.19611,0.055295,0.16015,0.084782,-0.14244,-0.4424,-0.71114,-0.85704,-0.83285,-0.64598,-0.35203,0.00075958,0.35606,0.67802,0.95297
-0.080354,-0.48419,-1.0308,-1.4135,-1.4969,-1.3709,-1.2253,-1.2447,-1.5298,-2.042,-2.6051,-2.9691,-2.965,-2.6514,-2.2279,-1.8629,-1.6272,-1.5282,-1.5516,-1.677,-1.8782,-2.1318,-2.4295,-2.7754,-3.1611,-3.5341,-3.7821,-3.7626,-3.4003,-2.764,-2.0132,-1.2823,-0.64342,-0.13122,0.21678,0.34804,0.21959,-0.16845,-0.75062,-1.4096,-2.0009,-2.3977,-2.5396,-2.4516,-2.2099,-1.8959,-1.5586,-1.2246,-0.91184,-0.61627,-0.32741,-0.015705,0.33902,0.71306,1.0137,1.1491,1.0616,0.75074,0.26905,-0.28969,-0.78972,-1.1037,-1.1582,-0.97731,-0.66149,-0.33245,-0.088581,-0.0065669,-0.10298,-0.34411,-0.64947,-0.91654,-1.0568,-1.0268,-0.83714,-0.53093,-0.17428,0.17867,0.49726,0.77365
-0.18627,-0.65093,-1.2629,-1.6561,-1.6844,-1.494,-1.3209,-1.3564,-1.6819,-2.2296,-2.7884,-3.0957,-3.0208,-2.669,-2.2529,-1.9226,-1.7295,-1.67,-1.7282,-1.8836,-2.1074,-2.372,-2.6678,-3.0016,-3.3731,-3.7414,-4.0019,-4.0132,-3.6774,-3.0374,-2.2438,-1.4415,-0.71665,-0.12091,0.29427,0.47202,0.36725,-0.010172,-0.59547,-1.2659,-1.8843,-2.324,-2.5172,-2.4714,-2.2507,-1.9346,-1.5903,-1.2654,-0.98782,-0.76707,-0.5737,-0.34727,-0.035745,0.33916,0.68568,0.87677,0.83523,0.55501,0.091431,-0.45175,-0.94579,-1.2545,-1.3045,-1.121,-0.80632,-0.48359,-0.26008,-0.19478,-0.30692,-0.56158,-0.87949,-1.1608,-1.317,-1.2992,-1.1096,-0.79413,-0.41822,-0.034961,0.31442,0.61038
-0.26128,-0.78065,-1.4509,-1.8573,-1.8429,-1.6013,-1.4041,-1.4448,-1.7916,-2.3538,-2.8963,-3.1532,-3.0271,-2.6564,-2.2568,-1.9616,-1.8077,-1.7835,-1.8705,-2.0478,-2.285,-2.5513,-2.8359,-3.1495,-3.5007,-3.8601,-4.1365,-4.1863,-3.8896,-3.2591,-2.4367,-1.5802,-0.79748,-0.14928,0.30732,0.51473,0.42995,0.060896,-0.51985,-1.195,-1.8261,-2.2917,-2.5139,-2.4895,-2.2771,-1.9557,-1.6037,-1.2808,-1.0246,-0.84829,-0.71551,-0.54957,-0.27756,0.096038,0.46072,0.68245,0.67621,0.43151,-0.00056868,-0.52481,-1.0043,-1.3117,-1.3676,-1.1909,-0.88474,-0.57686,-0.3697,-0.33168,-0.47359,-0.75427,-1.0895,-1.3769,-1.5291,-1.5013,-1.3011,-0.97297,-0.5833,-0.19287,0.15892,0.45586
-0.35312,-0.95713,-1.7169,-2.1472,-2.0757,-1.7629,-1.5263,-1.5648,-1.9253,-2.4874,-2.99,-3.1756,-2.993,-2.6147,-2.2497,-2.0086,-1.9115,-1.9368,-2.0631,-2.2693,-2.5215,-2.7841,-3.0451,-3.3226,-3.6384,-3.9819,-4.2816,-4.3932,-4.1675,-3.567,-2.7121,-1.7858,-0.92298,-0.21041,0.29079,0.51971,0.44514,0.081228,-0.49116,-1.157,-1.7857,-2.2604,-2.5042,-2.4989,-2.2881,-1.9571,-1.5909,-1.2643,-1.0313,-0.9012,-0.83761,-0.74517,-0.5219,-0.15839,0.23311,0.49535,0.52862,0.31899,-0.080245,-0.57086,-1.031,-1.331,-1.396,-1.2424,-0.96611,-0.68979,-0.51982,-0.51636,-0.68877,-0.99281,-1.3436,-1.6419,-1.8037,-1.7829,-1.5801,-1.2356,-0.82292,-0.40012,-0.015683,0.30433
-0.41521,-1.0898,-1.9243,-2.3774,-2.2635,-1.8955,-1.6262,-1.6545,-2.0132,-2.5601,-3.0217,-3.1537,-2.9404,-2.5688,-2.2367,-2.0388,-1.983,-2.044,-2.1999,-2.4279,-2.6913,-2.9503,-3.1918,-3.4393,-3.7257,-4.0546,-4.366,-4.5206,-4.3503,-3.78,-2.9141,-1.9457,-1.0324,-0.27676,0.25186,0.49371,0.42072,0.056295,-0.51564,-1.1741,-1.7909,-2.254,-2.4891,-2.4757,-2.2562,-1.9102,-1.5337,-1.2099,-0.99104,-0.89517,-0.87371,-0.82107,-0.62692,-0.27728,0.11425,0.38892,0.44668,0.2709,-0.091713,-0.54943,-0.99086,-1.2955,-1.3815,-1.254,-1.0047,-0.75893,-0.61874,-0.64911,-0.85256,-1.1786,-1.5399,-1.8387,-1.9942,-1.9623,-1.7448,-1.3868,-0.94942,-0.50911,-0.11844,0.1979
-0.48743,-1.2643,-2.2051,-2.6938,-2.5248,-2.0848,-1.7683,-1.773,-2.1132,-2.6222,-3.0182,-3.0864,-2.8475,-2.4983,-2.2169,-2.0748,-2.0684,-2.1718,-2.3649,-2.6227,-2.9024,-3.1582,-3.3753,-3.5836,-3.8299,-4.1346,-4.4515,-4.6508,-4.5431,-4.0125,-3.143,-2.1366,-1.1793,-0.38503,0.16556,0.41881,0.34507,-0.022416,-0.59393,-1.2378,-1.8222,-2.243,-2.4355,-2.3901,-2.1497,-1.7928,-1.4126,-1.0913,-0.88669,-0.8107,-0.81779,-0.79923,-0.63812,-0.31426,0.059235,0.32585,0.38828,0.23391,-0.089684,-0.50376,-0.90714,-1.1999,-1.3127,-1.2414,-1.0551,-0.86317,-0.77166,-0.83497,-1.0581,-1.3918,-1.7516,-2.0453,-2.1969,-2.1618,-1.9368,-1.5595,-1.1046,-0.63879,-0.21846,0.12493
-0.54566,-1.4305,-2.4799,-3.0073,-2.7897,-2.2818,-1.9165,-1.8877,-2.1918,-2.6463,-2.9743,-2.9906,-2.7431,-2.426,-2.1967,-2.1074,-2.1444,-2.2817,-2.5037,-2.7878,-3.0855,-3.3414,-3.5374,-3.7099,-3.9167,-4.1911,-4.5008,-4.7223,-4.6554,-4.1573,-3.2874,-2.264,-1.2898,-0.49091,0.05578,0.29555,0.21069,-0.16205,-0.71755,-1.3236,-1.8504,-2.2042,-2.3357,-2.243,-1.9722,-1.6014,-1.2211,-0.9099,-0.71687,-0.65341,-0.66679,-0.65518,-0.51631,-0.2341,0.091099,0.32305,0.3769,0.24031,-0.047465,-0.41647,-0.79008,-1.0822,-1.2262,-1.2088,-1.086,-0.95663,-0.91378,-1.0144,-1.2592,-1.5971,-1.9456,-2.2179,-2.344,-2.2842,-2.0374,-1.6449,-1.1678,-0.68401,-0.25138,0.098135
-0.57888,-1.5448,-2.6738,-3.2306,-2.9814,-2.4284,-2.0275,-1.9683,-2.2366,-2.6429,-2.9204,-2.9072,-2.6625,-2.3721,-2.1813,-2.1307,-2.1983,-2.3567,-2.5945,-2.8926,-3.2011,-3.459,-3.6436,-3.7919,-3.9686,-4.2134,-4.502,-4.7165,-4.6598,-4.1806,-3.3259,-2.3137,-1.3478,-0.56201,-0.030858,0.1887,0.086803,-0.29271,-0.83795,-1.4099,-1.8815,-2.1656,-2.2312,-2.0907,-1.7939,-1.4155,-1.0365,-0.72974,-0.54195,-0.47869,-0.49082,-0.48133,-0.35816,-0.11157,0.16616,0.35455,0.38255,0.24524,-0.019067,-0.3547,-0.69437,-0.97399,-1.1395,-1.1727,-1.1104,-1.0337,-1.0314,-1.1514,-1.3956,-1.7161,-2.0385,-2.2869,-2.3983,-2.3313,-2.0779,-1.6729,-1.1856,-0.69002,-0.24703,0.11026
-0.60841,-1.6769,-2.9017,-3.4934,-3.2133,-2.6136,-2.1707,-2.068,-2.2794,-2.6154,-2.8284,-2.786,-2.5536,-2.3015,-2.1597,-2.1591,-2.2663,-2.4483,-2.6977,-3.0029,-3.3177,-3.5781,-3.7543,-3.8779,-4.0157,-4.2111,-4.4458,-4.6146,-4.5393,-4.0769,-3.2721,-2.3145,-1.3975,-0.64916,-0.15308,0.039422,-0.087215,-0.47806,-1.0148,-1.5431,-1.9317,-2.1106,-2.0696,-1.8463,-1.5037,-1.1119,-0.742,-0.45106,-0.27386,-0.20875,-0.21078,-0.19903,-0.10037,0.088456,0.29159,0.41499,0.40431,0.2603,0.017968,-0.2738,-0.57517,-0.83588,-1.0151,-1.0967,-1.1057,-1.1022,-1.1494,-1.2967,-1.539,-1.835,-2.1228,-2.3373,-2.4213,-2.3346,-2.0681,-1.6524,-1.1571,-0.6526,-0.19866,0.16914
-0.61864,-1.7563,-3.0394,-3.6516,-3.3602,-2.7379,-2.2706,-2.1363,-2.3022,-2.5829,-2.7506,-2.6897,-2.4696,-2.2482,-2.1418,-2.1759,-2.3105,-2.5067,-2.758,-3.06,-3.3729,-3.6329,-3.8047,-3.9147,-4.0245,-4.1778,-4.3591,-4.4741,-4.3653,-3.91,-3.15,-2.2524,-1.395,-0.69732,-0.24331,-0.083746,-0.23366,-0.63448,-1.1585,-1.6456,-1.9652,-2.0602,-1.9379,-1.6506,-1.2696,-0.8629,-0.49768,-0.22205,-0.056035,0.0019251,0.0045636,0.022402,0.10757,0.25257,0.39292,0.45399,0.40296,0.25053,0.028968,-0.2275,-0.48872,-0.72723,-0.91402,-1.0307,-1.0871,-1.1258,-1.2072,-1.3595,-1.5898,-1.8659,-2.1341,-2.3335,-2.4053,-2.3056,-2.0246,-1.6007,-1.0956,-0.58875,-0.1397,0.22007
-0.61506,-1.8294,-3.1658,-3.7962,-3.5063,-2.8759,-2.3879,-2.2149,-2.3209,-2.5297,-2.6378,-2.5567,-2.3542,-2.1718,-2.1118,-2.188,-2.3525,-2.561,-2.8079,-3.0971,-3.3985,-3.6522,-3.8182,-3.9128,-3.9859,-4.0782,-4.1789,-4.2104,-4.0476,-3.6003,-2.9025,-2.0975,-1.3344,-0.72591,-0.34669,-0.2503,-0.44159,-0.85895,-1.3628,-1.7902,-2.0166,-1.9963,-1.7664,-1.3984,-0.96699,-0.54398,-0.17861,0.090855,0.24355,0.2992,0.29637,0.29716,0.34523,0.43074,0.49285,0.47966,0.37646,0.20685,0.0055244,-0.20466,-0.41039,-0.60409,-0.77364,-0.90783,-1.0093,-1.1011,-1.2142,-1.3811,-1.6006,-1.8501,-2.0891,-2.2654,-2.3226,-2.2152,-1.9305,-1.4979,-0.99552,-0.491,-0.041534,0.31968
-0.59112,-1.8596,-3.2173,-3.8528,-3.5863,-2.974,-2.4811,-2.2775,-2.3285,-2.4692,-2.5207,-2.4166,-2.2273,-2.0798,-2.0627,-2.179,-2.3689,-2.5821,-2.8164,-3.0843,-3.3651,-3.6054,-3.7632,-3.8428,-3.8807,-3.9097,-3.9258,-3.8709,-3.6538,-3.2179,-2.5932,-1.8929,-1.2401,-0.72921,-0.42944,-0.39284,-0.62465,-1.0615,-1.5585,-1.9453,-2.0917,-1.9697,-1.6324,-1.1731,-0.68384,-0.2315,0.1325,0.38065,0.51105,0.54206,0.52285,0.50693,0.52212,0.54794,0.53771,0.45485,0.30307,0.11697,-0.067076,-0.23034,-0.37986,-0.52259,-0.66077,-0.7895,-0.90542,-1.0166,-1.1439,-1.3039,-1.5065,-1.7396,-1.9692,-2.1419,-2.195,-2.0782,-1.7811,-1.344,-0.83921,-0.34685,0.078806,0.41293
-0.55945,-1.8515,-3.2038,-3.8372,-3.6015,-3.0194,-2.533,-2.313,-2.3282,-2.4219,-2.4331,-2.3092,-2.1228,-1.9972,-2.0104,-2.1549,-2.361,-2.5729,-2.7908,-3.0351,-3.2957,-3.5246,-3.6763,-3.7436,-3.7561,-3.7404,-3.6964,-3.5833,-3.3372,-2.9171,-2.3516,-1.7296,-1.1553,-0.71105,-0.4683,-0.473,-0.73824,-1.1936,-1.695,-2.0573,-2.1506,-1.9573,-1.549,-1.0327,-0.5053,-0.035361,0.32851,0.56414,0.6767,0.68852,0.65295,0.6204,0.61033,0.59642,0.53555,0.39762,0.20202,-0.0021086,-0.17327,-0.30365,-0.40375,-0.49737,-0.5973,-0.70377,-0.81254,-0.9249,-1.0484,-1.2033,-1.3943,-1.6128,-1.8297,-1.9948,-2.0463,-1.9331,-1.6419,-1.2112,-0.71721,-0.23273,0.186,0.50993
-0.49952,-1.7996,-3.1205,-3.7468,-3.5695,-3.0474,-2.5813,-2.347,-2.3211,-2.3592,-2.3189,-2.1639,-1.9737,-1.8678,-1.915,-2.0934,-2.3172,-2.5204,-2.7064,-2.911,-3.1406,-3.3548,-3.5023,-3.5607,-3.5449,-3.4774,-3.3659,-3.1923,-2.9219,-2.5278,-2.0316,-1.5012,-1.018,-0.65964,-0.48977,-0.55482,-0.8602,-1.3357,-1.8305,-2.1615,-2.2037,-1.9449,-1.472,-0.90037,-0.33106,0.15926,0.52893,0.75834,0.8497,0.84119,0.7763,0.70289,0.64161,0.57281,0.44968,0.25964,0.02769,-0.1936,-0.35932,-0.45271,-0.50306,-0.53769,-0.57888,-0.63492,-0.70385,-0.78306,-0.88166,-1.0034,-1.1669,-1.3699,-1.5821,-1.7463,-1.7947,-1.6771,-1.3883,-0.97349,-0.50226,-0.049944,0.33322,0.62446
-0.42045,-1.704,-2.9734,-3.5944,-3.494,-3.0475,-2.6133,-2.37,-2.3091,-2.2991,-2.2095,-2.0185,-1.8151,-1.7173,-1.787,-1.9902,-2.2266,-2.4179,-2.5698,-2.7333,-2.9305,-3.1303,-3.2784,-3.3378,-3.3047,-3.1984,-3.0357,-2.8182,-2.5292,-2.1582,-1.7228,-1.2738,-0.87761,-0.59584,-0.4838,-0.58633,-0.90832,-1.3888,-1.881,-2.208,-2.2355,-1.9484,-1.4319,-0.81365,-0.21007,0.30232,0.67231,0.88261,0.9486,0.90181,0.80263,0.70118,0.61083,0.49997,0.33069,0.084966,-0.19869,-0.4501,-0.61314,-0.67907,-0.67178,-0.63691,-0.60845,-0.60125,-0.61493,-0.645,-0.6939,-0.77665,-0.90749,-1.0833,-1.2717,-1.4156,-1.4526,-1.3389,-1.0704,-0.6864,-0.25484,0.15894,0.50629,0.76301
-0.3497,-1.6074,-2.8312,-3.4547,-3.4199,-3.0373,-2.6306,-2.3818,-2.2972,-2.2541,-2.1291,-1.9093,-1.6915,-1.5936,-1.6737,-1.8886,-2.1298,-2.3126,-2.4427,-2.5786,-2.7536,-2.9439,-3.0934,-3.1555,-3.1159,-2.9906,-2.8017,-2.5605,-2.2616,-1.9058,-1.5092,-1.113,-0.77172,-0.53465,-0.45186,-0.56676,-0.89026,-1.3656,-1.8573,-2.1871,-2.2192,-1.9305,-1.4077,-0.78144,-0.16631,0.35076,0.72134,0.92738,0.97799,0.9153,0.79521,0.66687,0.54516,0.40644,0.20552,-0.066974,-0.37195,-0.63901,-0.80833,-0.86326,-0.82823,-0.75082,-0.67076,-0.6089,-0.56829,-0.54535,-0.5487,-0.58687,-0.68085,-0.82961,-0.99966,-1.1314,-1.1613,-1.0483,-0.79261,-0.43768,-0.040013,0.33638,0.64769,0.87355
-0.24228,-1.4515,-2.6147,-3.2543,-3.3158,-3.0219,-2.6502,-2.393,-2.2759,-2.1907,-2.0207,-1.7627,-1.5229,-1.4205,-1.5068,-1.73,-1.9725,-2.1437,-2.2496,-2.3566,-2.5099,-2.6942,-2.8498,-2.9172,-2.8743,-2.7328,-2.5204,-2.2567,-1.9525,-1.6135,-1.2556,-0.9121,-0.6202,-0.42404,-0.3673,-0.4904,-0.80494,-1.2603,-1.7364,-2.0703,-2.1315,-1.8836,-1.3955,-0.78505,-0.16915,0.3573,0.73758,0.94403,0.9808,0.89118,0.73348,0.56658,0.41433,0.25212,0.037102,-0.24725,-0.56907,-0.85844,-1.046,-1.1004,-1.0412,-0.91244,-0.76231,-0.6222,-0.50354,-0.4084,-0.34291,-0.32897,-0.38171,-0.49357,-0.62625,-0.72285,-0.72974,-0.61629,-0.38532,-0.07301,0.27085,0.59288,0.85478,1.0387
-0.15363,-1.3187,-2.4415,-3.1052,-3.2448,-3.0164,-2.6673,-2.3981,-2.2554,-2.1393,-1.9387,-1.6546,-1.3984,-1.2913,-1.3781,-1.6024,-1.8418,-2.0031,-2.0936,-2.1858,-2.3314,-2.518,-2.6839,-2.762,-2.722,-2.5729,-2.3448,-2.0646,-1.7523,-1.4171,-1.0775,-0.7608,-0.49645,-0.32329,-0.27815,-0.39927,-0.69628,-1.1289,-1.5907,-1.9374,-2.0399,-1.8449,-1.3975,-0.80689,-0.19694,0.33468,0.71779,0.91964,0.94763,0.83776,0.65887,0.47548,0.31314,0.14468,-0.070355,-0.35446,-0.67729,-0.96994,-1.1624,-1.221,-1.1512,-0.99878,-0.81286,-0.62762,-0.45782,-0.30932,-0.19832,-0.14098,-0.1566,-0.23753,-0.34386,-0.418,-0.40902,-0.29174,-0.073395,0.21055,0.51633,0.79764,1.0224,1.1772
-0.027276,-1.1286,-2.2081,-2.9209,-3.1713,-3.0266,-2.6977,-2.4037,-2.2194,-2.0625,-1.8248,-1.5116,-1.2374,-1.1221,-1.2052,-1.4256,-1.6567,-1.8061,-1.8851,-1.9704,-2.1173,-2.3152,-2.5006,-2.6023,-2.5749,-2.4229,-2.1748,-1.8662,-1.5257,-1.1776,-0.84509,-0.55017,-0.31564,-0.16425,-0.12492,-0.22925,-0.49386,-0.89563,-1.3477,-1.7254,-1.8979,-1.7899,-1.4161,-0.87081,-0.27672,0.25387,0.64373,0.8527,0.87828,0.7609,0.56634,0.3628,0.18471,0.01794,-0.18214,-0.43772,-0.73101,-1.008,-1.2035,-1.2715,-1.2064,-1.0372,-0.8121,-0.57362,-0.34796,-0.15024,0.0053247,0.091644,0.10018,0.047739,-0.021516,-0.054854,-0.013086,0.11767,0.32588,0.58162,0.84551,1.0807,1.2626,1.3834
0.10523,-0.93113,-1.9832,-2.7636,-3.1326,-3.064,-2.7409,-2.4074,-2.1711,-1.9697,-1.6994,-1.3644,-1.0771,-0.95293,-1.0284,-1.2408,-1.4647,-1.6111,-1.694,-1.79,-1.9538,-2.1746,-2.3866,-2.512,-2.4987,-2.3444,-2.075,-1.7312,-1.3493,-0.96946,-0.62197,-0.32789,-0.10339,0.04139,0.083044,-0.0066967,-0.25195,-0.63851,-1.0997,-1.523,-1.7769,-1.7684,-1.478,-0.97884,-0.3982,0.14453,0.55478,0.78065,0.81656,0.69342,0.48215,0.26215,0.081001,-0.07156,-0.23368,-0.44059,-0.68615,-0.92667,-1.104,-1.1721,-1.1131,-0.94685,-0.71306,-0.45275,-0.19792,0.026153,0.19205,0.28571,0.30047,0.26185,0.21853,0.22032,0.29772,0.45484,0.67369,0.92037,1.1634,1.3712,1.5248,1.6217
0.20648,-0.78184,-1.824,-2.667,-3.1296,-3.1135,-2.7833,-2.4081,-2.124,-1.8849,-1.5926,-1.2468,-0.95425,-0.82486,-0.8945,-1.1006,-1.323,-1.4747,-1.569,-1.6814,-1.8666,-2.1133,-2.3519,-2.4954,-2.4909,-2.3312,-2.0437,-1.6689,-1.2516,-0.83668,-0.46325,-0.15435,0.078731,0.2275,0.27259,0.18439,-0.061169,-0.45383,-0.93665,-1.403,-1.7248,-1.7868,-1.5519,-1.0817,-0.50266,0.050999,0.47864,0.72387,0.77469,0.66148,0.45293,0.22863,0.042611,-0.1011,-0.23959,-0.40705,-0.60647,-0.80805,-0.96393,-1.0264,-0.97424,-0.8123,-0.57371,-0.30293,-0.041621,0.17622,0.32772,0.39299,0.38188,0.33426,0.30646,0.3446,0.46661,0.66235,0.90433,1.1597,1.3949,1.5849,1.719,1.803
0.3426,-0.5843,-1.6249,-2.5652,-3.1586,-3.2069,-2.851,-2.4031,-2.0412,-1.745,-1.424,-1.0712,-0.77973,-0.64948,-0.71561,-0.91899,-1.1465,-1.3137,-1.4314,-1.573,-1.7944,-2.0848,-2.3692,-2.5491,-2.5602,-2.3897,-2.0674,-1.6381,-1.1564,-0.67897,-0.25458,0.088001,0.34145,0.50092,0.55152,0.4621,0.20531,-0.21626,-0.75169,-1.2994,-1.7229,-1.8852,-1.7177,-1.2685,-0.67275,-0.080359,0.39398,0.68476,0.77263,0.68181,0.4751,0.23591,0.033628,-0.11039,-0.22348,-0.3425,-0.48305,-0.62853,-0.74183,-0.78356,-0.72447,-0.56605,-0.3344,-0.071672,0.17584,0.36593,0.46319,0.46911,0.4058,0.33176,0.315,0.39935,0.58792,0.85189,1.149,1.4352,1.6836,1.8723,1.9968,2.0699
0.4794,-0.38994,-1.4377,-2.4855,-3.2153,-3.3211,-2.9208,-2.3804,-1.9273,-1.5661,-1.2171,-0.86636,-0.58749,-0.4674,-0.5384,-0.74779,-0.98701,-1.1752,-1.323,-1.5029,-1.7708,-2.1153,-2.4569,-2.6851,-2.7162,-2.5295,-2.1551,-1.6522,-1.089,-0.53641,-0.053152,0.33253,0.61363,0.79132,0.84904,0.7545,0.47249,0.00014868,-0.61329,-1.2654,-1.8051,-2.0708,-1.9589,-1.5045,-0.86192,-0.20288,0.34025,0.69257,0.83111,0.77373,0.57912,0.33009,0.10312,-0.065199,-0.18141,-0.27872,-0.37849,-0.47757,-0.55164,-0.56514,-0.49185,-0.32103,-0.076534,0.19019,0.41755,0.55218,0.56725,0.46225,0.29925,0.17421,0.17545,0.33571,0.62554,0.98505,1.3552,1.6915,1.9614,2.1548,2.2755,2.3426
0.58259,-0.2456,-1.3017,-2.4315,-3.264,-3.4084,-2.9647,-2.3459,-1.8182,-1.4055,-1.0368,-0.6925,-0.43037,-0.32637,-0.40708,-0.62406,-0.87387,-1.0801,-1.2545,-1.4693,-1.7799,-2.1733,-2.5632,-2.8294,-2.8734,-2.6697,-2.2503,-1.685,-1.0547,-0.44161,0.090668,0.51289,0.82016,1.0137,1.0767,0.97251,0.66375,0.14433,-0.53908,-1.2815,-1.9196,-2.2596,-2.1713,-1.6908,-0.99346,-0.27649,0.32177,0.72693,0.91194,0.89365,0.72069,0.46597,0.20704,0.00086671,-0.14675,-0.25229,-0.33765,-0.40815,-0.44904,-0.43512,-0.33598,-0.14833,0.10364,0.36756,0.57701,0.67082,0.60938,0.41586,0.16849,-0.0050424,0.0070704,0.2329,0.61513,1.0649,1.5059,1.885,2.1801,2.3805,2.4948,2.5469
0.72119,-0.052737,-1.1172,-2.3512,-3.3159,-3.505,-2.9946,-2.2667,-1.638,-1.1595,-0.76912,-0.43955,-0.20926,-0.13586,-0.23717,-0.46672,-0.73037,-0.96133,-1.1747,-1.442,-1.8172,-2.2831,-2.7416,-3.0541,-3.1078,-2.8717,-2.3875,-1.7366,-1.0178,-0.32625,0.26997,0.73901,1.0804,1.2946,1.3651,1.2492,0.90602,0.32313,-0.45586,-1.3239,-2.0991,-2.5416,-2.4778,-1.9442,-1.1568,-0.34307,0.34567,0.831,1.0869,1.1201,0.97155,0.70809,0.40773,0.13248,-0.075742,-0.2181,-0.31025,-0.36319,-0.37277,-0.31934,-0.18618,0.035159,0.31784,0.59919,0.79689,0.8351,0.67598,0.34152,-0.046498,-0.29418,-0.24509,0.10513,0.63522,1.2093,1.7359,2.1675,2.4824,2.6836,2.7871,2.8206
0.82649,0.094492,-0.97095,-2.2718,-3.3266,-3.544,-2.9836,-2.1767,-1.4782,-0.95496,-0.55287,-0.23913,-0.03877,0.0056975,-0.11542,-0.35697,-0.63097,-0.87821,-1.1191,-1.426,-1.8506,-2.3715,-2.8819,-3.2269,-3.2815,-3.0112,-2.4715,-1.757,-0.97915,-0.23936,0.39385,0.89055,1.2523,1.4815,1.5589,1.4402,1.0776,0.45381,-0.39102,-1.3487,-2.221,-2.7367,-2.6835,-2.1022,-1.2444,-0.36195,0.38834,0.93081,1.2392,1.32,1.2055,0.94961,0.62102,0.292,0.014505,-0.18228,-0.29806,-0.34534,-0.33072,-0.24775,-0.0786,0.17461,0.48012,0.77048,0.95828,0.96259,0.7371,0.31744,-0.15172,-0.43496,-0.34813,0.09275,0.72233,1.3767,1.9566,2.4139,2.738,2.9317,3.0148,3.0189
0.96987,0.29735,-0.75707,-2.1227,-3.2743,-3.5239,-2.9062,-2.011,-1.2357,-0.66555,-0.25567,0.030016,0.18536,0.1867,0.034541,-0.22445,-0.51059,-0.77435,-1.0436,-1.3944,-1.8776,-2.4658,-3.039,-3.4181,-3.4589,-3.1305,-2.511,-1.7257,-0.89502,-0.11744,0.54213,1.0632,1.4452,1.6917,1.7782,1.6577,1.2759,0.61265,-0.29771,-1.3445,-2.3166,-2.9026,-2.853,-2.2183,-1.288,-0.33556,0.48121,1.0906,1.4666,1.6103,1.5444,1.3111,0.96954,0.58756,0.23839,-0.028426,-0.19282,-0.25817,-0.23242,-0.11522,0.093819,0.38908,0.73085,1.0448,1.2369,1.2202,0.94711,0.45675,-0.080432,-0.37961,-0.23042,0.31321,1.0319,1.74,2.3409,2.799,3.1057,3.2728,3.3239,3.2897
1.1191,0.51015,-0.51484,-1.9091,-3.1209,-3.3947,-2.744,-1.7934,-0.96821,-0.3695,0.03853,0.29199,0.39802,0.35278,0.16633,-0.11069,-0.40492,-0.67771,-0.96482,-1.3439,-1.8656,-2.4985,-3.1084,-3.4944,-3.4997,-3.1123,-2.4388,-1.6211,-0.77715,0.0048281,0.67037,1.1996,1.5929,1.8477,1.9394,1.8166,1.4268,0.74722,-0.18827,-1.2691,-2.2791,-2.891,-2.8441,-2.1925,-1.2381,-0.25446,0.60195,1.2606,1.696,1.9029,1.8971,1.7106,1.3906,0.99969,0.60936,0.29059,0.087075,0.0069797,0.03903,0.17436,0.41023,0.73174,1.0972,1.4308,1.6373,1.6299,1.3657,0.89011,0.3853,0.13597,0.32926,0.88757,1.5918,2.2683,2.8303,3.2464,3.511,3.635,3.6407,3.5575
1.2357,0.67783,-0.31185,-1.7013,-2.9301,-3.2179,-2.5643,-1.5983,-0.75669,-0.14879,0.25118,0.47824,0.54667,0.46409,0.25057,-0.039335,-0.336,-0.6084,-0.8993,-1.2881,-1.8225,-2.4656,-3.0739,-3.4386,-3.4068,-2.9856,-2.2987,-1.4877,-0.66146,0.10071,0.75241,1.2738,1.6649,1.92,2.0135,1.8927,1.5058,0.82955,-0.098641,-1.1678,-2.1591,-2.7554,-2.7076,-2.0728,-1.1374,-0.16638,0.69344,1.3742,1.8459,2.1028,2.1526,2.0196,1.745,1.3848,1.0102,0.6905,0.47349,0.37606,0.39648,0.53268,0.77349,1.1044,1.4802,1.8252,2.0489,2.0708,1.8528,1.4461,1.0221,0.83109,1.0241,1.5279,2.1549,2.7547,3.2492,3.6078,3.8243,3.9081,3.8789,3.7624
1.3979,0.91356,-0.012492,-1.362,-2.5768,-2.8791,-2.2517,-1.3054,-0.46929,0.13328,0.51506,0.70568,0.72464,0.59198,0.34237,0.038445,-0.25304,-0.51275,-0.79434,-1.1804,-1.7118,-2.3381,-2.9051,-3.2079,-3.12,-2.6745,-2.0057,-1.2412,-0.47596,0.2297,0.83671,1.3301,1.7069,1.9576,2.0505,1.9335,1.5549,0.89803,0.0053812,-1.0044,-1.918,-2.4514,-2.399,-1.816,-0.94951,-0.026142,0.8152,1.5064,2.0169,2.3326,2.459,2.4164,2.2378,1.9682,1.6642,1.3853,1.1817,1.0817,1.0942,1.2174,1.4508,1.774,2.1451,2.4967,2.7479,2.8281,2.7078,2.4297,2.1337,2.0074,2.1589,2.5393,3.0158,3.4736,3.847,4.107,4.2443,4.2649,4.1841,4.0239
1.5246,1.0989,0.23168,-1.066,-2.2474,-2.5596,-1.9734,-1.0663,-0.2546,0.33222,0.69523,0.85808,0.84108,0.67214,0.39816,0.088627,-0.19157,-0.43345,-0.69962,-1.0734,-1.5887,-2.1844,-2.7008,-2.9452,-2.8178,-2.3711,-1.7367,-1.0278,-0.32577,0.32104,0.88237,1.3451,1.7038,1.9439,2.0307,1.9133,1.5433,0.90969,0.060932,-0.87902,-1.7069,-2.1707,-2.1117,-1.585,-0.79259,0.069961,0.88037,1.5708,2.1052,2.4675,2.6577,2.6931,2.6032,2.4248,2.2041,1.9891,1.8216,1.7311,1.7351,1.8442,2.0587,2.3651,2.7254,3.0781,3.3504,3.4792,3.4366,3.259,3.0545,2.9619,3.0625,3.3303,3.6764,4.0144,4.2877,4.4663,4.5403,4.5118,4.3944,4.2099
1.6991,1.3545,0.5772,-0.62933,-1.7463,-2.0713,-1.5627,-0.73462,0.022398,0.57422,0.90744,1.0338,0.97257,0.76075,0.46072,0.15201,-0.10421,-0.31543,-0.55557,-0.90474,-1.3847,-1.9219,-2.356,-2.5217,-2.3556,-1.9274,-1.3542,-0.73453,-0.12759,0.42942,0.91945,1.3318,1.6564,1.8734,1.9454,1.8232,1.4659,0.87113,0.096249,-0.73412,-1.4346,-1.8075,-1.743,-1.2915,-0.60413,0.16695,0.9204,1.5953,2.1538,2.578,2.8633,3.0192,3.0654,3.0272,2.931,2.8097,2.6982,2.6295,2.6305,2.7217,2.9116,3.1927,3.5355,3.8886,4.189,4.3803,4.4329,4.3652,4.2463,4.1687,4.1943,4.3214,4.503,4.6842,4.8233,4.8956,4.8872,4.8,4.6446,4.4393
1.8781,1.6154,0.93622,-0.16424,-1.2046,-1.5446,-1.1299,-0.40142,0.28252,0.78678,1.0855,1.1779,1.0795,0.83536,0.52049,0.22245,-0.0043924,-0.18435,-0.4002,-0.72483,-1.1633,-1.63,-1.9751,-2.0666,-1.878,-1.4841,-0.9859,-0.46332,0.041092,0.50596,0.92098,1.28,1.5674,1.7575,1.8084,1.6746,1.3249,0.76908,0.075059,-0.63826,-1.2134,-1.5062,-1.4438,-1.0653,-0.48186,0.19987,0.89501,1.5494,2.13,2.6126,2.9922,3.2725,3.4606,3.5626,3.5899,3.5589,3.5005,3.454,3.4565,3.5356,3.7071,3.9694,4.2993,4.6542,4.9792,5.2219,5.3493,5.3602,5.2931,5.209,5.159,5.1601,5.1973,5.2412,5.2626,5.2389,5.1605,5.0245,4.8398,4.6252
2.0134,1.8109,1.2072,0.19023,-0.79066,-1.1433,-0.80406,-0.1579,0.46378,0.9273,1.1983,1.2676,1.1482,0.88829,0.57075,0.2872,0.082901,-0.078222,-0.28132,-0.59056,-0.99789,-1.4117,-1.6939,-1.7387,-1.544,-1.1839,-0.74758,-0.29808,0.13239,0.53361,0.89977,1.2231,1.4846,1.6519,1.684,1.5363,1.1885,0.66028,0.024997,-0.60332,-1.0942,-1.3316,-1.2725,-0.95047,-0.44274,0.16546,0.81386,1.4561,2.0553,2.5904,3.0449,3.4146,3.6985,3.8943,3.9984,4.0255,4.0051,3.9778,3.9841,4.0564,4.2166,4.4657,4.7868,5.1433,5.4855,5.7623,5.9335,5.988,5.9459,5.8511,5.7498,5.669,5.6111,5.5626,5.5043,5.42,5.2973,5.1363,4.9445,4.7376
2.1926,2.0664,1.5624,0.65536,-0.24857,-0.61972,-0.38181,0.14981,0.68365,1.0885,1.3215,1.365,1.2269,0.95923,0.65111,0.3933,0.21681,0.071123,-0.12614,-0.42224,-0.79265,-1.143,-1.3547,-1.3574,-1.1704,-0.86322,-0.50831,-0.14825,0.19719,0.52746,0.84092,1.1248,1.3556,1.4954,1.5027,1.3417,1.0002,0.50939,-0.056209,-0.5933,-0.99537,-1.1888,-1.144,-0.88473,-0.46578,0.060809,0.64923,1.2669,1.8885,2.486,3.04,3.5305,3.9374,4.2386,4.4281,4.5111,4.5188,4.4985,4.4995,4.5637,4.7114,4.9531,5.2762,5.6477,6.0194,6.3377,6.5578,6.6506,6.6204,6.4994,6.3326,6.1576,5.9941,5.8444,5.7007,5.5518,5.3891,5.2089,5.0159,4.8243
2.3669,2.3103,1.9015,1.0997,0.26708,-0.12356,0.016139,0.4338,0.87638,1.2193,1.4142,1.4368,1.292,1.0319,0.7473,0.52131,0.36642,0.22272,0.016316,-0.28069,-0.62624,-0.92501,-1.0824,-1.0631,-0.89793,-0.6496,-0.36993,-0.087085,0.19316,0.47189,0.74829,1.0059,1.2133,1.3319,1.3203,1.1492,0.81491,0.35749,-0.14701,-0.60724,-0.94448,-1.1084,-1.0857,-0.89235,-0.55844,-0.11233,0.42289,1.0269,1.6763,2.3414,2.9875,3.5779,4.0762,4.4529,4.6892,4.7971,4.8147,4.7958,4.7933,4.8483,4.9913,5.2299,5.556,5.9422,6.3435,6.7037,6.9647,7.0916,7.0716,6.9257,6.6977,6.4362,6.1784,5.9432,5.7336,5.5405,5.3601,5.1833,5.01,4.8497
2.4918,2.4821,2.1404,1.4138,0.63141,0.22704,0.29654,0.63004,1.0027,1.2972,1.4634,1.4741,1.3316,1.0876,0.82933,0.6286,0.4841,0.33189,0.10755,-0.20073,-0.53736,-0.80629,-0.93045,-0.89885,-0.75442,-0.55306,-0.33068,-0.10211,0.13632,0.38811,0.64925,0.89916,1.0998,1.2106,1.1918,1.0166,0.6903,0.25691,-0.20634,-0.62005,-0.92324,-1.0759,-1.0729,-0.92617,-0.64964,-0.26191,0.23467,0.83142,1.5032,2.217,2.9222,3.57,4.1166,4.5261,4.7817,4.8952,4.907,4.8745,4.8561,4.8999,5.0342,5.274,5.6133,6.0241,6.4576,6.8511,7.1437,7.2864,7.263,7.0933,6.8238,6.5088,6.1935,5.9054,5.6553,5.4435,5.2592,5.0949,4.947,4.8206
2.6476,2.6919,2.4333,1.8023,1.0838,0.6651,0.64794,0.87116,1.1479,1.3738,1.5,1.4979,1.3679,1.1573,0.94289,0.7755,0.63717,0.46225,0.20132,-0.13433,-0.47019,-0.70924,-0.79739,-0.7548,-0.64164,-0.50562,-0.36432,-0.20792,-0.02049,0.20738,0.46654,0.7233,0.93411,1.0507,1.0352,0.8651,0.55425,0.15304,-0.26589,-0.63596,-0.91014,-1.0654,-1.0918,-0.99184,-0.77508,-0.43844,0.018906,0.60002,1.2943,2.0533,2.8185,3.5223,4.1056,4.5276,4.7746,4.8641,4.8452,4.7824,4.7385,4.7624,4.89,5.1362,5.4969,5.9436,6.424,6.8686,7.2027,7.3726,7.3515,7.1536,6.8272,6.4372,6.0448,5.6947,5.4095,5.1892,5.0281,4.9067,4.8111,4.7375
2.7544,2.8323,2.631,2.0687,1.3978,0.97259,0.89647,1.0392,1.2405,1.4093,1.5022,1.4912,1.3766,1.1988,1.0223,0.8803,0.74279,0.54457,0.24873,-0.11514,-0.4571,-0.67978,-0.7478,-0.70331,-0.61666,-0.53056,-0.44946,-0.34712,-0.19534,0.021966,0.28862,0.56127,0.78964,0.92168,0.91867,0.76249,0.46787,0.088644,-0.3058,-0.65158,-0.91041,-1.0629,-1.1046,-1.0346,-0.85187,-0.54973,-0.11229,0.46896,1.1785,1.9655,2.7553,3.4718,4.0526,4.4572,4.6758,4.7308,4.6761,4.5806,4.5096,4.5147,4.634,4.8871,5.2721,5.7579,6.2843,6.7721,7.1409,7.3262,7.2999,7.0774,6.7107,6.2713,5.8294,5.44,5.1349,4.9231,4.7892,4.7114,4.6671,4.6436
2.8809,2.9937,2.8621,2.3888,1.7832,1.3578,1.2128,1.2501,1.3442,1.4264,1.4661,1.4423,1.3536,1.2294,1.1113,1.0051,0.86515,0.62907,0.27817,-0.13184,-0.48849,-0.69389,-0.73965,-0.69842,-0.65187,-0.63746,-0.63954,-0.61274,-0.5052,-0.29238,-0.0029324,0.30514,0.56443,0.72395,0.74658,0.61948,0.35653,0.0068004,-0.36154,-0.689,-0.93585,-1.0839,-1.1265,-1.0659,-0.90132,-0.62007,-0.19851,0.3818,1.1036,1.9051,2.6963,3.3923,3.9311,4.2793,4.4325,4.4238,4.3116,4.1657,4.052,4.0277,4.1337,4.3986,4.8236,5.372,5.9699,6.5227,6.9374,7.1445,7.1118,6.8553,6.4322,5.9243,5.4177,4.985,4.6719,4.4889,4.4169,4.4164,4.4496,4.4932
2.987,3.1228,3.0539,2.6679,2.1322,1.7179,1.5164,1.4523,1.4313,1.4119,1.3856,1.3452,1.2884,1.2283,1.1766,1.1089,0.96265,0.68196,0.26808,-0.19622,-0.57242,-0.75988,-0.78022,-0.74223,-0.7416,-0.81036,-0.91294,-0.97488,-0.913,-0.69641,-0.36436,-0.0027636,0.30523,0.50388,0.56102,0.46094,0.22343,-0.10382,-0.44781,-0.75385,-0.98381,-1.1211,-1.1563,-1.0859,-0.90852,-0.61156,-0.17618,0.41017,1.1291,1.9108,2.6653,3.3065,3.7729,4.0336,4.0971,4.0033,3.8189,3.6178,3.4656,3.4176,3.5206,3.8082,4.282,4.8972,5.5662,6.1806,6.637,6.8612,6.8202,6.5303,6.0532,5.4804,4.9143,4.4473,4.1401,4.0069,4.0115,4.1002,4.2199,4.3366
3.0523,3.1974,3.1713,2.8507,2.3711,1.9728,1.7381,1.6019,1.4899,1.3838,1.2981,1.241,1.2104,1.2044,1.2061,1.1673,1.0162,0.70227,0.24011,-0.26705,-0.65941,-0.83341,-0.83408,-0.79828,-0.83473,-0.97155,-1.1619,-1.3011,-1.2804,-1.0586,-0.68585,-0.27377,0.084627,0.32474,0.41343,0.33386,0.10767,-0.20925,-0.54497,-0.83735,-1.0521,-1.1686,-1.182,-1.0884,-0.884,-0.56315,-0.10718,0.49038,1.201,1.9593,2.6695,3.2471,3.635,3.8126,3.7928,3.6289,3.3949,3.1644,2.9973,2.9434,3.0518,3.3597,3.8715,4.5366,5.2551,5.9078,6.3869,6.6153,6.5607,6.2418,5.7245,5.1077,4.506,4.0264,3.7394,3.6545,3.7285,3.8869,4.065,4.2248
3.1202,3.267,3.2931,3.0598,2.6609,2.2946,2.0275,1.8029,1.5667,1.333,1.154,1.0669,1.0731,1.1434,1.2186,1.219,1.0647,0.71308,0.19452,-0.36498,-0.78091,-0.94547,-0.9304,-0.90441,-0.99352,-1.2245,-1.5356,-1.7858,-1.8261,-1.5909,-1.1569,-0.66542,-0.23657,0.062161,0.19088,0.14372,-0.063088,-0.36915,-0.70105,-0.98801,-1.1843,-1.2682,-1.2294,-1.0742,-0.81172,-0.44015,0.045751,0.64991,1.3426,2.0493,2.6801,3.1543,3.423,3.4755,3.344,3.0969,2.8168,2.5746,2.4189,2.3895,2.526,2.8681,3.4201,4.127,4.8823,5.5609,6.049,6.2711,6.1943,5.8385,5.2736,4.6084,3.9732,3.4929,3.247,3.2377,3.4004,3.6424,3.8897,4.1024
3.157,3.2977,3.3588,3.1918,2.8571,2.5222,2.2407,1.9578,1.6301,1.2941,1.0355,0.91968,0.95306,1.0813,1.212,1.2435,1.091,0.71824,0.16653,-0.42479,-0.85829,-1.0246,-1.0104,-1.0024,-1.1355,-1.4395,-1.8408,-2.1789,-2.2631,-2.0095,-1.5139,-0.95091,-0.46433,-0.12599,0.026018,-0.010883,-0.21346,-0.51754,-0.83906,-1.1086,-1.281,-1.3361,-1.2652,-1.0712,-0.76333,-0.3474,0.17482,0.79262,1.4678,2.1274,2.6872,3.0754,3.2499,3.2066,2.9931,2.6915,2.3967,2.1787,2.0707,2.0911,2.2691,2.6392,3.2079,3.9238,4.6804,5.3509,5.8242,6.0228,5.9165,5.5298,4.9373,4.2526,3.6124,3.148,2.9418,2.9891,3.2139,3.5131,3.8052,4.0461
3.1883,3.3114,3.414,3.3356,3.0902,2.8056,2.517,2.1695,1.7287,1.2564,0.8834,0.72232,0.78723,0.98955,1.1923,1.2673,1.125,0.7355,0.15157,-0.47307,-0.92843,-1.1053,-1.1056,-1.1324,-1.329,-1.7299,-2.2531,-2.7101,-2.8502,-2.5564,-1.9565,-1.286,-0.71591,-0.32935,-0.1555,-0.1975,-0.41313,-0.7249,-1.0365,-1.2785,-1.4137,-1.4233,-1.3039,-1.0575,-0.6918,-0.22258,0.34047,0.9717,1.6201,2.2177,2.6837,2.9546,2.9982,2.8281,2.5122,2.1668,1.9038,1.777,1.7823,1.9053,2.1562,2.5613,3.1279,3.8125,4.5212,5.1389,5.5583,5.7091,5.5619,5.1406,4.5217,3.8258,3.1999,2.7815,2.6452,2.7695,3.058,3.4023,3.7247,3.9875
3.2014,3.2966,3.4344,3.4435,3.2896,3.0623,2.7803,2.386,1.8506,1.2533,0.76681,0.55309,0.64032,0.90599,1.1724,1.291,1.1673,0.77633,0.17809,-0.4671,-0.94284,-1.1391,-1.1664,-1.2365,-1.5008,-1.9942,-2.6309,-3.1867,-3.3587,-3.0033,-2.2953,-1.5258,-0.88461,-0.45802,-0.27343,-0.32486,-0.5624,-0.889,-1.2048,-1.4312,-1.5341,-1.5005,-1.3291,-1.0283,-0.6134,-0.099284,0.48918,1.1177,1.7344,2.2641,2.638,2.8005,2.7274,2.4443,2.0527,1.6994,1.5112,1.5176,1.669,1.9148,2.2463,2.6835,3.2343,3.8635,4.4917,5.0187,5.3531,5.4265,5.2178,4.757,4.1258,3.4485,2.8713,2.5236,2.464,2.6547,2.9903,3.3651,3.7045,3.9731
3.2007,3.2686,3.4283,3.5009,3.4157,3.2346,2.9661,2.5502,1.9606,1.2849,0.72081,0.46618,0.56046,0.86037,1.1642,1.3104,1.2043,0.82345,0.22971,-0.4169,-0.9029,-1.1207,-1.1797,-1.2905,-1.6056,-2.1586,-2.8582,-3.4554,-3.6193,-3.207,-2.4311,-1.6065,-0.93258,-0.49052,-0.30978,-0.37465,-0.63087,-0.97245,-1.2865,-1.4982,-1.578,-1.5229,-1.332,-1.0114,-0.57289,-0.037614,0.56614,1.1953,1.7876,2.2742,2.5854,2.6702,2.513,2.1578,1.7219,1.3863,1.2824,1.4079,1.6746,2.0102,2.3989,2.8544,3.3837,3.9583,4.5119,4.9586,5.2164,5.2249,4.9675,4.4772,3.8398,3.1839,2.6561,2.3757,2.3819,2.619,2.9823,3.3681,3.7086,3.9738
3.1878,3.2115,3.393,3.5456,3.5501,3.4336,3.1936,2.7682,2.1327,1.3812,0.73428,0.42497,0.51132,0.83249,1.1651,1.3384,1.2584,0.90491,0.33915,-0.28708,-0.77665,-1.0312,-1.1494,-1.3262,-1.7015,-2.3049,-3.0336,-3.6256,-3.74,-3.2582,-2.4224,-1.5575,-0.86374,-0.42219,-0.25822,-0.35816,-0.65175,-1.0204,-1.3356,-1.5302,-1.5899,-1.5193,-1.3193,-0.98729,-0.53228,0.022621,0.63771,1.2567,1.8126,2.2362,2.4662,2.4628,2.2218,1.8001,1.3469,1.0621,1.071,1.3343,1.729,2.1662,2.617,3.0915,3.5943,4.1021,4.5609,4.8988,5.0475,4.9591,4.6254,4.0904,3.4504,2.8391,2.3951,2.2139,2.3065,2.6024,2.9934,3.3873,3.7251,3.9818
3.1641,3.1353,3.3286,3.5536,3.6427,3.5929,3.3926,2.9803,2.3308,1.5412,0.84101,0.48224,0.53682,0.84469,1.1784,1.3648,1.3105,0.99531,0.47701,-0.10789,-0.58808,-0.87878,-1.0618,-1.3026,-1.721,-2.334,-3.0281,-3.548,-3.5848,-3.0588,-2.2136,-1.3552,-0.66961,-0.24026,-0.096017,-0.22413,-0.55418,-0.95639,-1.2998,-1.5079,-1.5698,-1.4954,-1.2897,-0.95407,-0.49637,0.05843,0.6645,1.2605,1.7765,2.1435,2.3088,2.2406,1.9441,1.4923,1.0488,0.82658,0.93826,1.3125,1.803,2.3105,2.8085,3.296,3.7723,4.2158,4.5823,4.8142,4.854,4.6693,4.2614,3.6837,3.0428,2.4793,2.1256,2.052,2.2369,2.5893,3.0084,3.4086,3.74,3.9846
3.1408,3.0679,3.2623,3.5346,3.6834,3.684,3.52,3.1311,2.4921,1.6986,0.98004,0.58799,0.60124,0.8741,1.1885,1.3746,1.3381,1.0575,0.58392,0.03999,-0.42401,-0.73444,-0.9599,-1.2408,-1.6784,-2.2752,-2.9119,-3.3454,-3.3133,-2.7733,-1.9527,-1.1248,-0.46244,-0.04818,0.083046,-0.061192,-0.41398,-0.84466,-1.2154,-1.4448,-1.5209,-1.4576,-1.2624,-0.93623,-0.4853,0.062821,0.65942,1.2371,1.7217,2.0503,2.173,2.0666,1.7479,1.2993,0.89072,0.72872,0.90229,1.3246,1.8505,2.3894,2.9034,3.3932,3.8535,4.2603,4.5703,4.7306,4.6946,4.4348,3.9645,3.351,2.7136,2.1964,1.9199,1.9289,2.1792,2.5735,3.009,3.4105,3.7362,3.9735
3.105,2.9676,3.1516,3.4759,3.6972,3.7644,3.6572,3.316,2.7152,1.9471,1.2294,0.79695,0.73406,0.92741,1.1878,1.3594,1.3463,1.1192,0.71674,0.23907,-0.19248,-0.51874,-0.79069,-1.1141,-1.5599,-2.1104,-2.6427,-2.9448,-2.8297,-2.2951,-1.5316,-0.7594,-0.13144,0.26583,0.38643,0.2266,-0.15275,-0.62424,-1.0399,-1.3125,-1.424,-1.3896,-1.2168,-0.90589,-0.46874,0.063994,0.63452,1.172,1.6077,1.8832,1.9635,1.8375,1.5303,1.1273,0.78672,0.68616,0.89898,1.3461,1.8947,2.4507,2.9809,3.4694,3.9024,4.2547,4.4886,4.5608,4.4314,4.0856,3.5481,2.8985,2.2692,1.8116,1.6341,1.7501,2.0855,2.5292,2.9879,3.3941,3.7144,3.9422
3.0757,2.8866,3.0531,3.4066,3.6762,3.7928,3.7333,3.4388,2.8825,2.1524,1.4501,0.99059,0.85786,0.96926,1.169,1.3179,1.3202,1.1376,0.79557,0.37521,-0.02432,-0.35429,-0.6528,-0.99965,-1.4417,-1.9464,-2.3928,-2.6014,-2.4369,-1.9155,-1.1975,-0.46736,0.13748,0.52708,0.64737,0.48584,0.092367,-0.40944,-0.87195,-1.191,-1.3388,-1.325,-1.1649,-0.86709,-0.44651,0.062254,0.60226,1.104,1.5008,1.7406,1.7959,1.6657,1.3835,1.0329,0.75651,0.70571,0.93783,1.3824,1.9226,2.4745,2.997,3.4716,3.8814,4.1994,4.3877,4.4043,4.2149,3.8096,3.2226,2.5491,1.9356,1.5345,1.4353,1.6244,2.0112,2.4859,2.9549,3.3608,3.6765,3.8997
3.0349,2.7737,2.9035,3.2814,3.6064,3.7868,3.7969,3.5763,3.096,2.4332,1.764,1.2717,1.0368,1.0179,1.115,1.2184,1.2359,1.1149,0.85838,0.52022,0.17164,-0.1514,-0.4724,-0.84031,-1.2702,-1.7129,-2.0543,-2.1577,-1.9402,-1.4342,-0.76439,-0.079401,0.49872,0.88139,1.0085,0.85566,0.45796,-0.075588,-0.59674,-0.98448,-1.1892,-1.2125,-1.0757,-0.79972,-0.40775,0.059784,0.5483,0.99294,1.3329,1.5272,1.5587,1.4385,1.2076,0.94253,0.75854,0.76624,1.0054,1.4246,1.935,2.4655,2.9695,3.4223,3.7992,4.07,4.1985,4.1477,3.8897,3.4239,2.7969,2.1169,1.54,1.2137,1.2046,1.4718,1.9105,2.4106,2.8885,3.294,3.605,3.8219
2.993,2.6581,2.7363,3.1204,3.4894,3.7313,3.8149,3.6784,3.2867,2.7027,2.0747,1.5529,1.2142,1.0548,1.0309,1.0741,1.0993,1.0365,0.86398,0.6086,0.31615,0.011173,-0.31867,-0.69585,-1.1096,-1.4968,-1.7532,-1.7767,-1.5206,-1.024,-0.38581,0.27169,0.83852,1.2261,1.3695,1.2325,0.8397,0.28505,-0.28271,-0.7348,-0.99893,-1.0699,-0.96598,-0.71692,-0.36164,0.058543,0.48645,0.86383,1.1421,1.2893,1.301,1.1974,1.0219,0.84259,0.74193,0.79853,1.0419,1.4377,1.9185,2.4202,2.8998,3.3226,3.6605,3.8838,3.9596,3.8556,3.5492,3.0483,2.4081,1.747,1.2243,0.9747,1.0395,1.3584,1.823,2.3294,2.8042,3.2015,3.5028,3.7113
2.9615,2.5709,2.601,2.9778,3.3716,3.6571,3.7975,3.7281,3.4074,2.8859,2.2911,1.7515,1.3399,1.0764,0.95602,0.94489,0.9679,0.94321,0.82919,0.63318,0.38402,0.097856,-0.23161,-0.60979,-1.0107,-1.3631,-1.5697,-1.5475,-1.2695,-0.77476,-0.15072,0.49679,1.0652,1.4662,1.6282,1.51,1.1238,0.55751,-0.045012,-0.54118,-0.84743,-0.94705,-0.86656,-0.64512,-0.32453,0.048946,0.42537,0.75201,0.98488,1.097,1.089,0.98936,0.84764,0.72176,0.68472,0.78565,1.0395,1.42,1.8763,2.3564,2.8126,3.2121,3.5237,3.7164,3.7593,3.6244,3.2955,2.7855,2.1567,1.5303,1.0594,0.86246,0.96375,1.2974,1.7603,2.2572,2.7195,3.1075,3.4047,3.6138
2.9193,2.4558,2.4104,2.7607,3.1766,3.5157,3.7325,3.7553,3.531,3.0931,2.5445,1.9899,1.4951,1.1033,0.85389,0.75848,0.76379,0.77821,0.73404,0.61181,0.41925,0.16282,-0.15803,-0.53167,-0.91686,-1.234,-1.3925,-1.3257,-1.0225,-0.5208,0.10111,0.74786,1.3241,1.7433,1.9315,1.8418,1.4733,0.90262,0.26571,-0.28406,-0.64678,-0.79285,-0.75105,-0.56981,-0.29819,0.015339,0.32275,0.57878,0.7484,0.81205,0.77922,0.6818,0.56874,0.49673,0.51807,0.6666,0.94675,1.3322,1.7783,2.2373,2.6683,3.0356,3.3091,3.4615,3.4678,3.3071,2.9696,2.4749,1.8878,1.3249,0.92404,0.78193,0.90871,1.2401,1.6839,2.1562,2.5964,2.9661,3.2497,3.4506
2.8758,2.3423,2.2108,2.5166,2.9415,3.3282,3.6195,3.7336,3.6044,3.2486,2.7493,2.1923,1.6376,1.1402,0.76975,0.58114,0.54957,0.58276,0.59276,0.53445,0.39449,0.17011,-0.1356,-0.50033,-0.87026,-1.162,-1.2879,-1.1908,-0.86309,-0.34652,0.28442,0.93816,1.523,1.9575,2.1701,2.1076,1.7629,1.1966,0.54223,-0.05222,-0.47047,-0.67716,-0.68889,-0.55478,-0.33235,-0.070573,0.18033,0.37743,0.49094,0.50555,0.43534,0.31892,0.21179,0.16996,0.24395,0.44936,0.77381,1.1826,1.6317,2.0799,2.4859,2.8208,3.0593,3.1796,3.1626,2.9938,2.6694,2.2123,1.6841,1.1919,0.85489,0.74948,0.87781,1.1839,1.5914,2.0297,2.4425,2.7956,3.072,3.272
2.8415,2.2586,2.0576,2.3197,2.7423,3.1588,3.5031,3.6832,3.6229,3.3276,2.8681,2.3195,1.7377,1.1807,0.73215,0.47225,0.40078,0.4317,0.46675,0.44532,0.34,0.13994,-0.15102,-0.50511,-0.86165,-1.137,-1.2449,-1.1321,-0.79085,-0.26466,0.37231,1.0319,1.6264,2.0753,2.3059,2.2604,1.9271,1.3622,0.69329,0.070325,-0.38814,-0.63508,-0.68536,-0.58826,-0.40132,-0.17743,0.035592,0.19704,0.27667,0.26289,0.16726,0.029472,-0.088596,-0.12098,-0.017735,0.23083,0.59677,1.0338,1.4945,1.9377,2.3303,2.6452,2.8603,2.9583,2.9264,2.7566,2.4497,2.03,1.5558,1.12,0.82313,0.73038,0.84659,1.1269,1.5052,1.9179,2.3112,2.6513,2.9216,3.1221
2.7929,2.1487,1.852,2.0441,2.4508,2.8981,3.3061,3.5683,3.5954,3.3792,2.9773,2.455,1.8618,1.2547,0.72751,0.38047,0.24317,0.24654,0.28935,0.29592,0.22349,0.053212,-0.21194,-0.54241,-0.87625,-1.1303,-1.2205,-1.0931,-0.74333,-0.21079,0.43031,1.0949,1.6994,2.1631,2.411,2.3838,2.0622,1.4986,0.81038,0.14988,-0.36216,-0.66342,-0.76506,-0.71445,-0.56777,-0.38335,-0.20822,-0.081488,-0.032104,-0.072229,-0.19001,-0.34799,-0.48198,-0.5111,-0.38041,-0.082762,0.33703,0.81372,1.2908,1.729,2.1013,2.3874,2.5729,2.6476,2.6054,2.4438,2.1674,1.7998,1.3902,1.0169,0.76266,0.68104,0.77811,1.0217,1.3611,1.7411,2.1154,2.4483,2.7184,2.9212
2.7531,2.0677,1.6989,1.8315,2.2174,2.6791,3.1277,3.4457,3.5342,3.3762,3.0215,2.5298,1.9462,1.3255,0.76247,0.36328,0.17204,0.13708,0.16364,0.17117,0.11017,-0.042115,-0.28527,-0.59179,-0.904,-1.1404,-1.2196,-1.0864,-0.73496,-0.2025,0.43837,1.102,1.7052,2.17,2.4225,2.4046,2.0927,1.5314,0.83206,0.1418,-0.41034,-0.75808,-0.89953,-0.87848,-0.75579,-0.58762,-0.42366,-0.3046,-0.26011,-0.30523,-0.43338,-0.60508,-0.7476,-0.77327,-0.61814,-0.28571,0.16299,0.6541,1.1314,1.5595,1.9139,2.1799,2.3461,2.4059,2.3573,2.2028,1.9509,1.6221,1.2586,0.92582,0.69528,0.61641,0.6998,0.92101,1.236,1.5953,1.9552,2.2805,2.5514,2.763
2.6938,1.9604,1.4999,1.5479,1.893,2.3604,2.8505,3.2335,3.3974,3.3154,3.0293,2.5912,2.0418,1.4328,0.85203,0.40254,0.14042,0.037164,0.015197,0.00016097,-0.059869,-0.19456,-0.40979,-0.68151,-0.96065,-1.1707,-1.2351,-1.0986,-0.74973,-0.22512,0.40532,1.0566,1.6463,2.1013,2.3513,2.335,2.0265,1.4617,0.74741,0.02516,-0.57249,-0.96867,-1.151,-1.1593,-1.0563,-0.90121,-0.7446,-0.624,-0.56665,-0.58992,-0.69109,-0.83881,-0.96494,-0.97826,-0.81206,-0.46904,-0.016766,0.46556,0.92252,1.324,1.6498,1.888,2.0294,2.0703,2.0134,1.8673,1.6452,1.3645,1.0582,0.77735,0.57983,0.50862,0.57659,0.7684,1.0517,1.3876,1.7336,2.0575,2.3362,2.5597
2.6263,1.8533,1.3105,1.2722,1.5632,2.0175,2.5321,2.9671,3.1988,3.1912,2.9791,2.6071,2.1128,1.544,0.97464,0.49645,0.16893,-0.014203,-0.10371,-0.1596,-0.23388,-0.36212,-0.55588,-0.79851,-1.0432,-1.2234,-1.2695,-1.1303,-0.79169,-0.28833,0.31525,0.93945,1.5068,1.9461,2.1853,2.1607,1.8422,1.2643,0.53102,-0.21388,-0.83705,-1.2563,-1.459,-1.4833,-1.3896,-1.2363,-1.0704,-0.92746,-0.83249,-0.80199,-0.83835,-0.91799,-0.98639,-0.96887,-0.80981,-0.50827,-0.1156,0.30575,0.70995,1.0666,1.3603,1.5739,1.6955,1.721,1.6573,1.5198,1.3273,1.0964,0.85191,0.62642,0.4611,0.3933,0.44293,0.60734,0.86479,1.1794,1.5177,1.8427,2.1287,2.3642
2.5694,1.7731,1.1767,1.0755,1.3182,1.7494,2.2692,2.7332,3.01,3.0576,2.9032,2.587,2.1444,1.6176,1.0715,0.58455,0.21444,-0.028485,-0.174,-0.27017,-0.36618,-0.49934,-0.68399,-0.90604,-1.1231,-1.2765,-1.3054,-1.1647,-0.84094,-0.36237,0.21231,0.80896,1.3537,1.7744,1.9982,1.9593,1.6271,1.0358,0.29088,-0.46149,-1.0871,-1.5025,-1.6999,-1.7208,-1.6235,-1.4695,-1.2962,-1.1311,-0.99761,-0.90604,-0.86742,-0.87128,-0.88024,-0.8373,-0.69734,-0.45218,-0.13464,0.2108,0.54981,0.86076,1.1203,1.3124,1.4227,1.4454,1.3872,1.2648,1.1003,0.90839,0.70593,0.51875,0.38109,0.32456,0.3673,0.51104,0.74321,1.0409,1.3667,1.6891,1.9806,2.2266
2.4844,1.6662,1.0114,0.83284,1.0019,1.3837,1.8908,2.3791,2.7089,2.8274,2.7511,2.5146,2.1475,1.6858,1.1818,0.69747,0.28596,-0.027337,-0.24909,-0.40921,-0.54793,-0.70058,-0.88245,-1.0806,-1.2606,-1.3745,-1.3761,-1.2314,-0.93191,-0.49406,0.032714,0.58341,1.09,1.4775,1.6704,1.6031,1.2451,0.63575,-0.11726,-0.86202,-1.4625,-1.8423,-1.9998,-1.987,-1.8718,-1.7069,-1.5244,-1.3354,-1.1448,-0.9688,-0.82162,-0.71203,-0.631,-0.55521,-0.45423,-0.31428,-0.13474,0.077502,0.31161,0.549,0.7685,0.94153,1.0447,1.0684,1.0217,0.92796,0.81008,0.68533,0.55836,0.43464,0.33125,0.2755,0.29478,0.40609,0.6091,0.88004,1.1966,1.5171,1.8096,2.0571
2.4138,1.5858,0.89825,0.66793,0.77684,1.1077,1.5905,2.0851,2.4488,2.6173,2.6005,2.425,2.1156,1.7049,1.2365,0.76238,0.33138,-0.025556,-0.30212,-0.51452,-0.69257,-0.86606,-1.0501,-1.2349,-1.3912,-1.4775,-1.4563,-1.3039,-1.0167,-0.60869,-0.123,0.38653,0.85307,1.2059,1.3676,1.2739,0.89494,0.27343,-0.47381,-1.1912,-1.7438,-2.0685,-2.1776,-2.1321,-2.0022,-1.8328,-1.6454,-1.4389,-1.208,-0.96657,-0.7381,-0.54831,-0.41008,-0.31894,-0.25833,-0.20551,-0.13707,-0.034996,0.10765,0.28358,0.46765,0.62857,0.73786,0.78078,0.76233,0.7041,0.63287,0.55966,0.48253,0.40015,0.32398,0.27753,0.28705,0.37256,0.54184,0.79062,1.0839,1.3919,1.6841,1.9404
2.3098,1.4778,0.76182,0.47233,0.49758,0.74517,1.1741,1.6626,2.0611,2.2928,2.3521,2.256,2.022,1.6764,1.2562,0.80301,0.35885,-0.043974,-0.38789,-0.6708,-0.90522,-1.1117,-1.3042,-1.4773,-1.6059,-1.6564,-1.6035,-1.4359,-1.1565,-0.78522,-0.35103,0.099549,0.50589,0.80134,0.9124,0.77384,0.36323,-0.26891,-0.99069,-1.6396,-2.0896,-2.3042,-2.3266,-2.233,-2.0885,-1.9279,-1.7483,-1.5286,-1.2544,-0.9352,-0.61441,-0.33923,-0.14427,-0.045356,-0.038514,-0.097152,-0.17802,-0.23104,-0.21786,-0.12746,0.017415,0.17737,0.31128,0.39442,0.42709,0.43098,0.43243,0.44009,0.44103,0.41749,0.36817,0.31499,0.29434,0.34185,0.47784,0.69448,0.97408,1.2745,1.5586,1.8033
2.1944,1.3674,0.6399,0.30409,0.24587,0.3943,0.74901,1.2117,1.6338,1.9212,2.0508,2.028,1.8636,1.5779,1.2027,0.77557,0.32956,-0.10632,-0.5066,-0.85413,-1.1465,-1.3937,-1.6043,-1.7715,-1.8699,-1.8748,-1.7772,-1.5851,-1.3142,-0.98233,-0.60498,-0.21697,0.13108,0.37034,0.42707,0.24052,-0.20159,-0.83061,-1.5007,-2.0465,-2.3649,-2.4555,-2.3885,-2.2495,-2.0982,-1.9561,-1.8027,-1.5945,-1.2995,-0.92984,-0.53872,-0.19564,0.041886,0.13996,0.094386,-0.068839,-0.29031,-0.49258,-0.60652,-0.59861,-0.48341,-0.30963,-0.13307,0.0090919,0.1108,0.19198,0.27587,0.36453,0.43336,0.45424,0.42271,0.36423,0.32177,0.3381,0.44035,0.63112,0.88586,1.1674,1.4385,1.6744
2.1004,1.2827,0.55626,0.19387,0.075013,0.14339,0.43023,0.86273,1.293,1.6145,1.7916,1.8192,1.7011,1.4558,1.1125,0.70467,0.26024,-0.19285,-0.6262,-1.0159,-1.3504,-1.6308,-1.859,-2.0229,-2.0956,-2.0587,-1.9167,-1.6981,-1.43,-1.1271,-0.79744,-0.45891,-0.15782,0.039374,0.05684,-0.16144,-0.61788,-1.2288,-1.8374,-2.2865,-2.501,-2.5082,-2.3918,-2.2353,-2.092,-1.9707,-1.8415,-1.6487,-1.3488,-0.95585,-0.52994,-0.15315,0.1048,0.19935,0.1202,-0.10929,-0.42404,-0.73008,-0.93433,-0.98384,-0.88446,-0.69185,-0.47386,-0.27728,-0.1141,0.031366,0.17752,0.32169,0.43256,0.47813,0.45329,0.38647,0.32677,0.32395,0.41009,0.58758,0.83308,1.1059,1.3667,1.5901
1.9651,1.1665,0.45204,0.0636,-0.13134,-0.17051,0.014587,0.39296,0.82081,1.1764,1.4073,1.4929,1.4292,1.232,0.92698,0.54239,0.10292,-0.36532,-0.832,-1.2675,-1.6515,-1.9743,-2.2251,-2.3802,-2.4134,-2.3158,-2.1125,-1.8546,-1.5824,-1.3104,-1.0375,-0.76468,-0.52759,-0.3863,-0.4149,-0.66042,-1.1119,-1.6673,-2.1691,-2.483,-2.5757,-2.504,-2.3574,-2.2086,-2.0964,-2.0171,-1.9266,-1.7591,-1.4666,-1.0556,-0.59953,-0.19214,0.084987,0.17675,0.060338,-0.24166,-0.65941,-1.0832,-1.3936,-1.5088,-1.4241,-1.1993,-0.91787,-0.64224,-0.39511,-0.1674,0.054849,0.25793,0.40759,0.47118,0.44755,0.3717,0.29918,0.2845,0.36172,0.53195,0.77108,1.034,1.2797,1.4822
1.819,1.0459,0.35231,-0.052551,-0.31504,-0.45972,-0.38131,-0.07127,0.33911,0.71539,0.98671,1.1204,1.1052,0.94967,0.67752,0.31401,-0.11895,-0.5952,-1.0819,-1.5472,-1.9679,-2.3253,-2.5942,-2.7389,-2.7291,-2.5693,-2.3086,-2.0106,-1.7274,-1.4771,-1.2478,-1.0355,-0.85809,-0.76943,-0.83012,-1.0775,-1.4839,-1.9441,-2.3189,-2.5157,-2.5327,-2.4343,-2.2963,-2.1794,-2.113,-2.0876,-2.0553,-1.9384,-1.6721,-1.2631,-0.78354,-0.34244,-0.03828,0.059108,-0.078191,-0.43382,-0.93288,-1.4497,-1.8404,-2.0013,-1.9189,-1.6613,-1.323,-0.97514,-0.64895,-0.34652,-0.065509,0.17744,0.34571,0.41269,0.38429,0.30139,0.22403,0.20878,0.28857,0.46459,0.70135,0.95685,1.1916,1.3809
1.7027,0.95149,0.27848,-0.13426,-0.44168,-0.66005,-0.66159,-0.40825,-0.018646,0.36301,0.65559,0.81981,0.83705,0.71071,0.46239,0.11297,-0.31507,-0.79304,-1.286,-1.7625,-2.1998,-2.5765,-2.8575,-2.9958,-2.9552,-2.7481,-2.4398,-2.108,-1.8147,-1.579,-1.3839,-1.2148,-1.078,-1.0176,-1.0852,-1.3111,-1.6591,-2.0306,-2.3077,-2.4338,-2.4244,-2.3399,-2.2398,-2.1697,-2.1518,-2.1729,-2.184,-2.1051,-1.8663,-1.4644,-0.97464,-0.51333,-0.18888,-0.079412,-0.22264,-0.60168,-1.1388,-1.7007,-2.1307,-2.311,-2.2247,-1.9421,-1.566,-1.1758,-0.80781,-0.4672,-0.15577,0.10507,0.27842,0.33933,0.29966,0.20799,0.13006,0.1236,0.21795,0.40309,0.65074,0.90917,1.137,1.3098
1.5389,0.82057,0.17831,-0.24035,-0.60029,-0.90744,-1.0093,-0.8329,-0.47911,-0.10147,0.20789,0.40316,0.4588,0.37144,0.15443,-0.17611,-0.5953,-1.0688,-1.5579,-2.033,-2.4768,-2.8689,-3.1649,-3.2997,-3.2254,-2.9598,-2.5844,-2.2059,-1.8962,-1.6781,-1.531,-1.4162,-1.3256,-1.2831,-1.3339,-1.4976,-1.7421,-1.9856,-2.1515,-2.2162,-2.2078,-2.1686,-2.1405,-2.1514,-2.2105,-2.3062,-2.3847,-2.3646,-2.1717,-1.789,-1.2909,-0.79925,-0.4363,-0.29673,-0.42714,-0.8169,-1.3821,-1.9736,-2.4189,-2.5973,-2.4932,-2.1874,-1.784,-1.3603,-0.95581,-0.58463,-0.25634,0.0022945,0.16158,0.20682,0.15699,0.063232,-0.0089124,-0.0035914,0.10516,0.3103,0.56206,0.81862,1.0417,1.2092
1.4096,0.71823,0.10158,-0.31995,-0.7141,-1.0799,-1.2496,-1.1264,-0.80118,-0.43229,-0.11866,0.092603,0.17414,0.11562,-0.077426,-0.3918,-0.80115,-1.2649,-1.7411,-2.2035,-2.6412,-3.037,-3.3418,-3.4774,-3.3852,-3.0854,-2.6719,-2.2652,-1.9447,-1.7351,-1.6133,-1.5299,-1.4642,-1.4259,-1.4511,-1.5516,-1.7041,-1.8508,-1.9508,-1.9979,-2.012,-2.0232,-2.053,-2.1217,-2.24,-2.391,-2.5285,-2.567,-2.4176,-2.0581,-1.554,-1.036,-0.63928,-0.46965,-0.57951,-0.95758,-1.5158,-2.0992,-2.5313,-2.6914,-2.575,-2.2612,-1.8508,-1.4187,-1.0049,-0.62735,-0.30112,-0.052945,0.086587,0.10727,0.035413,-0.07013,-0.13925,-0.11739,0.014435,0.23188,0.50118,0.76544,0.98542,1.141
1.2293,0.57682,-0.0036258,-0.42719,-0.86152,-1.2938,-1.5387,-1.4752,-1.1828,-0.82879,-0.5177,-0.29314,-0.18277,-0.20446,-0.36467,-0.65375,-1.0434,-1.4855,-1.9331,-2.3648,-2.7826,-3.177,-3.4927,-3.634,-3.5306,-3.2027,-2.7606,-2.3286,-1.9959,-1.7913,-1.6844,-1.6264,-1.5765,-1.5341,-1.514,-1.5304,-1.5669,-1.6046,-1.6341,-1.6671,-1.7177,-1.7948,-1.9076,-2.063,-2.262,-2.4905,-2.6997,-2.8076,-2.7234,-2.4015,-1.897,-1.3439,-0.89534,-0.67228,-0.74091,-1.0882,-1.6168,-2.1616,-2.546,-2.6663,-2.5252,-2.2083,-1.8085,-1.3905,-0.99036,-0.62894,-0.32653,-0.11195,-0.0066709,-0.013659,-0.10292,-0.21573,-0.28398,-0.25554,-0.11391,0.12321,0.39667,0.66267,0.88458,1.0438
1.0414,0.43005,-0.11213,-0.53653,-1.0042,-1.4878,-1.7897,-1.7674,-1.4961,-1.1537,-0.84822,-0.61669,-0.48318,-0.47103,-0.59834,-0.85901,-1.2227,-1.6341,-2.0432,-2.4362,-2.8294,-3.2226,-3.556,-3.7183,-3.6208,-3.279,-2.8119,-2.3562,-2.0103,-1.8058,-1.7118,-1.6704,-1.6259,-1.562,-1.486,-1.4133,-1.3525,-1.3112,-1.3061,-1.3458,-1.4356,-1.5708,-1.7511,-1.9763,-2.2422,-2.534,-2.8067,-2.9823,-2.9658,-2.6934,-2.2006,-1.6185,-1.1147,-0.82966,-0.83832,-1.1284,-1.5992,-2.0841,-2.4141,-2.4937,-2.3443,-2.0397,-1.6594,-1.2607,-0.88083,-0.54558,-0.27845,-0.105,-0.045492,-0.096456,-0.22122,-0.35575,-0.42976,-0.39335,-0.23617,0.0091442,0.29842,0.57462,0.80057,0.96014
0.89634,0.31699,-0.19508,-0.61895,-1.1076,-1.6199,-1.9515,-1.948,-1.6824,-1.3427,-1.0395,-0.80326,-0.65354,-0.61777,-0.72052,-0.95968,-1.3029,-1.6897,-2.0696,-2.4359,-2.8145,-3.2106,-3.5627,-3.7491,-3.6645,-3.3178,-2.8311,-2.3561,-1.9965,-1.7865,-1.6982,-1.6629,-1.6217,-1.5406,-1.4262,-1.2923,-1.1707,-1.0899,-1.0727,-1.1271,-1.246,-1.4218,-1.643,-1.9052,-2.2061,-2.529,-2.8395,-3.0626,-3.0959,-2.8622,-2.3757,-1.7692,-1.2233,-0.88772,-0.84918,-1.0938,-1.5184,-1.9568,-2.2464,-2.304,-2.1483,-1.8544,-1.4954,-1.1229,-0.77053,-0.46388,-0.22679,-0.088663,-0.060636,-0.13471,-0.274,-0.41819,-0.50096,-0.47336,-0.32293,-0.074617,0.21269,0.49262,0.72724,0.89819
0.69975,0.16322,-0.30752,-0.72936,-1.2384,-1.7767,-2.1318,-2.1387,-1.8677,-1.5221,-1.2156,-0.96975,-0.79794,-0.73115,-0.80034,-1.0116,-1.3295,-1.6883,-2.0383,-2.3817,-2.7531,-3.1611,-3.5414,-3.7597,-3.6959,-3.3465,-2.8406,-2.341,-1.9608,-1.7358,-1.6361,-1.5922,-1.5394,-1.4393,-1.2894,-1.1135,-0.95099,-0.8458,-0.82233,-0.88961,-1.0376,-1.2523,-1.5187,-1.8247,-2.1607,-2.5098,-2.8393,-3.0888,-3.1637,-2.9775,-2.5169,-1.8916,-1.2894,-0.88592,-0.77153,-0.94769,-1.3144,-1.7068,-1.9658,-2.013,-1.8664,-1.5939,-1.2632,-0.92157,-0.60066,-0.32647,-0.12549,-0.022212,-0.033047,-0.14772,-0.32387,-0.49542,-0.5936,-0.57182,-0.4226,-0.17861,0.11236,0.39553,0.63481,0.81518
0.50081,0.0070382,-0.42253,-0.83859,-1.3586,-1.9068,-2.2684,-2.2738,-1.9906,-1.6307,-1.3133,-1.0534,-0.85837,-0.76,-0.79571,-0.97817,-1.2717,-1.6098,-1.9456,-2.2854,-2.6666,-3.0982,-3.5133,-3.7682,-3.7255,-3.3706,-2.8393,-2.3073,-1.8968,-1.648,-1.5275,-1.4682,-1.3994,-1.2845,-1.1177,-0.9305,-0.7635,-0.66226,-0.65347,-0.74155,-0.9154,-1.155,-1.4443,-1.7696,-2.1185,-2.476,-2.811,-3.0655,-3.153,-2.9777,-2.5199,-1.8819,-1.2476,-0.79049,-0.616,-0.72509,-1.0283,-1.3765,-1.6221,-1.6843,-1.5702,-1.336,-1.043,-0.73698,-0.45013,-0.20933,-0.040686,0.030674,-0.007606,-0.14394,-0.33774,-0.52697,-0.64578,-0.64648,-0.51716,-0.28343,0.0020084,0.28776,0.53693,0.73388
