1.2065,0.86067,0.67896,0.67901,0.76322,0.81748,0.75203,0.55472,0.30037,0.082512,-0.039198,-0.05099,0.016371,0.097864,0.11171,-0.0067819,-0.26273,-0.57817,-0.82038,-0.87422,-0.72121,-0.45135,-0.18847,-0.019259,0.015483,-0.090466,-0.30961,-0.56608,-0.76722,-0.8656,-0.87634,-0.84514,-0.81189,-0.79456,-0.79139,-0.78278,-0.74033,-0.64492,-0.49674,-0.32001,-0.14818,-0.014422,0.066199,0.1012,0.11684,0.14631,0.2052,0.28656,0.36959,0.43216,0.47393,0.50594,0.54126,0.58679,0.64991,0.73492,0.8536,1.0124,1.2029,1.4047,1.5912,1.7336,1.8032,1.7736,1.6307,1.3867,1.0899,0.8237,0.65998,0.62497,0.6858,0.77808,0.84251,0.84457,0.77704,0.6524,0.50017,0.34582,0.21075,0.10753
1.0615,0.7738,0.66068,0.72254,0.85178,0.92105,0.83506,0.59059,0.28368,0.030769,-0.099451,-0.098926,-0.0082884,0.097052,0.12653,0.010349,-0.25631,-0.58779,-0.8389,-0.88529,-0.70863,-0.40728,-0.11526,0.073907,0.11711,0.0086688,-0.21911,-0.48168,-0.67844,-0.76069,-0.75005,-0.70265,-0.66364,-0.65691,-0.67733,-0.69709,-0.67201,-0.57268,-0.40386,-0.19781,0.0011553,0.15768,0.2532,0.2949,0.31013,0.32684,0.36009,0.40118,0.42719,0.42205,0.384,0.32767,0.27476,0.2472,0.2664,0.34843,0.4941,0.68586,0.89759,1.1061,1.2907,1.4335,1.5138,1.5119,1.4183,1.246,1.0379,0.8524,0.74281,0.72554,0.77487,0.84214,0.88122,0.86411,0.785,0.65821,0.50121,0.34264,0.2028,0.093145
0.86846,0.65549,0.62823,0.76386,0.94254,1.0266,0.9167,0.62178,0.26093,-0.026263,-0.16365,-0.15011,-0.038232,0.085289,0.12171,-0.002297,-0.28591,-0.63068,-0.87788,-0.89772,-0.68075,-0.34091,-0.021392,0.18173,0.22856,0.11676,-0.1132,-0.36903,-0.54755,-0.60241,-0.56487,-0.49747,-0.45108,-0.45536,-0.50659,-0.56567,-0.57261,-0.48392,-0.30427,-0.075477,0.15007,0.33032,0.44681,0.50433,0.52336,0.52752,0.52534,0.50875,0.46107,0.36979,0.23842,0.084035,-0.065693,-0.17358,-0.1963,-0.10631,0.081606,0.31629,0.54813,0.75141,0.91725,1.0415,1.1176,1.1385,1.103,1.0234,0.92653,0.84651,0.807,0.81175,0.84418,0.87642,0.88103,0.83998,0.74902,0.61645,0.46148,0.3045,0.16274,0.047113
0.72702,0.56677,0.59736,0.78107,0.98907,1.0789,0.95318,0.63007,0.24285,-0.058786,-0.19665,-0.17502,-0.054606,0.072338,0.10362,-0.033621,-0.33198,-0.68202,-0.91596,-0.90623,-0.65667,-0.29289,0.03856,0.24419,0.28708,0.17175,-0.053416,-0.29303,-0.44601,-0.47418,-0.41667,-0.33718,-0.2905,-0.30539,-0.3794,-0.46837,-0.50457,-0.43616,-0.26061,-0.024174,0.21625,0.41336,0.5459,0.61586,0.63917,0.63496,0.60934,0.55501,0.45986,0.31464,0.12688,-0.083828,-0.28634,-0.43613,-0.47515,-0.37318,-0.15741,0.099443,0.33432,0.52017,0.65928,0.75777,0.82024,0.84927,0.8494,0.83067,0.80768,0.79571,0.80186,0.82349,0.84901,0.86144,0.84382,0.78489,0.68318,0.54801,0.39421,0.24127,0.10446,-0.00691
0.54693,0.45074,0.54861,0.78367,1.0196,1.1101,0.96388,0.61633,0.21362,-0.089569,-0.2184,-0.18736,-0.0641,0.054803,0.067399,-0.094871,-0.41383,-0.76399,-0.96785,-0.90949,-0.61801,-0.23358,0.099117,0.2943,0.32457,0.20416,-0.0083698,-0.21391,-0.3193,-0.30564,-0.22066,-0.12992,-0.086664,-0.11762,-0.22006,-0.35032,-0.43424,-0.40484,-0.25267,-0.017495,0.23654,0.45729,0.61352,0.69992,0.72873,0.71408,0.66343,0.57301,0.43387,0.24469,0.01142,-0.24767,-0.49888,-0.68458,-0.73747,-0.61629,-0.36828,-0.096473,0.12205,0.26775,0.35232,0.39967,0.43055,0.45967,0.49625,0.5443,0.60258,0.6643,0.71961,0.76054,0.78082,0.77424,0.7345,0.65787,0.54672,0.41149,0.26508,0.12433,0.0017742,-0.09572
0.38164,0.33895,0.49119,0.76319,1.013,1.0944,0.92932,0.57144,0.17603,-0.10682,-0.21558,-0.17458,-0.057141,0.042031,0.025885,-0.16618,-0.50228,-0.84079,-1.0022,-0.89276,-0.56952,-0.18206,0.13371,0.30512,0.31712,0.19479,0.0043017,-0.15509,-0.20784,-0.15328,-0.046286,0.049624,0.086416,0.037978,-0.093652,-0.26419,-0.39334,-0.4063,-0.28112,-0.057938,0.19899,0.43112,0.60407,0.70695,0.74504,0.72874,0.66439,0.55243,0.39172,0.1846,-0.060308,-0.32642,-0.58253,-0.77275,-0.82476,-0.70351,-0.46441,-0.21679,-0.03823,0.053683,0.080688,0.075577,0.069319,0.086328,0.14108,0.23403,0.35034,0.46613,0.5594,0.61666,0.63425,0.61401,0.55892,0.47238,0.36019,0.23231,0.10227,-0.018542,-0.12078,-0.19949
0.2692,0.25887,0.44243,0.73225,0.98398,1.0528,0.87399,0.51701,0.14187,-0.11255,-0.19852,-0.14962,-0.040147,0.039202,-0.0022316,-0.21609,-0.55889,-0.87985,-1.004,-0.85983,-0.52458,-0.14853,0.14328,0.28979,0.28521,0.16411,-0.0018926,-0.12001,-0.13275,-0.052056,0.065824,0.16099,0.1906,0.12809,-0.023181,-0.22108,-0.38095,-0.42502,-0.32326,-0.11475,0.13776,0.37371,0.55618,0.67034,0.71645,0.70212,0.6342,0.51723,0.35565,0.15564,-0.074879,-0.32308,-0.56245,-0.74329,-0.79504,-0.6876,-0.47643,-0.26635,-0.13025,-0.082084,-0.10028,-0.14597,-0.18136,-0.17539,-0.11171,0.0046123,0.14955,0.28902,0.39758,0.46196,0.47997,0.45552,0.39484,0.30538,0.1963,0.078207,-0.03693,-0.13883,-0.22095,-0.2806
0.137,0.15885,0.36954,0.67008,0.91298,0.95871,0.76305,0.41926,0.087536,-0.114,-0.16187,-0.10117,-0.0038725,0.04716,-0.026578,-0.26248,-0.60193,-0.88761,-0.96082,-0.78224,-0.44855,-0.10468,0.14176,0.24637,0.21768,0.10182,-0.02307,-0.081021,-0.041548,0.066157,0.1864,0.27091,0.2846,0.20571,0.036345,-0.18311,-0.37467,-0.45631,-0.39622,-0.21756,0.021037,0.26024,0.45585,0.58425,0.63992,0.62938,0.56145,0.44853,0.3034,0.13471,-0.051952,-0.25289,-0.45292,-0.61053,-0.67231,-0.60596,-0.45407,-0.307,-0.23128,-0.24073,-0.31115,-0.40354,-0.47344,-0.48284,-0.41378,-0.27802,-0.1116,0.044108,0.15982,0.22368,0.23729,0.20892,0.14837,0.065034,-0.031768,-0.13233,-0.22328,-0.2991,-0.35453,-0.38783
0.051676,0.088672,0.30912,0.60795,0.83582,0.86005,0.65388,0.32808,0.040314,-0.11296,-0.12831,-0.057062,0.031669,0.063671,-0.028934,-0.27199,-0.59777,-0.85027,-0.88868,-0.69646,-0.37778,-0.068282,0.13821,0.20946,0.16295,0.05348,-0.039721,-0.054901,0.018181,0.1388,0.25349,0.32432,0.32226,0.23147,0.053066,-0.17307,-0.37631,-0.47849,-0.4448,-0.29099,-0.068327,0.16486,0.3617,0.49487,0.55572,0.54903,0.48694,0.38537,0.26103,0.12355,-0.024615,-0.18405,-0.34588,-0.48254,-0.54566,-0.51336,-0.4193,-0.33394,-0.30953,-0.35632,-0.45597,-0.56891,-0.65201,-0.667,-0.59623,-0.45473,-0.28464,-0.12958,-0.017462,0.042726,0.054417,0.025768,-0.033957,-0.11449,-0.20413,-0.29042,-0.36472,-0.41863,-0.44988,-0.4601
-0.044117,0.0014639,0.22046,0.50476,0.70278,0.6941,0.47853,0.18822,-0.028618,-0.11066,-0.080706,0.0044559,0.084123,0.097507,-0.0085983,-0.24492,-0.53598,-0.73651,-0.73499,-0.54066,-0.25843,-0.0056029,0.14372,0.17136,0.10474,0.006533,-0.050669,-0.020116,0.082453,0.20805,0.31105,0.36162,0.34007,0.23433,0.049216,-0.17935,-0.38548,-0.50236,-0.49464,-0.3743,-0.18098,0.034976,0.22712,0.36301,0.42794,0.42377,0.36674,0.28048,0.18622,0.095597,0.0034673,-0.10048,-0.21751,-0.32776,-0.40442,-0.42358,-0.40059,-0.38179,-0.40745,-0.48933,-0.61,-0.73841,-0.83025,-0.84473,-0.76678,-0.62018,-0.45416,-0.3127,-0.21957,-0.17617,-0.17415,-0.20419,-0.25801,-0.32695,-0.40086,-0.46961,-0.52042,-0.54965,-0.55626,-0.54307
-0.12127,-0.079205,0.1235,0.37929,0.53766,0.49325,0.27553,0.034465,-0.10029,-0.10772,-0.034946,0.062598,0.13637,0.14015,0.036316,-0.17345,-0.4123,-0.55489,-0.52241,-0.34169,-0.10942,0.077854,0.1664,0.15334,0.073354,-0.0096034,-0.032692,0.027801,0.14139,0.25637,0.3385,0.36558,0.32466,0.2081,0.025382,-0.19254,-0.38809,-0.50771,-0.52266,-0.43748,-0.27886,-0.085767,0.096702,0.22982,0.2933,0.28708,0.2306,0.15436,0.084781,0.029061,-0.021577,-0.08214,-0.15904,-0.24643,-0.32164,-0.37423,-0.41037,-0.45188,-0.51906,-0.61837,-0.74001,-0.85562,-0.92921,-0.92832,-0.84391,-0.70179,-0.5489,-0.42952,-0.35959,-0.33543,-0.34564,-0.38052,-0.43308,-0.49585,-0.55874,-0.61203,-0.64468,-0.65146,-0.63378,-0.59794
-0.16895,-0.13597,0.046201,0.27218,0.39493,0.323,0.11032,-0.084756,-0.15255,-0.10569,-0.0052229,0.099104,0.16977,0.17226,0.080319,-0.097149,-0.28762,-0.38606,-0.33626,-0.17236,0.018716,0.15687,0.20267,0.16241,0.076561,0.0065892,0.0042007,0.075878,0.1839,0.28114,0.34065,0.34806,0.29465,0.17603,0.00089674,-0.20158,-0.38376,-0.49933,-0.52627,-0.46386,-0.33087,-0.1601,0.006417,0.12922,0.18585,0.17511,0.11832,0.047492,-0.011362,-0.048753,-0.078505,-0.11842,-0.17753,-0.25128,-0.32923,-0.39751,-0.45587,-0.51633,-0.59264,-0.68927,-0.79825,-0.89841,-0.95674,-0.94296,-0.85085,-0.70965,-0.56998,-0.46859,-0.42105,-0.41803,-0.4424,-0.4813,-0.52875,-0.58156,-0.63448,-0.67656,-0.70084,-0.70134,-0.67622,-0.62946
-0.22172,-0.20648,-0.060121,0.11489,0.18401,0.076894,-0.12049,-0.24135,-0.21633,-0.10197,0.028429,0.13672,0.2033,0.2101,0.14542,0.02464,-0.093102,-0.13462,-0.070623,0.063428,0.19899,0.27767,0.27601,0.20887,0.12051,0.065356,0.077363,0.14789,0.2336,0.29942,0.32739,0.31166,0.24705,0.13004,-0.03223,-0.21344,-0.374,-0.47928,-0.51166,-0.47222,-0.3724,-0.23547,-0.096726,0.0064479,0.048837,0.027273,-0.038198,-0.11421,-0.17153,-0.20335,-0.22019,-0.24091,-0.27861,-0.33586,-0.40498,-0.47934,-0.55182,-0.62136,-0.69223,-0.76948,-0.84663,-0.90755,-0.92834,-0.8889,-0.79026,-0.66225,-0.54786,-0.4822,-0.46772,-0.48796,-0.52397,-0.56609,-0.61251,-0.66121,-0.70521,-0.73707,-0.74492,-0.72512,-0.68218,-0.62521
-0.2651,-0.27095,-0.16828,-0.053477,-0.043941,-0.18254,-0.35156,-0.3856,-0.2678,-0.09592,0.054346,0.16005,0.22061,0.23592,0.20788,0.15396,0.11275,0.12282,0.19216,0.2911,0.37238,0.39872,0.36104,0.27927,0.19469,0.14886,0.16179,0.21647,0.27494,0.3089,0.31092,0.27796,0.20669,0.093619,-0.053735,-0.21333,-0.35198,-0.44467,-0.48152,-0.46314,-0.39404,-0.29075,-0.1823,-0.10447,-0.083907,-0.1217,-0.19789,-0.2804,-0.34296,-0.37878,-0.40108,-0.42543,-0.46063,-0.50728,-0.56321,-0.61944,-0.67024,-0.71489,-0.75735,-0.80008,-0.83901,-0.86145,-0.84825,-0.78676,-0.68473,-0.57335,-0.49244,-0.46496,-0.48713,-0.53605,-0.58788,-0.63089,-0.66582,-0.69709,-0.72459,-0.74061,-0.73848,-0.713,-0.66497,-0.60074
-0.29422,-0.31475,-0.24842,-0.18324,-0.22073,-0.37859,-0.51645,-0.48031,-0.29644,-0.089935,0.0677,0.16742,0.22195,0.24447,0.24733,0.24575,0.25959,0.30304,0.37262,0.44466,0.48733,0.47923,0.42145,0.33562,0.25742,0.21709,0.22531,0.2626,0.29862,0.31118,0.2978,0.25696,0.18433,0.077229,-0.057294,-0.20101,-0.32493,-0.41045,-0.45003,-0.44479,-0.39776,-0.31845,-0.23376,-0.17786,-0.17452,-0.22808,-0.31717,-0.40927,-0.47971,-0.52197,-0.54792,-0.57299,-0.60575,-0.64594,-0.68887,-0.72765,-0.75719,-0.77707,-0.79098,-0.80253,-0.80809,-0.79782,-0.75825,-0.68258,-0.58256,-0.48987,-0.43911,-0.44769,-0.50345,-0.57465,-0.63318,-0.67029,-0.69336,-0.71145,-0.72521,-0.72914,-0.71322,-0.67417,-0.61665,-0.54996
-0.32989,-0.36714,-0.35003,-0.35436,-0.45547,-0.63045,-0.71378,-0.58071,-0.31906,-0.078958,0.078758,0.16482,0.20929,0.24151,0.28518,0.35018,0.43024,0.51024,0.57498,0.61045,0.60534,0.55775,0.47995,0.39524,0.32861,0.29622,0.2969,0.31012,0.31492,0.30345,0.27533,0.23186,0.16821,0.079215,-0.035177,-0.15807,-0.26878,-0.34873,-0.39531,-0.40817,-0.38927,-0.34537,-0.29627,-0.27075,-0.29149,-0.36071,-0.46044,-0.56121,-0.63789,-0.68836,-0.7204,-0.74705,-0.7765,-0.80945,-0.83544,-0.84794,-0.8425,-0.82313,-0.79745,-0.76972,-0.73525,-0.68552,-0.61432,-0.52546,-0.43759,-0.37985,-0.37615,-0.43481,-0.52978,-0.62418,-0.68926,-0.71789,-0.72096,-0.7131,-0.70123,-0.68211,-0.65023,-0.60109,-0.53687,-0.46475
-0.35531,-0.40115,-0.41952,-0.47709,-0.62403,-0.80414,-0.83755,-0.63229,-0.3225,-0.067403,0.084026,0.15574,0.19084,0.22947,0.30087,0.41065,0.53348,0.63447,0.69194,0.69972,0.66114,0.58774,0.49887,0.41755,0.36012,0.33234,0.32698,0.32519,0.31336,0.29164,0.26021,0.22201,0.17002,0.096936,-0.0013217,-0.11104,-0.21419,-0.29307,-0.34545,-0.37156,-0.37399,-0.35639,-0.33547,-0.33532,-0.37413,-0.45549,-0.5592,-0.65729,-0.73063,-0.77383,-0.80204,-0.82892,-0.85947,-0.889,-0.90725,-0.90096,-0.86891,-0.82111,-0.769,-0.71583,-0.65826,-0.58969,-0.50632,-0.41458,-0.33508,-0.29757,-0.32706,-0.4184,-0.544,-0.65904,-0.72893,-0.74739,-0.73156,-0.70238,-0.66988,-0.63242,-0.58494,-0.52356,-0.45207,-0.37878
-0.38703,-0.43749,-0.49956,-0.62638,-0.82895,-1.004,-0.96092,-0.66769,-0.30893,-0.046669,0.088876,0.1381,0.15703,0.19953,0.3017,0.4609,0.62935,0.75036,0.79525,0.76673,0.68561,0.58079,0.48083,0.40526,0.35913,0.33566,0.32088,0.30547,0.28479,0.26245,0.2418,0.21919,0.18806,0.13687,0.062579,-0.029388,-0.12139,-0.20107,-0.26368,-0.31175,-0.34578,-0.36671,-0.38365,-0.41342,-0.47145,-0.55912,-0.66169,-0.75364,-0.81414,-0.8429,-0.85127,-0.85748,-0.87238,-0.89227,-0.90251,-0.88749,-0.84262,-0.77846,-0.70758,-0.63356,-0.55387,-0.46235,-0.3613,-0.26537,-0.20087,-0.19632,-0.26419,-0.39781,-0.55439,-0.6833,-0.7513,-0.75682,-0.72079,-0.66649,-0.60665,-0.54423,-0.47495,-0.39952,-0.32216,-0.24927
-0.41518,-0.4611,-0.56017,-0.75081,-0.99924,-1.1544,-1.032,-0.66451,-0.27653,-0.020333,0.093349,0.11745,0.11727,0.15698,0.27928,0.47474,0.67627,0.80954,0.84022,0.77689,0.65422,0.5172,0.40407,0.33208,0.29584,0.27969,0.26701,0.25276,0.23753,0.22404,0.21589,0.20942,0.19933,0.17703,0.13618,0.073975,-0.0026718,-0.085351,-0.16689,-0.24392,-0.31206,-0.37089,-0.42415,-0.48261,-0.55684,-0.64425,-0.73118,-0.7977,-0.8305,-0.83075,-0.81549,-0.80171,-0.79885,-0.80465,-0.8086,-0.79257,-0.74914,-0.68431,-0.60835,-0.52641,-0.43503,-0.33616,-0.23574,-0.14927,-0.10089,-0.11553,-0.20754,-0.35446,-0.51893,-0.65159,-0.7186,-0.7169,-0.66724,-0.59466,-0.51478,-0.4294,-0.34584,-0.26255,-0.18198,-0.10846
-0.43333,-0.4692,-0.5907,-0.82248,-1.097,-1.229,-1.049,-0.63931,-0.24289,0.0023439,0.097656,0.10208,0.086384,0.11965,0.24888,0.46228,0.68103,0.8198,0.83992,0.75222,0.59898,0.43571,0.30863,0.23577,0.20695,0.20067,0.20037,0.19791,0.19349,0.18836,0.18562,0.18854,0.1948,0.19927,0.18897,0.15511,0.093083,0.009856,-0.086423,-0.18565,-0.28108,-0.36646,-0.44349,-0.51925,-0.59845,-0.68305,-0.75827,-0.80605,-0.8175,-0.79284,-0.75188,-0.71386,-0.6902,-0.6812,-0.67889,-0.66716,-0.63643,-0.58677,-0.52256,-0.44536,-0.35672,-0.25752,-0.15707,-0.074606,-0.036044,-0.063826,-0.16148,-0.31125,-0.47004,-0.59242,-0.65202,-0.64891,-0.59932,-0.52135,-0.42821,-0.33172,-0.23105,-0.13795,-0.05865,0.0039063
-0.45178,-0.46541,-0.60821,-0.88418,-1.1801,-1.2738,-1.0259,-0.58064,-0.18846,0.035743,0.10608,0.085736,0.047193,0.065305,0.19207,0.4155,0.64814,0.792,0.80052,0.68442,0.49288,0.29336,0.14385,0.066391,0.048551,0.061904,0.086012,0.10731,0.12072,0.12623,0.1302,0.14285,0.17051,0.20823,0.24078,0.24717,0.21423,0.14055,0.034614,-0.091845,-0.22498,-0.35163,-0.46098,-0.55112,-0.62801,-0.69426,-0.74677,-0.77241,-0.75813,-0.70887,-0.63679,-0.5631,-0.50544,-0.47157,-0.45888,-0.45646,-0.44948,-0.42766,-0.38687,-0.32683,-0.24789,-0.15794,-0.070937,-0.0069023,0.01324,-0.023876,-0.11687,-0.24275,-0.36861,-0.46385,-0.51122,-0.50902,-0.46539,-0.39119,-0.29667,-0.18971,-0.084838,0.010882,0.091596,0.15427
-0.45891,-0.45109,-0.60312,-0.9023,-1.204,-1.2656,-0.9771,-0.52091,-0.1421,0.062147,0.11417,0.076008,0.019812,0.020994,0.13719,0.35908,0.59671,0.74392,0.74718,0.61431,0.39704,0.17092,0.0034295,-0.077967,-0.086866,-0.054713,-0.0075905,0.035402,0.063257,0.074486,0.078637,0.091763,0.12832,0.18805,0.25555,0.30038,0.29819,0.23848,0.12963,-0.013125,-0.17108,-0.32444,-0.4564,-0.55813,-0.63215,-0.68349,-0.71313,-0.71435,-0.68114,-0.61229,-0.52325,-0.43193,-0.35366,-0.29795,-0.27272,-0.27231,-0.2836,-0.28872,-0.27351,-0.23294,-0.16923,-0.093233,-0.021651,0.02575,0.031893,-0.010068,-0.090816,-0.19098,-0.28476,-0.35374,-0.38962,-0.3904,-0.35566,-0.28653,-0.1892,-0.078239,0.035293,0.1348,0.21112,0.26175
-0.45681,-0.41477,-0.57033,-0.8877,-1.1833,-1.2008,-0.87466,-0.42438,-0.076206,0.097313,0.12467,0.065153,-0.014837,-0.041192,0.051734,0.26213,0.50087,0.65333,0.65513,0.50709,0.2614,0.002465,-0.1889,-0.27547,-0.26997,-0.20776,-0.12499,-0.05017,-0.004873,0.0068501,-0.00098326,9.5765e-05,0.037049,0.12324,0.23994,0.34667,0.39552,0.36473,0.25931,0.10145,-0.082315,-0.26607,-0.42298,-0.53544,-0.60091,-0.62889,-0.63081,-0.60882,-0.55655,-0.47329,-0.3635,-0.2422,-0.12869,-0.042521,0.0023837,-0.00068878,-0.037831,-0.080385,-0.10218,-0.093479,-0.057427,-0.010246,0.028636,0.042447,0.023566,-0.02258,-0.083012,-0.1367,-0.17801,-0.209,-0.23043,-0.23475,-0.20929,-0.1459,-0.048544,0.067133,0.18254,0.27977,0.34992,0.39182
-0.43795,-0.35733,-0.50865,-0.82837,-1.1057,-1.0814,-0.73651,-0.31284,-0.0084043,0.1285,0.13129,0.052211,-0.050694,-0.10621,-0.044471,0.14576,0.381,0.54058,0.54871,0.39696,0.13381,-0.15188,-0.3665,-0.45799,-0.4344,-0.33573,-0.21199,-0.10846,-0.056335,-0.057476,-0.086995,-0.10602,-0.073694,0.030522,0.19166,0.35474,0.45971,0.47037,0.38725,0.23072,0.02944,-0.18086,-0.36334,-0.48737,-0.54419,-0.54827,-0.5195,-0.46954,-0.39798,-0.29747,-0.17013,-0.026873,0.1141,0.22959,0.29301,0.28984,0.23041,0.15014,0.086289,0.056104,0.055067,0.065013,0.065784,0.043402,-0.003087,-0.059242,-0.10101,-0.11924,-0.11696,-0.10945,-0.10634,-0.10152,-0.077087,-0.017235,0.079323,0.19873,0.31335,0.40736,0.47075,0.50201
-0.41104,-0.30048,-0.44395,-0.75761,-1.014,-0.9623,-0.61646,-0.22375,0.040516,0.14723,0.13179,0.039181,-0.079778,-0.15825,-0.12381,0.046407,0.27687,0.44412,0.46369,0.319,0.053038,-0.24529,-0.47428,-0.56978,-0.53149,-0.40331,-0.2484,-0.12748,-0.077609,-0.096236,-0.14916,-0.189,-0.16517,-0.051123,0.1403,0.34767,0.49852,0.54543,0.48201,0.32865,0.11824,-0.10817,-0.30531,-0.43589,-0.48697,-0.47347,-0.42135,-0.34913,-0.26012,-0.14739,-0.0084101,0.15034,0.31139,0.44585,0.52193,0.51691,0.43866,0.32758,0.22945,0.16822,0.13701,0.11742,0.087497,0.034661,-0.035672,-0.099851,-0.13214,-0.12066,-0.08501,-0.053858,-0.040614,-0.033446,-0.0062475,0.060414,0.165,0.28678,0.40262,0.49023,0.54164,0.55956
-0.35638,-0.20792,-0.33673,-0.63323,-0.85696,-0.77769,-0.44449,-0.10457,0.10037,0.16497,0.12557,0.016779,-0.12304,-0.23404,-0.2394,-0.099933,0.12381,0.30656,0.35066,0.22645,-0.031413,-0.33544,-0.57528,-0.67092,-0.61071,-0.44484,-0.25449,-0.1183,-0.077078,-0.1226,-0.21276,-0.28578,-0.28069,-0.1572,0.071078,0.3355,0.54421,0.63765,0.6023,0.45849,0.24206,-0.0018705,-0.21872,-0.36036,-0.40546,-0.36742,-0.28071,-0.17413,-0.056802,0.075495,0.23265,0.41168,0.5934,0.7454,0.82623,0.80784,0.70033,0.55131,0.41325,0.31042,0.24186,0.1835,0.11365,0.023283,-0.075875,-0.15306,-0.17532,-0.14151,-0.076968,-0.017899,0.018029,0.04103,0.077195,0.14719,0.25162,0.37313,0.4826,0.56417,0.61016,0.62188
-0.2801,-0.098081,-0.21003,-0.48316,-0.67217,-0.57572,-0.27109,0.0070811,0.14911,0.1707,0.1085,-0.015022,-0.17491,-0.31874,-0.36455,-0.25593,-0.036028,0.16844,0.24539,0.1512,-0.088028,-0.38682,-0.62759,-0.71662,-0.63228,-0.43254,-0.21733,-0.076797,-0.049971,-0.12247,-0.24237,-0.34101,-0.35067,-0.22244,0.032823,0.33786,0.59122,0.72308,0.71513,0.5839,0.36398,0.10472,-0.1328,-0.28813,-0.32802,-0.26436,-0.13526,0.018209,0.1724,0.33043,0.49909,0.68205,0.86724,1.0219,1.1015,1.0727,0.93996,0.75225,0.57013,0.42822,0.3218,0.23073,0.13208,0.017244,-0.098574,-0.17987,-0.19379,-0.14022,-0.054806,0.020056,0.066116,0.096464,0.13952,0.21533,0.3217,0.4382,0.53966,0.60872,0.63991,0.63723
-0.20905,-0.0063765,-0.10607,-0.35875,-0.52221,-0.42009,-0.14558,0.082341,0.17585,0.16514,0.086509,-0.047533,-0.22117,-0.3874,-0.46142,-0.37304,-0.15339,0.069353,0.17333,0.10561,-0.11437,-0.40383,-0.64132,-0.72419,-0.62141,-0.39696,-0.16575,-0.025985,-0.014259,-0.10696,-0.24143,-0.34823,-0.3579,-0.22393,0.044095,0.36775,0.64309,0.79443,0.79919,0.67075,0.44493,0.1731,-0.07628,-0.23508,-0.26616,-0.17729,-0.015516,0.16927,0.34925,0.52035,0.69515,0.88047,1.0645,1.2136,1.2813,1.2335,1.0781,0.86736,0.66276,0.49706,0.37006,0.25969,0.14516,0.020693,-0.09632,-0.17043,-0.17312,-0.10775,-0.013234,0.066968,0.11533,0.14608,0.18796,0.26025,0.35972,0.46596,0.55567,0.61325,0.63531,0.62721
-0.096558,0.12606,0.040768,-0.18422,-0.31614,-0.21487,0.011111,0.1678,0.19626,0.14312,0.04286,-0.10355,-0.29225,-0.4831,-0.58848,-0.5217,-0.30001,-0.0531,0.086065,0.054227,-0.13712,-0.41013,-0.64038,-0.71147,-0.58356,-0.32741,-0.073756,0.065173,0.057648,-0.055912,-0.20232,-0.30594,-0.30086,-0.15,0.13108,0.4642,0.74699,0.90461,0.91012,0.77686,0.53939,0.25489,-0.0044825,-0.16373,-0.17734,-0.05531,0.15017,0.37755,0.58776,0.77241,0.94549,1.1191,1.286,1.4144,1.4601,1.3885,1.2083,0.97315,0.74519,0.55786,0.40935,0.28189,0.15916,0.039511,-0.059121,-0.10703,-0.084803,-0.0051032,0.092523,0.16976,0.21297,0.23626,0.26618,0.32087,0.39856,0.48097,0.54904,0.58883,0.59709,0.57864
0.00028461,0.23124,0.15367,-0.05105,-0.16177,-0.066948,0.11855,0.21926,0.19947,0.11524,-0.00044915,-0.15433,-0.35131,-0.55534,-0.67784,-0.62348,-0.3998,-0.1363,0.027129,0.020794,-0.14878,-0.4074,-0.62913,-0.68867,-0.54332,-0.26793,-0.0023811,0.13643,0.12118,0.0030643,-0.14075,-0.2303,-0.2067,-0.03866,0.24982,0.58249,0.85847,1.0058,0.99996,0.85367,0.60442,0.30912,0.045717,-0.10705,-0.10237,0.047056,0.28373,0.53894,0.76452,0.95305,1.1154,1.2667,1.4063,1.5103,1.5334,1.4472,1.2589,1.0177,0.78194,0.585,0.42722,0.2941,0.17304,0.065228,-0.01099,-0.030321,0.017455,0.11167,0.21067,0.27991,0.31118,0.32128,0.33553,0.36958,0.42151,0.47798,0.52165,0.54196,0.53794,0.51496
0.14499,0.37775,0.30538,0.12507,0.038762,0.11917,0.24524,0.27026,0.18684,0.063525,-0.070268,-0.23118,-0.43309,-0.64693,-0.7836,-0.74089,-0.51614,-0.23548,-0.043689,-0.018332,-0.15962,-0.39713,-0.60437,-0.65041,-0.48888,-0.1958,0.078877,0.21953,0.2048,0.095692,-0.022207,-0.074872,-0.011244,0.1839,0.47841,0.79513,1.0425,1.1587,1.124,0.95449,0.68781,0.38358,0.12203,-0.01394,0.021123,0.20934,0.48055,0.75505,0.98307,1.1526,1.2839,1.4,1.5046,1.5738,1.5718,1.4676,1.2708,1.0292,0.79561,0.59825,0.43693,0.30219,0.18857,0.10312,0.064127,0.088441,0.17379,0.28891,0.39274,0.45577,0.47272,0.4594,0.43956,0.43055,0.43609,0.44828,0.45627,0.45294,0.43607,0.40793
0.30623,0.52999,0.45664,0.29696,0.23036,0.29127,0.35485,0.30324,0.1581,-0.0016745,-0.15035,-0.31383,-0.51432,-0.72794,-0.86877,-0.83233,-0.60837,-0.31748,-0.10497,-0.052911,-0.16722,-0.38298,-0.57711,-0.6174,-0.44886,-0.14493,0.14071,0.29139,0.28996,0.20369,0.1245,0.12103,0.2318,0.45629,0.75457,1.0488,1.2591,1.3337,1.261,1.0612,0.77432,0.46635,0.2184,0.1094,0.17817,0.3919,0.677,0.95286,1.1652,1.3074,1.3977,1.4635,1.5177,1.5495,1.5231,1.4145,1.2292,1.0058,0.78827,0.59795,0.44062,0.3086,0.20218,0.13441,0.1266,0.19153,0.3151,0.45685,0.57154,0.63135,0.63451,0.59781,0.54327,0.48779,0.43957,0.39983,0.36527,0.33404,0.30426,0.27462
0.43706,0.64822,0.56987,0.42245,0.36791,0.41248,0.42828,0.31992,0.13005,-0.054745,-0.21202,-0.37464,-0.56998,-0.77754,-0.91543,-0.88062,-0.65935,-0.36673,-0.14571,-0.078729,-0.17474,-0.37468,-0.56061,-0.60045,-0.43144,-0.12273,0.1734,0.33647,0.35148,0.28812,0.24008,0.27501,0.42203,0.6709,0.97222,1.2508,1.4328,1.4751,1.3725,1.1477,0.84646,0.5339,0.29752,0.21343,0.30585,0.53746,0.8241,1.0854,1.274,1.3805,1.4309,1.4575,1.4778,1.4837,1.4488,1.3478,1.1816,0.9798,0.77774,0.59671,0.43823,0.30327,0.19832,0.14053,0.15155,0.24047,0.38818,0.54865,0.67616,0.74279,0.74459,0.69509,0.61475,0.52275,0.43292,0.35332,0.28656,0.23385,0.19316,0.16159
0.62496,0.81105,0.7211,0.58547,0.54426,0.56687,0.51964,0.33831,0.091973,-0.1225,-0.28846,-0.44673,-0.63031,-0.8243,-0.95274,-0.91871,-0.70663,-0.42139,-0.19743,-0.11587,-0.18995,-0.36847,-0.54224,-0.58094,-0.41594,-0.10551,0.20168,0.38243,0.42126,0.3914,0.38652,0.47193,0.6664,0.94602,1.2512,1.5076,1.6509,1.6512,1.5123,1.2636,0.95071,0.64409,0.42507,0.36298,0.47507,0.71054,0.98633,1.2217,1.3693,1.426,1.4214,1.3955,1.3739,1.3568,1.3192,1.2359,1.1015,0.93434,0.75873,0.58923,0.43235,0.29188,0.18041,0.12143,0.14137,0.25001,0.42407,0.61313,0.76477,0.84756,0.8549,0.79717,0.69218,0.55961,0.41876,0.28657,0.17646,0.094837,0.041301,0.01028
0.82777,0.98087,0.87423,0.74561,0.71538,0.71753,0.61361,0.36429,0.066316,-0.17562,-0.34873,-0.50086,-0.66965,-0.8461,-0.96346,-0.9341,-0.73937,-0.47045,-0.24986,-0.15607,-0.2074,-0.36201,-0.52083,-0.5585,-0.40274,-0.098656,0.2125,0.4092,0.47257,0.47581,0.51237,0.64246,0.87512,1.1771,1.4842,1.7232,1.8372,1.8043,1.6359,1.3664,1.0471,0.74777,0.5482,0.50624,0.62552,0.85187,1.102,1.3006,1.4049,1.412,1.3559,1.2836,1.231,1.2034,1.1817,1.1314,1.0341,0.89688,0.73942,0.57751,0.41739,0.26755,0.1438,0.073177,0.086223,0.19702,0.3853,0.59931,0.78351,0.89924,0.9305,0.87919,0.75886,0.59099,0.40246,0.222,0.071024,-0.037058,-0.1017,-0.1313
0.9889,1.1136,0.99132,0.86588,0.84285,0.83328,0.69247,0.39797,0.06381,-0.19844,-0.37835,-0.52702,-0.68447,-0.84766,-0.95779,-0.93568,-0.75896,-0.50603,-0.28993,-0.18755,-0.2212,-0.35639,-0.50254,-0.54033,-0.39427,-0.099387,0.21141,0.4177,0.49739,0.52182,0.58372,0.7399,0.99512,1.3099,1.6175,1.8453,1.9414,1.8888,1.7057,1.4283,1.1103,0.81758,0.62663,0.58988,0.70518,0.91862,1.1475,1.3188,1.3928,1.3694,1.2856,1.1921,1.128,1.1031,1.0957,1.0676,0.99311,0.87305,0.72433,0.56213,0.39943,0.24345,0.10984,0.026649,0.028258,0.13446,0.32839,0.56087,0.77121,0.91404,0.96659,0.9251,0.79994,0.61314,0.39601,0.18285,0.0053831,-0.11969,-0.19095,-0.21861
1.2142,1.2982,1.1522,1.0289,1.0158,0.99632,0.81771,0.47219,0.094067,-0.19732,-0.39104,-0.53906,-0.68548,-0.83406,-0.93917,-0.93152,-0.78342,-0.55468,-0.34568,-0.23243,-0.24258,-0.35062,-0.47799,-0.51536,-0.38283,-0.10296,0.20381,0.41792,0.51385,0.55881,0.64333,0.82174,1.0972,1.4233,1.7296,1.9433,2.018,1.946,1.7507,1.4732,1.1638,0.88437,0.70113,0.66,0.75901,0.9458,1.1446,1.2868,1.3336,1.2886,1.1883,1.0854,1.0223,1.0112,1.027,1.0248,0.96892,0.85457,0.70116,0.53259,0.36164,0.20033,0.062792,-0.026984,-0.037105,0.05641,0.24937,0.49541,0.73675,0.91986,1.0092,0.98964,0.86575,0.66005,0.40989,0.16164,-0.049521,-0.19734,-0.27845,-0.30549
1.3907,1.442,1.2772,1.1544,1.1497,1.1285,0.93111,0.55595,0.14796,-0.16764,-0.37679,-0.52988,-0.67304,-0.81598,-0.92318,-0.93086,-0.80683,-0.59737,-0.39395,-0.27209,-0.26372,-0.35012,-0.46108,-0.49421,-0.37034,-0.10362,0.19627,0.41188,0.51571,0.57015,0.66255,0.84769,1.1262,1.452,1.7535,1.9589,2.0241,1.9445,1.747,1.4733,1.1718,0.9009,0.72119,0.67409,0.75734,0.92301,1.1005,1.2265,1.2659,1.2203,1.1266,1.0353,0.98705,0.99175,1.0219,1.0271,0.96904,0.84528,0.68097,0.50426,0.33257,0.17494,0.041638,-0.046741,-0.05904,0.031389,0.22181,0.47801,0.73756,0.94137,1.0483,1.0395,0.91748,0.70456,0.43965,0.16851,-0.060106,-0.22065,-0.30829,-0.33616
1.6336,1.6394,1.4501,1.3278,1.3365,1.3212,1.1114,0.70926,0.26563,-0.086069,-0.32375,-0.49337,-0.64228,-0.78833,-0.90836,-0.94431,-0.85561,-0.67118,-0.47274,-0.33713,-0.30266,-0.35826,-0.443,-0.46475,-0.34912,-0.10114,0.18304,0.39414,0.50117,0.55997,0.65341,0.83477,1.1037,1.4173,1.7054,1.8997,1.9575,1.8755,1.6832,1.4211,1.1357,0.87599,0.69597,0.63358,0.69029,0.82969,0.99039,1.1136,1.1647,1.1436,1.0829,1.0284,1.0144,1.0443,1.0828,1.0771,0.99295,0.83706,0.64552,0.45564,0.28746,0.14885,0.044745,-0.014149,-0.0084545,0.082605,0.26641,0.51466,0.77936,1.0016,1.1314,1.1392,1.0212,0.799,0.51473,0.2233,-0.028768,-0.2081,-0.30787,-0.34153
1.8827,1.8421,1.6302,1.5095,1.534,1.533,1.3244,0.90805,0.43401,0.041621,-0.23516,-0.43429,-0.6032,-0.76642,-0.91106,-0.98356,-0.93131,-0.76713,-0.5682,-0.41617,-0.35524,-0.38016,-0.43782,-0.44546,-0.33273,-0.099978,0.16746,0.36863,0.47119,0.52462,0.6079,0.77059,1.0166,1.3054,1.5721,1.7498,1.7993,1.7196,1.5401,1.3002,1.0386,0.79744,0.61866,0.53765,0.56727,0.6809,0.83398,0.97381,1.0613,1.0939,1.0913,1.0897,1.1165,1.1677,1.2042,1.1715,1.0403,0.83273,0.60311,0.39872,0.24544,0.14577,0.094122,0.08858,0.13594,0.24799,0.42865,0.66553,0.91825,1.1325,1.2581,1.2636,1.1426,0.91465,0.62125,0.31454,0.04973,-0.14129,-0.25081,-0.29218
2.072,1.9968,1.7691,1.65,1.6879,1.7022,1.5024,1.0829,0.58939,0.16414,-0.149,-0.37957,-0.57295,-0.75826,-0.92957,-1.0332,-1.0073,-0.85501,-0.65282,-0.48721,-0.4068,-0.40995,-0.44785,-0.44288,-0.32805,-0.10298,0.15474,0.34819,0.44452,0.48857,0.55373,0.69105,0.90809,1.1696,1.4144,1.5784,1.6234,1.5495,1.3845,1.165,0.92495,0.69858,0.5242,0.43643,0.44951,0.55265,0.706,0.86292,0.98911,1.0706,1.1223,1.1697,1.2296,1.2922,1.3168,1.2546,1.0846,0.83755,0.57732,0.3636,0.22161,0.15498,0.1539,0.20575,0.30162,0.43931,0.62131,0.83884,1.0672,1.2633,1.3792,1.3801,1.2554,1.0225,0.72227,0.41125,0.13667,-0.065208,-0.18517,-0.23507
2.3251,2.2042,1.9563,1.8405,1.8976,1.9354,1.7553,1.339,0.82427,0.35371,-0.014834,-0.29674,-0.53354,-0.75932,-0.97373,-1.1226,-1.1325,-0.99508,-0.78728,-0.60348,-0.49852,-0.47335,-0.48213,-0.45429,-0.33129,-0.11319,0.13208,0.31521,0.40233,0.42968,0.46229,0.55273,0.71468,0.92507,1.13,1.2721,1.3128,1.2514,1.1131,0.93036,0.72991,0.536,0.37551,0.27844,0.26997,0.35338,0.51053,0.70412,0.89292,1.0547,1.1877,1.3033,1.4074,1.4846,1.4916,1.3817,1.146,0.83457,0.53117,0.30402,0.19036,0.1867,0.26896,0.40636,0.57213,0.75084,0.93891,1.1352,1.3278,1.4852,1.5675,1.5434,1.4032,1.1629,0.861,0.5454,0.26956,0.064471,-0.062332,-0.12295
2.5131,2.3578,2.0963,1.9837,2.0542,2.1111,1.9487,1.5395,1.0118,0.50762,0.094567,-0.23085,-0.50618,-0.76785,-1.0182,-1.203,-1.2402,-1.1142,-0.90307,-0.70691,-0.58432,-0.53744,-0.52227,-0.47342,-0.34049,-0.12437,0.11203,0.28704,0.36556,0.37716,0.38173,0.42998,0.54246,0.70378,0.86961,0.98791,1.0235,0.97475,0.86396,0.71855,0.55745,0.39592,0.25115,0.15091,0.1274,0.19892,0.36323,0.58811,0.82796,1.0495,1.2378,1.3966,1.5276,1.6125,1.6078,1.4712,1.1989,0.84833,0.5138,0.27863,0.18052,0.2174,0.35909,0.56255,0.78565,0.99953,1.1955,1.3738,1.5338,1.6566,1.7108,1.6683,1.5186,1.2748,0.9715,0.65968,0.37966,0.16441,0.025398,-0.043928
2.7577,2.5572,2.2791,2.1701,2.2565,2.3378,2.2006,1.8052,1.2633,0.71554,0.24269,-0.14388,-0.47385,-0.78566,-1.0855,-1.3169,-1.3894,-1.2792,-1.0655,-0.85543,-0.71175,-0.63785,-0.59228,-0.51637,-0.36651,-0.14649,0.084825,0.25176,0.31766,0.30347,0.26377,0.2475,0.28311,0.36637,0.4683,0.547,0.57432,0.54838,0.48372,0.39877,0.30072,0.19253,0.081539,-0.01023,-0.048014,0.0068667,0.16927,0.42198,0.7217,1.0166,1.28,1.5019,1.6745,1.7742,1.76,1.5895,1.2671,0.86462,0.49357,0.24899,0.1765,0.26933,0.48537,0.76689,1.0573,1.3156,1.5257,1.6881,1.8098,1.8849,1.8943,1.8171,1.6455,1.3922,1.0899,0.78024,0.50744,0.29875,0.16115,0.0852
2.9917,2.7463,2.4525,2.3456,2.4437,2.5456,2.4334,2.0535,1.5021,0.91508,0.38577,-0.05941,-0.44272,-0.80096,-1.1433,-1.4146,-1.5197,-1.4275,-1.2168,-0.99956,-0.84286,-0.7503,-0.67994,-0.57696,-0.40361,-0.1699,0.066015,0.22696,0.2765,0.23153,0.13995,0.052578,0.00017294,-0.0057323,0.021171,0.056047,0.07721,0.079889,0.073959,0.063782,0.043343,-0.00064461,-0.073123,-0.15759,-0.21168,-0.18277,-0.029513,0.2461,0.59595,0.9601,1.2913,1.5682,1.7783,1.8974,1.8813,1.6924,1.3391,0.90139,0.50253,0.25137,0.19771,0.33219,0.60399,0.94448,1.2868,1.5812,1.8036,1.9549,2.0443,2.0757,2.0423,1.9331,1.7442,1.4868,1.188,0.88692,0.61781,0.40594,0.26054,0.17707
3.1581,2.8791,2.5736,2.4665,2.5693,2.6824,2.5872,2.2198,1.6642,1.0528,0.48616,0.0015247,-0.41637,-0.80192,-1.1662,-1.458,-1.583,-1.5071,-1.3066,-1.0935,-0.93563,-0.83596,-0.75133,-0.62711,-0.43127,-0.18112,0.05988,0.21465,0.24751,0.17667,0.046597,-0.093361,-0.20939,-0.28265,-0.31531,-0.3185,-0.30603,-0.27987,-0.23675,-0.18277,-0.13963,-0.13214,-0.17536,-0.25433,-0.32124,-0.31327,-0.17374,0.10686,0.48449,0.88914,1.2658,1.5852,1.8288,1.9679,1.9594,1.765,1.3964,0.93948,0.52562,0.26999,0.22738,0.38568,0.68815,1.0598,1.4289,1.7418,1.9711,2.1154,2.1848,2.1879,2.1249,1.9912,1.787,1.5239,1.2276,0.93069,0.66877,0.4641,0.32367,0.24135
3.3651,3.0407,2.7192,2.6083,2.7113,2.8328,2.7559,2.4047,1.8475,1.2116,0.60457,0.077129,-0.37449,-0.7806,-1.1548,-1.4541,-1.5948,-1.544,-1.3711,-1.1811,-1.0373,-0.93945,-0.84233,-0.69188,-0.46404,-0.18829,0.060931,0.207,0.21693,0.11071,-0.065857,-0.26866,-0.46132,-0.62061,-0.7311,-0.78735,-0.78553,-0.72467,-0.61403,-0.47771,-0.35485,-0.28575,-0.29212,-0.36299,-0.44982,-0.47555,-0.36569,-0.090389,0.31143,0.76393,1.197,1.5702,1.8589,2.0317,2.0422,1.8521,1.476,1.0069,0.58409,0.32724,0.29369,0.4683,0.79102,1.1841,1.5722,1.8979,2.1304,2.2643,2.311,2.2836,2.1892,2.0297,1.8091,1.5398,1.2453,0.95709,0.7021,0.50077,0.36035,0.27753
3.5514,3.182,2.8431,2.7242,2.8195,2.941,2.8771,2.5413,1.9866,1.3344,0.69836,0.14229,-0.3254,-0.729,-1.0851,-1.3649,-1.505,-1.4816,-1.3528,-1.2073,-1.0981,-1.0188,-0.91969,-0.74784,-0.48901,-0.18581,0.075978,0.21602,0.20405,0.063653,-0.15615,-0.41003,-0.66274,-0.88747,-1.0605,-1.1608,-1.1681,-1.0767,-0.90419,-0.69496,-0.50679,-0.39094,-0.37546,-0.45014,-0.56197,-0.6263,-0.55309,-0.29631,0.11484,0.59917,1.0786,1.5027,1.8395,2.0515,2.0915,1.9224,1.5602,1.0986,0.67861,0.42475,0.3909,0.56545,0.88833,1.2811,1.6688,1.9932,2.2215,2.3454,2.3746,2.3233,2.2029,2.021,1.7851,1.5088,1.2142,0.92953,0.68188,0.48879,0.35586,0.27868
3.6759,3.2726,2.9201,2.7923,2.8765,2.9925,2.9345,2.6093,2.0588,1.3993,0.74936,0.18187,-0.28465,-0.66944,-0.99267,-1.2398,-1.3685,-1.3652,-1.2781,-1.1796,-1.1104,-1.0569,-0.96581,-0.7836,-0.50332,-0.17804,0.095686,0.23245,0.20431,0.041295,-0.20482,-0.48414,-0.76347,-1.0151,-1.2159,-1.3368,-1.3495,-1.2431,-1.0379,-0.79098,-0.57189,-0.43812,-0.42038,-0.50613,-0.63919,-0.73306,-0.69,-0.45494,-0.049359,0.44924,0.95908,1.4228,1.7999,2.0482,2.1154,1.9637,1.6141,1.166,0.76075,0.51486,0.48366,0.65095,0.96091,1.3407,1.7176,2.0328,2.2521,2.3659,2.3828,2.3182,2.1847,1.9905,1.7441,1.4597,1.1605,0.87648,0.63045,0.44283,0.31852,0.25118
3.819,3.3708,2.9993,2.8562,2.919,3.0207,2.965,2.6522,2.1092,1.4455,0.78565,0.21638,-0.23174,-0.57066,-0.82651,-1.0099,-1.1113,-1.1311,-1.1041,-1.0791,-1.0783,-1.0753,-1.0086,-0.82359,-0.51944,-0.16639,0.12313,0.25685,0.21158,0.02604,-0.23665,-0.52477,-0.80765,-1.0632,-1.2729,-1.4021,-1.4186,-1.3051,-1.0898,-0.83243,-0.60483,-0.47144,-0.46052,-0.5627,-0.72567,-0.85808,-0.85966,-0.66244,-0.27578,0.22884,0.76408,1.266,1.6889,1.9858,2.0993,1.9928,1.6847,1.271,0.89034,0.65959,0.62531,0.77677,1.0618,1.4116,1.7584,2.0481,2.249,2.3486,2.3539,2.2766,2.1283,1.9189,1.6596,1.3664,1.0621,0.77576,0.53254,0.34778,0.22608,0.1629
3.908,3.4263,3.0399,2.8828,2.9254,3.0112,2.9538,2.6485,2.112,1.4485,0.78717,0.22476,-0.19855,-0.49032,-0.68356,-0.80897,-0.88297,-0.91641,-0.93393,-0.96723,-1.0249,-1.0696,-1.0299,-0.84788,-0.52982,-0.15803,0.14322,0.27647,0.221,0.025216,-0.23733,-0.51274,-0.7722,-1.0063,-1.2021,-1.3332,-1.3575,-1.2529,-1.0444,-0.79477,-0.5809,-0.46277,-0.47126,-0.59534,-0.78122,-0.94182,-0.9775,-0.81741,-0.45842,0.034986,0.58135,1.113,1.5759,1.9135,2.0673,1.9967,1.7219,1.3408,0.98915,0.77584,0.7441,0.88019,1.1375,1.4558,1.774,2.0409,2.2229,2.3112,2.3084,2.225,2.0709,1.8541,1.5844,1.2784,0.96205,0.66722,0.42054,0.24147,0.13217,0.082516
4.0002,3.4743,3.0675,2.8889,2.9003,2.9596,2.895,2.5977,2.0697,1.4098,0.75258,0.20764,-0.17188,-0.38923,-0.48939,-0.53216,-0.56429,-0.6092,-0.68141,-0.79228,-0.93107,-1.0444,-1.0483,-0.87895,-0.5493,-0.15655,0.16047,0.29758,0.23692,0.039637,-0.21074,-0.45218,-0.65985,-0.83757,-0.99135,-1.1053,-1.1392,-1.0628,-0.88948,-0.67866,-0.50531,-0.42826,-0.47563,-0.63324,-0.84832,-1.0429,-1.1246,-1.0216,-0.71559,-0.24814,0.30681,0.87465,1.3884,1.7824,1.9912,1.9729,1.7498,1.4189,1.1095,0.9206,0.8932,1.0137,1.2394,1.5154,1.7873,2.0112,2.1621,2.2292,2.2169,2.1308,1.9741,1.7507,1.4693,1.1478,0.81461,0.50556,0.25075,0.069263,-0.036053,-0.075065
4.0607,3.4912,3.0638,2.8627,2.8394,2.8674,2.7907,2.4977,1.9777,1.3232,0.67443,0.15334,-0.17476,-0.31103,-0.3148,-0.27388,-0.26128,-0.31192,-0.43248,-0.61596,-0.83296,-1.0145,-1.064,-0.91286,-0.57811,-0.17149,0.15798,0.30158,0.24638,0.062057,-0.16009,-0.35192,-0.4938,-0.6004,-0.69733,-0.78198,-0.82458,-0.7884,-0.67561,-0.53065,-0.41832,-0.39388,-0.48124,-0.66708,-0.90597,-1.1268,-1.2507,-1.2076,-0.96234,-0.5349,0.01277,0.60361,1.1608,1.608,1.8744,1.9167,1.7537,1.4771,1.21,1.0469,1.023,1.1267,1.3192,1.5518,1.7774,1.9587,2.0745,2.1214,2.1006,2.0132,1.8571,1.6302,1.3378,0.99777,0.64232,0.3111,0.045471,-0.13442,-0.2284,-0.25232
4.0845,3.4827,3.0407,2.8224,2.7726,2.7752,2.6861,2.3936,1.8786,1.2285,0.58707,0.085716,-0.20171,-0.27671,-0.20944,-0.10732,-0.061828,-0.11522,-0.26871,-0.50264,-0.77386,-1.0015,-1.0804,-0.94046,-0.6039,-0.19145,0.14187,0.28913,0.24201,0.07404,-0.11604,-0.26271,-0.34981,-0.40316,-0.45667,-0.52072,-0.56952,-0.5667,-0.50554,-0.41875,-0.35973,-0.37724,-0.49208,-0.69458,-0.94551,-1.1834,-1.3386,-1.3401,-1.142,-0.74599,-0.20324,0.40538,0.99315,1.4771,1.78,1.8583,1.7321,1.4919,1.2557,1.1105,1.0918,1.1861,1.3569,1.5589,1.7491,1.8954,1.9839,2.012,1.9849,1.9013,1.7526,1.5295,1.232,0.87744,0.50139,0.15366,-0.12589,-0.30898,-0.39531,-0.40468
4.0865,3.4427,2.9829,2.7433,2.6584,2.6257,2.5173,2.2214,1.7103,1.0649,0.43344,-0.041034,-0.27504,-0.2708,-0.11369,0.064029,0.15002,0.093918,-0.099641,-0.39566,-0.73164,-1.0095,-1.1156,-0.98269,-0.64371,-0.22722,0.10915,0.25999,0.22342,0.078861,-0.069738,-0.15564,-0.17075,-0.15191,-0.14748,-0.18269,-0.24057,-0.28495,-0.29463,-0.28594,-0.29921,-0.3735,-0.52836,-0.75422,-1.0161,-1.2641,-1.4397,-1.4803,-1.3318,-0.97711,-0.45107,0.16794,0.78488,1.3055,1.6496,1.7704,1.6852,1.4807,1.2706,1.1417,1.1231,1.2042,1.3497,1.5164,1.665,1.7694,1.821,1.8293,1.7979,1.721,1.582,1.364,1.0622,0.69333,0.29662,-0.075271,-0.36699,-0.54989,-0.62572,-0.61921
4.0656,3.3914,2.9196,2.6657,2.5566,2.4975,2.372,2.071,1.5602,0.91762,0.29328,-0.16201,-0.35757,-0.29723,-0.078384,0.15063,0.26373,0.20522,-0.016091,-0.35419,-0.73222,-1.0388,-1.1548,-1.0189,-0.67458,-0.25674,0.078053,0.2277,0.19416,0.064381,-0.056441,-0.099163,-0.061774,0.010944,0.058821,0.047725,-0.014164,-0.093079,-0.15713,-0.21101,-0.28026,-0.39832,-0.58047,-0.81714,-1.0793,-1.3243,-1.5019,-1.5562,-1.4298,-1.0955,-0.58001,0.040295,0.66666,1.2009,1.5611,1.6983,1.6289,1.4383,1.2389,1.1134,1.0945,1.1686,1.2984,1.4403,1.5573,1.6291,1.6573,1.6492,1.6153,1.5477,1.4231,1.2171,0.91954,0.54504,0.13509,-0.24941,-0.55248,-0.7389,-0.80893,-0.78948
4.0079,3.2943,2.8089,2.5397,2.4024,2.3101,2.1607,1.849,1.3357,0.69483,0.079346,-0.35157,-0.49942,-0.37092,-0.078813,0.20974,0.35325,0.29026,0.03434,-0.35443,-0.77928,-1.1104,-1.2233,-1.0693,-0.71211,-0.29564,0.027408,0.16406,0.12652,0.009915,-0.075673,-0.064182,0.041473,0.18359,0.28967,0.31111,0.2442,0.12199,-0.018431,-0.1587,-0.30374,-0.4715,-0.67331,-0.90817,-1.1589,-1.3914,-1.563,-1.6157,-1.4915,-1.1609,-0.6509,-0.039628,0.5764,1.1057,1.4635,1.6043,1.5412,1.3541,1.151,1.0174,0.9827,1.0355,1.1396,1.2517,1.336,1.376,1.376,1.3586,1.3305,1.2793,1.1743,0.98442,0.69552,0.32107,-0.095977,-0.49296,-0.80166,-0.98545,-1.044,-1.007
3.9169,3.1648,2.669,2.3899,2.231,2.1103,1.9369,1.6114,1.0925,0.45168,-0.15549,-0.56278,-0.66813,-0.48185,-0.12876,0.20812,0.3751,0.30627,0.019469,-0.4125,-0.87292,-1.2123,-1.3028,-1.1146,-0.73888,-0.32812,-0.030339,0.078861,0.024313,-0.088012,-0.14477,-0.084318,0.084095,0.29204,0.45582,0.51204,0.4452,0.28506,0.077554,-0.13896,-0.35151,-0.56158,-0.78029,-1.0109,-1.2414,-1.4466,-1.5842,-1.6021,-1.4511,-1.1118,-0.61369,-0.026376,0.56308,1.0661,1.4063,1.5311,1.4495,1.2396,1.0113,0.84918,0.79053,0.82102,0.90001,0.98187,1.0328,1.042,1.0238,0.99938,0.98294,0.95773,0.88453,0.7234,0.45444,0.08915,-0.32775,-0.72627,-1.0378,-1.2175,-1.2635,-1.2081
3.8274,3.047,2.5455,2.2638,2.0937,1.9562,1.766,1.4282,0.90353,0.2625,-0.33733,-0.72731,-0.80424,-0.58174,-0.1921,0.17345,0.35353,0.27985,-0.026481,-0.48421,-0.96294,-1.299,-1.3633,-1.1449,-0.75525,-0.35356,-0.080634,0.00091781,-0.071737,-0.18731,-0.22883,-0.13683,0.073296,0.32873,0.53658,0.62418,0.56504,0.38333,0.13231,-0.13741,-0.3954,-0.63349,-0.85848,-1.0772,-1.2847,-1.4612,-1.5664,-1.55,-1.3687,-1.0133,-0.51996,0.043662,0.59953,1.0698,1.3808,1.4846,1.3868,1.158,0.90283,0.70982,0.61555,0.61172,0.66187,0.7214,0.75596,0.75478,0.7308,0.71378,0.71222,0.70597,0.65287,0.51139,0.26067,-0.088786,-0.49303,-0.88521,-1.1887,-1.3605,-1.399,-1.337
3.6811,2.8634,2.3579,2.0791,1.9025,1.7496,1.5397,1.1842,0.64981,0.010091,-0.57706,-0.9426,-0.98557,-0.72439,-0.29756,0.095165,0.28695,0.20782,-0.11801,-0.59964,-1.0901,-1.41,-1.434,-1.1775,-0.77367,-0.38858,-0.15241,-0.11491,-0.22237,-0.35414,-0.38563,-0.25583,0.011014,0.33243,0.60199,0.73317,0.68835,0.48611,0.18661,-0.1436,-0.45088,-0.7126,-0.93065,-1.1211,-1.2915,-1.4266,-1.4874,-1.4237,-1.2032,-0.82767,-0.34321,0.18593,0.69356,1.1154,1.3852,1.4551,1.3253,1.0601,0.76049,0.51234,0.36455,0.31201,0.32023,0.34649,0.35895,0.34878,0.33247,0.32916,0.34878,0.36958,0.34808,0.24068,0.023643,-0.29577,-0.67654,-1.0483,-1.3438,-1.512,-1.5453,-1.4731
3.5067,2.6521,2.1466,1.8785,1.7059,1.5465,1.3212,0.94711,0.40238,-0.23282,-0.80156,-1.1403,-1.1539,-0.86513,-0.41561,-0.0069433,0.19248,0.11146,-0.22364,-0.71426,-1.201,-1.496,-1.4815,-1.1941,-0.78398,-0.41968,-0.22385,-0.23829,-0.39567,-0.55698,-0.58688,-0.42055,-0.089752,0.30393,0.6374,0.81141,0.7809,0.56638,0.23251,-0.1363,-0.47169,-0.73582,-0.93302,-1.0881,-1.2187,-1.3135,-1.3348,-1.2351,-0.98592,-0.60665,-0.14438,0.3426,0.79973,1.1722,1.4063,1.4547,1.3095,1.0203,0.67645,0.3695,0.14772,0.024488,-0.021489,-0.026988,-0.024038,-0.025032,-0.021758,0.0037566,0.050133,0.093761,0.093941,0.011042,-0.17637,-0.46116,-0.80497,-1.1487,-1.4199,-1.5743,-1.6063,-1.5428
3.3599,2.4777,1.9747,1.7202,1.5578,1.3996,1.1658,0.77791,0.2258,-0.40317,-0.95394,-1.2709,-1.2651,-0.96258,-0.50392,-0.088837,0.11514,0.036696,-0.29661,-0.7824,-1.2561,-1.5287,-1.4906,-1.1892,-0.78302,-0.44004,-0.28049,-0.33732,-0.53549,-0.71997,-0.74818,-0.5542,-0.17847,0.2663,0.64621,0.85532,0.84289,0.62756,0.28065,-0.1047,-0.44715,-0.70339,-0.87896,-1.0058,-1.1077,-1.1799,-1.1816,-1.0642,-0.8071,-0.43023,0.01274,0.46677,0.88593,1.2268,1.4389,1.4741,1.3188,1.0153,0.64701,0.29742,0.029719,-0.13848,-0.22196,-0.25183,-0.25649,-0.24875,-0.22378,-0.17889,-0.11722,-0.062244,-0.049421,-0.11286,-0.27246,-0.52469,-0.83823,-1.1547,-1.4169,-1.5761,-1.6177,-1.5604
3.147,2.2278,1.7319,1.5031,1.3636,1.2148,0.972,0.56695,0.0065814,-0.60939,-1.1313,-1.4166,-1.3885,-1.0754,-0.61274,-0.19441,0.015036,-0.054088,-0.37197,-0.83356,-1.2748,-1.5147,-1.4572,-1.1593,-0.77629,-0.47202,-0.36328,-0.47494,-0.71922,-0.93048,-0.95121,-0.72113,-0.29016,0.21568,0.65426,0.90939,0.92614,0.72061,0.36976,-0.022425,-0.35876,-0.59101,-0.72689,-0.8113,-0.87934,-0.92584,-0.91181,-0.78867,-0.5375,-0.18644,0.21296,0.61307,0.97961,1.2799,1.4729,1.511,1.3691,1.0711,0.685,0.29548,-0.03455,-0.26864,-0.40354,-0.45872,-0.46038,-0.42853,-0.37606,-0.30512,-0.22938,-0.16838,-0.14794,-0.19413,-0.3241,-0.53666,-0.80703,-1.0907,-1.3323,-1.4896,-1.547,-1.516
2.9779,2.0318,1.5432,1.3394,1.2234,1.0855,0.83771,0.41996,-0.14399,-0.74725,-1.2437,-1.5044,-1.4618,-1.1447,-0.68359,-0.26564,-0.051966,-0.10986,-0.4071,-0.83797,-1.2441,-1.4584,-1.3975,-1.118,-0.76508,-0.49499,-0.42164,-0.56797,-0.84218,-1.0708,-1.0881,-0.8332,-0.3617,0.18863,0.66861,0.95554,0.99368,0.80154,0.45936,0.079519,-0.23861,-0.44365,-0.55138,-0.61148,-0.66034,-0.69377,-0.67328,-0.55342,-0.31863,0.0014911,0.35951,0.71513,1.0424,1.3159,1.4998,1.5436,1.4154,1.1292,0.74444,0.33862,-0.01954,-0.28597,-0.44602,-0.51083,-0.50636,-0.46024,-0.39237,-0.31595,-0.24255,-0.18457,-0.16021,-0.19149,-0.29621,-0.47781,-0.71844,-0.97851,-1.2124,-1.3767,-1.4509,-1.4402
2.746,1.7657,1.29,1.1259,1.0476,0.92707,0.67204,0.23825,-0.32862,-0.90978,-1.369,-1.5958,-1.5358,-1.2177,-0.76276,-0.3483,-0.12862,-0.16551,-0.42386,-0.80056,-1.1505,-1.3308,-1.2761,-1.0362,-0.7365,-0.51761,-0.48629,-0.669,-0.97257,-1.2171,-1.233,-0.95078,-0.43606,0.16721,0.69693,1.0294,1.1036,0.94085,0.62633,0.27786,-0.0043611,-0.17442,-0.25456,-0.29428,-0.32597,-0.3456,-0.31701,-0.20447,-0.00050773,0.2676,0.56002,0.84735,1.1145,1.3477,1.5167,1.5731,1.4751,1.2213,0.85732,0.45271,0.081875,-0.20343,-0.37909,-0.45053,-0.44361,-0.39065,-0.31898,-0.24674,-0.18067,-0.12778,-0.099671,-0.11386,-0.18831,-0.33163,-0.53485,-0.76821,-0.99392,-1.171,-1.2741,-1.2988
2.5146,1.5036,1.044,0.92534,0.88854,0.78459,0.51955,0.069252,-0.49729,-1.0522,-1.4707,-1.6634,-1.5889,-1.2736,-0.82853,-0.41993,-0.19294,-0.20308,-0.41262,-0.72421,-1.0118,-1.1592,-1.1154,-0.92129,-0.68162,-0.51936,-0.53433,-0.75009,-1.0727,-1.3212,-1.324,-1.016,-0.46831,0.17204,0.74112,1.1148,1.2314,1.1119,0.84154,0.53554,0.29269,0.15155,0.091699,0.066157,0.046149,0.038184,0.072821,0.17522,0.34378,0.55249,0.76998,0.9793,1.1773,1.3614,1.5106,1.5788,1.5169,1.3081,0.9829,0.60532,0.24535,-0.037655,-0.21056,-0.27482,-0.26072,-0.20891,-0.15259,-0.099529,-0.054479,-0.015443,0.012755,0.014904,-0.02952,-0.1358,-0.30403,-0.51705,-0.73468,-0.9224,-1.0517,-1.1115
2.3472,1.3164,0.87058,0.78845,0.78257,0.68736,0.41152,-0.052791,-0.61715,-1.1495,-1.5361,-1.7039,-1.6201,-1.3091,-0.87292,-0.46947,-0.23645,-0.22397,-0.39317,-0.65295,-0.89239,-1.0145,-0.9781,-0.81798,-0.62258,-0.50327,-0.55366,-0.79303,-1.1266,-1.373,-1.3615,-1.0351,-0.46676,0.1926,0.78446,1.1828,1.3313,1.2498,1.022,0.7569,0.54484,0.42305,0.37331,0.35364,0.33931,0.33816,0.37397,0.46597,0.60812,0.77288,0.93431,1.082,1.222,1.3623,1.4911,1.5652,1.5284,1.3539,1.0652,0.71949,0.39029,0.13473,-0.018466,-0.075829,-0.069971,-0.039086,-0.0064465,0.016216,0.042312,0.078516,0.11789,0.13933,0.11655,0.030507,-0.12115,-0.32015,-0.53753,-0.73336,-0.87782,-0.95758
2.1401,1.0888,0.66276,0.62942,0.66063,0.56929,0.27124,-0.21385,-0.77299,-1.2715,-1.6152,-1.7511,-1.6562,-1.3516,-0.92784,-0.53201,-0.29154,-0.24958,-0.36657,-0.55952,-0.73558,-0.82062,-0.78674,-0.66307,-0.52054,-0.45577,-0.55035,-0.81827,-1.1613,-1.4032,-1.3791,-1.0375,-0.45247,0.22708,0.84452,1.277,1.4698,1.4432,1.2787,1.0747,0.90753,0.80579,0.75433,0.72691,0.71263,0.71877,0.76214,0.8466,0.95643,1.0656,1.1552,1.2235,1.2846,1.3589,1.4484,1.5198,1.5153,1.3946,1.1654,0.88023,0.60028,0.38217,0.25554,0.21357,0.22004,0.23222,0.22426,0.20802,0.19713,0.2103,0.24786,0.28746,0.29508,0.24197,0.11755,-0.065051,-0.27678,-0.48139,-0.64533,-0.74947
1.9594,0.89723,0.49081,0.50166,0.56071,0.46168,0.13318,-0.37532,-0.92643,-1.3885,-1.6893,-1.7961,-1.6914,-1.3922,-0.98107,-0.59339,-0.34778,-0.28165,-0.35342,-0.48591,-0.60209,-0.64624,-0.60065,-0.49257,-0.38718,-0.36864,-0.50557,-0.80247,-1.1577,-1.3973,-1.3697,-1.0227,-0.4315,0.26225,0.9005,1.3665,1.6033,1.6325,1.5275,1.379,1.251,1.1667,1.115,1.0797,1.0604,1.0673,1.1126,1.1906,1.2756,1.3409,1.3673,1.3593,1.3422,1.3486,1.395,1.4575,1.4745,1.3974,1.2277,1.0078,0.79793,0.64559,0.56659,0.54175,0.53119,0.50006,0.44295,0.37176,0.32883,0.33557,0.38221,0.43515,0.4561,0.41774,0.31104,0.14575,-0.053307,-0.2511,-0.41796,-0.53605
1.8463,0.78297,0.38974,0.42822,0.50044,0.38716,0.029679,-0.49763,-1.0407,-1.4738,-1.7435,-1.8297,-1.7183,-1.4232,-1.0205,-0.63993,-0.39432,-0.31509,-0.35791,-0.44982,-0.52346,-0.53328,-0.46839,-0.35831,-0.26866,-0.2776,-0.44705,-0.76806,-1.1354,-1.3759,-1.3438,-0.99652,-0.40558,0.2886,0.93578,1.4198,1.6869,1.7563,1.6947,1.5842,1.4814,1.4068,1.3547,1.3152,1.291,1.2966,1.3376,1.4046,1.4722,1.5083,1.4999,1.4519,1.3891,1.3491,1.3579,1.4032,1.4316,1.3896,1.2671,1.1002,0.93865,0.82479,0.77326,0.7644,0.75658,0.71255,0.62327,0.52154,0.44544,0.42474,0.45704,0.51059,0.54316,0.52115,0.4303,0.27931,0.091144,-0.10251,-0.27066,-0.39305
1.7298,0.67505,0.29668,0.36159,0.43895,0.29544,-0.10761,-0.66153,-1.191,-1.584,-1.8132,-1.8732,-1.7536,-1.4634,-1.072,-0.70341,-0.46178,-0.37029,-0.38141,-0.4256,-0.44489,-0.40592,-0.30774,-0.18505,-0.10259,-0.13494,-0.33514,-0.68348,-1.0653,-1.3113,-1.2832,-0.94768,-0.37212,0.31213,0.96418,1.4682,1.7715,1.8863,1.8769,1.8122,1.7413,1.6767,1.6168,1.5623,1.5244,1.5219,1.5593,1.6194,1.671,1.682,1.6381,1.5477,1.439,1.3507,1.3206,1.3445,1.3747,1.3592,1.2853,1.1793,1.0863,1.0385,1.0373,1.0529,1.0409,0.96973,0.84459,0.69554,0.58245,0.53847,0.55617,0.59885,0.62484,0.60454,0.52646,0.39653,0.23257,0.063057,-0.087976,-0.20513
1.6699,0.62869,0.25886,0.3334,0.40563,0.23263,-0.20939,-0.78278,-1.3009,-1.6633,-1.8627,-1.9048,-1.779,-1.4922,-1.1109,-0.75277,-0.51584,-0.41833,-0.41026,-0.42321,-0.40438,-0.32835,-0.2013,-0.06238,0.024622,-0.013841,-0.22545,-0.58681,-0.97847,-1.2343,-1.2226,-0.90786,-0.35224,0.32172,0.97417,1.4899,1.8121,1.9518,1.9691,1.93,1.8777,1.8237,1.7642,1.7011,1.6513,1.6331,1.6564,1.7069,1.7497,1.7559,1.7051,1.6012,1.4707,1.3587,1.3003,1.3062,1.3364,1.3383,1.2936,1.2261,1.173,1.1608,1.1886,1.2257,1.2265,1.1573,1.0168,0.84885,0.70471,0.62319,0.60704,0.62777,0.64604,0.63002,0.56452,0.45204,0.31032,0.16057,0.024234,-0.084222
1.6259,0.61181,0.24847,0.32222,0.37552,0.15631,-0.3395,-0.9388,-1.44,-1.7617,-1.9233,-1.9422,-1.8081,-1.527,-1.1609,-0.81898,-0.59114,-0.49015,-0.4626,-0.44058,-0.37647,-0.2526,-0.08285,0.088308,0.1941,0.16216,-0.052038,-0.41905,-0.8211,-1.0962,-1.1181,-0.84514,-0.32684,0.32304,0.96626,1.4868,1.824,1.9869,2.03,2.0159,1.9828,1.9383,1.8782,1.8051,1.7361,1.6974,1.6993,1.7316,1.767,1.7687,1.7207,1.6241,1.499,1.3805,1.3092,1.2939,1.3056,1.3032,1.2743,1.2406,1.2344,1.2747,1.3499,1.4206,1.4383,1.3709,1.2242,1.0316,0.8527,0.72875,0.66692,0.64605,0.63536,0.6095,0.55488,0.4709,0.36463,0.25221,0.14828,0.063118
1.6203,0.64107,0.27721,0.33562,0.35878,0.089737,-0.45873,-1.0801,-1.562,-1.8456,-1.9728,-1.97,-1.8295,-1.5556,-1.2066,-0.88416,-0.66848,-0.56652,-0.52379,-0.47332,-0.37052,-0.20399,0.0061617,0.21289,0.34751,0.33867,0.14247,-0.21459,-0.62029,-0.91956,-0.98659,-0.76984,-0.30466,0.30589,0.92755,1.4411,1.7827,1.9573,2.0175,2.0225,2.0054,1.9705,1.9064,1.8143,1.7178,1.6461,1.6241,1.6477,1.6857,1.7059,1.6812,1.6087,1.5064,1.4062,1.3357,1.3042,1.2901,1.2679,1.2369,1.2208,1.2489,1.3291,1.442,1.5455,1.5912,1.5463,1.4086,1.2132,1.0055,0.82668,0.6973,0.61614,0.56769,0.53201,0.49271,0.4418,0.38031,0.31264,0.24701,0.19029
1.6381,0.68819,0.31939,0.35785,0.35191,0.046122,-0.53774,-1.1715,-1.6378,-1.8948,-1.999,-1.9824,-1.8391,-1.5726,-1.2382,-0.93227,-0.72839,-0.62784,-0.57488,-0.50489,-0.37679,-0.18255,0.054722,0.287,0.44696,0.46378,0.29269,-0.047154,-0.4509,-0.76987,-0.87716,-0.71175,-0.29573,0.27781,0.87701,1.3807,1.7202,1.8979,1.9631,1.975,1.9661,1.9361,1.8716,1.7698,1.6517,1.5543,1.5078,1.5184,1.5624,1.6025,1.6095,1.5738,1.5061,1.4306,1.3681,1.3249,1.2866,1.24,1.195,1.1822,1.2256,1.3305,1.4725,1.6045,1.6746,1.648,1.5219,1.3231,1.0966,0.88333,0.70742,0.57693,0.48965,0.43717,0.40707,0.38586,0.36366,0.33796,0.3094,0.28065
1.6854,0.77728,0.39563,0.39773,0.34823,-0.0053583,-0.62792,-1.2699,-1.7129,-1.937,-2.0164,-1.9873,-1.8438,-1.59,-1.2786,-0.99742,-0.81226,-0.71788,-0.65499,-0.56137,-0.40276,-0.17607,0.094645,0.36126,0.55911,0.61664,0.48597,0.17749,-0.21809,-0.56155,-0.72622,-0.63711,-0.29569,0.21973,0.78091,1.2635,1.5933,1.7683,1.8386,1.8607,1.864,1.8406,1.7707,1.6484,1.4958,1.3585,1.2806,1.2814,1.3438,1.4243,1.4863,1.5117,1.5019,1.4678,1.4206,1.3576,1.2745,1.182,1.1106,1.0956,1.1612,1.3003,1.4778,1.6422,1.742,1.7428,1.6372,1.4439,1.1955,0.92869,0.67868,0.4763,0.3417,0.27775,0.27,0.29659,0.33193,0.36147,0.38009,0.38803
1.7349,0.85787,0.46343,0.43192,0.34709,-0.039328,-0.68258,-1.324,-1.747,-1.9491,-2.0151,-1.9817,-1.8423,-1.6015,-1.3101,-1.0505,-0.88214,-0.79474,-0.72715,-0.61877,-0.43941,-0.18994,0.10456,0.39831,0.62633,0.71758,0.61962,0.337,-0.049852,-0.40878,-0.61431,-0.58329,-0.30116,0.16517,0.69311,1.1543,1.472,1.6414,1.7132,1.7432,1.7563,1.7404,1.6673,1.5271,1.3454,1.1734,1.0724,1.0737,1.1595,1.2844,1.3964,1.4692,1.4991,1.4925,1.4499,1.3691,1.2524,1.1249,1.0314,1.0147,1.0937,1.2552,1.4583,1.6472,1.7689,1.7881,1.6954,1.5031,1.2397,0.93908,0.63971,0.38368,0.20895,0.13388,0.14744,0.21437,0.30173,0.38041,0.43663,0.46827
1.814,0.97648,0.56163,0.4796,0.34529,-0.078358,-0.73759,-1.3663,-1.7604,-1.9384,-1.9942,-1.9622,-1.8349,-1.6174,-1.3562,-1.1289,-0.98596,-0.91025,-0.83815,-0.71216,-0.50805,-0.23138,0.092263,0.41921,0.6877,0.82467,0.7716,0.52433,0.15428,-0.21979,-0.47393,-0.51712,-0.31619,0.082755,0.56438,0.9974,1.2974,1.4577,1.5261,1.5604,1.5835,1.5763,1.504,1.3497,1.1352,0.92416,0.792,0.7902,0.91368,1.0992,1.2844,1.4275,1.5111,1.5289,1.4791,1.3591,1.1886,1.0156,0.90128,0.89046,0.99553,1.1899,1.4237,1.6388,1.7834,1.823,1.7431,1.5506,1.2638,0.91409,0.5497,0.233,0.023238,-0.050184,-0.0018144,0.12362,0.27091,0.40499,0.50796,0.57539
1.9025,1.1009,0.66249,0.52607,0.34261,-0.11063,-0.77151,-1.3765,-1.7412,-1.903,-1.9569,-1.9349,-1.8265,-1.6357,-1.4082,-1.2157,-1.101,-1.0401,-0.96725,-0.82793,-0.60348,-0.30283,0.049312,0.4112,0.72182,0.90435,0.89444,0.6796,0.32305,-0.063614,-0.35796,-0.46274,-0.3323,0.0046598,0.44073,0.84445,1.1263,1.2747,1.3401,1.3778,1.4097,1.4096,1.3363,1.1678,0.92586,0.68022,0.52724,0.5386,0.70979,0.9681,1.2257,1.4248,1.5401,1.5621,1.4849,1.3146,1.087,0.87183,0.74491,0.7521,0.89044,1.1223,1.3898,1.6322,1.7973,1.8494,1.7733,1.5713,1.2579,0.8659,0.45029,0.087627,-0.1445,-0.20479,-0.11205,0.071126,0.27668,0.45751,0.5925,0.67917
1.9719,1.1943,0.73737,0.55872,0.33906,-0.13112,-0.78473,-1.3657,-1.7092,-1.8628,-1.9214,-1.912,-1.8212,-1.6516,-1.4501,-1.2849,-1.1934,-1.1459,-1.0756,-0.93028,-0.69342,-0.37476,0.00059112,0.39109,0.73395,0.94963,0.96818,0.77271,0.41982,0.024244,-0.29254,-0.4295,-0.33493,-0.033292,0.37247,0.75208,1.0154,1.1518,1.2101,1.248,1.283,1.2884,1.2161,1.0402,0.78459,0.52287,0.36478,0.39379,0.6047,0.91301,1.2153,1.4443,1.5701,1.5815,1.4726,1.259,0.99039,0.75141,0.62554,0.65559,0.82618,1.0895,1.3813,1.6389,1.8112,1.8654,1.786,1.5749,1.2468,0.83302,0.39158,0.0080993,-0.2285,-0.27215,-0.14765,0.0698,0.3067,0.51252,0.66559,0.76351
2.0648,1.3158,0.83326,0.59865,0.33173,-0.1542,-0.78742,-1.3299,-1.6462,-1.7958,-1.8685,-1.8818,-1.8168,-1.6767,-1.5085,-1.379,-1.3185,-1.2919,-1.2298,-1.0806,-0.82921,-0.48622,-0.077901,0.35128,0.73455,0.98776,1.0365,0.85831,0.51034,0.10842,-0.22278,-0.38228,-0.31676,-0.048722,0.32397,0.67431,0.91318,1.0308,1.074,1.1008,1.13,1.1307,1.0561,0.87886,0.61965,0.35955,0.21197,0.26886,0.52704,0.88668,1.2347,1.4936,1.6261,1.6169,1.4611,1.182,0.85322,0.5862,0.47396,0.54385,0.76493,1.071,1.3934,1.6706,1.8533,1.9085,1.8218,1.5952,1.2452,0.80961,0.35479,-0.026643,-0.24436,-0.25835,-0.10305,0.14029,0.39431,0.60994,0.76795,0.86814
2.1559,1.4306,0.92333,0.63434,0.323,-0.17083,-0.77426,-1.2726,-1.564,-1.7185,-1.8143,-1.8571,-1.8207,-1.7075,-1.5661,-1.4655,-1.4325,-1.427,-1.3771,-1.2298,-0.96828,-0.60229,-0.16057,0.30637,0.72654,1.0091,1.0769,0.90653,0.5619,0.15996,-0.17072,-0.3301,-0.27287,-0.020776,0.32966,0.65447,0.86863,0.96189,0.9855,0.9941,1.0052,0.99022,0.90354,0.72242,0.47208,0.2314,0.11795,0.219,0.51984,0.91659,1.287,1.5526,1.6765,1.6426,1.447,1.122,0.75512,0.47347,0.37643,0.48431,0.74736,1.0903,1.4391,1.731,1.9185,1.9711,1.8764,1.6397,1.284,0.85161,0.41223,0.057747,-0.12904,-0.11997,0.043036,0.28196,0.52342,0.72578,0.87345,0.96705
2.2222,1.5109,0.98637,0.65939,0.31736,-0.17773,-0.7531,-1.2165,-1.4927,-1.6582,-1.7784,-1.8473,-1.8329,-1.7349,-1.6051,-1.5172,-1.4992,-1.5086,-1.4699,-1.3279,-1.0632,-0.68328,-0.21772,0.27831,0.72424,1.0241,1.0983,0.92624,0.57644,0.17499,-0.14688,-0.2915,-0.22091,0.033921,0.37532,0.68278,0.877,0.94943,0.95054,0.93427,0.91947,0.88433,0.78752,0.60982,0.37658,0.16428,0.084053,0.21507,0.5389,0.9484,1.3249,1.5916,1.711,1.6656,1.452,1.1052,0.72162,0.43853,0.35624,0.48545,0.77065,1.1301,1.4908,1.7918,1.9859,2.0412,1.9453,1.708,1.3542,0.9329,0.51749,0.19489,0.034351,0.051725,0.20387,0.42072,0.6377,0.81912,0.95155,1.0352
2.3063,1.6102,1.0648,0.69187,0.31499,-0.17601,-0.70806,-1.1253,-1.3896,-1.5791,-1.7409,-1.8497,-1.862,-1.7747,-1.6461,-1.5585,-1.5487,-1.5736,-1.551,-1.4191,-1.1545,-0.76198,-0.27099,0.25701,0.73005,1.0439,1.1157,0.93292,0.57317,0.17583,-0.12268,-0.23384,-0.13145,0.13857,0.47626,0.76887,0.94076,0.98553,0.94593,0.87919,0.81439,0.74086,0.63033,0.46442,0.26372,0.09825,0.063656,0.22828,0.56963,0.98312,1.3597,1.6262,1.7459,1.7003,1.4887,1.1434,0.76183,0.48285,0.40785,0.54598,0.83987,1.2106,1.583,1.8935,2.0925,2.1494,2.0574,1.8258,1.4921,1.1085,0.74197,0.46365,0.32514,0.33392,0.45226,0.62284,0.79483,0.93806,1.041,1.1039
2.3657,1.6789,1.1203,0.71739,0.31973,-0.16333,-0.66031,-1.0455,-1.3081,-1.5237,-1.7224,-1.863,-1.8923,-1.8044,-1.6645,-1.5647,-1.551,-1.5808,-1.5675,-1.4444,-1.1838,-0.78764,-0.2861,0.25602,0.74055,1.0582,1.1247,0.93094,0.56456,0.17348,-0.10271,-0.18224,-0.052511,0.23204,0.56997,0.853,1.0101,1.0336,0.96637,0.8628,0.75705,0.64778,0.5167,0.35277,0.1771,0.050708,0.057851,0.25017,0.59748,1.0057,1.3719,1.6312,1.751,1.715,1.5193,1.199,0.84641,0.58959,0.52012,0.65014,0.92947,1.2862,1.6518,1.9648,2.1737,2.2439,2.1631,1.9485,1.6346,1.2765,0.94009,0.68794,0.55834,0.55138,0.63433,0.76056,0.89299,1.0069,1.0912,1.1433
2.4405,1.7637,1.1904,0.75644,0.33895,-0.1275,-0.57744,-0.92669,-1.1968,-1.4568,-1.7105,-1.8946,-1.9411,-1.8406,-1.6698,-1.5378,-1.5028,-1.5255,-1.5161,-1.4024,-1.1522,-0.76313,-0.263,0.281,0.76711,1.0809,1.1367,0.92855,0.55351,0.17201,-0.072225,-0.10552,0.066408,0.37417,0.71464,0.98347,1.1185,1.1135,1.009,0.85705,0.69471,0.5379,0.38168,0.22416,0.084696,0.0087026,0.058183,0.268,0.60884,0.99807,1.3506,1.6086,1.742,1.7356,1.5871,1.3225,1.0183,0.78416,0.70626,0.8058,1.0519,1.3869,1.7448,2.0612,2.281,2.367,2.309,2.1184,1.8365,1.5167,1.2156,0.98197,0.84419,0.80257,0.83372,0.90457,0.98646,1.0603,1.1171,1.1548
2.5102,1.8407,1.2573,0.8022,0.3762,-0.067295,-0.47175,-0.79556,-1.0853,-1.3986,-1.7135,-1.9408,-1.9966,-1.8711,-1.6534,-1.4723,-1.3987,-1.3983,-1.3816,-1.2743,-1.0409,-0.67339,-0.19342,0.33447,0.8063,1.1059,1.1482,0.92892,0.55154,0.18426,-0.028045,-0.018725,0.19158,0.52194,0.86567,1.125,1.2415,1.2112,1.0692,0.86798,0.65228,0.44914,0.26987,0.11867,0.0095816,-0.024397,0.05801,0.276,0.60062,0.96382,1.2965,1.5521,1.7048,1.7398,1.6514,1.4569,1.2141,1.0097,0.91831,0.97544,1.1694,1.4629,1.8016,2.1221,2.3634,2.4799,2.4524,2.2946,2.0397,1.7389,1.4467,1.2082,1.0475,0.96547,0.94591,0.96668,1.0077,1.0553,1.1013,1.1402
2.5597,1.8938,1.3052,0.84173,0.41681,-0.0051353,-0.37882,-0.6907,-1.0023,-1.3613,-1.7247,-1.9839,-2.0416,-1.8886,-1.6262,-1.3992,-1.2877,-1.2622,-1.2343,-1.1295,-0.91069,-0.56635,-0.11322,0.38894,0.84006,1.1238,1.1546,0.93031,0.55853,0.20749,0.020145,0.057356,0.2885,0.63076,0.9751,1.2282,1.3325,1.284,1.1188,0.88701,0.6379,0.40402,0.20742,0.057971,-0.034498,-0.04623,0.050539,0.26718,0.5764,0.92134,1.2414,1.4965,1.6652,1.7342,1.6946,1.5534,1.3503,1.1566,1.0465,1.0645,1.2212,1.4905,1.8203,2.145,2.4002,2.5374,2.5358,2.3989,2.1619,1.8717,1.5779,1.3224,1.1312,1.012,0.95687,0.95032,0.97328,1.0135,1.0601,1.1048
2.6222,1.9576,1.3666,0.90114,0.48795,0.097434,-0.24046,-0.54532,-0.89444,-1.319,-1.7491,-2.0494,-2.1032,-1.9037,-1.5718,-1.2757,-1.1084,-1.0459,-1.0004,-0.89674,-0.69747,-0.39008,0.015691,0.47142,0.8852,1.1446,1.1626,0.93816,0.57831,0.25173,0.10007,0.17301,0.43142,0.78423,1.1239,1.3606,1.4426,1.369,1.1746,0.91031,0.62606,0.36316,0.14985,-0.00011159,-0.079597,-0.07637,0.024783,0.22947,0.51608,0.83826,1.1491,1.4134,1.6095,1.7225,1.7379,1.6531,1.4912,1.3062,1.1662,1.1315,1.2299,1.4573,1.7728,2.1106,2.3982,2.5763,2.6132,2.5069,2.2831,1.9851,1.6636,1.3661,1.1275,0.96444,0.87575,0.84719,0.86539,0.91169,0.97166,1.0343
2.682,2.0145,1.4249,0.96685,0.57487,0.21749,-0.092237,-0.40089,-0.79361,-1.2862,-1.783,-2.1204,-2.1631,-1.9079,-1.5008,-1.1327,-0.90946,-0.81031,-0.74685,-0.64346,-0.46466,-0.19868,0.15108,0.55001,0.91938,1.1544,1.1694,0.95673,0.61709,0.31854,0.20015,0.30487,0.58559,0.94127,1.2685,1.4816,1.5377,1.4381,1.2166,0.92406,0.61124,0.32571,0.097628,-0.058498,-0.13615,-0.12992,-0.02923,0.16693,0.43812,0.74765,1.0559,1.3328,1.5568,1.7091,1.7662,1.7137,1.563,1.3624,1.1833,1.0935,1.1436,1.3399,1.6486,2.0032,2.3252,2.5459,2.6219,2.5434,2.3276,2.0136,1.654,1.3045,1.0123,0.80606,0.69271,0.66182,0.69255,0.76369,0.85523,0.95097
2.7252,2.0535,1.4661,1.0189,0.64763,0.31434,0.019101,-0.29801,-0.72575,-1.2686,-1.8121,-2.1726,-2.2025,-1.9039,-1.4418,-1.0229,-0.76061,-0.63582,-0.55945,-0.45618,-0.29265,-0.058077,0.24793,0.6011,0.93494,1.1527,1.1701,0.97392,0.65845,0.38683,0.29172,0.41443,0.7024,1.0552,1.3695,1.565,1.6009,1.4791,1.2364,0.92221,0.5902,0.28615,0.04457,-0.11849,-0.19859,-0.19183,-0.091319,0.10244,0.36988,0.67909,0.99212,1.2808,1.5239,1.6989,1.7755,1.7335,1.5771,1.3511,1.1305,0.9962,1.0071,1.1833,1.4954,1.8724,2.2266,2.4804,2.5849,2.5231,2.3088,1.9788,1.5865,1.194,0.86058,0.62742,0.50825,0.48883,0.54623,0.64736,0.76665,0.88693
2.7821,2.1009,1.5176,1.0901,0.74933,0.44533,0.16027,-0.17479,-0.64956,-1.2545,-1.8519,-2.2346,-2.2424,-1.8881,-1.3603,-0.88223,-0.57381,-0.41804,-0.32686,-0.22524,-0.081558,0.11308,0.36329,0.65689,0.9454,1.1419,1.1646,0.9965,0.72406,0.49591,0.43443,0.57648,0.8667,1.2099,1.5031,1.6696,1.6701,1.5112,1.2328,0.88757,0.52803,0.20184,-0.057638,-0.23197,-0.31461,-0.30479,-0.20075,-0.006142,0.26504,0.58151,0.91418,1.2338,1.5108,1.7096,1.7972,1.7394,1.5404,1.2537,0.96738,0.77218,0.74348,0.90687,1.231,1.6384,2.0334,2.3305,2.4708,2.4316,2.2207,1.8711,1.4382,0.99353,0.61182,0.35079,0.23344,0.24448,0.34512,0.49587,0.66352,0.82631
2.8249,2.1333,1.5535,1.1427,0.8256,0.53995,0.25629,-0.097297,-0.60634,-1.2521,-1.8821,-2.274,-2.2624,-1.87,-1.3008,-0.786,-0.44816,-0.27216,-0.17205,-0.073854,0.054098,0.22076,0.43399,0.68945,0.94963,1.1344,1.1637,1.0184,0.77953,0.58485,0.55119,0.70779,0.99933,1.3312,1.6036,1.7426,1.712,1.5215,1.2111,0.83584,0.45101,0.10408,-0.16849,-0.34814,-0.42994,-0.41407,-0.30134,-0.095182,0.18914,0.52616,0.88208,1.223,1.5153,1.7238,1.8018,1.7194,1.4822,1.1468,0.80737,0.56588,0.50624,0.65939,0.99614,1.4331,1.8639,2.1932,2.3568,2.3298,2.1165,1.7503,1.2899,0.81481,0.41166,0.14873,0.05059,0.094534,0.2351,0.41936,0.61239,0.79576
2.8833,2.1738,1.5962,1.2082,0.92202,0.65527,0.36551,-0.017694,-0.57,-1.2606,-1.9217,-2.3153,-2.2747,-1.8379,-1.2242,-0.67135,-0.30246,-0.10477,0.0037974,0.094976,0.20092,0.33343,0.50539,0.72306,0.95695,1.1367,1.1808,1.0663,0.86527,0.71073,0.71186,0.8874,1.1802,1.4928,1.7329,1.829,1.7531,1.5161,1.1611,0.74249,0.31801,-0.060383,-0.35259,-0.53769,-0.61127,-0.57716,-0.44016,-0.20749,0.10444,0.4707,0.85694,1.2275,1.5439,1.7597,1.8255,1.7029,1.3981,0.97928,0.5597,0.25929,0.17084,0.32923,0.69418,1.1676,1.6329,1.99,2.1741,2.155,1.9405,1.5645,1.0874,0.59403,0.18106,-0.072534,-0.13788,-0.04315,0.14753,0.37806,0.60829,0.81764
2.9441,2.2118,1.6333,1.2655,1.0066,0.75273,0.45031,0.033584,-0.55862,-1.2839,-1.9608,-2.344,-2.2718,-1.7988,-1.154,-0.57456,-0.18275,0.03114,0.14532,0.22981,0.31767,0.42306,0.56325,0.75219,0.97062,1.1531,1.2179,1.135,0.96891,0.84814,0.87293,1.0596,1.3487,1.6449,1.8558,1.9139,1.7915,1.5036,1.096,0.62839,0.16085,-0.24926,-0.559,-0.74344,-0.79818,-0.73274,-0.56124,-0.29755,0.044384,0.43996,0.85887,1.2601,1.5958,1.8134,1.8559,1.6864,1.3188,0.83278,0.35329,0.012011,-0.093294,0.068692,0.45222,0.95074,1.4389,1.8111,2.0017,1.9827,1.7624,1.3786,0.89713,0.40951,0.019661,-0.191,-0.20121,-0.052997,0.18029,0.43639,0.67727,0.88783
2.9919,2.2397,1.6567,1.3012,1.0596,0.81192,0.49627,0.053845,-0.56659,-1.3116,-1.992,-2.3592,-2.2616,-1.7672,-1.1066,-0.51312,-0.10834,0.11464,0.23101,0.3105,0.38805,0.47968,0.60475,0.78064,0.99332,1.1795,1.2583,1.1947,1.0516,0.95209,0.99007,1.1814,1.4645,1.7483,1.9399,1.9742,1.8214,1.4972,1.0497,0.5413,0.040886,-0.39369,-0.71099,-0.88584,-0.921,-0.82781,-0.6283,-0.3391,0.024774,0.4411,0.87749,1.292,1.6358,1.8528,1.8847,1.6927,1.2908,0.76561,0.25413,-0.10274,-0.20646,-0.032749,0.36011,0.85966,1.3425,1.7075,1.8899,1.8654,1.642,1.2587,0.78453,0.317,-0.037101,-0.20116,-0.16524,0.018862,0.27203,0.53567,0.77643,0.9828
3.0586,2.2761,1.6817,1.3366,1.1126,0.86979,0.53513,0.058037,-0.5957,-1.3598,-2.0337,-2.3705,-2.239,-1.7229,-1.0504,-0.44546,-0.02769,0.20525,0.32344,0.39653,0.46392,0.54593,0.66375,0.83505,1.0478,1.2393,1.3272,1.2777,1.1534,1.0727,1.1264,1.3236,1.6027,1.8726,2.0431,2.0463,1.8547,1.4859,0.99154,0.44046,-0.095607,-0.5476,-0.865,-1.0251,-1.0316,-0.90741,-0.67697,-0.36038,0.025298,0.46105,0.91432,1.342,1.6928,1.9084,1.9298,1.7195,1.2969,0.75649,0.24166,-0.10593,-0.19711,-0.018366,0.36603,0.84473,1.2992,1.6337,1.7889,1.7435,1.5102,1.1326,0.68444,0.26573,-0.020121,-0.10923,-0.0093609,0.2147,0.48347,0.74247,0.96409,1.1427
3.1108,2.3033,1.6949,1.3521,1.1376,0.8962,0.54822,0.04738,-0.62834,-1.4007,-2.0626,-2.3728,-2.2164,-1.6887,-1.0134,-0.40514,0.019784,0.25977,0.38033,0.45051,0.51298,0.59225,0.71147,0.88754,1.1052,1.3004,1.3899,1.3422,1.2202,1.1442,1.2038,1.4044,1.6836,1.9478,2.1072,2.0926,1.8784,1.4835,0.9637,0.38976,-0.16453,-0.62525,-0.94072,-1.0872,-1.0717,-0.92579,-0.67759,-0.34796,0.047549,0.49151,0.95163,1.3828,1.7324,1.9452,1.9619,1.7505,1.3358,0.81447,0.32696,0.004566,-0.071241,0.10199,0.46142,0.90421,1.3209,1.6214,1.7491,1.6837,1.44,1.0661,0.64215,0.27161,0.05103,0.02627,0.1715,0.41589,0.6852,0.93013,1.1303,1.2847
3.1818,2.3384,1.7049,1.3574,1.1487,0.90796,0.54479,0.017523,-0.68088,-1.4555,-2.0942,-2.367,-2.1811,-1.644,-0.9712,-0.36316,0.06838,0.31762,0.44393,0.51422,0.57443,0.65468,0.78053,0.96661,1.1934,1.3922,1.4783,1.4228,1.2931,1.2132,1.272,1.4724,1.7502,2.0112,2.1636,2.1395,1.9102,1.4956,0.95102,0.35245,-0.21683,-0.681,-0.98308,-1.1052,-1.0662,-0.89666,-0.6299,-0.28721,0.11717,0.56133,1.0142,1.4347,1.7756,1.9832,2.007,1.8172,1.4389,0.96627,0.53124,0.25211,0.18918,0.34333,0.65694,1.0393,1.3937,1.6395,1.7253,1.633,1.3818,1.0251,0.64676,0.34744,0.20949,0.25767,0.45075,0.71547,0.97883,1.2028,1.3724,1.4899
3.2538,2.3717,1.7062,1.344,1.1328,0.89099,0.5184,-0.025986,-0.73526,-1.5019,-2.1119,-2.3484,-2.1413,-1.6033,-0.93838,-0.3348,0.10057,0.35871,0.49293,0.56765,0.63153,0.71846,0.85549,1.0556,1.2916,1.4898,1.5651,1.4919,1.3441,1.25,1.2988,1.4935,1.7674,2.0273,2.1808,2.1574,1.926,1.5046,0.95104,0.34643,-0.22146,-0.67122,-0.95244,-1.0549,-0.9982,-0.81872,-0.54236,-0.19013,0.21858,0.6604,1.1026,1.5073,1.8323,2.0319,2.0604,1.895,1.5652,1.1599,0.7932,0.55625,0.50019,0.61842,0.86676,1.1751,1.4635,1.6595,1.7121,1.6046,1.3552,1.0214,0.69276,0.46768,0.41253,0.52915,0.76152,1.0341,1.2864,1.4845,1.6192,1.6969
3.3071,2.3954,1.7009,1.321,1.1025,0.85869,0.48356,-0.065035,-0.77267,-1.5254,-2.1103,-2.3242,-2.1089,-1.5772,-0.9237,-0.32602,0.11195,0.37764,0.5199,0.60142,0.67189,0.76757,0.9164,1.1273,1.3682,1.5619,1.625,1.5344,1.368,1.2562,1.2909,1.4767,1.747,2.0086,2.1669,2.1496,1.923,1.5047,0.95335,0.35337,-0.20597,-0.64116,-0.90378,-0.98771,-0.91615,-0.72596,-0.44239,-0.083919,0.3282,0.76617,1.196,1.5818,1.888,2.0761,2.1087,1.9663,1.6755,1.3155,0.98705,0.77057,0.70576,0.79165,0.99256,1.2491,1.4915,1.6539,1.6887,1.5797,1.3459,1.0445,0.76254,0.5918,0.58738,0.74034,0.99016,1.2637,1.5041,1.6838,1.7962,1.8495
3.375,2.4234,1.6855,1.2728,1.0355,0.78767,0.41637,-0.12375,-0.81393,-1.5359,-2.0849,-2.2752,-2.0601,-1.5481,-0.91815,-0.33298,0.10741,0.38544,0.54257,0.63747,0.72096,0.83254,0.99943,1.2247,1.4708,1.6574,1.702,1.5839,1.3856,1.2414,1.2487,1.4154,1.6774,1.9403,2.1086,2.1053,1.8945,1.4908,0.95451,0.36974,-0.17028,-0.5859,-0.8262,-0.88408,-0.78746,-0.56783,-0.25656,0.12094,0.539,0.96509,1.3679,1.7194,1.9929,2.1597,2.189,2.0677,1.8192,1.5086,1.2169,1.0089,0.92059,0.95432,1.0877,1.2777,1.4681,1.601,1.6306,1.5379,1.3398,1.0919,0.87769,0.77856,0.83443,1.0246,1.2868,1.553,1.7758,1.9313,2.0165,2.041
3.4369,2.4456,1.6607,1.2048,0.93793,0.68159,0.32291,-0.19024,-0.84194,-1.5187,-2.0298,-2.2047,-2.0041,-1.5262,-0.92989,-0.36362,0.076371,0.36805,0.54505,0.66038,0.76345,0.89427,1.0795,1.3194,1.5718,1.7529,1.7792,1.6326,1.3964,1.2111,1.1787,1.3153,1.5626,1.8266,2.0073,2.0242,1.8347,1.4522,0.93562,0.37332,-0.14021,-0.52263,-0.72717,-0.75044,-0.61732,-0.36395,-0.020332,0.38215,0.80809,1.2225,1.5967,1.9108,2.1483,2.2877,2.3067,2.1911,1.9591,1.6657,1.3805,1.1603,1.035,1.014,1.0857,1.2207,1.3744,1.4953,1.5402,1.4846,1.3417,1.1619,1.02,0.98453,1.0833,1.2915,1.5517,1.8044,2.008,2.1446,2.2129,2.2221
3.4773,2.4574,1.6354,1.1408,0.84409,0.57822,0.23487,-0.24517,-0.8539,-1.4881,-1.9691,-2.1385,-1.9584,-1.5158,-0.95263,-0.40546,0.032588,0.33546,0.53097,0.66697,0.78922,0.93652,1.136,1.386,1.6426,1.8197,1.8341,1.6682,1.4053,1.1864,1.1189,1.2255,1.4552,1.7156,1.9052,1.9377,1.7665,1.4039,0.90714,0.3674,-0.12235,-0.47654,-0.64986,-0.63895,-0.46888,-0.1792,0.19492,0.61738,1.048,1.4524,1.8043,2.0884,2.2942,2.409,2.4112,2.2889,2.0561,1.7607,1.4658,1.223,1.0658,1.0035,1.0303,1.1269,1.2596,1.3833,1.4521,1.4396,1.3509,1.2274,1.1354,1.1364,1.2555,1.4696,1.7254,1.9676,2.1593,2.2831,2.3395,2.34
3.521,2.4652,1.5924,1.0387,0.69141,0.40796,0.092015,-0.32518,-0.85883,-1.426,-1.8655,-2.0348,-1.8941,-1.51,-1.001,-0.48683,-0.053996,0.2668,0.49286,0.66191,0.81367,0.98497,1.2027,1.4649,1.7263,1.8998,1.9018,1.7138,1.4187,1.1549,1.0355,1.0947,1.2908,1.5391,1.737,1.7917,1.6517,1.3215,0.86162,0.35715,-0.094711,-0.41498,-0.54827,-0.4849,-0.25572,0.097376,0.52313,0.9737,1.4067,1.789,2.1038,2.3461,2.5126,2.5946,2.5722,2.4313,2.1812,1.8638,1.5366,1.2515,1.0409,0.92122,0.89722,0.96028,1.0843,1.2265,1.3388,1.3865,1.3674,1.3146,1.2831,1.3243,1.459,1.6688,1.9099,2.1357,2.3126,2.4276,2.4811,2.4833
3.5445,2.4637,1.5527,0.95064,0.55705,0.25557,-0.034819,-0.39252,-0.85793,-1.3678,-1.7757,-1.9488,-1.8441,-1.5109,-1.0497,-0.56625,-0.14053,0.19462,0.44741,0.64563,0.82223,1.0116,1.2418,1.5126,1.7775,1.9496,1.9446,1.7426,1.4239,1.1264,0.96716,0.98895,1.1591,1.397,1.5996,1.6692,1.5505,1.2454,0.81393,0.34099,-0.077643,-0.36149,-0.45585,-0.3503,-0.075067,0.32024,0.77882,1.2467,1.6786,2.0434,2.3309,2.5431,2.6826,2.7411,2.7022,2.5442,2.2714,1.9242,1.563,1.2401,0.99073,0.83438,0.78013,0.82633,0.95284,1.1173,1.2672,1.3606,1.3881,1.3766,1.3759,1.4344,1.5738,1.7793,2.0116,2.2273,2.3969,2.506,2.5571,2.563
3.5617,2.4504,1.4903,0.81897,0.3538,0.021,-0.22978,-0.49469,-0.85668,-1.283,-1.6483,-1.8287,-1.7744,-1.5154,-1.1282,-0.69578,-0.28572,0.068187,0.36148,0.60543,0.82055,1.0361,1.2803,1.5569,1.8214,1.99,1.9767,1.7601,1.4143,1.0763,0.86813,0.84198,0.97892,1.203,1.4104,1.4991,1.4075,1.1369,0.74325,0.31592,-0.052536,-0.27853,-0.31423,-0.15212,0.17892,0.62072,1.1126,1.595,2.0192,2.3613,2.6154,2.79,2.8939,2.9247,2.8605,2.6799,2.3812,1.9989,1.5911,1.2157,0.91304,0.7103,0.62522,0.66213,0.8024,1.0004,1.1966,1.3414,1.4182,1.4467,1.4708,1.5365,1.6684,1.8589,2.0759,2.2813,2.4453,2.5565,2.6169,2.6393
3.5603,2.4232,1.4171,0.67429,0.12782,-0.24501,-0.45085,-0.61017,-0.85775,-1.1962,-1.5178,-1.7052,-1.7011,-1.5198,-1.2164,-0.84886,-0.46382,-0.092538,0.24604,0.54329,0.80363,1.0473,1.3012,1.5735,1.8278,1.9859,1.964,1.7379,1.376,1.0097,0.76171,0.69448,0.79913,1.0086,1.2182,1.3254,1.2632,1.0317,0.68398,0.30773,-0.0051253,-0.17721,-0.15886,0.056245,0.43224,0.90956,1.4193,1.8995,2.3061,2.6183,2.839,2.9839,3.0654,3.0785,3.0025,2.8054,2.4799,2.06,1.6076,1.1844,0.83881,0.60384,0.50194,0.54096,0.70178,0.93292,1.1644,1.3438,1.4461,1.4869,1.5091,1.562,1.6763,1.8509,2.0573,2.2574,2.4237,2.5421,2.615,2.6572
3.5461,2.3929,1.3559,0.55984,-0.05235,-0.45924,-0.62953,-0.704,-0.86203,-1.1339,-1.4228,-1.6135,-1.6452,-1.5226,-1.2856,-0.97393,-0.61451,-0.23267,0.142,0.48301,0.77924,1.0427,1.2998,1.5625,1.8031,1.9482,1.9184,1.6868,1.3187,0.94048,0.67371,0.58586,0.67245,0.87124,1.0801,1.196,1.1544,0.9532,0.64723,0.31784,0.05155,-0.077437,-0.022321,0.22192,0.61798,1.1041,1.6112,2.0794,2.4686,2.7596,2.9596,3.0862,3.1536,3.158,3.0762,2.8749,2.5413,2.1043,1.6253,1.1715,0.79704,0.54387,0.43906,0.48838,0.66598,0.91383,1.1607,1.3472,1.4506,1.4856,1.495,1.5299,1.6252,1.7843,1.9818,2.1811,2.3515,2.4788,2.5653,2.6263
3.5095,2.3397,1.2675,0.40431,-0.29799,-0.75455,-0.87605,-0.83323,-0.87216,-1.0581,-1.3046,-1.4975,-1.5723,-1.5251,-1.378,-1.1463,-0.82792,-0.4356,-0.013306,0.38551,0.72794,1.0144,1.2694,1.5121,1.7272,1.851,1.8078,1.569,1.1967,0.81369,0.54014,0.44235,0.5184,0.70783,0.91459,1.0389,1.0219,0.86288,0.61469,0.35266,0.15299,0.082003,0.17717,0.44159,0.84177,1.317,1.8043,2.2465,2.6047,2.8672,3.043,3.153,3.2125,3.2175,3.1388,2.9382,2.5992,2.1485,1.6473,1.1651,0.76547,0.49658,0.39187,0.45687,0.65708,0.92284,1.1737,1.3541,1.4393,1.4449,1.4162,1.4103,1.4705,1.6071,1.7962,1.9973,2.1788,2.3228,2.4306,2.5183
3.4687,2.2908,1.1976,0.28918,-0.47838,-0.97347,-1.0581,-0.92789,-0.88217,-1.0084,-1.2245,-1.4173,-1.5202,-1.5242,-1.443,-1.2733,-0.98924,-0.59211,-0.13682,0.3027,0.67648,0.97571,1.2242,1.4486,1.6403,1.7446,1.6888,1.4459,1.0747,0.69735,0.43004,0.33564,0.41182,0.59909,0.80493,0.9373,0.93916,0.81312,0.60665,0.39308,0.24199,0.21082,0.33082,0.60159,0.99084,1.4444,1.9028,2.3134,2.643,2.8807,3.0402,3.144,3.2066,3.2195,3.1534,2.9634,2.6284,2.1734,1.6609,1.1651,0.75428,0.48397,0.38833,0.46755,0.6792,0.94779,1.1913,1.3522,1.4088,1.3785,1.3105,1.2668,1.2967,1.414,1.5955,1.7995,1.9898,2.1476,2.2735,2.3835
3.398,2.2149,1.1026,0.14401,-0.70212,-1.2447,-1.2805,-1.0428,-0.89662,-0.95334,-1.1328,-1.3223,-1.455,-1.5186,-1.5201,-1.4336,-1.2007,-0.80276,-0.30681,0.18356,0.59415,0.9051,1.1404,1.3336,1.4879,1.5604,1.4878,1.2458,0.88984,0.53494,0.28897,0.20801,0.28694,0.47042,0.67437,0.81572,0.84397,0.7624,0.61578,0.46814,0.37927,0.39251,0.53259,0.79597,1.1527,1.5582,1.961,2.3186,2.6052,2.8152,2.9623,3.0664,3.1387,3.17,3.1244,2.9563,2.6395,2.194,1.6811,1.1801,0.76381,0.49546,0.41257,0.51034,0.73486,1.0002,1.2213,1.3425,1.3453,1.2522,1.1177,1.0118,0.99262,1.0797,1.25,1.4588,1.6638,1.8436,1.9969,2.1381
3.31,2.1289,1.0086,0.015652,-0.89096,-1.4712,-1.4632,-1.1366,-0.91113,-0.91162,-1.0591,-1.2411,-1.3932,-1.505,-1.5803,-1.5749,-1.3984,-1.0069,-0.4771,0.057946,0.50044,0.81906,1.0358,1.1907,1.3029,1.3443,1.2623,1.0323,0.70622,0.38589,0.16849,0.10505,0.18624,0.36495,0.56539,0.7124,0.7638,0.72283,0.63605,0.55379,0.52187,0.57009,0.71476,0.95259,1.2607,1.6016,1.9362,2.2321,2.4721,2.6564,2.7993,2.9169,3.0143,3.0751,3.0595,2.9173,2.6212,2.1914,1.6903,1.1972,0.79205,0.53923,0.47459,0.58708,0.81469,1.0657,1.2532,1.3221,1.2594,1.0919,0.88031,0.7028,0.6265,0.67758,0.83369,1.0472,1.2679,1.4714,1.6533,1.8261
3.2344,2.0596,0.94185,-0.06381,-1.0006,-1.5989,-1.5642,-1.1892,-0.92034,-0.88885,-1.0153,-1.1895,-1.3499,-1.4897,-1.6122,-1.6633,-1.5294,-1.1473,-0.59757,-0.03388,0.42815,0.74831,0.94796,1.0735,1.1564,1.1803,1.0983,0.88478,0.58432,0.29116,0.096192,0.045193,0.1318,0.30883,0.50528,0.65267,0.71438,0.69993,0.64918,0.60866,0.61096,0.67924,0.82121,1.0336,1.2995,1.5877,1.8678,2.1153,2.3202,2.4877,2.6317,2.7653,2.888,2.9759,2.9872,2.8688,2.5922,2.1783,1.6909,1.2118,0.82005,0.58281,0.53464,0.65959,0.88897,1.1262,1.2837,1.3071,1.1873,0.95621,0.6802,0.4446,0.32377,0.34798,0.49413,0.70813,0.94264,1.1662,1.3712,1.5672
3.124,1.9637,0.86188,-0.14227,-1.0942,-1.7003,-1.6438,-1.2325,-0.9303,-0.8693,-0.97212,-1.1332,-1.2977,-1.4642,-1.6364,-1.7533,-1.6736,-1.3076,-0.73951,-0.14679,0.33379,0.65168,0.82828,0.91969,0.97076,0.98115,0.91093,0.73124,0.4718,0.2162,0.046117,0.003325,0.086576,0.25148,0.4362,0.58177,0.65833,0.67557,0.66543,0.66332,0.69449,0.77128,0.90148,1.0811,1.2914,1.5105,1.7141,1.8924,2.0513,2.2043,2.3653,2.5352,2.6991,2.827,2.8685,2.7753,2.5244,2.1387,1.6803,1.229,0.86444,0.65113,0.62353,0.76264,0.99297,1.2106,1.3232,1.2825,1.0831,0.76631,0.4085,0.10222,-0.074705,-0.090358,0.033607,0.24571,0.49066,0.73686,0.97252,1.2028
3.007,1.8689,0.79578,-0.18524,-1.1228,-1.7181,-1.6573,-1.2453,-0.9367,-0.86166,-0.94631,-1.0934,-1.2551,-1.4355,-1.6411,-1.8068,-1.7713,-1.4235,-0.84703,-0.237,0.25414,0.56777,0.72424,0.78662,0.81362,0.82141,0.77657,0.64451,0.4376,0.21938,0.062413,0.010651,0.067987,0.20568,0.37247,0.5147,0.60303,0.6409,0.65659,0.67763,0.72293,0.80151,0.91558,1.0577,1.2118,1.3605,1.4915,1.6095,1.7331,1.8813,2.0648,2.2747,2.4852,2.6542,2.7304,2.6634,2.4328,2.0672,1.6342,1.2146,0.88627,0.71173,0.71764,0.87518,1.1016,1.2911,1.3563,1.248,0.97218,0.57821,0.14935,-0.21713,-0.44123,-0.49092,-0.38839,-0.18678,0.063659,0.32713,0.58912,0.8512
2.9186,1.8015,0.75727,-0.19293,-1.1008,-1.6782,-1.6274,-1.2364,-0.93955,-0.86304,-0.93869,-1.0754,-1.2314,-1.4149,-1.6339,-1.8217,-1.8091,-1.4733,-0.89603,-0.28043,0.21283,0.52084,0.66366,0.70872,0.72414,0.73768,0.721,0.6299,0.46123,0.26379,0.10631,0.037612,0.070468,0.18546,0.33615,0.47139,0.55983,0.60425,0.62847,0.65839,0.70714,0.78085,0.87636,0.98647,1.0999,1.2006,1.2864,1.3692,1.4734,1.6262,1.8323,2.0751,2.3196,2.5174,2.6129,2.5584,2.3387,1.9879,1.5763,1.1856,0.88872,0.7441,0.77354,0.94382,1.1689,1.3411,1.3713,1.2186,0.89138,0.44722,-0.022098,-0.41645,-0.66137,-0.73242,-0.65244,-0.4675,-0.22276,0.048418,0.32867,0.61403
2.8046,1.7203,0.72375,-0.16934,-1.0177,-1.5637,-1.5424,-1.205,-0.94195,-0.87391,-0.94197,-1.0659,-1.2116,-1.3904,-1.6128,-1.8107,-1.8114,-1.4852,-0.91181,-0.29819,0.19045,0.48803,0.61421,0.6412,0.65013,0.68017,0.70551,0.66713,0.54031,0.36028,0.192,0.093336,0.089664,0.17086,0.29585,0.41599,0.49915,0.54329,0.56875,0.5949,0.63399,0.68931,0.7592,0.83546,0.9039,0.95253,0.98437,1.0237,1.1094,1.273,1.5154,1.8059,2.095,2.3252,2.4369,2.3875,2.1725,1.8363,1.4542,1.106,0.86054,0.76591,0.83379,1.0224,1.2417,1.3854,1.371,1.1628,0.78246,0.29887,-0.19137,-0.59501,-0.85262,-0.9504,-0.9084,-0.75917,-0.53777,-0.27002,0.025666,0.33978
2.7255,1.6687,0.71391,-0.12745,-0.91999,-1.4399,-1.4512,-1.1693,-0.94304,-0.88753,-0.95283,-1.068,-1.2039,-1.3735,-1.5877,-1.7786,-1.7765,-1.4536,-0.88715,-0.28145,0.19866,0.48681,0.60282,0.62157,0.62981,0.67338,0.72652,0.72065,0.61896,0.44662,0.26796,0.14513,0.11322,0.16889,0.27469,0.38136,0.45446,0.49096,0.5062,0.52035,0.54519,0.58568,0.63967,0.69508,0.73538,0.74906,0.74346,0.75403,0.83065,1.0059,1.2773,1.603,1.9228,2.1728,2.2921,2.2397,2.0197,1.6875,1.3262,1.0129,0.81335,0.7638,0.86464,1.0674,1.2817,1.4056,1.3616,1.1228,0.71762,0.2218,-0.26574,-0.65879,-0.91272,-1.0253,-1.0152,-0.90446,-0.70864,-0.45082,-0.15097,0.17546
2.6328,1.6171,0.72237,-0.041295,-0.75186,-1.2383,-1.3043,-1.1106,-0.9441,-0.91136,-0.97617,-1.0804,-1.2012,-1.3519,-1.542,-1.7051,-1.6828,-1.3583,-0.80628,-0.21978,0.24263,0.51566,0.6195,0.63044,0.63961,0.69786,0.77881,0.80489,0.72558,0.55735,0.36369,0.2134,0.14964,0.177,0.25932,0.34717,0.40213,0.42035,0.41675,0.41224,0.41799,0.43615,0.462,0.48387,0.48601,0.46,0.41958,0.40599,0.47596,0.66675,0.96768,1.3283,1.6792,1.9472,2.0708,2.0117,1.7842,1.4581,1.126,0.86727,0.73314,0.74624,0.89327,1.1178,1.3287,1.4292,1.3529,1.0835,0.66374,0.18064,-0.26952,-0.62291,-0.86397,-1.0042,-1.0525,-1.0047,-0.86186,-0.63129,-0.33407,0.0060724
2.5603,1.5893,0.75784,0.075327,-0.55208,-1.0093,-1.1379,-1.0412,-0.94331,-0.94004,-1.0082,-1.1023,-1.2055,-1.3303,-1.4833,-1.6008,-1.5419,-1.2101,-0.67738,-0.11931,0.31762,0.57114,0.66102,0.66359,0.6721,0.73918,0.83735,0.88124,0.81205,0.6426,0.43869,0.27353,0.19339,0.20274,0.2674,0.33512,0.37092,0.36748,0.34367,0.31756,0.30148,0.29805,0.3003,0.29382,0.26167,0.19589,0.11668,0.075339,0.13606,0.34018,0.66871,1.0582,1.4296,1.708,1.826,1.7548,1.5208,1.2068,0.91354,0.71763,0.66075,0.74611,0.94324,1.1869,1.3897,1.4679,1.3692,1.0922,0.69054,0.24928,-0.15103,-0.46883,-0.70506,-0.87513,-0.97987,-1.0028,-0.91833,-0.72504,-0.44249,-0.10145
2.5225,1.5865,0.80234,0.17946,-0.38858,-0.82692,-1.0031,-0.98092,-0.93836,-0.96152,-1.0355,-1.1231,-1.2111,-1.3123,-1.4302,-1.5045,-1.4118,-1.0726,-0.55685,-0.025075,0.38725,0.62215,0.69968,0.69538,0.70102,0.7699,0.87278,0.92177,0.85435,0.68365,0.47583,0.30753,0.22642,0.2355,0.29723,0.3567,0.37878,0.35821,0.31465,0.26942,0.2365,0.21982,0.20955,0.18599,0.12947,0.033866,-0.076619,-0.1427,-0.093114,0.11131,0.45041,0.85449,1.2386,1.5226,1.6413,1.566,1.3318,1.0327,0.77499,0.6341,0.63445,0.76943,1.0011,1.2621,1.4674,1.5388,1.4336,1.1601,0.7772,0.37105,0.012064,-0.27695,-0.51181,-0.70958,-0.86119,-0.93408,-0.89608,-0.73794,-0.48054,-0.15758
2.4971,1.6095,0.88444,0.33675,-0.15917,-0.57735,-0.81271,-0.88675,-0.92106,-0.98652,-1.0743,-1.1553,-1.2218,-1.2859,-1.3496,-1.3606,-1.2183,-0.86739,-0.37621,0.11513,0.48793,0.69105,0.74594,0.72761,0.72639,0.79299,0.89507,0.9448,0.87862,0.70903,0.50418,0.34219,0.27355,0.29836,0.36988,0.43019,0.43932,0.39901,0.33066,0.26336,0.21282,0.1796,0.14965,0.099341,0.00823,-0.12484,-0.26977,-0.36354,-0.33323,-0.13888,0.19532,0.59923,0.98723,1.2774,1.4015,1.3336,1.1149,0.84982,0.65177,0.58646,0.67049,0.87663,1.1532,1.4309,1.6342,1.7002,1.5999,1.3494,1.0091,0.65098,0.32617,0.046147,-0.20435,-0.43714,-0.6389,-0.77367,-0.7952,-0.68888,-0.46826,-0.16746
2.5017,1.662,0.99116,0.50949,0.075482,-0.32536,-0.61209,-0.77374,-0.88677,-1.002,-1.1109,-1.1895,-1.2331,-1.2549,-1.2589,-1.2034,-1.0131,-0.65396,-0.1908,0.25507,0.58066,0.74304,0.76755,0.7302,0.72139,0.78654,0.89032,0.94071,0.87676,0.71214,0.51945,0.37755,0.33447,0.38407,0.47435,0.54099,0.54735,0.49714,0.41845,0.33891,0.27367,0.22176,0.16918,0.093272,-0.026356,-0.18975,-0.36613,-0.49021,-0.48641,-0.31708,-0.0022282,0.38834,0.76918,1.0605,1.197,1.1553,0.98185,0.78125,0.65876,0.67187,0.82033,1.072,1.3768,1.6709,1.8852,1.9636,1.8818,1.6623,1.3577,1.032,0.72638,0.44481,0.17066,-0.10282,-0.35388,-0.53445,-0.60749,-0.54932,-0.37487,-0.11948
2.5239,1.7198,1.085,0.64517,0.25117,-0.13827,-0.45573,-0.67523,-0.8462,-1.0034,-1.1336,-1.2135,-1.2401,-1.2284,-1.185,-1.0804,-0.85938,-0.50033,-0.062579,0.34585,0.63248,0.76095,0.76017,0.70825,0.6949,0.76314,0.8726,0.92705,0.86568,0.70728,0.52715,0.40596,0.38776,0.46055,0.56954,0.64601,0.65734,0.60675,0.52644,0.44168,0.36607,0.30052,0.23077,0.1364,-0.00028249,-0.17817,-0.36555,-0.50038,-0.51323,-0.36995,-0.08996,0.26749,0.62877,0.91839,1.0751,1.0736,0.9529,0.80984,0.74441,0.80835,0.99827,1.2818,1.6067,1.9107,2.1307,2.2185,2.1564,1.9627,1.6845,1.3736,1.0633,0.76138,0.46233,0.16769,-0.10101,-0.30792,-0.40512,-0.37969,-0.24309,-0.02588
2.5756,1.8174,1.2241,0.83031,0.48068,0.10655,-0.24097,-0.52616,-0.77156,-0.99003,-1.1558,-1.2416,-1.2471,-1.1899,-1.0833,-0.91775,-0.66349,-0.31294,0.083803,0.43759,0.66934,0.74904,0.71039,0.63686,0.62085,0.70205,0.82925,0.89921,0.84948,0.70427,0.54294,0.44876,0.46394,0.57196,0.71015,0.81136,0.8374,0.79442,0.71076,0.61639,0.52678,0.44217,0.35143,0.23793,0.090091,-0.089338,-0.27226,-0.40885,-0.44415,-0.34513,-0.12163,0.18282,0.50753,0.78925,0.97052,1.0281,0.99506,0.95021,0.97116,1.0959,1.3246,1.6267,1.9594,2.2695,2.5014,2.6104,2.5757,2.4139,2.161,1.8598,1.5407,1.2155,0.88686,0.56401,0.27175,0.048542,-0.078788,-0.093742,-0.0072416,0.15468
2.6284,1.9024,1.3359,0.96907,0.64699,0.28571,-0.076823,-0.40191,-0.70065,-0.96832,-1.1659,-1.2611,-1.2527,-1.1614,-1.0091,-0.80216,-0.52905,-0.19005,0.17258,0.48269,0.66962,0.70815,0.63712,0.54624,0.53227,0.63222,0.7844,0.87684,0.8443,0.71398,0.56882,0.49342,0.52884,0.65736,0.81424,0.93309,0.97337,0.94045,0.85988,0.7613,0.6607,0.56033,0.45509,0.33394,0.18814,0.022641,-0.14348,-0.27185,-0.31737,-0.25467,-0.083296,0.16832,0.45525,0.72547,0.93103,1.0441,1.0835,1.1093,1.185,1.3453,1.5926,1.9048,2.244,2.5608,2.8022,2.9253,2.91,2.7664,2.5242,2.221,1.888,1.5441,1.2011,0.87285,0.58144,0.35145,0.21658,0.17926,0.22918,0.34551
2.7122,2.0264,1.4886,1.1499,0.85817,0.51527,0.14368,-0.22385,-0.5892,-0.92518,-1.1717,-1.2848,-1.2601,-1.1245,-0.91507,-0.66088,-0.37188,-0.054325,0.25976,0.50785,0.62935,0.60664,0.48685,0.37116,0.36635,0.50649,0.71221,0.85129,0.85387,0.74938,0.62677,0.57082,0.62321,0.76574,0.9386,1.073,1.1314,1.1135,1.0444,0.94712,0.83527,0.71637,0.59141,0.46092,0.32714,0.18969,0.06242,-0.035043,-0.082294,-0.058862,0.039047,0.20594,0.42623,0.67214,0.90593,1.0959,1.2366,1.3568,1.5002,1.6982,1.9621,2.2784,2.617,2.9345,3.1827,3.3202,3.3235,3.1984,2.9687,2.668,2.328,1.9728,1.6207,1.2895,0.99999,0.77457,0.62576,0.56109,0.57253,0.64477
2.8043,2.1546,1.6397,1.3199,1.0532,0.73155,0.36033,-0.039157,-0.46435,-0.8696,-1.1711,-1.3066,-1.2682,-1.0914,-0.83105,-0.53959,-0.24477,0.044456,0.30576,0.48915,0.54281,0.4552,0.28254,0.14179,0.15347,0.3491,0.62553,0.82932,0.88063,0.80891,0.70504,0.65665,0.70888,0.85196,1.0308,1.1794,1.2543,1.2502,1.1863,1.0851,0.96252,0.82795,0.69202,0.56465,0.45253,0.3598,0.28373,0.22276,0.18092,0.1656,0.19317,0.28013,0.43599,0.65421,0.91078,1.1662,1.3925,1.5918,1.7905,2.0182,2.2916,2.6076,2.9436,3.2606,3.5121,3.6566,3.6717,3.5553,3.3296,3.0288,2.6885,2.3386,2.0011,1.692,1.4246,1.2134,1.0622,0.97463,0.94789,0.97606
2.8741,2.2487,1.7482,1.4386,1.1876,0.88263,0.51553,0.097454,-0.36801,-0.82451,-1.1685,-1.3228,-1.2761,-1.071,-0.7774,-0.46409,-0.17032,0.093916,0.31405,0.44886,0.4516,0.31417,0.099992,-0.060471,-0.033378,0.2117,0.55114,0.81285,0.90731,0.86252,0.77082,0.72172,0.76528,0.89893,1.073,1.2244,1.3064,1.31,1.2506,1.1494,1.0223,0.87973,0.73797,0.61474,0.52243,0.46377,0.42723,0.39707,0.36358,0.3292,0.31332,0.34543,0.45353,0.64927,0.91682,1.2128,1.4929,1.7414,1.9747,2.2191,2.4989,2.8128,3.1419,3.4511,3.697,3.84,3.8548,3.7437,3.5259,3.2337,2.903,2.5659,2.2461,1.9592,1.7145,1.5163,1.3697,1.2754,1.2319,1.2377
2.9621,2.3656,1.8812,1.5829,1.3501,1.0678,0.70827,0.27011,-0.24423,-0.76516,-1.1646,-1.3447,-1.2894,-1.0517,-0.72052,-0.38517,-0.09826,0.13053,0.29616,0.36755,0.30385,0.10021,-0.17199,-0.36125,-0.31128,0.0085297,0.44401,0.7898,0.94347,0.93475,0.85609,0.80066,0.82484,0.93364,1.088,1.2287,1.3101,1.3192,1.2663,1.1695,1.0411,0.89605,0.75393,0.64111,0.57739,0.56112,0.57223,0.58017,0.56006,0.51085,0.45347,0.42797,0.48068,0.6461,0.92126,1.2615,1.6007,1.8988,2.1604,2.4178,2.6928,2.9971,3.3162,3.6155,3.8506,3.9819,3.9898,3.8726,3.6552,3.3754,3.0729,2.7789,2.5108,2.2738,2.0671,1.8959,1.7514,1.6422,1.5758,1.5593
3.0207,2.4438,1.9703,1.6788,1.459,1.1931,0.84015,0.38815,-0.16008,-0.7248,-1.1627,-1.3615,-1.3016,-1.0435,-0.69022,-0.34379,-0.064988,0.13693,0.26371,0.29138,0.18232,-0.067209,-0.38078,-0.59268,-0.52669,-0.15238,0.35469,0.76359,0.96415,0.98334,0.91333,0.84896,0.84969,0.92981,1.0606,1.1882,1.2668,1.2773,1.2278,1.1332,1.0071,0.86458,0.72901,0.63051,0.58901,0.60449,0.64747,0.67831,0.66868,0.61018,0.52909,0.47266,0.49674,0.64485,0.92299,1.2824,1.648,1.9709,2.2499,2.5117,2.7849,3.0778,3.3787,3.657,3.8723,3.9878,3.9821,3.8621,3.6534,3.3941,3.1222,2.8656,2.6388,2.444,2.2763,2.1261,1.9982,1.8937,1.8188,1.7837
3.0843,2.5312,2.0718,1.7895,1.5869,1.3404,0.9945,0.5238,-0.066351,-0.68266,-1.1644,-1.3848,-1.32,-1.0402,-0.66474,-0.31056,-0.046622,0.11941,0.19849,0.17549,0.016598,-0.28086,-0.63571,-0.87004,-0.78658,-0.3545,0.22887,0.71191,0.97184,1.0277,0.96862,0.88816,0.8511,0.88652,0.97872,1.0832,1.1509,1.1584,1.1102,1.0215,0.90701,0.77966,0.66262,0.58539,0.5706,0.61508,0.68816,0.74503,0.74825,0.6905,0.59578,0.51485,0.51186,0.64355,0.92082,1.2947,1.6803,2.0177,2.3009,2.557,2.815,3.0864,3.36,3.606,3.7858,3.8665,3.835,3.7002,3.4968,3.2689,3.0552,2.8765,2.7329,2.6112,2.4962,2.383,2.2641,2.1513,2.0602,2.0094
3.127,2.5954,2.1516,1.8811,1.6954,1.4657,1.1218,0.63022,0.0012726,-0.65726,-1.1718,-1.4067,-1.3365,-1.0399,-0.65034,-0.2975,-0.054171,0.076012,0.11224,0.048418,-0.14378,-0.46667,-0.8399,-1.0817,-0.98661,-0.51824,0.11547,0.65109,0.95451,1.0377,0.98771,0.89247,0.82123,0.80935,0.85615,0.92415,0.9707,0.97115,0.92786,0.85392,0.76022,0.65906,0.56893,0.51792,0.52816,0.59629,0.69091,0.76387,0.77589,0.71718,0.61259,0.51746,0.50196,0.62562,0.90429,1.2848,1.6763,2.0142,2.2894,2.5274,2.7583,2.993,3.2229,3.4214,3.5536,3.5907,3.5221,3.3725,3.1828,3.001,2.861,2.7713,2.7176,2.6756,2.623,2.5447,2.4471,2.3391,2.2378,2.1656
3.1432,2.6263,2.1966,1.9373,1.7649,1.546,1.1999,0.69037,0.034851,-0.64865,-1.1795,-1.4194,-1.3438,-1.0374,-0.64341,-0.29749,-0.073305,0.029456,0.037663,-0.047532,-0.25114,-0.5761,-0.94635,-1.1838,-1.0828,-0.60157,0.05196,0.60885,0.92898,1.0239,0.97427,0.86779,0.77348,0.73,0.74194,0.7817,0.81056,0.80535,0.7665,0.70493,0.63084,0.5537,0.49067,0.46568,0.49551,0.57717,0.67774,0.75133,0.76275,0.70092,0.59442,0.49869,0.48277,0.6065,0.88562,1.2654,1.6528,1.9806,2.2387,2.4528,2.6544,2.8567,3.0511,3.2107,3.301,3.296,3.1963,3.0276,2.8446,2.7024,2.6321,2.628,2.6574,2.6811,2.6709,2.6202,2.527,2.4107,2.296,2.211
3.1418,2.6432,2.237,1.9971,1.8434,1.6359,1.2815,0.74455,0.057445,-0.64974,-1.1904,-1.4269,-1.3412,-1.0272,-0.63527,-0.3062,-0.11302,-0.047285,-0.070325,-0.17164,-0.3721,-0.6764,-1.0168,-1.2289,-1.1211,-0.64923,-0.0033028,0.55315,0.8797,0.9814,0.93009,0.81,0.68698,0.6043,0.57334,0.57727,0.5827,0.56938,0.53639,0.49446,0.45199,0.41559,0.39499,0.40518,0.45845,0.54733,0.64554,0.71307,0.71601,0.64935,0.5395,0.44216,0.42775,0.55648,0.84016,1.2213,1.6015,1.9101,2.1361,2.3095,2.4603,2.6053,2.7389,2.8358,2.8633,2.7993,2.6501,2.464,2.3078,2.2396,2.2752,2.3835,2.5117,2.6117,2.655,2.6323,2.553,2.4375,2.3116,2.2048
3.1139,2.6324,2.2555,2.0406,1.9076,1.7082,1.3399,0.77365,0.059522,-0.65938,-1.1954,-1.4175,-1.3191,-1.002,-0.62083,-0.31726,-0.16092,-0.13431,-0.18606,-0.29414,-0.4734,-0.72966,-1.0063,-1.1662,-1.0494,-0.61603,-0.023166,0.49866,0.814,0.91412,0.86268,0.73244,0.58652,0.47086,0.40539,0.37856,0.36349,0.34197,0.3139,0.29042,0.27952,0.28439,0.30849,0.35757,0.43431,0.53033,0.62004,0.66932,0.65243,0.56865,0.44959,0.35354,0.35016,0.4945,0.78981,1.1684,1.5292,1.8047,1.989,2.1112,2.2079,2.296,2.3688,2.4009,2.3615,2.2348,2.0426,1.8426,1.7216,1.7378,1.8863,2.1078,2.3294,2.4961,2.5797,2.5757,2.4999,2.375,2.2303,2.0979
3.0761,2.607,2.2561,2.0638,1.9471,1.7519,1.371,0.78232,0.051424,-0.66817,-1.1908,-1.3956,-1.2847,-0.96667,-0.5983,-0.31922,-0.19505,-0.20152,-0.27691,-0.38804,-0.54283,-0.74825,-0.96013,-1.0681,-0.9412,-0.54435,-0.0062029,0.47232,0.76436,0.85318,0.79581,0.65905,0.50398,0.37506,0.29319,0.24833,0.21908,0.19057,0.16519,0.15357,0.16198,0.19445,0.24966,0.32719,0.42327,0.52403,0.60439,0.63484,0.59694,0.49523,0.36722,0.27327,0.28142,0.44018,0.7466,1.1261,1.4754,1.727,1.8759,1.9562,2.0036,2.0384,2.059,2.0441,1.9646,1.8057,1.5895,1.3942,1.3101,1.393,1.6207,1.9135,2.1867,2.3843,2.4826,2.4838,2.4041,2.2706,2.1139,1.9661
3.0053,2.5529,2.2417,2.0842,1.9896,1.7982,1.3983,0.78138,0.034933,-0.67453,-1.1686,-1.3421,-1.2108,-0.89172,-0.54446,-0.30536,-0.23201,-0.28923,-0.40073,-0.51637,-0.63249,-0.75907,-0.87321,-0.9004,-0.75085,-0.39784,0.062565,0.46725,0.70433,0.76277,0.68773,0.54516,0.39015,0.26098,0.17101,0.11448,0.072293,0.034441,0.0058669,-0.0024754,0.020273,0.077064,0.1669,0.28179,0.40539,0.51548,0.5847,0.58904,0.51994,0.3949,0.25786,0.17164,0.20112,0.38727,0.71096,1.0869,1.4087,1.6144,1.7073,1.7252,1.7114,1.6895,1.658,1.5949,1.4722,1.2808,1.057,0.8803,0.85338,1.0191,1.3294,1.6853,1.9974,2.2132,2.3149,2.3079,2.2175,2.0696,1.8951,1.7253
2.9395,2.4996,2.2216,2.0935,2.0153,1.8252,1.4122,0.77617,0.024475,-0.67051,-1.1368,-1.2815,-1.1322,-0.81213,-0.48266,-0.27803,-0.24909,-0.35036,-0.49243,-0.61216,-0.6982,-0.76337,-0.80087,-0.76413,-0.59245,-0.26849,0.13116,0.47288,0.66239,0.69286,0.60605,0.46254,0.31228,0.18877,0.10205,0.044571,-0.0032676,-0.0498,-0.089172,-0.10522,-0.082069,-0.012771,0.10069,0.24266,0.38772,0.50584,0.5677,0.55371,0.46369,0.3225,0.18142,0.10603,0.1577,0.36668,0.70304,1.0734,1.3731,1.546,1.5985,1.5696,1.5086,1.4388,1.3658,1.275,1.1418,0.95506,0.74418,0.59927,0.61465,0.82596,1.1737,1.55,1.8641,2.0681,2.1519,2.131,2.0237,1.8653,1.6864,1.514
2.8403,2.4164,2.1858,2.0999,2.0428,1.8544,1.4253,0.77059,0.020071,-0.64728,-1.0706,-1.1737,-0.99784,-0.67541,-0.37013,-0.21405,-0.24923,-0.41503,-0.60292,-0.73217,-0.78192,-0.76911,-0.70759,-0.58621,-0.37869,-0.085338,0.23524,0.48981,0.61431,0.60439,0.50306,0.36,0.2194,0.10956,0.037613,-0.013096,-0.063656,-0.12371,-0.18262,-0.21832,-0.20746,-0.13462,-0.001447,0.17017,0.34361,0.47743,0.53855,0.50984,0.39936,0.24553,0.10786,0.054387,0.14043,0.38165,0.7345,1.097,1.3625,1.4792,1.4635,1.3693,1.2439,1.1266,1.026,0.92522,0.79595,0.62712,0.45457,0.35663,0.42144,0.6653,1.0184,1.3787,1.6669,1.8433,1.9006,1.8524,1.7276,1.5533,1.3598,1.1761
2.7355,2.3267,2.1452,2.101,2.0634,1.8757,1.436,0.7731,0.033055,-0.59973,-0.97557,-1.036,-0.83409,-0.50791,-0.22491,-0.11589,-0.21521,-0.44773,-0.68677,-0.83378,-0.85687,-0.77646,-0.62585,-0.42335,-0.17415,0.10369,0.36102,0.53331,0.58503,0.52627,0.40106,0.25723,0.1333,0.049778,0.0026973,-0.032639,-0.082319,-0.15571,-0.23953,-0.30582,-0.32142,-0.25933,-0.11585,0.081748,0.28392,0.43755,0.50411,0.46932,0.35002,0.19528,0.073841,0.054366,0.18191,0.45693,0.816,1.1543,1.3738,1.435,1.3611,1.2068,1.0313,0.87157,0.74308,0.63591,0.52453,0.39333,0.26661,0.21512,0.30803,0.55399,0.88497,1.2055,1.444,1.5692,1.5816,1.5,1.3536,1.1745,0.98933,0.81988
2.6587,2.2601,2.1151,2.0994,2.0746,1.887,1.444,0.78287,0.05702,-0.54646,-0.88656,-0.91619,-0.69586,-0.36693,-0.098574,-0.021052,-0.16457,-0.44555,-0.7246,-0.88929,-0.89877,-0.77513,-0.56532,-0.30817,-0.028315,0.24458,0.46392,0.58045,0.57619,0.47731,0.33122,0.18628,0.077462,0.016966,-0.0083372,-0.028675,-0.075123,-0.15654,-0.26122,-0.35446,-0.39526,-0.34612,-0.19908,0.014222,0.23589,0.40454,0.4782,0.44431,0.3254,0.17755,0.074469,0.08396,0.24368,0.53899,0.90249,1.225,1.4108,1.426,1.3019,1.105,0.89033,0.70533,0.56632,0.46031,0.35883,0.24617,0.14531,0.11943,0.22534,0.4605,0.75913,1.0374,1.2341,1.3222,1.3034,1.1984,1.0394,0.85654,0.6783,0.52711
2.5669,2.1799,2.079,2.096,2.0846,1.8986,1.4578,0.80889,0.11036,-0.45166,-0.74665,-0.73955,-0.49753,-0.16533,0.086574,0.12978,-0.06234,-0.39877,-0.72732,-0.91827,-0.91758,-0.7485,-0.47376,-0.15543,0.16034,0.42972,0.60721,0.65751,0.58573,0.43502,0.26132,0.11296,0.019021,-0.015923,-0.012048,-0.0098877,-0.044829,-0.13268,-0.25631,-0.38012,-0.45257,-0.42716,-0.28664,-0.062614,0.17753,0.36404,0.44889,0.42083,0.30967,0.18108,0.11404,0.16957,0.36857,0.68542,1.037,1.3211,1.455,1.4163,1.2422,0.99675,0.74657,0.53202,0.36988,0.25013,0.147,0.044106,-0.040352,-0.05148,0.054279,0.26826,0.5263,0.7509,0.88917,0.92311,0.8623,0.72988,0.56474,0.39492,0.24382,0.12817
2.4965,2.1173,2.0516,2.0931,2.0902,1.908,1.4782,0.85282,0.18922,-0.33248,-0.58943,-0.55303,-0.29461,0.039616,0.28009,0.30015,0.075913,-0.29727,-0.66053,-0.87416,-0.87308,-0.67645,-0.35623,0.0074966,0.35013,0.61616,0.75765,0.7509,0.61801,0.41936,0.21758,0.063247,-0.017582,-0.024669,0.0097313,0.038129,0.013668,-0.078042,-0.21888,-0.36455,-0.45863,-0.4501,-0.31932,-0.098106,0.14495,0.33763,0.43139,0.41575,0.32234,0.21854,0.18089,0.26731,0.49317,0.81932,1.1633,1.4201,1.5103,1.42,1.1961,0.91166,0.62809,0.38797,0.20228,0.055569,-0.077357,-0.20535,-0.3021,-0.31831,-0.21829,-0.023545,0.1987,0.37702,0.4662,0.45405,0.35553,0.20509,0.035616,-0.11537,-0.22372,-0.2785
2.463,2.0863,2.0395,2.0925,2.0917,1.9144,1.4988,0.89731,0.26269,-0.23145,-0.46591,-0.41357,-0.14703,0.18789,0.42314,0.43407,0.19876,-0.18653,-0.56231,-0.7868,-0.78948,-0.58411,-0.24473,0.13967,0.49356,0.754,0.87067,0.82685,0.6565,0.42713,0.2094,0.051825,-0.020398,-0.011433,0.042914,0.086535,0.070051,-0.020567,-0.16575,-0.31756,-0.41989,-0.42111,-0.3028,-0.093333,0.14249,0.33247,0.4289,0.41997,0.33784,0.2516,0.23761,0.34893,0.59142,0.91863,1.2468,1.4738,1.5291,1.4068,1.1584,0.85449,0.55727,0.30162,0.092576,-0.086777,-0.25734,-0.42029,-0.5412,-0.57197,-0.48293,-0.30339,-0.1046,0.04303,0.098904,0.057263,-0.060663,-0.21937,-0.37598,-0.49867,-0.56876,-0.58002
2.449,2.071,2.0363,2.0943,2.0921,1.9233,1.5334,0.9707,0.37507,-0.088646,-0.30231,-0.23854,0.032825,0.3677,0.60126,0.6112,0.37824,-0.002269,-0.37575,-0.60355,-0.61165,-0.40779,-0.063178,0.33002,0.68593,0.93378,1.0204,0.9361,0.72452,0.46196,0.22493,0.06362,0.00072218,0.02806,0.10545,0.16836,0.16683,0.083137,-0.058164,-0.21191,-0.32121,-0.3351,-0.23287,-0.041132,0.17719,0.35319,0.44107,0.43288,0.36316,0.29947,0.31364,0.44795,0.69783,1.0139,1.3112,1.4982,1.5154,1.3642,1.0976,0.78485,0.47947,0.20679,-0.035305,-0.26602,-0.50094,-0.72815,-0.89912,-0.95789,-0.88406,-0.7216,-0.54968,-0.43752,-0.42022,-0.49666,-0.63749,-0.79531,-0.93143,-1.0088,-1.0144,-0.95261
2.4631,2.0809,2.0448,2.0984,2.0918,1.9304,1.564,1.0329,0.46507,0.018742,-0.1875,-0.12202,0.14835,0.48262,0.71885,0.73666,0.51731,0.15373,-0.20481,-0.42594,-0.43764,-0.24294,0.092715,0.47793,0.82473,1.059,1.1259,1.0176,0.78088,0.49835,0.249,0.085651,0.03213,0.076916,0.1715,0.25029,0.25763,0.1791,0.039772,-0.11274,-0.22222,-0.24302,-0.15381,0.020483,0.21949,0.38044,0.45904,0.44961,0.38772,0.33627,0.36204,0.5014,0.74631,1.0451,1.3173,1.476,1.4671,1.2981,1.0257,0.71854,0.41995,0.14783,-0.10894,-0.3732,-0.65603,-0.93415,-1.1461,-1.2302,-1.1733,-1.0299,-0.88484,-0.80431,-0.81576,-0.91019,-1.0537,-1.2039,-1.3082,-1.3457,-1.3095,-1.2062
2.5158,2.1226,2.071,2.1075,2.0907,1.9396,1.6081,1.1203,0.58575,0.15454,-0.052169,0.0062454,0.26966,0.6026,0.84682,0.88484,0.6964,0.36907,0.042351,-0.16191,-0.17665,-0.00058384,0.30991,0.66943,0.99247,1.2027,1.2455,1.1115,0.85228,0.55365,0.29747,0.13764,0.095958,0.15806,0.27223,0.36631,0.38371,0.31201,0.17914,0.034706,-0.071155,-0.097497,-0.028784,0.11513,0.28354,0.41952,0.48357,0.47006,0.41301,0.37121,0.40552,0.54488,0.77395,1.0398,1.2651,1.3734,1.3271,1.1458,0.88755,0.60843,0.34497,0.093767,-0.16752,-0.4633,-0.79667,-1.13,-1.3896,-1.5083,-1.4815,-1.3734,-1.2694,-1.2308,-1.279,-1.3993,-1.551,-1.6823,-1.7507,-1.731,-1.6263,-1.4572
2.6039,2.1942,2.1118,2.1195,2.0876,1.9473,1.6519,1.2067,0.70043,0.27557,0.058673,0.099632,0.34958,0.6802,0.93567,1.0006,0.85309,0.57257,0.2855,0.1021,0.084934,0.23903,0.51686,0.84187,1.1325,1.3137,1.3309,1.1755,0.90165,0.59627,0.34282,0.19289,0.1647,0.24175,0.37286,0.48116,0.5114,0.44785,0.32201,0.18181,0.075899,0.041911,0.091631,0.20636,0.3439,0.45264,0.50011,0.48294,0.42921,0.39464,0.42722,0.54788,0.74053,0.95777,1.1272,1.1876,1.1126,0.92902,0.69575,0.46504,0.25316,0.046994,-0.18539,-0.47255,-0.81517,-1.1685,-1.4544,-1.6034,-1.6211,-1.5735,-1.536,-1.5547,-1.6392,-1.7701,-1.9086,-2.0094,-2.0319,-1.9654,-1.8188,-1.6146
2.6895,2.2639,2.1494,2.1289,2.0823,1.9495,1.6811,1.2667,0.77846,0.35363,0.12269,0.14509,0.38101,0.70805,0.97351,1.062,0.9493,0.70732,0.45209,0.28473,0.2644,0.39989,0.65095,0.94773,1.2112,1.369,1.3674,1.1993,0.9166,0.60905,0.35788,0.21662,0.20344,0.29911,0.44547,0.56759,0.60568,0.54646,0.4214,0.28044,0.17273,0.13014,0.16408,0.2584,0.3747,0.46881,0.50854,0.48831,0.43557,0.39714,0.41922,0.52061,0.68333,0.85775,0.98138,1.0001,0.9011,0.72139,0.52009,0.3394,0.1835,0.027425,-0.1656,-0.42385,-0.74648,-1.0901,-1.3788,-1.5543,-1.6176,-1.6227,-1.6335,-1.6901,-1.7992,-1.9387,-2.068,-2.1419,-2.1349,-2.0376,-1.8662,-1.6474
2.8227,2.3711,2.2047,2.1386,2.0681,1.9434,1.7095,1.3334,0.86688,0.43725,0.18106,0.17247,0.3848,0.7043,0.98388,1.1076,1.0443,0.85403,0.63901,0.49042,0.46434,0.57359,0.78707,1.0425,1.2679,1.3931,1.3682,1.1872,0.90163,0.59795,0.35607,0.22958,0.23715,0.35716,0.52662,0.66647,0.71331,0.65647,0.52819,0.38383,0.27136,0.21994,0.23691,0.30689,0.39775,0.4714,0.49981,0.4772,0.42483,0.3848,0.39394,0.46586,0.58154,0.69553,0.75156,0.71071,0.57947,0.40992,0.26153,0.16074,0.09428,0.022529,-0.097994,-0.29604,-0.56901,-0.87534,-1.1523,-1.3487,-1.4676,-1.5508,-1.6403,-1.7538,-1.8845,-2.0104,-2.1031,-2.1377,-2.0928,-1.9747,-1.7999,-1.5901
2.9312,2.4572,2.2465,2.1417,2.0501,1.9292,1.7197,1.3717,0.91988,0.48447,0.20634,0.17086,0.3624,0.67511,0.96575,1.1171,1.0907,0.93608,0.74653,0.60781,0.57508,0.66436,0.85001,1.0745,1.2711,1.3728,1.3323,1.1453,0.86331,0.56774,0.33788,0.22458,0.24656,0.38187,0.56798,0.71979,0.77427,0.719,0.5899,0.44209,0.32451,0.26435,0.26944,0.32563,0.40089,0.46235,0.48211,0.45568,0.40385,0.36255,0.36299,0.41355,0.49453,0.56488,0.5727,0.49169,0.34234,0.18696,0.083269,0.045057,0.045063,0.035337,-0.027507,-0.16935,-0.38879,-0.65406,-0.91434,-1.1315,-1.3003,-1.44,-1.5726,-1.7077,-1.8395,-1.9502,-2.0174,-2.0217,-1.9598,-1.8371,-1.6702,-1.4772
3.0802,2.5725,2.2977,2.136,2.0128,1.8937,1.7142,1.4034,0.97138,0.52779,0.21921,0.14487,0.30613,0.60966,0.91636,1.1043,1.1237,1.0105,0.84717,0.71431,0.66734,0.72728,0.8752,1.0613,1.2213,1.2965,1.2429,1.0567,0.78492,0.50355,0.28912,0.1923,0.2332,0.38993,0.59689,0.76455,0.8279,0.77378,0.64158,0.48821,0.36363,0.29662,0.29105,0.3309,0.38877,0.43223,0.44039,0.41021,0.35959,0.31733,0.30946,0.34167,0.39378,0.42256,0.3866,0.26627,0.098281,-0.040936,-0.093508,-0.059199,0.01941,0.087453,0.098934,0.026988,-0.13015,-0.34873,-0.59245,-0.82786,-1.043,-1.24,-1.4188,-1.5714,-1.6866,-1.7566,-1.7772,-1.7464,-1.6683,-1.5512,-1.4069,-1.2481
3.2255,2.6808,2.3383,2.1157,1.9562,1.8342,1.682,1.4087,0.999,0.5507,0.21382,0.10111,0.23161,0.52683,0.85042,1.0738,1.1342,1.0549,0.90983,0.77619,0.70998,0.73561,0.84051,0.98313,1.1084,1.1645,1.1119,0.94193,0.69075,0.42776,0.22559,0.14239,0.20068,0.37803,0.60234,0.78187,0.84924,0.79396,0.65513,0.49415,0.36255,0.29096,0.28017,0.31197,0.35807,0.38979,0.3892,0.35486,0.30406,0.26586,0.26209,0.29488,0.34085,0.3591,0.30452,0.16816,-0.0021442,-0.12346,-0.14125,-0.063996,0.061114,0.17709,0.24019,0.22344,0.11838,-0.06437,-0.29881,-0.55688,-0.81246,-1.0446,-1.2354,-1.3719,-1.4492,-1.4712,-1.4471,-1.3874,-1.3008,-1.1961,-1.0818,-0.96514
3.3279,2.7534,2.3584,2.0886,1.8986,1.7713,1.6382,1.3944,1.0048,0.55784,0.20373,0.064757,0.17399,0.46362,0.80038,1.0491,1.1363,1.0769,0.94031,0.80178,0.71732,0.71346,0.7825,0.88977,0.98969,1.0363,0.99256,0.84389,0.61674,0.37401,0.18487,0.11037,0.17598,0.36164,0.59288,0.77945,0.8485,0.78955,0.64144,0.47043,0.33509,0.2632,0.2558,0.29004,0.33236,0.35792,0.34891,0.3071,0.25594,0.22185,0.22954,0.27896,0.34316,0.3769,0.33771,0.21455,0.054457,-0.060727,-0.075699,0.0053239,0.13635,0.2648,0.34766,0.35553,0.27453,0.10803,-0.12477,-0.39464,-0.66744,-0.91022,-1.0955,-1.2076,-1.2472,-1.2286,-1.1716,-1.0924,-1.0061,-0.91736,-0.82948,-0.74391
3.4515,2.8344,2.3688,2.0338,1.7997,1.6617,1.5536,1.3511,0.99569,0.55909,0.19003,0.021988,0.10591,0.39047,0.74588,1.027,1.1465,1.108,0.9757,0.82388,0.70915,0.66078,0.67797,0.73671,0.80433,0.8442,0.81991,0.71016,0.52836,0.32323,0.16033,0.09648,0.16339,0.34492,0.57456,0.75643,0.81869,0.74657,0.58426,0.40332,0.267,0.20791,0.21598,0.25671,0.29676,0.30752,0.2848,0.23983,0.19426,0.18157,0.21889,0.30382,0.41039,0.49428,0.50597,0.42618,0.28909,0.16979,0.12925,0.17703,0.28012,0.39308,0.47467,0.49289,0.42686,0.2703,0.034758,-0.24629,-0.52964,-0.76779,-0.92459,-0.98726,-0.96825,-0.89559,-0.79924,-0.70149,-0.61518,-0.5446,-0.48856,-0.44358
3.5575,2.8948,2.3585,1.957,1.675,1.5238,1.4412,1.2847,0.97138,0.55615,0.18303,-0.0062494,0.058227,0.34108,0.71632,1.0294,1.1792,1.1578,1.0245,0.85379,0.70412,0.60725,0.56845,0.57647,0.61212,0.65172,0.65993,0.6035,0.47574,0.31069,0.16921,0.11108,0.17409,0.34688,0.56531,0.73222,0.77571,0.68115,0.49804,0.30337,0.16823,0.12141,0.14758,0.20456,0.25008,0.26357,0.24112,0.19768,0.16322,0.17014,0.24102,0.37467,0.54277,0.69597,0.77826,0.75623,0.64613,0.51141,0.41932,0.3993,0.44085,0.51027,0.56774,0.57582,0.50557,0.34411,0.1035,-0.18345,-0.45894,-0.66678,-0.7726,-0.7751,-0.69969,-0.58234,-0.4559,-0.34546,-0.25948,-0.20211,-0.17057,-0.15846
3.6241,2.9261,2.3373,1.8852,1.5662,1.4045,1.3425,1.2239,0.94677,0.55387,0.18432,-0.01514,0.039119,0.32326,0.71495,1.0521,1.2239,1.2148,1.0806,0.89573,0.71984,0.58639,0.50443,0.4712,0.48155,0.52365,0.56322,0.552,0.46514,0.32665,0.19596,0.13938,0.19821,0.36504,0.57202,0.72425,0.74592,0.62682,0.41877,0.20874,0.073889,0.041735,0.088625,0.16259,0.21821,0.23616,0.21745,0.18152,0.16041,0.18879,0.2895,0.46167,0.67672,0.88315,1.0181,1.0377,0.94489,0.79423,0.65557,0.57366,0.5533,0.57171,0.59446,0.58396,0.50695,0.34473,0.10282,-0.17602,-0.43395,-0.61143,-0.67559,-0.63228,-0.51593,-0.36898,-0.22624,-0.10879,-0.027083,0.020095,0.038554,0.036021
3.6952,2.9492,2.2922,1.7736,1.4052,1.2311,1.2002,1.1353,0.91047,0.55283,0.19549,-0.0097759,0.03589,0.32629,0.74169,1.1116,1.3128,1.3214,1.1895,0.99057,0.78376,0.60376,0.46606,0.37926,0.35832,0.40443,0.48154,0.52201,0.48038,0.37051,0.25384,0.2008,0.25643,0.41277,0.60233,0.72622,0.71179,0.5521,0.3073,0.074744,-0.063243,-0.075466,0.00048344,0.10073,0.17804,0.21071,0.20783,0.19325,0.19892,0.26006,0.39888,0.61605,0.88431,1.1495,1.3428,1.405,1.3223,1.1395,0.93181,0.76108,0.65406,0.60425,0.58117,0.54296,0.44972,0.27929,0.044015,-0.21851,-0.43963,-0.562,-0.56411,-0.46438,-0.30393,-0.12624,0.034756,0.15898,0.23955,0.27751,0.28123,0.26147
3.7353,2.9533,2.2476,1.6806,1.2773,1.097,1.0918,1.0691,0.88399,0.55446,0.21036,0.0058794,0.050027,0.34747,0.78111,1.1757,1.3988,1.422,1.2957,1.0917,0.8671,0.65684,0.48169,0.36104,0.32137,0.36966,0.46571,0.52958,0.50681,0.4096,0.29984,0.25052,0.30722,0.45998,0.63931,0.74434,0.70398,0.51221,0.23724,-0.018963,-0.16554,-0.17274,-0.079989,0.043729,0.14426,0.20198,0.22379,0.23382,0.266,0.35172,0.51438,0.75555,1.0493,1.3418,1.5612,1.6408,1.558,1.3516,1.0976,0.86603,0.69598,0.58988,0.52358,0.45809,0.35393,0.18778,-0.035211,-0.26654,-0.44552,-0.52203,-0.48271,-0.35161,-0.17104,0.017901,0.18499,0.31263,0.39356,0.4316,0.43476,0.41272
3.7722,2.9426,2.1757,1.5493,1.1054,0.92415,0.9576,0.98933,0.85411,0.56069,0.23623,0.038037,0.084433,0.39271,0.84933,1.2736,1.5251,1.5704,1.4576,1.2562,1.0206,0.78434,0.57326,0.42003,0.35918,0.40232,0.50213,0.5699,0.54769,0.45128,0.34524,0.30426,0.37169,0.53196,0.70743,0.79638,0.72478,0.49048,0.16666,-0.13179,-0.29888,-0.30278,-0.18712,-0.03205,0.10221,0.19699,0.26061,0.31725,0.39416,0.51732,0.70496,0.9602,1.2634,1.5672,1.7967,1.8815,1.7897,1.5515,1.2408,0.93541,0.68695,0.51258,0.39887,0.30939,0.20071,0.045012,-0.14833,-0.33699,-0.45943,-0.4752,-0.38531,-0.22206,-0.025731,0.16978,0.34012,0.47031,0.5552,0.59505,0.59753,0.57371
3.7925,2.9173,2.0946,1.4175,0.94393,0.77214,0.84769,0.92778,0.83367,0.57063,0.26524,0.076225,0.12857,0.44749,0.92289,1.3715,1.6488,1.7185,1.6266,1.4406,1.2112,0.97015,0.74485,0.57253,0.49163,0.51284,0.5855,0.62428,0.57791,0.46607,0.3598,0.333,0.42197,0.60204,0.78661,0.86736,0.77032,0.4971,0.12629,-0.21348,-0.40746,-0.4133,-0.28501,-0.10952,0.055819,0.19239,0.31141,0.42833,0.5567,0.71153,0.90898,1.1595,1.4525,1.7434,1.9635,2.0354,1.9208,1.6463,1.2867,0.9247,0.61896,0.39613,0.24719,0.13832,0.0288,-0.1063,-0.26047,-0.38976,-0.44666,-0.40794,-0.28547,-0.11125,0.082055,0.26962,0.43416,0.56362,0.65249,0.70191,0.7174,0.70725
3.7979,2.8909,2.0317,1.3245,0.83744,0.68059,0.78759,0.89769,0.82612,0.5802,0.28631,0.10417,0.16156,0.48675,0.97289,1.4355,1.729,1.8165,1.7441,1.5773,1.3635,1.1315,0.90848,0.73188,0.63798,0.6336,0.66826,0.66481,0.5824,0.44857,0.33981,0.32666,0.44036,0.64428,0.84421,0.92662,0.81849,0.52407,0.12586,-0.24263,-0.46075,-0.48224,-0.3583,-0.17337,0.014969,0.18785,0.3523,0.51527,0.68035,0.85706,1.0583,1.2972,1.5687,1.8369,2.0326,2.0832,1.9499,1.6563,1.2735,0.88279,0.54865,0.29998,0.13378,0.020256,-0.080578,-0.19499,-0.31646,-0.40709,-0.42604,-0.35831,-0.22105,-0.045515,0.1411,0.32025,0.47866,0.60652,0.6986,0.75265,0.77418,0.77345
3.7936,2.8487,1.9501,1.2153,0.72485,0.59656,0.74429,0.88213,0.82744,0.59404,0.30995,0.13438,0.19625,0.52647,1.0216,1.4966,1.8063,1.9155,1.8718,1.7389,1.5588,1.3543,1.1485,0.97484,0.8641,0.81745,0.78698,0.70897,0.56014,0.38668,0.26943,0.27787,0.42949,0.67339,0.90236,1.0002,0.89243,0.58376,0.15966,-0.24487,-0.49971,-0.55158,-0.43969,-0.24667,-0.033127,0.18186,0.3962,0.60912,0.81634,1.0146,1.2172,1.4388,1.6796,1.9086,2.0682,2.0862,1.9245,1.606,1.2014,0.79306,0.44204,0.1828,0.014437,-0.091869,-0.17587,-0.26383,-0.3518,-0.40233,-0.38317,-0.28859,-0.14148,0.027351,0.19622,0.35457,0.49682,0.61678,0.71104,0.77789,0.82013,0.84487
3.7831,2.8135,1.8933,1.1484,0.66712,0.56644,0.74001,0.88943,0.83686,0.60432,0.32222,0.14815,0.20985,0.54028,1.0372,1.5162,1.8336,1.9566,1.9348,1.8314,1.6844,1.5107,1.3271,1.1603,1.0363,0.95215,0.8646,0.72233,0.51932,0.313,0.18955,0.21568,0.39764,0.67362,0.92819,1.0419,0.9414,0.63248,0.20107,-0.21906,-0.49652,-0.57268,-0.47955,-0.29382,-0.072899,0.16316,0.40947,0.65658,0.88945,1.1019,1.3023,1.5072,1.7213,1.9208,2.049,2.041,1.8621,1.5356,1.1302,0.7247,0.38045,0.12929,-0.02901,-0.12296,-0.19365,-0.26929,-0.34367,-0.38269,-0.35276,-0.24948,-0.0989,0.065918,0.22401,0.36815,0.49698,0.61046,0.70294,0.77403,0.82719,0.87022
3.7606,2.7637,1.8264,1.0844,0.62853,0.56833,0.76958,0.92181,0.85948,0.61785,0.33109,0.15302,0.20852,0.53177,1.0211,1.4963,1.8175,1.9554,1.962,1.9005,1.8046,1.682,1.5383,1.389,1.2496,1.1127,0.94403,0.71084,0.43183,0.17956,0.047424,0.096726,0.32091,0.64118,0.93203,1.0704,0.98689,0.6916,0.26861,-0.15226,-0.44782,-0.55407,-0.49405,-0.3319,-0.11724,0.12859,0.39654,0.6699,0.92485,1.1485,1.3467,1.5357,1.7231,1.8899,1.9853,1.9501,1.7553,1.4275,1.0356,0.65381,0.34123,0.12275,-0.0082316,-0.084489,-0.14773,-0.22348,-0.30338,-0.34575,-0.31349,-0.20527,-0.053132,0.10527,0.24837,0.37254,0.48244,0.58165,0.67054,0.7485,0.81725,0.88312
3.7297,2.7126,1.7725,1.0494,0.6323,0.6127,0.82986,0.97175,0.8889,0.62984,0.33133,0.14363,0.18677,0.49144,0.95985,1.4183,1.7326,1.8785,1.9117,1.8952,1.857,1.7942,1.6992,1.5742,1.4236,1.238,0.99023,0.66935,0.31371,0.014803,-0.1269,-0.058228,0.20378,0.56258,0.88625,1.054,1.0002,0.73821,0.34686,-0.053068,-0.34947,-0.48183,-0.46251,-0.33966,-0.15222,0.081668,0.35029,0.62996,0.89108,1.1167,1.3107,1.4903,1.6643,1.8144,1.8945,1.8493,1.6546,1.3405,0.976,0.63491,0.36466,0.18657,0.089063,0.034187,-0.024682,-0.11486,-0.22024,-0.29287,-0.2809,-0.17732,-0.020784,0.14011,0.27716,0.38664,0.47747,0.55827,0.63525,0.71048,0.78678,0.87071
3.7012,2.674,1.7408,1.0422,0.65966,0.66674,0.88787,1.0143,0.91131,0.63586,0.32585,0.12881,0.15847,0.4422,0.88553,1.3214,1.6216,1.7673,1.8184,1.8377,1.8466,1.8322,1.7763,1.6717,1.5167,1.3003,1.0025,0.62469,0.21927,-0.11104,-0.26385,-0.18736,0.089709,0.4668,0.81021,1.0024,0.98077,0.75613,0.4053,0.035554,-0.25015,-0.39685,-0.40739,-0.31852,-0.16278,0.046176,0.29665,0.56469,0.81972,1.043,1.237,1.4179,1.5939,1.746,1.8267,1.7825,1.5939,1.2967,0.96225,0.65702,0.42848,0.28578,0.21005,0.16127,0.095114,-0.012169,-0.14361,-0.23976,-0.24446,-0.14746,0.010949,0.1762,0.31336,0.41479,0.48997,0.55343,0.6145,0.67928,0.75395,0.84745
3.6558,2.6216,1.7089,1.0536,0.72078,0.75648,0.97157,1.0708,0.93773,0.63913,0.31357,0.10271,0.1103,0.35754,0.75508,1.1457,1.413,1.5485,1.619,1.6861,1.7606,1.8139,1.8125,1.7387,1.585,1.3393,0.99095,0.5515,0.092327,-0.27501,-0.44619,-0.37179,-0.08942,0.29947,0.66297,0.88679,0.91175,0.74801,0.46391,0.152,-0.10239,-0.25225,-0.29404,-0.25248,-0.14986,0.0058604,0.20721,0.43752,0.67061,0.88803,1.0902,1.2875,1.4829,1.6544,1.7525,1.7269,1.5621,1.2966,1.0009,0.74099,0.55298,0.44365,0.39166,0.35417,0.28336,0.15385,-0.0097355,-0.14414,-0.17375,-0.079997,0.088877,0.26334,0.39813,0.48349,0.53308,0.56734,0.60319,0.65291,0.72357,0.82248
3.6023,2.5671,1.6853,1.0825,0.79995,0.85374,1.0522,1.1197,0.95615,0.63583,0.29724,0.072987,0.055724,0.25975,0.59874,0.9278,1.146,1.2582,1.3396,1.4515,1.5932,1.7178,1.7762,1.7407,1.5979,1.3368,0.95195,0.46867,-0.031909,-0.43,-0.62288,-0.565,-0.29364,0.092274,0.4657,0.71877,0.79375,0.69977,0.49537,0.25825,0.053099,-0.084585,-0.15222,-0.1613,-0.12025,-0.029243,0.11196,0.29228,0.49387,0.70097,0.91432,1.1403,1.3739,1.5839,1.717,1.7204,1.5819,1.3449,1.0822,0.85759,0.70237,0.61713,0.57771,0.54282,0.4687,0.33293,0.1557,0.012366,-0.027743,0.05662,0.22066,0.3935,0.52361,0.5949,0.61919,0.62178,0.62584,0.64977,0.70487,0.79933
3.5567,2.5238,1.6703,1.1105,0.86365,0.92527,1.1048,1.1466,0.96194,0.62875,0.2837,0.052258,0.01707,0.18642,0.4756,0.74984,0.92072,1.005,1.0867,1.2282,1.4192,1.5985,1.7041,1.6998,1.5699,1.305,0.90332,0.40157,-0.11501,-0.52962,-0.73855,-0.70263,-0.4526,-0.08277,0.2885,0.55919,0.67362,0.63754,0.49878,0.32129,0.15822,0.03565,-0.040972,-0.079099,-0.083264,-0.045618,0.041524,0.1779,0.35353,0.55702,0.78592,1.0414,1.3111,1.5567,1.7193,1.744,1.6213,1.3995,1.1546,0.94731,0.81018,0.73974,0.70987,0.67891,0.60442,0.46718,0.29438,0.15317,0.11796,0.20637,0.36898,0.53313,0.64845,0.70072,0.70311,0.6811,0.66249,0.66742,0.7089,0.79565
3.4882,2.4618,1.65,1.1499,0.94703,1.0104,1.159,1.166,0.95764,0.61445,0.26835,0.034216,-0.019984,0.10337,0.32124,0.51341,0.60889,0.64276,0.71357,0.88628,1.1379,1.3864,1.5528,1.5917,1.484,1.2256,0.82287,0.31976,-0.19959,-0.62605,-0.86106,-0.86533,-0.66117,-0.33046,0.026006,0.31085,0.47597,0.51687,0.47076,0.3792,0.27732,0.18427,0.1037,0.033608,-0.023147,-0.055326,-0.042428,0.032672,0.17445,0.37955,0.63825,0.93798,1.2549,1.5436,1.7415,1.7961,1.697,1.4916,1.2571,1.0615,0.93059,0.86585,0.84255,0.82126,0.76309,0.65102,0.50716,0.39715,0.37827,0.46313,0.60828,0.74919,0.8389,0.86302,0.83483,0.78193,0.735,0.71679,0.74036,0.81176
3.4309,2.4112,1.6324,1.1765,1.0038,1.0633,1.1854,1.1662,0.94427,0.60039,0.26102,0.031803,-0.031062,0.061098,0.22539,0.35218,0.38518,0.37389,0.42843,0.6169,0.90702,1.2012,1.4076,1.4758,1.3866,1.1409,0.75208,0.2635,-0.24645,-0.67386,-0.93084,-0.97165,-0.81005,-0.51323,-0.17485,0.11979,0.31813,0.41281,0.42724,0.39456,0.33938,0.27339,0.19734,0.11074,0.02063,-0.055812,-0.090757,-0.056658,0.062863,0.2697,0.55193,0.88706,1.2395,1.5573,1.7745,1.8389,1.7447,1.5438,1.3152,1.122,0.99647,0.93665,0.91897,0.90684,0.86462,0.77765,0.67032,0.59093,0.59245,0.68061,0.81228,0.92925,0.99175,0.98985,0.93821,0.86523,0.80008,0.76583,0.77601,0.83642
3.347,2.3375,1.6038,1.2039,1.0658,1.1162,1.2003,1.1471,0.91346,0.57901,0.25992,0.047925,-0.016795,0.042171,0.14182,0.1844,0.13308,0.056531,0.079391,0.27472,0.60147,0.94363,1.1928,1.292,1.2249,0.99886,0.63612,0.17862,-0.30048,-0.71156,-0.98149,-1.065,-0.96659,-0.73062,-0.43044,-0.13633,0.098289,0.25739,0.34545,0.38357,0.38523,0.35696,0.29566,0.19885,0.076688,-0.047864,-0.13527,-0.14279,-0.043217,0.17062,0.47844,0.84679,1.2311,1.5731,1.8064,1.8813,1.7937,1.5963,1.3685,1.1767,1.0492,0.98787,0.97369,0.97683,0.96814,0.93433,0.88694,0.86662,0.89979,0.98415,1.0857,1.1615,1.1833,1.1463,1.0668,0.97055,0.89035,0.84488,0.84348,0.88753
3.256,2.2571,1.566,1.2187,1.1101,1.1475,1.1923,1.1082,0.87049,0.55713,0.27135,0.087956,0.032473,0.07124,0.12037,0.092953,-0.032393,-0.17382,-0.19475,-0.013194,0.3278,0.69941,0.97911,1.1002,1.0484,0.83625,0.49524,0.073933,-0.3581,-0.73135,-0.98768,-1.0966,-1.0575,-0.89421,-0.64941,-0.37501,-0.11655,0.094424,0.24974,0.35037,0.4023,0.40487,0.35654,0.25784,0.11842,-0.031879,-0.15118,-0.18777,-0.099253,0.11853,0.44496,0.83567,1.2362,1.5854,1.8211,1.8945,1.8054,1.6082,1.382,1.189,1.0627,1.0048,0.99991,1.0237,1.0519,1.0715,1.09,1.1222,1.1822,1.2623,1.3359,1.3726,1.3547,1.2833,1.1768,1.0645,0.97165,0.91747,0.90859,0.9419
3.1842,2.1935,1.5316,1.2198,1.13,1.1567,1.1722,1.0672,0.83206,0.54223,0.28911,0.13441,0.09292,0.12483,0.14864,0.08364,-0.085134,-0.27082,-0.33064,-0.17426,0.15993,0.53905,0.8317,0.96326,0.91757,0.71118,0.38231,-0.01103,-0.40332,-0.73827,-0.97215,-1.0874,-1.082,-0.9691,-0.77007,-0.52041,-0.25835,-0.021895,0.16983,0.3084,0.39251,0.41929,0.38335,0.28524,0.13943,-0.024159,-0.15434,-0.19434,-0.10564,0.12123,0.45322,0.84209,1.2355,1.5785,1.8081,1.8816,1.7968,1.6041,1.3797,1.1874,1.0599,1.0026,1.004,1.0437,1.1008,1.162,1.2254,1.2982,1.3796,1.4567,1.5069,1.5098,1.4571,1.3571,1.2319,1.1102,1.0152,0.96283,0.95488,0.98382
3.0867,2.1071,1.4801,1.2081,1.1386,1.1491,1.1272,0.9987,0.77521,0.52622,0.32512,0.21578,0.19942,0.23261,0.2396,0.14507,-0.061684,-0.29366,-0.40649,-0.29942,0.0027141,0.36988,0.6624,0.79686,0.75146,0.54749,0.23316,-0.12341,-0.45987,-0.73498,-0.92858,-1.0364,-1.0607,-1.0024,-0.86344,-0.65275,-0.40111,-0.15006,0.068081,0.23673,0.3512,0.4031,0.38665,0.30097,0.16006,0.00068491,-0.12529,-0.16113,-0.067119,0.15625,0.4787,0.85427,1.233,1.5601,1.7821,1.8542,1.7732,1.5872,1.3694,1.1812,1.0567,1.0035,1.014,1.0732,1.1648,1.2748,1.3925,1.5096,1.6111,1.6786,1.6953,1.6531,1.5566,1.4226,1.2765,1.1455,1.0516,1.0023,0.99418,1.016
2.9904,2.0225,1.4247,1.1841,1.1279,1.1194,1.0609,0.91501,0.71256,0.515,0.37361,0.31305,0.32599,0.37004,0.37471,0.27089,0.048711,-0.21171,-0.37229,-0.32504,-0.075926,0.25708,0.53183,0.65651,0.6041,0.39631,0.092451,-0.2319,-0.51286,-0.72199,-0.86295,-0.94454,-0.97542,-0.95339,-0.86854,-0.71027,-0.49275,-0.24996,-0.023416,0.16366,0.29679,0.36734,0.36659,0.29446,0.16896,0.027113,-0.078401,-0.093657,0.011222,0.23418,0.54208,0.89162,1.2401,1.5446,1.7515,1.8228,1.7526,1.5812,1.375,1.1931,1.071,1.0216,1.0424,1.1225,1.246,1.3959,1.5538,1.698,1.8069,1.8599,1.8436,1.7572,1.6141,1.4406,1.2693,1.1276,1.0372,0.99899,1.0014,1.0268
2.922,1.9632,1.3835,1.1599,1.1085,1.0829,0.99807,0.84295,0.66301,0.51032,0.41644,0.39223,0.42754,0.48238,0.49076,0.38889,0.16529,-0.10747,-0.29897,-0.29824,-0.095765,0.20429,0.46108,0.57642,0.51667,0.30198,-0.0023968,-0.3093,-0.55125,-0.7082,-0.79956,-0.85028,-0.87246,-0.86796,-0.81844,-0.70354,-0.51967,-0.29489,-0.070043,0.12211,0.26147,0.33587,0.33817,0.27329,0.16277,0.045766,-0.028526,-0.016687,0.10141,0.31787,0.60469,0.92833,1.2538,1.5418,1.7421,1.8157,1.7549,1.5961,1.4006,1.2256,1.1064,1.0584,1.0846,1.1776,1.3217,1.4948,1.6729,1.8274,1.932,1.967,1.923,1.8039,1.6278,1.4249,1.2316,1.0844,0.99242,0.95889,0.96999,1.005
2.8388,1.8934,1.3324,1.1227,1.0692,1.0165,0.89681,0.73499,0.59445,0.50943,0.48063,0.50306,0.56494,0.63286,0.6486,0.5533,0.33286,0.048624,-0.17983,-0.23795,-0.096409,0.15975,0.3936,0.49815,0.43033,0.20555,-0.10369,-0.39298,-0.58462,-0.67173,-0.69564,-0.69813,-0.70219,-0.70649,-0.68922,-0.6183,-0.48034,-0.29351,-0.093829,0.084294,0.21721,0.28922,0.29321,0.23826,0.15174,0.07402,0.049304,0.10451,0.24385,0.4519,0.70806,0.99445,1.2895,1.5574,1.7559,1.8377,1.7883,1.64,1.4542,1.2864,1.1771,1.1418,1.1809,1.286,1.443,1.6306,1.8193,1.9757,2.0689,2.0759,1.9888,1.8172,1.5883,1.3427,1.1246,0.96741,0.88809,0.87544,0.90546,0.95185
2.7844,1.85,1.2992,1.0938,1.0316,0.95386,0.80728,0.64498,0.54115,0.5114,0.53247,0.5874,0.66557,0.74021,0.7598,0.66847,0.44903,0.15533,-0.099304,-0.19749,-0.096412,0.13187,0.35303,0.45443,0.38554,0.15735,-0.15351,-0.43302,-0.59246,-0.63285,-0.60833,-0.57086,-0.55286,-0.5516,-0.54565,-0.4993,-0.3956,-0.24406,-0.077645,0.074955,0.1907,0.25435,0.25997,0.21533,0.14874,0.10036,0.1085,0.19402,0.34988,0.55855,0.80004,1.0612,1.3293,1.5819,1.7724,1.8604,1.8271,1.6956,1.5193,1.358,1.2488,1.2143,1.2603,1.3777,1.5464,1.7384,1.923,2.0652,2.1355,2.1139,1.994,1.7868,1.5219,1.244,1.0032,0.84079,0.7657,0.76756,0.81794,0.88624
2.7244,1.8072,1.2658,1.058,0.97432,0.85573,0.67012,0.51046,0.46382,0.51345,0.60103,0.69621,0.79102,0.86864,0.8876,0.79491,0.56936,0.25766,-0.031132,-0.17514,-0.11698,0.085708,0.30148,0.41122,0.35267,0.13016,-0.181,-0.45282,-0.58416,-0.57554,-0.49105,-0.39738,-0.33313,-0.3058,-0.29873,-0.2801,-0.22275,-0.12353,-0.0021554,0.1128,0.19642,0.2321,0.21861,0.17333,0.1287,0.12469,0.18572,0.31223,0.4872,0.68615,0.90135,1.1342,1.3816,1.6204,1.8126,1.907,1.8807,1.7569,1.5914,1.4401,1.3455,1.3263,1.3836,1.506,1.6727,1.8553,2.0208,2.1347,2.1685,2.1031,1.9345,1.677,1.3647,1.049,0.78701,0.62149,0.56445,0.59453,0.67511,0.77153
2.6802,1.7835,1.2482,1.0299,0.91551,0.74532,0.51415,0.35969,0.37757,0.51185,0.66572,0.79753,0.90414,0.97829,0.98653,0.87953,0.6351,0.29786,-0.023044,-0.20108,-0.16979,0.022115,0.24542,0.37499,0.34008,0.13607,-0.16674,-0.43159,-0.54811,-0.5064,-0.37544,-0.2294,-0.11198,-0.042268,-0.014732,-0.0063214,0.012773,0.059177,0.12662,0.19292,0.23234,0.23112,0.19123,0.13659,0.10584,0.13185,0.23051,0.38931,0.57817,0.77583,0.97581,1.1854,1.4089,1.633,1.8173,1.916,1.9035,1.7969,1.6465,1.5097,1.4258,1.4158,1.4815,1.6082,1.7692,1.932,2.0635,2.1334,2.1175,2.0022,1.7861,1.4851,1.1348,0.79019,0.51355,0.35223,0.31611,0.37894,0.4975,0.63304
2.6573,1.7782,1.2466,1.0167,0.87424,0.65907,0.38958,0.23802,0.30742,0.50695,0.71032,0.86792,0.98126,1.0491,1.0419,0.91376,0.6451,0.28291,-0.060949,-0.25683,-0.23454,-0.040351,0.19603,0.34625,0.33591,0.1538,-0.13376,-0.39292,-0.50304,-0.44678,-0.28988,-0.10908,0.045403,0.14983,0.20131,0.21562,0.21815,0.22961,0.25275,0.27335,0.27169,0.2358,0.17265,0.10875,0.082835,0.12478,0.24174,0.41375,0.60716,0.79907,0.98653,1.181,1.3913,1.606,1.788,1.8901,1.8853,1.7896,1.6527,1.5303,1.4611,1.4624,1.5331,1.6566,1.8051,1.9448,2.0419,2.0728,2.0171,1.8649,1.6175,1.2906,0.92021,0.56264,0.28332,0.13061,0.11575,0.20739,0.35742,0.52429
2.6394,1.7863,1.2587,1.0116,0.82827,0.54824,0.22004,0.069711,0.20924,0.49741,0.76543,0.95625,1.0766,1.1309,1.0945,0.92551,0.61096,0.20621,-0.16875,-0.37887,-0.35332,-0.14137,0.12354,0.31171,0.34238,0.19851,-0.063875,-0.31782,-0.43268,-0.37246,-0.19297,0.028545,0.23354,0.38918,0.48003,0.50923,0.49629,0.46672,0.43511,0.39725,0.33883,0.2515,0.14742,0.060241,0.029623,0.081255,0.21073,0.38789,0.57704,0.75622,0.92725,1.1055,1.302,1.5069,1.6868,1.7939,1.8003,1.721,1.6048,1.5049,1.4585,1.4795,1.5601,1.6776,1.8006,1.8969,1.9397,1.9107,1.8009,1.6063,1.3292,0.98353,0.60295,0.24338,-0.028267,-0.16156,-0.14798,-0.021323,0.1671,0.37476
2.6335,1.8018,1.2767,1.0177,0.80392,0.47338,0.09691,-0.055546,0.13626,0.48992,0.80592,1.021,1.1451,1.1864,1.1226,0.91497,0.55706,0.11439,-0.28296,-0.49544,-0.4561,-0.2218,0.070072,0.28941,0.35419,0.24235,-0.00011334,-0.2519,-0.37909,-0.32704,-0.14049,0.10611,0.34931,0.54638,0.67035,0.71435,0.69334,0.63608,0.56556,0.48484,0.38458,0.25988,0.12607,0.019129,-0.021826,0.023763,0.14768,0.31729,0.49495,0.66338,0.82326,0.99025,1.1769,1.3771,1.5557,1.6697,1.6905,1.6302,1.534,1.4548,1.4244,1.4553,1.5386,1.649,1.7529,1.8168,1.8163,1.7433,1.5942,1.3719,1.0816,0.73567,0.36356,0.016846,-0.23984,-0.35591,-0.3218,-0.17197,0.04183,0.2762
2.6325,1.8297,1.3101,1.0377,0.7878,0.3939,-0.050028,-0.21076,0.047373,0.48509,0.86266,1.1089,1.2368,1.2581,1.1522,0.88555,0.46214,-0.035016,-0.45837,-0.66331,-0.59511,-0.32618,0.0016611,0.26014,0.37033,0.30213,0.088059,-0.16253,-0.31049,-0.28033,-0.094339,0.17609,0.46382,0.71208,0.88002,0.9472,0.92025,0.83038,0.70784,0.5702,0.41732,0.25187,0.089056,-0.039768,-0.099271,-0.07448,0.023107,0.16208,0.30998,0.45094,0.59358,0.75455,0.94305,1.149,1.3366,1.4601,1.4947,1.4558,1.3885,1.3371,1.3361,1.3878,1.4767,1.5731,1.6424,1.655,1.5969,1.4669,1.2789,1.043,0.7623,0.44071,0.098036,-0.22056,-0.45297,-0.54829,-0.49658,-0.32817,-0.09355,0.1651
2.6333,1.8601,1.3481,1.0682,0.79305,0.34548,-0.16067,-0.33392,-0.017894,0.49565,0.92921,1.205,1.3367,1.3365,1.1851,0.85459,0.36193,-0.18916,-0.63238,-0.82193,-0.72167,-0.42146,-0.064052,0.22961,0.38297,0.359,0.17561,-0.073312,-0.24571,-0.24623,-0.074149,0.20887,0.52662,0.81507,1.0213,1.1117,1.0847,0.96686,0.80055,0.61311,0.4183,0.22025,0.034261,-0.11345,-0.19495,-0.19804,-0.13609,-0.03915,0.064943,0.17054,0.28994,0.44313,0.63968,0.86494,1.0795,1.2327,1.2942,1.2773,1.2285,1.1995,1.2134,1.2756,1.3669,1.4531,1.4962,1.4678,1.3611,1.1917,0.984,0.75552,0.50708,0.2327,-0.060376,-0.33803,-0.5448,-0.62995,-0.5771,-0.40953,-0.17212,0.094485
2.6314,1.88,1.3751,1.0943,0.80913,0.33371,-0.21039,-0.39294,-0.041505,0.51998,0.98999,1.286,1.4206,1.4049,1.2199,0.84121,0.2972,-0.29111,-0.74381,-0.91875,-0.79784,-0.48249,-0.11186,0.20123,0.38384,0.39304,0.23496,-0.011438,-0.20478,-0.23504,-0.080928,0.20403,0.54154,0.85735,1.0884,1.1909,1.1585,1.0197,0.82308,0.60627,0.38958,0.17916,-0.013224,-0.16658,-0.26096,-0.2869,-0.26004,-0.20719,-0.14503,-0.074121,0.02743,0.18307,0.39938,0.65265,0.89891,1.0777,1.1566,1.1521,1.1151,1.095,1.12,1.1893,1.2796,1.3546,1.3769,1.322,1.1904,1.0059,0.80338,0.60202,0.39584,0.16811,-0.083417,-0.33118,-0.52368,-0.61158,-0.57093,-0.41957,-0.19562,0.064783
2.6205,1.8958,1.4025,1.1273,0.84176,0.34811,-0.22676,-0.41674,-0.030626,0.58009,1.0891,1.4073,1.5459,1.5125,1.2868,0.8491,0.24274,-0.38825,-0.84808,-1.0048,-0.86703,-0.54754,-0.17473,0.15393,0.37,0.42289,0.29952,0.061081,-0.15942,-0.23188,-0.11052,0.16609,0.51914,0.86242,1.1179,1.2319,1.1901,1.0236,0.78918,0.54009,0.30785,0.10156,-0.075664,-0.21887,-0.32219,-0.38533,-0.41934,-0.43712,-0.44044,-0.41136,-0.32105,-0.14851,0.1049,0.41024,0.70609,0.92749,1.0365,1.0473,1.0131,0.99109,1.0118,1.0761,1.1597,1.2235,1.2288,1.1542,1.0089,0.82962,0.65875,0.5126,0.37317,0.20999,0.010359,-0.20526,-0.38946,-0.49307,-0.48255,-0.36589,-0.17253,0.06491
2.5942,1.8935,1.4129,1.1496,0.87733,0.38833,-0.18915,-0.37388,0.035997,0.678,1.2131,1.5471,1.688,1.641,1.3831,0.8973,0.24022,-0.42402,-0.88988,-1.0394,-0.90402,-0.60152,-0.24531,0.085805,0.32738,0.4222,0.33788,0.11701,-0.11862,-0.22892,-0.14515,0.10968,0.46005,0.81215,1.0791,1.1952,1.1415,0.94981,0.68607,0.4184,0.18861,0.0097367,-0.13053,-0.24827,-0.35223,-0.44932,-0.54251,-0.6301,-0.69716,-0.71188,-0.63502,-0.44105,-0.13498,0.23886,0.60522,0.87998,1.0157,1.0288,0.98212,0.94141,0.94428,0.99257,1.0614,1.1125,1.1093,1.0343,0.9007,0.75322,0.63249,0.54937,0.47671,0.37372,0.21789,0.021823,-0.1702,-0.29936,-0.33606,-0.26667,-0.11055,0.10043
2.5616,1.8759,1.4053,1.1541,0.89908,0.4281,-0.13125,-0.30005,0.12321,0.77762,1.3235,1.6644,1.806,1.7512,1.4749,0.96195,0.27618,-0.40753,-0.87977,-1.0336,-0.91455,-0.63966,-0.30855,0.014386,0.27002,0.39614,0.34746,0.14914,-0.087797,-0.22154,-0.17073,0.057406,0.39294,0.74149,1.0087,1.1238,1.0615,0.85377,0.57396,0.30099,0.086347,-0.062051,-0.16747,-0.25989,-0.3606,-0.47539,-0.60425,-0.7374,-0.84772,-0.89088,-0.81968,-0.60543,-0.25762,0.17116,0.58857,0.9017,1.0574,1.0716,1.0111,0.94746,0.92782,0.95667,1.0112,1.0532,1.0468,0.97752,0.86434,0.75208,0.67917,0.64556,0.61349,0.53865,0.40074,0.21451,0.022165,-0.12668,-0.18866,-0.15602,-0.041278,0.13282
2.4978,1.828,1.3711,1.1391,0.91317,0.48263,-0.028861,-0.15814,0.28271,0.94203,1.4916,1.8354,1.9759,1.9128,1.619,1.0803,0.36751,-0.33619,-0.82174,-0.99595,-0.91648,-0.69505,-0.41117,-0.11006,0.15973,0.32844,0.33409,0.17813,-0.045294,-0.20146,-0.1948,-0.013378,0.28674,0.61425,0.87055,0.97743,0.90327,0.68052,0.3889,0.12256,-0.058663,-0.15012,-0.1959,-0.24946,-0.34112,-0.48063,-0.6557,-0.84028,-0.99401,-1.0618,-0.98892,-0.74557,-0.3453,0.14725,0.63004,0.99285,1.1722,1.1822,1.0962,0.99889,0.94102,0.93901,0.97261,1.0038,0.99793,0.94436,0.86742,0.8069,0.79243,0.81284,0.82375,0.77916,0.65833,0.47472,0.26972,0.098116,-0.0037057,-0.013464,0.062541,0.20211
2.4334,1.772,1.3257,1.1092,0.90793,0.51667,0.05623,-0.029748,0.42632,1.0838,1.6296,1.9715,2.1101,2.042,1.7396,1.1889,0.46314,-0.25301,-0.75405,-0.9557,-0.91971,-0.74951,-0.50805,-0.22629,0.054274,0.25785,0.30889,0.19299,-0.01245,-0.17865,-0.20443,-0.064018,0.19984,0.50068,0.74037,0.83618,0.75529,0.52905,0.24311,-0.0052389,-0.15349,-0.20471,-0.21285,-0.24056,-0.32543,-0.47434,-0.66988,-0.87816,-1.0501,-1.1268,-1.0519,-0.79421,-0.36785,0.15901,0.67556,1.0657,1.2618,1.2762,1.182,1.064,0.98337,0.9555,0.96505,0.9799,0.97128,0.93233,0.88346,0.86558,0.89335,0.945,0.97374,0.93792,0.82227,0.64231,0.43669,0.25261,0.13345,0.096462,0.14035,0.25007
2.3251,1.6698,1.2375,1.0417,0.87429,0.54294,0.16701,0.15481,0.63588,1.2873,1.8231,2.1587,2.2935,2.2207,1.911,1.3513,0.61493,-0.1171,-0.64827,-0.90254,-0.93983,-0.84885,-0.67032,-0.41478,-0.11621,0.14066,0.26027,0.2059,0.034995,-0.13582,-0.20117,-0.12107,0.081627,0.3346,0.54524,0.62779,0.54491,0.32629,0.059675,-0.15348,-0.25351,-0.25335,-0.22012,-0.2238,-0.30408,-0.4627,-0.6753,-0.89808,-1.0748,-1.1463,-1.061,-0.79304,-0.35515,0.1908,0.73282,1.1493,1.3635,1.3815,1.2767,1.1392,1.0323,0.97992,0.96896,0.96883,0.95471,0.9259,0.90919,0.93141,0.9992,1.0816,1.1297,1.1048,0.99453,0.81522,0.60527,0.41318,0.27596,0.21728,0.23771,0.32204
2.1922,1.5364,1.1182,0.9423,0.80802,0.53986,0.26187,0.33734,0.84983,1.495,2.0183,2.3457,2.4763,2.4007,2.0877,1.5233,0.77887,0.027776,-0.54419,-0.8652,-0.98718,-0.9819,-0.86813,-0.63469,-0.31252,0.0049869,0.20158,0.21702,0.087911,-0.079293,-0.18132,-0.1634,-0.029137,0.168,0.34455,0.41807,0.34483,0.15035,-0.08313,-0.25463,-0.31029,-0.27016,-0.2106,-0.20472,-0.2864,-0.45288,-0.66735,-0.87984,-1.0388,-1.0926,-1.0036,-0.74701,-0.32648,0.20698,0.74752,1.1724,1.3996,1.4295,1.3306,1.1896,1.0729,1.0028,0.9701,0.95071,0.92761,0.90603,0.90962,0.96364,1.0599,1.1592,1.2131,1.1884,1.0791,0.90474,0.70239,0.51287,0.37567,0.30923,0.31478,0.38072
2.0783,1.4172,1.0103,0.84884,0.73734,0.51617,0.31566,0.4624,1.0033,1.6458,2.1601,2.4818,2.6101,2.5336,2.2196,1.6531,0.90121,0.13127,-0.47679,-0.85226,-1.0405,-1.0996,-1.0315,-0.81246,-0.47008,-0.10617,0.15013,0.22198,0.13072,-0.027941,-0.15308,-0.17982,-0.098111,0.054238,0.20387,0.27223,0.21411,0.048147,-0.1494,-0.28768,-0.31789,-0.26428,-0.19907,-0.1922,-0.27577,-0.4391,-0.64436,-0.83995,-0.97568,-1.0148,-0.92677,-0.68955,-0.29995,0.20249,0.72543,1.1457,1.3765,1.4126,1.3198,1.1839,1.0686,0.99822,0.96239,0.93688,0.90711,0.88271,0.89323,0.95475,1.0575,1.16,1.2152,1.1927,1.0879,0.92004,0.72493,0.54505,0.41195,0.34664,0.35159,0.41582
1.9104,1.2366,0.84632,0.70323,0.61743,0.45549,0.3585,0.6047,1.1885,1.8325,2.3379,2.654,2.7805,2.7044,2.3905,1.8196,1.0538,0.2536,-0.40743,-0.85752,-1.1311,-1.2696,-1.2558,-1.0508,-0.67823,-0.25216,0.080891,0.22519,0.18638,0.045592,-0.099831,-0.1768,-0.15888,-0.062764,0.052828,0.1168,0.082473,-0.039302,-0.18353,-0.27617,-0.28139,-0.22506,-0.17131,-0.17691,-0.26391,-0.4177,-0.59731,-0.75511,-0.85209,-0.86564,-0.78147,-0.58353,-0.25936,0.17434,0.64382,1.038,1.2672,1.3171,1.244,1.128,1.0288,0.96586,0.92911,0.89773,0.86192,0.83466,0.8427,0.9043,1.0031,1.0973,1.1436,1.1163,1.0144,0.85814,0.68156,0.52147,0.40864,0.35978,0.3754,0.44471
1.7304,1.037,0.66538,0.5397,0.47486,0.36571,0.36739,0.71367,1.3456,1.9971,2.4987,2.8115,2.9382,2.8637,2.5489,1.9721,1.1896,0.35498,-0.3611,-0.88233,-1.2325,-1.4386,-1.467,-1.2672,-0.86131,-0.3764,0.02306,0.2305,0.23962,0.12083,-0.030424,-0.14088,-0.17204,-0.1246,-0.040306,0.020153,0.010555,-0.066294,-0.16293,-0.2215,-0.2151,-0.16734,-0.12941,-0.14771,-0.23693,-0.37672,-0.52581,-0.63958,-0.69205,-0.67953,-0.60389,-0.45453,-0.20963,0.13503,0.53005,0.87726,1.0879,1.1416,1.0873,0.9981,0.92642,0.88872,0.87151,0.85203,0.81977,0.78763,0.7842,0.82543,0.89772,0.96485,0.98994,0.95296,0.85547,0.71681,0.5667,0.43655,0.35462,0.33016,0.36289,0.44416
