-0.83274,-1.7843,-2.2589,-2.2941,-2.2194,-2.0096,-1.4922,-0.69419,0.13577,0.77321,1.1624,1.3525,1.3986,1.3475,1.2605,1.2046,1.2164,1.2872,1.3853,1.4832,1.5607,1.5933,1.5506,1.409,1.159,0.81943,0.42849,0.035399,-0.31558,-0.59659,-0.79214,-0.89277,-0.89397,-0.80679,-0.66445,-0.51724,-0.40419,-0.35291,-0.37087,-0.44678,-0.54613,-0.62742,-0.6669,-0.67133,-0.66284,-0.65237,-0.61742,-0.51589,-0.31944,-0.03108,0.31847,0.69844,1.0864,1.464,1.8091,2.096,2.2998,2.4093,2.4344,2.4038,2.3522,2.3063,2.2714,2.229,2.1482,2.0041,1.794,1.5371,1.2735,1.0384,0.84968,0.70761,0.6046,0.53521,0.49878,0.49758,0.51879,0.55279,0.58103,0.58385
-0.85956,-1.8857,-2.3634,-2.3205,-2.155,-1.8799,-1.3435,-0.57145,0.21153,0.80533,1.1633,1.3341,1.37,1.3173,1.2355,1.1867,1.1994,1.261,1.3412,1.4154,1.4661,1.4728,1.4107,1.2625,1.0234,0.71159,0.35558,-0.0052071,-0.34105,-0.62965,-0.85293,-0.99301,-1.024,-0.94098,-0.7759,-0.58717,-0.4357,-0.35736,-0.36648,-0.44875,-0.56827,-0.68793,-0.78103,-0.84892,-0.90758,-0.95073,-0.94561,-0.84073,-0.60887,-0.27279,0.12131,0.52893,0.92273,1.2873,1.6092,1.87,2.0526,2.1516,2.1797,2.1648,2.1379,2.1201,2.1106,2.0883,2.0226,1.8912,1.6935,1.456,1.2165,1.0099,0.85357,0.74615,0.6764,0.63349,0.61185,0.60906,0.62303,0.64396,0.65841,0.64971
-0.87196,-1.9739,-2.4495,-2.3119,-2.0401,-1.6965,-1.1551,-0.43704,0.26894,0.79678,1.1129,1.2615,1.2888,1.2368,1.1602,1.1132,1.119,1.1641,1.2206,1.2666,1.2868,1.2648,1.1835,1.035,0.82429,0.56806,0.28533,-0.0095664,-0.30653,-0.59486,-0.85518,-1.0497,-1.1305,-1.0683,-0.88953,-0.66947,-0.48554,-0.38567,-0.38481,-0.47044,-0.61395,-0.77622,-0.93946,-1.101,-1.2553,-1.3793,-1.4047,-1.2715,-0.97671,-0.57229,-0.13171,0.29291,0.67525,1.0053,1.2785,1.4895,1.635,1.7189,1.7566,1.7713,1.7886,1.819,1.8533,1.8648,1.8225,1.7074,1.5243,1.3013,1.0826,0.90458,0.78334,0.71438,0.68237,0.67213,0.67414,0.68473,0.70027,0.71552,0.72241,0.71075
-0.85664,-1.9894,-2.4568,-2.2614,-1.9266,-1.5486,-1.0214,-0.35977,0.27727,0.75063,1.0356,1.1719,1.1982,1.1499,1.0763,1.0268,1.0223,1.0512,1.0888,1.1155,1.1169,1.0793,0.99164,0.8525,0.67447,0.4711,0.25161,0.012572,-0.24858,-0.52923,-0.80843,-1.0384,-1.1562,-1.1162,-0.93914,-0.70896,-0.51307,-0.40489,-0.40388,-0.49762,-0.659,-0.8534,-1.0632,-1.2843,-1.5043,-1.6758,-1.7149,-1.5563,-1.213,-0.76544,-0.30178,0.12117,0.47943,0.76827,0.99327,1.16,1.2745,1.3468,1.394,1.4388,1.4945,1.5647,1.6348,1.6762,1.6584,1.5622,1.3911,1.1774,0.96406,0.79218,0.68275,0.63302,0.625,0.63822,0.65857,0.68092,0.70223,0.72267,0.73878,0.74239
-0.79639,-1.9253,-2.3709,-2.122,-1.7329,-1.3356,-0.85133,-0.28735,0.24207,0.63544,0.88085,1.0094,1.0429,1.0043,0.93489,0.87876,0.85647,0.86072,0.87275,0.87634,0.85916,0.81085,0.72738,0.61617,0.49431,0.36913,0.23239,0.064577,-0.15053,-0.41483,-0.70534,-0.96883,-1.1267,-1.118,-0.956,-0.7273,-0.5292,-0.42258,-0.42458,-0.52765,-0.70616,-0.93588,-1.1995,-1.4868,-1.7738,-1.9886,-2.0296,-1.8327,-1.4356,-0.94905,-0.47552,-0.075077,0.23178,0.44975,0.59415,0.68645,0.74982,0.80694,0.87689,0.96991,1.0894,1.2218,1.3433,1.4235,1.4347,1.3615,1.2101,1.0069,0.79843,0.62849,0.52262,0.48191,0.48928,0.5219,0.56163,0.60066,0.63523,0.66771,0.69961,0.7295
-0.68656,-1.757,-2.1664,-1.8973,-1.4908,-1.1049,-0.69086,-0.24626,0.15717,0.46237,0.67286,0.80445,0.8553,0.83189,0.76846,0.70453,0.66308,0.64345,0.63378,0.6214,0.5951,0.54713,0.47994,0.40852,0.34893,0.30043,0.23871,0.13262,-0.042253,-0.28798,-0.57805,-0.85562,-1.035,-1.0499,-0.90932,-0.70114,-0.52309,-0.43413,-0.4495,-0.56017,-0.7457,-0.98647,-1.2727,-1.5944,-1.912,-2.1441,-2.171,-1.938,-1.5121,-1.0194,-0.56947,-0.21918,0.016355,0.14782,0.20289,0.21708,0.23098,0.27915,0.37942,0.52961,0.70938,0.89325,1.054,1.1663,1.2082,1.1662,1.0409,0.85813,0.65698,0.48203,0.3648,0.31325,0.31424,0.34562,0.3889,0.43407,0.48082,0.53403,0.59584,0.66449
-0.57286,-1.5654,-1.9397,-1.6768,-1.2814,-0.92355,-0.57633,-0.23406,0.063844,0.29842,0.48654,0.62795,0.6986,0.69088,0.63358,0.56546,0.51153,0.47707,0.45663,0.43963,0.41406,0.37333,0.32385,0.28444,0.26866,0.26983,0.25493,0.18614,0.036325,-0.19546,-0.48041,-0.75789,-0.94111,-0.96519,-0.84132,-0.65715,-0.50553,-0.43689,-0.46634,-0.58217,-0.76727,-1.0069,-1.2909,-1.6062,-1.9155,-2.1252,-2.1293,-1.8845,-1.4617,-0.99257,-0.58199,-0.28399,-0.11099,-0.048854,-0.063343,-0.10684,-0.12641,-0.07994,0.046969,0.23902,0.45972,0.67456,0.8564,0.98532,1.0455,1.0256,0.92588,0.76264,0.57008,0.39026,0.25731,0.1857,0.16921,0.18964,0.22835,0.27398,0.32622,0.38652,0.46003,0.5514
-0.38615,-1.2386,-1.56,-1.3286,-0.97482,-0.67617,-0.43295,-0.23876,-0.092284,0.044726,0.2093,0.37406,0.47828,0.49608,0.44894,0.37759,0.31215,0.267,0.24369,0.2325,0.21871,0.19558,0.17297,0.17128,0.20272,0.25283,0.28326,0.24976,0.1263,-0.087357,-0.36,-0.62656,-0.80593,-0.83683,-0.73703,-0.5877,-0.47314,-0.43476,-0.47816,-0.5915,-0.76317,-0.98241,-1.2442,-1.532,-1.7996,-1.9621,-1.9295,-1.6805,-1.29,-0.87699,-0.53368,-0.3093,-0.21599,-0.23865,-0.33727,-0.45361,-0.51783,-0.4754,-0.31608,-0.078657,0.1849,0.42648,0.62018,0.75676,0.83252,0.84203,0.77982,0.65252,0.48241,0.30307,0.148,0.038523,-0.021211,-0.039918,-0.02971,0.0018458,0.051248,0.1241,0.22453,0.35491
-0.22663,-0.95576,-1.2348,-1.0394,-0.73332,-0.49091,-0.33245,-0.25391,-0.22502,-0.16187,-0.0097889,0.17846,0.31121,0.3486,0.30981,0.23783,0.16899,0.12465,0.10903,0.11062,0.11211,0.10631,0.10474,0.12765,0.1853,0.25811,0.3063,0.28661,0.1749,-0.026959,-0.28509,-0.53612,-0.70368,-0.73699,-0.65668,-0.53644,-0.44895,-0.42839,-0.47648,-0.58276,-0.73817,-0.93543,-1.171,-1.4253,-1.6463,-1.764,-1.7029,-1.4593,-1.1087,-0.74839,-0.46073,-0.29053,-0.25071,-0.32687,-0.4775,-0.6358,-0.72216,-0.67937,-0.50544,-0.24713,0.025301,0.26674,0.45754,0.59616,0.68416,0.71634,0.68401,0.58573,0.43139,0.24963,0.0747,-0.066865,-0.16349,-0.21679,-0.23404,-0.22063,-0.17812,-0.10542,0.0014467,0.14789
0.00065145,-0.55366,-0.77631,-0.63724,-0.40858,-0.25061,-0.20826,-0.2824,-0.40758,-0.44018,-0.29964,-0.076809,0.093262,0.15418,0.12531,0.055987,-0.0089309,-0.041676,-0.037371,-0.011974,0.014011,0.034447,0.062081,0.1145,0.19476,0.28078,0.3345,0.31989,0.216,0.027798,-0.20878,-0.43623,-0.5851,-0.62217,-0.56751,-0.48465,-0.42567,-0.41691,-0.46124,-0.55466,-0.68653,-0.85477,-1.0433,-1.2294,-1.3776,-1.4236,-1.3342,-1.118,-0.83161,-0.55258,-0.34232,-0.23891,-0.25548,-0.37983,-0.57427,-0.76833,-0.87764,-0.84114,-0.66016,-0.39795,-0.12177,0.11305,0.28777,0.40848,0.48866,0.53316,0.53258,0.47357,0.35562,0.19046,0.0015939,-0.18323,-0.3402,-0.45469,-0.52155,-0.5393,-0.51493,-0.44544,-0.32924,-0.16359
0.22981,-0.14957,-0.31874,-0.23865,-0.09389,-0.024423,-0.094316,-0.31087,-0.57905,-0.69971,-0.56998,-0.31675,-0.11616,-0.037672,-0.057585,-0.11995,-0.17335,-0.18681,-0.15732,-0.10511,-0.052572,-0.0046555,0.050694,0.12609,0.21648,0.302,0.35131,0.3352,0.2362,0.060668,-0.1592,-0.36849,-0.50932,-0.55271,-0.51922,-0.46046,-0.41803,-0.40923,-0.43676,-0.49789,-0.59407,-0.71756,-0.85931,-0.99391,-1.0799,-1.0808,-0.97942,-0.79608,-0.57622,-0.37413,-0.23137,-0.17841,-0.22911,-0.3763,-0.58264,-0.7831,-0.89734,-0.86985,-0.70564,-0.46057,-0.21404,-0.010955,0.13525,0.23577,0.30833,0.35991,0.38179,0.35416,0.26206,0.10808,-0.089828,-0.30484,-0.50858,-0.67704,-0.79398,-0.8503,-0.84729,-0.78709,-0.67259,-0.50495
0.39395,0.14001,0.0083504,0.045906,0.12811,0.1326,-0.014166,-0.32442,-0.68626,-0.86588,-0.74668,-0.48012,-0.26588,-0.17932,-0.19367,-0.24899,-0.29077,-0.28709,-0.23756,-0.16554,-0.094011,-0.027678,0.043662,0.12993,0.2234,0.30618,0.3512,0.33237,0.23429,0.066538,-0.14243,-0.3406,-0.47732,-0.52733,-0.51015,-0.46312,-0.42109,-0.39727,-0.39923,-0.43143,-0.49915,-0.59808,-0.71364,-0.81586,-0.86645,-0.84173,-0.73714,-0.5789,-0.40772,-0.2572,-0.16037,-0.14009,-0.20765,-0.35568,-0.55597,-0.74912,-0.86167,-0.84107,-0.69121,-0.47083,-0.24571,-0.067057,0.050674,0.12088,0.16793,0.20764,0.23527,0.22682,0.16281,0.032456,-0.15849,-0.38852,-0.62504,-0.83266,-0.98344,-1.0643,-1.0747,-1.022,-0.91495,-0.75726
0.59193,0.49247,0.40775,0.39405,0.39809,0.32243,0.08741,-0.32232,-0.78228,-1.027,-0.93097,-0.66877,-0.45521,-0.36753,-0.37802,-0.4236,-0.4468,-0.41745,-0.34098,-0.24576,-0.15502,-0.07137,0.014837,0.10871,0.20421,0.28307,0.32348,0.30249,0.2102,0.055211,-0.13577,-0.32001,-0.45597,-0.52362,-0.53088,-0.4968,-0.44117,-0.38017,-0.33419,-0.32382,-0.35699,-0.42825,-0.51016,-0.57083,-0.58597,-0.54098,-0.45034,-0.33917,-0.23135,-0.14945,-0.10844,-0.12141,-0.1966,-0.33173,-0.50225,-0.66421,-0.76009,-0.74792,-0.62993,-0.45171,-0.27413,-0.14003,-0.06398,-0.033114,-0.019716,-0.00091076,0.025338,0.035399,-0.0023888,-0.10864,-0.28453,-0.51252,-0.76163,-0.99482,-1.1781,-1.2844,-1.3187,-1.2839,-1.1903,-1.0471
0.75619,0.79368,0.75199,0.69629,0.63122,0.48687,0.18497,-0.29074,-0.80941,-1.1005,-1.0445,-0.81923,-0.63303,-0.55839,-0.56857,-0.60296,-0.60563,-0.55129,-0.45343,-0.34526,-0.24738,-0.15563,-0.057054,0.047702,0.14866,0.22552,0.2616,0.24344,0.16612,0.032724,-0.13492,-0.30655,-0.45088,-0.54347,-0.57481,-0.54775,-0.4716,-0.36756,-0.26847,-0.20643,-0.1995,-0.23661,-0.29159,-0.33231,-0.33289,-0.29456,-0.2331,-0.16966,-0.12134,-0.095058,-0.096371,-0.13383,-0.21287,-0.32726,-0.46236,-0.58235,-0.64737,-0.63212,-0.54232,-0.41144,-0.28716,-0.20585,-0.1808,-0.20023,-0.2339,-0.24991,-0.23837,-0.21234,-0.21237,-0.2742,-0.41422,-0.6238,-0.8714,-1.1117,-1.3012,-1.4216,-1.4568,-1.426,-1.3483,-1.2357
0.8523,0.98064,0.96818,0.88696,0.77815,0.59183,0.25534,-0.24562,-0.77995,-1.0924,-1.0788,-0.90437,-0.75729,-0.70154,-0.71174,-0.73472,-0.7215,-0.65353,-0.54921,-0.44179,-0.3471,-0.25493,-0.14942,-0.032656,0.077143,0.1586,0.19683,0.18576,0.12302,0.010107,-0.13639,-0.29654,-0.44568,-0.55748,-0.60768,-0.58605,-0.49293,-0.35628,-0.21601,-0.11656,-0.079731,-0.098734,-0.1447,-0.18075,-0.18171,-0.14907,-0.10158,-0.06581,-0.057781,-0.074699,-0.1149,-0.17447,-0.25166,-0.34368,-0.44102,-0.52444,-0.56921,-0.55699,-0.49027,-0.39738,-0.31267,-0.26854,-0.27963,-0.33703,-0.40974,-0.45827,-0.45702,-0.42441,-0.39834,-0.42226,-0.52058,-0.69097,-0.90737,-1.1291,-1.3141,-1.4271,-1.4741,-1.4599,-1.4001,-1.3086
0.93981,1.1734,1.1957,1.0889,0.9332,0.70564,0.34541,-0.15711,-0.67736,-1.0022,-1.0579,-0.97759,-0.90468,-0.88399,-0.89501,-0.89894,-0.8663,-0.79079,-0.69183,-0.5966,-0.51374,-0.42714,-0.31797,-0.18793,-0.063391,0.033205,0.08842,0.098387,0.06084,-0.020129,-0.13694,-0.27761,-0.42242,-0.54925,-0.62378,-0.61418,-0.50981,-0.34132,-0.16126,-0.024722,0.045779,0.052165,0.02758,0.0054286,0.0011226,0.017746,0.031708,0.021846,-0.017391,-0.084875,-0.16641,-0.2499,-0.32732,-0.39496,-0.44724,-0.4794,-0.48591,-0.46559,-0.42652,-0.38558,-0.36521,-0.38571,-0.4563,-0.56732,-0.68592,-0.7652,-0.77572,-0.71651,-0.63848,-0.59903,-0.63478,-0.74994,-0.91918,-1.0996,-1.2486,-1.3493,-1.3824,-1.3685,-1.3263,-1.2681
0.97278,1.2736,1.3198,1.1998,1.018,0.77149,0.40952,-0.071594,-0.55959,-0.8842,-0.99724,-1.001,-0.99513,-1.0051,-1.0157,-1.006,-0.96406,-0.89133,-0.80521,-0.72559,-0.65486,-0.57443,-0.46544,-0.33028,-0.19637,-0.086559,-0.011514,0.023563,0.015172,-0.032962,-0.12192,-0.24228,-0.37897,-0.51141,-0.60351,-0.61105,-0.51693,-0.34226,-0.14817,0.0139,0.10956,0.14659,0.14371,0.12602,0.11497,0.10625,0.090058,0.053402,-0.01363,-0.10449,-0.20731,-0.30797,-0.39176,-0.4449,-0.46935,-0.46614,-0.44537,-0.42068,-0.40465,-0.40547,-0.43697,-0.50561,-0.61532,-0.75766,-0.90268,-1.0018,-1.0091,-0.93459,-0.8218,-0.73066,-0.70314,-0.75088,-0.85815,-0.99204,-1.1157,-1.1935,-1.2353,-1.2388,-1.215,-1.1765
0.97166,1.3474,1.4228,1.2929,1.0894,0.83385,0.4901,0.0616,-0.36384,-0.67834,-0.86704,-0.98864,-1.0773,-1.1279,-1.1377,-1.1136,-1.0682,-1.0103,-0.95084,-0.89844,-0.84717,-0.77658,-0.67023,-0.53502,-0.39344,-0.26863,-0.16773,-0.0927,-0.044912,-0.03181,-0.063034,-0.14263,-0.26927,-0.41843,-0.54359,-0.5842,-0.51189,-0.34627,-0.14288,0.038688,0.16419,0.22362,0.23531,0.22327,0.20333,0.18394,0.15444,0.097457,0.0040416,-0.12591,-0.2723,-0.40378,-0.49256,-0.5287,-0.51233,-0.46853,-0.42373,-0.3998,-0.41048,-0.46492,-0.55638,-0.6879,-0.85749,-1.0497,-1.225,-1.3254,-1.3132,-1.1813,-0.9939,-0.82552,-0.72484,-0.70328,-0.74272,-0.81073,-0.87704,-0.93125,-0.95486,-0.96244,-0.96328,-0.96313
0.91914,1.3539,1.4559,1.3241,1.1134,0.8664,0.56176,0.20611,-0.14302,-0.43903,-0.69417,-0.9247,-1.1023,-1.1912,-1.2005,-1.168,-1.1284,-1.0955,-1.0712,-1.0523,-1.0256,-0.96957,-0.86978,-0.7363,-0.58916,-0.44998,-0.32345,-0.20677,-0.098654,-0.015484,0.025897,0.0021527,-0.099715,-0.26021,-0.42214,-0.51654,-0.49501,-0.36949,-0.18055,0.0091821,0.15963,0.24909,0.28533,0.28625,0.26651,0.23636,0.1894,0.11396,0.00048766,-0.1497,-0.31888,-0.47597,-0.58438,-0.61796,-0.58167,-0.50386,-0.43134,-0.40581,-0.44815,-0.55496,-0.7173,-0.91419,-1.1284,-1.3389,-1.5095,-1.5882,-1.5291,-1.3502,-1.1066,-0.86963,-0.68907,-0.5826,-0.54214,-0.54627,-0.57211,-0.60206,-0.63032,-0.65741,-0.68481,-0.7144
0.84712,1.3165,1.4365,1.308,1.1006,0.87028,0.60591,0.313,0.023917,-0.25437,-0.54788,-0.84561,-1.0794,-1.1937,-1.2034,-1.1684,-1.1368,-1.1249,-1.1296,-1.1389,-1.1334,-1.0901,-0.99725,-0.8659,-0.71668,-0.56755,-0.42277,-0.27521,-0.12671,0.0067851,0.10154,0.12289,0.053586,-0.099823,-0.28356,-0.42557,-0.46556,-0.39104,-0.23706,-0.050718,0.11558,0.23797,0.30262,0.31673,0.30101,0.26419,0.21024,0.12877,0.0055338,-0.16068,-0.34939,-0.52416,-0.64319,-0.67689,-0.63048,-0.54136,-0.46258,-0.44052,-0.49899,-0.63943,-0.83732,-1.0727,-1.3207,-1.5485,-1.7089,-1.7487,-1.6452,-1.4098,-1.1132,-0.82856,-0.60376,-0.45487,-0.37447,-0.34341,-0.3418,-0.36025,-0.38523,-0.41808,-0.46062,-0.51438
0.71015,1.2136,1.3554,1.2373,1.0445,0.84772,0.64609,0.44033,0.22995,-0.021512,-0.34819,-0.70888,-0.99548,-1.1328,-1.1427,-1.1071,-1.0867,-1.1016,-1.1441,-1.1919,-1.216,-1.1917,-1.1114,-0.98773,-0.84311,-0.68778,-0.52062,-0.33314,-0.13124,0.066741,0.22413,0.30159,0.27015,0.12864,-0.080404,-0.27807,-0.39405,-0.39436,-0.29171,-0.12755,0.048891,0.1912,0.28149,0.32023,0.31953,0.2969,0.2536,0.17509,0.04412,-0.14384,-0.36681,-0.57605,-0.71624,-0.75744,-0.70001,-0.5972,-0.51483,-0.5051,-0.59175,-0.77019,-1.0148,-1.2873,-1.5476,-1.7545,-1.8651,-1.842,-1.6693,-1.3872,-1.0555,-0.73571,-0.46788,-0.26805,-0.13491,-0.05877,-0.028314,-0.033955,-0.063655,-0.1176,-0.19075,-0.27724
0.57936,1.1001,1.2566,1.1509,0.97513,0.81001,0.65967,0.51792,0.36191,0.13289,-0.20477,-0.59032,-0.8959,-1.039,-1.0476,-1.0126,-1.0002,-1.0324,-1.0985,-1.1706,-1.2148,-1.2059,-1.1387,-1.0268,-0.89245,-0.74101,-0.56367,-0.35265,-0.1131,0.12957,0.32954,0.44529,0.4376,0.30534,0.084316,-0.14837,-0.31757,-0.37845,-0.31847,-0.17446,0.0026347,0.1582,0.2664,0.32511,0.34377,0.33532,0.29876,0.21948,0.079137,-0.11867,-0.35452,-0.58246,-0.74504,-0.79843,-0.75352,-0.65326,-0.5694,-0.56275,-0.66135,-0.85773,-1.1209,-1.4076,-1.6697,-1.8583,-1.9282,-1.8502,-1.6333,-1.3155,-0.95955,-0.62086,-0.33425,-0.11474,0.036448,0.12634,0.16588,0.16367,0.12947,0.073483,-0.001227,-0.095712
0.37266,0.90637,1.0812,0.99654,0.85062,0.73339,0.65206,0.58937,0.49804,0.30088,-0.033095,-0.42367,-0.72636,-0.85903,-0.85974,-0.82568,-0.8244,-0.87598,-0.9654,-1.0592,-1.1217,-1.1298,-1.0816,-0.9929,-0.87986,-0.74504,-0.5723,-0.34852,-0.074931,0.21434,0.46759,0.631,0.66116,0.55069,0.33021,0.067623,-0.16378,-0.30158,-0.31789,-0.21802,-0.05104,0.12764,0.27122,0.36355,0.41353,0.42714,0.4015,0.31813,0.16254,-0.064613,-0.32667,-0.56879,-0.7364,-0.80228,-0.76836,-0.69187,-0.63708,-0.65548,-0.77075,-0.97687,-1.2429,-1.5189,-1.7499,-1.8836,-1.8832,-1.7407,-1.4782,-1.1475,-0.7989,-0.46989,-0.18286,0.051058,0.2272,0.3443,0.4036,0.40839,0.37245,0.298,0.19364,0.068487
0.13702,0.67308,0.86495,0.80615,0.69542,0.62855,0.61281,0.61803,0.58089,0.41705,0.10385,-0.26314,-0.53491,-0.63798,-0.62088,-0.58377,-0.59206,-0.66017,-0.76594,-0.8713,-0.94085,-0.95706,-0.92509,-0.86269,-0.77899,-0.67056,-0.51948,-0.30321,-0.020818,0.2924,0.58445,0.7892,0.86178,0.78325,0.58094,0.31126,0.049038,-0.14163,-0.21782,-0.17035,-0.029003,0.14617,0.30967,0.43716,0.52148,0.56634,0.55705,0.47358,0.30454,0.061778,-0.21925,-0.48262,-0.67295,-0.75966,-0.75865,-0.71323,-0.68358,-0.71834,-0.83973,-1.0419,-1.2877,-1.5329,-1.7215,-1.8022,-1.7461,-1.5601,-1.2827,-0.96012,-0.63246,-0.32296,-0.044565,0.19205,0.37606,0.49949,0.56106,0.57045,0.52759,0.44935,0.34571,0.22122
-0.052444,0.47915,0.68344,0.64601,0.56361,0.53392,0.56218,0.61014,0.60645,0.46765,0.17914,-0.15591,-0.39088,-0.46199,-0.42603,-0.38203,-0.39301,-0.4688,-0.58206,-0.691,-0.76135,-0.78158,-0.76248,-0.72099,-0.6629,-0.57802,-0.44488,-0.24179,0.031574,0.34632,0.64866,0.87642,0.98134,0.9391,0.76646,0.51266,0.24628,0.031953,-0.077255,-0.062243,0.055058,0.22288,0.39358,0.54029,0.65073,0.7126,0.70643,0.61451,0.43248,0.18046,-0.10057,-0.3606,-0.55426,-0.65747,-0.6836,-0.67188,-0.67451,-0.73394,-0.86732,-1.0622,-1.2891,-1.4966,-1.6345,-1.6653,-1.5754,-1.379,-1.1102,-0.81175,-0.51052,-0.22501,0.033519,0.25674,0.43679,0.5663,0.64003,0.65391,0.62116,0.54461,0.43277,0.29463
-0.31281,0.2063,0.42643,0.41925,0.37525,0.39097,0.46766,0.55957,0.59049,0.48356,0.23759,-0.040913,-0.21553,-0.2371,-0.17092,-0.11249,-0.11836,-0.19369,-0.30716,-0.41425,-0.4838,-0.51205,-0.51415,-0.50455,-0.48406,-0.43631,-0.33382,-0.15747,0.094057,0.39847,0.70275,0.95437,1.1019,1.118,1.0049,0.80126,0.55968,0.34031,0.19843,0.16979,0.24888,0.40058,0.57611,0.74264,0.87808,0.95872,0.95988,0.86236,0.67016,0.40871,0.12593,-0.12746,-0.31685,-0.43582,-0.49914,-0.54195,-0.59756,-0.68976,-0.82767,-1.0048,-1.1909,-1.3505,-1.4409,-1.4295,-1.3107,-1.11,-0.8683,-0.61561,-0.37056,-0.13503,0.091286,0.30153,0.48131,0.61486,0.69192,0.71455,0.6818,0.606,0.499,0.36997
-0.57103,-0.069205,0.16694,0.19018,0.18175,0.23404,0.34465,0.46417,0.5176,0.44044,0.24418,0.033363,-0.072798,-0.042343,0.055791,0.13373,0.14202,0.078933,-0.023868,-0.12432,-0.1955,-0.23696,-0.26426,-0.28958,-0.30865,-0.30254,-0.24283,-0.10457,0.11932,0.4079,0.71705,0.99293,1.1867,1.2663,1.2275,1.0939,0.90563,0.71219,0.56105,0.49624,0.53504,0.66,0.83471,1.0178,1.1707,1.2602,1.2572,1.1507,0.95241,0.69938,0.43405,0.19687,0.011734,-0.12059,-0.22041,-0.3095,-0.41046,-0.53672,-0.68905,-0.85356,-1.0105,-1.126,-1.1698,-1.1272,-1.0066,-0.83391,-0.63931,-0.44436,-0.25268,-0.062773,0.12542,0.30604,0.46728,0.59496,0.67762,0.70883,0.69087,0.63278,0.54271,0.42677
-0.75549,-0.26792,-0.019555,0.025496,0.039402,0.11107,0.23599,0.36435,0.42644,0.37013,0.21437,0.059496,0.0076647,0.076412,0.19849,0.29302,0.31611,0.26733,0.1762,0.081081,0.0061559,-0.049026,-0.098751,-0.15183,-0.20042,-0.22436,-0.19677,-0.088774,0.11057,0.38406,0.6954,0.99046,1.2223,1.3551,1.3791,1.3058,1.1681,1.0058,0.86651,0.79219,0.80853,0.91202,1.0756,1.2598,1.4201,1.5121,1.5028,1.385,1.1816,0.93271,0.68719,0.47707,0.31061,0.1769,0.057167,-0.0679,-0.2066,-0.35893,-0.51908,-0.67711,-0.81398,-0.90717,-0.93447,-0.88551,-0.77122,-0.62054,-0.46202,-0.31399,-0.17566,-0.035077,0.11658,0.27632,0.42988,0.55871,0.64753,0.68809,0.68305,0.63607,0.55455,0.44573
-0.97941,-0.50945,-0.24509,-0.17345,-0.13815,-0.054803,0.07254,0.19605,0.25862,0.22684,0.12961,0.053471,0.074315,0.19235,0.34389,0.46106,0.50763,0.4819,0.40804,0.31932,0.2363,0.15766,0.072587,-0.021055,-0.10904,-0.16862,-0.17315,-0.098998,0.067117,0.3166,0.62261,0.94232,1.2298,1.4439,1.5606,1.5764,1.512,1.4013,1.2869,1.2113,1.2069,1.2849,1.4301,1.6066,1.7648,1.853,1.8374,1.7142,1.5116,1.2777,1.0548,0.86815,0.71835,0.58719,0.4538,0.30553,0.14074,-0.033453,-0.20635,-0.36321,-0.49395,-0.57795,-0.59943,-0.55652,-0.46575,-0.3547,-0.24932,-0.15938,-0.079235,0.0048856,0.10463,0.22228,0.34868,0.46697,0.55976,0.61606,0.6289,0.60467,0.55019,0.47114
-1.1256,-0.66531,-0.38843,-0.30069,-0.25767,-0.1766,-0.060868,0.046557,0.10051,0.084911,0.033879,0.018898,0.09319,0.24577,0.41724,0.55075,0.6153,0.60816,0.54872,0.46478,0.37356,0.27433,0.16031,0.035504,-0.080862,-0.16384,-0.18811,-0.13504,0.0073609,0.23968,0.54057,0.87973,1.212,1.4906,1.6776,1.7623,1.7559,1.6886,1.5977,1.5256,1.5098,1.5711,1.7039,1.8739,2.0265,2.1072,2.0804,1.9481,1.7459,1.5233,1.3214,1.1572,1.0232,0.89921,0.7619,0.60295,0.42553,0.2405,0.060463,-0.10181,-0.23349,-0.31897,-0.3456,-0.31335,-0.23998,-0.15512,-0.084246,-0.038409,-0.010202,0.020773,0.074205,0.15843,0.26691,0.38213,0.48359,0.55264,0.58852,0.58623,0.54848,0.47999
-1.2852,-0.8308,-0.53662,-0.434,-0.39313,-0.33053,-0.24612,-0.17534,-0.14345,-0.14093,-0.12815,-0.060084,0.082326,0.27546,0.46949,0.62161,0.70823,0.72602,0.68761,0.61163,0.50905,0.37989,0.22542,0.060361,-0.090387,-0.20159,-0.25213,-0.22552,-0.107,0.11093,0.41716,0.78813,1.1782,1.534,1.8064,1.9748,2.0432,2.0351,1.9826,1.9243,1.9007,1.9432,2.0555,2.2077,2.3462,2.4118,2.3716,2.2313,2.0302,1.8194,1.6378,1.4973,1.3849,1.2745,1.1457,0.98756,0.8059,0.61475,0.42821,0.25721,0.11666,0.020055,-0.021788,-0.010849,0.034168,0.084441,0.11281,0.10841,0.080522,0.050383,0.042202,0.072635,0.14373,0.24268,0.34843,0.44014,0.50275,0.53331,0.53198,0.5009
-1.4015,-0.94329,-0.63168,-0.52284,-0.49751,-0.46841,-0.42966,-0.40844,-0.40868,-0.39189,-0.31468,-0.16485,0.0401,0.26601,0.47565,0.64154,0.74798,0.79075,0.77568,0.71122,0.60006,0.44226,0.24812,0.043977,-0.13793,-0.27348,-0.34823,-0.34454,-0.24209,-0.029651,0.29427,0.70093,1.1451,1.5647,1.909,2.1459,2.2799,2.3274,2.3163,2.2764,2.2491,2.2702,2.3573,2.4891,2.6101,2.663,2.6117,2.4642,2.2643,2.0636,1.8962,1.7695,1.669,1.5702,1.4543,1.3123,1.145,0.95999,0.76869,0.58633,0.42812,0.31501,0.25981,0.25928,0.29112,0.32101,0.31972,0.26911,0.17674,0.071141,-0.010359,-0.03745,0.00056734,0.091791,0.20976,0.32962,0.42694,0.49102,0.52097,0.52004
-1.4607,-0.99318,-0.66904,-0.56119,-0.55531,-0.55825,-0.55988,-0.58083,-0.60896,-0.58391,-0.46011,-0.25105,-0.0027516,0.24268,0.45974,0.63252,0.75158,0.81272,0.81632,0.7624,0.64774,0.4724,0.25184,0.019519,-0.18407,-0.33465,-0.42106,-0.42791,-0.33457,-0.12433,0.20795,0.63661,1.1164,1.5809,1.971,2.2535,2.4271,2.5093,2.521,2.4917,2.4624,2.4725,2.5458,2.6635,2.7707,2.8099,2.7456,2.5895,2.3884,2.1932,2.037,1.9228,1.8331,1.7442,1.6377,1.5049,1.3466,1.1688,0.98072,0.79396,0.63027,0.51008,0.44683,0.43708,0.45858,0.47715,0.45785,0.38116,0.25356,0.10158,-0.0345,-0.11503,-0.11693,-0.042591,0.083898,0.22645,0.36027,0.46709,0.53608,0.56274
-1.5066,-1.0189,-0.67953,-0.58034,-0.60776,-0.65933,-0.71723,-0.79479,-0.86084,-0.82812,-0.6461,-0.36214,-0.060044,0.20797,0.42886,0.60523,0.73748,0.82111,0.84872,0.81056,0.69636,0.5049,0.25706,-0.0042675,-0.23243,-0.40122,-0.49778,-0.51417,-0.42821,-0.21714,0.12284,0.57555,1.0898,1.5962,2.029,2.3529,2.5663,2.6847,2.7276,2.7187,2.6912,2.6895,2.7384,2.828,2.9126,2.9319,2.8543,2.6919,2.4911,2.3035,2.159,2.057,1.978,1.8995,1.8056,1.6878,1.5446,1.3784,1.1955,1.0085,0.83952,0.71392,0.6493,0.64414,0.67267,0.69169,0.65863,0.54717,0.35922,0.12818,-0.090585,-0.23833,-0.27704,-0.20638,-0.059452,0.12524,0.29961,0.44125,0.54252,0.604
-1.5228,-1.0078,-0.65572,-0.57191,-0.63805,-0.73962,-0.84901,-0.97477,-1.0732,-1.0348,-0.80073,-0.4475,-0.095231,0.19284,0.41103,0.5831,0.72181,0.82417,0.87516,0.85525,0.74781,0.55112,0.29001,0.012203,-0.23485,-0.42464,-0.5439,-0.57658,-0.49671,-0.27754,0.080057,0.55249,1.0859,1.6102,2.0618,2.4094,2.6495,2.7949,2.859,2.8609,2.8334,2.8186,2.8469,2.9136,2.9753,2.9781,2.8914,2.7269,2.5306,2.3521,2.2165,2.1225,2.0511,1.9802,1.8956,1.7904,1.6618,1.5096,1.3379,1.159,0.9958,0.87534,0.81785,0.82224,0.85996,0.88254,0.83777,0.69879,0.46378,0.16693,-0.12947,-0.35205,-0.44344,-0.38796,-0.21605,0.010224,0.247,0.45491,0.61172,0.70776
-1.522,-0.98352,-0.62371,-0.55419,-0.65043,-0.78671,-0.92769,-1.0785,-1.1934,-1.149,-0.87969,-0.47907,-0.09162,0.20803,0.41951,0.5812,0.71869,0.83234,0.90058,0.89583,0.79732,0.60352,0.34087,0.057092,-0.2021,-0.41051,-0.55402,-0.60387,-0.52712,-0.29898,0.075807,0.55917,1.0953,1.6165,2.0675,2.4203,2.671,2.8291,2.902,2.9076,2.8789,2.8585,2.879,2.9344,2.9823,2.971,2.8718,2.7019,2.5094,2.3425,2.2241,2.1458,2.0843,2.0196,1.9369,1.833,1.7082,1.5634,1.4013,1.2322,1.0802,0.97176,0.92773,0.94602,0.99437,1.0193,0.96619,0.80347,0.52928,0.18056,-0.17221,-0.44138,-0.55544,-0.49522,-0.3004,-0.033489,0.2359,0.46852,0.64781,0.77086
-1.5127,-0.94186,-0.57317,-0.52438,-0.65931,-0.83548,-1.0043,-1.1688,-1.2883,-1.2314,-0.92146,-0.46651,-0.037866,0.2725,0.47102,0.61078,0.73873,0.86115,0.94957,0.96558,0.8826,0.69872,0.44099,0.15493,-0.11884,-0.35388,-0.52814,-0.60152,-0.53019,-0.29493,0.092585,0.58165,1.1103,1.6148,2.0487,2.389,2.6371,2.8002,2.8846,2.9016,2.8774,2.8522,2.8567,2.8911,2.9198,2.8957,2.7935,2.6293,2.4517,2.3047,2.2072,2.1487,2.1044,2.0477,1.9725,1.8729,1.7505,1.6091,1.4559,1.3048,1.1728,1.0876,1.0649,1.0981,1.1525,1.1731,1.1046,0.91104,0.59269,0.1886,-0.22523,-0.54999,-0.69782,-0.63616,-0.40467,-0.087119,0.24382,0.53437,0.7594,0.91324
-1.5058,-0.9114,-0.53686,-0.50341,-0.66508,-0.8648,-1.0426,-1.2015,-1.309,-1.2379,-0.90397,-0.41674,0.036781,0.3533,0.54172,0.66365,0.77951,0.90202,1.0005,1.0303,0.96071,0.7882,0.53831,0.25333,-0.030205,-0.28501,-0.48062,-0.57292,-0.51199,-0.27885,0.10746,0.59394,1.1118,1.5987,2.0124,2.3347,2.5726,2.7323,2.8202,2.8427,2.8216,2.7956,2.7922,2.8145,2.8318,2.7991,2.6968,2.5424,2.3821,2.2627,2.1947,2.1607,2.1308,2.0817,2.0009,1.8936,1.7691,1.6355,1.4983,1.3645,1.2517,1.1781,1.1602,1.1947,1.2481,1.2634,1.1798,0.96621,0.61799,0.17577,-0.27775,-0.63161,-0.78626,-0.70759,-0.44482,-0.086847,0.27658,0.59461,0.84582,1.0273
-1.5049,-0.88203,-0.50084,-0.48637,-0.6786,-0.90022,-1.0742,-1.2041,-1.2762,-1.1792,-0.82224,-0.30597,0.17276,0.49809,0.67654,0.77747,0.87266,0.98429,1.0845,1.1263,1.0753,0.92333,0.68957,0.40876,0.11468,-0.16557,-0.39447,-0.51974,-0.48561,-0.26507,0.11325,0.59074,1.0927,1.5546,1.9354,2.231,2.4479,2.5956,2.6729,2.6877,2.6651,2.6399,2.6412,2.6651,2.6767,2.6382,2.5332,2.3901,2.2635,2.1903,2.1762,2.1905,2.1932,2.1565,2.0753,1.9573,1.821,1.6833,1.5544,1.4404,1.3499,1.2973,1.2917,1.3247,1.3623,1.3506,1.2378,0.98607,0.59942,0.12283,-0.3565,-0.72223,-0.86921,-0.76164,-0.45438,-0.049164,0.36126,0.71939,1.0016,1.207
-1.5214,-0.8761,-0.48915,-0.49004,-0.70626,-0.93886,-1.0928,-1.1742,-1.1927,-1.0616,-0.68777,-0.15547,0.34063,0.67587,0.84788,0.93062,1.0013,1.0911,1.1798,1.2245,1.1896,1.0613,0.84941,0.5784,0.27598,-0.031514,-0.30276,-0.47183,-0.47077,-0.26886,0.10416,0.57251,1.055,1.4825,1.8239,2.0794,2.2657,2.3929,2.4601,2.4724,2.4503,2.4265,2.4258,2.4452,2.4528,2.4157,2.3266,2.2194,2.1467,2.1406,2.1887,2.25,2.2823,2.2586,2.1746,2.0469,1.9009,1.7606,1.6403,1.5448,1.473,1.4295,1.4173,1.4286,1.4347,1.3883,1.2372,0.95552,0.54538,0.052195,-0.4334,-0.78844,-0.90418,-0.75127,-0.39724,0.044551,0.48596,0.87023,1.177,1.4074
-1.5496,-0.89245,-0.50188,-0.51112,-0.74019,-0.97459,-1.1058,-1.1422,-1.1133,-0.95255,-0.56751,-0.02768,0.47809,0.81972,0.98907,1.0589,1.1098,1.1799,1.2556,1.2977,1.2711,1.1587,0.96391,0.70294,0.39591,0.068181,-0.23609,-0.44028,-0.46748,-0.28397,0.078376,0.53649,1.0005,1.4025,1.7153,1.9426,2.1061,2.2142,2.271,2.2777,2.2535,2.2293,2.2265,2.2426,2.2499,2.2182,2.1476,2.0754,2.0533,2.1052,2.21,2.317,2.3772,2.3651,2.2756,2.1323,1.9714,1.8255,1.7105,1.6251,1.5639,1.5233,1.5051,1.5011,1.4822,1.4023,1.2207,0.90646,0.47421,-0.020756,-0.48377,-0.79841,-0.87083,-0.68383,-0.30672,0.1551,0.60605,0.99788,1.3118,1.5516
-1.6119,-0.9471,-0.55272,-0.56867,-0.80783,-1.0371,-1.1316,-1.1035,-1.0071,-0.80309,-0.40148,0.14647,0.66123,1.0091,1.1753,1.2293,1.2553,1.3001,1.3583,1.3947,1.3739,1.2768,1.1003,0.84967,0.53713,0.18505,-0.1561,-0.40594,-0.47607,-0.32829,0.0067341,0.44604,0.88999,1.27,1.5545,1.7519,1.8839,1.9629,1.9928,1.9787,1.9428,1.9144,1.9127,1.9301,1.9404,1.9222,1.8869,1.8776,1.9387,2.0768,2.2542,2.4149,2.5103,2.5107,2.4217,2.2646,2.0806,1.9142,1.7931,1.7181,1.6718,1.6409,1.6139,1.5793,1.516,1.3906,1.166,0.82851,0.39303,-0.085108,-0.51051,-0.76826,-0.77513,-0.53236,-0.12229,0.34496,0.79779,1.1865,1.498,1.7408
-1.6782,-1.0148,-0.61835,-0.63607,-0.87761,-1.0986,-1.1637,-1.0876,-0.94069,-0.70236,-0.28622,0.2676,0.78731,1.1386,1.3031,1.3475,1.3584,1.3872,1.4328,1.4634,1.4449,1.3561,1.1891,0.94298,0.62636,0.25912,-0.1076,-0.39282,-0.50419,-0.39117,-0.078731,0.34876,0.78934,1.1625,1.4306,1.6053,1.7097,1.7656,1.7725,1.7412,1.6928,1.6568,1.6515,1.6685,1.6835,1.682,1.6804,1.7257,1.8545,2.0635,2.3014,2.5028,2.617,2.6234,2.5201,2.3418,2.14,1.9653,1.845,1.775,1.7374,1.709,1.6772,1.6292,1.5424,1.3848,1.1321,0.77125,0.33102,-0.12211,-0.49199,-0.68043,-0.63139,-0.36297,0.046412,0.50766,0.94131,1.3145,1.6177,1.8608
-1.7924,-1.1415,-0.74461,-0.76001,-0.99744,-1.2027,-1.2299,-1.0944,-0.88329,-0.59689,-0.15735,0.40422,0.92759,1.2818,1.4454,1.4833,1.4823,1.4956,1.5259,1.5462,1.5272,1.4465,1.2888,1.0465,0.72132,0.33316,-0.069957,-0.40254,-0.56746,-0.49742,-0.20942,0.20627,0.63981,0.99819,1.2447,1.3907,1.4687,1.5002,1.4886,1.4392,1.3706,1.315,1.2923,1.301,1.3237,1.3545,1.4141,1.5423,1.765,2.0536,2.3518,2.5954,2.7359,2.7465,2.6382,2.4392,2.205,1.998,1.8602,1.7952,1.7731,1.7626,1.7364,1.674,1.5564,1.3642,1.0818,0.7168,0.30242,-0.097387,-0.39653,-0.51328,-0.41021,-0.11701,0.28909,0.72289,1.131,1.4804,1.7642,1.9933
-1.9331,-1.3081,-0.91406,-0.9223,-1.1478,-1.3329,-1.3254,-1.139,-0.86956,-0.53349,-0.066085,0.50389,1.028,1.382,1.5468,1.5866,1.5847,1.5919,1.6123,1.624,1.6016,1.5229,1.3678,1.1226,0.7821,0.36663,-0.07273,-0.44536,-0.64613,-0.60584,-0.33952,0.059854,0.47332,0.81103,1.0399,1.1713,1.2397,1.2581,1.2324,1.161,1.0694,0.98997,0.95125,0.95506,0.9882,1.0507,1.1687,1.3787,1.6863,2.052,2.4057,2.6808,2.8317,2.8395,2.7086,2.4753,2.2031,1.9654,1.8136,1.7517,1.7509,1.7636,1.7526,1.692,1.5629,1.3518,1.0568,0.69508,0.30975,-0.031524,-0.25274,-0.29708,-0.15285,0.1418,0.52014,0.91612,1.283,1.5957,1.85,2.0582
-2.0528,-1.4557,-1.0666,-1.067,-1.2787,-1.4464,-1.416,-1.1982,-0.89002,-0.51655,-0.025479,0.55192,1.0749,1.4274,1.5943,1.6396,1.6438,1.654,1.6735,1.6828,1.6587,1.5783,1.4187,1.1622,0.80415,0.36555,-0.097579,-0.49315,-0.71165,-0.68811,-0.43827,-0.053983,0.34395,0.67057,0.89083,1.0176,1.0799,1.0912,1.0543,0.97151,0.8684,0.77927,0.73308,0.73518,0.77782,0.86719,1.0278,1.2884,1.6459,2.0505,2.4315,2.7223,2.8776,2.8781,2.7295,2.4688,2.1636,1.8955,1.7259,1.6655,1.6819,1.7207,1.733,1.684,1.5535,1.3353,1.0392,0.68997,0.33879,0.048052,-0.12091,-0.12833,0.027021,0.30798,0.6574,1.0196,1.3543,1.6422,1.8784,2.0713
-2.224,-1.676,-1.2977,-1.2846,-1.472,-1.6143,-1.5587,-1.3088,-0.9563,-0.53391,-0.0085548,0.57993,1.101,1.4516,1.6246,1.6829,1.7026,1.7253,1.7514,1.7622,1.7366,1.6509,1.4787,1.1992,0.81241,0.34412,-0.14594,-0.56377,-0.80284,-0.79646,-0.56266,-0.19647,0.18739,0.49985,0.70541,0.82126,0.87441,0.88395,0.84442,0.76224,0.65667,0.56602,0.51714,0.52136,0.58102,0.70122,0.90767,1.2182,1.6166,2.0514,2.4491,2.7461,2.8988,2.8853,2.7104,2.4098,2.0545,1.7387,1.5413,1.485,1.5296,1.6071,1.6547,1.6313,1.5172,1.3113,1.0292,0.71104,0.40323,0.16221,0.03742,0.055442,0.21063,0.4687,0.78114,1.0975,1.3937,1.6452,1.8465,2.0067
-2.3989,-1.911,-1.5491,-1.521,-1.6797,-1.7931,-1.7163,-1.4446,-1.0565,-0.58893,-0.030083,0.56843,1.0871,1.4387,1.6237,1.7037,1.7483,1.7914,1.8293,1.8437,1.8152,1.7203,1.5307,1.2253,0.80759,0.31038,-0.20067,-0.62808,-0.87037,-0.86483,-0.6391,-0.29355,0.06001,0.3373,0.51655,0.61859,0.67604,0.69931,0.67836,0.60972,0.51433,0.42947,0.39242,0.41796,0.50221,0.65116,0.87779,1.1989,1.6049,2.0419,2.4427,2.7406,2.8862,2.8536,2.644,2.2921,1.8759,1.5054,1.2795,1.2293,1.3131,1.4443,1.5425,1.5554,1.4624,1.2712,1.0122,0.7243,0.45967,0.26352,0.16938,0.19251,0.32594,0.54278,0.80563,1.081,1.3334,1.5496,1.7253,1.8668
-2.5247,-2.0872,-1.7423,-1.7032,-1.8375,-1.9275,-1.8361,-1.5523,-1.1432,-0.64616,-0.065961,0.53736,1.0529,1.4069,1.6053,1.7082,1.7781,1.841,1.8895,1.9062,1.8741,1.7705,1.5667,1.2423,0.80203,0.28421,-0.2364,-0.66129,-0.89005,-0.87468,-0.65561,-0.33303,-0.017918,0.22253,0.37767,0.47347,0.5397,0.57632,0.57455,0.52636,0.45252,0.38798,0.36718,0.40597,0.50376,0.66266,0.89494,1.2139,1.6108,2.0387,2.4303,2.7186,2.8522,2.8006,2.5635,2.174,1.7134,1.3024,1.0554,1.016,1.1297,1.2987,1.4333,1.4779,1.4124,1.246,1.0106,0.75145,0.51113,0.3285,0.23221,0.23718,0.3414,0.52563,0.75847,1.0035,1.2386,1.44,1.5998,1.7212
-2.6753,-2.3085,-1.992,-1.9402,-2.0402,-2.0957,-1.9834,-1.6866,-1.2548,-0.72735,-0.12798,0.47484,0.98344,1.3413,1.5618,1.7029,1.8138,1.9081,1.9728,1.9922,1.9538,1.8385,1.6182,1.272,0.80731,0.26892,-0.25898,-0.67169,-0.87563,-0.84562,-0.63703,-0.35161,-0.086796,0.10657,0.22848,0.31123,0.37968,0.43285,0.45579,0.44264,0.40887,0.38542,0.39939,0.46238,0.57474,0.73332,0.95223,1.2495,1.6208,2.0299,2.4065,2.6794,2.7925,2.7137,2.4344,1.9898,1.4673,1.0042,0.73737,0.7177,0.88509,1.1163,1.3049,1.3897,1.3544,1.2164,1.0128,0.78557,0.57158,0.39797,0.28566,0.25045,0.29917,0.425,0.60728,0.81822,1.0275,1.2133,1.3629,1.4741
-2.7684,-2.4539,-2.1629,-2.1045,-2.1782,-2.2052,-2.0743,-1.7666,-1.3213,-0.77905,-0.1755,0.42003,0.92047,1.2812,1.5211,1.6939,1.839,1.959,2.036,2.0562,2.0117,1.8871,1.6569,1.3005,0.82591,0.28135,-0.24428,-0.64248,-0.82847,-0.7906,-0.59399,-0.3383,-0.10973,0.049187,0.14346,0.21038,0.27542,0.34099,0.38698,0.40489,0.40424,0.40951,0.44755,0.52996,0.65106,0.80898,1.0113,1.2812,1.629,2.0162,2.3793,2.6426,2.744,2.6441,2.3375,1.8554,1.2902,0.79319,0.51774,0.51986,0.7267,1.0006,1.2265,1.3425,1.334,1.2206,1.0395,0.83121,0.62472,0.44114,0.29961,0.22002,0.21823,0.29765,0.44493,0.632,0.83091,1.0138,1.1624,1.2692
-2.8575,-2.6062,-2.3534,-2.2914,-2.331,-2.3168,-2.1549,-1.8281,-1.3683,-0.81896,-0.22501,0.34906,0.83396,1.1983,1.466,1.6836,1.8756,2.0297,2.1215,2.1394,2.0828,1.9441,1.7032,1.3418,0.86827,0.3318,-0.17771,-0.55174,-0.716,-0.67236,-0.49239,-0.27539,-0.098466,0.0055107,0.056926,0.097351,0.16,0.24116,0.32122,0.38263,0.42582,0.47075,0.53469,0.62773,0.74701,0.88886,1.0694,1.3167,1.641,2.0133,2.361,2.6056,2.6837,2.5567,2.215,1.6949,1.0942,0.57468,0.30257,0.33829,0.59058,0.91118,1.1779,1.3269,1.3454,1.2563,1.0984,0.905,0.70016,0.49658,0.30883,0.16082,0.081686,0.091895,0.18994,0.34908,0.53775,0.71915,0.86894,0.97595
-2.8997,-2.6982,-2.4858,-2.426,-2.434,-2.3755,-2.1747,-1.8209,-1.3484,-0.80612,-0.24058,0.29788,0.7599,1.1272,1.4243,1.687,1.9231,2.1064,2.207,2.2162,2.1416,1.986,1.737,1.3804,0.92383,0.41406,-0.063633,-0.40857,-0.55662,-0.51445,-0.35724,-0.1805,-0.053887,8.3075e-05,0.012128,0.034084,0.09551,0.18889,0.2886,0.37785,0.45467,0.53102,0.61728,0.71694,0.8289,0.95387,1.1131,1.3398,1.6498,2.0091,2.3467,2.5815,2.6471,2.5009,2.138,1.5945,0.97655,0.45831,0.2111,0.28213,0.56918,0.91395,1.1976,1.3626,1.3997,1.3298,1.1873,1.0003,0.78501,0.55133,0.31487,0.10372,-0.045602,-0.10259,-0.058479,0.073353,0.24484,0.42335,0.58083,0.7003
-2.8992,-2.7233,-2.5397,-2.4852,-2.4718,-2.3788,-2.1431,-1.7635,-1.2817,-0.75224,-0.21816,0.28508,0.72474,1.0923,1.4108,1.7051,1.9696,2.1687,2.2698,2.2671,2.1751,2.0047,1.7508,1.4024,0.96675,0.48578,0.039364,-0.28111,-0.41701,-0.37885,-0.24159,-0.094149,-0.0019331,0.021003,0.0080815,0.016609,0.07352,0.17282,0.28544,0.39203,0.48731,0.57349,0.66304,0.76108,0.86631,0.98455,1.1353,1.3545,1.6595,2.0155,2.3506,2.5804,2.6375,2.4826,2.1118,1.5663,0.95735,0.45992,0.23813,0.32766,0.62303,0.96956,1.2529,1.4182,1.4578,1.3929,1.256,1.0701,0.84902,0.59886,0.33237,0.078164,-0.1209,-0.22292,-0.20923,-0.10186,0.06967,0.25351,0.41266,0.52712
-2.8574,-2.6987,-2.5486,-2.504,-2.4654,-2.3257,-2.0375,-1.6162,-1.1207,-0.61415,-0.13084,0.31696,0.72124,1.0851,1.4264,1.7556,2.0482,2.2577,2.3497,2.3233,2.2016,2.0075,1.7471,1.415,1.0157,0.58213,0.18097,-0.10728,-0.22947,-0.19878,-0.082596,0.034567,0.092236,0.078865,0.034256,0.015208,0.060085,0.16306,0.29783,0.43097,0.54402,0.63538,0.71593,0.79926,0.89229,1.0045,1.1591,1.3867,1.6957,2.0503,2.3747,2.5899,2.6348,2.4754,2.1113,1.5907,1.025,0.57877,0.39435,0.49448,0.77345,1.0926,1.3512,1.5013,1.5355,1.4715,1.3349,1.1497,0.92388,0.66172,0.37522,0.093024,-0.14118,-0.28367,-0.31213,-0.2321,-0.091715,0.070257,0.22124,0.34137
-2.799,-2.6408,-2.5106,-2.4743,-2.4187,-2.244,-1.9144,-1.4586,-0.95063,-0.46155,-0.018244,0.38606,0.76124,1.1184,1.4705,1.8161,2.1195,2.3278,2.4061,2.3564,2.2076,1.9913,1.7237,1.4056,1.038,0.64502,0.28062,0.017113,-0.098255,-0.074295,0.027454,0.12642,0.16648,0.13402,0.070322,0.034895,0.071425,0.17593,0.3185,0.4612,0.57932,0.67255,0.75028,0.82794,0.91771,1.0305,1.1901,1.4226,1.733,2.0802,2.3945,2.6017,2.644,2.4883,2.1414,1.6507,1.1254,0.71945,0.55892,0.6546,0.91111,1.2035,1.4382,1.569,1.5881,1.5134,1.3742,1.1869,0.96314,0.70565,0.42272,0.13896,-0.10396,-0.26058,-0.30475,-0.25002,-0.12216,0.029201,0.16679,0.26941
-2.6927,-2.5211,-2.4098,-2.3828,-2.3066,-2.0864,-1.7012,-1.1982,-0.6709,-0.2024,0.19009,0.53883,0.87573,1.219,1.5749,1.9261,2.227,2.4212,2.4738,2.3882,2.1983,1.9465,1.6635,1.3589,1.0323,0.69429,0.38382,0.15696,0.05542,0.074029,0.15717,0.23499,0.25351,0.2034,0.12203,0.076284,0.10691,0.21341,0.35821,0.50163,0.6203,0.70978,0.7871,0.86884,0.96585,1.0922,1.2641,1.5023,1.8058,2.1363,2.4299,2.6183,2.6502,2.5026,2.1813,1.7421,1.2898,0.95461,0.8287,0.91195,1.1202,1.3523,1.5332,1.624,1.6178,1.5305,1.386,1.2073,1.0004,0.76552,0.50904,0.25253,0.031874,-0.11606,-0.17195,-0.14094,-0.055821,0.050837,0.15377,0.23809
-2.5635,-2.3682,-2.2666,-2.2456,-2.1489,-1.885,-1.4479,-0.89963,-0.35242,0.10076,0.45072,0.75106,1.0533,1.3797,1.726,2.0645,2.3441,2.5095,2.5275,2.4015,2.1673,1.8753,1.5698,1.2708,0.98052,0.6961,0.43812,0.24798,0.16366,0.18218,0.25815,0.3256,0.33162,0.26611,0.16862,0.10638,0.12845,0.23619,0.39175,0.5475,0.67267,0.76442,0.84074,0.92669,1.0396,1.1895,1.384,1.6271,1.9114,2.2029,2.4526,2.6085,2.6294,2.4929,2.2137,1.8393,1.4602,1.1842,1.082,1.1458,1.3073,1.4837,1.611,1.6565,1.6169,1.5102,1.3642,1.195,1.0116,0.81478,0.60939,0.41038,0.24111,0.12452,0.072454,0.081215,0.12772,0.19232,0.25637,0.30681
-2.4582,-2.2419,-2.143,-2.1229,-2.0103,-1.7156,-1.2426,-0.66415,-0.10324,0.34172,0.66644,0.9374,1.2175,1.5296,1.8618,2.1804,2.4332,2.5677,2.5536,2.3945,2.1257,1.801,1.4743,1.1767,0.91109,0.66601,0.44669,0.28365,0.21102,0.23137,0.30665,0.3726,0.37648,0.30343,0.19454,0.11939,0.13591,0.24692,0.4119,0.57786,0.70991,0.81005,0.89689,0.99646,1.1281,1.2933,1.4955,1.7327,1.9916,2.2493,2.4624,2.588,2.5931,2.4641,2.2117,1.8855,1.5656,1.3389,1.2561,1.307,1.4325,1.5643,1.6492,1.6593,1.5941,1.4741,1.3258,1.1735,1.0209,0.86447,0.70461,0.55267,0.4271,0.34331,0.30492,0.30468,0.32566,0.35281,0.37695,0.39449
-2.3155,-2.0707,-1.9709,-1.9475,-1.8125,-1.4801,-0.96507,-0.35315,0.22322,0.66052,0.96032,1.202,1.4568,1.7468,2.0524,2.3333,2.5386,2.6231,2.5616,2.3583,2.0455,1.6777,1.3192,1.0179,0.77927,0.58244,0.41346,0.28861,0.23538,0.26355,0.33968,0.40539,0.4085,0.33133,0.21163,0.12724,0.14128,0.2611,0.43994,0.61844,0.76395,0.87524,0.98239,1.1124,1.2745,1.4659,1.6713,1.8825,2.0935,2.2871,2.4398,2.5223,2.5099,2.3916,2.1815,1.9193,1.6691,1.4969,1.4369,1.4755,1.5645,1.6502,1.6895,1.6602,1.5649,1.4279,1.2847,1.1536,1.0406,0.93948,0.84621,0.76413,0.70025,0.65818,0.63486,0.62387,0.61384,0.60296,0.5912,0.57966
-2.1791,-1.9083,-1.8045,-1.7736,-1.6163,-1.2511,-0.70255,-0.065744,0.52085,0.95199,1.235,1.4561,1.6891,1.9543,2.2258,2.4599,2.6108,2.6417,2.534,2.2913,1.9413,1.5359,1.1462,0.8332,0.61119,0.45298,0.33085,0.2469,0.22366,0.26903,0.35333,0.42214,0.4229,0.34009,0.21198,0.11944,0.13111,0.25957,0.45881,0.66525,0.83671,0.97219,1.0976,1.2441,1.4244,1.6265,1.828,2.011,2.1692,2.2972,2.3859,2.4208,2.3872,2.2783,2.1072,1.9049,1.7209,1.6023,1.5696,1.607,1.6735,1.7243,1.7248,1.6608,1.5421,1.3993,1.2677,1.1684,1.1003,1.0523,1.0163,0.99158,0.97847,0.9728,0.96544,0.94588,0.91421,0.87074,0.82174,0.77651
-2.0854,-1.7985,-1.6911,-1.6531,-1.4801,-1.0939,-0.52628,0.1237,0.71365,1.14,1.4131,1.6219,1.8406,2.0855,2.3281,2.5244,2.633,2.6245,2.4852,2.2182,1.8468,1.4198,1.0105,0.68744,0.47297,0.33799,0.24682,0.19386,0.19602,0.2586,0.35465,0.4295,0.43163,0.34452,0.20939,0.11048,0.12243,0.26016,0.47544,0.70208,0.89404,1.049,1.1898,1.3461,1.5309,1.7275,1.9135,2.0701,2.189,2.2751,2.3229,2.3249,2.274,2.1725,2.0261,1.8657,1.7296,1.6507,1.6398,1.6808,1.7385,1.7734,1.7568,1.6782,1.5511,1.4095,1.2917,1.2165,1.1787,1.1639,1.1623,1.1704,1.1839,1.1935,1.1878,1.1597,1.1089,1.0464,0.98474,0.93584
-1.9754,-1.6738,-1.5631,-1.5154,-1.3234,-0.91517,-0.32809,0.33125,0.91992,1.337,1.597,1.7912,1.9918,2.2091,2.411,2.5555,2.6089,2.551,2.3755,2.0865,1.7005,1.2585,0.83251,0.49889,0.28971,0.17892,0.12465,0.11291,0.15161,0.24166,0.35528,0.43981,0.44418,0.35345,0.2102,0.10513,0.11894,0.2694,0.50559,0.75562,0.97198,1.1453,1.3002,1.4625,1.6396,1.8203,1.9763,2.09,2.1609,2.19,2.1878,2.158,2.1012,2.0154,1.9141,1.8083,1.7218,1.679,1.6903,1.7423,1.8029,1.8365,1.8141,1.7276,1.5974,1.4648,1.3707,1.3282,1.3279,1.3489,1.3777,1.4092,1.4385,1.4553,1.4469,1.4069,1.3385,1.2537,1.1705,1.1089
-1.9059,-1.5987,-1.4881,-1.4339,-1.2301,-0.80947,-0.21284,0.44848,1.0314,1.438,1.686,1.8685,2.0559,2.2528,2.4249,2.5311,2.5441,2.4521,2.2555,1.9602,1.5778,1.1404,0.71294,0.37402,0.16419,0.064711,0.034854,0.052841,0.12091,0.23395,0.36193,0.45497,0.46231,0.37133,0.22448,0.11168,0.12074,0.27402,0.52801,0.80241,1.0389,1.2229,1.3725,1.5175,1.6732,1.8285,1.9615,2.0521,2.0945,2.0977,2.0701,2.0216,1.9593,1.8888,1.813,1.744,1.6967,1.686,1.7172,1.7793,1.844,1.8779,1.8562,1.7748,1.6568,1.5438,1.4726,1.4548,1.4732,1.5066,1.5433,1.5787,1.6067,1.6162,1.5961,1.5402,1.4587,1.3664,1.2815,1.222
-1.8318,-1.5252,-1.4184,-1.3582,-1.1438,-0.71228,-0.10964,0.54858,1.1174,1.5032,1.7298,1.8938,2.0637,2.237,2.3732,2.4311,2.3924,2.2589,2.0434,1.7562,1.4027,0.99897,0.59247,0.25432,0.037403,-0.060339,-0.070142,-0.019482,0.084431,0.22666,0.3764,0.48371,0.50377,0.42053,0.27433,0.15236,0.14844,0.29768,0.5585,0.85031,1.1038,1.2953,1.4358,1.5535,1.6695,1.7803,1.8701,1.9224,1.9329,1.9091,1.8659,1.8165,1.7702,1.7305,1.6979,1.672,1.66,1.6746,1.7237,1.7982,1.8759,1.9235,1.916,1.8509,1.7534,1.6663,1.6262,1.6331,1.6707,1.7162,1.7566,1.787,1.8019,1.7915,1.7464,1.6686,1.5625,1.4492,1.3532,1.2971
-1.7795,-1.4823,-1.3843,-1.3231,-1.1045,-0.66925,-0.06755,0.58146,1.1292,1.4857,1.6834,1.8246,1.9775,2.1322,2.2378,2.2525,2.1658,1.9963,1.7741,1.5171,1.2221,0.88463,0.52821,0.20796,-0.019176,-0.13184,-0.14328,-0.073611,0.056622,0.22501,0.39439,0.51926,0.55635,0.48874,0.34656,0.21932,0.19908,0.33419,0.58823,0.88231,1.1436,1.331,1.4534,1.5356,1.5994,1.6603,1.7075,1.7283,1.7187,1.6802,1.63,1.5875,1.5661,1.566,1.582,1.602,1.6243,1.6587,1.7168,1.7969,1.8823,1.9421,1.9526,1.9125,1.8477,1.7978,1.7884,1.8214,1.8717,1.9157,1.9426,1.95,1.9355,1.8932,1.8184,1.7111,1.5896,1.4695,1.3704,1.3114
-1.7542,-1.4694,-1.3819,-1.3239,-1.1066,-0.67402,-0.076718,0.56166,1.0897,1.4193,1.5898,1.7113,1.8516,1.9943,2.0801,2.0656,1.9472,1.7582,1.5435,1.3256,1.0918,0.82026,0.51514,0.21808,-0.016122,-0.14873,-0.1749,-0.1041,0.038124,0.22388,0.41117,0.55377,0.60772,0.552,0.41275,0.2714,0.22858,0.34346,0.59472,0.89885,1.166,1.3516,1.4511,1.4926,1.5123,1.5282,1.5442,1.5487,1.5287,1.4906,1.4455,1.4136,1.4115,1.4437,1.4935,1.5469,1.5947,1.6424,1.7029,1.7825,1.8676,1.9339,1.9607,1.9459,1.9105,1.8869,1.8982,1.9388,1.9899,2.031,2.0504,2.0434,2.0067,1.9365,1.8322,1.7025,1.5602,1.4279,1.3273,1.2756
-1.7376,-1.4754,-1.4067,-1.3588,-1.1503,-0.7288,-0.14289,0.47746,0.9752,1.2636,1.392,1.4834,1.6065,1.7345,1.7974,1.7496,1.5994,1.4012,1.2174,1.072,0.93718,0.76642,0.53838,0.27658,0.035492,-0.1298,-0.18722,-0.13193,0.015183,0.21759,0.43012,0.59829,0.67689,0.63698,0.503,0.34606,0.27641,0.36214,0.5976,0.89557,1.1615,1.3358,1.411,1.4144,1.383,1.3507,1.3263,1.3011,1.2672,1.219,1.1773,1.167,1.2034,1.2795,1.3798,1.4725,1.5434,1.5997,1.6607,1.7383,1.8255,1.9025,1.9506,1.9682,1.9727,1.9875,2.0244,2.0752,2.1208,2.1461,2.1438,2.1106,2.0431,1.9393,1.8023,1.6441,1.4834,1.3393,1.2295,1.1679
-1.7381,-1.5039,-1.4583,-1.4265,-1.2359,-0.83474,-0.26808,0.33143,0.79607,1.0385,1.1199,1.1769,1.2825,1.3988,1.4438,1.3721,1.2054,1.0173,0.88457,0.82868,0.80422,0.74189,0.59827,0.37925,0.13548,-0.065217,-0.16221,-0.13571,0.0015495,0.20856,0.43214,0.61943,0.72148,0.70731,0.58466,0.42241,0.32103,0.36998,0.57131,0.85509,1.1194,1.2936,1.3582,1.3328,1.2608,1.1835,1.1247,1.0812,1.0337,0.98366,0.94254,0.93679,0.98712,1.0953,1.2269,1.3538,1.4555,1.5332,1.6038,1.6816,1.7713,1.8576,1.9277,1.9799,2.024,2.0715,2.1243,2.173,2.2058,2.2131,2.1893,2.1306,2.0336,1.898,1.731,1.5476,1.3692,1.2171,1.1057,1.0422
-1.7482,-1.5363,-1.5097,-1.4934,-1.3224,-0.94358,-0.39641,0.18523,0.62476,0.83121,0.87453,0.90416,0.99702,1.1076,1.1447,1.0632,0.89486,0.72652,0.64185,0.65809,0.7174,0.73619,0.65755,0.47547,0.2349,0.009844,-0.12244,-0.12606,-0.0051633,0.19811,0.42672,0.62781,0.74624,0.74666,0.62753,0.45186,0.32399,0.34594,0.53342,0.81695,1.0829,1.2574,1.3132,1.2729,1.1853,1.0937,1.0228,0.96462,0.90169,0.83124,0.77334,0.76132,0.81819,0.93916,1.0953,1.2475,1.3701,1.4619,1.5401,1.6246,1.7184,1.8176,1.9128,1.9991,2.0769,2.1463,2.2051,2.2432,2.2546,2.2382,2.1935,2.1175,2.0048,1.8534,1.6699,1.4735,1.2838,1.1235,1.0071,0.94008
-1.771,-1.589,-1.5881,-1.5964,-1.4587,-1.1187,-0.60504,-0.050307,0.3563,0.51539,0.50592,0.4981,0.57712,0.68648,0.72275,0.64146,0.48629,0.35965,0.34924,0.46101,0.62191,0.73646,0.73695,0.60698,0.38137,0.1357,-0.04547,-0.098717,-0.014446,0.17567,0.41296,0.6324,0.7697,0.77661,0.65079,0.45204,0.29904,0.29502,0.47185,0.74795,1.0137,1.1845,1.2415,1.2082,1.1252,1.0371,0.95721,0.87763,0.78765,0.68359,0.59364,0.55407,0.59243,0.70894,0.87732,1.0534,1.2067,1.3314,1.4406,1.5502,1.6705,1.7988,1.9286,2.0534,2.1655,2.2545,2.3096,2.3264,2.3091,2.2639,2.1932,2.0938,1.96,1.791,1.595,1.3897,1.1972,1.0358,0.91464,0.8346
-1.7929,-1.632,-1.6494,-1.6772,-1.5694,-1.2656,-0.78248,-0.25021,0.13289,0.25797,0.20945,0.17465,0.24707,0.36184,0.40615,0.33552,0.20183,0.11689,0.16696,0.34501,0.5677,0.73751,0.78575,0.69085,0.48218,0.23099,0.023381,-0.063931,-0.0080444,0.16665,0.40357,0.62812,0.77316,0.783,0.6518,0.43982,0.26482,0.24046,0.39823,0.6683,0.93815,1.1229,1.1965,1.1772,1.1079,1.0262,0.9497,0.86844,0.76056,0.63346,0.50649,0.42177,0.41927,0.5149,0.67728,0.86974,1.0547,1.2156,1.3577,1.4971,1.6427,1.8006,1.9674,2.1307,2.2717,2.3708,2.4174,2.4093,2.3591,2.2825,2.1883,2.0746,1.9337,1.7607,1.5612,1.353,1.157,0.99359,0.87282,0.79339
-1.825,-1.6885,-1.7274,-1.7811,-1.7174,-1.4692,-1.0352,-0.53726,-0.18351,-0.098464,-0.19357,-0.25881,-0.18828,-0.056634,0.0085779,-0.034866,-0.1244,-0.14187,-0.012234,0.23859,0.51932,0.73767,0.83157,0.77687,0.59607,0.35054,0.12935,0.011476,0.036071,0.18442,0.40193,0.61801,0.7583,0.76561,0.62341,0.3905,0.18598,0.1382,0.28598,0.55996,0.83807,1.0362,1.1286,1.1386,1.1066,1.0617,1.005,0.91542,0.78037,0.59893,0.40873,0.26213,0.20625,0.25631,0.40745,0.61289,0.83259,1.0449,1.2468,1.4453,1.6473,1.8561,2.0671,2.2664,2.4311,2.5363,2.5655,2.5272,2.4405,2.3291,2.2077,2.0769,1.9283,1.7552,1.5602,1.3571,1.1666,1.0034,0.87478,0.77949
-1.8566,-1.7389,-1.7941,-1.8709,-1.8525,-1.6658,-1.2898,-0.83071,-0.50341,-0.44887,-0.57889,-0.66402,-0.58627,-0.43089,-0.336,-0.34012,-0.36993,-0.31111,-0.11072,0.18728,0.49508,0.73578,0.85855,0.8407,0.69491,0.471,0.25131,0.112,0.1029,0.21811,0.40908,0.60919,0.73748,0.73051,0.56867,0.3101,0.08573,0.02791,0.17843,0.4547,0.73583,0.94006,1.0536,1.1018,1.1151,1.1099,1.0744,0.98767,0.83505,0.62523,0.38792,0.17133,0.032508,0.019946,0.13304,0.3464,0.61245,0.8904,1.1603,1.4194,1.6777,1.9386,2.1966,2.4317,2.614,2.7157,2.7279,2.6563,2.5335,2.3921,2.2514,2.112,1.9627,1.793,1.6035,1.4055,1.2184,1.0589,0.93328,0.83593
-1.8779,-1.77,-1.8331,-1.9243,-1.9378,-1.7985,-1.4699,-1.0421,-0.73209,-0.69223,-0.83771,-0.92952,-0.84249,-0.66836,-0.5467,-0.51368,-0.49058,-0.37363,-0.13072,0.18432,0.49313,0.73556,0.87161,0.88067,0.76459,0.56367,0.34742,0.19384,0.15606,0.24406,0.41584,0.60151,0.7186,0.69735,0.52004,0.24875,0.017134,-0.043511,0.10382,0.37787,0.65942,0.87276,1.0031,1.0742,1.1169,1.139,1.1263,1.0521,0.89708,0.66869,0.39379,0.12575,-0.067239,-0.12656,-0.030831,0.19436,0.49304,0.81296,1.1251,1.4253,1.7162,2.0046,2.2848,2.5361,2.7271,2.829,2.8293,2.7457,2.6083,2.4527,2.3014,2.1572,2.0095,1.8463,1.6644,1.474,1.2903,1.1263,0.98968,0.87895
-1.9009,-1.8001,-1.8682,-1.9732,-2.0235,-1.9446,-1.6805,-1.2963,-1.0046,-0.97194,-1.1224,-1.2128,-1.1113,-0.91128,-0.74883,-0.65649,-0.55676,-0.37011,-0.091221,0.22347,0.51436,0.74389,0.88661,0.92241,0.84339,0.67397,0.46772,0.30255,0.23532,0.28867,0.4308,0.58974,0.68493,0.64422,0.4529,0.17697,-0.051409,-0.10543,0.040713,0.30745,0.58023,0.79244,0.93442,1.0322,1.112,1.1725,1.1883,1.1276,0.97418,0.73199,0.43081,0.1224,-0.12203,-0.22916,-0.15684,0.076606,0.40805,0.76968,1.1209,1.4506,1.7691,2.0818,2.3802,2.64,2.8297,2.9239,2.918,2.8252,2.6821,2.5242,2.3731,2.2314,2.0878,1.9297,1.7531,1.5651,1.3829,1.2207,1.0847,0.96958
-1.9129,-1.8136,-1.8821,-1.9929,-2.0644,-2.025,-1.8077,-1.456,-1.1741,-1.1369,-1.2788,-1.3605,-1.2476,-1.0282,-0.8333,-0.69251,-0.53794,-0.31122,-0.022111,0.2772,0.54374,0.75601,0.89717,0.94532,0.88911,0.74138,0.54896,0.38191,0.30139,0.33045,0.44461,0.57823,0.65237,0.59969,0.40546,0.13707,-0.076262,-0.116,0.034978,0.29141,0.54889,0.74607,0.88682,0.99957,1.1017,1.187,1.2217,1.1744,1.0291,0.7918,0.48761,0.16381,-0.10613,-0.23275,-0.17116,0.069813,0.4197,0.79839,1.1578,1.4891,1.803,2.1084,2.3998,2.6545,2.8421,2.9374,2.933,2.848,2.7133,2.563,2.4188,2.2838,2.1469,1.9943,1.8208,1.6354,1.4499,1.2798,1.1336,1.0095
-1.9207,-1.8204,-1.8867,-1.9995,-2.0888,-2.0896,-1.9256,-1.6139,-1.3397,-1.2834,-1.398,-1.4582,-1.3291,-1.0857,-0.84917,-0.64721,-0.43333,-0.17576,0.10449,0.36661,0.5898,0.77223,0.90686,0.96923,0.94065,0.82072,0.64713,0.47923,0.38209,0.37899,0.45568,0.55634,0.6041,0.54125,0.3582,0.11716,-0.061958,-0.079923,0.071178,0.31008,0.54244,0.72226,0.85582,0.97222,1.0896,1.1969,1.2577,1.2346,1.1092,0.88007,0.57352,0.24364,-0.027211,-0.15337,-0.074417,0.18279,0.53545,0.90049,1.2343,1.5341,1.8155,2.093,2.3613,2.5975,2.7721,2.8638,2.8711,2.8061,2.6997,2.5788,2.458,2.3364,2.2043,2.0521,1.878,1.6881,1.5027,1.3344,1.1883,1.0585
-1.9193,-1.8173,-1.8811,-1.9915,-2.0852,-2.1078,-1.9801,-1.6991,-1.4254,-1.3372,-1.4076,-1.434,-1.2873,-1.0257,-0.75699,-0.50909,-0.25901,0.0026942,0.25128,0.46098,0.63178,0.77899,0.90456,0.98466,0.98556,0.89472,0.73563,0.56307,0.43927,0.40027,0.43923,0.51142,0.54817,0.49697,0.34691,0.15458,0.018908,0.020553,0.16377,0.37841,0.58227,0.73898,0.85632,0.96536,1.0879,1.2058,1.2834,1.2813,1.1754,0.96999,0.68779,0.38052,0.12887,0.023806,0.11343,0.37017,0.70804,1.0422,1.3303,1.5735,1.7958,2.0149,2.231,2.4285,2.5848,2.6819,2.7118,2.689,2.6281,2.5466,2.4545,2.351,2.2275,2.0757,1.896,1.7,1.505,1.3289,1.1804,1.0547
-1.9128,-1.8111,-1.8747,-1.9825,-2.0716,-2.0958,-1.98,-1.7119,-1.433,-1.3142,-1.3426,-1.3368,-1.1774,-0.90947,-0.62679,-0.35966,-0.10005,0.14901,0.36292,0.52694,0.65565,0.77616,0.89529,0.98732,1.0085,0.93735,0.78799,0.61157,0.46669,0.4006,0.41282,0.46802,0.50952,0.48236,0.3695,0.21814,0.11281,0.1274,0.26181,0.45428,0.63307,0.7654,0.86703,0.97128,1.0949,1.2221,1.3115,1.3227,1.2328,1.0432,0.77758,0.4886,0.25781,0.17294,0.27604,0.53329,0.85452,1.1553,1.3971,1.5867,1.7518,1.9174,2.0881,2.2504,2.3857,2.481,2.5357,2.5476,2.5292,2.4879,2.4249,2.3361,2.215,2.0584,1.8718,1.6697,1.4713,1.2946,1.1461,1.0196
-1.897,-1.8009,-1.8705,-1.9752,-2.0486,-2.0555,-1.9321,-1.6626,-1.3669,-1.2017,-1.166,-1.1123,-0.93734,-0.67073,-0.38657,-0.11675,0.13151,0.34276,0.49624,0.59422,0.67037,0.76315,0.87888,0.9826,1.0226,0.96897,0.83067,0.65238,0.4928,0.39953,0.3848,0.42376,0.47156,0.47713,0.42051,0.32901,0.26758,0.29146,0.40591,0.56294,0.70877,0.81634,0.90222,0.99765,1.1175,1.2488,1.3499,1.3784,1.309,1.1405,0.89787,0.63596,0.43569,0.3767,0.49173,0.73869,1.0289,1.2837,1.4681,1.5893,1.6766,1.756,1.8427,1.9409,2.0473,2.1537,2.246,2.3218,2.3665,2.3748,2.3441,2.2717,2.1539,1.9909,1.7918,1.5773,1.3708,1.1928,1.0514,0.939
-1.8746,-1.7925,-1.8773,-1.9821,-2.0314,-1.9996,-1.8419,-1.5488,-1.2244,-1.0074,-0.90481,-0.80204,-0.61429,-0.35824,-0.089824,0.15791,0.36761,0.51776,0.5969,0.62752,0.66088,0.73993,0.86228,0.97903,1.0322,0.98895,0.85807,0.68064,0.51535,0.4031,0.36589,0.39301,0.44771,0.49097,0.49521,0.46335,0.43417,0.45106,0.53023,0.6503,0.7692,0.86874,0.95073,1.0379,1.1509,1.2772,1.3838,1.4274,1.3778,1.2314,1.0134,0.77821,0.60262,0.55948,0.67369,0.90167,1.1588,1.3699,1.501,1.5594,1.5731,1.5754,1.5886,1.625,1.6917,1.7915,1.9208,2.0498,2.1577,2.2228,2.2302,2.1725,2.0502,1.8721,1.6563,1.4291,1.2181,1.0411,0.90414,0.80131
-1.8541,-1.7893,-1.8928,-2.0011,-2.0284,-1.9554,-1.7557,-1.4302,-1.0766,-0.81852,-0.66731,-0.53081,-0.33736,-0.095321,0.15116,0.3688,0.53473,0.62866,0.64984,0.6348,0.6446,0.72234,0.8563,0.98649,1.0495,1.0132,0.88547,0.70756,0.53353,0.40621,0.35303,0.37349,0.44259,0.52044,0.56677,0.56884,0.55023,0.55456,0.6061,0.69873,0.80116,0.89197,0.97106,1.057,1.1673,1.295,1.4083,1.4637,1.4292,1.298,1.0939,0.87134,0.70628,0.66793,0.77577,0.98797,1.2234,1.4102,1.5144,1.5393,1.5109,1.4562,1.4039,1.3825,1.418,1.5214,1.6752,1.8518,2.0036,2.0989,2.1219,2.0683,1.9409,1.7509,1.5197,1.2789,1.0619,0.89228,0.77611,0.69982
-1.8224,-1.7905,-1.9296,-2.0486,-2.0429,-1.9025,-1.628,-1.2426,-0.83942,-0.52453,-0.31289,-0.13811,0.055901,0.27026,0.47526,0.63779,0.73278,0.74688,0.69513,0.63107,0.62524,0.71523,0.87207,1.0216,1.0974,1.0696,0.94669,0.76756,0.57927,0.43213,0.35801,0.37095,0.45746,0.57164,0.65669,0.68365,0.6656,0.64593,0.66513,0.72771,0.81522,0.89894,0.97851,1.068,1.1776,1.3093,1.4302,1.4981,1.482,1.3707,1.1878,0.98608,0.83684,0.79969,0.89563,1.0812,1.2823,1.4346,1.5067,1.4988,1.4279,1.3226,1.2118,1.1305,1.1174,1.1997,1.3731,1.583,1.7778,1.9114,1.9577,1.9082,1.7685,1.5574,1.3058,1.0526,0.83483,0.67456,0.57414,0.51952
-1.7952,-1.7955,-1.9692,-2.1014,-2.0695,-1.8713,-1.5298,-1.0891,-0.64156,-0.28311,-0.03122,0.1657,0.35463,0.54244,0.70805,0.82143,0.85881,0.81302,0.71188,0.62258,0.62038,0.73307,0.9145,1.0803,1.1635,1.1379,1.017,0.8354,0.64068,0.48214,0.39582,0.40163,0.48978,0.61345,0.71086,0.74066,0.7116,0.66827,0.66206,0.71039,0.79613,0.89096,0.98013,1.0713,1.1804,1.3064,1.4279,1.5055,1.5043,1.4148,1.2555,1.0735,0.93303,0.8936,0.97011,1.1309,1.3116,1.451,1.514,1.4942,1.4046,1.2643,1.1057,0.976,0.92988,1.0023,1.179,1.4101,1.6219,1.7638,1.8117,1.7603,1.6159,1.3964,1.1335,0.87133,0.65121,0.50089,0.4238,0.39898
-1.7547,-1.8061,-2.0356,-2.1922,-2.1255,-1.844,-1.4042,-0.87891,-0.36504,0.05078,0.34903,0.56621,0.74156,0.88757,0.99293,1.0353,0.99406,0.87192,0.71592,0.61269,0.64028,0.80546,1.0336,1.2249,1.3139,1.2834,1.1544,0.96522,0.76323,0.59306,0.49191,0.48,0.55312,0.6674,0.75702,0.77414,0.71934,0.64504,0.60693,0.64147,0.73169,0.84514,0.95298,1.054,1.1645,1.2901,1.4168,1.5087,1.53,1.4684,1.3383,1.1832,1.062,1.0255,1.0895,1.2245,1.3742,1.4865,1.531,1.498,1.3931,1.2315,1.0404,0.866,0.76989,0.80086,0.96011,1.1856,1.4052,1.5588,1.6134,1.5587,1.4023,1.1679,0.89472,0.63043,0.42114,0.2918,0.23902,0.23837
-1.7086,-1.818,-2.1114,-2.2991,-2.2,-1.8327,-1.2889,-0.67055,-0.084785,0.38627,0.72081,0.94755,1.1013,1.1999,1.2415,1.2095,1.0901,0.8993,0.70545,0.61379,0.69889,0.93743,1.2223,1.4414,1.5332,1.4931,1.3505,1.1508,0.94048,0.75919,0.63895,0.59987,0.63733,0.71357,0.76435,0.74508,0.65962,0.5622,0.51621,0.55277,0.65461,0.77864,0.8977,1.01,1.1258,1.2571,1.3894,1.4916,1.536,1.5045,1.4129,1.2985,1.2102,1.1876,1.2435,1.3536,1.4745,1.5638,1.5927,1.5491,1.4315,1.2489,1.0279,0.81719,0.68178,0.67524,0.79865,1.0051,1.2128,1.3576,1.4047,1.345,1.1881,0.95825,0.69302,0.43825,0.2405,0.12404,0.089343,0.11395
-1.6696,-1.8243,-2.1682,-2.3829,-2.2622,-1.8316,-1.2093,-0.51937,0.12201,0.6316,0.9869,1.2137,1.347,1.4086,1.4019,1.3149,1.1399,0.90512,0.69674,0.63153,0.7736,1.072,1.3984,1.6367,1.7305,1.6835,1.5306,1.3219,1.1023,0.91107,0.77654,0.71447,0.72002,0.75327,0.75746,0.69454,0.57921,0.469,0.42571,0.47419,0.58871,0.72662,0.85632,0.97278,1.089,1.2146,1.3451,1.4573,1.5223,1.524,1.4713,1.3945,1.3358,1.3303,1.387,1.484,1.5832,1.6489,1.658,1.5994,1.4721,1.283,1.0531,0.82611,0.66466,0.62426,0.71676,0.89202,1.0781,1.2126,1.2591,1.2051,1.0565,0.83613,0.5821,0.34054,0.1568,0.054923,0.031261,0.060205
-1.6102,-1.8241,-2.2343,-2.4871,-2.3425,-1.8332,-1.1104,-0.32685,0.38627,0.94162,1.3156,1.5342,1.6356,1.6474,1.5783,1.423,1.1831,0.90488,0.69746,0.68612,0.91142,1.2844,1.6566,1.9128,2.0087,1.9548,1.7931,1.575,1.3459,1.144,0.99118,0.8974,0.85126,0.81456,0.74131,0.61447,0.46189,0.34317,0.3138,0.38056,0.51098,0.65479,0.78588,0.90102,1.0121,1.1347,1.2697,1.3987,1.4944,1.5412,1.5409,1.5178,1.5061,1.5322,1.5984,1.6858,1.7622,1.798,1.776,1.691,1.5426,1.3385,1.0982,0.85992,0.67922,0.60761,0.65795,0.79498,0.95176,1.0694,1.1125,1.068,0.94022,0.74769,0.52208,0.30597,0.13585,0.036153,0.0092707,0.037213
-1.5408,-1.8077,-2.2777,-2.5676,-2.4057,-1.8281,-1.0145,-0.14535,0.63274,1.2257,1.6093,1.8131,1.8798,1.8421,1.7141,1.4989,1.2081,0.90519,0.71738,0.76929,1.0729,1.5079,1.9152,2.1849,2.2816,2.222,2.0542,1.8291,1.5978,1.3929,1.231,1.1127,1.0158,0.90692,0.75496,0.56006,0.36692,0.24212,0.22868,0.31714,0.45632,0.59845,0.71941,0.82274,0.92369,1.0395,1.1729,1.3113,1.4364,1.5271,1.5854,1.6264,1.6716,1.7351,1.8187,1.9004,1.953,1.9549,1.8964,1.7765,1.6028,1.3854,1.1431,0.90884,0.72942,0.64733,0.67376,0.77854,0.90639,1.0069,1.0495,1.022,0.92519,0.77057,0.5811,0.38927,0.23115,0.12973,0.090188,0.096681
-1.4814,-1.7815,-2.2888,-2.6032,-2.4326,-1.8132,-0.94122,-0.016852,0.80313,1.4185,1.8044,1.9949,2.036,1.9632,1.7955,1.5417,1.222,0.9112,0.74539,0.84391,1.1979,1.6693,2.0962,2.3745,2.4717,2.4083,2.2333,2.0033,1.7712,1.5686,1.4092,1.2825,1.1604,1.0076,0.80384,0.56287,0.34464,0.21738,0.21346,0.3075,0.44058,0.56919,0.67419,0.7621,0.85108,0.95422,1.0827,1.2314,1.3794,1.5098,1.6126,1.6945,1.7727,1.8613,1.9557,2.0382,2.0818,2.0644,1.978,1.8292,1.6289,1.397,1.1567,0.93899,0.78024,0.71011,0.73515,0.82554,0.938,1.0318,1.0797,1.0681,0.99467,0.86695,0.70251,0.52856,0.37166,0.25407,0.1852,0.15996
-1.3926,-1.7247,-2.2688,-2.6095,-2.4323,-1.7723,-0.84092,0.14225,1.0065,1.6434,2.0285,2.2004,2.2102,2.097,1.8847,1.5898,1.2447,0.93585,0.8045,0.95813,1.3633,1.8662,2.3064,2.5873,2.6823,2.6147,2.433,2.2005,1.9703,1.7761,1.6284,1.5062,1.3737,1.1893,0.93925,0.6563,0.41466,0.28258,0.27604,0.35334,0.45724,0.54782,0.62041,0.68509,0.75518,0.84838,0.97365,1.1296,1.3008,1.4663,1.6129,1.7416,1.8618,1.9801,2.0901,2.1724,2.2024,2.1617,2.0449,1.8595,1.6296,1.3804,1.1437,0.95342,0.83854,0.81238,0.86385,0.96281,1.0725,1.1633,1.2176,1.2259,1.1828,1.0877,0.94813,0.78496,0.61813,0.47547,0.37312,0.31027
-1.3196,-1.6655,-2.2259,-2.5801,-2.4025,-1.7242,-0.76381,0.25095,1.139,1.786,2.1679,2.3263,2.3159,2.1782,1.9401,1.624,1.2701,0.97086,0.86688,1.0538,1.483,1.995,2.4332,2.7077,2.797,2.7263,2.5454,2.3158,2.0906,1.9076,1.7737,1.6675,1.5457,1.362,1.1,0.80165,0.54507,0.40109,0.379,0.43324,0.50438,0.5608,0.6022,0.64358,0.70049,0.78457,0.90342,1.0577,1.2375,1.4199,1.591,1.7454,1.8868,2.0181,2.1368,2.2217,2.2468,2.1915,2.0509,1.8397,1.583,1.3208,1.0943,0.93898,0.87536,0.90055,0.98991,1.1095,1.226,1.3193,1.379,1.3985,1.3722,1.296,1.1722,1.0113,0.83801,0.67243,0.53178,0.4229
-1.215,-1.566,-2.133,-2.4963,-2.3228,-1.6369,-0.65908,0.37918,1.2865,1.9399,2.3147,2.4578,2.4266,2.2644,2.003,1.6719,1.3196,1.0423,0.97341,1.1914,1.6335,2.1398,2.5611,2.8162,2.8908,2.8118,2.6312,2.4066,2.1954,2.0379,1.9394,1.874,1.7892,1.6304,1.3796,1.079,0.81123,0.64555,0.58745,0.59116,0.60306,0.60426,0.60286,0.61799,0.66171,0.73627,0.84704,0.99618,1.1742,1.3647,1.5458,1.7083,1.8546,1.9909,2.1098,2.1939,2.2158,2.1517,1.9932,1.7523,1.4683,1.1909,0.97673,0.86925,0.88102,0.9889,1.1478,1.3127,1.4557,1.5645,1.6369,1.6709,1.6605,1.5976,1.4789,1.316,1.1196,0.91913,0.73893,0.59114
-1.105,-1.4471,-2.0053,-2.3685,-2.2038,-1.5292,-0.55707,0.48438,1.3973,2.0502,2.4173,2.549,2.506,2.3315,2.0609,1.7298,1.3926,1.1439,1.1044,1.3362,1.7708,2.2545,2.6475,2.8752,2.9264,2.8298,2.6388,2.4163,2.2263,2.1075,2.0631,2.0569,2.025,1.9109,1.6958,1.4183,1.155,0.96555,0.85622,0.78838,0.7279,0.66957,0.6347,0.63987,0.68387,0.75786,0.85637,0.98312,1.1376,1.3042,1.4657,1.6125,1.7465,1.8711,1.9877,2.0745,2.0989,2.0303,1.856,1.5922,1.2768,0.98096,0.78122,0.73129,0.83352,1.0391,1.2798,1.5014,1.6767,1.8027,1.8852,1.9272,1.9247,1.8694,1.7563,1.5862,1.3796,1.1568,0.93942,0.74198
-1.0218,-1.3491,-1.8927,-2.2514,-2.0971,-1.442,-0.488,0.54326,1.4522,2.1015,2.4637,2.5912,2.5458,2.3708,2.1032,1.7818,1.4631,1.2378,1.2156,1.4479,1.8654,2.3223,2.687,2.8887,2.9163,2.8004,2.5958,2.3736,2.2005,2.1147,2.1174,2.1627,2.1833,2.1169,1.9408,1.6892,1.4308,1.2225,1.0714,0.95095,0.83832,0.7399,0.6827,0.68394,0.73426,0.81255,0.9028,1.0065,1.1294,1.2637,1.3963,1.5173,1.6276,1.7341,1.837,1.9181,1.9439,1.8789,1.7039,1.4289,1.0991,0.79303,0.60186,0.58901,0.75236,1.0276,1.3303,1.5974,1.8036,1.9483,2.0415,2.0901,2.0923,2.0399,1.9257,1.754,1.534,1.2894,1.0462,0.82473
-0.91386,-1.2139,-1.7311,-2.0806,-1.9448,-1.3285,-0.41467,0.58899,1.4838,2.1261,2.4849,2.6135,2.5744,2.4106,2.1594,1.8624,1.5759,1.3836,1.3803,1.6043,1.9875,2.3963,2.7099,2.8638,2.8499,2.7029,2.4821,2.2631,2.113,2.073,2.1377,2.2571,2.355,2.3605,2.2428,2.0303,1.7844,1.5567,1.358,1.173,0.99609,0.8512,0.77345,0.77815,0.84368,0.92909,1.007,1.0749,1.1437,1.2177,1.291,1.3578,1.4215,1.4919,1.5726,1.6466,1.6774,1.623,1.4547,1.1729,0.8274,0.50494,0.31843,0.35051,0.59521,0.96253,1.3441,1.6675,1.9073,2.0711,2.1761,2.2329,2.2407,2.1912,2.0779,1.903,1.6774,1.4238,1.166,0.92261
-0.83814,-1.1142,-1.6091,-1.9512,-1.8326,-1.253,-0.37869,0.59569,1.4747,2.1114,2.4713,2.6066,2.5794,2.4321,2.2011,1.9288,1.6705,1.504,1.5121,1.7248,2.0763,2.4415,2.7072,2.8148,2.7617,2.5867,2.3547,2.1392,2.0094,2.0061,2.1188,2.2943,2.4493,2.5077,2.435,2.2548,2.0238,1.7884,1.5601,1.3315,1.113,0.93997,0.85719,0.8739,0.95363,1.0443,1.1086,1.1443,1.1672,1.1883,1.207,1.2213,1.2389,1.2736,1.3358,1.4103,1.4534,1.4115,1.2478,0.96686,0.6067,0.27274,0.092736,0.15629,0.45083,0.87294,1.3039,1.6629,1.9272,2.1058,2.218,2.2783,2.2894,2.245,2.1375,1.9659,1.7416,1.4827,1.213,0.95402
-0.74857,-0.99111,-1.4568,-1.7896,-1.6981,-1.175,-0.36321,0.56371,1.4174,2.0475,2.4144,2.5668,2.5641,2.4471,2.2519,2.0196,1.8038,1.6724,1.6928,1.8851,2.1881,2.489,2.6848,2.7233,2.6092,2.3883,2.1323,1.9198,1.8216,1.8723,2.0527,2.2994,2.5227,2.646,2.6323,2.4981,2.2908,2.0521,1.7974,1.5322,1.278,1.0845,0.99772,1.0238,1.118,1.2116,1.2581,1.2506,1.2089,1.154,1.0963,1.0399,0.99513,0.98126,1.0087,1.0663,1.1135,1.0936,0.95891,0.69152,0.3395,-0.0022361,-0.18986,-0.10829,0.23682,0.72245,1.2057,1.6017,1.8847,2.0708,2.1875,2.2539,2.2731,2.2373,2.1378,1.9762,1.7564,1.501,1.2348,0.97833
-0.6769,-0.88754,-1.3272,-1.6533,-1.5923,-1.1317,-0.39029,0.48203,1.3071,1.9326,2.3124,2.4897,2.5202,2.4415,2.2894,2.1047,1.9372,1.843,1.8734,2.0401,2.2892,2.5211,2.643,2.6086,2.4273,2.1536,1.8672,1.6574,1.5937,1.6985,1.9439,2.2541,2.539,2.7201,2.7601,2.6703,2.4924,2.2634,2.0017,1.7198,1.4499,1.2482,1.1639,1.1997,1.3018,1.3925,1.4175,1.3664,1.262,1.1326,0.99621,0.8641,0.75229,0.68365,0.67963,0.73242,0.79509,0.79857,0.68525,0.44013,0.092597,-0.2479,-0.42912,-0.33065,0.040884,0.55632,1.0672,1.478,1.7679,1.9554,2.0711,2.1381,2.164,2.1428,2.0643,1.9211,1.7231,1.4825,1.2201,0.95786
-0.63735,-0.82733,-1.2508,-1.5739,-1.5372,-1.1262,-0.44109,0.38681,1.1892,1.813,2.2064,2.4075,2.4677,2.423,2.3068,2.1613,2.0328,1.9676,2.0051,2.1522,2.3597,2.5375,2.6008,2.5083,2.2751,1.9626,1.6573,1.4535,1.4145,1.5558,1.841,2.1922,2.518,2.7384,2.8143,2.7553,2.6016,2.3874,2.1321,1.8496,1.5808,1.3826,1.308,1.3543,1.4582,1.541,1.5432,1.4554,1.3045,1.1226,0.93406,0.75325,0.59749,0.49284,0.46071,0.49754,0.56089,0.58204,0.49736,0.27726,-0.046479,-0.37837,-0.56412,-0.46944,-0.090684,0.43767,0.95404,1.3656,1.6472,1.8235,1.9328,2.0022,2.0386,2.0324,1.9697,1.8457,1.6602,1.4314,1.1822,0.9338
-0.60603,-0.77486,-1.1813,-1.5035,-1.5002,-1.1578,-0.55247,0.21315,0.98529,1.6102,2.0276,2.2662,2.372,2.377,2.3132,2.2223,2.1447,2.1162,2.1636,2.2871,2.4417,2.5481,2.5315,2.3603,2.0595,1.7014,1.3824,1.1912,1.1845,1.3671,1.6948,2.09,2.4606,2.7255,2.8435,2.8207,2.6952,2.5035,2.2662,2.0047,1.7585,1.5887,1.5362,1.5917,1.6913,1.7515,1.7166,1.5788,1.3679,1.1225,0.87216,0.6349,0.42911,0.28044,0.21569,0.23505,0.29899,0.33762,0.28286,0.10042,-0.19019,-0.49732,-0.67297,-0.58462,-0.22256,0.28704,0.78786,1.1782,1.4403,1.6009,1.701,1.7716,1.8219,1.8417,1.8127,1.7195,1.5648,1.3597,1.1251,0.88351
-0.60135,-0.75729,-1.1524,-1.4752,-1.5056,-1.2337,-0.71263,-0.013555,0.72901,1.36,1.807,2.0893,2.2454,2.3043,2.2957,2.2586,2.2286,2.2334,2.2907,2.3952,2.5044,2.5469,2.458,2.2163,1.8567,1.4618,1.1336,0.95674,0.97871,1.1956,1.556,1.9825,2.3825,2.6794,2.8305,2.8429,2.7491,2.5837,2.3717,2.139,1.9309,1.7996,1.7793,1.8511,1.9448,1.9806,1.9054,1.7154,1.4451,1.1413,0.83712,0.55312,0.30783,0.12674,0.032501,0.03234,0.092327,0.14537,0.12146,-0.018158,-0.26611,-0.54473,-0.71684,-0.64919,-0.31941,0.15634,0.62043,0.97687,1.2024,1.3317,1.4171,1.4962,1.5762,1.6372,1.6499,1.5936,1.4662,1.2787,1.0551,0.82268
-0.61596,-0.76783,-1.1579,-1.4816,-1.5363,-1.3176,-0.86316,-0.21707,0.50372,1.1419,1.6147,1.9325,2.1291,2.23,2.2633,2.2652,2.2686,2.2962,2.3604,2.4534,2.5341,2.5367,2.4032,2.1186,1.7243,1.3086,0.97563,0.81037,0.85053,1.0865,1.4645,1.907,2.3236,2.6383,2.8081,2.8398,2.764,2.6161,2.4235,2.2168,2.0447,1.9533,1.9673,2.0571,2.1477,2.164,2.0557,1.823,1.5076,1.158,0.81662,0.509,0.25098,0.056703,-0.050045,-0.069882,-0.027524,0.0241,0.021889,-0.083448,-0.28742,-0.53044,-0.69369,-0.65201,-0.37184,0.050857,0.47224,0.79051,0.98924,1.1048,1.1911,1.2856,1.3919,1.4847,1.5296,1.5019,1.3961,1.2257,1.0151,0.79134
-0.65931,-0.81395,-1.2009,-1.5245,-1.6099,-1.4621,-1.1003,-0.52962,0.16029,0.81014,1.3203,1.6881,1.9411,2.0994,2.1888,2.2413,2.2867,2.3426,2.4153,2.4948,2.5442,2.5055,2.3279,2.0015,1.5751,1.1439,0.8136,0.66575,0.72636,0.97554,1.3649,1.8184,2.252,2.5844,2.7731,2.8156,2.7492,2.6157,2.4495,2.2881,2.172,2.146,2.2123,2.328,2.4192,2.4067,2.2512,1.962,1.5868,1.1858,0.80588,0.47105,0.19221,-0.017066,-0.14542,-0.18049,-0.13883,-0.07128,-0.043503,-0.10112,-0.25835,-0.46933,-0.63243,-0.63355,-0.42951,-0.091865,0.25282,0.51515,0.67422,0.77118,0.86604,0.99644,1.1568,1.3078,1.4032,1.413,1.3323,1.1746,0.96829,0.74553
-0.70889,-0.87151,-1.2583,-1.5798,-1.686,-1.5909,-1.3013,-0.79253,-0.12794,0.53101,1.0706,1.4781,1.7751,1.9785,2.1101,2.1999,2.2751,2.3493,2.4258,2.4954,2.526,2.4649,2.2654,1.9199,1.4825,1.0513,0.73336,0.60011,0.67049,0.91847,1.3011,1.752,2.19,2.5344,2.7354,2.7885,2.7293,2.6026,2.4519,2.3171,2.242,2.2588,2.3627,2.5037,2.6004,2.577,2.3953,2.0678,1.6485,1.2057,0.79229,0.43862,0.15609,-0.054421,-0.18102,-0.22391,-0.19653,-0.1345,-0.089155,-0.10864,-0.21691,-0.38536,-0.54021,-0.58544,-0.46651,-0.22051,0.051845,0.26653,0.40689,0.50901,0.62802,0.79655,1.0023,1.1979,1.3304,1.3664,1.3005,1.1511,0.94985,0.73139
-0.79545,-0.97583,-1.3641,-1.6791,-1.8076,-1.7818,-1.5919,-1.1725,-0.54759,0.12322,0.70324,1.165,1.5238,1.7903,1.9799,2.1183,2.2274,2.3175,2.3913,2.4448,2.4547,2.3758,2.1652,1.8174,1.3875,0.97355,0.67787,0.55822,0.62404,0.85587,1.2157,1.6541,2.0933,2.4534,2.6722,2.7426,2.6904,2.5656,2.4198,2.3076,2.28,2.3587,2.5231,2.7052,2.8159,2.7804,2.5631,2.1842,1.7083,1.2146,0.76792,0.39934,0.11178,-0.098281,-0.2383,-0.2987,-0.27646,-0.19431,-0.10394,-0.06543,-0.11039,-0.24,-0.40035,-0.50643,-0.49457,-0.37311,-0.20916,-0.068564,0.03402,0.14041,0.30532,0.54808,0.83457,1.0993,1.2815,1.3469,1.2965,1.1495,0.94199,0.71405
-0.90164,-1.1066,-1.4971,-1.8004,-1.9446,-1.9839,-1.8961,-1.5746,-0.997,-0.31789,0.30188,0.81829,1.2403,1.5724,1.8216,2.006,2.1415,2.2361,2.297,2.3304,2.3254,2.2449,2.046,1.7216,1.3192,0.93271,0.65364,0.53448,0.5832,0.78588,1.12,1.5409,1.9803,2.3522,2.5908,2.6717,2.6214,2.4935,2.352,2.2629,2.2758,2.4095,2.6246,2.8422,2.97,2.9292,2.6881,2.27,1.7469,1.2073,0.72573,0.33957,0.050707,-0.16011,-0.29541,-0.35515,-0.33413,-0.24279,-0.11897,-0.016614,0.005861,-0.066052,-0.21142,-0.37283,-0.48385,-0.51153,-0.47697,-0.4122,-0.32378,-0.1811,0.051372,0.37175,0.72862,1.0473,1.2655,1.3525,1.3086,1.1633,0.95598,0.72668
-0.99099,-1.218,-1.6103,-1.9008,-2.0516,-2.1359,-2.1239,-1.8802,-1.3446,-0.66344,-0.015961,0.54014,1.0092,1.3909,1.6849,1.9018,2.0528,2.145,2.1908,2.2078,2.1961,2.1237,1.946,1.6505,1.277,0.9141,0.64602,0.52302,0.55105,0.7214,1.023,1.4228,1.8604,2.2466,2.5063,2.6043,2.5634,2.437,2.2975,2.2157,2.2476,2.4078,2.6528,2.897,3.0401,3.0013,2.7476,2.3056,1.7523,1.1875,0.69152,0.30159,0.012467,-0.19632,-0.34361,-0.42083,-0.40656,-0.29562,-0.12415,0.030731,0.1186,0.094412,-0.03754,-0.23091,-0.41816,-0.54741,-0.60378,-0.60223,-0.53712,-0.3788,-0.10171,0.27586,0.68666,1.0466,1.2904,1.3865,1.3464,1.194,0.97228,0.72854
-1.1177,-1.3778,-1.7722,-2.0405,-2.1923,-2.3275,-2.4128,-2.2755,-1.8034,-1.1265,-0.44785,0.15643,0.68539,1.132,1.4844,1.7418,1.9082,1.9908,2.0116,2.0053,1.9885,1.9359,1.7976,1.549,1.22,0.89011,0.6386,0.50623,0.49666,0.60889,0.8457,1.2054,1.6368,2.0522,2.3548,2.4975,2.4855,2.3688,2.2238,2.1348,2.1763,2.3616,2.6432,2.92,3.08,3.0449,2.7795,2.3141,1.7355,1.1448,0.63262,0.23826,-0.048579,-0.26258,-0.41521,-0.49354,-0.46725,-0.32681,-0.10945,0.12222,0.27337,0.30385,0.20477,0.0034793,-0.24525,-0.47854,-0.65376,-0.7279,-0.68448,-0.4995,-0.17045,0.25877,0.7055,1.0832,1.3322,1.4305,1.3822,1.226,1.0062,0.76566
-1.2147,-1.5011,-1.8963,-2.1447,-2.291,-2.4557,-2.606,-2.5474,-2.1278,-1.4615,-0.76647,-0.13211,0.43727,0.92965,1.3242,1.6099,1.7852,1.8579,1.8581,1.8339,1.816,1.7833,1.6799,1.4695,1.1768,0.87163,0.62765,0.4797,0.43292,0.49092,0.67411,0.9992,1.4301,1.8735,2.2189,2.4008,2.4153,2.3112,2.1666,2.0774,2.1213,2.3199,2.6149,2.9003,3.0673,3.0297,2.759,2.2868,1.6978,1.1044,0.59552,0.20896,-0.070832,-0.28262,-0.44339,-0.53941,-0.52884,-0.3815,-0.12112,0.16526,0.39421,0.49776,0.44688,0.25581,-0.023586,-0.31822,-0.55091,-0.68386,-0.67004,-0.48752,-0.14668,0.29704,0.75616,1.1429,1.396,1.4875,1.4373,1.2707,1.0334,0.77554
-1.3404,-1.662,-2.0567,-2.2751,-2.4053,-2.595,-2.8158,-2.8534,-2.5078,-1.8675,-1.1648,-0.50318,0.10916,0.65523,1.1021,1.4242,1.6112,1.6708,1.6437,1.5966,1.5782,1.5745,1.5221,1.3699,1.1289,0.85546,0.61157,0.43024,0.3186,0.29213,0.39482,0.66698,1.0965,1.5832,1.9971,2.2468,2.3154,2.2452,2.1133,2.0206,2.0539,2.2452,2.5414,2.8346,3.0078,2.9744,2.701,2.2223,1.6311,1.0431,0.55169,0.18682,-0.080366,-0.29396,-0.47624,-0.59423,-0.58212,-0.39841,-0.077377,0.28875,0.5887,0.75041,0.74774,0.59339,0.33079,0.025057,-0.25567,-0.42856,-0.44767,-0.28755,0.034981,0.45673,0.88814,1.2451,1.472,1.5445,1.4784,1.3078,1.0759,0.82529
-1.4543,-1.8082,-2.201,-2.3864,-2.4916,-2.6878,-2.9538,-3.0677,-2.795,-2.1955,-1.5057,-0.83776,-0.20119,0.38494,0.87761,1.2358,1.4373,1.4881,1.4372,1.3696,1.3529,1.3803,1.3806,1.2889,1.0969,0.84943,0.59958,0.37825,0.19504,0.073835,0.078108,0.28122,0.69735,1.2308,1.7279,2.0682,2.2153,2.1961,2.0893,1.9928,2.0076,2.1735,2.4512,2.736,2.9071,2.8764,2.6088,2.1387,1.5609,0.9926,0.52456,0.18312,-0.065484,-0.27457,-0.46292,-0.59767,-0.60277,-0.41594,-0.055541,0.37353,0.75654,1.0072,1.0845,0.99052,0.76276,0.46581,0.1831,-0.022063,-0.083386,0.029827,0.30462,0.68101,1.0708,1.3891,1.5795,1.6293,1.5384,1.3451,1.0976,0.84259
-1.5274,-1.9011,-2.2918,-2.4523,-2.5336,-2.7214,-3.0014,-3.1528,-2.9303,-2.3709,-1.7066,-1.0525,-0.41446,0.18963,0.70993,1.0948,1.311,1.3604,1.298,1.2219,1.2126,1.2664,1.3045,1.2511,1.0879,0.8535,0.59791,0.34701,0.10962,-0.088393,-0.17164,-0.032822,0.37007,0.94737,1.5168,1.9328,2.1401,2.1614,2.0722,1.9757,1.9765,2.1247,2.3846,2.6549,2.8193,2.7861,2.5233,2.065,1.5032,0.95887,0.51937,0.20459,-0.028723,-0.23375,-0.43886,-0.59728,-0.61193,-0.40778,-0.010186,0.46366,0.89484,1.1879,1.3064,1.2551,1.0695,0.8077,0.53725,0.33595,0.25964,0.33886,0.5636,0.88146,1.2147,1.4874,1.6467,1.6683,1.5685,1.3756,1.1307,0.87542
-1.6025,-1.9952,-2.3813,-2.5101,-2.5544,-2.7145,-2.9845,-3.1559,-2.9863,-2.4914,-1.8847,-1.2761,-0.66238,-0.053564,0.49356,0.91117,1.1506,1.2076,1.1437,1.0723,1.0857,1.1791,1.2622,1.2479,1.1106,0.88479,0.61478,0.32334,0.012748,-0.28716,-0.48599,-0.43941,-0.054307,0.57918,1.2435,1.7549,2.0386,2.1136,2.0476,1.9494,1.9276,2.0472,2.2827,2.538,2.6952,2.6662,2.4146,1.9751,1.4438,0.93085,0.52058,0.22838,0.011066,-0.19279,-0.3929,-0.55016,-0.57204,-0.37682,0.028063,0.53996,1.0182,1.3763,1.5669,1.5847,1.4578,1.2398,1.0024,0.80325,0.70356,0.73756,0.90304,1.1565,1.4263,1.6398,1.7465,1.7319,1.6027,1.3928,1.1441,0.89513
-1.647,-2.0478,-2.427,-2.5279,-2.5322,-2.6481,-2.8775,-3.0342,-2.8979,-2.4738,-1.9497,-1.4183,-0.85882,-0.26792,0.29383,0.73941,1.0049,1.0815,1.0369,0.99396,1.0474,1.1834,1.3016,1.309,1.182,0.95297,0.66477,0.3365,-0.031036,-0.41351,-0.71335,-0.75967,-0.41446,0.25055,0.99086,1.5864,1.9412,2.0611,2.0153,1.9095,1.8635,1.9501,2.1587,2.3986,2.554,2.5335,2.3013,1.8913,1.3947,0.92107,0.54682,0.27857,0.067819,-0.13641,-0.35548,-0.53426,-0.56266,-0.34987,0.086951,0.6264,1.1426,1.5319,1.7546,1.8133,1.7383,1.5763,1.3765,1.2053,1.1063,1.1124,1.2269,1.4158,1.6179,1.7693,1.8259,1.77,1.618,1.3991,1.1507,0.90701
-1.6577,-2.0572,-2.4295,-2.5132,-2.4876,-2.5616,-2.7433,-2.8684,-2.7432,-2.3726,-1.9227,-1.468,-0.96761,-0.40414,0.1598,0.62408,0.91194,1.0117,0.99534,0.98876,1.0814,1.2495,1.3871,1.4021,1.2752,1.0385,0.73468,0.38352,-0.015378,-0.44046,-0.7996,-0.90777,-0.60012,0.072659,0.84981,1.4857,1.8708,2.0064,1.9625,1.8474,1.7825,1.8493,2.0406,2.2721,2.4319,2.4266,2.2209,1.8435,1.3785,0.93158,0.57232,0.30862,0.097431,-0.11059,-0.326,-0.49809,-0.52529,-0.32154,0.10486,0.6491,1.174,1.5896,1.8482,1.9433,1.8997,1.7642,1.5946,1.4389,1.3442,1.3399,1.4301,1.5853,1.7495,1.8616,1.8794,1.795,1.6177,1.3842,1.1354,0.90346
-1.641,-2.0284,-2.3892,-2.4558,-2.3929,-2.404,-2.5064,-2.567,-2.4372,-2.1322,-1.7898,-1.4529,-1.0519,-0.54341,0.013755,0.49971,0.8208,0.96195,0.99829,1.054,1.2059,1.4153,1.5721,1.5911,1.456,1.2031,0.87798,0.50202,0.078491,-0.37392,-0.77163,-0.93364,-0.67739,-0.028189,0.75354,1.4022,1.7921,1.921,1.8541,1.7068,1.6059,1.6465,1.8282,2.0672,2.2496,2.2801,2.1184,1.7904,1.3743,0.962,0.61722,0.34871,0.12374,-0.095409,-0.31387,-0.47768,-0.49045,-0.2748,0.15445,0.69245,1.2155,1.6296,1.8941,2.0086,2,1.9095,1.7798,1.6616,1.5887,1.5869,1.6588,1.7763,1.8899,1.949,1.9208,1.7968,1.5988,1.3584,1.1103,0.88133
-1.606,-1.977,-2.3279,-2.3861,-2.2984,-2.2601,-2.2955,-2.296,-2.1497,-1.8856,-1.622,-1.3776,-1.0613,-0.60512,-0.061972,0.43688,0.78503,0.96351,1.0481,1.1585,1.3584,1.5982,1.767,1.7835,1.6366,1.3662,1.0226,0.63334,0.20494,-0.24399,-0.63783,-0.81205,-0.59294,0.0093049,0.7528,1.3778,1.7483,1.852,1.7531,1.5662,1.4296,1.442,1.6147,1.8667,2.0791,2.1521,2.0392,1.7589,1.3801,0.99317,0.65743,0.38494,0.14939,-0.0767,-0.29589,-0.45225,-0.45528,-0.2384,0.17953,0.7003,1.2059,1.6136,1.8822,2.008,2.016,1.9479,1.8506,1.7599,1.7098,1.7196,1.7884,1.8897,1.9775,2.0051,1.9433,1.7918,1.5694,1.3138,1.0635,0.84522
-1.5324,-1.8735,-2.2099,-2.2631,-2.1482,-2.0446,-1.9866,-1.898,-1.7136,-1.4869,-1.3145,-1.1865,-0.98384,-0.60723,-0.095991,0.41244,0.79672,1.0308,1.1867,1.3723,1.633,1.9084,2.0886,2.0978,1.9306,1.6336,1.2653,0.86399,0.44601,0.028935,-0.32322,-0.47958,-0.298,0.21589,0.86196,1.403,1.7045,1.7442,1.5786,1.3225,1.1236,1.0989,1.2699,1.5544,1.8242,1.9697,1.9329,1.7223,1.3999,1.0412,0.70877,0.42387,0.17389,-0.061311,-0.27132,-0.40923,-0.39587,-0.17618,0.22566,0.7145,1.1858,1.5599,1.8046,1.9246,1.9489,1.9161,1.8622,1.8224,1.8154,1.8532,1.9298,2.0174,2.0733,2.0573,1.9488,1.7576,1.5043,1.2347,0.98774,0.78499
-1.4327,-1.7385,-2.0607,-2.1152,-1.9806,-1.8166,-1.6647,-1.4798,-1.2426,-1.029,-0.92178,-0.88631,-0.7822,-0.48794,-0.021259,0.48313,0.8977,1.1893,1.4181,1.6737,1.9844,2.2833,2.4648,2.4617,2.2743,1.9525,1.5607,1.1515,0.7537,0.38781,0.10028,-0.013909,0.14149,0.55917,1.0772,1.4958,1.6908,1.636,1.3816,1.0412,0.768,0.7008,0.87142,1.1967,1.5383,1.7686,1.8195,1.6887,1.4245,1.1005,0.77436,0.47442,0.20383,-0.038179,-0.2381,-0.35131,-0.31912,-0.10703,0.25978,0.7002,1.1221,1.4605,1.6834,1.7938,1.822,1.8118,1.8058,1.821,1.8711,1.9517,2.0451,2.1221,2.1475,2.0921,1.9442,1.7112,1.4362,1.155,0.90317,0.70109
-1.3449,-1.623,-1.9363,-1.9959,-1.8515,-1.6467,-1.4273,-1.1683,-0.88213,-0.66101,-0.57984,-0.5894,-0.54025,-0.3003,0.12661,0.61732,1.0469,1.3762,1.6542,1.955,2.2927,2.5973,2.7714,2.7554,2.5533,2.215,1.8086,1.3936,1.0113,0.6858,0.45448,0.3813,0.52584,0.87191,1.2875,1.6031,1.7078,1.5737,1.2453,0.83337,0.49913,0.39148,0.55823,0.91759,1.3176,1.6213,1.7446,1.6732,1.4515,1.1442,0.81552,0.50431,0.22401,-0.021943,-0.21286,-0.30969,-0.26252,-0.049269,0.29624,0.70006,1.0752,1.367,1.5549,1.6504,1.6869,1.7056,1.7393,1.8062,1.9037,2.0196,2.1312,2.2069,2.2129,2.1244,1.9365,1.672,1.3636,1.0645,0.81552,0.63386
-1.217,-1.4594,-1.7646,-1.8371,-1.687,-1.4351,-1.1302,-0.77182,-0.40874,-0.15465,-0.074588,-0.10609,-0.096038,0.090071,0.46356,0.92242,1.3558,1.7208,2.0496,2.3928,2.7483,3.0468,3.2022,3.1652,2.9425,2.5834,2.1572,1.7327,1.3633,1.0837,0.92176,0.90386,1.0481,1.3174,1.6058,1.7856,1.7674,1.5266,1.1033,0.60268,0.19309,0.03326,0.19306,0.59137,1.0622,1.4499,1.6552,1.6547,1.4828,1.202,0.87622,0.55137,0.25517,0.0065934,-0.17244,-0.25164,-0.19842,-0.0014347,0.30832,0.65827,0.98312,1.2302,1.3816,1.4548,1.4928,1.5446,1.6422,1.7839,1.9531,2.1198,2.2528,2.322,2.3012,2.1749,1.9461,1.6367,1.3016,0.98444,0.7234,0.53513
-1.0841,-1.2947,-1.598,-1.6916,-1.5434,-1.2529,-0.86953,-0.4121,0.038204,0.35089,0.4661,0.4552,0.46694,0.62532,0.95301,1.3731,1.7946,2.1752,2.531,2.8906,3.2414,3.5188,3.6467,3.583,3.3346,2.9506,2.5017,2.065,1.703,1.4591,1.3493,1.3772,1.5286,1.7469,1.9358,1.9945,1.8602,1.525,1.0306,0.4801,0.02317,-0.17328,-0.037145,0.36913,0.88415,1.3347,1.6082,1.6657,1.5313,1.2656,0.93341,0.59143,0.28022,0.026374,-0.14645,-0.21127,-0.14775,0.040497,0.31449,0.61627,0.87758,1.0648,1.1765,1.2417,1.3066,1.414,1.5817,1.8017,2.0376,2.2515,2.4074,2.4739,2.4274,2.2589,1.9799,1.628,1.2499,0.90557,0.63872,0.46498
-0.98535,-1.1766,-1.4838,-1.598,-1.4572,-1.1434,-0.70514,-0.17481,0.34647,0.71697,0.87839,0.90671,0.94241,1.0983,1.4003,1.7929,2.2,2.5806,2.9404,3.2955,3.6285,3.8797,3.9801,3.891,3.6189,3.2113,2.7413,2.2903,1.9306,1.7069,1.6284,1.6849,1.8387,2.0279,2.1609,2.1556,1.9629,1.5815,1.0569,0.48534,0.010475,-0.21087,-0.096139,0.30476,0.83292,1.3099,1.6116,1.6921,1.5737,1.3119,0.97685,0.62942,0.31385,0.058314,-0.11245,-0.18136,-0.13069,0.03806,0.28867,0.55628,0.79109,0.9551,1.0505,1.113,1.1962,1.3452,1.5721,1.851,2.1362,2.3806,2.5464,2.6057,2.5403,2.3465,2.0401,1.6576,1.261,0.9045,0.62944,0.44914
-0.86001,-1.033,-1.3531,-1.5029,-1.3804,-1.0429,-0.53712,0.088436,0.71034,1.1718,1.4164,1.5208,1.611,1.7825,2.0639,2.424,2.8079,3.1783,3.5281,3.8601,4.1541,4.3582,4.4127,4.2827,3.9739,3.5306,3.0238,2.543,2.1709,1.959,1.9161,2.0087,2.1784,2.3466,2.4311,2.3676,2.1274,1.7183,1.1872,0.61954,0.14782,-0.092449,-0.010211,0.36013,0.87194,1.3511,1.6658,1.7637,1.6582,1.4044,1.0667,0.70656,0.37498,0.11072,-0.064287,-0.13265,-0.090038,0.051253,0.2576,0.48291,0.67352,0.80998,0.90158,0.98738,1.12,1.3375,1.6386,1.9856,2.3229,2.5998,2.7772,2.828,2.7381,2.5099,2.1668,1.7542,1.3307,0.9581,0.67833,0.50422
-0.77332,-0.93817,-1.2755,-1.4589,-1.3569,-1.0072,-0.45483,0.24092,0.9404,1.4776,1.7961,1.9697,2.1126,2.3074,2.5831,2.9241,3.2905,3.6478,3.9818,4.2877,4.5444,4.7059,4.7199,4.5544,4.2147,3.7414,3.2052,2.6964,2.3051,2.0899,2.0617,2.1772,2.3658,2.5362,2.6071,2.5206,2.2622,1.8506,1.3352,0.79619,0.34609,0.10663,0.1601,0.48934,0.96903,1.4327,1.7471,1.8503,1.7489,1.4945,1.1515,0.7864,0.45282,0.18745,0.008499,-0.070881,-0.045282,0.07539,0.25775,0.45302,0.62305,0.74647,0.84012,0.94923,1.126,1.3992,1.755,2.1441,2.5063,2.7925,2.9683,3.0114,2.9107,2.6697,2.3125,1.8855,1.453,1.0758,0.79742,0.62919
-0.67091,-0.8325,-1.2026,-1.4419,-1.3772,-1.0184,-0.40934,0.37734,1.181,1.8242,2.2488,2.5231,2.746,2.9833,3.2637,3.5876,3.9323,4.268,4.5741,4.8387,5.0414,5.1437,5.1011,4.8852,4.4998,3.982,3.4011,2.848,2.4211,2.1902,2.1662,2.3052,2.5203,2.7124,2.7928,2.7109,2.4594,2.0675,1.5865,1.0911,0.67252,0.43922,0.46438,0.74308,1.1739,1.6001,1.8909,1.9833,1.8824,1.631,1.2967,0.94264,0.62026,0.36204,0.19062,0.10721,0.10855,0.18351,0.30985,0.45831,0.5938,0.71199,0.82994,0.98748,1.2276,1.5667,1.9774,2.4052,2.7897,3.0844,3.2582,3.2919,3.178,2.9245,2.5595,2.1309,1.7037,1.3357,1.0645,0.90124
-0.58553,-0.75235,-1.1663,-1.4745,-1.4595,-1.1016,-0.44041,0.43407,1.3407,2.0905,2.6227,3.0001,3.307,3.5955,3.8932,4.2101,4.5363,4.8479,5.1216,5.3419,5.4906,5.5361,5.4398,5.1753,4.7437,4.1784,3.5444,2.9367,2.4623,2.204,2.1804,2.3431,2.593,2.8205,2.9317,2.8806,2.6637,2.312,1.875,1.4165,1.0213,0.77978,0.77102,1.0021,1.384,1.7765,2.0502,2.1391,2.0424,1.8047,1.4873,1.1533,0.85386,0.62196,0.46374,0.38021,0.36462,0.40524,0.48375,0.57724,0.67781,0.78314,0.91718,1.1171,1.4125,1.8026,2.2517,2.697,3.0861,3.379,3.5498,3.5825,3.4705,3.2212,2.8625,2.4476,2.0327,1.6828,1.4391,1.3115
-0.53364,-0.70832,-1.1615,-1.5309,-1.5622,-1.211,-0.51428,0.42405,1.4055,2.2328,2.8434,3.2957,3.6643,3.9939,4.3101,4.628,4.9445,5.2386,5.4875,5.6753,5.7856,5.7909,5.6571,5.3596,4.8964,4.2972,3.624,2.9727,2.457,2.1711,2.1454,2.3271,2.6106,2.8724,3.0177,2.9961,2.8109,2.492,2.0874,1.6536,1.2674,1.0182,0.98549,1.1841,1.535,1.9028,2.1622,2.2468,2.1552,1.93,1.6336,1.3298,1.0682,0.87201,0.74793,0.67844,0.64826,0.649,0.67631,0.72115,0.78724,0.88223,1.0266,1.2499,1.5733,1.9884,2.4518,2.9066,3.3003,3.5943,3.7642,3.7964,3.6876,3.4486,3.1088,2.7144,2.329,2.0049,1.7762,1.6551
-0.48079,-0.6692,-1.1819,-1.6433,-1.7495,-1.4165,-0.67744,0.34283,1.4191,2.3431,3.0513,3.596,4.0423,4.4262,4.7719,5.0981,5.407,5.6818,5.9007,6.0487,6.1124,6.07,5.8918,5.5548,5.0557,4.4191,3.7019,2.9989,2.4304,2.1048,2.0661,2.2666,2.5926,2.9104,3.1138,3.1487,3.0129,2.7345,2.3577,1.9375,1.5483,1.2833,1.223,1.3868,1.703,2.0417,2.2816,2.3604,2.2793,2.0809,1.8273,1.5765,1.3712,1.2328,1.1529,1.114,1.0922,1.0691,1.0386,1.0134,1.0089,1.0554,1.1872,1.4291,1.7821,2.2185,2.692,3.1455,3.5336,3.8256,4.0013,4.0479,3.9606,3.7482,3.4384,3.0787,2.726,2.4344,2.2398,2.1549
-0.45265,-0.65209,-1.2124,-1.7504,-1.922,-1.6103,-0.84427,0.23335,1.3755,2.3658,3.1398,3.7472,4.2465,4.6697,5.04,5.3765,5.6837,5.9466,6.1447,6.2649,6.2973,6.2242,6.0192,5.6597,5.1414,4.4853,3.7447,3.012,2.4105,2.0573,2.0059,2.2166,2.5715,2.9321,3.1814,3.2622,3.1638,2.9129,2.548,2.1263,1.7268,1.4425,1.3588,1.4964,1.7867,2.1066,2.3375,2.4174,2.3476,2.171,1.9502,1.7443,1.5935,1.5089,1.4768,1.4639,1.4398,1.3898,1.318,1.2389,1.193,1.2106,1.3221,1.549,1.8932,2.3284,2.8022,3.2602,3.6561,3.9571,4.1429,4.2025,4.133,3.9445,3.6642,3.3362,3.0144,2.748,2.5702,2.4971
-0.42904,-0.64148,-1.2655,-1.9115,-2.1822,-1.9099,-1.1154,0.030643,1.2507,2.3178,3.1679,3.8474,4.4096,4.8827,5.2873,5.6425,5.9521,6.2015,6.3727,6.4574,6.4517,6.3444,6.1137,5.7372,5.207,4.5395,3.7841,3.0295,2.3996,2.019,1.9561,2.1783,2.5675,2.9739,3.2753,3.4024,3.345,3.1224,2.7742,2.3525,1.9353,1.6224,1.5017,1.6002,1.8561,2.148,2.3635,2.4432,2.3887,2.2457,2.0738,1.9286,1.8455,1.8295,1.8556,1.8855,1.88,1.8159,1.696,1.5534,1.4282,1.3761,1.4422,1.6476,1.9822,2.4085,2.8757,3.3291,3.7256,4.0366,4.2435,4.3338,4.3023,4.1562,3.9197,3.6338,3.3499,3.1133,2.9561,2.896
-0.41925,-0.63901,-1.3225,-2.0769,-2.456,-2.235,-1.4237,-0.22242,1.0605,2.188,3.097,3.8341,4.4494,4.9677,5.4076,5.7847,6.0999,6.3377,6.4832,6.534,6.4945,6.361,6.1153,5.7346,5.2076,4.5472,3.7991,3.0499,2.4191,2.0305,1.9593,2.1823,2.5906,3.0302,3.372,3.538,3.512,3.3106,2.9692,2.541,2.1037,1.7612,1.6045,1.6653,1.8851,2.1483,2.3441,2.4171,2.3752,2.2602,2.1352,2.0522,2.038,2.0851,2.1651,2.2272,2.2292,2.1508,1.9999,1.8068,1.629,1.5221,1.5311,1.6806,1.9683,2.3645,2.8156,3.2707,3.6826,4.0172,4.2529,4.3769,4.3843,4.2815,4.09,3.8462,3.5961,3.3839,3.2424,3.191
-0.41936,-0.63907,-1.3602,-2.1911,-2.6529,-2.4775,-1.6622,-0.43118,0.8857,2.0448,2.9845,3.7532,4.4006,4.9496,5.4159,5.8105,6.1309,6.3607,6.4874,6.5137,6.4511,6.3017,6.0503,5.6737,5.1583,4.5152,3.7896,3.0644,2.4543,2.0756,1.9999,2.2152,2.6207,3.0722,3.4339,3.6268,3.6233,3.4363,3.097,2.6601,2.2086,1.8449,1.6625,1.6923,1.8805,2.117,2.2988,2.372,2.3397,2.2497,2.1569,2.1098,2.1319,2.2148,2.3218,2.4055,2.4217,2.346,2.1825,1.9662,1.7466,1.5893,1.5505,1.6607,1.9158,2.2823,2.7148,3.1586,3.5707,3.9197,4.1818,4.3397,4.3844,4.3194,4.1647,3.9539,3.7313,3.5345,3.3925,3.3254
-0.42757,-0.63805,-1.3947,-2.3129,-2.8788,-2.7694,-1.9641,-0.71343,0.62577,1.8044,2.7642,3.5577,4.2371,4.8224,5.3228,5.7415,6.0698,6.2895,6.3913,6.3854,6.293,6.1255,5.8727,5.5106,5.0225,4.4172,3.7387,3.0652,2.5025,2.1547,2.0857,2.2904,2.6804,3.1256,3.4947,3.7051,3.7237,3.5551,3.2276,2.7905,2.3262,1.9381,1.7221,1.7125,1.8603,2.0632,2.2224,2.2883,2.2676,2.2022,2.1464,2.1415,2.2028,2.3177,2.4485,2.5478,2.5739,2.5035,2.3398,2.1094,1.8686,1.672,1.5719,1.6046,1.7829,2.0916,2.4859,2.9192,3.3413,3.7127,4.0058,4.2025,4.2932,4.2786,4.1738,4.0065,3.8149,3.6353,3.4971,3.421
-0.4431,-0.63195,-1.4032,-2.384,-3.0363,-2.9943,-2.2184,-0.97606,0.35605,1.5252,2.4785,3.2755,3.9728,4.5884,5.1214,5.5643,5.9007,6.1102,6.1864,6.1473,6.0255,5.843,5.5949,5.2566,4.8066,4.2515,3.632,3.0258,2.5265,2.224,2.1737,2.366,2.7328,3.155,3.5167,3.7303,3.7633,3.6133,3.3036,2.8785,2.4122,2.0089,1.7592,1.7045,1.8102,1.9818,2.1292,2.2016,2.1982,2.1581,2.1258,2.1393,2.2152,2.3417,2.4837,2.5954,2.6338,2.5742,2.418,2.1932,1.9399,1.7139,1.5683,1.5427,1.6538,1.8921,2.2307,2.6213,3.0235,3.4014,3.7246,3.9673,4.1121,4.1534,4.1014,3.9827,3.8248,3.6603,3.5155,3.4118
-0.45839,-0.62227,-1.3901,-2.3978,-3.0977,-3.103,-2.3608,-1.1449,0.16127,1.3038,2.2341,3.0188,3.7196,4.3529,4.9084,5.3686,5.7105,5.9118,5.9683,5.9043,5.7613,5.5696,5.3281,5.0109,4.5926,4.0788,3.5112,2.9649,2.5235,2.2614,2.2207,2.3963,2.736,3.1378,3.4907,3.7106,3.7565,3.6242,3.3278,2.9112,2.4467,2.0325,1.7609,1.6771,1.7552,1.9124,2.059,2.141,2.1535,2.1286,2.1088,2.1298,2.2067,2.3294,2.4662,2.5761,2.6199,2.5731,2.4341,2.2242,1.981,1.7498,1.5774,1.5039,1.556,1.7373,2.0217,2.3773,2.7608,3.1348,3.4682,3.7348,3.9149,3.9989,3.9914,3.9087,3.7811,3.6346,3.4923,3.3729
-0.48351,-0.60273,-1.3469,-2.362,-3.0984,-3.1572,-2.4733,-1.3171,-0.07083,1.0129,1.8899,2.6386,3.3297,3.9769,4.5569,5.0379,5.386,5.576,5.6069,5.5116,5.3433,5.1434,4.9144,4.6258,4.25,3.7921,3.298,2.8365,2.4785,2.2732,2.2447,2.3948,2.6866,3.0484,3.382,3.6082,3.6784,3.5772,3.3138,2.9201,2.4631,2.033,1.7284,1.6079,1.6583,1.8084,1.9648,2.0674,2.1057,2.1015,2.0947,2.1179,2.1862,2.2923,2.4132,2.5111,2.5519,2.5153,2.3991,2.2166,1.9962,1.7741,1.5902,1.4837,1.481,1.587,1.7909,2.0626,2.3818,2.7259,3.0666,3.37,3.6041,3.7486,3.7995,3.7714,3.6814,3.555,3.4139,3.276
-0.50615,-0.58482,-1.2975,-2.2979,-3.0422,-3.1327,-2.4993,-1.4022,-0.21492,0.81101,1.634,2.3417,3.0138,3.6627,4.2553,4.7485,5.1004,5.2824,5.2959,5.18,4.9967,4.7946,4.5777,4.312,3.9681,3.5513,3.109,2.7066,2.4046,2.2381,2.2218,2.3552,2.6123,2.9379,3.2527,3.4792,3.5684,3.4953,3.2621,2.8924,2.4445,2.0088,1.6826,1.5346,1.5683,1.7169,1.8901,2.0196,2.0829,2.0982,2.0976,2.1127,2.1621,2.2465,2.3456,2.4318,2.4741,2.4501,2.3528,2.1927,1.9915,1.7804,1.5966,1.4757,1.4422,1.5018,1.6415,1.8492,2.1144,2.4239,2.7541,3.0702,3.3358,3.5235,3.6222,3.6347,3.5814,3.4805,3.349,3.2018
-0.54163,-0.55944,-1.2155,-2.175,-2.9087,-3.0309,-2.4694,-1.4611,-0.36191,0.57776,1.3168,1.9551,2.5865,3.225,3.826,4.3294,4.6834,4.856,4.8508,4.715,4.5206,4.3232,4.1271,3.8937,3.5891,3.22,2.8356,2.5001,2.2603,2.1378,2.1342,2.2427,2.4528,2.7311,3.0211,3.2549,3.3742,3.3444,3.1502,2.8099,2.3753,1.9334,1.5862,1.4131,1.4344,1.5946,1.7981,1.9648,2.0605,2.094,2.0961,2.1005,2.1291,2.1847,2.2564,2.3184,2.3452,2.3198,2.2375,2.1029,1.9326,1.7514,1.5905,1.481,1.439,1.4582,1.5242,1.6294,1.7896,2.0229,2.3247,2.6589,2.9734,3.2224,3.3808,3.4489,3.4331,3.3547,3.2335,3.0858
-0.58442,-0.53618,-1.125,-2.0276,-2.7348,-2.8801,-2.3884,-1.4687,-0.45678,0.3963,1.0474,1.6055,2.1816,2.7958,3.3941,3.9003,4.2527,4.4173,4.4012,4.2579,4.0669,3.887,3.7179,3.5133,3.2372,2.9005,2.5573,2.2731,2.085,1.9978,1.9988,2.0784,2.2376,2.4673,2.7328,2.9749,3.1292,3.1473,3.0041,2.7039,2.2888,1.8395,1.465,1.2675,1.2871,1.4731,1.7156,1.918,2.0387,2.0838,2.0853,2.077,2.0818,2.1078,2.1454,2.1785,2.1884,2.16,2.0864,1.9705,1.8278,1.6798,1.5556,1.4787,1.4514,1.4535,1.4606,1.4761,1.5365,1.6876,1.9454,2.2782,2.6241,2.9228,3.1363,3.2507,3.2771,3.2298,3.1257,2.9801
-0.6224,-0.52363,-1.0583,-1.9131,-2.5959,-2.7547,-2.3112,-1.4519,-0.49849,0.29597,0.88439,1.3812,1.9093,2.4971,3.0851,3.5876,3.9363,4.0963,4.0779,3.9397,3.7639,3.607,3.4618,3.2761,3.0121,2.6862,2.3612,2.1027,1.9435,1.876,1.8763,1.9353,2.0574,2.2515,2.499,2.7471,2.9283,2.9829,2.8791,2.61,2.2109,1.7607,1.3734,1.1646,1.1889,1.3934,1.6611,1.8852,2.017,2.0646,2.0597,2.0383,2.0263,2.0331,2.0517,2.0667,2.0595,2.0171,1.9373,1.8296,1.7054,1.59,1.5076,1.4717,1.4719,1.4762,1.4561,1.4142,1.401,1.4854,1.7045,2.0331,2.3996,2.7284,2.9706,3.1123,3.1558,3.1214,3.0297,2.8974
-0.68206,-0.51797,-0.97916,-1.7693,-2.4198,-2.5955,-2.2092,-1.4171,-0.52642,0.20483,0.72103,1.1404,1.6022,2.1455,2.7085,3.1971,3.537,3.6938,3.6832,3.569,3.4328,3.3207,3.2112,3.044,2.7824,2.4522,2.1273,1.8807,1.7424,1.6919,1.695,1.7345,1.819,1.9738,2.2013,2.4587,2.6717,2.7695,2.7052,2.4672,2.0883,1.6457,1.2612,1.0584,1.0957,1.3246,1.6139,1.8481,1.9781,2.0115,1.9878,1.9489,1.9216,1.9111,1.9076,1.893,1.8548,1.7907,1.7061,1.6094,1.5193,1.451,1.4227,1.4397,1.481,1.502,1.4629,1.373,1.2914,1.3071,1.4792,1.7912,2.165,2.5132,2.778,2.9385,3.0002,2.9826,2.9059,2.7859
-0.75333,-0.53012,-0.92093,-1.6497,-2.2728,-2.4669,-2.1279,-1.3853,-0.53578,0.15221,0.61298,0.96625,1.3631,1.8548,2.3817,2.847,3.1742,3.3316,3.3413,3.27,3.1919,3.1358,3.0623,2.9051,2.6321,2.2797,1.9321,1.6738,1.5364,1.4949,1.5057,1.5391,1.6055,1.7358,1.9491,2.2104,2.4432,2.5704,2.5367,2.3295,1.9761,1.5579,1.1918,1.0029,1.057,1.2941,1.5833,1.807,1.9143,1.9221,1.8731,1.8125,1.7682,1.7453,1.7266,1.6938,1.6342,1.5489,1.4513,1.3622,1.2969,1.2763,1.311,1.3913,1.4798,1.5228,1.4848,1.3699,1.2487,1.2225,1.3612,1.6532,2.0187,2.3652,2.6303,2.7887,2.8525,2.839,2.7687,2.6581
-0.81487,-0.55297,-0.8957,-1.5829,-2.1904,-2.3993,-2.0896,-1.3714,-0.53846,0.12998,0.55985,0.87182,1.2228,1.6731,2.1688,2.6125,2.9285,3.089,3.1207,3.0911,3.0649,3.0536,3.0047,2.8489,2.5595,2.1807,1.8061,1.5298,1.3862,1.3501,1.3684,1.4062,1.4703,1.5936,1.8004,2.0618,2.3028,2.4424,2.4264,2.238,1.9053,1.5062,1.1598,0.99138,1.0593,1.3016,1.5813,1.7813,1.8579,1.83,1.7498,1.6689,1.6166,1.5904,1.5713,1.5318,1.4592,1.3618,1.2613,1.1821,1.1413,1.1524,1.2197,1.3299,1.4444,1.5085,1.4812,1.3738,1.2523,1.218,1.3441,1.6221,1.9719,2.3003,2.5458,2.6916,2.7406,2.7196,2.6521,2.5537
-0.90777,-0.60424,-0.89031,-1.5301,-2.124,-2.3553,-2.0767,-1.3749,-0.54637,0.11135,0.51325,0.77822,1.0715,1.4658,1.9169,2.3301,2.6318,2.8,2.8676,2.9,2.9467,2.9951,2.9753,2.8155,2.4962,2.0721,1.6528,1.3448,1.1923,1.1658,1.2019,1.2593,1.3364,1.4657,1.6709,1.9274,2.164,2.3035,2.2939,2.1206,1.8155,1.4535,1.1515,1.0227,1.1068,1.3405,1.5872,1.7384,1.7592,1.6761,1.5492,1.437,1.3707,1.3465,1.3311,1.2942,1.2225,1.1272,1.0346,0.97068,0.95523,0.99665,1.0952,1.2338,1.3722,1.458,1.4576,1.3774,1.2838,1.2684,1.393,1.6473,1.9603,2.2497,2.4608,2.5733,2.6039,2.5735,2.5037,2.4088
-0.98489,-0.65893,-0.90902,-1.519,-2.1083,-2.3583,-2.0986,-1.3984,-0.56166,0.097928,0.48572,0.71961,0.97063,1.3229,1.7409,2.133,2.4277,2.6059,2.7036,2.7837,2.8831,2.9729,2.9724,2.8077,2.464,2.0029,1.5445,1.2086,1.0495,1.0336,1.0912,1.1733,1.2727,1.4166,1.6238,1.8699,2.0904,2.2154,2.2006,2.0353,1.753,1.4289,1.1702,1.0736,1.1681,1.3792,1.5848,1.6881,1.6587,1.5305,1.3669,1.2306,1.1562,1.1378,1.139,1.1202,1.0636,0.98008,0.89898,0.85086,0.84746,0.89786,1.0012,1.1437,1.2912,1.3957,1.4225,1.3795,1.3212,1.33,1.4616,1.7045,1.991,2.2444,2.4163,2.4996,2.5028,2.4548,2.38,2.292
-1.0957,-0.75291,-0.96465,-1.542,-2.1297,-2.4067,-2.1677,-1.4579,-0.59785,0.074032,0.44885,0.64304,0.83748,1.1325,1.5077,1.8781,2.1715,2.3702,2.5116,2.6532,2.816,2.9525,2.973,2.8026,2.4308,1.9244,1.4139,1.0399,0.87024,0.87175,0.96608,1.0923,1.2339,1.4055,1.6151,1.8375,2.0192,2.1086,2.0728,1.9114,1.6588,1.3889,1.1931,1.1448,1.2498,1.4338,1.5836,1.6162,1.5137,1.313,1.0882,0.91371,0.83111,0.83143,0.86766,0.88966,0.87311,0.82715,0.77982,0.75491,0.76713,0.81711,0.9064,1.031,1.1698,1.2861,1.3516,1.365,1.3737,1.438,1.5904,1.812,2.0474,2.2398,2.3566,2.3921,2.3667,2.3078,2.2343,2.1536
-1.2126,-0.86928,-1.0536,-1.6048,-2.1942,-2.4976,-2.2726,-1.5432,-0.64948,0.040356,0.4046,0.55813,0.69178,0.9268,1.2608,1.6171,1.9212,2.1513,2.3413,2.541,2.7572,2.9301,2.9655,2.7914,2.4006,1.8621,1.3126,0.90537,0.72582,0.74588,0.88087,1.056,1.241,1.4359,1.6399,1.8281,1.9604,2.002,1.9349,1.7701,1.5471,1.3331,1.2015,1.1989,1.312,1.464,1.5563,1.52,1.3443,1.0741,0.78941,0.57646,0.48735,0.51295,0.60001,0.68472,0.73067,0.73841,0.73089,0.73159,0.74733,0.78164,0.84029,0.93188,1.0542,1.1852,1.2904,1.3732,1.4486,1.553,1.7097,1.9068,2.1021,2.2485,2.3186,2.3112,2.2564,2.175,2.0881,2.0054
-1.3019,-0.9693,-1.1402,-1.6743,-2.2648,-2.5861,-2.3685,-1.6195,-0.69766,0.0071836,0.36314,0.48475,0.56931,0.7554,1.0596,1.4109,1.7318,1.9941,2.2246,2.4653,2.7155,2.9103,2.9552,2.7821,2.3845,1.8328,1.2651,0.84031,0.65361,0.68533,0.84656,1.0543,1.2676,1.4744,1.6665,1.8215,1.9102,1.9098,1.8171,1.6482,1.4482,1.2736,1.1875,1.2187,1.3392,1.4701,1.5217,1.4367,1.2098,0.89297,0.56892,0.32957,0.23516,0.28412,0.41192,0.5485,0.6482,0.70342,0.7308,0.74777,0.76504,0.78753,0.82675,0.89758,1.0044,1.1326,1.2619,1.3749,1.4911,1.6333,1.8074,1.9921,2.1497,2.2474,2.2724,2.2343,2.1555,2.068,1.9885,1.9193
-1.4191,-1.1159,-1.2782,-1.7906,-2.3784,-2.718,-2.5068,-1.7302,-0.77138,-0.04799,0.29615,0.37177,0.38578,0.50144,0.7655,1.1194,1.4763,1.7925,2.0817,2.3749,2.6644,2.8846,2.9446,2.7804,2.3842,1.8268,1.2474,0.81062,0.61879,0.66208,0.84572,1.0832,1.3221,1.5362,1.7035,1.8034,1.8198,1.7518,1.6171,1.4449,1.277,1.163,1.1405,1.2168,1.3502,1.4645,1.4762,1.3368,1.0536,0.67519,0.29705,0.024874,-0.069373,0.010592,0.20095,0.41113,0.58217,0.69715,0.76598,0.80327,0.81918,0.82268,0.83321,0.87842,0.97605,1.1178,1.2723,1.4307,1.5832,1.739,1.9021,2.0588,2.181,2.2423,2.2325,2.1611,2.0636,1.9614,1.8722,1.8001
-1.5027,-1.2325,-1.395,-1.8908,-2.4709,-2.8174,-2.6081,-1.8135,-0.83006,-0.095147,0.23885,0.27908,0.23627,0.29536,0.52926,0.89063,1.2838,1.6482,1.9842,2.3159,2.6333,2.8726,2.9463,2.7922,2.4035,1.8499,1.2694,0.8308,0.64066,0.68976,0.88377,1.1321,1.3753,1.581,1.7208,1.775,1.7344,1.6148,1.4432,1.2642,1.121,1.0542,1.0832,1.1959,1.342,1.4465,1.435,1.2687,0.95711,0.55401,0.15228,-0.14062,-0.24386,-0.14858,0.076783,0.33743,0.56055,0.71581,0.80667,0.85182,0.86404,0.86225,0.86939,0.91068,1.0014,1.1369,1.3005,1.4666,1.636,1.8092,1.9772,2.1184,2.2075,2.228,2.1821,2.0902,1.977,1.8749,1.7974,1.7408
-1.6037,-1.3912,-1.5626,-2.0337,-2.5925,-2.9374,-2.7281,-1.917,-0.90983,-0.16339,0.15684,0.15005,0.029892,0.0085808,0.20018,0.57652,1.0275,1.4649,1.868,2.2517,2.6064,2.8718,2.9653,2.8269,2.456,1.9206,1.3546,0.92127,0.73054,0.77431,0.96849,1.217,1.451,1.6271,1.715,1.6981,1.5832,1.3978,1.1897,1.0096,0.90357,0.89664,0.98878,1.1489,1.3193,1.4226,1.3978,1.2158,0.88746,0.47155,0.053705,-0.25661,-0.36796,-0.2602,-0.0035266,0.29833,0.56138,0.74837,0.85953,0.90896,0.92345,0.9196,0.9238,0.96615,1.0651,1.2141,1.3835,1.5635,1.7344,1.8926,2.0337,2.1448,2.2071,2.206,2.1418,2.032,1.9134,1.805,1.7198,1.6556
-1.6878,-1.5466,-1.7365,-2.1789,-2.7022,-3.0298,-2.8201,-2.0069,-0.99077,-0.23802,0.071093,0.021188,-0.17415,-0.27802,-0.13196,0.26142,0.77677,1.2932,1.7662,2.2019,2.5924,2.8832,2.9978,2.8823,2.541,2.04,1.5044,1.0816,0.8758,0.89318,1.0631,1.2932,1.5084,1.6492,1.6796,1.586,1.3908,1.1399,0.90032,0.73155,0.67449,0.73585,0.8951,1.108,1.3083,1.4262,1.4037,1.2185,0.8934,0.4805,0.068797,-0.23663,-0.34776,-0.24348,0.020749,0.33771,0.61685,0.81166,0.91804,0.9587,0.9608,0.95863,0.98159,1.0488,1.1625,1.3094,1.4748,1.6369,1.7968,1.9501,2.0832,2.175,2.2065,2.1714,2.0811,1.9625,1.8386,1.7372,1.6639,1.6081
-1.7371,-1.6567,-1.8664,-2.2847,-2.7715,-3.077,-2.8681,-2.0643,-1.052,-0.29774,0.0059272,-0.069353,-0.31649,-0.48152,-0.37021,0.034542,0.59675,1.1708,1.6947,2.1682,2.5849,2.8954,3.0289,2.937,2.6242,2.1543,1.6439,1.228,1.0062,0.99539,1.1343,1.3381,1.5286,1.6397,1.6281,1.4808,1.2257,0.9278,0.6652,0.51374,0.50444,0.63002,0.84631,1.0972,1.3193,1.4439,1.4248,1.2494,0.93953,0.55319,0.16665,-0.12641,-0.2415,-0.14779,0.10226,0.41073,0.68439,0.8724,0.96895,0.99645,0.9911,0.98828,1.0178,1.0974,1.2261,1.3849,1.5462,1.7046,1.849,1.9777,2.0844,2.1564,2.1785,2.1431,2.0561,1.9369,1.8197,1.717,1.6356,1.5695
-1.7822,-1.7904,-2.0331,-2.4177,-2.8451,-3.1116,-2.9058,-2.1309,-1.1376,-0.38555,-0.082212,-0.17862,-0.48121,-0.72191,-0.65933,-0.24489,0.37033,1.011,1.5962,2.1187,2.5726,2.914,3.0785,3.0234,2.7518,2.3233,1.8405,1.4269,1.1782,1.1229,1.2148,1.3749,1.5201,1.581,1.5093,1.2974,0.97921,0.63315,0.36076,0.24396,0.30877,0.51462,0.80173,1.1046,1.3564,1.4998,1.4939,1.3344,1.0523,0.7013,0.35444,0.093184,-0.011056,0.06751,0.291,0.57131,0.82049,0.98549,1.0571,1.0609,1.0366,1.0288,1.0697,1.1683,1.3087,1.4631,1.6114,1.7421,1.8637,1.978,2.0743,2.1339,2.1408,2.0919,2.0001,1.8881,1.7799,1.6933,1.627,1.5659
-1.8018,-1.9042,-2.1888,-2.5406,-2.9009,-3.1201,-2.9202,-2.1898,-1.2315,-0.48472,-0.17229,-0.26933,-0.60345,-0.90423,-0.89357,-0.48563,0.16269,0.85188,1.4863,2.0538,2.5474,2.9246,3.1244,3.1065,2.877,2.488,2.0297,1.6121,1.3297,1.2206,1.2593,1.3711,1.4705,1.4791,1.3498,1.0729,0.69752,0.31542,0.050486,-0.010035,0.14193,0.44032,0.79951,1.147,1.4228,1.5781,1.5843,1.4443,1.1928,0.88395,0.58364,0.36116,0.27363,0.34129,0.53346,0.77539,0.98865,1.1231,1.1693,1.1506,1.1104,1.0943,1.1327,1.2318,1.3724,1.5216,1.6521,1.7605,1.8515,1.9341,2.0071,2.0579,2.0701,2.035,1.959,1.8669,1.7728,1.692,1.626,1.5636
-1.7993,-1.9738,-2.2969,-2.6264,-2.9352,-3.1165,-2.9227,-2.2336,-1.3099,-0.56885,-0.24133,-0.32291,-0.6598,-0.99025,-1.0206,-0.63539,0.017244,0.72643,1.3876,1.9847,2.5088,2.9159,3.1456,3.1586,2.9608,2.6002,2.1595,1.7363,1.423,1.2672,1.2563,1.3274,1.3934,1.3715,1.2073,0.89221,0.4789,0.076012,-0.18115,-0.19435,0.027474,0.39891,0.81389,1.1939,1.4859,1.6455,1.6561,1.5285,1.2982,1.0228,0.75831,0.56265,0.4841,0.5455,0.7138,0.93076,1.1247,1.2455,1.2802,1.249,1.1996,1.1734,1.2021,1.29,1.4142,1.5405,1.6471,1.7283,1.8008,1.8748,1.9446,1.9924,2.0019,1.97,1.909,1.834,1.7687,1.7172,1.668,1.6013
-1.7742,-2.0441,-2.4268,-2.7338,-2.9771,-3.1079,-2.9246,-2.2975,-1.4276,-0.69457,-0.33554,-0.37325,-0.68388,-1.0304,-1.1148,-0.78581,-0.1624,0.54695,1.2283,1.8579,2.4216,2.8721,3.1468,3.2055,3.0506,2.7246,2.2989,1.8624,1.5035,1.2828,1.2052,1.2206,1.2436,1.1858,0.98398,0.63121,0.18237,-0.23605,-0.47254,-0.42212,-0.11117,0.34237,0.82182,1.2474,1.5654,1.7417,1.7616,1.6427,1.4305,1.1807,0.95095,0.79026,0.73474,0.79382,0.94947,1.1445,1.3148,1.4154,1.4361,1.4014,1.3428,1.3061,1.3171,1.378,1.4683,1.5578,1.6234,1.6699,1.7084,1.7536,1.8076,1.8581,1.8875,1.8858,1.8571,1.8174,1.7773,1.7406,1.7004,1.6415
-1.7403,-2.0787,-2.5122,-2.8106,-3.0097,-3.105,-2.9296,-2.3504,-1.5237,-0.79546,-0.40434,-0.39279,-0.66451,-1.0047,-1.1257,-0.85755,-0.28328,0.40417,1.0875,1.7353,2.327,2.8109,3.1214,3.2158,3.0929,2.7906,2.3721,1.9222,1.5287,1.26,1.1357,1.1122,1.1051,1.0214,0.79596,0.42001,-0.0454,-0.46951,-0.68488,-0.58927,-0.21936,0.29064,0.8158,1.2749,1.6153,1.8065,1.8365,1.7256,1.523,1.2871,1.075,0.93156,0.88476,0.94339,1.084,1.2622,1.4246,1.53,1.5644,1.5393,1.4896,1.4471,1.4367,1.4638,1.5122,1.5559,1.5815,1.5887,1.602,1.6387,1.696,1.7549,1.7951,1.8095,1.8055,1.7945,1.7868,1.7783,1.7536,1.6943
-1.6769,-2.1005,-2.609,-2.9092,-3.059,-3.1123,-2.9454,-2.4284,-1.6596,-0.93283,-0.4867,-0.39421,-0.59212,-0.90197,-1.0641,-0.8944,-0.42034,0.20557,0.87155,1.5345,2.1605,2.688,3.0457,3.1872,3.1061,2.8337,2.4252,1.9577,1.5198,1.1896,1.0041,0.93134,0.89067,0.78223,0.53916,0.14435,-0.33403,-0.76279,-0.96085,-0.82344,-0.39244,0.18659,0.77574,1.2862,1.6662,1.8821,1.9278,1.828,1.6332,1.4058,1.2022,1.0658,1.0233,1.0775,1.2147,1.3907,1.5546,1.6685,1.7199,1.7219,1.689,1.6492,1.6176,1.5981,1.5832,1.5609,1.5234,1.485,1.4641,1.4778,1.5272,1.5957,1.6615,1.7114,1.7462,1.7747,1.8021,1.8225,1.8214,1.7803
-1.5961,-2.0952,-2.6851,-3.0031,-3.1176,-3.1344,-2.9732,-2.512,-1.7963,-1.0632,-0.55221,-0.36588,-0.47464,-0.73547,-0.92614,-0.86258,-0.5187,0.010905,0.63427,1.2987,1.9522,2.5195,2.9216,3.1071,3.0652,2.82,2.4216,1.9407,1.466,1.0834,0.83935,0.71908,0.64907,0.53311,0.2937,-0.089488,-0.56631,-1.0019,-1.2144,-1.0702,-0.60252,0.032975,0.68518,1.2571,1.6895,1.9496,2.0249,1.9388,1.7475,1.5149,1.3052,1.1634,1.113,1.1578,1.2802,1.4467,1.6183,1.7619,1.8588,1.9044,1.9091,1.88,1.8275,1.7589,1.6764,1.5797,1.4758,1.3829,1.3297,1.3335,1.3879,1.4686,1.5518,1.6267,1.6956,1.7641,1.8291,1.8796,1.8981,1.8691
-1.5257,-2.0739,-2.727,-3.0692,-3.167,-3.1597,-3.0003,-2.5735,-1.8903,-1.1481,-0.58354,-0.32326,-0.36145,-0.57951,-0.78293,-0.79508,-0.55716,-0.11679,0.45734,1.1096,1.7749,2.3666,2.7985,3.0135,2.998,2.7709,2.3786,1.8911,1.3974,0.98632,0.7104,0.56255,0.47572,0.35829,0.13019,-0.23408,-0.69778,-1.1366,-1.3683,-1.2392,-0.76497,-0.0968,0.59983,1.2184,1.6962,1.9923,2.0949,2.0259,1.8385,1.6018,1.3797,1.2204,1.1518,1.1816,1.2946,1.4613,1.6445,1.8119,1.9427,2.0261,2.0625,2.0499,1.9915,1.8942,1.7683,1.6249,1.4762,1.3535,1.278,1.2649,1.3102,1.3934,1.4899,1.585,1.6766,1.7667,1.8549,1.9275,1.9668,1.9551
-1.4217,-2.0242,-2.7614,-3.1481,-3.2345,-3.1979,-3.0343,-2.6398,-1.9885,-1.2295,-0.59478,-0.23953,-0.18607,-0.34353,-0.55033,-0.6463,-0.54378,-0.23561,0.24782,0.85866,1.5206,2.1319,2.5947,2.8439,2.8593,2.6544,2.2729,1.7842,1.2799,0.8489,0.55062,0.38288,0.28667,0.17397,-0.030284,-0.36466,-0.79863,-1.232,-1.4887,-1.4072,-0.95907,-0.27732,0.4705,1.1584,1.7032,2.0567,2.1996,2.1522,1.9703,1.724,1.4818,1.2962,1.199,1.2,1.2934,1.4547,1.6513,1.8512,2.0287,2.1662,2.2476,2.2651,2.2153,2.102,1.9356,1.7363,1.5385,1.3724,1.274,1.2551,1.3005,1.381,1.4736,1.5707,1.6749,1.7876,1.9001,1.996,2.0553,2.063
-1.3378,-1.9716,-2.7693,-3.1957,-3.2798,-3.2205,-3.0458,-2.6642,-2.0279,-1.2555,-0.5752,-0.15756,-0.041187,-0.15115,-0.34928,-0.48977,-0.47579,-0.26928,0.12961,0.68798,1.3286,1.941,2.4179,2.6872,2.7215,2.5321,2.1615,1.6801,1.1793,0.74902,0.448,0.27743,0.18475,0.086852,-0.090402,-0.39145,-0.79742,-1.2235,-1.5063,-1.4729,-1.0632,-0.38309,0.39474,1.127,1.7178,2.1093,2.2785,2.2471,2.0712,1.8231,1.5729,1.3713,1.2491,1.2246,1.2906,1.4349,1.6338,1.857,2.0733,2.2514,2.3757,2.4222,2.3819,2.26,2.0763,1.8612,1.6431,1.4723,1.367,1.3328,1.3584,1.4224,1.5056,1.599,1.7039,1.8218,1.9433,2.0518,2.1266,2.1512
-1.2206,-1.883,-2.7518,-3.2346,-3.3181,-3.2263,-3.0233,-2.6398,-2.0131,-1.2291,-0.50676,-0.025267,0.16455,0.11721,-0.054687,-0.22828,-0.30738,-0.22648,0.050572,0.51562,1.1003,1.6906,2.1683,2.4501,2.5001,2.3281,1.9764,1.5182,1.0419,0.63651,0.35454,0.19811,0.12333,0.055413,-0.081153,-0.32874,-0.68941,-1.0933,-1.4006,-1.4288,-1.0841,-0.43713,0.34425,1.1061,1.7393,2.1736,2.3819,2.3789,2.2176,1.9707,1.7057,1.4785,1.3265,1.2657,1.3034,1.4301,1.6247,1.8595,2.1036,2.3267,2.494,2.5855,2.5868,2.495,2.3222,2.0988,1.8753,1.688,1.5725,1.5303,1.5386,1.5718,1.6181,1.6815,1.771,1.8846,2.0135,2.1327,2.2185,2.2568
-1.1005,-1.7749,-2.6981,-3.232,-3.3154,-3.1841,-2.9371,-2.5309,-1.9031,-1.1228,-0.38824,0.13023,0.37738,0.39043,0.25881,0.081588,-0.053987,-0.071735,0.08834,0.44223,0.9389,1.4721,1.9212,2.1945,2.2488,2.0908,1.7657,1.3455,0.91998,0.56953,0.33718,0.21929,0.16942,0.12275,0.017484,-0.18799,-0.49511,-0.85449,-1.1493,-1.2203,-0.9528,-0.37465,0.3749,1.1367,1.7843,2.2382,2.4634,2.4753,2.3297,2.0967,1.8454,1.624,1.4601,1.3693,1.3599,1.4376,1.6013,1.8341,2.1024,2.3641,2.5812,2.7198,2.762,2.7059,2.567,2.3765,2.1747,2.0068,1.8901,1.8238,1.7939,1.785,1.7913,1.8185,1.8767,1.9712,2.0868,2.2006,2.2908,2.3445
-1.01,-1.6824,-2.6331,-3.1965,-3.2754,-3.1092,-2.8195,-2.3843,-1.7536,-0.98933,-0.26768,0.25961,0.53867,0.59551,0.50222,0.33962,0.18561,0.11627,0.19936,0.4654,0.87985,1.3489,1.757,2.0104,2.0612,1.912,1.6073,1.2217,0.84428,0.54921,0.36955,0.2895,0.26196,0.22817,0.1402,-0.036096,-0.30083,-0.61707,-0.8878,-0.97351,-0.75924,-0.24178,0.46013,1.1906,1.8212,2.2661,2.4914,2.5143,2.3885,2.1812,1.9528,1.7437,1.577,1.4666,1.426,1.4666,1.5957,1.807,2.0743,2.3544,2.6041,2.786,2.8743,2.8602,2.7551,2.5909,2.415,2.2589,2.1483,2.0779,2.0282,1.9838,1.9454,1.9293,1.9544,2.0257,2.1304,2.2438,2.3398,2.403
-0.89061,-1.5455,-2.5122,-3.0988,-3.1628,-2.9416,-2.5848,-2.1006,-1.4671,-0.74292,-0.065508,0.44864,0.75547,0.86889,0.83379,0.70816,0.5547,0.44389,0.44485,0.5996,0.89578,1.2621,1.5957,1.8054,1.8399,1.6986,1.4242,1.0922,0.78753,0.57306,0.46389,0.433,0.43065,0.4122,0.34353,0.20795,0.0026517,-0.24649,-0.46775,-0.55106,-0.39245,0.02496,0.6212,1.2666,1.8397,2.2558,2.4781,2.519,2.4273,2.265,2.0801,1.9028,1.7472,1.6217,1.538,1.521,1.595,1.7692,2.0253,2.3221,2.606,2.8322,2.9718,3.0147,2.9704,2.8655,2.7343,2.6127,2.5093,2.4188,2.3299,2.2373,2.1495,2.0864,2.0688,2.1054,2.1852,2.2804,2.3672,2.433
-0.77376,-1.3959,-2.3529,-2.9402,-2.9781,-2.697,-2.2654,-1.7259,-1.0924,-0.42367,0.18417,0.65955,0.97672,1.1387,1.1629,1.0843,0.95149,0.82673,0.77414,0.83874,1.0238,1.2806,1.5251,1.6744,1.682,1.5453,1.3041,1.0275,0.79254,0.64806,0.59849,0.60903,0.63061,0.62488,0.57123,0.46471,0.3114,0.1333,-0.022135,-0.079975,0.034042,0.34641,0.81319,1.3412,1.8262,2.1884,2.3902,2.4426,2.3924,2.2896,2.1722,2.0542,1.9341,1.8088,1.6918,1.6116,1.6117,1.726,1.9539,2.2535,2.5682,2.842,3.0361,3.1341,3.1423,3.0856,2.9989,2.904,2.8145,2.7225,2.6142,2.4841,2.3442,2.2223,2.1493,2.1447,2.1902,2.2694,2.356,2.4319
-0.68845,-1.276,-2.2089,-2.7824,-2.7957,-2.4688,-1.9813,-1.4003,-0.76725,-0.14499,0.39925,0.83191,1.145,1.3342,1.3987,1.357,1.2485,1.1283,1.0543,1.0695,1.1833,1.3617,1.5373,1.6392,1.6254,1.4921,1.2734,1.0317,0.83581,0.7289,0.71104,0.74338,0.77735,0.77786,0.7341,0.65121,0.54022,0.41745,0.31154,0.27298,0.35567,0.59113,0.95582,1.3817,1.7841,2.0901,2.2692,2.3344,2.3246,2.283,2.2283,2.1593,2.0664,1.9453,1.8073,1.6902,1.6466,1.7213,1.9228,2.2179,2.5397,2.8301,3.0493,3.181,3.2301,3.2159,3.1614,3.093,3.0103,2.907,2.776,2.6185,2.4503,2.3002,2.1993,2.1633,2.1911,2.2529,2.3222,2.3846
-0.57814,-1.1071,-1.9875,-2.5264,-2.5034,-2.1195,-1.5631,-0.93041,-0.29693,0.26256,0.71478,1.0773,1.369,1.5795,1.6875,1.6918,1.6206,1.5197,1.4373,1.4103,1.4515,1.5419,1.6354,1.6792,1.6394,1.5101,1.3161,1.1077,0.94292,0.86027,0.85961,0.90275,0.9427,0.94895,0.92141,0.87819,0.83187,0.78523,0.74167,0.72184,0.76218,0.89293,1.1177,1.4,1.6797,1.9065,2.0552,2.1401,2.1947,2.2377,2.2713,2.277,2.2333,2.1316,1.9828,1.8261,1.7252,1.7435,1.9068,2.1822,2.5104,2.821,3.066,3.2246,3.3003,3.3134,3.2897,3.2425,3.1776,3.0841,2.949,2.7692,2.5607,2.3587,2.205,2.1283,2.1205,2.1654,2.2335,2.3023
-0.49791,-0.97435,-1.8021,-2.3064,-2.2568,-1.8354,-1.2326,-0.56429,0.070278,0.58528,0.96793,1.2714,1.5362,1.7512,1.8827,1.9158,1.8708,1.7873,1.7073,1.663,1.668,1.7105,1.7564,1.7651,1.7097,1.5831,1.4035,1.2091,1.0509,0.96619,0.95756,0.99579,1.0336,1.0463,1.0371,1.0293,1.0341,1.0407,1.041,1.0336,1.0443,1.0997,1.2173,1.3847,1.5665,1.73,1.8627,1.9754,2.0865,2.1974,2.2921,2.3458,2.3369,2.2538,2.1136,1.9512,1.8296,1.8171,1.9485,2.2028,2.5148,2.8166,3.0601,3.2251,3.3148,3.3468,3.3395,3.3105,3.2533,3.1563,3.0096,2.8146,2.5899,2.3705,2.1964,2.0924,2.0671,2.0911,2.1363,2.1857
-0.39304,-0.79002,-1.5328,-1.9855,-1.905,-1.4434,-0.78856,-0.07669,0.56131,1.0246,1.3194,1.5394,1.7567,1.9633,2.111,2.1712,2.1534,2.0898,2.0164,1.9625,1.9415,1.9458,1.951,1.9302,1.862,1.7395,1.5688,1.3749,1.2008,1.0886,1.053,1.0734,1.1125,1.1446,1.1741,1.2197,1.2856,1.3534,1.3936,1.3935,1.3638,1.3322,1.3262,1.3564,1.4162,1.4986,1.6071,1.7544,1.9392,2.1393,2.315,2.429,2.4594,2.4062,2.281,2.1264,2.0023,1.9715,2.0706,2.2864,2.5647,2.8402,3.0637,3.2119,3.288,3.3128,3.3113,3.2912,3.2513,3.1733,3.0379,2.8389,2.5916,2.3345,2.1172,1.9789,1.9203,1.9308,1.979,2.037
-0.28908,-0.59677,-1.2435,-1.6428,-1.542,-1.0547,-0.359,0.39073,1.0356,1.458,1.6749,1.8123,1.9714,2.152,2.2972,2.3678,2.3645,2.3141,2.2501,2.1992,2.1723,2.1618,2.1475,2.1109,2.0379,1.9196,1.7506,1.5449,1.3381,1.1804,1.1012,1.0947,1.1348,1.1962,1.2789,1.39,1.5201,1.6402,1.7081,1.7069,1.6381,1.533,1.4227,1.3342,1.2902,1.3094,1.4101,1.5958,1.8417,2.0989,2.3218,2.4773,2.549,2.5338,2.4504,2.3273,2.2164,2.1778,2.2504,2.426,2.6573,2.8827,3.0563,3.1607,3.2047,3.2119,3.2055,3.1942,3.1643,3.0929,2.9612,2.7639,2.5165,2.2544,2.0232,1.8611,1.7843,1.7715,1.7958,1.8349
-0.21006,-0.44524,-1.0161,-1.3782,-1.2711,-0.77531,-0.056878,0.71842,1.371,1.7706,1.9385,2.0178,2.128,2.2773,2.4076,2.4735,2.4713,2.4258,2.369,2.3253,2.3029,2.2919,2.2734,2.2318,2.1587,2.0426,1.8737,1.656,1.4229,1.2261,1.1073,1.0774,1.1176,1.2071,1.3382,1.5066,1.6896,1.8448,1.932,1.9266,1.8318,1.6751,1.4935,1.3291,1.2252,1.2169,1.328,1.5428,1.8169,2.0957,2.3329,2.5027,2.594,2.6057,2.5554,2.4676,2.3839,2.3533,2.4096,2.5513,2.7362,2.9132,3.04,3.0997,3.1026,3.0778,3.0546,3.0426,3.0284,2.9813,2.8715,2.6854,2.4347,2.1578,1.909,1.7326,1.6435,1.6317,1.6632,1.7059
-0.10016,-0.23325,-0.70134,-1.0204,-0.91965,-0.42804,0.30911,1.1134,1.7793,2.1601,2.2784,2.2897,2.3321,2.4279,2.5224,2.5656,2.5514,2.5027,2.4504,2.4169,2.4061,2.4041,2.3915,2.3549,2.2874,2.175,2.0004,1.7622,1.4901,1.2401,1.071,1.0141,1.0679,1.2119,1.4229,1.6704,1.9145,2.1054,2.2032,2.1843,2.0558,1.8471,1.6068,1.3888,1.2447,1.2195,1.329,1.5504,1.8297,2.1107,2.3498,2.5244,2.6292,2.673,2.6645,2.6257,2.5841,2.5717,2.6126,2.7062,2.8285,2.9353,2.9895,2.9772,2.9143,2.8391,2.7901,2.7773,2.7786,2.7541,2.6686,2.5068,2.2785,2.0176,1.7732,1.5923,1.4937,1.4671,1.4864,1.523
0.018133,-0.0086105,-0.37522,-0.66088,-0.58327,-0.11625,0.62492,1.4508,2.132,2.5077,2.5955,2.5538,2.5317,2.5655,2.6088,2.6133,2.5717,2.5072,2.451,2.4242,2.4266,2.4394,2.4402,2.4164,2.3589,2.2514,2.071,1.8126,1.5033,1.2058,0.9927,0.91797,0.99948,1.2165,1.5193,1.8491,2.144,2.3562,2.4499,2.4134,2.2589,2.0226,1.7573,1.5208,1.3682,1.3424,1.4491,1.6554,1.9063,2.1482,2.3519,2.5081,2.6197,2.6911,2.7332,2.7494,2.75,2.7528,2.7756,2.8243,2.8782,2.9079,2.8833,2.7939,2.6593,2.5262,2.4437,2.4297,2.4571,2.4736,2.431,2.3051,2.1023,1.8583,1.6258,1.4529,1.3598,1.3363,1.3527,1.3797
0.11464,0.16929,-0.12439,-0.39223,-0.3429,0.092487,0.82498,1.6609,2.3545,2.7345,2.8126,2.7441,2.68,2.6655,2.6625,2.6281,2.5562,2.4713,2.4065,2.3824,2.3954,2.4216,2.4347,2.4202,2.3693,2.2646,2.082,1.8127,1.484,1.1595,0.92319,0.84583,0.95704,1.233,1.6033,1.9881,2.3147,2.5362,2.6255,2.5766,2.4101,2.1623,1.8911,1.6559,1.5098,1.4885,1.5881,1.7694,1.9799,2.1802,2.3493,2.4842,2.5913,2.6786,2.7463,2.795,2.8249,2.842,2.8567,2.8736,2.8828,2.8585,2.7753,2.626,2.4357,2.2598,2.1558,2.1458,2.1952,2.242,2.2317,2.1378,1.9659,1.7496,1.538,1.3761,1.2899,1.2695,1.2887,1.3178
0.25602,0.41933,0.21672,-0.037294,-0.039247,0.33631,1.04,1.879,2.5896,2.9851,3.0679,2.9839,2.8784,2.8031,2.7326,2.6345,2.5087,2.3847,2.3001,2.2764,2.3045,2.3511,2.3826,2.3811,2.3374,2.2349,2.051,1.7734,1.4286,1.0834,0.83378,0.77277,0.94063,1.2985,1.7483,2.1813,2.5276,2.7496,2.8317,2.7768,2.6045,2.3607,2.0988,1.8772,1.7465,1.7263,1.8026,1.9339,2.0773,2.2086,2.3226,2.4252,2.5246,2.6256,2.7244,2.8088,2.8674,2.8961,2.8992,2.8808,2.8366,2.7495,2.5993,2.382,2.1274,1.9005,1.7731,1.7697,1.8518,1.946,1.9873,1.9427,1.8149,1.636,1.4551,1.3178,1.2453,1.2313,1.2508,1.2762
0.37305,0.61591,0.47588,0.22594,0.17678,0.49412,1.1617,1.9934,2.7154,3.1298,3.2298,3.1506,3.0288,2.9151,2.7934,2.6419,2.4672,2.305,2.199,2.1725,2.2113,2.2738,2.3198,2.3273,2.2877,2.1858,2.0003,1.7205,1.373,1.0279,0.78769,0.75391,0.96962,1.383,1.877,2.3346,2.6871,2.9034,2.9782,2.9177,2.745,2.5061,2.2543,2.0472,1.9289,1.9082,1.965,2.0562,2.1463,2.2237,2.2908,2.3611,2.4471,2.5522,2.6677,2.7765,2.8574,2.897,2.8944,2.8569,2.7807,2.6548,2.4635,2.2064,1.9177,1.6684,1.5319,1.5407,1.6459,1.7664,1.8355,1.8219,1.7282,1.5834,1.4308,1.3127,1.2512,1.2435,1.2688,1.2992
0.54423,0.88916,0.82388,0.57244,0.45109,0.67406,1.2722,2.0783,2.8116,3.2597,3.4005,3.351,3.2291,3.0805,2.8974,2.6721,2.4247,2.2029,2.0601,2.0228,2.072,2.1551,2.2203,2.2397,2.2033,2.1,1.9122,1.6367,1.3017,0.98335,0.78677,0.81033,1.0894,1.5557,2.0811,2.5499,2.8963,3.0969,3.1533,3.0786,2.9067,2.6774,2.4489,2.2704,2.1668,2.1424,2.1621,2.1889,2.2061,2.2128,2.2288,2.2714,2.3488,2.4562,2.582,2.7003,2.7885,2.8328,2.8301,2.7806,2.6871,2.5392,2.3249,2.0466,1.7406,1.4805,1.3445,1.3593,1.4802,1.6235,1.7189,1.7333,1.6698,1.5585,1.4414,1.3525,1.3147,1.319,1.344,1.3664
0.73184,1.1726,1.1718,0.91197,0.71243,0.82384,1.3271,2.0864,2.8234,3.3137,3.5164,3.5229,3.4276,3.2655,3.0342,2.7395,2.4169,2.1291,1.9416,1.8865,1.9406,2.0402,2.1217,2.1496,2.1114,2.0028,1.8164,1.5582,1.2625,1.0039,0.88091,0.97646,1.3099,1.8012,2.3238,2.7679,3.0807,3.2519,3.2882,3.2113,3.0481,2.8435,2.6392,2.4747,2.3748,2.3301,2.312,2.2887,2.2478,2.2043,2.1807,2.1953,2.2546,2.3539,2.4736,2.5935,2.6892,2.7423,2.7461,2.7036,2.6127,2.4687,2.2653,2.0084,1.7316,1.4978,1.376,1.3832,1.4828,1.607,1.6968,1.722,1.6812,1.5965,1.5038,1.4394,1.4151,1.4311,1.4686,1.5011
0.88196,1.3894,1.4302,1.1612,0.90122,0.92053,1.3365,2.0448,2.7782,3.3051,3.5671,3.6323,3.5741,3.4169,3.1607,2.8209,2.4443,2.1052,1.8806,1.8087,1.8633,1.9718,2.0614,2.0906,2.0472,1.933,1.7506,1.5141,1.2641,1.0696,1.0157,1.168,1.5266,2.0144,2.5136,2.9265,3.2093,3.3557,3.3795,3.2997,3.143,2.948,2.754,2.5975,2.4986,2.4447,2.407,2.3546,2.281,2.2057,2.1569,2.157,2.2103,2.3009,2.4136,2.5218,2.6058,2.6557,2.6692,2.6447,2.5808,2.4687,2.3007,2.0829,1.8466,1.6466,1.5335,1.5294,1.6028,1.696,1.7583,1.7646,1.7178,1.6419,1.5693,1.5235,1.5193,1.5447,1.5796,1.6042
1.0914,1.6796,1.7668,1.4839,1.145,1.0359,1.3163,1.9348,2.653,3.2339,3.5901,3.7529,3.7637,3.6321,3.3605,2.9741,2.5331,2.1277,1.851,1.751,1.8002,1.9151,2.009,2.0327,1.9778,1.8557,1.6827,1.4831,1.3038,1.206,1.2526,1.478,1.8598,2.3246,2.7733,3.131,3.3651,3.4757,3.4782,3.3902,3.2389,3.0531,2.8733,2.7313,2.636,2.5755,2.5145,2.4303,2.3274,2.2336,2.178,2.1727,2.2116,2.2803,2.3573,2.4331,2.4993,2.5504,2.5832,2.5969,2.5823,2.5321,2.4399,2.3079,2.1531,2.0076,1.9075,1.8638,1.8655,1.8834,1.8881,1.8625,1.807,1.7375,1.6782,1.6522,1.6613,1.6985,1.7453,1.78
1.2522,1.8943,2.0101,1.7166,1.3223,1.1173,1.2859,1.8219,2.5205,3.1444,3.5807,3.8275,3.9012,3.8007,3.5298,3.1208,2.6413,2.1913,1.875,1.7496,1.7887,1.9016,1.9928,2.0074,1.9411,1.8124,1.6477,1.4802,1.356,1.3316,1.4508,1.7247,2.1189,2.5593,2.9622,3.27,3.4611,3.5418,3.5275,3.4368,3.2912,3.1181,2.9494,2.8126,2.7187,2.6532,2.5849,2.4927,2.3842,2.287,2.2307,2.2243,2.256,2.3043,2.3527,2.3947,2.4331,2.4741,2.5215,2.5719,2.6122,2.6276,2.6052,2.5412,2.4452,2.3381,2.2417,2.1683,2.1172,2.0748,2.0251,1.9594,1.8818,1.8082,1.759,1.7462,1.7732,1.8241,1.877,1.9115
1.4662,2.1705,2.3174,2.0108,1.5514,1.2267,1.2422,1.653,2.315,2.9974,3.5473,3.9135,4.078,4.0291,3.7733,3.3502,2.8359,2.3381,1.9719,1.8068,1.8215,1.92,1.9979,1.9944,1.9081,1.7673,1.6141,1.4909,1.4438,1.5137,1.7189,2.0436,2.4401,2.8388,3.1774,3.4179,3.5546,3.5998,3.568,3.4749,3.336,3.1749,3.0187,2.8924,2.8055,2.7435,2.678,2.5909,2.4907,2.4048,2.3582,2.3543,2.3738,2.3894,2.3869,2.3679,2.3552,2.3766,2.4455,2.551,2.6711,2.7774,2.8497,2.8781,2.8609,2.8016,2.7094,2.5926,2.4645,2.335,2.2097,2.0924,1.9892,1.9114,1.8714,1.8763,1.9197,1.9833,2.0456,2.0874
1.6732,2.4291,2.5991,2.282,1.7714,1.3449,1.2171,1.497,2.1128,2.85,3.5121,3.9947,4.249,4.2555,4.0258,3.6061,3.0764,2.5473,2.1396,1.9312,1.9087,1.9774,2.0289,2.0001,1.8885,1.7321,1.586,1.5015,1.5244,1.6768,1.9506,2.3095,2.6948,3.049,3.3278,3.5116,3.6051,3.6215,3.5772,3.4821,3.3495,3.1983,3.0556,2.9461,2.876,2.8309,2.7807,2.7101,2.6307,2.5663,2.5349,2.5296,2.5253,2.4963,2.4308,2.3462,2.281,2.2782,2.3606,2.5193,2.7154,2.9101,3.0725,3.1833,3.2318,3.2119,3.1227,2.9746,2.7874,2.5864,2.3944,2.2271,2.0948,2.0067,1.9716,1.9925,2.0525,2.134,2.2121,2.2643
1.8196,2.6074,2.7903,2.4673,1.929,1.4437,1.225,1.4139,1.9918,2.7628,3.5,4.06,4.3749,4.4209,4.2139,3.805,3.2757,2.7352,2.3041,2.0642,2.0076,2.0442,2.0669,2.0121,1.8775,1.7062,1.5591,1.4964,1.5602,1.762,2.0763,2.4522,2.8292,3.1549,3.3959,3.5451,3.6109,3.61,3.5555,3.4595,3.3343,3.1963,3.0696,2.976,2.9222,2.8939,2.8631,2.8132,2.7529,2.7024,2.6762,2.666,2.6446,2.5813,2.4687,2.3252,2.2044,2.171,2.2611,2.457,2.7126,2.9718,3.1949,3.3588,3.4496,3.4563,3.3744,3.211,2.9918,2.7498,2.5169,2.3169,2.1662,2.0759,2.0507,2.0834,2.1602,2.2509,2.3298,2.3783
1.9979,2.8195,3.0141,2.687,2.1275,1.5927,1.2886,1.3818,1.9112,2.7107,3.5226,4.1617,4.5395,4.63,4.4531,4.0644,3.5464,3.0049,2.555,2.2779,2.1722,2.1568,2.1298,2.0288,1.8546,1.6563,1.5036,1.4622,1.5682,1.8177,2.1696,2.5593,2.9246,3.2172,3.4165,3.5257,3.5633,3.5478,3.4918,3.4035,3.292,3.1748,3.0737,3.0082,2.9842,2.9823,2.9771,2.9536,2.9163,2.8832,2.8605,2.8344,2.7762,2.659,2.4737,2.2519,2.0636,1.991,2.0803,2.3163,2.6303,2.9571,3.2508,3.4827,3.6314,3.6783,3.6127,3.4458,3.203,2.9259,2.6568,2.4283,2.261,2.1655,2.1443,2.1893,2.2769,2.3821,2.4772,2.5393
2.1511,2.9968,3.1982,2.8718,2.31,1.762,1.4232,1.4637,1.9549,2.7576,3.6036,4.2847,4.6996,4.8201,4.6679,4.3008,3.8013,3.2704,2.8147,2.5094,2.3561,2.2828,2.1955,2.0375,1.8148,1.584,1.4213,1.3914,1.523,1.8005,2.1708,2.5647,2.918,3.1862,3.3561,3.4393,3.4621,3.4439,3.3968,3.3236,3.2316,3.1375,3.0652,3.0348,3.0456,3.0764,3.0973,3.0924,3.0672,3.0357,3.0021,2.9518,2.8558,2.6861,2.4342,2.1312,1.8582,1.7221,1.7932,2.0526,2.4255,2.8238,3.1868,3.479,3.6765,3.7608,3.7232,3.5678,3.3269,3.0438,2.7636,2.523,2.3477,2.253,2.2412,2.2988,2.4005,2.514,2.6096,2.6673
2.2465,3.1046,3.3082,2.9853,2.4337,1.8992,1.5688,1.6027,2.0757,2.8627,3.7043,4.3895,4.8131,4.9442,4.8043,4.4512,3.9671,3.4491,2.9964,2.6776,2.4931,2.3757,2.2392,2.0343,1.7722,1.5143,1.3399,1.311,1.452,1.7397,2.1145,2.5058,2.8489,3.1044,3.2624,3.3409,3.3639,3.352,3.3123,3.2514,3.1781,3.1097,3.0676,3.0661,3.1006,3.1482,3.1794,3.1794,3.1547,3.1158,3.0674,2.9952,2.8701,2.6624,2.3638,2.0049,1.6725,1.4864,1.5305,1.7957,2.1923,2.6262,3.0324,3.3718,3.6159,3.7408,3.7331,3.6017,3.3735,3.094,2.813,2.5725,2.401,2.3127,2.3077,2.3714,2.4784,2.5982,2.7023,2.7685
2.3444,3.2114,3.4145,3.1001,2.5762,2.0881,1.8096,1.8749,2.3375,3.0834,3.8822,4.5387,4.9481,5.0764,4.9422,4.6026,4.1376,3.6393,3.1988,2.8738,2.6582,2.4876,2.2862,2.0178,1.7029,1.4078,1.2112,1.1734,1.3126,1.5996,1.9711,2.3548,2.6874,2.9336,3.0868,3.1703,3.2073,3.2167,3.2027,3.1707,3.1304,3.0986,3.094,3.1246,3.1808,3.2356,3.2637,3.2549,3.2165,3.1617,3.0912,2.9897,2.83,2.5836,2.2376,1.8185,1.4092,1.1394,1.1198,1.3603,1.7778,2.2612,2.7271,3.1251,3.4236,3.5997,3.6416,3.5508,3.3578,3.1065,2.8454,2.6179,2.4562,2.3782,2.3853,2.4626,2.5789,2.7031,2.8071,2.8718
2.3939,3.2625,3.4625,3.1571,2.6636,2.2277,2.0112,2.1221,2.5848,3.2895,4.0348,4.6486,5.0309,5.1449,5.0071,4.6723,4.2182,3.7348,3.3075,2.9861,2.7564,2.5534,2.3086,1.9948,1.6432,1.3227,1.1102,1.0606,1.189,1.4634,1.8241,2.1996,2.5273,2.7719,2.9304,3.024,3.0815,3.1173,3.1367,3.1373,3.1262,3.12,3.1365,3.1826,3.2442,3.2931,3.3048,3.2738,3.213,3.1373,3.0492,2.933,2.7603,2.5008,2.1385,1.6923,1.2385,0.90753,0.82412,1.022,1.4251,1.9203,2.4177,2.8605,3.2099,3.4361,3.5208,3.4696,3.3071,3.0779,2.8332,2.6198,2.4722,2.4087,2.4296,2.5156,2.6419,2.7743,2.8841,2.9508
2.426,3.2898,3.4832,3.1928,2.75,2.4004,2.2854,2.4713,2.9405,3.5824,4.2397,4.7769,5.1055,5.1874,5.0338,4.6966,4.2514,3.7857,3.3793,3.0711,2.8362,2.6061,2.3186,1.9586,1.5686,1.2223,0.99283,0.9242,1.0238,1.2639,1.5936,1.9497,2.2757,2.533,2.7154,2.8415,2.9385,3.0206,3.0867,3.1329,3.1633,3.1914,3.2313,3.284,3.3312,3.3471,3.3131,3.233,3.1291,3.0208,2.9127,2.7893,2.6212,2.3743,2.0283,1.5889,1.1126,0.71421,0.52835,0.62608,0.96965,1.4548,1.9785,2.4677,2.8728,3.1579,3.3014,3.3015,3.1844,2.9932,2.7792,2.5911,2.4661,2.4244,2.4658,2.5709,2.7089,2.8486,2.9629,3.0331
2.4177,3.2696,3.4533,3.1803,2.7972,2.5455,2.5407,2.8052,3.2813,3.8583,4.4194,4.8673,5.1289,5.1662,4.9855,4.6356,4.1917,3.7411,3.3589,3.0742,2.852,2.6182,2.3121,1.9273,1.5155,1.1564,0.91647,0.82897,0.8922,1.083,1.3639,1.689,2.0096,2.2884,2.5099,2.6867,2.8381,2.9764,3.0969,3.193,3.2634,3.3181,3.3661,3.4028,3.4089,3.3604,3.2495,3.0964,2.936,2.798,2.6869,2.5833,2.4539,2.2632,1.9803,1.5986,1.1527,0.73117,0.45706,0.42737,0.65492,1.07,1.577,2.091,2.5436,2.8821,3.0754,3.1181,3.0324,2.8651,2.6738,2.5124,2.4194,2.4114,2.4825,2.6125,2.7657,2.9116,3.0269,3.0971
2.3847,3.2234,3.3974,3.1388,2.8043,2.6293,2.7067,3.0258,3.5041,4.0331,4.5217,4.8992,5.1054,5.1026,4.8953,4.5299,4.0826,3.6424,3.2826,3.025,2.8252,2.6037,2.3,1.9127,1.4992,1.1419,0.90116,0.80027,0.83207,0.97843,1.2156,1.513,1.8294,2.1263,2.381,2.5981,2.7942,2.9783,3.1453,3.2802,3.3772,3.4402,3.4776,3.4857,3.4447,3.3345,3.1539,2.9336,2.7238,2.5623,2.458,2.3889,2.3155,2.1955,1.9928,1.6902,1.3055,0.90329,0.58903,0.46745,0.59013,0.92455,1.3881,1.8892,2.3484,2.7045,2.9182,2.9817,2.9155,2.7641,2.5849,2.435,2.3581,2.3733,2.4717,2.622,2.7935,2.9524,3.0759,3.1498
2.3052,3.1206,3.2791,3.0403,2.7736,2.701,2.8804,3.2621,3.7379,4.204,4.5991,4.8832,5.0118,4.9505,4.7012,4.3097,3.8548,3.4295,3.1072,2.9,2.7481,2.5621,2.2822,1.9129,1.5189,1.1799,0.94783,0.83081,0.81821,0.90069,1.0757,1.3326,1.6438,1.9655,2.2645,2.5324,2.7828,3.0231,3.2435,3.4227,3.5464,3.6136,3.6276,3.5826,3.4614,3.2477,2.9549,2.6337,2.3538,2.1715,2.0951,2.0957,2.125,2.1314,2.0679,1.9041,1.636,1.3013,0.98126,0.7802,0.77404,0.98078,1.3518,1.8009,2.2358,2.5804,2.7888,2.8454,2.7721,2.6184,2.4475,2.3204,2.2782,2.3322,2.4649,2.6475,2.8335,2.9974,3.1215,3.196
2.186,2.9721,3.1123,2.8933,2.6954,2.7209,2.9909,3.4205,3.886,4.2903,4.5973,4.7925,4.8443,4.722,4.4273,4.0062,3.5418,3.1341,2.8581,2.7155,2.6309,2.5044,2.2747,1.95,1.5963,1.2888,1.0707,0.94016,0.88522,0.90648,1.0182,1.2326,1.5332,1.8754,2.2129,2.5257,2.8207,3.1042,3.3628,3.5713,3.7081,3.7685,3.7507,3.6461,3.4369,3.1125,2.6954,2.259,1.9055,1.7095,1.6864,1.7914,1.9543,2.1065,2.1932,2.1734,2.0329,1.7949,1.5227,1.3054,1.2313,1.3396,1.6067,1.9623,2.3203,2.605,2.7652,2.7853,2.6865,2.5171,2.3413,2.2225,2.2038,2.293,2.4644,2.6719,2.8792,3.0543,3.1798,3.2487
