0.73566,0.44174,0.428,0.66759,0.83035,0.62992,0.12321,-0.40943,-0.70602,-0.67114,-0.40006,-0.091565,0.089408,0.10376,0.019804,-0.060907,-0.071641,-0.0049495,0.10515,0.21213,0.27402,0.26317,0.17746,0.046862,-0.075915,-0.14041,-0.11969,-0.024214,0.10947,0.23425,0.30582,0.29216,0.17262,-0.050847,-0.35323,-0.68712,-0.99341,-1.206,-1.2639,-1.1508,-0.9246,-0.69459,-0.55518,-0.54101,-0.62976,-0.75976,-0.84947,-0.83086,-0.68019,-0.42542,-0.12279,0.18126,0.46173,0.70711,0.90308,1.0291,1.0627,0.99038,0.81958,0.5798,0.3173,0.065768,-0.15942,-0.36209,-0.55493,-0.74637,-0.93036,-1.0777,-1.1497,-1.1022,-0.91067,-0.59044,-0.19555,0.2048,0.55292,0.81607,0.98708,1.0761,1.1044,1.0984
0.64344,0.37051,0.36416,0.58774,0.73757,0.55322,0.09135,-0.38852,-0.64749,-0.60008,-0.33836,-0.054949,0.094215,0.078131,-0.02484,-0.10822,-0.10833,-0.023841,0.10587,0.232,0.31202,0.31555,0.23517,0.097638,-0.044623,-0.13458,-0.13742,-0.054635,0.083363,0.23189,0.34485,0.38205,0.31399,0.13414,-0.13484,-0.44575,-0.73757,-0.94642,-1.0175,-0.93441,-0.74503,-0.54317,-0.41445,-0.39233,-0.45464,-0.54378,-0.58743,-0.53179,-0.36603,-0.12132,0.15319,0.41948,0.65729,0.85436,0.99762,1.0685,1.048,0.92863,0.72599,0.47875,0.2293,0.010627,-0.17145,-0.33081,-0.48534,-0.6431,-0.79413,-0.91786,-0.97047,-0.90997,-0.71369,-0.39597,-0.0078534,0.38371,0.72137,0.97235,1.1263,1.1956,1.2012,1.1686
0.52335,0.29311,0.30747,0.51429,0.6462,0.48356,0.079312,-0.33462,-0.5506,-0.49049,-0.24028,0.01958,0.13989,0.096109,-0.024985,-0.11414,-0.11013,-0.01634,0.12594,0.26804,0.36675,0.38776,0.31609,0.17052,0.0032358,-0.12401,-0.16653,-0.11294,0.015385,0.17774,0.32618,0.41288,0.40085,0.27579,0.055776,-0.21135,-0.46671,-0.64931,-0.71626,-0.65468,-0.50406,-0.34062,-0.23097,-0.20023,-0.22758,-0.26257,-0.25148,-0.15974,0.010714,0.2309,0.4631,0.67772,0.85706,0.99064,1.0624,1.0594,0.97325,0.809,0.59067,0.35533,0.14399,-0.026678,-0.15891,-0.26788,-0.3708,-0.47815,-0.58807,-0.67764,-0.71385,-0.65438,-0.46992,-0.16715,0.20638,0.58292,0.90315,1.1341,1.2657,1.3095,1.2879,1.2263
0.43556,0.24679,0.28319,0.47989,0.59796,0.4492,0.086803,-0.28266,-0.47073,-0.40529,-0.16194,0.087997,0.19917,0.14736,0.020082,-0.074545,-0.075851,0.01268,0.15219,0.29725,0.40489,0.43686,0.3721,0.2233,0.040327,-0.11424,-0.1895,-0.16552,-0.055512,0.10275,0.26177,0.37087,0.38819,0.29643,0.11306,-0.11656,-0.33325,-0.48342,-0.52961,-0.46906,-0.33904,-0.20367,-0.11373,-0.082982,-0.089558,-0.087792,-0.038496,0.076132,0.2467,0.44305,0.63734,0.80968,0.9467,1.0362,1.0645,1.019,0.89582,0.70712,0.48355,0.26539,0.085363,-0.044811,-0.13578,-0.20889,-0.28329,-0.36757,-0.4545,-0.52924,-0.5543,-0.49013,-0.31087,-0.023337,0.32932,0.68497,0.98753,1.2025,1.3212,1.3536,1.3196,1.243
0.32201,0.19814,0.26949,0.45438,0.55171,0.41945,0.10684,-0.20907,-0.36643,-0.29698,-0.061078,0.18457,0.29792,0.25138,0.12555,0.024084,0.0059729,0.072662,0.19304,0.32844,0.43843,0.48094,0.4266,0.27998,0.084281,-0.099189,-0.21626,-0.23945,-0.17139,-0.040613,0.10883,0.22687,0.26821,0.21307,0.077365,-0.096471,-0.25262,-0.34831,-0.35709,-0.2884,-0.17735,-0.072281,-0.0052585,0.021743,0.035182,0.070057,0.15464,0.29207,0.46078,0.63341,0.78632,0.90832,0.99329,1.0317,1.0112,0.92251,0.76653,0.56279,0.34791,0.16176,0.025003,-0.063772,-0.12119,-0.16574,-0.21108,-0.26451,-0.32669,-0.37908,-0.3953,-0.33705,-0.17411,0.092289,0.42184,0.75313,1.0313,1.2256,1.3265,1.3457,1.3026,1.2179
0.21289,0.16079,0.26894,0.44212,0.51762,0.39687,0.12885,-0.13976,-0.27194,-0.2012,0.029254,0.2774,0.40341,0.37435,0.25834,0.1499,0.10781,0.14129,0.22936,0.34203,0.44339,0.49044,0.44772,0.31117,0.115,-0.08546,-0.23919,-0.31353,-0.30271,-0.2227,-0.10911,-0.0086652,0.038677,0.011704,-0.077246,-0.18996,-0.28185,-0.31749,-0.28675,-0.20312,-0.10305,-0.022426,0.021863,0.041184,0.066208,0.12775,0.23983,0.3927,0.55896,0.71071,0.83278,0.91994,0.96863,0.97192,0.91595,0.79423,0.61519,0.40644,0.20749,0.051401,-0.050462,-0.10867,-0.14197,-0.16722,-0.19581,-0.23334,-0.27829,-0.31782,-0.32626,-0.26935,-0.11988,0.1228,0.42476,0.73071,0.98822,1.1656,1.2563,1.2686,1.2214,1.1361
0.13456,0.138,0.27215,0.4355,0.49319,0.37857,0.14067,-0.095748,-0.21085,-0.13883,0.088629,0.34017,0.4788,0.46534,0.35792,0.24479,0.18276,0.18667,0.24436,0.33308,0.42125,0.46734,0.43389,0.31067,0.12365,-0.080016,-0.25376,-0.3639,-0.39917,-0.36825,-0.29864,-0.22953,-0.19509,-0.21195,-0.26917,-0.3344,-0.37357,-0.36212,-0.29815,-0.2006,-0.1051,-0.041846,-0.017104,-0.0080863,0.020724,0.098481,0.23168,0.39936,0.56758,0.70799,0.80812,0.87047,0.89807,0.88437,0.81668,0.68696,0.50312,0.29531,0.10586,-0.034442,-0.1186,-0.16398,-0.1907,-0.21194,-0.2346,-0.26274,-0.29714,-0.32695,-0.32999,-0.27359,-0.13102,0.098083,0.38045,0.66387,0.90116,1.066,1.1504,1.1654,1.1269,1.0504
0.035343,0.11199,0.27675,0.42357,0.45528,0.34562,0.14467,-0.051925,-0.14536,-0.071252,0.15068,0.40563,0.55986,0.56515,0.46888,0.34922,0.26101,0.22419,0.23655,0.28586,0.3492,0.39003,0.37012,0.27199,0.10986,-0.08235,-0.26673,-0.41572,-0.51232,-0.55833,-0.56751,-0.56169,-0.56491,-0.58238,-0.60393,-0.6088,-0.57795,-0.5061,-0.40032,-0.28771,-0.19732,-0.15159,-0.14203,-0.1393,-0.10618,-0.013105,0.13765,0.31902,0.49179,0.62482,0.71089,0.7565,0.76839,0.74377,0.66937,0.53641,0.35355,0.15116,-0.02976,-0.15953,-0.23709,-0.27816,-0.30121,-0.31813,-0.33477,-0.35404,-0.37593,-0.39241,-0.38416,-0.32466,-0.1925,0.012818,0.26444,0.51836,0.73275,0.88256,0.96305,0.98064,0.94996,0.88643
-0.03412,0.094696,0.27708,0.4099,0.42062,0.31272,0.13741,-0.030793,-0.10785,-0.03305,0.18246,0.43516,0.5971,0.61376,0.52367,0.39894,0.29308,0.22778,0.20552,0.22197,0.26302,0.298,0.28952,0.21617,0.082814,-0.087849,-0.26961,-0.44051,-0.58393,-0.69401,-0.77218,-0.82665,-0.86592,-0.8889,-0.88691,-0.85278,-0.77966,-0.67168,-0.5413,-0.41545,-0.32365,-0.28242,-0.28107,-0.28406,-0.24811,-0.14353,0.024691,0.2211,0.4,0.52988,0.60532,0.63934,0.64413,0.6181,0.54771,0.42212,0.24703,0.051265,-0.12454,-0.25199,-0.32904,-0.37341,-0.40171,-0.4216,-0.43558,-0.44656,-0.45694,-0.46187,-0.44527,-0.38255,-0.25462,-0.063356,0.16465,0.39019,0.57906,0.71305,0.78822,0.81226,0.79593,0.74889
-0.11858,0.072546,0.27285,0.38286,0.3645,0.25829,0.11607,-0.014755,-0.069834,0.0041384,0.20367,0.444,0.60709,0.63306,0.54918,0.41851,0.29117,0.19061,0.12527,0.09883,0.10752,0.13211,0.14135,0.10979,0.027055,-0.1013,-0.26564,-0.45335,-0.65186,-0.8456,-1.0227,-1.1709,-1.2705,-1.3077,-1.2793,-1.1962,-1.0765,-0.93413,-0.7862,-0.65145,-0.5562,-0.51318,-0.51177,-0.51123,-0.46146,-0.33772,-0.14786,0.064705,0.24814,0.37301,0.4379,0.4628,0.46608,0.44741,0.39275,0.28518,0.12468,-0.063519,-0.23855,-0.36803,-0.45051,-0.49931,-0.53028,-0.55054,-0.56117,-0.5633,-0.55812,-0.54454,-0.51039,-0.43875,-0.31796,-0.15224,0.036527,0.21827,0.3681,0.473,0.53708,0.56393,0.56062,0.53318
-0.19162,0.050355,0.26016,0.34428,0.29722,0.19318,0.083168,-0.0093969,-0.042932,0.025163,0.1996,0.41484,0.56636,0.59439,0.51541,0.38091,0.23576,0.10551,0.0035817,-0.060806,-0.082842,-0.068478,-0.038643,-0.02292,-0.046739,-0.12433,-0.25975,-0.44869,-0.68114,-0.94188,-1.2104,-1.4555,-1.6318,-1.7004,-1.6557,-1.5302,-1.3693,-1.205,-1.0554,-0.93015,-0.84004,-0.7917,-0.77088,-0.74157,-0.66127,-0.50656,-0.29512,-0.074457,0.10506,0.21573,0.26548,0.2819,0.28733,0.28214,0.24743,0.16157,0.021286,-0.15048,-0.31497,-0.44285,-0.52582,-0.57865,-0.61395,-0.63473,-0.6394,-0.62891,-0.60689,-0.57268,-0.52065,-0.43999,-0.32559,-0.1863,-0.043111,0.081725,0.17564,0.24042,0.27879,0.30051,0.30958,0.30578
-0.23838,0.033327,0.24399,0.3075,0.24054,0.13901,0.052938,-0.0097305,-0.028756,0.031907,0.18126,0.36748,0.50148,0.52632,0.44874,0.31283,0.15911,0.012959,-0.11047,-0.19842,-0.23964,-0.23063,-0.18425,-0.13134,-0.10865,-0.14443,-0.25293,-0.43411,-0.68035,-0.97831,-1.3035,-1.6133,-1.8441,-1.9379,-1.8865,-1.7384,-1.5566,-1.3864,-1.2425,-1.1294,-1.0465,-0.99316,-0.95318,-0.8943,-0.78093,-0.5992,-0.3721,-0.14915,0.020991,0.1153,0.14757,0.15163,0.15474,0.15783,0.14151,0.080528,-0.034566,-0.18692,-0.34025,-0.46093,-0.54154,-0.59077,-0.6214,-0.63832,-0.63975,-0.62364,-0.59125,-0.54241,-0.47495,-0.38668,-0.28093,-0.16943,-0.068758,0.0079916,0.057613,0.082953,0.10183,0.11766,0.12987,0.13432
-0.28925,0.009778,0.21412,0.24877,0.15859,0.062845,0.010583,-0.013911,-0.014256,0.033114,0.14079,0.27712,0.37652,0.38892,0.31091,0.17531,0.016953,-0.14001,-0.28009,-0.38914,-0.44956,-0.44504,-0.37698,-0.27667,-0.19401,-0.17317,-0.23874,-0.39895,-0.64956,-0.97883,-1.3596,-1.7347,-2.0177,-2.1316,-2.0703,-1.9028,-1.7113,-1.5469,-1.4241,-1.3353,-1.2696,-1.2115,-1.1427,-1.0359,-0.87024,-0.64929,-0.40713,-0.19361,-0.050399,0.0098422,0.011166,-0.0048544,-0.0068921,0.007676,0.014573,-0.01528,-0.094905,-0.21144,-0.33319,-0.43073,-0.49333,-0.52954,-0.55021,-0.55914,-0.55396,-0.53138,-0.48929,-0.42939,-0.35304,-0.26396,-0.17167,-0.091913,-0.041311,-0.028673,-0.048926,-0.080762,-0.11085,-0.12429,-0.11816,-0.098566
-0.32784,-0.0166,0.17357,0.18076,0.073424,-0.01392,-0.031077,-0.018805,-0.0027344,0.026801,0.083725,0.16042,0.21571,0.2077,0.13003,-0.00051041,-0.15595,-0.31255,-0.45522,-0.57203,-0.6427,-0.63918,-0.55067,-0.40832,-0.27223,-0.19906,-0.22187,-0.35394,-0.59406,-0.92974,-1.3327,-1.737,-2.042,-2.1581,-2.0844,-1.899,-1.7014,-1.5471,-1.4534,-1.404,-1.3702,-1.3219,-1.2303,-1.0767,-0.86227,-0.60926,-0.36313,-0.17284,-0.070341,-0.057595,-0.10042,-0.14792,-0.16283,-0.14288,-0.11241,-0.10506,-0.14006,-0.2109,-0.29051,-0.35106,-0.38295,-0.39337,-0.39508,-0.39383,-0.38601,-0.3638,-0.32208,-0.25882,-0.17948,-0.095645,-0.023932,0.016948,0.012428,-0.039972,-0.12598,-0.21952,-0.29146,-0.32572,-0.32343,-0.29806
-0.34878,-0.038199,0.13633,0.12504,0.0086124,-0.067899,-0.059128,-0.021533,0.0041892,0.016088,0.030797,0.057652,0.07604,0.053996,-0.021476,-0.14302,-0.28999,-0.44069,-0.57941,-0.69471,-0.76613,-0.76014,-0.65825,-0.48939,-0.32012,-0.21324,-0.20725,-0.31626,-0.53932,-0.86275,-1.2553,-1.651,-1.9482,-2.0562,-1.9724,-1.7783,-1.5766,-1.4292,-1.355,-1.3361,-1.3331,-1.2999,-1.2005,-1.0244,-0.7867,-0.52662,-0.29337,-0.13134,-0.06631,-0.091592,-0.16716,-0.23925,-0.26876,-0.25039,-0.20988,-0.18032,-0.18226,-0.21318,-0.25194,-0.27564,-0.27733,-0.26375,-0.24756,-0.23572,-0.22559,-0.20786,-0.17187,-0.1171,-0.046622,0.025876,0.079967,0.094272,0.054572,-0.038591,-0.16699,-0.29882,-0.40348,-0.46175,-0.4722,-0.44658
-0.36649,-0.06961,0.078073,0.045446,-0.075185,-0.13149,-0.088621,-0.019796,0.012551,-0.0044564,-0.050796,-0.095401,-0.12491,-0.15889,-0.22364,-0.32686,-0.45756,-0.59667,-0.72691,-0.83414,-0.89655,-0.87967,-0.76176,-0.56858,-0.36824,-0.22624,-0.18458,-0.25763,-0.44587,-0.73387,-1.0851,-1.4348,-1.6854,-1.7615,-1.6609,-1.466,-1.2669,-1.1277,-1.0694,-1.0804,-1.1176,-1.12,-1.0396,-0.86472,-0.6243,-0.37205,-0.16478,-0.046376,-0.03535,-0.11516,-0.2392,-0.34946,-0.40519,-0.39886,-0.35453,-0.30295,-0.26412,-0.23907,-0.21503,-0.1811,-0.13198,-0.081223,-0.042041,-0.019861,-0.0096818,0.00042691,0.022063,0.06117,0.11209,0.15953,0.18245,0.1599,0.078507,-0.059805,-0.23383,-0.40663,-0.54371,-0.62071,-0.6365,-0.60737
-0.37215,-0.095192,0.029372,-0.016744,-0.13443,-0.1717,-0.10247,-0.014924,0.018189,-0.023672,-0.1183,-0.21575,-0.27684,-0.31232,-0.36103,-0.44569,-0.56268,-0.69268,-0.81548,-0.91368,-0.96454,-0.93589,-0.80777,-0.6053,-0.39176,-0.23083,-0.16261,-0.20402,-0.35597,-0.60477,-0.91163,-1.2105,-1.4111,-1.4497,-1.3328,-1.1365,-0.94319,-0.81165,-0.76546,-0.79645,-0.86112,-0.89452,-0.84017,-0.68461,-0.46367,-0.23414,-0.057796,0.022304,-0.005451,-0.12491,-0.28486,-0.42571,-0.50585,-0.51965,-0.47959,-0.41551,-0.34885,-0.28569,-0.21888,-0.13828,-0.051817,0.031517,0.095744,0.13159,0.14245,0.14252,0.14881,0.16881,0.19919,0.22358,0.21963,0.16731,0.056437,-0.10767,-0.3024,-0.49286,-0.64177,-0.72763,-0.74825,-0.71775
-0.36963,-0.13029,-0.040121,-0.10199,-0.20731,-0.21393,-0.11253,-0.0055369,0.023278,-0.055204,-0.21414,-0.37654,-0.46927,-0.49288,-0.50788,-0.56145,-0.65962,-0.77978,-0.89351,-0.97885,-1.014,-0.97043,-0.83153,-0.62178,-0.39826,-0.21796,-0.11747,-0.11611,-0.21458,-0.39853,-0.63091,-0.84646,-0.97143,-0.95638,-0.82008,-0.62596,-0.44699,-0.33022,-0.30037,-0.35065,-0.44445,-0.51596,-0.5073,-0.40054,-0.22809,-0.052863,0.067603,0.094677,0.018649,-0.13537,-0.32395,-0.49693,-0.61811,-0.67249,-0.66854,-0.61692,-0.52906,-0.41264,-0.27439,-0.12561,0.021955,0.14709,0.23592,0.28386,0.29703,0.28991,0.27725,0.2718,0.26914,0.25468,0.20918,0.1166,-0.029077,-0.21933,-0.43026,-0.62734,-0.77877,-0.86246,-0.87715,-0.83825
-0.35566,-0.16496,-0.11409,-0.18844,-0.27378,-0.24447,-0.11313,0.0072753,0.025095,-0.0922,-0.31139,-0.52981,-0.63835,-0.63331,-0.60184,-0.61828,-0.69677,-0.80898,-0.91789,-0.99581,-1.019,-0.96192,-0.81403,-0.59961,-0.37096,-0.17751,-0.052755,-0.012688,-0.056946,-0.16748,-0.30948,-0.43044,-0.47652,-0.41966,-0.27898,-0.10221,0.05569,0.1553,0.17201,0.10507,-0.013257,-0.12176,-0.15828,-0.10455,0.0058458,0.1158,0.17082,0.14101,0.026972,-0.15184,-0.35659,-0.5512,-0.71036,-0.82166,-0.86818,-0.84681,-0.75681,-0.60552,-0.40954,-0.1919,0.014879,0.18995,0.3158,0.38548,0.40483,0.39028,0.36155,0.32851,0.29097,0.23582,0.14588,0.0095735,-0.17219,-0.38384,-0.59814,-0.78744,-0.91826,-0.98018,-0.9785,-0.93051
-0.3378,-0.18901,-0.17035,-0.25348,-0.3193,-0.26023,-0.10749,0.019802,0.027231,-0.11877,-0.37934,-0.63265,-0.74469,-0.70937,-0.636,-0.62014,-0.68097,-0.78789,-0.89795,-0.97614,-0.99409,-0.92808,-0.7734,-0.55824,-0.32984,-0.13219,0.0059739,0.074007,0.072723,0.019494,-0.052812,-0.10505,-0.098702,-0.020911,0.11441,0.26746,0.40206,0.48402,0.49226,0.41897,0.28865,0.15866,0.088552,0.098064,0.15819,0.21342,0.21844,0.15247,0.018665,-0.16004,-0.36068,-0.56488,-0.75741,-0.91905,-1.026,-1.0481,-0.96764,-0.78954,-0.54348,-0.27351,-0.01847,0.18993,0.33629,0.41864,0.44602,0.43444,0.39978,0.35295,0.29141,0.20431,0.079339,-0.089194,-0.29503,-0.51908,-0.73355,-0.90675,-1.0225,-1.0708,-1.0569,-0.99555
-0.30424,-0.21535,-0.24321,-0.33726,-0.37433,-0.27396,-0.093307,0.040366,0.034148,-0.14581,-0.45355,-0.7446,-0.85437,-0.77179,-0.63639,-0.56973,-0.60117,-0.7008,-0.81824,-0.9055,-0.92431,-0.85132,-0.69024,-0.4756,-0.252,-0.053763,0.10049,0.20373,0.25832,0.27734,0.28466,0.30812,0.36788,0.46695,0.58904,0.71015,0.80665,0.85829,0.8468,0.76388,0.62487,0.4754,0.36722,0.3222,0.31705,0.30525,0.25005,0.14067,-0.010083,-0.1793,-0.35881,-0.55555,-0.77548,-1.0008,-1.1936,-1.292,-1.2472,-1.054,-0.75705,-0.42471,-0.1137,0.13968,0.32035,0.42781,0.47197,0.46896,0.43499,0.37674,0.29232,0.17095,0.002353,-0.21339,-0.45994,-0.70653,-0.91793,-1.0711,-1.149,-1.1578,-1.1135,-1.0358
-0.27202,-0.22942,-0.29314,-0.39609,-0.41169,-0.2811,-0.081168,0.057726,0.044051,-0.15391,-0.48792,-0.80122,-0.90747,-0.79081,-0.60893,-0.50009,-0.5047,-0.5951,-0.71692,-0.81357,-0.83847,-0.76651,-0.60624,-0.39555,-0.17827,0.017559,0.1794,0.30384,0.39415,0.46106,0.5205,0.59046,0.67931,0.78454,0.89047,0.98494,1.0516,1.0787,1.0486,0.95509,0.81123,0.65544,0.5322,0.45721,0.40838,0.34921,0.25176,0.11489,-0.038953,-0.19467,-0.35351,-0.53776,-0.76616,-1.031,-1.2765,-1.4281,-1.4161,-1.2237,-0.90174,-0.53389,-0.19193,0.086067,0.28655,0.41167,0.47234,0.48324,0.45778,0.39938,0.30487,0.16393,-0.03127,-0.2763,-0.54858,-0.8107,-1.0234,-1.1593,-1.2171,-1.2079,-1.1501,-1.0619
-0.21947,-0.2381,-0.35013,-0.46654,-0.4577,-0.28997,-0.064805,0.083305,0.068213,-0.1394,-0.4918,-0.82348,-0.92829,-0.77904,-0.54479,-0.38115,-0.34387,-0.4116,-0.52949,-0.63439,-0.67128,-0.61118,-0.46426,-0.26943,-0.066812,0.1201,0.28385,0.42719,0.55462,0.6746,0.79408,0.91418,1.0302,1.13,1.2065,1.2565,1.2815,1.2756,1.2286,1.1291,0.98535,0.82767,0.69204,0.58687,0.49052,0.37253,0.22122,0.05545,-0.094902,-0.21318,-0.32598,-0.48207,-0.7137,-1.0085,-1.3102,-1.518,-1.5406,-1.3531,-1.0162,-0.62801,-0.26962,0.020427,0.23412,0.37809,0.46332,0.50018,0.49476,0.44929,0.35495,0.20079,-0.019613,-0.29801,-0.60456,-0.8913,-1.1096,-1.2362,-1.2683,-1.2295,-1.1484,-1.0482
-0.15661,-0.23241,-0.39234,-0.52657,-0.49931,-0.30046,-0.052014,0.11083,0.10817,-0.087943,-0.43394,-0.77028,-0.88345,-0.7259,-0.45875,-0.24824,-0.16317,-0.19407,-0.29228,-0.39502,-0.44442,-0.40745,-0.28953,-0.12547,0.049725,0.21719,0.37501,0.52797,0.6824,0.84063,1.0003,1.1514,1.2796,1.3697,1.4184,1.4287,1.4124,1.3724,1.3068,1.2066,1.0743,0.92822,0.78858,0.66007,0.5263,0.36696,0.18225,-0.0013565,-0.1462,-0.23914,-0.31473,-0.43318,-0.63733,-0.92182,-1.2249,-1.4447,-1.4823,-1.3085,-0.98565,-0.61765,-0.27812,-0.0022523,0.20608,0.35565,0.45686,0.51676,0.53813,0.51292,0.43114,0.27999,0.053401,-0.23805,-0.56073,-0.8623,-1.0904,-1.2139,-1.2414,-1.1992,-1.1167,-1.0159
-0.10374,-0.21944,-0.41358,-0.56312,-0.52854,-0.31143,-0.045156,0.13385,0.15036,-0.022446,-0.34697,-0.67756,-0.80375,-0.65843,-0.38295,-0.14462,-0.022211,-0.016798,-0.088446,-0.18063,-0.23741,-0.22299,-0.1369,-0.0066657,0.1376,0.28153,0.42672,0.57967,0.7459,0.92237,1.0989,1.2617,1.3915,1.475,1.5064,1.4954,1.4528,1.3898,1.3065,1.2036,1.0831,0.95645,0.82951,0.69671,0.54487,0.35997,0.15377,-0.040261,-0.18273,-0.26132,-0.31662,-0.41074,-0.58584,-0.83816,-1.1048,-1.2881,-1.3012,-1.1275,-0.8319,-0.50427,-0.21229,0.021594,0.20236,0.34274,0.45154,0.53012,0.56999,0.56748,0.50478,0.36702,0.14679,-0.14585,-0.47573,-0.78627,-1.0202,-1.1506,-1.178,-1.1346,-1.0536,-0.95848
-0.02634,-0.19013,-0.42761,-0.60083,-0.56635,-0.33069,-0.040707,0.16745,0.22334,0.10184,-0.173,-0.48272,-0.63272,-0.52703,-0.26509,-0.0040395,0.16659,0.22891,0.20653,0.14167,0.080633,0.059093,0.088505,0.15636,0.24567,0.34766,0.46472,0.60553,0.77292,0.95913,1.1489,1.3199,1.4488,1.5195,1.5291,1.4908,1.4221,1.3385,1.247,1.1498,1.0508,0.94956,0.84584,0.72511,0.56655,0.36493,0.13313,-0.085332,-0.2402,-0.31607,-0.34839,-0.40128,-0.51795,-0.6909,-0.86697,-0.96344,-0.92021,-0.74265,-0.49492,-0.249,-0.044571,0.1157,0.24587,0.35924,0.46057,0.54609,0.60763,0.62632,0.5874,0.47509,0.28097,0.013085,-0.2974,-0.5992,-0.83842,-0.97988,-1.0284,-1.0084,-0.94793,-0.8685
0.056912,-0.14897,-0.42773,-0.62897,-0.60391,-0.35774,-0.043058,0.20271,0.31374,0.26383,0.060914,-0.21193,-0.38665,-0.34181,-0.12272,0.14007,0.35062,0.47269,0.50995,0.48513,0.42781,0.36727,0.32585,0.31472,0.33516,0.3858,0.4671,0.58264,0.73268,0.91051,1.0984,1.2685,1.3943,1.4547,1.4502,1.3927,1.3073,1.2124,1.1253,1.05,0.98595,0.92448,0.8496,0.74329,0.58731,0.37812,0.13321,-0.10568,-0.28528,-0.38191,-0.41595,-0.43712,-0.48152,-0.54606,-0.58582,-0.5525,-0.42491,-0.23191,-0.033634,0.11969,0.21535,0.27105,0.31665,0.37464,0.45081,0.53554,0.60985,0.65464,0.64857,0.57361,0.41889,0.18815,-0.093018,-0.37803,-0.61439,-0.76792,-0.83555,-0.83631,-0.79701,-0.73879
0.12141,-0.11254,-0.42074,-0.6461,-0.63414,-0.38447,-0.04999,0.23006,0.39214,0.4066,0.26872,0.033518,-0.15707,-0.16747,0.0023431,0.25111,0.48272,0.64764,0.73248,0.74288,0.69371,0.60637,0.50863,0.42949,0.38887,0.3926,0.44066,0.53073,0.66039,0.8218,0.99552,1.1556,1.2744,1.3325,1.327,1.2706,1.1841,1.0893,1.0042,0.94367,0.90857,0.88774,0.85059,0.76702,0.61987,0.4053,0.14803,-0.10728,-0.31163,-0.42915,-0.47309,-0.47832,-0.46889,-0.43938,-0.36495,-0.22201,-0.023022,0.18417,0.34366,0.42397,0.43103,0.40159,0.37644,0.38306,0.42816,0.50065,0.58011,0.64024,0.65913,0.61616,0.498,0.30569,0.060659,-0.19676,-0.42051,-0.5789,-0.66199,-0.68652,-0.67319,-0.63816
0.20876,-0.06009,-0.4063,-0.66707,-0.67925,-0.42829,-0.065924,0.2671,0.50545,0.61619,0.57502,0.40132,0.19752,0.10764,0.19381,0.40376,0.64952,0.86383,1.0092,1.0676,1.0332,0.91578,0.74768,0.57731,0.44714,0.3767,0.36846,0.41486,0.50789,0.63573,0.77859,0.91605,1.022,1.08,1.0822,1.0401,0.96776,0.88848,0.8218,0.79067,0.80067,0.83192,0.84478,0.79959,0.67411,0.46878,0.20353,-0.080694,-0.32883,-0.49724,-0.56343,-0.53675,-0.43668,-0.27317,-0.046931,0.22512,0.5023,0.72444,0.83878,0.8278,0.71752,0.56361,0.42739,0.35122,0.3465,0.39838,0.47933,0.56151,0.618,0.62595,0.56797,0.43803,0.24825,0.030059,-0.1754,-0.33468,-0.43602,-0.48428,-0.49485,-0.48222
0.2737,-0.020248,-0.39467,-0.68411,-0.71657,-0.46632,-0.081037,0.29554,0.59594,0.78162,0.81714,0.69413,0.4871,0.33969,0.35401,0.52192,0.76653,1.0094,1.1952,1.2878,1.2656,1.1298,0.91427,0.67867,0.47991,0.34926,0.29109,0.29689,0.35382,0.4479,0.56309,0.67998,0.77691,0.83498,0.84647,0.81759,0.76399,0.70686,0.67022,0.67529,0.7252,0.7962,0.84241,0.82339,0.71778,0.52329,0.25955,-0.036993,-0.3144,-0.51544,-0.59976,-0.55596,-0.39486,-0.13533,0.19402,0.5512,0.87468,1.0976,1.1731,1.0943,0.89855,0.65388,0.43281,0.28742,0.23593,0.266,0.34931,0.45112,0.54087,0.59097,0.5804,0.50015,0.35825,0.17983,-0.00085656,-0.15453,-0.26338,-0.32881,-0.35929,-0.36497
0.35808,0.029972,-0.38318,-0.71128,-0.77079,-0.51923,-0.10018,0.33752,0.72072,1.0061,1.1424,1.091,0.88957,0.67485,0.59114,0.68666,0.91094,1.1774,1.4072,1.5403,1.5357,1.3816,1.11,0.79196,0.50348,0.29226,0.16707,0.11451,0.1161,0.15577,0.2235,0.30538,0.38488,0.44368,0.47374,0.47494,0.45998,0.44471,0.4529,0.50567,0.60849,0.734,0.8317,0.85579,0.78269,0.61147,0.35939,0.057985,-0.24432,-0.48087,-0.58627,-0.5189,-0.28023,0.089374,0.52907,0.96497,1.3205,1.5284,1.5483,1.3818,1.0746,0.70577,0.36391,0.11924,0.00268,0.0051517,0.093636,0.22892,0.37182,0.48843,0.55146,0.54494,0.4694,0.34286,0.19474,0.054174,-0.060088,-0.13996,-0.18797,-0.21065
0.43851,0.073416,-0.38071,-0.74718,-0.82875,-0.56825,-0.1106,0.38788,0.84951,1.2271,1.4574,1.4762,1.2916,1.0269,0.85096,0.86184,1.0437,1.3124,1.5712,1.7371,1.7499,1.5846,1.2676,0.8764,0.50496,0.21768,0.029078,-0.081001,-0.13863,-0.16024,-0.15047,-0.11218,-0.055222,0.0067818,0.06094,0.1027,0.13364,0.16545,0.21752,0.31623,0.46995,0.64995,0.80145,0.87433,0.84356,0.70834,0.48117,0.19012,-0.11586,-0.3646,-0.46958,-0.37321,-0.076689,0.36486,0.86626,1.3371,1.6941,1.8705,1.8299,1.5756,1.1615,0.67158,0.20638,-0.14564,-0.33441,-0.35886,-0.25566,-0.074429,0.13423,0.32568,0.46596,0.53522,0.52978,0.46143,0.35295,0.2314,0.12057,0.032338,-0.028089,-0.062422
0.49584,0.099913,-0.38837,-0.78101,-0.87252,-0.59772,-0.10735,0.43396,0.94823,1.3869,1.6801,1.7485,1.5821,1.2917,1.0552,0.99963,1.1376,1.3942,1.6637,1.8475,1.8714,1.7004,1.3561,0.91866,0.49339,0.15542,-0.076984,-0.22825,-0.32982,-0.39713,-0.43049,-0.42531,-0.38514,-0.32219,-0.25208,-0.18395,-0.12154,-0.05632,0.029851,0.16351,0.353,0.56916,0.75625,0.86524,0.87134,0.77191,0.57822,0.31436,0.025389,-0.21136,-0.30693,-0.19646,0.12186,0.58831,1.1059,1.5811,1.9266,2.0739,1.9856,1.6681,1.1709,0.58411,0.021147,-0.41119,-0.6482,-0.68517,-0.5644,-0.34287,-0.080674,0.17214,0.37595,0.50469,0.54949,0.51949,0.43782,0.33245,0.22799,0.14281,0.083114,0.047049
0.56756,0.12516,-0.41204,-0.83566,-0.92635,-0.61804,-0.080153,0.51216,1.0842,1.5902,1.9537,2.0817,1.9433,1.6334,1.3313,1.1903,1.2602,1.4848,1.7527,1.9489,1.9823,1.8052,1.4328,0.94754,0.46398,0.068386,-0.21623,-0.41647,-0.56722,-0.68489,-0.76483,-0.79787,-0.78178,-0.72575,-0.64376,-0.55067,-0.4536,-0.35256,-0.22959,-0.062704,0.16052,0.41595,0.65154,0.81744,0.8853,0.84674,0.70995,0.49575,0.24842,0.042971,-0.027426,0.10459,0.43792,0.90497,1.4123,1.8602,2.1638,2.2578,2.1056,1.7084,1.1162,0.41832,-0.26513,-0.80723,-1.1159,-1.1699,-1.0164,-0.73233,-0.39232,-0.057658,0.22668,0.43178,0.54531,0.57168,0.5298,0.44885,0.35534,0.27164,0.2107,0.17553
0.63422,0.13787,-0.45144,-0.89792,-0.96697,-0.60817,-0.02043,0.61216,1.2253,1.7795,2.1967,2.373,2.2633,1.9476,1.5995,1.3861,1.3858,1.5643,1.8131,2.0064,2.0402,1.8569,1.466,0.94815,0.42208,-0.018151,-0.3453,-0.58264,-0.76722,-0.9165,-1.0245,-1.0826,-1.0857,-1.0411,-0.9597,-0.85827,-0.74735,-0.63048,-0.49759,-0.32357,-0.087968,0.19697,0.48533,0.72068,0.86223,0.89836,0.82907,0.67672,0.48912,0.3341,0.29817,0.43865,0.75447,1.189,1.654,2.0588,2.319,2.3658,2.1582,1.6953,1.0201,0.22211,-0.56887,-1.2051,-1.5715,-1.6362,-1.4516,-1.1099,-0.69786,-0.28491,0.076709,0.35188,0.5243,0.59708,0.58998,0.53226,0.45496,0.38309,0.33032,0.30015
0.68131,0.14049,-0.4889,-0.94686,-0.9844,-0.57748,0.047098,0.7018,1.334,1.9119,2.3569,2.5609,2.4706,2.1574,1.7888,1.5338,1.4851,1.6236,1.8471,2.0276,2.0554,1.8663,1.4647,0.93026,0.3822,-0.08131,-0.42894,-0.68387,-0.88291,-1.0429,-1.1603,-1.2255,-1.2363,-1.1997,-1.1285,-1.0345,-0.92973,-0.81875,-0.69305,-0.52635,-0.29313,0.0053551,0.32436,0.60549,0.80521,0.89996,0.89119,0.79805,0.66147,0.54873,0.53491,0.67382,0.968,1.3667,1.7934,2.1594,2.3818,2.3925,2.1504,1.6515,0.9361,0.091677,-0.75243,-1.4412,-1.8438,-1.9169,-1.7168,-1.3435,-0.89201,-0.43587,-0.028676,0.29246,0.50744,0.6151,0.6326,0.59076,0.52232,0.45562,0.40813,0.38549
0.74225,0.13851,-0.54621,-1.0086,-0.98502,-0.50327,0.16397,0.83665,1.4793,2.0723,2.539,2.7673,2.6986,2.3959,2.0165,1.7262,1.6241,1.7067,1.8855,2.0374,2.0494,1.8508,1.4396,0.8918,0.3258,-0.15795,-0.5232,-0.79141,-0.99536,-1.1512,-1.2585,-1.3135,-1.3238,-1.3006,-1.2533,-1.1869,-1.1082,-1.024,-0.92993,-0.80097,-0.59675,-0.30055,0.05473,0.40377,0.68642,0.86874,0.94407,0.92788,0.85821,0.796,0.80638,0.93566,1.1886,1.5304,1.8933,2.203,2.3828,2.3644,2.1017,1.584,0.85085,-0.017365,-0.89006,-1.6061,-2.029,-2.1151,-1.9207,-1.5423,-1.0716,-0.58076,-0.12799,0.24178,0.50116,0.64459,0.68811,0.66304,0.60672,0.54981,0.51097,0.49639
0.78741,0.13534,-0.59021,-1.0475,-0.96575,-0.42469,0.26834,0.94456,1.5849,2.178,2.6499,2.8877,2.8312,2.5403,2.165,1.8627,1.7301,1.7719,1.9124,2.0362,2.0314,1.8247,1.4101,0.85914,0.28755,-0.20523,-0.58113,-0.85546,-1.0568,-1.1983,-1.2826,-1.3178,-1.3195,-1.3054,-1.2795,-1.2408,-1.1905,-1.1363,-1.0813,-0.99912,-0.83564,-0.55335,-0.17307,0.22854,0.57389,0.82034,0.95381,0.99008,0.96667,0.93504,0.95475,1.068,1.2849,1.58,1.9005,2.1773,2.3343,2.3027,2.0363,1.5268,0.80771,-0.03774,-0.88326,-1.5781,-1.9978,-2.1016,-1.9343,-1.583,-1.1267,-0.63293,-0.16216,0.23382,0.51975,0.68422,0.74127,0.72467,0.67295,0.62034,0.58689,0.57841
0.84848,0.13249,-0.64298,-1.0823,-0.91204,-0.29433,0.42143,1.0899,1.7147,2.2953,2.7606,3.0002,2.9552,2.6838,2.3269,2.026,1.8669,1.8601,1.9472,2.0275,1.9954,1.7766,1.3607,0.81256,0.24152,-0.25674,-0.64253,-0.92112,-1.1129,-1.2273,-1.2745,-1.2775,-1.266,-1.2611,-1.2608,-1.256,-1.2427,-1.2322,-1.2299,-1.2121,-1.1132,-0.86776,-0.48181,-0.033633,0.3844,0.71077,0.92395,1.0308,1.0602,1.0575,1.0739,1.153,1.3145,1.5469,1.8132,2.0518,2.1911,2.1632,1.9216,1.4552,0.79866,0.030662,-0.73351,-1.3634,-1.7571,-1.8823,-1.7733,-1.485,-1.0762,-0.60477,-0.13344,0.2773,0.58252,0.76387,0.83209,0.82142,0.77182,0.72075,0.69044,0.6881
0.912,0.13628,-0.68063,-1.0896,-0.82703,-0.14456,0.5785,1.2249,1.8228,2.3786,2.8253,3.0559,3.0164,2.7664,2.4383,2.1548,1.9854,1.9412,1.9784,2.0131,1.95,1.718,1.3037,0.76369,0.19905,-0.30051,-0.69155,-0.97186,-1.1511,-1.2384,-1.2532,-1.2289,-1.206,-1.2036,-1.2179,-1.2316,-1.2423,-1.2635,-1.3085,-1.3558,-1.3279,-1.1349,-0.75875,-0.27865,0.19553,0.58683,0.86219,1.0218,1.0877,1.099,1.0999,1.1334,1.2287,1.3947,1.6079,1.8211,1.9663,1.9721,1.7867,1.3965,0.83488,0.17573,-0.47651,-1.0142,-1.3628,-1.5022,-1.4515,-1.2398,-0.89958,-0.47344,-0.022042,0.38658,0.6976,0.88514,0.95641,0.94439,0.89374,0.84222,0.81251,0.81173
0.96186,0.14665,-0.69411,-1.0746,-0.74626,-0.026687,0.69135,1.3132,1.8844,2.4159,2.8424,3.0603,3.0204,2.786,2.4829,2.2195,2.0524,1.9891,1.9936,1.9953,1.9089,1.6675,1.2564,0.7266,0.17056,-0.32805,-0.7243,-1.0089,-1.1826,-1.2534,-1.2475,-1.2079,-1.1781,-1.1761,-1.1942,-1.2121,-1.2282,-1.2588,-1.3248,-1.4078,-1.4256,-1.2721,-0.90966,-0.41834,0.081446,0.50257,0.80501,0.98732,1.0685,1.0781,1.0575,1.0498,1.0932,1.2087,1.3908,1.5965,1.7572,1.799,1.668,1.3492,0.87267,0.30884,-0.2517,-0.72105,-1.0396,-1.1871,-1.171,-1.005,-0.70574,-0.30993,0.1218,0.51851,0.8219,1.0034,1.0692,1.0537,0.99948,0.94694,0.91848,0.92023
1.0313,0.17279,-0.68796,-1.0255,-0.62207,0.12763,0.82476,1.406,1.9343,2.4281,2.8218,3.0153,2.9696,2.7526,2.4837,2.2531,2.0992,2.0216,1.9914,1.9539,1.8396,1.5888,1.1853,0.67311,0.1319,-0.36348,-0.76937,-1.064,-1.2369,-1.294,-1.2688,-1.2177,-1.1851,-1.1866,-1.2034,-1.2167,-1.2224,-1.2434,-1.3032,-1.3924,-1.4384,-1.3257,-1.0049,-0.53637,-0.03496,0.40129,0.72696,0.929,1.0143,1.0081,0.94405,0.86885,0.83423,0.88297,1.0243,1.2295,1.4304,1.5445,1.5067,1.2933,0.92978,0.47719,0.01775,-0.37197,-0.64322,-0.77957,-0.78217,-0.64925,-0.39017,-0.032906,0.36659,0.73836,1.0231,1.1909,1.247,1.2245,1.168,1.1152,1.0874,1.0905
1.0849,0.20213,-0.66339,-0.96785,-0.52136,0.23431,0.90653,1.4517,1.9448,2.4075,2.7736,2.9453,2.8905,2.6826,2.4381,2.2341,2.0946,2.0129,1.9636,1.9028,1.7718,1.5173,1.1229,0.6258,0.096462,-0.39641,-0.8084,-1.1099,-1.2848,-1.3394,-1.3128,-1.2647,-1.2383,-1.242,-1.2524,-1.2481,-1.2297,-1.2244,-1.2626,-1.3395,-1.385,-1.2903,-0.99536,-0.55001,-0.067125,0.36163,0.68312,0.87923,0.95333,0.9224,0.81805,0.68982,0.59883,0.60025,0.72163,0.93739,1.1753,1.3456,1.3767,1.2391,0.95345,0.57679,0.18243,-0.1607,-0.40497,-0.52846,-0.52582,-0.39511,-0.14356,0.19977,0.58023,0.93119,1.1967,1.3492,1.3956,1.3687,1.3135,1.2649,1.2414,1.2467
1.1568,0.25433,-0.60482,-0.86766,-0.38587,0.35712,0.98497,1.4765,1.9201,2.3391,2.6663,2.8062,2.7342,2.5328,2.3166,2.1466,2.0284,1.9463,1.8802,1.798,1.653,1.3997,1.0217,0.54727,0.035018,-0.45385,-0.87052,-1.1792,-1.3588,-1.4198,-1.4081,-1.3797,-1.3722,-1.3807,-1.3777,-1.3396,-1.2758,-1.2205,-1.2085,-1.2394,-1.2523,-1.1478,-0.87158,-0.46683,-0.02882,0.3568,0.64151,0.8063,0.84815,0.77575,0.61702,0.4214,0.25935,0.20592,0.30581,0.54469,0.84477,1.0995,1.2208,1.1702,0.96191,0.65129,0.31306,0.01742,-0.18714,-0.27719,-0.24423,-0.08966,0.1739,0.51416,0.87726,1.2016,1.4384,1.5672,1.5999,1.5722,1.523,1.4857,1.4741,1.4887
1.2274,0.31979,-0.52038,-0.74788,-0.25707,0.45173,1.023,1.4576,1.8501,2.2252,2.5144,2.6214,2.528,2.3264,2.1302,1.9876,1.8884,1.8109,1.7376,1.6454,1.4973,1.2535,0.8963,0.4464,-0.045886,-0.52603,-0.94455,-1.2608,-1.4511,-1.5272,-1.5387,-1.5404,-1.5581,-1.577,-1.5619,-1.4904,-1.3781,-1.2619,-1.1789,-1.1328,-1.0784,-0.94201,-0.68104,-0.32338,0.056546,0.38719,0.62364,0.74236,0.73524,0.6107,0.39337,0.13698,-0.078509,-0.16454,-0.064513,0.20829,0.5662,0.88952,1.0796,1.0885,0.93208,0.6622,0.35379,0.082421,-0.093212,-0.14094,-0.055173,0.15218,0.45338,0.80533,1.1557,1.4541,1.665,1.7777,1.8077,1.789,1.7582,1.7387,1.7386,1.7572
1.2772,0.37482,-0.44335,-0.64933,-0.16917,0.50094,1.0245,1.4142,1.7688,2.1126,2.3749,2.4585,2.3477,2.1405,1.9517,1.8228,1.7355,1.6636,1.5908,1.4983,1.3547,1.1232,0.78505,0.35596,-0.11933,-0.58981,-1.0067,-1.3277,-1.5265,-1.6171,-1.649,-1.6775,-1.7224,-1.7581,-1.7385,-1.6436,-1.491,-1.3248,-1.1818,-1.0715,-0.95859,-0.7869,-0.52211,-0.18781,0.15054,0.43438,0.62066,0.68926,0.63672,0.46849,0.21259,-0.076371,-0.31447,-0.40715,-0.29127,0.016201,0.41615,0.77774,0.99701,1.0287,0.88358,0.62008,0.31883,0.061816,-0.087139,-0.094978,0.040132,0.29353,0.62637,0.99067,1.3362,1.6197,1.8145,1.9176,1.9492,1.9433,1.9305,1.9312,1.949,1.9793
1.3373,0.45216,-0.32763,-0.51366,-0.066683,0.53688,0.99078,1.32,1.626,1.9321,2.1635,2.2199,2.0857,1.8629,1.6712,1.5505,1.4752,1.4139,1.3492,1.2655,1.136,0.92738,0.61933,0.22131,-0.22901,-0.68448,-1.0964,-1.42,-1.6301,-1.7436,-1.8113,-1.8822,-1.9677,-2.0264,-2.0044,-1.8794,-1.6775,-1.448,-1.2297,-1.0341,-0.83794,-0.60394,-0.31712,-0.0054467,0.28185,0.49591,0.60736,0.60424,0.48533,0.26177,-0.034675,-0.34571,-0.58368,-0.65169,-0.49562,-0.14507,0.29116,0.67844,0.91242,0.94611,0.79657,0.52307,0.21326,-0.038497,-0.15586,-0.10322,0.10536,0.42988,0.81004,1.1902,1.5265,1.7901,1.9701,2.0741,2.1242,2.1484,2.1714,2.199,2.2299,2.2611
1.3868,0.52922,-0.20521,-0.38019,0.015509,0.53924,0.91896,1.1888,1.4503,1.7244,1.9334,1.9706,1.8144,1.5687,1.361,1.2359,1.1675,1.1189,1.0689,1.0023,0.89495,0.71514,0.44057,0.075053,-0.34935,-0.78753,-1.1906,-1.5147,-1.739,-1.8802,-1.9865,-2.0994,-2.2164,-2.2924,-2.2711,-2.1313,-1.8979,-1.6162,-1.3254,-1.0429,-0.76393,-0.47327,-0.16911,0.12638,0.37292,0.53398,0.58435,0.51374,0.32878,0.048591,-0.28382,-0.59853,-0.80448,-0.8178,-0.60066,-0.20452,0.25281,0.63932,0.85701,0.86548,0.68432,0.38048,0.053574,-0.18842,-0.26298,-0.14322,0.14103,0.52298,0.936,1.3263,1.6571,1.9094,2.0825,2.1929,2.2673,2.3289,2.3918,2.4535,2.5043,2.5369
1.4152,0.58296,-0.1143,-0.28545,0.06292,0.52042,0.84264,1.0697,1.301,1.5563,1.7549,1.7833,1.6138,1.3487,1.122,0.9867,0.92028,0.88203,0.84645,0.79714,0.71075,0.55499,0.30509,-0.03711,-0.44292,-0.86774,-1.264,-1.5899,-1.8261,-1.9868,-2.1181,-2.2558,-2.3934,-2.482,-2.4642,-2.3177,-2.0676,-1.7561,-1.4224,-1.0874,-0.75495,-0.4247,-0.10101,0.19268,0.41826,0.54428,0.54916,0.42879,0.19601,-0.11688,-0.45904,-0.75709,-0.92369,-0.88287,-0.62207,-0.20117,0.25941,0.63144,0.823,0.80013,0.58681,0.25643,-0.083063,-0.31466,-0.35206,-0.17651,0.16122,0.58422,1.0166,1.4061,1.7244,1.9641,2.1351,2.2592,2.3605,2.4573,2.5484,2.627,2.6837,2.7143
1.4396,0.64472,-0.00083749,-0.17083,0.10773,0.47203,0.71783,0.89096,1.0871,1.3243,1.5165,1.5415,1.3607,1.0708,0.81448,0.66057,0.59307,0.56887,0.5565,0.53513,0.47938,0.35505,0.13488,-0.18145,-0.56647,-0.97789,-1.3696,-1.7028,-1.9537,-2.1363,-2.2889,-2.4464,-2.604,-2.7086,-2.6976,-2.5494,-2.2864,-1.9505,-1.5788,-1.1924,-0.80603,-0.42438,-0.068912,0.22945,0.43914,0.5274,0.48223,0.30727,0.023269,-0.32493,-0.6716,-0.93378,-1.0297,-0.91165,-0.59119,-0.14984,0.29457,0.62743,0.76979,0.69521,0.43677,0.077311,-0.26342,-0.45969,-0.43061,-0.17932,0.22234,0.67743,1.1131,1.4864,1.7817,2.0049,2.1774,2.3257,2.4695,2.612,2.7451,2.849,2.9105,2.926
1.447,0.6814,0.075401,-0.09553,0.12834,0.42234,0.61156,0.74673,0.92133,1.1496,1.3421,1.3707,1.1864,0.88077,0.60238,0.43325,0.36411,0.35073,0.3576,0.3596,0.32753,0.2249,0.023592,-0.27739,-0.65174,-1.058,-1.4531,-1.7959,-2.0624,-2.2606,-2.4236,-2.5859,-2.7437,-2.8491,-2.8405,-2.6949,-2.4295,-2.0873,-1.7002,-1.2945,-0.88255,-0.48006,-0.10811,0.20089,0.40908,0.48972,0.42708,0.22565,-0.084249,-0.44892,-0.7898,-1.019,-1.0642,-0.89721,-0.54878,-0.10454,0.32113,0.6205,0.72173,0.60774,0.3162,-0.060191,-0.39118,-0.5465,-0.4552,-0.14241,0.29737,0.76753,1.1958,1.5482,1.8203,2.0284,2.2009,2.366,2.5387,2.7147,2.8715,2.9889,3.0531,3.0613
1.4418,0.71547,0.16104,-0.01032,0.14138,0.34339,0.45958,0.54909,0.70075,0.92194,1.1209,1.1605,0.97793,0.6564,0.35388,0.1694,0.10268,0.10732,0.14171,0.17443,0.17037,0.089102,-0.098159,-0.39174,-0.76232,-1.169,-1.5713,-1.9288,-2.2174,-2.436,-2.6106,-2.7691,-2.9087,-2.9932,-2.9755,-2.8342,-2.5844,-2.2583,-1.8832,-1.478,-1.0524,-0.62353,-0.22042,0.11381,0.33547,0.4142,0.33839,0.12048,-0.20149,-0.56118,-0.87295,-1.0525,-1.0423,-0.83186,-0.46999,-0.04419,0.33822,0.58062,0.62265,0.45628,0.13349,-0.2401,-0.52532,-0.598,-0.41319,-0.027271,0.45089,0.91997,1.3213,1.6343,1.8684,2.0534,2.2274,2.4192,2.6335,2.8501,3.0369,3.1646,3.2198,3.2034
1.4207,0.73159,0.2271,0.056022,0.14007,0.25602,0.30289,0.35267,0.48681,0.70645,0.9158,0.97089,0.79466,0.4651,0.14971,-0.037764,-0.091339,-0.061108,0.0026491,0.060354,0.072024,-0.0038208,-0.19354,-0.49358,-0.87089,-1.2854,-1.6972,-2.0711,-2.3796,-2.6146,-2.7924,-2.934,-3.0432,-3.0961,-3.0625,-2.9278,-2.7071,-2.4203,-2.0891,-1.7132,-1.2936,-0.84069,-0.39945,-0.029353,0.2192,0.31451,0.25095,0.046625,-0.25595,-0.58802,-0.86458,-1.0056,-0.96332,-0.74082,-0.39105,-0.0014187,0.32769,0.50898,0.49168,0.28066,-0.061409,-0.41393,-0.63016,-0.59943,-0.31171,0.14382,0.64435,1.1015,1.4663,1.7328,1.9247,2.0845,2.2573,2.4707,2.7192,2.9679,3.1758,3.3107,3.359,3.3226
1.3966,0.73247,0.26405,0.093429,0.13204,0.18665,0.18636,0.20983,0.33378,0.55441,0.77325,0.84005,0.67118,0.34127,0.024065,-0.15609,-0.19028,-0.13529,-0.049701,0.021252,0.035325,-0.047594,-0.24952,-0.56156,-0.94822,-1.3707,-1.7914,-2.1795,-2.503,-2.7472,-2.92,-3.0409,-3.1226,-3.1533,-3.1112,-2.9867,-2.7893,-2.5391,-2.247,-1.906,-1.5019,-1.0416,-0.57563,-0.17405,0.10417,0.22705,0.19024,0.013702,-0.25736,-0.55686,-0.80181,-0.91929,-0.86963,-0.6578,-0.33623,0.012073,0.29299,0.42503,0.36419,0.12279,-0.22168,-0.53809,-0.68146,-0.56338,-0.20445,0.28928,0.79751,1.2372,1.5714,1.8026,1.9635,2.1054,2.2791,2.5101,2.7829,3.0525,3.2711,3.4041,3.4403,3.3857
1.3574,0.72115,0.2965,0.12836,0.11389,0.093317,0.03551,0.027805,0.14209,0.3668,0.59802,0.67919,0.52102,0.19665,-0.11197,-0.26942,-0.26781,-0.17584,-0.063593,0.017749,0.025524,-0.076066,-0.30167,-0.63401,-1.0363,-1.4709,-1.9069,-2.3137,-2.6562,-2.9084,-3.0691,-3.1612,-3.206,-3.2094,-3.1585,-3.0499,-2.8888,-2.6959,-2.4697,-2.1903,-1.8147,-1.3447,-0.83823,-0.3866,-0.062454,0.10495,0.11642,-0.0036572,-0.21388,-0.45548,-0.66324,-0.7722,-0.73928,-0.56287,-0.28967,0.0020253,0.2203,0.28901,0.1735,-0.099273,-0.43582,-0.6938,-0.73536,-0.50477,-0.060793,0.47298,0.98044,1.3923,1.6846,1.8719,1.9983,2.1239,2.3029,2.5548,2.8536,3.144,3.3714,3.5025,3.5275,3.4537
1.3268,0.70597,0.31101,0.14505,0.094869,0.023402,-0.072989,-0.10124,0.0081928,0.23792,0.4776,0.56873,0.41874,0.1025,-0.19164,-0.32474,-0.2936,-0.1755,-0.047181,0.037547,0.036891,-0.081203,-0.32597,-0.67418,-1.0897,-1.5341,-1.9804,-2.3957,-2.7458,-2.9993,-3.1533,-3.2312,-3.2549,-3.2386,-3.1811,-3.0843,-2.9587,-2.8144,-2.6483,-2.4144,-2.0581,-1.5688,-1.0256,-0.53769,-0.17837,0.02111,0.06894,-0.006881,-0.16839,-0.36802,-0.54881,-0.6536,-0.6395,-0.49857,-0.26753,-0.023067,0.14567,0.16645,0.012121,-0.27895,-0.60136,-0.80512,-0.76576,-0.45776,0.035553,0.58587,1.086,1.4751,1.7379,1.8962,2.0006,2.1179,2.3044,2.5751,2.8939,3.1976,3.4289,3.5549,3.5689,3.4819
1.2907,0.68286,0.32042,0.15732,0.063601,-0.069704,-0.21473,-0.26645,-0.15964,0.080735,0.33491,0.4377,0.29844,-0.0033476,-0.27315,-0.36951,-0.2989,-0.14994,-0.0051874,0.080998,0.068335,-0.072576,-0.34523,-0.71961,-1.1519,-1.6041,-2.0513,-2.4631,-2.8062,-3.0542,-3.2042,-3.2747,-3.2894,-3.2645,-3.2113,-3.1337,-3.0456,-2.9524,-2.8422,-2.6556,-2.3181,-1.8202,-1.2485,-0.72323,-0.32535,-0.078251,0.026978,0.015003,-0.084275,-0.2374,-0.39982,-0.51734,-0.54086,-0.45007,-0.27479,-0.086454,0.026867,-0.0046043,-0.20029,-0.50805,-0.80304,-0.9345,-0.80028,-0.41141,0.12597,0.68369,1.1655,1.5236,1.751,1.8775,1.9624,2.0787,2.2825,2.5798,2.9232,3.2412,3.4756,3.596,3.5983,3.496
1.2698,0.66533,0.32587,0.16143,0.02699,-0.16331,-0.35476,-0.42739,-0.31703,-0.058666,0.21451,0.33066,0.20022,-0.088985,-0.3347,-0.39636,-0.28996,-0.11425,0.04404,0.12996,0.10396,-0.060132,-0.35891,-0.75448,-1.1949,-1.642,-2.073,-2.4659,-2.7915,-3.0277,-3.1723,-3.2415,-3.2632,-3.255,-3.2243,-3.1753,-3.1124,-3.0455,-2.9548,-2.7844,-2.4533,-1.95,-1.3669,-0.82816,-0.41178,-0.13788,0.0072122,0.044972,-0.0071334,-0.12872,-0.28742,-0.42895,-0.49279,-0.44696,-0.31306,-0.1641,-0.092863,-0.16821,-0.39915,-0.71474,-0.97909,-1.0403,-0.82572,-0.38185,0.17207,0.7168,1.1722,1.4971,1.6951,1.8013,1.8792,2.0049,2.2324,2.5593,2.9265,3.2566,3.4901,3.5994,3.5859,3.4685
1.2713,0.66187,0.33212,0.16237,-0.0026251,-0.2346,-0.4598,-0.54621,-0.42824,-0.15064,0.14164,0.26909,0.14427,-0.13812,-0.36908,-0.40878,-0.28028,-0.088664,0.076571,0.15979,0.12287,-0.056146,-0.36849,-0.77119,-1.2089,-1.6433,-2.0542,-2.425,-2.7322,-2.9559,-3.0937,-3.1662,-3.1989,-3.2106,-3.2012,-3.17,-3.1178,-3.0524,-2.9591,-2.7805,-2.4437,-1.9388,-1.3622,-0.83379,-0.42281,-0.14502,0.013174,0.069536,0.035836,-0.079056,-0.24196,-0.39778,-0.48325,-0.46167,-0.35161,-0.22891,-0.18412,-0.28153,-0.52409,-0.8372,-1.0733,-1.0932,-0.84193,-0.37862,0.17584,0.70687,1.1388,1.442,1.6206,1.7148,1.7934,1.9335,2.1829,2.5295,2.9082,3.2415,3.471,3.5747,3.5562,3.4343
1.3054,0.6802,0.35016,0.16498,-0.042698,-0.33014,-0.60095,-0.70356,-0.56985,-0.25866,0.06531,0.21118,0.093601,-0.18147,-0.39598,-0.41464,-0.26638,-0.062828,0.10334,0.17838,0.1294,-0.060618,-0.37921,-0.77857,-1.2027,-1.611,-1.9865,-2.3159,-2.5864,-2.7848,-2.9143,-2.9972,-3.0532,-3.0943,-3.112,-3.094,-3.0377,-2.9473,-2.8169,-2.6011,-2.248,-1.763,-1.232,-0.75309,-0.37959,-0.11971,0.039954,0.10746,0.080355,-0.03669,-0.21931,-0.40712,-0.52481,-0.52516,-0.42908,-0.31371,-0.27753,-0.38778,-0.64158,-0.94861,-1.1587,-1.1362,-0.84947,-0.37825,0.15558,0.65085,1.0479,1.3214,1.4853,1.5812,1.6754,1.8399,2.1159,2.484,2.8738,3.2053,3.4265,3.516,3.4809,3.3444
1.3855,0.73515,0.38837,0.17483,-0.079319,-0.42398,-0.74109,-0.85976,-0.70599,-0.35444,0.0069136,0.17501,0.067802,-0.19866,-0.40106,-0.40711,-0.25222,-0.050131,0.10877,0.17492,0.11961,-0.071196,-0.38378,-0.7714,-1.1752,-1.5516,-1.8806,-2.1548,-2.3721,-2.5361,-2.6581,-2.7535,-2.836,-2.9039,-2.9418,-2.9277,-2.8506,-2.7133,-2.5181,-2.2485,-1.8828,-1.4364,-0.97396,-0.56834,-0.25834,-0.044782,0.082532,0.1282,0.084311,-0.053637,-0.25974,-0.46954,-0.60071,-0.6027,-0.49914,-0.37804,-0.34268,-0.4577,-0.71228,-1.0093,-1.1953,-1.1484,-0.85363,-0.39584,0.11006,0.57236,0.93823,1.1926,1.3486,1.4506,1.566,1.7615,2.0663,2.4491,2.8359,3.1532,3.3532,3.4206,3.3673,3.2195
1.4806,0.80613,0.43628,0.19277,-0.1005,-0.49043,-0.84414,-0.97638,-0.80779,-0.4242,-0.032282,0.1554,0.060533,-0.19655,-0.39133,-0.39406,-0.24263,-0.048233,0.10224,0.16212,0.10524,-0.081026,-0.38345,-0.75713,-1.1409,-1.4894,-1.779,-2.0093,-2.1846,-2.3202,-2.4328,-2.5325,-2.6284,-2.7106,-2.7571,-2.7391,-2.6397,-2.4618,-2.2147,-1.9034,-1.5332,-1.1231,-0.72704,-0.39512,-0.14724,0.017077,0.10985,0.13021,0.064286,-0.096114,-0.32308,-0.54643,-0.67875,-0.67044,-0.55056,-0.41535,-0.37132,-0.48217,-0.73351,-1.0238,-1.1993,-1.1441,-0.85245,-0.41341,0.062844,0.49484,0.83974,1.0846,1.25,1.3771,1.523,1.7417,2.0542,2.4298,2.801,3.0983,3.2785,3.3304,3.266,3.1108
1.6569,0.94683,0.53306,0.23766,-0.11447,-0.56701,-0.97475,-1.1305,-0.94728,-0.52393,-0.090868,0.12854,0.05679,-0.18036,-0.36318,-0.36793,-0.22888,-0.049883,0.087375,0.1399,0.084553,-0.090091,-0.37198,-0.71752,-1.0681,-1.3764,-1.6196,-1.7979,-1.9252,-2.0236,-2.1126,-2.2059,-2.306,-2.3977,-2.4469,-2.4149,-2.279,-2.0469,-1.7421,-1.3965,-1.0345,-0.68999,-0.3927,-0.16473,-0.01049,0.082328,0.12273,0.10321,0.0027718,-0.18534,-0.43449,-0.66801,-0.79234,-0.75945,-0.61081,-0.45097,-0.39129,-0.49358,-0.73843,-1.0196,-1.1899,-1.1403,-0.86862,-0.45872,-0.012666,0.39404,0.72225,0.96927,1.1511,1.3077,1.4908,1.7421,2.0689,2.4336,2.7733,3.0297,3.1711,3.1892,3.0994,2.9292
1.8259,1.0885,0.63344,0.29158,-0.10971,-0.61119,-1.063,-1.2438,-1.057,-0.60972,-0.14656,0.0992,0.051314,-0.16443,-0.33555,-0.34134,-0.21363,-0.048701,0.078285,0.12737,0.076146,-0.086447,-0.34941,-0.67207,-0.99763,-1.277,-1.4872,-1.6299,-1.7256,-1.7995,-1.8713,-1.9549,-2.0492,-2.1368,-2.1801,-2.1357,-1.9795,-1.7162,-1.3833,-1.0231,-0.67707,-0.3805,-0.15368,-0.0031481,0.078929,0.11213,0.10435,0.04741,-0.07864,-0.28514,-0.53964,-0.76398,-0.86815,-0.8113,-0.64174,-0.46932,-0.40194,-0.49689,-0.73284,-1.01,-1.176,-1.1313,-0.87715,-0.49515,-0.080287,0.30176,0.62307,0.87674,1.0864,1.2849,1.5086,1.783,2.1064,2.4453,2.7476,2.9668,3.0714,3.0625,2.9568,2.7805
2.0972,1.3241,0.80761,0.39592,-0.074984,-0.64564,-1.162,-1.3879,-1.2114,-0.74454,-0.24771,0.036479,0.028296,-0.15031,-0.29741,-0.30037,-0.18574,-0.037415,0.078119,0.12549,0.084843,-0.056055,-0.29138,-0.58544,-0.88177,-1.1283,-1.2996,-1.4022,-1.4631,-1.5091,-1.562,-1.6302,-1.7125,-1.789,-1.8206,-1.76,-1.579,-1.2851,-0.92235,-0.55253,-0.23724,-0.010196,0.11691,0.15795,0.14069,0.090612,0.022047,-0.073617,-0.21988,-0.43054,-0.67639,-0.88161,-0.95867,-0.87319,-0.67607,-0.47876,-0.39171,-0.47375,-0.70345,-0.97522,-1.1512,-1.1295,-0.90959,-0.5662,-0.18421,0.17924,0.4993,0.77853,1.0296,1.2757,1.5409,1.8381,2.1578,2.4667,2.7202,2.8811,2.9359,2.8849,2.7482,2.5542
2.4127,1.6082,1.0281,0.54199,-0.0023423,-0.64454,-1.2326,-1.5205,-1.3772,-0.9111,-0.39148,-0.068398,-0.027892,-0.15763,-0.26924,-0.25985,-0.15011,-0.011859,0.097575,0.14843,0.12336,0.0081254,-0.1974,-0.46388,-0.73535,-0.95825,-1.1043,-1.1823,-1.2195,-1.245,-1.2795,-1.332,-1.402,-1.4678,-1.4852,-1.4049,-1.1981,-0.88016,-0.50261,-0.14349,0.13024,0.27793,0.30289,0.23665,0.12142,-0.0042625,-0.1211,-0.23888,-0.38738,-0.5801,-0.79513,-0.96216,-1.002,-0.88557,-0.67154,-0.46546,-0.37019,-0.43957,-0.65337,-0.91772,-1.0977,-1.102,-0.92664,-0.63452,-0.29751,0.038972,0.35751,0.66204,0.96277,1.2685,1.583,1.901,2.2057,2.4701,2.6642,2.7641,2.765,2.6771,2.5208,2.321
2.6716,1.8476,1.2205,0.67895,0.079772,-0.618,-1.265,-1.611,-1.5107,-1.0609,-0.53263,-0.18136,-0.097869,-0.1817,-0.25878,-0.23229,-0.11923,0.017373,0.12751,0.18509,0.17382,0.078905,-0.10278,-0.34676,-0.60137,-0.81243,-0.95166,-1.0232,-1.0533,-1.072,-1.0973,-1.142,-1.2029,-1.2577,-1.2612,-1.1647,-0.94353,-0.61384,-0.23657,0.10837,0.34747,0.44084,0.39654,0.25523,0.069471,-0.10834,-0.25681,-0.38512,-0.52092,-0.69111,-0.87264,-1.0009,-1.0058,-0.86894,-0.64142,-0.42808,-0.32593,-0.3852,-0.58664,-0.84148,-1.0282,-1.059,-0.92519,-0.67807,-0.3789,-0.066146,0.24892,0.56942,0.89921,1.2392,1.5832,1.9168,2.2171,2.457,2.612,2.6703,2.6317,2.5105,2.332,2.1234
3.0364,2.1928,1.5075,0.89522,0.22455,-0.54762,-1.28,-1.7198,-1.7013,-1.2971,-0.77019,-0.38212,-0.2337,-0.2436,-0.26201,-0.20392,-0.077786,0.066246,0.18573,0.25754,0.26697,0.19906,0.04751,-0.16754,-0.40021,-0.5985,-0.73406,-0.80809,-0.84518,-0.8711,-0.90254,-0.94689,-0.99961,-1.0385,-1.0231,-0.90681,-0.66756,-0.32301,0.058973,0.39054,0.58701,0.61123,0.47377,0.22818,-0.050653,-0.30026,-0.48207,-0.60225,-0.70261,-0.81284,-0.92836,-0.99913,-0.96466,-0.80378,-0.56952,-0.34972,-0.23321,-0.26917,-0.44411,-0.68179,-0.87362,-0.94221,-0.8744,-0.70698,-0.48278,-0.22292,0.071345,0.40523,0.77612,1.1665,1.5498,1.8972,2.1825,2.3848,2.4911,2.4977,2.4173,2.2693,2.0787,1.8702
3.4124,2.5557,1.8199,1.144,0.40657,-0.44024,-1.264,-1.8143,-1.9047,-1.5721,-1.0625,-0.63907,-0.41791,-0.34307,-0.29235,-0.19251,-0.044442,0.1155,0.25283,0.34611,0.37997,0.33896,0.21586,0.027757,-0.18282,-0.36921,-0.50413,-0.59209,-0.65305,-0.7058,-0.76066,-0.81739,-0.87138,-0.90176,-0.86956,-0.73151,-0.46555,-0.099598,0.29593,0.617,0.77687,0.73054,0.5011,0.15944,-0.2055,-0.50738,-0.70348,-0.80593,-0.86179,-0.91693,-0.97112,-0.98048,-0.89511,-0.70649,-0.45496,-0.22446,-0.092878,-0.10315,-0.24532,-0.45782,-0.65316,-0.76415,-0.77285,-0.69842,-0.56391,-0.37432,-0.11855,0.21097,0.6019,1.0235,1.4355,1.798,2.079,2.2579,2.3278,2.2966,2.1828,2.0126,1.8143,1.6119
3.6946,2.8318,2.0643,1.3464,0.56257,-0.33952,-1.2347,-1.8762,-2.0615,-1.7982,-1.3109,-0.86266,-0.58389,-0.44131,-0.3339,-0.19737,-0.027628,0.14826,0.30182,0.41306,0.46615,0.44575,0.34503,0.17981,-0.011575,-0.18789,-0.32638,-0.43206,-0.52168,-0.60656,-0.68986,-0.76713,-0.82785,-0.85287,-0.80526,-0.64741,-0.36262,0.020124,0.4226,0.74085,0.88104,0.80025,0.52028,0.11762,-0.30482,-0.64924,-0.86327,-0.95681,-0.9821,-0.99211,-0.99454,-0.95748,-0.83984,-0.63094,-0.36873,-0.12389,0.031412,0.052915,-0.056549,-0.24715,-0.44296,-0.58645,-0.65789,-0.66527,-0.61525,-0.49563,-0.28515,0.029855,0.43269,0.87783,1.3096,1.6792,1.9531,2.1152,2.1654,2.1146,1.9887,1.816,1.623,1.431
4.0637,3.1964,2.3945,1.6284,0.78699,-0.18759,-1.1804,-1.9484,-2.2714,-2.1153,-1.6683,-1.1904,-0.83451,-0.60082,-0.41677,-0.22749,-0.022226,0.18067,0.3582,0.49276,0.57011,0.57733,0.50936,0.38005,0.2188,0.057512,-0.087824,-0.22125,-0.35509,-0.49366,-0.63228,-0.75529,-0.84251,-0.86805,-0.80068,-0.61027,-0.29179,0.12044,0.5425,0.8671,0.9948,0.88296,0.55273,0.084623,-0.40377,-0.80455,-1.0476,-1.1372,-1.135,-1.0972,-1.0437,-0.95175,-0.78824,-0.54538,-0.25792,0.013224,0.20378,0.2706,0.20819,0.05066,-0.14496,-0.32954,-0.4789,-0.58759,-0.64679,-0.62886,-0.4937,-0.22073,0.16926,0.62098,1.0671,1.4494,1.7292,1.8884,1.9284,1.8676,1.7351,1.5618,1.378,1.2056
4.3306,3.4618,2.6389,1.8414,0.96049,-0.067557,-1.1338,-1.9967,-2.4252,-2.3542,-1.9436,-1.4468,-1.035,-0.73639,-0.49702,-0.26745,-0.033358,0.19201,0.38815,0.539,0.63336,0.66184,0.6209,0.52097,0.38554,0.23805,0.088644,-0.066244,-0.23478,-0.41976,-0.60829,-0.77648,-0.89613,-0.93259,-0.85506,-0.63968,-0.28926,0.15226,0.59956,0.93715,1.0674,0.93917,0.58084,0.079406,-0.44736,-0.8769,-1.1415,-1.2452,-1.2422,-1.1921,-1.1121,-0.98469,-0.78533,-0.51415,-0.19982,0.09951,0.32327,0.42826,0.40387,0.27387,0.084591,-0.12229,-0.32391,-0.50919,-0.6577,-0.72567,-0.65872,-0.42629,-0.046347,0.41335,0.87063,1.2582,1.5355,1.6887,1.7253,1.6665,1.5433,1.3886,1.2268,1.0741
4.6674,3.7988,2.9528,2.1187,1.1876,0.088733,-1.0733,-2.0578,-2.6196,-2.6605,-2.3005,-1.7823,-1.302,-0.92379,-0.61721,-0.33717,-0.065964,0.18778,0.40631,0.57636,0.69132,0.74732,0.74363,0.68715,0.59231,0.47118,0.32395,0.14378,-0.076574,-0.33251,-0.59905,-0.83843,-1.0074,-1.0647,-0.97915,-0.73837,-0.35286,0.12696,0.61077,0.98075,1.1319,1.0143,0.6499,0.12566,-0.43454,-0.90977,-1.2223,-1.3671,-1.3913,-1.3405,-1.2363,-1.0715,-0.83332,-0.52376,-0.17525,0.16551,0.44164,0.60598,0.63743,0.54747,0.36831,0.13536,-0.12507,-0.3922,-0.63456,-0.79812,-0.81741,-0.64738,-0.30829,0.12978,0.58062,0.973,1.2625,1.4312,1.4834,1.4413,1.3371,1.2002,1.0588,0.932
4.9781,4.1105,3.2458,2.3787,1.3986,0.22907,-1.027,-2.1224,-2.8021,-2.9389,-2.6218,-2.085,-1.5452,-1.0996,-0.73905,-0.41839,-0.1161,0.16131,0.39811,0.58445,0.71812,0.80074,0.83554,0.82674,0.77887,0.69107,0.55448,0.35539,0.086063,-0.24183,-0.5933,-0.91479,-1.1437,-1.232,-1.1502,-0.89313,-0.479,0.039184,0.5621,0.97103,1.1566,1.0695,0.72889,0.2167,-0.34969,-0.85718,-1.2275,-1.4414,-1.5245,-1.5078,-1.4053,-1.2158,-0.9399,-0.5934,-0.20513,0.17767,0.50236,0.72187,0.80844,0.76085,0.60166,0.36114,0.066062,-0.25805,-0.57303,-0.81625,-0.9113,-0.80663,-0.50982,-0.093151,0.34847,0.73667,1.0256,1.2006,1.2704,1.2546,1.1833,1.0839,0.97587,0.87111
5.1917,4.3251,3.4482,2.5572,1.5404,0.31712,-1.0065,-2.1777,-2.9307,-3.1222,-2.8243,-2.2714,-1.6954,-1.2126,-0.82418,-0.4836,-0.16569,0.12555,0.37403,0.57066,0.71773,0.82252,0.88999,0.92089,0.90998,0.84836,0.72078,0.51117,0.2119,-0.16192,-0.57122,-0.95533,-1.2406,-1.3685,-1.3045,-1.0432,-0.60885,-0.062514,0.49372,0.93492,1.153,1.0947,0.78196,0.29501,-0.25921,-0.77337,-1.1792,-1.4511,-1.5931,-1.6189,-1.5325,-1.3389,-1.0495,-0.68334,-0.27387,0.13882,0.5027,0.76626,0.89439,0.87985,0.7371,0.49526,0.18511,-0.16115,-0.50045,-0.7706,-0.89921,-0.83188,-0.57801,-0.20099,0.21381,0.59286,0.88924,1.0829,1.1752,1.184,1.1347,1.05,0.9526,0.85843
5.4489,4.5832,3.691,2.7685,1.7016,0.40654,-1.0043,-2.264,-3.0916,-3.3263,-3.0315,-2.4498,-1.8381,-1.3277,-0.92203,-0.57089,-0.24224,0.061013,0.32121,0.5306,0.6979,0.8372,0.95328,1.0388,1.0761,1.0474,0.93227,0.7145,0.38826,-0.030166,-0.50248,-0.9621,-1.3304,-1.5284,-1.5089,-1.262,-0.81748,-0.24472,0.35094,0.8394,1.1096,1.1065,0.84793,0.40837,-0.11264,-0.62491,-1.0644,-1.401,-1.6228,-1.7175,-1.6745,-1.4963,-1.2034,-0.82631,-0.39747,0.041504,0.44275,0.75444,0.93423,0.96228,0.84954,0.62241,0.31555,-0.032877,-0.37627,-0.65377,-0.79852,-0.76587,-0.55645,-0.22444,0.15263,0.50619,0.79255,0.99329,1.1087,1.149,1.1311,1.075,0.99705,0.91032
5.62,4.7544,3.8512,2.9047,1.7987,0.4499,-1.0228,-2.3403,-3.2071,-3.4507,-3.1377,-2.5287,-1.8972,-1.3826,-0.98049,-0.63252,-0.30328,0.0031796,0.26875,0.48812,0.67406,0.84342,0.99902,1.1252,1.1964,1.1891,1.0824,0.86226,0.52503,0.085155,-0.41918,-0.92478,-1.3476,-1.6028,-1.6318,-1.4171,-0.98497,-0.40402,0.21356,0.73554,1.0459,1.0896,0.88101,0.48941,0.0060242,-0.48846,-0.93711,-1.3078,-1.5795,-1.7262,-1.7289,-1.5859,-1.3164,-0.94984,-0.52138,-0.06828,0.35895,0.70304,0.91558,0.97329,0.88233,0.67022,0.37636,0.04559,-0.27201,-0.52133,-0.65112,-0.62449,-0.45031,-0.1691,0.16269,0.49126,0.7758,0.99135,1.1282,1.1897,1.191,1.1441,1.067,0.97565
5.8182,4.9522,4.034,3.0546,1.8945,0.47444,-1.0754,-2.4578,-3.3545,-3.581,-3.2195,-2.5654,-1.9171,-1.4142,-1.035,-0.70702,-0.38892,-0.085624,0.18436,0.41884,0.63553,0.85243,1.0652,1.2446,1.3565,1.3731,1.2775,1.0586,0.71624,0.26449,-0.26219,-0.80784,-1.2941,-1.6312,-1.7426,-1.5911,-1.1922,-0.61602,0.019407,0.575,0.93367,1.035,0.89365,0.57357,0.15342,-0.2955,-0.73004,-1.1228,-1.4444,-1.6596,-1.7309,-1.6463,-1.4239,-1.0952,-0.68893,-0.2416,0.19813,0.56948,0.81651,0.90786,0.84786,0.66708,0.41069,0.12781,-0.13328,-0.3275,-0.41811,-0.38959,-0.24419,-0.0096658,0.27287,0.56188,0.82405,1.037,1.1883,1.2737,1.2943,1.2629,1.1931,1.0994
5.9817,5.1145,4.1811,3.1673,1.9514,0.46161,-1.1572,-2.5891,-3.4914,-3.6735,-3.2426,-2.5376,-1.88,-1.4021,-1.063,-0.77201,-0.47822,-0.18638,0.08512,0.33803,0.59391,0.8675,1.1416,1.3723,1.5186,1.5546,1.4672,1.2512,0.91061,0.46233,-0.063377,-0.62349,-1.1529,-1.5651,-1.7652,-1.6944,-1.3501,-0.80129,-0.16677,0.40878,0.80299,0.95678,0.87893,0.6283,0.27837,-0.1162,-0.51742,-0.90181,-1.2446,-1.5021,-1.6349,-1.6246,-1.4789,-1.2157,-0.85963,-0.43979,-0.0049153,0.3786,0.64713,0.76344,0.73116,0.58401,0.37422,0.15716,-0.021019,-0.13116,-0.16154,-0.11257,0.006076,0.18317,0.40476,0.65176,0.89928,1.1199,1.2898,1.3956,1.4313,1.404,1.3287,1.2231
6.0816,5.2129,4.2679,3.2274,1.9695,0.4298,-1.2343,-2.6911,-3.5841,-3.7197,-3.2301,-2.486,-1.8239,-1.3702,-1.0692,-0.81458,-0.54765,-0.27036,0.00059509,0.27035,0.56198,0.88364,1.2048,1.4718,1.6398,1.6863,1.6028,1.3895,1.0544,0.61685,0.10114,-0.45805,-1.0066,-1.4602,-1.7174,-1.7024,-1.405,-0.88963,-0.27645,0.2924,0.69799,0.87837,0.84273,0.64497,0.34768,0.0034436,-0.35967,-0.7236,-1.0643,-1.3442,-1.5235,-1.5761,-1.4967,-1.294,-0.98447,-0.59218,-0.16947,0.2116,0.48345,0.61031,0.59313,0.47227,0.30462,0.14563,0.034491,-0.012078,0.003907,0.070847,0.18254,0.334,0.52019,0.73249,0.95597,1.169,1.3464,1.464,1.5136,1.4973,1.426,1.3164
6.1846,5.3133,4.3528,3.2766,1.9638,0.36279,-1.3486,-2.8196,-3.6808,-3.7459,-3.1782,-2.3861,-1.7217,-1.3054,-1.0636,-0.86839,-0.64839,-0.39726,-0.12605,0.17409,0.52314,0.91429,1.2972,1.6067,1.7962,1.8493,1.7658,1.5553,1.2322,0.81559,0.32371,-0.22182,-0.77826,-1.2653,-1.5759,-1.6208,-1.3843,-0.92611,-0.36311,0.17372,0.57241,0.77418,0.78299,0.64233,0.40717,0.11927,-0.19747,-0.52769,-0.8523,-1.1427,-1.358,-1.4686,-1.4629,-1.3418,-1.1063,-0.77858,-0.40108,-0.041869,0.22715,0.35931,0.36136,0.27312,0.15785,0.075387,0.058658,0.10519,0.18989,0.28833,0.38823,0.49657,0.6304,0.80198,1.0062,1.2187,1.4055,1.5396,1.6,1.5878,1.5164,1.4051
6.2529,5.379,4.4037,3.2927,1.9284,0.27668,-1.4622,-2.9194,-3.7279,-3.7195,-3.0851,-2.2563,-1.598,-1.2246,-1.0472,-0.92261,-0.76008,-0.53933,-0.26373,0.076129,0.49001,0.95175,1.3919,1.7351,1.9378,1.9907,1.9034,1.6937,1.3828,0.98903,0.52552,0.0039591,-0.5426,-1.037,-1.3696,-1.4514,-1.2643,-0.86552,-0.36278,0.12401,0.49145,0.68615,0.70899,0.59964,0.40711,0.16613,-0.10132,-0.38496,-0.67678,-0.95069,-1.1826,-1.3453,-1.4154,-1.3711,-1.2107,-0.93751,-0.59738,-0.26694,-0.022227,0.096985,0.096537,0.029721,-0.033573,-0.038027,0.033957,0.16181,0.3089,0.43834,0.54139,0.62778,0.7206,0.84429,1.0098,1.2043,1.3945,1.5412,1.622,1.6291,1.5714,1.4667
6.2817,5.4062,4.4208,3.2851,1.8862,0.20523,-1.5374,-2.9633,-3.7182,-3.6583,-2.9868,-2.1431,-1.4957,-1.1562,-1.0288,-0.96039,-0.84476,-0.64833,-0.36792,0.0042168,0.46791,0.98089,1.4595,1.823,2.0311,2.0801,1.9867,1.7744,1.4695,1.0905,0.64781,0.14756,-0.38212,-0.86621,-1.1948,-1.283,-1.1161,-0.75586,-0.30257,0.13291,0.45984,0.63152,0.65051,0.55266,0.37911,0.16503,-0.073667,-0.32978,-0.59326,-0.85533,-1.0893,-1.2665,-1.3617,-1.3583,-1.2349,-1.003,-0.70331,-0.40651,-0.18614,-0.082997,-0.089781,-0.1501,-0.18937,-0.14956,-0.018389,0.17017,0.36282,0.52113,0.62827,0.69696,0.75911,0.85,0.98914,1.1678,1.3531,1.5076,1.5993,1.619,1.5736,1.4798
6.2906,5.4139,4.4167,3.2517,1.8139,0.10873,-1.6132,-2.9668,-3.6324,-3.5106,-2.8132,-1.9711,-1.3474,-1.0551,-0.9949,-1.0003,-0.94717,-0.78459,-0.49897,-0.083855,0.44476,1.0202,1.5414,1.9247,2.1341,2.1739,2.0674,1.8463,1.5411,1.1752,0.756,0.28579,-0.20899,-0.65699,-0.95444,-1.0239,-0.86558,-0.54607,-0.16047,0.19968,0.46225,0.59071,0.58642,0.47787,0.30467,0.097283,-0.12167,-0.34224,-0.56449,-0.7813,-0.98463,-1.1578,-1.2759,-1.3051,-1.2277,-1.0384,-0.77549,-0.51254,-0.32524,-0.25477,-0.2834,-0.34982,-0.37252,-0.2927,-0.1054,0.14381,0.39206,0.58747,0.71235,0.77512,0.80597,0.84638,0.93167,1.0714,1.2425,1.4015,1.5143,1.5607,1.5406,1.4674
6.2752,5.3986,4.3945,3.2115,1.7512,0.040827,-1.6459,-2.9225,-3.5104,-3.3482,-2.6492,-1.8231,-1.2252,-0.96979,-0.95697,-1.0145,-1.0071,-0.87004,-0.58103,-0.13564,0.43632,1.0505,1.595,1.9859,2.1908,2.2198,2.1013,1.8702,1.5606,1.2001,0.79529,0.34973,-0.11225,-0.52137,-0.78211,-0.82658,-0.6658,-0.36791,-0.023784,0.28588,0.49928,0.58571,0.54788,0.41402,0.22232,0.0083741,-0.20316,-0.40255,-0.59073,-0.77311,-0.94881,-1.105,-1.2164,-1.2507,-1.1797,-1.0011,-0.75457,-0.51373,-0.35299,-0.30806,-0.36431,-0.45247,-0.48263,-0.38968,-0.17056,0.11926,0.4045,0.62973,0.76776,0.82483,0.83253,0.83733,0.88291,0.98868,1.1392,1.2965,1.4186,1.4819,1.4827,1.4316
6.2258,5.351,4.3415,3.1406,1.6614,-0.037726,-1.6518,-2.8038,-3.278,-3.0698,-2.3845,-1.5966,-1.0437,-0.83735,-0.88226,-1.0024,-1.0509,-0.94548,-0.65275,-0.17329,0.44436,1.0955,1.6578,2.0473,2.238,2.2458,2.1048,1.8548,1.5365,1.1801,0.79646,0.38811,-0.023474,-0.3742,-0.57791,-0.58399,-0.41183,-0.13162,0.17254,0.42889,0.58356,0.61375,0.52215,0.33604,0.096626,-0.15405,-0.37938,-0.56138,-0.70458,-0.82709,-0.94507,-1.0567,-1.1386,-1.1551,-1.0729,-0.8923,-0.65428,-0.4311,-0.29424,-0.282,-0.37041,-0.48964,-0.54445,-0.46142,-0.23193,0.086531,0.4111,0.67212,0.83618,0.9001,0.88805,0.8458,0.82788,0.87381,0.98631,1.1311,1.2666,1.3579,1.3919,1.3724
6.1437,5.2735,4.2637,3.0532,1.57,-0.098408,-1.6177,-2.6309,-2.9903,-2.7402,-2.0773,-1.3389,-0.83739,-0.67945,-0.77459,-0.9474,-1.0426,-0.96407,-0.67076,-0.16851,0.47717,1.1456,1.709,2.0853,2.2539,2.2346,2.065,1.7911,1.4595,1.1043,0.74196,0.37411,0.019624,-0.26562,-0.40828,-0.37343,-0.18589,0.084782,0.36354,0.58257,0.69319,0.6717,0.52111,0.26834,-0.040722,-0.35276,-0.61361,-0.79156,-0.8931,-0.94935,-0.99798,-1.0517,-1.0899,-1.07,-0.95873,-0.75107,-0.49233,-0.26172,-0.13441,-0.14326,-0.26775,-0.4307,-0.52689,-0.47107,-0.24691,0.086717,0.43688,0.73033,0.91837,0.98959,0.96276,0.88233,0.8081,0.7929,0.85651,0.978,1.1144,1.2252,1.2895,1.3035
6.0609,5.1964,4.1902,2.9793,1.502,-0.1313,-1.5703,-2.4793,-2.757,-2.4771,-1.8313,-1.1312,-0.6685,-0.54523,-0.67173,-0.87524,-0.99748,-0.93558,-0.64465,-0.13552,0.51662,1.1839,1.7369,2.096,2.244,2.2032,2.0122,1.7197,1.3754,1.0191,0.67087,0.33465,0.027902,-0.20272,-0.2999,-0.23759,-0.043612,0.22141,0.4871,0.68972,0.77909,0.72606,0.53213,0.22522,-0.14629,-0.514,-0.81212,-0.99864,-1.0749,-1.0899,-1.0898,-1.0936,-1.0837,-1.0229,-0.8719,-0.63486,-0.35881,-0.12088,0.0064939,-0.011386,-0.14901,-0.33115,-0.45237,-0.42318,-0.21961,0.10605,0.46485,0.7716,0.97807,1.0653,1.0423,0.94541,0.83344,0.76977,0.79121,0.88979,1.0209,1.1416,1.2235,1.258
5.9221,5.0687,4.0734,2.8708,1.4141,-0.15887,-1.487,-2.267,-2.4483,-2.1306,-1.5022,-0.84797,-0.43334,-0.35024,-0.50932,-0.74115,-0.88709,-0.84167,-0.55953,-0.056252,0.58547,1.2332,1.7585,2.0864,2.2024,2.1315,1.9139,1.5995,1.2411,0.88562,0.55832,0.26718,0.024283,-0.13887,-0.18446,-0.097135,0.10003,0.35773,0.61568,0.81032,0.88577,0.80567,0.56411,0.18583,-0.27596,-0.74233,-1.1185,-1.334,-1.3886,-1.3387,-1.2622,-1.1963,-1.1262,-1.0049,-0.80069,-0.51332,-0.19763,0.06265,0.19579,0.17571,0.026287,-0.17413,-0.3211,-0.32277,-0.14606,0.16644,0.52597,0.84926,1.0755,1.1774,1.1579,1.0489,0.90763,0.80104,0.77661,0.83695,0.95367,1.077,1.1726,1.2253
5.7514,4.9136,3.9364,2.7532,1.3311,-0.17098,-1.3915,-2.062,-2.1651,-1.8138,-1.1944,-0.57581,-0.20109,-0.14879,-0.32844,-0.57467,-0.73177,-0.6968,-0.42792,0.055097,0.66708,1.2772,1.7612,2.049,2.1294,2.029,1.7893,1.4598,1.0957,0.74745,0.44619,0.20123,0.01777,-0.089211,-0.097427,0.0012149,0.19295,0.44289,0.69726,0.89397,0.96794,0.87512,0.59953,0.15915,-0.39237,-0.96413,-1.4376,-1.7101,-1.7615,-1.669,-1.5273,-1.3872,-1.2397,-1.0456,-0.77281,-0.43418,-0.086699,0.19163,0.33635,0.3222,0.18029,-0.018795,-0.17565,-0.19854,-0.04807,0.2423,0.59161,0.91642,1.1561,1.28,1.2844,1.1916,1.0483,0.9167,0.85067,0.8748,0.95941,1.0682,1.165,1.2283
5.6023,4.7796,3.8214,2.6602,1.2724,-0.17183,-1.3182,-1.9221,-1.9796,-1.6065,-0.98933,-0.39009,-0.038632,-0.0033566,-0.19125,-0.44024,-0.59879,-0.56801,-0.31048,0.15059,0.73079,1.3037,1.7503,2.0042,2.0573,1.9374,1.6857,1.3511,0.98972,0.65243,0.37255,0.15999,0.012556,-0.062969,-0.05399,0.047165,0.23337,0.47735,0.73432,0.93806,1.0179,0.91789,0.61691,0.13187,-0.48468,-1.1344,-1.6839,-2.0094,-2.0744,-1.9577,-1.7701,-1.5744,-1.368,-1.1156,-0.79153,-0.41324,-0.041421,0.24717,0.39463,0.38513,0.25003,0.06314,-0.083143,-0.1066,0.029847,0.30069,0.63605,0.95715,1.2054,1.3468,1.3728,1.2997,1.1685,1.037,0.95937,0.95737,1.0245,1.1204,1.208,1.2644
5.3753,4.5783,3.6531,2.5312,1.1996,-0.16417,-1.2235,-1.7604,-1.7756,-1.3795,-0.76133,-0.1793,0.15,0.17001,-0.021304,-0.26479,-0.41611,-0.38556,-0.14374,0.28276,0.81285,1.3285,1.7197,1.9265,1.9446,1.8036,1.5441,1.2135,0.86408,0.54663,0.29528,0.11894,0.01013,-0.036758,-0.01821,0.076714,0.24984,0.4869,0.74616,0.96033,1.0495,0.94942,0.63018,0.10128,-0.58673,-1.3401,-2.0057,-2.4225,-2.5266,-2.3882,-2.142,-1.8692,-1.5789,-1.2447,-0.85551,-0.43507,-0.042247,0.25429,0.40589,0.40519,0.28777,0.12261,-0.0048942,-0.021021,0.1067,0.35682,0.66878,0.97955,1.2345,1.4012,1.4676,1.4412,1.3502,1.2393,1.1564,1.1347,1.1671,1.2318,1.2988,1.3455
5.1841,4.4107,3.5164,2.4319,1.1492,-0.15322,-1.1571,-1.6596,-1.6556,-1.248,-0.62754,-0.053602,0.2641,0.2779,0.08934,-0.14439,-0.28539,-0.25195,-0.021252,0.37795,0.86833,1.3392,1.6872,1.8579,1.8506,1.6975,1.4402,1.1217,0.78894,0.49009,0.25743,0.10028,0.0083718,-0.03035,-0.014175,0.070101,0.23352,0.46804,0.7322,0.95466,1.0492,0.9492,0.62263,0.075222,-0.64978,-1.4602,-2.2046,-2.7012,-2.8487,-2.7161,-2.4384,-2.1104,-1.7534,-1.3589,-0.92018,-0.47442,-0.079109,0.20844,0.35372,0.35564,0.25698,0.12207,0.023365,0.021173,0.14302,0.37377,0.66589,0.96417,1.2223,1.409,1.509,1.5238,1.4727,1.3918,1.323,1.292,1.3123,1.3608,1.4092,1.4358
4.9019,4.1661,3.3219,2.2971,1.0879,-0.13343,-1.0765,-1.5529,-1.5393,-1.124,-0.50096,0.066094,0.37402,0.38562,0.20615,-0.0096313,-0.13241,-0.091876,0.12607,0.49147,0.93267,1.347,1.6387,1.7603,1.72,1.5547,1.307,1.0138,0.71389,0.44394,0.23179,0.085041,-0.0054596,-0.050897,-0.047038,0.023267,0.17861,0.41462,0.68975,0.92501,1.0289,0.92763,0.59015,0.023626,-0.73301,-1.5917,-2.4057,-2.9844,-3.1983,-3.0808,-2.7711,-2.383,-1.9586,-1.5009,-1.0236,-0.56108,-0.16668,0.10927,0.24152,0.24364,0.16051,0.056314,-0.0053714,0.019464,0.14436,0.35358,0.61377,0.88909,1.1467,1.3616,1.5155,1.5991,1.617,1.5893,1.5469,1.5206,1.5177,1.5347,1.5561,1.5657
4.589,3.8981,3.1147,2.161,1.0342,-0.10841,-1.0034,-1.4718,-1.4652,-1.0512,-0.42806,0.13373,0.43549,0.44816,0.2801,0.085187,-0.016811,0.03405,0.24489,0.58438,0.98429,1.3483,1.5885,1.6657,1.5955,1.4214,1.1863,0.92362,0.6594,0.41721,0.2161,0.062265,-0.047276,-0.11497,-0.12984,-0.069097,0.086043,0.3289,0.61491,0.86129,0.97267,0.87754,0.54252,-0.025269,-0.78257,-1.6525,-2.4899,-3.1079,-3.3712,-3.2843,-2.9763,-2.5612,-2.0936,-1.5979,-1.099,-0.64001,-0.27135,-0.030894,0.072673,0.064641,-0.00099512,-0.064969,-0.082176,-0.030196,0.092624,0.27466,0.49954,0.74853,1.0048,1.2485,1.4576,1.6125,1.7036,1.7379,1.737,1.7251,1.7219,1.7268,1.7289,1.7154
4.3346,3.6829,2.952,2.0591,0.99867,-0.084897,-0.95106,-1.4219,-1.4289,-1.0226,-0.40214,0.15572,0.45298,0.46563,0.30567,0.12536,0.038912,0.099782,0.31082,0.63835,1.0141,1.3456,1.551,1.5983,1.5075,1.3277,1.1032,0.86432,0.6256,0.40054,0.19981,0.030755,-0.10334,-0.19549,-0.22654,-0.17028,-0.0088855,0.24499,0.54039,0.79088,0.9041,0.81054,0.48431,-0.065319,-0.7995,-1.638,-2.4536,-3.0729,-3.3553,-3.2988,-3.0046,-2.5873,-2.113,-1.6135,-1.1248,-0.6868,-0.34593,-0.13584,-0.059254,-0.080127,-0.14139,-0.1861,-0.17813,-0.1086,0.013608,0.17616,0.37128,0.59854,0.85287,1.1199,1.3739,1.5856,1.7342,1.8171,1.8496,1.8569,1.8552,1.8518,1.8424,1.8185
3.9702,3.3777,2.7267,1.9245,0.95858,-0.048378,-0.87959,-1.3596,-1.3937,-1.0066,-0.39571,0.15433,0.44322,0.45203,0.29822,0.13314,0.06666,0.14491,0.36388,0.68552,1.0401,1.3372,1.5016,1.5099,1.3917,1.2033,0.99275,0.78297,0.57527,0.36643,0.15718,-0.043241,-0.21801,-0.34605,-0.39717,-0.3433,-0.1704,0.10191,0.41274,0.67277,0.78978,0.70045,0.38481,-0.13889,-0.82392,-1.5904,-2.319,-2.8677,-3.1327,-3.1038,-2.8559,-2.4742,-2.0212,-1.5438,-1.0837,-0.69209,-0.41226,-0.26652,-0.24273,-0.29451,-0.35607,-0.37533,-0.33485,-0.24645,-0.13088,0.0010688,0.157,0.35286,0.60222,0.89807,1.2099,1.4955,1.7194,1.8676,1.9489,1.986,1.9987,1.9974,1.9819,1.9469
3.6789,3.1361,2.5517,1.8247,0.93331,-0.015496,-0.82279,-1.3118,-1.3701,-1.0038,-0.40518,0.13551,0.41517,0.41689,0.26217,0.10424,0.051112,0.14433,0.37423,0.69784,1.0435,1.3222,1.4618,1.4438,1.3047,1.1077,0.90373,0.71149,0.52255,0.32157,0.10178,-0.12678,-0.33757,-0.49521,-0.55972,-0.50049,-0.31181,-0.02265,0.29896,0.5635,0.68022,0.5946,0.29046,-0.20598,-0.83874,-1.5302,-2.1679,-2.6363,-2.8614,-2.8382,-2.6261,-2.2894,-1.8783,-1.4368,-1.0161,-0.66529,-0.42974,-0.33091,-0.35137,-0.43411,-0.50889,-0.52489,-0.47374,-0.38014,-0.27371,-0.16507,-0.038167,0.13721,0.38776,0.7094,1.0649,1.4015,1.6758,1.8685,1.9857,2.0483,2.0756,2.0801,2.0644,2.0264
3.2689,2.7985,2.3117,1.6934,0.90584,0.034665,-0.74008,-1.2408,-1.3341,-1.0033,-0.42912,0.094,0.35684,0.34228,0.17791,0.021446,-0.018126,0.094922,0.34268,0.67485,1.016,1.278,1.3927,1.3453,1.1814,0.97018,0.76819,0.59118,0.42127,0.22629,-0.0085088,-0.27457,-0.5365,-0.7362,-0.81472,-0.73734,-0.51442,-0.19712,0.13411,0.39013,0.49487,0.40486,0.12155,-0.32186,-0.86836,-1.4379,-1.9416,-2.2953,-2.4524,-2.4267,-2.2496,-1.9612,-1.6007,-1.2147,-0.85054,-0.56683,-0.40562,-0.38092,-0.46652,-0.59912,-0.70243,-0.72786,-0.67722,-0.58678,-0.49386,-0.41008,-0.31314,-0.15613,0.097382,0.44811,0.85364,1.2504,1.5843,1.8296,1.9896,2.0845,2.1353,2.1551,2.147,2.1102
2.8388,2.4461,2.0652,1.5645,0.88513,0.092134,-0.65014,-1.1611,-1.2897,-0.99881,-0.45656,0.043794,0.28468,0.24657,0.063239,-0.1013,-0.13567,-0.0078484,0.25557,0.5966,0.93659,1.188,1.286,1.2208,1.0402,0.81769,0.61221,0.43977,0.27516,0.079875,-0.17082,-0.468,-0.76702,-0.99417,-1.0768,-0.98039,-0.72791,-0.38728,-0.047009,0.20192,0.29002,0.18723,-0.090493,-0.49376,-0.95371,-1.3967,-1.7502,-1.9675,-2.0442,-1.9916,-1.8388,-1.6032,-1.3035,-0.97271,-0.66893,-0.44301,-0.33941,-0.37413,-0.52033,-0.70994,-0.85832,-0.9159,-0.88637,-0.81265,-0.73797,-0.67429,-0.59477,-0.44204,-0.17166,0.21413,0.66317,1.1034,1.4774,1.7592,1.9523,2.0758,2.1491,2.1856,2.1896,2.1614
2.5069,2.1751,1.8777,1.4696,0.87484,0.14048,-0.5778,-1.0955,-1.2514,-0.99382,-0.47782,0.0026534,0.22428,0.16525,-0.038111,-0.21482,-0.25086,-0.11646,0.15558,0.50093,0.83881,1.0839,1.174,1.1018,0.91377,0.68514,0.47607,0.30235,0.13736,-0.060446,-0.3198,-0.63223,-0.94691,-1.1829,-1.26,-1.1495,-0.87955,-0.5266,-0.18421,0.055272,0.12296,0.0020906,-0.27972,-0.65576,-1.0489,-1.391,-1.6338,-1.7619,-1.7831,-1.7187,-1.5768,-1.3613,-1.0868,-0.7901,-0.51958,-0.33195,-0.27052,-0.3498,-0.54123,-0.77171,-0.96121,-1.0512,-1.0437,-0.9836,-0.91727,-0.85858,-0.77651,-0.61627,-0.33237,0.072078,0.54242,1.0041,1.3985,1.6993,1.91,2.0503,2.1393,2.1878,2.1997,2.1763
2.0588,1.8098,1.6271,1.3476,0.86911,0.21283,-0.47491,-1.0019,-1.1963,-0.98546,-0.50589,-0.053082,0.14058,0.049091,-0.18831,-0.38989,-0.43414,-0.29537,-0.016927,0.32868,0.6592,0.89434,0.97796,0.90279,0.71312,0.48077,0.26595,0.087736,-0.079579,-0.2796,-0.54313,-0.86272,-1.1835,-1.4151,-1.4742,-1.3325,-1.0356,-0.67176,-0.34463,-0.1427,-0.12134,-0.28042,-0.56832,-0.90495,-1.2101,-1.4299,-1.5437,-1.5624,-1.5155,-1.4211,-1.2811,-1.088,-0.84639,-0.58411,-0.35452,-0.21063,-0.19333,-0.31486,-0.54709,-0.82412,-1.0584,-1.1957,-1.2313,-1.2015,-1.1474,-1.0816,-0.97757,-0.78283,-0.46277,-0.030818,0.45371,0.91857,1.3113,1.6123,1.8298,1.9829,2.0895,2.1579,2.1879,2.1783
1.6148,1.4458,1.3801,1.2335,0.87434,0.29482,-0.36555,-0.90658,-1.1436,-0.98224,-0.54083,-0.11346,0.055094,-0.071548,-0.34901,-0.58114,-0.63718,-0.49671,-0.21812,0.11652,0.42841,0.6477,0.72619,0.65644,0.47715,0.25152,0.034784,-0.1496,-0.32055,-0.51951,-0.77487,-1.0817,-1.386,-1.5956,-1.6277,-1.4583,-1.1434,-0.77931,-0.47431,-0.3155,-0.34922,-0.56236,-0.87859,-1.1947,-1.4225,-1.5216,-1.5071,-1.4252,-1.3203,-1.2088,-1.0785,-0.90682,-0.68915,-0.45224,-0.24696,-0.12772,-0.1366,-0.28688,-0.55094,-0.86105,-1.1372,-1.3177,-1.3911,-1.3848,-1.3322,-1.2422,-1.0915,-0.84523,-0.48552,-0.037907,0.43901,0.88312,1.2536,1.5386,1.749,1.9044,2.02,2.0992,2.1411,2.1449
1.2923,1.1802,1.2005,1.1543,0.88551,0.3621,-0.28114,-0.83746,-1.1102,-0.98918,-0.57614,-0.16419,-0.011164,-0.16218,-0.47014,-0.726,-0.79032,-0.64918,-0.37551,-0.058383,0.22913,0.42927,0.50259,0.44253,0.28006,0.069192,-0.1419,-0.32878,-0.50476,-0.70236,-0.94676,-1.2313,-1.5064,-1.6861,-1.6943,-1.5131,-1.1959,-0.84022,-0.54996,-0.41807,-0.49257,-0.75292,-1.1055,-1.4203,-1.5972,-1.6107,-1.5072,-1.3602,-1.2208,-1.1051,-0.98547,-0.82759,-0.62239,-0.39945,-0.20665,-0.10302,-0.12778,-0.29048,-0.5634,-0.88623,-1.1796,-1.3869,-1.4883,-1.4968,-1.4349,-1.3112,-1.1136,-0.82078,-0.43236,0.019904,0.48095,0.89648,1.2337,1.4885,1.6782,1.8271,1.9449,2.0362,2.095,2.1148
0.89017,0.84518,0.9729,1.0587,0.91031,0.4594,-0.16634,-0.74948,-1.0772,-1.0153,-0.63941,-0.24317,-0.10368,-0.28057,-0.62466,-0.9086,-0.98064,-0.83921,-0.57888,-0.29606,-0.05358,0.1101,0.17189,0.12893,-0.0015742,-0.1814,-0.37355,-0.55806,-0.73918,-0.93498,-1.1591,-1.4018,-1.6206,-1.7479,-1.7225,-1.5335,-1.2256,-0.88726,-0.62328,-0.52885,-0.6559,-0.97555,-1.3727,-1.6894,-1.8123,-1.735,-1.5389,-1.3206,-1.1436,-1.0161,-0.90764,-0.776,-0.60074,-0.39934,-0.22426,-0.12927,-0.15664,-0.31991,-0.59506,-0.92377,-1.2343,-1.4656,-1.5876,-1.5989,-1.5111,-1.3322,-1.0623,-0.70692,-0.28556,0.16127,0.5844,0.94419,1.2238,1.4315,1.5908,1.725,1.8451,1.9458,2.0166,2.0499
0.61924,0.61512,0.81569,0.99707,0.93642,0.53793,-0.0796,-0.68921,-1.0643,-1.0503,-0.7023,-0.31291,-0.17629,-0.3656,-0.72993,-1.0286,-1.1035,-0.96134,-0.71232,-0.45995,-0.25885,-0.12977,-0.081228,-0.11328,-0.21636,-0.36642,-0.53821,-0.71695,-0.90024,-1.0943,-1.3008,-1.5082,-1.6795,-1.7648,-1.7168,-1.5255,-1.2281,-0.90384,-0.65674,-0.58415,-0.74257,-1.0998,-1.5311,-1.8592,-1.9552,-1.8232,-1.5672,-1.3056,-1.1084,-0.98447,-0.89291,-0.78111,-0.62293,-0.43623,-0.26907,-0.17857,-0.20658,-0.3665,-0.63616,-0.96028,-1.2736,-1.514,-1.6434,-1.6481,-1.5307,-1.3017,-0.97676,-0.5767,-0.13698,0.29882,0.68789,1.0008,1.2306,1.3938,1.5208,1.6392,1.755,1.8633,1.9491,1.9993
0.31228,0.3475,0.63084,0.93109,0.9816,0.64704,0.033103,-0.62001,-1.0669,-1.1217,-0.80963,-0.42255,-0.28093,-0.47539,-0.85473,-1.1649,-1.2379,-1.0908,-0.85433,-0.64256,-0.50074,-0.42529,-0.40126,-0.42253,-0.4872,-0.59328,-0.73361,-0.90108,-1.0856,-1.2762,-1.4617,-1.6239,-1.7399,-1.776,-1.7042,-1.5109,-1.2255,-0.9148,-0.68064,-0.62496,-0.80836,-1.2044,-1.6745,-2.0205,-2.0988,-1.9196,-1.61,-1.3069,-1.0912,-0.96924,-0.8979,-0.81559,-0.68606,-0.51948,-0.3655,-0.2797,-0.30469,-0.45499,-0.71135,-1.0261,-1.3321,-1.5703,-1.6941,-1.6761,-1.511,-1.2151,-0.82088,-0.37369,0.079213,0.4927,0.83177,1.0794,1.2423,1.3489,1.4373,1.5352,1.6501,1.7655,1.8607,1.9207
0.081204,0.13634,0.48159,0.88536,1.0374,0.75859,0.14084,-0.56691,-1.0946,-1.2224,-0.94236,-0.55051,-0.39197,-0.57734,-0.9581,-1.2687,-1.3318,-1.1757,-0.95,-0.77575,-0.69125,-0.6729,-0.67968,-0.69262,-0.72064,-0.78464,-0.89647,-1.0545,-1.2417,-1.4308,-1.5961,-1.7181,-1.7876,-1.7897,-1.7054,-1.5187,-1.2443,-0.93976,-0.70093,-0.6372,-0.81903,-1.2277,-1.7244,-2.0949,-2.1788,-1.9811,-1.6461,-1.324,-1.0986,-0.98172,-0.92579,-0.86648,-0.76205,-0.61765,-0.47489,-0.39095,-0.41153,-0.55498,-0.80459,-1.1108,-1.4123,-1.6409,-1.7426,-1.6841,-1.4601,-1.0968,-0.64573,-0.16398,0.29213,0.67893,0.96896,1.1554,1.2555,1.3075,1.3569,1.4347,1.5451,1.6678,1.7764,1.8521
-0.036375,0.021083,0.39645,0.86571,1.0854,0.84215,0.21608,-0.53769,-1.1307,-1.314,-1.0565,-0.65588,-0.47851,-0.64951,-1.0207,-1.3226,-1.3738,-1.2097,-0.98953,-0.83889,-0.79243,-0.81376,-0.84506,-0.85782,-0.86583,-0.90352,-0.99744,-1.1496,-1.3402,-1.5328,-1.6881,-1.7879,-1.8289,-1.8126,-1.7233,-1.5449,-1.2775,-0.97155,-0.72075,-0.63851,-0.8032,-1.2012,-1.7034,-2.0943,-2.1984,-2.0104,-1.6702,-1.3391,-1.1095,-0.99382,-0.94713,-0.90257,-0.81525,-0.68515,-0.55458,-0.47658,-0.49655,-0.63482,-0.87831,-1.1823,-1.4774,-1.6957,-1.776,-1.6806,-1.4089,-0.99955,-0.51383,-0.019283,0.4289,0.79243,1.0504,1.201,1.2651,1.2847,1.3094,1.3748,1.4827,1.6107,1.7276,1.8103
-0.11745,-0.072289,0.32221,0.85972,1.1554,0.95004,0.30701,-0.51208,-1.1961,-1.4569,-1.2268,-0.80979,-0.60075,-0.74276,-1.0875,-1.3658,-1.3961,-1.2202,-1.0042,-0.8768,-0.86972,-0.93595,-1.0012,-1.024,-1.0186,-1.0308,-1.1023,-1.246,-1.4429,-1.648,-1.8095,-1.9002,-1.9202,-1.8836,-1.7859,-1.6071,-1.3393,-1.0213,-0.74946,-0.63775,-0.77022,-1.1382,-1.6208,-2.0168,-2.1508,-2.003,-1.6936,-1.3733,-1.1423,-1.0198,-0.97085,-0.9345,-0.86323,-0.75007,-0.63056,-0.55862,-0.58339,-0.72928,-0.98387,-1.2955,-1.5919,-1.7894,-1.8239,-1.6672,-1.3345,-0.87731,-0.36472,0.13712,0.57556,0.91438,1.1357,1.2432,1.2655,1.2525,1.2582,1.3147,1.4239,1.5569,1.6798,1.7689
-0.12546,-0.098165,0.29642,0.86988,1.2103,1.0269,0.36762,-0.50149,-1.2548,-1.5746,-1.3656,-0.935,-0.69694,-0.8082,-1.1251,-1.3781,-1.3898,-1.2056,-0.99162,-0.87536,-0.88818,-0.9809,-1.0714,-1.1076,-1.101,-1.1024,-1.1616,-1.3009,-1.5042,-1.7222,-1.8987,-1.9961,-2.0166,-1.9735,-1.8691,-1.6798,-1.3996,-1.0647,-0.76967,-0.6301,-0.72933,-1.0701,-1.5358,-1.9318,-2.0901,-1.9708,-1.6862,-1.3814,-1.1522,-1.0298,-0.98144,-0.94939,-0.88607,-0.78309,-0.67093,-0.60355,-0.63251,-0.78513,-1.0499,-1.3722,-1.6691,-1.8519,-1.8537,-1.6527,-1.2774,-0.79192,-0.26916,0.22716,0.64849,0.96498,1.1639,1.2522,1.2601,1.2374,1.2378,1.2957,1.4049,1.5376,1.6609,1.7522
-0.075725,-0.07909,0.29816,0.90075,1.2854,1.1206,0.43851,-0.49506,-1.3378,-1.7348,-1.5559,-1.1046,-0.82064,-0.87949,-1.1494,-1.3655,-1.3573,-1.1682,-0.9572,-0.84842,-0.87512,-0.99016,-1.1079,-1.1653,-1.169,-1.1694,-1.2242,-1.3641,-1.5781,-1.8168,-2.0167,-2.1344,-2.1679,-2.1271,-2.0119,-1.8037,-1.4984,-1.1372,-0.80728,-0.62338,-0.67047,-0.95603,-1.3832,-1.7759,-1.9668,-1.9024,-1.6623,-1.3802,-1.1561,-1.0268,-0.97206,-0.94027,-0.88522,-0.7928,-0.69106,-0.63211,-0.66991,-0.83596,-1.1196,-1.4607,-1.7594,-1.9147,-1.8649,-1.6102,-1.1992,-0.70164,-0.1851,0.29241,0.69189,0.98602,1.1636,1.2343,1.2321,1.2099,1.2202,1.2886,1.4097,1.5494,1.6732,1.7597
0.028043,-0.0089723,0.33826,0.94816,1.3588,1.203,0.49785,-0.49374,-1.4149,-1.885,-1.7349,-1.262,-0.92673,-0.9232,-1.1372,-1.3189,-1.3015,-1.117,-0.91162,-0.80404,-0.83035,-0.95202,-1.0892,-1.1745,-1.202,-1.2149,-1.2738,-1.4163,-1.6421,-1.906,-2.1385,-2.2889,-2.337,-2.2945,-2.1602,-1.929,-1.5982,-1.2087,-0.84825,-0.62446,-0.62293,-0.84897,-1.221,-1.5867,-1.7935,-1.7821,-1.5991,-1.352,-1.1391,-1.0059,-0.94707,-0.91934,-0.87427,-0.79186,-0.69339,-0.63184,-0.66731,-0.83714,-1.1318,-1.4826,-1.7819,-1.9197,-1.8373,-1.5486,-1.1191,-0.62692,-0.13698,0.30605,0.669,0.9336,1.0952,1.1665,1.1801,1.1833,1.2205,1.3138,1.4457,1.587,1.7088,1.7933
0.13008,0.069371,0.389,0.99327,1.4118,1.2573,0.53522,-0.49094,-1.4613,-1.978,-1.8478,-1.3593,-0.98515,-0.93293,-1.103,-1.2601,-1.2419,-1.069,-0.87302,-0.76573,-0.78579,-0.90418,-1.0512,-1.1609,-1.2136,-1.2431,-1.3066,-1.449,-1.6784,-1.9587,-2.2212,-2.4039,-2.4725,-2.428,-2.2747,-2.0149,-1.6577,-1.2467,-0.8667,-0.6208,-0.58734,-0.777,-1.1102,-1.4475,-1.6548,-1.6651,-1.5165,-1.3005,-1.1045,-0.98054,-0.92584,-0.90244,-0.86367,-0.78483,-0.68664,-0.62061,-0.64885,-0.8124,-1.1036,-1.4544,-1.745,-1.8645,-1.7631,-1.4693,-1.0554,-0.59389,-0.14049,0.26669,0.60412,0.854,1.0103,1.0858,1.1149,1.1457,1.2177,1.3385,1.4927,1.644,1.7629,1.8357
0.28394,0.19671,0.47864,1.0632,1.48,1.3211,0.57972,-0.48046,-1.497,-2.0589,-1.9486,-1.4429,-1.022,-0.90941,-1.0226,-1.1481,-1.1351,-0.98844,-0.81357,-0.70997,-0.72015,-0.82939,-0.98458,-1.125,-1.216,-1.2725,-1.3457,-1.4871,-1.7172,-2.0117,-2.3078,-2.5297,-2.6289,-2.5847,-2.4067,-2.1083,-1.7177,-1.2842,-0.88432,-0.61226,-0.53931,-0.67762,-0.95891,-1.2606,-1.4612,-1.4978,-1.3887,-1.2093,-1.0425,-0.93843,-0.9021,-0.89647,-0.87043,-0.7945,-0.68421,-0.59464,-0.59445,-0.73046,-0.99782,-1.3255,-1.5997,-1.7108,-1.6139,-1.3416,-0.96752,-0.56192,-0.17243,0.17453,0.46067,0.67766,0.82697,0.92422,0.99997,1.0906,1.2204,1.3895,1.5674,1.7244,1.8392,1.9046
0.44324,0.33662,0.5855,1.1415,1.5448,1.3766,0.62266,-0.45451,-1.4902,-2.0704,-1.97,-1.4544,-1.0008,-0.83961,-0.90596,-1.0083,-1.0053,-0.88828,-0.73944,-0.64425,-0.64813,-0.75182,-0.9179,-1.0883,-1.2168,-1.3007,-1.3844,-1.5242,-1.7509,-2.0489,-2.3558,-2.5986,-2.7136,-2.6745,-2.4805,-2.1609,-1.75,-1.3035,-0.89432,-0.60581,-0.50228,-0.59118,-0.81557,-1.0717,-1.2553,-1.3075,-1.2354,-1.0984,-0.97078,-0.9027,-0.89908,-0.92056,-0.90991,-0.83195,-0.69896,-0.57136,-0.52469,-0.61149,-0.83082,-1.118,-1.3626,-1.4658,-1.3925,-1.177,-0.88312,-0.56614,-0.25992,0.016416,0.25394,0.44636,0.59607,0.72024,0.84913,1.0117,1.2159,1.4421,1.6558,1.8252,1.9355,1.988
0.55802,0.44238,0.67167,1.2043,1.5915,1.4143,0.65628,-0.42098,-1.4511,-2.0239,-1.9216,-1.4051,-0.93911,-0.75507,-0.7982,-0.89236,-0.90076,-0.80602,-0.67592,-0.58827,-0.59073,-0.6939,-0.87095,-1.064,-1.2203,-1.324,-1.4155,-1.5499,-1.7675,-2.0555,-2.3592,-2.6082,-2.7318,-2.6963,-2.4966,-2.1645,-1.7445,-1.2959,-0.8888,-0.59683,-0.47548,-0.53179,-0.71472,-0.93475,-1.1017,-1.1598,-1.1133,-1.0116,-0.91851,-0.88573,-0.91326,-0.959,-0.96138,-0.88085,-0.72607,-0.56103,-0.46672,-0.50206,-0.67261,-0.91792,-1.1423,-1.2517,-1.2114,-1.05,-0.82358,-0.57971,-0.34317,-0.12502,0.069392,0.23998,0.39364,0.54812,0.72829,0.95183,1.2134,1.4827,1.7227,1.9034,2.0134,2.0571
0.69699,0.57674,0.78749,1.2911,1.6526,1.4633,0.70736,-0.35147,-1.3451,-1.8794,-1.7639,-1.2554,-0.79453,-0.60339,-0.63461,-0.73065,-0.76094,-0.6966,-0.58961,-0.51121,-0.51339,-0.61883,-0.81355,-1.0425,-1.24,-1.3729,-1.4673,-1.583,-1.7675,-2.0219,-2.3073,-2.5532,-2.6878,-2.6602,-2.464,-2.1292,-1.7108,-1.2695,-0.86807,-0.57192,-0.42855,-0.44669,-0.58416,-0.76413,-0.9086,-0.97276,-0.9533,-0.89241,-0.85152,-0.86797,-0.94498,-1.0336,-1.0601,-0.97305,-0.78405,-0.56053,-0.39364,-0.35062,-0.44438,-0.62954,-0.8171,-0.93304,-0.94887,-0.88304,-0.77144,-0.64063,-0.50172,-0.35711,-0.20403,-0.042954,0.13134,0.33428,0.58455,0.88691,1.2199,1.5434,1.8114,2.0023,2.1117,2.149
0.78647,0.66798,0.87213,1.3571,1.6984,1.5009,0.75343,-0.27695,-1.2217,-1.7074,-1.5734,-1.0786,-0.64045,-0.46275,-0.50139,-0.60907,-0.66055,-0.62109,-0.53243,-0.46056,-0.46141,-0.56763,-0.77458,-1.0318,-1.262,-1.4185,-1.5132,-1.608,-1.7556,-1.9718,-2.228,-2.4599,-2.5967,-2.5811,-2.3993,-2.0787,-1.673,-1.2416,-0.84757,-0.55084,-0.39541,-0.38667,-0.48685,-0.6307,-0.75549,-0.81933,-0.82281,-0.80096,-0.80255,-0.86691,-0.98658,-1.1062,-1.1459,-1.0521,-0.83236,-0.56215,-0.33926,-0.23727,-0.27634,-0.41716,-0.58904,-0.72039,-0.78051,-0.77973,-0.74417,-0.69087,-0.61886,-0.52389,-0.40127,-0.24781,-0.05577,0.18948,0.49933,0.86472,1.2497,1.604,1.8903,2.084,2.1856,2.2097
0.88248,0.77186,0.97802,1.4442,1.7607,1.5543,0.82641,-0.14601,-0.99999,-1.3955,-1.225,-0.75879,-0.3748,-0.24367,-0.31845,-0.45836,-0.54716,-0.54499,-0.4821,-0.41859,-0.41496,-0.51661,-0.73268,-1.0183,-1.287,-1.4723,-1.5691,-1.634,-1.7273,-1.8814,-2.0822,-2.283,-2.4197,-2.4295,-2.2813,-1.9906,-1.6067,-1.1903,-0.80581,-0.50767,-0.33551,-0.29145,-0.3474,-0.45365,-0.55729,-0.62931,-0.66376,-0.68701,-0.74395,-0.86179,-1.0303,-1.1887,-1.2495,-1.1495,-0.89952,-0.57727,-0.28662,-0.10886,-0.07475,-0.16236,-0.30939,-0.46085,-0.58626,-0.68273,-0.7561,-0.80261,-0.80881,-0.75582,-0.63675,-0.45528,-0.21424,0.09048,0.46082,0.87962,1.3054,1.6857,1.9813,2.1758,2.2724,2.2882
0.94956,0.85247,1.0725,1.5284,1.8244,1.6128,0.91497,0.018905,-0.71914,-1.0023,-0.78736,-0.35726,-0.050986,-0.00085819,-0.14413,-0.34142,-0.47975,-0.51577,-0.47346,-0.41105,-0.39538,-0.4848,-0.70089,-1.0021,-1.2979,-1.504,-1.6031,-1.6382,-1.679,-1.767,-1.9073,-2.0732,-2.2094,-2.2509,-2.1468,-1.8927,-1.5307,-1.1257,-0.7436,-0.44067,-0.25161,-0.18341,-0.20984,-0.2884,-0.37761,-0.44971,-0.50394,-0.56514,-0.66915,-0.83897,-1.0553,-1.2502,-1.3303,-1.231,-0.95788,-0.59308,-0.24766,-0.011256,0.076537,0.03096,-0.10626,-0.28108,-0.46173,-0.63675,-0.79771,-0.92355,-0.97981,-0.94366,-0.80937,-0.58711,-0.28841,0.080009,0.507,0.96418,1.4066,1.7894,2.0765,2.2584,2.3431,2.3496
0.98117,0.89708,1.1344,1.5886,1.8731,1.6605,0.99136,0.1624,-0.47675,-0.66764,-0.41626,-0.016087,0.22189,0.19302,-0.023001,-0.28108,-0.46522,-0.53052,-0.4986,-0.42891,-0.39682,-0.47135,-0.68149,-0.98781,-1.2966,-1.5134,-1.6081,-1.6195,-1.6204,-1.6618,-1.7636,-1.9087,-2.0481,-2.1131,-2.0424,-1.8175,-1.4734,-1.0744,-0.68944,-0.37772,-0.17582,-0.092995,-0.10452,-0.16984,-0.25308,-0.32767,-0.39564,-0.48055,-0.61278,-0.81109,-1.0516,-1.2637,-1.3549,-1.261,-0.98776,-0.61344,-0.24504,0.026377,0.1526,0.13369,0.0067034,-0.18609,-0.41095,-0.64593,-0.86757,-1.0388,-1.1165,-1.0661,-0.88956,-0.61281,-0.26366,0.14093,0.5876,1.0514,1.4918,1.8645,2.1423,2.3142,2.3885,2.3848
0.99943,0.93589,1.2037,1.6644,1.9383,1.7299,1.1055,0.3764,-0.1227,-0.18742,0.11119,0.4695,0.60998,0.46096,0.12711,-0.23383,-0.49555,-0.60566,-0.58273,-0.49264,-0.42458,-0.46337,-0.65003,-0.94989,-1.2652,-1.4911,-1.5792,-1.5641,-1.5175,-1.5065,-1.5676,-1.6945,-1.8454,-1.9437,-1.9138,-1.7215,-1.3945,-0.99699,-0.60487,-0.27952,-0.064297,0.035757,0.037743,-0.022738,-0.10674,-0.19674,-0.2874,-0.39565,-0.5511,-0.76308,-1.0116,-1.2326,-1.3383,-1.263,-1.0078,-0.63978,-0.26204,0.031899,0.18689,0.19415,0.073187,-0.13772,-0.40519,-0.69925,-0.98102,-1.194,-1.2734,-1.1881,-0.94894,-0.5991,-0.18314,0.26875,0.73556,1.1931,1.61,1.9582,2.2083,2.3597,2.4228,2.4154
0.99317,0.95294,1.2585,1.734,2.0035,1.8048,1.2324,0.60861,0.2517,0.30832,0.65034,0.96687,1.0092,0.73416,0.26688,-0.21721,-0.57519,-0.74062,-0.72564,-0.6025,-0.4784,-0.45876,-0.5986,-0.87022,-1.1755,-1.4047,-1.4975,-1.4742,-1.4024,-1.3584,-1.3899,-1.5051,-1.6686,-1.7988,-1.805,-1.6348,-1.3103,-0.9025,-0.49654,-0.16333,0.055166,0.14966,0.14524,0.080019,-0.012318,-0.10868,-0.20923,-0.33096,-0.49489,-0.7112,-0.95502,-1.1669,-1.2734,-1.2216,-1.0057,-0.67809,-0.32296,-0.02659,0.14872,0.17566,0.065669,-0.15675,-0.45978,-0.80452,-1.1339,-1.3684,-1.4316,-1.2869,-0.96639,-0.54077,-0.073285,0.40099,0.86638,1.3081,1.7031,2.0224,2.2548,2.3922,2.4432,2.4258
0.97502,0.95319,1.2899,1.7813,2.0518,1.8645,1.3333,0.78927,0.53569,0.6775,1.0489,1.3368,1.3102,0.94235,0.37119,-0.21334,-0.65406,-0.86888,-0.86018,-0.70532,-0.52884,-0.45342,-0.54481,-0.78143,-1.0684,-1.295,-1.3962,-1.3798,-1.3092,-1.2583,-1.2797,-1.3897,-1.5568,-1.7029,-1.7295,-1.5745,-1.2517,-0.83414,-0.41577,-0.074748,0.14102,0.22692,0.20994,0.13116,0.027714,-0.080352,-0.19055,-0.31606,-0.4772,-0.67913,-0.90184,-1.0972,-1.2043,-1.1743,-1.0011,-0.71678,-0.39081,-0.1049,0.074246,0.11262,0.007868,-0.22002,-0.53956,-0.90663,-1.2546,-1.4931,-1.5349,-1.3523,-0.98752,-0.51976,-0.018022,0.47711,0.94555,1.3732,1.7442,2.0462,2.258,2.3837,2.4334,2.422
0.93786,0.94024,1.3205,1.8367,2.1143,1.9475,1.4749,1.0346,0.90963,1.1531,1.5596,1.8155,1.7066,1.2239,0.51843,-0.20362,-0.76347,-1.0503,-1.0489,-0.84586,-0.59207,-0.43407,-0.45132,-0.62982,-0.8814,-1.0998,-1.2165,-1.226,-1.1776,-1.139,-1.1638,-1.2733,-1.4437,-1.5998,-1.6393,-1.4935,-1.1684,-0.74026,-0.30859,0.03719,0.24329,0.30532,0.25614,0.1468,0.022371,-0.095704,-0.20519,-0.32293,-0.46949,-0.64863,-0.84251,-1.0108,-1.1088,-1.1054,-0.98931,-0.77724,-0.51295,-0.26075,-0.086834,-0.036543,-0.12815,-0.35179,-0.67895,-1.0611,-1.4214,-1.6561,-1.673,-1.4434,-1.0258,-0.51524,0.010658,0.51126,0.97232,1.3874,1.7463,2.0326,2.2413,2.3672,2.4169,2.4045
0.90381,0.92344,1.336,1.8726,2.1596,2.0126,1.5856,1.2197,1.1815,1.4907,1.9207,2.158,1.9975,1.4391,0.64122,-0.18058,-0.82992,-1.1716,-1.1754,-0.93508,-0.62341,-0.4045,-0.36558,-0.49645,-0.71605,-0.92557,-1.0571,-1.0975,-1.081,-1.0659,-1.1028,-1.2151,-1.3827,-1.534,-1.5712,-1.4238,-1.0979,-0.66737,-0.23474,0.10625,0.29902,0.33613,0.25827,0.12526,-0.014383,-0.13483,-0.24034,-0.35045,-0.482,-0.64092,-0.80753,-0.95035,-1.0395,-1.0547,-0.98536,-0.83535,-0.62799,-0.41147,-0.24775,-0.19116,-0.26642,-0.47542,-0.79493,-1.1754,-1.5339,-1.7609,-1.7616,-1.5152,-1.0825,-0.5593,-0.022017,0.48752,0.95192,1.3631,1.7133,1.9971,2.1999,2.3258,2.3822,2.3809
0.85617,0.897,1.3502,1.9142,2.2187,2.1028,1.7373,1.4644,1.5263,1.9083,2.3645,2.5837,2.3704,1.7316,0.83233,-0.10474,-0.86252,-1.2746,-1.2886,-1.0075,-0.63031,-0.3399,-0.23151,-0.3005,-0.47624,-0.67228,-0.82626,-0.9165,-0.95866,-0.99025,-1.0516,-1.1655,-1.3166,-1.4462,-1.4687,-1.3203,-1.0029,-0.58101,-0.15783,0.17125,0.34205,0.34834,0.23519,0.070923,-0.087046,-0.21281,-0.31159,-0.40388,-0.51025,-0.63499,-0.76581,-0.88223,-0.96625,-1.0062,-0.9954,-0.9252,-0.79808,-0.64016,-0.50179,-0.43761,-0.49028,-0.66938,-0.95774,-1.3087,-1.6419,-1.8509,-1.8432,-1.5956,-1.1658,-0.64639,-0.11382,0.39067,0.85251,1.2667,1.6259,1.9159,2.1328,2.2721,2.3394,2.3464
0.81374,0.87224,1.3609,1.9493,2.2753,2.1957,1.8925,1.702,1.8447,2.2826,2.7588,2.9665,2.7194,2.0292,1.0619,0.043869,-0.797,-1.2725,-1.3099,-1.0117,-0.59233,-0.24839,-0.08258,-0.097006,-0.23355,-0.41767,-0.594,-0.73583,-0.8432,-0.93016,-1.0209,-1.1308,-1.2534,-1.3488,-1.3511,-1.2052,-0.90449,-0.5046,-0.097934,0.21396,0.363,0.33962,0.19352,0.0026776,-0.16714,-0.28811,-0.36856,-0.43658,-0.51764,-0.61882,-0.72901,-0.83061,-0.91379,-0.97742,-1.0197,-1.0284,-0.98619,-0.8922,-0.77939,-0.70743,-0.72171,-0.8517,-1.0909,-1.397,-1.692,-1.8753,-1.8651,-1.6374,-1.2412,-0.75456,-0.24227,0.25801,0.72785,1.1552,1.527,1.8313,2.0587,2.2072,2.2841,2.3027
0.7904,0.85974,1.3693,1.9726,2.3162,2.2666,2.01,1.8738,2.0647,2.5338,3.0209,3.2239,2.963,2.2532,1.259,0.20614,-0.67621,-1.1919,-1.2559,-0.96338,-0.53136,-0.16291,0.034119,0.050804,-0.062233,-0.23957,-0.43103,-0.60846,-0.76036,-0.88794,-0.99878,-1.1015,-1.1969,-1.2602,-1.2435,-1.1019,-0.82291,-0.44969,-0.065551,0.22978,0.36501,0.3269,0.16625,-0.034374,-0.20519,-0.31623,-0.38092,-0.43225,-0.4984,-0.5884,-0.69081,-0.79079,-0.88226,-0.96748,-1.047,-1.1059,-1.119,-1.072,-0.98474,-0.90642,-0.89705,-0.98581,-1.1719,-1.4213,-1.6685,-1.8266,-1.8183,-1.619,-1.261,-0.80785,-0.31798,0.17098,0.63853,1.0703,1.4513,1.7655,2.0034,2.1638,2.2528,2.2815
0.77692,0.85752,1.3855,2.0033,2.3695,2.3626,2.166,2.0923,2.3322,2.8288,3.3248,3.526,3.2595,2.545,1.545,0.47849,-0.43237,-0.98987,-1.097,-0.83566,-0.41548,-0.038798,0.18192,0.22802,0.14082,-0.026503,-0.23293,-0.45014,-0.65571,-0.8318,-0.96307,-1.0495,-1.0997,-1.1132,-1.0714,-0.93978,-0.70081,-0.3748,-0.029888,0.2423,0.3666,0.32376,0.16052,-0.03922,-0.20102,-0.29499,-0.33581,-0.3636,-0.41461,-0.50036,-0.61109,-0.72808,-0.84266,-0.95994,-1.0843,-1.2037,-1.2848,-1.2938,-1.2304,-1.1407,-1.0841,-1.1067,-1.2186,-1.3935,-1.5754,-1.6919,-1.6801,-1.513,-1.2089,-0.81081,-0.36203,0.10528,0.56772,1.004,1.3924,1.7141,1.9577,2.1211,2.2127,2.2461
0.78351,0.87031,1.4049,2.0278,2.4098,2.436,2.2821,2.2476,2.5126,3.0194,3.5171,3.7187,3.4562,2.7508,1.7637,0.70667,-0.2071,-0.7864,-0.92994,-0.70597,-0.31258,0.052969,0.27781,0.33909,0.26929,0.11225,-0.098651,-0.33801,-0.57749,-0.78242,-0.92211,-0.9903,-1.0036,-0.98317,-0.92757,-0.80993,-0.60455,-0.31579,-0.0006446,0.25634,0.37741,0.34157,0.19028,0.0043107,-0.14265,-0.22151,-0.24835,-0.26512,-0.3108,-0.40021,-0.52422,-0.66303,-0.80464,-0.95151,-1.1081,-1.2629,-1.3822,-1.4251,-1.379,-1.2798,-1.1916,-1.1638,-1.2148,-1.3277,-1.4565,-1.5387,-1.5194,-1.3699,-1.0984,-0.73684,-0.32073,0.12166,0.56763,0.99442,1.3779,1.696,1.9372,2.1005,2.1936,2.2292
0.81866,0.91079,1.4438,2.0657,2.4665,2.5366,2.4362,2.4435,2.7275,3.2343,3.7265,3.9287,3.679,2.9987,2.0446,1.0175,0.116,-0.48293,-0.67783,-0.51595,-0.17249,0.16505,0.38385,0.45642,0.40581,0.26409,0.054961,-0.20155,-0.47011,-0.6997,-0.84151,-0.88187,-0.85331,-0.79886,-0.7331,-0.63499,-0.46732,-0.22266,0.059899,0.30021,0.42367,0.40391,0.27818,0.12023,-0.002139,-0.059979,-0.071514,-0.079382,-0.12492,-0.22653,-0.37519,-0.54967,-0.73412,-0.92437,-1.1251,-1.3231,-1.4801,-1.5477,-1.5064,-1.3901,-1.2625,-1.18,-1.1639,-1.2019,-1.2586,-1.2867,-1.2434,-1.1038,-0.86852,-0.55412,-0.18248,0.22475,0.64486,1.0515,1.4166,1.7169,1.9418,2.0893,2.1698,2.1987
0.88657,0.9808,1.5012,2.1126,2.5282,2.6402,2.5873,2.6247,2.9126,3.4055,3.8836,4.0849,3.8528,3.2073,2.2975,1.3115,0.43033,-0.18414,-0.43094,-0.33727,-0.051491,0.25326,0.46372,0.54543,0.51065,0.38349,0.18031,-0.080515,-0.36318,-0.60426,-0.74332,-0.75919,-0.69306,-0.60685,-0.53361,-0.45166,-0.3192,-0.11314,0.14269,0.37595,0.51141,0.5155,0.41678,0.28423,0.18353,0.14222,0.14409,0.14378,0.096221,-0.0216,-0.20332,-0.42366,-0.65841,-0.89665,-1.134,-1.3572,-1.5299,-1.6042,-1.5588,-1.4257,-1.269,-1.1435,-1.0722,-1.0473,-1.0407,-1.0158,-0.93983,-0.79356,-0.57389,-0.28994,0.043691,0.41022,0.78951,1.1568,1.4857,1.7548,1.9518,2.0792,2.1472,2.1705
0.95935,1.0536,1.5581,2.1552,2.5783,2.7182,2.6961,2.7486,3.0307,3.5055,3.9681,4.1673,3.9499,3.3334,2.4598,1.5068,0.64193,0.016321,-0.26848,-0.22441,0.019241,0.30013,0.50536,0.59382,0.57068,0.45422,0.25808,0.00011427,-0.28248,-0.52346,-0.65521,-0.65635,-0.56941,-0.46728,-0.38923,-0.31721,-0.20626,-0.022148,0.21517,0.44397,0.58891,0.61309,0.53814,0.4258,0.33792,0.30345,0.30815,0.3087,0.25816,0.12981,-0.074139,-0.32852,-0.60344,-0.87922,-1.1437,-1.3784,-1.548,-1.611,-1.5532,-1.4066,-1.237,-1.0928,-0.99305,-0.93,-0.8801,-0.81489,-0.70993,-0.55144,-0.33802,-0.074828,0.22976,0.56464,0.91308,1.2512,1.5522,1.7935,1.9671,2.0733,2.1238,2.135
1.0836,1.1776,1.6537,2.2238,2.6503,2.8212,2.8322,2.8963,3.1611,3.6033,4.0396,4.2337,4.0357,3.4585,2.6329,1.7215,0.87582,0.23559,-0.095655,-0.11071,0.084785,0.34052,0.54243,0.64133,0.6347,0.5346,0.35224,0.10452,-0.16884,-0.40178,-0.52377,-0.51345,-0.4164,-0.30749,-0.22709,-0.16124,-0.063037,0.10372,0.32645,0.54978,0.70295,0.74689,0.69721,0.60622,0.52965,0.49898,0.50234,0.49936,0.4426,0.29946,0.068851,-0.22475,-0.54703,-0.86816,-1.1656,-1.4129,-1.5726,-1.6091,-1.5208,-1.3545,-1.1662,-1.0026,-0.87724,-0.77874,-0.68465,-0.57332,-0.43138,-0.25451,-0.043391,0.19918,0.47046,0.76484,1.0693,1.3628,1.6209,1.8234,1.9628,2.0434,2.0766,2.0776
1.2361,1.3294,1.7725,2.3086,2.73,2.9219,2.9547,3.0202,3.259,3.6615,4.0672,4.2542,4.075,3.5353,2.7547,1.8809,1.052,0.39891,0.028289,-0.035072,0.12373,0.36389,0.56869,0.68173,0.69373,0.61303,0.44926,0.21765,-0.043254,-0.26911,-0.39009,-0.38066,-0.28544,-0.17637,-0.095123,-0.030532,0.064091,0.2218,0.43898,0.65988,0.81612,0.86883,0.82831,0.7438,0.67106,0.63704,0.63611,0.6292,0.56534,0.41068,0.15809,-0.16988,-0.53477,-0.89713,-1.2205,-1.4669,-1.5985,-1.5942,-1.4716,-1.2827,-1.0888,-0.92003,-0.77877,-0.65005,-0.51592,-0.36467,-0.19346,-0.0037415,0.2005,0.41965,0.65698,0.91328,1.18,1.4373,1.6602,1.8304,1.9392,1.9912,2.0015,1.9885
1.3662,1.4596,1.8768,2.3841,2.7955,2.9947,3.0362,3.0956,3.3099,3.6794,4.0603,4.2416,4.0766,3.5645,2.8155,1.9681,1.1522,0.49334,0.099854,0.0081331,0.14654,0.38017,0.59057,0.71638,0.74396,0.67925,0.53123,0.31325,0.060523,-0.16424,-0.29188,-0.29147,-0.20129,-0.092315,-0.0089126,0.057342,0.14975,0.30264,0.5109,0.7239,0.87542,0.92765,0.88959,0.80737,0.73268,0.69628,0.69134,0.67951,0.61061,0.44587,0.17781,-0.17119,-0.56075,-0.94597,-1.2825,-1.526,-1.6364,-1.5991,-1.4448,-1.2389,-1.0336,-0.85732,-0.70688,-0.56402,-0.41113,-0.2406,-0.055239,0.13698,0.33383,0.53759,0.75391,0.98519,1.2244,1.4542,1.653,1.8016,1.8945,1.9369,1.94,1.919
1.5567,1.6517,2.0343,2.5009,2.89,3.0875,3.1286,3.1702,3.3447,3.6669,4.0143,4.1901,4.047,3.5733,2.8666,2.0546,1.2595,0.60182,0.1899,0.070458,0.18818,0.41731,0.63744,0.78076,0.82879,0.78557,0.65747,0.45671,0.21249,-0.014864,-0.15659,-0.17733,-0.10274,-0.00032356,0.084023,0.15517,0.24843,0.39509,0.58817,0.78285,0.91894,0.96031,0.91465,0.82491,0.74266,0.69799,0.68772,0.67281,0.59741,0.42332,0.13821,-0.23489,-0.6509,-1.0563,-1.3984,-1.6235,-1.6934,-1.608,-1.4151,-1.1848,-0.97199,-0.79198,-0.63271,-0.4729,-0.29856,-0.10988,0.082715,0.26949,0.44697,0.62221,0.80736,1.0104,1.2266,1.4374,1.6181,1.7489,1.824,1.847,1.8323,1.7986
1.7098,1.8074,2.1654,2.6001,2.9669,3.1532,3.1844,3.2044,3.344,3.6285,3.9517,4.1267,4.0042,3.5629,2.8903,2.1075,1.3333,0.68524,0.26985,0.13727,0.24215,0.46741,0.69325,0.84759,0.90845,0.8791,0.76472,0.57644,0.34001,0.11011,-0.044744,-0.087312,-0.034616,0.054066,0.13626,0.21074,0.30642,0.4479,0.62708,0.80247,0.91942,0.9447,0.88673,0.78741,0.69678,0.64693,0.6326,0.61273,0.53186,0.34782,0.050771,-0.33404,-0.75877,-1.1677,-1.5012,-1.7035,-1.7391,-1.6171,-1.3952,-1.1486,-0.92703,-0.74306,-0.58078,-0.41688,-0.23819,-0.047823,0.14014,0.3147,0.47596,0.63442,0.80475,0.99511,1.1993,1.3978,1.5666,1.6881,1.7534,1.771,1.7541,1.7191
1.9234,2.0264,2.3551,2.7485,3.0784,3.2366,3.2403,3.2198,3.3052,3.5363,3.8294,4.0107,3.9249,3.5353,2.9152,2.1793,1.4429,0.82048,0.41361,0.27183,0.35965,0.57331,0.79859,0.96082,1.0343,1.0198,0.92336,0.75085,0.52425,0.28895,0.10894,0.030006,0.045063,0.1111,0.18718,0.2652,0.36305,0.49513,0.65325,0.79787,0.88085,0.87498,0.79104,0.67141,0.56643,0.50569,0.48262,0.4543,0.36377,0.16915,-0.13633,-0.52459,-0.94494,-1.3378,-1.641,-1.8008,-1.7872,-1.6197,-1.3657,-1.1014,-0.87582,-0.69239,-0.52947,-0.36291,-0.1835,0.00039065,0.17313,0.32595,0.46032,0.59244,0.74255,0.92206,1.1243,1.3256,1.4972,1.6153,1.6803,1.6931,1.6675,1.6219
2.144,2.2552,2.5599,2.9145,3.2011,3.3178,3.2764,3.2014,3.222,3.3945,3.6602,3.8578,3.8231,3.4998,2.945,2.2672,1.5809,0.99724,0.60958,0.46376,0.53252,0.72598,0.93894,1.0991,1.1776,1.1729,1.0879,0.92571,0.70195,0.45769,0.25182,0.13506,0.11527,0.15881,0.2255,0.30191,0.39574,0.51665,0.65012,0.76012,0.80218,0.75467,0.63295,0.483,0.35627,0.28278,0.25263,0.21845,0.11957,-0.083643,-0.39608,-0.78355,-1.1885,-1.5457,-1.7965,-1.8907,-1.8123,-1.5952,-1.3124,-1.0388,-0.81174,-0.63274,-0.47965,-0.3293,-0.17209,-0.014068,0.13302,0.25904,0.37488,0.49987,0.65353,0.84239,1.0533,1.2589,1.4306,1.5528,1.6139,1.6254,1.6018,1.5602
2.3116,2.431,2.7213,3.049,3.3004,3.3774,3.2923,3.1666,3.1302,3.2528,3.4982,3.7155,3.7307,3.4686,2.9728,2.347,1.7061,1.1582,0.78969,0.64224,0.69355,0.86477,1.0597,1.2096,1.2849,1.2822,1.2008,1.043,0.82024,0.57044,0.34919,0.20662,0.15895,0.18075,0.23602,0.30986,0.40233,0.51627,0.63221,0.71468,0.72286,0.63922,0.48367,0.30492,0.15705,0.070902,0.032913,-0.0078626,-0.11275,-0.32402,-0.63971,-1.0197,-1.4015,-1.7196,-1.9143,-1.9473,-1.8148,-1.5603,-1.2594,-0.98061,-0.76147,-0.59623,-0.45955,-0.32689,-0.18884,-0.051762,0.073402,0.18386,0.28898,0.41038,0.5687,0.76937,0.996,1.217,1.4005,1.5254,1.5932,1.6091,1.5879,1.5475
2.5358,2.6681,2.9439,3.2386,3.4402,3.4553,3.3004,3.0939,2.968,3.0128,3.2283,3.4823,3.5816,3.4184,3.0153,2.4698,1.8971,1.4019,1.0612,0.91005,0.93184,1.0634,1.223,1.3481,1.4092,1.4008,1.3194,1.1654,0.94705,0.69446,0.45928,0.28653,0.19987,0.18496,0.21935,0.2837,0.37531,0.48442,0.58742,0.64202,0.60668,0.46935,0.25552,0.023882,-0.16098,-0.26956,-0.31632,-0.36041,-0.47266,-0.69017,-1.0094,-1.3808,-1.7313,-1.9878,-2.0982,-2.0367,-1.8192,-1.5044,-1.1721,-0.88937,-0.68111,-0.54012,-0.4387,-0.34936,-0.25731,-0.16173,-0.06751,0.025985,0.13373,0.27556,0.46536,0.69908,0.95231,1.1902,1.3826,1.5153,1.5855,1.6044,1.5878,1.5537
2.7582,2.9054,3.1708,3.4356,3.5856,3.5311,3.2957,2.9963,2.7644,2.7143,2.8929,3.1941,3.3993,3.357,3.0624,2.6066,2.1058,1.6625,1.3457,1.1854,1.1713,1.2552,1.3695,1.4588,1.4953,1.4728,1.3884,1.2386,1.0272,0.7769,0.52813,0.32667,0.2006,0.1515,0.16421,0.2218,0.3144,0.42491,0.52162,0.55477,0.47888,0.28287,0.0028144,-0.28759,-0.51449,-0.642,-0.69476,-0.7431,-0.86136,-1.0916,-1.4218,-1.7911,-2.1136,-2.3093,-2.3264,-2.157,-1.8415,-1.4571,-1.0893,-0.79917,-0.60878,-0.5028,-0.44744,-0.40899,-0.36644,-0.31295,-0.24799,-0.16136,-0.039607,0.13479,0.36786,0.64397,0.92899,1.185,1.3852,1.5195,1.594,1.6217,1.6176,1.5966
2.9223,3.0816,3.3411,3.5845,3.6948,3.5854,3.2856,2.9112,2.5904,2.4561,2.5995,2.9413,3.2399,3.3013,3.096,2.7106,2.2621,1.8531,1.5495,1.3794,1.3366,1.3826,1.4593,1.5166,1.5285,1.4897,1.3991,1.251,1.0471,0.80286,0.5495,0.33021,0.17562,0.10028,0.095178,0.14956,0.24581,0.36255,0.45828,0.47925,0.37783,0.14115,-0.18613,-0.52099,-0.7816,-0.92582,-0.98471,-1.0357,-1.1579,-1.3968,-1.7364,-2.109,-2.4192,-2.577,-2.5309,-2.2841,-1.8934,-1.45,-1.0466,-0.74662,-0.56439,-0.48234,-0.46344,-0.46997,-0.47428,-0.45997,-0.41488,-0.32937,-0.18438,0.030429,0.30771,0.61956,0.92671,1.1932,1.3971,1.5339,1.6094,1.6384,1.6364,1.6203
3.1361,3.3115,3.5636,3.7786,3.8353,3.6515,3.2657,2.7898,2.3424,2.078,2.1591,2.5595,2.9983,3.2107,3.1307,2.8376,2.453,2.0822,1.7906,1.6059,1.5266,1.5237,1.5493,1.5591,1.5318,1.4638,1.3553,1.2056,1.0132,0.78442,0.53914,0.30628,0.11923,0.0026768,-0.033656,0.0077848,0.1098,0.24192,0.35211,0.37469,0.25204,-0.027532,-0.41437,-0.81064,-1.115,-1.2828,-1.3454,-1.3906,-1.512,-1.759,-2.1201,-2.521,-2.8464,-2.9815,-2.864,-2.5101,-2.0086,-1.4783,-1.0231,-0.70141,-0.52984,-0.48213,-0.51437,-0.57997,-0.64024,-0.66768,-0.64344,-0.54605,-0.36507,-0.09954,0.23098,0.58726,0.92326,1.2026,1.4085,1.5427,1.6178,1.6504,1.6559,1.6484
3.2914,3.4785,3.7238,3.9163,3.932,3.6934,3.2466,2.6984,2.1557,1.7833,1.8044,2.2485,2.8012,3.1326,3.1477,2.9209,2.5786,2.2303,1.9437,1.7478,1.6434,1.6058,1.5929,1.5651,1.5041,1.4095,1.2858,1.1345,0.95325,0.74116,0.50704,0.26927,0.05799,-0.093009,-0.15692,-0.1277,-0.019043,0.1302,0.25919,0.2904,0.16131,-0.14335,-0.5664,-0.9986,-1.329,-1.5021,-1.556,-1.5903,-1.7076,-1.9658,-2.3557,-2.7955,-3.1526,-3.2917,-3.1369,-2.7157,-2.1397,-1.546,-1.0466,-0.70387,-0.52899,-0.49525,-0.55657,-0.66177,-0.76413,-0.82528,-0.81363,-0.70827,-0.4967,-0.18795,0.18412,0.56963,0.91993,1.2025,1.4063,1.5373,1.6116,1.6454,1.6531,1.648
3.4902,3.6911,3.9245,4.0835,4.0426,3.7343,3.2155,2.5839,1.9246,1.404,1.3281,1.8247,2.5332,3.0238,3.1604,3.0154,2.7212,2.3945,2.11,1.9003,1.7676,1.6896,1.6281,1.5482,1.4373,1.3019,1.1553,1.0019,0.83745,0.65168,0.43537,0.19493,-0.044723,-0.23892,-0.34303,-0.33355,-0.22068,-0.046968,0.11158,0.16745,0.04485,-0.26999,-0.71932,-1.1815,-1.5262,-1.6961,-1.7327,-1.749,-1.8611,-2.1319,-2.5573,-3.0554,-3.4798,-3.6622,-3.4987,-3.015,-2.3511,-1.6754,-1.1158,-0.73866,-0.55228,-0.52904,-0.61998,-0.76749,-0.91351,-1.006,-1.005,-0.88278,-0.63525,-0.28427,0.12505,0.53665,0.90059,1.1861,1.3856,1.5105,1.5789,1.6091,1.6163,1.6132
3.6779,3.8894,4.1059,4.2259,4.1251,3.7518,3.1757,2.4855,1.7372,1.0832,0.90102,1.4356,2.2888,2.9253,3.1688,3.0911,2.8323,2.5184,2.2322,2.0123,1.8623,1.7573,1.6565,1.5275,1.3623,1.1776,0.99772,0.83712,0.69093,0.53778,0.34999,0.11442,-0.15144,-0.39509,-0.54845,-0.56446,-0.44478,-0.24294,-0.046825,0.038906,-0.065417,-0.37734,-0.82815,-1.2842,-1.611,-1.7505,-1.7587,-1.7574,-1.862,-2.1447,-2.6014,-3.1561,-3.6596,-3.9189,-3.7891,-3.2829,-2.5607,-1.821,-1.2106,-0.80081,-0.60051,-0.57887,-0.68216,-0.84725,-1.0105,-1.1148,-1.116,-0.98513,-0.72088,-0.34998,0.076151,0.49705,0.862,1.1426,1.3348,1.4516,1.5157,1.5446,1.5517,1.5462
3.8101,4.0272,4.2268,4.3122,4.1638,3.7453,3.1386,2.4253,1.6381,0.90995,0.65479,1.2041,2.1457,2.8714,3.1779,3.1368,2.8945,2.5841,2.2963,2.0746,1.9219,1.8078,1.6863,1.5236,1.3155,1.0883,0.87628,0.70653,0.57474,0.44918,0.28703,0.058599,-0.22442,-0.50455,-0.69755,-0.73725,-0.61884,-0.39949,-0.17946,-0.070538,-0.15322,-0.44776,-0.87864,-1.3094,-1.607,-1.7153,-1.6957,-1.6724,-1.766,-2.0461,-2.5183,-3.1114,-3.6741,-3.9973,-3.9123,-3.4158,-2.6783,-1.9153,-1.2832,-0.85667,-0.64452,-0.6147,-0.7128,-0.87486,-1.0361,-1.1385,-1.1373,-1.0053,-0.74201,-0.37455,0.046228,0.46069,0.81871,1.0921,1.2773,1.389,1.4469,1.4724,1.4792,1.4754
3.9736,4.1941,4.3649,4.3959,4.1794,3.7048,3.0752,2.3631,1.5698,0.79602,0.4745,1.0247,2.0399,2.8431,3.2019,3.1874,2.9522,2.6395,2.351,2.1363,1.9939,1.8821,1.7441,1.5414,1.2769,0.98969,0.73301,0.54823,0.43403,0.344,0.21483,-0.00068607,-0.30004,-0.62331,-0.8698,-0.9542,-0.85448,-0.62513,-0.37637,-0.22782,-0.27257,-0.52259,-0.90683,-1.2865,-1.527,-1.5849,-1.5248,-1.4731,-1.5483,-1.8197,-2.296,-2.9116,-3.5207,-3.9112,-3.8945,-3.4462,-2.7334,-1.9797,-1.3483,-0.91741,-0.69509,-0.65042,-0.72992,-0.8708,-1.0102,-1.0935,-1.0835,-0.95584,-0.71215,-0.37585,0.010806,0.39692,0.73669,1.001,1.182,1.2904,1.3466,1.3675,1.3669,1.3534
4.0857,4.3055,4.4497,4.4335,4.162,3.6479,3.0135,2.3265,1.5645,0.80427,0.46939,1.0092,2.0375,2.8607,3.2317,3.2186,2.9768,2.6565,2.368,2.1647,2.0401,1.9412,1.8004,1.5754,1.273,0.9421,0.65138,0.45209,0.34652,0.2799,0.17421,-0.028279,-0.33512,-0.68617,-0.97316,-1.0936,-1.0123,-0.78243,-0.51785,-0.34668,-0.36318,-0.58032,-0.92241,-1.2505,-1.4374,-1.4511,-1.362,-1.2924,-1.3537,-1.6128,-2.0754,-2.6806,-3.2914,-3.706,-3.7348,-3.3428,-2.6808,-1.9654,-1.3599,-0.94256,-0.72335,-0.66994,-0.72898,-0.84068,-0.9491,-1.0093,-0.99089,-0.87607,-0.66235,-0.36398,-0.014003,0.34223,0.66061,0.91151,1.086,1.1923,1.248,1.2719,1.2761,1.266
4.22,4.434,4.5366,4.4489,4.0976,3.5334,2.9085,2.2845,1.6081,0.92722,0.63101,1.1511,2.1427,2.9391,3.2885,3.2514,2.9832,2.643,2.3535,2.173,2.0851,2.0178,1.8874,1.6463,1.3039,0.92075,0.58243,0.35731,0.25486,0.21355,0.14053,-0.038533,-0.34388,-0.7215,-1.0564,-1.2277,-1.1812,-0.96408,-0.6934,-0.50386,-0.48855,-0.66178,-0.94297,-1.1979,-1.3136,-1.269,-1.1391,-1.0406,-1.0787,-1.3118,-1.7462,-2.3224,-2.9096,-3.3191,-3.3846,-3.0656,-2.4929,-1.8618,-1.3228,-0.94743,-0.74531,-0.68341,-0.71198,-0.77933,-0.84163,-0.86789,-0.8396,-0.74648,-0.58235,-0.34958,-0.064627,0.2411,0.5293,0.768,0.94164,1.0526,1.1137,1.1405,1.1441,1.1305
4.335,4.5395,4.5933,4.4246,3.9864,3.3732,2.7732,2.2392,1.6883,1.1425,0.93988,1.4448,2.353,3.0705,3.358,3.2677,2.9527,2.5808,2.2885,2.138,2.0993,2.0774,1.9718,1.7289,1.3604,0.93563,0.55317,0.29968,0.19249,0.16892,0.12507,-0.026606,-0.31521,-0.69859,-1.0655,-1.2863,-1.2888,-1.1034,-0.8444,-0.6475,-0.60844,-0.74113,-0.96584,-1.1539,-1.2051,-1.1081,-0.94249,-0.82013,-0.83578,-1.0454,-1.4448,-1.9711,-2.5014,-2.8731,-2.9458,-2.6948,-2.2251,-1.6978,-1.2433,-0.92727,-0.75336,-0.69166,-0.69625,-0.7232,-0.74136,-0.73543,-0.70162,-0.63382,-0.5246,-0.36402,-0.15061,0.099894,0.35656,0.58581,0.76504,0.88802,0.96259,0.99958,1.0089,0.99735
4.408,4.6031,4.6167,4.3821,3.8738,3.2239,2.6498,2.1957,1.7552,1.3342,1.2257,1.7269,2.5577,3.192,3.4112,3.2635,2.9003,2.4967,2.2,2.0751,2.0791,2.0981,2.0184,1.7823,1.4033,0.95577,0.54703,0.27411,0.16205,0.14852,0.12375,-0.0055128,-0.27642,-0.65377,-1.0328,-1.2831,-1.3229,-1.1699,-0.93042,-0.73786,-0.68892,-0.7972,-0.98667,-1.1343,-1.147,-1.0197,-0.83026,-0.68825,-0.68675,-0.87554,-1.2492,-1.7417,-2.2318,-2.5689,-2.6356,-2.4176,-2.012,-1.5602,-1.1752,-0.91116,-0.76657,-0.70904,-0.69638,-0.69433,-0.6845,-0.66285,-0.6309,-0.58751,-0.52095,-0.41339,-0.25202,-0.041373,0.19387,0.41946,0.60741,0.74463,0.83374,0.88404,0.90466,0.902
4.4871,4.6672,4.6239,4.2973,3.6892,2.989,2.4559,2.1177,1.8354,1.5951,1.6287,2.136,2.8605,3.367,3.4731,3.2287,2.7846,2.3267,2.0195,1.9314,1.9993,2.0805,2.043,1.8245,1.4419,0.975,0.54025,0.24415,0.12507,0.12267,0.12365,0.027827,-0.2133,-0.57157,-0.95144,-1.2259,-1.3085,-1.2035,-1.003,-0.83171,-0.78223,-0.86861,-1.02,-1.1237,-1.0971,-0.93996,-0.72814,-0.56747,-0.54761,-0.71418,-1.0584,-1.5111,-1.9536,-2.2491,-2.3029,-2.1136,-1.7734,-1.4055,-1.1031,-0.90417,-0.79839,-0.7506,-0.72389,-0.69529,-0.66016,-0.62688,-0.60566,-0.59749,-0.58843,-0.55066,-0.45527,-0.29081,-0.074012,0.15811,0.36813,0.53363,0.64947,0.72195,0.76,0.77096
4.5444,4.7083,4.6071,4.186,3.4738,2.7215,2.2326,2.013,1.891,1.834,2.0141,2.5398,3.1654,3.5379,3.5159,3.1555,2.6106,2.0826,1.758,1.7098,1.8496,2.0013,2.0138,1.8212,1.4443,0.96801,0.51314,0.19674,0.067899,0.074514,0.10328,0.045514,-0.15454,-0.48019,-0.84471,-1.1302,-1.2471,-1.1894,-1.0329,-0.8915,-0.85245,-0.92812,-1.0535,-1.126,-1.0717,-0.8969,-0.67492,-0.50684,-0.47861,-0.63453,-0.96141,-1.3875,-1.7955,-2.0604,-2.1002,-1.9279,-1.633,-1.3257,-1.0845,-0.93621,-0.86131,-0.82191,-0.78598,-0.74142,-0.69566,-0.66575,-0.66631,-0.69825,-0.74462,-0.77112,-0.73641,-0.61311,-0.40728,-0.15758,0.087345,0.29215,0.44528,0.54853,0.6112,0.64178
4.5732,4.7247,4.5814,4.09,3.2995,2.507,2.0507,1.9176,1.9122,1.9882,2.2753,2.8199,3.3794,3.6533,3.531,3.0745,2.4425,1.8519,1.5105,1.4944,1.6921,1.8996,1.9518,1.781,1.4118,0.9326,0.46754,0.13897,0.0031777,0.015849,0.06471,0.036781,-0.12744,-0.42056,-0.76474,-1.0489,-1.185,-1.1577,-1.0343,-0.91732,-0.88969,-0.9639,-1.0784,-1.1361,-1.0689,-0.88491,-0.65822,-0.48876,-0.46192,-0.61708,-0.94149,-1.3628,-1.7636,-2.0194,-2.0554,-1.887,-1.6066,-1.3229,-1.1086,-0.9829,-0.92418,-0.89134,-0.8544,-0.80622,-0.76053,-0.74016,-0.76339,-0.82984,-0.92012,-0.99263,-0.99618,-0.89438,-0.68901,-0.42059,-0.14424,0.097492,0.28394,0.4142,0.49603,0.53934
4.5922,4.7288,4.5334,3.9532,3.0622,2.2168,1.7998,1.7741,1.9145,2.1572,2.5774,3.1492,3.6317,3.7812,3.5241,2.9332,2.176,1.4931,1.1256,1.1551,1.4333,1.7152,1.8182,1.6744,1.3155,0.83394,0.35907,0.017929,-0.12143,-0.096983,-0.021122,-0.0078409,-0.12633,-0.37392,-0.68464,-0.95503,-1.1021,-1.1054,-1.018,-0.93073,-0.91815,-0.99338,-1.0984,-1.1426,-1.0657,-0.87615,-0.64994,-0.4872,-0.46982,-0.63924,-0.97801,-1.4109,-1.8204,-2.0818,-2.1234,-1.9605,-1.6837,-1.4021,-1.1916,-1.0731,-1.0195,-0.99002,-0.95491,-0.91163,-0.88011,-0.8866,-0.94746,-1.0642,-1.21,-1.3369,-1.3842,-1.3039,-1.0902,-0.78735,-0.46186,-0.16817,0.065538,0.23482,0.34694,0.41193
4.5921,4.7196,4.4898,3.8495,2.89,2.0074,1.6149,1.6608,1.9002,2.257,2.7675,3.3582,3.7902,3.8537,3.499,2.8075,1.9542,1.1994,0.8118,0.87689,1.2149,1.5496,1.687,1.5612,1.2078,0.72311,0.23942,-0.11172,-0.2534,-0.21751,-0.11705,-0.069924,-0.15124,-0.36348,-0.64664,-0.90386,-1.0535,-1.0721,-1.0037,-0.93223,-0.92678,-0.99933,-1.0948,-1.1301,-1.0496,-0.86528,-0.64918,-0.4971,-0.49152,-0.67445,-1.0312,-1.4871,-1.92,-2.2017,-2.2496,-2.0827,-1.7963,-1.5025,-1.2779,-1.1461,-1.0858,-1.0573,-1.031,-1.0021,-0.98862,-1.0176,-1.1088,-1.2588,-1.4428,-1.6073,-1.6824,-1.6109,-1.3844,-1.0517,-0.68788,-0.356,-0.087543,0.1088,0.23988,0.31726
4.5726,4.6921,4.4249,3.7183,2.6819,1.7577,1.39,1.5136,1.867,2.3574,2.9719,3.5843,3.9575,3.9183,3.4441,2.6268,1.6514,0.80499,0.39404,0.507,0.9191,1.314,1.4867,1.3766,1.0237,0.52967,0.029155,-0.33698,-0.4819,-0.42778,-0.28863,-0.19294,-0.2213,-0.38515,-0.63007,-0.86608,-1.014,-1.0448,-0.99302,-0.93076,-0.92319,-0.98398,-1.0663,-1.0931,-1.0123,-0.83528,-0.63174,-0.49651,-0.51157,-0.71799,-1.1041,-1.5979,-2.0769,-2.4008,-2.4774,-2.3089,-1.9919,-1.652,-1.3818,-1.2168,-1.139,-1.1119,-1.1037,-1.1056,-1.1317,-1.2046,-1.3387,-1.5327,-1.7534,-1.943,-2.0288,-1.9528,-1.7075,-1.3441,-0.94183,-0.56827,-0.26301,-0.036263,0.11694,0.20815
4.5316,4.6484,4.3558,3.6035,2.5138,1.5617,1.2097,1.3864,1.8282,2.4267,3.1236,3.7512,4.0743,3.9487,3.3733,2.4499,1.3722,0.45183,0.028851,0.18741,0.65718,1.0901,1.2771,1.1637,0.79834,0.2871,-0.23174,-0.60964,-0.75107,-0.67477,-0.49604,-0.35241,-0.3304,-0.44837,-0.65561,-0.86943,-1.0098,-1.044,-0.99551,-0.92878,-0.90671,-0.94509,-1.0056,-1.0187,-0.93723,-0.77128,-0.58693,-0.47405,-0.50938,-0.73822,-1.1491,-1.6744,-2.1947,-2.5665,-2.6728,-2.5025,-2.15,-1.7544,-1.4276,-1.22,-1.1271,-1.1126,-1.1387,-1.1865,-1.2598,-1.3756,-1.5482,-1.7672,-2.0032,-2.1967,-2.2738,-2.1782,-1.9078,-1.5192,-1.0939,-0.70036,-0.37686,-0.13651,0.025404,0.1209
4.487,4.6061,4.3037,3.5321,2.4218,1.4599,1.1133,1.312,1.801,2.4619,3.2053,3.839,4.1298,3.9507,3.3148,2.3302,1.1975,0.24338,-0.17681,0.0092662,0.50271,0.94293,1.1229,0.99346,0.60948,0.081374,-0.44886,-0.83034,-0.96505,-0.87131,-0.6671,-0.49139,-0.43432,-0.51774,-0.69774,-0.89321,-1.0266,-1.0584,-1.0085,-0.93323,-0.89269,-0.90659,-0.9416,-0.93908,-0.85717,-0.70454,-0.53905,-0.44144,-0.48786,-0.72056,-1.1357,-1.6727,-2.216,-2.6158,-2.7466,-2.5768,-2.1981,-1.7618,-1.3954,-1.1608,-1.0614,-1.0616,-1.1206,-1.2132,-1.3347,-1.4925,-1.6907,-1.9204,-2.1459,-2.3116,-2.3543,-2.2309,-1.9458,-1.5529,-1.128,-0.73464,-0.41316,-0.17642,-0.019579,0.071101
4.41,4.5384,4.2364,3.4597,2.3488,1.3907,1.0429,1.2474,1.7716,2.4883,3.2726,3.9056,4.1588,3.9241,3.2295,2.1939,1.0282,0.068864,-0.33114,-0.12529,0.36546,0.78105,0.92489,0.75792,0.34124,-0.20948,-0.74868,-1.1272,-1.2493,-1.1317,-0.8962,-0.68117,-0.5827,-0.62733,-0.77825,-0.956,-1.0815,-1.1087,-1.0445,-0.94233,-0.86313,-0.8372,-0.83989,-0.819,-0.73704,-0.59821,-0.45244,-0.37295,-0.42848,-0.65964,-1.0638,-1.5854,-2.1188,-2.5244,-2.6706,-2.5101,-2.1185,-1.6489,-1.2458,-0.99148,-0.89583,-0.92997,-1.0486,-1.2136,-1.4047,-1.6154,-1.8407,-2.0646,-2.2539,-2.3606,-2.3382,-2.1653,-1.8605,-1.4751,-1.0713,-0.70234,-0.39933,-0.17586,-0.030417,0.04761
4.34,4.4806,4.1881,3.4233,2.331,1.387,1.032,1.224,1.7535,2.4917,3.291,3.9174,4.1467,3.8815,3.1606,2.1119,0.95324,0.019916,-0.35542,-0.15072,0.31179,0.68495,0.78348,0.57688,0.13124,-0.43411,-0.97343,-1.3418,-1.4476,-1.3108,-1.0517,-0.811,-0.68746,-0.71151,-0.84748,-1.0198,-1.1448,-1.1706,-1.0939,-0.96458,-0.84918,-0.78255,-0.75295,-0.71543,-0.63289,-0.50935,-0.38404,-0.31976,-0.37833,-0.59607,-0.9716,-1.4568,-1.9573,-2.3427,-2.4856,-2.3276,-1.9346,-1.4601,-1.0545,-0.80341,-0.72807,-0.79763,-0.96513,-1.1875,-1.4347,-1.6876,-1.9295,-2.1386,-2.2832,-2.3278,-2.246,-2.034,-1.7168,-1.3412,-0.96046,-0.61847,-0.34413,-0.14723,-0.023189,0.041428
4.2324,4.3959,4.1281,3.3972,2.3511,1.4362,1.0635,1.2178,1.7292,2.4701,3.2697,3.8811,4.0834,3.7921,3.06,2.0256,0.91377,0.04643,-0.2899,-0.10775,0.28802,0.58086,0.60229,0.33147,-0.15572,-0.73333,-1.2578,-1.5951,-1.6674,-1.5043,-1.2221,-0.95908,-0.81385,-0.81863,-0.94234,-1.1113,-1.2407,-1.2685,-1.1815,-1.0205,-0.85285,-0.72709,-0.64523,-0.57756,-0.4942,-0.39166,-0.29589,-0.25272,-0.31159,-0.50259,-0.8246,-1.2372,-1.6612,-1.9856,-2.1012,-1.9492,-1.578,-1.1245,-0.73623,-0.50951,-0.46535,-0.58491,-0.82236,-1.1263,-1.4504,-1.7572,-2.0168,-2.1992,-2.2793,-2.2393,-2.0764,-1.8086,-1.4714,-1.108,-0.75933,-0.45917,-0.2225,-0.059577,0.03326,0.068407
4.1107,4.3041,4.0733,3.3933,2.4091,1.5289,1.129,1.2264,1.6948,2.4115,3.1928,3.7819,3.9623,3.6608,2.9402,1.9509,0.91853,0.13769,-0.16202,-0.020894,0.28599,0.48015,0.41308,0.074532,-0.44911,-1.0232,-1.5084,-1.7899,-1.817,-1.6296,-1.337,-1.0663,-0.91152,-0.90814,-1.0297,-1.2064,-1.3497,-1.3884,-1.2933,-1.0975,-0.87296,-0.68267,-0.54763,-0.45145,-0.37017,-0.29085,-0.22685,-0.2079,-0.26574,-0.42705,-0.6876,-1.0134,-1.3406,-1.5841,-1.6481,-1.4868,-1.1415,-0.73253,-0.39355,-0.21086,-0.21768,-0.391,-0.68677,-1.0533,-1.4387,-1.7927,-2.0683,-2.2274,-2.2486,-2.13,-1.892,-1.5715,-1.2128,-0.85718,-0.53729,-0.27277,-0.079457,0.042745,0.10183,0.1125
4.0113,4.232,4.0351,3.4005,2.4672,1.6115,1.1848,1.2314,1.6549,2.3402,3.0976,3.6667,3.8335,3.5319,2.8321,1.8908,0.92996,0.21802,-0.059096,0.04324,0.27622,0.39104,0.255,-0.13235,-0.67628,-1.2343,-1.671,-1.8944,-1.8805,-1.676,-1.3837,-1.1158,-0.96165,-0.95754,-1.0832,-1.2702,-1.4307,-1.4837,-1.3894,-1.1698,-0.89987,-0.65651,-0.47898,-0.36388,-0.28734,-0.23482,-0.20267,-0.20468,-0.26552,-0.39777,-0.60401,-0.85995,-1.1142,-1.291,-1.3183,-1.1522,-0.82818,-0.45424,-0.15377,-0.010053,-0.051662,-0.2613,-0.59679,-1.0055,-1.4305,-1.8133,-2.0983,-2.2409,-2.2224,-2.053,-1.7677,-1.4139,-1.039,-0.68249,-0.37332,-0.13203,0.038749,0.1365,0.1707,0.15853
3.8704,4.1327,3.9865,3.4162,2.5494,1.7192,1.2496,1.2204,1.5735,2.204,2.92,3.4592,3.6112,3.3175,2.6572,1.7912,0.9314,0.30657,0.050217,0.095958,0.23045,0.24164,0.017021,-0.43047,-0.99031,-1.5093,-1.8631,-1.9931,-1.9136,-1.6847,-1.3934,-1.1375,-0.99221,-0.99692,-1.1365,-1.346,-1.5371,-1.6135,-1.5218,-1.2693,-0.93841,-0.62821,-0.39836,-0.2587,-0.19151,-0.17177,-0.18511,-0.22706,-0.29965,-0.41079,-0.55823,-0.72554,-0.87825,-0.96682,-0.93389,-0.7548,-0.46136,-0.14159,0.10084,0.19018,0.10385,-0.14433,-0.51654,-0.96269,-1.4239,-1.834,-2.1268,-2.253,-2.1927,-1.9673,-1.627,-1.2308,-0.83227,-0.47149,-0.1745,0.044738,0.18391,0.24987,0.25686,0.22498
3.7233,4.0313,3.9387,3.431,2.6224,1.8057,1.2861,1.1765,1.4519,2.0183,2.685,3.1917,3.3322,3.0531,2.4416,1.6584,0.89826,0.34812,0.10093,0.089287,0.1318,0.047499,-0.2568,-0.75359,-1.3146,-1.7761,-2.0274,-2.0509,-1.8987,-1.642,-1.3557,-1.1162,-0.99256,-1.019,-1.1814,-1.4197,-1.6393,-1.7389,-1.6395,-1.3478,-0.95658,-0.58511,-0.31312,-0.16032,-0.10814,-0.13097,-0.19752,-0.2844,-0.37974,-0.47446,-0.57081,-0.66435,-0.73525,-0.74576,-0.6613,-0.46353,-0.18676,0.088524,0.27247,0.30756,0.17206,-0.11377,-0.51042,-0.96936,-1.4357,-1.8469,-2.1365,-2.2471,-2.1615,-1.9002,-1.5174,-1.0806,-0.65278,-0.28045,0.0089479,0.2087,0.31673,0.34947,0.32959,0.2835
3.6112,3.9553,3.9024,3.4375,2.6634,1.8474,1.2866,1.1165,1.3322,1.8468,2.4727,2.9529,3.085,2.8205,2.2501,1.5316,0.84293,0.3413,0.09544,0.040486,0.018253,-0.13028,-0.48539,-1.01,-1.5615,-1.97,-2.1381,-2.0818,-1.8773,-1.6011,-1.3167,-1.0893,-0.97921,-1.0211,-1.2008,-1.4605,-1.7019,-1.8153,-1.7122,-1.3942,-0.961,-0.54931,-0.24984,-0.088806,-0.050094,-0.10173,-0.20704,-0.33256,-0.45266,-0.55156,-0.62631,-0.67557,-0.68953,-0.64641,-0.52172,-0.31239,-0.053765,0.18459,0.3275,0.32327,0.16331,-0.13472,-0.53612,-0.9976,-1.4664,-1.8774,-2.1587,-2.2543,-2.1391,-1.8415,-1.4258,-0.9663,-0.5269,-0.15305,0.12954,0.31113,0.40137,0.41677,0.38169,0.325
3.4633,3.8562,3.8523,3.4349,2.6921,1.8636,1.2443,0.99591,1.1343,1.5785,2.1461,2.5871,2.7072,2.4654,1.9536,1.3222,0.72431,0.27915,0.029139,-0.082887,-0.18465,-0.40753,-0.81537,-1.3586,-1.8809,-2.2102,-2.2715,-2.1188,-1.8529,-1.5517,-1.2689,-1.0565,-0.96426,-1.0237,-1.2214,-1.5004,-1.7632,-1.8894,-1.7821,-1.4314,-0.94963,-0.49095,-0.16117,0.0071188,0.029235,-0.057828,-0.21309,-0.3915,-0.55173,-0.66811,-0.73044,-0.74188,-0.7027,-0.60387,-0.43609,-0.20925,0.035938,0.2355,0.32734,0.27626,0.079521,-0.23895,-0.64298,-1.0911,-1.5354,-1.9175,-2.1717,-2.2344,-2.0855,-1.7513,-1.2983,-0.80719,-0.34949,0.024508,0.28911,0.44238,0.49465,0.47329,0.41188,0.34659
3.3566,3.785,3.8132,3.4223,2.6902,1.842,1.177,0.87478,0.96071,1.3547,1.8763,2.2848,2.3951,2.1711,1.7049,1.1385,0.60416,0.19465,-0.062057,-0.21457,-0.36896,-0.63716,-1.0706,-1.611,-2.0998,-2.3697,-2.3626,-2.1515,-1.8475,-1.5286,-1.2458,-1.0427,-0.96392,-1.0344,-1.2413,-1.5261,-1.7943,-1.9237,-1.8074,-1.4338,-0.92112,-0.4376,-0.09535,0.072201,0.082182,-0.026645,-0.20987,-0.41926,-0.60979,-0.74631,-0.81526,-0.81753,-0.75516,-0.62498,-0.43179,-0.19322,0.044038,0.21777,0.27455,0.18988,-0.029916,-0.35609,-0.75307,-1.1841,-1.6067,-1.9644,-2.1874,-2.2182,-2.0312,-1.6585,-1.1751,-0.66737,-0.20753,0.15641,0.40145,0.5249,0.54727,0.49753,0.41408,0.33939
3.2239,3.6962,3.7589,3.3896,2.6542,1.7659,1.0381,0.67451,0.7039,1.0375,1.4968,1.8581,1.9532,1.7538,1.3503,0.86821,0.41017,0.039054,-0.22912,-0.42972,-0.64109,-0.95003,-1.3939,-1.9096,-2.3449,-2.5457,-2.4726,-2.2104,-1.8724,-1.5365,-1.2499,-1.0509,-0.97965,-1.0561,-1.2664,-1.5537,-1.8241,-1.9516,-1.8215,-1.42,-0.87563,-0.36864,-0.017815,0.14542,0.14286,0.015344,-0.19156,-0.43201,-0.65896,-0.833,-0.9268,-0.93071,-0.84777,-0.68806,-0.46742,-0.22157,-0.0010621,0.13802,0.15294,0.028547,-0.21699,-0.55275,-0.94239,-1.3494,-1.732,-2.0361,-2.2008,-2.1653,-1.9174,-1.4967,-0.98105,-0.45813,-0.0017016,0.3396,0.54485,0.61935,0.58712,0.48816,0.3708,0.28571
3.1066,3.6159,3.7023,3.338,2.5797,1.637,0.84553,0.43616,0.42944,0.71463,1.1125,1.4203,1.4954,1.3209,0.97987,0.57724,0.18735,-0.15179,-0.43081,-0.66916,-0.91789,-1.2408,-1.6651,-2.1328,-2.5083,-2.6609,-2.5627,-2.2894,-1.9455,-1.6034,-1.3081,-1.1018,-1.0221,-1.0917,-1.2942,-1.5758,-1.8404,-1.9603,-1.8187,-1.4011,-0.8431,-0.32464,0.030817,0.19233,0.1856,0.049016,-0.16966,-0.42523,-0.67639,-0.87743,-0.99912,-1.0228,-0.94295,-0.76895,-0.5335,-0.2824,-0.075719,0.030371,0.0016376,-0.16393,-0.43982,-0.78624,-1.1637,-1.537,-1.8679,-2.1061,-2.1928,-2.0817,-1.7674,-1.2985,-0.75835,-0.2347,0.20217,0.50814,0.66643,0.6846,0.59489,0.44261,0.28451,0.18138
3.0319,3.5621,3.6583,3.288,2.5012,1.5089,0.67148,0.24109,0.22391,0.48344,0.83503,1.0973,1.1527,0.99484,0.69971,0.35296,0.0091192,-0.30771,-0.59066,-0.84805,-1.1112,-1.4264,-1.8158,-2.2321,-2.563,-2.698,-2.6106,-2.3578,-2.0284,-1.6895,-1.3882,-1.1716,-1.0797,-1.1357,-1.3237,-1.5896,-1.8396,-1.9492,-1.8036,-1.3892,-0.83436,-0.32192,0.031622,0.19574,0.19142,0.061854,-0.15285,-0.41195,-0.67267,-0.8951,-1.0383,-1.0739,-0.99295,-0.81186,-0.56815,-0.32001,-0.13072,-0.053731,-0.11726,-0.31548,-0.61583,-0.97309,-1.3438,-1.6901,-1.974,-2.1494,-2.1675,-1.9904,-1.6281,-1.1337,-0.58753,-0.0725,0.34442,0.62067,0.74072,0.71572,0.57973,0.38311,0.1898,0.068996
2.9536,3.4996,3.5981,3.2085,2.3722,1.3074,0.41618,-0.021008,-0.026974,0.21264,0.50296,0.69616,0.71735,0.57781,0.3409,0.062796,-0.22703,-0.51641,-0.79685,-1.0633,-1.3242,-1.6047,-1.9243,-2.2602,-2.5385,-2.6764,-2.6384,-2.449,-2.166,-1.8459,-1.5415,-1.3061,-1.1887,-1.2143,-1.3707,-1.6064,-1.833,-1.9318,-1.7888,-1.387,-0.84785,-0.34793,-0.0033918,0.1569,0.15642,0.035072,-0.1674,-0.41607,-0.67493,-0.90267,-1.055,-1.0955,-1.0116,-0.82244,-0.57725,-0.34148,-0.18234,-0.15118,-0.26859,-0.51802,-0.85606,-1.2282,-1.586,-1.8902,-2.1042,-2.1881,-2.1061,-1.8435,-1.423,-0.90381,-0.36309,0.12456,0.50053,0.72866,0.79736,0.71679,0.52607,0.28059,0.049232,-0.092966
2.9026,3.4485,3.5378,3.1202,2.2284,1.0914,0.15988,-0.25661,-0.22414,0.010748,0.2408,0.35523,0.33158,0.2042,0.017255,-0.20359,-0.44894,-0.71194,-0.97892,-1.2314,-1.4604,-1.6786,-1.9111,-2.163,-2.4017,-2.5692,-2.6167,-2.5291,-2.3242,-2.0431,-1.7414,-1.4824,-1.3267,-1.3083,-1.4224,-1.6213,-1.8224,-1.9124,-1.7832,-1.4098,-0.90046,-0.42061,-0.086576,0.069,0.07007,-0.043915,-0.23257,-0.46216,-0.70209,-0.91289,-1.0492,-1.0721,-0.96948,-0.76723,-0.52386,-0.31147,-0.19616,-0.22268,-0.40247,-0.71126,-1.0923,-1.4826,-1.8262,-2.0796,-2.2079,-2.1839,-1.9956,-1.6546,-1.199,-0.68546,-0.17637,0.26953,0.60322,0.79066,0.81807,0.69694,0.46019,0.16688,-0.10624,-0.2739
2.883,3.4178,3.4939,3.0537,2.1218,0.93716,-0.012051,-0.39565,-0.32081,-0.082286,0.10358,0.15504,0.091294,-0.034965,-0.19413,-0.38229,-0.60123,-0.8432,-1.0886,-1.3124,-1.4989,-1.6579,-1.8213,-2.0155,-2.2333,-2.4328,-2.5592,-2.5666,-2.44,-2.2012,-1.9055,-1.6286,-1.4401,-1.3853,-1.4649,-1.6353,-1.8169,-1.8989,-1.78,-1.431,-0.95033,-0.49592,-0.18014,-0.034781,-0.03646,-0.14313,-0.31596,-0.52466,-0.74044,-0.92749,-1.0399,-1.0374,-0.91121,-0.69555,-0.45347,-0.25921,-0.17787,-0.25084,-0.48424,-0.84358,-1.2641,-1.6714,-1.9997,-2.2027,-2.2541,-2.1451,-1.8836,-1.4991,-1.0338,-0.53772,-0.062318,0.34394,0.63984,0.79596,0.79947,0.65743,0.40302,0.092248,-0.199,-0.38281
2.8829,3.3863,3.4393,2.9709,1.998,0.77009,-0.17923,-0.50043,-0.3598,-0.11272,0.017684,-0.015165,-0.14129,-0.28204,-0.42341,-0.58561,-0.77831,-0.98735,-1.1855,-1.346,-1.4558,-1.5294,-1.6093,-1.7413,-1.9422,-2.1867,-2.4159,-2.5557,-2.5471,-2.3789,-2.1053,-1.8135,-1.5924,-1.4964,-1.5335,-1.665,-1.8153,-1.8826,-1.7688,-1.4491,-1.0124,-0.60277,-0.32352,-0.20229,-0.2148,-0.32038,-0.48034,-0.66364,-0.8415,-0.97721,-1.0292,-0.96821,-0.79766,-0.56074,-0.32375,-0.16053,-0.13367,-0.27871,-0.59084,-1.0202,-1.4892,-1.9059,-2.199,-2.326,-2.2734,-2.0542,-1.7075,-1.2796,-0.8191,-0.36733,0.043689,0.3864,0.63356,0.7594,0.74684,0.59687,0.33599,0.016496,-0.28549,-0.48075
2.9034,3.3704,3.4019,2.9191,1.9325,0.69635,-0.23137,-0.49697,-0.31,-0.058387,0.033539,-0.059995,-0.23823,-0.40296,-0.54783,-0.70602,-0.8865,-1.0676,-1.219,-1.3181,-1.3604,-1.3699,-1.3968,-1.4951,-1.6892,-1.9629,-2.2586,-2.4892,-2.5677,-2.461,-2.2136,-1.9231,-1.6893,-1.5729,-1.5844,-1.6878,-1.8117,-1.8609,-1.7461,-1.4458,-1.0447,-0.67409,-0.43066,-0.33692,-0.36582,-0.47716,-0.63085,-0.79538,-0.94112,-1.0309,-1.0269,-0.91088,-0.70092,-0.44677,-0.22015,-0.089842,-0.10941,-0.30569,-0.66774,-1.1449,-1.64,-2.0592,-2.3215,-2.3825,-2.2438,-1.9464,-1.55,-1.1123,-0.67771,-0.27286,0.085233,0.38065,0.5934,0.70082,0.68501,0.54306,0.2938,-0.013973,-0.30806,-0.50195
2.9578,3.3601,3.3595,2.874,1.9026,0.69976,-0.16751,-0.36079,-0.12844,0.11983,0.16438,-0.0035282,-0.25322,-0.46608,-0.63887,-0.81097,-0.98709,-1.1328,-1.2145,-1.2228,-1.173,-1.1033,-1.0717,-1.1351,-1.3221,-1.6212,-1.9773,-2.2994,-2.4808,-2.4601,-2.2658,-1.9993,-1.7707,-1.6465,-1.6373,-1.7057,-1.7866,-1.7979,-1.6719,-1.3964,-1.0446,-0.73399,-0.54561,-0.49802,-0.56304,-0.69303,-0.84511,-0.98514,-1.0829,-1.1067,-1.0306,-0.85001,-0.59476,-0.32461,-0.10843,-0.011053,-0.082803,-0.3459,-0.7801,-1.3132,-1.8406,-2.2431,-2.4362,-2.3945,-2.1503,-1.7711,-1.3364,-0.9033,-0.51223,-0.17893,0.09762,0.32285,0.49342,0.59162,0.59286,0.48194,0.27,-0.0063294,-0.28077,-0.47061
3.0414,3.3644,3.3318,2.8679,1.9582,0.84474,0.06844,-0.066535,0.18072,0.41079,0.41136,0.1813,-0.1381,-0.41487,-0.63872,-0.84817,-1.0343,-1.1488,-1.1585,-1.0736,-0.93553,-0.79868,-0.72298,-0.75968,-0.93752,-1.2442,-1.6284,-2.0006,-2.2527,-2.3058,-2.1778,-1.9628,-1.7671,-1.6595,-1.6458,-1.6893,-1.7253,-1.6883,-1.53,-1.2595,-0.95155,-0.70515,-0.58621,-0.60245,-0.71798,-0.88278,-1.0484,-1.1757,-1.2329,-1.1926,-1.0417,-0.79639,-0.50308,-0.22507,-0.030563,0.022106,-0.10838,-0.43424,-0.92378,-1.4943,-2.0194,-2.3729,-2.4753,-2.3244,-1.9859,-1.5536,-1.1082,-0.71415,-0.39356,-0.14319,0.056029,0.22352,0.36409,0.46192,0.48918,0.42458,0.26457,0.04082,-0.19174,-0.36363
3.1213,3.3777,3.3242,2.895,2.0636,1.0503,0.35526,0.24869,0.48489,0.69038,0.66135,0.39258,0.024662,-0.30588,-0.58062,-0.83043,-1.0323,-1.1267,-1.084,-0.93295,-0.73555,-0.55734,-0.45745,-0.48105,-0.65134,-0.95531,-1.344,-1.7273,-2.0012,-2.0909,-2.0118,-1.8499,-1.6986,-1.6164,-1.6058,-1.6291,-1.6294,-1.5516,-1.3645,-1.092,-0.81117,-0.61618,-0.55781,-0.63102,-0.79439,-0.98963,-1.1676,-1.2891,-1.3216,-1.2435,-1.0507,-0.77099,-0.45958,-0.18372,-0.0084004,0.01175,-0.15959,-0.52777,-1.051,-1.6331,-2.1355,-2.4303,-2.4542,-2.2305,-1.8426,-1.3897,-0.95588,-0.59281,-0.32003,-0.12961,0.0071853,0.12505,0.24335,0.35114,0.41322,0.39545,0.28474,0.10152,-0.10334,-0.2616
3.2496,3.4088,3.3337,2.9775,2.2896,1.4404,0.85818,0.76817,0.96465,1.1253,1.0582,0.74803,0.32234,-0.081717,-0.43257,-0.74354,-0.97426,-1.0509,-0.94938,-0.72398,-0.46232,-0.24181,-0.11937,-0.13234,-0.29209,-0.58289,-0.95491,-1.3245,-1.5949,-1.7101,-1.6868,-1.5969,-1.5155,-1.4771,-1.4761,-1.4729,-1.4246,-1.2909,-1.0678,-0.79147,-0.54492,-0.4097,-0.4261,-0.57852,-0.8133,-1.0654,-1.2749,-1.3986,-1.4083,-1.2897,-1.0549,-0.74497,-0.42391,-0.16206,-0.020388,-0.048803,-0.27567,-0.69534,-1.251,-1.827,-2.2742,-2.4696,-2.378,-2.0582,-1.6156,-1.154,-0.75029,-0.44564,-0.25122,-0.14725,-0.090096,-0.028092,0.071579,0.20068,0.31507,0.36362,0.3249,0.20698,0.050401,-0.087288
3.3609,3.4425,3.3559,3.0729,2.5161,1.803,1.3007,1.2093,1.3635,1.4839,1.3898,1.0556,0.59286,0.13608,-0.27306,-0.63159,-0.88775,-0.96056,-0.82916,-0.56222,-0.26372,-0.019648,0.11447,0.10831,-0.042012,-0.31734,-0.66899,-1.0183,-1.2776,-1.4004,-1.4043,-1.3552,-1.3183,-1.3142,-1.3243,-1.3061,-1.2199,-1.0439,-0.7905,-0.5127,-0.29291,-0.20417,-0.27395,-0.48082,-0.76794,-1.0651,-1.3092,-1.4478,-1.45,-1.309,-1.0493,-0.72686,-0.41143,-0.16832,-0.059341,-0.12723,-0.39504,-0.84928,-1.4204,-1.9786,-2.3633,-2.4671,-2.2858,-1.9043,-1.4372,-0.98427,-0.61275,-0.35762,-0.22162,-0.17742,-0.172,-0.14314,-0.050596,0.097182,0.24926,0.35017,0.36062,0.2889,0.1707,0.055676
3.5271,3.503,3.4074,3.2403,2.8757,2.3456,1.9381,1.8339,1.9239,1.9866,1.8587,1.4992,0.99582,0.47468,-0.0086016,-0.42993,-0.72434,-0.80456,-0.65252,-0.34968,-0.016523,0.25001,0.39454,0.39558,0.25689,0.0027311,-0.32115,-0.64188,-0.88488,-1.0106,-1.0353,-1.0211,-1.0182,-1.0415,-1.0582,-1.0243,-0.89882,-0.67712,-0.38863,-0.1059,0.084885,0.11698,-0.026153,-0.30993,-0.66855,-1.0231,-1.3029,-1.4568,-1.4566,-1.3063,-1.0402,-0.72022,-0.41926,-0.20658,-0.138,-0.25523,-0.57579,-1.0744,-1.6609,-2.1798,-2.4688,-2.4457,-2.1528,-1.7047,-1.2189,-0.78341,-0.45594,-0.2574,-0.18629,-0.2115,-0.27248,-0.29227,-0.2137,-0.038477,0.17323,0.34296,0.43135,0.42651,0.3539,0.25664
3.7107,3.582,3.4852,3.4484,3.2786,2.9173,2.5864,2.4625,2.4883,2.4948,2.3355,1.9575,1.4229,0.84628,0.29807,-0.1817,-0.51658,-0.61486,-0.46008,-0.14189,0.20837,0.48592,0.63409,0.6368,0.50465,0.26547,-0.033665,-0.33107,-0.55851,-0.68253,-0.72166,-0.72585,-0.73882,-0.76438,-0.76983,-0.70928,-0.55238,-0.30103,0.00070917,0.27748,0.44065,0.43061,0.23456,-0.10988,-0.52906,-0.94153,-1.2649,-1.4406,-1.4463,-1.2916,-1.0249,-0.71545,-0.43752,-0.25894,-0.23468,-0.40413,-0.77882,-1.3199,-1.9146,-2.386,-2.5718,-2.4256,-2.0326,-1.5278,-1.0278,-0.61166,-0.32179,-0.17749,-0.16673,-0.24917,-0.35555,-0.40185,-0.32656,-0.13056,0.12331,0.3546,0.50506,0.56189,0.54126,0.47513
3.8583,3.6539,3.5604,3.6254,3.5958,3.346,3.0599,2.9178,2.8983,2.8661,2.6866,2.298,1.7456,1.1351,0.54476,0.027049,-0.33581,-0.45235,-0.30664,0.010092,0.36249,0.64154,0.78903,0.79081,0.66029,0.42571,0.13288,-0.15926,-0.385,-0.50863,-0.55002,-0.55413,-0.56526,-0.58181,-0.57258,-0.48927,-0.30932,-0.042826,0.26386,0.5302,0.67317,0.63163,0.4023,0.027002,-0.42523,-0.86468,-1.2134,-1.4095,-1.4245,-1.2758,-1.0152,-0.71823,-0.4619,-0.3107,-0.32097,-0.52711,-0.93557,-1.4993,-2.0927,-2.5269,-2.6399,-2.4152,-1.9641,-1.4305,-0.92624,-0.52134,-0.25297,-0.1324,-0.14514,-0.25191,-0.38372,-0.45141,-0.38332,-0.17349,0.11251,0.38582,0.58233,0.67992,0.69072,0.64363
4.0656,3.7673,3.6822,3.8812,4.0216,3.8977,3.6571,3.4894,3.4157,3.3388,3.1377,2.7391,2.1687,1.5221,0.88572,0.32705,-0.068132,-0.21333,-0.093815,0.20405,0.54672,0.82132,0.96537,0.96386,0.82865,0.5879,0.28252,-0.023924,-0.26433,-0.39401,-0.42511,-0.41125,-0.39567,-0.38716,-0.35262,-0.24943,-0.054658,0.22026,0.52339,0.77838,0.90236,0.84182,0.59045,0.18781,-0.2944,-0.76866,-1.1464,-1.3601,-1.3848,-1.2456,-1.0041,-0.73583,-0.51239,-0.39798,-0.44198,-0.68265,-1.1271,-1.7209,-2.3191,-2.709,-2.7438,-2.433,-1.9179,-1.3497,-0.83447,-0.43445,-0.1793,-0.076102,-0.10841,-0.23346,-0.37981,-0.45703,-0.3913,-0.1717,0.14072,0.45749,0.70449,0.85304,0.90628,0.88557
4.283,3.9011,3.8276,4.1499,4.4347,4.4095,4.2,4.0073,3.8872,3.7746,3.5591,3.1582,2.5772,1.9029,1.2325,0.64362,0.2202,0.041442,0.12322,0.38836,0.70987,0.97327,1.1094,1.098,0.94742,0.68586,0.35438,0.017423,-0.24967,-0.39376,-0.41927,-0.38066,-0.3317,-0.28835,-0.22396,-0.09993,0.10523,0.37912,0.67249,0.91428,1.0266,0.96144,0.70988,0.30651,-0.17996,-0.66625,-1.0599,-1.2882,-1.327,-1.2046,-0.98863,-0.75485,-0.57061,-0.4922,-0.57174,-0.84355,-1.3117,-1.9158,-2.5021,-2.8538,-2.826,-2.4577,-1.9047,-1.3183,-0.79791,-0.39802,-0.14389,-0.035779,-0.056849,-0.16878,-0.30735,-0.38635,-0.32674,-0.10494,0.2272,0.57353,0.86631,1.0609,1.1504,1.1498
4.4519,4.0156,3.9512,4.3545,4.7291,4.7603,4.5646,4.3528,4.2028,4.0691,3.8492,3.4519,2.8683,2.1783,1.4869,0.879,0.43652,0.23313,0.28579,0.52415,0.82597,1.0761,1.2015,1.1769,1.0087,0.72387,0.36459,-0.0043509,-0.30103,-0.46364,-0.48938,-0.43061,-0.35197,-0.27728,-0.18896,-0.04999,0.16013,0.42736,0.71146,0.94202,1.0522,0.9888,0.74816,0.36372,-0.1065,-0.57687,-0.96458,-1.2002,-1.2547,-1.1585,-0.97337,-0.77212,-0.619,-0.56749,-0.66639,-0.95147,-1.4271,-2.0321,-2.6082,-2.9351,-2.8761,-2.4796,-1.9089,-1.3147,-0.79148,-0.38885,-0.12662,-0.0075682,-0.013845,-0.10755,-0.22622,-0.28757,-0.21691,0.0092857,0.34472,0.70822,1.015,1.2256,1.3318,1.3462
4.6833,4.1882,4.1352,4.6273,5.0959,5.1809,4.9913,4.7526,4.5681,4.4155,4.1992,3.8161,3.2362,2.5314,1.8139,1.1819,0.71799,0.4895,0.51012,0.71422,0.98485,1.208,1.3086,1.2565,1.0591,0.73906,0.33448,-0.087051,-0.43702,-0.63595,-0.66361,-0.57507,-0.44458,-0.3193,-0.19593,-0.047803,0.14805,0.39018,0.647,0.86702,0.98726,0.96198,0.77309,0.44071,0.017229,-0.42417,-0.79759,-1.0353,-1.1139,-1.0602,-0.93326,-0.79218,-0.68921,-0.67388,-0.79165,-1.0814,-1.5503,-2.1371,-2.6842,-2.9784,-2.8892,-2.4773,-1.9062,-1.3193,-0.80223,-0.39795,-0.12372,0.021173,0.05246,0.002579,-0.074861,-0.10686,-0.022071,0.20968,0.55305,0.92626,1.255,1.4896,1.6144,1.6379
4.861,4.3336,4.2881,4.8308,5.3507,5.4613,5.2678,5.0068,4.7999,4.6403,4.4352,4.071,3.5007,2.7884,2.0512,1.4002,0.92161,0.67935,0.68158,0.86095,1.1037,1.2988,1.3725,1.2943,1.0733,0.72845,0.29393,-0.16729,-0.55909,-0.79088,-0.82507,-0.71612,-0.54999,-0.38828,-0.23996,-0.0865,0.095084,0.31077,0.541,0.75037,0.88536,0.90273,0.77448,0.50619,0.13878,-0.26509,-0.6256,-0.87311,-0.97949,-0.96773,-0.88785,-0.79491,-0.73482,-0.74851,-0.87914,-1.1637,-1.6115,-2.1676,-2.6831,-2.9522,-2.8554,-2.4489,-1.8901,-1.3168,-0.80985,-0.40771,-0.12461,0.040624,0.10169,0.087922,0.048601,0.051225,0.16164,0.40767,0.75663,1.1342,1.466,1.7036,1.8316,1.8577
5.1027,4.5499,4.5132,5.1015,5.6648,5.7913,5.5821,5.2869,5.0526,4.891,4.712,4.3843,3.8355,3.1162,2.352,1.6692,1.1683,0.91244,0.89846,1.0504,1.2552,1.4075,1.439,1.3252,1.0741,0.70262,0.23946,-0.26428,-0.71282,-0.99309,-1.0481,-0.91562,-0.70154,-0.48997,-0.31481,-0.16051,-0.0054145,0.16741,0.3607,0.55888,0.72769,0.81331,0.77695,0.60737,0.32715,-0.0089097,-0.33366,-0.58697,-0.73987,-0.80178,-0.80757,-0.79423,-0.79451,-0.8433,-0.98019,-1.2445,-1.6505,-2.1506,-2.6089,-2.8416,-2.7375,-2.3509,-1.8268,-1.2905,-0.81296,-0.42537,-0.13772,0.051398,0.15524,0.19902,0.22453,0.28807,0.44388,0.71456,1.0719,1.4513,1.7806,2.0162,2.1418,2.1634
5.3498,4.7924,4.7651,5.3749,5.9545,6.0779,5.8399,5.5038,5.2413,5.0843,4.9427,4.6635,4.1459,3.4226,2.6257,1.9036,1.3772,1.1133,1.0957,1.2327,1.405,1.5125,1.4966,1.342,1.0602,0.66833,0.18732,-0.34106,-0.82884,-1.1488,-1.2191,-1.0651,-0.80373,-0.55035,-0.35725,-0.21933,-0.107,0.012418,0.16465,0.36056,0.57705,0.75514,0.83078,0.77056,0.58215,0.30821,0.0074676,-0.26493,-0.4754,-0.62102,-0.71835,-0.78798,-0.85029,-0.93049,-1.0665,-1.2956,-1.6367,-2.056,-2.4417,-2.6345,-2.5402,-2.198,-1.729,-1.2434,-0.80512,-0.44068,-0.15661,0.053225,0.19849,0.30067,0.39521,0.52909,0.74519,1.0568,1.4329,1.8104,2.1331,2.3564,2.4662,2.4701
5.538,4.9919,4.9735,5.5849,6.1602,6.2694,6.0017,5.6288,5.343,5.1921,5.085,4.8504,4.3626,3.6384,2.8133,2.0558,1.5071,1.2399,1.2271,1.3609,1.5139,1.5876,1.532,1.3419,1.0372,0.6357,0.15376,-0.37599,-0.86976,-1.2029,-1.2785,-1.1142,-0.8312,-0.55752,-0.35664,-0.23188,-0.15081,-0.071089,0.050509,0.24578,0.50161,0.75315,0.91638,0.93753,0.81203,0.57355,0.27598,-0.022398,-0.28209,-0.49218,-0.65641,-0.78589,-0.8908,-0.98898,-1.1128,-1.3046,-1.5905,-1.9467,-2.2762,-2.4405,-2.3542,-2.0468,-1.6256,-1.1896,-0.79371,-0.45742,-0.18126,0.039631,0.21698,0.3694,0.52612,0.72358,0.99122,1.3323,1.7155,2.0902,2.3967,2.6047,2.7039,2.7017
5.7922,5.2804,5.2787,5.8762,6.4267,6.5018,6.1837,5.7532,5.4308,5.2887,5.2352,5.0698,4.629,3.9065,3.0393,2.2228,1.6355,1.3657,1.3688,1.5097,1.645,1.6758,1.5649,1.3261,0.99312,0.58906,0.12279,-0.38355,-0.86033,-1.1878,-1.2619,-1.0904,-0.79199,-0.50341,-0.29945,-0.18984,-0.14255,-0.10504,-0.012311,0.19146,0.50338,0.84104,1.0953,1.1957,1.1281,0.92308,0.63036,0.30096,-0.024801,-0.3259,-0.58893,-0.80128,-0.95678,-1.0679,-1.1663,-1.2975,-1.4939,-1.7455,-1.9841,-2.1075,-2.0406,-1.8026,-1.4692,-1.1154,-0.78419,-0.48816,-0.22537,0.015117,0.2411,0.46437,0.70347,0.9817,1.316,1.7012,2.1044,2.4732,2.7681,2.9563,3.0296,2.998
6.0495,5.5929,5.6154,6.1859,6.6927,6.7189,6.3382,5.8397,5.472,5.337,5.3432,5.2554,4.8696,4.1524,3.2389,2.351,1.7127,1.4393,1.4694,1.6309,1.7572,1.7477,1.5784,1.2854,0.92317,0.52536,0.095541,-0.35946,-0.78941,-1.087,-1.1504,-0.97588,-0.67476,-0.38309,-0.1819,-0.08356,-0.056217,-0.039556,0.045863,0.2708,0.63122,1.0331,1.3473,1.4934,1.457,1.2589,0.94803,0.57373,0.1766,-0.20579,-0.54704,-0.82196,-1.014,-1.1267,-1.1883,-1.2462,-1.3432,-1.4895,-1.6445,-1.7308,-1.6932,-1.5287,-1.2869,-1.0228,-0.76579,-0.51835,-0.26868,-0.0084869,0.26911,0.56768,0.89326,1.2539,1.6517,2.0726,2.484,2.8435,3.1142,3.2764,3.3271,3.2769
