0.22767,0.11461,0.020124,-0.063397,-0.14203,-0.23804,-0.36387,-0.47747,-0.51175,-0.45236,-0.33806,-0.22271,-0.15953,-0.18689,-0.31026,-0.49098,-0.66376,-0.7581,-0.71951,-0.53692,-0.26552,-0.0032766,0.17473,0.26291,0.31105,0.37029,0.45225,0.52377,0.55042,0.52049,0.45332,0.38404,0.33517,0.30983,0.2994,0.30225,0.32829,0.38007,0.43923,0.47567,0.4725,0.43318,0.38145,0.35604,0.39548,0.51526,0.69198,0.88111,1.0498,1.1899,1.3053,1.3985,1.4608,1.4743,1.4228,1.3118,1.1614,0.9905,0.80566,0.60272,0.36971,0.099037,-0.21163,-0.55274,-0.89236,-1.1728,-1.3335,-1.3562,-1.2664,-1.1125,-0.93207,-0.74295,-0.55023,-0.35694,-0.17177,-0.0082686,0.11684,0.20154,0.24865,0.26523
0.25262,0.15153,0.074179,0.0099742,-0.053223,-0.14245,-0.27484,-0.41041,-0.46781,-0.42246,-0.31655,-0.2096,-0.15561,-0.18978,-0.3143,-0.4914,-0.65949,-0.75479,-0.73003,-0.57731,-0.34767,-0.13099,0.0047385,0.059597,0.089883,0.14943,0.24548,0.34241,0.39945,0.4039,0.37378,0.33704,0.31379,0.30167,0.29728,0.30425,0.33712,0.39589,0.45487,0.48603,0.4775,0.44144,0.40572,0.40676,0.47445,0.61304,0.78884,0.95695,1.0907,1.1825,1.2424,1.278,1.2862,1.2514,1.17,1.0456,0.89908,0.75145,0.60986,0.4667,0.30681,0.11724,-0.11081,-0.37512,-0.65422,-0.90361,-1.0709,-1.1283,-1.0912,-0.99664,-0.87739,-0.74962,-0.6152,-0.47072,-0.31779,-0.16787,-0.036185,0.065024,0.13282,0.17097
0.28324,0.19889,0.14498,0.10943,0.074241,0.007259,-0.11835,-0.2744,-0.36595,-0.34929,-0.26451,-0.17558,-0.1367,-0.17931,-0.30228,-0.46915,-0.62625,-0.72198,-0.72002,-0.61588,-0.45393,-0.31217,-0.24804,-0.25266,-0.26033,-0.21,-0.096454,0.038872,0.14652,0.20823,0.23498,0.24885,0.26165,0.27184,0.2776,0.29325,0.33306,0.39474,0.45072,0.47442,0.45944,0.42369,0.39858,0.42055,0.51446,0.66734,0.84019,0.98772,1.082,1.1248,1.1218,1.0795,0.99946,0.88675,0.74321,0.59433,0.46655,0.37457,0.31531,0.27177,0.22548,0.1536,0.040402,-0.12095,-0.32149,-0.53049,-0.70274,-0.80748,-0.84068,-0.82531,-0.78868,-0.74657,-0.69809,-0.62989,-0.52907,-0.39598,-0.25457,-0.12488,-0.02186,0.049981
0.3022,0.23022,0.1939,0.18026,0.16921,0.12699,0.016335,-0.14685,-0.26384,-0.27364,-0.21071,-0.13925,-0.11287,-0.16111,-0.28016,-0.43548,-0.58084,-0.67529,-0.69105,-0.62635,-0.52162,-0.44604,-0.44679,-0.5058,-0.5503,-0.51321,-0.38813,-0.22328,-0.071993,0.040001,0.11833,0.17763,0.22201,0.24968,0.26379,0.28136,0.321,0.37907,0.4286,0.4439,0.42108,0.38189,0.35952,0.39068,0.49588,0.65712,0.829,0.96363,1.0352,1.0423,0.99183,0.89197,0.74921,0.57389,0.38825,0.22485,0.11267,0.063692,0.069968,0.10878,0.15029,0.16756,0.138,0.049096,-0.095563,-0.27178,-0.44199,-0.56955,-0.64825,-0.6929,-0.72339,-0.74997,-0.76653,-0.7526,-0.68699,-0.56845,-0.41555,-0.26175,-0.1303,-0.031652
0.31937,0.26274,0.24782,0.2625,0.28554,0.2817,0.20039,0.038814,-0.10647,-0.15388,-0.12407,-0.079196,-0.07071,-0.12421,-0.23424,-0.37068,-0.49764,-0.5872,-0.62342,-0.61041,-0.58442,-0.60247,-0.69758,-0.83828,-0.93944,-0.92644,-0.79304,-0.59216,-0.3838,-0.19979,-0.043394,0.084644,0.17979,0.23498,0.25987,0.27554,0.30655,0.34885,0.37859,0.37289,0.33542,0.28723,0.26524,0.30258,0.41146,0.57396,0.73874,0.85838,0.90949,0.88335,0.78671,0.62526,0.40759,0.15378,-0.092166,-0.27921,-0.36835,-0.35218,-0.25287,-0.10769,0.041335,0.15904,0.22108,0.21385,0.13578,0.0015484,-0.15789,-0.30925,-0.43396,-0.53503,-0.62839,-0.72666,-0.82359,-0.88778,-0.87788,-0.77636,-0.61291,-0.42927,-0.26336,-0.13351
0.32414,0.28057,0.28348,0.32349,0.3794,0.41559,0.36986,0.21905,0.05624,-0.024069,-0.027123,-0.0087059,-0.017286,-0.073664,-0.1717,-0.28624,-0.39268,-0.47562,-0.52948,-0.56416,-0.61326,-0.72195,-0.90848,-1.1298,-1.2897,-1.308,-1.1752,-0.94415,-0.68011,-0.42157,-0.18797,0.0090733,0.15555,0.24288,0.2782,0.28505,0.28888,0.29636,0.29462,0.26886,0.21975,0.16616,0.13637,0.16067,0.25553,0.40188,0.55734,0.67409,0.71939,0.68606,0.56926,0.37068,0.10077,-0.2084,-0.50322,-0.71228,-0.78797,-0.72469,-0.55288,-0.32432,-0.087594,0.11325,0.24908,0.30494,0.27931,0.18495,0.047233,-0.10437,-0.25014,-0.38986,-0.53466,-0.69194,-0.84952,-0.96837,-0.99854,-0.91921,-0.7502,-0.55008,-0.36302,-0.2104
0.31762,0.28186,0.29552,0.35155,0.42923,0.49347,0.47535,0.33888,0.17059,0.072676,0.048299,0.048593,0.029074,-0.029048,-0.11752,-0.2157,-0.30673,-0.38436,-0.45041,-0.51787,-0.61716,-0.78453,-1.0277,-1.2971,-1.4964,-1.543,-1.4206,-1.1746,-0.86943,-0.55622,-0.26553,-0.021625,0.15808,0.26398,0.30215,0.29465,0.26841,0.24148,0.21012,0.16717,0.10931,0.05072,0.012636,0.023881,0.10172,0.23481,0.38293,0.4971,0.54607,0.51325,0.39548,0.19419,-0.081778,-0.40653,-0.71425,-0.93364,-1.0087,-0.92859,-0.72623,-0.45771,-0.18298,0.054235,0.22651,0.32053,0.33287,0.27046,0.15417,0.0091717,-0.14312,-0.29535,-0.45426,-0.62917,-0.81339,-0.9691,-1.0367,-0.97705,-0.8165,-0.60787,-0.40546,-0.23935
0.29326,0.2651,0.28927,0.36204,0.46365,0.55936,0.57575,0.46327,0.29887,0.18828,0.14394,0.12435,0.0925,0.033548,-0.04209,-0.11973,-0.19084,-0.26009,-0.33894,-0.44384,-0.59823,-0.82459,-1.1192,-1.4295,-1.6648,-1.7448,-1.643,-1.3896,-1.0441,-0.67062,-0.3188,-0.025205,0.18355,0.30043,0.3298,0.29511,0.22519,0.14681,0.071813,-0.0003795,-0.07023,-0.1337,-0.17597,-0.17934,-0.12965,-0.028542,0.097154,0.20997,0.27647,0.27349,0.18996,0.019255,-0.23428,-0.54056,-0.84429,-1.0661,-1.1459,-1.0693,-0.86471,-0.58628,-0.29035,-0.026093,0.17633,0.30217,0.34791,0.31988,0.23352,0.11322,-0.022109,-0.16737,-0.32943,-0.51526,-0.71494,-0.88892,-0.97828,-0.94723,-0.80408,-0.60929,-0.41538,-0.25102
0.26233,0.23769,0.26689,0.34878,0.46342,0.57709,0.61572,0.52362,0.36973,0.25805,0.20551,0.17564,0.13684,0.078963,0.012483,-0.050638,-0.10836,-0.17249,-0.25955,-0.38642,-0.57064,-0.82439,-1.136,-1.4531,-1.6969,-1.7929,-1.7095,-1.4624,-1.1058,-0.70462,-0.3217,-0.0036938,0.21953,0.33597,0.34885,0.28107,0.16681,0.04509,-0.061017,-0.14641,-0.21677,-0.27696,-0.32275,-0.34379,-0.32291,-0.25189,-0.14077,-0.020345,0.068742,0.1012,0.056368,-0.073012,-0.28093,-0.54189,-0.80908,-1.0172,-1.1118,-1.0671,-0.89414,-0.63629,-0.34915,-0.082157,0.13098,0.27315,0.33894,0.33223,0.26867,0.16628,0.046166,-0.083168,-0.22645,-0.39306,-0.58046,-0.7575,-0.86679,-0.85899,-0.74583,-0.56956,-0.38344,-0.22233
0.20386,0.18068,0.21365,0.30248,0.42731,0.55581,0.61749,0.55449,0.42335,0.32133,0.26747,0.23176,0.18879,0.13406,0.078187,0.030578,-0.014876,-0.076304,-0.17311,-0.31974,-0.52526,-0.78937,-1.0923,-1.3893,-1.6206,-1.726,-1.6655,-1.4365,-1.0792,-0.66509,-0.26648,0.058688,0.27785,0.37466,0.3525,0.22879,0.049141,-0.13075,-0.26586,-0.35137,-0.40802,-0.45824,-0.51254,-0.56112,-0.58087,-0.54591,-0.45122,-0.32316,-0.20007,-0.11787,-0.095639,-0.14213,-0.25812,-0.43244,-0.63364,-0.81514,-0.9248,-0.92634,-0.81361,-0.6119,-0.36538,-0.1223,0.08268,0.2293,0.30862,0.32192,0.28066,0.20836,0.12344,0.03177,-0.074391,-0.20659,-0.36446,-0.52191,-0.63023,-0.64895,-0.5716,-0.43755,-0.29077,-0.15986
0.12634,0.10212,0.13535,0.22586,0.3523,0.48403,0.5592,0.52419,0.42527,0.34555,0.30212,0.27023,0.22949,0.17946,0.13046,0.089187,0.046037,-0.017812,-0.12147,-0.27694,-0.48436,-0.73065,-0.99206,-1.2373,-1.4296,-1.5243,-1.4785,-1.2738,-0.93646,-0.53894,-0.16008,0.14015,0.32687,0.38669,0.31965,0.14379,-0.093173,-0.32122,-0.48079,-0.56267,-0.59713,-0.62371,-0.66623,-0.7281,-0.7867,-0.79888,-0.73489,-0.60125,-0.43901,-0.29162,-0.18952,-0.14692,-0.16718,-0.24616,-0.3707,-0.51163,-0.62943,-0.68267,-0.64396,-0.51454,-0.32571,-0.11824,0.068504,0.20711,0.28427,0.30139,0.27564,0.22704,0.17554,0.1256,0.068179,-0.010684,-0.11727,-0.23787,-0.33686,-0.37677,-0.34404,-0.25848,-0.15226,-0.052008
0.05702,0.030911,0.062701,0.15163,0.27378,0.40006,0.47782,0.46236,0.39276,0.33776,0.30936,0.28586,0.25087,0.20519,0.15771,0.11446,0.066676,-0.0023224,-0.10967,-0.26503,-0.46315,-0.6833,-0.89953,-1.0898,-1.2364,-1.3078,-1.2653,-1.0804,-0.77359,-0.40666,-0.061474,0.20397,0.35657,0.38251,0.27803,0.064,-0.21183,-0.46591,-0.63181,-0.69768,-0.70565,-0.70973,-0.74442,-0.81744,-0.90267,-0.9471,-0.90323,-0.76711,-0.5785,-0.38766,-0.22895,-0.11998,-0.069284,-0.081699,-0.15368,-0.26727,-0.38582,-0.46448,-0.46905,-0.39141,-0.2505,-0.084213,0.071315,0.18967,0.25672,0.2726,0.25097,0.22029,0.19642,0.18215,0.16627,0.13207,0.068816,-0.017505,-0.10111,-0.1485,-0.14518,-0.098924,-0.03144,0.036617
-0.046968,-0.076545,-0.046879,0.036467,0.14614,0.25493,0.32601,0.33306,0.30746,0.29405,0.29409,0.2886,0.26562,0.22609,0.17735,0.12399,0.062816,-0.017342,-0.12997,-0.2806,-0.45744,-0.63257,-0.77887,-0.88753,-0.96165,-0.98897,-0.9362,-0.77186,-0.50633,-0.19398,0.093267,0.29804,0.39132,0.35846,0.20001,-0.065521,-0.37937,-0.64783,-0.79596,-0.82222,-0.7898,-0.76233,-0.78591,-0.86884,-0.98069,-1.0602,-1.0415,-0.90791,-0.69427,-0.45709,-0.23567,-0.053357,0.074361,0.13351,0.12044,0.042685,-0.069464,-0.17313,-0.2286,-0.21474,-0.13838,-0.024257,0.092135,0.1791,0.21905,0.21534,0.19229,0.17695,0.18797,0.22304,0.2654,0.29385,0.29199,0.25641,0.20097,0.14841,0.12305,0.12568,0.146,0.17056
-0.15933,-0.19146,-0.16381,-0.088188,0.002695,0.083544,0.13632,0.16104,0.18297,0.21759,0.25251,0.27004,0.26238,0.23034,0.17865,0.11156,0.031819,-0.064689,-0.18627,-0.33363,-0.4872,-0.61135,-0.68104,-0.70318,-0.69753,-0.66819,-0.58921,-0.43565,-0.21158,0.037339,0.2507,0.38143,0.40349,0.30908,0.10293,-0.19208,-0.51311,-0.7675,-0.88505,-0.8768,-0.81011,-0.75699,-0.76154,-0.83712,-0.95963,-1.0624,-1.0701,-0.94846,-0.72593,-0.45815,-0.19466,0.033658,0.20732,0.31257,0.33731,0.29017,0.19583,0.089906,0.0071823,-0.028876,-0.013499,0.036411,0.094072,0.13217,0.13499,0.10896,0.082858,0.087342,0.13821,0.22665,0.32939,0.42053,0.47899,0.49386,0.46878,0.42241,0.3725,0.33391,0.30938,0.29454
-0.24457,-0.2773,-0.25026,-0.18142,-0.10736,-0.053152,-0.02127,0.012493,0.07069,0.14366,0.20678,0.24388,0.24976,0.22462,0.1714,0.094829,-6.1138e-05,-0.11287,-0.24668,-0.39662,-0.53577,-0.62183,-0.63179,-0.58452,-0.5152,-0.43888,-0.33635,-0.18847,0.0030485,0.20211,0.3555,0.42721,0.39642,0.26229,0.029834,-0.27001,-0.5804,-0.81199,-0.90427,-0.87152,-0.78337,-0.71234,-0.7035,-0.77063,-0.89004,-0.9996,-1.0219,-0.91663,-0.70207,-0.4319,-0.15452,0.095144,0.29249,0.41843,0.46557,0.43724,0.35482,0.24886,0.15017,0.083831,0.055452,0.058002,0.070128,0.068159,0.040463,-0.0013597,-0.027202,-0.00080639,0.08303,0.20886,0.35094,0.48325,0.58332,0.63539,0.63594,0.59381,0.5352,0.47672,0.42668,0.38462
-0.35266,-0.38327,-0.35491,-0.29581,-0.24667,-0.23316,-0.23643,-0.19611,-0.090912,0.032892,0.13351,0.19764,0.22301,0.20918,0.15677,0.070446,-0.04346,-0.18024,-0.33603,-0.49586,-0.62054,-0.65831,-0.58875,-0.44837,-0.29647,-0.16128,-0.033918,0.10524,0.25595,0.39144,0.47361,0.47361,0.38006,0.19635,-0.060993,-0.36052,-0.64165,-0.8293,-0.881,-0.82023,-0.71409,-0.62515,-0.59582,-0.64219,-0.74659,-0.85401,-0.89084,-0.80878,-0.61691,-0.35944,-0.087569,0.1607,0.36071,0.49732,0.56016,0.55421,0.49331,0.39823,0.29199,0.19299,0.11597,0.058236,0.0059148,-0.056864,-0.1324,-0.19826,-0.21455,-0.15641,-0.023475,0.15771,0.35511,0.54103,0.69181,0.78738,0.8166,0.78505,0.71343,0.62612,0.54152,0.46786
-0.42485,-0.45084,-0.42027,-0.36817,-0.33838,-0.35691,-0.3899,-0.34808,-0.21065,-0.051664,0.075048,0.15791,0.19815,0.19475,0.14605,0.055857,-0.069071,-0.22194,-0.39429,-0.56349,-0.68065,-0.68697,-0.56483,-0.36438,-0.15789,0.017035,0.16116,0.29356,0.41492,0.50421,0.53629,0.4871,0.35326,0.14097,-0.12543,-0.41378,-0.66301,-0.81387,-0.83491,-0.75848,-0.64375,-0.54838,-0.50888,-0.53903,-0.62644,-0.72218,-0.76104,-0.69809,-0.53357,-0.30363,-0.053666,0.18013,0.37247,0.50715,0.57781,0.58858,0.54856,0.46921,0.36379,0.24939,0.135,0.026018,-0.080372,-0.18841,-0.29088,-0.36038,-0.36177,-0.26908,-0.098566,0.11806,0.34875,0.56654,0.74673,0.86636,0.91119,0.88386,0.80671,0.70733,0.60708,0.51619
-0.50174,-0.51741,-0.48272,-0.43962,-0.43526,-0.49475,-0.56636,-0.52587,-0.35309,-0.1559,-0.0018592,0.10188,0.16096,0.17384,0.13715,0.049883,-0.081216,-0.24702,-0.43464,-0.61398,-0.72525,-0.70154,-0.52813,-0.26708,-0.0026432,0.216,0.38053,0.50157,0.58137,0.61051,0.57413,0.46435,0.2855,0.054162,-0.20648,-0.45868,-0.6606,-0.76869,-0.76852,-0.68444,-0.56518,-0.45612,-0.39274,-0.3928,-0.44914,-0.5317,-0.58195,-0.5529,-0.43603,-0.25293,-0.042692,0.16035,0.33191,0.45845,0.5358,0.56447,0.54768,0.48916,0.39401,0.26729,0.12236,-0.03433,-0.1983,-0.36111,-0.49961,-0.57321,-0.54327,-0.40338,-0.18226,0.077401,0.34137,0.58603,0.79056,0.93254,0.99387,0.97158,0.88993,0.77387,0.64975,0.53472
-0.54949,-0.55021,-0.51059,-0.47706,-0.49614,-0.59042,-0.69336,-0.65443,-0.45788,-0.23788,-0.06908,0.046733,0.12064,0.1534,0.13736,0.067441,-0.05284,-0.21472,-0.40359,-0.58571,-0.69562,-0.65963,-0.46003,-0.16325,0.13657,0.37844,0.54618,0.64372,0.67871,0.65249,0.56186,0.4083,0.20058,-0.04062,-0.28639,-0.5021,-0.65596,-0.72424,-0.70792,-0.62514,-0.50747,-0.38979,-0.3,-0.26178,-0.28475,-0.34566,-0.40501,-0.41628,-0.35626,-0.23783,-0.086876,0.067592,0.20456,0.3143,0.39558,0.45043,0.47415,0.45579,0.3857,0.26409,0.097143,-0.10123,-0.31254,-0.51197,-0.66262,-0.71915,-0.65065,-0.46799,-0.2138,0.067965,0.34671,0.60137,0.8115,0.95457,1.0136,0.98946,0.89874,0.77476,0.64467,0.52429
-0.56239,-0.54956,-0.50683,-0.481,-0.51564,-0.62928,-0.74727,-0.7081,-0.50228,-0.27743,-0.10796,0.009384,0.090839,0.13926,0.14418,0.097088,-0.00233,-0.14762,-0.32518,-0.50156,-0.61045,-0.57456,-0.37131,-0.066626,0.24033,0.48127,0.63437,0.70405,0.70264,0.63782,0.51641,0.34111,0.12395,-0.11661,-0.34634,-0.53774,-0.65945,-0.70191,-0.66762,-0.57711,-0.458,-0.33414,-0.23432,-0.17968,-0.18064,-0.23097,-0.2965,-0.33692,-0.32513,-0.26077,-0.16164,-0.049441,0.059459,0.15632,0.24571,0.32301,0.376,0.38729,0.34254,0.23531,0.071444,-0.13371,-0.3582,-0.56917,-0.71944,-0.75837,-0.66241,-0.45657,-0.19063,0.089937,0.35871,0.60094,0.80152,0.93999,0.99742,0.96955,0.877,0.74737,0.60893,0.48064
-0.54627,-0.51402,-0.46883,-0.45498,-0.50713,-0.63573,-0.75888,-0.71458,-0.50868,-0.29422,-0.13956,-0.031386,0.053493,0.12091,0.15956,0.15425,0.097728,-0.0084445,-0.1544,-0.31023,-0.41208,-0.38232,-0.19366,0.09449,0.38214,0.59682,0.7128,0.73441,0.67888,0.5637,0.40155,0.2047,-0.013887,-0.23227,-0.42549,-0.56544,-0.63974,-0.65,-0.60552,-0.51967,-0.40373,-0.27623,-0.15772,-0.074523,-0.049737,-0.091014,-0.17709,-0.26698,-0.32593,-0.33651,-0.307,-0.25519,-0.19342,-0.11746,-0.024407,0.087319,0.19623,0.26783,0.27303,0.20122,0.0548,-0.14503,-0.36519,-0.56129,-0.68147,-0.68349,-0.56067,-0.35029,-0.10294,0.1463,0.38081,0.59114,0.76384,0.87898,0.9188,0.88379,0.78367,0.65289,0.51919,0.39887
-0.50895,-0.46221,-0.41781,-0.41424,-0.47709,-0.60816,-0.72271,-0.67109,-0.47381,-0.28025,-0.14762,-0.054837,0.026831,0.10675,0.17294,0.20597,0.19138,0.12454,0.01228,-0.11774,-0.20665,-0.1821,-0.015666,0.24077,0.49334,0.6704,0.7442,0.7206,0.61978,0.4673,0.28102,0.077525,-0.12914,-0.31936,-0.47475,-0.57299,-0.61266,-0.59917,-0.54893,-0.46679,-0.35537,-0.22673,-0.097111,0.0028794,0.03976,0.00337,-0.097197,-0.22428,-0.33568,-0.41313,-0.4509,-0.45495,-0.42829,-0.36558,-0.25657,-0.10976,0.043003,0.15961,0.20663,0.16972,0.05347,-0.11996,-0.31415,-0.48115,-0.56945,-0.54463,-0.41236,-0.21482,0.00078676,0.20649,0.39349,0.55994,0.69896,0.79417,0.82635,0.78516,0.69104,0.56425,0.43055,0.30894
-0.42849,-0.36417,-0.32435,-0.33699,-0.41027,-0.53319,-0.62054,-0.55442,-0.3789,-0.22822,-0.13859,-0.077127,-0.0077065,0.0844,0.18794,0.27651,0.32491,0.31933,0.26219,0.17787,0.11596,0.1356,0.26277,0.45826,0.64351,0.75269,0.75585,0.6619,0.49758,0.29594,0.087996,-0.11144,-0.28875,-0.43299,-0.52702,-0.56654,-0.55298,-0.50481,-0.43333,-0.34495,-0.23879,-0.11575,0.0077894,0.10531,0.14508,0.10136,-0.019659,-0.18862,-0.36834,-0.52587,-0.649,-0.72917,-0.75371,-0.70491,-0.57268,-0.37578,-0.1623,0.014474,0.11715,0.13183,0.064388,-0.057965,-0.19564,-0.30199,-0.33538,-0.27867,-0.14935,0.0055759,0.15405,0.28392,0.39814,0.5011,0.58822,0.64392,0.6501,0.60436,0.50796,0.38906,0.27143,0.1703
-0.31824,-0.23999,-0.20955,-0.23994,-0.32032,-0.42288,-0.46881,-0.38424,-0.24021,-0.14619,-0.11202,-0.092672,-0.044206,0.053177,0.18965,0.33205,0.44519,0.50726,0.5156,0.48801,0.46118,0.47812,0.56034,0.68357,0.78964,0.82168,0.75257,0.5869,0.35637,0.10225,-0.13574,-0.33078,-0.46857,-0.54243,-0.55105,-0.50489,-0.42407,-0.3354,-0.2525,-0.1733,-0.085575,0.018569,0.13006,0.22227,0.25836,0.20495,0.0577,-0.15783,-0.4012,-0.63589,-0.83455,-0.97675,-1.0391,-0.99443,-0.83603,-0.59537,-0.33198,-0.10561,0.044535,0.10416,0.087598,0.021933,-0.051576,-0.089828,-0.064236,0.02291,0.13783,0.24325,0.31575,0.35625,0.37903,0.39859,0.41978,0.43385,0.4239,0.37512,0.2956,0.19904,0.10271,0.018879
-0.22069,-0.13516,-0.11491,-0.15943,-0.24285,-0.3243,-0.33313,-0.23439,-0.1187,-0.073515,-0.086872,-0.10424,-0.076568,0.019726,0.17556,0.3534,0.51207,0.62514,0.68633,0.70664,0.71068,0.72936,0.78152,0.85288,0.89871,0.87129,0.74696,0.52889,0.249,-0.044846,-0.30789,-0.50074,-0.60468,-0.61378,-0.54373,-0.4186,-0.28093,-0.16077,-0.076047,-0.011418,0.05534,0.13699,0.23133,0.31244,0.33881,0.27941,0.11972,-0.12011,-0.39935,-0.68188,-0.93116,-1.1142,-1.1945,-1.143,-0.95608,-0.68374,-0.39784,-0.15798,0.0042449,0.083736,0.095217,0.072009,0.052379,0.069386,0.13665,0.23878,0.33984,0.40212,0.41514,0.38911,0.3454,0.30473,0.27771,0.2598,0.23486,0.1906,0.1189,0.033581,-0.048852,-0.11525
-0.077676,0.013359,0.016353,-0.048029,-0.13367,-0.18307,-0.13947,-0.023585,0.050173,0.02698,-0.053101,-0.12375,-0.12944,-0.041098,0.13194,0.34705,0.55761,0.73422,0.86581,0.95279,1.0037,1.0339,1.0568,1.0678,1.0385,0.93615,0.74016,0.4573,0.11853,-0.22308,-0.51074,-0.69697,-0.75405,-0.67929,-0.4995,-0.26889,-0.049325,0.11173,0.20625,0.25477,0.28833,0.33062,0.38296,0.42811,0.43381,0.36107,0.19463,-0.056349,-0.36215,-0.67819,-0.9643,-1.173,-1.2553,-1.1807,-0.96753,-0.67917,-0.39275,-0.16199,-0.0087001,0.071853,0.10239,0.11691,0.1519,0.23093,0.35027,0.47612,0.56163,0.57665,0.5183,0.40763,0.2758,0.15305,0.060108,0.0011563,-0.037036,-0.074723,-0.12522,-0.18437,-0.24138,-0.2856
0.072236,0.16365,0.14691,0.06183,-0.025271,-0.042732,0.049466,0.17812,0.20953,0.11936,-0.026588,-0.15269,-0.19684,-0.12475,0.052708,0.29075,0.54104,0.77349,0.9728,1.1287,1.2338,1.2871,1.2927,1.2527,1.1581,0.99275,0.74372,0.41543,0.03496,-0.34739,-0.6624,-0.84692,-0.85596,-0.69046,-0.39606,-0.05842,0.23771,0.43276,0.52177,0.53623,0.52294,0.5146,0.52367,0.53809,0.5256,0.44749,0.27917,0.025061,-0.28399,-0.60375,-0.88242,-1.0669,-1.1115,-1.0007,-0.77231,-0.50395,-0.26577,-0.093913,0.0075132,0.054499,0.078234,0.11418,0.19216,0.32249,0.48478,0.63099,0.70774,0.68696,0.57167,0.38968,0.17986,-0.017254,-0.1682,-0.25854,-0.30069,-0.32842,-0.35406,-0.39115,-0.43233,-0.46411
0.18433,0.27324,0.24047,0.13982,0.050733,0.053867,0.17728,0.31126,0.31249,0.17592,-0.01688,-0.18337,-0.2582,-0.20522,-0.033909,0.21103,0.48261,0.75163,1,1.2093,1.359,1.4351,1.4354,1.3655,1.2316,1.0306,0.757,0.41138,0.012612,-0.39235,-0.73013,-0.91708,-0.89091,-0.65386,-0.27588,0.1366,0.47775,0.68808,0.76123,0.74292,0.68899,0.64081,0.61659,0.60678,0.58135,0.50217,0.34131,0.10075,-0.19162,-0.48968,-0.74016,-0.88949,-0.89648,-0.75822,-0.5309,-0.2922,-0.10568,0.0040628,0.045272,0.046936,0.044481,0.077156,0.1724,0.33159,0.52154,0.68298,0.7583,0.71675,0.56833,0.34682,0.0961,-0.13938,-0.32272,-0.436,-0.48871,-0.50703,-0.52681,-0.55198,-0.57628,-0.58896
0.32792,0.41053,0.35559,0.23377,0.13895,0.16241,0.31637,0.45206,0.41683,0.22579,-0.022925,-0.23912,-0.35582,-0.33566,-0.18496,0.055115,0.34367,0.65498,0.96675,1.2473,1.4584,1.5692,1.5704,1.475,1.3043,1.0734,0.78474,0.4338,0.030578,-0.38373,-0.73345,-0.91596,-0.85357,-0.54437,-0.07608,0.41426,0.80332,1.0223,1.0747,1.0132,0.9026,0.79398,0.71307,0.6629,0.62164,0.55248,0.42047,0.21549,-0.037479,-0.29224,-0.48749,-0.56713,-0.50563,-0.33195,-0.11656,0.057231,0.14594,0.14949,0.094347,0.017805,-0.033629,-0.020651,0.081066,0.26535,0.48682,0.67262,0.75437,0.70381,0.52786,0.2646,-0.034958,-0.31652,-0.53224,-0.6573,-0.70374,-0.71313,-0.71509,-0.72785,-0.7449,-0.75173
0.4282,0.50431,0.43287,0.29485,0.19235,0.22311,0.38983,0.52276,0.46342,0.23786,-0.045831,-0.29513,-0.44213,-0.44974,-0.32296,-0.096185,0.19751,0.53629,0.89433,1.2286,1.4861,1.6248,1.6314,1.5244,1.3368,1.0946,0.80429,0.46126,0.070393,-0.33332,-0.67534,-0.84836,-0.76539,-0.4164,0.10269,0.63793,1.0514,1.2674,1.2959,1.1951,1.0387,0.88343,0.76198,0.68486,0.63594,0.57666,0.46754,0.2938,0.078128,-0.12933,-0.26888,-0.2938,-0.19305,-0.0053102,0.18733,0.31288,0.33618,0.26414,0.13168,-0.011191,-0.1112,-0.12317,-0.02447,0.16999,0.40494,0.60155,0.69003,0.63701,0.45455,0.18083,-0.13322,-0.43191,-0.6636,-0.79889,-0.84777,-0.8497,-0.84829,-0.85661,-0.86723,-0.86499
0.54943,0.61493,0.5222,0.36179,0.24268,0.26943,0.43822,0.562,0.47651,0.21595,-0.10408,-0.38942,-0.57359,-0.6205,-0.53246,-0.33365,-0.042622,0.32725,0.74457,1.1486,1.4659,1.6409,1.6583,1.5437,1.3453,1.1006,0.82202,0.50449,0.14784,-0.22411,-0.53933,-0.69096,-0.58044,-0.19073,0.37347,0.94449,1.3686,1.57,1.5558,1.3973,1.1782,0.96315,0.7941,0.68683,0.63007,0.58694,0.51181,0.38381,0.22192,0.075017,0.0013675,0.041481,0.19111,0.3902,0.55565,0.61482,0.54633,0.37366,0.14516,-0.080892,-0.24427,-0.29489,-0.21004,-0.0085982,0.24563,0.46307,0.5653,0.51991,0.33385,0.047935,-0.28173,-0.59334,-0.83082,-0.96444,-1.0079,-1.0046,-0.99885,-1.0044,-1.0118,-1.0045
0.65446,0.70796,0.59458,0.4102,0.2664,0.27056,0.4223,0.53172,0.42898,0.14828,-0.19415,-0.50448,-0.71962,-0.80497,-0.75917,-0.59436,-0.31324,0.081496,0.55258,1.0193,1.3885,1.5947,1.6231,1.5089,1.3118,1.0797,0.82773,0.5492,0.23493,-0.094522,-0.37097,-0.48793,-0.34573,0.067299,0.64709,1.2215,1.6398,1.8197,1.7726,1.5658,1.2884,1.0136,0.79357,0.65591,0.5947,0.5691,0.52635,0.43925,0.32436,0.23203,0.21562,0.30392,0.47877,0.67485,0.8037,0.8065,0.67112,0.42678,0.12658,-0.16469,-0.37965,-0.46535,-0.39831,-0.2013,0.056504,0.28191,0.39606,0.35855,0.18172,-0.094679,-0.41764,-0.7286,-0.97131,-1.1109,-1.1549,-1.1491,-1.1371,-1.1355,-1.1376,-1.127
0.72205,0.76584,0.63759,0.43427,0.26531,0.23921,0.36482,0.4606,0.3525,0.067291,-0.28159,-0.60322,-0.83614,-0.94714,-0.9321,-0.79337,-0.5217,-0.11209,0.39402,0.90118,1.302,1.5255,1.5598,1.4476,1.2564,1.0405,0.81659,0.5732,0.29516,0.0013682,-0.24275,-0.33099,-0.16471,0.26161,0.84245,1.409,1.812,1.9724,1.8965,1.6552,1.3392,1.0272,0.77736,0.62236,0.55769,0.54234,0.51701,0.45159,0.3627,0.29867,0.31188,0.42506,0.61235,0.80311,0.91046,0.87866,0.70207,0.41641,0.079549,-0.24275,-0.48125,-0.58326,-0.52653,-0.33421,-0.075623,0.15483,0.27412,0.24575,0.076332,-0.19602,-0.51771,-0.82778,-1.0682,-1.2051,-1.2493,-1.2437,-1.2337,-1.2336,-1.233,-1.2147
0.79743,0.82762,0.68094,0.45066,0.23898,0.15395,0.22625,0.30023,0.19691,-0.077725,-0.42194,-0.74734,-0.99519,-1.1327,-1.1507,-1.0429,-0.78464,-0.36056,0.18284,0.73209,1.1636,1.4012,1.4377,1.3263,1.1453,0.95477,0.77119,0.57663,0.3522,0.11123,-0.084514,-0.13438,0.051764,0.48172,1.0544,1.6067,1.9894,2.1223,2.0125,1.733,1.3773,1.0277,0.74534,0.56723,0.49364,0.48232,0.47183,0.42599,0.35849,0.31475,0.34588,0.4722,0.66289,0.84133,0.92613,0.86491,0.6593,0.35024,-0.0031699,-0.33606,-0.58343,-0.69442,-0.64686,-0.46272,-0.21022,0.016766,0.13627,0.11064,-0.052819,-0.31593,-0.62696,-0.92922,-1.1688,-1.3115,-1.3622,-1.3617,-1.349,-1.3421,-1.3352,-1.3128
0.8574,0.87394,0.70926,0.4508,0.18706,0.021953,0.019486,0.067964,-0.015951,-0.26085,-0.58433,-0.90159,-1.152,-1.3019,-1.3387,-1.2495,-1.0002,-0.56815,-0.0027372,0.57027,1.0156,1.2531,1.2815,1.1652,0.99486,0.83276,0.69112,0.54315,0.36791,0.17551,0.025043,0.011662,0.21562,0.64487,1.2044,1.737,2.0972,2.2044,2.0674,1.76,1.3776,1.0057,0.70512,0.51207,0.42842,0.40849,0.39365,0.34819,0.28122,0.2423,0.27517,0.39591,0.57333,0.73646,0.80388,0.73284,0.52802,0.23034,-0.10335,-0.41163,-0.6386,-0.73689,-0.68676,-0.51026,-0.27321,-0.064389,0.042381,0.010641,-0.14958,-0.40198,-0.69971,-0.99177,-1.2283,-1.3757,-1.4361,-1.4462,-1.4381,-1.4324,-1.423,-1.3945
0.89389,0.89992,0.72222,0.4418,0.13343,-0.10369,-0.17663,-0.14977,-0.2093,-0.41937,-0.71706,-1.0203,-1.2645,-1.4127,-1.4511,-1.3647,-1.1167,-0.68186,-0.11085,0.46571,0.90767,1.1344,1.1495,1.0261,0.86236,0.72053,0.6076,0.49008,0.34403,0.18079,0.058062,0.070292,0.29167,0.72641,1.2768,1.7943,2.1354,2.2242,2.0692,1.7462,1.3531,0.97253,0.66739,0.47197,0.38182,0.35538,0.32839,0.26599,0.18378,0.12594,0.14291,0.25225,0.42141,0.57536,0.64088,0.57382,0.38333,0.11318,-0.18181,-0.45033,-0.64014,-0.71479,-0.66027,-0.49684,-0.28186,-0.094443,-0.0049138,-0.042942,-0.19921,-0.44007,-0.72224,-1.0001,-1.2307,-1.3846,-1.4606,-1.4835,-1.4873,-1.4826,-1.4658,-1.4274
0.93398,0.92574,0.73091,0.42073,0.048088,-0.29905,-0.48366,-0.48912,-0.50432,-0.65257,-0.90343,-1.1773,-1.4027,-1.535,-1.5584,-1.4602,-1.206,-0.77063,-0.20493,0.35874,0.77921,0.97839,0.96731,0.82985,0.66897,0.54632,0.45821,0.36941,0.25205,0.1206,0.035842,0.083766,0.33389,0.77673,1.3172,1.8103,2.1243,2.1906,2.0207,1.6924,1.2991,0.92495,0.6233,0.42397,0.32369,0.27303,0.21619,0.12108,0.0019295,-0.088673,-0.10361,-0.024504,0.11931,0.2607,0.32765,0.28575,0.14515,-0.056685,-0.27642,-0.47244,-0.60868,-0.65183,-0.58718,-0.43277,-0.24283,-0.0897,-0.029577,-0.086642,-0.24482,-0.46997,-0.72478,-0.97331,-1.1823,-1.3288,-1.412,-1.4539,-1.4715,-1.4798,-1.4738,-1.4428
0.9598,0.94065,0.73309,0.40097,-0.021223,-0.45748,-0.73775,-0.77098,-0.74436,-0.83679,-1.0446,-1.2899,-1.4941,-1.6053,-1.6062,-1.4888,-1.2235,-0.78825,-0.23354,0.31058,0.70494,0.87399,0.83419,0.67704,0.50937,0.39215,0.31487,0.24071,0.13986,0.028411,-0.031024,0.043226,0.31354,0.76406,1.3011,1.7832,2.085,2.1387,1.9605,1.6278,1.2373,0.8713,0.58224,0.39209,0.28797,0.21864,0.12895,-0.0055069,-0.1638,-0.29278,-0.34126,-0.28974,-0.16515,-0.031073,0.046223,0.034027,-0.057878,-0.1965,-0.34697,-0.47953,-0.56521,-0.57995,-0.51145,-0.37318,-0.21013,-0.085115,-0.050081,-0.11811,-0.27226,-0.47842,-0.70216,-0.91505,-1.0954,-1.2306,-1.321,-1.3772,-1.4157,-1.4372,-1.4366,-1.4076
0.9919,0.95768,0.734,0.37418,-0.11163,-0.6684,-1.0852,-1.161,-1.072,-1.0816,-1.2265,-1.4281,-1.5969,-1.6709,-1.6304,-1.4749,-1.1864,-0.74974,-0.21433,0.29488,0.64362,0.76074,0.66873,0.46757,0.27387,0.14936,0.081002,0.019418,-0.065758,-0.15857,-0.19237,-0.082151,0.22257,0.69717,1.2406,1.7159,2.0035,2.0412,1.8521,1.516,1.135,0.7847,0.51561,0.34064,0.23207,0.14139,0.011061,-0.17912,-0.3991,-0.59395,-0.70353,-0.69928,-0.60195,-0.47283,-0.37287,-0.33499,-0.35153,-0.39748,-0.45142,-0.4994,-0.52119,-0.49825,-0.41953,-0.29663,-0.1685,-0.086752,-0.086736,-0.17395,-0.32079,-0.49246,-0.66126,-0.8104,-0.93217,-1.0271,-1.1033,-1.1728,-1.2332,-1.2833,-1.3125,-1.3104
1.0249,0.97576,0.7367,0.35285,-0.18829,-0.85672,-1.4112,-1.5343,-1.3834,-1.3093,-1.3904,-1.5465,-1.6761,-1.7073,-1.6186,-1.4168,-1.0992,-0.65968,-0.14579,0.32486,0.62379,0.68329,0.52977,0.27065,0.030972,-0.12222,-0.20239,-0.26724,-0.35002,-0.43006,-0.4366,-0.28015,0.078543,0.59735,1.1603,1.6322,1.8999,1.917,1.7128,1.3784,1.0125,0.69126,0.44945,0.28724,0.17478,0.052808,-0.12542,-0.37294,-0.65995,-0.91786,-1.0862,-1.1316,-1.0669,-0.94213,-0.81827,-0.72211,-0.65365,-0.6037,-0.56721,-0.53782,-0.50732,-0.4571,-0.37417,-0.26644,-0.16746,-0.12125,-0.1549,-0.25566,-0.38978,-0.5181,-0.61618,-0.67929,-0.71889,-0.75532,-0.80753,-0.88227,-0.97144,-1.0536,-1.1094,-1.1285
1.0522,0.99237,0.74291,0.34426,-0.22962,-0.96801,-1.6161,-1.7778,-1.5883,-1.4593,-1.497,-1.6203,-1.72,-1.7181,-1.5923,-1.3563,-1.0168,-0.57471,-0.076466,0.36712,0.63191,0.65069,0.45016,0.14031,-0.14812,-0.34142,-0.45113,-0.53219,-0.61775,-0.68543,-0.65997,-0.45716,-0.048264,0.50818,1.0899,1.561,1.8174,1.8205,1.6071,1.2718,0.9139,0.60726,0.3827,0.23445,0.12259,-0.012407,-0.22206,-0.51635,-0.85419,-1.1681,-1.384,-1.4603,-1.4076,-1.2803,-1.1329,-0.99987,-0.88284,-0.77643,-0.6824,-0.60457,-0.53594,-0.46141,-0.37051,-0.27185,-0.19601,-0.17901,-0.23516,-0.34533,-0.46338,-0.54858,-0.58254,-0.57165,-0.54043,-0.52145,-0.54201,-0.61046,-0.71233,-0.82068,-0.90954,-0.96196
1.0938,1.0213,0.75941,0.34719,-0.25441,-1.0568,-1.8027,-2.0167,-1.7997,-1.6193,-1.6122,-1.6972,-1.759,-1.7146,-1.5429,-1.2662,-0.90138,-0.45501,0.027676,0.44168,0.66782,0.63866,0.37714,-0.0081565,-0.38021,-0.65076,-0.82193,-0.93771,-1.0307,-1.0758,-0.99444,-0.71485,-0.22852,0.38355,0.99255,1.4675,1.7148,1.7028,1.4779,1.1366,0.78252,0.48683,0.27845,0.14411,0.033963,-0.11844,-0.3654,-0.7118,-1.1098,-1.4819,-1.7469,-1.8583,-1.8238,-1.6938,-1.5273,-1.3534,-1.1786,-1.0078,-0.85347,-0.72495,-0.62025,-0.5259,-0.43026,-0.33938,-0.2805,-0.28521,-0.36162,-0.47317,-0.56716,-0.59664,-0.54559,-0.43216,-0.29871,-0.19608,-0.16425,-0.21769,-0.32951,-0.46585,-0.59065,-0.6803
1.1302,1.0491,0.77949,0.3628,-0.24589,-1.0691,-1.8579,-2.1098,-1.8971,-1.7019,-1.6754,-1.7391,-1.7766,-1.7044,-1.504,-1.2029,-0.82225,-0.37047,0.10739,0.50729,0.71081,0.6495,0.34263,-0.10437,-0.54957,-0.89134,-1.1161,-1.2627,-1.3611,-1.3842,-1.2545,-0.9086,-0.35958,0.29665,0.92653,1.4069,1.6497,1.6281,1.3921,1.0414,0.68464,0.39174,0.19112,0.063931,-0.0463,-0.21047,-0.47969,-0.85649,-1.2904,-1.6953,-1.9868,-2.1133,-2.0813,-1.9471,-1.7682,-1.5769,-1.3803,-1.1844,-1.0039,-0.85033,-0.72526,-0.6158,-0.51187,-0.42096,-0.37036,-0.38826,-0.47392,-0.58517,-0.65505,-0.63297,-0.50937,-0.3154,-0.10725,0.053673,0.12185,0.086194,-0.031531,-0.18716,-0.33841,-0.45607
1.1859,1.0953,0.8183,0.40343,-0.1951,-1.0068,-1.8035,-2.0984,-1.929,-1.7518,-1.7232,-1.7729,-1.7877,-1.6878,-1.4604,-1.1364,-0.73837,-0.27647,0.20326,0.59556,0.77982,0.68416,0.32249,-0.20531,-0.75295,-1.2009,-1.508,-1.7003,-1.8018,-1.7837,-1.5766,-1.1362,-0.50515,0.20297,0.85618,1.3385,1.5733,1.54,1.2905,0.92782,0.5619,0.26938,0.076518,-0.042001,-0.1526,-0.33152,-0.63186,-1.049,-1.5191,-1.9495,-2.2451,-2.3588,-2.3115,-2.1698,-1.9956,-1.8137,-1.6211,-1.4195,-1.2253,-1.0563,-0.91272,-0.78576,-0.66743,-0.56622,-0.50942,-0.52413,-0.60616,-0.70208,-0.73918,-0.66066,-0.4577,-0.17079,0.12934,0.36695,0.48695,0.47404,0.35761,0.18641,0.010081,-0.13654
1.2493,1.1524,0.87149,0.46669,-0.10004,-0.85815,-1.6091,-1.9333,-1.8444,-1.7278,-1.7279,-1.783,-1.7892,-1.675,-1.4324,-1.0954,-0.68516,-0.21175,0.2758,0.66999,0.84873,0.73565,0.33565,-0.26129,-0.90812,-1.4674,-1.8661,-2.1037,-2.1944,-2.1204,-1.8297,-1.307,-0.61344,0.13055,0.79891,1.2833,1.5144,1.4748,1.2163,0.84236,0.46489,0.167,-0.025568,-0.14288,-0.25768,-0.45582,-0.78431,-1.2284,-1.7145,-2.1366,-2.4046,-2.4843,-2.4128,-2.2708,-2.1154,-1.9629,-1.8008,-1.6239,-1.4454,-1.2789,-1.1317,-0.99235,-0.85505,-0.73304,-0.65768,-0.65577,-0.71884,-0.79065,-0.7867,-0.64899,-0.37515,-0.01522,0.35179,0.64458,0.80506,0.81671,0.70698,0.53146,0.34243,0.17676
1.3011,1.2013,0.92018,0.52783,-0.0037368,-0.69959,-1.3889,-1.7245,-1.7116,-1.6645,-1.7051,-1.7783,-1.7887,-1.6719,-1.4256,-1.0839,-0.66677,-0.185,0.31061,0.71135,0.89405,0.77888,0.36348,-0.27069,-0.98017,-1.6153,-2.0781,-2.3432,-2.4204,-2.3012,-1.9576,-1.3918,-0.67357,0.082021,0.75502,1.245,1.482,1.4448,1.1837,0.79976,0.41123,0.10331,-0.092125,-0.20755,-0.32581,-0.53447,-0.88059,-1.3407,-1.8286,-2.2279,-2.4539,-2.4896,-2.3926,-2.2503,-2.1243,-2.0183,-1.9047,-1.7658,-1.6092,-1.4553,-1.3047,-1.1543,-1.001,-0.85745,-0.75441,-0.72189,-0.75693,-0.80172,-0.7771,-0.61906,-0.31716,0.080989,0.49137,0.82432,1.0148,1.045,0.94358,0.76455,0.56467,0.38598
1.3743,1.2725,0.99412,0.62337,0.14898,-0.44475,-1.0301,-1.3683,-1.4644,-1.5302,-1.6457,-1.7597,-1.7892,-1.6806,-1.4386,-1.0968,-0.67343,-0.18014,0.32969,0.7457,0.94334,0.83876,0.42064,-0.24121,-1.0107,-1.7252,-2.255,-2.5439,-2.5961,-2.4246,-2.032,-1.4431,-0.72458,0.02276,0.69467,1.1932,1.4441,1.4179,1.1564,0.7622,0.36074,0.047907,-0.14206,-0.25068,-0.37303,-0.6005,-0.97628,-1.459,-1.9361,-2.2908,-2.4422,-2.4049,-2.2678,-2.1334,-2.0527,-2.0146,-1.9713,-1.8918,-1.7798,-1.65,-1.5111,-1.3551,-1.1785,-0.99915,-0.8559,-0.78412,-0.78196,-0.79751,-0.74314,-0.55391,-0.22134,0.20545,0.64301,1.0031,1.2209,1.2748,1.1903,1.0231,0.82789,0.64551
1.4496,1.348,1.074,0.72817,0.31753,-0.16424,-0.63717,-0.96747,-1.1682,-1.3558,-1.5616,-1.732,-1.7938,-1.7053,-1.4759,-1.1397,-0.71349,-0.20888,0.31803,0.75505,0.97696,0.89659,0.49441,-0.17049,-0.96941,-1.7305,-2.2981,-2.592,-2.6181,-2.4159,-2.0168,-1.4503,-0.76758,-0.046812,0.61978,1.1319,1.4054,1.399,1.1466,0.7521,0.34698,0.038186,-0.14231,-0.24633,-0.37673,-0.63169,-1.0371,-1.5291,-1.9819,-2.2654,-2.3314,-2.2264,-2.0574,-1.9303,-1.895,-1.929,-1.9679,-1.9603,-1.8971,-1.7962,-1.6653,-1.5026,-1.3062,-1.0938,-0.90703,-0.78994,-0.75076,-0.74148,-0.68136,-0.49743,-0.1678,0.26749,0.72547,1.1126,1.3577,1.4372,1.3726,1.217,1.0274,0.84785
1.5054,1.4047,1.1351,0.80828,0.44577,0.047127,-0.34319,-0.66363,-0.93428,-1.212,-1.4896,-1.7088,-1.8022,-1.7334,-1.5166,-1.1863,-0.75877,-0.24702,0.29223,0.74676,0.99062,0.93425,0.55326,-0.099951,-0.90138,-1.6755,-2.2526,-2.5401,-2.5502,-2.3422,-1.9651,-1.4419,-0.80414,-0.11088,0.55085,1.0776,1.3734,1.3884,1.1496,0.76189,0.3601,0.056603,-0.11607,-0.21374,-0.34732,-0.61681,-1.0432,-1.5474,-1.9835,-2.219,-2.2194,-2.059,-1.8642,-1.7421,-1.7414,-1.8249,-1.9143,-1.9494,-1.9183,-1.838,-1.7168,-1.5551,-1.3511,-1.1247,-0.9217,-0.78862,-0.73544,-0.71996,-0.65647,-0.47257,-0.14676,0.28344,0.74017,1.1344,1.3962,1.497,1.4561,1.3224,1.1479,0.97416
1.5767,1.477,1.2138,0.91083,0.60855,0.31281,0.02321,-0.28008,-0.62981,-1.0176,-1.391,-1.6807,-1.8222,-1.7844,-1.5858,-1.2624,-0.83307,-0.31248,0.24185,0.71855,0.9924,0.97148,0.62562,-0.0009908,-0.78606,-1.5524,-2.1211,-2.3916,-2.3855,-2.187,-1.8579,-1.4145,-0.8587,-0.21726,0.43496,0.98807,1.3251,1.3775,1.1639,0.78822,0.39545,0.10412,-0.050582,-0.13354,-0.26722,-0.55624,-1.0113,-1.5329,-1.9523,-2.1313,-2.0562,-1.8296,-1.596,-1.4736,-1.4964,-1.6255,-1.7712,-1.8602,-1.8706,-1.8134,-1.7093,-1.5546,-1.3502,-1.1177,-0.90447,-0.76081,-0.70361,-0.69211,-0.64947,-0.4979,-0.20215,0.21291,0.67367,1.0876,1.3782,1.5126,1.5049,1.4002,1.2498,1.095
1.626,1.5266,1.2676,0.9798,0.7179,0.49098,0.26841,-0.020722,-0.41831,-0.87865,-1.3203,-1.664,-1.8443,-1.8316,-1.6461,-1.3261,-0.89371,-0.36698,0.19561,0.6849,0.97791,0.98192,0.66322,0.062429,-0.69882,-1.4424,-1.9878,-2.2391,-2.2249,-2.0417,-1.7561,-1.3811,-0.89736,-0.30539,0.33641,0.90937,1.2809,1.3652,1.1734,0.80919,0.42621,0.14892,0.016031,-0.048243,-0.18015,-0.48255,-0.9642,-1.5058,-1.9175,-2.0575,-1.9277,-1.6562,-1.4002,-1.2718,-1.3123,-1.4689,-1.6428,-1.7529,-1.7763,-1.7307,-1.6325,-1.4883,-1.298,-1.0805,-0.88115,-0.75121,-0.70843,-0.71762,-0.69709,-0.56698,-0.29052,0.11039,0.56707,0.99105,1.3056,1.4716,1.4983,1.424,1.2957,1.1537
1.6844,1.5837,1.3275,1.0552,0.8388,0.69009,0.54538,0.27667,-0.16927,-0.71185,-1.2365,-1.6503,-1.8834,-1.904,-1.733,-1.4135,-0.97387,-0.44033,0.12691,0.62458,0.93532,0.96684,0.68219,0.12066,-0.59869,-1.2955,-1.7921,-2.0055,-1.9806,-1.8209,-1.6003,-1.3212,-0.938,-0.41621,0.2052,0.79901,1.2102,1.3349,1.1783,0.84487,0.48939,0.23837,0.12379,0.066737,-0.069249,-0.38915,-0.89258,-1.4507,-1.858,-1.9672,-1.7887,-1.4664,-1.1713,-1.026,-1.0637,-1.2353,-1.4348,-1.5707,-1.6117,-1.576,-1.4867,-1.3549,-1.1874,-1.0035,-0.84305,-0.75044,-0.74332,-0.78674,-0.80569,-0.72095,-0.48656,-0.11117,0.34443,0.79064,1.1439,1.3572,1.4321,1.4025,1.3126,1.2005
1.7333,1.6277,1.3704,1.1068,0.92399,0.83765,0.75767,0.51147,0.032332,-0.57519,-1.1719,-1.6509,-1.9345,-1.9867,-1.8248,-1.4975,-1.0459,-0.50702,0.057751,0.55295,0.87035,0.92095,0.66578,0.14071,-0.53278,-1.1731,-1.6063,-1.7638,-1.7099,-1.5644,-1.4032,-1.2192,-0.94136,-0.50038,0.087019,0.68948,1.1319,1.2958,1.1762,0.87829,0.55418,0.33032,0.23255,0.17983,0.036746,-0.29929,-0.82146,-1.3926,-1.7994,-1.8848,-1.6724,-1.3179,-0.99675,-0.83136,-0.86051,-1.0292,-1.2307,-1.3714,-1.4181,-1.3859,-1.3082,-1.1996,-1.0663,-0.92403,-0.8094,-0.76537,-0.80669,-0.90064,-0.97078,-0.93295,-0.73625,-0.38461,0.066287,0.53044,0.92292,1.1897,1.3206,1.3426,1.2936,1.2094
1.7631,1.6511,1.3897,1.1275,0.96195,0.91237,0.87297,0.64492,0.14983,-0.49627,-1.1394,-1.6626,-1.9819,-2.0547,-1.8959,-1.5571,-1.0921,-0.5493,0.0084228,0.49387,0.80759,0.86476,0.62685,0.12966,-0.50519,-1.0943,-1.4703,-1.576,-1.4922,-1.3473,-1.22,-1.1004,-0.90409,-0.53562,0.010653,0.61088,1.0746,1.2681,1.1777,0.90458,0.6023,0.39376,0.30667,0.25817,0.111,-0.23344,-0.76968,-1.3558,-1.7675,-1.8483,-1.616,-1.2343,-0.88814,-0.70486,-0.72312,-0.89215,-1.1003,-1.2463,-1.2916,-1.2605,-1.1804,-1.0785,-0.96814,-0.86462,-0.79523,-0.79178,-0.86707,-0.99082,-1.0921,-1.0924,-0.93552,-0.61196,-0.16661,0.31507,0.7405,1.0469,1.2187,1.2762,1.2566,1.1961
1.7935,1.6692,1.3975,1.13,0.97683,0.9638,0.97043,0.76801,0.26232,-0.42298,-1.1168,-1.6914,-2.0537,-2.151,-1.9919,-1.6331,-1.1462,-0.59683,-0.051092,0.41434,0.71344,0.76936,0.54658,0.084776,-0.49222,-0.99893,-1.2817,-1.3073,-1.176,-1.0211,-0.92259,-0.87247,-0.78038,-0.52291,-0.053694,0.52006,0.99872,1.2266,1.1783,0.94499,0.67454,0.48449,0.40048,0.34346,0.18436,-0.17321,-0.71831,-1.3073,-1.7179,-1.7901,-1.547,-1.1527,-0.79131,-0.59095,-0.59264,-0.746,-0.94245,-1.0832,-1.131,-1.1009,-1.0366,-0.9603,-0.88127,-0.81052,-0.77357,-0.80339,-0.91401,-1.0741,-1.2196,-1.2686,-1.159,-0.87377,-0.44921,0.035861,0.48947,0.84111,1.0637,1.1715,1.1947,1.1654
1.8099,1.673,1.3903,1.1135,0.96174,0.96733,1.003,0.82119,0.31419,-0.3914,-1.1153,-1.7216,-2.1117,-2.2256,-2.065,-1.6899,-1.1854,-0.62951,-0.091821,0.35746,0.64237,0.69325,0.47833,0.040442,-0.4896,-0.92714,-1.1302,-1.0897,-0.91718,-0.75075,-0.66672,-0.65956,-0.63648,-0.46216,-0.062231,0.47469,0.95029,1.1985,1.1801,0.9784,0.73144,0.55174,0.4639,0.39536,0.22478,-0.13861,-0.6826,-1.2653,-1.6703,-1.7375,-1.4934,-1.0986,-0.73258,-0.52078,-0.51028,-0.65394,-0.84815,-0.99296,-1.0447,-1.0208,-0.95581,-0.88103,-0.81277,-0.76321,-0.75158,-0.80196,-0.9242,-1.0971,-1.2585,-1.3344,-1.2628,-1.0163,-0.61769,-0.13859,0.32673,0.70158,0.95374,1.0889,1.1354,1.1255
1.8245,1.6662,1.3646,1.0689,0.90924,0.92869,0.99697,0.84381,0.3427,-0.37976,-1.1331,-1.7726,-2.1926,-2.325,-2.1626,-1.7675,-1.2392,-0.67337,-0.14504,0.28387,0.55094,0.59663,0.39536,-0.0045315,-0.46383,-0.80261,-0.8985,-0.77204,-0.55017,-0.36949,-0.30417,-0.34473,-0.39897,-0.32507,-0.024552,0.44821,0.90664,1.1749,1.1959,1.0354,0.81608,0.64333,0.54397,0.45692,0.27241,-0.091703,-0.62526,-1.1933,-1.5843,-1.6547,-1.4166,-1.0226,-0.65079,-0.43037,-0.40602,-0.53909,-0.72841,-0.87524,-0.93535,-0.91905,-0.86751,-0.80918,-0.75675,-0.71687,-0.70475,-0.74596,-0.86059,-1.025,-1.1965,-1.3043,-1.2815,-1.0908,-0.74285,-0.29822,0.15478,0.53843,0.81096,0.97384,1.0493,1.0646
1.8318,1.6479,1.3229,1.0018,0.82434,0.84701,0.94153,0.8183,0.33039,-0.39871,-1.1703,-1.8319,-2.2733,-2.4209,-2.258,-1.8466,-1.2982,-0.72349,-0.20209,0.21146,0.4673,0.51669,0.34132,-0.0048488,-0.38338,-0.62386,-0.62729,-0.43342,-0.17643,0.012672,0.0644,-0.010199,-0.1248,-0.13772,0.066214,0.46689,0.89698,1.1754,1.2288,1.1038,0.90831,0.73835,0.62268,0.51192,0.31316,-0.048051,-0.55468,-1.0807,-1.4422,-1.5026,-1.2805,-0.90985,-0.55185,-0.32888,-0.29457,-0.41615,-0.60266,-0.75886,-0.83485,-0.83767,-0.79471,-0.73614,-0.67906,-0.63386,-0.6148,-0.64254,-0.73078,-0.87659,-1.0345,-1.1467,-1.156,-1.0229,-0.74333,-0.35874,0.054727,0.41941,0.69367,0.86875,0.96048,0.99186
1.8335,1.6278,1.283,0.93987,0.74351,0.76237,0.8728,0.77303,0.29902,-0.42953,-1.2082,-1.8794,-2.3317,-2.4882,-2.3257,-1.9051,-1.3454,-0.76581,-0.2475,0.16037,0.41548,0.47616,0.32973,0.032385,-0.28109,-0.45238,-0.39975,-0.17278,0.096939,0.28461,0.32788,0.23618,0.090583,0.026935,0.16735,0.51294,0.9145,1.193,1.263,1.1584,0.97649,0.80552,0.67877,0.55684,0.35457,0.0084752,-0.46891,-0.96227,-1.2987,-1.3593,-1.1531,-0.79943,-0.45041,-0.23004,-0.18844,-0.30236,-0.4869,-0.64974,-0.73955,-0.75563,-0.72805,-0.68059,-0.62563,-0.56896,-0.52454,-0.51977,-0.57985,-0.70078,-0.85021,-0.97017,-1.0016,-0.90459,-0.67339,-0.34261,0.023045,0.35708,0.6146,0.7865,0.88443,0.92723
1.8315,1.5941,1.2219,0.84675,0.61944,0.62615,0.75319,0.68453,0.2329,-0.48835,-1.268,-1.9433,-2.4029,-2.568,-2.4092,-1.9824,-1.413,-0.8282,-0.30983,0.09945,0.36641,0.4565,0.36123,0.13705,-0.08875,-0.1783,-0.070919,0.1757,0.44073,0.61435,0.64164,0.53458,0.3641,0.2556,0.32952,0.60805,0.96748,1.2356,1.3182,1.233,1.0638,0.89382,0.75892,0.62976,0.43377,0.11233,-0.32363,-0.76959,-1.072,-1.1257,-0.93505,-0.60547,-0.27617,-0.061378,-0.018802,-0.12756,-0.30899,-0.47648,-0.58029,-0.61924,-0.60772,-0.569,-0.51258,-0.44427,-0.37952,-0.34719,-0.37251,-0.46553,-0.59105,-0.69966,-0.74278,-0.68716,-0.52405,-0.27417,0.016672,0.29447,0.52069,0.68334,0.78581,0.83851
1.8255,1.555,1.1552,0.74735,0.48543,0.47283,0.61096,0.57142,0.14425,-0.56238,-1.3327,-2.0007,-2.4577,-2.6284,-2.4784,-2.054,-1.4815,-0.89316,-0.37054,0.049533,0.34106,0.47442,0.44223,0.29747,0.15414,0.12879,0.26356,0.50351,0.74401,0.89117,0.90116,0.78417,0.60618,0.47636,0.509,0.73193,1.0475,1.2953,1.3789,1.3037,1.1427,0.97473,0.83753,0.71002,0.52957,0.24114,-0.14541,-0.53887,-0.80753,-0.85613,-0.68735,-0.38779,-0.079224,0.12769,0.17916,0.085719,-0.086168,-0.25815,-0.38053,-0.44085,-0.45715,-0.4396,-0.39153,-0.31469,-0.22545,-0.16018,-0.1587,-0.22285,-0.33275,-0.44148,-0.50175,-0.48177,-0.3727,-0.19024,0.030236,0.2471,0.43359,0.57273,0.66596,0.72199
1.8184,1.5232,1.1038,0.67254,0.38397,0.35349,0.49576,0.47504,0.066495,-0.62569,-1.3818,-2.0357,-2.4842,-2.6564,-2.5155,-2.0993,-1.5295,-0.93933,-0.41085,0.02244,0.33836,0.50915,0.52687,0.44042,0.35135,0.36194,0.50459,0.72894,0.94067,1.0609,1.052,0.92796,0.75191,0.62324,0.6426,0.83856,1.1227,1.3491,1.4238,1.3485,1.1913,1.0257,0.89231,0.7752,0.61301,0.3553,0.0039921,-0.35921,-0.60904,-0.6584,-0.50194,-0.21817,0.076755,0.27916,0.33006,0.24253,0.080748,-0.084031,-0.20974,-0.28688,-0.32236,-0.32221,-0.28354,-0.20757,-0.11412,-0.042421,-0.029061,-0.087393,-0.18964,-0.29121,-0.35137,-0.3465,-0.27286,-0.14304,0.020198,0.19174,0.3454,0.47333,0.57138,0.6393
1.8053,1.478,1.0354,0.57692,0.25442,0.198,0.33905,0.33745,-0.048065,-0.71689,-1.4446,-2.0678,-2.4946,-2.664,-2.5372,-2.1397,-1.5811,-0.99075,-0.45119,0.0052553,0.35848,0.5804,0.65966,0.63795,0.60483,0.64705,0.789,0.98495,1.1543,1.2342,1.198,1.0655,0.8974,0.78148,0.80087,0.97638,1.2268,1.4227,1.4778,1.3965,1.2417,1.0865,0.96756,0.86813,0.7318,0.50369,0.18665,-0.14354,-0.37438,-0.42216,-0.28012,-0.01603,0.26535,0.46355,0.52485,0.45297,0.30342,0.14218,0.01036,-0.084667,-0.14329,-0.16687,-0.14885,-0.085825,0.00501,0.082062,0.10004,0.049565,-0.049715,-0.15602,-0.23048,-0.25122,-0.21552,-0.13432,-0.024544,0.095779,0.21796,0.32863,0.42194,0.49577
1.7921,1.4417,0.98459,0.50997,0.16559,0.089274,0.22446,0.2312,-0.13997,-0.78869,-1.4889,-2.0811,-2.4841,-2.6469,-2.5301,-2.1501,-1.6043,-1.0164,-0.46771,0.0081578,0.38918,0.64496,0.76126,0.77526,0.77138,0.82735,0.96292,1.1346,1.2725,1.322,1.266,1.1283,0.96716,0.86422,0.89302,1.0646,1.3008,1.4775,1.5188,1.4292,1.2747,1.1242,1.0158,0.93165,0.8121,0.60452,0.30811,-0.0056016,-0.22814,-0.27802,-0.14598,0.10535,0.37591,0.5711,0.63525,0.5768,0.44768,0.30321,0.17345,0.067301,-0.016217,-0.066931,-0.068623,-0.015962,0.069143,0.14018,0.15312,0.094144,-0.011616,-0.12201,-0.2017,-0.23471,-0.22327,-0.17809,-0.10832,-0.017554,0.083945,0.19222,0.29704,0.3884
1.7688,1.3894,0.91754,0.42811,0.061107,-0.039916,0.081801,0.089175,-0.2688,-0.88887,-1.5451,-2.087,-2.4498,-2.5966,-2.49,-2.1347,-1.61,-1.0276,-0.46752,0.032202,0.44365,0.7321,0.88124,0.92638,0.94663,1.0113,1.1341,1.2736,1.3696,1.3775,1.2931,1.1467,1,0.92658,0.9834,1.1637,1.3874,1.543,1.566,1.4687,1.3161,1.1758,1.0808,1.0109,0.90571,0.71192,0.42789,0.12265,-0.097246,-0.15329,-0.03215,0.20894,0.4742,0.66988,0.7452,0.70277,0.59028,0.45865,0.33371,0.21642,0.11485,0.040686,0.013964,0.044297,0.1121,0.16953,0.16785,0.094577,-0.027736,-0.15757,-0.25963,-0.31829,-0.33615,-0.32264,-0.28253,-0.21482,-0.11929,-0.0053838,0.11265,0.22173
1.7369,1.3313,0.85048,0.35441,-0.025206,-0.14733,-0.046438,-0.052108,-0.40606,-0.99668,-1.6015,-2.085,-2.3999,-2.5236,-2.4239,-2.0922,-1.5897,-1.0149,-0.44511,0.074246,0.50549,0.80933,0.97058,1.0272,1.0551,1.1198,1.2294,1.3413,1.3975,1.3643,1.2472,1.0899,0.95937,0.92451,1.0225,1.2301,1.4581,1.604,1.6149,1.5123,1.3636,1.2325,1.147,1.0824,0.97678,0.77894,0.49019,0.18099,-0.043473,-0.10396,0.009885,0.24188,0.50039,0.69629,0.78035,0.75862,0.6721,0.56002,0.4394,0.3165,0.19235,0.092958,0.0462,0.06166,0.11381,0.1499,0.1237,0.021281,-0.12999,-0.28714,-0.41574,-0.5011,-0.54534,-0.55552,-0.53239,-0.46857,-0.36476,-0.23191,-0.08817,0.048947
1.7062,1.2828,0.79885,0.30404,-0.078666,-0.21216,-0.13161,-0.15783,-0.51551,-1.0846,-1.6466,-2.081,-2.3562,-2.4603,-2.364,-2.0496,-1.5642,-0.99537,-0.41924,0.11198,0.55164,0.85616,1.0123,1.0619,1.0852,1.1455,1.2465,1.3409,1.3717,1.3101,1.1705,1.0056,0.88764,0.88191,1.0153,1.2501,1.4926,1.6418,1.6529,1.5522,1.4082,1.284,1.2024,1.135,1.0197,0.80689,0.5013,0.17716,-0.056945,-0.12395,-0.011444,0.22312,0.48588,0.68621,0.7768,0.76106,0.68135,0.57773,0.46525,0.34217,0.21626,0.10925,0.04998,0.050473,0.086626,0.10491,0.056389,-0.070373,-0.2471,-0.4297,-0.58325,-0.69296,-0.75937,-0.78504,-0.76469,-0.69162,-0.56564,-0.40435,-0.23355,-0.075129
1.6543,1.2095,0.72604,0.24004,-0.13688,-0.27905,-0.23132,-0.29855,-0.67297,-1.2147,-1.7149,-2.0764,-2.2942,-2.3709,-2.2775,-1.9878,-1.5279,-0.96943,-0.38792,0.15375,0.59672,0.89173,1.0288,1.0577,1.0652,1.1144,1.2032,1.2771,1.2782,1.1829,1.0156,0.84062,0.73736,0.77072,0.95562,1.2382,1.5136,1.6817,1.7043,1.615,1.4831,1.3686,1.2862,1.2035,1.0619,0.81424,0.47554,0.12603,-0.1265,-0.19859,-0.086314,0.14949,0.41494,0.62228,0.71999,0.71566,0.64902,0.55595,0.44892,0.3282,0.19939,0.087719,0.022308,0.012806,0.032129,0.025672,-0.054084,-0.2176,-0.43473,-0.65989,-0.8553,-1.0009,-1.0906,-1.1215,-1.0872,-0.98523,-0.82152,-0.62431,-0.42235,-0.23748
1.5883,1.1246,0.64553,0.17557,-0.18474,-0.32739,-0.31629,-0.44177,-0.84795,-1.3673,-1.8005,-2.0838,-2.2385,-2.2844,-2.1954,-1.9328,-1.502,-0.95881,-0.37735,0.16852,0.608,0.88741,0.99963,1.0013,0.98601,1.0194,1.094,1.1504,1.1268,1.0021,0.80976,0.62408,0.53425,0.60619,0.8455,1.1824,1.502,1.702,1.7494,1.6806,1.5671,1.462,1.3779,1.2796,1.1056,0.81763,0.43282,0.038957,-0.24174,-0.33021,-0.21623,0.033876,0.31663,0.5337,0.64042,0.63881,0.57293,0.48312,0.38288,0.27021,0.14805,0.039646,-0.027146,-0.043067,-0.036026,-0.06217,-0.17004,-0.36856,-0.62632,-0.89324,-1.1265,-1.302,-1.4091,-1.4402,-1.3854,-1.244,-1.0389,-0.80465,-0.57586,-0.3745
1.5291,1.0524,0.57845,0.12462,-0.21661,-0.35377,-0.37217,-0.55123,-0.99209,-1.4985,-1.8801,-2.1004,-2.2055,-2.2266,-2.1412,-1.9027,-1.4981,-0.97008,-0.39237,0.15361,0.58898,0.85611,0.94912,0.92925,0.8957,0.91638,0.98146,1.0268,0.98759,0.84237,0.63071,0.4357,0.35535,0.45688,0.7375,1.1157,1.4689,1.6955,1.7655,1.7193,1.6264,1.5371,1.4578,1.3481,1.1469,0.81968,0.39098,-0.039798,-0.3428,-0.43548,-0.31438,-0.055234,0.23361,0.45615,0.56204,0.55928,0.49409,0.40826,0.31567,0.21105,0.10064,0.00060353,-0.06419,-0.084987,-0.087613,-0.12558,-0.24863,-0.46334,-0.74077,-1.0323,-1.2928,-1.4909,-1.6073,-1.6294,-1.5512,-1.3843,-1.1538,-0.90077,-0.65824,-0.44649
1.4373,0.94402,0.47858,0.05107,-0.25732,-0.37979,-0.43688,-0.69852,-1.2004,-1.6969,-2.0077,-2.1397,-2.1743,-2.161,-2.0823,-1.8812,-1.5206,-1.0218,-0.45463,0.089785,0.52096,0.77503,0.84712,0.80534,0.7534,0.76117,0.81625,0.84675,0.78476,0.61322,0.37694,0.17063,0.10234,0.23871,0.56737,0.99476,1.3902,1.6539,1.7594,1.7511,1.6951,1.6337,1.5628,1.4384,1.2031,0.82653,0.3471,-0.12668,-0.46207,-0.56553,-0.44353,-0.17781,0.11862,0.34762,0.45502,0.45209,0.38644,0.30171,0.2139,0.12163,0.023275,-0.063821,-0.11789,-0.13371,-0.13916,-0.18685,-0.31997,-0.54884,-0.84038,-1.1439,-1.4137,-1.6183,-1.7363,-1.7507,-1.6538,-1.4595,-1.2133,-0.95465,-0.71626,-0.51451
1.3593,0.85434,0.39578,-0.009816,-0.28854,-0.39437,-0.4792,-0.80837,-1.3668,-1.8617,-2.1183,-2.1813,-2.1606,-2.1203,-2.048,-1.8792,-1.5594,-1.0911,-0.53699,0.0057695,0.43746,0.68896,0.75453,0.70502,0.6456,0.64675,0.69346,0.7117,0.6329,0.44482,0.19438,-0.017812,-0.081559,0.070978,0.42533,0.88166,1.3063,1.5965,1.7306,1.7518,1.7253,1.6877,1.6305,1.5068,1.2574,0.8562,0.34302,-0.16829,-0.53188,-0.65661,-0.54055,-0.26902,0.036694,0.2688,0.37762,0.36995,0.29865,0.21348,0.13304,0.053484,-0.028421,-0.10224,-0.14986,-0.16573,-0.17338,-0.21995,-0.34868,-0.56662,-0.84722,-1.1456,-1.4172,-1.6246,-1.7381,-1.7381,-1.6245,-1.4281,-1.1818,-0.93371,-0.71152,-0.52724
1.2448,0.72517,0.27572,-0.099131,-0.33315,-0.41113,-0.5282,-0.95186,-1.5973,-2.098,-2.2821,-2.2486,-2.1516,-2.0737,-2.0102,-1.8904,-1.636,-1.22,-0.69112,-0.15082,0.28929,0.55155,0.62628,0.58039,0.51915,0.51211,0.54542,0.54825,0.45533,0.25075,-0.012817,-0.23331,-0.29659,-0.13124,0.2444,0.72423,1.1716,1.4864,1.6504,1.7089,1.7237,1.7257,1.6987,1.5893,1.3366,0.91333,0.36524,-0.1842,-0.58414,-0.73158,-0.63031,-0.37008,-0.073011,0.15575,0.25733,0.24282,0.1663,0.081934,0.013054,-0.045618,-0.10066,-0.15107,-0.1852,-0.19683,-0.20197,-0.23939,-0.34871,-0.53977,-0.79086,-1.0602,-1.3046,-1.4882,-1.5841,-1.5764,-1.4673,-1.2812,-1.0662,-0.85525,-0.67036,-0.51999
1.1212,0.58811,0.14726,-0.19667,-0.3829,-0.4279,-0.57229,-1.0889,-1.8294,-2.3436,-2.4557,-2.3233,-2.1459,-2.0283,-1.973,-1.9054,-1.7255,-1.3746,-0.87991,-0.34299,0.11275,0.39916,0.50054,0.47757,0.43009,0.42421,0.44863,0.43837,0.33102,0.11166,-0.16442,-0.39211,-0.45465,-0.28333,0.095875,0.5747,1.0199,1.3414,1.5244,1.6164,1.6734,1.7189,1.7291,1.6461,1.4071,0.98563,0.42567,-0.15042,-0.58514,-0.77336,-0.70528,-0.46611,-0.18208,0.031849,0.1213,0.093057,0.0068548,-0.076064,-0.12919,-0.1593,-0.18317,-0.20476,-0.21744,-0.21576,-0.21058,-0.23176,-0.31013,-0.46134,-0.66845,-0.89744,-1.1092,-1.2672,-1.3427,-1.3224,-1.2169,-1.0568,-0.88281,-0.72325,-0.59025,-0.48543
1.0253,0.48314,0.047752,-0.27325,-0.42372,-0.44247,-0.60285,-1.1847,-1.9975,-2.5265,-2.5865,-2.3798,-2.1412,-1.9909,-1.9385,-1.9091,-1.7876,-1.4912,-1.0277,-0.49514,-0.024686,0.28633,0.41551,0.41959,0.39289,0.39769,0.42219,0.40358,0.2834,0.053652,-0.22953,-0.4597,-0.52195,-0.35592,0.010822,0.47161,0.90276,1.2177,1.4085,1.5196,1.605,1.682,1.7221,1.6651,1.446,1.0365,0.48036,-0.10301,-0.55976,-0.775,-0.73733,-0.52777,-0.27077,-0.077681,-0.010876,-0.056029,-0.14896,-0.22505,-0.258,-0.26002,-0.25122,-0.24592,-0.24106,-0.22852,-0.21181,-0.21394,-0.26723,-0.38361,-0.5548,-0.7514,-0.93661,-1.075,-1.1387,-1.1158,-1.0187,-0.88159,-0.74007,-0.61735,-0.52105,-0.44931
0.89773,0.34551,-0.084253,-0.37654,-0.48197,-0.46556,-0.64191,-1.3003,-2.2035,-2.7563,-2.7531,-2.4508,-2.1302,-1.9316,-1.8743,-1.8866,-1.8409,-1.623,-1.2094,-0.68812,-0.19787,0.15176,0.32777,0.37804,0.38778,0.41248,0.44043,0.41463,0.28513,0.048404,-0.23919,-0.47353,-0.54539,-0.39783,-0.05974,0.36641,0.76255,1.0509,1.2289,1.3474,1.4606,1.581,1.6717,1.6625,1.483,1.1008,0.55616,-0.033161,-0.51376,-0.77082,-0.78263,-0.62114,-0.40608,-0.25285,-0.21793,-0.28938,-0.39787,-0.47094,-0.47824,-0.43505,-0.37572,-0.31987,-0.27174,-0.22648,-0.18503,-0.1634,-0.18397,-0.26685,-0.40349,-0.56812,-0.72581,-0.84129,-0.88812,-0.85955,-0.77426,-0.6639,-0.56606,-0.49286,-0.44344,-0.41155
0.80565,0.24842,-0.17817,-0.45136,-0.52643,-0.4867,-0.67088,-1.3755,-2.3383,-2.9092,-2.8651,-2.4967,-2.1163,-1.8776,-1.8079,-1.8405,-1.8442,-1.6861,-1.3171,-0.81063,-0.30855,0.070353,0.2854,0.3763,0.41747,0.45888,0.48998,0.46191,0.33072,0.092834,-0.19589,-0.43611,-0.5209,-0.39152,-0.080044,0.31519,0.67439,0.92998,1.0837,1.196,1.3234,1.4721,1.6001,1.6303,1.4848,1.131,0.60219,0.012932,-0.4818,-0.76869,-0.81651,-0.69289,-0.51694,-0.40275,-0.40614,-0.50882,-0.63135,-0.6947,-0.671,-0.58492,-0.47757,-0.37869,-0.29506,-0.22061,-0.15355,-0.10797,-0.11014,-0.17194,-0.29035,-0.44117,-0.58984,-0.7004,-0.74523,-0.71745,-0.63784,-0.54468,-0.46773,-0.4205,-0.39944,-0.39485
0.69326,0.13375,-0.29003,-0.54228,-0.58395,-0.51964,-0.7102,-1.4602,-2.484,-3.0757,-2.986,-2.5414,-2.0865,-1.791,-1.6951,-1.7386,-1.7915,-1.7051,-1.399,-0.92159,-0.41182,0.00061506,0.2633,0.40564,0.49055,0.56005,0.60219,0.57573,0.4416,0.20164,-0.090208,-0.33927,-0.4409,-0.34211,-0.073094,0.26669,0.56647,0.76658,0.883,0.983,1.1217,1.3025,1.471,1.5439,1.4418,1.1241,0.62429,0.05041,-0.45292,-0.76712,-0.86196,-0.79747,-0.68601,-0.63508,-0.69874,-0.84626,-0.98719,-1.0361,-0.96779,-0.81773,-0.63687,-0.46346,-0.31133,-0.18027,-0.071744,0.0010107,0.018502,-0.036758,-0.15357,-0.30546,-0.45612,-0.5684,-0.61526,-0.59267,-0.52456,-0.44801,-0.39741,-0.37795,-0.38269,-0.40093
0.5984,0.041896,-0.3798,-0.61684,-0.63668,-0.55882,-0.75346,-1.5281,-2.5859,-3.1882,-3.0651,-2.5594,-2.0386,-1.6877,-1.5559,-1.593,-1.6743,-1.6441,-1.3986,-0.96003,-0.45665,-0.022867,0.278,0.4633,0.58848,0.68712,0.74811,0.72861,0.59563,0.35333,0.052995,-0.2099,-0.33712,-0.27411,-0.047798,0.24138,0.48642,0.62666,0.69234,0.75911,0.8922,1.0939,1.3012,1.42,1.362,1.081,0.608,0.048281,-0.45732,-0.79306,-0.92864,-0.91993,-0.87319,-0.8907,-1.0176,-1.2115,-1.369,-1.3978,-1.2778,-1.0537,-0.79372,-0.54256,-0.31688,-0.11854,0.046337,0.15746,0.18696,0.13063,-0.0033624,-0.18179,-0.36081,-0.49695,-0.55998,-0.54731,-0.48818,-0.42749,-0.39233,-0.3915,-0.41527,-0.45038
0.54172,-0.0087529,-0.42958,-0.65967,-0.67216,-0.5925,-0.79022,-1.5699,-2.6331,-3.2342,-3.0933,-2.5531,-1.9909,-1.6006,-1.4376,-1.4596,-1.5477,-1.548,-1.3461,-0.9442,-0.45665,-0.015995,0.30865,0.52385,0.67719,0.79512,0.86604,0.85062,0.71952,0.47505,0.16791,-0.10943,-0.25746,-0.21708,-0.016258,0.24502,0.45095,0.54453,0.55862,0.58663,0.70539,0.91787,1.1547,1.3092,1.2833,1.0296,0.57394,0.022094,-0.48299,-0.8321,-0.99142,-1.0167,-1.0127,-1.0779,-1.2512,-1.4823,-1.6555,-1.6702,-1.508,-1.2291,-0.90262,-0.58185,-0.29004,-0.036255,0.16714,0.29747,0.33188,0.26061,0.10617,-0.093677,-0.29374,-0.45079,-0.53487,-0.54293,-0.50306,-0.45676,-0.43757,-0.44854,-0.47937,-0.51673
0.48748,-0.050136,-0.47032,-0.69814,-0.71315,-0.64422,-0.84757,-1.6165,-2.659,-3.2435,-3.0863,-2.5178,-1.9135,-1.4757,-1.2691,-1.2602,-1.3416,-1.3682,-1.2199,-0.87484,-0.42165,0.016825,0.36617,0.62095,0.81083,0.95265,1.0319,1.0166,0.88075,0.62963,0.31233,0.018483,-0.15052,-0.13418,0.038519,0.26401,0.41978,0.45191,0.40022,0.37739,0.47287,0.69102,0.95193,1.1393,1.1491,0.92879,0.50385,-0.025373,-0.52329,-0.88344,-1.0747,-1.1463,-1.1959,-1.3171,-1.5392,-1.8016,-1.9772,-1.9625,-1.7487,-1.4013,-1.0059,-0.61289,-0.24412,0.086342,0.35379,0.52189,0.56105,0.47322,0.28384,0.041604,-0.19996,-0.39407,-0.51183,-0.55315,-0.54695,-0.53276,-0.53642,-0.56161,-0.59797,-0.6346
0.45907,-0.061557,-0.48198,-0.71486,-0.74674,-0.70383,-0.91633,-1.6562,-2.6448,-3.1921,-3.0258,-2.4487,-1.8216,-1.3479,-1.1008,-1.0561,-1.1199,-1.1604,-1.0575,-0.76874,-0.35545,0.073268,0.44037,0.7288,0.94915,1.1094,1.1938,1.1731,1.0263,0.76425,0.43763,0.13465,-0.045046,-0.046706,0.10299,0.29435,0.40877,0.38574,0.27728,0.20213,0.26683,0.48006,0.75887,0.97716,1.0212,0.8337,0.43665,-0.071939,-0.56148,-0.92738,-1.1415,-1.2503,-1.3429,-1.5002,-1.7488,-2.0203,-2.1872,-2.1477,-1.895,-1.5016,-1.0461,-0.58472,-0.14757,0.24201,0.55187,0.74245,0.78567,0.68359,0.47415,0.20951,-0.058216,-0.28649,-0.44939,-0.54451,-0.59312,-0.62629,-0.66315,-0.70799,-0.75314,-0.78921
0.45405,-0.05217,-0.47343,-0.71433,-0.76743,-0.75265,-0.97384,-1.6808,-2.6081,-3.114,-2.9441,-2.3738,-1.7435,-1.254,-0.98263,-0.91262,-0.96047,-1.0049,-0.92853,-0.6763,-0.28998,0.13265,0.51162,0.81809,1.0534,1.2198,1.3017,1.2736,1.1185,0.84833,0.51551,0.20917,0.027506,0.0242,0.16685,0.34138,0.42548,0.3615,0.20657,0.092044,0.13317,0.34402,0.636,0.87583,0.94486,0.78332,0.40862,-0.084805,-0.56719,-0.94278,-1.1757,-1.3055,-1.4147,-1.5818,-1.8264,-2.0845,-2.2316,-2.172,-1.9033,-1.4943,-1.0221,-0.53773,-0.069328,0.35584,0.6974,0.908,0.95746,0.85167,0.63054,0.3517,0.069752,-0.17566,-0.36546,-0.50197,-0.60261,-0.68676,-0.7628,-0.82863,-0.87769,-0.9065
0.46664,-0.019461,-0.44363,-0.69923,-0.78929,-0.82121,-1.0559,-1.7055,-2.5283,-2.964,-2.7928,-2.2467,-1.6301,-1.1357,-0.84324,-0.74619,-0.77335,-0.81688,-0.76521,-0.55142,-0.1933,0.22552,0.62009,0.94527,1.1916,1.356,1.4249,1.3806,1.2115,0.93143,0.5958,0.29457,0.12391,0.13296,0.2762,0.43433,0.47986,0.36366,0.1502,-0.012121,0.0020738,0.20898,0.51316,0.7753,0.87476,0.7468,0.40885,-0.051479,-0.51838,-0.89561,-1.1515,-1.3118,-1.4392,-1.5987,-1.8089,-2.0178,-2.1239,-2.0469,-1.7819,-1.3855,-0.91915,-0.42768,0.058362,0.50548,0.8671,1.0924,1.1499,1.0483,0.83286,0.56119,0.28301,0.028815,-0.19238,-0.38748,-0.56702,-0.73232,-0.87402,-0.97969,-1.0432,-1.0676
0.48799,0.016566,-0.41013,-0.67957,-0.80192,-0.87436,-1.1193,-1.7176,-2.4495,-2.8249,-2.6542,-2.1356,-1.5409,-1.0536,-0.75469,-0.6436,-0.65689,-0.69663,-0.65613,-0.46208,-0.11874,0.29892,0.70335,1.0393,1.2897,1.448,1.5036,1.4425,1.259,0.97151,0.64021,0.35436,0.20477,0.22877,0.37346,0.51658,0.53528,0.38414,0.13453,-0.059336,-0.062927,0.14017,0.455,0.73722,0.86129,0.76223,0.45187,0.01402,-0.43931,-0.81656,-1.0811,-1.2522,-1.383,-1.5249,-1.7001,-1.8618,-1.9275,-1.8371,-1.5891,-1.2252,-0.79211,-0.32359,0.1541,0.60492,0.97578,1.2098,1.2751,1.1808,0.97443,0.71607,0.45277,0.20607,-0.026611,-0.25894,-0.49714,-0.7305,-0.92796,-1.0684,-1.1465,-1.1718
0.52814,0.074124,-0.3563,-0.64617,-0.81435,-0.9444,-1.2025,-1.7236,-2.3247,-2.6157,-2.4482,-1.9752,-1.4225,-0.95716,-0.66091,-0.53977,-0.53946,-0.57135,-0.53534,-0.35528,-0.02226,0.39826,0.81484,1.163,1.4134,1.5582,1.5913,1.5029,1.2962,1.0012,0.68294,0.432,0.32447,0.37676,0.52284,0.63936,0.61573,0.41799,0.12966,-0.089002,-0.1045,0.10032,0.4253,0.72741,0.88284,0.8242,0.55983,0.16303,-0.26338,-0.63606,-0.91264,-1.0947,-1.2157,-1.3212,-1.4265,-1.514,-1.5336,-1.4435,-1.2375,-0.93784,-0.57028,-0.15519,0.28548,0.71524,1.0788,1.3169,1.3926,1.3193,1.1419,0.91655,0.68382,0.45606,0.21994,-0.04695,-0.35122,-0.66781,-0.94752,-1.1485,-1.2566,-1.2848
0.57629,0.1366,-0.29864,-0.60895,-0.82287,-1.0099,-1.2786,-1.7165,-2.1834,-2.3919,-2.2302,-1.8092,-1.3098,-0.87941,-0.59876,-0.47703,-0.46687,-0.4874,-0.44501,-0.26365,0.072366,0.50295,0.93259,1.2871,1.5286,1.6498,1.6494,1.5298,1.3031,1.0101,0.71886,0.51405,0.4552,0.53684,0.68093,0.76847,0.70094,0.45919,0.13768,-0.098176,-0.1164,0.094101,0.43266,0.75691,0.94318,0.92464,0.70454,0.35134,-0.040011,-0.38998,-0.65524,-0.83053,-0.93585,-1.0005,-1.0495,-1.0782,-1.0626,-0.9808,-0.82708,-0.60611,-0.32384,0.017625,0.40639,0.80631,1.1564,1.3915,1.4765,1.4192,1.2683,1.0799,0.88837,0.69456,0.47185,0.18842,-0.16309,-0.54615,-0.89711,-1.1561,-1.3013,-1.3461
0.61457,0.18262,-0.25661,-0.58151,-0.82804,-1.0544,-1.3285,-1.7019,-2.0704,-2.2208,-2.0653,-1.6861,-1.232,-0.83527,-0.57422,-0.45694,-0.44002,-0.44872,-0.395,-0.20419,0.14136,0.58254,1.0206,1.3737,1.6026,1.7005,1.6724,1.5305,1.2958,1.0124,0.75053,0.58384,0.55949,0.65793,0.79629,0.86069,0.76045,0.4883,0.14554,-0.096834,-0.11046,0.10732,0.45359,0.78929,0.99492,1.0062,0.82365,0.50849,0.14981,-0.17861,-0.4298,-0.59049,-0.67344,-0.7081,-0.71874,-0.71723,-0.6932,-0.63073,-0.52054,-0.35862,-0.13825,0.14762,0.49189,0.86047,1.1928,1.4229,1.5118,1.4695,1.3423,1.1823,1.0194,0.84949,0.64105,0.35748,-0.011688,-0.42953,-0.82172,-1.1172,-1.2854,-1.3392
0.66434,0.23871,-0.20619,-0.549,-0.83435,-1.1071,-1.3829,-1.6706,-1.9159,-1.9966,-1.8521,-1.5304,-1.1421,-0.79907,-0.5716,-0.46466,-0.43788,-0.42421,-0.34585,-0.13468,0.2269,0.68081,1.1249,1.471,1.6795,1.7459,1.6843,1.5177,1.2784,1.0174,0.80053,0.6878,0.70325,0.81388,0.9341,0.96166,0.81946,0.51402,0.15601,-0.084175,-0.087841,0.13914,0.49169,0.83659,1.0634,1.1077,0.97225,0.71139,0.40155,0.11601,-0.10403,-0.24026,-0.29705,-0.29754,-0.27763,-0.25508,-0.23162,-0.1984,-0.14499,-0.056823,0.084434,0.29823,0.58755,0.92092,1.2338,1.455,1.5449,1.5121,1.4044,1.2739,1.1471,1.0134,0.83419,0.56659,0.19599,-0.23935,-0.66443,-0.99846,-1.2009,-1.2778
0.70889,0.28528,-0.16514,-0.52363,-0.84068,-1.1497,-1.42,-1.6258,-1.7622,-1.7866,-1.6566,-1.3931,-1.0749,-0.79294,-0.60454,-0.51049,-0.46963,-0.42367,-0.30991,-0.072738,0.30289,0.76204,1.2034,1.5384,1.7254,1.7636,1.675,1.4908,1.2553,1.0258,0.86152,0.80426,0.85389,0.9636,1.0533,1.0346,0.85292,0.52729,0.17227,-0.055592,-0.051026,0.17618,0.53003,0.88339,1.1264,1.2003,1.1008,0.88069,0.61667,0.37164,0.19221,0.096183,0.076526,0.10375,0.14091,0.15911,0.15509,0.14223,0.13907,0.16571,0.25112,0.41849,0.67103,0.97629,1.269,1.4777,1.5616,1.5313,1.4348,1.3235,1.2228,1.1202,0.97384,0.73672,0.38921,-0.03729,-0.46623,-0.81404,-1.0346,-1.1288
0.73755,0.31271,-0.14148,-0.50969,-0.84517,-1.1729,-1.4342,-1.5834,-1.6513,-1.644,-1.5282,-1.3084,-1.0435,-0.80944,-0.65179,-0.56631,-0.51102,-0.43519,-0.28953,-0.030771,0.35254,0.81009,1.2449,1.5687,1.7387,1.7565,1.6504,1.4587,1.2337,1.0347,0.913,0.8943,0.96341,1.0672,1.1311,1.0793,0.87152,0.53808,0.19486,-0.01223,0.0024637,0.22562,0.56386,0.90467,1.149,1.2373,1.1657,0.97909,0.74813,0.53495,0.38433,0.3147,0.31673,0.35682,0.39506,0.40266,0.37713,0.33335,0.29319,0.28287,0.3371,0.48151,0.71896,1.0136,1.2966,1.4949,1.5684,1.531,1.4329,1.3275,1.2409,1.1607,1.0444,0.8421,0.52872,0.1284,-0.28544,-0.63599,-0.87209,-0.98329
0.76867,0.33916,-0.11946,-0.49738,-0.84932,-1.19,-1.4328,-1.516,-1.5138,-1.4798,-1.3887,-1.2274,-1.0323,-0.86068,-0.74208,-0.66396,-0.58417,-0.46286,-0.27054,0.017089,0.40597,0.8548,1.2758,1.5811,1.7269,1.718,1.5902,1.3964,1.1972,1.049,0.98862,1.0168,1.1011,1.1879,1.2153,1.1288,0.90278,0.57625,0.25497,0.0685,0.088645,0.29699,0.61216,0.93193,1.1652,1.257,1.2039,1.0486,0.85578,0.68525,0.5747,0.53853,0.56475,0.61621,0.65037,0.63743,0.57626,0.48723,0.40091,0.35467,0.38547,0.52266,0.76295,1.06,1.3367,1.5182,1.5688,1.5088,1.3963,1.2909,1.2211,1.1736,1.1012,0.9491,0.68702,0.33487,-0.045765,-0.37464,-0.60071,-0.71272
0.78699,0.35217,-0.109,-0.49182,-0.84971,-1.1908,-1.4151,-1.4583,-1.4199,-1.3779,-1.3101,-1.193,-1.0495,-0.92221,-0.83,-0.75335,-0.64988,-0.48949,-0.26044,0.046031,0.43329,0.869,1.2742,1.5633,1.6914,1.6647,1.5248,1.3354,1.1622,1.0573,1.0444,1.1053,1.1976,1.2681,1.2679,1.1566,0.92525,0.61417,0.32072,0.1525,0.17134,0.36015,0.65054,0.94788,1.1646,1.2493,1.1973,1.0527,0.87971,0.73453,0.65274,0.64308,0.68747,0.74579,0.77212,0.73846,0.64823,0.52865,0.41806,0.3545,0.3866,0.53542,0.78785,1.0896,1.3602,1.5258,1.5554,1.4719,1.3413,1.2288,1.1671,1.1439,1.1107,1.0086,0.8009,0.49746,0.15777,-0.15043,-0.37548,-0.49655
0.80579,0.36232,-0.10049,-0.48629,-0.84294,-1.1719,-1.366,-1.3691,-1.305,-1.2687,-1.2378,-1.181,-1.1055,-1.0358,-0.97654,-0.89494,-0.75057,-0.53153,-0.25262,0.074922,0.45164,0.85862,1.2331,1.4963,1.6015,1.5558,1.4087,1.2335,1.1015,1.0584,1.1052,1.2059,1.3082,1.3626,1.3316,1.1935,0.9573,0.67036,0.42056,0.28623,0.30518,0.46181,0.70077,0.94806,1.1283,1.1914,1.1331,0.99395,0.83748,0.71766,0.6674,0.68936,0.75719,0.8236,0.84256,0.79039,0.67594,0.53012,0.39539,0.32452,0.35839,0.52118,0.79267,1.1061,1.3714,1.5129,1.5053,1.3847,1.2261,1.104,1.0555,1.0679,1.089,1.0542,0.91988,0.68884,0.40424,0.13558,-0.063958,-0.16973
0.82022,0.368,-0.094116,-0.47768,-0.82249,-1.1234,-1.2826,-1.2623,-1.1977,-1.1836,-1.1973,-1.2019,-1.1941,-1.1832,-1.1548,-1.0617,-0.86783,-0.58469,-0.25611,0.088072,0.44764,0.81756,1.1519,1.3815,1.4614,1.3995,1.2512,1.0967,1.0123,1.0353,1.1454,1.2869,1.4006,1.4413,1.3837,1.2265,0.99099,0.73258,0.51669,0.40389,0.41635,0.54047,0.73179,0.92714,1.0601,1.086,1.0041,0.85744,0.70798,0.61093,0.59124,0.64526,0.74046,0.82388,0.84547,0.78101,0.64353,0.47449,0.32933,0.26048,0.31899,0.513,0.80287,1.1111,1.349,1.4494,1.3965,1.2326,1.0456,0.91675,0.88637,0.94073,1.0241,1.0663,1.016,0.86431,0.64897,0.42636,0.24708,0.14317
0.83005,0.37218,-0.087627,-0.46575,-0.79377,-1.0642,-1.1942,-1.1676,-1.119,-1.1333,-1.1846,-1.2356,-1.2783,-1.3116,-1.3047,-1.2007,-0.96737,-0.6355,-0.2711,0.083103,0.42746,0.76745,1.069,1.2696,1.3267,1.251,1.1024,0.96688,0.92249,0.9983,1.1587,1.3338,1.4568,1.4858,1.4068,1.233,1.0004,0.76288,0.57397,0.47331,0.4772,0.5745,0.73125,0.88978,0.98639,0.97972,0.87039,0.7064,0.55528,0.47082,0.47703,0.56139,0.6816,0.7816,0.80788,0.74575,0.61404,0.45305,0.31343,0.25558,0.31644,0.50734,0.79092,1.0874,1.3035,1.3701,1.2758,1.0755,0.86307,0.72912,0.7176,0.81154,0.94825,1.0507,1.0619,0.96933,0.80188,0.61611,0.46277,0.37509
0.84498,0.38139,-0.072025,-0.43731,-0.73394,-0.95112,-1.0382,-1.0173,-1.0118,-1.0794,-1.1869,-1.3001,-1.4088,-1.4983,-1.5196,-1.401,-1.1156,-0.72043,-0.30985,0.057549,0.38118,0.67867,0.93245,1.0891,1.1106,1.012,0.86078,0.75404,0.77008,0.92034,1.1492,1.3693,1.5078,1.5257,1.4203,1.2195,0.98025,0.75996,0.60285,0.52165,0.51803,0.58308,0.69121,0.79665,0.84287,0.79024,0.64366,0.45543,0.29864,0.22956,0.26922,0.39861,0.56696,0.70674,0.76674,0.72338,0.59771,0.44022,0.31255,0.26704,0.34609,0.54326,0.80647,1.0541,1.2023,1.195,1.0329,0.77899,0.54064,0.41273,0.4372,0.59101,0.80412,0.99222,1.0906,1.0785,0.97798,0.83932,0.71273,0.63587
0.85943,0.3936,-0.052548,-0.40407,-0.67007,-0.83884,-0.89131,-0.88328,-0.9253,-1.0445,-1.1995,-1.3594,-1.5146,-1.6445,-1.6877,-1.5606,-1.239,-0.79736,-0.35101,0.028241,0.33703,0.59975,0.81183,0.93082,0.92323,0.80674,0.65399,0.57047,0.63401,0.84175,1.1211,1.3735,1.5243,1.5376,1.4159,1.1968,0.94647,0.72875,0.58162,0.50736,0.49952,0.54641,0.626,0.69767,0.70873,0.62286,0.44827,0.24137,0.079552,0.024665,0.092921,0.25813,0.46263,0.63762,0.72593,0.71245,0.61876,0.49009,0.381,0.34715,0.41691,0.5879,0.81205,1.01,1.099,1.0268,0.80224,0.50109,0.23999,0.1201,0.1803,0.38805,0.66403,0.91803,1.0814,1.1279,1.0773,0.97573,0.8713,0.80215
0.88547,0.4202,-0.013319,-0.34101,-0.55783,-0.65422,-0.65791,-0.67552,-0.796,-0.99695,-1.2206,-1.4411,-1.6544,-1.8361,-1.9107,-1.7777,-1.4135,-0.91327,-0.418,-0.018554,0.27315,0.48683,0.63529,0.69627,0.64548,0.50651,0.35826,0.30996,0.43506,0.71664,1.0589,1.3532,1.5225,1.5329,1.3908,1.1438,0.86855,0.64089,0.4936,0.42149,0.40845,0.44068,0.49778,0.54023,0.51649,0.39263,0.17915,-0.058626,-0.23094,-0.27191,-0.16357,0.05949,0.32812,0.5636,0.70802,0.74088,0.68623,0.59321,0.51562,0.49511,0.55786,0.69061,0.84491,0.94918,0.93155,0.75066,0.42831,0.054495,-0.23772,-0.33996,-0.22041,0.071734,0.44104,0.78681,1.0345,1.1576,1.1654,1.1049,1.0255,0.96735
0.92143,0.46051,0.043688,-0.25584,-0.41682,-0.43622,-0.39107,-0.44013,-0.6491,-0.94156,-1.2369,-1.514,-1.7787,-2.007,-2.1125,-1.9798,-1.5823,-1.0324,-0.49338,-0.072559,0.20836,0.37856,0.46234,0.45578,0.3535,0.18891,0.050302,0.043804,0.23308,0.58345,0.98236,1.3147,1.5016,1.5096,1.347,1.0669,0.75788,0.50802,0.35365,0.28222,0.26707,0.29305,0.33828,0.36474,0.32213,0.17283,-0.070093,-0.33434,-0.51887,-0.54886,-0.4063,-0.13329,0.19327,0.48917,0.69487,0.78984,0.79404,0.74998,0.70411,0.69534,0.73628,0.81422,0.88478,0.8832,0.74556,0.44049,0.0017468,-0.45374,-0.77539,-0.84993,-0.66095,-0.28036,0.18116,0.61693,0.94968,1.1438,1.2148,1.1988,1.1405,1.08
0.95555,0.50045,0.097856,-0.17818,-0.2954,-0.25705,-0.1783,-0.25239,-0.52986,-0.8924,-1.2402,-1.5553,-1.852,-2.1097,-2.2358,-2.1054,-1.6904,-1.1133,-0.54985,-0.11609,0.16084,0.30649,0.34755,0.29071,0.14612,-0.0403,-0.17361,-0.14695,0.091821,0.49072,0.92667,1.281,1.4767,1.4818,1.3059,1.0051,0.67203,0.40103,0.23345,0.15516,0.13999,0.16482,0.21039,0.23781,0.19192,0.036574,-0.2183,-0.49786,-0.69326,-0.72146,-0.56162,-0.25841,0.10578,0.4438,0.69195,0.82864,0.87287,0.86459,0.84498,0.84434,0.87158,0.91143,0.92138,0.84089,0.61113,0.20767,-0.32063,-0.84542,-1.1937,-1.2455,-0.99836,-0.54572,-0.013028,0.4871,0.87553,1.1195,1.2258,1.233,1.187,1.1287
1.0108,0.56654,0.1839,-0.059278,-0.11871,-0.0080801,0.10974,0.0012861,-0.36456,-0.81775,-1.2302,-1.587,-1.9141,-2.1985,-2.3429,-2.215,-1.786,-1.1889,-0.6076,-0.16292,0.11095,0.23116,0.22338,0.1053,-0.093021,-0.30652,-0.43056,-0.35806,-0.056209,0.39615,0.86671,1.2381,1.4381,1.4398,1.2537,0.93142,0.56697,0.26026,0.066983,-0.021399,-0.033818,0.0046895,0.067231,0.11002,0.076544,-0.076023,-0.33576,-0.62591,-0.83646,-0.87253,-0.7112,-0.39397,-0.0021623,0.37636,0.67233,0.86181,0.95958,1.0003,1.0173,1.0297,1.0424,1.0345,0.96644,0.78546,0.44229,-0.077192,-0.71577,-1.3146,-1.685,-1.7057,-1.3933,-0.86414,-0.25644,0.31347,0.76594,1.0647,1.2173,1.2581,1.2298,1.1707
1.0763,0.64505,0.28267,0.071232,0.06539,0.23856,0.38692,0.24512,-0.20204,-0.73819,-1.2068,-1.5923,-1.9319,-2.2217,-2.3668,-2.2368,-1.8049,-1.2058,-0.62305,-0.17745,0.091146,0.18954,0.13891,-0.031332,-0.2714,-0.4961,-0.59617,-0.47824,-0.13405,0.34356,0.82361,1.1962,1.3988,1.4042,1.2195,0.8881,0.49825,0.15692,-0.06884,-0.17177,-0.18142,-0.12223,-0.029618,0.04792,0.048604,-0.076146,-0.32204,-0.6179,-0.84771,-0.91799,-0.78612,-0.48326,-0.088507,0.30554,0.63529,0.8679,1.0123,1.0955,1.1429,1.1684,1.1683,1.1252,1.0027,0.7511,0.32531,-0.28188,-0.99361,-1.6458,-2.0286,-2.0222,-1.6639,-1.0882,-0.43761,0.17459,0.6706,1.0108,1.1996,1.2659,1.2487,1.1848
1.1304,0.70997,0.36183,0.17185,0.20082,0.41226,0.57767,0.41221,-0.089442,-0.68052,-1.1834,-1.5809,-1.9161,-2.192,-2.3223,-2.1851,-1.7577,-1.1696,-0.59727,-0.1583,0.1039,0.18804,0.1106,-0.090934,-0.35098,-0.57062,-0.64229,-0.49325,-0.13541,0.33985,0.80767,1.1704,1.3691,1.3781,1.1998,0.87598,0.484,0.12663,-0.12399,-0.24742,-0.25826,-0.18593,-0.064514,0.049936,0.085861,-0.007784,-0.23313,-0.52222,-0.76444,-0.86031,-0.76432,-0.49816,-0.13063,0.25548,0.59105,0.84325,1.0162,1.1311,1.206,1.2443,1.2441,1.1823,1.0251,0.73092,0.26446,-0.37208,-1.1019,-1.7501,-2.1199,-2.1055,-1.7474,-1.1735,-0.51964,0.10261,0.61364,0.97323,1.1784,1.2567,1.2469,1.1852
1.2066,0.8006,0.46822,0.3019,0.36788,0.61792,0.79702,0.6024,0.039362,-0.61303,-1.1508,-1.5502,-1.8607,-2.0952,-2.1848,-2.027,-1.6099,-1.0515,-0.50823,-0.088183,0.16111,0.22854,0.12611,-0.10182,-0.37098,-0.57094,-0.60294,-0.42505,-0.068499,0.37957,0.81317,1.1501,1.3368,1.3488,1.1865,0.88112,0.49842,0.12824,-0.14708,-0.29077,-0.30241,-0.20614,-0.043113,0.12199,0.21262,0.16793,-0.018606,-0.2883,-0.54242,-0.6816,-0.65475,-0.46469,-0.15879,0.19181,0.52221,0.79582,1.0037,1.1536,1.2539,1.3078,1.3026,1.2239,1.0449,0.73122,0.25457,-0.37591,-1.0764,-1.6847,-2.0246,-2.0111,-1.687,-1.163,-0.5537,0.043332,0.5511,0.92193,1.1453,1.241,1.2422,1.1828
1.2647,0.8687,0.54504,0.39137,0.47707,0.74591,0.92891,0.71438,0.11397,-0.57418,-1.1283,-1.5186,-1.7979,-1.9878,-2.0339,-1.8532,-1.4441,-0.91402,-0.40139,-0.0035927,0.23176,0.28804,0.17466,-0.058817,-0.31952,-0.49547,-0.50266,-0.31692,0.021846,0.43337,0.83022,1.1391,1.3147,1.3311,1.1877,0.90175,0.53035,0.15671,-0.13263,-0.28603,-0.29684,-0.1822,0.010786,0.21451,0.34858,0.34735,0.19434,-0.061697,-0.32405,-0.5019,-0.52739,-0.39089,-0.1329,0.17984,0.49084,0.75904,0.97589,1.145,1.267,1.3324,1.3343,1.2542,1.069,0.75252,0.28757,-0.30779,-0.95137,-1.5021,-1.814,-1.8211,-1.5536,-1.0945,-0.53799,0.025647,0.51802,0.88561,1.1159,1.2204,1.2293,1.1756
1.3402,0.9557,0.63873,0.49377,0.5936,0.87424,1.0538,0.81518,0.17643,-0.54507,-1.1071,-1.4722,-1.6974,-1.8149,-1.7915,-1.5731,-1.1711,-0.67948,-0.2129,0.1479,0.35952,0.40093,0.27912,0.049726,-0.18464,-0.31922,-0.29497,-0.11235,0.18326,0.52725,0.85621,1.116,1.2703,1.2958,1.1828,0.93823,0.59734,0.23078,-0.072067,-0.24211,-0.25213,-0.11999,0.10802,0.35897,0.54547,0.59685,0.49072,0.26615,0.0044703,-0.20106,-0.28924,-0.2385,-0.066946,0.18279,0.45619,0.72019,0.95457,1.1476,1.2885,1.367,1.3685,1.2828,1.098,0.80074,0.38401,-0.13217,-0.68169,-1.1493,-1.4325,-1.4797,-1.3025,-0.95072,-0.49013,0.0051378,0.46027,0.81705,1.0503,1.1672,1.1927,1.1574
1.4098,1.0341,0.71705,0.57062,0.67129,0.94938,1.1166,0.85548,0.18994,-0.54875,-1.1033,-1.4306,-1.5913,-1.629,-1.5309,-1.2697,-0.86971,-0.41389,0.00577,0.32514,0.50703,0.53153,0.40762,0.19517,-0.0020895,-0.092767,-0.042826,0.12357,0.36094,0.62574,0.87778,1.0839,1.2137,1.2452,1.1608,0.95614,0.64857,0.29546,-0.013627,-0.19319,-0.20084,-0.045815,0.21984,0.51453,0.74577,0.8397,0.76857,0.56569,0.30857,0.078765,-0.055811,-0.063983,0.047631,0.24322,0.48428,0.7316,0.96288,1.1625,1.3138,1.3984,1.4046,1.3242,1.1519,0.88377,0.52097,0.083427,-0.37485,-0.7798,-1.0538,-1.1527,-1.07,-0.82634,-0.4614,-0.033907,0.38425,0.72856,0.96596,1.0947,1.1359,1.1193
1.456,1.085,0.7632,0.6091,0.70196,0.96979,1.1231,0.84659,0.16772,-0.57435,-1.1143,-1.4069,-1.5163,-1.4936,-1.3405,-1.0467,-0.64555,-0.21299,0.173,0.45984,0.61721,0.62916,0.50752,0.31375,0.14605,0.083526,0.14291,0.28976,0.48162,0.68772,0.8855,1.0528,1.1646,1.197,1.1288,0.94691,0.66047,0.3186,0.012701,-0.1653,-0.16545,0.0051214,0.29122,0.60941,0.86589,0.98399,0.93458,0.74719,0.49464,0.25886,0.10534,0.066813,0.14203,0.30593,0.52203,0.75936,0.99285,1.1989,1.3538,1.4396,1.4426,1.3596,1.1935,0.94804,0.62788,0.2477,-0.15882,-0.52768,-0.80527,-0.94977,-0.94085,-0.7776,-0.48066,-0.0986,0.29689,0.63608,0.87714,1.0151,1.0697,1.071
1.5081,1.1394,0.80563,0.63332,0.70545,0.95055,1.0805,0.78481,0.096506,-0.63813,-1.1484,-1.3891,-1.4299,-1.3315,-1.1118,-0.77994,-0.37653,0.030201,0.37664,0.62326,0.74952,0.74636,0.62976,0.46111,0.32747,0.2919,0.35212,0.47007,0.60552,0.74228,0.87641,0.99678,1.0864,1.1165,1.0608,0.89722,0.62883,0.30165,0.0052945,-0.16254,-0.14768,0.042246,0.35067,0.69269,0.97258,1.1122,1.081,0.90617,0.65793,0.419,0.25354,0.19671,0.25184,0.39656,0.60091,0.83083,1.058,1.2578,1.4075,1.4875,1.4893,1.4133,1.2641,1.0466,0.76563,0.43085,0.066797,-0.2917,-0.5956,-0.8013,-0.87443,-0.79467,-0.56607,-0.22867,0.14573,0.48269,0.73194,0.88576,0.9614,0.98827
1.5385,1.1691,0.82213,0.63027,0.68068,0.90283,1.0128,0.70453,0.01563,-0.70464,-1.1856,-1.3852,-1.3772,-1.2289,-0.96839,-0.61457,-0.21085,0.18012,0.50325,0.72558,0.83124,0.81603,0.7001,0.54414,0.42843,0.40511,0.46459,0.5635,0.66556,0.76093,0.85518,0.94577,1.0173,1.0404,0.98492,0.82625,0.56543,0.24662,-0.039401,-0.19559,-0.16671,0.039074,0.36451,0.72154,1.0115,1.1576,1.1276,0.95086,0.70189,0.46059,0.29575,0.24212,0.30037,0.44585,0.6496,0.87869,1.1071,1.3085,1.4567,1.5329,1.5282,1.447,1.3003,1.0971,0.84023,0.53039,0.17691,-0.18647,-0.51954,-0.77422,-0.90515,-0.87806,-0.68563,-0.36452,0.0085191,0.34903,0.60923,0.77519,0.86394,0.90623
1.5661,1.1932,0.82307,0.59862,0.61275,0.7989,0.88065,0.55934,-0.12115,-0.81069,-1.2447,-1.3888,-1.3228,-1.1213,-0.82135,-0.44957,-0.048692,0.32551,0.62528,0.82267,0.90581,0.8752,0.75521,0.60637,0.50323,0.4863,0.54025,0.61694,0.68553,0.74457,0.80387,0.86828,0.91948,0.92874,0.86175,0.69637,0.43246,0.11828,-0.15389,-0.28653,-0.23057,-0.00034105,0.34056,0.70264,0.99081,1.1286,1.0896,0.90594,0.65173,0.41329,0.25668,0.2151,0.28788,0.45028,0.66874,0.91117,1.1481,1.3512,1.4958,1.5655,1.5564,1.477,1.3384,1.147,0.90079,0.59407,0.2319,-0.16408,-0.54698,-0.85972,-1.0446,-1.0568,-0.88519,-0.56972,-0.19293,0.16019,0.42948,0.60895,0.7173,0.78559
1.5788,1.1991,0.80153,0.53808,0.50982,0.6564,0.70927,0.38025,-0.28058,-0.9273,-1.3074,-1.3977,-1.2846,-1.0472,-0.7263,-0.35036,0.041708,0.40019,0.68187,0.86114,0.92855,0.88789,0.76477,0.61724,0.51147,0.48346,0.51684,0.57164,0.62245,0.67239,0.72967,0.79039,0.83148,0.8208,0.72804,0.53788,0.2578,-0.05727,-0.31448,-0.41992,-0.33464,-0.0826,0.26656,0.62302,0.89573,1.0114,0.94912,0.74537,0.47788,0.2372,0.090784,0.07074,0.17228,0.36663,0.61318,0.87848,1.1328,1.3477,1.4977,1.5679,1.5574,1.4759,1.3372,1.148,0.90149,0.58436,0.19309,-0.24533,-0.68107,-1.0458,-1.2687,-1.2955,-1.1146,-0.7761,-0.37618,-0.010491,0.27074,0.45939,0.57767,0.65947
1.5787,1.1924,0.77186,0.4765,0.41427,0.52998,0.56254,0.23241,-0.40647,-1.0139,-1.3504,-1.4032,-1.2629,-1.0104,-0.68661,-0.31727,0.063029,0.40898,0.67989,0.85099,0.91306,0.86976,0.74517,0.59212,0.47291,0.42357,0.43368,0.47482,0.52657,0.58795,0.66282,0.73478,0.77553,0.74915,0.63212,0.41276,0.1132,-0.20591,-0.44972,-0.53521,-0.43198,-0.1707,0.17945,0.52795,0.78227,0.87492,0.78576,0.55709,0.27399,0.027149,-0.11227,-0.1138,0.014491,0.2391,0.51644,0.80706,1.0782,1.3022,1.4572,1.5305,1.5243,1.4491,1.3165,1.1288,0.87536,0.5398,0.11743,-0.36047,-0.83636,-1.2313,-1.4643,-1.4776,-1.2686,-0.90298,-0.487,-0.115,0.16554,0.35537,0.48018,0.57418
1.5673,1.1712,0.71772,0.378,0.2692,0.34455,0.35351,0.027679,-0.57334,-1.1208,-1.3967,-1.4041,-1.2387,-0.98106,-0.66958,-0.32289,0.034343,0.36277,0.6234,0.79127,0.8555,0.81543,0.68834,0.51805,0.36726,0.27793,0.25634,0.28614,0.35214,0.44577,0.55608,0.65679,0.70928,0.67562,0.53096,0.27326,-0.061073,-0.3944,-0.62601,-0.68656,-0.56494,-0.30094,0.034509,0.35573,0.57447,0.62648,0.49798,0.23571,-0.070991,-0.32635,-0.45869,-0.43735,-0.27349,-0.0072137,0.31327,0.64214,0.94394,1.1904,1.3606,1.4454,1.4488,1.3833,1.2601,1.0773,0.81608,0.45272,-0.016264,-0.55531,-1.0874,-1.5117,-1.7324,-1.696,-1.4228,-1.0057,-0.56465,-0.19057,0.081422,0.26005,0.37834,0.47463
1.5454,1.1393,0.65242,0.2679,0.1135,0.15081,0.14021,-0.17441,-0.72965,-1.2104,-1.4253,-1.3946,-1.2166,-0.96979,-0.68689,-0.37567,-0.049444,0.25965,0.51382,0.68576,0.76073,0.73189,0.60634,0.41869,0.22882,0.090359,0.030515,0.048038,0.13476,0.27642,0.44239,0.58936,0.66736,0.63635,0.47399,0.18909,-0.17364,-0.5244,-0.7627,-0.82208,-0.70142,-0.44779,-0.13485,0.15204,0.32835,0.33364,0.16088,-0.13666,-0.46517,-0.72485,-0.8468,-0.80347,-0.60825,-0.30445,0.056023,0.42296,0.75541,1.0243,1.2123,1.3144,1.3363,1.2927,1.1907,1.0203,0.75464,0.3649,-0.1509,-0.74896,-1.3312,-1.7727,-1.9625,-1.8561,-1.5064,-1.0373,-0.57803,-0.21294,0.041624,0.20755,0.32193,0.42061
1.5239,1.1112,0.60014,0.18339,-0.0036668,0.007005,-0.015054,-0.31764,-0.83425,-1.2628,-1.4331,-1.3784,-1.1996,-0.9704,-0.71761,-0.43912,-0.13942,0.15442,0.40548,0.58491,0.67433,0.6604,0.54163,0.34528,0.12617,-0.053758,-0.15099,-0.14686,-0.041512,0.14469,0.36424,0.55448,0.65761,0.63312,0.46598,0.17049,-0.20361,-0.56693,-0.82037,-0.89735,-0.79526,-0.56214,-0.27212,-0.012742,0.13159,0.10472,-0.098759,-0.42085,-0.76175,-1.0224,-1.1309,-1.0644,-0.84409,-0.51781,-0.13931,0.24304,0.59221,0.87969,1.0865,1.2077,1.2497,1.2251,1.1408,0.98429,0.72287,0.3208,-0.22702,-0.86861,-1.4911,-1.946,-2.1072,-1.94,-1.526,-1.014,-0.54107,-0.17978,0.055579,0.19853,0.29541,0.38818
1.4916,1.0715,0.53102,0.074601,-0.15181,-0.17249,-0.20682,-0.48926,-0.95105,-1.3099,-1.4249,-1.3462,-1.1762,-0.98169,-0.77772,-0.54809,-0.28567,-0.011231,0.239,0.43413,0.55122,0.56746,0.46728,0.26496,0.010062,-0.22474,-0.37276,-0.38691,-0.25482,-0.0093474,0.27958,0.52915,0.67319,0.67207,0.51455,0.21706,-0.16665,-0.54919,-0.82727,-0.93856,-0.8782,-0.69157,-0.45073,-0.23897,-0.13579,-0.19748,-0.42293,-0.75283,-1.0909,-1.3344,-1.4203,-1.3306,-1.0897,-0.74827,-0.3598,0.028953,0.38399,0.68178,0.90767,1.0549,1.1326,1.1491,1.104,0.97728,0.72892,0.31796,-0.26347,-0.95727,-1.6314,-2.1097,-2.2455,-2.0135,-1.5289,-0.96794,-0.47457,-0.1197,0.10152,0.23057,0.31682,0.40088
1.4666,1.0431,0.48301,0.00046613,-0.25181,-0.29238,-0.33293,-0.59836,-1.0189,-1.3283,-1.4071,-1.3164,-1.1588,-0.99543,-0.83184,-0.64099,-0.40648,-0.1454,0.1062,0.31625,0.45865,0.50339,0.42387,0.22328,-0.050508,-0.31864,-0.49802,-0.52384,-0.37575,-0.093974,0.2385,0.52976,0.70936,0.7359,0.59798,0.3085,-0.078576,-0.47589,-0.78153,-0.92964,-0.91377,-0.77046,-0.56972,-0.39025,-0.31097,-0.38412,-0.61064,-0.93266,-1.252,-1.4738,-1.5362,-1.4284,-1.1821,-0.84724,-0.47324,-0.095788,0.25687,0.56052,0.79796,0.96483,1.0665,1.1122,1.1005,1.006,0.78085,0.37549,-0.22276,-0.95342,-1.6737,-2.1848,-2.3188,-2.0501,-1.516,-0.91553,-0.40286,-0.045087,0.16524,0.27625,0.34453,0.41593
1.4354,1.0103,0.42879,-0.082422,-0.36324,-0.425,-0.46996,-0.71068,-1.0795,-1.3313,-1.3722,-1.2745,-1.1382,-1.0183,-0.90837,-0.768,-0.56937,-0.32564,-0.072038,0.15907,0.33723,0.42291,0.37824,0.19607,-0.082589,-0.37466,-0.58309,-0.62131,-0.46127,-0.14507,0.23194,0.56841,0.7912,0.85823,0.75543,0.49778,0.1251,-0.28383,-0.63851,-0.85736,-0.91265,-0.83165,-0.67727,-0.532,-0.47301,-0.54949,-0.75882,-1.042,-1.3113,-1.4836,-1.5118,-1.392,-1.1548,-0.84738,-0.5087,-0.16814,0.15539,0.44558,0.68894,0.87904,1.0188,1.1131,1.1535,1.107,0.9183,0.53156,-0.070619,-0.83392,-1.6087,-2.1765,-2.3399,-2.06,-1.4895,-0.85121,-0.31255,0.055645,0.26283,0.36377,0.41896,0.4762
1.4099,0.98665,0.39026,-0.14205,-0.44279,-0.51888,-0.56215,-0.77856,-1.1038,-1.3126,-1.3308,-1.236,-1.1253,-1.0469,-0.98423,-0.88667,-0.71861,-0.48943,-0.23379,0.015008,0.22362,0.34663,0.33859,0.18584,-0.074709,-0.3603,-0.56797,-0.60565,-0.4362,-0.10247,0.29939,0.66562,0.92086,1.0234,0.95871,0.7341,0.38331,-0.02947,-0.4114,-0.68328,-0.80579,-0.79386,-0.698,-0.58851,-0.53555,-0.58762,-0.74516,-0.96151,-1.1645,-1.2845,-1.2854,-1.1667,-0.95698,-0.69514,-0.41555,-0.13185,0.14905,0.41731,0.65978,0.86788,1.0401,1.1759,1.2635,1.2666,1.1249,0.7755,0.19288,-0.5742,-1.3841,-2.0126,-2.2367,-1.9876,-1.4131,-0.7533,-0.19369,0.18642,0.39301,0.4815,0.51644,0.55013
1.3962,0.97679,0.37367,-0.16892,-0.479,-0.56061,-0.5989,-0.79765,-1.0973,-1.2858,-1.2979,-1.212,-1.1221,-1.0711,-1.0379,-0.96515,-0.81358,-0.59283,-0.33775,-0.080577,0.14484,0.29041,0.30781,0.18159,-0.051788,-0.3122,-0.49804,-0.52297,-0.3473,-0.010905,0.39549,0.77337,1.0474,1.1755,1.1406,0.94254,0.61,0.20154,-0.19404,-0.49676,-0.6631,-0.69779,-0.64033,-0.54975,-0.49295,-0.51302,-0.62182,-0.78576,-0.9406,-1.031,-1.0192,-0.90417,-0.71496,-0.4911,-0.25818,-0.024408,0.21434,0.45594,0.68973,0.905,1.0971,1.2623,1.3844,1.4233,1.3165,1.0005,0.4489,-0.29771,-1.1035,-1.7536,-2.0239,-1.8258,-1.2859,-0.63959,-0.080016,0.30156,0.50674,0.58803,0.60889,0.62291
1.3867,0.97509,0.36868,-0.18027,-0.49563,-0.57769,-0.60593,-0.78222,-1.0588,-1.2358,-1.2532,-1.1866,-1.1237,-1.1026,-1.0971,-1.045,-0.90867,-0.69959,-0.45141,-0.19343,0.042674,0.2094,0.25771,0.17254,-0.010789,-0.21692,-0.35489,-0.34775,-0.16249,0.17083,0.5727,0.95469,1.2462,1.4048,1.4081,1.253,0.95567,0.56592,0.16157,-0.17289,-0.38626,-0.4682,-0.44854,-0.37845,-0.31261,-0.29876,-0.35021,-0.44567,-0.5423,-0.59315,-0.57195,-0.47614,-0.32577,-0.15258,0.022591,0.19861,0.38577,0.58978,0.8048,1.0192,1.2254,1.4144,1.5681,1.6477,1.5927,1.339,0.85338,0.17503,-0.58056,-1.2224,-1.5397,-1.4241,-0.96322,-0.37147,0.15458,0.51594,0.69909,0.75435,0.74572,0.72862
1.388,0.9869,0.38252,-0.1658,-0.47935,-0.55504,-0.56899,-0.72628,-0.99062,-1.1733,-1.2104,-1.1684,-1.1306,-1.1295,-1.1354,-1.0894,-0.96063,-0.76363,-0.53047,-0.28506,-0.053452,0.12017,0.18961,0.14242,0.014504,-0.12355,-0.19539,-0.1387,0.068159,0.40102,0.79505,1.1737,1.4757,1.6575,1.6944,1.5796,1.3236,0.96726,0.58016,0.23643,-0.0087542,-0.13919,-0.16326,-0.11365,-0.039908,0.011082,0.010397,-0.036281,-0.096117,-0.12814,-0.10432,-0.021094,0.10188,0.23635,0.36183,0.48368,0.62019,0.78307,0.96999,1.171,1.3766,1.5789,1.7597,1.8797,1.8786,1.6938,1.298,0.71575,0.054088,-0.52331,-0.83969,-0.7948,-0.4406,0.051821,0.50377,0.80799,0.9514,0.96858,0.91701,0.85098
1.3961,1.0039,0.4038,-0.1403,-0.44883,-0.51645,-0.51835,-0.66284,-0.92471,-1.1212,-1.18,-1.1596,-1.1376,-1.1437,-1.1483,-1.0971,-0.9673,-0.77887,-0.56118,-0.3326,-0.11516,0.050707,0.12418,0.097502,0.0090661,-0.074859,-0.088032,0.016489,0.25124,0.59066,0.97952,1.3532,1.6576,1.8518,1.9126,1.8264,1.6033,1.2771,0.91057,0.5709,0.30923,0.15127,0.097182,0.12751,0.19965,0.26787,0.29398,0.27205,0.23079,0.20293,0.22154,0.29555,0.40704,0.52151,0.62295,0.71078,0.80934,0.93989,1.1049,1.2917,1.4923,1.6951,1.8838,2.0251,2.0648,1.9429,1.625,1.1412,0.58013,0.08072,-0.20927,-0.20209,0.069336,0.46752,0.83631,1.0783,1.167,1.1402,1.0528,0.95587
1.4149,1.0348,0.44388,-0.091159,-0.38972,-0.44441,-0.42971,-0.5602,-0.8273,-1.0512,-1.1464,-1.1564,-1.1504,-1.1546,-1.1426,-1.0715,-0.93224,-0.75131,-0.55609,-0.35911,-0.1761,-0.039512,0.020525,0.0052089,-0.039631,-0.053808,0.015765,0.19425,0.47893,0.83683,1.2228,1.5882,1.8906,2.0986,2.1897,2.15,1.9784,1.6975,1.3553,1.0164,0.7351,0.54722,0.46173,0.4647,0.52369,0.58943,0.62575,0.62277,0.59658,0.58209,0.60307,0.66666,0.75881,0.85304,0.92509,0.98128,1.0441,1.1344,1.2592,1.4158,1.5952,1.7932,1.9973,2.1754,2.2747,2.2376,2.0359,1.6852,1.2645,0.88536,0.65844,0.64788,0.83327,1.1149,1.3689,1.5086,1.5163,1.4184,1.2648,1.1043
1.4336,1.0628,0.47989,-0.046783,-0.33705,-0.38186,-0.35469,-0.47709,-0.75292,-1.0029,-1.129,-1.1618,-1.1633,-1.1571,-1.1217,-1.0266,-0.87421,-0.6955,-0.51738,-0.3494,-0.20201,-0.10015,-0.064671,-0.083067,-0.10429,-0.069752,0.061906,0.29854,0.62422,1.0012,1.3888,1.7499,2.05,2.2666,2.3784,2.3718,2.2386,1.9915,1.6707,1.3343,1.0397,0.8248,0.70949,0.68832,0.73078,0.79181,0.82834,0.82617,0.80307,0.78787,0.80945,0.87607,0.97088,1.0592,1.1186,1.1477,1.1737,1.2268,1.3212,1.4543,1.6206,1.8138,2.0238,2.2248,2.3698,2.4038,2.2908,2.05,1.743,1.4611,1.2922,1.285,1.4226,1.6251,1.7915,1.8529,1.7885,1.6314,1.4301,1.2303
1.4622,1.1029,0.53153,0.015588,-0.26418,-0.29709,-0.25421,-0.36814,-0.65984,-0.94858,-1.1184,-1.181,-1.1864,-1.1562,-1.078,-0.9404,-0.7624,-0.58136,-0.42314,-0.29427,-0.20008,-0.15681,-0.17167,-0.21243,-0.21795,-0.12813,0.079731,0.3917,0.77075,1.1759,1.5719,1.9311,2.2335,2.4607,2.5959,2.6223,2.5291,2.3194,2.0249,1.6952,1.3861,1.1391,0.98198,0.92021,0.92969,0.96885,0.99382,0.98711,0.964,0.95437,0.98413,1.0588,1.1575,1.242,1.2809,1.2746,1.2544,1.2576,1.3057,1.4025,1.5452,1.7322,1.9576,2.1989,2.4111,2.5393,2.5494,2.4444,2.2767,2.1182,2.0331,2.0519,2.1564,2.2839,2.3567,2.3227,2.1725,1.9381,1.6661,1.4007
1.4915,1.1417,0.5818,0.075658,-0.19695,-0.22031,-0.16301,-0.2712,-0.58114,-0.91081,-1.1259,-1.2173,-1.2211,-1.157,-1.0248,-0.83504,-0.62286,-0.43143,-0.28564,-0.18942,-0.14587,-0.16617,-0.24548,-0.33299,-0.3481,-0.22327,0.05204,0.43769,0.87122,1.3054,1.7069,2.0617,2.3625,2.597,2.7504,2.8041,2.7411,2.5581,2.2772,1.947,1.6221,1.3513,1.1625,1.0623,1.0326,1.033,1.0282,1.0058,0.98076,0.98088,1.0278,1.1203,1.2302,1.3119,1.3293,1.2819,1.2073,1.1533,1.1513,1.21,1.3316,1.5135,1.7531,2.0343,2.3173,2.5465,2.6758,2.7078,2.6765,2.6361,2.6329,2.6862,2.7781,2.8578,2.864,2.7529,2.5329,2.234,1.9007,1.5756
1.511,1.1669,0.61522,0.11499,-0.15448,-0.17219,-0.10518,-0.20984,-0.53415,-0.89499,-1.1446,-1.2573,-1.2576,-1.1637,-0.9859,-0.75143,-0.50827,-0.30326,-0.15977,-0.081052,-0.070441,-0.13676,-0.26827,-0.40329,-0.44153,-0.30587,0.010241,0.4451,0.92047,1.3755,1.7798,2.1276,2.4182,2.6498,2.8105,2.8817,2.8387,2.6702,2.394,2.0575,1.7204,1.4306,1.2201,1.0946,1.0338,1.0048,0.97517,0.93776,0.91022,0.91865,0.98002,1.088,1.2078,1.287,1.286,1.2046,1.0843,0.98037,0.93299,0.95909,1.0614,1.2432,1.5041,1.827,2.1694,2.472,2.6911,2.8116,2.8659,2.9027,2.962,3.0557,3.1604,3.2247,3.1937,3.0416,2.77,2.4221,2.048,1.6915
1.5305,1.192,0.65042,0.15596,-0.11233,-0.12396,-0.044147,-0.14452,-0.48864,-0.89172,-1.188,-1.3295,-1.3241,-1.1884,-0.94629,-0.64782,-0.35644,-0.12286,0.029334,0.095288,0.070722,-0.051143,-0.25099,-0.45167,-0.52899,-0.39198,-0.042942,0.43776,0.95156,1.4245,1.8305,2.1659,2.4407,2.6607,2.8224,2.9021,2.8718,2.711,2.436,2.0939,1.7466,1.4428,1.2115,1.0556,0.9548,0.87904,0.80722,0.7429,0.70898,0.73163,0.82021,0.95625,1.0922,1.1671,1.1341,0.99652,0.80507,0.62845,0.51923,0.50103,0.58352,0.76762,1.053,1.4253,1.8432,2.2451,2.5747,2.8157,2.9871,3.1258,3.2618,3.4021,3.524,3.5822,3.5289,3.3378,3.0292,2.6427,2.2282,1.8303
1.5378,1.2017,0.66793,0.1768,-0.092589,-0.09988,-0.010668,-0.10764,-0.46651,-0.90158,-1.2331,-1.3965,-1.3878,-1.2212,-0.93207,-0.58492,-0.25272,0.010402,0.17864,0.2444,0.20102,0.042962,-0.20352,-0.44816,-0.55508,-0.42312,-0.06017,0.43986,0.96337,1.4356,1.8302,2.1495,2.4104,2.6217,2.7805,2.8609,2.8306,2.667,2.3871,2.0411,1.6915,1.3874,1.1509,0.97966,0.85219,0.73979,0.63298,0.54478,0.50425,0.53648,0.64482,0.802,0.95058,1.0182,0.96032,0.77824,0.52904,0.29191,0.13061,0.078388,0.14324,0.33028,0.63916,1.0538,1.5297,2.0002,2.408,2.7259,2.9708,3.1766,3.3701,3.5539,3.7012,3.7656,3.7024,3.497,3.1639,2.7538,2.3202,1.9078
1.5354,1.2004,0.6772,0.19091,-0.080479,-0.081755,0.021182,-0.070294,-0.44825,-0.92527,-1.3035,-1.4969,-1.4863,-1.2831,-0.9361,-0.526,-0.13644,0.17407,0.37541,0.45305,0.39565,0.2008,-0.09573,-0.38954,-0.53349,-0.41686,-0.049675,0.45635,0.9745,1.4287,1.7917,2.0786,2.3124,2.5086,2.6592,2.7378,2.7015,2.5282,2.2334,1.8786,1.533,1.2445,1.0265,0.85854,0.70519,0.54407,0.37988,0.24953,0.1956,0.24172,0.37823,0.5601,0.71574,0.76851,0.66521,0.41712,0.091611,-0.22062,-0.44503,-0.54063,-0.49377,-0.3019,0.032573,0.4921,1.0314,1.582,2.0788,2.4929,2.8314,3.1207,3.3817,3.6149,3.7947,3.8773,3.8209,3.609,3.268,2.8455,2.396,1.9662
1.5163,1.1807,0.66935,0.18967,-0.080848,-0.073477,0.047182,-0.037531,-0.43325,-0.94998,-1.3743,-1.5998,-1.5921,-1.361,-0.96487,-0.49784,-0.050665,0.31336,0.5565,0.65625,0.59881,0.38561,0.059726,-0.26824,-0.44346,-0.35287,-0.0084194,0.47718,0.97383,1.3965,1.7243,1.9719,2.1698,2.3385,2.4748,2.5435,2.4995,2.3142,2.0133,1.6637,1.3412,1.0891,0.90578,0.75353,0.58505,0.37789,0.15407,-0.027617,-0.1061,-0.059705,0.094402,0.29627,0.45898,0.49195,0.34765,0.034411,-0.36908,-0.75461,-1.0322,-1.1583,-1.1183,-0.9179,-0.56603,-0.08051,0.49736,1.1016,1.665,2.1528,2.5652,2.9233,3.2451,3.5291,3.7484,3.8584,3.8178,3.6134,3.2735,2.8478,2.3938,1.9606
1.49,1.1531,0.65242,0.18045,-0.085872,-0.068852,0.068568,-0.0089132,-0.41651,-0.96105,-1.4191,-1.6698,-1.6686,-1.4232,-0.99733,-0.49212,-0.0031342,0.40142,0.67779,0.79811,0.74708,0.52992,0.19504,-0.14594,-0.33836,-0.26956,0.049348,0.50738,0.97333,1.3605,1.6506,1.862,2.0314,2.1833,2.3133,2.379,2.3294,2.1351,1.8305,1.4922,1.2,0.9914,0.84817,0.71692,0.5423,0.30094,0.030626,-0.19168,-0.29514,-0.25141,-0.092827,0.10872,0.25989,0.2716,0.090448,-0.26292,-0.70305,-1.1177,-1.416,-1.5509,-1.5163,-1.3196,-0.96928,-0.48156,0.10459,0.72602,1.3158,1.8407,2.2966,2.6999,3.0638,3.3829,3.6289,3.7582,3.7317,3.5377,3.2061,2.7891,2.3441,1.9195
1.4378,1.0989,0.61651,0.1607,-0.09348,-0.056967,0.10712,0.042892,-0.37741,-0.95694,-1.4579,-1.7434,-1.7564,-1.5013,-1.0458,-0.49754,0.04153,0.49673,0.81663,0.96659,0.93033,0.71821,0.38363,0.038149,-0.16969,-0.12835,0.15507,0.5685,0.97898,1.3035,1.5258,1.6804,1.8143,1.9568,2.0907,2.1645,2.1121,1.9112,1.6041,1.2878,1.049,0.91184,0.83775,0.74879,0.57319,0.29297,-0.043236,-0.33318,-0.48417,-0.46645,-0.31954,-0.12726,0.0085946,-0.0065643,-0.2227,-0.6175,-1.0966,-1.5356,-1.8367,-1.9619,-1.9153,-1.7167,-1.3802,-0.91866,-0.36011,0.24389,0.83552,1.3788,1.8666,2.3105,2.7189,3.0821,3.3678,3.5296,3.5278,3.3534,3.0391,2.6386,2.2113,1.8054
1.3661,1.0258,0.56775,0.13683,-0.095248,-0.029897,0.16526,0.11861,-0.31052,-0.92091,-1.4616,-1.7814,-1.8138,-1.5586,-1.0856,-0.50676,0.072363,0.57181,0.93225,1.1133,1.0982,0.9005,0.57591,0.23455,0.017196,0.032383,0.27663,0.63756,0.9843,1.2389,1.3905,1.4883,1.5908,1.7296,1.8772,1.9655,1.9206,1.7246,1.4366,1.1664,0.99471,0.93315,0.9174,0.85719,0.67866,0.36034,-0.037712,-0.39824,-0.60897,-0.63396,-0.51255,-0.33815,-0.22237,-0.26446,-0.50877,-0.92736,-1.4134,-1.8354,-2.1032,-2.194,-2.1314,-1.9421,-1.639,-1.2301,-0.73621,-0.19487,0.35384,0.87881,1.3757,1.8484,2.2943,2.6939,3.01,3.1966,3.2177,3.0687,2.779,2.4079,2.0126,1.6377
1.2997,0.95938,0.52495,0.11954,-0.088303,0.0042549,0.22611,0.19448,-0.23833,-0.86849,-1.4357,-1.7805,-1.8295,-1.5793,-1.1007,-0.50747,0.093623,0.61928,1.0061,1.2105,1.215,1.0343,0.72352,0.38853,0.16614,0.16107,0.3705,0.68795,0.98636,1.1895,1.2943,1.3529,1.434,1.5699,1.7335,1.8405,1.8149,1.6348,1.3712,1.136,1.0106,0.99411,1.0126,0.96865,0.7838,0.43721,-0.0047343,-0.41348,-0.67002,-0.72468,-0.6277,-0.4792,-0.39052,-0.45046,-0.70997,-1.1273,-1.5946,-1.986,-2.219,-2.28,-2.2002,-2.0136,-1.7389,-1.3834,-0.9568,-0.4807,0.014792,0.50937,0.99417,1.4679,1.9245,2.3425,2.6826,2.8951,2.9408,2.8127,2.5468,2.1978,1.825,1.4754
1.1953,0.85791,0.46285,0.10192,-0.063222,0.071945,0.3317,0.32122,-0.11302,-0.76321,-1.3608,-1.7369,-1.8098,-1.5721,-1.0943,-0.49043,0.12996,0.67932,1.0914,1.3227,1.3565,1.2061,0.92167,0.60015,0.37243,0.34014,0.50383,0.76676,1.0041,1.1408,1.1806,1.1854,1.2401,1.3846,1.5823,1.7333,1.7443,1.5933,1.3551,1.1539,1.0746,1.1046,1.1601,1.1316,0.93459,0.55315,0.055221,-0.42026,-0.73752,-0.85008,-0.79874,-0.68051,-0.60661,-0.67634,-0.92559,-1.3228,-1.7586,-2.1045,-2.2849,-2.3049,-2.2071,-2.0326,-1.7988,-1.5098,-1.1717,-0.79706,-0.3939,0.02614,0.47044,0.93653,1.4066,1.8459,2.2069,2.439,2.5071,2.4087,2.1765,1.87,1.5447,1.2418
1.1063,0.77433,0.41513,0.09527,-0.031021,0.13961,0.42802,0.43316,0.00013947,-0.66106,-1.2778,-1.6751,-1.7669,-1.5428,-1.0699,-0.46198,0.1674,0.72733,1.1511,1.3974,1.452,1.3271,1.0673,0.7603,0.52994,0.47886,0.61466,0.84388,1.0409,1.1307,1.1186,1.0827,1.1194,1.2782,1.5065,1.6937,1.731,1.6009,1.3822,1.2063,1.1523,1.2022,1.2643,1.2295,1.0181,0.61003,0.076532,-0.44123,-0.80472,-0.95185,-0.92219,-0.81705,-0.75225,-0.81895,-1.0621,-1.4377,-1.8341,-2.1338,-2.2784,-2.2783,-2.1814,-2.0241,-1.8209,-1.5755,-1.2933,-0.98324,-0.65232,-0.28983,0.11008,0.54691,1.0038,1.4455,1.8211,2.0751,2.1668,2.0907,1.8861,1.6081,1.3151,1.051
0.97569,0.65593,0.35262,0.097164,0.029524,0.24941,0.57349,0.59874,0.16969,-0.50219,-1.1393,-1.5617,-1.6791,-1.4758,-1.0136,-0.40508,0.23079,0.79838,1.2312,1.492,1.5706,1.4792,1.2544,0.97071,0.74225,0.67319,0.77995,0.97068,1.1227,1.1583,1.0906,1.0102,1.0283,1.1978,1.458,1.6787,1.7476,1.645,1.4531,1.2986,1.2558,1.3043,1.3558,1.3057,1.073,0.63941,0.071051,-0.49235,-0.90477,-1.0972,-1.1012,-1.0122,-0.94226,-0.988,-1.1878,-1.5103,-1.8574,-2.1203,-2.2418,-2.2352,-2.1426,-2.0002,-1.8248,-1.6225,-1.4016,-1.1721,-0.92822,-0.65943,-0.33247,0.062057,0.50285,0.94309,1.3232,1.5858,1.6941,1.6461,1.4792,1.2519,1.0164,0.81066
0.83501,0.53363,0.29369,0.11063,0.10644,0.3752,0.73103,0.77377,0.34961,-0.32921,-0.98196,-1.4253,-1.5653,-1.3817,-0.93244,-0.32983,0.30449,0.87194,1.3073,1.5787,1.6805,1.6226,1.433,1.1775,0.96158,0.88759,0.97352,1.1329,1.2444,1.2368,1.1275,1.0135,1.0153,1.1852,1.4631,1.7061,1.8011,1.7178,1.5394,1.3838,1.328,1.3558,1.385,1.3133,1.0593,0.60201,0.004529,-0.59369,-1.0427,-1.2638,-1.2815,-1.1885,-1.0974,-1.103,-1.2546,-1.5214,-1.8145,-2.0397,-2.1508,-2.1577,-2.0941,-1.9873,-1.8445,-1.6683,-1.472,-1.2778,-1.0979,-0.9005,-0.6539,-0.33201,0.058836,0.477,0.85769,1.1336,1.26,1.2379,1.1014,0.91072,0.72317,0.57834
0.72548,0.44188,0.25322,0.12676,0.17079,0.47386,0.85042,0.90489,0.48482,-0.19689,-0.85891,-1.3157,-1.47,-1.2991,-0.8594,-0.26402,0.36327,0.92434,1.3573,1.635,1.7541,1.7224,1.5607,1.3272,1.1239,1.0519,1.1295,1.2735,1.3639,1.3321,1.1974,1.0609,1.0492,1.2189,1.5039,1.7596,1.8626,1.7824,1.5972,1.4279,1.3519,1.357,1.3627,1.2696,0.99997,0.52729,-0.085256,-0.70055,-1.1687,-1.401,-1.4157,-1.3035,-1.1796,-1.1441,-1.2471,-1.4696,-1.7327,-1.949,-2.0712,-2.1016,-2.0663,-1.9801,-1.8469,-1.6741,-1.4853,-1.3121,-1.1618,-1.0186,-0.82699,-0.55045,-0.19389,0.19805,0.55965,0.82652,0.95766,0.94781,0.83918,0.68714,0.54181,0.4383
0.57808,0.32321,0.20525,0.15356,0.25837,0.60165,1.0027,1.0719,0.65895,-0.024748,-0.69671,-1.1683,-1.3388,-1.1818,-0.75214,-0.16772,0.44536,0.99103,1.4141,1.695,1.8342,1.8359,1.712,1.51,1.3284,1.2661,1.3417,1.4746,1.5486,1.496,1.3392,1.1821,1.1537,1.3144,1.5947,1.849,1.948,1.8611,1.6567,1.4563,1.3404,1.302,1.2712,1.1524,0.86347,0.38291,-0.23618,-0.86064,-1.3342,-1.568,-1.5694,-1.4247,-1.2513,-1.1556,-1.1964,-1.3637,-1.5892,-1.7935,-1.9306,-1.9971,-2.002,-1.9524,-1.843,-1.6757,-1.4782,-1.2963,-1.1631,-1.0555,-0.92681,-0.72627,-0.43768,-0.091439,0.24791,0.50844,0.64133,0.6455,0.5551,0.42912,0.32122,0.26671
0.43399,0.21291,0.16447,0.18188,0.33979,0.71662,1.1381,1.2225,0.81877,0.13611,-0.54217,-1.0243,-1.2067,-1.0599,-0.63852,-0.064968,0.53108,1.0561,1.4624,1.7389,1.8901,1.9177,1.8272,1.66,1.5087,1.4668,1.5495,1.6771,1.7401,1.6757,1.5101,1.3446,1.3034,1.4427,1.7005,1.9332,2.018,1.9157,1.6916,1.458,1.2961,1.2111,1.1382,0.98684,0.68032,0.18875,-0.43135,-1.0475,-1.5077,-1.7158,-1.681,-1.4916,-1.2668,-1.1154,-1.1003,-1.2196,-1.4157,-1.6167,-1.7754,-1.8777,-1.9215,-1.8984,-1.7975,-1.624,-1.4152,-1.2281,-1.0987,-1.0214,-0.9377,-0.79004,-0.55627,-0.26115,0.037216,0.27296,0.39996,0.41031,0.33892,0.24039,0.16326,0.14127
0.33135,0.13828,0.13884,0.20171,0.39225,0.78892,1.2241,1.3206,0.92555,0.24617,-0.43343,-0.91955,-1.1066,-0.96409,-0.54857,0.01539,0.59681,1.1042,1.4945,1.7623,1.9159,1.9566,1.8869,1.7462,1.6218,1.6005,1.6933,1.8193,1.8746,1.8039,1.6341,1.4659,1.4171,1.541,1.7776,1.9915,2.0613,1.9446,1.7004,1.4369,1.2385,1.1159,1.0126,0.84059,0.52332,0.031085,-0.58198,-1.184,-1.6221,-1.8037,-1.7371,-1.5129,-1.2527,-1.0678,-1.0198,-1.1118,-1.2895,-1.4843,-1.6496,-1.7689,-1.8321,-1.8267,-1.7374,-1.5666,-1.3519,-1.1555,-1.0266,-0.95733,-0.89979,-0.79363,-0.60476,-0.34475,-0.065952,0.16286,0.28921,0.30341,0.23836,0.14631,0.077511,0.066283
0.20658,0.052835,0.11152,0.22341,0.44666,0.86223,1.3135,1.4279,1.0475,0.3769,-0.29804,-0.78107,-0.96581,-0.82371,-0.41572,0.13219,0.69029,1.1701,1.5337,1.7822,1.9299,1.9806,1.9352,1.8295,1.7418,1.7487,1.8531,1.9764,2.0224,1.9453,1.7741,1.6055,1.5498,1.6541,1.8618,2.0465,2.0912,1.9532,1.6828,1.3834,1.1408,0.97017,0.82567,0.62736,0.29737,-0.18686,-0.77587,-1.342,-1.7347,-1.8707,-1.7647,-1.5087,-1.222,-1.0103,-0.93626,-0.99821,-1.1465,-1.3207,-1.48,-1.604,-1.6831,-1.6954,-1.6184,-1.4527,-1.2397,-1.0474,-0.92705,-0.87692,-0.84947,-0.78064,-0.63075,-0.40559,-0.15274,0.061645,0.1851,0.20468,0.14643,0.063601,0.0042178,0.001065
0.12467,0.0010297,0.096277,0.2354,0.47449,0.89886,1.361,1.4898,1.1228,0.46275,-0.20265,-0.67539,-0.85031,-0.70395,-0.30109,0.23255,0.76935,1.2242,1.5627,1.7906,1.9274,1.9806,1.9518,1.8715,1.8104,1.8353,1.9436,2.063,2.1031,2.0226,1.8528,1.6838,1.6207,1.7076,1.8939,2.0585,2.0867,1.9339,1.6463,1.3258,1.0557,0.85919,0.69098,0.47401,0.13807,-0.34465,-0.91806,-1.4527,-1.807,-1.9031,-1.766,-1.4908,-1.1929,-0.97204,-0.88575,-0.93301,-1.0654,-1.2236,-1.3676,-1.4822,-1.5523,-1.5617,-1.4924,-1.3456,-1.157,-0.98694,-0.88369,-0.84889,-0.83573,-0.78453,-0.65534,-0.44839,-0.2049,0.011201,0.144,0.17268,0.1248,0.045197,-0.01871,-0.031964
0.034503,-0.049117,0.083578,0.24623,0.49502,0.92441,1.3984,1.5473,1.2017,0.5618,-0.08123,-0.52774,-0.67834,-0.51948,-0.12342,0.38749,0.89146,1.3079,1.607,1.8002,1.9145,1.964,1.9516,1.9026,1.8743,1.9205,2.0328,2.1438,2.1739,2.0857,1.912,1.7376,1.6583,1.7208,1.8819,2.0287,2.0468,1.8831,1.5792,1.2316,0.93026,0.70025,0.50636,0.27493,-0.063593,-0.53002,-1.0698,-1.5576,-1.8604,-1.9175,-1.7578,-1.4737,-1.1746,-0.95435,-0.86141,-0.89054,-0.99283,-1.1147,-1.2249,-1.3103,-1.3675,-1.3788,-1.3254,-1.206,-1.0526,-0.92097,-0.85512,-0.85125,-0.86761,-0.84219,-0.73052,-0.52953,-0.28057,-0.050726,0.099826,0.14842,0.11164,0.036266,-0.03034,-0.053195
-0.030637,-0.076182,0.081675,0.25358,0.49992,0.92627,1.4085,1.5773,1.2562,0.64361,0.034399,-0.3715,-0.4849,-0.30832,0.080904,0.56481,1.0313,1.4065,1.6642,1.82,1.9069,1.945,1.9404,1.9156,1.9165,1.9823,2.0966,2.1945,2.2047,2.0991,1.911,1.7242,1.6317,1.6778,1.8212,1.9534,1.9618,1.7931,1.4822,1.122,0.79893,0.54552,0.33095,0.088471,-0.24501,-0.69027,-1.1918,-1.6312,-1.8911,-1.9183,-1.7497,-1.4736,-1.1892,-0.9778,-0.88277,-0.89298,-0.96173,-1.0408,-1.105,-1.1528,-1.1802,-1.1813,-1.1454,-1.072,-0.98329,-0.91856,-0.90689,-0.94438,-0.98452,-0.97042,-0.8615,-0.65409,-0.38722,-0.12892,0.054856,0.13215,0.11625,0.051636,-0.014287,-0.046972
-0.06169,-0.079972,0.088337,0.25913,0.49712,0.91637,1.4017,1.5841,1.2824,0.69433,0.11715,-0.25071,-0.3305,-0.13761,0.2464,0.70856,1.1457,1.4901,1.7187,1.8481,1.9132,1.9388,1.9353,1.923,1.9416,2.018,2.1305,2.2154,2.2077,2.0848,1.8813,1.6806,1.575,1.6096,1.7438,1.8726,1.8811,1.714,1.4008,1.0319,0.69605,0.42733,0.20222,-0.041366,-0.36654,-0.79094,-1.2638,-1.6745,-1.9119,-1.9309,-1.7658,-1.4995,-1.2256,-1.022,-0.92264,-0.91422,-0.95148,-0.99292,-1.0217,-1.0392,-1.0519,-1.0539,-1.0367,-0.9995,-0.95938,-0.94627,-0.98186,-1.0531,-1.1168,-1.1154,-1.0063,-0.78475,-0.49224,-0.20214,0.013654,0.11907,0.12396,0.069052,0.0013502,-0.042581
-0.078533,-0.062595,0.11027,0.27091,0.4915,0.89534,1.3797,1.5763,1.2996,0.74763,0.22,-0.090579,-0.12116,0.095931,0.47335,0.90646,1.3049,1.6099,1.8016,1.8973,1.9342,1.9433,1.9403,1.9422,1.9781,2.0607,2.1642,2.227,2.1942,2.0458,1.8193,1.5963,1.4686,1.4854,1.6123,1.7433,1.7599,1.5988,1.2842,0.9053,0.5537,0.27098,0.037453,-0.20584,-0.51795,-0.91798,-1.3578,-1.7368,-1.9553,-1.9732,-1.8198,-1.5694,-1.3082,-1.107,-0.99401,-0.95556,-0.94951,-0.94215,-0.92616,-0.91088,-0.90797,-0.91587,-0.92771,-0.94176,-0.97022,-1.0336,-1.1372,-1.2632,-1.3592,-1.3647,-1.2401,-0.98718,-0.65445,-0.32063,-0.061525,0.085437,0.12062,0.086992,0.030719,-0.013528
-0.072365,-0.032765,0.13809,0.28654,0.49056,0.87937,1.3584,1.5611,1.3006,0.77622,0.2878,0.022268,0.029499,0.2646,0.63727,1.0493,1.4202,1.6977,1.8644,1.9382,1.958,1.958,1.9563,1.968,2.0124,2.0946,2.1854,2.2296,2.1749,2.0057,1.7596,1.5183,1.3759,1.3834,1.5092,1.6443,1.6677,1.5109,1.1951,0.80892,0.44485,0.15116,-0.089729,-0.33322,-0.63598,-1.0185,-1.4363,-1.7965,-2.0078,-2.0297,-1.8892,-1.6525,-1.3976,-1.1905,-1.0576,-0.98768,-0.94678,-0.90786,-0.86614,-0.83538,-0.82421,-0.83691,-0.873,-0.93263,-1.0206,-1.1429,-1.2967,-1.4523,-1.5585,-1.5623,-1.4281,-1.1567,-0.79489,-0.42356,-0.1246,0.052679,0.11876,0.10411,0.053343,0.0035516
-0.040394,0.02895,0.19139,0.32084,0.50116,0.86612,1.3306,1.5326,1.287,0.79621,0.35972,0.15339,0.20878,0.46563,0.83011,1.2151,1.5521,1.798,1.9392,1.9938,1.9995,1.9918,1.9911,2.0094,2.0567,2.1319,2.2051,2.2265,2.1469,1.9522,1.6798,1.4135,1.2514,1.2511,1.3798,1.5263,1.5599,1.406,1.0833,0.67997,0.2948,-0.021739,-0.27681,-0.52122,-0.81297,-1.1731,-1.5683,-1.9157,-2.1272,-2.1607,-2.03,-1.7947,-1.5309,-1.3009,-1.1355,-1.0227,-0.93336,-0.85179,-0.78463,-0.7446,-0.74708,-0.79284,-0.87446,-0.98619,-1.1301,-1.3107,-1.5193,-1.7136,-1.8397,-1.8372,-1.6727,-1.3595,-0.95782,-0.55282,-0.2224,-0.0092246,0.087101,0.1036,0.079752,0.045877
0.017065,0.11366,0.26444,0.37447,0.5319,0.87003,1.3103,1.4984,1.256,0.79127,0.40193,0.25107,0.35011,0.62459,0.97969,1.337,1.6418,1.8621,1.9881,2.0352,2.0374,2.0284,2.0279,2.0446,2.0864,2.1505,2.2083,2.2121,2.1154,1.9017,1.6097,1.3255,1.1516,1.1483,1.2808,1.4301,1.4633,1.3032,0.96839,0.5448,0.13263,-0.21067,-0.48558,-0.73774,-1.0249,-1.3715,-1.7505,-2.0872,-2.2978,-2.3374,-2.2111,-1.9666,-1.6732,-1.3996,-1.1797,-1.0193,-0.90025,-0.80701,-0.73939,-0.71208,-0.72918,-0.79463,-0.90873,-1.0707,-1.2779,-1.5198,-1.7664,-1.9802,-2.0964,-2.0667,-1.8707,-1.5272,-1.0953,-0.65916,-0.29838,-0.055259,0.06797,0.10335,0.091476,0.065563
0.075642,0.19044,0.33239,0.42926,0.57145,0.88793,1.3031,1.4709,1.2216,0.76935,0.41051,0.29708,0.42506,0.71013,1.0558,1.3912,1.6729,1.8772,1.9972,2.0463,2.0536,2.0474,2.0452,2.0569,2.0916,2.1473,2.1973,2.1924,2.087,1.8645,1.5637,1.2734,1.0982,1.0969,1.2299,1.3761,1.4002,1.2281,0.87502,0.43026,-0.0051344,-0.36892,-0.65833,-0.91845,-1.2063,-1.5506,-1.9274,-2.2615,-2.4696,-2.5012,-2.3581,-2.0892,-1.7662,-1.4559,-1.203,-1.0115,-0.86719,-0.76117,-0.69799,-0.68599,-0.73185,-0.83461,-0.98719,-1.1824,-1.4143,-1.672,-1.931,-2.1376,-2.2394,-2.1897,-1.9715,-1.6089,-1.1645,-0.7209,-0.3519,-0.098648,0.041522,0.098528,0.10765,0.096559
0.17195,0.30835,0.43914,0.52185,0.6481,0.93503,1.3067,1.4336,1.1616,0.7147,0.38801,0.31759,0.47957,0.77477,1.1049,1.4092,1.6591,1.8429,1.9599,2.0212,2.0452,2.0486,2.0435,2.0447,2.0666,2.1126,2.1564,2.1472,2.0373,1.8138,1.5144,1.2287,1.0583,1.0565,1.1811,1.3111,1.3145,1.1181,0.74038,0.26888,-0.19681,-0.59257,-0.91331,-1.1961,-1.4934,-1.8367,-2.2044,-2.5276,-2.7209,-2.7317,-2.556,-2.2407,-1.8614,-1.4944,-1.1896,-0.96444,-0.80991,-0.71465,-0.67608,-0.69898,-0.78014,-0.91657,-1.1022,-1.3304,-1.5922,-1.8688,-2.123,-2.3103,-2.3757,-2.2848,-2.0338,-1.6533,-1.2034,-0.7596,-0.38933,-0.12953,0.023673,0.095821,0.11981,0.12196
0.28619,0.44058,0.56185,0.63515,0.75068,1.0084,1.3276,1.398,1.0877,0.63218,0.3259,0.29059,0.48071,0.78209,1.0949,1.3655,1.5798,1.7414,1.8588,1.9409,1.9932,2.0154,2.0098,1.9946,1.9977,2.0322,2.0745,2.0713,1.9729,1.7637,1.4818,1.2123,1.0489,1.0407,1.1458,1.2489,1.2223,0.99516,0.58547,0.080373,-0.41727,-0.84294,-1.1858,-1.4841,-1.7925,-2.141,-2.5058,-2.8122,-2.9769,-2.9436,-2.7185,-2.3513,-1.9181,-1.4994,-1.1541,-0.90385,-0.74524,-0.66718,-0.66252,-0.72484,-0.85078,-1.0291,-1.2479,-1.4958,-1.7605,-2.0225,-2.252,-2.395,-2.4153,-2.2888,-2.0177,-1.6333,-1.1919,-0.76206,-0.40331,-0.14921,0.0090799,0.095478,0.13831,0.15802
0.38145,0.54655,0.66175,0.73125,0.84241,1.0794,1.3548,1.3744,1.0255,0.5543,0.2558,0.24118,0.44887,0.75339,1.052,1.2961,1.4816,1.6243,1.7421,1.8439,1.9234,1.9644,1.9601,1.9314,1.918,1.9434,1.9872,1.995,1.9127,1.7225,1.4619,1.2108,1.0573,1.0427,1.1258,1.1987,1.1416,0.88745,0.45386,-0.072723,-0.58984,-1.0324,-1.3881,-1.6942,-2.0059,-2.3518,-2.7122,-3.011,-3.1555,-3.0915,-2.8202,-2.4004,-1.9205,-1.4675,-1.1031,-0.85006,-0.70182,-0.64437,-0.66773,-0.76207,-0.91854,-1.121,-1.3532,-1.6028,-1.8589,-2.1036,-2.3015,-2.4162,-2.4079,-2.2574,-1.972,-1.5855,-1.1525,-0.73652,-0.39168,-0.14136,0.014397,0.1017,0.14852,0.17511
0.51845,0.69345,0.80108,0.86936,0.9799,1.1922,1.4069,1.35,0.93842,0.43549,0.13825,0.14419,0.37124,0.67776,0.9562,1.1634,1.3085,1.4249,1.545,1.6777,1.7995,1.8695,1.8664,1.8167,1.7775,1.7916,1.843,1.8736,1.8201,1.6631,1.4376,1.2168,1.0794,1.0532,1.0997,1.1216,1.0169,0.72531,0.26751,-0.2763,-0.80952,-1.2669,-1.6362,-1.9482,-2.2544,-2.5886,-2.9312,-3.2087,-3.3249,-3.2188,-2.8957,-2.4215,-1.8927,-1.4042,-1.0221,-0.77306,-0.64888,-0.6281,-0.69176,-0.82721,-1.0142,-1.2374,-1.4794,-1.7243,-1.9566,-2.1585,-2.3099,-2.3754,-2.3311,-2.1642,-1.8811,-1.5098,-1.0975,-0.70097,-0.36919,-0.12936,0.028723,0.12423,0.18052,0.21439
0.62676,0.80534,0.90704,0.97687,1.0902,1.2872,1.4575,1.3402,0.87554,0.34219,0.039489,0.055904,0.29402,0.6006,0.86335,1.042,1.1564,1.2545,1.3794,1.5398,1.697,1.79,1.7858,1.7149,1.6514,1.655,1.7164,1.7696,1.7454,1.6191,1.4217,1.2238,1.0936,1.0562,1.0749,1.0622,0.92477,0.60679,0.12906,-0.42984,-0.972,-1.4314,-1.7922,-2.0876,-2.3756,-2.6932,-3.0236,-3.2881,-3.3872,-3.2548,-2.9034,-2.4036,-1.854,-1.3512,-0.96498,-0.72102,-0.61143,-0.61412,-0.70789,-0.87117,-1.0863,-1.3267,-1.5671,-1.789,-1.9838,-2.1465,-2.2615,-2.3099,-2.2622,-2.0989,-1.8214,-1.4561,-1.0501,-0.66019,-0.33581,-0.097814,0.053596,0.14287,0.19606,0.23183
0.77567,0.95355,1.0463,1.1195,1.2407,1.4231,1.5393,1.3422,0.80371,0.22335,-0.093314,-0.068785,0.1802,0.48531,0.72811,0.8709,0.94629,1.0227,1.1597,1.3635,1.5722,1.697,1.6891,1.5832,1.4791,1.4606,1.5297,1.612,1.6294,1.5471,1.3909,1.2248,1.1055,1.0561,1.0416,0.98888,0.81108,0.46192,-0.041887,-0.61564,-1.1608,-1.6058,-1.9361,-2.1915,-2.4361,-2.7191,-3.0308,-3.2901,-3.3846,-3.2441,-2.8719,-2.3453,-1.7734,-1.2596,-0.87506,-0.64854,-0.5682,-0.60598,-0.7347,-0.93087,-1.165,-1.4085,-1.634,-1.8236,-1.9726,-2.0848,-2.1628,-2.1898,-2.1422,-1.9971,-1.7468,-1.4069,-1.0175,-0.63402,-0.30834,-0.070349,0.085837,0.18111,0.2399,0.2792
0.9265,1.0969,1.1781,1.2551,1.3879,1.5635,1.6343,1.3652,0.75529,0.1259,-0.21061,-0.1852,0.069504,0.37226,0.59883,0.71268,0.75688,0.8188,0.97472,1.2276,1.4902,1.6452,1.6308,1.4865,1.3331,1.2799,1.3406,1.4401,1.4892,1.4468,1.3347,1.2052,1.1062,1.0498,1.0071,0.91525,0.7059,0.33584,-0.17189,-0.7429,-1.2795,-1.7097,-2.0133,-2.225,-2.4153,-2.6479,-2.9222,-3.1653,-3.2649,-3.1346,-2.774,-2.2545,-1.684,-1.1693,-0.78823,-0.57208,-0.51146,-0.57694,-0.73628,-0.95686,-1.2063,-1.4456,-1.6434,-1.7858,-1.8815,-1.952,-2.0105,-2.0485,-2.0335,-1.9289,-1.7139,-1.395,-1.0101,-0.61854,-0.27985,-0.029045,0.1325,0.22631,0.27994,0.31432
1.0386,1.1982,1.2686,1.3476,1.4914,1.6675,1.7128,1.3981,0.74083,0.076784,-0.27685,-0.25601,-0.0013778,0.29943,0.51786,0.6181,0.64936,0.70998,0.88606,1.1768,1.4768,1.6502,1.6271,1.4516,1.255,1.1657,1.2078,1.3086,1.3716,1.3537,1.2711,1.1689,1.088,1.0338,0.98017,0.87021,0.64521,0.26658,-0.24439,-0.81411,-1.3446,-1.7577,-2.0291,-2.1963,-2.3407,-2.5325,-2.7829,-3.0202,-3.1277,-3.0149,-2.6722,-2.1663,-1.6033,-1.0915,-0.71436,-0.50496,-0.45469,-0.5329,-0.70502,-0.93625,-1.1866,-1.4165,-1.593,-1.7051,-1.7696,-1.8194,-1.8768,-1.9351,-1.9556,-1.8912,-1.7098,-1.4106,-1.029,-0.62754,-0.27226,-0.0067589,0.1642,0.26259,0.31692,0.34949
1.1835,1.3223,1.3734,1.4538,1.6146,1.7997,1.8245,1.4641,0.75687,0.054031,-0.32392,-0.31701,-0.0699,0.22677,0.44134,0.53837,0.57199,0.65001,0.86324,1.2022,1.5427,1.7321,1.6924,1.469,1.206,1.0516,1.0507,1.1336,1.2026,1.2072,1.1554,1.0848,1.0264,0.98382,0.93068,0.81943,0.59156,0.21219,-0.30156,-0.87039,-1.3888,-1.7771,-2.0076,-2.1233,-2.2142,-2.3552,-2.5696,-2.794,-2.9095,-2.8248,-2.5102,-2.0224,-1.4673,-0.95959,-0.58124,-0.37531,-0.33495,-0.42721,-0.612,-0.84832,-1.0917,-1.2991,-1.4418,-1.5175,-1.554,-1.5944,-1.6696,-1.7714,-1.8559,-1.8621,-1.7386,-1.4677,-1.0808,-0.65111,-0.2624,0.029498,0.21358,0.31185,0.35912,0.38425
1.2863,1.4047,1.4377,1.5175,1.6928,1.8906,1.9109,1.5294,0.79649,0.072307,-0.32389,-0.3324,-0.096564,0.19558,0.41269,0.51949,0.57082,0.67558,0.92193,1.2927,1.6552,1.8515,1.7998,1.5433,1.2276,1.0123,0.96009,1.0102,1.0673,1.0776,1.0424,0.9936,0.95425,0.9252,0.87912,0.77298,0.55062,0.17826,-0.32547,-0.88244,-1.3876,-1.758,-1.9685,-2.0615,-2.1223,-2.2361,-2.4209,-2.6198,-2.729,-2.648,-2.3522,-1.8872,-1.3478,-0.84381,-0.46444,-0.25333,-0.20918,-0.30138,-0.48786,-0.72095,-0.9558,-1.1468,-1.2675,-1.3224,-1.3484,-1.3964,-1.4989,-1.6468,-1.7879,-1.8495,-1.7681,-1.5181,-1.1296,-0.68134,-0.26702,0.04657,0.24427,0.34764,0.39302,0.41251
1.4123,1.4977,1.5016,1.5783,1.7739,1.9965,2.0255,1.6328,0.88344,0.14211,-0.2754,-0.30978,-0.095281,0.1883,0.41417,0.5485,0.64259,0.79739,1.0905,1.4953,1.8763,2.0771,2.0145,1.7236,1.3432,1.0377,0.89016,0.86725,0.88357,0.88452,0.86402,0.84003,0.82637,0.81504,0.78242,0.68636,0.47993,0.12961,-0.34953,-0.88529,-1.3756,-1.7303,-1.918,-1.9788,-2.0038,-2.0778,-2.2277,-2.4003,-2.4934,-2.415,-2.1303,-1.6767,-1.1435,-0.6381,-0.25402,-0.039947,0.0049929,-0.086001,-0.26688,-0.48881,-0.70248,-0.86729,-0.96457,-1.0076,-1.0397,-1.1148,-1.2648,-1.4797,-1.6982,-1.8353,-1.8119,-1.589,-1.1948,-0.71919,-0.27205,0.068393,0.28036,0.38743,0.42964,0.44308
1.5223,1.5684,1.5372,1.6075,1.825,2.0802,2.1319,1.7476,1.0004,0.25632,-0.17778,-0.24084,-0.053802,0.21792,0.45711,0.63066,0.78279,0.9982,1.3362,1.7633,2.1513,2.3523,2.2847,1.9745,1.545,1.1535,0.89838,0.77773,0.72889,0.69862,0.67243,0.65598,0.65162,0.65171,0.63385,0.56343,0.39019,0.074765,-0.37358,-0.88665,-1.3575,-1.6976,-1.8687,-1.9099,-1.9117,-1.9539,-2.0654,-2.199,-2.2597,-2.1685,-1.8858,-1.4385,-0.90685,-0.39837,-0.0064495,0.21451,0.26432,0.17868,0.0071367,-0.19908,-0.39291,-0.54024,-0.6287,-0.67587,-0.72689,-0.83594,-1.0374,-1.3124,-1.6003,-1.8077,-1.8412,-1.6477,-1.2513,-0.7521,-0.27617,0.086058,0.31036,0.41735,0.4511,0.45458
1.5919,1.6048,1.5439,1.6064,1.8404,2.1243,2.2016,1.8345,1.1,0.36157,-0.081125,-0.16613,-0.0023013,0.25893,0.50949,0.7167,0.91658,1.178,1.5456,1.9832,2.371,2.5713,2.5051,2.1917,1.7403,1.2967,0.96528,0.76402,0.65144,0.58063,0.5338,0.50836,0.50109,0.50261,0.49358,0.43966,0.29135,0.0065138,-0.40946,-0.89187,-1.3383,-1.6613,-1.824,-1.8617,-1.8558,-1.8835,-1.9666,-2.0617,-2.0899,-1.9731,-1.6814,-1.2361,-0.70827,-0.19809,0.19541,0.41853,0.46974,0.38566,0.21832,0.02072,-0.16156,-0.29783,-0.38129,-0.43447,-0.50463,-0.64445,-0.88258,-1.2016,-1.5338,-1.7809,-1.8447,-1.6683,-1.2762,-0.77241,-0.28777,0.085346,0.31335,0.42418,0.46268,0.47037
1.6652,1.629,1.524,1.5721,1.8278,2.1537,2.2739,1.9427,1.237,0.515,0.065522,-0.047593,0.084361,0.32985,0.59446,0.8457,1.1058,1.4217,1.8208,2.2661,2.6514,2.8537,2.798,2.4954,2.0371,1.5501,1.1362,0.83193,0.62235,0.47807,0.38044,0.32114,0.29023,0.27811,0.27022,0.23458,0.12247,-0.11441,-0.47661,-0.90693,-1.3108,-1.6027,-1.7485,-1.7779,-1.7637,-1.7724,-1.8227,-1.8765,-1.8637,-1.7204,-1.4153,-0.96424,-0.43343,0.076424,0.46834,0.68554,0.72967,0.6423,0.47852,0.28935,0.11823,-0.011984,-0.099696,-0.16883,-0.2651,-0.43877,-0.71651,-1.0769,-1.4508,-1.7373,-1.8341,-1.6801,-1.297,-0.78999,-0.29519,0.086055,0.32247,0.43345,0.46348,0.4587
1.7127,1.6236,1.4704,1.4993,1.7747,2.1458,2.3168,2.0322,1.3666,0.66942,0.21875,0.079955,0.17895,0.40642,0.68055,0.9676,1.277,1.6359,2.0569,2.5043,2.8874,3.0968,3.0619,2.7872,2.3467,1.8479,1.3808,0.99344,0.69157,0.46348,0.29692,0.17716,0.095918,0.047286,0.026151,0.0081544,-0.061924,-0.24167,-0.54601,-0.92016,-1.2716,-1.5196,-1.6334,-1.6442,-1.6199,-1.6172,-1.6498,-1.6773,-1.6336,-1.4661,-1.1477,-0.69565,-0.17209,0.32646,0.706,0.91179,0.94525,0.84845,0.67851,0.49057,0.32066,0.19057,0.097175,0.013136,-0.10689,-0.30922,-0.61407,-0.99929,-1.3944,-1.6991,-1.8117,-1.6709,-1.2978,-0.79784,-0.30787,0.071479,0.30673,0.4169,0.44686,0.44288
1.7298,1.5993,1.4077,1.4195,1.7077,2.1132,2.3254,2.0816,1.4518,0.77738,0.329,0.17285,0.24685,0.4576,0.73354,1.0407,1.3786,1.7612,2.1925,2.6391,3.0203,3.2372,3.2233,2.9788,2.5655,2.0771,1.5951,1.1688,0.81107,0.52265,0.29483,0.11664,-0.016231,-0.1046,-0.14509,-0.1571,-0.1975,-0.33229,-0.58487,-0.90656,-1.2101,-1.4189,-1.5067,-1.5045,-1.474,-1.4668,-1.4892,-1.5014,-1.4451,-1.2682,-0.94914,-0.50349,0.0089005,0.4934,0.85526,1.0402,1.0535,0.94192,0.76541,0.57452,0.40736,0.2781,0.17914,0.082491,-0.054415,-0.27357,-0.59107,-0.98372,-1.379,-1.6791,-1.7883,-1.6514,-1.2903,-0.80512,-0.32637,0.04909,0.28258,0.39394,0.42608,0.42429
1.7262,1.5397,1.2948,1.2805,1.582,2.0325,2.3024,2.118,1.5409,0.9014,0.45977,0.28319,0.32338,0.50587,0.77451,1.0976,1.4624,1.866,2.3037,2.7459,3.1251,3.3551,3.374,3.1757,2.8108,2.357,1.8865,1.4424,1.0443,0.69402,0.38849,0.1268,-0.088001,-0.24018,-0.31413,-0.32488,-0.33131,-0.41119,-0.59346,-0.84111,-1.0745,-1.2257,-1.2723,-1.2438,-1.2006,-1.1878,-1.2098,-1.2252,-1.1728,-1.0045,-0.69976,-0.27555,0.2086,0.65926,0.98507,1.1363,1.1208,0.98712,0.79569,0.59912,0.42759,0.29291,0.185,0.075507,-0.075705,-0.30601,-0.62835,-1.0129,-1.3913,-1.6724,-1.769,-1.6322,-1.2835,-0.81664,-0.35398,0.0098832,0.24264,0.35858,0.39694,0.40011
1.7033,1.4747,1.1894,1.1531,1.4622,1.9443,2.258,2.1203,1.5855,0.97474,0.54101,0.35152,0.3658,0.52299,0.77838,1.1036,1.4788,1.8903,2.3268,2.7624,3.14,3.3822,3.4292,3.2712,2.9509,2.5363,2.0911,1.6554,1.2477,0.86973,0.52116,0.20561,-0.064345,-0.26093,-0.36052,-0.37316,-0.36353,-0.41284,-0.55514,-0.7536,-0.93421,-1.0353,-1.0427,-0.98995,-0.93541,-0.92412,-0.9567,-0.98831,-0.95497,-0.80749,-0.52451,-0.12489,0.32981,0.74638,1.0353,1.15,1.103,0.94661,0.7426,0.54009,0.36832,0.23333,0.12187,0.0054485,-0.15336,-0.3877,-0.70631,-1.0787,-1.4352,-1.689,-1.7617,-1.6141,-1.271,-0.82054,-0.37585,-0.021865,0.20506,0.32184,0.36661,0.38038
1.645,1.3618,1.0241,0.95711,1.2718,1.7913,2.162,2.0875,1.6114,1.043,0.62449,0.42113,0.40098,0.5191,0.74526,1.0595,1.4353,1.8467,2.2747,2.6975,3.0707,3.3288,3.4159,3.3169,3.0636,2.714,2.3221,1.9228,1.529,1.1425,0.76414,0.40338,0.0834,-0.1573,-0.28741,-0.31168,-0.29806,-0.32717,-0.43503,-0.58226,-0.69911,-0.73493,-0.68699,-0.5971,-0.52601,-0.51667,-0.56732,-0.63064,-0.63833,-0.53655,-0.30166,0.047851,0.44843,0.80524,1.0326,1.0881,0.99194,0.80267,0.58313,0.37686,0.20707,0.071801,-0.044024,-0.16622,-0.32785,-0.5579,-0.86179,-1.2045,-1.5198,-1.7276,-1.7619,-1.5953,-1.2563,-0.82526,-0.40201,-0.064823,0.15986,0.28375,0.34005,0.36539
1.556,1.2219,0.83559,0.73729,1.0518,1.6023,2.0253,2.0133,1.5979,1.0758,0.67765,0.46464,0.41035,0.48213,0.66639,0.95355,1.3162,1.7182,2.1322,2.5382,2.9034,3.1744,3.2991,3.2587,3.0763,2.8016,2.4804,2.1412,1.7907,1.4289,1.0572,0.68944,0.35373,0.090543,-0.064248,-0.1165,-0.12293,-0.1596,-0.25102,-0.36185,-0.42635,-0.4044,-0.30222,-0.16992,-0.075031,-0.064761,-0.13753,-0.24121,-0.30287,-0.25809,-0.084577,0.1961,0.52007,0.79895,0.9488,0.93976,0.79665,0.57857,0.34618,0.14052,-0.024943,-0.15588,-0.27011,-0.39337,-0.55499,-0.77731,-1.0588,-1.3613,-1.6212,-1.7692,-1.7545,-1.563,-1.2258,-0.8144,-0.41508,-0.096161,0.12076,0.24679,0.31336,0.35547
1.4701,1.1013,0.6827,0.56188,0.87264,1.4406,1.8981,1.9314,1.5626,1.0772,0.69769,0.48086,0.40143,0.43468,0.57986,0.83768,1.1833,1.574,1.9747,2.365,2.7203,2.9964,3.1448,3.1448,3.0154,2.8003,2.5403,2.258,1.9569,1.6333,1.289,0.93829,0.61185,0.34839,0.18162,0.10394,0.065605,0.0032781,-0.095804,-0.19133,-0.22296,-0.15824,-0.014034,0.15316,0.271,0.28881,0.20395,0.067938,-0.038547,-0.050356,0.064807,0.28779,0.55274,0.76778,0.85769,0.79413,0.60975,0.36958,0.13379,-0.064724,-0.21916,-0.34227,-0.45404,-0.57792,-0.73845,-0.95216,-1.2134,-1.4809,-1.6939,-1.7924,-1.7375,-1.5241,-1.1859,-0.78884,-0.40997,-0.10718,0.099908,0.22453,0.2968,0.34978
1.3318,0.9236,0.47015,0.32228,0.62276,1.2047,1.7005,1.7901,1.4834,1.0494,0.6986,0.48177,0.37261,0.3534,0.43963,0.64926,0.96385,1.3332,1.7116,2.0759,2.4106,2.6846,2.8571,2.9053,2.844,2.7097,2.5382,2.3442,2.1267,1.8754,1.5893,1.2836,0.98647,0.73679,0.55873,0.44489,0.35006,0.23386,0.10274,0.011907,0.018792,0.1415,0.34631,0.56428,0.71722,0.74807,0.65357,0.4844,0.32158,0.24023,0.27415,0.40734,0.57705,0.6978,0.69852,0.56463,0.33699,0.081769,-0.14735,-0.32641,-0.46295,-0.57437,-0.68077,-0.80243,-0.95824,-1.1575,-1.3858,-1.6039,-1.7557,-1.7923,-1.6889,-1.4513,-1.115,-0.73822,-0.3856,-0.10862,0.085757,0.20751,0.2843,0.34737
1.1697,0.73188,0.256,0.086028,0.37128,0.95505,1.4773,1.6169,1.3705,0.99028,0.67304,0.46249,0.33066,0.26322,0.28826,0.44264,0.71765,1.0585,1.4088,1.741,2.0466,2.308,2.4938,2.5823,2.5838,2.5285,2.4462,2.3469,2.2237,2.0607,1.853,1.6111,1.3594,1.1294,0.938,0.77583,0.61102,0.42826,0.25653,0.16457,0.2069,0.38916,0.66189,0.94099,1.1384,1.192,1.094,0.89641,0.68281,0.53223,0.48457,0.5277,0.60279,0.62933,0.54613,0.34608,0.079827,-0.18101,-0.38787,-0.5357,-0.64091,-0.73374,-0.83599,-0.96079,-1.1152,-1.2979,-1.4922,-1.6591,-1.7548,-1.7426,-1.6057,-1.3529,-1.0195,-0.66167,-0.33862,-0.08667,0.081871,0.18716,0.26095,0.33469
1.0356,0.5833,0.0997,-0.081653,0.18924,0.76546,1.2987,1.4699,1.2666,0.92755,0.63865,0.43772,0.29494,0.1973,0.17974,0.29137,0.53318,0.84928,1.1755,1.4801,1.7584,2.0023,2.1887,2.2992,2.3414,2.3422,2.326,2.2992,2.2489,2.1565,2.013,1.825,1.6122,1.398,1.1934,0.98987,0.76836,0.53299,0.3338,0.24534,0.31817,0.54408,0.86492,1.1901,1.4245,1.5042,1.4141,1.2023,0.95699,0.75466,0.64519,0.62181,0.62878,0.58644,0.44746,0.21045,-0.068784,-0.32096,-0.50642,-0.62872,-0.71579,-0.79556,-0.88902,-1.0079,-1.1559,-1.3267,-1.499,-1.6377,-1.7026,-1.6649,-1.515,-1.2644,-0.94615,-0.60935,-0.3062,-0.07587,0.082903,0.18497,0.25747,0.32879
0.84471,0.38464,-0.096022,-0.28386,-0.035,0.51916,1.0528,1.2557,1.1057,0.82172,0.5743,0.39377,0.24667,0.11998,0.054987,0.11355,0.31049,0.59246,0.88677,1.1535,1.39,1.5993,1.7707,1.8938,1.9759,2.0425,2.1106,2.1795,2.2262,2.2275,2.1694,2.0524,1.8915,1.6964,1.4722,1.2095,0.9111,0.60863,0.38167,0.31011,0.43227,0.72083,1.1027,1.483,1.765,1.8775,1.8046,1.5893,1.3124,1.062,0.885,0.77838,0.6929,0.56651,0.35333,0.076324,-0.19989,-0.41604,-0.55594,-0.64184,-0.70664,-0.77792,-0.86667,-0.97602,-1.1064,-1.2531,-1.3988,-1.513,-1.5633,-1.523,-1.3807,-1.1447,-0.84556,-0.53186,-0.25461,-0.045363,0.092097,0.17763,0.2404,0.30819
0.69622,0.23937,-0.22863,-0.41477,-0.18386,0.34514,0.86693,1.0844,0.9698,0.72658,0.51287,0.3533,0.21219,0.074863,-0.016247,0.0093926,0.17583,0.43415,0.70777,0.94897,1.1517,1.3254,1.4713,1.5878,1.6875,1.794,1.9202,2.0573,2.1753,2.2439,2.244,2.1737,2.0429,1.8588,1.6212,1.3245,0.97776,0.63329,0.38545,0.32704,0.48789,0.82897,1.2637,1.6889,2.0052,2.1413,2.0788,1.86,1.5671,1.2828,1.059,0.89812,0.75805,0.57874,0.33285,0.043957,-0.22487,-0.42078,-0.53524,-0.59821,-0.64609,-0.70146,-0.77545,-0.87123,-0.98782,-1.119,-1.2497,-1.3572,-1.4094,-1.3821,-1.2631,-1.056,-0.78468,-0.49256,-0.22923,-0.031563,0.098863,0.17856,0.23457,0.29393
0.49684,0.056453,-0.38153,-0.55672,-0.35043,0.13437,0.62447,0.84711,0.77197,0.58091,0.41419,0.28956,0.16867,0.033862,-0.075193,-0.081817,0.051291,0.28452,0.53796,0.75175,0.9102,1.0272,1.1225,1.2137,1.3222,1.4679,1.6571,1.8696,2.0692,2.2156,2.2834,2.2667,2.1675,1.9927,1.7395,1.409,1.0192,0.64019,0.38646,0.35596,0.57127,0.97156,1.4617,1.9336,2.2864,2.4488,2.401,2.1837,1.8766,1.5623,1.2935,1.0755,0.87207,0.63592,0.34886,0.048502,-0.19828,-0.35164,-0.42499,-0.45974,-0.49296,-0.54213,-0.60495,-0.67493,-0.75273,-0.84604,-0.95964,-1.0711,-1.1565,-1.1809,-1.1162,-0.95456,-0.71589,-0.44526,-0.19631,-0.0079502,0.11456,0.18608,0.23288,0.28053
0.30282,-0.10818,-0.5039,-0.65966,-0.47633,-0.045529,0.3958,0.60753,0.56163,0.41818,0.2986,0.21473,0.12672,0.01208,-0.094948,-0.11892,-0.010337,0.20465,0.44699,0.64451,0.76777,0.82962,0.8669,0.92173,1.0247,1.1922,1.4197,1.6797,1.9306,2.1296,2.249,2.2757,2.2088,2.0466,1.7878,1.4332,1.0184,0.63155,0.40097,0.4182,0.68518,1.131,1.6543,2.1506,2.5226,2.7005,2.6652,2.4542,2.1434,1.8118,1.5094,1.2452,0.99121,0.71066,0.39942,0.10068,-0.12467,-0.25007,-0.29868,-0.31693,-0.33384,-0.35765,-0.38474,-0.41369,-0.45391,-0.52195,-0.62492,-0.75858,-0.88585,-0.96546,-0.96188,-0.85713,-0.66123,-0.41507,-0.17574,0.012788,0.13297,0.20035,0.2412,0.28108
0.16557,-0.21671,-0.57465,-0.71193,-0.54454,-0.15768,0.23793,0.43131,0.39982,0.28719,0.20131,0.14988,0.092864,0.0040469,-0.088937,-0.11525,-0.019263,0.18476,0.42318,0.61694,0.72479,0.75479,0.75228,0.77587,0.86584,1.0371,1.2767,1.5525,1.8196,2.038,2.1785,2.2268,2.1793,2.0315,1.7803,1.4303,1.0222,0.65138,0.44668,0.49451,0.78815,1.2543,1.7914,2.296,2.6722,2.8523,2.8176,2.6071,2.2961,1.9585,1.6427,1.3557,1.0723,0.76364,0.4355,0.13872,-0.067408,-0.16785,-0.19776,-0.20303,-0.21269,-0.22778,-0.23603,-0.23241,-0.23227,-0.26641,-0.36118,-0.50527,-0.66878,-0.80139,-0.85399,-0.79591,-0.62971,-0.39587,-0.15673,0.033177,0.159,0.22875,0.26686,0.29837
-0.0013661,-0.33888,-0.64255,-0.75205,-0.60262,-0.27595,0.049969,0.20643,0.18272,0.10321,0.05713,0.04883,0.038914,-0.0032247,-0.061702,-0.077125,0.010071,0.20198,0.43697,0.63256,0.73377,0.73869,0.69697,0.68111,0.74732,0.90805,1.1424,1.4114,1.6732,1.89,2.0363,2.0985,2.0705,1.9479,1.7268,1.415,1.0525,0.7303,0.5685,0.64452,0.95201,1.4177,1.9474,2.4419,2.8092,2.9841,2.9491,2.7418,2.4335,2.0948,1.7693,1.4627,1.1523,0.8168,0.47139,0.17265,-0.021536,-0.10366,-0.11533,-0.10738,-0.098437,-0.084215,-0.050639,0.0025506,0.049338,0.046662,-0.037175,-0.20311,-0.40944,-0.59669,-0.70615,-0.69792,-0.5673,-0.35219,-0.118,0.077478,0.20591,0.27672,0.3136,0.34127
-0.11118,-0.41277,-0.6759,-0.76345,-0.62465,-0.34141,-0.070764,0.050026,0.023033,-0.039203,-0.060503,-0.038415,-0.01009,-0.010189,-0.034286,-0.032477,0.053981,0.23852,0.47102,0.66988,0.77232,0.76951,0.71198,0.67789,0.72899,0.87441,1.0876,1.3308,1.5657,1.7604,1.8954,1.9591,1.9469,1.8523,1.6706,1.4059,1.0946,0.82038,0.69175,0.77985,1.0798,1.5272,2.0347,2.509,2.8609,3.0265,2.9889,2.7836,2.4795,2.1439,1.8161,1.5001,1.1743,0.82244,0.46563,0.16828,-0.012525,-0.077891,-0.077548,-0.060532,-0.042722,-0.01321,0.047398,0.13795,0.22371,0.25005,0.17483,0.0017968,-0.22839,-0.45036,-0.5974,-0.62115,-0.51097,-0.30403,-0.06973,0.12644,0.25826,0.33059,0.3671,0.39305
-0.23349,-0.48788,-0.70039,-0.75954,-0.63123,-0.39925,-0.20152,-0.13615,-0.17893,-0.22984,-0.22627,-0.16665,-0.085902,-0.025029,0.0037396,0.034864,0.12458,0.30049,0.52866,0.73123,0.83899,0.83718,0.77589,0.73729,0.7758,0.89734,1.0701,1.2589,1.4331,1.5736,1.6729,1.7273,1.7352,1.6897,1.582,1.406,1.1841,0.97847,0.88145,0.96114,1.2245,1.6276,2.0931,2.5326,2.8582,3.0049,2.9561,2.7485,2.4501,2.1239,1.8041,1.4889,1.1557,0.79154,0.42959,0.1378,-0.030971,-0.084905,-0.075483,-0.048388,-0.017277,0.036553,0.13287,0.26613,0.39336,0.45081,0.39232,0.21473,-0.034559,-0.28225,-0.45351,-0.49482,-0.39483,-0.19326,0.037388,0.23109,0.35902,0.42635,0.4566,0.47505
-0.32585,-0.53738,-0.70683,-0.74004,-0.61735,-0.42686,-0.29573,-0.29015,-0.36064,-0.41373,-0.39586,-0.30304,-0.16982,-0.045847,0.038999,0.10241,0.19695,0.36258,0.58255,0.78732,0.9053,0.91602,0.86522,0.83088,0.86197,0.95931,1.0882,1.2135,1.3119,1.379,1.423,1.4578,1.4865,1.5045,1.4908,1.4283,1.3085,1.1649,1.0718,1.1074,1.3083,1.6483,2.0624,2.4618,2.7569,2.8833,2.8242,2.6167,2.3272,2.016,1.7123,1.4097,1.083,0.72311,0.36389,0.079194,-0.076288,-0.11489,-0.093962,-0.062074,-0.023943,0.040185,0.15544,0.31704,0.47654,0.5623,0.5223,0.3547,0.10971,-0.13516,-0.30285,-0.34044,-0.23857,-0.038641,0.18615,0.37013,0.4851,0.53917,0.55833,0.57015
-0.37466,-0.55928,-0.70219,-0.71853,-0.59687,-0.43008,-0.3421,-0.38031,-0.47789,-0.54152,-0.51986,-0.40617,-0.23483,-0.063947,0.062773,0.15038,0.2476,0.40239,0.61172,0.81508,0.94145,0.96591,0.92853,0.90109,0.9298,1.0107,1.108,1.1842,1.2217,1.2282,1.2273,1.2481,1.2997,1.3725,1.4351,1.4521,1.3971,1.2859,1.1834,1.1762,1.3193,1.605,1.9756,2.3429,2.6152,2.7278,2.6639,2.4598,2.1811,1.8845,1.5955,1.3064,0.99392,0.64738,0.30883,0.047064,-0.092891,-0.1283,-0.11272,-0.085706,-0.054155,0.010799,0.13425,0.30898,0.484,0.58593,0.562,0.40956,0.1805,-0.046515,-0.19415,-0.21169,-0.09486,0.11002,0.32896,0.49972,0.59878,0.63817,0.64563,0.6485
-0.41317,-0.5706,-0.68617,-0.68375,-0.56018,-0.41586,-0.37336,-0.46353,-0.60136,-0.6889,-0.67096,-0.53541,-0.31747,-0.087092,0.092791,0.20995,0.30745,0.44221,0.62901,0.82214,0.95555,1.0002,0.98622,0.97494,1.004,1.0649,1.1194,1.1324,1.094,1.0263,0.97554,0.98202,1.0681,1.2131,1.3736,1.483,1.4957,1.4069,1.2768,1.2017,1.2575,1.4642,1.7736,2.0997,2.3474,2.4447,2.3742,2.1741,1.9109,1.6425,1.3916,1.144,0.87043,0.5624,0.25384,0.015578,-0.10716,-0.13405,-0.12108,-0.10859,-0.093741,-0.047095,0.063307,0.23554,0.41948,0.53926,0.54031,0.41834,0.22698,0.045624,-0.052148,-0.024586,0.12252,0.33755,0.54807,0.69727,0.77035,0.78269,0.76504,0.74712
-0.42308,-0.56358,-0.66149,-0.64521,-0.51758,-0.38669,-0.37567,-0.50582,-0.68179,-0.79862,-0.7926,-0.64262,-0.38463,-0.1014,0.12505,0.26659,0.35937,0.46642,0.61956,0.79143,0.92505,0.98828,0.99961,1.0058,1.0352,1.0772,1.0949,1.0595,0.96678,0.84624,0.75443,0.74833,0.85691,1.0663,1.313,1.51,1.5771,1.4889,1.3046,1.1372,1.0958,1.2199,1.4744,1.7689,1.9987,2.0889,2.0193,1.8294,1.5896,1.3553,1.1485,0.95333,0.7381,0.48709,0.2331,0.033829,-0.073884,-0.10791,-0.11599,-0.12998,-0.14782,-0.13409,-0.052532,0.1017,0.28444,0.42087,0.44984,0.37261,0.23391,0.11093,0.074769,0.1604,0.35046,0.58314,0.78463,0.90861,0.94593,0.92461,0.88211,0.84832
-0.41342,-0.54747,-0.63884,-0.61521,-0.48462,-0.3593,-0.36262,-0.5127,-0.71212,-0.85131,-0.85747,-0.70131,-0.41858,-0.10188,0.15357,0.30829,0.39304,0.47375,0.59426,0.74248,0.87058,0.94497,0.97387,0.99122,1.0194,1.0487,1.0474,0.98932,0.87178,0.72575,0.61403,0.60508,0.73407,0.98561,1.2823,1.521,1.6054,1.5032,1.2703,1.033,0.91887,0.98548,1.2032,1.4769,1.6965,1.7825,1.7162,1.5392,1.3217,1.1222,0.95857,0.81221,0.64878,0.44908,0.23686,0.064607,-0.034675,-0.077345,-0.10585,-0.14652,-0.19355,-0.20816,-0.15149,-0.016694,0.15469,0.2917,0.34073,0.29295,0.20128,0.13876,0.16523,0.30178,0.52244,0.76573,0.96332,1.0699,1.0889,1.0454,0.97535,0.9099
-0.38058,-0.51347,-0.60373,-0.57452,-0.44112,-0.31943,-0.33096,-0.49346,-0.714,-0.87912,-0.90268,-0.7439,-0.4372,-0.08602,0.19763,0.36187,0.4301,0.46973,0.53815,0.64467,0.75704,0.84059,0.88801,0.91654,0.94255,0.96101,0.94815,0.87719,0.74385,0.58248,0.46266,0.46321,0.62654,0.92166,1.2569,1.5134,1.5919,1.4568,1.1638,0.84439,0.64076,0.63299,0.80257,1.0533,1.2646,1.3497,1.2876,1.1249,0.93909,0.7897,0.69453,0.62902,0.5499,0.42746,0.27198,0.12372,0.017607,-0.049993,-0.10983,-0.18644,-0.2685,-0.32174,-0.30491,-0.20262,-0.046391,0.098129,0.17281,0.17611,0.15003,0.16089,0.26126,0.46336,0.73134,0.99634,1.1893,1.2726,1.2571,1.1781,1.0783,0.99012
-0.34293,-0.48012,-0.57331,-0.54302,-0.4094,-0.28916,-0.2998,-0.4617,-0.68937,-0.86901,-0.90462,-0.74704,-0.42942,-0.062077,0.23343,0.39764,0.4491,0.45501,0.48082,0.55127,0.64674,0.7327,0.79056,0.82543,0.84956,0.8631,0.84801,0.77938,0.65025,0.49614,0.38561,0.39978,0.58027,0.89101,1.2361,1.4908,1.5549,1.3901,1.053,0.67836,0.41474,0.35906,0.49687,0.73064,0.93557,1.017,0.95604,0.80388,0.64325,0.5352,0.49455,0.49062,0.47412,0.40744,0.29307,0.16392,0.052524,-0.038493,-0.12934,-0.23305,-0.34393,-0.42318,-0.42838,-0.34225,-0.19429,-0.048256,0.044466,0.07535,0.090557,0.15551,0.31528,0.56978,0.87271,1.152,1.3421,1.4144,1.3774,1.2734,1.147,1.0316
-0.27837,-0.42617,-0.52703,-0.49909,-0.36872,-0.25081,-0.25434,-0.4043,-0.63012,-0.81963,-0.86708,-0.7137,-0.3916,-0.017067,0.28142,0.43552,0.45907,0.41827,0.38666,0.40653,0.47475,0.55854,0.6254,0.66397,0.68439,0.69389,0.68446,0.63409,0.53642,0.41479,0.33334,0.36635,0.55074,0.85969,1.1987,1.4442,1.4878,1.2862,0.8946,0.4512,0.1217,0.0072904,0.10673,0.31863,0.50757,0.58049,0.51754,0.3758,0.24397,0.18788,0.21796,0.29705,0.36608,0.37636,0.31011,0.19159,0.057451,-0.072932,-0.20218,-0.33908,-0.46607,-0.55644,-0.5762,-0.51049,-0.38149,-0.24051,-0.13469,-0.064682,0.010847,0.14509,0.37033,0.67768,1.017,1.3155,1.5084,1.5663,1.5082,1.3779,1.2227,1.0782
-0.19984,-0.36151,-0.4733,-0.45232,-0.33031,-0.21729,-0.21072,-0.33942,-0.55141,-0.73989,-0.79252,-0.64598,-0.33062,0.036707,0.32507,0.46117,0.45415,0.36732,0.27986,0.24975,0.28858,0.36403,0.43209,0.47135,0.49132,0.50616,0.51242,0.49196,0.43348,0.35278,0.30605,0.35911,0.54676,0.84496,1.1636,1.3826,1.3947,1.1585,0.73066,0.25143,-0.11543,-0.26617,-0.20439,-0.029102,0.12922,0.1746,0.093565,-0.051888,-0.16725,-0.18286,-0.089327,0.070048,0.22508,0.30909,0.29254,0.18571,0.027753,-0.14607,-0.31909,-0.48195,-0.62369,-0.71489,-0.72724,-0.65346,-0.52148,-0.38203,-0.26999,-0.18254,-0.075261,0.10492,0.38359,0.74116,1.1178,1.4361,1.6317,1.6808,1.6039,1.4493,1.2681,1.0975
-0.13283,-0.30625,-0.42719,-0.4145,-0.30236,-0.19572,-0.18141,-0.29023,-0.48535,-0.66624,-0.71903,-0.57967,-0.27657,0.076553,0.34993,0.46987,0.44083,0.3227,0.19767,0.13379,0.15116,0.21666,0.27979,0.31703,0.33834,0.36343,0.38892,0.39533,0.36478,0.31214,0.28953,0.3563,0.54933,0.83786,1.1375,1.3294,1.3159,1.0607,0.62109,0.13537,-0.24288,-0.41059,-0.37561,-0.23279,-0.10828,-0.094673,-0.2029,-0.36563,-0.47984,-0.47429,-0.33892,-0.12389,0.090561,0.22681,0.2427,0.14349,-0.029364,-0.22994,-0.42762,-0.60376,-0.74126,-0.81843,-0.81713,-0.73818,-0.60959,-0.47455,-0.36411,-0.26471,-0.13272,0.077848,0.38484,0.76422,1.1556,1.4825,1.6818,1.7275,1.6432,1.4779,1.283,1.0974
-0.034759,-0.2237,-0.35734,-0.3583,-0.26377,-0.16949,-0.1465,-0.22697,-0.39373,-0.55731,-0.60691,-0.47938,-0.20127,0.12163,0.36635,0.46123,0.40599,0.25563,0.093747,-0.0028076,-0.0070749,0.044418,0.093944,0.11829,0.13667,0.17608,0.23409,0.28127,0.28994,0.27024,0.26712,0.34265,0.53165,0.80686,1.0853,1.2556,1.2247,0.95988,0.52053,0.037843,-0.33973,-0.52412,-0.5215,-0.42495,-0.35747,-0.40206,-0.56458,-0.76746,-0.89777,-0.87617,-0.69429,-0.41089,-0.12012,0.083901,0.14353,0.054237,-0.13817,-0.37072,-0.59307,-0.77622,-0.89871,-0.94748,-0.91573,-0.81392,-0.6751,-0.54168,-0.43584,-0.33776,-0.20074,0.022969,0.34954,0.75072,1.1612,1.5008,1.7046,1.7491,1.6571,1.4776,1.2653,1.0623
0.071516,-0.13193,-0.27794,-0.29413,-0.22135,-0.14214,-0.11319,-0.16653,-0.30313,-0.44635,-0.49067,-0.37741,-0.13059,0.15289,0.36165,0.42818,0.35099,0.18163,0.0030999,-0.10515,-0.11682,-0.076107,-0.046489,-0.045216,-0.039497,0.0075601,0.09268,0.17519,0.21764,0.22161,0.22885,0.30566,0.48942,0.7582,1.0262,1.187,1.1481,0.88651,0.4612,0.002902,-0.35685,-0.5433,-0.57187,-0.52938,-0.52629,-0.64095,-0.87064,-1.1286,-1.2922,-1.2679,-1.0517,-0.7143,-0.36321,-0.10086,-0.0029033,-0.073639,-0.26629,-0.5107,-0.744,-0.92196,-1.0233,-1.0377,-0.9693,-0.8416,-0.69529,-0.56988,-0.47561,-0.38912,-0.25384,-0.024689,0.30739,0.70921,1.1158,1.4506,1.6522,1.697,1.6049,1.4254,1.2109,1.0023
