0.3387,0.068,-0.22679,-0.22511,0.090671,0.40197,0.44888,0.19222,-0.2091,-0.49301,-0.45091,-0.094813,0.34435,0.61479,0.62097,0.42208,0.14513,-0.078705,-0.14168,0.0072188,0.32801,0.70091,0.99144,1.1148,1.0536,0.83865,0.51557,0.1333,-0.2605,-0.60997,-0.84561,-0.92023,-0.83866,-0.66938,-0.4957,-0.37975,-0.33924,-0.37078,-0.46047,-0.59804,-0.77484,-0.98109,-1.1953,-1.3811,-1.4987,-1.5153,-1.4495,-1.3625,-1.3306,-1.4235,-1.6667,-2.0591,-2.5734,-3.1455,-3.665,-3.9708,-3.9186,-3.4985,-2.848,-2.1374,-1.4947,-0.98553,-0.6282,-0.40275,-0.25658,-0.12135,0.055767,0.28465,0.51417,0.67741,0.73364,0.68788,0.57503,0.43332,0.28972,0.15924,0.054288,-0.019249,-0.047856,-0.013925
0.26776,0.018506,-0.24411,-0.22897,0.070657,0.35577,0.38093,0.11219,-0.29177,-0.56952,-0.51191,-0.13222,0.32978,0.61692,0.6324,0.43872,0.16625,-0.052369,-0.11255,0.031794,0.34145,0.70423,0.99175,1.1177,1.0583,0.83452,0.48395,0.048658,-0.42192,-0.85774,-1.1688,-1.2815,-1.1946,-0.98971,-0.77365,-0.61861,-0.55111,-0.57008,-0.66065,-0.80778,-0.99306,-1.1995,-1.4038,-1.577,-1.6855,-1.7056,-1.6442,-1.5519,-1.5047,-1.5678,-1.7808,-2.1483,-2.645,-3.21,-3.7277,-4.0327,-3.9813,-3.5663,-2.9274,-2.2398,-1.6214,-1.1364,-0.80119,-0.59356,-0.45755,-0.32133,-0.13316,0.11232,0.36577,0.55443,0.63236,0.60185,0.49671,0.35448,0.20182,0.053802,-0.073749,-0.16769,-0.21147,-0.18925
0.16695,-0.055771,-0.27577,-0.24375,0.033746,0.2835,0.2831,0.004354,-0.39524,-0.66055,-0.58401,-0.17937,0.30907,0.61941,0.65208,0.47018,0.20591,-0.0073791,-0.068809,0.063049,0.35194,0.69629,0.97529,1.1009,1.0415,0.80623,0.42392,-0.073312,-0.63515,-1.1763,-1.5816,-1.7419,-1.6465,-1.3967,-1.1312,-0.93561,-0.8448,-0.85334,-0.94771,-1.1021,-1.291,-1.4844,-1.6595,-1.7974,-1.8805,-1.8991,-1.8562,-1.7813,-1.7311,-1.7654,-1.9314,-2.2491,-2.7046,-3.2377,-3.7331,-4.0168,-3.9515,-3.5484,-2.9551,-2.3329,-1.7913,-1.3751,-1.0879,-0.89993,-0.75617,-0.59546,-0.37922,-0.11006,0.15775,0.36038,0.45881,0.45339,0.36967,0.23722,0.079685,-0.084527,-0.23333,-0.34594,-0.40146,-0.38709
0.089074,-0.11453,-0.30275,-0.2586,0.00070003,0.22443,0.20826,-0.071047,-0.45958,-0.71027,-0.62061,-0.20385,0.29854,0.62444,0.67123,0.5015,0.24598,0.035393,-0.032515,0.083944,0.35394,0.68309,0.95468,1.0793,1.0198,0.77768,0.37426,-0.16087,-0.77572,-1.3789,-1.8367,-2.0255,-1.9287,-1.6617,-1.3742,-1.1639,-1.0628,-1.0677,-1.1625,-1.3207,-1.5084,-1.6889,-1.8357,-1.9361,-1.9897,-1.9964,-1.9626,-1.9064,-1.8633,-1.8879,-2.0233,-2.2974,-2.7073,-3.1997,-3.6618,-3.926,-3.8598,-3.4813,-2.939,-2.387,-1.916,-1.5606,-1.3141,-1.1429,-0.99456,-0.81516,-0.57448,-0.28866,-0.0055939,0.21297,0.32823,0.3388,0.26784,0.14325,-0.011638,-0.17676,-0.33038,-0.44726,-0.50623,-0.4965
-0.013304,-0.19241,-0.33868,-0.28009,-0.045861,0.145,0.11255,-0.1568,-0.518,-0.73956,-0.63327,-0.21047,0.29945,0.63991,0.7059,0.55476,0.31243,0.10273,0.01913,0.10743,0.34784,0.65571,0.91767,1.0413,0.98352,0.73894,0.32039,-0.24362,-0.90033,-1.5568,-2.0633,-2.2843,-2.1972,-1.9258,-1.6307,-1.4182,-1.3196,-1.3334,-1.4406,-1.6105,-1.7964,-1.9486,-2.0402,-2.0749,-2.0746,-2.0606,-2.0332,-1.9927,-1.9578,-1.9642,-2.0659,-2.2956,-2.6508,-3.0842,-3.4859,-3.7083,-3.6487,-3.3325,-2.8876,-2.4447,-2.0804,-1.8125,-1.6211,-1.4623,-1.2862,-1.0595,-0.78025,-0.47501,-0.19443,0.016516,0.13535,0.16546,0.1239,0.028487,-0.10531,-0.2603,-0.40923,-0.52585,-0.58415,-0.57226
-0.11021,-0.26512,-0.37027,-0.29941,-0.091587,0.068119,0.028667,-0.21769,-0.53507,-0.71587,-0.59339,-0.17791,0.32406,0.66918,0.75163,0.61978,0.39074,0.17939,0.075126,0.12917,0.33403,0.61566,0.86495,0.989,0.93989,0.70761,0.29966,-0.25974,-0.92297,-1.5958,-2.1301,-2.3786,-2.3112,-2.0523,-1.7742,-1.5817,-1.5109,-1.5566,-1.6977,-1.8931,-2.0811,-2.1989,-2.2177,-2.1608,-2.0822,-2.0238,-1.9968,-1.9815,-1.9613,-1.957,-2.0141,-2.1802,-2.4699,-2.8417,-3.2008,-3.4126,-3.385,-3.1434,-2.8026,-2.4754,-2.2171,-2.0299,-1.8791,-1.7168,-1.5063,-1.2383,-0.93267,-0.63031,-0.36491,-0.1643,-0.04034,0.010064,-0.0029521,-0.068399,-0.17425,-0.30397,-0.43442,-0.53278,-0.57584,-0.55805
-0.17685,-0.31366,-0.38838,-0.3107,-0.12318,0.015495,-0.023843,-0.24385,-0.51874,-0.66202,-0.52848,-0.12696,0.35812,0.69879,0.78979,0.6715,0.45165,0.23759,0.11624,0.14278,0.31826,0.57707,0.81466,0.94034,0.90253,0.68924,0.30601,-0.22827,-0.8703,-1.5269,-2.0587,-2.3189,-2.2741,-2.0439,-1.797,-1.6384,-1.6042,-1.6875,-1.8652,-2.0869,-2.2797,-2.3681,-2.3281,-2.2003,-2.0559,-1.9555,-1.9098,-1.8927,-1.8752,-1.8637,-1.9003,-2.0321,-2.2772,-2.6069,-2.9294,-3.1341,-3.1428,-2.9727,-2.7175,-2.4727,-2.2867,-2.1493,-2.0174,-1.8413,-1.5964,-1.2975,-0.98482,-0.69689,-0.46361,-0.29292,-0.17898,-0.11369,-0.093998,-0.12024,-0.18974,-0.29137,-0.39806,-0.48381,-0.52426,-0.51162
-0.2545,-0.36695,-0.4031,-0.31854,-0.15811,-0.043963,-0.075112,-0.24955,-0.45775,-0.54639,-0.401,-0.028195,0.41954,0.74285,0.83947,0.73642,0.52607,0.30614,0.16105,0.15114,0.2887,0.51892,0.74191,0.86803,0.84643,0.66533,0.32964,-0.14641,-0.72358,-1.3205,-1.8128,-2.0747,-2.0736,-1.9069,-1.7208,-1.6193,-1.6418,-1.7879,-2.0288,-2.3022,-2.5121,-2.5671,-2.4452,-2.212,-1.9708,-1.7981,-1.7114,-1.6785,-1.6565,-1.6335,-1.6477,-1.7461,-1.9491,-2.232,-2.5252,-2.7299,-2.7808,-2.6908,-2.5348,-2.3873,-2.2789,-2.1905,-2.0715,-1.8795,-1.613,-1.3102,-1.021,-0.78322,-0.60003,-0.45784,-0.34107,-0.24702,-0.18494,-0.16491,-0.18872,-0.24571,-0.3187,-0.37794,-0.40361,-0.39207
-0.30288,-0.39701,-0.40602,-0.31806,-0.17707,-0.077951,-0.097681,-0.23104,-0.38481,-0.43185,-0.28062,0.06312,0.47213,0.77276,0.86723,0.77275,0.56835,0.34366,0.1816,0.14714,0.2601,0.47149,0.68417,0.80923,0.79949,0.6457,0.35339,-0.063461,-0.5718,-1.1027,-1.5491,-1.8044,-1.8354,-1.7197,-1.5846,-1.5294,-1.5988,-1.7973,-2.093,-2.4129,-2.6408,-2.6735,-2.4898,-2.1761,-1.86,-1.6291,-1.5095,-1.4649,-1.4394,-1.4135,-1.4117,-1.4815,-1.6499,-1.8995,-2.169,-2.378,-2.468,-2.442,-2.3549,-2.2662,-2.1995,-2.1296,-2.0103,-1.8101,-1.5419,-1.2565,-1.0076,-0.82172,-0.69259,-0.58694,-0.47484,-0.35447,-0.24764,-0.17792,-0.15587,-0.17678,-0.21871,-0.26025,-0.28314,-0.28288
-0.35299,-0.42216,-0.39833,-0.30756,-0.19131,-0.10797,-0.10639,-0.18042,-0.26057,-0.25502,-0.10064,0.19607,0.54108,0.79671,0.87609,0.78771,0.59211,0.36639,0.19023,0.13206,0.21742,0.40313,0.59786,0.71729,0.72225,0.60846,0.38371,0.060414,-0.33767,-0.7635,-1.1357,-1.3716,-1.4357,-1.3806,-1.3101,-1.317,-1.4508,-1.7174,-2.0829,-2.4562,-2.7039,-2.7047,-2.4532,-2.0588,-1.6608,-1.3636,-1.1897,-1.1078,-1.0687,-1.0375,-1.0334,-1.0924,-1.2355,-1.4485,-1.6888,-1.8885,-1.9997,-2.0214,-1.9939,-1.9587,-1.9285,-1.8809,-1.7765,-1.5993,-1.3773,-1.1644,-1.0037,-0.90935,-0.84649,-0.76383,-0.63177,-0.46494,-0.30222,-0.17592,-0.099409,-0.069596,-0.073536,-0.089982,-0.1042,-0.11189
-0.38676,-0.43089,-0.37826,-0.28548,-0.19187,-0.121,-0.095286,-0.10951,-0.11944,-0.066665,0.084808,0.32737,0.59499,0.78809,0.8394,0.75007,0.56652,0.35294,0.18041,0.11266,0.17474,0.32896,0.49488,0.60133,0.6196,0.55148,0.40438,0.18407,-0.097915,-0.41054,-0.69755,-0.89765,-0.98068,-0.9774,-0.96524,-1.0228,-1.2012,-1.5113,-1.9207,-2.3314,-2.5937,-2.5819,-2.2879,-1.8341,-1.3781,-1.0217,-0.80237,-0.69517,-0.64747,-0.62478,-0.62713,-0.67802,-0.79455,-0.97028,-1.1689,-1.3456,-1.4655,-1.5221,-1.5353,-1.5293,-1.5179,-1.4839,-1.4072,-1.2855,-1.1473,-1.0375,-0.98726,-0.98949,-0.99635,-0.93923,-0.78528,-0.56462,-0.33649,-0.14628,-0.013013,0.065893,0.098033,0.099405,0.084,0.059924
-0.40107,-0.42789,-0.35649,-0.26195,-0.18426,-0.12078,-0.076454,-0.048423,-0.010434,0.071991,0.21711,0.41418,0.61562,0.75178,0.77431,0.68222,0.51265,0.31919,0.16276,0.098091,0.1459,0.27236,0.40869,0.49848,0.52407,0.4909,0.4046,0.26303,0.068725,-0.15753,-0.37581,-0.53974,-0.62563,-0.65152,-0.67465,-0.7603,-0.95647,-1.279,-1.6933,-2.1039,-2.3622,-2.343,-2.0415,-1.5786,-1.1066,-0.73113,-0.49188,-0.36986,-0.31743,-0.29964,-0.30664,-0.35381,-0.45498,-0.60362,-0.77404,-0.92948,-1.0397,-1.0974,-1.1172,-1.1208,-1.1155,-1.0985,-1.0599,-1.0024,-0.95009,-0.93586,-0.97756,-1.0539,-1.1009,-1.0446,-0.86304,-0.6045,-0.3385,-0.11176,0.057516,0.16571,0.22541,0.24516,0.23441,0.20046
-0.40637,-0.41226,-0.31886,-0.22337,-0.16506,-0.11059,-0.04258,0.037437,0.13039,0.24295,0.373,0.50328,0.60787,0.65784,0.63536,0.54134,0.39943,0.24576,0.12446,0.074807,0.10849,0.19655,0.28855,0.35031,0.37931,0.38717,0.37766,0.33869,0.25986,0.1474,0.021723,-0.086478,-0.1582,-0.20165,-0.25311,-0.36027,-0.56197,-0.87141,-1.2565,-1.6301,-1.861,-1.8416,-1.5665,-1.1363,-0.68231,-0.30756,-0.052859,0.087346,0.14345,0.15509,0.13442,0.081564,-0.0045116,-0.11694,-0.23909,-0.34875,-0.43093,-0.48186,-0.50789,-0.51873,-0.52659,-0.53498,-0.54947,-0.58082,-0.64557,-0.75842,-0.91544,-1.079,-1.171,-1.1142,-0.90015,-0.59722,-0.28843,-0.024609,0.17615,0.31661,0.39604,0.42406,0.41047,0.36535
-0.39739,-0.3853,-0.27402,-0.17939,-0.13797,-0.092711,-0.0044103,0.12027,0.25774,0.38987,0.49582,0.55412,0.55633,0.51368,0.44404,0.35468,0.25103,0.14841,0.072867,0.046762,0.070933,0.12115,0.16665,0.19549,0.2206,0.2612,0.31991,0.37747,0.41047,0.40713,0.37323,0.32534,0.28102,0.23909,0.18081,0.074076,-0.10832,-0.37366,-0.69681,-1.005,-1.1949,-1.1823,-0.95585,-0.58686,-0.18489,0.16528,0.41123,0.54639,0.59834,0.59552,0.56576,0.51917,0.45708,0.38249,0.30477,0.23399,0.17972,0.14492,0.12498,0.11012,0.090514,0.052116,-0.018128,-0.13217,-0.29792,-0.51342,-0.75758,-0.97398,-1.0816,-1.0175,-0.7944,-0.48995,-0.18153,0.087974,0.30327,0.45816,0.5567,0.59807,0.586,0.52853
-0.38228,-0.35927,-0.23734,-0.14509,-0.11564,-0.077678,0.023906,0.17635,0.34032,0.48026,0.56364,0.56615,0.49098,0.37848,0.27507,0.19427,0.12544,0.067088,0.030965,0.026117,0.045085,0.066677,0.074974,0.076604,0.097149,0.16023,0.26571,0.38938,0.49892,0.57142,0.60182,0.59975,0.57826,0.54581,0.4936,0.40397,0.25368,0.036405,-0.22706,-0.47613,-0.62993,-0.61858,-0.43477,-0.13115,0.21364,0.51917,0.74296,0.87294,0.9213,0.91892,0.8884,0.84495,0.79661,0.7486,0.70295,0.66321,0.63088,0.60604,0.58676,0.56703,0.5371,0.47965,0.37686,0.216,-0.0044562,-0.27083,-0.54851,-0.78146,-0.89072,-0.82878,-0.61921,-0.33643,-0.048751,0.20685,0.41573,0.57408,0.67313,0.70959,0.68763,0.6194
-0.35199,-0.31719,-0.18693,-0.10004,-0.087017,-0.059324,0.055096,0.23906,0.43047,0.57357,0.62375,0.5526,0.37632,0.17499,0.032362,-0.030861,-0.045505,-0.038599,-0.020156,0.0024104,0.012901,-0.0055319,-0.049452,-0.08515,-0.068815,0.026726,0.19206,0.39286,0.58762,0.74593,0.85412,0.91203,0.92852,0.91631,0.88226,0.82261,0.72629,0.58574,0.41261,0.24385,0.13508,0.13454,0.25714,0.47637,0.73777,0.98638,1.1751,1.2846,1.3227,1.3122,1.2824,1.252,1.2294,1.2166,1.2079,1.2006,1.1913,1.1774,1.1573,1.1294,1.0816,0.99887,0.86464,0.66949,0.41823,0.13305,-0.14679,-0.36193,-0.45981,-0.41587,-0.25818,-0.044446,0.17765,0.38354,0.56205,0.70404,0.7958,0.83193,0.81068,0.73835
-0.32257,-0.28101,-0.14924,-0.068698,-0.068525,-0.048755,0.072041,0.27449,0.48145,0.62299,0.64719,0.52338,0.27713,0.015056,-0.14963,-0.19249,-0.16143,-0.10411,-0.047296,-0.009851,-0.011494,-0.06288,-0.14578,-0.20867,-0.19207,-0.070046,0.13958,0.39129,0.63804,0.8473,1.0019,1.0985,1.1447,1.1535,1.1408,1.1073,1.0523,0.96793,0.86147,0.7523,0.67667,0.66858,0.74616,0.90193,1.1005,1.3013,1.4605,1.553,1.5835,1.5682,1.5401,1.5225,1.523,1.5359,1.5548,1.5656,1.5627,1.5473,1.5231,1.4864,1.436,1.3503,1.2086,1.0018,0.74168,0.46136,0.20522,0.019692,-0.061645,-0.037834,0.06345,0.20695,0.36736,0.52948,0.68003,0.80282,0.88498,0.90905,0.87227,0.78474
-0.27488,-0.22673,-0.099811,-0.031989,-0.049861,-0.042283,0.083666,0.30479,0.52669,0.66263,0.6525,0.46518,0.13859,-0.1892,-0.36856,-0.37391,-0.27995,-0.16226,-0.06727,-0.025134,-0.055542,-0.15596,-0.28543,-0.37104,-0.3441,-0.18661,0.075132,0.38414,0.68747,0.94908,1.1464,1.2788,1.3555,1.3948,1.4135,1.425,1.4263,1.4128,1.3761,1.3284,1.2872,1.2809,1.32,1.4039,1.5234,1.6463,1.752,1.8211,1.8431,1.8396,1.8263,1.8235,1.8428,1.8834,1.9284,1.9643,1.9772,1.9631,1.9272,1.8795,1.8123,1.7161,1.5754,1.3832,1.1521,0.91361,0.70733,0.56501,0.49433,0.48293,0.50912,0.55776,0.6242,0.70664,0.79801,0.88555,0.94156,0.9546,0.91834,0.83658
-0.21851,-0.16583,-0.051021,-0.00095261,-0.038228,-0.044974,0.080774,0.31392,0.54452,0.67188,0.62968,0.38938,0.0024769,-0.3647,-0.53655,-0.49559,-0.3443,-0.18224,-0.069955,-0.043249,-0.11764,-0.27258,-0.4418,-0.53384,-0.48481,-0.28891,0.012203,0.36132,0.70592,1.0052,1.2359,1.3928,1.4842,1.5368,1.5766,1.6268,1.6846,1.7371,1.7656,1.7664,1.7514,1.7366,1.7422,1.7753,1.8293,1.8961,1.9528,1.9845,1.993,1.9834,1.9825,2.0079,2.0624,2.1334,2.2037,2.2499,2.2612,2.2394,2.1955,2.1373,2.0698,1.9796,1.8514,1.681,1.4845,1.294,1.1423,1.0392,0.97666,0.93058,0.88518,0.84473,0.82514,0.83758,0.87866,0.9296,0.96723,0.96849,0.92155,0.82858
-0.17044,-0.11558,-0.013898,0.019661,-0.033036,-0.052481,0.069971,0.3075,0.54086,0.65993,0.59609,0.3242,-0.09312,-0.47076,-0.62273,-0.54358,-0.35688,-0.17376,-0.061067,-0.056533,-0.17069,-0.37052,-0.57031,-0.66384,-0.59136,-0.36339,-0.03698,0.33376,0.69767,1.0141,1.2623,1.4297,1.5271,1.58,1.6267,1.6897,1.7769,1.8692,1.9464,1.9897,1.998,1.9837,1.9628,1.9511,1.957,1.9764,2.001,2.0174,2.0186,2.0159,2.0254,2.0643,2.1365,2.2283,2.3159,2.3743,2.3888,2.3612,2.3065,2.24,2.1676,2.0815,1.968,1.823,1.661,1.5097,1.3917,1.3124,1.251,1.1802,1.0894,0.99411,0.92053,0.88639,0.89103,0.91646,0.9374,0.93073,0.88335,0.79528
-0.099882,-0.042379,0.038527,0.04654,-0.028601,-0.067296,0.045004,0.28228,0.51357,0.61967,0.53057,0.228,-0.21003,-0.57828,-0.68965,-0.56013,-0.33624,-0.14047,-0.041235,-0.074706,-0.24709,-0.51224,-0.75915,-0.85949,-0.75325,-0.47665,-0.10575,0.29217,0.67008,0.9922,1.2389,1.4013,1.4904,1.5373,1.5845,1.6625,1.779,1.9132,2.0356,2.1195,2.1549,2.1456,2.1064,2.0546,2.0056,1.9685,1.9446,1.9291,1.9188,1.9215,1.9491,2.0127,2.1112,2.2283,2.3351,2.4066,2.4264,2.3955,2.3301,2.2532,2.1743,2.0928,1.9995,1.8897,1.7717,1.664,1.5821,1.5187,1.4504,1.3518,1.219,1.0748,0.95222,0.87332,0.84025,0.84014,0.84274,0.82635,0.77777,0.69628
-0.042249,0.018501,0.081868,0.069254,-0.024298,-0.079964,0.01935,0.25054,0.47592,0.57098,0.4656,0.14762,-0.29276,-0.64065,-0.71541,-0.5506,-0.30572,-0.10726,-0.023982,-0.090268,-0.30763,-0.62082,-0.90397,-1.0117,-0.88254,-0.56956,-0.16488,0.24919,0.62834,0.94519,1.179,1.3288,1.4022,1.436,1.4718,1.5514,1.6797,1.8378,1.9881,2.0989,2.1545,2.1515,2.1047,2.0308,1.9456,1.8689,1.8057,1.7602,1.7395,1.7431,1.787,1.8764,2.0021,2.1396,2.2623,2.3386,2.3541,2.3146,2.2415,2.1567,2.0794,2.0077,1.9307,1.8419,1.7482,1.6651,1.6008,1.5471,1.4779,1.3665,1.2106,1.0377,0.88634,0.78363,0.73434,0.71936,0.72013,0.70956,0.67052,0.59853
0.040479,0.10771,0.14883,0.10652,-0.012048,-0.095146,-0.021145,0.19188,0.40358,0.48223,0.35809,0.028762,-0.40248,-0.71382,-0.73768,-0.53145,-0.26529,-0.066988,-0.0052657,-0.1128,-0.38492,-0.7543,-1.0774,-1.192,-1.0413,-0.69653,-0.27141,0.15088,0.5246,0.8326,1.0558,1.1877,1.2376,1.2353,1.2323,1.2796,1.4001,1.58,1.7734,1.9343,2.0255,2.0397,1.9802,1.8665,1.7293,1.59,1.4778,1.4074,1.3777,1.3989,1.4659,1.577,1.7228,1.8837,2.0223,2.1134,2.1388,2.0991,2.0143,1.9172,1.827,1.7545,1.6954,1.6403,1.5845,1.5303,1.4812,1.4254,1.3405,1.2094,1.0377,0.85495,0.69645,0.58432,0.5215,0.5006,0.49177,0.47881,0.45042,0.40391
0.12881,0.2066,0.22858,0.15776,0.011851,-0.10366,-0.066133,0.11693,0.30683,0.36685,0.22751,-0.10691,-0.52157,-0.79299,-0.77106,-0.52921,-0.24261,-0.040378,0.0088218,-0.12625,-0.43783,-0.85041,-1.2054,-1.3333,-1.1813,-0.8343,-0.41334,0.0085163,0.38608,0.69316,0.91049,1.0173,1.0218,0.95651,0.89259,0.89356,1.0011,1.196,1.4289,1.6316,1.7589,1.7864,1.7195,1.5801,1.396,1.2086,1.049,0.93897,0.89534,0.9139,0.99836,1.143,1.3272,1.5144,1.6763,1.7752,1.7953,1.7437,1.6471,1.5359,1.4433,1.379,1.3364,1.3026,1.2695,1.2346,1.1923,1.1342,1.0418,0.90198,0.72389,0.53838,0.38002,0.26983,0.21048,0.18901,0.1918,0.19822,0.19462,0.17527
0.19794,0.28703,0.29761,0.20674,0.039878,-0.10322,-0.10072,0.051583,0.21886,0.26343,0.11333,-0.2225,-0.6232,-0.86776,-0.81634,-0.55144,-0.24827,-0.035947,0.015088,-0.12711,-0.45299,-0.88439,-1.2601,-1.408,-1.2724,-0.93905,-0.5247,-0.10547,0.27608,0.58262,0.78713,0.86885,0.82957,0.71584,0.60291,0.56984,0.65718,0.85097,1.0977,1.3269,1.4851,1.536,1.478,1.324,1.104,0.86519,0.65303,0.5107,0.45812,0.49378,0.60631,0.7739,0.97089,1.1718,1.3367,1.4407,1.4682,1.4207,1.3182,1.1958,1.0874,1.0138,0.97904,0.96982,0.96511,0.94759,0.90782,0.83797,0.72812,0.57849,0.40479,0.23391,0.090556,-0.011782,-0.070733,-0.088319,-0.082404,-0.061784,-0.037833,-0.020513
0.29242,0.4005,0.40171,0.2868,0.09155,-0.092347,-0.14377,-0.044421,0.085515,0.10602,-0.05757,-0.39346,-0.77648,-0.99168,-0.91144,-0.62137,-0.29463,-0.060629,0.008391,-0.12046,-0.43798,-0.86877,-1.2588,-1.4387,-1.3452,-1.0503,-0.66005,-0.25583,0.11606,0.41384,0.6005,0.65334,0.57469,0.40837,0.22976,0.12709,0.15858,0.33472,0.60512,0.88877,1.0985,1.1842,1.1226,0.92965,0.65378,0.35028,0.093749,-0.06904,-0.12893,-0.08874,0.027852,0.20669,0.42719,0.64893,0.83985,0.95952,0.9847,0.91935,0.79436,0.65319,0.53484,0.46945,0.45507,0.46997,0.4878,0.48765,0.45279,0.37576,0.25623,0.1007,-0.07065,-0.23067,-0.35829,-0.44502,-0.49197,-0.50318,-0.48148,-0.43761,-0.38055,-0.31936
0.38841,0.51899,0.5172,0.38269,0.15871,-0.068898,-0.18265,-0.1471,-0.063895,-0.070358,-0.24527,-0.57746,-0.94315,-1.1378,-1.0421,-0.73619,-0.38718,-0.12463,-0.022001,-0.11256,-0.38928,-0.78516,-1.1634,-1.3686,-1.3367,-1.1115,-0.77687,-0.40621,-0.053698,0.23537,0.41177,0.44654,0.33893,0.12633,-0.11267,-0.28111,-0.29918,-0.14191,0.14513,0.46296,0.71029,0.81422,0.75152,0.53829,0.21905,-0.12838,-0.43003,-0.63142,-0.71038,-0.68061,-0.55359,-0.35212,-0.11191,0.12505,0.315,0.42574,0.4451,0.38002,0.2533,0.098835,-0.037362,-0.12041,-0.12988,-0.078308,-0.0081496,0.032028,0.012109,-0.078887,-0.22566,-0.39608,-0.55883,-0.69829,-0.81269,-0.90118,-0.9558,-0.96961,-0.92956,-0.83749,-0.71571,-0.59429
0.46013,0.6099,0.60937,0.46222,0.21687,-0.044498,-0.20913,-0.22699,-0.18325,-0.21036,-0.38969,-0.71309,-1.0642,-1.2503,-1.1538,-0.84531,-0.48321,-0.19608,-0.059471,-0.10793,-0.33636,-0.68596,-1.0384,-1.2587,-1.2825,-1.1292,-0.85791,-0.52387,-0.18464,0.10199,0.27831,0.3046,0.17773,-0.061801,-0.33011,-0.52695,-0.57079,-0.43283,-0.15094,0.17683,0.44338,0.56431,0.50797,0.28216,-0.06507,-0.45221,-0.78861,-1.0059,-1.0926,-1.0611,-0.939,-0.74929,-0.5182,-0.28025,-0.087195,0.032971,0.060099,-0.006699,-0.14696,-0.31768,-0.47582,-0.56659,-0.56064,-0.47409,-0.36211,-0.28696,-0.28852,-0.37874,-0.5364,-0.72056,-0.89193,-1.0326,-1.1443,-1.2316,-1.2896,-1.3007,-1.2535,-1.1478,-0.99912,-0.83329
0.55489,0.73142,0.7359,0.57415,0.30065,-0.0059751,-0.23873,-0.33261,-0.34398,-0.39616,-0.57168,-0.8708,-1.1963,-1.3795,-1.3026,-1.0091,-0.63803,-0.31764,-0.12846,-0.10856,-0.2573,-0.52939,-0.83513,-1.0725,-1.1743,-1.1271,-0.94976,-0.67317,-0.35532,-0.07484,0.098801,0.11783,-0.019915,-0.26727,-0.54071,-0.75242,-0.82659,-0.72122,-0.45495,-0.11631,0.16725,0.30256,0.23906,-0.012877,-0.39012,-0.8029,-1.1471,-1.3688,-1.4703,-1.4777,-1.3976,-1.2301,-0.99913,-0.75884,-0.55609,-0.43877,-0.42257,-0.4994,-0.64649,-0.83356,-1.0065,-1.1081,-1.0919,-0.9626,-0.78533,-0.6463,-0.60794,-0.68511,-0.85164,-1.0529,-1.2397,-1.3955,-1.5283,-1.6425,-1.7232,-1.7454,-1.6789,-1.5236,-1.3116,-1.0874
0.62462,0.82083,0.83121,0.65924,0.36563,0.026371,-0.25644,-0.40713,-0.45959,-0.5246,-0.68643,-0.95411,-1.2528,-1.4393,-1.3941,-1.1306,-0.76435,-0.42252,-0.19287,-0.11881,-0.20436,-0.41518,-0.68272,-0.92812,-1.0821,-1.1109,-1.0027,-0.77364,-0.48066,-0.21202,-0.045858,-0.02986,-0.16207,-0.39462,-0.64998,-0.85164,-0.93146,-0.84298,-0.59362,-0.26552,0.014638,0.144,0.072815,-0.18652,-0.57114,-0.98147,-1.3191,-1.539,-1.6545,-1.6895,-1.6454,-1.5135,-1.3101,-1.0775,-0.88069,-0.75869,-0.73166,-0.80094,-0.95278,-1.1547,-1.3534,-1.4718,-1.4435,-1.2705,-1.035,-0.84284,-0.76414,-0.82567,-0.99699,-1.2174,-1.4294,-1.6097,-1.7642,-1.8987,-1.9984,-2.0276,-1.956,-1.7817,-1.5345,-1.2623
0.71475,0.93525,0.95409,0.76932,0.45024,0.07105,-0.2725,-0.49297,-0.59387,-0.66472,-0.78833,-0.99241,-1.2414,-1.4363,-1.4573,-1.2628,-0.92769,-0.57336,-0.29844,-0.15776,-0.1654,-0.30068,-0.51621,-0.7544,-0.95705,-1.0729,-1.0547,-0.89625,-0.64791,-0.40111,-0.24768,-0.23348,-0.35317,-0.55407,-0.76591,-0.9231,-0.98125,-0.90372,-0.68625,-0.39172,-0.13137,-0.012109,-0.08445,-0.34077,-0.71639,-1.1084,-1.424,-1.6312,-1.7636,-1.8497,-1.8778,-1.812,-1.6449,-1.4232,-1.2131,-1.0746,-1.0388,-1.109,-1.2693,-1.4884,-1.7116,-1.8496,-1.8175,-1.6036,-1.2974,-1.0271,-0.88899,-0.91155,-1.0724,-1.3087,-1.5559,-1.7835,-1.9914,-2.1767,-2.3115,-2.3525,-2.2593,-2.0358,-1.7325,-1.4143
0.80077,1.0418,1.0678,0.86975,0.52676,0.11363,-0.2792,-0.55584,-0.69039,-0.74669,-0.80673,-0.92188,-1.106,-1.3115,-1.4224,-1.3363,-1.071,-0.73216,-0.43016,-0.23556,-0.17451,-0.23872,-0.39868,-0.61379,-0.84344,-1.0275,-1.0975,-1.0146,-0.81391,-0.59054,-0.44506,-0.43096,-0.53767,-0.70511,-0.8632,-0.96746,-0.99509,-0.91778,-0.72144,-0.44961,-0.20819,-0.099476,-0.17883,-0.43288,-0.78655,-1.1362,-1.4029,-1.5867,-1.7379,-1.886,-1.9907,-1.9893,-1.8625,-1.6526,-1.4406,-1.291,-1.2388,-1.2945,-1.4523,-1.6864,-1.9369,-2.0997,-2.0664,-1.8157,-1.4495,-1.1155,-0.91741,-0.90351,-1.0524,-1.3038,-1.5889,-1.8659,-2.1228,-2.3485,-2.5089,-2.5508,-2.4382,-2.1818,-1.8408,-1.4884
0.86216,1.1159,1.1446,0.936,0.57628,0.14277,-0.27735,-0.58244,-0.7274,-0.75633,-0.75195,-0.78739,-0.91712,-1.1318,-1.3207,-1.341,-1.1574,-0.85327,-0.5463,-0.32101,-0.2137,-0.22564,-0.3413,-0.53509,-0.77467,-0.9964,-1.1196,-1.0874,-0.92229,-0.72132,-0.58646,-0.5741,-0.67123,-0.81467,-0.93573,-1.0048,-1.006,-0.91742,-0.7212,-0.46009,-0.23179,-0.13663,-0.22156,-0.46651,-0.79574,-1.107,-1.3337,-1.4933,-1.6533,-1.8348,-1.9977,-2.0594,-1.9745,-1.7757,-1.5518,-1.3779,-1.304,-1.3485,-1.5061,-1.748,-2.0127,-2.1917,-2.1676,-1.908,-1.5122,-1.1367,-0.90407,-0.85522,-0.98361,-1.237,-1.5482,-1.8668,-2.1664,-2.4223,-2.5926,-2.6247,-2.4903,-2.2116,-1.8552,-1.4927
0.9395,1.2048,1.2338,1.0101,0.63068,0.1784,-0.26194,-0.58239,-0.71623,-0.68775,-0.58161,-0.50516,-0.56308,-0.79181,-1.0882,-1.2685,-1.226,-1.0021,-0.71412,-0.46376,-0.30459,-0.25222,-0.307,-0.46519,-0.69959,-0.94783,-1.116,-1.1366,-1.022,-0.86149,-0.75308,-0.74907,-0.83524,-0.9507,-1.0348,-1.0631,-1.0293,-0.91526,-0.71074,-0.45468,-0.23827,-0.1492,-0.22705,-0.44861,-0.73732,-0.9999,-1.1879,-1.3345,-1.5089,-1.7395,-1.9657,-2.0841,-2.0334,-1.8452,-1.6071,-1.4123,-1.318,-1.3476,-1.5001,-1.7476,-2.0247,-2.2135,-2.1878,-1.9141,-1.4976,-1.0985,-0.83154,-0.75861,-0.87263,-1.1282,-1.4608,-1.8138,-2.1474,-2.4234,-2.591,-2.6012,-2.4341,-2.129,-1.7633,-1.4108
1.0115,1.283,1.3075,1.0682,0.6722,0.21196,-0.22745,-0.53424,-0.62876,-0.5239,-0.31183,-0.13059,-0.12689,-0.36906,-0.76345,-1.1029,-1.2214,-1.1101,-0.87294,-0.62236,-0.42709,-0.31802,-0.31162,-0.41931,-0.62217,-0.86331,-1.0505,-1.11,-1.0457,-0.92903,-0.85275,-0.8635,-0.94928,-1.0552,-1.1266,-1.1323,-1.0665,-0.91529,-0.68021,-0.40871,-0.192,-0.10619,-0.18198,-0.38779,-0.64381,-0.87041,-1.0311,-1.1686,-1.3551,-1.612,-1.8796,-2.0478,-2.0382,-1.8638,-1.6157,-1.393,-1.2679,-1.2751,-1.416,-1.6596,-1.9312,-2.1149,-2.0912,-1.8275,-1.4189,-1.015,-0.73446,-0.63316,-0.72217,-0.97133,-1.3214,-1.7043,-2.0596,-2.3341,-2.4777,-2.4527,-2.2639,-1.9603,-1.6127,-1.2819
1.062,1.3349,1.3527,1.1014,0.69622,0.23723,-0.18779,-0.46592,-0.51488,-0.34574,-0.058862,0.18924,0.23093,-0.018957,-0.47512,-0.92142,-1.1618,-1.1493,-0.96834,-0.73283,-0.52089,-0.3749,-0.32301,-0.3834,-0.54875,-0.76764,-0.9536,-1.0325,-0.99644,-0.90826,-0.85172,-0.87516,-0.97207,-1.0909,-1.1725,-1.1769,-1.0891,-0.90245,-0.63299,-0.34378,-0.12436,-0.044764,-0.12245,-0.31946,-0.55906,-0.7675,-0.91765,-1.0539,-1.2495,-1.5187,-1.8091,-2.0075,-2.0214,-1.8551,-1.5941,-1.3479,-1.2005,-1.1927,-1.3252,-1.5579,-1.8206,-1.9905,-1.9565,-1.6966,-1.3037,-0.91575,-0.63673,-0.53193,-0.61237,-0.85362,-1.2002,-1.5833,-1.9368,-2.201,-2.3231,-2.2763,-2.0711,-1.7672,-1.4394,-1.1452
1.125,1.3963,1.4013,1.1341,0.72067,0.2719,-0.11763,-0.33798,-0.31123,-0.054354,0.32085,0.64059,0.72211,0.46703,-0.051777,-0.61736,-1.0092,-1.1347,-1.0428,-0.83863,-0.61153,-0.42028,-0.30731,-0.30064,-0.40718,-0.58281,-0.7498,-0.83842,-0.83023,-0.77546,-0.74161,-0.77984,-0.89665,-1.0481,-1.1631,-1.1861,-1.0811,-0.84967,-0.53586,-0.22143,0.0014303,0.075833,-0.0043614,-0.19537,-0.424,-0.62089,-0.77342,-0.92717,-1.14,-1.4325,-1.7393,-1.9488,-1.9727,-1.8094,-1.5437,-1.2828,-1.1106,-1.0723,-1.1738,-1.3785,-1.6047,-1.7435,-1.6998,-1.4592,-1.102,-0.74421,-0.48216,-0.36885,-0.42984,-0.65398,-0.99321,-1.3739,-1.7176,-1.9567,-2.0455,-1.9743,-1.7703,-1.4951,-1.2115,-0.9624
1.1692,1.4365,1.4299,1.1513,0.73489,0.2993,-0.055383,-0.22208,-0.13231,0.18843,0.62017,0.98261,1.0874,0.83241,0.28198,-0.3525,-0.84245,-1.0666,-1.0434,-0.86645,-0.62993,-0.40548,-0.249,-0.19745,-0.2598,-0.3961,-0.5377,-0.62314,-0.63489,-0.60482,-0.59106,-0.63956,-0.76495,-0.93596,-1.0826,-1.1288,-1.0214,-0.76523,-0.42147,-0.091061,0.13008,0.19542,0.10415,-0.095317,-0.32635,-0.53124,-0.69451,-0.85888,-1.0815,-1.3774,-1.689,-1.9068,-1.9368,-1.7741,-1.4944,-1.2128,-1.0201,-0.9633,-1.0442,-1.2213,-1.413,-1.5155,-1.4522,-1.2223,-0.89862,-0.57772,-0.3348,-0.22881,-0.28297,-0.49161,-0.81197,-1.1735,-1.4983,-1.7192,-1.7935,-1.7162,-1.5239,-1.2765,-1.032,-0.82618
1.2224,1.4828,1.4596,1.1671,0.74936,0.33593,0.033992,-0.055431,0.11987,0.51939,1.0152,1.4231,1.5544,1.3037,0.72946,0.032587,-0.55726,-0.89224,-0.95357,-0.81322,-0.56734,-0.30385,-0.096557,0.0051593,-0.004176,-0.090819,-0.19745,-0.2728,-0.30116,-0.29563,-0.30157,-0.35936,-0.49015,-0.67938,-0.8643,-0.94316,-0.84481,-0.57128,-0.20985,0.11886,0.32259,0.35742,0.24032,0.026204,-0.21507,-0.42875,-0.60582,-0.78557,-1.0208,-1.3151,-1.6189,-1.8308,-1.8607,-1.6925,-1.407,-1.108,-0.8872,-0.79564,-0.83659,-0.96507,-1.1016,-1.1564,-1.0733,-0.86092,-0.5797,-0.30215,-0.09233,0.012948,-0.02371,-0.20926,-0.51013,-0.85614,-1.1651,-1.37,-1.4365,-1.3723,-1.211,-1.0089,-0.81452,-0.65769
1.2688,1.5221,1.4823,1.1768,0.75932,0.36819,0.11863,0.10627,0.36417,0.83479,1.3838,1.8287,1.9829,1.7426,1.1619,0.43177,-0.22072,-0.63535,-0.76587,-0.66098,-0.41315,-0.12152,0.12707,0.27387,0.31012,0.26301,0.18158,0.11326,0.080762,0.076296,0.069063,0.013361,-0.12163,-0.33026,-0.54515,-0.65753,-0.5796,-0.31435,0.035316,0.3416,0.51179,0.51326,0.36914,0.13704,-0.11658,-0.33916,-0.52968,-0.72576,-0.96563,-1.2608,-1.5519,-1.7407,-1.7455,-1.5629,-1.2593,-0.94561,-0.71008,-0.59684,-0.60161,-0.67994,-0.75086,-0.74585,-0.63399,-0.43531,-0.19825,0.029308,0.20984,0.30325,0.27634,0.11413,-0.15824,-0.47791,-0.77017,-0.97541,-1.0637,-1.0313,-0.92617,-0.7887,-0.65696,-0.55225
1.2987,1.5478,1.496,1.1813,0.76276,0.38576,0.17143,0.21249,0.5283,1.0474,1.6316,2.1005,2.2724,2.0441,1.4676,0.72817,0.047757,-0.4094,-0.58153,-0.50104,-0.25489,0.052173,0.32538,0.50304,0.56966,0.54762,0.48006,0.41274,0.37583,0.3665,0.36049,0.30933,0.17526,-0.039961,-0.26731,-0.3985,-0.33865,-0.093312,0.23324,0.51112,0.64725,0.62015,0.45156,0.19839,-0.0664,-0.30338,-0.50186,-0.694,-0.92603,-1.1957,-1.4577,-1.6234,-1.6137,-1.4195,-1.1095,-0.78721,-0.54167,-0.41638,-0.40246,-0.44729,-0.48077,-0.44065,-0.30984,-0.11495,0.10175,0.30649,0.46855,0.56643,0.55858,0.41718,0.15445,-0.17114,-0.48021,-0.70669,-0.81908,-0.8269,-0.75747,-0.65602,-0.55921,-0.48779
1.3318,1.5772,1.5106,1.1834,0.76068,0.39512,0.21828,0.32275,0.70861,1.2868,1.9131,2.4119,2.6079,2.4003,1.8379,1.0986,0.39612,-0.104,-0.32244,-0.26907,-0.022791,0.30433,0.60775,0.82066,0.9213,0.92552,0.87186,0.80128,0.7499,0.72723,0.71445,0.66858,0.54574,0.34177,0.11451,-0.02747,0.009582,0.2204,0.50477,0.72864,0.80915,0.7232,0.50635,0.22386,-0.055234,-0.28509,-0.4655,-0.63783,-0.84431,-1.0839,-1.3053,-1.4219,-1.3691,-1.1504,-0.83663,-0.52139,-0.28273,-0.15667,-0.1302,-0.14872,-0.14549,-0.068939,0.088194,0.2937,0.50622,0.69836,0.85594,0.95162,0.95082,0.82378,0.57491,0.2515,-0.076795,-0.34732,-0.52365,-0.59497,-0.59677,-0.55958,-0.51375,-0.47709
1.3514,1.5962,1.5194,1.1826,0.75314,0.3886,0.23085,0.37441,0.80806,1.4269,2.083,2.6041,2.8186,2.6279,2.0793,1.3447,0.63075,0.10328,-0.14597,-0.11069,0.13819,0.48485,0.8148,1.0531,1.1745,1.1927,1.1425,1.0636,0.9923,0.95312,0.93255,0.89187,0.78565,0.59996,0.38248,0.23808,0.25656,0.43928,0.68441,0.8657,0.90096,0.77451,0.52411,0.21851,-0.071519,-0.29825,-0.46642,-0.61938,-0.79499,-0.9976,-1.1697,-1.2311,-1.1307,-0.88972,-0.57119,-0.27234,-0.061113,0.03969,0.054088,0.037998,0.057742,0.15646,0.33158,0.54775,0.76706,0.96778,1.1356,1.2487,1.2687,1.1561,0.9052,0.55853,0.18904,-0.13261,-0.36205,-0.49584,-0.54024,-0.53261,-0.50728,-0.48697
1.3708,1.6175,1.5297,1.1785,0.73423,0.35893,0.21111,0.39516,0.88518,1.5557,2.2513,2.8027,3.0426,2.8746,2.3439,1.6153,0.88676,0.3234,0.031288,0.040888,0.2972,0.6792,1.0537,1.3296,1.4759,1.5042,1.4463,1.3454,1.2461,1.1825,1.152,1.1147,1.0226,0.85589,0.65853,0.52694,0.54167,0.6979,0.89462,1.0174,0.9925,0.81255,0.51588,0.171,-0.14361,-0.37948,-0.53258,-0.64348,-0.75892,-0.87679,-0.95308,-0.92696,-0.76751,-0.49579,-0.1916,0.073239,0.2431,0.30128,0.27579,0.23121,0.23675,0.33592,0.5275,0.77467,1.0352,1.2808,1.4916,1.6392,1.6775,1.567,1.3033,0.92798,0.50932,0.11568,-0.20265,-0.41781,-0.53912,-0.58644,-0.58921,-0.57356
1.3824,1.6361,1.5407,1.1731,0.70553,0.3042,0.14725,0.35666,0.89493,1.616,2.3534,2.9365,3.2017,3.0549,2.5375,1.8094,1.0599,0.4534,0.11193,0.093856,0.36211,0.78916,1.2205,1.5452,1.7191,1.7503,1.6733,1.5405,1.4094,1.3166,1.2663,1.2208,1.1299,0.97968,0.81281,0.71463,0.75075,0.90053,1.0702,1.1483,1.072,0.83167,0.4727,0.071119,-0.28882,-0.53869,-0.67251,-0.73526,-0.77225,-0.79633,-0.76569,-0.63122,-0.38422,-0.074619,0.23182,0.45645,0.55581,0.5299,0.42269,0.30829,0.26812,0.35513,0.56725,0.8606,1.1833,1.4976,1.7767,1.9769,2.0505,1.9514,1.6707,1.2484,0.75735,0.27522,-0.13542,-0.43643,-0.62118,-0.7051,-0.72003,-0.69781
1.3872,1.6496,1.5516,1.1703,0.68011,0.24903,0.072269,0.28926,0.859,1.618,2.3883,2.9965,3.2802,3.1466,2.6362,1.9025,1.1288,0.48223,0.099339,0.060155,0.34177,0.81056,1.2925,1.6588,1.8555,1.8885,1.7946,1.6332,1.4673,1.341,1.2652,1.206,1.119,0.9887,0.85457,0.78944,0.84899,1.0071,1.1711,1.2333,1.1287,0.8521,0.44473,-0.013119,-0.42396,-0.7132,-0.85489,-0.88356,-0.85174,-0.77081,-0.6272,-0.40054,-0.098473,0.23668,0.52967,0.7226,0.77683,0.69199,0.51246,0.32168,0.21575,0.26356,0.47727,0.81369,1.2086,1.6048,1.9535,2.2088,2.3079,2.2059,1.9007,1.4394,0.89756,0.35382,-0.125,-0.48993,-0.72071,-0.82598,-0.83811,-0.79872
1.3918,1.6699,1.573,1.1725,0.6456,0.16323,-0.055244,0.15748,0.76176,1.5696,2.3846,3.0268,3.3331,3.2134,2.7061,1.9548,1.1383,0.42785,-0.018623,-0.085801,0.22412,0.76179,1.3194,1.7436,1.9717,2.0085,1.8948,1.6915,1.4669,1.2803,1.1529,1.0641,0.97889,0.88048,0.80129,0.80411,0.92214,1.1181,1.2886,1.3365,1.202,0.88326,0.41951,-0.11359,-0.61346,-0.98032,-1.1564,-1.1529,-1.0186,-0.79606,-0.49717,-0.13271,0.26476,0.63929,0.9316,1.0848,1.0686,0.88824,0.59292,0.27537,0.054433,0.036719,0.25805,0.66701,1.1686,1.6765,2.1276,2.4512,2.5919,2.5035,2.1811,1.6707,1.0522,0.41495,-0.15808,-0.59847,-0.88056,-1.0037,-1.0075,-0.94329
1.3979,1.6971,1.606,1.1868,0.61738,0.075822,-0.19999,-0.0066642,0.62174,1.4748,2.3328,3.0068,3.3345,3.2245,2.7127,1.9376,1.0715,0.28777,-0.23083,-0.3256,0.024106,0.64456,1.2858,1.7689,2.0252,2.0611,1.924,1.6751,1.3888,1.1345,0.94367,0.81518,0.72063,0.65144,0.63611,0.72802,0.9357,1.1962,1.4025,1.4562,1.3088,0.95452,0.43561,-0.17579,-0.77933,-1.2492,-1.4856,-1.4577,-1.2135,-0.82655,-0.36501,0.12339,0.59579,1.003,1.2927,1.4203,1.356,1.1019,0.70444,0.26174,-0.088161,-0.19936,0.002439,0.47326,1.0908,1.7285,2.2834,2.6862,2.8626,2.7685,2.4093,1.8436,1.161,0.45603,-0.18432,-0.69129,-1.0051,-1.1342,-1.1227,-1.033
1.4065,1.7247,1.6415,1.209,0.60713,0.017992,-0.30623,-0.13655,0.50197,1.3827,2.2686,2.9645,3.3066,3.2019,2.6852,1.8915,0.98848,0.15022,-0.42309,-0.53854,-0.15521,0.53243,1.2388,1.7642,2.0366,2.066,1.904,1.6174,1.2852,0.97977,0.74403,0.58556,0.48525,0.44018,0.48022,0.64201,0.91902,1.2332,1.476,1.5512,1.4087,1.0473,0.50058,-0.16229,-0.8363,-1.3877,-1.6795,-1.6454,-1.3282,-0.82863,-0.25235,0.32241,0.8417,1.2668,1.5497,1.6582,1.5691,1.2829,0.83765,0.3251,-0.10993,-0.29262,-0.1088,0.40302,1.0893,1.7933,2.4066,2.8393,3.0315,2.9421,2.5749,1.9852,1.2615,0.5039,-0.18917,-0.72795,-1.0669,-1.1987,-1.1753,-1.0683
1.4276,1.7746,1.7076,1.2595,0.6161,-0.033309,-0.42363,-0.29517,0.34341,1.2479,2.1631,2.8835,3.2409,3.1423,2.6194,1.8035,0.85847,-0.03988,-0.67253,-0.80685,-0.37855,0.39049,1.1715,1.7418,2.0267,2.0416,1.8418,1.5042,1.1131,0.74448,0.45712,0.26417,0.16303,0.15755,0.27749,0.54011,0.91019,1.2948,1.5778,1.6763,1.5468,1.1933,0.64463,-0.040891,-0.76581,-1.387,-1.73,-1.6877,-1.2969,-0.70224,-0.043854,0.5893,1.1445,1.5799,1.8684,1.9731,1.8719,1.568,1.1013,0.55623,0.077632,-0.15529,-0.012087,0.49216,1.2086,1.9615,2.6124,3.0749,3.273,3.1665,2.7675,2.1417,1.3857,0.60181,-0.11276,-0.67647,-1.0208,-1.1538,-1.1284,-1.0189
1.4534,1.8243,1.7726,1.3158,0.64576,-0.043153,-0.47971,-0.38663,0.23811,1.1481,2.0765,2.81,3.177,3.083,2.5578,1.7317,0.76708,-0.1577,-0.81262,-0.94637,-0.48839,0.32109,1.1337,1.7208,2.0063,2.0086,1.7847,1.415,0.98477,0.57742,0.25753,0.048637,-0.044736,-0.015108,0.16138,0.49328,0.92563,1.3537,1.6625,1.774,1.6572,1.3161,0.78707,0.12404,-0.58726,-1.2083,-1.5637,-1.5218,-1.1132,-0.48583,0.19406,0.82707,1.3675,1.7918,2.0683,2.1764,2.095,1.821,1.3851,0.86908,0.3999,0.15495,0.27295,0.74747,1.4338,2.1598,2.7967,3.2411,3.4278,3.3161,2.914,2.2823,1.515,0.71667,-0.0092917,-0.56834,-0.91787,-1.052,-1.0293,-0.92727
1.5045,1.9095,1.8816,1.4187,0.72108,-0.0087209,-0.49596,-0.4576,0.13094,1.0292,1.9624,2.7061,3.0828,2.9958,2.4737,1.6485,0.68407,-0.23664,-0.87759,-0.98662,-0.50472,0.31571,1.1255,1.7015,1.9705,1.9516,1.7056,1.3057,0.83994,0.40153,0.059801,-0.14381,-0.2053,-0.12232,0.1158,0.50059,0.97352,1.4275,1.7598,1.8946,1.8042,1.4987,1.0145,0.41158,-0.22314,-0.76387,-1.0586,-1.006,-0.62766,-0.059524,0.56419,1.1525,1.6571,2.0513,2.3173,2.4293,2.3726,2.1509,1.7963,1.372,0.99396,0.7931,0.87835,1.2641,1.854,2.5034,3.0775,3.4842,3.6388,3.4972,3.0714,2.4295,1.6721,0.90357,0.21774,-0.31569,-0.64309,-0.78462,-0.79124,-0.72536
1.5771,2.0175,2.0173,1.5536,0.83886,0.085325,-0.4407,-0.46026,0.072627,0.93856,1.8613,2.6064,2.988,2.9081,2.3987,1.5958,0.67071,-0.19018,-0.76229,-0.82712,-0.35124,0.42762,1.1876,1.7184,1.9496,1.8983,1.6242,1.201,0.72198,0.28677,-0.031513,-0.19327,-0.20286,-0.067958,0.20793,0.61018,1.0775,1.5173,1.834,1.9687,1.8993,1.6448,1.2416,0.74636,0.24156,-0.17069,-0.37022,-0.28972,0.033152,0.50195,1.004,1.4754,1.8885,2.2274,2.4725,2.6049,2.6041,2.4655,2.2124,1.9068,1.6291,1.4887,1.5677,1.8752,2.3421,2.863,3.3387,3.6656,3.772,3.6121,3.192,2.5729,1.849,1.1203,0.47754,-0.0089753,-0.31937,-0.46222,-0.48868,-0.45892
1.6456,2.1131,2.1349,1.6746,0.95298,0.19151,-0.35487,-0.4184,0.061511,0.89089,1.7964,2.5357,2.918,2.8441,2.3512,1.5818,0.71479,-0.066145,-0.55999,-0.58899,-0.13827,0.58038,1.2787,1.7594,1.9513,1.8681,1.5661,1.127,0.65086,0.23882,-0.032427,-0.14199,-0.10477,0.058901,0.34271,0.73358,1.1754,1.5859,1.8763,1.9972,1.9371,1.7155,1.3783,0.98143,0.59372,0.30237,0.18073,0.26744,0.53471,0.9051,1.3061,1.6889,2.0303,2.3201,2.5413,2.6762,2.7076,2.6308,2.4636,2.2503,2.0595,1.9663,2.033,2.2769,2.657,3.0932,3.4897,3.7662,3.8367,3.6539,3.2267,2.6214,1.935,1.2636,0.68351,0.24069,-0.041549,-0.19137,-0.25035,-0.26086
1.7543,2.258,2.3093,1.8551,1.1329,0.37129,-0.19347,-0.31692,0.082584,0.84892,1.7199,2.4438,2.8235,2.7607,2.3012,1.5993,0.84011,0.19413,-0.1815,-0.16795,0.231,0.84602,1.4396,1.8357,1.9651,1.8373,1.5033,1.0519,0.58861,0.21803,0.016756,-0.012946,0.091534,0.28863,0.56513,0.91002,1.2902,1.6393,1.8908,1.9972,1.949,1.7709,1.5082,1.2226,0.98022,0.83583,0.82492,0.94027,1.1441,1.3889,1.6406,1.8846,2.1169,2.332,2.5231,2.6674,2.7435,2.7409,2.67,2.5626,2.4676,2.4382,2.511,2.6937,2.9636,3.2749,3.5694,3.7626,3.788,3.5974,3.194,2.6359,2.0122,1.4116,0.90282,0.52511,0.27416,0.13112,0.056948,0.013986
1.8466,2.3765,2.4488,2.0013,1.2817,0.5249,-0.049232,-0.21704,0.1164,0.82664,1.6634,2.3715,2.7484,2.6977,2.2733,1.636,0.97038,0.43134,0.14199,0.18201,0.53642,1.0655,1.5703,1.8953,1.9757,1.8175,1.4708,1.0161,0.56176,0.21902,0.059955,0.086541,0.23914,0.46239,0.73144,1.0389,1.3645,1.6582,1.8659,1.9486,1.8998,1.7505,1.5458,1.3439,1.2014,1.1503,1.2033,1.3354,1.4993,1.6683,1.8185,1.9545,2.0926,2.2459,2.4041,2.5537,2.6669,2.7221,2.718,2.6797,2.6381,2.6345,2.6998,2.845,3.0575,3.3037,3.5299,3.6781,3.6734,3.4704,3.0764,2.553,1.988,1.4615,1.0261,0.70058,0.48429,0.34466,0.25014,0.17661
1.9791,2.5412,2.6403,2.2018,1.4879,0.73994,0.15515,-0.072055,0.16845,0.79519,1.5795,2.2625,2.6374,2.6106,2.2429,1.702,1.1644,0.75994,0.5707,0.63632,0.93225,1.3508,1.7396,1.9739,1.9943,1.7997,1.4334,0.96628,0.51122,0.19616,0.09099,0.18677,0.40032,0.65527,0.91509,1.1798,1.4358,1.6534,1.789,1.8217,1.7596,1.6348,1.5004,1.4045,1.3794,1.4387,1.5539,1.6843,1.7954,1.8593,1.889,1.9083,1.9444,2.016,2.1327,2.2734,2.4105,2.5191,2.5891,2.6245,2.6517,2.6914,2.7581,2.8577,2.9889,3.141,3.2885,3.3741,3.3438,3.1539,2.806,2.3526,1.8721,1.4349,1.0842,0.83114,0.65705,0.53697,0.44353,0.35812
2.1147,2.707,2.8285,2.3987,1.6911,0.95049,0.35301,0.0649,0.20814,0.74552,1.4722,2.1294,2.506,2.5108,2.2074,1.7643,1.3462,1.0587,0.94984,1.0302,1.2724,1.5974,1.8897,2.048,2.0144,1.7818,1.3805,0.8882,0.42469,0.12888,0.078387,0.23505,0.50074,0.77799,1.0297,1.2491,1.4383,1.583,1.6583,1.6535,1.5752,1.4631,1.3619,1.3227,1.3795,1.5145,1.6885,1.8388,1.9108,1.9012,1.82,1.7089,1.621,1.6046,1.6696,1.8108,1.9876,2.1547,2.2838,2.3783,2.4406,2.4906,2.5431,2.6069,2.6851,2.7734,2.8533,2.8956,2.8453,2.6681,2.3705,2.0008,1.6238,1.293,1.0358,0.85524,0.72949,0.63324,0.54476,0.45285
2.2133,2.8263,2.9624,2.5377,1.8343,1.0971,0.48633,0.15075,0.22002,0.68826,1.3708,2.0096,2.3905,2.4224,2.1692,1.7968,1.4599,1.2468,1.1856,1.2722,1.4792,1.745,1.9769,2.0853,2.0145,1.7537,1.3284,0.81938,0.35121,0.062008,0.034108,0.22268,0.51586,0.81019,1.0614,1.2596,1.4126,1.5104,1.5422,1.4986,1.3954,1.2733,1.187,1.1886,1.2958,1.4842,1.6896,1.8375,1.8793,1.8048,1.6419,1.4487,1.2901,1.213,1.2491,1.3795,1.5616,1.7504,1.9164,2.0451,2.1424,2.2151,2.265,2.2946,2.3139,2.3368,2.3706,2.381,2.3378,2.2019,1.9663,1.6671,1.3629,1.1042,0.91435,0.78709,0.70143,0.63375,0.56451,0.48469
2.3346,2.9716,3.1248,2.7058,2.0058,1.2686,0.635,0.23367,0.20412,0.57961,1.2039,1.8204,2.2094,2.2785,2.0916,1.8069,1.5658,1.4357,1.4239,1.5141,1.6809,1.8796,2.0414,2.0914,1.9806,1.6929,1.2521,0.72818,0.24675,-0.051227,-0.076937,0.13887,0.46951,0.80053,1.0643,1.2512,1.3623,1.3997,1.3616,1.2549,1.1104,0.97359,0.90609,0.9483,1.103,1.3289,1.5453,1.6776,1.6796,1.5417,1.3025,1.0195,0.7611,0.59717,0.56663,0.67447,0.88185,1.1245,1.345,1.5166,1.6286,1.6843,1.6957,1.6779,1.6481,1.6213,1.6029,1.5919,1.5505,1.4542,1.3021,1.1192,0.93964,0.79007,0.68258,0.6218,0.57792,0.53919,0.49377,0.43689
2.4375,3.0949,3.2621,2.8485,2.1502,1.4082,0.74532,0.27616,0.14929,0.43364,1.0006,1.596,1.9942,2.1001,1.9766,1.7724,1.6135,1.5495,1.5736,1.6624,1.7937,1.9366,2.0411,2.0479,1.9123,1.6136,1.1668,0.63025,0.1256,-0.18993,-0.21375,0.02861,0.40419,0.77252,1.0514,1.2202,1.2844,1.2619,1.1646,1.0141,0.83618,0.67973,0.59562,0.63225,0.80213,1.0487,1.2881,1.4259,1.3988,1.2088,0.88512,0.50035,0.14621,-0.094615,-0.16493,-0.061825,0.16047,0.42791,0.6799,0.87727,1.0055,1.063,1.0491,0.97286,0.8603,0.75186,0.68279,0.65933,0.66891,0.66724,0.62303,0.54232,0.45647,0.39451,0.36652,0.3569,0.3699,0.37676,0.36487,0.33238
2.4994,3.1697,3.346,2.9364,2.2386,1.4901,0.80299,0.2822,0.084876,0.30408,0.82915,1.4087,1.8139,1.9471,1.8683,1.7189,1.6126,1.587,1.6286,1.7125,1.8198,1.9288,2.0013,1.9873,1.8413,1.5396,1.0907,0.55026,0.038309,-0.28068,-0.29593,-0.035219,0.3627,0.74623,1.0307,1.1866,1.2256,1.1671,1.0326,0.84452,0.63407,0.45056,0.35377,0.3954,0.5753,0.83653,1.074,1.1892,1.1324,0.8942,0.52549,0.10343,-0.28708,-0.57005,-0.67666,-0.59954,-0.37523,-0.078714,0.20865,0.42534,0.55317,0.5788,0.51407,0.38778,0.23909,0.10697,0.018318,0.00069158,0.030931,0.079913,0.11975,0.13647,0.13244,0.12013,0.11387,0.13173,0.15262,0.1788,0.20297,0.21762
2.5589,3.2433,3.4308,3.027,2.3296,1.5693,0.84769,0.26049,-0.024066,0.11496,0.58705,1.1456,1.5595,1.7276,1.7041,1.6172,1.5659,1.5767,1.6308,1.7039,1.7839,1.8604,1.9055,1.8746,1.7203,1.4182,0.97418,0.44683,-0.047928,-0.35209,-0.35547,-0.08139,0.3302,0.7269,1.0137,1.1596,1.1715,1.0684,0.88049,0.63703,0.38439,0.17659,0.077116,0.12373,0.30563,0.55291,0.76374,0.84907,0.7565,0.48907,0.089139,-0.37404,-0.81393,-1.1363,-1.2744,-1.1984,-0.9555,-0.64119,-0.34784,-0.13138,-0.027961,-0.031553,-0.1297,-0.29931,-0.50178,-0.68236,-0.78207,-0.77527,-0.6626,-0.50343,-0.36654,-0.28417,-0.24773,-0.2317,-0.21425,-0.18773,-0.1366,-0.076227,-0.016907,0.033635
2.5855,3.2782,3.4737,3.0752,2.378,1.6081,0.86008,0.22694,-0.11538,-0.030757,0.4047,0.948,1.3674,1.5594,1.5714,1.5223,1.501,1.5287,1.586,1.6504,1.7144,1.7738,1.8061,1.7668,1.6098,1.3123,0.88409,0.38304,-0.080078,-0.36031,-0.35294,-0.074614,0.34302,0.74602,1.0309,1.1624,1.1448,1.0059,0.77849,0.50537,0.23332,0.018473,-0.085775,-0.045668,0.12902,0.36433,0.56168,0.62787,0.51033,0.2144,-0.21439,-0.69618,-1.1388,-1.461,-1.5924,-1.5188,-1.2816,-0.96511,-0.66227,-0.44999,-0.35376,-0.38687,-0.5309,-0.7418,-0.95924,-1.1232,-1.1903,-1.1334,-0.97404,-0.7679,-0.58161,-0.45907,-0.40738,-0.40502,-0.41749,-0.40629,-0.36827,-0.29263,-0.19352,-0.09424
2.5975,3.2987,3.5041,3.1143,2.4186,1.636,0.85425,0.16862,-0.23744,-0.21287,0.18014,0.70487,1.1297,1.3476,1.3952,1.3805,1.383,1.4213,1.4765,1.5293,1.5768,1.6211,1.6442,1.601,1.449,1.1673,0.7737,0.32329,-0.079031,-0.30963,-0.27644,0.0045555,0.41426,0.80549,1.0758,1.1821,1.1296,0.95,0.68244,0.37712,0.084445,-0.13896,-0.24168,-0.19399,-0.02186,0.19945,0.36342,0.38241,0.21844,-0.11285,-0.55289,-1.0227,-1.4421,-1.736,-1.8532,-1.7703,-1.5262,-1.2126,-0.92936,-0.74013,-0.68979,-0.76402,-0.92829,-1.1321,-1.3183,-1.4311,-1.4257,-1.2877,-1.0481,-0.78575,-0.58479,-0.48588,-0.47921,-0.52712,-0.586,-0.61884,-0.59559,-0.51776,-0.40071,-0.26726
2.5853,3.2921,3.5072,3.1279,2.4355,1.6416,0.83093,0.10524,-0.34464,-0.36114,0.00051165,0.51009,0.9374,1.1707,1.2359,1.2331,1.2391,1.2741,1.3214,1.3636,1.4013,1.4409,1.4659,1.4328,1.2972,1.0426,0.6888,0.29716,-0.03731,-0.20559,-0.13858,0.1415,0.5279,0.8908,1.1353,1.2212,1.1484,0.94132,0.64297,0.3066,-0.0032484,-0.22174,-0.30033,-0.23161,-0.05673,0.13391,0.2458,0.20745,-0.0084584,-0.37526,-0.8249,-1.2734,-1.6436,-1.8808,-1.9496,-1.8495,-1.6144,-1.3161,-1.0436,-0.87733,-0.83908,-0.93473,-1.1215,-1.3245,-1.4633,-1.4835,-1.3686,-1.1346,-0.83475,-0.54921,-0.35348,-0.28502,-0.33483,-0.46038,-0.60215,-0.70256,-0.71893,-0.64024,-0.49581,-0.33213
2.5631,3.272,3.4943,3.1242,2.4359,1.6348,0.80734,0.060929,-0.40677,-0.43931,-0.091619,0.40988,0.83643,1.072,1.1368,1.127,1.1218,1.1451,1.1829,1.2195,1.2561,1.2996,1.3339,1.3152,1.1964,0.9641,0.64249,0.29803,0.017959,-0.10172,-0.010558,0.26541,0.63225,0.97163,1.1965,1.2659,1.1793,0.95733,0.64529,0.29657,-0.018442,-0.23172,-0.29676,-0.21397,-0.038411,0.13799,0.2201,0.13984,-0.11867,-0.52048,-0.98626,-1.4229,-1.7552,-1.9425,-1.9667,-1.8367,-1.5915,-1.3017,-1.0508,-0.90321,-0.89323,-1.0063,-1.1877,-1.3572,-1.4389,-1.3877,-1.1966,-0.89304,-0.54488,-0.2431,-0.063845,-0.033925,-0.13113,-0.30521,-0.49538,-0.64143,-0.69331,-0.64321,-0.51373,-0.3456
2.5212,3.2309,3.4616,3.1051,2.4242,1.617,0.77373,0.01401,-0.45744,-0.49151,-0.14897,0.3468,0.76808,0.99316,1.0376,0.9987,0.96255,0.95954,0.98091,1.0137,1.0594,1.1219,1.1797,1.1833,1.0854,0.87868,0.6008,0.32004,0.11626,0.058695,0.17372,0.43684,0.7737,1.0851,1.2907,1.3469,1.2481,1.017,0.69108,0.3333,0.017106,-0.18181,-0.22286,-0.11993,0.055387,0.20445,0.23421,0.088599,-0.23515,-0.68146,-1.1586,-1.5702,-1.8491,-1.9679,-1.9342,-1.769,-1.5127,-1.2283,-0.98905,-0.85789,-0.85935,-0.98117,-1.1654,-1.3209,-1.3581,-1.2287,-0.94143,-0.5456,-0.12964,0.20636,0.38883,0.39735,0.26014,0.033847,-0.2124,-0.41054,-0.5061,-0.48394,-0.37154,-0.2183
2.473,3.1805,3.4169,3.0748,2.4035,1.595,0.74533,-0.011507,-0.46649,-0.4831,-0.13195,0.36333,0.7736,0.97234,0.9754,0.88813,0.80707,0.77055,0.77461,0.80942,0.87652,0.97322,1.0659,1.095,1.016,0.82944,0.58602,0.35777,0.22013,0.2157,0.35273,0.60265,0.9028,1.1806,1.3696,1.4296,1.3453,1.1251,0.80271,0.44118,0.12657,-0.057422,-0.074823,0.041314,0.20796,0.31918,0.29095,0.078401,-0.30966,-0.80609,-1.3052,-1.7011,-1.9298,-1.9851,-1.8887,-1.6767,-1.3936,-1.0991,-0.86134,-0.73472,-0.75028,-0.88881,-1.085,-1.2389,-1.253,-1.0738,-0.70558,-0.22366,0.26817,0.65602,0.86309,0.87499,0.72861,0.48652,0.21947,-0.0035472,-0.13385,-0.15193,-0.079554,0.037223
2.4377,3.1414,3.3799,3.0481,2.3858,1.5798,0.73191,-0.013124,-0.44585,-0.44037,-0.076285,0.42088,0.81941,0.98951,0.95076,0.81705,0.69578,0.63253,0.62667,0.66899,0.75913,0.88795,1.0118,1.0633,0.99907,0.82561,0.59913,0.39881,0.29413,0.31793,0.46774,0.71026,0.99114,1.2495,1.43,1.4948,1.426,1.2237,0.91765,0.56653,0.25996,0.081352,0.067623,0.18205,0.33407,0.41815,0.35035,0.089766,-0.34646,-0.87943,-1.3931,-1.7774,-1.9741,-1.9851,-1.8473,-1.6012,-1.2951,-0.98804,-0.7438,-0.61277,-0.62837,-0.77435,-0.99003,-1.1705,-1.1981,-0.99773,-0.57674,-0.018287,0.54527,0.98453,1.2215,1.2487,1.1112,0.87685,0.6166,0.39177,0.24966,0.20206,0.22929,0.29542
2.3977,3.0933,3.3316,3.0124,2.3642,1.5668,0.72998,0.010692,-0.38443,-0.34392,0.041615,0.54231,0.92145,1.0465,0.94309,0.73879,0.55773,0.45802,0.44379,0.50433,0.63325,0.8102,0.97795,1.0615,1.0164,0.85653,0.64512,0.469,0.39237,0.44068,0.59861,0.82994,1.0936,1.3367,1.5134,1.5875,1.5399,1.3688,1.0947,0.7729,0.48575,0.31701,0.29995,0.39784,0.51923,0.55782,0.43372,0.11143,-0.38511,-0.96283,-1.4955,-1.8663,-2.0224,-1.9795,-1.7909,-1.5051,-1.1685,-0.8347,-0.56569,-0.41899,-0.42489,-0.58061,-0.82891,-1.0556,-1.1173,-0.90829,-0.42135,0.23051,0.88702,1.4002,1.6901,1.7563,1.6519,1.4481,1.2127,1.0005,0.84686,0.76248,0.73401,0.73435
2.3764,3.0639,3.2995,2.9883,2.3521,1.5655,0.74369,0.049282,-0.31545,-0.24947,0.15145,0.6539,1.0164,1.1059,0.95174,0.69276,0.46577,0.33884,0.32094,0.40076,0.56477,0.78071,0.98094,1.0869,1.0539,0.89996,0.6952,0.53055,0.47065,0.53372,0.69444,0.91606,1.1609,1.3897,1.5641,1.6524,1.6304,1.4898,1.2448,0.94703,0.67741,0.51698,0.49726,0.57846,0.66972,0.66892,0.49875,0.1287,-0.40888,-1.0202,-1.5686,-1.9337,-2.0652,-1.9904,-1.7618,-1.437,-1.0684,-0.71179,-0.42681,-0.26324,-0.26284,-0.42105,-0.687,-0.94633,-1.0376,-0.82566,-0.29673,0.4264,1.1532,1.7211,2.0498,2.1456,2.0681,1.8921,1.6831,1.487,1.3322,1.2229,1.1475,1.0889
2.3634,3.0369,3.265,2.9631,2.3444,1.579,0.78539,0.12842,-0.19857,-0.10485,0.31129,0.81241,1.1517,1.1935,0.97242,0.64343,0.35878,0.19944,0.18203,0.29405,0.50969,0.7785,1.0194,1.1495,1.1275,0.97705,0.77658,0.621,0.57845,0.65752,0.82317,1.0346,1.2542,1.4601,1.6273,1.7318,1.7448,1.6489,1.4512,1.1957,0.95734,0.80829,0.77595,0.822,0.86287,0.80463,0.57565,0.14947,-0.43894,-1.0868,-1.653,-2.0146,-2.1252,-2.0133,-1.7474,-1.3842,-0.97568,-0.57807,-0.25279,-0.058114,-0.02815,-0.1721,-0.44507,-0.72941,-0.84348,-0.62295,-0.041672,0.7516,1.5439,2.1631,2.5327,2.6662,2.6282,2.4925,2.3184,2.144,1.9847,1.8434,1.7138,1.5876
2.3682,3.0249,3.2415,2.9475,2.349,1.6123,0.85577,0.23861,-0.058091,0.052162,0.4735,0.96937,1.286,1.2831,1.0012,0.60779,0.27135,0.086676,0.076464,0.22439,0.49148,0.81024,1.0875,1.2375,1.2236,1.0742,0.87224,0.71985,0.68713,0.7785,0.95385,1.1607,1.3659,1.5502,1.7033,1.8087,1.8448,1.7915,1.6483,1.4466,1.2465,1.108,1.0556,1.0592,1.0463,0.93077,0.64672,0.16982,-0.46374,-1.1505,-1.7471,-2.1238,-2.2273,-2.0909,-1.7796,-1.3643,-0.90643,-0.46615,-0.10378,0.13026,0.19402,0.083848,-0.1579,-0.41613,-0.50605,-0.25534,0.35885,1.1883,2.0065,2.6424,3.0265,3.1795,3.1691,3.0665,2.9234,2.767,2.6057,2.4366,2.2563,2.0652
2.3823,3.0247,3.2308,2.9417,2.3606,1.6506,0.92672,0.33894,0.058757,0.17097,0.5882,1.0766,1.3777,1.3466,1.0254,0.58962,0.22019,0.021719,0.020042,0.19476,0.49728,0.84861,1.1484,1.3105,1.3012,1.1529,0.95135,0.80258,0.77685,0.87816,1.06,1.2651,1.4592,1.6261,1.7645,1.866,1.9143,1.889,1.783,1.6195,1.447,1.3186,1.2555,1.2312,1.1797,1.024,0.70082,0.18834,-0.47533,-1.1912,-1.8138,-2.2114,-2.3244,-2.1772,-1.8405,-1.3891,-0.89216,-0.41414,-0.015045,0.25346,0.35955,0.29637,0.10504,-0.10221,-0.14739,0.13174,0.75812,1.5781,2.3823,3.0082,3.3902,3.5496,3.5523,3.4665,3.3392,3.1916,3.0274,2.8419,2.6323,2.4014
2.4109,3.0322,3.2234,2.9407,2.3859,1.7171,1.0418,0.49221,0.22386,0.3246,0.72481,1.1983,1.4815,1.4215,1.0595,0.57868,0.17494,-0.035337,-0.023838,0.18314,0.52554,0.91172,1.2336,1.4053,1.3986,1.2515,1.0549,0.91532,0.90337,1.0211,1.2129,1.4176,1.5942,1.7353,1.8486,1.9417,2.0014,2.0061,1.9425,1.8238,1.6866,1.5712,1.4933,1.4311,1.3317,1.1284,0.76735,0.22682,-0.46418,-1.2123,-1.8791,-2.323,-2.4653,-2.317,-1.9494,-1.4503,-0.89975,-0.36989,0.077869,0.39938,0.56593,0.57921,0.48304,0.38151,0.42901,0.75782,1.376,2.1562,2.9088,3.49,3.8435,3.9932,4.0023,3.9323,3.8212,3.6836,3.514,3.3072,3.0628,2.7888
2.4361,3.0402,3.2201,2.943,2.4107,1.7773,1.1405,0.61833,0.35164,0.43396,0.81229,1.2706,1.5421,1.4682,1.0871,0.5841,0.16231,-0.054477,-0.035437,0.18984,0.55473,0.96044,1.2942,1.4705,1.4645,1.3178,1.1247,0.99209,0.9924,1.125,1.3291,1.5375,1.7047,1.8259,1.9168,1.9959,2.0561,2.0762,2.0388,1.9485,1.8335,1.7249,1.637,1.5523,1.4258,1.1984,0.82119,0.27201,-0.42601,-1.1887,-1.8892,-2.3822,-2.5661,-2.4311,-2.0425,-1.5028,-0.91142,-0.34748,0.13272,0.49187,0.71308,0.80092,0.7949,0.78524,0.90264,1.2563,1.8537,2.5813,3.2778,3.8135,4.137,4.2721,4.2793,4.2161,4.1151,3.983,3.8149,3.5991,3.334,3.03
2.4679,3.0473,3.213,2.946,2.4483,1.8659,1.2821,0.79308,0.52144,0.56846,0.90844,1.3413,1.5996,1.5176,1.1277,0.61268,0.17727,-0.04872,-0.028148,0.2105,0.59536,1.0195,1.3648,1.5457,1.5395,1.3919,1.1995,1.0739,1.0902,1.2438,1.4701,1.6885,1.8502,1.9478,2.0088,2.0599,2.1087,2.1366,2.1217,2.0587,1.9643,1.8638,1.7696,1.6682,1.5215,1.2797,0.89631,0.34985,-0.34013,-1.1065,-1.8294,-2.3679,-2.6062,-2.5032,-2.1153,-1.5491,-0.91908,-0.31557,0.2047,0.61438,0.90588,1.089,1.199,1.3064,1.5085,1.8848,2.4369,3.0851,3.6963,4.1609,4.4364,4.5469,4.5485,4.491,4.3998,4.2761,4.109,3.8868,3.6078,3.2828
2.4892,3.0427,3.1967,2.9436,2.4841,1.9559,1.4253,0.96497,0.68248,0.68705,0.97999,1.3826,1.6303,1.5518,1.171,0.66225,0.22452,-0.010837,0.0015278,0.24052,0.63331,1.0664,1.4167,1.5976,1.589,1.4404,1.2494,1.1319,1.1615,1.3322,1.5739,1.8005,1.9593,2.0427,2.0811,2.108,2.1376,2.1568,2.1443,2.0919,2.0095,1.9158,1.8192,1.7091,1.5556,1.3176,0.95584,0.44687,-0.20159,-0.93703,-1.66,-2.2314,-2.5171,-2.4547,-2.0806,-1.5124,-0.87458,-0.25955,0.28133,0.72812,1.081,1.351,1.5647,1.7701,2.0325,2.4066,2.9019,3.4556,3.9722,4.3637,4.5936,4.6827,4.6806,4.6304,4.5517,4.4413,4.282,4.0612,3.7764,3.4397
2.4935,3.0265,3.1742,2.9344,2.5058,2.0191,1.5271,1.0853,0.79214,0.76283,1.0171,1.3945,1.6363,1.567,1.2022,0.70737,0.27419,0.033294,0.035893,0.26747,0.65695,1.0879,1.4345,1.6109,1.5999,1.4529,1.2675,1.1567,1.1924,1.3704,1.6167,1.8469,2.0061,2.086,2.112,2.1235,2.1341,2.1374,2.1139,2.0582,1.9782,1.888,1.7936,1.6851,1.5375,1.3136,0.9789,0.51046,-0.090153,-0.7782,-1.47,-2.0401,-2.3518,-2.3219,-1.9762,-1.4233,-0.79614,-0.19084,0.34717,0.80734,1.1936,1.5159,1.7889,2.0433,2.3276,2.6879,3.1334,3.622,4.0727,4.4097,4.6033,4.676,4.6745,4.6357,4.5725,4.4761,4.3293,4.1169,3.8369,3.5011
2.4773,2.982,3.1248,2.9074,2.5222,2.0907,1.6476,1.227,0.91871,0.84431,1.045,1.3865,1.6225,1.572,1.2381,0.77064,0.3495,0.10315,0.089753,0.30323,0.67651,1.0926,1.4256,1.592,1.5789,1.4353,1.2566,1.1507,1.1913,1.3742,1.6275,1.864,2.0245,2.0964,2.1064,2.0916,2.0728,2.0461,1.9992,1.9277,1.8409,1.7519,1.6647,1.5688,1.4411,1.2512,0.96753,0.5659,0.044255,-0.56815,-1.1949,-1.7201,-2.0193,-2.0147,-1.7175,-1.2245,-0.65053,-0.082948,0.43436,0.89295,1.2997,1.6609,1.9832,2.2804,2.5783,2.907,3.2805,3.674,4.0325,4.3006,4.4559,4.5177,4.5247,4.5065,4.47,4.4015,4.2797,4.0877,3.8217,3.4939
2.4308,2.9063,3.0494,2.8578,2.5176,2.1394,1.7411,1.3398,1.0179,0.90144,1.0494,1.3537,1.5846,1.5591,1.2638,0.83001,0.42439,0.17188,0.13629,0.32077,0.66524,1.057,1.3729,1.5313,1.5186,1.3803,1.2072,1.102,1.141,1.3213,1.5759,1.815,1.9759,2.0426,2.0396,1.9991,1.9449,1.877,1.7912,1.6903,1.5885,1.4999,1.4254,1.351,1.2534,1.1049,0.87891,0.55431,0.12328,-0.38957,-0.92587,-1.3876,-1.661,-1.6684,-1.4161,-0.98271,-0.47536,0.027315,0.49311,0.92218,1.3261,1.706,2.053,2.3618,2.6439,2.9239,3.2189,3.5211,3.7948,3.9991,4.1198,4.1771,4.2039,4.2198,4.2223,4.192,4.105,3.9428,3.7031,3.3992
2.3738,2.8266,2.9731,2.803,2.4964,2.1562,1.7885,1.4006,1.0707,0.92668,1.0377,1.3146,1.5425,1.5375,1.2731,0.86562,0.4712,0.21176,0.15492,0.31167,0.62975,1.0014,1.3052,1.4599,1.4497,1.3173,1.1482,1.043,1.0756,1.2479,1.4953,1.7309,1.892,1.959,1.9479,1.89,1.8042,1.6979,1.5728,1.4428,1.3271,1.2386,1.1749,1.1195,1.0487,0.93688,0.75786,0.48963,0.12489,-0.31638,-0.77735,-1.1707,-1.4014,-1.4044,-1.1853,-0.80822,-0.36159,0.085704,0.5043,0.89905,1.2809,1.6526,2.0015,2.3121,2.5811,2.8226,3.0566,3.2837,3.4871,3.6434,3.7454,3.8089,3.8575,3.9035,3.9402,3.9454,3.8921,3.7627,3.5527,3.2732
2.2665,2.6885,2.8428,2.7038,2.4415,2.1483,1.8172,1.4464,1.1109,0.93808,1.0056,1.2479,1.4712,1.4923,1.2686,0.89508,0.51175,0.23725,0.14679,0.26301,0.54372,0.88762,1.1766,1.3294,1.3255,1.2039,1.0423,0.93853,0.96131,1.1199,1.3551,1.5825,1.739,1.7979,1.7698,1.6799,1.5473,1.3828,1.2006,1.0262,0.88929,0.80334,0.75988,0.73498,0.70227,0.63736,0.51875,0.32595,0.04873,-0.29558,-0.65992,-0.96779,-1.1395,-1.1279,-0.93705,-0.62376,-0.25976,0.10282,0.44727,0.78279,1.1285,1.4823,1.8206,2.114,2.3488,2.5334,2.6852,2.8197,2.9363,3.0283,3.1003,3.1709,3.2568,3.3581,3.4557,3.5188,3.5204,3.4385,3.27,3.0285
2.1625,2.561,2.7232,2.6089,2.3788,2.1178,1.8114,1.4528,1.1171,0.92911,0.97122,1.1906,1.4084,1.4462,1.2507,0.89999,0.52238,0.23395,0.11605,0.20052,0.45244,0.77472,1.0513,1.2017,1.2039,1.0938,0.94464,0.84739,0.86855,1.0184,1.2414,1.4572,1.602,1.6474,1.6017,1.4831,1.3109,1.0969,0.86711,0.65725,0.50496,0.42489,0.40188,0.40472,0.40254,0.37233,0.29318,0.14839,-0.069254,-0.34538,-0.638,-0.8834,-1.015,-0.99252,-0.82166,-0.54803,-0.23553,0.069232,0.35499,0.64071,0.94477,1.2714,1.5953,1.8787,2.0951,2.2415,2.3361,2.3944,2.4344,2.4717,2.524,2.6071,2.7262,2.8703,3.0145,3.126,3.1724,3.1342,3.0069,2.8024
1.9938,2.3607,2.5357,2.4548,2.265,2.0438,1.7662,1.4252,1.0939,0.89636,0.91409,1.1066,1.3148,1.3686,1.2039,0.87897,0.50691,0.19967,0.044801,0.085838,0.29855,0.5917,0.85153,0.99777,1.0104,0.92035,0.7965,0.71733,0.7469,0.88911,1.0921,1.2844,1.4038,1.4265,1.3514,1.1928,0.96065,0.67453,0.37292,0.11524,-0.04893,-0.11111,-0.10215,-0.064407,-0.029659,-0.0195,-0.049104,-0.13487,-0.28413,-0.48272,-0.69132,-0.85632,-0.9309,-0.89249,-0.74675,-0.53196,-0.29264,-0.061214,0.15626,0.37742,0.63026,0.91937,1.218,1.481,1.6709,1.7746,1.8001,1.7709,1.7174,1.6765,1.6868,1.7727,1.9319,2.138,2.3516,2.5306,2.6436,2.6666,2.5952,2.4425
1.795,2.1297,2.3186,2.2706,2.1184,1.9319,1.6813,1.3567,1.0365,0.84068,0.84536,1.0169,1.2141,1.2763,1.1336,0.82862,0.45937,0.13205,-0.060249,-0.06291,0.10974,0.37372,0.62002,0.76886,0.79884,0.73663,0.64191,0.58854,0.63035,0.76964,0.9596,1.1292,1.2224,1.2115,1.0943,0.88097,0.58239,0.22358,-0.14329,-0.44053,-0.607,-0.64058,-0.58896,-0.50991,-0.43953,-0.39516,-0.38571,-0.42242,-0.51482,-0.64792,-0.7939,-0.90985,-0.95633,-0.9126,-0.78958,-0.61326,-0.42381,-0.25121,-0.098398,0.061551,0.25675,0.50338,0.77938,1.0341,1.2163,1.2963,1.274,1.1665,1.0149,0.88329,0.83828,0.91461,1.1009,1.3554,1.6276,1.8712,2.0467,2.1334,2.1266,2.0373
1.6301,1.9403,2.1394,2.1146,1.9885,1.8254,1.5933,1.2822,0.97405,0.78516,0.78665,0.94695,1.1359,1.2015,1.0721,0.77807,0.40772,0.063386,-0.15819,-0.19428,-0.051736,0.19023,0.42616,0.58029,0.62781,0.59344,0.52898,0.5022,0.55748,0.6984,0.88071,1.0334,1.1052,1.0632,0.90942,0.64825,0.29796,-0.11198,-0.51646,-0.82779,-0.98488,-0.99072,-0.90725,-0.79733,-0.69955,-0.62707,-0.592,-0.60608,-0.67056,-0.78011,-0.89921,-0.98794,-1.0154,-0.97325,-0.86302,-0.71488,-0.56277,-0.43042,-0.317,-0.19533,-0.033073,0.18978,0.45101,0.69727,0.87354,0.94571,0.90227,0.75956,0.55566,0.35957,0.25544,0.2984,0.48424,0.76362,1.074,1.3595,1.5816,1.7133,1.7488,1.6999
1.3967,1.6736,1.8846,1.8875,1.7912,1.6572,1.4486,1.1583,0.86875,0.69408,0.69764,0.84838,1.0287,1.0993,0.98606,0.7039,0.32777,-0.042947,-0.30513,-0.3853,-0.28157,-0.068902,0.15068,0.30701,0.37843,0.38625,0.37674,0.39884,0.48658,0.63693,0.80267,0.92606,0.95788,0.87552,0.67694,0.3695,-0.033891,-0.49673,-0.93823,-1.2553,-1.384,-1.3479,-1.2241,-1.0812,-0.95305,-0.85593,-0.79474,-0.78054,-0.82345,-0.90676,-1.0064,-1.0884,-1.1253,-1.0997,-1.023,-0.91152,-0.79131,-0.68563,-0.60031,-0.51769,-0.39443,-0.20805,0.032047,0.27738,0.46523,0.54725,0.50334,0.33245,0.069748,-0.2075,-0.3958,-0.41877,-0.26855,0.0061646,0.33751,0.66209,0.93451,1.1262,1.2272,1.2442
1.158,1.4011,1.6193,1.6433,1.5731,1.4642,1.2791,1.0114,0.74243,0.5841,0.59427,0.74061,0.91723,0.99695,0.90078,0.62973,0.24574,-0.15511,-0.46217,-0.58934,-0.52533,-0.3407,-0.13449,0.024527,0.11963,0.16909,0.21278,0.28687,0.41376,0.57961,0.7369,0.83488,0.83102,0.71216,0.47583,0.13405,-0.30315,-0.79073,-1.2413,-1.5425,-1.6343,-1.557,-1.3945,-1.2184,-1.0647,-0.94224,-0.86178,-0.8362,-0.87302,-0.96517,-1.0873,-1.2015,-1.2717,-1.2802,-1.2229,-1.12,-1.0071,-0.91576,-0.85396,-0.79513,-0.70747,-0.54986,-0.32552,-0.082547,0.11395,0.2124,0.18571,0.021127,-0.25786,-0.58648,-0.8589,-0.97569,-0.90112,-0.66995,-0.35063,-0.0090336,0.29587,0.53368,0.69009,0.7673
0.98304,1.201,1.4199,1.4549,1.3998,1.3076,1.1404,0.89024,0.63729,0.49137,0.507,0.65298,0.8307,0.91973,0.83791,0.57636,0.188,-0.23427,-0.57662,-0.74396,-0.71471,-0.55302,-0.35545,-0.19065,-0.076305,0.0038957,0.080937,0.1898,0.34369,0.52214,0.68243,0.76907,0.74741,0.60324,0.34476,-0.019512,-0.46746,-0.95145,-1.3788,-1.6436,-1.7023,-1.5975,-1.4187,-1.2321,-1.0661,-0.9328,-0.84565,-0.82094,-0.86676,-0.97874,-1.1232,-1.2617,-1.3606,-1.398,-1.3671,-1.2857,-1.1817,-1.0856,-1.0138,-0.95932,-0.87755,-0.73775,-0.53485,-0.30493,-0.10656,0.0073161,0.0029645,-0.14047,-0.41351,-0.76461,-1.0931,-1.2882,-1.2909,-1.1158,-0.82425,-0.48944,-0.16609,0.10395,0.29956,0.41783
0.76673,0.95091,1.1633,1.2041,1.1628,1.0903,0.94667,0.71994,0.48752,0.35564,0.37681,0.52368,0.70547,0.80883,0.74762,0.50337,0.11796,-0.32318,-0.70784,-0.93306,-0.96143,-0.84247,-0.66495,-0.49484,-0.35315,-0.22937,-0.10179,0.053286,0.23792,0.42782,0.58171,0.65164,0.60944,0.4476,0.17943,-0.18127,-0.60849,-1.0532,-1.4255,-1.6346,-1.6533,-1.5335,-1.3567,-1.1748,-1.0057,-0.86415,-0.76426,-0.73336,-0.79391,-0.93322,-1.1262,-1.3271,-1.4888,-1.5745,-1.5721,-1.491,-1.3692,-1.2521,-1.1668,-1.1041,-1.0361,-0.91974,-0.74229,-0.53212,-0.34083,-0.21698,-0.19433,-0.30391,-0.55164,-0.90611,-1.2822,-1.5668,-1.6773,-1.5991,-1.3745,-1.0665,-0.742,-0.44662,-0.2086,-0.03797
0.62491,0.78434,0.98391,1.0222,0.98617,0.92648,0.79947,0.59023,0.37102,0.2459,0.26794,0.41388,0.59935,0.71429,0.67146,0.44567,0.070961,-0.37545,-0.78679,-1.0578,-1.1385,-1.0624,-0.90745,-0.73673,-0.57369,-0.41587,-0.24755,-0.060068,0.14249,0.33562,0.47726,0.53328,0.47901,0.317,0.05822,-0.27511,-0.66264,-1.0556,-1.3764,-1.5485,-1.5502,-1.4351,-1.2655,-1.0851,-0.91687,-0.76963,-0.67157,-0.65273,-0.72907,-0.89947,-1.13,-1.3718,-1.5728,-1.6936,-1.7081,-1.6273,-1.4912,-1.3505,-1.2395,-1.1597,-1.0839,-0.97717,-0.82503,-0.6451,-0.47509,-0.35383,-0.31547,-0.39381,-0.61002,-0.95219,-1.3511,-1.6958,-1.8887,-1.8917,-1.7279,-1.458,-1.1383,-0.82447,-0.55499,-0.34919
0.47361,0.60091,0.77247,0.79621,0.761,0.71528,0.61004,0.42237,0.21649,0.092373,0.1071,0.24573,0.43479,0.56897,0.55793,0.36676,0.016315,-0.42912,-0.87243,-1.2079,-1.368,-1.3575,-1.2343,-1.0588,-0.86583,-0.66685,-0.45843,-0.24272,-0.027103,0.16572,0.29951,0.34617,0.28999,0.13699,-0.0954,-0.38354,-0.70249,-1.0084,-1.2429,-1.3542,-1.3408,-1.238,-1.095,-0.94113,-0.78992,-0.65894,-0.57618,-0.57385,-0.67231,-0.86792,-1.1285,-1.407,-1.6506,-1.8087,-1.8499,-1.7748,-1.6202,-1.4427,-1.288,-1.1708,-1.0746,-0.97238,-0.84961,-0.71339,-0.58446,-0.48613,-0.43987,-0.49083,-0.66935,-0.98132,-1.3785,-1.7654,-2.0429,-2.1513,-2.0845,-1.8758,-1.586,-1.2693,-0.97257,-0.72533
0.37433,0.47016,0.60137,0.59884,0.55828,0.52405,0.4395,0.26974,0.069526,-0.065944,-0.073216,0.048221,0.23863,0.39851,0.42958,0.28257,-0.035408,-0.47291,-0.94385,-1.3433,-1.5844,-1.6395,-1.5437,-1.3574,-1.1359,-0.90581,-0.67806,-0.45044,-0.23263,-0.043903,0.089057,0.1339,0.084866,-0.052298,-0.24498,-0.46977,-0.69597,-0.89712,-1.0402,-1.1025,-1.0888,-1.0193,-0.92235,-0.81165,-0.69248,-0.58824,-0.52464,-0.53732,-0.65291,-0.86241,-1.1436,-1.4495,-1.722,-1.9045,-1.9571,-1.8719,-1.6877,-1.4671,-1.2633,-1.0973,-0.96917,-0.8658,-0.77711,-0.69845,-0.62637,-0.5609,-0.52344,-0.5392,-0.66836,-0.94249,-1.3334,-1.7538,-2.0987,-2.293,-2.3113,-2.172,-1.9186,-1.6128,-1.3072,-1.0377
0.33705,0.41087,0.50362,0.47514,0.4273,0.40089,0.33067,0.17161,-0.030378,-0.18404,-0.21857,-0.11818,0.071925,0.25443,0.32183,0.21192,-0.077782,-0.50352,-0.98737,-1.4275,-1.7254,-1.8284,-1.7532,-1.5621,-1.3238,-1.0758,-0.8346,-0.60098,-0.38409,-0.20259,-0.080256,-0.039694,-0.085232,-0.19926,-0.34939,-0.5059,-0.65007,-0.77185,-0.85639,-0.89876,-0.89727,-0.86642,-0.80893,-0.72844,-0.637,-0.55229,-0.51248,-0.55133,-0.68239,-0.90397,-1.1847,-1.4825,-1.7475,-1.9298,-1.982,-1.8957,-1.7023,-1.4591,-1.2194,-1.0147,-0.85469,-0.73637,-0.65757,-0.6123,-0.58648,-0.56429,-0.54197,-0.55863,-0.66628,-0.9052,-1.2651,-1.679,-2.0531,-2.3058,-2.3914,-2.3091,-2.0911,-1.7944,-1.4794,-1.1931
0.33731,0.38354,0.41743,0.34688,0.28709,0.27045,0.21787,0.069175,-0.14439,-0.33555,-0.4218,-0.36114,-0.17473,0.040679,0.1592,0.10191,-0.1435,-0.54173,-1.0256,-1.5018,-1.8637,-2.0292,-1.9865,-1.7969,-1.5406,-1.273,-1.0173,-0.7819,-0.57477,-0.40913,-0.3042,-0.26512,-0.2905,-0.35538,-0.43492,-0.50244,-0.55237,-0.58467,-0.60676,-0.62473,-0.64214,-0.65545,-0.65533,-0.63492,-0.59749,-0.56485,-0.567,-0.63214,-0.77608,-0.98743,-1.2445,-1.5139,-1.7547,-1.9187,-1.9677,-1.8779,-1.6659,-1.3838,-1.0919,-0.83384,-0.63256,-0.50314,-0.44788,-0.45406,-0.49065,-0.52002,-0.53099,-0.5364,-0.60602,-0.79989,-1.1264,-1.5308,-1.9241,-2.2222,-2.3711,-2.3512,-2.1869,-1.9285,-1.6334,-1.3484
0.3725,0.39897,0.38517,0.2797,0.21001,0.20066,0.15976,0.015259,-0.21243,-0.44001,-0.57438,-0.55088,-0.37085,-0.13094,0.026818,0.010294,-0.19712,-0.56518,-1.0358,-1.5242,-1.9227,-2.1315,-2.1158,-1.9315,-1.6646,-1.3866,-1.1272,-0.8989,-0.70453,-0.55222,-0.45074,-0.40252,-0.40071,-0.42523,-0.45098,-0.45956,-0.44748,-0.42426,-0.40956,-0.41628,-0.45164,-0.50013,-0.54776,-0.57912,-0.58902,-0.59974,-0.63479,-0.71994,-0.86919,-1.0687,-1.3013,-1.5377,-1.7427,-1.8777,-1.9052,-1.8025,-1.5828,-1.2895,-0.97566,-0.68734,-0.45894,-0.31194,-0.25844,-0.28905,-0.36731,-0.44299,-0.48001,-0.49956,-0.55903,-0.72237,-1.0111,-1.3879,-1.7772,-2.0967,-2.2814,-2.3058,-2.1718,-1.9294,-1.6428,-1.3678
0.45941,0.46062,0.38143,0.2283,0.14628,0.14558,0.11768,-0.024997,-0.27663,-0.55809,-0.76343,-0.79743,-0.63233,-0.36467,-0.15779,-0.11976,-0.27239,-0.59144,-1.0307,-1.5178,-1.9458,-2.1968,-2.2107,-2.0318,-1.7586,-1.4759,-1.2234,-1.012,-0.839,-0.70193,-0.59717,-0.52739,-0.48427,-0.454,-0.41131,-0.3442,-0.25613,-0.17302,-0.1263,-0.1375,-0.20562,-0.31117,-0.42241,-0.51437,-0.58508,-0.64672,-0.72908,-0.85211,-1.0119,-1.1973,-1.3824,-1.5488,-1.6824,-1.7622,-1.7599,-1.6496,-1.4253,-1.1156,-0.77324,-0.45337,-0.19869,-0.044458,-0.0056251,-0.071201,-0.19863,-0.3251,-0.40546,-0.43275,-0.46883,-0.59097,-0.83705,-1.1809,-1.5521,-1.8714,-2.0764,-2.1327,-2.0462,-1.8545,-1.6097,-1.3581
0.58113,0.55898,0.41611,0.21637,0.12379,0.13173,0.11366,-0.03103,-0.30811,-0.64245,-0.9189,-1.014,-0.87115,-0.58608,-0.33878,-0.24876,-0.34415,-0.60783,-1.0036,-1.4691,-1.9008,-2.1718,-2.2061,-2.0375,-1.7741,-1.5016,-1.262,-1.067,-0.91235,-0.78614,-0.68034,-0.58646,-0.50039,-0.4089,-0.3001,-0.16629,-0.024063,0.093376,0.15129,0.12761,0.027928,-0.1214,-0.28409,-0.43429,-0.56389,-0.68769,-0.82131,-0.97298,-1.1383,-1.293,-1.4242,-1.5238,-1.5872,-1.606,-1.5611,-1.431,-1.2078,-0.9069,-0.56639,-0.23536,0.031413,0.19583,0.23256,0.14617,-0.020492,-0.19672,-0.31389,-0.36636,-0.4,-0.49156,-0.68886,-0.98116,-1.3126,-1.6124,-1.8189,-1.8938,-1.8388,-1.6813,-1.4695,-1.2496
0.68728,0.64843,0.46111,0.22948,0.13047,0.14387,0.13183,-0.015758,-0.30989,-0.67897,-1.0028,-1.141,-1.0198,-0.73112,-0.46284,-0.33946,-0.39344,-0.61271,-0.96726,-1.4015,-1.818,-2.0901,-2.1367,-1.9864,-1.7435,-1.489,-1.2641,-1.0809,-0.93815,-0.81728,-0.70524,-0.5887,-0.46353,-0.32651,-0.17518,-0.0088572,0.1548,0.28415,0.34273,0.30982,0.19054,0.015121,-0.17841,-0.3619,-0.5265,-0.68366,-0.84773,-1.0219,-1.1918,-1.333,-1.4301,-1.4814,-1.4933,-1.4679,-1.3974,-1.2601,-1.04,-0.74346,-0.40409,-0.073589,0.19559,0.35623,0.38138,0.27496,0.080726,-0.12552,-0.2723,-0.33261,-0.35234,-0.41649,-0.58287,-0.84558,-1.1494,-1.4252,-1.6159,-1.6922,-1.6495,-1.5164,-1.3345,-1.1421
0.83904,0.77796,0.53702,0.26816,0.16303,0.18375,0.17692,0.026042,-0.28534,-0.6892,-1.0605,-1.2453,-1.1561,-0.87821,-0.59935,-0.44555,-0.45115,-0.60903,-0.89841,-1.2753,-1.6524,-1.912,-1.9766,-1.868,-1.6675,-1.4461,-1.2445,-1.0779,-0.94445,-0.82543,-0.69687,-0.54726,-0.37524,-0.19104,0.002206,0.19656,0.37736,0.5127,0.56765,0.52214,0.38341,0.18263,-0.039488,-0.25145,-0.44446,-0.62842,-0.81877,-1.0154,-1.1951,-1.326,-1.3875,-1.3854,-1.34,-1.2676,-1.1668,-1.0224,-0.81494,-0.54032,-0.22163,0.096349,0.35625,0.50927,0.52418,0.40217,0.18561,-0.049579,-0.22371,-0.30212,-0.32271,-0.36417,-0.48619,-0.69253,-0.94089,-1.1734,-1.3405,-1.409,-1.385,-1.2867,-1.1455,-0.99034
0.99181,0.90781,0.61896,0.31978,0.21179,0.2412,0.23914,0.08814,-0.23157,-0.6525,-1.0478,-1.2627,-1.2063,-0.95804,-0.69319,-0.52801,-0.4947,-0.59309,-0.81367,-1.1237,-1.4491,-1.6895,-1.7753,-1.7142,-1.5621,-1.3794,-1.2048,-1.0566,-0.93054,-0.8107,-0.6707,-0.49699,-0.29455,-0.075204,0.14857,0.36541,0.55542,0.68794,0.73192,0.67343,0.52366,0.31727,0.092396,-0.12392,-0.32233,-0.51515,-0.71238,-0.91205,-1.0936,-1.2205,-1.2737,-1.2555,-1.1866,-1.0885,-0.97197,-0.82588,-0.63213,-0.38157,-0.089009,0.20579,0.45069,0.59417,0.60142,0.46873,0.23445,-0.024583,-0.21974,-0.30939,-0.31637,-0.32174,-0.3969,-0.5565,-0.76354,-0.96148,-1.1018,-1.164,-1.14,-1.0524,-0.93421,-0.81433
1.101,0.99858,0.67704,0.35924,0.25204,0.28944,0.29303,0.14438,-0.17403,-0.59532,-0.99333,-1.2184,-1.1867,-0.9717,-0.73218,-0.5701,-0.51524,-0.57418,-0.7454,-1.0046,-1.2904,-1.5159,-1.6157,-1.5866,-1.4701,-1.3179,-1.1659,-1.0353,-0.92191,-0.80646,-0.66374,-0.47804,-0.25726,-0.017192,0.22206,0.44737,0.63758,0.76517,0.80295,0.73921,0.58809,0.38409,0.16743,-0.035099,-0.21915,-0.39662,-0.58376,-0.78096,-0.9639,-1.0992,-1.1598,-1.1445,-1.074,-0.97438,-0.8566,-0.71549,-0.53486,-0.30393,-0.033211,0.24367,0.47387,0.6059,0.60452,0.46668,0.23132,-0.026274,-0.22218,-0.30508,-0.30586,-0.30007,-0.35251,-0.47734,-0.64473,-0.80921,-0.9317,-0.98366,-0.97379,-0.91378,-0.82384,-0.72247
1.2327,1.1035,0.74194,0.40402,0.30189,0.35264,0.36739,0.22705,-0.08016,-0.48556,-0.86848,-1.0932,-1.0925,-0.93407,-0.74379,-0.60025,-0.52912,-0.54538,-0.65895,-0.85689,-1.0908,-1.2902,-1.3999,-1.4067,-1.3378,-1.2294,-1.1159,-1.0172,-0.93137,-0.831,-0.68925,-0.49407,-0.25559,-0.00018004,0.24935,0.47603,0.66127,0.78145,0.81301,0.74908,0.6063,0.41921,0.22718,0.056019,-0.091618,-0.23283,-0.38856,-0.56507,-0.74528,-0.89155,-0.97316,-0.98343,-0.93788,-0.85616,-0.75516,-0.63259,-0.47604,-0.2754,-0.036428,0.21137,0.42478,0.55231,0.55396,0.4198,0.18479,-0.072875,-0.25946,-0.32883,-0.2979,-0.25082,-0.26526,-0.36178,-0.50901,-0.65668,-0.76296,-0.81109,-0.79722,-0.73901,-0.66232,-0.58859
1.318,1.1662,0.77672,0.42646,0.33108,0.39399,0.42038,0.2914,-0.00037648,-0.38403,-0.74497,-0.96212,-0.98347,-0.87243,-0.72771,-0.60668,-0.5311,-0.52335,-0.60145,-0.75847,-0.95397,-1.1297,-1.2401,-1.2713,-1.239,-1.1688,-1.0909,-1.0212,-0.95785,-0.87396,-0.73978,-0.54667,-0.30554,-0.047988,0.20277,0.4276,0.60885,0.72397,0.75217,0.69147,0.5599,0.39534,0.23267,0.094765,-0.015798,-0.11836,-0.23588,-0.38321,-0.55131,-0.71088,-0.8272,-0.87935,-0.86957,-0.8159,-0.73213,-0.62321,-0.48228,-0.3014,-0.085371,0.14232,0.33749,0.45229,0.451,0.32779,0.11786,-0.10733,-0.26579,-0.30807,-0.26512,-0.21241,-0.2165,-0.29471,-0.42047,-0.55126,-0.65104,-0.69541,-0.69258,-0.65404,-0.5971,-0.53576
1.4096,1.2251,0.79947,0.43577,0.35227,0.43543,0.4816,0.37389,0.11177,-0.23343,-0.55665,-0.75953,-0.81117,-0.76535,-0.68681,-0.60212,-0.52866,-0.49814,-0.53732,-0.64608,-0.79434,-0.93811,-1.0434,-1.0991,-1.1128,-1.0974,-1.0724,-1.0471,-1.0179,-0.96266,-0.85365,-0.67957,-0.45345,-0.20309,0.045315,0.26933,0.44933,0.5603,0.58772,0.53126,0.41673,0.28277,0.16688,0.088275,0.041741,0.003205,-0.058155,-0.1637,-0.31418,-0.48374,-0.63884,-0.75026,-0.80444,-0.80296,-0.75812,-0.67601,-0.55939,-0.40766,-0.22466,-0.028451,0.14689,0.25833,0.26865,0.16773,-0.011745,-0.19729,-0.307,-0.30526,-0.21887,-0.13255,-0.11895,-0.19373,-0.32339,-0.45828,-0.55859,-0.60583,-0.60347,-0.56629,-0.51573,-0.46838
1.4736,1.2532,0.79216,0.4179,0.34912,0.45528,0.52452,0.4454,0.22077,-0.078681,-0.36056,-0.54884,-0.62958,-0.64635,-0.63175,-0.58556,-0.52176,-0.47827,-0.48816,-0.55651,-0.66157,-0.77315,-0.87072,-0.94653,-1.0008,-1.0383,-1.0678,-1.0961,-1.1135,-1.098,-1.0254,-0.88287,-0.68193,-0.44378,-0.19975,0.025171,0.20122,0.30636,0.32774,0.27519,0.18089,0.084178,0.022185,0.0096983,0.035003,0.069258,0.072591,0.014452,-0.11304,-0.29364,-0.48883,-0.65932,-0.77856,-0.83617,-0.83635,-0.78857,-0.69973,-0.57505,-0.42252,-0.2582,-0.10953,-0.01238,0.0051117,-0.060823,-0.1784,-0.28652,-0.32352,-0.2612,-0.14505,-0.052934,-0.043958,-0.12492,-0.26002,-0.40009,-0.50539,-0.5592,-0.55763,-0.52145,-0.47464,-0.436
1.502,1.2537,0.76699,0.38568,0.32879,0.45271,0.54056,0.48571,0.29355,0.030606,-0.22023,-0.39872,-0.50044,-0.55933,-0.58783,-0.57039,-0.51907,-0.47428,-0.46992,-0.51169,-0.58277,-0.66456,-0.7498,-0.83655,-0.92086,-1.0004,-1.0762,-1.1506,-1.2092,-1.228,-1.1824,-1.0647,-0.88401,-0.66218,-0.42632,-0.20727,-0.036433,0.063063,0.080852,0.033857,-0.04487,-0.10988,-0.13078,-0.095455,-0.015866,0.072753,0.12896,0.11358,0.0087867,-0.17432,-0.40127,-0.62284,-0.79564,-0.89897,-0.92784,-0.89721,-0.82507,-0.7235,-0.59945,-0.46471,-0.33752,-0.24594,-0.21645,-0.25434,-0.32996,-0.38476,-0.36304,-0.25562,-0.10567,0.0042696,0.014687,-0.076786,-0.22748,-0.38218,-0.49791,-0.55298,-0.55543,-0.52217,-0.47675,-0.43659
1.5137,1.2275,0.70773,0.31783,0.27681,0.42362,0.53647,0.51547,0.36873,0.15528,-0.057219,-0.22485,-0.3509,-0.4561,-0.52847,-0.54407,-0.51469,-0.47944,-0.46734,-0.48008,-0.50488,-0.53911,-0.59696,-0.69113,-0.81592,-0.9575,-1.1029,-1.2408,-1.353,-1.4148,-1.4072,-1.3256,-1.177,-0.98121,-0.76077,-0.54968,-0.38202,-0.28809,-0.27594,-0.32584,-0.39338,-0.42743,-0.39334,-0.2863,-0.12937,0.031679,0.14729,0.17629,0.095649,-0.085169,-0.33348,-0.60002,-0.83276,-0.99067,-1.0638,-1.0615,-1.0085,-0.92941,-0.84015,-0.74773,-0.6633,-0.59877,-0.5643,-0.55649,-0.55108,-0.50986,-0.40278,-0.23347,-0.058904,0.049332,0.046567,-0.060715,-0.22681,-0.3947,-0.5185,-0.58093,-0.5754,-0.52968,-0.47512,-0.43578
1.5032,1.1894,0.64536,0.25059,0.22031,0.38238,0.51264,0.51687,0.40368,0.22538,0.038724,-0.12316,-0.26453,-0.39447,-0.48942,-0.52268,-0.50852,-0.48439,-0.47249,-0.46839,-0.46086,-0.45871,-0.49235,-0.58667,-0.74048,-0.93082,-1.1311,-1.3157,-1.4622,-1.5484,-1.5658,-1.5104,-1.3885,-1.2114,-1.003,-0.79627,-0.63337,-0.54782,-0.54546,-0.60374,-0.66875,-0.68759,-0.61958,-0.4624,-0.25019,-0.032654,0.12998,0.19068,0.12683,-0.058226,-0.32689,-0.62343,-0.88813,-1.0756,-1.1667,-1.177,-1.1377,-1.0789,-1.0181,-0.96105,-0.90774,-0.85919,-0.81919,-0.78394,-0.73344,-0.63635,-0.47061,-0.26031,-0.058331,0.062254,0.058302,-0.05921,-0.23912,-0.42033,-0.55499,-0.61398,-0.61365,-0.57136,-0.51429,-0.46294
1.4643,1.116,0.5427,0.14275,0.12502,0.30341,0.45335,0.4874,0.41476,0.279,0.12253,-0.033418,-0.18936,-0.33898,-0.4491,-0.49587,-0.49693,-0.48606,-0.47638,-0.45505,-0.41061,-0.36443,-0.36726,-0.46078,-0.64971,-0.90266,-1.1739,-1.4178,-1.5996,-1.7017,-1.7286,-1.6907,-1.5959,-1.4463,-1.259,-1.068,-0.92422,-0.86158,-0.88628,-0.96207,-1.0306,-1.0264,-0.91684,-0.70524,-0.43008,-0.15443,0.059971,0.15936,0.11397,-0.070577,-0.36112,-0.69383,-0.9943,-1.2062,-1.3073,-1.3175,-1.2814,-1.2391,-1.2112,-1.1975,-1.193,-1.1844,-1.1573,-1.0951,-0.98063,-0.80244,-0.56635,-0.30228,-0.077087,0.043366,0.027545,-0.10497,-0.29845,-0.48872,-0.62489,-0.68522,-0.6683,-0.60406,-0.52865,-0.47074
1.3979,1.0202,0.42262,0.019846,0.011732,0.20022,0.3639,0.42035,0.38095,0.28076,0.14881,7.8514e-05,-0.15981,-0.31191,-0.41967,-0.46759,-0.47781,-0.4788,-0.47376,-0.44077,-0.36613,-0.2812,-0.25589,-0.34895,-0.56876,-0.87759,-1.212,-1.5052,-1.7062,-1.8014,-1.8064,-1.7588,-1.6748,-1.5567,-1.4023,-1.2431,-1.126,-1.0932,-1.1536,-1.2657,-1.3549,-1.3437,-1.1948,-0.92669,-0.59523,-0.27638,-0.037539,0.072462,0.027811,-0.16299,-0.45981,-0.79915,-1.1068,-1.319,-1.4173,-1.4253,-1.3914,-1.3603,-1.3554,-1.3786,-1.4117,-1.4331,-1.4192,-1.3482,-1.2035,-0.98023,-0.69322,-0.39264,-0.14182,-0.0083771,-0.023609,-0.16492,-0.37073,-0.56992,-0.70659,-0.75643,-0.72578,-0.64813,-0.56326,-0.49883
1.3313,0.9359,0.32456,-0.078129,-0.08155,0.11011,0.27778,0.34485,0.32437,0.24556,0.12967,-0.011103,-0.1654,-0.30668,-0.40045,-0.44074,-0.45458,-0.46631,-0.46927,-0.43245,-0.3397,-0.22928,-0.18396,-0.27384,-0.51237,-0.85672,-1.2291,-1.5469,-1.7486,-1.8236,-1.8047,-1.7392,-1.654,-1.5498,-1.4217,-1.2937,-1.2079,-1.2074,-1.2963,-1.4355,-1.5425,-1.537,-1.3751,-1.0774,-0.71558,-0.36715,-0.10972,0.0042394,-0.044822,-0.25122,-0.56716,-0.91895,-1.2244,-1.4237,-1.499,-1.4853,-1.4378,-1.4032,-1.4049,-1.443,-1.5011,-1.5534,-1.5642,-1.499,-1.3379,-1.0854,-0.77423,-0.45119,-0.19287,-0.063219,-0.085552,-0.23088,-0.43573,-0.63054,-0.76137,-0.80315,-0.76305,-0.67457,-0.5775,-0.50244
1.2225,0.81059,0.18883,-0.2108,-0.21096,-0.022161,0.14207,0.21388,0.20891,0.1521,0.056353,-0.069391,-0.20521,-0.31537,-0.37401,-0.39349,-0.40833,-0.43539,-0.45421,-0.42094,-0.31412,-0.17836,-0.11013,-0.19269,-0.44768,-0.82787,-1.2392,-1.5744,-1.7611,-1.7931,-1.7281,-1.6268,-1.5262,-1.4293,-1.335,-1.2551,-1.2275,-1.2841,-1.4244,-1.6005,-1.7274,-1.7178,-1.5381,-1.2182,-0.83356,-0.47716,-0.22017,-0.11409,-0.1819,-0.40352,-0.73269,-1.0895,-1.3839,-1.5517,-1.5876,-1.5356,-1.4619,-1.4159,-1.4171,-1.4618,-1.5322,-1.598,-1.6241,-1.5746,-1.4259,-1.1782,-0.85988,-0.53491,-0.27275,-0.13957,-0.16116,-0.30891,-0.51608,-0.70763,-0.82595,-0.85274,-0.79233,-0.68671,-0.58217,-0.51009
1.0936,0.67541,0.053841,-0.33942,-0.33841,-0.16098,-0.011066,0.053551,0.053553,0.013138,-0.062344,-0.16651,-0.27132,-0.33487,-0.34484,-0.33505,-0.34567,-0.38593,-0.42312,-0.40276,-0.29772,-0.15313,-0.072076,-0.14693,-0.40894,-0.80988,-1.2449,-1.5841,-1.7409,-1.7151,-1.5835,-1.4324,-1.3097,-1.2248,-1.1691,-1.1451,-1.179,-1.2939,-1.4902,-1.71,-1.8581,-1.8422,-1.6344,-1.2861,-0.88969,-0.53899,-0.30672,-0.23578,-0.33723,-0.58948,-0.93156,-1.2781,-1.541,-1.6643,-1.6525,-1.5598,-1.4513,-1.3738,-1.3476,-1.3709,-1.4316,-1.5059,-1.5542,-1.5303,-1.4017,-1.1685,-0.8686,-0.55669,-0.31398,-0.20211,-0.23825,-0.38705,-0.5814,-0.7526,-0.85222,-0.85857,-0.7933,-0.69101,-0.58941,-0.51447
0.98601,0.57066,-0.042957,-0.42854,-0.42852,-0.26467,-0.13238,-0.081132,-0.083798,-0.11515,-0.17474,-0.25802,-0.33181,-0.35285,-0.32054,-0.28461,-0.28863,-0.33596,-0.38723,-0.38293,-0.29108,-0.15297,-0.071869,-0.14564,-0.40835,-0.81506,-1.2547,-1.5861,-1.711,-1.6393,-1.4575,-1.2689,-1.1308,-1.056,-1.0302,-1.0511,-1.1311,-1.2879,-1.5142,-1.7524,-1.9052,-1.8842,-1.6662,-1.3095,-0.91461,-0.57337,-0.35943,-0.31353,-0.44165,-0.71695,-1.0741,-1.42,-1.6604,-1.7458,-1.6879,-1.5531,-1.4141,-1.3156,-1.2701,-1.2709,-1.3086,-1.3612,-1.3993,-1.3848,-1.2845,-1.089,-0.81952,-0.54208,-0.32446,-0.22746,-0.27074,-0.42175,-0.61387,-0.77669,-0.86097,-0.85602,-0.77637,-0.66402,-0.56202,-0.49814
0.83096,0.42996,-0.16314,-0.53352,-0.53792,-0.39633,-0.29502,-0.27107,-0.28491,-0.30883,-0.34507,-0.39234,-0.41501,-0.37152,-0.28009,-0.20667,-0.19832,-0.25286,-0.32627,-0.35487,-0.29834,-0.18688,-0.11774,-0.19236,-0.44944,-0.8494,-1.276,-1.5841,-1.6695,-1.5466,-1.3153,-1.0838,-0.92403,-0.85345,-0.86201,-0.93642,-1.0743,-1.2819,-1.5355,-1.7794,-1.921,-1.8821,-1.6544,-1.3,-0.91667,-0.60277,-0.42353,-0.4165,-0.58394,-0.88445,-1.2459,-1.5709,-1.7709,-1.8053,-1.7027,-1.5304,-1.3556,-1.2177,-1.1282,-1.0832,-1.0752,-1.0947,-1.1195,-1.1141,-1.0424,-0.88864,-0.67371,-0.44469,-0.27364,-0.21763,-0.28928,-0.44963,-0.63125,-0.77073,-0.83082,-0.80801,-0.72452,-0.62251,-0.538,-0.49111
0.70827,0.32665,-0.24436,-0.60036,-0.6097,-0.48668,-0.41259,-0.41426,-0.44203,-0.46238,-0.47872,-0.49165,-0.46851,-0.37424,-0.24087,-0.14158,-0.12388,-0.18366,-0.2767,-0.33822,-0.32057,-0.24112,-0.18815,-0.26323,-0.51129,-0.89666,-1.3063,-1.5941,-1.6572,-1.506,-1.2443,-0.98516,-0.80638,-0.73456,-0.76299,-0.87115,-1.0473,-1.2837,-1.5553,-1.8011,-1.9296,-1.8714,-1.6254,-1.2651,-0.89392,-0.60324,-0.45722,-0.48477,-0.67828,-0.99364,-1.35,-1.6516,-1.8179,-1.8179,-1.687,-1.4936,-1.3,-1.1408,-1.0238,-0.94426,-0.89812,-0.88005,-0.87548,-0.85783,-0.79727,-0.67742,-0.50597,-0.3303,-0.20751,-0.1863,-0.27663,-0.4416,-0.61823,-0.74796,-0.79779,-0.76708,-0.68503,-0.58776,-0.50968,-0.47094
0.53965,0.19338,-0.33825,-0.67217,-0.68887,-0.59231,-0.55619,-0.59689,-0.64869,-0.66656,-0.65075,-0.60693,-0.51266,-0.35248,-0.17275,-0.048816,-0.023791,-0.091766,-0.21222,-0.32345,-0.36959,-0.34739,-0.32681,-0.40413,-0.63467,-0.99153,-1.3737,-1.6347,-1.6734,-1.4936,-1.1988,-0.91235,-0.71522,-0.64475,-0.69481,-0.83966,-1.0553,-1.3139,-1.5883,-1.8115,-1.9082,-1.8205,-1.5637,-1.2136,-0.86728,-0.61017,-0.49859,-0.55549,-0.76842,-1.086,-1.4289,-1.7025,-1.8318,-1.7979,-1.6423,-1.4326,-1.2272,-1.0524,-0.90728,-0.78334,-0.68026,-0.60301,-0.5522,-0.51321,-0.45951,-0.37047,-0.25254,-0.13577,-0.074024,-0.10857,-0.23928,-0.42135,-0.59149,-0.69973,-0.72674,-0.68702,-0.60338,-0.52104,-0.47102,-0.46636
0.37015,0.068981,-0.41475,-0.72433,-0.74921,-0.67907,-0.67996,-0.76017,-0.83941,-0.85495,-0.79956,-0.68677,-0.51502,-0.29493,-0.084147,0.048001,0.070217,-0.01016,-0.15849,-0.31968,-0.43508,-0.48195,-0.50531,-0.59041,-0.80084,-1.1228,-1.4663,-1.6957,-1.7096,-1.5121,-1.2035,-0.907,-0.71284,-0.6555,-0.72548,-0.8895,-1.1109,-1.3609,-1.5999,-1.7798,-1.8389,-1.7394,-1.4945,-1.1686,-0.85114,-0.62366,-0.53951,-0.61779,-0.83681,-1.1403,-1.4452,-1.6682,-1.7567,-1.7063,-1.5582,-1.3703,-1.1833,-1.0111,-0.84843,-0.68836,-0.53319,-0.39572,-0.28605,-0.20265,-0.13233,-0.060688,0.014711,0.068664,0.065071,-0.022809,-0.18684,-0.38177,-0.55,-0.65024,-0.67095,-0.62632,-0.55683,-0.4905,-0.45221,-0.45442
0.24602,-0.016416,-0.46048,-0.75247,-0.78423,-0.73303,-0.75887,-0.86681,-0.96584,-0.9771,-0.88671,-0.71661,-0.48645,-0.22843,-0.0055571,0.12204,0.13371,0.039506,-0.13039,-0.3272,-0.49206,-0.58994,-0.64811,-0.74287,-0.93792,-1.2301,-1.5384,-1.7425,-1.7442,-1.5473,-1.2439,-0.95113,-0.76255,-0.71287,-0.79213,-0.96001,-1.1722,-1.3976,-1.6014,-1.748,-1.7841,-1.6797,-1.4432,-1.136,-0.84265,-0.63827,-0.57176,-0.6547,-0.8618,-1.1366,-1.4052,-1.5975,-1.67,-1.6231,-1.4929,-1.3296,-1.1685,-1.016,-0.85685,-0.6777,-0.48428,-0.29643,-0.13831,-0.020174,0.065911,0.13432,0.18654,0.2065,0.16172,0.032148,-0.16451,-0.37492,-0.54013,-0.62538,-0.62997,-0.58074,-0.50794,-0.45328,-0.44045,-0.47517
0.089369,-0.11696,-0.50749,-0.77792,-0.82062,-0.79404,-0.84827,-0.98793,-1.1073,-1.1054,-0.96074,-0.71121,-0.40859,-0.11282,0.11062,0.21846,0.20432,0.082751,-0.11981,-0.36073,-0.58106,-0.73411,-0.82897,-0.93098,-1.1014,-1.3493,-1.6125,-1.788,-1.7906,-1.6133,-1.3332,-1.059,-0.87667,-0.83119,-0.91405,-1.0808,-1.2759,-1.4544,-1.5979,-1.6841,-1.6902,-1.5872,-1.3815,-1.1161,-0.85779,-0.67675,-0.61623,-0.68645,-0.86215,-1.0874,-1.3003,-1.448,-1.5052,-1.4787,-1.4007,-1.3033,-1.202,-1.0885,-0.94126,-0.74585,-0.50909,-0.26112,-0.036086,0.14169,0.26506,0.33919,0.36826,0.34233,0.24369,0.066336,-0.16335,-0.39012,-0.55829,-0.63872,-0.63594,-0.58001,-0.51082,-0.46087,-0.45241,-0.49257
-0.05181,-0.20092,-0.54004,-0.79337,-0.85045,-0.84674,-0.92542,-1.0889,-1.2174,-1.1892,-0.98084,-0.65217,-0.28861,0.027182,0.2328,0.3051,0.25217,0.093095,-0.14671,-0.42625,-0.68556,-0.87087,-0.98018,-1.073,-1.2133,-1.4184,-1.642,-1.7954,-1.804,-1.6557,-1.4132,-1.1754,-1.0232,-0.99649,-1.0816,-1.2265,-1.3733,-1.4843,-1.5559,-1.5911,-1.5836,-1.5055,-1.3469,-1.1272,-0.89851,-0.72714,-0.65718,-0.70002,-0.82981,-0.99707,-1.1511,-1.2591,-1.3127,-1.3229,-1.3108,-1.2944,-1.274,-1.2264,-1.1155,-0.91723,-0.64169,-0.32888,-0.031953,0.20763,0.37154,0.45931,0.47254,0.40894,0.25765,0.02599,-0.24433,-0.48834,-0.65157,-0.71455,-0.69286,-0.62093,-0.54457,-0.49685,-0.49665,-0.54708
-0.14471,-0.25218,-0.55644,-0.80113,-0.87188,-0.88533,-0.97924,-1.155,-1.2815,-1.2255,-0.96443,-0.57827,-0.17789,0.14046,0.32071,0.35639,0.26672,0.075337,-0.19187,-0.49402,-0.76924,-0.96052,-1.0641,-1.1392,-1.2537,-1.4279,-1.6236,-1.7636,-1.779,-1.6572,-1.4512,-1.2493,-1.1316,-1.127,-1.2135,-1.3318,-1.4265,-1.4805,-1.5044,-1.5211,-1.5188,-1.471,-1.3463,-1.1541,-0.9425,-0.7701,-0.6831,-0.6932,-0.77907,-0.89928,-1.0163,-1.1081,-1.171,-1.2152,-1.258,-1.3064,-1.3507,-1.3577,-1.2821,-1.0918,-0.79528,-0.43826,-0.085846,0.20464,0.40127,0.49723,0.49809,0.40146,0.20967,-0.060141,-0.35948,-0.61944,-0.78406,-0.8352,-0.7929,-0.70294,-0.60803,-0.54678,-0.5417,-0.59681
-0.24749,-0.30441,-0.57042,-0.81132,-0.90414,-0.94087,-1.0525,-1.2373,-1.351,-1.2479,-0.91259,-0.45356,-0.015066,0.29206,0.42503,0.39974,0.25252,0.014817,-0.28471,-0.60383,-0.87933,-1.0548,-1.1311,-1.1714,-1.2469,-1.3802,-1.5412,-1.6684,-1.7032,-1.6257,-1.4753,-1.3237,-1.2401,-1.2527,-1.3348,-1.4277,-1.476,-1.4726,-1.4484,-1.4411,-1.4509,-1.441,-1.3671,-1.216,-1.019,-0.83394,-0.70973,-0.66686,-0.69379,-0.75836,-0.8338,-0.90801,-0.98433,-1.0743,-1.1863,-1.3213,-1.4579,-1.548,-1.5292,-1.3585,-1.038,-0.62627,-0.20888,0.13908,0.37381,0.48163,0.46333,0.32405,0.071443,-0.26332,-0.61257,-0.89223,-1.0449,-1.064,-0.98469,-0.85761,-0.73809,-0.66115,-0.64413,-0.68722
-0.30715,-0.33216,-0.57676,-0.82136,-0.9343,-0.9898,-1.1128,-1.2992,-1.3972,-1.253,-0.86029,-0.35063,0.10905,0.40025,0.49015,0.41144,0.21486,-0.060114,-0.38093,-0.70276,-0.96205,-1.1071,-1.1476,-1.1553,-1.2005,-1.3074,-1.4497,-1.5714,-1.6199,-1.5734,-1.4612,-1.3458,-1.2847,-1.3055,-1.383,-1.4587,-1.4833,-1.4526,-1.4105,-1.3977,-1.4233,-1.4417,-1.4018,-1.2749,-1.0801,-0.87658,-0.71832,-0.63331,-0.61744,-0.64677,-0.70077,-0.77253,-0.86612,-0.98894,-1.1471,-1.3337,-1.524,-1.6669,-1.6931,-1.5452,-1.2227,-0.78334,-0.32477,0.061911,0.32032,0.43041,0.39369,0.21432,-0.08969,-0.47514,-0.86201,-1.1576,-1.3025,-1.2948,-1.1778,-1.0151,-0.86092,-0.75753,-0.72576,-0.7655
-0.36217,-0.35568,-0.58347,-0.84201,-0.9861,-1.0695,-1.2071,-1.3916,-1.4614,-1.2577,-0.78904,-0.21826,0.26325,0.52901,0.55757,0.40261,0.13388,-0.1961,-0.5453,-0.86213,-1.0822,-1.1649,-1.1396,-1.0929,-1.097,-1.1763,-1.3025,-1.4219,-1.4808,-1.4621,-1.3867,-1.3105,-1.2852,-1.3267,-1.4041,-1.4586,-1.4533,-1.4007,-1.3559,-1.3626,-1.4199,-1.4812,-1.477,-1.3662,-1.1638,-0.92414,-0.71332,-0.57232,-0.50799,-0.50653,-0.54999,-0.62851,-0.74229,-0.89737,-1.0962,-1.3315,-1.5755,-1.7726,-1.8473,-1.7351,-1.4225,-0.97087,-0.48512,-0.067921,0.21173,0.32268,0.25717,0.024712,-0.35451,-0.82048,-1.2678,-1.583,-1.7051,-1.6476,-1.4728,-1.2547,-1.0559,-0.91665,-0.85544,-0.87123
-0.38946,-0.36576,-0.59211,-0.87476,-1.056,-1.1707,-1.3231,-1.5018,-1.5378,-1.271,-0.73107,-0.10733,0.39023,0.62985,0.59733,0.3655,0.021384,-0.3675,-0.74563,-1.0503,-1.2165,-1.2204,-1.1169,-1.0073,-0.97077,-1.0256,-1.1405,-1.2603,-1.3308,-1.3316,-1.2812,-1.2294,-1.226,-1.2821,-1.3636,-1.4171,-1.4083,-1.3598,-1.3242,-1.35,-1.4345,-1.5255,-1.5468,-1.4464,-1.23,-0.95784,-0.70245,-0.51686,-0.42059,-0.40133,-0.44216,-0.52983,-0.65964,-0.83207,-1.0484,-1.3002,-1.5643,-1.7919,-1.9082,-1.8377,-1.558,-1.1163,-0.62355,-0.19652,0.084,0.17977,0.082335,-0.20876,-0.6618,-1.2014,-1.6999,-2.0261,-2.1179,-2.0048,-1.7681,-1.4906,-1.2457,-1.0755,-0.99533,-0.99739
-0.39296,-0.36651,-0.60215,-0.90957,-1.1228,-1.2625,-1.4269,-1.6003,-1.608,-1.2939,-0.7037,-0.044794,0.46205,0.68259,0.60699,0.31884,-0.081153,-0.51271,-0.90885,-1.1982,-1.3169,-1.257,-1.0947,-0.94084,-0.8777,-0.91738,-1.0263,-1.1468,-1.2271,-1.2396,-1.2029,-1.1608,-1.1594,-1.2138,-1.2977,-1.3594,-1.3663,-1.3345,-1.3159,-1.3558,-1.455,-1.5578,-1.5874,-1.4874,-1.2599,-0.96671,-0.68694,-0.48068,-0.37182,-0.35276,-0.40063,-0.49631,-0.63121,-0.80348,-1.0179,-1.2675,-1.5283,-1.754,-1.8785,-1.8345,-1.5896,-1.1864,-0.72084,-0.30495,-0.02668,0.063894,-0.055294,-0.37681,-0.87524,-1.4647,-1.9988,-2.3312,-2.4013,-2.2513,-1.9738,-1.6627,-1.3852,-1.1844,-1.0785,-1.0645
-0.3777,-0.36107,-0.62259,-0.97128,-1.2306,-1.407,-1.5898,-1.7555,-1.7238,-1.3479,-0.69681,0.0029057,0.51993,0.71653,0.58941,0.23327,-0.23402,-0.71345,-1.1217,-1.3795,-1.4302,-1.2891,-1.0575,-0.85911,-0.77114,-0.80111,-0.90902,-1.0315,-1.1153,-1.1333,-1.1014,-1.0626,-1.0598,-1.1139,-1.204,-1.2818,-1.313,-1.3062,-1.3097,-1.3655,-1.473,-1.5825,-1.616,-1.5154,-1.2807,-0.9712,-0.67107,-0.44954,-0.3383,-0.329,-0.39513,-0.50625,-0.64295,-0.80267,-0.98649,-1.1992,-1.4328,-1.6536,-1.7978,-1.793,-1.5996,-1.2392,-0.807,-0.41961,-0.16776,-0.10246,-0.24323,-0.59878,-1.1319,-1.7499,-2.2964,-2.6178,-2.6574,-2.47,-2.159,-1.8173,-1.5207,-1.3091,-1.196,-1.1729
-0.35348,-0.35444,-0.64454,-1.0298,-1.326,-1.531,-1.7289,-1.8895,-1.8285,-1.4091,-0.71751,0.0082335,0.5319,0.71397,0.55482,0.15668,-0.35056,-0.85494,-1.2622,-1.4901,-1.4919,-1.2998,-1.028,-0.80683,-0.70895,-0.7386,-0.85013,-0.97553,-1.0579,-1.0743,-1.0388,-0.99763,-0.99482,-1.052,-1.1477,-1.2382,-1.2859,-1.2967,-1.3113,-1.3695,-1.4734,-1.5748,-1.6037,-1.5034,-1.2698,-0.96346,-0.66563,-0.44804,-0.34758,-0.35073,-0.42867,-0.5463,-0.68036,-0.82048,-0.98171,-1.1653,-1.3654,-1.5569,-1.6915,-1.7049,-1.556,-1.256,-0.87539,-0.51769,-0.27677,-0.21376,-0.36108,-0.71673,-1.2522,-1.8706,-2.4105,-2.7189,-2.7453,-2.5495,-2.2338,-1.8946,-1.5938,-1.3735,-1.2512,-1.2238
-0.30752,-0.34487,-0.68465,-1.1254,-1.4708,-1.7147,-1.933,-2.0867,-1.9894,-1.518,-0.78065,-0.026794,0.50464,0.67417,0.48506,0.048139,-0.49279,-1.01,-1.3992,-1.5817,-1.5279,-1.2893,-0.98875,-0.75505,-0.65492,-0.68802,-0.8044,-0.93533,-1.0215,-1.0384,-1.0015,-0.95677,-0.95079,-1.0056,-1.1026,-1.2003,-1.262,-1.2888,-1.3131,-1.3689,-1.458,-1.5389,-1.55,-1.444,-1.2214,-0.93189,-0.65676,-0.46652,-0.39252,-0.43117,-0.53812,-0.66402,-0.77728,-0.87935,-0.97999,-1.1067,-1.2672,-1.4398,-1.5745,-1.6109,-1.5044,-1.2553,-0.92493,-0.60846,-0.39489,-0.34424,-0.48423,-0.82584,-1.3321,-1.9073,-2.3995,-2.673,-2.6891,-2.5056,-2.2162,-1.9016,-1.6284,-1.4333,-1.3288,-1.3074
-0.24996,-0.33695,-0.73841,-1.24,-1.6338,-1.9138,-2.1516,-2.2969,-2.1655,-1.6511,-0.87994,-0.10739,0.42966,0.59405,0.39095,-0.061453,-0.60887,-1.111,-1.4591,-1.5878,-1.4912,-1.2355,-0.93916,-0.71641,-0.62849,-0.67276,-0.79792,-0.93994,-1.0379,-1.0618,-1.0308,-0.9835,-0.96934,-1.0096,-1.0971,-1.1894,-1.2563,-1.2893,-1.3123,-1.3523,-1.4112,-1.4622,-1.4556,-1.3539,-1.1555,-0.90437,-0.66914,-0.51556,-0.48114,-0.54944,-0.67744,-0.80958,-0.9084,-0.96712,-1.0189,-1.0904,-1.1977,-1.3301,-1.4484,-1.4957,-1.4264,-1.2334,-0.9593,-0.68341,-0.48776,-0.43225,-0.55126,-0.84577,-1.2862,-1.7863,-2.2156,-2.4624,-2.4948,-2.3564,-2.1209,-1.8607,-1.6284,-1.4604,-1.3721,-1.3592
-0.20131,-0.33267,-0.78723,-1.3372,-1.7649,-2.0681,-2.3165,-2.4541,-2.2987,-1.7599,-0.97348,-0.19433,0.34457,0.50906,0.30547,-0.14372,-0.67686,-1.1474,-1.449,-1.5319,-1.4105,-1.1579,-0.88245,-0.68399,-0.6179,-0.68086,-0.8255,-0.98429,-1.0958,-1.127,-1.0945,-1.0417,-1.0145,-1.0414,-1.1174,-1.2063,-1.2747,-1.3053,-1.3179,-1.3338,-1.3631,-1.3859,-1.3652,-1.2683,-1.0922,-0.87202,-0.6725,-0.55799,-0.55985,-0.66584,-0.81934,-0.95325,-1.027,-1.0466,-1.048,-1.0764,-1.1532,-1.2665,-1.3752,-1.425,-1.3713,-1.2028,-0.95493,-0.69969,-0.51442,-0.45598,-0.55079,-0.80813,-1.1963,-1.6377,-2.0194,-2.2465,-2.2919,-2.1917,-2.0069,-1.7954,-1.6057,-1.4708,-1.4038,-1.4007
-0.13114,-0.32927,-0.86225,-1.4779,-1.9448,-2.2704,-2.525,-2.6475,-2.4626,-1.9031,-1.1135,-0.33814,0.19909,0.36718,0.17548,-0.25002,-0.73948,-1.1415,-1.3619,-1.3799,-1.2357,-1.0057,-0.77964,-0.63552,-0.61749,-0.72017,-0.90077,-1.0885,-1.219,-1.2609,-1.2268,-1.1658,-1.1263,-1.1381,-1.1931,-1.2644,-1.3154,-1.3306,-1.3192,-1.301,-1.2908,-1.2746,-1.2326,-1.1422,-0.99705,-0.82821,-0.6859,-0.62635,-0.6807,-0.82942,-1.0117,-1.1511,-1.2002,-1.1682,-1.1072,-1.0739,-1.1006,-1.1802,-1.271,-1.3159,-1.2719,-1.1259,-0.90861,-0.68018,-0.50558,-0.43464,-0.49779,-0.69543,-1.009,-1.3774,-1.7108,-1.9324,-2.0151,-1.9786,-1.865,-1.7192,-1.5846,-1.4885,-1.4444,-1.4494
-0.056564,-0.32667,-0.94391,-1.6241,-2.1211,-2.456,-2.7047,-2.8035,-2.5937,-2.0306,-1.2588,-0.50403,0.02476,0.20016,0.032292,-0.35009,-0.77084,-1.0799,-1.2031,-1.1535,-0.99619,-0.80679,-0.65239,-0.58556,-0.63286,-0.78719,-1.0069,-1.227,-1.382,-1.4427,-1.4194,-1.354,-1.2997,-1.2825,-1.3033,-1.3373,-1.356,-1.346,-1.3081,-1.2619,-1.2148,-1.1711,-1.1116,-1.0223,-0.90547,-0.78018,-0.69379,-0.69392,-0.80371,-0.99913,-1.2083,-1.3461,-1.3645,-1.2784,-1.1576,-1.0684,-1.0465,-1.0862,-1.1483,-1.18,-1.1338,-0.99774,-0.79726,-0.58681,-0.42445,-0.35147,-0.3874,-0.5432,-0.80136,-1.1189,-1.4269,-1.6586,-1.7812,-1.8018,-1.75,-1.6643,-1.5759,-1.5101,-1.4805,-1.4885
0.0015367,-0.3237,-1.0053,-1.7321,-2.2436,-2.575,-2.8102,-2.8857,-2.6598,-2.1054,-1.3613,-0.63418,-0.11805,0.064334,-0.07964,-0.41957,-0.77693,-1.0064,-1.0522,-0.95267,-0.78987,-0.63756,-0.54511,-0.54393,-0.64674,-0.84405,-1.0979,-1.3486,-1.5337,-1.617,-1.6039,-1.5313,-1.4503,-1.3968,-1.3839,-1.3925,-1.3954,-1.3691,-1.3103,-1.2334,-1.156,-1.0862,-1.0173,-0.93681,-0.84279,-0.75074,-0.70063,-0.73858,-0.8836,-1.1141,-1.3492,-1.4909,-1.4838,-1.3571,-1.1796,-1.0391,-0.97956,-0.99456,-1.0391,-1.056,-1.0029,-0.86834,-0.67937,-0.48412,-0.33074,-0.25457,-0.27834,-0.40847,-0.64108,-0.94239,-1.2501,-1.4991,-1.6527,-1.7109,-1.6978,-1.6446,-1.5857,-1.5437,-1.5295,-1.5401
0.081376,-0.31553,-1.0814,-1.8641,-2.3836,-2.6965,-2.9017,-2.9394,-2.6946,-2.1642,-1.4746,-0.79987,-0.3105,-0.12136,-0.2288,-0.50346,-0.76763,-0.88662,-0.8317,-0.67118,-0.50362,-0.40013,-0.39098,-0.48067,-0.66291,-0.92343,-1.2303,-1.5311,-1.764,-1.8802,-1.8741,-1.7829,-1.6599,-1.558,-1.4985,-1.4706,-1.4455,-1.3912,-1.3046,-1.1928,-1.0816,-0.98094,-0.89876,-0.83044,-0.76812,-0.72497,-0.72467,-0.80322,-0.98427,-1.2355,-1.4819,-1.6232,-1.5981,-1.4246,-1.1959,-0.99524,-0.87434,-0.8364,-0.84431,-0.84011,-0.78162,-0.65406,-0.47974,-0.30369,-0.16967,-0.10606,-0.12817,-0.24897,-0.4682,-0.76405,-1.0839,-1.3631,-1.5575,-1.6585,-1.684,-1.666,-1.6302,-1.5986,-1.583,-1.5838
0.14313,-0.30446,-1.1294,-1.9475,-2.4642,-2.7534,-2.9279,-2.9339,-2.6768,-2.1703,-1.531,-0.90652,-0.44508,-0.25518,-0.33486,-0.55771,-0.7499,-0.78859,-0.66494,-0.46485,-0.29411,-0.22164,-0.26825,-0.42408,-0.66845,-0.98194,-1.3348,-1.6771,-1.9452,-2.083,-2.0788,-1.9697,-1.8193,-1.6857,-1.5941,-1.5334,-1.4751,-1.3916,-1.2769,-1.1437,-1.0133,-0.90617,-0.82556,-0.76804,-0.72884,-0.71043,-0.73688,-0.84063,-1.0391,-1.3066,-1.5599,-1.6927,-1.642,-1.4352,-1.163,-0.92387,-0.77123,-0.70534,-0.687,-0.66502,-0.59495,-0.46944,-0.31133,-0.15861,-0.046119,0.0025799,-0.027623,-0.15108,-0.37532,-0.68225,-1.0195,-1.3197,-1.5354,-1.6558,-1.6987,-1.6919,-1.6675,-1.6473,-1.6402,-1.6408
0.2281,-0.28044,-1.1749,-2.0291,-2.5295,-2.7758,-2.9005,-2.8635,-2.5933,-2.1245,-1.5599,-1.0116,-0.59616,-0.41059,-0.45559,-0.61127,-0.71255,-0.65526,-0.45445,-0.2117,-0.036747,0.0041662,-0.10266,-0.33525,-0.66022,-1.0487,-1.4685,-1.8701,-2.1835,-2.3474,-2.3421,-2.2058,-2.0153,-1.8385,-1.7053,-1.6092,-1.5136,-1.3917,-1.23,-1.0541,-0.89682,-0.78401,-0.72178,-0.69735,-0.69581,-0.71248,-0.76307,-0.87956,-1.0803,-1.3417,-1.5865,-1.71,-1.6442,-1.4106,-1.0996,-0.80931,-0.60339,-0.49312,-0.44572,-0.40559,-0.33687,-0.2253,-0.092055,0.026345,0.10006,0.11353,0.057205,-0.084079,-0.32097,-0.64277,-1.0014,-1.3273,-1.5672,-1.7059,-1.7602,-1.7619,-1.7408,-1.7162,-1.6967,-1.6783
0.31622,-0.24306,-1.1928,-2.0675,-2.5382,-2.7316,-2.8002,-2.7214,-2.4457,-2.02,-1.5333,-1.0644,-0.69947,-0.52147,-0.53682,-0.63558,-0.66229,-0.52891,-0.26845,0.0083046,0.19043,0.21258,0.063504,-0.22855,-0.62416,-1.0858,-1.5764,-2.0398,-2.3999,-2.5879,-2.5785,-2.4143,-2.1813,-1.959,-1.7867,-1.6538,-1.5246,-1.3628,-1.1659,-0.95765,-0.77957,-0.65997,-0.60905,-0.61628,-0.65722,-0.71728,-0.79632,-0.91548,-1.0972,-1.3236,-1.53,-1.6225,-1.5383,-1.2923,-0.96803,-0.66107,-0.43231,-0.29376,-0.21802,-0.16339,-0.091416,0.0023202,0.098181,0.1685,0.19344,0.16342,0.068951,-0.099523,-0.35784,-0.69641,-1.0667,-1.3981,-1.6364,-1.7681,-1.8137,-1.8088,-1.7832,-1.7605,-1.7448,-1.7249
0.38396,-0.20546,-1.1851,-2.0641,-2.5045,-2.6537,-2.6795,-2.5712,-2.2965,-1.906,-1.4766,-1.0652,-0.73548,-0.56337,-0.56096,-0.62746,-0.615,-0.44239,-0.14907,0.14976,0.34097,0.35794,0.18864,-0.1373,-0.57701,-1.0875,-1.6268,-2.134,-2.5275,-2.7315,-2.7165,-2.5321,-2.2722,-2.026,-1.8338,-1.6804,-1.525,-1.3297,-1.099,-0.86415,-0.6721,-0.55577,-0.52218,-0.55701,-0.63182,-0.71806,-0.80909,-0.9207,-1.0731,-1.2627,-1.4343,-1.5042,-1.4125,-1.1714,-0.84896,-0.5374,-0.29833,-0.14767,-0.062326,-0.0029639,0.062636,0.1402,0.20933,0.24236,0.22258,0.1473,0.017153,-0.17954,-0.45198,-0.79137,-1.1526,-1.4696,-1.693,-1.8118,-1.8471,-1.8342,-1.8053,-1.7785,-1.758,-1.7331
0.47548,-0.14331,-1.1452,-2.015,-2.4081,-2.4961,-2.4651,-2.3238,-2.0569,-1.7147,-1.3565,-1.0123,-0.72089,-0.55302,-0.53241,-0.57213,-0.53183,-0.33315,-0.014663,0.30796,0.51709,0.53953,0.35781,0.0003665,-0.48471,-1.0477,-1.6391,-2.1939,-2.6249,-2.8435,-2.8223,-2.6165,-2.3355,-2.0761,-1.8748,-1.708,-1.523,-1.2842,-0.99895,-0.71924,-0.50469,-0.39258,-0.38856,-0.46812,-0.59034,-0.71377,-0.81543,-0.9045,-1.0072,-1.1281,-1.2371,-1.2725,-1.182,-0.96216,-0.67006,-0.3764,-0.13967,0.018229,0.11139,0.17298,0.22663,0.27449,0.29763,0.27327,0.1912,0.055606,-0.1283,-0.35848,-0.64408,-0.97506,-1.3087,-1.5848,-1.7618,-1.8373,-1.8396,-1.8088,-1.7736,-1.754,-1.748,-1.7361
0.56735,-0.069794,-1.074,-1.9178,-2.259,-2.2871,-2.2052,-2.0388,-1.7854,-1.4897,-1.1925,-0.89939,-0.63313,-0.46464,-0.43117,-0.46068,-0.4184,-0.22095,0.10175,0.43817,0.66728,0.70681,0.52941,0.15662,-0.35819,-0.95939,-1.5882,-2.1734,-2.6195,-2.8388,-2.8089,-2.5954,-2.317,-2.067,-1.8743,-1.7048,-1.4991,-1.2233,-0.89582,-0.58075,-0.3446,-0.2292,-0.23941,-0.35014,-0.51313,-0.67323,-0.79007,-0.86063,-0.91209,-0.96743,-1.0134,-1.0071,-0.90939,-0.71801,-0.46704,-0.21611,-0.010944,0.13121,0.22076,0.27945,0.32524,0.35215,0.33694,0.25654,0.10527,-0.10285,-0.34514,-0.61586,-0.90716,-1.2056,-1.4771,-1.6794,-1.7896,-1.8155,-1.7863,-1.7379,-1.7016,-1.6886,-1.695,-1.6994
0.63516,-0.0093964,-1.0038,-1.8179,-2.1185,-2.1046,-1.9889,-1.8094,-1.5691,-1.3068,-1.0469,-0.78064,-0.52513,-0.35402,-0.31411,-0.34331,-0.3106,-0.12674,0.18728,0.52505,0.76486,0.81898,0.65254,0.28068,-0.24323,-0.86014,-1.5053,-2.0995,-2.5429,-2.7545,-2.7174,-2.5081,-2.242,-2.0097,-1.8344,-1.675,-1.4673,-1.1737,-0.82228,-0.48302,-0.22957,-0.10767,-0.12267,-0.24911,-0.43668,-0.61885,-0.74527,-0.80368,-0.82152,-0.82969,-0.83328,-0.80516,-0.71244,-0.54635,-0.33427,-0.11772,0.063145,0.19034,0.27089,0.32575,0.36199,0.3717,0.32984,0.21308,0.017553,-0.23778,-0.52442,-0.81834,-1.1067,-1.3746,-1.595,-1.7376,-1.7902,-1.7684,-1.7068,-1.6434,-1.6055,-1.6062,-1.6354,-1.663
0.72306,0.074615,-0.8936,-1.6576,-1.9036,-1.8376,-1.6828,-1.4919,-1.2734,-1.0523,-0.83061,-0.58619,-0.33502,-0.1588,-0.11639,-0.15223,-0.13874,0.018126,0.30905,0.63716,0.88192,0.95049,0.80068,0.44267,-0.075619,-0.69109,-1.3332,-1.9146,-2.3389,-2.5322,-2.4924,-2.2991,-2.0623,-1.8674,-1.7302,-1.603,-1.4098,-1.1084,-0.72892,-0.35586,-0.077474,0.05859,0.041842,-0.099099,-0.30728,-0.51568,-0.66014,-0.71778,-0.7103,-0.67436,-0.62749,-0.56237,-0.46363,-0.32757,-0.16675,-0.010076,0.11953,0.2145,0.28262,0.33379,0.37019,0.37221,0.30838,0.1544,-0.090244,-0.40017,-0.73481,-1.0599,-1.3457,-1.5701,-1.7147,-1.7712,-1.7487,-1.6726,-1.5772,-1.4984,-1.4588,-1.4683,-1.5158,-1.5703
0.78628,0.13766,-0.804,-1.5239,-1.7289,-1.6278,-1.4471,-1.251,-1.0515,-0.85852,-0.65817,-0.42099,-0.16581,0.014673,0.055166,0.0092271,0.0036905,0.13559,0.40358,0.71818,0.96085,1.036,0.89725,0.55281,0.046953,-0.55354,-1.1732,-1.7257,-2.1206,-2.2934,-2.254,-2.0787,-1.8743,-1.7163,-1.6153,-1.5159,-1.3389,-1.0423,-0.65721,-0.27362,0.018361,0.16662,0.15962,0.022251,-0.19156,-0.41413,-0.57539,-0.64183,-0.62878,-0.57147,-0.49884,-0.41658,-0.31906,-0.20316,-0.079868,0.03635,0.13353,0.2091,0.26914,0.32025,0.35728,0.35647,0.28567,0.11984,-0.1429,-0.4767,-0.83713,-1.1778,-1.4589,-1.6548,-1.7545,-1.7615,-1.694,-1.5822,-1.4631,-1.3701,-1.3307,-1.352,-1.4184,-1.4935
0.86597,0.21797,-0.68247,-1.3386,-1.4895,-1.3455,-1.1341,-0.93605,-0.76329,-0.60546,-0.42696,-0.18984,0.077075,0.26474,0.30082,0.23591,0.19929,0.29314,0.52595,0.81779,1.0535,1.1343,1.0079,0.6791,0.19446,-0.37472,-0.9493,-1.445,-1.7827,-1.9183,-1.8723,-1.7226,-1.5643,-1.4598,-1.4091,-1.3537,-1.2112,-0.93679,-0.56304,-0.17908,0.1245,0.29042,0.30538,0.18673,-0.022337,-0.25437,-0.44148,-0.53689,-0.5378,-0.47584,-0.38651,-0.28959,-0.19129,-0.095832,-0.0085729,0.064906,0.12189,0.16842,0.21603,0.2705,0.31886,0.33226,0.27258,0.11252,-0.14914,-0.48548,-0.85068,-1.1963,-1.4772,-1.6609,-1.7338,-1.7049,-1.6011,-1.4584,-1.3148,-1.2065,-1.1584,-1.1793,-1.2551,-1.349
0.9404,0.29103,-0.56592,-1.157,-1.2558,-1.0723,-0.83419,-0.63627,-0.49013,-0.36436,-0.20227,0.039891,0.32077,0.51551,0.54503,0.45949,0.38906,0.44085,0.63393,0.89861,1.1227,1.204,1.0855,0.76976,0.30961,-0.21889,-0.73473,-1.1584,-1.427,-1.5196,-1.4661,-1.3421,-1.2263,-1.1682,-1.1628,-1.1524,-1.0548,-0.82022,-0.47018,-0.092006,0.22008,0.40428,0.44031,0.34125,0.14435,-0.095869,-0.31292,-0.45141,-0.48973,-0.44313,-0.34598,-0.23304,-0.12887,-0.045613,0.011195,0.045025,0.068023,0.096353,0.14276,0.20845,0.27537,0.31038,0.27587,0.14552,-0.083273,-0.38765,-0.72767,-1.0588,-1.3386,-1.5315,-1.6165,-1.5943,-1.4871,-1.3318,-1.1714,-1.0484,-0.98822,-1.0029,-1.0784,-1.1768
0.99315,0.34016,-0.48649,-1.03,-1.0915,-0.87976,-0.62393,-0.42737,-0.29932,-0.19471,-0.04226,0.20436,0.4936,0.69058,0.71247,0.61168,0.51715,0.53779,0.70006,0.94182,1.1533,1.2303,1.1137,0.80654,0.36588,-0.12706,-0.59047,-0.95408,-1.17,-1.2312,-1.1741,-1.0665,-0.97827,-0.94856,-0.96989,-0.98675,-0.92154,-0.7225,-0.40375,-0.042459,0.26958,0.46815,0.52548,0.44648,0.26064,0.01551,-0.2233,-0.39464,-0.46642,-0.44026,-0.35303,-0.24386,-0.14214,-0.064666,-0.019554,0.00088522,0.011053,0.031002,0.07759,0.15333,0.23767,0.29573,0.28826,0.1895,-0.0019631,-0.26509,-0.56743,-0.87454,-1.1536,-1.3673,-1.4814,-1.4823,-1.3871,-1.2342,-1.0702,-0.93541,-0.86673,-0.87373,-0.94228,-1.0335
1.0601,0.39684,-0.39486,-0.8803,-0.89466,-0.64734,-0.36964,-0.17471,-0.067135,0.014358,0.15649,0.40706,0.70016,0.89095,0.89732,0.77487,0.65144,0.63601,0.76027,0.97007,1.1602,1.2257,1.1061,0.80712,0.39248,-0.050093,-0.44091,-0.72442,-0.87493,-0.89793,-0.83467,-0.74371,-0.68102,-0.67808,-0.72522,-0.77034,-0.74367,-0.59237,-0.32292,0.0047535,0.30906,0.52213,0.60971,0.56277,0.39532,0.14738,-0.1244,-0.3512,-0.47841,-0.49516,-0.42556,-0.31544,-0.208,-0.13205,-0.09428,-0.087613,-0.089856,-0.074052,-0.021053,0.069908,0.17721,0.26578,0.29812,0.24977,0.11822,-0.080042,-0.32159,-0.58722,-0.85411,-1.0904,-1.2535,-1.3093,-1.2548,-1.1204,-0.9546,-0.80901,-0.71837,-0.69951,-0.74161,-0.80726
1.1081,0.43252,-0.33852,-0.786,-0.76775,-0.4947,-0.20217,-0.0075445,0.087378,0.15535,0.29183,0.54261,0.83168,1.0094,0.99858,0.85865,0.71658,0.67897,0.77876,0.96589,1.138,1.1911,1.0657,0.77056,0.37437,-0.032544,-0.37219,-0.5998,-0.70254,-0.6981,-0.62914,-0.54795,-0.5006,-0.51186,-0.56997,-0.63115,-0.62951,-0.5133,-0.27603,0.031214,0.32914,0.55008,0.65164,0.61986,0.46385,0.21201,-0.08114,-0.34454,-0.51401,-0.56172,-0.50771,-0.40193,-0.29457,-0.2177,-0.18213,-0.17848,-0.18182,-0.16309,-0.10304,-0.0015752,0.11887,0.22483,0.28308,0.27297,0.19166,0.049079,-0.14221,-0.37251,-0.63132,-0.88661,-1.085,-1.1779,-1.1523,-1.0346,-0.87347,-0.71925,-0.61467,-0.57683,-0.596,-0.6349
1.1698,0.47199,-0.2813,-0.68727,-0.62924,-0.3239,-0.012822,0.18209,0.26365,0.31694,0.44733,0.69424,0.9688,1.119,1.0788,0.91418,0.75069,0.68903,0.7608,0.91962,1.0668,1.1007,0.96509,0.67344,0.30045,-0.062614,-0.34247,-0.50507,-0.55191,-0.5153,-0.43952,-0.36946,-0.33958,-0.36093,-0.42174,-0.48594,-0.50349,-0.42619,-0.23522,0.037304,0.32166,0.54826,0.66593,0.65235,0.50848,0.25372,-0.061414,-0.36576,-0.58646,-0.67723,-0.65313,-0.56269,-0.45892,-0.3787,-0.33667,-0.32332,-0.31655,-0.28931,-0.22225,-0.11333,0.017608,0.14135,0.22823,0.25988,0.23332,0.15451,0.027214,-0.15401,-0.38793,-0.64962,-0.88195,-1.0212,-1.0362,-0.94242,-0.78648,-0.6241,-0.49722,-0.42739,-0.40713,-0.40005
1.2307,0.50395,-0.24354,-0.62039,-0.52812,-0.19282,0.13641,0.33234,0.40309,0.44463,0.56871,0.80742,1.0591,1.1742,1.0998,0.90962,0.72613,0.64358,0.69044,0.82231,0.94459,0.95881,0.81216,0.52405,0.17313,-0.14818,-0.37454,-0.48503,-0.49399,-0.43768,-0.35952,-0.29642,-0.27281,-0.29194,-0.34339,-0.39823,-0.42232,-0.37245,-0.22632,0.0045805,0.26807,0.49411,0.62901,0.63764,0.50665,0.25112,-0.089204,-0.43906,-0.70902,-0.8443,-0.84363,-0.7579,-0.64889,-0.55948,-0.50547,-0.48203,-0.46636,-0.43167,-0.36041,-0.25188,-0.12154,0.0066538,0.1095,0.17258,0.19209,0.16844,0.096733,-0.037704,-0.24292,-0.49864,-0.74551,-0.91039,-0.95027,-0.8725,-0.72089,-0.55119,-0.40481,-0.30565,-0.24757,-0.19526
1.2765,0.52516,-0.22675,-0.58998,-0.47669,-0.12046,0.22196,0.41925,0.48276,0.51652,0.63544,0.86484,1.096,1.1823,1.0801,0.86979,0.67136,0.57376,0.6033,0.71712,0.8229,0.82405,0.67001,0.38518,0.049623,-0.24334,-0.4351,-0.51546,-0.5067,-0.44389,-0.36694,-0.3069,-0.28017,-0.29078,-0.3287,-0.37563,-0.40149,-0.36787,-0.24481,-0.03572,0.21267,0.4357,0.57334,0.587,0.46118,0.2019,-0.15012,-0.51961,-0.81703,-0.9759,-0.99558,-0.92414,-0.81958,-0.72255,-0.65463,-0.61254,-0.58116,-0.53928,-0.46963,-0.36846,-0.24606,-0.12256,-0.017831,0.056644,0.098482,0.10609,0.069963,-0.032474,-0.21398,-0.45606,-0.69786,-0.86395,-0.90957,-0.83967,-0.69402,-0.52139,-0.36693,-0.24945,-0.16272,-0.07347
1.3384,0.55263,-0.21648,-0.57348,-0.43827,-0.056751,0.30287,0.50295,0.558,0.58176,0.69173,0.90551,1.1068,1.1529,1.0126,0.77429,0.55658,0.44197,0.4524,0.54602,0.63369,0.62089,0.45948,0.17727,-0.13995,-0.4009,-0.5557,-0.6055,-0.57988,-0.51531,-0.44554,-0.39142,-0.36134,-0.35387,-0.36364,-0.38407,-0.39927,-0.38014,-0.28982,-0.11818,0.1037,0.31498,0.4527,0.47245,0.3529,0.09475,-0.26432,-0.65294,-0.98125,-1.1757,-1.2261,-1.1704,-1.0637,-0.95091,-0.85656,-0.78634,-0.7328,-0.68107,-0.61707,-0.53316,-0.43595,-0.33605,-0.2446,-0.16781,-0.10767,-0.069282,-0.069379,-0.1307,-0.27262,-0.48158,-0.7012,-0.85715,-0.90116,-0.83261,-0.68707,-0.51349,-0.3472,-0.21259,-0.10403,0.012691
1.401,0.58128,-0.21456,-0.57909,-0.43049,-0.027051,0.34965,0.55304,0.6011,0.61424,0.71272,0.90824,1.0782,1.0839,0.90568,0.64067,0.40821,0.28405,0.28276,0.36017,0.43034,0.40401,0.23768,-0.038326,-0.3351,-0.56571,-0.69042,-0.71912,-0.68683,-0.63053,-0.57423,-0.52799,-0.49062,-0.45575,-0.42704,-0.41214,-0.4134,-0.40808,-0.35745,-0.23308,-0.046134,0.14772,0.28674,0.31794,0.20921,-0.040248,-0.40258,-0.80868,-1.1642,-1.394,-1.4716,-1.4274,-1.3148,-1.1802,-1.055,-0.95493,-0.88028,-0.82177,-0.76701,-0.70933,-0.6431,-0.57383,-0.50683,-0.44347,-0.38292,-0.33033,-0.303,-0.33018,-0.43086,-0.59387,-0.76884,-0.89124,-0.9204,-0.85475,-0.72095,-0.55609,-0.39559,-0.25489,-0.12947,0.010111
1.4481,0.60501,-0.21558,-0.59322,-0.44114,-0.023907,0.36367,0.57056,0.61387,0.61879,0.70703,0.88692,1.0333,1.0099,0.80494,0.52325,0.28612,0.16299,0.15963,0.22741,0.28284,0.24359,0.073363,-0.19363,-0.46938,-0.67304,-0.7748,-0.79144,-0.76192,-0.719,-0.67717,-0.63756,-0.58904,-0.52908,-0.46924,-0.43396,-0.43253,-0.44343,-0.42248,-0.3284,-0.16844,0.013453,0.14779,0.1797,0.078939,-0.16341,-0.51834,-0.92249,-1.2899,-1.5417,-1.6477,-1.6243,-1.5136,-1.3624,-1.208,-1.075,-0.97565,-0.90854,-0.86325,-0.8277,-0.79384,-0.7585,-0.71941,-0.67322,-0.61791,-0.55936,-0.51576,-0.51513,-0.57894,-0.70113,-0.83935,-0.93588,-0.9524,-0.88611,-0.76109,-0.60981,-0.46247,-0.33437,-0.21699,-0.077007
1.51,0.64127,-0.21589,-0.62022,-0.47125,-0.041102,0.35945,0.57008,0.60777,0.60114,0.67324,0.83028,0.9464,0.88823,0.65351,0.3579,0.12504,0.014536,0.017427,0.076503,0.11151,0.052461,-0.12308,-0.37224,-0.61014,-0.76864,-0.83253,-0.83241,-0.80877,-0.78756,-0.7715,-0.74464,-0.68774,-0.59799,-0.5021,-0.43878,-0.43264,-0.46889,-0.49518,-0.45735,-0.34102,-0.18752,-0.062117,-0.023413,-0.10648,-0.32486,-0.65841,-1.0557,-1.4395,-1.7261,-1.8672,-1.862,-1.747,-1.5712,-1.3811,-1.2127,-1.0874,-1.0116,-0.97824,-0.97272,-0.9799,-0.98706,-0.98523,-0.96667,-0.926,-0.86606,-0.80262,-0.76383,-0.77343,-0.83359,-0.91612,-0.97808,-0.98808,-0.93904,-0.8441,-0.7277,-0.61074,-0.5043,-0.40176,-0.27385
1.5551,0.67246,-0.21209,-0.64178,-0.50128,-0.066171,0.34197,0.55433,0.58802,0.57248,0.63059,0.7697,0.86462,0.78558,0.53525,0.23653,0.014266,-0.080003,-0.067267,-0.011134,0.011287,-0.060027,-0.2361,-0.46608,-0.66879,-0.78661,-0.81789,-0.80303,-0.78335,-0.77814,-0.78085,-0.76423,-0.70288,-0.5966,-0.48268,-0.4111,-0.41386,-0.47668,-0.54375,-0.5506,-0.47048,-0.34002,-0.22055,-0.17231,-0.23687,-0.42803,-0.73749,-1.1241,-1.5161,-1.8294,-2.0018,-2.0169,-1.9029,-1.7092,-1.4931,-1.2979,-1.1528,-1.0692,-1.0419,-1.0565,-1.0897,-1.1269,-1.153,-1.1546,-1.1229,-1.059,-0.97914,-0.90874,-0.87585,-0.89215,-0.94117,-0.98765,-1.0011,-0.9714,-0.90776,-0.82719,-0.74944,-0.68099,-0.60932,-0.50096
1.6116,0.71883,-0.1978,-0.66461,-0.54351,-0.10917,0.30377,0.51678,0.54446,0.51542,0.55294,0.66727,0.73747,0.63763,0.37619,0.083286,-0.11523,-0.17838,-0.14356,-0.083566,-0.070935,-0.15146,-0.32071,-0.51809,-0.66744,-0.72565,-0.7102,-0.67174,-0.65213,-0.66106,-0.68133,-0.6758,-0.61313,-0.4996,-0.38206,-0.32341,-0.35745,-0.46687,-0.58939,-0.64863,-0.61464,-0.50865,-0.39686,-0.33925,-0.37568,-0.5312,-0.80519,-1.1707,-1.5669,-1.9134,-2.1301,-2.1766,-2.0658,-1.854,-1.6013,-1.3695,-1.2005,-1.1122,-1.0984,-1.1352,-1.2005,-1.2647,-1.3084,-1.3187,-1.2874,-1.2136,-1.1072,-0.99752,-0.91501,-0.88242,-0.89863,-0.94055,-0.98032,-1.0008,-0.99935,-0.98603,-0.96908,-0.9518,-0.92344,-0.85425
1.6616,0.7698,-0.16985,-0.67401,-0.58046,-0.15651,0.25358,0.46418,0.48475,0.44041,0.45506,0.54415,0.59306,0.47976,0.21659,-0.059936,-0.22297,-0.24239,-0.17288,-0.098089,-0.086965,-0.1697,-0.32434,-0.48346,-0.57464,-0.57274,-0.51113,-0.44508,-0.4136,-0.42166,-0.44598,-0.44745,-0.39575,-0.29732,-0.20214,-0.17128,-0.24144,-0.39711,-0.57317,-0.68988,-0.70124,-0.62856,-0.52708,-0.45709,-0.46514,-0.58023,-0.81432,-1.1536,-1.5511,-1.9207,-2.1734,-2.2509,-2.1535,-1.9303,-1.66,-1.4086,-1.2232,-1.1254,-1.111,-1.1595,-1.2346,-1.3095,-1.36,-1.3685,-1.3238,-1.2248,-1.0848,-0.93221,-0.80948,-0.75157,-0.76663,-0.83354,-0.91999,-1.0021,-1.0714,-1.1344,-1.1897,-1.2406,-1.2738,-1.2581
1.6934,0.81046,-0.13891,-0.66887,-0.60073,-0.19172,0.21064,0.41667,0.43074,0.37377,0.36947,0.43911,0.47397,0.35545,0.097111,-0.16154,-0.2917,-0.27144,-0.1696,-0.078066,-0.06279,-0.14216,-0.28077,-0.40682,-0.45359,-0.4097,-0.31641,-0.22857,-0.18167,-0.1798,-0.19772,-0.19939,-0.15796,-0.080441,-0.014654,-0.017334,-0.12333,-0.31462,-0.52678,-0.67654,-0.71513,-0.6612,-0.5672,-0.49204,-0.48287,-0.57072,-0.77591,-1.0955,-1.4898,-1.8791,-2.165,-2.2713,-2.185,-1.9592,-1.6719,-1.4017,-1.2041,-1.1035,-1.0937,-1.1464,-1.2269,-1.2975,-1.3339,-1.3226,-1.2569,-1.1359,-0.96965,-0.79438,-0.65445,-0.5907,-0.61597,-0.71075,-0.84118,-0.97942,-1.1117,-1.2335,-1.3508,-1.4562,-1.5326,-1.5494
1.7265,0.86613,-0.083674,-0.64319,-0.61313,-0.23459,0.14891,0.34427,0.34809,0.27267,0.24106,0.2831,0.30176,0.18193,-0.062598,-0.28964,-0.37049,-0.29406,-0.14554,-0.026324,0.0015787,-0.065439,-0.17642,-0.25532,-0.247,-0.15459,-0.024117,0.091213,0.16138,0.18464,0.18414,0.19046,0.22205,0.26746,0.28541,0.22554,0.066272,-0.16956,-0.41291,-0.58495,-0.64809,-0.61332,-0.53454,-0.4629,-0.43864,-0.50255,-0.68169,-0.98359,-1.3766,-1.7824,-2.0938,-2.226,-2.1588,-1.9385,-1.6496,-1.3711,-1.1606,-1.0464,-1.0268,-1.075,-1.1474,-1.2066,-1.224,-1.1847,-1.0839,-0.92482,-0.72563,-0.52085,-0.36637,-0.31159,-0.37249,-0.52495,-0.7253,-0.9361,-1.138,-1.3321,-1.5092,-1.6706,-1.8021,-1.8739
1.7437,0.90823,-0.032523,-0.60772,-0.60916,-0.26127,0.10142,0.28534,0.28022,0.18997,0.13565,0.15603,0.16375,0.046505,-0.1823,-0.38067,-0.42292,-0.30583,-0.1234,0.018823,0.061922,0.011069,-0.074817,-0.11924,-0.076477,0.043475,0.19424,0.32671,0.41434,0.45805,0.47596,0.49315,0.52101,0.54552,0.52863,0.43117,0.23886,-0.020927,-0.2808,-0.46888,-0.54666,-0.53244,-0.4681,-0.40009,-0.37156,-0.42051,-0.58245,-0.87124,-1.2613,-1.6748,-2.0047,-2.1592,-2.1094,-1.8977,-1.6073,-1.3216,-1.1038,-0.98495,-0.96168,-1.003,-1.0669,-1.1089,-1.1018,-1.035,-0.90726,-0.72404,-0.50092,-0.28657,-0.13616,-0.098747,-0.18776,-0.37635,-0.61918,-0.87751,-1.1295,-1.3632,-1.5859,-1.7872,-1.9495,-2.0444
1.7554,0.96362,0.048249,-0.53829,-0.5835,-0.28623,0.039535,0.20264,0.18281,0.070835,-0.015973,-0.025999,-0.030721,-0.1395,-0.34128,-0.49791,-0.48974,-0.32308,-0.099351,0.074749,0.14502,0.12412,0.075086,0.070117,0.14325,0.28241,0.44693,0.5961,0.70836,0.7833,0.83346,0.87304,0.90362,0.90787,0.85245,0.71092,0.47893,0.19293,-0.082476,-0.27987,-0.36975,-0.37255,-0.32718,-0.27357,-0.24902,-0.29005,-0.4353,-0.70683,-1.0859,-1.5047,-1.8557,-2.0389,-2.0153,-1.8218,-1.5386,-1.2508,-1.0226,-0.88759,-0.84647,-0.87186,-0.91905,-0.94624,-0.92239,-0.83296,-0.67654,-0.46245,-0.21691,0.012585,0.16215,0.17842,0.048691,-0.19344,-0.49241,-0.80032,-1.0909,-1.3597,-1.6016,-1.8181,-1.9984,-2.1195
1.754,1.0173,0.14283,-0.44461,-0.53392,-0.29661,-0.01771,0.1183,0.079943,-0.056776,-0.17792,-0.21956,-0.23506,-0.32894,-0.49928,-0.61405,-0.55902,-0.34756,-0.08548,0.1219,0.22474,0.23828,0.22253,0.24167,0.32514,0.46487,0.62942,0.78727,0.92029,1.0268,1.1148,1.1863,1.2319,1.2265,1.1433,0.96448,0.70098,0.39554,0.11413,-0.084746,-0.1857,-0.20448,-0.18006,-0.14431,-0.12504,-0.16389,-0.29741,-0.55053,-0.91323,-1.3219,-1.6787,-1.8863,-1.8961,-1.7309,-1.4623,-1.1759,-0.94126,-0.79629,-0.74265,-0.75207,-0.78467,-0.79467,-0.75249,-0.64465,-0.4696,-0.23753,0.023178,0.25667,0.39714,0.39192,0.23242,-0.042573,-0.37306,-0.70761,-1.0169,-1.2902,-1.5332,-1.7456,-1.9228,-2.0503
1.7444,1.0566,0.22143,-0.35971,-0.48194,-0.29419,-0.05583,0.055662,0.00088201,-0.15568,-0.3035,-0.36838,-0.38968,-0.46897,-0.61245,-0.69665,-0.61111,-0.37066,-0.082016,0.15032,0.27825,0.31611,0.31857,0.34403,0.4229,0.55218,0.70893,0.86738,1.0121,1.1409,1.2571,1.3558,1.4185,1.4152,1.321,1.1261,0.84917,0.53462,0.24714,0.036394,-0.079121,-0.11993,-0.11137,-0.080625,-0.060404,-0.086027,-0.2023,-0.43705,-0.78147,-1.181,-1.5417,-1.7675,-1.8046,-1.6658,-1.4162,-1.138,-0.90036,-0.74355,-0.67394,-0.66853,-0.68919,-0.6951,-0.65289,-0.54284,-0.36046,-0.11819,0.14868,0.38561,0.52201,0.50468,0.32715,0.033335,-0.31013,-0.64691,-0.94721,-1.2075,-1.4294,-1.6239,-1.7905,-1.9165
1.7214,1.1072,0.33466,-0.23107,-0.39555,-0.27751,-0.099774,-0.026403,-0.10564,-0.28827,-0.47025,-0.56474,-0.59056,-0.64548,-0.74877,-0.79273,-0.67343,-0.40459,-0.088019,0.17503,0.33552,0.4019,0.41952,0.43984,0.49603,0.59546,0.72849,0.8786,1.0339,1.1908,1.3438,1.4807,1.5733,1.5871,1.4935,1.2887,0.99394,0.66121,0.35309,0.12285,-0.014011,-0.073178,-0.079219,-0.05493,-0.026548,-0.032297,-0.11713,-0.31478,-0.62468,-1.0021,-1.3619,-1.6106,-1.6874,-1.5915,-1.3744,-1.1141,-0.88055,-0.71652,-0.63153,-0.60882,-0.61333,-0.60818,-0.56174,-0.45164,-0.26893,-0.024731,0.24397,0.47673,0.60208,0.57011,0.38045,0.082513,-0.2544,-0.57403,-0.84794,-1.0713,-1.2582,-1.42,-1.5623,-1.68
1.6876,1.1553,0.45471,-0.089384,-0.29445,-0.24802,-0.1368,-0.1065,-0.21182,-0.41875,-0.63058,-0.75,-0.77653,-0.8016,-0.85834,-0.86012,-0.71387,-0.43014,-0.099468,0.18559,0.37434,0.46351,0.48506,0.48429,0.5001,0.55216,0.64532,0.77416,0.93405,1.1164,1.3098,1.4904,1.6191,1.6562,1.5728,1.3657,1.0595,0.70625,0.37084,0.10851,-0.061377,-0.14316,-0.15787,-0.12575,-0.071804,-0.040911,-0.080424,-0.22873,-0.49453,-0.83992,-1.1932,-1.4669,-1.5922,-1.5492,-1.3756,-1.1401,-0.91319,-0.74208,-0.64186,-0.59982,-0.58892,-0.57506,-0.526,-0.41774,-0.24091,-0.0066267,0.25121,0.46893,0.5821,0.54391,0.35546,0.067503,-0.24847,-0.53445,-0.76318,-0.93685,-1.0745,-1.1964,-1.3152,-1.4285
1.6558,1.1892,0.54724,0.021805,-0.21196,-0.21996,-0.16117,-0.16571,-0.29066,-0.51327,-0.74275,-0.87594,-0.89891,-0.89838,-0.91653,-0.88487,-0.72326,-0.4377,-0.10547,0.18855,0.39198,0.49263,0.51123,0.48802,0.46396,0.47084,0.52347,0.62727,0.78117,0.97712,1.201,1.4183,1.581,1.6413,1.5705,1.3655,1.0546,0.68633,0.32604,0.026412,-0.17746,-0.28659,-0.30498,-0.25151,-0.16406,-0.085945,-0.078197,-0.18405,-0.41241,-0.73642,-1.0874,-1.3802,-1.5415,-1.5418,-1.4049,-1.1943,-0.97914,-0.80721,-0.69557,-0.63621,-0.60734,-0.58114,-0.52836,-0.42318,-0.25278,-0.027426,0.21604,0.41942,0.51739,0.46862,0.28046,0.0071664,-0.28067,-0.5293,-0.71656,-0.84877,-0.94952,-1.0419,-1.1406,-1.2465
1.6056,1.2315,0.67097,0.17226,-0.097909,-0.1778,-0.1902,-0.24397,-0.39545,-0.63386,-0.87768,-1.0193,-1.0296,-0.9891,-0.95379,-0.88033,-0.70435,-0.42554,-0.10235,0.19311,0.40662,0.51285,0.51727,0.45317,0.36654,0.30438,0.29662,0.3591,0.4933,0.69651,0.95069,1.215,1.431,1.5367,1.4941,1.2977,0.97372,0.5737,0.16439,-0.18693,-0.43585,-0.56225,-0.57305,-0.48904,-0.34621,-0.20555,-0.12838,-0.16628,-0.34066,-0.62876,-0.9724,-1.2894,-1.5007,-1.5623,-1.4831,-1.3152,-1.1219,-0.95088,-0.82221,-0.73394,-0.6727,-0.61807,-0.54772,-0.44069,-0.2851,-0.087333,0.12419,0.29288,0.36579,0.30748,0.12758,-0.12005,-0.36688,-0.56258,-0.69049,-0.76447,-0.81595,-0.8736,-0.95558,-1.0614
1.5625,1.2602,0.76154,0.28344,-0.012007,-0.14427,-0.21102,-0.30261,-0.47389,-0.71985,-0.96616,-1.105,-1.0983,-1.0232,-0.94782,-0.8471,-0.66599,-0.39896,-0.090843,0.19695,0.41056,0.51494,0.50315,0.40216,0.26388,0.14531,0.088996,0.11476,0.22875,0.43125,0.70188,0.99879,1.2538,1.397,1.3806,1.1959,0.86375,0.43779,-0.014596,-0.41177,-0.69728,-0.8343,-0.83005,-0.71041,-0.51676,-0.32073,-0.18788,-0.17495,-0.30968,-0.57265,-0.91141,-1.2459,-1.4939,-1.6024,-1.5702,-1.4386,-1.2651,-1.095,-0.95047,-0.83307,-0.7391,-0.65684,-0.56919,-0.45712,-0.30902,-0.13113,0.04872,0.18552,0.22876,0.15163,-0.028733,-0.25593,-0.46534,-0.61514,-0.69756,-0.73148,-0.75119,-0.78676,-0.85465,-0.95401
1.4979,1.2927,0.87565,0.42468,0.098246,-0.10045,-0.2386,-0.38246,-0.57864,-0.8282,-1.0645,-1.1839,-1.1443,-1.0196,-0.89382,-0.76315,-0.58477,-0.34486,-0.069395,0.19535,0.39864,0.49567,0.46314,0.31602,0.11077,-0.084653,-0.21427,-0.24825,-0.16984,0.024696,0.31748,0.65651,0.95938,1.1455,1.1607,0.99179,0.6573,0.2036,-0.29746,-0.75899,-1.0928,-1.251,-1.2204,-1.0354,-0.76579,-0.48632,-0.28064,-0.20953,-0.29807,-0.53517,-0.86913,-1.2217,-1.5098,-1.6754,-1.7043,-1.6269,-1.4898,-1.3292,-1.1631,-1,-0.84506,-0.70295,-0.57337,-0.4484,-0.31811,-0.18146,-0.053365,0.026161,0.024101,-0.077127,-0.25644,-0.45923,-0.62687,-0.72511,-0.75342,-0.73684,-0.71627,-0.72265,-0.77465,-0.87174
1.4254,1.3159,0.97705,0.55182,0.19847,-0.062081,-0.26976,-0.4659,-0.68427,-0.92666,-1.135,-1.2157,-1.1331,-0.96134,-0.79317,-0.64338,-0.47912,-0.27906,-0.050867,0.17673,0.35963,0.44575,0.39739,0.21879,-0.038176,-0.29998,-0.5028,-0.60435,-0.5751,-0.40154,-0.096207,0.27685,0.62284,0.84679,0.89035,0.73206,0.39041,-0.090756,-0.63331,-1.1357,-1.4945,-1.639,-1.5666,-1.3257,-0.99192,-0.65907,-0.4043,-0.28794,-0.33932,-0.54576,-0.86213,-1.2169,-1.5314,-1.7453,-1.8363,-1.8189,-1.7229,-1.5726,-1.3826,-1.1646,-0.94282,-0.73847,-0.56464,-0.42057,-0.29781,-0.19317,-0.12044,-0.097602,-0.15635,-0.30183,-0.50087,-0.69348,-0.82545,-0.87383,-0.85051,-0.79228,-0.73449,-0.71644,-0.75547,-0.84823
1.3655,1.3253,1.0415,0.63455,0.26329,-0.039021,-0.29649,-0.53115,-0.76321,-0.99174,-1.1669,-1.208,-1.0884,-0.88516,-0.69433,-0.53876,-0.39246,-0.22942,-0.043723,0.14937,0.31212,0.3893,0.33419,0.14367,-0.13733,-0.43477,-0.68317,-0.83289,-0.8466,-0.69902,-0.4001,-0.014182,0.35401,0.6026,0.66474,0.5163,0.17139,-0.3258,-0.89264,-1.4154,-1.7748,-1.8952,-1.7813,-1.4977,-1.1321,-0.77502,-0.5006,-0.36431,-0.39342,-0.57753,-0.87567,-1.2216,-1.5424,-1.7803,-1.9108,-1.9393,-1.8819,-1.7483,-1.5441,-1.2871,-1.0086,-0.74612,-0.52933,-0.36893,-0.25875,-0.18882,-0.1578,-0.18601,-0.28694,-0.4585,-0.66579,-0.85236,-0.96987,-0.9998,-0.95558,-0.87022,-0.793,-0.75628,-0.77924,-0.86137
1.278,1.3247,1.1085,0.72391,0.33254,-0.019168,-0.33735,-0.61938,-0.8634,-1.062,-1.1781,-1.1546,-0.98301,-0.74561,-0.53858,-0.39015,-0.27882,-0.17348,-0.051684,0.08993,0.22289,0.28964,0.23453,0.043334,-0.24681,-0.56767,-0.85541,-1.0573,-1.1282,-1.0279,-0.7562,-0.3731,0.0095225,0.2784,0.35481,0.21223,-0.13874,-0.64758,-1.2258,-1.7432,-2.0681,-2.1346,-1.9652,-1.6459,-1.27,-0.91347,-0.63996,-0.4941,-0.49999,-0.65159,-0.91405,-1.2307,-1.5386,-1.7878,-1.9566,-2.0373,-2.0262,-1.9141,-1.6974,-1.395,-1.057,-0.73924,-0.48274,-0.30369,-0.19744,-0.15316,-0.16897,-0.24924,-0.40664,-0.62912,-0.8709,-1.0694,-1.178,-1.1858,-1.1146,-1.0058,-0.90148,-0.84295,-0.85022,-0.9222
1.1818,1.3072,1.1504,0.786,0.37842,-0.014233,-0.3837,-0.70456,-0.94974,-1.106,-1.1516,-1.0564,-0.83542,-0.57553,-0.36836,-0.24327,-0.17883,-0.13831,-0.086165,-0.0018851,0.098925,0.16008,0.1182,-0.052599,-0.32256,-0.63596,-0.93498,-1.1707,-1.2896,-1.2421,-1.0123,-0.65535,-0.28422,-0.021582,0.049494,-0.10246,-0.46122,-0.96921,-1.5201,-1.9763,-2.2203,-2.2161,-2.0192,-1.7125,-1.3698,-1.0506,-0.79952,-0.65703,-0.64577,-0.76167,-0.97467,-1.2353,-1.4944,-1.721,-1.896,-2.0141,-2.0555,-1.9851,-1.7783,-1.455,-1.0745,-0.71006,-0.41914,-0.22734,-0.13163,-0.11624,-0.16861,-0.29579,-0.49695,-0.75537,-1.0243,-1.2424,-1.3641,-1.3779,-1.3038,-1.1814,-1.0608,-0.97904,-0.95986,-1.008
1.1034,1.2817,1.1638,0.81212,0.39539,-0.021532,-0.42148,-0.76242,-0.99978,-1.1164,-1.1048,-0.95698,-0.70395,-0.43591,-0.23863,-0.13937,-0.11572,-0.12738,-0.1309,-0.094113,-0.020343,0.040096,0.019656,-0.11769,-0.35242,-0.63995,-0.93031,-1.1776,-1.3247,-1.316,-1.126,-0.80479,-0.46304,-0.22294,-0.16709,-0.32805,-0.6868,-1.1808,-1.697,-2.0956,-2.2702,-2.213,-1.9965,-1.7092,-1.4134,-1.1462,-0.93602,-0.80951,-0.78639,-0.86594,-1.0258,-1.2289,-1.4386,-1.6302,-1.7984,-1.9291,-1.9928,-1.9448,-1.7542,-1.4342,-1.049,-0.67799,-0.38127,-0.18708,-0.094641,-0.089243,-0.16023,-0.30599,-0.53053,-0.81691,-1.1155,-1.3598,-1.4995,-1.5213,-1.4468,-1.32,-1.187,-1.0925,-1.0625,-1.1021
0.99086,1.23,1.1555,0.81828,0.3926,-0.048335,-0.47552,-0.82758,-1.0399,-1.0948,-1.0066,-0.79644,-0.51343,-0.24644,-0.07366,-0.015861,-0.049033,-0.13153,-0.21291,-0.24496,-0.21084,-0.14782,-0.12619,-0.19642,-0.36187,-0.59244,-0.85031,-1.094,-1.2676,-1.3072,-1.1808,-0.92487,-0.6409,-0.4448,-0.41944,-0.59386,-0.94808,-1.4091,-1.8594,-2.162,-2.2414,-2.1279,-1.9135,-1.6813,-1.4707,-1.2914,-1.1461,-1.0449,-1.0058,-1.034,-1.1179,-1.2316,-1.3515,-1.4702,-1.5897,-1.7069,-1.792,-1.7877,-1.6423,-1.3551,-0.98685,-0.62085,-0.32797,-0.14268,-0.064321,-0.074733,-0.16003,-0.32089,-0.56167,-0.86931,-1.1962,-1.4738,-1.6468,-1.696,-1.6388,-1.516,-1.3783,-1.2699,-1.2197,-1.2367
0.90096,1.1775,1.1292,0.79958,0.37005,-0.081656,-0.51847,-0.86496,-1.046,-1.0495,-0.90796,-0.66082,-0.36667,-0.11033,0.037817,0.06225,-0.013142,-0.14719,-0.2862,-0.37073,-0.36694,-0.3,-0.24111,-0.25267,-0.35561,-0.53284,-0.75537,-0.98353,-1.1644,-1.2326,-1.1538,-0.9536,-0.72348,-0.57074,-0.5741,-0.75994,-1.1033,-1.5279,-1.9106,-2.1332,-2.1525,-2.0225,-1.8391,-1.6683,-1.531,-1.4204,-1.3226,-1.2413,-1.1904,-1.1805,-1.205,-1.2458,-1.2907,-1.343,-1.4148,-1.5064,-1.5879,-1.5997,-1.4857,-1.2379,-0.90499,-0.56872,-0.29773,-0.12717,-0.058734,-0.076236,-0.16615,-0.3297,-0.57348,-0.88829,-1.2307,-1.5332,-1.7357,-1.8122,-1.774,-1.6613,-1.5227,-1.4069,-1.3464,-1.3523
0.77486,1.0899,1.0663,0.74326,0.31143,-0.14447,-0.5775,-0.89616,-1.0199,-0.95116,-0.7471,-0.46661,-0.17279,0.057925,0.16845,0.14818,0.018797,-0.18031,-0.3913,-0.54219,-0.57827,-0.50652,-0.3974,-0.32992,-0.34563,-0.44515,-0.6095,-0.80317,-0.97593,-1.069,-1.0446,-0.92113,-0.76834,-0.67838,-0.7175,-0.90824,-1.2211,-1.5813,-1.8787,-2.0247,-2.0046,-1.8862,-1.7544,-1.6637,-1.6236,-1.6073,-1.5821,-1.5321,-1.4663,-1.4016,-1.3444,-1.2898,-1.2364,-1.1958,-1.1884,-1.2214,-1.2742,-1.2949,-1.2247,-1.0381,-0.77147,-0.49011,-0.25976,-0.11796,-0.068882,-0.097233,-0.18909,-0.34819,-0.58524,-0.89761,-1.2488,-1.5748,-1.8137,-1.932,-1.9314,-1.8425,-1.7145,-1.5948,-1.5193,-1.5049
0.64329,0.98422,0.97371,0.65201,0.22091,-0.22749,-0.63815,-0.90677,-0.95862,-0.8187,-0.56587,-0.27134,0.0047367,0.20112,0.27281,0.21193,0.037225,-0.21558,-0.48834,-0.69909,-0.77354,-0.7008,-0.54862,-0.40976,-0.34234,-0.3629,-0.4592,-0.60511,-0.75421,-0.85746,-0.8807,-0.83056,-0.7558,-0.72186,-0.78204,-0.95452,-1.2189,-1.5096,-1.7437,-1.8506,-1.8337,-1.755,-1.6925,-1.6898,-1.742,-1.8114,-1.8478,-1.8235,-1.7477,-1.6409,-1.5172,-1.3792,-1.2332,-1.0981,-1.0048,-0.96866,-0.97648,-0.98352,-0.93532,-0.80418,-0.60408,-0.38964,-0.216,-0.11556,-0.091703,-0.13057,-0.22156,-0.36707,-0.58606,-0.88441,-1.2345,-1.5782,-1.8527,-2.0166,-2.0599,-2.0041,-1.8928,-1.7745,-1.6897,-1.6606
0.54339,0.89538,0.88708,0.56234,0.13352,-0.30223,-0.68415,-0.90328,-0.89541,-0.70522,-0.42601,-0.13209,0.12215,0.28787,0.33091,0.24519,0.045409,-0.23695,-0.54549,-0.79427,-0.89658,-0.82708,-0.6497,-0.46529,-0.34352,-0.30905,-0.35544,-0.46133,-0.58725,-0.69024,-0.74051,-0.7368,-0.71322,-0.71469,-0.78164,-0.92915,-1.145,-1.3824,-1.5765,-1.6765,-1.689,-1.6651,-1.6692,-1.733,-1.8436,-1.9595,-2.026,-2.0167,-1.9389,-1.8185,-1.6665,-1.4837,-1.2785,-1.0791,-0.91548,-0.81465,-0.77443,-0.76056,-0.7227,-0.62482,-0.4744,-0.30828,-0.17465,-0.10484,-0.10274,-0.15383,-0.24429,-0.38155,-0.58423,-0.86548,-1.2074,-1.5585,-1.8564,-2.0535,-2.1317,-2.1043,-2.0104,-1.8985,-1.8113,-1.7743
0.41126,0.76769,0.7522,0.41863,-0.0052222,-0.41653,-0.74677,-0.88947,-0.79872,-0.54846,-0.24648,0.034334,0.25122,0.37291,0.38006,0.26984,0.051532,-0.25133,-0.58834,-0.87335,-1.0089,-0.95241,-0.75824,-0.53191,-0.35416,-0.25685,-0.24228,-0.29325,-0.38298,-0.47816,-0.55135,-0.59515,-0.62211,-0.65544,-0.71627,-0.8196,-0.96487,-1.1365,-1.2982,-1.4229,-1.5045,-1.575,-1.6668,-1.7994,-1.9645,-2.118,-2.2129,-2.2215,-2.1539,-2.0298,-1.8614,-1.6466,-1.3902,-1.1168,-0.87274,-0.69002,-0.578,-0.51559,-0.46358,-0.38937,-0.28629,-0.17958,-0.10305,-0.078464,-0.10536,-0.16855,-0.25822,-0.37821,-0.5573,-0.81795,-1.1518,-1.5139,-1.8428,-2.0848,-2.2106,-2.2234,-2.1541,-2.0506,-1.9599,-1.913
0.31577,0.66842,0.64035,0.29701,-0.12305,-0.51085,-0.7957,-0.87576,-0.72418,-0.4355,-0.12446,0.13969,0.32526,0.41423,0.39735,0.27576,0.055624,-0.24648,-0.58731,-0.88492,-1.0405,-1.0032,-0.81641,-0.58002,-0.37541,-0.23877,-0.17874,-0.18732,-0.24845,-0.33489,-0.42176,-0.49296,-0.54477,-0.58491,-0.62776,-0.69082,-0.79004,-0.92604,-1.0839,-1.238,-1.3775,-1.5114,-1.6615,-1.8385,-2.0277,-2.1925,-2.2919,-2.3094,-2.2597,-2.161,-2.0121,-1.7981,-1.5179,-1.2001,-0.89504,-0.64755,-0.47738,-0.37282,-0.30126,-0.23234,-0.15219,-0.076984,-0.032506,-0.035469,-0.082778,-0.15761,-0.24745,-0.36072,-0.52699,-0.77512,-1.1043,-1.4746,-1.8246,-2.0968,-2.256,-2.297,-2.2476,-2.1539,-2.063,-2.0085
0.19735,0.53709,0.4843,0.12327,-0.29156,-0.64305,-0.86241,-0.85781,-0.63199,-0.30196,0.012119,0.24913,0.39163,0.43843,0.39581,0.26916,0.060289,-0.22227,-0.5448,-0.83726,-1.0099,-1.0077,-0.85625,-0.63676,-0.41947,-0.24414,-0.12902,-0.083667,-0.10428,-0.17452,-0.27085,-0.36862,-0.44462,-0.48572,-0.4966,-0.50311,-0.54356,-0.64268,-0.80452,-1.0052,-1.2224,-1.4376,-1.6541,-1.8692,-2.0628,-2.2128,-2.2954,-2.3186,-2.3082,-2.2724,-2.1901,-2.0193,-1.7402,-1.3813,-1.0015,-0.6637,-0.40681,-0.23566,-0.1279,-0.050848,0.0091499,0.05412,0.069999,0.045153,-0.016987,-0.10029,-0.19129,-0.30105,-0.46155,-0.70656,-1.0411,-1.4296,-1.8107,-2.1219,-2.3194,-2.3918,-2.3593,-2.2696,-2.1752,-2.1144
0.093561,0.41378,0.32923,-0.053226,-0.46192,-0.77646,-0.92977,-0.84685,-0.55755,-0.19797,0.11199,0.31916,0.41853,0.42781,0.36805,0.24796,0.065365,-0.179,-0.46275,-0.73086,-0.90869,-0.94502,-0.84866,-0.67219,-0.46812,-0.27382,-0.1182,-0.02713,-0.0094633,-0.060358,-0.15858,-0.27312,-0.36724,-0.40543,-0.38256,-0.33393,-0.3195,-0.38972,-0.55898,-0.8092,-1.0958,-1.3842,-1.6422,-1.8543,-2.0157,-2.1179,-2.1772,-2.2199,-2.2704,-2.3248,-2.3363,-2.238,-1.9892,-1.6076,-1.1687,-0.75206,-0.41308,-0.16997,-0.010795,0.087977,0.15135,0.18444,0.18375,0.14645,0.079108,-0.0043903,-0.095945,-0.20836,-0.37637,-0.63588,-0.99299,-1.4107,-1.8241,-2.1665,-2.3906,-2.4806,-2.4587,-2.3719,-2.273,-2.2019
0.028046,0.32984,0.21918,-0.18041,-0.58464,-0.87253,-0.98037,-0.84636,-0.51853,-0.14299,0.1612,0.34572,0.4142,0.39851,0.33014,0.22187,0.067976,-0.13781,-0.38246,-0.62268,-0.79674,-0.86023,-0.81271,-0.68337,-0.50562,-0.30969,-0.13299,-0.013925,0.026415,-0.013219,-0.11186,-0.23341,-0.33161,-0.36113,-0.31369,-0.23327,-0.19145,-0.24921,-0.42544,-0.6993,-1.0211,-1.3359,-1.6037,-1.8025,-1.9266,-1.9919,-2.0309,-2.0872,-2.1878,-2.3235,-2.4267,-2.4046,-2.1934,-1.8074,-1.3226,-0.84223,-0.4402,-0.14703,0.044508,0.16039,0.22762,0.26193,0.26407,0.23133,0.16846,0.08749,-0.004958,-0.12582,-0.30849,-0.58922,-0.97306,-1.4199,-1.8603,-2.223,-2.4578,-2.5512,-2.5249,-2.4303,-2.3231,-2.2449
-0.040798,0.23346,0.08638,-0.33509,-0.73378,-0.98945,-1.0461,-0.85725,-0.49145,-0.10187,0.19272,0.34862,0.37929,0.33278,0.25742,0.1721,0.065142,-0.079991,-0.26221,-0.45453,-0.61512,-0.71183,-0.73497,-0.68409,-0.55798,-0.37357,-0.17946,-0.031434,0.030197,0.0001997,-0.10007,-0.22678,-0.3206,-0.33264,-0.25724,-0.1462,-0.080683,-0.12604,-0.30814,-0.60255,-0.9516,-1.2828,-1.541,-1.6988,-1.7623,-1.7725,-1.7854,-1.859,-2.0266,-2.261,-2.4854,-2.5801,-2.4457,-2.0697,-1.5449,-0.99103,-0.50792,-0.14572,0.091992,0.23231,0.30663,0.34051,0.3464,0.32723,0.28416,0.21919,0.12734,-0.0078597,-0.22375,-0.55025,-0.98294,-1.473,-1.9446,-2.3236,-2.5598,-2.6427,-2.5994,-2.488,-2.368,-2.2815
-0.086777,0.15718,-0.025987,-0.46575,-0.8574,-1.0868,-1.1056,-0.88077,-0.49283,-0.098108,0.1856,0.31598,0.31296,0.23946,0.16103,0.10373,0.050111,-0.027492,-0.14123,-0.28088,-0.4242,-0.55216,-0.64726,-0.679,-0.61291,-0.45188,-0.25012,-0.083399,-0.004141,-0.024919,-0.12521,-0.25483,-0.34802,-0.34963,-0.25619,-0.12301,-0.03865,-0.072584,-0.25342,-0.55551,-0.91132,-1.2371,-1.4621,-1.56,-1.5572,-1.5134,-1.5092,-1.6095,-1.8381,-2.1679,-2.5013,-2.6956,-2.6255,-2.2678,-1.7127,-1.1083,-0.57408,-0.17032,0.096389,0.25268,0.33741,0.38369,0.40664,0.40735,0.38223,0.32781,0.23614,0.080341,-0.17203,-0.5463,-1.03,-1.5639,-2.063,-2.4481,-2.6707,-2.7268,-2.6565,-2.5214,-2.3831,-2.2837
-0.10593,0.11347,-0.094373,-0.54414,-0.92906,-1.1429,-1.1424,-0.90384,-0.5107,-0.11839,0.15582,0.26936,0.24462,0.15373,0.074959,0.039406,0.026167,-3.2011e-05,-0.061345,-0.16076,-0.29018,-0.43817,-0.58101,-0.66986,-0.64843,-0.50954,-0.3099,-0.13598,-0.047433,-0.062245,-0.15933,-0.28732,-0.38015,-0.38094,-0.28332,-0.14436,-0.050951,-0.076714,-0.24856,-0.54259,-0.88914,-1.1954,-1.3895,-1.4477,-1.401,-1.3307,-1.3187,-1.4311,-1.6935,-2.0684,-2.4567,-2.7088,-2.6858,-2.3496,-1.7925,-1.1693,-0.61062,-0.1859,0.093594,0.25672,0.34234,0.38883,0.41733,0.43128,0.42352,0.38269,0.29175,0.12459,-0.15588,-0.56964,-1.0938,-1.6575,-2.1679,-2.5442,-2.7438,-2.772,-2.6745,-2.5199,-2.3704,-2.2669
-0.11175,0.073139,-0.16442,-0.6206,-0.99362,-1.1907,-1.1787,-0.93885,-0.55409,-0.17411,0.08561,0.17986,0.13175,0.021339,-0.0575,-0.066771,-0.029815,0.0090315,0.015159,-0.03138,-0.14025,-0.30786,-0.50186,-0.65156,-0.6813,-0.57065,-0.37988,-0.20415,-0.11202,-0.12344,-0.21614,-0.33893,-0.42698,-0.42759,-0.33339,-0.19699,-0.099797,-0.11476,-0.2715,-0.54911,-0.87465,-1.1539,-1.3067,-1.3119,-1.218,-1.1109,-1.0846,-1.2042,-1.4883,-1.8949,-2.3229,-2.6205,-2.6421,-2.3391,-1.8034,-1.1891,-0.63281,-0.20852,0.070182,0.229,0.31347,0.36265,0.39826,0.4228,0.42684,0.39532,0.30675,0.12621,-0.18096,-0.6308,-1.1921,-1.7834,-2.3011,-2.6596,-2.8207,-2.803,-2.6674,-2.4866,-2.3231,-2.2147
-0.10204,0.055762,-0.20145,-0.65736,-1.0188,-1.2062,-1.1944,-0.96572,-0.59814,-0.23481,0.01108,0.092636,0.030153,-0.092463,-0.17172,-0.16412,-0.093025,-0.0081561,0.046337,0.038367,-0.052743,-0.22842,-0.45135,-0.6371,-0.69591,-0.60103,-0.41697,-0.24282,-0.15142,-0.1623,-0.25257,-0.37191,-0.45604,-0.45672,-0.36936,-0.24048,-0.14795,-0.1577,-0.30326,-0.56253,-0.86674,-1.1209,-1.2468,-1.2249,-1.1054,-0.98029,-0.9446,-1.0621,-1.3454,-1.7536,-2.181,-2.4798,-2.5134,-2.2414,-1.7378,-1.1542,-0.62243,-0.21682,0.046808,0.19627,0.26897,0.30894,0.34125,0.37012,0.38417,0.36325,0.27845,0.096412,-0.22405,-0.69592,-1.2783,-1.8772,-2.3818,-2.7096,-2.8337,-2.7826,-2.6217,-2.4279,-2.2615,-2.1568
-0.072596,0.046611,-0.23316,-0.68234,-1.0252,-1.2016,-1.1995,-0.99941,-0.66732,-0.33538,-0.11207,-0.047391,-0.12656,-0.26336,-0.34542,-0.31961,-0.2079,-0.066316,0.048773,0.090554,0.025712,-0.15291,-0.40243,-0.62316,-0.70493,-0.61868,-0.43632,-0.26403,-0.17417,-0.18489,-0.27135,-0.38543,-0.46914,-0.47971,-0.41068,-0.30107,-0.21713,-0.22056,-0.3448,-0.57458,-0.85018,-1.0786,-1.1849,-1.1468,-1.0098,-0.86951,-0.81644,-0.91181,-1.1689,-1.539,-1.926,-2.1997,-2.2435,-2.0153,-1.5849,-1.0755,-0.6047,-0.24295,-0.008667,0.1155,0.17461,0.20541,0.23102,0.25551,0.2687,0.25149,0.17656,0.00011855,-0.31428,-0.77963,-1.3544,-1.9417,-2.4252,-2.7188,-2.799,-2.7092,-2.5208,-2.3139,-2.1479,-2.0526
-0.026789,0.050399,-0.25019,-0.68675,-1.0069,-1.1735,-1.1866,-1.0255,-0.74108,-0.44957,-0.25433,-0.20879,-0.30354,-0.45481,-0.54424,-0.50537,-0.35799,-0.16471,0.0066903,0.095621,0.056755,-0.12029,-0.38326,-0.61599,-0.69701,-0.6025,-0.41369,-0.24315,-0.15811,-0.17051,-0.25385,-0.36251,-0.44965,-0.47767,-0.43509,-0.34911,-0.27321,-0.26992,-0.3739,-0.58263,-0.83883,-1.0594,-1.1617,-1.1192,-0.97758,-0.82231,-0.74559,-0.80579,-1.0115,-1.3224,-1.6526,-1.8908,-1.9385,-1.7629,-1.4081,-0.97785,-0.57666,-0.27193,-0.083546,0.010713,0.038762,0.043527,0.051767,0.070532,0.089685,0.087496,0.033422,-0.11703,-0.40595,-0.84454,-1.3863,-1.9308,-2.3656,-2.6148,-2.6642,-2.5529,-2.362,-2.1613,-2.0055,-1.9234
0.016768,0.059403,-0.25621,-0.68146,-0.98201,-1.1402,-1.1661,-1.0383,-0.79516,-0.53901,-0.36856,-0.33886,-0.44652,-0.61103,-0.70936,-0.6653,-0.49434,-0.26315,-0.050292,0.071892,0.050855,-0.12284,-0.38745,-0.61399,-0.67976,-0.56991,-0.3751,-0.20685,-0.12663,-0.14137,-0.22302,-0.33009,-0.41951,-0.45842,-0.43521,-0.36919,-0.3076,-0.3048,-0.40072,-0.59412,-0.83826,-1.0526,-1.1588,-1.1264,-0.9911,-0.83336,-0.74035,-0.76776,-0.92588,-1.1792,-1.453,-1.6545,-1.7028,-1.5653,-1.2779,-0.9229,-0.5882,-0.33283,-0.17605,-0.10686,-0.091768,-0.097643,-0.10104,-0.09262,-0.076167,-0.067629,-0.09613,-0.21226,-0.4577,-0.84931,-1.3468,-1.8538,-2.258,-2.4821,-2.5126,-2.3978,-2.2077,-2.0178,-1.8808,-1.8198
0.084731,0.077862,-0.25879,-0.66716,-0.93907,-1.0838,-1.1255,-1.0434,-0.85975,-0.65706,-0.5234,-0.51665,-0.64258,-0.82773,-0.94543,-0.90243,-0.70296,-0.42094,-0.1531,0.011836,0.013697,-0.15328,-0.41279,-0.61858,-0.65141,-0.51313,-0.30816,-0.1428,-0.06933,-0.087202,-0.16872,-0.27551,-0.37249,-0.42896,-0.4338,-0.39538,-0.35243,-0.35189,-0.43518,-0.60893,-0.84098,-1.0583,-1.1878,-1.1868,-1.0702,-0.91121,-0.7866,-0.75639,-0.84229,-1.0159,-1.2224,-1.3868,-1.4428,-1.3594,-1.1583,-0.89658,-0.6413,-0.44359,-0.32652,-0.2839,-0.29459,-0.32821,-0.35473,-0.35438,-0.32455,-0.28203,-0.26109,-0.31264,-0.4883,-0.80675,-1.2293,-1.6659,-2.0157,-2.2117,-2.2415,-2.1395,-1.9763,-1.8139,-1.7006,-1.6608
0.16104,0.10219,-0.25652,-0.64839,-0.88929,-1.0164,-1.0701,-1.032,-0.90924,-0.76396,-0.67132,-0.68751,-0.82938,-1.0393,-1.1857,-1.1536,-0.93053,-0.59914,-0.27707,-0.070282,-0.045777,-0.20449,-0.45547,-0.637,-0.63419,-0.46541,-0.24747,-0.083518,-0.017773,-0.040195,-0.12112,-0.22728,-0.33041,-0.40892,-0.44511,-0.43727,-0.40807,-0.40485,-0.47438,-0.63833,-0.86958,-1.1045,-1.2605,-1.2859,-1.1907,-1.0267,-0.87366,-0.79219,-0.80581,-0.90879,-1.0584,-1.196,-1.2655,-1.2375,-1.114,-0.93563,-0.75509,-0.615,-0.53527,-0.51402,-0.5372,-0.57851,-0.61243,-0.61611,-0.57585,-0.49748,-0.41547,-0.38351,-0.4635,-0.68738,-1.0281,-1.4033,-1.7156,-1.8971,-1.9321,-1.8541,-1.7186,-1.5885,-1.5092,-1.5018
