-1.2501,-0.28127,0.15787,0.034183,-0.34547,-0.68229,-0.84618,-0.81781,-0.66145,-0.55158,-0.68445,-1.1072,-1.6361,-1.9784,-1.9881,-1.7449,-1.4032,-1.0747,-0.81119,-0.62147,-0.49089,-0.40017,-0.33803,-0.30174,-0.28492,-0.28182,-0.28902,-0.31287,-0.3591,-0.43466,-0.53797,-0.665,-0.80794,-0.95039,-1.0639,-1.1153,-1.0801,-0.96092,-0.78449,-0.58912,-0.40512,-0.24312,-0.10119,0.033951,0.18331,0.36415,0.58805,0.84642,1.1124,1.3599,1.5718,1.7385,1.8485,1.8859,1.8319,1.6836,1.4571,1.1805,0.88239,0.58544,0.31084,0.075455,-0.10075,-0.1976,-0.20093,-0.11069,0.049653,0.24478,0.41389,0.49939,0.46587,0.31271,0.072964,-0.19765,-0.43704,-0.59832,-0.66155,-0.64381,-0.57836,-0.49815
-1.218,-0.29232,0.12802,0.019118,-0.32633,-0.63828,-0.7994,-0.78536,-0.64238,-0.52402,-0.61483,-0.96449,-1.4102,-1.6971,-1.6995,-1.4799,-1.1668,-0.85983,-0.61198,-0.44041,-0.34041,-0.29902,-0.30172,-0.32904,-0.35371,-0.36179,-0.35972,-0.36782,-0.40219,-0.46927,-0.56413,-0.67816,-0.79994,-0.9166,-1.0027,-1.03,-0.97456,-0.84002,-0.65278,-0.45168,-0.26805,-0.11435,0.010518,0.12042,0.2366,0.37953,0.56353,0.78321,1.0162,1.2402,1.4372,1.5996,1.7183,1.7765,1.7569,1.6545,1.4798,1.2553,1.0047,0.75036,0.50379,0.28485,0.11402,0.010411,-0.013822,0.042316,0.16826,0.32271,0.45775,0.5205,0.47358,0.31071,0.060802,-0.21988,-0.46517,-0.62213,-0.67789,-0.64949,-0.57386,-0.48465
-1.1463,-0.28542,0.10754,0.015172,-0.29233,-0.58365,-0.75488,-0.76858,-0.64478,-0.51185,-0.54186,-0.78984,-1.125,-1.3398,-1.3304,-1.1391,-0.86285,-0.58476,-0.35763,-0.20677,-0.13767,-0.14582,-0.2176,-0.31838,-0.39903,-0.42907,-0.42184,-0.41206,-0.42987,-0.48344,-0.56687,-0.66469,-0.76211,-0.84458,-0.89377,-0.88392,-0.80105,-0.64858,-0.45416,-0.25269,-0.073481,0.066467,0.16956,0.2486,0.32098,0.40869,0.52498,0.67369,0.84651,1.0273,1.2033,1.3629,1.4935,1.5791,1.6027,1.5565,1.4474,1.2935,1.1137,0.92151,0.729,0.54496,0.3831,0.26311,0.205,0.21847,0.29122,0.39882,0.49084,0.51629,0.44143,0.2635,0.012468,-0.25774,-0.48554,-0.62373,-0.65935,-0.61441,-0.52614,-0.42819
-1.0742,-0.26613,0.10376,0.02232,-0.2613,-0.54237,-0.72741,-0.76584,-0.65882,-0.51588,-0.4999,-0.67231,-0.92714,-1.0901,-1.071,-0.89744,-0.64576,-0.38797,-0.17561,-0.037973,0.013449,-0.02257,-0.13467,-0.28309,-0.4043,-0.45574,-0.44974,-0.42918,-0.43256,-0.47325,-0.5456,-0.63102,-0.71359,-0.77561,-0.80128,-0.76778,-0.66633,-0.50254,-0.3028,-0.10033,0.075708,0.20896,0.29866,0.35457,0.39284,0.43345,0.49386,0.58509,0.70686,0.84867,0.99986,1.1489,1.2828,1.3863,1.4416,1.4399,1.3844,1.2861,1.1579,1.011,0.85321,0.69384,0.54613,0.42696,0.3528,0.33333,0.36651,0.42659,0.47785,0.47739,0.39287,0.21788,-0.02203,-0.27509,-0.48077,-0.59689,-0.6132,-0.55501,-0.46157,-0.36503
-0.95799,-0.22503,0.11097,0.042008,-0.21265,-0.48181,-0.68539,-0.75911,-0.67862,-0.52755,-0.45519,-0.53267,-0.68736,-0.78573,-0.75335,-0.59901,-0.37586,-0.14317,0.049706,0.17022,0.20168,0.1372,-0.015955,-0.21555,-0.38522,-0.46736,-0.46906,-0.44006,-0.42568,-0.44738,-0.4989,-0.56488,-0.62739,-0.67028,-0.67298,-0.61931,-0.49791,-0.31924,-0.10982,0.095863,0.26878,0.39446,0.46843,0.49645,0.49126,0.4699,0.45563,0.46794,0.51625,0.5999,0.70883,0.83442,0.96677,1.0892,1.1872,1.2439,1.2531,1.2196,1.1534,1.0624,0.95308,0.83108,0.7044,0.58702,0.49594,0.44333,0.42844,0.43742,0.44141,0.40705,0.31024,0.14814,-0.057153,-0.26418,-0.42584,-0.50523,-0.50431,-0.44287,-0.3529,-0.26172
-0.82532,-0.17083,0.1288,0.071296,-0.15383,-0.40813,-0.62361,-0.72954,-0.6807,-0.53184,-0.41486,-0.40868,-0.47348,-0.51407,-0.46778,-0.32978,-0.13336,0.0737,0.24502,0.34674,0.35973,0.27376,0.091463,-0.14595,-0.35583,-0.46657,-0.47878,-0.44371,-0.41498,-0.41797,-0.45099,-0.50032,-0.54575,-0.5704,-0.55399,-0.4798,-0.34115,-0.15137,0.062772,0.26778,0.43842,0.55808,0.62237,0.63194,0.59244,0.51669,0.42693,0.35356,0.3224,0.34517,0.41657,0.52147,0.64452,0.77583,0.89841,1.0008,1.0709,1.1011,1.0915,1.0497,0.9793,0.88806,0.78445,0.67865,0.58185,0.50344,0.44905,0.41025,0.37327,0.31786,0.22629,0.09416,-0.063275,-0.21412,-0.32252,-0.36694,-0.34534,-0.28204,-0.20509,-0.13516
-0.71932,-0.12451,0.14747,0.098708,-0.10257,-0.34088,-0.5569,-0.68196,-0.65908,-0.52143,-0.38307,-0.32498,-0.33113,-0.33316,-0.27668,-0.14957,0.027248,0.21373,0.36667,0.45257,0.45115,0.35039,0.15059,-0.10959,-0.3437,-0.47282,-0.49038,-0.44858,-0.4066,-0.39511,-0.41786,-0.45771,-0.49334,-0.50349,-0.47189,-0.38416,-0.23847,-0.04586,0.16787,0.373,0.54334,0.66224,0.72172,0.71977,0.65887,0.54966,0.41388,0.28523,0.199,0.17305,0.2066,0.28677,0.3999,0.53368,0.67673,0.80953,0.91309,0.97713,1.0018,0.99304,0.95424,0.88981,0.80398,0.70459,0.60288,0.5097,0.43079,0.36815,0.31261,0.25121,0.17178,0.070738,-0.042261,-0.14621,-0.21707,-0.23871,-0.21404,-0.15804,-0.091456,-0.03177
-0.57435,-0.058592,0.17644,0.14053,-0.025358,-0.23327,-0.43769,-0.57778,-0.5903,-0.48181,-0.33553,-0.22674,-0.16803,-0.12508,-0.055815,0.059044,0.21073,0.36818,0.4928,0.55234,0.52605,0.40134,0.17889,-0.10278,-0.35543,-0.49781,-0.51801,-0.46754,-0.40745,-0.3763,-0.38198,-0.40759,-0.42924,-0.42276,-0.37372,-0.27337,-0.12188,0.070375,0.28115,0.48291,0.65033,0.76623,0.82042,0.80782,0.72638,0.58279,0.39713,0.2065,0.055298,-0.028683,-0.042075,0.002816,0.092876,0.21935,0.37359,0.53432,0.67614,0.78214,0.8486,0.8779,0.87706,0.84597,0.78423,0.6952,0.58802,0.47509,0.37028,0.27772,0.204,0.14813,0.10293,0.05915,0.013291,-0.028011,-0.051832,-0.048231,-0.019429,0.023406,0.066234,0.098575
-0.46582,-0.0088999,0.1988,0.1743,0.037519,-0.14047,-0.32666,-0.4689,-0.50654,-0.42959,-0.29368,-0.16351,-0.068178,0.002796,0.080705,0.18783,0.3216,0.45645,0.55687,0.59175,0.54093,0.39369,0.15429,-0.13454,-0.38735,-0.52675,-0.54499,-0.48907,-0.41897,-0.37448,-0.36348,-0.37597,-0.38498,-0.36807,-0.30774,-0.19968,-0.044718,0.14422,0.34786,0.54037,0.70084,0.81164,0.86308,0.84707,0.75767,0.59657,0.38159,0.15239,-0.041508,-0.16308,-0.20702,-0.18913,-0.1236,-0.011324,0.14206,0.32014,0.49111,0.628,0.72123,0.77669,0.79625,0.7833,0.73677,0.65664,0.54863,0.42493,0.30039,0.19385,0.11706,0.074275,0.058411,0.056142,0.057315,0.060327,0.069732,0.089206,0.11787,0.14882,0.1741,0.18846
-0.3242,0.054139,0.22687,0.21936,0.12533,-0.005434,-0.15522,-0.28848,-0.35515,-0.32936,-0.22785,-0.09229,0.034192,0.13409,0.22235,0.32009,0.43048,0.53385,0.59811,0.59379,0.50313,0.32084,0.059816,-0.22971,-0.46588,-0.583,-0.58306,-0.51304,-0.4305,-0.3727,-0.34873,-0.34744,-0.34092,-0.30432,-0.22408,-0.10421,0.049057,0.22373,0.40673,0.57939,0.7244,0.82679,0.87484,0.8574,0.76358,0.59092,0.35253,0.087083,-0.14957,-0.31959,-0.41252,-0.43945,-0.40827,-0.31743,-0.1603,0.038084,0.23761,0.40716,0.53608,0.62498,0.67877,0.69499,0.66697,0.59169,0.47526,0.33272,0.1863,0.05836,-0.025596,-0.05086,-0.021641,0.040245,0.10913,0.16884,0.21551,0.25136,0.27852,0.29608,0.30186,0.29432
-0.18991,0.11059,0.25042,0.26176,0.21431,0.13595,0.030831,-0.083012,-0.17179,-0.2028,-0.15457,-0.037099,0.10215,0.22218,0.31927,0.40765,0.49339,0.56216,0.58555,0.53604,0.39962,0.17999,-0.097324,-0.37505,-0.57647,-0.65354,-0.61851,-0.52596,-0.43117,-0.36701,-0.34206,-0.33352,-0.30853,-0.24299,-0.13881,-0.0079323,0.13505,0.28524,0.4353,0.57753,0.69858,0.7873,0.83001,0.81274,0.72174,0.54548,0.29469,0.0072242,-0.2638,-0.47002,-0.60265,-0.67253,-0.68312,-0.61618,-0.4664,-0.24971,-0.01248,0.20141,0.37054,0.49299,0.57194,0.60439,0.58565,0.51269,0.38974,0.23104,0.059365,-0.087648,-0.17583,-0.18211,-0.11199,0.0031409,0.12639,0.23272,0.31211,0.36568,0.39236,0.39733,0.38481,0.36023
-0.095827,0.14666,0.26344,0.28967,0.27821,0.24073,0.17152,0.077116,-0.023761,-0.098118,-0.098808,-0.0079599,0.1307,0.26104,0.363,0.44397,0.51049,0.55166,0.54219,0.4569,0.28539,0.03932,-0.24398,-0.50199,-0.66478,-0.70298,-0.63921,-0.53029,-0.42655,-0.35916,-0.33195,-0.31751,-0.28105,-0.19952,-0.080325,0.055791,0.19088,0.31891,0.43877,0.5488,0.64369,0.7157,0.75333,0.74056,0.65802,0.49086,0.24185,-0.056212,-0.34711,-0.58683,-0.75664,-0.86048,-0.89564,-0.84272,-0.68296,-0.44282,-0.17872,0.060077,0.25236,0.39674,0.49502,0.54514,0.53822,0.46775,0.33742,0.16371,-0.023788,-0.18917,-0.28918,-0.29368,-0.20452,-0.056594,0.10412,0.24354,0.34664,0.41096,0.44263,0.4475,0.43087,0.39748
0.019147,0.18489,0.27166,0.3188,0.35517,0.37105,0.34893,0.28307,0.17192,0.043606,-0.027627,0.014884,0.14216,0.28011,0.38579,0.45619,0.49688,0.50059,0.44671,0.31459,0.099614,-0.1757,-0.45724,-0.67247,-0.76749,-0.74419,-0.64488,-0.52049,-0.41162,-0.34323,-0.31157,-0.29003,-0.24035,-0.14229,-0.0083194,0.12958,0.24771,0.33918,0.40976,0.46849,0.5212,0.56702,0.59659,0.59139,0.52699,0.37979,0.1455,-0.15069,-0.46107,-0.73453,-0.94957,-1.0993,-1.1676,-1.1225,-0.94837,-0.6757,-0.37268,-0.097115,0.12634,0.29719,0.41643,0.48224,0.48538,0.4181,0.28299,0.096733,-0.11078,-0.29688,-0.41291,-0.42307,-0.3264,-0.15869,0.030354,0.20098,0.33155,0.41425,0.45458,0.45902,0.43694,0.39852
0.12111,0.20998,0.26629,0.33565,0.41811,0.48224,0.50432,0.46613,0.35029,0.1766,0.036387,0.024117,0.13044,0.269,0.37523,0.43429,0.44874,0.41513,0.31905,0.14594,-0.10227,-0.39247,-0.65555,-0.81229,-0.83114,-0.74605,-0.61433,-0.48027,-0.37386,-0.30968,-0.28074,-0.2574,-0.19999,-0.090203,0.051284,0.18328,0.2756,0.32221,0.3351,0.33467,0.33778,0.35336,0.37572,0.38564,0.35197,0.24251,0.039512,-0.24483,-0.56578,-0.87327,-1.1283,-1.3075,-1.3866,-1.3364,-1.1437,-0.85035,-0.52565,-0.22609,0.022759,0.21438,0.35339,0.4347,0.44933,0.39062,0.26139,0.076531,-0.13525,-0.33792,-0.4811,-0.52162,-0.4465,-0.28357,-0.083988,0.10481,0.25366,0.35356,0.40477,0.4161,0.39986,0.36749
0.18827,0.21976,0.2531,0.33898,0.45303,0.54966,0.60089,0.58139,0.46414,0.26285,0.077153,0.024687,0.11185,0.24658,0.35116,0.40056,0.39507,0.33431,0.20983,0.013216,-0.24781,-0.53286,-0.76602,-0.87219,-0.83813,-0.71641,-0.56738,-0.4304,-0.32851,-0.26962,-0.24609,-0.22481,-0.16658,-0.054668,0.083977,0.20506,0.27338,0.28234,0.24729,0.19626,0.15787,0.14918,0.17041,0.19971,0.19885,0.12636,-0.045338,-0.31035,-0.62902,-0.94622,-1.2168,-1.4107,-1.4977,-1.4422,-1.2427,-0.93868,-0.60257,-0.29281,-0.035639,0.16554,0.31134,0.39876,0.42171,0.37539,0.2617,0.09183,-0.11352,-0.31825,-0.47642,-0.54318,-0.49982,-0.36609,-0.18576,-0.0025577,0.15305,0.26466,0.32981,0.35439,0.34816,0.32254
0.26527,0.22138,0.22295,0.32926,0.48121,0.6147,0.69777,0.6996,0.58193,0.35341,0.11991,0.020416,0.081442,0.2073,0.30551,0.33993,0.30825,0.21457,0.05964,-0.15457,-0.41102,-0.6624,-0.83366,-0.86654,-0.77541,-0.62569,-0.47116,-0.34099,-0.24789,-0.19563,-0.1764,-0.15901,-0.10713,-0.0073984,0.11225,0.20361,0.23005,0.18318,0.082178,-0.036136,-0.12984,-0.16834,-0.14544,-0.084655,-0.031565,-0.040531,-0.15007,-0.36668,-0.66087,-0.9766,-1.2593,-1.4614,-1.5419,-1.4759,-1.2698,-0.97591,-0.65885,-0.36465,-0.11378,0.088387,0.24066,0.34016,0.38175,0.36208,0.28269,0.15044,-0.022987,-0.21342,-0.38887,-0.50696,-0.53315,-0.46187,-0.32059,-0.15269,0.0030772,0.12335,0.20198,0.23996,0.24761,0.23675
0.31411,0.21457,0.19148,0.31037,0.48719,0.64264,0.74489,0.75904,0.6421,0.40071,0.14265,0.016681,0.060187,0.17734,0.26737,0.28836,0.23742,0.12282,-0.047192,-0.26176,-0.49668,-0.70307,-0.81438,-0.79294,-0.67155,-0.51765,-0.37585,-0.25894,-0.17384,-0.12471,-0.10505,-0.091991,-0.051574,0.028092,0.12264,0.18264,0.17163,0.079473,-0.072284,-0.24083,-0.37437,-0.43256,-0.40413,-0.31274,-0.21234,-0.1616,-0.21161,-0.38041,-0.64102,-0.94244,-1.2192,-1.4143,-1.4869,-1.4194,-1.2288,-0.9634,-0.67661,-0.40613,-0.17035,0.021897,0.17404,0.28062,0.33835,0.34494,0.29998,0.20539,0.067097,-0.10372,-0.28017,-0.42369,-0.49657,-0.48193,-0.39246,-0.26046,-0.12109,-0.001308,0.084861,0.13743,0.16172,0.16565
0.36821,0.19526,0.13896,0.26991,0.47286,0.65061,0.77134,0.79784,0.6844,0.43626,0.16241,0.015974,0.040794,0.14316,0.2177,0.2179,0.14227,0.0058165,-0.17221,-0.36927,-0.55424,-0.68223,-0.70704,-0.62304,-0.47792,-0.33324,-0.2152,-0.12017,-0.046374,-0.0023985,0.014307,0.016812,0.033562,0.077505,0.12793,0.13904,0.072947,-0.080953,-0.30055,-0.53337,-0.71379,-0.78791,-0.74079,-0.60355,-0.43645,-0.3122,-0.2854,-0.37858,-0.57637,-0.82586,-1.0659,-1.2407,-1.3092,-1.2568,-1.1021,-0.88703,-0.65691,-0.44096,-0.25093,-0.086051,0.047808,0.15572,0.23715,0.28837,0.30339,0.27534,0.19834,0.073511,-0.08877,-0.25919,-0.39517,-0.4599,-0.44274,-0.36257,-0.25327,-0.14652,-0.059076,0.00081576,0.036566,0.055665
0.41042,0.16748,0.076078,0.21264,0.43344,0.62543,0.75666,0.79213,0.68533,0.44302,0.17335,0.024107,0.036934,0.12164,0.17535,0.15268,0.054157,-0.098182,-0.2734,-0.43778,-0.55697,-0.59693,-0.53747,-0.39959,-0.24197,-0.1124,-0.016945,0.054644,0.11051,0.14471,0.15205,0.14259,0.13342,0.13671,0.1344,0.089217,-0.033971,-0.24543,-0.52017,-0.80122,-1.0138,-1.0977,-1.0355,-0.85879,-0.63415,-0.43456,-0.32339,-0.33397,-0.4566,-0.64751,-0.8443,-0.98915,-1.0471,-1.0141,-0.91392,-0.77956,-0.63375,-0.48767,-0.34837,-0.22489,-0.11122,-0.0077501,0.08931,0.17935,0.25335,0.29566,0.29047,0.22308,0.09734,-0.066468,-0.23109,-0.35516,-0.4117,-0.39914,-0.3378,-0.25649,-0.17945,-0.11782,-0.073879,-0.044103
0.43471,0.14296,0.023917,0.15948,0.38801,0.58599,0.72093,0.76067,0.66189,0.43304,0.17942,0.039422,0.04744,0.11743,0.15273,0.11125,-0.0040345,-0.16574,-0.3343,-0.468,-0.53218,-0.50444,-0.38504,-0.21171,-0.049062,0.066942,0.14184,0.19379,0.23356,0.25929,0.26285,0.24713,0.22201,0.19428,0.15081,0.062229,-0.10127,-0.34767,-0.6529,-0.95659,-1.1812,-1.2644,-1.1906,-0.9939,-0.74047,-0.50098,-0.34128,-0.29773,-0.36322,-0.50368,-0.65795,-0.77508,-0.82798,-0.8186,-0.76315,-0.68592,-0.59984,-0.51103,-0.42415,-0.34072,-0.26064,-0.17451,-0.072458,0.046427,0.16864,0.26991,0.32274,0.30943,0.2212,0.071889,-0.10189,-0.25331,-0.3472,-0.37469,-0.35041,-0.29823,-0.24047,-0.18809,-0.14448,-0.10874
0.4592,0.10696,-0.049695,0.077632,0.30879,0.50754,0.6425,0.68666,0.60252,0.40399,0.18902,0.074397,0.080529,0.12843,0.13526,0.066552,-0.070611,-0.24176,-0.39612,-0.48348,-0.47273,-0.35991,-0.17126,0.036896,0.20184,0.30017,0.34747,0.37389,0.39444,0.41067,0.41341,0.39364,0.35136,0.28633,0.19336,0.053807,-0.15091,-0.42561,-0.74544,-1.0524,-1.2742,-1.3525,-1.2787,-1.0857,-0.82612,-0.56788,-0.36405,-0.25241,-0.24396,-0.30701,-0.40207,-0.48835,-0.54199,-0.56126,-0.56584,-0.56602,-0.56403,-0.55695,-0.544,-0.52574,-0.49467,-0.43597,-0.33385,-0.18612,-0.011467,0.15718,0.28552,0.34277,0.31743,0.21618,0.067432,-0.087038,-0.20948,-0.28102,-0.30424,-0.29363,-0.26836,-0.237,-0.20451,-0.17233
0.4728,0.078572,-0.10643,0.0097496,0.23688,0.43184,0.5632,0.60931,0.53926,0.37194,0.19767,0.1105,0.11783,0.14768,0.13145,0.041844,-0.11018,-0.28543,-0.42622,-0.47838,-0.41612,-0.25001,-0.022004,0.20314,0.36845,0.45669,0.4888,0.49928,0.50799,0.51774,0.51953,0.49878,0.44787,0.3634,0.24328,0.077844,-0.14352,-0.42181,-0.73265,-1.0254,-1.2351,-1.3172,-1.2602,-1.0884,-0.8479,-0.58851,-0.36519,-0.21969,-0.16477,-0.18481,-0.24264,-0.30322,-0.35012,-0.3877,-0.43121,-0.48635,-0.5455,-0.59824,-0.64073,-0.67374,-0.68482,-0.65636,-0.56586,-0.40623,-0.19761,0.019544,0.20103,0.31408,0.33931,0.28003,0.1625,0.026302,-0.092984,-0.17682,-0.22445,-0.24547,-0.248,-0.23951,-0.22327,-0.20104
0.48509,0.041276,-0.18141,-0.086636,0.12661,0.31098,0.43492,0.4826,0.43581,0.32086,0.21248,0.17033,0.18119,0.18622,0.13831,0.022224,-0.14606,-0.32237,-0.44331,-0.45362,-0.33628,-0.11757,0.14697,0.38676,0.55279,0.63179,0.64993,0.64253,0.6364,0.63717,0.63766,0.6196,0.56624,0.47054,0.33242,0.15235,-0.071201,-0.33328,-0.61236,-0.86768,-1.0536,-1.1383,-1.1168,-1.0025,-0.81839,-0.59659,-0.37721,-0.20175,-0.095598,-0.056933,-0.06469,-0.095809,-0.13993,-0.20242,-0.29194,-0.4073,-0.53483,-0.66006,-0.77575,-0.87438,-0.94709,-0.96406,-0.89396,-0.72707,-0.48853,-0.22597,0.011624,0.18929,0.28681,0.30223,0.25144,0.16268,0.065083,-0.02189,-0.091354,-0.14446,-0.18441,-0.20944,-0.21886,-0.21292
0.49223,0.0061831,-0.25231,-0.1874,0.002597,0.17011,0.2842,0.3331,0.3158,0.26428,0.23246,0.2413,0.2581,0.23877,0.15937,0.01955,-0.16003,-0.33307,-0.4353,-0.41375,-0.25859,-0.0060419,0.28074,0.53244,0.69889,0.77019,0.77444,0.74667,0.72032,0.71132,0.71248,0.70478,0.66218,0.57249,0.43603,0.26314,0.060421,-0.16356,-0.39333,-0.6031,-0.76569,-0.8633,-0.89153,-0.85261,-0.74786,-0.58665,-0.39147,-0.2011,-0.053988,0.034739,0.068182,0.05947,0.015276,-0.069597,-0.20123,-0.37284,-0.56381,-0.75173,-0.92359,-1.075,-1.1878,-1.2358,-1.1877,-1.0307,-0.78647,-0.50211,-0.22642,0.0014136,0.15882,0.24098,0.26015,0.23783,0.19306,0.13529,0.066953,-0.0056747,-0.078976,-0.14247,-0.18483,-0.20068
0.4951,-0.017628,-0.3017,-0.26435,-0.098653,0.052719,0.15736,0.20945,0.21922,0.22205,0.25306,0.30206,0.32381,0.28653,0.18452,0.029144,-0.15497,-0.32218,-0.41064,-0.37018,-0.19468,0.074398,0.3701,0.62436,0.78586,0.84668,0.83328,0.78604,0.74288,0.72713,0.73446,0.7404,0.71429,0.6377,0.51317,0.35556,0.17843,-0.0078412,-0.19447,-0.3683,-0.51581,-0.62931,-0.70156,-0.72352,-0.68356,-0.57072,-0.40044,-0.20993,-0.039871,0.076978,0.1383,0.1474,0.10327,-0.0019632,-0.1651,-0.37436,-0.60256,-0.82494,-1.0281,-1.2008,-1.3353,-1.4001,-1.3636,-1.2156,-0.97932,-0.69871,-0.41813,-0.16968,0.027312,0.16427,0.24236,0.27056,0.26068,0.22219,0.16132,0.083327,-0.00092409,-0.077035,-0.13423,-0.1673
0.4966,-0.044756,-0.36217,-0.36854,-0.24359,-0.11805,-0.025747,0.035213,0.088123,0.17046,0.2885,0.39067,0.4189,0.35868,0.22972,0.058655,-0.12536,-0.27902,-0.3459,-0.28241,-0.088435,0.19047,0.48518,0.72666,0.86881,0.90541,0.86258,0.78635,0.72043,0.69531,0.71165,0.73979,0.74139,0.69173,0.59393,0.4681,0.33398,0.20255,0.07372,-0.053821,-0.18436,-0.31617,-0.44424,-0.54934,-0.59737,-0.55839,-0.42313,-0.22511,-0.025038,0.13363,0.22468,0.24219,0.18442,0.050371,-0.1589,-0.41883,-0.69357,-0.94938,-1.1666,-1.34,-1.4575,-1.5057,-1.4679,-1.3391,-1.1352,-0.88768,-0.62794,-0.38254,-0.16681,0.011253,0.14972,0.2486,0.30583,0.31739,0.2821,0.20965,0.11436,0.016839,-0.063311,-0.11561
0.49721,-0.066148,-0.41641,-0.47369,-0.39666,-0.30086,-0.21904,-0.1436,-0.039643,0.12732,0.33061,0.48276,0.51726,0.43812,0.28875,0.10924,-0.066909,-0.19958,-0.24061,-0.15657,0.045679,0.31896,0.59562,0.8089,0.91863,0.92057,0.84327,0.7325,0.63986,0.60274,0.62645,0.679,0.7121,0.69522,0.63068,0.54444,0.46038,0.38584,0.3129,0.22467,0.10805,-0.04372,-0.22035,-0.39391,-0.51798,-0.5384,-0.43317,-0.23375,-0.0076855,0.17595,0.28541,0.30892,0.24054,0.074754,-0.176,-0.48273,-0.79522,-1.0671,-1.274,-1.411,-1.4812,-1.486,-1.4255,-1.3063,-1.1441,-0.95694,-0.75823,-0.55363,-0.34612,-0.14288,0.042706,0.19511,0.3017,0.35506,0.35349,0.29928,0.21282,0.11369,0.020735,-0.052275
0.49858,-0.078656,-0.45279,-0.55166,-0.51447,-0.44271,-0.3656,-0.27469,-0.12824,0.10227,0.36558,0.55111,0.59068,0.50151,0.34177,0.1614,-0.0030829,-0.11494,-0.13442,-0.037177,0.16513,0.42554,0.67927,0.86374,0.94195,0.91125,0.80043,0.65824,0.54173,0.49356,0.52308,0.59434,0.65357,0.66322,0.62581,0.56745,0.51741,0.48247,0.44948,0.39234,0.28845,0.12817,-0.078831,-0.29821,-0.47102,-0.53121,-0.44252,-0.23542,0.0094285,0.21466,0.33613,0.3572,0.27228,0.080063,-0.20237,-0.53796,-0.86967,-1.1437,-1.3291,-1.4211,-1.4347,-1.386,-1.2939,-1.1757,-1.0455,-0.91123,-0.77137,-0.61875,-0.44887,-0.26054,-0.062705,0.12495,0.27734,0.37235,0.39872,0.36365,0.28051,0.17622,0.076672,-0.0019367
0.50273,-0.08954,-0.49573,-0.65289,-0.67169,-0.62958,-0.55397,-0.43668,-0.23135,0.07993,0.4141,0.63794,0.68495,0.58797,0.42098,0.24683,0.10505,0.026356,0.037394,0.14929,0.34434,0.57755,0.79035,0.92795,0.95656,0.87612,0.7158,0.52758,0.37371,0.30616,0.33711,0.43024,0.52297,0.57051,0.56848,0.54767,0.5387,0.5518,0.56603,0.54757,0.46356,0.29992,0.066381,-0.19684,-0.419,-0.51741,-0.44212,-0.22371,0.042656,0.26869,0.39798,0.41062,0.3022,0.078444,-0.24429,-0.61253,-0.95563,-1.2099,-1.343,-1.36,-1.2844,-1.1585,-1.0224,-0.9064,-0.82335,-0.76648,-0.71781,-0.64768,-0.53124,-0.36374,-0.16225,0.043202,0.22212,0.35087,0.41534,0.40808,0.35029,0.26001,0.15952,0.067934
0.50841,-0.092914,-0.52367,-0.72554,-0.78484,-0.76173,-0.6829,-0.54169,-0.29266,0.072863,0.45208,0.70003,0.75278,0.65318,0.48563,0.32023,0.19863,0.14669,0.18071,0.30165,0.4873,0.69471,0.8711,0.96838,0.95598,0.83595,0.63733,0.41272,0.22794,0.14292,0.17415,0.28306,0.3988,0.46914,0.48831,0.49011,0.50962,0.55611,0.60538,0.61516,0.5478,0.38594,0.14188,-0.14029,-0.3846,-0.4991,-0.43132,-0.21181,0.064564,0.29352,0.42417,0.43543,0.3203,0.078558,-0.25855,-0.64033,-0.98609,-1.2226,-1.3153,-1.2716,-1.1379,-0.96275,-0.795,-0.67022,-0.6037,-0.58895,-0.59925,-0.59635,-0.54717,-0.42864,-0.24457,-0.02627,0.18215,0.34149,0.4287,0.44366,0.39282,0.30462,0.20651,0.11778
0.5201,-0.091808,-0.5543,-0.81472,-0.92299,-0.91771,-0.82738,-0.65182,-0.34908,0.07691,0.50483,0.77891,0.83954,0.74024,0.57669,0.42652,0.3333,0.31605,0.37778,0.50649,0.67476,0.84325,0.96717,1.0069,0.93883,0.76679,0.51869,0.24648,0.021774,-0.086775,-0.054974,0.072909,0.21535,0.3092,0.34916,0.37133,0.4192,0.50233,0.59352,0.64099,0.60051,0.44939,0.20052,-0.098048,-0.3621,-0.48971,-0.41854,-0.18265,0.10557,0.34291,0.46611,0.45641,0.31497,0.054902,-0.29747,-0.67571,-0.99599,-1.1858,-1.2147,-1.1023,-0.8966,-0.66581,-0.47048,-0.35118,-0.31984,-0.36076,-0.44014,-0.51169,-0.52543,-0.45317,-0.29849,-0.092811,0.12097,0.30294,0.42392,0.4677,0.44503,0.37206,0.27382,0.17456
0.53714,-0.085069,-0.579,-0.8922,-1.0396,-1.0411,-0.93184,-0.72086,-0.37343,0.096586,0.55709,0.84997,0.91885,0.82369,0.66806,0.53524,0.46923,0.48194,0.56415,0.69334,0.83911,0.9666,1.039,1.0233,0.90382,0.68459,0.39268,0.080085,-0.17727,-0.30616,-0.27734,-0.13617,0.027971,0.14314,0.1984,0.2311,0.29145,0.39632,0.51822,0.60028,0.58806,0.45591,0.21367,-0.085779,-0.35064,-0.47397,-0.39436,-0.15337,0.13528,0.3616,0.47062,0.44796,0.29712,0.030552,-0.31185,-0.66906,-0.95632,-1.1019,-1.0798,-0.91481,-0.66795,-0.40752,-0.19603,-0.074597,-0.056543,-0.1287,-0.25444,-0.3851,-0.46896,-0.46154,-0.34918,-0.15713,0.065232,0.26713,0.41151,0.47972,0.47754,0.42024,0.3321,0.23567
0.55337,-0.076572,-0.59407,-0.9418,-1.1102,-1.1085,-0.98011,-0.74376,-0.3708,0.11949,0.59423,0.89708,0.97251,0.88254,0.7347,0.61447,0.56529,0.59417,0.68435,0.80773,0.93349,1.0307,1.0682,1.0176,0.86604,0.61788,0.30001,-0.036339,-0.31304,-0.45345,-0.42645,-0.27588,-0.09762,0.031657,0.093784,0.12981,0.19129,0.30235,0.43543,0.53367,0.53836,0.42172,0.19244,-0.096416,-0.35073,-0.46495,-0.37946,-0.13619,0.14974,0.36962,0.46905,0.43344,0.2697,-0.00044107,-0.33427,-0.66391,-0.9102,-1.0134,-0.95576,-0.76711,-0.50001,-0.22723,-0.014918,0.093881,0.088716,-0.010863,-0.16484,-0.32776,-0.43823,-0.45373,-0.36229,-0.18691,0.027298,0.23177,0.38788,0.4757,0.48914,0.44465,0.36492,0.27275
0.57979,-0.061292,-0.6095,-0.99588,-1.18,-1.1632,-1.0051,-0.73737,-0.34238,0.15865,0.64055,0.95128,1.0352,0.95438,0.81667,0.71011,0.67581,0.71534,0.80531,0.91337,1.0098,1.0694,1.0679,0.98212,0.79905,0.52343,0.17909,-0.1808,-0.47665,-0.62324,-0.5846,-0.41298,-0.21368,-0.073882,-0.012126,0.015781,0.067948,0.17308,0.30769,0.41398,0.43341,0.3326,0.1206,-0.14922,-0.38191,-0.4711,-0.36158,-0.10438,0.17764,0.38521,0.46319,0.405,0.22725,-0.039521,-0.34978,-0.63536,-0.82834,-0.8837,-0.79485,-0.58859,-0.32484,-0.06367,0.1376,0.23999,0.23041,0.12114,-0.053252,-0.24479,-0.40058,-0.46748,-0.4179,-0.26465,-0.052076,0.16631,0.34565,0.45603,0.49692,0.47425,0.40727,0.31782
0.61133,-0.04234,-0.62076,-1.0358,-1.2226,-1.1829,-0.99403,-0.70185,-0.2975,0.20169,0.68186,0.99726,1.0897,1.0169,0.88563,0.78519,0.75463,0.79196,0.87048,0.9569,1.0239,1.0515,1.0203,0.90986,0.7067,0.41434,0.057346,-0.3119,-0.61004,-0.74753,-0.68738,-0.48864,-0.26695,-0.11799,-0.059803,-0.051362,-0.024956,0.054329,0.17238,0.27251,0.29439,0.20386,0.0092444,-0.23417,-0.43156,-0.48,-0.34092,-0.075643,0.2011,0.38917,0.45113,0.38531,0.20867,-0.048533,-0.33418,-0.58587,-0.74168,-0.76629,-0.66013,-0.4555,-0.19705,0.052002,0.23529,0.31587,0.28484,0.15886,-0.031987,-0.23989,-0.41283,-0.50323,-0.48245,-0.35405,-0.1526,0.071582,0.27048,0.41025,0.47658,0.47812,0.43189,0.35711
0.63798,-0.026061,-0.62645,-1.0576,-1.2402,-1.1819,-0.97182,-0.66707,-0.26138,0.23239,0.70922,1.0281,1.1265,1.0572,0.92647,0.82321,0.78673,0.81379,0.87684,0.94385,0.99049,0.99987,0.95448,0.83352,0.62159,0.32177,-0.038506,-0.40564,-0.69366,-0.81396,-0.7348,-0.51458,-0.27511,-0.11318,-0.055619,-0.059914,-0.059718,-0.011424,0.079147,0.16113,0.17629,0.087447,-0.096432,-0.31946,-0.4875,-0.50252,-0.3345,-0.051684,0.22803,0.41385,0.46953,0.39707,0.21813,-0.031634,-0.30181,-0.5308,-0.66627,-0.68234,-0.58221,-0.38999,-0.15367,0.075714,0.24667,0.32284,0.29196,0.16517,-0.027568,-0.24721,-0.44551,-0.56829,-0.57493,-0.45958,-0.25496,-0.015313,0.20552,0.36978,0.46151,0.48021,0.4423,0.37034
0.67673,-0.0023251,-0.6312,-1.0786,-1.2527,-1.1708,-0.93712,-0.62143,-0.21868,0.26653,0.73999,1.0629,1.1674,1.0989,0.96155,0.84409,0.78823,0.79123,0.8265,0.86526,0.88815,0.88224,0.83009,0.70593,0.49071,0.18697,-0.17459,-0.53261,-0.79797,-0.88451,-0.76576,-0.50871,-0.23986,-0.061288,-0.0059051,-0.031659,-0.072266,-0.07337,-0.031403,0.015186,0.011036,-0.079902,-0.25147,-0.4482,-0.57442,-0.53905,-0.32314,-0.0079959,0.28487,0.47223,0.52488,0.45227,0.28,0.042747,-0.21312,-0.43213,-0.56722,-0.59383,-0.51329,-0.35025,-0.13941,0.06649,0.21718,0.27766,0.23724,0.10759,-0.088412,-0.31323,-0.52126,-0.66269,-0.69523,-0.60362,-0.40945,-0.16144,0.084879,0.28506,0.4116,0.4642,0.45449,0.40071
0.70728,0.016278,-0.63422,-1.0914,-1.259,-1.1628,-0.91638,-0.59546,-0.19573,0.28473,0.75728,1.0826,1.1892,1.1172,0.96928,0.83376,0.75514,0.73306,0.74342,0.76062,0.76924,0.75885,0.71037,0.59221,0.38087,0.078705,-0.27987,-0.62719,-0.87117,-0.92659,-0.77098,-0.48247,-0.19163,-0.0051434,0.046869,0.0025387,-0.067399,-0.1054,-0.10008,-0.083317,-0.10791,-0.20574,-0.37163,-0.54797,-0.63856,-0.5595,-0.30411,0.036129,0.34102,0.53298,0.59066,0.52716,0.36721,0.14102,-0.10934,-0.33246,-0.48246,-0.53391,-0.48511,-0.35196,-0.17186,0.011121,0.15018,0.21008,0.17625,0.05436,-0.13425,-0.36038,-0.58381,-0.75087,-0.80895,-0.73204,-0.53651,-0.2724,-0.00055888,0.22657,0.38381,0.4585,0.46025,0.40947
0.74882,0.04138,-0.63946,-1.1104,-1.2725,-1.1635,-0.90555,-0.58025,-0.18184,0.29652,0.77032,1.0985,1.2035,1.1209,0.95124,0.78294,0.66383,0.59877,0.57022,0.55957,0.55685,0.55266,0.52176,0.42263,0.22275,-0.072959,-0.42197,-0.74917,-0.95974,-0.97133,-0.77182,-0.44792,-0.13544,0.060431,0.10992,0.050177,-0.049397,-0.13068,-0.17321,-0.20079,-0.25514,-0.36621,-0.52248,-0.66557,-0.70445,-0.56578,-0.26122,0.11084,0.43306,0.63699,0.70954,0.66594,0.52791,0.31932,0.070976,-0.17354,-0.36596,-0.47083,-0.47524,-0.39106,-0.24598,-0.085746,0.040276,0.094659,0.062376,-0.050524,-0.22695,-0.44257,-0.65956,-0.83165,-0.90898,-0.85734,-0.67797,-0.41069,-0.11708,0.14485,0.33332,0.43608,0.46052,0.42644
0.79009,0.06461,-0.64893,-1.1381,-1.3007,-1.1865,-0.92359,-0.59435,-0.19217,0.29175,0.77205,1.1022,1.1999,1.0992,0.89779,0.68693,0.51655,0.39846,0.32562,0.29062,0.28981,0.31012,0.31271,0.24089,0.05592,-0.23085,-0.56542,-0.86776,-1.0437,-1.0178,-0.78676,-0.4385,-0.10861,0.097824,0.14769,0.076561,-0.048419,-0.16525,-0.24715,-0.3078,-0.38254,-0.49738,-0.6397,-0.74953,-0.73792,-0.54082,-0.18561,0.21763,0.55511,0.76606,0.84586,0.8166,0.70011,0.50873,0.26432,0.00064313,-0.23549,-0.39982,-0.4668,-0.43654,-0.3352,-0.20548,-0.094694,-0.038945,-0.054753,-0.1417,-0.28925,-0.48051,-0.69051,-0.87385,-0.97173,-0.93826,-0.76831,-0.50061,-0.19666,0.084223,0.29518,0.4233,0.47166,0.45406
0.81951,0.079753,-0.66048,-1.1675,-1.3355,-1.222,-0.95865,-0.62536,-0.21545,0.27952,0.76845,1.0993,1.187,1.0655,0.83281,0.58204,0.3657,0.20221,0.094705,0.04633,0.058279,0.11104,0.15004,0.10389,-0.068418,-0.3482,-0.67243,-0.9572,-1.1105,-1.0636,-0.81612,-0.45648,-0.11797,0.093384,0.14394,0.065506,-0.073726,-0.21021,-0.3114,-0.38574,-0.4665,-0.57468,-0.69902,-0.77889,-0.72661,-0.49248,-0.11209,0.30257,0.64204,0.8562,0.94616,0.93372,0.83539,0.65846,0.41444,0.13256,-0.1378,-0.34578,-0.4582,-0.46903,-0.4003,-0.29095,-0.18851,-0.131,-0.13683,-0.20632,-0.32996,-0.49618,-0.68169,-0.84958,-0.94947,-0.934,-0.78464,-0.52665,-0.21952,0.070759,0.29537,0.42949,0.47568,0.45332
0.85447,0.096103,-0.68326,-1.2221,-1.4033,-1.2952,-1.0324,-0.69215,-0.26418,0.25412,0.75852,1.0878,1.155,0.9954,0.71078,0.39583,0.10886,-0.1208,-0.27354,-0.33013,-0.28465,-0.1708,-0.069984,-0.074651,-0.22769,-0.49798,-0.81091,-1.0781,-1.212,-1.1495,-0.8929,-0.52909,-0.18774,0.027183,0.080324,0.0016804,-0.14501,-0.29563,-0.41457,-0.50111,-0.57924,-0.66762,-0.75231,-0.77745,-0.66731,-0.38556,0.019435,0.43704,0.76742,0.97133,1.0574,1.0516,0.96976,0.81233,0.57779,0.28905,-0.0070967,-0.25607,-0.41766,-0.47803,-0.45128,-0.37419,-0.28998,-0.23398,-0.22435,-0.26384,-0.34675,-0.46906,-0.61692,-0.76212,-0.85888,-0.85857,-0.73588,-0.50576,-0.21746,0.06622,0.29309,0.43937,0.50136,0.49
0.87641,0.10533,-0.70645,-1.2753,-1.4713,-1.3685,-1.1061,-0.75777,-0.31149,0.22856,0.74592,1.0709,1.1169,0.92266,0.59244,0.22298,-0.12264,-0.40538,-0.59076,-0.64568,-0.56243,-0.39039,-0.2351,-0.20568,-0.34371,-0.60799,-0.91448,-1.1738,-1.3021,-1.2396,-0.98724,-0.62753,-0.28772,-0.070664,-0.013774,-0.089035,-0.23562,-0.39048,-0.51383,-0.60015,-0.66613,-0.73015,-0.77648,-0.75328,-0.59764,-0.28139,0.13549,0.54349,0.85526,1.0371,1.1087,1.1023,1.0339,0.89425,0.67879,0.39667,0.08934,-0.18559,-0.37954,-0.46898,-0.47107,-0.41478,-0.34185,-0.28644,-0.26604,-0.28403,-0.33642,-0.42378,-0.53855,-0.65993,-0.74911,-0.75868,-0.65611,-0.44612,-0.17316,0.10137,0.32293,0.4599,0.5093,0.48764
0.89918,0.11356,-0.74441,-1.3607,-1.5827,-1.4869,-1.2213,-0.8572,-0.38202,0.18937,0.72139,1.0342,1.0445,0.79771,0.40083,-0.046896,-0.47685,-0.83535,-1.0638,-1.1067,-0.95626,-0.69085,-0.45353,-0.37451,-0.49342,-0.75407,-1.0598,-1.3194,-1.4549,-1.4084,-1.1745,-0.82567,-0.48481,-0.25951,-0.19286,-0.26328,-0.41045,-0.56781,-0.68929,-0.76067,-0.79625,-0.80922,-0.79074,-0.6979,-0.47947,-0.13238,0.28234,0.66424,0.93605,1.0843,1.1351,1.1234,1.0639,0.94831,0.75351,0.48502,0.18208,-0.09761,-0.30503,-0.41981,-0.44476,-0.41376,-0.3636,-0.32121,-0.29714,-0.29137,-0.30491,-0.34219,-0.40825,-0.49587,-0.5746,-0.59687,-0.52284,-0.34699,-0.10442,0.14716,0.35405,0.48634,0.53806,0.51975
0.91402,0.11859,-0.78659,-1.4567,-1.7095,-1.6197,-1.3459,-0.96195,-0.45389,0.1483,0.68817,0.98002,0.94662,0.64144,0.17413,-0.35522,-0.87421,-1.3126,-1.582,-1.6004,-1.3646,-0.99181,-0.66666,-0.53689,-0.64056,-0.90585,-1.2244,-1.5011,-1.661,-1.6436,-1.4358,-1.0995,-0.75438,-0.51442,-0.43178,-0.49059,-0.63323,-0.78944,-0.90691,-0.9615,-0.96003,-0.91364,-0.81683,-0.64013,-0.35539,0.024755,0.43142,0.77373,0.99201,1.084,1.088,1.051,0.99507,0.9052,0.75268,0.52512,0.24877,-0.021683,-0.23299,-0.35758,-0.40181,-0.39095,-0.35666,-0.32034,-0.28908,-0.26292,-0.24419,-0.24494,-0.27607,-0.33633,-0.40225,-0.43128,-0.38123,-0.23671,-0.022625,0.20666,0.3978,0.51788,0.55803,0.52879
0.91956,0.12168,-0.81655,-1.5297,-1.8085,-1.7227,-1.44,-1.0381,-0.50441,0.11835,0.65807,0.92754,0.85662,0.50498,-0.015782,-0.60621,-1.192,-1.6902,-1.9867,-1.9774,-1.6673,-1.209,-0.81895,-0.65617,-0.75448,-1.0315,-1.3707,-1.6715,-1.8578,-1.8664,-1.6769,-1.3474,-0.99692,-0.74338,-0.64461,-0.69026,-0.82561,-0.98057,-1.0945,-1.1358,-1.103,-1.008,-0.84876,-0.60711,-0.27143,0.13114,0.52677,0.8316,0.9989,1.0385,1.002,0.94398,0.88893,0.82009,0.69806,0.50281,0.25621,0.0095348,-0.18725,-0.30931,-0.35782,-0.35772,-0.33481,-0.30454,-0.26987,-0.22969,-0.19062,-0.16673,-0.17684,-0.22607,-0.2925,-0.32988,-0.29154,-0.1608,0.036838,0.25007,0.42495,0.53188,0.56466,0.53372
0.9198,0.12753,-0.84733,-1.6182,-1.935,-1.8547,-1.5575,-1.1292,-0.56212,0.081422,0.61101,0.84061,0.71334,0.29832,-0.29082,-0.95772,-1.6256,-2.1955,-2.5191,-2.4627,-2.0472,-1.4773,-1.0092,-0.81497,-0.91831,-1.2245,-1.6022,-1.9463,-2.1743,-2.2204,-2.0549,-1.7266,-1.3598,-1.0783,-0.95149,-0.97732,-1.1055,-1.2628,-1.3758,-1.3989,-1.3215,-1.156,-0.91044,-0.58323,-0.18325,0.24492,0.62348,0.87605,0.9699,0.92961,0.82252,0.71944,0.65606,0.61362,0.5457,0.41231,0.22003,0.012579,-0.16054,-0.27075,-0.31871,-0.32231,-0.30264,-0.27027,-0.22504,-0.16659,-0.10404,-0.059951,-0.057098,-0.10166,-0.17112,-0.21848,-0.19566,-0.082994,0.097213,0.29247,0.45412,0.54908,0.56932,0.52544
0.91279,0.13778,-0.86019,-1.6819,-2.038,-1.9674,-1.6567,-1.2009,-0.6042,0.048969,0.5539,0.73146,0.54136,0.063699,-0.58528,-1.3141,-2.0459,-2.6691,-3.0054,-2.8967,-2.3827,-1.716,-1.1851,-0.97102,-1.091,-1.4403,-1.8735,-2.2755,-2.5558,-2.639,-2.4857,-2.1417,-1.7379,-1.4161,-1.2579,-1.2682,-1.3968,-1.5614,-1.6798,-1.6881,-1.5681,-1.3302,-0.99625,-0.58528,-0.12653,0.32059,0.67805,0.87773,0.89603,0.77127,0.58232,0.41766,0.33145,0.31323,0.30074,0.23919,0.11619,-0.036894,-0.17451,-0.26426,-0.30282,-0.30115,-0.27499,-0.2322,-0.17177,-0.093924,-0.011601,0.0482,0.059455,0.012755,-0.068914,-0.13371,-0.12787,-0.029936,0.13566,0.31483,0.46057,0.54062,0.54981,0.50077
0.9034,0.15013,-0.85244,-1.7034,-2.0893,-2.0298,-1.7121,-1.237,-0.62255,0.028574,0.50366,0.63373,0.39326,-0.12878,-0.81304,-1.5724,-2.3333,-2.9791,-3.3142,-3.1677,-2.5934,-1.8717,-1.3073,-1.0848,-1.223,-1.6115,-2.0967,-2.5509,-2.8731,-2.9759,-2.8165,-2.4477,-2.0113,-1.6611,-1.4828,-1.4839,-1.6124,-1.7834,-1.9061,-1.9064,-1.7574,-1.4702,-1.0757,-0.6074,-0.10919,0.35053,0.69231,0.85195,0.8119,0.61972,0.36636,0.15615,0.05585,0.057813,0.088486,0.075941,-0.00055712,-0.11277,-0.21737,-0.28705,-0.31018,-0.29845,-0.26275,-0.20605,-0.12668,-0.029364,0.06805,0.13389,0.14157,0.085921,-0.0050539,-0.077957,-0.081504,0.0031988,0.15267,0.31785,0.44915,0.51978,0.52424,0.47312
0.88582,0.1754,-0.81339,-1.6864,-2.108,-2.0703,-1.7499,-1.2549,-0.62596,0.0072608,0.42707,0.48223,0.17023,-0.4042,-1.1194,-1.8934,-2.6605,-3.3042,-3.6196,-3.4296,-2.8018,-2.0365,-1.4496,-1.2306,-1.4016,-1.8494,-2.4101,-2.9347,-3.3008,-3.4091,-3.2211,-2.8099,-2.3363,-1.9586,-1.7623,-1.7547,-1.8834,-2.0645,-2.1936,-2.1873,-2.0042,-1.6597,-1.1931,-0.65562,-0.11219,0.36285,0.68478,0.79372,0.68377,0.40431,0.063279,-0.21502,-0.34217,-0.3202,-0.22904,-0.16401,-0.16726,-0.2233,-0.29098,-0.33345,-0.34132,-0.31361,-0.25673,-0.17409,-0.06705,0.056083,0.17315,0.24895,0.25631,0.19009,0.080928,-0.012678,-0.035044,0.032958,0.16485,0.30871,0.42127,0.47482,0.46658,0.40956
0.8698,0.20202,-0.75978,-1.633,-2.0764,-2.0599,-1.7447,-1.2416,-0.61131,-0.0040169,0.36282,0.35382,-0.014669,-0.62324,-1.3489,-2.114,-2.8602,-3.476,-3.7618,-3.5464,-2.9009,-2.1266,-1.5396,-1.3315,-1.5301,-2.022,-2.636,-3.2055,-3.5904,-3.687,-3.4684,-3.0259,-2.5311,-2.1408,-1.9397,-1.9327,-2.0695,-2.2616,-2.4006,-2.3895,-2.1808,-1.7916,-1.2749,-0.69706,-0.13023,0.34658,0.65338,0.73439,0.58357,0.25617,-0.13783,-0.46141,-0.60842,-0.57061,-0.44207,-0.33251,-0.29378,-0.31297,-0.34996,-0.37265,-0.36239,-0.3219,-0.25347,-0.15557,-0.028632,0.11466,0.24649,0.32968,0.33528,0.26155,0.14334,0.040293,0.005268,0.054454,0.16272,0.28505,0.37759,0.41977,0.40954,0.35713
0.84603,0.24816,-0.65496,-1.5038,-1.9648,-1.9804,-1.6837,-1.1825,-0.56601,-0.0094932,0.27315,0.16911,-0.27761,-0.92728,-1.6517,-2.3804,-3.0671,-3.6142,-3.8423,-3.6009,-2.9604,-2.204,-1.637,-1.4519,-1.6836,-2.2208,-2.8855,-3.4904,-3.8765,-3.9395,-3.6764,-3.2043,-2.7013,-2.3177,-2.1307,-2.141,-2.2965,-2.5036,-2.6483,-2.6232,-2.3813,-1.9422,-1.3756,-0.75923,-0.16971,0.30784,0.59945,0.65343,0.46467,0.095331,-0.34207,-0.70088,-0.86069,-0.8068,-0.63872,-0.48195,-0.40081,-0.38798,-0.40265,-0.40708,-0.38598,-0.3333,-0.24997,-0.13534,0.0088856,0.16906,0.31585,0.40965,0.42141,0.34792,0.22247,0.10439,0.047907,0.07129,0.15113,0.24162,0.31097,0.33496,0.31287,0.25686
0.82088,0.30676,-0.51468,-1.3115,-1.7716,-1.8202,-1.5536,-1.0721,-0.48914,-0.0013425,0.18292,-0.025182,-0.55353,-1.2409,-1.95,-2.619,-3.2171,-3.6684,-3.8247,-3.5645,-2.9523,-2.2384,-1.7068,-1.5474,-1.7992,-2.3539,-3.0285,-3.6273,-3.9842,-4.0016,-3.7051,-3.2341,-2.7607,-2.4227,-2.2777,-2.321,-2.4947,-2.7083,-2.8482,-2.8101,-2.5425,-2.0705,-1.4658,-0.8161,-0.21054,0.27222,0.55541,0.59323,0.39194,0.0088868,-0.43397,-0.7883,-0.93667,-0.86927,-0.68716,-0.51648,-0.4199,-0.39098,-0.39248,-0.39035,-0.36888,-0.32219,-0.24598,-0.13442,0.012486,0.17911,0.33358,0.43493,0.45501,0.39171,0.27605,0.15971,0.087933,0.07719,0.11318,0.16682,0.20314,0.21376,0.19678,0.15677
0.80206,0.35839,-0.38957,-1.1313,-1.5783,-1.6479,-1.4105,-0.95612,-0.41188,0.013008,0.11608,-0.1743,-0.76602,-1.4789,-2.1692,-2.7827,-3.3034,-3.6747,-3.7749,-3.5041,-2.9193,-2.2429,-1.7393,-1.5947,-1.8481,-2.3944,-3.0466,-3.6101,-3.9219,-3.9043,-3.6057,-3.1662,-2.7469,-2.4639,-2.3644,-2.435,-2.6212,-2.8369,-2.9713,-2.9209,-2.6331,-2.1365,-1.5104,-0.84932,-0.2395,0.239,0.52031,0.56401,0.37283,0.012586,-0.40398,-0.73359,-0.8633,-0.78568,-0.60624,-0.44581,-0.36104,-0.34039,-0.34587,-0.34968,-0.33599,-0.30214,-0.24302,-0.14892,-0.0153,0.14514,0.3006,0.40925,0.44063,0.3889,0.28101,0.1658,0.087765,0.063941,0.08083,0.10908,0.12889,0.12413,0.095122,0.050963
0.77829,0.43585,-0.20271,-0.85523,-1.2683,-1.3585,-1.1637,-0.75946,-0.28461,0.043377,0.031525,-0.37231,-1.0492,-1.7929,-2.4512,-2.9847,-3.4007,-3.6683,-3.6977,-3.4135,-2.8629,-2.2317,-1.7553,-1.6122,-1.8431,-2.348,-2.9412,-3.4305,-3.6703,-3.6186,-3.3437,-2.9785,-2.6591,-2.4716,-2.4474,-2.565,-2.7729,-2.9876,-3.1076,-3.032,-2.7171,-2.1953,-1.5526,-0.88313,-0.27017,0.21174,0.50094,0.56104,0.40142,0.087059,-0.26995,-0.53901,-0.62808,-0.54269,-0.3819,-0.24961,-0.19136,-0.19354,-0.2208,-0.2457,-0.26163,-0.26661,-0.25242,-0.20265,-0.10517,0.032261,0.17952,0.29353,0.34192,0.31662,0.23831,0.14401,0.066159,0.018724,-0.0020123,-0.0075425,-0.016511,-0.028213,-0.043911,-0.063999
0.76216,0.49896,-0.05288,-0.63123,-1.0096,-1.1079,-0.94545,-0.58681,-0.17403,0.07492,-0.025486,-0.51419,-1.2537,-2.0182,-2.6513,-3.1258,-3.4685,-3.6658,-3.6476,-3.3531,-2.8224,-2.2164,-1.7493,-1.5904,-1.7859,-2.2387,-2.7701,-3.1955,-3.3901,-3.3296,-3.089,-2.7924,-2.557,-2.4523,-2.4938,-2.6532,-2.8751,-3.0825,-3.1824,-3.0864,-2.7561,-2.2239,-1.5741,-0.90002,-0.28485,0.20145,0.50009,0.57949,0.45426,0.18619,-0.1149,-0.32916,-0.3806,-0.28825,-0.14308,-0.043738,-0.023678,-0.059327,-0.11177,-0.16148,-0.20178,-0.23924,-0.26815,-0.26671,-0.21242,-0.10403,0.029988,0.14941,0.2161,0.21492,0.15912,0.080499,0.0096404,-0.03924,-0.069443,-0.093047,-0.11132,-0.13311,-0.15659,-0.17645
0.74378,0.58725,0.15059,-0.32682,-0.65089,-0.75125,-0.62938,-0.337,-0.014137,0.12737,-0.088003,-0.68487,-1.5038,-2.2954,-2.8988,-3.3044,-3.5616,-3.6775,-3.6035,-3.2924,-2.7743,-2.1832,-1.7111,-1.5181,-1.6538,-2.0246,-2.4645,-2.8058,-2.9536,-2.9005,-2.7211,-2.525,-2.4044,-2.4112,-2.5421,-2.7561,-2.9925,-3.1828,-3.2506,-3.1268,-2.7798,-2.2415,-1.5911,-0.91919,-0.30427,0.18574,0.50163,0.61774,0.54642,0.35465,0.13541,-0.011227,-0.027065,0.06549,0.17953,0.23899,0.21938,0.14508,0.052693,-0.035682,-0.12564,-0.22216,-0.31816,-0.38741,-0.39891,-0.34103,-0.23361,-0.11487,-0.024649,0.016285,0.0096496,-0.029094,-0.083398,-0.14184,-0.19673,-0.24207,-0.27741,-0.29371,-0.29252,-0.28015
0.72931,0.6761,0.34793,-0.033002,-0.30007,-0.39437,-0.30718,-0.081435,0.15166,0.19022,-0.12932,-0.82176,-1.7123,-2.5327,-3.117,-3.4701,-3.6593,-3.7092,-3.5878,-3.2555,-2.733,-2.1355,-1.6413,-1.4081,-1.4809,-1.7728,-2.1267,-2.3969,-2.5093,-2.4743,-2.3629,-2.2678,-2.2615,-2.3743,-2.5863,-2.8444,-3.0874,-3.2546,-3.2901,-3.1397,-2.7823,-2.2467,-1.6054,-0.9414,-0.32926,0.16984,0.50637,0.65671,0.63922,0.51171,0.36636,0.28725,0.3104,0.40229,0.48644,0.49853,0.42957,0.31214,0.18308,0.05594,-0.075527,-0.22425,-0.38582,-0.53021,-0.61557,-0.61598,-0.53772,-0.41969,-0.30312,-0.21908,-0.17889,-0.178,-0.20584,-0.25266,-0.3095,-0.36366,-0.40425,-0.4243,-0.42041,-0.39497
0.72121,0.74033,0.48635,0.17082,-0.055939,-0.14185,-0.07646,0.10324,0.27318,0.24201,-0.14502,-0.8968,-1.8323,-2.6752,-3.2541,-3.5801,-3.7314,-3.7436,-3.5937,-3.2447,-2.7111,-2.0985,-1.5788,-1.3099,-1.3363,-1.5766,-1.8786,-2.1116,-2.2096,-2.1921,-2.1277,-2.0996,-2.1726,-2.3594,-2.6252,-2.9069,-3.1431,-3.2866,-3.2936,-3.1261,-2.7669,-2.2425,-1.6173,-0.96745,-0.36285,0.13887,0.49197,0.67299,0.69611,0.61816,0.51882,0.47334,0.51248,0.60112,0.66612,0.65224,0.55477,0.40876,0.252,0.099517,-0.061832,-0.24664,-0.45214,-0.64636,-0.78057,-0.81899,-0.76211,-0.64098,-0.50184,-0.38291,-0.30576,-0.27632,-0.29033,-0.33689,-0.39967,-0.46069,-0.50137,-0.51016,-0.48784,-0.44309
0.71333,0.81974,0.65111,0.40803,0.22836,0.15605,0.19992,0.32668,0.42253,0.31172,-0.14728,-0.95804,-1.9382,-2.8084,-3.3911,-3.6986,-3.8182,-3.7973,-3.621,-3.2529,-2.6992,-2.0555,-1.4913,-1.1675,-1.1374,-1.3239,-1.5829,-1.7913,-1.8929,-1.9052,-1.8945,-1.9376,-2.0888,-2.3499,-2.6714,-2.9744,-3.1967,-3.301,-3.27,-3.0832,-2.7306,-2.2306,-1.6349,-1.0112,-0.42323,0.074535,0.4386,0.64811,0.71789,0.69595,0.65622,0.65896,0.72029,0.80172,0.8391,0.78577,0.64786,0.4666,0.28127,0.10206,-0.08338,-0.29639,-0.53874,-0.77846,-0.96033,-1.0375,-0.99912,-0.87431,-0.71083,-0.55518,-0.43919,-0.37765,-0.37143,-0.41059,-0.47575,-0.54119,-0.58119,-0.58336,-0.54797,-0.48605
0.70827,0.88811,0.78478,0.59438,0.45066,0.39264,0.42439,0.51177,0.54942,0.37765,-0.13083,-0.97555,-1.9807,-2.872,-3.4692,-3.7784,-3.8888,-3.8547,-3.6663,-3.2842,-2.7056,-2.0217,-1.4069,-1.0306,-0.95796,-1.1146,-1.3591,-1.5675,-1.6852,-1.7262,-1.7556,-1.8476,-2.0517,-2.364,-2.7225,-3.0351,-3.2321,-3.2893,-3.2112,-3.0038,-2.6651,-2.206,-1.6607,-1.0811,-0.5238,-0.038884,0.33342,0.5711,0.68337,0.71475,0.7223,0.75487,0.82376,0.89313,0.90378,0.82229,0.65891,0.45534,0.25017,0.057823,-0.14093,-0.36676,-0.6213,-0.87356,-1.0691,-1.1589,-1.126,-0.9945,-0.81114,-0.62734,-0.48419,-0.40508,-0.39428,-0.43879,-0.51228,-0.58004,-0.61962,-0.61418,-0.5666,-0.49026
0.70578,0.92931,0.86081,0.69521,0.56915,0.52079,0.54908,0.61742,0.6237,0.42069,-0.10893,-0.96326,-1.974,-2.8758,-3.4896,-3.8127,-3.9309,-3.9001,-3.7114,-3.3212,-2.7212,-2.003,-1.3497,-0.94199,-0.84906,-0.99936,-1.2507,-1.473,-1.6058,-1.665,-1.7121,-1.8263,-2.0559,-2.3939,-2.7656,-3.0739,-3.2435,-3.2626,-3.1517,-2.9329,-2.6096,-2.185,-1.6815,-1.1415,-0.61488,-0.14998,0.21531,0.46169,0.59843,0.66433,0.70932,0.77037,0.84966,0.911,0.90304,0.79697,0.60933,0.38715,0.17318,-0.022337,-0.21218,-0.42257,-0.66174,-0.90292,-1.0913,-1.1745,-1.1332,-0.99186,-0.79874,-0.60894,-0.46512,-0.38922,-0.38256,-0.42987,-0.50394,-0.57401,-0.60769,-0.5945,-0.53906,-0.45709
0.70257,0.96775,0.92591,0.77218,0.65533,0.61673,0.64779,0.70501,0.68859,0.46457,-0.071719,-0.91903,-1.9222,-2.8318,-3.4731,-3.8296,-3.9753,-3.9641,-3.7862,-3.3913,-2.7645,-2.0011,-1.2991,-0.85483,-0.74522,-0.90059,-1.1747,-1.4296,-1.5949,-1.6802,-1.7461,-1.8735,-2.1148,-2.4584,-2.8241,-3.1057,-3.2327,-3.2041,-3.0597,-2.8332,-2.5333,-2.1585,-1.7179,-1.241,-0.76849,-0.34129,0.005887,0.25702,0.42138,0.52862,0.6173,0.7099,0.79911,0.84909,0.81784,0.68863,0.48533,0.2557,0.040424,-0.14578,-0.31978,-0.50474,-0.70772,-0.90533,-1.0508,-1.1004,-1.0406,-0.89024,-0.69758,-0.51446,-0.38152,-0.31916,-0.32621,-0.38374,-0.46156,-0.52865,-0.55539,-0.5357,-0.47716,-0.3944
0.69904,0.98337,0.94552,0.78459,0.66278,0.62841,0.66665,0.72652,0.70774,0.48405,-0.04289,-0.87227,-1.8608,-2.7747,-3.4399,-3.8289,-4.0041,-4.0159,-3.853,-3.4598,-2.8161,-2.0211,-1.2853,-0.81551,-0.69862,-0.86528,-1.1646,-1.4541,-1.6541,-1.7617,-1.8382,-1.9627,-2.1919,-2.5169,-2.8617,-3.1173,-3.2155,-3.1581,-2.9913,-2.759,-2.4753,-2.1402,-1.7541,-1.3341,-0.91146,-0.52106,-0.19182,0.060955,0.24245,0.37974,0.49783,0.61061,0.7069,0.75146,0.70827,0.56706,0.35451,0.12064,-0.090668,-0.26395,-0.41266,-0.55936,-0.71615,-0.86741,-0.97394,-0.99674,-0.92094,-0.77167,-0.58933,-0.42156,-0.30471,-0.25565,-0.27154,-0.33368,-0.41252,-0.47357,-0.49615,-0.47075,-0.40528,-0.31696
0.69223,0.98557,0.93187,0.73956,0.59454,0.56036,0.61489,0.69295,0.69047,0.48613,-0.011457,-0.80423,-1.7661,-2.6843,-3.3846,-3.8232,-4.0455,-4.0958,-3.9597,-3.5731,-2.9071,-2.0682,-1.2879,-0.79184,-0.67446,-0.86791,-1.217,-1.5656,-1.817,-1.9528,-2.0286,-2.1299,-2.3193,-2.5993,-2.8993,-3.1175,-3.185,-3.1031,-2.9224,-2.691,-2.4315,-2.1407,-1.8164,-1.4671,-1.1138,-0.78308,-0.49622,-0.26095,-0.067285,0.10204,0.26367,0.41509,0.53163,0.57546,0.5198,0.36446,0.14687,-0.079171,-0.27136,-0.41462,-0.52269,-0.61777,-0.71249,-0.79679,-0.84268,-0.82373,-0.73381,-0.59188,-0.43486,-0.30011,-0.21452,-0.18863,-0.21644,-0.27835,-0.34621,-0.39181,-0.3963,-0.35794,-0.28851,-0.20436
0.68216,0.9658,0.87365,0.62492,0.4375,0.39747,0.47544,0.58783,0.62059,0.45365,-0.00057963,-0.74824,-1.6785,-2.5971,-3.332,-3.8236,-4.0977,-4.1914,-4.0864,-3.7084,-3.0196,-2.1364,-1.3143,-0.79931,-0.68972,-0.91914,-1.327,-1.7432,-2.0493,-2.2109,-2.2753,-2.3354,-2.4668,-2.683,-2.9253,-3.1007,-3.1452,-3.0565,-2.8817,-2.6657,-2.4325,-2.182,-1.9112,-1.6259,-1.3412,-1.0759,-0.84055,-0.63113,-0.43404,-0.23278,-0.029092,0.15811,0.29584,0.34819,0.29132,0.13685,-0.072853,-0.28176,-0.44606,-0.55251,-0.60877,-0.64167,-0.67079,-0.69545,-0.69663,-0.65389,-0.5633,-0.44215,-0.31863,-0.22209,-0.1705,-0.16634,-0.19886,-0.2486,-0.2924,-0.3102,-0.29078,-0.23713,-0.16107,-0.076817
0.6718,0.93695,0.80205,0.49543,0.26361,0.21508,0.31589,0.46416,0.53397,0.40413,-0.012,-0.72344,-1.6285,-2.5446,-3.3032,-3.8327,-4.1452,-4.2704,-4.1874,-3.8155,-3.1115,-2.1995,-1.351,-0.82432,-0.72191,-0.97936,-1.4318,-1.9011,-2.2502,-2.431,-2.4827,-2.5024,-2.5789,-2.7382,-2.9337,-3.0817,-3.1182,-3.037,-2.8741,-2.6747,-2.4618,-2.2404,-2.0064,-1.7633,-1.5252,-1.307,-1.1135,-0.93228,-0.74165,-0.52415,-0.28952,-0.069111,0.094195,0.1615,0.1137,-0.031884,-0.22791,-0.41686,-0.55538,-0.62875,-0.64882,-0.64091,-0.62723,-0.61272,-0.58583,-0.53245,-0.45104,-0.35458,-0.26601,-0.20529,-0.18122,-0.19004,-0.21892,-0.25056,-0.26736,-0.25624,-0.2129,-0.14532,-0.06581,0.014287
0.65387,0.88017,0.6721,0.2691,-0.037031,-0.10121,0.037937,0.24637,0.37702,0.30337,-0.059633,-0.72294,-1.5948,-2.5046,-3.2886,-3.8622,-4.22,-4.3807,-4.3194,-3.9518,-3.2318,-2.2908,-1.4156,-0.87491,-0.78227,-1.0737,-1.5836,-2.1215,-2.5316,-2.7374,-2.7687,-2.7267,-2.7184,-2.7925,-2.924,-3.0422,-3.0837,-3.0311,-2.9038,-2.7374,-2.5539,-2.3607,-2.1602,-1.9592,-1.7729,-1.6137,-1.4793,-1.3459,-1.1756,-0.9494,-0.68037,-0.41299,-0.20435,-0.10346,-0.12491,-0.24654,-0.41291,-0.56312,-0.65619,-0.68101,-0.65219,-0.59664,-0.53863,-0.48874,-0.4435,-0.39482,-0.34042,-0.28979,-0.25423,-0.24155,-0.25026,-0.27044,-0.28801,-0.28897,-0.26294,-0.2077,-0.12765,-0.034998,0.056764,0.13808
0.63116,0.80425,0.50801,-0.0095797,-0.40529,-0.48749,-0.30266,-0.022506,0.17855,0.16554,-0.14467,-0.76242,-1.603,-2.5044,-3.3068,-3.9131,-4.3034,-4.485,-4.4298,-4.0558,-3.3217,-2.3653,-1.4809,-0.94094,-0.86429,-1.1871,-1.7434,-2.3363,-2.7948,-3.0187,-3.0263,-2.9226,-2.8315,-2.824,-2.8971,-2.9924,-3.0515,-3.0413,-2.9692,-2.8497,-2.6983,-2.5243,-2.3385,-2.1605,-2.0124,-1.9069,-1.8367,-1.7604,-1.6226,-1.3936,-1.0915,-0.77656,-0.51908,-0.37256,-0.35405,-0.43607,-0.55917,-0.66125,-0.70311,-0.6783,-0.6031,-0.50781,-0.42047,-0.35523,-0.31123,-0.28199,-0.26545,-0.26616,-0.28943,-0.33147,-0.3769,-0.40574,-0.40282,-0.36172,-0.28399,-0.17908,-0.059719,0.058411,0.1626,0.24571
0.61088,0.73633,0.36668,-0.245,-0.71516,-0.81186,-0.58882,-0.2498,0.0072517,0.040426,-0.23201,-0.81838,-1.6368,-2.531,-3.3415,-3.9639,-4.3676,-4.5517,-4.4873,-4.0987,-3.3544,-2.3979,-1.5221,-0.99801,-0.93938,-1.284,-1.8654,-2.4847,-2.9631,-3.192,-3.179,-3.0336,-2.8897,-2.8342,-2.8762,-2.9649,-3.0408,-3.064,-3.0275,-2.9386,-2.8082,-2.6499,-2.479,-2.3182,-2.1921,-2.1167,-2.0819,-2.0429,-1.9362,-1.7167,-1.4029,-1.0593,-0.76403,-0.57735,-0.51906,-0.559,-0.63722,-0.6941,-0.69465,-0.63267,-0.53168,-0.41866,-0.32074,-0.25344,-0.21867,-0.21162,-0.22935,-0.27364,-0.34242,-0.42356,-0.49363,-0.52691,-0.50717,-0.43282,-0.3149,-0.17117,-0.023593,0.11088,0.22194,0.30694
0.5797,0.63431,0.16115,-0.58131,-1.1539,-1.2693,-0.9926,-0.57394,-0.2428,-0.15139,-0.37831,-0.92749,-1.7183,-2.5999,-3.4119,-4.0415,-4.4444,-4.611,-4.5158,-4.0999,-3.3507,-2.4144,-1.571,-1.0809,-1.0501,-1.417,-2.0149,-2.6452,-3.126,-3.3475,-3.3092,-3.1232,-2.9331,-2.8381,-2.8544,-2.9436,-3.0411,-3.1036,-3.1078,-3.0547,-2.9519,-2.8102,-2.6515,-2.5034,-2.3944,-2.3462,-2.3515,-2.3645,-2.3075,-2.1203,-1.8041,-1.4249,-1.0753,-0.83039,-0.71374,-0.69706,-0.71507,-0.70712,-0.64491,-0.53375,-0.39811,-0.26869,-0.17015,-0.11477,-0.10307,-0.1309,-0.19451,-0.29616,-0.42788,-0.56535,-0.6701,-0.70676,-0.66069,-0.54109,-0.37183,-0.18222,0.0014438,0.16109,0.28655,0.37591
0.55384,0.55168,-0.00025754,-0.83932,-1.4859,-1.6126,-1.2961,-0.82151,-0.44006,-0.31101,-0.50973,-1.035,-1.8062,-2.6758,-3.4811,-4.1047,-4.492,-4.6296,-4.4995,-4.0612,-3.3174,-2.4107,-1.6053,-1.1467,-1.138,-1.5146,-2.1094,-2.728,-3.1946,-3.4023,-3.3538,-3.1551,-2.9499,-2.8381,-2.8429,-2.9295,-3.0379,-3.1218,-3.1542,-3.1282,-3.0442,-2.915,-2.7607,-2.6139,-2.51,-2.4719,-2.5006,-2.548,-2.5286,-2.3699,-2.0607,-1.6689,-1.2928,-1.0099,-0.84923,-0.78254,-0.74776,-0.68896,-0.58246,-0.43741,-0.28054,-0.14357,-0.050805,-0.012241,-0.02495,-0.081923,-0.18089,-0.31942,-0.48954,-0.66323,-0.79403,-0.83759,-0.77644,-0.62636,-0.42283,-0.20113,0.0038379,0.17524,0.30724,0.40199
0.51658,0.43688,-0.21743,-1.1729,-1.9034,-2.0392,-1.6756,-1.1394,-0.70505,-0.53857,-0.71,-1.211,-1.9579,-2.8058,-3.5916,-4.1911,-4.5389,-4.6212,-4.4349,-3.9662,-3.2369,-2.3817,-1.6389,-1.2332,-1.2567,-1.6397,-2.2153,-2.796,-3.2235,-3.4046,-3.3489,-3.1525,-2.9467,-2.8289,-2.8303,-2.917,-3.0372,-3.1382,-3.1911,-3.1802,-3.1077,-2.9905,-2.8529,-2.7224,-2.6268,-2.5887,-2.6124,-2.6685,-2.6859,-2.5772,-2.3139,-1.9403,-1.5488,-1.2264,-1.0093,-0.87466,-0.76753,-0.64068,-0.47851,-0.29248,-0.11589,0.024536,0.10799,0.12645,0.083589,-0.012569,-0.15396,-0.34159,-0.56073,-0.77584,-0.93317,-0.98456,-0.91345,-0.73978,-0.50471,-0.25197,-0.019579,0.17311,0.31833,0.41855
0.47724,0.32069,-0.4256,-1.4725,-2.2578,-2.3934,-1.9989,-1.4267,-0.96336,-0.77772,-0.93598,-1.421,-2.1453,-2.9654,-3.7196,-4.2778,-4.57,-4.5859,-4.3406,-3.8453,-3.1362,-2.3379,-1.663,-1.3153,-1.371,-1.7543,-2.2983,-2.8235,-3.1925,-3.3385,-3.2761,-3.095,-2.9115,-2.8135,-2.8263,-2.9204,-3.0416,-3.1408,-3.1876,-3.1724,-3.1043,-2.9983,-2.8767,-2.7576,-2.6588,-2.6048,-2.6114,-2.6669,-2.7116,-2.6582,-2.4486,-2.1065,-1.7198,-1.3785,-1.1245,-0.94093,-0.77588,-0.58859,-0.37226,-0.14994,0.05135,0.19868,0.27124,0.26473,0.18936,0.059736,-0.11646,-0.33455,-0.58236,-0.82786,-1.016,-1.0905,-1.0262,-0.8421,-0.58671,-0.31731,-0.064701,0.14273,0.29753,0.40376
0.44685,0.23546,-0.56875,-1.6624,-2.4637,-2.5934,-2.191,-1.6132,-1.1466,-0.96057,-1.1183,-1.5969,-2.3053,-3.1016,-3.8263,-4.3462,-4.5905,-4.5543,-4.2664,-3.7547,-3.0638,-2.3092,-1.6841,-1.375,-1.45,-1.8272,-2.3405,-2.8185,-3.141,-3.2603,-3.1969,-3.0342,-2.8766,-2.8007,-2.8253,-2.9211,-3.0343,-3.1212,-3.1552,-3.1343,-3.0676,-2.9718,-2.8589,-2.7407,-2.6335,-2.5581,-2.5416,-2.5831,-2.6332,-2.6117,-2.4512,-2.1574,-1.8007,-1.4655,-1.1932,-0.97274,-0.76455,-0.53835,-0.29235,-0.046072,0.16493,0.31457,0.38436,0.37077,0.28354,0.13708,-0.056276,-0.29415,-0.56239,-0.82586,-1.0283,-1.1153,-1.0637,-0.8923,-0.64669,-0.37427,-0.12284,0.087389,0.24941,0.36718
0.40571,0.12861,-0.73538,-1.8569,-2.6448,-2.7615,-2.3716,-1.8174,-1.3728,-1.2048,-1.3738,-1.8495,-2.5375,-3.2989,-3.9792,-4.4453,-4.6258,-4.5226,-4.1815,-3.6507,-2.9828,-2.2817,-1.7173,-1.4519,-1.5446,-1.9054,-2.3718,-2.7868,-3.0554,-3.1471,-3.0902,-2.9564,-2.8315,-2.7799,-2.8155,-2.91,-3.0126,-3.0809,-3.0938,-3.0541,-2.9796,-2.888,-2.7886,-2.6795,-2.5612,-2.4518,-2.384,-2.3822,-2.4228,-2.4342,-2.3395,-2.1154,-1.8112,-1.5025,-1.2324,-0.9948,-0.75428,-0.48844,-0.20417,0.069446,0.30389,0.46692,0.5392,0.51866,0.41918,0.2604,0.056202,-0.18778,-0.46017,-0.73344,-0.95878,-1.0829,-1.0751,-0.9421,-0.7213,-0.46631,-0.21141,0.009739,0.18346,0.30989
0.37512,0.055776,-0.83818,-1.9551,-2.7102,-2.8161,-2.453,-1.9382,-1.5283,-1.387,-1.573,-2.0504,-2.7227,-3.4557,-4.1007,-4.5279,-4.6649,-4.5172,-4.1412,-3.596,-2.9394,-2.27,-1.7442,-1.5094,-1.6118,-1.9579,-2.3877,-2.7588,-2.9921,-3.0693,-3.0206,-2.9078,-2.8046,-2.7665,-2.806,-2.8946,-2.9861,-3.0405,-3.0399,-2.9889,-2.9093,-2.8164,-2.7184,-2.6065,-2.4724,-2.3358,-2.233,-2.1983,-2.2233,-2.2434,-2.1847,-2.0138,-1.7612,-1.4877,-1.2315,-0.98924,-0.73479,-0.45346,-0.15476,0.13611,0.38381,0.55999,0.64456,0.63365,0.53958,0.38212,0.17976,-0.062433,-0.33359,-0.60913,-0.84597,-0.99598,-1.0284,-0.94263,-0.76499,-0.53196,-0.29409,-0.076354,0.10568,0.24805
0.33474,-0.029882,-0.94331,-2.0242,-2.7158,-2.8098,-2.5012,-2.0612,-1.7168,-1.6264,-1.8451,-2.3295,-2.9793,-3.6696,-4.2655,-4.644,-4.7325,-4.5397,-4.1296,-3.5696,-2.9213,-2.2795,-1.7888,-1.5848,-1.6955,-2.0238,-2.4119,-2.7342,-2.9285,-2.9918,-2.9528,-2.862,-2.7797,-2.7515,-2.7886,-2.8643,-2.9387,-2.9776,-2.9668,-2.9134,-2.8328,-2.7427,-2.6381,-2.5053,-2.339,-2.1558,-2.0053,-1.9301,-1.9296,-1.9519,-1.9249,-1.8102,-1.6229,-1.4069,-1.1924,-0.97266,-0.72433,-0.43651,-0.12155,0.19083,0.4665,0.67053,0.77849,0.78483,0.70389,0.55992,0.37183,0.15155,-0.097391,-0.36427,-0.62068,-0.82309,-0.92939,-0.91875,-0.80118,-0.61526,-0.39379,-0.17894,0.0068049,0.15628
0.29434,-0.10213,-1.0115,-2.0319,-2.6502,-2.7402,-2.499,-2.1476,-1.8835,-1.8584,-2.1213,-2.6171,-3.2423,-3.8842,-4.4253,-4.757,-4.81,-4.5911,-4.1648,-3.6013,-2.9615,-2.3348,-1.8593,-1.6641,-1.7735,-2.085,-2.4446,-2.7338,-2.9048,-2.9598,-2.9265,-2.8459,-2.7684,-2.7351,-2.7593,-2.8237,-2.8915,-2.9297,-2.9199,-2.8666,-2.7864,-2.6902,-2.5742,-2.4203,-2.2187,-1.9911,-1.791,-1.6706,-1.638,-1.6513,-1.642,-1.5683,-1.4372,-1.2831,-1.1246,-0.95091,-0.73276,-0.45679,-0.13673,0.19512,0.49975,0.73864,0.88335,0.9243,0.87298,0.75355,0.59131,0.39401,0.16535,-0.089688,-0.35265,-0.58971,-0.76114,-0.83593,-0.80391,-0.67679,-0.49597,-0.2951,-0.103,0.063676
0.26339,-0.14774,-1.0401,-2.0058,-2.571,-2.6641,-2.4763,-2.1938,-1.9946,-2.0251,-2.327,-2.8344,-3.4394,-4.0403,-4.5385,-4.8363,-4.8691,-4.6413,-4.2138,-3.6546,-3.0229,-2.4047,-1.9348,-1.7387,-1.8423,-2.141,-2.4837,-2.7561,-2.9152,-2.9661,-2.9325,-2.8519,-2.7677,-2.721,-2.7293,-2.7826,-2.849,-2.8939,-2.8967,-2.854,-2.7793,-2.6792,-2.5507,-2.3772,-2.1483,-1.8908,-1.6571,-1.5014,-1.4401,-1.4348,-1.4297,-1.3851,-1.2985,-1.1948,-1.0831,-0.94742,-0.75874,-0.50111,-0.18444,0.16065,0.48925,0.75911,0.93573,1.0057,0.98008,0.88554,0.74558,0.57588,0.37393,0.13467,-0.13409,-0.40314,-0.62769,-0.76405,-0.78827,-0.71008,-0.55248,-0.36064,-0.16947,0.00063721
0.21989,-0.19793,-1.052,-1.9418,-2.4468,-2.5523,-2.4333,-2.2378,-2.1251,-2.2327,-2.5912,-3.1159,-3.6907,-4.2319,-4.6711,-4.9278,-4.9425,-4.7154,-4.2994,-3.7553,-3.137,-2.5283,-2.063,-1.8645,-1.9587,-2.2409,-2.5632,-2.8166,-2.9635,-3.0065,-2.967,-2.8752,-2.7711,-2.6971,-2.6792,-2.7139,-2.778,-2.8382,-2.8696,-2.8582,-2.8025,-2.7059,-2.5606,-2.3549,-2.089,-1.7892,-1.5148,-1.3208,-1.2239,-1.1963,-1.1869,-1.1614,-1.12,-1.0802,-1.0452,-0.98474,-0.85239,-0.62264,-0.30672,0.057806,0.42112,0.73297,0.95534,1.0715,1.0893,1.0326,0.92892,0.78959,0.61348,0.39375,0.13205,-0.15155,-0.41865,-0.62261,-0.72513,-0.70907,-0.60098,-0.43551,-0.25075,-0.074099
0.17254,-0.23688,-1.0415,-1.8575,-2.3203,-2.4459,-2.3882,-2.2687,-2.2346,-2.4176,-2.833,-3.3735,-3.914,-4.3916,-4.7698,-4.9892,-4.9963,-4.785,-4.3963,-3.8791,-3.2795,-2.6799,-2.217,-2.0193,-2.1081,-2.3786,-2.6819,-2.9138,-3.0406,-3.0676,-3.0116,-2.8965,-2.7611,-2.6522,-2.6046,-2.6241,-2.6919,-2.7756,-2.841,-2.8648,-2.8336,-2.7455,-2.5926,-2.3669,-2.0739,-1.7433,-1.4344,-1.2032,-1.0705,-1.0167,-1.0006,-0.99369,-0.99446,-1.0175,-1.0555,-1.0704,-1.0041,-0.81659,-0.51024,-0.126,0.27805,0.6409,0.9139,1.0746,1.1307,1.1103,1.0421,0.94112,0.80501,0.61866,0.37313,0.080869,-0.22052,-0.47727,-0.63848,-0.67946,-0.61,-0.4651,-0.28794,-0.11175
0.1331,-0.26084,-1.0232,-1.7882,-2.2306,-2.3759,-2.3581,-2.2861,-2.3029,-2.5372,-2.9919,-3.5412,-4.0537,-4.4822,-4.8138,-5.0073,-5.0144,-4.8243,-4.4667,-3.979,-3.4004,-2.8114,-2.3513,-2.1533,-2.2387,-2.5016,-2.7897,-3.0021,-3.1074,-3.1159,-3.0405,-2.9018,-2.737,-2.5979,-2.5262,-2.5368,-2.612,-2.7163,-2.8089,-2.8573,-2.8461,-2.7658,-2.6147,-2.3868,-2.0842,-1.7427,-1.416,-1.1603,-1.0031,-0.92763,-0.90237,-0.90457,-0.93465,-1.0034,-1.1018,-1.1808,-1.1676,-1.0107,-0.70943,-0.30896,0.12327,0.51992,0.8286,1.0246,1.1141,1.1239,1.0862,1.0126,0.90122,0.73706,0.50945,0.22715,-0.076592,-0.35049,-0.54147,-0.61555,-0.57596,-0.45493,-0.29406,-0.12706
0.07346,-0.29001,-0.98975,-1.694,-2.1236,-2.2983,-2.3258,-2.3042,-2.3762,-2.6672,-3.1655,-3.7207,-4.193,-4.5559,-4.8267,-4.9893,-5.0038,-4.8518,-4.5464,-4.1089,-3.568,-3.0008,-2.5492,-2.3493,-2.4273,-2.6751,-2.9401,-3.1224,-3.1956,-3.1718,-3.0644,-2.8892,-2.6835,-2.5028,-2.399,-2.392,-2.4701,-2.5957,-2.7241,-2.8127,-2.8342,-2.7773,-2.6372,-2.412,-2.1116,-1.7634,-1.4233,-1.1479,-0.96477,-0.87018,-0.83777,-0.84974,-0.91049,-1.0345,-1.2082,-1.3726,-1.4346,-1.3225,-1.0292,-0.60817,-0.13942,0.29807,0.6466,0.88111,1.0098,1.0617,1.0663,1.0389,0.97264,0.84851,0.65238,0.39022,0.092938,-0.18947,-0.40257,-0.50649,-0.49992,-0.4067,-0.26538,-0.11018
0.022238,-0.31212,-0.96132,-1.6253,-2.0533,-2.2526,-2.3088,-2.3161,-2.4197,-2.7426,-3.2637,-3.8181,-4.259,-4.5743,-4.8038,-4.9472,-4.9707,-4.8511,-4.5885,-4.1918,-3.6827,-3.1364,-2.6961,-2.4989,-2.5714,-2.805,-3.0493,-3.205,-3.2503,-3.1988,-3.0627,-2.8583,-2.6225,-2.4146,-2.2891,-2.2695,-2.3454,-2.4807,-2.6287,-2.742,-2.7868,-2.7484,-2.6226,-2.4116,-2.1259,-1.7916,-1.4582,-1.178,-0.98122,-0.87075,-0.82837,-0.84333,-0.9234,-1.0848,-1.3106,-1.5362,-1.6552,-1.5804,-1.2974,-0.86486,-0.3743,0.088814,0.46375,0.7252,0.88182,0.96309,1.0001,1.0066,0.97566,0.88652,0.72183,0.48411,0.20213,-0.074411,-0.29008,-0.40777,-0.41454,-0.33683,-0.21246,-0.074223
-0.056586,-0.34485,-0.92386,-1.5398,-1.9718,-2.2053,-2.2957,-2.3318,-2.4648,-2.8158,-3.3526,-3.8961,-4.2952,-4.5542,-4.7383,-4.8631,-4.9011,-4.8233,-4.6151,-4.2702,-3.8028,-3.2876,-2.868,-2.6811,-2.749,-2.9618,-3.1703,-3.2841,-3.2903,-3.204,-3.0353,-2.7959,-2.523,-2.2811,-2.1292,-2.0937,-2.1645,-2.3058,-2.4668,-2.5984,-2.6637,-2.6488,-2.5513,-2.3753,-2.129,-1.8322,-1.5236,-1.2497,-1.044,-0.91416,-0.8546,-0.86482,-0.96054,-1.1594,-1.4499,-1.7541,-1.9448,-1.9155,-1.6478,-1.2103,-0.7037,-0.22204,0.17339,0.45924,0.64635,0.76542,0.84728,0.90278,0.92337,0.88538,0.76867,0.57285,0.32355,0.067487,-0.14166,-0.26146,-0.28561,-0.23004,-0.12687,-0.0058011
-0.1493,-0.38523,-0.89164,-1.462,-1.9009,-2.1681,-2.2894,-2.3483,-2.4991,-2.8622,-3.3979,-3.9171,-4.2737,-4.4883,-4.6412,-4.7566,-4.8106,-4.7692,-4.6057,-4.3028,-3.8702,-3.3833,-2.9862,-2.8121,-2.8782,-3.0709,-3.2429,-3.3161,-3.2864,-3.1731,-2.9829,-2.7191,-2.4164,-2.143,-1.9651,-1.9131,-1.9768,-2.1167,-2.28,-2.4154,-2.4901,-2.4913,-2.4231,-2.2901,-2.0957,-1.8534,-1.5887,-1.3393,-1.1361,-0.99313,-0.91382,-0.90813,-1.0003,-1.2165,-1.543,-1.9009,-2.1529,-2.1769,-1.9435,-1.5203,-1.0199,-0.53803,-0.13729,0.16042,0.36843,0.51928,0.64319,0.74877,0.82202,0.83437,0.76305,0.60785,0.39563,0.17262,-0.010908,-0.11964,-0.14316,-0.098177,-0.012553,0.088233
-0.2293,-0.42313,-0.87324,-1.409,-1.8514,-2.1425,-2.2879,-2.362,-2.5204,-2.8829,-3.4063,-3.8998,-4.2251,-4.4146,-4.5545,-4.67,-4.7369,-4.7172,-4.577,-4.293,-3.8752,-3.4029,-3.0203,-2.855,-2.9214,-3.103,-3.2563,-3.3078,-3.259,-3.1319,-2.9312,-2.6558,-2.3394,-2.049,-1.8542,-1.7869,-1.839,-1.9712,-2.1307,-2.2658,-2.3423,-2.3519,-2.3003,-2.1965,-2.0449,-1.8498,-1.6282,-1.407,-1.2117,-1.0592,-0.95963,-0.93228,-1.0095,-1.2211,-1.5593,-1.9427,-2.2287,-2.2879,-2.0851,-1.6884,-1.2079,-0.74262,-0.35393,-0.060602,0.15359,0.32192,0.47281,0.61042,0.71751,0.76358,0.72548,0.60306,0.42264,0.22897,0.069732,-0.021378,-0.039519,0.0014875,0.07669,0.16387
-0.35172,-0.48679,-0.85978,-1.3458,-1.7874,-2.1074,-2.285,-2.3807,-2.5449,-2.8963,-3.39,-3.8409,-4.1271,-4.2945,-4.4294,-4.5535,-4.6384,-4.6388,-4.5111,-4.2287,-3.8089,-3.3415,-2.9719,-2.8197,-2.8919,-3.0688,-3.213,-3.2538,-3.1969,-3.0651,-2.8573,-2.5742,-2.2451,-1.94,-1.7275,-1.6443,-1.6801,-1.7973,-1.9412,-2.0624,-2.1315,-2.1445,-2.1137,-2.0495,-1.9536,-1.8237,-1.6622,-1.4823,-1.3025,-1.1375,-1.006,-0.93704,-0.97279,-1.1535,-1.4752,-1.8643,-2.1791,-2.2836,-2.1335,-1.7908,-1.362,-0.94151,-0.58694,-0.31356,-0.10301,0.077321,0.25159,0.42065,0.56105,0.63952,0.63392,0.54755,0.40926,0.26209,0.14693,0.087843,0.089332,0.13294,0.19794,0.26813
-0.49377,-0.56867,-0.86267,-1.2928,-1.7241,-2.0676,-2.2785,-2.3981,-2.5654,-2.8966,-3.3489,-3.7521,-4.0057,-4.1621,-4.3008,-4.438,-4.5392,-4.5494,-4.4147,-4.1072,-3.6591,-3.1774,-2.8133,-2.6788,-2.7664,-2.9518,-3.0998,-3.1461,-3.1005,-2.9804,-2.7846,-2.508,-2.1766,-1.862,-1.6363,-1.5365,-1.5551,-1.6528,-1.7774,-1.8796,-1.9347,-1.943,-1.9221,-1.8858,-1.835,-1.7637,-1.6631,-1.53,-1.3676,-1.1889,-1.017,-0.89326,-0.87265,-1.0025,-1.2868,-1.6537,-1.967,-2.0976,-2.0021,-1.7317,-1.3777,-1.0253,-0.72376,-0.48509,-0.29217,-0.11671,0.061037,0.23948,0.39316,0.48999,0.50941,0.45524,0.35573,0.25226,0.18227,0.16291,0.19096,0.24775,0.3127,0.37222
-0.61396,-0.64373,-0.87729,-1.2612,-1.678,-2.0342,-2.2706,-2.4105,-2.5802,-2.8918,-3.3076,-3.6729,-3.9054,-4.059,-4.2032,-4.3496,-4.4593,-4.4702,-4.3208,-3.9834,-3.5025,-3.0011,-2.6361,-2.5152,-2.6199,-2.8217,-2.9814,-3.0408,-3.0079,-2.9028,-2.724,-2.4618,-2.1418,-1.8304,-1.6003,-1.489,-1.4917,-1.5713,-1.6772,-1.7627,-1.8045,-1.8059,-1.7864,-1.7625,-1.7366,-1.7022,-1.6419,-1.5399,-1.3904,-1.1984,-0.9934,-0.82445,-0.75386,-0.83489,-1.0766,-1.4141,-1.7197,-1.871,-1.8217,-1.6109,-1.3187,-1.0189,-0.75773,-0.54881,-0.37811,-0.21904,-0.051364,0.11998,0.27159,0.37107,0.39884,0.36174,0.29067,0.2251,0.19471,0.20921,0.2573,0.32018,0.38263,0.43671
-0.79301,-0.76383,-0.91566,-1.2321,-1.6213,-1.9886,-2.2583,-2.4275,-2.6,-2.8817,-3.2435,-3.557,-3.7646,-3.9178,-4.0715,-4.2267,-4.3397,-4.3419,-4.1646,-3.7823,-3.2543,-2.7212,-2.3471,-2.2366,-2.3652,-2.5981,-2.79,-2.8795,-2.8715,-2.79,-2.6373,-2.404,-2.1127,-1.8201,-1.5947,-1.4742,-1.4565,-1.5088,-1.5836,-1.64,-1.6587,-1.6466,-1.6229,-1.6044,-1.5976,-1.594,-1.5743,-1.5105,-1.3768,-1.1722,-0.92598,-0.69757,-0.56014,-0.57432,-0.75471,-1.0447,-1.3311,-1.5032,-1.5125,-1.3823,-1.1718,-0.94372,-0.73945,-0.57247,-0.43213,-0.29714,-0.15342,-0.0027681,0.13025,0.21759,0.24535,0.22454,0.18648,0.16645,0.18595,0.2439,0.32282,0.40298,0.47023,0.51904
-0.94128,-0.86897,-0.95946,-1.2224,-1.5853,-1.9566,-2.2499,-2.4416,-2.617,-2.8746,-3.1929,-3.4672,-3.6574,-3.812,-3.9735,-4.1321,-4.2401,-4.2271,-4.0236,-3.608,-3.0485,-2.4934,-2.11,-2.0026,-2.1474,-2.4058,-2.6298,-2.747,-2.761,-2.6984,-2.5662,-2.3624,-2.1023,-1.8355,-1.6223,-1.4999,-1.4683,-1.4979,-1.5463,-1.5763,-1.572,-1.5431,-1.5091,-1.4878,-1.4877,-1.4998,-1.5037,-1.4632,-1.3403,-1.1271,-0.85211,-0.58197,-0.39732,-0.36396,-0.49975,-0.75582,-1.0295,-1.2185,-1.2724,-1.201,-1.0504,-0.87189,-0.70362,-0.56217,-0.44256,-0.32786,-0.20494,-0.076596,0.037238,0.11162,0.13573,0.12369,0.10823,0.12157,0.1774,0.26659,0.36685,0.4554,0.52093,0.56289
-1.1566,-1.0302,-1.0389,-1.228,-1.5503,-1.9217,-2.2439,-2.4653,-2.6441,-2.8665,-3.1251,-3.347,-3.5145,-3.6715,-3.8416,-3.9993,-4.0912,-4.0472,-3.8041,-3.3496,-2.7601,-2.1873,-1.7983,-1.697,-1.8602,-2.1468,-2.4051,-2.5515,-2.5905,-2.5526,-2.4561,-2.3051,-2.1056,-1.8913,-1.7077,-1.5882,-1.5365,-1.5305,-1.5351,-1.5206,-1.478,-1.418,-1.3639,-1.3346,-1.3357,-1.3636,-1.3903,-1.3706,-1.2598,-1.0357,-0.7314,-0.41837,-0.18248,-0.094594,-0.17956,-0.3986,-0.66268,-0.87801,-0.98986,-0.99362,-0.91683,-0.79713,-0.66878,-0.55191,-0.44917,-0.35147,-0.24949,-0.14703,-0.060339,-0.0070845,0.0096729,0.0086142,0.021015,0.07177,0.16503,0.28476,0.40385,0.50251,0.57197,0.61292
-1.3904,-1.2138,-1.1423,-1.2559,-1.5347,-1.9027,-2.2496,-2.4994,-2.6797,-2.8641,-3.061,-3.2294,-3.3731,-3.5295,-3.7021,-3.852,-3.9197,-3.8392,-3.5584,-3.0773,-2.4768,-1.9046,-1.5225,-1.4319,-1.6071,-1.9079,-2.178,-2.3372,-2.3894,-2.3739,-2.3208,-2.2366,-2.1209,-1.982,-1.8447,-1.7328,-1.6555,-1.603,-1.5523,-1.4863,-1.4004,-1.3102,-1.2337,-1.1875,-1.1816,-1.2091,-1.2472,-1.2474,-1.1502,-0.92967,-0.61042,-0.26799,0.0046196,0.13128,0.082764,-0.10998,-0.36837,-0.60759,-0.77246,-0.84586,-0.83833,-0.77416,-0.68115,-0.58162,-0.48549,-0.39148,-0.29599,-0.20558,-0.13293,-0.090654,-0.07636,-0.068044,-0.035252,0.041901,0.16073,0.30033,0.43021,0.53233,0.59995,0.63646
-1.576,-1.3646,-1.2346,-1.2929,-1.5389,-1.9023,-2.266,-2.5349,-2.7145,-2.869,-3.0178,-3.1454,-3.2702,-3.4227,-3.5919,-3.7302,-3.7762,-3.669,-3.3666,-2.8772,-2.282,-1.7218,-1.3512,-1.2677,-1.4448,-1.7442,-2.0115,-2.1706,-2.2269,-2.2256,-2.2043,-2.1754,-2.133,-2.0646,-1.9712,-1.8687,-1.7695,-1.676,-1.5777,-1.4674,-1.3464,-1.2298,-1.1352,-1.0777,-1.0666,-1.0952,-1.1387,-1.1463,-1.0572,-0.83995,-0.52027,-0.17175,0.11399,0.2588,0.231,0.053607,-0.2044,-0.46388,-0.66767,-0.78991,-0.83122,-0.80453,-0.73293,-0.63942,-0.53855,-0.43542,-0.33284,-0.23924,-0.16829,-0.12967,-0.11649,-0.1034,-0.059929,0.03042,0.16068,0.30661,0.44049,0.54361,0.6102,0.64411
-1.8338,-1.5806,-1.3751,-1.3626,-1.567,-1.9233,-2.3068,-2.599,-2.7755,-2.8872,-2.9706,-3.0439,-3.1425,-3.2856,-3.444,-3.5598,-3.573,-3.4338,-3.115,-2.6323,-2.0611,-1.5286,-1.1775,-1.0992,-1.2685,-1.551,-1.8002,-1.9452,-1.9988,-2.0132,-2.0354,-2.086,-2.1473,-2.1797,-2.1511,-2.0601,-1.9277,-1.7736,-1.6093,-1.439,-1.2718,-1.1211,-1.004,-0.93441,-0.91734,-0.9482,-0.99844,-1.0142,-0.93404,-0.72493,-0.41212,-0.068651,0.21597,0.36757,0.35005,0.1822,-0.075421,-0.35215,-0.59425,-0.77201,-0.87084,-0.89278,-0.84974,-0.76098,-0.64588,-0.51937,-0.39311,-0.2825,-0.2024,-0.15888,-0.14056,-0.12041,-0.069801,0.025215,0.15702,0.30245,0.43416,0.53579,0.6015,0.63445
-2.0324,-1.7512,-1.4914,-1.4285,-1.6043,-1.9556,-2.3529,-2.6607,-2.833,-2.9098,-2.9425,-2.9755,-3.0544,-3.1883,-3.3352,-3.4309,-3.4185,-3.2589,-2.9365,-2.4708,-1.9287,-1.4241,-1.0899,-1.0138,-1.1708,-1.4299,-1.6528,-1.7752,-1.8187,-1.8425,-1.8983,-2.0093,-2.1493,-2.2588,-2.2794,-2.1965,-2.0352,-1.8322,-1.616,-1.403,-1.207,-1.0401,-0.91549,-0.84241,-0.82427,-0.85261,-0.90015,-0.91528,-0.83723,-0.63859,-0.34226,-0.016643,0.2542,0.39771,0.38262,0.22151,-0.033918,-0.32075,-0.58722,-0.79803,-0.9347,-0.98694,-0.96041,-0.87285,-0.74583,-0.59843,-0.44954,-0.31699,-0.21892,-0.16405,-0.14165,-0.12281,-0.075654,0.016055,0.14498,0.28564,0.4152,0.5144,0.57754,0.60871
-2.2989,-1.9851,-1.657,-1.5329,-1.6739,-2.0198,-2.4326,-2.7588,-2.9237,-2.951,-2.915,-2.8962,-2.95,-3.0712,-3.2008,-3.2688,-3.224,-3.0425,-2.7242,-2.292,-1.8003,-1.3427,-1.0356,-0.95898,-1.0882,-1.3004,-1.4703,-1.5509,-1.5745,-1.6069,-1.7065,-1.892,-2.1311,-2.3353,-2.4153,-2.3353,-2.1317,-1.8663,-1.5903,-1.3342,-1.1137,-0.93892,-0.81548,-0.74746,-0.73331,-0.76099,-0.80022,-0.80148,-0.71666,-0.52409,-0.25261,0.035061,0.26623,0.38391,0.3534,0.19026,-0.060123,-0.34504,-0.62193,-0.86056,-1.0326,-1.1211,-1.1179,-1.0314,-0.88389,-0.70415,-0.51701,-0.35744,-0.24478,-0.18371,-0.15782,-0.13627,-0.089927,-0.0058649,0.10939,0.24203,0.35961,0.45263,0.51733,0.55599
-2.5619,-2.2201,-1.8294,-1.6508,-1.7626,-2.1034,-2.5281,-2.8702,-3.0242,-3.0012,-2.8979,-2.8298,-2.861,-2.9709,-3.084,-3.1264,-3.0541,-2.8583,-2.552,-2.1603,-1.7259,-1.3223,-1.0453,-0.96222,-1.0496,-1.1989,-1.3069,-1.3429,-1.3471,-1.3855,-1.5145,-1.7552,-2.0666,-2.3446,-2.4691,-2.3909,-2.1533,-1.8419,-1.5269,-1.2491,-1.0255,-0.86002,-0.75261,-0.69959,-0.6925,-0.71464,-0.73363,-0.70805,-0.60352,-0.4177,-0.18146,0.054074,0.2333,0.30704,0.25982,0.099189,-0.14054,-0.41703,-0.69305,-0.9386,-1.1293,-1.2404,-1.2579,-1.1823,-1.0285,-0.82387,-0.60686,-0.4126,-0.27227,-0.19911,-0.1795,-0.17763,-0.15418,-0.086748,0.021822,0.14685,0.27076,0.37276,0.44438,0.48666
-2.7526,-2.3926,-1.9593,-1.7431,-1.8369,-2.1734,-2.6053,-2.9555,-3.0996,-3.0388,-2.8884,-2.7875,-2.8047,-2.9075,-3.01,-3.0363,-2.9493,-2.749,-2.456,-2.0971,-1.7069,-1.3435,-1.0871,-0.99466,-1.044,-1.1392,-1.1967,-1.1988,-1.1895,-1.231,-1.3762,-1.6449,-1.9916,-2.3033,-2.4455,-2.3634,-2.1083,-1.7801,-1.4587,-1.1867,-0.97777,-0.83171,-0.74249,-0.70225,-0.6996,-0.71334,-0.71215,-0.65972,-0.53454,-0.34488,-0.12724,0.069519,0.19954,0.23228,0.1555,-0.012139,-0.239,-0.49441,-0.75402,-0.99253,-1.1898,-1.3167,-1.3487,-1.2778,-1.1179,-0.90155,-0.66651,-0.46284,-0.32166,-0.25238,-0.23713,-0.23911,-0.22139,-0.16363,-0.066794,0.056953,0.17761,0.28286,0.36467,0.42099
-2.9925,-2.6113,-2.126,-1.8663,-1.9395,-2.269,-2.7048,-3.0589,-3.1861,-3.0773,-2.8709,-2.7349,-2.7399,-2.8383,-2.9329,-2.9452,-2.847,-2.6491,-2.379,-2.0636,-1.7279,-1.4117,-1.1754,-1.0642,-1.058,-1.0804,-1.0703,-1.0288,-1.0004,-1.0434,-1.205,-1.4955,-1.8646,-2.1871,-2.3279,-2.2343,-1.9746,-1.655,-1.3584,-1.1219,-0.95188,-0.84376,-0.785,-0.76343,-0.76296,-0.75683,-0.71584,-0.61583,-0.45451,-0.25936,-0.069521,0.075603,0.14523,0.12112,0.011046,-0.1673,-0.38592,-0.61968,-0.85044,-1.0673,-1.2491,-1.3769,-1.4288,-1.3862,-1.2459,-1.0297,-0.78474,-0.56229,-0.40674,-0.33735,-0.33854,-0.3673,-0.37556,-0.33316,-0.23754,-0.10914,0.028966,0.15372,0.25226,0.32134
-3.2091,-2.8093,-2.2781,-1.9828,-2.0376,-2.3588,-2.7883,-3.1351,-3.2382,-3.0843,-2.8349,-2.6776,-2.6828,-2.7884,-2.8855,-2.8949,-2.7952,-2.6062,-2.3616,-2.0862,-1.7952,-1.5129,-1.2833,-1.1429,-1.0785,-1.0343,-0.97012,-0.89555,-0.85324,-0.89599,-1.0615,-1.3518,-1.7089,-2.0093,-2.1283,-2.0337,-1.7958,-1.5167,-1.2705,-1.0881,-0.97409,-0.91307,-0.89065,-0.88802,-0.88087,-0.84424,-0.75154,-0.59418,-0.39146,-0.18363,-0.013512,0.085384,0.094615,0.014715,-0.13543,-0.3231,-0.52258,-0.72345,-0.92356,-1.1139,-1.29,-1.4283,-1.4996,-1.478,-1.356,-1.1532,-0.91072,-0.69104,-0.54209,-0.48395,-0.50061,-0.54718,-0.57164,-0.5388,-0.44251,-0.30146,-0.14356,0.0037668,0.12454,0.21361
-3.3522,-2.9398,-2.3783,-2.0607,-2.1032,-2.4152,-2.8327,-3.1645,-3.2433,-3.0587,-2.7878,-2.6276,-2.6441,-2.7647,-2.8725,-2.887,-2.7912,-2.611,-2.3837,-2.1331,-1.868,-1.6021,-1.3691,-1.202,-1.095,-1.0072,-0.91241,-0.82131,-0.77492,-0.81855,-0.98128,-1.2595,-1.5901,-1.8574,-1.9526,-1.8576,-1.6439,-1.4081,-1.2143,-1.0888,-1.0266,-1.0093,-1.0141,-1.0179,-0.99639,-0.92548,-0.78628,-0.58334,-0.35109,-0.13369,0.025307,0.09846,0.07514,-0.034512,-0.20641,-0.40593,-0.60645,-0.79688,-0.97643,-1.1506,-1.3064,-1.4379,-1.5252,-1.5385,-1.4529,-1.2719,-1.0412,-0.81719,-0.66057,-0.60354,-0.63439,-0.70304,-0.747,-0.72259,-0.62114,-0.4646,-0.28678,-0.11615,0.028196,0.13804
-3.5134,-3.0853,-2.4887,-2.146,-2.1735,-2.4676,-2.8589,-3.1556,-3.1942,-2.9738,-2.6897,-2.5451,-2.5934,-2.7487,-2.8842,-2.9159,-2.8318,-2.6648,-2.4559,-2.2281,-1.9847,-1.7286,-1.4831,-1.2797,-1.1232,-0.98948,-0.86424,-0.7604,-0.71406,-0.75996,-0.91543,-1.1667,-1.4478,-1.6574,-1.7146,-1.622,-1.4512,-1.2843,-1.1737,-1.1321,-1.1439,-1.1802,-1.2105,-1.2089,-1.1538,-1.0245,-0.81873,-0.5595,-0.29221,-0.069726,0.072589,0.11726,0.063849,-0.073006,-0.25794,-0.45655,-0.64793,-0.82822,-1.0005,-1.1626,-1.3214,-1.4641,-1.5704,-1.6102,-1.5572,-1.4101,-1.1993,-0.99394,-0.85369,-0.8108,-0.85447,-0.93496,-0.98712,-0.96175,-0.84665,-0.66528,-0.45663,-0.25872,-0.09378,0.031075
-3.6104,-3.1703,-2.5518,-2.1936,-2.2094,-2.4857,-2.8493,-3.1095,-3.1121,-2.8701,-2.5889,-2.469,-2.5538,-2.7464,-2.9104,-2.9634,-2.8942,-2.7388,-2.5404,-2.3219,-2.0835,-1.8241,-1.5639,-1.3355,-1.1505,-0.99393,-0.85497,-0.74879,-0.70489,-0.75153,-0.89926,-1.1251,-1.3651,-1.528,-1.5567,-1.4674,-1.3311,-1.2185,-1.1703,-1.1891,-1.2516,-1.3203,-1.3611,-1.347,-1.2578,-1.0826,-0.82923,-0.53382,-0.24869,-0.023752,0.11171,0.14734,0.086768,-0.053024,-0.24171,-0.44526,-0.64107,-0.82243,-0.99164,-1.1536,-1.3089,-1.4577,-1.5858,-1.662,-1.6491,-1.5321,-1.3433,-1.1409,-0.99622,-0.95265,-1.0044,-1.0986,-1.1618,-1.1378,-1.0125,-0.813,-0.58233,-0.36017,-0.17173,-0.027398
-3.7064,-3.2498,-2.6074,-2.2324,-2.232,-2.4789,-2.7945,-2.9953,-2.9461,-2.6847,-2.4224,-2.3507,-2.4974,-2.7499,-2.9623,-3.052,-3.0101,-2.8748,-2.6888,-2.473,-2.2255,-1.946,-1.6586,-1.4019,-1.1942,-1.026,-0.88698,-0.78849,-0.75222,-0.79815,-0.92838,-1.1135,-1.2933,-1.3967,-1.3933,-1.3132,-1.2213,-1.1751,-1.1999,-1.2889,-1.4057,-1.5051,-1.544,-1.4962,-1.3517,-1.1148,-0.81016,-0.48309,-0.18791,0.035571,0.1674,0.20387,0.1511,0.024762,-0.15226,-0.35416,-0.55939,-0.75594,-0.93986,-1.1147,-1.2834,-1.4498,-1.6044,-1.7167,-1.7461,-1.6705,-1.5072,-1.3246,-1.1919,-1.1532,-1.2042,-1.2941,-1.3505,-1.3164,-1.1759,-0.95289,-0.69994,-0.45924,-0.25716,-0.10301
-3.7647,-3.2905,-2.6301,-2.2421,-2.2232,-2.4346,-2.6947,-2.8286,-2.7282,-2.4574,-2.2288,-2.2183,-2.4372,-2.758,-3.0278,-3.1619,-3.1551,-3.0456,-2.8719,-2.6497,-2.3773,-2.0617,-1.7397,-1.462,-1.2521,-1.0956,-0.97573,-0.89448,-0.86846,-0.91095,-1.016,-1.1539,-1.2714,-1.3213,-1.2944,-1.2291,-1.1808,-1.1925,-1.2764,-1.414,-1.5588,-1.6594,-1.6724,-1.5773,-1.3774,-1.0873,-0.74558,-0.40472,-0.11231,0.09907,0.22186,0.26142,0.22657,0.12554,-0.026123,-0.2119,-0.4164,-0.62731,-0.83565,-1.0351,-1.2329,-1.4309,-1.6215,-1.7756,-1.8482,-1.8081,-1.6701,-1.4922,-1.3516,-1.3008,-1.3424,-1.4271,-1.4791,-1.435,-1.2772,-1.039,-0.76554,-0.50853,-0.29772,-0.14245
-3.7851,-3.2962,-2.6261,-2.2296,-2.196,-2.3781,-2.5935,-2.6763,-2.5397,-2.2677,-2.0715,-2.1126,-2.3903,-2.7667,-3.0838,-3.2555,-3.2783,-3.1892,-3.023,-2.7913,-2.4927,-2.1429,-1.7939,-1.5083,-1.3099,-1.1756,-1.0794,-1.0144,-0.99512,-1.0316,-1.1144,-1.2156,-1.2892,-1.3048,-1.2665,-1.2154,-1.1987,-1.2472,-1.3645,-1.5208,-1.6663,-1.7434,-1.718,-1.5816,-1.3432,-1.0322,-0.68591,-0.35139,-0.072136,0.13149,0.25676,0.30994,0.2973,0.22298,0.092133,-0.087449,-0.30045,-0.52807,-0.75459,-0.97608,-1.193,-1.4127,-1.6303,-1.8149,-1.9167,-1.8993,-1.7707,-1.5961,-1.4512,-1.3892,-1.4133,-1.4768,-1.5085,-1.4507,-1.2879,-1.044,-0.77627,-0.52565,-0.31708,-0.15881
-3.7839,-3.2742,-2.5943,-2.1889,-2.1351,-2.276,-2.431,-2.448,-2.2691,-2.0016,-1.8531,-1.9672,-2.3264,-2.7807,-3.1661,-3.3915,-3.4542,-3.3906,-3.2309,-2.9816,-2.6433,-2.2463,-1.8649,-1.5778,-1.4081,-1.317,-1.2586,-1.2179,-1.2045,-1.2269,-1.2776,-1.3293,-1.3514,-1.3314,-1.2887,-1.2604,-1.2817,-1.3687,-1.5107,-1.6694,-1.7888,-1.8191,-1.735,-1.5409,-1.2614,-0.92873,-0.58512,-0.27275,-0.020477,0.1614,0.28059,0.34657,0.36171,0.32089,0.21805,0.055172,-0.15453,-0.39162,-0.63892,-0.88853,-1.1413,-1.4027,-1.6637,-1.8884,-2.0212,-2.0203,-1.8951,-1.7057,-1.533,-1.4361,-1.4253,-1.4594,-1.4702,-1.3998,-1.2308,-0.99129,-0.72753,-0.48471,-0.28931,-0.14899
-3.7641,-3.2373,-2.5523,-2.1426,-2.0735,-2.1833,-2.2951,-2.2676,-2.0623,-1.8016,-1.6902,-1.8589,-2.2787,-2.7927,-3.2305,-3.4967,-3.5887,-3.5428,-3.3861,-3.1214,-2.7515,-2.319,-1.9153,-1.6313,-1.4901,-1.4396,-1.4168,-1.397,-1.3864,-1.3931,-1.4131,-1.4252,-1.4117,-1.3743,-1.3379,-1.334,-1.3851,-1.4957,-1.6443,-1.7883,-1.8708,-1.8512,-1.7156,-1.48,-1.1782,-0.8433,-0.51469,-0.22794,-0.0015568,0.16166,0.27407,0.34755,0.38234,0.36418,0.28304,0.13366,-0.073022,-0.31634,-0.57736,-0.84594,-1.1264,-1.4189,-1.7089,-1.9547,-2.0974,-2.0958,-1.9597,-1.752,-1.5556,-1.4302,-1.3878,-1.3917,-1.3792,-1.2972,-1.1299,-0.90064,-0.65532,-0.4329,-0.25552,-0.1285
-3.7177,-3.1644,-2.4754,-2.0631,-1.9744,-2.0464,-2.1051,-2.0268,-1.7955,-1.548,-1.4848,-1.7216,-2.2175,-2.8075,-3.3116,-3.6306,-3.7603,-3.7373,-3.5844,-3.2987,-2.8856,-2.4047,-1.9718,-1.6941,-1.5957,-1.6066,-1.6398,-1.6514,-1.6402,-1.6181,-1.5877,-1.5458,-1.493,-1.4458,-1.4285,-1.464,-1.5582,-1.6989,-1.8524,-1.9644,-1.9828,-1.877,-1.6605,-1.3715,-1.0496,-0.73232,-0.44629,-0.20883,-0.025591,0.11481,0.22647,0.31425,0.36913,0.37473,0.30925,0.16987,-0.030602,-0.27225,-0.53956,-0.82763,-1.1368,-1.4667,-1.7948,-2.0676,-2.2164,-2.198,-2.029,-1.7803,-1.5382,-1.3643,-1.2728,-1.2328,-1.19,-1.0972,-0.9386,-0.73192,-0.51615,-0.32435,-0.17611,-0.076189
-3.6527,-3.0698,-2.3785,-1.9672,-1.8634,-1.902,-1.9157,-1.7973,-1.5502,-1.3212,-1.3037,-1.6017,-2.1642,-2.8202,-3.3821,-3.748,-3.9126,-3.9114,-3.7624,-3.4564,-3.0009,-2.4726,-2.0112,-1.7409,-1.6845,-1.7558,-1.8446,-1.8855,-1.8709,-1.816,-1.7361,-1.6455,-1.564,-1.5176,-1.5299,-1.6085,-1.7468,-1.916,-2.0685,-2.1417,-2.0874,-1.8987,-1.6115,-1.2787,-0.94673,-0.64691,-0.3992,-0.2112,-0.073538,0.032248,0.12507,0.21113,0.27812,0.29867,0.252,0.1297,-0.058263,-0.29363,-0.56292,-0.86171,-1.1967,-1.56,-1.9184,-2.2047,-2.3412,-2.2864,-2.0681,-1.7644,-1.4676,-1.2412,-1.1029,-1.0264,-0.96115,-0.86227,-0.71314,-0.53379,-0.34797,-0.18916,-0.075013,-0.0082342
-3.5957,-2.9882,-2.2962,-1.8873,-1.7763,-1.7944,-1.7807,-1.6389,-1.3868,-1.1743,-1.1893,-1.5269,-2.1311,-2.827,-3.4237,-3.8178,-4.0041,-4.0171,-3.871,-3.5522,-3.07,-2.5119,-2.0324,-1.7668,-1.7357,-1.8443,-1.9659,-2.0246,-2.0064,-1.929,-1.8165,-1.6946,-1.5975,-1.5583,-1.5982,-1.7155,-1.8891,-2.08,-2.2277,-2.2692,-2.1623,-1.9168,-1.5827,-1.2221,-0.8854,-0.60326,-0.38973,-0.242,-0.14147,-0.059331,0.024068,0.11048,0.18138,0.20797,0.16493,0.046089,-0.13519,-0.36033,-0.62038,-0.92149,-1.265,-1.646,-2.023,-2.3158,-2.4369,-2.3471,-2.084,-1.7387,-1.4038,-1.1417,-0.9688,-0.86083,-0.7734,-0.66805,-0.53047,-0.3688,-0.21645,-0.091964,-0.0055782,0.042784
-3.5135,-2.8709,-2.1781,-1.7764,-1.6615,-1.6592,-1.616,-1.4512,-1.199,-1.012,-1.0667,-1.4493,-2.098,-2.8337,-3.4639,-3.8837,-4.0889,-4.1145,-3.9717,-3.6428,-3.138,-2.5529,-2.0544,-1.7865,-1.7735,-1.9142,-2.0677,-2.1451,-2.1233,-2.0215,-1.8736,-1.7217,-1.6128,-1.5884,-1.6654,-1.8336,-2.0565,-2.2779,-2.4255,-2.43,-2.2609,-1.9481,-1.5609,-1.1716,-0.8335,-0.57422,-0.40302,-0.30617,-0.2502,-0.20071,-0.13452,-0.055682,0.010839,0.034013,-0.0067904,-0.11364,-0.27558,-0.48228,-0.73263,-1.0324,-1.3911,-1.7921,-2.1819,-2.4678,-2.5562,-2.4138,-2.0939,-1.6938,-1.3107,-1.0065,-0.79765,-0.66127,-0.55488,-0.44142,-0.30736,-0.16901,-0.040579,0.054605,0.10674,0.11789
-3.4301,-2.7502,-2.0566,-1.6664,-1.5537,-1.5397,-1.4753,-1.2957,-1.0495,-0.88793,-0.97688,-1.394,-2.0743,-2.8356,-3.4844,-3.9153,-4.1254,-4.1525,-4.0108,-3.6824,-3.1739,-2.5799,-2.0696,-1.7924,-1.7785,-1.9286,-2.0981,-2.1853,-2.1605,-2.0429,-1.8741,-1.7097,-1.6049,-1.6022,-1.7141,-1.9228,-2.1845,-2.4318,-2.5817,-2.5585,-2.3424,-1.9802,-1.5589,-1.1569,-0.82484,-0.58967,-0.4521,-0.39052,-0.36594,-0.33748,-0.28671,-0.22154,-0.16868,-0.15694,-0.20262,-0.30431,-0.45049,-0.63541,-0.86673,-1.1616,-1.5238,-1.9368,-2.3353,-2.6117,-2.6665,-2.4767,-2.1071,-1.6684,-1.2535,-0.91878,-0.67754,-0.50821,-0.37405,-0.2458,-0.115,0.0098505,0.10811,0.16828,0.18887,0.17656
-3.3698,-2.661,-1.9671,-1.5875,-1.4804,-1.4631,-1.3886,-1.2031,-0.96387,-0.81979,-0.92939,-1.3651,-2.0603,-2.8318,-3.485,-3.9147,-4.1194,-4.1413,-3.9999,-3.6794,-3.1822,-2.5949,-2.0824,-1.7956,-1.771,-1.9132,-2.0794,-2.1658,-2.1396,-2.0181,-1.8464,-1.6832,-1.5892,-1.6056,-1.7419,-1.9748,-2.2554,-2.5134,-2.66,-2.6227,-2.3852,-2.0045,-1.5712,-1.1664,-0.84179,-0.62215,-0.50441,-0.46095,-0.44939,-0.42708,-0.38186,-0.32691,-0.28899,-0.29151,-0.34513,-0.4416,-0.5735,-0.74384,-0.96656,-1.2575,-1.6262,-2.0458,-2.4448,-2.7112,-2.7456,-2.5291,-2.1345,-1.6731,-1.2375,-0.88321,-0.62307,-0.43609,-0.28714,-0.14882,-0.013868,0.10523,0.194,0.24237,0.24914,0.22074
-3.2968,-2.5489,-1.8544,-1.4904,-1.3964,-1.3801,-1.2996,-1.1119,-0.88425,-0.76063,-0.89036,-1.341,-2.0439,-2.8168,-3.4639,-3.88,-4.0675,-4.076,-3.9345,-3.6338,-3.1696,-2.6108,-2.1085,-1.8113,-1.7624,-1.8772,-2.0226,-2.0981,-2.0692,-1.9513,-1.7886,-1.6404,-1.5657,-1.6057,-1.7669,-2.0238,-2.3207,-2.5814,-2.7178,-2.6632,-2.4121,-2.0265,-1.5973,-1.2031,-0.89394,-0.68965,-0.58622,-0.55318,-0.54279,-0.52145,-0.47614,-0.42411,-0.39575,-0.41543,-0.48112,-0.58244,-0.70836,-0.86545,-1.0761,-1.3647,-1.7378,-2.1679,-2.574,-2.8337,-2.8458,-2.6022,-2.1864,-1.7119,-1.2693,-0.9063,-0.62935,-0.41654,-0.23769,-0.073528,0.076209,0.19657,0.27672,0.30866,0.29575,0.24848
-3.2501,-2.4728,-1.7778,-1.4261,-1.3444,-1.3325,-1.2513,-1.0667,-0.84941,-0.7402,-0.88078,-1.3351,-2.0354,-2.8006,-3.4347,-3.8336,-4.0022,-3.9967,-3.8554,-3.5746,-3.1457,-2.6222,-2.1386,-1.8368,-1.7647,-1.8499,-1.9703,-2.0324,-2.0005,-1.8887,-1.7399,-1.6104,-1.5555,-1.6119,-1.7861,-2.0488,-2.3458,-2.5984,-2.7226,-2.657,-2.4044,-2.0291,-1.619,-1.2466,-0.95533,-0.76342,-0.66186,-0.61928,-0.59453,-0.55461,-0.4979,-0.44617,-0.42768,-0.45865,-0.53478,-0.63842,-0.76159,-0.91714,-1.131,-1.4258,-1.8082,-2.245,-2.6522,-2.9083,-2.9155,-2.6684,-2.2512,-1.7771,-1.3335,-0.96594,-0.67852,-0.44828,-0.2478,-0.063788,0.09865,0.22698,0.3033,0.32737,0.30689,0.25432
-3.2019,-2.3857,-1.6892,-1.3538,-1.2897,-1.287,-1.2091,-1.0338,-0.83362,-0.74294,-0.89357,-1.3445,-2.0311,-2.7761,-3.385,-3.7539,-3.8914,-3.8635,-3.7216,-3.4714,-3.0998,-2.6379,-2.1922,-1.8907,-1.7868,-1.8267,-1.9079,-1.9476,-1.9119,-1.8098,-1.6806,-1.5774,-1.5501,-1.6302,-1.817,-2.0793,-2.3603,-2.5858,-2.6813,-2.6019,-2.3605,-2.0182,-1.6503,-1.3162,-1.0529,-0.87122,-0.76298,-0.69864,-0.63983,-0.56681,-0.48369,-0.41663,-0.39391,-0.42845,-0.51066,-0.62129,-0.75336,-0.92176,-1.1528,-1.4664,-1.8669,-2.317,-2.731,-2.9884,-2.9967,-2.7554,-2.3493,-1.8883,-1.4561,-1.0929,-0.79907,-0.55148,-0.32602,-0.11478,0.071604,0.21346,0.29849,0.32414,0.29954,0.23983
-3.1727,-2.3186,-1.6181,-1.2982,-1.2514,-1.2594,-1.1887,-1.0268,-0.84868,-0.77755,-0.93373,-1.374,-2.0375,-2.7541,-3.3327,-3.6671,-3.7695,-3.7155,-3.5701,-3.3511,-3.0436,-2.6555,-2.2609,-1.9694,-1.8389,-1.8341,-1.8728,-1.885,-1.8403,-1.7464,-1.637,-1.5597,-1.5591,-1.6588,-1.8514,-2.1009,-2.3503,-2.5342,-2.5937,-2.5038,-2.2844,-1.989,-1.6767,-1.3931,-1.1636,-0.9951,-0.87435,-0.77411,-0.66742,-0.54576,-0.42311,-0.32671,-0.28193,-0.30124,-0.37553,-0.49284,-0.6468,-0.84596,-1.1087,-1.4539,-1.8754,-2.34,-2.7651,-3.0335,-3.0553,-2.8319,-2.4496,-2.0148,-1.6061,-1.2575,-0.96374,-0.70052,-0.44922,-0.21095,-0.0034021,0.15335,0.24529,0.27429,0.25215,0.19504
-3.1649,-2.2831,-1.5777,-1.267,-1.2326,-1.2491,-1.1856,-1.0365,-0.87771,-0.82231,-0.98055,-1.4087,-2.0518,-2.7444,-3.2984,-3.6067,-3.6824,-3.6069,-3.4563,-3.258,-2.9981,-2.6692,-2.3199,-2.0432,-1.897,-1.8614,-1.8688,-1.8594,-1.8057,-1.7153,-1.6191,-1.5587,-1.5743,-1.6825,-1.8732,-2.1056,-2.3259,-2.4747,-2.5074,-2.4123,-2.2136,-1.9601,-1.6967,-1.4562,-1.2554,-1.095,-0.9602,-0.82748,-0.68046,-0.51548,-0.35612,-0.23111,-0.16319,-0.16075,-0.22345,-0.33799,-0.5021,-0.72515,-1.021,-1.3964,-1.847,-2.3311,-2.7644,-3.0356,-3.0649,-2.8598,-2.5031,-2.0969,-1.7142,-1.3833,-1.0958,-0.82741,-0.56314,-0.30921,-0.087503,0.078411,0.17811,0.21325,0.19672,0.14549
-3.1752,-2.2564,-1.5416,-1.2394,-1.2189,-1.2462,-1.1948,-1.0659,-0.93539,-0.90141,-1.0613,-1.471,-2.0856,-2.7464,-3.2679,-3.543,-3.5853,-3.4817,-3.3207,-3.1432,-2.9387,-2.6848,-2.3999,-2.15,-1.9913,-1.9203,-1.8912,-1.856,-1.7908,-1.701,-1.6129,-1.5658,-1.5931,-1.7066,-1.8883,-2.0961,-2.2763,-2.3795,-2.3796,-2.2806,-2.1144,-1.9176,-1.721,-1.5397,-1.3772,-1.2269,-1.0746,-0.90435,-0.70629,-0.49166,-0.28058,-0.099294,0.027419,0.079501,0.051851,-0.058622,-0.24793,-0.51314,-0.85484,-1.2738,-1.754,-2.2557,-2.6983,-2.9788,-3.0268,-2.8537,-2.5408,-2.1786,-1.8333,-1.5289,-1.2547,-0.98742,-0.71572,-0.45088,-0.21856,-0.042322,0.066039,0.10887,0.099753,0.056186
-3.21,-2.2543,-1.5251,-1.2262,-1.2151,-1.2523,-1.2134,-1.1076,-1.0066,-0.99448,-1.1567,-1.5507,-2.1399,-2.7731,-3.2655,-3.5095,-3.5196,-3.3888,-3.2145,-3.0474,-2.8831,-2.6921,-2.469,-2.2532,-2.0951,-2.0012,-1.9428,-1.8835,-1.8046,-1.7106,-1.6239,-1.5804,-1.6091,-1.7179,-1.8829,-2.0604,-2.1989,-2.2624,-2.24,-2.1494,-2.0217,-1.8842,-1.7518,-1.6274,-1.5028,-1.3675,-1.2039,-0.99855,-0.75425,-0.48319,-0.21247,0.030408,0.21977,0.333,0.34645,0.25188,0.049958,-0.25123,-0.64024,-1.1018,-1.6136,-2.1275,-2.5664,-2.8414,-2.9003,-2.7622,-2.4989,-2.194,-1.9013,-1.635,-1.3809,-1.1198,-0.8488,-0.58548,-0.35593,-0.17991,-0.070174,-0.019887,-0.016161,-0.044388
-3.252,-2.2681,-1.5246,-1.2231,-1.2158,-1.2587,-1.2295,-1.1414,-1.0622,-1.0673,-1.2346,-1.6217,-2.1973,-2.8148,-3.2883,-3.5099,-3.4953,-3.3423,-3.1539,-2.9871,-2.8421,-2.6874,-2.5058,-2.3209,-2.1734,-2.0728,-1.9972,-1.9201,-1.8286,-1.7283,-1.6406,-1.5941,-1.6159,-1.7108,-1.8574,-2.0108,-2.1237,-2.1665,-2.1363,-2.0581,-1.9612,-1.8695,-1.7853,-1.7002,-1.6025,-1.473,-1.2998,-1.0756,-0.80364,-0.50188,-0.1918,0.10173,0.34905,0.51472,0.56691,0.48686,0.27628,-0.048122,-0.46454,-0.94979,-1.4745,-1.9892,-2.4213,-2.6937,-2.7652,-2.6567,-2.4343,-2.1713,-1.9117,-1.6695,-1.4336,-1.1876,-0.92869,-0.67365,-0.44904,-0.27865,-0.16802,-0.11541,-0.10867,-0.1325
-3.3287,-2.3057,-1.537,-1.2241,-1.2159,-1.2631,-1.2468,-1.1813,-1.1305,-1.1606,-1.3413,-1.7287,-2.2969,-2.9019,-3.355,-3.5473,-3.4977,-3.3106,-3.0967,-2.9199,-2.7856,-2.6633,-2.5282,-2.3888,-2.2682,-2.1729,-2.0865,-1.9916,-1.8826,-1.768,-1.6675,-1.605,-1.6039,-1.6711,-1.7882,-1.9144,-2.0057,-2.0357,-2.0094,-1.9533,-1.8987,-1.8584,-1.8295,-1.7942,-1.7299,-1.6196,-1.4481,-1.2104,-0.91305,-0.5703,-0.20258,0.16293,0.48823,0.72582,0.82838,0.76901,0.55251,0.20642,-0.23487,-0.73995,-1.269,-1.7742,-2.1889,-2.4484,-2.5261,-2.4504,-2.2813,-2.0795,-1.878,-1.6788,-1.4669,-1.2326,-0.98547,-0.75001,-0.55079,-0.39893,-0.30489,-0.25598,-0.23985,-0.24596
-3.4007,-2.3465,-1.5536,-1.2262,-1.2123,-1.2598,-1.2522,-1.2025,-1.1721,-1.2227,-1.4187,-1.8147,-2.3862,-2.9887,-3.43,-3.5998,-3.5214,-3.306,-3.0692,-2.8779,-2.7415,-2.6334,-2.5275,-2.4226,-2.329,-2.247,-2.1614,-2.059,-1.9372,-1.8068,-1.6867,-1.6022,-1.5772,-1.6203,-1.7147,-1.8214,-1.8999,-1.9286,-1.9148,-1.8856,-1.8661,-1.8646,-1.8705,-1.8636,-1.8214,-1.7271,-1.5649,-1.327,-1.0191,-0.65046,-0.24432,0.1697,0.54916,0.83877,0.97976,0.94273,0.73163,0.37797,-0.076167,-0.58769,-1.1147,-1.6047,-1.9971,-2.2416,-2.3243,-2.2751,-2.1488,-1.9897,-1.8226,-1.6479,-1.4541,-1.2361,-1.0057,-0.78679,-0.60308,-0.46996,-0.38387,-0.34001,-0.32743,-0.33485
-3.5129,-2.4138,-1.5814,-1.2272,-1.1984,-1.2432,-1.2444,-1.2135,-1.2087,-1.2883,-1.5116,-1.931,-2.5196,-3.1283,-3.559,-3.6977,-3.577,-3.3193,-3.0458,-2.8266,-2.6759,-2.5752,-2.5018,-2.4441,-2.3961,-2.3429,-2.2679,-2.1603,-2.0228,-1.8666,-1.7111,-1.5855,-1.5171,-1.5211,-1.5851,-1.6728,-1.7459,-1.783,-1.7941,-1.8023,-1.8288,-1.8752,-1.9251,-1.9537,-1.94,-1.8647,-1.7192,-1.4971,-1.1919,-0.81107,-0.3647,0.11603,0.57419,0.93265,1.1266,1.1159,0.90955,0.55007,0.091077,-0.41685,-0.92498,-1.3818,-1.7363,-1.9543,-2.0373,-2.0198,-1.9436,-1.8448,-1.7305,-1.5899,-1.4115,-1.2017,-0.98582,-0.79345,-0.64411,-0.54128,-0.48159,-0.45068,-0.43793,-0.43718
-3.6394,-2.4915,-1.612,-1.2216,-1.1707,-1.208,-1.2155,-1.2018,-1.2214,-1.3304,-1.5884,-2.0428,-2.6618,-3.2877,-3.7125,-3.8203,-3.6537,-3.3468,-3.0282,-2.7714,-2.5957,-2.4916,-2.4455,-2.4422,-2.4542,-2.4436,-2.385,-2.2726,-2.1149,-1.9264,-1.7282,-1.5526,-1.4354,-1.3992,-1.4348,-1.5093,-1.5819,-1.6337,-1.6702,-1.7143,-1.783,-1.8716,-1.9614,-2.0256,-2.0405,-1.9979,-1.8859,-1.6932,-1.4086,-1.0167,-0.53205,0.0053256,0.52646,0.9464,1.1832,1.2016,1.0122,0.662,0.21132,-0.27988,-0.75879,-1.1763,-1.4919,-1.6868,-1.7725,-1.7817,-1.7514,-1.6978,-1.6195,-1.5027,-1.3395,-1.1429,-0.94314,-0.77233,-0.64996,-0.57839,-0.54431,-0.53418,-0.53405,-0.53529
-3.7406,-2.5535,-1.6337,-1.2109,-1.1395,-1.1689,-1.1795,-1.1778,-1.2145,-1.3462,-1.6328,-2.1196,-2.7683,-3.4122,-3.8352,-3.9203,-3.7171,-3.37,-3.0135,-2.724,-2.5246,-2.4137,-2.3862,-2.4265,-2.4911,-2.5211,-2.4796,-2.3642,-2.1888,-1.9721,-1.7389,-1.5238,-1.3684,-1.3002,-1.3148,-1.3786,-1.4523,-1.5153,-1.5732,-1.6455,-1.7438,-1.8623,-1.9759,-2.0579,-2.0918,-2.0697,-1.9896,-1.8371,-1.5829,-1.2056,-0.70443,-0.12438,0.44972,0.91447,1.1867,1.2243,1.0431,0.69821,0.25709,-0.21643,-0.66788,-1.05,-1.3304,-1.5014,-1.5831,-1.6097,-1.6077,-1.5891,-1.5393,-1.437,-1.2774,-1.0836,-0.89486,-0.74444,-0.64654,-0.5969,-0.58223,-0.58266,-0.58707,-0.59148
-3.878,-2.636,-1.6568,-1.1864,-1.0842,-1.1007,-1.1144,-1.127,-1.1866,-1.3485,-1.6751,-2.2098,-2.9022,-3.5733,-3.9969,-4.0521,-3.7991,-3.3962,-2.9863,-2.6494,-2.414,-2.2903,-2.2864,-2.3867,-2.5289,-2.6226,-2.6136,-2.4967,-2.2951,-2.036,-1.7511,-1.4826,-1.2786,-1.1721,-1.1619,-1.2142,-1.2896,-1.3647,-1.4433,-1.5411,-1.6673,-1.814,-1.9549,-2.0631,-2.1251,-2.1371,-2.1026,-2.0055,-1.8032,-1.4531,-0.94507,-0.32915,0.29487,0.81027,1.1208,1.1862,1.0252,0.69828,0.27937,-0.16408,-0.57193,-0.90575,-1.1459,-1.2957,-1.3777,-1.4206,-1.4464,-1.4545,-1.4279,-1.3437,-1.1966,-1.012,-0.83329,-0.69829,-0.62324,-0.59961,-0.61147,-0.63571,-0.6559,-0.66506
-3.9785,-2.6943,-1.6677,-1.1599,-1.0336,-1.0393,-1.0551,-1.0791,-1.1561,-1.3405,-1.6972,-2.2672,-2.9929,-3.685,-4.1089,-4.1426,-3.8532,-3.4084,-2.9565,-2.5813,-2.3169,-2.1828,-2.1968,-2.3449,-2.5495,-2.6963,-2.7148,-2.5983,-2.3765,-2.0855,-1.7616,-1.4552,-1.2191,-1.0898,-1.0645,-1.11,-1.1835,-1.2625,-1.347,-1.4531,-1.5904,-1.7486,-1.9047,-2.0314,-2.1115,-2.152,-2.1538,-2.1009,-1.9468,-1.6268,-1.1246,-0.49225,0.15973,0.70377,1.0387,1.1238,0.98006,0.66991,0.26991,-0.1474,-0.52703,-0.82975,-1.0411,-1.1722,-1.2505,-1.3032,-1.3438,-1.3681,-1.3522,-1.2732,-1.1308,-0.95531,-0.79102,-0.6731,-0.6146,-0.60871,-0.63264,-0.66412,-0.68952,-0.70456
-4.1017,-2.761,-1.6711,-1.1136,-0.95583,-0.9495,-0.96881,-1.0095,-1.1095,-1.3245,-1.719,-2.3317,-3.098,-3.8157,-4.2382,-4.2442,-3.9093,-3.4101,-2.9019,-2.4748,-2.1722,-2.025,-2.0628,-2.2749,-2.5634,-2.783,-2.8388,-2.7246,-2.4809,-2.153,-1.7871,-1.4396,-1.1692,-1.0138,-0.96985,-1.0023,-1.0677,-1.1431,-1.2293,-1.3408,-1.4838,-1.6488,-1.8086,-1.9373,-2.0282,-2.0863,-2.1287,-2.1419,-2.0602,-1.806,-1.3352,-0.69799,-0.021361,0.54849,0.90727,1.0103,0.88327,0.59496,0.22601,-0.15421,-0.4898,-0.75188,-0.93455,-1.0517,-1.1273,-1.1832,-1.2306,-1.26,-1.2527,-1.1874,-1.0618,-0.90288,-0.7538,-0.65084,-0.60849,-0.61804,-0.65677,-0.70221,-0.73788,-0.75756
-4.204,-2.8099,-1.6588,-1.056,-0.8717,-0.85547,-0.88196,-0.94149,-1.0677,-1.3126,-1.7409,-2.3871,-3.1814,-3.9143,-4.3309,-4.3107,-3.9355,-3.3889,-2.8308,-2.3575,-2.0203,-1.8602,-1.9169,-2.1837,-2.5499,-2.8416,-2.9392,-2.8347,-2.5779,-2.2241,-1.8295,-1.4551,-1.1616,-0.98647,-0.92591,-0.94308,-0.99654,-1.0611,-1.139,-1.2405,-1.3737,-1.5253,-1.6734,-1.7949,-1.8827,-1.9537,-2.026,-2.0877,-2.0724,-1.8784,-1.4519,-0.84033,-0.17511,0.39445,0.75685,0.87248,0.76647,0.50557,0.1682,-0.1739,-0.47544,-0.70773,-0.86793,-0.9729,-1.0465,-1.106,-1.1532,-1.1828,-1.1733,-1.1092,-0.99494,-0.85835,-0.73669,-0.65845,-0.63355,-0.65237,-0.69741,-0.7454,-0.78144,-0.79971
-4.2622,-2.8311,-1.6381,-1.0064,-0.80682,-0.78738,-0.8216,-0.89751,-1.0447,-1.3125,-1.762,-2.4258,-3.23,-3.9634,-4.3717,-4.3335,-3.9337,-3.3586,-2.7705,-2.2681,-1.9074,-1.7365,-1.8019,-2.0994,-2.5141,-2.8563,-2.9906,-2.9014,-2.6434,-2.2788,-1.8714,-1.4864,-1.1855,-1.0035,-0.93443,-0.93886,-0.97708,-1.0264,-1.0898,-1.1785,-1.2986,-1.4365,-1.5691,-1.6749,-1.7489,-1.8151,-1.8963,-1.9834,-2.0091,-1.8632,-1.4787,-0.89685,-0.25105,0.30468,0.65968,0.77189,0.66961,0.42279,0.11012,-0.20378,-0.47538,-0.68527,-0.83537,-0.93976,-1.0143,-1.0699,-1.1097,-1.1269,-1.1128,-1.0579,-0.96385,-0.85051,-0.74862,-0.68402,-0.66612,-0.6878,-0.72954,-0.77241,-0.80462,-0.82337
-4.3096,-2.8354,-1.5954,-0.93388,-0.72207,-0.70526,-0.75435,-0.85517,-1.0327,-1.3302,-1.8029,-2.4769,-3.2778,-3.9967,-4.3851,-4.3256,-3.9029,-3.3019,-2.6849,-2.152,-1.7643,-1.5775,-1.6451,-1.9665,-2.4286,-2.8309,-3.019,-2.9625,-2.7145,-2.3484,-1.9361,-1.5501,-1.2523,-1.0722,-0.99639,-0.98524,-0.99899,-1.0218,-1.0594,-1.127,-1.2269,-1.3449,-1.4516,-1.5249,-1.5688,-1.6089,-1.6798,-1.7792,-1.8389,-1.7477,-1.4274,-0.90626,-0.31055,0.20786,0.53659,0.63823,0.54202,0.31621,0.03465,-0.24409,-0.4849,-0.6748,-0.81639,-0.92026,-0.99625,-1.0484,-1.0753,-1.0779,-1.0518,-0.99824,-0.92541,-0.84779,-0.78223,-0.7422,-0.73322,-0.74923,-0.78374,-0.82051,-0.84875,-0.86318
-4.3171,-2.8106,-1.5347,-0.85652,-0.64374,-0.63798,-0.70743,-0.83556,-1.0458,-1.3726,-1.8608,-2.531,-3.3082,-3.9935,-4.3519,-4.2741,-3.8421,-3.232,-2.6003,-2.0474,-1.638,-1.4319,-1.4884,-1.8144,-2.3034,-2.7528,-2.9942,-2.9807,-2.7593,-2.4097,-2.0115,-1.6409,-1.358,-1.1856,-1.1058,-1.0783,-1.0678,-1.0637,-1.077,-1.1224,-1.2012,-1.293,-1.3686,-1.4074,-1.4153,-1.4275,-1.4805,-1.5757,-1.6506,-1.5922,-1.3191,-0.85163,-0.30868,0.16068,0.45221,0.52883,0.42296,0.2045,-0.054727,-0.3031,-0.51658,-0.68809,-0.82288,-0.92616,-0.99797,-1.0361,-1.0433,-1.0234,-0.98997,-0.9523,-0.91413,-0.87686,-0.84419,-0.82224,-0.81546,-0.82544,-0.84223,-0.86079,-0.87607,-0.88596
-4.2953,-2.7721,-1.4793,-0.79633,-0.5913,-0.60003,-0.68875,-0.83925,-1.0743,-1.4225,-1.9174,-2.5744,-3.3211,-3.9685,-4.298,-4.2099,-3.7804,-3.1743,-2.5413,-1.9807,-1.5578,-1.3347,-1.3748,-1.693,-2.1883,-2.6619,-2.939,-2.9617,-2.7711,-2.446,-2.0694,-1.7194,-1.4538,-1.292,-1.2127,-1.1736,-1.1444,-1.1203,-1.1169,-1.1492,-1.2156,-1.2925,-1.348,-1.3619,-1.3424,-1.3293,-1.3636,-1.4496,-1.5252,-1.4788,-1.2265,-0.7886,-0.28292,0.14962,0.40433,0.4535,0.33561,0.12145,-0.12191,-0.35302,-0.54716,-0.70651,-0.83661,-0.93926,-1.0096,-1.0411,-1.0343,-1.004,-0.96449,-0.93079,-0.90921,-0.89723,-0.88957,-0.88367,-0.88046,-0.8795,-0.88679,-0.8964,-0.90506,-0.91027
-4.2307,-2.6951,-1.393,-0.71594,-0.53203,-0.56889,-0.68793,-0.87122,-1.1398,-1.5141,-2.0121,-2.6377,-3.3252,-3.907,-4.192,-4.095,-3.6805,-3.094,-2.4731,-1.9121,-1.4755,-1.228,-1.2385,-1.5311,-2.0167,-2.5064,-2.8237,-2.8959,-2.7531,-2.4699,-2.1323,-1.8194,-1.586,-1.4465,-1.3739,-1.325,-1.2744,-1.2263,-1.2032,-1.2232,-1.2808,-1.3484,-1.3874,-1.3754,-1.3261,-1.2807,-1.2863,-1.3503,-1.4109,-1.3629,-1.1258,-0.71667,-0.24647,0.14523,0.36472,0.38623,0.24982,0.02739,-0.21429,-0.43156,-0.6156,-0.76603,-0.88768,-0.97927,-1.0332,-1.0438,-1.0173,-0.96961,-0.92979,-0.9161,-0.929,-0.95348,-0.97137,-0.97329,-0.96169,-0.94574,-0.93296,-0.92877,-0.93084,-0.93396
-4.1575,-2.6197,-1.32,-0.6566,-0.49665,-0.56083,-0.70598,-0.91519,-1.2085,-1.6001,-2.0945,-2.6871,-3.3174,-3.8405,-4.0902,-3.99,-3.5946,-3.0326,-2.4302,-1.8764,-1.4343,-1.1693,-1.1535,-1.4177,-1.8846,-2.3756,-2.716,-2.8223,-2.714,-2.4646,-2.1607,-1.8821,-1.68,-1.5631,-1.4994,-1.4474,-1.3849,-1.3234,-1.2902,-1.3052,-1.3629,-1.4292,-1.4637,-1.4427,-1.3784,-1.3184,-1.3079,-1.3536,-1.3973,-1.3305,-1.0801,-0.66821,-0.20761,0.1662,0.36044,0.35445,0.19471,-0.041662,-0.2862,-0.50225,-0.67608,-0.81551,-0.92917,-1.0162,-1.0661,-1.0696,-1.0311,-0.97673,-0.93285,-0.9222,-0.94776,-0.99165,-1.0275,-1.0375,-1.021,-0.99153,-0.9641,-0.94798,-0.94416,-0.94733
-4.0334,-2.5006,-1.2157,-0.58031,-0.46139,-0.57006,-0.75421,-0.99858,-1.3239,-1.7342,-2.2153,-2.7508,-3.2924,-3.729,-3.9308,-3.8323,-3.4718,-2.9536,-2.3867,-1.8517,-1.4084,-1.122,-1.0682,-1.2871,-1.7177,-2.1973,-2.5543,-2.6965,-2.6313,-2.4273,-2.1722,-1.9445,-1.7901,-1.7086,-1.6625,-1.6087,-1.5341,-1.4595,-1.4216,-1.4421,-1.5119,-1.5924,-1.6347,-1.6116,-1.5382,-1.4618,-1.4332,-1.4574,-1.4682,-1.3631,-1.0734,-0.63419,-0.16517,0.19998,0.37423,0.34367,0.1591,-0.10002,-0.36379,-0.59,-0.77134,-0.91256,-1.0206,-1.0942,-1.125,-1.1091,-1.0585,-0.99665,-0.95935,-0.96674,-1.0137,-1.0729,-1.1119,-1.1132,-1.0809,-1.0344,-0.99244,-0.9679,-0.96068,-0.96339
-3.8856,-2.3665,-1.1075,-0.51088,-0.44191,-0.60142,-0.82747,-1.1053,-1.4591,-1.8817,-2.3384,-2.8035,-3.2468,-3.5948,-3.7514,-3.6619,-3.3479,-2.8873,-2.3685,-1.8612,-1.4208,-1.1123,-1.0166,-1.1842,-1.5711,-2.0288,-2.389,-2.5556,-2.5263,-2.3634,-2.1549,-1.9767,-1.8704,-1.8292,-1.8083,-1.763,-1.6839,-1.602,-1.5617,-1.5912,-1.6818,-1.7908,-1.8624,-1.8621,-1.8001,-1.7238,-1.6807,-1.6726,-1.6336,-1.463,-1.1098,-0.62271,-0.12538,0.25061,0.42125,0.37471,0.16364,-0.12773,-0.42226,-0.67391,-0.86723,-1.01,-1.1138,-1.1821,-1.2091,-1.1912,-1.1384,-1.0811,-1.0478,-1.0579,-1.1058,-1.1633,-1.1963,-1.186,-1.138,-1.0726,-1.0203,-0.98841,-0.9766,-0.97731
-3.7647,-2.2607,-1.027,-0.46554,-0.43848,-0.63929,-0.89681,-1.1969,-1.5679,-1.9942,-2.4253,-2.8307,-3.1982,-3.4826,-3.6099,-3.5318,-3.2589,-2.8495,-2.3746,-1.8932,-1.4562,-1.1293,-0.99868,-1.126,-1.4781,-1.9169,-2.2772,-2.456,-2.4455,-2.3069,-2.1273,-1.9834,-1.911,-1.8999,-1.8994,-1.8651,-1.7885,-1.7052,-1.6661,-1.703,-1.8124,-1.9484,-2.0542,-2.0879,-2.0485,-1.9825,-1.9304,-1.8917,-1.8042,-1.5697,-1.1542,-0.61884,-0.090813,0.30218,0.4763,0.42229,0.19408,-0.12166,-0.44349,-0.7199,-0.9322,-1.0864,-1.1947,-1.2617,-1.2844,-1.2631,-1.2125,-1.1588,-1.1355,-1.158,-1.2138,-1.2672,-1.2825,-1.246,-1.1723,-1.0919,-1.0275,-0.99392,-0.98751,-0.99605
-3.5984,-2.1185,-0.9257,-0.41723,-0.44968,-0.70659,-1.0041,-1.3282,-1.712,-2.1325,-2.5199,-2.8422,-3.1131,-3.3214,-3.419,-3.3624,-3.1494,-2.8151,-2.4076,-1.9684,-1.5396,-1.1877,-1.0083,-1.0792,-1.3833,-1.7956,-2.1513,-2.3396,-2.3445,-2.229,-2.0829,-1.98,-1.9527,-1.9784,-2.0022,-1.9764,-1.9008,-1.8174,-1.7843,-1.8382,-1.977,-2.16,-2.3218,-2.4103,-2.4159,-2.3664,-2.3019,-2.2189,-2.0512,-1.7257,-1.223,-0.6186,-0.042577,0.3771,0.56748,0.51493,0.27206,-0.072989,-0.43317,-0.74764,-0.99305,-1.169,-1.2884,-1.3616,-1.3922,-1.3838,-1.3498,-1.3168,-1.3083,-1.3348,-1.3819,-1.4159,-1.4046,-1.3391,-1.2385,-1.1366,-1.0615,-1.021,-1.0101,-1.0161
-3.434,-1.9824,-0.83679,-0.38567,-0.48058,-0.79124,-1.1218,-1.4586,-1.8409,-2.2403,-2.5755,-2.817,-3.0032,-3.1524,-3.233,-3.2055,-3.057,-2.803,-2.4694,-2.0791,-1.6627,-1.2862,-1.0558,-1.0668,-1.3216,-1.7056,-2.0564,-2.254,-2.2745,-2.1777,-2.0546,-1.979,-1.9812,-2.0326,-2.0745,-2.0588,-1.9866,-1.9043,-1.8725,-1.9352,-2.0979,-2.3249,-2.552,-2.7167,-2.7862,-2.7726,-2.6959,-2.5478,-2.2831,-1.8459,-1.2525,-0.58986,0.018747,0.46089,0.66083,0.61168,0.36475,0.0053961,-0.3803,-0.72903,-1.0086,-1.2145,-1.3564,-1.4457,-1.4904,-1.4997,-1.4899,-1.485,-1.5061,-1.5538,-1.602,-1.6111,-1.5559,-1.4432,-1.3066,-1.1815,-1.097,-1.058,-1.0526,-1.0626
-3.3166,-1.8883,-0.78067,-0.37526,-0.517,-0.86448,-1.2125,-1.5486,-1.9179,-2.2914,-2.5845,-2.7717,-2.9066,-3.0242,-3.1012,-3.1,-3.0018,-2.8099,-2.534,-2.1821,-1.7757,-1.3806,-1.1119,-1.0786,-1.2968,-1.6601,-2.0082,-2.2157,-2.2516,-2.1692,-2.0564,-1.9907,-1.9995,-2.0582,-2.1061,-2.0966,-2.0279,-1.9461,-1.9128,-1.9771,-2.152,-2.4087,-2.6857,-2.9104,-3.0332,-3.0421,-2.9476,-2.7469,-2.4069,-1.9021,-1.2592,-0.56547,0.062529,0.51624,0.72755,0.6862,0.44192,0.078834,-0.31785,-0.68509,-0.98703,-1.2168,-1.3806,-1.4883,-1.5501,-1.5793,-1.5963,-1.6193,-1.6637,-1.7232,-1.7681,-1.7609,-1.6821,-1.5447,-1.3852,-1.2461,-1.1493,-1.0986,-1.0839,-1.0893
-3.1736,-1.7777,-0.7238,-0.38022,-0.5826,-0.97195,-1.3306,-1.6492,-1.983,-2.3095,-2.5466,-2.6755,-2.762,-2.8539,-2.9368,-2.9758,-2.9472,-2.84,-2.6433,-2.3435,-1.9484,-1.525,-1.2037,-1.1128,-1.2855,-1.6256,-1.9725,-2.1974,-2.257,-2.194,-2.0947,-2.033,-2.0394,-2.09,-2.1293,-2.1128,-2.0416,-1.959,-1.927,-1.9945,-2.1802,-2.463,-2.7879,-3.0801,-3.2702,-3.3142,-3.2009,-2.9295,-2.4964,-1.9147,-1.2286,-0.52016,0.11025,0.56732,0.78878,0.7634,0.53496,0.18049,-0.21917,-0.60087,-0.92592,-1.1796,-1.3653,-1.4956,-1.585,-1.6494,-1.7055,-1.7739,-1.8598,-1.9473,-1.9979,-1.9716,-1.8562,-1.6787,-1.4884,-1.3295,-1.2237,-1.1726,-1.1592,-1.1617
-3.0791,-1.7085,-0.69591,-0.39888,-0.64441,-1.0577,-1.4127,-1.7044,-1.9978,-2.2814,-2.4797,-2.5783,-2.6454,-2.7305,-2.8244,-2.896,-2.9203,-2.8774,-2.7408,-2.4793,-2.089,-1.6393,-1.275,-1.1415,-1.2844,-1.6137,-1.9687,-2.2132,-2.2937,-2.2455,-2.1521,-2.086,-2.0799,-2.1116,-2.1329,-2.1026,-2.0256,-1.9414,-1.9094,-1.9763,-2.1635,-2.4559,-2.8045,-3.136,-3.368,-3.4378,-3.3123,-2.9929,-2.5058,-1.8846,-1.1878,-0.48812,0.12936,0.58075,0.8057,0.79411,0.58536,0.25024,-0.13667,-0.51569,-0.84927,-1.1204,-1.3275,-1.4788,-1.5888,-1.676,-1.762,-1.8614,-1.9764,-2.0838,-2.1399,-2.1053,-1.9747,-1.7826,-1.5811,-1.4145,-1.3031,-1.2434,-1.219,-1.2105
-2.9727,-1.6367,-0.68007,-0.44372,-0.74106,-1.175,-1.5071,-1.7429,-1.9674,-2.1879,-2.3438,-2.4232,-2.4868,-2.5791,-2.6954,-2.8115,-2.9035,-2.9432,-2.8843,-2.6694,-2.2787,-1.7881,-1.3648,-1.177,-1.2861,-1.6089,-1.9857,-2.2672,-2.3837,-2.3582,-2.2647,-2.1791,-2.139,-2.1326,-2.1198,-2.0696,-1.9832,-1.8961,-1.8587,-1.9182,-2.0986,-2.393,-2.758,-3.1195,-3.3876,-3.4745,-3.3366,-2.9831,-2.4585,-1.8284,-1.1453,-0.47121,0.12132,0.55753,0.78645,0.79404,0.61593,0.31595,-0.040129,-0.40206,-0.73343,-1.0152,-1.2406,-1.4141,-1.5494,-1.6668,-1.7847,-1.9224,-2.0734,-2.2073,-2.2757,-2.2404,-2.1022,-1.9024,-1.6966,-1.5273,-1.413,-1.3483,-1.3147,-1.2922
-2.8916,-1.5896,-0.68845,-0.50934,-0.84892,-1.2882,-1.5774,-1.7379,-1.8811,-2.038,-2.1652,-2.2496,-2.3328,-2.4486,-2.5939,-2.7518,-2.9033,-3.0163,-3.026,-2.8488,-2.4508,-1.9186,-1.4433,-1.2124,-1.2955,-1.6159,-2.0156,-2.3393,-2.5022,-2.5065,-2.4137,-2.2996,-2.2084,-2.1468,-2.0895,-2.0151,-1.9209,-1.8328,-1.7929,-1.8431,-2.0094,-2.2875,-2.6443,-3.0133,-3.2993,-3.4077,-3.2724,-2.9043,-2.3765,-1.7598,-1.1172,-0.49603,0.051154,0.46502,0.69492,0.72996,0.59704,0.34772,0.036295,-0.29143,-0.608,-0.89226,-1.1326,-1.3278,-1.4869,-1.6269,-1.7687,-1.9223,-2.0837,-2.2258,-2.3054,-2.288,-2.1731,-1.9959,-1.8062,-1.6461,-1.53,-1.4542,-1.4046,-1.3661
-2.8477,-1.5712,-0.7096,-0.56933,-0.93309,-1.3653,-1.61,-1.7056,-1.785,-1.8985,-2.0158,-2.1176,-2.2282,-2.3692,-2.5374,-2.7218,-2.9098,-3.0679,-3.1197,-2.9644,-2.5593,-1.9997,-1.493,-1.2383,-1.3072,-1.6275,-2.0424,-2.3972,-2.5964,-2.6258,-2.5367,-2.3996,-2.2665,-2.1567,-2.0627,-1.9667,-1.8669,-1.7795,-1.7394,-1.7832,-1.9355,-2.197,-2.5371,-2.8946,-3.1796,-3.2938,-3.1721,-2.824,-2.321,-1.7415,-1.1399,-0.55672,-0.038147,0.35989,0.59385,0.64672,0.54269,0.33021,0.058971,-0.23552,-0.52694,-0.79918,-1.0415,-1.248,-1.4208,-1.5721,-1.7196,-1.8771,-2.0428,-2.1906,-2.2785,-2.2744,-2.1796,-2.0276,-1.8624,-1.7165,-1.6069,-1.5305,-1.4737,-1.4218
-2.8119,-1.5681,-0.75521,-0.65908,-1.0425,-1.4497,-1.6235,-1.6289,-1.6271,-1.6935,-1.8115,-1.9516,-2.1113,-2.2917,-2.488,-2.6995,-2.923,-3.1256,-3.2204,-3.0884,-2.6763,-2.089,-1.5512,-1.2719,-1.3273,-1.6488,-2.0832,-2.4769,-2.721,-2.7816,-2.6931,-2.5215,-2.3325,-2.1644,-2.0267,-1.9105,-1.807,-1.7216,-1.6771,-1.7055,-1.8322,-2.0626,-2.3725,-2.7062,-2.9827,-3.1052,-3.0131,-2.7134,-2.2677,-1.7539,-1.2185,-0.69519,-0.22247,0.15168,0.38666,0.46836,0.41568,0.2665,0.058349,-0.18155,-0.43495,-0.68821,-0.92775,-1.1425,-1.3284,-1.491,-1.6418,-1.793,-1.9415,-2.0723,-2.1606,-2.1845,-2.1386,-2.0388,-1.9143,-1.795,-1.6913,-1.6071,-1.5349,-1.4647
-2.8017,-1.5809,-0.80067,-0.72977,-1.117,-1.4948,-1.6115,-1.5518,-1.4969,-1.5377,-1.6657,-1.8429,-2.0448,-2.256,-2.4702,-2.6945,-2.9333,-3.1568,-3.2739,-3.1556,-2.742,-2.1427,-1.5914,-1.3004,-1.3494,-1.6708,-2.1173,-2.5352,-2.8086,-2.8899,-2.7981,-2.5998,-2.371,-2.1657,-2.0028,-1.8771,-1.7734,-1.6893,-1.6399,-1.6539,-1.7577,-1.9575,-2.2369,-2.5491,-2.8181,-2.9599,-2.9061,-2.6542,-2.2639,-1.801,-1.3152,-0.83667,-0.39815,-0.041444,0.19445,0.29594,0.27945,0.17726,0.019163,-0.17479,-0.39338,-0.62551,-0.8563,-1.0698,-1.2564,-1.418,-1.5644,-1.7044,-1.8416,-1.9648,-2.0538,-2.0913,-2.0733,-2.0107,-1.9224,-1.8242,-1.7318,-1.6451,-1.5606,-1.4741
-2.8094,-1.6171,-0.87262,-0.82279,-1.1996,-1.5266,-1.5676,-1.4322,-1.3226,-1.3444,-1.4971,-1.7311,-1.9922,-2.2425,-2.4743,-2.7037,-2.9468,-3.1805,-3.3124,-3.2064,-2.798,-2.1994,-1.6484,-1.3561,-1.4011,-1.7174,-2.1669,-2.6017,-2.9043,-3.0083,-2.9137,-2.6858,-2.4131,-2.1687,-1.9823,-1.8473,-1.743,-1.6585,-1.6022,-1.598,-1.669,-1.8273,-2.0609,-2.3355,-2.5933,-2.7572,-2.7647,-2.599,-2.2958,-1.9159,-1.5012,-1.0802,-0.68325,-0.35096,-0.11231,0.016181,0.046681,0.0052915,-0.084964,-0.2132,-0.37361,-0.56163,-0.76797,-0.97658,-1.1699,-1.337,-1.4773,-1.6003,-1.7097,-1.8078,-1.8902,-1.9472,-1.9687,-1.9507,-1.8976,-1.8225,-1.7324,-1.6359,-1.5379,-1.4406
-2.8403,-1.6733,-0.95409,-0.90848,-1.2555,-1.523,-1.4953,-1.3037,-1.1608,-1.1815,-1.3701,-1.665,-1.9849,-2.2703,-2.5105,-2.7319,-2.9627,-3.1879,-3.3189,-3.2198,-2.8262,-2.2491,-1.7205,-1.4432,-1.489,-1.7939,-2.2282,-2.657,-2.9677,-3.0827,-2.9889,-2.7433,-2.4437,-2.1756,-1.977,-1.8405,-1.7394,-1.6539,-1.5853,-1.5535,-1.5847,-1.696,-1.8859,-2.13,-2.3814,-2.5765,-2.6529,-2.5802,-2.3735,-2.0739,-1.7231,-1.3549,-1.0015,-0.69625,-0.46643,-0.31868,-0.24146,-0.21765,-0.23631,-0.29315,-0.39497,-0.53972,-0.71772,-0.91005,-1.0949,-1.2565,-1.3887,-1.497,-1.5915,-1.678,-1.7552,-1.8156,-1.8494,-1.8493,-1.8139,-1.7486,-1.6619,-1.5626,-1.4581,-1.3541
-2.8777,-1.7274,-1.0192,-0.96432,-1.2767,-1.4965,-1.427,-1.208,-1.0547,-1.0852,-1.3065,-1.6481,-2.0099,-2.3172,-2.5569,-2.7643,-2.9766,-3.1858,-3.3084,-3.2138,-2.8395,-2.2915,-1.7919,-1.5345,-1.5837,-1.8763,-2.2893,-2.6996,-3.0002,-3.113,-3.018,-2.7661,-2.4578,-2.1832,-1.9836,-1.8507,-1.7532,-1.6651,-1.5838,-1.5279,-1.5278,-1.6035,-1.7613,-1.9843,-2.2329,-2.4542,-2.5843,-2.5818,-2.4478,-2.2084,-1.9063,-1.5767,-1.2527,-0.96758,-0.74407,-0.58682,-0.48366,-0.41889,-0.38573,-0.38804,-0.4376,-0.53998,-0.69073,-0.87099,-1.0534,-1.2146,-1.3435,-1.4432,-1.5249,-1.598,-1.6645,-1.7187,-1.7502,-1.7495,-1.713,-1.6436,-1.5536,-1.4534,-1.3513,-1.2524
-2.9456,-1.8137,-1.1088,-1.0238,-1.2763,-1.4328,-1.3229,-1.0883,-0.93947,-0.99629,-1.2664,-1.6694,-2.0821,-2.4109,-2.6414,-2.8211,-2.9992,-3.1769,-3.2813,-3.1938,-2.8562,-2.3634,-1.9175,-1.6949,-1.7502,-2.0208,-2.3961,-2.7666,-3.0367,-3.1324,-3.028,-2.7728,-2.4652,-2.1963,-2.0056,-1.8812,-1.7858,-1.6896,-1.5876,-1.5013,-1.4617,-1.4977,-1.6176,-1.8125,-2.0576,-2.3035,-2.4975,-2.5883,-2.5487,-2.3931,-2.1514,-1.8653,-1.5773,-1.3214,-1.1185,-0.96158,-0.83156,-0.71487,-0.61353,-0.5435,-0.52246,-0.56694,-0.67817,-0.8385,-1.0161,-1.1782,-1.3048,-1.396,-1.4602,-1.5116,-1.5572,-1.5925,-1.6048,-1.5825,-1.5234,-1.4396,-1.3393,-1.2376,-1.1431,-1.0595
-3.0314,-1.9143,-1.2005,-1.0671,-1.2457,-1.3419,-1.21,-0.98261,-0.85647,-0.9512,-1.2752,-1.7373,-2.194,-2.5354,-2.7498,-2.8948,-3.0307,-3.168,-3.2467,-3.165,-2.8734,-2.4534,-2.0795,-1.9034,-1.9677,-2.2114,-2.5359,-2.8492,-3.0695,-3.1329,-3.0143,-2.7605,-2.4642,-2.2102,-2.0338,-1.9194,-1.8272,-1.7237,-1.6018,-1.4834,-1.4058,-1.402,-1.4905,-1.6684,-1.9127,-2.1855,-2.4301,-2.5908,-2.6324,-2.5486,-2.3654,-2.1225,-1.8663,-1.6402,-1.4584,-1.3124,-1.1739,-1.0235,-0.86586,-0.72613,-0.63879,-0.62693,-0.69748,-0.83329,-0.99857,-1.1549,-1.276,-1.3595,-1.4123,-1.4439,-1.4579,-1.4506,-1.4153,-1.3488,-1.2567,-1.1505,-1.0486,-0.95998,-0.88776,-0.82943
-3.1062,-1.9986,-1.2705,-1.0898,-1.2067,-1.261,-1.1226,-0.91283,-0.81401,-0.94328,-1.3093,-1.813,-2.297,-2.6434,-2.8431,-2.9603,-3.0615,-3.1634,-3.2173,-3.1374,-2.8835,-2.5264,-2.2173,-2.0852,-2.1612,-2.3837,-2.6642,-2.925,-3.0995,-3.13,-2.9973,-2.7436,-2.4566,-2.2154,-2.0508,-1.9444,-1.8544,-1.746,-1.6123,-1.4755,-1.3757,-1.3483,-1.4149,-1.5772,-1.8171,-2.1002,-2.3737,-2.5782,-2.6692,-2.632,-2.4875,-2.2765,-2.0486,-1.8469,-1.6909,-1.5612,-1.421,-1.2473,-1.0495,-0.86333,-0.72732,-0.67679,-0.72248,-0.84604,-1.0063,-1.1579,-1.2731,-1.3429,-1.3759,-1.3833,-1.3678,-1.3245,-1.2482,-1.1417,-1.0182,-0.89805,-0.79344,-0.71367,-0.6585,-0.6227
-3.2181,-2.1219,-1.3664,-1.1115,-1.1399,-1.1428,-1.0077,-0.83284,-0.7798,-0.9601,-1.3809,-1.9345,-2.4487,-2.7985,-2.9787,-3.0598,-3.1125,-3.1604,-3.172,-3.0875,-2.8819,-2.6146,-2.4049,-2.3477,-2.4524,-2.6526,-2.8718,-3.0546,-3.1553,-3.1302,-2.9687,-2.7098,-2.4311,-2.2045,-2.0545,-1.9585,-1.8723,-1.7602,-1.6156,-1.463,-1.343,-1.2951,-1.3407,-1.4841,-1.7133,-1.9981,-2.2931,-2.5393,-2.6828,-2.7002,-2.601,-2.4246,-2.2251,-2.0537,-1.9266,-1.823,-1.6955,-1.5121,-1.2815,-1.0451,-0.85937,-0.76415,-0.7758,-0.87727,-1.0245,-1.1667,-1.269,-1.3192,-1.3239,-1.2907,-1.2216,-1.1149,-0.97449,-0.81457,-0.65701,-0.52017,-0.42474,-0.3702,-0.34824,-0.34645
-3.3095,-2.222,-1.441,-1.1248,-1.0845,-1.0522,-0.92504,-0.78167,-0.7667,-0.98655,-1.4458,-2.0312,-2.5641,-2.9161,-3.0842,-3.1404,-3.1552,-3.1572,-3.1293,-3.0329,-2.8581,-2.6589,-2.5313,-2.5439,-2.6826,-2.8748,-3.0525,-3.1744,-3.2108,-3.1346,-2.9418,-2.6728,-2.3983,-2.1803,-2.0375,-1.9467,-1.8639,-1.754,-1.6096,-1.4529,-1.3252,-1.2649,-1.2974,-1.4295,-1.6496,-1.932,-2.2321,-2.4934,-2.6643,-2.7135,-2.6454,-2.4938,-2.313,-2.1581,-2.0523,-1.9719,-1.8601,-1.6758,-1.4269,-1.1633,-0.94641,-0.82496,-0.81828,-0.90899,-1.05,-1.1856,-1.2748,-1.3052,-1.2793,-1.2057,-1.0899,-0.93534,-0.75127,-0.55646,-0.37592,-0.23479,-0.14235,-0.099539,-0.097135,-0.12216
-3.4392,-2.3641,-1.5458,-1.1435,-1.0129,-0.93675,-0.8226,-0.72327,-0.76028,-1.0311,-1.5357,-2.1553,-2.7064,-3.0623,-3.2189,-3.2452,-3.2087,-3.144,-3.054,-2.9302,-2.7853,-2.6713,-2.658,-2.7764,-2.9766,-3.1711,-3.3002,-3.3432,-3.2929,-3.1447,-2.9045,-2.6142,-2.3355,-2.1197,-1.9797,-1.8918,-1.8143,-1.7139,-1.5805,-1.4325,-1.3061,-1.2401,-1.2601,-1.3756,-1.5795,-1.8484,-2.1453,-2.4196,-2.619,-2.7069,-2.6752,-2.5506,-2.3867,-2.2431,-2.1518,-2.0898,-1.9961,-1.821,-1.5669,-1.2842,-1.0442,-0.90229,-0.88121,-0.96265,-1.095,-1.2168,-1.2855,-1.2799,-1.2066,-1.0765,-0.89847,-0.68188,-0.44343,-0.20863,-0.0061641,0.13957,0.22044,0.23972,0.21094,0.15163
-3.5746,-2.5147,-1.659,-1.1702,-0.9522,-0.83423,-0.73178,-0.67374,-0.76003,-1.0765,-1.6178,-2.2608,-2.8237,-3.1832,-3.3326,-3.3331,-3.2463,-3.1123,-2.9536,-2.7908,-2.6594,-2.6145,-2.707,-2.9344,-3.2111,-3.4257,-3.5188,-3.4929,-3.3659,-3.1508,-2.8651,-2.5468,-2.2512,-2.0245,-1.8787,-1.7918,-1.7247,-1.6432,-1.5335,-1.4055,-1.2911,-1.2246,-1.236,-1.3378,-1.5246,-1.7793,-2.0686,-2.3495,-2.5734,-2.6969,-2.6977,-2.5893,-2.4232,-2.2688,-2.1692,-2.1142,-2.0405,-1.8865,-1.6433,-1.3623,-1.1139,-0.96168,-0.93326,-1.0113,-1.1409,-1.255,-1.3012,-1.2642,-1.1457,-0.95884,-0.71793,-0.44058,-0.15226,0.11551,0.33249,0.48011,0.54737,0.54398,0.48802,0.40036
-3.6773,-2.632,-1.75,-1.1996,-0.91889,-0.76973,-0.67241,-0.64112,-0.7604,-1.1065,-1.6684,-2.3222,-2.8884,-3.2489,-3.3953,-3.3796,-3.2575,-3.0721,-2.8604,-2.6627,-2.5299,-2.5198,-2.6751,-2.975,-3.3129,-3.5552,-3.6379,-3.5756,-3.404,-3.1462,-2.8281,-2.4866,-2.175,-1.9365,-1.7841,-1.6958,-1.6369,-1.5731,-1.4874,-1.3829,-1.2836,-1.2223,-1.2288,-1.3188,-1.4917,-1.7344,-2.0187,-2.306,-2.5499,-2.6975,-2.7196,-2.6197,-2.4457,-2.2709,-2.1528,-2.0874,-2.0155,-1.8728,-1.6448,-1.3765,-1.1391,-0.99555,-0.97318,-1.0536,-1.1806,-1.2856,-1.3176,-1.2538,-1.1007,-0.87505,-0.59628,-0.2863,0.027632,0.31396,0.54256,0.69104,0.75562,0.74384,0.67434,0.56941
-3.8116,-2.7914,-1.8798,-1.2549,-0.89586,-0.70478,-0.60648,-0.60311,-0.75917,-1.1372,-1.7186,-2.3767,-2.9398,-3.298,-3.4425,-3.4106,-3.2461,-2.9948,-2.7128,-2.4643,-2.3147,-2.325,-2.5331,-2.9059,-3.3179,-3.61,-3.7073,-3.626,-3.4165,-3.1166,-2.7588,-2.3878,-2.0549,-1.804,-1.6457,-1.5623,-1.5184,-1.4813,-1.4293,-1.3586,-1.2834,-1.2309,-1.2287,-1.2974,-1.4468,-1.6723,-1.9587,-2.2701,-2.5498,-2.7372,-2.7801,-2.6727,-2.4655,-2.2446,-2.082,-1.989,-1.9133,-1.7884,-1.5903,-1.3521,-1.1415,-1.0184,-1.0101,-1.0992,-1.2299,-1.3322,-1.3504,-1.2632,-1.076,-0.80846,-0.48457,-0.13209,0.21636,0.526,0.76637,0.92018,0.97943,0.95636,0.87231,0.75128
-3.9078,-2.9108,-1.9841,-1.3106,-0.89732,-0.67286,-0.56822,-0.57844,-0.75581,-1.1526,-1.7426,-2.3971,-2.9521,-3.3066,-3.4507,-3.4103,-3.2186,-2.9231,-2.5922,-2.304,-2.1322,-2.1392,-2.3611,-2.7638,-3.2172,-3.551,-3.6752,-3.6005,-3.381,-3.0658,-2.6918,-2.307,-1.9635,-1.7058,-1.5461,-1.4695,-1.4411,-1.427,-1.4006,-1.3525,-1.2918,-1.2421,-1.2328,-1.2877,-1.4206,-1.6355,-1.9216,-2.2475,-2.556,-2.772,-2.8298,-2.7114,-2.4683,-2.2006,-1.9944,-1.8759,-1.7977,-1.689,-1.5163,-1.3077,-1.121,-1.0167,-1.0238,-1.1263,-1.2678,-1.3755,-1.3911,-1.2907,-1.08,-0.78453,-0.43516,-0.06254,0.30193,0.62557,0.87817,1.0362,1.1005,1.0787,0.99125,0.86282
-4.0261,-3.0666,-2.1314,-1.405,-0.9266,-0.65382,-0.53236,-0.5506,-0.7494,-1.1652,-1.7597,-2.4018,-2.9383,-3.2856,-3.4301,-3.3812,-3.1603,-2.8161,-2.4292,-2.0909,-1.8819,-1.8642,-2.0733,-2.4816,-2.9636,-3.3446,-3.5145,-3.4711,-3.2681,-2.9586,-2.5867,-2.1985,-1.8516,-1.5916,-1.4377,-1.3745,-1.3703,-1.3878,-1.3953,-1.3744,-1.3274,-1.275,-1.2488,-1.2778,-1.3832,-1.5781,-1.8599,-2.2029,-2.5467,-2.7976,-2.8709,-2.7345,-2.4433,-2.1128,-1.8504,-1.6905,-1.5948,-1.4973,-1.3603,-1.1968,-1.059,-0.9988,-1.0413,-1.1694,-1.327,-1.4426,-1.4599,-1.3512,-1.1269,-0.81258,-0.43852,-0.037529,0.35419,0.69922,0.96543,1.1356,1.2026,1.1799,1.0909,0.96154
-4.1284,-3.2146,-2.2858,-1.5221,-0.98689,-0.66311,-0.51502,-0.53161,-0.7434,-1.1725,-1.7659,-2.3877,-2.901,-3.2383,-3.3836,-3.3306,-3.0888,-2.7076,-2.2768,-1.896,-1.647,-1.5897,-1.761,-2.1441,-2.625,-3.0352,-3.2526,-3.2605,-3.0991,-2.8195,-2.4649,-2.087,-1.7487,-1.503,-1.3702,-1.3349,-1.3613,-1.4087,-1.4417,-1.438,-1.3943,-1.33,-1.2756,-1.2658,-1.3319,-1.4962,-1.7684,-2.125,-2.4947,-2.7708,-2.8435,-2.6742,-2.3297,-1.9445,-1.6356,-1.4497,-1.3526,-1.2776,-1.1809,-1.0691,-0.98157,-0.9651,-1.0444,-1.2043,-1.3905,-1.5301,-1.56,-1.4584,-1.2278,-0.89615,-0.50061,-0.079903,0.32795,0.68736,0.96858,1.1529,1.2336,1.2245,1.1466,1.0232
-4.192,-3.3174,-2.4037,-1.6238,-1.0511,-0.68846,-0.51462,-0.52499,-0.74245,-1.1792,-1.7684,-2.3715,-2.8639,-3.192,-3.3388,-3.2866,-3.0353,-2.6348,-2.1798,-1.7732,-1.4956,-1.4048,-1.5382,-1.8867,-2.3491,-2.7679,-3.0194,-3.0707,-2.9501,-2.7003,-2.3664,-2.0052,-1.6844,-1.4603,-1.3534,-1.346,-1.3995,-1.4686,-1.5155,-1.5144,-1.463,-1.3798,-1.2995,-1.2593,-1.2924,-1.4284,-1.6786,-2.0228,-2.3919,-2.6658,-2.73,-2.543,-2.175,-1.766,-1.44,-1.2444,-1.1495,-1.0918,-1.0271,-0.95373,-0.90991,-0.93577,-1.0527,-1.2437,-1.4539,-1.611,-1.6546,-1.5568,-1.3277,-0.99586,-0.59593,-0.16448,0.25973,0.63737,0.93469,1.1318,1.2243,1.2226,1.1497,1.0318
-4.2558,-3.4395,-2.5598,-1.7741,-1.1599,-0.74415,-0.5312,-0.52666,-0.74923,-1.1936,-1.7746,-2.3491,-2.8104,-3.1253,-3.276,-3.2309,-2.9771,-2.5625,-2.0864,-1.6539,-1.3437,-1.2093,-1.2885,-1.5791,-2.0035,-2.4196,-2.7049,-2.8081,-2.738,-2.5276,-2.2257,-1.8972,-1.6158,-1.437,-1.3772,-1.4143,-1.5042,-1.5977,-1.6544,-1.648,-1.5786,-1.4648,-1.3441,-1.2551,-1.2346,-1.3154,-1.5155,-1.82,-2.1569,-2.4082,-2.4526,-2.2457,-1.8615,-1.4468,-1.1226,-0.93941,-0.86785,-0.84428,-0.8231,-0.80351,-0.81364,-0.8933,-1.0626,-1.3038,-1.56,-1.7552,-1.8244,-1.7428,-1.515,-1.1722,-0.75594,-0.30906,0.12731,0.51617,0.82762,1.0421,1.154,1.1748,1.1231,1.0208
-4.2937,-3.5409,-2.7089,-1.9354,-1.2897,-0.82208,-0.56565,-0.54151,-0.7665,-1.2175,-1.7888,-2.3332,-2.7638,-3.0667,-3.225,-3.1939,-2.9485,-2.5315,-2.044,-1.5931,-1.2554,-1.081,-1.1076,-1.342,-1.7249,-2.1287,-2.4323,-2.5684,-2.5318,-2.3518,-2.0806,-1.7922,-1.5622,-1.4429,-1.4415,-1.528,-1.6507,-1.7608,-1.8163,-1.7989,-1.7074,-1.5654,-1.4042,-1.2627,-1.1819,-1.1973,-1.3323,-1.5721,-1.8461,-2.0375,-2.0354,-1.8099,-1.4372,-1.0502,-0.76308,-0.61626,-0.58091,-0.59859,-0.62718,-0.66173,-0.73236,-0.87306,-1.1002,-1.3932,-1.6936,-1.9244,-2.0223,-1.9552,-1.7347,-1.3928,-0.96976,-0.50796,-0.05107,0.35928,0.68943,0.92055,1.049,1.0846,1.0481,0.96318
-4.3048,-3.6012,-2.8123,-2.0595,-1.397,-0.89263,-0.60257,-0.56183,-0.78682,-1.2417,-1.8052,-2.3279,-2.7377,-3.035,-3.2027,-3.1863,-2.9526,-2.5405,-2.0506,-1.5901,-1.2347,-1.0333,-1.0251,-1.2236,-1.5775,-1.967,-2.2691,-2.4125,-2.3864,-2.2214,-1.9735,-1.7176,-1.5284,-1.4537,-1.4965,-1.6206,-1.7697,-1.8908,-1.9443,-1.9144,-1.8056,-1.6426,-1.4564,-1.2832,-1.1603,-1.1239,-1.1966,-1.3675,-1.574,-1.7068,-1.6684,-1.4347,-1.0791,-0.72606,-0.47946,-0.37484,-0.3801,-0.4361,-0.50191,-0.57706,-0.68685,-0.86738,-1.1356,-1.4706,-1.812,-2.0783,-2.2006,-2.1486,-1.9282,-1.575,-1.1363,-0.66106,-0.19547,0.22089,0.55843,0.79977,0.94147,0.9949,0.97756,0.90892
-4.2967,-3.6587,-2.9338,-2.2212,-1.5488,-0.99944,-0.66488,-0.60049,-0.82209,-1.2789,-1.8316,-2.3284,-2.7179,-3.0163,-3.2028,-3.2113,-2.9984,-2.599,-2.1125,-1.6449,-1.2701,-1.0374,-0.98953,-1.1471,-1.4647,-1.8277,-2.1125,-2.2457,-2.2159,-2.0578,-1.8337,-1.6183,-1.4811,-1.4634,-1.5621,-1.7322,-1.9125,-2.0436,-2.0928,-2.0491,-1.9275,-1.7486,-1.5418,-1.336,-1.1623,-1.0558,-1.0407,-1.1113,-1.2136,-1.2577,-1.1649,-0.92259,-0.59859,-0.30223,-0.11958,-0.076252,-0.13799,-0.24768,-0.36712,-0.49369,-0.65846,-0.89368,-1.2135,-1.5955,-1.979,-2.2839,-2.4381,-2.4056,-2.1904,-1.8273,-1.3694,-0.87419,-0.39296,0.034402,0.38058,0.63199,0.78689,0.85482,0.85327,0.80223
-4.274,-3.6836,-3.0097,-2.3346,-1.6638,-1.086,-0.72025,-0.63722,-0.85404,-1.3098,-1.8535,-2.3344,-2.7156,-3.0222,-3.2275,-3.2573,-3.0623,-2.6752,-2.1948,-1.7258,-1.3412,-1.0905,-1.0181,-1.1484,-1.4381,-1.7756,-2.0378,-2.1511,-2.1065,-1.9433,-1.7287,-1.5382,-1.4384,-1.4632,-1.6003,-1.7978,-1.9891,-2.1202,-2.1629,-2.1182,-2.0008,-1.8306,-1.625,-1.4052,-1.1999,-1.0429,-0.9617,-0.95455,-0.97658,-0.94961,-0.81085,-0.55835,-0.25772,-0.0046865,0.12521,0.11631,0.0068892,-0.14562,-0.30346,-0.46506,-0.66133,-0.92585,-1.2755,-1.6898,-2.1072,-2.4428,-2.6198,-2.5969,-2.3756,-1.9966,-1.5219,-1.016,-0.53173,-0.10567,0.24027,0.4933,0.65659,0.73878,0.75391,0.71809
-4.2237,-3.6919,-3.0852,-2.4673,-1.8108,-1.2055,-0.80311,-0.69563,-0.90215,-1.352,-1.8822,-2.3487,-2.7309,-3.0578,-3.2946,-3.3556,-3.1853,-2.8163,-2.3473,-1.8813,-1.4895,-1.2206,-1.1203,-1.2142,-1.4642,-1.7605,-1.982,-2.0577,-1.9836,-1.8055,-1.596,-1.4321,-1.3737,-1.4447,-1.6204,-1.8413,-2.0389,-2.1657,-2.2062,-2.1709,-2.0764,-1.9352,-1.7521,-1.5348,-1.3033,-1.0875,-0.91906,-0.80706,-0.72094,-0.60438,-0.41172,-0.1479,0.12622,0.32522,0.38937,0.31125,0.13723,-0.069711,-0.27076,-0.46902,-0.69447,-0.98661,-1.364,-1.806,-2.2508,-2.6132,-2.8121,-2.802,-2.58,-2.1866,-1.6914,-1.1696,-0.68038,-0.26024,0.074013,0.32148,0.48146,0.56755,0.59478,0.57829
-4.1542,-3.6715,-3.1263,-2.5701,-1.9428,-1.3247,-0.89279,-0.76155,-0.95372,-1.3908,-1.9069,-2.3671,-2.7631,-3.1221,-3.3973,-3.4913,-3.3459,-2.9952,-2.5393,-2.0795,-1.6833,-1.3976,-1.2696,-1.3275,-1.5362,-1.7869,-1.9615,-1.9922,-1.8824,-1.6862,-1.4797,-1.3376,-1.3125,-1.4159,-1.6135,-1.8408,-2.033,-2.1522,-2.1963,-2.1824,-2.1279,-2.034,-1.8929,-1.6984,-1.4581,-1.1991,-0.95572,-0.74702,-0.56016,-0.35776,-0.113,0.16075,0.40758,0.55562,0.55745,0.41788,0.18959,-0.061904,-0.29731,-0.51984,-0.76166,-1.0635,-1.4467,-1.8943,-2.347,-2.7193,-2.93,-2.9211,-2.6875,-2.2781,-1.7752,-1.2605,-0.79092,-0.39489,-0.081491,0.14899,0.30647,0.39841,0.43591,0.43176
-4.091,-3.6382,-3.1322,-2.623,-2.0262,-1.4096,-0.96227,-0.81387,-0.99134,-1.4139,-1.9183,-2.3795,-2.7946,-3.1853,-3.4932,-3.6123,-3.4845,-3.1472,-2.7015,-2.2463,-1.8466,-1.5476,-1.3971,-1.4265,-1.6026,-1.8182,-1.9563,-1.9541,-1.8202,-1.6136,-1.4114,-1.284,-1.2782,-1.3974,-1.6021,-1.8252,-2.0069,-2.1176,-2.1641,-2.1694,-2.1504,-2.1013,-2.0032,-1.8372,-1.6003,-1.3177,-1.0254,-0.75164,-0.49808,-0.24057,0.036466,0.31519,0.54258,0.65574,0.615,0.43361,0.17072,-0.10559,-0.35692,-0.58767,-0.83256,-1.1309,-1.503,-1.9335,-2.3691,-2.7314,-2.9365,-2.9295,-2.6979,-2.2883,-1.788,-1.2846,-0.83645,-0.46857,-0.18341,0.027616,0.1726,0.26309,0.30887,0.31884
-3.9947,-3.5714,-3.1063,-2.6553,-2.1105,-1.5114,-1.0537,-0.88477,-1.0366,-1.4322,-1.9184,-2.3871,-2.8406,-3.2838,-3.6402,-3.7932,-3.6862,-3.3638,-2.9301,-2.48,-2.0728,-1.7516,-1.566,-1.5527,-1.6823,-1.8517,-1.9479,-1.9128,-1.7598,-1.549,-1.3559,-1.2466,-1.2604,-1.393,-1.5991,-1.8098,-1.972,-2.0678,-2.1153,-2.1443,-2.169,-2.1799,-2.1423,-2.0198,-1.7987,-1.4925,-1.1446,-0.79812,-0.47074,-0.15993,0.14014,0.41199,0.61009,0.67855,0.59075,0.36642,0.069984,-0.22711,-0.48577,-0.71222,-0.94243,-1.2171,-1.5584,-1.9541,-2.3546,-2.6849,-2.8671,-2.843,-2.6036,-2.2021,-1.7283,-1.2661,-0.86609,-0.5459,-0.30255,-0.12372,0.0031816,0.086146,0.13364,0.15372
-3.8883,-3.4815,-3.0409,-2.6418,-2.1585,-1.5952,-1.1401,-0.95106,-1.0708,-1.4299,-1.8946,-2.3788,-2.8825,-3.3896,-3.7995,-3.9854,-3.8955,-3.5847,-3.1605,-2.7128,-2.2933,-1.9421,-1.7128,-1.6496,-1.7313,-1.8607,-1.9287,-1.8796,-1.7254,-1.5255,-1.349,-1.259,-1.2898,-1.4321,-1.634,-1.8293,-1.9691,-2.0471,-2.0894,-2.1301,-2.1839,-2.2341,-2.24,-2.1564,-1.9556,-1.6464,-1.2697,-0.87592,-0.50083,-0.15509,0.1554,0.41025,0.56963,0.59087,0.4553,0.19465,-0.11986,-0.41708,-0.66332,-0.86817,-1.0725,-1.3138,-1.6108,-1.9506,-2.2896,-2.5637,-2.7039,-2.6581,-2.421,-2.0418,-1.6071,-1.1983,-0.86166,-0.60661,-0.41968,-0.28072,-0.17734,-0.097275,-0.037996,-7.5444e-05
-3.8041,-3.4005,-2.9676,-2.6017,-2.1691,-1.6432,-1.1968,-0.99456,-1.0863,-1.4131,-1.8602,-2.3589,-2.9072,-3.468,-3.9199,-4.1296,-4.0505,-3.7467,-3.328,-2.8793,-2.4458,-2.0657,-1.7969,-1.6921,-1.7389,-1.8447,-1.903,-1.8576,-1.7182,-1.5389,-1.384,-1.3118,-1.3533,-1.4978,-1.6935,-1.8752,-1.9982,-2.0607,-2.0934,-2.1326,-2.1929,-2.2572,-2.2823,-2.2176,-2.0294,-1.7203,-1.331,-0.91867,-0.52809,-0.17906,0.11785,0.34434,0.46685,0.44991,0.28278,0.0042159,-0.31227,-0.59769,-0.82313,-1.0035,-1.178,-1.3845,-1.6415,-1.9372,-2.2304,-2.4599,-2.5607,-2.4913,-2.2498,-1.8904,-1.4965,-1.1393,-0.85466,-0.64509,-0.49492,-0.38564,-0.29702,-0.22611,-0.17129,-0.13182
-3.6888,-3.2768,-2.8404,-2.5105,-2.1485,-1.6834,-1.2582,-1.0397,-1.0911,-1.3716,-1.7946,-2.3162,-2.9288,-3.5653,-4.0743,-4.3141,-4.2477,-3.9519,-3.539,-3.0853,-2.6263,-2.1986,-1.8702,-1.7088,-1.713,-1.7971,-1.8569,-1.8343,-1.7336,-1.5968,-1.4813,-1.4374,-1.4931,-1.6376,-1.8226,-1.9848,-2.0849,-2.1248,-2.1374,-2.1596,-2.2069,-2.2627,-2.2853,-2.2232,-2.0398,-1.7343,-1.3466,-0.93761,-0.55751,-0.23413,0.022103,0.19562,0.25911,0.1865,-0.019756,-0.31429,-0.62072,-0.87585,-1.0613,-1.1983,-1.3306,-1.4924,-1.6977,-1.9326,-2.1574,-2.3174,-2.3599,-2.2523,-2.007,-1.678,-1.3393,-1.0507,-0.83846,-0.6976,-0.60542,-0.53605,-0.47314,-0.40954,-0.34743,-0.29249
-3.6011,-3.1742,-2.7263,-2.416,-2.1078,-1.6944,-1.2909,-1.0625,-1.0833,-1.328,-1.7333,-2.2729,-2.9343,-3.6274,-4.1794,-4.4409,-4.3841,-4.0957,-3.6872,-3.2278,-2.7456,-2.2771,-1.8996,-1.6949,-1.6709,-1.7469,-1.8182,-1.8239,-1.7616,-1.6651,-1.5835,-1.5637,-1.6315,-1.777,-1.9527,-2.0989,-2.1805,-2.2017,-2.1962,-2.198,-2.2215,-2.2509,-2.2492,-2.1705,-1.9804,-1.6793,-1.3024,-0.91006,-0.55692,-0.27029,-0.064111,0.050968,0.057012,-0.062815,-0.29655,-0.59333,-0.8801,-1.1024,-1.2503,-1.351,-1.4487,-1.5753,-1.7433,-1.9378,-2.1185,-2.232,-2.2293,-2.0925,-1.8393,-1.5274,-1.2271,-0.98946,-0.83105,-0.73913,-0.68623,-0.64475,-0.59788,-0.5405,-0.47701,-0.41493
-3.4851,-3.0288,-2.5553,-2.2635,-2.024,-1.6835,-1.3147,-1.0768,-1.0584,-1.2572,-1.6404,-2.2027,-2.9259,-3.6915,-4.2994,-4.5904,-4.5488,-4.2734,-3.8737,-3.4061,-2.8894,-2.3617,-1.9149,-1.6508,-1.5934,-1.6667,-1.7636,-1.8157,-1.8121,-1.7759,-1.7457,-1.7613,-1.8462,-1.9908,-2.1516,-2.2749,-2.3311,-2.3271,-2.2941,-2.262,-2.2416,-2.2199,-2.1649,-2.0415,-1.8261,-1.5232,-1.1702,-0.8224,-0.52765,-0.31345,-0.18803,-0.15817,-0.23474,-0.4214,-0.69394,-0.99361,-1.2481,-1.4152,-1.502,-1.5512,-1.6013,-1.6877,-1.8187,-1.9726,-2.1032,-2.1572,-2.0974,-1.9144,-1.6448,-1.3522,-1.0994,-0.92356,-0.82883,-0.79458,-0.78912,-0.78403,-0.75683,-0.70651,-0.64021,-0.56913
-3.3723,-2.8778,-2.3709,-2.0904,-1.9138,-1.646,-1.3155,-1.0729,-1.0204,-1.1776,-1.5402,-2.1223,-2.8997,-3.7313,-4.394,-4.7175,-4.6954,-4.4374,-4.05,-3.5759,-3.0223,-2.4324,-1.9171,-1.5981,-1.512,-1.5858,-1.7091,-1.8073,-1.8612,-1.8876,-1.9131,-1.9663,-2.0651,-2.2021,-2.3432,-2.4452,-2.4819,-2.4571,-2.3963,-2.325,-2.2533,-2.1718,-2.0559,-1.8795,-1.6307,-1.3201,-0.98812,-0.68731,-0.46057,-0.32908,-0.29756,-0.36636,-0.53516,-0.79249,-1.0977,-1.3836,-1.5905,-1.7004,-1.7378,-1.743,-1.7629,-1.8198,-1.917,-2.0315,-2.1184,-2.1261,-2.0173,-1.7977,-1.5105,-1.223,-0.99659,-0.86287,-0.81896,-0.83708,-0.87881,-0.90654,-0.90462,-0.86583,-0.79861,-0.71761
-3.2915,-2.764,-2.2295,-1.9542,-1.8196,-1.6035,-1.3028,-1.0604,-0.98695,-1.1173,-1.4659,-2.0591,-2.8699,-3.7442,-4.4447,-4.7949,-4.7919,-4.5508,-4.1749,-3.6966,-3.1167,-2.4835,-1.9216,-1.5655,-1.4584,-1.5296,-1.667,-1.7938,-1.887,-1.9573,-2.0236,-2.1032,-2.2088,-2.335,-2.4586,-2.5439,-2.5693,-2.5351,-2.4592,-2.3626,-2.2555,-2.1299,-1.9692,-1.7545,-1.4781,-1.1612,-0.84331,-0.57597,-0.39967,-0.32931,-0.36594,-0.50457,-0.73721,-1.0412,-1.3672,-1.6467,-1.8278,-1.9033,-1.9054,-1.8845,-1.8759,-1.9096,-1.9904,-2.0923,-2.1628,-2.1439,-2.0033,-1.7515,-1.4423,-1.1503,-0.93644,-0.82729,-0.8135,-0.86172,-0.92981,-0.98239,-0.99342,-0.96214,-0.8995,-0.82088
-3.19,-2.6158,-2.0448,-1.774,-1.6877,-1.5345,-1.2728,-1.0353,-0.94119,-1.0432,-1.3761,-1.9779,-2.8208,-3.7398,-4.4829,-4.8697,-4.8985,-4.6853,-4.3269,-3.8452,-3.2361,-2.555,-1.9414,-1.5416,-1.4058,-1.4663,-1.6115,-1.7647,-1.8983,-2.0145,-2.1214,-2.2258,-2.3333,-2.4431,-2.5423,-2.6083,-2.6245,-2.5867,-2.5065,-2.3945,-2.2555,-2.0855,-1.8721,-1.6071,-1.2967,-0.96533,-0.6608,-0.43295,-0.31434,-0.31764,-0.43581,-0.6571,-0.9634,-1.3202,-1.665,-1.9297,-2.0779,-2.1208,-2.0989,-2.0532,-2.0309,-2.0526,-2.1185,-2.1998,-2.2435,-2.193,-2.0175,-1.7307,-1.3963,-1.0917,-0.87831,-0.78144,-0.7903,-0.86965,-0.97379,-1.0578,-1.0989,-1.0856,-1.0264,-0.94033
-3.1189,-2.5097,-1.9137,-1.6457,-1.5907,-1.4782,-1.2446,-1.0135,-0.9102,-0.99777,-1.3215,-1.9253,-2.7813,-3.721,-4.4876,-4.9003,-4.9558,-4.7667,-4.4238,-3.9433,-3.3188,-2.6109,-1.9678,-1.5415,-1.385,-1.4322,-1.5743,-1.7344,-1.8849,-2.0211,-2.1451,-2.2576,-2.3599,-2.4562,-2.5397,-2.5976,-2.6138,-2.5828,-2.5067,-2.3921,-2.2421,-2.0516,-1.8137,-1.5248,-1.1947,-0.85603,-0.55668,-0.34721,-0.26162,-0.30573,-0.47108,-0.73945,-1.0846,-1.4645,-1.8169,-2.0813,-2.2286,-2.2696,-2.2399,-2.1878,-2.1472,-2.1509,-2.2053,-2.2819,-2.3219,-2.261,-2.0657,-1.7554,-1.3967,-1.0735,-0.85023,-0.75242,-0.76805,-0.86002,-0.9809,-1.0888,-1.1451,-1.1462,-1.1018,-1.0289
-3.0315,-2.3779,-1.7543,-1.4909,-1.4717,-1.4058,-1.206,-0.98697,-0.8797,-0.9575,-1.2724,-1.8724,-2.7293,-3.6747,-4.4565,-4.8966,-4.9883,-4.8348,-4.5171,-4.0445,-3.4105,-2.6821,-2.015,-1.5663,-1.3885,-1.4162,-1.5411,-1.6894,-1.8342,-1.9718,-2.099,-2.209,-2.2987,-2.3743,-2.44,-2.4924,-2.5196,-2.5106,-2.4584,-2.3606,-2.2164,-2.0207,-1.7692,-1.4614,-1.1128,-0.7624,-0.4647,-0.27318,-0.21845,-0.30348,-0.51106,-0.81628,-1.1881,-1.5828,-1.9405,-2.2092,-2.3649,-2.4189,-2.4032,-2.3541,-2.3132,-2.3083,-2.3472,-2.4064,-2.4325,-2.3617,-2.1534,-1.821,-1.4323,-1.0762,-0.82481,-0.7104,-0.72465,-0.831,-0.97873,-1.1145,-1.2049,-1.2301,-1.1948,-1.1184
-2.9523,-2.2594,-1.6159,-1.3604,-1.3722,-1.3449,-1.1755,-0.97321,-0.87072,-0.94741,-1.2563,-1.8426,-2.6796,-3.6057,-4.3817,-4.8372,-4.9612,-4.843,-4.5525,-4.0956,-3.4684,-2.7417,-2.0728,-1.6176,-1.4266,-1.4335,-1.5324,-1.65,-1.763,-1.8714,-1.9736,-2.0619,-2.1325,-2.1904,-2.2458,-2.2994,-2.3448,-2.3692,-2.3594,-2.3035,-2.1902,-2.0127,-1.7646,-1.4509,-1.0944,-0.73746,-0.43986,-0.25592,-0.2152,-0.3184,-0.54463,-0.86392,-1.2407,-1.6331,-1.99,-2.272,-2.46,-2.5541,-2.5693,-2.5356,-2.4883,-2.463,-2.4797,-2.5247,-2.5469,-2.4761,-2.2602,-1.913,-1.4983,-1.1109,-0.8291,-0.6904,-0.69054,-0.7955,-0.9546,-1.1114,-1.226,-1.2737,-1.2564,-1.1929
-2.8977,-2.1794,-1.5268,-1.2805,-1.3139,-1.3123,-1.1647,-0.97683,-0.8832,-0.96312,-1.2669,-1.8361,-2.6451,-3.5411,-4.2994,-4.7565,-4.8976,-4.7999,-4.5267,-4.0861,-3.4778,-2.7721,-2.1206,-1.6735,-1.479,-1.4706,-1.5449,-1.6304,-1.7074,-1.7777,-1.8435,-1.9014,-1.9492,-1.9952,-2.0493,-2.1145,-2.1822,-2.2377,-2.2634,-2.244,-2.1649,-2.0144,-1.7848,-1.4803,-1.1248,-0.7669,-0.46814,-0.28408,-0.24572,-0.34947,-0.57293,-0.88575,-1.2545,-1.6389,-2.0014,-2.3039,-2.5217,-2.6462,-2.6857,-2.6648,-2.6175,-2.5841,-2.5877,-2.6188,-2.6304,-2.5541,-2.3402,-1.9853,-1.5557,-1.1489,-0.84725,-0.69097,-0.67778,-0.77575,-0.93595,-1.1041,-1.2324,-1.2935,-1.2867,-1.2303
-2.8302,-2.0858,-1.4283,-1.1997,-1.2617,-1.2926,-1.1738,-1.0082,-0.93184,-1.0192,-1.3126,-1.8492,-2.6062,-3.4448,-4.1626,-4.6077,-4.7578,-4.6754,-4.4189,-4.0034,-3.437,-2.7848,-2.1826,-1.7665,-1.5804,-1.5574,-1.5939,-1.6268,-1.6405,-1.6437,-1.6461,-1.6509,-1.6623,-1.6917,-1.7484,-1.8352,-1.9388,-2.0397,-2.1177,-2.154,-2.1323,-2.0338,-1.8455,-1.5658,-1.22,-0.8591,-0.55264,-0.36172,-0.31582,-0.41414,-0.62871,-0.92585,-1.2736,-1.6433,-2.0041,-2.3296,-2.5917,-2.7675,-2.8484,-2.8482,-2.8013,-2.749,-2.722,-2.7206,-2.7087,-2.6259,-2.4157,-2.0744,-1.6527,-1.2369,-0.9089,-0.71724,-0.67119,-0.74802,-0.90284,-1.074,-1.2202,-1.3041,-1.3176,-1.2749
-2.7674,-2.0057,-1.3528,-1.1486,-1.2414,-1.3053,-1.2169,-1.078,-1.0226,-1.1185,-1.3967,-1.8893,-2.5799,-3.3466,-4.0081,-4.4248,-4.5675,-4.4854,-4.2359,-3.8457,-3.3315,-2.7511,-2.2209,-1.8587,-1.7001,-1.6755,-1.6834,-1.6617,-1.602,-1.5234,-1.448,-1.3901,-1.3622,-1.3756,-1.4383,-1.544,-1.6798,-1.8255,-1.9609,-2.0643,-2.1106,-2.0752,-1.9357,-1.6889,-1.3599,-1.0034,-0.69043,-0.48526,-0.42306,-0.50135,-0.69547,-0.97136,-1.2984,-1.6539,-2.0176,-2.3653,-2.6644,-2.8811,-2.9967,-3.016,-2.9703,-2.8998,-2.8399,-2.8026,-2.765,-2.6748,-2.4783,-2.1534,-1.738,-1.3161,-0.97403,-0.76436,-0.69729,-0.75046,-0.88213,-1.0487,-1.188,-1.2757,-1.305,-1.2863
-2.7225,-1.9538,-1.3105,-1.1287,-1.2476,-1.3382,-1.275,-1.1585,-1.1205,-1.2215,-1.4847,-1.9383,-2.5722,-3.2781,-3.8896,-4.2753,-4.4009,-4.309,-4.0589,-3.6866,-3.2145,-2.6951,-2.2295,-1.9203,-1.794,-1.7785,-1.7723,-1.7126,-1.5954,-1.4502,-1.3094,-1.1994,-1.1401,-1.1431,-1.2118,-1.3355,-1.4977,-1.6765,-1.8531,-2.004,-2.1021,-2.1157,-2.0169,-1.7983,-1.4835,-1.1302,-0.81209,-0.5958,-0.51947,-0.58106,-0.75632,-1.0127,-1.3228,-1.6669,-2.0327,-2.3941,-2.7141,-2.9546,-3.0921,-3.1247,-3.0809,-2.9984,-2.9132,-2.8429,-2.7757,-2.6725,-2.4829,-2.1845,-1.7999,-1.3932,-1.0419,-0.80492,-0.70597,-0.73489,-0.8555,-1.0095,-1.1606,-1.2645,-1.3058,-1.2915
-2.6643,-1.8939,-1.2711,-1.1238,-1.2829,-1.4127,-1.3878,-1.3055,-1.2909,-1.3958,-1.6336,-2.0291,-2.5813,-3.2017,-3.741,-4.0747,-4.1635,-4.0464,-3.7878,-3.4353,-3.0189,-2.5832,-2.209,-1.9797,-1.9089,-1.9182,-1.9034,-1.7995,-1.6111,-1.3788,-1.1508,-0.97068,-0.86832,-0.85876,-0.93735,-1.0872,-1.2835,-1.5047,-1.7295,-1.9378,-2.1012,-2.1809,-2.1393,-1.9581,-1.6597,-1.3048,-0.97591,-0.74563,-0.65116,-0.69413,-0.84679,-1.0758,-1.3567,-1.6807,-2.0355,-2.4045,-2.749,-3.0204,-3.1831,-3.2339,-3.1868,-3.0821,-2.9633,-2.8581,-2.7644,-2.6497,-2.4711,-2.1976,-1.8374,-1.4479,-1.1027,-0.85742,-0.73484,-0.72871,-0.8126,-0.95126,-1.0884,-1.1958,-1.2565,-1.2707
-2.6215,-1.8549,-1.2525,-1.1344,-1.3272,-1.4904,-1.4975,-1.4435,-1.446,-1.5517,-1.767,-2.1156,-2.605,-3.1607,-3.6432,-3.9317,-3.9846,-3.84,-3.5686,-3.2272,-2.8496,-2.4733,-2.1662,-1.9995,-1.9764,-2.0122,-1.996,-1.8657,-1.6294,-1.3384,-1.0526,-0.82494,-0.69358,-0.67469,-0.76011,-0.92729,-1.1473,-1.3981,-1.6585,-1.9091,-2.1175,-2.2408,-2.2337,-2.0741,-1.7841,-1.4284,-1.0929,-0.85189,-0.74517,-0.7701,-0.90003,-1.1055,-1.3673,-1.6734,-2.0235,-2.3904,-2.7323,-3.0056,-3.1816,-3.2464,-3.2186,-3.1222,-2.9901,-2.8522,-2.7214,-2.585,-2.4077,-2.1601,-1.8384,-1.4753,-1.1319,-0.86844,-0.72089,-0.69395,-0.76521,-0.8912,-1.0337,-1.1498,-1.2196,-1.2435
-2.5642,-1.8098,-1.239,-1.1641,-1.4058,-1.6182,-1.6733,-1.6588,-1.6843,-1.788,-1.9692,-2.2535,-2.6618,-3.1343,-3.5421,-3.7663,-3.7629,-3.5722,-3.2755,-2.9407,-2.6036,-2.2938,-2.0638,-1.9703,-2.0087,-2.0874,-2.0858,-1.9375,-1.6542,-1.2995,-0.94959,-0.66891,-0.50303,-0.47135,-0.56529,-0.75504,-1.0088,-1.299,-1.6069,-1.9077,-2.1658,-2.3303,-2.3517,-2.2075,-1.9203,-1.5574,-1.2087,-0.95268,-0.82977,-0.83865,-0.94967,-1.128,-1.3524,-1.6214,-1.9326,-2.2756,-2.6156,-2.9044,-3.1017,-3.1936,-3.1778,-3.0809,-2.9402,-2.7891,-2.6427,-2.4924,-2.3142,-2.0812,-1.7802,-1.4364,-1.1031,-0.83615,-0.67231,-0.62161,-0.67017,-0.7871,-0.92742,-1.0555,-1.1485,-1.2002
-2.5057,-1.7706,-1.2359,-1.207,-1.5002,-1.7677,-1.8752,-1.902,-1.9491,-2.0467,-2.1898,-2.4109,-2.7439,-3.1414,-3.48,-3.6399,-3.5758,-3.3334,-3.0032,-2.661,-2.3451,-2.0781,-1.9005,-1.8589,-1.9485,-2.0743,-2.1073,-1.9666,-1.6619,-1.2658,-0.86841,-0.54806,-0.35863,-0.3223,-0.4283,-0.64266,-0.92884,-1.2559,-1.6018,-1.9392,-2.2297,-2.4181,-2.4518,-2.3059,-2.0066,-1.6281,-1.2665,-1.0003,-0.86601,-0.85703,-0.93869,-1.0785,-1.2606,-1.4843,-1.7568,-2.0662,-2.3815,-2.6635,-2.8784,-2.9997,-3.0297,-2.972,-2.8478,-2.6871,-2.5155,-2.3412,-2.1521,-1.9232,-1.6445,-1.3268,-1.0088,-0.74202,-0.56758,-0.50383,-0.54366,-0.66023,-0.80954,-0.95417,-1.0682,-1.1437
-2.4607,-1.744,-1.2383,-1.2448,-1.5773,-1.8885,-2.0371,-2.0949,-2.1563,-2.2453,-2.3583,-2.5344,-2.8177,-3.1666,-3.4589,-3.5727,-3.4639,-3.1816,-2.8217,-2.4643,-2.1487,-1.8944,-1.7365,-1.7193,-1.8384,-1.9983,-2.0641,-1.9453,-1.6442,-1.2366,-0.81892,-0.47954,-0.2807,-0.24624,-0.36304,-0.59594,-0.90414,-1.2571,-1.627,-1.9856,-2.2886,-2.4802,-2.5075,-2.3489,-2.034,-1.641,-1.2654,-0.98701,-0.84193,-0.81892,-0.88124,-0.99339,-1.1397,-1.3231,-1.5574,-1.8387,-2.1395,-2.4195,-2.643,-2.7894,-2.8418,-2.8095,-2.71,-2.5677,-2.4034,-2.2254,-2.0268,-1.7921,-1.5098,-1.1927,-0.87964,-0.61961,-0.4513,-0.39184,-0.43533,-0.55503,-0.7148,-0.87647,-1.0126,-1.1109
-2.3989,-1.7108,-1.245,-1.2982,-1.6831,-2.0527,-2.2561,-2.3542,-2.4306,-2.5033,-2.5744,-2.6967,-2.9248,-3.2216,-3.4621,-3.522,-3.3576,-3.0233,-2.6203,-2.2309,-1.8936,-1.6272,-1.4679,-1.4622,-1.6073,-1.8079,-1.9235,-1.8527,-1.5862,-1.1928,-0.77393,-0.42581,-0.21823,-0.18285,-0.31135,-0.56738,-0.90852,-1.2964,-1.6985,-2.0764,-2.3798,-2.5515,-2.5451,-2.3506,-2.0064,-1.5922,-1.2008,-0.90732,-0.74569,-0.70084,-0.73722,-0.81651,-0.91905,-1.0524,-1.2314,-1.4645,-1.7372,-2.0152,-2.2586,-2.4343,-2.5327,-2.5462,-2.4846,-2.3666,-2.2109,-2.0278,-1.814,-1.5642,-1.2767,-0.9675,-0.67185,-0.43194,-0.28119,-0.23528,-0.29,-0.42479,-0.59922,-0.77927,-0.93682,-1.0583
-2.3355,-1.6803,-1.2539,-1.3503,-1.7852,-2.2104,-2.4667,-2.6013,-2.6861,-2.7369,-2.7651,-2.8404,-3.0283,-3.2901,-3.4946,-3.5121,-3.2996,-2.9164,-2.4671,-2.0337,-1.6532,-1.3468,-1.158,-1.1419,-1.2998,-1.5373,-1.7088,-1.7025,-1.4941,-1.1415,-0.74526,-0.4049,-0.19744,-0.16305,-0.29998,-0.57616,-0.94688,-1.3665,-1.791,-2.1715,-2.4554,-2.5873,-2.5333,-2.2941,-1.9153,-1.4791,-1.0757,-0.77329,-0.59721,-0.53138,-0.53443,-0.57181,-0.63142,-0.7222,-0.86754,-1.0759,-1.3299,-1.5949,-1.8357,-2.031,-2.1572,-2.2147,-2.2043,-2.1297,-1.9979,-1.8164,-1.5914,-1.3258,-1.0283,-0.72178,-0.44206,-0.22756,-0.10626,-0.088661,-0.16684,-0.31749,-0.50831,-0.70348,-0.87785,-1.0197
