1.8108,2.1716,2.4716,2.6223,2.5406,2.164,1.5221,0.76149,0.11634,-0.19732,-0.16353,0.069206,0.37459,0.69116,0.97278,1.165,1.2266,1.1663,1.0353,0.8963,0.80938,0.82373,0.95871,1.1843,1.4305,1.625,1.7287,1.7406,1.686,1.5905,1.4705,1.3333,1.1784,1.0041,0.80884,0.60664,0.42782,0.30756,0.26703,0.30115,0.38916,0.50195,0.61409,0.70337,0.75201,0.74561,0.67492,0.534,0.32289,0.060168,-0.21428,-0.44199,-0.57379,-0.59676,-0.53551,-0.42568,-0.29545,-0.15835,-0.017513,0.12538,0.25944,0.3586,0.38848,0.31933,0.13987,-0.13446,-0.46024,-0.77424,-1.0154,-1.1466,-1.1675,-1.1037,-0.98599,-0.83701,-0.67121,-0.49898,-0.33584,-0.19282,-0.078307,0.0040461
1.6479,2.0138,2.3174,2.4878,2.4512,2.1435,1.5857,0.9128,0.33945,0.050654,0.053323,0.21908,0.44358,0.67986,0.89403,1.045,1.0967,1.0492,0.93931,0.82164,0.75622,0.79564,0.95867,1.2092,1.4652,1.6548,1.7443,1.7413,1.6731,1.5696,1.4458,1.3118,1.1737,1.0326,0.88808,0.74356,0.61759,0.53333,0.50816,0.53975,0.61298,0.70578,0.79444,0.85573,0.86698,0.81179,0.68012,0.47226,0.20285,-0.09657,-0.37234,-0.56568,-0.64288,-0.61427,-0.51633,-0.391,-0.26382,-0.14211,-0.021427,0.10215,0.22673,0.33081,0.37915,0.3384,0.1933,-0.04504,-0.33886,-0.63424,-0.8731,-1.0186,-1.0648,-1.0292,-0.93587,-0.80415,-0.64846,-0.48316,-0.32198,-0.18049,-0.069118,0.0082416
1.4079,1.7781,2.0839,2.2785,2.3001,2.0821,1.6331,1.0712,0.58322,0.32044,0.28236,0.3684,0.49923,0.64185,0.78105,0.89365,0.94877,0.93233,0.86016,0.77337,0.73058,0.79006,0.97218,1.2341,1.4876,1.6625,1.7304,1.708,1.6262,1.5144,1.3878,1.2559,1.1342,1.0337,0.95706,0.89607,0.84707,0.81698,0.81497,0.84552,0.90092,0.96849,1.026,1.0483,1.0107,0.89235,0.68562,0.39959,0.063095,-0.27198,-0.5387,-0.68422,-0.69805,-0.61239,-0.48003,-0.3396,-0.211,-0.097119,0.010065,0.12304,0.24348,0.35776,0.43432,0.43645,0.34078,0.1494,-0.10842,-0.38554,-0.63048,-0.80469,-0.89298,-0.90068,-0.8428,-0.73584,-0.596,-0.44018,-0.28759,-0.15228,-0.044472,0.031289
1.2126,1.5844,1.8896,2.0997,2.1621,2.0083,1.637,1.1509,0.71886,0.47092,0.4061,0.44145,0.51305,0.59802,0.69333,0.78932,0.85914,0.8753,0.83604,0.77301,0.74386,0.80929,0.99107,1.2443,1.4848,1.6429,1.6936,1.6573,1.5673,1.4492,1.3181,1.1843,1.0685,0.99348,0.96541,0.97011,0.98474,1.0007,1.0208,1.0519,1.0959,1.1429,1.1762,1.1711,1.1019,0.94803,0.70386,0.38095,0.012785,-0.33683,-0.59668,-0.7151,-0.69348,-0.57949,-0.43084,-0.28679,-0.16368,-0.058766,0.042192,0.15399,0.28398,0.41738,0.51906,0.54972,0.4848,0.32407,0.091069,-0.17304,-0.42239,-0.61888,-0.7403,-0.7814,-0.74943,-0.65924,-0.53014,-0.38282,-0.23682,-0.11016,-0.012212,0.054603
0.93511,1.3064,1.6069,1.8333,1.9456,1.8717,1.5953,1.1997,0.83145,0.60051,0.50778,0.48947,0.49851,0.52403,0.57825,0.66814,0.77023,0.83645,0.84133,0.80616,0.7876,0.84779,1.0118,1.239,1.4529,1.5849,1.6143,1.5587,1.4539,1.3215,1.1767,1.0355,0.92498,0.88056,0.91363,0.99819,1.0941,1.1733,1.2311,1.2727,1.3056,1.3292,1.334,1.3005,1.2045,1.0269,0.75984,0.41609,0.035826,-0.31439,-0.5581,-0.65073,-0.60712,-0.48446,-0.3391,-0.20614,-0.095736,-0.00097006,0.094277,0.21047,0.34927,0.50051,0.63183,0.70235,0.68153,0.56202,0.36133,0.11482,-0.13556,-0.35087,-0.50409,-0.58233,-0.58527,-0.52306,-0.41425,-0.28273,-0.14953,-0.033649,0.053858,0.10948
0.64344,1.01,1.3011,1.5383,1.6931,1.6907,1.498,1.18,0.86526,0.65192,0.54328,0.48881,0.45442,0.43861,0.46755,0.56567,0.70634,0.82133,0.86636,0.85308,0.83522,0.8772,1.0109,1.2053,1.3883,1.4935,1.4997,1.4207,1.2905,1.1359,0.97096,0.81809,0.71213,0.69724,0.78774,0.94821,1.1197,1.2593,1.3541,1.4105,1.4384,1.4457,1.4287,1.3756,1.2694,1.0928,0.83804,0.51548,0.16233,-0.16133,-0.38496,-0.47179,-0.43979,-0.34157,-0.22666,-0.12555,-0.043851,0.030327,0.11804,0.23499,0.39178,0.56788,0.72489,0.82289,0.83567,0.75611,0.59439,0.37717,0.14008,-0.080089,-0.2519,-0.35522,-0.38409,-0.34614,-0.25933,-0.14682,-0.0335,0.064132,0.13526,0.17614
0.41886,0.77894,1.0602,1.3006,1.4819,1.5263,1.3887,1.1205,0.84038,0.64189,0.53058,0.46242,0.40782,0.37138,0.38926,0.49547,0.66194,0.80812,0.8779,0.87661,0.8557,0.88087,0.98916,1.1571,1.3145,1.3972,1.3821,1.2838,1.1343,0.96238,0.78323,0.6195,0.51409,0.51794,0.64726,0.86182,1.0861,1.2674,1.387,1.4526,1.4789,1.4758,1.4467,1.3859,1.2823,1.1221,0.89916,0.61911,0.30806,0.01948,-0.1915,-0.29108,-0.28952,-0.22784,-0.14959,-0.078475,-0.018634,0.041037,0.11931,0.2355,0.39066,0.56935,0.73878,0.86085,0.90578,0.86084,0.73154,0.54244,0.32393,0.1114,-0.063203,-0.17671,-0.21883,-0.19425,-0.121,-0.024771,0.072896,0.15241,0.20459,0.22868
0.1173,0.46484,0.72925,0.96744,1.1752,1.2723,1.198,0.9866,0.74718,0.5717,0.46905,0.39816,0.33163,0.27938,0.28762,0.4004,0.59083,0.76727,0.86101,0.87057,0.84507,0.85017,0.92582,1.0545,1.1732,1.2223,1.1788,1.0595,0.89344,0.70382,0.5082,0.33034,0.22369,0.24617,0.41854,0.68722,0.96687,1.1932,1.3436,1.423,1.4484,1.436,1.3988,1.3411,1.2568,1.137,0.96946,0.75403,0.50958,0.26879,0.075627,-0.042144,-0.086344,-0.083068,-0.060492,-0.038025,-0.018672,0.0091884,0.065996,0.16936,0.3234,0.51086,0.69647,0.84259,0.92181,0.92128,0.84343,0.70036,0.51969,0.33352,0.17362,0.063978,0.015287,0.023701,0.074095,0.14601,0.21598,0.27202,0.30553,0.31336
-0.10523,0.22978,0.47846,0.70973,0.93014,1.0594,1.026,0.85173,0.63991,0.48415,0.39608,0.33342,0.26728,0.21004,0.21233,0.32455,0.52226,0.70982,0.81327,0.8277,0.79929,0.79095,0.8426,0.93999,1.029,1.0554,0.99745,0.87052,0.69972,0.5021,0.29545,0.10866,-0.00075451,0.033321,0.23178,0.53192,0.84062,1.0879,1.2521,1.3386,1.3642,1.3501,1.3113,1.2589,1.1943,1.1086,0.98887,0.82827,0.63575,0.43259,0.25374,0.12375,0.046214,0.0060878,-0.015713,-0.033468,-0.047147,-0.044004,-0.004719,0.086588,0.23118,0.41163,0.59832,0.75948,0.86831,0.9075,0.87209,0.77306,0.62966,0.47102,0.32829,0.2272,0.18097,0.18683,0.22857,0.2856,0.3375,0.36962,0.37737,0.36342
-0.38839,-0.075196,0.14842,0.36341,0.59014,0.75261,0.76549,0.63589,0.45952,0.33382,0.27314,0.23046,0.17303,0.11436,0.10874,0.21158,0.40323,0.58976,0.69586,0.71268,0.67978,0.65328,0.67199,0.73072,0.78593,0.7925,0.73056,0.60513,0.43477,0.23463,0.020351,-0.16957,-0.2768,-0.22554,-0.0021248,0.32661,0.65337,0.90821,1.0703,1.1513,1.173,1.1573,1.1226,1.0834,1.0486,1.0097,0.95469,0.86754,0.73931,0.58536,0.42449,0.28016,0.16475,0.076632,0.0043982,-0.057594,-0.10891,-0.13974,-0.13294,-0.071581,0.049325,0.21802,0.407,0.5849,0.72588,0.81237,0.83574,0.79708,0.71195,0.6036,0.4991,0.42172,0.38401,0.38491,0.41232,0.44877,0.47658,0.48714,0.47626,0.44485
-0.64526,-0.36025,-0.1666,0.023486,0.24408,0.42801,0.48149,0.39457,0.25444,0.16122,0.13108,0.11232,0.067946,0.010489,-0.004875,0.079358,0.24896,0.41934,0.51943,0.53604,0.49941,0.45624,0.44261,0.46379,0.4915,0.48982,0.43585,0.32559,0.16831,-0.019754,-0.21884,-0.39176,-0.47477,-0.40534,-0.17688,0.14265,0.4523,0.68991,0.83489,0.90098,0.9116,0.89086,0.86443,0.84919,0.84905,0.85819,0.85265,0.81371,0.73548,0.61703,0.4795,0.34161,0.21469,0.10096,-0.0021552,-0.098225,-0.18346,-0.2471,-0.27376,-0.24765,-0.16165,-0.022756,0.15255,0.34078,0.51491,0.64998,0.73012,0.75224,0.72523,0.66953,0.60943,0.56554,0.54854,0.55673,0.57866,0.59909,0.60602,0.59282,0.55898,0.50796
-0.8135,-0.55413,-0.38625,-0.22079,-0.012609,0.18133,0.26357,0.21014,0.098342,0.029214,0.01998,0.017394,-0.017445,-0.073122,-0.096847,-0.031864,0.11314,0.2633,0.35333,0.36829,0.3303,0.27669,0.24076,0.23407,0.24401,0.24109,0.20115,0.11432,-0.016436,-0.18024,-0.35289,-0.50093,-0.56224,-0.48622,-0.26711,0.023276,0.30129,0.51012,0.63713,0.69216,0.69508,0.67104,0.64416,0.63573,0.65407,0.68747,0.71366,0.70962,0.66215,0.57392,0.45733,0.32968,0.20466,0.087388,-0.022502,-0.12767,-0.22691,-0.31149,-0.36518,-0.37192,-0.31511,-0.19864,-0.03892,0.14271,0.32476,0.48558,0.60437,0.67255,0.69331,0.68115,0.6572,0.64065,0.64127,0.65709,0.67773,0.6905,0.68531,0.65745,0.60774,0.54133
-0.99652,-0.77824,-0.64871,-0.52224,-0.33992,-0.13937,-0.018352,-0.022688,-0.093687,-0.1346,-0.12322,-0.11105,-0.13571,-0.18843,-0.2224,-0.1873,-0.084129,0.029586,0.099458,0.10856,0.06826,0.0037098,-0.056527,-0.092698,-0.10158,-0.09838,-0.10724,-0.14649,-0.22615,-0.34339,-0.4758,-0.58738,-0.62138,-0.53624,-0.33859,-0.094011,0.12616,0.28077,0.36555,0.39282,0.38132,0.35235,0.32826,0.33023,0.36601,0.42184,0.47397,0.49689,0.47807,0.42253,0.3409,0.2469,0.14927,0.051726,-0.047446,-0.1476,-0.24788,-0.34385,-0.42501,-0.47211,-0.47182,-0.41193,-0.29167,-0.12344,0.068705,0.25547,0.41434,0.52834,0.59864,0.63881,0.6661,0.69335,0.7246,0.75546,0.77702,0.78165,0.76102,0.71643,0.6523,0.5751
-1.1236,-0.95481,-0.8666,-0.78461,-0.63798,-0.43683,-0.27441,-0.22187,-0.24802,-0.26792,-0.25074,-0.23462,-0.2535,-0.30169,-0.34141,-0.33541,-0.27984,-0.21004,-0.16521,-0.1648,-0.20871,-0.28305,-0.36447,-0.42589,-0.44764,-0.4284,-0.39011,-0.36744,-0.38858,-0.4541,-0.5478,-0.62225,-0.6303,-0.54078,-0.37438,-0.18584,-0.031898,0.062255,0.098712,0.09207,0.061491,0.027925,0.01366,0.0319,0.080332,0.14241,0.19347,0.21916,0.21772,0.19341,0.15822,0.11834,0.074059,0.021586,-0.041026,-0.11821,-0.20895,-0.3078,-0.40458,-0.48809,-0.53383,-0.52764,-0.46239,-0.34079,-0.1757,0.010748,0.19133,0.34738,0.47089,0.56479,0.63893,0.70268,0.75932,0.80495,0.83162,0.8316,0.80303,0.74726,0.67029,0.58068
-1.1788,-1.0517,-0.99615,-0.95086,-0.83551,-0.63626,-0.44035,-0.33903,-0.32937,-0.33961,-0.32915,-0.31892,-0.33681,-0.37991,-0.42069,-0.43388,-0.414,-0.3789,-0.35418,-0.35986,-0.40538,-0.48656,-0.58326,-0.66202,-0.6903,-0.65634,-0.58198,-0.51422,-0.48985,-0.51539,-0.57273,-0.6191,-0.61297,-0.53245,-0.39717,-0.25544,-0.15013,-0.098002,-0.091928,-0.11746,-0.15683,-0.19195,-0.20409,-0.18336,-0.13424,-0.075334,-0.026912,0.0015233,0.011231,0.014165,0.016695,0.019261,0.017822,0.0068068,-0.019908,-0.06365,-0.12742,-0.21266,-0.31533,-0.41875,-0.50829,-0.55491,-0.53896,-0.4562,-0.31776,-0.14476,0.0398,0.21281,0.36327,0.48971,0.59629,0.6871,0.76214,0.81692,0.84508,0.84232,0.80737,0.74519,0.66362,0.57144
-1.1973,-1.1301,-1.1217,-1.1278,-1.0581,-0.86357,-0.61942,-0.44578,-0.38577,-0.38987,-0.40055,-0.41005,-0.4312,-0.46564,-0.50349,-0.53714,-0.56067,-0.57064,-0.57273,-0.58532,-0.63036,-0.71789,-0.83274,-0.93235,-0.96503,-0.90995,-0.79632,-0.6803,-0.60287,-0.57948,-0.58979,-0.60592,-0.59354,-0.53569,-0.4455,-0.36151,-0.31317,-0.30712,-0.33214,-0.37269,-0.41326,-0.4437,-0.45111,-0.42916,-0.38539,-0.33322,-0.28983,-0.26099,-0.23668,-0.20193,-0.14761,-0.07864,-0.010887,0.040112,0.065108,0.060364,0.025293,-0.040231,-0.13514,-0.25518,-0.37903,-0.48245,-0.53806,-0.52703,-0.44558,-0.30548,-0.13067,0.056686,0.23552,0.3947,0.53132,0.64565,0.73641,0.79935,0.82923,0.82194,0.78235,0.71406,0.62587,0.52814
-1.1704,-1.1518,-1.1809,-1.2264,-1.1921,-1.003,-0.72128,-0.49017,-0.39051,-0.39256,-0.42558,-0.45587,-0.48303,-0.5106,-0.54342,-0.58734,-0.63782,-0.67803,-0.69946,-0.71724,-0.76078,-0.85079,-0.9764,-1.0873,-1.121,-1.0511,-0.91358,-0.77011,-0.66821,-0.6203,-0.61012,-0.61175,-0.59788,-0.55719,-0.50212,-0.45956,-0.44783,-0.46705,-0.50359,-0.54387,-0.57699,-0.59386,-0.58921,-0.56275,-0.52221,-0.48093,-0.44665,-0.41608,-0.37604,-0.31022,-0.21525,-0.10281,0.0071861,0.096659,0.15657,0.18337,0.17446,0.12643,0.036903,-0.088826,-0.23874,-0.38027,-0.47976,-0.51393,-0.47544,-0.37047,-0.21332,-0.031958,0.15509,0.33136,0.48614,0.61311,0.7081,0.76789,0.79057,0.77801,0.73028,0.65802,0.57106,0.47877
-1.086,-1.1352,-1.2168,-1.3148,-1.3275,-1.1478,-0.81763,-0.51109,-0.35723,-0.35498,-0.41954,-0.48112,-0.52032,-0.54245,-0.56776,-0.61902,-0.69643,-0.76877,-0.81098,-0.83378,-0.87368,-0.96202,-1.0941,-1.2161,-1.2572,-1.1814,-1.0239,-0.85645,-0.73475,-0.66895,-0.64367,-0.63432,-0.62322,-0.61007,-0.60213,-0.61251,-0.63995,-0.67849,-0.71448,-0.74007,-0.75015,-0.74105,-0.71573,-0.67952,-0.63996,-0.60358,-0.56882,-0.52559,-0.45643,-0.35205,-0.21185,-0.054119,0.095784,0.21911,0.30897,0.36292,0.37992,0.35513,0.28122,0.15526,-0.01149,-0.19159,-0.34595,-0.43952,-0.45313,-0.38639,-0.25593,-0.081726,0.10442,0.27992,0.43168,0.55373,0.64284,0.69607,0.71137,0.68802,0.63614,0.56084,0.47238,0.38124
-0.95633,-1.0752,-1.2116,-1.36,-1.4181,-1.2506,-0.87894,-0.50185,-0.29428,-0.28198,-0.37161,-0.46389,-0.51833,-0.54026,-0.56086,-0.61551,-0.7088,-0.80173,-0.85669,-0.87981,-0.91149,-0.99033,-1.12,-1.2534,-1.3135,-1.2538,-1.1025,-0.93011,-0.79645,-0.71644,-0.67876,-0.66579,-0.66702,-0.68328,-0.71855,-0.76772,-0.82354,-0.86967,-0.89956,-0.90333,-0.8799,-0.83689,-0.7832,-0.73042,-0.68507,-0.64261,-0.5918,-0.51744,-0.40934,-0.2638,-0.094423,0.079058,0.23779,0.36964,0.47053,0.53888,0.57097,0.55937,0.49473,0.37148,0.19827,0.0015284,-0.18073,-0.31261,-0.3704,-0.34521,-0.24419,-0.09085,0.08587,0.25583,0.39801,0.50271,0.56826,0.59638,0.58983,0.55262,0.49172,0.41554,0.3338,0.25534
-0.83711,-1.0081,-1.1863,-1.3708,-1.4618,-1.3059,-0.90979,-0.48634,-0.24001,-0.21548,-0.31608,-0.42615,-0.49132,-0.5153,-0.53367,-0.59052,-0.69109,-0.7932,-0.85387,-0.87505,-0.89782,-0.96662,-1.0927,-1.235,-1.3155,-1.281,-1.1472,-0.98225,-0.84311,-0.75134,-0.70257,-0.68478,-0.69537,-0.73413,-0.80247,-0.88162,-0.9556,-1.0035,-1.0182,-0.99671,-0.94441,-0.87456,-0.80012,-0.73306,-0.67734,-0.62259,-0.55318,-0.45268,-0.31327,-0.14355,0.038884,0.21272,0.36295,0.48421,0.57809,0.64503,0.68108,0.67635,0.61823,0.49813,0.32306,0.11873,-0.075597,-0.22173,-0.29432,-0.28463,-0.19962,-0.06234,0.095866,0.2459,0.36764,0.45126,0.49479,0.501,0.47525,0.4242,0.357,0.28255,0.20914,0.14299
-0.65978,-0.89919,-1.1334,-1.3632,-1.4952,-1.3594,-0.94289,-0.46994,-0.17592,-0.12708,-0.23029,-0.35333,-0.4276,-0.45382,-0.47187,-0.53174,-0.64021,-0.75018,-0.81307,-0.82777,-0.83603,-0.88824,-1.0065,-1.1604,-1.2767,-1.2917,-1.1992,-1.0559,-0.91441,-0.80242,-0.72675,-0.68753,-0.69864,-0.76619,-0.8785,-1.006,-1.1053,-1.1552,-1.1454,-1.0885,-1.0019,-0.89852,-0.8004,-0.71846,-0.64653,-0.57299,-0.47049,-0.3252,-0.14382,0.054558,0.24156,0.39797,0.51867,0.60924,0.67851,0.73138,0.7634,0.76154,0.70905,0.59638,0.42393,0.21762,0.018464,-0.13411,-0.2154,-0.21745,-0.14865,-0.029698,0.10727,0.23121,0.32062,0.36706,0.37251,0.34416,0.2906,0.22075,0.14554,0.073091,0.011437,-0.034183
-0.52051,-0.80963,-1.0848,-1.347,-1.5078,-1.3913,-0.97014,-0.47093,-0.1438,-0.071757,-0.16599,-0.2889,-0.36411,-0.39041,-0.41111,-0.47556,-0.58962,-0.7032,-0.76448,-0.77097,-0.76553,-0.80292,-0.91376,-1.0779,-1.2273,-1.2902,-1.2441,-1.1247,-0.9803,-0.84633,-0.73784,-0.67287,-0.67345,-0.75151,-0.88857,-1.0434,-1.1625,-1.2184,-1.2076,-1.1437,-1.0428,-0.92719,-0.81457,-0.71669,-0.63141,-0.53427,-0.40327,-0.22738,-0.018111,0.19396,0.37837,0.51657,0.60872,0.67013,0.71265,0.74444,0.76258,0.75472,0.70408,0.59445,0.43336,0.23931,0.048446,-0.10093,-0.1822,-0.18687,-0.12402,-0.018578,0.099282,0.20056,0.26524,0.28485,0.26135,0.20415,0.12648,0.042566,-0.0379,-0.10405,-0.15066,-0.17679
-0.33619,-0.68856,-1.0169,-1.3189,-1.5166,-1.4326,-1.0207,-0.49986,-0.13331,-0.02209,-0.089346,-0.19781,-0.26631,-0.29237,-0.32056,-0.39576,-0.51807,-0.63329,-0.68829,-0.6803,-0.65483,-0.67364,-0.77766,-0.95891,-1.1569,-1.2899,-1.3129,-1.2266,-1.0749,-0.90264,-0.74272,-0.63368,-0.60526,-0.67668,-0.83249,-1.0179,-1.172,-1.2521,-1.2551,-1.1925,-1.0876,-0.9651,-0.84763,-0.74588,-0.64928,-0.53113,-0.36386,-0.14407,0.10144,0.32972,0.50357,0.60975,0.65939,0.67488,0.68004,0.6846,0.68502,0.66725,0.61318,0.51204,0.35999,0.17967,0.0065882,-0.12472,-0.19292,-0.19292,-0.13527,-0.042236,0.055267,0.12865,0.15903,0.14081,0.080109,-0.0096945,-0.11246,-0.2133,-0.29546,-0.35185,-0.37879,-0.37773
-0.16323,-0.57503,-0.95379,-1.2927,-1.5256,-1.4809,-1.0958,-0.56953,-0.1675,-0.0081503,-0.031942,-0.11071,-0.16511,-0.19103,-0.23029,-0.32085,-0.45379,-0.56869,-0.6126,-0.58684,-0.54197,-0.54594,-0.6484,-0.85113,-1.0996,-1.3017,-1.3809,-1.319,-1.1547,-0.93893,-0.72517,-0.55971,-0.48848,-0.54046,-0.70528,-0.9209,-1.1119,-1.226,-1.2548,-1.2147,-1.1325,-1.0304,-0.9297,-0.83725,-0.73725,-0.60242,-0.40595,-0.15031,0.12582,0.37117,0.54209,0.624,0.63287,0.60315,0.56251,0.52887,0.5028,0.47233,0.42016,0.32869,0.20208,0.052146,-0.094136,-0.20667,-0.26373,-0.25904,-0.20349,-0.12118,-0.040516,0.011558,0.017264,-0.028906,-0.12027,-0.24045,-0.36777,-0.48084,-0.56316,-0.60527,-0.60704,-0.57476
-0.046359,-0.50035,-0.91479,-1.2792,-1.5372,-1.5261,-1.1713,-0.65036,-0.22426,-0.023846,-0.0061489,-0.05466,-0.094754,-0.12039,-0.16897,-0.27367,-0.41668,-0.5319,-0.56695,-0.52719,-0.46736,-0.45971,-0.55991,-0.77755,-1.0612,-1.3124,-1.4316,-1.3857,-1.2055,-0.95291,-0.69049,-0.47752,-0.37127,-0.40799,-0.57353,-0.80618,-1.0197,-1.1627,-1.2218,-1.2178,-1.1708,-1.1066,-1.0367,-0.96149,-0.86659,-0.71673,-0.49509,-0.21418,0.081992,0.33498,0.50044,0.56533,0.5489,0.48902,0.41962,0.36369,0.32353,0.28655,0.2344,0.15583,0.043197,-0.088079,-0.21211,-0.30339,-0.34598,-0.33644,-0.28354,-0.20939,-0.14075,-0.10255,-0.11135,-0.17189,-0.27701,-0.40996,-0.54811,-0.66727,-0.74827,-0.78108,-0.7656,-0.71027
0.086603,-0.42085,-0.8796,-1.2748,-1.5641,-1.6006,-1.2966,-0.79315,-0.33807,-0.077487,0.0035367,0.00071097,-0.017163,-0.042238,-0.10433,-0.22846,-0.38609,-0.50381,-0.52903,-0.47185,-0.39206,-0.3667,-0.45836,-0.68643,-1.0038,-1.3065,-1.4744,-1.4482,-1.2494,-0.95114,-0.63116,-0.36123,-0.20646,-0.20763,-0.358,-0.59983,-0.84817,-1.0421,-1.1609,-1.2168,-1.2323,-1.2251,-1.2078,-1.1751,-1.0993,-0.95043,-0.70987,-0.40034,-0.079259,0.18728,0.35359,0.40867,0.37383,0.28617,0.18836,0.10196,0.035977,-0.012896,-0.05608,-0.1113,-0.18339,-0.2727,-0.36686,-0.44414,-0.48347,-0.47542,-0.4281,-0.36133,-0.30031,-0.26973,-0.28659,-0.35652,-0.47244,-0.61591,-0.76123,-0.88378,-0.95757,-0.97437,-0.93725,-0.85766
0.189,-0.36903,-0.86824,-1.2896,-1.6067,-1.6922,-1.4466,-0.97027,-0.48849,-0.16433,-0.015739,0.029053,0.033144,0.0086036,-0.068132,-0.21138,-0.38241,-0.50304,-0.52105,-0.4487,-0.34912,-0.30438,-0.38268,-0.60831,-0.93726,-1.2639,-1.4607,-1.4479,-1.2411,-0.91489,-0.55773,-0.24425,-0.042796,0.00069042,-0.12465,-0.36541,-0.64577,-0.89116,-1.077,-1.2053,-1.297,-1.3679,-1.421,-1.4415,-1.3981,-1.2539,-1.0005,-0.66947,-0.3265,-0.042117,0.13287,0.18467,0.13558,0.02953,-0.092571,-0.19535,-0.26419,-0.30134,-0.32036,-0.33638,-0.37181,-0.43317,-0.5111,-0.58295,-0.62446,-0.62291,-0.5837,-0.52427,-0.47023,-0.44313,-0.45751,-0.51939,-0.62559,-0.76275,-0.9075,-1.0284,-1.1024,-1.1118,-1.0558,-0.94857
0.24346,-0.35083,-0.87728,-1.3154,-1.6507,-1.7719,-1.5724,-1.12,-0.61949,-0.24679,-0.047825,0.031307,0.049876,0.023673,-0.065005,-0.2223,-0.40311,-0.52595,-0.53853,-0.45466,-0.34038,-0.28113,-0.34676,-0.56148,-0.88265,-1.2063,-1.405,-1.3977,-1.1912,-0.85887,-0.48401,-0.14533,0.083444,0.14955,0.038844,-0.20381,-0.50028,-0.77792,-1.0048,-1.1847,-1.3339,-1.4692,-1.585,-1.6561,-1.645,-1.5098,-1.2491,-0.90598,-0.55085,-0.25869,-0.077402,-0.018315,-0.060935,-0.16798,-0.2928,-0.40297,-0.47679,-0.50607,-0.49803,-0.47794,-0.47162,-0.504,-0.57579,-0.6604,-0.72087,-0.73406,-0.70314,-0.64708,-0.59147,-0.55828,-0.5627,-0.61251,-0.70657,-0.83265,-0.9675,-1.0828,-1.1483,-1.1497,-1.0886,-0.97904
0.28476,-0.35612,-0.91581,-1.3716,-1.727,-1.8914,-1.7513,-1.331,-0.80685,-0.3723,-0.11071,0.0091539,0.042801,0.010841,-0.094713,-0.27193,-0.4681,-0.59515,-0.59865,-0.49661,-0.36106,-0.28002,-0.32212,-0.50809,-0.79656,-1.0886,-1.2691,-1.2635,-1.0734,-0.75483,-0.37735,-0.022166,0.23346,0.32341,0.23011,-0.015119,-0.33114,-0.64774,-0.92377,-1.162,-1.3798,-1.5845,-1.7707,-1.9062,-1.9381,-1.8349,-1.5899,-1.248,-0.88642,-0.57662,-0.37255,-0.29359,-0.32479,-0.42621,-0.55286,-0.65982,-0.71614,-0.7105,-0.65439,-0.57757,-0.5294,-0.54307,-0.62008,-0.72654,-0.81456,-0.85202,-0.83569,-0.78623,-0.73017,-0.68738,-0.67203,-0.69429,-0.75863,-0.85919,-0.97674,-1.0796,-1.1411,-1.1398,-1.0729,-0.95427
0.29212,-0.38322,-0.96574,-1.4317,-1.7979,-1.9889,-1.8883,-1.4901,-0.94932,-0.47321,-0.1711,-0.02623,0.014529,-0.023525,-0.14267,-0.33673,-0.54626,-0.67671,-0.67194,-0.55357,-0.39862,-0.29767,-0.31792,-0.47602,-0.7283,-0.98156,-1.1344,-1.1238,-0.95137,-0.65671,-0.29911,0.050056,0.31399,0.42113,0.3423,0.10249,-0.22513,-0.56544,-0.87749,-1.1563,-1.4175,-1.6666,-1.8927,-2.06,-2.1181,-2.0302,-1.7989,-1.4696,-1.1146,-0.80467,-0.59211,-0.49913,-0.51551,-0.60499,-0.72315,-0.82098,-0.86107,-0.82638,-0.72814,-0.60707,-0.52131,-0.51739,-0.60287,-0.73848,-0.86142,-0.92479,-0.92188,-0.87357,-0.80955,-0.75351,-0.72139,-0.7242,-0.76736,-0.84631,-0.94343,-1.0319,-1.0816,-1.074,-1.0074,-0.8941
0.271,-0.45118,-1.0613,-1.5366,-1.9107,-2.1269,-2.066,-1.6885,-1.1272,-0.60655,-0.26377,-0.097144,-0.053215,-0.10135,-0.24033,-0.45819,-0.68773,-0.82419,-0.80695,-0.66299,-0.47802,-0.3467,-0.33352,-0.44986,-0.64703,-0.84123,-0.94892,-0.92718,-0.77481,-0.5195,-0.20224,0.12203,0.37871,0.49575,0.42888,0.19657,-0.13972,-0.50202,-0.84554,-1.1594,-1.4556,-1.7429,-2.0048,-2.1996,-2.2772,-2.2029,-1.9904,-1.6898,-1.3622,-1.0717,-0.86101,-0.75265,-0.74515,-0.81531,-0.91617,-0.9985,-1.0145,-0.93776,-0.78085,-0.59882,-0.46751,-0.44715,-0.54538,-0.71232,-0.87145,-0.96579,-0.98127,-0.94322,-0.88122,-0.81699,-0.76558,-0.73977,-0.74889,-0.793,-0.8587,-0.92111,-0.955,-0.94002,-0.87222,-0.76222
0.2164,-0.5548,-1.1903,-1.6703,-2.0432,-2.2691,-2.2283,-1.8576,-1.278,-0.72785,-0.36429,-0.1907,-0.15167,-0.21311,-0.37273,-0.61692,-0.87034,-1.0144,-0.98216,-0.80854,-0.59078,-0.42737,-0.37827,-0.44791,-0.58775,-0.72267,-0.78832,-0.7563,-0.62735,-0.41397,-0.1388,0.15407,0.39494,0.50516,0.43729,0.20023,-0.14265,-0.51607,-0.86865,-1.1916,-1.4965,-1.7889,-2.0504,-2.2379,-2.305,-2.24,-2.0615,-1.8116,-1.5389,-1.2799,-1.0775,-0.96327,-0.94565,-1.0027,-1.0938,-1.1587,-1.1439,-1.0223,-0.81103,-0.57311,-0.39803,-0.35309,-0.45139,-0.64104,-0.83379,-0.95778,-0.99421,-0.9668,-0.90866,-0.84404,-0.78616,-0.74411,-0.72556,-0.73302,-0.75902,-0.78674,-0.79285,-0.76323,-0.69353,-0.59049
0.15566,-0.65441,-1.3087,-1.7892,-2.1546,-2.3767,-2.3356,-1.9591,-1.3667,-0.8063,-0.44102,-0.27329,-0.24343,-0.31647,-0.49288,-0.75922,-1.0331,-1.183,-1.1368,-0.9371,-0.69164,-0.50359,-0.43054,-0.47134,-0.57465,-0.67073,-0.70756,-0.66692,-0.55212,-0.36718,-0.1247,0.14111,0.36312,0.4623,0.38847,0.1478,-0.19763,-0.57306,-0.92675,-1.2486,-1.5454,-1.8225,-2.0555,-2.2056,-2.2452,-2.1693,-2.0145,-1.8177,-1.603,-1.3981,-1.2266,-1.1184,-1.0918,-1.139,-1.2184,-1.2722,-1.2405,-1.09,-0.83916,-0.56012,-0.35065,-0.28438,-0.37459,-0.56655,-0.76901,-0.90774,-0.96019,-0.95103,-0.90944,-0.85521,-0.79826,-0.74686,-0.70998,-0.69226,-0.68867,-0.68593,-0.66649,-0.6181,-0.53982,-0.43987
0.05145,-0.81408,-1.4938,-1.9715,-2.3184,-2.5194,-2.4578,-2.06,-1.4531,-0.89368,-0.54266,-0.39384,-0.38117,-0.47091,-0.66961,-0.96745,-1.2735,-1.4359,-1.371,-1.1315,-0.84436,-0.62383,-0.52663,-0.54297,-0.6135,-0.6715,-0.67786,-0.62643,-0.5201,-0.3618,-0.15377,0.076407,0.26652,0.343,0.25431,0.0050636,-0.34546,-0.71976,-1.0622,-1.3581,-1.6163,-1.8405,-2.0137,-2.1038,-2.0937,-2.005,-1.8798,-1.7527,-1.6328,-1.5113,-1.3964,-1.3143,-1.2916,-1.3304,-1.3989,-1.4368,-1.3794,-1.1899,-0.88959,-0.55956,-0.30333,-0.2006,-0.26631,-0.44566,-0.64728,-0.79689,-0.87203,-0.89169,-0.88211,-0.85664,-0.81719,-0.76551,-0.70873,-0.65519,-0.60724,-0.55905,-0.50185,-0.42713,-0.3343,-0.22983
-0.073803,-0.99953,-1.7066,-2.1778,-2.4959,-2.6585,-2.5575,-2.1282,-1.511,-0.96663,-0.64395,-0.52186,-0.52866,-0.6338,-0.85053,-1.179,-1.5227,-1.7046,-1.6231,-1.3422,-1.0132,-0.76474,-0.65403,-0.66158,-0.71872,-0.75613,-0.74217,-0.67992,-0.57553,-0.42859,-0.23856,-0.034309,0.12704,0.17311,0.05792,-0.20934,-0.56626,-0.93125,-1.2492,-1.5031,-1.7031,-1.8527,-1.9408,-1.947,-1.8749,-1.768,-1.6783,-1.6341,-1.6221,-1.6065,-1.5684,-1.5266,-1.516,-1.5495,-1.6021,-1.6144,-1.5211,-1.2879,-0.94089,-0.56356,-0.2639,-0.12111,-0.15079,-0.30229,-0.49105,-0.64785,-0.74915,-0.8054,-0.83746,-0.85031,-0.83713,-0.79269,-0.72145,-0.63445,-0.54096,-0.4432,-0.3414,-0.23517,-0.12676,-0.020977
-0.17786,-1.1521,-1.8813,-2.3448,-2.6342,-2.7587,-2.619,-2.1637,-1.5437,-1.0179,-0.72131,-0.62124,-0.64171,-0.75401,-0.98015,-1.3294,-1.7019,-1.9012,-1.8099,-1.5004,-1.1426,-0.87707,-0.76308,-0.77576,-0.8384,-0.87425,-0.8511,-0.77656,-0.6642,-0.51185,-0.3242,-0.13087,0.0096309,0.026878,-0.11696,-0.40449,-0.76552,-1.1179,-1.409,-1.625,-1.7735,-1.8593,-1.8718,-1.8063,-1.6883,-1.5695,-1.5095,-1.5295,-1.6008,-1.6724,-1.7031,-1.6998,-1.6993,-1.7255,-1.7566,-1.7411,-1.6168,-1.3501,-0.96768,-0.55744,-0.22359,-0.047302,-0.047367,-0.17829,-0.36096,-0.52796,-0.65186,-0.73853,-0.79976,-0.83699,-0.84145,-0.80534,-0.73002,-0.62487,-0.50114,-0.36738,-0.23187,-0.098363,0.027712,0.1408
-0.32373,-1.3669,-2.1279,-2.578,-2.82,-2.8827,-2.6857,-2.1982,-1.5823,-1.0867,-0.82666,-0.75482,-0.78806,-0.90204,-1.1324,-1.5011,-1.9074,-2.1321,-2.0347,-1.6944,-1.3047,-1.0234,-0.915,-0.95037,-1.042,-1.0963,-1.0706,-0.97225,-0.82387,-0.63776,-0.43242,-0.2433,-0.13231,-0.15906,-0.35009,-0.67282,-1.0461,-1.3828,-1.6282,-1.7754,-1.8392,-1.8311,-1.7514,-1.6085,-1.4412,-1.3171,-1.2944,-1.3908,-1.5703,-1.7523,-1.8737,-1.9257,-1.9438,-1.9542,-1.9509,-1.8829,-1.6969,-1.3719,-0.9434,-0.49399,-0.12904,0.078912,0.1115,0.0061018,-0.16961,-0.35349,-0.51108,-0.6378,-0.73703,-0.80562,-0.83236,-0.80605,-0.72412,-0.59503,-0.43432,-0.2582,-0.082206,0.08087,0.22307,0.34044
-0.4348,-1.5313,-2.3181,-2.7555,-2.9559,-2.9671,-2.728,-2.2223,-1.615,-1.1433,-0.90894,-0.85323,-0.88926,-0.99713,-1.2204,-1.5928,-2.0171,-2.2606,-2.165,-1.8103,-1.4057,-1.1213,-1.0259,-1.0902,-1.2154,-1.2948,-1.2722,-1.1495,-0.95665,-0.72604,-0.48966,-0.29367,-0.20037,-0.26077,-0.49207,-0.84746,-1.2368,-1.5648,-1.7765,-1.8697,-1.868,-1.7897,-1.6449,-1.4508,-1.2551,-1.1291,-1.1325,-1.2819,-1.5325,-1.7987,-1.992,-2.0829,-2.1028,-2.0916,-2.0452,-1.9304,-1.7004,-1.3362,-0.87348,-0.39984,-0.010116,0.21835,0.2642,0.16174,-0.023278,-0.22751,-0.41229,-0.56454,-0.68184,-0.76093,-0.79338,-0.7701,-0.68748,-0.5506,-0.37281,-0.173,0.026761,0.21178,0.3698,0.49381
-0.57944,-1.747,-2.5701,-2.9869,-3.1253,-3.0681,-2.7837,-2.2672,-1.6765,-1.2333,-1.0242,-0.97957,-1.0087,-1.0942,-1.2914,-1.6491,-2.0815,-2.3474,-2.2657,-1.9094,-1.5012,-1.2252,-1.157,-1.2672,-1.4444,-1.5602,-1.536,-1.3694,-1.1054,-0.80191,-0.50929,-0.29088,-0.20771,-0.30956,-0.5964,-1.0055,-1.4238,-1.7432,-1.9162,-1.9471,-1.8681,-1.7048,-1.4795,-1.2274,-1.0066,-0.88874,-0.92727,-1.1316,-1.4561,-1.8009,-2.0643,-2.1994,-2.2271,-2.1839,-2.0845,-1.9009,-1.6023,-1.1855,-0.69195,-0.1981,0.20082,0.4386,0.49336,0.39117,0.18966,-0.046733,-0.26735,-0.44579,-0.57637,-0.65992,-0.6945,-0.67298,-0.58859,-0.44294,-0.24962,-0.029969,0.18941,0.38757,0.55138,0.67538
-0.71383,-1.9493,-2.8087,-3.2014,-3.2748,-3.1582,-2.8503,-2.3426,-1.7717,-1.3452,-1.1442,-1.0956,-1.1042,-1.1523,-1.3048,-1.625,-2.0441,-2.3252,-2.271,-1.9365,-1.5438,-1.2873,-1.2517,-1.408,-1.6344,-1.7779,-1.7371,-1.5116,-1.1681,-0.78775,-0.44191,-0.19859,-0.12172,-0.25489,-0.58845,-1.0452,-1.4923,-1.8109,-1.9496,-1.9263,-1.7856,-1.5617,-1.2864,-1.0008,-0.76583,-0.65176,-0.70849,-0.94482,-1.3122,-1.7102,-2.0209,-2.178,-2.1951,-2.1193,-1.9694,-1.7365,-1.3992,-0.9561,-0.44593,0.054373,0.46144,0.7049,0.75706,0.63876,0.40744,0.13491,-0.11691,-0.31032,-0.4347,-0.50047,-0.52007,-0.49545,-0.41838,-0.28161,-0.090824,0.13099,0.35863,0.56518,0.73268,0.85368
-0.80492,-2.0863,-2.9712,-3.3438,-3.3701,-3.2199,-2.9134,-2.4264,-1.8711,-1.445,-1.2358,-1.1733,-1.1589,-1.1722,-1.2815,-1.5607,-1.9548,-2.2389,-2.2105,-1.9061,-1.5378,-1.3027,-1.2913,-1.4748,-1.727,-1.8793,-1.8166,-1.5449,-1.1461,-0.71476,-0.33604,-0.076003,-0.0017598,-0.14886,-0.50517,-0.98256,-1.4431,-1.7641,-1.8893,-1.8432,-1.6737,-1.4234,-1.126,-0.82471,-0.58383,-0.46871,-0.52911,-0.77226,-1.1471,-1.5563,-1.8786,-2.0433,-2.0588,-1.9701,-1.8014,-1.5481,-1.1951,-0.74576,-0.23838,0.25712,0.65766,0.89685,0.94593,0.82163,0.57795,0.28807,0.021478,-0.17616,-0.29536,-0.35071,-0.3602,-0.32976,-0.25303,-0.12266,0.057826,0.2726,0.49185,0.69146,0.85468,0.97386
-0.9106,-2.2421,-3.1551,-3.499,-3.4688,-3.2952,-3.0188,-2.5796,-2.0421,-1.5989,-1.3584,-1.2647,-1.2134,-1.1766,-1.221,-1.4322,-1.7766,-2.0523,-2.0575,-1.803,-1.4787,-1.2769,-1.2924,-1.4983,-1.7636,-1.908,-1.8136,-1.4903,-1.0383,-0.55979,-0.14391,0.13659,0.2222,0.073761,-0.29284,-0.78246,-1.2549,-1.5794,-1.7088,-1.6589,-1.475,-1.2037,-0.88519,-0.57278,-0.33017,-0.21831,-0.27592,-0.50338,-0.85587,-1.2396,-1.5496,-1.7183,-1.7442,-1.6616,-1.4958,-1.2457,-0.90248,-0.47103,0.015177,0.49364,0.88586,1.1246,1.1756,1.049,0.79551,0.49144,0.21555,0.019226,-0.084086,-0.11656,-0.10846,-0.074556,-0.0089585,0.10243,0.26408,0.46126,0.67049,0.86208,1.0156,1.1223
-0.97759,-2.3351,-3.2619,-3.5837,-3.5193,-3.3455,-3.1136,-2.726,-2.1996,-1.729,-1.4515,-1.325,-1.2439,-1.1701,-1.1641,-1.3195,-1.6192,-1.8804,-1.9067,-1.6911,-1.4026,-1.2261,-1.2566,-1.4699,-1.7302,-1.8563,-1.7336,-1.3787,-0.89776,-0.40061,0.030073,0.31953,0.41229,0.26787,-0.093055,-0.58182,-1.0535,-1.379,-1.5111,-1.4642,-1.2837,-1.0114,-0.69165,-0.37958,-0.13768,-0.022592,-0.06791,-0.27116,-0.58976,-0.94207,-1.2338,-1.4022,-1.4413,-1.3798,-1.2358,-1.0128,-0.70167,-0.30268,0.1575,0.61916,1.0069,1.2507,1.3104,1.1909,0.94125,0.6397,0.36793,0.18023,0.088168,0.065621,0.079364,0.11308,0.17176,0.26974,0.41409,0.59579,0.78962,0.97099,1.1196,1.2245
-1.0515,-2.4247,-3.3571,-3.6491,-3.5536,-3.4041,-3.2609,-2.961,-2.4464,-1.9206,-1.5763,-1.3998,-1.2799,-1.1606,-1.0926,-1.1739,-1.4087,-1.6416,-1.6873,-1.5195,-1.2788,-1.1345,-1.1777,-1.3843,-1.6173,-1.7024,-1.537,-1.153,-0.65735,-0.15874,0.26621,0.55465,0.64824,0.51672,0.17846,-0.28077,-0.72653,-1.0458,-1.181,-1.1487,-0.98613,-0.73207,-0.4292,-0.12866,0.11059,0.23572,0.21828,0.060539,-0.20016,-0.50082,-0.76569,-0.94225,-1.0183,-1.0066,-0.9201,-0.75307,-0.49397,-0.14226,0.27732,0.71357,1.0903,1.337,1.412,1.3165,1.0934,0.81516,0.55957,0.3849,0.30131,0.28416,0.29939,0.3285,0.37577,0.45762,0.58479,0.75018,0.93204,1.1036,1.2428,1.3378
-1.1104,-2.476,-3.3963,-3.6586,-3.5516,-3.4545,-3.4295,-3.2387,-2.7327,-2.1311,-1.7035,-1.4723,-1.318,-1.1629,-1.0435,-1.0576,-1.2278,-1.4247,-1.4777,-1.3487,-1.1511,-1.0347,-1.0815,-1.2633,-1.4495,-1.4819,-1.2816,-0.89199,-0.41424,0.062452,0.47011,0.75311,0.85654,0.75046,0.44884,0.032859,-0.38052,-0.68627,-0.83467,-0.82798,-0.69159,-0.46094,-0.17654,0.1099,0.3431,0.47788,0.49126,0.38491,0.185,-0.062923,-0.30451,-0.49498,-0.61465,-0.66652,-0.64772,-0.55577,-0.37646,-0.098923,0.26673,0.67473,1.053,1.3251,1.4365,1.3781,1.1888,0.94,0.70984,0.54705,0.46486,0.44102,0.44654,0.46741,0.509,0.58564,0.70577,0.86363,1.0375,1.2012,1.3339,1.4236
-1.1473,-2.4915,-3.3899,-3.6311,-3.5281,-3.4871,-3.5681,-3.4725,-2.9696,-2.298,-1.7998,-1.5261,-1.3514,-1.1788,-1.0312,-1.0033,-1.1292,-1.297,-1.3481,-1.2386,-1.0651,-0.96249,-1.0049,-1.1604,-1.3086,-1.3056,-1.09,-0.70839,-0.25296,0.20141,0.59534,0.87457,0.98947,0.90419,0.6315,0.24384,-0.14722,-0.44088,-0.59245,-0.59793,-0.47991,-0.26717,0.00031523,0.27351,0.50038,0.6421,0.67765,0.60745,0.45117,0.24082,0.015365,-0.18988,-0.35275,-0.46102,-0.51035,-0.48365,-0.36096,-0.12884,0.20372,0.59484,0.97291,1.2557,1.3882,1.3605,1.2069,0.99093,0.781,0.62757,0.54136,0.50711,0.50222,0.5152,0.55144,0.62529,0.74553,0.90513,1.0813,1.2478,1.3823,1.4722
-1.1913,-2.4867,-3.3393,-3.5527,-3.4712,-3.5233,-3.7636,-3.8106,-3.3071,-2.527,-1.9275,-1.5991,-1.4047,-1.2231,-1.0559,-0.989,-1.0654,-1.1936,-1.2306,-1.1296,-0.97014,-0.87102,-0.89778,-1.0189,-1.1257,-1.0929,-0.87243,-0.5067,-0.076218,0.35247,0.72751,0.99919,1.1202,1.0561,0.81699,0.46908,0.11396,-0.15891,-0.30596,-0.32218,-0.22406,-0.034566,0.20976,0.46314,0.68019,0.82438,0.88078,0.8505,0.74449,0.57772,0.37138,0.14931,-0.064182,-0.24928,-0.38241,-0.44386,-0.40822,-0.25229,0.02814,0.39829,0.78366,1.0968,1.2701,1.2841,1.1691,0.98657,0.80252,0.65736,0.56574,0.51631,0.49364,0.49375,0.5264,0.60576,0.73706,0.91068,1.0985,1.274,1.4154,1.5105
-1.2338,-2.4579,-3.2465,-3.4338,-3.3885,-3.547,-3.9593,-4.1607,-3.6535,-2.7567,-2.0557,-1.6782,-1.4744,-1.3009,-1.136,-1.0515,-1.0899,-1.1744,-1.1798,-1.0643,-0.89851,-0.78934,-0.79595,-0.89091,-0.97217,-0.9285,-0.71533,-0.36861,0.041714,0.45239,0.81467,1.0818,1.204,1.1526,0.93776,0.6235,0.30253,0.05225,-0.084928,-0.10589,-0.0185,0.15181,0.37553,0.61016,0.81234,0.95616,1.0289,1.0313,0.96705,0.83852,0.65036,0.41514,0.15498,-0.10128,-0.32367,-0.47736,-0.52438,-0.43108,-0.18767,0.17125,0.565,0.89558,1.0924,1.1363,1.0557,0.90654,0.74536,0.61024,0.5113,0.44301,0.39904,0.38393,0.41334,0.50333,0.65641,0.85439,1.068,1.2648,1.4207,1.5238
-1.2669,-2.4244,-3.1541,-3.322,-3.3094,-3.5512,-4.0919,-4.4111,-3.9035,-2.9234,-2.1526,-1.7435,-1.5391,-1.3821,-1.2323,-1.1467,-1.1622,-1.2098,-1.1796,-1.0396,-0.85911,-0.73796,-0.73064,-0.81249,-0.88376,-0.84141,-0.6403,-0.31063,0.085375,0.4873,0.84784,1.1164,1.2447,1.2008,0.99797,0.69515,0.38648,0.14853,0.021129,0.00867,0.097459,0.26623,0.47971,0.69835,0.88648,1.0216,1.0983,1.1175,1.0789,0.97605,0.80283,0.56381,0.27813,-0.023893,-0.30375,-0.5191,-0.62334,-0.57398,-0.35467,-0.0012299,0.40004,0.74303,0.95113,1.0041,0.93353,0.79733,0.64978,0.52247,0.42252,0.34379,0.28505,0.25904,0.28795,0.38923,0.56172,0.78313,1.0178,1.2318,1.4017,1.5167
-1.3152,-2.3681,-3.0068,-3.1469,-3.1801,-3.527,-4.225,-4.6953,-4.1994,-3.1291,-2.2821,-1.8399,-1.6423,-1.5187,-1.4046,-1.3314,-1.321,-1.3135,-1.2234,-1.0383,-0.829,-0.6868,-0.66039,-0.72728,-0.79667,-0.7704,-0.59549,-0.28918,0.093634,0.49424,0.85709,1.1292,1.262,1.2242,1.0278,0.73687,0.44142,0.21824,0.10241,0.10004,0.19711,0.36987,0.58074,0.78738,0.95723,1.0735,1.1401,1.1663,1.1507,1.0803,0.9347,0.7043,0.40088,0.056534,-0.28447,-0.56757,-0.73278,-0.72617,-0.52712,-0.17547,0.22604,0.56362,0.76127,0.80544,0.73413,0.60689,0.47275,0.35924,0.26404,0.17918,0.1068,0.066915,0.090673,0.20196,0.39974,0.65375,0.92336,1.1689,1.3633,1.4948
-1.3549,-2.3192,-2.8816,-2.9995,-3.0645,-3.4794,-4.2758,-4.8461,-4.3752,-3.2632,-2.3755,-1.9168,-1.7287,-1.6357,-1.5578,-1.5015,-1.4733,-1.4203,-1.279,-1.0539,-0.81804,-0.65681,-0.61561,-0.67427,-0.75131,-0.74852,-0.6022,-0.31309,0.068558,0.47837,0.85026,1.1272,1.2582,1.2168,1.0162,0.72773,0.43956,0.22558,0.12123,0.12874,0.23808,0.41615,0.62809,0.82995,0.98551,1.0879,1.143,1.1654,1.1597,1.106,0.98055,0.766,0.46635,0.1085,-0.25951,-0.57839,-0.77749,-0.79246,-0.59975,-0.24925,0.14943,0.47403,0.64868,0.66612,0.57359,0.43814,0.31088,0.209,0.12461,0.043522,-0.032705,-0.079111,-0.057373,0.061211,0.27527,0.55299,0.84447,1.1085,1.3187,1.465
-1.4118,-2.2467,-2.6998,-2.7853,-2.8858,-3.3705,-4.2575,-4.9295,-4.5169,-3.3969,-2.4845,-2.0156,-1.8435,-1.7944,-1.7709,-1.7431,-1.692,-1.5754,-1.3623,-1.0795,-0.80315,-0.61435,-0.55652,-0.61269,-0.71191,-0.75223,-0.65036,-0.38337,0.0069272,0.4388,0.83342,1.1215,1.2489,1.1931,0.97766,0.6727,0.37597,0.16394,0.074788,0.10997,0.24757,0.45347,0.67704,0.87052,1.0043,1.0732,1.0996,1.1092,1.109,1.0811,0.9891,0.80482,0.52464,0.17211,-0.20565,-0.54145,-0.75632,-0.77964,-0.5892,-0.24211,0.1354,0.41918,0.53962,0.50166,0.36596,0.20915,0.083907,0.0026756,-0.05794,-0.12274,-0.19505,-0.24769,-0.23383,-0.11458,0.11403,0.4159,0.73679,1.03,1.265,1.4291
-1.4689,-2.1671,-2.5054,-2.5557,-2.6792,-3.2038,-4.1257,-4.8505,-4.5219,-3.4581,-2.5619,-2.0976,-1.9427,-1.9344,-1.9622,-1.9628,-1.8903,-1.7114,-1.4277,-1.0882,-0.77235,-0.55741,-0.48752,-0.55204,-0.68393,-0.77347,-0.71603,-0.46607,-0.065468,0.38959,0.80589,1.1023,1.2261,1.1543,0.91758,0.59005,0.27691,0.061326,-0.018351,0.040545,0.2094,0.44612,0.68975,0.88519,1.0014,1.0378,1.0266,1.0079,1.0011,0.99141,0.93788,0.80055,0.56392,0.24528,-0.11163,-0.4378,-0.64791,-0.66625,-0.47251,-0.13553,0.2167,0.45493,0.51162,0.39971,0.19499,-0.0070381,-0.14025,-0.20304,-0.23136,-0.26742,-0.3238,-0.37265,-0.35988,-0.23859,-0.0014298,0.31656,0.65512,0.96207,1.207,1.38
-1.5083,-2.1014,-2.3533,-2.375,-2.507,-3.0401,-3.9509,-4.6788,-4.4251,-3.4461,-2.5909,-2.1404,-1.9965,-2.0094,-2.0647,-2.0805,-1.9929,-1.7737,-1.4457,-1.0723,-0.73339,-0.50346,-0.42824,-0.50331,-0.66299,-0.78897,-0.75805,-0.51475,-0.10638,0.36255,0.78571,1.0812,1.1971,1.1127,0.85738,0.51476,0.19056,-0.029066,-0.10233,-0.030069,0.1608,0.41519,0.67195,0.87164,0.97773,0.99525,0.95913,0.91764,0.90164,0.89977,0.87099,0.77035,0.57559,0.29622,-0.025711,-0.3233,-0.51273,-0.51966,-0.32538,0.002188,0.32929,0.52808,0.53402,0.36606,0.10887,-0.13158,-0.28327,-0.33704,-0.34169,-0.35074,-0.3865,-0.42659,-0.41598,-0.30075,-0.065341,0.2548,0.60157,0.92118,1.179,1.3614
-1.5503,-2.0032,-2.1431,-2.1244,-2.2558,-2.7736,-3.6277,-4.3157,-4.1632,-3.3422,-2.5767,-2.1581,-2.0239,-2.0458,-2.1157,-2.1364,-2.0304,-1.7745,-1.4096,-1.0088,-0.6515,-0.41007,-0.33377,-0.42464,-0.61979,-0.79041,-0.79029,-0.55264,-0.13198,0.35154,0.77513,1.0618,1.1576,1.0503,0.7689,0.40205,0.056555,-0.17533,-0.24402,-0.15113,0.069072,0.3522,0.62735,0.83023,0.92365,0.91354,0.84277,0.77097,0.74108,0.75249,0.76258,0.71849,0.58747,0.37151,0.10553,-0.1459,-0.30128,-0.28946,-0.094114,0.21702,0.51675,0.67915,0.63818,0.4098,0.081593,-0.2258,-0.41739,-0.47974,-0.46419,-0.43996,-0.44298,-0.45817,-0.43307,-0.31366,-0.082211,0.23403,0.57496,0.8882,1.1414,1.323
-1.5678,-1.9191,-1.979,-1.9301,-2.0534,-2.5433,-3.3309,-3.9665,-3.8828,-3.1972,-2.5192,-2.1321,-2.0011,-2.0163,-2.0772,-2.088,-1.97,-1.7015,-1.3275,-0.92189,-0.56248,-0.32154,-0.25018,-0.35377,-0.57125,-0.76947,-0.79397,-0.56346,-0.1366,0.35379,0.78036,1.0582,1.1387,1.0096,0.70655,0.31535,-0.051782,-0.2943,-0.36426,-0.25701,-0.018686,0.28722,0.57658,0.78056,0.86528,0.83455,0.73791,0.64478,0.60747,0.63185,0.67524,0.67618,0.59382,0.42629,0.20495,-0.0082256,-0.13552,-0.10951,0.086207,0.38851,0.67524,0.82199,0.76009,0.50163,0.1328,-0.22082,-0.45442,-0.53706,-0.51887,-0.47564,-0.45391,-0.44847,-0.4128,-0.29311,-0.067286,0.23739,0.57073,0.88109,1.134,1.3153
-1.563,-1.789,-1.7515,-1.6637,-1.7682,-2.2079,-2.8911,-3.4433,-3.4354,-2.9298,-2.3808,-2.0417,-1.9093,-1.8994,-1.9259,-1.9056,-1.7704,-1.5019,-1.1394,-0.7501,-0.40792,-0.18416,-0.13094,-0.25727,-0.49913,-0.72093,-0.7628,-0.53744,-0.10696,0.38116,0.80177,1.0589,1.1112,0.94615,0.6119,0.19526,-0.1831,-0.42812,-0.492,-0.3782,-0.13079,0.17742,0.46468,0.66245,0.73447,0.69029,0.58144,0.48043,0.44641,0.49027,0.56902,0.61904,0.594,0.48419,0.31913,0.15495,0.063783,0.10917,0.30889,0.60732,0.8905,1.0382,0.97741,0.70975,0.31003,-0.09897,-0.39663,-0.53223,-0.53642,-0.48473,-0.43458,-0.39453,-0.33127,-0.20104,0.015434,0.30153,0.60791,0.89073,1.121,1.2877
-1.5152,-1.6333,-1.5143,-1.3911,-1.4715,-1.8541,-2.4325,-2.9034,-2.9548,-2.6096,-2.1861,-1.8963,-1.756,-1.7079,-1.6838,-1.6197,-1.4667,-1.2117,-0.88213,-0.53143,-0.22615,-0.03535,-0.011263,-0.16258,-0.42267,-0.65222,-0.68483,-0.45293,-0.027025,0.4411,0.82478,1.0459,1.0585,0.8656,0.51253,0.094256,-0.2793,-0.52337,-0.58786,-0.48132,-0.24138,0.052312,0.32472,0.50857,0.56546,0.51214,0.39899,0.30283,0.28936,0.36563,0.48534,0.57841,0.59532,0.52638,0.40059,0.27391,0.21409,0.28018,0.49082,0.79946,1.0981,1.2699,1.2374,0.99191,0.59441,0.1565,-0.20182,-0.40136,-0.45052,-0.41316,-0.35193,-0.28973,-0.20851,-0.074775,0.12866,0.38576,0.66267,0.91909,1.1279,1.2778
-1.4451,-1.4976,-1.3292,-1.1841,-1.2456,-1.5863,-2.095,-2.5139,-2.6006,-2.3573,-2.0189,-1.7632,-1.6154,-1.5338,-1.4656,-1.366,-1.2007,-0.96052,-0.66393,-0.35194,-0.083196,0.076577,0.076186,-0.09123,-0.36001,-0.58817,-0.61387,-0.38033,0.029469,0.47438,0.82784,1.0231,1.0181,0.81751,0.46204,0.045881,-0.33056,-0.57681,-0.64971,-0.54742,-0.31887,-0.034834,0.22006,0.38034,0.41941,0.35105,0.23549,0.15474,0.1703,0.28338,0.43965,0.56206,0.60034,0.54932,0.44105,0.32999,0.28395,0.3628,0.58789,0.91359,1.2391,1.4466,1.4538,1.2435,0.86498,0.41888,0.027489,-0.22614,-0.32306,-0.31051,-0.2503,-0.1758,-0.083119,0.049814,0.23641,0.46878,0.71385,0.94058,1.1263,1.2612
-1.3004,-1.2894,-1.0731,-0.90569,-0.94523,-1.2381,-1.6738,-2.0434,-2.1689,-2.0354,-1.7923,-1.5753,-1.4155,-1.2877,-1.16,-1.013,-0.8343,-0.61751,-0.36812,-0.112,0.10352,0.21846,0.18275,-0.0094803,-0.29055,-0.51775,-0.54379,-0.31788,0.070826,0.48813,0.82068,0.99329,0.97457,0.76233,0.40731,-0.0017381,-0.3636,-0.59837,-0.67153,-0.58589,-0.38718,-0.14594,0.060903,0.17605,0.18112,0.10162,0.0074255,-0.023452,0.051081,0.21865,0.40537,0.53953,0.58258,0.53749,0.43814,0.34447,0.32277,0.4297,0.68451,1.0462,1.4144,1.6728,1.7374,1.5842,1.2509,0.82361,0.40888,0.10616,-0.05044,-0.086557,-0.054279,0.0090384,0.09591,0.21709,0.38001,0.57294,0.77965,0.96974,1.1233,1.2323
-1.0943,-1.0494,-0.80722,-0.62771,-0.65142,-0.91052,-1.3012,-1.6481,-1.8092,-1.7574,-1.5873,-1.4004,-1.2282,-1.0566,-0.87411,-0.68521,-0.49827,-0.30776,-0.10435,0.10125,0.26884,0.33978,0.26499,0.041196,-0.2579,-0.49062,-0.51696,-0.29783,0.079564,0.47649,0.78937,0.94527,0.91289,0.69861,0.35824,-0.024768,-0.356,-0.57165,-0.64119,-0.57685,-0.42141,-0.23952,-0.094271,-0.030296,-0.058459,-0.14325,-0.21741,-0.20593,-0.072354,0.14474,0.3669,0.51628,0.55694,0.50178,0.39723,0.30706,0.30087,0.43515,0.72746,1.1328,1.5541,1.8735,2.004,1.9161,1.6384,1.2443,0.83277,0.49234,0.27729,0.18598,0.18078,0.22237,0.29108,0.38572,0.5098,0.65998,0.81866,0.9693,1.0962,1.1901
-0.89973,-0.84901,-0.60224,-0.42079,-0.43852,-0.68354,-1.0598,-1.408,-1.5973,-1.5915,-1.4611,-1.2909,-1.1096,-0.90959,-0.69185,-0.47669,-0.28683,-0.11598,0.057315,0.23199,0.36956,0.4101,0.30573,0.057346,-0.25812,-0.49828,-0.52522,-0.31198,0.052378,0.43337,0.72905,0.87838,0.84881,0.65211,0.33649,-0.017531,-0.32581,-0.52961,-0.59988,-0.55198,-0.43039,-0.29318,-0.19797,-0.17838,-0.23406,-0.32561,-0.3813,-0.33237,-0.1554,0.096215,0.33503,0.4837,0.51259,0.44251,0.32923,0.24287,0.25492,0.41825,0.74385,1.1843,1.6399,1.996,2.1683,2.1264,1.8942,1.5369,1.1397,0.79222,0.54823,0.41632,0.37022,0.37676,0.4163,0.48454,0.58184,0.7007,0.83185,0.95651,1.0596,1.1337
-0.59118,-0.55659,-0.32213,-0.14834,-0.16692,-0.40925,-0.79133,-1.1644,-1.3975,-1.4391,-1.3442,-1.1875,-0.99552,-0.76621,-0.5105,-0.269,-0.077366,0.073904,0.21798,0.3613,0.46654,0.4729,0.33307,0.052926,-0.28806,-0.54501,-0.58664,-0.39285,-0.054682,0.30811,0.59768,0.75713,0.7572,0.60134,0.32885,0.015279,-0.26552,-0.45566,-0.53782,-0.52157,-0.44521,-0.36259,-0.32104,-0.34894,-0.43801,-0.53889,-0.57495,-0.48216,-0.25974,0.027782,0.27607,0.4117,0.41732,0.3259,0.20355,0.1274,0.16791,0.37169,0.74109,1.2212,1.7135,2.1101,2.331,2.346,2.1739,1.8688,1.506,1.1575,0.87927,0.69384,0.59262,0.55259,0.55334,0.58397,0.63982,0.71684,0.80574,0.89473,0.97374,1.0363
-0.3279,-0.32057,-0.10782,0.052711,0.026943,-0.22439,-0.62722,-1.0359,-1.3082,-1.3795,-1.3,-1.1469,-0.94803,-0.7019,-0.42597,-0.17121,0.022554,0.16657,0.29853,0.42717,0.51493,0.50067,0.33785,0.033734,-0.33036,-0.61009,-0.67684,-0.50586,-0.18409,0.17383,0.47367,0.65418,0.68627,0.56476,0.32651,0.03654,-0.22959,-0.41544,-0.50222,-0.50147,-0.45319,-0.40519,-0.39991,-0.4564,-0.55954,-0.65944,-0.68527,-0.57997,-0.34413,-0.050406,0.19967,0.32905,0.32007,0.21447,0.08532,0.020666,0.09283,0.33754,0.74123,1.2425,1.7473,2.1557,2.3967,2.4435,2.3122,2.0495,1.7161,1.3808,1.0934,0.87949,0.73867,0.65622,0.61667,0.61099,0.63512,0.68291,0.74815,0.82022,0.8877,0.94268
0.055877,0.01166,0.18141,0.316,0.27269,-0.0024595,-0.45086,-0.92644,-1.2618,-1.3688,-1.2996,-1.144,-0.93348,-0.67012,-0.37584,-0.10939,0.087394,0.22888,0.35604,0.477,0.55143,0.51701,0.32876,-0.0066948,-0.40572,-0.72777,-0.84027,-0.70545,-0.39895,-0.037066,0.28514,0.5031,0.5806,0.50938,0.3169,0.058752,-0.19216,-0.38114,-0.47932,-0.50159,-0.48491,-0.47358,-0.50191,-0.57926,-0.6867,-0.7772,-0.78831,-0.67499,-0.44349,-0.1639,0.065699,0.1745,0.15061,0.038132,-0.077014,-0.10909,0.0068258,0.29362,0.72565,1.236,1.7371,2.1466,2.4052,2.4897,2.4112,2.2041,1.9185,1.6021,1.3021,1.0508,0.8612,0.72997,0.6462,0.59964,0.584,0.59662,0.62959,0.67672,0.73009,0.78245
0.46454,0.35687,0.47209,0.57211,0.50454,0.19647,-0.31115,-0.86969,-1.2796,-1.423,-1.3577,-1.1911,-0.96585,-0.68758,-0.38171,-0.10906,0.08953,0.2323,0.36255,0.48671,0.56011,0.51704,0.31168,-0.048588,-0.48246,-0.85041,-1.0148,-0.92411,-0.63828,-0.26914,0.083837,0.3505,0.48329,0.46737,0.3166,0.082387,-0.1689,-0.37579,-0.50599,-0.56262,-0.57258,-0.5782,-0.60737,-0.67331,-0.76331,-0.83575,-0.84116,-0.73968,-0.53646,-0.29084,-0.092511,-0.0077157,-0.045104,-0.15223,-0.24566,-0.2335,-0.060217,0.27541,0.72682,1.223,1.6915,2.0692,2.3174,2.4217,2.3885,2.2394,2.0036,1.7211,1.4285,1.1566,0.92523,0.74252,0.60807,0.51758,0.46592,0.44729,0.45689,0.48871,0.53558,0.59068
0.77906,0.61979,0.68836,0.75887,0.67005,0.33433,-0.22064,-0.84573,-1.3169,-1.4905,-1.4258,-1.2482,-1.0102,-0.72206,-0.41236,-0.13849,0.060216,0.2056,0.34291,0.47668,0.55816,0.51779,0.30711,-0.06743,-0.5253,-0.92739,-1.1313,-1.077,-0.81006,-0.43711,-0.056332,0.252,0.43521,0.46066,0.33357,0.096405,-0.17629,-0.41088,-0.56576,-0.63812,-0.66023,-0.66715,-0.69131,-0.74274,-0.80651,-0.8568,-0.85467,-0.76899,-0.59725,-0.39248,-0.22519,-0.15544,-0.19152,-0.28577,-0.34486,-0.2909,-0.080687,0.27453,0.72149,1.191,1.6187,1.9615,2.195,2.3107,2.3107,2.2045,2.0107,1.7533,1.4649,1.179,0.92251,0.71092,0.54789,0.43012,0.35291,0.31371,0.30685,0.32753,0.36936,0.4253
1.1983,0.96866,0.97132,0.99934,0.88092,0.51002,-0.10521,-0.81505,-1.3682,-1.5851,-1.5235,-1.3311,-1.0784,-0.7819,-0.47352,-0.20568,-0.0094995,0.1439,0.29906,0.4554,0.55886,0.53477,0.33007,-0.051286,-0.53342,-0.97723,-1.2324,-1.2233,-0.98134,-0.60401,-0.19442,0.16387,0.40377,0.47557,0.36792,0.11816,-0.1915,-0.47411,-0.6714,-0.77697,-0.81743,-0.83045,-0.84239,-0.86035,-0.87892,-0.88411,-0.85378,-0.77013,-0.63718,-0.47875,-0.3594,-0.32443,-0.37091,-0.44108,-0.45813,-0.34641,-0.083754,0.29641,0.72808,1.1447,1.4985,1.7717,1.9662,2.0865,2.1287,2.0834,1.9472,1.7319,1.4613,1.1685,0.8857,0.63642,0.43243,0.27631,0.16639,0.099987,0.074492,0.086121,0.12917,0.19619
1.6077,1.3087,1.2446,1.2289,1.082,0.6813,0.019362,-0.75875,-1.3843,-1.6468,-1.5954,-1.3965,-1.1363,-0.84071,-0.54406,-0.29106,-0.097872,0.071029,0.25554,0.44607,0.58137,0.58318,0.39666,0.023173,-0.46904,-0.94269,-1.2437,-1.2768,-1.0588,-0.67948,-0.24696,0.15011,0.42791,0.52868,0.42653,0.15823,-0.19676,-0.54051,-0.80342,-0.96257,-1.0322,-1.0466,-1.029,-0.99437,-0.95101,-0.89686,-0.83368,-0.75452,-0.65149,-0.54824,-0.47235,-0.45318,-0.48712,-0.52821,-0.49708,-0.34123,-0.051917,0.32729,0.72554,1.0781,1.3509,1.5489,1.6987,1.8185,1.8987,1.9114,1.8334,1.6598,1.4095,1.1154,0.81514,0.53894,0.30405,0.11609,-0.024712,-0.11719,-0.16279,-0.16354,-0.12428,-0.05218
1.9023,1.5534,1.4402,1.3919,1.2261,0.80925,0.12493,-0.68589,-1.3518,-1.648,-1.6139,-1.4214,-1.1647,-0.87783,-0.59601,-0.35732,-0.16462,0.022173,0.2364,0.45868,0.62208,0.64718,0.47915,0.1167,-0.3734,-0.85796,-1.184,-1.2457,-1.0477,-0.67291,-0.2253,0.19327,0.49315,0.60344,0.49514,0.19906,-0.19995,-0.59631,-0.91043,-1.1094,-1.2057,-1.2254,-1.1945,-1.1285,-1.037,-0.93576,-0.83396,-0.73418,-0.63673,-0.5506,-0.49718,-0.49362,-0.52733,-0.54898,-0.49216,-0.31375,-0.016553,0.35027,0.71583,1.0171,1.2301,1.3736,1.4917,1.613,1.7228,1.7777,1.7397,1.5949,1.3591,1.0664,0.75668,0.46286,0.20507,-0.0079296,-0.17257,-0.2863,-0.34752,-0.35379,-0.30935,-0.22389
2.2719,1.8608,1.6841,1.5939,1.4063,0.97814,0.28568,-0.53966,-1.2337,-1.5711,-1.5777,-1.4142,-1.1795,-0.91514,-0.65735,-0.43606,-0.23924,-0.022922,0.23463,0.50095,0.70407,0.76433,0.62641,0.2863,-0.18903,-0.6713,-1.0096,-1.0968,-0.92587,-0.56883,-0.12152,0.30494,0.6152,0.72394,0.59939,0.26546,-0.18695,-0.64976,-1.034,-1.3013,-1.4518,-1.5022,-1.4664,-1.3562,-1.1951,-1.0128,-0.83936,-0.69269,-0.57992,-0.50295,-0.47249,-0.4879,-0.52385,-0.52871,-0.45081,-0.25526,0.042618,0.3862,0.7036,0.94039,1.0791,1.1573,1.2413,1.3695,1.5175,1.6221,1.6284,1.5142,1.2919,0.99672,0.67278,0.35858,0.07812,-0.15874,-0.34883,-0.48496,-0.56738,-0.59113,-0.55604,-0.4674
2.5279,2.073,1.8514,1.731,1.5302,1.1014,0.41792,-0.39452,-1.089,-1.453,-1.5023,-1.3781,-1.1729,-0.9326,-0.69375,-0.48066,-0.27593,-0.036576,0.25137,0.54839,0.78049,0.86853,0.75701,0.44128,-0.013948,-0.48284,-0.81662,-0.91374,-0.76363,-0.42906,-0.0043569,0.40883,0.70769,0.80863,0.67198,0.32172,-0.1594,-0.6663,-1.1097,-1.4418,-1.648,-1.7293,-1.6901,-1.5453,-1.3283,-1.0824,-0.85348,-0.66849,-0.53332,-0.45751,-0.43261,-0.4462,-0.4704,-0.46469,-0.37522,-0.18592,0.087453,0.3952,0.67279,0.86849,0.96966,1.0221,1.0988,1.2394,1.4125,1.544,1.5712,1.4693,1.2502,0.94982,0.61349,0.28167,-0.018941,-0.27541,-0.482,-0.63659,-0.72801,-0.75212,-0.711,-0.61441
2.8363,2.3268,2.0489,1.8911,1.6759,1.2554,0.60171,-0.16742,-0.83704,-1.2304,-1.3492,-1.2973,-1.1487,-0.94712,-0.73048,-0.52059,-0.29787,-0.026485,0.2968,0.62815,0.89484,1.0196,0.94702,0.67176,0.25193,-0.19113,-0.51427,-0.62387,-0.50679,-0.21431,0.1677,0.54817,0.82261,0.90674,0.75327,0.38477,-0.12528,-0.67723,-1.1869,-1.6002,-1.888,-2.0264,-2.0038,-1.829,-1.541,-1.212,-0.8986,-0.64114,-0.46324,-0.35949,-0.32702,-0.34437,-0.37332,-0.36348,-0.28366,-0.11328,0.13015,0.3993,0.63463,0.78969,0.8631,0.90326,0.9873,1.1503,1.3491,1.4999,1.5369,1.433,1.2025,0.88392,0.52601,0.17296,-0.14648,-0.42014,-0.64452,-0.81144,-0.92056,-0.95915,-0.92246,-0.81556
3.1029,2.5427,2.2123,2.0196,1.7927,1.3885,0.78043,0.07609,-0.54888,-0.96487,-1.1624,-1.198,-1.118,-0.95811,-0.75667,-0.53749,-0.28885,0.013,0.36368,0.72011,1.0145,1.1735,1.1418,0.90933,0.52811,0.11244,-0.20525,-0.33194,-0.25349,-0.011247,0.3243,0.66198,0.90408,0.96133,0.79016,0.40678,-0.11593,-0.68947,-1.2411,-1.7243,-2.0967,-2.3112,-2.3176,-2.1087,-1.7478,-1.3228,-0.92675,-0.6129,-0.3955,-0.28042,-0.24417,-0.25481,-0.27301,-0.26292,-0.18644,-0.038039,0.16633,0.38909,0.58344,0.71738,0.78777,0.84775,0.96459,1.1577,1.3725,1.523,1.545,1.4207,1.1626,0.81183,0.42099,0.039295,-0.30038,-0.58478,-0.81273,-0.98525,-1.0919,-1.127,-1.0862,-0.97388
3.2734,2.6773,2.3099,2.0921,1.8571,1.4679,0.8998,0.25245,-0.33233,-0.76093,-1.0187,-1.1246,-1.0986,-0.96833,-0.77137,-0.53569,-0.26295,0.058954,0.42289,0.79021,1.0991,1.2793,1.2748,1.0708,0.71731,0.32211,0.010541,-0.12988,-0.081016,0.11934,0.41102,0.70748,0.91534,0.94933,0.76848,0.3866,-0.12978,-0.70482,-1.2753,-1.7986,-2.2248,-2.4844,-2.5074,-2.2795,-1.8713,-1.3964,-0.95573,-0.60616,-0.36632,-0.23382,-0.18549,-0.18902,-0.20591,-0.19701,-0.13519,-0.011189,0.16428,0.36094,0.53935,0.66922,0.75998,0.85635,1.0099,1.2218,1.4314,1.5602,1.5573,1.4022,1.1169,0.74234,0.32997,-0.071026,-0.42577,-0.71904,-0.94958,-1.1151,-1.22,-1.2513,-1.2025,-1.0773
3.46,2.8181,2.4039,2.1531,1.907,1.5371,1.0254,0.45648,-0.071199,-0.51209,-0.84566,-1.0434,-1.0877,-0.98971,-0.78653,-0.51814,-0.20873,0.13508,0.50485,0.87397,1.1919,1.392,1.4164,1.2461,0.92801,0.56036,0.25778,0.097264,0.097837,0.23342,0.45418,0.68866,0.84833,0.85543,0.66892,0.30406,-0.18637,-0.74226,-1.3181,-1.8738,-2.3475,-2.6468,-2.6783,-2.4246,-1.9702,-1.4497,-0.97105,-0.5931,-0.3364,-0.19447,-0.14459,-0.15042,-0.16989,-0.16666,-0.11611,-0.011458,0.1378,0.30934,0.47638,0.62153,0.75439,0.90794,1.1075,1.334,1.5267,1.6194,1.57,1.3709,1.0416,0.62286,0.16908,-0.26404,-0.63485,-0.92591,-1.1403,-1.2885,-1.3693,-1.3818,-1.3207,-1.1868
3.5684,2.8933,2.4455,2.1699,1.9138,1.5564,1.0854,0.5742,0.088468,-0.35753,-0.74123,-1.003,-1.0943,-1.0124,-0.79549,-0.49514,-0.15772,0.19595,0.56051,0.92089,1.2362,1.4439,1.4851,1.3386,1.0447,0.69568,0.39746,0.2181,0.17586,0.25691,0.42155,0.60887,0.73654,0.72753,0.5418,0.19374,-0.26938,-0.79543,-1.3526,-1.9036,-2.3866,-2.6952,-2.7262,-2.4566,-1.9814,-1.4422,-0.95392,-0.57641,-0.32409,-0.19157,-0.15031,-0.1611,-0.18312,-0.18519,-0.14307,-0.051695,0.083454,0.24685,0.41891,0.58878,0.76155,0.96034,1.1928,1.4265,1.6,1.656,1.564,1.3223,0.95367,0.50105,0.020798,-0.42892,-0.80498,-1.0909,-1.2927,-1.4218,-1.4853,-1.4783,-1.3969,-1.2451
3.6701,2.9521,2.4612,2.1515,1.8781,1.5322,1.1097,0.67094,0.23876,-0.20928,-0.64897,-0.98479,-1.1284,-1.0565,-0.80858,-0.45984,-0.088193,0.27007,0.61718,0.95515,1.2567,1.4654,1.5222,1.4023,1.1359,0.80475,0.50188,0.29023,0.19069,0.20081,0.29396,0.4179,0.49946,0.4673,0.28869,-0.021576,-0.42311,-0.88399,-1.3844,-1.898,-2.3581,-2.648,-2.6582,-2.3714,-1.8909,-1.3688,-0.90906,-0.5611,-0.33712,-0.22289,-0.19543,-0.22003,-0.25794,-0.27447,-0.2505,-0.1755,-0.049594,0.11925,0.31924,0.53962,0.78404,1.0487,1.3144,1.5379,1.667,1.6624,1.5071,1.2086,0.79292,0.30254,-0.20658,-0.67425,-1.0535,-1.3259,-1.501,-1.5969,-1.6267,-1.5903,-1.4837,-1.3087
3.7222,2.9629,2.431,2.0858,1.7888,1.4457,1.0639,0.68984,0.30951,-0.13415,-0.61676,-1.0109,-1.1939,-1.1201,-0.83177,-0.43321,-0.032927,0.32099,0.64161,0.94903,1.2284,1.429,1.4931,1.392,1.1464,0.82408,0.50741,0.25826,0.10529,0.047744,0.069918,0.12864,0.16051,0.11044,-0.044072,-0.28999,-0.60239,-0.97321,-1.396,-1.848,-2.2517,-2.4915,-2.4594,-2.1552,-1.6951,-1.216,-0.81517,-0.5294,-0.35712,-0.28915,-0.29808,-0.35087,-0.41157,-0.45158,-0.44354,-0.37779,-0.24965,-0.060337,0.18395,0.47447,0.79356,1.1189,1.4101,1.6173,1.697,1.6258,1.4035,1.0466,0.58485,0.062128,-0.46597,-0.93966,-1.3122,-1.5659,-1.7119,-1.7723,-1.7632,-1.6862,-1.5412,-1.3357
3.7289,2.9396,2.3787,2.0058,1.6867,1.3395,0.9818,0.65213,0.30991,-0.12564,-0.63119,-1.06,-1.263,-1.1809,-0.85961,-0.42502,-0.0078635,0.33793,0.63448,0.91416,1.1718,1.362,1.4275,1.3358,1.1018,0.78416,0.45634,0.17806,-0.020395,-0.13328,-0.1681,-0.1569,-0.15116,-0.1984,-0.31877,-0.50491,-0.7453,-1.0392,-1.3924,-1.775,-2.1142,-2.2945,-2.2293,-1.9286,-1.5016,-1.0755,-0.73284,-0.50272,-0.38161,-0.35272,-0.39354,-0.47547,-0.56582,-0.63038,-0.64722,-0.59493,-0.46012,-0.23903,0.060008,0.41431,0.79999,1.1681,1.4671,1.6492,1.6829,1.5585,1.2851,0.88877,0.40173,-0.13441,-0.66796,-1.1413,-1.5064,-1.7429,-1.8626,-1.8913,-1.8489,-1.7455,-1.5824,-1.3627
3.6954,2.8679,2.2705,1.8602,1.5056,1.1444,0.81049,0.53548,0.2448,-0.17188,-0.69523,-1.1566,-1.3764,-1.2767,-0.91091,-0.43456,-0.0019064,0.32807,0.58771,0.82522,1.0491,1.2207,1.283,1.2003,0.97945,0.66828,0.32817,0.010081,-0.25486,-0.44495,-0.55492,-0.60082,-0.61909,-0.65011,-0.70978,-0.79649,-0.9173,-1.0921,-1.3337,-1.6135,-1.8589,-1.9626,-1.8593,-1.5724,-1.1997,-0.85742,-0.60517,-0.46017,-0.41663,-0.45259,-0.55152,-0.68754,-0.82707,-0.93655,-0.98071,-0.93413,-0.77946,-0.51069,-0.13778,0.31055,0.77583,1.1962,1.5056,1.6562,1.629,1.4326,1.0947,0.64915,0.13346,-0.41284,-0.94377,-1.4073,-1.7579,-1.9746,-2.0661,-2.0581,-1.9721,-1.8199,-1.609,-1.3507
3.6146,2.7518,2.1218,1.6742,1.2787,0.89331,0.57564,0.35211,0.11614,-0.27219,-0.79837,-1.2771,-1.5022,-1.381,-0.97667,-0.46754,-0.028236,0.27911,0.49834,0.69281,0.88187,1.0331,1.0912,1.0159,0.80744,0.50062,0.14694,-0.2086,-0.53057,-0.78911,-0.96518,-1.0608,-1.0994,-1.1039,-1.0835,-1.0475,-1.0306,-1.0804,-1.2114,-1.3982,-1.5573,-1.6022,-1.4714,-1.1967,-0.88036,-0.61221,-0.44958,-0.39938,-0.44096,-0.55677,-0.72284,-0.9176,-1.1139,-1.2759,-1.363,-1.3334,-1.154,-0.81494,-0.3414,0.20511,0.75034,1.2058,1.5042,1.6097,1.52,1.2592,0.86574,0.38425,-0.14648,-0.69138,-1.2118,-1.6615,-1.9963,-2.1924,-2.2547,-2.2059,-2.0724,-1.874,-1.6251,-1.3394
3.524,2.6372,1.9865,1.5125,1.084,0.67567,0.36531,0.17903,-0.012953,-0.37348,-0.89216,-1.3719,-1.5924,-1.4542,-1.0262,-0.50138,-0.065324,0.22046,0.40801,0.57019,0.73407,0.87166,0.92861,0.8611,0.66382,0.3628,0.0016877,-0.37688,-0.73353,-1.0356,-1.254,-1.3787,-1.4195,-1.3868,-1.2942,-1.17,-1.0688,-1.0406,-1.1024,-1.219,-1.3157,-1.3118,-1.1664,-0.91474,-0.64469,-0.43802,-0.33879,-0.34943,-0.45152,-0.61974,-0.83525,-1.0792,-1.3243,-1.5294,-1.6459,-1.621,-1.4169,-1.0274,-0.48904,0.1219,0.70976,1.1822,1.4706,1.5449,1.4126,1.1092,0.68363,0.18274,-0.35161,-0.88853,-1.3972,-1.838,-2.1672,-2.3544,-2.3972,-2.3199,-2.1488,-1.9096,-1.6229,-1.3065
3.3653,2.4506,1.7789,1.2746,0.80263,0.35902,0.05381,-0.083179,-0.21357,-0.52936,-1.023,-1.4861,-1.6875,-1.5255,-1.0774,-0.54791,-0.12845,0.12429,0.27083,0.39328,0.52705,0.64916,0.70668,0.65603,0.48225,0.20081,-0.15852,-0.55752,-0.95275,-1.2986,-1.5533,-1.6925,-1.7119,-1.6211,-1.4421,-1.2267,-1.0386,-0.93091,-0.91389,-0.95299,-0.98362,-0.93458,-0.7822,-0.56149,-0.34604,-0.20851,-0.18058,-0.26175,-0.43279,-0.66909,-0.95202,-1.2605,-1.5651,-1.8219,-1.973,-1.9516,-1.7103,-1.25,-0.63147,0.042672,0.66048,1.1248,1.3783,1.4059,1.2284,0.88946,0.44048,-0.065209,-0.5936,-1.1199,-1.6179,-2.0489,-2.3666,-2.5361,-2.5512,-2.4332,-2.214,-1.9276,-1.6015,-1.2583
3.2195,2.288,1.6067,1.0852,0.5835,0.11258,-0.19042,-0.29037,-0.37352,-0.65069,-1.1147,-1.5515,-1.7288,-1.5476,-1.0932,-0.57294,-0.17445,0.051573,0.17058,0.26819,0.38279,0.4946,0.55391,0.51792,0.36889,0.11173,-0.23319,-0.63376,-1.0427,-1.4022,-1.663,-1.7927,-1.785,-1.653,-1.4281,-1.1664,-0.93764,-0.79417,-0.74273,-0.74884,-0.74846,-0.68184,-0.52756,-0.32207,-0.13836,-0.038553,-0.055124,-0.18358,-0.39807,-0.67745,-0.99662,-1.3366,-1.671,-1.9552,-2.1217,-2.1015,-1.8438,-1.3534,-0.70211,-0.0092029,0.61124,1.0611,1.2873,1.2826,1.0766,0.72033,0.27085,-0.22751,-0.7406,-1.2495,-1.7342,-2.1597,-2.4768,-2.6422,-2.6415,-2.4943,-2.2423,-1.9252,-1.5744,-1.2113
2.9922,2.0449,1.3613,0.82721,0.29399,-0.20927,-0.50895,-0.56082,-0.58127,-0.8017,-1.213,-1.5974,-1.7283,-1.5201,-1.0672,-0.57313,-0.21247,-0.025088,0.059954,0.12978,0.22378,0.32647,0.39417,0.38401,0.27583,0.060067,-0.25243,-0.63411,-1.0282,-1.368,-1.5978,-1.6859,-1.6347,-1.4643,-1.2161,-0.94305,-0.71149,-0.56156,-0.49667,-0.47996,-0.45441,-0.37362,-0.22589,-0.047583,0.097829,0.15692,0.10508,-0.053956,-0.30099,-0.61001,-0.96286,-1.3379,-1.7026,-2.0061,-2.1795,-2.1467,-1.8652,-1.3561,-0.70509,-0.028137,0.55067,0.94835,1.125,1.0855,0.86709,0.52206,0.099011,-0.35979,-0.83812,-1.3245,-1.799,-2.2218,-2.5378,-2.6984,-2.6847,-2.5139,-2.2308,-1.879,-1.4969,-1.1132
2.7315,1.7768,1.1041,0.57329,0.022978,-0.50181,-0.79442,-0.79952,-0.76043,-0.92237,-1.2718,-1.5896,-1.6617,-1.4239,-0.97767,-0.51797,-0.20186,-0.056843,-0.0065152,0.037394,0.11536,0.21572,0.30011,0.32822,0.27019,0.10605,-0.165,-0.50917,-0.85902,-1.1397,-1.2955,-1.3137,-1.2162,-1.0355,-0.80846,-0.58244,-0.39834,-0.28403,-0.23414,-0.21816,-0.19001,-0.10997,0.025798,0.18162,0.30137,0.33517,0.26316,0.090102,-0.16613,-0.48388,-0.84211,-1.2166,-1.5744,-1.867,-2.03,-1.9986,-1.7338,-1.2545,-0.64346,-0.024392,0.49837,0.84174,0.97416,0.91105,0.6977,0.38661,0.022154,-0.38025,-0.80789,-1.2555,-1.7065,-2.1229,-2.4465,-2.6182,-2.6082,-2.4328,-2.1341,-1.7698,-1.3854,-1.0087
2.5169,1.5626,0.90778,0.39094,-0.15952,-0.68989,-0.97181,-0.94524,-0.86652,-0.98751,-1.2891,-1.5504,-1.5734,-1.3107,-0.8683,-0.43414,-0.15202,-0.039017,-0.014484,0.010462,0.077267,0.17681,0.27396,0.33166,0.31259,0.19191,-0.038925,-0.34201,-0.64659,-0.87008,-0.96068,-0.92163,-0.78694,-0.60274,-0.40736,-0.23392,-0.1081,-0.041954,-0.027028,-0.032923,-0.017835,0.050227,0.17404,0.31762,0.4249,0.45215,0.3775,0.20611,-0.042412,-0.35139,-0.69785,-1.0581,-1.3992,-1.6772,-1.8272,-1.7921,-1.5409,-1.0974,-0.54177,0.019764,0.47607,0.76296,0.86217,0.79835,0.61732,0.36195,0.05693,-0.28429,-0.66665,-1.0866,-1.524,-1.9363,-2.2638,-2.4487,-2.4589,-2.301,-2.0204,-1.6659,-1.2817,-0.90047
2.21,1.2645,0.64608,0.16399,-0.36749,-0.88761,-1.1487,-1.0856,-0.96487,-1.0393,-1.2794,-1.4666,-1.4217,-1.1212,-0.68013,-0.27475,-0.032969,0.041964,0.037079,0.040746,0.09271,0.18643,0.29233,0.37652,0.40087,0.336,0.17179,-0.058965,-0.28592,-0.42541,-0.43355,-0.32257,-0.14456,0.0391,0.18643,0.27976,0.31564,0.30111,0.25353,0.20324,0.18642,0.2279,0.32557,0.44611,0.53989,0.56583,0.50489,0.35783,0.13724,-0.1389,-0.45209,-0.77942,-1.0904,-1.3409,-1.4819,-1.46,-1.2474,-0.86474,-0.38342,0.093486,0.48124,0.7187,0.79662,0.74618,0.61341,0.43272,0.21688,-0.046816,-0.36238,-0.72985,-1.1322,-1.5311,-1.8694,-2.0858,-2.1392,-2.0287,-1.7862,-1.4639,-1.1106,-0.76009
1.8849,0.95739,0.3887,-0.041052,-0.53247,-1.0219,-1.2546,-1.1639,-1.017,-1.0573,-1.2457,-1.3647,-1.2553,-0.91477,-0.46723,-0.082303,0.12788,0.17315,0.14523,0.13066,0.16629,0.24691,0.34914,0.44343,0.49878,0.48184,0.38313,0.22917,0.089842,0.037503,0.10771,0.28042,0.49105,0.67161,0.77895,0.80085,0.75098,0.64994,0.52698,0.41438,0.34772,0.35148,0.42213,0.52585,0.61402,0.64578,0.60285,0.48607,0.30579,0.073546,-0.1964,-0.48428,-0.76098,-0.98867,-1.1174,-1.1053,-0.93012,-0.60954,-0.20433,0.20243,0.52513,0.72246,0.79848,0.79022,0.73531,0.64764,0.51612,0.32837,0.068093,-0.26138,-0.63882,-1.0257,-1.3699,-1.616,-1.7224,-1.6799,-1.5023,-1.2358,-0.92483,-0.60419
1.6336,0.72475,0.20077,-0.18061,-0.62983,-1.0842,-1.2927,-1.1888,-1.0328,-1.0583,-1.2166,-1.2925,-1.1393,-0.76909,-0.31157,0.067062,0.26175,0.28985,0.24622,0.21633,0.23571,0.30056,0.39265,0.48882,0.56104,0.57492,0.51816,0.41617,0.33757,0.34671,0.47185,0.68463,0.91686,1.1004,1.1896,1.1735,1.0681,0.90403,0.71758,0.54921,0.43729,0.40708,0.45569,0.54847,0.63542,0.67629,0.65087,0.56051,0.41399,0.21998,-0.013028,-0.27161,-0.5295,-0.74545,-0.87607,-0.8754,-0.72233,-0.43455,-0.069136,0.29699,0.59308,0.78268,0.87416,0.90224,0.8964,0.86124,0.78101,0.63372,0.41031,0.1144,-0.23602,-0.60864,-0.95806,-1.232,-1.3853,-1.3945,-1.2752,-1.0586,-0.78591,-0.49247
1.2941,0.41605,-0.041707,-0.34964,-0.73077,-1.1279,-1.3027,-1.1915,-1.0379,-1.0573,-1.1901,-1.2223,-1.0214,-0.6142,-0.13749,0.24445,0.43138,0.44571,0.38518,0.3343,0.32681,0.36189,0.4297,0.51774,0.60116,0.64779,0.63862,0.59926,0.58892,0.66842,0.85691,1.1187,1.3837,1.5805,1.6591,1.6077,1.4436,1.2052,0.94031,0.69765,0.52216,0.4398,0.45025,0.52259,0.60863,0.66677,0.67487,0.62734,0.52768,0.3796,0.18692,-0.03823,-0.2713,-0.47589,-0.60368,-0.61555,-0.49053,-0.24074,0.086168,0.42162,0.70383,0.90385,1.0309,1.1143,1.1719,1.1962,1.1637,1.0572,0.86629,0.59714,0.2679,-0.092795,-0.44628,-0.74626,-0.94809,-1.0258,-0.97264,-0.81732,-0.5976,-0.34809
1.0406,0.1886,-0.21677,-0.46653,-0.79118,-1.141,-1.2915,-1.1821,-1.0409,-1.0663,-1.1912,-1.2022,-0.9746,-0.5434,-0.049115,0.34234,0.53292,0.54617,0.47888,0.41359,0.38305,0.38859,0.42699,0.49494,0.57631,0.64087,0.66646,0.67061,0.70629,0.8293,1.0576,1.3535,1.6461,1.8584,1.9386,1.8695,1.6719,1.3878,1.07,0.77297,0.54711,0.42561,0.41198,0.47474,0.56341,0.6335,0.66175,0.64284,0.5767,0.46366,0.3004,0.094162,-0.13044,-0.33213,-0.46347,-0.48001,-0.36109,-0.12097,0.19288,0.52018,0.80191,1.0172,1.1758,1.2981,1.3901,1.4389,1.4261,1.3328,1.1581,0.90866,0.59869,0.25007,-0.10494,-0.42389,-0.66135,-0.78035,-0.77739,-0.66594,-0.47797,-0.24851
0.7103,-0.10547,-0.44161,-0.61422,-0.86171,-1.1469,-1.2686,-1.1727,-1.0612,-1.1092,-1.2391,-1.2373,-0.98513,-0.52707,-0.0079733,0.40537,0.61434,0.63917,0.57136,0.48945,0.4255,0.38368,0.36979,0.39655,0.46363,0.54368,0.60901,0.66238,0.74818,0.91887,1.1901,1.5283,1.8601,2.1041,2.2001,2.1257,1.8994,1.5663,1.1855,0.82021,0.52968,0.35851,0.3153,0.36876,0.46461,0.55383,0.60899,0.62339,0.59596,0.51779,0.38365,0.19769,-0.015517,-0.21283,-0.34221,-0.36214,-0.25137,-0.01992,0.29136,0.62251,0.92664,1.1766,1.3738,1.531,1.6502,1.7182,1.7161,1.634,1.4702,1.232,0.93284,0.5916,0.23606,-0.095299,-0.35823,-0.51852,-0.55569,-0.48391,-0.33403,-0.14009
0.39539,-0.38474,-0.65795,-0.75827,-0.93143,-1.1548,-1.2554,-1.1833,-1.1155,-1.2023,-1.3545,-1.3557,-1.0916,-0.613,-0.067071,0.37858,0.62049,0.67024,0.61091,0.51616,0.4176,0.32369,0.25058,0.22723,0.26847,0.35088,0.43873,0.52555,0.64815,0.85641,1.167,1.5472,1.9226,2.2075,2.3318,2.2686,2.0294,1.6615,1.2277,0.80238,0.45638,0.24131,0.17118,0.21611,0.32002,0.43033,0.51681,0.56574,0.56858,0.51587,0.39668,0.21706,0.0063306,-0.18788,-0.31102,-0.31957,-0.19626,0.044411,0.36169,0.70645,1.0286,1.3054,1.533,1.714,1.8439,1.9105,1.9007,1.8131,1.6491,1.4165,1.1263,0.79391,0.44371,0.11081,-0.16292,-0.34127,-0.40462,-0.36017,-0.23345,-0.056691
0.17314,-0.58278,-0.81507,-0.86742,-0.9892,-1.1699,-1.2593,-1.2116,-1.1849,-1.3105,-1.4894,-1.5028,-1.2387,-0.74891,-0.18156,0.29412,0.56849,0.64454,0.59769,0.49737,0.37497,0.24289,0.12517,0.061493,0.076468,0.15148,0.24568,0.34669,0.48749,0.71509,1.0526,1.4659,1.8781,2.197,2.3476,2.2961,2.0542,1.6682,1.206,0.74482,0.36393,0.12239,0.041132,0.088994,0.20394,0.3294,0.43004,0.49222,0.50837,0.46494,0.3537,0.18048,-0.024643,-0.21172,-0.32561,-0.32483,-0.19333,0.05464,0.38094,0.73634,1.078,1.3779,1.6239,1.8111,1.9337,1.9848,1.9596,1.8578,1.6865,1.4538,1.169,0.84506,0.50338,0.17699,-0.093394,-0.27169,-0.33881,-0.30111,-0.18379,-0.017669
-0.10051,-0.8294,-1.0187,-1.0179,-1.0789,-1.21,-1.2901,-1.2815,-1.318,-1.5055,-1.732,-1.7751,-1.5221,-1.0234,-0.42705,0.093838,0.42015,0.54074,0.51934,0.42015,0.27499,0.099897,-0.073895,-0.19285,-0.21796,-0.15924,-0.064332,0.041256,0.1835,0.41644,0.77495,1.2313,1.7019,2.0776,2.2709,2.2386,1.9953,1.5917,1.1031,0.61153,0.2007,-0.061734,-0.15195,-0.099779,0.029551,0.17245,0.29047,0.36629,0.38956,0.3496,0.23896,0.068229,-0.12802,-0.29921,-0.39151,-0.36873,-0.21899,0.043312,0.38277,0.7532,1.1114,1.4255,1.6774,1.8584,1.9624,1.9855,1.928,1.7991,1.6078,1.3648,1.0807,0.76843,0.44784,0.1483,-0.095026,-0.25292,-0.30458,-0.26032,-0.14292,0.019518
-0.28656,-1.0001,-1.1671,-1.136,-1.1582,-1.2577,-1.3348,-1.359,-1.4472,-1.6854,-1.9552,-2.0302,-1.7937,-1.294,-0.67686,-0.11852,0.25266,0.41347,0.41852,0.32854,0.17564,-0.02296,-0.23271,-0.3902,-0.44499,-0.40151,-0.31257,-0.21693,-0.092396,0.12818,0.48824,0.97336,1.4885,1.9133,2.1438,2.1338,1.8949,1.4822,0.97689,0.46814,0.045714,-0.2206,-0.30724,-0.24645,-0.10545,0.04727,0.17181,0.24923,0.26863,0.22522,0.11391,-0.052854,-0.23944,-0.39317,-0.46659,-0.4223,-0.25266,0.023654,0.37079,0.74821,1.1113,1.4283,1.6765,1.8421,1.9186,1.9069,1.814,1.6538,1.442,1.1915,0.91233,0.6153,0.31755,0.045711,-0.16789,-0.29454,-0.32525,-0.26614,-0.13927,0.029105
-0.50716,-1.2067,-1.3582,-1.2996,-1.2814,-1.3463,-1.4234,-1.4926,-1.6505,-1.9597,-2.2925,-2.4192,-2.2169,-1.7243,-1.0822,-0.471,-0.03452,0.18652,0.23538,0.16866,0.018247,-0.19664,-0.43661,-0.63096,-0.71653,-0.69747,-0.63625,-0.57934,-0.50104,-0.31884,0.03731,0.55659,1.1332,1.6225,1.9029,1.9209,1.6874,1.266,0.74321,0.22085,-0.20342,-0.45818,-0.52311,-0.43905,-0.28269,-0.11957,0.00422,0.069678,0.074945,0.014568,-0.10127,-0.25263,-0.40679,-0.52369,-0.55912,-0.49133,-0.31124,-0.028899,0.3267,0.70946,1.0798,1.3939,1.6227,1.7524,1.7807,1.7128,1.5603,1.3467,1.0922,0.81759,0.539,0.26921,0.021892,-0.18465,-0.3291,-0.39732,-0.37658,-0.28265,-0.13707,0.036763
-0.69558,-1.3876,-1.5383,-1.4679,-1.4223,-1.4614,-1.5428,-1.6548,-1.8778,-2.2549,-2.65,-2.8331,-2.6751,-2.2005,-1.5403,-0.87874,-0.37705,-0.093806,0.0041307,-0.029264,-0.16071,-0.36862,-0.61103,-0.81318,-0.91117,-0.91255,-0.89152,-0.89671,-0.89627,-0.78505,-0.45531,0.086964,0.72239,1.2713,1.5964,1.6325,1.4005,0.97131,0.44503,-0.070607,-0.47646,-0.70075,-0.73433,-0.62781,-0.4583,-0.30145,-0.19206,-0.14153,-0.15362,-0.21556,-0.32453,-0.46097,-0.58946,-0.66821,-0.66844,-0.5655,-0.35917,-0.065508,0.2878,0.66714,1.0237,1.3179,1.5171,1.6017,1.5666,1.4211,1.1887,0.89774,0.58714,0.29,0.026948,-0.1941,-0.37016,-0.49478,-0.55675,-0.54487,-0.46777,-0.33237,-0.15834,0.033172
-0.81612,-1.5054,-1.6638,-1.5946,-1.5374,-1.5628,-1.6482,-1.7891,-2.0543,-2.4742,-2.9101,-3.1337,-3.0117,-2.558,-1.8918,-1.1992,-0.65462,-0.32903,-0.19458,-0.19744,-0.3029,-0.48866,-0.71344,-0.9038,-0.99707,-1.0061,-1.0104,-1.0668,-1.1418,-1.1081,-0.82928,-0.28655,0.38515,0.97869,1.3338,1.3831,1.1502,0.71497,0.18856,-0.31676,-0.69958,-0.89631,-0.90225,-0.77219,-0.59064,-0.43084,-0.33326,-0.30638,-0.33767,-0.41282,-0.51069,-0.61199,-0.69551,-0.73768,-0.71084,-0.60008,-0.39779,-0.11024,0.24018,0.61416,0.96515,1.2446,1.4146,1.4556,1.3656,1.1571,0.85463,0.49872,0.13527,-0.19098,-0.44884,-0.6267,-0.72819,-0.76206,-0.73541,-0.65536,-0.52387,-0.35707,-0.17033,0.022206
-0.95022,-1.6382,-1.816,-1.7603,-1.699,-1.7137,-1.8052,-1.9772,-2.2844,-2.7444,-3.218,-3.4835,-3.4077,-2.9894,-2.3299,-1.6142,-1.0299,-0.66163,-0.48545,-0.44531,-0.50411,-0.63882,-0.81076,-0.95683,-1.025,-1.0379,-1.0753,-1.203,-1.3856,-1.4737,-1.2891,-0.76853,-0.065981,0.57405,0.95974,1.019,0.77886,0.33287,-0.19655,-0.68449,-1.0277,-1.1722,-1.1283,-0.96275,-0.76695,-0.60992,-0.52931,-0.5258,-0.57464,-0.6477,-0.72006,-0.7772,-0.8106,-0.8091,-0.75851,-0.63989,-0.4403,-0.16019,0.18073,0.54289,0.87594,1.1247,1.2496,1.2303,1.0641,0.76269,0.35535,-0.10772,-0.55829,-0.9238,-1.1555,-1.2468,-1.2253,-1.1277,-0.98183,-0.80622,-0.60958,-0.40049,-0.1892,0.014869
-1.0567,-1.7425,-1.9467,-1.9169,-1.8648,-1.8783,-1.9765,-2.1684,-2.4977,-2.9718,-3.4572,-3.7443,-3.7034,-3.3243,-2.6898,-1.9773,-1.3808,-0.9926,-0.78998,-0.71309,-0.71947,-0.78396,-0.87433,-0.94463,-0.9673,-0.97626,-1.052,-1.2547,-1.546,-1.7614,-1.6775,-1.1992,-0.48683,0.17474,0.5723,0.62722,0.37298,-0.085628,-0.61686,-1.0835,-1.3808,-1.4613,-1.355,-1.1478,-0.93348,-0.78476,-0.72613,-0.74313,-0.8,-0.85327,-0.8806,-0.88116,-0.86322,-0.82881,-0.76579,-0.65351,-0.47344,-0.21858,0.098419,0.44154,0.75331,0.97656,1.0643,0.99033,0.7493,0.35332,-0.16525,-0.74658,-1.2961,-1.7066,-1.9025,-1.8814,-1.7056,-1.4539,-1.183,-0.91566,-0.66614,-0.43355,-0.21534,-0.0097427
-1.1205,-1.8023,-2.0286,-2.0248,-1.988,-2.0079,-2.1116,-2.3114,-2.6419,-3.1081,-3.5827,-3.8688,-3.8446,-3.4933,-2.8885,-2.1977,-1.6137,-1.2291,-1.0195,-0.92072,-0.88579,-0.88935,-0.90773,-0.91081,-0.89119,-0.89152,-0.99183,-1.2463,-1.6132,-1.9184,-1.9148,-1.4813,-0.78041,-0.11846,0.27595,0.3203,0.053358,-0.4155,-0.94198,-1.3885,-1.6493,-1.689,-1.543,-1.3014,-1.0667,-0.90734,-0.85077,-0.87767,-0.93507,-0.97446,-0.96576,-0.91864,-0.86105,-0.80794,-0.74965,-0.66039,-0.50893,-0.27803,0.02203,0.34929,0.64681,0.84933,0.90964,0.80169,0.51653,0.06057,-0.53501,-1.2052,-1.8325,-2.2727,-2.4277,-2.3104,-2.0204,-1.6644,-1.31,-0.98905,-0.70079,-0.44408,-0.21599,-0.013741
-1.1868,-1.8577,-2.1139,-2.1512,-2.1461,-2.1849,-2.2998,-2.5007,-2.8149,-3.2467,-3.6817,-3.9444,-3.9258,-3.6059,-3.0494,-2.4119,-1.8753,-1.5234,-1.3236,-1.2032,-1.1105,-1.0246,-0.93845,-0.84931,-0.77253,-0.76168,-0.89118,-1.2039,-1.6506,-2.0562,-2.1538,-1.794,-1.1321,-0.48927,-0.11203,-0.090335,-0.38196,-0.86813,-1.3938,-1.8144,-2.0278,-2.0063,-1.8001,-1.5091,-1.2399,-1.065,-1.0046,-1.0281,-1.0717,-1.0725,-1.0111,-0.91509,-0.82677,-0.76697,-0.72493,-0.66688,-0.55592,-0.36774,-0.10488,0.19626,0.47221,0.65507,0.6909,0.54902,0.21828,-0.29716,-0.97278,-1.7338,-2.4415,-2.9109,-3.0106,-2.7675,-2.3311,-1.8507,-1.4111,-1.0358,-0.726,-0.46773,-0.24597,-0.0487
-1.224,-1.8815,-2.1586,-2.2304,-2.2577,-2.3202,-2.4475,-2.6451,-2.9363,-3.3265,-3.7161,-3.948,-3.9213,-3.6181,-3.0983,-2.5119,-2.0292,-1.7209,-1.5434,-1.4156,-1.2824,-1.1283,-0.96162,-0.80261,-0.68371,-0.66423,-0.81281,-1.1614,-1.6557,-2.1209,-2.2832,-1.983,-1.3644,-0.75125,-0.39644,-0.39382,-0.70336,-1.2024,-1.7347,-2.1459,-2.3313,-2.2625,-2.0032,-1.6672,-1.3647,-1.1712,-1.1005,-1.1132,-1.1392,-1.1097,-1.0115,-0.88437,-0.78091,-0.72379,-0.70368,-0.67984,-0.60702,-0.45404,-0.22043,0.058064,0.31645,0.48566,0.51272,0.36541,0.026519,-0.50808,-1.2148,-2.0224,-2.7749,-3.253,-3.3056,-2.9828,-2.4713,-1.9362,-1.4604,-1.0685,-0.74711,-0.48043,-0.25537,-0.062972
-1.2596,-1.8908,-2.1914,-2.3128,-2.394,-2.5022,-2.655,-2.8482,-3.099,-3.4213,-3.7381,-3.9163,-3.8666,-3.5721,-3.0935,-2.577,-2.1765,-1.9418,-1.81,-1.6859,-1.5087,-1.2704,-1.0027,-0.75416,-0.58102,-0.54699,-0.71241,-1.0973,-1.6423,-2.1663,-2.4008,-2.179,-1.6304,-1.0741,-0.76212,-0.78916,-1.1179,-1.6294,-2.1677,-2.576,-2.7377,-2.6256,-2.304,-1.8999,-1.5399,-1.2987,-1.1943,-1.1824,-1.1795,-1.1205,-0.99034,-0.83759,-0.72349,-0.6786,-0.68529,-0.70488,-0.68658,-0.58934,-0.40191,-0.15653,0.085584,0.25096,0.27997,0.1362,-0.19869,-0.72868,-1.436,-2.2429,-2.9875,-3.445,-3.4622,-3.095,-2.5404,-1.9725,-1.4791,-1.0817,-0.76568,-0.51354,-0.30562,-0.12602
-1.2814,-1.8768,-2.1943,-2.3661,-2.5122,-2.6833,-2.8762,-3.069,-3.2764,-3.5241,-3.7627,-3.8827,-3.7997,-3.4979,-3.0454,-2.5882,-2.2675,-2.1122,-2.0372,-1.9282,-1.7165,-1.4046,-1.0489,-0.72396,-0.5055,-0.45877,-0.63368,-1.0398,-1.6093,-2.1621,-2.4478,-2.3024,-1.8398,-1.3556,-1.0963,-1.157,-1.5053,-2.0298,-2.5742,-2.9844,-3.1346,-2.9897,-2.6142,-2.1446,-1.7198,-1.4251,-1.2754,-1.2237,-1.1878,-1.097,-0.94652,-0.78954,-0.68707,-0.66319,-0.70504,-0.76501,-0.78898,-0.73441,-0.58839,-0.37447,-0.15436,0.0049292,0.048255,-0.062341,-0.3523,-0.83414,-1.4884,-2.2477,-2.9549,-3.3866,-3.3914,-3.0273,-2.4905,-1.9496,-1.4851,-1.1067,-0.81339,-0.57583,-0.37345,-0.19327
-1.2903,-1.8528,-2.1778,-2.3865,-2.5871,-2.8166,-3.0501,-3.249,-3.4254,-3.6175,-3.7992,-3.8761,-3.7649,-3.4483,-3.0034,-2.5786,-2.3087,-2.2081,-2.1755,-2.0814,-1.85,-1.4915,-1.0809,-0.71258,-0.468,-0.41429,-0.59345,-1.0061,-1.5746,-2.1288,-2.4342,-2.3405,-1.9507,-1.53,-1.3132,-1.3995,-1.7636,-2.2997,-2.8592,-3.2809,-3.4344,-3.2633,-2.8422,-2.3212,-1.8456,-1.5093,-1.3248,-1.2433,-1.1835,-1.0801,-0.92735,-0.77594,-0.68382,-0.67616,-0.73559,-0.82012,-0.87539,-0.8537,-0.73427,-0.53974,-0.32135,-0.15113,-0.089213,-0.17511,-0.43138,-0.86557,-1.4624,-2.1494,-2.7845,-3.1788,-3.2049,-2.9016,-2.4264,-1.9285,-1.4894,-1.1361,-0.85072,-0.62179,-0.43242,-0.26822
-1.2939,-1.8057,-2.1339,-2.3886,-2.6662,-2.9871,-3.2912,-3.5106,-3.6513,-3.7747,-3.8872,-3.9098,-3.7577,-3.4139,-2.9636,-2.5629,-2.3408,-2.2967,-2.3119,-2.2398,-1.9945,-1.5918,-1.1257,-0.71063,-0.43643,-0.37142,-0.54988,-0.96015,-1.517,-2.058,-2.3701,-2.3326,-2.0306,-1.6989,-1.5454,-1.6668,-2.0458,-2.5891,-3.167,-3.6172,-3.7899,-3.6111,-3.1458,-2.5594,-2.0176,-1.6177,-1.3794,-1.2565,-1.1712,-1.0605,-0.91825,-0.78924,-0.72344,-0.73906,-0.82006,-0.92216,-0.99438,-0.99298,-0.89672,-0.71617,-0.505,-0.32405,-0.2304,-0.26527,-0.45483,-0.80986,-1.3124,-1.904,-2.4644,-2.8327,-2.8956,-2.6737,-2.2928,-1.8809,-1.5105,-1.1973,-0.94664,-0.73721,-0.55262,-0.38204
-1.2921,-1.7614,-2.0869,-2.3724,-2.7092,-3.1059,-3.4763,-3.7212,-3.8419,-3.9202,-3.9874,-3.9735,-3.7898,-3.4201,-2.956,-2.5584,-2.3541,-2.3358,-2.3762,-2.3204,-2.0755,-1.6565,-1.1636,-0.71914,-0.42522,-0.34866,-0.51976,-0.91891,-1.4594,-1.9796,-2.2892,-2.2862,-2.0475,-1.7832,-1.6788,-1.8246,-2.2074,-2.7523,-3.3337,-3.8016,-3.9924,-3.8226,-3.3429,-2.7224,-2.1382,-1.6955,-1.4181,-1.2656,-1.1661,-1.0595,-0.93529,-0.82865,-0.78258,-0.81264,-0.90319,-1.0127,-1.09,-1.09,-0.99101,-0.80747,-0.58491,-0.38785,-0.27264,-0.27858,-0.42884,-0.73056,-1.1691,-1.6863,-2.1808,-2.5254,-2.6292,-2.4956,-2.2092,-1.8697,-1.5443,-1.2665,-1.0265,-0.82148,-0.64218,-0.48015
-1.2853,-1.6931,-2.0091,-2.329,-2.7428,-3.2472,-3.7195,-4.013,-4.1188,-4.1504,-4.1702,-4.1155,-3.8911,-3.4804,-2.9844,-2.5729,-2.3692,-2.3593,-2.4117,-2.3687,-2.1329,-1.7132,-1.2086,-0.7453,-0.43376,-0.34135,-0.49482,-0.86513,-1.3641,-1.8409,-2.1389,-2.1757,-2.0176,-1.8319,-1.7828,-1.9541,-2.3474,-2.8985,-3.4933,-3.98,-4.1904,-4.0239,-3.5301,-2.882,-2.2615,-1.7795,-1.4637,-1.2803,-1.1683,-1.0738,-0.98353,-0.91855,-0.9059,-0.95389,-1.0444,-1.141,-1.2002,-1.1817,-1.0641,-0.8577,-0.61272,-0.38957,-0.24515,-0.2173,-0.32506,-0.57142,-0.93722,-1.3801,-1.8195,-2.1559,-2.3108,-2.2718,-2.0928,-1.85,-1.6007,-1.3686,-1.1632,-0.9777,-0.80343,-0.63428
-1.2754,-1.6178,-1.917,-2.2634,-2.7461,-3.3581,-3.9412,-4.2989,-4.4061,-4.4109,-4.4043,-4.3225,-4.061,-3.6036,-3.0616,-2.6169,-2.3904,-2.3628,-2.4028,-2.3589,-2.1363,-1.7367,-1.2475,-0.79047,-0.47236,-0.36426,-0.48993,-0.81826,-1.2594,-1.683,-1.9582,-2.0228,-1.9291,-1.8113,-1.8106,-2.0082,-2.4126,-2.964,-3.5619,-4.0506,-4.268,-4.1046,-3.6136,-2.9661,-2.3362,-1.837,-1.4977,-1.2946,-1.1802,-1.1082,-1.06,-1.0401,-1.0604,-1.1207,-1.2041,-1.2775,-1.2997,-1.234,-1.0649,-0.81269,-0.52935,-0.28237,-0.12536,-0.087816,-0.17908,-0.39464,-0.71633,-1.1046,-1.4988,-1.8257,-2.0249,-2.0765,-2.0056,-1.8597,-1.6816,-1.4954,-1.3156,-1.1389,-0.96298,-0.78697
-1.2674,-1.5589,-1.8414,-2.2001,-2.727,-3.4135,-4.0795,-4.4915,-4.6121,-4.6126,-4.604,-4.5162,-4.2331,-3.7384,-3.1539,-2.6709,-2.4121,-2.357,-2.3769,-2.3273,-2.1177,-1.7432,-1.2779,-0.83438,-0.51626,-0.39549,-0.49485,-0.78574,-1.1809,-1.5636,-1.8192,-1.897,-1.8421,-1.7706,-1.8043,-2.0198,-2.4228,-2.9641,-3.5405,-4.0138,-4.2247,-4.0789,-3.6137,-2.9849,-2.3632,-1.8585,-1.5084,-1.2987,-1.1896,-1.1426,-1.1311,-1.147,-1.1903,-1.2558,-1.3247,-1.37,-1.3548,-1.2453,-1.0299,-0.73487,-0.41757,-0.15037,0.01277,0.047572,-0.046886,-0.25833,-0.56405,-0.92853,-1.3037,-1.6313,-1.8601,-1.9652,-1.9564,-1.8671,-1.7335,-1.5811,-1.4172,-1.2499,-1.0801,-0.90759
-1.2578,-1.48,-1.735,-2.1004,-2.6721,-3.4419,-4.2079,-4.6943,-4.8492,-4.8708,-4.888,-4.8172,-4.518,-3.9743,-3.3242,-2.7726,-2.4505,-2.3415,-2.3241,-2.2644,-2.0758,-1.7432,-1.3206,-0.90397,-0.59135,-0.45326,-0.51599,-0.75238,-1.0875,-1.4183,-1.6503,-1.7406,-1.7223,-1.692,-1.7586,-1.9906,-2.3954,-2.9201,-3.4658,-3.8991,-4.0839,-3.9443,-3.5186,-2.9376,-2.3508,-1.8582,-1.5052,-1.2922,-1.1948,-1.1818,-1.2239,-1.2955,-1.3756,-1.4459,-1.4896,-1.4841,-1.4033,-1.2238,-0.94088,-0.58522,-0.22416,0.066116,0.22995,0.24749,0.12891,-0.099938,-0.40799,-0.75998,-1.1157,-1.4338,-1.6791,-1.8324,-1.8944,-1.8799,-1.8082,-1.6962,-1.5579,-1.3988,-1.2257,-1.0451
-1.2524,-1.4048,-1.6274,-1.9878,-2.5852,-3.4124,-4.2556,-4.8131,-5.0201,-5.0963,-5.1771,-5.1526,-4.8564,-4.2673,-3.544,-2.9088,-2.5058,-2.3274,-2.2632,-2.1898,-2.0242,-1.7407,-1.3713,-0.99121,-0.68958,-0.53562,-0.55947,-0.74027,-1.0134,-1.2921,-1.4991,-1.5958,-1.6083,-1.6117,-1.7025,-1.9412,-2.337,-2.8345,-3.34,-3.7249,-3.8745,-3.7333,-3.3449,-2.823,-2.2864,-1.8257,-1.4855,-1.2789,-1.1997,-1.2246,-1.3196,-1.4412,-1.5492,-1.6173,-1.6293,-1.5745,-1.4345,-1.1898,-0.84029,-0.42709,-0.022487,0.2889,0.44899,0.44268,0.29055,0.030711,-0.2957,-0.65141,-1.0023,-1.3184,-1.5744,-1.7534,-1.851,-1.8753,-1.8411,-1.762,-1.6472,-1.5068,-1.3467,-1.1724
-1.2533,-1.3541,-1.5493,-1.8983,-2.501,-3.3516,-4.2333,-4.8364,-5.0941,-5.2346,-5.3878,-5.4178,-5.1351,-4.5151,-3.7327,-3.0296,-2.5605,-2.3249,-2.2208,-2.1343,-1.9857,-1.7414,-1.4162,-1.0687,-0.77805,-0.61419,-0.61019,-0.75097,-0.97882,-1.2193,-1.4036,-1.5002,-1.5296,-1.5571,-1.6639,-1.9076,-2.2891,-2.7578,-3.2159,-3.5547,-3.6777,-3.5484,-3.2014,-2.7269,-2.2279,-1.7869,-1.4553,-1.257,-1.1947,-1.2505,-1.3859,-1.5457,-1.676,-1.7426,-1.7327,-1.6393,-1.4518,-1.1584,-0.76496,-0.31254,0.11655,0.43739,0.5921,0.56742,0.38816,0.099314,-0.25109,-0.61824,-0.96823,-1.2758,-1.5244,-1.7054,-1.8174,-1.8643,-1.8537,-1.7946,-1.6971,-1.5675,-1.4137,-1.2431
-1.2638,-1.2977,-1.4522,-1.7769,-2.3683,-3.2214,-4.1262,-4.7778,-5.1175,-5.3742,-5.6533,-5.7805,-5.5263,-4.8653,-4.0014,-3.2048,-2.6476,-2.3379,-2.1823,-2.0769,-1.9481,-1.7536,-1.4864,-1.1834,-0.91172,-0.73879,-0.7004,-0.78988,-0.96252,-1.1558,-1.3138,-1.4075,-1.4505,-1.4959,-1.6144,-1.855,-2.2152,-2.6423,-3.0424,-3.324,-3.4163,-3.3009,-3.0044,-2.5911,-2.1417,-1.7282,-1.4105,-1.2258,-1.1868,-1.2845,-1.4718,-1.6781,-1.8338,-1.8989,-1.8613,-1.7266,-1.4911,-1.1465,-0.70138,-0.20581,0.25794,0.59629,0.74749,0.69968,0.48396,0.15443,-0.23068,-0.62023,-0.9775,-1.2794,-1.5143,-1.68,-1.7814,-1.8277,-1.828,-1.7876,-1.712,-1.6053,-1.4709,-1.3141
-1.2802,-1.2655,-1.387,-1.687,-2.2565,-3.0924,-3.9943,-4.6724,-5.083,-5.4458,-5.8411,-6.0563,-5.8293,-5.1344,-4.2049,-3.338,-2.7183,-2.3592,-2.1709,-2.0541,-1.9375,-1.7752,-1.5485,-1.2795,-1.0255,-0.84991,-0.78957,-0.84425,-0.9771,-1.1363,-1.2731,-1.3611,-1.4081,-1.4605,-1.5811,-1.8155,-2.1583,-2.5525,-2.9142,-3.1589,-3.2348,-3.1278,-2.8646,-2.4949,-2.0806,-1.6908,-1.384,-1.2063,-1.1838,-1.3061,-1.5296,-1.7746,-1.9573,-2.0267,-1.9751,-1.8107,-1.5386,-1.1581,-0.68225,-0.15813,0.32296,0.67076,0.82267,0.76478,0.52745,0.16816,-0.24686,-0.65796,-1.0208,-1.3114,-1.5248,-1.669,-1.7562,-1.7974,-1.7995,-1.7679,-1.7031,-1.6076,-1.4863,-1.3448
-1.3152,-1.2373,-1.3128,-1.5725,-2.0981,-2.8889,-3.7627,-4.4669,-4.9801,-5.5043,-6.0762,-6.4244,-6.2369,-5.49,-4.4678,-3.5096,-2.8144,-2.3993,-2.1772,-2.0507,-1.9484,-1.8215,-1.6422,-1.4179,-1.1918,-1.0202,-0.94121,-0.95661,-1.0397,-1.151,-1.2548,-1.3299,-1.3803,-1.4399,-1.5597,-1.7759,-2.0825,-2.4275,-2.7385,-2.9476,-3.015,-2.9318,-2.7121,-2.3881,-2.0105,-1.6405,-1.3468,-1.1854,-1.1869,-1.3514,-1.6256,-1.9189,-2.1352,-2.2164,-2.1538,-1.9641,-1.6575,-1.2362,-0.71677,-0.15616,0.35878,0.72683,0.88172,0.81041,0.54725,0.15495,-0.29544,-0.73321,-1.1076,-1.3904,-1.5772,-1.6826,-1.7305,-1.743,-1.734,-1.7063,-1.6591,-1.5898,-1.4952,-1.3747
-1.366,-1.2282,-1.2566,-1.4692,-1.9368,-2.6625,-3.4892,-4.2092,-4.8304,-5.5295,-6.2952,-6.7889,-6.6355,-5.8264,-4.7101,-3.6676,-2.9091,-2.4521,-2.2077,-2.0771,-1.988,-1.8901,-1.7518,-1.5705,-1.3789,-1.2219,-1.1333,-1.1155,-1.152,-1.2148,-1.2811,-1.3376,-1.3857,-1.4481,-1.5617,-1.7528,-2.0161,-2.3116,-2.5768,-2.7604,-2.8266,-2.7676,-2.5853,-2.2996,-1.9522,-1.6033,-1.3235,-1.1762,-1.202,-1.4026,-1.7293,-2.0833,-2.3513,-2.4612,-2.3986,-2.1852,-1.8408,-1.3761,-0.81404,-0.21248,0.33118,0.71948,0.88598,0.81555,0.54004,0.12242,-0.35904,-0.82676,-1.2147,-1.486,-1.6397,-1.7029,-1.7122,-1.6974,-1.6742,-1.6466,-1.6096,-1.5569,-1.4835,-1.3871
-1.4149,-1.2344,-1.228,-1.4017,-1.82,-2.4884,-3.2707,-3.9989,-4.6988,-5.5304,-6.4451,-7.0483,-6.9144,-6.0511,-4.8649,-3.7668,-2.9712,-2.4937,-2.2413,-2.1111,-2.0305,-1.9513,-1.8429,-1.698,-1.5384,-1.3982,-1.3039,-1.2636,-1.2673,-1.2959,-1.3347,-1.3735,-1.4136,-1.4714,-1.5749,-1.7463,-1.9803,-2.2416,-2.4793,-2.6466,-2.7136,-2.664,-2.4988,-2.233,-1.9029,-1.57,-1.305,-1.1745,-1.2223,-1.4524,-1.8181,-2.219,-2.5349,-2.6786,-2.6314,-2.4098,-2.0365,-1.5303,-0.92391,-0.28603,0.28698,0.69292,0.86729,0.79798,0.51864,0.092127,-0.40513,-0.8879,-1.2865,-1.5569,-1.6946,-1.7304,-1.7092,-1.6695,-1.6331,-1.6036,-1.5757,-1.5396,-1.4846,-1.4027
-1.495,-1.262,-1.2102,-1.33,-1.6779,-2.2639,-2.9815,-3.7143,-4.5109,-5.5097,-6.6143,-7.3542,-7.2315,-6.2892,-5.0179,-3.8612,-3.0357,-2.549,-2.2984,-2.1741,-2.1024,-2.0415,-1.9686,-1.8753,-1.7662,-1.6583,-1.5675,-1.5055,-1.4699,-1.455,-1.4557,-1.4683,-1.4941,-1.5409,-1.625,-1.7618,-1.9497,-2.1642,-2.368,-2.5201,-2.5875,-2.5486,-2.3949,-2.1394,-1.8236,-1.5086,-1.2696,-1.1713,-1.2542,-1.5282,-1.9479,-2.4144,-2.8006,-3.0066,-2.9875,-2.7582,-2.3469,-1.7836,-1.115,-0.42,0.1942,0.62974,0.82413,0.76601,0.48873,0.055236,-0.45545,-0.95612,-1.3665,-1.6348,-1.7553,-1.7641,-1.7151,-1.6543,-1.6067,-1.5769,-1.5574,-1.5345,-1.4947,-1.4283
-1.5918,-1.312,-1.2181,-1.2845,-1.5601,-2.0612,-2.7123,-3.4412,-4.3184,-5.4586,-6.7251,-7.5752,-7.4439,-6.424,-5.086,-3.8989,-3.0714,-2.598,-2.3642,-2.2519,-2.1867,-2.1361,-2.0895,-2.043,-1.9904,-1.9291,-1.8605,-1.7899,-1.7238,-1.6713,-1.6377,-1.6259,-1.6361,-1.6666,-1.7225,-1.8158,-1.9508,-2.1181,-2.2861,-2.4194,-2.4792,-2.4382,-2.2839,-2.031,-1.7247,-1.4326,-1.2246,-1.1604,-1.2807,-1.5901,-2.0538,-2.5832,-3.0519,-3.3368,-3.3751,-3.1537,-2.7007,-2.0654,-1.3198,-0.56212,0.096663,0.55938,0.77122,0.72718,0.46228,0.036396,-0.47404,-0.98471,-1.4103,-1.6886,-1.8072,-1.8047,-1.7424,-1.6722,-1.6209,-1.5949,-1.5815,-1.5658,-1.5343,-1.4771
-1.6745,-1.365,-1.2425,-1.2706,-1.4928,-1.931,-2.5313,-3.2506,-4.1705,-5.3927,-6.7496,-7.6532,-7.5061,-6.4385,-5.073,-3.8867,-3.0773,-2.6283,-2.4154,-2.3139,-2.2509,-2.2028,-2.1707,-2.155,-2.1466,-2.1268,-2.0848,-2.0184,-1.9418,-1.8716,-1.8199,-1.7947,-1.7889,-1.799,-1.8248,-1.8807,-1.9765,-2.1086,-2.2517,-2.3681,-2.4165,-2.3627,-2.1958,-1.9356,-1.633,-1.3567,-1.1738,-1.1395,-1.2867,-1.6243,-2.1177,-2.6834,-3.1996,-3.545,-3.6269,-3.4202,-2.9474,-2.2676,-1.4703,-0.66759,0.021921,0.50558,0.73265,0.7011,0.44725,0.030935,-0.47454,-0.9855,-1.4168,-1.7052,-1.8346,-1.8392,-1.7797,-1.7102,-1.6616,-1.6385,-1.6327,-1.6253,-1.5987,-1.5405
-1.796,-1.4561,-1.3014,-1.2831,-1.4373,-1.7948,-2.3272,-3.0225,-3.9719,-5.2598,-6.6824,-7.6098,-7.4337,-6.3348,-4.972,-3.8191,-3.0587,-2.658,-2.4792,-2.3909,-2.3234,-2.2685,-2.2469,-2.2687,-2.3202,-2.3628,-2.3671,-2.3238,-2.2524,-2.1764,-2.1186,-2.0853,-2.0654,-2.0432,-2.0177,-2.0075,-2.0411,-2.1228,-2.2335,-2.3272,-2.3531,-2.2732,-2.0781,-1.7995,-1.4986,-1.2456,-1.1008,-1.1057,-1.2851,-1.6389,-2.1403,-2.7236,-3.285,-3.6968,-3.8546,-3.6913,-3.2109,-2.4847,-1.63,-0.78133,-0.060117,0.44197,0.68304,0.66824,0.43556,0.040666,-0.44925,-0.95768,-1.4021,-1.7146,-1.8705,-1.8984,-1.8575,-1.8026,-1.7649,-1.7521,-1.751,-1.7444,-1.7155,-1.6534
-1.8942,-1.5392,-1.3664,-1.318,-1.4258,-1.7258,-2.2072,-2.8753,-3.8242,-5.1232,-6.5473,-7.4541,-7.2594,-6.1702,-4.8413,-3.7361,-3.0276,-2.6727,-2.523,-2.4415,-2.363,-2.2936,-2.2707,-2.3151,-2.4095,-2.5048,-2.5543,-2.5444,-2.4925,-2.4295,-2.3807,-2.3497,-2.3229,-2.2757,-2.2055,-2.1409,-2.1221,-2.1627,-2.2418,-2.31,-2.3137,-2.21,-1.9953,-1.7057,-1.4053,-1.166,-1.0435,-1.0728,-1.2688,-1.6286,-2.123,-2.6945,-3.2547,-3.6921,-3.8901,-3.7661,-3.3061,-2.5785,-1.7105,-0.84697,-0.1154,0.3955,0.64659,0.64477,0.42801,0.049949,-0.42743,-0.93075,-1.3818,-1.7133,-1.8958,-1.9509,-1.933,-1.8971,-1.8755,-1.8719,-1.8792,-1.8753,-1.841,-1.7652
-2.0319,-1.6689,-1.4826,-1.4023,-1.4546,-1.6835,-2.0967,-2.7159,-3.6341,-4.8974,-6.2573,-7.0935,-6.888,-5.858,-4.6154,-3.5982,-2.9735,-2.6887,-2.5807,-2.5035,-2.399,-2.2938,-2.2489,-2.3042,-2.4432,-2.6096,-2.7375,-2.7993,-2.8064,-2.7919,-2.7791,-2.7659,-2.7297,-2.6408,-2.5018,-2.357,-2.2621,-2.2435,-2.2767,-2.3115,-2.2832,-2.152,-1.9123,-1.6065,-1.3073,-1.0829,-0.98398,-1.0357,-1.2408,-1.5875,-2.0475,-2.5729,-3.0947,-3.5244,-3.7522,-3.684,-3.2816,-2.596,-1.7527,-0.90293,-0.17803,0.33286,0.59202,0.6065,0.41166,0.056267,-0.40262,-0.89916,-1.3585,-1.7142,-1.934,-2.033,-2.0586,-2.0597,-2.0656,-2.0818,-2.0944,-2.0839,-2.034,-1.9366
-2.174,-1.8199,-1.6334,-1.5321,-1.5379,-1.7022,-2.0466,-2.6046,-3.4609,-4.6374,-5.876,-6.6101,-6.4131,-5.485,-4.3615,-3.4538,-2.9244,-2.7139,-2.6478,-2.5701,-2.4265,-2.2643,-2.1711,-2.2075,-2.3676,-2.5945,-2.8143,-2.9781,-3.083,-3.1531,-3.2046,-3.2278,-3.1849,-3.0448,-2.8252,-2.5977,-2.4346,-2.3617,-2.3548,-2.3535,-2.2931,-2.1284,-1.8618,-1.5438,-1.2471,-1.0413,-0.96651,-1.0341,-1.2368,-1.5494,-1.9443,-2.3879,-2.8344,-3.2155,-3.4459,-3.4272,-3.1032,-2.5006,-1.7274,-0.9278,-0.23505,0.261,0.5202,0.54609,0.36998,0.036333,-0.40324,-0.88769,-1.3481,-1.7221,-1.9764,-2.1198,-2.192,-2.2364,-2.2786,-2.3199,-2.3435,-2.3295,-2.262,-2.1355
-2.2809,-1.9463,-1.7694,-1.6609,-1.6384,-1.7582,-2.0509,-2.5556,-3.3489,-4.4363,-5.5605,-6.2101,-6.0296,-5.193,-4.1723,-3.3548,-2.9001,-2.7466,-2.7106,-2.6273,-2.4459,-2.2304,-2.0876,-2.0914,-2.2488,-2.5073,-2.7929,-3.0442,-3.2415,-3.3951,-3.5106,-3.5715,-3.5295,-3.3528,-3.0751,-2.7886,-2.5786,-2.4681,-2.431,-2.402,-2.3186,-2.1367,-1.8617,-1.5423,-1.2499,-1.0503,-0.9817,-1.0525,-1.2455,-1.5326,-1.8784,-2.2522,-2.6236,-2.9488,-3.1564,-3.1627,-2.9022,-2.3781,-1.6772,-0.93379,-0.27857,0.19604,0.44801,0.47853,0.31523,-0.0020427,-0.42547,-0.89851,-1.3554,-1.7354,-2.0058,-2.175,-2.2811,-2.3636,-2.4416,-2.5084,-2.5459,-2.5278,-2.4396,-2.2818
-2.4212,-2.1299,-1.9815,-1.8753,-1.8243,-1.8898,-2.1147,-2.5414,-3.2359,-4.1866,-5.1461,-5.6864,-5.5331,-4.8244,-3.9482,-3.2546,-2.9008,-2.8216,-2.8199,-2.7201,-2.4777,-2.1799,-1.9583,-1.9034,-2.0362,-2.3145,-2.6669,-3.0279,-3.3564,-3.6369,-3.8544,-3.9731,-3.9397,-3.7274,-3.3911,-3.0446,-2.7799,-2.625,-2.5459,-2.4849,-2.378,-2.187,-1.9124,-1.5988,-1.3153,-1.1244,-1.0597,-1.1236,-1.2946,-1.5337,-1.8083,-2.0942,-2.3733,-2.6181,-2.7831,-2.7974,-2.6004,-2.1785,-1.5873,-0.93626,-0.34575,0.090852,0.32571,0.35444,0.20101,-0.097004,-0.49539,-0.94006,-1.3725,-1.7412,-2.021,-2.221,-2.3732,-2.5078,-2.6347,-2.7423,-2.7957,-2.7721,-2.6611,-2.4696
-2.5226,-2.2775,-2.163,-2.068,-2.0024,-2.0311,-2.2063,-2.5719,-3.1863,-4.0269,-4.8637,-5.3276,-5.1961,-4.5814,-3.8151,-3.2172,-2.9397,-2.9133,-2.9317,-2.8115,-2.5143,-2.1456,-1.8559,-1.749,-1.8523,-2.1311,-2.5171,-2.9448,-3.3629,-3.7359,-4.0316,-4.1941,-4.1666,-3.9357,-3.5767,-3.2105,-2.928,-2.7516,-2.651,-2.57,-2.4507,-2.2554,-1.9839,-1.678,-1.4032,-1.2176,-1.1542,-1.2127,-1.3653,-1.5716,-1.7938,-2.0115,-2.2181,-2.4022,-2.5281,-2.5391,-2.378,-2.0225,-1.5105,-0.93239,-0.40029,-0.0036475,0.2088,0.2302,0.082072,-0.20004,-0.5743,-0.98945,-1.3924,-1.7385,-2.009,-2.2176,-2.3972,-2.5738,-2.7479,-2.8895,-2.9667,-2.9425,-2.8078,-2.5801
-2.6502,-2.4855,-2.4321,-2.3652,-2.2891,-2.2744,-2.3843,-2.6687,-3.1741,-3.8686,-4.5483,-4.9182,-4.8123,-4.3145,-3.692,-3.2252,-3.0512,-3.0926,-3.1309,-2.9735,-2.5924,-2.1198,-1.7308,-1.5458,-1.5986,-1.8628,-2.2748,-2.7661,-3.2721,-3.7391,-4.1096,-4.3144,-4.3037,-4.0817,-3.7372,-3.3854,-3.1065,-2.9193,-2.7979,-2.6962,-2.5664,-2.3749,-2.1195,-1.8333,-1.5729,-1.3921,-1.3226,-1.3647,-1.4888,-1.6523,-1.8131,-1.9526,-2.0744,-2.1811,-2.2525,-2.2473,-2.1156,-1.8301,-1.412,-0.93225,-0.48367,-0.14859,0.026104,0.032378,-0.11028,-0.36815,-0.69986,-1.0612,-1.4076,-1.708,-1.9564,-2.1725,-2.3849,-2.609,-2.833,-3.0205,-3.1178,-3.0936,-2.943,-2.6889
-2.7688,-2.7037,-2.7286,-2.7037,-2.6269,-2.5743,-2.6238,-2.8313,-3.2317,-3.7856,-4.3193,-4.6035,-4.5159,-4.1223,-3.6374,-3.3026,-3.2334,-3.339,-3.3883,-3.1836,-2.7113,-2.1315,-1.6418,-1.3725,-1.3656,-1.5977,-2.0117,-2.5343,-3.091,-3.6081,-4.0089,-4.2284,-4.2335,-4.0544,-3.7771,-3.4915,-3.2538,-3.0767,-2.9454,-2.8308,-2.697,-2.5176,-2.2845,-2.0224,-1.7781,-1.6021,-1.5226,-1.5398,-1.6301,-1.7479,-1.8575,-1.9409,-2.0003,-2.0418,-2.057,-2.0172,-1.8876,-1.6466,-1.3066,-0.92011,-0.56159,-0.30172,-0.18055,-0.20146,-0.34199,-0.56872,-0.84573,-1.1361,-1.4092,-1.6486,-1.8605,-2.07,-2.304,-2.57,-2.8438,-3.0712,-3.1938,-3.1701,-2.9995,-2.7163
-2.8514,-2.8712,-2.9651,-2.9803,-2.9093,-2.8322,-2.8403,-2.9954,-3.3225,-3.7768,-4.2094,-4.4333,-4.3535,-4.0278,-3.6412,-3.4029,-3.41,-3.5597,-3.6096,-3.3608,-2.8175,-2.1623,-1.6045,-1.2763,-1.2226,-1.4225,-1.8218,-2.3455,-2.9125,-3.4371,-3.8361,-4.0511,-4.0683,-3.9373,-3.735,-3.5292,-3.3465,-3.191,-3.0568,-2.9314,-2.7956,-2.6261,-2.413,-2.1708,-1.9382,-1.7605,-1.6685,-1.6667,-1.7327,-1.825,-1.9044,-1.9512,-1.9686,-1.9655,-1.9413,-1.8742,-1.7379,-1.5183,-1.2283,-0.9081,-0.62322,-0.42726,-0.34935,-0.38868,-0.52317,-0.72135,-0.94981,-1.1802,-1.3922,-1.5826,-1.7675,-1.974,-2.223,-2.5126,-2.81,-3.0574,-3.1879,-3.1629,-2.9843,-2.6887
-2.9539,-3.0963,-3.2929,-3.3721,-3.3143,-3.2102,-3.17,-3.2637,-3.5032,-3.8368,-4.1433,-4.2888,-4.2112,-3.9633,-3.6977,-3.5836,-3.6877,-3.8842,-3.9184,-3.6009,-2.9669,-2.2254,-1.5927,-1.199,-1.0874,-1.2394,-1.6021,-2.1022,-2.6526,-3.1556,-3.5292,-3.7261,-3.7612,-3.7041,-3.6202,-3.5363,-3.4402,-3.3229,-3.1895,-3.0527,-2.915,-2.7606,-2.5764,-2.3624,-2.142,-1.9579,-1.8435,-1.8118,-1.8478,-1.9127,-1.9625,-1.9707,-1.9388,-1.8809,-1.8041,-1.7021,-1.5595,-1.3669,-1.1345,-0.89877,-0.70274,-0.58949,-0.57527,-0.64624,-0.77136,-0.92001,-1.0714,-1.2145,-1.3481,-1.4824,-1.6378,-1.8375,-2.0955,-2.4021,-2.7171,-2.9739,-3.1057,-3.0732,-2.8818,-2.5735
-3.0492,-3.3195,-3.627,-3.7759,-3.7365,-3.609,-3.5304,-3.5763,-3.7434,-3.9709,-4.1613,-4.2276,-4.1424,-3.9572,-3.7968,-3.7958,-3.9837,-4.207,-4.2052,-3.815,-3.1067,-2.3033,-1.6181,-1.1767,-1.0178,-1.1239,-1.4415,-1.8984,-2.4035,-2.858,-3.1852,-3.3574,-3.4154,-3.4384,-3.4778,-3.5167,-3.5084,-3.4282,-3.2998,-3.1585,-3.0224,-2.8858,-2.7253,-2.5288,-2.313,-2.114,-1.974,-1.9135,-1.9227,-1.9654,-1.9951,-1.979,-1.9119,-1.8093,-1.6856,-1.5459,-1.3892,-1.2176,-1.0443,-0.89313,-0.79863,-0.7773,-0.82234,-0.90657,-0.99961,-1.0827,-1.151,-1.2124,-1.2799,-1.371,-1.5073,-1.7069,-1.9737,-2.2875,-2.6,-2.8443,-2.9545,-2.8998,-2.6942,-2.3825
-3.1176,-3.4837,-3.8746,-4.0763,-4.051,-3.9093,-3.8082,-3.8278,-3.9536,-4.1125,-4.222,-4.229,-4.13,-3.9794,-3.8838,-3.952,-4.1847,-4.4098,-4.371,-3.9328,-3.1887,-2.3628,-1.6582,-1.1943,-1.0073,-1.0814,-1.3644,-1.7821,-2.2406,-2.6458,-2.9298,-3.0824,-3.1626,-3.2486,-3.3768,-3.5043,-3.5574,-3.5034,-3.3748,-3.2271,-3.0906,-2.9632,-2.8168,-2.6305,-2.4131,-2.202,-2.0442,-1.966,-1.9608,-1.9914,-2.0062,-1.9695,-1.8767,-1.7431,-1.5918,-1.4342,-1.2759,-1.1244,-0.99453,-0.9098,-0.88529,-0.92606,-1.0099,-1.0981,-1.1584,-1.1825,-1.1847,-1.1881,-1.2153,-1.2865,-1.4187,-1.6219,-1.8916,-2.2011,-2.4991,-2.7189,-2.804,-2.7299,-2.5142,-2.2016
-3.2069,-3.6953,-4.1911,-4.4577,-4.4488,-4.2903,-4.1663,-4.1667,-4.257,-4.343,-4.3551,-4.2839,-4.1553,-4.0293,-3.9933,-4.121,-4.3762,-4.5709,-4.473,-3.9928,-3.2429,-2.4302,-1.7341,-1.262,-1.0484,-1.0815,-1.315,-1.6735,-2.0634,-2.3988,-2.6236,-2.7526,-2.8588,-3.0212,-3.2544,-3.491,-3.6198,-3.5987,-3.4699,-3.313,-3.1752,-3.0551,-2.9223,-2.7443,-2.5202,-2.2901,-2.106,-2.0041,-1.9835,-2.005,-2.0112,-1.9558,-1.8295,-1.6569,-1.466,-1.284,-1.1284,-1.0132,-0.9533,-0.96122,-1.0411,-1.1669,-1.2878,-1.3514,-1.3378,-1.2681,-1.1836,-1.1237,-1.1161,-1.1771,-1.3148,-1.5278,-1.7999,-2.0952,-2.3593,-2.5328,-2.5697,-2.4603,-2.2293,-1.9205
-3.275,-3.8468,-4.4123,-4.7191,-4.7166,-4.5458,-4.4101,-4.4068,-4.4859,-4.5325,-4.4827,-4.3541,-4.1963,-4.0715,-4.0553,-4.1959,-4.4344,-4.5813,-4.4361,-3.9475,-3.2308,-2.4653,-1.8046,-1.3437,-1.1183,-1.1209,-1.3115,-1.6198,-1.9578,-2.243,-2.4312,-2.5474,-2.6684,-2.8729,-3.1694,-3.4706,-3.6502,-3.6546,-3.5361,-3.3824,-3.2475,-3.1317,-3.0005,-2.8184,-2.5834,-2.337,-2.1372,-2.0238,-1.9957,-2.0123,-2.0106,-1.9396,-1.7897,-1.59,-1.3767,-1.1839,-1.0359,-0.95103,-0.94508,-1.0263,-1.1829,-1.3666,-1.5036,-1.5342,-1.4533,-1.3083,-1.1615,-1.0633,-1.0395,-1.101,-1.2476,-1.4685,-1.7387,-2.0164,-2.247,-2.3767,-2.3748,-2.2403,-2.0013,-1.6978
-3.3707,-4.0384,-4.6778,-5.019,-5.0144,-4.8261,-4.6795,-4.6836,-4.768,-4.7857,-4.6702,-4.4709,-4.2654,-4.1201,-4.0927,-4.2045,-4.3766,-4.4343,-4.2344,-3.769,-3.1399,-2.4805,-1.9039,-1.4827,-1.2532,-1.2173,-1.3465,-1.5834,-1.8488,-2.0661,-2.2086,-2.3085,-2.4467,-2.696,-3.0589,-3.429,-3.6679,-3.7098,-3.613,-3.4731,-3.3488,-3.2434,-3.1156,-2.9243,-2.6688,-2.3965,-2.1761,-2.0514,-2.0197,-2.0331,-2.0179,-1.9204,-1.7365,-1.5019,-1.2665,-1.0692,-0.93838,-0.89662,-0.9617,-1.1379,-1.3931,-1.6485,-1.7953,-1.765,-1.5818,-1.3349,-1.1136,-0.9733,-0.93794,-1.0088,-1.1727,-1.4043,-1.6664,-1.9114,-2.0885,-2.1579,-2.101,-1.9308,-1.6791,-1.3833
-3.4755,-4.219,-4.9015,-5.2517,-5.229,-5.0195,-4.8672,-4.8851,-4.9939,-5.0098,-4.8521,-4.5933,-4.3331,-4.1411,-4.0616,-4.0965,-4.1638,-4.1267,-3.8966,-3.4875,-2.9772,-2.4535,-1.9885,-1.6316,-1.4151,-1.3494,-1.421,-1.5854,-1.7728,-1.9206,-2.0112,-2.088,-2.2347,-2.5185,-2.9276,-3.3535,-3.6426,-3.7301,-3.6672,-3.5556,-3.4574,-3.37,-3.2514,-3.0547,-2.7766,-2.4759,-2.2276,-2.0842,-2.0457,-2.0567,-2.0348,-1.9167,-1.7,-1.4351,-1.178,-0.9774,-0.86589,-0.86773,-0.99994,-1.2596,-1.6019,-1.9136,-2.054,-1.9543,-1.6753,-1.3439,-1.0669,-0.89888,-0.85731,-0.93485,-1.1083,-1.3419,-1.589,-1.7975,-1.9208,-1.9295,-1.8247,-1.6267,-1.3681,-1.0806
-3.5631,-4.3478,-5.042,-5.3784,-5.3318,-5.1032,-4.9466,-4.9769,-5.1109,-5.1427,-4.9715,-4.6773,-4.3739,-4.1329,-3.9908,-3.9436,-3.9216,-3.8215,-3.5861,-3.2337,-2.8219,-2.4081,-2.0365,-1.7393,-1.5415,-1.4593,-1.4897,-1.5994,-1.7287,-1.8274,-1.882,-1.9399,-2.0827,-2.3727,-2.7944,-3.2407,-3.5615,-3.6907,-3.6764,-3.6117,-3.5513,-3.489,-3.377,-3.1694,-2.8709,-2.5459,-2.2786,-2.1226,-2.076,-2.0786,-2.0442,-1.9101,-1.6772,-1.3967,-1.1345,-0.93672,-0.83714,-0.8616,-1.0283,-1.3343,-1.7207,-2.059,-2.1902,-2.0475,-1.7154,-1.3413,-1.0374,-0.85808,-0.81467,-0.89503,-1.071,-1.3006,-1.5319,-1.7102,-1.7923,-1.7609,-1.6218,-1.4031,-1.1389,-0.85904
-3.6949,-4.5135,-5.1953,-5.4876,-5.395,-5.138,-4.9734,-5.018,-5.1874,-5.2582,-5.0928,-4.7663,-4.407,-4.0877,-3.8407,-3.6688,-3.5301,-3.3635,-3.1389,-2.8702,-2.5899,-2.3238,-2.0824,-1.8705,-1.7001,-1.5967,-1.5758,-1.6194,-1.6822,-1.7231,-1.736,-1.7655,-1.8859,-2.1535,-2.5601,-3.0058,-3.3615,-3.5587,-3.6314,-3.653,-3.6645,-3.655,-3.5679,-3.3554,-3.0301,-2.6683,-2.3672,-2.1859,-2.1207,-2.1096,-2.0594,-1.9054,-1.6529,-1.3619,-1.0945,-0.90103,-0.81496,-0.86128,-1.0563,-1.3894,-1.8004,-2.1441,-2.2549,-2.0771,-1.7132,-1.3199,-1.0088,-0.82784,-0.78623,-0.86747,-1.0384,-1.2522,-1.4535,-1.5888,-1.6218,-1.5428,-1.3709,-1.1366,-0.87173,-0.60059
-3.8479,-4.6773,-5.316,-5.5398,-5.3894,-5.0997,-4.9218,-4.9709,-5.1721,-5.2918,-5.1542,-4.813,-4.4023,-3.9993,-3.6415,-3.3462,-3.1085,-2.901,-2.7021,-2.5153,-2.3562,-2.228,-2.111,-1.9796,-1.8347,-1.7108,-1.6443,-1.635,-1.6472,-1.6403,-1.6106,-1.6018,-1.6818,-1.9065,-2.2716,-2.6995,-3.0801,-3.3481,-3.519,-3.642,-3.7477,-3.8105,-3.7694,-3.5688,-3.2229,-2.8235,-2.4803,-2.2611,-2.1646,-2.1258,-2.0523,-1.8831,-1.6264,-1.3383,-1.0813,-0.89866,-0.81952,-0.86589,-1.0511,-1.3645,-1.7386,-2.0415,-2.1295,-1.9618,-1.6319,-1.2769,-0.99373,-0.83075,-0.79452,-0.87051,-1.0273,-1.2188,-1.389,-1.4854,-1.4758,-1.3587,-1.1575,-0.90734,-0.63965,-0.37603
-3.979,-4.8028,-5.3919,-5.5516,-5.3521,-5.0359,-4.8438,-4.8881,-5.1059,-5.2635,-5.1571,-4.8153,-4.3708,-3.9083,-3.4718,-3.0954,-2.8008,-2.5779,-2.4053,-2.2765,-2.1959,-2.1555,-2.1197,-2.0431,-1.9171,-1.7812,-1.6867,-1.6461,-1.6281,-1.5922,-1.5322,-1.4905,-1.5351,-1.7197,-2.0432,-2.442,-2.8247,-3.1364,-3.3821,-3.5945,-3.7848,-3.9188,-3.9212,-3.7325,-3.375,-2.9483,-2.5745,-2.3242,-2.1949,-2.128,-2.0343,-1.8571,-1.6043,-1.3278,-1.0819,-0.90602,-0.82571,-0.85921,-1.016,-1.282,-1.5982,-1.8518,-1.9268,-1.7916,-1.5199,-1.2225,-0.98405,-0.84483,-0.81763,-0.89205,-1.0392,-1.2138,-1.3609,-1.4303,-1.3939,-1.2536,-1.0355,-0.77474,-0.50177,-0.23712
-4.1778,-4.9797,-5.4843,-5.547,-5.2771,-4.9225,-4.7058,-4.7337,-4.9608,-5.163,-5.1045,-4.7727,-4.2932,-3.7609,-3.2344,-2.7735,-2.428,-2.2025,-2.0708,-2.0123,-2.0183,-2.0703,-2.1201,-2.1048,-2.0028,-1.8578,-1.7366,-1.6665,-1.6202,-1.5561,-1.4629,-1.3776,-1.3664,-1.484,-1.7404,-2.0916,-2.4692,-2.8277,-3.1598,-3.48,-3.7826,-4.0159,-4.0917,-3.9392,-3.5779,-3.1275,-2.7145,-2.4146,-2.2337,-2.1154,-1.9858,-1.7976,-1.557,-1.3041,-1.0824,-0.92081,-0.83586,-0.83805,-0.93106,-1.1032,-1.3092,-1.4766,-1.5356,-1.4665,-1.3089,-1.127,-0.9743,-0.88953,-0.88515,-0.95845,-1.0893,-1.2402,-1.3609,-1.4035,-1.34,-1.1722,-0.93184,-0.65381,-0.36959,-0.099736
-4.3463,-5.123,-5.5542,-5.5389,-5.2153,-4.8298,-4.5902,-4.5985,-4.8225,-5.0509,-5.0289,-4.7109,-4.2129,-3.6379,-3.0579,-2.5517,-2.1857,-1.9697,-1.8707,-1.8581,-1.9168,-2.0226,-2.1208,-2.141,-2.0551,-1.9086,-1.776,-1.6924,-1.6346,-1.5572,-1.4451,-1.3281,-1.2713,-1.3324,-1.5336,-1.8451,-2.2139,-2.5973,-2.9837,-3.3741,-3.7533,-4.0588,-4.1912,-4.0699,-3.7149,-3.2493,-2.8094,-2.4747,-2.2518,-2.0946,-1.9383,-1.7433,-1.5143,-1.2833,-1.0816,-0.92895,-0.83488,-0.80425,-0.83779,-0.92621,-1.0441,-1.1502,-1.2054,-1.1945,-1.1314,-1.0461,-0.97159,-0.93373,-0.95211,-1.0323,-1.1611,-1.3041,-1.4121,-1.4372,-1.3532,-1.1659,-0.90467,-0.60842,-0.30963,-0.029509
-4.5993,-5.334,-5.6578,-5.5356,-5.1402,-4.7125,-4.4388,-4.4144,-4.6226,-4.8738,-4.8959,-4.6026,-4.0926,-3.4763,-2.8453,-2.3015,-1.9262,-1.7311,-1.6747,-1.7157,-1.8306,-1.9909,-2.1369,-2.193,-2.1259,-1.9827,-1.8455,-1.7557,-1.6922,-1.6067,-1.4718,-1.3143,-1.1977,-1.1886,-1.3184,-1.5761,-1.922,-2.3209,-2.7566,-3.2191,-3.6796,-4.0683,-4.272,-4.1988,-3.8652,-3.3935,-2.9264,-2.5476,-2.2693,-2.0555,-1.8597,-1.6538,-1.4408,-1.2397,-1.0667,-0.92746,-0.8209,-0.74413,-0.69559,-0.6752,-0.68406,-0.71956,-0.7749,-0.83901,-0.89946,-0.94787,-0.98432,-1.0247,-1.0872,-1.1851,-1.3153,-1.4518,-1.5491,-1.5585,-1.4518,-1.2334,-0.94043,-0.6146,-0.29141,0.007276
-4.8854,-5.5723,-5.7818,-5.5513,-5.0858,-4.6164,-4.3079,-4.2461,-4.4292,-4.6885,-4.7481,-4.4848,-3.9765,-3.3395,-2.6791,-2.117,-1.7442,-1.5728,-1.5553,-1.642,-1.8023,-2.0032,-2.1837,-2.2658,-2.2145,-2.0774,-1.9422,-1.8556,-1.7986,-1.7157,-1.5696,-1.3799,-1.2105,-1.1348,-1.1959,-1.3971,-1.7111,-2.1099,-2.5704,-3.075,-3.5872,-4.029,-4.2859,-4.2605,-3.9589,-3.5031,-3.0284,-2.6166,-2.2865,-2.015,-1.7749,-1.5538,-1.3547,-1.1831,-1.039,-0.91367,-0.79509,-0.67475,-0.55299,-0.44266,-0.36705,-0.35404,-0.41852,-0.55169,-0.7227,-0.89355,-1.0401,-1.1588,-1.2698,-1.3957,-1.5431,-1.6902,-1.7899,-1.7892,-1.6569,-1.4021,-1.0656,-0.69667,-0.33567,-0.0065949
-5.1222,-5.7718,-5.8921,-5.5805,-5.0644,-4.5653,-4.2317,-4.1421,-4.3015,-4.5581,-4.6398,-4.4023,-3.9048,-3.2637,-2.5943,-2.0253,-1.6564,-1.5025,-1.5121,-1.6293,-1.8184,-2.0437,-2.2437,-2.3409,-2.3001,-2.1693,-2.0373,-1.9577,-1.9117,-1.8378,-1.6933,-1.4875,-1.2847,-1.1605,-1.1704,-1.3255,-1.6115,-2.0007,-2.4707,-2.994,-3.5285,-3.9932,-4.2745,-4.2768,-4.0031,-3.5629,-3.0863,-2.6536,-2.2876,-1.9772,-1.7104,-1.4832,-1.2962,-1.1452,-1.0195,-0.90082,-0.77298,-0.62629,-0.46363,-0.30542,-0.18878,-0.1545,-0.22775,-0.40245,-0.64147,-0.89308,-1.1139,-1.2947,-1.4497,-1.6044,-1.7707,-1.9302,-2.035,-2.028,-1.8757,-1.5877,-1.2121,-0.80467,-0.40959,-0.052463
-5.4675,-6.0671,-6.066,-5.6469,-5.0657,-4.5322,-4.1692,-4.044,-4.1688,-4.4125,-4.5148,-4.3128,-3.8396,-3.2067,-2.5363,-1.9655,-1.6038,-1.4719,-1.5161,-1.6718,-1.8933,-2.1403,-2.3536,-2.461,-2.4326,-2.3154,-2.1965,-2.1352,-2.113,-2.0606,-1.9235,-1.702,-1.4598,-1.2808,-1.2287,-1.3273,-1.5702,-1.9343,-2.3964,-2.9233,-3.467,-3.9452,-4.2481,-4.2831,-4.0449,-3.6291,-3.1531,-2.696,-2.2879,-1.9338,-1.6369,-1.4021,-1.2286,-1.103,-0.99992,-0.8931,-0.76035,-0.59085,-0.39179,-0.19365,-0.044961,9.5645e-05,-0.091781,-0.31541,-0.62746,-0.96469,-1.2721,-1.5246,-1.7354,-1.9335,-2.1352,-2.3229,-2.4442,-2.4339,-2.2528,-1.9134,-1.4758,-1.0055,-0.5537,-0.14959
-5.748,-6.3115,-6.2175,-5.7177,-5.0916,-4.5364,-4.1562,-4.0076,-4.1049,-4.3329,-4.4446,-4.268,-3.819,-3.201,-2.5368,-1.9689,-1.6137,-1.4966,-1.5638,-1.7448,-1.9853,-2.2393,-2.4507,-2.5574,-2.537,-2.4346,-2.3366,-2.2962,-2.2975,-2.2677,-2.14,-1.9136,-1.6481,-1.4354,-1.3409,-1.3991,-1.6053,-1.943,-2.3856,-2.9014,-3.441,-3.9218,-4.2365,-4.2911,-4.075,-3.6732,-3.1956,-2.7201,-2.2836,-1.9019,-1.5902,-1.358,-1.2003,-1.094,-1.0075,-0.90813,-0.77338,-0.59521,-0.38453,-0.17425,-0.019811,0.02357,-0.080296,-0.32939,-0.68168,-1.0705,-1.4299,-1.7325,-1.9835,-2.2135,-2.4437,-2.6585,-2.7995,-2.7904,-2.5849,-2.2013,-1.7075,-1.1826,-0.68514,-0.24583
-6.1485,-6.668,-6.4471,-5.841,-5.1589,-4.5829,-4.1894,-4.0148,-4.0743,-4.274,-4.3895,-4.2443,-3.8332,-3.2436,-2.5955,-2.0348,-1.687,-1.5853,-1.677,-1.885,-2.1441,-2.4007,-2.6012,-2.6989,-2.6823,-2.5976,-2.5265,-2.5172,-2.553,-2.5623,-2.4692,-2.2575,-1.9812,-1.7266,-1.5726,-1.5646,-1.7138,-2.0106,-2.4257,-2.9248,-3.4515,-3.928,-4.2465,-4.3156,-4.1202,-3.7273,-3.2411,-2.7407,-2.2719,-1.8686,-1.5528,-1.3339,-1.2004,-1.1221,-1.0576,-0.97252,-0.84319,-0.66274,-0.44616,-0.23346,-0.080877,-0.050205,-0.17801,-0.45962,-0.84966,-1.2791,-1.6864,-2.0305,-2.3226,-2.5961,-2.8726,-3.132,-3.3046,-3.2996,-3.0626,-2.6175,-2.0504,-1.4528,-0.89014,-0.39562
-6.5758,-7.0552,-6.7048,-5.9937,-5.2629,-4.6773,-4.282,-4.0884,-4.1088,-4.2714,-4.3788,-4.2617,-3.8943,-3.3438,-2.7206,-2.1698,-1.8257,-1.7305,-1.8363,-2.0628,-2.3353,-2.5899,-2.7722,-2.8474,-2.8197,-2.7431,-2.6925,-2.7156,-2.7941,-2.8553,-2.8168,-2.6402,-2.3617,-2.069,-1.8576,-1.7896,-1.889,-2.144,-2.5288,-3.0005,-3.5055,-3.9633,-4.2775,-4.3588,-4.1737,-3.7819,-3.2762,-2.7441,-2.2525,-1.8395,-1.5359,-1.3482,-1.2546,-1.2098,-1.1708,-1.099,-0.97576,-0.80236,-0.59841,-0.40049,-0.26612,-0.24911,-0.38497,-0.67305,-1.0742,-1.5238,-1.9524,-2.3298,-2.6586,-2.9693,-3.2847,-3.5847,-3.7922,-3.7987,-3.5357,-3.032,-2.3907,-1.7207,-1.0964,-0.55375
-6.9102,-7.3626,-6.9125,-6.1248,-5.3623,-4.7776,-4.39,-4.1874,-4.1774,-4.3041,-4.3973,-4.2969,-3.9668,-3.454,-2.856,-2.3149,-1.9688,-1.87,-1.9788,-2.2146,-2.4943,-2.7435,-2.9045,-2.9522,-2.906,-2.829,-2.7927,-2.839,-2.9489,-3.0496,-3.0552,-2.9139,-2.6457,-2.3379,-2.0938,-1.9882,-2.0508,-2.2728,-2.6284,-3.0756,-3.5612,-4.0082,-4.3193,-4.3997,-4.2111,-3.7996,-3.2669,-2.7138,-2.2138,-1.8173,-1.5477,-1.4001,-1.3415,-1.3255,-1.3007,-1.2367,-1.1213,-0.95865,-0.76762,-0.58379,-0.46107,-0.45107,-0.5904,-0.87978,-1.28,-1.7255,-2.1551,-2.533,-2.8682,-3.1968,-3.5427,-3.8803,-4.1191,-4.1358,-3.855,-3.3133,-2.6252,-1.9123,-1.2518,-0.67782
-7.3681,-7.7863,-7.2011,-6.3143,-5.5185,-4.9474,-4.5819,-4.3751,-4.3209,-4.3881,-4.4474,-4.3631,-4.0862,-3.6362,-3.0835,-2.5565,-2.1995,-2.0853,-2.1892,-2.4326,-2.7192,-2.9563,-3.0794,-3.0781,-2.9969,-2.9107,-2.887,-2.9549,-3.093,-3.2347,-3.2949,-3.21,-2.9803,-2.6773,-2.4086,-2.2624,-2.2802,-2.4612,-2.7772,-3.1893,-3.643,-4.0668,-4.3609,-4.4262,-4.2166,-3.7759,-3.2137,-2.6442,-2.1544,-1.7944,-1.5824,-1.5009,-1.5034,-1.5306,-1.5354,-1.4886,-1.3838,-1.231,-1.0533,-0.88698,-0.77715,-0.77316,-0.90601,-1.1747,-1.545,-1.962,-2.3702,-2.7454,-3.0945,-3.4457,-3.8173,-4.1822,-4.4482,-4.4822,-4.1956,-3.6227,-2.8898,-2.1277,-1.4226,-0.81324
-7.8276,-8.2125,-7.4918,-6.5136,-5.6964,-5.1519,-4.8245,-4.6209,-4.5188,-4.511,-4.52,-4.4414,-4.2193,-3.8458,-3.3507,-2.8393,-2.4637,-2.323,-2.413,-2.6577,-2.948,-3.1705,-3.2517,-3.1955,-3.0728,-2.9669,-2.9388,-3.0075,-3.1515,-3.3132,-3.4138,-3.3846,-3.206,-2.9323,-2.6663,-2.5084,-2.5045,-2.6579,-2.9373,-3.3056,-3.714,-4.0945,-4.3546,-4.3903,-4.1467,-3.6716,-3.0859,-2.5197,-2.0659,-1.7729,-1.6459,-1.6505,-1.7247,-1.8017,-1.8308,-1.7935,-1.6949,-1.5529,-1.3915,-1.239,-1.135,-1.1194,-1.2233,-1.4518,-1.7776,-2.1522,-2.53,-2.8871,-3.2324,-3.5928,-3.9821,-4.3671,-4.6497,-4.6918,-4.4022,-3.8138,-3.062,-2.282,-1.5606,-0.9353
-8.1632,-8.5217,-7.7038,-6.6647,-5.8398,-5.3248,-5.0343,-4.838,-4.696,-4.6228,-4.5838,-4.502,-4.3216,-4.0097,-3.5639,-3.0659,-2.6712,-2.5028,-2.5758,-2.8176,-3.1089,-3.322,-3.3766,-3.2857,-3.1323,-3.0051,-2.9591,-3.0111,-3.1403,-3.2997,-3.417,-3.4231,-3.2854,-3.0446,-2.7995,-2.6504,-2.6479,-2.7915,-3.0532,-3.3921,-3.761,-4.096,-4.3085,-4.3008,-4.0244,-3.5286,-2.9396,-2.3918,-1.9804,-1.7511,-1.702,-1.7851,-1.9233,-2.04,-2.0892,-2.0573,-1.9583,-1.8168,-1.6582,-1.5086,-1.399,-1.3663,-1.4392,-1.6251,-1.9053,-2.2414,-2.5924,-2.9388,-3.2862,-3.6539,-4.0493,-4.4362,-4.7173,-4.7574,-4.4677,-3.8835,-3.1328,-2.3502,-1.6234,-0.99254
-8.5829,-8.9028,-7.967,-6.8613,-6.0384,-5.5742,-5.3429,-5.1615,-4.9603,-4.7881,-4.6727,-4.5785,-4.449,-4.2204,-3.8467,-3.3692,-2.9465,-2.7343,-2.7758,-3.0074,-3.3005,-3.5075,-3.5365,-3.4083,-3.2182,-3.0577,-2.9749,-2.9847,-3.0732,-3.2054,-3.3244,-3.3615,-3.2743,-3.0876,-2.8928,-2.7818,-2.8041,-2.9517,-3.1947,-3.4895,-3.7944,-4.0487,-4.1763,-4.0955,-3.7705,-3.2622,-2.6943,-2.196,-1.8608,-1.729,-1.7893,-1.9787,-2.2029,-2.3744,-2.4458,-2.4183,-2.3193,-2.1787,-2.0183,-1.8577,-1.7202,-1.6409,-1.6567,-1.7853,-2.0142,-2.3081,-2.6302,-2.9616,-3.3039,-3.6712,-4.063,-4.4372,-4.6979,-4.7214,-4.4313,-3.8618,-3.1352,-2.3747,-1.664,-1.043
-8.8642,-9.1519,-8.1404,-6.999,-6.1885,-5.7698,-5.5893,-5.421,-5.1718,-4.9171,-4.7386,-4.6289,-4.53,-4.3607,-4.0421,-3.5832,-3.1406,-2.8938,-2.9074,-3.1264,-3.4193,-3.6268,-3.646,-3.4987,-3.287,-3.1028,-2.99,-2.9593,-3.0047,-3.0997,-3.2014,-3.2459,-3.1904,-3.0507,-2.9068,-2.8417,-2.8948,-3.0545,-3.2827,-3.5405,-3.7892,-3.9786,-4.0404,-3.903,-3.5443,-3.029,-2.4823,-2.0299,-1.7576,-1.7049,-1.8506,-2.1221,-2.4138,-2.6295,-2.721,-2.6961,-2.5892,-2.4353,-2.2584,-2.0745,-1.9066,-1.7915,-1.7666,-1.8527,-2.0428,-2.308,-2.6153,-2.9405,-3.2824,-3.6478,-4.0296,-4.3834,-4.6163,-4.616,-4.3205,-3.7692,-3.071,-2.3419,-1.6582,-1.0565
-9.1752,-9.4143,-8.3286,-7.1629,-6.3826,-6.0327,-5.9257,-5.7766,-5.4587,-5.0898,-4.8217,-4.6824,-4.6111,-4.5079,-4.2581,-3.8264,-3.3619,-3.0719,-3.0475,-3.2451,-3.5334,-3.7458,-3.7689,-3.6168,-3.3916,-3.1822,-3.0286,-2.9389,-2.9139,-2.9454,-3.0029,-3.0408,-3.0172,-2.9403,-2.8678,-2.8711,-2.9748,-3.16,-3.3802,-3.5952,-3.7675,-3.8611,-3.8245,-3.6105,-3.2166,-2.7085,-2.2001,-1.8075,-1.6141,-1.653,-1.9037,-2.2821,-2.6646,-2.941,-3.06,-3.0383,-2.9218,-2.7488,-2.5399,-2.3101,-2.0827,-1.9015,-1.8159,-1.8546,-2.0127,-2.2589,-2.5553,-2.879,-3.2179,-3.5698,-3.9209,-4.2271,-4.4088,-4.3765,-4.0848,-3.5685,-2.9243,-2.2467,-1.605,-1.0355
-9.3905,-9.5747,-8.4552,-7.2974,-6.5621,-6.2869,-6.2534,-6.1225,-5.7363,-5.258,-4.903,-4.7244,-4.6617,-4.6022,-4.4033,-3.997,-3.5192,-3.1939,-3.1328,-3.3036,-3.5816,-3.8023,-3.8461,-3.7154,-3.4985,-3.275,-3.0798,-2.9284,-2.8337,-2.8028,-2.818,-2.842,-2.8385,-2.8074,-2.7964,-2.8608,-3.0185,-3.2343,-3.456,-3.631,-3.7288,-3.7234,-3.5892,-3.3063,-2.8871,-2.397,-1.9379,-1.6094,-1.4844,-1.5962,-1.9205,-2.3752,-2.8343,-3.1764,-3.3405,-3.3363,-3.209,-3.0014,-2.7402,-2.4436,-2.15,-1.9117,-1.781,-1.7859,-1.9199,-2.1516,-2.4426,-2.7598,-3.0892,-3.4214,-3.7368,-3.9917,-4.118,-4.049,-3.7599,-3.2867,-2.7058,-2.097,-1.5162,-0.99325
-9.4783,-9.6201,-8.5047,-7.3741,-6.6814,-6.4624,-6.4817,-6.3628,-5.9293,-5.3783,-4.964,-4.7524,-4.6823,-4.6365,-4.4618,-4.0707,-3.5871,-3.2412,-3.154,-3.301,-3.5659,-3.7921,-3.8598,-3.7594,-3.5632,-3.3393,-3.1186,-2.9266,-2.7881,-2.7189,-2.7076,-2.7186,-2.7219,-2.7171,-2.7455,-2.8508,-3.0394,-3.2717,-3.4842,-3.6273,-3.6722,-3.6077,-3.4213,-3.1045,-2.6772,-2.2002,-1.7683,-1.4747,-1.3858,-1.5349,-1.898,-2.3946,-2.9004,-3.2907,-3.4947,-3.5136,-3.3874,-3.157,-2.8512,-2.4994,-2.1463,-1.8578,-1.6938,-1.682,-1.8104,-2.041,-2.328,-2.6409,-2.958,-3.2658,-3.544,-3.7546,-3.8433,-3.7595,-3.4856,-3.0513,-2.5227,-1.9636,-1.4245,-0.93521
-9.4904,-9.579,-8.5067,-7.4392,-6.8129,-6.6655,-6.7469,-6.641,-6.1563,-5.5289,-5.0486,-4.7907,-4.6916,-4.6368,-4.4709,-4.0931,-3.6082,-3.2415,-3.1204,-3.2307,-3.4696,-3.6969,-3.7995,-3.7529,-3.6023,-3.3954,-3.1612,-2.9338,-2.7549,-2.6486,-2.6089,-2.6033,-2.6059,-2.6219,-2.6864,-2.8331,-3.0518,-3.295,-3.4913,-3.5935,-3.5793,-3.4504,-3.2113,-2.8676,-2.4425,-1.9914,-1.5932,-1.3307,-1.269,-1.4368,-1.821,-2.3499,-2.9038,-3.3561,-3.6206,-3.679,-3.5596,-3.3002,-2.9349,-2.5057,-2.081,-1.7386,-1.5419,-1.5133,-1.633,-1.8559,-2.1353,-2.4306,-2.7212,-2.993,-3.227,-3.3907,-3.4416,-3.3445,-3.0919,-2.7114,-2.252,-1.7663,-1.2944,-0.86003
-9.4217,-9.4762,-8.462,-7.4584,-6.8872,-6.7888,-6.9087,-6.8111,-6.3007,-5.6332,-5.1158,-4.8228,-4.6905,-4.6086,-4.4286,-4.0537,-3.5732,-3.1962,-3.0496,-3.1279,-3.3411,-3.5634,-3.6906,-3.6898,-3.585,-3.4066,-3.1805,-2.9433,-2.7467,-2.6224,-2.5669,-2.5533,-2.5556,-2.5789,-2.656,-2.8133,-3.0404,-3.2825,-3.4709,-3.5513,-3.5049,-3.3394,-3.07,-2.7124,-2.2934,-1.8625,-1.4906,-1.2503,-1.1992,-1.3685,-1.7471,-2.2748,-2.8464,-3.339,-3.6562,-3.7577,-3.6518,-3.3715,-2.9607,-2.4794,-2.0073,-1.6306,-1.4118,-1.3692,-1.4789,-1.6938,-1.9629,-2.2477,-2.5219,-2.7684,-2.9689,-3.0983,-3.1263,-3.0285,-2.8004,-2.4633,-2.0556,-1.6204,-1.1925,-0.79438
-9.2369,-9.2584,-8.3464,-7.4445,-6.9491,-6.9079,-7.0668,-6.9819,-6.4578,-5.7643,-5.211,-4.8729,-4.6846,-4.5412,-4.3177,-3.9344,-3.4629,-3.0811,-2.9045,-2.9357,-3.1047,-3.3115,-3.4677,-3.5305,-3.4965,-3.3725,-3.1747,-2.9466,-2.7457,-2.6121,-2.5454,-2.524,-2.527,-2.5558,-2.6376,-2.7928,-3.0104,-3.2367,-3.4051,-3.4613,-3.3867,-3.1936,-2.9045,-2.5433,-2.1396,-1.7367,-1.3936,-1.1715,-1.1221,-1.2777,-1.6361,-2.1518,-2.7345,-3.2691,-3.6473,-3.8024,-3.7181,-3.4192,-2.9598,-2.4192,-1.8975,-1.4872,-1.2473,-1.1886,-1.2825,-1.4804,-1.7329,-1.9976,-2.2466,-2.4609,-2.6248,-2.7212,-2.7312,-2.6398,-2.4447,-2.1599,-1.8155,-1.4435,-1.0717,-0.71946
-8.965,-8.972,-8.178,-7.3857,-6.9649,-6.9695,-7.1556,-7.0876,-6.5772,-5.8847,-5.3108,-4.9301,-4.6777,-4.4556,-4.1678,-3.759,-3.2937,-2.9134,-2.7117,-2.6951,-2.8134,-2.9934,-3.1661,-3.2867,-3.3288,-3.2743,-3.1267,-2.9321,-2.7514,-2.626,-2.5585,-2.5295,-2.5242,-2.5476,-2.6231,-2.7689,-2.9678,-3.1715,-3.3141,-3.3489,-3.2592,-3.0563,-2.7652,-2.4118,-2.027,-1.6504,-1.3312,-1.1224,-1.0706,-1.2073,-1.5389,-2.0324,-2.6117,-3.1702,-3.5944,-3.7961,-3.7366,-3.4309,-2.9404,-2.3617,-1.8067,-1.3718,-1.1134,-1.0385,-1.1157,-1.2962,-1.5297,-1.7772,-2.0071,-2.1977,-2.3343,-2.4059,-2.4031,-2.319,-2.153,-1.913,-1.6219,-1.302,-0.9755,-0.65973
-8.7205,-8.7288,-8.0259,-7.3156,-6.9459,-6.9765,-7.1763,-7.128,-6.6456,-5.9685,-5.388,-4.9765,-4.6745,-4.3914,-4.0483,-3.6113,-3.1432,-2.7611,-2.5418,-2.4919,-2.5729,-2.7285,-2.9052,-3.0608,-3.1586,-3.164,-3.0685,-2.9118,-2.7564,-2.6434,-2.5789,-2.5444,-2.5286,-2.539,-2.602,-2.7326,-2.9172,-3.108,-3.2437,-3.2746,-3.1818,-2.9746,-2.6803,-2.3297,-1.9562,-1.5983,-1.2996,-1.1052,-1.055,-1.1813,-1.4922,-1.9629,-2.5295,-3.0938,-3.54,-3.7698,-3.7274,-3.4199,-2.9151,-2.3199,-1.7539,-1.3132,-1.0497,-0.9667,-1.0328,-1.201,-1.423,-1.6589,-1.8756,-2.0506,-2.1712,-2.23,-2.2219,-2.1429,-1.9927,-1.7772,-1.5152,-1.225,-0.92607,-0.63401
-8.3627,-8.387,-7.8033,-7.1948,-6.8831,-6.9368,-7.1471,-7.1361,-6.7116,-6.0728,-5.4902,-5.0422,-4.6757,-4.3146,-3.9002,-3.4182,-2.9327,-2.5395,-2.2956,-2.2044,-2.2394,-2.3636,-2.54,-2.7319,-2.8967,-2.9844,-2.9698,-2.8757,-2.7594,-2.6639,-2.5978,-2.5504,-2.5144,-2.5039,-2.5481,-2.6642,-2.8394,-3.0254,-3.1643,-3.2018,-3.1132,-2.9042,-2.6026,-2.2486,-1.8841,-1.5483,-1.2788,-1.1074,-1.0653,-1.1811,-1.4679,-1.9114,-2.4573,-3.0128,-3.4658,-3.7112,-3.685,-3.3872,-2.8835,-2.287,-1.7193,-1.278,-1.0135,-0.9271,-0.98599,-1.1444,-1.3551,-1.5818,-1.7891,-1.9523,-2.058,-2.102,-2.0844,-2.006,-1.8678,-1.6732,-1.437,-1.1732,-0.89827,-0.62655
-7.991,-8.0466,-7.5735,-7.0537,-6.7855,-6.8482,-7.0659,-7.1025,-6.7567,-6.1727,-5.596,-5.114,-4.6886,-4.2564,-3.772,-3.2409,-2.7287,-2.3163,-2.0456,-1.9175,-1.9136,-2.0107,-2.1848,-2.4061,-2.6267,-2.7879,-2.8503,-2.8215,-2.7473,-2.6697,-2.599,-2.5308,-2.4659,-2.4303,-2.4603,-2.5783,-2.7639,-2.966,-3.118,-3.1676,-3.0866,-2.8786,-2.5726,-2.2133,-1.852,-1.5316,-1.2859,-1.14,-1.1148,-1.2321,-1.5041,-1.9191,-2.4302,-2.956,-3.3901,-3.6307,-3.6103,-3.3234,-2.8336,-2.2525,-1.7037,-1.2829,-1.0365,-0.96196,-1.0256,-1.1834,-1.394,-1.6153,-1.8161,-1.9718,-2.0685,-2.1026,-2.0761,-1.9918,-1.8524,-1.6647,-1.4352,-1.181,-0.91771,-0.65864
-7.7151,-7.8038,-7.4072,-6.9419,-6.6964,-6.7562,-6.9786,-7.0565,-6.7796,-6.2466,-5.6803,-5.1762,-4.7116,-4.23,-3.6944,-3.1242,-2.588,-2.1585,-1.869,-1.7177,-1.69,-1.7702,-1.9415,-2.1776,-2.4303,-2.6377,-2.7501,-2.767,-2.7242,-2.66,-2.5858,-2.4985,-2.4077,-2.3503,-2.3722,-2.4986,-2.7054,-2.9355,-3.1155,-3.1862,-3.1152,-2.9007,-2.5802,-2.2099,-1.8462,-1.5416,-1.3209,-1.1995,-1.1937,-1.313,-1.5714,-1.9601,-2.4369,-2.924,-3.3282,-3.5523,-3.5308,-3.2555,-2.7848,-2.2265,-1.7006,-1.3018,-1.076,-1.0204,-1.101,-1.2733,-1.492,-1.72,-1.922,-2.0723,-2.1588,-2.1816,-2.146,-2.0561,-1.9139,-1.7218,-1.4919,-1.2367,-0.97137,-0.70928
-7.3649,-7.5083,-7.2023,-6.7962,-6.5649,-6.6116,-6.8348,-6.9698,-6.7939,-6.3394,-5.7946,-5.2708,-4.7621,-4.2216,-3.6238,-2.9986,-2.425,-1.9706,-1.6588,-1.4838,-1.4331,-1.4963,-1.6619,-1.9082,-2.1904,-2.4446,-2.6143,-2.6853,-2.6815,-2.6327,-2.5494,-2.4333,-2.3075,-2.2226,-2.2394,-2.3831,-2.6298,-2.9132,-3.1493,-3.2654,-3.2138,-2.9952,-2.6502,-2.2532,-1.8817,-1.5889,-1.4017,-1.3234,-1.3509,-1.4859,-1.7306,-2.0759,-2.4868,-2.901,-3.238,-3.4168,-3.3805,-3.1186,-2.6797,-2.1605,-1.6786,-1.3258,-1.1478,-1.1398,-1.2637,-1.4699,-1.7122,-1.9503,-2.1523,-2.2976,-2.3772,-2.392,-2.3461,-2.2427,-2.0841,-1.8773,-1.6301,-1.3591,-1.0814,-0.81101
-7.1217,-7.3118,-7.0667,-6.6951,-6.464,-6.4934,-6.7142,-6.8908,-6.7923,-6.3999,-5.8769,-5.3449,-4.8123,-4.2361,-3.5959,-2.9311,-2.3267,-1.8513,-1.5249,-1.3383,-1.2776,-1.333,-1.4958,-1.7454,-2.0394,-2.3142,-2.5152,-2.6198,-2.6435,-2.6055,-2.5132,-2.3748,-2.2217,-2.1187,-2.1351,-2.302,-2.591,-2.9248,-3.2084,-3.3564,-3.317,-3.0928,-2.7338,-2.324,-1.9501,-1.6689,-1.5068,-1.4613,-1.5173,-1.6653,-1.8967,-2.1994,-2.5456,-2.8881,-3.1592,-3.2947,-3.2423,-2.9874,-2.5714,-2.0851,-1.6421,-1.3341,-1.2048,-1.2459,-1.4148,-1.6581,-1.9257,-2.1779,-2.3871,-2.5339,-2.6094,-2.6146,-2.5554,-2.4372,-2.2641,-2.0403,-1.7777,-1.4927,-1.2015,-0.91757
-6.8295,-7.0889,-6.917,-6.5788,-6.3356,-6.3349,-6.5456,-6.7711,-6.7712,-6.4623,-5.9724,-5.44,-4.8886,-4.2793,-3.5948,-2.8806,-2.2334,-1.7289,-1.3855,-1.1886,-1.1214,-1.1749,-1.34,-1.593,-1.8924,-2.1781,-2.3987,-2.5323,-2.5831,-2.5597,-2.4629,-2.3026,-2.1213,-1.9995,-2.0188,-2.218,-2.5644,-2.9693,-3.3181,-3.5088,-3.4853,-3.2518,-2.8766,-2.4578,-2.0888,-1.8342,-1.7137,-1.7156,-1.811,-1.9688,-2.172,-2.4081,-2.6588,-2.8915,-3.0628,-3.1217,-3.0291,-2.7733,-2.3866,-1.9479,-1.5617,-1.3189,-1.2652,-1.3915,-1.6464,-1.9627,-2.2797,-2.5546,-2.7619,-2.8944,-2.9554,-2.9515,-2.8865,-2.7597,-2.5699,-2.3218,-2.0302,-1.7129,-1.3905,-1.0803
-6.5785,-6.9132,-6.8084,-6.4902,-6.2248,-6.1846,-6.3764,-6.6394,-6.7261,-6.4943,-6.0409,-5.5173,-4.9621,-4.3385,-3.6231,-2.8675,-2.1819,-1.6516,-1.2945,-1.093,-1.028,-1.0873,-1.258,-1.5137,-1.8104,-2.0927,-2.3144,-2.4579,-2.5248,-2.5164,-2.4257,-2.2576,-2.062,-1.9298,-1.9535,-2.1769,-2.5666,-3.0293,-3.4368,-3.6742,-3.673,-3.4402,-3.0542,-2.6298,-2.2731,-2.0517,-1.9843,-2.0464,-2.1879,-2.3573,-2.5188,-2.6635,-2.7937,-2.9011,-2.9629,-2.944,-2.8095,-2.5462,-2.1813,-1.787,-1.4606,-1.2912,-1.3226,-1.5418,-1.8894,-2.285,-2.6543,-2.9489,-3.1536,-3.2743,-3.3246,-3.3137,-3.242,-3.1043,-2.8975,-2.6262,-2.3064,-1.9616,-1.6138,-1.2793
-6.4192,-6.8137,-6.7555,-6.4462,-6.1579,-6.0829,-6.254,-6.534,-6.6732,-6.4942,-6.0693,-5.5577,-5.0084,-4.3842,-3.6539,-2.8751,-2.166,-1.6196,-1.2568,-1.0583,-1.0016,-1.0707,-1.2485,-1.5053,-1.7954,-2.0657,-2.2772,-2.4178,-2.4921,-2.4955,-2.4152,-2.2523,-2.0545,-1.9188,-1.9447,-2.1789,-2.5915,-3.0837,-3.5256,-3.7908,-3.8048,-3.5787,-3.1962,-2.7798,-2.4423,-2.2499,-2.222,-2.3279,-2.502,-2.6776,-2.8064,-2.8812,-2.919,-2.9325,-2.9085,-2.8248,-2.654,-2.3833,-2.0339,-1.671,-1.3858,-1.2656,-1.3574,-1.6487,-2.0724,-2.5322,-2.9388,-3.2405,-3.4291,-3.5277,-3.564,-3.5515,-3.4865,-3.3553,-3.1472,-2.8663,-2.529,-2.1605,-1.7873,-1.4302
-6.247,-6.7243,-6.7242,-6.4206,-6.0963,-5.9692,-6.102,-6.388,-6.5786,-6.4597,-6.0722,-5.5816,-5.0473,-4.4313,-3.6979,-2.8998,-2.1671,-1.6061,-1.2422,-1.0542,-1.0158,-1.1066,-1.3025,-1.5663,-1.8446,-2.0873,-2.2686,-2.3902,-2.4619,-2.4797,-2.4218,-2.2811,-2.1007,-1.9731,-2.0023,-2.2396,-2.6608,-3.169,-3.6289,-3.9102,-3.941,-3.731,-3.373,-2.9894,-2.6886,-2.5454,-2.5724,-2.7326,-2.948,-3.1192,-3.192,-3.1705,-3.095,-2.9953,-2.8765,-2.7167,-2.4936,-2.2005,-1.8608,-1.5318,-1.3007,-1.2479,-1.4157,-1.7881,-2.2917,-2.8167,-3.2561,-3.5536,-3.7162,-3.7871,-3.8073,-3.794,-3.7394,-3.623,-3.4274,-3.1464,-2.8029,-2.4218,-2.0304,-1.6506
-6.12,-6.683,-6.7384,-6.4366,-6.0712,-5.8859,-5.9711,-6.2421,-6.4599,-6.3869,-6.0351,-5.5659,-5.0498,-4.4519,-3.7301,-2.9307,-2.1905,-1.6253,-1.2665,-1.0941,-1.0807,-1.2019,-1.4259,-1.7024,-1.9662,-2.1678,-2.2992,-2.385,-2.4475,-2.4815,-2.455,-2.352,-2.2031,-2.0953,-2.1272,-2.3558,-2.7591,-3.2492,-3.6991,-3.988,-4.0409,-3.8653,-3.5402,-3.1873,-2.9248,-2.8237,-2.906,-3.1257,-3.377,-3.5467,-3.5608,-3.4423,-3.2627,-3.0737,-2.8794,-2.6648,-2.4071,-2.0985,-1.7608,-1.4545,-1.2551,-1.243,-1.462,-1.895,-2.4588,-3.0244,-3.4692,-3.7368,-3.8529,-3.8886,-3.9011,-3.9066,-3.8863,-3.8061,-3.6388,-3.3813,-3.0409,-2.653,-2.2506,-1.8591
-6.0531,-6.6819,-6.7782,-6.4767,-6.0791,-5.8475,-5.8904,-6.1375,-6.3589,-6.3086,-5.9782,-5.5242,-5.0233,-4.4434,-3.7396,-2.953,-2.2196,-1.6595,-1.3086,-1.1499,-1.1572,-1.3046,-1.5541,-1.8426,-2.0948,-2.2598,-2.3429,-2.3918,-2.4418,-2.488,-2.4951,-2.4327,-2.3177,-2.2265,-2.2557,-2.4652,-2.8404,-3.3012,-3.7305,-4.0143,-4.0813,-3.9338,-3.6443,-3.3274,-3.0959,-3.0255,-3.1348,-3.375,-3.6375,-3.7904,-3.769,-3.6086,-3.389,-3.1601,-2.9328,-2.6833,-2.3929,-2.062,-1.7191,-1.42,-1.2424,-1.2591,-1.5049,-1.9557,-2.5249,-3.0834,-3.5106,-3.7532,-3.8499,-3.8749,-3.8853,-3.8992,-3.901,-3.8565,-3.7317,-3.5039,-3.1928,-2.8181,-2.4127,-2.0077
-5.9997,-6.718,-6.8692,-6.5682,-6.1278,-5.831,-5.8102,-6.0111,-6.216,-6.178,-5.8704,-5.4365,-4.9562,-4.4044,-3.7358,-2.9815,-2.2707,-1.7259,-1.3889,-1.2481,-1.2812,-1.4621,-1.7454,-2.053,-2.2919,-2.4089,-2.4262,-2.4187,-2.4418,-2.4994,-2.5542,-2.5569,-2.4996,-2.4347,-2.4552,-2.626,-2.948,-3.3546,-3.7444,-4.0159,-4.1043,-4,-3.762,-3.4898,-3.2893,-3.2399,-3.362,-3.609,-3.8681,-4.0056,-3.958,-3.7688,-3.5253,-3.2795,-3.0307,-2.7585,-2.4462,-2.098,-1.7451,-1.4452,-1.27,-1.2851,-1.5231,-1.9596,-2.5066,-3.0335,-3.4227,-3.6321,-3.7069,-3.7289,-3.7567,-3.8051,-3.8517,-3.856,-3.7798,-3.6026,-3.3256,-2.9774,-2.5913,-2.1975
-5.9843,-6.7694,-6.9636,-6.665,-6.1925,-5.8461,-5.773,-5.9316,-6.1105,-6.0697,-5.7745,-5.3554,-4.8917,-4.3635,-3.7257,-3.0034,-2.3171,-1.7883,-1.4629,-1.3338,-1.3818,-1.5826,-1.8875,-2.2087,-2.4398,-2.5231,-2.495,-2.4466,-2.4487,-2.5127,-2.5984,-2.6488,-2.636,-2.5945,-2.608,-2.7456,-3.019,-3.3764,-3.7334,-4.001,-4.112,-4.0471,-3.8428,-3.5897,-3.3974,-3.3445,-3.4597,-3.6954,-3.937,-4.0602,-4.0071,-3.8281,-3.6064,-3.3798,-3.1435,-2.8691,-2.5411,-2.1708,-1.7976,-1.4845,-1.2964,-1.2979,-1.5143,-1.9164,-2.418,-2.8994,-3.2575,-3.4562,-3.5374,-3.5739,-3.6198,-3.6903,-3.7666,-3.8093,-3.7765,-3.6407,-3.4018,-3.079,-2.706,-2.3166
-5.9927,-6.8658,-7.1196,-6.8291,-6.3167,-5.9041,-5.7585,-5.8492,-5.9788,-5.9226,-5.638,-5.2393,-4.8009,-4.3056,-3.7101,-3.0339,-2.3862,-1.8828,-1.572,-1.4526,-1.5112,-1.7273,-2.0517,-2.3866,-2.6096,-2.6548,-2.5743,-2.4804,-2.4613,-2.5337,-2.655,-2.7608,-2.8009,-2.7886,-2.7912,-2.8854,-3.0954,-3.3923,-3.7086,-3.9696,-4.1085,-4.0886,-3.9275,-3.6985,-3.5031,-3.4264,-3.4978,-3.6794,-3.8761,-3.982,-3.9581,-3.8436,-3.6956,-3.5316,-3.3293,-3.0586,-2.7129,-2.3159,-1.9152,-1.5712,-1.3533,-1.3114,-1.4655,-1.7892,-2.2095,-2.6262,-2.9527,-3.1586,-3.2732,-3.352,-3.4376,-3.5424,-3.65,-3.7269,-3.7365,-3.6498,-3.4604,-3.1818,-2.8406,-2.4675
-6.03,-6.988,-7.3046,-7.03,-6.483,-6.0046,-5.7833,-5.7983,-5.869,-5.7881,-5.5104,-5.1324,-4.7198,-4.256,-3.6991,-3.0671,-2.4603,-1.9843,-1.6844,-1.5639,-1.617,-1.8302,-2.1575,-2.4975,-2.7161,-2.7412,-2.6294,-2.5082,-2.4756,-2.5553,-2.7066,-2.8573,-2.9408,-2.9461,-2.9312,-2.9791,-3.1343,-3.3851,-3.6797,-3.9459,-4.1126,-4.1272,-3.9907,-3.7639,-3.5442,-3.4206,-3.4281,-3.5419,-3.6887,-3.7906,-3.8192,-3.7987,-3.758,-3.6889,-3.549,-3.3013,-2.9425,-2.5088,-2.0611,-1.6696,-1.3959,-1.29,-1.3701,-1.6133,-1.9585,-2.3237,-2.6385,-2.8727,-3.0383,-3.1705,-3.2992,-3.4344,-3.5651,-3.6655,-3.7037,-3.6543,-3.5018,-3.2548,-2.9389,-2.5864
-6.073,-7.0915,-7.4583,-7.2027,-6.6327,-6.1066,-5.827,-5.7819,-5.8045,-5.702,-5.4287,-5.0667,-4.6722,-4.2281,-3.6966,-3.0954,-2.5183,-2.0624,-1.7679,-1.6386,-1.6741,-1.8693,-2.1843,-2.5192,-2.7379,-2.7641,-2.6496,-2.5264,-2.4936,-2.5796,-2.7476,-2.9198,-3.0231,-3.0317,-3.0024,-3.0195,-3.1423,-3.3689,-3.656,-3.9332,-4.1207,-4.1557,-4.0217,-3.7774,-3.5261,-3.3587,-3.3185,-3.3848,-3.4978,-3.6022,-3.6772,-3.74,-3.7976,-3.815,-3.7324,-3.5043,-3.1331,-2.6681,-2.1818,-1.7476,-1.4302,-1.2733,-1.2936,-1.474,-1.7659,-2.1026,-2.4216,-2.6895,-2.9042,-3.0839,-3.2475,-3.4022,-3.5409,-3.6458,-3.693,-3.657,-3.5278,-3.3071,-3.0129,-2.6727
-6.1454,-7.239,-7.6768,-7.4551,-6.8634,-6.2758,-5.9169,-5.7902,-5.7474,-5.616,-5.3485,-5.0073,-4.6325,-4.2078,-3.7022,-3.1361,-2.595,-2.1625,-1.8699,-1.7189,-1.7149,-1.8637,-2.1397,-2.4554,-2.6805,-2.7329,-2.6516,-2.5566,-2.5435,-2.6414,-2.8152,-2.9898,-3.0899,-3.0909,-3.0456,-3.0452,-3.1476,-3.3586,-3.6357,-3.914,-4.1119,-4.1577,-4.0254,-3.7617,-3.4673,-3.2373,-3.1209,-3.1173,-3.193,-3.3155,-3.4733,-3.6628,-3.859,-3.9997,-3.9974,-3.7962,-3.4052,-2.892,-2.3462,-1.85,-1.4681,-1.2437,-1.1943,-1.3085,-1.5494,-1.8643,-2.2006,-2.5182,-2.8006,-3.0453,-3.2553,-3.4324,-3.5747,-3.6748,-3.7187,-3.6891,-3.5709,-3.3647,-3.0863,-2.7614
-6.2073,-7.3525,-7.8455,-7.6579,-7.057,-6.425,-6.0064,-5.8191,-5.7284,-5.5766,-5.3143,-4.9871,-4.6238,-4.2071,-3.7133,-3.1668,-2.6481,-2.2297,-1.9341,-1.761,-1.7189,-1.8212,-2.0542,-2.3459,-2.5801,-2.671,-2.6407,-2.588,-2.6031,-2.712,-2.8813,-3.0416,-3.1219,-3.1061,-3.049,-3.0417,-3.1408,-3.3509,-3.6294,-3.9088,-4.106,-4.1441,-3.996,-3.7086,-3.3808,-3.1118,-2.9533,-2.9126,-2.9725,-3.1117,-3.3245,-3.6009,-3.9,-4.1337,-4.197,-4.0201,-3.6156,-3.0663,-2.4763,-1.9363,-1.509,-1.2368,-1.1388,-1.2105,-1.4241,-1.735,-2.091,-2.4507,-2.7817,-3.0685,-3.3066,-3.4965,-3.6392,-3.7321,-3.7666,-3.7286,-3.6104,-3.4099,-3.1403,-2.824
-6.2953,-7.5009,-8.0705,-7.94,-7.337,-6.6494,-6.1513,-5.884,-5.7331,-5.5571,-5.3019,-4.99,-4.6364,-4.2222,-3.7325,-3.2006,-2.7041,-2.2993,-1.996,-1.7894,-1.6911,-1.7244,-1.8929,-2.1503,-2.4022,-2.5625,-2.6231,-2.6486,-2.7113,-2.8347,-2.9899,-3.1151,-3.1541,-3.1037,-3.0294,-3.0178,-3.1235,-3.3424,-3.6299,-3.9104,-4.095,-4.1094,-3.9264,-3.5994,-3.233,-2.9191,-2.7177,-2.6438,-2.6916,-2.8619,-3.1511,-3.5414,-3.9711,-4.3245,-4.4641,-4.3067,-3.8772,-3.283,-2.6455,-2.0567,-1.5828,-1.261,-1.1116,-1.1371,-1.3198,-1.6248,-2.0046,-2.4122,-2.8047,-3.1498,-3.428,-3.6334,-3.7699,-3.8436,-3.8551,-3.7991,-3.6681,-3.4631,-3.1962,-2.8877
-6.3832,-7.6398,-8.286,-8.2274,-7.6354,-6.897,-6.3201,-5.9753,-5.7695,-5.5732,-5.3228,-5.0217,-4.6705,-4.2486,-3.7507,-3.2212,-2.7362,-2.3401,-2.029,-1.7906,-1.637,-1.6017,-1.7079,-1.9342,-2.208,-2.4456,-2.6113,-2.7327,-2.8534,-2.9913,-3.1212,-3.1941,-3.175,-3.0826,-2.9936,-2.9928,-3.1195,-3.3563,-3.6457,-3.908,-4.0615,-4.0385,-3.8278,-3.4815,-3.0913,-2.7509,-2.5148,-2.4107,-2.4522,-2.649,-3.0055,-3.4948,-4.0356,-4.488,-4.6902,-4.5533,-4.1126,-3.4916,-2.822,-2.203,-1.6916,-1.3277,-1.1356,-1.1236,-1.2812,-1.579,-1.9735,-2.4153,-2.852,-3.2408,-3.5527,-3.775,-3.9096,-3.9658,-3.9523,-3.8715,-3.7243,-3.5123,-3.2449,-2.9392
-6.4462,-7.7346,-8.4374,-8.4402,-7.8652,-7.0931,-6.459,-6.0586,-5.8153,-5.605,-5.3576,-5.0616,-4.7073,-4.2729,-3.7616,-3.2253,-2.7418,-2.3497,-2.0345,-1.7762,-1.587,-1.5073,-1.5726,-1.7782,-2.0673,-2.3611,-2.6084,-2.8074,-2.979,-3.1278,-3.232,-3.2562,-3.1869,-3.0627,-2.966,-2.9752,-3.1188,-3.3706,-3.6633,-3.9158,-4.046,-3.9971,-3.7634,-3.3996,-2.9966,-2.6416,-2.3901,-2.2736,-2.3137,-2.5265,-2.9206,-3.467,-4.0749,-4.5848,-4.8241,-4.695,-4.2455,-3.6155,-2.9425,-2.3175,-1.7985,-1.4179,-1.1987,-1.1544,-1.2829,-1.5631,-1.9563,-2.4109,-2.8734,-3.2922,-3.6278,-3.8611,-3.9937,-4.0393,-4.0108,-3.9155,-3.7546,-3.5345,-3.2661,-2.9654
-6.5239,-7.8443,-8.6196,-8.7123,-8.172,-7.361,-6.653,-6.1832,-5.8943,-5.6684,-5.4249,-5.1315,-4.7656,-4.3073,-3.7673,-3.2115,-2.7234,-2.3347,-2.0188,-1.7454,-1.5232,-1.3983,-1.42,-1.6021,-1.9075,-2.2665,-2.6139,-2.915,-3.1543,-3.3146,-3.3764,-3.3292,-3.1923,-3.028,-2.9245,-2.9494,-3.121,-3.3986,-3.7068,-3.9538,-4.0574,-3.9715,-3.7035,-3.318,-2.9049,-2.54,-2.2784,-2.1534,-2.1915,-2.4218,-2.8507,-3.4431,-4.0962,-4.6413,-4.8976,-4.7813,-4.3514,-3.7479,-3.1011,-2.4952,-1.976,-1.5745,-1.318,-1.229,-1.3154,-1.5635,-1.9388,-2.3908,-2.8604,-3.2922,-3.6445,-3.8954,-4.0416,-4.0917,-4.0574,-3.9504,-3.777,-3.5485,-3.2784,-2.9822
-6.5927,-7.9348,-8.7747,-8.9617,-8.4677,-7.6247,-6.8489,-6.3142,-5.9855,-5.7491,-5.5109,-5.2174,-4.835,-4.3444,-3.766,-3.1806,-2.6798,-2.2934,-1.9846,-1.7118,-1.4764,-1.3249,-1.3157,-1.4777,-1.792,-2.1992,-2.628,-3.0156,-3.3082,-3.47,-3.4838,-3.3665,-3.1702,-2.9769,-2.876,-2.9286,-3.138,-3.4503,-3.7759,-4.0166,-4.0948,-3.9784,-3.6915,-3.3009,-2.8875,-2.5218,-2.2517,-2.1147,-2.1472,-2.3767,-2.8135,-3.4164,-4.0729,-4.6072,-4.8548,-4.7481,-4.3569,-3.814,-3.232,-2.6762,-2.1816,-1.7728,-1.4811,-1.3397,-1.3688,-1.5643,-1.8971,-2.3198,-2.7755,-3.2071,-3.569,-3.8352,-3.999,-4.0652,-4.0419,-3.937,-3.7642,-3.5358,-3.2691,-2.982
-6.6379,-7.99,-8.8717,-9.1281,-8.6735,-7.8126,-6.9903,-6.4121,-6.058,-5.8184,-5.586,-5.2922,-4.8952,-4.3766,-3.7644,-3.151,-2.6366,-2.2517,-1.9533,-1.6909,-1.4588,-1.3003,-1.2758,-1.4241,-1.7373,-2.1661,-2.6375,-3.0694,-3.3887,-3.5452,-3.5247,-3.3609,-3.1281,-2.9213,-2.8306,-2.9116,-3.1556,-3.5011,-3.8459,-4.0894,-4.1559,-4.0223,-3.7224,-3.3267,-2.915,-2.5508,-2.2807,-2.1417,-2.1681,-2.392,-2.8186,-3.4013,-4.0246,-4.5222,-4.7429,-4.6435,-4.2971,-3.8214,-3.3094,-2.8087,-2.344,-1.9349,-1.6175,-1.4354,-1.4184,-1.568,-1.8586,-2.2446,-2.6712,-3.0861,-3.4479,-3.7289,-3.9144,-4.0003,-3.9909,-3.897,-3.7308,-3.5114,-3.2559,-2.9791
-6.6906,-8.0482,-8.9743,-9.3154,-8.9159,-8.0395,-7.164,-6.5355,-6.1559,-5.9184,-5.6982,-5.4056,-4.9884,-4.4288,-3.7666,-3.1107,-2.5754,-2.1935,-1.916,-1.6813,-1.4706,-1.3179,-1.2835,-1.4143,-1.7143,-2.144,-2.6321,-3.0892,-3.4233,-3.5664,-3.5066,-3.2937,-3.0256,-2.8111,-2.7456,-2.8722,-3.1755,-3.5771,-3.9659,-4.2264,-4.283,-4.125,-3.8038,-3.4025,-2.9987,-2.6494,-2.3913,-2.2542,-2.2707,-2.4696,-2.8547,-3.377,-3.9227,-4.3418,-4.5191,-4.4361,-4.1617,-3.7875,-3.3791,-2.9655,-2.5507,-2.1509,-1.8071,-1.574,-1.4925,-1.5732,-1.797,-2.1227,-2.5026,-2.8889,-3.2418,-3.533,-3.7445,-3.8656,-3.8915,-3.8234,-3.6782,-3.4713,-3.2239,-2.9566
-6.7256,-8.0826,-9.0319,-9.4258,-9.0668,-8.1859,-7.2795,-6.6209,-6.2292,-5.9985,-5.7917,-5.5016,-5.0689,-4.4774,-3.7763,-3.0868,-2.5347,-2.1567,-1.9001,-1.6942,-1.5093,-1.3706,-1.335,-1.4511,-1.7292,-2.1387,-2.614,-3.0656,-3.3924,-3.5165,-3.4267,-3.1853,-2.9019,-2.6962,-2.6619,-2.8371,-3.1948,-3.6458,-4.0681,-4.3404,-4.3892,-4.2159,-3.8842,-3.4844,-3.0929,-2.7619,-2.5197,-2.3887,-2.3968,-2.5685,-2.9061,-3.3628,-3.8338,-4.1857,-4.3304,-4.2583,-4.0314,-3.7274,-3.3968,-3.0488,-2.6809,-2.2981,-1.9418,-1.6758,-1.5512,-1.5842,-1.7586,-2.0369,-2.3746,-2.7315,-3.0744,-3.3759,-3.6104,-3.7571,-3.8049,-3.7566,-3.625,-3.4339,-3.2043,-2.9525
-6.7681,-8.1194,-9.0856,-9.5307,-9.22,-8.3426,-7.4086,-6.7226,-6.3236,-6.1099,-5.9266,-5.6444,-5.1931,-4.5604,-3.8087,-3.0761,-2.5032,-2.1328,-1.9083,-1.748,-1.6077,-1.4976,-1.4639,-1.5532,-1.7864,-2.1466,-2.5766,-2.9895,-3.2789,-3.3643,-3.2388,-2.9729,-2.6869,-2.5074,-2.5263,-2.7773,-3.2167,-3.7401,-4.2056,-4.488,-4.5219,-4.3307,-3.9945,-3.6073,-3.2464,-2.9482,-2.7327,-2.613,-2.6057,-2.7368,-3.0051,-3.3644,-3.7225,-3.9809,-4.0751,-4.0166,-3.8556,-3.6414,-3.3983,-3.1249,-2.8019,-2.4376,-2.0783,-1.7902,-1.626,-1.606,-1.7209,-1.9398,-2.2275,-2.5504,-2.8789,-3.1862,-3.4446,-3.6265,-3.711,-3.6898,-3.5806,-3.403,-3.182,-2.9388
-6.8098,-8.151,-9.1176,-9.5887,-9.3146,-8.4504,-7.5068,-6.8085,-6.414,-6.2266,-6.0751,-5.8081,-5.344,-4.6735,-3.8732,-3.1014,-2.5104,-2.1475,-1.9559,-1.8473,-1.7612,-1.6865,-1.6548,-1.7124,-1.8867,-2.1748,-2.5326,-2.8795,-3.1101,-3.1498,-2.993,-2.7138,-2.4397,-2.294,-2.3693,-2.6909,-3.2095,-3.8057,-4.3217,-4.6154,-4.63,-4.4088,-4.0639,-3.7028,-3.3911,-3.1566,-2.9931,-2.8941,-2.8704,-2.9415,-3.1171,-3.3679,-3.624,-3.8053,-3.8702,-3.8225,-3.6994,-3.5376,-3.3507,-3.1234,-2.8399,-2.5015,-2.1521,-1.8591,-1.6766,-1.6265,-1.7002,-1.8764,-2.1256,-2.4216,-2.7412,-3.0585,-3.3406,-3.5507,-3.6596,-3.6594,-3.5599,-3.3904,-3.1804,-2.9521
-6.8427,-8.1742,-9.1306,-9.6034,-9.3468,-8.4986,-7.5592,-6.8619,-6.4789,-6.3179,-6.1978,-5.9487,-5.4785,-4.7824,-3.9479,-3.1477,-2.5442,-2.1888,-2.0235,-1.9558,-1.9142,-1.8703,-1.8401,-1.8672,-1.9863,-2.2073,-2.4998,-2.7881,-2.9723,-2.979,-2.8002,-2.5137,-2.2448,-2.1223,-2.2371,-2.6102,-3.1833,-3.8254,-4.3691,-4.6672,-4.6677,-4.4352,-4.0935,-3.7575,-3.4923,-3.3108,-3.1937,-3.1181,-3.0819,-3.1089,-3.2143,-3.3833,-3.5648,-3.6981,-3.7444,-3.7073,-3.61,-3.4737,-3.3021,-3.0845,-2.8044,-2.4753,-2.1436,-1.8681,-1.6929,-1.6359,-1.694,-1.8484,-2.079,-2.3655,-2.6859,-3.0127,-3.3101,-3.5381,-3.664,-3.6745,-3.5841,-3.4186,-3.2077,-2.9756
-6.8913,-8.2079,-9.1372,-9.59,-9.3425,-8.5204,-7.6003,-6.9176,-6.5596,-6.4437,-6.3769,-6.1615,-5.6911,-4.9645,-4.0865,-3.2498,-2.6311,-2.2873,-2.1596,-2.1486,-2.1686,-2.169,-2.1427,-2.1221,-2.1562,-2.2747,-2.4662,-2.6669,-2.7881,-2.7546,-2.557,-2.2659,-2.0036,-1.9048,-2.0606,-2.4898,-3.1203,-3.8064,-4.3637,-4.6499,-4.6325,-4.4004,-4.0878,-3.8074,-3.6189,-3.519,-3.4677,-3.4197,-3.3608,-3.3186,-3.3308,-3.4062,-3.5133,-3.6026,-3.6376,-3.6077,-3.522,-3.3901,-3.2111,-2.9751,-2.6861,-2.3658,-2.0583,-1.8121,-1.6611,-1.618,-1.6775,-1.8291,-2.0568,-2.3448,-2.6744,-3.0189,-3.3394,-3.5897,-3.7314,-3.7493,-3.6582,-3.488,-3.2728,-3.0388
-6.9473,-8.2466,-9.1366,-9.5469,-9.2917,-8.4996,-7.6115,-6.956,-6.6327,-6.5724,-6.5693,-6.3998,-5.9392,-5.1872,-4.2699,-3.4003,-2.7696,-2.4387,-2.3478,-2.3922,-2.4731,-2.5178,-2.4964,-2.4299,-2.3753,-2.3824,-2.4614,-2.5686,-2.624,-2.5552,-2.3466,-2.0578,-1.8081,-1.7267,-1.9054,-2.3596,-3.0131,-3.7115,-4.2668,-4.5394,-4.5177,-4.3003,-4.0329,-3.8257,-3.7247,-3.7178,-3.7385,-3.7175,-3.6313,-3.5157,-3.4343,-3.4226,-3.469,-3.5319,-3.568,-3.5526,-3.4756,-3.3322,-3.1183,-2.8372,-2.5101,-2.1792,-1.893,-1.6874,-1.5781,-1.5663,-1.6468,-1.8119,-2.0533,-2.3607,-2.7169,-3.0917,-3.4405,-3.7117,-3.8638,-3.8838,-3.785,-3.6046,-3.3792,-3.1355
