0.76544,0.45696,0.14119,-0.16741,-0.39777,-0.4076,-0.15863,0.14683,0.30244,0.26511,0.077978,-0.21394,-0.53934,-0.75307,-0.70983,-0.37223,0.1996,0.90397,1.6323,2.2815,2.7649,3.0267,3.0512,2.857,2.4844,2.0012,1.5193,1.1817,1.0729,1.1572,1.3175,1.4263,1.404,1.2279,0.95221,0.69886,0.60298,0.71001,0.94534,1.2016,1.4031,1.5203,1.5521,1.5057,1.3861,1.1935,0.92398,0.58747,0.22681,-0.071759,-0.19736,-0.093861,0.18791,0.52909,0.82794,1.0276,1.1154,1.1017,0.99932,0.81148,0.54057,0.19795,-0.19228,-0.5962,-0.98083,-1.3227,-1.6066,-1.8326,-1.9922,-2.0725,-2.0565,-1.9355,-1.7233,-1.4568,-1.1821,-0.94008,-0.74594,-0.61273,-0.53863,-0.51476
0.72379,0.4437,0.15351,-0.1309,-0.34177,-0.34326,-0.10216,0.19134,0.33752,0.2881,0.074103,-0.25686,-0.61318,-0.83255,-0.78049,-0.44077,0.11667,0.79282,1.4853,2.0969,2.5456,2.779,2.7834,2.5788,2.2093,1.744,1.2912,0.98372,0.89714,0.99472,1.168,1.2976,1.3066,1.176,0.95506,0.75093,0.67923,0.77644,0.98385,1.2087,1.3878,1.4923,1.5212,1.4777,1.3606,1.1667,0.89104,0.54626,0.1801,-0.11455,-0.22569,-0.10569,0.18459,0.5284,0.82375,1.0226,1.1157,1.1106,1.015,0.83444,0.56913,0.23248,-0.14757,-0.53827,-0.91403,-1.261,-1.5756,-1.8429,-2.0473,-2.1578,-2.1439,-1.9988,-1.7524,-1.4589,-1.1703,-0.91821,-0.72823,-0.5991,-0.52594,-0.50027
0.66197,0.42578,0.1745,-0.07543,-0.25864,-0.25394,-0.02893,0.24803,0.39046,0.33915,0.10379,-0.27309,-0.67322,-0.90417,-0.8437,-0.50565,0.025433,0.65357,1.2869,1.8396,2.2383,2.4353,2.419,2.2118,1.8573,1.4253,1.0201,0.7564,0.6927,0.79624,0.967,1.1089,1.1529,1.0849,0.94104,0.80884,0.77389,0.86357,1.0368,1.2221,1.3668,1.4511,1.4689,1.4234,1.3141,1.1279,0.86402,0.53372,0.1832,-0.091302,-0.18743,-0.063292,0.2187,0.54285,0.82059,1.0038,1.0853,1.076,0.98631,0.81591,0.57332,0.26749,-0.081454,-0.44843,-0.81283,-1.1633,-1.4942,-1.7906,-2.0229,-2.1463,-2.1205,-1.9433,-1.6615,-1.3447,-1.0507,-0.81234,-0.63682,-0.52615,-0.47211,-0.46321
0.60964,0.41077,0.19199,-0.030747,-0.19281,-0.1853,0.024542,0.28944,0.43613,0.39481,0.15772,-0.24332,-0.67322,-0.91633,-0.8554,-0.52646,-0.024597,0.55738,1.1372,1.6392,1.9976,2.1694,2.1439,1.9421,1.6045,1.1987,0.82595,0.59004,0.54157,0.64613,0.81415,0.96044,1.0255,0.99781,0.90977,0.83385,0.83329,0.92503,1.0691,1.214,1.3257,1.3893,1.4066,1.3745,1.2792,1.1125,0.86464,0.55168,0.22849,-0.018492,-0.095467,0.022423,0.27297,0.55964,0.80266,0.96835,1.0486,1.0468,0.96603,0.80761,0.57471,0.28106,-0.04973,-0.39511,-0.74197,-1.0851,-1.4177,-1.7199,-1.9479,-2.0484,-1.9882,-1.7832,-1.4933,-1.1869,-0.91357,-0.69796,-0.54781,-0.45658,-0.4162,-0.41727
0.53041,0.38702,0.21438,0.029739,-0.1037,-0.092278,0.096172,0.34662,0.50416,0.49045,0.26942,-0.14442,-0.60349,-0.86536,-0.81515,-0.51312,-0.065329,0.44149,0.93833,1.3638,1.6648,1.8062,1.7781,1.5937,1.2861,0.91401,0.57203,0.36244,0.32807,0.43215,0.59842,0.74766,0.83484,0.8493,0.82603,0.81478,0.85892,0.95759,1.0766,1.1816,1.2524,1.2915,1.3,1.2738,1.2024,1.0663,0.86128,0.60316,0.33676,0.13986,0.084083,0.18361,0.38412,0.60731,0.79546,0.92186,0.98296,0.98106,0.91431,0.77703,0.56877,0.30175,-0.0027914,-0.32412,-0.65015,-0.97575,-1.2929,-1.5746,-1.7749,-1.8393,-1.7401,-1.5049,-1.2049,-0.91271,-0.6733,-0.50024,-0.39339,-0.34289,-0.33545,-0.3587
0.43893,0.3563,0.23256,0.088716,-0.0151,0.0019859,0.1704,0.4046,0.57694,0.6007,0.41392,0.010922,-0.45889,-0.73734,-0.71064,-0.45449,-0.078543,0.33733,0.73717,1.0756,1.3146,1.4284,1.4068,1.2529,0.98387,0.64549,0.32907,0.13713,0.11162,0.20977,0.36218,0.50305,0.59749,0.6461,0.68019,0.7334,0.8241,0.93237,1.0325,1.0986,1.1294,1.135,1.1291,1.1147,1.077,0.99586,0.86101,0.68055,0.48851,0.34447,0.29641,0.35483,0.484,0.6319,0.7573,0.8473,0.89911,0.90912,0.86648,0.75796,0.57726,0.33334,0.048734,-0.25378,-0.56091,-0.86636,-1.159,-1.4071,-1.5616,-1.5727,-1.4289,-1.176,-0.88927,-0.63136,-0.43398,-0.30684,-0.2389,-0.21947,-0.23789,-0.28428
0.36194,0.32793,0.2424,0.13023,0.049835,0.072594,0.22672,0.44706,0.62977,0.68409,0.53091,0.14965,-0.31492,-0.6022,-0.59971,-0.38751,-0.074676,0.2648,0.58487,0.85259,1.0425,1.1371,1.1256,1.0009,0.76668,0.45625,0.15747,-0.02533,-0.052719,0.033622,0.16457,0.29112,0.3876,0.46347,0.53868,0.63876,0.75666,0.86821,0.94475,0.97699,0.97723,0.9649,0.9617,0.96776,0.96255,0.92721,0.84456,0.72123,0.58768,0.47925,0.43631,0.4657,0.5424,0.63002,0.71103,0.77597,0.82341,0.8457,0.82549,0.7435,0.58644,0.36351,0.096274,-0.19231,-0.4871,-0.77829,-1.0483,-1.2667,-1.3858,-1.364,-1.1991,-0.94057,-0.66232,-0.42436,-0.25614,-0.15836,-0.12351,-0.1368,-0.18156,-0.24329
0.24954,0.28256,0.24869,0.17936,0.13164,0.1657,0.30333,0.50278,0.69262,0.78433,0.6797,0.34133,-0.099749,-0.39281,-0.42825,-0.28202,-0.060493,0.17031,0.37702,0.54364,0.66335,0.73189,0.73882,0.66267,0.4839,0.21749,-0.056513,-0.23448,-0.27504,-0.21331,-0.11096,-0.0056994,0.092847,0.19304,0.31106,0.45065,0.59123,0.70086,0.7545,0.75506,0.72345,0.69349,0.68722,0.70873,0.746,0.7714,0.77245,0.74383,0.68865,0.63179,0.58754,0.5651,0.56115,0.57152,0.59104,0.62928,0.68624,0.74425,0.77115,0.73296,0.61544,0.42104,0.17253,-0.10303,-0.38469,-0.65634,-0.89765,-1.0754,-1.1457,-1.0809,-0.89513,-0.6446,-0.39653,-0.19822,-0.068518,-0.008893,-0.0020914,-0.035086,-0.095425,-0.17257
0.15964,0.24261,0.24749,0.21049,0.18868,0.23465,0.36151,0.54097,0.72899,0.84224,0.77455,0.47718,0.064347,-0.22817,-0.29325,-0.19989,-0.049186,0.097714,0.21545,0.3013,0.36455,0.41277,0.43577,0.40099,0.27035,0.043804,-0.20739,-0.38118,-0.43222,-0.39171,-0.31271,-0.22794,-0.13645,-0.028969,0.11084,0.27127,0.42476,0.53081,0.57037,0.54844,0.49289,0.44494,0.43493,0.47449,0.54915,0.63107,0.69621,0.72876,0.72605,0.69061,0.63524,0.57322,0.51498,0.47048,0.45926,0.49339,0.5695,0.66041,0.72389,0.72272,0.63095,0.45643,0.22506,-0.032968,-0.29475,-0.54381,-0.7589,-0.90988,-0.96128,-0.88861,-0.70492,-0.46365,-0.23091,-0.053884,0.050143,0.088793,0.07148,0.018421,-0.054745,-0.13703
0.035696,0.18246,0.23781,0.24427,0.25939,0.32352,0.43501,0.582,0.75396,0.88357,0.86225,0.62697,0.26366,-0.021843,-0.12468,-0.10217,-0.045141,-0.0088705,-0.010148,-0.0354,-0.052077,-0.033366,0.012178,0.034491,-0.025394,-0.18665,-0.39206,-0.54522,-0.60197,-0.59124,-0.55545,-0.51041,-0.44579,-0.33714,-0.176,0.01359,0.18103,0.27718,0.28686,0.2244,0.13516,0.066521,0.062477,0.13387,0.25969,0.40639,0.54295,0.64654,0.69845,0.69141,0.62452,0.51313,0.38621,0.28182,0.23487,0.26895,0.37621,0.51763,0.63894,0.69007,0.6471,0.51104,0.30666,0.067627,-0.17583,-0.39972,-0.58163,-0.69732,-0.71954,-0.63798,-0.47176,-0.26647,-0.073329,0.071185,0.15181,0.16989,0.13944,0.073453,-0.012862,-0.10563
-0.087742,0.11688,0.2206,0.26853,0.32128,0.40555,0.50095,0.60706,0.74596,0.87541,0.89403,0.72575,0.42306,0.1554,0.020924,-0.023344,-0.05652,-0.12796,-0.24759,-0.38782,-0.49302,-0.51338,-0.4513,-0.37082,-0.3497,-0.42339,-0.55039,-0.65846,-0.71374,-0.73575,-0.7491,-0.75003,-0.71154,-0.60656,-0.43581,-0.23831,-0.078279,-0.0026757,-0.025949,-0.11993,-0.23641,-0.31395,-0.30997,-0.21323,-0.044493,0.15589,0.35045,0.50741,0.59926,0.60489,0.52188,0.3696,0.19022,0.041062,-0.023856,0.023604,0.16948,0.36175,0.53448,0.63351,0.63027,0.52843,0.3567,0.15234,-0.05312,-0.23757,-0.38404,-0.47298,-0.48875,-0.42396,-0.29219,-0.12887,0.023427,0.13336,0.18871,0.19038,0.15224,0.08854,0.010657,-0.073565
-0.17557,0.066528,0.2025,0.28,0.3609,0.46006,0.54362,0.61387,0.7156,0.83275,0.87515,0.75848,0.50789,0.26249,0.11092,0.021138,-0.075757,-0.22462,-0.4317,-0.66031,-0.83761,-0.8948,-0.82638,-0.70329,-0.61397,-0.60538,-0.65374,-0.70961,-0.75223,-0.79314,-0.84019,-0.87642,-0.86147,-0.76913,-0.6032,-0.41217,-0.26397,-0.20521,-0.24866,-0.36173,-0.49307,-0.57885,-0.57428,-0.46446,-0.27226,-0.039059,0.19203,0.38067,0.49317,0.50351,0.40547,0.22413,0.014072,-0.15629,-0.22018,-0.15181,0.023059,0.24323,0.44126,0.56588,0.58858,0.51601,0.37557,0.20313,0.029882,-0.12278,-0.24003,-0.31238,-0.33007,-0.28816,-0.19367,-0.069557,0.051647,0.14139,0.18472,0.18341,0.14283,0.076297,-0.0024594,-0.081569
-0.28036,0.00091657,0.17275,0.28695,0.40325,0.52067,0.58624,0.60169,0.63902,0.72417,0.78993,0.74227,0.56836,0.36204,0.19712,0.055441,-0.11786,-0.36126,-0.67786,-1.0227,-1.3026,-1.4206,-1.3543,-1.1768,-0.98817,-0.84919,-0.76747,-0.72908,-0.73366,-0.78458,-0.87091,-0.95527,-0.98693,-0.92868,-0.78593,-0.61231,-0.48185,-0.44531,-0.50972,-0.64231,-0.78527,-0.87393,-0.86008,-0.7342,-0.52488,-0.27556,-0.030128,0.17398,0.30052,0.31973,0.22307,0.033466,-0.19043,-0.36522,-0.42568,-0.34492,-0.15305,0.084568,0.29995,0.4428,0.49408,0.45839,0.36266,0.24024,0.11834,0.013586,-0.065201,-0.11772,-0.14099,-0.13295,-0.093788,-0.030935,0.03877,0.094757,0.12222,0.12066,0.087011,0.035259,-0.023524,-0.081801
-0.36487,-0.05982,0.13923,0.28545,0.43165,0.56101,0.60455,0.55874,0.51908,0.55861,0.6396,0.66137,0.56961,0.41167,0.24517,0.06421,-0.17181,-0.49509,-0.90762,-1.3612,-1.7478,-1.942,-1.8949,-1.6696,-1.3723,-1.082,-0.84422,-0.69292,-0.64311,-0.69123,-0.80683,-0.93466,-1.017,-1.0052,-0.90191,-0.7622,-0.66154,-0.64996,-0.72813,-0.86132,-0.99418,-1.0691,-1.0483,-0.92449,-0.72204,-0.47842,-0.23356,-0.026464,0.10787,0.13257,0.040299,-0.14154,-0.34892,-0.50494,-0.53982,-0.44529,-0.25993,-0.043544,0.14999,0.28618,0.34823,0.34491,0.29904,0.2372,0.17884,0.13186,0.094092,0.061328,0.027372,-0.0061034,-0.030418,-0.036374,-0.023042,-6.1442e-05,0.018614,0.020341,0.0071931,-0.020004,-0.056322,-0.096382
-0.41151,-0.099703,0.11263,0.27799,0.44135,0.57455,0.59795,0.50225,0.40006,0.39902,0.48787,0.56167,0.53442,0.4189,0.25928,0.05856,-0.21351,-0.58444,-1.0562,-1.5803,-2.0421,-2.2977,-2.2734,-2.0179,-1.6362,-1.226,-0.87082,-0.63397,-0.54395,-0.58645,-0.71553,-0.87008,-0.98335,-1.0084,-0.94387,-0.8415,-0.77185,-0.77833,-0.86349,-0.98839,-1.103,-1.1567,-1.1247,-1.0068,-0.82181,-0.60089,-0.37192,-0.16909,-0.03228,0.0090842,-0.061295,-0.21871,-0.40094,-0.53022,-0.55588,-0.46955,-0.30835,-0.1247,0.0376,0.15196,0.21529,0.23444,0.22796,0.21462,0.20586,0.20289,0.19757,0.17856,0.1371,0.074563,0.0061279,-0.046863,-0.072004,-0.073696,-0.066274,-0.058898,-0.064147,-0.077818,-0.095279,-0.11277
-0.44785,-0.14298,0.076113,0.25956,0.43745,0.56759,0.55884,0.39336,0.20375,0.14345,0.23795,0.37986,0.4423,0.39043,0.25152,0.038844,-0.26437,-0.67889,-1.2058,-1.7985,-2.3405,-2.6709,-2.6842,-2.3998,-1.9156,-1.3543,-0.85022,-0.50979,-0.371,-0.4058,-0.55151,-0.73742,-0.8926,-0.97074,-0.96731,-0.92136,-0.89244,-0.91879,-1.0005,-1.1058,-1.1878,-1.2131,-1.1634,-1.0485,-0.88937,-0.70453,-0.51217,-0.33276,-0.19609,-0.13351,-0.1599,-0.25891,-0.38155,-0.46973,-0.48029,-0.41775,-0.31492,-0.20783,-0.11777,-0.047961,0.0043182,0.053236,0.10675,0.16692,0.22988,0.28648,0.32397,0.32606,0.28106,0.18977,0.070577,-0.045216,-0.12925,-0.17094,-0.17811,-0.16902,-0.15205,-0.13593,-0.12441,-0.11876
-0.45517,-0.16806,0.04918,0.24033,0.42197,0.54331,0.50535,0.28677,0.032368,-0.074094,0.020162,0.21129,0.34335,0.34497,0.23135,0.021172,-0.29181,-0.72206,-1.269,-1.8882,-2.4657,-2.8367,-2.8774,-2.5826,-2.0379,-1.3847,-0.78963,-0.38969,-0.22229,-0.25306,-0.4107,-0.61608,-0.8025,-0.92039,-0.96292,-0.96337,-0.96945,-1.0128,-1.0864,-1.1657,-1.2148,-1.2142,-1.1559,-1.0499,-0.9137,-0.75478,-0.58512,-0.41914,-0.27939,-0.19648,-0.1858,-0.23848,-0.31847,-0.3784,-0.39271,-0.36172,-0.30936,-0.26049,-0.22464,-0.1943,-0.1495,-0.080055,0.014452,0.12447,0.23646,0.33566,0.40425,0.42568,0.38709,0.28648,0.14196,-0.0099266,-0.13106,-0.20196,-0.2266,-0.21972,-0.19939,-0.17472,-0.14962,-0.12504
-0.44077,-0.19181,0.015332,0.20739,0.38417,0.4839,0.40252,0.11376,-0.2213,-0.3898,-0.30195,-0.05008,0.17668,0.25907,0.19164,0.00046655,-0.30676,-0.73444,-1.2777,-1.8938,-2.4761,-2.8656,-2.9275,-2.6273,-2.0363,-1.3109,-0.65199,-0.21312,-0.033875,-0.06651,-0.23482,-0.45603,-0.66638,-0.82149,-0.91798,-0.97897,-1.0392,-1.1114,-1.181,-1.2248,-1.2269,-1.1851,-1.1122,-1.0209,-0.91559,-0.79533,-0.65308,-0.49466,-0.34124,-0.2228,-0.16345,-0.1615,-0.19248,-0.22987,-0.25237,-0.26861,-0.29327,-0.33265,-0.37549,-0.39366,-0.36096,-0.26201,-0.10816,0.073624,0.25452,0.41015,0.52023,0.56841,0.53998,0.43502,0.27341,0.092786,-0.065731,-0.17538,-0.23054,-0.24001,-0.22155,-0.1862,-0.14373,-0.1015
-0.40307,-0.20453,-0.018453,0.16378,0.32536,0.39442,0.26438,-0.086072,-0.49168,-0.72089,-0.64787,-0.34293,-0.019544,0.15283,0.14542,-0.01056,-0.29244,-0.69289,-1.2002,-1.7719,-2.3113,-2.6758,-2.7373,-2.4478,-1.8617,-1.1338,-0.47565,-0.042957,0.12716,0.087082,-0.081452,-0.30403,-0.51889,-0.69651,-0.83334,-0.94989,-1.0612,-1.1614,-1.2319,-1.252,-1.2199,-1.1498,-1.0628,-0.97557,-0.89104,-0.79666,-0.6773,-0.52549,-0.35554,-0.19865,-0.088816,-0.042471,-0.050498,-0.089139,-0.14615,-0.21737,-0.30838,-0.41684,-0.51963,-0.57391,-0.53871,-0.40308,-0.19341,0.046039,0.27679,0.4734,0.61879,0.69695,0.69688,0.61475,0.4628,0.27263,0.086739,-0.058803,-0.14756,-0.1839,-0.17845,-0.14838,-0.10662,-0.061333
-0.36366,-0.20898,-0.045086,0.12442,0.26786,0.30873,0.1419,-0.24582,-0.6925,-0.96341,-0.90781,-0.56993,-0.17521,0.068792,0.11339,-0.0072939,-0.25972,-0.62677,-1.0908,-1.6091,-2.0935,-2.4183,-2.4693,-2.1974,-1.6451,-0.95583,-0.33331,0.072192,0.22596,0.17975,0.012601,-0.20375,-0.41554,-0.5976,-0.75203,-0.89497,-1.0344,-1.1552,-1.2291,-1.2389,-1.1892,-1.1072,-1.0187,-0.93971,-0.86916,-0.78597,-0.67157,-0.51669,-0.33234,-0.15567,-0.022177,0.045525,0.047714,-0.0019249,-0.08594,-0.2005,-0.3422,-0.49758,-0.63325,-0.69899,-0.65114,-0.4842,-0.2358,0.040636,0.30259,0.52457,0.69065,0.79091,0.814,0.75508,0.62251,0.44197,0.25102,0.085453,-0.032543,-0.096208,-0.11424,-0.097524,-0.058715,-0.0094219
-0.30314,-0.21168,-0.081987,0.063532,0.176,0.17252,-0.040327,-0.45992,-0.93724,-1.2526,-1.2275,-0.85879,-0.37696,-0.037807,0.079242,0.012256,-0.19203,-0.5035,-0.89619,-1.3277,-1.7237,-1.9838,-2.016,-1.7754,-1.2945,-0.69425,-0.15318,0.19331,0.31502,0.26067,0.10325,-0.090846,-0.28023,-0.44919,-0.60768,-0.77193,-0.94045,-1.0859,-1.1695,-1.1731,-1.1125,-1.0215,-0.94003,-0.88232,-0.83214,-0.76563,-0.65101,-0.48126,-0.2784,-0.074797,0.079949,0.1559,0.14819,0.071452,-0.059433,-0.22738,-0.4202,-0.6164,-0.77391,-0.83561,-0.75755,-0.54595,-0.25362,0.057104,0.34348,0.58488,0.77133,0.89699,0.95406,0.935,0.83974,0.68272,0.49369,0.30935,0.16046,0.061052,0.015768,0.012161,0.035463,0.07301
-0.25681,-0.2127,-0.1115,0.012011,0.096702,0.056712,-0.18592,-0.61215,-1.0897,-1.4232,-1.4227,-1.043,-0.50652,-0.10344,0.065675,0.03858,-0.12779,-0.39382,-0.72836,-1.0911,-1.4192,-1.6305,-1.6493,-1.4373,-1.0211,-0.50372,-0.041018,0.24975,0.34331,0.28418,0.14356,-0.023022,-0.18032,-0.32598,-0.47385,-0.64296,-0.82334,-0.97997,-1.0732,-1.084,-1.0293,-0.94663,-0.87352,-0.82478,-0.78629,-0.72513,-0.61451,-0.44589,-0.23666,-0.027822,0.13438,0.21391,0.19852,0.099864,-0.064244,-0.26994,-0.49463,-0.70889,-0.86687,-0.91119,-0.80498,-0.5641,-0.24774,0.079758,0.37676,0.62557,0.82176,0.96121,1.0389,1.0473,0.98203,0.84951,0.6716,0.48172,0.31395,0.19193,0.12166,0.099621,0.11318,0.14751
-0.1988,-0.21498,-0.15517,-0.064226,-0.02059,-0.11009,-0.37936,-0.7863,-1.2275,-1.5555,-1.5824,-1.2077,-0.62428,-0.15535,0.07015,0.089777,-0.028282,-0.23452,-0.49387,-0.77074,-1.0171,-1.1726,-1.1806,-1.0108,-0.68382,-0.28129,0.072111,0.28524,0.33909,0.2772,0.16111,0.038494,-0.06707,-0.16552,-0.28206,-0.43603,-0.61503,-0.77908,-0.88143,-0.90417,-0.86426,-0.80272,-0.75544,-0.73289,-0.71617,-0.66937,-0.56529,-0.39858,-0.1898,0.016433,0.17269,0.24296,0.21412,0.092657,-0.09859,-0.33666,-0.5917,-0.82197,-0.9706,-0.98083,-0.82871,-0.54809,-0.20992,0.12258,0.41597,0.66125,0.85895,1.0112,1.113,1.1536,1.1226,1.0197,0.86094,0.67623,0.49967,0.35806,0.2657,0.22085,0.21444,0.2346
-0.14941,-0.22164,-0.20312,-0.14663,-0.14588,-0.28143,-0.55935,-0.91189,-1.271,-1.5529,-1.5905,-1.241,-0.65192,-0.15364,0.10321,0.15535,0.077209,-0.076306,-0.26933,-0.47243,-0.6516,-0.76491,-0.77111,-0.64673,-0.40691,-0.11524,0.13529,0.27509,0.29511,0.2358,0.14804,0.074222,0.025775,-0.015778,-0.087798,-0.21005,-0.37376,-0.53401,-0.64409,-0.68068,-0.65974,-0.62281,-0.6059,-0.61748,-0.63168,-0.61106,-0.52578,-0.37345,-0.18054,0.01203,0.15447,0.21141,0.16981,0.037308,-0.16894,-0.4203,-0.68142,-0.90396,-1.0271,-0.997,-0.80579,-0.50106,-0.15693,0.16839,0.44823,0.67915,0.86784,1.0185,1.1285,1.1882,1.1845,1.1104,0.97395,0.80085,0.62531,0.47826,0.37547,0.31997,0.30467,0.31846
-0.12046,-0.23075,-0.24102,-0.21043,-0.24102,-0.4059,-0.67788,-0.96695,-1.2365,-1.4562,-1.4836,-1.1601,-0.59576,-0.1077,0.15098,0.21321,0.15478,0.032203,-0.11981,-0.27741,-0.41625,-0.50574,-0.51376,-0.42129,-0.24105,-0.026025,0.15127,0.23862,0.23679,0.18343,0.12206,0.088139,0.083641,0.083479,0.046584,-0.049826,-0.19433,-0.34337,-0.44937,-0.49269,-0.48852,-0.47601,-0.48554,-0.52188,-0.5607,-0.56131,-0.50037,-0.37603,-0.20898,-0.04268,0.082958,0.13483,0.096941,-0.0301,-0.22983,-0.47922,-0.73758,-0.94765,-1.0446,-0.98453,-0.76514,-0.4483,-0.10952,0.19927,0.4591,0.67236,0.84656,0.99193,1.1043,1.1715,1.1785,1.1172,0.99508,0.83546,0.67009,0.52749,0.4272,0.3724,0.35715,0.3704
-0.094879,-0.24787,-0.29364,-0.29648,-0.36503,-0.55782,-0.80255,-0.9804,-1.1038,-1.2106,-1.1994,-0.9118,-0.41558,0.016781,0.2446,0.29834,0.25061,0.15595,0.045411,-0.064807,-0.16216,-0.22857,-0.24084,-0.18431,-0.070894,0.054851,0.14019,0.15997,0.13083,0.087622,0.065729,0.083574,0.13609,0.18911,0.20123,0.14374,0.030498,-0.097034,-0.19189,-0.23814,-0.25259,-0.27054,-0.31909,-0.39681,-0.47566,-0.51778,-0.49892,-0.41894,-0.29847,-0.16996,-0.070766,-0.03021,-0.064147,-0.17391,-0.35085,-0.56986,-0.7921,-0.9638,-1.0247,-0.93156,-0.69867,-0.38367,-0.058734,0.22756,0.45948,0.64331,0.79403,0.91915,1.0202,1.0864,1.1009,1.0527,0.94708,0.80705,0.66298,0.54009,0.45563,0.40964,0.39722,0.41158
-0.083719,-0.26994,-0.34684,-0.3811,-0.48014,-0.68514,-0.87984,-0.92596,-0.88823,-0.86395,-0.78921,-0.53161,-0.13146,0.2034,0.36421,0.38326,0.32748,0.24576,0.16288,0.086843,0.020254,-0.028648,-0.043774,-0.014354,0.04724,0.10078,0.10705,0.066235,0.0097135,-0.025515,-0.01556,0.044934,0.14483,0.24844,0.31096,0.30343,0.23029,0.13018,0.043589,-0.0097282,-0.044157,-0.088783,-0.16792,-0.28017,-0.39777,-0.48892,-0.52853,-0.51161,-0.45197,-0.37121,-0.2993,-0.26271,-0.27922,-0.35527,-0.49051,-0.6661,-0.84483,-0.97198,-0.99015,-0.86836,-0.62534,-0.32343,-0.027684,0.22372,0.42266,0.57862,0.70615,0.81259,0.89859,0.95449,0.96561,0.92228,0.82948,0.70811,0.58659,0.49044,0.42686,0.40198,0.41038,0.4426
-0.083466,-0.28882,-0.3854,-0.44024,-0.55647,-0.75951,-0.90479,-0.84758,-0.68911,-0.56288,-0.43042,-0.18794,0.13268,0.37474,0.46567,0.44252,0.36822,0.28588,0.21479,0.15705,0.10875,0.071898,0.057776,0.074359,0.10662,0.11643,0.073525,-0.0077264,-0.08386,-0.11625,-0.08835,-0.0018812,0.12627,0.26103,0.35835,0.38787,0.34937,0.27338,0.19641,0.13641,0.086002,0.019435,-0.080208,-0.21198,-0.35544,-0.47891,-0.56282,-0.59879,-0.58961,-0.55218,-0.50509,-0.47062,-0.46881,-0.51444,-0.60912,-0.74335,-0.88316,-0.97493,-0.96387,-0.82768,-0.58468,-0.29808,-0.028317,0.19368,0.36649,0.50344,0.61792,0.71598,0.79446,0.8407,0.84157,0.79337,0.70732,0.60554,0.51102,0.43771,0.39986,0.39087,0.40558,0.43946
-0.091909,-0.31436,-0.43314,-0.51033,-0.63983,-0.82598,-0.89532,-0.70529,-0.39786,-0.14014,0.073142,0.30295,0.51765,0.62389,0.60274,0.50727,0.39447,0.29929,0.23392,0.19346,0.16616,0.14656,0.14,0.14963,0.15539,0.11859,0.019823,-0.11121,-0.21393,-0.24754,-0.20374,-0.090417,0.069789,0.24187,0.38176,0.45544,0.45751,0.41018,0.34623,0.28316,0.21652,0.12918,0.005227,-0.15366,-0.32715,-0.49246,-0.62756,-0.7223,-0.77568,-0.78794,-0.77284,-0.74772,-0.73199,-0.74259,-0.78886,-0.86275,-0.93883,-0.9762,-0.93304,-0.78785,-0.56783,-0.31955,-0.089395,0.099668,0.24844,0.36954,0.47566,0.56885,0.64288,0.68478,0.68268,0.63504,0.55486,0.46517,0.3892,0.34211,0.32686,0.3442,0.38725,0.44671
-0.10221,-0.3314,-0.46353,-0.55426,-0.68702,-0.85114,-0.86006,-0.57878,-0.1728,0.17478,0.44641,0.67016,0.80862,0.80971,0.69675,0.53749,0.38701,0.27496,0.20834,0.17726,0.16507,0.16145,0.16703,0.17942,0.17463,0.11064,-0.027625,-0.19586,-0.32069,-0.35744,-0.30405,-0.17421,0.0054617,0.20168,0.3699,0.47458,0.50347,0.47387,0.41462,0.34589,0.26765,0.1678,0.034112,-0.13206,-0.31687,-0.50006,-0.66553,-0.80057,-0.89413,-0.94159,-0.94712,-0.92661,-0.90202,-0.89273,-0.91073,-0.95252,-0.99538,-1.0019,-0.93716,-0.79417,-0.58904,-0.36998,-0.17454,-0.015506,0.11507,0.23179,0.34286,0.44667,0.53106,0.57831,0.57669,0.52938,0.45501,0.37857,0.32022,0.28977,0.29071,0.31808,0.36646,0.43057
-0.11744,-0.34765,-0.49325,-0.59836,-0.72709,-0.8528,-0.78338,-0.39878,0.1173,0.5687,0.91054,1.1287,1.1729,1.0368,0.79772,0.54471,0.33439,0.19133,0.1169,0.095587,0.10484,0.12811,0.15899,0.18821,0.18027,0.088701,-0.098915,-0.31901,-0.47709,-0.51986,-0.45074,-0.29961,-0.097806,0.12177,0.31903,0.4565,0.51453,0.50084,0.44124,0.36007,0.26842,0.16162,0.031106,-0.12761,-0.30887,-0.5,-0.68646,-0.85182,-0.9789,-1.0581,-1.0883,-1.0845,-1.0679,-1.0554,-1.0546,-1.0625,-1.0648,-1.0404,-0.97016,-0.8459,-0.68971,-0.52625,-0.37564,-0.24226,-0.11795,0.0080708,0.14108,0.27276,0.38459,0.45551,0.47188,0.43702,0.37169,0.30387,0.2558,0.23691,0.24839,0.2876,0.34887,0.42554
-0.12964,-0.35276,-0.50738,-0.62184,-0.73825,-0.81959,-0.68174,-0.21902,0.37981,0.9141,1.3133,1.524,1.4839,1.2205,0.85601,0.50502,0.22799,0.046946,-0.039946,-0.051605,-0.015647,0.043519,0.10941,0.16222,0.15837,0.045841,-0.18368,-0.45164,-0.64188,-0.69085,-0.60856,-0.43762,-0.21508,0.024037,0.24038,0.39423,0.46225,0.45017,0.38331,0.29272,0.19667,0.09794,-0.012323,-0.14425,-0.29868,-0.47018,-0.64407,-0.80368,-0.93472,-1.0256,-1.0805,-1.1116,-1.1312,-1.145,-1.1543,-1.1569,-1.147,-1.1152,-1.0538,-0.96667,-0.86094,-0.75489,-0.65521,-0.55373,-0.43432,-0.28525,-0.11162,0.0741,0.24047,0.35639,0.40466,0.39103,0.34049,0.28303,0.24059,0.22504,0.23534,0.27215,0.33358,0.41563
-0.13369,-0.34744,-0.50585,-0.62365,-0.72751,-0.77384,-0.59207,-0.088487,0.5545,1.1361,1.5669,1.7693,1.6714,1.3192,0.86391,0.43813,0.10806,-0.10455,-0.20249,-0.20557,-0.14448,-0.050645,0.049559,0.12528,0.12778,0.0016578,-0.25605,-0.55584,-0.76705,-0.81918,-0.72808,-0.54246,-0.30654,-0.057406,0.16475,0.31893,0.38301,0.36301,0.28961,0.19594,0.10388,0.019681,-0.064859,-0.16096,-0.27626,-0.4103,-0.55348,-0.6916,-0.81079,-0.90438,-0.97916,-1.0465,-1.1106,-1.1655,-1.2016,-1.2138,-1.2048,-1.1795,-1.1418,-1.0942,-1.0443,-0.99176,-0.92836,-0.83912,-0.70952,-0.5339,-0.31905,-0.09054,0.11818,0.27463,0.35938,0.37464,0.34274,0.29417,0.25385,0.23454,0.24286,0.27758,0.3361,0.41435
-0.13083,-0.32615,-0.48563,-0.60479,-0.68838,-0.68867,-0.45912,0.076306,0.75499,1.3792,1.8365,2.0212,1.8511,1.3892,0.81937,0.29526,-0.10724,-0.36405,-0.477,-0.46595,-0.36514,-0.21529,-0.057484,0.061523,0.079804,-0.06076,-0.35563,-0.69637,-0.93343,-0.98649,-0.87954,-0.67435,-0.42366,-0.169,0.048802,0.19199,0.23866,0.19965,0.10973,0.011546,-0.064814,-0.11172,-0.13916,-0.16649,-0.21012,-0.27659,-0.36095,-0.45333,-0.54675,-0.64046,-0.74416,-0.86613,-1.0009,-1.1263,-1.2197,-1.2708,-1.2877,-1.2888,-1.2921,-1.3083,-1.3334,-1.3543,-1.3459,-1.2809,-1.1405,-0.92207,-0.64628,-0.34235,-0.056931,0.16726,0.30502,0.35757,0.34877,0.311,0.27165,0.24825,0.24708,0.27514,0.33281,0.41587
-0.1162,-0.28727,-0.44458,-0.56167,-0.62309,-0.58101,-0.31638,0.2297,0.9189,1.5618,2.0255,2.1819,1.941,1.3793,0.70351,0.08711,-0.38466,-0.68349,-0.80844,-0.77776,-0.62863,-0.41218,-0.1857,-0.013254,0.030922,-0.11649,-0.44459,-0.82368,-1.08,-1.1296,-1.0046,-0.78338,-0.52808,-0.28138,-0.081255,0.036537,0.055511,-0.008229,-0.11222,-0.20453,-0.25013,-0.23861,-0.18913,-0.13248,-0.092841,-0.08164,-0.097457,-0.13682,-0.20153,-0.3002,-0.44436,-0.63399,-0.84883,-1.0535,-1.2106,-1.308,-1.3622,-1.4053,-1.4656,-1.5549,-1.6651,-1.7623,-1.8038,-1.7533,-1.5939,-1.3316,-0.99043,-0.61885,-0.26652,0.020029,0.21181,0.30661,0.32701,0.30677,0.27577,0.25307,0.25158,0.27535,0.32629,0.40375
-0.09699,-0.24776,-0.40079,-0.51437,-0.55902,-0.48793,-0.20458,0.33818,1.0209,1.6623,2.1172,2.2443,1.9491,1.3166,0.56718,-0.11336,-0.63353,-0.96118,-1.0915,-1.0402,-0.84683,-0.5719,-0.28595,-0.065129,0.0065322,-0.13738,-0.48231,-0.88661,-1.1606,-1.2116,-1.0795,-0.85158,-0.59773,-0.36241,-0.18257,-0.089433,-0.093759,-0.1738,-0.27995,-0.35698,-0.36821,-0.30639,-0.19604,-0.07475,0.02759,0.095642,0.12682,0.12061,0.070363,-0.037068,-0.21154,-0.44932,-0.72313,-0.98582,-1.194,-1.3302,-1.4148,-1.4898,-1.5928,-1.7378,-1.9096,-2.0637,-2.145,-2.1097,-1.9401,-1.646,-1.2622,-0.84078,-0.43905,-0.10907,0.11767,0.23885,0.27762,0.26849,0.24299,0.22405,0.22239,0.24935,0.3087,0.39805
-0.061401,-0.18311,-0.32721,-0.43296,-0.45577,-0.35048,-0.050305,0.47716,1.1339,1.7534,2.1792,2.2553,1.885,1.1621,0.32218,-0.43648,-1.0155,-1.3764,-1.5071,-1.4182,-1.1528,-0.78541,-0.40703,-0.11107,0.0077783,-0.11954,-0.47543,-0.90838,-1.2112,-1.2756,-1.1444,-0.9182,-0.67514,-0.46329,-0.3161,-0.25747,-0.28948,-0.38141,-0.47496,-0.51389,-0.46394,-0.33097,-0.14594,0.048889,0.21939,0.35037,0.4345,0.46397,0.42422,0.29781,0.076144,-0.22697,-0.57119,-0.90029,-1.164,-1.3476,-1.4763,-1.5977,-1.7546,-1.9642,-2.2064,-2.4261,-2.5542,-2.5374,-2.3576,-2.0322,-1.604,-1.1335,-0.68495,-0.31407,-0.053983,0.093065,0.15203,0.15985,0.14946,0.14327,0.1562,0.19499,0.26307,0.35995
-0.028641,-0.12739,-0.26195,-0.36027,-0.36742,-0.24062,0.06733,0.57692,1.205,1.7946,2.1852,2.2141,1.7838,0.99552,0.093157,-0.71794,-1.3346,-1.7138,-1.8375,-1.7114,-1.3808,-0.93298,-0.47575,-0.11596,0.046155,-0.060945,-0.41785,-0.8691,-1.1958,-1.28,-1.1617,-0.94783,-0.72023,-0.53041,-0.40877,-0.37587,-0.42519,-0.51525,-0.58615,-0.58056,-0.47737,-0.28802,-0.054654,0.17923,0.3843,0.54481,0.65445,0.70084,0.6625,0.51936,0.26238,-0.087589,-0.47997,-0.84973,-1.1474,-1.3589,-1.514,-1.6644,-1.8552,-2.105,-2.3877,-2.6441,-2.7993,-2.7966,-2.6175,-2.2815,-1.8368,-1.3449,-0.87412,-0.4837,-0.20852,-0.050646,0.016134,0.030592,0.028061,0.033793,0.060397,0.11814,0.20948,0.3304
0.02068,-0.046628,-0.1652,-0.25159,-0.24025,-0.090789,0.22282,0.70514,1.2862,1.8211,2.1475,2.1009,1.5855,0.71098,-0.26796,-1.1393,-1.7956,-2.1878,-2.289,-2.098,-1.6657,-1.098,-0.52449,-0.068341,0.16193,0.091121,-0.26242,-0.73664,-1.1021,-1.226,-1.1442,-0.9621,-0.76853,-0.61373,-0.52691,-0.51769,-0.5695,-0.63468,-0.65216,-0.57913,-0.40724,-0.16253,0.11352,0.38003,0.61091,0.79362,0.9188,0.97048,0.92348,0.75309,0.4544,0.055665,-0.38326,-0.79263,-1.1207,-1.3602,-1.5453,-1.73,-1.9596,-2.2482,-2.5711,-2.8595,-3.0329,-3.0361,-2.858,-2.5238,-2.0801,-1.5875,-1.1144,-0.72094,-0.44397,-0.28649,-0.21985,-0.20044,-0.18895,-0.16003,-0.10187,-0.010124,0.11341,0.26265
0.073467,0.037872,-0.062656,-0.13518,-0.10807,0.057339,0.37182,0.82789,1.3573,1.8242,2.0704,1.9339,1.3269,0.36784,-0.67859,-1.5975,-2.279,-2.6691,-2.7307,-2.4579,-1.9101,-1.2134,-0.5177,0.040709,0.34599,0.31892,-0.025925,-0.52555,-0.94013,-1.1208,-1.0883,-0.94813,-0.79157,-0.67254,-0.61746,-0.62642,-0.66988,-0.69392,-0.64266,-0.4943,-0.26011,0.021151,0.31157,0.58196,0.81492,1.0025,1.1329,1.1836,1.1242,0.92899,0.59539,0.15878,-0.31355,-0.74699,-1.0944,-1.354,-1.5636,-1.7756,-2.0318,-2.3435,-2.6783,-2.969,-3.1408,-3.1475,-2.9832,-2.6712,-2.253,-1.7833,-1.3274,-0.94824,-0.68662,-0.54581,-0.49299,-0.47818,-0.45751,-0.40448,-0.31034,-0.17661,-0.009863,0.18037
0.1131,0.10034,0.01459,-0.046389,-0.0093405,0.16376,0.47636,0.91446,1.4059,1.8168,1.9942,1.782,1.1011,0.080929,-1.0095,-1.9547,-2.6441,-3.0204,-3.0407,-2.696,-2.0542,-1.2582,-0.47195,0.16102,0.52255,0.52996,0.19419,-0.32621,-0.78432,-1.0166,-1.0282,-0.92261,-0.79413,-0.69994,-0.66356,-0.68088,-0.71418,-0.70509,-0.60671,-0.40819,-0.1368,0.16545,0.45956,0.72323,0.94757,1.1291,1.2559,1.3024,1.2354,1.0258,0.67221,0.21393,-0.27619,-0.72061,-1.0749,-1.3415,-1.5626,-1.7903,-2.0621,-2.3816,-2.7159,-2.9984,-3.1597,-3.1613,-3.0039,-2.7124,-2.3229,-1.8852,-1.4594,-1.1054,-0.86426,-0.7415,-0.70467,-0.70014,-0.67796,-0.60752,-0.48373,-0.31213,-0.10606,0.11895
0.16284,0.17878,0.11436,0.069672,0.11749,0.29468,0.60232,1.0194,1.4637,1.7986,1.8776,1.5569,0.7742,-0.32554,-1.4663,-2.4336,-3.1201,-3.4643,-3.415,-2.9622,-2.1888,-1.261,-0.35888,0.3679,0.7999,0.85094,0.52554,-0.02668,-0.55268,-0.86281,-0.94019,-0.88087,-0.78772,-0.72161,-0.70472,-0.72432,-0.73804,-0.68766,-0.54019,-0.29613,0.0064737,0.32372,0.61818,0.87118,1.0813,1.2492,1.3646,1.4024,1.3272,1.108,0.74449,0.27746,-0.21837,-0.66742,-1.0253,-1.3041,-1.5465,-1.7975,-2.0838,-2.4029,-2.7192,-2.9725,-3.1093,-3.1049,-2.9645,-2.7084,-2.3647,-1.9753,-1.592,-1.2739,-1.0654,-0.97483,-0.96789,-0.98347,-0.96291,-0.87237,-0.71068,-0.49142,-0.23686,0.032116
0.19601,0.23224,0.18423,0.15203,0.2068,0.38284,0.68534,1.0893,1.503,1.7829,1.7866,1.3821,0.52256,-0.63423,-1.8067,-2.7826,-3.4584,-3.7704,-3.6607,-3.1202,-2.2466,-1.2234,-0.24039,0.55104,1.0306,1.1101,0.78709,0.20605,-0.37724,-0.75118,-0.87802,-0.85008,-0.77753,-0.72829,-0.72368,-0.74488,-0.74449,-0.67026,-0.49287,-0.2274,0.086294,0.40086,0.68574,0.92816,1.1303,1.2924,1.4051,1.4426,1.3663,1.1502,0.79048,0.3254,-0.17181,-0.62051,-0.98645,-1.2743,-1.5243,-1.7802,-2.0662,-2.3778,-2.677,-2.9117,-3.035,-3.0272,-2.8957,-2.6615,-2.3509,-1.9982,-1.6532,-1.3698,-1.1896,-1.121,-1.1318,-1.1608,-1.1456,-1.046,-0.86161,-0.61099,-0.32177,-0.0204
0.2331,0.29455,0.2678,0.25251,0.31463,0.48661,0.78048,1.1706,1.5491,1.7613,1.6689,1.156,0.19692,-1.0308,-2.2382,-3.2188,-3.8727,-4.1317,-3.9319,-3.2704,-2.267,-1.1268,-0.047881,0.81855,1.3524,1.4624,1.1374,0.5142,-0.14896,-0.61445,-0.81165,-0.82416,-0.77092,-0.7331,-0.73507,-0.75931,-0.75285,-0.66612,-0.47337,-0.19877,0.11429,0.42061,0.69458,0.93038,1.1298,1.2955,1.4136,1.4551,1.3864,1.1768,0.82664,0.37604,-0.10436,-0.54605,-0.90834,-1.202,-1.4626,-1.7251,-2.0061,-2.2987,-2.5707,-2.7786,-2.886,-2.8802,-2.7698,-2.5721,-2.3069,-2.0005,-1.6931,-1.4374,-1.2806,-1.2382,-1.279,-1.3347,-1.332,-1.2247,-1.0166,-0.73321,-0.40997,-0.076484
0.26151,0.34433,0.33743,0.33945,0.40771,0.57374,0.85754,1.2378,1.588,1.7405,1.5617,0.94948,-0.10075,-1.3922,-2.6301,-3.6121,-4.2401,-4.4386,-4.1394,-3.3541,-2.2292,-0.98711,0.17121,1.0976,1.6747,1.8087,1.481,0.81696,0.073385,-0.49184,-0.7726,-0.8328,-0.79641,-0.75665,-0.75153,-0.7676,-0.7622,-0.68488,-0.51605,-0.26572,0.029362,0.33143,0.61077,0.854,1.0619,1.2318,1.355,1.4075,1.3545,1.1722,0.85534,0.43677,-0.019981,-0.4461,-0.80779,-1.1059,-1.3689,-1.6263,-1.8917,-2.1588,-2.4028,-2.5895,-2.69,-2.6939,-2.6081,-2.4462,-2.221,-1.9544,-1.6814,-1.4508,-1.3107,-1.2815,-1.3373,-1.4097,-1.4192,-1.3177,-1.0972,-0.79045,-0.44116,-0.086482
0.27657,0.37234,0.3794,0.39436,0.46703,0.62847,0.90523,1.2798,1.613,1.7279,1.4925,0.81515,-0.29467,-1.6291,-2.8892,-3.8737,-4.4825,-4.6339,-4.2581,-3.381,-2.1712,-0.86287,0.34424,1.3061,1.9099,2.0599,1.7322,1.0406,0.23808,-0.40691,-0.75913,-0.86162,-0.84002,-0.79734,-0.78239,-0.79058,-0.78649,-0.72554,-0.58439,-0.36517,-0.093211,0.19884,0.48218,0.73876,0.96215,1.1467,1.2817,1.3451,1.3074,1.1451,0.85519,0.46785,0.040617,-0.36675,-0.71663,-1.0097,-1.2691,-1.5186,-1.7682,-2.0125,-2.2333,-2.4056,-2.5085,-2.5317,-2.4759,-2.3463,-2.1518,-1.9073,-1.6461,-1.42,-1.282,-1.2564,-1.3181,-1.398,-1.4157,-1.3174,-1.1013,-0.79874,-0.45048,-0.089453
0.28853,0.39726,0.42137,0.45235,0.53221,0.68895,0.96044,1.3303,1.6458,1.7192,1.4208,0.67062,-0.50705,-1.8924,-3.1825,-4.1745,-4.7609,-4.8497,-4.3729,-3.3805,-2.0695,-0.68569,0.57501,1.5773,2.2124,2.3839,2.0589,1.3376,0.45984,-0.29512,-0.75386,-0.92517,-0.92874,-0.88259,-0.85077,-0.84757,-0.84807,-0.81778,-0.72363,-0.55672,-0.32344,-0.047666,0.24403,0.527,0.78023,0.99182,1.1468,1.2261,1.209,1.0765,0.82869,0.49209,0.11413,-0.25558,-0.58245,-0.86209,-1.108,-1.3366,-1.5578,-1.7702,-1.9672,-2.1314,-2.2451,-2.2955,-2.2774,-2.1887,-2.03,-1.8122,-1.5671,-1.3463,-1.2051,-1.1728,-1.231,-1.3147,-1.3422,-1.2594,-1.0507,-0.74708,-0.39354,-0.02976
0.29187,0.40823,0.44692,0.49285,0.5819,0.7389,1.0113,1.3815,1.6842,1.7245,1.3769,0.56933,-0.66449,-2.0955,-3.4172,-4.421,-4.9886,-5.0163,-4.4419,-3.3447,-1.9495,-0.50727,0.79417,1.8293,2.492,2.6865,2.3723,1.6363,0.69921,-0.15967,-0.73765,-0.99971,-1.0464,-1.0017,-0.94982,-0.92558,-0.92822,-0.93369,-0.90479,-0.8065,-0.61957,-0.3495,-0.030297,0.29199,0.5811,0.81276,0.97735,1.0662,1.0655,0.96524,0.76534,0.48538,0.16323,-0.15711,-0.44904,-0.70211,-0.92286,-1.1232,-1.3127,-1.4967,-1.6717,-1.8325,-1.9643,-2.0498,-2.0735,-2.0247,-1.8981,-1.6998,-1.4621,-1.238,-1.0863,-1.041,-1.0878,-1.1658,-1.1965,-1.1216,-0.92968,-0.64725,-0.31423,0.034361
0.28933,0.40777,0.45487,0.51174,0.60934,0.77239,1.0506,1.4251,1.7203,1.7403,1.3628,0.52046,-0.74883,-2.2125,-3.5599,-4.5743,-5.128,-5.1096,-4.465,-3.2979,-1.8515,-0.37737,0.94497,1.9975,2.6784,2.8921,2.5945,1.8611,0.89704,-0.02795,-0.69714,-1.0405,-1.1313,-1.0945,-1.0315,-0.99371,-0.99984,-1.0307,-1.0505,-1.0042,-0.85019,-0.584,-0.24135,0.11484,0.43045,0.67899,0.84937,0.93909,0.94334,0.85674,0.68363,0.44373,0.17002,-0.1037,-0.35397,-0.57482,-0.7719,-0.95397,-1.1276,-1.2971,-1.4628,-1.6194,-1.7575,-1.8628,-1.9168,-1.8987,-1.7944,-1.6067,-1.3661,-1.1335,-0.97397,-0.92351,-0.96701,-1.0433,-1.0753,-1.0087,-0.82923,-0.5578,-0.23237,0.11108
0.28065,0.39669,0.4511,0.52125,0.63363,0.81426,1.111,1.4953,1.7833,1.7795,1.3687,0.48828,-0.82284,-2.3293,-3.7111,-4.7389,-5.2701,-5.1881,-4.4577,-3.2148,-1.7189,-0.21724,1.1219,2.1895,2.8915,3.133,2.8672,2.1558,1.1838,0.20017,-0.57576,-1.033,-1.2026,-1.1987,-1.1379,-1.0986,-1.1143,-1.1762,-1.2389,-1.2368,-1.1113,-0.84439,-0.47863,-0.08881,0.25634,0.51904,0.68994,0.77001,0.76407,0.67964,0.52995,0.33845,0.13161,-0.070369,-0.2564,-0.42524,-0.58173,-0.73251,-0.88396,-1.039,-1.2017,-1.3675,-1.5227,-1.6478,-1.7213,-1.7221,-1.635,-1.4561,-1.2202,-0.9869,-0.82175,-0.76227,-0.79555,-0.86356,-0.89359,-0.83415,-0.67041,-0.4207,-0.11776,0.20654
0.27085,0.38085,0.43797,0.51682,0.64346,0.84489,1.1645,1.5607,1.8437,1.8224,1.3886,0.48314,-0.85637,-2.3939,-3.7992,-4.8314,-5.3386,-5.2081,-4.4237,-3.1414,-1.6249,-0.11435,1.2305,2.3061,3.0224,3.2859,3.0478,2.3645,1.409,0.40949,-0.42122,-0.95834,-1.2032,-1.2466,-1.204,-1.171,-1.194,-1.2738,-1.3613,-1.3828,-1.2682,-0.99104,-0.59993,-0.18408,0.17635,0.43781,0.59233,0.64805,0.61907,0.52238,0.38183,0.22326,0.067385,-0.075387,-0.20629,-0.33203,-0.45883,-0.59101,-0.73147,-0.88368,-1.0443,-1.2091,-1.3671,-1.5009,-1.5869,-1.5982,-1.515,-1.3365,-1.0973,-0.86267,-0.69957,-0.6423,-0.67472,-0.73982,-0.76961,-0.7159,-0.56488,-0.32928,-0.037023,0.28158
0.25462,0.35093,0.40766,0.49653,0.64574,0.88579,1.248,1.6657,1.9403,1.8935,1.4289,0.49075,-0.88357,-2.4574,-3.8863,-4.9105,-5.3723,-5.1771,-4.3392,-3.0321,-1.5137,-0.0095628,1.3322,2.4148,3.1502,3.447,3.2528,2.6208,1.7083,0.7202,-0.14779,-0.77032,-1.1171,-1.2418,-1.2483,-1.2356,-1.2725,-1.369,-1.4782,-1.5145,-1.3931,-1.0928,-0.66926,-0.22929,0.13619,0.38352,0.50625,0.51867,0.44225,0.30813,0.15414,0.017665,-0.080209,-0.14275,-0.19179,-0.24903,-0.32807,-0.43342,-0.56459,-0.7177,-0.88624,-1.0585,-1.218,-1.3463,-1.423,-1.4263,-1.338,-1.1579,-0.92236,-0.69458,-0.53924,-0.48846,-0.52479,-0.59195,-0.62503,-0.57902,-0.44001,-0.21919,0.05885,0.36608
0.23633,0.31248,0.36374,0.45981,0.63593,0.92612,1.3446,1.7896,2.0533,1.9759,1.4763,0.50415,-0.90257,-2.5025,-3.9384,-4.9356,-5.339,-5.0823,-4.2131,-2.9125,-1.4219,0.052776,1.3758,2.4576,3.2111,3.5462,3.4088,2.8439,1.9926,1.0437,0.17089,-0.50247,-0.92688,-1.1368,-1.2176,-1.2624,-1.3348,-1.443,-1.5431,-1.5519,-1.3971,-1.0647,-0.62366,-0.18155,0.17266,0.39593,0.48168,0.44179,0.30197,0.10367,-0.09364,-0.23092,-0.28191,-0.26772,-0.23078,-0.21483,-0.24447,-0.32578,-0.45273,-0.61176,-0.78838,-0.95983,-1.1082,-1.2186,-1.2748,-1.257,-1.1504,-0.96099,-0.72598,-0.50924,-0.37218,-0.34204,-0.39771,-0.48141,-0.52801,-0.49336,-0.36289,-0.14774,0.12665,0.43213
0.22203,0.27897,0.32268,0.42218,0.62069,0.95453,1.4218,1.8892,2.1434,2.0402,1.5111,0.51227,-0.9163,-2.528,-3.956,-4.9192,-5.2743,-4.9796,-4.1032,-2.825,-1.3707,0.069627,1.3695,2.4438,3.2081,3.5718,3.481,2.9731,2.1805,1.2776,0.42263,-0.26729,-0.73782,-1.0108,-1.1552,-1.2527,-1.3546,-1.4663,-1.546,-1.5222,-1.3345,-0.97846,-0.52687,-0.08778,0.25235,0.45068,0.50141,0.41759,0.22606,-0.026629,-0.26536,-0.41595,-0.44592,-0.38196,-0.28877,-0.22308,-0.21615,-0.27577,-0.39497,-0.5564,-0.7369,-0.90835,-1.0461,-1.1337,-1.1597,-1.1128,-0.98576,-0.78934,-0.5622,-0.36372,-0.24931,-0.24167,-0.31749,-0.41871,-0.48044,-0.45628,-0.33197,-0.11916,0.15728,0.46854
0.20307,0.22908,0.25839,0.36017,0.58895,0.98613,1.5233,2.0218,2.2618,2.1208,1.5494,0.51288,-0.94123,-2.5557,-3.9536,-4.8563,-5.147,-4.8188,-3.9575,-2.7312,-1.3404,0.044259,1.3067,2.3656,3.14,3.5391,3.5076,3.0776,2.3724,1.5471,0.73974,0.052283,-0.46388,-0.81018,-1.0331,-1.1938,-1.331,-1.4446,-1.4925,-1.4187,-1.1809,-0.79619,-0.33958,0.085692,0.39926,0.56604,0.58035,0.4522,0.20281,-0.11977,-0.43088,-0.62872,-0.65609,-0.54226,-0.37953,-0.24985,-0.19847,-0.23436,-0.34448,-0.50478,-0.67974,-0.83563,-0.94519,-0.99386,-0.97556,-0.88698,-0.73054,-0.52389,-0.30664,-0.13535,-0.060454,-0.099844,-0.22557,-0.3734,-0.47052,-0.46559,-0.344,-0.11883,0.17702,0.50725
0.18923,0.18874,0.20408,0.30515,0.55607,1.0038,1.594,2.1153,2.3433,2.1715,1.5664,0.50161,-0.96889,-2.5759,-3.9371,-4.7862,-5.0315,-4.6919,-3.8592,-2.6866,-1.3536,-0.01672,1.2138,2.259,3.0383,3.462,3.4726,3.1006,2.4615,1.6987,0.93707,0.26725,-0.26176,-0.64291,-0.91134,-1.1136,-1.2786,-1.3937,-1.4166,-1.2993,-1.0228,-0.61744,-0.16408,0.24319,0.5359,0.68141,0.67564,0.52476,0.24523,-0.1202,-0.48242,-0.72239,-0.76261,-0.63213,-0.42923,-0.26017,-0.18104,-0.2015,-0.30353,-0.45561,-0.62028,-0.75768,-0.83971,-0.85322,-0.79634,-0.67306,-0.4944,-0.28318,-0.080649,0.060657,0.096101,0.012476,-0.15858,-0.34819,-0.47749,-0.48962,-0.36766,-0.13161,0.1799,0.5262
0.17233,0.13272,0.12504,0.22206,0.50155,1.0171,1.676,2.2246,2.4334,2.2184,1.566,0.46262,-1.0247,-2.6114,-3.9109,-4.6817,-4.8737,-4.5338,-3.7544,-2.6663,-1.4213,-0.15746,1.0235,2.0448,2.827,3.281,3.3466,3.0507,2.4982,1.8189,1.1263,0.49737,-0.020228,-0.4208,-0.72642,-0.97147,-1.1613,-1.2712,-1.2558,-1.0878,-0.77141,-0.35384,0.08865,0.47492,0.744,0.87023,0.84872,0.68382,0.38775,-0.0029182,-0.4051,-0.69565,-0.77814,-0.6584,-0.44494,-0.24932,-0.13945,-0.13243,-0.21198,-0.34315,-0.48188,-0.5855,-0.62351,-0.58561,-0.47739,-0.31239,-0.10939,0.10247,0.28128,0.3782,0.35346,0.19823,-0.050476,-0.31425,-0.50029,-0.54119,-0.41753,-0.15818,0.18421,0.55832
0.15786,0.075595,0.041706,0.13091,0.43672,1.0162,1.7392,2.308,2.494,2.2333,1.5312,0.38901,-1.109,-2.6624,-3.8894,-4.5838,-4.7351,-4.4099,-3.6952,-2.7002,-1.5521,-0.37063,0.75192,1.743,2.5243,3.0062,3.1273,2.9063,2.438,1.8429,1.2212,0.64673,0.1618,-0.22461,-0.53221,-0.7822,-0.97367,-1.0725,-1.0354,-0.83897,-0.49804,-0.069287,0.36842,0.73648,0.98376,1.0917,1.0623,0.90213,0.61868,0.23907,-0.1684,-0.4881,-0.6144,-0.53584,-0.34266,-0.15116,-0.034324,-0.011247,-0.065339,-0.1618,-0.25855,-0.31581,-0.30719,-0.22495,-0.076788,0.12027,0.34072,0.5521,0.71041,0.7665,0.68212,0.45178,0.11893,-0.22666,-0.47715,-0.55098,-0.43071,-0.15588,0.20897,0.60528
0.14895,0.033667,-0.021428,0.059104,0.38251,1.0056,1.7709,2.3506,2.5161,2.2198,1.479,0.30791,-1.1929,-2.7126,-3.8814,-4.5236,-4.6551,-4.3507,-3.6905,-2.7685,-1.6955,-0.57888,0.49623,1.4607,2.238,2.7377,2.8978,2.73,2.3244,1.7937,1.2317,0.70887,0.26409,-0.092499,-0.37903,-0.61501,-0.79564,-0.8839,-0.83243,-0.62027,-0.26918,0.16211,0.59154,0.94442,1.1768,1.2741,1.2442,1.0961,0.83562,0.48353,0.094517,-0.23076,-0.38974,-0.354,-0.19857,-0.026652,0.088201,0.12248,0.089256,0.021762,-0.041867,-0.064445,-0.021644,0.092562,0.26853,0.48644,0.71877,0.9295,1.0728,1.1008,0.97711,0.69744,0.30696,-0.098979,-0.40108,-0.50833,-0.39752,-0.11323,0.26866,0.67991
0.13977,-0.019121,-0.10403,-0.037748,0.30406,0.97779,1.7899,2.3767,2.5117,2.1665,1.3739,0.1655,-1.3335,-2.8003,-3.8913,-4.4755,-4.5963,-4.331,-3.7485,-2.9243,-1.9501,-0.91898,0.091998,1.018,1.7848,2.3028,2.507,2.4059,2.0815,1.6386,1.1658,0.72737,0.36145,0.073726,-0.157,-0.35255,-0.5071,-0.57763,-0.51497,-0.29553,0.058127,0.48263,0.89781,1.2327,1.4461,1.5331,1.5049,1.3746,1.1503,0.84248,0.49264,0.18134,-0.0015676,-0.02178,0.077145,0.20638,0.30073,0.33871,0.33134,0.30385,0.2889,0.31307,0.39457,0.5394,0.74069,0.97989,1.2272,1.4443,1.5828,1.5923,1.4357,1.1099,0.663,0.1957,-0.16463,-0.31554,-0.23155,0.037291,0.41045,0.81698
0.13418,-0.066603,-0.18239,-0.13286,0.22117,0.93473,1.7809,2.367,2.4696,2.0749,1.2318,-0.0097579,-1.5009,-2.9107,-3.9296,-4.4726,-4.5996,-4.3838,-3.8819,-3.1537,-2.2747,-1.3265,-0.37967,0.50453,1.2548,1.7845,2.0279,1.9915,1.7502,1.4008,1.0275,0.68974,0.42267,0.22687,0.076864,-0.056173,-0.16949,-0.22144,-0.15704,0.056351,0.40173,0.81674,1.217,1.5307,1.7221,1.7921,1.7599,1.6436,1.4512,1.1898,0.88512,0.59692,0.39955,0.33378,0.37439,0.46039,0.53645,0.57859,0.5913,0.5967,0.61607,0.67421,0.78751,0.96057,1.1859,1.4452,1.7115,1.9425,2.0895,2.1017,1.9415,1.6039,1.1349,0.6343,0.23197,0.034663,0.07657,0.31148,0.65686,1.0377
0.13243,-0.097936,-0.23649,-0.20108,0.15741,0.89295,1.7562,2.3374,2.4153,1.9861,1.1079,-0.15484,-1.6363,-3.0048,-3.9788,-4.5023,-4.643,-4.4687,-4.0272,-3.3682,-2.558,-1.6708,-0.77272,0.077679,0.812,1.3473,1.6195,1.6329,1.4562,1.1817,0.88815,0.63457,0.45215,0.33827,0.26,0.18408,0.10702,0.068636,0.12973,0.33137,0.66375,1.0668,1.4539,1.7516,1.9256,1.9791,1.936,1.8192,1.6403,1.4034,1.1288,0.86341,0.66878,0.58204,0.5921,0.64841,0.70622,0.7463,0.77174,0.79505,0.83847,0.91646,1.0429,1.2256,1.4625,1.7381,2.0226,2.2756,2.4445,2.4758,2.3307,2.0049,1.5439,1.0443,0.6299,0.40614,0.40671,0.5935,0.89275,1.2351
0.13244,-0.13353,-0.30046,-0.28569,0.07178,0.82554,1.7012,2.2712,2.3186,1.8493,0.93203,-0.3522,-1.8187,-3.1407,-4.0731,-4.5879,-4.756,-4.6377,-4.2721,-3.7001,-2.9777,-2.1708,-1.3395,-0.53736,0.17274,0.71364,1.025,1.1071,1.0213,0.85263,0.67484,0.5446,0.48831,0.49389,0.51703,0.51708,0.48557,0.46377,0.51707,0.69713,1.005,1.3834,1.7469,2.0207,2.169,2.1986,2.1369,2.0111,1.8356,1.6176,1.3691,1.1252,0.93643,0.83977,0.82796,0.86645,0.91572,0.95448,0.98234,1.013,1.0621,1.1493,1.2886,1.4868,1.7415,2.0391,2.3528,2.6406,2.8496,2.9245,2.8235,2.54,2.1161,1.6421,1.2326,0.9822,0.93127,1.052,1.283,1.5621
0.13404,-0.15533,-0.34188,-0.34368,0.0080579,0.76674,1.6447,2.2056,2.2334,1.7408,0.80262,-0.49051,-1.9445,-3.2421,-4.1603,-4.6828,-4.8778,-4.8007,-4.4873,-3.9753,-3.3155,-2.5677,-1.7868,-1.0216,-0.33054,0.21388,0.55446,0.68942,0.67591,0.59276,0.51018,0.47875,0.51996,0.61286,0.70884,0.76083,0.76031,0.74871,0.79395,0.95508,1.2397,1.5977,1.9428,2.1979,2.3271,2.3362,2.255,2.1138,1.93,1.7109,1.4705,1.2414,1.0679,0.97901,0.97037,1.0074,1.0546,1.0921,1.1175,1.1419,1.1819,1.2593,1.3935,1.5953,1.8626,2.1805,2.5215,2.841,3.0862,3.2018,3.1463,2.9112,2.5343,2.098,1.7064,1.4481,1.3601,1.4261,1.5974,1.8211
0.13779,-0.1787,-0.38868,-0.41414,-0.077065,0.67817,1.5534,2.1028,2.1128,1.6007,0.64934,-0.64195,-2.0787,-3.3606,-4.2845,-4.8367,-5.0766,-5.0542,-4.8049,-4.3659,-3.7842,-3.1116,-2.3954,-1.6788,-1.0134,-0.46409,-0.082966,0.12819,0.21923,0.25618,0.30262,0.40013,0.56111,0.75984,0.94434,1.0619,1.1014,1.0988,1.1301,1.2601,1.5095,1.8336,2.1494,2.3795,2.485,2.4712,2.3667,2.2021,1.9979,1.7671,1.5281,1.3149,1.1681,1.1091,1.1262,1.1801,1.2331,1.2645,1.2725,1.2679,1.2751,1.3217,1.4326,1.6239,1.898,2.241,2.6216,2.9924,3.2969,3.4773,3.4915,3.3302,3.0275,2.6558,2.3041,2.0485,1.925,1.9293,2.0283,2.1813
0.14249,-0.1962,-0.42772,-0.47776,-0.16374,0.57822,1.4462,1.9896,1.9939,1.4798,0.53566,-0.73676,-2.1546,-3.4413,-4.4004,-5.0044,-5.2989,-5.3306,-5.139,-4.7659,-4.2571,-3.6575,-3.0049,-2.3351,-1.6923,-1.1315,-0.69963,-0.40227,-0.20501,-0.052138,0.11095,0.32456,0.59627,0.89435,1.1559,1.3285,1.3935,1.391,1.3969,1.4897,1.7011,1.993,2.2832,2.4919,2.5791,2.5482,2.4271,2.245,2.0226,1.7787,1.5387,1.3426,1.23,1.216,1.2733,1.3577,1.4261,1.4523,1.4299,1.3735,1.3138,1.2936,1.3551,1.524,1.802,2.1694,2.5889,3.011,3.3751,3.6231,3.713,3.634,3.4145,3.1164,2.8154,2.5771,2.4345,2.3928,2.4319,2.5222
0.14624,-0.20599,-0.45225,-0.52241,-0.23101,0.49481,1.3561,1.9,1.9098,1.407,0.48259,-0.7642,-2.1663,-3.4686,-4.4713,-5.1265,-5.466,-5.5358,-5.3825,-5.0548,-4.6001,-4.0575,-3.4563,-2.822,-2.1912,-1.6124,-1.1317,-0.76474,-0.4902,-0.25624,-0.013667,0.27844,0.62412,0.98315,1.2884,1.4861,1.5604,1.5534,1.5424,1.6097,1.7909,2.0572,2.3284,2.5246,2.6054,2.5704,2.4463,2.261,2.0343,1.787,1.5501,1.371,1.2919,1.3176,1.4141,1.5226,1.5936,1.601,1.542,1.4334,1.3132,1.2353,1.2501,1.389,1.6568,2.0335,2.479,2.9368,3.3457,3.6453,3.7922,3.7744,3.6177,3.3779,3.1216,2.9049,2.7611,2.6968,2.6996,2.7485
0.1513,-0.21553,-0.48028,-0.57987,-0.32544,0.3711,1.2236,1.7763,1.8071,1.3364,0.45624,-0.74287,-2.1236,-3.4569,-4.5336,-5.2685,-5.6701,-5.7857,-5.6765,-5.4047,-5.0222,-4.5612,-4.035,-3.4503,-2.8292,-2.2148,-1.6593,-1.1969,-0.81805,-0.48229,-0.14116,0.23985,0.65848,1.0714,1.4144,1.632,1.713,1.6964,1.6635,1.6952,1.8351,2.0627,2.3076,2.4941,2.5787,2.5576,2.4506,2.2814,2.0696,1.8384,1.6266,1.4843,1.4486,1.5186,1.6432,1.7627,1.8273,1.8085,1.6994,1.5163,1.3041,1.1284,1.0604,1.1468,1.3954,1.7796,2.2496,2.7472,3.2053,3.5635,3.779,3.8389,3.7641,3.6015,3.4071,3.228,3.0942,3.017,2.9915,3.0041
0.15646,-0.22221,-0.50477,-0.63713,-0.42686,0.23319,1.0774,1.6484,1.7142,1.2928,0.4745,-0.66531,-2.0222,-3.3921,-4.5499,-5.3692,-5.833,-5.9893,-5.9162,-5.6946,-5.3847,-5.0116,-4.5671,-4.0335,-3.412,-2.7469,-2.1094,-1.5526,-1.0797,-0.65557,-0.2345,0.21375,0.68191,1.1292,1.491,1.7163,1.7916,1.7574,1.6948,1.6887,1.7895,1.9826,2.2067,2.3904,2.4903,2.5016,2.4388,2.3195,2.1583,1.9741,1.804,1.6995,1.6973,1.7881,1.9204,2.028,2.061,1.9939,1.8231,1.5661,1.2713,1.0124,0.86982,0.89958,1.1142,1.4862,1.9628,2.4781,2.9655,3.3653,3.6361,3.7644,3.7668,3.6812,3.5524,3.4209,3.3107,3.2339,3.1923,3.1808
0.16036,-0.22595,-0.52173,-0.68055,-0.50783,0.12003,0.95783,1.5476,1.6477,1.2724,0.50921,-0.58051,-1.9176,-3.3131,-4.5292,-5.4098,-5.9177,-6.1007,-6.0507,-5.864,-5.6086,-5.304,-4.9244,-4.4272,-3.7983,-3.0852,-2.3811,-1.7585,-1.2272,-0.75024,-0.2809,0.20551,0.70058,1.1602,1.5231,1.7394,1.7995,1.7473,1.6629,1.6337,1.7092,1.8814,2.0927,2.2769,2.3947,2.4387,2.4223,2.3589,2.2559,2.1284,2.0041,1.9287,1.9369,2.0203,2.1313,2.2088,2.2056,2.0976,1.8818,1.5794,1.2343,0.92534,0.73852,0.73369,0.92325,1.2776,1.7415,2.2532,2.7461,3.1622,3.4606,3.6271,3.6754,3.6392,3.5583,3.4645,3.383,3.3242,3.2892,3.2736
0.16557,-0.22909,-0.54305,-0.73902,-0.62159,-0.043623,0.78311,1.4018,1.5548,1.2499,0.56672,-0.45191,-1.7579,-3.1803,-4.4636,-5.4154,-5.9736,-6.1855,-6.1603,-6.0147,-5.8271,-5.6106,-5.3146,-4.8618,-4.2165,-3.4343,-2.6413,-1.94,-1.3475,-0.8193,-0.30782,0.21092,0.7233,1.1833,1.5318,1.7252,1.7593,1.6818,1.5728,1.5175,1.5638,1.7086,1.9042,2.0939,2.2419,2.3415,2.3985,2.4203,2.4101,2.3685,2.3159,2.2828,2.2927,2.3398,2.3891,2.393,2.3166,2.1437,1.8752,1.5293,1.1546,0.82256,0.61189,0.5778,0.73281,1.0501,1.4808,1.9596,2.4274,2.8323,3.1397,3.3383,3.4392,3.4673,3.4509,3.4154,3.3772,3.3455,3.3252,3.3167
0.16965,-0.22978,-0.55747,-0.78245,-0.71008,-0.17412,0.64086,1.2806,1.4768,1.2281,0.60797,-0.35518,-1.6346,-3.0698,-4.3925,-5.3863,-5.9732,-6.2004,-6.1885,-6.0671,-5.9215,-5.761,-5.518,-5.0917,-4.4298,-3.5992,-2.7509,-2.004,-1.3787,-0.82611,-0.297,0.23209,0.74308,1.1909,1.5185,1.689,1.7025,1.6071,1.4858,1.4168,1.4483,1.5729,1.7529,1.9414,2.1089,2.2508,2.3709,2.4683,2.5343,2.5631,2.5589,2.5434,2.5381,2.5424,2.5304,2.4681,2.33,2.1061,1.8019,1.4411,1.0652,0.74039,0.53605,0.49906,0.63841,0.9287,1.3201,1.7618,2.1949,2.5721,2.8636,3.0625,3.1815,3.2438,3.2721,3.2819,3.2864,3.2917,3.2994,3.3083
0.17653,-0.22838,-0.57428,-0.83724,-0.82734,-0.35358,0.43846,1.1021,1.3549,1.1828,0.64804,-0.23994,-1.48,-2.9213,-4.2807,-5.315,-5.9277,-6.166,-6.1635,-6.0623,-5.9533,-5.8416,-5.6431,-5.2308,-4.5411,-3.6583,-2.7626,-1.9852,-1.3412,-0.77864,-0.24306,0.28291,0.77953,1.1997,1.4924,1.6234,1.6022,1.4822,1.3482,1.2736,1.2954,1.4056,1.569,1.752,1.9391,2.128,2.32,2.5054,2.6645,2.7766,2.8326,2.8388,2.8076,2.7429,2.6339,2.4661,2.2323,1.9367,1.5946,1.2321,0.88974,0.61668,0.45934,0.44556,0.5772,0.83196,1.1712,1.5426,1.8993,2.2048,2.4427,2.6177,2.7477,2.8507,2.9377,3.0128,3.0793,3.1362,3.1841,3.2234
0.1862,-0.22328,-0.58631,-0.88481,-0.93643,-0.53061,0.22679,0.90386,1.2069,1.1099,0.66106,-0.15199,-1.3482,-2.7841,-4.1632,-5.2212,-5.8468,-6.0877,-6.0844,-5.985,-5.8832,-5.7814,-5.5855,-5.1578,-4.4345,-3.5196,-2.6103,-1.8396,-1.2131,-0.67129,-0.15753,0.3442,0.81262,1.1998,1.4553,1.549,1.4949,1.3557,1.2125,1.1384,1.1591,1.2615,1.4113,1.584,1.7759,1.9959,2.2424,2.4995,2.737,2.9172,3.0174,3.0316,2.9664,2.8286,2.621,2.3451,2.0125,1.6457,1.2742,0.93076,0.64698,0.45048,0.36197,0.39142,0.53436,0.76991,1.0621,1.3661,1.6392,1.8544,2.0092,2.1246,2.2315,2.3511,2.4866,2.6307,2.7662,2.889,2.995,3.0821
0.19599,-0.21642,-0.5905,-0.91316,-1.0075,-0.65554,0.067137,0.74446,1.0785,1.0351,0.64976,-0.10712,-1.2683,-2.6939,-4.078,-5.1436,-5.7722,-6.011,-6.0013,-5.8916,-5.7752,-5.6536,-5.431,-4.9713,-4.2208,-3.297,-2.4014,-1.6598,-1.0697,-0.56288,-0.08238,0.3896,0.82839,1.1866,1.4124,1.4812,1.4093,1.2619,1.1228,1.0572,1.0836,1.179,1.3109,1.4642,1.6484,1.8771,2.154,2.4563,2.7399,2.9628,3.0865,3.0978,3.002,2.8109,2.5319,2.1807,1.7795,1.3627,0.97244,0.65066,0.42115,0.29406,0.2671,0.33543,0.49219,0.72057,0.9873,1.249,1.4625,1.6028,1.6779,1.7277,1.8017,1.9277,2.1009,2.2959,2.4917,2.6688,2.8189,2.9391
0.21274,-0.20236,-0.58827,-0.93708,-1.0812,-0.80035,-0.13624,0.52432,0.88745,0.90851,0.60427,-0.078133,-1.1908,-2.5963,-3.9764,-5.0416,-5.6667,-5.8968,-5.8715,-5.7357,-5.579,-5.4013,-5.1118,-4.5902,-3.8064,-2.8903,-2.039,-1.3623,-0.84357,-0.40393,0.018878,0.4409,0.83532,1.1508,1.3371,1.3718,1.2785,1.1257,0.99744,0.94849,0.98483,1.074,1.1863,1.3171,1.4848,1.7156,2.0099,2.3412,2.6628,2.9168,3.0606,3.0718,2.9481,2.6982,2.339,1.8939,1.4033,0.92323,0.51598,0.22937,0.07601,0.038898,0.090304,0.21305,0.39849,0.63132,0.88104,1.0984,1.2411,1.2878,1.2573,1.2092,1.2178,1.3278,1.5333,1.795,2.067,2.3212,2.5414,2.7203
0.22831,-0.18808,-0.58032,-0.94269,-1.1158,-0.88464,-0.27294,0.36145,0.73454,0.7961,0.54866,-0.079729,-1.1553,-2.5414,-3.913,-4.9722,-5.5902,-5.8103,-5.7685,-5.6052,-5.4061,-5.171,-4.8176,-4.2439,-3.441,-2.5435,-1.7373,-1.121,-0.66501,-0.28578,0.084155,0.46145,0.81707,1.0992,1.2585,1.2721,1.1667,1.0111,0.88944,0.8515,0.89586,0.98659,1.0906,1.2054,1.3575,1.5773,1.8712,2.2125,2.5489,2.8172,2.9683,2.9747,2.8316,2.5482,2.1418,1.643,1.1022,0.58851,0.17539,-0.084465,-0.18822,-0.17244,-0.076408,0.079893,0.28897,0.53553,0.78171,0.98476,1.0918,1.0783,0.96749,0.83655,0.78553,0.87744,1.1043,1.4106,1.7395,2.0484,2.3163,2.535
0.25314,-0.16456,-0.5611,-0.93226,-1.1307,-0.95606,-0.42127,0.15876,0.5262,0.62845,0.44847,-0.11196,-1.1364,-2.4923,-3.8466,-4.8934,-5.4994,-5.7037,-5.6354,-5.4273,-5.1605,-4.8384,-4.394,-3.753,-2.9331,-2.0718,-1.3388,-0.81183,-0.44904,-0.15816,0.13328,0.44503,0.74748,0.98851,1.1171,1.1104,0.99311,0.83334,0.71376,0.68282,0.73547,0.83116,0.93201,1.0343,1.1696,1.3726,1.6575,1.9978,2.3354,2.6072,2.7566,2.7546,2.596,2.2896,1.8505,1.3113,0.72717,0.17895,-0.24319,-0.48131,-0.5336,-0.45579,-0.30571,-0.11095,0.12223,0.38155,0.63414,0.82119,0.89342,0.82398,0.6362,0.41508,0.28159,0.3261,0.55496,0.90595,1.2987,1.6774,2.0101,2.2832
0.28178,-0.13655,-0.53241,-0.90168,-1.1083,-0.97572,-0.52009,-0.01396,0.3247,0.44902,0.32366,-0.17491,-1.1492,-2.4698,-3.8007,-4.8315,-5.4254,-5.6133,-5.515,-5.2565,-4.9175,-4.5076,-3.9782,-3.2826,-2.4582,-1.6409,-0.98539,-0.54979,-0.28396,-0.084716,0.12658,0.37151,0.62582,0.83067,0.93185,0.90397,0.77137,0.60576,0.4849,0.45722,0.51364,0.6143,0.72223,0.83202,0.96821,1.1641,1.4293,1.7433,2.0591,2.3121,2.4527,2.4503,2.2959,1.9932,1.5595,1.0227,0.43871,-0.10951,-0.52927,-0.75582,-0.79525,-0.70234,-0.53347,-0.31573,-0.058338,0.22103,0.4815,0.66951,0.72769,0.62573,0.38418,0.090979,-0.11761,-0.12675,0.086523,0.4584,0.89506,1.3259,1.7105,2.0311
0.30516,-0.1129,-0.50523,-0.86596,-1.0677,-0.95519,-0.55696,-0.11605,0.18583,0.31274,0.2184,-0.23966,-1.1778,-2.4703,-3.7801,-4.7969,-5.3815,-5.5578,-5.4368,-5.14,-4.7476,-4.2765,-3.6933,-2.9697,-2.1514,-1.3708,-0.76895,-0.39719,-0.19692,-0.06166,0.089744,0.28489,0.49794,0.67239,0.75237,0.7112,0.57207,0.40162,0.28068,0.25277,0.31173,0.417,0.53324,0.65431,0.79911,0.99323,1.2464,1.5397,1.83,2.0636,2.192,2.1875,2.0426,1.7619,1.3563,0.85128,0.29556,-0.23428,-0.64707,-0.8768,-0.91824,-0.82251,-0.64891,-0.42839,-0.17068,0.10843,0.37207,0.55947,0.61641,0.50928,0.25311,-0.06989,-0.32302,-0.37854,-0.1947,0.17299,0.62704,1.087,1.5035,1.8537
0.33859,-0.078903,-0.4622,-0.80301,-0.98466,-0.88423,-0.55504,-0.20842,0.026607,0.13729,0.06814,-0.34673,-1.2405,-2.4944,-3.7721,-4.766,-5.3356,-5.497,-5.3495,-5.0062,-4.549,-4.007,-3.366,-2.6196,-1.8185,-1.0898,-0.55873,-0.26575,-0.14351,-0.084293,-0.0029208,0.13072,0.29002,0.42263,0.47319,0.41641,0.26935,0.092663,-0.038899,-0.077281,-0.019533,0.10127,0.24955,0.40655,0.57603,0.77305,1.004,1.2579,1.5044,1.7003,1.8086,1.8078,1.692,1.4623,1.1242,0.69353,0.20908,-0.26428,-0.64786,-0.87743,-0.94431,-0.88298,-0.73739,-0.53312,-0.28318,-0.0086877,0.24886,0.43671,0.49841,0.39939,0.1477,-0.1871,-0.47794,-0.59009,-0.45855,-0.11936,0.33391,0.81116,1.2536,1.6327
0.3733,-0.043297,-0.41309,-0.72577,-0.87556,-0.77305,-0.50048,-0.24966,-0.098313,-0.027454,-0.093009,-0.47907,-1.3349,-2.5482,-3.7875,-4.7513,-5.302,-5.4491,-5.2811,-4.903,-4.3964,-3.7996,-3.1167,-2.3558,-1.5771,-0.89757,-0.43179,-0.2088,-0.15701,-0.16216,-0.137,-0.054111,0.060232,0.1503,0.16544,0.081996,-0.079299,-0.25949,-0.39271,-0.43217,-0.3724,-0.23476,-0.053841,0.14367,0.34639,0.55278,0.76606,0.98082,1.1777,1.3309,1.4148,1.4179,1.3391,1.1785,0.9316,0.60224,0.21371,-0.18468,-0.52656,-0.75571,-0.84706,-0.82152,-0.71397,-0.54764,-0.33396,-0.089785,0.14958,0.33205,0.40566,0.331,0.10508,-0.21847,-0.52724,-0.68743,-0.61478,-0.32429,0.10896,0.58954,1.0494,1.4515
0.39925,-0.016178,-0.37343,-0.66079,-0.78165,-0.67022,-0.43213,-0.24999,-0.16934,-0.14274,-0.22014,-0.59433,-1.4252,-2.6067,-3.8137,-4.7504,-5.2849,-5.4228,-5.2435,-4.8458,-4.3113,-3.6855,-2.9832,-2.2202,-1.4605,-0.81493,-0.39098,-0.21011,-0.19848,-0.23899,-0.24628,-0.19698,-0.11719,-0.064475,-0.082927,-0.19095,-0.36008,-0.53559,-0.65769,-0.69085,-0.62883,-0.48301,-0.28148,-0.053729,0.17603,0.39274,0.59555,0.78234,0.94177,1.062,1.1266,1.1322,1.0825,0.97725,0.8039,0.55814,0.25172,-0.078892,-0.37979,-0.59878,-0.71117,-0.72334,-0.65636,-0.52656,-0.34459,-0.1275,0.090505,0.26635,0.34733,0.29373,0.096535,-0.20341,-0.50927,-0.6948,-0.66632,-0.41492,-0.009514,0.45863,0.91838,1.3299
0.43275,0.019537,-0.31756,-0.56746,-0.64583,-0.51753,-0.31509,-0.21787,-0.23576,-0.28472,-0.3963,-0.76783,-1.5704,-2.7077,-3.8668,-4.7655,-5.2788,-5.4076,-5.2186,-4.8015,-4.2395,-3.5883,-2.8745,-2.1217,-1.3906,-0.78551,-0.40248,-0.2573,-0.27212,-0.33611,-0.37396,-0.36682,-0.34623,-0.35587,-0.4291,-0.56409,-0.73159,-0.887,-0.98835,-1.014,-0.94919,-0.79674,-0.56865,-0.30079,-0.036753,0.19652,0.38756,0.53829,0.65225,0.72649,0.76476,0.77466,0.76307,0.72544,0.64587,0.50541,0.30354,0.062901,-0.17684,-0.37493,-0.50223,-0.55258,-0.53512,-0.46012,-0.33449,-0.16873,0.015514,0.17542,0.26684,0.24679,0.095097,-0.16458,-0.45392,-0.65705,-0.67287,-0.47454,-0.10646,0.34374,0.80125,1.2202
0.45626,0.0454,-0.27398,-0.49387,-0.5398,-0.39729,-0.21641,-0.17701,-0.26979,-0.38434,-0.53441,-0.9136,-1.6984,-2.8009,-3.9208,-4.7894,-5.2876,-5.4119,-5.2198,-4.7948,-4.2205,-3.5591,-2.8448,-2.1054,-1.3959,-0.81439,-0.44971,-0.31533,-0.33294,-0.39855,-0.4449,-0.46272,-0.48637,-0.55216,-0.67725,-0.84324,-1.0118,-1.1438,-1.2174,-1.2236,-1.1508,-0.99316,-0.75484,-0.47071,-0.18994,0.052837,0.24208,0.37915,0.47041,0.52041,0.53866,0.54058,0.54053,0.53859,0.51484,0.44631,0.32184,0.15143,-0.037693,-0.21276,-0.34552,-0.42505,-0.44961,-0.41993,-0.33697,-0.20716,-0.050871,0.10217,0.20536,0.21321,0.098442,-0.12643,-0.39535,-0.60027,-0.63805,-0.46836,-0.12962,0.29895,0.7439,1.1597
0.4842,0.078602,-0.21413,-0.39243,-0.39697,-0.23675,-0.081224,-0.11014,-0.29898,-0.50861,-0.72506,-1.1277,-1.894,-2.9489,-4.0126,-4.8377,-5.3151,-5.4367,-5.2483,-4.824,-4.2464,-3.5835,-2.8765,-2.1562,-1.4695,-0.90602,-0.5473,-0.40408,-0.40296,-0.45141,-0.49443,-0.53845,-0.61892,-0.76811,-0.97643,-1.1995,-1.372,-1.4625,-1.4781,-1.439,-1.35,-1.1898,-0.95479,-0.66838,-0.37608,-0.12419,0.069676,0.20351,0.28132,0.31276,0.30913,0.29281,0.28906,0.30769,0.33471,0.34116,0.30267,0.21318,0.085239,-0.056608,-0.19106,-0.29731,-0.36439,-0.38656,-0.35944,-0.28137,-0.15824,-0.017741,0.10052,0.14767,0.086757,-0.082242,-0.30618,-0.48839,-0.53119,-0.39061,-0.08753,0.30761,0.72832,1.1314
0.50706,0.10946,-0.15215,-0.28801,-0.25464,-0.080903,0.051502,-0.037012,-0.31391,-0.62242,-0.9189,-1.359,-2.1143,-3.1216,-4.1254,-4.9034,-5.3586,-5.4811,-5.3059,-4.8963,-4.3307,-3.6798,-2.9877,-2.2823,-1.608,-1.0435,-0.66469,-0.4832,-0.43736,-0.4484,-0.48249,-0.55209,-0.69571,-0.9314,-1.2294,-1.5016,-1.6655,-1.701,-1.6569,-1.5816,-1.4827,-1.3351,-1.114,-0.83221,-0.5346,-0.26672,-0.056038,0.089923,0.1736,0.19727,0.17477,0.13129,0.10017,0.10502,0.14605,0.19477,0.21858,0.197,0.12702,0.019304,-0.10658,-0.23159,-0.33831,-0.41138,-0.43653,-0.4028,-0.31005,-0.17264,-0.029823,0.06631,0.070711,-0.028067,-0.19013,-0.33168,-0.36307,-0.23674,0.030418,0.38592,0.77261,1.1514
0.52029,0.13082,-0.10407,-0.20783,-0.14867,0.031864,0.14659,0.019137,-0.31768,-0.70036,-1.0644,-1.5417,-2.2937,-3.2654,-4.223,-4.9644,-5.4031,-5.528,-5.3666,-4.9745,-4.4261,-3.7912,-3.114,-2.4192,-1.7474,-1.1696,-0.76012,-0.53378,-0.43985,-0.41259,-0.43132,-0.51562,-0.70346,-1.0037,-1.3691,-1.6803,-1.8381,-1.8307,-1.7403,-1.6363,-1.5322,-1.3993,-1.199,-0.93129,-0.63507,-0.35461,-0.1224,0.047628,0.14939,0.18093,0.14808,0.075088,0.0038822,-0.024748,0.002301,0.064561,0.12203,0.14049,0.10464,0.019186,-0.10241,-0.23769,-0.36569,-0.46791,-0.52643,-0.52397,-0.44938,-0.3132,-0.14912,-0.01064,0.051398,0.017535,-0.082126,-0.17562,-0.18419,-0.064806,0.17635,0.49552,0.84523,1.1922
0.53186,0.15676,-0.038582,-0.098655,-0.0089013,0.1758,0.26818,0.096345,-0.31168,-0.79155,-1.2535,-1.7903,-2.5418,-3.4671,-4.3637,-5.0594,-5.48,-5.6117,-5.4722,-5.1077,-4.5868,-3.9778,-3.3234,-2.6426,-1.9647,-1.3539,-0.88557,-0.58364,-0.41204,-0.32591,-0.31407,-0.40891,-0.64584,-1.0278,-1.4756,-1.843,-1.9923,-1.9312,-1.7763,-1.6329,-1.5282,-1.4215,-1.2618,-1.0263,-0.73693,-0.44072,-0.17477,0.03604,0.17404,0.22445,0.1853,0.077692,-0.050834,-0.14356,-0.16063,-0.11219,-0.039711,0.011153,0.01117,-0.050305,-0.16115,-0.30471,-0.45945,-0.60089,-0.70129,-0.73214,-0.67461,-0.52604,-0.31843,-0.10938,0.04229,0.10672,0.10037,0.078238,0.10408,0.21784,0.41813,0.68154,0.97508,1.2725
0.53526,0.17934,0.027572,0.011645,0.12876,0.31411,0.38615,0.17918,-0.28901,-0.86161,-1.427,-2.0309,-2.7857,-3.6646,-4.5027,-5.1591,-5.5695,-5.7158,-5.6051,-5.2723,-4.7803,-4.1968,-3.5628,-2.8901,-2.1936,-1.5326,-0.98636,-0.59694,-0.34572,-0.20359,-0.17007,-0.27446,-0.54841,-0.98159,-1.4812,-1.8699,-2.0014,-1.9003,-1.7122,-1.5598,-1.4687,-1.4003,-1.2859,-1.0857,-0.81017,-0.49948,-0.19835,0.05861,0.24059,0.32247,0.28923,0.15304,-0.036719,-0.20359,-0.28765,-0.27356,-0.20203,-0.134,-0.11562,-0.16404,-0.27907,-0.43903,-0.61722,-0.78531,-0.91259,-0.96515,-0.91242,-0.7454,-0.48895,-0.20086,0.052657,0.22918,0.32847,0.38616,0.44985,0.55627,0.71262,0.9098,1.1302,1.3573
0.53196,0.19334,0.076423,0.094369,0.23022,0.4148,0.47428,0.24651,-0.25893,-0.89646,-1.539,-2.196,-2.955,-3.7994,-4.5962,-5.2288,-5.6389,-5.8035,-5.7196,-5.4132,-4.9425,-4.3741,-3.7476,-3.069,-2.349,-1.6429,-1.0357,-0.58248,-0.27823,-0.1002,-0.053678,-0.16164,-0.44994,-0.8991,-1.4118,-1.8006,-1.9242,-1.8107,-1.6194,-1.4708,-1.3957,-1.3523,-1.2725,-1.1071,-0.85055,-0.53738,-0.21243,0.080309,0.29803,0.40547,0.3798,0.23071,0.0088385,-0.20514,-0.3366,-0.3591,-0.30699,-0.24277,-0.21949,-0.26549,-0.38215,-0.55336,-0.75139,-0.94235,-1.0884,-1.1497,-1.0917,-0.89913,-0.59546,-0.24054,0.093003,0.35246,0.5249,0.6338,0.71888,0.81313,0.93555,1.0861,1.2548,1.4287
0.51873,0.20674,0.13886,0.20221,0.36176,0.54566,0.59287,0.3468,-0.19854,-0.91179,-1.6521,-2.3802,-3.145,-3.9461,-4.6955,-5.3066,-5.7273,-5.9252,-5.8825,-5.6121,-5.1649,-4.6058,-3.9744,-3.2745,-2.5125,-1.7443,-1.0647,-0.53989,-0.17771,0.038692,0.10638,0.00427,-0.28459,-0.73575,-1.2426,-1.6218,-1.7357,-1.6216,-1.4387,-1.3077,-1.2626,-1.2624,-1.2378,-1.1251,-0.90189,-0.59143,-0.24269,0.088864,0.35022,0.4931,0.48867,0.34133,0.098164,-0.15861,-0.34302,-0.41354,-0.39382,-0.34678,-0.33316,-0.38878,-0.52183,-0.71549,-0.93777,-1.1496,-1.3085,-1.37,-1.2929,-1.0591,-0.68814,-0.24328,0.19296,0.55423,0.81246,0.97703,1.0788,1.1542,1.2245,1.3043,1.3969,1.498
0.50208,0.21203,0.18201,0.27916,0.45629,0.64175,0.68415,0.42962,-0.13744,-0.89837,-1.705,-2.4821,-3.2507,-4.0233,-4.7456,-5.3504,-5.7874,-6.0163,-6.0075,-5.7623,-5.3256,-4.763,-4.1163,-3.3913,-2.5922,-1.7784,-1.0523,-0.48722,-0.094426,0.1411,0.22254,0.13022,-0.14886,-0.5873,-1.0754,-1.4369,-1.5425,-1.4389,-1.275,-1.1707,-1.1535,-1.1909,-1.2079,-1.1352,-0.94359,-0.64546,-0.2913,0.060599,0.35103,0.52499,0.54722,0.41553,0.17321,-0.097053,-0.30646,-0.40534,-0.41098,-0.38433,-0.38764,-0.45714,-0.60848,-0.8228,-1.0641,-1.2879,-1.448,-1.4983,-1.3972,-1.1254,-0.70325,-0.19626,0.30592,0.72695,1.0298,1.2186,1.3229,1.3766,1.4128,1.45,1.4955,1.5466
0.47121,0.21184,0.23241,0.37348,0.5751,0.76679,0.80917,0.55174,-0.034353,-0.84626,-1.7272,-2.5599,-3.3326,-4.076,-4.7761,-5.3858,-5.8551,-6.1315,-6.1688,-5.9525,-5.5197,-4.9371,-4.253,-3.4789,-2.6234,-1.7539,-0.9806,-0.38446,0.025429,0.26994,0.35892,0.28193,0.030185,-0.36705,-0.80944,-1.1432,-1.2571,-1.1895,-1.069,-1.0011,-1.0184,-1.0913,-1.1586,-1.1495,-1.0131,-0.75058,-0.39939,-0.024223,0.30159,0.51627,0.57665,0.47876,0.26273,0.005515,-0.21185,-0.33935,-0.38268,-0.38999,-0.41917,-0.51534,-0.68704,-0.92322,-1.1856,-1.422,-1.5776,-1.6022,-1.4582,-1.1297,-0.64508,-0.074976,0.48829,0.96412,1.3079,1.5151,1.6103,1.6328,1.6164,1.5902,1.5725,1.5692
0.43082,0.20207,0.27261,0.45519,0.68212,0.8868,0.93791,0.6868,0.090554,-0.75761,-1.6935,-2.5677,-3.3425,-4.0689,-4.7646,-5.3935,-5.9024,-6.2289,-6.3118,-6.1199,-5.6801,-5.061,-4.3203,-3.4801,-2.5646,-1.6522,-0.85891,-0.26015,0.14155,0.37909,0.46806,0.40744,0.19467,-0.14412,-0.52952,-0.83272,-0.96531,-0.94708,-0.88121,-0.85617,-0.90691,-1.0172,-1.1336,-1.1827,-1.1046,-0.88019,-0.543,-0.16036,0.19088,0.44052,0.54261,0.49096,0.32192,0.10104,-0.096714,-0.22656,-0.29146,-0.33153,-0.39696,-0.52219,-0.72604,-0.98827,-1.2644,-1.4976,-1.6319,-1.62,-1.4299,-1.0512,-0.51682,0.098519,0.69764,1.1956,1.5457,1.7437,1.8156,1.7998,1.7379,1.665,1.604,1.565
0.39498,0.18793,0.29426,0.50626,0.75313,0.97155,1.0346,0.79237,0.19452,-0.67205,-1.6363,-2.5308,-3.3074,-4.0291,-4.7315,-5.382,-5.9227,-6.2858,-6.4007,-6.2233,-5.7716,-5.116,-4.3238,-3.4289,-2.4719,-1.5398,-0.74828,-0.16386,0.22111,0.44657,0.53507,0.4887,0.30581,0.0090887,-0.33444,-0.617,-0.76376,-0.78489,-0.76322,-0.77328,-0.84813,-0.98122,-1.1251,-1.2106,-1.1749,-0.98703,-0.67456,-0.29944,0.062638,0.33775,0.47998,0.47755,0.35807,0.17942,0.0030567,-0.12958,-0.21413,-0.27955,-0.36829,-0.51705,-0.73441,-1.005,-1.2839,-1.5115,-1.6286,-1.5881,-1.3629,-0.95131,-0.39335,0.23482,0.8396,1.3392,1.686,1.8724,1.922,1.8761,1.7781,1.6677,1.5754,1.5187
0.34126,0.16014,0.31027,0.5583,0.8325,1.0746,1.1605,0.93451,0.33958,-0.54078,-1.5272,-2.4356,-3.2136,-3.9399,-4.6607,-5.3452,-5.9305,-6.3402,-6.4913,-6.3242,-5.8467,-5.1332,-4.2674,-3.3049,-2.3046,-1.3621,-0.58903,-0.039335,0.30937,0.50926,0.59344,0.56736,0.42696,0.18543,-0.10668,-0.37063,-0.54065,-0.61483,-0.64566,-0.69256,-0.79234,-0.94372,-1.118,-1.2535,-1.2753,-1.1438,-0.86577,-0.49964,-0.12721,0.17833,0.36525,0.42122,0.36985,0.25536,0.12515,0.0093525,-0.088346,-0.18669,-0.31433,-0.49379,-0.7353,-1.0163,-1.2907,-1.4999,-1.588,-1.5126,-1.2522,-0.81134,-0.23274,0.40542,1.0077,1.4918,1.8116,1.9624,1.9711,1.8808,1.7389,1.5914,1.4734,1.4073
0.29789,0.13303,0.31164,0.58425,0.87909,1.1428,1.2498,1.0395,0.45001,-0.43318,-1.4265,-2.3391,-3.1194,-3.8547,-4.5936,-5.3047,-5.9218,-6.3633,-6.5366,-6.3705,-5.8676,-5.1078,-4.1893,-3.1849,-2.1625,-1.2227,-0.47164,0.043807,0.35756,0.53148,0.60756,0.59474,0.48754,0.2888,0.033872,-0.2172,-0.4031,-0.5111,-0.57516,-0.647,-0.76376,-0.93213,-1.1277,-1.2905,-1.3471,-1.2479,-0.9962,-0.64623,-0.27542,0.043798,0.26006,0.36043,0.36345,0.30171,0.20944,0.10851,0.0029016,-0.11772,-0.27156,-0.47424,-0.72906,-1.014,-1.2833,-1.4788,-1.5467,-1.4482,-1.1674,-0.71207,-0.1301,0.50023,1.0869,1.5512,1.8485,1.9737,1.9525,1.8284,1.6534,1.474,1.3319,1.258
0.23811,0.089859,0.29981,0.60075,0.92317,1.2194,1.3596,1.173,0.59508,-0.28506,-1.2772,-2.1913,-2.9805,-3.7334,-4.4995,-5.2427,-5.8948,-6.3699,-6.5648,-6.3946,-5.8556,-5.0369,-4.0548,-3.003,-1.963,-1.0403,-0.33253,0.12703,0.38626,0.52112,0.5816,0.58345,0.51724,0.3753,0.16917,-0.056201,-0.25238,-0.39443,-0.49787,-0.60171,-0.73774,-0.92337,-1.1357,-1.3205,-1.4097,-1.3515,-1.1461,-0.8348,-0.48115,-0.15377,0.10436,0.27224,0.35254,0.36363,0.32097,0.23658,0.11876,-0.031678,-0.22059,-0.45536,-0.72738,-1.0141,-1.2713,-1.4465,-1.4928,-1.377,-1.0849,-0.62877,-0.052989,0.56485,1.1317,1.5672,1.8268,1.9072,1.8376,1.6652,1.4431,1.2269,1.0627,0.98528
0.17949,0.040478,0.2736,0.59742,0.94693,1.2787,1.4561,1.2968,0.73459,-0.134,-1.1188,-2.0351,-2.8412,-3.6207,-4.4153,-5.1845,-5.8599,-6.3538,-6.5582,-6.3793,-5.8074,-4.9374,-3.9023,-2.8133,-1.7693,-0.87816,-0.22995,0.16154,0.36001,0.45465,0.50414,0.52265,0.4964,0.40433,0.2446,0.043774,-0.15374,-0.31548,-0.44228,-0.56102,-0.70607,-0.89406,-1.116,-1.3237,-1.445,-1.4266,-1.2555,-0.97064,-0.63716,-0.31178,-0.039668,0.16558,0.30762,0.38873,0.40701,0.35856,0.2422,0.063809,-0.1666,-0.43634,-0.73054,-1.0192,-1.2638,-1.4218,-1.4547,-1.3336,-1.0438,-0.60048,-0.04549,0.54557,1.082,1.485,1.7101,1.7528,1.6414,1.4246,1.1578,0.89905,0.70108,0.60662
0.13895,0.0010552,0.24568,0.58304,0.95194,1.3117,1.5195,1.382,0.83508,-0.02113,-0.99786,-1.9183,-2.7435,-3.5486,-4.3657,-5.1512,-5.8362,-6.3345,-6.537,-6.3464,-5.7505,-4.848,-3.7824,-2.6767,-1.6406,-0.78164,-0.18348,0.15236,0.30278,0.36652,0.40785,0.4391,0.44141,0.38464,0.25964,0.081803,-0.10545,-0.26818,-0.39938,-0.52257,-0.67034,-0.86052,-1.0853,-1.2993,-1.4346,-1.4388,-1.2994,-1.0486,-0.74216,-0.42978,-0.1473,0.091481,0.28181,0.41391,0.47194,0.4426,0.32447,0.12865,-0.12684,-0.42122,-0.73106,-1.0238,-1.2633,-1.4135,-1.4426,-1.3254,-1.0491,-0.62273,-0.08768,0.48077,0.99184,1.3674,1.5639,1.578,1.438,1.1914,0.89449,0.60643,0.38237,0.26953
0.092941,-0.051251,0.20039,0.55015,0.94309,1.341,1.5907,1.486,0.9632,0.12733,-0.83811,-1.7703,-2.6307,-3.4771,-4.3241,-5.1259,-5.8151,-6.3077,-6.4957,-6.2814,-5.6529,-4.7143,-3.6209,-2.5103,-1.4985,-0.6943,-0.16992,0.087402,0.17148,0.19391,0.22284,0.27075,0.31021,0.30302,0.22723,0.092302,-0.066733,-0.21446,-0.34014,-0.46122,-0.60514,-0.79269,-1.0146,-1.229,-1.3759,-1.4052,-1.3076,-1.1075,-0.84548,-0.56107,-0.27598,-0.0032261,0.24227,0.43548,0.54205,0.5394,0.42509,0.21463,-0.06692,-0.39116,-0.723,-1.0277,-1.2688,-1.4157,-1.4458,-1.3422,-1.093,-0.70484,-0.21303,0.31363,0.78785,1.1318,1.3004,1.2878,1.1196,0.84133,0.51094,0.18629,-0.074791,-0.22099
0.059349,-0.099431,0.15008,0.50577,0.91904,1.3544,1.6462,1.5777,1.0833,0.2703,-0.68668,-1.6395,-2.5464,-3.4399,-4.3157,-5.1257,-5.8075,-6.2818,-6.4453,-6.2027,-5.5442,-4.5785,-3.4694,-2.3662,-1.3903,-0.65244,-0.21409,-0.045288,-0.031287,-0.048174,-0.023803,0.04742,0.12662,0.1674,0.14137,0.05319,-0.066862,-0.18505,-0.28925,-0.39223,-0.52019,-0.69198,-0.90351,-1.1177,-1.2759,-1.3319,-1.2712,-1.1142,-0.89728,-0.64583,-0.37421,-0.087107,0.19854,0.44225,0.59548,0.6234,0.51735,0.29392,-0.01449,-0.36648,-0.72274,-1.0392,-1.2829,-1.4333,-1.4765,-1.3983,-1.1883,-0.84539,-0.40049,0.081138,0.51501,0.82544,0.96818,0.93653,0.75388,0.46023,0.112,-0.23387,-0.52063,-0.69677
0.043984,-0.13058,0.11181,0.46753,0.8935,1.355,1.6782,1.6381,1.1676,0.37324,-0.57914,-1.5529,-2.5017,-3.434,-4.3316,-5.1435,-5.8124,-6.2655,-6.4054,-6.1411,-5.4641,-4.4841,-3.3692,-2.275,-1.3306,-0.64737,-0.28131,-0.18691,-0.23163,-0.27689,-0.25005,-0.15471,-0.039991,0.038963,0.049712,-0.0037913,-0.091924,-0.18089,-0.2598,-0.34125,-0.45064,-0.60706,-0.80597,-1.0129,-1.1745,-1.2457,-1.2135,-1.094,-0.91387,-0.69199,-0.43099,-0.13339,0.17692,0.45054,0.62728,0.6679,0.56467,0.33659,0.01793,-0.35056,-0.72044,-1.0503,-1.3058,-1.4662,-1.5209,-1.4619,-1.2819,-0.97929,-0.5803,-0.14118,0.26112,0.55357,0.68983,0.65858,0.47835,0.18927,-0.16064,-0.5153,-0.81693,-1.0122
0.038519,-0.16273,0.063622,0.41362,0.85207,1.3452,1.7086,1.7066,1.2704,0.50302,-0.44323,-1.4493,-2.4594,-3.4493,-4.3776,-5.1894,-5.8344,-6.2504,-6.3514,-6.056,-5.3589,-4.3695,-3.2568,-2.182,-1.2851,-0.68046,-0.4174,-0.4287,-0.55341,-0.63156,-0.59138,-0.45421,-0.2881,-0.15872,-0.10082,-0.11074,-0.15602,-0.2037,-0.24145,-0.28565,-0.36299,-0.49232,-0.67009,-0.86395,-1.0251,-1.1129,-1.1128,-1.0353,-0.89874,-0.71294,-0.47232,-0.17459,0.15381,0.45217,0.65304,0.70862,0.60778,0.3704,0.034752,-0.35366,-0.7444,-1.0908,-1.3599,-1.5355,-1.6119,-1.5843,-1.4454,-1.1968,-0.85551,-0.46922,-0.1069,0.16314,0.29516,0.27506,0.11675,-0.14692,-0.47174,-0.80642,-1.0988,-1.3006
0.045593,-0.17853,0.031025,0.37314,0.81717,1.3306,1.7217,1.748,1.3382,0.59233,-0.34879,-1.3782,-2.4357,-3.4721,-4.4252,-5.2364,-5.8598,-6.2416,-6.307,-5.9857,-5.278,-4.2902,-3.1886,-2.1364,-1.2796,-0.73626,-0.55164,-0.64354,-0.82695,-0.92401,-0.86474,-0.68827,-0.48062,-0.31434,-0.22416,-0.20448,-0.22081,-0.23952,-0.24895,-0.26601,-0.31714,-0.42269,-0.57985,-0.75907,-0.91637,-1.0118,-1.0298,-0.97687,-0.86617,-0.70175,-0.47492,-0.18203,0.14843,0.45235,0.65722,0.71488,0.61402,0.37396,0.031595,-0.36718,-0.77429,-1.1414,-1.4313,-1.6244,-1.7154,-1.7041,-1.5898,-1.373,-1.0717,-0.72565,-0.3942,-0.1384,-0.0016062,-0.0001714,-0.12577,-0.3516,-0.6408,-0.94845,-1.2253,-1.422
0.068905,-0.18757,-0.0055039,0.32077,0.76703,1.302,1.7251,1.7863,1.4119,0.69643,-0.23368,-1.289,-2.4068,-3.5063,-4.4951,-5.3064,-5.8986,-6.229,-6.2408,-5.8844,-5.1696,-4.1962,-3.1214,-2.1092,-1.3098,-0.84762,-0.76432,-0.95998,-1.2152,-1.3268,-1.2278,-0.98885,-0.72153,-0.50923,-0.384,-0.3348,-0.32223,-0.31062,-0.29015,-0.27635,-0.29593,-0.36732,-0.49212,-0.64724,-0.7926,-0.89248,-0.92625,-0.89401,-0.8046,-0.65778,-0.44502,-0.16348,0.15701,0.45203,0.64733,0.69599,0.58757,0.34142,-0.0074664,-0.41886,-0.84453,-1.2378,-1.5573,-1.7778,-1.8906,-1.8972,-1.8037,-1.6184,-1.3586,-1.0576,-0.76175,-0.51972,-0.3692,-0.32893,-0.39797,-0.56118,-0.78591,-1.0341,-1.2633,-1.4313
0.10617,-0.18326,-0.033692,0.27218,0.71399,1.2625,1.7104,1.8013,1.461,0.7792,-0.13233,-1.2011,-2.367,-3.5254,-4.5522,-5.3659,-5.9264,-6.2038,-6.1626,-5.7757,-5.0632,-4.1173,-3.0821,-2.1168,-1.3764,-0.99079,-1.0002,-1.2861,-1.598,-1.7044,-1.5521,-1.244,-0.91782,-0.66499,-0.51717,-0.45258,-0.42677,-0.39972,-0.36188,-0.32924,-0.32625,-0.37156,-0.46608,-0.59177,-0.7167,-0.80712,-0.84262,-0.81762,-0.73394,-0.59395,-0.38978,-0.12269,0.17639,0.44544,0.6184,0.65066,0.53259,0.28101,-0.07415,-0.49616,-0.94542,-1.3721,-1.7263,-1.9715,-2.0941,-2.101,-2.0096,-1.8397,-1.6132,-1.3525,-1.0858,-0.84772,-0.67232,-0.58378,-0.59021,-0.68173,-0.83948,-1.0287,-1.2102,-1.344
0.14129,-0.17226,-0.049353,0.23803,0.67221,1.225,1.6852,1.794,1.4783,0.82385,-0.066579,-1.1331,-2.3229,-3.5194,-4.5752,-5.3933,-5.9323,-6.1723,-6.0945,-5.6893,-4.9846,-4.0665,-3.0683,-2.1439,-1.4498,-1.1181,-1.1872,-1.5247,-1.8573,-1.9408,-1.7362,-1.3755,-1.0127,-0.74096,-0.58548,-0.52163,-0.49795,-0.4729,-0.43345,-0.39586,-0.38373,-0.41421,-0.48947,-0.5945,-0.70082,-0.77848,-0.80515,-0.772,-0.68122,-0.53463,-0.33238,-0.079704,0.19524,0.43774,0.58663,0.60178,0.47379,0.21763,-0.14037,-0.56903,-1.0323,-1.4808,-1.8592,-2.123,-2.2522,-2.2537,-2.151,-1.9766,-1.758,-1.5171,-1.2719,-1.0425,-0.85398,-0.73163,-0.69107,-0.73187,-0.83785,-0.97998,-1.1219,-1.2269
0.1949,-0.14849,-0.063212,0.19526,0.6124,1.1615,1.6293,1.7556,1.4701,0.85512,0.0046747,-1.039,-2.2396,-3.4751,-4.5696,-5.399,-5.9156,-6.1106,-5.9886,-5.5646,-4.8777,-4.006,-3.0675,-2.2068,-1.5765,-1.3082,-1.4349,-1.8095,-2.1345,-2.1652,-1.8869,-1.4649,-1.0639,-0.77489,-0.61731,-0.5633,-0.55838,-0.55644,-0.53938,-0.5166,-0.50747,-0.52799,-0.58194,-0.65822,-0.7338,-0.78208,-0.78256,-0.72655,-0.6163,-0.45672,-0.25425,-0.019481,0.22106,0.42266,0.53478,0.52452,0.3842,0.12573,-0.23113,-0.66517,-1.1442,-1.622,-2.0349,-2.3218,-2.45,-2.4279,-2.2959,-2.0999,-1.8793,-1.6541,-1.4304,-1.2125,-1.0148,-0.86031,-0.77042,-0.75236,-0.80091,-0.89115,-0.99129,-1.0675
0.23827,-0.12542,-0.069128,0.1644,0.56348,1.1023,1.5683,1.7031,1.438,0.85554,0.044176,-0.96705,-2.1596,-3.4139,-4.5362,-5.3795,-5.8851,-6.0502,-5.8981,-5.4633,-4.7943,-3.9642,-3.0782,-2.2693,-1.6849,-1.454,-1.6043,-1.9801,-2.2772,-2.2562,-1.9288,-1.4707,-1.0486,-0.74913,-0.59455,-0.55152,-0.57056,-0.5991,-0.61733,-0.62346,-0.63003,-0.65085,-0.68978,-0.74144,-0.78936,-0.8085,-0.78254,-0.7035,-0.57265,-0.40187,-0.19993,0.020039,0.23392,0.40358,0.48984,0.46439,0.31977,0.063605,-0.29103,-0.7279,-1.221,-1.7201,-2.1528,-2.4474,-2.5653,-2.5181,-2.3538,-2.1359,-1.9101,-1.6965,-1.4916,-1.2867,-1.0871,-0.91565,-0.79848,-0.74859,-0.7624,-0.82024,-0.89262,-0.94851
0.29752,-0.089392,-0.072618,0.12351,0.49111,1.0052,1.459,1.5988,1.3591,0.82379,0.076191,-0.87407,-2.0358,-3.3011,-4.4573,-5.3254,-5.8249,-5.9569,-5.7686,-5.3218,-4.6793,-3.9098,-3.1,-2.3632,-1.8368,-1.6432,-1.8026,-2.15,-2.3809,-2.2804,-1.8891,-1.3926,-0.95387,-0.65498,-0.51327,-0.49935,-0.55909,-0.63959,-0.71003,-0.76273,-0.80321,-0.83646,-0.8668,-0.89036,-0.89562,-0.87026,-0.80125,-0.68432,-0.52558,-0.33604,-0.13292,0.067082,0.24468,0.37416,0.42801,0.38537,0.23853,-0.010184,-0.35556,-0.79114,-1.2946,-1.8155,-2.2725,-2.578,-2.6818,-2.5976,-2.3895,-2.1333,-1.8856,-1.6704,-1.4817,-1.3009,-1.1196,-0.95054,-0.81758,-0.73772,-0.71678,-0.73881,-0.78057,-0.81635
0.35503,-0.049938,-0.072725,0.0815,0.40803,0.88427,1.3137,1.4521,1.2371,0.75484,0.082505,-0.79087,-1.9039,-3.1665,-4.3512,-5.2462,-5.7475,-5.8558,-5.6373,-5.179,-4.5616,-3.8518,-3.1185,-2.455,-1.9821,-1.8125,-1.9581,-2.2488,-2.3959,-2.2182,-1.7773,-1.2593,-0.81349,-0.51874,-0.39027,-0.40411,-0.50729,-0.64758,-0.78507,-0.90207,-0.99007,-1.0445,-1.0644,-1.0506,-1.0053,-0.92657,-0.8127,-0.6632,-0.48198,-0.28415,-0.086036,0.094163,0.23972,0.33458,0.36171,0.30918,0.16997,-0.061266,-0.39113,-0.82061,-1.3348,-1.878,-2.3549,-2.6638,-2.7483,-2.6264,-2.3729,-2.0757,-1.8029,-1.5854,-1.4167,-1.2677,-1.1146,-0.95893,-0.82248,-0.73081,-0.68316,-0.67727,-0.69534,-0.71527
0.3955,-0.019988,-0.071577,0.048443,0.33778,0.77658,1.1792,1.3126,1.1173,0.67883,0.069041,-0.73981,-1.8106,-3.0646,-4.2654,-5.1797,-5.6858,-5.7813,-5.5439,-5.0783,-4.4762,-3.8055,-3.1256,-2.5136,-2.0763,-1.9157,-2.037,-2.2729,-2.3544,-2.1282,-1.6687,-1.1473,-0.70357,-0.4098,-0.2872,-0.3154,-0.45076,-0.63866,-0.83588,-1.0088,-1.1359,-1.2023,-1.2064,-1.1593,-1.0738,-0.95886,-0.81565,-0.64423,-0.45124,-0.25097,-0.061951,0.10027,0.22438,0.29958,0.31536,0.26037,0.12681,-0.093143,-0.4104,-0.83382,-1.3487,-1.9006,-2.3896,-2.7038,-2.7791,-2.6347,-2.3509,-2.0265,-1.7316,-1.5012,-1.3335,-1.2017,-1.0772,-0.95014,-0.8316,-0.73646,-0.68303,-0.66133,-0.65756,-0.65585
0.44422,0.018907,-0.070121,0.001913,0.23341,0.61006,0.96591,1.0879,0.9212,0.54724,0.026777,-0.69316,-1.7058,-2.944,-4.1599,-5.0965,-5.6097,-5.6915,-5.4321,-4.9554,-4.3674,-3.7391,-3.1194,-2.5666,-2.1677,-2.0093,-2.09,-2.2513,-2.2549,-1.9834,-1.5126,-0.99577,-0.5585,-0.26992,-0.15757,-0.20931,-0.38732,-0.63599,-0.90274,-1.1421,-1.3159,-1.3986,-1.3823,-1.2854,-1.1404,-0.97375,-0.79546,-0.60717,-0.41302,-0.22136,-0.049808,0.088136,0.18574,0.23972,0.24506,0.19489,0.077926,-0.12153,-0.42229,-0.83747,-1.355,-1.9164,-2.4156,-2.7329,-2.7963,-2.6226,-2.3002,-1.9326,-1.6069,-1.3689,-1.2193,-1.1238,-1.0401,-0.94495,-0.84303,-0.75369,-0.6845,-0.64205,-0.61927,-0.60462
0.48571,0.055645,-0.069546,-0.047988,0.11787,0.41907,0.71597,0.82166,0.6871,0.38467,-0.043134,-0.67782,-1.6361,-2.858,-4.0842,-5.0369,-5.5537,-5.6207,-5.3381,-4.8462,-4.2645,-3.6666,-3.0928,-2.5845,-2.2096,-2.0412,-2.0758,-2.1718,-2.122,-1.8307,-1.3632,-0.85853,-0.43206,-0.15528,-0.057319,-0.13703,-0.3564,-0.66308,-0.99296,-1.2911,-1.5021,-1.5843,-1.5279,-1.3664,-1.1583,-0.94436,-0.74477,-0.55898,-0.38012,-0.2145,-0.067858,0.048967,0.12882,0.17052,0.17264,0.13031,0.031083,-0.14672,-0.42937,-0.83421,-1.3498,-1.9152,-2.4181,-2.7326,-2.7846,-2.5914,-2.2402,-1.8437,-1.4909,-1.2352,-1.0872,-1.0187,-0.98162,-0.93656,-0.8711,-0.79049,-0.71842,-0.65909,-0.61137,-0.5696
0.51171,0.080951,-0.069908,-0.086792,0.025577,0.26201,0.50745,0.59799,0.49,0.24497,-0.11375,-0.68889,-1.6123,-2.8241,-4.0556,-5.0159,-5.5313,-5.5845,-5.2822,-4.7754,-4.1921,-3.6085,-3.059,-2.5731,-2.2054,-2.0209,-2.0194,-2.0747,-2.0037,-1.7151,-1.2649,-0.77814,-0.3628,-0.093563,-0.0056346,-0.1035,-0.35548,-0.70597,-1.0877,-1.4276,-1.6554,-1.718,-1.615,-1.4013,-1.1488,-0.91099,-0.70353,-0.52249,-0.36116,-0.21678,-0.093764,0.0026477,0.070119,0.10719,0.11474,0.08378,-0.0022147,-0.16762,-0.43952,-0.83551,-1.3441,-1.9017,-2.3967,-2.7042,-2.7476,-2.5407,-2.1723,-1.7547,-1.3862,-1.1275,-0.99339,-0.95415,-0.95421,-0.94321,-0.8991,-0.82905,-0.74625,-0.66715,-0.59894,-0.54263
0.53929,0.11111,-0.071553,-0.1388,-0.10162,0.041099,0.20724,0.27468,0.20582,0.040872,-0.22883,-0.73445,-1.6214,-2.8249,-4.062,-5.026,-5.5325,-5.5626,-5.2305,-4.6993,-4.1057,-3.5283,-2.9966,-2.5266,-2.1575,-1.9457,-1.8969,-1.9092,-1.8251,-1.5563,-1.1445,-0.6928,-0.30254,-0.049024,0.0214,-0.10245,-0.3975,-0.80495,-1.2453,-1.628,-1.863,-1.8933,-1.7252,-1.4367,-1.1252,-0.85342,-0.64065,-0.47847,-0.35099,-0.24356,-0.15244,-0.078703,-0.024055,0.01267,0.026536,0.011162,-0.052776,-0.19455,-0.44544,-0.82374,-1.315,-1.8548,-2.33,-2.6183,-2.6469,-2.4298,-2.0514,-1.6249,-1.2477,-0.98761,-0.86817,-0.86442,-0.91484,-0.95348,-0.94284,-0.88295,-0.79223,-0.69238,-0.59757,-0.51381
0.5548,0.13072,-0.07336,-0.17702,-0.19661,-0.1287,-0.027042,0.021313,-0.016083,-0.11997,-0.32669,-0.78904,-1.657,-2.8592,-4.1009,-5.064,-5.5579,-5.5658,-5.2093,-4.6575,-4.0509,-3.4697,-2.9408,-2.4733,-2.0966,-1.8621,-1.782,-1.7707,-1.6842,-1.4374,-1.058,-0.63726,-0.2723,-0.038543,0.013559,-0.13504,-0.46309,-0.91187,-1.3902,-1.7971,-2.0303,-2.0261,-1.8017,-1.4548,-1.101,-0.81005,-0.60107,-0.46073,-0.36339,-0.28946,-0.22403,-0.16277,-0.10791,-0.064893,-0.036954,-0.038038,-0.088558,-0.21661,-0.45171,-0.81201,-1.2816,-1.7961,-2.2457,-2.5125,-2.5269,-2.3033,-1.9247,-1.5015,-1.134,-0.89003,-0.79262,-0.81552,-0.89508,-0.96142,-0.97134,-0.91692,-0.8209,-0.70684,-0.59258,-0.48819
0.56874,0.15309,-0.076335,-0.22528,-0.31807,-0.3511,-0.33933,-0.31929,-0.31296,-0.33635,-0.46837,-0.88569,-1.7402,-2.9479,-4.1964,-5.1535,-5.6236,-5.5966,-5.2041,-4.6222,-3.9945,-3.4016,-2.8671,-2.3921,-1.9966,-1.7292,-1.6121,-1.577,-1.4964,-1.2849,-0.95319,-0.57964,-0.25286,-0.04969,-0.024727,-0.2048,-0.57497,-1.0748,-1.608,-2.0493,-2.2753,-2.2119,-1.9024,-1.4812,-1.0817,-0.77914,-0.58385,-0.47326,-0.41543,-0.37827,-0.3414,-0.29625,-0.24335,-0.1879,-0.13974,-0.11414,-0.13564,-0.23535,-0.4428,-0.77222,-1.2064,-1.6795,-2.0871,-2.3221,-2.3239,-2.106,-1.743,-1.3403,-0.99271,-0.77041,-0.70076,-0.7593,-0.8782,-0.97815,-1.007,-0.95559,-0.84768,-0.71255,-0.57328,-0.44319
0.57513,0.17073,-0.079892,-0.26833,-0.42787,-0.55763,-0.63654,-0.6466,-0.59803,-0.54721,-0.61738,-1.0041,-1.857,-3.077,-4.3327,-5.2796,-5.7215,-5.6566,-5.2263,-4.6129,-3.9626,-3.3548,-2.809,-2.3193,-1.9009,-1.6,-1.446,-1.3887,-1.3151,-1.1391,-0.86029,-0.53867,-0.25678,-0.087391,-0.090508,-0.29696,-0.70002,-1.2425,-1.8197,-2.2903,-2.5069,-2.3948,-2.0164,-1.5353,-1.1025,-0.79228,-0.6113,-0.53102,-0.51157,-0.51144,-0.50172,-0.46695,-0.40637,-0.32908,-0.25178,-0.19466,-0.18455,-0.25168,-0.42347,-0.71335,-1.102,-1.5286,-1.8956,-2.104,-2.0992,-1.8944,-1.5598,-1.1883,-0.87253,-0.68014,-0.63828,-0.72317,-0.86638,-0.9853,-1.0232,-0.97182,-0.85155,-0.6966,-0.5349,-0.38335
0.57492,0.18046,-0.083017,-0.29597,-0.49907,-0.6947,-0.83914,-0.87239,-0.7954,-0.69647,-0.72949,-1.1023,-1.9606,-3.1925,-4.4542,-5.3928,-5.8124,-5.7186,-5.2603,-4.6239,-3.956,-3.3354,-2.7801,-2.2803,-1.8466,-1.5231,-1.3435,-1.2694,-1.1982,-1.0455,-0.80125,-0.51647,-0.26567,-0.12156,-0.14511,-0.37178,-0.7964,-1.3626,-1.9621,-2.4462,-2.6583,-2.5203,-2.1053,-1.5928,-1.1439,-0.83369,-0.66835,-0.61417,-0.62279,-0.64926,-0.65433,-0.61974,-0.54648,-0.4484,-0.34376,-0.25833,-0.22084,-0.2613,-0.40519,-0.66289,-1.017,-1.4077,-1.7445,-1.9375,-1.9367,-1.7522,-1.4455,-1.1034,-0.81263,-0.63909,-0.61011,-0.70284,-0.85016,-0.97099,-1.0099,-0.95535,-0.83247,-0.67403,-0.50603,-0.34331
0.56724,0.18826,-0.087617,-0.32622,-0.57577,-0.84507,-1.0679,-1.1329,-1.0268,-0.87643,-0.87392,-1.2388,-2.1103,-3.3618,-4.6335,-5.5611,-5.9518,-5.8218,-5.3293,-4.6645,-3.9745,-3.3387,-2.7728,-2.2625,-1.8121,-1.4622,-1.2518,-1.1524,-1.077,-0.94595,-0.74132,-0.50257,-0.29154,-0.17891,-0.22452,-0.4678,-0.90678,-1.4877,-2.1043,-2.6004,-2.8128,-2.6578,-2.2224,-1.6967,-1.2455,-0.94472,-0.79761,-0.76964,-0.8098,-0.86403,-0.88698,-0.85324,-0.7621,-0.63099,-0.48677,-0.35935,-0.28005,-0.27872,-0.3797,-0.59217,-0.9008,-1.2516,-1.5613,-1.7466,-1.7604,-1.6088,-1.3428,-1.0387,-0.77567,-0.6158,-0.58732,-0.67259,-0.81142,-0.92734,-0.96485,-0.9123,-0.7877,-0.62333,-0.44712,-0.2761
0.55014,0.18921,-0.09323,-0.34911,-0.62955,-0.95202,-1.2371,-1.3327,-1.2117,-1.0314,-1.0108,-1.3783,-2.2679,-3.5406,-4.8218,-5.7401,-6.1045,-5.9427,-5.4221,-4.7355,-4.0298,-3.3835,-2.8119,-2.2971,-1.8374,-1.4667,-1.2229,-1.0908,-0.99889,-0.87647,-0.70429,-0.50706,-0.33764,-0.2544,-0.31466,-0.55514,-0.98226,-1.552,-2.1672,-2.6739,-2.8998,-2.7567,-2.3288,-1.8134,-1.3776,-1.0983,-0.97708,-0.97673,-1.0443,-1.12,-1.1531,-1.1135,-0.9991,-0.83183,-0.64274,-0.47113,-0.35139,-0.31139,-0.37168,-0.54299,-0.80871,-1.1229,-1.4139,-1.6065,-1.6506,-1.5403,-1.3142,-1.0379,-0.7844,-0.61698,-0.56803,-0.62602,-0.73872,-0.83791,-0.87267,-0.82815,-0.71711,-0.56654,-0.39994,-0.23145
0.53062,0.18461,-0.098905,-0.36148,-0.65512,-1.002,-1.32,-1.4361,-1.3165,-1.1307,-1.11,-1.4861,-2.39,-3.6767,-4.9634,-5.8755,-6.2236,-6.0431,-5.5075,-4.8095,-4.0952,-3.4434,-2.8704,-2.3573,-1.8966,-1.5151,-1.2479,-1.0882,-0.97633,-0.85202,-0.69527,-0.52291,-0.37905,-0.31386,-0.37978,-0.61344,-1.0229,-1.5715,-2.1676,-2.6687,-2.9054,-2.7895,-2.3914,-1.9015,-1.4893,-1.2301,-1.1303,-1.1518,-1.2369,-1.3262,-1.3629,-1.3166,-1.1862,-0.99442,-0.77597,-0.57058,-0.4151,-0.34064,-0.37051,-0.51262,-0.75819,-1.0612,-1.35,-1.55,-1.6121,-1.5282,-1.3264,-1.0663,-0.8157,-0.63362,-0.55414,-0.57434,-0.65507,-0.73923,-0.77839,-0.7482,-0.65872,-0.5263,-0.3706,-0.20639
0.49508,0.17074,-0.10928,-0.37339,-0.67117,-1.0308,-1.3714,-1.5116,-1.4117,-1.2437,-1.242,-1.638,-2.5591,-3.8575,-5.1461,-6.0489,-6.3823,-6.1884,-5.6422,-4.9358,-4.2144,-3.558,-2.9856,-2.4805,-2.0256,-1.6358,-1.3399,-1.1385,-0.99292,-0.85801,-0.71288,-0.56568,-0.44414,-0.39223,-0.45651,-0.67588,-1.0579,-1.5692,-2.1261,-2.5988,-2.8387,-2.7604,-2.4259,-2.0018,-1.6423,-1.4236,-1.3505,-1.3898,-1.4902,-1.5888,-1.6305,-1.5801,-1.4329,-1.21,-0.95466,-0.71012,-0.51573,-0.40279,-0.39464,-0.50545,-0.72259,-1.01,-1.3034,-1.5295,-1.6307,-1.5835,-1.4068,-1.1457,-0.86765,-0.63927,-0.50608,-0.47733,-0.5243,-0.59583,-0.6431,-0.64117,-0.58016,-0.47425,-0.34134,-0.1957
0.46002,0.1539,-0.12031,-0.38047,-0.67265,-1.0283,-1.3721,-1.5284,-1.4557,-1.319,-1.3449,-1.7605,-2.6925,-3.9926,-5.2765,-6.1713,-6.4986,-6.3026,-5.7567,-5.0501,-4.3269,-3.669,-3.099,-2.6019,-2.1548,-1.7613,-1.4426,-1.2065,-1.0312,-0.88366,-0.74409,-0.6114,-0.50308,-0.45533,-0.51334,-0.71331,-1.0671,-1.5429,-2.0662,-2.5141,-2.7514,-2.6992,-2.4137,-2.0461,-1.7357,-1.5534,-1.503,-1.5548,-1.6623,-1.7686,-1.8183,-1.7694,-1.6109,-1.3688,-1.0845,-0.80941,-0.58711,-0.45048,-0.42322,-0.51595,-0.72554,-1.0123,-1.3121,-1.5521,-1.6738,-1.6487,-1.4812,-1.217,-0.91791,-0.65133,-0.46967,-0.39394,-0.40864,-0.47177,-0.53471,-0.55781,-0.53206,-0.45713,-0.34503,-0.21017
0.40073,0.12175,-0.14062,-0.38997,-0.66629,-1.0033,-1.3374,-1.5121,-1.4891,-1.4129,-1.4905,-1.9388,-2.8823,-4.176,-5.4469,-6.329,-6.652,-6.4612,-5.9245,-5.2242,-4.5023,-3.8442,-3.2784,-2.7915,-2.3554,-1.9575,-1.6094,-1.3274,-1.1097,-0.94061,-0.80054,-0.67936,-0.58509,-0.54257,-0.59101,-0.76504,-1.0765,-1.4986,-1.9629,-2.364,-2.5867,-2.5679,-2.3513,-2.0619,-1.8206,-1.6877,-1.6697,-1.7405,-1.8568,-1.9678,-2.0181,-1.9659,-1.7998,-1.5412,-1.238,-0.94063,-0.69289,-0.52914,-0.47582,-0.55085,-0.74793,-1.0364,-1.3549,-1.6273,-1.7839,-1.7814,-1.6182,-1.3265,-0.97568,-0.64617,-0.40474,-0.28395,-0.2754,-0.33902,-0.42279,-0.4838,-0.49514,-0.4521,-0.36458,-0.2479
0.32626,0.076797,-0.16969,-0.40315,-0.65729,-0.9656,-1.2818,-1.4746,-1.5099,-1.508,-1.6489,-2.1347,-3.0879,-4.3701,-5.6203,-6.4871,-6.8086,-6.628,-6.105,-5.4144,-4.6958,-4.0376,-3.4736,-2.9928,-2.5634,-2.1595,-1.7843,-1.4614,-1.2084,-1.0207,-0.87795,-0.7629,-0.67414,-0.63069,-0.66724,-0.81653,-1.0882,-1.4573,-1.8586,-2.2021,-2.3948,-2.3927,-2.2354,-2.0235,-1.853,-1.7735,-1.7869,-1.8698,-1.9877,-2.095,-2.1445,-2.095,-1.9297,-1.6671,-1.3536,-1.0429,-0.78167,-0.60546,-0.54164,-0.60806,-0.80608,-1.104,-1.4398,-1.7339,-1.9111,-1.9215,-1.7507,-1.4356,-1.0453,-0.66522,-0.37148,-0.20831,-0.17759,-0.24404,-0.35268,-0.44798,-0.49641,-0.48534,-0.42074,-0.31786
0.25988,0.034287,-0.19845,-0.41813,-0.65334,-0.93775,-1.2385,-1.4459,-1.5272,-1.5849,-1.7783,-2.2955,-3.2558,-4.5275,-5.7585,-6.6117,-6.9323,-6.7605,-6.2483,-5.5648,-4.8474,-4.1857,-3.6177,-3.1358,-2.7079,-2.299,-1.9057,-1.557,-1.2854,-1.09,-0.94988,-0.84003,-0.75111,-0.70115,-0.72531,-0.85585,-1.1018,-1.4343,-1.7922,-2.0911,-2.2549,-2.2529,-2.1263,-1.9633,-1.8419,-1.8004,-1.8355,-1.9245,-2.0381,-2.1396,-2.188,-2.142,-1.981,-1.7236,-1.4123,-1.1036,-0.8435,-0.66625,-0.5995,-0.66323,-0.86206,-1.1672,-1.5178,-1.8314,-2.0264,-2.0434,-1.8674,-1.527,-1.0997,-0.68196,-0.35943,-0.18174,-0.15156,-0.23047,-0.35777,-0.47483,-0.54033,-0.53784,-0.47527,-0.37229
0.15717,-0.034779,-0.24705,-0.4477,-0.6581,-0.91161,-1.1934,-1.4216,-1.5633,-1.7009,-1.968,-2.5318,-3.5034,-4.7573,-5.9572,-6.7875,-7.1033,-6.9427,-6.4454,-5.7697,-5.0491,-4.3753,-3.7927,-3.3016,-2.8688,-2.4538,-2.0429,-1.6723,-1.3844,-1.1877,-1.0576,-0.95797,-0.87145,-0.81221,-0.81761,-0.9225,-1.1343,-1.4207,-1.7201,-1.9583,-2.0796,-2.0716,-1.9777,-1.8689,-1.803,-1.8015,-1.8574,-1.95,-2.0532,-2.14,-2.1748,-2.1241,-1.973,-1.7361,-1.454,-1.1724,-0.93135,-0.76359,-0.69896,-0.7622,-0.96159,-1.2734,-1.6373,-1.9677,-2.1765,-2.1985,-2.0103,-1.6495,-1.1967,-0.75333,-0.40956,-0.21908,-0.18725,-0.27585,-0.42123,-0.55728,-0.63598,-0.64177,-0.58177,-0.47583
0.069768,-0.096131,-0.29187,-0.47886,-0.67233,-0.90594,-1.1774,-1.4209,-1.606,-1.8011,-2.1247,-2.7269,-3.7086,-4.9472,-6.1191,-6.9269,-7.2369,-7.0837,-6.5966,-5.9246,-5.1974,-4.508,-3.9053,-3.396,-2.9506,-2.5298,-2.1163,-1.7444,-1.4581,-1.2697,-1.1521,-1.0624,-0.97863,-0.91201,-0.90282,-0.98716,-1.1718,-1.4241,-1.6795,-1.8745,-1.964,-1.9512,-1.8772,-1.8017,-1.7699,-1.7923,-1.8576,-1.9457,-2.0346,-2.1029,-2.1218,-2.0643,-1.9207,-1.7073,-1.4583,-1.2135,-1.0037,-0.85585,-0.79914,-0.86293,-1.0596,-1.3709,-1.7395,-2.0788,-2.2957,-2.3187,-2.1257,-1.7509,-1.2815,-0.82508,-0.47596,-0.28944,-0.26982,-0.37521,-0.53597,-0.6811,-0.76024,-0.75402,-0.67472,-0.5498
-0.059495,-0.19041,-0.36401,-0.53477,-0.70967,-0.92329,-1.1861,-1.4499,-1.6864,-1.9524,-2.3488,-3.0053,-4.0041,-5.2207,-6.3519,-7.1249,-7.4238,-7.2787,-6.8022,-6.1306,-5.3883,-4.6689,-4.0267,-3.4781,-3.0039,-2.5719,-2.1675,-1.8143,-1.5519,-1.3913,-1.2983,-1.2271,-1.1465,-1.0686,-1.0354,-1.0917,-1.2431,-1.4541,-1.6599,-1.8021,-1.8528,-1.8256,-1.7665,-1.7256,-1.7308,-1.7808,-1.8549,-1.9296,-1.9887,-2.0175,-2.0045,-1.9374,-1.8132,-1.6459,-1.4617,-1.2826,-1.1266,-1.013,-0.97015,-1.0323,-1.2199,-1.5232,-1.8891,-2.2299,-2.4481,-2.4687,-2.2677,-1.8867,-1.4165,-0.96582,-0.62765,-0.45548,-0.45185,-0.57242,-0.74385,-0.88984,-0.95713,-0.93001,-0.82442,-0.67189
-0.20187,-0.29811,-0.45114,-0.60905,-0.77152,-0.97287,-1.2336,-1.5159,-1.7942,-2.1191,-2.5819,-3.2922,-4.3123,-5.5105,-6.601,-7.338,-7.6219,-7.479,-7.0074,-6.3305,-5.5665,-4.81,-4.1205,-3.5213,-3.0072,-2.5575,-2.1638,-1.8435,-1.6267,-1.5135,-1.4653,-1.4255,-1.3545,-1.2615,-1.1979,-1.2143,-1.3273,-1.4994,-1.6682,-1.7733,-1.7948,-1.7548,-1.7035,-1.6858,-1.7163,-1.7832,-1.858,-1.9149,-1.939,-1.9243,-1.8704,-1.7826,-1.6739,-1.562,-1.4606,-1.3731,-1.2945,-1.2294,-1.2033,-1.2574,-1.4251,-1.7057,-2.0531,-2.3822,-2.5941,-2.6104,-2.4075,-2.0263,-1.5614,-1.1246,-0.80986,-0.66775,-0.69492,-0.83926,-1.0199,-1.1582,-1.199,-1.1329,-0.98476,-0.7936
-0.31588,-0.38728,-0.52612,-0.67721,-0.83476,-1.0323,-1.2939,-1.5868,-1.8882,-2.248,-2.7534,-3.5028,-4.5417,-5.7316,-6.796,-7.5066,-7.7773,-7.6317,-7.1585,-6.4729,-5.6894,-4.9028,-4.1755,-3.5361,-2.9879,-2.5223,-2.1352,-1.844,-1.6678,-1.5988,-1.5931,-1.5839,-1.5259,-1.4251,-1.3382,-1.3241,-1.4048,-1.5468,-1.6881,-1.772,-1.7805,-1.7392,-1.6954,-1.6892,-1.7316,-1.8014,-1.8689,-1.9068,-1.8998,-1.8506,-1.768,-1.6699,-1.5786,-1.5148,-1.4825,-1.4695,-1.4541,-1.4277,-1.4122,-1.4537,-1.5966,-1.8511,-2.1772,-2.4917,-2.6944,-2.7056,-2.4997,-2.1254,-1.6752,-1.258,-0.9646,-0.84415,-0.89186,-1.0524,-1.2396,-1.3659,-1.3844,-1.2882,-1.1089,-0.89032
-0.47524,-0.51618,-0.63848,-0.78442,-0.9413,-1.1379,-1.4002,-1.7003,-2.0193,-2.412,-2.9632,-3.7586,-4.8255,-6.0128,-7.0519,-7.7347,-7.9885,-7.8369,-7.3572,-6.655,-5.8415,-5.0122,-4.2319,-3.536,-2.9397,-2.4509,-2.0749,-1.8249,-1.7062,-1.7,-1.7548,-1.7928,-1.7578,-1.652,-1.5368,-1.4844,-1.5226,-1.6267,-1.7337,-1.7955,-1.7949,-1.7586,-1.7281,-1.7354,-1.7851,-1.8523,-1.9023,-1.908,-1.8591,-1.7615,-1.6405,-1.5301,-1.4652,-1.4673,-1.5353,-1.6343,-1.7143,-1.7438,-1.7371,-1.7514,-1.8465,-2.0501,-2.3341,-2.62,-2.8064,-2.8099,-2.6051,-2.2379,-1.8041,-1.4139,-1.1564,-1.0754,-1.1584,-1.3409,-1.5295,-1.639,-1.62,-1.4788,-1.2562,-1.0015
-0.63925,-0.65454,-0.76451,-0.90976,-1.0703,-1.2673,-1.524,-1.8185,-2.1397,-2.5497,-3.1339,-3.9671,-5.0605,-6.2545,-7.2816,-7.9498,-8.1955,-8.0398,-7.5519,-6.8308,-5.986,-5.1136,-4.2811,-3.5289,-2.8834,-2.3691,-2.003,-1.791,-1.7243,-1.7759,-1.8894,-1.9806,-1.9783,-1.8732,-1.7313,-1.6364,-1.6349,-1.7088,-1.8025,-1.8614,-1.8657,-1.8335,-1.8056,-1.8127,-1.8552,-1.9085,-1.9355,-1.9088,-1.821,-1.6873,-1.5421,-1.4307,-1.3969,-1.4661,-1.6291,-1.8348,-2.0059,-2.0849,-2.0776,-2.0505,-2.0862,-2.231,-2.4667,-2.7176,-2.8815,-2.8744,-2.673,-2.3172,-1.9057,-1.5449,-1.319,-1.2672,-1.3729,-1.568,-1.7555,-1.8465,-1.7979,-1.6248,-1.3742,-1.0973
-0.76298,-0.76298,-0.86664,-1.0138,-1.1792,-1.3747,-1.6196,-1.8982,-2.2104,-2.6245,-3.2241,-4.0789,-5.1904,-6.3929,-7.4203,-8.0885,-8.3369,-8.1827,-7.6896,-6.955,-6.089,-5.1885,-4.321,-3.5298,-2.8482,-2.3121,-1.9481,-1.7575,-1.7234,-1.811,-1.9622,-2.0919,-2.1181,-2.0219,-1.867,-1.7442,-1.715,-1.7692,-1.8614,-1.9298,-1.9466,-1.9234,-1.8949,-1.8924,-1.9198,-1.9499,-1.9508,-1.897,-1.7828,-1.6313,-1.481,-1.3814,-1.3775,-1.4962,-1.7232,-1.9991,-2.2313,-2.3432,-2.3303,-2.2663,-2.2494,-2.3393,-2.5285,-2.7478,-2.8971,-2.8894,-2.6942,-2.3525,-1.9558,-1.6097,-1.3988,-1.3619,-1.4808,-1.6843,-1.8718,-1.9527,-1.8894,-1.6971,-1.4269,-1.1339
-0.92579,-0.91163,-1.0102,-1.1625,-1.3349,-1.5228,-1.7374,-1.9745,-2.2604,-2.6701,-3.2805,-4.1558,-5.289,-6.5068,-7.547,-8.2313,-8.4957,-8.3509,-7.8556,-7.107,-6.2184,-5.2885,-4.3841,-3.5482,-2.8226,-2.2553,-1.8828,-1.7079,-1.7033,-1.8257,-2.0149,-2.1864,-2.2538,-2.1857,-2.0316,-1.889,-1.8277,-1.86,-1.9431,-2.0238,-2.0629,-2.0596,-2.0368,-2.0194,-2.0141,-2.0024,-1.9573,-1.8621,-1.7205,-1.5552,-1.4106,-1.3363,-1.3774,-1.5581,-1.8647,-2.2245,-2.5222,-2.6577,-2.6198,-2.4964,-2.4076,-2.4292,-2.561,-2.7379,-2.8629,-2.8506,-2.6663,-2.3436,-1.9674,-1.6393,-1.4428,-1.4169,-1.5419,-1.7443,-1.9226,-1.992,-1.9151,-1.7138,-1.4414,-1.1513
-1.0441,-1.0246,-1.1219,-1.2794,-1.4552,-1.6312,-1.8086,-2.0006,-2.257,-2.6567,-3.2697,-4.1545,-5.3006,-6.533,-7.5926,-8.3001,-8.5866,-8.4555,-7.9628,-7.2074,-6.3065,-5.3605,-4.4352,-3.5729,-2.8194,-2.2301,-1.8485,-1.6766,-1.6827,-1.8194,-2.0268,-2.2231,-2.3193,-2.2757,-2.1309,-1.982,-1.9058,-1.9267,-2.0108,-2.106,-2.1674,-2.177,-2.15,-2.1108,-2.0693,-2.0196,-1.9402,-1.8183,-1.6617,-1.4964,-1.3651,-1.3169,-1.3946,-1.619,-1.9737,-2.3794,-2.7083,-2.8476,-2.7831,-2.6146,-2.4725,-2.4446,-2.5361,-2.6839,-2.7916,-2.7735,-2.5968,-2.2873,-1.928,-1.6164,-1.4308,-1.406,-1.5221,-1.7099,-1.8758,-1.939,-1.8667,-1.6778,-1.4191,-1.1392
-1.1937,-1.1749,-1.2741,-1.438,-1.6144,-1.7635,-1.8731,-1.9877,-2.1949,-2.5745,-3.1839,-4.0736,-5.2325,-6.4887,-7.5851,-8.3362,-8.6633,-8.559,-8.0753,-7.3163,-6.4064,-5.4483,-4.5055,-3.6191,-2.8372,-2.2232,-1.827,-1.6507,-1.6566,-1.7975,-2.0164,-2.2355,-2.3685,-2.3586,-2.2331,-2.08,-1.9909,-2.0023,-2.096,-2.2184,-2.3123,-2.3441,-2.3102,-2.232,-2.1332,-2.0162,-1.8785,-1.7187,-1.5475,-1.3957,-1.2997,-1.2992,-1.4284,-1.7043,-2.1022,-2.5395,-2.8817,-3.0095,-2.9104,-2.6905,-2.4942,-2.4098,-2.4456,-2.5442,-2.6184,-2.5904,-2.4255,-2.1441,-1.8158,-1.5266,-1.349,-1.3176,-1.4164,-1.5836,-1.7341,-1.795,-1.7347,-1.5664,-1.3315,-1.0743
-1.3331,-1.3222,-1.4262,-1.5946,-1.7652,-1.8738,-1.8994,-1.9239,-2.0747,-2.4293,-3.0269,-3.9122,-5.0801,-6.3642,-7.5048,-8.3082,-8.683,-8.6109,-8.1422,-7.3878,-6.4795,-5.5223,-4.5761,-3.6779,-2.8758,-2.2397,-1.8281,-1.6453,-1.6496,-1.7865,-2.0002,-2.2224,-2.373,-2.3937,-2.2963,-2.1561,-2.0655,-2.0704,-2.1669,-2.305,-2.4253,-2.4751,-2.4374,-2.3266,-2.1695,-1.9893,-1.7944,-1.595,-1.4121,-1.2734,-1.2147,-1.2662,-1.4494,-1.7681,-2.1927,-2.6341,-2.959,-3.0561,-2.9221,-2.6676,-2.4311,-2.3007,-2.2867,-2.3387,-2.3791,-2.3384,-2.183,-1.93,-1.6336,-1.3687,-1.2012,-1.1644,-1.2451,-1.3891,-1.5221,-1.5816,-1.5376,-1.4,-1.202,-0.98041
-1.4304,-1.4297,-1.5378,-1.7067,-1.868,-1.939,-1.8949,-1.8498,-1.9571,-2.2895,-2.8736,-3.7505,-4.9228,-6.2287,-7.4051,-8.2493,-8.66,-8.613,-8.1587,-7.4129,-6.5121,-5.5625,-4.622,-3.7228,-2.9118,-2.2632,-1.8417,-1.6555,-1.6586,-1.7892,-1.991,-2.203,-2.3553,-2.3951,-2.3215,-2.1976,-2.1066,-2.1042,-2.1932,-2.3364,-2.472,-2.5387,-2.5017,-2.3675,-2.17,-1.945,-1.7138,-1.4924,-1.3028,-1.1761,-1.1438,-1.2302,-1.4467,-1.7878,-2.214,-2.6391,-2.9385,-3.0122,-2.8611,-2.5925,-2.3389,-2.1838,-2.1383,-2.156,-2.1667,-2.1099,-1.9568,-1.7232,-1.4553,-1.2161,-1.0625,-1.0242,-1.0915,-1.2181,-1.3396,-1.399,-1.3723,-1.2623,-1.0938,-0.8971
-1.5502,-1.5675,-1.6806,-1.8457,-1.9871,-2.0014,-1.866,-1.734,-1.7858,-2.0861,-2.6445,-3.5036,-4.6763,-6.0096,-7.233,-8.1288,-8.583,-8.5678,-8.1361,-7.4078,-6.5228,-5.5883,-4.6594,-3.7656,-2.9522,-2.2982,-1.8727,-1.6861,-1.686,-1.8045,-1.9849,-2.1734,-2.3144,-2.363,-2.3119,-2.2068,-2.1193,-2.1072,-2.1854,-2.3276,-2.4743,-2.5568,-2.5238,-2.3715,-2.1375,-1.8667,-1.5939,-1.345,-1.1489,-1.0365,-1.0369,-1.1641,-1.4153,-1.77,-2.1821,-2.5654,-2.8111,-2.8431,-2.6766,-2.4096,-2.1576,-1.9912,-1.9171,-1.895,-1.8674,-1.7873,-1.636,-1.4235,-1.1883,-0.98151,-0.84987,-0.81719,-0.87418,-0.98202,-1.0886,-1.1489,-1.139,-1.061,-0.93268,-0.77658
-1.6596,-1.6977,-1.8147,-1.9696,-2.0831,-2.0403,-1.8235,-1.618,-1.6223,-1.8876,-2.4135,-3.2462,-4.4145,-5.7717,-7.0372,-7.9762,-8.465,-8.4754,-8.0647,-7.3564,-6.4909,-5.5735,-4.6574,-3.7711,-2.9635,-2.3161,-1.9016,-1.7248,-1.7262,-1.8299,-1.9785,-2.1284,-2.2402,-2.2793,-2.2393,-2.1488,-2.0677,-2.0477,-2.1124,-2.2427,-2.3885,-2.4782,-2.4551,-2.3047,-2.0577,-1.7653,-1.4698,-1.2059,-1.0071,-0.90812,-0.93206,-1.0836,-1.3477,-1.6932,-2.0646,-2.3859,-2.5708,-2.569,-2.4037,-2.1604,-1.93,-1.769,-1.6812,-1.6321,-1.5754,-1.4761,-1.3222,-1.127,-0.92107,-0.74465,-0.6341,-0.60811,-0.65887,-0.75434,-0.85153,-0.91346,-0.92031,-0.87096,-0.77751,-0.65621
-1.7352,-1.79,-1.9073,-2.0509,-2.1398,-2.0569,-1.7905,-1.5431,-1.5168,-1.7549,-2.251,-3.0588,-4.2197,-5.591,-6.8838,-7.8488,-8.3571,-8.3815,-7.9825,-7.2863,-6.4334,-5.5276,-4.6216,-3.7432,-2.9441,-2.3074,-1.9084,-1.7459,-1.752,-1.8432,-1.9596,-2.0689,-2.1458,-2.1699,-2.1335,-2.0561,-1.9815,-1.9562,-2.0067,-2.1234,-2.2644,-2.3614,-2.3532,-2.2155,-1.9739,-1.6788,-1.3782,-1.1111,-0.91382,-0.82166,-0.8559,-1.0162,-1.2789,-1.6029,-1.9299,-2.1927,-2.3262,-2.3007,-2.1447,-1.9311,-1.7329,-1.594,-1.5129,-1.4572,-1.3869,-1.2751,-1.1177,-0.92766,-0.73619,-0.57844,-0.48339,-0.46358,-0.50989,-0.59516,-0.68468,-0.74752,-0.76609,-0.73807,-0.67031,-0.57407
-1.8297,-1.9058,-2.0192,-2.1423,-2.1952,-2.0668,-1.7547,-1.4705,-1.4123,-1.612,-2.0616,-2.8288,-3.9727,-5.356,-6.6769,-7.6695,-8.1955,-8.2303,-7.8398,-7.1519,-6.3074,-5.411,-4.5156,-3.651,-2.8687,-2.2546,-1.88,-1.7387,-1.7504,-1.8217,-1.892,-1.9399,-1.9602,-1.9524,-1.9141,-1.8528,-1.7913,-1.7661,-1.8029,-1.9048,-2.038,-2.1456,-2.1626,-2.0555,-1.8402,-1.5613,-1.2683,-1.0049,-0.81233,-0.72458,-0.7632,-0.92192,-1.1668,-1.445,-1.7004,-1.877,-1.9396,-1.8863,-1.7511,-1.5901,-1.4526,-1.3631,-1.312,-1.2673,-1.1953,-1.0771,-0.91452,-0.7274,-0.54442,-0.39647,-0.30745,-0.28699,-0.32692,-0.404,-0.48826,-0.55467,-0.58543,-0.57648,-0.53373,-0.46722
-1.8974,-1.9872,-2.0945,-2.198,-2.2237,-2.0692,-1.7399,-1.4433,-1.3672,-1.5361,-1.9461,-2.6773,-3.8022,-5.1878,-6.5241,-7.5313,-8.0642,-8.1003,-7.7101,-7.0222,-6.1768,-5.2793,-4.3858,-3.5303,-2.7639,-2.1715,-1.8185,-1.6935,-1.7069,-1.7593,-1.7936,-1.7933,-1.7692,-1.7323,-1.6888,-1.6398,-1.5964,-1.5821,-1.6196,-1.7148,-1.8433,-1.9554,-1.991,-1.9136,-1.7285,-1.4746,-1.1987,-0.94601,-0.75976,-0.67446,-0.70904,-0.85257,-1.0662,-1.2972,-1.4898,-1.6044,-1.6236,-1.5579,-1.4426,-1.3248,-1.2421,-1.2053,-1.1948,-1.1741,-1.1106,-0.99087,-0.82423,-0.63122,-0.44429,-0.29399,-0.20206,-0.17555,-0.20563,-0.27209,-0.35049,-0.41644,-0.45912,-0.47115,-0.45252,-0.4072
-1.9856,-2.0891,-2.1834,-2.2577,-2.2486,-2.071,-1.7403,-1.4473,-1.3548,-1.4814,-1.8332,-2.5082,-3.5975,-4.9755,-6.3226,-7.3406,-7.8748,-7.9047,-7.5066,-6.8106,-5.9544,-5.0446,-4.1432,-3.2904,-2.543,-1.9828,-1.6668,-1.5683,-1.5837,-1.6059,-1.5835,-1.5173,-1.4352,-1.3647,-1.3191,-1.2939,-1.2858,-1.2985,-1.3494,-1.4442,-1.5718,-1.6931,-1.757,-1.7232,-1.5849,-1.3718,-1.1271,-0.8955,-0.72054,-0.63374,-0.65105,-0.75939,-0.91891,-1.0769,-1.1905,-1.2331,-1.2049,-1.1295,-1.0443,-0.98935,-0.98638,-1.0306,-1.0891,-1.117,-1.0796,-0.9664,-0.79072,-0.58432,-0.38067,-0.21122,-0.098183,-0.050405,-0.062008,-0.11524,-0.18691,-0.25679,-0.30904,-0.33645,-0.33903,-0.32049
-2.0737,-2.185,-2.2618,-2.3031,-2.2616,-2.0739,-1.7647,-1.4942,-1.3943,-1.4775,-1.7634,-2.3728,-3.4155,-4.7734,-6.1208,-7.1415,-7.6694,-7.6839,-7.2658,-6.5481,-5.6693,-4.7374,-3.8196,-2.9633,-2.2313,-1.703,-1.4258,-1.3546,-1.3698,-1.3604,-1.2831,-1.159,-1.0344,-0.94635,-0.9085,-0.91282,-0.94205,-0.99149,-1.065,-1.1732,-1.3089,-1.4479,-1.5444,-1.5559,-1.4682,-1.2971,-1.0843,-0.87597,-0.71108,-0.62212,-0.61609,-0.67599,-0.76639,-0.84882,-0.88972,-0.87832,-0.82275,-0.74979,-0.69759,-0.702,-0.78003,-0.91459,-1.0571,-1.1484,-1.1464,-1.0415,-0.85353,-0.62034,-0.38234,-0.17598,-0.027384,0.052165,0.067052,0.033104,-0.02932,-0.10082,-0.16593,-0.21625,-0.24719,-0.25694
-2.141,-2.2541,-2.3152,-2.33,-2.2662,-2.0776,-1.7966,-1.5549,-1.4546,-1.5045,-1.7366,-2.2908,-3.2915,-4.6264,-5.9661,-6.9846,-7.5044,-7.5015,-7.0606,-6.3184,-5.4153,-4.4613,-3.5274,-2.6666,-1.9435,-1.4362,-1.1843,-1.1317,-1.1494,-1.1239,-1.0174,-0.86283,-0.71483,-0.61762,-0.58777,-0.61621,-0.68028,-0.76428,-0.86582,-0.99087,-1.1364,-1.286,-1.4031,-1.4477,-1.3988,-1.2658,-1.0819,-0.8904,-0.7313,-0.62974,-0.59533,-0.61289,-0.65252,-0.68397,-0.68443,-0.64808,-0.58545,-0.52259,-0.49603,-0.54171,-0.6741,-0.87194,-1.0782,-1.2216,-1.2501,-1.1509,-0.9484,-0.68722,-0.41525,-0.17316,0.010019,0.11985,0.15754,0.13719,0.079511,0.0036876,-0.070912,-0.13397,-0.17979,-0.20597
-2.2333,-2.3435,-2.3804,-2.3588,-2.2675,-2.0868,-1.8539,-1.6629,-1.5684,-1.5724,-1.73,-2.2055,-3.141,-4.4335,-5.7504,-6.7578,-7.262,-7.2319,-6.7549,-5.9737,-5.0324,-4.0442,-3.0852,-2.2138,-1.4976,-1.0126,-0.78914,-0.76164,-0.79053,-0.75888,-0.63615,-0.4616,-0.29881,-0.19777,-0.18131,-0.2416,-0.35217,-0.48511,-0.62836,-0.78159,-0.94632,-1.112,-1.2514,-1.3304,-1.326,-1.2418,-1.1037,-0.94388,-0.7928,-0.67286,-0.59171,-0.5456,-0.5203,-0.49688,-0.46324,-0.41216,-0.35137,-0.30575,-0.31266,-0.40763,-0.60609,-0.88176,-1.1667,-1.3751,-1.441,-1.3455,-1.1161,-0.80966,-0.48227,-0.1833,0.051606,0.20376,0.27211,0.26985,0.21786,0.1372,0.04877,-0.033666,-0.10148,-0.14999
-2.3045,-2.4084,-2.4258,-2.3775,-2.2664,-2.0945,-1.9034,-1.7569,-1.6709,-1.6411,-1.7425,-2.1579,-3.0395,-4.2909,-5.5823,-6.5736,-7.0621,-7.0102,-6.5049,-5.6923,-4.7202,-3.7047,-2.7249,-1.8425,-1.1274,-0.65519,-0.45312,-0.44782,-0.49446,-0.47215,-0.35218,-0.17732,-0.013159,0.084636,0.089112,0.0056151,-0.13646,-0.30364,-0.47516,-0.64942,-0.82905,-1.0104,-1.1707,-1.2763,-1.3035,-1.2486,-1.1345,-0.99211,-0.84604,-0.71717,-0.61032,-0.52368,-0.45301,-0.39618,-0.34317,-0.29142,-0.24427,-0.22017,-0.25289,-0.37819,-0.61559,-0.93765,-1.2713,-1.5191,-1.6033,-1.5008,-1.2448,-0.89876,-0.53036,-0.19323,0.075907,0.25743,0.34828,0.35944,0.31102,0.22716,0.12769,0.029877,-0.05401,-0.11645
-2.4015,-2.4923,-2.4835,-2.4008,-2.2645,-2.1044,-1.9704,-1.8859,-1.8156,-1.7451,-1.7746,-2.1113,-2.9189,-4.1082,-5.3546,-6.3165,-6.7799,-6.6966,-6.1522,-5.2976,-4.2854,-3.2349,-2.2281,-1.3296,-0.61236,-0.15271,0.023244,-0.0053497,-0.087811,-0.097302,-0.0020048,0.15499,0.306,0.39241,0.38218,0.27513,0.098077,-0.10981,-0.32075,-0.52359,-0.72255,-0.91563,-1.0922,-1.2257,-1.2881,-1.2751,-1.1973,-1.0783,-0.94232,-0.79867,-0.65719,-0.52482,-0.41115,-0.32442,-0.26727,-0.23016,-0.2072,-0.20922,-0.26787,-0.42286,-0.69387,-1.0574,-1.436,-1.7207,-1.8196,-1.7025,-1.4071,-1.0098,-0.58648,-0.19935,0.10971,0.31977,0.42934,0.4516,0.40767,0.32048,0.21229,0.10045,-0.0015416,-0.083677
-2.4984,-2.5732,-2.539,-2.4241,-2.2636,-2.1129,-2.0325,-2.0105,-1.96,-1.8558,-1.8199,-2.0821,-2.8166,-3.9402,-5.1346,-6.0596,-6.4923,-6.3747,-5.7912,-4.8973,-3.8499,-2.7702,-1.7406,-0.82731,-0.10497,0.34724,0.50118,0.43396,0.30222,0.23959,0.28839,0.40951,0.53358,0.60175,0.57912,0.45878,0.26228,0.025171,-0.21799,-0.45065,-0.67038,-0.87789,-1.0641,-1.2076,-1.2876,-1.2961,-1.2468,-1.1589,-1.0439,-0.90872,-0.75302,-0.58957,-0.44387,-0.34112,-0.28649,-0.26996,-0.27612,-0.30604,-0.38626,-0.55589,-0.84193,-1.2218,-1.616,-1.908,-1.9969,-1.8504,-1.5154,-1.0748,-0.61668,-0.20522,0.12065,0.34422,0.46617,0.49903,0.46191,0.37567,0.26315,0.14261,0.02957,-0.064417
-2.5695,-2.6312,-2.5796,-2.4427,-2.2646,-2.1179,-2.0728,-2.0961,-2.0637,-1.9393,-1.861,-2.0719,-2.7539,-3.8286,-4.983,-5.877,-6.2839,-6.1401,-5.5289,-4.6088,-3.5391,-2.4413,-1.3973,-0.47363,0.25413,0.7037,0.8428,0.74417,0.5656,0.44952,0.44958,0.53424,0.63617,0.69299,0.66488,0.54003,0.33493,0.083176,-0.179,-0.43124,-0.66486,-0.88205,-1.0721,-1.2165,-1.2995,-1.3151,-1.2786,-1.2085,-1.1141,-0.99389,-0.84356,-0.67576,-0.52273,-0.41627,-0.37017,-0.37133,-0.39702,-0.44101,-0.52683,-0.69696,-0.97566,-1.347,-1.7327,-2.0144,-2.0887,-1.923,-1.5659,-1.1088,-0.63943,-0.22194,0.10691,0.33333,0.45988,0.49902,0.4681,0.38723,0.27545,0.15209,0.033757,-0.066912
-2.6598,-2.7036,-2.6323,-2.4702,-2.2699,-2.124,-2.1173,-2.1973,-2.1931,-2.0514,-1.925,-2.0744,-2.6913,-3.7052,-4.8081,-5.6606,-6.0328,-5.8558,-5.2118,-4.2619,-3.1672,-2.049,-0.98865,-0.052234,0.68315,1.1309,1.2514,1.1094,0.86079,0.66115,0.58253,0.60985,0.68051,0.72649,0.69774,0.57374,0.36323,0.098551,-0.18322,-0.45509,-0.70528,-0.92808,-1.115,-1.2509,-1.3226,-1.335,-1.3041,-1.2508,-1.1866,-1.1021,-0.98753,-0.8467,-0.70803,-0.60907,-0.56978,-0.58075,-0.61924,-0.67409,-0.76195,-0.91805,-1.1732,-1.5102,-1.8558,-2.0984,-2.14,-1.9513,-1.5831,-1.126,-0.66916,-0.27231,0.0364,0.25226,0.38221,0.43602,0.42382,0.35764,0.25615,0.1355,0.013901,-0.093375
-2.7405,-2.7684,-2.6834,-2.5017,-2.2812,-2.1311,-2.1548,-2.2862,-2.316,-2.168,-2.0027,-2.0984,-2.6591,-3.6196,-4.677,-5.4922,-5.8329,-5.6268,-4.955,-3.98,-2.8643,-1.7289,-0.65419,0.29451,1.037,1.4822,1.5825,1.3959,1.077,0.78995,0.62779,0.59167,0.627,0.66277,0.64152,0.52901,0.3251,0.057004,-0.23893,-0.52957,-0.79777,-1.0271,-1.2057,-1.3182,-1.3583,-1.3429,-1.3005,-1.2595,-1.2312,-1.2041,-1.1517,-1.0628,-0.95859,-0.87765,-0.84735,-0.86406,-0.90407,-0.95176,-1.0195,-1.143,-1.3478,-1.6257,-1.9122,-2.1067,-2.1207,-1.9283,-1.5754,-1.1491,-0.73007,-0.37171,-0.094903,0.10267,0.23146,0.29909,0.30957,0.26898,0.18575,0.078953,-0.033886,-0.13862
-2.7922,-2.8107,-2.7203,-2.5279,-2.294,-2.1391,-2.18,-2.3471,-2.4063,-2.2596,-2.0706,-2.1311,-2.6553,-3.5832,-4.6131,-5.4061,-5.7281,-5.5034,-4.8126,-3.8202,-2.6904,-1.5442,-0.46034,0.49597,1.2429,1.6857,1.7705,1.5521,1.1824,0.83114,0.60501,0.51909,0.52638,0.55712,0.54728,0.45414,0.26636,0.0027498,-0.30065,-0.60817,-0.89232,-1.1313,-1.3033,-1.3921,-1.399,-1.3499,-1.2857,-1.2429,-1.2378,-1.2582,-1.2684,-1.2405,-1.1803,-1.121,-1.0934,-1.1017,-1.1291,-1.1623,-1.2097,-1.2992,-1.4595,-1.682,-1.9128,-2.0659,-2.0639,-1.8813,-1.5568,-1.17,-0.79668,-0.48441,-0.24539,-0.067534,0.064149,0.15285,0.19234,0.17788,0.11769,0.023838,-0.085484,-0.19338
-2.8466,-2.8576,-2.767,-2.5667,-2.3182,-2.1557,-2.2133,-2.4254,-2.5276,-2.3889,-2.1735,-2.1928,-2.6768,-3.5721,-4.5773,-5.3521,-5.6571,-5.4121,-4.6982,-3.6845,-2.5383,-1.3804,-0.28807,0.67442,1.4252,1.8654,1.9358,1.6807,1.2485,0.81436,0.50305,0.35367,0.33088,0.36468,0.37925,0.31814,0.15689,-0.094451,-0.40081,-0.72484,-1.0298,-1.2855,-1.4559,-1.5168,-1.4741,-1.3686,-1.2574,-1.1937,-1.2084,-1.2898,-1.3964,-1.4714,-1.4878,-1.4639,-1.4372,-1.4258,-1.4248,-1.4239,-1.4288,-1.4652,-1.5558,-1.7024,-1.8649,-1.9731,-1.9611,-1.8047,-1.5369,-1.2192,-0.91921,-0.67533,-0.48886,-0.3376,-0.20318,-0.088549,-0.011275,0.01503,-0.014887,-0.085042,-0.17712,-0.27446
-2.8757,-2.8854,-2.7999,-2.5983,-2.3418,-2.1738,-2.2409,-2.4834,-2.6196,-2.4898,-2.2568,-2.2496,-2.7106,-3.5898,-4.5862,-5.3571,-5.6569,-5.4014,-4.6733,-3.6456,-2.4881,-1.3222,-0.22496,0.74077,1.493,1.931,1.9918,1.7127,1.2381,0.74835,0.37984,0.18984,0.15327,0.19782,0.23685,0.20351,0.064157,-0.17355,-0.47829,-0.80969,-1.1306,-1.3989,-1.5699,-1.611,-1.5292,-1.3787,-1.2314,-1.1502,-1.1716,-1.2926,-1.4644,-1.615,-1.6941,-1.7022,-1.6752,-1.6426,-1.6125,-1.5825,-1.5577,-1.5562,-1.6011,-1.6935,-1.8038,-1.8785,-1.865,-1.7399,-1.5203,-1.2663,-1.0312,-0.84561,-0.70225,-0.5702,-0.42781,-0.28452,-0.1704,-0.11199,-0.11242,-0.1645,-0.24963,-0.34847
-2.897,-2.9133,-2.8404,-2.6432,-2.3803,-2.2062,-2.2831,-2.5619,-2.7408,-2.6229,-2.3677,-2.3299,-2.7688,-3.6393,-4.6377,-5.4158,-5.7202,-5.4611,-4.7212,-3.6781,-2.5066,-1.3307,-0.22692,0.74216,1.4941,1.9257,1.97,1.662,1.1437,0.59787,0.17369,-0.056226,-0.10401,-0.041732,0.035675,0.047981,-0.049639,-0.25732,-0.54927,-0.88588,-1.2269,-1.5204,-1.7054,-1.7339,-1.6102,-1.4011,-1.1963,-1.0756,-1.0901,-1.2437,-1.4909,-1.7404,-1.9045,-1.9542,-1.9227,-1.8586,-1.7909,-1.7263,-1.6668,-1.6243,-1.6156,-1.6503,-1.7129,-1.7634,-1.7564,-1.6676,-1.5131,-1.3303,-1.1694,-1.054,-0.96614,-0.86266,-0.71675,-0.54529,-0.39229,-0.29481,-0.26627,-0.29579,-0.36297,-0.44672
-2.8987,-2.9304,-2.8778,-2.6911,-2.4264,-2.2476,-2.3317,-2.6381,-2.85,-2.7397,-2.4646,-2.4021,-2.8301,-3.7062,-4.7214,-5.5204,-5.8429,-5.5928,-4.8508,-3.7985,-2.6164,-1.4318,-0.32296,0.647,1.3945,1.8165,1.8439,1.5132,0.96558,0.3858,-0.069228,-0.31871,-0.36501,-0.27886,-0.15818,-0.09365,-0.13754,-0.30137,-0.56364,-0.89319,-1.2485,-1.5736,-1.788,-1.8227,-1.6745,-1.4174,-1.1598,-0.99652,-0.98921,-1.1532,-1.4448,-1.7625,-1.9921,-2.0773,-2.0441,-1.9574,-1.8653,-1.7835,-1.7106,-1.6497,-1.6121,-1.6081,-1.6324,-1.6588,-1.6533,-1.5947,-1.4898,-1.3719,-1.2792,-1.2255,-1.1837,-1.102,-0.95247,-0.76001,-0.58001,-0.4568,-0.40582,-0.41757,-0.46988,-0.54015
-2.8884,-2.937,-2.9044,-2.7292,-2.4653,-2.2829,-2.3689,-2.687,-2.9131,-2.803,-2.5142,-2.4388,-2.866,-3.7553,-4.7926,-5.6161,-5.9607,-5.7254,-4.9889,-3.9349,-2.748,-1.5599,-0.45115,0.51468,1.255,1.6683,1.687,1.346,0.78659,0.19394,-0.2719,-0.52214,-0.55588,-0.44249,-0.28496,-0.17866,-0.18042,-0.30606,-0.53802,-0.85119,-1.2088,-1.5541,-1.7977,-1.8532,-1.7036,-1.4241,-1.1334,-0.9373,-0.90549,-1.0605,-1.3618,-1.7056,-1.9661,-2.072,-2.0424,-1.9502,-1.8535,-1.7726,-1.7041,-1.645,-1.6,-1.581,-1.5878,-1.6015,-1.594,-1.5465,-1.4652,-1.3773,-1.316,-1.2913,-1.2732,-1.209,-1.0699,-0.88039,-0.69675,-0.56505,-0.5043,-0.50511,-0.54651,-0.60543
-2.86,-2.9391,-2.9381,-2.7811,-2.5196,-2.33,-2.4098,-2.7279,-2.953,-2.8331,-2.5293,-2.4473,-2.8847,-3.8012,-4.8773,-5.7433,-6.1276,-5.9229,-5.204,-4.1561,-2.9699,-1.7835,-0.68151,0.27202,0.99733,1.3958,1.404,1.0557,0.49147,-0.1019,-0.5626,-0.79475,-0.79447,-0.63431,-0.42391,-0.25996,-0.20467,-0.27409,-0.46092,-0.74308,-1.0932,-1.4572,-1.7425,-1.8423,-1.7134,-1.4215,-1.0945,-0.85348,-0.78077,-0.90591,-1.1953,-1.5461,-1.8257,-1.9499,-1.9338,-1.8508,-1.7668,-1.7071,-1.6656,-1.6286,-1.5947,-1.57,-1.558,-1.5499,-1.5273,-1.4766,-1.4031,-1.3296,-1.2855,-1.2803,-1.2862,-1.2502,-1.1391,-0.97192,-0.8022,-0.67747,-0.61428,-0.60761,-0.63665,-0.67729
-2.8293,-2.9371,-2.963,-2.8197,-2.5586,-2.3596,-2.4256,-2.7285,-2.9371,-2.8029,-2.492,-2.4142,-2.8678,-3.8098,-4.9178,-5.8197,-6.2398,-6.0662,-5.3698,-4.3356,-3.1575,-1.9782,-0.88588,0.054266,0.76397,1.1478,1.1449,0.79284,0.23304,-0.34724,-0.78625,-0.99113,-0.95926,-0.76478,-0.51515,-0.30792,-0.20573,-0.23039,-0.37788,-0.63298,-0.972,-1.3464,-1.6615,-1.7986,-1.6956,-1.4061,-1.0615,-0.79181,-0.68657,-0.78218,-1.0472,-1.3825,-1.6582,-1.7895,-1.7886,-1.7277,-1.6709,-1.6417,-1.6304,-1.6194,-1.5994,-1.5759,-1.5541,-1.5289,-1.4868,-1.4189,-1.3323,-1.252,-1.2054,-1.2016,-1.2161,-1.2007,-1.122,-0.991,-0.85127,-0.74323,-0.68802,-0.67858,-0.69612,-0.71777
-2.7788,-2.9311,-2.9954,-2.8696,-2.6047,-2.384,-2.4144,-2.6733,-2.8395,-2.6804,-2.3692,-2.3097,-2.7933,-3.7723,-4.9218,-5.8693,-6.3395,-6.2167,-5.5647,-4.5641,-3.41,-2.2505,-1.1793,-0.26366,0.41906,0.77864,0.75915,0.40463,-0.14052,-0.69123,-1.0888,-1.2471,-1.1676,-0.92378,-0.62045,-0.35705,-0.19621,-0.16532,-0.26245,-0.47968,-0.79964,-1.1801,-1.5289,-1.7156,-1.6529,-1.3753,-1.0131,-0.70702,-0.55769,-0.6084,-0.83378,-1.1393,-1.4002,-1.5379,-1.5606,-1.538,-1.5291,-1.5518,-1.5905,-1.6202,-1.6257,-1.6065,-1.5693,-1.514,-1.4342,-1.3272,-1.2058,-1.0958,-1.0279,-1.0164,-1.0435,-1.0645,-1.04,-0.96731,-0.87677,-0.80308,-0.76244,-0.75252,-0.75736,-0.75558
-2.7195,-2.9228,-3.0268,-2.9162,-2.6401,-2.3827,-2.3543,-2.5423,-2.6475,-2.4641,-2.1657,-2.1382,-2.6583,-3.6735,-4.8572,-5.8411,-6.3563,-6.2884,-5.6939,-4.744,-3.6312,-2.5066,-1.4681,-0.58616,0.063653,0.39548,0.3606,0.0075065,-0.5189,-1.0376,-1.393,-1.5026,-1.3685,-1.0686,-0.71057,-0.39467,-0.18568,-0.10926,-0.16927,-0.35632,-0.65809,-1.036,-1.4039,-1.6273,-1.5991,-1.3359,-0.96194,-0.625,-0.43559,-0.44113,-0.62298,-0.89459,-1.1411,-1.2877,-1.3448,-1.369,-1.4096,-1.4794,-1.5609,-1.6263,-1.6543,-1.641,-1.5897,-1.5019,-1.3773,-1.2214,-1.0525,-0.90373,-0.80787,-0.78268,-0.81671,-0.8713,-0.90447,-0.89911,-0.86793,-0.83474,-0.81423,-0.80688,-0.80053,-0.77577
-2.6712,-2.9166,-3.0499,-2.9478,-2.6558,-2.3596,-2.2728,-2.3921,-2.4449,-2.2477,-1.9683,-1.9718,-2.5221,-3.5611,-4.7631,-5.765,-6.3065,-6.2778,-5.7312,-4.8294,-3.759,-2.6699,-1.6623,-0.8092,-0.18561,0.12516,0.07986,-0.27115,-0.78436,-1.2814,-1.6113,-1.6881,-1.5163,-1.1753,-0.77891,-0.4269,-0.18632,-0.084443,-0.12324,-0.29506,-0.58623,-0.96166,-1.336,-1.5738,-1.5605,-1.3027,-0.92041,-0.56503,-0.3512,-0.32987,-0.48526,-0.73419,-0.96854,-1.1226,-1.2028,-1.2613,-1.3391,-1.4424,-1.5497,-1.6334,-1.6707,-1.6571,-1.5951,-1.4859,-1.3303,-1.1373,-0.93226,-0.74935,-0.62724,-0.58918,-0.62881,-0.70976,-0.7862,-0.83064,-0.84374,-0.84069,-0.83606,-0.8312,-0.81723,-0.77754
-2.6027,-2.9097,-3.0802,-2.9836,-2.6598,-2.2961,-2.1129,-2.1271,-2.1084,-1.9032,-1.6612,-1.7142,-2.3054,-3.3703,-4.5866,-5.5993,-6.1621,-6.1768,-5.6943,-4.8648,-3.8618,-2.829,-1.867,-1.0522,-0.46121,-0.17572,-0.23474,-0.58533,-1.0854,-1.562,-1.8658,-1.9085,-1.6926,-1.3031,-0.86135,-0.47428,-0.20809,-0.088114,-0.1124,-0.27245,-0.55327,-0.92161,-1.2914,-1.5276,-1.5158,-1.2549,-0.86522,-0.49531,-0.2576,-0.20772,-0.33039,-0.55232,-0.77819,-0.94743,-1.0623,-1.1611,-1.2743,-1.4043,-1.5312,-1.6266,-1.6717,-1.6562,-1.5787,-1.4408,-1.2476,-1.0134,-0.76534,-0.54636,-0.39589,-0.34111,-0.38221,-0.48839,-0.61183,-0.71337,-0.77892,-0.81361,-0.8305,-0.83388,-0.81813,-0.7681
-2.5328,-2.905,-3.1103,-3.0126,-2.6437,-2.1959,-1.9007,-1.8026,-1.7192,-1.5187,-1.326,-1.4343,-2.0656,-3.1502,-4.3698,-5.3803,-5.9499,-5.9948,-5.5692,-4.8118,-3.8798,-2.9063,-1.9893,-1.207,-0.64106,-0.37316,-0.44235,-0.79421,-1.2909,-1.7606,-2.053,-2.0764,-1.8288,-1.4037,-0.93046,-0.52457,-0.25204,-0.13307,-0.16106,-0.31957,-0.59285,-0.94415,-1.2948,-1.5149,-1.4902,-1.2203,-0.81823,-0.43176,-0.17558,-0.10268,-0.20384,-0.41143,-0.63748,-0.82512,-0.97242,-1.1044,-1.2397,-1.3756,-1.4956,-1.5812,-1.6186,-1.6006,-1.5205,-1.3726,-1.1586,-0.89451,-0.61426,-0.36097,-0.18141,-0.10784,-0.14541,-0.26715,-0.42452,-0.57056,-0.67906,-0.74882,-0.78366,-0.79272,-0.7771,-0.72773
-2.4803,-2.9025,-3.1329,-3.0288,-2.6196,-2.101,-1.7165,-1.5364,-1.4117,-1.2222,-1.0713,-1.2233,-1.8834,-2.9788,-4.1951,-5.197,-5.7641,-5.8236,-5.4325,-4.7228,-3.8398,-2.907,-2.0192,-1.2562,-0.70286,-0.44255,-0.51499,-0.86661,-1.3611,-1.8307,-2.1249,-2.1473,-1.8947,-1.4588,-0.97529,-0.56376,-0.29334,-0.18396,-0.22304,-0.38971,-0.66116,-0.99997,-1.3272,-1.5198,-1.4737,-1.1909,-0.78219,-0.39012,-0.1248,-0.040122,-0.12844,-0.32749,-0.55588,-0.75918,-0.92834,-1.0784,-1.2197,-1.3482,-1.4519,-1.5208,-1.5482,-1.5276,-1.4487,-1.3015,-1.0844,-0.81231,-0.51684,-0.24739,-0.049055,0.0429,0.018108,-0.10185,-0.27075,-0.4389,-0.57373,-0.66364,-0.71727,-0.73955,-0.73189,-0.6872
-2.4109,-2.9013,-3.1629,-3.0439,-2.5744,-1.9565,-1.4543,-1.1738,-1.0063,-0.84005,-0.74834,-0.95843,-1.6541,-2.7588,-3.9644,-4.9481,-5.5053,-5.5753,-5.2185,-4.5589,-3.7286,-2.8389,-1.9794,-1.2319,-0.68497,-0.42618,-0.49726,-0.84586,-1.3381,-1.8115,-2.1173,-2.1543,-1.9126,-1.4814,-1.004,-0.60404,-0.35412,-0.26999,-0.33332,-0.51543,-0.78488,-1.101,-1.3846,-1.527,-1.4435,-1.1453,-0.73562,-0.34258,-0.069043,0.031447,-0.038316,-0.22703,-0.46207,-0.68828,-0.88434,-1.0518,-1.1917,-1.2988,-1.3692,-1.4058,-1.416,-1.3963,-1.3322,-1.2033,-0.99851,-0.72759,-0.42351,-0.13328,0.091466,0.21065,0.20858,0.10152,-0.067696,-0.24825,-0.4022,-0.51659,-0.58655,-0.62201,-0.62864,-0.60374
-2.3588,-2.9016,-3.1852,-3.0517,-2.5348,-1.8418,-1.2557,-0.90972,-0.71878,-0.57448,-0.52871,-0.78134,-1.5019,-2.6105,-3.8052,-4.7726,-5.3187,-5.3908,-5.0505,-4.4169,-3.6141,-2.7464,-1.8994,-1.1557,-0.60582,-0.34146,-0.40627,-0.7497,-1.239,-1.7147,-2.0306,-2.0853,-1.8628,-1.4515,-0.99541,-0.62159,-0.40051,-0.34369,-0.42744,-0.6178,-0.88083,-1.1732,-1.4221,-1.5284,-1.4196,-1.11,-0.69608,-0.29958,-0.019578,0.091517,0.031115,-0.1549,-0.39869,-0.64251,-0.86119,-1.0405,-1.172,-1.2519,-1.2876,-1.2978,-1.2951,-1.2826,-1.2398,-1.1371,-0.95531,-0.69847,-0.39568,-0.096626,0.14786,0.29459,0.32248,0.24102,0.087086,-0.091324,-0.25474,-0.37926,-0.46831,-0.52179,-0.54271,-0.52921
-2.2889,-2.9019,-3.213,-3.0593,-2.4799,-1.6929,-1.0048,-0.5852,-0.37313,-0.26143,-0.27584,-0.58394,-1.3347,-2.4461,-3.6255,-4.5703,-5.099,-5.1674,-4.8378,-4.2241,-3.4425,-2.5903,-1.7487,-0.99964,-0.4368,-0.1571,-0.20722,-0.53916,-1.0185,-1.4896,-1.8149,-1.8983,-1.7213,-1.3603,-0.95167,-0.62308,-0.44583,-0.42942,-0.54353,-0.74522,-0.99433,-1.2469,-1.4418,-1.4998,-1.3642,-1.049,-0.6387,-0.24327,0.04497,0.16952,0.12328,-0.056285,-0.30786,-0.57558,-0.81569,-1.0046,-1.127,-1.1811,-1.1835,-1.1641,-1.1527,-1.153,-1.1428,-1.084,-0.94455,-0.71727,-0.42598,-0.11609,0.1558,0.34106,0.4127,0.3739,0.25518,0.099777,-0.05415,-0.18597,-0.28308,-0.34864,-0.38621,-0.39618
-2.217,-2.9,-3.2369,-3.0656,-2.4298,-1.5606,-0.78705,-0.30783,-0.083229,-0.0057734,-0.078579,-0.43924,-1.2188,-2.3331,-3.4973,-4.4207,-4.9306,-4.9881,-4.6569,-4.0478,-3.2719,-2.4214,-1.574,-0.81012,-0.22685,0.07474,0.044097,-0.27124,-0.7363,-1.1965,-1.5262,-1.6386,-1.516,-1.2186,-0.87105,-0.5952,-0.46452,-0.48786,-0.62866,-0.83662,-1.0666,-1.2772,-1.4215,-1.4415,-1.2919,-0.98458,-0.58628,-0.19214,0.10764,0.25433,0.22978,0.058551,-0.20548,-0.49912,-0.77114,-0.97773,-1.0938,-1.1213,-1.0914,-1.0512,-1.0374,-1.061,-1.0965,-1.0963,-1.0153,-0.83347,-0.56556,-0.25163,0.050502,0.2864,0.42029,0.44505,0.38125,0.26497,0.13201,0.0074103,-0.094978,-0.17161,-0.2225,-0.24732
-2.1615,-2.8958,-3.2516,-3.0701,-2.3996,-1.4792,-0.65157,-0.13547,0.094081,0.14462,0.028993,-0.37023,-1.1713,-2.2888,-3.4426,-4.351,-4.8466,-4.8929,-4.5537,-3.939,-3.1581,-2.3009,-1.4432,-0.66438,-0.063692,0.25613,0.24178,-0.058521,-0.51079,-0.9611,-1.2915,-1.4238,-1.3371,-1.086,-0.78682,-0.55503,-0.46216,-0.51228,-0.66706,-0.87336,-1.0854,-1.2719,-1.3926,-1.3975,-1.2473,-0.9457,-0.55104,-0.15329,0.15782,0.32125,0.30995,0.14209,-0.13148,-0.44592,-0.73948,-0.95881,-1.0745,-1.0912,-1.0475,-0.99894,-0.99121,-1.0374,-1.1113,-1.1602,-1.1305,-0.9917,-0.74801,-0.4359,-0.11145,0.16752,0.35801,0.4431,0.43352,0.3584,0.25128,0.13893,0.039709,-0.038858,-0.093535,-0.12238
-2.0846,-2.8843,-3.2661,-3.0767,-2.3722,-1.3991,-0.51419,0.041617,0.27269,0.287,0.11593,-0.33461,-1.1653,-2.2875,-3.4288,-4.3184,-4.7955,-4.8254,-4.4708,-3.8402,-3.0425,-2.1674,-1.2899,-0.48898,0.1351,0.47839,0.48637,0.20951,-0.21921,-0.65231,-0.98091,-1.1375,-1.0981,-0.90782,-0.66818,-0.49098,-0.44216,-0.52292,-0.69139,-0.89259,-1.0856,-1.2439,-1.34,-1.3349,-1.1927,-0.90681,-0.52432,-0.12521,0.20426,0.39149,0.40241,0.24436,-0.03838,-0.38014,-0.70526,-0.94952,-1.0754,-1.0887,-1.0364,-0.98467,-0.99061,-1.0718,-1.2034,-1.3277,-1.379,-1.3095,-1.1073,-0.799,-0.43882,-0.091304,0.18802,0.36713,0.44277,0.43486,0.37415,0.28967,0.20351,0.13037,0.077307,0.048556
-2.0036,-2.8639,-3.2723,-3.0836,-2.3622,-1.3561,-0.4293,0.15693,0.38554,0.36335,0.13687,-0.36526,-1.2267,-2.355,-3.4852,-4.3575,-4.8181,-4.8324,-4.4595,-3.8065,-2.9841,-2.0838,-1.182,-0.3589,0.28799,0.65468,0.68847,0.43835,0.036261,-0.38111,-0.71189,-0.89247,-0.89826,-0.75898,-0.56586,-0.42617,-0.40673,-0.50911,-0.68781,-0.88672,-1.0686,-1.2124,-1.3029,-1.3084,-1.1846,-0.9204,-0.54388,-0.12988,0.22553,0.44617,0.48172,0.33003,0.032451,-0.33755,-0.70113,-0.97826,-1.1219,-1.1379,-1.0822,-1.0351,-1.0586,-1.1801,-1.3757,-1.5829,-1.7249,-1.7366,-1.585,-1.2856,-0.88749,-0.46185,-0.078859,0.21177,0.39076,0.46681,0.46547,0.41812,0.3504,0.28282,0.23057,0.20582
-1.9404,-2.8416,-3.2703,-3.0881,-2.3661,-1.3484,-0.39975,0.20342,0.42892,0.37948,0.11169,-0.42933,-1.3153,-2.4501,-3.5745,-4.4359,-4.8863,-4.89,-4.5028,-3.8307,-2.9862,-2.064,-1.1423,-0.30074,0.36466,0.75135,0.80606,0.57473,0.18599,-0.22658,-0.56335,-0.75994,-0.78953,-0.67619,-0.50638,-0.38572,-0.38032,-0.49302,-0.67611,-0.87651,-1.0594,-1.2096,-1.3127,-1.3329,-1.2233,-0.96249,-0.57825,-0.14822,0.22972,0.47033,0.51802,0.3673,0.059419,-0.33337,-0.71935,-1.0152,-1.1738,-1.2025,-1.1585,-1.1198,-1.1625,-1.3133,-1.5528,-1.8196,-2.0308,-2.1074,-2.0014,-1.7088,-1.2772,-0.78501,-0.31599,0.064656,0.32461,0.46475,0.50872,0.48917,0.43746,0.37959,0.33458,0.31761
-1.8522,-2.8013,-3.257,-3.0913,-2.3835,-1.3671,-0.40227,0.21655,0.43621,0.3516,0.029935,-0.56434,-1.4861,-2.6331,-3.7543,-4.6062,-5.0462,-5.0377,-4.6318,-3.9325,-3.0556,-2.1017,-1.1514,-0.28232,0.4109,0.82675,0.9085,0.69757,0.31625,-0.10062,-0.45155,-0.6671,-0.71386,-0.61526,-0.4582,-0.3479,-0.35256,-0.47426,-0.66827,-0.8812,-1.0785,-1.248,-1.3725,-1.4133,-1.3185,-1.0584,-0.66153,-0.20678,0.20313,0.47365,0.54473,0.40342,0.085355,-0.33453,-0.76149,-1.1015,-1.2945,-1.3421,-1.3063,-1.2798,-1.3389,-1.5244,-1.8213,-2.1666,-2.4689,-2.6329,-2.5857,-2.3072,-1.8316,-1.2444,-0.65107,-0.14271,0.22839,0.45319,0.55417,0.5693,0.53475,0.48394,0.44237,0.43089
-1.7834,-2.7626,-3.2374,-3.0895,-2.4024,-1.3984,-0.43083,0.19503,0.40864,0.29841,-0.062787,-0.69767,-1.648,-2.8085,-3.9314,-4.7807,-5.2175,-5.2028,-4.7836,-4.0632,-3.1607,-2.1805,-1.2054,-0.31261,0.40326,0.84093,0.94091,0.74127,0.35928,-0.067687,-0.43343,-0.66207,-0.71301,-0.61282,-0.45177,-0.34022,-0.34686,-0.47291,-0.67491,-0.89866,-1.1129,-1.302,-1.4493,-1.5112,-1.4261,-1.1615,-0.74481,-0.26146,0.17709,0.47171,0.55693,0.41759,0.089254,-0.35105,-0.8067,-1.1762,-1.3946,-1.4619,-1.4412,-1.4265,-1.5019,-1.711,-2.0414,-2.4316,-2.7871,-3.0034,-2.9955,-2.7201,-2.2084,-1.5528,-0.87505,-0.28245,0.16111,0.44088,0.57845,0.61353,0.58729,0.53837,0.49713,0.48816
-1.6889,-2.6994,-3.197,-3.0771,-2.4275,-1.4544,-0.49429,0.13303,0.3356,0.19063,-0.22308,-0.91164,-1.9023,-3.0845,-4.2142,-5.0663,-5.5061,-5.4905,-5.0586,-4.3111,-3.3711,-2.3497,-1.3349,-0.40571,0.34254,0.808,0.92959,0.73844,0.34991,-0.098213,-0.48985,-0.73513,-0.78772,-0.67305,-0.49075,-0.36006,-0.3553,-0.48086,-0.6927,-0.9375,-1.1807,-1.4058,-1.5887,-1.6755,-1.5961,-1.3124,-0.85924,-0.33425,0.14262,0.46473,0.56542,0.42971,0.093389,-0.3687,-0.85414,-1.2611,-1.5199,-1.6242,-1.633,-1.6413,-1.7364,-1.9659,-2.322,-2.7455,-3.1418,-3.4009,-3.4205,-3.1491,-2.5996,-1.8681,-1.0956,-0.4117,0.10593,0.43801,0.60737,0.65774,0.63432,0.58007,0.52944,0.51121
-1.5926,-2.6237,-3.1381,-3.0481,-2.4433,-1.5116,-0.57339,0.044926,0.22911,0.045695,-0.42113,-1.163,-2.1933,-3.3971,-4.5373,-5.3983,-5.8519,-5.8491,-5.4156,-4.643,-3.6578,-2.5821,-1.5143,-0.53968,0.24516,0.73719,0.87194,0.679,0.27085,-0.20952,-0.63178,-0.89106,-0.93197,-0.78677,-0.56864,-0.40823,-0.38463,-0.50498,-0.72411,-0.98845,-1.2607,-1.5191,-1.7326,-1.8384,-1.757,-1.4506,-0.96024,-0.39424,0.11771,0.46695,0.58419,0.45427,0.11347,-0.36146,-0.87036,-1.3094,-1.6061,-1.7502,-1.7967,-1.8362,-1.9567,-2.2039,-2.5691,-2.9923,-3.38,-3.6251,-3.6343,-3.3424,-2.7658,-1.9985,-1.1842,-0.45857,0.094012,0.44963,0.62951,0.67801,0.64538,0.57666,0.50942,0.47447
-1.5201,-2.5592,-3.0814,-3.0122,-2.4422,-1.5473,-0.63458,-0.030564,0.13361,-0.082675,-0.58971,-1.3692,-2.4265,-3.6449,-4.7932,-5.6653,-6.1388,-6.1576,-5.7314,-4.9411,-3.9156,-2.7885,-1.6701,-0.65402,0.16182,0.67369,0.81584,0.6161,0.18736,-0.32402,-0.77419,-1.0443,-1.0722,-0.89574,-0.64318,-0.45431,-0.41366,-0.52775,-0.75156,-1.029,-1.3181,-1.5957,-1.8237,-1.9351,-1.8486,-1.5242,-1.0101,-0.42043,0.11224,0.47639,0.60361,0.47943,0.14103,-0.33527,-0.84974,-1.3014,-1.6205,-1.7954,-1.8754,-1.946,-2.0871,-2.3427,-2.702,-3.1043,-3.459,-3.6674,-3.6397,-3.3331,-2.7522,-1.9821,-1.1633,-0.43422,0.11809,0.46899,0.64041,0.67792,0.63046,0.54483,0.45875,0.40332
-1.4249,-2.4641,-2.9892,-2.9427,-2.4169,-1.5758,-0.70819,-0.13832,-0.010095,-0.27494,-0.83565,-1.6605,-2.7484,-3.9825,-5.1407,-6.0325,-6.5427,-6.604,-6.1985,-5.3852,-4.2961,-3.0859,-1.8862,-0.80285,0.06261,0.60467,0.75684,0.54299,0.07768,-0.48377,-0.97963,-1.2665,-1.2732,-1.0508,-0.75031,-0.5262,-0.46397,-0.5674,-0.78798,-1.068,-1.3663,-1.6543,-1.8924,-2.0082,-1.9147,-1.5747,-1.0399,-0.43053,0.11798,0.49473,0.63311,0.52084,0.19627,-0.26606,-0.76841,-1.2174,-1.551,-1.76,-1.8877,-2.0058,-2.1854,-2.4582,-2.8061,-3.1655,-3.4496,-3.5743,-3.4792,-3.1302,-2.548,-1.8092,-1.0349,-0.34774,0.17015,0.49246,0.63763,0.64893,0.57382,0.45922,0.34342,0.25714
-1.3555,-2.3873,-2.9084,-2.873,-2.3772,-1.5786,-0.75323,-0.21967,-0.12689,-0.43115,-1.0317,-1.8872,-2.9926,-4.234,-5.3981,-6.3049,-6.8466,-6.9479,-6.5659,-5.7361,-4.5916,-3.3072,-2.0346,-0.89072,0.018565,0.58614,0.74523,0.51809,0.021101,-0.58143,-1.1146,-1.4174,-1.4108,-1.1589,-0.82871,-0.58219,-0.50412,-0.59566,-0.80742,-1.0816,-1.3769,-1.6641,-1.9024,-2.0167,-1.9195,-1.5752,-1.0369,-0.42534,0.12482,0.50571,0.65249,0.55355,0.24684,-0.1921,-0.67227,-1.1058,-1.4371,-1.661,-1.8188,-1.9761,-2.1878,-2.4759,-2.8133,-3.1346,-3.36,-3.4201,-3.2701,-2.8976,-2.3238,-1.6195,-0.89412,-0.25817,0.21479,0.50175,0.61981,0.60572,0.50983,0.37171,0.22711,0.1073
-1.2674,-2.279,-2.7863,-2.7576,-2.295,-1.5551,-0.79798,-0.32674,-0.29327,-0.65446,-1.3061,-2.1968,-3.3162,-4.5592,-5.7238,-6.6463,-7.23,-7.3913,-7.0489,-6.1972,-4.9664,-3.5645,-2.1782,-0.94204,0.029882,0.6314,0.7967,0.55172,0.016548,-0.63508,-1.2148,-1.5465,-1.5438,-1.2773,-0.92426,-0.65442,-0.55445,-0.62735,-0.82414,-1.0861,-1.3681,-1.64,-1.8613,-1.9637,-1.8673,-1.5336,-1.0119,-0.41568,0.1255,0.50415,0.65831,0.57852,0.30482,-0.089127,-0.51646,-0.90186,-1.2059,-1.4335,-1.6241,-1.8276,-2.0868,-2.4033,-2.738,-3.0211,-3.1795,-3.1619,-2.9498,-2.5478,-1.9904,-1.3415,-0.69142,-0.13271,0.27072,0.49792,0.56495,0.51063,0.37485,0.20144,0.026203,-0.12219
-1.186,-2.1666,-2.6506,-2.6193,-2.1828,-1.5032,-0.82628,-0.43407,-0.47137,-0.89499,-1.5945,-2.511,-3.6317,-4.8611,-6.0133,-6.9404,-7.5594,-7.7803,-7.4796,-6.6008,-5.2691,-3.7347,-2.2253,-0.89598,0.13658,0.76902,0.9403,0.6831,0.12244,-0.56575,-1.1878,-1.5623,-1.594,-1.3445,-0.99412,-0.71436,-0.60045,-0.65691,-0.83663,-1.0775,-1.3332,-1.5758,-1.7736,-1.8686,-1.7844,-1.4802,-0.99219,-0.42501,0.096124,0.46766,0.62987,0.57691,0.34984,0.018242,-0.34002,-0.66623,-0.93264,-1.1486,-1.3515,-1.5881,-1.8844,-2.2312,-2.5766,-2.8442,-2.9648,-2.9006,-2.6464,-2.2285,-1.6872,-1.0868,-0.50884,-0.031546,0.29429,0.45556,0.47018,0.37318,0.2041,0.001162,-0.20339,-0.38349
-1.1301,-2.0816,-2.5424,-2.5037,-2.0835,-1.4499,-0.84012,-0.51614,-0.61308,-1.0859,-1.8192,-2.7468,-3.8575,-5.065,-6.1974,-7.1186,-7.7551,-8.0123,-7.736,-6.8286,-5.4146,-3.7799,-2.1828,-0.78908,0.28354,0.9363,1.1136,0.85158,0.27841,-0.42895,-1.079,-1.4909,-1.564,-1.351,-1.0232,-0.75402,-0.63855,-0.68479,-0.84699,-1.066,-1.2979,-1.5178,-1.6989,-1.789,-1.7189,-1.4444,-0.99312,-0.45801,0.043269,0.40983,0.58212,0.5533,0.36385,0.084275,-0.21816,-0.49098,-0.71669,-0.91204,-1.1155,-1.3688,-1.6888,-2.0603,-2.4241,-2.6985,-2.8124,-2.7312,-2.4613,-2.0322,-1.4986,-0.9296,-0.40223,0.015969,0.28453,0.39641,0.37123,0.24358,0.049775,-0.17372,-0.39643,-0.59405
-1.0634,-1.9685,-2.3929,-2.3394,-1.938,-1.3662,-0.85266,-0.63013,-0.81258,-1.3526,-2.1277,-3.0601,-4.1412,-5.3037,-6.3943,-7.2927,-7.9328,-8.2127,-7.9434,-6.9832,-5.4603,-3.7069,-2.0141,-0.55514,0.55723,1.2299,1.4123,1.1463,0.56336,-0.1594,-0.83828,-1.302,-1.4459,-1.3053,-1.0332,-0.79545,-0.68957,-0.72801,-0.87061,-1.0613,-1.2597,-1.4449,-1.5998,-1.686,-1.6428,-1.4217,-1.0318,-0.54656,-0.073311,0.28654,0.47424,0.4837,0.35578,0.15257,-0.063079,-0.2585,-0.43115,-0.60288,-0.80763,-1.075,-1.4215,-1.8195,-2.2056,-2.4975,-2.6236,-2.5474,-2.2738,-1.8441,-1.322,-0.7858,-0.31357,0.035122,0.23167,0.27903,0.20195,0.036062,-0.18611,-0.43017,-0.66796,-0.87739
-1.007,-1.8588,-2.2416,-2.1703,-1.7863,-1.2776,-0.86469,-0.75063,-1.0227,-1.6292,-2.4414,-3.3673,-4.402,-5.503,-6.5377,-7.3935,-8.0058,-8.2652,-7.9616,-6.9335,-5.3204,-3.484,-1.7308,-0.23471,0.89758,1.5773,1.7585,1.4872,0.89879,0.16794,-0.53096,-1.0421,-1.2659,-1.2168,-1.0206,-0.83075,-0.74569,-0.78489,-0.91208,-1.0759,-1.2389,-1.3886,-1.5192,-1.6071,-1.5999,-1.4427,-1.1226,-0.69203,-0.24793,0.11379,0.33006,0.39127,0.33306,0.21241,0.073485,-0.059289,-0.18824,-0.33468,-0.52957,-0.80214,-1.1592,-1.5768,-1.991,-2.3151,-2.4708,-2.4151,-2.1529,-1.7285,-1.219,-0.71232,-0.28836,-0.0010821,0.13109,0.12109,-0.00026567,-0.19928,-0.43836,-0.69295,-0.94044,-1.1608
-0.97242,-1.7801,-2.1296,-2.045,-1.6749,-1.2141,-0.87803,-0.8468,-1.1862,-1.8401,-2.6755,-3.5896,-4.5811,-5.6283,-6.6147,-7.4269,-7.9956,-8.2075,-7.8498,-6.765,-5.104,-3.2344,-1.4611,0.045072,1.179,1.8546,2.0291,1.7499,1.1543,0.41606,-0.29663,-0.83824,-1.1154,-1.1338,-1.0008,-0.85667,-0.79721,-0.84402,-0.96386,-1.1077,-1.2426,-1.3625,-1.4732,-1.5626,-1.5841,-1.4796,-1.2194,-0.83579,-0.41343,-0.046734,0.19875,0.30742,0.30831,0.24949,0.16782,0.079208,-0.022499,-0.15718,-0.35049,-0.62493,-0.98808,-1.4141,-1.8418,-2.1874,-2.3701,-2.3401,-2.0952,-1.6836,-1.1864,-0.69869,-0.30411,-0.055325,0.034253,-0.016113,-0.17013,-0.38946,-0.64305,-0.90214,-1.1448,-1.354
-0.93752,-1.6822,-1.9869,-1.8869,-1.5376,-1.1409,-0.90684,-0.98293,-1.4077,-2.1186,-2.9762,-3.8662,-4.7948,-5.7682,-6.685,-7.4269,-7.9128,-8.0246,-7.5625,-6.3993,-4.7008,-2.8217,-1.052,0.44431,1.5639,2.2219,2.3767,2.0778,1.4642,0.7105,-0.020209,-0.59297,-0.92701,-1.0261,-0.97863,-0.90461,-0.88866,-0.95203,-1.0643,-1.1808,-1.2754,-1.3533,-1.4355,-1.5255,-1.5866,-1.5529,-1.3742,-1.0555,-0.66075,-0.28079,0.013601,0.19681,0.28394,0.30697,0.29158,0.24582,0.16614,0.040588,-0.14941,-0.42438,-0.78782,-1.2191,-1.661,-2.031,-2.2459,-2.2502,-2.0385,-1.654,-1.184,-0.72856,-0.37307,-0.16773,-0.12091,-0.20837,-0.39113,-0.62871,-0.89191,-1.156,-1.3996,-1.6038
-0.92012,-1.6159,-1.8876,-1.7786,-1.4471,-1.0986,-0.93901,-1.0909,-1.5732,-2.3183,-3.1843,-4.0516,-4.9339,-5.8552,-6.7192,-7.4014,-7.8114,-7.8293,-7.2744,-6.0536,-4.3428,-2.477,-0.72791,0.74731,1.8456,2.4817,2.613,2.2907,1.6555,0.88462,0.14021,-0.44956,-0.81459,-0.96327,-0.97635,-0.95616,-0.9773,-1.056,-1.1636,-1.2578,-1.3182,-1.361,-1.4191,-1.5076,-1.5965,-1.6177,-1.505,-1.2377,-0.86099,-0.46053,-0.11659,0.12966,0.27968,0.35779,0.38191,0.36156,0.29471,0.17211,-0.020401,-0.29742,-0.66189,-1.0918,-1.5334,-1.9103,-2.1444,-2.1792,-1.9991,-1.6482,-1.2084,-0.77982,-0.45024,-0.27113,-0.24998,-0.35974,-0.55807,-0.8045,-1.069,-1.3264,-1.5574,-1.7469
-0.90859,-1.5388,-1.7684,-1.6515,-1.347,-1.0636,-0.99742,-1.2406,-1.7847,-2.5587,-3.4233,-4.2598,-5.0896,-5.9502,-6.7478,-7.3461,-7.6438,-7.524,-6.8402,-5.5491,-3.837,-2.0069,-0.3014,1.132,2.1915,2.7889,2.8795,2.5155,1.8416,1.0392,0.27658,-0.3276,-0.71836,-0.91881,-1.0037,-1.0573,-1.1323,-1.2327,-1.3276,-1.382,-1.3888,-1.3819,-1.4083,-1.4947,-1.6181,-1.7071,-1.6763,-1.4731,-1.1142,-0.68059,-0.26665,0.066035,0.30079,0.44488,0.51578,0.51948,0.45773,0.32919,0.1285,-0.15091,-0.51308,-0.9357,-1.3718,-1.7541,-2.0109,-2.0863,-1.9606,-1.6627,-1.2696,-0.88036,-0.58362,-0.43128,-0.4299,-0.55155,-0.75458,-0.99853,-1.2581,-1.5095,-1.7327,-1.9089
-0.91083,-1.4762,-1.6679,-1.5481,-1.2741,-1.0548,-1.0731,-1.3918,-1.9763,-2.7545,-3.602,-4.4094,-5.2038,-6.0212,-6.7615,-7.2798,-7.4649,-7.207,-6.3991,-5.0478,-3.345,-1.5605,0.091608,1.4752,2.489,3.0413,3.0853,2.6711,1.9477,1.1042,0.31602,-0.29736,-0.69982,-0.93152,-1.0719,-1.193,-1.3219,-1.4437,-1.5182,-1.5213,-1.4659,-1.4046,-1.399,-1.4829,-1.6377,-1.7872,-1.8299,-1.6834,-1.3366,-0.86114,-0.36827,0.053874,0.36546,0.56502,0.66175,0.67069,0.60341,0.46607,0.25784,-0.026649,-0.38393,-0.79575,-1.2205,-1.6004,-1.8739,-1.9897,-1.9238,-1.6931,-1.3634,-1.0258,-0.76447,-0.62945,-0.62824,-0.73701,-0.92038,-1.1496,-1.389,-1.6224,-1.8302,-1.9937
-0.92145,-1.4396,-1.6062,-1.4876,-1.2385,-1.0656,-1.1407,-1.5035,-2.1005,-2.8635,-3.6869,-4.476,-5.257,-6.0559,-6.7648,-7.2307,-7.3372,-6.9825,-6.0902,-4.7003,-3.0069,-1.2573,0.3541,1.6991,2.6765,3.1922,3.1972,2.7403,1.973,1.0933,0.28317,-0.33377,-0.73385,-0.9732,-1.1426,-1.3033,-1.4683,-1.6041,-1.663,-1.6251,-1.5206,-1.4147,-1.3834,-1.4663,-1.6417,-1.8339,-1.9257,-1.8137,-1.469,-0.96049,-0.41259,0.068875,0.43066,0.66222,0.77608,0.78721,0.71174,0.56182,0.34229,0.051985,-0.30375,-0.70775,-1.1235,-1.5008,-1.786,-1.9331,-1.9169,-1.7457,-1.4703,-1.1705,-0.92613,-0.78933,-0.77344,-0.86144,-1.0235,-1.2266,-1.4538,-1.678,-1.8755,-2.0259
-0.94676,-1.4062,-1.5435,-1.4297,-1.2163,-1.1024,-1.2423,-1.6446,-2.2325,-2.9509,-3.7278,-4.496,-5.276,-6.0717,-6.7581,-7.1709,-7.1871,-6.7185,-5.7291,-4.2963,-2.615,-0.90797,0.65207,1.9463,2.8742,3.339,3.2878,2.7695,1.9395,1.0086,0.17573,-0.43418,-0.81328,-1.0484,-1.2421,-1.4462,-1.6491,-1.7932,-1.8251,-1.7347,-1.5699,-1.4179,-1.3602,-1.4399,-1.6377,-1.871,-2.0128,-1.9362,-1.5895,-1.0384,-0.42591,0.1197,0.53121,0.79405,0.91839,0.92617,0.83804,0.66991,0.43133,0.12876,-0.2313,-0.62796,-1.0296,-1.3978,-1.6927,-1.8775,-1.9255,-1.8364,-1.6429,-1.4057,-1.1914,-1.0479,-0.99491,-1.0291,-1.1357,-1.2969,-1.4867,-1.6841,-1.8636,-2.0024
-0.98395,-1.3915,-1.5036,-1.3982,-1.2216,-1.1614,-1.3529,-1.7707,-2.3213,-2.97,-3.687,-4.4354,-5.2301,-6.0462,-6.7355,-7.1193,-7.068,-6.5077,-5.4388,-3.9707,-2.2998,-0.63044,0.88223,2.1276,3.0073,3.4224,3.3169,2.7388,1.8488,0.8705,0.022369,-0.56664,-0.91026,-1.1248,-1.3244,-1.5549,-1.7808,-1.925,-1.9265,-1.7878,-1.5765,-1.3922,-1.3212,-1.4043,-1.6206,-1.8822,-2.0557,-2.001,-1.6503,-1.0695,-0.41057,0.1836,0.63347,0.91619,1.0451,1.0411,0.93115,0.73906,0.48035,0.16242,-0.20153,-0.59376,-0.98691,-1.3497,-1.6523,-1.8678,-1.9756,-1.9653,-1.8507,-1.6712,-1.4794,-1.321,-1.2231,-1.1956,-1.2372,-1.3408,-1.4855,-1.6486,-1.8043,-1.9299
