0.30787,0.48864,0.73211,0.80846,0.69504,0.49984,0.31154,0.16683,0.058439,-0.029217,-0.073293,-0.02051,0.13324,0.3046,0.38397,0.31777,0.13109,-0.092957,-0.26312,-0.33395,-0.32351,-0.28299,-0.2549,-0.25354,-0.27244,-0.29665,-0.3147,-0.31723,-0.29309,-0.23675,-0.15886,-0.079393,-0.013814,0.034157,0.075215,0.12706,0.20333,0.30054,0.40165,0.48326,0.52655,0.5181,0.45348,0.33694,0.18168,0.013388,-0.13685,-0.23752,-0.27139,-0.24923,-0.19846,-0.14738,-0.11031,-0.085563,-0.063809,-0.036686,-0.001978,0.036733,0.073044,0.1005,0.1127,0.10795,0.094967,0.096374,0.14401,0.26127,0.44004,0.63247,0.76888,0.78861,0.66113,0.3899,0.0036244,-0.45542,-0.93997,-1.4032,-1.8,-2.0973,-2.2791,-2.3494
0.28702,0.45576,0.70899,0.80442,0.69998,0.49879,0.2928,0.12903,0.0104,-0.069144,-0.08894,-0.013159,0.14643,0.30462,0.3625,0.27663,0.079894,-0.14126,-0.29713,-0.34824,-0.32029,-0.26888,-0.23646,-0.23673,-0.26275,-0.29873,-0.32807,-0.33573,-0.31,-0.25029,-0.17444,-0.1036,-0.051462,-0.018003,0.011865,0.061874,0.14661,0.25953,0.37417,0.46164,0.49971,0.4771,0.39223,0.25516,0.087783,-0.079843,-0.21153,-0.2792,-0.27693,-0.22455,-0.15945,-0.11253,-0.09606,-0.10393,-0.12014,-0.12989,-0.12555,-0.10606,-0.073816,-0.033631,0.009053,0.049094,0.088134,0.1393,0.22431,0.35893,0.53383,0.70801,0.82299,0.82894,0.7031,0.45221,0.10345,-0.30688,-0.74063,-1.16,-1.5305,-1.8228,-2.0191,-2.1176
0.24437,0.38972,0.65253,0.77528,0.68603,0.48018,0.25508,0.067917,-0.059642,-0.12391,-0.11036,-0.0045582,0.16047,0.29857,0.32466,0.20909,-0.0051081,-0.22583,-0.36553,-0.3938,-0.34452,-0.27676,-0.23379,-0.22887,-0.25168,-0.28462,-0.31108,-0.31685,-0.29226,-0.24269,-0.18606,-0.14169,-0.11784,-0.10722,-0.087255,-0.031335,0.07286,0.20748,0.33572,0.42059,0.44044,0.38824,0.27169,0.11045,-0.065604,-0.21814,-0.31195,-0.32629,-0.26847,-0.17546,-0.092407,-0.052838,-0.06625,-0.11932,-0.18702,-0.24486,-0.27746,-0.27949,-0.25148,-0.19745,-0.12182,-0.032932,0.063879,0.1701,0.29361,0.44013,0.6007,0.74412,0.82972,0.82249,0.70815,0.49554,0.20878,-0.12331,-0.47395,-0.82052,-1.1398,-1.4107,-1.6163,-1.7476
0.20149,0.32449,0.58978,0.73302,0.65876,0.45325,0.21764,0.016919,-0.11406,-0.16473,-0.12681,-0.00082562,0.16664,0.28947,0.29094,0.1513,-0.078542,-0.30159,-0.4316,-0.44493,-0.38176,-0.30315,-0.25104,-0.23579,-0.24554,-0.26264,-0.27468,-0.27446,-0.25761,-0.22805,-0.19814,-0.18145,-0.18122,-0.18516,-0.16641,-0.098295,0.025121,0.1762,0.31049,0.38878,0.39087,0.31392,0.1717,-0.0087172,-0.18894,-0.32575,-0.3841,-0.35174,-0.25019,-0.1273,-0.033483,-0.0014553,-0.037011,-0.12209,-0.22478,-0.31426,-0.37063,-0.38709,-0.36415,-0.30404,-0.21256,-0.098062,0.030529,0.1677,0.31237,0.46293,0.60897,0.72804,0.78937,0.77081,0.66753,0.49128,0.26197,-0.0009951,-0.28212,-0.56792,-0.84449,-1.0947,-1.3011,-1.4508
0.13337,0.21699,0.47864,0.6473,0.59741,0.4,0.15792,-0.051715,-0.18315,-0.21651,-0.14961,-0.0035637,0.16496,0.26913,0.23986,0.068196,-0.18334,-0.41113,-0.53095,-0.52836,-0.45185,-0.36342,-0.29977,-0.26544,-0.24595,-0.22748,-0.20809,-0.19645,-0.19703,-0.20755,-0.22585,-0.25309,-0.28426,-0.30066,-0.27224,-0.17656,-0.021159,0.15242,0.29192,0.35906,0.33679,0.22754,0.051417,-0.15437,-0.33894,-0.4525,-0.46085,-0.36633,-0.21109,-0.052936,0.05189,0.073926,0.013116,-0.10683,-0.24873,-0.37402,-0.45882,-0.49507,-0.48286,-0.42344,-0.32217,-0.18675,-0.030601,0.13215,0.29055,0.43614,0.55883,0.64318,0.67521,0.64791,0.56619,0.44355,0.29387,0.12507,-0.061134,-0.26422,-0.47997,-0.69615,-0.89544,-1.0604
0.054572,0.089191,0.33537,0.52648,0.50679,0.32768,0.091082,-0.11762,-0.24328,-0.26134,-0.17469,-0.016065,0.14855,0.23559,0.18175,-0.015909,-0.28615,-0.51879,-0.63215,-0.62137,-0.54039,-0.44794,-0.37341,-0.31484,-0.25702,-0.19247,-0.13494,-0.11095,-0.13457,-0.19299,-0.26709,-0.34154,-0.40056,-0.41986,-0.36927,-0.23588,-0.043183,0.15323,0.29709,0.35279,0.30913,0.17345,-0.027846,-0.25029,-0.43636,-0.52874,-0.49871,-0.36001,-0.16526,0.016201,0.13186,0.15384,0.081834,-0.060126,-0.23181,-0.38982,-0.50219,-0.55718,-0.55718,-0.50749,-0.41184,-0.27748,-0.1169,0.052971,0.21432,0.35108,0.4497,0.50202,0.50593,0.47022,0.41138,0.34485,0.27666,0.20146,0.10761,-0.015666,-0.16947,-0.34612,-0.52922,-0.69912
-0.008867,-0.01714,0.20825,0.41263,0.41966,0.26152,0.038806,-0.16084,-0.27767,-0.28539,-0.19108,-0.031471,0.12639,0.20117,0.13333,-0.076565,-0.35545,-0.59113,-0.70343,-0.69216,-0.61332,-0.5218,-0.44028,-0.36263,-0.27387,-0.17306,-0.085728,-0.051284,-0.090036,-0.18465,-0.30089,-0.41027,-0.48711,-0.5027,-0.42904,-0.26308,-0.042112,0.16931,0.31526,0.36457,0.31062,0.16424,-0.047703,-0.27909,-0.46735,-0.55294,-0.50402,-0.34018,-0.12492,0.07063,0.19156,0.21255,0.13559,-0.014384,-0.19883,-0.37193,-0.49974,-0.56938,-0.5836,-0.5495,-0.46833,-0.34546,-0.19258,-0.028462,0.1253,0.24908,0.32923,0.3584,0.34499,0.30748,0.26887,0.24486,0.23538,0.2258,0.19566,0.12877,0.018401,-0.12887,-0.2964,-0.46285
-0.095962,-0.16742,0.01747,0.23239,0.27857,0.1603,-0.029837,-0.20525,-0.30319,-0.29888,-0.20329,-0.054189,0.086516,0.14529,0.066224,-0.14954,-0.42962,-0.66447,-0.7786,-0.7754,-0.70879,-0.62551,-0.53867,-0.43752,-0.30786,-0.15854,-0.030612,0.019734,-0.03523,-0.17264,-0.3395,-0.48913,-0.58344,-0.5872,-0.47895,-0.27087,-0.019251,0.20561,0.35038,0.39379,0.33482,0.18614,-0.027177,-0.26057,-0.45034,-0.53265,-0.47354,-0.29635,-0.069616,0.13245,0.25643,0.28012,0.20636,0.057576,-0.12965,-0.31077,-0.45107,-0.53736,-0.5742,-0.5682,-0.52254,-0.43583,-0.31305,-0.17024,-0.03237,0.074191,0.13024,0.13465,0.10237,0.064431,0.052548,0.08189,0.14367,0.21199,0.25718,0.25648,0.20135,0.096394,-0.042344,-0.19324
-0.16018,-0.28256,-0.13911,0.079424,0.15718,0.076803,-0.079495,-0.22608,-0.30418,-0.29131,-0.20092,-0.069374,0.051214,0.096794,0.014265,-0.1974,-0.46967,-0.69874,-0.81486,-0.82315,-0.77267,-0.70141,-0.61473,-0.49765,-0.33853,-0.15388,0.0041041,0.067223,0.0039596,-0.15757,-0.35367,-0.5251,-0.62632,-0.61949,-0.48814,-0.25742,0.0080057,0.23574,0.37817,0.41936,0.36229,0.21914,0.013751,-0.21235,-0.39992,-0.48321,-0.42943,-0.25939,-0.0363,0.16269,0.28834,0.31904,0.25616,0.1174,-0.060757,-0.23919,-0.38459,-0.48321,-0.53886,-0.55917,-0.54484,-0.49137,-0.40018,-0.28516,-0.17127,-0.085958,-0.047198,-0.060065,-0.10061,-0.13198,-0.11998,-0.052192,0.056455,0.1739,0.26634,0.31025,0.29242,0.21808,0.10267,-0.032526
-0.24054,-0.43193,-0.35601,-0.14296,-0.020701,-0.040374,-0.13812,-0.23506,-0.27975,-0.25587,-0.18024,-0.082236,0.004543,0.029474,-0.05344,-0.24905,-0.49959,-0.71501,-0.83438,-0.86164,-0.83693,-0.78668,-0.70536,-0.57208,-0.3793,-0.15397,0.038121,0.12081,0.056293,-0.12171,-0.33991,-0.52721,-0.62869,-0.6077,-0.45689,-0.21282,0.052816,0.27115,0.40346,0.44236,0.39374,0.26848,0.083551,-0.12725,-0.30857,-0.4002,-0.3636,-0.2122,-0.0060754,0.18647,0.31433,0.35546,0.31046,0.19644,0.040413,-0.12237,-0.26269,-0.36855,-0.44489,-0.50049,-0.53511,-0.54119,-0.51068,-0.4475,-0.37228,-0.3151,-0.29994,-0.32722,-0.37361,-0.39567,-0.35528,-0.24285,-0.080863,0.091673,0.23719,0.3297,0.35805,0.32451,0.24259,0.13196
-0.31114,-0.56794,-0.5705,-0.37472,-0.20749,-0.15729,-0.18339,-0.22092,-0.22497,-0.18984,-0.13667,-0.080052,-0.034635,-0.033038,-0.11307,-0.28448,-0.50455,-0.70037,-0.82099,-0.86759,-0.8696,-0.84169,-0.76955,-0.62917,-0.41552,-0.16175,0.060226,0.16761,0.1186,-0.054143,-0.27243,-0.4593,-0.55664,-0.53001,-0.37845,-0.14511,0.098908,0.29133,0.40416,0.43702,0.39857,0.29505,0.13723,-0.048589,-0.21606,-0.30793,-0.2879,-0.16436,0.013764,0.18587,0.30778,0.36042,0.34309,0.26616,0.15086,0.021283,-0.10132,-0.20801,-0.30274,-0.39289,-0.4764,-0.54216,-0.57743,-0.57967,-0.56287,-0.55186,-0.56648,-0.60947,-0.6518,-0.65096,-0.5745,-0.42085,-0.21843,-0.0081243,0.17358,0.30325,0.36825,0.37155,0.3246,0.24415
-0.35532,-0.65586,-0.72152,-0.54552,-0.34451,-0.23845,-0.20631,-0.19498,-0.16639,-0.12368,-0.08746,-0.064413,-0.053477,-0.071179,-0.14908,-0.30091,-0.49643,-0.67509,-0.79304,-0.85089,-0.8705,-0.85735,-0.79228,-0.6516,-0.43183,-0.16688,0.071671,0.19982,0.1733,0.019689,-0.18456,-0.36267,-0.45628,-0.43224,-0.29302,-0.083279,0.12927,0.2903,0.38066,0.40556,0.37462,0.29054,0.15815,-0.0031439,-0.15338,-0.24204,-0.23487,-0.13532,0.016764,0.1703,0.28749,0.35036,0.3565,0.31312,0.2341,0.13691,0.036222,-0.06299,-0.16542,-0.27582,-0.39396,-0.50551,-0.59333,-0.64885,-0.68035,-0.70872,-0.75146,-0.80546,-0.84324,-0.82433,-0.72234,-0.54266,-0.31743,-0.087105,0.11406,0.26319,0.35155,0.37951,0.35667,0.29801
-0.40078,-0.74728,-0.89612,-0.75374,-0.51245,-0.32974,-0.21912,-0.14082,-0.06932,-0.015922,-0.0010421,-0.022748,-0.060721,-0.10809,-0.18582,-0.31447,-0.4769,-0.62779,-0.73528,-0.80082,-0.83684,-0.83907,-0.78458,-0.65015,-0.43451,-0.16838,0.083805,0.2413,0.25562,0.1435,-0.028891,-0.18656,-0.2741,-0.26051,-0.1532,0.0056416,0.15699,0.26188,0.31244,0.32233,0.30037,0.24518,0.15176,0.029729,-0.089665,-0.16542,-0.16716,-0.095632,0.019888,0.14263,0.24669,0.3202,0.35998,0.36593,0.34242,0.2944,0.22762,0.14411,0.040932,-0.086047,-0.23448,-0.39211,-0.54253,-0.67301,-0.78214,-0.87857,-0.96794,-1.0429,-1.072,-1.022,-0.88084,-0.66763,-0.42015,-0.17651,0.035114,0.19881,0.30639,0.35952,0.36609,0.33814
-0.42967,-0.8018,-1.0258,-0.92336,-0.64778,-0.39458,-0.21087,-0.070229,0.040373,0.106,0.10491,0.042763,-0.043849,-0.12654,-0.21429,-0.32509,-0.45264,-0.56898,-0.65604,-0.71733,-0.75925,-0.7716,-0.72978,-0.61225,-0.41565,-0.16345,0.091562,0.27719,0.3383,0.27802,0.15046,0.022586,-0.055208,-0.059336,0.00087658,0.089984,0.16514,0.20304,0.20868,0.19939,0.18462,0.15704,0.10577,0.031643,-0.046147,-0.096323,-0.096705,-0.047953,0.030685,0.11862,0.20346,0.28193,0.35119,0.40491,0.43529,0.43792,0.41101,0.35312,0.26094,0.13183,-0.033224,-0.22461,-0.42664,-0.62355,-0.80612,-0.97168,-1.1144,-1.2129,-1.2353,-1.1558,-0.97843,-0.73806,-0.47902,-0.23605,-0.028827,0.13508,0.25126,0.32315,0.35563,0.35569
-0.43945,-0.81665,-1.086,-1.014,-0.71926,-0.42201,-0.19001,-0.0097233,0.12629,0.20015,0.19115,0.10517,-0.015137,-0.12829,-0.22957,-0.33129,-0.43323,-0.52114,-0.58716,-0.63749,-0.67669,-0.69286,-0.66183,-0.56273,-0.38971,-0.15755,0.093003,0.29686,0.39392,0.37616,0.28684,0.18466,0.11553,0.096186,0.117,0.14743,0.15866,0.14096,0.10973,0.085352,0.076111,0.071709,0.056192,0.02353,-0.016057,-0.041817,-0.038831,-0.0069129,0.043515,0.10328,0.17252,0.25301,0.34087,0.42551,0.49176,0.52894,0.53104,0.49457,0.4162,0.29315,0.12701,-0.075782,-0.30284,-0.53942,-0.77193,-0.98762,-1.1681,-1.2839,-1.2996,-1.1985,-0.99932,-0.74686,-0.48744,-0.25197,-0.054539,0.10138,0.21753,0.29605,0.34063,0.3563
-0.43565,-0.7993,-1.11,-1.0742,-0.76685,-0.42575,-0.14515,0.074635,0.23599,0.32104,0.30652,0.19851,0.039803,-0.11574,-0.23878,-0.33221,-0.40276,-0.452,-0.48551,-0.51398,-0.54153,-0.55787,-0.54265,-0.47567,-0.34614,-0.15381,0.080984,0.30327,0.44839,0.48933,0.45183,0.38463,0.32604,0.28796,0.25879,0.21484,0.14127,0.048096,-0.036633,-0.083379,-0.084927,-0.054622,-0.017198,0.010281,0.025486,0.03661,0.049764,0.06422,0.078792,0.098361,0.13837,0.21155,0.31592,0.43333,0.54129,0.61928,0.65619,0.64765,0.59128,0.48447,0.32675,0.12141,-0.12247,-0.39092,-0.66684,-0.92885,-1.146,-1.2769,-1.2839,-1.1599,-0.9406,-0.68351,-0.43714,-0.2264,-0.05631,0.07859,0.1829,0.2618,0.31752,0.35167
-0.42083,-0.75996,-1.0843,-1.072,-0.76441,-0.40553,-0.10189,0.13572,0.30872,0.39926,0.38372,0.26497,0.083651,-0.099903,-0.23997,-0.32737,-0.37343,-0.39258,-0.39952,-0.40805,-0.42361,-0.43859,-0.43637,-0.39893,-0.30993,-0.15718,0.055617,0.28519,0.46274,0.54696,0.54848,0.50919,0.46005,0.41089,0.34787,0.25401,0.12351,-0.021334,-0.14175,-0.20389,-0.19935,-0.14452,-0.068535,0.0037416,0.06105,0.099101,0.1191,0.12124,0.10902,0.10047,0.11891,0.18222,0.29001,0.4236,0.55303,0.6551,0.71543,0.72779,0.68942,0.59845,0.45277,0.25395,0.0093976,-0.26743,-0.55755,-0.83486,-1.0622,-1.1926,-1.19,-1.0546,-0.83115,-0.58215,-0.35519,-0.17062,-0.027594,0.083693,0.17436,0.24894,0.30779,0.3494
-0.38534,-0.67494,-0.99422,-1.0071,-0.71461,-0.35279,-0.037842,0.20835,0.38599,0.48014,0.46626,0.33962,0.13599,-0.076762,-0.23583,-0.31223,-0.32138,-0.29622,-0.26587,-0.2481,-0.24904,-0.26439,-0.28271,-0.28885,-0.2621,-0.17456,-0.0065566,0.2195,0.43242,0.57076,0.62703,0.62813,0.5981,0.54035,0.44188,0.29025,0.094482,-0.10755,-0.26541,-0.3414,-0.32822,-0.24397,-0.12191,0.0057653,0.11427,0.18734,0.21622,0.19997,0.1522,0.10133,0.085636,0.13192,0.24076,0.38755,0.53853,0.66302,0.74431,0.77702,0.76019,0.69138,0.56918,0.3921,0.16428,-0.10233,-0.38661,-0.65685,-0.87091,-0.98171,-0.95923,-0.81543,-0.60228,-0.38144,-0.19491,-0.056301,0.041765,0.11523,0.17881,0.24035,0.29911,0.34989
-0.33241,-0.55814,-0.85023,-0.88213,-0.62071,-0.27718,0.026227,0.26457,0.43492,0.52704,0.51559,0.38782,0.17262,-0.058994,-0.22547,-0.28357,-0.25086,-0.17757,-0.10903,-0.068355,-0.060187,-0.080833,-0.12373,-0.17738,-0.21876,-0.20707,-0.098819,0.10636,0.34143,0.52729,0.63582,0.67891,0.6728,0.61686,0.49882,0.31045,0.071018,-0.17057,-0.3545,-0.44024,-0.4194,-0.31078,-0.14964,0.023484,0.17229,0.26864,0.29858,0.26302,0.18102,0.093292,0.045143,0.069663,0.17034,0.32121,0.48243,0.62073,0.71656,0.76399,0.76366,0.71676,0.61953,0.47145,0.27587,0.044071,-0.2026,-0.43215,-0.60436,-0.67912,-0.63875,-0.50155,-0.31671,-0.13789,0.00031292,0.089325,0.14038,0.17336,0.20728,0.25065,0.30216,0.35416
-0.28299,-0.45431,-0.71531,-0.75902,-0.52925,-0.21331,0.069608,0.29181,0.45032,0.53548,0.52462,0.39986,0.18253,-0.053977,-0.21635,-0.2521,-0.18294,-0.073054,0.021958,0.076466,0.087443,0.059437,-0.003155,-0.092538,-0.18534,-0.23515,-0.18282,-0.0074924,0.23172,0.44665,0.5922,0.66842,0.68472,0.63789,0.51564,0.31382,0.056762,-0.20068,-0.39447,-0.48324,-0.45808,-0.33745,-0.15639,0.041074,0.21124,0.31974,0.34742,0.29517,0.1878,0.072056,0.0011619,0.012008,0.10722,0.25793,0.42091,0.56037,0.6578,0.71015,0.72062,0.6895,0.61664,0.49797,0.33543,0.14007,-0.066384,-0.25274,-0.38385,-0.42688,-0.37269,-0.24378,-0.085848,0.055267,0.15231,0.20153,0.21715,0.22128,0.23373,0.26431,0.31093,0.36376
-0.20522,-0.29972,-0.51084,-0.57002,-0.39433,-0.12801,0.11637,0.30671,0.43952,0.50839,0.49375,0.37416,0.16379,-0.064049,-0.20397,-0.19542,-0.069984,0.087557,0.211,0.27665,0.28636,0.2465,0.1598,0.029755,-0.12575,-0.25948,-0.29627,-0.18469,0.038697,0.27975,0.47144,0.59404,0.6456,0.61873,0.50278,0.2988,0.037811,-0.22133,-0.41426,-0.50181,-0.47426,-0.34687,-0.15192,0.064402,0.25115,0.36681,0.38683,0.31265,0.17501,0.027601,-0.069425,-0.076883,0.0070253,0.15112,0.3102,0.44715,0.54313,0.59666,0.61437,0.60242,0.55927,0.48386,0.37751,0.24806,0.11172,-0.0074306,-0.080763,-0.08736,-0.025136,0.083549,0.20054,0.29051,0.33507,0.33601,0.31037,0.28286,0.27159,0.28689,0.32599,0.37758
-0.13997,-0.17559,-0.34782,-0.4192,-0.29041,-0.069224,0.13925,0.29969,0.40698,0.45877,0.43788,0.3225,0.12412,-0.08484,-0.19357,-0.14124,0.028652,0.21874,0.35847,0.42725,0.43267,0.38464,0.28484,0.1321,-0.061875,-0.25421,-0.36483,-0.31884,-0.1267,0.1208,0.34128,0.4974,0.57785,0.57101,0.46809,0.27305,0.021299,-0.22688,-0.41126,-0.49443,-0.46758,-0.34014,-0.14274,0.078074,0.26891,0.38352,0.39563,0.30731,0.15218,-0.013111,-0.12587,-0.14666,-0.074166,0.06022,0.21115,0.34089,0.43091,0.48177,0.50367,0.50554,0.48905,0.45204,0.39272,0.31472,0.23011,0.15902,0.12401,0.14028,0.2059,0.29745,0.38167,0.43194,0.43824,0.40775,0.35938,0.31478,0.29444,0.30502,0.34162,0.39183
-0.044505,-0.0042529,-0.12738,-0.21836,-0.15817,-0.0051839,0.15,0.2651,0.33272,0.35458,0.32078,0.21225,0.038694,-0.12748,-0.17606,-0.055786,0.17195,0.39825,0.5522,0.6199,0.6177,0.56127,0.45214,0.28332,0.056584,-0.19744,-0.40261,-0.46066,-0.33826,-0.10617,0.13597,0.3287,0.44378,0.46671,0.38858,0.21971,-0.0040995,-0.22536,-0.39021,-0.46657,-0.44281,-0.3244,-0.13426,0.083333,0.2718,0.38172,0.38495,0.28364,0.11311,-0.067471,-0.19728,-0.23703,-0.18436,-0.069974,0.064089,0.17904,0.25696,0.3017,0.32861,0.35044,0.37102,0.38636,0.39031,0.38088,0.36346,0.35039,0.35668,0.3903,0.44655,0.50675,0.54743,0.5522,0.51863,0.4579,0.3897,0.33514,0.31024,0.319,0.35512,0.40619
0.05817,0.16756,0.088265,-0.028085,-0.04259,0.03703,0.13674,0.20402,0.22775,0.2141,0.16384,0.065323,-0.071859,-0.17799,-0.15286,0.038985,0.3194,0.57291,0.73269,0.79442,0.78379,0.72261,0.61444,0.44852,0.21574,-0.071487,-0.35266,-0.52141,-0.49762,-0.31406,-0.073203,0.1413,0.28333,0.33249,0.28175,0.14424,-0.043333,-0.22914,-0.36789,-0.43373,-0.41422,-0.30765,-0.12908,0.079666,0.26058,0.36215,0.3548,0.24416,0.068648,-0.11577,-0.25316,-0.31135,-0.28803,-0.2053,-0.10018,-0.0045411,0.064243,0.1086,0.14427,0.18782,0.24382,0.30715,0.36762,0.41703,0.45404,0.48464,0.51703,0.5562,0.59594,0.62187,0.61952,0.583,0.51818,0.44012,0.36775,0.3172,0.30157,0.31976,0.36361,0.42068
0.13801,0.29413,0.24239,0.103,0.031112,0.053872,0.11124,0.1437,0.13315,0.090892,0.027434,-0.060031,-0.16154,-0.2149,-0.13031,0.11244,0.42494,0.69181,0.85168,0.90663,0.88923,0.82755,0.72791,0.57731,0.35824,0.067968,-0.25086,-0.49531,-0.55641,-0.42972,-0.20934,0.0064246,0.15963,0.22306,0.19072,0.07651,-0.082224,-0.23853,-0.35439,-0.40907,-0.39083,-0.2938,-0.12893,0.066392,0.23762,0.33197,0.32219,0.21366,0.041633,-0.13981,-0.28228,-0.35659,-0.35823,-0.30383,-0.22259,-0.14421,-0.084788,-0.040783,0.0044331,0.065222,0.14847,0.24489,0.34067,0.42454,0.49196,0.54492,0.58804,0.62241,0.64293,0.64039,0.60794,0.54661,0.46644,0.38362,0.31585,0.27869,0.27598,0.3069,0.36201,0.42793
0.24553,0.45702,0.4352,0.26109,0.10991,0.056756,0.058902,0.047797,-0.0051261,-0.084557,-0.16252,-0.22854,-0.27293,-0.24763,-0.085175,0.21283,0.55242,0.82406,0.97559,1.0181,0.99295,0.93604,0.85745,0.74204,0.56076,0.29236,-0.046246,-0.36409,-0.53085,-0.49625,-0.33147,-0.14078,0.0066756,0.077112,0.062922,-0.020555,-0.13954,-0.25632,-0.34202,-0.38291,-0.36541,-0.28172,-0.1356,0.04175,0.19849,0.28649,0.27809,0.17743,0.016884,-0.15736,-0.3055,-0.40303,-0.44226,-0.4302,-0.38507,-0.32793,-0.27381,-0.22292,-0.16293,-0.079453,0.029835,0.15713,0.287,0.40434,0.49971,0.57025,0.61573,0.63641,0.62743,0.58522,0.51242,0.42024,0.32607,0.24829,0.20146,0.19349,0.2225,0.28067,0.35555,0.4339
0.35265,0.61061,0.6117,0.39807,0.16697,0.038593,-0.011383,-0.060224,-0.14868,-0.25789,-0.34249,-0.37688,-0.35415,-0.24704,-0.016707,0.31658,0.66103,0.91999,1.0526,1.0785,1.0472,1.0005,0.9502,0.8776,0.74666,0.52244,0.20136,-0.14522,-0.38785,-0.44754,-0.36284,-0.22666,-0.1108,-0.05085,-0.056584,-0.11508,-0.20029,-0.28244,-0.34342,-0.37003,-0.35091,-0.27344,-0.14114,0.018488,0.16094,0.24141,0.23492,0.14493,-0.00047032,-0.16522,-0.31584,-0.43228,-0.50528,-0.53457,-0.5256,-0.49171,-0.44375,-0.38373,-0.30513,-0.20155,-0.07112,0.075998,0.22404,0.35723,0.464,0.5379,0.57543,0.574,0.5305,0.44723,0.33599,0.21791,0.1177,0.055926,0.04305,0.077388,0.1496,0.24277,0.3412,0.4328
0.43135,0.71882,0.73194,0.488,0.19702,0.013906,-0.071574,-0.14276,-0.24927,-0.37217,-0.45236,-0.45567,-0.38078,-0.21675,0.051812,0.39498,0.72707,0.96392,1.0746,1.0854,1.0498,1.012,0.98441,0.94646,0.85758,0.67655,0.38962,0.049076,-0.22538,-0.3458,-0.32642,-0.24401,-0.16637,-0.12721,-0.1355,-0.18195,-0.24557,-0.30513,-0.34745,-0.36265,-0.34019,-0.26771,-0.14724,-0.001482,0.13096,0.20819,0.2077,0.13037,-0.0027477,-0.15789,-0.30924,-0.43909,-0.53639,-0.59431,-0.61156,-0.59278,-0.54626,-0.47767,-0.38698,-0.27156,-0.1336,0.019034,0.1717,0.30796,0.41445,0.48278,0.50731,0.48427,0.41303,0.29953,0.16144,0.026929,-0.073474,-0.11754,-0.09841,-0.025805,0.082642,0.20581,0.3257,0.43053
0.53262,0.85197,0.87785,0.5935,0.22471,-0.026836,-0.15448,-0.24505,-0.36177,-0.48426,-0.54348,-0.49779,-0.35554,-0.1311,0.16559,0.49785,0.79243,0.98399,1.0558,1.042,0.99955,0.97346,0.97539,0.98286,0.95163,0.83531,0.60982,0.30623,0.020393,-0.15858,-0.22047,-0.21579,-0.19742,-0.19539,-0.21715,-0.25645,-0.29918,-0.33492,-0.35663,-0.35913,-0.33134,-0.26289,-0.15252,-0.018207,0.10566,0.18428,0.19394,0.13226,0.016198,-0.12983,-0.28268,-0.42632,-0.5484,-0.63665,-0.68282,-0.68353,-0.64256,-0.56724,-0.46433,-0.33906,-0.19616,-0.044679,0.10336,0.23377,0.3324,0.38675,0.38674,0.32766,0.21048,0.049739,-0.12475,-0.27378,-0.36153,-0.36857,-0.29751,-0.16871,-0.010094,0.15124,0.29711,0.41869
0.60501,0.94407,0.9781,0.66414,0.24116,-0.059524,-0.21295,-0.30982,-0.421,-0.5283,-0.56045,-0.47534,-0.28874,-0.033969,0.26505,0.57083,0.82242,0.97006,1.0066,0.97057,0.92086,0.90256,0.92496,0.96289,0.97181,0.90537,0.73403,0.47526,0.20246,-0.0023681,-0.1161,-0.16792,-0.19527,-0.22319,-0.25891,-0.29821,-0.33282,-0.35769,-0.36937,-0.36321,-0.32853,-0.25629,-0.14677,-0.016576,0.10432,0.18498,0.20407,0.15648,0.053638,-0.085165,-0.23953,-0.39205,-0.52764,-0.63319,-0.69537,-0.70938,-0.67676,-0.60405,-0.49968,-0.3725,-0.2299,-0.081441,0.060744,0.18209,0.26736,0.30271,0.27671,0.18477,0.031593,-0.16274,-0.36099,-0.51679,-0.59093,-0.56655,-0.45354,-0.28119,-0.083869,0.10892,0.27783,0.41388
0.69637,1.0584,1.102,0.75192,0.26233,-0.098127,-0.27774,-0.37106,-0.45576,-0.52418,-0.50873,-0.37141,-0.14116,0.13285,0.41211,0.66096,0.83906,0.9166,0.89858,0.82883,0.76729,0.75601,0.79933,0.87036,0.92646,0.92495,0.83247,0.64887,0.41688,0.19984,0.0321,-0.087045,-0.17402,-0.24144,-0.29639,-0.33907,-0.37081,-0.38997,-0.39529,-0.3774,-0.32745,-0.23891,-0.11814,0.016658,0.14078,0.22808,0.26054,0.23132,0.14538,0.016977,-0.13557,-0.29466,-0.44398,-0.5675,-0.65214,-0.68793,-0.67232,-0.61091,-0.51418,-0.39221,-0.25656,-0.1166,0.015457,0.12361,0.18921,0.19423,0.12602,-0.018868,-0.22909,-0.47228,-0.69805,-0.85186,-0.89519,-0.8199,-0.64784,-0.41912,-0.17356,0.055746,0.24953,0.40087
0.78203,1.1636,1.2168,0.83802,0.29076,-0.12013,-0.31826,-0.3924,-0.43275,-0.44508,-0.37586,-0.19644,0.058252,0.32787,0.56702,0.74381,0.83467,0.83031,0.75031,0.64407,0.56873,0.55891,0.61412,0.70753,0.80361,0.86412,0.85476,0.75531,0.57954,0.36789,0.16417,-0.009797,-0.14906,-0.25336,-0.32584,-0.37482,-0.40727,-0.42643,-0.42463,-0.39076,-0.31622,-0.20197,-0.059865,0.090577,0.22752,0.32955,0.3807,0.37146,0.30143,0.18158,0.02937,-0.1349,-0.29279,-0.42985,-0.53409,-0.59651,-0.61121,-0.57754,-0.50124,-0.39275,-0.26445,-0.12996,-0.0057574,0.087697,0.12777,0.094317,-0.023683,-0.22687,-0.49292,-0.77816,-1.0221,-1.165,-1.1712,-1.0427,-0.81438,-0.53411,-0.24963,0.0072328,0.22024,0.38588
0.84242,1.2371,1.2992,0.90502,0.32232,-0.12055,-0.32636,-0.37752,-0.37558,-0.34005,-0.23213,-0.031776,0.22701,0.48171,0.68269,0.80048,0.82175,0.7514,0.62097,0.48496,0.39769,0.38707,0.44732,0.55228,0.67342,0.77941,0.83369,0.79962,0.66681,0.46291,0.23729,0.028131,-0.14232,-0.2661,-0.34699,-0.39851,-0.43356,-0.4549,-0.44823,-0.399,-0.29854,-0.15696,0.0097765,0.18011,0.33177,0.44877,0.51432,0.5177,0.45819,0.34396,0.19395,0.029234,-0.13255,-0.27835,-0.3992,-0.48593,-0.52983,-0.52523,-0.47271,-0.3804,-0.26028,-0.12988,-0.010485,0.073192,0.095509,0.034703,-0.12024,-0.36512,-0.67066,-0.98329,-1.2347,-1.3639,-1.3412,-1.1772,-0.91348,-0.60373,-0.29436,-0.018122,0.20833,0.38171
0.91767,1.3289,1.4075,1.0015,0.38367,-0.092829,-0.29967,-0.3135,-0.24842,-0.14903,-0.00089527,0.21046,0.45696,0.6797,0.82527,0.86504,0.79579,0.63791,0.43869,0.26161,0.1585,0.14602,0.20902,0.32374,0.47238,0.63591,0.77453,0.82724,0.75025,0.55556,0.30009,0.047228,-0.15824,-0.29859,-0.38167,-0.43252,-0.47167,-0.4961,-0.48116,-0.40257,-0.25789,-0.066008,0.14351,0.34515,0.51956,0.65369,0.73481,0.75297,0.70643,0.6022,0.4587,0.29661,0.13276,-0.022655,-0.16317,-0.28294,-0.37207,-0.41794,-0.41079,-0.34973,-0.24666,-0.12241,-0.0059324,0.069887,0.073449,-0.01898,-0.21531,-0.50583,-0.85107,-1.187,-1.4385,-1.5455,-1.4867,-1.2843,-0.98792,-0.65265,-0.32616,-0.039214,0.1942,0.37307
0.98787,1.4163,1.515,1.1099,0.47239,-0.024982,-0.22535,-0.1997,-0.073232,0.079912,0.25128,0.45402,0.67203,0.85365,0.9442,0.91468,0.76578,0.52988,0.26859,0.054952,-0.061647,-0.076874,-0.014809,0.10418,0.27515,0.49101,0.70841,0.84109,0.81304,0.62232,0.3353,0.039485,-0.20073,-0.35553,-0.43594,-0.47644,-0.508,-0.52614,-0.49729,-0.38719,-0.19476,0.051048,0.30853,0.54515,0.74258,0.89064,0.98275,1.0128,0.97911,0.88856,0.75666,0.60253,0.44176,0.28177,0.12441,-0.02846,-0.16704,-0.27178,-0.32108,-0.30285,-0.22473,-0.11093,0.0025265,0.075108,0.069643,-0.039606,-0.25897,-0.57093,-0.92983,-1.266,-1.5044,-1.5913,-1.514,-1.299,-0.99578,-0.65749,-0.32962,-0.040865,0.19497,0.37646
1.038,1.479,1.5964,1.2011,0.55879,0.055196,-0.13851,-0.084618,0.081113,0.26321,0.43891,0.62368,0.81143,0.95926,1.0127,0.93936,0.74175,0.45875,0.16065,-0.07383,-0.19732,-0.21358,-0.15302,-0.033122,0.15215,0.40489,0.67589,0.85906,0.85768,0.66312,0.35182,0.023706,-0.24227,-0.40962,-0.48753,-0.51712,-0.53463,-0.53937,-0.49274,-0.35798,-0.13283,0.14781,0.4372,0.69902,0.91339,1.0718,1.1706,1.2071,1.1823,1.1035,0.98537,0.84431,0.69223,0.53373,0.36616,0.1888,0.011753,-0.14097,-0.23906,-0.26118,-0.20781,-0.10435,0.0076164,0.081122,0.075218,-0.035692,-0.25559,-0.5622,-0.90817,-1.2268,-1.4493,-1.5277,-1.4508,-1.2434,-0.95161,-0.6256,-0.30775,-0.026818,0.20399,0.38352
1.1034,1.5601,1.7079,1.3358,0.70153,0.20071,0.017688,0.10096,0.30271,0.50436,0.66872,0.81563,0.95668,1.0597,1.0719,0.95579,0.71222,0.38558,0.05557,-0.19398,-0.31934,-0.33366,-0.2736,-0.15203,0.050861,0.34699,0.67861,0.91367,0.9331,0.72369,0.37237,-0.0035243,-0.30735,-0.49135,-0.56305,-0.57166,-0.56367,-0.54324,-0.47223,-0.30896,-0.049831,0.26883,0.59529,0.88827,1.1242,1.2957,1.4021,1.4461,1.4341,1.3737,1.278,1.1596,1.026,0.8761,0.70287,0.50011,0.27547,0.057411,-0.1118,-0.1969,-0.18628,-0.10407,0.0027134,0.080378,0.084058,-0.011768,-0.20808,-0.48067,-0.78328,-1.0576,-1.2484,-1.3189,-1.2596,-1.0865,-0.8337,-0.54201,-0.25068,0.012998,0.23375,0.40775
1.151,1.6197,1.7934,1.4463,0.82923,0.33653,0.16051,0.25678,0.47107,0.67189,0.81484,0.92492,1.0276,1.1001,1.0897,0.95551,0.69492,0.35246,0.012253,-0.23835,-0.35898,-0.36911,-0.30694,-0.1819,0.033654,0.35516,0.72013,0.9807,1.0062,0.77991,0.39379,-0.021866,-0.35861,-0.55689,-0.62324,-0.61194,-0.58025,-0.53888,-0.45128,-0.27295,0.0032779,0.34236,0.69117,1.0044,1.2554,1.4355,1.5461,1.5953,1.5935,1.551,1.4782,1.3829,1.2678,1.1281,0.9534,0.7356,0.48049,0.21705,-0.0067906,-0.14324,-0.1746,-0.11665,-0.016909,0.066373,0.084447,0.011242,-0.15152,-0.38072,-0.63432,-0.8648,-1.0295,-1.0987,-1.0605,-0.92213,-0.70767,-0.45088,-0.18662,0.0582,0.26733,0.43509
1.2133,1.6983,1.9102,1.6053,1.0224,0.54756,0.3776,0.47544,0.68498,0.86334,0.96138,1.0145,1.0642,1.101,1.0745,0.93655,0.67709,0.33825,0.0051776,-0.23442,-0.34296,-0.34361,-0.2748,-0.14114,0.089918,0.43522,0.8245,1.0982,1.1165,0.86133,0.42926,-0.038294,-0.41841,-0.63853,-0.70112,-0.66663,-0.60483,-0.53691,-0.43118,-0.24092,0.046818,0.40174,0.77085,1.1058,1.3761,1.5696,1.6898,1.7491,1.7628,1.7455,1.7052,1.644,1.5575,1.4361,1.2633,1.0286,0.7375,0.42115,0.13287,-0.072506,-0.1606,-0.14228,-0.062348,0.020822,0.058188,0.024238,-0.080563,-0.23461,-0.40835,-0.57174,-0.69818,-0.76515,-0.7565,-0.66753,-0.50839,-0.30237,-0.078267,0.13824,0.32898,0.48515
1.274,1.7749,2.0285,1.7734,1.2351,0.78368,0.61357,0.69612,0.87692,1.0099,1.0477,1.0356,1.032,1.0412,1.0142,0.89494,0.66326,0.35506,0.051064,-0.16535,-0.2585,-0.24944,-0.17255,-0.028572,0.21511,0.57182,0.96352,1.2285,1.2247,0.93611,0.46354,-0.048806,-0.46737,-0.71223,-0.7777,-0.72807,-0.64093,-0.55138,-0.43529,-0.24646,0.039404,0.40006,0.78651,1.1451,1.4364,1.646,1.7769,1.8463,1.8764,1.8824,1.8708,1.8393,1.7795,1.6764,1.5127,1.2745,0.96327,0.60758,0.2627,-0.0061927,-0.15702,-0.18697,-0.13481,-0.057913,-0.0052483,-0.00098572,-0.043737,-0.11827,-0.2071,-0.29843,-0.38146,-0.4399,-0.45323,-0.40577,-0.29565,-0.13693,0.048082,0.23483,0.40481,0.54785
1.3178,1.8307,2.1163,1.9026,1.4013,0.9695,0.7952,0.85469,1.0008,1.0875,1.0711,1.0058,0.963,0.95743,0.93981,0.84783,0.6529,0.38244,0.11094,-0.082501,-0.16354,-0.1494,-0.068158,0.081888,0.33182,0.68912,1.0729,1.3207,1.2942,0.97912,0.47825,-0.06183,-0.50479,-0.76588,-0.83552,-0.77948,-0.68025,-0.58176,-0.46524,-0.28334,-0.0040109,0.36132,0.76291,1.1407,1.4496,1.6686,1.8036,1.8773,1.9155,1.937,1.946,1.9363,1.8951,1.806,1.6497,1.4107,1.0899,0.7153,0.3419,0.034249,-0.15756,-0.22592,-0.20318,-0.14098,-0.084072,-0.054657,-0.052909,-0.069131,-0.097161,-0.13687,-0.18569,-0.23061,-0.24992,-0.22322,-0.14179,-0.011649,0.14741,0.314,0.46997,0.60411
1.3731,1.9017,2.2293,2.0731,1.6241,1.2176,1.0322,1.0502,1.1346,1.1479,1.0497,0.90922,0.81694,0.79847,0.80591,0.76623,0.63554,0.42872,0.20911,0.048031,-0.019138,-0.0010897,0.082983,0.23765,0.49028,0.83918,1.2006,1.4135,1.3484,0.99725,0.464,-0.10107,-0.56409,-0.83722,-0.91274,-0.8531,-0.74826,-0.6479,-0.54076,-0.37433,-0.10479,0.2672,0.69138,1.0982,1.4314,1.665,1.805,1.8786,1.9189,1.9475,1.9697,1.9767,1.9534,1.8807,1.7387,1.5107,1.1944,0.8137,0.41993,0.076979,-0.1632,-0.28374,-0.30684,-0.27508,-0.22591,-0.17648,-0.12548,-0.073506,-0.025713,0.0026306,0.0024547,-0.017832,-0.034614,-0.021573,0.037325,0.14192,0.27792,0.4263,0.56896,0.69347
1.4105,1.95,2.3092,2.1952,1.7856,1.3978,1.2007,1.1814,1.2122,1.1633,0.99994,0.80123,0.67251,0.65005,0.68468,0.6926,0.61813,0.46436,0.28477,0.14592,0.085924,0.10421,0.18865,0.34552,0.59617,0.93215,1.2664,1.4442,1.3446,0.96745,0.42009,-0.14998,-0.61313,-0.88803,-0.96805,-0.9133,-0.81214,-0.7169,-0.61903,-0.46389,-0.19853,0.18114,0.62444,1.0538,1.4042,1.6462,1.7851,1.8511,1.882,1.9048,1.9262,1.9372,1.9215,1.8596,1.7301,1.5166,1.2153,0.8458,0.45411,0.10088,-0.16598,-0.32539,-0.38994,-0.39073,-0.356,-0.29847,-0.21995,-0.1229,-0.02576,0.047064,0.081383,0.083969,0.078914,0.094329,0.14897,0.24573,0.37327,0.5135,0.64895,0.76729
1.4529,2.006,2.4052,2.346,1.9865,1.6209,1.4073,1.3347,1.2893,1.1519,0.89961,0.6228,0.44746,0.42571,0.50457,0.58303,0.58721,0.50336,0.37288,0.25798,0.20225,0.21685,0.29895,0.45527,0.69831,1.0092,1.2975,1.4207,1.2731,0.8662,0.31295,-0.24537,-0.68861,-0.95083,-1.0304,-0.98858,-0.90319,-0.82365,-0.73847,-0.59143,-0.32429,0.072164,0.54237,0.99948,1.3696,1.6166,1.744,1.7851,1.785,1.779,1.7819,1.7872,1.7769,1.7287,1.6212,1.4345,1.1631,0.82351,0.45495,0.10665,-0.17595,-0.37225,-0.48633,-0.53535,-0.53313,-0.48203,-0.37977,-0.23912,-0.088136,0.037271,0.11564,0.15127,0.16887,0.19858,0.26143,0.36173,0.49054,0.63011,0.76306,0.87706
1.4844,2.0478,2.4844,2.4765,2.1636,1.8181,1.5864,1.4612,1.3394,1.115,0.77575,0.42671,0.21048,0.19313,0.31973,0.4695,0.54651,0.52284,0.43151,0.33254,0.27547,0.28224,0.35849,0.51101,0.74223,1.0225,1.2602,1.3251,1.1297,0.69871,0.15036,-0.37711,-0.77879,-1.0058,-1.0718,-1.0371,-0.97166,-0.91333,-0.84466,-0.70381,-0.42872,-0.011409,0.4865,0.96839,1.3515,1.5951,1.6998,1.7009,1.6505,1.595,1.5575,1.5368,1.5171,1.4776,1.3949,1.2493,1.0296,0.74286,0.41713,0.094053,-0.19026,-0.41323,-0.56966,-0.66278,-0.69243,-0.65179,-0.53859,-0.36864,-0.1815,-0.020105,0.091235,0.15654,0.20099,0.25496,0.33922,0.45734,0.59964,0.7474,0.88319,0.9956
1.4991,2.0685,2.5304,2.5582,2.2763,1.9445,1.7007,1.5391,1.3641,1.0786,0.6807,0.28451,0.042139,0.029954,0.18872,0.38441,0.50634,0.51766,0.44717,0.35469,0.2938,0.29357,0.36484,0.51331,0.73398,0.99028,1.1903,1.2117,0.98081,0.53522,-0.00077661,-0.49152,-0.84647,-1.0343,-1.0823,-1.0498,-0.99906,-0.95694,-0.89972,-0.76113,-0.47813,-0.044427,0.47184,0.96712,1.3544,1.5891,1.6706,1.6344,1.5363,1.4306,1.3498,1.2992,1.2665,1.2317,1.17,1.0585,0.88144,0.63973,0.35445,0.05947,-0.21241,-0.44011,-0.61429,-0.72987,-0.77748,-0.74412,-0.62629,-0.44515,-0.24426,-0.068984,0.056478,0.13739,0.19992,0.27436,0.38016,0.51879,0.67756,0.83667,0.97841,1.0919
1.5027,2.0779,2.5711,2.6416,2.3972,2.0811,1.8234,1.6212,1.3843,1.031,0.57141,0.12718,-0.13974,-0.14696,0.042447,0.27927,0.43979,0.47941,0.42333,0.33153,0.26323,0.2556,0.32319,0.4675,0.67502,0.9005,1.0519,1.0178,0.74416,0.28651,-0.2201,-0.64692,-0.92439,-1.0487,-1.0633,-1.0295,-0.99531,-0.97354,-0.92846,-0.79033,-0.49725,-0.046568,0.48622,0.99176,1.3794,1.5992,1.6478,1.5588,1.3908,1.2075,1.0552,0.95157,0.89123,0.85635,0.82112,0.75641,0.63879,0.4602,0.23252,-0.018026,-0.26317,-0.48166,-0.65896,-0.78125,-0.831,-0.7924,-0.66597,-0.47896,-0.27815,-0.10606,0.018853,0.10695,0.1868,0.28777,0.42541,0.59583,0.78078,0.95819,1.1099,1.2263
1.4853,2.0634,2.5848,2.694,2.4815,2.1791,1.9124,1.6775,1.3951,0.99479,0.49665,0.026547,-0.25226,-0.2589,-0.060674,0.18824,0.35895,0.40159,0.34034,0.23937,0.16374,0.15426,0.22531,0.37253,0.5737,0.77512,0.8852,0.80413,0.49564,0.033966,-0.43602,-0.79181,-0.98368,-1.0343,-1.0055,-0.96076,-0.93941,-0.93719,-0.90708,-0.77237,-0.47297,-0.013334,0.52741,1.0374,1.4223,1.6308,1.6532,1.5187,1.2862,1.025,0.79366,0.6247,0.52386,0.47692,0.45764,0.43083,0.36417,0.24123,0.067326,-0.13662,-0.34442,-0.53395,-0.68696,-0.78479,-0.80765,-0.74332,-0.59901,-0.41286,-0.22921,-0.082753,0.019179,0.096654,0.18307,0.30628,0.4753,0.67929,0.89199,1.0878,1.2484,1.3658
1.4569,2.0345,2.5758,2.7117,2.5201,2.2267,1.9557,1.7033,1.3982,0.97833,0.46852,-0.0042933,-0.28345,-0.29487,-0.10619,0.13101,0.28879,0.3161,0.23821,0.12393,0.043128,0.037685,0.11848,0.27538,0.47878,0.6708,0.75993,0.65331,0.32559,-0.13473,-0.57622,-0.87979,-1.01,-1.007,-0.944,-0.88767,-0.87196,-0.88286,-0.86395,-0.73384,-0.43385,0.028485,0.57114,1.0816,1.4652,1.6671,1.6751,1.5149,1.2432,0.9337,0.65147,0.43677,0.3013,0.23492,0.21104,0.19366,0.14849,0.05583,-0.083193,-0.25217,-0.42587,-0.58262,-0.70189,-0.76274,-0.74663,-0.64786,-0.48553,-0.29821,-0.13122,-0.012527,0.060328,0.11697,0.19712,0.32968,0.51939,0.74586,0.9798,1.1911,1.3595,1.4769
1.3965,1.9711,2.5368,2.706,2.5391,2.2569,1.9826,1.7163,1.3955,0.96952,0.46699,0.0098082,-0.26049,-0.28587,-0.13002,0.067118,0.18179,0.16666,0.052229,-0.086379,-0.17353,-0.16667,-0.062091,0.11915,0.33778,0.53152,0.60948,0.48576,0.14685,-0.30459,-0.71054,-0.95522,-1.0187,-0.95655,-0.8523,-0.77687,-0.7606,-0.78435,-0.78025,-0.66295,-0.36991,0.089461,0.63302,1.1464,1.5321,1.7331,1.7327,1.5528,1.2487,0.89384,0.55923,0.29125,0.10644,-0.0029715,-0.057113,-0.088376,-0.12929,-0.20129,-0.30727,-0.43292,-0.55845,-0.65934,-0.71313,-0.70072,-0.61233,-0.45644,-0.263,-0.078724,0.0573,0.12993,0.15713,0.18224,0.25251,0.39552,0.6074,0.85951,1.1126,1.3335,1.5031,1.6167
1.3333,1.9038,2.4876,2.6806,2.5304,2.2557,1.9809,1.71,1.3876,0.96926,0.48709,0.053983,-0.2062,-0.24616,-0.12626,0.024748,0.091215,0.030509,-0.1216,-0.28321,-0.37405,-0.35251,-0.22177,-0.013282,0.22681,0.43293,0.51685,0.39507,0.061502,-0.37888,-0.76363,-0.97815,-1.007,-0.9109,-0.77997,-0.68865,-0.66968,-0.70087,-0.70961,-0.60439,-0.31969,0.13533,0.67782,1.193,1.5829,1.7886,1.7911,1.6092,1.2959,0.9245,0.56683,0.26951,0.048353,-0.10202,-0.1992,-0.26625,-0.32727,-0.39982,-0.48817,-0.58371,-0.66646,-0.71542,-0.71002,-0.63489,-0.48752,-0.2861,-0.068958,0.1143,0.22929,0.26939,0.26285,0.26231,0.32052,0.46508,0.68759,0.95216,1.2153,1.4426,1.6143,1.7251
1.2253,1.7878,2.3965,2.6208,2.4919,2.226,1.9515,1.6804,1.3654,0.97033,0.52897,0.13842,-0.10585,-0.16885,-0.10665,-0.032182,-0.045787,-0.18121,-0.39469,-0.59295,-0.68628,-0.63531,-0.45727,-0.19929,0.082212,0.3201,0.42849,0.32837,0.014488,-0.40757,-0.77446,-0.96844,-0.9717,-0.84614,-0.68784,-0.57738,-0.5528,-0.59026,-0.61427,-0.52496,-0.25408,0.19306,0.73215,1.2492,1.6466,1.863,1.8771,1.7044,1.3951,1.0208,0.65029,0.3266,0.061586,-0.15079,-0.32069,-0.45574,-0.56341,-0.65145,-0.72429,-0.77824,-0.80174,-0.77833,-0.69072,-0.53,-0.30495,-0.046436,0.19829,0.38055,0.47087,0.47294,0.42735,0.39793,0.44341,0.58959,0.8208,1.0945,1.3622,1.5879,1.7529,1.8539
1.0909,1.6436,2.2793,2.5356,2.4266,2.1679,1.8932,1.6254,1.3245,0.96224,0.56983,0.22454,-0.00081827,-0.087431,-0.085585,-0.093404,-0.19727,-0.41974,-0.70507,-0.94506,-1.0387,-0.94997,-0.71379,-0.3953,-0.060411,0.22348,0.37314,0.31214,0.031343,-0.36821,-0.72522,-0.91819,-0.91896,-0.7858,-0.61339,-0.48804,-0.4516,-0.48622,-0.51684,-0.44293,-0.1896,0.24269,0.77464,1.2926,1.6969,1.9252,1.9534,1.7958,1.5014,1.1379,0.76936,0.43101,0.12847,-0.14496,-0.39199,-0.60452,-0.77048,-0.88307,-0.94319,-0.95407,-0.91296,-0.81246,-0.64367,-0.4061,-0.11721,0.18483,0.4486,0.62864,0.70021,0.6751,0.6029,0.55445,0.59082,0.73531,0.96758,1.2403,1.5047,1.7246,1.8815,1.9721
0.97405,1.5191,2.1766,2.4575,2.3632,2.1085,1.8336,1.5679,1.279,0.94373,0.58752,0.27476,0.0627,-0.037935,-0.076834,-0.1442,-0.31668,-0.60842,-0.95279,-1.2271,-1.32,-1.1992,-0.91525,-0.54799,-0.16928,0.15446,0.34312,0.32034,0.071901,-0.30778,-0.66134,-0.86329,-0.87621,-0.74976,-0.57416,-0.43843,-0.38895,-0.41485,-0.44461,-0.37906,-0.13971,0.27776,0.79865,1.3114,1.7164,1.9509,1.9902,1.847,1.5672,1.2155,0.85025,0.50211,0.17377,-0.14131,-0.44127,-0.70653,-0.91047,-1.0357,-1.0819,-1.0576,-0.96974,-0.81648,-0.594,-0.3079,0.01803,0.34174,0.61405,0.78929,0.84865,0.80963,0.72666,0.67303,0.70881,0.85368,1.0837,1.3518,1.6075,1.816,1.9608,2.0407
0.79997,1.3351,2.0247,2.3396,2.2648,2.0138,1.7374,1.4719,1.1978,0.89532,0.58232,0.3074,0.11263,-6.6939e-05,-0.082425,-0.21875,-0.47747,-0.86166,-1.2878,-1.6104,-1.7016,-1.536,-1.1875,-0.7558,-0.31952,0.058374,0.30239,0.33542,0.13561,-0.21425,-0.56367,-0.78419,-0.82484,-0.71818,-0.54543,-0.39544,-0.3235,-0.32853,-0.34878,-0.28888,-0.069636,0.3215,0.81793,1.3139,1.7123,1.9496,2,1.8737,1.612,1.2739,0.91131,0.5503,0.19173,-0.17003,-0.52688,-0.84674,-1.0861,-1.2143,-1.2303,-1.1547,-1.0044,-0.78955,-0.51368,-0.18628,0.16795,0.50785,0.78345,0.95623,1.0097,0.96435,0.87686,0.82146,0.85672,0.99933,1.2231,1.4797,1.7216,1.9156,2.0463,2.1131
0.65983,1.1874,1.9028,2.2456,2.1844,1.9356,1.6556,1.3887,1.122,0.8391,0.55235,0.30043,0.11773,0.00071522,-0.10401,-0.28069,-0.59441,-1.0416,-1.5264,-1.8852,-1.9767,-1.7806,-1.3884,-0.9139,-0.43813,-0.022217,0.26225,0.33654,0.17442,-0.15088,-0.496,-0.73135,-0.79612,-0.70892,-0.54229,-0.38233,-0.29009,-0.27093,-0.27555,-0.21476,-0.012104,0.35197,0.82085,1.2961,1.6832,1.9183,1.9732,1.8559,1.6048,1.2729,0.90998,0.53936,0.16058,-0.23018,-0.61902,-0.96493,-1.2126,-1.3264,-1.3105,-1.1953,-1.0074,-0.75969,-0.45656,-0.10862,0.25769,0.60086,0.87512,1.0417,1.0899,1.0438,0.96092,0.9126,0.95276,1.0947,1.312,1.5578,1.7873,1.9693,2.0891,2.1462
0.46455,0.98348,1.7362,2.1161,2.0726,1.8266,1.539,1.2661,1.0036,0.73801,0.47587,0.24655,0.077328,-0.037948,-0.15797,-0.36988,-0.73698,-1.2501,-1.802,-2.2082,-2.3073,-2.0804,-1.6404,-1.1191,-0.60095,-0.14375,0.18567,0.30901,0.19423,-0.096818,-0.43156,-0.68201,-0.77957,-0.7238,-0.56977,-0.39589,-0.26602,-0.20248,-0.17072,-0.10189,0.077071,0.39344,0.81051,1.2447,1.6061,1.831,1.889,1.7827,1.5433,1.2174,0.84728,0.45604,0.048453,-0.37285,-0.78494,-1.1366,-1.3674,-1.4446,-1.382,-1.2188,-0.99228,-0.71599,-0.3946,-0.037755,0.33002,0.66951,0.93619,1.0969,1.1427,1.1003,1.0277,0.99287,1.0434,1.187,1.396,1.6267,1.8386,2.0037,2.1094,2.1562
0.26819,0.78085,1.5711,1.9872,1.9603,1.7144,1.4193,1.1366,0.87026,0.60947,0.35869,0.142,-0.014045,-0.11846,-0.23507,-0.45727,-0.8513,-1.4063,-2.0072,-2.4538,-2.5677,-2.3275,-1.8595,-1.3084,-0.76471,-0.28205,0.078399,0.23947,0.16369,-0.095543,-0.41531,-0.67224,-0.79387,-0.76456,-0.62119,-0.43013,-0.2584,-0.14268,-0.069977,0.011439,0.16751,0.43389,0.79227,1.1749,1.4998,1.7043,1.7553,1.6521,1.4199,1.0971,0.72108,0.31383,-0.11533,-0.55413,-0.97029,-1.3065,-1.5019,-1.5321,-1.4232,-1.2248,-0.97336,-0.68391,-0.35949,-0.0077398,0.34895,0.67399,0.9273,1.0774,1.1212,1.0877,1.0326,1.0171,1.0803,1.2256,1.4263,1.6431,1.8397,1.9919,2.0883,2.129
0.12592,0.6347,1.4526,1.893,1.8779,1.6323,1.3306,1.0396,0.76624,0.50131,0.24909,0.03515,-0.11225,-0.20181,-0.30333,-0.51713,-0.91339,-1.4815,-2.103,-2.5701,-2.6967,-2.4597,-1.9895,-1.4345,-0.88604,-0.39579,-0.023088,0.15612,0.10185,-0.13539,-0.43967,-0.6943,-0.82505,-0.80942,-0.6708,-0.46573,-0.2623,-0.1056,8.8225e-06,0.094887,0.23599,0.4651,0.77477,1.1111,1.4019,1.5856,1.6292,1.5283,1.3016,0.9825,0.60212,0.18302,-0.25888,-0.70154,-1.1068,-1.4147,-1.5724,-1.5677,-1.4349,-1.2223,-0.9659,-0.67752,-0.35864,-0.016077,0.32851,0.63971,0.8793,1.0204,1.0615,1.0335,0.99093,0.99014,1.0643,1.213,1.4097,1.6182,1.8056,1.9499,2.0413,2.0804
-0.048527,0.45597,1.3057,1.775,1.7723,1.5267,1.2196,0.91821,0.63091,0.35044,0.083613,-0.13616,-0.27198,-0.33336,-0.40036,-0.58462,-0.96171,-1.5212,-2.1434,-2.6204,-2.764,-2.5481,-2.1009,-1.5688,-1.0386,-0.55822,-0.18502,0.0055947,-0.026298,-0.2353,-0.51378,-0.75596,-0.89109,-0.8875,-0.75064,-0.52344,-0.27379,-0.06166,0.089579,0.20225,0.3245,0.50212,0.74339,1.014,1.2546,1.4082,1.4401,1.3405,1.1216,0.80746,0.42616,0.0024565,-0.44016,-0.87115,-1.2433,-1.504,-1.6154,-1.5792,-1.4327,-1.2204,-0.9687,-0.68845,-0.38242,-0.05845,0.26272,0.54856,0.76504,0.88938,0.92503,0.90422,0.87864,0.89743,0.98595,1.1395,1.3323,1.5326,1.7112,1.8494,1.9388,1.9796
-0.19811,0.30221,1.176,1.6656,1.6716,1.4279,1.1187,0.81127,0.5089,0.20419,-0.089712,-0.32533,-0.45086,-0.47621,-0.49561,-0.63357,-0.96979,-1.4932,-2.0866,-2.5514,-2.7102,-2.5343,-2.1378,-1.6563,-1.1693,-0.72148,-0.36677,-0.17811,-0.19499,-0.37782,-0.62751,-0.84843,-0.97658,-0.9731,-0.83023,-0.57749,-0.28382,-0.02306,0.16575,0.29061,0.39501,0.52545,0.70364,0.91035,1.0982,1.2173,1.234,1.1362,0.92901,0.63036,0.26127,-0.15339,-0.58242,-0.9839,-1.3113,-1.5197,-1.5909,-1.5409,-1.4058,-1.216,-0.98788,-0.72608,-0.4347,-0.12695,0.17203,0.42997,0.61722,0.71937,0.74438,0.72622,0.71308,0.74678,0.84571,1.0023,1.1923,1.3866,1.5614,1.699,1.7913,1.8384
-0.28895,0.2073,1.0913,1.5893,1.5985,1.3574,1.0507,0.74333,0.43215,0.10539,-0.21548,-0.46826,-0.58868,-0.58483,-0.56207,-0.6575,-0.95202,-1.4327,-1.9871,-2.4305,-2.5989,-2.4618,-2.1186,-1.6889,-1.2469,-0.83441,-0.50403,-0.32583,-0.33778,-0.50283,-0.72896,-0.92894,-1.042,-1.0294,-0.87603,-0.60713,-0.28964,-0.0023992,0.20649,0.33845,0.43132,0.53239,0.66837,0.8293,0.97751,1.07,1.0752,0.97992,0.78592,0.50333,0.15032,-0.24701,-0.65217,-1.0209,-1.3058,-1.4769,-1.5312,-1.4891,-1.3775,-1.2159,-1.0092,-0.76042,-0.47819,-0.18183,0.099718,0.33456,0.49833,0.5791,0.59209,0.57274,0.56604,0.60776,0.71113,0.86683,1.0523,1.2426,1.4143,1.5527,1.6505,1.7073
-0.37746,0.10911,0.99424,1.493,1.5021,1.2662,0.96961,0.66991,0.35296,-0.0021921,-0.36378,-0.64458,-0.76276,-0.72252,-0.64293,-0.67495,-0.90245,-1.3117,-1.7981,-2.1999,-2.3765,-2.2971,-2.0368,-1.691,-1.3215,-0.9658,-0.67515,-0.51651,-0.52747,-0.67216,-0.86808,-1.037,-1.1222,-1.0872,-0.91417,-0.62574,-0.28733,0.019662,0.2431,0.37768,0.45629,0.5229,0.60841,0.7132,0.81178,0.8704,0.86305,0.77534,0.60266,0.34974,0.029564,-0.33111,-0.69243,-1.008,-1.2404,-1.3733,-1.4172,-1.3954,-1.3254,-1.2093,-1.039,-0.8121,-0.5406,-0.2531,0.012745,0.22221,0.35429,0.40698,0.40088,0.37319,0.36509,0.40607,0.50493,0.652,0.82749,1.0092,1.1786,1.3217,1.431,1.5046
-0.41771,0.057399,0.93199,1.4225,1.428,1.1974,0.91331,0.62788,0.31251,-0.059365,-0.45045,-0.75637,-0.87588,-0.81242,-0.69371,-0.67728,-0.84991,-1.2001,-1.6306,-1.9959,-2.1744,-2.1373,-1.9423,-1.6655,-1.3564,-1.0472,-0.78584,-0.64095,-0.65135,-0.78411,-0.96137,-1.1074,-1.1698,-1.1136,-0.92367,-0.6227,-0.27689,0.03361,0.25699,0.38693,0.45345,0.49877,0.5542,0.6246,0.69109,0.72768,0.71162,0.62923,0.47424,0.24592,-0.044079,-0.36951,-0.69052,-0.96406,-1.1584,-1.2694,-1.3155,-1.3184,-1.2855,-1.2048,-1.0609,-0.84697,-0.57919,-0.29425,-0.036653,0.15672,0.2689,0.30098,0.27906,0.24189,0.22778,0.26133,0.34833,0.47999,0.64032,0.81277,0.97813,1.125,1.2449,1.3337
-0.43733,0.016172,0.86052,1.3271,1.3226,1.1002,0.84204,0.58607,0.28414,-0.10064,-0.52465,-0.86363,-0.99221,-0.906,-0.74168,-0.66527,-0.76554,-1.0353,-1.3905,-1.7082,-1.8871,-1.9002,-1.7875,-1.6016,-1.3723,-1.1222,-0.89685,-0.76718,-0.77689,-0.89859,-1.0564,-1.1765,-1.2102,-1.1249,-0.91193,-0.59773,-0.25106,0.051316,0.26184,0.37754,0.42719,0.4502,0.47491,0.50868,0.54074,0.55267,0.52844,0.45544,0.32378,0.12982,-0.11787,-0.39397,-0.66015,-0.87818,-1.0294,-1.121,-1.1774,-1.2166,-1.2328,-1.1992,-1.0856,-0.88415,-0.61758,-0.33253,-0.080501,0.10019,0.19322,0.20946,0.1749,0.1247,0.091634,0.097559,0.15061,0.24773,0.37904,0.53095,0.69012,0.84226,0.97656,1.0863
-0.4198,0.0030606,0.79853,1.2269,1.2063,0.99294,0.76875,0.55285,0.27919,-0.10253,-0.54788,-0.91363,-1.056,-0.9601,-0.76305,-0.63529,-0.67065,-0.8672,-1.1533,-1.4273,-1.6066,-1.6646,-1.6242,-1.5168,-1.3571,-1.1555,-0.95613,-0.83455,-0.84388,-0.96166,-1.111,-1.2165,-1.2279,-1.116,-0.87956,-0.55491,-0.21403,0.070708,0.25898,0.35391,0.38559,0.39063,0.39512,0.40623,0.41699,0.41517,0.38766,0.32272,0.20935,0.042683,-0.16795,-0.39661,-0.60784,-0.77348,-0.88641,-0.96623,-1.0407,-1.1212,-1.1885,-1.1996,-1.1152,-0.92218,-0.64913,-0.35341,-0.095761,0.082352,0.16964,0.17715,0.13497,0.075005,0.022255,-0.0073267,-0.0039478,0.038451,0.12168,0.24152,0.38593,0.54113,0.69182,0.82596
-0.3858,0.0091771,0.7569,1.1475,1.1094,0.90262,0.70712,0.52884,0.28632,-0.081389,-0.52963,-0.90815,-1.0613,-0.96657,-0.75763,-0.60195,-0.59702,-0.7462,-0.98712,-1.2322,-1.4114,-1.4995,-1.5074,-1.4515,-1.3333,-1.157,-0.9663,-0.84441,-0.85248,-0.97354,-1.1265,-1.2312,-1.2327,-1.1038,-0.84971,-0.51776,-0.18243,0.086906,0.25818,0.33807,0.35716,0.35082,0.34342,0.34423,0.34854,0.34506,0.32029,0.26038,0.15547,0.001967,-0.1865,-0.38301,-0.55647,-0.68675,-0.77739,-0.85441,-0.94578,-1.0572,-1.16,-1.2035,-1.1368,-0.94864,-0.67208,-0.36934,-0.1037,0.082799,0.17624,0.19219,0.15457,0.088701,0.014998,-0.05016,-0.091898,-0.096924,-0.056279,0.030959,0.1594,0.31295,0.47415,0.62734
-0.31804,0.035537,0.70671,1.0346,0.96415,0.76501,0.61066,0.49136,0.30218,-0.028932,-0.46129,-0.84132,-1.0074,-0.9255,-0.71699,-0.54294,-0.49967,-0.59816,-0.79027,-1.0054,-1.1863,-1.309,-1.3723,-1.372,-1.2927,-1.1311,-0.93673,-0.80787,-0.81851,-0.95308,-1.1255,-1.242,-1.2391,-1.0903,-0.81345,-0.46833,-0.13718,0.11475,0.26281,0.32146,0.32524,0.30923,0.29698,0.29669,0.30349,0.3056,0.28812,0.23514,0.13584,-0.0080866,-0.17851,-0.34447,-0.47695,-0.56651,-0.63014,-0.70388,-0.81808,-0.97282,-1.1281,-1.2163,-1.1805,-1.0018,-0.71675,-0.39608,-0.11041,0.09541,0.20927,0.243,0.21734,0.15066,0.055813,-0.054426,-0.16166,-0.24189,-0.27154,-0.23667,-0.13692,0.012896,0.18915,0.36814
-0.23008,0.079446,0.6624,0.91305,0.80184,0.60566,0.49459,0.4406,0.31861,0.043442,-0.35048,-0.71498,-0.88851,-0.83019,-0.64156,-0.46811,-0.40526,-0.47131,-0.63019,-0.8261,-1.0124,-1.1644,-1.2699,-1.3097,-1.253,-1.0913,-0.88184,-0.73921,-0.75187,-0.90652,-1.1089,-1.2497,-1.2525,-1.0903,-0.79229,-0.43238,-0.10077,0.13946,0.27047,0.31403,0.30893,0.29135,0.28436,0.29459,0.31538,0.33247,0.32609,0.27713,0.17598,0.029654,-0.1348,-0.28088,-0.38183,-0.43847,-0.48224,-0.5586,-0.69911,-0.89736,-1.1025,-1.2379,-1.2315,-1.0647,-0.7766,-0.442,-0.1344,0.099261,0.24392,0.30699,0.30306,0.24192,0.12957,-0.023286,-0.19413,-0.34926,-0.45191,-0.47383,-0.40857,-0.2683,-0.080884,0.12256
-0.15423,0.1219,0.63324,0.81931,0.67019,0.47193,0.39357,0.39133,0.32749,0.10551,-0.24619,-0.58685,-0.76275,-0.72677,-0.56266,-0.40282,-0.33825,-0.39203,-0.53738,-0.72741,-0.92059,-1.0915,-1.2216,-1.2818,-1.2325,-1.0631,-0.83649,-0.68051,-0.69345,-0.86513,-1.0935,-1.2569,-1.2692,-1.1019,-0.79097,-0.42185,-0.088014,0.14759,0.27371,0.31415,0.30951,0.29579,0.29667,0.31948,0.35624,0.38873,0.39192,0.34395,0.23714,0.083533,-0.081512,-0.21813,-0.3023,-0.34147,-0.37549,-0.45521,-0.61336,-0.84181,-1.085,-1.2566,-1.28,-1.1277,-0.83826,-0.49049,-0.16269,0.095099,0.26581,0.35396,0.36766,0.31103,0.18668,0.0053341,-0.20746,-0.41242,-0.56508,-0.62953,-0.58952,-0.45819,-0.26619,-0.048823
-0.045244,0.1883,0.60241,0.69464,0.48536,0.27845,0.23917,0.30923,0.32979,0.19132,-0.089814,-0.38729,-0.56123,-0.55719,-0.43465,-0.30666,-0.25611,-0.31045,-0.45259,-0.64491,-0.85146,-1.0459,-1.2013,-1.2775,-1.2266,-1.0377,-0.78512,-0.61131,-0.62565,-0.82002,-1.081,-1.2746,-1.3021,-1.1335,-0.81128,-0.43317,-0.096341,0.13782,0.26375,0.30877,0.31425,0.31562,0.33541,0.38068,0.44171,0.49582,0.51315,0.46768,0.35185,0.18535,0.01057,-0.12551,-0.19833,-0.2232,-0.24924,-0.3342,-0.51328,-0.77622,-1.0625,-1.2795,-1.3405,-1.2121,-0.92954,-0.57242,-0.22236,0.066181,0.27114,0.39059,0.42729,0.38003,0.24776,0.039735,-0.21732,-0.47944,-0.69314,-0.80933,-0.8044,-0.68465,-0.4836,-0.24455
0.039339,0.24588,0.58744,0.6053,0.34393,0.12383,0.11148,0.23544,0.32265,0.25331,0.033412,-0.22694,-0.39579,-0.41486,-0.32825,-0.23172,-0.20201,-0.26822,-0.41787,-0.61852,-0.8378,-1.0489,-1.22,-1.302,-1.2431,-1.0336,-0.7582,-0.57077,-0.58767,-0.79751,-1.0824,-1.2972,-1.3362,-1.1682,-0.84318,-0.46161,-0.12506,0.10981,0.23781,0.29125,0.3113,0.33252,0.37503,0.44269,0.52347,0.59195,0.61573,0.56874,0.44493,0.26865,0.086765,-0.051769,-0.12327,-0.14508,-0.17137,-0.2614,-0.45192,-0.73369,-1.0456,-1.2913,-1.3811,-1.2738,-1.0005,-0.6404,-0.27751,0.030429,0.25745,0.39697,0.44772,0.40581,0.26908,0.046816,-0.23362,-0.52646,-0.77422,-0.92186,-0.93734,-0.82501,-0.62011,-0.36986
0.15142,0.33071,0.5808,0.49595,0.15952,-0.08717,-0.069971,0.12338,0.30202,0.33061,0.19563,-0.012165,-0.17278,-0.22204,-0.18529,-0.13807,-0.14639,-0.23939,-0.40923,-0.6277,-0.86525,-1.0958,-1.2833,-1.3694,-1.2945,-1.0546,-0.74815,-0.54289,-0.55932,-0.78306,-1.0897,-1.3257,-1.3814,-1.2248,-0.90895,-0.53529,-0.20357,0.033058,0.17307,0.24864,0.29853,0.35348,0.42996,0.5288,0.63509,0.7209,0.75186,0.70218,0.56926,0.37966,0.18559,0.039017,-0.03654,-0.061972,-0.092246,-0.18951,-0.39089,-0.68722,-1.0187,-1.2912,-1.4123,-1.3362,-1.0848,-0.73124,-0.35967,-0.033315,0.21537,0.37268,0.43445,0.39646,0.25689,0.024497,-0.27418,-0.5928,-0.87025,-1.0444,-1.0785,-0.97234,-0.76269,-0.50101
0.26002,0.42157,0.5908,0.40775,-0.0102,-0.29323,-0.25594,0.00074395,0.26946,0.39679,0.34579,0.18812,0.035752,-0.043049,-0.055425,-0.058539,-0.11088,-0.23994,-0.43815,-0.67929,-0.93649,-1.1833,-1.3791,-1.4602,-1.3636,-1.0925,-0.75856,-0.53897,-0.55323,-0.78296,-1.0979,-1.3457,-1.4177,-1.2839,-0.99287,-0.64306,-0.32474,-0.087863,0.070209,0.17704,0.26649,0.36233,0.47603,0.60569,0.73431,0.83304,0.86943,0.81916,0.68059,0.48418,0.28088,0.12298,0.03496,-0.0015249,-0.041288,-0.14395,-0.34693,-0.64372,-0.97924,-1.2648,-1.4101,-1.3648,-1.1415,-0.80514,-0.43724,-0.10432,0.15323,0.31866,0.38339,0.34307,0.19811,-0.040424,-0.34547,-0.67158,-0.95808,-1.1433,-1.1823,-1.0746,-0.85824,-0.58786
0.33684,0.4929,0.61158,0.35888,-0.12027,-0.43521,-0.39162,-0.092509,0.23988,0.43703,0.44515,0.32084,0.17121,0.07191,0.025951,-0.013184,-0.098265,-0.25482,-0.47578,-0.73582,-1.0079,-1.2641,-1.4606,-1.5305,-1.4124,-1.117,-0.7657,-0.53848,-0.55209,-0.78352,-1.1016,-1.3559,-1.4399,-1.326,-1.0607,-0.73525,-0.43381,-0.19961,-0.0308,0.10003,0.22179,0.35332,0.50033,0.65544,0.79946,0.90469,0.94114,0.88875,0.74909,0.55046,0.344,0.18011,0.082839,0.03553,-0.011797,-0.11699,-0.31651,-0.606,-0.93557,-1.2221,-1.3802,-1.3567,-1.1566,-0.83751,-0.479,-0.15037,0.10441,0.26454,0.32209,0.27549,0.12782,-0.10939,-0.41081,-0.73351,-1.0183,-1.2005,-1.2387,-1.1286,-0.90769,-0.63121
0.431,0.59115,0.65627,0.32172,-0.23324,-0.59602,-0.55449,-0.21037,0.19755,0.47822,0.55597,0.46933,0.31993,0.19329,0.1069,0.024136,-0.10017,-0.28856,-0.53504,-0.8161,-1.1039,-1.3671,-1.5571,-1.6036,-1.4518,-1.1244,-0.75396,-0.51981,-0.53386,-0.7667,-1.0895,-1.3536,-1.4597,-1.3797,-1.1568,-0.86983,-0.59467,-0.36751,-0.18462,-0.021304,0.14472,0.32288,0.51026,0.69427,0.85516,0.96776,1.0078,0.95925,0.82424,0.63139,0.42633,0.25643,0.14657,0.084807,0.027309,-0.078565,-0.26851,-0.54143,-0.85433,-1.1339,-1.3001,-1.2992,-1.1282,-0.836,-0.49783,-0.18464,0.054914,0.19763,0.23636,0.17321,0.015442,-0.22309,-0.51722,-0.82603,-1.0934,-1.2608,-1.2844,-1.1641,-0.93774,-0.65891
0.49381,0.66585,0.7019,0.31743,-0.28812,-0.68758,-0.65443,-0.28819,0.16601,0.50084,0.62149,0.55642,0.4061,0.25984,0.1452,0.035241,-0.1116,-0.31708,-0.57553,-0.86472,-1.1577,-1.4206,-1.6002,-1.6256,-1.4466,-1.0972,-0.71553,-0.48065,-0.49747,-0.73467,-1.061,-1.3345,-1.4608,-1.4132,-1.2274,-0.97463,-0.72186,-0.50134,-0.30853,-0.12207,0.074599,0.28416,0.49814,0.70097,0.87257,0.99107,1.0351,0.99174,0.86562,0.68302,0.48647,0.31867,0.20308,0.13192,0.066763,-0.038451,-0.21786,-0.47374,-0.76992,-1.0393,-1.2078,-1.2212,-1.0703,-0.79719,-0.47524,-0.1779,0.043424,0.16379,0.17882,0.096206,-0.071819,-0.30982,-0.59461,-0.88893,-1.1401,-1.2898,-1.301,-1.1725,-0.94123,-0.66031
0.5659,0.7626,0.77557,0.34132,-0.31856,-0.76289,-0.75043,-0.37064,0.12871,0.51962,0.68441,0.6404,0.48587,0.31559,0.16841,0.029804,-0.13551,-0.34944,-0.60963,-0.89691,-1.1847,-1.4359,-1.5917,-1.5808,-1.3635,-0.98831,-0.60067,-0.37475,-0.40646,-0.65751,-0.99819,-1.2935,-1.4552,-1.455,-1.3199,-1.1102,-0.88516,-0.67439,-0.47275,-0.26278,-0.033298,0.21034,0.45299,0.6753,0.85788,0.98299,1.035,1.0052,0.89964,0.74072,0.56562,0.41151,0.29946,0.22342,0.15418,0.049373,-0.12199,-0.3624,-0.63951,-0.89417,-1.0565,-1.0745,-0.93742,-0.6839,-0.38478,-0.11347,0.076976,0.16173,0.13972,0.023956,-0.1672,-0.41366,-0.69079,-0.96375,-1.1858,-1.3078,-1.2961,-1.1553,-0.92108,-0.64233
0.62158,0.8536,0.85894,0.39498,-0.30174,-0.78259,-0.79742,-0.42139,0.10156,0.5278,0.72392,0.69409,0.53221,0.33921,0.16627,0.0092414,-0.15999,-0.36363,-0.60585,-0.87438,-1.1429,-1.3681,-1.488,-1.4355,-1.184,-0.79352,-0.41102,-0.20485,-0.26171,-0.53873,-0.90858,-1.24,-1.4468,-1.4967,-1.409,-1.2361,-1.034,-0.83215,-0.62788,-0.40475,-0.15561,0.11099,0.37303,0.60725,0.79663,0.92618,0.98859,0.98055,0.90633,0.7862,0.64695,0.51793,0.41795,0.34551,0.27483,0.17187,0.0083097,-0.21932,-0.48158,-0.72167,-0.87397,-0.88853,-0.75513,-0.51217,-0.23066,0.015441,0.1729,0.21816,0.15432,0.00094591,-0.21687,-0.47484,-0.74793,-1.004,-1.2013,-1.2967,-1.2642,-1.1111,-0.87362,-0.59851
0.65096,0.91411,0.923,0.44994,-0.2611,-0.7618,-0.80006,-0.4365,0.089402,0.53039,0.74173,0.71898,0.55143,0.34295,0.15386,-0.010486,-0.17239,-0.35623,-0.57327,-0.81666,-1.0602,-1.2574,-1.3452,-1.2625,-0.99177,-0.59846,-0.22855,-0.043394,-0.12593,-0.43039,-0.83013,-1.1954,-1.4393,-1.5268,-1.472,-1.3226,-1.1342,-0.93753,-0.73384,-0.50752,-0.25288,0.019893,0.28747,0.52614,0.71856,0.85452,0.92809,0.93805,0.89126,0.80245,0.69634,0.5974,0.51974,0.45809,0.3925,0.29008,0.12651,-0.098498,-0.35412,-0.58433,-0.72633,-0.73209,-0.59449,-0.35394,-0.081995,0.14766,0.28277,0.30036,0.20654,0.025109,-0.21407,-0.4831,-0.75572,-1.0014,-1.1823,-1.2612,-1.2171,-1.0594,-0.82362,-0.55419
0.67324,0.98213,1.0078,0.53624,-0.17813,-0.69512,-0.76499,-0.43057,0.084289,0.53084,0.75395,0.73802,0.56536,0.33942,0.13217,-0.034029,-0.17432,-0.3179,-0.48733,-0.6846,-0.88522,-1.0402,-1.0861,-0.96913,-0.6821,-0.29575,0.048172,0.19741,0.075055,-0.27233,-0.71747,-1.1324,-1.4287,-1.5656,-1.549,-1.4239,-1.2476,-1.0571,-0.85698,-0.63434,-0.38347,-0.11504,0.14793,0.38332,0.57599,0.71849,0.80784,0.84505,0.83737,0.79799,0.74613,0.69775,0.65886,0.62201,0.56565,0.46367,0.29875,0.075597,-0.17286,-0.39136,-0.51728,-0.5086,-0.36269,-0.12259,0.1398,0.35189,0.46268,0.45096,0.32495,0.11244,-0.15127,-0.43352,-0.70625,-0.9411,-1.1058,-1.1694,-1.1182,-0.96315,-0.73754,-0.48198
0.67478,1.0319,1.0838,0.62882,-0.073309,-0.596,-0.69593,-0.39989,0.089572,0.52934,0.75851,0.75083,0.57733,0.33958,0.11987,-0.042376,-0.15317,-0.24674,-0.35901,-0.50363,-0.65953,-0.77438,-0.78355,-0.64095,-0.34674,0.023495,0.33393,0.44094,0.27527,-0.11624,-0.60726,-1.0709,-1.4151,-1.593,-1.6051,-1.4961,-1.328,-1.1446,-0.9549,-0.74703,-0.5129,-0.26109,-0.011811,0.214,0.40331,0.54923,0.6519,0.71457,0.74456,0.75539,0.76041,0.76858,0.77868,0.77715,0.74136,0.64766,0.48326,0.25852,0.011684,-0.19673,-0.30876,-0.28505,-0.12844,0.11405,0.36979,0.5681,0.66118,0.63004,0.48444,0.2544,-0.022466,-0.31148,-0.58359,-0.81144,-0.96675,-1.0249,-0.97644,-0.83382,-0.62764,-0.39387
0.66178,1.0563,1.1314,0.69639,0.011946,-0.50828,-0.62962,-0.3662,0.097496,0.52661,0.75989,0.76153,0.59186,0.34976,0.1232,-0.034865,-0.12245,-0.17792,-0.24818,-0.3548,-0.4787,-0.56637,-0.55274,-0.39408,-0.09901,0.25527,0.53761,0.6108,0.41132,-0.011862,-0.53407,-1.0272,-1.3982,-1.597,-1.6235,-1.5232,-1.3615,-1.1858,-1.008,-0.8172,-0.60291,-0.37111,-0.13718,0.079764,0.26488,0.41328,0.52261,0.59768,0.65028,0.69335,0.74022,0.79443,0.84715,0.8784,0.86346,0.77852,0.61499,0.38929,0.14522,-0.056368,-0.15457,-0.11723,0.046464,0.28729,0.53524,0.72389,0.80778,0.77004,0.62006,0.38698,0.10863,-0.17917,-0.44691,-0.66901,-0.8209,-0.88208,-0.8445,-0.71907,-0.53254,-0.31761
0.62553,1.0692,1.1788,0.77781,0.12527,-0.38487,-0.53181,-0.3147,0.1075,0.51908,0.75891,0.77891,0.62341,0.38113,0.14762,-0.0061877,-0.066892,-0.077105,-0.09657,-0.15684,-0.24216,-0.29849,-0.26077,-0.088418,0.20127,0.53005,0.77261,0.80082,0.55708,0.096367,-0.45669,-0.97231,-1.3586,-1.5686,-1.6053,-1.5153,-1.3659,-1.2061,-1.0484,-0.88271,-0.69827,-0.49583,-0.28834,-0.091088,0.084137,0.22802,0.34001,0.42598,0.49918,0.5786,0.67429,0.78418,0.89188,0.97005,0.98938,0.92648,0.77465,0.55441,0.31522,0.12457,0.039778,0.091019,0.26297,0.5027,0.74151,0.91802,0.99274,0.95158,0.80525,0.58175,0.31619,0.041499,-0.21517,-0.43054,-0.58303,-0.65448,-0.6395,-0.54514,-0.393,-0.21042
0.58466,1.0632,1.2001,0.82877,0.20514,-0.29454,-0.45837,-0.27688,0.11195,0.5084,0.75537,0.79494,0.65693,0.41975,0.18197,0.027218,-0.019931,-0.003287,0.0090222,-0.021733,-0.082283,-0.11824,-0.065841,0.11079,0.39133,0.69783,0.90892,0.90462,0.63231,0.1511,-0.41218,-0.93014,-1.3135,-1.5211,-1.5587,-1.4754,-1.3373,-1.1924,-1.0537,-0.91009,-0.74987,-0.57111,-0.38374,-0.20077,-0.034347,0.10485,0.2133,0.2967,0.37368,0.46719,0.59141,0.74124,0.89192,1.0068,1.0543,1.0091,0.86795,0.65615,0.42702,0.2481,0.17701,0.23871,0.41387,0.64922,0.87947,1.0481,1.1189,1.0803,0.94288,0.73242,0.4816,0.22136,-0.023009,-0.23077,-0.38352,-0.46734,-0.47215,-0.40371,-0.27934,-0.12294
0.51334,1.035,1.2079,0.87918,0.29669,-0.185,-0.3681,-0.23413,0.10868,0.48402,0.74315,0.81674,0.71072,0.48689,0.24416,0.081833,0.04151,0.081649,0.12502,0.12453,0.090485,0.076516,0.14352,0.32077,0.58604,0.86166,1.0327,0.98891,0.68863,0.19245,-0.3698,-0.87512,-1.241,-1.4325,-1.4624,-1.3841,-1.2619,-1.1406,-1.0289,-0.91518,-0.78492,-0.63575,-0.47254,-0.30654,-0.15236,-0.024235,0.069052,0.13485,0.19935,0.29891,0.45193,0.64677,0.84669,1.0087,1.09,1.07,0.94935,0.75671,0.54734,0.38786,0.33697,0.41277,0.59262,0.82325,1.043,1.201,1.2674,1.2332,1.1101,0.92232,0.6985,0.46464,0.2409,0.043256,-0.11343,-0.21377,-0.25061,-0.22138,-0.13595,-0.012706
0.42518,0.98416,1.1899,0.9048,0.36532,-0.096044,-0.29572,-0.20348,0.092529,0.44705,0.7218,0.83492,0.76866,0.56371,0.31539,0.13813,0.091623,0.14036,0.20139,0.22044,0.20418,0.20502,0.28197,0.45961,0.71185,0.96026,1.0969,1.0201,0.69835,0.19704,-0.35272,-0.83056,-1.162,-1.3238,-1.3399,-1.2676,-1.1662,-1.071,-0.98374,-0.89002,-0.77905,-0.64745,-0.50221,-0.35341,-0.21451,-0.1045,-0.035202,0.00054641,0.037808,0.12292,0.2848,0.51091,0.75451,0.95759,1.0774,1.0871,0.98791,0.81245,0.62096,0.48432,0.45484,0.54826,0.7365,0.96515,1.1765,1.3261,1.3886,1.3616,1.2551,1.0899,0.89054,0.67944,0.47357,0.28582,0.1281,0.012126,-0.048395,-0.04992,0.0025046,0.094973
0.35007,0.93196,1.1604,0.90599,0.39882,-0.047348,-0.25556,-0.19284,0.071125,0.41099,0.69947,0.84461,0.80993,0.62068,0.36719,0.17372,0.11457,0.16084,0.22696,0.25405,0.24634,0.2553,0.33837,0.51797,0.76312,0.99549,1.1108,1.0142,0.67941,0.17996,-0.354,-0.80444,-1.1042,-1.241,-1.2471,-1.1794,-1.0927,-1.0142,-0.94074,-0.85649,-0.75136,-0.62653,-0.48962,-0.35075,-0.22471,-0.13184,-0.086082,-0.079075,-0.070459,-0.00097914,0.16311,0.40595,0.67245,0.90046,1.0388,1.0635,0.97835,0.81822,0.6442,0.52487,0.51377,0.62089,0.8161,1.0452,1.2524,1.3969,1.4586,1.4338,1.3361,1.186,1.0049,0.81088,0.61702,0.43401,0.27346,0.15005,0.073893,0.054447,0.089398,0.1663
0.24133,0.84651,1.0997,0.88346,0.41767,-0.0080631,-0.22534,-0.19581,0.030557,0.35461,0.66174,0.84968,0.85583,0.68565,0.42431,0.20527,0.12008,0.15169,0.21508,0.24665,0.24668,0.26428,0.35455,0.53684,0.776,0.99315,1.0876,0.97275,0.63159,0.14457,-0.3597,-0.77056,-1.0327,-1.1439,-1.1417,-1.0815,-1.0108,-0.9487,-0.88551,-0.80365,-0.69449,-0.56536,-0.42766,-0.29552,-0.18728,-0.12219,-0.11536,-0.15431,-0.18787,-0.14737,0.010376,0.26723,0.55838,0.8105,0.97004,1.0101,0.93613,0.78649,0.62611,0.52635,0.53556,0.66066,0.86783,1.1023,1.3108,1.4559,1.5192,1.5009,1.4124,1.2726,1.1023,0.91907,0.73543,0.56035,0.40315,0.27644,0.19267,0.16058,0.18059,0.2435
0.12727,0.74728,1.0172,0.83438,0.40416,0.00048915,-0.22127,-0.21672,-0.02069,0.29143,0.61742,0.84374,0.8857,0.73123,0.46036,0.21229,0.093267,0.09964,0.15103,0.18126,0.18593,0.21078,0.30841,0.4948,0.73253,0.94226,1.0271,0.90734,0.5741,0.10965,-0.36021,-0.73467,-0.96766,-1.0636,-1.0611,-1.0129,-0.95811,-0.90708,-0.84317,-0.74849,-0.62018,-0.47213,-0.32454,-0.19641,-0.10663,-0.074562,-0.11045,-0.19552,-0.26986,-0.25453,-0.10242,0.16322,0.46815,0.73233,0.89834,0.93944,0.86335,0.71234,0.55518,0.46479,0.48831,0.6292,0.85038,1.0958,1.3128,1.4648,1.5353,1.5222,1.4373,1.2998,1.1306,0.94792,0.76495,0.59191,0.43904,0.31839,0.24164,0.21695,0.24277,0.3081
0.043146,0.66656,0.94303,0.78004,0.37445,-0.012737,-0.23346,-0.24296,-0.064248,0.24119,0.57902,0.82943,0.89389,0.74903,0.47025,0.19944,0.051983,0.034926,0.072791,0.098296,0.10431,0.13402,0.23757,0.42843,0.66886,0.87977,0.96646,0.85366,0.53594,0.094115,-0.34973,-0.70175,-0.92035,-1.012,-1.0146,-0.9776,-0.93457,-0.88871,-0.82035,-0.7108,-0.562,-0.39386,-0.23346,-0.10462,-0.02733,-0.019433,-0.085884,-0.20157,-0.30071,-0.29813,-0.14811,0.12064,0.42799,0.69178,0.85172,0.88359,0.79728,0.63725,0.47408,0.38189,0.40889,0.55613,0.78576,1.0416,1.2706,1.4353,1.5161,1.51,1.4261,1.2828,1.1037,0.91116,0.72271,0.55065,0.40526,0.29762,0.23689,0.22817,0.26758,0.34253
-0.063735,0.55565,0.83092,0.68712,0.31051,-0.054772,-0.26858,-0.28863,-0.1264,0.17308,0.52346,0.79857,0.8861,0.75066,0.46124,0.16044,-0.026388,-0.078577,-0.06364,-0.048658,-0.044358,-0.011209,0.098929,0.2987,0.54992,0.77391,0.87737,0.78841,0.50298,0.098188,-0.31175,-0.64092,-0.85095,-0.94702,-0.96319,-0.94244,-0.91293,-0.87187,-0.79546,-0.66522,-0.48689,-0.29002,-0.10904,0.025544,0.090754,0.072697,-0.026417,-0.17199,-0.29055,-0.29626,-0.14855,0.11743,0.41811,0.66856,0.81197,0.8227,0.71033,0.52132,0.3313,0.22117,0.24009,0.39166,0.63512,0.91078,1.163,1.3513,1.4528,1.4574,1.3718,1.2139,1.0112,0.79369,0.58745,0.41176,0.27974,0.19987,0.17601,0.2057,0.27829,0.37752
-0.13548,0.4725,0.74018,0.60348,0.24463,-0.10258,-0.30684,-0.32825,-0.17413,0.12203,0.47867,0.76622,0.86557,0.73479,0.43799,0.11655,-0.09823,-0.17661,-0.18042,-0.17608,-0.17651,-0.14443,-0.032024,0.17488,0.43912,0.68203,0.81029,0.75075,0.49693,0.12355,-0.26303,-0.57896,-0.7879,-0.89177,-0.92101,-0.91415,-0.89585,-0.86007,-0.7795,-0.63536,-0.43701,-0.21872,-0.021611,0.11941,0.18044,0.15012,0.036436,-0.11918,-0.23958,-0.24248,-0.093645,0.16551,0.45031,0.68032,0.79809,0.7814,0.64147,0.42565,0.2105,0.078236,0.083802,0.23077,0.47971,0.77075,1.0457,1.2594,1.3821,1.3988,1.3108,1.136,0.90653,0.66132,0.43587,0.25615,0.13764,0.086774,0.10041,0.16893,0.27511,0.39889
-0.21432,0.3674,0.61405,0.47683,0.13744,-0.18504,-0.37001,-0.38613,-0.23697,0.054772,0.41474,0.71123,0.82014,0.69315,0.38827,0.045298,-0.20031,-0.31033,-0.34025,-0.35455,-0.36656,-0.34031,-0.22837,-0.013337,0.27108,0.54779,0.72199,0.71433,0.51269,0.18348,-0.1722,-0.4736,-0.68295,-0.79819,-0.84443,-0.85621,-0.85463,-0.83028,-0.7532,-0.60204,-0.38687,-0.1466,0.070953,0.2249,0.28975,0.25833,0.1466,0.0018707,-0.10099,-0.091605,0.051626,0.286,0.53428,0.72183,0.79881,0.74101,0.55804,0.29758,0.039545,-0.12954,-0.14955,-0.012708,0.24186,0.55293,0.85915,1.1092,1.2651,1.3008,1.2107,1.011,0.73993,0.44932,0.19081,0.0034458,-0.092357,-0.095654,-0.019352,0.11151,0.26937,0.42987
-0.27082,0.27637,0.48758,0.33979,0.013466,-0.28305,-0.44383,-0.4484,-0.2996,-0.013092,0.34421,0.64259,0.75508,0.63042,0.3225,-0.032492,-0.29879,-0.43495,-0.49128,-0.52765,-0.55554,-0.53882,-0.42916,-0.206,0.099646,0.41389,0.63967,0.69235,0.54872,0.26516,-0.061176,-0.35009,-0.5593,-0.68238,-0.74029,-0.76656,-0.78177,-0.77591,-0.71553,-0.57415,-0.35812,-0.10689,0.12715,0.29883,0.3814,0.37038,0.28672,0.17855,0.11188,0.1403,0.27242,0.4668,0.65833,0.78662,0.80769,0.7017,0.47779,0.18058,-0.11315,-0.31617,-0.36605,-0.24919,0.00085044,0.32458,0.65767,0.94197,1.1303,1.187,1.0989,0.87915,0.56957,0.23327,-0.061226,-0.25856,-0.33054,-0.27978,-0.1358,0.061313,0.27315,0.47148
-0.29545,0.21935,0.39917,0.2347,-0.086336,-0.36311,-0.50456,-0.4975,-0.34721,-0.065246,0.28684,0.58288,0.69557,0.5734,0.2682,-0.08746,-0.3618,-0.51271,-0.58681,-0.64025,-0.68201,-0.67479,-0.56917,-0.34288,-0.022029,0.32093,0.58701,0.68594,0.58531,0.33369,0.026179,-0.25425,-0.462,-0.58643,-0.64757,-0.67973,-0.70628,-0.71859,-0.67991,-0.55738,-0.35204,-0.10001,0.14368,0.33165,0.43653,0.45476,0.40854,0.34228,0.3115,0.35432,0.47217,0.62839,0.76936,0.84547,0.82035,0.67613,0.42305,0.10505,-0.20425,-0.42385,-0.48974,-0.38991,-0.15325,0.16659,0.50803,0.8106,1.0197,1.0939,1.0129,0.78562,0.45458,0.08934,-0.22967,-0.43371,-0.48691,-0.39615,-0.20141,0.04524,0.29651,0.52053
-0.30326,0.16417,0.29458,0.10018,-0.22042,-0.47463,-0.58979,-0.56695,-0.41411,-0.13897,0.20356,0.49222,0.60446,0.48922,0.19606,-0.14901,-0.42253,-0.58595,-0.68107,-0.75687,-0.81808,-0.82603,-0.72957,-0.50139,-0.16102,0.2211,0.5399,0.69429,0.64005,0.42081,0.13293,-0.13659,-0.33652,-0.45553,-0.51381,-0.54868,-0.58789,-0.62609,-0.62465,-0.54083,-0.36263,-0.119,0.13578,0.35046,0.49496,0.56523,0.58312,0.58584,0.60951,0.67341,0.76685,0.86131,0.92337,0.92263,0.83519,0.64942,0.37328,0.044191,-0.27197,-0.49855,-0.58403,-0.51167,-0.30398,-0.0063762,0.32604,0.63471,0.8629,0.95911,0.89457,0.67144,0.32958,-0.056558,-0.3935,-0.59656,-0.62153,-0.4802,-0.22755,0.068864,0.35493,0.59908
-0.28965,0.14101,0.23029,0.0081463,-0.31662,-0.55733,-0.65563,-0.62338,-0.46993,-0.19988,0.13402,0.41613,0.529,0.42314,0.14607,-0.18193,-0.44651,-0.61414,-0.72302,-0.81497,-0.89077,-0.91094,-0.82236,-0.59284,-0.238,0.17194,0.52661,0.71506,0.68585,0.48164,0.2015,-0.062427,-0.25572,-0.36688,-0.41805,-0.45036,-0.49611,-0.55314,-0.58153,-0.53111,-0.37866,-0.14576,0.11577,0.35228,0.5314,0.64748,0.71927,0.77554,0.83818,0.91336,0.98652,1.0361,1.0416,0.98583,0.85336,0.63896,0.35233,0.028072,-0.27584,-0.49484,-0.58567,-0.53752,-0.36766,-0.10943,0.19467,0.49334,0.72782,0.84347,0.80178,0.59705,0.265,-0.11881,-0.45469,-0.64959,-0.65444,-0.48384,-0.20077,0.12142,0.42495,0.6775
-0.24672,0.13577,0.17033,-0.093877,-0.43182,-0.66203,-0.74593,-0.70582,-0.55403,-0.292,0.031306,0.30695,0.42444,0.33776,0.092099,-0.20359,-0.45036,-0.62082,-0.74669,-0.85982,-0.95428,-0.98751,-0.90421,-0.66892,-0.2943,0.14798,0.54104,0.76214,0.75311,0.55595,0.27537,0.012304,-0.17529,-0.27473,-0.31258,-0.33642,-0.38574,-0.46285,-0.52628,-0.51731,-0.39975,-0.18413,0.082758,0.34715,0.57391,0.75416,0.89804,1.0203,1.1266,1.209,1.2543,1.251,1.1927,1.0745,0.8959,0.65554,0.36513,0.055964,-0.22394,-0.42623,-0.52423,-0.51349,-0.40673,-0.22128,0.021406,0.28657,0.5216,0.66359,0.66308,0.50297,0.21108,-0.14006,-0.4488,-0.61764,-0.59519,-0.39863,-0.093516,0.24166,0.54883,0.79787
-0.1799,0.15965,0.14373,-0.16273,-0.52215,-0.75431,-0.83521,-0.79746,-0.65131,-0.39808,-0.081159,0.19418,0.32294,0.26412,0.058766,-0.19841,-0.42512,-0.59935,-0.74483,-0.88165,-0.99459,-1.0351,-0.94632,-0.69489,-0.29584,0.17574,0.5962,0.8349,0.82871,0.62223,0.32947,0.058699,-0.12786,-0.21908,-0.24474,-0.25837,-0.30464,-0.3911,-0.47741,-0.49972,-0.41076,-0.21037,0.060331,0.34877,0.61797,0.85501,1.0615,1.2385,1.3773,1.4639,1.4854,1.4382,1.3276,1.1637,0.95162,0.70003,0.42136,0.13945,-0.1121,-0.30359,-0.41738,-0.4584,-0.43418,-0.34459,-0.18543,0.032039,0.26408,0.44226,0.50281,0.41363,0.19192,-0.096096,-0.3527,-0.48332,-0.43772,-0.22972,0.073899,0.40097,0.69669,0.93256
-0.11654,0.19561,0.14839,-0.1888,-0.56802,-0.80998,-0.89916,-0.87024,-0.73277,-0.48522,-0.1704,0.11015,0.25344,0.22033,0.048888,-0.17925,-0.39336,-0.57432,-0.73944,-0.89816,-1.0256,-1.0678,-0.96707,-0.69439,-0.26973,0.22592,0.6636,0.9084,0.89517,0.67187,0.36068,0.07635,-0.11526,-0.20443,-0.22386,-0.22962,-0.26976,-0.35483,-0.44804,-0.48365,-0.40897,-0.21572,0.059073,0.36326,0.65888,0.92957,1.1713,1.3772,1.5314,1.6164,1.6221,1.5515,1.4167,1.2326,1.0122,0.76362,0.4967,0.22952,-0.012598,-0.20766,-0.34852,-0.43967,-0.4844,-0.47108,-0.37744,-0.19648,0.037528,0.25136,0.36862,0.34574,0.19127,-0.035126,-0.24123,-0.33675,-0.27325,-0.06596,0.22918,0.54185,0.81988,1.0367
-0.020248,0.26378,0.18663,-0.18483,-0.59475,-0.86313,-0.97671,-0.97081,-0.8509,-0.61068,-0.29048,0.0050162,0.17512,0.18166,0.055103,-0.13823,-0.34323,-0.5435,-0.74519,-0.94115,-1.0915,-1.1325,-1.0054,-0.68816,-0.21495,0.32107,0.78223,1.03,0.99926,0.74531,0.39877,0.084841,-0.12604,-0.22288,-0.2403,-0.23616,-0.26165,-0.3337,-0.41936,-0.45688,-0.38932,-0.20104,0.078229,0.39907,0.72177,1.0259,1.3,1.5296,1.6934,1.7726,1.7619,1.6705,1.5179,1.3254,1.1073,0.87142,0.62201,0.36728,0.12161,-0.10152,-0.29786,-0.47182,-0.62022,-0.71632,-0.71198,-0.57217,-0.31974,-0.037266,0.17599,0.2577,0.20551,0.072258,-0.057682,-0.10322,-0.021158,0.17924,0.44828,0.72829,0.97507,1.1654
0.083897,0.35137,0.2581,-0.13769,-0.5809,-0.88754,-1.0417,-1.0713,-0.97502,-0.74023,-0.40792,-0.087414,0.11612,0.16378,0.078594,-0.087731,-0.2958,-0.53049,-0.7838,-1.0291,-1.209,-1.2468,-1.0807,-0.70168,-0.16256,0.42485,0.91433,1.1654,1.1168,0.82863,0.43933,0.083183,-0.16174,-0.27873,-0.30143,-0.28755,-0.29418,-0.34345,-0.41078,-0.43627,-0.36195,-0.16917,0.11664,0.44908,0.78923,1.1151,1.4102,1.6524,1.8167,1.8857,1.8598,1.7564,1.6013,1.4175,1.2175,1.0015,0.76401,0.50427,0.23006,-0.048243,-0.32423,-0.59819,-0.85923,-1.0649,-1.1402,-1.0218,-0.72281,-0.34723,-0.019754,0.17874,0.23598,0.19773,0.14074,0.13903,0.2338,0.42105,0.66117,0.90634,1.1184,1.2772
0.16275,0.42545,0.32928,-0.076705,-0.54517,-0.88626,-1.0784,-1.1422,-1.0678,-0.83481,-0.48883,-0.14511,0.086294,0.16259,0.10254,-0.051915,-0.27121,-0.5407,-0.84288,-1.1353,-1.3431,-1.3769,-1.1732,-0.73454,-0.13521,0.49778,1.0128,1.2692,1.2094,0.89561,0.47149,0.077685,-0.2009,-0.34118,-0.37279,-0.35422,-0.34528,-0.37321,-0.41977,-0.42837,-0.34339,-0.14221,0.15138,0.49236,0.84322,1.1793,1.4821,1.7273,1.8885,1.9495,1.9147,1.8066,1.6551,1.4838,1.3023,1.1031,0.8718,0.59946,0.29014,-0.043755,-0.39433,-0.75463,-1.1058,-1.3916,-1.5145,-1.39,-1.0335,-0.56905,-0.14737,0.13794,0.2709,0.29585,0.28639,0.31224,0.41271,0.58668,0.80304,1.0204,1.2059,1.3421
0.2642,0.52883,0.44176,0.031293,-0.46586,-0.85918,-1.1088,-1.2258,-1.1835,-0.95301,-0.58358,-0.20633,0.060572,0.17023,0.13461,-0.015495,-0.25929,-0.58364,-0.96096,-1.3284,-1.5838,-1.6133,-1.3491,-0.8173,-0.1256,0.57716,1.1317,1.4004,1.3285,0.9822,0.51023,0.061542,-0.26814,-0.44593,-0.49507,-0.4729,-0.44187,-0.43725,-0.44825,-0.42812,-0.32469,-0.11393,0.18684,0.53818,0.90276,1.2535,1.5669,1.8152,1.9713,2.0226,1.9789,1.8684,1.7246,1.5717,1.4121,1.2293,0.99827,0.7021,0.34022,-0.07636,-0.53259,-1.0139,-1.4869,-1.871,-2.034,-1.8687,-1.4052,-0.81327,-0.27077,0.1191,0.33951,0.4336,0.47152,0.51978,0.61825,0.77049,0.95523,1.139,1.2933,1.4025
0.3339,0.60632,0.53361,0.12742,-0.38856,-0.8207,-1.1163,-1.2749,-1.2597,-1.0327,-0.64674,-0.24456,0.046192,0.17593,0.15237,-0.00040998,-0.26713,-0.63628,-1.0744,-1.5044,-1.8023,-1.8306,-1.5164,-0.90705,-0.13997,0.61936,1.2068,1.4874,1.4089,1.0404,0.53414,0.043367,-0.32737,-0.5368,-0.60064,-0.57526,-0.52609,-0.4957,-0.48084,-0.44069,-0.32465,-0.10679,0.20006,0.55964,0.9348,1.2973,1.6204,1.8734,2.0292,2.0758,2.0266,1.914,1.7746,1.6315,1.4849,1.3113,1.0787,0.76425,0.36365,-0.11175,-0.64588,-1.2158,-1.7737,-2.2151,-2.3811,-2.1571,-1.6032,-0.91917,-0.30202,0.14531,0.41019,0.53787,0.59747,0.65311,0.7441,0.87809,1.0376,1.1957,1.3282,1.4211
0.41393,0.70369,0.65935,0.26492,-0.26981,-0.74852,-1.1036,-1.3164,-1.3403,-1.1243,-0.72298,-0.29392,0.024626,0.17537,0.1617,0.0012239,-0.29776,-0.72624,-1.246,-1.7624,-2.1195,-2.1469,-1.7648,-1.0499,-0.18034,0.6548,1.2871,1.584,1.4983,1.1036,0.55411,0.0093967,-0.41487,-0.6649,-0.747,-0.71426,-0.63991,-0.576,-0.53179,-0.47079,-0.34289,-0.11898,0.19418,0.56311,0.95201,1.3308,1.6698,1.9358,2.0988,2.1477,2.0969,1.9816,1.8417,1.7028,1.5631,1.3945,1.1579,0.82345,0.38242,-0.1552,-0.76894,-1.4251,-2.0566,-2.5304,-2.6621,-2.3464,-1.6872,-0.92165,-0.24878,0.23702,0.53003,0.67724,0.74562,0.79644,0.86873,0.97443,1.1012,1.2283,1.3354,1.4103
0.4756,0.78933,0.77949,0.40437,-0.14228,-0.65889,-1.0646,-1.3274,-1.3911,-1.1971,-0.79491,-0.35008,-0.012405,0.1557,0.15029,-0.017669,-0.34465,-0.82368,-1.4137,-2.0072,-2.4189,-2.4434,-1.9948,-1.1831,-0.22401,0.67494,1.3444,1.6554,1.5657,1.1504,0.56472,-0.026633,-0.49967,-0.78644,-0.88301,-0.84186,-0.74301,-0.6499,-0.57797,-0.49875,-0.36538,-0.14685,0.15757,0.52449,0.92248,1.3216,1.6862,1.9766,2.1587,2.2181,2.1696,2.0503,1.9026,1.7554,1.6099,1.4383,1.1992,0.85864,0.40256,-0.1616,-0.80996,-1.4979,-2.1371,-2.5731,-2.6248,-2.2274,-1.522,-0.74528,-0.079179,0.39584,0.67846,0.81407,0.86625,0.89422,0.9378,1.011,1.1081,1.2107,1.2997,1.3622
0.50778,0.84231,0.86138,0.50303,-0.047212,-0.58469,-1.0198,-1.3147,-1.4095,-1.2397,-0.84928,-0.40297,-0.05647,0.12181,0.12354,-0.045429,-0.38512,-0.88968,-1.5164,-2.1513,-2.5933,-2.6142,-2.1229,-1.2532,-0.24378,0.68983,1.3782,1.6964,1.6036,1.1751,0.56818,-0.050409,-0.55118,-0.85773,-0.95996,-0.91162,-0.79731,-0.68735,-0.60068,-0.51414,-0.38354,-0.1771,0.11223,0.4694,0.86868,1.2803,1.6659,1.9804,2.1847,2.2604,2.2193,2.0971,1.9383,1.7765,1.6186,1.4411,1.2033,0.86865,0.42026,-0.1349,-0.77015,-1.4321,-2.0226,-2.3878,-2.3718,-1.9442,-1.2526,-0.51472,0.10959,0.54851,0.80137,0.91092,0.93767,0.93893,0.95473,1.0029,1.0773,1.1627,1.2412,1.2996
0.52988,0.89476,0.95382,0.61932,0.06993,-0.48339,-0.94324,-1.2704,-1.4053,-1.2798,-0.92396,-0.49201,-0.14161,0.048198,0.061523,-0.099243,-0.4385,-0.95181,-1.5955,-2.2518,-2.7094,-2.7247,-2.2013,-1.2871,-0.23895,0.72181,1.4246,1.7464,1.6467,1.2027,0.57439,-0.068056,-0.58745,-0.90282,-1.0032,-0.94601,-0.82122,-0.70038,-0.60764,-0.522,-0.40492,-0.22402,0.033404,0.36362,0.75247,1.1736,1.5868,1.9393,2.1818,2.2879,2.2624,2.1379,1.9606,1.7714,1.589,1.3999,1.1683,0.85716,0.4471,-0.057141,-0.62445,-1.1943,-1.6662,-1.9062,-1.8073,-1.3784,-0.75599,-0.11416,0.41793,0.77934,0.96823,1.0224,0.99846,0.95285,0.92729,0.93994,0.99001,1.0612,1.1333,1.1907
0.52973,0.91918,1.0075,0.69159,0.14654,-0.40987,-0.87813,-1.2203,-1.383,-1.2992,-0.98287,-0.57273,-0.2259,-0.027635,-0.00033652,-0.14772,-0.47326,-0.97216,-1.6014,-2.2446,-2.6919,-2.702,-2.1774,-1.2618,-0.20869,0.75759,1.4643,1.7857,1.6812,1.2292,0.59155,-0.057662,-0.5779,-0.88881,-0.98363,-0.92283,-0.79794,-0.67886,-0.58993,-0.51249,-0.41272,-0.25991,-0.037374,0.26064,0.63046,1.0527,1.485,1.8678,2.1437,2.2768,2.2665,2.1418,1.9488,1.7352,1.5296,1.3307,1.1102,0.83104,0.46934,0.028182,-0.46108,-0.93544,-1.2982,-1.4397,-1.2918,-0.88388,-0.33292,0.2181,0.66384,0.9523,1.0815,1.0859,1.0187,0.93476,0.87592,0.86377,0.89533,0.95596,1.0255,1.0872
0.50752,0.93024,1.0566,0.76478,0.22905,-0.32119,-0.78673,-1.1354,-1.3302,-1.3078,-1.0592,-0.69409,-0.35973,-0.14904,-0.097236,-0.21473,-0.50616,-0.96377,-1.544,-2.1358,-2.544,-2.545,-2.0425,-1.1591,-0.12911,0.82507,1.527,1.8445,1.7364,1.282,0.64582,0.0057579,-0.49992,-0.79504,-0.8811,-0.82327,-0.71106,-0.60909,-0.5372,-0.47993,-0.41042,-0.30446,-0.14245,0.095086,0.42297,0.83437,1.2885,1.7146,2.0382,2.2116,2.2232,2.0974,1.8828,1.6358,1.401,1.1933,0.99352,0.7661,0.48469,0.14894,-0.21113,-0.537,-0.75081,-0.77899,-0.59119,-0.22625,0.22296,0.65204,0.97992,1.1651,1.2068,1.1368,1.0059,0.86825,0.76657,0.72313,0.73687,0.79082,0.86251,0.93289
0.45834,0.91554,1.0779,0.80887,0.28729,-0.24791,-0.69492,-1.0356,-1.2535,-1.2936,-1.1254,-0.81972,-0.50487,-0.28162,-0.19877,-0.2761,-0.52019,-0.92024,-1.4309,-1.9491,-2.3018,-2.2919,-1.8259,-0.99717,-0.013487,0.91194,1.598,1.9088,1.8014,1.3559,0.7397,0.12933,-0.34396,-0.61439,-0.69328,-0.65028,-0.5681,-0.50139,-0.46187,-0.43542,-0.40287,-0.34837,-0.25278,-0.086422,0.18433,0.57095,1.0355,1.497,1.8655,2.0767,2.1111,1.9881,1.756,1.4783,1.2157,1.0023,0.83215,0.67055,0.48411,0.26583,0.040045,-0.14348,-0.22621,-0.16508,0.044342,0.36136,0.71539,1.0305,1.2469,1.3328,1.2888,1.1452,0.95101,0.76072,0.61906,0.54894,0.55139,0.60634,0.68715,0.77067
0.40518,0.88783,1.0766,0.82271,0.31404,-0.20471,-0.62962,-0.95602,-1.1815,-1.2647,-1.1598,-0.90415,-0.60922,-0.37707,-0.26888,-0.31392,-0.51901,-0.87087,-1.3244,-1.784,-2.094,-2.077,-1.641,-0.85879,0.082531,0.97996,1.651,1.9584,1.8557,1.4241,0.83183,0.25307,-0.18585,-0.43186,-0.50711,-0.48285,-0.43435,-0.40466,-0.39713,-0.39798,-0.39405,-0.37848,-0.3348,-0.22678,-0.0064601,0.35252,0.81788,1.3008,1.6976,1.9348,1.985,1.8644,1.6213,1.3244,1.0454,0.83266,0.68896,0.57942,0.46538,0.33393,0.20376,0.11664,0.11643,0.22874,0.44659,0.73055,1.0219,1.2618,1.4024,1.4189,1.315,1.1207,0.88437,0.65993,0.49248,0.40766,0.40308,0.45902,0.54769,0.64442
0.31298,0.82945,1.052,0.81784,0.32747,-0.16396,-0.55129,-0.84538,-1.0685,-1.1953,-1.1707,-0.98841,-0.72459,-0.48387,-0.34536,-0.34913,-0.50458,-0.79503,-1.1761,-1.5633,-1.8228,-1.7996,-1.4045,-0.68654,0.19635,1.055,1.7095,2.0181,1.9313,1.5289,0.97822,0.45012,0.061236,-0.15255,-0.22712,-0.2345,-0.23907,-0.26627,-0.30917,-0.3504,-0.38461,-0.41448,-0.43101,-0.39542,-0.24492,0.065545,0.51548,1.0116,1.4356,1.7006,1.7694,1.6528,1.3989,1.0828,0.78891,0.58373,0.48046,0.44192,0.4199,0.39311,0.37244,0.39032,0.47651,0.64003,0.86299,1.1075,1.3282,1.4821,1.5358,1.4732,1.3005,1.0479,0.76369,0.50239,0.31054,0.21224,0.20824,0.27396,0.37727,0.48982
0.19787,0.74942,1.0045,0.79049,0.31963,-0.13936,-0.48254,-0.73238,-0.93527,-1.0866,-1.1292,-1.0205,-0.79499,-0.55264,-0.3911,-0.36329,-0.47887,-0.71917,-1.0414,-1.3701,-1.5888,-1.5628,-1.2071,-0.55018,0.27788,1.1016,1.7436,2.0586,1.9958,1.6323,1.1332,0.66256,0.32178,0.13352,0.053833,0.013183,-0.042684,-0.12667,-0.22078,-0.30364,-0.37216,-0.43814,-0.5,-0.5225,-0.43753,-0.18273,0.23447,0.72321,1.1576,1.4372,1.5182,1.4069,1.15,0.82583,0.53015,0.33976,0.27506,0.297,0.3503,0.40535,0.46912,0.5653,0.71221,0.90791,1.1292,1.3408,1.5062,1.5926,1.5778,1.453,1.2284,0.9346,0.61885,0.33472,0.12882,0.027425,0.026601,0.10279,0.22139,0.35101
0.098071,0.67644,0.95729,0.75945,0.30402,-0.12868,-0.43517,-0.64563,-0.82145,-0.97701,-1.0592,-1.0008,-0.80757,-0.57095,-0.39853,-0.35434,-0.45066,-0.66657,-0.95839,-1.2554,-1.4526,-1.4273,-1.0969,-0.47914,0.31263,1.1133,1.748,2.0707,2.0284,1.6971,1.239,0.81187,0.50618,0.33544,0.2512,0.1867,0.094841,-0.028704,-0.15718,-0.26561,-0.35327,-0.4361,-0.52128,-0.57853,-0.53689,-0.32664,0.058608,0.53217,0.96248,1.2449,1.3286,1.2181,0.96074,0.63902,0.35045,0.17775,0.14169,0.19955,0.29192,0.38707,0.49092,0.62374,0.79919,1.0099,1.229,1.4215,1.5549,1.6028,1.549,1.3892,1.1365,0.8229,0.49568,0.20751,0.0030721,-0.09485,-0.088718,-0.0046853,0.12217,0.26048
-0.050685,0.56529,0.88322,0.70983,0.27751,-0.11988,-0.37465,-0.52663,-0.6535,-0.79726,-0.9162,-0.91669,-0.76836,-0.54785,-0.37044,-0.31475,-0.40016,-0.60237,-0.87333,-1.1456,-1.3256,-1.3034,-1.0007,-0.42533,0.32419,1.0969,1.7234,2.0583,2.0449,1.7572,1.3521,0.9786,0.71679,0.5681,0.48038,0.38961,0.25865,0.093695,-0.069702,-0.20339,-0.30774,-0.40441,-0.50675,-0.5911,-0.5912,-0.43175,-0.096088,0.33903,0.74581,1.0146,1.0927,0.9835,0.73518,0.42968,0.16744,0.025044,0.016898,0.097465,0.20934,0.32483,0.44967,0.60428,0.79761,1.0166,1.2306,1.404,1.5071,1.5184,1.4282,1.2388,0.96803,0.64914,0.32697,0.049673,-0.14251,-0.22872,-0.21361,-0.12143,0.013862,0.16123
-0.17105,0.47528,0.82338,0.67131,0.25761,-0.11274,-0.32753,-0.43233,-0.51607,-0.64197,-0.77658,-0.81538,-0.70218,-0.49807,-0.32314,-0.26691,-0.35304,-0.55573,-0.82402,-1.0898,-1.2637,-1.2445,-0.96015,-0.41379,0.30686,1.0604,1.6818,2.0263,2.0352,1.7789,1.4099,1.0711,0.83764,0.70459,0.61797,0.51554,0.36571,0.18123,0.001658,-0.14294,-0.25349,-0.35368,-0.45963,-0.5525,-0.57186,-0.44395,-0.14727,0.2509,0.62928,0.87905,0.94788,0.83919,0.60179,0.31754,0.081649,-0.037316,-0.032352,0.049146,0.1533,0.25797,0.37393,0.52257,0.7124,0.92807,1.1362,1.2996,1.3886,1.3848,1.2813,1.0845,0.81453,0.50543,0.20001,-0.057656,-0.23198,-0.30495,-0.2814,-0.18522,-0.04796,0.10164
-0.3396,0.34883,0.74319,0.62498,0.2394,-0.093511,-0.25683,-0.2961,-0.32221,-0.41683,-0.56203,-0.64449,-0.57643,-0.39819,-0.23376,-0.1826,-0.27644,-0.48983,-0.76675,-1.0352,-1.2093,-1.1978,-0.93632,-0.42595,0.25842,0.98688,1.6022,1.9582,1.994,1.7743,1.445,1.1445,0.94076,0.82733,0.7486,0.64541,0.48876,0.29576,0.10849,-0.040341,-0.15107,-0.24797,-0.35035,-0.44541,-0.47941,-0.38429,-0.13457,0.21279,0.54502,0.76133,0.81086,0.70045,0.48199,0.23605,0.044137,-0.043128,-0.033787,0.023945,0.086425,0.14421,0.2171,0.33204,0.49883,0.6998,0.89766,1.0522,1.1328,1.1238,1.0219,0.83658,0.58923,0.31157,0.041713,-0.18193,-0.3284,-0.38259,-0.34846,-0.24655,-0.10595,0.046068
-0.51466,0.22153,0.66897,0.5926,0.24055,-0.056242,-0.17023,-0.1494,-0.11864,-0.18207,-0.33296,-0.45141,-0.42575,-0.27586,-0.12469,-0.08162,-0.18678,-0.41661,-0.71045,-0.99068,-1.1721,-1.1711,-0.93087,-0.45236,0.19812,0.90098,1.5047,1.8651,1.9183,1.7248,1.4267,1.1567,0.97944,0.88633,0.82373,0.73345,0.58928,0.40799,0.2315,0.090797,-0.013951,-0.10594,-0.20304,-0.29412,-0.33186,-0.25634,-0.045872,0.24954,0.53043,0.70537,0.73221,0.62268,0.42998,0.22837,0.083488,0.021433,0.019686,0.032016,0.027431,0.010067,0.012991,0.070812,0.19702,0.37325,0.55876,0.70978,0.79455,0.79695,0.71584,0.56187,0.35561,0.12529,-0.096764,-0.27878,-0.39496,-0.43077,-0.3888,-0.28577,-0.14618,0.0057129
-0.64669,0.12837,0.62075,0.5795,0.25601,-0.013564,-0.092694,-0.03115,0.03624,-0.0078058,-0.16402,-0.30695,-0.31055,-0.18132,-0.038241,4.3898e-05,-0.1128,-0.35486,-0.66289,-0.9551,-1.145,-1.1535,-0.92952,-0.47389,0.15185,0.83482,1.4266,1.7842,1.8425,1.6598,1.377,1.1244,0.96554,0.89085,0.8472,0.77661,0.65325,0.49185,0.33283,0.20395,0.10583,0.016994,-0.077,-0.16421,-0.20173,-0.13566,0.051105,0.31173,0.55533,0.69956,0.70821,0.59756,0.42264,0.2528,0.13957,0.092622,0.078129,0.050335,-0.012856,-0.095066,-0.15543,-0.1508,-0.063078,0.090076,0.26579,0.41769,0.51255,0.53377,0.48037,0.36173,0.19508,0.0040797,-0.1832,-0.33759,-0.43407,-0.45834,-0.41036,-0.30441,-0.16388,-0.012465
-0.81997,0.011301,0.56711,0.57903,0.29609,0.063945,0.026776,0.1341,0.23864,0.21012,0.04342,-0.13238,-0.17273,-0.065149,0.071296,0.10904,-0.0086625,-0.26347,-0.58867,-0.89726,-1.1012,-1.1249,-0.92292,-0.49798,0.094378,0.74815,1.3192,1.6651,1.7188,1.5388,1.2649,1.0282,0.8928,0.8484,0.83995,0.80895,0.72563,0.60227,0.47245,0.36331,0.27507,0.19227,0.1029,0.019699,-0.016616,0.038605,0.19842,0.41783,0.6147,0.71926,0.70489,0.59447,0.44299,0.30991,0.22874,0.1887,0.14744,0.064068,-0.072249,-0.23636,-0.37407,-0.43681,-0.40167,-0.28288,-0.12169,0.034945,0.15108,0.20806,0.20024,0.13214,0.016692,-0.1262,-0.27192,-0.39444,-0.47037,-0.48343,-0.43122,-0.32494,-0.18433,-0.031184
-0.98458,-0.094992,0.52515,0.59631,0.35831,0.16289,0.16164,0.30362,0.42885,0.40308,0.2174,0.0069776,-0.06684,0.024399,0.16233,0.20717,0.091989,-0.16821,-0.5052,-0.82774,-1.0452,-1.0853,-0.90791,-0.51572,0.041334,0.66306,1.2077,1.5318,1.5695,1.3801,1.1053,0.87921,0.76514,0.75415,0.78939,0.81022,0.7811,0.7059,0.6123,0.524,0.4461,0.36768,0.28336,0.207,0.1735,0.22186,0.35809,0.5387,0.69193,0.75847,0.72156,0.60863,0.47245,0.36247,0.29756,0.25553,0.1896,0.06178,-0.13174,-0.3556,-0.5531,-0.66819,-0.6733,-0.58046,-0.43028,-0.26903,-0.13164,-0.040201,-0.0036926,-0.024125,-0.095972,-0.20473,-0.32735,-0.43575,-0.50273,-0.50966,-0.452,-0.34001,-0.19473,-0.038831
-1.0999,-0.16797,0.50262,0.61778,0.4152,0.24693,0.2699,0.42872,0.56038,0.52707,0.32147,0.083999,-0.013203,0.068873,0.21138,0.26614,0.15885,-0.099262,-0.43978,-0.76872,-0.99423,-1.0473,-0.89163,-0.52734,0.0011529,0.59719,1.1183,1.4199,1.4373,1.2331,0.95317,0.73346,0.63804,0.65611,0.72909,0.79235,0.80626,0.7692,0.70436,0.63507,0.56806,0.49838,0.42216,0.35269,0.32263,0.36393,0.48069,0.63237,0.75382,0.79403,0.74184,0.62603,0.49598,0.39371,0.32998,0.2777,0.19162,0.039089,-0.17855,-0.42419,-0.63931,-0.77089,-0.79216,-0.71292,-0.56983,-0.40614,-0.25694,-0.14479,-0.084765,-0.083871,-0.13942,-0.23721,-0.35308,-0.45748,-0.52194,-0.52637,-0.46551,-0.34982,-0.20038,-0.04051
-1.2411,-0.25446,0.47999,0.65305,0.49674,0.36412,0.41459,0.58614,0.71427,0.66,0.4204,0.14504,0.019362,0.092661,0.24364,0.31616,0.22671,-0.020165,-0.35695,-0.68735,-0.92037,-0.99171,-0.86733,-0.54339,-0.056914,0.49971,0.98368,1.2489,1.2322,1.0009,0.70876,0.49618,0.42806,0.48977,0.61779,0.74047,0.81257,0.82658,0.80239,0.76306,0.71802,0.66638,0.6066,0.55161,0.52936,0.56442,0.65661,0.76917,0.84728,0.85195,0.77814,0.65396,0.5223,0.41724,0.34177,0.26966,0.1611,-0.0094491,-0.23505,-0.47712,-0.68057,-0.80002,-0.81631,-0.74148,-0.60753,-0.44998,-0.29798,-0.17683,-0.10505,-0.09512,-0.14761,-0.24821,-0.37003,-0.47992,-0.54665,-0.54814,-0.48222,-0.35984,-0.20337,-0.036685
-1.3358,-0.31127,0.46623,0.67925,0.55707,0.45078,0.51723,0.69306,0.81074,0.73466,0.46537,0.16039,0.01531,0.083379,0.24227,0.3301,0.25707,0.024045,-0.30315,-0.62928,-0.8655,-0.95052,-0.85091,-0.55967,-0.10764,0.41555,0.86671,1.1002,1.0538,0.79916,0.49542,0.28742,0.24102,0.33819,0.50917,0.67733,0.79247,0.84473,0.85243,0.83937,0.81702,0.78525,0.74426,0.70599,0.6935,0.7266,0.80105,0.88344,0.92845,0.90443,0.81167,0.67715,0.53848,0.42341,0.33386,0.24515,0.12331,-0.050847,-0.26637,-0.4853,-0.65806,-0.74879,-0.74742,-0.6691,-0.54172,-0.3937,-0.25063,-0.1342,-0.067002,-0.065132,-0.13004,-0.24508,-0.37954,-0.49707,-0.56517,-0.5636,-0.48947,-0.35815,-0.19427,-0.02296
-1.4452,-0.37783,0.44746,0.70852,0.62845,0.55605,0.64063,0.81488,0.91243,0.80139,0.4904,0.14646,-0.024303,0.036835,0.20594,0.31368,0.26373,0.053941,-0.25202,-0.56376,-0.79907,-0.90123,-0.83655,-0.5919,-0.19074,0.28279,0.68566,0.87155,0.78115,0.49347,0.17472,-0.025246,-0.041486,0.10237,0.32842,0.55414,0.72438,0.82723,0.88118,0.91056,0.92815,0.93422,0.92858,0.91976,0.92417,0.95441,1.0045,1.0474,1.0491,0.98844,0.86955,0.71716,0.56263,0.42761,0.31358,0.20186,0.067868,-0.099529,-0.28655,-0.45893,-0.57807,-0.6213,-0.58898,-0.50007,-0.37969,-0.2497,-0.1277,-0.034759,0.009062,-0.012529,-0.10111,-0.23867,-0.39137,-0.51929,-0.58804,-0.5779,-0.4915,-0.34734,-0.17288,0.0058169
-1.5358,-0.43664,0.42429,0.72401,0.6822,0.64089,0.7409,0.90989,0.9824,0.83496,0.48295,0.10204,-0.094143,-0.041655,0.1335,0.25651,0.22869,0.046228,-0.22998,-0.51639,-0.74157,-0.85722,-0.82965,-0.63752,-0.29461,0.12207,0.4719,0.60671,0.47101,0.15137,-0.17837,-0.36632,-0.35171,-0.16572,0.10917,0.38521,0.60645,0.7598,0.86392,0.94346,1.0107,1.0661,1.1063,1.1338,1.1584,1.1861,1.2113,1.2152,1.1752,1.0799,0.937,0.76784,0.59723,0.44254,0.30493,0.17229,0.028843,-0.12968,-0.28748,-0.41437,-0.48324,-0.48287,-0.42282,-0.32495,-0.21143,-0.098813,-0.00050978,0.065521,0.079604,0.027234,-0.089844,-0.24955,-0.41472,-0.54413,-0.60456,-0.57982,-0.47668,-0.31787,-0.13302,0.05131
-1.5909,-0.47641,0.40205,0.72288,0.70682,0.68707,0.7972,0.96047,1.0141,0.8406,0.46188,0.056101,-0.1577,-0.11349,0.060369,0.18926,0.17531,0.01467,-0.23474,-0.49561,-0.70555,-0.82541,-0.8248,-0.677,-0.38402,-0.015858,0.28935,0.38518,0.21777,-0.12197,-0.45642,-0.63357,-0.59626,-0.38158,-0.07528,0.23381,0.49051,0.68132,0.82585,0.9465,1.0557,1.1499,1.2248,1.2802,1.3197,1.3484,1.3598,1.3385,1.2698,1.1488,0.9868,0.80599,0.62811,0.46423,0.31615,0.17173,0.020013,-0.13726,-0.28132,-0.38529,-0.42739,-0.40453,-0.33134,-0.23038,-0.12181,-0.019856,0.063263,0.1111,0.10526,0.033382,-0.10011,-0.27062,-0.43919,-0.56396,-0.61274,-0.57298,-0.45439,-0.28288,-0.090239,0.096588
-1.6487,-0.52518,0.36179,0.7016,0.714,0.72103,0.84403,0.9996,1.0305,0.82831,0.42153,-0.0082958,-0.24228,-0.21563,-0.055427,0.07051,0.068443,-0.064547,-0.27413,-0.49264,-0.67246,-0.78871,-0.81811,-0.72992,-0.51129,-0.21647,0.025465,0.070473,-0.1331,-0.49276,-0.82815,-0.98795,-0.92241,-0.67369,-0.33238,0.014122,0.31129,0.5488,0.74494,0.92203,1.088,1.2372,1.3596,1.4496,1.5079,1.5343,1.5254,1.4726,1.3697,1.2223,1.0455,0.85899,0.67884,0.51242,0.35483,0.19768,0.034548,-0.12919,-0.27344,-0.37073,-0.40355,-0.3713,-0.2908,-0.18642,-0.079429,0.015785,0.08801,0.12054,0.096144,0.0054071,-0.14274,-0.31895,-0.48136,-0.58882,-0.61346,-0.54798,-0.40831,-0.22265,-0.022342,0.16735
-1.6814,-0.56007,0.32242,0.66917,0.69846,0.72475,0.85594,1.0068,1.0248,0.80778,0.38866,-0.050162,-0.29693,-0.29001,-0.14993,-0.036558,-0.036418,-0.15015,-0.32654,-0.50716,-0.65756,-0.76449,-0.8106,-0.76394,-0.60272,-0.36744,-0.1767,-0.16933,-0.39656,-0.76464,-1.0936,-1.2368,-1.1506,-0.88146,-0.5207,-0.15219,0.17133,0.44145,0.6743,0.89068,1.095,1.2803,1.4334,1.546,1.6161,1.6415,1.6191,1.5449,1.4198,1.2553,1.0712,0.887,0.71487,0.55606,0.40116,0.23858,0.062632,-0.11779,-0.27835,-0.38937,-0.43107,-0.40409,-0.32647,-0.2231,-0.11528,-0.017953,0.054696,0.086432,0.058804,-0.036591,-0.18798,-0.36249,-0.51567,-0.60616,-0.60881,-0.52217,-0.36453,-0.167,0.038456,0.22772
-1.7128,-0.60615,0.25815,0.60391,0.65035,0.69912,0.84125,0.98816,0.9952,0.76905,0.34866,-0.089707,-0.34886,-0.37488,-0.276,-0.19444,-0.20256,-0.29411,-0.42322,-0.54734,-0.65093,-0.73644,-0.79543,-0.79535,-0.70667,-0.55196,-0.43189,-0.47317,-0.72313,-1.0905,-1.4018,-1.5217,-1.413,-1.1257,-0.74591,-0.35472,0.00068876,0.30985,0.58719,0.84674,1.0908,1.3099,1.4912,1.6249,1.7054,1.7284,1.6908,1.5927,1.4426,1.261,1.073,0.89934,0.74775,0.61134,0.47048,0.30692,0.11261,-0.10093,-0.30313,-0.45567,-0.53259,-0.5284,-0.45933,-0.35247,-0.23373,-0.123,-0.036298,0.0036389,-0.020094,-0.11314,-0.25968,-0.42301,-0.5567,-0.62061,-0.5938,-0.47857,-0.30019,-0.090075,0.1212,0.31162
-1.7326,-0.65223,0.18178,0.51537,0.57273,0.64046,0.79204,0.93787,0.94143,0.72028,0.3164,-0.10573,-0.37094,-0.4343,-0.39178,-0.35988,-0.39038,-0.46774,-0.54984,-0.61144,-0.65909,-0.711,-0.76745,-0.79959,-0.77299,-0.69362,-0.639,-0.72118,-0.98353,-1.3419,-1.6372,-1.7402,-1.6174,-1.3145,-0.91708,-0.50237,-0.1197,0.21897,0.52451,0.80907,1.0748,1.3122,1.5088,1.653,1.7364,1.7529,1.6991,1.5788,1.408,1.2135,1.0274,0.87205,0.75106,0.64747,0.53169,0.37448,0.16276,-0.090287,-0.34647,-0.55678,-0.68291,-0.7123,-0.65825,-0.54854,-0.41239,-0.27524,-0.16193,-0.097409,-0.10302,-0.18424,-0.32196,-0.47467,-0.59204,-0.63287,-0.57873,-0.4374,-0.23748,-0.012765,0.20562,0.39647
-1.7406,-0.68722,0.11725,0.43613,0.49787,0.576,0.73433,0.88048,0.88607,0.67725,0.29649,-0.1039,-0.36769,-0.46016,-0.4662,-0.48148,-0.53877,-0.61199,-0.6612,-0.67414,-0.67386,-0.69156,-0.73497,-0.77873,-0.78626,-0.75316,-0.74119,-0.84875,-1.1174,-1.4697,-1.7555,-1.8504,-1.7205,-1.4085,-0.9983,-0.56792,-0.16856,0.18606,0.50275,0.79431,1.0633,1.3029,1.501,1.6452,1.7252,1.7337,1.667,1.5315,1.3468,1.1456,0.96327,0.8235,0.72752,0.65352,0.5611,0.41392,0.1936,-0.087341,-0.38578,-0.64365,-0.81063,-0.86695,-0.82279,-0.70716,-0.55336,-0.39228,-0.25378,-0.16712,-0.15711,-0.22895,-0.36061,-0.50663,-0.61358,-0.63946,-0.56757,-0.40884,-0.19393,0.039845,0.26153,0.45168
-1.7442,-0.73338,0.024863,0.31844,0.37997,0.46749,0.63205,0.77942,0.79237,0.61008,0.27227,-0.087619,-0.34283,-0.47223,-0.54745,-0.63459,-0.73842,-0.81517,-0.82523,-0.77323,-0.70436,-0.66716,-0.67912,-0.71902,-0.74822,-0.75346,-0.78079,-0.91388,-1.1913,-1.5435,-1.8284,-1.9255,-1.7949,-1.476,-1.0496,-0.59753,-0.17558,0.19402,0.51559,0.8013,1.059,1.2859,1.473,1.6077,1.6774,1.6725,1.5888,1.4334,1.2294,1.0156,0.83449,0.71499,0.65704,0.62815,0.57699,0.45263,0.22761,-0.086647,-0.43908,-0.75647,-0.97432,-1.0596,-1.0209,-0.89308,-0.71688,-0.52858,-0.36013,-0.24714,-0.21362,-0.26731,-0.38807,-0.52937,-0.63319,-0.65207,-0.5667,-0.3893,-0.15656,0.092393,0.32465,0.52031
-1.7416,-0.77892,-0.070847,0.1924,0.24801,0.33928,0.50492,0.65258,0.67759,0.52827,0.24377,-0.06615,-0.30398,-0.4634,-0.605,-0.768,-0.92697,-1.0173,-0.9966,-0.88513,-0.74874,-0.65007,-0.61438,-0.62555,-0.64554,-0.65756,-0.69823,-0.84335,-1.1309,-1.4982,-1.8061,-1.9288,-1.8135,-1.4928,-1.0482,-0.57115,-0.12826,0.25026,0.56523,0.83314,1.0667,1.2711,1.4383,1.5558,1.6108,1.5905,1.4897,1.3142,1.088,0.85613,0.67082,0.5686,0.54845,0.56876,0.56189,0.46548,0.24555,-0.087242,-0.47671,-0.83921,-1.0944,-1.2013,-1.1659,-1.0264,-0.82942,-0.61669,-0.42446,-0.28933,-0.24004,-0.28576,-0.40544,-0.54947,-0.65552,-0.67203,-0.57771,-0.38672,-0.13678,0.12768,0.37133,0.57366
-1.7373,-0.81203,-0.14203,0.097379,0.14373,0.23376,0.39661,0.54278,0.57772,0.45611,0.21354,-0.054957,-0.27411,-0.44943,-0.63431,-0.85123,-1.0532,-1.1588,-1.1223,-0.97309,-0.78944,-0.6432,-0.56435,-0.5388,-0.53228,-0.52818,-0.56138,-0.70644,-1.004,-1.3941,-1.7365,-1.8936,-1.8009,-1.4829,-1.0265,-0.53027,-0.072317,0.31146,0.61902,0.86921,1.0806,1.2617,1.4097,1.5132,1.557,1.5276,1.4159,1.2256,0.98152,0.73173,0.53678,0.44146,0.44678,0.50313,0.53356,0.46425,0.25471,-0.085206,-0.49438,-0.87931,-1.1525,-1.2664,-1.2285,-1.0819,-0.87661,-0.65486,-0.4532,-0.30761,-0.24851,-0.28818,-0.40803,-0.55809,-0.67225,-0.69358,-0.59731,-0.39731,-0.13583,0.14039,0.39425,0.60467
-1.7282,-0.85369,-0.23289,-0.025996,0.0036595,0.08587,0.2388,0.38048,0.42759,0.34242,0.15552,-0.056606,-0.24513,-0.43006,-0.65901,-0.93586,-1.1915,-1.3236,-1.276,-1.0858,-0.84656,-0.63977,-0.49867,-0.41227,-0.351,-0.30333,-0.30784,-0.44356,-0.75554,-1.1858,-1.5865,-1.8035,-1.7537,-1.4515,-0.9869,-0.47225,0.0024257,0.39131,0.6905,0.91953,1.1022,1.2539,1.3766,1.461,1.4917,1.4509,1.3267,1.1193,0.85153,0.5766,0.36493,0.27263,0.30445,0.40441,0.47952,0.44483,0.25393,-0.083891,-0.50354,-0.90411,-1.1884,-1.3061,-1.2658,-1.1139,-0.90293,-0.67535,-0.46742,-0.31425,-0.24894,-0.28618,-0.40929,-0.56848,-0.69472,-0.72532,-0.62993,-0.42131,-0.14422,0.14921,0.41754,0.6377
-1.7193,-0.88233,-0.29663,-0.114,-0.098109,-0.027351,0.1143,0.24964,0.3035,0.24184,0.094717,-0.075652,-0.23707,-0.42013,-0.66879,-0.97946,-1.2704,-1.4241,-1.3749,-1.1624,-0.88852,-0.63974,-0.45152,-0.31494,-0.20444,-0.11335,-0.087185,-0.21106,-0.53518,-0.99871,-1.4477,-1.7152,-1.7032,-1.4191,-0.95553,-0.43321,0.048702,0.43881,0.73114,0.94665,1.1118,1.2454,1.3525,1.4253,1.4482,1.4025,1.2731,1.057,0.77541,0.48166,0.25328,0.15601,0.2001,0.3261,0.43148,0.42265,0.24801,-0.084136,-0.50617,-0.91299,-1.2016,-1.3194,-1.2765,-1.1224,-0.9106,-0.68263,-0.4721,-0.31536,-0.24489,-0.27856,-0.40314,-0.56996,-0.70729,-0.74705,-0.6543,-0.44066,-0.15421,0.15057,0.42993,0.65937
-1.7057,-0.91756,-0.37412,-0.22015,-0.22583,-0.17637,-0.055506,0.067529,0.12523,0.089252,-0.012121,-0.12914,-0.25226,-0.4205,-0.67857,-1.0165,-1.3418,-1.5212,-1.4773,-1.2473,-0.93809,-0.64169,-0.39685,-0.19653,-0.018,0.13652,0.20987,0.10489,-0.231,-0.73596,-1.2456,-1.5795,-1.6228,-1.3723,-0.92086,-0.39957,0.083229,0.47119,0.75573,0.95962,1.1092,1.2261,1.3162,1.3747,1.3896,1.3422,1.215,0.99911,0.70923,0.39712,0.1453,0.032483,0.080119,0.22806,0.36571,0.38776,0.23519,-0.086385,-0.50825,-0.92097,-1.2185,-1.3437,-1.3047,-1.1502,-0.93382,-0.69807,-0.47843,-0.31099,-0.23178,-0.26082,-0.38653,-0.5605,-0.7086,-0.75776,-0.66822,-0.45037,-0.15442,0.16051,0.44835,0.68436
-1.6904,-0.94921,-0.44126,-0.31196,-0.34105,-0.31921,-0.22479,-0.11855,-0.064002,-0.082753,-0.1466,-0.21705,-0.29836,-0.44149,-0.69221,-1.0368,-1.3794,-1.5781,-1.5429,-1.3059,-0.97523,-0.64449,-0.35246,-0.094066,0.14804,0.36203,0.47805,0.3916,0.046431,-0.49198,-1.0526,-1.4434,-1.5393,-1.328,-0.90212,-0.39507,0.080143,0.46294,0.7441,0.94261,1.0845,1.1887,1.2644,1.3116,1.3216,1.2796,1.1651,0.96271,0.68004,0.36291,0.094852,-0.037007,0.00017414,0.15278,0.30657,0.34977,0.21657,-0.092624,-0.51259,-0.93492,-1.25,-1.3946,-1.3689,-1.2169,-0.99203,-0.73964,-0.49889,-0.31138,-0.21497,-0.23125,-0.34978,-0.5227,-0.67504,-0.73094,-0.64685,-0.4301,-0.13252,0.18625,0.47836,0.71791
-1.6775,-0.96943,-0.48471,-0.37141,-0.41789,-0.4205,-0.34797,-0.25727,-0.20868,-0.2202,-0.26238,-0.30261,-0.35355,-0.47272,-0.70913,-1.0481,-1.392,-1.5964,-1.5669,-1.3309,-0.99361,-0.64667,-0.32789,-0.033214,0.24971,0.50154,0.64432,0.56896,0.21852,-0.3388,-0.92709,-1.3511,-1.4797,-1.2989,-0.89876,-0.41193,0.050321,0.42734,0.70765,0.90671,1.0473,1.1464,1.2141,1.2535,1.2609,1.2241,1.1233,0.94013,0.67517,0.36745,0.096359,-0.048516,-0.025247,0.12031,0.2774,0.32995,0.20671,-0.096632,-0.5184,-0.95171,-1.2874,-1.4551,-1.4467,-1.2998,-1.066,-0.79372,-0.52812,-0.31562,-0.19827,-0.19901,-0.30719,-0.47413,-0.62391,-0.67978,-0.59741,-0.38512,-0.090024,0.2259,0.51484,0.75127
-1.6591,-0.9928,-0.53491,-0.439,-0.50903,-0.54463,-0.50349,-0.43693,-0.39928,-0.40745,-0.43019,-0.43651,-0.45093,-0.53746,-0.74797,-1.0677,-1.3987,-1.5978,-1.5709,-1.34,-1.0027,-0.64598,-0.30504,0.023938,0.34872,0.63992,0.81028,0.74572,0.39052,-0.18321,-0.79731,-1.2542,-1.4207,-1.2801,-0.91877,-0.46498,-0.024795,0.34371,0.62682,0.83327,0.9777,1.0726,1.1283,1.1543,1.1565,1.1291,1.0548,0.90994,0.68492,0.40739,0.14774,-0.0057817,-0.0032003,0.12282,0.26942,0.32103,0.20281,-0.095469,-0.51966,-0.97205,-1.3414,-1.5515,-1.5789,-1.447,-1.2023,-0.89837,-0.59067,-0.33553,-0.17977,-0.14781,-0.22888,-0.37454,-0.51017,-0.56059,-0.48176,-0.27851,0.0016627,0.3025,0.57872,0.80611
-1.6386,-1.0111,-0.5774,-0.49637,-0.58966,-0.65763,-0.64751,-0.60384,-0.58053,-0.59155,-0.60228,-0.58282,-0.5657,-0.62407,-0.80766,-1.0994,-1.4059,-1.5896,-1.5578,-1.3297,-0.99735,-0.64059,-0.29031,0.057793,0.40767,0.72354,0.91255,0.85516,0.49779,-0.085699,-0.71683,-1.1978,-1.3977,-1.2971,-0.97795,-0.55909,-0.14027,0.22418,0.51613,0.73623,0.88919,0.98115,1.0233,1.0324,1.0256,1.0081,0.96581,0.87092,0.70317,0.47661,0.24792,0.097883,0.081119,0.17898,0.30315,0.345,0.22717,-0.068305,-0.49749,-0.97022,-1.383,-1.6486,-1.7244,-1.6164,-1.365,-1.0289,-0.67459,-0.3695,-0.16641,-0.092181,-0.13598,-0.24898,-0.35813,-0.39231,-0.31138,-0.12141,0.13832,0.41579,0.67033,0.8801
-1.622,-1.0214,-0.6054,-0.53556,-0.64603,-0.73549,-0.74691,-0.71845,-0.70611,-0.72196,-0.72713,-0.69335,-0.6577,-0.69746,-0.86111,-1.1316,-1.4165,-1.5835,-1.5438,-1.3157,-0.9865,-0.63166,-0.27985,0.073628,0.43226,0.7572,0.95249,0.89851,0.54045,-0.047003,-0.68671,-1.1827,-1.407,-1.3392,-1.0552,-0.66359,-0.2573,0.11123,0.41823,0.65557,0.81845,0.90808,0.93639,0.92761,0.91054,0.89976,0.88472,0.83351,0.71683,0.53897,0.3463,0.21136,0.18717,0.2636,0.36407,0.38884,0.26336,-0.03312,-0.46381,-0.94909,-1.3896,-1.6973,-1.8168,-1.7372,-1.4892,-1.1337,-0.74666,-0.40379,-0.16375,-0.053959,-0.062619,-0.14161,-0.22193,-0.23859,-0.15563,0.02305,0.26168,0.51614,0.75092,0.94619
-1.5978,-1.0315,-0.63984,-0.58679,-0.7185,-0.83296,-0.86729,-0.85504,-0.85463,-0.87708,-0.87864,-0.83119,-0.77751,-0.79685,-0.93784,-1.1823,-1.4384,-1.581,-1.5284,-1.2967,-0.96814,-0.6161,-0.26705,0.086043,0.44642,0.77431,0.9722,0.92082,0.56519,-0.022587,-0.66865,-1.186,-1.4512,-1.4389,-1.2085,-0.85203,-0.45187,-0.063595,0.27762,0.5467,0.72588,0.81043,0.81539,0.77752,0.7424,0.74036,0.76495,0.77714,0.73592,0.63085,0.49598,0.39196,0.36649,0.41685,0.48307,0.48066,0.34165,0.042607,-0.38898,-0.88426,-1.3561,-1.7159,-1.8946,-1.8609,-1.6308,-1.2642,-0.84486,-0.45862,-0.17047,-0.0094947,0.03528,0.0087774,-0.026906,-0.015395,0.073771,0.23738,0.4485,0.67091,0.8753,1.045
-1.5776,-1.0357,-0.66517,-0.62763,-0.77448,-0.90443,-0.94839,-0.94295,-0.94782,-0.97357,-0.9732,-0.91869,-0.85541,-0.86449,-0.99414,-1.2224,-1.4592,-1.585,-1.5211,-1.283,-0.95181,-0.60066,-0.25553,0.092286,0.44883,0.77588,0.97553,0.92819,0.57732,-0.0075845,-0.65932,-1.1985,-1.5036,-1.5417,-1.3562,-1.0232,-0.61893,-0.2044,0.17088,0.46783,0.66002,0.73989,0.72635,0.66493,0.61442,0.61651,0.66991,0.73126,0.74878,0.70234,0.61518,0.53885,0.51703,0.55194,0.59368,0.56913,0.41681,0.11389,-0.31643,-0.81416,-1.2978,-1.6843,-1.9022,-1.9085,-1.7053,-1.3449,-0.91379,-0.50256,-0.18055,0.019992,0.1075,0.123,0.12256,0.15604,0.25026,0.40336,0.59378,0.79251,0.97502,1.1268
-1.5484,-1.0363,-0.69974,-0.6895,-0.85662,-0.99935,-1.0464,-1.0401,-1.0443,-1.0683,-1.0631,-1.0002,-0.92911,-0.93292,-1.0555,-1.2708,-1.4895,-1.5966,-1.5179,-1.2695,-0.93172,-0.57882,-0.2381,0.10137,0.45078,0.77664,0.98355,0.94873,0.61257,0.035558,-0.62637,-1.2036,-1.5767,-1.6967,-1.579,-1.2763,-0.85589,-0.39285,0.038339,0.37699,0.585,0.65603,0.61502,0.52088,0.44991,0.4587,0.55062,0.67475,0.7672,0.79336,0.76634,0.72809,0.71668,0.73664,0.75121,0.69971,0.52987,0.22158,-0.2053,-0.69901,-1.1872,-1.5945,-1.8506,-1.9036,-1.7413,-1.4042,-0.97483,-0.54612,-0.19157,0.053582,0.19426,0.26524,0.31327,0.37854,0.48233,0.62444,0.78955,0.95684,1.1088,1.235
-1.5159,-1.0319,-0.73572,-0.76186,-0.94959,-1.0965,-1.1349,-1.1157,-1.1079,-1.1211,-1.1035,-1.0295,-0.95466,-0.96153,-1.0884,-1.3015,-1.5119,-1.6089,-1.5206,-1.2629,-0.91714,-0.5596,-0.21838,0.11885,0.46619,0.79542,1.0136,0.99867,0.68359,0.12007,-0.55011,-1.1697,-1.6198,-1.8335,-1.7923,-1.5159,-1.0684,-0.54845,-0.062071,0.31055,0.52708,0.58342,0.51384,0.38958,0.30136,0.31873,0.44733,0.62794,0.78452,0.87342,0.89771,0.89219,0.89141,0.9019,0.89626,0.82523,0.64395,0.33453,-0.085476,-0.56812,-1.0522,-1.4666,-1.7441,-1.8317,-1.7094,-1.4067,-0.99714,-0.56842,-0.19373,0.088392,0.27672,0.39753,0.488,0.58045,0.6927,0.82605,0.97066,1.1132,1.2413,1.347
-1.49,-1.0248,-0.76405,-0.82461,-1.0299,-1.1736,-1.1964,-1.1579,-1.133,-1.1307,-1.0989,-1.0157,-0.94012,-0.95432,-1.0901,-1.3087,-1.52,-1.6157,-1.5249,-1.2632,-0.91191,-0.54868,-0.20328,0.13721,0.48778,0.8243,1.0562,1.0613,0.76723,0.21847,-0.4534,-1.1014,-1.6072,-1.8919,-1.9086,-1.652,-1.1843,-0.62633,-0.10813,0.27911,0.493,0.5345,0.44473,0.30257,0.20719,0.2329,0.38467,0.59845,0.79146,0.91665,0.97226,0.98811,0.99568,1.0039,0.98762,0.90592,0.71981,0.41376,0.0036606,-0.46786,-0.94245,-1.3553,-1.6415,-1.7474,-1.6501,-1.374,-0.98501,-0.56595,-0.18639,0.11473,0.33214,0.48548,0.60467,0.71617,0.835,0.96404,1.0961,1.2221,1.3337,1.4259
-1.4527,-1.0097,-0.80457,-0.92309,-1.154,-1.2849,-1.2739,-1.1981,-1.1398,-1.1065,-1.0495,-0.95117,-0.87587,-0.90294,-1.0551,-1.2887,-1.5114,-1.6158,-1.5312,-1.2706,-0.9139,-0.54129,-0.186,0.1626,0.52415,0.87809,1.1378,1.1771,0.91849,0.39495,-0.27214,-0.94599,-1.5114,-1.8752,-1.958,-1.7269,-1.2435,-0.65699,-0.12195,0.26216,0.45679,0.47056,0.35363,0.19405,0.098178,0.14203,0.3239,0.57097,0.79571,0.9485,1.0278,1.0622,1.0814,1.0931,1.0765,0.99374,0.81025,0.51268,0.11605,-0.33988,-0.80271,-1.2098,-1.4985,-1.6174,-1.5453,-1.3026,-0.94478,-0.54535,-0.16619,0.15336,0.40173,0.58974,0.73908,0.8706,0.99728,1.1229,1.2435,1.3547,1.4517,1.5314
-1.4231,-0.99508,-0.83706,-1.0064,-1.2598,-1.3763,-1.3306,-1.2173,-1.1254,-1.0644,-0.98512,-0.87568,-0.80072,-0.83634,-1.0018,-1.2502,-1.4881,-1.6086,-1.5379,-1.2842,-0.92609,-0.54564,-0.1794,0.18144,0.55734,0.93019,1.214,1.2808,1.0489,0.54703,-0.10959,-0.78803,-1.3776,-1.7775,-1.8947,-1.6816,-1.2023,-0.61946,-0.096673,0.26544,0.4324,0.41876,0.28099,0.11287,0.02316,0.085195,0.28873,0.55379,0.791,0.95147,1.036,1.0754,1.1004,1.1189,1.1102,1.0369,0.86446,0.5794,0.19582,-0.24881,-0.70297,-1.1056,-1.395,-1.5211,-1.4632,-1.2406,-0.90354,-0.51978,-0.14544,0.18136,0.44628,0.65506,0.82396,0.96964,1.1028,1.2281,1.343,1.4451,1.5323,1.6043
-1.3816,-0.97199,-0.88089,-1.1287,-1.4176,-1.5079,-1.4053,-1.2313,-1.0865,-0.9835,-0.87456,-0.75129,-0.6762,-0.7212,-0.90313,-1.1724,-1.436,-1.5862,-1.5444,-1.3102,-0.9567,-0.56808,-0.18544,0.19778,0.59985,1.0031,1.3193,1.42,1.221,0.75018,0.12093,-0.53949,-1.1231,-1.5321,-1.6702,-1.4845,-1.0391,-0.49855,-0.026003,0.28146,0.39544,0.33703,0.17053,-0.0037884,-0.076925,0.013801,0.24355,0.52282,0.76189,0.91718,0.99619,1.0348,1.0664,1.0995,1.1112,1.0618,0.91509,0.6552,0.29343,-0.135,-0.57966,-0.98012,-1.2733,-1.4082,-1.3651,-1.1634,-0.85071,-0.4846,-0.11644,0.21775,0.50048,0.7312,0.91996,1.0796,1.22,1.3462,1.459,1.5573,1.6396,1.7057
-1.3393,-0.9429,-0.92263,-1.2611,-1.591,-1.6516,-1.4797,-1.2348,-1.0315,-0.88419,-0.74999,-0.61576,-0.54046,-0.59334,-0.78838,-1.0759,-1.3648,-1.5481,-1.5424,-1.3373,-0.9985,-0.60876,-0.21213,0.19373,0.62487,1.0597,1.4077,1.5394,1.3718,0.93526,0.34547,-0.2724,-0.81492,-1.195,-1.3276,-1.1718,-0.78731,-0.32511,0.065052,0.29514,0.34219,0.23339,0.038823,-0.13702,-0.18814,-0.066229,0.18689,0.47248,0.7019,0.83817,0.89802,0.92611,0.96194,1.0142,1.058,1.0464,0.93694,0.70962,0.37359,-0.03708,-0.47152,-0.8685,-1.165,-1.3102,-1.2835,-1.1018,-0.80889,-0.45617,-0.091065,0.25075,0.54875,0.79757,1.0028,1.1744,1.3216,1.4506,1.5634,1.6602,1.7406,1.8046
-1.3072,-0.91743,-0.95151,-1.3626,-1.7285,-1.7653,-1.5362,-1.2342,-0.98386,-0.8053,-0.65462,-0.51617,-0.4432,-0.50096,-0.70274,-0.9999,-1.3042,-1.5106,-1.534,-1.357,-1.0363,-0.65106,-0.24691,0.17484,0.62623,1.0826,1.4519,1.6036,1.4583,1.0497,0.49525,-0.079223,-0.57621,-0.91744,-1.0347,-0.89946,-0.57066,-0.18197,0.13343,0.297,0.28952,0.1411,-0.07484,-0.25126,-0.28544,-0.14075,0.12825,0.41578,0.63312,0.75028,0.79007,0.80501,0.84103,0.90949,0.98053,1.0029,0.92797,0.7313,0.41947,0.025684,-0.39904,-0.79309,-1.0925,-1.2454,-1.2302,-1.0622,-0.78236,-0.43778,-0.073751,0.27427,0.58335,0.84453,1.0604,1.2398,1.3921,1.5235,1.638,1.7363,1.8176,1.881
-1.264,-0.87871,-0.98227,-1.494,-1.9148,-1.9194,-1.6141,-1.2329,-0.92051,-0.70307,-0.53592,-0.39685,-0.33035,-0.39361,-0.59867,-0.90122,-1.2175,-1.4482,-1.5097,-1.3754,-1.0876,-0.71605,-0.30737,0.13041,0.60223,1.0789,1.4669,1.6392,1.5217,1.1535,0.65414,0.14802,-0.27596,-0.55443,-0.64463,-0.536,-0.28566,-0.0015735,0.20817,0.27951,0.19908,-0.00017608,-0.24119,-0.41624,-0.42947,-0.2595,0.023762,0.30774,0.50532,0.5923,0.60197,0.59797,0.63458,0.72546,0.83522,0.90435,0.87748,0.72514,0.45043,0.08531,-0.32006,-0.70316,-0.99936,-1.1579,-1.1575,-1.01,-0.74813,-0.41338,-0.047376,0.31158,0.63523,0.91042,1.1378,1.3259,1.4842,1.6196,1.7366,1.836,1.9176,1.9809
-1.2231,-0.83558,-1.0011,-1.6116,-2.094,-2.072,-1.6915,-1.2338,-0.86328,-0.61174,-0.43477,-0.30229,-0.24441,-0.31123,-0.51462,-0.81273,-1.1292,-1.3741,-1.4682,-1.3776,-1.1286,-0.77944,-0.37555,0.068287,0.54766,1.0296,1.423,1.608,1.5167,1.192,0.75475,0.32379,-0.021323,-0.23599,-0.299,-0.21795,-0.043393,0.14007,0.24974,0.2355,0.090374,-0.15155,-0.4121,-0.58609,-0.58661,-0.40194,-0.11248,0.16504,0.3441,0.40281,0.38194,0.35597,0.38961,0.49965,0.64707,0.76213,0.78155,0.6724,0.43767,0.10853,-0.26413,-0.62115,-0.9031,-1.0623,-1.0751,-0.94602,-0.6997,-0.37253,-0.004945,0.3624,0.6976,0.98414,1.2206,1.4149,1.5771,1.7158,1.8352,1.9362,2.0182,2.0804
-1.1948,-0.80043,-1.0042,-1.6848,-2.2144,-2.1803,-1.7492,-1.2386,-0.82827,-0.55485,-0.37446,-0.25021,-0.20034,-0.26905,-0.46723,-0.75616,-1.065,-1.3119,-1.4234,-1.3617,-1.1424,-0.81503,-0.42357,0.013202,0.48654,0.96147,1.3506,1.5398,1.4667,1.1759,0.78652,0.412,0.12406,-0.045602,-0.089535,-0.026934,0.096221,0.21111,0.25361,0.1851,0.0016526,-0.26115,-0.53024,-0.70592,-0.70494,-0.52045,-0.23287,0.039418,0.20729,0.25011,0.21056,0.16913,0.19774,0.31763,0.48575,0.62961,0.68115,0.604,0.39979,0.10179,-0.24108,-0.57119,-0.83286,-0.98275,-0.99846,-0.88,-0.64517,-0.32356,0.044106,0.41531,0.75558,1.0464,1.2857,1.4814,1.6449,1.7847,1.9061,2.0095,2.0932,2.155
-1.1606,-0.75218,-0.9927,-1.7523,-2.3461,-2.3072,-1.8223,-1.2507,-0.79331,-0.49613,-0.31635,-0.2066,-0.17073,-0.24125,-0.42787,-0.69632,-0.98421,-1.2208,-1.3418,-1.309,-1.127,-0.83387,-0.47067,-0.060475,0.38568,0.83398,1.2049,1.3924,1.3405,1.0941,0.76559,0.46219,0.24387,0.12994,0.1099,0.15534,0.22174,0.25894,0.22516,0.097635,-0.1211,-0.39871,-0.66984,-0.84568,-0.85125,-0.6774,-0.40164,-0.14048,0.017262,0.046044,-0.0083488,-0.061301,-0.036386,0.089076,0.27375,0.43989,0.51752,0.47086,0.30372,0.049736,-0.2414,-0.51835,-0.73632,-0.86207,-0.87516,-0.76763,-0.54544,-0.23201,0.13414,0.50675,0.84784,1.1378,1.3748,1.5683,1.7303,1.8708,1.9929,2.0972,2.1813,2.2428
-1.1386,-0.71533,-0.97164,-1.775,-2.4155,-2.3829,-1.8712,-1.2635,-0.77603,-0.46478,-0.28802,-0.19174,-0.16842,-0.24068,-0.41635,-0.66448,-0.92904,-1.1475,-1.2649,-1.2459,-1.0886,-0.82282,-0.48729,-0.1079,0.30323,0.7167,1.0622,1.2415,1.2024,0.98723,0.70247,0.44868,0.27847,0.20237,0.19968,0.23565,0.26755,0.25756,0.17842,0.019134,-0.21336,-0.4907,-0.75626,-0.93194,-0.94762,-0.7913,-0.53001,-0.27504,-0.11869,-0.087019,-0.141,-0.19762,-0.17826,-0.056174,0.12748,0.29733,0.38343,0.35115,0.20653,-0.01468,-0.26433,-0.49593,-0.67296,-0.77011,-0.7701,-0.66179,-0.44509,-0.13693,0.22391,0.59012,0.92334,1.2048,1.4344,1.6227,1.7823,1.9216,2.0463,2.1539,2.2405,2.3026
-1.1153,-0.66643,-0.926,-1.7652,-2.4577,-2.4502,-1.9238,-1.2829,-0.76404,-0.43638,-0.2658,-0.18997,-0.1855,-0.2621,-0.42291,-0.63968,-0.86362,-1.0456,-1.1452,-1.1328,-1.001,-0.7712,-0.47909,-0.152,0.19641,0.54508,0.83882,0.99553,0.9666,0.7885,0.55762,0.36359,0.25084,0.21998,0.24074,0.27069,0.26898,0.21063,0.085895,-0.10056,-0.3375,-0.60108,-0.84986,-1.0213,-1.0518,-0.92158,-0.68276,-0.43648,-0.27318,-0.22669,-0.26428,-0.31065,-0.29271,-0.18441,-0.019616,0.13208,0.20743,0.17742,0.052555,-0.1296,-0.32282,-0.4889,-0.60343,-0.6523,-0.62367,-0.50465,-0.28874,0.011038,0.35939,0.70981,1.0246,1.2868,1.4987,1.6733,1.825,1.9636,2.0904,2.2024,2.2938,2.3601
-1.1012,-0.61915,-0.86141,-1.707,-2.436,-2.4687,-1.9522,-1.2991,-0.75979,-0.42045,-0.25712,-0.20415,-0.2205,-0.30436,-0.45244,-0.63495,-0.81077,-0.94526,-1.0127,-0.9922,-0.87598,-0.67983,-0.43588,-0.17142,0.1004,0.3683,0.59474,0.71557,0.68731,0.5378,0.35171,0.20742,0.14268,0.1519,0.19834,0.23281,0.21375,0.12353,-0.031607,-0.23314,-0.46273,-0.70382,-0.92856,-1.0902,-1.1324,-1.0266,-0.80736,-0.5624,-0.38037,-0.30194,-0.30651,-0.33166,-0.31348,-0.22673,-0.097935,0.014719,0.058075,0.010977,-0.11021,-0.26443,-0.40838,-0.51159,-0.56113,-0.55357,-0.4835,-0.34008,-0.11597,0.17685,0.50502,0.8263,1.1084,1.3391,1.5247,1.6807,1.8228,1.961,2.094,2.216,2.318,2.3929
-1.0963,-0.58689,-0.8024,-1.6317,-2.3744,-2.4436,-1.9531,-1.3042,-0.75894,-0.41469,-0.25735,-0.22029,-0.25423,-0.34598,-0.48548,-0.64282,-0.78129,-0.87592,-0.91245,-0.87826,-0.76765,-0.59394,-0.38645,-0.17173,0.039002,0.24152,0.41229,0.49941,0.46298,0.32576,0.16269,0.047758,0.014217,0.053339,0.12206,0.16608,0.14188,0.035899,-0.13367,-0.33917,-0.55806,-0.77796,-0.98137,-1.1316,-1.1771,-1.085,-0.87612,-0.62737,-0.42571,-0.31603,-0.28846,-0.29191,-0.27104,-0.20177,-0.10604,-0.032805,-0.025895,-0.098569,-0.2285,-0.372,-0.4865,-0.54722,-0.54936,-0.49721,-0.39096,-0.22326,0.011095,0.29934,0.60993,0.90388,1.1532,1.3509,1.5084,1.6457,1.7805,1.9204,2.0632,2.198,2.3118,2.3954
-1.0973,-0.54834,-0.7115,-1.4919,-2.2339,-2.3546,-1.9178,-1.2947,-0.75509,-0.41231,-0.26355,-0.24658,-0.30392,-0.40802,-0.53901,-0.66503,-0.75547,-0.79732,-0.78981,-0.73115,-0.62099,-0.47191,-0.30938,-0.15676,-0.023512,0.093673,0.187,0.22163,0.16322,0.028391,-0.11709,-0.20467,-0.20219,-0.12457,-0.022567,0.039854,0.01641,-0.10036,-0.28215,-0.48756,-0.68901,-0.87688,-1.0454,-1.1712,-1.2117,-1.1279,-0.92736,-0.67143,-0.44009,-0.28721,-0.21447,-0.18651,-0.15996,-0.11382,-0.063039,-0.04599,-0.095216,-0.21361,-0.3696,-0.51371,-0.60241,-0.61666,-0.56117,-0.44973,-0.29082,-0.08475,0.16712,0.44818,0.72843,0.97516,1.1696,1.3145,1.4295,1.5397,1.6647,1.8114,1.9704,2.1258,2.2608,2.3638
-1.1035,-0.5228,-0.63573,-1.3627,-2.0888,-2.2472,-1.8616,-1.272,-0.7474,-0.41104,-0.27029,-0.2677,-0.34156,-0.45552,-0.58308,-0.68979,-0.748,-0.75222,-0.71173,-0.63335,-0.52067,-0.38572,-0.25143,-0.13928,-0.056784,0.0035567,0.042185,0.035968,-0.044788,-0.18829,-0.33169,-0.40859,-0.3869,-0.28416,-0.1567,-0.075981,-0.091101,-0.20878,-0.39251,-0.59359,-0.77955,-0.94137,-1.0814,-1.1858,-1.2171,-1.1358,-0.93764,-0.6735,-0.42103,-0.23744,-0.1348,-0.086764,-0.056495,-0.02551,-0.0058393,-0.028879,-0.12021,-0.27623,-0.45934,-0.61358,-0.69477,-0.68458,-0.59182,-0.43701,-0.23682,0.00012944,0.26603,0.54026,0.79425,1.0003,1.1468,1.2443,1.3203,1.4063,1.5245,1.6793,1.8573,2.0365,2.195,2.3177
-1.1178,-0.49384,-0.52861,-1.1676,-1.8537,-2.0547,-1.7443,-1.2161,-0.7269,-0.40836,-0.28233,-0.29775,-0.39095,-0.51795,-0.64443,-0.73279,-0.75513,-0.71396,-0.63205,-0.52851,-0.41226,-0.29304,-0.18897,-0.11869,-0.087238,-0.083422,-0.10012,-0.15389,-0.27208,-0.44317,-0.60274,-0.67988,-0.64102,-0.50784,-0.34709,-0.23857,-0.23737,-0.348,-0.52776,-0.71798,-0.87874,-1.0035,-1.1016,-1.1712,-1.1843,-1.1013,-0.90768,-0.64009,-0.36996,-0.15675,-0.02247,0.047994,0.082958,0.097767,0.082456,0.010876,-0.13542,-0.34439,-0.5691,-0.74676,-0.82621,-0.79088,-0.65556,-0.44861,-0.19595,0.082616,0.36697,0.63096,0.84489,0.98786,1.06,1.0856,1.1045,1.1574,1.2695,1.442,1.6528,1.8696,2.0636,2.2163
-1.1397,-0.47235,-0.42016,-0.95519,-1.585,-1.8154,-1.5843,-1.1311,-0.69351,-0.40502,-0.29837,-0.33072,-0.43818,-0.57593,-0.70561,-0.78266,-0.77808,-0.70098,-0.58551,-0.46123,-0.34223,-0.23651,-0.15563,-0.11256,-0.10809,-0.13157,-0.17574,-0.26183,-0.4182,-0.62981,-0.82379,-0.9175,-0.87333,-0.71755,-0.52784,-0.39323,-0.37361,-0.47101,-0.63717,-0.80535,-0.93313,-1.015,-1.069,-1.1026,-1.0953,-1.0094,-0.8239,-0.56441,-0.29337,-0.070905,0.076395,0.15657,0.19147,0.19228,0.14959,0.039806,-0.15158,-0.40776,-0.67534,-0.88178,-0.97084,-0.92075,-0.74852,-0.4912,-0.18738,0.12969,0.42889,0.67792,0.8476,0.9229,0.91395,0.85829,0.81104,0.82585,0.93374,1.1306,1.3844,1.6504,1.8903,2.0811
-1.1602,-0.46247,-0.34056,-0.79234,-1.3717,-1.615,-1.4406,-1.0487,-0.65921,-0.40316,-0.31573,-0.35894,-0.47322,-0.61551,-0.7471,-0.82065,-0.80406,-0.7086,-0.57546,-0.441,-0.32173,-0.22362,-0.15353,-0.11921,-0.1185,-0.14189,-0.1881,-0.28617,-0.4676,-0.71248,-0.9383,-1.0527,-1.0132,-0.84869,-0.64337,-0.49247,-0.45829,-0.54157,-0.69124,-0.83705,-0.93566,-0.98363,-1.0036,-1.01,-0.98768,-0.90236,-0.72948,-0.48617,-0.22784,-0.011572,0.13411,0.21345,0.24429,0.23479,0.17415,0.038847,-0.18326,-0.47147,-0.7676,-0.99512,-1.0901,-1.0298,-0.83287,-0.54131,-0.20195,0.14201,0.45032,0.68598,0.81944,0.84008,0.76609,0.64584,0.54682,0.53326,0.6403,0.86008,1.1501,1.4555,1.7319,1.954
-1.1925,-0.45792,-0.24208,-0.58044,-1.085,-1.3327,-1.2253,-0.91897,-0.60434,-0.40354,-0.34827,-0.40317,-0.51884,-0.65958,-0.79077,-0.86466,-0.84447,-0.73911,-0.59444,-0.45381,-0.33647,-0.24534,-0.18103,-0.14333,-0.12718,-0.12536,-0.15019,-0.24572,-0.4513,-0.73858,-1.01,-1.1593,-1.1363,-0.97168,-0.75555,-0.58891,-0.53581,-0.59716,-0.71803,-0.82833,-0.88437,-0.88803,-0.86602,-0.83873,-0.79891,-0.71632,-0.5661,-0.35667,-0.1318,0.058874,0.18728,0.25323,0.26936,0.2415,0.15569,-0.0093881,-0.26445,-0.58718,-0.9159,-1.1667,-1.2695,-1.1965,-0.96716,-0.63101,-0.24644,0.13035,0.44799,0.6642,0.7486,0.69558,0.53287,0.32275,0.15005,0.09553,0.20222,0.45597,0.8004,1.1662,1.4991,1.7685
-1.2307,-0.46328,-0.15811,-0.38349,-0.80931,-1.0491,-0.9971,-0.77388,-0.54329,-0.409,-0.39316,-0.45945,-0.56627,-0.69371,-0.81971,-0.89789,-0.88668,-0.78805,-0.64566,-0.50546,-0.39026,-0.30247,-0.23612,-0.18283,-0.13253,-0.083762,-0.064963,-0.13839,-0.35243,-0.67365,-0.98824,-1.1763,-1.1781,-1.0238,-0.8071,-0.63322,-0.56672,-0.60731,-0.69886,-0.77134,-0.78517,-0.74535,-0.68494,-0.6291,-0.57489,-0.49807,-0.37379,-0.2053,-0.026837,0.12064,0.21328,0.25106,0.24378,0.19286,0.082436,-0.11084,-0.39706,-0.75113,-1.1066,-1.3737,-1.4753,-1.3816,-1.1159,-0.73599,-0.31097,0.09248,0.41582,0.61009,0.64614,0.52268,0.27546,-0.021248,-0.26636,-0.36204,-0.25585,0.034712,0.43447,0.85999,1.2475,1.5626
-1.2622,-0.47519,-0.10684,-0.25102,-0.61719,-0.84432,-0.82471,-0.66074,-0.49568,-0.41774,-0.43585,-0.50922,-0.60313,-0.71239,-0.82933,-0.91279,-0.91647,-0.83309,-0.70028,-0.56465,-0.45171,-0.36353,-0.28993,-0.21703,-0.13211,-0.03856,0.023416,-0.024557,-0.23653,-0.57549,-0.91905,-1.1359,-1.161,-1.0204,-0.80902,-0.633,-0.55849,-0.5851,-0.65763,-0.70667,-0.69415,-0.6277,-0.54225,-0.46595,-0.40053,-0.32548,-0.21901,-0.082419,0.056418,0.16362,0.22041,0.22889,0.19814,0.12615,-0.0040708,-0.21848,-0.52724,-0.90315,-1.2756,-1.5494,-1.6445,-1.53,-1.2336,-0.82047,-0.36728,0.053212,0.37777,0.55641,0.56026,0.38994,0.084903,-0.27352,-0.57225,-0.69884,-0.59215,-0.27548,0.16561,0.63458,1.0602,1.406
-1.3085,-0.50278,-0.057277,-0.1,-0.38724,-0.58987,-0.60342,-0.51081,-0.43216,-0.43388,-0.50192,-0.58358,-0.65384,-0.72993,-0.82732,-0.91799,-0.94885,-0.89534,-0.78348,-0.65877,-0.54931,-0.45675,-0.36638,-0.25832,-0.11896,0.040495,0.16176,0.15086,-0.053138,-0.40642,-0.778,-1.0286,-1.0859,-0.97072,-0.77368,-0.60054,-0.51822,-0.52924,-0.58072,-0.60657,-0.56978,-0.47817,-0.36646,-0.26511,-0.18162,-0.10354,-0.015386,0.081645,0.16703,0.21745,0.22254,0.18706,0.11866,0.014228,-0.14818,-0.39365,-0.7309,-1.1308,-1.5194,-1.796,-1.8753,-1.7275,-1.3867,-0.92811,-0.43843,0.0020752,0.32658,0.48412,0.44698,0.21983,-0.15166,-0.57728,-0.9319,-1.0901,-0.98377,-0.63966,-0.15714,0.35528,0.82072,1.201
-1.3461,-0.53313,-0.036553,-0.0082357,-0.23781,-0.41869,-0.44822,-0.40199,-0.38606,-0.44886,-0.55652,-0.64432,-0.69269,-0.73861,-0.81705,-0.91115,-0.96407,-0.93756,-0.84583,-0.73138,-0.62412,-0.52605,-0.41946,-0.28127,-0.098771,0.10939,0.27314,0.28884,0.094149,-0.26453,-0.65102,-0.92397,-1.006,-0.91303,-0.73053,-0.56232,-0.47658,-0.47876,-0.51944,-0.53492,-0.48808,-0.38488,-0.25844,-0.14008,-0.041126,0.044191,0.12573,0.20005,0.24994,0.2587,0.22292,0.15204,0.054758,-0.074999,-0.25931,-0.52666,-0.88594,-1.3051,-1.705,-1.9802,-2.0412,-1.8614,-1.4836,-0.99217,-0.47973,-0.029169,0.29237,0.43395,0.37167,0.11315,-0.29314,-0.75399,-1.1397,-1.3183,-1.2161,-0.86165,-0.35942,0.17629,0.6635,1.0618
-1.3996,-0.58669,-0.031141,0.081721,-0.073174,-0.21899,-0.26151,-0.26667,-0.32753,-0.46918,-0.63114,-0.72673,-0.74236,-0.74365,-0.79329,-0.88861,-0.97036,-0.98287,-0.92184,-0.82225,-0.71531,-0.60484,-0.47186,-0.29159,-0.054172,0.21206,0.42503,0.47256,0.29117,-0.070633,-0.47433,-0.77519,-0.89157,-0.83051,-0.67014,-0.51057,-0.42253,-0.41696,-0.45056,-0.46156,-0.41093,-0.29986,-0.15839,-0.018251,0.10432,0.20616,0.288,0.34206,0.35389,0.31602,0.23266,0.11811,-0.017276,-0.17928,-0.39288,-0.68574,-1.0671,-1.5041,-1.9137,-2.1829,-2.2188,-1.9978,-1.5735,-1.0418,-0.50326,-0.043773,0.26985,0.39175,0.30119,0.011075,-0.42456,-0.90817,-1.3088,-1.4965,-1.4005,-1.0488,-0.54498,-0.0041392,0.49151,0.90031
-1.4567,-0.65564,-0.053362,0.13623,0.052035,-0.056725,-0.10244,-0.14713,-0.27191,-0.48583,-0.69852,-0.80123,-0.78326,-0.73837,-0.75792,-0.85227,-0.96033,-1.012,-0.98355,-0.89842,-0.78737,-0.65837,-0.49511,-0.27414,0.010355,0.32292,0.57374,0.64604,0.47498,0.11108,-0.30718,-0.63366,-0.78397,-0.75742,-0.62325,-0.47573,-0.38799,-0.37721,-0.40877,-0.42248,-0.37575,-0.26366,-0.11047,0.05175,0.20049,0.32506,0.41478,0.45783,0.44381,0.37094,0.25328,0.10905,-0.051682,-0.23688,-0.47093,-0.7831,-1.1817,-1.6315,-2.0447,-2.3029,-2.3108,-2.05,-1.5861,-1.0263,-0.47596,-0.020449,0.27815,0.37861,0.26841,-0.033416,-0.46989,-0.9456,-1.337,-1.5233,-1.4382,-1.1078,-0.62614,-0.10357,0.37851,0.77812
-1.5026,-0.71735,-0.087206,0.15424,0.12003,0.041138,-0.0034878,-0.070184,-0.23452,-0.49385,-0.74032,-0.84752,-0.80614,-0.72922,-0.72814,-0.82114,-0.94677,-1.0252,-1.0189,-0.94235,-0.82586,-0.68064,-0.49389,-0.24514,0.068165,0.40709,0.67793,0.76245,0.59709,0.23274,-0.19208,-0.5354,-0.71163,-0.71475,-0.60436,-0.46923,-0.38253,-0.36766,-0.39574,-0.41081,-0.36854,-0.25897,-0.10186,0.072748,0.24008,0.38245,0.48405,0.5286,0.50543,0.41817,0.28403,0.12479,-0.048185,-0.24323,-0.48689,-0.80635,-1.2084,-1.6565,-2.0622,-2.3063,-2.2954,-2.016,-1.5376,-0.97008,-0.42069,0.025428,0.30821,0.39347,0.27242,-0.030538,-0.45498,-0.9071,-1.2725,-1.4448,-1.3677,-1.0633,-0.61654,-0.12666,0.33044,0.71352
-1.5663,-0.81218,-0.15424,0.14961,0.17988,0.14041,0.10228,0.015464,-0.18794,-0.49421,-0.77676,-0.88793,-0.8201,-0.70883,-0.68381,-0.77587,-0.92213,-1.0306,-1.0486,-0.98067,-0.8554,-0.68851,-0.47309,-0.19312,0.15024,0.51433,0.80245,0.89739,0.73767,0.37584,-0.054523,-0.41686,-0.62806,-0.67339,-0.59888,-0.48335,-0.39826,-0.37563,-0.39563,-0.4107,-0.37532,-0.27135,-0.11079,0.078957,0.26853,0.43306,0.54978,0.59979,0.57548,0.48317,0.34429,0.18151,0.0052718,-0.19427,-0.4405,-0.7591,-1.1548,-1.5895,-1.9744,-2.193,-2.1597,-1.8663,-1.3868,-0.83172,-0.30531,0.11233,0.36704,0.43097,0.30337,0.013874,-0.37624,-0.77957,-1.0971,-1.2428,-1.1745,-0.9109,-0.52231,-0.091212,0.31652,0.66323
-1.633,-0.9184,-0.24341,0.11818,0.20862,0.20718,0.17874,0.079055,-0.14793,-0.48411,-0.78901,-0.90149,-0.81621,-0.68074,-0.64051,-0.73306,-0.89503,-1.0274,-1.0651,-1.0032,-0.8693,-0.68359,-0.44459,-0.14157,0.22205,0.60118,0.89953,1.0027,0.85156,0.49689,0.067463,-0.30824,-0.54928,-0.63475,-0.59751,-0.50385,-0.42224,-0.38951,-0.39855,-0.40903,-0.3767,-0.27727,-0.11548,0.083714,0.28859,0.4684,0.59718,0.65622,0.6394,0.55716,0.43059,0.27962,0.11138,-0.083604,-0.3281,-0.6423,-1.0239,-1.4307,-1.7773,-1.9612,-1.9079,-1.6186,-1.1633,-0.64435,-0.15945,0.2163,0.43562,0.47669,0.34635,0.079805,-0.26214,-0.60207,-0.86034,-0.97298,-0.91056,-0.68842,-0.36148,0.0050192,0.35543,0.65554
-1.6832,-1.0034,-0.32108,0.079869,0.21376,0.23868,0.21701,0.1122,-0.12566,-0.47236,-0.78383,-0.89553,-0.80077,-0.65476,-0.60863,-0.70259,-0.87467,-1.0224,-1.0733,-1.0168,-0.8792,-0.68312,-0.43083,-0.11446,0.2597,0.64601,0.94995,1.0594,0.91773,0.57406,0.15133,-0.22828,-0.48701,-0.59939,-0.58924,-0.5119,-0.43267,-0.39068,-0.38697,-0.38816,-0.35339,-0.25698,-0.097994,0.10234,0.31181,0.49872,0.63446,0.70049,0.69334,0.62311,0.50996,0.37124,0.21183,0.020835,-0.22011,-0.52659,-0.89205,-1.2726,-1.5869,-1.7419,-1.677,-1.3977,-0.97108,-0.49158,-0.049236,0.28748,0.47575,0.5011,0.37423,0.13156,-0.16932,-0.45956,-0.67238,-0.7574,-0.69395,-0.49806,-0.2135,0.10429,0.408,0.66821
-1.7491,-1.1199,-0.43426,0.015206,0.20284,0.25949,0.2456,0.13632,-0.10774,-0.4548,-0.76321,-0.86964,-0.76803,-0.61649,-0.56771,-0.66583,-0.85022,-1.0165,-1.0855,-1.0387,-0.90064,-0.6968,-0.43306,-0.10463,0.27884,0.67051,0.9791,1.0985,0.97601,0.65723,0.255,-0.11882,-0.3916,-0.53334,-0.55433,-0.49808,-0.42022,-0.3634,-0.3351,-0.31539,-0.27137,-0.17725,-0.026628,0.1659,0.37162,0.55713,0.6942,0.76619,0.77168,0.72138,0.63191,0.51394,0.36677,0.17928,-0.062535,-0.3655,-0.71366,-1.0591,-1.3275,-1.4439,-1.3657,-1.1059,-0.72481,-0.30466,0.075434,0.35547,0.50193,0.50484,0.38273,0.17481,-0.066126,-0.28451,-0.43228,-0.47684,-0.40751,-0.23821,-0.0049714,0.25143,0.49476,0.70195
-1.7963,-1.2067,-0.52142,-0.040005,0.1856,0.26172,0.25159,0.13897,-0.10483,-0.4457,-0.7434,-0.84199,-0.73778,-0.58562,-0.53865,-0.6408,-0.83388,-1.0144,-1.0991,-1.0638,-0.92993,-0.72453,-0.45627,-0.12363,0.26257,0.65566,0.96815,1.098,0.9946,0.70012,0.32009,-0.041242,-0.314,-0.46727,-0.5044,-0.45954,-0.38156,-0.31191,-0.26461,-0.22714,-0.17258,-0.077784,0.06602,0.24781,0.44247,0.61926,0.75235,0.82661,0.83993,0.80369,0.72951,0.62363,0.48213,0.29427,0.047408,-0.25703,-0.59577,-0.91838,-1.1566,-1.2479,-1.1636,-0.921,-0.57547,-0.20051,0.13319,0.3725,0.48824,0.47949,0.36605,0.18649,-0.011113,-0.17937,-0.28034,-0.29175,-0.21074,-0.054083,0.14935,0.36468,0.56418,0.73138
-1.8525,-1.3159,-0.63506,-0.11633,0.15416,0.25147,0.2399,0.1215,-0.12059,-0.44692,-0.72393,-0.80623,-0.69621,-0.54555,-0.50172,-0.61033,-0.81708,-1.0191,-1.1293,-1.1158,-0.99394,-0.7904,-0.51974,-0.18591,0.19804,0.58952,0.90701,1.0542,0.98068,0.72427,0.38079,0.046509,-0.214,-0.36907,-0.4165,-0.37951,-0.29831,-0.2111,-0.13703,-0.0727,0.0004542,0.10003,0.23557,0.39997,0.57242,0.72839,0.84568,0.91277,0.93026,0.90624,0.84855,0.75707,0.62239,0.43024,0.17394,-0.13904,-0.47676,-0.78373,-0.99568,-1.0635,-0.97452,-0.75135,-0.44661,-0.12557,0.1508,0.33878,0.41979,0.39675,0.29678,0.15864,0.023161,-0.075435,-0.1141,-0.082773,0.014651,0.16176,0.33294,0.50264,0.65159,0.77001
-1.8994,-1.4124,-0.73981,-0.19005,0.11625,0.22743,0.20782,0.079074,-0.16082,-0.46934,-0.71873,-0.77808,-0.6581,-0.5062,-0.46595,-0.58239,-0.80551,-1.0334,-1.1738,-1.1873,-1.0834,-0.88857,-0.62147,-0.29271,0.084053,0.46952,0.78941,0.95379,0.91343,0.69921,0.39867,0.099464,-0.13813,-0.28228,-0.32706,-0.28924,-0.20174,-0.097867,0.002096,0.095902,0.19249,0.30371,0.43488,0.58014,0.7244,0.84896,0.93893,0.989,1.0021,0.98574,0.94235,0.86401,0.73455,0.53844,0.26777,-0.062213,-0.41005,-0.71467,-0.91559,-0.97598,-0.8906,-0.68897,-0.42041,-0.14279,0.09066,0.24304,0.29991,0.27455,0.19511,0.098902,0.020375,-0.01618,0.0013668,0.073622,0.19063,0.33283,0.48113,0.61504,0.72221,0.79877
-1.9261,-1.4725,-0.80932,-0.24161,0.085048,0.20139,0.17129,0.030766,-0.21013,-0.50457,-0.73002,-0.76799,-0.6363,-0.48025,-0.44117,-0.5651,-0.80215,-1.0507,-1.2159,-1.2523,-1.1651,-0.98065,-0.72067,-0.39862,-0.029515,0.34927,0.66862,0.84306,0.82481,0.64081,0.37264,0.10218,-0.1135,-0.2431,-0.27857,-0.23434,-0.13867,-0.022672,0.096204,0.21165,0.3281,0.45027,0.57996,0.71144,0.83274,0.93079,0.99709,1.0305,1.0361,1.0206,0.98295,0.91225,0.78918,0.59366,0.3194,-0.018862,-0.37796,-0.69435,-0.90591,-0.97516,-0.90301,-0.71629,-0.4646,-0.20586,0.0078671,0.14278,0.19182,0.16733,0.10363,0.038428,0.0016488,0.0095905,0.065925,0.16482,0.29317,0.43413,0.5661,0.67509,0.75391,0.80313
-1.9476,-1.5333,-0.88534,-0.30349,0.041215,0.15671,0.1069,-0.05522,-0.30114,-0.57772,-0.76952,-0.77334,-0.61861,-0.45255,-0.41317,-0.54685,-0.80413,-1.0821,-1.2812,-1.3496,-1.2875,-1.1208,-0.8743,-0.56429,-0.20845,0.15812,0.47146,0.65254,0.65442,0.50289,0.27203,0.038569,-0.14355,-0.24525,-0.25948,-0.19981,-0.092186,0.038513,0.17692,0.31894,0.46289,0.60743,0.74475,0.86409,0.95629,1.0137,1.0388,1.0403,1.0293,1.0136,0.9883,0.93577,0.82975,0.6456,0.3722,0.02432,-0.3527,-0.69205,-0.92916,-1.0263,-0.97945,-0.81659,-0.58563,-0.34295,-0.13945,-0.0076291,0.045403,0.037175,0.0017988,-0.025503,-0.019715,0.029855,0.12184,0.24623,0.38678,0.52357,0.63981,0.7237,0.77225,0.7903
-1.9529,-1.5625,-0.92867,-0.34334,0.0071454,0.1161,0.048057,-0.13445,-0.38716,-0.65131,-0.81693,-0.79123,-0.61371,-0.43629,-0.39548,-0.53594,-0.80872,-1.1092,-1.3336,-1.4258,-1.384,-1.2329,-0.99812,-0.69868,-0.35545,-0.0026901,0.30059,0.47962,0.49039,0.35647,0.1476,-0.062218,-0.221,-0.30008,-0.29449,-0.21803,-0.097716,0.043967,0.19531,0.35447,0.51952,0.68187,0.82827,0.94325,1.0159,1.0446,1.0374,1.011,0.98387,0.96628,0.95265,0.92012,0.83627,0.67157,0.41012,0.063738,-0.32388,-0.68536,-0.95263,-1.0819,-1.0633,-0.92053,-0.69948,-0.45713,-0.24679,-0.10381,-0.036108,-0.028235,-0.046139,-0.053835,-0.026448,0.044621,0.15447,0.28964,0.43202,0.56326,0.66542,0.73038,0.75843,0.75713
-1.9463,-1.58,-0.967,-0.38876,-0.039935,0.053755,-0.04283,-0.25593,-0.52251,-0.77279,-0.90258,-0.83309,-0.61943,-0.42172,-0.37715,-0.52757,-0.8201,-1.1474,-1.4026,-1.5252,-1.5099,-1.3797,-1.161,-0.87743,-0.55375,-0.22554,0.053467,0.21805,0.22982,0.1089,-0.079218,-0.26452,-0.39619,-0.44602,-0.41113,-0.31002,-0.17153,-0.017189,0.14975,0.3314,0.52529,0.71461,0.87624,0.98897,1.0407,1.0356,0.98947,0.92771,0.87857,0.85737,0.85975,0.85915,0.81608,0.69173,0.46424,0.13787,-0.25075,-0.63759,-0.95004,-1.1312,-1.1582,-1.0441,-0.83186,-0.58142,-0.3512,-0.18162,-0.086334,-0.051557,-0.047022,-0.038682,-0.0015687,0.074432,0.18565,0.31852,0.45394,0.57165,0.65646,0.70124,0.70819,0.68685
-1.9233,-1.5728,-0.98484,-0.42539,-0.090016,-0.017234,-0.14604,-0.39138,-0.67437,-0.91374,-1.0058,-0.88885,-0.63556,-0.41577,-0.36738,-0.52743,-0.8375,-1.1861,-1.4649,-1.6132,-1.6233,-1.5149,-1.3135,-1.0465,-0.74287,-0.44147,-0.19402,-0.056214,-0.059433,-0.18357,-0.36363,-0.53396,-0.64327,-0.66518,-0.59901,-0.47122,-0.315,-0.15123,0.024272,0.22226,0.44224,0.66184,0.8472,0.96812,1.0101,0.97843,0.89717,0.80292,0.73298,0.71281,0.73844,0.7782,0.78502,0.71432,0.53422,0.24225,-0.13262,-0.53164,-0.88043,-1.1115,-1.1842,-1.0986,-0.89308,-0.63013,-0.37469,-0.17447,-0.049422,0.0070206,0.021647,0.028268,0.054931,0.11575,0.20963,0.32381,0.43925,0.53652,0.60038,0.62544,0.61517,0.57982
-1.8978,-1.5534,-0.98679,-0.44901,-0.13009,-0.075365,-0.22905,-0.49762,-0.79316,-1.0247,-1.0882,-0.93428,-0.65164,-0.41653,-0.36519,-0.53137,-0.85188,-1.2119,-1.503,-1.6665,-1.6945,-1.6038,-1.4176,-1.1631,-0.87344,-0.59041,-0.36554,-0.25211,-0.27658,-0.41396,-0.59969,-0.76651,-0.86435,-0.86655,-0.77674,-0.627,-0.45786,-0.28925,-0.11366,0.090369,0.32568,0.56821,0.77595,0.91091,0.95571,0.91598,0.81937,0.70843,0.6276,0.60673,0.64604,0.71361,0.75891,0.73129,0.59441,0.33831,-0.014549,-0.41007,-0.77414,-1.0332,-1.1357,-1.0723,-0.87524,-0.60685,-0.33582,-0.11567,0.026398,0.094129,0.10932,0.1051,0.11228,0.14937,0.21887,0.30988,0.40403,0.48187,0.5292,0.54029,0.51871,0.47489
-1.8531,-1.5115,-0.97611,-0.47586,-0.18616,-0.15881,-0.34325,-0.64147,-0.95107,-1.1704,-1.1946,-0.99189,-0.67382,-0.42217,-0.36898,-0.54076,-0.8697,-1.2382,-1.5387,-1.7159,-1.7638,-1.6969,-1.5339,-1.2994,-1.0289,-0.76775,-0.57053,-0.49032,-0.54891,-0.71361,-0.91686,-1.088,-1.1767,-1.1577,-1.0404,-0.8649,-0.67998,-0.50861,-0.33567,-0.12988,0.11967,0.38778,0.62546,0.78815,0.85323,0.82534,0.73253,0.61825,0.53087,0.50748,0.55494,0.64664,0.73253,0.75734,0.67826,0.47654,0.16462,-0.21148,-0.57987,-0.86035,-0.99243,-0.95295,-0.76778,-0.49927,-0.22001,0.011721,0.1641,0.23508,0.24235,0.21693,0.19128,0.18862,0.21676,0.26845,0.32705,0.37442,0.39664,0.38854,0.3544,0.30484
-1.8005,-1.4579,-0.95278,-0.49773,-0.24418,-0.24574,-0.45777,-0.78026,-1.1004,-1.3033,-1.2866,-1.0387,-0.69089,-0.42865,-0.37635,-0.55214,-0.88315,-1.2505,-1.5506,-1.7347,-1.7996,-1.7573,-1.6208,-1.4108,-1.1612,-0.92007,-0.74536,-0.69311,-0.78317,-0.97846,-1.2044,-1.3871,-1.4742,-1.4412,-1.3014,-1.1043,-0.90754,-0.73927,-0.57898,-0.38339,-0.12944,0.16186,0.43697,0.64345,0.75207,0.76264,0.69861,0.60024,0.51508,0.48444,0.52535,0.62054,0.72527,0.78602,0.75336,0.60192,0.33609,-0.0059348,-0.35749,-0.6406,-0.78609,-0.76563,-0.59887,-0.34479,-0.075446,0.14984,0.29837,0.36217,0.35732,0.31169,0.25577,0.21337,0.19577,0.20094,0.21726,0.22956,0.22537,0.20053,0.15822,0.10733
-1.7581,-1.4132,-0.93036,-0.51142,-0.28771,-0.31104,-0.53945,-0.87534,-1.1987,-1.3855,-1.3372,-1.0601,-0.69612,-0.4305,-0.38181,-0.56053,-0.88851,-1.2478,-1.5414,-1.7269,-1.804,-1.7816,-1.6676,-1.4783,-1.2457,-1.018,-0.85574,-0.81834,-0.92712,-1.1433,-1.3868,-1.5809,-1.6698,-1.6295,-1.476,-1.2648,-1.0619,-0.89958,-0.7548,-0.57437,-0.32348,-0.017904,0.28806,0.53653,0.69231,0.74962,0.72523,0.65251,0.57451,0.53166,0.55,0.62524,0.72368,0.7951,0.78971,0.6749,0.44659,0.13539,-0.19687,-0.47224,-0.62325,-0.61705,-0.46884,-0.23343,0.02007,0.23349,0.3727,0.43021,0.41729,0.35838,0.28224,0.21321,0.16462,0.13705,0.12154,0.10566,0.0803,0.041509,-0.0069438,-0.056611
-1.7013,-1.3506,-0.8957,-0.52612,-0.34526,-0.39468,-0.63763,-0.98279,-1.3018,-1.4607,-1.3727,-1.0641,-0.68739,-0.42488,-0.3847,-0.56522,-0.88277,-1.2238,-1.5021,-1.6855,-1.7768,-1.7826,-1.7043,-1.5495,-1.343,-1.1315,-0.97916,-0.95184,-1.0763,-1.313,-1.5767,-1.7836,-1.8761,-1.8291,-1.6624,-1.4378,-1.2301,-1.0767,-0.95413,-0.79806,-0.55804,-0.23759,0.11032,0.42192,0.65315,0.78781,0.83166,0.80437,0.73722,0.6692,0.63593,0.65573,0.7173,0.78127,0.79758,0.72363,0.54274,0.27474,-0.02591,-0.2855,-0.43822,-0.44866,-0.32775,-0.12434,0.098479,0.28717,0.41051,0.45866,0.44073,0.37592,0.2869,0.19366,0.10929,0.038499,-0.021082,-0.07601,-0.13048,-0.18588,-0.23906,-0.28383
-1.6605,-1.3045,-0.86874,-0.53489,-0.38616,-0.45268,-0.70233,-1.0459,-1.3531,-1.4866,-1.3698,-1.0446,-0.66613,-0.41158,-0.37881,-0.55834,-0.86463,-1.1882,-1.4521,-1.6317,-1.7331,-1.7617,-1.7145,-1.5913,-1.4085,-1.2086,-1.059,-1.0327,-1.1626,-1.4084,-1.6811,-1.8932,-1.9858,-1.9354,-1.7625,-1.5311,-1.3188,-1.1693,-1.0599,-0.92248,-0.694,-0.36598,0.01287,0.37423,0.66563,0.86005,0.95406,0.95809,0.89491,0.80145,0.71979,0.68325,0.6988,0.74151,0.76167,0.71131,0.56453,0.33143,0.058204,-0.18759,-0.34001,-0.36477,-0.26861,-0.094007,0.10223,0.27101,0.38271,0.42813,0.41325,0.35246,0.26332,0.16204,0.060126,-0.036679,-0.1272,-0.21069,-0.28974,-0.36065,-0.41829,-0.45725
-1.6113,-1.2487,-0.83381,-0.54437,-0.43658,-0.52189,-0.77125,-1.1013,-1.3794,-1.4738,-1.3216,-0.98277,-0.61537,-0.37836,-0.35611,-0.5323,-0.82011,-1.1179,-1.3605,-1.5336,-1.6477,-1.7078,-1.7054,-1.6294,-1.4833,-1.3011,-1.1517,-1.1208,-1.2503,-1.5003,-1.7782,-1.9926,-2.083,-2.0271,-1.8454,-1.603,-1.3815,-1.2296,-1.1304,-1.0112,-0.79685,-0.46202,-0.048923,0.36977,0.7313,0.99637,1.1488,1.1863,1.1206,0.98342,0.82278,0.6925,0.62822,0.62644,0.6447,0.62448,0.52278,0.33438,0.095292,-0.13234,-0.28664,-0.33096,-0.26795,-0.13295,0.025924,0.16752,0.26783,0.31755,0.31902,0.27842,0.20349,0.10283,-0.014504,-0.13989,-0.26566,-0.38581,-0.49177,-0.5775,-0.63788,-0.67019
-1.57,-1.2031,-0.80453,-0.55428,-0.4826,-0.57873,-0.81711,-1.1171,-1.3526,-1.4016,-1.2186,-0.87873,-0.53346,-0.3231,-0.31437,-0.4853,-0.75163,-1.0214,-1.2424,-1.4091,-1.5348,-1.625,-1.6679,-1.6429,-1.5395,-1.3795,-1.2329,-1.1946,-1.3173,-1.5646,-1.8412,-2.0538,-2.1427,-2.083,-1.8918,-1.6319,-1.3888,-1.2186,-1.1113,-0.99636,-0.7908,-0.45806,-0.028727,0.4259,0.83522,1.1505,1.3421,1.3957,1.3143,1.1237,0.87676,0.64387,0.48763,0.43046,0.43964,0.44785,0.39384,0.25458,0.053072,-0.15655,-0.3135,-0.38109,-0.35622,-0.26479,-0.14446,-0.027496,0.066583,0.13151,0.16321,0.15797,0.11265,0.027777,-0.090879,-0.2331,-0.38594,-0.5352,-0.66646,-0.76801,-0.83256,-0.85858
-1.5459,-1.1775,-0.78844,-0.56314,-0.5137,-0.61398,-0.83553,-1.1032,-1.2991,-1.3115,-1.1099,-0.77607,-0.45283,-0.26633,-0.26952,-0.43575,-0.68448,-0.933,-1.1382,-1.3,-1.434,-1.5459,-1.6224,-1.637,-1.568,-1.427,-1.2832,-1.2386,-1.3558,-1.6017,-1.8769,-2.0873,-2.1742,-2.1121,-1.9138,-1.6383,-1.371,-1.1746,-1.0459,-0.92155,-0.71879,-0.39377,0.033219,0.49601,0.92252,1.2567,1.4611,1.5144,1.4131,1.1793,0.86651,0.5545,0.3257,0.2243,0.22817,0.26245,0.24886,0.14859,-0.024881,-0.22095,-0.3816,-0.46635,-0.4685,-0.40896,-0.31846,-0.22129,-0.12943,-0.050302,0.010018,0.039435,0.025231,-0.039026,-0.15019,-0.29673,-0.46173,-0.62644,-0.77148,-0.88136,-0.94768,-0.97013
-1.5222,-1.156,-0.7774,-0.57922,-0.55263,-0.64998,-0.83811,-1.052,-1.1875,-1.1524,-0.93268,-0.61452,-0.327,-0.17367,-0.19306,-0.35293,-0.57805,-0.79941,-0.98521,-1.1403,-1.2834,-1.4225,-1.5426,-1.6098,-1.586,-1.4702,-1.3291,-1.2764,-1.389,-1.6381,-1.9187,-2.1319,-2.217,-2.1493,-1.9381,-1.6369,-1.3298,-1.0854,-0.91346,-0.76305,-0.55979,-0.25273,0.1513,0.59896,1.0222,1.3586,1.5626,1.6032,1.4678,1.1731,0.77207,0.35569,0.03188,-0.12448,-0.12176,-0.045877,0.0018259,-0.037908,-0.16542,-0.33881,-0.50118,-0.61134,-0.65499,-0.64193,-0.59172,-0.51932,-0.43149,-0.33043,-0.22879,-0.14919,-0.11611,-0.14443,-0.2344,-0.37353,-0.5415,-0.71595,-0.87061,-0.98763,-1.0568,-1.0771
-1.5091,-1.1503,-0.78021,-0.60117,-0.58921,-0.67384,-0.81749,-0.96667,-1.0392,-0.95945,-0.72957,-0.4339,-0.18486,-0.066208,-0.10104,-0.25422,-0.45877,-0.65613,-0.82439,-0.97441,-1.1266,-1.2898,-1.4487,-1.5612,-1.5765,-1.4807,-1.34,-1.2835,-1.3984,-1.657,-1.9514,-2.1766,-2.2685,-2.1993,-1.9726,-1.6376,-1.28,-0.97735,-0.75377,-0.57317,-0.36985,-0.091393,0.27092,0.68049,1.0763,1.3956,1.5841,1.601,1.4262,1.0697,0.58394,0.069272,-0.34228,-0.54472,-0.52974,-0.3969,-0.27471,-0.24482,-0.32032,-0.4649,-0.62398,-0.75355,-0.83404,-0.86754,-0.86374,-0.82646,-0.75071,-0.63702,-0.49977,-0.37113,-0.28663,-0.26958,-0.32482,-0.44132,-0.59762,-0.76646,-0.92071,-1.0383,-1.1066,-1.1244
