0.40158,0.50111,0.32832,0.015763,-0.25859,-0.35488,-0.27493,-0.16924,-0.14888,-0.14735,-0.096685,-0.052014,-0.15154,-0.47614,-0.94266,-1.3569,-1.5578,-1.4917,-1.2047,-0.81693,-0.48224,-0.31828,-0.35936,-0.55653,-0.79466,-0.92676,-0.8508,-0.58278,-0.23382,0.068398,0.24351,0.27233,0.18414,0.030896,-0.13045,-0.25022,-0.29248,-0.24449,-0.12519,0.019379,0.13137,0.16895,0.1152,-0.02843,-0.26112,-0.59208,-1.025,-1.5409,-2.0893,-2.5937,-2.9813,-3.2217,-3.3559,-3.4778,-3.6744,-3.966,-4.2642,-4.3961,-4.2396,-3.8475,-3.3803,-2.9693,-2.6658,-2.4584,-2.2988,-2.1243,-1.8807,-1.5371,-1.1043,-0.62996,-0.1813,0.1811,0.42311,0.53986,0.5471,0.47011,0.33751,0.17427,0.00074247,-0.16831
0.4192,0.55515,0.40071,0.0924,-0.18391,-0.28468,-0.19578,-0.081132,-0.060398,-0.078962,-0.066286,-0.063132,-0.19434,-0.53961,-1.0293,-1.4906,-1.7627,-1.7725,-1.5379,-1.1575,-0.78961,-0.57816,-0.58121,-0.76356,-1.0086,-1.1511,-1.0605,-0.74259,-0.32859,0.033413,0.25437,0.31688,0.25336,0.11961,-0.026529,-0.13658,-0.17738,-0.13946,-0.042223,0.069129,0.14098,0.13696,0.048099,-0.11618,-0.35299,-0.67893,-1.1125,-1.651,-2.2502,-2.8203,-3.2588,-3.506,-3.5952,-3.6306,-3.7177,-3.887,-4.0718,-4.1384,-3.9948,-3.6789,-3.3165,-3.0101,-2.7955,-2.6474,-2.5008,-2.2831,-1.9535,-1.5211,-1.033,-0.54735,-0.11824,0.21483,0.433,0.53734,0.54301,0.47252,0.35006,0.19832,0.036125,-0.1227
0.43183,0.61294,0.48676,0.1913,-0.086202,-0.18953,-0.094001,0.029217,0.04709,0.00079169,-0.040021,-0.096111,-0.26674,-0.62973,-1.1379,-1.6404,-1.9935,-2.1088,-1.9539,-1.5861,-1.1687,-0.87785,-0.80251,-0.92932,-1.1571,-1.3103,-1.2252,-0.88481,-0.42435,-0.0098505,0.25684,0.35662,0.32328,0.21473,0.087935,-0.010282,-0.051384,-0.028536,0.037438,0.10451,0.12489,0.069337,-0.059399,-0.24069,-0.46847,-0.76647,-1.1773,-1.7234,-2.3721,-3.0207,-3.5212,-3.7649,-3.7717,-3.6691,-3.5873,-3.5814,-3.6189,-3.6149,-3.5083,-3.318,-3.1172,-2.9718,-2.8966,-2.8437,-2.7175,-2.4305,-1.9751,-1.4226,-0.87021,-0.38547,-0.00040982,0.2766,0.44949,0.52834,0.52716,0.46305,0.35418,0.21887,0.072979,-0.071336
0.43477,0.64653,0.54294,0.26072,-0.012449,-0.11937,-0.027421,0.10066,0.11569,0.047338,-0.033381,-0.13193,-0.33136,-0.70124,-1.2043,-1.7197,-2.1191,-2.3042,-2.2107,-1.8593,-1.4032,-1.0407,-0.8881,-0.95287,-1.146,-1.2998,-1.2391,-0.91949,-0.46111,-0.034084,0.2518,0.37139,0.35766,0.26645,0.15296,0.061746,0.019301,0.031217,0.076947,0.11562,0.10208,0.013114,-0.14022,-0.32805,-0.53975,-0.80806,-1.1914,-1.7291,-2.397,-3.0833,-3.6092,-3.8325,-3.7663,-3.5566,-3.3529,-3.2273,-3.1703,-3.1279,-3.0571,-2.9642,-2.8897,-2.872,-2.9064,-2.9253,-2.8109,-2.4709,-1.9279,-1.3035,-0.72105,-0.24915,0.095272,0.32406,0.45756,0.51358,0.50573,0.44579,0.34808,0.22624,0.093374,-0.039698
0.43124,0.67983,0.60873,0.34875,0.083077,-0.030661,0.050836,0.17519,0.18785,0.093189,-0.034856,-0.18809,-0.42308,-0.78925,-1.2648,-1.765,-2.1961,-2.4597,-2.4496,-2.1298,-1.6296,-1.1688,-0.89922,-0.85554,-0.97648,-1.1172,-1.1039,-0.85485,-0.44977,-0.04631,0.23959,0.37274,0.3782,0.30657,0.20871,0.12601,0.082897,0.083803,0.10887,0.1182,0.069857,-0.053117,-0.2296,-0.41835,-0.60423,-0.82925,-1.1688,-1.6793,-2.3443,-3.0415,-3.5631,-3.7357,-3.5695,-3.2324,-2.8934,-2.6407,-2.4899,-2.4176,-2.397,-2.4205,-2.499,-2.6395,-2.8128,-2.9241,-2.8268,-2.4281,-1.7989,-1.1118,-0.51693,-0.078853,0.20465,0.36847,0.45123,0.47884,0.4635,0.41087,0.32813,0.22437,0.10972,-0.0065242
0.42159,0.69999,0.663,0.43092,0.17852,0.055879,0.11637,0.2367,0.24421,0.13486,-0.033332,-0.23598,-0.49951,-0.85126,-1.2764,-1.7304,-2.1557,-2.4634,-2.5236,-2.2472,-1.7257,-1.1859,-0.80468,-0.64479,-0.67672,-0.79177,-0.83017,-0.6806,-0.37283,-0.03272,0.22516,0.35553,0.37113,0.31438,0.23019,0.15654,0.11528,0.1104,0.12246,0.11443,0.047017,-0.092807,-0.27866,-0.46286,-0.62622,-0.81364,-1.1105,-1.5812,-2.2114,-2.8719,-3.3403,-3.4364,-3.1798,-2.7491,-2.3219,-1.9919,-1.7882,-1.7055,-1.727,-1.8396,-2.0349,-2.299,-2.5836,-2.7739,-2.7051,-2.2877,-1.624,-0.92378,-0.34741,0.04512,0.26863,0.37426,0.41465,0.42173,0.40512,0.36373,0.29836,0.21332,0.11655,0.016762
0.41049,0.70736,0.69755,0.48997,0.2504,0.12028,0.16497,0.27344,0.28335,0.16904,-0.019175,-0.25312,-0.53202,-0.86572,-1.244,-1.6492,-2.0468,-2.3628,-2.4625,-2.2255,-1.7094,-1.1337,-0.68741,-0.45122,-0.41902,-0.50715,-0.57459,-0.50222,-0.28163,-0.0073744,0.21484,0.33303,0.35062,0.30183,0.22678,0.15928,0.12047,0.11447,0.12377,0.11301,0.043722,-0.098058,-0.28542,-0.46719,-0.61951,-0.78431,-1.0492,-1.4818,-2.0681,-2.6759,-3.0827,-3.1159,-2.8046,-2.3316,-1.8658,-1.5033,-1.2795,-1.1972,-1.2437,-1.4011,-1.6573,-1.9865,-2.332,-2.5724,-2.537,-2.1372,-1.4856,-0.80414,-0.25708,0.097081,0.279,0.34831,0.36494,0.36325,0.35022,0.32082,0.26965,0.1991,0.11618,0.029466
0.39307,0.70865,0.73575,0.56477,0.3468,0.20938,0.23027,0.32468,0.34246,0.23485,0.031946,-0.22878,-0.52039,-0.82217,-1.1343,-1.4625,-1.8017,-2.1007,-2.2304,-2.0481,-1.5689,-0.9858,-0.49145,-0.18437,-0.081006,-0.13066,-0.22343,-0.23984,-0.13563,0.039629,0.20072,0.29233,0.30611,0.26422,0.19884,0.13912,0.10564,0.10329,0.11797,0.11493,0.055584,-0.077553,-0.25914,-0.43635,-0.57944,-0.72281,-0.95036,-1.3279,-1.8387,-2.3519,-2.6578,-2.6096,-2.2505,-1.7524,-1.2717,-0.89734,-0.66671,-0.58828,-0.65376,-0.84594,-1.1457,-1.5229,-1.9179,-2.2098,-2.2316,-1.8949,-1.307,-0.6856,-0.19463,0.10644,0.24042,0.27286,0.26971,0.26657,0.266,0.25575,0.22629,0.17649,0.11213,0.041834
0.37907,0.70342,0.75695,0.61749,0.41873,0.28106,0.28229,0.36835,0.39651,0.30129,0.10198,-0.16756,-0.45977,-0.73844,-0.99963,-1.2702,-1.5619,-1.833,-1.9688,-1.8285,-1.3974,-0.83883,-0.33812,0.00045825,0.14356,0.11995,0.019363,-0.048863,-0.022141,0.078442,0.18894,0.25564,0.26281,0.22324,0.16343,0.10924,0.081161,0.085247,0.10808,0.11598,0.069714,-0.04996,-0.22093,-0.39206,-0.53067,-0.66375,-0.86686,-1.2003,-1.6462,-2.0788,-2.3071,-2.2078,-1.8308,-1.3349,-0.86208,-0.49504,-0.27004,-0.19682,-0.26899,-0.4705,-0.78056,-1.1689,-1.5777,-1.8936,-1.9605,-1.6913,-1.1792,-0.62416,-0.18724,0.071475,0.17481,0.18976,0.18282,0.18702,0.20026,0.20595,0.19245,0.15715,0.10581,0.047399
0.35894,0.6884,0.7767,0.68029,0.51297,0.38042,0.35864,0.4351,0.48225,0.41954,0.24145,-0.019147,-0.30498,-0.55143,-0.75475,-0.95362,-1.1782,-1.4042,-1.5371,-1.4485,-1.101,-0.61117,-0.13887,0.20982,0.38539,0.39168,0.28971,0.17216,0.11192,0.12207,0.16475,0.19596,0.19138,0.15427,0.10125,0.055907,0.036046,0.049479,0.084668,0.11048,0.087936,-0.0060555,-0.15561,-0.31452,-0.44732,-0.56902,-0.74098,-1.0138,-1.3677,-1.6925,-1.8277,-1.6821,-1.3072,-0.8382,-0.39597,-0.053016,0.15671,0.22246,0.14904,-0.04826,-0.34904,-0.72468,-1.1239,-1.4505,-1.5723,-1.4072,-1.0189,-0.57419,-0.21895,-0.014041,0.059071,0.063593,0.061826,0.081388,0.11473,0.14163,0.14744,0.13006,0.095185,0.051772
0.33654,0.66175,0.78287,0.73051,0.60102,0.47825,0.44321,0.51042,0.58194,0.5609,0.42388,0.18903,-0.076646,-0.29513,-0.45156,-0.595,-0.76093,-0.93908,-1.0607,-1.0192,-0.76479,-0.37041,0.039808,0.36889,0.55716,0.58571,0.48697,0.33568,0.20927,0.14366,0.12777,0.12561,0.11056,0.075334,0.02956,-0.0095992,-0.023997,-0.0038546,0.043746,0.090298,0.096105,0.034464,-0.085783,-0.22393,-0.34393,-0.45097,-0.59125,-0.80409,-1.0697,-1.2967,-1.3594,-1.1939,-0.8467,-0.42685,-0.035262,0.26759,0.45208,0.50834,0.44012,0.26111,-0.010248,-0.34945,-0.71369,-1.0265,-1.1836,-1.1142,-0.85497,-0.53014,-0.26431,-0.11432,-0.065861,-0.062718,-0.051002,-0.01138,0.042652,0.087474,0.10978,0.10636,0.08342,0.05068
0.31859,0.63386,0.77584,0.75743,0.65975,0.54906,0.50739,0.56884,0.65747,0.67362,0.57463,0.37218,0.13017,-0.067994,-0.19925,-0.30958,-0.4402,-0.58809,-0.6992,-0.68828,-0.50606,-0.1935,0.15743,0.46022,0.64875,0.68797,0.59168,0.42272,0.2555,0.14185,0.086313,0.062801,0.041992,0.010121,-0.029759,-0.063811,-0.074874,-0.051769,0.0021249,0.061171,0.08765,0.053217,-0.036986,-0.14844,-0.24909,-0.33977,-0.4562,-0.62798,-0.83534,-1.0016,-1.0267,-0.8623,-0.54921,-0.17966,0.16385,0.42699,0.58443,0.62909,0.56582,0.40669,0.16787,-0.12984,-0.4523,-0.73939,-0.90844,-0.89818,-0.72797,-0.49155,-0.29154,-0.17933,-0.14423,-0.13782,-0.11515,-0.063579,0.00071699,0.054176,0.084184,0.088471,0.073313,0.048163
0.29192,0.58403,0.74788,0.77587,0.72127,0.63357,0.58768,0.63806,0.7466,0.81062,0.76822,0.6204,0.42168,0.25173,0.1465,0.070604,-0.022761,-0.13952,-0.24119,-0.26738,-0.17611,0.025881,0.29024,0.54815,0.72698,0.77425,0.68273,0.49519,0.28416,0.11495,0.014477,-0.032131,-0.056957,-0.082085,-0.1127,-0.13954,-0.14771,-0.12419,-0.068382,0.0016198,0.0536,0.061339,0.023392,-0.037219,-0.097061,-0.15757,-0.24145,-0.36513,-0.50865,-0.61267,-0.60836,-0.46654,-0.21905,0.066972,0.32958,0.52785,0.64262,0.66965,0.61407,0.48615,0.29791,0.064711,-0.18909,-0.4224,-0.58004,-0.619,-0.54467,-0.41467,-0.29787,-0.23216,-0.21054,-0.19772,-0.1631,-0.10274,-0.034277,0.021841,0.0546,0.063779,0.055941,0.03985
0.25864,0.51876,0.69649,0.76749,0.75753,0.69644,0.64612,0.68512,0.80517,0.91109,0.92826,0.84391,0.69662,0.56067,0.4761,0.42013,0.3542,0.26566,0.17113,0.10893,0.12052,0.22465,0.40546,0.61385,0.77731,0.82763,0.73642,0.53041,0.28066,0.063809,-0.074414,-0.13883,-0.16207,-0.17572,-0.19334,-0.21263,-0.22073,-0.20317,-0.15301,-0.078255,-0.0017496,0.053991,0.080411,0.085859,0.079992,0.059297,0.010011,-0.072944,-0.16851,-0.23352,-0.22327,-0.12219,0.045589,0.23313,0.3996,0.51757,0.57691,0.57872,0.52936,0.43604,0.30575,0.14714,-0.025493,-0.18797,-0.30855,-0.36232,-0.34993,-0.30161,-0.25459,-0.22971,-0.22093,-0.2061,-0.16895,-0.11206,-0.051263,-0.0019618,0.027237,0.037829,0.035469,0.027096
0.23071,0.45872,0.6406,0.74045,0.76364,0.72495,0.66987,0.69437,0.81795,0.95011,1.0114,0.97734,0.87597,0.76951,0.69925,0.65395,0.60335,0.53053,0.43944,0.35316,0.3116,0.35215,0.47994,0.65581,0.80788,0.85788,0.76482,0.5446,0.26627,0.015855,-0.14855,-0.22292,-0.24155,-0.24326,-0.24865,-0.26126,-0.27009,-0.26012,-0.21837,-0.14428,-0.05096,0.042289,0.12164,0.18276,0.22338,0.23567,0.21217,0.15597,0.087233,0.042203,0.047934,0.11035,0.21026,0.31623,0.40034,0.4488,0.45963,0.43844,0.39236,0.32632,0.24237,0.14381,0.037797,-0.062769,-0.14151,-0.18653,-0.199,-0.19376,-0.18879,-0.19173,-0.19535,-0.18525,-0.15371,-0.10642,-0.057078,-0.017602,0.0065367,0.016276,0.01641,0.012726
0.1874,0.36118,0.54112,0.67469,0.73957,0.72799,0.66773,0.66665,0.78341,0.94424,1.0609,1.0948,1.0579,0.99469,0.94404,0.91103,0.87653,0.82052,0.73145,0.61769,0.51923,0.4925,0.56515,0.7082,0.84695,0.89549,0.79679,0.55717,0.24072,-0.053197,-0.24778,-0.33062,-0.3394,-0.32266,-0.31009,-0.31098,-0.31915,-0.31946,-0.29394,-0.22793,-0.11844,0.022993,0.17509,0.31374,0.41829,0.47557,0.48429,0.45779,0.41838,0.3897,0.38227,0.39097,0.40004,0.39361,0.36218,0.30901,0.24582,0.18694,0.14191,0.1121,0.092857,0.079561,0.068768,0.058284,0.045773,0.028008,0.0021012,-0.032713,-0.071655,-0.10653,-0.12848,-0.13218,-0.1187,-0.094666,-0.068343,-0.046652,-0.030532,-0.020453,-0.014402,-0.009696
0.14897,0.27516,0.44675,0.59998,0.69571,0.70178,0.63492,0.61079,0.71278,0.88986,1.0452,1.1305,1.1435,1.1168,1.0855,1.0616,1.0369,0.99057,0.90233,0.77241,0.64158,0.5761,0.61562,0.73979,0.8719,0.91963,0.81775,0.56492,0.22471,-0.096947,-0.31231,-0.40034,-0.40183,-0.37016,-0.34205,-0.3315,-0.33672,-0.34437,-0.33258,-0.27694,-0.16065,0.011836,0.21346,0.40522,0.55349,0.64158,0.67379,0.66992,0.65242,0.63492,0.61636,0.58528,0.52886,0.44035,0.32384,0.19413,0.073539,-0.01596,-0.061984,-0.064866,-0.035252,0.01582,0.077016,0.13553,0.1761,0.18454,0.15588,0.09733,0.027857,-0.032156,-0.070956,-0.088761,-0.092769,-0.090024,-0.084287,-0.076804,-0.067567,-0.056925,-0.045017,-0.0318
0.089924,0.1439,0.29454,0.46875,0.59914,0.62589,0.55178,0.48794,0.56269,0.74892,0.94979,1.0984,1.1797,1.206,1.2056,1.2,1.1874,1.1493,1.0628,0.92076,0.75948,0.65344,0.65928,0.76544,0.89201,0.93756,0.83176,0.56696,0.20645,-0.14104,-0.37714,-0.47136,-0.4609,-0.40712,-0.3551,-0.32709,-0.32679,-0.34294,-0.35053,-0.31249,-0.19508,0.0070747,0.25969,0.50636,0.70059,0.82375,0.88732,0.91716,0.93261,0.93515,0.90877,0.83409,0.70117,0.51507,0.29496,0.071435,-0.11897,-0.24424,-0.28863,-0.2566,-0.16438,-0.032485,0.11701,0.25807,0.36082,0.39965,0.36747,0.27827,0.16723,0.068664,-0.00082347,-0.045569,-0.07811,-0.10538,-0.12593,-0.13462,-0.13103,-0.11608,-0.093254,-0.066279
0.020278,-0.0060812,0.11107,0.30092,0.46008,0.50543,0.42058,0.31662,0.35395,0.5394,0.7726,0.98356,1.1312,1.2117,1.2498,1.2672,1.268,1.238,1.1547,1.0073,0.82787,0.69422,0.67354,0.76125,0.87948,0.92453,0.8214,0.55695,0.19059,-0.16826,-0.41368,-0.50706,-0.48392,-0.40892,-0.33341,-0.28588,-0.27562,-0.2956,-0.31964,-0.30276,-0.19651,0.014366,0.2927,0.57043,0.79328,0.94467,1.0416,1.1119,1.1687,1.1986,1.1743,1.0716,0.8838,0.62497,0.3283,0.03719,-0.19975,-0.34325,-0.37742,-0.31207,-0.16852,0.025255,0.2398,0.43953,0.58353,0.63734,0.59037,0.46476,0.30649,0.16066,0.04909,-0.032946,-0.099336,-0.15564,-0.19687,-0.2157,-0.21039,-0.18494,-0.14686,-0.1036
-0.03835,-0.13016,-0.044313,0.15245,0.32929,0.38725,0.2951,0.16115,0.16787,0.34131,0.59418,0.84275,1.0377,1.1615,1.2299,1.2684,1.283,1.2625,1.185,1.0371,0.84846,0.69836,0.65825,0.72977,0.83856,0.88317,0.7855,0.53131,0.17386,-0.17938,-0.42105,-0.50842,-0.47532,-0.38605,-0.29467,-0.23234,-0.21246,-0.23167,-0.26532,-0.26563,-0.17656,0.025001,0.30319,0.58661,0.81878,0.98688,1.1113,1.2182,1.3123,1.3699,1.3552,1.243,1.0307,0.73956,0.4106,0.095393,-0.15274,-0.29406,-0.31532,-0.22948,-0.060814,0.16232,0.40676,0.63079,0.78681,0.83576,0.76727,0.60548,0.40378,0.21506,0.066184,-0.046575,-0.13791,-0.21322,-0.26605,-0.28792,-0.27775,-0.24148,-0.18943,-0.13178
-0.12653,-0.31122,-0.27141,-0.073101,0.12378,0.19983,0.099975,-0.065884,-0.10485,0.045315,0.30714,0.59318,0.84242,1.0249,1.1415,1.2129,1.2512,1.25,1.1874,1.0459,0.84808,0.6717,0.59772,0.63736,0.72699,0.76813,0.68665,0.46308,0.14177,-0.18075,-0.4035,-0.479,-0.43349,-0.32777,-0.21709,-0.13637,-0.10349,-0.11911,-0.16247,-0.18566,-0.12861,0.041215,0.29391,0.56152,0.79193,0.97661,1.1399,1.3022,1.4535,1.555,1.5637,1.4555,1.2343,0.9312,0.59614,0.28845,0.061958,-0.050977,-0.046851,0.057532,0.23833,0.47001,0.72032,0.94462,1.0902,1.1135,1.0025,0.78459,0.51938,0.26841,0.065717,-0.089724,-0.21292,-0.30926,-0.37129,-0.39088,-0.36852,-0.31395,-0.24166,-0.16502
-0.19983,-0.45538,-0.45401,-0.25823,-0.046725,0.039484,-0.058052,-0.24341,-0.31371,-0.189,0.06823,0.36953,0.65214,0.87623,1.0324,1.1332,1.1937,1.2114,1.164,1.0297,0.82628,0.62927,0.52214,0.52671,0.59213,0.63103,0.57071,0.38427,0.10671,-0.17738,-0.37464,-0.4368,-0.38318,-0.26867,-0.14669,-0.054417,-0.012177,-0.024073,-0.072508,-0.11254,-0.084133,0.049677,0.26704,0.50754,0.72581,0.91951,1.1139,1.3219,1.52,1.6586,1.6912,1.5964,1.3851,1.0954,0.78227,0.50605,0.31535,0.23356,0.25701,0.36677,0.54306,0.76412,0.99959,1.2046,1.3254,1.3173,1.1675,0.90524,0.59225,0.29448,0.051314,-0.13466,-0.27784,-0.38454,-0.44845,-0.46225,-0.42884,-0.36064,-0.27426,-0.18451
-0.30304,-0.65523,-0.70801,-0.5177,-0.29009,-0.18492,-0.27037,-0.46715,-0.575,-0.49196,-0.26762,0.03263,0.34713,0.62391,0.83517,0.985,1.0856,1.1354,1.1117,0.9886,0.77785,0.54801,0.38312,0.3239,0.34574,0.382,0.36088,0.24339,0.044722,-0.17058,-0.32144,-0.3608,-0.29798,-0.17758,-0.047744,0.054643,0.10666,0.10022,0.04739,-0.012833,-0.024137,0.052576,0.20675,0.3932,0.58213,0.78166,1.0177,1.2897,1.5526,1.7446,1.8154,1.7492,1.5663,1.3153,1.0547,0.84266,0.71542,0.68068,0.72541,0.83126,0.98618,1.1756,1.3737,1.5372,1.6122,1.5538,1.3497,1.0309,0.6618,0.31195,0.024757,-0.19402,-0.35741,-0.4721,-0.53331,-0.53681,-0.48762,-0.40192,-0.29885,-0.19468
-0.41269,-0.85751,-0.96217,-0.77853,-0.53882,-0.41098,-0.47059,-0.66079,-0.79351,-0.76811,-0.59878,-0.32877,-0.00056483,0.32385,0.59494,0.80046,0.94965,1.0401,1.0457,0.93563,0.71562,0.44691,0.21435,0.077254,0.04172,0.069826,0.09735,0.069937,-0.025783,-0.15403,-0.25119,-0.26944,-0.20368,-0.085312,0.044518,0.15024,0.20728,0.20423,0.14823,0.071206,0.022615,0.040482,0.12371,0.24522,0.3938,0.59196,0.86432,1.1942,1.5181,1.7602,1.8716,1.843,1.7028,1.5047,1.311,1.1713,1.1075,1.1136,1.1706,1.2639,1.3879,1.5357,1.6868,1.801,1.8258,1.7175,1.4646,1.1008,0.69184,0.30878,-0.0033831,-0.23793,-0.40805,-0.52175,-0.5763,-0.56934,-0.50795,-0.41015,-0.29594,-0.1821
-0.49972,-1.0063,-1.1478,-0.96984,-0.71964,-0.57106,-0.60599,-0.77664,-0.92146,-0.94543,-0.83621,-0.60577,-0.28178,0.075543,0.39463,0.64619,0.83681,0.96282,0.99438,0.89607,0.66986,0.37248,0.084319,-0.1253,-0.2152,-0.19311,-0.11859,-0.064833,-0.072878,-0.13079,-0.1881,-0.19415,-0.13236,-0.021593,0.10282,0.20639,0.26351,0.26078,0.20223,0.11467,0.042006,0.019854,0.052818,0.12544,0.23961,0.42882,0.71883,1.0836,1.4464,1.7236,1.8655,1.867,1.7614,1.6061,1.4624,1.3727,1.349,1.3774,1.4376,1.5181,1.6182,1.7352,1.8512,1.9282,1.9157,1.7725,1.4909,1.1036,0.67967,0.29086,-0.020257,-0.25066,-0.41589,-0.52428,-0.57277,-0.55909,-0.49197,-0.38906,-0.27074,-0.15392
-0.61879,-1.1966,-1.3781,-1.2079,-0.94674,-0.76666,-0.75561,-0.88501,-1.0428,-1.1356,-1.1209,-0.96448,-0.65691,-0.26486,0.11817,0.43806,0.68685,0.85826,0.92441,0.84815,0.62049,0.28419,-0.083498,-0.39384,-0.56112,-0.54507,-0.39682,-0.22493,-0.11371,-0.082712,-0.092457,-0.088813,-0.039511,0.052355,0.16098,0.25428,0.30619,0.30102,0.23941,0.14231,0.046122,-0.017491,-0.040642,-0.027594,0.03937,0.20508,0.50067,0.89272,1.2914,1.6055,1.7839,1.8247,1.765,1.6635,1.577,1.5402,1.5554,1.603,1.6619,1.7247,1.7949,1.8731,1.945,1.9764,1.9214,1.7432,1.4371,1.0398,0.6202,0.24813,-0.038742,-0.2433,-0.38566,-0.47656,-0.51361,-0.49342,-0.42414,-0.3216,-0.20474,-0.089709
-0.73471,-1.3734,-1.5849,-1.4189,-1.1469,-0.93668,-0.87584,-0.95849,-1.1204,-1.282,-1.3678,-1.2981,-1.0231,-0.59743,-0.15034,0.23742,0.54291,0.75802,0.85912,0.80971,0.5901,0.22524,-0.21433,-0.62102,-0.86116,-0.84701,-0.62306,-0.33577,-0.11644,-0.0098878,0.013374,0.015688,0.043904,0.10944,0.19466,0.27114,0.31247,0.3015,0.23705,0.1359,0.02834,-0.059568,-0.12131,-0.15559,-0.13474,-0.0041128,0.27386,0.66518,1.0751,1.4087,1.6141,1.689,1.67,1.6127,1.5684,1.5648,1.5994,1.6517,1.7034,1.7496,1.7962,1.8449,1.8827,1.8787,1.7924,1.593,1.2815,0.89773,0.51086,0.18517,-0.05063,-0.20806,-0.31258,-0.37719,-0.39955,-0.3743,-0.30736,-0.21078,-0.101,0.0071299
-0.82107,-1.4919,-1.7186,-1.5542,-1.2774,-1.0473,-0.94649,-0.9962,-1.1586,-1.3656,-1.5255,-1.5205,-1.2688,-0.82087,-0.32809,0.10373,0.44471,0.68851,0.81463,0.78698,0.57993,0.20666,-0.27195,-0.73863,-1.029,-1.014,-0.73544,-0.37342,-0.088066,0.060042,0.097395,0.090968,0.098598,0.14058,0.20531,0.266,0.29668,0.27996,0.21383,0.11311,0.0050054,-0.090047,-0.16783,-0.2269,-0.23877,-0.1423,0.10568,0.47689,0.87898,1.2155,1.4318,1.5242,1.527,1.4924,1.4675,1.4766,1.5157,1.5651,1.6087,1.645,1.6781,1.7104,1.7303,1.7095,1.6116,1.4102,1.1088,0.75195,0.40558,0.12905,-0.056292,-0.16876,-0.23773,-0.27747,-0.28548,-0.2562,-0.19134,-0.10107,0.00031473,0.099597
-0.9307,-1.6298,-1.8639,-1.7034,-1.4231,-1.1722,-1.0255,-1.0358,-1.2007,-1.4579,-1.6966,-1.7629,-1.534,-1.0626,-0.52651,-0.051549,0.32387,0.59815,0.75731,0.76556,0.58777,0.22184,-0.28261,-0.8054,-1.1447,-1.128,-0.79294,-0.35773,-0.014614,0.16412,0.2045,0.17934,0.15597,0.16502,0.20101,0.24015,0.25654,0.23262,0.166,0.069962,-0.031281,-0.12237,-0.20464,-0.28285,-0.33348,-0.29568,-0.11377,0.20287,0.57294,0.89893,1.1202,1.2258,1.2445,1.2238,1.2064,1.214,1.2441,1.2811,1.3129,1.3387,1.3641,1.3893,1.4019,1.3758,1.2796,1.0932,0.82552,0.52187,0.24552,0.047906,-0.059549,-0.10336,-0.1177,-0.11901,-0.10505,-0.068382,-0.0071305,0.07245,0.15994,0.24491
-1.0064,-1.7144,-1.9463,-1.7912,-1.5129,-1.2521,-1.0813,-1.07,-1.2371,-1.5224,-1.8014,-1.8966,-1.6765,-1.1899,-0.63368,-0.14639,0.24058,0.53101,0.71314,0.75041,0.60285,0.25796,-0.24479,-0.78376,-1.1407,-1.122,-0.76504,-0.30382,0.056977,0.24098,0.27473,0.23255,0.18611,0.17097,0.18643,0.21022,0.21751,0.19093,0.12671,0.037756,-0.054598,-0.13663,-0.21477,-0.30052,-0.37826,-0.38996,-0.27165,-0.013916,0.31679,0.6235,0.8389,0.94452,0.96341,0.93976,0.9149,0.91115,0.92804,0.95271,0.9754,0.99707,1.0227,1.0519,1.0722,1.0582,0.98055,0.82223,0.59468,0.3432,0.1277,-0.0061064,-0.05323,-0.044893,-0.017706,0.010814,0.042661,0.086305,0.14559,0.2175,0.2945,0.36831
-1.0941,-1.7994,-2.0237,-1.8778,-1.613,-1.3511,-1.1613,-1.1306,-1.3007,-1.6085,-1.908,-2.0077,-1.7708,-1.2731,-0.71819,-0.24034,0.13844,0.43361,0.64081,0.7212,0.62329,0.32195,-0.15177,-0.67822,-1.0323,-1.0114,-0.65311,-0.19539,0.15734,0.32785,0.34238,0.2757,0.20167,0.16033,0.15436,0.1642,0.1657,0.14089,0.085757,0.010665,-0.065776,-0.13447,-0.20723,-0.30326,-0.41756,-0.50056,-0.47948,-0.31904,-0.060174,0.20686,0.4047,0.50157,0.50985,0.46764,0.41713,0.38349,0.37211,0.37596,0.38909,0.41251,0.45249,0.50556,0.55669,0.5798,0.54714,0.44495,0.28795,0.11859,-0.0074101,-0.0535,-0.022911,0.049476,0.12698,0.19255,0.24806,0.30263,0.36113,0.42404,0.48741,0.54597
-1.163,-1.8506,-2.0625,-1.936,-1.6989,-1.449,-1.257,-1.2227,-1.3931,-1.699,-1.9808,-2.0396,-1.7674,-1.2686,-0.74815,-0.31403,0.03307,0.31949,0.5461,0.67104,0.63101,0.38791,-0.032592,-0.51245,-0.8381,-0.819,-0.48844,-0.069709,0.24426,0.38167,0.36804,0.27839,0.18519,0.12901,0.11329,0.11928,0.12359,0.10829,0.068012,0.010501,-0.049213,-0.10621,-0.17612,-0.28575,-0.44124,-0.60242,-0.69156,-0.64584,-0.47707,-0.2622,-0.090124,-0.0098533,-0.021751,-0.093266,-0.1821,-0.25482,-0.29861,-0.31516,-0.30732,-0.27054,-0.2039,-0.11065,-0.0085032,0.073914,0.10827,0.08245,0.012075,-0.062284,-0.094279,-0.057463,0.039736,0.16383,0.28189,0.37882,0.45617,0.52193,0.58211,0.63847,0.68951,0.73262
-1.2004,-1.8674,-2.0712,-1.9647,-1.7592,-1.5286,-1.344,-1.311,-1.4796,-1.7652,-2.0061,-2.0129,-1.7078,-1.2216,-0.74638,-0.36433,-0.054298,0.21913,0.45661,0.61295,0.6184,0.42614,0.056774,-0.37537,-0.66769,-0.65082,-0.35765,0.013722,0.28488,0.38967,0.35472,0.25142,0.15127,0.091905,0.077056,0.088133,0.1023,0.1012,0.077047,0.034777,-0.013972,-0.066045,-0.13883,-0.26316,-0.4539,-0.67745,-0.85528,-0.90634,-0.81598,-0.64998,-0.50128,-0.43199,-0.45553,-0.54739,-0.6666,-0.77496,-0.84917,-0.88077,-0.86831,-0.8128,-0.71139,-0.57612,-0.42864,-0.29743,-0.20779,-0.169,-0.1681,-0.16557,-0.12552,-0.030227,0.10967,0.26444,0.40587,0.52102,0.61127,0.68423,0.74522,0.79728,0.84051,0.87385
-1.2276,-1.8573,-2.0554,-1.9913,-1.8395,-1.6513,-1.4839,-1.4562,-1.609,-1.8463,-2.0022,-1.9214,-1.5741,-1.1235,-0.73506,-0.43803,-0.1894,0.05528,0.30298,0.50281,0.56851,0.4444,0.15279,-0.19957,-0.43836,-0.42706,-0.19333,0.097757,0.29838,0.35422,0.29134,0.17744,0.076829,0.024049,0.021397,0.051076,0.09009,0.11778,0.12279,0.1036,0.066858,0.014372,-0.070876,-0.22226,-0.46406,-0.77872,-1.0874,-1.2835,-1.3128,-1.2154,-1.0926,-1.029,-1.0586,-1.1679,-1.321,-1.4708,-1.5794,-1.625,-1.6006,-1.5075,-1.3564,-1.163,-0.95182,-0.75196,-0.58757,-0.46538,-0.36997,-0.26747,-0.13298,0.038457,0.23015,0.41641,0.57783,0.70794,0.80993,0.89046,0.95327,1.0019,1.0373,1.0597
-1.2231,-1.8114,-2.0164,-2.0104,-1.9273,-1.7927,-1.6549,-1.6254,-1.7456,-1.9096,-1.9608,-1.7821,-1.4091,-1.0162,-0.72921,-0.53585,-0.35986,-0.14627,0.10858,0.34674,0.47204,0.42069,0.21212,-0.055775,-0.239,-0.23529,-0.069973,0.13097,0.25442,0.26023,0.17601,0.061761,-0.025687,-0.058252,-0.036099,0.023216,0.096304,0.16099,0.20064,0.20688,0.18062,0.12098,0.015142,-0.16948,-0.46665,-0.8729,-1.3203,-1.6825,-1.8529,-1.8358,-1.7324,-1.6539,-1.6611,-1.7601,-1.9216,-2.097,-2.2334,-2.2878,-2.2415,-2.1016,-1.8938,-1.6459,-1.3859,-1.1385,-0.91915,-0.72663,-0.54264,-0.34064,-0.11201,0.13172,0.36707,0.57412,0.74519,0.88283,0.99293,1.0802,1.1466,1.1938,1.2228,1.2351
-1.2009,-1.7588,-1.9748,-2.0212,-2.0006,-1.914,-1.7984,-1.7604,-1.8429,-1.941,-1.9085,-1.6645,-1.2856,-0.94693,-0.74487,-0.63255,-0.51352,-0.32336,-0.061124,0.20607,0.37484,0.37688,0.22817,0.021664,-0.12154,-0.12422,-0.011214,0.12028,0.18528,0.15651,0.060883,-0.046253,-0.11653,-0.12672,-0.079162,0.0078183,0.11131,0.20702,0.27565,0.30284,0.28418,0.21753,0.091741,-0.12326,-0.46412,-0.93951,-1.492,-1.9875,-2.2808,-2.3318,-2.2349,-2.1243,-2.0885,-2.1532,-2.3,-2.4799,-2.6277,-2.6822,-2.6146,-2.4391,-2.1933,-1.9171,-1.639,-1.3762,-1.1338,-0.9021,-0.65894,-0.38679,-0.090316,0.20463,0.46862,0.68621,0.85944,0.9988,1.113,1.2058,1.2763,1.3245,1.351,1.3579
-1.1435,-1.6632,-1.9062,-2.0345,-2.1058,-2.088,-1.9992,-1.9402,-1.9542,-1.9575,-1.8215,-1.5129,-1.1451,-0.8903,-0.8054,-0.80265,-0.75801,-0.59384,-0.31381,-0.0032465,0.21811,0.28053,0.20643,0.078424,-0.01429,-0.029576,0.012026,0.052537,0.044613,-0.02142,-0.11965,-0.20641,-0.24445,-0.21843,-0.13282,-0.0040788,0.14414,0.28506,0.39321,0.44705,0.43633,0.35698,0.20137,-0.056434,-0.45513,-1.0174,-1.7033,-2.3789,-2.853,-3.0074,-2.9089,-2.7255,-2.5947,-2.5768,-2.6715,-2.8317,-2.9776,-3.0246,-2.9304,-2.7167,-2.4397,-2.1508,-1.8765,-1.6215,-1.3736,-1.1076,-0.7993,-0.44063,-0.061962,0.29077,0.5828,0.80729,0.98002,1.1213,1.2424,1.3445,1.4234,1.4763,1.5032,1.5063
-1.0828,-1.5754,-1.8486,-2.0438,-2.1875,-2.2225,-2.1466,-2.0586,-2.016,-1.9474,-1.7509,-1.4095,-1.0663,-0.88189,-0.88387,-0.96237,-0.96817,-0.81316,-0.51149,-0.16806,0.086359,0.18643,0.16188,0.087463,0.026883,-0.0004121,-0.0094502,-0.032418,-0.08768,-0.17255,-0.26331,-0.3265,-0.33644,-0.28198,-0.16667,-0.0067044,0.17543,0.35059,0.48823,0.56122,0.55393,0.46241,0.28253,-0.0067826,-0.44517,-1.0615,-1.8325,-2.6331,-3.2439,-3.4868,-3.3866,-3.1328,-2.9079,-2.8066,-2.8409,-2.9677,-3.0984,-3.1347,-3.0264,-2.7975,-2.5152,-2.2346,-1.9798,-1.7468,-1.5102,-1.2331,-0.88711,-0.47804,-0.052082,0.33234,0.63813,0.86456,1.0365,1.1809,1.3102,1.4232,1.5121,1.5719,1.6017,1.6042
-0.98139,-1.4439,-1.7639,-2.0524,-2.2946,-2.3963,-2.3261,-2.1871,-2.0639,-1.9148,-1.6535,-1.3037,-1.0076,-0.91871,-1.0406,-1.2168,-1.2708,-1.1098,-0.76797,-0.38108,-0.091641,0.046519,0.074029,0.057206,0.027693,-0.018297,-0.09136,-0.18772,-0.2923,-0.38632,-0.45295,-0.47636,-0.44335,-0.34889,-0.19549,0.0036591,0.22678,0.44311,0.61602,0.71154,0.70689,0.59666,0.38135,0.048891,-0.43416,-1.1037,-1.9528,-2.8759,-3.6419,-4.0002,-3.9076,-3.5657,-3.2144,-2.9914,-2.9317,-2.9942,-3.0862,-3.1021,-2.9854,-2.7599,-2.4927,-2.2413,-2.0273,-1.8368,-1.6279,-1.3487,-0.97201,-0.51919,-0.056387,0.34729,0.65622,0.8789,1.0507,1.2046,1.3525,1.4874,1.597,1.6725,1.7115,1.7169
-0.86223,-1.3022,-1.6732,-2.0546,-2.3897,-2.5467,-2.4687,-2.2662,-2.072,-1.8574,-1.5653,-1.2277,-0.99564,-1.0069,-1.2386,-1.5041,-1.5849,-1.389,-0.99136,-0.56253,-0.25075,-0.09399,-0.036348,-0.01881,-0.032851,-0.10122,-0.22792,-0.3796,-0.5102,-0.59031,-0.61629,-0.59262,-0.5188,-0.39014,-0.20503,0.027683,0.28645,0.53736,0.73886,0.85004,0.84263,0.70906,0.45574,0.082364,-0.43295,-1.1239,-1.9951,-2.9633,-3.814,-4.2649,-4.2054,-3.816,-3.3697,-3.0409,-2.8857,-2.8714,-2.9108,-2.9025,-2.7895,-2.5893,-2.3613,-2.1558,-1.9891,-1.8399,-1.6575,-1.3861,-1.0027,-0.54598,-0.089562,0.29853,0.59046,0.80442,0.98272,1.1585,1.3376,1.5056,1.6437,1.7403,1.7929,1.8054
-0.76648,-1.1937,-1.6047,-2.0502,-2.4453,-2.6368,-2.5404,-2.2893,-2.0503,-1.8085,-1.5061,-1.1909,-1.0088,-1.0945,-1.4048,-1.7188,-1.803,-1.5681,-1.1197,-0.66228,-0.34617,-0.19065,-0.12799,-0.10205,-0.1157,-0.20166,-0.36051,-0.53997,-0.67263,-0.72597,-0.71029,-0.64827,-0.54729,-0.39978,-0.19803,0.053373,0.33339,0.60502,0.82266,0.93984,0.9254,0.77,0.48646,0.086032,-0.44302,-1.1249,-1.9697,-2.9128,-3.7641,-4.2557,-4.2419,-3.8616,-3.3842,-3.0009,-2.7834,-2.7096,-2.703,-2.6729,-2.5668,-2.3959,-2.2065,-2.0414,-1.9107,-1.7888,-1.6232,-1.3617,-0.99227,-0.55872,-0.13525,0.21763,0.48215,0.68511,0.87222,1.0731,1.2854,1.4865,1.6523,1.7699,1.8369,1.8582
-0.63542,-1.0522,-1.514,-2.0351,-2.4949,-2.7105,-2.5858,-2.277,-1.9931,-1.7356,-1.4437,-1.1617,-1.0507,-1.2288,-1.6231,-1.9839,-2.0479,-1.7409,-1.222,-0.73386,-0.42693,-0.29637,-0.25301,-0.23817,-0.26664,-0.37886,-0.56908,-0.76312,-0.87361,-0.87144,-0.79217,-0.68055,-0.54917,-0.3845,-0.16977,0.096394,0.394,0.68348,0.9131,1.0307,0.99952,0.8119,0.4885,0.057341,-0.4726,-1.1142,-1.8777,-2.7194,-3.497,-3.9921,-4.05,-3.7385,-3.2781,-2.8618,-2.576,-2.4246,-2.3559,-2.3003,-2.2109,-2.0851,-1.9531,-1.84,-1.7483,-1.651,-1.5018,-1.2631,-0.93785,-0.57304,-0.23207,0.043348,0.25386,0.439,0.64651,0.89544,1.1667,1.4234,1.6344,1.7852,1.8748,1.9099
-0.54093,-0.95233,-1.4494,-2.0128,-2.5084,-2.7302,-2.5785,-2.2369,-1.9326,-1.6764,-1.3993,-1.1437,-1.0806,-1.3158,-1.7619,-2.1411,-2.1718,-1.8019,-1.2337,-0.73147,-0.44279,-0.34721,-0.3379,-0.34947,-0.40122,-0.53644,-0.74103,-0.92791,-1.0024,-0.94764,-0.81962,-0.67524,-0.5283,-0.35769,-0.13978,0.13079,0.43466,0.72983,0.96136,1.0725,1.0236,0.80784,0.45356,0.0039072,-0.51439,-1.1045,-1.7777,-2.5092,-3.1964,-3.664,-3.7688,-3.5315,-3.1186,-2.7035,-2.3859,-2.186,-2.0738,-1.9988,-1.921,-1.8305,-1.7389,-1.6595,-1.5891,-1.503,-1.365,-1.1523,-0.87663,-0.58637,-0.33057,-0.133,0.024819,0.19478,0.42495,0.72152,1.0476,1.3534,1.6033,1.7818,1.8898,1.9364
-0.4247,-0.83282,-1.3684,-1.9719,-2.4897,-2.7028,-2.5225,-2.1526,-1.8422,-1.5997,-1.3443,-1.1265,-1.1035,-1.3942,-1.8889,-2.2673,-2.2387,-1.7869,-1.1639,-0.65579,-0.40319,-0.36857,-0.42718,-0.49734,-0.5942,-0.75892,-0.97085,-1.1291,-1.1412,-1.0106,-0.82012,-0.63966,-0.47945,-0.30939,-0.09621,0.17111,0.47402,0.76776,0.99248,1.0867,1.0079,0.75127,0.35697,-0.11021,-0.59956,-1.1002,-1.6316,-2.1983,-2.7464,-3.1595,-3.3123,-3.1746,-2.8405,-2.4501,-2.1055,-1.8525,-1.6908,-1.5946,-1.5332,-1.4851,-1.4437,-1.4031,-1.3522,-1.2719,-1.1447,-0.97109,-0.77635,-0.60362,-0.48266,-0.40924,-0.33485,-0.18604,0.084113,0.457,0.8659,1.2428,1.5462,1.7623,1.8953,1.958
-0.32624,-0.73413,-1.2963,-1.9197,-2.4325,-2.6245,-2.4188,-2.0454,-1.7481,-1.5219,-1.2912,-1.0906,-1.0917,-1.4025,-1.9044,-2.2622,-2.1742,-1.6589,-1.0045,-0.50539,-0.29826,-0.3352,-0.47551,-0.6214,-0.77584,-0.97025,-1.1762,-1.2913,-1.2327,-1.0307,-0.79009,-0.58617,-0.42312,-0.26174,-0.060836,0.19514,0.48839,0.77166,0.98099,1.0508,0.93723,0.63862,0.20776,-0.26869,-0.71701,-1.1171,-1.5018,-1.9065,-2.3194,-2.6669,-2.8426,-2.786,-2.531,-2.1761,-1.8221,-1.5333,-1.3353,-1.2237,-1.176,-1.1642,-1.1621,-1.1491,-1.1077,-1.0264,-0.90772,-0.77416,-0.66265,-0.61109,-0.63053,-0.68868,-0.70322,-0.57487,-0.25946,0.19374,0.68541,1.1303,1.4842,1.7356,1.8925,1.9706
-0.26822,-0.67674,-1.2518,-1.8766,-2.3693,-2.5381,-2.3195,-1.9607,-1.6817,-1.4734,-1.2485,-1.0541,-1.0506,-1.353,-1.8396,-2.1666,-2.0427,-1.5004,-0.83833,-0.35493,-0.18357,-0.27145,-0.4728,-0.68117,-0.88265,-1.0988,-1.2974,-1.377,-1.2701,-1.0252,-0.75879,-0.5462,-0.38615,-0.23452,-0.045965,0.19737,0.4784,0.74908,0.94285,0.99232,0.85205,0.52431,0.070342,-0.40708,-0.8184,-1.1408,-1.4205,-1.7159,-2.0404,-2.3413,-2.5242,-2.514,-2.3102,-1.9822,-1.6266,-1.318,-1.099,-0.97938,-0.94215,-0.95404,-0.97703,-0.98001,-0.94116,-0.85469,-0.73695,-0.62556,-0.56705,-0.59279,-0.70531,-0.85504,-0.93455,-0.82251,-0.4761,0.030884,0.57519,1.0617,1.4451,1.7168,1.8877,1.9754
-0.21561,-0.62713,-1.2105,-1.8166,-2.2658,-2.3946,-2.1795,-1.8453,-1.6067,-1.4167,-1.1929,-0.98332,-0.95487,-1.2182,-1.6546,-1.9378,-1.7827,-1.2307,-0.58248,-0.12998,-0.0021121,-0.14788,-0.42065,-0.70146,-0.96047,-1.2033,-1.3909,-1.4309,-1.2767,-0.99766,-0.71648,-0.50425,-0.35573,-0.22079,-0.050871,0.17393,0.43646,0.68709,0.85787,0.87971,0.70782,0.34857,-0.12466,-0.5904,-0.94493,-1.1682,-1.3279,-1.5071,-1.7387,-1.9897,-2.1757,-2.21,-2.0589,-1.7629,-1.4064,-1.0783,-0.84036,-0.71742,-0.69681,-0.73759,-0.78975,-0.80735,-0.76427,-0.66283,-0.536,-0.43732,-0.42021,-0.51525,-0.71582,-0.95593,-1.1032,-1.0133,-0.64445,-0.094222,0.49183,1.0102,1.4156,1.7025,1.8841,1.9796
-0.19601,-0.6109,-1.1912,-1.7614,-2.1538,-2.2379,-2.031,-1.7438,-1.5458,-1.3782,-1.1406,-0.89808,-0.82235,-1.0235,-1.3963,-1.6283,-1.4571,-0.92511,-0.31125,0.10691,0.19854,0.009035,-0.31547,-0.6509,-0.95336,-1.2159,-1.3977,-1.4168,-1.2452,-0.96172,-0.68641,-0.48697,-0.35378,-0.23624,-0.084741,0.1208,0.3633,0.59301,0.74217,0.74225,0.55059,0.17764,-0.29331,-0.72894,-1.0213,-1.1623,-1.2383,-1.3442,-1.5206,-1.7401,-1.926,-1.9891,-1.8766,-1.6053,-1.2523,-0.91321,-0.66412,-0.54161,-0.53695,-0.60463,-0.68191,-0.71197,-0.66345,-0.5429,-0.39437,-0.28223,-0.26533,-0.37353,-0.59651,-0.8643,-1.0397,-0.97299,-0.61889,-0.076811,0.50433,1.0192,1.4219,1.7072,1.8884,1.9848
-0.20614,-0.62354,-1.1943,-1.7294,-2.067,-2.121,-1.9259,-1.6768,-1.5152,-1.3584,-1.1086,-0.82906,-0.70435,-0.85528,-1.1754,-1.3708,-1.1991,-0.69425,-0.11413,0.27511,0.34543,0.138,-0.20933,-0.573,-0.89923,-1.1703,-1.347,-1.3626,-1.1983,-0.9317,-0.67565,-0.49302,-0.37347,-0.26797,-0.12838,0.063886,0.2923,0.50807,0.64515,0.63657,0.44237,0.075861,-0.37481,-0.77436,-1.0211,-1.1179,-1.1592,-1.241,-1.4024,-1.617,-1.8108,-1.8928,-1.8005,-1.5411,-1.1873,-0.84121,-0.58784,-0.46997,-0.47988,-0.56849,-0.66507,-0.70474,-0.65206,-0.51478,-0.34165,-0.20171,-0.15623,-0.23599,-0.43048,-0.67424,-0.83978,-0.78624,-0.46563,0.036196,0.58171,1.0692,1.4532,1.726,1.8992,1.9908
-0.25464,-0.67467,-1.2245,-1.7001,-1.9636,-1.9724,-1.7967,-1.6061,-1.4874,-1.3494,-1.0815,-0.74583,-0.54806,-0.62269,-0.8733,-1.0278,-0.86478,-0.40731,0.11726,0.46533,0.51563,0.3011,-0.055991,-0.4386,-0.78266,-1.0584,-1.2304,-1.253,-1.1182,-0.89492,-0.67965,-0.5264,-0.42584,-0.33329,-0.20578,-0.026788,0.18704,0.38983,0.51857,0.51139,0.33305,0.0028554,-0.39129,-0.72608,-0.92037,-0.99247,-1.0335,-1.1275,-1.3054,-1.5386,-1.7544,-1.8605,-1.7876,-1.5355,-1.1787,-0.82477,-0.56743,-0.45596,-0.48514,-0.60286,-0.73045,-0.79241,-0.74251,-0.58323,-0.36541,-0.16423,-0.046334,-0.044754,-0.15354,-0.31786,-0.43298,-0.38296,-0.12055,0.29676,0.76154,1.1859,1.5251,1.7683,1.9228,2.0027
-0.31702,-0.73991,-1.2693,-1.6943,-1.8959,-1.8741,-1.7131,-1.5673,-1.4874,-1.3601,-1.078,-0.70274,-0.4484,-0.46199,-0.66275,-0.79121,-0.63834,-0.22161,0.25695,0.57539,0.61618,0.40397,0.051116,-0.33122,-0.67671,-0.95131,-1.124,-1.1581,-1.0546,-0.87255,-0.6946,-0.56661,-0.48019,-0.39498,-0.27293,-0.09944,0.10856,0.30716,0.43769,0.44283,0.29251,0.0084738,-0.32738,-0.60897,-0.77599,-0.85536,-0.92783,-1.0629,-1.281,-1.5489,-1.7921,-1.9157,-1.8492,-1.5947,-1.2299,-0.86872,-0.60967,-0.50536,-0.55172,-0.69437,-0.85086,-0.93587,-0.89358,-0.72016,-0.46553,-0.20776,-0.016872,0.069016,0.050189,-0.029914,-0.086856,-0.02622,0.19629,0.54448,0.93727,1.3019,1.5971,1.8102,1.9448,2.0122
-0.4379,-0.86133,-1.358,-1.7088,-1.8295,-1.764,-1.6207,-1.5307,-1.5074,-1.4008,-1.098,-0.67578,-0.34763,-0.28029,-0.41398,-0.51267,-0.38476,-0.028497,0.39061,0.67097,0.69848,0.49293,0.15539,-0.21522,-0.55236,-0.81792,-0.98524,-1.0351,-0.97485,-0.85125,-0.72564,-0.63274,-0.56296,-0.48325,-0.36221,-0.19034,0.015786,0.21626,0.35898,0.39494,0.30015,0.096043,-0.15148,-0.3672,-0.51966,-0.64029,-0.79178,-1.0197,-1.3257,-1.6649,-1.955,-2.0985,-2.0288,-1.7582,-1.3761,-1.0027,-0.74055,-0.64528,-0.71492,-0.8942,-1.0962,-1.2247,-1.2083,-1.0288,-0.72946,-0.3903,-0.088018,0.13021,0.25362,0.30717,0.34703,0.43991,0.62516,0.89115,1.1904,1.4725,1.7038,1.8712,1.975,2.0225
-0.60046,-1.0247,-1.4803,-1.7502,-1.7888,-1.6775,-1.549,-1.5157,-1.5523,-1.4765,-1.1639,-0.69318,-0.2991,-0.15438,-0.22004,-0.29571,-0.19853,0.097539,0.45857,0.70111,0.71659,0.51982,0.19985,-0.15422,-0.47519,-0.72124,-0.87187,-0.92853,-0.90662,-0.83871,-0.7644,-0.70345,-0.64645,-0.56665,-0.44088,-0.26412,-0.052996,0.15733,0.3221,0.40038,0.37256,0.25448,0.090718,-0.07634,-0.23924,-0.43034,-0.69323,-1.0484,-1.4758,-1.9108,-2.2561,-2.4095,-2.3163,-2.0102,-1.5982,-1.208,-0.9431,-0.85846,-0.95277,-1.1724,-1.4276,-1.6143,-1.6449,-1.4813,-1.1521,-0.73498,-0.31477,0.048294,0.32783,0.52813,0.67913,0.82415,0.99723,1.2047,1.4268,1.6349,1.806,1.9286,2.0011,2.0275
-0.74914,-1.1728,-1.5932,-1.799,-1.7759,-1.6284,-1.5042,-1.5155,-1.6015,-1.5576,-1.2432,-0.74187,-0.29922,-0.09803,-0.11686,-0.1765,-0.097327,0.15397,0.46507,0.67547,0.68277,0.49239,0.18272,-0.15913,-0.46261,-0.68509,-0.81458,-0.86863,-0.86672,-0.83391,-0.79244,-0.75159,-0.70125,-0.61906,-0.48745,-0.30433,-0.086091,0.13524,0.32052,0.43359,0.4569,0.39841,0.28549,0.13919,-0.04666,-0.30338,-0.66165,-1.1263,-1.6605,-2.1798,-2.5697,-2.7229,-2.5985,-2.2523,-1.8092,-1.401,-1.1299,-1.0502,-1.1615,-1.4123,-1.7127,-1.9552,-2.0396,-1.9083,-1.5728,-1.1053,-0.59825,-0.1226,0.27977,0.59588,0.83716,1.0323,1.2122,1.3933,1.5727,1.7359,1.8687,1.9619,2.0134,2.0254
-0.9813,-1.4003,-1.7699,-1.8896,-1.7809,-1.5804,-1.459,-1.5209,-1.6789,-1.69,-1.3894,-0.85568,-0.34649,-0.074981,-0.038387,-0.06809,-0.007912,0.18214,0.4241,0.58668,0.57626,0.39088,0.09609,-0.22511,-0.499,-0.6813,-0.77556,-0.81492,-0.82854,-0.82843,-0.82069,-0.80097,-0.75637,-0.66957,-0.52901,-0.33661,-0.10823,0.12824,0.34032,0.4978,0.58228,0.59117,0.52855,0.39133,0.16001,-0.19395,-0.68822,-1.309,-1.9963,-2.637,-3.0865,-3.2269,-3.0406,-2.6229,-2.1244,-1.6833,-1.3997,-1.3247,-1.4577,-1.7491,-2.1131,-2.4398,-2.6155,-2.5547,-2.2386,-1.7251,-1.1119,-0.49128,0.072854,0.54433,0.91189,1.1873,1.3967,1.5661,1.71,1.8304,1.9235,1.9848,2.0129,2.009
-1.1798,-1.5934,-1.9185,-1.9738,-1.7999,-1.5589,-1.4292,-1.5285,-1.7458,-1.8089,-1.5318,-0.97565,-0.41964,-0.09828,-0.017042,-0.02391,0.025057,0.17353,0.36238,0.48353,0.45542,0.27142,-0.012895,-0.31793,-0.56659,-0.71365,-0.77293,-0.79096,-0.80324,-0.81763,-0.8277,-0.82119,-0.78063,-0.69156,-0.54584,-0.34762,-0.11292,0.13351,0.36255,0.54746,0.66912,0.71533,0.6768,0.53644,0.26621,-0.1603,-0.75475,-1.4925,-2.2955,-3.0283,-3.5188,-3.6387,-3.3924,-2.9124,-2.3667,-1.8976,-1.6008,-1.5242,-1.6673,-1.9845,-2.393,-2.7853,-3.0411,-3.0545,-2.7793,-2.2547,-1.5781,-0.85758,-0.17602,0.41048,0.87374,1.2146,1.4566,1.6311,1.7627,1.8643,1.9371,1.9814,1.9969,1.985
-1.4742,-1.8766,-2.1375,-2.1028,-1.841,-1.5391,-1.3986,-1.5378,-1.8322,-1.9774,-1.7412,-1.1726,-0.56279,-0.16814,-0.024236,0.00030938,0.040315,0.14225,0.26462,0.32792,0.27016,0.081857,-0.1936,-0.47886,-0.69077,-0.78307,-0.78416,-0.76128,-0.7598,-0.78381,-0.81242,-0.8208,-0.78855,-0.70165,-0.55535,-0.35562,-0.11744,0.13743,0.38398,0.59725,0.75457,0.83461,0.81342,0.6605,0.34084,-0.17346,-0.88784,-1.7651,-2.7059,-3.5422,-4.0666,-4.1454,-3.8196,-3.2619,-2.661,-2.1561,-1.837,-1.7498,-1.8963,-2.2352,-2.6906,-3.1596,-3.517,-3.6381,-3.4448,-2.9465,-2.2288,-1.4064,-0.5891,0.13709,0.71936,1.145,1.4356,1.6292,1.761,1.8531,1.9143,1.9483,1.956,1.9386
-1.7977,-2.1792,-2.37,-2.2437,-1.8963,-1.5316,-1.3694,-1.5373,-1.9074,-2.1388,-1.9623,-1.3982,-0.74088,-0.27437,-0.061822,-0.00011473,0.035244,0.097754,0.16566,0.17821,0.086196,-0.11521,-0.38674,-0.65229,-0.81948,-0.84634,-0.78098,-0.71401,-0.69546,-0.72317,-0.76559,-0.78881,-0.7692,-0.6928,-0.55622,-0.36546,-0.1332,0.12159,0.37726,0.60853,0.78843,0.88783,0.87211,0.70267,0.34198,-0.2371,-1.0328,-1.9981,-3.0206,-3.9109,-4.445,-4.4904,-4.1126,-3.5085,-2.8721,-2.342,-2.0044,-1.904,-2.0441,-2.3866,-2.8588,-3.3611,-3.7733,-3.9731,-3.8735,-3.4557,-2.7725,-1.9208,-1.0238,-0.19771,0.47821,0.97693,1.3168,1.5392,1.6852,1.783,1.8461,1.8807,1.889,1.8726
-2.0558,-2.4138,-2.5476,-2.354,-1.9425,-1.5294,-1.3452,-1.5298,-1.9472,-2.2466,-2.1214,-1.5702,-0.88374,-0.36486,-0.1041,-0.011554,0.028154,0.070024,0.10341,0.083928,-0.028135,-0.23923,-0.51062,-0.75901,-0.88701,-0.86172,-0.75068,-0.65525,-0.62652,-0.65603,-0.70835,-0.74559,-0.73999,-0.67812,-0.55604,-0.37945,-0.15903,0.088792,0.3438,0.58111,0.77121,0.87929,0.86522,0.68684,0.30554,-0.29938,-1.1204,-2.1029,-3.1265,-4.0056,-4.5267,-4.5682,-4.1948,-3.5957,-2.9586,-2.4212,-2.0727,-1.9605,-2.0893,-2.4204,-2.8826,-3.3757,-3.7831,-3.995,-3.9406,-3.6015,-3.0002,-2.1994,-1.3078,-0.4529,0.26575,0.80602,1.1793,1.4258,1.5883,1.6973,1.7682,1.8089,1.8224,1.8108
-2.4114,-2.7252,-2.7779,-2.4942,-2.0019,-1.5256,-1.3089,-1.4999,-1.9681,-2.3473,-2.2987,-1.7779,-1.0679,-0.48883,-0.16355,-0.026708,0.026569,0.053994,0.0571,0.00793,-0.12273,-0.34008,-0.60438,-0.82663,-0.9059,-0.82223,-0.66127,-0.53485,-0.49559,-0.53145,-0.60278,-0.66523,-0.68834,-0.65571,-0.56319,-0.41393,-0.21759,0.011997,0.25695,0.49321,0.68979,0.8055,0.79525,0.61381,0.22497,-0.38201,-1.1862,-2.1182,-3.0579,-3.8462,-4.3199,-4.3864,-4.083,-3.5512,-2.9571,-2.4382,-2.0913,-1.969,-2.0776,-2.3773,-2.7926,-3.2214,-3.5569,-3.7191,-3.6785,-3.4383,-2.9956,-2.35,-1.5586,-0.74092,-0.016499,0.54986,0.95495,1.2318,1.4201,1.5497,1.6379,1.6922,1.7166,1.7141
-2.7652,-3.0229,-2.9849,-2.6177,-2.0527,-1.5144,-1.2627,-1.4474,-1.947,-2.3893,-2.4159,-1.9409,-1.2229,-0.60338,-0.22452,-0.042666,0.03265,0.061498,0.05929,0.007081,-0.12283,-0.33401,-0.58323,-0.77861,-0.82089,-0.69836,-0.50832,-0.36756,-0.32813,-0.3775,-0.47162,-0.56477,-0.62425,-0.63121,-0.57894,-0.46881,-0.30736,-0.10543,0.12165,0.35079,0.54863,0.67106,0.66859,0.49615,0.12455,-0.44576,-1.1757,-1.9854,-2.7692,-3.4197,-3.8389,-3.9574,-3.7702,-3.3563,-2.8455,-2.3728,-2.0431,-1.9166,-2.0021,-2.2572,-2.6019,-2.9322,-3.1528,-3.217,-3.1421,-2.9667,-2.6855,-2.2456,-1.6331,-0.92639,-0.24964,0.30834,0.72385,1.0184,1.2268,1.3768,1.484,1.556,1.5961,1.6072
-3.0213,-3.2249,-3.1172,-2.694,-2.0796,-1.5014,-1.2175,-1.3936,-1.9011,-2.3769,-2.4546,-2.021,-1.3129,-0.6744,-0.2645,-0.052056,0.045519,0.088601,0.097934,0.060088,-0.053714,-0.25175,-0.48937,-0.66781,-0.68892,-0.54918,-0.3547,-0.21906,-0.19011,-0.25349,-0.36646,-0.48463,-0.57373,-0.61368,-0.59556,-0.51936,-0.38904,-0.2133,-0.0047624,0.21456,0.41111,0.53939,0.54822,0.39325,0.049887,-0.47225,-1.1232,-1.8204,-2.4749,-3.0191,-3.397,-3.5539,-3.4584,-3.1451,-2.7125,-2.2877,-1.9806,-1.857,-1.9274,-2.1467,-2.4321,-2.6791,-2.8044,-2.787,-2.6747,-2.5267,-2.3404,-2.0447,-1.5794,-0.98284,-0.36953,0.15993,0.56731,0.86464,1.0817,1.2434,1.3636,1.4483,1.5002,1.5215
-3.3366,-3.4511,-3.252,-2.767,-2.1007,-1.4749,-1.1527,-1.3037,-1.8089,-2.308,-2.4473,-2.079,-1.4062,-0.7593,-0.31458,-0.067198,0.061932,0.13846,0.187,0.19092,0.11399,-0.055606,-0.27042,-0.42814,-0.4366,-0.30015,-0.1219,-0.0086383,-0.0025047,-0.08914,-0.2291,-0.38017,-0.50748,-0.59039,-0.61818,-0.5889,-0.50414,-0.36842,-0.19125,0.010379,0.20467,0.34507,0.37766,0.25716,-0.035649,-0.48145,-1.0204,-1.5718,-2.0735,-2.4964,-2.823,-3.0139,-3.0199,-2.8302,-2.5064,-2.1567,-1.8898,-1.7762,-1.8291,-2.0029,-2.2104,-2.3533,-2.3664,-2.2569,-2.0976,-1.963,-1.8583,-1.7027,-1.403,-0.95189,-0.43943,0.030611,0.40698,0.69122,0.90691,1.0753,1.2063,1.3042,1.3698,1.404
-3.5428,-3.5799,-3.3177,-2.7982,-2.1051,-1.4499,-1.0991,-1.2269,-1.7188,-2.2256,-2.3989,-2.0883,-1.453,-0.80926,-0.34877,-0.078024,0.076615,0.18399,0.27107,0.31715,0.27845,0.13878,-0.053798,-0.20025,-0.21234,-0.096488,0.054757,0.14277,0.12802,0.02301,-0.13622,-0.3083,-0.46108,-0.57247,-0.632,-0.63572,-0.58415,-0.47991,-0.32729,-0.14008,0.053283,0.20497,0.25873,0.16823,-0.083089,-0.47207,-0.934,-1.3937,-1.8066,-2.1626,-2.4611,-2.6686,-2.7287,-2.6113,-2.3577,-2.0609,-1.8265,-1.7257,-1.7714,-1.9166,-2.074,-2.1508,-2.096,-1.9334,-1.7465,-1.6127,-1.5376,-1.4434,-1.2283,-0.86557,-0.42688,-0.0095804,0.33246,0.596,0.80079,0.96556,1.0986,1.2014,1.2736,1.3152
-3.7608,-3.6874,-3.3568,-2.808,-2.0947,-1.412,-1.0266,-1.1213,-1.5881,-2.0935,-2.3114,-2.0817,-1.5083,-0.87832,-0.40352,-0.10641,0.08616,0.24259,0.38787,0.49656,0.51726,0.42757,0.27017,0.13696,0.10504,0.17488,0.27034,0.3121,0.26619,0.14018,-0.035768,-0.22675,-0.40207,-0.54139,-0.63362,-0.67527,-0.66417,-0.59922,-0.47915,-0.31118,-0.11905,0.050358,0.13728,0.090751,-0.10874,-0.43625,-0.82721,-1.2099,-1.5484,-1.8455,-2.1107,-2.3192,-2.4172,-2.365,-2.1867,-1.9576,-1.7713,-1.693,-1.7334,-1.8471,-1.9483,-1.9582,-1.8417,-1.6345,-1.4223,-1.2797,-1.2139,-1.149,-0.98791,-0.69715,-0.33421,0.014256,0.29909,0.51894,0.69425,0.84263,0.9697,1.0741,1.152,1.2013
-3.8987,-3.7182,-3.3366,-2.784,-2.0715,-1.3741,-0.95985,-1.0175,-1.4555,-1.9563,-2.2183,-2.0696,-1.5597,-0.95395,-0.47328,-0.14993,0.081395,0.29001,0.49939,0.6743,0.75363,0.71249,0.5908,0.46708,0.40759,0.41705,0.44405,0.43232,0.35356,0.21202,0.028854,-0.16722,-0.34946,-0.50001,-0.60929,-0.67394,-0.69138,-0.65779,-0.5666,-0.41705,-0.22539,-0.037442,0.082196,0.074111,-0.088319,-0.38316,-0.74577,-1.1014,-1.4104,-1.6765,-1.9147,-2.1095,-2.2156,-2.1977,-2.0699,-1.896,-1.7572,-1.7089,-1.7548,-1.8464,-1.9079,-1.8701,-1.7124,-1.4782,-1.25,-1.0946,-1.0128,-0.93553,-0.77702,-0.51257,-0.19689,0.09393,0.32116,0.49093,0.62796,0.751,0.8642,0.96295,1.0406,1.0927
-3.9441,-3.6887,-3.2874,-2.749,-2.0492,-1.3465,-0.91457,-0.94658,-1.363,-1.8651,-2.1665,-2.0768,-1.6151,-1.0295,-0.5447,-0.20392,0.057533,0.30877,0.56738,0.79126,0.91401,0.90746,0.80935,0.6911,0.60743,0.56785,0.54066,0.48613,0.38317,0.23342,0.052818,-0.13633,-0.31216,-0.45943,-0.57023,-0.64121,-0.67036,-0.65237,-0.57768,-0.43914,-0.24774,-0.04769,0.091542,0.10358,-0.044365,-0.33459,-0.70244,-1.0674,-1.3793,-1.6367,-1.8556,-2.0295,-2.1258,-2.1185,-2.0205,-1.8881,-1.789,-1.7665,-1.8179,-1.8964,-1.9306,-1.8646,-1.6871,-1.4422,-1.2061,-1.0369,-0.9329,-0.82761,-0.64918,-0.38487,-0.090627,0.16532,0.35381,0.48795,0.59627,0.69816,0.79822,0.88991,0.96469,1.0166
-3.9281,-3.5884,-3.1848,-2.6865,-2.0146,-1.3172,-0.86726,-0.87294,-1.265,-1.7764,-2.1329,-2.1214,-1.7198,-1.1556,-0.66431,-0.29816,0.005546,0.31257,0.63386,0.91805,1.0936,1.1317,1.0641,0.94922,0.83206,0.72614,0.62198,0.50726,0.37418,0.22206,0.056678,-0.11002,-0.26379,-0.39299,-0.49125,-0.55676,-0.58747,-0.57763,-0.51496,-0.38711,-0.19924,0.0078961,0.16161,0.18775,0.043504,-0.26058,-0.66163,-1.0679,-1.4078,-1.6645,-1.8563,-1.9944,-2.069,-2.0692,-2.0106,-1.9356,-1.8932,-1.9102,-1.974,-2.0361,-2.0356,-1.9317,-1.7259,-1.4654,-1.2181,-1.0299,-0.89096,-0.74328,-0.53124,-0.25733,0.020736,0.24369,0.39295,0.48919,0.56528,0.64273,0.72519,0.80534,0.87328,0.92181
-3.825,-3.4296,-3.0511,-2.6096,-1.9877,-1.3031,-0.8401,-0.8239,-1.2013,-1.7309,-2.1481,-2.2172,-1.8694,-1.319,-0.81323,-0.41681,-0.071659,0.28632,0.66371,1.0018,1.2249,1.3044,1.2686,1.162,1.0139,0.83944,0.65512,0.47884,0.31984,0.17396,0.034141,-0.099546,-0.21912,-0.31688,-0.3885,-0.43369,-0.45132,-0.43642,-0.37602,-0.2563,-0.07782,0.12298,0.27495,0.29936,0.14554,-0.18603,-0.63381,-1.0942,-1.4731,-1.7333,-1.8973,-1.9986,-2.0537,-2.0682,-2.0586,-2.0529,-2.0797,-2.1459,-2.2254,-2.267,-2.221,-2.0652,-1.8176,-1.5304,-1.2646,-1.055,-0.8861,-0.70401,-0.46769,-0.18967,0.074043,0.27335,0.39808,0.473,0.53151,0.59412,0.66392,0.73329,0.79257,0.83488
-3.6982,-3.2814,-2.9407,-2.5531,-1.9738,-1.303,-0.83792,-0.80594,-1.1801,-1.73,-2.1969,-2.3246,-2.0171,-1.4683,-0.94195,-0.52173,-0.14572,0.24915,0.66376,1.0368,1.2928,1.4025,1.3906,1.2909,1.1223,0.90031,0.65831,0.43718,0.25973,0.12026,0.003006,-0.10082,-0.18948,-0.25791,-0.30308,-0.32658,-0.32777,-0.30287,-0.23968,-0.12474,0.042695,0.22988,0.36916,0.38265,0.21576,-0.13586,-0.61494,-1.1125,-1.5167,-1.7794,-1.9241,-2.0024,-2.0515,-2.0892,-2.1288,-2.1879,-2.2781,-2.3892,-2.4824,-2.5035,-2.4112,-2.1997,-1.9028,-1.5802,-1.2917,-1.0658,-0.88275,-0.69087,-0.45289,-0.18297,0.067064,0.25361,0.37041,0.44199,0.49888,0.55887,0.62367,0.68644,0.73873,0.77481
-3.4791,-3.0591,-2.7842,-2.4845,-1.9688,-1.3273,-0.85437,-0.80964,-1.1826,-1.7637,-2.2929,-2.503,-2.2396,-1.6888,-1.1391,-0.68109,-0.2621,0.17888,0.64008,1.0559,1.3509,1.4986,1.5179,1.4293,1.237,0.95835,0.64463,0.36655,0.16338,0.031879,-0.055309,-0.11732,-0.16053,-0.18473,-0.19052,-0.1797,-0.15383,-0.11029,-0.040061,0.068142,0.21555,0.37313,0.48191,0.47007,0.2821,-0.089736,-0.59412,-1.1194,-1.5405,-1.7973,-1.9212,-1.9859,-2.0493,-2.138,-2.2631,-2.4258,-2.6164,-2.8005,-2.9172,-2.9021,-2.7276,-2.4144,-2.0231,-1.6286,-1.2932,-1.0422,-0.85295,-0.67113,-0.45901,-0.22294,-0.0019747,0.17051,0.29013,0.37501,0.44599,0.51363,0.57798,0.63358,0.67535,0.70068
-3.2884,-2.8823,-2.6669,-2.4408,-1.9771,-1.3613,-0.88753,-0.83217,-1.2083,-1.8075,-2.3873,-2.6506,-2.4187,-1.8694,-1.3026,-0.81808,-0.36555,0.11152,0.60736,1.0541,1.3763,1.5491,1.5901,1.5103,1.3036,0.98589,0.62331,0.30496,0.085201,-0.040831,-0.10648,-0.13931,-0.14988,-0.14171,-0.11682,-0.078933,-0.030311,0.029754,0.10719,0.20993,0.33747,0.46637,0.545,0.50858,0.30569,-0.075407,-0.58545,-1.1127,-1.5298,-1.7761,-1.8891,-1.9549,-2.042,-2.1819,-2.3821,-2.636,-2.9174,-3.169,-3.3067,-3.2558,-2.9999,-2.5877,-2.1053,-1.6415,-1.2624,-0.99181,-0.80431,-0.64696,-0.4735,-0.27784,-0.085217,0.078918,0.20864,0.31326,0.40334,0.48262,0.54953,0.6006,0.63393,0.64969
-3.0121,-2.6434,-2.519,-2.3961,-2.0114,-1.4291,-0.9555,-0.8887,-1.2596,-1.8857,-2.512,-2.8339,-2.6453,-2.1112,-1.5328,-1.0192,-0.52311,0.005406,0.54953,1.0364,1.3941,1.6005,1.6671,1.5937,1.3682,1.0068,0.58722,0.21886,-0.025667,-0.14858,-0.19095,-0.18916,-0.15981,-0.10984,-0.044164,0.031637,0.11296,0.19714,0.28476,0.37745,0.47272,0.55375,0.58323,0.51018,0.28925,-0.090263,-0.5834,-1.0853,-1.4755,-1.7036,-1.8146,-1.9001,-2.0336,-2.2501,-2.5551,-2.9354,-3.347,-3.7,-3.8698,-3.7613,-3.379,-2.8167,-2.1984,-1.6305,-1.1829,-0.87946,-0.69652,-0.579,-0.4727,-0.3489,-0.20611,-0.055092,0.093673,0.23221,0.35339,0.45099,0.52165,0.5656,0.58577,0.58647
-2.7201,-2.4073,-2.3842,-2.3669,-2.069,-1.5236,-1.0528,-0.96692,-1.3284,-1.9633,-2.6149,-2.973,-2.8322,-2.3358,-1.7704,-1.2383,-0.69965,-0.12008,0.47257,1.0023,1.3992,1.6394,1.7264,1.654,1.4063,1.0042,0.5341,0.12222,-0.14788,-0.27437,-0.30147,-0.27055,-0.20378,-0.11245,-0.0057755,0.10836,0.22231,0.33025,0.42666,0.50718,0.56641,0.59378,0.56758,0.45413,0.21938,-0.14561,-0.60118,-1.0549,-1.4043,-1.6128,-1.7311,-1.8485,-2.035,-2.3245,-2.7224,-3.2128,-3.7419,-4.1916,-4.3931,-4.2232,-3.7106,-2.9989,-2.2493,-1.5818,-1.0668,-0.72802,-0.54492,-0.46426,-0.42569,-0.3788,-0.2929,-0.16032,0.0047739,0.17546,0.3254,0.43835,0.50916,0.5419,0.54474,0.52665
-2.5003,-2.238,-2.2926,-2.3563,-2.125,-1.6094,-1.1395,-1.042,-1.3858,-2.0121,-2.6589,-3.0305,-2.9298,-2.4793,-1.9391,-1.4026,-0.83777,-0.22112,0.40998,0.97532,1.4014,1.6608,1.7563,1.6786,1.4117,0.97752,0.47286,0.032209,-0.25534,-0.38658,-0.40629,-0.35614,-0.2616,-0.13871,-0.00056392,0.14196,0.27977,0.4042,0.50661,0.57745,0.60853,0.59334,0.52192,0.37613,0.13422,-0.2119,-0.62881,-1.0383,-1.3564,-1.554,-1.6818,-1.8237,-2.0452,-2.3764,-2.8256,-3.3753,-3.9668,-4.4668,-4.6806,-4.4718,-3.8766,-3.0739,-2.2458,-1.5176,-0.95942,-0.59463,-0.40546,-0.34278,-0.34505,-0.35038,-0.30835,-0.1958,-0.026568,0.1602,0.32474,0.44305,0.50969,0.53079,0.51806,0.48367
-2.2145,-2.0261,-2.1818,-2.3552,-2.2108,-1.7436,-1.2699,-1.1461,-1.4601,-2.0438,-2.6576,-3.026,-2.9865,-2.6302,-2.1482,-1.6206,-1.0303,-0.3654,0.32399,0.94057,1.4014,1.679,1.7754,1.6798,1.3792,0.90174,0.3518,-0.12697,-0.43695,-0.57255,-0.58019,-0.50235,-0.3691,-0.20297,-0.022497,0.15773,0.32659,0.47216,0.58074,0.63637,0.62778,0.55353,0.42065,0.23298,-0.014691,-0.32683,-0.6835,-1.0308,-1.3094,-1.501,-1.6495,-1.8255,-2.0832,-2.4472,-2.9222,-3.4912,-4.0985,-4.6107,-4.8238,-4.5845,-3.9357,-3.0686,-2.1779,-1.3953,-0.79276,-0.39607,-0.1926,-0.13971,-0.17852,-0.23822,-0.24819,-0.16655,-0.0043791,0.18734,0.35524,0.46825,0.52057,0.52058,0.48371,0.4255
-2.0086,-1.8796,-2.1073,-2.362,-2.2815,-1.8492,-1.3733,-1.2274,-1.5061,-2.0431,-2.6059,-2.9643,-2.9748,-2.7029,-2.2869,-1.7779,-1.1687,-0.46671,0.26356,0.91479,1.3982,1.6831,1.7706,1.653,1.32,0.80495,0.21854,-0.28798,-0.61137,-0.74585,-0.73765,-0.63348,-0.4675,-0.26773,-0.055612,0.15239,0.34374,0.50433,0.61582,0.65817,0.61826,0.49918,0.32075,0.10369,-0.14485,-0.4278,-0.73718,-1.0391,-1.2927,-1.4863,-1.6556,-1.8569,-2.1326,-2.4999,-2.9602,-3.499,-4.0677,-4.5445,-4.7365,-4.4929,-3.846,-2.9763,-2.0765,-1.2796,-0.65962,-0.24496,-0.026524,0.029417,-0.020541,-0.10409,-0.14293,-0.085985,0.059365,0.2393,0.39584,0.49518,0.53044,0.5121,0.4568,0.38101
-1.7476,-1.6986,-2.0217,-2.3715,-2.375,-1.9889,-1.5114,-1.3275,-1.5466,-2,-2.4756,-2.7988,-2.8839,-2.7481,-2.4418,-1.9763,-1.3477,-0.59648,0.18427,0.87686,1.3852,1.6715,1.7379,1.5804,1.1923,0.6149,-0.026442,-0.56655,-0.90017,-1.0221,-0.98177,-0.83146,-0.61469,-0.36606,-0.11127,0.13268,0.35154,0.52858,0.64099,0.66385,0.58188,0.40406,0.16611,-0.087723,-0.33319,-0.5723,-0.81622,-1.0619,-1.292,-1.5025,-1.7108,-1.9471,-2.2336,-2.5799,-2.9806,-3.4302,-3.8945,-4.277,-4.4183,-4.1832,-3.5859,-2.7693,-1.9048,-1.1206,-0.49353,-0.058506,0.18384,0.25902,0.21292,0.11445,0.046491,0.069785,0.18413,0.33641,0.46592,0.53721,0.54329,0.49561,0.41272,0.31278
-1.5035,-1.5363,-1.945,-2.3773,-2.4576,-2.1111,-1.6325,-1.405,-1.5493,-1.9115,-2.2894,-2.5759,-2.7319,-2.7405,-2.5597,-2.1443,-1.5062,-0.71692,0.10811,0.83445,1.3571,1.6352,1.6686,1.4565,1.0012,0.35467,-0.3464,-0.92082,-1.2539,-1.3441,-1.2509,-1.0392,-0.76239,-0.46207,-0.16548,0.10999,0.35067,0.5387,0.64813,0.65041,0.52815,0.29478,0.0011782,-0.28573,-0.52349,-0.71701,-0.90006,-1.0992,-1.3201,-1.5568,-1.8095,-2.0835,-2.3797,-2.6896,-3.0132,-3.3471,-3.6744,-3.9318,-4.0029,-3.7804,-3.2514,-2.5194,-1.7247,-0.98361,-0.37144,0.073612,0.34287,0.44905,0.42753,0.33746,0.25733,0.251,0.32679,0.43926,0.53128,0.56781,0.54185,0.4652,0.35683,0.2353
-1.3321,-1.4229,-1.8889,-2.3732,-2.5013,-2.1839,-1.7039,-1.4424,-1.5282,-1.8181,-2.1286,-2.3919,-2.6004,-2.714,-2.6234,-2.2488,-1.6083,-0.79767,0.050876,0.7948,1.3217,1.5854,1.5876,1.3321,0.82431,0.12115,-0.62883,-1.2277,-1.5515,-1.6027,-1.4557,-1.1886,-0.86277,-0.52383,-0.19894,0.096524,0.34966,0.54245,0.64769,0.63438,0.48377,0.21149,-0.12146,-0.43138,-0.6619,-0.82036,-0.95955,-1.1296,-1.351,-1.618,-1.9153,-2.2259,-2.5306,-2.8125,-3.0682,-3.3063,-3.5275,-3.6916,-3.7091,-3.489,-3.0125,-2.3526,-1.6224,-0.92394,-0.32839,0.12306,0.4139,0.54994,0.55431,0.47878,0.39784,0.37563,0.42502,0.50676,0.56832,0.5768,0.5265,0.42891,0.30305,0.16744
-1.1179,-1.2822,-1.813,-2.3522,-2.5274,-2.2417,-1.7567,-1.4517,-1.4647,-1.6636,-1.9003,-2.1443,-2.422,-2.6621,-2.6841,-2.3604,-1.7206,-0.89297,-0.027264,0.72612,1.2464,1.4833,1.4413,1.1267,0.5483,-0.23167,-1.0432,-1.6661,-1.9598,-1.9387,-1.7043,-1.3556,-0.96699,-0.58337,-0.22828,0.086677,0.35089,0.54599,0.6436,0.60997,0.42485,0.10692,-0.27175,-0.60754,-0.8288,-0.94588,-1.0372,-1.1813,-1.4137,-1.7284,-2.0899,-2.4537,-2.777,-3.029,-3.2065,-3.3307,-3.4222,-3.4687,-3.413,-3.1874,-2.7662,-2.1923,-1.5474,-0.91342,-0.35213,0.097595,0.4154,0.59415,0.64571,0.60747,0.54175,0.50835,0.52635,0.5678,0.58896,0.56086,0.47963,0.35686,0.21137,0.061321
-0.91678,-1.1499,-1.7303,-2.3026,-2.5041,-2.2416,-1.7519,-1.408,-1.3616,-1.489,-1.6715,-1.9181,-2.2609,-2.6081,-2.7272,-2.4501,-1.8182,-0.984,-0.11651,0.62667,1.1277,1.337,1.2542,0.88687,0.24751,-0.59322,-1.4553,-2.0916,-2.3405,-2.2303,-1.8964,-1.4669,-1.0238,-0.60776,-0.23512,0.088558,0.35511,0.54732,0.63526,0.58425,0.37319,0.021886,-0.39029,-0.74669,-0.96445,-1.0586,-1.1244,-1.2588,-1.5097,-1.869,-2.2918,-2.7132,-3.0664,-3.3047,-3.4221,-3.4507,-3.4302,-3.3716,-3.2447,-3.001,-2.6193,-2.1225,-1.5638,-1.001,-0.48089,-0.037154,0.30565,0.53245,0.6401,0.65147,0.61561,0.58493,0.58144,0.58776,0.57081,0.50838,0.39877,0.25454,0.094334,-0.064409
-0.77361,-1.0528,-1.6596,-2.2429,-2.4498,-2.1956,-1.706,-1.3406,-1.26,-1.3488,-1.5113,-1.7671,-2.1594,-2.5771,-2.7556,-2.5096,-1.8862,-1.0557,-0.19726,0.52983,1.009,1.1926,1.0829,0.68754,0.020957,-0.84598,-1.7266,-2.3568,-2.564,-2.3858,-1.9833,-1.5033,-1.0316,-0.6033,-0.22757,0.094061,0.35639,0.54282,0.62419,0.56518,0.34316,-0.021927,-0.44998,-0.81967,-1.0421,-1.1335,-1.1959,-1.3353,-1.6038,-1.9948,-2.4573,-2.9153,-3.289,-3.5232,-3.6098,-3.5858,-3.4997,-3.3752,-3.1983,-2.9372,-2.5744,-2.1248,-1.626,-1.1193,-0.63808,-0.20709,0.15193,0.41481,0.56998,0.62778,0.62476,0.60519,0.59165,0.57474,0.53068,0.44387,0.31498,0.15742,-0.010449,-0.17196
-0.59485,-0.92436,-1.5536,-2.1302,-2.3272,-2.0747,-1.5778,-1.2011,-1.0932,-1.1594,-1.3128,-1.5975,-2.0542,-2.5561,-2.8048,-2.5911,-1.9801,-1.1626,-0.32601,0.36888,0.80889,0.95464,0.81588,0.40354,-0.26974,-1.1314,-1.9923,-2.5822,-2.7267,-2.4723,-2.0033,-1.4828,-0.99584,-0.57023,-0.20593,0.10147,0.35036,0.52594,0.59979,0.5366,0.31311,-0.054238,-0.48845,-0.87032,-1.1105,-1.2207,-1.3031,-1.466,-1.7629,-2.1865,-2.6798,-3.1603,-3.5445,-3.7759,-3.8424,-3.7779,-3.6311,-3.4361,-3.1996,-2.9118,-2.5658,-2.1733,-1.7553,-1.3311,-0.91214,-0.50673,-0.13168,0.18219,0.40698,0.53489,0.585,0.5893,0.56906,0.52457,0.44557,0.32706,0.17424,0.0023054,-0.17131,-0.33191
-0.46598,-0.82639,-1.4625,-2.0216,-2.1966,-1.9332,-1.4408,-1.0595,-0.94865,-1.0134,-1.1808,-1.4922,-2.0004,-2.5615,-2.8517,-2.6614,-2.0606,-1.2527,-0.43565,0.22836,0.63371,0.74966,0.59185,0.17776,-0.47475,-1.2935,-2.0981,-2.6322,-2.7265,-2.4328,-1.9417,-1.4162,-0.939,-0.53066,-0.1869,0.10174,0.33502,0.49997,0.56904,0.508,0.29385,-0.059976,-0.48356,-0.86796,-1.1287,-1.273,-1.3913,-1.5842,-1.9039,-2.3377,-2.8293,-3.2996,-3.6717,-3.8947,-3.9564,-3.8813,-3.7116,-3.484,-3.2168,-2.9129,-2.5793,-2.2252,-1.8643,-1.5038,-1.1394,-0.76328,-0.38352,-0.032438,0.24844,0.43477,0.5299,0.55557,0.53224,0.46796,0.363,0.22005,0.050325,-0.13061,-0.30624,-0.46357
-0.30599,-0.69574,-1.3275,-1.8442,-1.9775,-1.6906,-1.1975,-0.82997,-0.73349,-0.8208,-1.0184,-1.3842,-1.9563,-2.5872,-2.9358,-2.7719,-2.1821,-1.3907,-0.60218,0.020498,0.37511,0.44448,0.26568,-0.12768,-0.71198,-1.4254,-2.1097,-2.5413,-2.5709,-2.2527,-1.7659,-1.2663,-0.8277,-0.4635,-0.16282,0.08732,0.29043,0.43664,0.5009,0.45182,0.26577,-0.048516,-0.43718,-0.8131,-1.1053,-1.3123,-1.5004,-1.749,-2.097,-2.526,-2.9803,-3.3947,-3.7166,-3.9139,-3.9777,-3.9131,-3.7425,-3.4972,-3.2074,-2.8963,-2.5802,-2.274,-1.9871,-1.7144,-1.4315,-1.1061,-0.72938,-0.33379,0.021571,0.28751,0.44433,0.49912,0.47099,0.37842,0.23652,0.059746,-0.13341,-0.32569,-0.50185,-0.65167
-0.159,-0.56525,-1.1774,-1.6406,-1.7145,-1.395,-0.90333,-0.56115,-0.49977,-0.62657,-0.88082,-1.3078,-1.9479,-2.6435,-3.0369,-2.8997,-2.3194,-1.5363,-0.77194,-0.19512,0.10072,0.11931,-0.076067,-0.4304,-0.91181,-1.4731,-1.9946,-2.3004,-2.2731,-1.9584,-1.5106,-1.0675,-0.69163,-0.39066,-0.14923,0.049177,0.21185,0.33333,0.39366,0.36512,0.22429,-0.029231,-0.36052,-0.70952,-1.0252,-1.3001,-1.5723,-1.8878,-2.2608,-2.6628,-3.0445,-3.3668,-3.6114,-3.769,-3.8315,-3.7876,-3.6378,-3.4036,-3.12,-2.8219,-2.5353,-2.2784,-2.0585,-1.864,-1.657,-1.385,-1.0215,-0.59389,-0.17611,0.1593,0.36998,0.4483,0.41116,0.28625,0.10302,-0.11118,-0.33028,-0.53464,-0.7102,-0.84981
-0.058261,-0.46808,-1.0568,-1.4727,-1.4995,-1.1511,-0.65837,-0.34145,-0.31462,-0.48579,-0.78779,-1.2667,-1.9536,-2.6918,-3.1192,-2.9966,-2.4203,-1.6412,-0.89137,-0.34749,-0.09904,-0.12418,-0.33437,-0.65223,-1.0402,-1.4681,-1.8535,-2.0599,-1.9931,-1.6904,-1.286,-0.89852,-0.58199,-0.33887,-0.15079,0.00066779,0.12669,0.22527,0.28255,0.27391,0.17581,-0.019373,-0.29328,-0.60749,-0.92765,-1.2442,-1.575,-1.9385,-2.326,-2.7008,-3.0226,-3.2735,-3.4581,-3.582,-3.6371,-3.6043,-3.4739,-3.2596,-2.9956,-2.7201,-2.4618,-2.2398,-2.0607,-1.9114,-1.7494,-1.5128,-1.1625,-0.72475,-0.27657,0.096307,0.33642,0.42504,0.37596,0.22232,0.0038835,-0.24114,-0.4821,-0.69572,-0.8691,-0.99855
0.058754,-0.34489,-0.89389,-1.2408,-1.1971,-0.80865,-0.31955,-0.038645,-0.068888,-0.30583,-0.6803,-1.2256,-1.9702,-2.7552,-3.2182,-3.1139,-2.5407,-1.7636,-1.0289,-0.52242,-0.33484,-0.42566,-0.66395,-0.93247,-1.1899,-1.4373,-1.641,-1.7168,-1.5981,-1.3151,-0.97337,-0.66656,-0.43556,-0.27701,-0.16956,-0.090138,-0.022884,0.038571,0.088231,0.10932,0.078701,-0.02308,-0.20148,-0.44805,-0.74966,-1.0969,-1.485,-1.8988,-2.3008,-2.6439,-2.8986,-3.0718,-3.1917,-3.2757,-3.3168,-3.2913,-3.1817,-2.9958,-2.7652,-2.5275,-2.3107,-2.1312,-1.9922,-1.8777,-1.7457,-1.5354,-1.2041,-0.76999,-0.30919,0.084462,0.33885,0.42273,0.3461,0.14794,-0.12033,-0.40838,-0.67804,-0.90384,-1.0751,-1.1926
0.1547,-0.23276,-0.73331,-1.0082,-0.89565,-0.46925,0.016023,0.25775,0.16895,-0.13705,-0.57654,-1.1791,-1.9683,-2.7863,-3.2788,-3.1985,-2.6346,-1.8545,-1.1238,-0.6459,-0.51259,-0.66479,-0.93716,-1.1732,-1.319,-1.4015,-1.4391,-1.3936,-1.2251,-0.95793,-0.67339,-0.44404,-0.29915,-0.22912,-0.20888,-0.21121,-0.21307,-0.19834,-0.15967,-0.10474,-0.057166,-0.050296,-0.11587,-0.27304,-0.526,-0.86732,-1.2759,-1.7124,-2.1212,-2.4495,-2.6754,-2.8174,-2.9104,-2.9726,-2.9997,-2.9689,-2.8658,-2.6996,-2.4997,-2.2979,-2.1154,-1.9625,-1.8378,-1.7255,-1.5892,-1.3792,-1.0606,-0.64712,-0.20701,0.16848,0.40238,0.45675,0.33869,0.090316,-0.22912,-0.56086,-0.8586,-1.0957,-1.2642,-1.3693
0.209,-0.16042,-0.61935,-0.84074,-0.67964,-0.22455,0.25411,0.46708,0.33134,-0.022659,-0.50366,-1.1373,-1.9449,-2.773,-3.2821,-3.2231,-2.6731,-1.8954,-1.164,-0.69646,-0.59339,-0.78935,-1.0942,-1.3197,-1.3995,-1.3789,-1.3099,-1.1843,-0.97871,-0.71817,-0.46959,-0.2934,-0.20866,-0.20331,-0.24961,-0.31726,-0.37717,-0.40304,-0.37631,-0.2951,-0.18337,-0.088091,-0.060779,-0.13869,-0.33728,-0.64888,-1.0458,-1.4801,-1.8906,-2.2253,-2.4629,-2.6177,-2.7184,-2.7806,-2.7994,-2.7578,-2.6492,-2.4883,-2.3042,-2.1222,-1.9574,-1.8121,-1.6801,-1.5457,-1.3816,-1.1534,-0.83924,-0.45145,-0.04795,0.28996,0.48821,0.50686,0.35078,0.062499,-0.29523,-0.65843,-0.97679,-1.2223,-1.3888,-1.4851
0.25327,-0.083558,-0.48526,-0.63327,-0.41278,0.073159,0.54428,0.71279,0.52075,0.11127,-0.41117,-1.0673,-1.8765,-2.6958,-3.2161,-3.1942,-2.673,-1.9037,-1.1715,-0.70758,-0.62699,-0.87034,-1.2245,-1.459,-1.4825,-1.3588,-1.1744,-0.95521,-0.70183,-0.44357,-0.23522,-0.12079,-0.11003,-0.18569,-0.31813,-0.47285,-0.61319,-0.69869,-0.6918,-0.57562,-0.37479,-0.15552,0.0030154,0.040977,-0.067623,-0.31708,-0.67528,-1.0905,-1.5034,-1.8648,-2.1504,-2.3612,-2.5075,-2.5921,-2.6081,-2.5494,-2.4252,-2.2613,-2.0869,-1.9196,-1.7615,-1.6039,-1.4359,-1.246,-1.0227,-0.75531,-0.44032,-0.092247,0.24805,0.51629,0.6476,0.60384,0.38904,0.04607,-0.35957,-0.76051,-1.1019,-1.3562,-1.52,-1.6065
0.26413,-0.04438,-0.39921,-0.4967,-0.23444,0.26913,0.73262,0.86816,0.63702,0.19689,-0.34379,-0.9999,-1.7878,-2.5856,-3.1108,-3.1198,-2.6315,-1.8762,-1.142,-0.67635,-0.60503,-0.87079,-1.2562,-1.5115,-1.5218,-1.3466,-1.0932,-0.81511,-0.53135,-0.27377,-0.090299,-0.014858,-0.052458,-0.18255,-0.37417,-0.59174,-0.79255,-0.92491,-0.93479,-0.79223,-0.52345,-0.21119,0.04439,0.16963,0.1336,-0.05981,-0.3779,-0.77126,-1.1872,-1.5779,-1.9168,-2.1913,-2.3932,-2.5097,-2.5336,-2.4645,-2.324,-2.1484,-1.9701,-1.802,-1.6374,-1.4601,-1.2536,-1.0095,-0.73001,-0.42445,-0.10498,0.21539,0.50549,0.71553,0.79047,0.69574,0.43553,0.052688,-0.38599,-0.8107,-1.1662,-1.4254,-1.5873,-1.6682
0.24474,-0.022476,-0.31311,-0.34637,-0.035161,0.48923,0.94076,1.0325,0.7526,0.28072,-0.26949,-0.8968,-1.6321,-2.3855,-2.9063,-2.9662,-2.5383,-1.8132,-1.0812,-0.60824,-0.53596,-0.81553,-1.23,-1.5153,-1.5281,-1.3145,-0.99841,-0.66309,-0.34932,-0.093702,0.062076,0.09344,0.003087,-0.18705,-0.44617,-0.73756,-1.0132,-1.2062,-1.2397,-1.0642,-0.70789,-0.27965,0.094559,0.32686,0.3816,0.26352,0.0020484,-0.36091,-0.78115,-1.2187,-1.6409,-2.0147,-2.3046,-2.4792,-2.521,-2.4418,-2.281,-2.0882,-1.8986,-1.7176,-1.5314,-1.3118,-1.0392,-0.71359,-0.35652,0.00022909,0.33158,0.62093,0.85029,0.98692,0.98935,0.83002,0.51497,0.086914,-0.38726,-0.83663,-1.2066,-1.4707,-1.6307,-1.7062
0.18399,-0.038972,-0.26716,-0.23857,0.11556,0.65433,1.0853,1.141,0.81866,0.32273,-0.20871,-0.78562,-1.4443,-2.1335,-2.6563,-2.7718,-2.411,-1.7298,-1.0098,-0.52853,-0.44291,-0.71754,-1.1426,-1.4468,-1.4693,-1.2416,-0.89323,-0.52718,-0.19919,0.04794,0.17776,0.17288,0.040305,-0.1965,-0.50671,-0.85491,-1.1889,-1.4316,-1.4851,-1.2824,-0.85396,-0.33019,0.14047,0.45928,0.58832,0.5319,0.31727,-0.01988,-0.44487,-0.92414,-1.4232,-1.8947,-2.2792,-2.5209,-2.5945,-2.5176,-2.3436,-2.1328,-1.9237,-1.7202,-1.4981,-1.2267,-0.88655,-0.48534,-0.058829,0.34567,0.69213,0.96422,1.1504,1.23,1.1733,0.96112,0.60334,0.14353,-0.3522,-0.81451,-1.1907,-1.4569,-1.6171,-1.6925
0.10939,-0.079286,-0.25894,-0.18886,0.19118,0.73904,1.1555,1.1825,0.83141,0.32689,-0.18302,-0.70641,-1.2994,-1.9393,-2.4549,-2.6163,-2.3164,-1.6746,-0.96677,-0.48043,-0.38123,-0.63904,-1.0518,-1.3561,-1.3832,-1.1527,-0.79556,-0.42227,-0.09769,0.13501,0.24429,0.21613,0.060288,-0.20023,-0.53617,-0.91206,-1.275,-1.5425,-1.6065,-1.3907,-0.92627,-0.35408,0.16665,0.53215,0.70287,0.68231,0.49515,0.17263,-0.25567,-0.76139,-1.3094,-1.8451,-2.295,-2.588,-2.689,-2.6187,-2.4396,-2.2196,-1.9981,-1.7764,-1.5259,-1.2141,-0.82511,-0.37406,0.0948,0.52758,0.88501,1.1509,1.3177,1.37,1.2838,1.045,0.667,0.19452,-0.30693,-0.77004,-1.1448,-1.41,-1.5708,-1.6488
-0.030437,-0.17122,-0.2888,-0.16522,0.24564,0.79767,1.195,1.1833,0.80011,0.29446,-0.17324,-0.61384,-1.1119,-1.6838,-2.1956,-2.4183,-2.2046,-1.6256,-0.94345,-0.45224,-0.32825,-0.55121,-0.9282,-1.2046,-1.2183,-0.98428,-0.62872,-0.26597,0.036584,0.23974,0.3168,0.26067,0.082757,-0.19489,-0.54607,-0.93691,-1.3156,-1.5968,-1.6678,-1.4468,-0.96489,-0.36657,0.18444,0.58269,0.78754,0.79915,0.6382,0.33007,-0.10132,-0.63089,-1.2242,-1.8219,-2.3397,-2.6917,-2.8315,-2.7797,-2.6053,-2.3819,-2.1495,-1.907,-1.622,-1.2632,-0.82062,-0.31826,0.19153,0.65055,1.0192,1.2835,1.44,1.4767,1.3735,1.1199,0.7328,0.25947,-0.23471,-0.6863,-1.0492,-1.3063,-1.4655,-1.5483
-0.16496,-0.27042,-0.34146,-0.18084,0.24934,0.80141,1.1839,1.1434,0.74075,0.23897,-0.18858,-0.56349,-0.99086,-1.5131,-2.0212,-2.29,-2.1428,-1.6169,-0.95897,-0.46649,-0.32149,-0.5092,-0.84344,-1.0813,-1.0688,-0.82884,-0.48235,-0.13885,0.13846,0.3138,0.36549,0.29065,0.1018,-0.17944,-0.52853,-0.91393,-1.2863,-1.5633,-1.6362,-1.4241,-0.95544,-0.36784,0.17912,0.58079,0.79548,0.82063,0.6724,0.37247,-0.057576,-0.59516,-1.206,-1.8302,-2.38,-2.7641,-2.9292,-2.894,-2.7303,-2.5133,-2.2822,-2.0313,-1.7304,-1.3468,-0.87515,-0.34589,0.18336,0.65308,1.027,1.292,1.4478,1.4839,1.3819,1.133,0.75568,0.2976,-0.17758,-0.60931,-0.95635,-1.2048,-1.3627,-1.4501
-0.38225,-0.44197,-0.45175,-0.24744,0.20326,0.75468,1.1167,1.0456,0.61861,0.13074,-0.24004,-0.52585,-0.8635,-1.3278,-1.8302,-2.154,-2.0962,-1.6468,-1.0268,-0.53595,-0.3648,-0.49893,-0.75666,-0.91678,-0.85229,-0.59819,-0.26882,0.038445,0.27212,0.40522,0.42437,0.33012,0.13574,-0.13821,-0.46913,-0.82854,-1.1724,-1.4287,-1.502,-1.3208,-0.90396,-0.37112,0.13521,0.51568,0.726,0.75921,0.62412,0.33668,-0.084207,-0.61854,-1.2312,-1.8626,-2.4255,-2.8289,-3.0185,-3.0113,-2.8751,-2.6805,-2.4626,-2.2133,-1.9019,-1.5017,-1.0129,-0.4707,0.066046,0.53957,0.91528,1.1855,1.3486,1.3946,1.3068,1.0794,0.73299,0.31471,-0.11607,-0.50628,-0.82085,-1.0502,-1.2024,-1.2944
-0.64329,-0.6566,-0.60843,-0.36371,0.10252,0.65234,0.99354,0.89638,0.45383,-0.017939,-0.32504,-0.52476,-0.77969,-1.1925,-1.6966,-2.0683,-2.0901,-1.7208,-1.1502,-0.66604,-0.46243,-0.53341,-0.70409,-0.76918,-0.63768,-0.36428,-0.056089,0.20872,0.39447,0.4856,0.47596,0.37006,0.18125,-0.072227,-0.37023,-0.68877,-0.99033,-1.2172,-1.2932,-1.1605,-0.82924,-0.38923,0.041603,0.37481,0.5657,0.59965,0.47863,0.21141,-0.18868,-0.70164,-1.2935,-1.9055,-2.4543,-2.8538,-3.0574,-3.0811,-2.9853,-2.8303,-2.6427,-2.4109,-2.1045,-1.7029,-1.2135,-0.67551,-0.14738,0.31687,0.68733,0.95827,1.129,1.1904,1.1276,0.93712,0.64059,0.28223,-0.085205,-0.41678,-0.68663,-0.8883,-1.0289,-1.1218
-0.86455,-0.84435,-0.75295,-0.48346,-0.0065362,0.54019,0.86888,0.75812,0.3087,-0.1467,-0.40985,-0.54604,-0.74727,-1.1292,-1.6278,-2.0311,-2.1103,-1.7987,-1.2648,-0.78784,-0.561,-0.58069,-0.68039,-0.67309,-0.49401,-0.20793,0.083928,0.31761,0.46963,0.53387,0.50895,0.40069,0.22277,-0.0087214,-0.27566,-0.55712,-0.82242,-1.025,-1.1075,-1.0227,-0.77368,-0.42461,-0.068322,0.2187,0.39085,0.42779,0.32172,0.07438,-0.30284,-0.79245,-1.3583,-1.943,-2.4686,-2.8584,-3.0694,-3.1181,-3.0576,-2.9395,-2.7829,-2.5725,-2.2786,-1.8846,-1.4026,-0.87425,-0.35763,0.095685,0.45795,0.72542,0.89882,0.97061,0.92828,0.77073,0.51995,0.21746,-0.090378,-0.36728,-0.59407,-0.76753,-0.89447,-0.98551
-1.1883,-1.1245,-0.98224,-0.68097,-0.1957,0.34875,0.67115,0.54714,0.094567,-0.33251,-0.53813,-0.60728,-0.74343,-1.0866,-1.5823,-2.0148,-2.158,-1.9214,-1.435,-0.9649,-0.70718,-0.65844,-0.66378,-0.56997,-0.33976,-0.045562,0.22421,0.42097,0.53794,0.57762,0.54357,0.44245,0.28496,0.087414,-0.13429,-0.36301,-0.57758,-0.74969,-0.84437,-0.83314,-0.71044,-0.50645,-0.2714,-0.057475,0.090382,0.13956,0.064292,-0.14627,-0.48583,-0.93425,-1.4548,-1.9944,-2.4863,-2.8649,-3.0963,-3.1896,-3.1851,-3.1217,-3.0102,-2.8323,-2.558,-2.1753,-1.7019,-1.1843,-0.68221,-0.24539,0.10236,0.35784,0.52589,0.60355,0.58443,0.47301,0.29246,0.07828,-0.13554,-0.32693,-0.48672,-0.61562,-0.71898,-0.80298
-1.5388,-1.4361,-1.2492,-0.92246,-0.42906,0.11693,0.44299,0.31692,-0.12779,-0.52651,-0.68561,-0.69569,-0.78244,-1.0902,-1.5714,-2.0242,-2.2156,-2.0377,-1.5972,-1.1373,-0.84775,-0.73529,-0.66076,-0.49634,-0.22975,0.059229,0.29853,0.46246,0.55593,0.58688,0.55868,0.47629,0.34941,0.19187,0.017571,-0.16077,-0.33057,-0.47864,-0.59202,-0.65895,-0.67148,-0.62673,-0.52901,-0.39734,-0.26971,-0.19798,-0.23021,-0.39289,-0.68669,-1.0878,-1.5603,-2.0577,-2.5248,-2.9077,-3.1765,-3.3306,-3.3945,-3.3922,-3.3258,-3.1744,-2.9113,-2.5302,-2.0559,-1.5401,-1.0441,-0.61725,-0.28314,-0.044095,0.10685,0.17509,0.16771,0.10086,-0.00052599,-0.11177,-0.21718,-0.31137,-0.39669,-0.47592,-0.55155,-0.62473
-1.813,-1.6852,-1.4682,-1.1281,-0.63049,-0.078608,0.25419,0.14006,-0.29207,-0.67351,-0.80124,-0.77575,-0.83091,-1.1143,-1.5812,-2.0356,-2.2513,-2.1104,-1.699,-1.247,-0.94081,-0.7898,-0.66736,-0.46516,-0.18592,0.091608,0.3077,0.45108,0.53484,0.56925,0.55487,0.49368,0.39392,0.26802,0.12846,-0.014423,-0.15422,-0.28861,-0.41813,-0.54368,-0.65793,-0.737,-0.75015,-0.68448,-0.56894,-0.47165,-0.46149,-0.581,-0.83671,-1.2039,-1.6468,-2.1216,-2.5811,-2.9815,-3.2925,-3.5065,-3.6339,-3.684,-3.6493,-3.5076,-3.2386,-2.8433,-2.3543,-1.8279,-1.3267,-0.90028,-0.57328,-0.34957,-0.22029,-0.17055,-0.17785,-0.21312,-0.25014,-0.27603,-0.29281,-0.31015,-0.33635,-0.37659,-0.43068,-0.49548
-2.1879,-2.032,-1.783,-1.4332,-0.92911,-0.36243,-0.0073714,-0.092682,-0.5003,-0.86234,-0.96032,-0.90078,-0.92394,-1.1754,-1.6168,-2.0612,-2.2907,-2.1795,-1.795,-1.3543,-1.0357,-0.84785,-0.68219,-0.45436,-0.17954,0.073996,0.25944,0.38102,0.46174,0.51293,0.52923,0.50484,0.444,0.35908,0.26229,0.16201,0.057122,-0.062297,-0.21403,-0.41389,-0.65691,-0.89895,-1.062,-1.0851,-0.9825,-0.84258,-0.76886,-0.82683,-1.0312,-1.3582,-1.7708,-2.2295,-2.6973,-3.1411,-3.5337,-3.8557,-4.0911,-4.2205,-4.219,-4.0659,-3.757,-3.3134,-2.7818,-2.2246,-1.7045,-1.2709,-0.95074,-0.7488,-0.65277,-0.63352,-0.64533,-0.63929,-0.58785,-0.49732,-0.39577,-0.31156,-0.26245,-0.2523,-0.27678,-0.32777
-2.47,-2.2964,-2.0343,-1.6819,-1.1724,-0.58863,-0.20691,-0.2592,-0.64747,-0.99356,-1.0811,-1.0042,-1.008,-1.2381,-1.6552,-2.0862,-2.3127,-2.2063,-1.8324,-1.3989,-1.0768,-0.87733,-0.70024,-0.47017,-0.20919,0.019294,0.18105,0.29051,0.37729,0.44915,0.49461,0.5015,0.47106,0.41548,0.34799,0.27471,0.19136,0.080399,-0.085694,-0.33274,-0.6604,-1.0138,-1.285,-1.375,-1.282,-1.1095,-0.98798,-1.0008,-1.1691,-1.4712,-1.8697,-2.3281,-2.8159,-3.3076,-3.7802,-4.2046,-4.5414,-4.7402,-4.7552,-4.5681,-4.197,-3.6876,-3.1023,-2.5078,-1.9659,-1.5236,-1.2076,-1.0229,-0.95396,-0.96008,-0.97687,-0.93936,-0.82008,-0.64257,-0.45591,-0.30222,-0.20181,-0.15833,-0.16392,-0.20656
-2.8355,-2.651,-2.3819,-2.0353,-1.5179,-0.90342,-0.46798,-0.47354,-0.82603,-1.1594,-1.2426,-1.1627,-1.1422,-1.3408,-1.7333,-2.1321,-2.3302,-2.2134,-1.841,-1.4106,-1.0913,-0.89649,-0.72856,-0.51886,-0.28915,-0.10021,0.030091,0.13022,0.23268,0.33925,0.42683,0.47672,0.48746,0.47014,0.43792,0.39547,0.3351,0.23275,0.051565,-0.24441,-0.66108,-1.1363,-1.532,-1.7039,-1.6267,-1.4213,-1.2484,-1.2124,-1.3423,-1.6188,-2.0052,-2.4706,-2.996,-3.5677,-4.1713,-4.7665,-5.2733,-5.5794,-5.5947,-5.3125,-4.8,-4.1581,-3.474,-2.8171,-2.2428,-1.7918,-1.487,-1.3291,-1.2949,-1.3274,-1.3404,-1.2543,-1.0484,-0.76992,-0.49005,-0.26141,-0.10816,-0.030007,-0.015306,-0.048568
-3.1825,-2.9993,-2.7415,-2.4066,-1.8822,-1.2238,-0.72424,-0.67157,-0.99054,-1.3142,-1.4125,-1.3343,-1.2997,-1.4733,-1.8261,-2.1843,-2.3416,-2.1911,-1.8039,-1.3762,-1.0688,-0.89436,-0.75813,-0.58935,-0.40474,-0.25605,-0.15285,-0.05799,0.064358,0.20889,0.34075,0.43284,0.48067,0.49618,0.49345,0.47695,0.43622,0.34303,0.1537,-0.17328,-0.64762,-1.2034,-1.6846,-1.9195,-1.8654,-1.652,-1.4565,-1.3934,-1.4976,-1.7537,-2.1318,-2.6095,-3.1785,-3.8397,-4.5856,-5.3717,-6.0784,-6.5091,-6.4965,-6.0485,-5.327,-4.505,-3.6981,-2.974,-2.3753,-1.9294,-1.6479,-1.5211,-1.5151,-1.5593,-1.5543,-1.4175,-1.1408,-0.79005,-0.44915,-0.17513,0.010026,0.10858,0.13457,0.10557
-3.4258,-3.252,-3.0136,-2.6965,-2.1641,-1.4631,-0.90773,-0.80804,-1.0986,-1.4307,-1.5422,-1.4757,-1.4362,-1.5883,-1.9116,-2.2292,-2.3432,-2.1578,-1.7507,-1.3191,-1.0225,-0.87304,-0.77388,-0.64793,-0.50277,-0.38504,-0.30162,-0.20846,-0.069699,0.1033,0.26696,0.38793,0.45972,0.49573,0.51095,0.51105,0.48399,0.39862,0.20993,-0.12639,-0.62034,-1.2057,-1.7225,-1.9912,-1.9621,-1.7624,-1.5704,-1.503,-1.5978,-1.8425,-2.2132,-2.6955,-3.2912,-4.0113,-4.859,-5.7888,-6.6502,-7.1668,-7.097,-6.4801,-5.5749,-4.6131,-3.7205,-2.956,-2.3505,-1.92,-1.6657,-1.5653,-1.5744,-1.6148,-1.5859,-1.4134,-1.1013,-0.72312,-0.36337,-0.076531,0.11634,0.21946,0.24767,0.21891
-3.72,-3.5705,-3.3758,-3.0903,-2.5387,-1.7742,-1.1395,-0.97171,-1.2393,-1.5833,-1.7266,-1.6749,-1.6344,-1.7595,-2.0315,-2.2874,-2.3316,-2.0834,-1.6386,-1.1976,-0.91665,-0.80736,-0.76884,-0.71171,-0.62861,-0.55742,-0.49741,-0.40388,-0.24377,-0.037425,0.1617,0.31394,0.41249,0.47099,0.50636,0.52424,0.51249,0.43925,0.25883,-0.072151,-0.56228,-1.1467,-1.672,-1.9676,-1.9829,-1.8284,-1.6681,-1.6142,-1.7063,-1.9395,-2.2973,-2.7744,-3.384,-4.151,-5.0887,-6.157,-7.1713,-7.7497,-7.5582,-6.7114,-5.5967,-4.496,-3.5294,-2.7399,-2.1453,-1.7495,-1.5383,-1.4747,-1.4969,-1.5203,-1.4543,-1.2458,-0.91444,-0.53375,-0.18066,0.096842,0.28164,0.3781,0.40071,0.36688
-3.918,-3.7984,-3.6449,-3.3851,-2.8182,-1.9966,-1.2966,-1.082,-1.3321,-1.6949,-1.862,-1.8313,-1.7888,-1.8915,-2.1239,-2.3254,-2.3097,-2.0077,-1.5277,-1.0754,-0.80499,-0.72594,-0.73645,-0.73763,-0.70847,-0.67415,-0.63094,-0.53751,-0.36451,-0.13807,0.081115,0.25061,0.36349,0.43474,0.4822,0.51181,0.51129,0.44916,0.28082,-0.034668,-0.5043,-1.0641,-1.5729,-1.8784,-1.9336,-1.8309,-1.7113,-1.6765,-1.7697,-1.9909,-2.3331,-2.7969,-3.3991,-4.167,-5.1185,-6.2096,-7.2389,-7.7851,-7.4986,-6.5435,-5.357,-4.2203,-3.2434,-2.4618,-1.8885,-1.5232,-1.3448,-1.3052,-1.3325,-1.3398,-1.2483,-1.0234,-0.69481,-0.33235,-0.0031884,0.25192,0.41929,0.50267,0.51567,0.47472
-4.15,-4.0796,-3.9963,-3.7759,-3.1742,-2.2662,-1.4786,-1.2041,-1.4429,-1.8287,-2.0402,-2.0313,-1.9829,-2.0507,-2.2275,-2.347,-2.2393,-1.8628,-1.3377,-0.86806,-0.60661,-0.56597,-0.646,-0.73344,-0.78392,-0.80199,-0.78257,-0.68997,-0.50253,-0.25737,-0.020563,0.16311,0.2866,0.368,0.42636,0.46943,0.48487,0.44226,0.29834,0.015528,-0.41046,-0.92119,-1.3949,-1.7074,-1.8196,-1.7947,-1.7399,-1.7395,-1.8358,-2.0408,-2.3531,-2.7785,-3.3359,-4.0502,-4.9345,-5.9348,-6.8391,-7.2476,-6.8779,-5.9191,-4.7685,-3.6764,-2.7421,-2.001,-1.4687,-1.1457,-1.0057,-0.99252,-1.0216,-1.005,-0.88237,-0.64654,-0.33903,-0.019758,0.26102,0.474,0.60884,0.66947,0.667,0.61523
-4.349,-4.3373,-4.3324,-4.1516,-3.4993,-2.4945,-1.6144,-1.2943,-1.5229,-1.9385,-2.1916,-2.2058,-2.1398,-2.1707,-2.2821,-2.3149,-2.1197,-1.6741,-1.1071,-0.62067,-0.36635,-0.36029,-0.50283,-0.67527,-0.81031,-0.88949,-0.89606,-0.80194,-0.60427,-0.35014,-0.1078,0.078277,0.20354,0.28755,0.35185,0.4051,0.4367,0.41778,0.30702,0.069344,-0.30053,-0.75317,-1.1909,-1.5156,-1.6889,-1.7456,-1.7558,-1.7864,-1.8822,-2.0647,-2.3409,-2.7155,-3.2006,-3.8127,-4.5525,-5.3574,-6.0343,-6.2724,-5.8889,-5.0419,-4.0268,-3.049,-2.2009,-1.5232,-1.0389,-0.75385,-0.64312,-0.64409,-0.66685,-0.62711,-0.48261,-0.2467,0.032829,0.30529,0.53437,0.70037,0.79843,0.8322,0.81113,0.74688
-4.4765,-4.5168,-4.5736,-4.4158,-3.7147,-2.6272,-1.6851,-1.3337,-1.5595,-1.9947,-2.2746,-2.2967,-2.217,-2.2096,-2.2707,-2.2407,-1.9861,-1.5007,-0.91259,-0.4183,-0.16962,-0.18546,-0.37013,-0.60367,-0.80134,-0.92446,-0.94836,-0.85379,-0.65159,-0.39601,-0.15794,0.021344,0.14025,0.22124,0.28748,0.34803,0.39323,0.39427,0.31297,0.11414,-0.20934,-0.61904,-1.0345,-1.3727,-1.593,-1.7084,-1.765,-1.8173,-1.9115,-2.0733,-2.3155,-2.6434,-3.0639,-3.5833,-4.1956,-4.8342,-5.3341,-5.4627,-5.0997,-4.3625,-3.4738,-2.5991,-1.8246,-1.1968,-0.74608,-0.48445,-0.38972,-0.39532,-0.41134,-0.35613,-0.19784,0.037911,0.29873,0.53884,0.73088,0.86315,0.93339,0.94661,0.91154,0.83842
-4.6235,-4.7403,-4.8788,-4.7377,-3.957,-2.7495,-1.7261,-1.3385,-1.5681,-2.0287,-2.3313,-2.3512,-2.2382,-2.1752,-2.1623,-2.0616,-1.7496,-1.2283,-0.62966,-0.14054,0.098256,0.060103,-0.17596,-0.48559,-0.75871,-0.93024,-0.97233,-0.87792,-0.67246,-0.42294,-0.19974,-0.040323,0.061431,0.13203,0.19753,0.26722,0.33187,0.36389,0.32523,0.18107,-0.081086,-0.43736,-0.82901,-1.1887,-1.4698,-1.6562,-1.7664,-1.8424,-1.9323,-2.0707,-2.272,-2.5383,-2.8697,-3.2655,-3.7102,-4.1457,-4.4505,-4.4759,-4.1542,-3.5582,-2.8285,-2.0852,-1.4052,-0.84112,-0.43241,-0.19724,-0.11532,-0.11926,-0.11786,-0.036895,0.14042,0.37565,0.6141,0.81692,0.96653,1.0587,1.0967,1.086,1.0345,0.95077
-4.7479,-4.944,-5.1595,-5.0158,-4.1323,-2.8052,-1.711,-1.2941,-1.5279,-2.0038,-2.31,-2.3118,-2.1554,-2.0291,-1.952,-1.7952,-1.4522,-0.92703,-0.33859,0.13596,0.35481,0.28712,0.0092467,-0.35482,-0.68349,-0.8926,-0.9444,-0.84616,-0.64383,-0.411,-0.21528,-0.085159,-0.0086856,0.045672,0.1061,0.1843,0.27112,0.33893,0.34823,0.26103,0.056843,-0.25279,-0.62616,-1.0062,-1.3389,-1.5876,-1.7443,-1.8389,-1.9246,-2.0436,-2.2147,-2.4354,-2.6972,-2.9908,-3.2979,-3.5722,-3.7336,-3.6945,-3.4167,-2.9391,-2.3445,-1.7141,-1.1145,-0.6023,-0.22427,-0.0042232,0.07729,0.084855,0.11026,0.22014,0.41827,0.65612,0.87783,1.0505,1.1649,1.2241,1.2346,1.2041,1.1397,1.0487
-4.8283,-5.0827,-5.3481,-5.1892,-4.2184,-2.8082,-1.6612,-1.2283,-1.4646,-1.9454,-2.247,-2.2238,-2.0274,-1.8532,-1.7322,-1.5505,-1.2001,-0.68614,-0.11937,0.33375,0.53302,0.44287,0.13677,-0.25907,-0.61484,-0.83793,-0.89099,-0.7916,-0.59654,-0.38219,-0.21182,-0.10818,-0.054371,-0.015271,0.039629,0.12339,0.22741,0.3237,0.37114,0.32775,0.1662,-0.11177,-0.47322,-0.86471,-1.2282,-1.5128,-1.6983,-1.8081,-1.8951,-2.0098,-2.1703,-2.3706,-2.5966,-2.8347,-3.0645,-3.2507,-3.3371,-3.2671,-3.0169,-2.6098,-2.0977,-1.5391,-0.99047,-0.50791,-0.1425,0.077323,0.16811,0.19366,0.24312,0.37677,0.59,0.82943,1.0401,1.1938,1.2867,1.3262,1.3204,1.2783,1.207,1.1127
-4.917,-5.2502,-5.5687,-5.3693,-4.2734,-2.7585,-1.5558,-1.1064,-1.3384,-1.8183,-2.1022,-2.0329,-1.7733,-1.5425,-1.3807,-1.1825,-0.84599,-0.36502,0.1604,0.57264,0.73962,0.62396,0.29076,-0.1321,-0.5051,-0.73032,-0.78086,-0.68643,-0.51064,-0.3285,-0.19745,-0.13292,-0.1117,-0.09393,-0.046161,0.045744,0.17355,0.30808,0.40654,0.42114,0.31565,0.079376,-0.26504,-0.66694,-1.0607,-1.3819,-1.5965,-1.7234,-1.821,-1.9427,-2.1098,-2.3104,-2.52,-2.7146,-2.8762,-2.981,-3,-2.9064,-2.6885,-2.3552,-1.9283,-1.4431,-0.94383,-0.48472,-0.12072,0.11429,0.23223,0.29434,0.38315,0.54911,0.77877,1.0167,1.2126,1.345,1.4155,1.4345,1.413,1.3598,1.2814,1.1837
-4.9706,-5.3589,-5.7065,-5.4558,-4.2717,-2.6908,-1.4595,-0.99606,-1.2237,-1.6957,-1.9601,-1.8488,-1.5413,-1.2722,-1.0898,-0.89007,-0.57364,-0.12974,0.35554,0.73441,0.87449,0.73858,0.39496,-0.030064,-0.40078,-0.62391,-0.67543,-0.59231,-0.439,-0.28715,-0.18867,-0.1541,-0.1561,-0.15283,-0.1092,-0.010253,0.13584,0.29915,0.43441,0.48996,0.42386,0.21792,-0.11065,-0.51267,-0.91919,-1.2573,-1.4892,-1.6328,-1.7467,-1.8883,-2.076,-2.2941,-2.5109,-2.6966,-2.8294,-2.894,-2.8785,-2.7747,-2.5781,-2.2871,-1.9102,-1.4656,-0.98913,-0.5339,-0.15813,0.10019,0.24858,0.34683,0.46935,0.65846,0.89676,1.131,1.3159,1.4341,1.4902,1.4968,1.4655,1.4057,1.3243,1.2267
-5.0208,-5.4817,-5.8454,-5.5148,-4.2217,-2.5713,-1.3145,-0.8403,-1.0561,-1.5123,-1.7373,-1.5716,-1.2061,-0.89158,-0.68978,-0.50069,-0.21932,0.17314,0.60012,0.92722,1.0326,0.87991,0.53449,0.12071,-0.23357,-0.44905,-0.51396,-0.46264,-0.35337,-0.24879,-0.19405,-0.19597,-0.22428,-0.23627,-0.19496,-0.08481,0.086541,0.28804,0.46998,0.57591,0.55661,0.38826,0.082858,-0.31171,-0.72341,-1.075,-1.326,-1.4947,-1.641,-1.8219,-2.0539,-2.3153,-2.5646,-2.7618,-2.8805,-2.9144,-2.8703,-2.7593,-2.5845,-2.3378,-2.008,-1.5963,-1.1299,-0.66211,-0.25639,0.044464,0.24475,0.3976,0.56893,0.78912,1.0354,1.2594,1.425,1.5229,1.5617,1.5551,1.5152,1.4509,1.3684,1.2726
-5.048,-5.5667,-5.9266,-5.5071,-4.1248,-2.435,-1.1671,-0.68684,-0.89393,-1.3228,-1.5051,-1.2859,-0.8682,-0.51934,-0.3072,-0.13283,0.11138,0.45317,0.82658,1.1054,1.1782,1.0177,0.68718,0.30016,-0.033947,-0.25061,-0.34387,-0.34427,-0.29419,-0.24406,-0.23265,-0.26502,-0.31331,-0.33328,-0.28781,-0.16074,0.03917,0.27735,0.50215,0.65115,0.67118,0.53376,0.24981,-0.13256,-0.54038,-0.89938,-1.1685,-1.365,-1.55,-1.7772,-2.066,-2.3901,-2.6951,-2.9253,-3.0489,-3.0634,-2.995,-2.8746,-2.7143,-2.499,-2.2025,-1.8089,-1.3363,-0.83889,-0.38676,-0.029902,0.23061,0.44096,0.65817,0.90373,1.1527,1.3627,1.5072,1.5843,1.6069,1.5901,1.5451,1.4799,1.3995,1.3075
-5.053,-5.6033,-5.9494,-5.463,-4.0281,-2.3273,-1.061,-0.5827,-0.78366,-1.1939,-1.3431,-1.0831,-0.63053,-0.26032,-0.043241,0.11879,0.33916,0.64798,0.98574,1.2364,1.2934,1.1329,0.8211,0.45953,0.14012,-0.08931,-0.22204,-0.2757,-0.27983,-0.27379,-0.29212,-0.34186,-0.3966,-0.41471,-0.35965,-0.21647,0.004906,0.26867,0.52023,0.69559,0.73914,0.62138,0.35264,-0.019227,-0.4227,-0.78496,-1.0673,-1.2867,-1.5016,-1.7679,-2.1042,-2.4804,-2.8335,-3.0964,-3.2287,-3.2333,-3.1488,-3.0193,-2.8634,-2.6639,-2.3833,-1.9952,-1.5108,-0.98412,-0.49067,-0.086914,0.2198,0.47179,0.71876,0.97773,1.2244,1.4219,1.5505,1.6136,1.6266,1.6043,1.5581,1.494,1.4161,1.3274
-5.0378,-5.617,-5.9251,-5.3563,-3.8792,-2.1849,-0.93135,-0.46442,-0.66205,-1.0525,-1.1614,-0.84927,-0.35227,0.044282,0.26801,0.41874,0.61131,0.88503,1.1869,1.4081,1.455,1.3085,1.0262,0.69633,0.38828,0.13023,-0.072665,-0.21695,-0.30529,-0.36176,-0.41731,-0.48127,-0.5335,-0.53685,-0.4592,-0.28771,-0.035236,0.25994,0.54102,0.74252,0.80826,0.70908,0.45533,0.094202,-0.30465,-0.67188,-0.9705,-1.2168,-1.4682,-1.7831,-2.1816,-2.6309,-3.0553,-3.3692,-3.5162,-3.5052,-3.3944,-3.2472,-3.0907,-2.9041,-2.6359,-2.2455,-1.7366,-1.1663,-0.61795,-0.15605,0.20624,0.5035,0.77975,1.0491,1.2903,1.4732,1.5851,1.6342,1.6378,1.6115,1.5652,1.5039,1.4308,1.3482
-4.9997,-5.5907,-5.8461,-5.207,-3.7179,-2.0481,-0.82449,-0.37475,-0.57907,-0.95897,-1.0337,-0.67296,-0.13561,0.28723,0.51981,0.66355,0.83866,1.09,1.3715,1.5813,1.6304,1.5044,1.2566,0.95552,0.64393,0.33727,0.047133,-0.20012,-0.38306,-0.50535,-0.59239,-0.65846,-0.6928,-0.66705,-0.55577,-0.34999,-0.065628,0.25736,0.56103,0.77966,0.85765,0.76682,0.5186,0.16107,-0.23605,-0.60632,-0.91502,-1.1801,-1.4603,-1.815,-2.2682,-2.787,-3.2848,-3.6542,-3.8205,-3.7927,-3.6494,-3.4769,-3.3123,-3.1274,-2.8635,-2.4637,-1.9265,-1.314,-0.71897,-0.213,0.18734,0.51402,0.80749,1.0811,1.3163,1.4886,1.59,1.6319,1.6325,1.6069,1.5644,1.5088,1.4422,1.3666
-4.9595,-5.5422,-5.7571,-5.0746,-3.5942,-1.9538,-0.75805,-0.32395,-0.54032,-0.91972,-0.97153,-0.58119,-0.015876,0.42649,0.66697,0.80894,0.97768,1.2212,1.4974,1.7086,1.7671,1.658,1.4327,1.1464,0.82419,0.47283,0.11264,-0.2156,-0.47055,-0.6413,-0.74703,-0.80696,-0.81907,-0.76328,-0.62009,-0.38539,-0.077334,0.26305,0.57836,0.80368,0.88451,0.79347,0.5435,0.18452,-0.21298,-0.58281,-0.89371,-1.1662,-1.4601,-1.836,-2.3193,-2.8786,-3.4235,-3.8336,-4.0215,-3.9934,-3.836,-3.646,-3.4667,-3.274,-2.9972,-2.5799,-2.0218,-1.3881,-0.77406,-0.2517,0.16249,0.49844,0.7971,1.0716,1.3048,1.4742,1.574,1.6163,1.6195,1.5981,1.5609,1.511,1.4502,1.3799
-4.8967,-5.4509,-5.6071,-4.8863,-3.4314,-1.8388,-0.68432,-0.28312,-0.52316,-0.90837,-0.94052,-0.51381,0.083386,0.54744,0.80053,0.94621,1.1123,1.3568,1.6414,1.865,1.9416,1.8579,1.656,1.378,1.034,0.62318,0.16956,-0.26596,-0.61387,-0.84256,-0.96507,-1.0077,-0.98062,-0.87618,-0.68463,-0.40922,-0.071802,0.28606,0.60866,0.83411,0.91057,0.81279,0.5556,0.19073,-0.20918,-0.57671,-0.88247,-1.1502,-1.4436,-1.8279,-2.3329,-2.9306,-3.5284,-3.9943,-4.2247,-4.2126,-4.0479,-3.8383,-3.6358,-3.4167,-3.1146,-2.6725,-2.0922,-1.4421,-0.81912,-0.29474,0.11575,0.44679,0.73989,1.0106,1.244,1.4183,1.5268,1.5797,1.5936,1.5829,1.5546,1.513,1.4602,1.398
-4.8464,-5.368,-5.479,-4.7421,-3.3134,-1.7626,-0.64209,-0.267,-0.52886,-0.92437,-0.95092,-0.50403,0.11321,0.59068,0.85366,1.0046,1.1765,1.429,1.7243,1.9622,2.0548,1.9869,1.7985,1.5225,1.1603,0.70647,0.18996,-0.31626,-0.72578,-0.99081,-1.1193,-1.1429,-1.0815,-0.93795,-0.71015,-0.40643,-0.05074,0.31569,0.63892,0.85945,0.92769,0.82018,0.55355,0.18157,-0.22051,-0.58308,-0.87677,-1.1289,-1.4083,-1.7842,-2.2893,-2.8975,-3.5185,-4.0206,-4.2921,-4.3146,-4.1678,-3.9568,-3.7366,-3.4904,-3.1589,-2.6922,-2.0984,-1.4475,-0.83405,-0.32556,0.067087,0.38091,0.66232,0.92923,1.1669,1.3517,1.474,1.5413,1.5686,1.569,1.5504,1.5168,1.4705,1.4132
-4.7813,-5.255,-5.306,-4.5585,-3.1726,-1.6744,-0.59166,-0.2561,-0.54948,-0.96739,-0.99678,-0.53837,0.096031,0.58627,0.85764,1.0216,1.2098,1.4792,1.7926,2.0502,2.1626,2.1131,1.9383,1.663,1.2789,0.7781,0.19562,-0.38237,-0.85357,-1.1527,-1.2803,-1.2739,-1.167,-0.97529,-0.70591,-0.37266,-0.0006619,0.36982,0.68769,0.89639,0.94897,0.82521,0.54395,0.16245,-0.23979,-0.58922,-0.85644,-1.0746,-1.3199,-1.6666,-2.15,-2.7481,-3.3796,-3.9203,-4.2584,-4.352,-4.2529,-4.0535,-3.8142,-3.5317,-3.1606,-2.6676,-2.067,-1.428,-0.84046,-0.36717,-0.014432,0.2645,0.52238,0.78311,1.0319,1.2392,1.3881,1.4806,1.5295,1.5479,1.5439,1.5227,1.4866,1.4372
-4.7283,-5.1415,-5.1441,-4.3943,-3.0507,-1.6005,-0.55586,-0.2526,-0.57788,-1.0202,-1.067,-0.60994,0.026247,0.51812,0.79816,0.97546,1.1807,1.4703,1.8028,2.0754,2.2015,2.1662,2.0022,1.7287,1.333,0.80648,0.18826,-0.42689,-0.92642,-1.2374,-1.3563,-1.3234,-1.1803,-0.95252,-0.65514,-0.30489,0.071738,0.43657,0.74085,0.93187,0.96631,0.82622,0.53299,0.14679,-0.24861,-0.57608,-0.80697,-0.98106,-1.182,-1.4867,-1.9326,-2.5019,-3.1228,-3.6851,-4.0799,-4.2503,-4.2206,-4.0615,-3.8275,-3.5238,-3.1231,-2.6087,-2.0073,-1.3902,-0.84143,-0.41575,-0.11106,0.12586,0.35774,0.61413,0.87847,1.1136,1.2937,1.4154,1.489,1.5269,1.5389,1.5304,1.5042,1.4621
-4.7009,-5.0666,-5.038,-4.2902,-2.9794,-1.5558,-0.53316,-0.24522,-0.58778,-1.052,-1.1174,-0.67891,-0.052165,0.43663,0.71697,0.90162,1.1203,1.423,1.7652,2.0458,2.1789,2.1504,1.9945,1.7271,1.3331,0.80349,0.18177,-0.43319,-0.92916,-1.2335,-1.3428,-1.2969,-1.1385,-0.8968,-0.59007,-0.23787,0.13368,0.48758,0.77765,0.95396,0.97463,0.82506,0.52709,0.14297,-0.23949,-0.54369,-0.74269,-0.88191,-1.0492,-1.3212,-1.7354,-2.2758,-2.8782,-3.4436,-3.8704,-4.0957,-4.124,-4.0066,-3.7899,-3.4853,-3.0756,-2.5569,-1.9635,-1.3672,-0.8484,-0.45722,-0.18666,0.021666,0.2367,0.49143,0.7676,1.0226,1.225,1.3675,1.4589,1.5121,1.5356,1.536,1.5167,1.4801
-4.6873,-4.9894,-4.9216,-4.1862,-2.9073,-1.5116,-0.50708,-0.22999,-0.58425,-1.0678,-1.1649,-0.76431,-0.17049,0.30109,0.57595,0.76509,0.99384,1.3068,1.6542,1.9345,2.0692,2.0496,1.9077,1.657,1.2825,0.7768,0.1858,-0.39399,-0.85574,-1.1357,-1.2325,-1.1816,-1.0217,-0.78039,-0.47822,-0.13659,0.21783,0.54981,0.81616,0.97028,0.97423,0.81514,0.51862,0.14996,-0.20212,-0.46293,-0.61416,-0.70897,-0.83717,-1.073,-1.4507,-1.9553,-2.5292,-3.0867,-3.536,-3.8161,-3.9165,-3.8657,-3.6944,-3.4114,-3.0125,-2.5032,-1.9263,-1.3557,-0.86974,-0.5142,-0.27676,-0.095587,0.10488,0.35949,0.64708,0.92017,1.1435,1.3075,1.4194,1.4909,1.5303,1.5432,1.5332,1.5028
-4.6939,-4.9511,-4.8607,-4.1321,-2.8733,-1.4945,-0.49182,-0.21201,-0.56238,-1.0539,-1.1737,-0.81257,-0.25749,0.18911,0.45382,0.63923,0.86847,1.1816,1.5242,1.7967,1.9277,1.9142,1.7885,1.563,1.2193,0.75141,0.20405,-0.32889,-0.74972,-1.0042,-1.0942,-1.0489,-0.90003,-0.67177,-0.3847,-0.060536,0.27397,0.58477,0.8309,0.96822,0.96127,0.80001,0.51216,0.16477,-0.15393,-0.37454,-0.48708,-0.5513,-0.6565,-0.87415,-1.2336,-1.718,-2.2729,-2.821,-3.2802,-3.5933,-3.7419,-3.7396,-3.6072,-3.3517,-2.9728,-2.483,-1.9256,-1.3723,-0.89974,-0.55412,-0.32549,-0.14986,0.046507,0.29914,0.58743,0.86394,1.0934,1.2663,1.3893,1.4723,1.5234,1.5465,1.5443,1.519
-4.7292,-4.9307,-4.813,-4.0988,-2.8595,-1.4873,-0.4805,-0.17916,-0.51034,-0.99079,-1.1385,-0.83781,-0.34902,0.04794,0.28227,0.45441,0.67519,0.97354,1.2951,1.5479,1.669,1.6641,1.5715,1.3977,1.1175,0.71989,0.25099,-0.20113,-0.55528,-0.77471,-0.86217,-0.83611,-0.71529,-0.51782,-0.26195,0.029656,0.33119,0.6098,0.82667,0.94114,0.92138,0.76268,0.49639,0.19129,-0.068533,-0.22582,-0.28557,-0.31499,-0.40047,-0.60525,-0.95122,-1.4197,-1.9602,-2.5024,-2.9769,-3.33,-3.5367,-3.5978,-3.522,-3.3115,-2.9662,-2.5018,-1.9623,-1.4191,-0.94813,-0.59613,-0.35491,-0.16853,0.031103,0.2772,0.55282,0.81752,1.0416,1.2173,1.3495,1.4455,1.51,1.5451,1.5526,1.5346
-4.7954,-4.9438,-4.8053,-4.1003,-2.8775,-1.5064,-0.4802,-0.14988,-0.43554,-0.88739,-1.0496,-0.81034,-0.39725,-0.069056,0.12059,0.26555,0.46258,0.73241,1.0184,1.2367,1.3436,1.359,1.3183,1.2177,1.02,0.71042,0.33083,-0.037964,-0.33056,-0.5215,-0.61429,-0.6164,-0.53313,-0.37475,-0.15713,0.097512,0.36286,0.60728,0.79394,0.88544,0.85489,0.70154,0.46335,0.2117,0.023044,-0.060754,-0.064915,-0.064221,-0.13883,-0.34315,-0.69044,-1.1594,-1.7022,-2.2557,-2.7555,-3.1516,-3.4156,-3.5379,-3.5165,-3.347,-3.028,-2.5774,-2.0415,-1.4911,-1.0011,-0.61934,-0.34391,-0.12874,0.08176,0.31611,0.5642,0.79881,1.0014,1.1685,1.3039,1.4108,1.4882,1.5358,1.554,1.5444
-4.8645,-4.9742,-4.8242,-4.1231,-2.9111,-1.5362,-0.49417,-0.13226,-0.37474,-0.79034,-0.95453,-0.75494,-0.40383,-0.13212,0.013454,0.12886,0.30201,0.54162,0.79183,0.98124,1.08,1.1179,1.1287,1.0945,0.96679,0.72518,0.40947,0.095168,-0.15954,-0.33634,-0.43779,-0.46413,-0.41211,-0.28551,-0.098028,0.12816,0.36658,0.58586,0.75115,0.82691,0.78908,0.64111,0.42534,0.21538,0.08325,0.055377,0.092786,0.1156,0.046695,-0.15918,-0.51153,-0.98908,-1.5466,-2.1222,-2.6562,-3.095,-3.4053,-3.5718,-3.586,-3.4394,-3.1272,-2.6706,-2.1201,-1.5495,-1.0337,-0.62056,-0.31165,-0.070476,0.14892,0.37024,0.58935,0.79188,0.97065,1.1272,1.2637,1.3784,1.4667,1.5249,1.5517,1.5481
-4.9742,-5.0414,-4.8727,-4.1832,-2.9843,-1.603,-0.53451,-0.1242,-0.29972,-0.65492,-0.80225,-0.64969,-0.37633,-0.18524,-0.10076,-0.031072,0.099346,0.29195,0.49202,0.64216,0.73696,0.82088,0.91694,0.98158,0.94594,0.78278,0.53374,0.27284,0.051404,-0.11778,-0.2364,-0.29635,-0.28478,-0.19927,-0.050833,0.13965,0.34542,0.53556,0.6755,0.73181,0.68418,0.54138,0.35274,0.19497,0.13368,0.17743,0.26958,0.32345,0.26519,0.05725,-0.30601,-0.80324,-1.3917,-2.0132,-2.6063,-3.114,-3.4947,-3.7217,-3.775,-3.6392,-3.3131,-2.8252,-2.235,-1.6213,-1.0595,-0.59768,-0.24338,0.028309,0.25155,0.44675,0.61999,0.77512,0.9203,1.0627,1.2015,1.3279,1.4306,1.5025,1.5407,1.5461
-5.1029,-5.1317,-4.9475,-4.2677,-3.08,-1.7024,-0.60989,-0.14686,-0.24972,-0.53013,-0.64442,-0.52336,-0.32688,-0.21098,-0.18934,-0.17073,-0.084201,0.066986,0.22733,0.35087,0.45698,0.60437,0.79593,0.95417,0.99227,0.88225,0.67083,0.43566,0.2266,0.053396,-0.085748,-0.17789,-0.2044,-0.15709,-0.043815,0.11615,0.29616,0.46463,0.5867,0.62877,0.57204,0.42969,0.25728,0.13733,0.13235,0.23859,0.38386,0.47306,0.43309,0.2282,-0.1451,-0.66513,-1.2904,-1.9655,-2.627,-3.2131,-3.6701,-3.9541,-4.0309,-3.8804,-3.5148,-2.9749,-2.3313,-1.667,-1.0576,-0.55214,-0.16277,0.12567,0.33897,0.49842,0.62234,0.73231,0.84974,0.98467,1.1307,1.2712,1.3896,1.4751,1.524,1.5376
-5.2051,-5.2085,-5.0111,-4.3407,-3.1689,-1.7983,-0.69076,-0.18846,-0.23616,-0.45624,-0.53792,-0.43356,-0.28326,-0.22011,-0.24503,-0.26137,-0.20038,-0.070464,0.074587,0.19795,0.32814,0.52569,0.78112,0.99605,1.0713,0.98008,0.77618,0.54179,0.32878,0.14557,-0.0096804,-0.12421,-0.17624,-0.15454,-0.0639,0.077234,0.24279,0.40111,0.51607,0.55315,0.4918,0.34686,0.17727,0.071036,0.093754,0.23546,0.41571,0.53312,0.51164,0.31571,-0.058694,-0.59072,-1.2399,-1.9507,-2.6614,-3.305,-3.8162,-4.1342,-4.2129,-4.0361,-3.6276,-3.0455,-2.367,-1.6745,-1.0407,-0.51414,-0.11159,0.17844,0.37672,0.5069,0.59659,0.67887,0.78245,0.91747,1.0726,1.2257,1.3562,1.452,1.5091,1.529
-5.341,-5.314,-5.1018,-4.4453,-3.3002,-1.9529,-0.83845,-0.28904,-0.25722,-0.39582,-0.42974,-0.33419,-0.23739,-0.2408,-0.32156,-0.37882,-0.3378,-0.20507,-0.042038,0.11299,0.29631,0.56164,0.87726,1.1307,1.2204,1.1254,0.90719,0.65519,0.42453,0.22197,0.043787,-0.098614,-0.18122,-0.18912,-0.12349,-0.00096319,0.1536,0.3082,0.42467,0.46438,0.40207,0.24921,0.068343,-0.042563,-0.0075098,0.1645,0.38401,0.53879,0.5464,0.36838,0.00028732,-0.53653,-1.2018,-1.9419,-2.6946,-3.3893,-3.9464,-4.2845,-4.3466,-4.127,-3.6701,-3.0509,-2.35,-1.6455,-1.0047,-0.47461,-0.074562,0.2024,0.37422,0.46768,0.52046,0.57785,0.67531,0.82047,0.99401,1.1663,1.3133,1.4216,1.488,1.515
-5.4384,-5.3903,-5.1695,-4.5206,-3.4091,-2.0881,-0.97725,-0.39943,-0.30641,-0.38368,-0.38162,-0.28478,-0.21972,-0.2684,-0.38977,-0.46777,-0.42245,-0.26351,-0.056943,0.15053,0.38455,0.6899,1.0262,1.2794,1.3545,1.2371,0.99254,0.71668,0.46596,0.24739,0.05177,-0.11019,-0.21409,-0.24157,-0.19123,-0.077233,0.076215,0.23593,0.36209,0.41119,0.35299,0.19358,-0.0043405,-0.13529,-0.11152,0.066555,0.30542,0.4843,0.51457,0.35404,-0.0016776,-0.53061,-1.192,-1.9328,-2.6895,-3.3897,-3.9478,-4.2753,-4.3152,-4.0711,-3.6005,-2.9813,-2.2914,-1.6031,-0.97908,-0.46449,-0.079799,0.17816,0.32724,0.39733,0.43233,0.48343,0.5873,0.74741,0.93827,1.1253,1.2838,1.4005,1.4728,1.5043
-5.5539,-5.4853,-5.2494,-4.6155,-3.5578,-2.2901,-1.2037,-0.59414,-0.42643,-0.41971,-0.36788,-0.26657,-0.23264,-0.33988,-0.51061,-0.59932,-0.51976,-0.28998,0.01076,0.31782,0.62885,0.96547,1.2911,1.5086,1.5371,1.3687,1.0763,0.7622,0.48508,0.24556,0.028819,-0.15804,-0.28827,-0.33932,-0.30488,-0.19651,-0.037513,0.13803,0.28628,0.35822,0.31482,0.15261,-0.072268,-0.24899,-0.26928,-0.11242,0.1329,0.33547,0.39354,0.26082,-0.068857,-0.57239,-1.2071,-1.9156,-2.6364,-3.2931,-3.8002,-4.0768,-4.0806,-3.8302,-3.3814,-2.8073,-2.1743,-1.543,-0.96831,-0.49313,-0.14121,0.08675,0.20702,0.25406,0.28015,0.34146,0.47044,0.66001,0.87583,1.0811,1.2506,1.3743,1.4522,1.489
-5.6445,-5.5642,-5.3118,-4.6979,-3.7032,-2.5136,-1.469,-0.84204,-0.60269,-0.51378,-0.4061,-0.29854,-0.30103,-0.45787,-0.66519,-0.74669,-0.60282,-0.26354,0.16502,0.587,0.96785,1.311,1.592,1.741,1.6967,1.4621,1.1185,0.76986,0.47037,0.21261,-0.024092,-0.23401,-0.38767,-0.45847,-0.43602,-0.32894,-0.15906,0.039038,0.21871,0.32447,0.30706,0.15075,-0.09978,-0.33398,-0.42444,-0.3198,-0.093453,0.11631,0.19499,0.08655,-0.21563,-0.68407,-1.27,-1.9128,-2.5468,-3.1021,-3.5096,-3.7134,-3.6916,-3.4655,-3.082,-2.5945,-2.053,-1.506,-1.0013,-0.5801,-0.26812,-0.070363,0.029548,0.069957,0.10772,0.1979,0.36389,0.58728,0.82748,1.0476,1.2255,1.354,1.4354,1.4755
-5.6941,-5.6103,-5.3468,-4.7484,-3.8067,-2.6869,-1.6879,-1.0538,-0.76815,-0.61627,-0.46784,-0.35821,-0.3891,-0.58306,-0.80966,-0.87177,-0.66357,-0.22642,0.312,0.82452,1.2481,1.5806,1.8127,1.896,1.7866,1.4987,1.1189,0.74976,0.44022,0.17425,-0.073655,-0.29882,-0.46891,-0.55396,-0.53969,-0.43249,-0.25229,-0.03431,0.17293,0.30834,0.31569,0.1691,-0.095542,-0.37191,-0.52377,-0.47595,-0.28402,-0.084557,2.3126e-05,-0.094259,-0.3749,-0.81143,-1.3501,-1.9259,-2.4742,-2.934,-3.2543,-3.4006,-3.3654,-3.1704,-2.8491,-2.4405,-1.981,-1.5078,-1.0618,-0.68275,-0.40058,-0.22046,-0.12734,-0.080665,-0.022404,0.098285,0.29581,0.54403,0.79997,1.0284,1.2103,1.3411,1.4242,1.4664
-5.7313,-5.6526,-5.3784,-4.796,-3.9303,-2.9194,-1.9958,-1.3672,-1.0181,-0.78245,-0.57992,-0.47063,-0.54417,-0.78803,-1.0339,-1.0577,-0.74674,-0.16357,0.52241,1.1456,1.6158,1.9211,2.0721,2.0556,1.8543,1.4963,1.0744,0.68936,0.37946,0.11377,-0.14173,-0.38316,-0.57436,-0.67835,-0.67523,-0.5671,-0.37281,-0.128,0.11517,0.29052,0.33372,0.2075,-0.065432,-0.38925,-0.62316,-0.66596,-0.5423,-0.37795,-0.30282,-0.38913,-0.64661,-1.04,-1.5079,-1.98,-2.3984,-2.7203,-2.9231,-3.0005,-2.959,-2.8137,-2.5823,-2.2823,-1.9311,-1.5518,-1.1787,-0.85204,-0.60299,-0.44302,-0.35253,-0.28597,-0.18702,-0.016713,0.22432,0.50175,0.77325,1.0086,1.1928,1.3246,1.409,1.4533
-5.7367,-5.6771,-5.3928,-4.8275,-4.0369,-3.139,-2.3058,-1.6918,-1.2815,-0.96103,-0.70978,-0.60675,-0.72521,-1.0208,-1.2875,-1.2636,-0.83874,-0.10998,0.71467,1.4348,1.9364,2.2061,2.273,2.1526,1.8543,1.4283,0.97707,0.59732,0.30513,0.053191,-0.20244,-0.45545,-0.66516,-0.78655,-0.79456,-0.68683,-0.4816,-0.21523,0.058397,0.26912,0.34606,0.2445,-0.025336,-0.38027,-0.68309,-0.81792,-0.77868,-0.67285,-0.63026,-0.72727,-0.97392,-1.328,-1.7202,-2.0805,-2.3631,-2.5509,-2.6497,-2.6743,-2.6367,-2.5429,-2.3949,-2.1923,-1.9361,-1.6375,-1.3244,-1.0377,-0.81307,-0.66228,-0.56427,-0.47102,-0.32977,-0.11305,0.16584,0.46691,0.74976,0.98879,1.1744,1.3073,1.3934,1.4403
-5.7234,-5.6836,-5.3967,-4.843,-4.1036,-3.2896,-2.5284,-1.9299,-1.4724,-1.0922,-0.8087,-0.70984,-0.86269,-1.2005,-1.4797,-1.419,-0.91085,-0.079504,0.83662,1.6159,2.1323,2.3717,2.3751,2.1764,1.8059,1.3324,0.86978,0.50841,0.24528,0.013669,-0.23563,-0.49482,-0.71573,-0.84898,-0.86494,-0.76,-0.55089,-0.2735,0.016206,0.24659,0.34424,0.25995,-0.0017135,-0.36722,-0.70811,-0.90334,-0.93124,-0.88221,-0.87867,-0.99753,-1.2445,-1.5717,-1.906,-2.1814,-2.3655,-2.4619,-2.495,-2.4903,-2.4611,-2.4053,-2.3135,-2.1723,-1.972,-1.7171,-1.4344,-1.1679,-0.9564,-0.8107,-0.70673,-0.59357,-0.4219,-0.17396,0.12809,0.44196,0.73012,0.97141,1.1578,1.2919,1.38,1.4295
-5.6807,-5.6782,-5.3996,-4.8566,-4.1744,-3.4598,-2.7943,-2.2094,-1.691,-1.2404,-0.91971,-0.82849,-1.0261,-1.4152,-1.7123,-1.608,-1.0014,-0.055917,0.95514,1.7928,2.3211,2.5203,2.4406,2.1402,1.6786,1.1518,0.68959,0.37137,0.16238,-0.029832,-0.26319,-0.52457,-0.75734,-0.90444,-0.93147,-0.83174,-0.62148,-0.33764,-0.036067,0.21005,0.32643,0.26129,0.012614,-0.35708,-0.73095,-0.99221,-1.1032,-1.1341,-1.1963,-1.3575,-1.6174,-1.9179,-2.1799,-2.3453,-2.4058,-2.3923,-2.3517,-2.3199,-2.3077,-2.3021,-2.2749,-2.1974,-2.0491,-1.8304,-1.5699,-1.3174,-1.1167,-0.97582,-0.86446,-0.72909,-0.52557,-0.24675,0.077341,0.40351,0.69764,0.94156,1.1309,1.2684,1.3604,1.414
-5.6357,-5.6719,-5.4017,-4.8655,-4.2164,-3.56,-2.9518,-2.3759,-1.8207,-1.3252,-0.9828,-0.90034,-1.1239,-1.5447,-1.8554,-1.7243,-1.0622,-0.055433,1.008,1.8769,2.4063,2.5753,2.4387,2.0665,1.5403,0.98165,0.53365,0.26116,0.10294,-0.054407,-0.27034,-0.52907,-0.76811,-0.9245,-0.95874,-0.86368,-0.65531,-0.37182,-0.069904,0.17847,0.30001,0.24445,0.0069828,-0.35734,-0.74288,-1.0409,-1.2094,-1.3037,-1.4215,-1.6233,-1.9005,-2.1863,-2.3977,-2.4853,-2.4586,-2.37,-2.2817,-2.2354,-2.2394,-2.2706,-2.2896,-2.2524,-2.1289,-1.9187,-1.6577,-1.4049,-1.2064,-1.0716,-0.96002,-0.81294,-0.59004,-0.29317,0.042058,0.37313,0.66936,0.91546,1.1075,1.2484,1.3439,1.4012
-5.5609,-5.6631,-5.4123,-4.8803,-4.2576,-3.6578,-3.0972,-2.5269,-1.9301,-1.3872,-1.027,-0.95506,-1.2069,-1.654,-1.9708,-1.822,-1.1229,-0.070246,1.0331,1.9239,2.447,2.575,2.3667,1.9089,1.3107,0.72602,0.31345,0.11607,0.03026,-0.077972,-0.27035,-0.5229,-0.76542,-0.92791,-0.96779,-0.87602,-0.67123,-0.3936,-0.09995,0.14007,0.25833,0.2072,-0.017619,-0.3691,-0.75863,-1.0922,-1.3291,-1.5077,-1.7048,-1.9691,-2.2785,-2.5528,-2.703,-2.6918,-2.554,-2.3721,-2.2265,-2.165,-2.1915,-2.2714,-2.3466,-2.3558,-2.2569,-2.0472,-1.772,-1.5038,-1.2983,-1.1606,-1.0448,-0.88734,-0.64992,-0.34073,0.00075425,0.33333,0.62988,0.87781,1.0735,1.2197,1.3215,1.3851
-5.4802,-5.6569,-5.4372,-4.9102,-4.2942,-3.7121,-3.1632,-2.5854,-1.9591,-1.3914,-1.0245,-0.96136,-1.2231,-1.6754,-1.9953,-1.8487,-1.1555,-0.10514,1.0046,1.9,2.4096,2.4968,2.2249,1.6969,1.0476,0.45912,0.099513,-0.01553,-0.028916,-0.089864,-0.25989,-0.50552,-0.74859,-0.91272,-0.95251,-0.86017,-0.65735,-0.38758,-0.10727,0.1172,0.22389,0.17179,-0.042489,-0.37949,-0.7673,-1.1298,-1.4306,-1.6941,-1.9766,-2.3105,-2.6601,-2.9316,-3.0287,-2.9242,-2.681,-2.4086,-2.2057,-2.1274,-2.1748,-2.3019,-2.4336,-2.4884,-2.409,-2.1903,-1.8889,-1.5926,-1.3653,-1.2115,-1.0818,-0.91112,-0.66444,-0.35408,-0.018592,0.30587,0.59687,0.84396,1.0425,1.1937,1.3014,1.3707
-5.4174,-5.6597,-5.4708,-4.9468,-4.3239,-3.7297,-3.1664,-2.5741,-1.9306,-1.3602,-0.99536,-0.93319,-1.1928,-1.6372,-1.9542,-1.8257,-1.1648,-0.14177,0.95322,1.8391,2.3333,2.393,2.082,1.5128,0.83941,0.26631,-0.040115,-0.093541,-0.058816,-0.091718,-0.24751,-0.48824,-0.73018,-0.89324,-0.92986,-0.83359,-0.62926,-0.36321,-0.09309,0.11799,0.21397,0.15909,-0.048547,-0.37495,-0.76051,-1.1438,-1.4924,-1.8229,-2.1771,-2.571,-2.9573,-3.2302,-3.2878,-3.1138,-2.7931,-2.4557,-2.2114,-2.1189,-2.1779,-2.3366,-2.5078,-2.5968,-2.5337,-2.3092,-1.9858,-1.6607,-1.4042,-1.2232,-1.0699,-0.88353,-0.63362,-0.33197,-0.011258,0.29923,0.58119,0.82444,1.0236,1.1781,1.2899,1.3632
-5.3333,-5.6714,-5.5394,-5.0177,-4.3714,-3.7348,-3.1327,-2.4995,-1.8466,-1.2825,-0.92636,-0.85874,-1.0998,-1.5196,-1.8322,-1.7467,-1.158,-0.20079,0.84951,1.7081,2.1798,2.2087,1.8564,1.2524,0.57764,0.05338,-0.17185,-0.15064,-0.069067,-0.0791,-0.22613,-0.46425,-0.70427,-0.86211,-0.89003,-0.7832,-0.5718,-0.30609,-0.045275,0.15102,0.23415,0.17515,-0.024472,-0.33712,-0.72042,-1.1299,-1.5444,-1.9721,-2.4328,-2.9213,-3.3672,-3.6449,-3.6485,-3.382,-2.962,-2.543,-2.2457,-2.1318,-2.2,-2.3925,-2.6114,-2.745,-2.7055,-2.4742,-2.1179,-1.7447,-1.4334,-1.1981,-0.99846,-0.78476,-0.53385,-0.25363,0.035801,0.31751,0.57962,0.8129,1.0093,1.1651,1.2801,1.3573
-5.2734,-5.6924,-5.6096,-5.0944,-4.4219,-3.7337,-3.079,-2.4159,-1.7589,-1.207,-0.85815,-0.78765,-1.0044,-1.3973,-1.7108,-1.6652,-1.1462,-0.2576,0.74642,1.579,2.0325,2.0425,1.6723,1.0624,0.41212,-0.054293,-0.21337,-0.14731,-0.046341,-0.052107,-0.20068,-0.44139,-0.68103,-0.83443,-0.85361,-0.73735,-0.51821,-0.24918,0.010172,0.20162,0.27958,0.22038,0.026509,-0.27893,-0.66309,-1.0958,-1.5605,-2.0604,-2.6047,-3.1676,-3.6634,-3.9501,-3.9169,-3.5841,-3.0959,-2.6217,-2.2884,-2.1583,-2.2283,-2.4376,-2.684,-2.8455,-2.8223,-2.5871,-2.2059,-1.7922,-1.4318,-1.1463,-0.90534,-0.66991,-0.42165,-0.16358,0.095551,0.34955,0.59227,0.8148,1.0071,1.1627,1.2793,1.3584
-5.2009,-5.7372,-5.7339,-5.2323,-4.5096,-3.7432,-2.9958,-2.2854,-1.6317,-1.0948,-0.75908,-0.67531,-0.8567,-1.2141,-1.5261,-1.544,-1.1315,-0.34634,0.58562,1.3768,1.8067,1.8018,1.4259,0.83507,0.25105,-0.10993,-0.17672,-0.068639,0.034021,0.016085,-0.14629,-0.39605,-0.63921,-0.78855,-0.79748,-0.66711,-0.43474,-0.15677,0.10609,0.29704,0.37465,0.31931,0.13466,-0.16209,-0.55061,-1.0139,-1.5424,-2.1341,-2.7819,-3.4425,-4.0038,-4.302,-4.2251,-3.8197,-3.2602,-2.732,-2.3634,-2.2144,-2.2798,-2.4973,-2.7595,-2.939,-2.9268,-2.686,-2.2773,-1.8147,-1.3915,-1.0396,-0.74583,-0.48608,-0.24665,-0.021942,0.19479,0.41082,0.6265,0.83279,1.0175,1.1701,1.2857,1.3649
-5.1387,-5.7982,-5.8939,-5.4118,-4.6359,-3.7713,-2.9223,-2.1597,-1.5066,-0.99459,-0.66379,-0.56353,-0.70829,-1.0311,-1.3486,-1.4312,-1.129,-0.45338,0.40351,1.1556,1.5689,1.56,1.1989,0.66263,0.18267,-0.056469,-0.040961,0.088231,0.17456,0.12923,-0.055252,-0.32016,-0.57157,-0.72291,-0.72698,-0.58675,-0.34244,-0.053706,0.2163,0.41219,0.49474,0.44761,0.27301,-0.01749,-0.41307,-0.90492,-1.4872,-2.1521,-2.8768,-3.6034,-4.2042,-4.5084,-4.4104,-3.9726,-3.383,-2.8302,-2.4427,-2.2794,-2.3333,-2.5398,-2.7915,-2.9608,-2.939,-2.6877,-2.2623,-1.7715,-1.3075,-0.90999,-0.57989,-0.30577,-0.077506,0.11745,0.29777,0.48075,0.67162,0.86232,1.0374,1.1849,1.2986,1.3778
-5.1008,-5.8551,-6.0381,-5.5777,-4.7586,-3.8092,-2.8828,-2.0776,-1.4278,-0.93278,-0.60513,-0.48617,-0.60522,-0.90478,-1.2253,-1.3593,-1.14,-0.54391,0.2596,0.98512,1.39,1.3878,1.055,0.5797,0.1926,0.046308,0.11468,0.24995,0.31645,0.24635,0.040358,-0.2394,-0.50022,-0.65573,-0.66016,-0.51691,-0.268,0.025601,0.30061,0.50142,0.58956,0.54836,0.37882,0.089792,-0.31132,-0.82124,-1.4327,-2.1318,-2.8884,-3.6286,-4.2275,-4.525,-4.4277,-3.9997,-3.4215,-2.8774,-2.4935,-2.3269,-2.369,-2.5548,-2.7789,-2.9182,-2.8728,-2.611,-2.1855,-1.695,-1.225,-0.81464,-0.47193,-0.1939,0.025891,0.20289,0.36224,0.52681,0.7043,0.8863,1.0561,1.2007,1.3129,1.3914
-5.0597,-5.9438,-6.2613,-5.837,-4.9562,-3.8913,-2.8586,-1.9999,-1.3517,-0.87345,-0.54495,-0.40246,-0.48384,-0.75815,-1.0942,-1.2953,-1.1779,-0.67857,0.062465,0.76181,1.1683,1.1924,0.91525,0.53418,0.27088,0.23669,0.36136,0.49829,0.53862,0.43693,0.2048,-0.094706,-0.36934,-0.53454,-0.54575,-0.40776,-0.1627,0.12893,0.40434,0.60759,0.70004,0.66289,0.49714,0.20971,-0.19644,-0.71921,-1.3518,-2.0707,-2.828,-3.5416,-4.0958,-4.3647,-4.2838,-3.9096,-3.3926,-2.8951,-2.5354,-2.3697,-2.3905,-2.5355,-2.703,-2.7832,-2.6947,-2.42,-2.0111,-1.5517,-1.1084,-0.71407,-0.37747,-0.10305,0.10922,0.27362,0.41854,0.57075,0.73963,0.91624,1.0827,1.2246,1.3346,1.4113
-5.0307,-6.0522,-6.5109,-6.1388,-5.194,-4.0075,-2.8694,-1.9645,-1.3176,-0.84487,-0.51013,-0.34195,-0.38717,-0.64166,-1.0004,-1.2685,-1.2409,-0.82215,-0.12946,0.55795,0.98119,1.044,0.83147,0.54464,0.39259,0.44663,0.61252,0.75081,0.77323,0.64943,0.39972,0.087212,-0.19809,-0.37515,-0.40058,-0.27898,-0.05064,0.22632,0.48973,0.6851,0.77279,0.73471,0.57005,0.28351,-0.12377,-0.65178,-1.2887,-1.9975,-2.7141,-3.3541,-3.8265,-4.0518,-3.9956,-3.6998,-3.2743,-2.8492,-2.5308,-2.3741,-2.3736,-2.4702,-2.5714,-2.5846,-2.4526,-2.1763,-1.8066,-1.4076,-1.0226,-0.66874,-0.35289,-0.086288,0.12352,0.28711,0.43241,0.58635,0.75759,0.93595,1.1035,1.2456,1.3551,1.4313
-5.0179,-6.1414,-6.7137,-6.3888,-5.3943,-4.119,-2.9013,-1.9683,-1.3178,-0.84528,-0.50009,-0.31014,-0.33181,-0.57784,-0.95545,-1.2717,-1.3021,-0.93035,-0.26171,0.42542,0.86695,0.96352,0.80054,0.57797,0.49221,0.59423,0.78182,0.92261,0.93922,0.80877,0.55419,0.23911,-0.050141,-0.23517,-0.27402,-0.17009,0.038675,0.29552,0.54091,0.72063,0.79647,0.75063,0.58243,0.2962,-0.10822,-0.63261,-1.2599,-1.944,-2.6133,-3.1826,-3.5849,-3.7734,-3.733,-3.4949,-3.1423,-2.7783,-2.4962,-2.3485,-2.3326,-2.3932,-2.4487,-2.4206,-2.2677,-2.0016,-1.6715,-1.3285,-0.99829,-0.68308,-0.38692,-0.1249,0.089094,0.26077,0.41533,0.57804,0.75653,0.94056,1.1116,1.256,1.3673,1.4451
-5.0118,-6.2598,-6.9962,-6.7451,-5.6808,-4.2889,-2.9787,-2.0058,-1.353,-0.87437,-0.50763,-0.28652,-0.28098,-0.52513,-0.93416,-1.3002,-1.3891,-1.0661,-0.4172,0.27983,0.75099,0.89209,0.7881,0.63329,0.60847,0.75016,0.95635,1.1038,1.1231,0.997,0.75008,0.44394,0.16001,-0.029256,-0.084825,-0.0092587,0.16356,0.38176,0.58882,0.73363,0.78047,0.71471,0.53855,0.25626,-0.13624,-0.64174,-1.2429,-1.8847,-2.4834,-2.9631,-3.2792,-3.4185,-3.3856,-3.2058,-2.9314,-2.6407,-2.4091,-2.2812,-2.2534,-2.2769,-2.2851,-2.2194,-2.0592,-1.8257,-1.5619,-1.2999,-1.0426,-0.77553,-0.499,-0.23535,-0.0083564,0.18101,0.35477,0.53636,0.73174,0.92894,1.1103,1.2621,1.3784,1.4596
-5.0127,-6.3483,-7.2092,-7.0165,-5.906,-4.4236,-3.0548,-2.0572,-1.3995,-0.91597,-0.52988,-0.28175,-0.26133,-0.51026,-0.93863,-1.335,-1.4552,-1.1547,-0.51269,0.1947,0.68893,0.86103,0.79384,0.67549,0.67505,0.82764,1.0389,1.1921,1.22,1.1064,0.87575,0.58683,0.31567,0.12959,0.064208,0.1181,0.26025,0.44245,0.61225,0.72111,0.73702,0.64916,0.46356,0.1853,-0.19186,-0.67556,-1.2492,-1.8537,-2.4021,-2.8201,-3.0793,-3.1849,-3.1515,-2.999,-2.7696,-2.5245,-2.3267,-2.2138,-2.1818,-2.1895,-2.1778,-2.1037,-1.957,-1.7609,-1.5517,-1.3484,-1.1395,-0.90068,-0.63039,-0.35751,-0.1143,0.092936,0.28443,0.48323,0.69463,0.9056,1.0979,1.2579,1.3802,1.4658
-5.023,-6.4612,-7.4779,-7.3634,-6.1958,-4.6112,-3.1756,-2.1498,-1.4871,-0.99259,-0.57693,-0.29506,-0.25831,-0.51681,-0.972,-1.3964,-1.5396,-1.2536,-0.61198,0.1104,0.63305,0.84341,0.81576,0.72601,0.73228,0.87622,1.0789,1.2358,1.2809,1.1948,0.99923,0.74645,0.50502,0.3328,0.26128,0.28889,0.38917,0.51881,0.63013,0.67975,0.64276,0.51632,0.31436,0.044665,-0.30411,-0.74644,-1.2721,-1.8234,-2.3116,-2.666,-2.8682,-2.9365,-2.894,-2.7603,-2.5685,-2.3661,-2.204,-2.1126,-2.0875,-2.0928,-2.0807,-2.0212,-1.9119,-1.7759,-1.6398,-1.5067,-1.3482,-1.1298,-0.85376,-0.56058,-0.29259,-0.059866,0.15784,0.38334,0.62017,0.85347,1.0637,1.2377,1.3711,1.466
-5.0367,-6.5567,-7.7071,-7.6722,-6.4562,-4.7852,-3.2972,-2.2616,-1.5964,-1.0859,-0.64132,-0.33052,-0.28016,-0.54599,-1.0209,-1.4618,-1.6113,-1.3239,-0.67561,0.060596,0.60538,0.84522,0.84757,0.77147,0.76199,0.87154,1.0469,1.1982,1.2597,1.2082,1.0579,0.85368,0.65425,0.50835,0.44153,0.45147,0.51415,0.59053,0.63758,0.61819,0.51637,0.34242,0.12174,-0.13444,-0.44447,-0.83473,-1.3051,-1.8023,-2.2383,-2.5462,-2.7075,-2.7457,-2.6896,-2.5617,-2.3911,-2.2185,-2.0863,-2.0202,-2.0149,-2.0379,-2.0478,-2.0219,-1.9622,-1.8896,-1.8216,-1.7466,-1.622,-1.4079,-1.1156,-0.79849,-0.50659,-0.25051,-0.0074184,0.24653,0.51293,0.77418,1.0081,1.2012,1.3498,1.4571
-5.0497,-6.6143,-7.8428,-7.8542,-6.6165,-4.9011,-3.3848,-2.3514,-1.6866,-1.1651,-0.70155,-0.37393,-0.31473,-0.58282,-1.0643,-1.5105,-1.6561,-1.358,-0.70072,0.042215,0.59845,0.85704,0.87762,0.80382,0.77259,0.84434,0.98631,1.1228,1.192,1.1671,1.0559,0.89485,0.73371,0.61441,0.55832,0.5614,0.60099,0.64023,0.63919,0.56487,0.40883,0.19299,-0.045354,-0.29036,-0.56597,-0.91109,-1.3336,-1.7862,-2.186,-2.4637,-2.6024,-2.6248,-2.5612,-2.4354,-2.2766,-2.1216,-2.0099,-1.9655,-1.9828,-2.0289,-2.0654,-2.0692,-2.0445,-2.0129,-1.9881,-1.949,-1.8426,-1.6285,-1.3237,-0.99158,-0.68677,-0.41806,-0.15852,0.11738,0.40923,0.69602,0.9523,1.1637,1.3266,1.445
-5.0671,-6.6611,-7.9587,-8.0203,-6.7688,-5.0238,-3.4935,-2.4675,-1.8115,-1.2779,-0.79446,-0.44923,-0.38195,-0.64864,-1.1314,-1.571,-1.6985,-1.3803,-0.71226,0.034725,0.60138,0.88176,0.92437,0.85439,0.79176,0.80339,0.88165,0.97884,1.0441,1.049,0.99073,0.893,0.79132,0.71663,0.6836,0.68666,0.70375,0.70028,0.63804,0.48897,0.25481,-0.024786,-0.29187,-0.52133,-0.74628,-1.0217,-1.3726,-1.762,-2.1115,-2.3541,-2.4693,-2.4771,-2.4076,-2.288,-2.1447,-2.0136,-1.9315,-1.9203,-1.9725,-2.0541,-2.1266,-2.167,-2.1804,-2.1881,-2.2005,-2.1913,-2.1025,-1.8947,-1.5917,-1.2615,-0.95678,-0.67984,-0.39858,-0.088362,0.24415,0.57062,0.86167,1.1015,1.2867,1.4226
-5.0785,-6.675,-7.9847,-8.0778,-6.8338,-5.0869,-3.5594,-2.5437,-1.8989,-1.367,-0.8725,-0.51922,-0.44841,-0.71306,-1.1898,-1.617,-1.7249,-1.3885,-0.71245,0.036413,0.60803,0.90214,0.96408,0.90173,0.81936,0.78104,0.80065,0.85432,0.90512,0.92407,0.90276,0.85294,0.79911,0.76269,0.75311,0.76306,0.77037,0.74052,0.63648,0.4323,0.13736,-0.19508,-0.48922,-0.71014,-0.89627,-1.1169,-1.4092,-1.7451,-2.0525,-2.2661,-2.3655,-2.3678,-2.3009,-2.1901,-2.0628,-1.9526,-1.8951,-1.9106,-1.9898,-2.0974,-2.1917,-2.2497,-2.2768,-2.2957,-2.318,-2.3185,-2.2418,-2.0522,-1.7723,-1.4656,-1.1771,-0.90143,-0.60356,-0.26299,0.10525,0.46592,0.78567,1.0482,1.2512,1.4012
-5.0888,-6.6601,-7.952,-8.0522,-6.8459,-5.1274,-3.6335,-2.6317,-2.0056,-1.4851,-0.98823,-0.62915,-0.55619,-0.81521,-1.2782,-1.6806,-1.7584,-1.3984,-0.71467,0.031579,0.60771,0.92289,1.015,0.9729,0.87647,0.78183,0.71973,0.69849,0.70822,0.73031,0.74839,0.75867,0.76922,0.78811,0.81682,0.84419,0.84674,0.78978,0.63623,0.36224,-0.015149,-0.42401,-0.76236,-0.97792,-1.1143,-1.2596,-1.4685,-1.7261,-1.9715,-2.1474,-2.2321,-2.2357,-2.1795,-2.0862,-1.9819,-1.9006,-1.8767,-1.928,-2.0421,-2.1799,-2.2953,-2.3618,-2.3837,-2.3861,-2.3892,-2.3822,-2.3235,-2.1796,-1.9635,-1.72,-1.4762,-1.2148,-0.89811,-0.51431,-0.093147,0.31733,0.67931,0.97499,1.2032,1.3721
-5.0924,-6.6086,-7.8362,-7.9322,-6.7888,-5.1294,-3.6734,-2.7016,-2.0948,-1.5965,-1.1182,-0.76488,-0.69196,-0.94377,-1.3885,-1.7627,-1.8087,-1.4274,-0.73863,0.0073036,0.59065,0.92653,1.0497,1.0351,0.94335,0.8143,0.68234,0.58066,0.53131,0.53508,0.57646,0.63773,0.70878,0.78341,0.85458,0.90645,0.91381,0.84038,0.64795,0.31225,-0.14584,-0.63715,-1.0322,-1.2546,-1.3477,-1.4184,-1.5405,-1.7163,-1.8998,-2.0425,-2.1214,-2.1374,-2.1021,-2.0312,-1.9516,-1.897,-1.9022,-1.9846,-2.1293,-2.2918,-2.4183,-2.4756,-2.4655,-2.4195,-2.3741,-2.3406,-2.2963,-2.2124,-2.0853,-1.9328,-1.7563,-1.5214,-1.1887,-0.76021,-0.28494,0.17599,0.57883,0.90601,1.158,1.3449
-5.0909,-6.5476,-7.7065,-7.7945,-6.706,-5.108,-3.6858,-2.7401,-2.1528,-1.6763,-1.2232,-0.88584,-0.81024,-1.0547,-1.4867,-1.8394,-1.8662,-1.4761,-0.78428,-0.035589,0.55305,0.90243,1.0504,1.0631,0.98721,0.84917,0.68186,0.5283,0.42967,0.40705,0.45283,0.5435,0.65512,0.77019,0.87401,0.94798,0.96449,0.88586,0.67195,0.29704,-0.21587,-0.76967,-1.2138,-1.4505,-1.5195,-1.5393,-1.6004,-1.7198,-1.864,-1.9903,-2.0736,-2.106,-2.0904,-2.0382,-1.9745,-1.9354,-1.9576,-2.0591,-2.2232,-2.4003,-2.531,-2.5745,-2.5299,-2.4345,-2.3385,-2.2725,-2.2308,-2.1872,-2.1276,-2.0487,-1.9302,-1.722,-1.3821,-0.92343,-0.41069,0.084877,0.51506,0.8629,1.1304,1.3289
-5.0858,-6.4473,-7.4964,-7.5649,-6.5628,-5.0591,-3.6859,-2.7709,-2.215,-1.7776,-1.3718,-1.0695,-1.0022,-1.2331,-1.6464,-1.9782,-1.9866,-1.5846,-0.88886,-0.13908,0.45644,0.82263,0.99772,1.0465,1.0056,0.88363,0.69893,0.49718,0.34079,0.27764,0.31702,0.4334,0.58985,0.75389,0.90087,1.0063,1.0401,0.96271,0.73227,0.32083,-0.25024,-0.87737,-1.3891,-1.6585,-1.7125,-1.683,-1.6828,-1.7481,-1.8589,-1.9794,-2.0803,-2.1433,-2.1593,-2.1324,-2.0862,-2.0599,-2.0952,-2.2134,-2.3979,-2.5937,-2.7294,-2.7524,-2.6564,-2.4866,-2.3136,-2.1921,-2.1363,-2.1245,-2.1321,-2.1345,-2.0866,-1.9172,-1.5764,-1.0883,-0.5359,-0.004212,0.4553,0.82462,1.1074,1.3168
-5.0747,-6.3253,-7.262,-7.3198,-6.4029,-4.9939,-3.6717,-2.7796,-2.2613,-1.8822,-1.5356,-1.2788,-1.2302,-1.452,-1.8402,-2.1553,-2.1563,-1.7503,-1.0526,-0.30352,0.2916,0.66419,0.85967,0.94591,0.95102,0.8681,0.69887,0.48396,0.29518,0.20107,0.22865,0.35868,0.54773,0.75238,0.93909,1.0769,1.1332,1.0672,0.83574,0.4086,-0.19677,-0.87688,-1.4498,-1.7648,-1.8323,-1.7892,-1.7643,-1.8098,-1.9173,-2.0556,-2.1915,-2.2962,-2.3487,-2.3448,-2.3079,-2.2825,-2.3184,-2.4438,-2.6448,-2.8619,-3.0101,-3.0205,-2.8774,-2.6325,-2.3754,-2.1828,-2.0858,-2.0703,-2.1055,-2.1526,-2.1487,-2.0074,-1.6722,-1.172,-0.59998,-0.048322,0.42753,0.80985,1.1026,1.3194
-5.065,-6.2294,-7.0875,-7.1366,-6.2863,-4.9424,-3.6569,-2.7765,-2.2862,-1.9589,-1.6665,-1.4509,-1.4236,-1.6425,-2.0153,-2.317,-2.3142,-1.9086,-1.2117,-0.46781,0.11764,0.48538,0.6899,0.79999,0.83977,0.79472,0.65783,0.46073,0.27269,0.17002,0.19317,0.33032,0.53787,0.76728,0.97966,1.1414,1.2174,1.1664,0.9438,0.51849,-0.094492,-0.79597,-1.4041,-1.7603,-1.8615,-1.8395,-1.8268,-1.8844,-2.0123,-2.1811,-2.3559,-2.4993,-2.5805,-2.5901,-2.5523,-2.5186,-2.5471,-2.6729,-2.8846,-3.1201,-3.2852,-3.2965,-3.1279,-2.832,-2.5098,-2.2533,-2.1055,-2.0602,-2.0869,-2.1402,-2.148,-2.0156,-1.6831,-1.1808,-0.60493,-0.049046,0.43054,0.81616,1.1118,1.3312
-5.0524,-6.1031,-6.8664,-6.9106,-6.145,-4.8816,-3.6336,-2.7676,-2.3129,-2.0603,-1.8523,-1.6969,-1.7027,-1.925,-2.2805,-2.5659,-2.5539,-2.1468,-1.46,-0.73674,-0.17585,0.17083,0.36758,0.49415,0.57599,0.59197,0.52076,0.37975,0.22937,0.14598,0.17922,0.32863,0.55475,0.80922,1.0503,1.241,1.3448,1.3194,1.1203,0.71558,0.11579,-0.58859,-1.2287,-1.647,-1.823,-1.8706,-1.9191,-2.0343,-2.2217,-2.455,-2.6937,-2.8919,-3.009,-3.0293,-2.9812,-2.9263,-2.9355,-3.054,-3.2767,-3.5399,-3.739,-3.7699,-3.5856,-3.2324,-2.8231,-2.4698,-2.2337,-2.1185,-2.0978,-2.1225,-2.1143,-1.9743,-1.6402,-1.1399,-0.56718,-0.014124,0.46305,0.84712,1.1418,1.3603
-5.0453,-6.0161,-6.7138,-6.7677,-6.0563,-4.8435,-3.6149,-2.7616,-2.3324,-2.1352,-1.9923,-1.8907,-1.9229,-2.1501,-2.4985,-2.7665,-2.7411,-2.3324,-1.6589,-0.96291,-0.43655,-0.12214,0.053613,0.17805,0.28414,0.34788,0.33809,0.26101,0.16683,0.12367,0.18143,0.34539,0.58496,0.85496,1.1137,1.3238,1.4479,1.4438,1.2683,0.8887,0.31247,-0.38122,-1.0389,-1.5102,-1.7613,-1.8869,-2.0069,-2.1885,-2.4412,-2.737,-3.0327,-3.2752,-3.4156,-3.4353,-3.3695,-3.2908,-3.2801,-3.39,-3.6194,-3.905,-4.1361,-4.1929,-4.0099,-3.6234,-3.1523,-2.7228,-2.4102,-2.2275,-2.1523,-2.1353,-2.0963,-1.9351,-1.5893,-1.0856,-0.51485,0.033648,0.50623,0.88573,1.1761,1.3908
-5.0458,-5.9095,-6.5402,-6.6062,-5.9648,-4.81,-3.5936,-2.7491,-2.3606,-2.229,-2.1724,-2.145,-2.216,-2.4485,-2.7797,-3.0207,-2.967,-2.5535,-1.9122,-1.278,-0.82561,-0.57901,-0.4512,-0.3458,-0.22198,-0.10085,-0.018295,0.016183,0.030549,0.073614,0.18653,0.38126,0.63946,0.9257,1.2029,1.4343,1.5834,1.609,1.4683,1.1281,0.58958,-0.08246,-0.75836,-1.3028,-1.6698,-1.9243,-2.1677,-2.463,-2.8191,-3.2093,-3.584,-3.8806,-4.0418,-4.0499,-3.9511,-3.8337,-3.7907,-3.8822,-4.1122,-4.4213,-4.6957,-4.7998,-4.6377,-4.2239,-3.68,-3.1526,-2.7373,-2.4602,-2.3033,-2.2161,-2.1161,-1.9051,-1.5254,-1.0054,-0.4314,0.11284,0.57854,0.95066,1.2339,1.4416
-5.0548,-5.8242,-6.4026,-6.4878,-5.9075,-4.7913,-3.5824,-2.7425,-2.3887,-2.3198,-2.3371,-2.3787,-2.483,-2.7154,-3.0235,-3.2181,-3.1221,-2.708,-2.1208,-1.5771,-1.2281,-1.0802,-1.0296,-0.96625,-0.84227,-0.67244,-0.4925,-0.32581,-0.17195,-0.01162,0.18061,0.41866,0.69734,0.99533,1.2844,1.5323,1.7038,1.7581,1.6522,1.3505,0.84762,0.1934,-0.50437,-1.1258,-1.6164,-2.0147,-2.3987,-2.8208,-3.2858,-3.7653,-4.2053,-4.5381,-4.7039,-4.6899,-4.5536,-4.3965,-4.3196,-4.3864,-4.6043,-4.9188,-5.2214,-5.3678,-5.2372,-4.8172,-4.2246,-3.6211,-3.1208,-2.764,-2.5343,-2.3772,-2.2059,-1.9253,-1.4889,-0.93351,-0.34445,0.20172,0.66241,1.0267,1.3012,1.5001
-5.0707,-5.7765,-6.3229,-6.4265,-5.8856,-4.791,-3.5799,-2.7412,-2.4103,-2.382,-2.4458,-2.5233,-2.647,-2.8738,-3.1517,-3.3012,-3.1708,-2.76,-2.2233,-1.7662,-1.5166,-1.4587,-1.4777,-1.4584,-1.349,-1.1527,-0.90101,-0.62756,-0.35711,-0.095591,0.16531,0.44036,0.73474,1.0393,1.3339,1.5907,1.7758,1.849,1.7664,1.4902,1.0091,0.36161,-0.3596,-1.0439,-1.6295,-2.1348,-2.6206,-3.1313,-3.6693,-4.2026,-4.6757,-5.0192,-5.1757,-5.1407,-4.9784,-4.7961,-4.6959,-4.7402,-4.9371,-5.2369,-5.537,-5.696,-5.585,-5.1739,-4.5682,-3.9337,-3.3944,-2.9996,-2.7331,-2.5342,-2.3105,-1.9706,-1.4809,-0.88872,-0.28062,0.27125,0.73044,1.0893,1.3566,1.5476
-5.1063,-5.7335,-6.2492,-6.3765,-5.8806,-4.8049,-3.5833,-2.7438,-2.431,-2.4454,-2.5519,-2.6575,-2.7945,-3.0032,-3.2232,-3.3044,-3.1285,-2.729,-2.2722,-1.9457,-1.8432,-1.9162,-2.0327,-2.08,-2.005,-1.795,-1.4621,-1.0496,-0.61995,-0.22078,0.13335,0.45695,0.76971,1.079,1.3765,1.6402,1.839,1.9326,1.8759,1.627,1.1656,0.51565,-0.24712,-1.0202,-1.7299,-2.368,-2.9741,-3.5816,-4.1866,-4.7552,-5.2331,-5.5609,-5.6945,-5.6372,-5.4577,-5.2561,-5.1282,-5.1342,-5.2841,-5.5349,-5.7934,-5.9312,-5.8234,-5.4295,-4.8378,-4.2056,-3.6591,-3.2522,-2.9668,-2.7342,-2.4539,-2.0391,-1.4758,-0.82977,-0.19241,0.36944,0.82671,1.1773,1.4335,1.6125
-5.1589,-5.7163,-6.2052,-6.3593,-5.8969,-4.8263,-3.5948,-2.7493,-2.4494,-2.4845,-2.609,-2.7205,-2.8462,-3.0201,-3.1781,-3.1826,-2.9607,-2.5817,-2.2131,-2.0186,-2.06,-2.258,-2.4604,-2.56,-2.5193,-2.3195,-1.9428,-1.4244,-0.85995,-0.34044,0.095198,0.45917,0.78393,1.0919,1.3861,1.6515,1.8588,1.9677,1.9303,1.6995,1.247,0.58237,-0.23128,-1.0958,-1.9239,-2.6775,-3.3724,-4.03,-4.6441,-5.1906,-5.6278,-5.9148,-6.0235,-5.9618,-5.7869,-5.5864,-5.4437,-5.4126,-5.5029,-5.6785,-5.8558,-5.925,-5.7811,-5.3897,-4.826,-4.2296,-3.7181,-3.3418,-3.0775,-2.8445,-2.5323,-2.0599,-1.4358,-0.74599,-0.087193,0.47924,0.93037,1.2697,1.5128,1.6785
-5.2093,-5.7179,-6.191,-6.3599,-5.9185,-4.8491,-3.6054,-2.7525,-2.4517,-2.4908,-2.612,-2.7107,-2.8188,-2.9636,-3.0734,-3.0277,-2.7791,-2.4148,-2.1047,-2.0014,-2.1402,-2.4097,-2.6477,-2.763,-2.7413,-2.5624,-2.1839,-1.6251,-0.99322,-0.40863,0.070836,0.45432,0.78043,1.0818,1.3698,1.6326,1.843,1.9598,1.9331,1.7121,1.261,0.58181,-0.27261,-1.2063,-2.1178,-2.9451,-3.6781,-4.3299,-4.9053,-5.3948,-5.7805,-6.0363,-6.138,-6.0882,-5.9311,-5.7411,-5.5934,-5.538,-5.5841,-5.6967,-5.8024,-5.8027,-5.6105,-5.2032,-4.6527,-4.0861,-3.6109,-3.2694,-3.0329,-2.8136,-2.4957,-2.0025,-1.3556,-0.65146,0.010929,0.57282,1.0145,1.3425,1.5738,1.7281
-5.2925,-5.7389,-6.1895,-6.3721,-5.9499,-4.878,-3.6221,-2.7547,-2.4418,-2.4642,-2.562,-2.6325,-2.7087,-2.8153,-2.8733,-2.7694,-2.4887,-2.1408,-1.895,-1.8852,-2.1186,-2.4497,-2.6963,-2.7912,-2.7694,-2.6282,-2.2931,-1.7421,-1.0809,-0.45641,0.04962,0.43949,0.75699,1.0435,1.3177,1.5734,1.7839,1.9075,1.8911,1.6786,1.2267,0.52573,-0.38093,-1.3978,-2.4048,-3.2993,-4.0387,-4.6321,-5.1098,-5.5001,-5.8125,-6.034,-6.1401,-6.1197,-6.0015,-5.8399,-5.6978,-5.6199,-5.6153,-5.653,-5.6634,-5.566,-5.2965,-4.8492,-4.2954,-3.7486,-3.3031,-2.9955,-2.7912,-2.5964,-2.2912,-1.8024,-1.1597,-0.46603,0.1793,0.72006,1.1394,1.4453,1.6559,1.7917
-5.3655,-5.7713,-6.199,-6.3875,-5.9717,-4.8945,-3.6283,-2.7506,-2.4232,-2.4201,-2.4896,-2.5344,-2.5855,-2.6659,-2.6934,-2.5572,-2.2571,-1.9173,-1.7044,-1.7393,-2.0131,-2.3613,-2.5906,-2.6517,-2.6128,-2.4953,-2.212,-1.7075,-1.0698,-0.45301,0.047484,0.42733,0.72899,0.99811,1.2577,1.504,1.7119,1.8386,1.829,1.6228,1.171,0.45732,-0.48114,-1.5479,-2.6058,-3.5239,-4.2368,-4.7591,-5.151,-5.4694,-5.7394,-5.9501,-6.0701,-6.0781,-5.9899,-5.8509,-5.7189,-5.6363,-5.6096,-5.6042,-5.5559,-5.3927,-5.0646,-4.5772,-4.0029,-3.4489,-3.004,-2.6987,-2.5012,-2.3177,-2.0288,-1.5617,-0.94609,-0.28234,0.33309,0.84603,1.2406,1.5251,1.7175,1.8379
-5.4765,-5.8271,-6.2226,-6.4069,-5.9874,-4.9069,-3.6286,-2.7332,-2.3765,-2.3275,-2.3503,-2.3643,-2.3943,-2.4556,-2.4543,-2.2873,-1.9704,-1.6311,-1.4342,-1.4955,-1.7881,-2.1233,-2.3061,-2.3141,-2.2477,-2.1484,-1.9355,-1.5244,-0.96574,-0.40132,0.063698,0.4118,0.68144,0.9197,1.154,1.3839,1.5857,1.7154,1.7151,1.5197,1.0733,0.35316,-0.60852,-1.7119,-2.7998,-3.7112,-4.362,-4.7843,-5.0772,-5.3265,-5.5673,-5.7834,-5.9316,-5.9775,-5.9263,-5.8183,-5.709,-5.6371,-5.6025,-5.5641,-5.4584,-5.2206,-4.8169,-4.2687,-3.6529,-3.0707,-2.6024,-2.276,-2.0587,-1.8647,-1.5858,-1.1547,-0.59414,0.0087755,0.56709,1.0303,1.3835,1.634,1.7985,1.8958
-5.5993,-5.8984,-6.2577,-6.4218,-5.9836,-4.8928,-3.6103,-2.7004,-2.3092,-2.2116,-2.1852,-2.1702,-2.1999,-2.2611,-2.249,-2.0638,-1.7296,-1.3813,-1.179,-1.2282,-1.4981,-1.8003,-1.9389,-1.9003,-1.8029,-1.7111,-1.5568,-1.2428,-0.7853,-0.30275,0.10029,0.39876,0.62487,0.82545,1.0298,1.2405,1.4342,1.5663,1.5766,1.3965,0.96672,0.25997,-0.69298,-1.7892,-2.8615,-3.7314,-4.3129,-4.6588,-4.8934,-5.117,-5.3637,-5.6059,-5.7874,-5.867,-5.8452,-5.7667,-5.6874,-5.6407,-5.618,-5.5713,-5.4328,-5.1423,-4.6765,-4.0674,-3.3983,-2.7709,-2.2615,-1.8946,-1.6366,-1.4098,-1.1214,-0.71536,-0.20912,0.32645,0.8188,1.2241,1.5293,1.7408,1.8739,1.9462
-5.6986,-5.9601,-6.2858,-6.4228,-5.9676,-4.8632,-3.5781,-2.6607,-2.2439,-2.1111,-2.051,-2.023,-2.0612,-2.1389,-2.1328,-1.9395,-1.5933,-1.2312,-1.01,-1.0332,-1.2718,-1.5425,-1.6526,-1.5872,-1.4728,-1.3836,-1.2611,-1.0093,-0.62576,-0.21146,0.13676,0.39118,0.58047,0.74972,0.92945,1.1235,1.3098,1.4434,1.4632,1.2992,0.89115,0.21069,-0.71218,-1.7742,-2.8069,-3.6338,-4.1744,-4.4914,-4.7158,-4.947,-5.2133,-5.4806,-5.6873,-5.7884,-5.788,-5.732,-5.6767,-5.6531,-5.648,-5.6081,-5.4595,-5.1436,-4.6411,-3.9908,-3.2814,-2.6164,-2.0711,-1.6671,-1.3714,-1.1112,-0.80433,-0.40431,0.071635,0.56247,1.0067,1.3676,1.6349,1.8153,1.9237,1.9767
-5.8385,-6.0518,-6.3287,-6.4119,-5.918,-4.7964,-3.5155,-2.5905,-2.1439,-1.9671,-1.8753,-1.839,-1.9012,-2.0165,-2.0294,-1.8342,-1.471,-1.0789,-0.81733,-0.7945,-0.98499,-1.2112,-1.2904,-1.2108,-1.0887,-1.0008,-0.90582,-0.71561,-0.41661,-0.087189,0.18943,0.38398,0.52263,0.64826,0.7931,0.96303,1.1379,1.2734,1.3078,1.1711,0.80302,0.17643,-0.67875,-1.6625,-2.6166,-3.3804,-3.8891,-4.2074,-4.4571,-4.7263,-5.032,-5.3333,-5.5668,-5.6919,-5.7175,-5.693,-5.6734,-5.6856,-5.7106,-5.6873,-5.5384,-5.2022,-4.663,-3.9678,-3.2127,-2.5037,-1.9145,-1.4615,-1.1122,-0.79952,-0.45491,-0.046309,0.40559,0.84929,1.237,1.5428,1.7611,1.901,1.9774,2.0059
-5.9438,-6.1255,-6.3585,-6.3979,-5.864,-4.7278,-3.4491,-2.5275,-2.0624,-1.8611,-1.7503,-1.7172,-1.806,-1.9555,-1.9936,-1.8027,-1.4236,-1.0048,-0.70965,-0.64668,-0.79644,-0.99368,-1.0615,-0.97998,-0.85792,-0.7711,-0.68743,-0.52922,-0.27935,-0.002269,0.22599,0.37913,0.48094,0.57453,0.69307,0.84452,1.0104,1.1471,1.1939,1.0809,0.7492,0.17251,-0.61913,-1.5304,-2.4159,-3.1353,-3.6356,-3.9758,-4.263,-4.5704,-4.9085,-5.2343,-5.4866,-5.6287,-5.6735,-5.6722,-5.679,-5.7179,-5.7654,-5.757,-5.6104,-5.2622,-4.7023,-3.9847,-3.2087,-2.4785,-1.8633,-1.3793,-0.99063,-0.63499,-0.25529,0.1687,0.61263,1.0307,1.3841,1.6543,1.8402,1.9526,2.0066,2.0174
-6.0852,-6.2277,-6.3983,-6.37,-5.7753,-4.6197,-3.3467,-2.4241,-1.9494,-1.723,-1.5968,-1.5775,-1.7045,-1.9038,-1.9837,-1.8028,-1.4058,-0.9506,-0.60727,-0.48967,-0.58852,-0.75442,-0.81809,-0.74926,-0.63852,-0.55956,-0.48752,-0.355,-0.1466,0.081029,0.26066,0.36912,0.42966,0.48514,0.57064,0.69726,0.84983,0.98691,1.0496,0.96954,0.68981,0.18543,-0.51462,-1.324,-2.119,-2.7864,-3.2866,-3.6668,-4.0101,-4.373,-4.757,-5.1177,-5.397,-5.5632,-5.6327,-5.6583,-5.6932,-5.7586,-5.8278,-5.8333,-5.6887,-5.3324,-4.7586,-4.0257,-3.2343,-2.4876,-1.8514,-1.3373,-0.90598,-0.49917,-0.072696,0.37821,0.82234,1.2184,1.5374,1.769,1.9184,1.9989,2.0263,2.016
-6.2254,-6.3315,-6.4382,-6.3346,-5.6756,-4.4968,-3.2333,-2.319,-1.8391,-1.6,-1.4716,-1.4689,-1.6314,-1.8746,-1.9922,-1.8299,-1.4222,-0.93398,-0.54648,-0.38185,-0.43922,-0.58113,-0.64806,-0.60341,-0.52108,-0.46128,-0.40061,-0.27936,-0.089361,0.1148,0.26848,0.35051,0.38339,0.41017,0.46754,0.57063,0.70803,0.84216,0.91666,0.86621,0.63618,0.20338,-0.4066,-1.1192,-1.8321,-2.4547,-2.9558,-3.3712,-3.7646,-4.1793,-4.611,-5.0134,-5.3284,-5.5243,-5.6194,-5.6665,-5.719,-5.7976,-5.8743,-5.8813,-5.7324,-5.3697,-4.7901,-4.0526,-3.2575,-2.5065,-1.8625,-1.3336,-0.87688,-0.43446,0.029308,0.50654,0.95808,1.3432,1.6387,1.8416,1.9617,2.0154,2.0204,1.9925
-6.3276,-6.4111,-6.4669,-6.3049,-5.6003,-4.405,-3.1461,-2.2426,-1.7612,-1.5174,-1.3911,-1.4027,-1.5818,-1.8492,-1.9935,-1.8452,-1.4348,-0.9297,-0.51635,-0.32275,-0.35563,-0.4879,-0.56607,-0.54815,-0.49708,-0.46204,-0.41395,-0.29609,-0.10347,0.10175,0.25419,0.32985,0.35215,0.36424,0.4052,0.49247,0.61813,0.74791,0.82775,0.79489,0.59666,0.21044,-0.33981,-0.98663,-1.6418,-2.2288,-2.7244,-3.1596,-3.5859,-4.0384,-4.5067,-4.9434,-5.2904,-5.515,-5.6325,-5.6941,-5.753,-5.8315,-5.9036,-5.9005,-5.7448,-5.3783,-4.7966,-4.0568,-3.2595,-2.5076,-1.8645,-1.3317,-0.8661,-0.40903,0.071676,0.56166,1.0169,1.3961,1.6789,1.8655,1.9688,2.0073,1.9995,1.9616
-6.4591,-6.5131,-6.5071,-6.2655,-5.5053,-4.2903,-3.0386,-2.1519,-1.673,-1.4301,-1.3128,-1.3304,-1.5158,-1.7944,-1.9596,-1.8333,-1.4309,-0.91755,-0.48201,-0.25892,-0.26804,-0.39714,-0.50065,-0.53141,-0.5369,-0.5497,-0.52744,-0.4091,-0.1983,0.030843,0.20224,0.28804,0.31117,0.31573,0.34287,0.41394,0.52507,0.64631,0.72796,0.71012,0.54289,0.2053,-0.27912,-0.84868,-1.4287,-1.9616,-2.4375,-2.8875,-3.3525,-3.8552,-4.3762,-4.8641,-5.2601,-5.5294,-5.6829,-5.7691,-5.8381,-5.9111,-5.965,-5.9385,-5.7582,-5.3739,-4.7824,-4.0388,-3.2414,-2.4911,-1.8489,-1.3155,-0.84559,-0.38104,0.10685,0.59957,1.051,1.4203,1.6891,1.8595,1.947,1.9713,1.9514,1.9036
-6.5823,-6.6102,-6.5452,-6.2328,-5.4235,-4.193,-2.9528,-2.081,-1.6117,-1.3762,-1.2633,-1.2744,-1.4387,-1.697,-1.8593,-1.7508,-1.3725,-0.86976,-0.42789,-0.18973,-0.18763,-0.32336,-0.46269,-0.55814,-0.64023,-0.7199,-0.73408,-0.6134,-0.37021,-0.09731,0.11413,0.22977,0.27027,0.28103,0.30506,0.36672,0.46579,0.57629,0.65245,0.63842,0.48795,0.18447,-0.24695,-0.74793,-1.2545,-1.7286,-2.1758,-2.6319,-3.1321,-3.685,-4.2627,-4.809,-5.262,-5.5833,-5.7799,-5.8949,-5.9753,-6.0424,-6.0751,-6.0187,-5.8065,-5.3951,-4.7843,-4.0285,-3.2225,-2.4639,-1.813,-1.2733,-0.80118,-0.3409,0.13643,0.61493,1.0513,1.4061,1.6613,1.819,1.8948,1.9086,1.8801,1.8258
-6.6684,-6.6829,-6.5731,-6.2117,-5.3734,-4.1376,-2.9072,-2.0427,-1.5846,-1.3576,-1.2435,-1.2388,-1.3718,-1.5921,-1.7305,-1.6313,-1.2806,-0.7986,-0.36194,-0.12091,-0.11801,-0.26464,-0.43518,-0.58341,-0.7312,-0.8741,-0.92934,-0.81203,-0.54052,-0.22492,0.027119,0.17525,0.23834,0.2624,0.29131,0.35136,0.44418,0.54674,0.61543,0.59812,0.45203,0.1652,-0.23446,-0.68912,-1.1422,-1.5713,-1.995,-2.4547,-2.9816,-3.575,-4.1995,-4.7932,-5.291,-5.6534,-5.8852,-6.0245,-6.1166,-6.1822,-6.2019,-6.1221,-5.8853,-5.4516,-4.8225,-4.0506,-3.2278,-2.4511,-1.7825,-1.2284,-0.75111,-0.29708,0.16463,0.62347,1.041,1.3801,1.6228,1.7711,1.8394,1.8474,1.8147,1.7578
-6.7779,-6.7726,-6.6112,-6.1925,-5.3232,-4.087,-2.8723,-2.0244,-1.5822,-1.367,-1.2419,-1.1983,-1.2664,-1.408,-1.4974,-1.4042,-1.0924,-0.64698,-0.22989,0.0055035,0.0051139,-0.1586,-0.373,-0.59375,-0.83599,-1.0778,-1.2062,-1.1066,-0.79835,-0.42097,-0.10708,0.092191,0.19345,0.24341,0.28724,0.35236,0.44272,0.53752,0.59662,0.57104,0.42347,0.14835,-0.21861,-0.61813,-1.005,-1.3771,-1.7739,-2.2443,-2.8136,-3.4689,-4.1598,-4.8146,-5.3659,-5.7776,-6.0564,-6.2383,-6.3605,-6.4362,-6.444,-6.3368,-6.0637,-5.5944,-4.9344,-4.1343,-3.2812,-2.4688,-1.7601,-1.1704,-0.67186,-0.21883,0.22047,0.64492,1.0273,1.3374,1.5589,1.6931,1.7517,1.7536,1.7173,1.6586
-6.8534,-6.8377,-6.6398,-6.1868,-5.2997,-4.0715,-2.8712,-2.0339,-1.6056,-1.3952,-1.2592,-1.1737,-1.1731,-1.2419,-1.2882,-1.1956,-0.90976,-0.49397,-0.097153,0.13083,0.12886,-0.044527,-0.2883,-0.56109,-0.87462,-1.1963,-1.3907,-1.3181,-0.99292,-0.57519,-0.21598,0.023481,0.15768,0.23237,0.29301,0.36704,0.45977,0.55175,0.60517,0.57325,0.42288,0.15321,-0.19378,-0.55759,-0.90192,-1.2397,-1.6249,-2.111,-2.719,-3.424,-4.1655,-4.8649,-5.454,-5.8988,-6.2118,-6.4263,-6.5751,-6.6661,-6.6742,-6.5513,-6.2523,-5.7532,-5.0656,-4.2412,-3.362,-2.5162,-1.7672,-1.1364,-0.60731,-0.14507,0.2799,0.67483,1.0247,1.3076,1.5095,1.6305,1.6814,1.6788,1.6401,1.5803
-6.9481,-6.9208,-6.6765,-6.1827,-5.286,-4.0816,-2.9016,-2.0899,-1.6757,-1.4683,-1.306,-1.1534,-1.0419,-1.0023,-0.98973,-0.89064,-0.63308,-0.2533,0.11961,0.34035,0.33945,0.15974,-0.11265,-0.44276,-0.83944,-1.262,-1.5529,-1.54,-1.2207,-0.76983,-0.36193,-0.072269,0.10698,0.21903,0.30777,0.40008,0.5015,0.59414,0.6431,0.60598,0.45445,0.19548,-0.12501,-0.448,-0.74831,-1.0591,-1.4475,-1.9698,-2.6384,-3.4144,-4.222,-4.9746,-5.6054,-6.0889,-6.4432,-6.7029,-6.895,-7.0167,-7.0318,-6.8908,-6.5531,-6.0101,-5.2843,-4.4265,-3.5098,-2.6136,-1.8017,-1.1044,-0.52169,-0.034494,0.38069,0.7391,1.0421,1.282,1.4514,1.5504,1.5878,1.5774,1.5347,1.4737
-7.0345,-6.9957,-6.718,-6.1844,-5.289,-4.1125,-2.9715,-2.1868,-1.7895,-1.5779,-1.3814,-1.1437,-0.91424,-0.76707,-0.69147,-0.58211,-0.34618,0.0069939,0.36449,0.58515,0.59383,0.41909,0.13197,-0.23645,-0.69198,-1.1923,-1.5776,-1.651,-1.379,-0.92926,-0.49363,-0.16435,0.056408,0.20644,0.32612,0.44148,0.5567,0.65568,0.70523,0.66828,0.52247,0.2799,-0.011023,-0.29777,-0.56955,-0.87435,-1.2869,-1.8602,-2.5968,-3.4442,-4.3145,-5.1145,-5.7806,-6.298,-6.6892,-6.992,-7.2278,-7.3822,-7.4069,-7.2454,-6.8672,-6.2781,-5.5123,-4.6212,-3.6681,-2.7219,-1.8445,-1.0763,-0.43356,0.086892,0.50092,0.8287,1.0857,1.2786,1.4094,1.4809,1.5004,1.4799,1.4323,1.3698
-7.0963,-7.0488,-6.7453,-6.1877,-5.3003,-4.1506,-3.043,-2.282,-1.898,-1.687,-1.4586,-1.1501,-0.8311,-0.6078,-0.48684,-0.36622,-0.14006,0.19868,0.55072,0.77881,0.80106,0.63492,0.34473,-0.037693,-0.51728,-1.0559,-1.5005,-1.6467,-1.4336,-1.0104,-0.57233,-0.22369,0.022431,0.19781,0.33966,0.47177,0.5989,0.70528,0.76081,0.73051,0.59512,0.3695,0.10115,-0.1631,-0.42244,-0.73291,-1.1707,-1.7854,-2.5729,-3.4717,-4.3868,-5.2208,-5.912,-6.4515,-6.8688,-7.2006,-7.4642,-7.6378,-7.6644,-7.4833,-7.071,-6.4457,-5.6508,-4.7375,-3.7611,-2.7827,-1.8616,-1.0453,-0.36132,0.18321,0.59866,0.90696,1.1316,1.2895,1.3897,1.4382,1.4423,1.4125,1.36,1.2954
-7.1663,-7.1101,-6.776,-6.191,-5.3164,-4.2125,-3.1613,-2.4424,-2.0803,-1.8683,-1.5903,-1.1839,-0.74765,-0.43039,-0.25874,-0.12035,0.10232,0.43236,0.7856,1.0299,1.0751,0.9254,0.64035,0.25529,-0.23159,-0.79094,-1.2897,-1.5283,-1.415,-1.0578,-0.64163,-0.28333,-0.012914,0.19013,0.35666,0.50849,0.65055,0.76852,0.83513,0.81847,0.70341,0.50623,0.27104,0.033951,-0.21711,-0.54254,-1.0165,-1.6824,-2.5285,-3.4883,-4.4566,-5.3298,-6.0484,-6.6126,-7.0588,-7.4228,-7.7126,-7.8963,-7.9103,-7.6961,-7.2381,-6.5688,-5.7416,-4.8076,-3.8129,-2.807,-1.8458,-0.98137,-0.2538,0.3168,0.7331,1.0178,1.203,1.3166,1.3768,1.3935,1.3755,1.3311,1.2699,1.2006
-7.2177,-7.1591,-6.7998,-6.1937,-5.329,-4.2804,-3.2883,-2.6197,-2.2919,-2.0759,-1.7491,-1.2451,-0.70368,-0.30531,-0.086375,0.067857,0.29148,0.62326,0.98551,1.2459,1.3109,1.1798,0.90845,0.53585,0.064053,-0.48364,-0.99998,-1.3086,-1.2989,-1.0304,-0.66017,-0.3117,-0.030909,0.18914,0.37209,0.53756,0.69013,0.81815,0.8953,0.89445,0.80317,0.63872,0.43854,0.22633,-0.02015,-0.3617,-0.86615,-1.5684,-2.4509,-3.4467,-4.4497,-5.3552,-6.1021,-6.6897,-7.153,-7.5228,-7.8042,-7.9669,-7.9532,-7.7079,-7.2221,-6.5293,-5.6855,-4.743,-3.7451,-2.7352,-1.7634,-0.88216,-0.13686,0.44437,0.8572,1.1218,1.2736,1.3482,1.3712,1.3575,1.317,1.2576,1.1869,1.1123
