-0.21396,0.3915,0.71156,0.65948,0.21699,-0.44304,-0.82248,-0.54955,0.073727,0.60879,0.89131,0.92466,0.75972,0.46099,0.11755,-0.16074,-0.30907,-0.34965,-0.343,-0.33121,-0.32936,-0.33777,-0.34653,-0.33472,-0.28934,-0.21556,-0.14191,-0.097637,-0.099413,-0.14623,-0.22934,-0.33518,-0.44718,-0.55602,-0.65649,-0.75248,-0.84546,-0.92831,-0.97414,-0.94372,-0.80901,-0.5801,-0.3158,-0.098473,0.0015103,-0.044252,-0.21768,-0.46054,-0.69503,-0.8587,-0.92304,-0.90267,-0.84023,-0.78469,-0.7689,-0.80345,-0.87468,-0.95792,-1.0341,-1.1,-1.1606,-1.2226,-1.2807,-1.3192,-1.3231,-1.2889,-1.2247,-1.1325,-1.0202,-0.89085,-0.75002,-0.60995,-0.48613,-0.38931,-0.32045,-0.27223,-0.2362,-0.21087,-0.19723,-0.19929
-0.17945,0.39953,0.70792,0.66431,0.25034,-0.3761,-0.74443,-0.49389,0.096822,0.60501,0.86731,0.8868,0.71601,0.42131,0.091152,-0.16669,-0.29242,-0.31155,-0.28374,-0.25124,-0.23464,-0.24103,-0.26304,-0.27789,-0.26341,-0.21673,-0.16235,-0.13291,-0.15196,-0.21968,-0.32028,-0.42668,-0.51703,-0.58478,-0.63574,-0.6817,-0.73492,-0.79147,-0.82852,-0.80057,-0.67472,-0.45415,-0.19566,0.019376,0.12322,0.085904,-0.074091,-0.30242,-0.53054,-0.70144,-0.79024,-0.80639,-0.78188,-0.75401,-0.74761,-0.77079,-0.81311,-0.85878,-0.89953,-0.93906,-0.98802,-1.049,-1.1147,-1.1702,-1.2015,-1.2007,-1.1645,-1.0931,-0.98394,-0.84094,-0.67807,-0.51802,-0.38335,-0.28599,-0.22338,-0.18566,-0.16163,-0.14379,-0.13386,-0.13916
-0.13717,0.39919,0.69161,0.66667,0.30592,-0.25425,-0.59534,-0.38401,0.14616,0.60744,0.83928,0.84374,0.67214,0.3892,0.080278,-0.15566,-0.26385,-0.26563,-0.2145,-0.15384,-0.11256,-0.10631,-0.13311,-0.17348,-0.19934,-0.1967,-0.17701,-0.17141,-0.20745,-0.29012,-0.39897,-0.49738,-0.56234,-0.58677,-0.58448,-0.57558,-0.58207,-0.61048,-0.63699,-0.61637,-0.50395,-0.29744,-0.04436,0.17619,0.29483,0.28168,0.15059,-0.051612,-0.26648,-0.44758,-0.5744,-0.65063,-0.69328,-0.72012,-0.74368,-0.76313,-0.77227,-0.76812,-0.75798,-0.75693,-0.77991,-0.83235,-0.90486,-0.98002,-1.0415,-1.0779,-1.0804,-1.037,-0.94233,-0.79869,-0.62343,-0.44617,-0.29684,-0.19217,-0.13086,-0.098467,-0.084176,-0.079374,-0.083232,-0.10006
-0.10913,0.39017,0.66914,0.66197,0.34985,-0.15044,-0.46593,-0.28702,0.19032,0.61032,0.81869,0.81422,0.64501,0.374,0.081341,-0.14341,-0.24626,-0.24003,-0.17365,-0.093172,-0.031589,-0.0095304,-0.031825,-0.084635,-0.1367,-0.16736,-0.17942,-0.19671,-0.2442,-0.32896,-0.42817,-0.5095,-0.54849,-0.54443,-0.51255,-0.47857,-0.46465,-0.47967,-0.50113,-0.48446,-0.3824,-0.18607,0.063045,0.28959,0.42281,0.43152,0.32467,0.14312,-0.06046,-0.24822,-0.40144,-0.52091,-0.61494,-0.69073,-0.74279,-0.76765,-0.76201,-0.73076,-0.68938,-0.66013,-0.66197,-0.70045,-0.76958,-0.85456,-0.9379,-1.0026,-1.0327,-1.0104,-0.92584,-0.78354,-0.60586,-0.42643,-0.27642,-0.17166,-0.10968,-0.078482,-0.063629,-0.056953,-0.058553,-0.074087
-0.076784,0.3663,0.62455,0.64245,0.40008,-0.013667,-0.28994,-0.15485,0.24717,0.60974,0.78724,0.77285,0.61024,0.35677,0.081789,-0.13495,-0.23705,-0.2258,-0.14361,-0.037983,0.052901,0.10161,0.095184,0.040109,-0.036457,-0.10787,-0.16379,-0.21416,-0.27527,-0.35211,-0.42673,-0.47532,-0.47867,-0.44163,-0.38148,-0.32542,-0.29705,-0.30358,-0.32706,-0.31947,-0.23358,-0.050462,0.1923,0.42245,0.57253,0.60599,0.52993,0.37914,0.19486,0.0088135,-0.16893,-0.34023,-0.50498,-0.64839,-0.75263,-0.79414,-0.76954,-0.69934,-0.61857,-0.55956,-0.54424,-0.57833,-0.65152,-0.74722,-0.84868,-0.93885,-0.9977,-1.0007,-0.93463,-0.8026,-0.62879,-0.45012,-0.29988,-0.19416,-0.12993,-0.092034,-0.071472,-0.059887,-0.057144,-0.06812
-0.051256,0.32729,0.56113,0.60371,0.43146,0.10447,-0.13021,-0.034411,0.29259,0.59766,0.74491,0.72322,0.57094,0.33577,0.074256,-0.14148,-0.25051,-0.24166,-0.14869,-0.019263,0.10346,0.186,0.20787,0.16801,0.080806,-0.023012,-0.11957,-0.20081,-0.27141,-0.33263,-0.37773,-0.39255,-0.36985,-0.31228,-0.23637,-0.16668,-0.12789,-0.13078,-0.15675,-0.16273,-0.098476,0.057129,0.2789,0.50322,0.66357,0.72138,0.67704,0.55764,0.39732,0.21925,0.028188,-0.17827,-0.39377,-0.59419,-0.73746,-0.79444,-0.7652,-0.67994,-0.58231,-0.51224,-0.49235,-0.5266,-0.60599,-0.71423,-0.83283,-0.94153,-1.017,-1.0348,-0.98015,-0.85879,-0.69745,-0.53176,-0.39005,-0.28369,-0.20884,-0.15688,-0.11505,-0.085689,-0.071812,-0.077647
-0.037032,0.2885,0.50045,0.55966,0.43726,0.17286,-0.029239,0.040054,0.3146,0.57723,0.70273,0.67761,0.53488,0.31397,0.061004,-0.15811,-0.27758,-0.27344,-0.17325,-0.025598,0.12338,0.23573,0.28465,0.26165,0.17576,0.056804,-0.063653,-0.16509,-0.24176,-0.29223,-0.31741,-0.31119,-0.27357,-0.20693,-0.12604,-0.053558,-0.01319,-0.01694,-0.047424,-0.065258,-0.021573,0.10841,0.30746,0.51949,0.68049,0.75164,0.72822,0.63293,0.49537,0.33321,0.14761,-0.067973,-0.3079,-0.53848,-0.71138,-0.78263,-0.75001,-0.65431,-0.55236,-0.48825,-0.48371,-0.53842,-0.63579,-0.75536,-0.87932,-0.99078,-1.0688,-1.0912,-1.0436,-0.931,-0.77892,-0.62214,-0.48741,-0.38325,-0.30301,-0.23506,-0.17818,-0.13048,-0.097276,-0.085984
-0.024381,0.22494,0.40306,0.47911,0.41694,0.22933,0.070711,0.11265,0.32344,0.53284,0.63101,0.60433,0.47713,0.27707,0.034992,-0.19266,-0.33169,-0.33897,-0.23115,-0.058461,0.12672,0.28091,0.37121,0.37886,0.30875,0.18545,0.04614,-0.076739,-0.16318,-0.20798,-0.21521,-0.19226,-0.14225,-0.072837,0.00515,0.072238,0.10753,0.10058,0.060692,0.024318,0.034819,0.12293,0.28,0.46197,0.61387,0.69736,0.70395,0.64833,0.55141,0.42211,0.25626,0.046641,-0.19857,-0.44462,-0.62969,-0.71097,-0.689,-0.60829,-0.52802,-0.49565,-0.52789,-0.61891,-0.74731,-0.88759,-1.0191,-1.1265,-1.195,-1.2091,-1.1615,-1.0605,-0.92884,-0.79193,-0.66558,-0.55237,-0.44819,-0.35059,-0.26016,-0.18646,-0.13599,-0.11343
-0.019188,0.17048,0.31959,0.40363,0.37939,0.24418,0.11717,0.14543,0.31378,0.48518,0.56471,0.5378,0.42484,0.24271,0.010536,-0.22347,-0.37847,-0.39695,-0.28629,-0.097543,0.11256,0.29719,0.42059,0.45835,0.4112,0.29755,0.15537,0.023374,-0.070065,-0.11797,-0.12526,-0.10332,-0.058045,0.0034723,0.07204,0.13158,0.16298,0.15398,0.11012,0.058985,0.040393,0.08538,0.19786,0.34798,0.48862,0.58118,0.61287,0.59207,0.53294,0.44091,0.30626,0.11813,-0.11626,-0.35888,-0.5467,-0.63137,-0.61574,-0.55078,-0.49983,-0.50674,-0.58703,-0.72416,-0.88734,-1.0458,-1.1794,-1.2776,-1.3297,-1.3337,-1.2832,-1.1865,-1.064,-0.9369,-0.81527,-0.69653,-0.57462,-0.44979,-0.33347,-0.23395,-0.16096,-0.12205
-0.016408,0.092311,0.19961,0.2863,0.30371,0.23019,0.14493,0.16187,0.28047,0.40388,0.45896,0.43332,0.34086,0.18644,-0.028489,-0.26618,-0.4377,-0.46974,-0.36064,-0.15954,0.075408,0.29509,0.4615,0.5471,0.54208,0.45771,0.32701,0.19258,0.088799,0.026724,0.0021393,0.0044823,0.025997,0.064294,0.11281,0.1572,0.18016,0.16595,0.11494,0.042159,-0.020392,-0.039832,0.004756,0.10551,0.2279,0.33539,0.40631,0.43967,0.44191,0.41036,0.3325,0.19439,-0.00014174,-0.2147,-0.39096,-0.48214,-0.48876,-0.46016,-0.46053,-0.53496,-0.69019,-0.90301,-1.1278,-1.3199,-1.4544,-1.5287,-1.5522,-1.5293,-1.4698,-1.3838,-1.2812,-1.1668,-1.0375,-0.88886,-0.72412,-0.55591,-0.40086,-0.27628,-0.18987,-0.14384
-0.01661,0.013232,0.076558,0.15861,0.20599,0.18531,0.14077,0.15136,0.22616,0.30265,0.33294,0.31078,0.24318,0.12055,-0.071221,-0.30331,-0.48384,-0.52729,-0.42345,-0.21937,0.028589,0.27351,0.47646,0.60812,0.6486,0.60392,0.49988,0.37459,0.26073,0.17621,0.12004,0.087632,0.07505,0.082041,0.10304,0.12751,0.13643,0.11313,0.047242,-0.052603,-0.16304,-0.24723,-0.27249,-0.22626,-0.12378,0.0019582,0.12365,0.22747,0.30535,0.34676,0.33343,0.25195,0.10855,-0.063087,-0.21023,-0.29426,-0.32224,-0.34213,-0.41097,-0.56475,-0.80652,-1.0993,-1.3847,-1.6081,-1.7435,-1.798,-1.7937,-1.7534,-1.6892,-1.6082,-1.5125,-1.3971,-1.2514,-1.0692,-0.85944,-0.64772,-0.45542,-0.3005,-0.19282,-0.13583
-0.017649,-0.043837,-0.012193,0.061925,0.12448,0.13763,0.12146,0.1299,0.17421,0.21597,0.22775,0.20954,0.16302,0.067557,-0.10144,-0.32418,-0.50775,-0.55899,-0.46124,-0.25856,-0.0054448,0.25216,0.47495,0.63201,0.70155,0.68553,0.60576,0.49451,0.38002,0.28036,0.19839,0.1355,0.092575,0.070756,0.065811,0.070986,0.067528,0.035986,-0.040515,-0.16162,-0.30853,-0.44441,-0.52499,-0.51961,-0.42787,-0.27945,-0.10976,0.053773,0.19182,0.28859,0.32643,0.29317,0.19397,0.060635,-0.064907,-0.14661,-0.1907,-0.24265,-0.3576,-0.56702,-0.86998,-1.2234,-1.5562,-1.8024,-1.9354,-1.9723,-1.9527,-1.9028,-1.8438,-1.7779,-1.6936,-1.5712,-1.3951,-1.1686,-0.91679,-0.6704,-0.45966,-0.29993,-0.19362,-0.13753
-0.018966,-0.11202,-0.1198,-0.060901,0.013908,0.065228,0.083377,0.088678,0.092574,0.088862,0.077201,0.06573,0.048831,-0.0057864,-0.13866,-0.34108,-0.52228,-0.58359,-0.49814,-0.30165,-0.047063,0.21819,0.45496,0.6312,0.72743,0.7423,0.69437,0.60834,0.50544,0.39617,0.2874,0.18687,0.10168,0.036511,-0.0067508,-0.034307,-0.058602,-0.10339,-0.19237,-0.33903,-0.53283,-0.73545,-0.88619,-0.9272,-0.83868,-0.64564,-0.40071,-0.15298,0.063631,0.2261,0.32115,0.34425,0.30385,0.22228,0.13581,0.061811,-0.0091105,-0.11153,-0.28538,-0.55626,-0.91297,-1.3076,-1.6686,-1.9307,-2.069,-2.1052,-2.0841,-2.0452,-2.0038,-1.9565,-1.8814,-1.7482,-1.5387,-1.2641,-0.96296,-0.682,-0.44777,-0.27327,-0.15985,-0.10377
-0.019205,-0.16794,-0.21076,-0.16871,-0.087564,-0.0066869,0.040963,0.04169,0.0055842,-0.043283,-0.077708,-0.08353,-0.070874,-0.084369,-0.17672,-0.3479,-0.5174,-0.58533,-0.51393,-0.33065,-0.085777,0.17352,0.40822,0.58685,0.69477,0.73168,0.71246,0.65621,0.57499,0.47038,0.34875,0.22044,0.099463,-0.003191,-0.081029,-0.1362,-0.18095,-0.24183,-0.34958,-0.52416,-0.75906,-1.013,-1.2127,-1.2796,-1.1766,-0.93108,-0.61301,-0.29119,-0.011987,0.20177,0.34052,0.40484,0.40546,0.36437,0.30309,0.23725,0.15658,0.0303,-0.17501,-0.47344,-0.85124,-1.2574,-1.6171,-1.8682,-1.9963,-2.0354,-2.0343,-2.0327,-2.0402,-2.0374,-1.9844,-1.84,-1.5913,-1.2696,-0.93231,-0.62976,-0.39128,-0.22304,-0.11911,-0.070882
-0.018494,-0.20087,-0.26516,-0.23495,-0.15185,-0.052755,0.013354,0.0087395,-0.057411,-0.13881,-0.19146,-0.1936,-0.16174,-0.14704,-0.20798,-0.35157,-0.50508,-0.57154,-0.50961,-0.34076,-0.11167,0.13173,0.35202,0.52186,0.6295,0.67777,0.6792,0.64828,0.58866,0.49632,0.37456,0.23536,0.097293,-0.023954,-0.12056,-0.19108,-0.24966,-0.32314,-0.44599,-0.63953,-0.89652,-1.1747,-1.3916,-1.459,-1.334,-1.0488,-0.68696,-0.32805,-0.021733,0.20985,0.3657,0.45167,0.47863,0.46208,0.42007,0.35733,0.26504,0.12196,-0.093189,-0.38861,-0.74388,-1.1116,-1.4314,-1.6567,-1.7804,-1.8334,-1.8607,-1.896,-1.9437,-1.9784,-1.9512,-1.8147,-1.5588,-1.2243,-0.87703,-0.57251,-0.33739,-0.17439,-0.076318,-0.033911
-0.016434,-0.23254,-0.31766,-0.30027,-0.21543,-0.097079,-0.012934,-0.028023,-0.13236,-0.25629,-0.3317,-0.33131,-0.27828,-0.23199,-0.25505,-0.35873,-0.48206,-0.53715,-0.48329,-0.3372,-0.14038,0.065924,0.24984,0.39238,0.4889,0.54725,0.57826,0.5855,0.56046,0.49381,0.3837,0.24648,0.10403,-0.025934,-0.13461,-0.22174,-0.29753,-0.38706,-0.52072,-0.72208,-0.98683,-1.2693,-1.4847,-1.5365,-1.3801,-1.0549,-0.65496,-0.27029,0.045589,0.27696,0.42791,0.51342,0.54982,0.55118,0.5236,0.46925,0.37933,0.23995,0.040959,-0.21459,-0.50421,-0.79018,-1.0303,-1.1996,-1.3035,-1.3716,-1.4382,-1.5272,-1.6353,-1.7297,-1.7527,-1.6488,-1.4081,-1.0807,-0.74337,-0.45556,-0.23926,-0.096646,-0.016432,0.01344
-0.014076,-0.24778,-0.34303,-0.33232,-0.2461,-0.11632,-0.023756,-0.048327,-0.17953,-0.33266,-0.42407,-0.42379,-0.35909,-0.29367,-0.29081,-0.36426,-0.46078,-0.5029,-0.45377,-0.32766,-0.16126,0.0092407,0.15715,0.27107,0.35261,0.41446,0.4675,0.50438,0.50914,0.46714,0.37472,0.2504,0.11711,-0.006869,-0.11403,-0.20325,-0.28545,-0.38203,-0.5217,-0.72219,-0.97671,-1.2376,-1.4245,-1.4496,-1.2726,-0.93904,-0.5401,-0.1648,0.13438,0.34621,0.4804,0.55729,0.59472,0.60201,0.58177,0.53072,0.44266,0.31234,0.13983,-0.063849,-0.28173,-0.48477,-0.6487,-0.76534,-0.84722,-0.92047,-1.0111,-1.1334,-1.2807,-1.4163,-1.4796,-1.4144,-1.2112,-0.92026,-0.61659,-0.35616,-0.1659,-0.042074,0.026754,0.051756
-0.0091361,-0.25777,-0.36262,-0.35657,-0.26755,-0.12486,-0.026748,-0.066037,-0.22947,-0.41552,-0.52605,-0.52794,-0.45327,-0.3681,-0.33283,-0.36471,-0.4224,-0.44555,-0.40487,-0.3098,-0.18867,-0.070399,0.025975,0.096896,0.15428,0.21581,0.29055,0.36388,0.40987,0.40537,0.34853,0.25445,0.14647,0.040361,-0.054121,-0.13733,-0.2168,-0.31114,-0.4442,-0.62715,-0.84684,-1.0577,-1.187,-1.1667,-0.97548,-0.65588,-0.29463,0.032361,0.28474,0.45103,0.55156,0.60876,0.63813,0.64475,0.62579,0.57519,0.49402,0.38947,0.27279,0.15573,0.05367,-0.027841,-0.089204,-0.13915,-0.19265,-0.26659,-0.37445,-0.52296,-0.70133,-0.87634,-0.99261,-0.99471,-0.86628,-0.6479,-0.40838,-0.20375,-0.053945,0.039276,0.086628,0.098999
-0.0027026,-0.25913,-0.37056,-0.36648,-0.27177,-0.11921,-0.019529,-0.074003,-0.2639,-0.47496,-0.60064,-0.60709,-0.53016,-0.43283,-0.36723,-0.35433,-0.37055,-0.37474,-0.34501,-0.28608,-0.21575,-0.15256,-0.10734,-0.077318,-0.041417,0.021867,0.11518,0.22012,0.3007,0.3302,0.30691,0.24679,0.17271,0.097683,0.027886,-0.039391,-0.10792,-0.1902,-0.29648,-0.43459,-0.59345,-0.73825,-0.81561,-0.7726,-0.59319,-0.31695,-0.011615,0.25666,0.44941,0.56533,0.62071,0.64213,0.65004,0.64988,0.63321,0.59372,0.53248,0.46283,0.40526,0.37901,0.38451,0.41343,0.44591,0.46067,0.44163,0.37943,0.27058,0.11566,-0.073902,-0.26917,-0.42368,-0.4897,-0.44841,-0.32615,-0.17556,-0.040889,0.054285,0.10896,0.13195,0.13343
0.0024567,-0.25683,-0.37188,-0.36841,-0.26826,-0.10914,-0.010307,-0.07501,-0.27979,-0.50435,-0.63779,-0.64938,-0.57559,-0.47289,-0.38593,-0.33711,-0.31811,-0.30664,-0.28714,-0.25904,-0.23113,-0.21319,-0.20787,-0.20438,-0.178,-0.10747,0.0034603,0.12784,0.22708,0.2738,0.26883,0.23176,0.18422,0.13794,0.092878,0.045313,-0.0097728,-0.076953,-0.16026,-0.26043,-0.36908,-0.46048,-0.49659,-0.43965,-0.28028,-0.049148,0.19805,0.40751,0.54996,0.62323,0.64796,0.65144,0.65187,0.64989,0.63675,0.60169,0.55093,0.50671,0.49581,0.53295,0.6148,0.71658,0.80667,0.85983,0.86312,0.81371,0.71404,0.56713,0.38405,0.18724,0.013706,-0.095584,-0.11936,-0.072186,0.0069825,0.080204,0.13161,0.15811,0.16584,0.16134
0.009869,-0.25091,-0.37182,-0.37,-0.26062,-0.09231,0.0056626,-0.070454,-0.29011,-0.52453,-0.66439,-0.68371,-0.61704,-0.51011,-0.39442,-0.29407,-0.22471,-0.19057,-0.1855,-0.20204,-0.23619,-0.28338,-0.33106,-0.35455,-0.32909,-0.24188,-0.10827,0.031176,0.13795,0.19542,0.20885,0.20244,0.19208,0.18314,0.16948,0.14842,0.11673,0.07806,0.034011,-0.011778,-0.054352,-0.082631,-0.07546,-0.014147,0.10498,0.26375,0.42551,0.55568,0.63387,0.6606,0.65396,0.63785,0.62902,0.62875,0.62256,0.6028,0.57709,0.57044,0.6123,0.71808,0.8748,1.0471,1.1951,1.291,1.3248,1.2992,1.2205,1.097,0.93536,0.75007,0.56641,0.41474,0.31562,0.26744,0.25026,0.24212,0.23002,0.21141,0.19031,0.17244
0.01647,-0.2451,-0.37334,-0.37386,-0.25707,-0.079939,0.019576,-0.063147,-0.29044,-0.52862,-0.67097,-0.69487,-0.63337,-0.52194,-0.38302,-0.2436,-0.13795,-0.087896,-0.093741,-0.14435,-0.22549,-0.31942,-0.40136,-0.43959,-0.41046,-0.31241,-0.17254,-0.033288,0.071682,0.13303,0.16216,0.17842,0.19423,0.20765,0.21322,0.20694,0.19259,0.17813,0.17084,0.17154,0.17721,0.18684,0.20855,0.25548,0.33411,0.43561,0.53699,0.61233,0.6468,0.6434,0.61941,0.59828,0.59466,0.60479,0.61331,0.60839,0.59813,0.61131,0.68131,0.82294,1.0197,1.2307,1.4113,1.5324,1.5859,1.5784,1.5203,1.4188,1.2799,1.1125,0.93234,0.76085,0.61645,0.50541,0.42137,0.35213,0.29351,0.24386,0.20538,0.18044
0.026891,-0.23537,-0.37906,-0.38548,-0.25887,-0.066606,0.037294,-0.051596,-0.28564,-0.52665,-0.66931,-0.69588,-0.6352,-0.51071,-0.33612,-0.14547,0.0032637,0.068037,0.043611,-0.05183,-0.1909,-0.33987,-0.45906,-0.51171,-0.47887,-0.37548,-0.23996,-0.11123,-0.01268,0.051332,0.097575,0.13922,0.18287,0.2211,0.24811,0.25988,0.26712,0.28436,0.32338,0.38098,0.44084,0.48942,0.51886,0.53552,0.55183,0.56975,0.58593,0.58941,0.57246,0.54194,0.51251,0.50248,0.51996,0.55606,0.58915,0.6061,0.61644,0.65156,0.74661,0.9152,1.1417,1.3806,1.586,1.7299,1.8073,1.8273,1.8004,1.736,1.635,1.4986,1.3325,1.1491,0.9633,0.78745,0.62797,0.48791,0.36889,0.27273,0.2028,0.16239
0.040303,-0.22199,-0.38697,-0.40565,-0.26961,-0.05808,0.056676,-0.034776,-0.27483,-0.51866,-0.66067,-0.68351,-0.6135,-0.46503,-0.24852,-0.0092423,0.17322,0.24362,0.19653,0.058089,-0.13255,-0.32828,-0.47847,-0.54479,-0.51613,-0.41925,-0.29646,-0.18469,-0.098381,-0.033974,0.024077,0.088986,0.15538,0.21532,0.25792,0.28722,0.31499,0.36211,0.43977,0.54002,0.63892,0.70721,0.73008,0.70748,0.65294,0.58494,0.51503,0.44886,0.38958,0.34389,0.32402,0.34106,0.39524,0.46972,0.53808,0.58428,0.61595,0.66409,0.76561,0.93907,1.1691,1.4145,1.631,1.791,1.889,1.9346,1.9406,1.9129,1.8523,1.7549,1.6172,1.4403,1.2328,1.0097,0.78921,0.58895,0.41723,0.28377,0.19203,0.14266
0.052736,-0.20814,-0.39242,-0.42425,-0.2808,-0.050943,0.075274,-0.015584,-0.26069,-0.50856,-0.64955,-0.6651,-0.5801,-0.40635,-0.15576,0.1157,0.31695,0.38695,0.32168,0.15299,-0.072379,-0.29952,-0.47219,-0.55051,-0.53127,-0.4473,-0.34371,-0.25228,-0.17893,-0.11103,-0.034916,0.052844,0.13922,0.21033,0.25798,0.29039,0.32685,0.39292,0.49879,0.62968,0.75079,0.82454,0.82952,0.7649,0.64921,0.5125,0.37823,0.26296,0.17763,0.12834,0.12648,0.17658,0.26951,0.38012,0.47891,0.54549,0.58801,0.63947,0.7391,0.90546,1.1295,1.3708,1.5864,1.7502,1.8589,1.923,1.9541,1.9579,1.9307,1.864,1.7493,1.5833,1.3716,1.1301,0.88095,0.64655,0.44594,0.28847,0.1787,0.11839
0.073208,-0.18153,-0.39375,-0.44708,-0.29276,-0.034207,0.11233,0.023566,-0.23165,-0.48948,-0.63042,-0.63107,-0.51491,-0.29901,-0.0021534,0.30589,0.52449,0.59004,0.50239,0.29907,0.032878,-0.23422,-0.43927,-0.54037,-0.54352,-0.48954,-0.42454,-0.36622,-0.30601,-0.22162,-0.10816,0.015446,0.12629,0.20496,0.2518,0.28195,0.32555,0.4126,0.55091,0.71502,0.8555,0.92498,0.89278,0.75858,0.55134,0.31444,0.094144,-0.07879,-0.19036,-0.23086,-0.20035,-0.10313,0.043274,0.20585,0.34753,0.44783,0.51197,0.57005,0.66064,0.80898,1.0075,1.2262,1.4288,1.5923,1.7128,1.7992,1.862,1.9045,1.9209,1.8989,1.8239,1.6846,1.4809,1.2274,0.95177,0.6871,0.45507,0.27439,0.15257,0.091703
0.098048,-0.14294,-0.38085,-0.45855,-0.29267,-0.0012365,0.16994,0.083302,-0.18696,-0.46099,-0.60409,-0.58506,-0.42786,-0.15953,0.185,0.52248,0.7475,0.80203,0.69265,0.46015,0.15957,-0.1435,-0.38291,-0.51729,-0.55693,-0.54588,-0.52337,-0.49395,-0.43362,-0.31854,-0.16122,-0.0011231,0.12435,0.20257,0.24381,0.27303,0.326,0.43069,0.59114,0.77129,0.91475,0.96541,0.88881,0.68255,0.3804,0.041865,-0.26922,-0.50458,-0.63927,-0.66825,-0.59526,-0.43779,-0.2287,-0.01155,0.17239,0.30173,0.38332,0.44687,0.52919,0.65487,0.8238,1.0132,1.1939,1.3473,1.4709,1.5732,1.6636,1.7423,1.8013,1.8239,1.7901,1.6834,1.4997,1.2527,0.9719,0.69289,0.44869,0.25779,0.13025,0.070963
0.11938,-0.10413,-0.35769,-0.4524,-0.2774,0.040437,0.23106,0.14461,-0.14006,-0.42955,-0.57527,-0.53868,-0.34646,-0.034558,0.34563,0.69933,0.92135,0.9614,0.83286,0.5804,0.26011,-0.063519,-0.32666,-0.49064,-0.56522,-0.59175,-0.60064,-0.58777,-0.51933,-0.37617,-0.18521,0.00036182,0.13663,0.2151,0.25167,0.2782,0.33386,0.44804,0.61845,0.80397,0.94213,0.972,0.85638,0.59226,0.21667,-0.19727,-0.57201,-0.84738,-0.99453,-1.0106,-0.90713,-0.7094,-0.45801,-0.20264,0.012154,0.16502,0.26261,0.33324,0.41165,0.52256,0.66674,0.82821,0.98506,1.1238,1.2443,1.3548,1.462,1.566,1.6557,1.7117,1.7102,1.6305,1.4648,1.2263,0.94697,0.66657,0.41989,0.2314,0.11185,0.065452
0.15051,-0.038136,-0.30382,-0.41516,-0.22649,0.12684,0.34211,0.25321,-0.05361,-0.36635,-0.51609,-0.45434,-0.21383,0.15494,0.57799,0.94599,1.1551,1.1683,1.0111,0.73394,0.39396,0.052054,-0.23494,-0.43613,-0.55899,-0.63677,-0.68644,-0.6885,-0.60263,-0.42049,-0.18657,0.027683,0.17671,0.25417,0.28359,0.30439,0.36091,0.48251,0.66038,0.84583,0.96921,0.96624,0.79527,0.45348,-0.014744,-0.52483,-0.97682,-1.2956,-1.4513,-1.4483,-1.3099,-1.0688,-0.77137,-0.47413,-0.22192,-0.038306,0.082665,0.16759,0.24749,0.34187,0.45509,0.57797,0.6983,0.81101,0.92042,1.0347,1.1591,1.288,1.4089,1.5005,1.5363,1.4924,1.3577,1.1425,0.87811,0.60693,0.36752,0.18625,0.078419,0.052646
0.17451,0.021747,-0.24217,-0.35995,-0.15963,0.21832,0.44905,0.35691,0.032287,-0.29841,-0.45068,-0.37132,-0.09686,0.30904,0.75734,1.1296,1.3247,1.3157,1.1367,0.84278,0.49137,0.14003,-0.16024,-0.38356,-0.53662,-0.64561,-0.71913,-0.72611,-0.62582,-0.41775,-0.15785,0.071157,0.22309,0.29559,0.31951,0.33795,0.39687,0.52114,0.69768,0.87392,0.97917,0.94893,0.73991,0.34822,-0.1787,-0.74822,-1.2472,-1.5904,-1.748,-1.7316,-1.5703,-1.3042,-0.98551,-0.66833,-0.40073,-0.19936,-0.056271,0.049609,0.13916,0.22593,0.31426,0.40222,0.48951,0.57942,0.67805,0.79122,0.92191,1.0632,1.2016,1.3151,1.3753,1.3547,1.2395,1.0392,0.78667,0.52707,0.29959,0.13448,0.046678,0.04335
0.20466,0.11428,-0.12888,-0.24314,-0.026239,0.37833,0.62389,0.52429,0.17611,-0.17771,-0.33562,-0.23605,0.076205,0.52045,0.99108,1.3615,1.5367,1.4994,1.2938,0.98122,0.61812,0.25603,-0.059566,-0.30412,-0.48254,-0.6143,-0.69992,-0.70499,-0.58957,-0.35944,-0.08424,0.14995,0.29683,0.36256,0.38152,0.40129,0.46231,0.5848,0.74952,0.90381,0.97904,0.91004,0.65473,0.2094,-0.37582,-0.99605,-1.5262,-1.8762,-2.0239,-1.9953,-1.8273,-1.5572,-1.2316,-0.90447,-0.61674,-0.3886,-0.21666,-0.086448,0.015644,0.097062,0.15959,0.20875,0.25232,0.3024,0.37278,0.47333,0.60499,0.75724,0.91252,1.0447,1.1239,1.1234,1.0301,0.85297,0.62352,0.38502,0.18095,0.039223,-0.023984,0.00040346
0.22966,0.21852,0.018702,-0.075081,0.16033,0.58124,0.8325,0.72209,0.35207,-0.024449,-0.19206,-0.081597,0.25631,0.72423,1.2049,1.5684,1.7226,1.6595,1.4315,1.1036,0.73206,0.36528,0.044233,-0.20787,-0.39374,-0.52922,-0.61252,-0.61065,-0.48587,-0.24966,0.022877,0.24797,0.38383,0.4404,0.45425,0.47028,0.52718,0.63967,0.78751,0.91649,0.95874,0.85351,0.55989,0.077497,-0.53732,-1.1747,-1.7029,-2.0346,-2.1608,-2.119,-1.953,-1.6983,-1.3927,-1.0771,-0.79065,-0.54718,-0.34686,-0.18541,-0.062712,0.017951,0.056962,0.061866,0.053455,0.058047,0.09703,0.17956,0.30135,0.45209,0.60995,0.74887,0.83844,0.85057,0.77121,0.61005,0.40002,0.1852,0.0072546,-0.10559,-0.13841,-0.08324
0.24307,0.30076,0.14866,0.082422,0.33239,0.75863,1.0066,0.88647,0.5009,0.10713,-0.071265,0.040795,0.38849,0.86596,1.3485,1.7027,1.8395,1.7572,1.5134,1.1759,0.80218,0.43936,0.12459,-0.1214,-0.30247,-0.4321,-0.50842,-0.50009,-0.37404,-0.14457,0.11606,0.32729,0.45237,0.5013,0.51054,0.52168,0.57116,0.67086,0.79924,0.9036,0.91951,0.78906,0.47456,-0.021812,-0.64039,-1.2682,-1.7742,-2.0777,-2.1811,-2.1301,-1.9686,-1.7291,-1.4443,-1.1475,-0.86928,-0.62318,-0.41083,-0.23401,-0.10077,-0.022516,0.00067187,-0.022302,-0.066315,-0.09901,-0.092947,-0.034949,0.071649,0.21322,0.36755,0.50645,0.59855,0.61577,0.54425,0.39388,0.19806,0.0019421,-0.15446,-0.24436,-0.25523,-0.18151
0.25046,0.41079,0.33955,0.32544,0.59683,1.0225,1.2568,1.1197,0.71412,0.29612,0.0973,0.20067,0.54978,1.0309,1.5087,1.846,1.9576,1.8491,1.5852,1.2397,0.87206,0.52584,0.23157,0.0046492,-0.15942,-0.27181,-0.33224,-0.31546,-0.1964,0.012157,0.24642,0.4325,0.53972,0.57671,0.57719,0.57969,0.61389,0.68964,0.78376,0.85019,0.83053,0.67096,0.33786,-0.16264,-0.76751,-1.3579,-1.8077,-2.0518,-2.1098,-2.041,-1.8925,-1.6877,-1.4436,-1.182,-0.92034,-0.67194,-0.4465,-0.25637,-0.11847,-0.047482,-0.050838,-0.11447,-0.20774,-0.29167,-0.33312,-0.31521,-0.23947,-0.11835,0.023892,0.15689,0.2467,0.26421,0.19715,0.058504,-0.11664,-0.28697,-0.41128,-0.46969,-0.45383,-0.36037
0.2423,0.5139,0.53929,0.59358,0.89068,1.3082,1.5209,1.3622,0.93457,0.48962,0.26162,0.34376,0.68287,1.157,1.6224,1.939,2.0241,1.8902,1.6104,1.2642,0.91205,0.5933,0.33074,0.1322,-0.0066652,-0.097146,-0.13959,-0.11653,-0.0062497,0.17767,0.37932,0.5354,0.6165,0.63471,0.62225,0.61179,0.62804,0.67504,0.73281,0.76011,0.70445,0.52036,0.17698,-0.31577,-0.88841,-1.4269,-1.8102,-1.9872,-1.9939,-1.8955,-1.7424,-1.5576,-1.3506,-1.1272,-0.89625,-0.66427,-0.44175,-0.2481,-0.10966,-0.050922,-0.078767,-0.18194,-0.32684,-0.46885,-0.56837,-0.60284,-0.56777,-0.47762,-0.35457,-0.23041,-0.14128,-0.11858,-0.17618,-0.30145,-0.45834,-0.60101,-0.6986,-0.73027,-0.69131,-0.58323
0.22455,0.5823,0.68848,0.80137,1.1215,1.531,1.7243,1.5468,1.1005,0.63171,0.37594,0.43441,0.75794,1.2211,1.6732,1.9714,2.0358,1.8847,1.5966,1.2543,0.91857,0.62547,0.39267,0.22291,0.10718,0.032766,-0.00086758,0.02267,0.1227,0.28804,0.46619,0.60049,0.66425,0.66909,0.64495,0.62261,0.62365,0.64869,0.6789,0.67433,0.59102,0.38525,0.035319,-0.44358,-0.98379,-1.4692,-1.7918,-1.9146,-1.8809,-1.7616,-1.6064,-1.435,-1.2508,-1.054,-0.84252,-0.6216,-0.40507,-0.21758,-0.089036,-0.043535,-0.094225,-0.22673,-0.40778,-0.59253,-0.73855,-0.81744,-0.81913,-0.75358,-0.6432,-0.52389,-0.43651,-0.41383,-0.46699,-0.57988,-0.71646,-0.83892,-0.91195,-0.92534,-0.87728,-0.76904
0.18372,0.65738,0.87751,1.0762,1.4325,1.8308,1.9977,1.7937,1.3188,0.81212,0.51067,0.52712,0.82122,1.2631,1.694,1.9644,2.0005,1.8292,1.5352,1.2041,0.896,0.64256,0.45368,0.3239,0.23799,0.18108,0.15212,0.1706,0.25596,0.40106,0.55692,0.66856,0.71334,0.70119,0.66073,0.62086,0.59926,0.59489,0.58827,0.54444,0.42585,0.1981,-0.15289,-0.60631,-1.0935,-1.5064,-1.7516,-1.8067,-1.7235,-1.5756,-1.4131,-1.2533,-1.0938,-0.9254,-0.74162,-0.54148,-0.33849,-0.16073,-0.043657,-0.018496,-0.095481,-0.26675,-0.4985,-0.74182,-0.94833,-1.0841,-1.1347,-1.1051,-1.018,-0.90853,-0.81819,-0.78244,-0.81705,-0.90997,-1.0265,-1.1244,-1.1791,-1.1766,-1.1173,-1.0084
0.13987,0.69912,1.0057,1.2733,1.6601,2.0537,2.2002,1.9767,1.4787,0.93958,0.59686,0.57445,0.84106,1.2637,1.6755,1.9239,1.939,1.7538,1.4581,1.1397,0.85673,0.63604,0.48047,0.37709,0.30835,0.25892,0.22937,0.24192,0.32062,0.45712,0.60456,0.70476,0.73518,0.70866,0.65654,0.60579,0.57123,0.54909,0.51806,0.44804,0.30577,0.066026,-0.28053,-0.70951,-1.1515,-1.5095,-1.7027,-1.7175,-1.6074,-1.4441,-1.2752,-1.1188,-0.97146,-0.82017,-0.65094,-0.4633,-0.27213,-0.1077,-0.0063191,0.0011448,-0.098001,-0.29299,-0.55176,-0.82798,-1.0738,-1.2512,-1.3371,-1.3343,-1.2595,-1.1507,-1.0555,-1.0135,-1.0397,-1.1189,-1.2164,-1.2979,-1.3369,-1.3275,-1.2728,-1.1785
0.065864,0.73317,1.1541,1.5156,1.947,2.3387,2.4631,2.2139,1.6852,1.0987,0.6937,0.61138,0.83577,1.2302,1.6147,1.8325,1.8184,1.6144,1.3185,1.0209,0.77581,0.60058,0.48716,0.41432,0.36037,0.31183,0.27606,0.27952,0.35169,0.48331,0.62463,0.71664,0.73302,0.69195,0.62778,0.56925,0.52818,0.49373,0.44234,0.34463,0.17638,-0.077814,-0.41582,-0.80654,-1.1838,-1.4633,-1.5858,-1.5544,-1.4249,-1.2598,-1.1022,-0.96443,-0.83789,-0.70351,-0.54803,-0.36771,-0.18164,-0.025651,0.060404,0.046565,-0.079158,-0.30683,-0.60265,-0.91784,-1.2017,-1.4139,-1.5338,-1.5529,-1.4923,-1.3901,-1.2923,-1.2371,-1.2418,-1.2975,-1.3761,-1.4444,-1.4812,-1.4787,-1.4373,-1.3626
-0.022087,0.74265,1.2728,1.7277,2.2081,2.6029,2.709,2.4383,1.8819,1.249,0.77881,0.63182,0.80871,1.1729,1.5289,1.713,1.666,1.4426,1.1486,0.87514,0.67011,0.53949,0.46315,0.41291,0.36318,0.3052,0.2537,0.24394,0.30763,0.4396,0.58351,0.67661,0.69319,0.64987,0.58294,0.52461,0.48524,0.45128,0.39318,0.28213,0.099671,-0.15893,-0.47852,-0.8206,-1.1253,-1.3283,-1.397,-1.3466,-1.2253,-1.0855,-0.95635,-0.84212,-0.7306,-0.60584,-0.45125,-0.27339,-0.095309,0.047509,0.11746,0.084296,-0.061309,-0.30774,-0.62152,-0.95455,-1.2572,-1.4899,-1.6271,-1.6641,-1.6141,-1.5115,-1.4034,-1.3333,-1.3237,-1.3682,-1.4394,-1.5052,-1.5483,-1.5574,-1.5344,-1.487
-0.094023,0.73504,1.3419,1.8656,2.3831,2.7837,2.8797,2.596,2.0224,1.3589,0.8425,0.64588,0.78578,1.1254,1.4581,1.6156,1.5426,1.3041,1.0134,0.76062,0.58572,0.48522,0.43074,0.38935,0.33392,0.26074,0.19142,0.16965,0.23038,0.36913,0.52187,0.62004,0.6397,0.59864,0.5362,0.48623,0.45695,0.43262,0.37927,0.26917,0.085668,-0.16632,-0.46475,-0.76614,-1.0145,-1.1679,-1.2104,-1.162,-1.0645,-0.95377,-0.8516,-0.76067,-0.66767,-0.55062,-0.40078,-0.22143,-0.039873,0.1026,0.16526,0.12158,-0.037764,-0.29824,-0.62289,-0.9621,-1.2669,-1.4998,-1.6404,-1.6779,-1.6295,-1.529,-1.4202,-1.3434,-1.3212,-1.3523,-1.4161,-1.4863,-1.539,-1.5669,-1.5687,-1.5491
-0.19132,0.7085,1.4085,2.0185,2.5863,2.9976,3.0846,2.7895,2.2009,1.5075,0.93808,0.67954,0.76927,1.0725,1.3716,1.4918,1.3844,1.1276,0.8432,0.61872,0.48224,0.41584,0.38006,0.33585,0.25958,0.15479,0.057255,0.021901,0.09196,0.24972,0.41913,0.5251,0.54285,0.50281,0.45266,0.42736,0.43049,0.43517,0.40223,0.30232,0.12704,-0.10895,-0.37139,-0.61361,-0.79186,-0.88471,-0.89976,-0.86556,-0.8132,-0.76337,-0.72088,-0.67422,-0.60377,-0.49397,-0.33856,-0.15531,0.022612,0.15587,0.2086,0.15428,-0.010701,-0.27199,-0.59456,-0.93107,-1.2343,-1.4669,-1.6052,-1.644,-1.5928,-1.4836,-1.362,-1.2723,-1.2413,-1.27,-1.3386,-1.4182,-1.4932,-1.5467,-1.5761,-1.5868
-0.26074,0.68037,1.4407,2.1106,2.7145,3.1345,3.2186,2.9192,2.3269,1.6201,1.0213,0.723,0.7763,1.0509,1.3239,1.4159,1.2844,1.0159,0.73645,0.5313,0.42008,0.37366,0.34431,0.28895,0.19025,0.058127,-0.060925,-0.10267,-0.022781,0.14933,0.33029,0.44111,0.46056,0.42509,0.38831,0.38633,0.42051,0.45584,0.4482,0.36551,0.20392,-0.014529,-0.24735,-0.44641,-0.57783,-0.63682,-0.64502,-0.63186,-0.61914,-0.61578,-0.61541,-0.60136,-0.5523,-0.45201,-0.30052,-0.11802,0.059351,0.19039,0.23902,0.1815,0.014246,-0.24743,-0.56752,-0.89829,-1.1929,-1.4158,-1.5495,-1.5809,-1.5268,-1.4183,-1.2968,-1.2022,-1.161,-1.1789,-1.2427,-1.3328,-1.4198,-1.4957,-1.5549,-1.5982
-0.34156,0.63592,1.4628,2.2037,2.8511,3.2832,3.3654,3.0671,2.4799,1.7707,1.1495,0.81071,0.82098,1.0588,1.2981,1.3564,1.1964,0.91327,0.63831,0.45294,0.36522,0.33392,0.30378,0.23053,0.10105,-0.062584,-0.20168,-0.24381,-0.1529,0.031831,0.21844,0.32857,0.35132,0.32689,0.31362,0.34841,0.42776,0.50899,0.54067,0.48934,0.35528,0.1668,-0.027105,-0.1782,-0.26346,-0.29377,-0.30235,-0.31898,-0.3561,-0.40962,-0.46104,-0.48694,-0.46485,-0.38142,-0.2414,-0.069188,0.097736,0.21896,0.26048,0.20125,0.038062,-0.21147,-0.51319,-0.82515,-1.1075,-1.3277,-1.4596,-1.4953,-1.4384,-1.3174,-1.1779,-1.0668,-1.0167,-1.0358,-1.111,-1.2156,-1.332,-1.4383,-1.525,-1.5922
-0.40136,0.59065,1.4656,2.2647,2.9474,3.3884,3.47,3.1794,2.6093,1.9157,1.2932,0.93252,0.91098,1.1167,1.3268,1.3568,1.172,0.87559,0.60257,0.42836,0.35134,0.32255,0.28241,0.18907,0.032514,-0.15174,-0.29468,-0.32291,-0.21531,-0.022776,0.15382,0.24733,0.25983,0.24257,0.25548,0.33367,0.46116,0.58906,0.65845,0.64112,0.54015,0.38808,0.23236,0.11592,0.054661,0.032629,0.014352,-0.02822,-0.10164,-0.19551,-0.2856,-0.34412,-0.34837,-0.28932,-0.17298,-0.02478,0.12065,0.22701,0.2631,0.20873,0.060095,-0.16901,-0.44883,-0.74167,-1.0105,-1.223,-1.3527,-1.3851,-1.3239,-1.1969,-1.0498,-0.93115,-0.87567,-0.8942,-0.97552,-1.0974,-1.232,-1.3621,-1.477,-1.5745
-0.42839,0.56105,1.4588,2.2912,2.9932,3.4362,3.517,3.2351,2.6858,2.0149,1.4056,1.0423,1.0053,1.1925,1.3843,1.3956,1.1948,0.88954,0.61581,0.44522,0.37042,0.33771,0.28572,0.17474,0.0017929,-0.18986,-0.32441,-0.33374,-0.20705,-0.0122,0.1502,0.22211,0.21577,0.19426,0.22292,0.33093,0.4959,0.65828,0.75969,0.77038,0.69547,0.56902,0.43582,0.33437,0.27902,0.24919,0.21481,0.15444,0.063293,-0.042105,-0.14138,-0.21284,-0.23768,-0.20298,-0.11775,0.0012062,0.12361,0.21548,0.24705,0.19856,0.065353,-0.14161,-0.39727,-0.6696,-0.9254,-1.1322,-1.2591,-1.2897,-1.2237,-1.0899,-0.93727,-0.81707,-0.76481,-0.79113,-0.88398,-1.0187,-1.1704,-1.3171,-1.4471,-1.5578
-0.43738,0.53202,1.4426,2.3042,3.0203,3.4577,3.5326,3.2652,2.7519,2.1261,1.5531,1.2035,1.1594,1.3306,1.5019,1.4929,1.2739,0.9552,0.6749,0.50295,0.4249,0.38157,0.31288,0.18462,0.00099551,-0.18813,-0.30316,-0.28404,-0.13833,0.049267,0.18241,0.21669,0.18484,0.15838,0.20557,0.34595,0.55043,0.75271,0.89396,0.94263,0.90345,0.80519,0.68982,0.59428,0.53111,0.48714,0.43621,0.36053,0.26087,0.14818,0.041397,-0.041726,-0.087512,-0.089897,-0.047684,0.025002,0.10702,0.17295,0.19759,0.16091,0.054638,-0.11743,-0.3377,-0.57874,-0.80839,-0.99377,-1.1064,-1.1252,-1.0548,-0.92307,-0.77586,-0.66226,-0.61859,-0.65756,-0.7678,-0.92181,-1.0949,-1.2623,-1.4102,-1.536
-0.41407,0.51952,1.4236,2.2966,3.011,3.4296,3.4909,3.237,2.7674,2.2013,1.6832,1.3676,1.3328,1.4955,1.6519,1.6266,1.39,1.0548,0.76216,0.58099,0.49366,0.43934,0.35954,0.22279,0.038795,-0.13927,-0.23178,-0.18647,-0.030848,0.13855,0.22905,0.21838,0.1588,0.13284,0.19958,0.37169,0.60596,0.83776,1.0074,1.0884,1.0826,1.0131,0.91366,0.81498,0.73264,0.66183,0.58907,0.50452,0.40727,0.30608,0.20723,0.11814,0.046958,0.002477,-0.010643,0.007984,0.047449,0.088278,0.1073,0.083534,0.0055717,-0.1268,-0.30157,-0.4975,-0.68721,-0.83984,-0.92541,-0.92816,-0.85107,-0.72291,-0.58923,-0.49647,-0.47655,-0.53824,-0.66858,-0.84357,-1.0321,-1.2135,-1.3754,-1.5144
-0.37648,0.5227,1.4102,2.2796,2.9817,3.3764,3.4198,3.1732,2.7398,2.2262,1.7602,1.4836,1.4662,1.6288,1.7773,1.739,1.4875,1.1377,0.83129,0.63792,0.54121,0.48095,0.39794,0.26017,0.079817,-0.087636,-0.16516,-0.10848,0.044069,0.19243,0.25162,0.21206,0.13479,0.10763,0.18664,0.37688,0.63011,0.88004,1.0696,1.173,1.1903,1.1405,1.0509,0.94808,0.84921,0.75663,0.66453,0.56991,0.47564,0.38329,0.29496,0.20828,0.12276,0.044753,-0.011841,-0.037745,-0.032509,-0.0095407,0.0082598,-0.0026782,-0.057505,-0.1602,-0.3012,-0.46011,-0.61039,-0.7246,-0.78005,-0.76214,-0.68071,-0.56212,-0.44548,-0.37186,-0.37128,-0.45277,-0.6032,-0.79259,-0.99744,-1.192,-1.3619,-1.5034
-0.30392,0.54377,1.3958,2.2461,2.9161,3.2634,3.2702,3.0264,2.6423,2.2058,1.8226,1.6127,1.6343,1.808,1.948,1.8912,1.6171,1.2424,0.91168,0.69797,0.58693,0.51967,0.43724,0.30699,0.13824,-0.01598,-0.085575,-0.035741,0.090977,0.20136,0.22378,0.15833,0.073419,0.052297,0.14793,0.35443,0.6257,0.89444,1.1096,1.2422,1.2895,1.2622,1.1811,1.0698,0.94755,0.8274,0.71423,0.61164,0.52244,0.44235,0.36137,0.26708,0.15384,0.030193,-0.083034,-0.16113,-0.19264,-0.18646,-0.16659,-0.15982,-0.18461,-0.24681,-0.3384,-0.44185,-0.53467,-0.59379,-0.60162,-0.55281,-0.45794,-0.34524,-0.25224,-0.21381,-0.25081,-0.36428,-0.53765,-0.74613,-0.96083,-1.1627,-1.3401,-1.4892
-0.2368,0.56993,1.3884,2.2144,2.8495,3.1494,3.1166,2.8679,2.5194,2.1461,1.8328,1.6833,1.7449,1.9343,2.0711,1.9995,1.704,1.3063,0.95468,0.72363,0.60077,0.52919,0.451,0.3323,0.1767,0.028371,-0.049438,-0.023567,0.069592,0.14609,0.14184,0.063365,-0.017723,-0.023131,0.091484,0.31356,0.59541,0.87328,1.101,1.2511,1.3197,1.3106,1.2386,1.1236,0.98546,0.84433,0.71441,0.60423,0.51483,0.43941,0.35882,0.25508,0.12024,-0.035954,-0.18626,-0.29757,-0.35146,-0.35348,-0.32831,-0.30605,-0.30841,-0.34283,-0.40082,-0.46277,-0.5067,-0.51601,-0.48305,-0.40859,-0.30893,-0.20765,-0.13417,-0.11715,-0.175,-0.30824,-0.49958,-0.72005,-0.94542,-1.1547,-1.3358,-1.485
-0.13706,0.61538,1.383,2.1658,2.7411,2.9611,2.8598,2.5923,2.2886,2.0045,1.7951,1.7389,1.8646,2.084,2.2186,2.1228,1.7923,1.3587,0.97514,0.71903,0.58188,0.51022,0.4457,0.34962,0.21319,0.065397,-0.040926,-0.070318,-0.041001,-0.019281,-0.057869,-0.14448,-0.20965,-0.1816,-0.032611,0.21642,0.511,0.79699,1.0327,1.2012,1.296,1.317,1.2671,1.1558,1.0032,0.83295,0.67102,0.53726,0.43649,0.35601,0.27166,0.15639,-0.0038857,-0.19794,-0.39087,-0.53782,-0.60944,-0.60954,-0.5686,-0.52398,-0.49851,-0.49843,-0.51319,-0.52379,-0.51158,-0.4649,-0.38246,-0.2756,-0.16049,-0.061978,-0.0073935,-0.019541,-0.10896,-0.26934,-0.47975,-0.71318,-0.94479,-1.1553,-1.3351,-1.4829
-0.034319,0.66698,1.3808,2.1112,2.615,2.7388,2.5474,2.2461,1.9834,1.7937,1.6991,1.7482,1.9494,2.2041,2.3366,2.2125,1.8403,1.3623,0.94042,0.65918,0.51384,0.45211,0.41295,0.34794,0.23251,0.079313,-0.069196,-0.17459,-0.23346,-0.28225,-0.35476,-0.43564,-0.46947,-0.40013,-0.21406,0.06011,0.37021,0.66639,0.91629,1.1042,1.2233,1.2681,1.235,1.1282,0.96334,0.76979,0.57963,0.41872,0.29677,0.19853,0.095622,-0.041469,-0.22727,-0.45006,-0.66669,-0.82491,-0.89193,-0.87378,-0.80741,-0.73623,-0.68732,-0.66458,-0.65174,-0.62418,-0.56334,-0.4654,-0.34007,-0.2043,-0.079443,0.012923,0.051745,0.020224,-0.087875,-0.26365,-0.48506,-0.724,-0.95815,-1.1703,-1.3515,-1.4998
0.040071,0.7056,1.3795,2.0682,2.5123,2.555,2.2834,1.9449,1.7099,1.5952,1.5924,1.7269,1.989,2.2713,2.4022,2.2552,1.8474,1.3306,0.87638,0.57643,0.4299,0.38413,0.37238,0.33546,0.23804,0.079964,-0.1046,-0.27424,-0.40927,-0.52074,-0.62158,-0.69463,-0.69658,-0.59085,-0.37411,-0.081573,0.23991,0.54291,0.803,1.0041,1.1412,1.203,1.1824,1.079,0.90516,0.69038,0.4729,0.28512,0.13896,0.024308,-0.091612,-0.24168,-0.44182,-0.67617,-0.89967,-1.0525,-1.1006,-1.0566,-0.96569,-0.87476,-0.81207,-0.77736,-0.75044,-0.70521,-0.62372,-0.50337,-0.35647,-0.20415,-0.068363,0.026848,0.05981,0.016389,-0.10464,-0.28979,-0.51511,-0.7549,-0.9861,-1.1936,-1.37,-1.5144
0.12967,0.75306,1.3771,2.0096,2.3711,2.2975,1.9034,1.4996,1.2968,1.2849,1.4112,1.6644,2.0099,2.3309,2.4597,2.2805,1.8222,1.2488,0.74654,0.42042,0.27687,0.26136,0.29689,0.30692,0.24007,0.080287,-0.14803,-0.40045,-0.63824,-0.83941,-0.98763,-1.0563,-1.0148,-0.85313,-0.59121,-0.2718,0.057934,0.36365,0.62598,0.84029,0.99857,1.0885,1.0911,0.99482,0.80754,0.55845,0.29238,0.053969,-0.13295,-0.27842,-0.41278,-0.57203,-0.77412,-1.0027,-1.2082,-1.3314,-1.3409,-1.2549,-1.1261,-1.0088,-0.92989,-0.88957,-0.86215,-0.8136,-0.72118,-0.5841,-0.4201,-0.25334,-0.11115,-0.016679,0.011174,-0.039094,-0.16663,-0.3559,-0.58117,-0.81684,-1.0396,-1.2373,-1.4051,-1.5441
0.18677,0.78216,1.3732,1.9659,2.2664,2.1028,1.6084,1.1456,0.96181,1.0292,1.2536,1.5955,2.003,2.3523,2.48,2.2769,1.7797,1.1621,0.62199,0.27565,0.136,0.14776,0.22517,0.27931,0.24318,0.090972,-0.15987,-0.46284,-0.76851,-1.0339,-1.2211,-1.2934,-1.2268,-1.0299,-0.74037,-0.40521,-0.07137,0.23501,0.49878,0.72055,0.89188,0.99641,1.0091,0.91234,0.70954,0.431,0.12621,-0.15218,-0.37248,-0.54044,-0.68679,-0.84844,-1.0427,-1.2506,-1.4231,-1.5027,-1.4671,-1.3443,-1.1907,-1.0593,-0.9753,-0.93681,-0.91722,-0.8806,-0.79955,-0.66786,-0.50148,-0.32917,-0.17967,-0.080867,-0.053833,-0.10845,-0.24004,-0.43009,-0.65246,-0.88054,-1.0962,-1.2867,-1.4467,-1.5766
0.24659,0.80944,1.3651,1.9101,2.1335,1.8534,1.2234,0.67225,0.50852,0.67875,1.0308,1.4847,1.9684,2.3531,2.4792,2.2464,1.6999,1.0247,0.43422,0.061406,-0.070849,-0.020058,0.11629,0.23428,0.24984,0.12531,-0.13058,-0.47198,-0.8402,-1.1738,-1.4086,-1.495,-1.4167,-1.1993,-0.89254,-0.54881,-0.211,0.094075,0.3608,0.58732,0.76829,0.8811,0.89586,0.78859,0.55754,0.23142,-0.13076,-0.46525,-0.73179,-0.92493,-1.0774,-1.2249,-1.3833,-1.5365,-1.6392,-1.6477,-1.5518,-1.3847,-1.2032,-1.0577,-0.97706,-0.9561,-0.96365,-0.9561,-0.89877,-0.78207,-0.62247,-0.44962,-0.29966,-0.20206,-0.1776,-0.23526,-0.36915,-0.55881,-0.77571,-0.99385,-1.1924,-1.3616,-1.5002,-1.6139
0.28622,0.8226,1.352,1.8583,2.0158,1.6316,0.87211,0.23353,0.084636,0.3489,0.81539,1.366,1.9129,2.3264,2.4506,2.192,1.6022,0.8743,0.23617,-0.16097,-0.28376,-0.19286,0.002198,0.1847,0.26011,0.18317,-0.042602,-0.3792,-0.76918,-1.1419,-1.4171,-1.529,-1.4625,-1.2497,-0.9464,-0.61011,-0.2833,0.0088676,0.26281,0.48144,0.65993,0.77487,0.78944,0.66984,0.40598,0.02803,-0.40176,-0.80338,-1.1146,-1.3274,-1.4675,-1.5753,-1.6721,-1.7468,-1.7643,-1.6956,-1.5413,-1.3375,-1.1377,-0.99153,-0.92073,-0.92414,-0.96998,-1.0086,-0.99442,-0.90806,-0.76327,-0.59473,-0.44268,-0.34277,-0.31911,-0.38047,-0.51828,-0.70899,-0.92199,-1.1276,-1.3088,-1.457,-1.5725,-1.6632
0.3023,0.82238,1.3387,1.8233,1.9398,1.4903,0.64908,-0.047748,-0.18731,0.13707,0.67281,1.2797,1.8622,2.2903,2.414,2.1415,1.5261,0.76522,0.095984,-0.31896,-0.43731,-0.319,-0.081696,0.14648,0.26922,0.23734,0.052841,-0.25423,-0.63259,-1.0128,-1.3099,-1.4458,-1.3983,-1.2004,-0.91248,-0.59269,-0.28512,-0.012104,0.22427,0.43012,0.60043,0.70932,0.71404,0.57599,0.28314,-0.13668,-0.61222,-1.0535,-1.3915,-1.6058,-1.7284,-1.8009,-1.8445,-1.852,-1.7986,-1.6672,-1.4706,-1.2481,-1.0484,-0.91087,-0.86224,-0.89442,-0.97301,-1.0448,-1.0597,-0.99436,-0.86073,-0.69682,-0.54694,-0.449,-0.42853,-0.4951,-0.63972,-0.83623,-1.0497,-1.2477,-1.4131,-1.5381,-1.6281,-1.6961
0.30671,0.80977,1.3172,1.7815,1.8566,1.3427,0.42243,-0.32907,-0.45722,-0.076012,0.52239,1.1765,1.7856,2.2246,2.3475,2.0656,1.432,0.64217,-0.062758,-0.50571,-0.62771,-0.48273,-0.19544,0.094457,0.28351,0.31961,0.20131,-0.046866,-0.38213,-0.74372,-1.0478,-1.2111,-1.1987,-1.037,-0.7845,-0.49901,-0.22628,0.012453,0.21405,0.38929,0.53471,0.62509,0.61222,0.45071,0.12377,-0.34337,-0.87373,-1.3642,-1.73,-1.9406,-2.0259,-2.0332,-1.993,-1.9069,-1.7681,-1.5728,-1.3373,-1.0976,-0.89826,-0.77933,-0.7595,-0.83499,-0.96791,-1.0956,-1.1554,-1.116,-0.99097,-0.82552,-0.67244,-0.57548,-0.56219,-0.64097,-0.79923,-1.0059,-1.2214,-1.4106,-1.5542,-1.6503,-1.7089,-1.7468
0.294,0.78545,1.2919,1.7461,1.7962,1.2464,0.29031,-0.48023,-0.59865,-0.19233,0.42795,1.0943,1.7068,2.1451,2.2685,1.9891,1.3564,0.55773,-0.1718,-0.64705,-0.78888,-0.63666,-0.31479,0.030712,0.28675,0.39689,0.35039,0.17173,-0.10413,-0.42598,-0.71461,-0.89285,-0.91963,-0.80673,-0.60022,-0.35572,-0.11986,0.077893,0.23669,0.36644,0.47292,0.53138,0.49591,0.3154,-0.036154,-0.53281,-1.0978,-1.6177,-1.9926,-2.1913,-2.2418,-2.1939,-2.08,-1.9125,-1.6921,-1.4322,-1.1601,-0.91272,-0.72784,-0.63562,-0.65776,-0.78459,-0.97388,-1.1542,-1.2513,-1.2273,-1.1004,-0.92445,-0.76337,-0.66624,-0.66176,-0.75695,-0.93601,-1.1625,-1.3898,-1.5773,-1.7035,-1.7692,-1.7906,-1.7913
0.2759,0.76136,1.2719,1.7246,1.7655,1.2085,0.25489,-0.50618,-0.61923,-0.21611,0.3942,1.048,1.6497,2.0809,2.2041,1.9341,1.3144,0.52158,-0.21716,-0.71559,-0.88256,-0.74229,-0.41122,-0.035103,0.26791,0.43565,0.45068,0.32921,0.098871,-0.19236,-0.46862,-0.65153,-0.69597,-0.61134,-0.43731,-0.22944,-0.030091,0.13004,0.25195,0.346,0.42007,0.45292,0.3974,0.20105,-0.16357,-0.6721,-1.2441,-1.764,-2.1328,-2.3143,-2.3395,-2.2564,-2.0974,-1.8784,-1.6111,-1.3169,-1.027,-0.77693,-0.60186,-0.53191,-0.58509,-0.75038,-0.98158,-1.1992,-1.3195,-1.3006,-1.1623,-0.97384,-0.80289,-0.7017,-0.70075,-0.80775,-1.0051,-1.2511,-1.4921,-1.6835,-1.7993,-1.8463,-1.8459,-1.8247
0.24528,0.72607,1.2479,1.7041,1.7441,1.2006,0.28453,-0.43615,-0.54676,-0.17571,0.39227,1.006,1.5776,1.9929,2.1171,1.866,1.2753,0.50447,-0.23628,-0.76414,-0.97445,-0.86937,-0.54737,-0.1476,0.2089,0.44977,0.54854,0.50336,0.33227,0.079347,-0.1827,-0.36708,-0.42411,-0.36106,-0.2219,-0.056807,0.089222,0.19349,0.25539,0.29437,0.32057,0.31756,0.23806,0.028521,-0.33794,-0.84008,-1.3985,-1.8998,-2.246,-2.4048,-2.4017,-2.2818,-2.0781,-1.8098,-1.4968,-1.1666,-0.85429,-0.59754,-0.4328,-0.39078,-0.48525,-0.70555,-0.99705,-1.2639,-1.4048,-1.3732,-1.206,-0.98381,-0.79014,-0.68113,-0.68583,-0.80963,-1.0331,-1.3111,-1.5822,-1.7919,-1.9084,-1.9365,-1.9038,-1.8456
0.22077,0.70122,1.2343,1.696,1.7427,1.2241,0.35535,-0.32288,-0.43613,-0.10531,0.41461,0.98714,1.5281,1.9279,2.0548,1.8208,1.2554,0.50703,-0.2291,-0.77751,-1.025,-0.9554,-0.6513,-0.24396,0.14411,0.43294,0.5854,0.59031,0.4605,0.2367,-0.0070003,-0.18486,-0.24773,-0.20109,-0.086687,0.047442,0.15747,0.22199,0.24163,0.23815,0.22534,0.19039,0.090992,-0.12398,-0.48184,-0.96223,-1.4903,-1.9582,-2.2759,-2.413,-2.3941,-2.2585,-2.0337,-1.7412,-1.4005,-1.0487,-0.72668,-0.47321,-0.32253,-0.30109,-0.42669,-0.68123,-1.0047,-1.2929,-1.4365,-1.3887,-1.1924,-0.94477,-0.73305,-0.61383,-0.61625,-0.74699,-0.98763,-1.2911,-1.59,-1.8204,-1.946,-1.9718,-1.9288,-1.8556
0.19074,0.67531,1.2258,1.6969,1.7601,1.2874,0.49688,-0.12267,-0.24864,0.014388,0.45814,0.96858,1.4672,1.8468,1.978,1.7691,1.2395,0.52191,-0.20378,-0.77272,-1.0689,-1.0556,-0.78884,-0.3845,0.033871,0.37517,0.58509,0.64491,0.56211,0.37647,0.16393,0.0025938,-0.062089,-0.03595,0.047073,0.14072,0.20735,0.22375,0.19376,0.13717,0.071524,-0.0087397,-0.13754,-0.35802,-0.69339,-1.1258,-1.5883,-1.9891,-2.2556,-2.3592,-2.3198,-2.1681,-1.928,-1.6165,-1.2649,-0.90675,-0.58215,-0.33084,-0.18969,-0.19126,-0.3442,-0.63419,-0.99328,-1.3023,-1.438,-1.3541,-1.1123,-0.82119,-0.57713,-0.43919,-0.43622,-0.57451,-0.83596,-1.1728,-1.5131,-1.7841,-1.9372,-1.972,-1.9202,-1.8263
0.17022,0.66323,1.2318,1.713,1.7976,1.3798,0.66926,0.10096,-0.053387,0.13287,0.49777,0.94811,1.4109,1.7766,1.9142,1.7291,1.2317,0.54346,-0.16793,-0.74847,-1.0863,-1.1324,-0.91635,-0.53346,-0.10073,0.2785,0.53549,0.64026,0.59683,0.44518,0.25923,0.11482,0.053064,0.067923,0.1273,0.18826,0.21634,0.19011,0.11299,0.0046187,-0.11319,-0.24022,-0.39742,-0.617,-0.91919,-1.2842,-1.6618,-1.9818,-2.1845,-2.2542,-2.197,-2.0319,-1.7787,-1.4618,-1.1051,-0.75009,-0.43705,-0.20406,-0.085353,-0.10807,-0.28558,-0.59376,-0.95713,-1.2501,-1.3504,-1.2227,-0.93787,-0.61417,-0.34485,-0.18633,-0.16829,-0.3015,-0.57338,-0.93896,-1.3227,-1.6387,-1.8352,-1.8979,-1.856,-1.7572
0.16392,0.66562,1.2475,1.7357,1.838,1.4628,0.80644,0.26359,0.078657,0.20386,0.51339,0.92717,1.371,1.7335,1.8789,1.7091,1.2315,0.56249,-0.1374,-0.72151,-1.0834,-1.1702,-0.99579,-0.63772,-0.20566,0.19101,0.47402,0.60492,0.58472,0.45484,0.28719,0.15606,0.099441,0.10988,0.15467,0.19555,0.19831,0.14396,0.035273,-0.10687,-0.26034,-0.41832,-0.59558,-0.8161,-1.0903,-1.4056,-1.7156,-1.9642,-2.1131,-2.1423,-2.0624,-1.8878,-1.6331,-1.3176,-0.97304,-0.63463,-0.34039,-0.12594,-0.023623,-0.060264,-0.2439,-0.54969,-0.89926,-1.1658,-1.231,-1.0678,-0.7555,-0.40944,-0.12246,0.049389,0.076202,-0.053307,-0.32767,-0.70388,-1.1084,-1.4582,-1.6868,-1.7787,-1.7582,-1.6703
0.17186,0.68754,1.2844,1.7802,1.9066,1.5832,0.98682,0.45644,0.21646,0.25995,0.50495,0.88519,1.3193,1.6873,1.8461,1.6938,1.2358,0.58821,-0.093257,-0.6726,-1.0524,-1.1801,-1.0569,-0.73968,-0.32629,0.074145,0.37419,0.52708,0.53195,0.42946,0.28931,0.1776,0.12641,0.12819,0.15464,0.17213,0.1489,0.067697,-0.073165,-0.25334,-0.45122,-0.65192,-0.85648,-1.073,-1.3044,-1.538,-1.7502,-1.91,-1.9894,-1.9775,-1.8695,-1.674,-1.4082,-1.0979,-0.77454,-0.4701,-0.21436,-0.0356,0.038942,-0.012908,-0.19611,-0.48037,-0.78411,-0.9871,-0.99024,-0.78443,-0.44755,-0.091562,0.20492,0.39139,0.43661,0.32357,0.056725,-0.32657,-0.75497,-1.1401,-1.4181,-1.5569,-1.5719,-1.5038
0.20096,0.73198,1.3391,1.838,1.9868,1.7089,1.1528,0.61056,0.29995,0.26271,0.45748,0.82423,1.2684,1.6534,1.8265,1.6863,1.2425,0.61432,-0.043628,-0.60265,-0.97721,-1.1234,-1.0401,-0.76973,-0.39482,-0.015851,0.27985,0.44097,0.46484,0.38817,0.27372,0.17852,0.12715,0.1158,0.12431,0.12423,0.087845,-0.007154,-0.1633,-0.36891,-0.60205,-0.84333,-1.0779,-1.2942,-1.4838,-1.6391,-1.7552,-1.8263,-1.8409,-1.7862,-1.6511,-1.437,-1.1625,-0.85985,-0.56326,-0.30152,-0.094992,0.039336,0.083671,0.022456,-0.14468,-0.38549,-0.62234,-0.74914,-0.68814,-0.44437,-0.096895,0.26164,0.55902,0.74916,0.80261,0.7025,0.451,0.079529,-0.34936,-0.75654,-1.0707,-1.2572,-1.3192,-1.2854
0.23756,0.78019,1.3902,1.8892,2.0519,1.8017,1.2624,0.69624,0.32467,0.22801,0.39469,0.76582,1.2306,1.635,1.8196,1.6856,1.2501,0.63682,0.0017415,-0.5303,-0.88406,-1.028,-0.96555,-0.73223,-0.39629,-0.047278,0.23163,0.39059,0.42379,0.36261,0.26257,0.17385,0.11933,0.098753,0.096542,0.08845,0.047285,-0.05152,-0.21335,-0.4304,-0.68088,-0.9435,-1.1941,-1.4098,-1.5717,-1.6772,-1.7317,-1.7437,-1.7161,-1.6296,-1.474,-1.2492,-0.97432,-0.68132,-0.41068,-0.18442,-0.015738,0.08628,0.11079,0.047386,-0.1004,-0.29897,-0.47544,-0.53856,-0.43072,-0.1676,0.17937,0.5273,0.81568,1.0043,1.0646,0.97755,0.74121,0.38214,-0.042308,-0.45662,-0.79281,-1.0099,-1.1024,-1.0907
0.30525,0.86217,1.4695,1.9636,2.1409,1.9185,1.3847,0.77005,0.30887,0.1345,0.27622,0.6717,1.179,1.6164,1.8186,1.6916,1.2647,0.67347,0.078464,-0.40225,-0.71085,-0.83556,-0.78997,-0.60386,-0.32632,-0.02831,0.2181,0.36562,0.40337,0.3553,0.26408,0.17424,0.11137,0.080003,0.066371,0.051352,0.0059265,-0.090455,-0.25084,-0.46836,-0.7271,-1.0044,-1.2671,-1.4771,-1.607,-1.6506,-1.6356,-1.5902,-1.5188,-1.4125,-1.2466,-1.0162,-0.74375,-0.47098,-0.23119,-0.047341,0.076216,0.14134,0.14688,0.08983,-0.022761,-0.15907,-0.25723,-0.24679,-0.090951,0.18796,0.52526,0.85704,1.1316,1.314,1.3783,1.3056,1.0912,0.75529,0.34662,-0.065167,-0.41847,-0.66741,-0.79611,-0.81298
0.3688,0.93443,1.5348,2.0215,2.2063,1.9979,1.4589,0.79871,0.26537,0.033667,0.16475,0.58953,1.1368,1.6039,1.8207,1.6986,1.2787,0.70658,0.14725,-0.28705,-0.55299,-0.65436,-0.61318,-0.45744,-0.22295,0.032979,0.24951,0.38343,0.42084,0.37869,0.29065,0.19443,0.11797,0.069199,0.042277,0.019938,-0.022155,-0.1076,-0.2509,-0.45312,-0.70396,-0.98032,-1.2455,-1.4532,-1.5665,-1.5839,-1.5357,-1.4564,-1.3614,-1.2376,-1.0662,-0.84347,-0.58933,-0.3384,-0.12784,0.026141,0.12312,0.1696,0.16961,0.12352,0.041383,-0.046877,-0.088952,-0.030429,0.15148,0.43212,0.75775,1.0714,1.3322,1.5094,1.5766,1.5131,1.3124,0.99301,0.60063,0.19555,-0.15767,-0.41733,-0.56521,-0.60238
0.46688,1.041,1.6247,2.0969,2.2869,2.0901,1.5352,0.80807,0.17551,-0.12908,-0.0036965,0.46969,1.0769,1.5866,1.8239,1.7099,1.3005,0.75587,0.24595,-0.1244,-0.3285,-0.38931,-0.34193,-0.21441,-0.031964,0.16833,0.34361,0.45715,0.49318,0.45375,0.36144,0.24417,0.13342,0.047991,-0.0015291,-0.029379,-0.055354,-0.11271,-0.2192,-0.38713,-0.6094,-0.86817,-1.1252,-1.3272,-1.4294,-1.424,-1.3439,-1.2358,-1.1226,-0.999,-0.84566,-0.65213,-0.43284,-0.22182,-0.047353,0.075635,0.15153,0.19137,0.20141,0.18252,0.14298,0.10685,0.11687,0.21513,0.41559,0.69373,1.0017,1.296,1.5405,1.7088,1.7773,1.7258,1.5454,1.2496,0.87769,0.48736,0.13401,-0.13708,-0.30102,-0.35034
0.57486,1.1517,1.7117,2.1639,2.3546,2.1621,1.5869,0.79426,0.067636,-0.30393,-0.17594,0.34947,1.0149,1.5648,1.8203,1.714,1.3157,0.79835,0.33654,0.028036,-0.11502,-0.13084,-0.066998,0.045297,0.18657,0.34023,0.47905,0.57436,0.60375,0.55796,0.44276,0.28721,0.1295,0.0069754,-0.064028,-0.087401,-0.091739,-0.11192,-0.17706,-0.29893,-0.47369,-0.68802,-0.90887,-1.0903,-1.1889,-1.1856,-1.1086,-0.99968,-0.88628,-0.77286,-0.64538,-0.49577,-0.33192,-0.17419,-0.043185,0.055156,0.12673,0.17989,0.21694,0.23567,0.23754,0.24244,0.28595,0.40247,0.6026,0.86593,1.1552,1.4311,1.6642,1.8295,1.9024,1.861,1.6953,1.4178,1.0656,0.69117,0.34758,0.076762,-0.095297,-0.15514
0.65833,1.2332,1.7702,2.2041,2.392,2.2012,1.6108,0.7745,-0.012878,-0.42649,-0.29397,0.26781,0.96983,1.5432,1.8085,1.7059,1.3147,0.81675,0.38953,0.12525,0.02493,0.039393,0.11512,0.22099,0.34142,0.46938,0.58596,0.66788,0.68915,0.6338,0.49901,0.30989,0.11378,-0.042984,-0.13366,-0.15798,-0.14489,-0.1298,-0.15055,-0.21977,-0.34412,-0.51034,-0.69905,-0.86955,-0.97178,-0.98328,-0.91771,-0.81564,-0.71211,-0.61543,-0.51834,-0.41156,-0.29682,-0.18534,-0.088848,-0.0078767,0.06621,0.14028,0.21064,0.26446,0.29908,0.32609,0.37746,0.4889,0.67631,0.92542,1.2021,1.4706,1.7009,1.867,1.9438,1.9094,1.7534,1.4878,1.148,0.78446,0.44831,0.18061,0.0079667,-0.054281
0.76759,1.3329,1.832,2.2378,2.4197,2.2302,1.6254,0.74607,-0.1021,-0.55632,-0.41921,0.17785,0.9143,1.5061,1.7763,1.6726,1.2862,0.80989,0.42446,0.21347,0.16253,0.21025,0.29918,0.39906,0.50282,0.60888,0.70579,0.7736,0.78548,0.71454,0.55095,0.31243,0.053286,-0.16326,-0.28675,-0.30767,-0.2519,-0.17294,-0.1143,-0.10625,-0.156,-0.2624,-0.4074,-0.55517,-0.65991,-0.69034,-0.64991,-0.57282,-0.49461,-0.43301,-0.38704,-0.3484,-0.31124,-0.27243,-0.22571,-0.15974,-0.065234,0.053674,0.17697,0.28068,0.34788,0.38836,0.43548,0.5295,0.69321,0.91971,1.1807,1.4427,1.6743,1.8477,1.935,1.9122,1.7679,1.5138,1.1853,0.83295,0.50389,0.23903,0.065452,0.00059547
0.84508,1.3973,1.863,2.2442,2.4208,2.234,1.6259,0.72827,-0.14642,-0.61996,-0.482,0.12813,0.87746,1.4737,1.7403,1.63,1.2418,0.77582,0.41421,0.2335,0.21011,0.27754,0.37673,0.47743,0.57683,0.67576,0.76631,0.82802,0.83161,0.74473,0.55109,0.26996,-0.038121,-0.29571,-0.43956,-0.45119,-0.35939,-0.22653,-0.10733,-0.038824,-0.03145,-0.087926,-0.19272,-0.31697,-0.42121,-0.46815,-0.45531,-0.40616,-0.35377,-0.32158,-0.31555,-0.33163,-0.35888,-0.37953,-0.37337,-0.31841,-0.20611,-0.050047,0.11726,0.25855,0.35118,0.40049,0.43887,0.51088,0.6482,0.85325,1.1044,1.3655,1.6047,1.7899,1.8892,1.8759,1.7385,1.4901,1.1674,0.82049,0.49735,0.23552,0.060252,-0.011225
0.93857,1.4644,1.8793,2.2249,2.3947,2.2157,1.6148,0.71582,-0.16931,-0.65575,-0.52496,0.084167,0.83186,1.4219,1.6765,1.5502,1.1512,0.6879,0.34199,0.18288,0.1809,0.26704,0.38158,0.49458,0.60088,0.70126,0.79035,0.84601,0.83684,0.72546,0.48732,0.14697,-0.22509,-0.53049,-0.6914,-0.68055,-0.53531,-0.32743,-0.12653,0.026412,0.11067,0.12281,0.066473,-0.034528,-0.13818,-0.20738,-0.22611,-0.21153,-0.19637,-0.2087,-0.26221,-0.35487,-0.46985,-0.5751,-0.62604,-0.58523,-0.44347,-0.23007,0.0002094,0.19243,0.31428,0.36656,0.38467,0.42251,0.52475,0.70511,0.94618,1.2132,1.4682,1.6728,1.7904,1.7909,1.6624,1.4189,1.0994,0.75593,0.43431,0.17239,-0.0064734,-0.087185
1.0174,1.5069,1.8639,2.172,2.3361,2.1723,1.5939,0.71803,-0.15229,-0.64013,-0.52521,0.062444,0.79011,1.3618,1.5958,1.4472,1.0272,0.54913,0.19698,0.038562,0.042108,0.13932,0.27212,0.40854,0.53524,0.64678,0.73413,0.78115,0.75759,0.62243,0.34899,-0.043769,-0.47321,-0.82352,-0.9926,-0.9448,-0.72797,-0.43709,-0.15716,0.063456,0.20746,0.2694,0.25439,0.18108,0.084595,0.0024683,-0.044648,-0.06461,-0.086541,-0.13985,-0.24704,-0.41246,-0.61598,-0.80798,-0.92135,-0.89735,-0.7273,-0.45931,-0.17009,0.070115,0.22143,0.28179,0.28688,0.29606,0.36555,0.52209,0.7549,1.0304,1.3046,1.5315,1.6683,1.6829,1.5635,1.3262,1.0109,0.66814,0.34618,0.07811,-0.11483,-0.21816
1.0652,1.5213,1.8306,2.1092,2.2717,2.1243,1.5721,0.72706,-0.11922,-0.60141,-0.50346,0.057341,0.7606,1.3121,1.5266,1.3574,0.9147,0.41399,0.042681,-0.1288,-0.13061,-0.029411,0.1175,0.27563,0.42414,0.55053,0.64078,0.68293,0.64857,0.49628,0.19806,-0.22848,-0.6936,-1.0674,-1.2304,-1.1446,-0.86884,-0.51805,-0.18749,0.071173,0.24526,0.33234,0.34049,0.28589,0.19802,0.11386,0.053417,0.012883,-0.033353,-0.11651,-0.26144,-0.47585,-0.73912,-0.99263,-1.153,-1.1468,-0.96231,-0.65903,-0.32876,-0.053247,0.12354,0.19646,0.20028,0.19656,0.24768,0.38846,0.61439,0.89354,1.179,1.4211,1.5734,1.6008,1.4898,1.2564,0.94161,0.59801,0.27171,-0.0030147,-0.20636,-0.32669
1.1121,1.516,1.7565,1.9957,2.1597,2.0409,1.5341,0.74117,-0.060656,-0.52964,-0.458,0.058147,0.71989,1.2385,1.425,1.2257,0.7467,0.20458,-0.20801,-0.41417,-0.43751,-0.33981,-0.17743,0.0099737,0.19337,0.34775,0.45429,0.49559,0.44824,0.27288,-0.059085,-0.52163,-1.0175,-1.3953,-1.5241,-1.3709,-1.02,-0.60551,-0.23052,0.058457,0.25219,0.35744,0.38124,0.34015,0.26415,0.18521,0.12278,0.070115,0.0024533,-0.11537,-0.30785,-0.58208,-0.91521,-1.2448,-1.4629,-1.4807,-1.2825,-0.94015,-0.56268,-0.24052,-0.026384,0.073445,0.091658,0.087644,0.12489,0.24545,0.45595,0.73004,1.0227,1.2803,1.4507,1.4943,1.3958,1.1706,0.86035,0.51748,0.18789,-0.097212,-0.3208,-0.47363
1.1392,1.4819,1.6486,1.8498,2.0208,1.9387,1.485,0.75198,0.00034439,-0.45188,-0.40807,0.057466,0.67279,1.1578,1.319,1.0932,0.57853,-0.01225,-0.4817,-0.74245,-0.80676,-0.726,-0.55162,-0.331,-0.1056,0.081309,0.20337,0.24331,0.1833,-0.0089787,-0.3594,-0.83857,-1.3349,-1.6845,-1.7519,-1.5188,-1.099,-0.64208,-0.25237,0.032587,0.21623,0.31054,0.33113,0.29644,0.23331,0.16816,0.11476,0.064523,-0.012379,-0.14505,-0.36432,-0.68177,-1.0743,-1.4647,-1.7413,-1.7922,-1.5949,-1.228,-0.81015,-0.44194,-0.17643,-0.02891,0.024019,0.034249,0.064132,0.1625,0.34697,0.60216,0.8863,1.1458,1.3263,1.385,1.3028,1.0918,0.79165,0.45494,0.12439,-0.17007,-0.41359,-0.59957
1.147,1.4382,1.5466,1.7208,1.9021,1.8522,1.441,0.75321,0.039053,-0.40103,-0.37752,0.050416,0.63223,1.0963,1.2454,1.0068,0.46964,-0.15969,-0.68223,-0.99915,-1.1077,-1.0477,-0.86609,-0.61573,-0.35691,-0.14722,-0.018359,0.019124,-0.045569,-0.24004,-0.591,-1.0666,-1.5454,-1.8552,-1.8611,-1.5689,-1.1089,-0.63692,-0.25305,0.013311,0.17109,0.24197,0.24579,0.2059,0.15058,0.10318,0.069106,0.030588,-0.044204,-0.18844,-0.42757,-0.76885,-1.1871,-1.6093,-1.9119,-1.9801,-1.7867,-1.4103,-0.97215,-0.57106,-0.26837,-0.081068,0.0064531,0.035846,0.062692,0.13855,0.29238,0.51949,0.78716,1.042,1.226,1.2927,1.2211,1.0226,0.7356,0.40767,0.083645,-0.20973,-0.46075,-0.6661
1.1405,1.3577,1.3866,1.528,1.7295,1.7283,1.3748,0.74393,0.074571,-0.35236,-0.3556,0.026677,0.57288,1.0205,1.1673,0.92599,0.3685,-0.31057,-0.91086,-1.3163,-1.4978,-1.4741,-1.2882,-1.0048,-0.71168,-0.48127,-0.3496,-0.31268,-0.3711,-0.55204,-0.88426,-1.335,-1.7717,-2.0084,-1.9202,-1.5474,-1.0445,-0.57206,-0.21619,0.0035808,0.10605,0.12389,0.086493,0.026977,-0.02241,-0.045187,-0.048872,-0.064208,-0.12871,-0.27408,-0.5198,-0.869,-1.2963,-1.7297,-2.052,-2.1467,-1.9747,-1.6014,-1.1424,-0.70213,-0.34445,-0.10002,0.033436,0.085661,0.10526,0.14506,0.24502,0.41715,0.64041,0.86964,1.049,1.129,1.0821,0.91248,0.65212,0.3487,0.037788,-0.25367,-0.51413,-0.7408
1.1238,1.2828,1.2513,1.3716,1.595,1.6336,1.3227,0.72964,0.086755,-0.33454,-0.35717,-0.0028994,0.52651,0.97373,1.1306,0.89851,0.33612,-0.37313,-1.0291,-1.5023,-1.7438,-1.7563,-1.5787,-1.2865,-0.98181,-0.74564,-0.61149,-0.56985,-0.61471,-0.77517,-1.082,-1.4996,-1.8892,-2.0571,-1.8959,-1.4661,-0.94128,-0.47897,-0.15704,0.013545,0.063439,0.027829,-0.050065,-0.13086,-0.18241,-0.1905,-0.17388,-0.17014,-0.2209,-0.35699,-0.59507,-0.93549,-1.3514,-1.7717,-2.0892,-2.19,-2.0313,-1.6679,-1.2066,-0.74903,-0.36075,-0.081493,0.080412,0.14371,0.14994,0.1531,0.20212,0.32188,0.50455,0.70963,0.88035,0.96457,0.93292,0.78746,0.55672,0.27847,-0.0088938,-0.28381,-0.53751,-0.7691
1.0874,1.1668,1.0565,1.1552,1.4159,1.512,1.2539,0.7021,0.084142,-0.33791,-0.38387,-0.055751,0.46666,0.93115,1.1178,0.91387,0.36125,-0.3719,-1.0887,-1.6446,-1.967,-2.0391,-1.8936,-1.6168,-1.3194,-1.091,-0.9588,-0.9073,-0.92563,-1.0463,-1.3025,-1.6562,-1.9581,-2.0248,-1.7739,-1.2958,-0.76499,-0.32741,-0.051011,0.061582,0.042005,-0.064821,-0.21016,-0.34137,-0.41393,-0.4161,-0.3755,-0.3448,-0.37266,-0.49,-0.70714,-1.0154,-1.3839,-1.7535,-2.0265,-2.1123,-1.9726,-1.6431,-1.2058,-0.74813,-0.34221,-0.034582,0.15121,0.21937,0.20175,0.15031,0.12242,0.15735,0.26474,0.41918,0.57158,0.66854,0.6725,0.57431,0.3923,0.16246,-0.090171,-0.34218,-0.58324,-0.81081
1.0361,1.0364,0.85299,0.93917,1.2455,1.4014,1.1898,0.66712,0.060778,-0.36916,-0.43416,-0.11547,0.41988,0.91904,1.1524,0.99397,0.46772,-0.27086,-1.0285,-1.6523,-2.0506,-2.1892,-2.0951,-1.8587,-1.5965,-1.3959,-1.277,-1.2138,-1.1953,-1.2609,-1.4531,-1.7311,-1.9428,-1.9143,-1.59,-1.0776,-0.54926,-0.13849,0.09551,0.15504,0.072685,-0.10334,-0.31882,-0.51035,-0.62235,-0.64163,-0.60057,-0.55805,-0.56684,-0.65234,-0.82091,-1.063,-1.3528,-1.6382,-1.8521,-1.9182,-1.7972,-1.5075,-1.1106,-0.68159,-0.2873,0.017583,0.20113,0.25719,0.20739,0.097673,-0.013321,-0.070402,-0.046136,0.050183,0.17705,0.28092,0.31955,0.27613,0.15881,-0.012161,-0.21011,-0.4196,-0.63136,-0.84042
0.98913,0.9332,0.70027,0.78357,1.1295,1.3297,1.1472,0.63818,0.032265,-0.40641,-0.4802,-0.15773,0.39844,0.93275,1.2083,1.0904,0.5923,-0.13908,-0.91327,-1.5729,-2.0179,-2.2061,-2.1607,-1.9701,-1.7509,-1.583,-1.4793,-1.4064,-1.3559,-1.3742,-1.5128,-1.7314,-1.8817,-1.7948,-1.4296,-0.89742,-0.37056,0.023102,0.22973,0.25389,0.13237,-0.089706,-0.35322,-0.59092,-0.74398,-0.79001,-0.76301,-0.72323,-0.7207,-0.78361,-0.91216,-1.0936,-1.3054,-1.5146,-1.6651,-1.705,-1.5998,-1.3531,-1.0053,-0.616,-0.25024,0.037175,0.20777,0.24755,0.17083,0.018134,-0.15328,-0.28141,-0.32687,-0.28284,-0.17836,-0.064216,0.010217,0.016129,-0.049241,-0.16841,-0.32534,-0.50137,-0.68485,-0.86882
0.91755,0.79283,0.5048,0.59434,0.99733,1.2537,1.1025,0.60093,-0.014478,-0.46784,-0.54441,-0.203,0.39359,0.98258,1.3186,1.2565,0.80031,0.088587,-0.69065,-1.3764,-1.8633,-2.1069,-2.1301,-2.0162,-1.871,-1.7586,-1.677,-1.59,-1.4954,-1.4514,-1.518,-1.6608,-1.7359,-1.5905,-1.1918,-0.65351,-0.1367,0.23751,0.42066,0.41754,0.26183,-0.0020195,-0.31967,-0.62232,-0.84227,-0.94957,-0.96526,-0.94329,-0.93321,-0.95507,-1.0131,-1.1006,-1.2065,-1.3123,-1.3917,-1.4054,-1.3219,-1.1327,-0.85747,-0.53882,-0.22897,0.01852,0.16064,0.17421,0.062435,-0.1436,-0.38844,-0.6079,-0.74251,-0.76435,-0.68863,-0.56414,-0.44717,-0.37736,-0.369,-0.41705,-0.50911,-0.62975,-0.76686,-0.9097
0.83742,0.65441,0.32765,0.43584,0.89726,1.2034,1.0744,0.5688,-0.066142,-0.53582,-0.60825,-0.23518,0.41233,1.0596,1.4546,1.4454,1.0311,0.34626,-0.42263,-1.1123,-1.6163,-1.8948,-1.9769,-1.9421,-1.8784,-1.8273,-1.7695,-1.6667,-1.5267,-1.4272,-1.4344,-1.5189,-1.5418,-1.3611,-0.94921,-0.41672,0.08641,0.44527,0.61354,0.59509,0.42124,0.13383,-0.21745,-0.56877,-0.85399,-1.0337,-1.1149,-1.1349,-1.1296,-1.1193,-1.1072,-1.0965,-1.0949,-1.108,-1.1261,-1.1245,-1.0703,-0.94256,-0.7449,-0.50488,-0.26399,-0.070485,0.033397,0.019907,-0.11672,-0.35614,-0.65336,-0.94028,-1.1498,-1.2352,-1.1927,-1.0623,-0.9053,-0.77439,-0.69734,-0.67972,-0.70985,-0.77694,-0.86742,-0.96648
0.77264,0.55508,0.21282,0.34227,0.84538,1.1822,1.0627,0.54806,-0.10562,-0.58762,-0.6526,-0.25056,0.43864,1.1292,1.5643,1.5906,1.2061,0.54337,-0.21089,-0.89181,-1.3943,-1.6856,-1.8011,-1.8181,-1.8086,-1.7976,-1.7547,-1.6395,-1.4716,-1.3413,-1.3198,-1.3772,-1.3785,-1.1859,-0.77587,-0.25225,0.23901,0.5882,0.74739,0.72189,0.54296,0.24881,-0.11454,-0.49122,-0.8201,-1.0545,-1.1894,-1.2469,-1.2516,-1.2216,-1.163,-1.0885,-1.0194,-0.97671,-0.96116,-0.95569,-0.92798,-0.84994,-0.71314,-0.53395,-0.34503,-0.18897,-0.10822,-0.13472,-0.281,-0.53427,-0.85321,-1.1746,-1.4227,-1.5385,-1.509,-1.3737,-1.1991,-1.0427,-0.935,-0.87944,-0.87525,-0.9062,-0.95822,-1.0159
0.68159,0.43281,0.090298,0.25437,0.80598,1.1741,1.0593,0.52522,-0.15643,-0.65536,-0.70641,-0.26063,0.48399,1.2278,1.7093,1.7753,1.4247,0.79059,0.06097,-0.59855,-1.0862,-1.3788,-1.5209,-1.5869,-1.6305,-1.6551,-1.6192,-1.4872,-1.2975,-1.1461,-1.1083,-1.1513,-1.1443,-0.95763,-0.5679,-0.068227,0.40318,0.73962,0.89465,0.87067,0.6955,0.40226,0.029058,-0.37444,-0.74876,-1.0466,-1.246,-1.352,-1.3777,-1.3287,-1.2202,-1.0792,-0.94432,-0.84982,-0.81239,-0.81623,-0.82685,-0.80989,-0.74784,-0.64506,-0.52232,-0.41388,-0.35771,-0.38867,-0.52792,-0.77246,-1.089,-1.4149,-1.6743,-1.8056,-1.7919,-1.6684,-1.4968,-1.3322,-1.205,-1.1248,-1.0826,-1.0726,-1.0829,-1.0977
0.61075,0.35082,0.022835,0.21699,0.79842,1.1816,1.0632,0.51205,-0.19225,-0.70278,-0.74173,-0.26193,0.52174,1.2998,1.8095,1.8994,1.5693,0.95457,0.24529,-0.39277,-0.86158,-1.1453,-1.2945,-1.382,-1.4495,-1.4874,-1.4464,-1.3017,-1.101,-0.94613,-0.90943,-0.95745,-0.96242,-0.79775,-0.4351,0.038411,0.49158,0.81813,0.97105,0.94976,0.779,0.49014,0.11773,-0.2922,-0.6856,-1.0155,-1.2563,-1.4013,-1.4465,-1.397,-1.2656,-1.0889,-0.91823,-0.80179,-0.756,-0.77288,-0.81741,-0.84916,-0.84107,-0.78923,-0.7064,-0.62211,-0.57375,-0.59777,-0.71873,-0.93835,-1.2281,-1.5299,-1.7689,-1.886,-1.8691,-1.7574,-1.6109,-1.4752,-1.3689,-1.2913,-1.2422,-1.2114,-1.1913,-1.1708
0.51465,0.25708,-0.032499,0.20561,0.8143,1.2063,1.0762,0.49754,-0.23645,-0.76158,-0.78234,-0.25855,0.57244,1.3877,1.9247,2.0372,1.7273,1.1333,0.44935,-0.15687,-0.59271,-0.85324,-0.99556,-1.0886,-1.1646,-1.2025,-1.1501,-0.99117,-0.78353,-0.635,-0.61462,-0.68841,-0.7302,-0.61183,-0.29718,0.13649,0.56206,0.87442,1.0202,0.99831,0.83219,0.5515,0.18909,-0.21706,-0.62139,-0.97873,-1.2597,-1.4426,-1.5124,-1.4641,-1.3166,-1.1181,-0.93065,-0.80433,-0.76898,-0.81175,-0.89695,-0.98261,-1.0366,-1.0435,-1.0055,-0.94163,-0.88467,-0.87522,-0.94663,-1.1081,-1.3336,-1.5712,-1.7538,-1.8363,-1.8191,-1.7418,-1.652,-1.5776,-1.5219,-1.4782,-1.4342,-1.3913,-1.3477,-1.2966
0.41848,0.18267,-0.049057,0.23253,0.85583,1.2437,1.0953,0.48829,-0.274,-0.80917,-0.80974,-0.24511,0.62369,1.4647,2.0169,2.139,1.8385,1.2584,0.59641,0.021182,-0.37827,-0.60475,-0.72207,-0.79837,-0.86173,-0.88391,-0.81485,-0.64386,-0.43916,-0.30814,-0.31735,-0.43043,-0.52247,-0.46269,-0.20648,0.1788,0.57257,0.86666,1.0086,0.98956,0.82923,0.55427,0.19519,-0.20876,-0.612,-0.97455,-1.2659,-1.466,-1.5556,-1.5248,-1.3888,-1.1929,-1.0025,-0.87986,-0.85327,-0.92101,-1.0493,-1.1899,-1.2987,-1.3482,-1.3322,-1.2653,-1.1821,-1.1262,-1.1336,-1.2172,-1.36,-1.5115,-1.62,-1.6571,-1.6364,-1.6011,-1.5888,-1.6066,-1.6341,-1.6449,-1.6277,-1.5849,-1.525,-1.4503
0.34691,0.13941,-0.03881,0.27465,0.90009,1.2774,1.1126,0.48474,-0.29511,-0.83385,-0.81722,-0.22662,0.66317,1.5148,2.0698,2.1907,1.8897,1.3138,0.66423,0.11045,-0.2612,-0.45804,-0.54839,-0.60242,-0.64612,-0.64843,-0.56306,-0.38502,-0.18809,-0.075531,-0.10929,-0.25445,-0.38413,-0.36975,-0.16001,0.18519,0.54988,0.82736,0.96015,0.93827,0.77844,0.50786,0.15666,-0.23718,-0.63103,-0.98871,-1.2833,-1.4926,-1.5946,-1.575,-1.448,-1.2618,-1.083,-0.97182,-0.96143,-1.0488,-1.2013,-1.3707,-1.5091,-1.5812,-1.5719,-1.491,-1.3742,-1.271,-1.223,-1.2458,-1.3214,-1.4115,-1.4721,-1.4866,-1.4748,-1.4775,-1.5241,-1.6106,-1.7037,-1.7649,-1.7748,-1.7379,-1.6681,-1.5765
0.25394,0.096503,-0.00035232,0.35299,0.9706,1.3265,1.1373,0.48639,-0.30974,-0.84461,-0.80498,-0.18732,0.71854,1.5717,2.1187,2.2279,1.9166,1.337,0.69545,0.16476,-0.17076,-0.32573,-0.3749,-0.39098,-0.39667,-0.36417,-0.25323,-0.068771,0.11778,0.20631,0.13937,-0.046654,-0.22948,-0.27568,-0.12706,0.16779,0.49448,0.74617,0.8601,0.82627,0.66311,0.39742,0.060393,-0.31521,-0.69172,-1.0363,-1.3246,-1.5346,-1.6459,-1.6439,-1.5404,-1.3785,-1.2214,-1.1278,-1.1345,-1.2413,-1.4172,-1.6126,-1.7741,-1.8578,-1.8417,-1.7331,-1.5685,-1.4012,-1.2785,-1.2217,-1.2204,-1.242,-1.2553,-1.2532,-1.2615,-1.3204,-1.4507,-1.6321,-1.8112,-1.9349,-1.9777,-1.9492,-1.8743,-1.7724
0.18641,0.074218,0.042071,0.42138,1.0274,1.3634,1.1577,0.49415,-0.30578,-0.83191,-0.77478,-0.14388,0.76386,1.6089,2.1413,2.2334,1.9066,1.3162,0.67276,0.1522,-0.16077,-0.28426,-0.29723,-0.2753,-0.24394,-0.1814,-0.052624,0.13392,0.3119,0.38329,0.29538,0.084452,-0.13064,-0.21663,-0.11068,0.14279,0.43685,0.66471,0.76639,0.72788,0.56458,0.30187,-0.030737,-0.39797,-0.76137,-1.0898,-1.3635,-1.5671,-1.6822,-1.6963,-1.6158,-1.4779,-1.34,-1.2605,-1.2736,-1.3846,-1.5668,-1.7714,-1.9402,-2.0218,-1.989,-1.8489,-1.6447,-1.435,-1.2678,-1.1639,-1.1159,-1.101,-1.0964,-1.1015,-1.141,-1.2474,-1.4335,-1.6732,-1.9069,-2.0708,-2.1382,-2.1161,-2.033,-1.9163
0.10012,0.054608,0.10737,0.51639,1.1022,1.4101,1.1865,0.51495,-0.2784,-0.78392,-0.70313,-0.062907,0.83514,1.6572,2.1589,2.2171,1.8574,1.2401,0.58103,0.061721,-0.2305,-0.31457,-0.2731,-0.18829,-0.096639,0.012598,0.16459,0.35179,0.51226,0.56208,0.45292,0.22139,-0.017606,-0.13877,-0.081376,0.11794,0.3622,0.55269,0.63275,0.58635,0.4249,0.16864,-0.15522,-0.50963,-0.85539,-1.1634,-1.4175,-1.609,-1.727,-1.7564,-1.7044,-1.6015,-1.496,-1.4348,-1.457,-1.5663,-1.7395,-1.9309,-2.0836,-2.1453,-2.0833,-1.9089,-1.6652,-1.4105,-1.1944,-1.0423,-0.95477,-0.9151,-0.91005,-0.94175,-1.0318,-1.206,-1.4676,-1.7784,-2.0671,-2.2683,-2.3462,-2.3201,-2.2285,-2.105
0.018944,0.041352,0.17452,0.6072,1.1695,1.4516,1.216,0.54872,-0.22514,-0.69944,-0.59475,0.0464,0.92247,1.7075,2.1651,2.1761,1.769,1.1094,0.41934,-0.113,-0.39447,-0.44218,-0.34362,-0.18926,-0.029164,0.1337,0.31355,0.5032,0.65153,0.68717,0.56998,0.33385,0.086152,-0.058138,-0.040472,0.10864,0.30259,0.45257,0.50366,0.44408,0.2846,0.044403,-0.25422,-0.58364,-0.91013,-1.2045,-1.4508,-1.6387,-1.7584,-1.8061,-1.7853,-1.7182,-1.642,-1.5984,-1.6152,-1.7053,-1.853,-2.0176,-2.1425,-2.1742,-2.0798,-1.8702,-1.5933,-1.3099,-1.0684,-0.89383,-0.78894,-0.74854,-0.76394,-0.83847,-0.98725,-1.2256,-1.5476,-1.9098,-2.2371,-2.4552,-2.54,-2.5061,-2.3964,-2.2521
-0.037616,0.032486,0.21987,0.66698,1.2123,1.4777,1.2393,0.58208,-0.16933,-0.61601,-0.4928,0.14532,0.99809,1.7477,2.1638,2.1304,1.6787,0.97796,0.25494,-0.29626,-0.5765,-0.60028,-0.45803,-0.24889,-0.033421,0.17351,0.37942,0.57588,0.7224,0.75494,0.63857,0.407,0.15862,0.0028303,-0.0048818,0.10857,0.26581,0.38476,0.41789,0.3536,0.2012,-0.023742,-0.30459,-0.61779,-0.93117,-1.218,-1.4592,-1.6439,-1.7663,-1.8236,-1.8235,-1.7859,-1.7386,-1.7102,-1.7257,-1.7943,-1.9066,-2.0319,-2.1221,-2.1242,-2.0116,-1.7919,-1.5074,-1.215,-0.96278,-0.77943,-0.67357,-0.64097,-0.67807,-0.78707,-0.97887,-1.2624,-1.6241,-2.0131,-2.3504,-2.5694,-2.6409,-2.5928,-2.474,-2.3267
-0.10726,0.018427,0.26833,0.73022,1.2557,1.5053,1.2701,0.63539,-0.078058,-0.48308,-0.33543,0.29404,1.109,1.8034,2.1546,2.0512,1.53,0.76433,-0.013281,-0.59995,-0.88702,-0.88383,-0.68389,-0.39754,-0.10326,0.16758,0.41244,0.62424,0.77318,0.80962,0.70383,0.48903,0.25152,0.089816,0.051621,0.11914,0.22616,0.30435,0.31468,0.24718,0.10994,-0.091203,-0.34478,-0.6319,-0.92761,-1.2015,-1.4347,-1.6181,-1.7467,-1.8229,-1.8558,-1.8581,-1.8452,-1.835,-1.8422,-1.8795,-1.9457,-2.0191,-2.059,-2.0226,-1.8813,-1.6457,-1.3584,-1.0718,-0.8275,-0.65017,-0.55099,-0.532,-0.59464,-0.74315,-0.98305,-1.312,-1.705,-2.1056,-2.4375,-2.6409,-2.6972,-2.6382,-2.512,-2.3595
-0.16922,-0.0019232,0.29681,0.76973,1.281,1.5221,1.298,0.69469,0.024952,-0.33451,-0.16301,0.45381,1.2256,1.8578,2.1366,1.9554,1.3561,0.5179,-0.3207,-0.94946,-1.2503,-1.2268,-0.9751,-0.61558,-0.24224,0.096494,0.38531,0.62089,0.78256,0.83384,0.75278,0.5646,0.3459,0.17839,0.10794,0.12448,0.17905,0.21806,0.20785,0.1422,0.024891,-0.14027,-0.35303,-0.60687,-0.88138,-1.1507,-1.3886,-1.5786,-1.7163,-1.8086,-1.867,-1.9037,-1.9261,-1.9377,-1.9416,-1.9464,-1.957,-1.9666,-1.9517,-1.8788,-1.7266,-1.4995,-1.2287,-0.95747,-0.72503,-0.55796,-0.47056,-0.46658,-0.55006,-0.72275,-0.98463,-1.3266,-1.7187,-2.1046,-2.4145,-2.5936,-2.6406,-2.5804,-2.4556,-2.3037
-0.2099,-0.023027,0.30225,0.78071,1.2864,1.5263,1.3154,0.7389,0.1054,-0.21959,-0.030079,0.57641,1.3136,1.8971,2.1184,1.8761,1.2161,0.32203,-0.56229,-1.2213,-1.5337,-1.5009,-1.2185,-0.81307,-0.38636,0.0021894,0.32935,0.59243,0.77442,0.84499,0.78634,0.61844,0.40999,0.23309,0.13557,0.11238,0.12996,0.14262,0.12345,0.063953,-0.035051,-0.17427,-0.35907,-0.5883,-0.84674,-1.1083,-1.3444,-1.5356,-1.6784,-1.7817,-1.8613,-1.9277,-1.9795,-2.0073,-2.0073,-1.9856,-1.9557,-1.9224,-1.8724,-1.78,-1.6233,-1.4031,-1.1471,-0.89534,-0.68273,-0.53129,-0.45258,-0.45438,-0.5394,-0.71164,-0.97139,-1.3062,-1.6809,-2.0371,-2.3125,-2.4728,-2.508,-2.4521,-2.3443,-2.2139
-0.25488,-0.059443,0.28475,0.77031,1.2738,1.5198,1.3309,0.79461,0.2111,-0.065263,0.14673,0.73803,1.429,1.9462,2.0896,1.7657,1.0259,0.061656,-0.87479,-1.5644,-1.8885,-1.8517,-1.5481,-1.102,-0.61875,-0.16761,0.22079,0.5335,0.75568,0.8596,0.82719,0.67883,0.47256,0.27889,0.14429,0.07612,0.049859,0.030241,-0.0023044,-0.055138,-0.129,-0.23369,-0.38156,-0.57846,-0.81352,-1.0606,-1.2894,-1.4797,-1.6278,-1.7476,-1.8547,-1.9558,-2.0408,-2.0898,-2.0841,-2.0303,-1.9505,-1.8637,-1.7712,-1.6571,-1.5045,-1.3096,-1.0889,-0.87111,-0.68441,-0.5499,-0.48042,-0.48302,-0.56298,-0.72062,-0.95027,-1.2363,-1.5486,-1.8435,-2.0751,-2.2105,-2.2557,-2.2245,-2.1423,-2.032
-0.28041,-0.092893,0.25379,0.74339,1.2506,1.5056,1.3371,0.83177,0.28805,0.048023,0.27648,0.85637,1.5132,1.9816,2.0681,1.6844,0.88837,-0.12011,-1.0821,-1.7799,-2.1058,-2.0731,-1.7716,-1.3141,-0.80272,-0.31074,0.12376,0.4777,0.73377,0.8654,0.85285,0.71583,0.50733,0.29736,0.13328,0.03176,-0.026346,-0.067712,-0.11089,-0.15972,-0.21689,-0.29742,-0.41877,-0.59196,-0.80859,-1.0422,-1.2629,-1.4499,-1.6007,-1.7281,-1.8486,-1.9685,-2.0745,-2.1374,-2.1332,-2.0628,-1.9517,-1.8299,-1.7109,-1.587,-1.4428,-1.2704,-1.079,-0.89091,-0.73003,-0.61337,-0.55102,-0.54888,-0.60987,-0.73615,-0.92523,-1.1637,-1.4229,-1.6636,-1.8503,-1.9679,-2.0116,-2.0001,-1.9512,-1.8764
-0.30144,-0.14298,0.19141,0.68474,1.2032,1.4766,1.3389,0.8766,0.38715,0.19442,0.44223,1.0054,1.6169,2.0238,2.0392,1.5813,0.72001,-0.32956,-1.2993,-1.9808,-2.2934,-2.2694,-1.9919,-1.5488,-1.027,-0.49745,-0.012382,0.39522,0.69718,0.866,0.88153,0.75622,0.54219,0.30466,0.098209,-0.052601,-0.15193,-0.21776,-0.26649,-0.30579,-0.34604,-0.40398,-0.50116,-0.64865,-0.83956,-1.0505,-1.2545,-1.4327,-1.5823,-1.7157,-1.8488,-1.9869,-2.1126,-2.1897,-2.1852,-2.0962,-1.9544,-1.7999,-1.6564,-1.5247,-1.3942,-1.2555,-1.1103,-0.96961,-0.84692,-0.75358,-0.69743,-0.68349,-0.71659,-0.79641,-0.91737,-1.0685,-1.2338,-1.3935,-1.5282,-1.6228,-1.6785,-1.6962,-1.6819,-1.6414
-0.30531,-0.19512,0.11085,0.60528,1.1409,1.4407,1.337,0.92057,0.48346,0.33608,0.59892,1.1418,1.711,2.0621,2.0158,1.4965,0.5869,-0.48046,-1.4282,-2.0648,-2.3449,-2.3273,-2.0927,-1.701,-1.2039,-0.65926,-0.13221,0.32733,0.67608,0.87729,0.91021,0.78482,0.5533,0.28392,0.03926,-0.14966,-0.27689,-0.35952,-0.41219,-0.44949,-0.48407,-0.53346,-0.61791,-0.74748,-0.91503,-1.1027,-1.2853,-1.4484,-1.5911,-1.7233,-1.8583,-1.9988,-2.128,-2.2117,-2.2105,-2.1184,-1.9635,-1.7894,-1.6286,-1.4929,-1.3778,-1.2743,-1.1784,-1.0916,-1.0166,-0.95496,-0.90896,-0.88016,-0.87278,-0.89093,-0.935,-0.9999,-1.0766,-1.1558,-1.2309,-1.2982,-1.3541,-1.3969,-1.4228,-1.4263
-0.29494,-0.23113,0.043377,0.53662,1.0897,1.4128,1.337,0.95438,0.55499,0.43741,0.70885,1.2358,1.775,2.0904,2.0068,1.4531,0.52186,-0.54338,-1.4606,-2.0515,-2.2997,-2.2868,-2.0923,-1.7538,-1.2905,-0.7463,-0.19144,0.30337,0.68118,0.897,0.92948,0.79401,0.54497,0.25584,-0.0092356,-0.2141,-0.35342,-0.44423,-0.50471,-0.54949,-0.58856,-0.63973,-0.71919,-0.83724,-0.98978,-1.1597,-1.3267,-1.4776,-1.6129,-1.7357,-1.8612,-1.9942,-2.1208,-2.2033,-2.2107,-2.1255,-1.9703,-1.7887,-1.6191,-1.4825,-1.3786,-1.3029,-1.2471,-1.2034,-1.1653,-1.1285,-1.0902,-1.0539,-1.0234,-1.0012,-0.98742,-0.98236,-0.98795,-1.007,-1.0407,-1.0859,-1.1406,-1.1967,-1.2457,-1.278
-0.2621,-0.26915,-0.047603,0.44027,1.0206,1.3798,1.342,1.003,0.65022,0.56569,0.84188,1.3477,1.8506,2.1276,2.0099,1.4312,0.49192,-0.55274,-1.4189,-1.9487,-2.1598,-2.1559,-2.0122,-1.7403,-1.3221,-0.78577,-0.20748,0.31773,0.71559,0.93508,0.95409,0.79638,0.52385,0.21439,-0.066759,-0.2822,-0.42901,-0.52496,-0.59337,-0.64827,-0.69977,-0.75945,-0.83953,-0.94804,-1.0838,-1.2331,-1.3847,-1.5271,-1.6518,-1.7671,-1.8765,-1.9856,-2.0877,-2.1614,-2.1692,-2.0964,-1.9558,-1.7827,-1.6148,-1.4784,-1.3889,-1.3457,-1.3408,-1.359,-1.3807,-1.3872,-1.368,-1.3211,-1.2525,-1.1716,-1.0861,-1.0021,-0.92723,-0.8726,-0.8493,-0.8614,-0.90673,-0.97406,-1.0484,-1.114
-0.2227,-0.2865,-0.11022,0.37033,0.97221,1.3605,1.3525,1.0448,0.72205,0.65659,0.93238,1.4215,1.9012,2.1574,2.026,1.4443,0.51415,-0.50598,-1.3347,-1.8289,-2.0231,-2.0272,-1.9111,-1.6703,-1.275,-0.74571,-0.16608,0.36458,0.76296,0.97463,0.97867,0.7989,0.50572,0.18002,-0.10705,-0.32129,-0.46143,-0.55196,-0.61959,-0.67985,-0.74172,-0.81042,-0.89703,-1.0076,-1.138,-1.2818,-1.4253,-1.5585,-1.6774,-1.7783,-1.8679,-1.9539,-2.0358,-2.0956,-2.1103,-2.0568,-1.9362,-1.7741,-1.6081,-1.4743,-1.3918,-1.3709,-1.4049,-1.4713,-1.5391,-1.5795,-1.5748,-1.5253,-1.439,-1.3255,-1.193,-1.0514,-0.91679,-0.80918,-0.74555,-0.73303,-0.76769,-0.83751,-0.9258,-1.015
-0.15059,-0.28805,-0.17699,0.28921,0.91884,1.3464,1.3766,1.107,0.81675,0.76887,1.0387,1.504,1.9579,2.1975,2.0627,1.4937,0.59324,-0.38509,-1.1717,-1.638,-1.8254,-1.84,-1.7424,-1.5173,-1.1343,-0.61084,-0.035881,0.48606,0.86891,1.0533,1.0207,0.80041,0.46978,0.12384,-0.16071,-0.35231,-0.46256,-0.53266,-0.59301,-0.66134,-0.73496,-0.81709,-0.90918,-1.0168,-1.1418,-1.2789,-1.4205,-1.5567,-1.6772,-1.7733,-1.8464,-1.9043,-1.9541,-1.9929,-2.0034,-1.9636,-1.8654,-1.7237,-1.5717,-1.4468,-1.3834,-1.3963,-1.4797,-1.6069,-1.7365,-1.8262,-1.8474,-1.7965,-1.682,-1.5212,-1.3313,-1.1291,-0.93444,-0.77124,-0.66118,-0.61633,-0.63472,-0.70193,-0.79944,-0.90839
-0.05747,-0.25973,-0.21424,0.23197,0.88436,1.3474,1.4117,1.1722,0.90613,0.86658,1.1236,1.5652,1.9997,2.2344,2.1136,1.5756,0.72014,-0.21128,-0.96779,-1.4289,-1.6254,-1.6476,-1.5493,-1.3187,-0.92869,-0.40334,0.1658,0.66854,1.0169,1.1524,1.062,0.78893,0.42335,0.069094,-0.19924,-0.35827,-0.43513,-0.47716,-0.52182,-0.57968,-0.64817,-0.72275,-0.80757,-0.90889,-1.0311,-1.1732,-1.3312,-1.4919,-1.6336,-1.7407,-1.8048,-1.8358,-1.8514,-1.862,-1.8608,-1.8301,-1.7542,-1.6362,-1.5022,-1.3934,-1.3491,-1.3947,-1.5287,-1.7186,-1.9089,-2.0424,-2.0841,-2.0274,-1.8907,-1.696,-1.4619,-1.2073,-0.95834,-0.74712,-0.60099,-0.52991,-0.53611,-0.60352,-0.71108,-0.83747
0.023958,-0.21745,-0.21656,0.21104,0.87359,1.358,1.4436,1.2206,0.96589,0.92633,1.1701,1.594,2.0189,2.2578,2.1574,1.6544,0.8408,-0.056173,-0.80023,-1.2713,-1.4841,-1.5118,-1.4028,-1.1535,-0.74593,-0.21505,0.34682,0.82815,1.1416,1.2332,1.0939,0.77797,0.38428,0.023936,-0.22999,-0.35985,-0.4044,-0.4172,-0.43917,-0.47766,-0.52915,-0.58631,-0.65741,-0.75234,-0.87452,-1.0292,-1.2069,-1.3913,-1.5605,-1.6847,-1.7539,-1.7766,-1.7738,-1.7612,-1.7458,-1.7122,-1.6432,-1.5371,-1.4173,-1.3275,-1.3049,-1.38,-1.5513,-1.7836,-2.0156,-2.1808,-2.2353,-2.1728,-2.0127,-1.7855,-1.5191,-1.2376,-0.9673,-0.73731,-0.57319,-0.4921,-0.48541,-0.54256,-0.64624,-0.77867
0.14404,-0.13364,-0.18204,0.21675,0.88155,1.3858,1.4904,1.2805,1.03,0.98146,1.2029,1.6049,2.0226,2.2768,2.2158,1.7719,1.0225,0.17094,-0.56632,-1.0646,-1.311,-1.3498,-1.2181,-0.92581,-0.48175,0.058917,0.60032,1.0422,1.3046,1.338,1.1393,0.76698,0.33312,-0.04283,-0.28104,-0.37205,-0.36431,-0.32625,-0.30158,-0.30289,-0.31903,-0.34745,-0.39094,-0.46352,-0.58084,-0.74487,-0.95218,-1.1839,-1.405,-1.5806,-1.6845,-1.715,-1.6927,-1.6483,-1.5933,-1.5288,-1.4478,-1.351,-1.2573,-1.2,-1.2217,-1.3458,-1.5706,-1.8576,-2.1368,-2.3315,-2.3916,-2.312,-2.1218,-1.8584,-1.5535,-1.2358,-0.93744,-0.69153,-0.52205,-0.43462,-0.42914,-0.48765,-0.59111,-0.7225
0.27186,-0.022916,-0.10715,0.2591,0.91443,1.4258,1.5398,1.331,1.0714,1.0012,1.1964,1.5789,1.9961,2.2762,2.267,1.8922,1.212,0.40615,-0.32766,-0.86076,-1.1506,-1.2069,-1.0525,-0.71138,-0.227,0.32351,0.84187,1.2423,1.4541,1.4317,1.1761,0.74929,0.27566,-0.11531,-0.33803,-0.39209,-0.33661,-0.24713,-0.17107,-0.11842,-0.083646,-0.061399,-0.065048,-0.11458,-0.22445,-0.40607,-0.65162,-0.9374,-1.2244,-1.4613,-1.6081,-1.6541,-1.6197,-1.5377,-1.4415,-1.3416,-1.2378,-1.135,-1.0553,-1.0355,-1.1047,-1.2876,-1.5745,-1.918,-2.2406,-2.4587,-2.5181,-2.4116,-2.177,-1.865,-1.5216,-1.1829,-0.87901,-0.63482,-0.46717,-0.38392,-0.3738,-0.426,-0.52524,-0.65636
0.36887,0.072317,-0.028944,0.31131,0.95167,1.4606,1.5742,1.3586,1.0818,0.98855,1.1615,1.5319,1.9545,2.2607,2.2957,1.9766,1.3501,0.57806,-0.15379,-0.7127,-1.0357,-1.1087,-0.94327,-0.57203,-0.06201,0.49517,1.0014,1.3753,1.5524,1.4911,1.1928,0.72767,0.22462,-0.17622,-0.38865,-0.41467,-0.32345,-0.19553,-0.07928,0.015138,0.092297,0.15133,0.17584,0.14439,0.039604,-0.14688,-0.41076,-0.73167,-1.0673,-1.361,-1.5581,-1.6315,-1.5929,-1.4821,-1.3383,-1.1913,-1.057,-0.94912,-0.8875,-0.89988,-1.0133,-1.2409,-1.5706,-1.9538,-2.3084,-2.5435,-2.598,-2.4694,-2.2022,-1.8563,-1.4839,-1.1256,-0.81392,-0.57305,-0.41555,-0.33874,-0.33595,-0.3904,-0.48451,-0.60319
0.49423,0.20648,0.094847,0.40083,1.0126,1.5076,1.6112,1.3753,1.0643,0.93128,1.072,1.4301,1.8676,2.2165,2.3173,2.0755,1.5193,0.79018,0.061571,-0.52858,-0.89358,-0.99066,-0.81857,-0.42132,0.11198,0.67416,1.1673,1.512,1.6486,1.5413,1.1952,0.68772,0.1564,-0.25444,-0.45777,-0.45671,-0.32581,-0.14968,0.020338,0.17012,0.30164,0.40702,0.46811,0.46056,0.36468,0.17208,-0.11505,-0.47728,-0.87209,-1.2354,-1.4979,-1.6123,-1.5759,-1.427,-1.2229,-1.0108,-0.82606,-0.69578,-0.64506,-0.6965,-0.86938,-1.167,-1.5655,-2.0071,-2.4043,-2.6613,-2.7128,-2.5544,-2.2378,-1.8376,-1.4229,-1.044,-0.73213,-0.50201,-0.35598,-0.28888,-0.28561,-0.33203,-0.41385,-0.51771
0.5815,0.30638,0.19432,0.47545,1.0616,1.5404,1.6301,1.3719,1.0279,0.85867,0.97347,1.3246,1.777,2.1627,2.3168,2.134,1.6293,0.93103,0.20553,-0.40598,-0.80133,-0.91783,-0.74534,-0.33647,0.20615,0.76764,1.2506,1.5776,1.6911,1.5577,1.1848,0.65366,0.10555,-0.31293,-0.51246,-0.49798,-0.34385,-0.13704,0.070141,0.25948,0.42809,0.56498,0.64903,0.65584,0.56686,0.37136,0.071051,-0.31601,-0.74915,-1.1581,-1.4638,-1.6053,-1.5694,-1.3919,-1.1426,-0.88448,-0.66555,-0.52012,-0.47509,-0.55384,-0.76506,-1.1085,-1.5554,-2.0425,-2.4743,-2.7483,-2.7981,-2.6202,-2.2762,-1.8477,-1.4077,-1.0097,-0.6876,-0.45657,-0.31565,-0.25103,-0.24904,-0.29176,-0.36301,-0.44903
0.68445,0.42965,0.32334,0.57514,1.123,1.5756,1.6403,1.3464,0.94988,0.7249,0.80178,1.1454,1.6229,2.0624,2.2905,2.1873,1.7509,1.0934,0.37238,-0.26649,-0.70337,-0.85193,-0.68821,-0.27391,0.27544,0.8344,1.3047,1.6143,1.7096,1.5531,1.1573,0.60322,0.033479,-0.39753,-0.5949,-0.56416,-0.38315,-0.14214,0.1035,0.33416,0.54197,0.71231,0.8206,0.8427,0.76155,0.56855,0.26187,-0.14528,-0.61314,-1.073,-1.4336,-1.6139,-1.5812,-1.3713,-1.0609,-0.73767,-0.47075,-0.30569,-0.27031,-0.37932,-0.64087,-1.0411,-1.5435,-2.0802,-2.554,-2.8585,-2.9182,-2.7322,-2.3604,-1.8955,-1.4234,-1.0054,-0.67455,-0.44038,-0.29578,-0.22539,-0.21129,-0.2369,-0.28772,-0.35
0.76825,0.53197,0.43519,0.66325,1.1726,1.5946,1.6312,1.2958,0.8414,0.55431,0.58954,0.92709,1.4345,1.9329,2.2376,2.2147,1.8442,1.2251,0.50836,-0.15813,-0.64186,-0.83517,-0.69556,-0.28198,0.27706,0.84357,1.3119,1.6117,1.691,1.5162,1.1021,0.53215,-0.050177,-0.488,-0.68534,-0.64403,-0.44292,-0.17441,0.10304,0.36456,0.59868,0.78773,0.90805,0.93786,0.86351,0.67452,0.36879,-0.043812,-0.52945,-1.0157,-1.4079,-1.6124,-1.5828,-1.3464,-0.99569,-0.63082,-0.33144,-0.14927,-0.11482,-0.24588,-0.53853,-0.97874,-1.5241,-2.1001,-2.6044,-2.93,-3.0098,-2.8324,-2.4627,-1.9933,-1.5104,-1.077,-0.72881,-0.47664,-0.31336,-0.22491,-0.18896,-0.19095,-0.21693,-0.2532
0.81624,0.58996,0.50095,0.71432,1.1973,1.5961,1.6108,1.2444,0.74441,0.40886,0.41137,0.74513,1.2766,1.821,2.1829,2.2179,1.8939,1.301,0.58637,-0.10158,-0.62345,-0.85785,-0.74623,-0.33732,0.23266,0.81405,1.2913,1.5899,1.6586,1.4708,1.0439,0.46431,-0.12024,-0.55853,-0.75679,-0.71397,-0.50428,-0.21826,0.079951,0.35914,0.60477,0.79739,0.91869,0.95128,0.88104,0.70008,0.40125,-0.0085376,-0.4947,-0.99039,-1.3972,-1.6144,-1.5855,-1.3382,-0.96139,-0.56934,-0.25208,-0.065537,-0.038695,-0.18179,-0.49438,-0.95062,-1.5036,-2.0805,-2.5882,-2.9303,-3.0322,-2.8933,-2.5556,-2.1015,-1.6177,-1.1724,-0.80671,-0.53496,-0.35193,-0.24027,-0.1864,-0.17178,-0.18058,-0.19676
0.85894,0.63698,0.55728,0.75645,1.2097,1.5801,1.568,1.1632,0.60529,0.20482,0.16367,0.49191,1.056,1.6596,2.0935,2.199,1.9322,1.372,0.65869,-0.058828,-0.63414,-0.9298,-0.86313,-0.46592,0.1209,0.72914,1.2288,1.5356,1.5998,1.4004,0.95908,0.36763,-0.22554,-0.67013,-0.87181,-0.82671,-0.60526,-0.29746,0.023178,0.3208,0.57203,0.76423,0.87906,0.90451,0.83489,0.66062,0.37501,-0.018402,-0.49092,-0.97706,-1.3799,-1.5977,-1.5708,-1.3178,-0.93531,-0.53518,-0.20959,-0.0174,0.010079,-0.13857,-0.45347,-0.91018,-1.4579,-2.0223,-2.5157,-2.8558,-2.9959,-2.9096,-2.6359,-2.2397,-1.792,-1.354,-0.9695,-0.66185,-0.43646,-0.28886,-0.19925,-0.15412,-0.13766,-0.13308
0.87777,0.64625,0.57244,0.765,1.1972,1.5457,1.5126,1.0775,0.47091,0.011398,-0.073995,0.2456,0.83726,1.4919,1.9889,2.1577,1.9428,1.4128,0.70094,-0.046599,-0.67962,-1.0437,-1.0265,-0.64148,-0.032538,0.60823,1.1346,1.4561,1.5258,1.3226,0.87319,0.2708,-0.34042,-0.80295,-1.0136,-0.96015,-0.71351,-0.37713,-0.031318,0.2749,0.51961,0.68976,0.77916,0.78712,0.71348,0.55093,0.28854,-0.077469,-0.52339,-0.98719,-1.3748,-1.5836,-1.5524,-1.3034,-0.92389,-0.53081,-0.21577,-0.034736,-0.014596,-0.16167,-0.464,-0.88772,-1.3811,-1.8808,-2.324,-2.658,-2.8361,-2.85,-2.6915,-2.3862,-1.9851,-1.5512,-1.1417,-0.79589,-0.53057,-0.34275,-0.22522,-0.15995,-0.12871,-0.11198
0.87738,0.62884,0.55562,0.74853,1.1723,1.5114,1.4685,1.0185,0.38524,-0.11216,-0.23066,0.077818,0.68205,1.3673,1.9057,2.1164,1.9362,1.4266,0.71561,-0.054887,-0.73415,-1.1547,-1.1772,-0.7961,-0.16293,0.5083,1.0564,1.3892,1.4631,1.2587,0.80722,0.19831,-0.42455,-0.90136,-1.1179,-1.0569,-0.7892,-0.4299,-0.068425,0.23798,0.46998,0.61665,0.68316,0.67603,0.59674,0.44134,0.19257,-0.15496,-0.57674,-1.0153,-1.3788,-1.5735,-1.5434,-1.3044,-0.9424,-0.56341,-0.25737,-0.080977,-0.060695,-0.19845,-0.47763,-0.86486,-1.3095,-1.7546,-2.1497,-2.4595,-2.6673,-2.7356,-2.6573,-2.4349,-2.0949,-1.6871,-1.2714,-0.89946,-0.6019,-0.38998,-0.25073,-0.17131,-0.13264,-0.11279
0.86082,0.57483,0.49751,0.69822,1.1236,1.4609,1.4159,0.96069,0.30775,-0.22924,-0.3923,-0.11028,0.49686,1.2108,1.7938,2.0518,1.91,1.423,0.71305,-0.084355,-0.82088,-1.3152,-1.3919,-1.0116,-0.34008,0.37819,0.95805,1.3057,1.3794,1.1718,0.71568,0.10087,-0.52539,-1.0057,-1.2221,-1.1502,-0.86303,-0.47979,-0.10661,0.19811,0.40897,0.52608,0.55667,0.51612,0.41929,0.26028,0.0268,-0.29087,-0.67857,-1.0781,-1.4076,-1.5796,-1.5436,-1.3169,-0.97895,-0.63003,-0.35197,-0.19417,-0.1763,-0.29631,-0.52979,-0.83872,-1.1807,-1.5213,-1.8417,-2.1316,-2.3669,-2.5308,-2.5709,-2.451,-2.1738,-1.7877,-1.3666,-0.97741,-0.661,-0.43018,-0.28165,-0.19816,-0.15995,-0.14491
0.8395,0.51453,0.43013,0.64295,1.0803,1.4258,1.3891,0.94092,0.286,-0.27074,-0.4679,-0.21563,0.3814,1.1058,1.7118,1.9966,1.8772,1.4037,0.69555,-0.11505,-0.88332,-1.4233,-1.5376,-1.1618,-0.46643,0.28383,0.88827,1.2484,1.3246,1.1169,0.65998,0.046177,-0.5774,-1.054,-1.266,-1.1831,-0.88154,-0.48396,-0.10619,0.19008,0.37979,0.46609,0.46394,0.39698,0.28393,0.12309,-0.10118,-0.40306,-0.76991,-1.1474,-1.4571,-1.6153,-1.5757,-1.3591,-1.0399,-0.71026,-0.44663,-0.2947,-0.27129,-0.36836,-0.5606,-0.81171,-1.0846,-1.3556,-1.6184,-1.875,-2.1217,-2.3171,-2.4142,-2.3626,-2.1437,-1.7922,-1.3824,-0.99164,-0.67122,-0.44226,-0.2967,-0.22055,-0.19279,-0.18909
0.80514,0.41569,0.31642,0.55397,1.0231,1.3931,1.3811,0.95621,0.31342,-0.25895,-0.50172,-0.30141,0.26377,0.98321,1.6026,1.9092,1.8123,1.357,0.65935,-0.1534,-0.94302,-1.5239,-1.6792,-1.3182,-0.60495,0.1737,0.80236,1.1766,1.262,1.0626,0.61771,0.020659,-0.58833,-1.055,-1.2571,-1.1626,-0.84429,-0.43798,-0.062144,0.21246,0.367,0.40831,0.36504,0.26794,0.13384,-0.036653,-0.26726,-0.56981,-0.92374,-1.2808,-1.5596,-1.6904,-1.6425,-1.4385,-1.1445,-0.84276,-0.59998,-0.45585,-0.42152,-0.48519,-0.61515,-0.77632,-0.94466,-1.1174,-1.3082,-1.5293,-1.7696,-2.0001,-2.1523,-2.1583,-1.9863,-1.6683,-1.2842,-0.91759,-0.62225,-0.4178,-0.29856,-0.24724,-0.24281,-0.26209
0.77149,0.30877,0.1896,0.46227,0.9787,1.3882,1.4125,1.024,0.40486,-0.17417,-0.46074,-0.32396,0.18784,0.87762,1.4882,1.8021,1.7232,1.2927,0.6209,-0.17233,-0.95811,-1.5566,-1.7414,-1.4003,-0.68445,0.10408,0.73943,1.1166,1.2093,1.0246,0.60638,0.045692,-0.5261,-0.96043,-1.1406,-1.0389,-0.72667,-0.33741,0.014141,0.25995,0.3816,0.39019,0.31262,0.1812,0.019416,-0.17474,-0.41646,-0.71829,-1.068,-1.4101,-1.6778,-1.8052,-1.762,-1.5697,-1.2941,-1.0067,-0.76915,-0.61821,-0.56315,-0.58686,-0.65912,-0.74535,-0.82792,-0.91591,-1.035,-1.2049,-1.4203,-1.6407,-1.8014,-1.8314,-1.6943,-1.4173,-1.0779,-0.75907,-0.5137,-0.35701,-0.28371,-0.27423,-0.3052,-0.35168
0.75223,0.23319,0.098091,0.40279,0.96256,1.4083,1.4646,1.1075,0.50989,-0.070214,-0.38821,-0.30326,0.15509,0.8051,1.3954,1.7066,1.6403,1.2338,0.59226,-0.17173,-0.9382,-1.5346,-1.732,-1.4027,-0.69336,0.090072,0.71685,1.0857,1.176,1.0017,0.61035,0.089442,-0.43548,-0.82841,-0.98673,-0.88549,-0.59366,-0.23258,0.087883,0.30512,0.40201,0.38926,0.29419,0.14873,-0.026801,-0.23415,-0.49111,-0.80918,-1.1684,-1.5174,-1.784,-1.9065,-1.8624,-1.6787,-1.4121,-1.1328,-0.89792,-0.74091,-0.66842,-0.66173,-0.69031,-0.723,-0.749,-0.78404,-0.85761,-0.99026,-1.1752,-1.3732,-1.5188,-1.5439,-1.4171,-1.1683,-0.87203,-0.60409,-0.40962,-0.29986,-0.26624,-0.28734,-0.34145,-0.40697
0.74163,0.15264,-0.0005578,0.3511,0.97495,1.4712,1.5711,1.2546,0.68683,0.10769,-0.24951,-0.23783,0.13468,0.71247,1.2589,1.5582,1.5091,1.1423,0.55492,-0.1513,-0.86934,-1.4392,-1.637,-1.3243,-0.63878,0.11979,0.72003,1.0656,1.1431,0.98068,0.63065,0.17668,-0.27054,-0.5994,-0.72916,-0.6389,-0.3886,-0.08066,0.18621,0.35884,0.42389,0.39453,0.29513,0.14801,-0.035564,-0.26306,-0.54879,-0.89342,-1.2716,-1.6278,-1.8945,-2.0191,-1.9849,-1.8154,-1.5651,-1.2976,-1.065,-0.89765,-0.80122,-0.75906,-0.73832,-0.71149,-0.67344,-0.64601,-0.66205,-0.74189,-0.87778,-1.0295,-1.1378,-1.1459,-1.031,-0.82214,-0.58478,-0.38405,-0.25764,-0.21192,-0.23327,-0.30109,-0.39247,-0.48487
0.74933,0.11757,-0.045061,0.34359,1.0139,1.5464,1.6757,1.3857,0.83749,0.26069,-0.12317,-0.16892,0.13132,0.64301,1.1454,1.4298,1.3938,1.0624,0.52478,-0.1257,-0.79085,-1.3218,-1.5069,-1.2099,-0.55524,0.17034,0.74069,1.0614,1.1267,0.97231,0.65655,0.25773,-0.12965,-0.41349,-0.52603,-0.45179,-0.2401,0.019935,0.243,0.38328,0.43084,0.39785,0.30298,0.16083,-0.023124,-0.25793,-0.55413,-0.90932,-1.2976,-1.6606,-1.9378,-2.0784,-2.063,-1.911,-1.6744,-1.4108,-1.1741,-0.99774,-0.888,-0.82524,-0.77929,-0.7207,-0.64515,-0.5774,-0.5535,-0.59534,-0.69305,-0.81073,-0.88973,-0.87934,-0.76479,-0.57872,-0.38248,-0.23245,-0.15767,-0.15774,-0.21828,-0.31444,-0.42338,-0.5252
0.78415,0.11719,-0.049077,0.38636,1.1106,1.6823,1.8422,1.5797,1.0526,0.47963,0.062843,-0.060115,0.13548,0.54586,0.97733,1.2353,1.2181,0.94107,0.48065,-0.081788,-0.66048,-1.1227,-1.2777,-1,-0.39596,0.27207,0.78973,1.0681,1.1103,0.96103,0.68624,0.35736,0.045046,-0.18431,-0.27998,-0.23475,-0.081253,0.10929,0.2753,0.37803,0.41058,0.38211,0.3034,0.1813,0.012447,-0.21554,-0.51421,-0.87976,-1.2781,-1.655,-1.9425,-2.093,-2.0956,-1.9732,-1.7655,-1.5277,-1.3061,-1.1313,-1.0105,-0.92834,-0.8533,-0.75934,-0.64519,-0.53711,-0.47061,-0.4665,-0.51794,-0.58772,-0.62682,-0.59523,-0.48534,-0.3291,-0.18031,-0.085326,-0.064369,-0.11325,-0.21046,-0.33175,-0.45606,-0.56575
0.84841,0.17788,0.022381,0.49703,1.2583,1.8547,2.032,1.7848,1.273,0.7024,0.25559,0.057808,0.14403,0.44122,0.79047,1.0173,1.0225,0.80897,0.43607,-0.029928,-0.51528,-0.90206,-1.0206,-0.75883,-0.20701,0.39815,0.85599,1.085,1.0932,0.93766,0.68981,0.41816,0.17331,-0.0032282,-0.087758,-0.071783,0.01751,0.13506,0.23723,0.30135,0.32702,0.31818,0.27813,0.19755,0.058882,-0.15232,-0.44355,-0.80147,-1.1923,-1.5605,-1.8528,-2.028,-2.0694,-1.9884,-1.8235,-1.6194,-1.4209,-1.2578,-1.1379,-1.0472,-0.95579,-0.84044,-0.70014,-0.56135,-0.46091,-0.42144,-0.43687,-0.47314,-0.48536,-0.43934,-0.33204,-0.19476,-0.075672,-0.014497,-0.026883,-0.10387,-0.22234,-0.35834,-0.48852,-0.59382
0.91372,0.26378,0.12777,0.62442,1.4007,2.0035,2.1847,1.9425,1.4369,0.86613,0.39913,0.14981,0.15495,0.36332,0.64553,0.84719,0.87102,0.70931,0.40523,0.011831,-0.40533,-0.73694,-0.82774,-0.57663,-0.062753,0.49495,0.90702,1.0964,1.0764,0.91062,0.67935,0.44344,0.24134,0.092894,0.009713,-0.0045559,0.032561,0.094679,0.15178,0.19523,0.22517,0.24359,0.24037,0.19514,0.086125,-0.10314,-0.37691,-0.72118,-1.0999,-1.464,-1.7589,-1.9457,-2.0104,-1.9651,-1.8383,-1.6699,-1.5001,-1.357,-1.2478,-1.157,-1.0587,-0.9302,-0.77368,-0.61835,-0.50172,-0.44569,-0.44534,-0.46484,-0.46273,-0.40809,-0.30026,-0.17111,-0.067039,-0.023638,-0.051016,-0.13757,-0.25765,-0.38517,-0.50025,-0.58917
1.0197,0.42623,0.33044,0.84745,1.6255,2.2223,2.397,2.1524,1.6481,1.074,0.58476,0.27636,0.18244,0.27395,0.46161,0.62594,0.67385,0.57933,0.36295,0.061569,-0.26941,-0.53139,-0.58606,-0.34457,0.12186,0.61887,0.97408,1.1131,1.0539,0.86915,0.64743,0.44632,0.28421,0.15765,0.066781,0.0076024,-0.021681,-0.031623,-0.025491,-0.0017489,0.044555,0.10587,0.15783,0.16706,0.10417,-0.048345,-0.29021,-0.60574,-0.9624,-1.3106,-1.6024,-1.8024,-1.8986,-1.9008,-1.8346,-1.7308,-1.6164,-1.51,-1.4171,-1.3281,-1.2184,-1.074,-0.90199,-0.73385,-0.60795,-0.54577,-0.53802,-0.55276,-0.54483,-0.48374,-0.37126,-0.2412,-0.13928,-0.098298,-0.12551,-0.20508,-0.31187,-0.42152,-0.51384,-0.57496
1.1389,0.63022,0.58805,1.1164,1.8798,2.456,2.6136,2.3592,1.8485,1.2685,0.76211,0.40945,0.23514,0.22265,0.3176,0.43872,0.5029,0.46647,0.32715,0.10795,-0.14321,-0.33849,-0.35879,-0.12957,0.28811,0.72618,1.0303,1.1266,1.0322,0.82467,0.59732,0.41402,0.27863,0.16987,0.068234,-0.033116,-0.13077,-0.21441,-0.26216,-0.25433,-0.1833,-0.066487,0.053651,0.12706,0.11594,0.0031533,-0.20742,-0.49476,-0.8253,-1.1564,-1.4458,-1.6622,-1.7926,-1.8432,-1.8354,-1.7908,-1.7296,-1.6635,-1.5922,-1.5042,-1.3841,-1.2246,-1.0412,-0.86968,-0.7475,-0.69281,-0.69332,-0.71264,-0.70456,-0.6389,-0.52006,-0.38481,-0.2791,-0.23229,-0.24662,-0.30331,-0.37996,-0.45084,-0.49981,-0.5182
1.2303,0.79924,0.8042,1.3369,2.0812,2.6346,2.7752,2.509,1.991,1.405,0.88958,0.51507,0.29708,0.22108,0.25369,0.33835,0.40426,0.40028,0.30981,0.14541,-0.050976,-0.19976,-0.19641,0.022112,0.40278,0.79729,1.0628,1.1306,1.0146,0.79328,0.56321,0.38776,0.2668,0.16648,0.055407,-0.077337,-0.22681,-0.36535,-0.45455,-0.45592,-0.36083,-0.19883,-0.028271,0.090557,0.11588,0.032748,-0.15281,-0.41982,-0.73401,-1.0561,-1.3437,-1.5658,-1.7118,-1.7923,-1.8242,-1.8257,-1.8067,-1.7696,-1.7101,-1.6183,-1.4851,-1.3128,-1.1238,-0.95582,-0.84395,-0.80203,-0.81394,-0.84176,-0.83791,-0.77307,-0.65236,-0.51203,-0.39671,-0.33483,-0.32888,-0.36159,-0.40702,-0.44649,-0.46519,-0.45409
1.3454,1.0299,1.1047,1.6401,2.3528,2.8701,2.9835,2.6988,2.1686,1.5743,1.051,0.66219,0.41088,0.27679,0.24176,0.27532,0.32864,0.35001,0.31031,0.20944,0.078126,-0.017958,0.0079092,0.20862,0.54222,0.88331,1.104,1.1415,1.008,0.77918,0.55257,0.38447,0.27147,0.16972,0.041464,-0.13092,-0.34015,-0.54476,-0.68316,-0.69553,-0.56934,-0.34978,-0.11527,0.058852,0.1256,0.07138,-0.092403,-0.33919,-0.63526,-0.93945,-1.2161,-1.439,-1.6003,-1.7095,-1.7865,-1.841,-1.8708,-1.8652,-1.8133,-1.709,-1.554,-1.3637,-1.1678,-1.005,-0.90712,-0.88373,-0.91362,-0.95374,-0.95574,-0.89087,-0.76779,-0.62588,-0.50884,-0.44017,-0.41659,-0.41848,-0.42346,-0.41259,-0.37593,-0.30943
1.4209,1.1966,1.3269,1.8644,2.5514,3.0399,3.1309,2.8313,2.2909,1.6899,1.1637,0.77283,0.51399,0.35922,0.29068,0.28879,0.32354,0.3505,0.3363,0.27331,0.18341,0.12006,0.15652,0.34037,0.6402,0.94617,1.1431,1.1679,1.0325,0.80796,0.5865,0.42191,0.3051,0.19384,0.050801,-0.1468,-0.3896,-0.63399,-0.80081,-0.81987,-0.67464,-0.41988,-0.14732,0.058676,0.14708,0.10759,-0.046575,-0.28565,-0.57132,-0.86542,-1.1314,-1.3461,-1.5063,-1.6256,-1.723,-1.8041,-1.8589,-1.869,-1.8182,-1.7022,-1.5275,-1.3212,-1.1206,-0.9652,-0.88141,-0.87149,-0.90978,-0.9535,-0.95604,-0.89307,-0.77485,-0.63872,-0.52493,-0.45412,-0.42143,-0.4046,-0.38344,-0.34282,-0.27385,-0.17207
1.4993,1.3981,1.6028,2.1462,2.7993,3.2496,3.3101,2.99,2.4341,1.8236,1.297,0.91384,0.66482,0.51045,0.42041,0.38277,0.38658,0.40418,0.40548,0.37743,0.33146,0.30545,0.35503,0.51938,0.77779,1.0426,1.2148,1.2354,1.1109,0.90301,0.69269,0.52919,0.40313,0.27829,0.11735,-0.10265,-0.37549,-0.65566,-0.8503,-0.87687,-0.71456,-0.42861,-0.12646,0.098537,0.19795,0.16014,0.0080129,-0.22409,-0.49792,-0.7707,-1.0094,-1.1963,-1.3356,-1.4481,-1.5531,-1.6534,-1.7299,-1.7545,-1.7055,-1.577,-1.3881,-1.1691,-0.96138,-0.80457,-0.72317,-0.71593,-0.75389,-0.79218,-0.78918,-0.72728,-0.62296,-0.51347,-0.43088,-0.38369,-0.35749,-0.33223,-0.28398,-0.20311,-0.086772,0.066268
1.5451,1.5642,1.844,2.3966,3.0192,3.4323,3.4628,3.1203,2.5476,1.9268,1.4025,1.038,0.81678,0.68566,0.59599,0.53546,0.50652,0.50183,0.50196,0.49343,0.48006,0.4862,0.55072,0.7033,0.92844,1.1605,1.3171,1.3468,1.2473,1.0668,0.87237,0.7057,0.56838,0.42777,0.25096,0.014697,-0.27502,-0.56768,-0.77294,-0.80254,-0.63746,-0.34719,-0.041272,0.18493,0.27821,0.23522,0.077695,-0.15404,-0.41346,-0.6594,-0.85984,-1.0048,-1.108,-1.1948,-1.2894,-1.3905,-1.4731,-1.5021,-1.4511,-1.3192,-1.1199,-0.89582,-0.6911,-0.54086,-0.46087,-0.44359,-0.46318,-0.47861,-0.46071,-0.40225,-0.32069,-0.246,-0.20105,-0.18767,-0.18724,-0.16972,-0.12001,-0.02606,0.11728,0.31342
1.5544,1.6607,1.9968,2.5591,3.1622,3.5484,3.5556,3.1947,2.6081,1.9798,1.4597,1.1149,0.92323,0.81792,0.73688,0.66426,0.61021,0.58409,0.57819,0.57983,0.5866,0.61366,0.68941,0.83673,1.0434,1.2584,1.4133,1.4592,1.3887,1.2357,1.0527,0.87881,0.72188,0.56134,0.37043,0.12866,-0.15993,-0.4462,-0.64604,-0.67287,-0.51203,-0.22928,0.06422,0.27502,0.35454,0.29823,0.13418,-0.094779,-0.34057,-0.56069,-0.72802,-0.83661,-0.90393,-0.96293,-1.035,-1.1211,-1.1988,-1.2327,-1.1925,-1.0668,-0.87861,-0.66127,-0.45783,-0.30396,-0.216,-0.18614,-0.1872,-0.18435,-0.15231,-0.090435,-0.022353,0.020787,0.02272,-0.0060818,-0.0354,-0.038373,0.012511,0.12134,0.28578,0.50569
1.5313,1.7483,2.1585,2.7384,3.3199,3.672,3.6474,3.2595,2.652,2.0125,1.4998,1.1849,1.0374,0.97058,0.90489,0.8169,0.7303,0.6767,0.66341,0.67846,0.7102,0.76131,0.84958,0.99257,1.186,1.3917,1.5542,1.6289,1.6032,1.4914,1.3256,1.1389,0.94411,0.7443,0.52691,0.28165,0.010766,-0.24959,-0.42543,-0.44828,-0.30036,-0.04463,0.2227,0.41147,0.47115,0.39734,0.21898,-0.012903,-0.24253,-0.42425,-0.53311,-0.57589,-0.58451,-0.59719,-0.64154,-0.71764,-0.79593,-0.83496,-0.80317,-0.69428,-0.52226,-0.32431,-0.13806,0.0082711,0.10324,0.15431,0.18284,0.21653,0.26687,0.32719,0.37432,0.38275,0.3422,0.26745,0.19286,0.15873,0.18521,0.28232,0.45231,0.69796
1.4671,1.7885,2.2713,2.873,3.4378,3.7576,3.6995,3.2817,2.6492,1.9956,1.4876,1.2018,1.0983,1.0685,1.0179,0.91536,0.80064,0.72674,0.7114,0.7399,0.79192,0.86063,0.95798,1.102,1.2962,1.5086,1.688,1.7952,1.8115,1.7384,1.5926,1.3933,1.1646,0.9212,0.67068,0.41065,0.1498,-0.082456,-0.22755,-0.23465,-0.095151,0.13684,0.37492,0.53835,0.57771,0.49115,0.3084,0.083212,-0.12294,-0.26574,-0.32685,-0.3196,-0.28017,-0.25206,-0.2619,-0.31157,-0.37803,-0.424,-0.41507,-0.33426,-0.19542,-0.024419,0.14309,0.27867,0.37195,0.43277,0.48523,0.54474,0.61802,0.68884,0.72666,0.70433,0.6168,0.48893,0.36589,0.2929,0.29479,0.38324,0.55804,0.81961
1.3939,1.7889,2.3251,2.9454,3.5002,3.7962,3.7118,3.269,2.6152,1.9476,1.44,1.1727,1.0994,1.0957,1.0545,0.94358,0.81285,0.72847,0.71365,0.75029,0.81199,0.88824,0.99067,1.1389,1.3403,1.5653,1.7658,1.9022,1.9524,1.9076,1.7731,1.5618,1.3045,1.0263,0.74868,0.47528,0.21811,0.0032043,-0.12425,-0.1196,0.017849,0.24397,0.47037,0.61859,0.64723,0.54829,0.36126,0.14368,-0.046373,-0.15782,-0.18129,-0.13704,-0.066181,-0.010586,-0.0024531,-0.040632,-0.1012,-0.1481,-0.14967,-0.089744,0.023004,0.16365,0.30343,0.42045,0.50782,0.57495,0.64122,0.72087,0.80944,0.88503,0.91566,0.87596,0.76379,0.60686,0.4531,0.35024,0.33085,0.40364,0.56889,0.82809
1.2674,1.7548,2.3612,3.0078,3.5506,3.8145,3.6926,3.2128,2.5258,1.8343,1.3227,1.076,1.0384,1.0675,1.0395,0.91979,0.77188,0.67669,0.66089,0.70224,0.77009,0.85193,0.95981,1.1182,1.334,1.582,1.8197,2.0017,2.0991,2.0921,1.9658,1.7368,1.4383,1.1148,0.79629,0.5055,0.25161,0.055324,-0.054577,-0.045126,0.089618,0.30594,0.53053,0.68332,0.71265,0.61788,0.43133,0.217,0.045741,-0.041748,-0.03118,0.051489,0.15945,0.24424,0.28067,0.26073,0.20506,0.14957,0.1292,0.15992,0.24031,0.34669,0.4493,0.52968,0.5897,0.64781,0.72444,0.82663,0.94157,1.0354,1.0684,1.0131,0.86961,0.6711,0.47282,0.33069,0.27711,0.3279,0.48313,0.7418
1.1564,1.7087,2.3655,3.0318,3.566,3.8049,3.6517,3.1403,2.4249,1.7124,1.195,0.96209,0.94994,1.0026,0.984,0.85988,0.70025,0.59592,0.57715,0.61951,0.68991,0.77497,0.88672,1.052,1.2775,1.5423,1.8058,2.0226,2.1574,2.1816,2.0701,1.8353,1.5134,1.1552,0.80063,0.4822,0.21735,0.024261,-0.071263,-0.049117,0.093308,0.3115,0.53631,0.69156,0.7257,0.63714,0.46058,0.26002,0.1036,0.035086,0.060733,0.15365,0.27024,0.36738,0.41532,0.41138,0.3713,0.32304,0.29494,0.30769,0.35438,0.42011,0.48473,0.53621,0.57851,0.62952,0.71033,0.82522,0.95274,1.0551,1.0902,1.0294,0.87284,0.65426,0.43052,0.25846,0.18196,0.21203,0.3489,0.59202
0.99758,1.6296,2.3487,3.0388,3.5603,3.7625,3.5634,3.0049,2.2466,1.5036,0.97897,0.76655,0.79019,0.87372,0.86767,0.73944,0.56595,0.44851,0.42374,0.46645,0.53855,0.62312,0.73315,0.89642,1.1278,1.4107,1.7049,1.9695,2.1622,2.2356,2.159,1.9276,1.5825,1.179,0.77651,0.41132,0.11572,-0.090605,-0.18379,-0.14662,0.012938,0.25559,0.50039,0.67037,0.72137,0.64338,0.47958,0.29367,0.14779,0.091437,0.12742,0.22984,0.35612,0.46477,0.526,0.53244,0.49782,0.44929,0.41468,0.4072,0.42766,0.45696,0.47374,0.47105,0.46513,0.48809,0.5667,0.69916,0.85721,0.98847,1.0398,0.97731,0.80122,0.54937,0.28563,0.076891,-0.035655,-0.031963,0.086406,0.31397
0.84158,1.5432,2.3166,3.0244,3.5285,3.6906,3.4396,2.8284,2.0226,1.2483,0.72222,0.5382,0.60233,0.71917,0.73107,0.60366,0.42285,0.29738,0.26615,0.30218,0.36358,0.43119,0.52076,0.66588,0.89582,1.1975,1.5307,1.8496,2.1031,2.2295,2.1847,1.9615,1.5994,1.1664,0.72595,0.3269,-0.00084934,-0.23285,-0.34609,-0.3164,-0.14297,0.12718,0.41458,0.62987,0.7129,0.66267,0.51104,0.32554,0.18065,0.11306,0.13712,0.22913,0.34885,0.45564,0.52373,0.54433,0.52711,0.49183,0.4581,0.43865,0.42699,0.40868,0.37152,0.31865,0.27448,0.27614,0.35125,0.49989,0.67957,0.83059,0.89527,0.83686,0.65309,0.38083,0.086233,-0.15901,-0.30351,-0.32427,-0.22334,-0.012203
0.73801,1.4827,2.2885,3.0038,3.4916,3.6206,3.3275,2.6738,1.8308,1.0346,0.51278,0.35745,0.45847,0.60645,0.63993,0.52297,0.34553,0.21843,0.17935,0.19911,0.23645,0.27519,0.33536,0.45937,0.6834,0.99929,1.3653,1.7258,2.02,2.1835,2.1627,1.9533,1.5932,1.1522,0.69122,0.26534,-0.093033,-0.35297,-0.47987,-0.44729,-0.25348,0.044271,0.35908,0.59829,0.7028,0.66626,0.52677,0.34945,0.19919,0.12236,0.12783,0.19795,0.29988,0.39909,0.46731,0.49434,0.48572,0.45755,0.42683,0.40136,0.37697,0.3374,0.26986,0.18007,0.099892,0.077067,0.1476,0.30584,0.50726,0.68192,0.76328,0.71007,0.52005,0.23327,-0.079924,-0.34354,-0.5056,-0.54272,-0.45955,-0.26994
0.63426,1.421,2.2551,2.9692,3.4293,3.5106,3.1602,2.4472,1.5546,0.73338,0.22593,0.11983,0.28366,0.48879,0.5677,0.48511,0.32721,0.19994,0.13943,0.11962,0.10516,0.086512,0.091422,0.1756,0.38099,0.70629,1.106,1.5143,1.8597,2.0723,2.0949,1.9169,1.5774,1.1387,0.66436,0.20421,-0.19803,-0.49887,-0.64916,-0.60928,-0.38496,-0.036665,0.32566,0.60186,0.73555,0.71647,0.5862,0.40522,0.23357,0.12011,0.079783,0.10623,0.17576,0.25652,0.32223,0.35753,0.36214,0.34664,0.32351,0.29788,0.26144,0.1991,0.10007,-0.024785,-0.13566,-0.1769,-0.10831,0.062646,0.28024,0.46876,0.56028,0.51373,0.32592,0.034782,-0.29007,-0.56961,-0.7478,-0.79706,-0.72193,-0.54287
0.59248,1.396,2.238,2.9417,3.3757,3.4196,3.0255,2.2692,1.3414,0.50557,0.015479,-0.043466,0.17937,0.44236,0.57134,0.52866,0.39198,0.26137,0.17552,0.11617,0.054322,-0.015536,-0.060677,-0.016998,0.16259,0.4823,0.89611,1.3319,1.7143,1.9631,2.0193,1.8678,1.547,1.1193,0.6486,0.18151,-0.23816,-0.56051,-0.72963,-0.69219,-0.44802,-0.065772,0.33797,0.65178,0.80848,0.80484,0.67121,0.46841,0.26679,0.1074,0.021985,0.0097174,0.048914,0.10836,0.16567,0.2038,0.2204,0.22108,0.2121,0.1933,0.15716,0.085769,-0.029685,-0.17432,-0.30262,-0.35319,-0.28634,-0.10879,0.12008,0.3194,0.41814,0.3749,0.18837,-0.10106,-0.42269,-0.69912,-0.87346,-0.92218,-0.85286,-0.68766
0.59556,1.4001,2.2314,2.9066,3.2989,3.2915,2.842,2.0331,1.0645,0.21653,-0.24005,-0.22337,0.093495,0.45082,0.66518,0.68688,0.57896,0.43743,0.31079,0.19406,0.066897,-0.071783,-0.18635,-0.20975,-0.081643,0.2114,0.62525,1.0828,1.4986,1.7826,1.8727,1.7557,1.468,1.0726,0.62561,0.17161,-0.24863,-0.58202,-0.75231,-0.70022,-0.4218,-0.0017045,0.43474,0.77196,0.94613,0.94368,0.79986,0.57217,0.31856,0.09985,-0.054815,-0.13677,-0.15585,-0.13051,-0.089226,-0.047909,-0.015955,0.0044604,0.014088,0.010088,-0.018044,-0.08414,-0.19545,-0.33613,-0.46068,-0.50937,-0.44043,-0.26928,-0.053127,0.13395,0.22816,0.1916,0.021174,-0.24772,-0.54857,-0.80452,-0.96175,-0.99524,-0.9167,-0.7566
0.67203,1.4514,2.2469,2.8768,3.2198,3.1614,2.6622,1.8114,0.81555,-0.031975,-0.44398,-0.34227,0.078977,0.54151,0.85036,0.9413,0.86185,0.70485,0.53178,0.35394,0.16126,-0.04411,-0.22694,-0.32072,-0.25382,-0.0029225,0.38917,0.84173,1.2574,1.5514,1.6628,1.5822,1.3441,1.0011,0.59839,0.17434,-0.23108,-0.55482,-0.70986,-0.62858,-0.31454,0.13902,0.59965,0.95398,1.1361,1.1359,0.97736,0.70772,0.39013,0.081014,-0.16931,-0.33344,-0.41128,-0.42598,-0.39793,-0.35053,-0.29805,-0.24855,-0.20805,-0.18409,-0.18898,-0.23748,-0.33362,-0.45801,-0.5644,-0.59749,-0.53034,-0.3702,-0.1745,-0.011069,0.064863,0.024226,-0.12999,-0.36275,-0.61585,-0.82846,-0.94585,-0.95577,-0.87032,-0.71715
0.77691,1.5195,2.2732,2.86,3.1615,3.065,2.5337,1.6616,0.65776,-0.17897,-0.55382,-0.38825,0.1104,0.65168,1.0327,1.1748,1.1156,0.9459,0.73575,0.50954,0.26641,0.012105,-0.21819,-0.35903,-0.33699,-0.12593,0.23342,0.65935,1.0565,1.3445,1.4673,1.4131,1.2143,0.91473,0.55536,0.16695,-0.21163,-0.51206,-0.64813,-0.54281,-0.20407,0.27413,0.75368,1.1179,1.3009,1.2903,1.1055,0.79404,0.42145,0.048394,-0.26362,-0.48296,-0.60785,-0.65561,-0.64646,-0.60291,-0.53952,-0.46842,-0.40113,-0.35077,-0.32963,-0.34969,-0.41331,-0.50289,-0.57947,-0.59834,-0.5319,-0.39999,-0.2441,-0.11535,-0.056536,-0.092736,-0.22441,-0.4232,-0.63681,-0.80468,-0.89092,-0.87803,-0.78095,-0.63065
0.97289,1.6463,2.3262,2.845,3.0865,2.9414,2.3762,1.491,0.49693,-0.31064,-0.63419,-0.39399,0.19714,0.83662,1.3068,1.5114,1.4739,1.2833,1.0214,0.72877,0.41891,0.10559,-0.1759,-0.36413,-0.39581,-0.24683,0.046069,0.40934,0.7605,1.0235,1.1484,1.1214,0.96877,0.72927,0.43761,0.1158,-0.20069,-0.45021,-0.53758,-0.3918,-0.021735,0.47313,0.9568,1.3173,1.4934,1.4641,1.2507,0.89564,0.45441,0.0047761,-0.39471,-0.70239,-0.90306,-1.0002,-1.0195,-0.97478,-0.8865,-0.77608,-0.66333,-0.56567,-0.49718,-0.47113,-0.48806,-0.53041,-0.56481,-0.55808,-0.50103,-0.4017,-0.29541,-0.21867,-0.19815,-0.24485,-0.35169,-0.49369,-0.63324,-0.73406,-0.76324,-0.71875,-0.61526,-0.47803
1.219,1.8051,2.3952,2.8373,3.0164,2.8256,2.2385,1.3616,0.40208,-0.36,-0.63739,-0.34191,0.32076,1.0427,1.5878,1.8425,1.816,1.5979,1.2818,0.92449,0.55411,0.19293,-0.12421,-0.34418,-0.41924,-0.33404,-0.12045,0.15622,0.43002,0.6391,0.74279,0.73344,0.63148,0.46562,0.25587,0.015545,-0.22776,-0.41478,-0.45047,-0.26738,0.12707,0.63038,1.1169,1.4793,1.6495,1.6115,1.3716,0.96522,0.4583,-0.080456,-0.56839,-0.94881,-1.2035,-1.3476,-1.3897,-1.3519,-1.2502,-1.1058,-0.9442,-0.7893,-0.66411,-0.57702,-0.52702,-0.50163,-0.48178,-0.4518,-0.4046,-0.35685,-0.32264,-0.31386,-0.3357,-0.38721,-0.46164,-0.54492,-0.61545,-0.64695,-0.62976,-0.55861,-0.44513,-0.31128
1.4265,1.9377,2.4542,2.8353,2.9678,2.7455,2.1503,1.2928,0.37506,-0.34401,-0.59079,-0.26892,0.43046,1.1986,1.7875,2.0692,2.0428,1.7984,1.4397,1.0362,0.62606,0.23791,-0.093247,-0.32397,-0.4222,-0.38334,-0.23794,-0.040382,0.15608,0.3069,0.38293,0.38301,0.32165,0.21689,0.075959,-0.097823,-0.2841,-0.4236,-0.42513,-0.21493,0.19603,0.71396,1.2075,1.5679,1.7324,1.6755,1.4088,0.97016,0.42031,-0.15912,-0.68871,-1.1138,-1.4154,-1.5964,-1.6711,-1.6463,-1.533,-1.3555,-1.1473,-0.94306,-0.76408,-0.62594,-0.52862,-0.46091,-0.40811,-0.36162,-0.32592,-0.30802,-0.3176,-0.3563,-0.41636,-0.484,-0.54488,-0.58729,-0.60197,-0.58418,-0.52371,-0.42857,-0.31233,-0.19321
1.7196,2.1224,2.5362,2.835,2.9076,2.6485,2.0527,1.2391,0.39355,-0.25789,-0.46917,-0.13182,0.59173,1.399,2.0274,2.3304,2.2944,2.0086,1.589,1.1232,0.66536,0.25356,-0.078468,-0.30523,-0.41953,-0.43647,-0.38888,-0.30983,-0.23309,-0.17882,-0.15327,-0.15016,-0.15941,-0.18107,-0.22654,-0.30579,-0.4086,-0.4804,-0.43389,-0.19447,0.23196,0.756,1.2521,1.6125,1.7715,1.7023,1.4133,0.94088,0.34721,-0.28295,-0.86721,-1.3459,-1.6962,-1.9222,-2.0262,-2.0071,-1.8739,-1.6551,-1.3922,-1.1224,-0.87866,-0.67154,-0.50321,-0.3708,-0.2721,-0.2095,-0.18706,-0.21546,-0.29163,-0.39943,-0.51086,-0.59627,-0.63769,-0.63369,-0.59182,-0.51735,-0.41844,-0.3002,-0.1728,-0.051449
1.9429,2.2602,2.5953,2.8336,2.8637,2.5816,1.9929,1.2225,0.44104,-0.15418,-0.34036,-0.0038777,0.71986,1.5395,2.1846,2.4938,2.4442,2.1242,1.6564,1.1417,0.64886,0.22591,-0.095409,-0.30556,-0.41926,-0.46842,-0.487,-0.49769,-0.51677,-0.54681,-0.57326,-0.57896,-0.55535,-0.51714,-0.49056,-0.49804,-0.5357,-0.55733,-0.47464,-0.21793,0.21457,0.736,1.2303,1.5926,1.7514,1.6802,1.3799,0.8848,0.26351,-0.40045,-1.0136,-1.5141,-1.8843,-2.1329,-2.2555,-2.2448,-2.0998,-1.8479,-1.5384,-1.2204,-0.92559,-0.67155,-0.46179,-0.29501,-0.17249,-0.10101,-0.090731,-0.14544,-0.25808,-0.40564,-0.55169,-0.65772,-0.69937,-0.67496,-0.59866,-0.48843,-0.35743,-0.21709,-0.080355,0.038389
2.2342,2.4346,2.6638,2.8248,2.8022,2.4956,1.9238,1.2208,0.53477,0.021191,-0.13223,0.19255,0.89714,1.7131,2.3643,2.6715,2.5979,2.2288,1.6946,1.1125,0.57273,0.14054,-0.1521,-0.31994,-0.41268,-0.48709,-0.5782,-0.69643,-0.83874,-0.98702,-1.1013,-1.1395,-1.0883,-0.97744,-0.85643,-0.77074,-0.73005,-0.69505,-0.58123,-0.31069,0.12518,0.65051,1.1482,1.5113,1.669,1.5887,1.2738,0.76001,0.11363,-0.57094,-1.2046,-1.7283,-2.1242,-2.3917,-2.5244,-2.5008,-2.3215,-2.0238,-1.6647,-1.2958,-0.95262,-0.64887,-0.39069,-0.18337,-0.03582,0.040366,0.037863,-0.047923,-0.20358,-0.39932,-0.59007,-0.72646,-0.7748,-0.7322,-0.62161,-0.47396,-0.30932,-0.14717,0.0012628,0.12663
2.5087,2.5898,2.7132,2.8004,2.7306,2.4054,1.8577,1.2275,0.6451,0.21996,0.10203,0.41005,1.0806,1.8747,2.5152,2.8083,2.7048,2.2849,1.6841,1.0346,0.44945,0.015705,-0.2323,-0.33602,-0.3854,-0.46202,-0.60014,-0.79956,-1.0411,-1.2946,-1.5052,-1.6029,-1.5566,-1.3979,-1.2005,-1.0309,-0.92111,-0.8395,-0.70877,-0.43949,-0.012701,0.50869,1.0077,1.3742,1.5345,1.4519,1.1283,0.59924,-0.065643,-0.7722,-1.4252,-1.9613,-2.3606,-2.6247,-2.7371,-2.6781,-2.4513,-2.102,-1.6969,-1.2925,-0.91861,-0.5908,-0.31375,-0.092951,0.061238,0.13602,0.12018,0.016746,-0.16004,-0.37994,-0.59753,-0.76093,-0.83044,-0.79597,-0.67698,-0.5039,-0.31552,-0.12701,0.047484,0.19624
2.6986,2.6894,2.7327,2.7671,2.666,2.33,1.8022,1.2291,0.72624,0.37121,0.28457,0.58104,1.2226,1.9918,2.6151,2.8907,2.7613,2.3034,1.6547,0.9573,0.34253,-0.084256,-0.28832,-0.33386,-0.34058,-0.40527,-0.5607,-0.79703,-1.086,-1.3942,-1.6661,-1.8188,-1.8033,-1.642,-1.4142,-1.2005,-1.0452,-0.93234,-0.78711,-0.52663,-0.11789,0.38368,0.87387,1.2427,1.407,1.3283,1.0017,0.46234,-0.21518,-0.93566,-1.5982,-2.1385,-2.536,-2.7845,-2.8665,-2.7647,-2.4935,-2.1094,-1.6819,-1.2662,-0.88545,-0.55033,-0.26568,-0.039877,0.11397,0.18269,0.16118,0.048089,-0.13981,-0.3732,-0.60826,-0.79188,-0.87806,-0.84922,-0.72301,-0.53931,-0.32811,-0.12222,0.062061,0.21731
2.9271,2.7959,2.7312,2.6977,2.5591,2.2125,1.7124,1.2158,0.8196,0.56065,0.52337,0.81218,1.4147,2.145,2.7374,2.9831,2.8168,2.3099,1.6022,0.84929,0.2071,-0.19725,-0.33285,-0.29595,-0.24151,-0.27826,-0.43432,-0.6825,-0.98906,-1.3259,-1.6489,-1.8767,-1.9318,-1.8107,-1.5819,-1.3414,-1.1491,-1.0098,-0.85904,-0.61806,-0.24252,0.23006,0.70274,1.0646,1.2293,1.1479,0.81724,0.27236,-0.41688,-1.1478,-1.8258,-2.3826,-2.783,-3.0037,-3.0254,-2.8404,-2.4911,-2.0552,-1.6065,-1.1885,-0.81977,-0.50228,-0.23564,-0.025521,0.11629,0.17736,0.14861,0.03779,-0.14342,-0.37076,-0.60768,-0.80693,-0.92092,-0.92123,-0.8123,-0.62392,-0.40071,-0.17139,0.04438,0.23642
3.078,2.8547,2.7078,2.6237,2.4607,2.1081,1.629,1.1885,0.87085,0.68605,0.69209,0.98316,1.5597,2.2583,2.8235,3.0451,2.8515,2.3114,1.5673,0.78369,0.132,-0.24811,-0.33188,-0.2394,-0.14303,-0.1542,-0.29425,-0.52443,-0.80963,-1.1341,-1.4706,-1.748,-1.87,-1.8031,-1.5991,-1.3582,-1.1569,-1.0102,-0.87107,-0.65423,-0.31171,0.13683,0.59543,0.95012,1.1123,1.0294,0.69485,0.14295,-0.55438,-1.3013,-1.9957,-2.5611,-2.953,-3.1439,-3.1107,-2.8667,-2.4708,-2.0082,-1.5514,-1.1423,-0.78843,-0.48761,-0.23745,-0.043348,0.083649,0.13376,0.10485,-0.0016148,-0.17192,-0.38699,-0.61783,-0.82281,-0.95357,-0.97364,-0.87786,-0.6928,-0.45925,-0.2155,0.015738,0.22575
3.2514,2.9054,2.6451,2.4938,2.3014,1.9432,1.4906,1.1215,0.90736,0.82348,0.89549,1.2018,1.7521,2.4079,2.9338,3.1222,2.8965,2.323,1.5477,0.74419,0.09691,-0.24697,-0.27426,-0.12729,0.01258,0.036261,-0.065801,-0.24798,-0.47467,-0.75027,-1.0757,-1.3957,-1.6036,-1.6264,-1.4852,-1.2688,-1.0681,-0.91744,-0.7881,-0.60633,-0.31431,0.077635,0.49414,0.82726,0.98058,0.89945,0.56836,0.015511,-0.69118,-1.4524,-2.1642,-2.7416,-3.1275,-3.2812,-3.1883,-2.8757,-2.4256,-1.9357,-1.4787,-1.0882,-0.76795,-0.50729,-0.29609,-0.13333,-0.026364,0.016257,-0.010254,-0.097225,-0.23734,-0.41918,-0.62629,-0.82959,-0.98362,-1.0397,-0.97349,-0.80264,-0.56355,-0.29992,-0.04022,0.20468
3.3937,2.9255,2.5471,2.3267,2.1078,1.7465,1.3189,1.0156,0.90144,0.92096,1.0687,1.4045,1.9402,2.5579,3.0428,3.1968,2.9456,2.3547,1.5709,0.77372,0.1512,-0.156,-0.14787,0.026929,0.19045,0.24125,0.17964,0.054023,-0.10395,-0.31506,-0.60336,-0.93016,-1.1931,-1.2985,-1.2326,-1.0661,-0.88319,-0.73719,-0.61253,-0.45751,-0.21633,0.11685,0.48296,0.78351,0.92234,0.83578,0.50423,-0.048599,-0.75686,-1.5255,-2.2465,-2.8264,-3.1991,-3.3249,-3.1893,-2.8389,-2.3674,-1.8758,-1.4344,-1.073,-0.79095,-0.57189,-0.40068,-0.27209,-0.18934,-0.15656,-0.17159,-0.23441,-0.33783,-0.4784,-0.65048,-0.83581,-0.99532,-1.0774,-1.0447,-0.89282,-0.66466,-0.39668,-0.11799,0.15935
3.481,2.9221,2.4519,2.1775,1.9403,1.5793,1.1685,0.91114,0.86856,0.96643,1.1768,1.5428,2.076,2.6699,3.1257,3.2554,2.9891,2.3942,1.6196,0.84384,0.24989,-0.032087,-0.010507,0.16846,0.33404,0.39437,0.35501,0.26764,0.15698,-0.0049729,-0.25677,-0.57081,-0.84833,-0.99244,-0.97499,-0.8462,-0.68639,-0.54939,-0.43637,-0.30187,-0.095032,0.19921,0.53057,0.80619,0.9311,0.83828,0.50597,-0.043693,-0.74749,-1.5101,-2.2252,-2.7986,-3.162,-3.2739,-3.1294,-2.7793,-2.3178,-1.842,-1.4199,-1.0842,-0.83144,-0.6473,-0.51275,-0.41432,-0.3477,-0.31444,-0.31846,-0.35244,-0.42083,-0.52744,-0.67367,-0.84674,-1.0089,-1.1037,-1.0858,-0.95326,-0.72619,-0.45334,-0.1669,0.12182
3.5726,2.8968,2.2995,1.9506,1.6912,1.3338,0.94461,0.74268,0.79173,0.99374,1.2921,1.7079,2.2453,2.8136,3.2349,3.3367,3.0576,2.4705,1.7264,0.99843,0.45323,0.19948,0.2197,0.37858,0.52346,0.57691,0.55167,0.50145,0.44681,0.34943,0.1558,-0.12111,-0.39663,-0.57099,-0.6026,-0.51771,-0.38729,-0.26364,-0.16331,-0.050958,0.11819,0.3654,0.65322,0.89686,1.0024,0.90181,0.5706,0.029939,-0.65894,-1.4026,-2.0991,-2.6572,-3.0101,-3.1204,-2.9887,-2.662,-2.2309,-1.7913,-1.4115,-1.1186,-0.91685,-0.78176,-0.68856,-0.6219,-0.57672,-0.55135,-0.53959,-0.54641,-0.57163,-0.62592,-0.72156,-0.8571,-1.0034,-1.1067,-1.1149,-1.0037,-0.80204,-0.54142,-0.25074,0.057794
3.6376,2.8519,2.1253,1.6973,1.4197,1.0714,0.70339,0.55038,0.68493,0.98923,1.3778,1.8485,2.3971,2.9447,3.3348,3.4149,3.1337,2.5692,1.8723,1.2065,0.7158,0.4828,0.48262,0.59715,0.69843,0.72377,0.69123,0.65752,0.64425,0.60498,0.47783,0.25654,0.0075506,-0.17716,-0.24346,-0.19996,-0.095851,0.014793,0.11356,0.21582,0.35948,0.56739,0.81418,1.0268,1.1162,1.0117,0.68741,0.1611,-0.50774,-1.2293,-1.9022,-2.4367,-2.7741,-2.8896,-2.7897,-2.5189,-2.1491,-1.7608,-1.4203,-1.1692,-1.0053,-0.91769,-0.87799,-0.85761,-0.83811,-0.81325,-0.78787,-0.75889,-0.73917,-0.74605,-0.79703,-0.89563,-1.0174,-1.1111,-1.1237,-1.0329,-0.84809,-0.60132,-0.32008,-0.014833
3.6705,2.809,1.9855,1.4969,1.2082,0.87098,0.51892,0.39767,0.59106,0.96936,1.4251,1.9382,2.4981,3.0324,3.4014,3.4681,3.1905,2.6506,1.9964,1.3812,0.92991,0.70626,0.68249,0.75466,0.81373,0.80654,0.75623,0.72168,0.72745,0.72434,0.6458,0.47227,0.25701,0.081145,0.0012871,0.019904,0.10207,0.20066,0.29315,0.38806,0.51862,0.70545,0.93061,1.1277,1.2089,1.1067,0.79122,0.27861,-0.37344,-1.0768,-1.733,-2.2571,-2.5953,-2.7232,-2.652,-2.4164,-2.0829,-1.7311,-1.4279,-1.2099,-1.0845,-1.0319,-1.0208,-1.0229,-1.0209,-1.0072,-0.97589,-0.9361,-0.89516,-0.87135,-0.88501,-0.94406,-1.0309,-1.1031,-1.1137,-1.0339,-0.87166,-0.64795,-0.38304,-0.085395
3.6945,2.7442,1.7952,1.2254,0.92714,0.61135,0.28092,0.19421,0.45605,0.92512,1.4657,2.0347,2.6121,3.1335,3.4784,3.5299,3.2614,2.7579,2.162,1.6118,1.2071,0.98912,0.9289,0.94258,0.94029,0.88042,0.79168,0.73831,0.75226,0.78997,0.77397,0.66903,0.50793,0.35711,0.27003,0.26222,0.31357,0.39078,0.46951,0.55592,0.67459,0.84669,1.0556,1.2402,1.3182,1.2219,0.92076,0.42817,-0.20159,-0.88568,-1.5302,-2.0518,-2.3956,-2.5432,-2.4996,-2.3037,-2.0169,-1.7098,-1.444,-1.2596,-1.1678,-1.1556,-1.1926,-1.2426,-1.2764,-1.2788,-1.2503,-1.1907,-1.1175,-1.0528,-1.0187,-1.0271,-1.0683,-1.1092,-1.1092,-1.0408,-0.90239,-0.70586,-0.46702,-0.19287
3.6989,2.6929,1.6565,1.027,0.72528,0.4301,0.11704,0.049166,0.35114,0.87957,1.4776,2.086,2.6787,3.1938,3.5235,3.5666,3.3059,2.8295,2.2751,1.7682,1.3919,1.1754,1.0886,1.059,1.0082,0.90374,0.7768,0.69904,0.71043,0.77538,0.80882,0.75819,0.6398,0.5081,0.41625,0.38891,0.41887,0.48013,0.55087,0.63114,0.74168,0.90292,1.1026,1.2845,1.3683,1.283,0.99594,0.5182,-0.098166,-0.77153,-1.408,-1.9277,-2.2806,-2.4442,-2.4281,-2.2617,-1.9989,-1.7094,-1.4586,-1.2922,-1.2202,-1.2326,-1.2987,-1.3813,-1.4475,-1.4754,-1.4532,-1.3911,-1.3012,-1.2083,-1.138,-1.1055,-1.1062,-1.1156,-1.1013,-1.0394,-0.92005,-0.75121,-0.54209,-0.29629
3.6878,2.6255,1.4865,0.78247,0.48028,0.21825,-0.071871,-0.12535,0.21418,0.80547,1.468,2.1236,2.7365,3.2469,3.5618,3.5964,3.3467,2.904,2.3985,1.9392,1.5913,1.3718,1.2508,1.1653,1.0506,0.88318,0.70113,0.58655,0.59494,0.69611,0.79359,0.81225,0.74484,0.63486,0.53513,0.48203,0.48338,0.52185,0.57846,0.64603,0.74403,0.89098,1.0837,1.2711,1.371,1.3114,1.0539,0.60452,0.010179,-0.65246,-1.2952,-1.8352,-2.2124,-2.4006,-2.3992,-2.2428,-1.9906,-1.7129,-1.4742,-1.3182,-1.2664,-1.3113,-1.4229,-1.5572,-1.6691,-1.7259,-1.7176,-1.6434,-1.528,-1.399,-1.2832,-1.1997,-1.1535,-1.1314,-1.1079,-1.0551,-0.9668,-0.8354,-0.66405,-0.4554
3.6582,2.5626,1.3441,0.57565,0.27647,0.051026,-0.2172,-0.2673,0.087677,0.71973,1.4317,2.1245,2.7543,3.264,3.5686,3.5988,3.361,2.947,2.4787,2.0523,1.7193,1.4889,1.334,1.1988,1.0292,0.80467,0.57192,0.42399,0.43475,0.57399,0.73233,0.81145,0.78531,0.68894,0.57671,0.49332,0.45896,0.46776,0.50082,0.55231,0.63676,0.77833,0.97472,1.177,1.3034,1.2767,1.0532,0.63439,0.062902,-0.58852,-1.2326,-1.7868,-2.1876,-2.3963,-2.413,-2.2661,-2.0151,-1.7342,-1.4918,-1.3392,-1.2959,-1.3607,-1.5071,-1.6898,-1.8537,-1.9492,-1.9457,-1.8595,-1.7138,-1.5473,-1.3944,-1.2767,-1.1992,-1.1526,-1.1186,-1.0799,-1.015,-0.92092,-0.79632,-0.63987
3.6243,2.52,1.2607,0.45404,0.15793,-0.040048,-0.29293,-0.34944,0.0022275,0.65003,1.3872,2.1007,2.7395,3.2486,3.5483,3.578,3.349,2.9527,2.5042,2.0908,1.7582,1.5148,1.3359,1.1709,0.96881,0.71229,0.45117,0.28691,0.30286,0.47146,0.67197,0.78842,0.78349,0.6875,0.55887,0.44794,0.38487,0.36856,0.38295,0.41972,0.49324,0.63007,0.83183,1.051,1.2044,1.2085,1.0156,0.62368,0.073318,-0.56724,-1.2096,-1.7702,-2.1829,-2.4057,-2.4294,-2.2832,-2.027,-1.7383,-1.4904,-1.3347,-1.3015,-1.391,-1.5738,-1.7942,-1.9841,-2.0857,-2.0774,-1.963,-1.7892,-1.5998,-1.4283,-1.2957,-1.2101,-1.1654,-1.1433,-1.1181,-1.0797,-1.0112,-0.90985,-0.77881
3.5634,2.4701,1.1855,0.34293,0.050442,-0.11361,-0.3492,-0.42309,-0.09405,0.55341,1.3073,2.0377,2.6828,3.1889,3.4842,3.5156,3.298,2.9198,2.487,2.0777,1.7337,1.4655,1.2543,1.0573,0.82409,0.5423,0.26415,0.10095,0.13787,0.3477,0.59145,0.73978,0.74791,0.64285,0.48357,0.32972,0.22049,0.16394,0.14848,0.16352,0.22454,0.35655,0.56834,0.81612,1.0116,1.0674,0.92856,0.58627,0.073869,-0.54046,-1.1754,-1.7443,-2.1706,-2.4034,-2.4294,-2.2798,-2.0217,-1.7342,-1.4884,-1.3392,-1.3157,-1.4215,-1.6309,-1.8864,-2.1073,-2.2172,-2.1783,-2.0229,-1.8047,-1.585,-1.4057,-1.2832,-1.2143,-1.1849,-1.1767,-1.173,-1.1562,-1.1201,-1.0611,-0.97859
3.4846,2.4283,1.1518,0.29269,0.00082054,-0.13544,-0.35576,-0.45414,-0.16814,0.45502,1.2063,1.9397,2.5841,3.0844,3.3757,3.4098,3.2025,2.8365,2.4096,1.9932,1.6272,1.3265,1.0805,0.85328,0.60035,0.31289,0.048199,-0.078997,0.0091086,0.2662,0.53985,0.69815,0.69724,0.56637,0.36481,0.15714,-0.010802,-0.11893,-0.17428,-0.18202,-0.12844,0.016222,0.2589,0.55132,0.79894,0.90843,0.81955,0.52205,0.051348,-0.53097,-1.1395,-1.6886,-2.1048,-2.3387,-2.3719,-2.2317,-1.9796,-1.6957,-1.4565,-1.3168,-1.3152,-1.4544,-1.7001,-1.9788,-2.194,-2.2648,-2.1725,-1.9551,-1.6968,-1.4658,-1.3013,-1.2134,-1.1899,-1.206,-1.235,-1.2568,-1.262,-1.2451,-1.2088,-1.1583
3.4139,2.4008,1.1514,0.2925,-0.00053928,-0.12107,-0.33015,-0.45004,-0.20754,0.3818,1.1169,1.8434,2.4833,2.9784,3.267,3.3028,3.1011,2.7403,2.3124,1.8845,1.4962,1.1668,0.89264,0.64445,0.38482,0.10913,-0.12173,-0.19864,-0.056419,0.23682,0.52661,0.68073,0.6612,0.4984,0.25627,-0.0013606,-0.21974,-0.37208,-0.4581,-0.48038,-0.42507,-0.26003,0.01626,0.34789,0.63727,0.78354,0.73014,0.46857,0.031903,-0.51633,-1.0948,-1.6205,-2.0211,-2.2501,-2.2854,-2.157,-1.9243,-1.6611,-1.4379,-1.3134,-1.3218,-1.4678,-1.7191,-2.0001,-2.2049,-2.2442,-2.0989,-1.8389,-1.5546,-1.3244,-1.1876,-1.1454,-1.1711,-1.2282,-1.2863,-1.3274,-1.3454,-1.3429,-1.3226,-1.2879
3.3033,2.367,1.1774,0.33363,0.037556,-0.066537,-0.25798,-0.40496,-0.23149,0.29097,0.98442,1.6893,2.318,2.807,3.0934,3.1298,2.9307,2.5699,2.1332,1.6835,1.2601,0.88794,0.57515,0.30557,0.053052,-0.18137,-0.33502,-0.31837,-0.096722,0.23804,0.52984,0.66271,0.60786,0.40034,0.10193,-0.22302,-0.5142,-0.73327,-0.86351,-0.90269,-0.8319,-0.6307,-0.3018,0.090771,0.43672,0.63705,0.63372,0.4179,0.022941,-0.48057,-1.0159,-1.5041,-1.8805,-2.098,-2.1503,-2.0472,-1.837,-1.5916,-1.3854,-1.2777,-1.3049,-1.4716,-1.7344,-2.0014,-2.1573,-2.1235,-1.9122,-1.6025,-1.3031,-1.0909,-1.001,-1.0289,-1.1372,-1.2718,-1.3849,-1.455,-1.4814,-1.4749,-1.4516,-1.425
3.2079,2.3412,1.2115,0.38916,0.090219,-0.0034038,-0.17861,-0.34116,-0.22494,0.23239,0.87955,1.5584,2.1742,2.6584,2.9432,2.9779,2.776,2.4103,1.9637,1.4952,1.0442,0.64097,0.30361,0.026869,-0.20749,-0.39412,-0.47556,-0.37929,-0.099787,0.25884,0.54204,0.65171,0.56778,0.33005,-0.0060522,-0.37705,-0.72569,-1.0023,-1.1754,-1.2263,-1.1345,-0.88278,-0.49265,-0.045977,0.34035,0.56936,0.58592,0.38739,0.016709,-0.465,-0.97129,-1.4245,-1.7677,-1.9726,-2.0223,-1.9371,-1.7562,-1.5394,-1.3542,-1.2579,-1.291,-1.4528,-1.6976,-1.9326,-2.0457,-1.9668,-1.7147,-1.387,-1.0915,-0.90547,-0.86204,-0.94983,-1.1203,-1.3078,-1.4581,-1.5452,-1.5782,-1.5763,-1.5552,-1.5256
3.0644,2.3031,1.2701,0.48695,0.18604,0.10547,-0.044079,-0.22005,-0.18191,0.17302,0.7396,1.3701,1.9621,2.4374,2.7168,2.7448,2.5341,2.158,1.696,1.2033,0.71973,0.28289,-0.076505,-0.34846,-0.54072,-0.64574,-0.62321,-0.42602,-0.082041,0.29441,0.56416,0.64329,0.52663,0.25413,-0.1216,-0.54681,-0.96585,-1.3171,-1.5452,-1.6039,-1.4666,-1.1326,-0.65989,-0.15525,0.2664,0.51194,0.54407,0.36797,0.021535,-0.42303,-0.89213,-1.3144,-1.6361,-1.8264,-1.8841,-1.8202,-1.6676,-1.4758,-1.3044,-1.2129,-1.2324,-1.369,-1.5783,-1.7659,-1.8229,-1.6923,-1.413,-1.0803,-0.80225,-0.65379,-0.66786,-0.83283,-1.0932,-1.3652,-1.5732,-1.6849,-1.7139,-1.692,-1.6506,-1.6097
2.9022,2.2576,1.3354,0.60165,0.30321,0.23785,0.11774,-0.062113,-0.097612,0.14577,0.61399,1.1802,1.7376,2.1955,2.4611,2.4762,2.2524,1.8634,1.3872,0.87727,0.37314,-0.082169,-0.44542,-0.69211,-0.8209,-0.83079,-0.7017,-0.42269,-0.041417,0.32869,0.57174,0.62199,0.48457,0.19631,-0.19488,-0.65132,-1.1174,-1.5253,-1.7897,-1.8445,-1.6568,-1.2536,-0.71811,-0.17127,0.26724,0.52055,0.55416,0.37726,0.036385,-0.40027,-0.85181,-1.2468,-1.5402,-1.7153,-1.7714,-1.7207,-1.5861,-1.4094,-1.2454,-1.1447,-1.1443,-1.2406,-1.3876,-1.503,-1.501,-1.3438,-1.0658,-0.76153,-0.52409,-0.42363,-0.49357,-0.72326,-1.0539,-1.3914,-1.6467,-1.7802,-1.8062,-1.7699,-1.7118,-1.6573
2.7688,2.2169,1.3833,0.69285,0.40015,0.34761,0.25257,0.074585,-0.0093848,0.1497,0.53607,1.0442,1.5659,2.0004,2.2489,2.2491,2.0129,1.6153,1.134,0.61968,0.11148,-0.34231,-0.68917,-0.89845,-0.96583,-0.90252,-0.70578,-0.38795,-0.0048799,0.34185,0.55223,0.58113,0.43848,0.16021,-0.21942,-0.66909,-1.1456,-1.5761,-1.8612,-1.9124,-1.693,-1.2448,-0.67389,-0.11306,0.32149,0.56088,0.57791,0.38779,0.040991,-0.39638,-0.84118,-1.2231,-1.4994,-1.6607,-1.708,-1.6598,-1.5369,-1.3706,-1.2047,-1.0891,-1.0532,-1.1007,-1.1957,-1.2663,-1.2361,-1.0721,-0.8114,-0.53328,-0.32436,-0.25264,-0.35371,-0.6204,-0.99404,-1.374,-1.6605,-1.8076,-1.8337,-1.79,-1.723,-1.6598
2.5767,2.1516,1.4407,0.81412,0.53479,0.5017,0.44151,0.27181,0.13474,0.18571,0.45645,0.87421,1.3327,1.7229,1.9376,1.9098,1.6547,1.2501,0.77147,0.26593,-0.22745,-0.6532,-0.94722,-1.0727,-1.0425,-0.89026,-0.63941,-0.31505,0.03315,0.32763,0.49235,0.50033,0.3652,0.11891,-0.21868,-0.62711,-1.079,-1.5014,-1.7887,-1.8293,-1.5831,-1.1052,-0.52442,0.020003,0.42443,0.62606,0.61078,0.39827,0.034517,-0.40595,-0.84552,-1.2161,-1.4777,-1.6187,-1.6581,-1.6071,-1.4826,-1.3132,-1.1389,-0.99787,-0.92139,-0.90963,-0.93062,-0.93019,-0.85737,-0.69405,-0.46483,-0.23541,-0.074577,-0.040447,-0.16773,-0.45452,-0.84959,-1.2565,-1.5716,-1.7401,-1.7785,-1.7374,-1.6686,-1.6056
2.4226,2.0925,1.4757,0.90123,0.63657,0.61815,0.58285,0.42295,0.25278,0.22865,0.4105,0.75196,1.1549,1.5036,1.686,1.6308,1.3583,0.9508,0.48321,-0.0013042,-0.46394,-0.84466,-1.075,-1.1211,-1.0151,-0.81017,-0.54835,-0.25028,0.048052,0.28982,0.42201,0.42089,0.30156,0.087191,-0.20445,-0.5673,-0.97453,-1.361,-1.6196,-1.6434,-1.3943,-0.93051,-0.37682,0.13544,0.50524,0.67756,0.6364,0.40013,0.019057,-0.43666,-0.88229,-1.2437,-1.4815,-1.6,-1.6159,-1.5588,-1.4441,-1.2863,-1.1102,-0.95097,-0.83255,-0.76405,-0.72892,-0.68817,-0.59915,-0.44208,-0.2377,-0.033764,0.10814,0.1309,-0.001874,-0.29002,-0.68384,-1.0897,-1.4093,-1.5933,-1.6488,-1.6301,-1.5837,-1.5368
2.2047,1.9993,1.5082,1.0076,0.766,0.76674,0.76082,0.61506,0.40886,0.29373,0.35793,0.59166,0.91425,1.2023,1.3326,1.233,0.93121,0.521,0.081456,-0.34936,-0.73836,-1.0271,-1.1508,-1.0901,-0.89641,-0.64418,-0.38803,-0.14642,0.06335,0.21543,0.28772,0.27134,0.17928,0.024151,-0.18873,-0.46317,-0.78126,-1.0914,-1.2946,-1.299,-1.0676,-0.65168,-0.15982,0.28841,0.59878,0.71783,0.63145,0.36117,-0.042174,-0.50339,-0.94063,-1.285,-1.5007,-1.5899,-1.588,-1.5196,-1.4029,-1.251,-1.0792,-0.90581,-0.75221,-0.62741,-0.52367,-0.42006,-0.29406,-0.13575,0.046468,0.21702,0.33305,0.35108,0.23839,-0.011974,-0.36642,-0.75021,-1.0755,-1.2873,-1.3849,-1.404,-1.3876,-1.3675
1.9758,1.8905,1.5214,1.0971,0.88245,0.89804,0.91521,0.78078,0.54523,0.34946,0.30221,0.43038,0.67088,0.89491,0.96502,0.81128,0.47472,0.065765,-0.32917,-0.67668,-0.95613,-1.1244,-1.1321,-0.97671,-0.71841,-0.44341,-0.20751,-0.034856,0.073026,0.12057,0.11539,0.076736,0.015341,-0.067218,-0.18723,-0.35681,-0.57344,-0.79335,-0.93822,-0.92682,-0.72684,-0.37791,0.030379,0.39489,0.63332,0.69456,0.56513,0.26561,-0.15311,-0.61488,-1.0331,-1.339,-1.5064,-1.5572,-1.5312,-1.4671,-1.3777,-1.2594,-1.1085,-0.93273,-0.74463,-0.56214,-0.39522,-0.24048,-0.085176,0.081555,0.25426,0.41999,0.54429,0.5876,0.51691,0.32095,0.023201,-0.31819,-0.63227,-0.86734,-1.016,-1.0974,-1.1405,-1.1691
1.7993,1.799,1.5179,1.1513,0.95745,0.98005,1.0097,0.88061,0.62626,0.37728,0.25461,0.30848,0.48901,0.66282,0.68241,0.48307,0.12066,-0.27887,-0.62607,-0.89567,-1.0792,-1.1479,-1.0686,-0.85162,-0.56203,-0.28657,-0.081085,0.033153,0.063781,0.0345,-0.024487,-0.080842,-0.12015,-0.15315,-0.20543,-0.30022,-0.44055,-0.59134,-0.68829,-0.66375,-0.49214,-0.20511,0.12589,0.41789,0.59645,0.61857,0.4661,0.15449,-0.26374,-0.71394,-1.1086,-1.3804,-1.5113,-1.5338,-1.499,-1.4439,-1.3773,-1.2881,-1.1623,-0.99659,-0.79624,-0.58163,-0.37013,-0.17097,0.01613,0.19659,0.37615,0.54206,0.67529,0.74535,0.72031,0.58154,0.33927,0.037022,-0.26448,-0.5185,-0.70314,-0.8292,-0.91832,-0.99065
1.5616,1.6649,1.4952,1.2048,1.0372,1.0639,1.0998,0.97353,0.69748,0.3904,0.18288,0.15005,0.2543,0.3572,0.30235,0.037419,-0.35206,-0.71931,-0.98071,-1.1316,-1.1829,-1.1236,-0.94051,-0.65948,-0.35144,-0.096067,0.056363,0.094498,0.036194,-0.081457,-0.20474,-0.28981,-0.31472,-0.29688,-0.2685,-0.267,-0.3055,-0.36853,-0.40803,-0.37599,-0.25105,-0.049828,0.17743,0.3685,0.46643,0.426,0.23564,-0.08526,-0.48686,-0.88933,-1.2164,-1.4181,-1.4928,-1.4843,-1.4452,-1.4138,-1.395,-1.3659,-1.2925,-1.1497,-0.94095,-0.68746,-0.42376,-0.17618,0.047448,0.25425,0.4518,0.64382,0.81558,0.93851,0.97979,0.91614,0.74682,0.49847,0.21621,-0.053705,-0.2885,-0.4783,-0.62924,-0.75386
1.326,1.5204,1.4525,1.2339,1.0914,1.1136,1.1457,1.0175,0.72416,0.37484,0.10434,0.0017539,0.037237,0.06624,-0.067686,-0.39948,-0.80308,-1.1112,-1.2607,-1.2809,-1.2045,-1.0363,-0.77874,-0.46473,-0.16424,0.054986,0.1529,0.12621,-0.0022307,-0.18761,-0.37069,-0.48918,-0.51513,-0.45848,-0.36332,-0.27385,-0.22351,-0.21225,-0.2137,-0.19061,-0.12116,-0.012104,0.1087,0.19852,0.21296,0.11983,-0.092028,-0.40193,-0.75788,-1.0876,-1.3257,-1.443,-1.4603,-1.4276,-1.4056,-1.4188,-1.4578,-1.4865,-1.4605,-1.3494,-1.1406,-0.86524,-0.56479,-0.27472,-0.011973,0.2255,0.45214,0.67205,0.88079,1.0569,1.1677,1.1824,1.0869,0.8939,0.63814,0.36079,0.09546,-0.14176,-0.34777,-0.52732
1.1545,1.407,1.4083,1.2392,1.1132,1.1282,1.1513,1.0186,0.71662,0.34665,0.043503,-0.099168,-0.10685,-0.12991,-0.32072,-0.69683,-1.1005,-1.3524,-1.4095,-1.3305,-1.167,-0.93477,-0.6435,-0.32718,-0.048437,0.13476,0.19078,0.12168,-0.04598,-0.26557,-0.47632,-0.61398,-0.64504,-0.57453,-0.44452,-0.30701,-0.20426,-0.15049,-0.13159,-0.11976,-0.094225,-0.055848,-0.019865,-0.012308,-0.063955,-0.19425,-0.41028,-0.6923,-0.99084,-1.2453,-1.4068,-1.4615,-1.4391,-1.3972,-1.3838,-1.4215,-1.4997,-1.5785,-1.6014,-1.5163,-1.3196,-1.0334,-0.71017,-0.39772,-0.11704,0.13807,0.38304,0.63263,0.87992,1.0998,1.257,1.3192,1.2696,1.1147,0.882,0.60891,0.32975,0.067354,-0.16797,-0.3761
0.9373,1.2534,1.3358,1.2255,1.1175,1.1193,1.1251,0.98517,0.67742,0.29331,-0.036399,-0.21373,-0.26496,-0.34288,-0.5929,-1.0113,-1.4019,-1.5741,-1.5155,-1.3208,-1.0625,-0.76827,-0.45518,-0.15835,0.073797,0.19674,0.19259,0.0753,-0.12559,-0.36681,-0.59278,-0.74819,-0.78622,-0.70867,-0.54984,-0.37024,-0.22092,-0.13234,-0.10383,-0.11739,-0.15584,-0.21004,-0.28504,-0.38954,-0.52842,-0.71183,-0.92922,-1.1548,-1.3515,-1.4742,-1.5046,-1.4597,-1.3859,-1.3364,-1.3534,-1.4472,-1.59,-1.7252,-1.7861,-1.729,-1.5362,-1.2484,-0.92286,-0.60473,-0.3123,-0.040431,0.22879,0.50301,0.78119,1.0438,1.2575,1.3852,1.4004,1.2994,1.1025,0.84556,0.56332,0.28342,0.02192,-0.21588
0.787,1.1394,1.2729,1.2015,1.104,1.0945,1.0865,0.94098,0.63347,0.24643,-0.091296,-0.28219,-0.35278,-0.45589,-0.73363,-1.1666,-1.5389,-1.6556,-1.5266,-1.2676,-0.9594,-0.63544,-0.3184,-0.044589,0.14413,0.21493,0.16482,0.018383,-0.19151,-0.43061,-0.65889,-0.82386,-0.87291,-0.79482,-0.62334,-0.42171,-0.25197,-0.15264,-0.13246,-0.17801,-0.27125,-0.40142,-0.56116,-0.74522,-0.94828,-1.1549,-1.3516,-1.5136,-1.6099,-1.6269,-1.5672,-1.4639,-1.3671,-1.3213,-1.3616,-1.4816,-1.6468,-1.8017,-1.8841,-1.8445,-1.6745,-1.4078,-1.0969,-0.78659,-0.49602,-0.21992,0.056127,0.34603,0.64487,0.9326,1.1767,1.3408,1.3967,1.3357,1.1718,0.9368,0.66349,0.38274,0.1149,-0.13077
0.60886,0.9944,1.1823,1.153,1.0678,1.045,1.0213,0.87159,0.56886,0.18597,-0.15125,-0.34407,-0.4208,-0.53419,-0.82546,-1.2572,-1.5994,-1.6584,-1.4646,-1.15,-0.80277,-0.46034,-0.15052,0.088749,0.21734,0.21689,0.10415,-0.079222,-0.29036,-0.50961,-0.72286,-0.88816,-0.95284,-0.88261,-0.70654,-0.49165,-0.3129,-0.21983,-0.22559,-0.32129,-0.48745,-0.71293,-0.98265,-1.276,-1.5618,-1.8002,-1.9551,-2.0058,-1.9526,-1.8181,-1.6417,-1.4684,-1.3427,-1.3053,-1.3636,-1.512,-1.7113,-1.8968,-1.9986,-1.9726,-1.8213,-1.5822,-1.3085,-1.0354,-0.77178,-0.50899,-0.23317,0.059396,0.36551,0.66901,0.94178,1.1483,1.2567,1.2515,1.1398,0.94725,0.70457,0.44175,0.18086,-0.066087
0.46107,0.86371,1.088,1.091,1.0163,0.9867,0.95603,0.80795,0.51187,0.13788,-0.18781,-0.36605,-0.42745,-0.52723,-0.80783,-1.2245,-1.5412,-1.5664,-1.3403,-1.0002,-0.63688,-0.29199,0.0023087,0.20696,0.2806,0.21369,0.037136,-0.187,-0.40465,-0.60224,-0.78427,-0.93269,-0.99273,-0.92819,-0.75635,-0.55046,-0.38605,-0.31851,-0.36423,-0.51372,-0.75155,-1.0567,-1.4161,-1.7998,-2.1491,-2.4057,-2.5092,-2.4438,-2.2463,-1.9746,-1.6959,-1.4679,-1.3328,-1.3081,-1.4029,-1.5831,-1.7933,-1.9697,-2.0603,-2.0404,-1.9169,-1.729,-1.5147,-1.2964,-1.0759,-0.84136,-0.58194,-0.29884,0.0017025,0.30378,0.5839,0.81264,0.96107,1.011,0.96181,0.82632,0.63454,0.41131,0.17674,-0.055828
0.3737,0.77804,1.0192,1.0392,0.9732,0.9449,0.91596,0.77386,0.48324,0.11669,-0.19566,-0.35494,-0.39303,-0.47014,-0.73071,-1.1301,-1.4346,-1.4541,-1.2251,-0.88204,-0.51589,-0.17238,0.11097,0.2918,0.32886,0.21715,-0.0040234,-0.25722,-0.48376,-0.6706,-0.83587,-0.97163,-1.0216,-0.95155,-0.77976,-0.57982,-0.43088,-0.38747,-0.46987,-0.66554,-0.95275,-1.3137,-1.7254,-2.1494,-2.526,-2.7643,-2.8114,-2.6676,-2.3846,-2.0539,-1.7439,-1.5041,-1.3662,-1.3522,-1.447,-1.6248,-1.8348,-2.0138,-2.1068,-2.0889,-1.9856,-1.8325,-1.6653,-1.4956,-1.3128,-1.102,-0.85749,-0.59076,-0.31381,-0.0361,0.23204,0.47139,0.6534,0.75141,0.75409,0.67263,0.52254,0.3315,0.12307,-0.086918
0.29139,0.68555,0.93438,0.96908,0.91666,0.90025,0.88542,0.75499,0.47112,0.11246,-0.18218,-0.30932,-0.30656,-0.34138,-0.55968,-0.92799,-1.2258,-1.2642,-1.0593,-0.7301,-0.36802,-0.026529,0.24746,0.40175,0.39813,0.23524,-0.033816,-0.32043,-0.55843,-0.74198,-0.90282,-1.0303,-1.0722,-0.98876,-0.8095,-0.61011,-0.4779,-0.46884,-0.59446,-0.83726,-1.1679,-1.5646,-2.0052,-2.4507,-2.8278,-3.0516,-3.0556,-2.8487,-2.5108,-2.1329,-1.7944,-1.5471,-1.4213,-1.4225,-1.5413,-1.7351,-1.9416,-2.0987,-2.1677,-2.1499,-2.0662,-1.9602,-1.8562,-1.7516,-1.6238,-1.4519,-1.2346,-0.99661,-0.75467,-0.51813,-0.28657,-0.062163,0.13948,0.2923,0.37372,0.372,0.30168,0.17828,0.019824,-0.15805
0.25029,0.62294,0.8635,0.9034,0.86911,0.87721,0.88733,0.77225,0.49279,0.13581,-0.14546,-0.24092,-0.19206,-0.1727,-0.33664,-0.66948,-0.97126,-1.0509,-0.89446,-0.59572,-0.24262,0.1008,0.37478,0.51739,0.49007,0.29327,-0.012091,-0.33238,-0.59225,-0.79314,-0.96156,-1.0881,-1.1215,-1.0236,-0.83003,-0.62755,-0.50746,-0.52426,-0.68399,-0.95551,-1.2988,-1.6843,-2.0935,-2.4973,-2.8356,-3.0287,-3.0195,-2.8208,-2.5065,-2.1634,-1.8643,-1.6531,-1.5527,-1.5707,-1.6886,-1.8669,-2.0513,-2.1878,-2.2443,-2.2213,-2.1589,-2.0937,-2.0432,-1.9907,-1.9009,-1.7527,-1.5631,-1.3576,-1.1736,-1.0135,-0.85163,-0.66014,-0.44008,-0.22662,-0.064055,0.023269,0.029293,-0.031332,-0.13699,-0.26852
