-0.32585,-0.073536,-0.067333,-0.30393,-0.69708,-1.1097,-1.4543,-1.6634,-1.6958,-1.5942,-1.4743,-1.4318,-1.4634,-1.4753,-1.3917,-1.2259,-1.0493,-0.9321,-0.91394,-0.9941,-1.1246,-1.2179,-1.1865,-0.99296,-0.65954,-0.25017,0.16055,0.50036,0.7066,0.72408,0.52361,0.1213,-0.38191,-0.81469,-1.019,-0.96155,-0.72451,-0.42625,-0.15367,0.04484,0.15535,0.18856,0.16496,0.11,0.048366,0.0023786,-0.0098332,0.016886,0.073027,0.13499,0.17259,0.15303,0.045473,-0.16964,-0.48321,-0.84466,-1.1577,-1.3153,-1.2626,-1.0368,-0.72284,-0.40904,-0.1358,0.096258,0.29953,0.47611,0.60785,0.67487,0.65059,0.5271,0.31671,0.048898,-0.23654,-0.49872,-0.70493,-0.8365,-0.88855,-0.86616,-0.78432,-0.66381
-0.32226,-0.084635,-0.11919,-0.40591,-0.8203,-1.202,-1.4788,-1.6197,-1.611,-1.5031,-1.3985,-1.3774,-1.4255,-1.4524,-1.3943,-1.2698,-1.1444,-1.0737,-1.0819,-1.1596,-1.2624,-1.3188,-1.2602,-1.0566,-0.72626,-0.32454,0.078078,0.41089,0.61282,0.63354,0.44359,0.062428,-0.41399,-0.81992,-1.0083,-0.94508,-0.70876,-0.40849,-0.13045,0.078311,0.19927,0.24227,0.2253,0.17519,0.12209,0.090394,0.10129,0.15724,0.24163,0.32693,0.37784,0.36261,0.25536,0.04071,-0.26879,-0.6249,-0.94188,-1.1238,-1.1156,-0.93918,-0.66909,-0.38028,-0.11628,0.1119,0.30695,0.46737,0.58203,0.62648,0.58961,0.47026,0.28276,0.054174,-0.1825,-0.39681,-0.56692,-0.67871,-0.73104,-0.72558,-0.6706,-0.57974
-0.32607,-0.1089,-0.19,-0.53569,-0.97391,-1.3111,-1.4948,-1.5411,-1.4736,-1.3502,-1.2571,-1.2541,-1.3192,-1.3685,-1.3514,-1.2898,-1.2367,-1.2288,-1.2717,-1.3445,-1.4087,-1.419,-1.3341,-1.1315,-0.82165,-0.44634,-0.066319,0.2509,0.44846,0.48083,0.31928,-0.016049,-0.4387,-0.80074,-0.97414,-0.91967,-0.70217,-0.41637,-0.14693,0.057229,0.18098,0.22904,0.22889,0.20752,0.1877,0.1961,0.2436,0.33229,0.44727,0.55692,0.62825,0.62776,0.53,0.32662,0.030212,-0.30993,-0.61595,-0.80838,-0.84475,-0.73751,-0.54296,-0.31847,-0.097904,0.10555,0.28423,0.42533,0.51082,0.53007,0.47678,0.36147,0.20393,0.026834,-0.14855,-0.30485,-0.42969,-0.51599,-0.56075,-0.56294,-0.52743,-0.46329
-0.33266,-0.13071,-0.24041,-0.6215,-1.0733,-1.3772,-1.4933,-1.4708,-1.3594,-1.22,-1.1271,-1.1274,-1.1983,-1.2654,-1.2839,-1.2722,-1.2734,-1.3106,-1.3766,-1.4446,-1.4843,-1.4679,-1.3712,-1.1781,-0.89437,-0.55101,-0.20054,0.099438,0.29423,0.34282,0.21783,-0.067638,-0.43592,-0.76227,-0.92997,-0.90028,-0.71558,-0.45839,-0.20372,-0.0051243,0.11659,0.17076,0.18219,0.18171,0.19522,0.23957,0.3245,0.44446,0.58075,0.7038,0.78207,0.78808,0.70169,0.51435,0.244,-0.069041,-0.35948,-0.55955,-0.62912,-0.5766,-0.43698,-0.25802,-0.073749,0.098168,0.24711,0.36069,0.42393,0.4238,0.36388,0.25699,0.12352,-0.015524,-0.14447,-0.25518,-0.34449,-0.40991,-0.44799,-0.45585,-0.43352,-0.38597
-0.34337,-0.16074,-0.29856,-0.71287,-1.173,-1.4346,-1.4696,-1.3663,-1.2009,-1.036,-0.93091,-0.92149,-0.99003,-1.0787,-1.148,-1.2046,-1.274,-1.3635,-1.4537,-1.5154,-1.5296,-1.4896,-1.3906,-1.224,-0.98992,-0.70409,-0.40223,-0.13046,0.065643,0.14518,0.079909,-0.12635,-0.41721,-0.69195,-0.85308,-0.8598,-0.73493,-0.53768,-0.33358,-0.1686,-0.062426,-0.0013681,0.039582,0.085928,0.15591,0.25403,0.38332,0.53718,0.69601,0.83598,0.92556,0.93997,0.86498,0.70144,0.46498,0.1969,-0.052118,-0.23703,-0.33444,-0.34405,-0.28998,-0.19481,-0.075539,0.053191,0.17292,0.26095,0.29806,0.27738,0.20625,0.10818,0.0078022,-0.079848,-0.15125,-0.20936,-0.25737,-0.29673,-0.32214,-0.32987,-0.31815,-0.28805
-0.35381,-0.18825,-0.34265,-0.77009,-1.2259,-1.4478,-1.416,-1.2491,-1.0404,-0.84898,-0.7222,-0.68975,-0.74518,-0.84989,-0.96617,-1.0859,-1.2124,-1.34,-1.4449,-1.5003,-1.498,-1.4494,-1.3643,-1.2408,-1.0682,-0.85079,-0.60798,-0.37181,-0.17628,-0.064854,-0.064956,-0.18302,-0.38808,-0.60626,-0.76364,-0.81529,-0.76496,-0.64804,-0.51486,-0.40355,-0.32528,-0.26566,-0.19401,-0.090406,0.045877,0.20776,0.38178,0.55869,0.72779,0.86867,0.96065,0.98406,0.92759,0.79277,0.6005,0.38228,0.17477,0.0073118,-0.10521,-0.16322,-0.17261,-0.14078,-0.078615,-9.299e-05,0.077293,0.13384,0.15232,0.12405,0.06177,-0.012937,-0.077849,-0.12086,-0.14382,-0.15734,-0.1716,-0.18749,-0.2043,-0.21509,-0.21272,-0.19335
-0.3605,-0.20624,-0.36542,-0.78924,-1.2316,-1.4248,-1.3551,-1.154,-0.92258,-0.71528,-0.56995,-0.51514,-0.55562,-0.6673,-0.81216,-0.96912,-1.1265,-1.2703,-1.3772,-1.4285,-1.4256,-1.3849,-1.3187,-1.226,-1.0965,-0.92945,-0.73588,-0.53679,-0.35836,-0.23029,-0.18239,-0.22852,-0.35971,-0.53128,-0.68916,-0.78408,-0.80142,-0.75617,-0.68307,-0.61498,-0.56011,-0.50019,-0.40629,-0.26244,-0.076927,0.12706,0.33033,0.52055,0.68985,0.82645,0.91444,0.9389,0.89185,0.77758,0.61584,0.43679,0.26902,0.12921,0.020572,-0.056839,-0.10674,-0.12403,-0.10475,-0.055141,0.0060727,0.054078,0.067998,0.044123,-0.0072251,-0.062742,-0.10229,-0.11899,-0.11875,-0.11241,-0.10823,-0.11202,-0.11721,-0.12018,-0.11803,-0.10903
-0.3665,-0.22675,-0.38318,-0.78437,-1.194,-1.351,-1.2477,-1.0207,-0.77413,-0.55376,-0.38505,-0.29774,-0.31479,-0.42879,-0.60106,-0.79157,-0.96976,-1.1142,-1.2111,-1.2586,-1.2673,-1.251,-1.2161,-1.1592,-1.0793,-0.97607,-0.85739,-0.72426,-0.58538,-0.4456,-0.33122,-0.2806,-0.31329,-0.42894,-0.58817,-0.74365,-0.85437,-0.91041,-0.92808,-0.92742,-0.90927,-0.84697,-0.71474,-0.51101,-0.26396,-0.015594,0.20831,0.39942,0.55567,0.67755,0.75398,0.77418,0.73459,0.64461,0.52289,0.39413,0.27553,0.17242,0.081641,-0.0017549,-0.070678,-0.11518,-0.12717,-0.10803,-0.069823,-0.03121,-0.010141,-0.015837,-0.040234,-0.065853,-0.075353,-0.062398,-0.034233,-0.0049616,0.013798,0.021196,0.015645,0.003908,-0.0057911,-0.0064768
-0.36906,-0.23971,-0.38838,-0.76126,-1.1348,-1.2656,-1.1472,-0.91617,-0.67075,-0.44817,-0.26591,-0.15531,-0.15406,-0.2657,-0.45134,-0.6558,-0.83533,-0.96654,-1.0475,-1.0908,-1.111,-1.1151,-1.103,-1.0711,-1.0256,-0.96892,-0.90453,-0.82436,-0.71754,-0.57771,-0.42675,-0.31494,-0.28796,-0.3645,-0.51996,-0.70727,-0.87856,-1.0094,-1.098,-1.152,-1.1598,-1.0966,-0.93691,-0.69134,-0.4079,-0.13374,0.095405,0.27325,0.40917,0.50522,0.56106,0.57032,0.53139,0.45356,0.35893,0.26869,0.19267,0.12624,0.059157,-0.010097,-0.079877,-0.13038,-0.14823,-0.13334,-0.097768,-0.058213,-0.025079,-0.012782,-0.012597,-0.011078,0.0025344,0.029434,0.062245,0.091473,0.1111,0.1182,0.11553,0.10856,0.099932,0.091159
-0.37048,-0.25559,-0.38808,-0.70969,-1.0215,-1.1161,-0.99107,-0.77144,-0.54372,-0.32975,-0.13686,-0.0012673,0.022957,-0.082694,-0.278,-0.48938,-0.65682,-0.75791,-0.80908,-0.84159,-0.87253,-0.89806,-0.90942,-0.90575,-0.89764,-0.89445,-0.89415,-0.8859,-0.83421,-0.71569,-0.54094,-0.36286,-0.26291,-0.28369,-0.42475,-0.64326,-0.88523,-1.1062,-1.2778,-1.3863,-1.4124,-1.3347,-1.1456,-0.87302,-0.57158,-0.29877,-0.084912,0.065729,0.1631,0.22041,0.24063,0.22418,0.17515,0.10608,0.038472,-0.010621,-0.037722,-0.052697,-0.06941,-0.096036,-0.12594,-0.14995,-0.15753,-0.14267,-0.10543,-0.05221,0.002238,0.053467,0.092696,0.12175,0.14846,0.1792,0.21358,0.24519,0.26639,0.27308,0.26703,0.24831,0.22264,0.19754
-0.37035,-0.27103,-0.38246,-0.64062,-0.87918,-0.936,-0.81581,-0.62346,-0.42977,-0.23839,-0.046743,0.10471,0.14696,0.048681,-0.14678,-0.35325,-0.49776,-0.56204,-0.57982,-0.5967,-0.6311,-0.66954,-0.69292,-0.7006,-0.71011,-0.74168,-0.8046,-0.87672,-0.90696,-0.83522,-0.64838,-0.41244,-0.23398,-0.19612,-0.31549,-0.55559,-0.85013,-1.1343,-1.3572,-1.4897,-1.5141,-1.4217,-1.2228,-0.95397,-0.67028,-0.426,-0.25041,-0.14687,-0.10245,-0.098259,-0.12411,-0.17491,-0.24346,-0.31318,-0.36367,-0.37893,-0.36131,-0.3269,-0.29141,-0.25803,-0.22965,-0.1966,-0.15518,-0.10551,-0.048211,0.016589,0.090007,0.15828,0.21749,0.26644,0.30779,0.34427,0.37565,0.39892,0.4107,0.41181,0.39752,0.37267,0.34152,0.30873
-0.37004,-0.28329,-0.37771,-0.58265,-0.76021,-0.78807,-0.67645,-0.51302,-0.35267,-0.18754,-0.0065383,0.14894,0.20009,0.10867,-0.08056,-0.27487,-0.39702,-0.43292,-0.4264,-0.43136,-0.46632,-0.51015,-0.53609,-0.54319,-0.55506,-0.60207,-0.70445,-0.83332,-0.92629,-0.89696,-0.71029,-0.44208,-0.21466,-0.13596,-0.23333,-0.47349,-0.7865,-1.0947,-1.3345,-1.4664,-1.4768,-1.3752,-1.1826,-0.93705,-0.69015,-0.48346,-0.34753,-0.2874,-0.28742,-0.33145,-0.4009,-0.48334,-0.56793,-0.63955,-0.68017,-0.67886,-0.63854,-0.57233,-0.49307,-0.40831,-0.31585,-0.22612,-0.1452,-0.072185,0.00074671,0.080781,0.16206,0.24703,0.3185,0.37122,0.40943,0.44025,0.46695,0.48774,0.49884,0.49725,0.4828,0.45614,0.42022,0.37898
-0.36903,-0.30046,-0.37226,-0.50204,-0.59406,-0.58325,-0.48713,-0.36987,-0.26216,-0.14184,0.012226,0.16149,0.21998,0.1399,-0.033812,-0.20338,-0.29201,-0.29343,-0.26145,-0.25475,-0.28834,-0.3327,-0.35475,-0.35539,-0.36347,-0.42138,-0.55146,-0.73376,-0.89013,-0.91715,-0.75526,-0.46694,-0.19814,-0.071627,-0.13186,-0.35178,-0.66118,-0.97219,-1.2045,-1.3101,-1.2915,-1.1754,-1.006,-0.81956,-0.64298,-0.51329,-0.44516,-0.44371,-0.50438,-0.6036,-0.72438,-0.8477,-0.95464,-1.0282,-1.0559,-1.0367,-0.98049,-0.89677,-0.78564,-0.64283,-0.47415,-0.29553,-0.13259,-0.0015527,0.098626,0.18088,0.26129,0.33375,0.39828,0.44974,0.48744,0.5157,0.53942,0.5596,0.57275,0.57608,0.56218,0.53123,0.48699,0.43606
-0.3667,-0.31817,-0.36772,-0.42097,-0.42735,-0.37923,-0.30141,-0.23416,-0.18487,-0.11957,-0.0065467,0.12433,0.18569,0.12161,-0.02799,-0.16695,-0.22355,-0.2006,-0.15656,-0.14572,-0.17449,-0.20758,-0.21267,-0.19562,-0.19303,-0.2519,-0.39478,-0.61213,-0.82016,-0.90045,-0.77303,-0.47804,-0.17549,-0.005194,-0.026466,-0.21651,-0.50064,-0.78605,-0.98525,-1.059,-1.0169,-0.90932,-0.77588,-0.6444,-0.53968,-0.47235,-0.46527,-0.52773,-0.64812,-0.80963,-0.97809,-1.1254,-1.2344,-1.2967,-1.3133,-1.2915,-1.2385,-1.1547,-1.0287,-0.84696,-0.61468,-0.36586,-0.14078,0.036026,0.16315,0.25357,0.32063,0.37572,0.41842,0.45026,0.47564,0.4997,0.52506,0.55055,0.57208,0.58326,0.57928,0.55897,0.52217,0.47116
-0.36245,-0.32964,-0.36369,-0.36105,-0.30565,-0.23159,-0.16828,-0.13871,-0.13511,-0.11659,-0.042381,0.068202,0.13006,0.082064,-0.04284,-0.15645,-0.19355,-0.16145,-0.11746,-0.10854,-0.13176,-0.14827,-0.13119,-0.093773,-0.078962,-0.13458,-0.2888,-0.52669,-0.76538,-0.87574,-0.76412,-0.46812,-0.14484,0.053064,0.0597,-0.10478,-0.36656,-0.6285,-0.80458,-0.85529,-0.79998,-0.69226,-0.57892,-0.48769,-0.43125,-0.41793,-0.45926,-0.56122,-0.7172,-0.90822,-1.0988,-1.2542,-1.3521,-1.3933,-1.3866,-1.3596,-1.3258,-1.2741,-1.1711,-0.98676,-0.72424,-0.42555,-0.15098,0.059463,0.19807,0.27974,0.3272,0.35335,0.37113,0.38537,0.40054,0.42219,0.45357,0.49181,0.52831,0.55382,0.56015,0.54379,0.50694,0.4558
-0.35187,-0.33941,-0.35341,-0.28234,-0.15146,-0.046353,-0.0022618,-0.019993,-0.077397,-0.12582,-0.11153,-0.036888,0.023889,0.0043731,-0.079104,-0.15594,-0.17388,-0.14209,-0.10911,-0.10688,-0.11977,-0.10846,-0.056953,0.010816,0.044676,-0.0034529,-0.16483,-0.41411,-0.66776,-0.79383,-0.69414,-0.40751,-0.079773,0.13751,0.17631,0.049991,-0.17588,-0.40784,-0.56238,-0.59722,-0.53641,-0.43615,-0.34981,-0.30136,-0.29211,-0.32761,-0.41085,-0.54944,-0.74279,-0.95925,-1.1608,-1.306,-1.3736,-1.3704,-1.3405,-1.3142,-1.3048,-1.2931,-1.2321,-1.0733,-0.80942,-0.49131,-0.18942,0.044906,0.19408,0.26618,0.28055,0.26538,0.2395,0.21982,0.21823,0.24,0.28302,0.33915,0.39723,0.44445,0.47305,0.47885,0.46036,0.41962
-0.33825,-0.3403,-0.34006,-0.22259,-0.042552,0.081012,0.11214,0.062563,-0.039031,-0.1383,-0.17367,-0.13143,-0.072746,-0.066056,-0.11112,-0.15754,-0.1658,-0.14397,-0.12722,-0.13182,-0.13475,-0.10059,-0.023232,0.065243,0.11269,0.072541,-0.079576,-0.31909,-0.56146,-0.6826,-0.59346,-0.32305,-0.0078974,0.21242,0.26915,0.16963,-0.028602,-0.24114,-0.38904,-0.42981,-0.38152,-0.29638,-0.22368,-0.18693,-0.19244,-0.24004,-0.34068,-0.50277,-0.71609,-0.95252,-1.1567,-1.2788,-1.3022,-1.2546,-1.19,-1.1593,-1.1761,-1.2105,-1.1992,-1.0818,-0.8388,-0.5217,-0.21247,0.025057,0.16535,0.21485,0.19914,0.14559,0.087526,0.04654,0.03485,0.05725,0.11104,0.18556,0.26486,0.33383,0.38003,0.39785,0.38816,0.35658
-0.30811,-0.3286,-0.30919,-0.13973,0.092604,0.23455,0.25072,0.16443,0.011337,-0.15247,-0.25619,-0.26323,-0.21053,-0.1649,-0.15265,-0.15454,-0.15256,-0.15138,-0.16275,-0.17816,-0.16497,-0.096957,0.014706,0.12669,0.18866,0.16096,0.02912,-0.18043,-0.38758,-0.48552,-0.40115,-0.15719,0.12829,0.337,0.40586,0.33578,0.17186,-0.021654,-0.17312,-0.2418,-0.22732,-0.16823,-0.10652,-0.071403,-0.075792,-0.12946,-0.24123,-0.41501,-0.63947,-0.87466,-1.0632,-1.1518,-1.125,-1.022,-0.91545,-0.86485,-0.89102,-0.96398,-1.0136,-0.9609,-0.78283,-0.51706,-0.24279,-0.028752,0.09038,0.11142,0.054672,-0.044772,-0.14869,-0.22299,-0.24775,-0.21952,-0.14809,-0.050753,0.053603,0.14802,0.21945,0.26298,0.27725,0.26476
-0.26022,-0.29643,-0.25958,-0.049325,0.21735,0.36984,0.37453,0.26119,0.068113,-0.14972,-0.3189,-0.37885,-0.33532,-0.25107,-0.17928,-0.13545,-0.122,-0.13992,-0.1793,-0.2065,-0.17771,-0.077738,0.062702,0.19142,0.26407,0.25143,0.14532,-0.023244,-0.18396,-0.24894,-0.16051,0.053868,0.30417,0.49244,0.56599,0.51827,0.37806,0.19265,0.020512,-0.091247,-0.12394,-0.097075,-0.044594,0.0011701,0.015476,-0.020533,-0.12287,-0.29532,-0.51864,-0.74509,-0.90706,-0.94961,-0.86798,-0.71528,-0.57497,-0.51139,-0.54111,-0.63122,-0.71434,-0.72237,-0.61695,-0.42864,-0.2257,-0.07267,-0.0057885,-0.031042,-0.12838,-0.26551,-0.39606,-0.48478,-0.51338,-0.47991,-0.39498,-0.27787,-0.15139,-0.036155,0.057101,0.11748,0.1443,0.1433
-0.2107,-0.25584,-0.20615,0.025839,0.30666,0.46153,0.45939,0.33304,0.12014,-0.12879,-0.34082,-0.43999,-0.40532,-0.29492,-0.18077,-0.1041,-0.0798,-0.10667,-0.16154,-0.1953,-0.15748,-0.040086,0.11443,0.24948,0.32642,0.32447,0.24281,0.11236,-0.0073631,-0.04599,0.038765,0.22487,0.44444,0.61657,0.69242,0.65959,0.53311,0.34971,0.15767,0.010299,-0.061664,-0.060361,-0.014349,0.041554,0.074759,0.057798,-0.029686,-0.19113,-0.40257,-0.6138,-0.75531,-0.77279,-0.66351,-0.48578,-0.32094,-0.23518,-0.24766,-0.33024,-0.42393,-0.46583,-0.42503,-0.31817,-0.19412,-0.1036,-0.080229,-0.13542,-0.25793,-0.40924,-0.54969,-0.64167,-0.66649,-0.6263,-0.53695,-0.41911,-0.29219,-0.17099,-0.072029,0.0024533,0.050459,0.072063
-0.12409,-0.17946,-0.1113,0.13889,0.42364,0.57481,0.56588,0.43176,0.208,-0.065487,-0.32147,-0.46691,-0.44811,-0.30964,-0.14654,-0.030358,0.0115,-0.016737,-0.079895,-0.11603,-0.070795,0.056484,0.21508,0.34854,0.42415,0.43257,0.38503,0.30709,0.24239,0.23565,0.30792,0.45175,0.62263,0.76721,0.84283,0.82921,0.72554,0.5516,0.34463,0.15823,0.036815,0.00065599,0.032434,0.095339,0.14925,0.15407,0.088225,-0.04954,-0.23544,-0.41348,-0.52064,-0.50926,-0.37942,-0.18219,0.00099968,0.11296,0.13345,0.080357,-0.0046806,-0.078542,-0.11104,-0.10784,-0.09624,-0.10841,-0.16622,-0.2745,-0.42105,-0.57234,-0.69351,-0.76112,-0.76906,-0.72399,-0.63862,-0.52796,-0.40761,-0.29188,-0.1921,-0.11545,-0.064441,-0.03721
-0.043315,-0.10574,-0.023577,0.23301,0.51167,0.6553,0.64279,0.51095,0.2911,0.013575,-0.26158,-0.43443,-0.42822,-0.27534,-0.084064,0.057048,0.11283,0.089673,0.029184,-0.0026677,0.045989,0.17069,0.31979,0.44221,0.51038,0.52298,0.49284,0.44607,0.41371,0.42474,0.48992,0.6032,0.73625,0.85599,0.92887,0.93142,0.85152,0.69408,0.49011,0.28747,0.1391,0.073148,0.085696,0.14452,0.20417,0.22316,0.17418,0.055443,-0.10496,-0.25928,-0.34464,-0.31638,-0.1751,0.026404,0.22379,0.35671,0.40398,0.37762,0.30692,0.22241,0.14014,0.065455,-0.0091425,-0.096558,-0.20855,-0.34796,-0.50151,-0.64075,-0.73846,-0.77974,-0.76744,-0.7145,-0.63504,-0.54066,-0.44055,-0.34128,-0.25387,-0.18182,-0.12822,-0.0946
0.084342,0.011907,0.11152,0.36995,0.63142,0.76016,0.74521,0.62539,0.42611,0.16351,-0.11421,-0.30792,-0.3176,-0.15638,0.058126,0.22203,0.29243,0.27941,0.23125,0.2129,0.2653,0.37482,0.4934,0.58323,0.62863,0.63771,0.62323,0.60796,0.60744,0.62936,0.6789,0.74877,0.83468,0.92421,0.99692,1.023,0.97883,0.85561,0.67285,0.47385,0.31147,0.22053,0.20343,0.23599,0.28007,0.29756,0.26438,0.17745,0.057445,-0.052185,-0.10418,-0.063967,0.070049,0.26523,0.46189,0.61587,0.70398,0.72418,0.68482,0.59371,0.46403,0.30466,0.12723,-0.05869,-0.24587,-0.42398,-0.57241,-0.6759,-0.71796,-0.70539,-0.65888,-0.59863,-0.53557,-0.47225,-0.40823,-0.34117,-0.28086,-0.22889,-0.18785,-0.15822
0.2313,0.14717,0.26281,0.51788,0.75623,0.86645,0.85066,0.75114,0.58642,0.36184,0.10707,-0.086166,-0.10907,0.044669,0.26335,0.43496,0.51299,0.51271,0.4858,0.4881,0.54194,0.62422,0.69522,0.73122,0.73635,0.72783,0.72529,0.73599,0.75594,0.77191,0.78393,0.8002,0.83934,0.90703,0.98668,1.0437,1.0443,0.97246,0.83517,0.6686,0.51685,0.41398,0.36565,0.35629,0.3608,0.35586,0.32467,0.26392,0.18738,0.11943,0.094561,0.1406,0.26395,0.44124,0.63811,0.81233,0.93706,0.99852,0.98839,0.90131,0.73525,0.5053,0.23997,-0.027452,-0.26873,-0.46192,-0.58895,-0.63767,-0.61728,-0.55393,-0.47965,-0.4168,-0.37184,-0.33954,-0.31155,-0.28626,-0.25422,-0.22271,-0.19639,-0.17828
0.35136,0.25596,0.38157,0.63295,0.85275,0.94769,0.93275,0.85141,0.72024,0.53446,0.31239,0.13258,0.10264,0.24065,0.44777,0.615,0.69608,0.70803,0.70103,0.71923,0.76947,0.82397,0.85128,0.8399,0.80709,0.7779,0.77644,0.79696,0.82045,0.82418,0.80095,0.77428,0.7749,0.82491,0.91213,0.99838,1.0439,1.0237,0.94008,0.81641,0.687,0.5794,0.50271,0.45125,0.41259,0.3769,0.33627,0.29058,0.24695,0.21612,0.21682,0.26594,0.37234,0.53009,0.71568,0.898,1.0472,1.1385,1.1506,1.0671,0.88475,0.62008,0.30917,-0.0032709,-0.27595,-0.47635,-0.58084,-0.5924,-0.52905,-0.42823,-0.32864,-0.25608,-0.21816,-0.20776,-0.21109,-0.21203,-0.21235,-0.20668,-0.19648,-0.18475
0.52014,0.40466,0.53904,0.78464,0.9803,1.0557,1.0426,0.9875,0.90482,0.78066,0.6169,0.47144,0.43676,0.54335,0.71905,0.86793,0.95082,0.98322,1.0042,1.0391,1.0778,1.089,1.0523,0.97408,0.88316,0.81382,0.79001,0.80339,0.81849,0.80193,0.73681,0.65296,0.60113,0.62704,0.72818,0.86471,0.98247,1.045,1.0435,0.98836,0.90095,0.79562,0.68086,0.56257,0.45125,0.35835,0.29738,0.27026,0.26809,0.28597,0.31694,0.36693,0.45014,0.57918,0.74859,0.94011,1.1184,1.2436,1.2795,1.2034,1.005,0.70598,0.35309,0.0050635,-0.28372,-0.47312,-0.54614,-0.50539,-0.39092,-0.25358,-0.13685,-0.064028,-0.037365,-0.045111,-0.071068,-0.10534,-0.12992,-0.1473,-0.15901,-0.16681
0.69302,0.54837,0.68422,0.92428,1.0991,1.1582,1.1459,1.1169,1.0828,1.0244,0.92876,0.82815,0.79541,0.86659,0.99808,1.1195,1.2002,1.2516,1.2988,1.3463,1.3691,1.3352,1.2341,1.0836,0.9215,0.79206,0.72529,0.71768,0.72204,0.68421,0.58301,0.44322,0.34132,0.34344,0.46259,0.6534,0.84987,1.0057,1.093,1.1121,1.0697,0.97295,0.82864,0.64826,0.45717,0.29666,0.19887,0.17451,0.20844,0.26791,0.33059,0.39097,0.46219,0.56539,0.71703,0.90506,1.0947,1.2391,1.2938,1.2269,1.0305,0.72809,0.36906,0.016213,-0.27007,-0.44452,-0.4863,-0.41532,-0.27297,-0.11299,0.02034,0.10154,0.12479,0.10047,0.048509,-0.0088716,-0.062944,-0.09995,-0.11888,-0.12602
0.82097,0.64723,0.77873,1.0143,1.1769,1.2265,1.2154,1.2028,1.2038,1.1947,1.1522,1.0892,1.0607,1.1056,1.1996,1.2961,1.371,1.433,1.4968,1.5524,1.5643,1.4992,1.3509,1.1421,0.91906,0.73471,0.63136,0.60517,0.60189,0.54904,0.41854,0.23795,0.095735,0.078149,0.21261,0.44719,0.71053,0.94121,1.1033,1.1817,1.1727,1.0807,0.91145,0.68113,0.42805,0.20702,0.07317,0.049004,0.10839,0.20701,0.30002,0.36888,0.42637,0.51045,0.63961,0.8207,1.02,1.1826,1.2543,1.1982,1.0106,0.71264,0.35898,0.017476,-0.24972,-0.40002,-0.42318,-0.33341,-0.17949,-0.016068,0.11416,0.18927,0.20725,0.18005,0.12555,0.058848,0.0009311,-0.0477,-0.086151,-0.11434
0.9848,0.76184,0.87756,1.1055,1.2583,1.3001,1.2913,1.2979,1.3412,1.3958,1.4221,1.4094,1.3877,1.3962,1.4373,1.4941,1.5547,1.6252,1.7073,1.7748,1.7784,1.6791,1.4738,1.193,0.88758,0.62337,0.46085,0.40055,0.37938,0.30994,0.14185,-0.088465,-0.28207,-0.31847,-0.15713,0.14943,0.50873,0.83795,1.0911,1.2367,1.2652,1.1738,0.96994,0.67703,0.34508,0.049151,-0.1305,-0.16178,-0.075135,0.060978,0.18647,0.27475,0.33604,0.4028,0.52105,0.69355,0.8879,1.0494,1.1256,1.0836,0.91593,0.65274,0.34613,0.057461,-0.15989,-0.27302,-0.27526,-0.18829,-0.051906,0.09147,0.20718,0.27359,0.28435,0.24773,0.18182,0.10547,0.035447,-0.016976,-0.049707,-0.067657
1.0989,0.83078,0.92635,1.1473,1.2971,1.3391,1.334,1.3521,1.4229,1.5206,1.5958,1.6182,1.6004,1.5797,1.5784,1.6009,1.6464,1.7213,1.8187,1.8993,1.9025,1.7846,1.5437,1.2139,0.84781,0.51919,0.29917,0.20408,0.16701,0.091394,-0.087835,-0.34343,-0.56263,-0.60815,-0.42466,-0.064262,0.36081,0.75756,1.0618,1.243,1.2895,1.1995,0.98203,0.65898,0.27845,-0.069937,-0.29336,-0.34135,-0.24042,-0.071279,0.088587,0.19751,0.25967,0.31788,0.4143,0.56973,0.75748,0.92149,1.0066,0.9775,0.83732,0.61236,0.35324,0.11554,-0.056279,-0.13823,-0.13148,-0.055552,0.057982,0.17392,0.26416,0.31197,0.31292,0.27339,0.20688,0.13065,0.060387,0.0025196,-0.039011,-0.063991
1.2364,0.89653,0.95185,1.1606,1.314,1.3659,1.3691,1.4011,1.5009,1.6468,1.7784,1.8415,1.8245,1.7621,1.7017,1.6735,1.6969,1.7805,1.9046,2.0092,2.0182,1.8827,1.6022,1.2125,0.77135,0.35792,0.058016,-0.087115,-0.13802,-0.2058,-0.37471,-0.63971,-0.88464,-0.95003,-0.74562,-0.3252,0.18122,0.65476,1.0183,1.2368,1.2991,1.2112,0.98117,0.62768,0.20018,-0.21175,-0.49237,-0.56595,-0.45266,-0.24683,-0.046148,0.09381,0.17163,0.22455,0.30687,0.44069,0.6046,0.7493,0.82762,0.81638,0.71413,0.55564,0.3865,0.24761,0.16165,0.13096,0.14439,0.18743,0.24096,0.29139,0.32622,0.33446,0.31051,0.25757,0.18694,0.10873,0.046416,0.0036951,-0.019422,-0.028896
1.3541,0.92944,0.92805,1.1195,1.286,1.3603,1.3802,1.423,1.5422,1.7227,1.8975,1.9913,1.9704,1.8651,1.7436,1.6636,1.6663,1.7628,1.918,2.0507,2.0699,1.923,1.6124,1.1772,0.67864,0.19533,-0.17256,-0.36257,-0.41583,-0.45852,-0.59749,-0.84969,-1.1074,-1.1889,-0.9732,-0.50946,0.057343,0.58322,0.98805,1.2284,1.2999,1.2081,0.96758,0.60007,0.15104,-0.29074,-0.603,-0.69812,-0.58693,-0.35936,-0.12528,0.047516,0.14568,0.20321,0.26311,0.35742,0.47945,0.59375,0.66274,0.66558,0.61691,0.54211,0.47488,0.43742,0.43215,0.4451,0.45754,0.45341,0.43492,0.40886,0.37894,0.3409,0.28717,0.21544,0.13323,0.064415,0.0024244,-0.033386,-0.040561,-0.026484
1.4281,0.93207,0.87621,1.0506,1.2337,1.3348,1.3735,1.4241,1.5506,1.7472,1.944,2.0529,2.026,1.889,1.7217,1.6035,1.5913,1.6978,1.8767,2.0311,2.0609,1.9126,1.5917,1.1394,0.61494,0.096112,-0.30881,-0.52349,-0.57329,-0.59142,-0.70044,-0.93188,-1.1829,-1.2637,-1.0439,-0.56447,0.018307,0.56029,0.96983,1.2122,1.2845,1.1984,0.96877,0.61387,0.17229,-0.26928,-0.59268,-0.704,-0.60122,-0.3737,-0.13111,0.055271,0.16744,0.22882,0.28093,0.35282,0.44111,0.52006,0.56473,0.57195,0.55242,0.53645,0.54972,0.59779,0.66282,0.71397,0.72232,0.68388,0.60432,0.50524,0.40478,0.31002,0.22058,0.13651,0.062147,-0.0032715,-0.036253,-0.042605,-0.029925,-0.0099458
1.5072,0.90862,0.76404,0.90877,1.123,1.2751,1.3476,1.4084,1.5347,1.7386,1.9515,2.0713,2.0326,1.855,1.6294,1.4621,1.4306,1.5501,1.7588,1.9419,1.9909,1.8528,1.5362,1.0853,0.55508,0.021945,-0.40828,-0.63871,-0.68313,-0.66495,-0.72413,-0.9094,-1.1374,-1.2208,-1.0164,-0.54625,0.033301,0.57269,0.97505,1.2097,1.2782,1.2029,0.99869,0.67853,0.27587,-0.14174,-0.46345,-0.59252,-0.5144,-0.30115,-0.055792,0.14634,0.27734,0.34702,0.38794,0.42064,0.44876,0.46488,0.4671,0.46677,0.49178,0.56424,0.68454,0.82984,0.96333,1.0456,1.0473,0.95541,0.79372,0.60127,0.4162,0.25898,0.13112,0.027151,-0.053506,-0.099102,-0.11803,-0.10262,-0.060623,-0.0077635
1.565,0.85849,0.60847,0.71512,0.97117,1.1901,1.306,1.3763,1.4923,1.6873,1.902,2.024,1.9709,1.755,1.4763,1.2648,1.2168,1.3498,1.5876,1.7994,1.8699,1.7487,1.4508,1.0245,0.5248,0.021035,-0.39192,-0.61735,-0.6527,-0.60332,-0.60845,-0.73677,-0.92747,-1.0162,-0.84841,-0.42465,0.12339,0.63726,1.0247,1.243,1.3027,1.2276,1.0449,0.77198,0.4298,0.07081,-0.21816,-0.3517,-0.30396,-0.12184,0.10535,0.30359,0.43809,0.51281,0.53934,0.53919,0.51981,0.48271,0.43847,0.4206,0.4608,0.58582,0.78774,1.023,1.23,1.3501,1.3448,1.2075,0.96527,0.67501,0.39549,0.16465,-0.0061053,-0.12132,-0.18827,-0.21223,-0.19195,-0.13998,-0.070559,0.00062007
1.5956,0.80764,0.47012,0.54234,0.83559,1.1142,1.2682,1.3448,1.4464,1.6245,1.8314,1.9504,1.8861,1.6445,1.3309,1.0906,1.0342,1.1797,1.4392,1.6705,1.7564,1.651,1.3757,0.98407,0.53053,0.074896,-0.29919,-0.50859,-0.53613,-0.47095,-0.44597,-0.53513,-0.694,-0.77578,-0.63382,-0.25581,0.24315,0.71759,1.0724,1.2694,1.3199,1.2524,1.0958,0.86505,0.57192,0.26151,0.0033417,-0.12753,-0.098695,0.049035,0.24523,0.42758,0.5631,0.64106,0.67264,0.66023,0.60673,0.52375,0.44082,0.40124,0.4549,0.62064,0.87116,1.1477,1.3833,1.518,1.5097,1.3447,1.056,0.70726,0.37016,0.094777,-0.10321,-0.23016,-0.29474,-0.29764,-0.25507,-0.17208,-0.069148,0.028664
1.6218,0.73052,0.26896,0.28755,0.6368,1.005,1.2146,1.2969,1.3698,1.5138,1.6996,1.8092,1.7329,1.4659,1.1172,0.84897,0.78758,0.95004,1.2333,1.485,1.5902,1.5128,1.284,0.96132,0.59478,0.22544,-0.087951,-0.27341,-0.29671,-0.22021,-0.16221,-0.20323,-0.32124,-0.39043,-0.28125,0.031503,0.45139,0.8562,1.1528,1.3141,1.3495,1.2957,1.1736,0.99071,0.75815,0.49959,0.27721,0.15582,0.16037,0.27365,0.43744,0.59797,0.72275,0.80268,0.8278,0.80149,0.72698,0.61647,0.50082,0.43604,0.47533,0.64886,0.93279,1.2569,1.5354,1.6928,1.6821,1.4901,1.1501,0.735,0.32972,-0.00099073,-0.22965,-0.35895,-0.40345,-0.37395,-0.29364,-0.18089,-0.057533,0.055793
1.6323,0.67207,0.11698,0.090989,0.48441,0.92265,1.174,1.2583,1.3038,1.4142,1.577,1.6769,1.5965,1.3208,0.96075,0.68409,0.62305,0.7932,1.0859,1.3468,1.4656,1.415,1.2327,0.97582,0.68576,0.38752,0.1178,-0.055354,-0.085091,-0.0088144,0.070354,0.064797,-0.021422,-0.082438,-0.00010526,0.26071,0.62273,0.97382,1.23,1.3603,1.3795,1.3199,1.2098,1.0573,0.86484,0.65166,0.4616,0.34681,0.33603,0.4148,0.54516,0.68474,0.80321,0.88379,0.91728,0.89459,0.81512,0.69283,0.56379,0.48433,0.51862,0.69452,0.98345,1.3129,1.5976,1.7617,1.7514,1.5539,1.1997,0.76034,0.32414,-0.03623,-0.28499,-0.41983,-0.45443,-0.40787,-0.30037,-0.15938,-0.014205,0.10942
1.6378,0.60325,-0.067121,-0.15431,0.29418,0.82224,1.1247,1.2048,1.2076,1.2642,1.3895,1.4759,1.3976,1.1301,0.7794,0.51283,0.46081,0.63398,0.92437,1.1866,1.3221,1.3126,1.1993,1.0349,0.84745,0.6394,0.42397,0.25792,0.20546,0.26586,0.3615,0.40101,0.36779,0.32789,0.37978,0.56267,0.83581,1.1108,1.3147,1.4111,1.4094,1.3412,1.2369,1.1087,0.95517,0.78763,0.63555,0.53657,0.51263,0.55739,0.64306,0.7423,0.83689,0.91475,0.96,0.96009,0.90582,0.80416,0.68585,0.60542,0.62305,0.77455,1.0429,1.3619,1.6445,1.8101,1.805,1.6094,1.2551,0.81358,0.3709,-0.0017064,-0.26495,-0.40892,-0.44165,-0.37855,-0.2545,-0.099136,0.055433,0.1841
1.6366,0.55585,-0.20527,-0.35123,0.14093,0.74457,1.0849,1.1528,1.1058,1.1023,1.1855,1.2601,1.1952,0.95821,0.64579,0.41555,0.3846,0.55618,0.83015,1.081,1.2281,1.2605,1.2167,1.1396,1.0406,0.90246,0.72423,0.55139,0.46514,0.50049,0.60047,0.67965,0.69557,0.68271,0.71217,0.82949,1.0166,1.2155,1.3613,1.4229,1.4018,1.3304,1.2332,1.1207,0.99414,0.85561,0.72764,0.63771,0.60132,0.61341,0.65901,0.72312,0.79653,0.87038,0.93421,0.96787,0.95798,0.90584,0.83238,0.77867,0.79233,0.91002,1.1295,1.4042,1.6602,1.8209,1.8258,1.6596,1.3432,0.93622,0.51413,0.14451,-0.12796,-0.28364,-0.32346,-0.26725,-0.13957,0.019639,0.17416,0.29652
1.6335,0.54137,-0.26396,-0.44792,0.06401,0.70665,1.0642,1.1167,1.0289,0.97875,1.0299,1.0983,1.0517,0.85047,0.58288,0.39408,0.38595,0.55601,0.81323,1.0498,1.201,1.262,1.2673,1.2475,1.1986,1.0915,0.91716,0.72496,0.61028,0.6285,0.73648,0.84424,0.8895,0.88938,0.90117,0.97629,1.1099,1.2593,1.3677,1.4039,1.3709,1.2926,1.1976,1.0958,0.985,0.86862,0.75919,0.67644,0.63115,0.61914,0.6313,0.66138,0.7102,0.77958,0.85964,0.93033,0.97225,0.978,0.95783,0.93738,0.95827,1.0535,1.2314,1.4626,1.6869,1.8344,1.8506,1.7109,1.4349,1.0747,0.69332,0.34613,0.073218,-0.099577,-0.16191,-0.12133,-0.010794,0.13363,0.27405,0.38251
1.6285,0.55499,-0.2685,-0.4887,0.025362,0.68933,1.051,1.0752,0.93287,0.8227,0.83499,0.89974,0.88683,0.74678,0.55228,0.42978,0.45833,0.62697,0.86065,1.0765,1.2284,1.3191,1.3759,1.4115,1.4036,1.3106,1.1167,0.88271,0.72309,0.71725,0.84023,0.98683,1.0721,1.0837,1.0682,1.0785,1.1391,1.2278,1.3051,1.3317,1.2985,1.2227,1.1297,1.0357,0.94329,0.85126,0.76535,0.69313,0.63637,0.59169,0.55375,0.52946,0.53827,0.59896,0.70935,0.84845,0.98303,1.0877,1.1543,1.1942,1.2308,1.2972,1.4159,1.5812,1.7559,1.8853,1.9183,1.8311,1.6299,1.346,1.0224,0.7028,0.42766,0.23115,0.13374,0.13422,0.20975,0.32247,0.43447,0.51669
1.6252,0.59109,-0.21345,-0.44759,0.048607,0.70358,1.0523,1.0517,0.87128,0.72163,0.70872,0.77473,0.79117,0.70197,0.56874,0.49912,0.55658,0.72611,0.9433,1.1432,1.2929,1.3971,1.4764,1.5321,1.535,1.4368,1.2211,0.95121,0.75367,0.72552,0.85481,1.0276,1.1415,1.1616,1.1249,1.0878,1.0932,1.1404,1.1973,1.225,1.2034,1.1439,1.066,0.98622,0.91036,0.83469,0.76066,0.69004,0.62158,0.54833,0.47341,0.4132,0.39811,0.45521,0.59532,0.78824,0.9926,1.1731,1.3097,1.3996,1.4561,1.5103,1.593,1.7156,1.8575,1.9751,2.0227,1.9734,1.826,1.5997,1.3223,1.0254,0.74644,0.5257,0.39385,0.35729,0.39714,0.47678,0.55816,0.61332
1.6219,0.67176,-0.068702,-0.30262,0.14596,0.7565,1.0702,1.0328,0.81054,0.61957,0.58142,0.65337,0.70888,0.68712,0.63555,0.63504,0.72943,0.90071,1.0975,1.2751,1.4163,1.527,1.6171,1.6784,1.6732,1.5523,1.3006,0.9798,0.72791,0.66989,0.80095,1.0024,1.1446,1.1697,1.0997,1.0042,0.94228,0.94185,0.97932,1.0175,1.0273,1.0029,0.96036,0.91351,0.86621,0.81794,0.76258,0.69534,0.60975,0.50172,0.37754,0.26482,0.21202,0.26884,0.44782,0.72008,1.0267,1.3115,1.5374,1.6904,1.7772,1.8265,1.8763,1.9538,2.0589,2.1652,2.2339,2.2349,2.1528,1.9887,1.7558,1.4784,1.1929,0.94233,0.76303,0.67102,0.65324,0.68054,0.7191,0.74117
1.6184,0.78319,0.14276,-0.074291,0.30692,0.84345,1.1052,1.0325,0.78246,0.5683,0.51824,0.59719,0.68688,0.72522,0.74521,0.80628,0.93247,1.1033,1.2808,1.437,1.5648,1.6698,1.7537,1.8005,1.768,1.6076,1.3052,0.92864,0.63066,0.55406,0.69846,0.92639,1.0814,1.0895,0.97203,0.80507,0.67602,0.63386,0.67533,0.75186,0.81651,0.84824,0.85358,0.8468,0.8347,0.81253,0.77205,0.7039,0.59906,0.45708,0.29161,0.14276,0.073873,0.14468,0.37366,0.7175,1.1039,1.4667,1.7618,1.967,2.086,2.1449,2.1849,2.2428,2.3319,2.4371,2.5257,2.562,2.523,2.3992,2.1941,1.9251,1.6261,1.3424,1.1161,0.96993,0.8988,0.87698,0.87161,0.85485
1.6149,0.8805,0.33084,0.13545,0.45907,0.92717,1.1433,1.0464,0.78543,0.56795,0.51788,0.60268,0.71124,0.7853,0.8483,0.94496,1.089,1.2584,1.4223,1.5629,1.6785,1.7731,1.8443,1.8718,1.8118,1.6159,1.2715,0.85426,0.52952,0.44536,0.60395,0.84794,1.0052,0.9927,0.83348,0.60794,0.42503,0.35273,0.40312,0.51906,0.63692,0.72285,0.77398,0.80308,0.8183,0.81354,0.78091,0.70968,0.59114,0.42846,0.24059,0.075415,0.0046278,0.094008,0.3579,0.74889,1.1858,1.5953,1.929,2.1635,2.3026,2.3723,2.4156,2.4731,2.5634,2.6754,2.7772,2.8315,2.8105,2.7003,2.5013,2.2297,1.9181,1.6114,1.3534,1.1697,1.0596,1.0021,0.96623,0.92424
1.6067,1.0188,0.60058,0.44223,0.68886,1.0573,1.2087,1.0842,0.8231,0.61844,0.57937,0.67166,0.79483,0.89825,0.9985,1.1264,1.2839,1.4486,1.596,1.7163,1.8128,1.8891,1.9387,1.9369,1.8393,1.6,1.2092,0.75153,0.39869,0.30764,0.47549,0.73012,0.88568,0.84801,0.63183,0.3308,0.070077,-0.043155,0.013495,0.18478,0.3832,0.55181,0.6739,0.75481,0.80062,0.81171,0.78028,0.69789,0.56121,0.37713,0.17535,0.013239,-0.033418,0.094079,0.40494,0.83995,1.3149,1.7578,2.1222,2.3867,2.5502,2.6408,2.7015,2.7741,2.8789,3.0057,3.1213,3.1873,3.1727,3.0628,2.8585,2.5756,2.2458,1.9122,1.6178,1.3915,1.236,1.1355,1.0629,0.99141
1.5909,1.1554,0.87079,0.75456,0.93118,1.1998,1.2882,1.143,0.89467,0.71761,0.69968,0.79885,0.92446,1.0353,1.1489,1.2881,1.4473,1.6024,1.7325,1.8325,1.9091,1.9667,1.9952,1.9666,1.8383,1.5682,1.1535,0.67934,0.31752,0.2271,0.39603,0.65066,0.79366,0.72293,0.44724,0.066875,-0.27043,-0.42454,-0.34952,-0.11274,0.1703,0.4192,0.603,0.72141,0.78259,0.78926,0.74224,0.64072,0.48636,0.29583,0.10443,-0.028414,-0.032187,0.14239,0.48569,0.94127,1.4317,1.891,2.2749,2.5618,2.75,2.8644,2.9476,3.0415,3.1653,3.307,3.4317,3.4989,3.4776,3.3554,3.1356,2.8358,2.4873,2.1318,1.8109,1.5527,1.3647,1.2303,1.1246,1.0245
1.5712,1.2493,1.0628,0.98024,1.1112,1.3097,1.3522,1.1951,0.96218,0.81181,0.81369,0.91818,1.0388,1.1437,1.2545,1.3899,1.542,1.6851,1.7989,1.8818,1.9443,1.9911,2.0096,1.9689,1.8281,1.5466,1.1272,0.65428,0.30124,0.21873,0.39109,0.6401,0.76755,0.6683,0.35037,-0.085963,-0.47654,-0.65928,-0.5682,-0.2834,0.058723,0.35729,0.57405,0.70729,0.76614,0.75942,0.69244,0.56962,0.4011,0.20707,0.031615,-0.064363,-0.0203,0.19256,0.55801,1.0168,1.5028,1.9611,2.3528,2.6546,2.8628,2.997,3.0962,3.2019,3.3348,3.4841,3.6111,3.6773,3.6508,3.5193,3.2872,2.9735,2.6103,2.2389,1.9009,1.6241,1.4166,1.2666,1.1498,1.0417
1.531,1.3554,1.2933,1.258,1.3385,1.4522,1.4375,1.2678,1.057,0.94318,0.97249,1.0827,1.1932,1.2814,1.3753,1.4932,1.6233,1.7386,1.8222,1.8789,1.9251,1.9673,1.9893,1.9551,1.8193,1.5428,1.1307,0.6747,0.34681,0.28337,0.46026,0.69375,0.79407,0.65881,0.29742,-0.19431,-0.64108,-0.85567,-0.75225,-0.41541,-0.010872,0.33938,0.58255,0.71409,0.74834,0.70313,0.59498,0.4387,0.2519,0.066428,-0.071945,-0.1082,9.8122e-05,0.25994,0.6404,1.0909,1.5614,2.011,2.4068,2.7249,2.9533,3.1085,3.2264,3.3463,3.4887,3.642,3.7697,3.8279,3.7875,3.6399,3.3935,3.069,2.6971,2.3165,1.9662,1.6749,1.4513,1.2845,1.1529,1.0339
1.4883,1.4165,1.4421,1.4431,1.4943,1.5522,1.4977,1.3186,1.1224,1.0327,1.0805,1.1952,1.2978,1.3717,1.4478,1.5444,1.6477,1.7313,1.7835,1.8165,1.8536,1.9025,1.9421,1.9297,1.8141,1.5573,1.1663,0.73731,0.43516,0.38575,0.55624,0.77075,0.84805,0.69251,0.30952,-0.20233,-0.67093,-0.89782,-0.7891,-0.42907,0.0054779,0.37524,0.62224,0.73956,0.74416,0.66057,0.51388,0.32797,0.12838,-0.046567,-0.1508,-0.13825,0.016174,0.30298,0.68297,1.1176,1.5722,2.0159,2.4173,2.7481,2.9895,3.1502,3.2669,3.3835,3.524,3.677,3.8011,3.8572,3.8135,3.6616,3.4107,3.082,2.7063,2.3222,1.9681,1.6705,1.4413,1.2726,1.1432,1.0286
1.4121,1.4685,1.6039,1.6545,1.6776,1.6704,1.5657,1.3707,1.1867,1.1208,1.188,1.3096,1.4048,1.4614,1.512,1.5719,1.6265,1.654,1.652,1.6478,1.6783,1.7526,1.8365,1.872,1.8007,1.5872,1.2461,0.86927,0.6071,0.5702,0.72165,0.90655,0.95597,0.77875,0.37735,-0.1503,-0.62947,-0.85733,-0.73304,-0.3505,0.10193,0.47781,0.71307,0.80027,0.75898,0.6208,0.42239,0.19827,-0.014734,-0.1742,-0.23182,-0.15367,0.058275,0.36857,0.73607,1.1321,1.5461,1.9662,2.3661,2.7074,2.9626,3.1317,3.2448,3.3474,3.471,3.6112,3.731,3.7835,3.7368,3.5837,3.3359,3.016,2.6533,2.2818,1.9362,1.6428,1.4159,1.2463,1.1153,1.0011
1.3114,1.484,1.7223,1.8233,1.8285,1.7645,1.6114,1.3937,1.2093,1.1543,1.2351,1.3645,1.4581,1.5038,1.5288,1.5466,1.5429,1.5009,1.4311,1.3821,1.4116,1.5298,1.682,1.787,1.7784,1.621,1.3357,1.014,0.79391,0.76885,0.90269,1.0547,1.0746,0.87539,0.46522,-0.062882,-0.53193,-0.74335,-0.60795,-0.22016,0.23057,0.60179,0.8243,0.88554,0.8047,0.61816,0.37417,0.12209,-0.093411,-0.22564,-0.23946,-0.11985,0.11384,0.41702,0.74825,1.0979,1.4736,1.8746,2.273,2.6211,2.8771,3.0321,3.1186,3.1898,3.2846,3.4042,3.5149,3.5672,3.5311,3.3981,3.1764,2.8836,2.5449,2.1921,1.86,1.5805,1.359,1.1971,1.0789,0.98277
1.2191,1.4712,1.7825,1.9216,1.9182,1.8162,1.6257,1.3852,1.1902,1.1345,1.2209,1.3585,1.4576,1.5005,1.5102,1.4963,1.4455,1.3443,1.2136,1.1233,1.1525,1.3129,1.5309,1.703,1.7525,1.6422,1.3975,1.1134,0.92501,0.90911,1.0285,1.1506,1.1391,0.92122,0.50879,-0.0021281,-0.44486,-0.63476,-0.49315,-0.11205,0.33017,0.69025,0.90158,0.94952,0.85109,0.64563,0.3829,0.11869,-0.094203,-0.20996,-0.19704,-0.055609,0.18016,0.46193,0.75319,1.0546,1.3873,1.7612,2.1508,2.4999,2.7563,2.9021,2.9654,3.0043,3.0691,3.1701,3.274,3.3337,3.3112,3.1958,2.9966,2.7317,2.4237,2.1007,1.7939,1.5294,1.3255,1.1776,1.0694,0.97874
1.0735,1.4224,1.8254,2.0174,2.0056,1.8565,1.614,1.3326,1.1094,1.0397,1.1281,1.2804,1.397,1.4457,1.4422,1.3922,1.2792,1.0922,0.86851,0.71179,0.73864,0.96661,1.2886,1.5656,1.701,1.6588,1.4679,1.2292,1.0704,1.057,1.1503,1.2311,1.1806,0.94113,0.52882,0.03994,-0.36789,-0.52669,-0.3695,0.0089652,0.43954,0.78677,0.98684,1.0257,0.91982,0.7098,0.44879,0.19406,-0.0015208,-0.10026,-0.078152,0.057845,0.26781,0.49989,0.72592,0.95645,1.2302,1.5691,1.9452,2.2923,2.5412,2.6655,2.6928,2.6857,2.7029,2.7664,2.8552,2.9197,2.9257,2.8573,2.7138,2.5045,2.2467,1.9667,1.6952,1.4616,1.2764,1.1413,1.0442,0.96826
0.94826,1.3623,1.8319,2.063,2.047,1.8641,1.58,1.2598,1.0053,0.91531,1.0011,1.1681,1.3045,1.3663,1.3617,1.2923,1.1376,0.88597,0.58597,0.37226,0.39686,0.681,1.0859,1.4433,1.6442,1.6543,1.5051,1.298,1.1511,1.1297,1.1978,1.248,1.1749,0.92247,0.51206,0.035499,-0.34923,-0.48401,-0.31339,0.065873,0.4885,0.83156,1.0308,1.072,0.97274,0.77096,0.52412,0.29004,0.11331,0.028523,0.045417,0.15442,0.32258,0.50529,0.67721,0.85459,1.0803,1.3851,1.7469,2.0913,2.3412,2.4575,2.4609,2.4175,2.398,2.4357,2.5109,2.5834,2.6094,2.5707,2.4666,2.3042,2.0953,1.8593,1.6226,1.4118,1.245,1.1251,1.0424,0.97964
0.76208,1.2539,1.809,2.0909,2.0691,1.8414,1.4986,1.1178,0.80834,0.67984,0.75852,0.94927,1.1222,1.2148,1.2255,1.1455,0.94648,0.61419,0.21001,-0.088307,-0.070978,0.28978,0.80403,1.2621,1.5437,1.6186,1.5245,1.3555,1.22,1.181,1.2068,1.2099,1.101,0.83391,0.43227,-0.010428,-0.34962,-0.44746,-0.26596,0.10261,0.51149,0.84621,1.049,1.1056,1.0298,0.85935,0.64446,0.43605,0.2774,0.192,0.1929,0.26865,0.38356,0.49587,0.58875,0.68571,0.84556,1.1097,1.4547,1.7994,2.0504,2.1622,2.1512,2.0795,2.0172,2.007,2.0503,2.1111,2.1602,2.1744,2.1384,2.0449,1.8981,1.7153,1.5231,1.3477,1.2069,1.1049,1.0343,0.98325
0.55775,1.1168,1.7531,2.0818,2.0533,1.7799,1.3751,0.92574,0.54804,0.3717,0.44059,0.65951,0.88081,1.0229,1.0684,0.99975,0.77698,0.38016,-0.11927,-0.5024,-0.49892,-0.069965,0.5431,1.0859,1.4324,1.5569,1.5048,1.3654,1.2416,1.1829,1.1659,1.1199,0.97039,0.68985,0.30596,-0.090152,-0.37383,-0.43336,-0.24589,0.10549,0.49584,0.8234,1.0353,1.1127,1.064,0.92276,0.7372,0.55659,0.41459,0.33055,0.30647,0.3326,0.38544,0.43449,0.4646,0.5019,0.60632,0.82941,1.1587,1.5085,1.7795,1.9091,1.9023,1.818,1.73,1.6862,1.6893,1.728,1.7712,1.8021,1.8082,1.7759,1.6959,1.5722,1.4245,1.281,1.1617,1.077,1.0251,0.99531
0.39624,0.99844,1.6913,2.0517,2.0165,1.708,1.2557,0.75119,0.31683,0.099856,0.16189,0.40669,0.67245,0.86196,0.94607,0.89949,0.67466,0.24804,-0.30486,-0.7419,-0.75256,-0.28757,0.38036,0.97077,1.3539,1.507,1.4753,1.3494,1.226,1.1487,1.1021,1.0233,0.85246,0.56884,0.20638,-0.1539,-0.39694,-0.42968,-0.23801,0.1012,0.47491,0.79485,1.0087,1.0964,1.064,0.93941,0.76969,0.6022,0.4664,0.37933,0.34043,0.3404,0.36007,0.37528,0.37263,0.37967,0.45684,0.65798,0.97551,1.3308,1.6182,1.7741,1.7949,1.7257,1.6274,1.5471,1.5058,1.4997,1.5244,1.5651,1.598,1.5977,1.5497,1.4576,1.3402,1.2201,1.1216,1.0527,1.011,0.98922
0.17597,0.8252,1.5859,1.9824,1.9341,1.5785,1.0628,0.48474,-0.027008,-0.30098,-0.24478,0.044069,0.37724,0.63914,0.78689,0.78455,0.57883,0.14409,-0.4421,-0.92267,-0.95543,-0.47689,0.22128,0.84362,1.2558,1.4375,1.4308,1.3185,1.1842,1.0741,0.98073,0.86083,0.67243,0.40169,0.081989,-0.21462,-0.3953,-0.39375,-0.20599,0.10328,0.44476,0.74286,0.9486,1.0395,1.0163,0.90486,0.7484,0.58866,0.45475,0.35822,0.30341,0.28703,0.29324,0.29726,0.28558,0.27849,0.33645,0.52039,0.83275,1.1983,1.5168,1.7135,1.7753,1.7365,1.6463,1.5415,1.4404,1.3628,1.3178,1.3129,1.3372,1.3615,1.3554,1.3058,1.2215,1.1284,1.0483,0.99497,0.97167,0.97248
-0.04025,0.64237,1.4579,1.8808,1.8147,1.4131,0.83725,0.19019,-0.3961,-0.72333,-0.6665,-0.32515,0.083825,0.42223,0.64246,0.70039,0.53999,0.13574,-0.43394,-0.91528,-0.96948,-0.52241,0.15018,0.75924,1.1704,1.3621,1.3731,1.2719,1.1286,0.98735,0.84743,0.69039,0.49095,0.24794,-0.012746,-0.23071,-0.34567,-0.31648,-0.14866,0.11311,0.40627,0.67247,0.86427,0.94944,0.92143,0.79989,0.63151,0.46479,0.32757,0.23524,0.18527,0.17474,0.19504,0.22788,0.25243,0.2829,0.36562,0.55482,0.86159,1.2306,1.5662,1.7979,1.9031,1.8991,1.8172,1.6837,1.5205,1.3542,1.2244,1.1582,1.15,1.1644,1.163,1.1274,1.064,0.99521,0.93898,0.91253,0.91683,0.94403
-0.19286,0.50455,1.3496,1.785,1.7027,1.2673,0.65212,-0.040538,-0.67534,-1.0354,-0.97205,-0.5884,-0.12324,0.2721,0.54827,0.66018,0.5503,0.19283,-0.33559,-0.79386,-0.86305,-0.46371,0.15804,0.72989,1.1203,1.3044,1.3169,1.2195,1.0752,0.9182,0.75489,0.57684,0.37609,0.15843,-0.052312,-0.21491,-0.28758,-0.24374,-0.094298,0.12866,0.37792,0.60848,0.77713,0.84892,0.80954,0.67646,0.49212,0.30817,0.16248,0.068585,0.032798,0.053509,0.11896,0.20501,0.28691,0.36648,0.4832,0.68839,0.99682,1.3617,1.6999,1.9428,2.0657,2.0798,2.0073,1.8642,1.6629,1.4367,1.2292,1.0865,1.0227,1.0112,1.009,0.9866,0.94088,0.88861,0.85223,0.8419,0.85974,0.9004
-0.37409,0.32816,1.1952,1.6339,1.5254,1.0487,0.38983,-0.34947,-1.033,-1.4216,-1.3411,-0.90124,-0.36713,0.098889,0.44884,0.63828,0.61003,0.33687,-0.11098,-0.51776,-0.60389,-0.28769,0.23538,0.72992,1.0696,1.2282,1.2332,1.1392,0.99556,0.82705,0.64172,0.44523,0.24851,0.069177,-0.075911,-0.16637,-0.18676,-0.13174,-0.011415,0.15188,0.33318,0.50231,0.62429,0.66445,0.60152,0.44494,0.23753,0.033184,-0.12525,-0.21209,-0.21893,-0.14322,0.0032231,0.18986,0.37881,0.5557,0.74416,0.98589,1.2984,1.6475,1.9705,2.2085,2.3366,2.3584,2.2843,2.1202,1.8736,1.5702,1.2703,1.0377,0.90158,0.84147,0.8122,0.78037,0.73988,0.70721,0.69296,0.71295,0.76606,0.84255
-0.48717,0.20664,1.075,1.5055,1.3739,0.86962,0.18717,-0.57382,-1.2778,-1.674,-1.575,-1.0968,-0.51703,-0.0031639,0.39953,0.64743,0.68297,0.47987,0.10282,-0.25548,-0.35039,-0.10354,0.32881,0.74509,1.0326,1.1642,1.1624,1.0727,0.93327,0.76244,0.56815,0.36445,0.17515,0.024522,-0.074879,-0.11699,-0.10581,-0.048345,0.039517,0.14842,0.27036,0.39245,0.48475,0.50521,0.42447,0.24736,0.015849,-0.20822,-0.37488,-0.45385,-0.4346,-0.31321,-0.099507,0.17368,0.45575,0.72305,0.98333,1.265,1.5826,1.9145,2.2103,2.424,2.5368,2.5516,2.4742,2.302,2.0306,1.6869,1.3241,1.0155,0.80952,0.70155,0.65031,0.6166,0.58638,0.56529,0.57526,0.61902,0.69222,0.78458
-0.59888,0.068253,0.91436,1.318,1.1513,0.61677,-0.081656,-0.85072,-1.5565,-1.9423,-1.8133,-1.2917,-0.66367,-0.093083,0.37146,0.68936,0.80377,0.69062,0.40823,0.11819,0.016404,0.17136,0.4743,0.77242,0.97793,1.066,1.0549,0.9741,0.84811,0.68417,0.48742,0.28095,0.10201,-0.016881,-0.065766,-0.057796,-0.014429,0.039829,0.089599,0.13187,0.17423,0.22532,0.26341,0.24884,0.14968,-0.042601,-0.28944,-0.53159,-0.71344,-0.79391,-0.74706,-0.55944,-0.24401,0.15053,0.56328,0.94825,1.2983,1.6305,1.9564,2.2635,2.5172,2.6897,2.7713,2.7656,2.6737,2.4848,2.1878,1.7979,1.3686,0.98152,0.70032,0.53404,0.44641,0.39617,0.36509,0.36232,0.39012,0.45869,0.56401,0.69476
-0.65907,-0.035091,0.76048,1.1182,0.91194,0.35675,-0.34014,-1.0894,-1.7678,-2.1188,-1.9534,-1.3999,-0.73749,-0.12523,0.38662,0.75808,0.93648,0.90194,0.70554,0.47818,0.37106,0.4415,0.62011,0.80062,0.91806,0.95714,0.93363,0.86558,0.76049,0.6117,0.4206,0.21604,0.046535,-0.046282,-0.056542,-0.0096828,0.056118,0.10466,0.11611,0.08979,0.050956,0.019785,-0.00067467,-0.040291,-0.14264,-0.32095,-0.55749,-0.80274,-0.9965,-1.0882,-1.0349,-0.80924,-0.41882,0.082606,0.61602,1.1173,1.5596,1.9451,2.2812,2.5609,2.7695,2.8938,2.9342,2.8981,2.7849,2.5793,2.2656,1.8458,1.3724,0.928,0.58467,0.36326,0.23691,0.16843,0.1389,0.14782,0.2032,0.30606,0.44637,0.60893
-0.66901,-0.085091,0.65528,0.96636,0.72748,0.16206,-0.52137,-1.2395,-1.8773,-2.1871,-1.9917,-1.4209,-0.74467,-0.1152,0.42012,0.81944,1.0358,1.0529,0.91465,0.72898,0.61731,0.62912,0.71965,0.81486,0.86793,0.87204,0.83972,0.78296,0.69507,0.55925,0.37597,0.17516,0.01336,-0.063814,-0.052759,0.014262,0.088124,0.12918,0.10946,0.034956,-0.062473,-0.14558,-0.19967,-0.25073,-0.3442,-0.50338,-0.72107,-0.9558,-1.1515,-1.2566,-1.2169,-0.98844,-0.5642,-0.00028388,0.6144,1.1981,1.7066,2.1297,2.4707,2.732,2.9017,2.9826,2.9858,2.9241,2.7969,2.5852,2.2649,1.8379,1.347,0.87269,0.49211,0.23639,0.086632,0.0072152,-0.023304,-0.0047452,0.063985,0.18368,0.34491,0.53302
-0.63557,-0.11122,0.53554,0.7689,0.4834,-0.08925,-0.73991,-1.3978,-1.9573,-2.1944,-1.9567,-1.3724,-0.69372,-0.059348,0.48687,0.90779,1.1633,1.2387,1.1679,1.0307,0.91288,0.85334,0.83414,0.82097,0.79533,0.76208,0.72741,0.68957,0.62185,0.50066,0.3241,0.12815,-0.025801,-0.090271,-0.062231,0.018757,0.099292,0.12959,0.081672,-0.042272,-0.20737,-0.35654,-0.46059,-0.52961,-0.59877,-0.7139,-0.87996,-1.0766,-1.2676,-1.392,-1.3825,-1.1713,-0.73245,-0.11282,0.57745,1.2375,1.8087,2.2712,2.6221,2.8569,2.9858,3.0162,2.9704,2.8707,2.7208,2.5006,2.1821,1.756,1.2618,0.77423,0.36873,0.08138,-0.098071,-0.19784,-0.23545,-0.20863,-0.12166,0.026285,0.2225,0.44903
-0.55374,-0.089865,0.44609,0.58724,0.25199,-0.32154,-0.92849,-1.5077,-1.9682,-2.1174,-1.834,-1.2455,-0.5776,0.043136,0.57983,1.004,1.2827,1.4018,1.3849,1.2866,1.1634,1.0442,0.93024,0.82081,0.72868,0.67001,0.64778,0.63232,0.58215,0.46673,0.28861,0.09251,-0.056136,-0.1105,-0.072976,0.013541,0.091777,0.10891,0.03374,-0.13652,-0.36151,-0.57945,-0.73121,-0.80192,-0.83018,-0.86441,-0.94548,-1.0822,-1.25,-1.3995,-1.4492,-1.2999,-0.88881,-0.25283,0.49361,1.2219,1.8467,2.3325,2.6731,2.8777,2.9513,2.9235,2.8305,2.7021,2.5431,2.3293,2.0252,1.6219,1.1449,0.66082,0.24207,-0.069496,-0.27317,-0.38811,-0.42788,-0.39916,-0.28647,-0.10422,0.12877,0.39041
-0.46503,-0.044211,0.40168,0.46835,0.094317,-0.47658,-1.0461,-1.5583,-1.9358,-2.0115,-1.6932,-1.1041,-0.4514,0.149,0.66653,1.0805,1.3641,1.505,1.5197,1.4462,1.3223,1.1697,1.0012,0.83642,0.7084,0.63951,0.62646,0.62295,0.57747,0.46018,0.27812,0.080983,-0.064221,-0.11349,-0.07519,0.0077636,0.073733,0.074503,-0.027917,-0.23142,-0.49504,-0.74885,-0.91989,-0.98209,-0.97171,-0.94654,-0.96688,-1.0564,-1.2001,-1.3558,-1.4333,-1.3206,-0.93916,-0.31088,0.44243,1.1825,1.8183,2.3091,2.6435,2.8206,2.8627,2.7968,2.6676,2.5137,2.345,2.1376,1.853,1.474,1.0246,0.56443,0.159,-0.15352,-0.36994,-0.5024,-0.55653,-0.52085,-0.40592,-0.211,0.047062,0.34668
-0.31793,0.052026,0.3777,0.34097,-0.083209,-0.64894,-1.1655,-1.5848,-1.8456,-1.8212,-1.4542,-0.86432,-0.23634,0.32693,0.80415,1.1875,1.4606,1.6153,1.6614,1.6177,1.4999,1.3211,1.1064,0.8979,0.74574,0.67554,0.66787,0.66655,0.61495,0.48873,0.30346,0.10677,-0.03927,-0.098922,-0.078069,-0.020146,0.020691,-0.007099,-0.13827,-0.37577,-0.68193,-0.97254,-1.1651,-1.2164,-1.1488,-1.0454,-0.97927,-0.99388,-1.0938,-1.2343,-1.3314,-1.2663,-0.93845,-0.34748,0.39514,1.1383,1.7717,2.2429,2.539,2.6684,2.6494,2.5281,2.3591,2.1867,2.0217,1.8379,1.5928,1.2637,0.86381,0.4404,0.049299,-0.27032,-0.50339,-0.6479,-0.70134,-0.66562,-0.52173,-0.28916,0.0084585,0.34636
-0.19158,0.1466,0.38668,0.27413,-0.18659,-0.74793,-1.2247,-1.5746,-1.7484,-1.6495,-1.2452,-0.65405,-0.047641,0.48123,0.91914,1.2679,1.522,1.6785,1.7429,1.7212,1.6144,1.4298,1.1991,0.97906,0.82599,0.76364,0.75942,0.75167,0.68683,0.54714,0.35462,0.15628,0.004444,-0.070322,-0.073122,-0.044391,-0.030338,-0.084979,-0.24028,-0.50753,-0.8459,-1.1683,-1.3736,-1.4028,-1.2827,-1.1061,-0.9676,-0.92575,-0.98857,-1.1147,-1.2183,-1.1753,-0.87883,-0.32022,0.39118,1.1098,1.723,2.1725,2.4382,2.5255,2.4594,2.2895,2.0829,1.8944,1.7371,1.5797,1.3719,1.0848,0.72608,0.339,-0.024748,-0.32968,-0.56165,-0.71497,-0.77975,-0.73559,-0.5918,-0.34939,-0.028946,0.34623
-0.01137,0.29463,0.43185,0.2253,-0.28054,-0.83522,-1.2623,-1.524,-1.5883,-1.3947,-0.94279,-0.35053,0.22569,0.70242,1.0773,1.3688,1.5874,1.7381,1.8235,1.8349,1.7542,1.5791,1.3478,1.1328,0.99646,0.95408,0.95555,0.93011,0.83313,0.66322,0.45328,0.24916,0.091155,-0.0021695,-0.043025,-0.062762,-0.10402,-0.21127,-0.42109,-0.74041,-1.1228,-1.4734,-1.6694,-1.6441,-1.4412,-1.1726,-0.95714,-0.85648,-0.87414,-0.96664,-1.0447,-0.9927,-0.71304,-0.19521,0.46609,1.1303,1.6869,2.0765,2.2786,2.2976,2.1628,1.9349,1.69,1.4893,1.3475,1.2292,1.0761,0.85361,0.55787,0.21932,-0.11792,-0.41485,-0.64547,-0.79355,-0.84632,-0.79678,-0.62999,-0.36216,-0.013309,0.39597
0.17315,0.45792,0.50793,0.2203,-0.32416,-0.87321,-1.2577,-1.44,-1.4046,-1.1252,-0.63048,-0.040122,0.50309,0.92442,1.231,1.4571,1.6307,1.7679,1.8714,1.9204,1.8795,1.7354,1.5274,1.3361,1.2277,1.2064,1.208,1.1552,1.0138,0.80629,0.57515,0.3647,0.20124,0.085228,-0.0010878,-0.081593,-0.19293,-0.37026,-0.64798,-1.0225,-1.4446,-1.8006,-1.9677,-1.8828,-1.5948,-1.2453,-0.9561,-0.79413,-0.7652,-0.81569,-0.85804,-0.78152,-0.50009,-0.0090654,0.59833,1.1999,1.6941,2.0215,2.1571,2.1041,1.8948,1.598,1.3062,1.0931,0.97189,0.89435,0.79329,0.62108,0.37418,0.084728,-0.2053,-0.46431,-0.67318,-0.81495,-0.86777,-0.80854,-0.63571,-0.35031,0.02543,0.46663
0.3083,0.58324,0.57999,0.24097,-0.32759,-0.87414,-1.2307,-1.3605,-1.2584,-0.92204,-0.4012,0.18466,0.70086,1.0803,1.3366,1.5122,1.6475,1.7699,1.8841,1.9622,1.9579,1.8502,1.6756,1.5122,1.4258,1.4122,1.404,1.3255,1.1537,0.9202,0.67566,0.46002,0.28752,0.14801,0.025141,-0.10382,-0.26614,-0.49704,-0.82417,-1.2447,-1.6997,-2.0658,-2.2065,-2.0598,-1.7009,-1.2846,-0.94529,-0.74916,-0.69199,-0.71691,-0.72952,-0.6206,-0.31731,0.1681,0.74637,1.3,1.7385,2.0098,2.0918,1.9843,1.7257,1.3875,1.0669,0.84154,0.7257,0.66889,0.59593,0.46048,0.25233,-0.0035695,-0.26912,-0.5097,-0.6991,-0.81687,-0.84573,-0.77556,-0.59088,-0.30595,0.064044,0.50646
0.47836,0.74556,0.68731,0.29254,-0.30127,-0.84451,-1.1708,-1.2415,-1.0633,-0.66489,-0.11781,0.45652,0.93489,1.2605,1.4529,1.5637,1.6476,1.7455,1.8681,1.9821,2.0302,1.9823,1.868,1.7547,1.6968,1.6825,1.6465,1.5265,1.3145,1.0507,0.78961,0.56633,0.37956,0.21424,0.049969,-0.13081,-0.35368,-0.65292,-1.0508,-1.5397,-2.0382,-2.4072,-2.4894,-2.244,-1.7917,-1.3082,-0.93128,-0.711,-0.62686,-0.61135,-0.56671,-0.4,-0.061868,0.42344,0.96768,1.47,1.8503,2.0605,2.0793,1.9125,1.5911,1.1959,0.83265,0.58467,0.46471,0.41595,0.35945,0.24441,0.065421,-0.149,-0.36286,-0.55056,-0.69641,-0.78484,-0.79583,-0.7114,-0.52525,-0.2375,0.13704,0.58326
0.59527,0.86034,0.7701,0.3444,-0.26409,-0.8042,-1.1141,-1.1488,-0.92528,-0.49155,0.067454,0.62952,1.0793,1.3668,1.5149,1.5818,1.6301,1.7087,1.8334,1.9702,2.0567,2.0559,1.9899,1.9179,1.8806,1.8617,1.7985,1.6419,1.3967,1.1107,0.84094,0.61519,0.42425,0.24749,0.061966,-0.14913,-0.41261,-0.75774,-1.2079,-1.7403,-2.2614,-2.6073,-2.6294,-2.3174,-1.8132,-1.3043,-0.91401,-0.68232,-0.58149,-0.53945,-0.45641,-0.24451,0.12913,0.6242,1.1509,1.6159,1.9541,2.1275,2.1163,1.9188,1.5694,1.1413,0.74319,0.46555,0.32531,0.26417,0.20211,0.088741,-0.080427,-0.2746,-0.45748,-0.60527,-0.7063,-0.75185,-0.7307,-0.63044,-0.44,-0.16577,0.18571,0.61112
0.73307,0.99888,0.87739,0.42203,-0.19978,-0.73645,-1.027,-1.0273,-0.76089,-0.2969,0.26691,0.8093,1.2221,1.4624,1.5579,1.5744,1.5804,1.6338,1.7574,1.92,2.0542,2.1135,2.1079,2.0849,2.0713,2.0438,1.9432,1.7354,1.4417,1.1253,0.84881,0.62685,0.44161,0.25724,0.054704,-0.18538,-0.48145,-0.86361,-1.3495,-1.9108,-2.4388,-2.7505,-2.703,-2.318,-1.7716,-1.2516,-0.8662,-0.63755,-0.52502,-0.44739,-0.3133,-0.048957,0.36307,0.87078,1.3852,1.8227,2.1258,2.2639,2.2233,2.0043,1.6344,1.1796,0.73878,0.40139,0.19583,0.078994,-0.023922,-0.15535,-0.31548,-0.47446,-0.60257,-0.68736,-0.72836,-0.72359,-0.66418,-0.54229,-0.34682,-0.076765,0.26245,0.66709
0.84666,1.1161,0.97517,0.50007,-0.12935,-0.66042,-0.93545,-0.91489,-0.62775,-0.15388,0.40244,0.92235,1.3022,1.5027,1.5565,1.5316,1.4994,1.5243,1.6397,1.8205,1.9973,2.1136,2.1653,2.1851,2.1872,2.1459,2.0098,1.7553,1.4162,1.0731,0.78594,0.569,0.3927,0.21587,0.015262,-0.22307,-0.51882,-0.90342,-1.3904,-1.9478,-2.4495,-2.711,-2.6002,-2.1735,-1.6246,-1.131,-0.78313,-0.58288,-0.473,-0.36977,-0.18205,0.14282,0.59582,1.113,1.6119,2.0206,2.2962,2.4162,2.3677,2.1497,1.7758,1.3042,0.82543,0.42639,0.14112,-0.061918,-0.23839,-0.42332,-0.60745,-0.75193,-0.82712,-0.83232,-0.78582,-0.70398,-0.59044,-0.43568,-0.23626,0.014016,0.31853,0.68143
0.91465,1.1879,1.0386,0.55398,-0.078395,-0.6045,-0.87,-0.84088,-0.55216,-0.08474,0.45847,0.95963,1.3186,1.4978,1.5307,1.4819,1.4231,1.4231,1.5247,1.7113,1.9149,2.0721,2.1661,2.2141,2.2225,2.1646,1.9987,1.7124,1.3517,0.9977,0.7093,0.49643,0.32488,0.15771,-0.028305,-0.24923,-0.52899,-0.89677,-1.366,-1.8924,-2.348,-2.5521,-2.4041,-1.9783,-1.4594,-1.0062,-0.69219,-0.51225,-0.40551,-0.28624,-0.072097,0.28035,0.75186,1.2711,1.7588,2.1496,2.4088,2.521,2.478,2.2719,1.9165,1.4521,0.95138,0.49286,0.12038,-0.17499,-0.43177,-0.67002,-0.86705,-0.9876,-1.0153,-0.96397,-0.86059,-0.72561,-0.56675,-0.38662,-0.17394,0.074241,0.36222,0.69759
0.9823,1.2607,1.1061,0.61384,-0.019648,-0.53945,-0.79411,-0.7629,-0.48818,-0.045388,0.46944,0.94306,1.2799,1.4452,1.4668,1.399,1.3111,1.2763,1.3498,1.5305,1.7576,1.9607,2.1061,2.1888,2.2047,2.1248,1.9192,1.5953,1.2156,0.8569,0.57625,0.3715,0.20769,0.056448,-0.10174,-0.2834,-0.51987,-0.84081,-1.2586,-1.7185,-2.0919,-2.2182,-2.0334,-1.6279,-1.1664,-0.78549,-0.53461,-0.39372,-0.29822,-0.15683,0.094919,0.47709,0.95463,1.459,1.9152,2.2767,2.5194,2.6327,2.6067,2.4321,2.1045,1.6513,1.1311,0.61364,0.14426,-0.2729,-0.65181,-0.98712,-1.2416,-1.3628,-1.3331,-1.1854,-0.97677,-0.75275,-0.5335,-0.31432,-0.094612,0.13964,0.40042,0.69875
1.0226,1.3072,1.1534,0.65651,0.021554,-0.49164,-0.73745,-0.7118,-0.46546,-0.063288,0.41018,0.85213,1.1743,1.3411,1.37,1.3038,1.2022,1.138,1.1753,1.3306,1.558,1.7874,1.971,2.0867,2.1171,2.0298,1.8011,1.4511,1.0533,0.6935,0.42199,0.23148,0.083994,-0.047561,-0.17775,-0.3211,-0.50543,-0.76445,-1.1037,-1.4765,-1.7597,-1.823,-1.618,-1.2373,-0.83396,-0.51731,-0.32688,-0.22931,-0.14618,0.0013882,0.27335,0.67022,1.1409,1.6125,2.0264,2.3456,2.5605,2.6704,2.6683,2.536,2.2615,1.8505,1.3382,0.77697,0.21145,-0.3345,-0.84758,-1.2914,-1.5955,-1.7017,-1.611,-1.384,-1.0964,-0.80168,-0.52437,-0.27233,-0.031873,0.20437,0.44594,0.70505
1.0345,1.3253,1.1752,0.67655,0.039793,-0.46943,-0.71082,-0.69332,-0.47399,-0.1107,0.32484,0.74098,1.0551,1.2316,1.2786,1.2287,1.1306,1.0508,1.0564,1.1788,1.3898,1.6249,1.8287,1.968,2.0137,1.9298,1.6959,1.3366,0.93211,0.57577,0.31433,0.13597,0.0041439,-0.11302,-0.22461,-0.34704,-0.50078,-0.71631,-0.99727,-1.2984,-1.5135,-1.5274,-1.3139,-0.95998,-0.59905,-0.32639,-0.16662,-0.082503,-0.00016905,0.15786,0.43327,0.81808,1.2605,1.6918,2.06,2.3404,2.5321,2.6404,2.6593,2.5669,2.3382,1.9669,1.4761,0.90856,0.30528,-0.30658,-0.89899,-1.4177,-1.7788,-1.9033,-1.7845,-1.4979,-1.1452,-0.80055,-0.49555,-0.22657,0.0095121,0.23269,0.46019,0.70626
1.0258,1.3267,1.1861,0.68753,0.046321,-0.45977,-0.69783,-0.69613,-0.51805,-0.21369,0.1653,0.5449,0.85216,1.0517,1.1388,1.1294,1.0522,0.95863,0.91684,0.9813,1.1546,1.3866,1.6126,1.7816,1.8471,1.7707,1.5372,1.1818,0.79003,0.45354,0.20944,0.039932,-0.08943,-0.19863,-0.29201,-0.3805,-0.49267,-0.6591,-0.88358,-1.1165,-1.2574,-1.2154,-0.98297,-0.64715,-0.32398,-0.091278,0.038556,0.1095,0.19601,0.36588,0.64662,1.013,1.4053,1.7625,2.0463,2.2514,2.3956,2.4957,2.5467,2.5176,2.3685,2.0747,1.64,1.0919,0.46611,-0.2011,-0.86366,-1.4449,-1.8365,-1.9575,-1.8162,-1.5035,-1.1275,-0.76275,-0.44134,-0.1686,0.070054,0.28909,0.50109,0.71746
1.0014,1.3117,1.1816,0.68405,0.037851,-0.46783,-0.70608,-0.7176,-0.57409,-0.31641,0.017064,0.36816,0.67428,0.89807,1.0255,1.0567,1.0039,0.90549,0.82846,0.84474,0.98343,1.2075,1.4452,1.6306,1.7072,1.6375,1.4109,1.0715,0.70456,0.39215,0.16073,-0.0070443,-0.14326,-0.25348,-0.34206,-0.41526,-0.5092,-0.65142,-0.84801,-1.0441,-1.1424,-1.0645,-0.81312,-0.47863,-0.17016,0.04757,0.16842,0.24129,0.34084,0.52102,0.79972,1.1427,1.4879,1.7769,1.985,2.1191,2.214,2.3011,2.379,2.4068,2.3303,2.1066,1.7278,1.2165,0.60974,-0.052244,-0.71747,-1.3029,-1.7052,-1.84,-1.7075,-1.3964,-1.0207,-0.6619,-0.35464,-0.094866,0.12341,0.32106,0.51603,0.72142
0.94593,1.2709,1.159,0.66455,0.010662,-0.49899,-0.73932,-0.77077,-0.67468,-0.48216,-0.21136,0.10108,0.4103,0.67513,0.86472,0.95712,0.94556,0.85272,0.74179,0.70103,0.78904,0.98769,1.2225,1.4129,1.5005,1.4455,1.2424,0.93689,0.61211,0.3337,0.12388,-0.040044,-0.18131,-0.30689,-0.41037,-0.50133,-0.59903,-0.72868,-0.88944,-1.0358,-1.087,-0.97248,-0.70728,-0.37567,-0.072848,0.14112,0.27432,0.37716,0.50882,0.71848,0.99647,1.2978,1.5624,1.7452,1.8269,1.8441,1.8585,1.9224,2.039,2.154,2.1862,2.0723,1.7903,1.3551,0.80355,0.18455,-0.43749,-0.97606,-1.3311,-1.4419,-1.3267,-1.0688,-0.76133,-0.46685,-0.21026,0.0080897,0.19935,0.37964,0.55828,0.74145
0.86691,1.2091,1.1194,0.62934,-0.032952,-0.54919,-0.79377,-0.84628,-0.7972,-0.67005,-0.46371,-0.18816,0.12834,0.44001,0.69536,0.85063,0.88521,0.81255,0.68993,0.60783,0.64101,0.79321,1.0014,1.1837,1.2813,1.2493,1.0827,0.82023,0.53828,0.29481,0.10335,-0.061805,-0.22224,-0.37811,-0.51257,-0.62802,-0.74057,-0.87806,-1.0338,-1.1645,-1.1859,-1.0447,-0.75731,-0.4072,-0.089799,0.14889,0.31306,0.45022,0.62168,0.8525,1.1314,1.4042,1.6025,1.6741,1.6204,1.4918,1.3888,1.4053,1.5601,1.7771,1.9378,1.9499,1.7778,1.437,0.97255,0.44314,-0.083728,-0.52677,-0.81551,-0.91072,-0.83004,-0.63791,-0.40786,-0.19035,-0.0043934,0.15136,0.29744,0.44218,0.59298,0.75335
0.79465,1.1508,1.0796,0.59433,-0.075055,-0.59709,-0.84539,-0.91267,-0.89702,-0.81763,-0.65815,-0.40853,-0.084759,0.26244,0.56489,0.76396,0.83252,0.78023,0.65907,0.55555,0.54997,0.66148,0.84099,1.0134,1.1158,1.1017,0.96359,0.7355,0.48545,0.26827,0.085785,-0.086067,-0.26764,-0.44789,-0.611,-0.74873,-0.88811,-1.048,-1.227,-1.3627,-1.3683,-1.1939,-0.87221,-0.50031,-0.16702,0.086154,0.27409,0.4491,0.66078,0.92571,1.2148,1.465,1.6075,1.5957,1.4305,1.1801,0.97414,0.94407,1.1258,1.4253,1.689,1.8023,1.7204,1.4585,1.0662,0.60982,0.16432,-0.19856,-0.41968,-0.48067,-0.41043,-0.26675,-0.10616,0.037145,0.15527,0.26155,0.36299,0.47754,0.61156,0.76471
0.68538,1.0618,1.0174,0.53935,-0.1406,-0.67234,-0.92613,-1.0106,-1.0338,-1.0111,-0.90781,-0.68902,-0.35651,0.030662,0.38332,0.6302,0.73877,0.71551,0.60658,0.49058,0.44704,0.50908,0.64667,0.79669,0.89484,0.89664,0.79093,0.60827,0.40501,0.2222,0.054939,-0.12524,-0.33351,-0.55985,-0.77999,-0.98493,-1.1827,-1.3826,-1.5727,-1.6947,-1.6768,-1.4716,-1.1254,-0.73097,-0.36892,-0.079199,0.16086,0.39751,0.66636,0.9729,1.2729,1.4989,1.5808,1.4703,1.1666,0.75182,0.39296,0.2817,0.49081,0.90085,1.3051,1.5513,1.584,1.4237,1.1316,0.7834,0.45381,0.20409,0.066655,0.040634,0.094776,0.18358,0.26815,0.33015,0.37287,0.40981,0.4648,0.54574,0.65304,0.78076
0.56964,0.96678,0.95033,0.4792,-0.21367,-0.75733,-1.0159,-1.1137,-1.1665,-1.1873,-1.128,-0.93335,-0.59873,-0.19259,0.1854,0.46039,0.5999,0.60886,0.52572,0.41709,0.35495,0.37758,0.47047,0.58575,0.66855,0.67909,0.60294,0.46536,0.31028,0.16116,0.0074959,-0.18471,-0.43214,-0.7193,-1.0102,-1.2841,-1.5342,-1.7725,-1.975,-2.0976,-2.06,-1.8347,-1.4592,-1.0265,-0.62759,-0.29056,-0.0019264,0.2827,0.60112,0.94337,1.2652,1.4911,1.5424,1.3634,0.95043,0.38354,-0.13859,-0.35521,-0.14076,0.36346,0.89154,1.2555,1.3928,1.3284,1.1307,0.88109,0.65191,0.50187,0.44402,0.46083,0.51486,0.5675,0.59373,0.58851,0.56456,0.54559,0.55106,0.59322,0.67388,0.78619
0.4851,0.89694,0.90079,0.43385,-0.27047,-0.82445,-1.0872,-1.1903,-1.258,-1.3012,-1.2627,-1.081,-0.75184,-0.35005,0.025659,0.30583,0.4625,0.49788,0.44214,0.3507,0.28576,0.28414,0.34142,0.42457,0.49256,0.5097,0.4584,0.35454,0.23089,0.10245,-0.047768,-0.25372,-0.53242,-0.86093,-1.2002,-1.5182,-1.8117,-2.0832,-2.3145,-2.4415,-2.384,-2.1166,-1.7,-1.2423,-0.82506,-0.4743,-0.16199,0.16024,0.51718,0.89576,1.2368,1.4618,1.4951,1.2852,0.81927,0.1783,-0.43514,-0.72977,-0.53637,0.0036261,0.60092,1.0383,1.2423,1.2374,1.0956,0.9029,0.73802,0.6455,0.63717,0.68691,0.75145,0.79166,0.78746,0.7424,0.67847,0.62377,0.60367,0.62982,0.6998,0.80165
0.38759,0.81494,0.84324,0.37858,-0.34473,-0.91547,-1.1846,-1.2911,-1.3686,-1.4272,-1.3994,-1.2253,-0.91341,-0.54394,-0.20141,0.063407,0.23063,0.29929,0.28772,0.23253,0.17681,0.15106,0.16324,0.20285,0.25047,0.27724,0.26108,0.19952,0.11036,0.0018458,-0.14625,-0.36867,-0.68112,-1.0617,-1.4647,-1.8484,-2.1975,-2.5015,-2.7401,-2.8447,-2.7481,-2.4396,-1.9952,-1.5214,-1.0926,-0.72325,-0.38181,-0.023517,0.37299,0.78273,1.1463,1.3866,1.4285,1.2155,0.74004,0.068894,-0.60534,-0.98349,-0.85792,-0.33013,0.28869,0.77026,1.0292,1.0843,1.0053,0.87743,0.77569,0.74954,0.79817,0.88637,0.96557,0.99772,0.96891,0.89074,0.79225,0.70602,0.66167,0.6685,0.72203,0.8088
0.33419,0.76855,0.81139,0.34492,-0.39511,-0.98272,-1.2579,-1.3647,-1.4436,-1.5031,-1.472,-1.2955,-1.0006,-0.67112,-0.37335,-0.13877,0.022297,0.10966,0.13322,0.113,0.074187,0.039501,0.024732,0.036285,0.070053,0.1028,0.10877,0.073648,0.0068104,-0.088724,-0.23313,-0.46401,-0.8001,-1.2205,-1.6694,-2.0965,-2.4681,-2.7751,-2.9891,-3.061,-2.9356,-2.6117,-2.165,-1.6944,-1.2692,-0.9011,-0.55345,-0.17971,0.23778,0.67282,1.0594,1.3189,1.379,1.1907,0.74128,0.096349,-0.5684,-0.97568,-0.91233,-0.44853,0.14349,0.62542,0.89927,0.97541,0.92081,0.82133,0.75519,0.76293,0.84327,0.9561,1.0501,1.0866,1.0526,0.96198,0.84739,0.74829,0.6899,0.68668,0.73463,0.81833
0.30216,0.73678,0.7911,0.31658,-0.44984,-1.0662,-1.3537,-1.4631,-1.5383,-1.5861,-1.5333,-1.3428,-1.0718,-0.80824,-0.59472,-0.42842,-0.29811,-0.19786,-0.12832,-0.093833,-0.096726,-0.12841,-0.16573,-0.18008,-0.16198,-0.12529,-0.1019,-0.11159,-0.15564,-0.23343,-0.37178,-0.61076,-0.97213,-1.4304,-1.9214,-2.3747,-2.7472,-3.0264,-3.1979,-3.2281,-3.0748,-2.7427,-2.3027,-1.8513,-1.4517,-1.1077,-0.77527,-0.40157,0.032545,0.49146,0.90766,1.2039,1.3126,1.1869,0.82362,0.27754,-0.30724,-0.70711,-0.73377,-0.40107,0.081587,0.50305,0.75638,0.83586,0.79602,0.71665,0.67361,0.71281,0.82782,0.97121,1.0851,1.1293,1.0939,0.99812,0.8789,0.77256,0.71438,0.71157,0.75605,0.83051
0.32899,0.74907,0.80341,0.31496,-0.48475,-1.1385,-1.451,-1.5659,-1.634,-1.6568,-1.5642,-1.3477,-1.0996,-0.91401,-0.80746,-0.73856,-0.66164,-0.55593,-0.43485,-0.33481,-0.28974,-0.30601,-0.35559,-0.39474,-0.39565,-0.36485,-0.33529,-0.32802,-0.35012,-0.40874,-0.53454,-0.77446,-1.1468,-1.6244,-2.1313,-2.5845,-2.9281,-3.1479,-3.2514,-3.2294,-3.0601,-2.7484,-2.3496,-1.9461,-1.5954,-1.2952,-0.99592,-0.63664,-0.19778,0.28491,0.73813,1.0825,1.2538,1.2164,0.96379,0.5466,0.078371,-0.27574,-0.37006,-0.18586,0.15085,0.47116,0.66961,0.72449,0.67482,0.59178,0.55166,0.60096,0.73316,0.89754,1.0323,1.0948,1.0738,0.98764,0.87343,0.77432,0.7167,0.71223,0.75583,0.83198
0.39463,0.7924,0.83757,0.33406,-0.49476,-1.1844,-1.5253,-1.6507,-1.7118,-1.7073,-1.5741,-1.3304,-1.0986,-0.97777,-0.9633,-0.98076,-0.95248,-0.84362,-0.67972,-0.5257,-0.44073,-0.44153,-0.49681,-0.55418,-0.57328,-0.55449,-0.52495,-0.50913,-0.51597,-0.55914,-0.67432,-0.90916,-1.2845,-1.7662,-2.2713,-2.7029,-3.0018,-3.1615,-3.2048,-3.1433,-2.9691,-2.6846,-2.335,-1.9878,-1.6878,-1.4314,-1.1601,-0.81254,-0.37184,0.12391,0.59778,0.97496,1.1982,1.2336,1.0787,0.77139,0.39755,0.083867,-0.04851,0.03525,0.2629,0.49833,0.64087,0.65995,0.58513,0.48311,0.42973,0.47581,0.61687,0.79736,0.94916,1.0257,1.0156,0.93972,0.83754,0.74857,0.70391,0.71198,0.76346,0.8397
0.54816,0.9001,0.92017,0.38934,-0.4833,-1.2337,-1.6266,-1.7774,-1.8276,-1.7776,-1.578,-1.2912,-1.0788,-1.0463,-1.1618,-1.3025,-1.3439,-1.2329,-1.0137,-0.78878,-0.64868,-0.6228,-0.67865,-0.75593,-0.80417,-0.81232,-0.79585,-0.78013,-0.77268,-0.79382,-0.88698,-1.1037,-1.4706,-1.9465,-2.4368,-2.8284,-3.0553,-3.1214,-3.0794,-2.9694,-2.7992,-2.5663,-2.2919,-2.0233,-1.7964,-1.5991,-1.3737,-1.0537,-0.61726,-0.10818,0.39809,0.82616,1.1209,1.2523,1.2167,1.0411,0.78458,0.53186,0.37007,0.34925,0.43871,0.55701,0.62102,0.5903,0.47708,0.3372,0.24845,0.2706,0.40438,0.59369,0.76515,0.86739,0.886,0.83919,0.76361,0.69749,0.6691,0.68723,0.74511,0.82695
0.71345,1.0185,1.0103,0.45394,-0.45575,-1.2603,-1.7046,-1.8814,-1.9254,-1.8344,-1.5795,-1.2571,-1.0572,-1.0883,-1.298,-1.5323,-1.6299,-1.5211,-1.2634,-0.98655,-0.80149,-0.74799,-0.79692,-0.88522,-0.96052,-1.0003,-1.0111,-1.0071,-0.99657,-0.99985,-1.0681,-1.2631,-1.6121,-2.0784,-2.5543,-2.9195,-3.0913,-3.0855,-2.9726,-2.8222,-2.6552,-2.4635,-2.2516,-2.0479,-1.8799,-1.7297,-1.5372,-1.2342,-0.80098,-0.28147,0.24578,0.70695,1.05,1.2461,1.2896,1.1974,1.0121,0.79886,0.63063,0.55551,0.57213,0.61971,0.6254,0.54725,0.39166,0.21038,0.081347,0.073946,0.1952,0.38903,0.57793,0.70538,0.75224,0.73289,0.68149,0.63708,0.62405,0.65354,0.7201,0.80858
0.99517,1.2244,1.1658,0.56946,-0.39515,-1.2823,-1.8079,-2.0299,-2.0654,-1.9168,-1.5834,-1.2133,-1.0275,-1.1335,-1.4579,-1.8113,-1.9875,-1.8873,-1.5798,-1.2298,-0.9782,-0.88091,-0.91594,-1.0212,-1.1423,-1.2417,-1.3075,-1.3297,-1.3142,-1.2885,-1.321,-1.4895,-1.822,-2.2766,-2.7295,-3.0406,-3.1308,-3.0359,-2.8506,-2.6605,-2.4916,-2.3392,-2.1974,-2.0797,-1.9907,-1.9065,-1.7551,-1.4699,-1.0392,-0.50905,0.038957,0.53457,0.92973,1.1961,1.3246,1.3231,1.2179,1.0543,0.88839,0.76932,0.71036,0.67984,0.62031,0.48708,0.2748,0.026946,-0.1721,-0.24122,-0.1526,0.042247,0.25705,0.42433,0.51736,0.54543,0.53817,0.52783,0.54329,0.59204,0.66964,0.76369
1.336,1.4767,1.3549,0.71246,-0.31234,-1.2897,-1.9092,-2.1817,-2.2085,-1.9981,-1.5881,-1.1739,-0.99984,-1.1675,-1.5894,-2.0496,-2.3023,-2.2122,-1.8534,-1.4276,-1.1074,-0.96541,-0.98723,-1.1156,-1.2904,-1.4615,-1.5902,-1.6423,-1.6141,-1.557,-1.5614,-1.7135,-2.045,-2.4933,-2.924,-3.1846,-3.2064,-3.0337,-2.7842,-2.5505,-2.3729,-2.2496,-2.167,-2.1197,-2.0998,-2.0637,-1.9472,-1.6868,-1.2659,-0.73689,-0.17454,0.34995,0.78625,1.1035,1.2911,1.3511,1.3017,1.1775,1.0249,0.89,0.79026,0.70713,0.59324,0.40542,0.13272,-0.18808,-0.47378,-0.61947,-0.57699,-0.38599,-0.1393,0.079971,0.23057,0.31234,0.35072,0.37976,0.41991,0.48772,0.58172,0.69075
1.6205,1.6894,1.5134,0.83167,-0.24105,-1.2881,-1.9791,-2.289,-2.306,-2.0484,-1.5863,-1.1457,-0.98005,-1.1861,-1.6686,-2.1982,-2.5025,-2.418,-2.0212,-1.5406,-1.1716,-0.99762,-1.0082,-1.1503,-1.3618,-1.5855,-1.7605,-1.8381,-1.8085,-1.7364,-1.7273,-1.8724,-2.2013,-2.6477,-3.0693,-3.3091,-3.2909,-3.0656,-2.7607,-2.4865,-2.2966,-2.1885,-2.1455,-2.1494,-2.1769,-2.1799,-2.0885,-1.8419,-1.4286,-0.90106,-0.3324,0.20721,0.66588,1.0096,1.2258,1.3123,1.2868,1.1831,1.0452,0.91053,0.8012,0.69847,0.55695,0.33295,0.011712,-0.37336,-0.72931,-0.94666,-0.94692,-0.75953,-0.48592,-0.2228,-0.021404,0.11116,0.1941,0.25359,0.3196,0.40076,0.49863,0.60794
2.0244,1.9925,1.736,0.99712,-0.14111,-1.2787,-2.0574,-2.4087,-2.4035,-2.086,-1.5669,-1.1035,-0.95147,-1.1993,-1.7464,-2.3513,-2.7123,-2.6345,-2.1945,-1.6493,-1.2193,-0.99977,-0.98734,-1.1335,-1.3782,-1.6576,-1.8921,-2.0088,-1.9939,-1.9172,-1.902,-2.0478,-2.3803,-2.8307,-3.2452,-3.4571,-3.3876,-3.1009,-2.7351,-2.417,-2.2094,-2.1184,-2.1238,-2.1931,-2.2822,-2.3333,-2.2697,-2.0369,-1.6343,-1.1061,-0.53105,0.018544,0.48904,0.84835,1.0787,1.1857,1.1874,1.113,0.99863,0.87934,0.76605,0.64084,0.46298,0.19178,-0.18942,-0.65218,-1.112,-1.42,-1.475,-1.2889,-0.97282,-0.64628,-0.37971,-0.19032,-0.061419,0.036313,0.12593,0.22838,0.34797,0.47898
2.4402,2.3053,1.9616,1.1591,-0.045737,-1.2645,-2.1139,-2.4844,-2.4443,-2.0724,-1.5181,-1.05,-0.91616,-1.1985,-1.7912,-2.4497,-2.8533,-2.7838,-2.3149,-1.7203,-1.2358,-0.967,-0.91863,-1.0485,-1.3028,-1.6141,-1.8928,-2.046,-2.0506,-1.9847,-1.9801,-2.1414,-2.4918,-2.9497,-3.3546,-3.5308,-3.4168,-3.0855,-2.688,-2.3489,-2.1343,-2.0597,-2.1034,-2.2249,-2.3685,-2.4596,-2.4254,-2.2178,-1.8334,-1.318,-0.74115,-0.17777,0.30877,0.67583,0.90976,1.0146,1.0164,0.95244,0.86004,0.76214,0.66377,0.53924,0.34489,0.038922,-0.39889,-0.94506,-1.5014,-1.9164,-2.0387,-1.8548,-1.4897,-1.0924,-0.75478,-0.50517,-0.33125,-0.20075,-0.088393,0.026756,0.15466,0.29588
2.751,2.5386,2.1256,1.2713,0.016898,-1.2546,-2.1388,-2.5038,-2.4266,-2.0195,-1.4554,-0.99793,-0.88265,-1.1857,-1.8005,-2.4834,-2.9088,-2.8488,-2.3709,-1.7512,-1.2322,-0.92627,-0.84373,-0.94824,-1.191,-1.5064,-1.8007,-1.9745,-1.998,-1.9515,-1.964,-2.1395,-2.5015,-2.9648,-3.3616,-3.5227,-3.3855,-3.0314,-2.6171,-2.2704,-2.0623,-2.0034,-2.0741,-2.2328,-2.4154,-2.5432,-2.5393,-2.3543,-1.9838,-1.4745,-0.89523,-0.32547,0.16582,0.53113,0.75744,0.85586,0.85937,0.80836,0.73686,0.66383,0.57734,0.44732,0.23266,-0.10332,-0.57858,-1.1717,-1.7963,-2.2685,-2.4248,-2.2387,-1.8444,-1.4094,-1.0379,-0.76147,-0.56636,-0.4203,-0.29319,-0.15979,-0.010849,0.1511
3.153,2.8383,2.3291,1.4003,0.081781,-1.2461,-2.1489,-2.4765,-2.3348,-1.8889,-1.3316,-0.90715,-0.82442,-1.149,-1.7778,-2.4716,-2.9146,-2.8778,-2.4104,-1.7755,-1.2187,-0.86184,-0.72578,-0.78195,-0.9867,-1.2792,-1.5687,-1.7615,-1.8225,-1.8177,-1.8641,-2.059,-2.4203,-2.8702,-3.2453,-3.3889,-3.2349,-2.8698,-2.4452,-2.102,-1.9145,-1.8967,-2.0235,-2.2413,-2.4777,-2.6517,-2.6866,-2.5356,-2.1926,-1.6896,-1.1022,-0.52004,-0.022823,0.339,0.54894,0.62957,0.62494,0.58354,0.53947,0.49883,0.43991,0.32223,0.10116,-0.26006,-0.78005,-1.4386,-2.1331,-2.6888,-2.8933,-2.7023,-2.2718,-1.7982,-1.398,-1.103,-0.89494,-0.73566,-0.59601,-0.4466,-0.27657,-0.087462
3.4396,3.0495,2.4664,1.4788,0.11285,-1.2454,-2.1402,-2.4177,-2.2194,-1.7498,-1.2098,-0.82038,-0.76737,-1.1059,-1.7335,-2.4218,-2.8738,-2.8648,-2.4229,-1.79,-1.2091,-0.81181,-0.62973,-0.64156,-0.80691,-1.0689,-1.3444,-1.5456,-1.6367,-1.6667,-1.7421,-1.9503,-2.3043,-2.7289,-3.0741,-3.1909,-3.0298,-2.6726,-2.2678,-1.9487,-1.7888,-1.8044,-1.9682,-2.224,-2.4968,-2.7061,-2.7793,-2.6683,-2.3555,-1.867,-1.2743,-0.67721,-0.16882,0.19115,0.39113,0.45738,0.44525,0.41212,0.39207,0.38273,0.34726,0.23775,0.0089818,-0.37018,-0.91141,-1.5909,-2.3166,-2.8934,-3.1212,-2.9528,-2.537,-2.0681,-1.6662,-1.3676,-1.1572,-0.99765,-0.84931,-0.68739,-0.4992,-0.28541
3.7948,3.3071,2.6246,1.5562,0.13087,-1.2531,-2.1126,-2.3014,-2.021,-1.5255,-1.015,-0.67937,-0.67016,-1.024,-1.6392,-2.3093,-2.7702,-2.8096,-2.4214,-1.8072,-1.2033,-0.75463,-0.50763,-0.45333,-0.55927,-0.77656,-1.0315,-1.2404,-1.3629,-1.4325,-1.5377,-1.7535,-2.0924,-2.4787,-2.7767,-2.8547,-2.6853,-2.3494,-1.9869,-1.7163,-1.6025,-1.6635,-1.8689,-2.1653,-2.4845,-2.7443,-2.8779,-2.8289,-2.5639,-2.0974,-1.5038,-0.89618,-0.38128,-0.024284,0.15932,0.20999,0.19668,0.1854,0.20666,0.24401,0.24637,0.15558,-0.070661,-0.45602,-1.0064,-1.6965,-2.4295,-3.032,-3.2964,-3.1655,-2.7844,-2.3507,-1.9866,-1.7252,-1.5438,-1.392,-1.2431,-1.0583,-0.8272,-0.55832
4.1139,3.5338,2.7523,1.6029,0.12385,-1.2704,-2.0729,-2.1618,-1.8024,-1.2851,-0.80492,-0.52184,-0.55434,-0.91902,-1.5143,-2.1597,-2.6266,-2.7174,-2.3939,-1.8148,-1.2036,-0.71532,-0.41068,-0.29305,-0.33935,-0.51184,-0.74608,-0.96329,-1.1121,-1.2142,-1.3381,-1.5486,-1.8589,-2.1992,-2.4471,-2.4982,-2.3296,-2.0204,-1.6925,-1.4589,-1.3877,-1.4877,-1.7356,-2.0759,-2.4356,-2.7492,-2.9483,-2.9705,-2.7667,-2.3336,-1.7449,-1.1276,-0.60327,-0.2467,-0.069754,-0.029423,-0.045486,-0.040741,0.018175,0.1053,0.15337,0.098117,-0.10488,-0.47414,-1.0059,-1.6662,-2.369,-2.9479,-3.2345,-3.1862,-2.9198,-2.5955,-2.3154,-2.1077,-1.9531,-1.8189,-1.6487,-1.4298,-1.1589,-0.84539
4.3272,3.6811,2.8276,1.6192,0.10517,-1.2873,-2.0392,-2.0548,-1.6427,-1.1109,-0.64915,-0.39969,-0.45892,-0.82784,-1.4057,-2.0294,-2.4975,-2.6245,-2.3528,-1.8099,-1.2061,-0.70011,-0.36111,-0.20254,-0.20724,-0.34782,-0.56802,-0.79312,-0.96467,-1.0907,-1.2247,-1.4256,-1.7048,-2.002,-2.2089,-2.2364,-2.067,-1.7741,-1.4737,-1.2725,-1.2327,-1.3638,-1.6375,-1.998,-2.3813,-2.7236,-2.9646,-3.0413,-2.8884,-2.4933,-1.923,-1.3086,-0.78127,-0.42636,-0.25344,-0.21679,-0.2285,-0.20492,-0.11379,0.013008,0.095998,0.068199,-0.10973,-0.44878,-0.94087,-1.5549,-2.2097,-2.7767,-3.1033,-3.135,-2.9595,-2.7202,-2.5166,-2.3768,-2.2752,-2.1576,-1.9924,-1.7459,-1.4206,-1.041
4.5749,3.8465,2.9013,1.621,0.070298,-1.3095,-1.9961,-1.9272,-1.4559,-0.90425,-0.45647,-0.23864,-0.32411,-0.69338,-1.246,-1.8389,-2.3038,-2.4755,-2.278,-1.7974,-1.2195,-0.70405,-0.33165,-0.12535,-0.082354,-0.18586,-0.39177,-0.63068,-0.83784,-0.99532,-1.1394,-1.3207,-1.5518,-1.7871,-1.9388,-1.9295,-1.7526,-1.4763,-1.2107,-1.0516,-1.0488,-1.2104,-1.5015,-1.8741,-2.2782,-2.6609,-2.9668,-3.1189,-3.0371,-2.6833,-2.1299,-1.5211,-0.99921,-0.64692,-0.48722,-0.46293,-0.4763,-0.43496,-0.30547,-0.13339,0.0060341,0.032335,-0.094674,-0.37977,-0.80529,-1.3358,-1.9126,-2.4301,-2.7861,-2.9376,-2.932,-2.8609,-2.7933,-2.7474,-2.6976,-2.6037,-2.413,-2.1177,-1.7327,-1.2883
4.7321,3.9467,2.9382,1.6112,0.042431,-1.3221,-1.9673,-1.8515,-1.3453,-0.77655,-0.33017,-0.12503,-0.22173,-0.5892,-1.1241,-1.6928,-2.1515,-2.353,-2.212,-1.7842,-1.2337,-0.71979,-0.33238,-0.10134,-0.031975,-0.11444,-0.31421,-0.56437,-0.79537,-0.97234,-1.1199,-1.2822,-1.4755,-1.6662,-1.7792,-1.7481,-1.5671,-1.2998,-1.0497,-0.90637,-0.92243,-1.0953,-1.3958,-1.7785,-2.1935,-2.6029,-2.9511,-3.1562,-3.1225,-2.8074,-2.2738,-1.6714,-1.1492,-0.80201,-0.63964,-0.61357,-0.62785,-0.5878,-0.45292,-0.25375,-0.086533,-0.019933,-0.094739,-0.31748,-0.67352,-1.1334,-1.6451,-2.1376,-2.5261,-2.7651,-2.8757,-2.9202,-2.9521,-2.9844,-2.9876,-2.9069,-2.7092,-2.3779,-1.9375,-1.4328
4.9025,4.0482,2.9659,1.5883,0.010944,-1.327,-1.9348,-1.7841,-1.2451,-0.65146,-0.19347,0.010825,-0.090499,-0.45382,-0.96935,-1.5093,-1.9567,-2.1888,-2.1151,-1.7568,-1.2512,-0.75357,-0.36026,-0.11153,-0.020468,-0.086772,-0.28257,-0.54455,-0.79408,-0.98708,-1.1336,-1.2712,-1.4222,-1.5614,-1.6266,-1.5632,-1.3678,-1.1027,-0.86366,-0.73809,-0.77267,-0.96528,-1.283,-1.6781,-2.107,-2.5334,-2.9072,-3.1498,-3.165,-2.8909,-2.3889,-1.8053,-1.293,-0.94659,-0.79614,-0.78861,-0.82272,-0.79301,-0.65039,-0.43325,-0.21896,-0.09548,-0.10472,-0.2489,-0.51032,-0.86635,-1.2903,-1.7363,-2.1536,-2.4992,-2.7628,-2.9657,-3.1318,-3.2588,-3.311,-3.2409,-3.0098,-2.6229,-2.1211,-1.5588
5.0274,4.1131,2.971,1.5607,-0.0052132,-1.3118,-1.9074,-1.7572,-1.205,-0.58473,-0.099938,0.12172,0.0277,-0.32973,-0.83046,-1.3532,-1.7924,-2.0413,-2.0143,-1.7176,-1.2656,-0.8008,-0.41873,-0.16555,-0.062465,-0.11757,-0.30997,-0.57785,-0.83708,-1.0364,-1.175,-1.2894,-1.4035,-1.4992,-1.523,-1.4278,-1.2138,-0.94503,-0.71295,-0.60306,-0.65337,-0.86135,-1.1868,-1.5833,-2.0157,-2.4478,-2.8369,-3.1034,-3.1419,-2.8993,-2.4237,-1.8565,-1.35,-1.0085,-0.85658,-0.85831,-0.92101,-0.93609,-0.83526,-0.62687,-0.3951,-0.21912,-0.14941,-0.1988,-0.35971,-0.62027,-0.96687,-1.3767,-1.8155,-2.2422,-2.6257,-2.953,-3.2201,-3.4129,-3.496,-3.4181,-3.1601,-2.7354,-2.1939,-1.5963
5.0912,4.1382,2.9613,1.54,-0.0034036,-1.2845,-1.8884,-1.7624,-1.2146,-0.57405,-0.060461,0.18303,0.10136,-0.25002,-0.74513,-1.2621,-1.6963,-1.9474,-1.939,-1.6784,-1.2689,-0.83975,-0.47966,-0.23221,-0.1239,-0.16785,-0.35071,-0.61495,-0.8758,-1.0744,-1.2056,-1.3036,-1.3952,-1.4653,-1.4641,-1.3497,-1.1254,-0.85375,-0.62655,-0.52317,-0.58166,-0.79128,-1.1153,-1.5119,-1.9433,-2.3798,-2.7702,-3.0295,-3.0627,-2.8203,-2.3581,-1.8111,-1.3211,-0.98616,-0.84199,-0.85809,-0.94923,-1.0049,-0.94308,-0.76066,-0.52061,-0.31169,-0.19142,-0.17833,-0.27037,-0.46381,-0.7573,-1.1411,-1.5876,-2.0555,-2.5032,-2.9012,-3.2277,-3.4542,-3.5398,-3.4475,-3.1605,-2.7063,-2.1454,-1.5419
5.1358,4.1397,2.9314,1.5139,0.016422,-1.2288,-1.8641,-1.801,-1.2777,-0.61237,-0.053914,0.22891,0.17075,-0.17235,-0.66482,-1.1791,-1.6041,-1.8456,-1.8426,-1.6152,-1.2614,-0.89119,-0.57507,-0.34897,-0.23805,-0.26377,-0.42325,-0.66646,-0.91349,-1.1005,-1.2198,-1.3024,-1.3753,-1.4238,-1.403,-1.2702,-1.034,-0.75636,-0.52949,-0.43043,-0.49442,-0.71196,-1.0427,-1.4392,-1.862,-2.2729,-2.6224,-2.8377,-2.8413,-2.5985,-2.1616,-1.6476,-1.1846,-0.8655,-0.73457,-0.77152,-0.90279,-1.0225,-1.0359,-0.90814,-0.68572,-0.44724,-0.25971,-0.15865,-0.15907,-0.27154,-0.50391,-0.85947,-1.3162,-1.8277,-2.3341,-2.7807,-3.1275,-3.3458,-3.4072,-3.2819,-2.9792,-2.5263,-1.9794,-1.3986
5.1339,4.105,2.8817,1.4878,0.050463,-1.1601,-1.8465,-1.8755,-1.3957,-0.70832,-0.098784,0.23076,0.20038,-0.13367,-0.62538,-1.1336,-1.5422,-1.7642,-1.7575,-1.5567,-1.2576,-0.95208,-0.68979,-0.49306,-0.38191,-0.38354,-0.50498,-0.70784,-0.92119,-1.0843,-1.1882,-1.2638,-1.334,-1.3839,-1.3617,-1.2264,-0.98292,-0.69755,-0.46384,-0.36234,-0.42833,-0.64792,-0.97736,-1.3638,-1.762,-2.1301,-2.4181,-2.5654,-2.5179,-2.2657,-1.8584,-1.3905,-0.96734,-0.67687,-0.5606,-0.61499,-0.78238,-0.96401,-1.0539,-0.992,-0.79593,-0.54106,-0.30566,-0.1391,-0.067443,-0.11083,-0.29215,-0.61541,-1.0631,-1.5866,-2.1157,-2.5774,-2.9143,-3.0926,-3.0986,-2.9394,-2.6199,-2.1848,-1.6847,-1.166
5.1015,4.0545,2.8304,1.4652,0.079116,-1.1085,-1.8437,-1.9588,-1.5226,-0.81907,-0.16655,0.2024,0.19416,-0.13173,-0.62229,-1.1221,-1.5125,-1.7147,-1.7027,-1.522,-1.2649,-1.0102,-0.79207,-0.62014,-0.50776,-0.48499,-0.56684,-0.72775,-0.90411,-1.0446,-1.1405,-1.2224,-1.3056,-1.369,-1.3544,-1.2193,-0.97123,-0.67894,-0.44131,-0.3367,-0.40125,-0.61515,-0.93438,-1.3062,-1.6766,-2.0067,-2.242,-2.3282,-2.237,-1.9689,-1.5787,-1.1493,-0.76842,-0.50693,-0.41263,-0.48371,-0.6718,-0.88736,-1.0252,-1.0113,-0.84436,-0.58846,-0.32377,-0.11029,0.012889,0.014354,-0.13167,-0.43706,-0.88217,-1.4082,-1.93,-2.3636,-2.6544,-2.7839,-2.7555,-2.5749,-2.2721,-1.8727,-1.4173,-0.94806
5.0174,3.9535,2.7422,1.4271,0.11114,-1.0509,-1.8633,-2.109,-1.7426,-1.0163,-0.29931,0.1277,0.15249,-0.16153,-0.65047,-1.138,-1.5012,-1.672,-1.6478,-1.4918,-1.2928,-1.1095,-0.95226,-0.81036,-0.69129,-0.62672,-0.6444,-0.7379,-0.86082,-0.97296,-1.073,-1.1794,-1.2998,-1.3942,-1.4006,-1.2668,-1.0089,-0.69994,-0.44607,-0.32994,-0.38683,-0.60054,-0.91617,-1.2663,-1.592,-1.8392,-1.9725,-1.9701,-1.8235,-1.5576,-1.2118,-0.84233,-0.51541,-0.29753,-0.22693,-0.3123,-0.51679,-0.76142,-0.94381,-0.97815,-0.8453,-0.59501,-0.30852,-0.055308,0.11559,0.16525,0.060777,-0.21005,-0.62595,-1.1242,-1.6127,-2.0002,-2.2305,-2.2942,-2.2128,-2.0171,-1.7306,-1.3815,-1.0009,-0.61895
4.9235,3.852,2.6598,1.3891,0.12536,-1.0227,-1.8985,-2.2514,-1.9445,-1.1995,-0.42873,0.046258,0.099224,-0.20546,-0.69287,-1.1727,-1.515,-1.6593,-1.6222,-1.4821,-1.3273,-1.201,-1.0919,-0.9723,-0.84338,-0.74095,-0.70623,-0.74631,-0.831,-0.92824,-1.0362,-1.1691,-1.3254,-1.4569,-1.4895,-1.3647,-1.0959,-0.76634,-0.48878,-0.35573,-0.40295,-0.61222,-0.91962,-1.2485,-1.5343,-1.7276,-1.8011,-1.7432,-1.5632,-1.288,-0.95885,-0.62529,-0.34116,-0.1565,-0.11082,-0.21091,-0.42368,-0.67652,-0.87278,-0.92805,-0.81265,-0.56936,-0.27515,-0.0014243,0.19738,0.27706,0.20235,-0.039676,-0.4269,-0.89278,-1.3406,-1.6772,-1.8515,-1.867,-1.7583,-1.5596,-1.2987,-0.99998,-0.68429,-0.37159
4.7567,3.682,2.5261,1.3222,0.12417,-1.0112,-1.9748,-2.4775,-2.258,-1.4874,-0.63905,-0.093619,0.0008915,-0.28849,-0.77135,-1.2406,-1.5543,-1.6623,-1.6076,-1.4897,-1.3971,-1.3523,-1.3128,-1.2232,-1.0741,-0.91075,-0.79749,-0.76633,-0.80698,-0.89554,-1.0262,-1.208,-1.4281,-1.6252,-1.7002,-1.5864,-1.2944,-0.92707,-0.61025,-0.44637,-0.47329,-0.66441,-0.95238,-1.2533,-1.4922,-1.6222,-1.6221,-1.4992,-1.2816,-1.005,-0.70668,-0.42135,-0.18563,-0.039456,-0.014977,-0.12081,-0.33056,-0.57946,-0.77724,-0.84101,-0.73848,-0.50438,-0.2097,0.076133,0.29767,0.4086,0.37107,0.17407,-0.15869,-0.55984,-0.93555,-1.201,-1.3158,-1.2913,-1.1656,-0.97888,-0.75107,-0.50322,-0.2529,-0.017276
4.542,3.4706,2.3642,1.2331,0.096782,-1.033,-2.0816,-2.7349,-2.611,-1.8149,-0.88579,-0.26745,-0.12621,-0.39387,-0.86567,-1.32,-1.6047,-1.6812,-1.6171,-1.5288,-1.5024,-1.5416,-1.5748,-1.5162,-1.3409,-1.1068,-0.90954,-0.80897,-0.81389,-0.90701,-1.0787,-1.3309,-1.6321,-1.9019,-2.0204,-1.9058,-1.5798,-1.1601,-0.79706,-0.59549,-0.59471,-0.76503,-1.0332,-1.3079,-1.5082,-1.5851,-1.5287,-1.3624,-1.1242,-0.85212,-0.57687,-0.32324,-0.11877,0.0028368,0.016178,-0.088074,-0.28579,-0.51745,-0.70014,-0.7561,-0.65737,-0.43045,-0.1393,0.15067,0.38557,0.51996,0.51831,0.36882,0.095657,-0.23464,-0.53338,-0.72661,-0.78686,-0.73327,-0.60458,-0.43245,-0.24348,-0.049675,0.137,0.30435
4.3496,3.2845,2.2232,1.1513,0.059512,-1.0684,-2.1748,-2.9361,-2.8857,-2.0731,-1.0859,-0.41479,-0.23724,-0.48313,-0.9402,-1.3787,-1.6416,-1.7005,-1.639,-1.5805,-1.607,-1.7108,-1.799,-1.7629,-1.5651,-1.2746,-1.011,-0.85812,-0.8392,-0.9416,-1.1549,-1.47,-1.8451,-2.1796,-2.3362,-2.2164,-1.8517,-1.3808,-0.96907,-0.73166,-0.70555,-0.86152,-1.1167,-1.3731,-1.5494,-1.6002,-1.5233,-1.3443,-1.1032,-0.83229,-0.56308,-0.32058,-0.1293,-0.013721,-0.0030129,-0.10047,-0.28194,-0.49132,-0.65216,-0.69667,-0.59341,-0.37056,-0.086752,0.19796,0.43376,0.57864,0.60107,0.4867,0.26206,-0.011109,-0.25339,-0.40087,-0.43157,-0.3644,-0.23543,-0.076964,0.091992,0.25747,0.40854,0.53437
4.052,3.0003,2.0096,1.0245,-0.0087219,-1.1318,-2.3005,-3.1868,-3.2314,-2.4065,-1.3545,-0.62133,-0.39693,-0.60886,-1.0374,-1.4465,-1.681,-1.7264,-1.6806,-1.6719,-1.7769,-1.9702,-2.1316,-2.1223,-1.8912,-1.5242,-1.1721,-0.95303,-0.90453,-1.0214,-1.2887,-1.6873,-2.1662,-2.6008,-2.8164,-2.6942,-2.2711,-1.7234,-1.2393,-0.94408,-0.87704,-0.99809,-1.2265,-1.4623,-1.6207,-1.6596,-1.5789,-1.407,-1.1774,-0.9253,-0.67037,-0.43145,-0.23176,-0.10249,-0.065529,-0.13237,-0.28213,-0.46152,-0.59755,-0.62539,-0.52009,-0.3055,-0.03534,0.23685,0.46819,0.62273,0.67131,0.60319,0.4401,0.23605,0.059597,-0.036255,-0.03572,0.043071,0.16888,0.3153,0.46224,0.59898,0.71573,0.80353
3.7092,2.6758,1.7694,0.88204,-0.089175,-1.198,-2.4059,-3.3816,-3.5095,-2.6913,-1.5999,-0.82272,-0.55916,-0.73339,-1.1222,-1.4929,-1.7008,-1.7426,-1.7242,-1.7746,-1.9619,-2.2457,-2.4803,-2.4951,-2.2273,-1.7858,-1.3584,-1.0837,-1.0118,-1.1383,-1.4457,-1.9143,-2.4822,-3.0088,-3.2829,-3.1557,-2.6762,-2.0547,-1.5072,-1.1607,-1.0483,-1.1302,-1.3241,-1.5364,-1.6879,-1.74,-1.6871,-1.5494,-1.3561,-1.1245,-0.87587,-0.62796,-0.40517,-0.23885,-0.16114,-0.1827,-0.28633,-0.4249,-0.53339,-0.55136,-0.45486,-0.26058,-0.012178,0.24356,0.46708,0.62487,0.69171,0.65698,0.54127,0.39289,0.2706,0.21769,0.2452,0.33614,0.46317,0.6039,0.74064,0.86361,0.96448,1.0357
3.4238,2.4077,1.5743,0.76869,-0.15029,-1.2393,-2.4543,-3.4659,-3.6417,-2.8463,-1.7496,-0.95751,-0.67388,-0.81908,-1.173,-1.5089,-1.6961,-1.7418,-1.7517,-1.8493,-2.0977,-2.4476,-2.7356,-2.7683,-2.4773,-1.9877,-1.5103,-1.1981,-1.1088,-1.2343,-1.56,-2.0619,-2.6743,-3.247,-3.5565,-3.4316,-2.9266,-2.2676,-1.6802,-1.2976,-1.1508,-1.202,-1.3667,-1.5551,-1.7,-1.768,-1.7572,-1.6749,-1.5307,-1.3314,-1.0887,-0.82329,-0.56699,-0.3578,-0.23477,-0.21353,-0.27961,-0.38905,-0.48106,-0.49914,-0.41513,-0.24129,-0.014746,0.22265,0.43441,0.58928,0.66396,0.64913,0.56203,0.44665,0.35605,0.32833,0.37242,0.47273,0.60482,0.74838,0.88674,1.0101,1.1106,1.1818
3.0093,2.0208,1.2983,0.61398,-0.22401,-1.2694,-2.4585,-3.4682,-3.6833,-2.9439,-1.8826,-1.099,-0.80259,-0.91328,-1.2144,-1.4962,-1.6549,-1.7121,-1.7681,-1.9321,-2.255,-2.6783,-3.0265,-3.0895,-2.7896,-2.2635,-1.739,-1.383,-1.2567,-1.3572,-1.6697,-2.1721,-2.7964,-3.39,-3.72,-3.6147,-3.1188,-2.4541,-1.8476,-1.4308,-1.2396,-1.2376,-1.3522,-1.5052,-1.6436,-1.7418,-1.798,-1.8086,-1.7552,-1.6257,-1.4111,-1.1277,-0.81703,-0.53785,-0.33552,-0.24018,-0.24753,-0.3215,-0.40461,-0.43661,-0.38418,-0.24578,-0.053134,0.15389,0.34174,0.4837,0.55872,0.55917,0.50118,0.42169,0.36578,0.36644,0.43187,0.54855,0.69445,0.85045,1.0007,1.1368,1.2518,1.3409
2.6768,1.712,1.0824,0.49893,-0.26932,-1.2666,-2.4091,-3.3804,-3.6048,-2.9263,-1.9233,-1.1705,-0.87698,-0.9656,-1.2255,-1.4635,-1.5998,-1.6665,-1.7576,-1.968,-2.3366,-2.7996,-3.1813,-3.2702,-2.9864,-2.4618,-1.9249,-1.5442,-1.3821,-1.4437,-1.717,-2.1823,-2.7765,-3.346,-3.6665,-3.5754,-3.1125,-2.4805,-1.8931,-1.4731,-1.2584,-1.2142,-1.2823,-1.4032,-1.533,-1.6628,-1.7804,-1.8684,-1.9,-1.8299,-1.6427,-1.3519,-1.0057,-0.66947,-0.41148,-0.26383,-0.22704,-0.2711,-0.34592,-0.39475,-0.37686,-0.28052,-0.12381,0.058866,0.23156,0.36373,0.43756,0.44185,0.3931,0.3286,0.29161,0.3123,0.39684,0.5313,0.69394,0.86719,1.0342,1.1857,1.3166,1.4258
2.2108,1.282,0.78811,0.35081,-0.3123,-1.2259,-2.2732,-3.1508,-3.3673,-2.7901,-1.9033,-1.2206,-0.94544,-1.0091,-1.2136,-1.3935,-1.4988,-1.574,-1.7009,-1.9553,-2.3643,-2.8618,-3.2776,-3.4109,-3.181,-2.7007,-2.1807,-1.7824,-1.5727,-1.5631,-1.7501,-2.1183,-2.6113,-3.0923,-3.3708,-3.3038,-2.9117,-2.3596,-1.8242,-1.4271,-1.201,-1.1247,-1.1423,-1.2097,-1.3133,-1.4552,-1.6401,-1.8426,-2.0033,-2.0527,-1.9341,-1.6482,-1.2557,-0.84957,-0.509,-0.2882,-0.19848,-0.21576,-0.29186,-0.37133,-0.40248,-0.36256,-0.26178,-0.12811,0.0079718,0.11938,0.18401,0.19463,0.16539,0.1267,0.11509,0.15741,0.26122,0.41651,0.60454,0.8078,1.0059,1.191,1.3581,1.5078
1.7295,0.8418,0.49326,0.20981,-0.33649,-1.1461,-2.0683,-2.8229,-3.0183,-2.5567,-1.8152,-1.2281,-0.98423,-1.025,-1.1748,-1.2995,-1.3738,-1.4474,-1.5921,-1.8668,-2.288,-2.7946,-3.237,-3.4349,-3.3,-2.9115,-2.4459,-2.0489,-1.7916,-1.6937,-1.7628,-1.9956,-2.3401,-2.6908,-2.8968,-2.8516,-2.5544,-2.1114,-1.6606,-1.303,-1.0788,-0.97116,-0.94339,-0.96602,-1.0417,-1.1871,-1.415,-1.7047,-1.9859,-2.161,-2.1389,-1.8943,-1.4888,-1.0322,-0.63055,-0.34672,-0.20263,-0.18621,-0.26134,-0.3734,-0.46973,-0.50875,-0.47755,-0.39242,-0.28505,-0.18827,-0.12966,-0.11075,-0.12668,-0.1508,-0.14851,-0.091161,0.032898,0.21638,0.43985,0.67735,0.91728,1.144,1.352,1.5445
1.3673,0.51302,0.27589,0.10856,-0.34521,-1.0678,-1.8862,-2.5412,-2.7183,-2.344,-1.719,-1.2138,-0.99982,-1.0254,-1.1359,-1.2202,-1.2695,-1.3359,-1.4826,-1.7579,-2.1721,-2.671,-3.1265,-3.3807,-3.3407,-3.0524,-2.6521,-2.268,-1.9718,-1.7955,-1.7667,-1.8897,-2.1268,-2.3792,-2.5242,-2.4723,-2.2287,-1.8657,-1.4924,-1.1811,-0.96961,-0.84125,-0.77697,-0.76612,-0.81651,-0.96612,-1.223,-1.5634,-1.9217,-2.178,-2.2276,-2.027,-1.6304,-1.1535,-0.71796,-0.40076,-0.23121,-0.20088,-0.27676,-0.41364,-0.54823,-0.63805,-0.66138,-0.6237,-0.54894,-0.46756,-0.40992,-0.38429,-0.38645,-0.39422,-0.37619,-0.30441,-0.16549,0.035829,0.28143,0.55062,0.81793,1.0714,1.3065,1.5298
0.89695,0.088338,-0.0058934,-0.021602,-0.35126,-0.9532,-1.6312,-2.1588,-2.3116,-2.0434,-1.5703,-1.1781,-1.012,-1.0253,-1.0871,-1.1184,-1.1301,-1.1783,-1.3168,-1.58,-1.9717,-2.4473,-2.9088,-3.2359,-3.3397,-3.2188,-2.9393,-2.5937,-2.2469,-1.9621,-1.7919,-1.765,-1.8647,-2.0039,-2.078,-2.015,-1.8144,-1.5339,-1.2417,-0.99757,-0.81622,-0.69148,-0.59811,-0.53782,-0.54784,-0.66857,-0.93065,-1.3155,-1.7455,-2.1053,-2.2606,-2.142,-1.7874,-1.315,-0.8546,-0.49901,-0.2936,-0.24402,-0.32672,-0.49367,-0.69104,-0.85511,-0.94531,-0.95569,-0.9083,-0.83654,-0.77124,-0.73046,-0.71758,-0.71584,-0.69501,-0.6221,-0.47507,-0.25242,0.027841,0.334,0.64659,0.94457,1.2209,1.4828
0.56341,-0.21135,-0.20763,-0.11896,-0.35795,-0.86994,-1.4473,-1.8892,-2.0252,-1.8256,-1.4563,-1.1495,-1.0246,-1.0352,-1.0647,-1.0558,-1.0349,-1.0626,-1.188,-1.4361,-1.8043,-2.2551,-2.7139,-3.0872,-3.2985,-3.3134,-3.1486,-2.8497,-2.483,-2.1265,-1.8558,-1.722,-1.714,-1.7684,-1.7929,-1.7294,-1.5643,-1.3362,-1.0953,-0.88766,-0.72524,-0.59714,-0.48587,-0.39995,-0.38409,-0.48642,-0.7394,-1.1292,-1.5847,-1.991,-2.2125,-2.1608,-1.8539,-1.4055,-0.948,-0.58507,-0.36865,-0.30862,-0.38704,-0.56706,-0.79159,-1.0018,-1.1475,-1.2047,-1.1808,-1.1065,-1.0275,-0.96587,-0.93814,-0.93285,-0.91699,-0.85004,-0.7025,-0.46935,-0.16995,0.16531,0.50357,0.82377,1.1194,1.4008
0.15893,-0.57274,-0.46053,-0.25087,-0.37841,-0.77621,-1.2326,-1.5756,-1.6921,-1.5672,-1.3209,-1.124,-1.0597,-1.0742,-1.0647,-1.0007,-0.93159,-0.92542,-1.0253,-1.2455,-1.5788,-1.9972,-2.4521,-2.8813,-3.2226,-3.4139,-3.4078,-3.1874,-2.8075,-2.3718,-1.9931,-1.7424,-1.6199,-1.5759,-1.5389,-1.4594,-1.3261,-1.1546,-0.97852,-0.81647,-0.67453,-0.53338,-0.39082,-0.27103,-0.22137,-0.30367,-0.54324,-0.92305,-1.3814,-1.8052,-2.0708,-2.0892,-1.8595,-1.4701,-1.0486,-0.69873,-0.48116,-0.4165,-0.49649,-0.68925,-0.94751,-1.2001,-1.3825,-1.4599,-1.4377,-1.3514,-1.2472,-1.1713,-1.1425,-1.1516,-1.1628,-1.1263,-0.99941,-0.76756,-0.44933,-0.085285,0.28733,0.641,0.96501,1.2678
-0.18497,-0.87795,-0.69099,-0.38822,-0.418,-0.71331,-1.0649,-1.3295,-1.4299,-1.365,-1.2244,-1.1309,-1.1308,-1.1549,-1.1091,-0.99,-0.87006,-0.82468,-0.89136,-1.0764,-1.3719,-1.7608,-2.2132,-2.6886,-3.1314,-3.4718,-3.6155,-3.4927,-3.1237,-2.637,-2.1799,-1.843,-1.6446,-1.535,-1.4536,-1.3562,-1.2346,-1.0994,-0.96477,-0.8379,-0.70809,-0.56274,-0.39758,-0.24355,-0.16186,-0.20627,-0.40933,-0.75656,-1.1839,-1.5981,-1.8833,-1.9535,-1.7965,-1.4834,-1.1203,-0.80618,-0.60321,-0.53809,-0.6118,-0.80353,-1.0677,-1.3375,-1.5383,-1.6195,-1.5776,-1.4554,-1.3203,-1.2275,-1.2099,-1.257,-1.3219,-1.3383,-1.2486,-1.0307,-0.70578,-0.3186,0.076327,0.44578,0.77743,1.0813
-0.39635,-1.064,-0.84722,-0.49526,-0.46256,-0.68995,-0.97522,-1.1922,-1.2846,-1.2582,-1.1875,-1.1666,-1.2144,-1.2469,-1.1744,-1.0139,-0.85486,-0.77751,-0.8165,-0.97393,-1.242,-1.6101,-2.0574,-2.5513,-3.0422,-3.4629,-3.7054,-3.6695,-3.3435,-2.8524,-2.3608,-1.9775,-1.7319,-1.5857,-1.4832,-1.3854,-1.2779,-1.1645,-1.0487,-0.93062,-0.79691,-0.63528,-0.45021,-0.27802,-0.1772,-0.2041,-0.3817,-0.69276,-1.0811,-1.4573,-1.7253,-1.8122,-1.7039,-1.4531,-1.1482,-0.8769,-0.6982,-0.64174,-0.71395,-0.89983,-1.1569,-1.4139,-1.5923,-1.6425,-1.568,-1.4198,-1.2664,-1.1767,-1.1775,-1.2574,-1.368,-1.4368,-1.393,-1.2022,-0.88194,-0.49009,-0.080482,0.30302,0.64063,0.93774
-0.61384,-1.2532,-1.0304,-0.64204,-0.54382,-0.69292,-0.90521,-1.0718,-1.1588,-1.18,-1.1945,-1.2649,-1.3742,-1.4146,-1.3042,-1.0874,-0.87452,-0.75187,-0.75186,-0.87382,-1.11,-1.452,-1.883,-2.3753,-2.8898,-3.3702,-3.714,-3.7984,-3.5733,-3.131,-2.6389,-2.2279,-1.9414,-1.7633,-1.6471,-1.5567,-1.4712,-1.381,-1.2816,-1.1613,-1.0069,-0.81154,-0.59248,-0.39394,-0.27399,-0.27802,-0.42114,-0.68081,-1.0024,-1.3124,-1.5379,-1.6284,-1.5732,-1.4039,-1.183,-0.97484,-0.83271,-0.79006,-0.85919,-1.0276,-1.2551,-1.4716,-1.5999,-1.5932,-1.462,-1.2682,-1.096,-1.0077,-1.0377,-1.1708,-1.3488,-1.4859,-1.4991,-1.3471,-1.049,-0.66204,-0.25784,0.1163,0.43911,0.7154
-0.7618,-1.3775,-1.1829,-0.79056,-0.64589,-0.73398,-0.89008,-1.0215,-1.11,-1.176,-1.2691,-1.4254,-1.5913,-1.633,-1.4797,-1.2032,-0.93369,-0.76228,-0.7218,-0.81046,-1.0177,-1.3321,-1.7357,-2.2012,-2.7001,-3.1883,-3.5846,-3.7736,-3.6778,-3.3432,-2.9148,-2.5268,-2.2428,-2.0615,-1.9489,-1.8714,-1.8049,-1.7309,-1.6309,-1.4873,-1.2909,-1.0484,-0.7927,-0.57424,-0.44459,-0.43835,-0.55571,-0.76602,-1.0169,-1.25,-1.4167,-1.4889,-1.4642,-1.3652,-1.2259,-1.0908,-0.99968,-0.98117,-1.0477,-1.1895,-1.3664,-1.5098,-1.5532,-1.4686,-1.2824,-1.0611,-0.87943,-0.80467,-0.85629,-1.0188,-1.2382,-1.4295,-1.5021,-1.4022,-1.141,-0.78083,-0.39206,-0.032887,0.26847,0.51233
-0.83417,-1.4332,-1.2758,-0.89808,-0.73186,-0.78597,-0.91179,-1.0262,-1.1202,-1.2185,-1.3665,-1.5829,-1.7869,-1.825,-1.6348,-1.3104,-0.99578,-0.78562,-0.71339,-0.77658,-0.96204,-1.2547,-1.6338,-2.0708,-2.5381,-3.002,-3.4046,-3.6514,-3.6596,-3.4373,-3.0982,-2.7625,-2.5056,-2.3379,-2.2393,-2.1785,-2.1289,-2.0628,-1.9515,-1.7757,-1.5327,-1.2465,-0.96148,-0.73286,-0.6065,-0.60443,-0.71483,-0.8968,-1.097,-1.2692,-1.3808,-1.4258,-1.4148,-1.3626,-1.2904,-1.2195,-1.1713,-1.1672,-1.2219,-1.3325,-1.4587,-1.5437,-1.5274,-1.3869,-1.1551,-0.90531,-0.71865,-0.64604,-0.71032,-0.88885,-1.1235,-1.3325,-1.4317,-1.3687,-1.1482,-0.82231,-0.46407,-0.1275,0.15588,0.3807
-0.8937,-1.4691,-1.3709,-1.028,-0.8507,-0.87577,-0.97826,-1.0836,-1.1903,-1.3298,-1.5453,-1.8349,-2.0823,-2.1079,-1.86,-1.466,-1.0882,-0.82453,-0.70761,-0.73506,-0.89248,-1.1594,-1.506,-1.899,-2.3047,-2.7072,-3.0846,-3.379,-3.5138,-3.46,-3.2704,-3.0427,-2.8541,-2.7308,-2.6658,-2.6363,-2.6115,-2.5507,-2.4121,-2.1728,-1.8497,-1.497,-1.181,-0.95784,-0.85978,-0.8819,-0.99108,-1.1362,-1.2695,-1.3618,-1.4128,-1.4362,-1.448,-1.4564,-1.4624,-1.4605,-1.4583,-1.473,-1.517,-1.5801,-1.6319,-1.6178,-1.5008,-1.2859,-1.0172,-0.75805,-0.57006,-0.50049,-0.55748,-0.72104,-0.94162,-1.1476,-1.2633,-1.2383,-1.071,-0.80256,-0.49403,-0.2019,0.04078,0.2267
-0.92088,-1.4754,-1.421,-1.1111,-0.93573,-0.95166,-1.0495,-1.1596,-1.2811,-1.4513,-1.7126,-2.0503,-2.322,-2.3282,-2.0294,-1.579,-1.1526,-0.84926,-0.70001,-0.7025,-0.84204,-1.0938,-1.419,-1.7745,-2.1244,-2.4641,-2.8001,-3.1066,-3.3187,-3.3887,-3.3202,-3.1936,-3.0765,-3.0053,-2.9757,-2.9714,-2.9598,-2.8965,-2.7285,-2.4348,-2.0483,-1.6479,-1.316,-1.1097,-1.047,-1.1092,-1.2405,-1.3762,-1.4703,-1.5074,-1.5086,-1.5066,-1.5269,-1.5759,-1.641,-1.7021,-1.7465,-1.7765,-1.7999,-1.812,-1.7909,-1.7002,-1.5173,-1.2545,-0.95791,-0.68849,-0.50094,-0.42624,-0.46948,-0.60681,-0.79502,-0.97787,-1.0948,-1.0991,-0.97866,-0.76182,-0.50064,-0.24166,-0.018745,0.15613
-0.94883,-1.4697,-1.4626,-1.1967,-1.0331,-1.0514,-1.1598,-1.2898,-1.44,-1.6526,-1.9696,-2.3606,-2.6485,-2.6106,-2.2332,-1.7067,-1.2188,-0.86634,-0.67884,-0.65428,-0.77602,-1.0126,-1.3136,-1.6186,-1.8906,-2.1356,-2.3903,-2.6752,-2.953,-3.1597,-3.2602,-3.2809,-3.2707,-3.2702,-3.2854,-3.3112,-3.3142,-3.2418,-3.0374,-2.6804,-2.2278,-1.7817,-1.4427,-1.2707,-1.2741,-1.4096,-1.5968,-1.7457,-1.8015,-1.7762,-1.7182,-1.688,-1.7245,-1.8311,-1.9773,-2.1185,-2.2175,-2.2596,-2.2448,-2.1735,-2.0342,-1.8212,-1.5458,-1.237,-0.93263,-0.67169,-0.48737,-0.40015,-0.40745,-0.49136,-0.62046,-0.75414,-0.84844,-0.86733,-0.79628,-0.64656,-0.45132,-0.25128,-0.073962,0.072254
-0.98173,-1.4614,-1.4799,-1.2481,-1.1006,-1.1333,-1.2678,-1.4335,-1.6237,-1.8816,-2.2498,-2.6791,-2.9589,-2.8574,-2.3951,-1.7983,-1.2589,-0.86691,-0.6476,-0.59959,-0.70654,-0.93044,-1.2079,-1.4666,-1.6675,-1.8263,-1.9986,-2.234,-2.5238,-2.807,-3.0389,-3.1914,-3.2829,-3.3409,-3.3908,-3.4296,-3.4363,-3.3543,-3.1269,-2.7386,-2.2597,-1.8099,-1.4988,-1.3874,-1.4767,-1.7087,-1.9699,-2.1435,-2.1761,-2.0927,-1.9853,-1.9384,-1.9988,-2.1648,-2.3966,-2.6195,-2.7664,-2.8013,-2.721,-2.5336,-2.2683,-1.9487,-1.6024,-1.2595,-0.95,-0.69996,-0.5269,-0.42592,-0.39098,-0.40585,-0.45689,-0.53008,-0.60238,-0.64183,-0.62145,-0.53609,-0.40377,-0.25016,-0.10077,0.035459
-1.0177,-1.4603,-1.4804,-1.2627,-1.1253,-1.1734,-1.3365,-1.5373,-1.7646,-2.0597,-2.4633,-2.9114,-3.1694,-3.0097,-2.485,-1.8425,-1.2723,-0.85749,-0.61965,-0.55729,-0.65433,-0.86899,-1.1297,-1.3592,-1.5146,-1.6182,-1.7376,-1.9292,-2.1967,-2.4922,-2.7658,-2.9792,-3.1297,-3.2296,-3.3013,-3.3461,-3.3504,-3.2668,-3.0387,-2.6576,-2.1949,-1.7712,-1.4969,-1.4354,-1.5896,-1.8959,-2.2262,-2.4401,-2.4693,-2.3575,-2.2169,-2.152,-2.2208,-2.4261,-2.7152,-3.003,-3.1953,-3.2271,-3.0825,-2.797,-2.4148,-2.001,-1.6058,-1.2579,-0.96936,-0.74406,-0.5805,-0.46894,-0.40116,-0.36972,-0.37114,-0.40078,-0.44531,-0.48157,-0.48538,-0.44075,-0.35422,-0.24367,-0.12288,0.0068554
-1.0875,-1.4714,-1.469,-1.2501,-1.1208,-1.1925,-1.3997,-1.6577,-1.9421,-2.2922,-2.7383,-3.1961,-3.4093,-3.1649,-2.5645,-1.8736,-1.2719,-0.83269,-0.57617,-0.50238,-0.59323,-0.80044,-1.0444,-1.2421,-1.3448,-1.3799,-1.4281,-1.5535,-1.7662,-2.0346,-2.3016,-2.5384,-2.7272,-2.8672,-2.9605,-3.0173,-3.0269,-2.9562,-2.7603,-2.4298,-2.0278,-1.6664,-1.455,-1.4619,-1.6966,-2.0924,-2.5082,-2.7761,-2.8094,-2.6682,-2.4941,-2.4165,-2.5033,-2.7579,-3.1163,-3.4636,-3.6738,-3.6635,-3.4245,-3.0046,-2.5098,-2.0194,-1.5899,-1.2468,-0.99064,-0.80695,-0.67199,-0.55759,-0.44729,-0.34462,-0.27126,-0.24755,-0.273,-0.3226,-0.36047,-0.36063,-0.31815,-0.23887,-0.13668,-0.014055
-1.186,-1.5002,-1.4473,-1.2049,-1.0755,-1.1697,-1.4248,-1.7448,-2.0941,-2.4994,-2.9807,-3.4336,-3.5905,-3.268,-2.6096,-1.8845,-1.2598,-0.80255,-0.53417,-0.45694,-0.55116,-0.76154,-0.99821,-1.1665,-1.218,-1.184,-1.1533,-1.203,-1.3485,-1.5598,-1.7894,-2.0082,-2.1981,-2.3493,-2.4556,-2.5254,-2.5523,-2.5151,-2.3767,-2.1256,-1.8092,-1.5275,-1.3863,-1.4575,-1.756,-2.2152,-2.6854,-2.9859,-3.0234,-2.865,-2.6709,-2.5811,-2.6705,-2.9442,-3.3372,-3.7273,-3.9612,-3.9218,-3.5942,-3.0758,-2.4861,-1.9422,-1.5081,-1.199,-0.99742,-0.86816,-0.76569,-0.65504,-0.51598,-0.36556,-0.24157,-0.17557,-0.1741,-0.21709,-0.2703,-0.3023,-0.2956,-0.24962,-0.16812,-0.048721
-1.2791,-1.5334,-1.427,-1.1527,-1.0167,-1.1271,-1.4169,-1.7844,-2.1833,-2.6277,-3.1281,-3.5696,-3.684,-3.3158,-2.6296,-1.889,-1.2526,-0.78527,-0.51154,-0.43542,-0.53507,-0.74976,-0.98246,-1.1303,-1.1465,-1.0654,-0.97902,-0.96988,-1.0589,-1.2147,-1.4038,-1.5944,-1.7701,-1.9161,-2.0317,-2.1142,-2.165,-2.1641,-2.0794,-1.8947,-1.646,-1.4228,-1.3266,-1.4319,-1.7555,-2.2363,-2.7226,-3.0294,-3.064,-2.8981,-2.6962,-2.6023,-2.6918,-2.9673,-3.3635,-3.7491,-3.9644,-3.8954,-3.5386,-2.9916,-2.3945,-1.859,-1.4465,-1.1707,-1.011,-0.92443,-0.85429,-0.75252,-0.59509,-0.40827,-0.24608,-0.15314,-0.14078,-0.18627,-0.24916,-0.29264,-0.30035,-0.26624,-0.19637,-0.08974
-1.4266,-1.5916,-1.3949,-1.0649,-0.91313,-1.0409,-1.3738,-1.8028,-2.2619,-2.7516,-3.268,-3.6883,-3.7578,-3.3531,-2.652,-1.9044,-1.2593,-0.78335,-0.50582,-0.43288,-0.53844,-0.75346,-0.97416,-1.0968,-1.0763,-0.94788,-0.8023,-0.71866,-0.72209,-0.79211,-0.90648,-1.0446,-1.1922,-1.3384,-1.4761,-1.5987,-1.6983,-1.7527,-1.7342,-1.6263,-1.4575,-1.3025,-1.2525,-1.3789,-1.7021,-2.161,-2.6147,-2.8921,-2.9103,-2.7467,-2.5554,-2.4685,-2.5525,-2.809,-3.1727,-3.5255,-3.7242,-3.6605,-3.3232,-2.8035,-2.2413,-1.7483,-1.386,-1.1643,-1.0578,-1.018,-0.98218,-0.89171,-0.72836,-0.52348,-0.33615,-0.21513,-0.17606,-0.20122,-0.25445,-0.30182,-0.31586,-0.29556,-0.24333,-0.15619
-1.5512,-1.6432,-1.3683,-0.98967,-0.82311,-0.96092,-1.3217,-1.7907,-2.2896,-2.8044,-3.3253,-3.7284,-3.7753,-3.3647,-2.6699,-1.9262,-1.2793,-0.80063,-0.52307,-0.45284,-0.56077,-0.77241,-0.98015,-1.0847,-1.0415,-0.88657,-0.70491,-0.56971,-0.50674,-0.51039,-0.56459,-0.66185,-0.79318,-0.94779,-1.1102,-1.2703,-1.4102,-1.5071,-1.531,-1.469,-1.3447,-1.2262,-1.1965,-1.321,-1.6194,-2.0317,-2.4277,-2.6579,-2.6587,-2.5025,-2.3276,-2.2508,-2.3317,-2.5673,-2.9054,-3.2396,-3.438,-3.3976,-3.1038,-2.6463,-2.1365,-1.6923,-1.3761,-1.2002,-1.1396,-1.1411,-1.1321,-1.0544,-0.87893,-0.64661,-0.43092,-0.28957,-0.23935,-0.25878,-0.30694,-0.34392,-0.35666,-0.33608,-0.28762,-0.21186
-1.7295,-1.7174,-1.3304,-0.88471,-0.69645,-0.84271,-1.2331,-1.746,-2.2864,-2.824,-3.3416,-3.7252,-3.7617,-3.3698,-2.7024,-1.9744,-1.3305,-0.8506,-0.57495,-0.51004,-0.62051,-0.8245,-1.0117,-1.0878,-1.0139,-0.8254,-0.59992,-0.40465,-0.26779,-0.19463,-0.18121,-0.23259,-0.34967,-0.51906,-0.7195,-0.92868,-1.1222,-1.2731,-1.3486,-1.3324,-1.2443,-1.1412,-1.1045,-1.1979,-1.4335,-1.763,-2.067,-2.2253,-2.1995,-2.0587,-1.9174,-1.869,-1.9584,-2.1839,-2.4901,-2.7933,-2.9931,-3.0099,-2.8225,-2.477,-2.0851,-1.7354,-1.4866,-1.3552,-1.3227,-1.3436,-1.3505,-1.2791,-1.1094,-0.87691,-0.64946,-0.48396,-0.40087,-0.38457,-0.40005,-0.41391,-0.40629,-0.37824,-0.33728,-0.28668
-1.9127,-1.7925,-1.2926,-0.78297,-0.57371,-0.72243,-1.1322,-1.6742,-2.2422,-2.7894,-3.2957,-3.6644,-3.716,-3.3702,-2.75,-2.0477,-1.4104,-0.93046,-0.65767,-0.59887,-0.71049,-0.9023,-1.0643,-1.1083,-1.0032,-0.78231,-0.51914,-0.27736,-0.088357,0.04179,0.10528,0.087612,-0.018439,-0.20462,-0.44544,-0.70782,-0.95529,-1.1502,-1.2573,-1.2606,-1.1784,-1.0694,-1.0041,-1.0406,-1.1945,-1.4191,-1.6224,-1.714,-1.6714,-1.5538,-1.4523,-1.4412,-1.5551,-1.7864,-2.0977,-2.417,-2.6591,-2.7517,-2.6678,-2.4467,-2.1573,-1.8921,-1.7081,-1.6219,-1.6163,-1.6476,-1.6579,-1.5813,-1.4,-1.1537,-0.9111,-0.72632,-0.61666,-0.56563,-0.54102,-0.51605,-0.47697,-0.43038,-0.38812,-0.35624
-2.0466,-1.8466,-1.2663,-0.71551,-0.49241,-0.63967,-1.0567,-1.6112,-2.1889,-2.7346,-3.2269,-3.5873,-3.6627,-3.3684,-2.7951,-2.1175,-1.4876,-1.0094,-0.73978,-0.68534,-0.79649,-0.97671,-1.1164,-1.1339,-1.0058,-0.76536,-0.48132,-0.21359,0.0051101,0.16732,0.25694,0.25428,0.15052,-0.049837,-0.31968,-0.62057,-0.90618,-1.1264,-1.2407,-1.2336,-1.1331,-1.001,-0.9069,-0.90029,-0.99339,-1.1455,-1.2811,-1.3315,-1.2842,-1.1889,-1.1224,-1.1452,-1.2854,-1.5382,-1.8659,-2.2086,-2.4946,-2.6587,-2.6678,-2.5364,-2.334,-2.131,-1.9798,-1.9004,-1.8848,-1.9019,-1.8965,-1.8174,-1.643,-1.4005,-1.1498,-0.94443,-0.80528,-0.72019,-0.66056,-0.60055,-0.53467,-0.46972,-0.41963,-0.3944
-2.2115,-1.9116,-1.2388,-0.64518,-0.40754,-0.55075,-0.96972,-1.5293,-2.1061,-2.6363,-3.1016,-3.4534,-3.5718,-3.3606,-2.8635,-2.2255,-1.6091,-1.1364,-0.87356,-0.82594,-0.93611,-1.0992,-1.2049,-1.1839,-1.0254,-0.76716,-0.46611,-0.17586,0.075712,0.26934,0.3813,0.38597,0.26808,0.039333,-0.26668,-0.60257,-0.91461,-1.1468,-1.2519,-1.2165,-1.0756,-0.89563,-0.74846,-0.6813,-0.7033,-0.78362,-0.86041,-0.88134,-0.83951,-0.77395,-0.74711,-0.81167,-0.99479,-1.2915,-1.6758,-2.0898,-2.4635,-2.7306,-2.85,-2.8257,-2.7018,-2.5508,-2.428,-2.357,-2.3303,-2.3177,-2.2826,-2.1717,-1.9745,-1.7214,-1.4652,-1.2474,-1.0804,-0.95043,-0.83524,-0.72488,-0.6111,-0.51359,-0.45148,-0.43635
-2.3203,-1.9543,-1.2266,-0.61128,-0.36733,-0.50617,-0.92162,-1.4774,-2.0455,-2.554,-2.9937,-3.3392,-3.4933,-3.3507,-2.9174,-2.3156,-1.7135,-1.2478,-0.9931,-0.95353,-1.0641,-1.2128,-1.2894,-1.2348,-1.0511,-0.78122,-0.47683,-0.18139,0.080711,0.28665,0.40699,0.41052,0.28029,0.031278,-0.29652,-0.6475,-0.9627,-1.1834,-1.2666,-1.2023,-1.0261,-0.80904,-0.61984,-0.50963,-0.49186,-0.53689,-0.59168,-0.60738,-0.57582,-0.53361,-0.53516,-0.62929,-0.84413,-1.1824,-1.6194,-2.106,-2.5698,-2.9319,-3.136,-3.179,-3.0976,-2.9656,-2.8394,-2.7438,-2.678,-2.6245,-2.5486,-2.4235,-2.2306,-1.9823,-1.717,-1.4742,-1.2728,-1.107,-0.95875,-0.80937,-0.67394,-0.55944,-0.48275,-0.45781
-2.4395,-2.0016,-1.2236,-0.59598,-0.34994,-0.48267,-0.88884,-1.4316,-1.9774,-2.4483,-2.8472,-3.1831,-3.3849,-3.3342,-2.9892,-2.4439,-1.8687,-1.4176,-1.1781,-1.1548,-1.2716,-1.4026,-1.4377,-1.3344,-1.1134,-0.82656,-0.52216,-0.23178,0.027741,0.23399,0.35246,0.34725,0.2018,-0.066352,-0.40956,-0.76689,-1.0688,-1.2543,-1.2794,-1.1513,-0.9192,-0.66077,-0.44109,-0.3024,-0.25656,-0.27898,-0.32268,-0.34407,-0.3334,-0.31776,-0.34889,-0.47763,-0.73842,-1.1403,-1.668,-2.2683,-2.8624,-3.3597,-3.6833,-3.7982,-3.7481,-3.6059,-3.4437,-3.3009,-3.1816,-3.068,-2.9397,-2.7616,-2.5306,-2.2651,-1.9961,-1.7473,-1.5237,-1.3155,-1.1121,-0.91919,-0.73579,-0.58962,-0.50148,-0.48307
-2.5253,-2.0382,-1.2385,-0.61803,-0.37806,-0.50532,-0.89781,-1.4212,-1.9364,-2.3638,-2.7198,-3.0426,-3.2836,-3.3131,-3.05,-2.5672,-2.0312,-1.6074,-1.3939,-1.397,-1.5299,-1.6504,-1.6439,-1.4857,-1.2201,-0.91225,-0.60971,-0.33242,-0.088531,0.10344,0.20784,0.18615,0.02497,-0.25228,-0.59202,-0.92601,-1.1872,-1.3129,-1.2754,-1.0841,-0.80286,-0.50677,-0.26602,-0.11974,-0.074392,-0.10382,-0.16133,-0.20465,-0.21793,-0.22905,-0.2839,-0.43453,-0.7249,-1.1827,-1.7988,-2.5334,-3.2982,-3.9663,-4.4116,-4.5766,-4.4995,-4.2952,-4.0639,-3.8541,-3.6708,-3.4976,-3.3056,-3.0839,-2.8235,-2.5329,-2.2341,-1.95,-1.6912,-1.4532,-1.226,-1.0034,-0.8038,-0.64221,-0.53772,-0.50424
-2.5674,-2.0594,-1.2628,-0.66075,-0.43086,-0.55408,-0.93396,-1.4396,-1.9289,-2.324,-2.6509,-2.9637,-3.2238,-3.2974,-3.0863,-2.6505,-2.1527,-1.7614,-1.5783,-1.6095,-1.7611,-1.8789,-1.8431,-1.6402,-1.3361,-1.0079,-0.70496,-0.4396,-0.21253,-0.038047,0.049919,0.01251,-0.16298,-0.44563,-0.77389,-1.0716,-1.275,-1.3373,-1.2418,-1.0113,-0.70576,-0.3985,-0.15426,-0.013546,0.018681,-0.034625,-0.12,-0.1869,-0.21954,-0.23723,-0.29472,-0.45287,-0.76276,-1.2562,-1.9371,-2.7664,-3.6551,-4.459,-5.0091,-5.2008,-5.0881,-4.8151,-4.5188,-4.2611,-4.0407,-3.8276,-3.5969,-3.3207,-3.0059,-2.6731,-2.3487,-2.0509,-1.7822,-1.5324,-1.2906,-1.0588,-0.84364,-0.6684,-0.55512,-0.51862
-2.5966,-2.0806,-1.3142,-0.75344,-0.54413,-0.66157,-1.0212,-1.5002,-1.9555,-2.3114,-2.6068,-2.9056,-3.1743,-3.2784,-3.1173,-2.7412,-2.3068,-1.9753,-1.8476,-1.9301,-2.1199,-2.2435,-2.1722,-1.9092,-1.5472,-1.183,-0.86714,-0.61361,-0.41273,-0.27225,-0.22006,-0.2848,-0.47419,-0.75051,-1.0446,-1.2817,-1.3987,-1.3669,-1.1868,-0.90265,-0.57442,-0.27227,-0.046379,0.071264,0.071494,-0.014727,-0.13875,-0.24579,-0.30547,-0.33861,-0.39588,-0.54701,-0.85884,-1.3783,-2.1244,-3.0666,-4.108,-5.0719,-5.7338,-5.9498,-5.7752,-5.4201,-5.0535,-4.7434,-4.4837,-4.2367,-3.9558,-3.6263,-3.249,-2.849,-2.4621,-2.1169,-1.8214,-1.5642,-1.3272,-1.099,-0.88796,-0.7134,-0.59676,-0.55397
-2.6012,-2.0979,-1.3866,-0.88675,-0.70465,-0.81464,-1.1499,-1.5986,-2.0229,-2.3505,-2.6235,-2.9065,-3.1641,-3.2662,-3.1319,-2.8114,-2.4491,-2.1916,-2.1343,-2.2828,-2.526,-2.6699,-2.5691,-2.2403,-1.8095,-1.3981,-1.0655,-0.82111,-0.65212,-0.55325,-0.54532,-0.64492,-0.84387,-1.0989,-1.3404,-1.4977,-1.5225,-1.3977,-1.147,-0.81666,-0.47402,-0.17441,0.029139,0.10804,0.062909,-0.078327,-0.2519,-0.3943,-0.47482,-0.50847,-0.55684,-0.69553,-0.99612,-1.5152,-2.2752,-3.2582,-4.3785,-5.4531,-6.2139,-6.4588,-6.2534,-5.8413,-5.4347,-5.1145,-4.8639,-4.6213,-4.3216,-3.9305,-3.4581,-2.9571,-2.49,-2.099,-1.7921,-1.5486,-1.3363,-1.1294,-0.93754,-0.76937,-0.64793,-0.59406
-2.5932,-2.1109,-1.4554,-1.0106,-0.85331,-0.95586,-1.2697,-1.695,-2.0995,-2.4136,-2.6754,-2.9434,-3.1794,-3.264,-3.1373,-2.8544,-2.5471,-2.3487,-2.3489,-2.5531,-2.8461,-3.0165,-2.902,-2.5255,-2.0381,-1.5839,-1.2349,-0.99551,-0.84606,-0.77603,-0.79904,-0.9279,-1.1446,-1.3913,-1.5924,-1.6777,-1.6186,-1.4196,-1.1205,-0.77124,-0.42687,-0.14069,0.045452,0.1012,0.023025,-0.1567,-0.3717,-0.54663,-0.64244,-0.67242,-0.70481,-0.82526,-1.1108,-1.6138,-2.3644,-3.3339,-4.4344,-5.4924,-6.2575,-6.5264,-6.3491,-5.9618,-5.5766,-5.2818,-5.0617,-4.8429,-4.5388,-4.1111,-3.5768,-3.0108,-2.4927,-2.0709,-1.7525,-1.5129,-1.3155,-1.134,-0.95661,-0.801,-0.69047,-0.64518
-2.5742,-2.1297,-1.563,-1.2038,-1.083,-1.1722,-1.4532,-1.8474,-2.2322,-2.5388,-2.795,-3.0405,-3.2341,-3.2796,-3.1475,-2.9038,-2.662,-2.5348,-2.6061,-2.886,-3.2564,-3.4812,-3.3661,-2.9363,-2.3729,-1.8527,-1.4669,-1.2234,-1.0938,-1.064,-1.1305,-1.303,-1.5484,-1.7946,-1.9476,-1.9502,-1.7872,-1.4957,-1.1265,-0.74271,-0.39409,-0.12703,0.026723,0.045089,-0.07566,-0.29683,-0.55308,-0.76592,-0.88244,-0.92106,-0.94109,-1.0288,-1.2664,-1.715,-2.3914,-3.2788,-4.2932,-5.2704,-5.9841,-6.2682,-6.1545,-5.8492,-5.5465,-5.3285,-5.1777,-5.0145,-4.7416,-4.2852,-3.6761,-3.02,-2.4295,-1.9716,-1.6554,-1.4468,-1.2942,-1.1516,-1.0135,-0.88136,-0.77742,-0.72478
-2.5567,-2.1454,-1.6521,-1.3641,-1.2727,-1.3487,-1.6014,-1.9729,-2.3488,-2.6585,-2.9166,-3.1466,-3.3014,-3.3077,-3.1626,-2.9383,-2.7332,-2.647,-2.7604,-3.0892,-3.5201,-3.8016,-3.7056,-3.2447,-2.6255,-2.0495,-1.6205,-1.3615,-1.2463,-1.2513,-1.3672,-1.5821,-1.8523,-2.0951,-2.2132,-2.1602,-1.934,-1.5855,-1.1744,-0.76415,-0.40937,-0.14468,-0.0079274,-0.018247,-0.16813,-0.42512,-0.70835,-0.93531,-1.0618,-1.0959,-1.1087,-1.1833,-1.3935,-1.7928,-2.3979,-3.1827,-4.068,-4.9145,-5.5457,-5.832,-5.794,-5.5822,-5.3564,-5.2004,-5.1098,-5.0068,-4.7681,-4.321,-3.6856,-2.9901,-2.3686,-1.8969,-1.5841,-1.3933,-1.2684,-1.1621,-1.0473,-0.93426,-0.84571,-0.80507
-2.533,-2.1675,-1.7764,-1.5879,-1.5347,-1.5884,-1.7979,-2.1412,-2.5138,-2.8389,-3.111,-3.3245,-3.4222,-3.3662,-3.193,-2.9806,-2.8073,-2.7546,-2.8981,-3.2636,-3.7558,-4.12,-4.0801,-3.6034,-2.9212,-2.2736,-1.7888,-1.505,-1.4027,-1.4487,-1.6327,-1.9136,-2.229,-2.4729,-2.5561,-2.4297,-2.1281,-1.7166,-1.2729,-0.85283,-0.49707,-0.24113,-0.11098,-0.12881,-0.29596,-0.57201,-0.88422,-1.1429,-1.2897,-1.3341,-1.3359,-1.379,-1.5377,-1.859,-2.3545,-2.9942,-3.7051,-4.3792,-4.8946,-5.1616,-5.198,-5.0941,-4.9623,-4.8728,-4.8322,-4.7811,-4.6047,-4.1954,-3.5717,-2.8654,-2.2312,-1.7625,-1.4758,-1.3308,-1.2609,-1.2024,-1.1327,-1.0483,-0.97166,-0.92924
-2.5098,-2.1875,-1.8978,-1.8075,-1.7892,-1.8127,-1.9753,-2.2924,-2.6716,-3.0264,-3.3242,-3.526,-3.5662,-3.443,-3.2322,-3.0189,-2.8626,-2.8203,-2.956,-3.307,-3.8086,-4.2308,-4.2691,-3.8288,-3.1221,-2.4253,-1.9056,-1.6024,-1.4996,-1.5691,-1.7877,-2.1232,-2.4913,-2.7703,-2.8529,-2.6976,-2.3533,-1.9027,-1.4293,-0.99277,-0.63137,-0.37608,-0.24957,-0.26994,-0.4384,-0.71566,-1.0318,-1.3011,-1.4631,-1.5217,-1.5256,-1.5488,-1.6602,-1.9044,-2.2901,-2.794,-3.3521,-3.8758,-4.2775,-4.5102,-4.5621,-4.5052,-4.424,-4.3794,-4.3809,-4.3728,-4.2436,-3.8855,-3.3059,-2.643,-2.0538,-1.6309,-1.39,-1.2914,-1.2689,-1.2603,-1.2277,-1.1708,-1.1108,-1.0758
-2.4925,-2.1969,-1.9786,-1.9577,-1.9617,-1.959,-2.0857,-2.3844,-2.7744,-3.1607,-3.4847,-3.6813,-3.6822,-3.5114,-3.2715,-3.0516,-2.896,-2.8429,-2.947,-3.2534,-3.7239,-4.1611,-4.2627,-3.8854,-3.1927,-2.4741,-1.9256,-1.6058,-1.5002,-1.5832,-1.8217,-2.1893,-2.5979,-2.9202,-3.0261,-2.8814,-2.5298,-2.068,-1.5811,-1.133,-0.76691,-0.50246,-0.3695,-0.38496,-0.54227,-0.81473,-1.1227,-1.3823,-1.5467,-1.604,-1.6138,-1.6421,-1.7422,-1.9441,-2.2617,-2.663,-3.1037,-3.5265,-3.8688,-4.0686,-4.1368,-4.1008,-4.0242,-3.9647,-3.9442,-3.9281,-3.8223,-3.5222,-3.021,-2.4286,-1.8945,-1.5184,-1.3231,-1.2698,-1.2892,-1.3158,-1.3111,-1.2737,-1.2285,-1.2056
-2.4651,-2.1959,-2.0616,-2.1215,-2.1492,-2.1106,-2.1919,-2.4706,-2.8791,-3.313,-3.6775,-3.8729,-3.8325,-3.6123,-3.3431,-3.1088,-2.9319,-2.8327,-2.8617,-3.0766,-3.4705,-3.8927,-4.0628,-3.7831,-3.1414,-2.4179,-1.8358,-1.4951,-1.3932,-1.4969,-1.7738,-2.1842,-2.6463,-3.0265,-3.1828,-3.0658,-2.7241,-2.2681,-1.7945,-1.3655,-1.0068,-0.73935,-0.57883,-0.54835,-0.66075,-0.88591,-1.1688,-1.4301,-1.6037,-1.6859,-1.7025,-1.7111,-1.7704,-1.9205,-2.1665,-2.4959,-2.861,-3.1987,-3.4504,-3.5896,-3.5987,-3.5253,-3.4274,-3.351,-3.3103,-3.2757,-3.1782,-2.938,-2.5425,-2.0756,-1.6574,-1.3737,-1.2487,-1.2526,-1.3235,-1.396,-1.432,-1.4253,-1.3976,-1.3807
-2.436,-2.1799,-2.0949,-2.2058,-2.2466,-2.1853,-2.2376,-2.5048,-2.9295,-3.3975,-3.792,-3.9911,-3.931,-3.6914,-3.4125,-3.1653,-2.9577,-2.8029,-2.7557,-2.8865,-3.2083,-3.5965,-3.7884,-3.5654,-2.9754,-2.2741,-1.6937,-1.3502,-1.2536,-1.3697,-1.673,-2.1147,-2.615,-3.0343,-3.2361,-3.1563,-2.8478,-2.4207,-1.9712,-1.56,-1.2074,-0.9307,-0.74555,-0.67807,-0.74665,-0.93001,-1.1778,-1.4161,-1.5842,-1.6676,-1.692,-1.708,-1.7661,-1.8976,-2.1141,-2.3958,-2.7007,-2.9765,-3.1745,-3.2628,-3.2376,-3.1323,-2.9969,-2.8762,-2.7906,-2.7256,-2.6308,-2.44,-2.137,-1.7768,-1.4557,-1.2519,-1.1905,-1.2436,-1.3512,-1.4524,-1.5088,-1.5214,-1.5158,-1.5227
-2.3771,-2.1285,-2.0904,-2.2514,-2.3074,-2.228,-2.2559,-2.5161,-2.9607,-3.4657,-3.8912,-4.0966,-4.0284,-3.7877,-3.5116,-3.2497,-2.9922,-2.7494,-2.5873,-2.5954,-2.807,-3.1211,-3.3008,-3.124,-2.6059,-1.9635,-1.4251,-1.1028,-1.0177,-1.1452,-1.4642,-1.9358,-2.4774,-2.9525,-3.2245,-3.2197,-2.9859,-2.6215,-2.2259,-1.8478,-1.5081,-1.2091,-0.97812,-0.84932,-0.84364,-0.96018,-1.1483,-1.3427,-1.4921,-1.5743,-1.6116,-1.6416,-1.7025,-1.8246,-2.0134,-2.2524,-2.5037,-2.7172,-2.8445,-2.8546,-2.7582,-2.5872,-2.3913,-2.2142,-2.08,-1.9844,-1.8923,-1.764,-1.5746,-1.3544,-1.1697,-1.0797,-1.1047,-1.2213,-1.3773,-1.5157,-1.6091,-1.6522,-1.666,-1.6795
-2.2843,-2.0321,-2.0183,-2.2097,-2.2825,-2.2056,-2.2317,-2.4968,-2.9592,-3.4884,-3.93,-4.1397,-4.0783,-3.8572,-3.597,-3.3271,-3.0237,-2.6972,-2.4246,-2.309,-2.3978,-2.6115,-2.7425,-2.5862,-2.1316,-1.56,-1.0785,-0.79689,-0.73485,-0.87643,-1.1998,-1.6854,-2.2643,-2.8104,-3.1668,-3.2486,-3.0869,-2.7925,-2.4682,-2.156,-1.8498,-1.5408,-1.25,-1.0285,-0.92448,-0.94601,-1.0629,-1.2149,-1.3434,-1.4243,-1.4628,-1.4922,-1.5537,-1.6766,-1.8643,-2.0964,-2.3211,-2.4768,-2.5174,-2.4372,-2.2503,-2.01,-1.7652,-1.55,-1.3814,-1.2611,-1.1765,-1.0982,-1.0103,-0.92298,-0.87183,-0.89411,-1.0025,-1.1757,-1.3692,-1.5375,-1.6548,-1.7243,-1.7681,-1.8114
-2.1853,-1.9247,-1.9158,-2.1169,-2.209,-2.1494,-2.1913,-2.4701,-2.9446,-3.4833,-3.926,-4.1332,-4.081,-3.8812,-3.638,-3.3652,-3.0354,-2.6596,-2.3178,-2.1181,-2.1155,-2.243,-2.3165,-2.1552,-1.7378,-1.2189,-0.78241,-0.53855,-0.50366,-0.66197,-0.99457,-1.4882,-2.0906,-2.6823,-3.0996,-3.2463,-3.1433,-2.9118,-2.6507,-2.3973,-2.1238,-1.8059,-1.4658,-1.1701,-0.98363,-0.93093,-0.98604,-1.0917,-1.1938,-1.2598,-1.3002,-1.3461,-1.4297,-1.568,-1.7624,-1.9744,-2.1544,-2.2525,-2.234,-2.0892,-1.8553,-1.5755,-1.2974,-1.0567,-0.87307,-0.75101,-0.67987,-0.64247,-0.61937,-0.6127,-0.6452,-0.74151,-0.90689,-1.1194,-1.3391,-1.5297,-1.6673,-1.7553,-1.8141,-1.8679
-2.0084,-1.732,-1.7167,-1.9175,-2.0419,-2.0332,-2.1152,-2.4248,-2.9184,-3.4625,-3.8942,-4.0879,-4.0453,-3.8733,-3.6516,-3.3781,-3.023,-2.5999,-2.1906,-1.9021,-1.7884,-1.7952,-1.7733,-1.5793,-1.1946,-0.74179,-0.37635,-0.19097,-0.20166,-0.38732,-0.73674,-1.2414,-1.8594,-2.4845,-2.9652,-3.1947,-3.1891,-3.0605,-2.9065,-2.747,-2.5272,-2.1944,-1.7757,-1.3645,-1.055,-0.89226,-0.86112,-0.90893,-0.97715,-1.0339,-1.0757,-1.1265,-1.2177,-1.3705,-1.5693,-1.777,-1.9286,-1.9622,-1.8509,-1.6161,-1.3087,-0.98749,-0.69414,-0.45001,-0.26538,-0.1467,-0.096979,-0.10198,-0.1516,-0.23762,-0.36325,-0.53674,-0.75719,-1.0062,-1.2525,-1.4633,-1.6302,-1.7542,-1.8497,-1.9322
-1.7753,-1.4832,-1.4521,-1.6467,-1.811,-1.8761,-2.0247,-2.3791,-2.8981,-3.4427,-3.8507,-4.0194,-3.975,-3.8224,-3.6175,-3.3432,-2.9714,-2.522,-2.0738,-1.7231,-1.5185,-1.415,-1.2933,-1.0492,-0.68052,-0.28874,0.0041282,0.12742,0.074412,-0.13466,-0.49372,-1.0007,-1.6249,-2.2703,-2.7998,-3.1049,-3.2007,-3.188,-3.1641,-3.1245,-2.9715,-2.6227,-2.1076,-1.5623,-1.1224,-0.84619,-0.72672,-0.71178,-0.74283,-0.78191,-0.82603,-0.8954,-1.0143,-1.1889,-1.4024,-1.5943,-1.6938,-1.6496,-1.4552,-1.1483,-0.79535,-0.45225,-0.15494,0.080365,0.24727,0.3419,0.36414,0.31771,0.21694,0.072655,-0.11255,-0.33936,-0.60073,-0.87651,-1.1394,-1.3689,-1.5549,-1.704,-1.8312,-1.949
-1.5645,-1.263,-1.2188,-1.4079,-1.6075,-1.7405,-1.9512,-2.3473,-2.8903,-3.4355,-3.822,-3.965,-3.9099,-3.7618,-3.5612,-3.2829,-2.904,-2.4484,-1.9883,-1.6091,-1.3525,-1.1774,-0.98504,-0.70123,-0.33664,0.016255,0.25699,0.33348,0.24989,0.026912,-0.32966,-0.82688,-1.4455,-2.1009,-2.6607,-3.0226,-3.1932,-3.2743,-3.3513,-3.4065,-3.3075,-2.9376,-2.3404,-1.6923,-1.1555,-0.80297,-0.62556,-0.5699,-0.5755,-0.60693,-0.65625,-0.73768,-0.87027,-1.0621,-1.2781,-1.4583,-1.5261,-1.4309,-1.1788,-0.82497,-0.44879,-0.10581,0.17675,0.39279,0.54151,0.61888,0.62123,0.55327,0.42411,0.24764,0.032819,-0.21559,-0.48945,-0.77252,-1.044,-1.2825,-1.4915,-1.672,-1.8306,-1.9708
-1.2423,-0.93291,-0.87452,-1.0593,-1.3118,-1.5447,-1.8518,-2.3157,-2.8937,-3.4409,-3.7977,-3.8996,-3.8192,-3.6588,-3.4459,-3.1553,-2.773,-2.3266,-1.877,-1.4879,-1.1842,-0.92959,-0.65432,-0.31831,0.047251,0.35974,0.54074,0.55822,0.43244,0.19203,-0.15742,-0.63001,-1.2201,-1.8613,-2.4386,-2.8623,-3.1339,-3.3427,-3.5618,-3.746,-3.7146,-3.3107,-2.6028,-1.8241,-1.1721,-0.73081,-0.48977,-0.39132,-0.37376,-0.39402,-0.44411,-0.53936,-0.69716,-0.91091,-1.143,-1.3143,-1.3414,-1.1839,-0.86897,-0.47413,-0.080316,0.25625,0.51342,0.69234,0.80043,0.84123,0.81591,0.72505,0.58025,0.39142,0.16434,-0.095937,-0.37847,-0.66518,-0.93751,-1.1867,-1.4092,-1.6136,-1.8081,-1.9939
-0.97694,-0.6655,-0.59935,-0.78603,-1.0814,-1.3921,-1.7778,-2.2987,-2.9069,-3.457,-3.7906,-3.8593,-3.7516,-3.5685,-3.3333,-3.0271,-2.6465,-2.2201,-1.7963,-1.4181,-1.0954,-0.79451,-0.46644,-0.09572,0.2718,0.55867,0.69842,0.67615,0.5216,0.271,-0.068898,-0.51665,-1.0717,-1.6826,-2.2529,-2.7027,-3.0355,-3.3296,-3.6464,-3.9198,-3.9312,-3.504,-2.7258,-1.8701,-1.1549,-0.66349,-0.38539,-0.26227,-0.23138,-0.25123,-0.31182,-0.42513,-0.60364,-0.83506,-1.0725,-1.2288,-1.2215,-1.0222,-0.67488,-0.26485,0.12248,0.43553,0.66049,0.80636,0.88555,0.90325,0.85988,0.75818,0.60576,0.41334,0.18878,-0.062276,-0.33179,-0.60764,-0.87745,-1.1302,-1.3717,-1.6046,-1.8303,-2.0433
-0.6047,-0.29564,-0.22458,-0.41929,-0.77407,-1.1881,-1.6792,-2.2796,-2.9318,-3.4866,-3.7907,-3.8143,-3.6608,-3.4323,-3.156,-2.8251,-2.4506,-2.0617,-1.6894,-1.3484,-1.0261,-0.68758,-0.30717,0.097907,0.46802,0.72705,0.82296,0.75777,0.57429,0.31564,-0.0075353,-0.41508,-0.91261,-1.4639,-1.994,-2.4472,-2.8285,-3.2033,-3.6086,-3.955,-4.0015,-3.5554,-2.7333,-1.8337,-1.0802,-0.55895,-0.25566,-0.11409,-0.074986,-0.098062,-0.17339,-0.30783,-0.50681,-0.75368,-0.98947,-1.1273,-1.0905,-0.86244,-0.49862,-0.091625,0.274,0.55087,0.72894,0.82283,0.85244,0.8305,0.76193,0.65139,0.50503,0.3296,0.12854,-0.096973,-0.34318,-0.60168,-0.86251,-1.1182,-1.3729,-1.6253,-1.8759,-2.1202
-0.2267,0.07443,0.14477,-0.064692,-0.47764,-0.98995,-1.581,-2.2578,-2.9528,-3.5124,-3.7901,-3.7695,-3.5642,-3.282,-2.9609,-2.6087,-2.2443,-1.8967,-1.5863,-1.3065,-1.0185,-0.67574,-0.26745,0.16166,0.53741,0.78082,0.85094,0.75409,0.54566,0.27934,-0.030458,-0.39269,-0.81962,-1.2832,-1.7369,-2.1415,-2.5163,-2.912,-3.3488,-3.7189,-3.7792,-3.3526,-2.5577,-1.6845,-0.95148,-0.43999,-0.14032,0.00010124,0.037327,0.0088418,-0.075305,-0.22165,-0.43309,-0.68467,-0.91663,-1.0387,-0.98197,-0.74464,-0.39252,-0.016034,0.30364,0.52631,0.6475,0.685,0.66179,0.59602,0.5016,0.38476,0.25261,0.10663,-0.057295,-0.24398,-0.45366,-0.68146,-0.92135,-1.1712,-1.4285,-1.6961,-1.9729,-2.2509
0.050138,0.34307,0.40962,0.18605,-0.27009,-0.84981,-1.5076,-2.2349,-2.9555,-3.5161,-3.774,-3.7211,-3.4771,-3.1563,-2.8057,-2.442,-2.0884,-1.7741,-1.5154,-1.2945,-1.0537,-0.73111,-0.31795,0.12452,0.50893,0.74929,0.80441,0.68713,0.45983,0.18719,-0.10674,-0.42862,-0.79004,-1.1758,-1.5541,-1.8996,-2.2359,-2.6051,-3.0219,-3.3746,-3.4352,-3.0465,-2.3163,-1.5109,-0.83133,-0.35478,-0.073454,0.059291,0.094542,0.061241,-0.030129,-0.1816,-0.39086,-0.63584,-0.85041,-0.95826,-0.9015,-0.68127,-0.35892,-0.02297,0.25505,0.43214,0.50329,0.48976,0.4213,0.32279,0.20768,0.09198,-0.023175,-0.1416,-0.27215,-0.4241,-0.60207,-0.80472,-1.0278,-1.2675,-1.5261,-1.8004,-2.0855,-2.3711
0.39763,0.6778,0.73645,0.49154,-0.019265,-0.6791,-1.4134,-2.1902,-2.9296,-3.4809,-3.7112,-3.6195,-3.3313,-2.9704,-2.5923,-2.2229,-1.8888,-1.623,-1.4421,-1.3168,-1.1647,-0.89836,-0.50051,-0.043619,0.36003,0.61126,0.65995,0.5225,0.27352,-0.010754,-0.28528,-0.55197,-0.822,-1.0936,-1.349,-1.5907,-1.8395,-2.1347,-2.4707,-2.7553,-2.8078,-2.5014,-1.9122,-1.2458,-0.67248,-0.26823,-0.029338,0.085523,0.11658,0.091682,0.013695,-0.12417,-0.3196,-0.54148,-0.73995,-0.84033,-0.7971,-0.61964,-0.36424,-0.10156,0.10189,0.21179,0.22309,0.15213,0.025703,-0.12617,-0.27252,-0.39831,-0.49389,-0.57014,-0.64879,-0.7499,-0.88393,-1.0518,-1.2496,-1.4724,-1.7212,-1.989,-2.2691,-2.5514
0.70747,0.97384,1.0239,0.75732,0.19531,-0.53385,-1.3271,-2.131,-2.8626,-3.385,-3.5794,-3.4573,-3.1453,-2.7674,-2.3827,-2.0204,-1.712,-1.4958,-1.3923,-1.3705,-1.3314,-1.1561,-0.80309,-0.34429,0.086471,0.37064,0.43718,0.2987,0.026952,-0.28195,-0.55962,-0.78505,-0.95889,-1.0921,-1.1977,-1.3003,-1.4363,-1.6313,-1.8774,-2.0885,-2.1328,-1.9195,-1.4959,-0.99819,-0.55718,-0.23368,-0.034257,0.066337,0.10113,0.084978,0.022803,-0.08682,-0.24075,-0.42309,-0.5877,-0.69066,-0.69687,-0.60186,-0.43642,-0.25839,-0.12061,-0.065834,-0.10859,-0.23526,-0.4144,-0.60878,-0.78787,-0.91851,-1.0024,-1.0561,-1.1039,-1.1679,-1.2617,-1.3908,-1.5554,-1.7549,-1.9772,-2.2262,-2.4945,-2.7661
0.90922,1.1645,1.2086,0.92607,0.32837,-0.44721,-1.274,-2.081,-2.7872,-3.2703,-3.4311,-3.2899,-2.9745,-2.6028,-2.2293,-1.8823,-1.596,-1.4137,-1.363,-1.4181,-1.477,-1.3978,-1.1059,-0.65994,-0.20238,0.12443,0.23304,0.11212,-0.17144,-0.50892,-0.81063,-1.0174,-1.1242,-1.1487,-1.1366,-1.1228,-1.1598,-1.2709,-1.4473,-1.6141,-1.6601,-1.5132,-1.2017,-0.82995,-0.49513,-0.24875,-0.091217,-6.3797e-05,0.047164,0.057176,0.027649,-0.04792,-0.16933,-0.32444,-0.47801,-0.59279,-0.63896,-0.60856,-0.51904,-0.40565,-0.32081,-0.2996,-0.3609,-0.5024,-0.70403,-0.9317,-1.1393,-1.2994,-1.3922,-1.4329,-1.4566,-1.4978,-1.5764,-1.6968,-1.8531,-2.0359,-2.244,-2.4628,-2.6834,-2.898
1.1306,1.3703,1.4079,1.1052,0.46257,-0.36839,-1.2279,-2.019,-2.664,-3.0692,-3.1712,-3.0099,-2.708,-2.3701,-2.0378,-1.7275,-1.4738,-1.3276,-1.3311,-1.4777,-1.6744,-1.7527,-1.5763,-1.1618,-0.6581,-0.25117,-0.065913,-0.14941,-0.44294,-0.82818,-1.1698,-1.3616,-1.3804,-1.2726,-1.1115,-0.96851,-0.88526,-0.88354,-0.95301,-1.0469,-1.0933,-1.0358,-0.87653,-0.6703,-0.47926,-0.3319,-0.22636,-0.14227,-0.067427,-0.0065482,0.026491,0.013504,-0.056504,-0.1777,-0.33336,-0.49221,-0.61914,-0.68762,-0.69045,-0.64926,-0.59739,-0.58569,-0.64779,-0.79116,-0.99969,-1.2416,-1.4813,-1.6707,-1.7964,-1.8696,-1.9189,-1.9735,-2.0522,-2.1605,-2.2945,-2.4486,-2.6092,-2.7764,-2.9458,-3.1093
1.2577,1.486,1.5192,1.2035,0.52884,-0.34126,-1.2185,-1.9851,-2.5661,-2.8959,-2.9438,-2.768,-2.4862,-2.1905,-1.9056,-1.6357,-1.4098,-1.2832,-1.3114,-1.5094,-1.8021,-2.01,-1.9412,-1.5593,-1.0137,-0.53145,-0.28149,-0.33064,-0.62937,-1.0552,-1.4372,-1.6348,-1.6023,-1.4044,-1.1403,-0.9036,-0.73403,-0.65277,-0.64592,-0.68574,-0.72685,-0.72666,-0.6784,-0.60025,-0.51946,-0.44576,-0.36888,-0.27596,-0.1665,-0.059584,0.019308,0.046721,0.0082843,-0.098371,-0.26076,-0.45283,-0.63884,-0.78144,-0.85395,-0.85391,-0.81345,-0.78133,-0.80436,-0.90932,-1.0974,-1.345,-1.6027,-1.8383,-2.0125,-2.1261,-2.2087,-2.295,-2.4046,-2.537,-2.6788,-2.8096,-2.9377,-3.0485,-3.1427,-3.2246
1.372,1.5859,1.6162,1.285,0.56956,-0.35193,-1.2503,-1.972,-2.4474,-2.6556,-2.62,-2.4232,-2.1797,-1.9568,-1.7525,-1.5497,-1.3634,-1.2507,-1.2859,-1.5168,-1.9042,-2.2757,-2.3728,-2.055,-1.4521,-0.85338,-0.5017,-0.49491,-0.80189,-1.2882,-1.7476,-1.9826,-1.9088,-1.6053,-1.2232,-0.86574,-0.59097,-0.41088,-0.32375,-0.30928,-0.3418,-0.39821,-0.46623,-0.54062,-0.6062,-0.63927,-0.60602,-0.49565,-0.33041,-0.14841,0.0028557,0.087705,0.083933,-0.01749,-0.20911,-0.46514,-0.74112,-0.97776,-1.1185,-1.1382,-1.0674,-0.9756,-0.93136,-0.97325,-1.1076,-1.3186,-1.5838,-1.8468,-2.0927,-2.3146,-2.5183,-2.7103,-2.8901,-3.0497,-3.1792,-3.2781,-3.3313,-3.3617,-3.3809,-3.3945
1.4218,1.6228,1.6549,1.3126,0.55679,-0.41926,-1.3396,-2.0082,-2.3598,-2.4288,-2.2975,-2.0793,-1.8824,-1.7467,-1.6386,-1.5127,-1.364,-1.2464,-1.2522,-1.4632,-1.8842,-2.3718,-2.6309,-2.407,-1.7698,-1.0611,-0.59923,-0.53136,-0.84128,-1.3828,-1.9206,-2.2037,-2.1212,-1.7704,-1.3255,-0.90062,-0.54677,-0.27667,-0.098145,-0.015763,-0.027776,-0.12758,-0.2938,-0.49873,-0.70104,-0.83539,-0.8507,-0.72939,-0.50595,-0.24997,-0.027048,0.11083,0.1304,0.017473,-0.22108,-0.55389,-0.91896,-1.2325,-1.4127,-1.4186,-1.2868,-1.1029,-0.95814,-0.91199,-0.986,-1.1713,-1.4318,-1.7422,-2.059,-2.3669,-2.6721,-2.9791,-3.2717,-3.514,-3.6731,-3.7394,-3.7261,-3.6612,-3.5747,-3.486
1.4166,1.61,1.6471,1.2996,0.51484,-0.5048,-1.4475,-2.0749,-2.3255,-2.28,-2.0697,-1.8339,-1.6768,-1.6146,-1.5896,-1.5269,-1.4013,-1.263,-1.2184,-1.3759,-1.7731,-2.2954,-2.6427,-2.4944,-1.8604,-1.1002,-0.57675,-0.47025,-0.774,-1.3411,-1.9224,-2.2408,-2.1783,-1.8398,-1.3946,-0.95935,-0.56822,-0.24013,0.012043,0.15901,0.17832,0.067074,-0.15946,-0.45799,-0.76011,-0.97528,-1.0253,-0.89102,-0.62356,-0.31394,-0.048835,0.11097,0.13093,-0.0031974,-0.28221,-0.66581,-1.0823,-1.4311,-1.613,-1.5819,-1.3897,-1.1449,-0.94806,-0.85652,-0.88743,-1.0338,-1.2793,-1.5836,-1.9319,-2.3119,-2.7148,-3.1218,-3.4961,-3.7908,-3.9673,-4.0157,-3.9514,-3.8184,-3.6573,-3.5001
1.3546,1.5418,1.592,1.2436,0.42172,-0.6622,-1.6464,-2.2246,-2.3347,-2.1258,-1.8018,-1.5368,-1.4322,-1.4788,-1.578,-1.6089,-1.5093,-1.3194,-1.1687,-1.2052,-1.5074,-1.9969,-2.3879,-2.3175,-1.7257,-0.95767,-0.40507,-0.27061,-0.55918,-1.1325,-1.743,-2.1109,-2.1105,-1.8393,-1.4546,-1.0441,-0.63347,-0.23967,0.096355,0.3243,0.39804,0.29949,0.035877,-0.3496,-0.76712,-1.0945,-1.2094,-1.0765,-0.76746,-0.4004,-0.084549,0.10573,0.12627,-0.039371,-0.37626,-0.83392,-1.3151,-1.6902,-1.8431,-1.7444,-1.4679,-1.1458,-0.88995,-0.7578,-0.76166,-0.88837,-1.1088,-1.4112,-1.7692,-2.1777,-2.6378,-3.1345,-3.6164,-4.0019,-4.2182,-4.2474,-4.1192,-3.9054,-3.6712,-3.4564
1.2687,1.4547,1.5215,1.1772,0.33025,-0.80718,-1.833,-2.3837,-2.3863,-2.0489,-1.6336,-1.3401,-1.2712,-1.4028,-1.6051,-1.7159,-1.6364,-1.3954,-1.1424,-1.0584,-1.2493,-1.6585,-2.0223,-1.9807,-1.439,-0.7052,-0.16836,-0.031761,-0.30784,-0.86581,-1.471,-1.869,-1.9446,-1.7726,-1.4826,-1.1267,-0.72066,-0.28517,0.11881,0.41379,0.53921,0.46265,0.1943,-0.2238,-0.70456,-1.1033,-1.2767,-1.1638,-0.83722,-0.44046,-0.10174,0.093991,0.10118,-0.093996,-0.47139,-0.96553,-1.4607,-1.8125,-1.9121,-1.7517,-1.4397,-1.1118,-0.86237,-0.73138,-0.72246,-0.82294,-1.0183,-1.2838,-1.6216,-2.0357,-2.5245,-3.0625,-3.5882,-4.0124,-4.2539,-4.2819,-4.1354,-3.8843,-3.6005,-3.3372
1.1053,1.2976,1.3963,1.0659,0.19017,-1.0207,-2.1192,-2.6514,-2.5149,-2.0019,-1.4573,-1.1148,-1.0819,-1.3213,-1.6671,-1.8998,-1.8567,-1.5429,-1.1389,-0.87177,-0.87848,-1.1265,-1.389,-1.3446,-0.87369,-0.21552,0.27805,0.40444,0.14487,-0.38007,-0.95617,-1.3833,-1.5775,-1.5928,-1.4907,-1.2726,-0.91184,-0.43256,0.074621,0.48699,0.70824,0.69391,0.44299,-0.00058797,-0.54054,-1.0206,-1.2647,-1.1891,-0.86587,-0.45734,-0.1103,0.079941,0.065495,-0.1638,-0.57705,-1.0919,-1.5756,-1.8758,-1.8969,-1.6752,-1.3354,-1.0152,-0.79929,-0.71075,-0.73372,-0.83879,-0.99849,-1.2139,-1.4874,-1.8413,-2.2914,-2.8221,-3.3683,-3.8227,-4.0815,-4.1111,-3.944,-3.672,-3.3803,-3.1225
0.89279,1.1027,1.2449,0.94001,0.044279,-1.2381,-2.4256,-2.9627,-2.6997,-2.0141,-1.3355,-0.93241,-0.91813,-1.2483,-1.7333,-2.101,-2.1109,-1.7318,-1.176,-0.71946,-0.52642,-0.5815,-0.69382,-0.59804,-0.17747,0.39769,0.83977,0.95329,0.71357,0.22651,-0.32981,-0.79836,-1.1267,-1.356,-1.4875,-1.4579,-1.1745,-0.65556,-0.039197,0.49989,0.83431,0.9062,0.70928,0.28262,-0.27886,-0.81271,-1.1213,-1.0989,-0.81045,-0.42271,-0.092869,0.079473,0.04317,-0.2113,-0.64095,-1.1451,-1.5677,-1.7628,-1.6886,-1.4275,-1.1266,-0.89746,-0.78435,-0.77877,-0.84621,-0.9494,-1.0718,-1.2021,-1.3814,-1.6509,-2.0326,-2.5077,-3.0095,-3.4361,-3.6909,-3.7284,-3.5871,-3.3407,-3.0637,-2.81
0.70711,0.93833,1.1221,0.84334,-0.059707,-1.3893,-2.6486,-3.206,-2.8625,-2.0548,-1.2775,-0.82186,-0.80673,-1.1879,-1.765,-2.2344,-2.2953,-1.878,-1.2166,-0.62553,-0.28719,-0.19501,-0.18144,-0.022424,0.38432,0.90713,1.3062,1.4092,1.1871,0.73047,0.18037,-0.33396,-0.77707,-1.1713,-1.4939,-1.6204,-1.4084,-0.86009,-0.15453,0.485,0.90886,1.0522,0.9127,0.52692,-0.019254,-0.5685,-0.92494,-0.95816,-0.71399,-0.3546,-0.048199,0.097302,0.034171,-0.23315,-0.65687,-1.12,-1.4723,-1.5938,-1.4726,-1.2148,-0.95664,-0.7956,-0.76492,-0.84275,-0.97659,-1.1097,-1.202,-1.2758,-1.369,-1.5397,-1.8268,-2.2249,-2.673,-3.0673,-3.3059,-3.3477,-3.218,-2.9945,-2.7535,-2.5442
0.43455,0.7058,0.95473,0.72037,-0.1796,-1.5563,-2.9068,-3.5105,-3.0864,-2.1345,-1.2334,-0.70365,-0.66873,-1.088,-1.7593,-2.3501,-2.4888,-2.0429,-1.2641,-0.51566,-0.0029707,0.27112,0.44938,0.71171,1.1301,1.6073,1.9575,2.0457,1.8476,1.4296,0.89348,0.31834,-0.28067,-0.90385,-1.4914,-1.8455,-1.7427,-1.1545,-0.321,0.46247,1.0116,1.2559,1.1944,0.86835,0.36344,-0.17416,-0.55822,-0.65934,-0.49672,-0.21741,0.02758,0.1331,0.049566,-0.21929,-0.60736,-0.99463,-1.2371,-1.2535,-1.0849,-0.85518,-0.69387,-0.67579,-0.8038,-1.0244,-1.253,-1.4077,-1.4558,-1.413,-1.3706,-1.4128,-1.5831,-1.8707,-2.2155,-2.528,-2.7256,-2.7705,-2.6797,-2.5093,-2.3164,-2.1442
0.1461,0.47101,0.79379,0.61101,-0.26966,-1.6679,-3.089,-3.7559,-3.2887,-2.2232,-1.2137,-0.60819,-0.53529,-0.95313,-1.6674,-2.3384,-2.5505,-2.112,-1.2648,-0.39976,0.25665,0.68793,1.0129,1.3755,1.8264,2.2874,2.6116,2.6936,2.5152,2.1276,1.6028,0.97723,0.25052,-0.57607,-1.408,-1.9908,-2.0003,-1.3752,-0.42867,0.47624,1.1315,1.4683,1.4889,1.2348,0.78924,0.28457,-0.10744,-0.26319,-0.19095,-0.00211,0.16312,0.20961,0.097664,-0.15743,-0.4852,-0.77119,-0.90826,-0.86204,-0.696,-0.53229,-0.47961,-0.59488,-0.87204,-1.243,-1.5933,-1.8004,-1.7984,-1.6436,-1.4506,-1.3352,-1.358,-1.5161,-1.7548,-1.9907,-2.1472,-2.1863,-2.1245,-2.0001,-1.86,-1.7399
-0.070053,0.30186,0.68311,0.54101,-0.31457,-1.7104,-3.1618,-3.879,-3.4078,-2.2818,-1.2051,-0.54611,-0.43416,-0.82701,-1.5338,-2.221,-2.4713,-2.0633,-1.2096,-0.29643,0.4415,0.97273,1.3935,1.8227,2.3014,2.7619,3.0813,3.1684,3.0069,2.639,2.1165,1.4597,0.66296,-0.27247,-1.2392,-1.9573,-2.0398,-1.4028,-0.40188,0.55899,1.2635,1.6475,1.7189,1.5205,1.1287,0.6641,0.27547,0.078054,0.079628,0.18997,0.29085,0.29405,0.16428,-0.075161,-0.35427,-0.56434,-0.62558,-0.53904,-0.38676,-0.28364,-0.3241,-0.5576,-0.96675,-1.4655,-1.9085,-2.1381,-2.0857,-1.8208,-1.5096,-1.2884,-1.2169,-1.2861,-1.4415,-1.6096,-1.7266,-1.7625,-1.7177,-1.6267,-1.5256,-1.4432
-0.34411,0.096222,0.55348,0.46548,-0.34637,-1.7107,-3.1679,-3.9436,-3.5027,-2.3354,-1.1915,-0.46714,-0.29474,-0.62666,-1.2719,-1.9155,-2.1757,-1.8289,-1.028,-0.11277,0.68641,1.3179,1.8446,2.3507,2.8639,3.3286,3.6493,3.7505,3.6185,3.2815,2.7679,2.0876,1.2316,0.21967,-0.82825,-1.6121,-1.7416,-1.1348,-0.14954,0.80765,1.5226,1.9315,2.0435,1.9012,1.5752,1.1675,0.80038,0.56627,0.48079,0.48482,0.49357,0.44113,0.30218,0.098113,-0.10032,-0.21827,-0.2149,-0.1186,-0.014398,-0.0041294,-0.17206,-0.55207,-1.1182,-1.769,-2.3259,-2.5845,-2.4516,-2.0491,-1.5846,-1.2185,-1.0171,-0.97388,-1.0388,-1.1439,-1.2287,-1.258,-1.238,-1.1825,-1.1185,-1.0701
-0.52832,-0.036646,0.47148,0.42072,-0.35263,-1.6747,-3.1103,-3.9152,-3.5195,-2.3534,-1.1772,-0.4098,-0.18691,-0.45663,-1.0257,-1.5964,-1.831,-1.531,-0.80363,0.069956,0.87668,1.5527,2.1371,2.6891,3.2255,3.6958,4.0174,4.1295,4.0207,3.7109,3.2177,2.5424,1.6787,0.66359,-0.36847,-1.118,-1.2446,-0.69499,0.20635,1.0955,1.7725,2.1708,2.2961,2.1849,1.8995,1.5291,1.1768,0.92263,0.78445,0.7232,0.67282,0.5814,0.4331,0.2566,0.10928,0.050089,0.09264,0.19035,0.25729,0.19681,-0.056851,-0.53811,-1.2176,-1.9809,-2.6138,-2.8685,-2.6528,-2.1362,-1.5711,-1.1274,-0.86243,-0.76105,-0.77176,-0.83218,-0.88976,-0.91618,-0.90357,-0.87161,-0.84091,-0.82779
-0.73165,-0.178,0.38373,0.37412,-0.34539,-1.5943,-2.9719,-3.7936,-3.4764,-2.3493,-1.1557,-0.33896,-0.042836,-0.21339,-0.65647,-1.1011,-1.2741,-1.024,-0.41283,0.36399,1.1354,1.8294,2.4564,3.0495,3.6095,4.0894,4.4179,4.5468,4.468,4.1966,3.7438,3.104,2.2825,1.331,0.40037,-0.24738,-0.35331,0.096186,0.84021,1.5889,2.1681,2.5145,2.6266,2.5331,2.285,1.9541,1.6211,1.349,1.1574,1.0246,0.90894,0.77887,0.63152,0.49561,0.41678,0.4245,0.50211,0.58797,0.59877,0.45738,0.093433,-0.51133,-1.3129,-2.1727,-2.8402,-3.042,-2.7172,-2.086,-1.4328,-0.92148,-0.60051,-0.45218,-0.42732,-0.46668,-0.5181,-0.54795,-0.55451,-0.54178,-0.52673,-0.52687
-0.87346,-0.27526,0.31849,0.33604,-0.33182,-1.4978,-2.7946,-3.609,-3.3758,-2.32,-1.1344,-0.27703,0.095042,0.034178,-0.27169,-0.58386,-0.68776,-0.47456,0.02295,0.68264,1.3824,2.0553,2.6905,3.2981,3.8684,4.3549,4.695,4.8457,4.8004,4.5718,4.1666,3.5828,2.8378,1.9982,1.2153,0.70061,0.62638,0.97277,1.5475,2.1311,2.5842,2.8478,2.9166,2.8139,2.5804,2.2741,1.9566,1.6749,1.4481,1.2663,1.1094,0.96383,0.83435,0.74438,0.72235,0.77148,0.86063,0.92879,0.90092,0.69784,0.2736,-0.39377,-1.2538,-2.1469,-2.7886,-2.9002,-2.4757,-1.7914,-1.1256,-0.61985,-0.30454,-0.15447,-0.12201,-0.15435,-0.20611,-0.24582,-0.26663,-0.27528,-0.28384,-0.30389
-0.93536,-0.31908,0.28065,0.30785,-0.32632,-1.4296,-2.6583,-3.4556,-3.2798,-2.2876,-1.1196,-0.23837,0.1896,0.21158,0.0054769,-0.21419,-0.27232,-0.084837,0.33241,0.90143,1.5351,2.1748,2.7995,3.4057,3.9758,4.4633,4.8117,4.9797,4.9622,4.7699,4.4053,3.8722,3.1938,2.45,1.7827,1.3679,1.3156,1.5933,2.0459,2.507,2.8611,3.0576,3.0869,2.9658,2.7298,2.4274,2.1121,1.8251,1.5841,1.3856,1.2171,1.0719,0.9586,0.89982,0.91308,0.99321,1.0988,1.1636,1.1135,0.88411,0.42253,-0.27567,-1.1409,-1.9935,-2.5493,-2.5733,-2.1149,-1.4386,-0.80172,-0.3278,-0.042665,0.078456,0.08369,0.028213,-0.039896,-0.094487,-0.12131,-0.12874,-0.1339,-0.15378
-0.95913,-0.34324,0.23933,0.26207,-0.33705,-1.3621,-2.4987,-3.2599,-3.1459,-2.2378,-1.1028,-0.19673,0.2994,0.42466,0.3388,0.22286,0.2099,0.36096,0.67729,1.1271,1.6655,2.249,2.8474,3.44,4.0002,4.4822,4.8344,5.0223,5.0421,4.9012,4.6011,4.1463,3.5669,2.9475,2.4166,2.1058,2.0739,2.2782,2.601,2.9214,3.152,3.2529,3.2153,3.0531,2.7978,2.489,2.1724,1.8821,1.6334,1.4307,1.2688,1.1469,1.0734,1.0628,1.1186,1.2243,1.3361,1.3938,1.3321,1.089,0.62644,-0.050287,-0.85734,-1.604,-2.0247,-1.9509,-1.475,-0.86006,-0.31372,0.071313,0.28394,0.35204,0.31903,0.23245,0.13514,0.061354,0.015314,-0.0075101,-0.020034,-0.036795
-0.92127,-0.33667,0.20056,0.1976,-0.37948,-1.3357,-2.3854,-3.101,-3.028,-2.1923,-1.091,-0.16849,0.38572,0.5973,0.60736,0.56767,0.57906,0.68718,0.9067,1.2413,1.6826,2.2041,2.7688,3.3403,3.8826,4.3513,4.7013,4.906,4.9617,4.8743,4.6436,4.2722,3.7935,3.2867,2.865,2.6271,2.606,2.7556,2.9808,3.1878,3.3101,3.3179,3.2069,2.9915,2.7013,2.3744,2.0509,1.7607,1.5191,1.331,1.1975,1.1194,1.0998,1.1414,1.2372,1.3652,1.4851,1.5436,1.4823,1.2492,0.81096,0.18597,-0.52647,-1.1339,-1.4118,-1.2623,-0.8103,-0.27268,0.18004,0.47408,0.60204,0.59178,0.48902,0.34638,0.21138,0.11017,0.057777,0.043979,0.047108,0.044606
